home_team,away_team,venue_country,ensemble_lambda_home,ensemble_lambda_away,grp_win_home,grp_draw,grp_win_away,ko_win_90_home_pct,ko_win_120_home_pct,ko_win_pen_home_pct,ko_win_90_away_pct,ko_win_120_away_pct,ko_win_pen_away_pct,ko_win_home,ko_win_away,top_scorelines_json
Austria,Iran,Neutral,1.223,1.087,38.8,29.5,31.8,38.5,6.6,9.4,31.6,5.7,8.3,54.5,45.5,"[{""score"": ""1 - 1"", ""pct"": 13.100000000000001}, {""score"": ""1 - 0"", ""pct"": 12.55}, {""score"": ""0 - 0"", ""pct"": 11.16}]"
Austria,Iraq,Neutral,1.673,0.697,60.8,25.1,14.1,60.3,8.2,10.2,14.2,2.9,4.3,78.7,21.3,"[{""score"": ""1 - 0"", ""pct"": 15.78}, {""score"": ""2 - 0"", ""pct"": 13.25}, {""score"": ""1 - 1"", ""pct"": 11.03}]"
Austria,Jordan,Neutral,1.848,0.842,62.5,22.6,14.8,61.5,7.3,8.8,15.0,3.3,4.1,77.6,22.4,"[{""score"": ""1 - 0"", ""pct"": 13.52}, {""score"": ""2 - 0"", ""pct"": 12.120000000000001}, {""score"": ""1 - 1"", ""pct"": 10.36}]"
Austria,Ghana,Neutral,1.655,0.847,56.7,25.5,17.8,56.4,8.0,9.5,18.0,3.3,4.8,73.9,26.1,"[{""score"": ""1 - 0"", ""pct"": 14.34}, {""score"": ""1 - 1"", ""pct"": 11.32}, {""score"": ""2 - 0"", ""pct"": 11.29}]"
Austria,Australia,Neutral,1.246,1.079,39.1,29.4,31.5,39.7,6.3,9.7,31.0,5.8,7.5,55.7,44.3,"[{""score"": ""1 - 1"", ""pct"": 13.089999999999998}, {""score"": ""1 - 0"", ""pct"": 12.06}, {""score"": ""0 - 1"", ""pct"": 10.72}]"
Austria,Sweden,Neutral,1.414,1.337,38.5,26.6,34.9,38.5,6.0,7.5,34.7,5.8,7.5,52.0,48.0,"[{""score"": ""1 - 1"", ""pct"": 11.84}, {""score"": ""2 - 1"", ""pct"": 8.89}, {""score"": ""1 - 0"", ""pct"": 8.83}]"
Austria,Paraguay,Neutral,1.18,0.999,39.3,30.9,29.8,39.4,6.9,9.6,30.0,5.6,8.6,55.8,44.2,"[{""score"": ""1 - 0"", ""pct"": 13.239999999999998}, {""score"": ""1 - 1"", ""pct"": 13.16}, {""score"": ""0 - 0"", ""pct"": 12.75}]"
Austria,Switzerland,Neutral,1.178,1.464,29.2,28.0,42.8,29.1,5.1,6.7,43.3,6.8,9.0,40.9,59.1,"[{""score"": ""1 - 1"", ""pct"": 13.11}, {""score"": ""0 - 1"", ""pct"": 10.38}, {""score"": ""1 - 2"", ""pct"": 8.88}]"
Austria,South Korea,Neutral,1.362,1.047,42.4,28.6,28.9,43.7,6.7,9.3,27.6,4.8,7.8,59.8,40.2,"[{""score"": ""1 - 1"", ""pct"": 12.82}, {""score"": ""1 - 0"", ""pct"": 12.04}, {""score"": ""0 - 0"", ""pct"": 10.26}]"
Austria,Netherlands,Neutral,1.093,1.787,21.0,24.5,54.5,22.3,4.2,4.6,53.1,7.4,8.4,31.1,68.9,"[{""score"": ""1 - 1"", ""pct"": 10.879999999999999}, {""score"": ""0 - 1"", ""pct"": 10.780000000000001}, {""score"": ""1 - 2"", ""pct"": 9.9}]"
Austria,United States,Neutral,1.499,1.101,46.3,27.7,26.1,45.6,7.2,9.0,27.3,4.7,6.2,61.9,38.1,"[{""score"": ""1 - 1"", ""pct"": 12.870000000000001}, {""score"": ""1 - 0"", ""pct"": 12.07}, {""score"": ""2 - 1"", ""pct"": 9.07}]"
Austria,Haiti,Neutral,2.572,0.733,78.1,15.0,6.9,77.6,6.8,5.3,7.1,1.6,1.4,89.8,10.2,"[{""score"": ""2 - 0"", ""pct"": 12.64}, {""score"": ""3 - 0"", ""pct"": 10.37}, {""score"": ""1 - 0"", ""pct"": 9.76}]"
Austria,Germany,Neutral,1.162,1.967,20.8,23.2,56.0,20.6,3.8,4.6,56.4,7.6,7.0,29.0,71.0,"[{""score"": ""1 - 1"", ""pct"": 10.32}, {""score"": ""1 - 2"", ""pct"": 10.15}, {""score"": ""0 - 1"", ""pct"": 9.54}]"
Austria,Algeria,Neutral,1.455,1.236,42.5,26.0,31.4,42.1,6.6,8.2,30.7,5.5,7.0,56.9,43.1,"[{""score"": ""1 - 1"", ""pct"": 11.88}, {""score"": ""1 - 0"", ""pct"": 10.35}, {""score"": ""2 - 1"", ""pct"": 9.2}]"
Austria,Bosnia and Herzegovina,Neutral,1.817,0.912,58.4,23.9,17.7,58.5,7.6,9.0,17.0,3.4,4.5,75.2,24.8,"[{""score"": ""1 - 0"", ""pct"": 11.98}, {""score"": ""2 - 0"", ""pct"": 10.76}, {""score"": ""1 - 1"", ""pct"": 10.52}]"
Austria,Brazil,Neutral,0.782,1.93,13.1,22.4,64.5,13.8,2.5,3.2,65.0,7.7,7.9,19.4,80.6,"[{""score"": ""0 - 1"", ""pct"": 13.79}, {""score"": ""0 - 2"", ""pct"": 11.78}, {""score"": ""1 - 1"", ""pct"": 9.83}]"
Austria,Colombia,Neutral,0.909,1.55,20.9,27.6,51.5,20.8,4.1,6.1,51.6,7.8,9.7,31.0,69.0,"[{""score"": ""0 - 1"", ""pct"": 13.88}, {""score"": ""1 - 1"", ""pct"": 12.740000000000002}, {""score"": ""1 - 2"", ""pct"": 9.65}]"
Austria,Uzbekistan,Neutral,1.409,0.835,50.0,28.8,21.1,50.6,7.4,10.2,21.0,4.5,6.3,68.2,31.8,"[{""score"": ""1 - 0"", ""pct"": 15.55}, {""score"": ""1 - 1"", ""pct"": 12.76}, {""score"": ""0 - 0"", ""pct"": 11.66}]"
Austria,Scotland,Neutral,1.413,1.132,44.1,27.8,28.2,43.3,6.9,8.8,29.1,5.1,6.8,58.9,41.1,"[{""score"": ""1 - 1"", ""pct"": 12.629999999999999}, {""score"": ""1 - 0"", ""pct"": 11.469999999999999}, {""score"": ""2 - 1"", ""pct"": 9.180000000000001}]"
Austria,Spain,Neutral,0.804,2.114,12.3,19.7,68.0,11.3,2.1,2.9,68.4,7.5,7.8,16.3,83.7,"[{""score"": ""0 - 1"", ""pct"": 12.23}, {""score"": ""0 - 2"", ""pct"": 11.76}, {""score"": ""1 - 2"", ""pct"": 9.49}]"
Austria,Senegal,Neutral,1.118,1.103,34.7,31.2,34.0,35.0,5.8,9.4,35.2,5.3,9.4,50.1,49.9,"[{""score"": ""1 - 1"", ""pct"": 14.360000000000001}, {""score"": ""0 - 1"", ""pct"": 12.379999999999999}, {""score"": ""1 - 0"", ""pct"": 12.31}]"
Austria,Canada,Neutral,1.426,0.999,46.2,28.8,25.1,47.3,6.8,9.6,25.0,5.0,6.3,63.7,36.3,"[{""score"": ""1 - 1"", ""pct"": 13.03}, {""score"": ""1 - 0"", ""pct"": 12.590000000000002}, {""score"": ""0 - 0"", ""pct"": 10.0}]"
Austria,Argentina,Neutral,0.671,1.759,12.6,24.4,63.1,12.7,2.6,3.6,63.7,7.4,10.0,18.9,81.1,"[{""score"": ""0 - 1"", ""pct"": 15.53}, {""score"": ""0 - 2"", ""pct"": 13.56}, {""score"": ""1 - 1"", ""pct"": 10.66}]"
Austria,England,Neutral,0.762,1.703,15.7,24.8,59.5,15.4,2.9,4.5,60.0,7.4,9.8,22.8,77.2,"[{""score"": ""0 - 1"", ""pct"": 15.03}, {""score"": ""0 - 2"", ""pct"": 12.0}, {""score"": ""1 - 1"", ""pct"": 11.17}]"
Austria,Tunisia,Neutral,1.261,0.9,44.6,30.3,25.1,43.6,7.0,11.0,25.2,5.1,8.1,61.6,38.4,"[{""score"": ""1 - 0"", ""pct"": 14.71}, {""score"": ""0 - 0"", ""pct"": 12.9}, {""score"": ""1 - 1"", ""pct"": 12.659999999999998}]"
Austria,Turkey,Neutral,1.462,1.357,39.1,27.3,33.6,39.3,6.5,7.3,33.9,5.8,7.2,53.1,46.9,"[{""score"": ""1 - 1"", ""pct"": 12.21}, {""score"": ""1 - 0"", ""pct"": 9.1}, {""score"": ""0 - 1"", ""pct"": 8.58}]"
Austria,Morocco,Neutral,0.844,1.172,24.9,32.0,43.1,25.7,4.9,8.5,43.0,6.9,11.1,39.0,61.0,"[{""score"": ""0 - 1"", ""pct"": 15.73}, {""score"": ""0 - 0"", ""pct"": 14.71}, {""score"": ""1 - 1"", ""pct"": 13.309999999999999}]"
Austria,Mexico,Neutral,1.166,1.094,36.6,29.9,33.5,36.1,6.1,9.3,33.7,5.7,9.1,51.5,48.5,"[{""score"": ""1 - 1"", ""pct"": 13.780000000000001}, {""score"": ""1 - 0"", ""pct"": 12.120000000000001}, {""score"": ""0 - 1"", ""pct"": 11.17}]"
Austria,DR Congo,Neutral,1.448,0.789,51.5,28.5,20.0,52.5,8.0,10.7,19.6,3.8,5.5,71.2,28.8,"[{""score"": ""1 - 0"", ""pct"": 14.940000000000001}, {""score"": ""1 - 1"", ""pct"": 12.24}, {""score"": ""0 - 0"", ""pct"": 12.030000000000001}]"
Austria,Norway,Neutral,1.313,1.461,33.0,26.6,40.5,32.4,6.0,6.6,40.7,6.8,7.5,44.9,55.1,"[{""score"": ""1 - 1"", ""pct"": 12.520000000000001}, {""score"": ""0 - 1"", ""pct"": 9.180000000000001}, {""score"": ""1 - 2"", ""pct"": 8.57}]"
Austria,Japan,Neutral,1.19,1.304,32.7,28.9,38.4,33.4,6.0,7.9,38.1,6.1,8.4,47.4,52.6,"[{""score"": ""1 - 1"", ""pct"": 13.0}, {""score"": ""0 - 1"", ""pct"": 10.23}, {""score"": ""1 - 0"", ""pct"": 9.629999999999999}]"
Austria,Qatar,Neutral,2.321,0.822,71.7,17.5,10.8,71.6,7.0,6.7,10.7,1.9,2.2,85.2,14.8,"[{""score"": ""2 - 0"", ""pct"": 12.379999999999999}, {""score"": ""1 - 0"", ""pct"": 10.280000000000001}, {""score"": ""2 - 1"", ""pct"": 9.44}]"
Austria,Czech Republic,Neutral,1.448,1.155,43.4,27.5,29.1,44.3,6.7,8.7,28.5,5.1,6.7,59.7,40.3,"[{""score"": ""1 - 1"", ""pct"": 12.46}, {""score"": ""1 - 0"", ""pct"": 11.18}, {""score"": ""2 - 1"", ""pct"": 9.1}]"
Austria,France,Neutral,0.868,1.751,17.6,23.4,59.0,17.3,3.5,4.2,58.4,7.5,9.1,24.9,75.0,"[{""score"": ""0 - 1"", ""pct"": 13.120000000000001}, {""score"": ""0 - 2"", ""pct"": 10.69}, {""score"": ""1 - 1"", ""pct"": 10.290000000000001}]"
Austria,Portugal,Neutral,0.919,1.838,17.9,23.2,58.9,16.8,3.3,4.0,59.5,7.8,8.7,24.0,76.0,"[{""score"": ""0 - 1"", ""pct"": 12.120000000000001}, {""score"": ""0 - 2"", ""pct"": 11.1}, {""score"": ""1 - 1"", ""pct"": 10.299999999999999}]"
Austria,Curaçao,Neutral,2.823,0.551,84.4,11.3,4.3,85.1,5.4,3.9,4.0,0.6,0.9,94.4,5.6,"[{""score"": ""2 - 0"", ""pct"": 14.249999999999998}, {""score"": ""3 - 0"", ""pct"": 12.44}, {""score"": ""1 - 0"", ""pct"": 10.01}]"
Austria,Cape Verde,Neutral,1.805,0.692,63.7,23.3,13.0,64.6,7.4,9.2,12.7,2.4,3.6,81.3,18.7,"[{""score"": ""1 - 0"", ""pct"": 15.0}, {""score"": ""2 - 0"", ""pct"": 12.7}, {""score"": ""1 - 1"", ""pct"": 10.02}]"
Austria,Panama,Neutral,1.929,0.832,63.8,22.1,14.1,63.2,7.6,8.3,14.1,2.8,4.0,79.1,20.9,"[{""score"": ""1 - 0"", ""pct"": 12.27}, {""score"": ""2 - 0"", ""pct"": 11.82}, {""score"": ""2 - 1"", ""pct"": 10.32}]"
Austria,Ecuador,Neutral,0.94,1.155,28.1,31.6,40.3,28.3,5.3,8.3,40.7,7.0,10.4,42.0,58.0,"[{""score"": ""0 - 1"", ""pct"": 14.2}, {""score"": ""1 - 1"", ""pct"": 13.43}, {""score"": ""0 - 0"", ""pct"": 13.33}]"
Austria,Egypt,Neutral,1.268,0.92,44.7,29.1,26.3,43.7,7.2,10.4,26.4,4.6,7.6,61.4,38.6,"[{""score"": ""1 - 0"", ""pct"": 14.74}, {""score"": ""1 - 1"", ""pct"": 12.540000000000001}, {""score"": ""0 - 0"", ""pct"": 12.030000000000001}]"
Austria,Uruguay,Neutral,0.918,1.347,25.0,29.4,45.5,24.1,4.4,7.1,46.7,7.0,10.8,35.5,64.5,"[{""score"": ""0 - 1"", ""pct"": 14.44}, {""score"": ""1 - 1"", ""pct"": 13.18}, {""score"": ""0 - 0"", ""pct"": 11.44}]"
Austria,Croatia,Neutral,1.087,1.437,28.8,27.2,44.1,27.5,5.0,6.7,45.1,6.3,9.3,39.3,60.7,"[{""score"": ""1 - 1"", ""pct"": 12.25}, {""score"": ""0 - 1"", ""pct"": 11.48}, {""score"": ""1 - 2"", ""pct"": 9.28}]"
Austria,Ivory Coast,Neutral,1.276,1.002,42.2,30.4,27.4,42.4,7.1,9.6,28.2,5.0,7.7,59.0,41.0,"[{""score"": ""1 - 1"", ""pct"": 13.389999999999999}, {""score"": ""1 - 0"", ""pct"": 13.020000000000001}, {""score"": ""0 - 0"", ""pct"": 11.459999999999999}]"
Austria,Saudi Arabia,Neutral,1.662,0.728,59.9,25.2,14.9,60.7,7.7,10.2,14.0,3.0,4.5,78.5,21.5,"[{""score"": ""1 - 0"", ""pct"": 16.17}, {""score"": ""2 - 0"", ""pct"": 12.0}, {""score"": ""1 - 1"", ""pct"": 11.16}]"
Austria,South Africa,Neutral,1.642,0.786,57.8,25.7,16.5,57.7,7.9,10.2,16.6,3.0,4.6,75.8,24.2,"[{""score"": ""1 - 0"", ""pct"": 14.45}, {""score"": ""2 - 0"", ""pct"": 11.43}, {""score"": ""1 - 1"", ""pct"": 11.34}]"
Austria,New Zealand,Neutral,1.83,0.569,68.7,21.8,9.6,68.0,7.6,9.6,10.0,2.0,2.8,85.2,14.8,"[{""score"": ""1 - 0"", ""pct"": 17.64}, {""score"": ""2 - 0"", ""pct"": 14.93}, {""score"": ""0 - 0"", ""pct"": 10.08}]"
Austria,Belgium,Neutral,1.069,1.731,23.3,24.7,52.0,22.3,4.4,5.0,53.4,7.2,7.8,31.7,68.3,"[{""score"": ""1 - 1"", ""pct"": 11.29}, {""score"": ""0 - 1"", ""pct"": 10.81}, {""score"": ""1 - 2"", ""pct"": 9.78}]"
Iran,Austria,Neutral,1.087,1.223,32.5,29.4,38.1,31.4,5.6,9.1,38.2,6.5,9.2,46.1,53.9,"[{""score"": ""1 - 1"", ""pct"": 13.059999999999999}, {""score"": ""0 - 1"", ""pct"": 11.67}, {""score"": ""0 - 0"", ""pct"": 10.97}]"
Iran,Iraq,Neutral,1.419,0.665,55.2,28.1,16.7,54.9,8.0,12.1,16.3,3.1,5.6,74.9,25.1,"[{""score"": ""1 - 0"", ""pct"": 18.44}, {""score"": ""0 - 0"", ""pct"": 13.320000000000002}, {""score"": ""2 - 0"", ""pct"": 11.72}]"
Iran,Jordan,Neutral,1.567,0.803,55.5,27.1,17.4,56.0,8.0,9.5,17.7,3.5,5.3,73.5,26.5,"[{""score"": ""1 - 0"", ""pct"": 15.4}, {""score"": ""1 - 1"", ""pct"": 11.75}, {""score"": ""2 - 0"", ""pct"": 10.7}]"
Iran,Ghana,Neutral,1.403,0.809,50.9,28.2,20.8,49.9,7.3,11.2,20.9,4.2,6.5,68.5,31.5,"[{""score"": ""1 - 0"", ""pct"": 15.4}, {""score"": ""0 - 0"", ""pct"": 12.0}, {""score"": ""1 - 1"", ""pct"": 11.93}]"
Iran,Australia,Neutral,1.056,1.03,35.1,31.0,33.9,35.1,6.1,10.2,33.7,5.3,9.6,51.4,48.6,"[{""score"": ""0 - 0"", ""pct"": 13.420000000000002}, {""score"": ""1 - 1"", ""pct"": 13.350000000000001}, {""score"": ""0 - 1"", ""pct"": 13.100000000000001}]"
Iran,Sweden,Neutral,1.199,1.276,33.7,29.0,37.4,33.4,6.3,7.9,37.6,6.3,8.5,47.6,52.4,"[{""score"": ""1 - 1"", ""pct"": 12.9}, {""score"": ""0 - 1"", ""pct"": 11.020000000000001}, {""score"": ""1 - 0"", ""pct"": 10.059999999999999}]"
Iran,Paraguay,Neutral,1.0,0.953,34.6,32.3,33.0,35.3,6.5,10.8,31.4,5.9,10.2,52.6,47.4,"[{""score"": ""0 - 0"", ""pct"": 14.56}, {""score"": ""1 - 0"", ""pct"": 14.540000000000001}, {""score"": ""1 - 1"", ""pct"": 14.13}]"
Iran,Switzerland,Neutral,0.999,1.398,26.1,27.9,46.1,25.6,5.1,6.8,45.9,7.0,9.6,37.5,62.5,"[{""score"": ""0 - 1"", ""pct"": 13.38}, {""score"": ""1 - 1"", ""pct"": 12.57}, {""score"": ""0 - 0"", ""pct"": 9.86}]"
Iran,South Korea,Neutral,1.154,0.999,38.0,30.6,31.4,38.7,6.5,10.2,30.7,5.3,8.6,55.4,44.6,"[{""score"": ""1 - 0"", ""pct"": 13.719999999999999}, {""score"": ""1 - 1"", ""pct"": 13.43}, {""score"": ""0 - 0"", ""pct"": 12.21}]"
Iran,Netherlands,Neutral,0.926,1.706,19.6,25.5,54.9,19.3,3.5,4.4,56.5,7.7,8.6,27.2,72.8,"[{""score"": ""0 - 1"", ""pct"": 12.85}, {""score"": ""1 - 1"", ""pct"": 11.88}, {""score"": ""0 - 2"", ""pct"": 10.01}]"
Iran,United States,Neutral,1.271,1.051,41.8,29.0,29.2,41.3,6.9,9.1,29.5,5.2,8.0,57.3,42.7,"[{""score"": ""1 - 1"", ""pct"": 13.23}, {""score"": ""1 - 0"", ""pct"": 12.870000000000001}, {""score"": ""0 - 0"", ""pct"": 9.94}]"
Iran,Haiti,Neutral,2.18,0.7,72.3,17.8,9.9,71.9,7.0,7.2,9.8,1.7,2.3,86.2,13.8,"[{""score"": ""2 - 0"", ""pct"": 13.819999999999999}, {""score"": ""1 - 0"", ""pct"": 12.55}, {""score"": ""3 - 0"", ""pct"": 9.46}]"
Iran,Germany,Neutral,0.985,1.877,18.3,23.5,58.2,18.0,3.3,4.2,59.5,7.1,7.9,25.5,74.5,"[{""score"": ""0 - 1"", ""pct"": 11.97}, {""score"": ""1 - 1"", ""pct"": 10.42}, {""score"": ""0 - 2"", ""pct"": 9.569999999999999}]"
Iran,Algeria,Neutral,1.233,1.18,36.3,28.8,34.9,36.1,6.2,9.2,33.8,6.0,8.7,51.5,48.5,"[{""score"": ""1 - 1"", ""pct"": 13.36}, {""score"": ""1 - 0"", ""pct"": 11.04}, {""score"": ""0 - 1"", ""pct"": 10.39}]"
Iran,Bosnia and Herzegovina,Neutral,1.54,0.87,53.2,27.4,19.4,52.6,7.9,9.8,20.6,3.8,5.3,70.3,29.7,"[{""score"": ""1 - 0"", ""pct"": 13.5}, {""score"": ""1 - 1"", ""pct"": 12.25}, {""score"": ""0 - 0"", ""pct"": 10.35}]"
Iran,Brazil,Neutral,0.663,1.842,11.4,22.6,66.0,11.5,2.5,3.2,66.4,7.8,8.6,17.2,82.8,"[{""score"": ""0 - 1"", ""pct"": 16.259999999999998}, {""score"": ""0 - 2"", ""pct"": 13.389999999999999}, {""score"": ""1 - 1"", ""pct"": 9.98}]"
Iran,Colombia,Neutral,0.771,1.479,18.4,27.9,53.7,18.2,3.5,5.6,54.4,7.5,10.8,27.3,72.7,"[{""score"": ""0 - 1"", ""pct"": 16.28}, {""score"": ""1 - 1"", ""pct"": 11.89}, {""score"": ""0 - 0"", ""pct"": 11.66}]"
Iran,Uzbekistan,Neutral,1.194,0.797,46.0,30.9,23.2,45.1,7.3,12.1,23.1,4.3,8.1,64.5,35.5,"[{""score"": ""1 - 0"", ""pct"": 16.919999999999998}, {""score"": ""0 - 0"", ""pct"": 14.63}, {""score"": ""1 - 1"", ""pct"": 12.709999999999999}]"
Iran,Scotland,Neutral,1.198,1.08,37.9,29.9,32.2,37.6,6.6,9.5,31.7,5.8,8.9,53.7,46.3,"[{""score"": ""1 - 1"", ""pct"": 13.29}, {""score"": ""1 - 0"", ""pct"": 11.86}, {""score"": ""0 - 0"", ""pct"": 11.540000000000001}]"
Iran,Spain,Neutral,0.681,2.017,11.0,19.8,69.2,9.9,2.2,3.0,69.4,7.2,8.3,15.1,84.9,"[{""score"": ""0 - 1"", ""pct"": 14.19}, {""score"": ""0 - 2"", ""pct"": 12.91}, {""score"": ""1 - 2"", ""pct"": 9.75}]"
Iran,Senegal,Neutral,0.948,1.053,29.9,33.6,36.6,31.8,5.3,10.1,36.0,6.0,10.8,47.2,52.8,"[{""score"": ""0 - 0"", ""pct"": 15.310000000000002}, {""score"": ""0 - 1"", ""pct"": 14.280000000000001}, {""score"": ""1 - 1"", ""pct"": 14.000000000000002}]"
Iran,Canada,Neutral,1.209,0.953,40.5,31.4,28.1,41.6,6.8,10.7,28.1,5.2,7.6,59.1,40.9,"[{""score"": ""1 - 1"", ""pct"": 13.91}, {""score"": ""1 - 0"", ""pct"": 13.65}, {""score"": ""0 - 0"", ""pct"": 12.65}]"
Iran,Argentina,Neutral,0.569,1.678,11.5,24.5,64.0,10.7,2.5,3.5,64.6,7.8,10.9,16.7,83.3,"[{""score"": ""0 - 1"", ""pct"": 18.08}, {""score"": ""0 - 2"", ""pct"": 14.42}, {""score"": ""0 - 0"", ""pct"": 11.67}]"
Iran,England,Neutral,0.646,1.626,13.4,25.2,61.5,13.7,2.5,4.0,60.7,7.9,11.2,20.2,79.8,"[{""score"": ""0 - 1"", ""pct"": 17.22}, {""score"": ""0 - 2"", ""pct"": 13.669999999999998}, {""score"": ""0 - 0"", ""pct"": 11.110000000000001}]"
Iran,Tunisia,Neutral,1.069,0.859,39.5,33.1,27.4,38.9,6.5,12.4,28.2,5.3,8.8,57.8,42.2,"[{""score"": ""0 - 0"", ""pct"": 16.220000000000002}, {""score"": ""1 - 0"", ""pct"": 15.310000000000002}, {""score"": ""1 - 1"", ""pct"": 13.05}]"
Iran,Turkey,Neutral,1.239,1.295,34.6,28.8,36.6,35.2,6.0,8.5,36.0,5.9,8.3,49.7,50.3,"[{""score"": ""1 - 1"", ""pct"": 13.13}, {""score"": ""0 - 1"", ""pct"": 10.18}, {""score"": ""1 - 0"", ""pct"": 9.68}]"
Iran,Morocco,Neutral,0.716,1.118,22.1,33.8,44.2,22.4,4.1,8.1,44.4,7.7,13.3,34.6,65.4,"[{""score"": ""0 - 1"", ""pct"": 17.95}, {""score"": ""0 - 0"", ""pct"": 17.73}, {""score"": ""1 - 1"", ""pct"": 12.78}]"
Iran,Mexico,Neutral,0.988,1.044,32.6,32.3,35.1,32.7,5.9,10.3,34.4,6.0,10.7,48.9,51.1,"[{""score"": ""0 - 0"", ""pct"": 14.67}, {""score"": ""0 - 1"", ""pct"": 13.55}, {""score"": ""1 - 1"", ""pct"": 13.16}]"
Iran,DR Congo,Neutral,1.227,0.753,47.0,31.1,21.9,48.0,7.4,11.7,21.3,4.0,7.6,67.1,32.9,"[{""score"": ""1 - 0"", ""pct"": 17.07}, {""score"": ""0 - 0"", ""pct"": 14.680000000000001}, {""score"": ""1 - 1"", ""pct"": 12.809999999999999}]"
Iran,Norway,Neutral,1.113,1.394,28.4,28.3,43.3,29.5,5.6,6.6,42.6,7.2,8.5,41.7,58.3,"[{""score"": ""1 - 1"", ""pct"": 12.870000000000001}, {""score"": ""0 - 1"", ""pct"": 11.32}, {""score"": ""0 - 0"", ""pct"": 9.2}]"
Iran,Japan,Neutral,1.009,1.245,28.2,30.2,41.6,28.6,5.3,7.9,41.6,7.0,9.6,41.8,58.2,"[{""score"": ""0 - 1"", ""pct"": 13.819999999999999}, {""score"": ""1 - 1"", ""pct"": 13.3}, {""score"": ""0 - 0"", ""pct"": 11.450000000000001}]"
Iran,Qatar,Neutral,1.968,0.785,64.9,21.8,13.3,65.9,7.4,8.0,13.2,2.3,3.2,81.3,18.7,"[{""score"": ""1 - 0"", ""pct"": 12.659999999999998}, {""score"": ""2 - 0"", ""pct"": 12.139999999999999}, {""score"": ""1 - 1"", ""pct"": 9.78}]"
Iran,Czech Republic,Neutral,1.228,1.102,38.3,29.4,32.3,38.3,6.3,9.0,32.5,5.5,8.5,53.6,46.4,"[{""score"": ""1 - 1"", ""pct"": 13.11}, {""score"": ""1 - 0"", ""pct"": 12.01}, {""score"": ""0 - 1"", ""pct"": 10.99}]"
Iran,France,Neutral,0.736,1.671,14.8,24.3,60.9,15.2,3.1,4.1,59.8,7.4,10.4,22.4,77.6,"[{""score"": ""0 - 1"", ""pct"": 15.85}, {""score"": ""0 - 2"", ""pct"": 12.85}, {""score"": ""1 - 1"", ""pct"": 10.93}]"
Iran,Portugal,Neutral,0.779,1.754,15.1,24.1,60.8,15.8,2.9,4.2,60.5,7.7,8.9,22.9,77.1,"[{""score"": ""0 - 1"", ""pct"": 14.35}, {""score"": ""0 - 2"", ""pct"": 12.31}, {""score"": ""1 - 1"", ""pct"": 10.73}]"
Iran,Curaçao,Neutral,2.393,0.526,79.1,15.1,5.8,79.4,6.2,6.2,5.7,1.1,1.3,91.8,8.2,"[{""score"": ""2 - 0"", ""pct"": 15.6}, {""score"": ""1 - 0"", ""pct"": 13.73}, {""score"": ""3 - 0"", ""pct"": 11.379999999999999}]"
Iran,Cape Verde,Neutral,1.53,0.661,57.1,27.8,15.0,57.9,7.4,11.7,15.4,2.9,4.7,77.0,23.0,"[{""score"": ""1 - 0"", ""pct"": 16.05}, {""score"": ""2 - 0"", ""pct"": 12.509999999999998}, {""score"": ""0 - 0"", ""pct"": 12.32}]"
Iran,Panama,Neutral,1.635,0.794,57.8,25.1,17.0,56.6,7.8,10.1,17.1,3.3,5.2,74.5,25.5,"[{""score"": ""1 - 0"", ""pct"": 14.81}, {""score"": ""2 - 0"", ""pct"": 12.27}, {""score"": ""1 - 1"", ""pct"": 11.37}]"
Iran,Ecuador,Neutral,0.797,1.102,25.1,32.8,42.1,25.2,4.6,9.0,41.9,6.5,12.7,38.8,61.2,"[{""score"": ""0 - 1"", ""pct"": 16.89}, {""score"": ""0 - 0"", ""pct"": 16.3}, {""score"": ""1 - 1"", ""pct"": 12.989999999999998}]"
Iran,Egypt,Neutral,1.075,0.878,38.8,33.0,28.2,39.4,7.0,11.7,27.6,4.9,9.4,58.1,41.9,"[{""score"": ""0 - 0"", ""pct"": 15.709999999999999}, {""score"": ""1 - 0"", ""pct"": 15.24}, {""score"": ""1 - 1"", ""pct"": 13.469999999999999}]"
Iran,Uruguay,Neutral,0.779,1.285,21.0,30.3,48.6,20.8,4.3,7.3,48.3,7.6,11.7,32.5,67.5,"[{""score"": ""0 - 1"", ""pct"": 16.49}, {""score"": ""0 - 0"", ""pct"": 13.38}, {""score"": ""1 - 1"", ""pct"": 13.120000000000001}]"
Iran,Croatia,Neutral,0.922,1.371,25.0,28.3,46.7,23.7,4.7,7.2,47.2,6.7,10.4,35.6,64.4,"[{""score"": ""0 - 1"", ""pct"": 14.099999999999998}, {""score"": ""1 - 1"", ""pct"": 12.61}, {""score"": ""0 - 0"", ""pct"": 11.19}]"
Iran,Ivory Coast,Neutral,1.081,0.956,36.6,32.7,30.6,37.2,6.5,10.7,30.8,5.6,9.2,54.4,45.6,"[{""score"": ""0 - 0"", ""pct"": 14.979999999999999}, {""score"": ""1 - 1"", ""pct"": 13.71}, {""score"": ""1 - 0"", ""pct"": 13.55}]"
Iran,Saudi Arabia,Neutral,1.409,0.695,54.9,28.1,17.1,53.6,7.5,12.0,18.1,3.3,5.5,73.1,26.9,"[{""score"": ""1 - 0"", ""pct"": 17.19}, {""score"": ""0 - 0"", ""pct"": 13.120000000000001}, {""score"": ""2 - 0"", ""pct"": 12.11}]"
Iran,South Africa,Neutral,1.392,0.75,52.7,28.4,18.9,52.3,7.5,11.3,19.1,3.8,5.9,71.2,28.9,"[{""score"": ""1 - 0"", ""pct"": 16.89}, {""score"": ""0 - 0"", ""pct"": 12.23}, {""score"": ""1 - 1"", ""pct"": 12.18}]"
Iran,New Zealand,Neutral,1.552,0.543,61.3,26.5,12.2,61.9,8.5,11.3,11.6,2.5,4.2,81.7,18.3,"[{""score"": ""1 - 0"", ""pct"": 18.459999999999997}, {""score"": ""2 - 0"", ""pct"": 14.680000000000001}, {""score"": ""0 - 0"", ""pct"": 13.43}]"
Iran,Belgium,Neutral,0.906,1.652,18.8,24.9,56.3,20.5,3.5,4.8,54.1,8.2,8.9,28.8,71.2,"[{""score"": ""0 - 1"", ""pct"": 13.28}, {""score"": ""1 - 1"", ""pct"": 10.65}, {""score"": ""0 - 2"", ""pct"": 10.63}]"
Iraq,Austria,Neutral,0.697,1.673,14.0,24.3,61.7,13.8,2.7,4.4,60.9,8.0,10.2,20.9,79.1,"[{""score"": ""0 - 1"", ""pct"": 16.61}, {""score"": ""0 - 2"", ""pct"": 13.020000000000001}, {""score"": ""0 - 0"", ""pct"": 10.23}]"
Iraq,Iran,Neutral,0.665,1.419,16.7,28.4,54.9,16.4,3.2,5.5,55.3,7.8,11.7,25.1,74.9,"[{""score"": ""0 - 1"", ""pct"": 17.49}, {""score"": ""0 - 0"", ""pct"": 12.920000000000002}, {""score"": ""0 - 2"", ""pct"": 12.26}]"
Iraq,Jordan,Neutral,1.005,1.099,32.4,31.3,36.3,32.7,5.5,9.2,36.1,6.5,9.9,47.4,52.6,"[{""score"": ""0 - 1"", ""pct"": 13.19}, {""score"": ""1 - 1"", ""pct"": 13.100000000000001}, {""score"": ""0 - 0"", ""pct"": 13.03}]"
Iraq,Ghana,Neutral,0.9,1.106,28.8,30.3,40.8,28.4,5.7,8.9,39.3,6.6,11.2,43.0,57.0,"[{""score"": ""0 - 1"", ""pct"": 15.8}, {""score"": ""0 - 0"", ""pct"": 13.41}, {""score"": ""1 - 1"", ""pct"": 12.86}]"
Iraq,Australia,Neutral,0.678,1.409,16.6,29.0,54.4,16.9,3.7,6.1,53.9,7.7,11.7,26.7,73.3,"[{""score"": ""0 - 1"", ""pct"": 17.86}, {""score"": ""0 - 0"", ""pct"": 13.77}, {""score"": ""1 - 1"", ""pct"": 11.540000000000001}]"
Iraq,Sweden,Neutral,0.769,1.746,15.0,24.2,60.8,14.8,3.0,4.5,61.2,7.3,9.2,22.3,77.7,"[{""score"": ""0 - 1"", ""pct"": 14.879999999999999}, {""score"": ""0 - 2"", ""pct"": 11.75}, {""score"": ""1 - 1"", ""pct"": 11.0}]"
Iraq,Paraguay,Neutral,0.642,1.304,16.6,30.8,52.6,17.1,3.4,6.3,52.3,8.0,12.9,26.8,73.2,"[{""score"": ""0 - 1"", ""pct"": 19.54}, {""score"": ""0 - 0"", ""pct"": 15.42}, {""score"": ""1 - 1"", ""pct"": 12.33}]"
Iraq,Switzerland,Neutral,0.641,1.912,10.4,21.6,68.0,10.4,2.1,2.7,68.3,7.9,8.7,15.2,84.8,"[{""score"": ""0 - 1"", ""pct"": 15.42}, {""score"": ""0 - 2"", ""pct"": 14.37}, {""score"": ""1 - 1"", ""pct"": 9.62}]"
Iraq,South Korea,Neutral,0.741,1.366,19.1,29.4,51.4,19.3,3.8,6.4,51.0,7.8,11.6,29.6,70.4,"[{""score"": ""0 - 1"", ""pct"": 17.47}, {""score"": ""0 - 0"", ""pct"": 13.13}, {""score"": ""1 - 1"", ""pct"": 12.75}]"
Iraq,Netherlands,Neutral,0.594,2.333,6.9,16.2,76.9,7.1,1.4,1.6,77.0,6.8,6.1,10.1,89.9,"[{""score"": ""0 - 2"", ""pct"": 14.44}, {""score"": ""0 - 1"", ""pct"": 13.43}, {""score"": ""0 - 3"", ""pct"": 10.870000000000001}]"
Iraq,United States,Neutral,0.816,1.438,19.9,28.2,51.9,20.2,3.7,6.4,51.5,7.3,10.8,30.4,69.6,"[{""score"": ""0 - 1"", ""pct"": 15.72}, {""score"": ""1 - 1"", ""pct"": 12.29}, {""score"": ""0 - 0"", ""pct"": 11.58}]"
Iraq,Haiti,Neutral,1.399,0.958,47.3,28.4,24.2,46.1,7.3,9.7,25.3,4.7,6.9,63.1,36.8,"[{""score"": ""1 - 0"", ""pct"": 13.81}, {""score"": ""1 - 1"", ""pct"": 12.8}, {""score"": ""0 - 0"", ""pct"": 10.42}]"
Iraq,Germany,Neutral,0.632,2.568,6.1,14.2,79.7,5.7,0.9,1.3,80.4,6.4,5.3,7.9,92.1,"[{""score"": ""0 - 2"", ""pct"": 13.639999999999999}, {""score"": ""0 - 1"", ""pct"": 11.07}, {""score"": ""0 - 3"", ""pct"": 11.04}]"
Iraq,Algeria,Neutral,0.791,1.614,16.6,25.5,57.9,17.5,3.1,4.9,56.7,7.8,10.1,25.5,74.5,"[{""score"": ""0 - 1"", ""pct"": 14.610000000000001}, {""score"": ""1 - 1"", ""pct"": 11.93}, {""score"": ""0 - 2"", ""pct"": 11.690000000000001}]"
Iraq,Bosnia and Herzegovina,Neutral,0.988,1.191,29.1,32.1,38.8,28.6,5.2,8.8,40.4,7.0,10.1,42.6,57.4,"[{""score"": ""1 - 1"", ""pct"": 13.900000000000002}, {""score"": ""0 - 1"", ""pct"": 13.309999999999999}, {""score"": ""0 - 0"", ""pct"": 12.76}]"
Iraq,Brazil,Neutral,0.426,2.52,3.7,12.2,84.0,3.8,0.9,0.8,83.8,5.6,5.1,5.5,94.5,"[{""score"": ""0 - 2"", ""pct"": 17.5}, {""score"": ""0 - 3"", ""pct"": 14.069999999999999}, {""score"": ""0 - 1"", ""pct"": 13.96}]"
Iraq,Colombia,Neutral,0.494,2.023,6.6,18.4,75.0,6.7,1.4,2.3,74.8,7.2,7.7,10.3,89.7,"[{""score"": ""0 - 1"", ""pct"": 17.21}, {""score"": ""0 - 2"", ""pct"": 16.76}, {""score"": ""0 - 3"", ""pct"": 10.85}]"
Iraq,Uzbekistan,Neutral,0.766,1.09,24.5,33.6,41.9,25.2,4.8,9.0,41.5,7.1,12.4,39.0,61.0,"[{""score"": ""0 - 0"", ""pct"": 16.84}, {""score"": ""0 - 1"", ""pct"": 16.31}, {""score"": ""1 - 1"", ""pct"": 13.23}]"
Iraq,Scotland,Neutral,0.769,1.477,18.6,27.4,54.0,17.4,4.1,5.8,54.6,7.4,10.7,27.2,72.8,"[{""score"": ""0 - 1"", ""pct"": 15.78}, {""score"": ""1 - 1"", ""pct"": 11.940000000000001}, {""score"": ""0 - 2"", ""pct"": 11.4}]"
Iraq,Spain,Neutral,0.437,2.76,3.2,10.5,86.3,3.4,0.6,0.7,85.7,5.1,4.5,4.7,95.3,"[{""score"": ""0 - 2"", ""pct"": 16.04}, {""score"": ""0 - 3"", ""pct"": 14.21}, {""score"": ""0 - 1"", ""pct"": 11.76}]"
Iraq,Senegal,Neutral,0.608,1.44,14.3,29.0,56.7,13.9,3.3,5.1,57.8,7.6,12.2,22.3,77.7,"[{""score"": ""0 - 1"", ""pct"": 18.490000000000002}, {""score"": ""0 - 0"", ""pct"": 14.81}, {""score"": ""0 - 2"", ""pct"": 13.139999999999999}]"
Iraq,Canada,Neutral,0.776,1.304,21.1,30.6,48.4,20.5,4.5,6.8,48.7,8.1,11.5,31.7,68.3,"[{""score"": ""0 - 1"", ""pct"": 15.989999999999998}, {""score"": ""0 - 0"", ""pct"": 13.530000000000001}, {""score"": ""1 - 1"", ""pct"": 12.97}]"
Iraq,Argentina,Neutral,0.365,2.296,3.7,15.0,81.3,4.0,0.9,1.0,82.3,5.4,6.5,5.9,94.1,"[{""score"": ""0 - 2"", ""pct"": 18.84}, {""score"": ""0 - 1"", ""pct"": 16.21}, {""score"": ""0 - 3"", ""pct"": 13.61}]"
Iraq,England,Neutral,0.414,2.224,4.6,15.8,79.7,5.0,1.0,1.3,79.6,6.3,6.9,7.2,92.8,"[{""score"": ""0 - 2"", ""pct"": 16.84}, {""score"": ""0 - 1"", ""pct"": 16.43}, {""score"": ""0 - 3"", ""pct"": 12.67}]"
Iraq,Tunisia,Neutral,0.686,1.175,20.1,31.8,48.1,20.6,3.8,7.8,47.5,7.6,12.6,32.3,67.7,"[{""score"": ""0 - 1"", ""pct"": 18.68}, {""score"": ""0 - 0"", ""pct"": 16.84}, {""score"": ""1 - 1"", ""pct"": 11.92}]"
Iraq,Turkey,Neutral,0.795,1.771,16.3,23.1,60.6,15.0,3.2,4.3,61.0,7.7,8.8,22.5,77.5,"[{""score"": ""0 - 1"", ""pct"": 13.719999999999999}, {""score"": ""0 - 2"", ""pct"": 11.89}, {""score"": ""1 - 1"", ""pct"": 10.45}]"
Iraq,Morocco,Neutral,0.459,1.53,9.7,26.4,63.8,9.6,2.2,3.9,64.1,7.9,12.3,15.7,84.3,"[{""score"": ""0 - 1"", ""pct"": 20.77}, {""score"": ""0 - 2"", ""pct"": 15.879999999999999}, {""score"": ""0 - 0"", ""pct"": 14.610000000000001}]"
Iraq,Mexico,Neutral,0.634,1.428,15.6,27.6,56.8,15.1,3.1,5.4,56.9,8.2,11.4,23.6,76.4,"[{""score"": ""0 - 1"", ""pct"": 19.0}, {""score"": ""0 - 0"", ""pct"": 13.36}, {""score"": ""0 - 2"", ""pct"": 12.3}]"
Iraq,DR Congo,Neutral,0.788,1.03,26.3,34.2,39.6,26.6,4.9,9.9,39.5,6.4,12.7,41.4,58.6,"[{""score"": ""0 - 0"", ""pct"": 18.04}, {""score"": ""0 - 1"", ""pct"": 15.8}, {""score"": ""1 - 1"", ""pct"": 13.139999999999999}]"
Iraq,Norway,Neutral,0.714,1.907,12.3,22.4,65.3,11.9,2.2,3.4,66.4,7.4,8.7,17.6,82.4,"[{""score"": ""0 - 1"", ""pct"": 14.59}, {""score"": ""0 - 2"", ""pct"": 13.25}, {""score"": ""1 - 1"", ""pct"": 9.85}]"
Iraq,Japan,Neutral,0.647,1.703,12.9,24.5,62.5,12.4,2.5,4.0,63.3,7.7,10.1,18.8,81.2,"[{""score"": ""0 - 1"", ""pct"": 16.830000000000002}, {""score"": ""0 - 2"", ""pct"": 12.94}, {""score"": ""0 - 0"", ""pct"": 10.81}]"
Iraq,Qatar,Neutral,1.263,1.073,40.4,28.7,30.9,40.6,6.6,9.8,29.8,5.3,8.0,57.0,43.1,"[{""score"": ""1 - 0"", ""pct"": 12.839999999999998}, {""score"": ""1 - 1"", ""pct"": 12.520000000000001}, {""score"": ""0 - 0"", ""pct"": 10.58}]"
Iraq,Czech Republic,Neutral,0.788,1.508,18.5,27.2,54.4,18.3,3.5,6.0,54.6,7.3,10.2,27.8,72.2,"[{""score"": ""0 - 1"", ""pct"": 15.93}, {""score"": ""1 - 1"", ""pct"": 11.62}, {""score"": ""0 - 0"", ""pct"": 11.600000000000001}]"
Iraq,France,Neutral,0.472,2.285,5.5,15.9,78.6,5.5,1.2,1.3,78.8,6.8,6.5,7.9,92.1,"[{""score"": ""0 - 2"", ""pct"": 16.150000000000002}, {""score"": ""0 - 1"", ""pct"": 15.260000000000002}, {""score"": ""0 - 3"", ""pct"": 12.15}]"
Iraq,Portugal,Neutral,0.5,2.4,5.0,14.8,80.2,5.7,1.1,1.2,79.1,6.3,6.6,8.0,92.0,"[{""score"": ""0 - 2"", ""pct"": 15.85}, {""score"": ""0 - 1"", ""pct"": 14.38}, {""score"": ""0 - 3"", ""pct"": 12.17}]"
Iraq,Curaçao,Neutral,1.536,0.719,57.7,25.9,16.3,57.0,7.8,10.6,16.3,3.3,5.0,75.4,24.6,"[{""score"": ""1 - 0"", ""pct"": 17.11}, {""score"": ""2 - 0"", ""pct"": 11.97}, {""score"": ""1 - 1"", ""pct"": 11.03}]"
Iraq,Cape Verde,Neutral,0.982,0.904,35.4,33.7,30.9,34.6,6.4,11.6,31.0,6.0,10.5,52.6,47.4,"[{""score"": ""0 - 0"", ""pct"": 16.46}, {""score"": ""1 - 0"", ""pct"": 15.39}, {""score"": ""1 - 1"", ""pct"": 13.700000000000001}]"
Iraq,Panama,Neutral,1.049,1.086,33.5,31.5,35.0,33.8,5.8,9.2,35.1,6.2,9.9,48.8,51.2,"[{""score"": ""1 - 1"", ""pct"": 13.83}, {""score"": ""1 - 0"", ""pct"": 12.889999999999999}, {""score"": ""0 - 0"", ""pct"": 12.61}]"
Iraq,Ecuador,Neutral,0.511,1.508,11.4,27.1,61.5,10.7,2.5,4.1,62.7,7.6,12.3,17.3,82.7,"[{""score"": ""0 - 1"", ""pct"": 19.82}, {""score"": ""0 - 2"", ""pct"": 14.81}, {""score"": ""0 - 0"", ""pct"": 14.41}]"
Iraq,Egypt,Neutral,0.69,1.201,19.9,32.7,47.4,20.2,3.8,7.6,47.7,7.5,13.1,31.7,68.3,"[{""score"": ""0 - 1"", ""pct"": 18.39}, {""score"": ""0 - 0"", ""pct"": 16.93}, {""score"": ""1 - 1"", ""pct"": 12.67}]"
Iraq,Uruguay,Neutral,0.5,1.758,9.0,22.4,68.6,9.2,1.8,3.0,67.8,8.1,10.2,13.9,86.1,"[{""score"": ""0 - 1"", ""pct"": 19.220000000000002}, {""score"": ""0 - 2"", ""pct"": 15.86}, {""score"": ""0 - 0"", ""pct"": 11.540000000000001}]"
Iraq,Croatia,Neutral,0.592,1.876,10.2,21.8,68.0,10.1,2.1,3.1,68.9,7.2,8.6,15.3,84.7,"[{""score"": ""0 - 1"", ""pct"": 15.950000000000001}, {""score"": ""0 - 2"", ""pct"": 14.64}, {""score"": ""0 - 0"", ""pct"": 9.68}]"
Iraq,Ivory Coast,Neutral,0.694,1.308,18.9,31.0,50.0,18.4,3.9,6.4,51.0,7.5,12.8,28.7,71.3,"[{""score"": ""0 - 1"", ""pct"": 17.65}, {""score"": ""0 - 0"", ""pct"": 15.1}, {""score"": ""1 - 1"", ""pct"": 12.35}]"
Iraq,Saudi Arabia,Neutral,0.904,0.951,31.5,35.0,33.5,31.7,6.1,10.9,34.2,5.9,11.2,48.7,51.3,"[{""score"": ""0 - 0"", ""pct"": 17.549999999999997}, {""score"": ""1 - 1"", ""pct"": 13.96}, {""score"": ""0 - 1"", ""pct"": 13.919999999999998}]"
Iraq,South Africa,Neutral,0.893,1.026,30.7,33.0,36.3,28.8,6.1,10.3,37.3,6.1,11.4,45.2,54.8,"[{""score"": ""0 - 0"", ""pct"": 15.920000000000002}, {""score"": ""0 - 1"", ""pct"": 15.160000000000002}, {""score"": ""1 - 1"", ""pct"": 13.469999999999999}]"
Iraq,New Zealand,Neutral,0.996,0.743,39.2,35.2,25.6,39.6,6.9,13.5,25.2,5.0,9.8,60.0,40.0,"[{""score"": ""0 - 0"", ""pct"": 19.439999999999998}, {""score"": ""1 - 0"", ""pct"": 17.11}, {""score"": ""1 - 1"", ""pct"": 13.01}]"
Iraq,Belgium,Neutral,0.582,2.26,6.9,16.9,76.2,7.1,1.5,1.6,75.8,7.1,6.9,10.3,89.7,"[{""score"": ""0 - 2"", ""pct"": 14.87}, {""score"": ""0 - 1"", ""pct"": 14.13}, {""score"": ""0 - 3"", ""pct"": 10.99}]"
Jordan,Austria,Neutral,0.842,1.848,15.5,22.7,61.8,16.0,3.0,4.0,61.2,7.3,8.5,23.1,76.9,"[{""score"": ""0 - 1"", ""pct"": 13.16}, {""score"": ""0 - 2"", ""pct"": 11.24}, {""score"": ""1 - 1"", ""pct"": 10.52}]"
Jordan,Iran,Neutral,0.803,1.567,18.0,26.7,55.3,18.4,3.3,5.2,55.1,8.1,9.8,27.0,73.0,"[{""score"": ""0 - 1"", ""pct"": 15.110000000000001}, {""score"": ""1 - 1"", ""pct"": 11.83}, {""score"": ""0 - 2"", ""pct"": 10.94}]"
Jordan,Iraq,Neutral,1.099,1.005,36.9,31.7,31.5,37.4,6.1,10.1,31.4,5.6,9.3,53.6,46.4,"[{""score"": ""0 - 0"", ""pct"": 13.71}, {""score"": ""1 - 1"", ""pct"": 13.54}, {""score"": ""1 - 0"", ""pct"": 13.03}]"
Jordan,Ghana,Neutral,1.087,1.222,32.2,29.7,38.2,32.0,5.4,8.2,38.6,6.9,8.9,45.6,54.4,"[{""score"": ""1 - 1"", ""pct"": 13.48}, {""score"": ""0 - 1"", ""pct"": 11.75}, {""score"": ""1 - 0"", ""pct"": 10.89}]"
Jordan,Australia,Neutral,0.818,1.556,19.5,25.7,54.9,18.6,3.5,5.9,55.9,7.1,9.0,28.0,72.0,"[{""score"": ""0 - 1"", ""pct"": 15.590000000000002}, {""score"": ""1 - 1"", ""pct"": 11.42}, {""score"": ""0 - 2"", ""pct"": 10.51}]"
Jordan,Sweden,Neutral,0.929,1.928,17.0,22.8,60.2,16.0,3.0,4.0,60.7,7.5,8.7,23.0,76.9,"[{""score"": ""0 - 1"", ""pct"": 11.84}, {""score"": ""0 - 2"", ""pct"": 10.05}, {""score"": ""1 - 1"", ""pct"": 9.93}]"
Jordan,Paraguay,Neutral,0.775,1.44,18.6,29.1,52.3,18.9,4.1,5.7,52.4,7.7,11.2,28.7,71.3,"[{""score"": ""0 - 1"", ""pct"": 16.259999999999998}, {""score"": ""1 - 1"", ""pct"": 12.6}, {""score"": ""0 - 0"", ""pct"": 12.45}]"
Jordan,Switzerland,Neutral,0.774,2.111,11.8,19.7,68.4,11.1,2.5,3.1,68.9,7.4,7.1,16.6,83.4,"[{""score"": ""0 - 1"", ""pct"": 13.100000000000001}, {""score"": ""0 - 2"", ""pct"": 11.89}, {""score"": ""1 - 2"", ""pct"": 9.39}]"
Jordan,South Korea,Neutral,0.894,1.509,21.6,26.9,51.6,21.0,4.4,5.8,51.4,7.2,10.2,31.1,68.8,"[{""score"": ""0 - 1"", ""pct"": 13.66}, {""score"": ""1 - 1"", ""pct"": 12.21}, {""score"": ""0 - 2"", ""pct"": 10.23}]"
Jordan,Netherlands,Neutral,0.717,2.577,7.0,14.0,79.0,7.7,1.4,1.6,77.8,6.2,5.4,10.6,89.4,"[{""score"": ""0 - 2"", ""pct"": 12.4}, {""score"": ""0 - 1"", ""pct"": 10.42}, {""score"": ""0 - 3"", ""pct"": 10.32}]"
Jordan,United States,Neutral,0.984,1.588,22.5,26.6,50.9,22.0,4.5,5.7,51.3,7.6,8.9,32.2,67.8,"[{""score"": ""0 - 1"", ""pct"": 13.08}, {""score"": ""1 - 1"", ""pct"": 11.83}, {""score"": ""0 - 2"", ""pct"": 9.43}]"
Jordan,Haiti,Neutral,1.689,1.057,52.0,25.4,22.5,51.9,7.2,8.2,22.7,4.5,5.4,67.4,32.6,"[{""score"": ""1 - 1"", ""pct"": 11.469999999999999}, {""score"": ""1 - 0"", ""pct"": 10.83}, {""score"": ""2 - 1"", ""pct"": 9.78}]"
Jordan,Germany,Neutral,0.763,2.836,6.2,12.8,81.0,6.6,1.4,1.2,80.4,6.0,4.5,9.1,90.9,"[{""score"": ""0 - 2"", ""pct"": 11.31}, {""score"": ""0 - 3"", ""pct"": 10.41}, {""score"": ""1 - 2"", ""pct"": 8.27}]"
Jordan,Algeria,Neutral,0.955,1.783,18.8,24.2,57.0,18.6,3.5,4.5,57.9,7.1,8.4,26.6,73.4,"[{""score"": ""0 - 1"", ""pct"": 12.57}, {""score"": ""1 - 1"", ""pct"": 11.01}, {""score"": ""1 - 2"", ""pct"": 10.18}]"
Jordan,Bosnia and Herzegovina,Neutral,1.193,1.315,32.5,28.4,39.0,32.6,5.5,7.6,39.2,6.2,8.9,45.7,54.3,"[{""score"": ""1 - 1"", ""pct"": 12.94}, {""score"": ""0 - 1"", ""pct"": 10.67}, {""score"": ""1 - 0"", ""pct"": 9.77}]"
Jordan,Brazil,Neutral,0.514,2.783,3.6,11.4,85.0,3.9,0.8,0.7,85.0,5.2,4.4,5.5,94.5,"[{""score"": ""0 - 2"", ""pct"": 15.120000000000001}, {""score"": ""0 - 3"", ""pct"": 13.05}, {""score"": ""0 - 1"", ""pct"": 10.39}]"
Jordan,Colombia,Neutral,0.597,2.235,7.3,17.3,75.4,7.5,1.4,1.8,75.8,6.8,6.9,10.6,89.4,"[{""score"": ""0 - 2"", ""pct"": 14.680000000000001}, {""score"": ""0 - 1"", ""pct"": 14.499999999999998}, {""score"": ""0 - 3"", ""pct"": 10.33}]"
Jordan,Uzbekistan,Neutral,0.925,1.204,26.5,31.3,42.2,26.5,5.3,8.7,42.3,6.6,10.6,40.5,59.5,"[{""score"": ""0 - 1"", ""pct"": 14.75}, {""score"": ""1 - 1"", ""pct"": 13.52}, {""score"": ""0 - 0"", ""pct"": 13.05}]"
Jordan,Scotland,Neutral,0.928,1.632,20.2,24.9,54.8,19.8,4.2,5.6,54.3,7.5,8.7,29.5,70.5,"[{""score"": ""0 - 1"", ""pct"": 12.98}, {""score"": ""1 - 1"", ""pct"": 11.05}, {""score"": ""0 - 2"", ""pct"": 10.31}]"
Jordan,Spain,Neutral,0.528,3.048,2.9,9.3,87.7,3.1,0.6,0.5,87.4,4.9,3.4,4.2,95.8,"[{""score"": ""0 - 3"", ""pct"": 13.819999999999999}, {""score"": ""0 - 2"", ""pct"": 13.07}, {""score"": ""0 - 1"", ""pct"": 9.42}]"
Jordan,Senegal,Neutral,0.734,1.59,15.9,25.7,58.4,15.8,2.9,5.1,58.5,7.4,10.4,23.7,76.3,"[{""score"": ""0 - 1"", ""pct"": 15.620000000000001}, {""score"": ""0 - 2"", ""pct"": 12.55}, {""score"": ""1 - 1"", ""pct"": 11.19}]"
Jordan,Canada,Neutral,0.937,1.441,22.8,29.1,48.0,23.8,4.5,6.7,48.6,7.0,9.4,35.0,65.0,"[{""score"": ""0 - 1"", ""pct"": 13.25}, {""score"": ""1 - 1"", ""pct"": 13.100000000000001}, {""score"": ""0 - 0"", ""pct"": 10.52}]"
Jordan,Argentina,Neutral,0.441,2.536,3.7,12.5,83.8,3.7,0.8,0.7,83.6,6.0,5.3,5.1,94.9,"[{""score"": ""0 - 2"", ""pct"": 16.48}, {""score"": ""0 - 1"", ""pct"": 13.750000000000002}, {""score"": ""0 - 3"", ""pct"": 13.309999999999999}]"
Jordan,England,Neutral,0.5,2.456,4.7,13.8,81.5,5.0,1.1,1.1,80.5,6.7,5.7,7.2,92.8,"[{""score"": ""0 - 2"", ""pct"": 15.85}, {""score"": ""0 - 1"", ""pct"": 13.170000000000002}, {""score"": ""0 - 3"", ""pct"": 12.65}]"
Jordan,Tunisia,Neutral,0.828,1.298,22.6,29.8,47.6,22.4,4.4,7.3,46.9,7.6,11.4,34.1,65.9,"[{""score"": ""0 - 1"", ""pct"": 15.5}, {""score"": ""1 - 1"", ""pct"": 12.75}, {""score"": ""0 - 0"", ""pct"": 12.65}]"
Jordan,Turkey,Neutral,0.96,1.956,16.4,22.4,61.3,17.0,3.1,3.8,60.8,7.3,7.9,23.9,76.1,"[{""score"": ""0 - 2"", ""pct"": 10.95}, {""score"": ""0 - 1"", ""pct"": 10.5}, {""score"": ""1 - 2"", ""pct"": 10.05}]"
Jordan,Morocco,Neutral,0.554,1.689,10.5,23.9,65.5,10.3,2.3,3.5,65.7,7.4,10.8,16.1,83.9,"[{""score"": ""0 - 1"", ""pct"": 18.69}, {""score"": ""0 - 2"", ""pct"": 14.97}, {""score"": ""0 - 0"", ""pct"": 11.34}]"
Jordan,Mexico,Neutral,0.765,1.577,16.9,26.4,56.8,17.0,3.5,4.9,56.8,7.3,10.4,25.4,74.6,"[{""score"": ""0 - 1"", ""pct"": 14.7}, {""score"": ""0 - 2"", ""pct"": 12.02}, {""score"": ""1 - 1"", ""pct"": 11.83}]"
Jordan,DR Congo,Neutral,0.951,1.138,29.2,31.0,39.8,29.6,5.3,9.1,38.9,6.6,10.4,44.1,55.9,"[{""score"": ""0 - 1"", ""pct"": 14.13}, {""score"": ""0 - 0"", ""pct"": 13.55}, {""score"": ""1 - 1"", ""pct"": 13.23}]"
Jordan,Norway,Neutral,0.862,2.106,12.9,20.4,66.7,13.1,2.6,2.8,66.4,7.5,7.6,18.6,81.4,"[{""score"": ""0 - 2"", ""pct"": 11.75}, {""score"": ""0 - 1"", ""pct"": 11.35}, {""score"": ""1 - 2"", ""pct"": 9.74}]"
Jordan,Japan,Neutral,0.781,1.88,14.2,21.9,64.0,13.3,2.6,4.0,63.3,8.1,8.8,19.8,80.2,"[{""score"": ""0 - 1"", ""pct"": 13.850000000000001}, {""score"": ""0 - 2"", ""pct"": 12.22}, {""score"": ""1 - 1"", ""pct"": 10.280000000000001}]"
Jordan,Qatar,Neutral,1.524,1.185,45.1,26.6,28.3,44.9,6.7,8.3,28.8,5.0,6.3,59.9,40.1,"[{""score"": ""1 - 1"", ""pct"": 12.21}, {""score"": ""1 - 0"", ""pct"": 10.17}, {""score"": ""2 - 1"", ""pct"": 9.36}]"
Jordan,Czech Republic,Neutral,0.951,1.665,20.3,25.9,53.8,20.2,3.9,5.0,54.5,7.5,8.9,29.1,70.9,"[{""score"": ""0 - 1"", ""pct"": 12.7}, {""score"": ""1 - 1"", ""pct"": 11.33}, {""score"": ""0 - 2"", ""pct"": 9.89}]"
Jordan,France,Neutral,0.57,2.524,5.6,13.9,80.6,5.6,1.2,1.2,80.1,6.2,5.8,8.0,92.0,"[{""score"": ""0 - 2"", ""pct"": 14.91}, {""score"": ""0 - 1"", ""pct"": 12.02}, {""score"": ""0 - 3"", ""pct"": 11.41}]"
Jordan,Portugal,Neutral,0.604,2.651,5.1,13.4,81.5,5.7,1.1,1.1,81.6,5.8,4.7,7.9,92.1,"[{""score"": ""0 - 2"", ""pct"": 14.04}, {""score"": ""0 - 3"", ""pct"": 11.940000000000001}, {""score"": ""0 - 1"", ""pct"": 10.620000000000001}]"
Jordan,Curaçao,Neutral,1.854,0.794,63.2,22.2,14.5,62.3,7.5,8.9,14.7,2.9,3.6,78.7,21.3,"[{""score"": ""1 - 0"", ""pct"": 13.56}, {""score"": ""2 - 0"", ""pct"": 12.1}, {""score"": ""2 - 1"", ""pct"": 10.209999999999999}]"
Jordan,Cape Verde,Neutral,1.185,0.998,39.3,31.0,29.8,40.2,6.1,10.0,29.8,5.3,8.6,56.3,43.7,"[{""score"": ""1 - 1"", ""pct"": 13.420000000000002}, {""score"": ""1 - 0"", ""pct"": 13.4}, {""score"": ""0 - 0"", ""pct"": 12.790000000000001}]"
Jordan,Panama,Neutral,1.267,1.2,38.2,28.2,33.6,37.2,6.3,8.7,34.0,5.9,7.9,52.1,47.9,"[{""score"": ""1 - 1"", ""pct"": 12.629999999999999}, {""score"": ""0 - 1"", ""pct"": 10.639999999999999}, {""score"": ""1 - 0"", ""pct"": 10.51}]"
Jordan,Ecuador,Neutral,0.617,1.666,12.5,24.9,62.6,12.2,2.5,3.7,63.3,7.7,10.6,18.4,81.6,"[{""score"": ""0 - 1"", ""pct"": 17.24}, {""score"": ""0 - 2"", ""pct"": 13.669999999999998}, {""score"": ""0 - 0"", ""pct"": 10.879999999999999}]"
Jordan,Egypt,Neutral,0.833,1.326,22.6,29.8,47.6,22.2,4.2,6.9,48.0,7.3,11.4,33.3,66.7,"[{""score"": ""0 - 1"", ""pct"": 15.14}, {""score"": ""1 - 1"", ""pct"": 12.72}, {""score"": ""0 - 0"", ""pct"": 12.65}]"
Jordan,Uruguay,Neutral,0.603,1.942,9.7,20.4,70.0,9.2,1.7,2.9,70.4,7.3,8.5,13.8,86.2,"[{""score"": ""0 - 1"", ""pct"": 16.53}, {""score"": ""0 - 2"", ""pct"": 13.71}, {""score"": ""0 - 3"", ""pct"": 9.629999999999999}]"
Jordan,Croatia,Neutral,0.714,2.072,10.9,20.2,68.9,10.9,2.0,3.0,69.3,7.1,7.7,15.8,84.2,"[{""score"": ""0 - 1"", ""pct"": 13.43}, {""score"": ""0 - 2"", ""pct"": 12.76}, {""score"": ""1 - 2"", ""pct"": 9.34}]"
Jordan,Ivory Coast,Neutral,0.838,1.444,20.4,28.7,50.9,19.8,4.2,6.2,52.0,7.4,10.4,30.2,69.8,"[{""score"": ""0 - 1"", ""pct"": 14.879999999999999}, {""score"": ""1 - 1"", ""pct"": 12.520000000000001}, {""score"": ""0 - 0"", ""pct"": 11.51}]"
Jordan,Saudi Arabia,Neutral,1.091,1.05,35.3,31.6,33.1,35.0,6.2,10.0,33.9,6.0,8.8,51.2,48.8,"[{""score"": ""1 - 1"", ""pct"": 13.669999999999998}, {""score"": ""0 - 0"", ""pct"": 13.11}, {""score"": ""1 - 0"", ""pct"": 12.46}]"
Jordan,South Africa,Neutral,1.078,1.133,32.3,31.2,36.5,33.2,6.1,9.0,36.0,6.2,9.4,48.4,51.6,"[{""score"": ""1 - 1"", ""pct"": 14.31}, {""score"": ""0 - 1"", ""pct"": 12.690000000000001}, {""score"": ""0 - 0"", ""pct"": 11.73}]"
Jordan,New Zealand,Neutral,1.202,0.821,44.7,31.5,23.7,44.0,7.1,12.2,23.9,4.4,8.4,63.3,36.7,"[{""score"": ""1 - 0"", ""pct"": 16.49}, {""score"": ""0 - 0"", ""pct"": 13.98}, {""score"": ""1 - 1"", ""pct"": 13.420000000000002}]"
Jordan,Belgium,Neutral,0.702,2.496,7.2,15.5,77.3,7.6,1.5,1.8,77.0,6.4,5.6,11.0,89.1,"[{""score"": ""0 - 2"", ""pct"": 13.04}, {""score"": ""0 - 1"", ""pct"": 10.76}, {""score"": ""0 - 3"", ""pct"": 10.45}]"
Ghana,Austria,Neutral,0.847,1.655,17.8,25.7,56.5,18.2,3.7,4.7,56.4,7.3,9.8,26.6,73.4,"[{""score"": ""0 - 1"", ""pct"": 13.73}, {""score"": ""1 - 1"", ""pct"": 11.64}, {""score"": ""0 - 2"", ""pct"": 11.21}]"
Ghana,Iran,Neutral,0.809,1.403,20.6,28.1,51.3,20.3,3.7,6.4,51.1,7.9,10.6,30.4,69.6,"[{""score"": ""0 - 1"", ""pct"": 15.509999999999998}, {""score"": ""1 - 1"", ""pct"": 12.2}, {""score"": ""0 - 0"", ""pct"": 11.97}]"
Ghana,Iraq,Neutral,1.106,0.9,39.7,31.7,28.7,39.9,6.7,11.0,27.9,5.2,9.3,57.6,42.4,"[{""score"": ""1 - 0"", ""pct"": 15.58}, {""score"": ""0 - 0"", ""pct"": 14.330000000000002}, {""score"": ""1 - 1"", ""pct"": 13.22}]"
Ghana,Jordan,Neutral,1.222,1.087,38.2,29.8,31.9,38.2,6.4,9.3,31.9,5.7,8.5,54.0,46.0,"[{""score"": ""1 - 1"", ""pct"": 13.01}, {""score"": ""1 - 0"", ""pct"": 12.23}, {""score"": ""0 - 0"", ""pct"": 10.879999999999999}]"
Ghana,Australia,Neutral,0.824,1.394,20.5,29.6,49.8,21.4,4.0,6.5,49.8,7.9,10.4,31.8,68.2,"[{""score"": ""0 - 1"", ""pct"": 14.95}, {""score"": ""1 - 1"", ""pct"": 12.889999999999999}, {""score"": ""0 - 0"", ""pct"": 12.61}]"
Ghana,Sweden,Neutral,0.935,1.727,18.4,24.5,57.1,19.6,3.4,5.2,55.4,7.6,8.8,28.2,71.8,"[{""score"": ""0 - 1"", ""pct"": 12.540000000000001}, {""score"": ""1 - 1"", ""pct"": 11.06}, {""score"": ""0 - 2"", ""pct"": 10.61}]"
Ghana,Paraguay,Neutral,0.78,1.29,21.5,30.5,48.0,21.0,4.2,6.7,48.5,7.8,11.7,32.0,68.0,"[{""score"": ""0 - 1"", ""pct"": 16.32}, {""score"": ""0 - 0"", ""pct"": 13.86}, {""score"": ""1 - 1"", ""pct"": 12.47}]"
Ghana,Switzerland,Neutral,0.779,1.891,13.6,22.2,64.2,13.4,2.7,3.3,65.0,7.1,8.5,19.4,80.6,"[{""score"": ""0 - 1"", ""pct"": 13.86}, {""score"": ""0 - 2"", ""pct"": 12.120000000000001}, {""score"": ""1 - 1"", ""pct"": 9.879999999999999}]"
Ghana,South Korea,Neutral,0.9,1.352,23.2,29.4,47.3,23.3,4.6,6.7,47.0,7.8,10.7,34.6,65.4,"[{""score"": ""0 - 1"", ""pct"": 14.330000000000002}, {""score"": ""1 - 1"", ""pct"": 12.75}, {""score"": ""0 - 0"", ""pct"": 11.77}]"
Ghana,Netherlands,Neutral,0.722,2.308,9.1,17.2,73.7,8.8,1.8,1.8,73.9,7.1,6.5,12.4,87.6,"[{""score"": ""0 - 2"", ""pct"": 12.889999999999999}, {""score"": ""0 - 1"", ""pct"": 12.22}, {""score"": ""1 - 2"", ""pct"": 9.1}]"
Ghana,United States,Neutral,0.991,1.422,25.4,27.4,47.2,25.4,4.4,6.5,46.3,7.5,9.9,36.3,63.7,"[{""score"": ""0 - 1"", ""pct"": 13.22}, {""score"": ""1 - 1"", ""pct"": 12.45}, {""score"": ""0 - 0"", ""pct"": 9.790000000000001}]"
Ghana,Haiti,Neutral,1.7,0.947,54.8,25.3,19.9,55.2,7.4,9.5,19.3,3.4,5.1,72.2,27.8,"[{""score"": ""1 - 0"", ""pct"": 11.99}, {""score"": ""1 - 1"", ""pct"": 11.12}, {""score"": ""2 - 0"", ""pct"": 11.01}]"
Ghana,Germany,Neutral,0.768,2.54,7.8,15.1,77.1,8.2,1.6,1.7,76.1,6.9,5.5,11.5,88.5,"[{""score"": ""0 - 2"", ""pct"": 12.42}, {""score"": ""0 - 1"", ""pct"": 9.98}, {""score"": ""0 - 3"", ""pct"": 9.4}]"
Ghana,Algeria,Neutral,0.962,1.597,21.5,26.4,52.0,21.6,4.3,5.8,51.7,7.5,9.0,31.8,68.2,"[{""score"": ""0 - 1"", ""pct"": 12.85}, {""score"": ""1 - 1"", ""pct"": 12.22}, {""score"": ""1 - 2"", ""pct"": 9.76}]"
Ghana,Bosnia and Herzegovina,Neutral,1.201,1.178,35.0,29.8,35.2,35.3,6.3,8.3,35.3,6.3,8.6,49.9,50.1,"[{""score"": ""1 - 1"", ""pct"": 13.79}, {""score"": ""1 - 0"", ""pct"": 10.620000000000001}, {""score"": ""0 - 1"", ""pct"": 10.280000000000001}]"
Ghana,Brazil,Neutral,0.517,2.492,5.2,13.7,81.0,4.8,1.0,1.2,82.0,6.0,5.1,6.9,93.1,"[{""score"": ""0 - 2"", ""pct"": 14.680000000000001}, {""score"": ""0 - 1"", ""pct"": 13.089999999999998}, {""score"": ""0 - 3"", ""pct"": 12.370000000000001}]"
Ghana,Colombia,Neutral,0.601,2.002,9.4,19.6,71.0,9.4,1.9,2.5,70.2,7.2,8.8,13.9,86.1,"[{""score"": ""0 - 1"", ""pct"": 15.229999999999999}, {""score"": ""0 - 2"", ""pct"": 15.049999999999999}, {""score"": ""0 - 3"", ""pct"": 9.49}]"
Ghana,Uzbekistan,Neutral,0.931,1.079,28.9,32.6,38.5,30.1,5.4,9.4,38.2,6.3,10.5,45.0,55.0,"[{""score"": ""0 - 1"", ""pct"": 14.75}, {""score"": ""0 - 0"", ""pct"": 14.510000000000002}, {""score"": ""1 - 1"", ""pct"": 13.669999999999998}]"
Ghana,Scotland,Neutral,0.934,1.462,22.7,27.9,49.5,23.1,4.2,6.5,48.9,7.2,10.1,33.8,66.2,"[{""score"": ""0 - 1"", ""pct"": 13.669999999999998}, {""score"": ""1 - 1"", ""pct"": 12.379999999999999}, {""score"": ""0 - 0"", ""pct"": 10.209999999999999}]"
Ghana,Spain,Neutral,0.531,2.73,4.2,11.8,84.0,3.9,0.8,0.9,84.2,5.4,4.8,5.7,94.3,"[{""score"": ""0 - 2"", ""pct"": 14.430000000000001}, {""score"": ""0 - 3"", ""pct"": 12.36}, {""score"": ""0 - 1"", ""pct"": 11.64}]"
Ghana,Senegal,Neutral,0.739,1.424,17.4,29.6,53.0,19.0,3.8,6.1,53.0,7.6,10.5,28.8,71.2,"[{""score"": ""0 - 1"", ""pct"": 16.919999999999998}, {""score"": ""0 - 0"", ""pct"": 13.08}, {""score"": ""1 - 1"", ""pct"": 12.280000000000001}]"
Ghana,Canada,Neutral,0.943,1.29,26.8,28.8,44.3,26.3,4.7,7.7,43.9,7.1,10.3,38.7,61.3,"[{""score"": ""0 - 1"", ""pct"": 14.21}, {""score"": ""1 - 1"", ""pct"": 12.97}, {""score"": ""0 - 0"", ""pct"": 11.219999999999999}]"
Ghana,Argentina,Neutral,0.444,2.271,5.0,15.3,79.8,5.0,0.9,1.5,78.4,6.8,7.5,7.3,92.7,"[{""score"": ""0 - 2"", ""pct"": 17.130000000000003}, {""score"": ""0 - 1"", ""pct"": 16.0}, {""score"": ""0 - 3"", ""pct"": 12.889999999999999}]"
Ghana,England,Neutral,0.504,2.2,5.7,17.3,77.0,5.9,1.1,1.8,77.4,6.8,7.0,8.8,91.2,"[{""score"": ""0 - 2"", ""pct"": 16.79}, {""score"": ""0 - 1"", ""pct"": 14.330000000000002}, {""score"": ""0 - 3"", ""pct"": 11.64}]"
Ghana,Tunisia,Neutral,0.833,1.162,25.1,32.2,42.7,24.8,5.1,8.4,43.3,6.6,11.9,38.3,61.7,"[{""score"": ""0 - 1"", ""pct"": 15.73}, {""score"": ""0 - 0"", ""pct"": 14.66}, {""score"": ""1 - 1"", ""pct"": 13.56}]"
Ghana,Turkey,Neutral,0.966,1.752,19.3,25.0,55.8,19.5,3.4,4.8,56.5,7.7,8.2,27.6,72.4,"[{""score"": ""0 - 1"", ""pct"": 11.74}, {""score"": ""1 - 1"", ""pct"": 11.23}, {""score"": ""1 - 2"", ""pct"": 9.89}]"
Ghana,Morocco,Neutral,0.558,1.513,13.1,26.2,60.8,12.3,2.6,4.2,61.2,8.1,11.7,19.1,80.9,"[{""score"": ""0 - 1"", ""pct"": 20.07}, {""score"": ""0 - 2"", ""pct"": 13.66}, {""score"": ""0 - 0"", ""pct"": 12.91}]"
Ghana,Mexico,Neutral,0.771,1.413,19.0,29.5,51.5,19.9,4.0,5.9,52.3,7.5,10.5,29.7,70.3,"[{""score"": ""0 - 1"", ""pct"": 16.36}, {""score"": ""1 - 1"", ""pct"": 12.93}, {""score"": ""0 - 0"", ""pct"": 12.709999999999999}]"
Ghana,DR Congo,Neutral,0.957,1.019,31.3,33.4,35.3,32.1,5.7,10.4,34.6,6.1,11.0,48.2,51.7,"[{""score"": ""0 - 0"", ""pct"": 15.659999999999998}, {""score"": ""0 - 1"", ""pct"": 13.99}, {""score"": ""1 - 1"", ""pct"": 13.74}]"
Ghana,Norway,Neutral,0.868,1.886,15.7,22.3,62.0,15.3,3.2,4.0,61.8,7.6,8.2,22.5,77.6,"[{""score"": ""0 - 1"", ""pct"": 12.97}, {""score"": ""0 - 2"", ""pct"": 11.08}, {""score"": ""1 - 1"", ""pct"": 10.12}]"
Ghana,Japan,Neutral,0.787,1.684,16.5,25.4,58.1,15.7,3.0,4.9,59.2,8.0,9.3,23.5,76.5,"[{""score"": ""0 - 1"", ""pct"": 14.6}, {""score"": ""1 - 1"", ""pct"": 11.709999999999999}, {""score"": ""0 - 2"", ""pct"": 11.43}]"
Ghana,Qatar,Neutral,1.535,1.062,47.8,26.8,25.4,48.5,7.2,8.9,24.9,4.5,6.0,64.6,35.4,"[{""score"": ""1 - 1"", ""pct"": 12.540000000000001}, {""score"": ""1 - 0"", ""pct"": 11.85}, {""score"": ""2 - 1"", ""pct"": 9.610000000000001}]"
Ghana,Czech Republic,Neutral,0.957,1.492,22.9,27.5,49.6,23.8,4.0,6.6,49.2,7.3,9.1,34.4,65.6,"[{""score"": ""0 - 1"", ""pct"": 12.97}, {""score"": ""1 - 1"", ""pct"": 12.29}, {""score"": ""0 - 0"", ""pct"": 9.87}]"
Ghana,France,Neutral,0.574,2.261,6.9,16.6,76.5,6.7,1.4,1.7,76.9,6.5,6.8,9.8,90.2,"[{""score"": ""0 - 2"", ""pct"": 15.64}, {""score"": ""0 - 1"", ""pct"": 14.000000000000002}, {""score"": ""0 - 3"", ""pct"": 10.73}]"
Ghana,Portugal,Neutral,0.608,2.374,7.0,15.3,77.7,6.6,1.1,1.6,78.5,6.5,5.6,9.4,90.6,"[{""score"": ""0 - 2"", ""pct"": 13.69}, {""score"": ""0 - 1"", ""pct"": 12.7}, {""score"": ""0 - 3"", ""pct"": 11.09}]"
Ghana,Curaçao,Neutral,1.866,0.711,65.0,22.6,12.4,64.5,7.4,9.3,12.7,2.6,3.5,81.2,18.8,"[{""score"": ""1 - 0"", ""pct"": 14.81}, {""score"": ""2 - 0"", ""pct"": 12.93}, {""score"": ""2 - 1"", ""pct"": 9.32}]"
Ghana,Cape Verde,Neutral,1.193,0.894,41.2,31.5,27.3,42.5,6.9,10.8,26.7,4.9,8.2,60.2,39.8,"[{""score"": ""1 - 0"", ""pct"": 13.68}, {""score"": ""1 - 1"", ""pct"": 13.51}, {""score"": ""0 - 0"", ""pct"": 13.459999999999999}]"
Ghana,Panama,Neutral,1.275,1.074,40.2,29.8,29.9,40.8,6.6,9.8,29.9,5.5,7.4,57.2,42.8,"[{""score"": ""1 - 1"", ""pct"": 13.69}, {""score"": ""1 - 0"", ""pct"": 12.15}, {""score"": ""0 - 0"", ""pct"": 10.37}]"
Ghana,Ecuador,Neutral,0.622,1.492,14.1,26.4,59.5,14.5,2.7,4.5,58.0,8.2,12.0,21.8,78.2,"[{""score"": ""0 - 1"", ""pct"": 18.85}, {""score"": ""0 - 2"", ""pct"": 13.13}, {""score"": ""0 - 0"", ""pct"": 12.809999999999999}]"
Ghana,Egypt,Neutral,0.838,1.188,24.9,31.8,43.4,24.1,4.4,7.7,44.9,7.3,11.6,36.3,63.7,"[{""score"": ""0 - 1"", ""pct"": 15.379999999999999}, {""score"": ""0 - 0"", ""pct"": 14.13}, {""score"": ""1 - 1"", ""pct"": 13.58}]"
Ghana,Uruguay,Neutral,0.607,1.739,11.2,23.4,65.4,11.8,2.0,3.4,65.3,7.6,9.9,17.2,82.8,"[{""score"": ""0 - 1"", ""pct"": 17.73}, {""score"": ""0 - 2"", ""pct"": 13.900000000000002}, {""score"": ""0 - 0"", ""pct"": 10.440000000000001}]"
Ghana,Croatia,Neutral,0.719,1.856,12.8,22.4,64.8,13.0,2.3,3.2,64.2,7.7,9.6,18.5,81.5,"[{""score"": ""0 - 1"", ""pct"": 14.67}, {""score"": ""0 - 2"", ""pct"": 12.91}, {""score"": ""1 - 1"", ""pct"": 10.100000000000001}]"
Ghana,Ivory Coast,Neutral,0.843,1.294,23.4,30.6,46.0,24.3,4.4,7.3,46.1,7.4,10.6,36.0,64.0,"[{""score"": ""0 - 1"", ""pct"": 14.97}, {""score"": ""0 - 0"", ""pct"": 13.07}, {""score"": ""1 - 1"", ""pct"": 13.04}]"
Ghana,Saudi Arabia,Neutral,1.099,0.941,39.1,32.4,28.4,37.4,6.9,10.9,30.5,5.6,8.6,55.2,44.8,"[{""score"": ""1 - 0"", ""pct"": 14.77}, {""score"": ""0 - 0"", ""pct"": 14.360000000000001}, {""score"": ""1 - 1"", ""pct"": 13.55}]"
Ghana,South Africa,Neutral,1.086,1.015,36.5,31.4,32.1,35.9,6.2,10.4,31.8,6.1,9.6,52.5,47.5,"[{""score"": ""0 - 0"", ""pct"": 13.919999999999998}, {""score"": ""1 - 1"", ""pct"": 13.08}, {""score"": ""1 - 0"", ""pct"": 13.08}]"
Ghana,New Zealand,Neutral,1.21,0.735,47.1,31.2,21.7,46.9,7.6,12.6,21.2,4.3,7.3,67.1,32.9,"[{""score"": ""1 - 0"", ""pct"": 17.04}, {""score"": ""0 - 0"", ""pct"": 15.049999999999999}, {""score"": ""1 - 1"", ""pct"": 12.73}]"
Ghana,Belgium,Neutral,0.707,2.235,9.2,18.4,72.5,9.3,1.8,2.2,72.7,7.0,7.0,13.3,86.7,"[{""score"": ""0 - 2"", ""pct"": 13.459999999999999}, {""score"": ""0 - 1"", ""pct"": 12.030000000000001}, {""score"": ""0 - 3"", ""pct"": 9.77}]"
Australia,Austria,Neutral,1.079,1.246,30.4,29.8,39.8,30.2,5.4,8.2,40.2,6.7,9.2,43.9,56.1,"[{""score"": ""1 - 1"", ""pct"": 12.959999999999999}, {""score"": ""0 - 1"", ""pct"": 12.16}, {""score"": ""0 - 0"", ""pct"": 11.24}]"
Australia,Iran,Neutral,1.03,1.056,32.6,32.0,35.4,33.4,6.1,9.6,35.1,6.1,9.8,49.1,51.0,"[{""score"": ""0 - 0"", ""pct"": 13.69}, {""score"": ""1 - 1"", ""pct"": 13.63}, {""score"": ""0 - 1"", ""pct"": 13.07}]"
Australia,Iraq,Neutral,1.409,0.678,53.8,29.6,16.7,54.0,7.8,11.8,17.1,3.4,5.9,73.6,26.4,"[{""score"": ""1 - 0"", ""pct"": 17.849999999999998}, {""score"": ""0 - 0"", ""pct"": 13.79}, {""score"": ""1 - 1"", ""pct"": 12.07}]"
Australia,Jordan,Neutral,1.556,0.818,54.5,27.2,18.3,54.4,7.5,10.0,18.8,3.6,5.6,71.9,28.1,"[{""score"": ""1 - 0"", ""pct"": 14.69}, {""score"": ""1 - 1"", ""pct"": 12.049999999999999}, {""score"": ""2 - 0"", ""pct"": 10.84}]"
Australia,Ghana,Neutral,1.394,0.824,51.3,28.1,20.6,49.7,7.2,12.0,20.2,4.2,6.7,69.0,31.0,"[{""score"": ""1 - 0"", ""pct"": 16.45}, {""score"": ""1 - 1"", ""pct"": 12.02}, {""score"": ""0 - 0"", ""pct"": 11.63}]"
Australia,Sweden,Neutral,1.191,1.3,34.1,27.4,38.4,34.7,5.2,7.5,37.6,6.5,8.4,47.4,52.6,"[{""score"": ""1 - 1"", ""pct"": 12.17}, {""score"": ""0 - 1"", ""pct"": 10.85}, {""score"": ""1 - 0"", ""pct"": 10.639999999999999}]"
Australia,Paraguay,Neutral,0.993,0.971,33.9,33.2,32.9,34.8,5.7,10.5,32.9,5.6,10.5,51.0,49.0,"[{""score"": ""0 - 0"", ""pct"": 15.079999999999998}, {""score"": ""1 - 1"", ""pct"": 13.76}, {""score"": ""0 - 1"", ""pct"": 13.450000000000001}]"
Australia,Switzerland,Neutral,0.992,1.424,25.0,29.0,46.0,24.2,5.0,6.7,46.8,7.5,9.8,35.8,64.2,"[{""score"": ""1 - 1"", ""pct"": 12.65}, {""score"": ""0 - 1"", ""pct"": 12.6}, {""score"": ""0 - 0"", ""pct"": 10.91}]"
Australia,South Korea,Neutral,1.146,1.018,37.7,30.6,31.6,38.7,6.1,9.9,30.8,5.5,9.0,54.7,45.3,"[{""score"": ""1 - 0"", ""pct"": 13.51}, {""score"": ""1 - 1"", ""pct"": 13.43}, {""score"": ""0 - 0"", ""pct"": 12.25}]"
Australia,Netherlands,Neutral,0.92,1.738,18.1,25.4,56.5,18.4,3.5,4.6,56.9,7.6,9.0,26.5,73.4,"[{""score"": ""0 - 1"", ""pct"": 12.370000000000001}, {""score"": ""1 - 1"", ""pct"": 11.59}, {""score"": ""0 - 2"", ""pct"": 9.969999999999999}]"
Australia,United States,Neutral,1.262,1.071,40.5,28.9,30.6,40.0,6.1,9.8,30.4,5.6,8.2,55.8,44.2,"[{""score"": ""1 - 1"", ""pct"": 13.13}, {""score"": ""1 - 0"", ""pct"": 12.379999999999999}, {""score"": ""0 - 0"", ""pct"": 10.32}]"
Australia,Haiti,Neutral,2.166,0.713,71.8,18.6,9.6,71.2,7.5,7.4,9.5,1.9,2.4,86.1,13.9,"[{""score"": ""2 - 0"", ""pct"": 13.44}, {""score"": ""1 - 0"", ""pct"": 12.86}, {""score"": ""2 - 1"", ""pct"": 9.42}]"
Australia,Germany,Neutral,0.978,1.912,17.9,22.6,59.6,17.5,3.4,4.4,59.1,7.3,8.3,25.3,74.7,"[{""score"": ""0 - 1"", ""pct"": 11.31}, {""score"": ""1 - 1"", ""pct"": 10.33}, {""score"": ""1 - 2"", ""pct"": 10.17}]"
Australia,Algeria,Neutral,1.225,1.202,36.4,28.4,35.2,36.1,6.0,8.5,34.8,6.1,8.6,50.5,49.5,"[{""score"": ""1 - 1"", ""pct"": 13.04}, {""score"": ""1 - 0"", ""pct"": 10.69}, {""score"": ""0 - 1"", ""pct"": 10.63}]"
Australia,Bosnia and Herzegovina,Neutral,1.53,0.887,52.3,27.6,20.2,51.7,7.8,9.7,20.9,4.2,5.7,69.2,30.8,"[{""score"": ""1 - 0"", ""pct"": 14.91}, {""score"": ""1 - 1"", ""pct"": 12.04}, {""score"": ""2 - 0"", ""pct"": 10.209999999999999}]"
Australia,Brazil,Neutral,0.659,1.876,11.6,22.0,66.4,11.2,2.0,3.1,66.9,7.7,9.2,16.3,83.7,"[{""score"": ""0 - 1"", ""pct"": 15.52}, {""score"": ""0 - 2"", ""pct"": 13.96}, {""score"": ""1 - 1"", ""pct"": 9.93}]"
Australia,Colombia,Neutral,0.765,1.507,17.7,27.4,54.9,18.2,3.3,5.6,54.5,7.7,10.7,27.1,72.9,"[{""score"": ""0 - 1"", ""pct"": 15.299999999999999}, {""score"": ""1 - 1"", ""pct"": 11.53}, {""score"": ""0 - 2"", ""pct"": 11.34}]"
Australia,Uzbekistan,Neutral,1.186,0.812,44.5,31.8,23.8,44.6,7.0,11.8,24.0,4.4,8.2,63.4,36.6,"[{""score"": ""1 - 0"", ""pct"": 15.8}, {""score"": ""0 - 0"", ""pct"": 14.42}, {""score"": ""1 - 1"", ""pct"": 13.44}]"
Australia,Scotland,Neutral,1.19,1.1,37.5,29.2,33.3,38.2,6.1,9.3,32.7,5.4,8.3,53.6,46.4,"[{""score"": ""1 - 1"", ""pct"": 12.68}, {""score"": ""1 - 0"", ""pct"": 12.19}, {""score"": ""0 - 1"", ""pct"": 11.200000000000001}]"
Australia,Spain,Neutral,0.677,2.055,10.0,20.2,69.8,9.8,2.2,2.6,70.1,7.6,7.8,14.5,85.5,"[{""score"": ""0 - 1"", ""pct"": 14.149999999999999}, {""score"": ""0 - 2"", ""pct"": 13.48}, {""score"": ""1 - 2"", ""pct"": 9.4}]"
Australia,Senegal,Neutral,0.941,1.072,29.8,32.7,37.5,30.6,5.4,9.9,37.5,5.9,10.6,45.9,54.1,"[{""score"": ""0 - 0"", ""pct"": 14.75}, {""score"": ""0 - 1"", ""pct"": 14.399999999999999}, {""score"": ""1 - 1"", ""pct"": 13.69}]"
Australia,Canada,Neutral,1.201,0.971,40.6,30.8,28.5,40.9,6.6,10.0,28.7,5.6,8.2,57.5,42.5,"[{""score"": ""1 - 0"", ""pct"": 13.639999999999999}, {""score"": ""1 - 1"", ""pct"": 13.569999999999999}, {""score"": ""0 - 0"", ""pct"": 12.19}]"
Australia,Argentina,Neutral,0.565,1.71,11.0,24.1,65.0,10.7,1.9,3.4,66.6,7.4,10.0,16.0,84.0,"[{""score"": ""0 - 1"", ""pct"": 17.54}, {""score"": ""0 - 2"", ""pct"": 14.42}, {""score"": ""0 - 0"", ""pct"": 11.21}]"
Australia,England,Neutral,0.641,1.656,13.4,24.5,62.1,13.1,2.7,4.2,61.3,8.2,10.4,20.1,79.9,"[{""score"": ""0 - 1"", ""pct"": 17.76}, {""score"": ""0 - 2"", ""pct"": 12.920000000000002}, {""score"": ""0 - 0"", ""pct"": 10.77}]"
Australia,Tunisia,Neutral,1.061,0.875,38.4,33.5,28.2,38.3,7.0,11.4,28.1,5.8,9.4,56.7,43.3,"[{""score"": ""0 - 0"", ""pct"": 16.06}, {""score"": ""1 - 0"", ""pct"": 15.55}, {""score"": ""1 - 1"", ""pct"": 13.389999999999999}]"
Australia,Turkey,Neutral,1.231,1.319,32.9,28.4,38.7,34.0,5.9,7.5,37.7,6.4,8.6,47.3,52.7,"[{""score"": ""1 - 1"", ""pct"": 12.97}, {""score"": ""0 - 1"", ""pct"": 10.99}, {""score"": ""1 - 0"", ""pct"": 9.700000000000001}]"
Australia,Morocco,Neutral,0.711,1.139,21.8,32.0,46.2,21.2,4.5,8.1,45.6,7.4,13.3,33.7,66.3,"[{""score"": ""0 - 1"", ""pct"": 18.82}, {""score"": ""0 - 0"", ""pct"": 16.35}, {""score"": ""1 - 1"", ""pct"": 12.889999999999999}]"
Australia,Mexico,Neutral,0.981,1.063,31.8,32.6,35.6,31.7,5.9,9.0,36.4,6.2,10.8,46.6,53.4,"[{""score"": ""0 - 0"", ""pct"": 14.540000000000001}, {""score"": ""1 - 1"", ""pct"": 13.65}, {""score"": ""0 - 1"", ""pct"": 13.320000000000002}]"
Australia,DR Congo,Neutral,1.219,0.767,46.4,31.1,22.5,46.7,7.4,11.9,21.6,4.5,7.8,66.0,34.0,"[{""score"": ""1 - 0"", ""pct"": 17.119999999999997}, {""score"": ""0 - 0"", ""pct"": 14.6}, {""score"": ""1 - 1"", ""pct"": 12.73}]"
Australia,Norway,Neutral,1.105,1.42,28.4,27.4,44.2,28.7,5.2,6.8,43.7,7.1,8.5,40.7,59.3,"[{""score"": ""1 - 1"", ""pct"": 12.78}, {""score"": ""0 - 1"", ""pct"": 11.82}, {""score"": ""1 - 2"", ""pct"": 9.36}]"
Australia,Japan,Neutral,1.002,1.268,28.2,29.7,42.0,29.0,5.0,7.8,41.8,6.7,9.8,41.7,58.3,"[{""score"": ""1 - 1"", ""pct"": 13.3}, {""score"": ""0 - 1"", ""pct"": 13.15}, {""score"": ""0 - 0"", ""pct"": 11.18}]"
Australia,Qatar,Neutral,1.954,0.799,65.1,21.8,13.2,64.5,7.4,8.4,13.7,2.7,3.3,80.4,19.6,"[{""score"": ""1 - 0"", ""pct"": 13.469999999999999}, {""score"": ""2 - 0"", ""pct"": 12.33}, {""score"": ""1 - 1"", ""pct"": 9.610000000000001}]"
Australia,Czech Republic,Neutral,1.219,1.123,38.0,29.8,32.2,37.4,6.1,9.3,32.8,6.2,8.2,52.8,47.2,"[{""score"": ""1 - 1"", ""pct"": 13.03}, {""score"": ""1 - 0"", ""pct"": 11.84}, {""score"": ""0 - 0"", ""pct"": 10.82}]"
Australia,France,Neutral,0.731,1.702,14.8,24.6,60.6,15.0,2.9,4.2,60.8,7.9,9.2,22.1,77.9,"[{""score"": ""0 - 1"", ""pct"": 15.09}, {""score"": ""0 - 2"", ""pct"": 12.13}, {""score"": ""1 - 1"", ""pct"": 10.870000000000001}]"
Australia,Portugal,Neutral,0.774,1.787,14.5,23.4,62.0,14.7,2.5,4.2,61.5,7.8,9.3,21.4,78.6,"[{""score"": ""0 - 1"", ""pct"": 14.27}, {""score"": ""0 - 2"", ""pct"": 11.98}, {""score"": ""1 - 1"", ""pct"": 10.56}]"
Australia,Curaçao,Neutral,2.377,0.536,79.0,15.1,5.9,78.4,6.6,6.4,5.9,1.1,1.5,91.5,8.5,"[{""score"": ""2 - 0"", ""pct"": 15.43}, {""score"": ""1 - 0"", ""pct"": 13.469999999999999}, {""score"": ""3 - 0"", ""pct"": 11.99}]"
Australia,Cape Verde,Neutral,1.519,0.673,58.4,26.6,15.0,57.6,7.9,10.9,15.8,2.8,5.0,76.5,23.5,"[{""score"": ""1 - 0"", ""pct"": 17.11}, {""score"": ""2 - 0"", ""pct"": 12.64}, {""score"": ""0 - 0"", ""pct"": 11.98}]"
Australia,Panama,Neutral,1.624,0.809,56.5,25.6,17.8,57.2,7.3,10.3,16.9,3.5,4.8,74.8,25.2,"[{""score"": ""1 - 0"", ""pct"": 14.59}, {""score"": ""1 - 1"", ""pct"": 11.64}, {""score"": ""2 - 0"", ""pct"": 11.24}]"
Australia,Ecuador,Neutral,0.792,1.123,24.4,32.6,43.1,24.3,4.8,8.6,42.7,7.0,12.7,37.7,62.3,"[{""score"": ""0 - 1"", ""pct"": 16.57}, {""score"": ""0 - 0"", ""pct"": 15.72}, {""score"": ""1 - 1"", ""pct"": 13.469999999999999}]"
Australia,Egypt,Neutral,1.068,0.894,38.6,32.6,28.8,38.1,6.8,11.4,28.9,5.4,9.4,56.3,43.7,"[{""score"": ""0 - 0"", ""pct"": 15.25}, {""score"": ""1 - 0"", ""pct"": 14.499999999999998}, {""score"": ""1 - 1"", ""pct"": 13.469999999999999}]"
Australia,Uruguay,Neutral,0.773,1.309,21.4,30.3,48.3,20.8,4.5,7.2,48.0,7.2,12.4,32.4,67.6,"[{""score"": ""0 - 1"", ""pct"": 15.5}, {""score"": ""0 - 0"", ""pct"": 13.13}, {""score"": ""1 - 1"", ""pct"": 12.9}]"
Australia,Croatia,Neutral,0.916,1.397,23.9,28.3,47.8,23.8,4.2,6.3,48.3,7.3,10.2,34.3,65.7,"[{""score"": ""0 - 1"", ""pct"": 14.069999999999999}, {""score"": ""1 - 1"", ""pct"": 12.370000000000001}, {""score"": ""0 - 0"", ""pct"": 10.82}]"
Australia,Ivory Coast,Neutral,1.074,0.974,37.2,32.1,30.7,36.7,6.4,10.8,31.1,5.8,9.3,53.9,46.1,"[{""score"": ""0 - 0"", ""pct"": 14.360000000000001}, {""score"": ""1 - 0"", ""pct"": 14.16}, {""score"": ""1 - 1"", ""pct"": 13.19}]"
Australia,Saudi Arabia,Neutral,1.399,0.708,53.6,28.3,18.1,53.6,7.9,11.9,17.6,3.6,5.5,73.3,26.7,"[{""score"": ""1 - 0"", ""pct"": 16.86}, {""score"": ""0 - 0"", ""pct"": 12.950000000000001}, {""score"": ""2 - 0"", ""pct"": 11.92}]"
Australia,South Africa,Neutral,1.383,0.764,51.0,28.9,20.1,51.0,7.5,11.6,19.4,3.8,6.7,70.1,29.9,"[{""score"": ""1 - 0"", ""pct"": 16.3}, {""score"": ""0 - 0"", ""pct"": 12.770000000000001}, {""score"": ""1 - 1"", ""pct"": 12.29}]"
Australia,New Zealand,Neutral,1.541,0.554,62.5,25.4,12.1,62.3,7.9,11.5,11.9,2.2,4.2,81.6,18.4,"[{""score"": ""1 - 0"", ""pct"": 19.46}, {""score"": ""2 - 0"", ""pct"": 14.330000000000002}, {""score"": ""0 - 0"", ""pct"": 12.97}]"
Australia,Belgium,Neutral,0.9,1.683,19.4,25.1,55.5,19.1,3.6,4.8,56.5,7.1,8.9,27.5,72.5,"[{""score"": ""0 - 1"", ""pct"": 13.29}, {""score"": ""1 - 1"", ""pct"": 11.66}, {""score"": ""0 - 2"", ""pct"": 10.459999999999999}]"
Sweden,Austria,Neutral,1.337,1.414,35.3,26.2,38.4,34.0,5.7,7.7,38.2,6.2,8.2,47.4,52.6,"[{""score"": ""1 - 1"", ""pct"": 12.030000000000001}, {""score"": ""0 - 1"", ""pct"": 9.3}, {""score"": ""1 - 0"", ""pct"": 8.5}]"
Sweden,Iran,Neutral,1.276,1.199,37.1,29.3,33.6,37.1,6.5,8.4,34.3,5.8,7.9,51.9,48.1,"[{""score"": ""1 - 1"", ""pct"": 12.93}, {""score"": ""1 - 0"", ""pct"": 10.979999999999999}, {""score"": ""0 - 1"", ""pct"": 10.18}]"
Sweden,Iraq,Neutral,1.746,0.769,60.9,24.0,15.2,61.2,7.5,9.8,14.3,2.9,4.3,78.5,21.5,"[{""score"": ""1 - 0"", ""pct"": 14.680000000000001}, {""score"": ""2 - 0"", ""pct"": 11.790000000000001}, {""score"": ""1 - 1"", ""pct"": 10.65}]"
Sweden,Jordan,Neutral,1.928,0.929,61.4,21.9,16.7,61.2,7.3,8.4,16.2,3.0,3.9,76.9,23.1,"[{""score"": ""1 - 0"", ""pct"": 12.34}, {""score"": ""2 - 0"", ""pct"": 10.34}, {""score"": ""1 - 1"", ""pct"": 9.75}]"
Sweden,Ghana,Neutral,1.727,0.935,56.6,24.1,19.3,56.9,7.6,8.9,18.9,3.5,4.3,73.3,26.7,"[{""score"": ""1 - 0"", ""pct"": 12.540000000000001}, {""score"": ""1 - 1"", ""pct"": 11.110000000000001}, {""score"": ""2 - 0"", ""pct"": 10.36}]"
Sweden,Australia,Neutral,1.3,1.191,38.0,28.4,33.6,38.0,6.7,8.8,33.0,5.9,7.7,53.5,46.5,"[{""score"": ""1 - 1"", ""pct"": 13.08}, {""score"": ""1 - 0"", ""pct"": 10.620000000000001}, {""score"": ""0 - 1"", ""pct"": 10.27}]"
Sweden,Paraguay,Neutral,1.231,1.102,38.7,29.4,31.8,38.2,6.4,8.9,31.9,5.8,8.8,53.5,46.5,"[{""score"": ""1 - 1"", ""pct"": 12.959999999999999}, {""score"": ""1 - 0"", ""pct"": 11.81}, {""score"": ""0 - 0"", ""pct"": 10.86}]"
Sweden,Switzerland,Neutral,1.229,1.616,28.3,24.9,46.8,29.0,5.0,6.0,45.1,6.6,8.3,40.0,60.0,"[{""score"": ""1 - 1"", ""pct"": 11.25}, {""score"": ""1 - 2"", ""pct"": 9.71}, {""score"": ""0 - 1"", ""pct"": 9.06}]"
Sweden,South Korea,Neutral,1.421,1.155,42.7,27.9,29.4,42.6,6.4,8.7,29.8,5.4,7.1,57.7,42.3,"[{""score"": ""1 - 1"", ""pct"": 12.520000000000001}, {""score"": ""1 - 0"", ""pct"": 11.06}, {""score"": ""2 - 1"", ""pct"": 9.13}]"
Sweden,Netherlands,Neutral,1.14,1.972,19.4,22.8,57.8,20.7,3.5,4.3,57.3,7.1,7.1,28.5,71.5,"[{""score"": ""1 - 1"", ""pct"": 10.0}, {""score"": ""0 - 1"", ""pct"": 9.9}, {""score"": ""1 - 2"", ""pct"": 9.81}]"
Sweden,United States,Neutral,1.564,1.215,45.7,25.9,28.3,45.3,7.2,7.7,28.0,5.3,6.5,60.2,39.8,"[{""score"": ""1 - 1"", ""pct"": 11.68}, {""score"": ""1 - 0"", ""pct"": 10.16}, {""score"": ""2 - 1"", ""pct"": 9.29}]"
Sweden,Haiti,Neutral,2.684,0.809,78.4,14.1,7.5,77.5,6.3,5.1,8.2,1.4,1.6,88.8,11.2,"[{""score"": ""2 - 0"", ""pct"": 11.18}, {""score"": ""3 - 0"", ""pct"": 9.25}, {""score"": ""1 - 0"", ""pct"": 9.11}]"
Sweden,Germany,Neutral,1.212,2.171,18.9,20.6,60.5,19.9,3.4,3.6,59.1,7.5,6.5,26.9,73.1,"[{""score"": ""1 - 2"", ""pct"": 9.879999999999999}, {""score"": ""1 - 1"", ""pct"": 8.870000000000001}, {""score"": ""0 - 2"", ""pct"": 7.6499999999999995}]"
Sweden,Algeria,Neutral,1.518,1.364,41.9,25.7,32.4,41.6,6.8,7.2,32.6,5.4,6.4,55.6,44.4,"[{""score"": ""1 - 1"", ""pct"": 11.39}, {""score"": ""1 - 0"", ""pct"": 9.1}, {""score"": ""2 - 1"", ""pct"": 8.86}]"
Sweden,Bosnia and Herzegovina,Neutral,1.896,1.006,58.5,23.1,18.4,59.0,7.2,8.1,18.8,3.1,3.9,74.2,25.8,"[{""score"": ""1 - 0"", ""pct"": 11.31}, {""score"": ""1 - 1"", ""pct"": 10.9}, {""score"": ""2 - 1"", ""pct"": 10.27}]"
Sweden,Brazil,Neutral,0.816,2.13,11.8,20.7,67.4,12.2,2.3,2.7,68.3,7.5,7.0,17.3,82.7,"[{""score"": ""0 - 1"", ""pct"": 11.59}, {""score"": ""0 - 2"", ""pct"": 11.5}, {""score"": ""1 - 1"", ""pct"": 9.67}]"
Sweden,Colombia,Neutral,0.948,1.71,19.1,25.4,55.4,20.5,4.2,4.4,54.1,7.3,9.5,29.1,70.9,"[{""score"": ""0 - 1"", ""pct"": 12.709999999999999}, {""score"": ""1 - 1"", ""pct"": 11.24}, {""score"": ""0 - 2"", ""pct"": 9.92}]"
Sweden,Uzbekistan,Neutral,1.47,0.922,49.2,27.8,23.1,49.6,7.3,10.1,22.2,4.3,6.5,67.0,33.0,"[{""score"": ""1 - 0"", ""pct"": 13.639999999999999}, {""score"": ""1 - 1"", ""pct"": 12.34}, {""score"": ""0 - 0"", ""pct"": 10.37}]"
Sweden,Scotland,Neutral,1.474,1.249,42.1,26.8,31.1,41.2,6.4,8.4,31.5,5.6,6.9,56.1,43.9,"[{""score"": ""1 - 1"", ""pct"": 11.67}, {""score"": ""1 - 0"", ""pct"": 10.040000000000001}, {""score"": ""2 - 1"", ""pct"": 9.1}]"
Sweden,Spain,Neutral,0.839,2.333,10.1,18.1,71.8,10.4,2.1,2.4,71.1,7.4,6.6,15.0,85.0,"[{""score"": ""0 - 2"", ""pct"": 11.27}, {""score"": ""0 - 1"", ""pct"": 10.4}, {""score"": ""1 - 2"", ""pct"": 9.68}]"
Sweden,Senegal,Neutral,1.167,1.217,34.3,28.8,36.9,34.1,6.0,8.0,37.1,6.0,8.8,48.1,51.9,"[{""score"": ""1 - 1"", ""pct"": 13.11}, {""score"": ""0 - 1"", ""pct"": 11.15}, {""score"": ""1 - 0"", ""pct"": 11.07}]"
Sweden,Canada,Neutral,1.488,1.103,45.5,27.6,27.0,45.9,6.9,8.8,27.0,5.1,6.4,61.5,38.5,"[{""score"": ""1 - 1"", ""pct"": 12.1}, {""score"": ""1 - 0"", ""pct"": 10.83}, {""score"": ""0 - 0"", ""pct"": 9.030000000000001}]"
Sweden,Argentina,Neutral,0.7,1.941,11.5,21.4,67.2,11.6,2.0,3.3,67.3,7.5,8.4,16.9,83.1,"[{""score"": ""0 - 1"", ""pct"": 14.680000000000001}, {""score"": ""0 - 2"", ""pct"": 12.959999999999999}, {""score"": ""1 - 2"", ""pct"": 9.89}]"
Sweden,England,Neutral,0.795,1.88,13.8,22.6,63.6,14.5,2.8,3.6,62.7,7.4,8.9,20.9,79.1,"[{""score"": ""0 - 1"", ""pct"": 13.34}, {""score"": ""0 - 2"", ""pct"": 11.940000000000001}, {""score"": ""1 - 2"", ""pct"": 10.059999999999999}]"
Sweden,Tunisia,Neutral,1.315,0.993,43.5,29.3,27.2,44.1,6.9,9.6,26.9,5.1,7.5,60.6,39.4,"[{""score"": ""1 - 0"", ""pct"": 12.85}, {""score"": ""1 - 1"", ""pct"": 12.839999999999998}, {""score"": ""0 - 0"", ""pct"": 11.5}]"
Sweden,Turkey,Neutral,1.525,1.497,38.0,26.3,35.6,37.7,6.2,6.7,36.9,6.1,6.3,50.6,49.4,"[{""score"": ""1 - 1"", ""pct"": 11.65}, {""score"": ""2 - 1"", ""pct"": 8.55}, {""score"": ""1 - 2"", ""pct"": 8.1}]"
Sweden,Morocco,Neutral,0.881,1.293,24.2,30.2,45.6,24.5,4.6,7.2,46.2,7.4,10.0,36.3,63.7,"[{""score"": ""0 - 1"", ""pct"": 14.63}, {""score"": ""1 - 1"", ""pct"": 13.16}, {""score"": ""0 - 0"", ""pct"": 12.509999999999998}]"
Sweden,Mexico,Neutral,1.216,1.207,36.3,29.2,34.5,36.3,5.9,8.5,35.0,6.3,8.1,50.6,49.4,"[{""score"": ""1 - 1"", ""pct"": 13.309999999999999}, {""score"": ""1 - 0"", ""pct"": 10.95}, {""score"": ""0 - 1"", ""pct"": 10.35}]"
Sweden,DR Congo,Neutral,1.511,0.871,52.1,27.6,20.3,52.0,7.7,9.9,20.3,4.2,5.9,69.7,30.4,"[{""score"": ""1 - 0"", ""pct"": 14.299999999999999}, {""score"": ""1 - 1"", ""pct"": 11.89}, {""score"": ""0 - 0"", ""pct"": 10.530000000000001}]"
Sweden,Norway,Neutral,1.37,1.612,31.5,25.2,43.2,31.0,5.8,6.2,43.1,6.7,7.1,43.0,57.0,"[{""score"": ""1 - 1"", ""pct"": 11.24}, {""score"": ""1 - 2"", ""pct"": 8.780000000000001}, {""score"": ""0 - 1"", ""pct"": 8.450000000000001}]"
Sweden,Japan,Neutral,1.241,1.439,31.7,26.3,41.9,32.1,5.7,6.5,41.2,6.3,8.2,44.3,55.7,"[{""score"": ""1 - 1"", ""pct"": 12.17}, {""score"": ""0 - 1"", ""pct"": 10.11}, {""score"": ""1 - 2"", ""pct"": 9.370000000000001}]"
Sweden,Qatar,Neutral,2.422,0.907,71.2,17.5,11.2,71.3,7.5,5.8,11.1,2.1,2.2,84.5,15.4,"[{""score"": ""2 - 0"", ""pct"": 10.54}, {""score"": ""2 - 1"", ""pct"": 9.950000000000001}, {""score"": ""1 - 0"", ""pct"": 9.39}]"
Sweden,Czech Republic,Neutral,1.511,1.275,41.5,27.3,31.2,41.6,6.9,7.9,31.1,5.9,6.7,56.3,43.7,"[{""score"": ""1 - 1"", ""pct"": 12.520000000000001}, {""score"": ""1 - 0"", ""pct"": 9.54}, {""score"": ""2 - 1"", ""pct"": 8.84}]"
Sweden,France,Neutral,0.906,1.932,16.3,22.4,61.3,15.9,3.1,3.9,61.5,7.4,8.2,22.9,77.1,"[{""score"": ""0 - 1"", ""pct"": 11.67}, {""score"": ""0 - 2"", ""pct"": 10.59}, {""score"": ""1 - 1"", ""pct"": 10.290000000000001}]"
Sweden,Portugal,Neutral,0.959,2.029,15.9,21.9,62.3,15.8,3.1,3.4,62.8,7.6,7.4,22.3,77.7,"[{""score"": ""0 - 1"", ""pct"": 10.37}, {""score"": ""0 - 2"", ""pct"": 10.35}, {""score"": ""1 - 2"", ""pct"": 10.02}]"
Sweden,Curaçao,Neutral,2.946,0.608,85.4,10.6,4.0,85.2,4.9,4.0,4.2,0.8,0.9,94.2,5.8,"[{""score"": ""2 - 0"", ""pct"": 13.450000000000001}, {""score"": ""3 - 0"", ""pct"": 11.559999999999999}, {""score"": ""1 - 0"", ""pct"": 9.0}]"
Sweden,Cape Verde,Neutral,1.883,0.764,64.9,21.8,13.3,64.2,7.3,8.7,13.5,2.9,3.5,80.2,19.8,"[{""score"": ""1 - 0"", ""pct"": 14.16}, {""score"": ""2 - 0"", ""pct"": 12.83}, {""score"": ""1 - 1"", ""pct"": 9.93}]"
Sweden,Panama,Neutral,2.013,0.918,63.6,21.8,14.7,63.6,7.2,7.8,15.0,2.9,3.4,78.7,21.3,"[{""score"": ""2 - 0"", ""pct"": 11.17}, {""score"": ""1 - 0"", ""pct"": 10.96}, {""score"": ""2 - 1"", ""pct"": 10.15}]"
Sweden,Ecuador,Neutral,0.981,1.275,27.5,29.4,43.1,27.5,5.0,8.0,42.5,7.0,10.0,40.5,59.5,"[{""score"": ""0 - 1"", ""pct"": 13.81}, {""score"": ""1 - 1"", ""pct"": 12.68}, {""score"": ""0 - 0"", ""pct"": 11.57}]"
Sweden,Egypt,Neutral,1.323,1.015,43.5,29.6,26.9,43.0,6.8,10.1,27.6,5.5,7.0,59.9,40.1,"[{""score"": ""1 - 1"", ""pct"": 13.309999999999999}, {""score"": ""1 - 0"", ""pct"": 12.93}, {""score"": ""0 - 0"", ""pct"": 10.71}]"
Sweden,Uruguay,Neutral,0.958,1.486,23.3,27.6,49.1,23.7,4.1,6.5,49.4,7.0,9.4,34.2,65.8,"[{""score"": ""0 - 1"", ""pct"": 13.29}, {""score"": ""1 - 1"", ""pct"": 12.520000000000001}, {""score"": ""0 - 0"", ""pct"": 9.8}]"
Sweden,Croatia,Neutral,1.135,1.586,26.3,26.6,47.1,26.5,4.4,6.0,47.2,6.9,9.0,36.9,63.1,"[{""score"": ""1 - 1"", ""pct"": 11.89}, {""score"": ""0 - 1"", ""pct"": 10.81}, {""score"": ""1 - 2"", ""pct"": 9.16}]"
Sweden,Ivory Coast,Neutral,1.331,1.105,41.2,29.1,29.8,41.3,6.6,9.1,30.3,5.3,7.5,56.9,43.1,"[{""score"": ""1 - 1"", ""pct"": 13.48}, {""score"": ""1 - 0"", ""pct"": 12.049999999999999}, {""score"": ""0 - 0"", ""pct"": 9.66}]"
Sweden,Saudi Arabia,Neutral,1.734,0.804,59.5,24.8,15.8,59.6,7.9,9.3,16.0,2.9,4.4,76.7,23.3,"[{""score"": ""1 - 0"", ""pct"": 14.17}, {""score"": ""2 - 0"", ""pct"": 11.44}, {""score"": ""1 - 1"", ""pct"": 10.8}]"
Sweden,South Africa,Neutral,1.714,0.868,57.2,24.7,18.1,57.8,7.2,9.2,17.3,3.7,4.8,74.2,25.9,"[{""score"": ""1 - 0"", ""pct"": 13.639999999999999}, {""score"": ""1 - 1"", ""pct"": 11.450000000000001}, {""score"": ""2 - 0"", ""pct"": 10.7}]"
Sweden,New Zealand,Neutral,1.91,0.628,68.8,21.2,10.0,68.5,7.7,9.0,9.8,2.0,3.0,85.2,14.8,"[{""score"": ""1 - 0"", ""pct"": 15.440000000000001}, {""score"": ""2 - 0"", ""pct"": 14.39}, {""score"": ""2 - 1"", ""pct"": 9.83}]"
Sweden,Belgium,Neutral,1.116,1.91,20.3,23.5,56.2,20.8,3.9,4.1,56.2,7.3,7.6,28.9,71.1,"[{""score"": ""1 - 1"", ""pct"": 10.38}, {""score"": ""1 - 2"", ""pct"": 9.76}, {""score"": ""0 - 1"", ""pct"": 9.48}]"
Paraguay,Austria,Neutral,0.999,1.18,29.8,30.7,39.5,29.4,5.4,8.8,40.0,6.5,10.0,43.5,56.5,"[{""score"": ""1 - 1"", ""pct"": 13.55}, {""score"": ""0 - 1"", ""pct"": 13.43}, {""score"": ""0 - 0"", ""pct"": 12.33}]"
Paraguay,Iran,Neutral,0.953,1.0,32.4,33.1,34.5,32.6,6.2,10.1,34.4,6.3,10.4,48.9,51.1,"[{""score"": ""0 - 0"", ""pct"": 15.32}, {""score"": ""0 - 1"", ""pct"": 13.930000000000001}, {""score"": ""1 - 1"", ""pct"": 13.469999999999999}]"
Paraguay,Iraq,Neutral,1.304,0.642,52.9,30.2,16.9,52.0,8.0,12.8,17.3,3.3,6.5,72.8,27.2,"[{""score"": ""1 - 0"", ""pct"": 19.37}, {""score"": ""0 - 0"", ""pct"": 15.21}, {""score"": ""1 - 1"", ""pct"": 11.83}]"
Paraguay,Jordan,Neutral,1.44,0.775,52.8,28.6,18.6,53.3,7.2,11.1,18.4,3.9,6.2,71.6,28.4,"[{""score"": ""1 - 0"", ""pct"": 15.93}, {""score"": ""0 - 0"", ""pct"": 12.32}, {""score"": ""1 - 1"", ""pct"": 12.23}]"
Paraguay,Ghana,Neutral,1.29,0.78,47.9,30.5,21.6,48.0,7.8,11.4,21.5,4.4,6.9,67.3,32.7,"[{""score"": ""1 - 0"", ""pct"": 15.690000000000001}, {""score"": ""0 - 0"", ""pct"": 14.149999999999999}, {""score"": ""1 - 1"", ""pct"": 12.47}]"
Paraguay,Australia,Neutral,0.971,0.993,32.2,33.2,34.5,33.7,5.8,9.7,34.2,6.3,10.3,49.2,50.8,"[{""score"": ""0 - 0"", ""pct"": 15.15}, {""score"": ""1 - 1"", ""pct"": 13.819999999999999}, {""score"": ""0 - 1"", ""pct"": 13.77}]"
Paraguay,Sweden,Neutral,1.102,1.231,32.4,29.4,38.2,31.7,5.5,8.0,38.5,6.6,9.7,45.1,54.9,"[{""score"": ""1 - 1"", ""pct"": 13.19}, {""score"": ""0 - 1"", ""pct"": 12.01}, {""score"": ""1 - 0"", ""pct"": 10.549999999999999}]"
Paraguay,Switzerland,Neutral,0.918,1.348,23.9,29.0,47.0,24.8,4.5,7.1,45.8,7.5,10.3,36.4,63.6,"[{""score"": ""0 - 1"", ""pct"": 14.45}, {""score"": ""1 - 1"", ""pct"": 12.889999999999999}, {""score"": ""0 - 0"", ""pct"": 11.81}]"
Paraguay,South Korea,Neutral,1.061,0.963,36.4,32.8,30.8,36.1,6.4,11.0,30.8,6.1,9.7,53.5,46.5,"[{""score"": ""0 - 0"", ""pct"": 14.39}, {""score"": ""1 - 0"", ""pct"": 13.99}, {""score"": ""1 - 1"", ""pct"": 13.850000000000001}]"
Paraguay,Netherlands,Neutral,0.851,1.645,18.8,25.7,55.4,17.8,3.7,5.3,56.3,7.5,9.4,26.8,73.2,"[{""score"": ""0 - 1"", ""pct"": 13.66}, {""score"": ""1 - 1"", ""pct"": 11.5}, {""score"": ""0 - 2"", ""pct"": 10.93}]"
Paraguay,United States,Neutral,1.168,1.014,38.2,31.1,30.7,39.0,6.7,9.9,30.3,5.3,8.8,55.5,44.5,"[{""score"": ""1 - 1"", ""pct"": 14.12}, {""score"": ""1 - 0"", ""pct"": 13.56}, {""score"": ""0 - 0"", ""pct"": 12.24}]"
Paraguay,Haiti,Neutral,2.004,0.675,68.7,21.0,10.3,68.3,7.4,8.3,10.9,2.1,3.0,84.1,15.9,"[{""score"": ""1 - 0"", ""pct"": 14.530000000000001}, {""score"": ""2 - 0"", ""pct"": 13.4}, {""score"": ""1 - 1"", ""pct"": 9.84}]"
Paraguay,Germany,Neutral,0.905,1.81,17.3,23.4,59.2,17.7,3.2,4.1,58.7,7.9,8.3,25.0,75.0,"[{""score"": ""0 - 1"", ""pct"": 12.620000000000001}, {""score"": ""1 - 1"", ""pct"": 10.61}, {""score"": ""0 - 2"", ""pct"": 10.42}]"
Paraguay,Algeria,Neutral,1.133,1.138,35.1,30.1,34.8,34.8,6.1,8.8,35.9,6.0,8.5,49.6,50.4,"[{""score"": ""1 - 1"", ""pct"": 13.209999999999999}, {""score"": ""1 - 0"", ""pct"": 11.98}, {""score"": ""0 - 0"", ""pct"": 11.59}]"
Paraguay,Bosnia and Herzegovina,Neutral,1.416,0.839,49.2,29.5,21.2,51.0,7.3,10.5,21.0,4.0,6.2,68.9,31.1,"[{""score"": ""1 - 0"", ""pct"": 14.45}, {""score"": ""1 - 1"", ""pct"": 12.690000000000001}, {""score"": ""0 - 0"", ""pct"": 11.84}]"
Paraguay,Brazil,Neutral,0.61,1.776,11.2,23.5,65.3,10.5,2.4,3.6,65.7,7.8,10.1,16.5,83.5,"[{""score"": ""0 - 1"", ""pct"": 17.04}, {""score"": ""0 - 2"", ""pct"": 14.01}, {""score"": ""1 - 1"", ""pct"": 10.15}]"
Paraguay,Colombia,Neutral,0.708,1.427,17.9,28.0,54.0,17.2,3.5,6.2,53.8,7.5,11.8,26.8,73.2,"[{""score"": ""0 - 1"", ""pct"": 16.48}, {""score"": ""0 - 0"", ""pct"": 12.629999999999999}, {""score"": ""1 - 1"", ""pct"": 11.92}]"
Paraguay,Uzbekistan,Neutral,1.098,0.769,42.5,33.1,24.4,42.6,6.4,12.4,24.6,5.0,8.9,61.5,38.5,"[{""score"": ""1 - 0"", ""pct"": 16.72}, {""score"": ""0 - 0"", ""pct"": 16.12}, {""score"": ""1 - 1"", ""pct"": 13.5}]"
Paraguay,Scotland,Neutral,1.101,1.042,36.2,30.4,33.4,36.3,6.6,10.3,32.5,5.6,8.8,53.2,46.8,"[{""score"": ""1 - 1"", ""pct"": 13.11}, {""score"": ""1 - 0"", ""pct"": 12.870000000000001}, {""score"": ""0 - 0"", ""pct"": 12.61}]"
Paraguay,Spain,Neutral,0.626,1.946,10.1,20.7,69.2,9.8,1.9,2.7,70.1,7.0,8.5,14.4,85.6,"[{""score"": ""0 - 2"", ""pct"": 14.649999999999999}, {""score"": ""0 - 1"", ""pct"": 14.42}, {""score"": ""0 - 3"", ""pct"": 9.25}]"
Paraguay,Senegal,Neutral,0.871,1.015,29.0,33.5,37.5,28.4,5.5,9.9,37.6,6.6,11.9,43.8,56.2,"[{""score"": ""0 - 0"", ""pct"": 16.61}, {""score"": ""0 - 1"", ""pct"": 15.840000000000002}, {""score"": ""1 - 1"", ""pct"": 13.19}]"
Paraguay,Canada,Neutral,1.112,0.92,39.2,31.6,29.3,39.5,6.5,10.3,28.8,5.6,9.4,56.3,43.7,"[{""score"": ""1 - 0"", ""pct"": 14.719999999999999}, {""score"": ""0 - 0"", ""pct"": 14.21}, {""score"": ""1 - 1"", ""pct"": 13.13}]"
Paraguay,Argentina,Neutral,0.523,1.619,10.6,24.4,65.0,10.9,2.2,3.7,64.4,7.8,11.0,16.8,83.2,"[{""score"": ""0 - 1"", ""pct"": 18.92}, {""score"": ""0 - 2"", ""pct"": 15.110000000000001}, {""score"": ""0 - 0"", ""pct"": 12.1}]"
Paraguay,England,Neutral,0.594,1.568,13.1,26.3,60.6,12.8,2.4,4.3,61.4,7.5,11.6,19.5,80.5,"[{""score"": ""0 - 1"", ""pct"": 18.78}, {""score"": ""0 - 2"", ""pct"": 13.420000000000002}, {""score"": ""0 - 0"", ""pct"": 12.540000000000001}]"
Paraguay,Tunisia,Neutral,0.982,0.828,37.0,34.5,28.5,37.1,7.1,11.9,28.7,5.5,9.7,56.1,43.9,"[{""score"": ""0 - 0"", ""pct"": 18.01}, {""score"": ""1 - 0"", ""pct"": 15.939999999999998}, {""score"": ""1 - 1"", ""pct"": 13.23}]"
Paraguay,Turkey,Neutral,1.139,1.249,32.7,29.2,38.1,33.1,6.0,8.6,37.1,6.1,9.0,47.8,52.2,"[{""score"": ""1 - 1"", ""pct"": 13.19}, {""score"": ""0 - 1"", ""pct"": 11.51}, {""score"": ""1 - 0"", ""pct"": 10.51}]"
Paraguay,Morocco,Neutral,0.658,1.078,20.4,33.9,45.7,21.1,4.1,9.1,44.5,7.7,13.5,34.4,65.6,"[{""score"": ""0 - 1"", ""pct"": 19.23}, {""score"": ""0 - 0"", ""pct"": 18.790000000000003}, {""score"": ""1 - 1"", ""pct"": 12.43}]"
Paraguay,Mexico,Neutral,0.908,1.007,29.7,33.8,36.5,30.2,5.6,10.3,36.6,6.0,11.2,46.2,53.8,"[{""score"": ""0 - 0"", ""pct"": 15.93}, {""score"": ""0 - 1"", ""pct"": 15.18}, {""score"": ""1 - 1"", ""pct"": 13.900000000000002}]"
Paraguay,DR Congo,Neutral,1.128,0.726,45.0,32.7,22.3,45.5,7.0,12.5,22.6,4.4,8.0,65.0,35.0,"[{""score"": ""1 - 0"", ""pct"": 17.24}, {""score"": ""0 - 0"", ""pct"": 16.78}, {""score"": ""1 - 1"", ""pct"": 12.78}]"
Paraguay,Norway,Neutral,1.023,1.344,27.7,29.1,43.3,27.8,4.8,7.4,44.3,6.8,9.0,39.9,60.1,"[{""score"": ""1 - 1"", ""pct"": 13.04}, {""score"": ""0 - 1"", ""pct"": 12.559999999999999}, {""score"": ""0 - 0"", ""pct"": 10.639999999999999}]"
Paraguay,Japan,Neutral,0.927,1.2,27.3,31.6,41.0,27.1,5.5,8.2,41.3,7.1,10.7,40.8,59.2,"[{""score"": ""0 - 1"", ""pct"": 14.09}, {""score"": ""1 - 1"", ""pct"": 13.489999999999998}, {""score"": ""0 - 0"", ""pct"": 13.4}]"
Paraguay,Qatar,Neutral,1.809,0.757,63.0,23.0,14.0,63.5,7.6,8.7,13.3,3.0,3.9,79.8,20.2,"[{""score"": ""1 - 0"", ""pct"": 14.719999999999999}, {""score"": ""2 - 0"", ""pct"": 12.42}, {""score"": ""1 - 1"", ""pct"": 10.03}]"
Paraguay,Czech Republic,Neutral,1.129,1.063,35.4,31.2,33.4,36.5,6.5,9.3,32.4,6.2,9.0,52.3,47.7,"[{""score"": ""1 - 1"", ""pct"": 13.81}, {""score"": ""1 - 0"", ""pct"": 12.659999999999998}, {""score"": ""0 - 0"", ""pct"": 12.17}]"
Paraguay,France,Neutral,0.677,1.611,14.9,25.2,59.9,14.2,2.9,4.4,59.6,7.7,11.1,21.5,78.5,"[{""score"": ""0 - 1"", ""pct"": 17.28}, {""score"": ""0 - 2"", ""pct"": 12.82}, {""score"": ""0 - 0"", ""pct"": 11.09}]"
Paraguay,Portugal,Neutral,0.717,1.692,14.9,24.8,60.3,14.7,3.1,4.5,59.8,7.8,10.2,22.2,77.8,"[{""score"": ""0 - 1"", ""pct"": 15.629999999999999}, {""score"": ""0 - 2"", ""pct"": 12.32}, {""score"": ""1 - 1"", ""pct"": 10.77}]"
Paraguay,Curaçao,Neutral,2.2,0.507,77.5,16.0,6.5,76.6,7.2,7.1,6.5,1.1,1.5,90.9,9.1,"[{""score"": ""2 - 0"", ""pct"": 16.6}, {""score"": ""1 - 0"", ""pct"": 15.65}, {""score"": ""3 - 0"", ""pct"": 11.450000000000001}]"
Paraguay,Cape Verde,Neutral,1.406,0.637,55.1,28.6,16.3,55.7,7.9,12.3,15.8,3.0,5.4,75.9,24.1,"[{""score"": ""1 - 0"", ""pct"": 18.07}, {""score"": ""0 - 0"", ""pct"": 14.12}, {""score"": ""2 - 0"", ""pct"": 12.120000000000001}]"
Paraguay,Panama,Neutral,1.503,0.766,54.8,27.3,17.9,54.4,8.2,10.7,17.6,3.7,5.5,73.3,26.7,"[{""score"": ""1 - 0"", ""pct"": 15.690000000000001}, {""score"": ""1 - 1"", ""pct"": 11.84}, {""score"": ""0 - 0"", ""pct"": 11.29}]"
Paraguay,Ecuador,Neutral,0.733,1.063,23.8,34.3,42.0,23.4,4.5,8.7,42.9,7.0,13.5,36.6,63.4,"[{""score"": ""0 - 0"", ""pct"": 17.990000000000002}, {""score"": ""0 - 1"", ""pct"": 17.49}, {""score"": ""1 - 1"", ""pct"": 13.420000000000002}]"
Paraguay,Egypt,Neutral,0.988,0.847,36.2,35.4,28.4,37.0,6.8,12.0,28.8,5.2,10.2,55.8,44.2,"[{""score"": ""0 - 0"", ""pct"": 17.9}, {""score"": ""1 - 0"", ""pct"": 15.590000000000002}, {""score"": ""1 - 1"", ""pct"": 14.02}]"
Paraguay,Uruguay,Neutral,0.716,1.24,20.2,31.4,48.4,20.3,3.8,7.4,48.1,7.7,12.7,31.6,68.4,"[{""score"": ""0 - 1"", ""pct"": 17.560000000000002}, {""score"": ""0 - 0"", ""pct"": 15.379999999999999}, {""score"": ""1 - 1"", ""pct"": 12.93}]"
Paraguay,Croatia,Neutral,0.847,1.323,23.0,29.1,47.9,22.7,4.5,7.0,47.6,7.0,11.2,34.3,65.7,"[{""score"": ""0 - 1"", ""pct"": 15.83}, {""score"": ""1 - 1"", ""pct"": 12.57}, {""score"": ""0 - 0"", ""pct"": 12.29}]"
Paraguay,Ivory Coast,Neutral,0.994,0.922,34.4,34.3,31.3,35.6,6.5,10.8,31.0,5.6,10.5,52.8,47.2,"[{""score"": ""0 - 0"", ""pct"": 16.03}, {""score"": ""1 - 1"", ""pct"": 14.52}, {""score"": ""1 - 0"", ""pct"": 13.700000000000001}]"
Paraguay,Saudi Arabia,Neutral,1.295,0.67,51.3,30.5,18.2,51.3,7.8,12.3,18.7,3.5,6.5,71.3,28.7,"[{""score"": ""1 - 0"", ""pct"": 18.16}, {""score"": ""0 - 0"", ""pct"": 15.65}, {""score"": ""1 - 1"", ""pct"": 11.62}]"
Paraguay,South Africa,Neutral,1.28,0.724,50.0,29.8,20.1,48.6,7.9,12.3,20.2,3.8,7.3,68.8,31.2,"[{""score"": ""1 - 0"", ""pct"": 17.2}, {""score"": ""0 - 0"", ""pct"": 14.249999999999998}, {""score"": ""1 - 1"", ""pct"": 12.11}]"
Paraguay,New Zealand,Neutral,1.426,0.524,59.5,28.4,12.1,59.1,8.3,13.0,12.2,2.8,4.6,80.4,19.6,"[{""score"": ""1 - 0"", ""pct"": 20.52}, {""score"": ""0 - 0"", ""pct"": 15.21}, {""score"": ""2 - 0"", ""pct"": 13.79}]"
Paraguay,Belgium,Neutral,0.833,1.593,17.8,27.4,54.8,18.5,3.3,4.9,55.7,7.8,9.9,26.6,73.4,"[{""score"": ""0 - 1"", ""pct"": 14.34}, {""score"": ""1 - 1"", ""pct"": 12.36}, {""score"": ""0 - 2"", ""pct"": 10.99}]"
Switzerland,Austria,Neutral,1.464,1.178,42.8,27.2,30.1,43.5,7.3,8.3,29.5,4.9,6.4,59.1,40.9,"[{""score"": ""1 - 1"", ""pct"": 12.04}, {""score"": ""1 - 0"", ""pct"": 10.79}, {""score"": ""2 - 1"", ""pct"": 8.64}]"
Switzerland,Iran,Neutral,1.398,0.999,46.7,27.6,25.7,46.0,7.1,9.4,26.0,4.4,7.0,62.5,37.5,"[{""score"": ""1 - 0"", ""pct"": 13.19}, {""score"": ""1 - 1"", ""pct"": 12.27}, {""score"": ""0 - 0"", ""pct"": 9.42}]"
Switzerland,Iraq,Neutral,1.912,0.641,67.9,21.8,10.3,67.8,7.6,8.7,10.5,2.3,3.1,84.1,15.9,"[{""score"": ""1 - 0"", ""pct"": 15.32}, {""score"": ""2 - 0"", ""pct"": 14.46}, {""score"": ""0 - 0"", ""pct"": 9.049999999999999}]"
Switzerland,Jordan,Neutral,2.111,0.774,69.0,19.6,11.4,68.2,7.4,7.5,11.8,2.2,2.9,83.1,16.9,"[{""score"": ""2 - 0"", ""pct"": 12.57}, {""score"": ""1 - 0"", ""pct"": 11.790000000000001}, {""score"": ""2 - 1"", ""pct"": 9.66}]"
Switzerland,Ghana,Neutral,1.891,0.779,63.4,22.8,13.8,63.7,8.0,8.7,13.7,2.5,3.5,80.4,19.6,"[{""score"": ""1 - 0"", ""pct"": 13.059999999999999}, {""score"": ""2 - 0"", ""pct"": 12.770000000000001}, {""score"": ""1 - 1"", ""pct"": 10.02}]"
Switzerland,Australia,Neutral,1.424,0.992,47.3,27.0,25.7,46.7,7.3,9.6,25.0,4.6,6.8,63.6,36.4,"[{""score"": ""1 - 0"", ""pct"": 13.26}, {""score"": ""1 - 1"", ""pct"": 11.959999999999999}, {""score"": ""0 - 0"", ""pct"": 10.02}]"
Switzerland,Sweden,Neutral,1.616,1.229,45.8,26.3,27.9,46.0,7.6,7.9,27.8,4.8,5.8,61.5,38.5,"[{""score"": ""1 - 1"", ""pct"": 11.73}, {""score"": ""2 - 1"", ""pct"": 9.78}, {""score"": ""1 - 0"", ""pct"": 9.62}]"
Switzerland,Paraguay,Neutral,1.348,0.918,46.6,29.3,24.1,46.9,7.1,10.1,24.1,4.7,7.1,64.1,35.9,"[{""score"": ""1 - 0"", ""pct"": 13.469999999999999}, {""score"": ""1 - 1"", ""pct"": 12.920000000000002}, {""score"": ""0 - 0"", ""pct"": 11.72}]"
Switzerland,South Korea,Neutral,1.556,0.962,50.9,26.7,22.4,51.1,7.2,10.0,22.2,4.1,5.4,68.2,31.8,"[{""score"": ""1 - 0"", ""pct"": 12.78}, {""score"": ""1 - 1"", ""pct"": 12.04}, {""score"": ""2 - 0"", ""pct"": 9.43}]"
Switzerland,Netherlands,Neutral,1.248,1.643,28.4,25.6,46.0,28.8,4.7,5.8,46.3,7.1,7.3,39.3,60.8,"[{""score"": ""1 - 1"", ""pct"": 10.93}, {""score"": ""1 - 2"", ""pct"": 9.09}, {""score"": ""0 - 1"", ""pct"": 8.95}]"
Switzerland,United States,Neutral,1.713,1.012,53.2,25.2,21.6,53.0,7.3,8.8,21.8,4.1,5.0,69.0,30.9,"[{""score"": ""1 - 1"", ""pct"": 11.34}, {""score"": ""1 - 0"", ""pct"": 11.12}, {""score"": ""2 - 0"", ""pct"": 9.67}]"
Switzerland,Haiti,Neutral,2.939,0.674,83.6,11.4,5.0,83.5,5.5,4.0,5.3,0.9,1.0,92.9,7.1,"[{""score"": ""2 - 0"", ""pct"": 11.219999999999999}, {""score"": ""3 - 0"", ""pct"": 11.15}, {""score"": ""1 - 0"", ""pct"": 8.450000000000001}]"
Switzerland,Germany,Neutral,1.327,1.808,27.9,23.8,48.3,26.7,4.7,5.1,49.0,7.5,6.9,36.5,63.5,"[{""score"": ""1 - 1"", ""pct"": 10.37}, {""score"": ""1 - 2"", ""pct"": 9.02}, {""score"": ""0 - 1"", ""pct"": 8.43}]"
Switzerland,Algeria,Neutral,1.662,1.136,50.0,24.9,25.1,49.2,7.2,8.1,25.2,5.0,5.4,64.5,35.5,"[{""score"": ""1 - 1"", ""pct"": 11.74}, {""score"": ""1 - 0"", ""pct"": 10.33}, {""score"": ""2 - 1"", ""pct"": 9.84}]"
Switzerland,Bosnia and Herzegovina,Neutral,2.076,0.838,65.8,20.6,13.6,66.8,7.3,7.5,13.0,2.4,3.0,81.6,18.4,"[{""score"": ""1 - 0"", ""pct"": 12.2}, {""score"": ""2 - 0"", ""pct"": 11.559999999999999}, {""score"": ""2 - 1"", ""pct"": 10.37}]"
Switzerland,Brazil,Neutral,0.894,1.774,17.7,23.8,58.4,17.2,3.3,4.5,58.8,7.3,9.0,24.9,75.1,"[{""score"": ""0 - 1"", ""pct"": 12.690000000000001}, {""score"": ""0 - 2"", ""pct"": 11.01}, {""score"": ""1 - 1"", ""pct"": 10.639999999999999}]"
Switzerland,Colombia,Neutral,1.039,1.424,26.2,28.1,45.7,26.2,4.5,7.2,46.0,6.5,9.6,37.9,62.1,"[{""score"": ""1 - 1"", ""pct"": 13.120000000000001}, {""score"": ""0 - 1"", ""pct"": 12.690000000000001}, {""score"": ""0 - 0"", ""pct"": 9.13}]"
Switzerland,Uzbekistan,Neutral,1.61,0.768,57.0,26.2,16.8,57.6,7.7,9.6,17.0,3.3,4.8,74.9,25.1,"[{""score"": ""1 - 0"", ""pct"": 15.2}, {""score"": ""1 - 1"", ""pct"": 11.43}, {""score"": ""2 - 0"", ""pct"": 11.35}]"
Switzerland,Scotland,Neutral,1.615,1.04,50.2,26.0,23.9,50.6,7.5,9.0,23.3,4.2,5.4,67.1,32.9,"[{""score"": ""1 - 1"", ""pct"": 12.13}, {""score"": ""1 - 0"", ""pct"": 11.55}, {""score"": ""2 - 1"", ""pct"": 9.42}]"
Switzerland,Spain,Neutral,0.918,1.943,15.9,21.6,62.5,15.2,3.1,3.7,63.1,6.9,7.9,22.1,77.9,"[{""score"": ""0 - 1"", ""pct"": 11.55}, {""score"": ""0 - 2"", ""pct"": 10.9}, {""score"": ""1 - 2"", ""pct"": 10.09}]"
Switzerland,Senegal,Neutral,1.277,1.014,41.8,29.1,29.1,41.9,7.0,10.1,28.4,5.2,7.5,58.9,41.1,"[{""score"": ""1 - 1"", ""pct"": 13.36}, {""score"": ""1 - 0"", ""pct"": 12.94}, {""score"": ""0 - 0"", ""pct"": 10.870000000000001}]"
Switzerland,Canada,Neutral,1.63,0.918,53.5,26.0,20.4,54.4,7.8,9.2,19.8,3.7,5.1,71.4,28.6,"[{""score"": ""1 - 0"", ""pct"": 13.139999999999999}, {""score"": ""1 - 1"", ""pct"": 11.42}, {""score"": ""2 - 0"", ""pct"": 10.15}]"
Switzerland,Argentina,Neutral,0.767,1.617,16.8,25.9,57.3,16.7,3.4,4.9,57.5,7.5,10.1,24.9,75.1,"[{""score"": ""0 - 1"", ""pct"": 15.229999999999999}, {""score"": ""0 - 2"", ""pct"": 11.78}, {""score"": ""1 - 1"", ""pct"": 11.31}]"
Switzerland,England,Neutral,0.87,1.566,19.3,26.3,54.3,20.1,4.0,5.0,53.8,7.6,9.4,29.2,70.8,"[{""score"": ""0 - 1"", ""pct"": 13.450000000000001}, {""score"": ""1 - 1"", ""pct"": 11.450000000000001}, {""score"": ""0 - 2"", ""pct"": 10.54}]"
Switzerland,Tunisia,Neutral,1.44,0.827,51.3,27.5,21.3,52.4,7.6,10.5,19.7,3.9,5.9,70.5,29.5,"[{""score"": ""1 - 0"", ""pct"": 15.67}, {""score"": ""1 - 1"", ""pct"": 12.16}, {""score"": ""0 - 0"", ""pct"": 10.89}]"
Switzerland,Turkey,Neutral,1.67,1.247,46.6,25.9,27.5,46.8,6.9,7.5,28.1,5.2,5.5,61.1,38.9,"[{""score"": ""1 - 1"", ""pct"": 11.65}, {""score"": ""1 - 0"", ""pct"": 9.6}, {""score"": ""2 - 1"", ""pct"": 9.180000000000001}]"
Switzerland,Morocco,Neutral,0.965,1.077,31.5,30.5,38.1,32.0,5.6,9.2,36.5,6.5,10.2,46.8,53.2,"[{""score"": ""0 - 1"", ""pct"": 14.299999999999999}, {""score"": ""1 - 1"", ""pct"": 13.34}, {""score"": ""0 - 0"", ""pct"": 13.33}]"
Switzerland,Mexico,Neutral,1.332,1.005,43.3,28.8,27.8,43.5,7.2,9.5,27.3,5.4,7.1,60.3,39.7,"[{""score"": ""1 - 0"", ""pct"": 12.76}, {""score"": ""1 - 1"", ""pct"": 12.45}, {""score"": ""0 - 0"", ""pct"": 10.780000000000001}]"
Switzerland,DR Congo,Neutral,1.654,0.725,59.3,25.4,15.3,60.2,7.8,9.8,14.8,2.9,4.6,77.7,22.3,"[{""score"": ""1 - 0"", ""pct"": 15.740000000000002}, {""score"": ""2 - 0"", ""pct"": 12.3}, {""score"": ""0 - 0"", ""pct"": 10.82}]"
Switzerland,Norway,Neutral,1.5,1.343,40.4,26.0,33.6,41.7,6.6,7.5,32.1,5.2,7.0,55.7,44.3,"[{""score"": ""1 - 1"", ""pct"": 11.690000000000001}, {""score"": ""2 - 1"", ""pct"": 9.08}, {""score"": ""1 - 0"", ""pct"": 9.06}]"
Switzerland,Japan,Neutral,1.359,1.199,39.1,28.4,32.5,39.5,6.2,8.7,32.3,5.8,7.6,54.4,45.6,"[{""score"": ""1 - 1"", ""pct"": 12.8}, {""score"": ""1 - 0"", ""pct"": 10.27}, {""score"": ""0 - 1"", ""pct"": 9.31}]"
Switzerland,Qatar,Neutral,2.652,0.756,78.9,14.3,6.9,77.8,6.2,5.2,7.5,1.6,1.6,89.3,10.7,"[{""score"": ""2 - 0"", ""pct"": 12.139999999999999}, {""score"": ""3 - 0"", ""pct"": 9.83}, {""score"": ""1 - 0"", ""pct"": 9.31}]"
Switzerland,Czech Republic,Neutral,1.655,1.061,51.4,26.1,22.5,51.0,7.1,8.2,23.7,4.0,5.9,66.4,33.6,"[{""score"": ""1 - 0"", ""pct"": 11.55}, {""score"": ""1 - 1"", ""pct"": 11.25}, {""score"": ""2 - 1"", ""pct"": 9.47}]"
Switzerland,France,Neutral,0.992,1.609,22.2,25.6,52.2,21.7,3.9,5.6,51.6,7.8,9.4,31.2,68.8,"[{""score"": ""0 - 1"", ""pct"": 12.67}, {""score"": ""1 - 1"", ""pct"": 11.5}, {""score"": ""1 - 2"", ""pct"": 9.39}]"
Switzerland,Portugal,Neutral,1.051,1.69,22.3,25.1,52.6,22.7,4.6,5.1,51.9,7.2,8.6,32.3,67.7,"[{""score"": ""0 - 1"", ""pct"": 11.42}, {""score"": ""1 - 1"", ""pct"": 11.27}, {""score"": ""1 - 2"", ""pct"": 10.33}]"
Switzerland,Curaçao,Neutral,3.226,0.506,89.8,7.5,2.7,89.5,4.2,3.0,2.5,0.4,0.4,96.6,3.3,"[{""score"": ""2 - 0"", ""pct"": 13.59}, {""score"": ""3 - 0"", ""pct"": 13.52}, {""score"": ""4 - 0"", ""pct"": 10.440000000000001}]"
Switzerland,Cape Verde,Neutral,2.062,0.636,71.2,19.4,9.3,70.6,7.3,8.6,9.4,1.7,2.4,86.5,13.5,"[{""score"": ""1 - 0"", ""pct"": 14.829999999999998}, {""score"": ""2 - 0"", ""pct"": 14.37}, {""score"": ""2 - 1"", ""pct"": 9.69}]"
Switzerland,Panama,Neutral,2.204,0.765,70.5,19.3,10.2,71.4,7.1,7.2,10.2,1.8,2.2,85.7,14.3,"[{""score"": ""2 - 0"", ""pct"": 12.43}, {""score"": ""1 - 0"", ""pct"": 11.85}, {""score"": ""2 - 1"", ""pct"": 8.98}]"
Switzerland,Ecuador,Neutral,1.074,1.062,34.4,31.6,34.0,34.7,5.8,10.2,33.6,6.0,9.7,50.7,49.3,"[{""score"": ""1 - 1"", ""pct"": 14.249999999999998}, {""score"": ""0 - 1"", ""pct"": 13.120000000000001}, {""score"": ""0 - 0"", ""pct"": 12.73}]"
Switzerland,Egypt,Neutral,1.449,0.846,51.2,27.8,21.0,50.1,7.6,10.6,21.6,4.1,6.0,68.4,31.6,"[{""score"": ""1 - 0"", ""pct"": 14.92}, {""score"": ""1 - 1"", ""pct"": 12.55}, {""score"": ""0 - 0"", ""pct"": 11.04}]"
Switzerland,Uruguay,Neutral,1.049,1.238,30.4,29.4,40.3,30.2,5.7,8.1,39.9,6.6,9.5,44.0,56.0,"[{""score"": ""0 - 1"", ""pct"": 12.879999999999999}, {""score"": ""1 - 1"", ""pct"": 12.43}, {""score"": ""0 - 0"", ""pct"": 11.92}]"
Switzerland,Croatia,Neutral,1.242,1.321,33.6,28.6,37.9,33.2,6.0,7.1,38.9,6.6,8.2,46.3,53.7,"[{""score"": ""1 - 1"", ""pct"": 13.139999999999999}, {""score"": ""0 - 1"", ""pct"": 10.01}, {""score"": ""1 - 0"", ""pct"": 9.77}]"
Switzerland,Ivory Coast,Neutral,1.458,0.921,49.9,27.7,22.5,49.4,7.0,10.3,22.7,4.3,6.3,66.6,33.4,"[{""score"": ""1 - 0"", ""pct"": 14.49}, {""score"": ""1 - 1"", ""pct"": 12.11}, {""score"": ""0 - 0"", ""pct"": 10.17}]"
Switzerland,Saudi Arabia,Neutral,1.899,0.669,67.7,21.6,10.7,67.1,7.5,8.6,11.4,2.4,3.0,83.2,16.8,"[{""score"": ""1 - 0"", ""pct"": 14.71}, {""score"": ""2 - 0"", ""pct"": 14.030000000000001}, {""score"": ""1 - 1"", ""pct"": 9.569999999999999}]"
Switzerland,South Africa,Neutral,1.877,0.723,64.6,22.8,12.6,64.5,7.8,9.2,12.8,2.5,3.2,81.4,18.6,"[{""score"": ""1 - 0"", ""pct"": 14.099999999999998}, {""score"": ""2 - 0"", ""pct"": 12.740000000000002}, {""score"": ""1 - 1"", ""pct"": 9.74}]"
Switzerland,New Zealand,Neutral,2.091,0.523,75.0,18.0,7.0,74.4,6.9,8.4,7.1,1.3,1.9,89.6,10.4,"[{""score"": ""1 - 0"", ""pct"": 16.12}, {""score"": ""2 - 0"", ""pct"": 15.82}, {""score"": ""3 - 0"", ""pct"": 10.780000000000001}]"
Switzerland,Belgium,Neutral,1.222,1.591,28.9,26.4,44.7,28.6,4.8,6.5,45.1,7.0,8.0,39.9,60.1,"[{""score"": ""1 - 1"", ""pct"": 11.600000000000001}, {""score"": ""0 - 1"", ""pct"": 9.8}, {""score"": ""1 - 2"", ""pct"": 8.870000000000001}]"
South Korea,Austria,Neutral,1.047,1.362,27.9,28.2,44.0,27.1,5.2,7.3,44.1,7.0,9.2,39.7,60.3,"[{""score"": ""1 - 1"", ""pct"": 13.020000000000001}, {""score"": ""0 - 1"", ""pct"": 12.27}, {""score"": ""0 - 0"", ""pct"": 9.92}]"
South Korea,Iran,Neutral,0.999,1.154,30.4,30.9,38.6,30.8,5.5,8.7,38.8,5.9,10.3,45.0,55.0,"[{""score"": ""1 - 1"", ""pct"": 13.55}, {""score"": ""0 - 1"", ""pct"": 13.51}, {""score"": ""0 - 0"", ""pct"": 12.49}]"
South Korea,Iraq,Neutral,1.366,0.741,51.6,29.5,18.9,51.6,7.4,11.4,19.3,3.5,6.7,70.5,29.5,"[{""score"": ""1 - 0"", ""pct"": 16.46}, {""score"": ""0 - 0"", ""pct"": 13.18}, {""score"": ""1 - 1"", ""pct"": 12.61}]"
South Korea,Jordan,Neutral,1.509,0.894,50.8,27.5,21.7,51.6,7.6,10.0,20.6,4.3,5.8,69.2,30.8,"[{""score"": ""1 - 0"", ""pct"": 13.62}, {""score"": ""1 - 1"", ""pct"": 12.42}, {""score"": ""0 - 0"", ""pct"": 9.93}]"
South Korea,Ghana,Neutral,1.352,0.9,46.1,29.3,24.6,47.2,7.5,10.3,23.9,4.3,6.8,65.0,35.0,"[{""score"": ""1 - 0"", ""pct"": 13.889999999999999}, {""score"": ""1 - 1"", ""pct"": 12.67}, {""score"": ""0 - 0"", ""pct"": 11.31}]"
South Korea,Australia,Neutral,1.018,1.146,30.3,30.9,38.8,30.4,6.2,9.0,37.6,6.6,10.2,45.6,54.4,"[{""score"": ""1 - 1"", ""pct"": 13.36}, {""score"": ""0 - 1"", ""pct"": 13.139999999999999}, {""score"": ""0 - 0"", ""pct"": 12.36}]"
South Korea,Sweden,Neutral,1.155,1.421,30.0,27.3,42.7,29.7,5.2,7.2,42.8,6.2,8.9,42.2,57.9,"[{""score"": ""1 - 1"", ""pct"": 12.25}, {""score"": ""0 - 1"", ""pct"": 11.08}, {""score"": ""1 - 2"", ""pct"": 9.46}]"
South Korea,Paraguay,Neutral,0.963,1.061,31.5,32.4,36.1,31.4,5.6,10.0,36.4,5.9,10.7,47.0,53.0,"[{""score"": ""0 - 0"", ""pct"": 15.110000000000001}, {""score"": ""1 - 1"", ""pct"": 13.48}, {""score"": ""1 - 0"", ""pct"": 12.8}]"
South Korea,Switzerland,Neutral,0.962,1.556,22.7,26.7,50.6,22.6,4.0,5.7,52.2,6.9,8.7,32.3,67.7,"[{""score"": ""0 - 1"", ""pct"": 12.520000000000001}, {""score"": ""1 - 1"", ""pct"": 12.030000000000001}, {""score"": ""1 - 2"", ""pct"": 9.25}]"
South Korea,Netherlands,Neutral,0.892,1.899,15.8,23.1,61.1,16.1,2.9,3.9,61.0,7.6,8.6,22.9,77.2,"[{""score"": ""0 - 1"", ""pct"": 11.790000000000001}, {""score"": ""1 - 1"", ""pct"": 10.440000000000001}, {""score"": ""0 - 2"", ""pct"": 10.25}]"
South Korea,United States,Neutral,1.224,1.17,36.8,29.5,33.8,36.5,6.3,8.9,34.1,5.8,8.5,51.7,48.3,"[{""score"": ""1 - 1"", ""pct"": 13.03}, {""score"": ""1 - 0"", ""pct"": 10.85}, {""score"": ""0 - 0"", ""pct"": 10.52}]"
South Korea,Haiti,Neutral,2.1,0.779,68.5,19.8,11.7,68.6,7.2,7.3,11.8,2.2,2.9,83.1,16.9,"[{""score"": ""1 - 0"", ""pct"": 12.920000000000002}, {""score"": ""2 - 0"", ""pct"": 12.44}, {""score"": ""2 - 1"", ""pct"": 9.66}]"
South Korea,Germany,Neutral,0.949,2.09,14.7,20.9,64.4,15.6,2.9,3.2,63.8,7.1,7.4,21.7,78.3,"[{""score"": ""1 - 2"", ""pct"": 10.25}, {""score"": ""0 - 2"", ""pct"": 10.190000000000001}, {""score"": ""0 - 1"", ""pct"": 10.190000000000001}]"
South Korea,Algeria,Neutral,1.188,1.313,33.6,27.5,38.9,33.3,5.6,7.7,38.5,6.2,8.7,46.5,53.5,"[{""score"": ""1 - 1"", ""pct"": 12.26}, {""score"": ""0 - 1"", ""pct"": 11.129999999999999}, {""score"": ""1 - 0"", ""pct"": 10.17}]"
South Korea,Bosnia and Herzegovina,Neutral,1.484,0.969,49.1,27.7,23.2,48.8,7.6,9.6,23.3,4.4,6.3,66.0,34.0,"[{""score"": ""1 - 0"", ""pct"": 12.889999999999999}, {""score"": ""1 - 1"", ""pct"": 12.389999999999999}, {""score"": ""2 - 1"", ""pct"": 9.83}]"
South Korea,Brazil,Neutral,0.639,2.05,9.3,19.9,70.8,8.8,1.9,2.3,71.7,6.9,8.4,13.0,87.0,"[{""score"": ""0 - 1"", ""pct"": 14.75}, {""score"": ""0 - 2"", ""pct"": 14.48}, {""score"": ""0 - 3"", ""pct"": 9.41}]"
South Korea,Colombia,Neutral,0.742,1.646,15.6,25.6,58.9,16.0,3.2,4.3,58.3,7.6,10.5,23.6,76.4,"[{""score"": ""0 - 1"", ""pct"": 15.620000000000001}, {""score"": ""0 - 2"", ""pct"": 11.91}, {""score"": ""1 - 1"", ""pct"": 11.21}]"
South Korea,Uzbekistan,Neutral,1.15,0.887,40.8,31.9,27.3,41.0,7.0,11.2,27.0,5.0,8.9,59.2,40.8,"[{""score"": ""1 - 0"", ""pct"": 15.120000000000001}, {""score"": ""0 - 0"", ""pct"": 14.249999999999998}, {""score"": ""1 - 1"", ""pct"": 13.459999999999999}]"
South Korea,Scotland,Neutral,1.154,1.202,34.4,29.6,36.0,34.1,6.2,8.6,36.0,6.0,9.1,48.8,51.2,"[{""score"": ""1 - 1"", ""pct"": 12.9}, {""score"": ""0 - 1"", ""pct"": 11.459999999999999}, {""score"": ""1 - 0"", ""pct"": 11.15}]"
South Korea,Spain,Neutral,0.656,2.246,8.2,17.0,74.8,8.6,1.7,1.7,74.8,6.6,6.7,12.0,88.0,"[{""score"": ""0 - 2"", ""pct"": 14.75}, {""score"": ""0 - 1"", ""pct"": 12.83}, {""score"": ""0 - 3"", ""pct"": 9.569999999999999}]"
South Korea,Senegal,Neutral,0.913,1.172,28.2,30.7,41.1,27.4,4.8,8.6,41.8,6.6,10.8,40.8,59.2,"[{""score"": ""0 - 1"", ""pct"": 14.32}, {""score"": ""1 - 1"", ""pct"": 13.19}, {""score"": ""0 - 0"", ""pct"": 13.11}]"
South Korea,Canada,Neutral,1.165,1.061,37.2,30.8,32.0,37.6,6.2,9.2,32.2,5.8,9.0,53.0,47.0,"[{""score"": ""1 - 1"", ""pct"": 13.750000000000002}, {""score"": ""1 - 0"", ""pct"": 12.67}, {""score"": ""0 - 0"", ""pct"": 11.68}]"
South Korea,Argentina,Neutral,0.548,1.868,9.2,21.8,69.0,9.0,1.8,2.7,70.6,7.1,8.8,13.5,86.5,"[{""score"": ""0 - 1"", ""pct"": 17.080000000000002}, {""score"": ""0 - 2"", ""pct"": 15.55}, {""score"": ""0 - 0"", ""pct"": 10.14}]"
South Korea,England,Neutral,0.622,1.81,10.6,22.9,66.4,10.9,2.1,3.3,66.6,7.7,9.3,16.3,83.7,"[{""score"": ""0 - 1"", ""pct"": 16.56}, {""score"": ""0 - 2"", ""pct"": 14.41}, {""score"": ""0 - 0"", ""pct"": 9.94}]"
South Korea,Tunisia,Neutral,1.029,0.956,35.9,32.3,31.8,36.6,6.0,10.4,31.6,5.8,9.5,53.0,47.0,"[{""score"": ""0 - 0"", ""pct"": 15.0}, {""score"": ""1 - 0"", ""pct"": 14.23}, {""score"": ""1 - 1"", ""pct"": 13.139999999999999}]"
South Korea,Turkey,Neutral,1.194,1.441,30.6,27.7,41.7,30.4,5.5,7.3,41.7,6.9,8.2,43.2,56.8,"[{""score"": ""1 - 1"", ""pct"": 12.590000000000002}, {""score"": ""0 - 1"", ""pct"": 10.56}, {""score"": ""1 - 0"", ""pct"": 8.82}]"
South Korea,Morocco,Neutral,0.689,1.245,19.5,31.4,49.1,19.0,3.7,7.0,49.9,7.3,13.1,29.7,70.3,"[{""score"": ""0 - 1"", ""pct"": 18.029999999999998}, {""score"": ""0 - 0"", ""pct"": 15.540000000000001}, {""score"": ""1 - 1"", ""pct"": 12.72}]"
South Korea,Mexico,Neutral,0.952,1.162,28.5,31.4,40.2,29.0,5.5,8.3,40.5,6.9,9.7,42.8,57.2,"[{""score"": ""1 - 1"", ""pct"": 13.719999999999999}, {""score"": ""0 - 1"", ""pct"": 13.68}, {""score"": ""0 - 0"", ""pct"": 13.350000000000001}]"
South Korea,DR Congo,Neutral,1.182,0.838,43.2,31.5,25.3,42.9,7.2,11.5,25.6,4.8,8.1,61.5,38.5,"[{""score"": ""1 - 0"", ""pct"": 15.629999999999999}, {""score"": ""0 - 0"", ""pct"": 14.49}, {""score"": ""1 - 1"", ""pct"": 13.05}]"
South Korea,Norway,Neutral,1.072,1.552,25.4,26.5,48.1,24.7,4.5,6.6,47.8,7.1,9.3,35.8,64.2,"[{""score"": ""1 - 1"", ""pct"": 12.24}, {""score"": ""0 - 1"", ""pct"": 11.63}, {""score"": ""1 - 2"", ""pct"": 9.85}]"
South Korea,Japan,Neutral,0.972,1.385,25.0,28.8,46.2,26.0,4.5,6.8,45.3,7.3,10.1,37.3,62.7,"[{""score"": ""0 - 1"", ""pct"": 13.850000000000001}, {""score"": ""1 - 1"", ""pct"": 12.97}, {""score"": ""0 - 0"", ""pct"": 10.41}]"
South Korea,Qatar,Neutral,1.896,0.873,61.8,22.1,16.1,60.8,8.5,8.5,15.5,3.2,3.6,77.8,22.2,"[{""score"": ""1 - 0"", ""pct"": 12.16}, {""score"": ""2 - 0"", ""pct"": 11.81}, {""score"": ""1 - 1"", ""pct"": 10.07}]"
South Korea,Czech Republic,Neutral,1.183,1.227,34.7,28.7,36.6,34.7,6.4,7.8,36.4,6.2,8.5,48.9,51.1,"[{""score"": ""1 - 1"", ""pct"": 12.97}, {""score"": ""0 - 1"", ""pct"": 10.96}, {""score"": ""1 - 0"", ""pct"": 10.81}]"
South Korea,France,Neutral,0.709,1.86,12.5,21.8,65.7,12.4,2.4,3.2,65.1,7.8,9.1,18.0,82.0,"[{""score"": ""0 - 1"", ""pct"": 14.39}, {""score"": ""0 - 2"", ""pct"": 12.740000000000002}, {""score"": ""1 - 2"", ""pct"": 9.89}]"
South Korea,Portugal,Neutral,0.751,1.953,12.2,22.1,65.7,13.1,2.6,3.4,65.1,7.7,8.1,19.1,80.9,"[{""score"": ""0 - 1"", ""pct"": 13.98}, {""score"": ""0 - 2"", ""pct"": 12.16}, {""score"": ""1 - 2"", ""pct"": 9.790000000000001}]"
South Korea,Curaçao,Neutral,2.305,0.585,77.8,15.0,7.1,77.0,6.4,6.6,6.9,1.4,1.8,90.0,10.0,"[{""score"": ""2 - 0"", ""pct"": 15.1}, {""score"": ""1 - 0"", ""pct"": 13.59}, {""score"": ""3 - 0"", ""pct"": 11.219999999999999}]"
South Korea,Cape Verde,Neutral,1.474,0.735,54.9,27.6,17.4,55.2,7.9,11.0,17.3,3.2,5.4,74.1,25.9,"[{""score"": ""1 - 0"", ""pct"": 16.650000000000002}, {""score"": ""2 - 0"", ""pct"": 12.11}, {""score"": ""0 - 0"", ""pct"": 11.92}]"
South Korea,Panama,Neutral,1.575,0.884,53.4,26.3,20.3,53.8,7.8,9.7,19.4,3.8,5.5,71.3,28.7,"[{""score"": ""1 - 0"", ""pct"": 14.21}, {""score"": ""1 - 1"", ""pct"": 11.700000000000001}, {""score"": ""2 - 0"", ""pct"": 9.99}]"
South Korea,Ecuador,Neutral,0.768,1.227,21.9,30.9,47.2,21.6,4.3,7.5,47.3,7.2,12.2,33.3,66.7,"[{""score"": ""0 - 1"", ""pct"": 17.119999999999997}, {""score"": ""0 - 0"", ""pct"": 14.81}, {""score"": ""1 - 1"", ""pct"": 12.35}]"
South Korea,Egypt,Neutral,1.035,0.977,34.9,32.9,32.2,35.2,6.0,10.3,32.7,5.5,10.2,51.5,48.5,"[{""score"": ""0 - 0"", ""pct"": 14.37}, {""score"": ""1 - 1"", ""pct"": 14.29}, {""score"": ""1 - 0"", ""pct"": 13.28}]"
South Korea,Uruguay,Neutral,0.75,1.431,18.5,28.1,53.4,18.5,3.8,5.8,52.9,7.8,11.2,28.0,72.0,"[{""score"": ""0 - 1"", ""pct"": 17.25}, {""score"": ""0 - 0"", ""pct"": 12.35}, {""score"": ""1 - 1"", ""pct"": 11.73}]"
South Korea,Croatia,Neutral,0.888,1.527,20.6,26.8,52.6,21.2,3.8,6.2,51.6,7.3,9.9,31.2,68.8,"[{""score"": ""0 - 1"", ""pct"": 14.08}, {""score"": ""1 - 1"", ""pct"": 11.86}, {""score"": ""0 - 0"", ""pct"": 10.12}]"
South Korea,Ivory Coast,Neutral,1.042,1.064,33.5,31.0,35.5,33.3,6.0,9.8,34.6,6.4,9.9,49.1,50.9,"[{""score"": ""0 - 1"", ""pct"": 13.52}, {""score"": ""0 - 0"", ""pct"": 13.22}, {""score"": ""1 - 1"", ""pct"": 13.100000000000001}]"
South Korea,Saudi Arabia,Neutral,1.357,0.774,50.1,29.7,20.2,50.2,7.6,11.7,20.2,4.3,5.9,69.6,30.4,"[{""score"": ""1 - 0"", ""pct"": 16.18}, {""score"": ""0 - 0"", ""pct"": 13.350000000000001}, {""score"": ""1 - 1"", ""pct"": 12.6}]"
South Korea,South Africa,Neutral,1.341,0.835,48.3,30.0,21.7,48.3,7.3,10.9,21.8,4.7,7.0,66.5,33.5,"[{""score"": ""1 - 0"", ""pct"": 15.27}, {""score"": ""1 - 1"", ""pct"": 12.78}, {""score"": ""0 - 0"", ""pct"": 12.690000000000001}]"
South Korea,New Zealand,Neutral,1.495,0.605,57.8,28.0,14.2,59.0,7.3,11.8,14.5,2.7,4.8,78.0,22.0,"[{""score"": ""1 - 0"", ""pct"": 17.96}, {""score"": ""0 - 0"", ""pct"": 13.66}, {""score"": ""2 - 0"", ""pct"": 13.370000000000001}]"
South Korea,Belgium,Neutral,0.873,1.839,16.2,23.4,60.4,16.8,2.9,3.8,59.7,7.5,9.2,23.6,76.4,"[{""score"": ""0 - 1"", ""pct"": 13.320000000000002}, {""score"": ""0 - 2"", ""pct"": 11.020000000000001}, {""score"": ""1 - 1"", ""pct"": 10.81}]"
Netherlands,Austria,Neutral,1.787,1.093,53.5,24.2,22.3,52.1,7.8,8.2,22.8,4.1,5.1,68.1,31.9,"[{""score"": ""1 - 1"", ""pct"": 11.26}, {""score"": ""1 - 0"", ""pct"": 10.79}, {""score"": ""2 - 1"", ""pct"": 9.64}]"
Netherlands,Iran,Neutral,1.706,0.926,55.8,25.1,19.2,56.0,7.7,8.7,19.1,3.3,5.1,72.5,27.5,"[{""score"": ""1 - 0"", ""pct"": 12.64}, {""score"": ""1 - 1"", ""pct"": 10.979999999999999}, {""score"": ""2 - 0"", ""pct"": 10.33}]"
Netherlands,Iraq,Neutral,2.333,0.594,77.3,16.0,6.7,77.3,6.7,6.3,6.5,1.5,1.7,90.3,9.7,"[{""score"": ""2 - 0"", ""pct"": 14.610000000000001}, {""score"": ""1 - 0"", ""pct"": 13.170000000000002}, {""score"": ""3 - 0"", ""pct"": 11.15}]"
Netherlands,Jordan,Neutral,2.577,0.717,78.6,14.5,6.9,78.1,6.8,5.4,7.2,1.1,1.4,90.2,9.8,"[{""score"": ""2 - 0"", ""pct"": 12.94}, {""score"": ""1 - 0"", ""pct"": 9.790000000000001}, {""score"": ""3 - 0"", ""pct"": 9.75}]"
Netherlands,Ghana,Neutral,2.308,0.722,74.5,16.5,9.1,74.5,6.7,6.8,8.5,1.6,2.0,87.9,12.1,"[{""score"": ""2 - 0"", ""pct"": 12.91}, {""score"": ""1 - 0"", ""pct"": 11.82}, {""score"": ""3 - 0"", ""pct"": 10.23}]"
Netherlands,Australia,Neutral,1.738,0.92,57.0,24.2,18.8,56.0,7.6,8.9,19.4,3.6,4.5,72.5,27.5,"[{""score"": ""1 - 0"", ""pct"": 12.97}, {""score"": ""1 - 1"", ""pct"": 10.8}, {""score"": ""2 - 0"", ""pct"": 10.03}]"
Netherlands,Sweden,Neutral,1.972,1.14,56.7,23.3,20.0,57.2,7.3,7.0,20.3,4.0,4.3,71.5,28.5,"[{""score"": ""2 - 1"", ""pct"": 10.059999999999999}, {""score"": ""1 - 1"", ""pct"": 9.99}, {""score"": ""1 - 0"", ""pct"": 9.27}]"
Netherlands,Paraguay,Neutral,1.645,0.851,55.5,25.7,18.9,56.3,7.4,9.9,18.1,3.5,4.8,73.5,26.4,"[{""score"": ""1 - 0"", ""pct"": 13.469999999999999}, {""score"": ""1 - 1"", ""pct"": 11.34}, {""score"": ""2 - 0"", ""pct"": 10.72}]"
Netherlands,Switzerland,Neutral,1.643,1.248,46.0,25.4,28.5,46.5,7.4,7.2,28.1,4.7,6.2,61.0,39.0,"[{""score"": ""1 - 1"", ""pct"": 11.31}, {""score"": ""1 - 0"", ""pct"": 9.379999999999999}, {""score"": ""2 - 1"", ""pct"": 9.27}]"
Netherlands,South Korea,Neutral,1.899,0.892,61.5,22.4,16.1,61.1,7.5,8.5,16.0,3.2,3.7,77.0,23.0,"[{""score"": ""1 - 0"", ""pct"": 12.68}, {""score"": ""1 - 1"", ""pct"": 10.56}, {""score"": ""2 - 0"", ""pct"": 10.299999999999999}]"
Netherlands,United States,Neutral,2.091,0.939,64.7,20.9,14.4,63.7,7.3,7.6,15.3,2.6,3.4,78.7,21.3,"[{""score"": ""1 - 0"", ""pct"": 10.65}, {""score"": ""2 - 0"", ""pct"": 10.299999999999999}, {""score"": ""2 - 1"", ""pct"": 9.86}]"
Netherlands,Haiti,Neutral,3.587,0.625,90.3,7.0,2.7,90.1,4.1,2.4,2.5,0.5,0.4,96.6,3.4,"[{""score"": ""3 - 0"", ""pct"": 11.469999999999999}, {""score"": ""2 - 0"", ""pct"": 9.94}, {""score"": ""4 - 0"", ""pct"": 9.41}]"
Netherlands,Germany,Neutral,1.62,1.677,35.8,25.5,38.7,36.4,5.9,5.9,39.9,6.2,5.6,48.2,51.8,"[{""score"": ""1 - 1"", ""pct"": 10.33}, {""score"": ""1 - 2"", ""pct"": 8.67}, {""score"": ""2 - 1"", ""pct"": 8.459999999999999}]"
Netherlands,Algeria,Neutral,2.028,1.054,60.2,21.7,18.1,61.1,7.5,7.1,17.3,3.2,3.8,75.7,24.3,"[{""score"": ""1 - 1"", ""pct"": 10.0}, {""score"": ""2 - 1"", ""pct"": 9.73}, {""score"": ""1 - 0"", ""pct"": 9.71}]"
Netherlands,Bosnia and Herzegovina,Neutral,2.534,0.777,76.7,15.4,7.9,76.4,6.3,5.5,8.3,1.7,1.8,88.2,11.8,"[{""score"": ""2 - 0"", ""pct"": 11.959999999999999}, {""score"": ""1 - 0"", ""pct"": 10.100000000000001}, {""score"": ""3 - 0"", ""pct"": 9.55}]"
Netherlands,Brazil,Neutral,1.091,1.645,24.5,25.8,49.7,25.0,4.5,5.8,49.7,6.7,8.4,35.3,64.7,"[{""score"": ""1 - 1"", ""pct"": 11.75}, {""score"": ""0 - 1"", ""pct"": 10.89}, {""score"": ""1 - 2"", ""pct"": 9.4}]"
Netherlands,Colombia,Neutral,1.268,1.321,34.8,27.7,37.5,34.8,5.5,7.7,37.6,6.2,8.2,48.0,52.0,"[{""score"": ""1 - 1"", ""pct"": 12.23}, {""score"": ""1 - 0"", ""pct"": 9.78}, {""score"": ""0 - 1"", ""pct"": 9.46}]"
Netherlands,Uzbekistan,Neutral,1.965,0.712,67.4,20.6,11.9,68.2,7.6,8.4,10.5,2.4,3.0,84.2,15.8,"[{""score"": ""1 - 0"", ""pct"": 13.38}, {""score"": ""2 - 0"", ""pct"": 13.0}, {""score"": ""2 - 1"", ""pct"": 9.93}]"
Netherlands,Scotland,Neutral,1.97,0.965,61.2,22.6,16.2,61.1,7.1,7.7,17.2,3.1,3.8,75.9,24.1,"[{""score"": ""1 - 0"", ""pct"": 10.76}, {""score"": ""1 - 1"", ""pct"": 10.549999999999999}, {""score"": ""2 - 1"", ""pct"": 10.27}]"
Netherlands,Spain,Neutral,1.121,1.802,22.1,24.4,53.4,22.8,4.1,5.0,53.3,7.0,7.8,32.0,68.1,"[{""score"": ""1 - 1"", ""pct"": 10.76}, {""score"": ""0 - 1"", ""pct"": 10.27}, {""score"": ""1 - 2"", ""pct"": 10.12}]"
Netherlands,Senegal,Neutral,1.559,0.94,51.7,26.7,21.7,51.6,8.3,9.1,21.4,4.1,5.5,69.0,31.0,"[{""score"": ""1 - 0"", ""pct"": 12.61}, {""score"": ""1 - 1"", ""pct"": 11.92}, {""score"": ""2 - 1"", ""pct"": 9.73}]"
Netherlands,Canada,Neutral,1.989,0.852,64.5,21.2,14.3,64.8,7.5,7.5,14.2,2.7,3.2,79.9,20.1,"[{""score"": ""1 - 0"", ""pct"": 12.120000000000001}, {""score"": ""2 - 0"", ""pct"": 11.690000000000001}, {""score"": ""2 - 1"", ""pct"": 10.040000000000001}]"
Netherlands,Argentina,Neutral,0.936,1.499,22.4,27.6,50.1,22.9,4.4,6.0,50.6,6.9,9.3,33.3,66.7,"[{""score"": ""0 - 1"", ""pct"": 13.459999999999999}, {""score"": ""1 - 1"", ""pct"": 12.139999999999999}, {""score"": ""0 - 0"", ""pct"": 10.2}]"
Netherlands,England,Neutral,1.062,1.452,26.8,26.6,46.6,26.5,4.6,7.0,45.4,7.3,9.1,38.2,61.8,"[{""score"": ""1 - 1"", ""pct"": 12.18}, {""score"": ""0 - 1"", ""pct"": 12.1}, {""score"": ""1 - 2"", ""pct"": 9.139999999999999}]"
Netherlands,Tunisia,Neutral,1.758,0.767,61.4,24.4,14.3,61.2,7.7,9.1,15.1,2.9,3.9,78.0,22.0,"[{""score"": ""1 - 0"", ""pct"": 14.26}, {""score"": ""2 - 0"", ""pct"": 12.16}, {""score"": ""1 - 1"", ""pct"": 11.15}]"
Netherlands,Turkey,Neutral,2.038,1.157,57.6,21.6,20.8,57.8,7.0,7.3,20.2,3.8,3.9,72.1,27.9,"[{""score"": ""2 - 1"", ""pct"": 9.82}, {""score"": ""1 - 1"", ""pct"": 9.6}, {""score"": ""2 - 0"", ""pct"": 8.75}]"
Netherlands,Morocco,Neutral,1.177,0.999,39.8,30.6,29.5,40.1,6.7,9.8,30.1,5.5,7.8,56.5,43.5,"[{""score"": ""1 - 1"", ""pct"": 13.94}, {""score"": ""1 - 0"", ""pct"": 13.28}, {""score"": ""0 - 0"", ""pct"": 11.93}]"
Netherlands,Mexico,Neutral,1.625,0.932,53.4,26.0,20.6,53.8,7.4,9.4,20.7,3.6,5.1,70.6,29.4,"[{""score"": ""1 - 0"", ""pct"": 13.320000000000002}, {""score"": ""1 - 1"", ""pct"": 11.78}, {""score"": ""2 - 0"", ""pct"": 9.879999999999999}]"
Netherlands,DR Congo,Neutral,2.019,0.673,69.6,20.3,10.0,69.6,7.0,8.1,10.2,2.2,2.9,84.7,15.3,"[{""score"": ""1 - 0"", ""pct"": 14.099999999999998}, {""score"": ""2 - 0"", ""pct"": 13.950000000000001}, {""score"": ""2 - 1"", ""pct"": 8.89}]"
Netherlands,Norway,Neutral,1.83,1.245,51.5,23.8,24.7,51.1,7.0,7.2,25.3,4.3,5.1,65.3,34.6,"[{""score"": ""1 - 1"", ""pct"": 10.71}, {""score"": ""2 - 1"", ""pct"": 9.43}, {""score"": ""1 - 0"", ""pct"": 8.93}]"
Netherlands,Japan,Neutral,1.659,1.112,49.6,25.3,25.0,49.4,7.0,8.2,25.3,4.6,5.4,64.7,35.3,"[{""score"": ""1 - 1"", ""pct"": 11.459999999999999}, {""score"": ""1 - 0"", ""pct"": 10.620000000000001}, {""score"": ""2 - 1"", ""pct"": 9.77}]"
Netherlands,Qatar,Neutral,3.237,0.701,86.1,9.8,4.2,86.4,4.9,3.1,4.3,0.7,0.6,94.4,5.6,"[{""score"": ""3 - 0"", ""pct"": 11.01}, {""score"": ""2 - 0"", ""pct"": 10.47}, {""score"": ""4 - 0"", ""pct"": 8.290000000000001}]"
Netherlands,Czech Republic,Neutral,2.019,0.984,61.8,22.2,16.1,62.1,7.7,7.7,15.7,3.2,3.7,77.4,22.6,"[{""score"": ""2 - 0"", ""pct"": 10.4}, {""score"": ""1 - 1"", ""pct"": 10.16}, {""score"": ""2 - 1"", ""pct"": 9.959999999999999}]"
Netherlands,France,Neutral,1.211,1.492,29.0,27.1,43.8,30.6,5.3,6.9,41.7,7.2,8.2,42.8,57.2,"[{""score"": ""1 - 1"", ""pct"": 12.32}, {""score"": ""0 - 1"", ""pct"": 10.57}, {""score"": ""1 - 2"", ""pct"": 9.08}]"
Netherlands,Portugal,Neutral,1.282,1.567,31.4,26.0,42.5,30.3,5.5,7.0,42.9,7.0,7.4,42.7,57.3,"[{""score"": ""1 - 1"", ""pct"": 11.379999999999999}, {""score"": ""1 - 2"", ""pct"": 8.99}, {""score"": ""0 - 1"", ""pct"": 8.68}]"
Netherlands,Curaçao,Neutral,3.937,0.47,94.2,4.4,1.3,93.8,2.9,1.6,1.4,0.2,0.2,98.3,1.7,"[{""score"": ""3 - 0"", ""pct"": 12.950000000000001}, {""score"": ""4 - 0"", ""pct"": 11.83}, {""score"": ""2 - 0"", ""pct"": 10.17}]"
Netherlands,Cape Verde,Neutral,2.517,0.59,79.4,14.7,5.9,80.0,6.6,5.4,5.6,1.2,1.2,92.0,8.0,"[{""score"": ""2 - 0"", ""pct"": 14.219999999999999}, {""score"": ""1 - 0"", ""pct"": 12.030000000000001}, {""score"": ""3 - 0"", ""pct"": 11.67}]"
Netherlands,Panama,Neutral,2.69,0.709,79.5,14.4,6.1,80.0,6.0,5.0,6.4,1.3,1.3,90.9,9.1,"[{""score"": ""2 - 0"", ""pct"": 12.280000000000001}, {""score"": ""3 - 0"", ""pct"": 10.65}, {""score"": ""1 - 0"", ""pct"": 9.71}]"
Netherlands,Ecuador,Neutral,1.311,0.985,44.8,29.2,26.0,43.2,7.4,10.5,26.5,5.0,7.3,61.1,38.9,"[{""score"": ""1 - 0"", ""pct"": 13.719999999999999}, {""score"": ""1 - 1"", ""pct"": 12.950000000000001}, {""score"": ""0 - 0"", ""pct"": 11.19}]"
Netherlands,Egypt,Neutral,1.768,0.784,61.4,24.1,14.5,61.2,7.5,9.3,14.9,3.0,4.2,78.0,22.0,"[{""score"": ""1 - 0"", ""pct"": 14.45}, {""score"": ""2 - 0"", ""pct"": 11.959999999999999}, {""score"": ""1 - 1"", ""pct"": 11.3}]"
Netherlands,Uruguay,Neutral,1.281,1.148,38.6,29.0,32.4,38.4,6.6,8.7,32.2,6.0,8.2,53.7,46.3,"[{""score"": ""1 - 1"", ""pct"": 13.370000000000001}, {""score"": ""1 - 0"", ""pct"": 10.95}, {""score"": ""0 - 1"", ""pct"": 10.549999999999999}]"
Netherlands,Croatia,Neutral,1.516,1.225,43.3,27.0,29.7,44.0,6.6,7.9,29.7,5.3,6.6,58.5,41.6,"[{""score"": ""1 - 1"", ""pct"": 12.61}, {""score"": ""1 - 0"", ""pct"": 10.35}, {""score"": ""2 - 1"", ""pct"": 9.520000000000001}]"
Netherlands,Ivory Coast,Neutral,1.779,0.854,59.2,23.8,17.0,59.4,7.6,8.7,17.0,3.2,4.1,75.7,24.3,"[{""score"": ""1 - 0"", ""pct"": 13.41}, {""score"": ""2 - 0"", ""pct"": 11.33}, {""score"": ""1 - 1"", ""pct"": 10.56}]"
Netherlands,Saudi Arabia,Neutral,2.317,0.621,75.6,16.6,7.8,76.0,6.4,6.7,7.5,1.7,1.7,89.1,10.9,"[{""score"": ""2 - 0"", ""pct"": 14.24}, {""score"": ""1 - 0"", ""pct"": 13.270000000000001}, {""score"": ""3 - 0"", ""pct"": 10.89}]"
Netherlands,South Africa,Neutral,2.29,0.67,74.5,17.2,8.3,73.8,7.0,7.1,8.8,1.4,2.0,87.8,12.2,"[{""score"": ""2 - 0"", ""pct"": 13.33}, {""score"": ""1 - 0"", ""pct"": 12.3}, {""score"": ""3 - 0"", ""pct"": 10.39}]"
Netherlands,New Zealand,Neutral,2.552,0.485,83.2,12.8,4.1,83.1,5.7,5.2,4.2,0.9,0.9,94.0,6.0,"[{""score"": ""2 - 0"", ""pct"": 15.86}, {""score"": ""3 - 0"", ""pct"": 13.54}, {""score"": ""1 - 0"", ""pct"": 12.7}]"
Netherlands,Belgium,Neutral,1.491,1.475,37.4,25.9,36.8,37.3,6.0,6.9,36.7,6.3,6.8,50.2,49.8,"[{""score"": ""1 - 1"", ""pct"": 11.49}, {""score"": ""2 - 1"", ""pct"": 8.66}, {""score"": ""1 - 2"", ""pct"": 8.42}]"
United States,Austria,Neutral,1.101,1.499,27.0,26.8,46.2,26.9,4.2,6.2,46.8,7.1,8.9,37.2,62.8,"[{""score"": ""1 - 1"", ""pct"": 12.389999999999999}, {""score"": ""0 - 1"", ""pct"": 11.18}, {""score"": ""1 - 2"", ""pct"": 9.34}]"
United States,Iran,Neutral,1.051,1.271,29.7,30.1,40.2,29.8,5.5,7.9,40.6,6.8,9.3,43.2,56.8,"[{""score"": ""1 - 1"", ""pct"": 13.23}, {""score"": ""0 - 1"", ""pct"": 12.15}, {""score"": ""0 - 0"", ""pct"": 11.09}]"
United States,Iraq,Neutral,1.438,0.816,50.9,28.7,20.4,52.0,7.3,10.8,19.8,4.0,6.1,70.1,29.9,"[{""score"": ""1 - 0"", ""pct"": 15.2}, {""score"": ""0 - 0"", ""pct"": 12.32}, {""score"": ""1 - 1"", ""pct"": 12.139999999999999}]"
United States,Jordan,Neutral,1.588,0.984,51.9,26.3,21.8,51.9,7.2,9.1,21.9,4.2,5.6,68.3,31.7,"[{""score"": ""1 - 0"", ""pct"": 12.61}, {""score"": ""1 - 1"", ""pct"": 12.07}, {""score"": ""2 - 0"", ""pct"": 9.41}]"
United States,Ghana,Neutral,1.422,0.991,46.8,28.7,24.5,46.7,7.1,9.8,25.1,4.6,6.6,63.6,36.4,"[{""score"": ""1 - 1"", ""pct"": 13.089999999999998}, {""score"": ""1 - 0"", ""pct"": 12.75}, {""score"": ""0 - 0"", ""pct"": 9.85}]"
United States,Australia,Neutral,1.071,1.262,30.3,29.7,40.0,30.6,5.3,7.9,40.2,6.4,9.6,43.8,56.2,"[{""score"": ""1 - 1"", ""pct"": 13.200000000000001}, {""score"": ""0 - 1"", ""pct"": 11.87}, {""score"": ""0 - 0"", ""pct"": 11.08}]"
United States,Sweden,Neutral,1.215,1.564,29.4,26.1,44.4,28.9,4.9,5.8,44.9,7.3,8.2,39.6,60.4,"[{""score"": ""1 - 1"", ""pct"": 11.74}, {""score"": ""0 - 1"", ""pct"": 10.11}, {""score"": ""1 - 2"", ""pct"": 8.44}]"
United States,Paraguay,Neutral,1.014,1.168,30.7,30.7,38.5,30.0,5.6,9.3,38.3,6.6,10.2,44.9,55.1,"[{""score"": ""1 - 1"", ""pct"": 13.43}, {""score"": ""0 - 1"", ""pct"": 12.93}, {""score"": ""0 - 0"", ""pct"": 12.24}]"
United States,Switzerland,Neutral,1.012,1.713,21.3,25.2,53.4,20.3,3.9,5.1,54.4,7.5,8.8,29.3,70.7,"[{""score"": ""1 - 1"", ""pct"": 11.77}, {""score"": ""0 - 1"", ""pct"": 11.600000000000001}, {""score"": ""0 - 2"", ""pct"": 9.700000000000001}]"
United States,South Korea,Neutral,1.17,1.224,33.3,29.8,36.9,33.5,6.0,8.3,37.5,6.0,8.5,47.9,52.1,"[{""score"": ""1 - 1"", ""pct"": 12.97}, {""score"": ""0 - 1"", ""pct"": 11.360000000000001}, {""score"": ""1 - 0"", ""pct"": 10.440000000000001}]"
United States,Netherlands,Neutral,0.939,2.091,14.6,20.5,64.8,14.8,3.1,3.2,64.3,7.4,7.2,21.1,78.9,"[{""score"": ""0 - 2"", ""pct"": 10.780000000000001}, {""score"": ""0 - 1"", ""pct"": 10.75}, {""score"": ""1 - 2"", ""pct"": 9.75}]"
United States,Haiti,Neutral,2.21,0.858,69.0,19.4,11.6,68.3,7.2,7.3,12.2,2.1,2.9,82.8,17.2,"[{""score"": ""1 - 0"", ""pct"": 11.540000000000001}, {""score"": ""2 - 0"", ""pct"": 11.450000000000001}, {""score"": ""2 - 1"", ""pct"": 9.78}]"
United States,Germany,Neutral,0.998,2.301,14.1,18.8,67.0,14.0,2.5,2.6,66.9,7.6,6.5,19.1,80.9,"[{""score"": ""0 - 2"", ""pct"": 9.719999999999999}, {""score"": ""1 - 2"", ""pct"": 9.6}, {""score"": ""0 - 1"", ""pct"": 8.83}]"
United States,Algeria,Neutral,1.25,1.446,31.3,27.2,41.5,31.3,5.4,6.8,41.7,6.6,8.2,43.6,56.4,"[{""score"": ""1 - 1"", ""pct"": 12.030000000000001}, {""score"": ""0 - 1"", ""pct"": 10.16}, {""score"": ""1 - 2"", ""pct"": 8.63}]"
United States,Bosnia and Herzegovina,Neutral,1.561,1.067,48.8,26.4,24.9,48.1,7.2,8.8,25.1,4.9,5.8,64.1,35.9,"[{""score"": ""1 - 1"", ""pct"": 12.13}, {""score"": ""1 - 0"", ""pct"": 11.68}, {""score"": ""2 - 1"", ""pct"": 9.62}]"
United States,Brazil,Neutral,0.672,2.257,8.3,17.0,74.7,9.0,1.6,2.2,73.4,6.7,7.1,12.8,87.2,"[{""score"": ""0 - 2"", ""pct"": 13.850000000000001}, {""score"": ""0 - 1"", ""pct"": 12.68}, {""score"": ""0 - 3"", ""pct"": 9.8}]"
United States,Colombia,Neutral,0.781,1.813,13.9,23.7,62.5,14.6,3.1,3.8,61.8,8.0,8.8,21.4,78.6,"[{""score"": ""0 - 1"", ""pct"": 13.350000000000001}, {""score"": ""0 - 2"", ""pct"": 12.75}, {""score"": ""1 - 1"", ""pct"": 10.979999999999999}]"
United States,Uzbekistan,Neutral,1.21,0.977,40.2,30.5,29.2,40.9,6.4,10.5,28.7,5.1,8.3,57.8,42.1,"[{""score"": ""1 - 0"", ""pct"": 13.44}, {""score"": ""1 - 1"", ""pct"": 13.05}, {""score"": ""0 - 0"", ""pct"": 12.7}]"
United States,Scotland,Neutral,1.214,1.324,34.1,27.0,38.8,32.8,6.2,7.2,38.6,6.6,8.6,46.3,53.7,"[{""score"": ""1 - 1"", ""pct"": 12.049999999999999}, {""score"": ""0 - 1"", ""pct"": 10.979999999999999}, {""score"": ""1 - 0"", ""pct"": 10.01}]"
United States,Spain,Neutral,0.691,2.473,7.5,15.9,76.6,7.3,1.7,1.6,76.9,6.9,5.5,10.7,89.3,"[{""score"": ""0 - 2"", ""pct"": 13.25}, {""score"": ""0 - 1"", ""pct"": 11.03}, {""score"": ""0 - 3"", ""pct"": 10.68}]"
United States,Senegal,Neutral,0.961,1.29,26.2,29.6,44.2,26.7,5.1,7.4,43.7,6.4,10.7,39.2,60.8,"[{""score"": ""0 - 1"", ""pct"": 14.11}, {""score"": ""1 - 1"", ""pct"": 13.05}, {""score"": ""0 - 0"", ""pct"": 11.57}]"
United States,Canada,Neutral,1.226,1.169,36.6,29.4,33.9,37.3,6.7,8.7,33.6,5.4,8.3,52.8,47.2,"[{""score"": ""1 - 1"", ""pct"": 13.170000000000002}, {""score"": ""1 - 0"", ""pct"": 10.93}, {""score"": ""0 - 1"", ""pct"": 10.620000000000001}]"
United States,Argentina,Neutral,0.577,2.057,8.2,19.9,71.9,8.2,1.7,2.0,73.1,7.0,8.1,11.9,88.2,"[{""score"": ""0 - 1"", ""pct"": 15.25}, {""score"": ""0 - 2"", ""pct"": 14.85}, {""score"": ""0 - 3"", ""pct"": 10.34}]"
United States,England,Neutral,0.654,1.992,9.9,20.8,69.3,10.3,1.9,2.4,69.7,7.5,8.2,14.6,85.4,"[{""score"": ""0 - 1"", ""pct"": 14.45}, {""score"": ""0 - 2"", ""pct"": 13.86}, {""score"": ""1 - 1"", ""pct"": 9.19}]"
United States,Tunisia,Neutral,1.083,1.053,35.0,31.5,33.5,35.3,6.2,9.9,33.7,6.1,8.8,51.4,48.6,"[{""score"": ""1 - 1"", ""pct"": 13.61}, {""score"": ""0 - 0"", ""pct"": 13.389999999999999}, {""score"": ""1 - 0"", ""pct"": 12.98}]"
United States,Turkey,Neutral,1.256,1.587,29.0,25.7,45.3,30.1,5.3,5.8,44.2,6.8,7.8,41.2,58.8,"[{""score"": ""1 - 1"", ""pct"": 11.35}, {""score"": ""0 - 1"", ""pct"": 9.610000000000001}, {""score"": ""1 - 2"", ""pct"": 9.33}]"
United States,Morocco,Neutral,0.725,1.37,18.9,29.2,51.9,18.5,3.8,5.9,52.2,7.5,12.1,28.2,71.8,"[{""score"": ""0 - 1"", ""pct"": 17.1}, {""score"": ""0 - 0"", ""pct"": 13.23}, {""score"": ""1 - 1"", ""pct"": 12.0}]"
United States,Mexico,Neutral,1.001,1.28,28.0,30.0,42.0,28.4,5.1,8.0,41.9,6.5,10.0,41.6,58.4,"[{""score"": ""0 - 1"", ""pct"": 13.61}, {""score"": ""1 - 1"", ""pct"": 13.34}, {""score"": ""0 - 0"", ""pct"": 11.15}]"
United States,DR Congo,Neutral,1.244,0.923,43.2,30.4,26.4,42.6,6.9,10.9,26.5,5.4,7.7,60.4,39.6,"[{""score"": ""1 - 0"", ""pct"": 14.680000000000001}, {""score"": ""1 - 1"", ""pct"": 13.309999999999999}, {""score"": ""0 - 0"", ""pct"": 12.29}]"
United States,Norway,Neutral,1.128,1.709,24.3,24.8,50.8,24.2,4.5,5.4,50.3,7.2,8.4,34.1,65.9,"[{""score"": ""1 - 1"", ""pct"": 11.450000000000001}, {""score"": ""0 - 1"", ""pct"": 10.6}, {""score"": ""1 - 2"", ""pct"": 9.5}]"
United States,Japan,Neutral,1.022,1.526,24.8,27.4,47.7,24.3,4.2,6.6,48.7,7.1,9.1,35.0,64.9,"[{""score"": ""1 - 1"", ""pct"": 12.659999999999998}, {""score"": ""0 - 1"", ""pct"": 11.73}, {""score"": ""1 - 2"", ""pct"": 9.17}]"
United States,Qatar,Neutral,1.995,0.962,61.5,21.6,16.9,61.8,7.9,7.4,16.4,3.0,3.5,77.1,22.9,"[{""score"": ""1 - 0"", ""pct"": 10.780000000000001}, {""score"": ""2 - 0"", ""pct"": 10.24}, {""score"": ""1 - 1"", ""pct"": 9.89}]"
United States,Czech Republic,Neutral,1.244,1.351,33.5,27.7,38.8,34.2,6.0,7.3,37.7,6.5,8.3,47.5,52.5,"[{""score"": ""1 - 1"", ""pct"": 12.479999999999999}, {""score"": ""0 - 1"", ""pct"": 10.299999999999999}, {""score"": ""1 - 0"", ""pct"": 9.24}]"
United States,France,Neutral,0.746,2.048,11.5,20.1,68.4,11.8,2.4,2.7,68.2,7.3,7.6,16.9,83.1,"[{""score"": ""0 - 2"", ""pct"": 13.36}, {""score"": ""0 - 1"", ""pct"": 13.139999999999999}, {""score"": ""1 - 1"", ""pct"": 8.98}]"
United States,Portugal,Neutral,0.79,2.15,11.7,19.4,68.9,11.5,2.4,2.4,68.9,7.3,7.5,16.3,83.7,"[{""score"": ""0 - 2"", ""pct"": 12.22}, {""score"": ""0 - 1"", ""pct"": 11.66}, {""score"": ""1 - 2"", ""pct"": 9.700000000000001}]"
United States,Curaçao,Neutral,2.426,0.644,77.6,15.4,7.0,76.9,6.7,5.8,7.4,1.5,1.8,89.3,10.7,"[{""score"": ""2 - 0"", ""pct"": 14.09}, {""score"": ""1 - 0"", ""pct"": 11.84}, {""score"": ""3 - 0"", ""pct"": 10.34}]"
United States,Cape Verde,Neutral,1.551,0.81,55.9,26.2,18.0,54.5,7.6,10.2,18.7,3.6,5.3,72.3,27.7,"[{""score"": ""1 - 0"", ""pct"": 14.93}, {""score"": ""1 - 1"", ""pct"": 11.43}, {""score"": ""2 - 0"", ""pct"": 11.110000000000001}]"
United States,Panama,Neutral,1.658,0.973,52.2,25.9,21.9,53.4,7.1,9.1,20.5,4.2,5.6,69.7,30.3,"[{""score"": ""1 - 0"", ""pct"": 11.92}, {""score"": ""1 - 1"", ""pct"": 11.55}, {""score"": ""2 - 1"", ""pct"": 9.6}]"
United States,Ecuador,Neutral,0.808,1.351,20.8,29.4,49.8,21.0,4.0,7.0,49.1,7.4,11.4,32.1,67.9,"[{""score"": ""0 - 1"", ""pct"": 15.43}, {""score"": ""1 - 1"", ""pct"": 12.65}, {""score"": ""0 - 0"", ""pct"": 12.44}]"
United States,Egypt,Neutral,1.09,1.076,34.0,31.8,34.2,35.1,6.1,9.6,34.5,5.8,9.0,50.8,49.2,"[{""score"": ""1 - 1"", ""pct"": 13.819999999999999}, {""score"": ""0 - 0"", ""pct"": 12.709999999999999}, {""score"": ""0 - 1"", ""pct"": 12.120000000000001}]"
United States,Uruguay,Neutral,0.789,1.575,17.2,26.7,56.1,16.9,3.3,5.3,56.3,7.6,10.7,25.4,74.6,"[{""score"": ""0 - 1"", ""pct"": 15.49}, {""score"": ""1 - 1"", ""pct"": 11.559999999999999}, {""score"": ""0 - 2"", ""pct"": 10.73}]"
United States,Croatia,Neutral,0.934,1.681,20.2,25.0,54.9,19.6,3.7,5.0,54.3,7.7,9.8,28.3,71.7,"[{""score"": ""0 - 1"", ""pct"": 12.790000000000001}, {""score"": ""1 - 1"", ""pct"": 11.08}, {""score"": ""0 - 2"", ""pct"": 10.0}]"
United States,Ivory Coast,Neutral,1.096,1.172,32.9,30.5,36.6,33.5,5.6,8.9,36.2,6.4,9.3,48.1,51.9,"[{""score"": ""1 - 1"", ""pct"": 13.3}, {""score"": ""0 - 1"", ""pct"": 12.049999999999999}, {""score"": ""0 - 0"", ""pct"": 11.709999999999999}]"
United States,Saudi Arabia,Neutral,1.428,0.852,50.4,28.3,21.3,50.7,7.8,10.6,20.8,4.1,6.0,69.1,30.9,"[{""score"": ""1 - 0"", ""pct"": 14.899999999999999}, {""score"": ""1 - 1"", ""pct"": 12.49}, {""score"": ""0 - 0"", ""pct"": 11.43}]"
United States,South Africa,Neutral,1.411,0.92,47.8,29.0,23.2,47.9,7.1,10.3,23.4,4.5,6.7,65.4,34.6,"[{""score"": ""1 - 0"", ""pct"": 14.030000000000001}, {""score"": ""1 - 1"", ""pct"": 13.18}, {""score"": ""0 - 0"", ""pct"": 10.89}]"
United States,New Zealand,Neutral,1.573,0.666,59.2,26.2,14.6,59.6,7.9,10.9,13.8,3.2,4.8,78.3,21.7,"[{""score"": ""1 - 0"", ""pct"": 16.79}, {""score"": ""2 - 0"", ""pct"": 13.309999999999999}, {""score"": ""0 - 0"", ""pct"": 11.76}]"
United States,Belgium,Neutral,0.919,2.025,15.1,21.4,63.5,15.0,2.5,3.4,64.1,7.1,7.9,20.9,79.1,"[{""score"": ""0 - 1"", ""pct"": 11.129999999999999}, {""score"": ""0 - 2"", ""pct"": 10.84}, {""score"": ""1 - 2"", ""pct"": 9.700000000000001}]"
Haiti,Austria,Neutral,0.733,2.572,7.7,14.7,77.6,7.6,1.3,1.6,77.2,6.5,5.8,10.5,89.5,"[{""score"": ""0 - 2"", ""pct"": 12.33}, {""score"": ""0 - 3"", ""pct"": 10.77}, {""score"": ""0 - 1"", ""pct"": 9.9}]"
Haiti,Iran,Neutral,0.7,2.18,8.9,18.3,72.8,9.7,2.0,2.3,71.9,6.7,7.4,14.0,86.0,"[{""score"": ""0 - 1"", ""pct"": 12.989999999999998}, {""score"": ""0 - 2"", ""pct"": 12.76}, {""score"": ""0 - 3"", ""pct"": 9.790000000000001}]"
Haiti,Iraq,Neutral,0.958,1.399,25.1,28.2,46.7,24.9,4.4,6.9,47.1,7.4,9.2,36.3,63.7,"[{""score"": ""0 - 1"", ""pct"": 13.43}, {""score"": ""1 - 1"", ""pct"": 12.790000000000001}, {""score"": ""0 - 0"", ""pct"": 10.02}]"
Haiti,Jordan,Neutral,1.057,1.689,22.8,24.7,52.5,22.5,4.1,5.1,52.1,7.5,8.7,31.8,68.2,"[{""score"": ""1 - 1"", ""pct"": 11.25}, {""score"": ""0 - 1"", ""pct"": 10.82}, {""score"": ""1 - 2"", ""pct"": 9.87}]"
Haiti,Ghana,Neutral,0.947,1.7,19.7,25.1,55.3,20.7,3.7,4.6,54.5,7.3,9.1,29.1,70.9,"[{""score"": ""0 - 1"", ""pct"": 12.93}, {""score"": ""1 - 1"", ""pct"": 11.68}, {""score"": ""0 - 2"", ""pct"": 10.07}]"
Haiti,Australia,Neutral,0.713,2.166,10.0,19.2,70.9,9.5,1.9,2.7,71.7,7.1,7.1,14.1,85.9,"[{""score"": ""0 - 1"", ""pct"": 13.07}, {""score"": ""0 - 2"", ""pct"": 12.950000000000001}, {""score"": ""1 - 2"", ""pct"": 8.84}]"
Haiti,Sweden,Neutral,0.809,2.684,8.6,15.1,76.3,7.9,1.4,1.5,77.9,6.7,4.7,10.7,89.3,"[{""score"": ""0 - 2"", ""pct"": 10.879999999999999}, {""score"": ""0 - 3"", ""pct"": 9.370000000000001}, {""score"": ""0 - 1"", ""pct"": 8.709999999999999}]"
Haiti,Paraguay,Neutral,0.675,2.004,11.1,20.3,68.6,10.8,1.9,2.7,68.8,7.5,8.3,15.4,84.6,"[{""score"": ""0 - 1"", ""pct"": 13.98}, {""score"": ""0 - 2"", ""pct"": 13.750000000000002}, {""score"": ""0 - 3"", ""pct"": 9.48}]"
Haiti,Switzerland,Neutral,0.674,2.939,4.6,10.9,84.6,5.1,0.8,0.9,84.1,5.2,3.9,6.8,93.2,"[{""score"": ""0 - 2"", ""pct"": 12.35}, {""score"": ""0 - 3"", ""pct"": 11.540000000000001}, {""score"": ""0 - 4"", ""pct"": 8.82}]"
Haiti,South Korea,Neutral,0.779,2.1,11.5,20.0,68.5,11.5,2.1,2.9,68.7,7.4,7.4,16.5,83.5,"[{""score"": ""0 - 2"", ""pct"": 12.58}, {""score"": ""0 - 1"", ""pct"": 12.43}, {""score"": ""1 - 2"", ""pct"": 9.51}]"
Haiti,Netherlands,Neutral,0.625,3.587,2.5,7.3,90.2,2.9,0.4,0.3,90.2,3.8,2.5,3.6,96.4,"[{""score"": ""0 - 3"", ""pct"": 11.899999999999999}, {""score"": ""0 - 2"", ""pct"": 10.23}, {""score"": ""0 - 4"", ""pct"": 9.31}]"
Haiti,United States,Neutral,0.858,2.21,12.1,19.1,68.8,12.0,2.5,2.9,67.8,7.4,7.4,17.4,82.6,"[{""score"": ""0 - 1"", ""pct"": 11.06}, {""score"": ""0 - 2"", ""pct"": 11.03}, {""score"": ""1 - 2"", ""pct"": 9.83}]"
Haiti,Germany,Neutral,0.665,3.947,2.2,5.8,92.0,2.2,0.3,0.3,92.0,3.5,1.7,2.8,97.2,"[{""score"": ""0 - 4"", ""pct"": 9.98}, {""score"": ""0 - 3"", ""pct"": 9.790000000000001}, {""score"": ""0 - 2"", ""pct"": 8.709999999999999}]"
Haiti,Algeria,Neutral,0.832,2.481,9.5,16.7,73.8,9.4,1.8,1.8,73.9,7.1,5.9,13.1,86.9,"[{""score"": ""0 - 2"", ""pct"": 10.48}, {""score"": ""1 - 2"", ""pct"": 9.64}, {""score"": ""0 - 1"", ""pct"": 9.44}]"
Haiti,Bosnia and Herzegovina,Neutral,1.04,1.83,20.9,23.9,55.2,20.0,4.0,5.0,55.6,7.9,7.5,28.9,71.1,"[{""score"": ""1 - 1"", ""pct"": 10.63}, {""score"": ""0 - 1"", ""pct"": 10.43}, {""score"": ""1 - 2"", ""pct"": 9.93}]"
Haiti,Brazil,Neutral,0.448,3.873,1.3,4.6,94.1,1.4,0.2,0.1,93.6,3.1,1.5,1.8,98.2,"[{""score"": ""0 - 3"", ""pct"": 13.03}, {""score"": ""0 - 4"", ""pct"": 11.64}, {""score"": ""0 - 2"", ""pct"": 10.63}]"
Haiti,Colombia,Neutral,0.52,3.11,2.7,9.3,88.0,3.0,0.6,0.6,88.4,4.1,3.3,4.2,95.8,"[{""score"": ""0 - 3"", ""pct"": 13.62}, {""score"": ""0 - 2"", ""pct"": 13.38}, {""score"": ""0 - 4"", ""pct"": 10.03}]"
Haiti,Uzbekistan,Neutral,0.806,1.676,16.2,24.3,59.5,16.6,3.4,4.8,58.3,7.8,9.1,24.7,75.3,"[{""score"": ""0 - 1"", ""pct"": 14.27}, {""score"": ""0 - 2"", ""pct"": 11.73}, {""score"": ""1 - 1"", ""pct"": 10.33}]"
Haiti,Scotland,Neutral,0.809,2.271,10.6,18.8,70.6,10.9,2.0,2.5,70.3,7.2,7.0,15.4,84.5,"[{""score"": ""0 - 2"", ""pct"": 11.55}, {""score"": ""0 - 1"", ""pct"": 10.459999999999999}, {""score"": ""1 - 2"", ""pct"": 10.07}]"
Haiti,Spain,Neutral,0.46,4.242,0.9,3.7,95.5,0.9,0.1,0.1,95.4,2.4,1.2,1.1,98.9,"[{""score"": ""0 - 4"", ""pct"": 12.24}, {""score"": ""0 - 3"", ""pct"": 11.57}, {""score"": ""0 - 5"", ""pct"": 11.16}]"
Haiti,Senegal,Neutral,0.64,2.213,8.1,18.0,73.9,8.5,1.7,2.1,73.7,6.9,7.2,12.2,87.9,"[{""score"": ""0 - 2"", ""pct"": 13.889999999999999}, {""score"": ""0 - 1"", ""pct"": 12.870000000000001}, {""score"": ""0 - 3"", ""pct"": 9.790000000000001}]"
Haiti,Canada,Neutral,0.816,2.005,12.4,21.4,66.2,14.1,2.6,3.2,65.3,7.2,7.6,19.9,80.1,"[{""score"": ""0 - 1"", ""pct"": 13.059999999999999}, {""score"": ""0 - 2"", ""pct"": 11.89}, {""score"": ""1 - 2"", ""pct"": 10.11}]"
Haiti,Argentina,Neutral,0.384,3.53,1.3,5.5,93.2,1.2,0.3,0.3,93.2,3.3,1.7,1.9,98.2,"[{""score"": ""0 - 3"", ""pct"": 14.499999999999998}, {""score"": ""0 - 4"", ""pct"": 13.059999999999999}, {""score"": ""0 - 2"", ""pct"": 12.17}]"
Haiti,England,Neutral,0.436,3.418,1.6,6.3,92.1,1.9,0.3,0.3,91.4,3.7,2.3,2.6,97.4,"[{""score"": ""0 - 3"", ""pct"": 14.23}, {""score"": ""0 - 2"", ""pct"": 13.4}, {""score"": ""0 - 4"", ""pct"": 12.18}]"
Haiti,Tunisia,Neutral,0.721,1.806,13.3,22.5,64.2,13.4,2.6,3.6,63.5,7.9,9.0,19.7,80.3,"[{""score"": ""0 - 1"", ""pct"": 15.65}, {""score"": ""0 - 2"", ""pct"": 13.309999999999999}, {""score"": ""1 - 1"", ""pct"": 9.569999999999999}]"
Haiti,Turkey,Neutral,0.837,2.723,8.0,14.2,77.7,7.9,1.5,1.7,77.6,6.4,5.0,11.0,89.0,"[{""score"": ""0 - 2"", ""pct"": 10.51}, {""score"": ""0 - 3"", ""pct"": 9.73}, {""score"": ""1 - 2"", ""pct"": 8.76}]"
Haiti,Morocco,Neutral,0.483,2.351,5.1,14.8,80.1,4.9,0.8,1.3,80.2,6.2,6.7,7.0,93.0,"[{""score"": ""0 - 2"", ""pct"": 16.54}, {""score"": ""0 - 1"", ""pct"": 14.57}, {""score"": ""0 - 3"", ""pct"": 12.13}]"
Haiti,Mexico,Neutral,0.667,2.195,8.9,17.0,74.1,8.4,1.8,2.3,73.2,7.0,7.2,12.5,87.5,"[{""score"": ""0 - 2"", ""pct"": 13.73}, {""score"": ""0 - 1"", ""pct"": 12.479999999999999}, {""score"": ""0 - 3"", ""pct"": 10.059999999999999}]"
Haiti,DR Congo,Neutral,0.828,1.584,18.6,26.4,55.0,18.5,3.8,4.9,55.7,7.7,9.3,27.2,72.8,"[{""score"": ""0 - 1"", ""pct"": 14.979999999999999}, {""score"": ""1 - 1"", ""pct"": 11.84}, {""score"": ""0 - 2"", ""pct"": 10.61}]"
Haiti,Norway,Neutral,0.751,2.931,5.5,11.7,82.8,5.5,1.2,1.1,82.6,5.5,4.1,7.8,92.2,"[{""score"": ""0 - 2"", ""pct"": 11.14}, {""score"": ""0 - 3"", ""pct"": 10.26}, {""score"": ""0 - 1"", ""pct"": 8.24}]"
Haiti,Japan,Neutral,0.681,2.617,6.6,14.5,78.9,6.8,1.4,1.2,79.8,5.9,4.8,9.4,90.6,"[{""score"": ""0 - 2"", ""pct"": 12.46}, {""score"": ""0 - 3"", ""pct"": 10.52}, {""score"": ""0 - 1"", ""pct"": 10.09}]"
Haiti,Qatar,Neutral,1.328,1.65,30.0,25.9,44.1,30.6,5.3,5.9,43.7,7.2,7.4,41.8,58.2,"[{""score"": ""1 - 1"", ""pct"": 11.35}, {""score"": ""0 - 1"", ""pct"": 8.89}, {""score"": ""1 - 2"", ""pct"": 8.85}]"
Haiti,Czech Republic,Neutral,0.829,2.318,10.4,18.4,71.2,10.4,2.0,2.4,71.8,7.0,6.4,14.9,85.1,"[{""score"": ""0 - 2"", ""pct"": 11.52}, {""score"": ""0 - 1"", ""pct"": 10.81}, {""score"": ""1 - 2"", ""pct"": 9.54}]"
Haiti,France,Neutral,0.497,3.513,1.8,6.0,92.2,2.2,0.3,0.3,91.4,3.8,2.1,2.8,97.2,"[{""score"": ""0 - 3"", ""pct"": 12.91}, {""score"": ""0 - 2"", ""pct"": 11.48}, {""score"": ""0 - 4"", ""pct"": 11.25}]"
Haiti,Portugal,Neutral,0.526,3.689,2.0,5.9,92.1,1.8,0.3,0.3,92.1,3.7,1.9,2.3,97.7,"[{""score"": ""0 - 3"", ""pct"": 12.21}, {""score"": ""0 - 4"", ""pct"": 11.32}, {""score"": ""0 - 2"", ""pct"": 10.52}]"
Haiti,Curaçao,Neutral,1.616,1.105,48.5,26.3,25.2,48.4,7.3,8.6,25.4,4.9,5.4,64.3,35.7,"[{""score"": ""1 - 1"", ""pct"": 11.86}, {""score"": ""1 - 0"", ""pct"": 11.03}, {""score"": ""2 - 1"", ""pct"": 9.06}]"
Haiti,Cape Verde,Neutral,1.033,1.389,26.8,28.4,44.8,26.6,5.0,7.3,45.2,6.7,9.3,38.8,61.2,"[{""score"": ""1 - 1"", ""pct"": 12.83}, {""score"": ""0 - 1"", ""pct"": 12.53}, {""score"": ""0 - 0"", ""pct"": 9.6}]"
Haiti,Panama,Neutral,1.104,1.67,23.6,26.1,50.2,22.8,4.5,5.8,50.9,7.6,8.4,33.1,66.9,"[{""score"": ""1 - 1"", ""pct"": 12.19}, {""score"": ""0 - 1"", ""pct"": 10.47}, {""score"": ""1 - 2"", ""pct"": 9.58}]"
Haiti,Ecuador,Neutral,0.538,2.318,6.0,15.7,78.3,6.3,1.2,1.4,78.0,6.6,6.5,8.9,91.1,"[{""score"": ""0 - 2"", ""pct"": 15.229999999999999}, {""score"": ""0 - 1"", ""pct"": 13.5}, {""score"": ""0 - 3"", ""pct"": 11.68}]"
Haiti,Egypt,Neutral,0.726,1.846,12.8,22.9,64.3,12.7,2.4,3.6,64.5,7.7,9.0,18.8,81.2,"[{""score"": ""0 - 1"", ""pct"": 14.000000000000002}, {""score"": ""0 - 2"", ""pct"": 12.479999999999999}, {""score"": ""1 - 1"", ""pct"": 9.82}]"
Haiti,Uruguay,Neutral,0.526,2.703,4.4,12.1,83.6,4.3,0.8,0.6,83.9,5.7,4.7,5.7,94.3,"[{""score"": ""0 - 2"", ""pct"": 14.399999999999999}, {""score"": ""0 - 3"", ""pct"": 12.64}, {""score"": ""0 - 1"", ""pct"": 11.72}]"
Haiti,Croatia,Neutral,0.622,2.884,4.7,11.6,83.7,4.5,0.9,0.8,84.3,5.9,3.7,6.1,93.9,"[{""score"": ""0 - 2"", ""pct"": 12.920000000000002}, {""score"": ""0 - 3"", ""pct"": 11.600000000000001}, {""score"": ""0 - 1"", ""pct"": 9.5}]"
Haiti,Ivory Coast,Neutral,0.73,2.01,11.7,21.6,66.7,11.1,2.3,3.0,67.8,7.7,8.1,16.5,83.5,"[{""score"": ""0 - 2"", ""pct"": 13.0}, {""score"": ""0 - 1"", ""pct"": 12.68}, {""score"": ""1 - 1"", ""pct"": 9.5}]"
Haiti,Saudi Arabia,Neutral,0.951,1.461,22.6,28.0,49.4,22.9,4.4,6.7,49.1,7.0,9.9,34.0,66.0,"[{""score"": ""0 - 1"", ""pct"": 13.569999999999999}, {""score"": ""1 - 1"", ""pct"": 12.53}, {""score"": ""0 - 0"", ""pct"": 10.209999999999999}]"
Haiti,South Africa,Neutral,0.94,1.578,21.0,26.8,52.2,21.8,4.0,5.6,51.7,7.9,9.0,31.4,68.6,"[{""score"": ""0 - 1"", ""pct"": 13.370000000000001}, {""score"": ""1 - 1"", ""pct"": 12.3}, {""score"": ""1 - 2"", ""pct"": 9.64}]"
Haiti,New Zealand,Neutral,1.047,1.143,31.9,31.3,36.8,31.4,5.6,8.8,37.7,6.4,10.0,45.9,54.1,"[{""score"": ""1 - 1"", ""pct"": 13.459999999999999}, {""score"": ""0 - 0"", ""pct"": 12.889999999999999}, {""score"": ""0 - 1"", ""pct"": 12.36}]"
Haiti,Belgium,Neutral,0.612,3.474,2.8,7.5,89.7,3.0,0.4,0.5,89.6,3.9,2.5,3.9,96.1,"[{""score"": ""0 - 3"", ""pct"": 11.73}, {""score"": ""0 - 4"", ""pct"": 10.290000000000001}, {""score"": ""0 - 2"", ""pct"": 10.26}]"
Germany,Austria,Neutral,1.967,1.162,55.7,22.7,21.6,56.1,7.0,7.8,21.2,3.4,4.5,70.9,29.1,"[{""score"": ""1 - 1"", ""pct"": 9.76}, {""score"": ""2 - 1"", ""pct"": 9.35}, {""score"": ""1 - 0"", ""pct"": 9.32}]"
Germany,Iran,Neutral,1.877,0.985,58.2,24.1,17.7,58.1,7.7,8.0,18.4,3.8,4.0,73.8,26.2,"[{""score"": ""1 - 0"", ""pct"": 11.24}, {""score"": ""1 - 1"", ""pct"": 11.01}, {""score"": ""2 - 1"", ""pct"": 10.280000000000001}]"
Germany,Iraq,Neutral,2.568,0.632,79.6,14.1,6.3,80.1,6.6,4.9,5.9,1.3,1.2,91.6,8.4,"[{""score"": ""2 - 0"", ""pct"": 14.069999999999999}, {""score"": ""3 - 0"", ""pct"": 11.16}, {""score"": ""1 - 0"", ""pct"": 10.89}]"
Germany,Jordan,Neutral,2.836,0.763,80.5,13.2,6.3,80.7,5.8,4.5,6.6,1.2,1.2,91.0,9.0,"[{""score"": ""2 - 0"", ""pct"": 11.44}, {""score"": ""3 - 0"", ""pct"": 10.07}, {""score"": ""1 - 0"", ""pct"": 8.290000000000001}]"
Germany,Ghana,Neutral,2.54,0.768,76.3,15.2,8.4,76.5,6.9,5.5,7.8,1.7,1.6,88.8,11.2,"[{""score"": ""2 - 0"", ""pct"": 11.57}, {""score"": ""1 - 0"", ""pct"": 10.2}, {""score"": ""3 - 0"", ""pct"": 9.9}]"
Germany,Australia,Neutral,1.912,0.978,58.2,23.7,18.2,59.6,7.3,7.9,17.9,3.1,4.1,74.8,25.2,"[{""score"": ""1 - 0"", ""pct"": 10.94}, {""score"": ""1 - 1"", ""pct"": 10.81}, {""score"": ""2 - 0"", ""pct"": 9.89}]"
Germany,Sweden,Neutral,2.171,1.212,59.9,20.5,19.6,60.8,6.9,6.5,19.1,3.5,3.3,74.2,25.8,"[{""score"": ""2 - 1"", ""pct"": 9.43}, {""score"": ""1 - 1"", ""pct"": 8.95}, {""score"": ""2 - 0"", ""pct"": 7.9799999999999995}]"
Germany,Paraguay,Neutral,1.81,0.905,58.7,24.3,17.0,59.2,8.0,8.2,16.9,3.4,4.4,75.4,24.6,"[{""score"": ""1 - 0"", ""pct"": 12.629999999999999}, {""score"": ""2 - 0"", ""pct"": 11.110000000000001}, {""score"": ""1 - 1"", ""pct"": 10.65}]"
Germany,Switzerland,Neutral,1.808,1.327,47.7,24.6,27.7,48.7,6.9,7.1,27.2,4.7,5.3,62.7,37.3,"[{""score"": ""1 - 1"", ""pct"": 10.8}, {""score"": ""2 - 1"", ""pct"": 9.07}, {""score"": ""1 - 0"", ""pct"": 7.84}]"
Germany,South Korea,Neutral,2.09,0.949,64.5,20.7,14.7,63.5,7.3,7.4,15.6,2.8,3.4,78.2,21.8,"[{""score"": ""1 - 0"", ""pct"": 10.72}, {""score"": ""2 - 0"", ""pct"": 10.37}, {""score"": ""2 - 1"", ""pct"": 10.2}]"
Germany,Netherlands,Neutral,1.677,1.62,39.4,23.5,37.1,38.9,6.0,5.8,37.2,6.0,6.0,50.7,49.3,"[{""score"": ""1 - 1"", ""pct"": 9.86}, {""score"": ""2 - 1"", ""pct"": 8.41}, {""score"": ""1 - 2"", ""pct"": 8.16}]"
Germany,United States,Neutral,2.301,0.998,66.8,19.0,14.2,66.8,7.1,6.6,14.3,2.4,2.8,80.4,19.6,"[{""score"": ""2 - 0"", ""pct"": 9.87}, {""score"": ""2 - 1"", ""pct"": 9.67}, {""score"": ""1 - 0"", ""pct"": 9.62}]"
Germany,Haiti,Neutral,3.947,0.665,92.3,5.6,2.1,92.3,3.5,1.5,2.0,0.4,0.3,97.3,2.7,"[{""score"": ""4 - 0"", ""pct"": 10.6}, {""score"": ""3 - 0"", ""pct"": 9.91}, {""score"": ""2 - 0"", ""pct"": 8.459999999999999}]"
Germany,Algeria,Neutral,2.232,1.121,63.0,20.2,16.8,61.7,7.6,6.3,17.4,3.3,3.6,75.7,24.3,"[{""score"": ""2 - 1"", ""pct"": 9.32}, {""score"": ""1 - 1"", ""pct"": 8.780000000000001}, {""score"": ""2 - 0"", ""pct"": 8.57}]"
Germany,Bosnia and Herzegovina,Neutral,2.788,0.827,79.1,13.7,7.3,78.4,6.2,4.9,7.5,1.4,1.6,89.6,10.4,"[{""score"": ""2 - 0"", ""pct"": 10.69}, {""score"": ""3 - 0"", ""pct"": 9.45}, {""score"": ""2 - 1"", ""pct"": 8.690000000000001}]"
Germany,Brazil,Neutral,1.201,1.749,25.2,25.4,49.3,25.2,4.2,5.3,51.2,6.2,7.8,34.7,65.3,"[{""score"": ""1 - 1"", ""pct"": 11.450000000000001}, {""score"": ""1 - 2"", ""pct"": 9.64}, {""score"": ""0 - 1"", ""pct"": 9.48}]"
Germany,Colombia,Neutral,1.395,1.405,36.5,27.5,36.0,37.0,6.4,6.9,36.1,6.2,7.4,50.3,49.7,"[{""score"": ""1 - 1"", ""pct"": 11.97}, {""score"": ""1 - 0"", ""pct"": 8.58}, {""score"": ""0 - 1"", ""pct"": 8.55}]"
Germany,Uzbekistan,Neutral,2.162,0.757,70.0,19.3,10.7,70.8,7.2,6.9,10.4,2.3,2.3,84.9,15.1,"[{""score"": ""1 - 0"", ""pct"": 12.790000000000001}, {""score"": ""2 - 0"", ""pct"": 12.41}, {""score"": ""2 - 1"", ""pct"": 9.56}]"
Germany,Scotland,Neutral,2.169,1.026,63.8,20.6,15.6,63.4,7.6,7.1,15.4,3.2,3.4,78.0,22.0,"[{""score"": ""1 - 0"", ""pct"": 9.84}, {""score"": ""2 - 0"", ""pct"": 9.59}, {""score"": ""2 - 1"", ""pct"": 9.44}]"
Germany,Spain,Neutral,1.234,1.916,23.5,23.0,53.5,22.7,4.7,4.6,53.6,7.0,7.5,32.0,68.0,"[{""score"": ""1 - 2"", ""pct"": 10.290000000000001}, {""score"": ""1 - 1"", ""pct"": 10.16}, {""score"": ""0 - 1"", ""pct"": 8.780000000000001}]"
Germany,Senegal,Neutral,1.716,1.0,53.7,25.3,21.0,54.4,7.1,8.6,21.2,3.9,4.8,70.1,29.9,"[{""score"": ""1 - 0"", ""pct"": 12.15}, {""score"": ""1 - 1"", ""pct"": 11.39}, {""score"": ""2 - 1"", ""pct"": 10.040000000000001}]"
Germany,Canada,Neutral,2.189,0.906,67.3,19.8,12.9,67.0,7.6,7.3,13.0,2.3,2.8,81.9,18.1,"[{""score"": ""1 - 0"", ""pct"": 11.03}, {""score"": ""2 - 0"", ""pct"": 10.620000000000001}, {""score"": ""2 - 1"", ""pct"": 9.91}]"
Germany,Argentina,Neutral,1.03,1.594,23.7,25.9,50.4,23.5,4.0,5.9,50.0,7.7,8.9,33.4,66.6,"[{""score"": ""1 - 1"", ""pct"": 11.95}, {""score"": ""0 - 1"", ""pct"": 11.790000000000001}, {""score"": ""1 - 2"", ""pct"": 9.58}]"
Germany,England,Neutral,1.169,1.544,27.1,26.0,46.9,28.4,5.1,7.0,44.4,6.8,8.2,40.5,59.5,"[{""score"": ""1 - 1"", ""pct"": 11.76}, {""score"": ""0 - 1"", ""pct"": 11.14}, {""score"": ""1 - 2"", ""pct"": 9.22}]"
Germany,Tunisia,Neutral,1.935,0.816,64.3,22.0,13.7,64.3,7.2,7.9,14.4,2.8,3.4,79.4,20.6,"[{""score"": ""1 - 0"", ""pct"": 13.07}, {""score"": ""2 - 0"", ""pct"": 11.66}, {""score"": ""1 - 1"", ""pct"": 9.76}]"
Germany,Turkey,Neutral,2.243,1.23,61.0,20.1,18.9,60.4,7.3,6.1,19.3,3.5,3.5,73.8,26.2,"[{""score"": ""2 - 1"", ""pct"": 9.75}, {""score"": ""1 - 1"", ""pct"": 8.58}, {""score"": ""2 - 0"", ""pct"": 7.31}]"
Germany,Morocco,Neutral,1.296,1.062,40.8,28.5,30.6,41.8,6.6,8.9,29.7,5.5,7.5,57.3,42.7,"[{""score"": ""1 - 1"", ""pct"": 12.709999999999999}, {""score"": ""1 - 0"", ""pct"": 11.98}, {""score"": ""0 - 1"", ""pct"": 10.89}]"
Germany,Mexico,Neutral,1.789,0.991,56.3,23.7,20.0,56.6,7.3,8.7,19.0,3.5,4.8,72.6,27.4,"[{""score"": ""1 - 0"", ""pct"": 11.72}, {""score"": ""1 - 1"", ""pct"": 11.14}, {""score"": ""2 - 1"", ""pct"": 10.32}]"
Germany,DR Congo,Neutral,2.222,0.715,72.4,18.3,9.3,72.7,7.0,7.0,9.3,1.8,2.3,86.6,13.4,"[{""score"": ""2 - 0"", ""pct"": 13.200000000000001}, {""score"": ""1 - 0"", ""pct"": 12.41}, {""score"": ""3 - 0"", ""pct"": 9.48}]"
Germany,Norway,Neutral,2.015,1.324,53.3,22.2,24.5,53.2,7.5,6.7,23.2,4.6,4.8,67.4,32.6,"[{""score"": ""1 - 1"", ""pct"": 9.76}, {""score"": ""2 - 1"", ""pct"": 9.62}, {""score"": ""2 - 0"", ""pct"": 7.6899999999999995}]"
Germany,Japan,Neutral,1.826,1.182,52.8,23.5,23.7,52.5,7.5,7.3,22.9,4.6,5.1,67.3,32.7,"[{""score"": ""1 - 1"", ""pct"": 10.5}, {""score"": ""2 - 1"", ""pct"": 9.89}, {""score"": ""1 - 0"", ""pct"": 9.4}]"
Germany,Qatar,Neutral,3.563,0.745,88.1,8.3,3.5,88.5,4.3,2.5,3.5,0.6,0.6,95.4,4.6,"[{""score"": ""3 - 0"", ""pct"": 10.65}, {""score"": ""2 - 0"", ""pct"": 9.11}, {""score"": ""4 - 0"", ""pct"": 8.61}]"
Germany,Czech Republic,Neutral,2.223,1.047,64.2,20.6,15.3,64.9,7.3,6.6,15.2,3.0,3.0,78.8,21.2,"[{""score"": ""2 - 1"", ""pct"": 10.07}, {""score"": ""2 - 0"", ""pct"": 9.73}, {""score"": ""1 - 1"", ""pct"": 9.2}]"
Germany,France,Neutral,1.333,1.587,31.3,26.7,42.0,31.4,5.4,6.5,42.3,7.0,7.4,43.3,56.7,"[{""score"": ""1 - 1"", ""pct"": 12.27}, {""score"": ""1 - 2"", ""pct"": 8.73}, {""score"": ""0 - 1"", ""pct"": 8.37}]"
Germany,Portugal,Neutral,1.411,1.666,32.9,24.4,42.8,31.6,5.4,5.8,43.8,6.4,7.0,42.8,57.2,"[{""score"": ""1 - 1"", ""pct"": 10.4}, {""score"": ""1 - 2"", ""pct"": 8.92}, {""score"": ""2 - 1"", ""pct"": 7.84}]"
Germany,Curaçao,Neutral,4.333,0.499,95.6,3.5,1.0,95.8,2.1,1.0,0.8,0.1,0.2,99.0,1.0,"[{""score"": ""4 - 0"", ""pct"": 11.67}, {""score"": ""3 - 0"", ""pct"": 11.35}, {""score"": ""5 - 0"", ""pct"": 9.86}]"
Germany,Cape Verde,Neutral,2.77,0.627,83.0,12.0,5.0,82.7,5.4,4.6,5.3,1.1,1.0,92.6,7.4,"[{""score"": ""2 - 0"", ""pct"": 12.82}, {""score"": ""3 - 0"", ""pct"": 12.17}, {""score"": ""1 - 0"", ""pct"": 10.26}]"
Germany,Panama,Neutral,2.961,0.754,81.8,12.6,5.6,82.2,5.9,4.3,5.7,1.1,0.8,92.4,7.6,"[{""score"": ""2 - 0"", ""pct"": 11.25}, {""score"": ""3 - 0"", ""pct"": 10.39}, {""score"": ""3 - 1"", ""pct"": 8.15}]"
Germany,Ecuador,Neutral,1.443,1.047,46.5,27.3,26.1,45.3,6.9,9.6,26.2,5.1,6.8,61.9,38.1,"[{""score"": ""1 - 0"", ""pct"": 12.9}, {""score"": ""1 - 1"", ""pct"": 11.97}, {""score"": ""0 - 0"", ""pct"": 9.39}]"
Germany,Egypt,Neutral,1.946,0.834,64.1,21.6,14.2,63.8,7.5,8.3,14.4,2.6,3.5,79.6,20.4,"[{""score"": ""1 - 0"", ""pct"": 12.6}, {""score"": ""2 - 0"", ""pct"": 11.690000000000001}, {""score"": ""1 - 1"", ""pct"": 9.93}]"
Germany,Uruguay,Neutral,1.41,1.221,41.1,27.7,31.2,40.1,6.7,8.2,32.0,5.8,7.2,55.0,45.0,"[{""score"": ""1 - 1"", ""pct"": 12.43}, {""score"": ""1 - 0"", ""pct"": 10.74}, {""score"": ""2 - 1"", ""pct"": 8.83}]"
Germany,Croatia,Neutral,1.669,1.303,46.6,24.7,28.7,46.2,7.1,7.4,28.3,5.4,5.6,60.7,39.3,"[{""score"": ""1 - 1"", ""pct"": 10.780000000000001}, {""score"": ""2 - 1"", ""pct"": 9.45}, {""score"": ""1 - 0"", ""pct"": 8.57}]"
Germany,Ivory Coast,Neutral,1.958,0.908,62.8,22.0,15.2,61.6,7.4,8.6,15.9,3.0,3.5,77.6,22.4,"[{""score"": ""1 - 0"", ""pct"": 12.280000000000001}, {""score"": ""2 - 0"", ""pct"": 11.05}, {""score"": ""1 - 1"", ""pct"": 10.059999999999999}]"
Germany,Saudi Arabia,Neutral,2.55,0.66,78.7,14.7,6.5,79.2,6.5,5.4,6.6,1.1,1.2,91.1,8.9,"[{""score"": ""2 - 0"", ""pct"": 13.16}, {""score"": ""1 - 0"", ""pct"": 10.77}, {""score"": ""3 - 0"", ""pct"": 10.75}]"
Germany,South Africa,Neutral,2.52,0.713,77.2,14.9,7.9,77.0,6.5,5.9,7.6,1.3,1.7,89.5,10.5,"[{""score"": ""2 - 0"", ""pct"": 12.370000000000001}, {""score"": ""1 - 0"", ""pct"": 10.89}, {""score"": ""3 - 0"", ""pct"": 9.73}]"
Germany,New Zealand,Neutral,2.809,0.516,85.6,10.7,3.7,85.3,5.2,4.3,3.7,0.8,0.7,94.8,5.2,"[{""score"": ""2 - 0"", ""pct"": 14.760000000000002}, {""score"": ""3 - 0"", ""pct"": 13.23}, {""score"": ""1 - 0"", ""pct"": 11.03}]"
Germany,Belgium,Neutral,1.641,1.569,39.5,24.8,35.7,40.5,6.2,5.8,35.8,5.5,6.1,52.6,47.4,"[{""score"": ""1 - 1"", ""pct"": 10.82}, {""score"": ""2 - 1"", ""pct"": 8.39}, {""score"": ""1 - 2"", ""pct"": 8.110000000000001}]"
Algeria,Austria,Neutral,1.236,1.455,31.4,27.5,41.0,31.9,5.2,6.6,40.7,6.9,8.7,43.7,56.3,"[{""score"": ""1 - 1"", ""pct"": 12.2}, {""score"": ""0 - 1"", ""pct"": 9.719999999999999}, {""score"": ""1 - 2"", ""pct"": 8.959999999999999}]"
Algeria,Iran,Neutral,1.18,1.233,34.5,28.8,36.8,34.1,5.9,8.3,36.4,6.7,8.6,48.3,51.7,"[{""score"": ""1 - 1"", ""pct"": 12.91}, {""score"": ""0 - 1"", ""pct"": 11.64}, {""score"": ""1 - 0"", ""pct"": 10.34}]"
Algeria,Iraq,Neutral,1.614,0.791,56.9,26.4,16.7,56.5,7.7,10.0,17.5,3.6,4.7,74.2,25.8,"[{""score"": ""1 - 0"", ""pct"": 15.190000000000001}, {""score"": ""2 - 0"", ""pct"": 11.67}, {""score"": ""1 - 1"", ""pct"": 11.34}]"
Algeria,Jordan,Neutral,1.783,0.955,56.9,24.3,18.8,56.2,8.0,8.7,19.1,3.5,4.5,72.9,27.1,"[{""score"": ""1 - 0"", ""pct"": 12.29}, {""score"": ""1 - 1"", ""pct"": 11.17}, {""score"": ""2 - 0"", ""pct"": 10.36}]"
Algeria,Ghana,Neutral,1.597,0.962,52.4,26.2,21.4,52.1,7.8,9.3,21.1,4.4,5.3,69.1,30.9,"[{""score"": ""1 - 0"", ""pct"": 12.959999999999999}, {""score"": ""1 - 1"", ""pct"": 11.690000000000001}, {""score"": ""2 - 0"", ""pct"": 9.76}]"
Algeria,Australia,Neutral,1.202,1.225,35.0,29.2,35.8,34.6,6.0,8.5,36.3,6.2,8.3,49.2,50.8,"[{""score"": ""1 - 1"", ""pct"": 13.059999999999999}, {""score"": ""0 - 1"", ""pct"": 11.09}, {""score"": ""1 - 0"", ""pct"": 10.58}]"
Algeria,Sweden,Neutral,1.364,1.518,33.7,25.8,40.5,33.3,5.6,6.6,40.6,6.7,7.1,45.6,54.4,"[{""score"": ""1 - 1"", ""pct"": 11.68}, {""score"": ""0 - 1"", ""pct"": 8.86}, {""score"": ""1 - 2"", ""pct"": 8.559999999999999}]"
Algeria,Paraguay,Neutral,1.138,1.133,35.0,29.7,35.3,34.9,5.9,8.7,35.6,5.9,9.0,49.6,50.4,"[{""score"": ""1 - 1"", ""pct"": 13.66}, {""score"": ""1 - 0"", ""pct"": 11.67}, {""score"": ""0 - 1"", ""pct"": 11.57}]"
Algeria,Switzerland,Neutral,1.136,1.662,24.8,25.7,49.5,25.6,4.3,5.3,49.6,7.0,8.2,35.3,64.7,"[{""score"": ""1 - 1"", ""pct"": 11.83}, {""score"": ""0 - 1"", ""pct"": 10.94}, {""score"": ""1 - 2"", ""pct"": 9.229999999999999}]"
Algeria,South Korea,Neutral,1.313,1.188,38.7,28.3,33.0,38.4,6.7,8.3,33.0,5.9,7.7,53.4,46.6,"[{""score"": ""1 - 1"", ""pct"": 12.559999999999999}, {""score"": ""1 - 0"", ""pct"": 10.91}, {""score"": ""0 - 1"", ""pct"": 9.9}]"
Algeria,Netherlands,Neutral,1.054,2.028,18.7,21.1,60.2,17.5,3.3,3.5,60.7,7.6,7.5,24.2,75.8,"[{""score"": ""1 - 2"", ""pct"": 10.0}, {""score"": ""0 - 1"", ""pct"": 9.950000000000001}, {""score"": ""1 - 1"", ""pct"": 9.36}]"
Algeria,United States,Neutral,1.446,1.25,40.8,27.1,32.1,41.3,6.6,7.9,31.7,5.8,6.7,55.8,44.2,"[{""score"": ""1 - 1"", ""pct"": 12.02}, {""score"": ""1 - 0"", ""pct"": 9.85}, {""score"": ""2 - 1"", ""pct"": 9.02}]"
Algeria,Haiti,Neutral,2.481,0.832,74.0,16.8,9.2,74.0,6.9,6.0,9.6,1.8,1.8,86.8,13.2,"[{""score"": ""2 - 0"", ""pct"": 11.05}, {""score"": ""1 - 0"", ""pct"": 9.83}, {""score"": ""2 - 1"", ""pct"": 9.01}]"
Algeria,Germany,Neutral,1.121,2.232,16.5,20.6,62.9,17.2,3.1,3.5,63.3,6.8,6.1,23.8,76.2,"[{""score"": ""1 - 2"", ""pct"": 10.14}, {""score"": ""1 - 1"", ""pct"": 8.99}, {""score"": ""0 - 2"", ""pct"": 8.82}]"
Algeria,Bosnia and Herzegovina,Neutral,1.753,1.035,54.6,24.1,21.3,53.1,7.6,9.0,21.3,4.2,4.8,69.7,30.3,"[{""score"": ""1 - 0"", ""pct"": 11.600000000000001}, {""score"": ""1 - 1"", ""pct"": 10.879999999999999}, {""score"": ""2 - 1"", ""pct"": 10.280000000000001}]"
Algeria,Brazil,Neutral,0.755,2.19,10.8,18.3,71.0,10.8,1.9,2.3,70.7,7.5,6.9,15.0,85.0,"[{""score"": ""0 - 2"", ""pct"": 12.950000000000001}, {""score"": ""0 - 1"", ""pct"": 12.09}, {""score"": ""1 - 2"", ""pct"": 9.21}]"
Algeria,Colombia,Neutral,0.877,1.759,16.4,24.7,58.9,17.6,3.5,4.4,58.3,7.3,8.8,25.6,74.4,"[{""score"": ""0 - 1"", ""pct"": 13.43}, {""score"": ""1 - 1"", ""pct"": 11.17}, {""score"": ""0 - 2"", ""pct"": 10.65}]"
Algeria,Uzbekistan,Neutral,1.359,0.948,46.2,28.8,25.0,45.6,6.8,10.1,25.4,4.8,7.4,62.5,37.5,"[{""score"": ""1 - 0"", ""pct"": 14.38}, {""score"": ""1 - 1"", ""pct"": 12.540000000000001}, {""score"": ""0 - 0"", ""pct"": 10.84}]"
Algeria,Scotland,Neutral,1.363,1.284,38.1,27.5,34.4,38.4,6.4,8.1,34.0,6.0,7.2,52.9,47.2,"[{""score"": ""1 - 1"", ""pct"": 12.31}, {""score"": ""1 - 0"", ""pct"": 9.81}, {""score"": ""0 - 1"", ""pct"": 9.24}]"
Algeria,Spain,Neutral,0.775,2.399,9.2,16.6,74.2,8.8,1.9,2.1,73.8,7.0,6.5,12.8,87.2,"[{""score"": ""0 - 2"", ""pct"": 11.64}, {""score"": ""0 - 1"", ""pct"": 11.07}, {""score"": ""0 - 3"", ""pct"": 9.68}]"
Algeria,Senegal,Neutral,1.078,1.252,30.8,29.4,39.8,30.4,5.6,8.8,39.8,6.2,9.2,44.8,55.2,"[{""score"": ""1 - 1"", ""pct"": 13.29}, {""score"": ""0 - 1"", ""pct"": 12.34}, {""score"": ""0 - 0"", ""pct"": 10.77}]"
Algeria,Canada,Neutral,1.376,1.134,42.2,28.4,29.5,41.6,6.8,8.5,30.7,5.1,7.2,57.0,43.0,"[{""score"": ""1 - 1"", ""pct"": 12.520000000000001}, {""score"": ""1 - 0"", ""pct"": 11.34}, {""score"": ""0 - 0"", ""pct"": 9.64}]"
Algeria,Argentina,Neutral,0.647,1.996,10.3,20.6,69.2,10.0,1.9,2.9,69.4,7.4,8.3,14.8,85.2,"[{""score"": ""0 - 1"", ""pct"": 15.43}, {""score"": ""0 - 2"", ""pct"": 13.41}, {""score"": ""1 - 1"", ""pct"": 9.01}]"
Algeria,England,Neutral,0.735,1.933,12.7,21.5,65.8,12.2,2.2,3.4,66.4,7.5,8.3,17.8,82.2,"[{""score"": ""0 - 1"", ""pct"": 13.87}, {""score"": ""0 - 2"", ""pct"": 13.469999999999999}, {""score"": ""1 - 2"", ""pct"": 9.700000000000001}]"
Algeria,Tunisia,Neutral,1.216,1.021,39.8,30.6,29.6,39.8,6.3,9.1,30.8,5.7,8.2,55.3,44.7,"[{""score"": ""1 - 1"", ""pct"": 13.28}, {""score"": ""1 - 0"", ""pct"": 12.540000000000001}, {""score"": ""0 - 0"", ""pct"": 12.3}]"
Algeria,Turkey,Neutral,1.41,1.54,34.6,25.1,40.4,34.9,5.3,6.4,39.5,6.4,7.4,46.7,53.3,"[{""score"": ""1 - 1"", ""pct"": 11.17}, {""score"": ""1 - 2"", ""pct"": 8.86}, {""score"": ""0 - 1"", ""pct"": 8.43}]"
Algeria,Morocco,Neutral,0.814,1.329,21.1,30.0,48.9,21.9,4.2,7.0,48.1,7.9,10.9,33.2,66.8,"[{""score"": ""0 - 1"", ""pct"": 15.93}, {""score"": ""0 - 0"", ""pct"": 13.089999999999998}, {""score"": ""1 - 1"", ""pct"": 12.75}]"
Algeria,Mexico,Neutral,1.124,1.241,31.8,30.0,38.3,32.9,6.0,7.8,38.1,6.3,8.9,46.7,53.3,"[{""score"": ""1 - 1"", ""pct"": 14.09}, {""score"": ""0 - 1"", ""pct"": 11.77}, {""score"": ""1 - 0"", ""pct"": 10.09}]"
Algeria,DR Congo,Neutral,1.396,0.896,48.6,28.5,22.9,47.8,7.1,10.8,23.0,4.7,6.6,65.7,34.3,"[{""score"": ""1 - 0"", ""pct"": 14.13}, {""score"": ""1 - 1"", ""pct"": 12.520000000000001}, {""score"": ""0 - 0"", ""pct"": 11.08}]"
Algeria,Norway,Neutral,1.266,1.658,28.6,25.9,45.5,27.8,4.8,6.0,47.0,6.9,7.6,38.6,61.4,"[{""score"": ""1 - 1"", ""pct"": 11.26}, {""score"": ""0 - 1"", ""pct"": 9.139999999999999}, {""score"": ""1 - 2"", ""pct"": 8.86}]"
Algeria,Japan,Neutral,1.148,1.48,28.0,27.0,44.9,28.4,5.1,6.9,44.6,6.8,8.2,40.4,59.6,"[{""score"": ""1 - 1"", ""pct"": 12.43}, {""score"": ""0 - 1"", ""pct"": 10.77}, {""score"": ""1 - 2"", ""pct"": 9.139999999999999}]"
Algeria,Qatar,Neutral,2.239,0.933,67.8,19.0,13.2,67.5,7.0,7.0,13.2,2.8,2.5,81.5,18.5,"[{""score"": ""2 - 0"", ""pct"": 11.18}, {""score"": ""1 - 0"", ""pct"": 10.25}, {""score"": ""2 - 1"", ""pct"": 9.85}]"
Algeria,Czech Republic,Neutral,1.397,1.311,37.7,27.6,34.6,37.4,6.0,8.0,34.8,6.1,7.7,51.3,48.6,"[{""score"": ""1 - 1"", ""pct"": 12.27}, {""score"": ""1 - 0"", ""pct"": 9.42}, {""score"": ""0 - 1"", ""pct"": 8.73}]"
Algeria,France,Neutral,0.838,1.987,14.2,21.1,64.7,14.1,2.6,3.2,64.7,7.5,8.0,19.8,80.2,"[{""score"": ""0 - 1"", ""pct"": 11.81}, {""score"": ""0 - 2"", ""pct"": 11.75}, {""score"": ""1 - 2"", ""pct"": 9.6}]"
Algeria,Portugal,Neutral,0.887,2.086,14.1,20.2,65.7,14.2,2.8,3.4,64.9,7.5,7.2,20.4,79.6,"[{""score"": ""0 - 2"", ""pct"": 11.219999999999999}, {""score"": ""0 - 1"", ""pct"": 10.75}, {""score"": ""1 - 2"", ""pct"": 9.66}]"
Algeria,Curaçao,Neutral,2.723,0.625,82.3,12.7,5.0,82.1,5.6,4.8,5.6,0.9,1.1,92.5,7.5,"[{""score"": ""2 - 0"", ""pct"": 13.04}, {""score"": ""3 - 0"", ""pct"": 11.88}, {""score"": ""1 - 0"", ""pct"": 10.0}]"
Algeria,Cape Verde,Neutral,1.741,0.785,60.7,24.1,15.2,60.7,7.4,9.2,15.4,3.2,4.1,77.3,22.7,"[{""score"": ""1 - 0"", ""pct"": 14.45}, {""score"": ""2 - 0"", ""pct"": 11.700000000000001}, {""score"": ""1 - 1"", ""pct"": 10.489999999999998}]"
Algeria,Panama,Neutral,1.861,0.944,59.4,22.7,17.9,59.6,7.8,7.9,17.5,3.2,4.0,75.3,24.7,"[{""score"": ""1 - 0"", ""pct"": 11.799999999999999}, {""score"": ""1 - 1"", ""pct"": 10.37}, {""score"": ""2 - 0"", ""pct"": 10.31}]"
Algeria,Ecuador,Neutral,0.907,1.311,25.6,29.9,44.5,24.2,4.8,7.0,46.5,7.5,10.1,36.0,64.0,"[{""score"": ""0 - 1"", ""pct"": 13.81}, {""score"": ""1 - 1"", ""pct"": 13.29}, {""score"": ""0 - 0"", ""pct"": 11.95}]"
Algeria,Egypt,Neutral,1.223,1.044,40.2,30.0,29.9,39.1,6.6,10.4,30.7,5.2,8.0,56.1,43.9,"[{""score"": ""1 - 0"", ""pct"": 12.98}, {""score"": ""1 - 1"", ""pct"": 12.7}, {""score"": ""0 - 0"", ""pct"": 11.62}]"
Algeria,Uruguay,Neutral,0.886,1.528,20.6,27.8,51.6,20.9,4.3,5.8,52.0,7.2,9.7,31.1,68.9,"[{""score"": ""0 - 1"", ""pct"": 14.099999999999998}, {""score"": ""1 - 1"", ""pct"": 12.07}, {""score"": ""0 - 2"", ""pct"": 10.35}]"
Algeria,Croatia,Neutral,1.049,1.631,23.4,25.7,51.0,23.6,4.4,5.6,50.3,7.3,8.8,33.6,66.4,"[{""score"": ""0 - 1"", ""pct"": 11.99}, {""score"": ""1 - 1"", ""pct"": 11.82}, {""score"": ""1 - 2"", ""pct"": 9.27}]"
Algeria,Ivory Coast,Neutral,1.23,1.137,37.6,29.4,32.9,37.2,6.2,9.9,32.6,5.8,8.3,53.3,46.7,"[{""score"": ""1 - 1"", ""pct"": 12.78}, {""score"": ""1 - 0"", ""pct"": 11.75}, {""score"": ""0 - 0"", ""pct"": 11.04}]"
Algeria,Saudi Arabia,Neutral,1.603,0.826,55.5,25.7,18.7,55.9,7.7,9.6,18.0,3.4,5.3,73.3,26.7,"[{""score"": ""1 - 0"", ""pct"": 14.69}, {""score"": ""1 - 1"", ""pct"": 11.4}, {""score"": ""2 - 0"", ""pct"": 10.32}]"
Algeria,South Africa,Neutral,1.584,0.892,52.8,26.4,20.8,54.2,7.6,9.7,19.2,3.8,5.5,71.5,28.5,"[{""score"": ""1 - 0"", ""pct"": 13.850000000000001}, {""score"": ""1 - 1"", ""pct"": 11.62}, {""score"": ""2 - 0"", ""pct"": 10.07}]"
Algeria,New Zealand,Neutral,1.765,0.646,64.3,23.6,12.2,65.3,7.7,9.6,11.9,2.1,3.4,82.6,17.4,"[{""score"": ""1 - 0"", ""pct"": 15.85}, {""score"": ""2 - 0"", ""pct"": 13.669999999999998}, {""score"": ""1 - 1"", ""pct"": 10.290000000000001}]"
Algeria,Belgium,Neutral,1.031,1.964,18.2,22.3,59.5,18.0,3.2,3.9,59.9,7.5,7.5,25.1,74.9,"[{""score"": ""0 - 1"", ""pct"": 10.51}, {""score"": ""1 - 1"", ""pct"": 10.190000000000001}, {""score"": ""0 - 2"", ""pct"": 9.67}]"
Bosnia and Herzegovina,Austria,Neutral,0.912,1.817,17.2,23.7,59.1,17.0,3.4,4.0,59.7,7.9,7.9,24.5,75.5,"[{""score"": ""0 - 1"", ""pct"": 13.29}, {""score"": ""1 - 1"", ""pct"": 10.42}, {""score"": ""0 - 2"", ""pct"": 10.31}]"
Bosnia and Herzegovina,Iran,Neutral,0.87,1.54,20.3,26.8,53.0,20.2,3.9,5.2,53.1,7.5,10.0,29.4,70.6,"[{""score"": ""0 - 1"", ""pct"": 14.71}, {""score"": ""1 - 1"", ""pct"": 11.690000000000001}, {""score"": ""0 - 0"", ""pct"": 10.36}]"
Bosnia and Herzegovina,Iraq,Neutral,1.191,0.988,40.4,30.0,29.6,40.9,6.6,10.3,28.3,5.5,8.3,57.9,42.1,"[{""score"": ""1 - 0"", ""pct"": 13.41}, {""score"": ""1 - 1"", ""pct"": 12.809999999999999}, {""score"": ""0 - 0"", ""pct"": 12.18}]"
Bosnia and Herzegovina,Jordan,Neutral,1.315,1.193,39.1,28.7,32.1,38.6,6.1,8.5,33.0,6.0,7.8,53.3,46.7,"[{""score"": ""1 - 1"", ""pct"": 12.73}, {""score"": ""1 - 0"", ""pct"": 10.75}, {""score"": ""0 - 1"", ""pct"": 9.700000000000001}]"
Bosnia and Herzegovina,Ghana,Neutral,1.178,1.201,34.9,29.0,36.1,35.1,6.0,8.1,35.6,5.9,9.3,49.2,50.8,"[{""score"": ""1 - 1"", ""pct"": 13.07}, {""score"": ""0 - 1"", ""pct"": 11.17}, {""score"": ""1 - 0"", ""pct"": 11.01}]"
Bosnia and Herzegovina,Australia,Neutral,0.887,1.53,20.8,26.9,52.3,20.3,4.3,5.9,51.6,7.5,10.4,30.5,69.5,"[{""score"": ""0 - 1"", ""pct"": 14.74}, {""score"": ""1 - 1"", ""pct"": 12.389999999999999}, {""score"": ""0 - 2"", ""pct"": 9.8}]"
Bosnia and Herzegovina,Sweden,Neutral,1.006,1.896,19.3,22.6,58.1,18.4,3.5,4.4,58.2,7.6,7.9,26.2,73.8,"[{""score"": ""0 - 1"", ""pct"": 10.9}, {""score"": ""1 - 1"", ""pct"": 10.5}, {""score"": ""1 - 2"", ""pct"": 9.85}]"
Bosnia and Herzegovina,Paraguay,Neutral,0.839,1.416,21.3,28.5,50.2,21.2,4.0,6.0,50.1,7.5,11.1,31.3,68.7,"[{""score"": ""0 - 1"", ""pct"": 15.14}, {""score"": ""1 - 1"", ""pct"": 12.479999999999999}, {""score"": ""0 - 0"", ""pct"": 11.78}]"
Bosnia and Herzegovina,Switzerland,Neutral,0.838,2.076,12.4,20.6,67.0,12.3,2.7,3.0,67.0,7.7,7.2,18.0,82.0,"[{""score"": ""0 - 1"", ""pct"": 12.280000000000001}, {""score"": ""0 - 2"", ""pct"": 11.72}, {""score"": ""1 - 2"", ""pct"": 10.01}]"
Bosnia and Herzegovina,South Korea,Neutral,0.969,1.484,23.7,27.9,48.4,22.6,4.6,6.6,49.8,6.9,9.5,33.8,66.2,"[{""score"": ""0 - 1"", ""pct"": 13.01}, {""score"": ""1 - 1"", ""pct"": 12.36}, {""score"": ""0 - 0"", ""pct"": 9.56}]"
Bosnia and Herzegovina,Netherlands,Neutral,0.777,2.534,8.1,16.3,75.6,8.4,1.7,1.7,76.2,6.2,5.8,11.8,88.2,"[{""score"": ""0 - 2"", ""pct"": 11.4}, {""score"": ""0 - 1"", ""pct"": 10.37}, {""score"": ""0 - 3"", ""pct"": 9.139999999999999}]"
Bosnia and Herzegovina,United States,Neutral,1.067,1.561,25.1,26.1,48.8,25.7,4.5,6.1,48.3,7.1,8.3,36.3,63.7,"[{""score"": ""1 - 1"", ""pct"": 11.64}, {""score"": ""0 - 1"", ""pct"": 11.31}, {""score"": ""1 - 2"", ""pct"": 9.81}]"
Bosnia and Herzegovina,Haiti,Neutral,1.83,1.04,56.1,23.5,20.4,56.8,7.5,8.1,19.6,3.6,4.5,72.3,27.7,"[{""score"": ""1 - 0"", ""pct"": 11.08}, {""score"": ""1 - 1"", ""pct"": 10.24}, {""score"": ""2 - 1"", ""pct"": 9.73}]"
Bosnia and Herzegovina,Germany,Neutral,0.827,2.788,7.0,13.3,79.7,7.4,1.3,1.4,79.0,6.2,4.6,10.1,89.9,"[{""score"": ""0 - 2"", ""pct"": 10.79}, {""score"": ""0 - 3"", ""pct"": 10.09}, {""score"": ""1 - 3"", ""pct"": 8.44}]"
Bosnia and Herzegovina,Algeria,Neutral,1.035,1.753,21.4,24.3,54.3,21.1,3.8,4.8,54.4,7.2,8.8,29.6,70.4,"[{""score"": ""0 - 1"", ""pct"": 11.32}, {""score"": ""1 - 1"", ""pct"": 10.780000000000001}, {""score"": ""1 - 2"", ""pct"": 9.62}]"
Bosnia and Herzegovina,Brazil,Neutral,0.557,2.736,4.4,11.9,83.7,4.5,0.9,0.9,83.8,5.4,4.5,6.3,93.7,"[{""score"": ""0 - 2"", ""pct"": 14.24}, {""score"": ""0 - 3"", ""pct"": 12.520000000000001}, {""score"": ""0 - 1"", ""pct"": 10.56}]"
Bosnia and Herzegovina,Colombia,Neutral,0.647,2.197,8.4,17.9,73.7,8.8,1.5,2.2,74.0,6.8,6.8,12.5,87.5,"[{""score"": ""0 - 2"", ""pct"": 14.52}, {""score"": ""0 - 1"", ""pct"": 13.77}, {""score"": ""0 - 3"", ""pct"": 10.280000000000001}]"
Bosnia and Herzegovina,Uzbekistan,Neutral,1.003,1.184,30.2,31.4,38.4,30.1,6.1,7.9,39.5,6.6,9.8,44.0,55.9,"[{""score"": ""1 - 1"", ""pct"": 13.719999999999999}, {""score"": ""0 - 1"", ""pct"": 13.020000000000001}, {""score"": ""0 - 0"", ""pct"": 12.75}]"
Bosnia and Herzegovina,Scotland,Neutral,1.005,1.604,23.0,25.7,51.3,22.8,4.4,5.7,50.7,7.2,9.2,32.9,67.1,"[{""score"": ""0 - 1"", ""pct"": 12.31}, {""score"": ""1 - 1"", ""pct"": 12.16}, {""score"": ""1 - 2"", ""pct"": 9.62}]"
Bosnia and Herzegovina,Spain,Neutral,0.572,2.997,3.5,10.3,86.2,3.3,0.6,0.9,86.6,4.9,3.6,4.8,95.2,"[{""score"": ""0 - 2"", ""pct"": 12.78}, {""score"": ""0 - 3"", ""pct"": 12.590000000000002}, {""score"": ""0 - 4"", ""pct"": 9.4}]"
Bosnia and Herzegovina,Senegal,Neutral,0.796,1.563,17.6,27.3,55.2,17.7,3.2,5.3,55.8,7.4,10.6,26.2,73.8,"[{""score"": ""0 - 1"", ""pct"": 14.38}, {""score"": ""1 - 1"", ""pct"": 12.15}, {""score"": ""0 - 2"", ""pct"": 11.21}]"
Bosnia and Herzegovina,Canada,Neutral,1.015,1.416,25.7,28.8,45.6,26.5,4.7,7.1,44.9,7.3,9.5,38.3,61.7,"[{""score"": ""1 - 1"", ""pct"": 13.41}, {""score"": ""0 - 1"", ""pct"": 12.8}, {""score"": ""0 - 0"", ""pct"": 9.81}]"
Bosnia and Herzegovina,Argentina,Neutral,0.478,2.493,4.5,13.8,81.8,4.7,0.7,1.0,82.1,5.9,5.5,6.5,93.5,"[{""score"": ""0 - 2"", ""pct"": 15.959999999999999}, {""score"": ""0 - 1"", ""pct"": 13.5}, {""score"": ""0 - 3"", ""pct"": 13.020000000000001}]"
Bosnia and Herzegovina,England,Neutral,0.542,2.415,5.3,15.0,79.7,5.6,1.1,1.5,79.7,6.2,6.0,8.1,91.9,"[{""score"": ""0 - 2"", ""pct"": 15.190000000000001}, {""score"": ""0 - 1"", ""pct"": 13.239999999999998}, {""score"": ""0 - 3"", ""pct"": 12.18}]"
Bosnia and Herzegovina,Tunisia,Neutral,0.897,1.276,24.7,29.8,45.5,26.1,5.1,7.5,44.1,6.8,10.4,38.7,61.3,"[{""score"": ""0 - 1"", ""pct"": 14.899999999999999}, {""score"": ""1 - 1"", ""pct"": 12.809999999999999}, {""score"": ""0 - 0"", ""pct"": 12.31}]"
Bosnia and Herzegovina,Turkey,Neutral,1.04,1.923,20.0,22.6,57.4,19.2,3.4,3.9,58.3,7.4,7.7,26.6,73.4,"[{""score"": ""1 - 1"", ""pct"": 10.299999999999999}, {""score"": ""1 - 2"", ""pct"": 10.09}, {""score"": ""0 - 1"", ""pct"": 10.08}]"
Bosnia and Herzegovina,Morocco,Neutral,0.601,1.661,11.9,23.8,64.3,11.7,2.5,4.0,63.6,7.9,10.3,18.2,81.8,"[{""score"": ""0 - 1"", ""pct"": 17.93}, {""score"": ""0 - 2"", ""pct"": 14.14}, {""score"": ""0 - 0"", ""pct"": 10.93}]"
Bosnia and Herzegovina,Mexico,Neutral,0.829,1.551,19.4,26.3,54.3,19.1,3.6,5.8,53.5,7.7,10.3,28.5,71.5,"[{""score"": ""0 - 1"", ""pct"": 14.649999999999999}, {""score"": ""1 - 1"", ""pct"": 11.17}, {""score"": ""0 - 2"", ""pct"": 10.440000000000001}]"
Bosnia and Herzegovina,DR Congo,Neutral,1.03,1.119,32.2,31.5,36.3,31.8,6.2,9.2,36.5,6.5,9.8,47.2,52.8,"[{""score"": ""1 - 1"", ""pct"": 13.23}, {""score"": ""0 - 0"", ""pct"": 13.120000000000001}, {""score"": ""0 - 1"", ""pct"": 12.44}]"
Bosnia and Herzegovina,Norway,Neutral,0.934,2.071,15.2,20.5,64.3,15.0,2.8,3.2,64.5,7.0,7.5,21.0,79.0,"[{""score"": ""0 - 2"", ""pct"": 11.43}, {""score"": ""0 - 1"", ""pct"": 10.75}, {""score"": ""1 - 2"", ""pct"": 10.07}]"
Bosnia and Herzegovina,Japan,Neutral,0.847,1.849,15.3,22.7,62.0,16.1,3.0,4.0,60.2,7.8,8.8,23.1,76.9,"[{""score"": ""0 - 1"", ""pct"": 12.790000000000001}, {""score"": ""0 - 2"", ""pct"": 11.799999999999999}, {""score"": ""1 - 1"", ""pct"": 10.489999999999998}]"
Bosnia and Herzegovina,Qatar,Neutral,1.652,1.165,48.8,25.5,25.7,48.5,7.1,7.8,25.4,5.3,5.9,63.4,36.6,"[{""score"": ""1 - 1"", ""pct"": 11.25}, {""score"": ""1 - 0"", ""pct"": 10.190000000000001}, {""score"": ""2 - 1"", ""pct"": 9.21}]"
Bosnia and Herzegovina,Czech Republic,Neutral,1.031,1.637,23.4,25.0,51.6,23.0,4.2,5.4,51.5,7.2,8.7,32.6,67.4,"[{""score"": ""0 - 1"", ""pct"": 12.45}, {""score"": ""1 - 1"", ""pct"": 11.020000000000001}, {""score"": ""1 - 2"", ""pct"": 9.24}]"
Bosnia and Herzegovina,France,Neutral,0.618,2.481,6.4,15.1,78.5,6.3,1.1,1.6,79.2,6.1,5.7,9.0,91.0,"[{""score"": ""0 - 2"", ""pct"": 14.219999999999999}, {""score"": ""0 - 1"", ""pct"": 11.75}, {""score"": ""0 - 3"", ""pct"": 11.06}]"
Bosnia and Herzegovina,Portugal,Neutral,0.654,2.606,6.4,13.9,79.7,6.1,1.2,1.1,79.8,6.5,5.3,8.4,91.6,"[{""score"": ""0 - 2"", ""pct"": 13.22}, {""score"": ""0 - 1"", ""pct"": 11.110000000000001}, {""score"": ""0 - 3"", ""pct"": 10.57}]"
Bosnia and Herzegovina,Curaçao,Neutral,2.009,0.781,66.2,21.6,12.2,66.0,7.2,8.0,13.2,2.4,3.2,81.2,18.8,"[{""score"": ""1 - 0"", ""pct"": 12.83}, {""score"": ""2 - 0"", ""pct"": 11.690000000000001}, {""score"": ""2 - 1"", ""pct"": 10.0}]"
Bosnia and Herzegovina,Cape Verde,Neutral,1.284,0.981,43.1,29.4,27.4,43.5,7.0,9.9,27.4,4.7,7.5,60.5,39.5,"[{""score"": ""1 - 0"", ""pct"": 13.469999999999999}, {""score"": ""1 - 1"", ""pct"": 13.03}, {""score"": ""0 - 0"", ""pct"": 11.01}]"
Bosnia and Herzegovina,Panama,Neutral,1.373,1.179,41.5,27.7,30.8,40.1,6.5,8.8,31.9,5.5,7.3,55.4,44.6,"[{""score"": ""1 - 1"", ""pct"": 12.29}, {""score"": ""1 - 0"", ""pct"": 11.25}, {""score"": ""0 - 1"", ""pct"": 8.89}]"
Bosnia and Herzegovina,Ecuador,Neutral,0.669,1.638,14.1,25.2,60.7,14.2,2.6,4.3,60.9,7.7,10.3,21.1,78.9,"[{""score"": ""0 - 1"", ""pct"": 16.830000000000002}, {""score"": ""0 - 2"", ""pct"": 13.23}, {""score"": ""0 - 0"", ""pct"": 10.83}]"
Bosnia and Herzegovina,Egypt,Neutral,0.902,1.304,24.1,30.2,45.7,24.1,4.5,6.8,46.7,7.3,10.6,35.4,64.6,"[{""score"": ""0 - 1"", ""pct"": 14.56}, {""score"": ""1 - 1"", ""pct"": 13.389999999999999}, {""score"": ""0 - 0"", ""pct"": 12.31}]"
Bosnia and Herzegovina,Uruguay,Neutral,0.654,1.909,10.6,21.9,67.5,10.6,2.5,3.2,67.6,7.2,8.9,16.3,83.7,"[{""score"": ""0 - 1"", ""pct"": 15.64}, {""score"": ""0 - 2"", ""pct"": 14.29}, {""score"": ""1 - 2"", ""pct"": 9.66}]"
Bosnia and Herzegovina,Croatia,Neutral,0.774,2.037,11.9,21.3,66.8,12.2,2.2,3.0,67.4,7.5,7.7,17.4,82.5,"[{""score"": ""0 - 1"", ""pct"": 13.020000000000001}, {""score"": ""0 - 2"", ""pct"": 12.75}, {""score"": ""1 - 2"", ""pct"": 9.520000000000001}]"
Bosnia and Herzegovina,Ivory Coast,Neutral,0.908,1.42,22.5,28.1,49.4,22.6,4.4,6.6,48.6,7.6,10.3,33.5,66.5,"[{""score"": ""0 - 1"", ""pct"": 14.45}, {""score"": ""1 - 1"", ""pct"": 12.3}, {""score"": ""0 - 0"", ""pct"": 10.57}]"
Bosnia and Herzegovina,Saudi Arabia,Neutral,1.182,1.032,39.1,30.0,30.9,39.3,6.4,9.3,31.6,5.5,7.9,55.0,45.0,"[{""score"": ""1 - 0"", ""pct"": 13.120000000000001}, {""score"": ""1 - 1"", ""pct"": 12.75}, {""score"": ""0 - 0"", ""pct"": 12.31}]"
Bosnia and Herzegovina,South Africa,Neutral,1.169,1.114,37.0,29.8,33.2,36.1,5.9,9.4,33.8,6.0,8.7,51.5,48.5,"[{""score"": ""1 - 1"", ""pct"": 12.809999999999999}, {""score"": ""1 - 0"", ""pct"": 12.04}, {""score"": ""0 - 0"", ""pct"": 11.700000000000001}]"
Bosnia and Herzegovina,New Zealand,Neutral,1.302,0.807,47.7,30.4,21.9,47.9,7.4,11.5,21.8,4.4,7.1,66.8,33.2,"[{""score"": ""1 - 0"", ""pct"": 15.740000000000002}, {""score"": ""0 - 0"", ""pct"": 13.5}, {""score"": ""1 - 1"", ""pct"": 12.65}]"
Bosnia and Herzegovina,Belgium,Neutral,0.761,2.454,8.8,16.1,75.0,8.4,1.4,1.6,76.2,6.7,5.7,11.4,88.6,"[{""score"": ""0 - 2"", ""pct"": 11.77}, {""score"": ""0 - 1"", ""pct"": 11.06}, {""score"": ""0 - 3"", ""pct"": 9.42}]"
Brazil,Austria,Neutral,1.93,0.782,64.4,21.8,13.8,64.4,7.6,8.2,13.7,2.6,3.5,80.2,19.8,"[{""score"": ""1 - 0"", ""pct"": 13.88}, {""score"": ""2 - 0"", ""pct"": 12.049999999999999}, {""score"": ""1 - 1"", ""pct"": 9.59}]"
Brazil,Iran,Neutral,1.842,0.663,66.6,21.7,11.6,65.7,7.7,9.1,11.8,2.3,3.5,82.4,17.6,"[{""score"": ""1 - 0"", ""pct"": 15.45}, {""score"": ""2 - 0"", ""pct"": 13.750000000000002}, {""score"": ""2 - 1"", ""pct"": 9.53}]"
Brazil,Iraq,Neutral,2.52,0.426,83.2,13.2,3.6,83.6,5.8,5.4,3.7,0.6,0.9,94.7,5.3,"[{""score"": ""2 - 0"", ""pct"": 17.169999999999998}, {""score"": ""1 - 0"", ""pct"": 14.069999999999999}, {""score"": ""3 - 0"", ""pct"": 13.4}]"
Brazil,Jordan,Neutral,2.783,0.514,85.2,10.9,3.9,84.5,5.8,4.2,3.9,0.8,0.9,94.5,5.5,"[{""score"": ""2 - 0"", ""pct"": 14.42}, {""score"": ""3 - 0"", ""pct"": 13.29}, {""score"": ""1 - 0"", ""pct"": 10.299999999999999}]"
Brazil,Ghana,Neutral,2.492,0.517,81.4,14.1,4.5,81.6,6.4,5.3,4.8,0.9,1.1,93.3,6.7,"[{""score"": ""2 - 0"", ""pct"": 15.840000000000002}, {""score"": ""3 - 0"", ""pct"": 12.9}, {""score"": ""1 - 0"", ""pct"": 12.47}]"
Brazil,Australia,Neutral,1.876,0.659,66.2,22.6,11.2,66.9,7.6,8.7,11.2,2.3,3.3,83.2,16.8,"[{""score"": ""1 - 0"", ""pct"": 15.14}, {""score"": ""2 - 0"", ""pct"": 13.0}, {""score"": ""1 - 1"", ""pct"": 10.33}]"
Brazil,Sweden,Neutral,2.13,0.816,68.4,20.1,11.5,67.9,7.2,7.3,12.1,2.5,3.0,82.5,17.5,"[{""score"": ""1 - 0"", ""pct"": 12.389999999999999}, {""score"": ""2 - 0"", ""pct"": 12.15}, {""score"": ""2 - 1"", ""pct"": 9.790000000000001}]"
Brazil,Paraguay,Neutral,1.776,0.61,66.6,22.2,11.2,66.3,7.3,10.0,10.8,2.2,3.5,83.5,16.5,"[{""score"": ""1 - 0"", ""pct"": 16.89}, {""score"": ""2 - 0"", ""pct"": 14.549999999999999}, {""score"": ""0 - 0"", ""pct"": 9.85}]"
Brazil,Switzerland,Neutral,1.774,0.894,58.4,23.7,17.9,58.7,7.0,8.4,18.1,3.3,4.5,74.1,25.9,"[{""score"": ""1 - 0"", ""pct"": 12.68}, {""score"": ""2 - 0"", ""pct"": 11.03}, {""score"": ""1 - 1"", ""pct"": 10.97}]"
Brazil,South Korea,Neutral,2.05,0.639,70.2,20.3,9.5,70.8,7.3,8.1,9.3,1.8,2.7,86.2,13.8,"[{""score"": ""2 - 0"", ""pct"": 14.2}, {""score"": ""1 - 0"", ""pct"": 14.030000000000001}, {""score"": ""2 - 1"", ""pct"": 9.25}]"
Brazil,Netherlands,Neutral,1.645,1.091,50.2,25.7,24.0,50.0,7.3,8.5,24.0,4.4,5.7,65.8,34.2,"[{""score"": ""1 - 1"", ""pct"": 11.379999999999999}, {""score"": ""1 - 0"", ""pct"": 10.84}, {""score"": ""2 - 1"", ""pct"": 9.45}]"
Brazil,United States,Neutral,2.257,0.672,74.2,17.2,8.6,74.8,6.8,6.9,7.9,1.5,2.1,88.5,11.5,"[{""score"": ""1 - 0"", ""pct"": 13.669999999999998}, {""score"": ""2 - 0"", ""pct"": 12.75}, {""score"": ""2 - 1"", ""pct"": 9.92}]"
Brazil,Haiti,Neutral,3.873,0.448,94.0,4.8,1.2,93.9,2.7,1.5,1.5,0.2,0.2,98.1,1.9,"[{""score"": ""3 - 0"", ""pct"": 13.36}, {""score"": ""4 - 0"", ""pct"": 12.690000000000001}, {""score"": ""2 - 0"", ""pct"": 10.5}]"
Brazil,Germany,Neutral,1.749,1.201,50.2,24.9,24.9,50.4,7.0,7.6,24.7,4.8,5.6,65.0,35.0,"[{""score"": ""1 - 1"", ""pct"": 10.94}, {""score"": ""2 - 1"", ""pct"": 9.719999999999999}, {""score"": ""1 - 0"", ""pct"": 9.13}]"
Brazil,Algeria,Neutral,2.19,0.755,70.7,18.6,10.7,70.4,7.3,7.3,10.4,2.2,2.4,85.0,15.0,"[{""score"": ""2 - 0"", ""pct"": 12.47}, {""score"": ""1 - 0"", ""pct"": 11.85}, {""score"": ""2 - 1"", ""pct"": 10.040000000000001}]"
Brazil,Bosnia and Herzegovina,Neutral,2.736,0.557,84.1,11.6,4.3,83.8,5.6,4.9,4.0,0.9,0.9,94.3,5.7,"[{""score"": ""2 - 0"", ""pct"": 14.23}, {""score"": ""3 - 0"", ""pct"": 12.870000000000001}, {""score"": ""1 - 0"", ""pct"": 10.86}]"
Brazil,Colombia,Neutral,1.369,0.946,45.0,29.5,25.5,46.3,7.4,10.2,24.2,4.9,7.1,63.8,36.2,"[{""score"": ""1 - 0"", ""pct"": 13.77}, {""score"": ""1 - 1"", ""pct"": 13.23}, {""score"": ""0 - 0"", ""pct"": 10.85}]"
Brazil,Uzbekistan,Neutral,2.121,0.51,76.0,17.5,6.5,75.8,6.8,7.9,6.4,1.4,1.7,90.5,9.5,"[{""score"": ""2 - 0"", ""pct"": 15.8}, {""score"": ""1 - 0"", ""pct"": 15.690000000000001}, {""score"": ""3 - 0"", ""pct"": 10.92}]"
Brazil,Scotland,Neutral,2.128,0.691,71.2,19.0,9.8,71.2,7.4,7.3,9.8,1.9,2.3,86.0,14.0,"[{""score"": ""2 - 0"", ""pct"": 13.530000000000001}, {""score"": ""1 - 0"", ""pct"": 13.170000000000002}, {""score"": ""3 - 0"", ""pct"": 9.53}]"
Brazil,Spain,Neutral,1.21,1.29,32.5,29.0,38.4,33.4,6.0,7.8,38.2,6.4,8.2,47.2,52.8,"[{""score"": ""1 - 1"", ""pct"": 13.450000000000001}, {""score"": ""0 - 1"", ""pct"": 10.92}, {""score"": ""1 - 0"", ""pct"": 9.83}]"
Brazil,Senegal,Neutral,1.683,0.673,61.5,24.8,13.7,61.2,7.7,10.7,13.6,2.7,4.1,79.5,20.5,"[{""score"": ""1 - 0"", ""pct"": 16.59}, {""score"": ""2 - 0"", ""pct"": 12.9}, {""score"": ""0 - 0"", ""pct"": 10.780000000000001}]"
Brazil,Canada,Neutral,2.148,0.61,73.4,18.3,8.2,73.7,7.2,7.2,8.0,1.8,2.2,88.1,11.9,"[{""score"": ""1 - 0"", ""pct"": 14.6}, {""score"": ""2 - 0"", ""pct"": 14.580000000000002}, {""score"": ""3 - 0"", ""pct"": 9.71}]"
Brazil,Argentina,Neutral,1.011,1.074,32.0,32.1,35.9,33.0,5.9,9.5,35.1,6.2,10.4,48.3,51.7,"[{""score"": ""0 - 0"", ""pct"": 14.219999999999999}, {""score"": ""1 - 1"", ""pct"": 13.34}, {""score"": ""0 - 1"", ""pct"": 12.76}]"
Brazil,England,Neutral,1.147,1.04,37.2,30.7,32.1,37.5,6.9,10.1,31.1,5.6,8.8,54.5,45.5,"[{""score"": ""1 - 1"", ""pct"": 13.28}, {""score"": ""1 - 0"", ""pct"": 12.82}, {""score"": ""0 - 0"", ""pct"": 12.47}]"
Brazil,Tunisia,Neutral,1.898,0.549,70.2,21.1,8.6,70.1,7.3,9.2,9.0,1.7,2.7,86.6,13.4,"[{""score"": ""1 - 0"", ""pct"": 16.23}, {""score"": ""2 - 0"", ""pct"": 15.17}, {""score"": ""0 - 0"", ""pct"": 9.700000000000001}]"
Brazil,Turkey,Neutral,2.201,0.828,68.7,19.2,12.0,69.2,6.9,7.1,11.8,2.3,2.7,83.2,16.8,"[{""score"": ""2 - 0"", ""pct"": 11.24}, {""score"": ""1 - 0"", ""pct"": 11.1}, {""score"": ""2 - 1"", ""pct"": 9.84}]"
Brazil,Morocco,Neutral,1.271,0.715,49.5,31.0,19.6,49.9,7.5,12.3,19.4,4.0,6.9,69.8,30.2,"[{""score"": ""1 - 0"", ""pct"": 16.79}, {""score"": ""0 - 0"", ""pct"": 14.93}, {""score"": ""1 - 1"", ""pct"": 12.76}]"
Brazil,Mexico,Neutral,1.755,0.668,62.7,24.4,12.9,63.8,7.9,9.9,11.8,2.5,4.1,81.6,18.4,"[{""score"": ""1 - 0"", ""pct"": 16.09}, {""score"": ""2 - 0"", ""pct"": 12.91}, {""score"": ""1 - 1"", ""pct"": 10.96}]"
Brazil,DR Congo,Neutral,2.18,0.482,77.7,16.1,6.2,76.4,6.8,7.5,6.5,1.4,1.5,90.7,9.3,"[{""score"": ""2 - 0"", ""pct"": 16.71}, {""score"": ""1 - 0"", ""pct"": 15.790000000000001}, {""score"": ""3 - 0"", ""pct"": 11.450000000000001}]"
Brazil,Norway,Neutral,1.977,0.892,63.1,21.6,15.3,63.4,7.2,7.9,14.8,2.9,3.8,78.5,21.5,"[{""score"": ""1 - 0"", ""pct"": 11.92}, {""score"": ""2 - 0"", ""pct"": 11.18}, {""score"": ""2 - 1"", ""pct"": 10.32}]"
Brazil,Japan,Neutral,1.791,0.796,61.5,23.6,14.9,60.4,7.8,9.5,15.2,2.8,4.2,77.8,22.2,"[{""score"": ""1 - 0"", ""pct"": 14.469999999999999}, {""score"": ""2 - 0"", ""pct"": 11.48}, {""score"": ""1 - 1"", ""pct"": 10.620000000000001}]"
Brazil,Qatar,Neutral,3.495,0.502,91.3,6.5,2.2,91.1,3.6,2.5,2.1,0.4,0.3,97.2,2.8,"[{""score"": ""3 - 0"", ""pct"": 13.81}, {""score"": ""4 - 0"", ""pct"": 11.219999999999999}, {""score"": ""2 - 0"", ""pct"": 11.0}]"
Brazil,Czech Republic,Neutral,2.181,0.705,71.9,19.1,9.0,72.1,6.9,7.1,9.8,1.7,2.4,86.1,13.9,"[{""score"": ""2 - 0"", ""pct"": 13.65}, {""score"": ""1 - 0"", ""pct"": 12.389999999999999}, {""score"": ""2 - 1"", ""pct"": 9.74}]"
Brazil,France,Neutral,1.307,1.069,42.6,28.1,29.2,41.9,6.9,8.8,29.3,5.4,7.8,57.5,42.5,"[{""score"": ""1 - 1"", ""pct"": 12.629999999999999}, {""score"": ""1 - 0"", ""pct"": 12.590000000000002}, {""score"": ""0 - 1"", ""pct"": 10.16}]"
Brazil,Portugal,Neutral,1.384,1.122,42.3,28.0,29.7,42.1,6.9,9.0,29.5,5.1,7.4,58.0,41.9,"[{""score"": ""1 - 1"", ""pct"": 12.24}, {""score"": ""1 - 0"", ""pct"": 11.98}, {""score"": ""0 - 0"", ""pct"": 9.51}]"
Brazil,Curaçao,Neutral,4.251,0.336,96.8,2.6,0.6,96.8,1.7,0.9,0.4,0.1,0.1,99.4,0.6,"[{""score"": ""4 - 0"", ""pct"": 14.099999999999998}, {""score"": ""3 - 0"", ""pct"": 12.85}, {""score"": ""5 - 0"", ""pct"": 11.92}]"
Brazil,Cape Verde,Neutral,2.717,0.422,85.7,10.8,3.5,86.0,5.2,4.6,2.9,0.6,0.7,95.8,4.2,"[{""score"": ""2 - 0"", ""pct"": 16.509999999999998}, {""score"": ""3 - 0"", ""pct"": 14.17}, {""score"": ""1 - 0"", ""pct"": 12.17}]"
Brazil,Panama,Neutral,2.905,0.508,87.3,9.6,3.2,86.1,5.3,3.6,3.4,0.8,0.7,95.0,5.0,"[{""score"": ""2 - 0"", ""pct"": 14.63}, {""score"": ""3 - 0"", ""pct"": 13.239999999999998}, {""score"": ""1 - 0"", ""pct"": 10.5}]"
Brazil,Ecuador,Neutral,1.416,0.705,54.6,28.0,17.4,53.9,8.0,11.2,17.4,3.7,5.8,73.0,27.0,"[{""score"": ""1 - 0"", ""pct"": 17.96}, {""score"": ""0 - 0"", ""pct"": 12.73}, {""score"": ""1 - 1"", ""pct"": 11.88}]"
Brazil,Egypt,Neutral,1.909,0.562,69.9,21.1,9.0,69.8,7.6,9.2,8.9,1.8,2.6,86.6,13.4,"[{""score"": ""1 - 0"", ""pct"": 16.5}, {""score"": ""2 - 0"", ""pct"": 15.32}, {""score"": ""0 - 0"", ""pct"": 9.6}]"
Brazil,Uruguay,Neutral,1.383,0.822,50.4,28.3,21.3,50.0,7.4,11.1,21.3,4.0,6.2,68.5,31.5,"[{""score"": ""1 - 0"", ""pct"": 15.27}, {""score"": ""1 - 1"", ""pct"": 12.44}, {""score"": ""0 - 0"", ""pct"": 11.66}]"
Brazil,Croatia,Neutral,1.637,0.877,55.4,25.0,19.6,55.1,7.9,9.6,18.5,4.0,5.0,72.6,27.4,"[{""score"": ""1 - 0"", ""pct"": 13.77}, {""score"": ""1 - 1"", ""pct"": 11.200000000000001}, {""score"": ""2 - 0"", ""pct"": 10.45}]"
Brazil,Ivory Coast,Neutral,1.921,0.611,69.2,21.1,9.6,68.0,7.5,9.0,10.0,2.2,3.2,84.5,15.5,"[{""score"": ""1 - 0"", ""pct"": 16.2}, {""score"": ""2 - 0"", ""pct"": 14.030000000000001}, {""score"": ""3 - 0"", ""pct"": 9.67}]"
Brazil,Saudi Arabia,Neutral,2.502,0.445,83.1,13.0,4.0,83.4,6.0,5.3,3.8,0.7,0.9,94.7,5.3,"[{""score"": ""2 - 0"", ""pct"": 16.73}, {""score"": ""1 - 0"", ""pct"": 13.81}, {""score"": ""3 - 0"", ""pct"": 12.740000000000002}]"
Brazil,South Africa,Neutral,2.473,0.48,82.1,13.5,4.4,81.8,6.5,5.6,4.3,0.9,0.9,94.0,6.0,"[{""score"": ""2 - 0"", ""pct"": 16.56}, {""score"": ""1 - 0"", ""pct"": 13.62}, {""score"": ""3 - 0"", ""pct"": 12.9}]"
Brazil,New Zealand,Neutral,2.756,0.348,88.9,8.8,2.3,88.0,4.8,4.1,2.2,0.4,0.5,96.9,3.1,"[{""score"": ""2 - 0"", ""pct"": 16.619999999999997}, {""score"": ""3 - 0"", ""pct"": 16.33}, {""score"": ""1 - 0"", ""pct"": 13.170000000000002}]"
Brazil,Belgium,Neutral,1.61,1.057,50.4,25.6,24.0,50.2,6.9,8.8,24.3,3.9,5.8,66.0,34.0,"[{""score"": ""1 - 1"", ""pct"": 12.02}, {""score"": ""1 - 0"", ""pct"": 11.85}, {""score"": ""2 - 1"", ""pct"": 9.76}]"
Colombia,Austria,Neutral,1.55,0.909,52.0,27.4,20.6,52.4,7.2,9.6,21.1,4.1,5.5,69.3,30.7,"[{""score"": ""1 - 0"", ""pct"": 13.26}, {""score"": ""1 - 1"", ""pct"": 12.06}, {""score"": ""2 - 0"", ""pct"": 10.059999999999999}]"
Colombia,Iran,Neutral,1.479,0.771,53.8,27.4,18.8,53.5,7.8,11.4,17.8,3.8,5.6,72.8,27.2,"[{""score"": ""1 - 0"", ""pct"": 15.479999999999999}, {""score"": ""1 - 1"", ""pct"": 11.709999999999999}, {""score"": ""0 - 0"", ""pct"": 11.43}]"
Colombia,Iraq,Neutral,2.023,0.494,75.3,18.1,6.6,73.8,7.2,8.6,7.1,1.3,2.1,89.5,10.5,"[{""score"": ""2 - 0"", ""pct"": 17.31}, {""score"": ""1 - 0"", ""pct"": 16.76}, {""score"": ""3 - 0"", ""pct"": 10.780000000000001}]"
Colombia,Jordan,Neutral,2.235,0.597,75.5,17.2,7.3,75.8,6.7,6.7,7.1,1.7,2.0,89.2,10.9,"[{""score"": ""2 - 0"", ""pct"": 14.899999999999999}, {""score"": ""1 - 0"", ""pct"": 13.569999999999999}, {""score"": ""3 - 0"", ""pct"": 10.83}]"
Colombia,Ghana,Neutral,2.002,0.601,71.2,19.7,9.1,70.7,6.9,8.7,9.3,1.7,2.6,86.4,13.6,"[{""score"": ""1 - 0"", ""pct"": 15.35}, {""score"": ""2 - 0"", ""pct"": 14.81}, {""score"": ""3 - 0"", ""pct"": 9.56}]"
Colombia,Australia,Neutral,1.507,0.765,54.2,27.6,18.2,54.8,7.8,10.6,17.9,3.3,5.5,73.2,26.8,"[{""score"": ""1 - 0"", ""pct"": 15.5}, {""score"": ""1 - 1"", ""pct"": 11.790000000000001}, {""score"": ""0 - 0"", ""pct"": 11.3}]"
Colombia,Sweden,Neutral,1.71,0.948,54.6,25.5,20.0,55.3,7.5,8.5,20.0,3.8,5.0,71.2,28.8,"[{""score"": ""1 - 0"", ""pct"": 11.88}, {""score"": ""1 - 1"", ""pct"": 10.979999999999999}, {""score"": ""2 - 0"", ""pct"": 9.959999999999999}]"
Colombia,Paraguay,Neutral,1.427,0.708,54.3,28.3,17.4,54.3,8.0,11.8,17.2,3.2,5.5,74.1,25.9,"[{""score"": ""1 - 0"", ""pct"": 17.919999999999998}, {""score"": ""0 - 0"", ""pct"": 12.809999999999999}, {""score"": ""1 - 1"", ""pct"": 11.65}]"
Colombia,Switzerland,Neutral,1.424,1.039,45.6,27.6,26.8,45.8,7.0,9.7,26.1,5.1,6.4,62.4,37.6,"[{""score"": ""1 - 0"", ""pct"": 12.73}, {""score"": ""1 - 1"", ""pct"": 12.389999999999999}, {""score"": ""0 - 0"", ""pct"": 9.3}]"
Colombia,South Korea,Neutral,1.646,0.742,60.1,24.7,15.2,58.9,7.7,10.3,15.7,2.9,4.5,76.9,23.1,"[{""score"": ""1 - 0"", ""pct"": 16.17}, {""score"": ""2 - 0"", ""pct"": 11.450000000000001}, {""score"": ""1 - 1"", ""pct"": 10.68}]"
Colombia,Netherlands,Neutral,1.321,1.268,37.0,27.5,35.5,37.2,5.9,8.1,34.5,6.3,7.9,51.3,48.7,"[{""score"": ""1 - 1"", ""pct"": 12.49}, {""score"": ""1 - 0"", ""pct"": 10.11}, {""score"": ""0 - 1"", ""pct"": 9.39}]"
Colombia,United States,Neutral,1.813,0.781,60.9,24.0,15.1,61.7,7.8,9.1,14.8,2.6,3.9,78.7,21.3,"[{""score"": ""1 - 0"", ""pct"": 13.819999999999999}, {""score"": ""2 - 0"", ""pct"": 11.790000000000001}, {""score"": ""1 - 1"", ""pct"": 10.9}]"
Colombia,Haiti,Neutral,3.11,0.52,88.4,9.1,2.5,89.4,4.1,2.8,2.7,0.5,0.5,96.3,3.7,"[{""score"": ""2 - 0"", ""pct"": 13.4}, {""score"": ""3 - 0"", ""pct"": 12.920000000000002}, {""score"": ""4 - 0"", ""pct"": 9.86}]"
Colombia,Germany,Neutral,1.405,1.395,37.1,26.2,36.7,37.5,6.1,7.2,36.2,5.8,7.2,50.8,49.2,"[{""score"": ""1 - 1"", ""pct"": 12.0}, {""score"": ""0 - 1"", ""pct"": 8.89}, {""score"": ""1 - 0"", ""pct"": 8.77}]"
Colombia,Algeria,Neutral,1.759,0.877,58.7,23.2,18.0,58.2,7.8,8.8,17.2,3.5,4.4,74.9,25.1,"[{""score"": ""1 - 0"", ""pct"": 13.66}, {""score"": ""2 - 0"", ""pct"": 10.92}, {""score"": ""1 - 1"", ""pct"": 10.32}]"
Colombia,Bosnia and Herzegovina,Neutral,2.197,0.647,73.1,18.1,8.8,73.8,7.0,7.3,8.4,1.6,1.9,88.1,11.9,"[{""score"": ""2 - 0"", ""pct"": 13.700000000000001}, {""score"": ""1 - 0"", ""pct"": 13.65}, {""score"": ""3 - 0"", ""pct"": 9.58}]"
Colombia,Brazil,Neutral,0.946,1.369,24.8,29.0,46.2,24.3,5.0,6.9,46.6,7.3,9.8,36.3,63.7,"[{""score"": ""0 - 1"", ""pct"": 14.000000000000002}, {""score"": ""1 - 1"", ""pct"": 13.089999999999998}, {""score"": ""0 - 0"", ""pct"": 10.77}]"
Colombia,Uzbekistan,Neutral,1.704,0.592,64.6,24.1,11.3,64.1,8.1,10.5,11.7,2.2,3.3,82.8,17.2,"[{""score"": ""1 - 0"", ""pct"": 17.45}, {""score"": ""2 - 0"", ""pct"": 14.38}, {""score"": ""0 - 0"", ""pct"": 10.979999999999999}]"
Colombia,Scotland,Neutral,1.709,0.803,59.8,24.2,16.0,59.3,7.9,9.4,16.2,2.9,4.4,76.5,23.5,"[{""score"": ""1 - 0"", ""pct"": 13.750000000000002}, {""score"": ""2 - 0"", ""pct"": 12.13}, {""score"": ""1 - 1"", ""pct"": 10.97}]"
Colombia,Spain,Neutral,0.972,1.499,23.2,27.0,49.8,23.2,4.7,5.9,49.0,7.9,9.2,33.9,66.1,"[{""score"": ""0 - 1"", ""pct"": 13.489999999999998}, {""score"": ""1 - 1"", ""pct"": 12.049999999999999}, {""score"": ""1 - 2"", ""pct"": 9.56}]"
Colombia,Senegal,Neutral,1.352,0.782,49.4,30.1,20.6,49.5,7.4,11.5,20.7,4.4,6.6,68.3,31.7,"[{""score"": ""1 - 0"", ""pct"": 16.13}, {""score"": ""1 - 1"", ""pct"": 13.16}, {""score"": ""0 - 0"", ""pct"": 12.659999999999998}]"
Colombia,Canada,Neutral,1.725,0.709,61.9,24.7,13.4,62.4,7.9,9.5,13.5,3.1,3.7,79.7,20.3,"[{""score"": ""1 - 0"", ""pct"": 15.370000000000001}, {""score"": ""2 - 0"", ""pct"": 13.059999999999999}, {""score"": ""1 - 1"", ""pct"": 10.59}]"
Colombia,Argentina,Neutral,0.812,1.247,23.3,30.6,46.1,22.3,4.5,7.5,46.5,7.4,11.6,34.4,65.6,"[{""score"": ""0 - 1"", ""pct"": 15.85}, {""score"": ""0 - 0"", ""pct"": 13.969999999999999}, {""score"": ""1 - 1"", ""pct"": 12.78}]"
Colombia,England,Neutral,0.921,1.208,27.2,31.4,41.4,26.9,5.1,8.7,42.0,6.6,10.7,40.7,59.3,"[{""score"": ""0 - 1"", ""pct"": 14.790000000000001}, {""score"": ""1 - 1"", ""pct"": 13.94}, {""score"": ""0 - 0"", ""pct"": 13.020000000000001}]"
Colombia,Tunisia,Neutral,1.524,0.638,58.4,26.7,14.9,58.8,7.5,11.4,14.5,3.0,4.9,77.7,22.3,"[{""score"": ""1 - 0"", ""pct"": 17.23}, {""score"": ""2 - 0"", ""pct"": 13.48}, {""score"": ""0 - 0"", ""pct"": 12.45}]"
Colombia,Turkey,Neutral,1.768,0.962,55.9,24.8,19.4,56.4,7.7,7.7,19.5,3.6,5.1,71.8,28.2,"[{""score"": ""1 - 0"", ""pct"": 12.33}, {""score"": ""1 - 1"", ""pct"": 11.12}, {""score"": ""2 - 0"", ""pct"": 10.24}]"
Colombia,Morocco,Neutral,1.021,0.831,38.5,33.4,28.1,38.8,6.5,11.9,27.6,5.2,10.1,57.2,42.8,"[{""score"": ""0 - 0"", ""pct"": 16.520000000000003}, {""score"": ""1 - 0"", ""pct"": 16.08}, {""score"": ""1 - 1"", ""pct"": 13.54}]"
Colombia,Mexico,Neutral,1.41,0.776,51.0,29.2,19.8,52.2,7.5,11.1,19.7,3.7,5.8,70.8,29.2,"[{""score"": ""1 - 0"", ""pct"": 15.840000000000002}, {""score"": ""1 - 1"", ""pct"": 12.78}, {""score"": ""0 - 0"", ""pct"": 12.16}]"
Colombia,DR Congo,Neutral,1.751,0.56,67.2,22.7,10.2,66.7,7.2,10.9,10.1,2.1,3.1,84.8,15.2,"[{""score"": ""1 - 0"", ""pct"": 18.16}, {""score"": ""2 - 0"", ""pct"": 14.979999999999999}, {""score"": ""0 - 0"", ""pct"": 10.14}]"
Colombia,Norway,Neutral,1.587,1.036,50.2,26.2,23.6,49.4,7.4,8.9,24.1,4.4,5.9,65.7,34.3,"[{""score"": ""1 - 0"", ""pct"": 12.36}, {""score"": ""1 - 1"", ""pct"": 11.940000000000001}, {""score"": ""2 - 1"", ""pct"": 9.31}]"
Colombia,Japan,Neutral,1.439,0.925,49.8,27.2,23.1,47.5,7.5,10.7,23.0,4.9,6.4,65.7,34.3,"[{""score"": ""1 - 0"", ""pct"": 14.219999999999999}, {""score"": ""1 - 1"", ""pct"": 11.959999999999999}, {""score"": ""2 - 0"", ""pct"": 10.26}]"
Colombia,Qatar,Neutral,2.807,0.583,83.7,11.7,4.5,84.0,5.5,4.2,4.5,0.9,1.0,93.7,6.3,"[{""score"": ""2 - 0"", ""pct"": 13.22}, {""score"": ""3 - 0"", ""pct"": 12.389999999999999}, {""score"": ""1 - 0"", ""pct"": 10.38}]"
Colombia,Czech Republic,Neutral,1.751,0.819,60.1,23.7,16.2,60.5,7.8,9.2,15.7,3.0,3.9,77.5,22.5,"[{""score"": ""1 - 0"", ""pct"": 14.069999999999999}, {""score"": ""2 - 0"", ""pct"": 10.979999999999999}, {""score"": ""1 - 1"", ""pct"": 10.280000000000001}]"
Colombia,France,Neutral,1.05,1.242,30.6,29.1,40.3,29.5,5.5,8.2,40.5,6.7,9.5,43.2,56.8,"[{""score"": ""1 - 1"", ""pct"": 12.97}, {""score"": ""0 - 1"", ""pct"": 12.45}, {""score"": ""0 - 0"", ""pct"": 11.07}]"
Colombia,Portugal,Neutral,1.112,1.304,31.0,28.9,40.1,30.8,5.6,7.3,40.7,6.5,9.0,43.8,56.2,"[{""score"": ""1 - 1"", ""pct"": 12.920000000000002}, {""score"": ""0 - 1"", ""pct"": 11.59}, {""score"": ""0 - 0"", ""pct"": 9.969999999999999}]"
Colombia,Curaçao,Neutral,3.414,0.391,92.3,6.2,1.4,93.0,3.4,1.9,1.3,0.2,0.2,98.3,1.7,"[{""score"": ""3 - 0"", ""pct"": 14.67}, {""score"": ""2 - 0"", ""pct"": 13.3}, {""score"": ""4 - 0"", ""pct"": 12.72}]"
Colombia,Cape Verde,Neutral,2.182,0.491,77.0,16.7,6.3,76.8,6.8,7.5,5.8,1.4,1.6,91.2,8.8,"[{""score"": ""2 - 0"", ""pct"": 16.470000000000002}, {""score"": ""1 - 0"", ""pct"": 15.85}, {""score"": ""3 - 0"", ""pct"": 11.76}]"
Colombia,Panama,Neutral,2.333,0.59,77.2,16.0,6.7,76.9,6.8,6.8,6.7,1.2,1.6,90.5,9.5,"[{""score"": ""2 - 0"", ""pct"": 14.95}, {""score"": ""1 - 0"", ""pct"": 12.870000000000001}, {""score"": ""3 - 0"", ""pct"": 11.899999999999999}]"
Colombia,Ecuador,Neutral,1.137,0.819,42.0,31.9,26.1,42.0,7.0,11.9,25.9,4.6,8.6,60.9,39.1,"[{""score"": ""1 - 0"", ""pct"": 16.1}, {""score"": ""0 - 0"", ""pct"": 15.18}, {""score"": ""1 - 1"", ""pct"": 13.059999999999999}]"
Colombia,Egypt,Neutral,1.533,0.652,58.2,27.3,14.4,58.5,7.6,11.2,14.6,3.2,4.9,77.3,22.7,"[{""score"": ""1 - 0"", ""pct"": 17.419999999999998}, {""score"": ""2 - 0"", ""pct"": 12.58}, {""score"": ""0 - 0"", ""pct"": 12.479999999999999}]"
Colombia,Uruguay,Neutral,1.111,0.955,39.3,31.0,29.7,38.5,6.6,10.1,30.3,5.2,9.3,55.2,44.8,"[{""score"": ""1 - 0"", ""pct"": 14.069999999999999}, {""score"": ""0 - 0"", ""pct"": 13.850000000000001}, {""score"": ""1 - 1"", ""pct"": 13.16}]"
Colombia,Croatia,Neutral,1.315,1.019,42.2,29.9,27.8,41.8,6.9,9.8,28.5,5.5,7.4,58.5,41.5,"[{""score"": ""1 - 1"", ""pct"": 13.639999999999999}, {""score"": ""1 - 0"", ""pct"": 12.64}, {""score"": ""0 - 0"", ""pct"": 10.74}]"
Colombia,Ivory Coast,Neutral,1.543,0.71,58.4,26.2,15.4,57.2,7.5,10.8,16.2,3.3,5.1,75.5,24.5,"[{""score"": ""1 - 0"", ""pct"": 16.84}, {""score"": ""2 - 0"", ""pct"": 12.520000000000001}, {""score"": ""1 - 1"", ""pct"": 11.32}]"
Colombia,Saudi Arabia,Neutral,2.009,0.517,73.8,18.7,7.5,73.7,7.3,8.3,7.4,1.4,1.9,89.4,10.6,"[{""score"": ""2 - 0"", ""pct"": 16.12}, {""score"": ""1 - 0"", ""pct"": 15.740000000000002}, {""score"": ""3 - 0"", ""pct"": 10.83}]"
Colombia,South Africa,Neutral,1.986,0.558,72.3,19.5,8.2,71.1,7.4,8.9,8.5,1.8,2.4,87.4,12.6,"[{""score"": ""2 - 0"", ""pct"": 16.07}, {""score"": ""1 - 0"", ""pct"": 16.05}, {""score"": ""3 - 0"", ""pct"": 9.86}]"
Colombia,New Zealand,Neutral,2.213,0.404,79.4,15.7,4.9,79.3,6.5,7.2,4.9,0.9,1.2,93.0,7.0,"[{""score"": ""2 - 0"", ""pct"": 17.91}, {""score"": ""1 - 0"", ""pct"": 16.68}, {""score"": ""3 - 0"", ""pct"": 12.98}]"
Colombia,Belgium,Neutral,1.293,1.228,37.8,28.7,33.6,37.9,6.1,8.7,34.0,5.6,7.8,52.6,47.4,"[{""score"": ""1 - 1"", ""pct"": 12.629999999999999}, {""score"": ""1 - 0"", ""pct"": 10.71}, {""score"": ""0 - 1"", ""pct"": 9.58}]"
Uzbekistan,Austria,Neutral,0.835,1.409,21.5,29.1,49.4,21.2,4.2,6.7,49.5,7.5,10.9,32.1,67.9,"[{""score"": ""0 - 1"", ""pct"": 15.35}, {""score"": ""1 - 1"", ""pct"": 13.18}, {""score"": ""0 - 0"", ""pct"": 11.31}]"
Uzbekistan,Iran,Neutral,0.797,1.194,23.7,31.1,45.1,23.1,4.8,7.6,45.1,7.4,11.9,35.5,64.5,"[{""score"": ""0 - 1"", ""pct"": 16.68}, {""score"": ""0 - 0"", ""pct"": 14.69}, {""score"": ""1 - 1"", ""pct"": 12.53}]"
Uzbekistan,Iraq,Neutral,1.09,0.766,41.6,33.6,24.8,41.7,7.1,12.9,24.7,4.5,9.2,61.7,38.3,"[{""score"": ""1 - 0"", ""pct"": 16.45}, {""score"": ""0 - 0"", ""pct"": 16.38}, {""score"": ""1 - 1"", ""pct"": 13.68}]"
Uzbekistan,Jordan,Neutral,1.204,0.925,42.4,30.1,27.6,42.3,6.7,11.1,27.4,4.5,8.1,60.1,39.9,"[{""score"": ""1 - 0"", ""pct"": 14.59}, {""score"": ""0 - 0"", ""pct"": 13.020000000000001}, {""score"": ""1 - 1"", ""pct"": 12.76}]"
Uzbekistan,Ghana,Neutral,1.079,0.931,37.4,33.3,29.3,37.9,6.4,11.2,30.1,5.3,9.2,55.4,44.6,"[{""score"": ""0 - 0"", ""pct"": 14.96}, {""score"": ""1 - 0"", ""pct"": 14.45}, {""score"": ""1 - 1"", ""pct"": 13.88}]"
Uzbekistan,Australia,Neutral,0.812,1.186,23.9,32.0,44.1,24.1,4.6,8.1,43.9,7.4,11.9,36.8,63.2,"[{""score"": ""0 - 1"", ""pct"": 16.42}, {""score"": ""0 - 0"", ""pct"": 14.979999999999999}, {""score"": ""1 - 1"", ""pct"": 13.07}]"
Uzbekistan,Sweden,Neutral,0.922,1.47,22.2,27.5,50.3,22.7,4.4,6.6,48.9,7.7,9.7,33.7,66.3,"[{""score"": ""0 - 1"", ""pct"": 14.069999999999999}, {""score"": ""1 - 1"", ""pct"": 12.479999999999999}, {""score"": ""0 - 0"", ""pct"": 9.700000000000001}]"
Uzbekistan,Paraguay,Neutral,0.769,1.098,24.9,33.0,42.1,24.4,4.7,8.5,42.7,7.4,12.3,37.6,62.4,"[{""score"": ""0 - 1"", ""pct"": 17.32}, {""score"": ""0 - 0"", ""pct"": 16.08}, {""score"": ""1 - 1"", ""pct"": 13.569999999999999}]"
Uzbekistan,Switzerland,Neutral,0.768,1.61,16.9,26.2,56.9,17.2,3.1,4.6,57.3,8.2,9.6,24.9,75.1,"[{""score"": ""0 - 1"", ""pct"": 15.690000000000001}, {""score"": ""1 - 1"", ""pct"": 11.21}, {""score"": ""0 - 2"", ""pct"": 10.72}]"
Uzbekistan,South Korea,Neutral,0.887,1.15,28.0,31.3,40.7,27.0,4.8,8.9,41.6,6.7,11.0,40.7,59.3,"[{""score"": ""0 - 1"", ""pct"": 14.64}, {""score"": ""0 - 0"", ""pct"": 14.21}, {""score"": ""1 - 1"", ""pct"": 12.94}]"
Uzbekistan,Netherlands,Neutral,0.712,1.965,11.9,20.5,67.6,11.0,2.2,2.7,68.4,7.3,8.4,15.9,84.1,"[{""score"": ""0 - 1"", ""pct"": 14.540000000000001}, {""score"": ""0 - 2"", ""pct"": 13.28}, {""score"": ""1 - 2"", ""pct"": 9.5}]"
Uzbekistan,United States,Neutral,0.977,1.21,29.1,30.0,40.9,28.2,5.0,7.9,41.5,7.2,10.2,41.1,58.9,"[{""score"": ""0 - 1"", ""pct"": 13.28}, {""score"": ""1 - 1"", ""pct"": 12.8}, {""score"": ""0 - 0"", ""pct"": 12.46}]"
Uzbekistan,Haiti,Neutral,1.676,0.806,58.1,25.1,16.8,58.7,7.2,9.6,16.4,3.2,4.8,75.6,24.4,"[{""score"": ""1 - 0"", ""pct"": 13.98}, {""score"": ""1 - 1"", ""pct"": 11.25}, {""score"": ""2 - 0"", ""pct"": 11.19}]"
Uzbekistan,Germany,Neutral,0.757,2.162,11.2,19.1,69.7,10.3,1.9,2.4,70.7,7.8,7.0,14.5,85.5,"[{""score"": ""0 - 2"", ""pct"": 11.95}, {""score"": ""0 - 1"", ""pct"": 11.93}, {""score"": ""1 - 2"", ""pct"": 9.94}]"
Uzbekistan,Algeria,Neutral,0.948,1.359,25.8,28.9,45.3,25.3,4.6,7.7,45.2,7.4,9.8,37.6,62.4,"[{""score"": ""0 - 1"", ""pct"": 13.68}, {""score"": ""1 - 1"", ""pct"": 12.33}, {""score"": ""0 - 0"", ""pct"": 11.469999999999999}]"
Uzbekistan,Bosnia and Herzegovina,Neutral,1.184,1.003,40.6,30.6,28.8,39.0,7.0,9.7,31.0,5.3,8.1,55.7,44.3,"[{""score"": ""1 - 0"", ""pct"": 14.299999999999999}, {""score"": ""0 - 0"", ""pct"": 13.05}, {""score"": ""1 - 1"", ""pct"": 12.989999999999998}]"
Uzbekistan,Brazil,Neutral,0.51,2.121,6.9,17.7,75.4,6.6,1.2,2.0,75.9,6.8,7.5,9.8,90.2,"[{""score"": ""0 - 2"", ""pct"": 16.07}, {""score"": ""0 - 1"", ""pct"": 15.909999999999998}, {""score"": ""0 - 3"", ""pct"": 11.12}]"
Uzbekistan,Colombia,Neutral,0.592,1.704,11.6,23.9,64.5,11.2,2.5,3.9,63.8,8.6,10.1,17.5,82.5,"[{""score"": ""0 - 1"", ""pct"": 17.169999999999998}, {""score"": ""0 - 2"", ""pct"": 14.63}, {""score"": ""0 - 0"", ""pct"": 11.25}]"
Uzbekistan,Scotland,Neutral,0.921,1.244,26.4,30.7,42.9,26.9,4.6,7.5,42.8,7.1,11.0,39.0,61.0,"[{""score"": ""0 - 1"", ""pct"": 14.11}, {""score"": ""1 - 1"", ""pct"": 13.350000000000001}, {""score"": ""0 - 0"", ""pct"": 12.709999999999999}]"
Uzbekistan,Spain,Neutral,0.524,2.324,5.8,15.6,78.6,5.7,1.1,1.6,78.5,6.4,6.6,8.4,91.6,"[{""score"": ""0 - 2"", ""pct"": 15.57}, {""score"": ""0 - 1"", ""pct"": 13.969999999999999}, {""score"": ""0 - 3"", ""pct"": 11.459999999999999}]"
Uzbekistan,Senegal,Neutral,0.728,1.212,21.4,31.2,47.4,21.2,4.2,7.6,46.3,7.6,13.0,33.1,66.9,"[{""score"": ""0 - 1"", ""pct"": 17.19}, {""score"": ""0 - 0"", ""pct"": 15.09}, {""score"": ""1 - 1"", ""pct"": 12.78}]"
Uzbekistan,Canada,Neutral,0.929,1.098,30.3,32.1,37.6,29.5,5.1,9.3,38.9,6.4,10.8,44.0,56.0,"[{""score"": ""0 - 0"", ""pct"": 14.34}, {""score"": ""0 - 1"", ""pct"": 14.02}, {""score"": ""1 - 1"", ""pct"": 13.420000000000002}]"
Uzbekistan,Argentina,Neutral,0.437,1.933,6.4,19.2,74.3,6.6,1.2,2.2,73.7,7.3,9.1,9.9,90.1,"[{""score"": ""0 - 1"", ""pct"": 18.6}, {""score"": ""0 - 2"", ""pct"": 16.869999999999997}, {""score"": ""0 - 3"", ""pct"": 10.97}]"
Uzbekistan,England,Neutral,0.496,1.872,8.4,20.8,70.8,7.3,1.7,2.7,71.7,7.2,9.5,11.6,88.4,"[{""score"": ""0 - 1"", ""pct"": 18.279999999999998}, {""score"": ""0 - 2"", ""pct"": 15.959999999999999}, {""score"": ""0 - 0"", ""pct"": 10.07}]"
Uzbekistan,Tunisia,Neutral,0.821,0.989,28.6,34.1,37.2,28.3,5.3,10.8,38.0,6.1,11.3,44.5,55.5,"[{""score"": ""0 - 0"", ""pct"": 17.68}, {""score"": ""0 - 1"", ""pct"": 15.82}, {""score"": ""1 - 0"", ""pct"": 13.530000000000001}]"
Uzbekistan,Turkey,Neutral,0.953,1.491,22.8,27.6,49.7,23.7,4.7,5.8,48.5,7.5,9.8,34.2,65.8,"[{""score"": ""0 - 1"", ""pct"": 13.420000000000002}, {""score"": ""1 - 1"", ""pct"": 12.23}, {""score"": ""1 - 2"", ""pct"": 10.0}]"
Uzbekistan,Morocco,Neutral,0.55,1.288,14.4,30.2,55.3,15.1,3.0,6.0,54.2,7.8,13.8,24.1,75.9,"[{""score"": ""0 - 1"", ""pct"": 20.27}, {""score"": ""0 - 0"", ""pct"": 16.54}, {""score"": ""0 - 2"", ""pct"": 13.389999999999999}]"
Uzbekistan,Mexico,Neutral,0.76,1.202,22.4,30.8,46.8,22.2,4.2,7.5,46.3,7.4,12.3,34.0,66.0,"[{""score"": ""0 - 1"", ""pct"": 16.86}, {""score"": ""0 - 0"", ""pct"": 14.49}, {""score"": ""1 - 1"", ""pct"": 12.44}]"
Uzbekistan,DR Congo,Neutral,0.943,0.868,34.4,35.1,30.5,34.7,5.9,11.7,30.8,5.6,11.2,52.3,47.7,"[{""score"": ""0 - 0"", ""pct"": 17.96}, {""score"": ""1 - 0"", ""pct"": 15.14}, {""score"": ""1 - 1"", ""pct"": 13.81}]"
Uzbekistan,Norway,Neutral,0.855,1.606,19.7,25.6,54.7,19.1,3.6,5.2,54.6,7.8,9.8,27.8,72.2,"[{""score"": ""0 - 1"", ""pct"": 14.21}, {""score"": ""1 - 1"", ""pct"": 11.24}, {""score"": ""0 - 2"", ""pct"": 10.61}]"
Uzbekistan,Japan,Neutral,0.775,1.434,18.9,28.5,52.6,18.7,3.7,5.6,53.5,7.6,10.8,28.0,72.0,"[{""score"": ""0 - 1"", ""pct"": 16.09}, {""score"": ""1 - 1"", ""pct"": 12.27}, {""score"": ""0 - 0"", ""pct"": 12.23}]"
Uzbekistan,Qatar,Neutral,1.513,0.904,51.3,27.3,21.4,51.4,7.5,10.0,20.8,4.1,6.1,69.0,31.1,"[{""score"": ""1 - 0"", ""pct"": 13.81}, {""score"": ""1 - 1"", ""pct"": 12.17}, {""score"": ""0 - 0"", ""pct"": 9.84}]"
Uzbekistan,Czech Republic,Neutral,0.944,1.27,26.4,30.1,43.6,26.8,4.6,7.8,43.8,6.8,10.0,39.3,60.7,"[{""score"": ""0 - 1"", ""pct"": 14.37}, {""score"": ""1 - 1"", ""pct"": 12.85}, {""score"": ""0 - 0"", ""pct"": 12.26}]"
Uzbekistan,France,Neutral,0.566,1.924,8.8,20.4,70.8,8.7,1.6,2.6,70.4,7.6,9.0,13.0,87.0,"[{""score"": ""0 - 1"", ""pct"": 17.02}, {""score"": ""0 - 2"", ""pct"": 14.69}, {""score"": ""0 - 3"", ""pct"": 9.3}]"
Uzbekistan,Portugal,Neutral,0.599,2.021,9.0,20.0,71.0,8.8,1.8,2.4,71.3,7.5,8.1,13.1,86.9,"[{""score"": ""0 - 1"", ""pct"": 15.740000000000002}, {""score"": ""0 - 2"", ""pct"": 14.399999999999999}, {""score"": ""0 - 3"", ""pct"": 9.43}]"
Uzbekistan,Curaçao,Neutral,1.84,0.605,67.8,22.0,10.2,67.4,7.3,9.4,10.3,2.3,3.2,84.2,15.8,"[{""score"": ""1 - 0"", ""pct"": 16.61}, {""score"": ""2 - 0"", ""pct"": 14.6}, {""score"": ""0 - 0"", ""pct"": 9.790000000000001}]"
Uzbekistan,Cape Verde,Neutral,1.176,0.761,45.0,32.5,22.5,45.2,7.2,12.8,22.6,4.4,7.8,65.2,34.8,"[{""score"": ""1 - 0"", ""pct"": 16.73}, {""score"": ""0 - 0"", ""pct"": 16.28}, {""score"": ""1 - 1"", ""pct"": 12.53}]"
Uzbekistan,Panama,Neutral,1.257,0.915,43.8,29.9,26.3,43.1,6.8,11.0,26.4,5.0,7.7,60.9,39.1,"[{""score"": ""1 - 0"", ""pct"": 14.6}, {""score"": ""1 - 1"", ""pct"": 13.19}, {""score"": ""0 - 0"", ""pct"": 12.45}]"
Uzbekistan,Ecuador,Neutral,0.613,1.27,16.9,30.6,52.5,16.7,3.3,6.7,52.3,7.9,13.0,26.7,73.3,"[{""score"": ""0 - 1"", ""pct"": 19.400000000000002}, {""score"": ""0 - 0"", ""pct"": 16.189999999999998}, {""score"": ""1 - 1"", ""pct"": 11.92}]"
Uzbekistan,Egypt,Neutral,0.826,1.011,28.1,33.8,38.1,28.0,5.0,9.3,39.0,6.8,12.0,42.2,57.8,"[{""score"": ""0 - 0"", ""pct"": 17.349999999999998}, {""score"": ""0 - 1"", ""pct"": 15.57}, {""score"": ""1 - 0"", ""pct"": 13.15}]"
Uzbekistan,Uruguay,Neutral,0.598,1.48,13.1,27.1,59.9,13.7,3.0,4.8,59.2,7.9,11.5,21.5,78.5,"[{""score"": ""0 - 1"", ""pct"": 19.34}, {""score"": ""0 - 0"", ""pct"": 14.13}, {""score"": ""0 - 2"", ""pct"": 14.02}]"
Uzbekistan,Croatia,Neutral,0.709,1.58,15.1,26.2,58.7,15.7,2.9,5.1,58.4,7.3,10.7,23.6,76.4,"[{""score"": ""0 - 1"", ""pct"": 16.919999999999998}, {""score"": ""0 - 2"", ""pct"": 11.99}, {""score"": ""0 - 0"", ""pct"": 11.27}]"
Uzbekistan,Ivory Coast,Neutral,0.831,1.101,26.6,33.1,40.4,25.9,5.3,9.0,40.6,7.1,12.0,40.2,59.8,"[{""score"": ""0 - 0"", ""pct"": 16.259999999999998}, {""score"": ""0 - 1"", ""pct"": 15.93}, {""score"": ""1 - 1"", ""pct"": 12.989999999999998}]"
Uzbekistan,Saudi Arabia,Neutral,1.083,0.801,41.0,33.4,25.6,41.9,7.0,11.4,25.2,5.1,9.4,60.3,39.7,"[{""score"": ""1 - 0"", ""pct"": 16.6}, {""score"": ""0 - 0"", ""pct"": 16.0}, {""score"": ""1 - 1"", ""pct"": 13.5}]"
Uzbekistan,South Africa,Neutral,1.07,0.864,39.5,33.1,27.4,39.2,7.0,11.0,28.6,5.2,9.1,57.1,42.9,"[{""score"": ""0 - 0"", ""pct"": 16.05}, {""score"": ""1 - 0"", ""pct"": 15.36}, {""score"": ""1 - 1"", ""pct"": 13.23}]"
Uzbekistan,New Zealand,Neutral,1.193,0.626,49.3,31.9,18.8,50.2,7.2,13.3,18.6,3.4,7.3,70.7,29.3,"[{""score"": ""1 - 0"", ""pct"": 19.36}, {""score"": ""0 - 0"", ""pct"": 17.5}, {""score"": ""1 - 1"", ""pct"": 11.82}]"
Uzbekistan,Belgium,Neutral,0.697,1.903,12.0,21.8,66.2,11.4,2.2,3.2,66.6,7.8,8.9,16.7,83.3,"[{""score"": ""0 - 1"", ""pct"": 14.81}, {""score"": ""0 - 2"", ""pct"": 13.15}, {""score"": ""1 - 1"", ""pct"": 9.700000000000001}]"
Scotland,Austria,Neutral,1.132,1.413,29.5,28.1,42.5,28.1,5.2,7.2,44.3,6.6,8.6,40.5,59.5,"[{""score"": ""1 - 1"", ""pct"": 12.61}, {""score"": ""0 - 1"", ""pct"": 11.18}, {""score"": ""1 - 2"", ""pct"": 9.120000000000001}]"
Scotland,Iran,Neutral,1.08,1.198,31.6,29.8,38.6,31.8,5.9,8.3,38.0,6.8,9.2,45.9,54.1,"[{""score"": ""1 - 1"", ""pct"": 13.87}, {""score"": ""0 - 1"", ""pct"": 12.42}, {""score"": ""1 - 0"", ""pct"": 11.08}]"
Scotland,Iraq,Neutral,1.477,0.769,54.3,27.0,18.7,54.7,7.8,10.8,17.7,3.4,5.6,73.3,26.7,"[{""score"": ""1 - 0"", ""pct"": 16.17}, {""score"": ""1 - 1"", ""pct"": 11.75}, {""score"": ""0 - 0"", ""pct"": 11.12}]"
Scotland,Jordan,Neutral,1.632,0.928,54.9,25.2,20.0,53.9,7.5,9.7,20.2,3.8,5.0,71.1,28.9,"[{""score"": ""1 - 0"", ""pct"": 13.52}, {""score"": ""1 - 1"", ""pct"": 11.17}, {""score"": ""2 - 0"", ""pct"": 9.76}]"
Scotland,Ghana,Neutral,1.462,0.934,49.1,27.5,23.4,49.5,7.3,9.8,22.9,4.1,6.3,66.7,33.3,"[{""score"": ""1 - 0"", ""pct"": 13.38}, {""score"": ""1 - 1"", ""pct"": 12.23}, {""score"": ""0 - 0"", ""pct"": 10.05}]"
Scotland,Australia,Neutral,1.1,1.19,33.1,29.8,37.1,31.9,6.1,9.0,38.1,5.8,9.1,47.0,53.0,"[{""score"": ""1 - 1"", ""pct"": 13.639999999999999}, {""score"": ""0 - 1"", ""pct"": 11.62}, {""score"": ""1 - 0"", ""pct"": 11.25}]"
Scotland,Sweden,Neutral,1.249,1.474,31.8,27.5,40.7,31.4,4.9,6.5,42.1,7.1,8.0,42.8,57.2,"[{""score"": ""1 - 1"", ""pct"": 12.24}, {""score"": ""0 - 1"", ""pct"": 9.71}, {""score"": ""1 - 2"", ""pct"": 8.63}]"
Scotland,Paraguay,Neutral,1.042,1.101,32.2,31.2,36.6,32.8,5.6,9.5,36.8,6.4,8.8,47.9,52.1,"[{""score"": ""0 - 1"", ""pct"": 13.669999999999998}, {""score"": ""1 - 1"", ""pct"": 13.600000000000001}, {""score"": ""0 - 0"", ""pct"": 13.350000000000001}]"
Scotland,Switzerland,Neutral,1.04,1.615,23.5,26.4,50.1,23.5,4.5,6.0,50.5,7.5,8.1,34.0,66.0,"[{""score"": ""0 - 1"", ""pct"": 11.55}, {""score"": ""1 - 1"", ""pct"": 11.51}, {""score"": ""1 - 2"", ""pct"": 9.99}]"
Scotland,South Korea,Neutral,1.202,1.154,36.9,28.6,34.5,36.4,6.2,9.4,34.1,5.9,8.1,51.9,48.1,"[{""score"": ""1 - 1"", ""pct"": 13.100000000000001}, {""score"": ""1 - 0"", ""pct"": 11.83}, {""score"": ""0 - 1"", ""pct"": 10.75}]"
Scotland,Netherlands,Neutral,0.965,1.97,17.2,22.7,60.1,17.3,3.4,3.9,61.2,6.9,7.4,24.6,75.4,"[{""score"": ""0 - 1"", ""pct"": 10.620000000000001}, {""score"": ""1 - 1"", ""pct"": 10.17}, {""score"": ""0 - 2"", ""pct"": 10.14}]"
Scotland,United States,Neutral,1.324,1.214,38.4,28.2,33.4,38.7,6.2,8.6,32.7,6.3,7.4,53.5,46.5,"[{""score"": ""1 - 1"", ""pct"": 13.0}, {""score"": ""1 - 0"", ""pct"": 10.9}, {""score"": ""0 - 1"", ""pct"": 9.6}]"
Scotland,Haiti,Neutral,2.271,0.809,70.7,18.2,11.1,71.3,6.8,6.6,10.6,2.1,2.7,84.7,15.3,"[{""score"": ""2 - 0"", ""pct"": 11.87}, {""score"": ""1 - 0"", ""pct"": 11.1}, {""score"": ""2 - 1"", ""pct"": 9.120000000000001}]"
Scotland,Germany,Neutral,1.026,2.169,16.0,20.8,63.2,15.8,2.9,3.0,64.0,7.0,7.3,21.7,78.3,"[{""score"": ""1 - 2"", ""pct"": 9.86}, {""score"": ""0 - 1"", ""pct"": 9.49}, {""score"": ""1 - 1"", ""pct"": 9.43}]"
Scotland,Algeria,Neutral,1.284,1.363,34.0,27.6,38.5,34.3,5.9,7.4,38.6,6.0,7.9,47.6,52.4,"[{""score"": ""1 - 1"", ""pct"": 12.740000000000002}, {""score"": ""0 - 1"", ""pct"": 9.94}, {""score"": ""1 - 0"", ""pct"": 9.22}]"
Scotland,Bosnia and Herzegovina,Neutral,1.604,1.005,51.0,26.1,22.9,51.8,7.2,8.7,22.4,4.0,5.9,67.7,32.3,"[{""score"": ""1 - 0"", ""pct"": 11.88}, {""score"": ""1 - 1"", ""pct"": 11.67}, {""score"": ""2 - 1"", ""pct"": 9.43}]"
Scotland,Brazil,Neutral,0.691,2.128,10.1,19.4,70.5,9.8,1.8,2.3,71.4,7.1,7.6,13.9,86.1,"[{""score"": ""0 - 2"", ""pct"": 13.51}, {""score"": ""0 - 1"", ""pct"": 13.03}, {""score"": ""1 - 2"", ""pct"": 9.56}]"
Scotland,Colombia,Neutral,0.803,1.709,16.4,24.0,59.6,16.2,3.2,4.2,59.1,7.8,9.4,23.6,76.4,"[{""score"": ""0 - 1"", ""pct"": 14.46}, {""score"": ""0 - 2"", ""pct"": 11.5}, {""score"": ""1 - 1"", ""pct"": 10.83}]"
Scotland,Uzbekistan,Neutral,1.244,0.921,42.8,30.9,26.3,44.2,7.0,10.1,26.0,4.8,8.0,61.3,38.7,"[{""score"": ""1 - 0"", ""pct"": 14.069999999999999}, {""score"": ""1 - 1"", ""pct"": 13.270000000000001}, {""score"": ""0 - 0"", ""pct"": 12.53}]"
Scotland,Spain,Neutral,0.71,2.331,8.5,16.7,74.8,8.8,1.8,1.9,74.6,6.9,6.0,12.4,87.6,"[{""score"": ""0 - 2"", ""pct"": 12.740000000000002}, {""score"": ""0 - 1"", ""pct"": 11.78}, {""score"": ""0 - 3"", ""pct"": 10.22}]"
Scotland,Senegal,Neutral,0.987,1.216,28.8,30.3,40.9,28.2,5.4,8.0,41.0,7.1,10.3,41.6,58.3,"[{""score"": ""0 - 1"", ""pct"": 13.719999999999999}, {""score"": ""1 - 1"", ""pct"": 13.420000000000002}, {""score"": ""0 - 0"", ""pct"": 11.97}]"
Scotland,Canada,Neutral,1.259,1.101,39.4,29.5,31.2,39.3,6.4,9.3,31.5,5.5,7.9,55.0,45.0,"[{""score"": ""1 - 1"", ""pct"": 13.58}, {""score"": ""1 - 0"", ""pct"": 12.27}, {""score"": ""0 - 0"", ""pct"": 10.39}]"
Scotland,Argentina,Neutral,0.593,1.939,9.0,20.9,70.2,9.6,1.7,2.7,69.5,7.7,8.8,14.0,86.0,"[{""score"": ""0 - 1"", ""pct"": 15.86}, {""score"": ""0 - 2"", ""pct"": 14.499999999999998}, {""score"": ""0 - 3"", ""pct"": 9.39}]"
Scotland,England,Neutral,0.673,1.878,10.9,22.4,66.8,11.8,2.5,2.9,67.0,7.4,8.5,17.2,82.8,"[{""score"": ""0 - 1"", ""pct"": 15.160000000000002}, {""score"": ""0 - 2"", ""pct"": 13.969999999999999}, {""score"": ""1 - 1"", ""pct"": 9.879999999999999}]"
Scotland,Tunisia,Neutral,1.113,0.992,37.7,31.4,30.9,37.7,5.8,10.4,30.9,5.6,9.6,53.9,46.1,"[{""score"": ""1 - 0"", ""pct"": 13.66}, {""score"": ""1 - 1"", ""pct"": 13.489999999999998}, {""score"": ""0 - 0"", ""pct"": 13.38}]"
Scotland,Turkey,Neutral,1.291,1.496,31.5,26.5,42.0,31.8,5.8,6.4,41.1,7.3,7.7,44.0,56.0,"[{""score"": ""1 - 1"", ""pct"": 11.92}, {""score"": ""1 - 2"", ""pct"": 9.26}, {""score"": ""0 - 1"", ""pct"": 9.22}]"
Scotland,Morocco,Neutral,0.745,1.292,20.3,31.0,48.7,20.3,3.7,6.7,49.8,7.2,12.2,30.7,69.3,"[{""score"": ""0 - 1"", ""pct"": 17.2}, {""score"": ""0 - 0"", ""pct"": 14.34}, {""score"": ""1 - 1"", ""pct"": 12.950000000000001}]"
Scotland,Mexico,Neutral,1.029,1.206,30.2,30.3,39.5,29.9,5.8,8.3,40.1,6.6,9.4,44.0,56.0,"[{""score"": ""1 - 1"", ""pct"": 13.13}, {""score"": ""0 - 1"", ""pct"": 12.94}, {""score"": ""0 - 0"", ""pct"": 11.82}]"
Scotland,DR Congo,Neutral,1.278,0.87,46.4,29.6,24.0,45.8,7.4,11.0,24.3,4.3,7.2,64.3,35.7,"[{""score"": ""1 - 0"", ""pct"": 15.49}, {""score"": ""1 - 1"", ""pct"": 13.120000000000001}, {""score"": ""0 - 0"", ""pct"": 12.25}]"
Scotland,Norway,Neutral,1.159,1.61,26.8,26.5,46.7,26.3,4.7,6.4,46.9,6.9,8.6,37.5,62.5,"[{""score"": ""1 - 1"", ""pct"": 11.81}, {""score"": ""0 - 1"", ""pct"": 9.93}, {""score"": ""1 - 2"", ""pct"": 9.4}]"
Scotland,Japan,Neutral,1.05,1.438,26.4,27.3,46.3,26.2,4.8,6.6,45.7,7.4,9.3,37.5,62.4,"[{""score"": ""0 - 1"", ""pct"": 12.46}, {""score"": ""1 - 1"", ""pct"": 12.34}, {""score"": ""0 - 0"", ""pct"": 9.24}]"
Scotland,Qatar,Neutral,2.05,0.906,64.8,20.6,14.6,64.9,7.0,7.6,14.5,2.9,3.1,79.5,20.5,"[{""score"": ""2 - 0"", ""pct"": 11.26}, {""score"": ""1 - 0"", ""pct"": 11.18}, {""score"": ""2 - 1"", ""pct"": 10.36}]"
Scotland,Czech Republic,Neutral,1.279,1.273,36.6,27.9,35.4,35.6,6.3,7.9,36.2,6.4,7.6,49.8,50.2,"[{""score"": ""1 - 1"", ""pct"": 13.089999999999998}, {""score"": ""0 - 1"", ""pct"": 9.98}, {""score"": ""1 - 0"", ""pct"": 9.950000000000001}]"
Scotland,France,Neutral,0.767,1.93,12.8,21.4,65.8,13.1,2.5,3.6,65.0,7.7,8.2,19.2,80.8,"[{""score"": ""0 - 1"", ""pct"": 13.900000000000002}, {""score"": ""0 - 2"", ""pct"": 12.41}, {""score"": ""1 - 2"", ""pct"": 9.86}]"
Scotland,Portugal,Neutral,0.812,2.027,12.4,21.8,65.8,12.7,2.4,3.4,66.3,6.9,8.3,18.5,81.5,"[{""score"": ""0 - 1"", ""pct"": 12.35}, {""score"": ""0 - 2"", ""pct"": 11.66}, {""score"": ""1 - 1"", ""pct"": 9.86}]"
Scotland,Curaçao,Neutral,2.493,0.607,79.5,14.6,5.9,79.2,6.1,5.7,6.6,1.1,1.2,91.0,9.0,"[{""score"": ""2 - 0"", ""pct"": 14.12}, {""score"": ""3 - 0"", ""pct"": 11.97}, {""score"": ""1 - 0"", ""pct"": 11.5}]"
Scotland,Cape Verde,Neutral,1.593,0.763,57.9,25.6,16.5,57.1,7.3,10.1,17.4,3.1,5.0,74.6,25.4,"[{""score"": ""1 - 0"", ""pct"": 15.43}, {""score"": ""2 - 0"", ""pct"": 11.83}, {""score"": ""1 - 1"", ""pct"": 11.799999999999999}]"
Scotland,Panama,Neutral,1.703,0.917,55.9,25.7,18.4,56.9,7.6,9.0,18.6,3.3,4.5,73.5,26.5,"[{""score"": ""1 - 0"", ""pct"": 13.100000000000001}, {""score"": ""1 - 1"", ""pct"": 11.21}, {""score"": ""2 - 0"", ""pct"": 10.43}]"
Scotland,Ecuador,Neutral,0.83,1.274,22.3,31.2,46.6,23.1,4.0,7.4,46.3,7.4,11.8,34.6,65.4,"[{""score"": ""0 - 1"", ""pct"": 15.35}, {""score"": ""0 - 0"", ""pct"": 13.48}, {""score"": ""1 - 1"", ""pct"": 13.22}]"
Scotland,Egypt,Neutral,1.12,1.014,36.9,31.3,31.8,36.7,6.6,9.6,32.1,5.6,9.5,52.9,47.1,"[{""score"": ""0 - 0"", ""pct"": 13.51}, {""score"": ""1 - 1"", ""pct"": 13.05}, {""score"": ""1 - 0"", ""pct"": 12.989999999999998}]"
Scotland,Uruguay,Neutral,0.811,1.485,18.5,28.1,53.3,19.2,4.0,5.7,53.2,7.5,10.4,28.9,71.1,"[{""score"": ""0 - 1"", ""pct"": 14.99}, {""score"": ""1 - 1"", ""pct"": 12.27}, {""score"": ""0 - 0"", ""pct"": 11.1}]"
Scotland,Croatia,Neutral,0.96,1.584,21.7,26.4,52.0,21.7,4.1,5.8,52.3,7.3,8.8,31.6,68.4,"[{""score"": ""0 - 1"", ""pct"": 12.690000000000001}, {""score"": ""1 - 1"", ""pct"": 11.51}, {""score"": ""0 - 2"", ""pct"": 9.74}]"
Scotland,Ivory Coast,Neutral,1.126,1.104,35.8,30.0,34.2,35.4,6.0,8.8,34.8,5.8,9.3,50.2,49.8,"[{""score"": ""1 - 1"", ""pct"": 12.36}, {""score"": ""1 - 0"", ""pct"": 12.3}, {""score"": ""0 - 0"", ""pct"": 12.15}]"
Scotland,Saudi Arabia,Neutral,1.467,0.803,52.5,28.6,18.9,52.4,7.4,11.1,19.6,3.8,5.6,70.9,29.1,"[{""score"": ""1 - 0"", ""pct"": 15.27}, {""score"": ""1 - 1"", ""pct"": 12.35}, {""score"": ""0 - 0"", ""pct"": 11.65}]"
Scotland,South Africa,Neutral,1.45,0.867,50.2,28.3,21.5,50.3,7.7,10.5,21.1,4.2,6.3,68.5,31.5,"[{""score"": ""1 - 0"", ""pct"": 14.180000000000001}, {""score"": ""1 - 1"", ""pct"": 12.8}, {""score"": ""0 - 0"", ""pct"": 10.72}]"
Scotland,New Zealand,Neutral,1.616,0.628,61.7,25.3,12.9,61.0,7.8,11.2,13.4,2.4,4.3,80.0,20.0,"[{""score"": ""1 - 0"", ""pct"": 17.9}, {""score"": ""2 - 0"", ""pct"": 13.18}, {""score"": ""0 - 0"", ""pct"": 11.4}]"
Scotland,Belgium,Neutral,0.944,1.908,16.8,23.0,60.2,17.0,3.3,4.2,60.4,7.3,7.9,24.4,75.6,"[{""score"": ""0 - 1"", ""pct"": 11.450000000000001}, {""score"": ""1 - 1"", ""pct"": 10.66}, {""score"": ""0 - 2"", ""pct"": 10.54}]"
Spain,Austria,Neutral,2.114,0.804,68.3,19.7,12.1,67.6,7.8,7.3,11.9,2.4,2.9,82.8,17.2,"[{""score"": ""2 - 0"", ""pct"": 12.27}, {""score"": ""1 - 0"", ""pct"": 12.030000000000001}, {""score"": ""2 - 1"", ""pct"": 9.29}]"
Spain,Iran,Neutral,2.017,0.681,70.5,19.7,9.8,68.4,7.4,8.0,11.1,2.3,2.7,83.8,16.2,"[{""score"": ""1 - 0"", ""pct"": 14.11}, {""score"": ""2 - 0"", ""pct"": 14.02}, {""score"": ""2 - 1"", ""pct"": 9.49}]"
Spain,Iraq,Neutral,2.76,0.437,86.6,10.2,3.2,86.2,5.1,4.4,3.0,0.7,0.6,95.8,4.2,"[{""score"": ""2 - 0"", ""pct"": 15.959999999999999}, {""score"": ""3 - 0"", ""pct"": 14.510000000000002}, {""score"": ""1 - 0"", ""pct"": 12.06}]"
Spain,Jordan,Neutral,3.048,0.528,87.0,9.5,3.5,86.9,5.1,3.5,3.2,0.7,0.7,95.5,4.5,"[{""score"": ""3 - 0"", ""pct"": 13.26}, {""score"": ""2 - 0"", ""pct"": 13.22}, {""score"": ""4 - 0"", ""pct"": 10.18}]"
Spain,Ghana,Neutral,2.73,0.531,83.7,11.8,4.5,84.6,5.1,4.4,4.1,0.9,0.9,94.1,5.9,"[{""score"": ""2 - 0"", ""pct"": 14.05}, {""score"": ""3 - 0"", ""pct"": 12.61}, {""score"": ""1 - 0"", ""pct"": 11.200000000000001}]"
Spain,Australia,Neutral,2.055,0.677,69.8,19.4,10.8,69.8,7.4,8.2,10.0,1.9,2.6,85.4,14.6,"[{""score"": ""2 - 0"", ""pct"": 13.76}, {""score"": ""1 - 0"", ""pct"": 13.700000000000001}, {""score"": ""2 - 1"", ""pct"": 9.55}]"
Spain,Sweden,Neutral,2.333,0.839,71.9,18.0,10.1,71.9,7.0,6.3,10.6,2.0,2.2,85.2,14.8,"[{""score"": ""2 - 0"", ""pct"": 11.4}, {""score"": ""1 - 0"", ""pct"": 11.04}, {""score"": ""2 - 1"", ""pct"": 9.16}]"
Spain,Paraguay,Neutral,1.946,0.626,69.0,20.7,10.2,69.0,7.5,8.7,9.8,2.2,2.8,85.2,14.8,"[{""score"": ""1 - 0"", ""pct"": 15.229999999999999}, {""score"": ""2 - 0"", ""pct"": 14.760000000000002}, {""score"": ""1 - 1"", ""pct"": 9.049999999999999}]"
Spain,Switzerland,Neutral,1.943,0.918,61.2,22.2,16.6,61.2,7.6,7.9,16.3,3.3,3.8,76.6,23.4,"[{""score"": ""1 - 0"", ""pct"": 11.88}, {""score"": ""2 - 0"", ""pct"": 10.56}, {""score"": ""1 - 1"", ""pct"": 10.42}]"
Spain,South Korea,Neutral,2.246,0.656,73.9,18.0,8.2,73.7,6.9,7.1,8.6,1.7,2.0,87.7,12.3,"[{""score"": ""2 - 0"", ""pct"": 14.299999999999999}, {""score"": ""1 - 0"", ""pct"": 12.98}, {""score"": ""3 - 0"", ""pct"": 10.34}]"
Spain,Netherlands,Neutral,1.802,1.121,54.0,23.9,22.1,54.1,7.3,8.0,22.0,3.9,4.6,69.4,30.6,"[{""score"": ""1 - 1"", ""pct"": 10.69}, {""score"": ""1 - 0"", ""pct"": 10.36}, {""score"": ""2 - 1"", ""pct"": 9.74}]"
Spain,United States,Neutral,2.473,0.691,77.3,15.8,6.9,77.8,6.5,6.0,6.9,1.4,1.5,90.3,9.7,"[{""score"": ""2 - 0"", ""pct"": 13.459999999999999}, {""score"": ""1 - 0"", ""pct"": 10.8}, {""score"": ""3 - 0"", ""pct"": 10.54}]"
Spain,Haiti,Neutral,4.242,0.46,95.4,3.6,0.9,95.7,2.2,1.0,0.9,0.1,0.1,98.8,1.2,"[{""score"": ""3 - 0"", ""pct"": 12.68}, {""score"": ""4 - 0"", ""pct"": 12.44}, {""score"": ""5 - 0"", ""pct"": 9.68}]"
Spain,Germany,Neutral,1.916,1.234,53.4,23.4,23.2,53.5,7.3,7.3,23.0,4.3,4.5,68.1,31.9,"[{""score"": ""1 - 1"", ""pct"": 9.82}, {""score"": ""2 - 1"", ""pct"": 9.8}, {""score"": ""1 - 0"", ""pct"": 8.58}]"
Spain,Algeria,Neutral,2.399,0.775,73.8,16.5,9.7,73.9,6.8,5.9,9.8,1.7,1.9,86.6,13.4,"[{""score"": ""2 - 0"", ""pct"": 11.66}, {""score"": ""1 - 0"", ""pct"": 10.85}, {""score"": ""3 - 0"", ""pct"": 9.8}]"
Spain,Bosnia and Herzegovina,Neutral,2.997,0.572,86.4,9.7,3.9,86.0,5.2,3.8,3.6,0.7,0.7,95.0,5.0,"[{""score"": ""2 - 0"", ""pct"": 13.309999999999999}, {""score"": ""3 - 0"", ""pct"": 12.18}, {""score"": ""1 - 0"", ""pct"": 9.370000000000001}]"
Spain,Brazil,Neutral,1.29,1.21,38.1,28.2,33.7,38.5,6.2,8.5,32.9,6.2,7.8,53.1,46.9,"[{""score"": ""1 - 1"", ""pct"": 13.11}, {""score"": ""1 - 0"", ""pct"": 10.67}, {""score"": ""0 - 1"", ""pct"": 10.03}]"
Spain,Colombia,Neutral,1.499,0.972,48.7,27.6,23.8,49.7,7.1,9.3,23.0,4.6,6.3,66.1,33.9,"[{""score"": ""1 - 0"", ""pct"": 13.13}, {""score"": ""1 - 1"", ""pct"": 12.46}, {""score"": ""2 - 1"", ""pct"": 9.4}]"
Spain,Uzbekistan,Neutral,2.324,0.524,78.7,15.5,5.9,78.8,6.7,6.3,5.7,1.1,1.3,91.8,8.2,"[{""score"": ""2 - 0"", ""pct"": 15.78}, {""score"": ""1 - 0"", ""pct"": 14.299999999999999}, {""score"": ""3 - 0"", ""pct"": 11.72}]"
Spain,Scotland,Neutral,2.331,0.71,74.1,16.7,9.2,73.5,6.9,6.8,9.1,1.6,2.1,87.2,12.8,"[{""score"": ""2 - 0"", ""pct"": 13.370000000000001}, {""score"": ""1 - 0"", ""pct"": 12.04}, {""score"": ""3 - 0"", ""pct"": 9.67}]"
Spain,Senegal,Neutral,1.844,0.692,65.2,22.4,12.3,65.8,7.2,9.0,12.6,2.5,2.9,82.0,18.0,"[{""score"": ""1 - 0"", ""pct"": 15.17}, {""score"": ""2 - 0"", ""pct"": 12.920000000000002}, {""score"": ""1 - 1"", ""pct"": 9.82}]"
Spain,Canada,Neutral,2.353,0.627,76.7,16.1,7.3,78.0,6.2,6.1,6.7,1.4,1.5,90.3,9.7,"[{""score"": ""2 - 0"", ""pct"": 14.829999999999998}, {""score"": ""1 - 0"", ""pct"": 12.55}, {""score"": ""3 - 0"", ""pct"": 10.36}]"
Spain,Argentina,Neutral,1.107,1.103,35.0,29.3,35.7,34.0,6.7,9.4,34.7,6.1,9.1,50.1,49.9,"[{""score"": ""1 - 1"", ""pct"": 12.86}, {""score"": ""0 - 1"", ""pct"": 12.43}, {""score"": ""0 - 0"", ""pct"": 11.93}]"
Spain,England,Neutral,1.256,1.068,40.2,29.5,30.3,39.3,7.0,9.8,30.1,5.5,8.3,56.1,43.9,"[{""score"": ""1 - 1"", ""pct"": 13.0}, {""score"": ""1 - 0"", ""pct"": 12.559999999999999}, {""score"": ""0 - 0"", ""pct"": 11.04}]"
Spain,Tunisia,Neutral,2.079,0.564,73.7,18.2,8.1,74.1,7.1,7.9,7.4,1.7,2.0,89.0,11.0,"[{""score"": ""1 - 0"", ""pct"": 15.809999999999999}, {""score"": ""2 - 0"", ""pct"": 14.940000000000001}, {""score"": ""3 - 0"", ""pct"": 10.2}]"
Spain,Turkey,Neutral,2.411,0.851,72.0,17.8,10.2,72.7,6.9,6.2,10.2,2.2,1.7,85.8,14.2,"[{""score"": ""2 - 0"", ""pct"": 11.469999999999999}, {""score"": ""1 - 0"", ""pct"": 9.84}, {""score"": ""2 - 1"", ""pct"": 9.43}]"
Spain,Morocco,Neutral,1.392,0.735,51.7,28.9,19.4,53.2,7.6,11.9,17.6,3.6,6.1,72.7,27.4,"[{""score"": ""1 - 0"", ""pct"": 16.39}, {""score"": ""0 - 0"", ""pct"": 13.0}, {""score"": ""1 - 1"", ""pct"": 12.3}]"
Spain,Mexico,Neutral,1.923,0.686,67.0,21.5,11.5,67.6,7.5,8.6,11.2,2.2,2.9,83.7,16.3,"[{""score"": ""1 - 0"", ""pct"": 14.34}, {""score"": ""2 - 0"", ""pct"": 13.71}, {""score"": ""1 - 1"", ""pct"": 10.040000000000001}]"
Spain,DR Congo,Neutral,2.388,0.495,80.1,14.6,5.3,80.5,6.5,5.9,4.9,0.9,1.2,93.0,7.0,"[{""score"": ""2 - 0"", ""pct"": 15.959999999999999}, {""score"": ""1 - 0"", ""pct"": 14.41}, {""score"": ""3 - 0"", ""pct"": 11.87}]"
Spain,Norway,Neutral,2.165,0.916,66.5,20.1,13.4,65.8,7.1,7.7,13.7,2.6,3.0,80.7,19.3,"[{""score"": ""2 - 1"", ""pct"": 10.67}, {""score"": ""2 - 0"", ""pct"": 10.61}, {""score"": ""1 - 0"", ""pct"": 10.37}]"
Spain,Japan,Neutral,1.962,0.818,64.3,21.9,13.8,63.8,7.7,8.2,14.0,2.7,3.6,79.7,20.3,"[{""score"": ""1 - 0"", ""pct"": 12.920000000000002}, {""score"": ""2 - 0"", ""pct"": 11.33}, {""score"": ""2 - 1"", ""pct"": 9.82}]"
Spain,Qatar,Neutral,3.829,0.516,93.4,5.0,1.6,93.4,3.0,1.7,1.5,0.1,0.2,98.1,1.9,"[{""score"": ""3 - 0"", ""pct"": 12.520000000000001}, {""score"": ""4 - 0"", ""pct"": 11.26}, {""score"": ""2 - 0"", ""pct"": 10.36}]"
Spain,Czech Republic,Neutral,2.389,0.724,74.4,17.2,8.4,75.2,6.8,6.3,8.2,1.6,2.0,88.3,11.7,"[{""score"": ""2 - 0"", ""pct"": 12.78}, {""score"": ""1 - 0"", ""pct"": 11.18}, {""score"": ""3 - 0"", ""pct"": 9.77}]"
Spain,France,Neutral,1.432,1.098,43.6,27.6,28.8,43.8,6.8,9.2,28.3,5.1,6.8,59.8,40.2,"[{""score"": ""1 - 1"", ""pct"": 12.620000000000001}, {""score"": ""1 - 0"", ""pct"": 11.0}, {""score"": ""0 - 1"", ""pct"": 9.15}]"
Spain,Portugal,Neutral,1.517,1.153,45.4,27.1,27.5,45.5,6.8,8.4,28.0,5.0,6.3,60.7,39.3,"[{""score"": ""1 - 1"", ""pct"": 12.659999999999998}, {""score"": ""1 - 0"", ""pct"": 10.37}, {""score"": ""2 - 1"", ""pct"": 9.27}]"
Spain,Curaçao,Neutral,4.657,0.345,97.8,1.8,0.4,97.5,1.5,0.6,0.3,0.1,0.0,99.6,0.4,"[{""score"": ""4 - 0"", ""pct"": 13.350000000000001}, {""score"": ""5 - 0"", ""pct"": 12.559999999999999}, {""score"": ""3 - 0"", ""pct"": 11.97}]"
Spain,Cape Verde,Neutral,2.977,0.434,88.0,9.3,2.8,88.3,4.3,3.4,3.0,0.5,0.5,96.0,4.0,"[{""score"": ""2 - 0"", ""pct"": 15.079999999999998}, {""score"": ""3 - 0"", ""pct"": 14.299999999999999}, {""score"": ""4 - 0"", ""pct"": 10.489999999999998}]"
Spain,Panama,Neutral,3.182,0.522,88.7,8.6,2.6,89.0,4.6,2.9,2.6,0.4,0.4,96.6,3.4,"[{""score"": ""3 - 0"", ""pct"": 13.33}, {""score"": ""2 - 0"", ""pct"": 12.43}, {""score"": ""4 - 0"", ""pct"": 10.22}]"
Spain,Ecuador,Neutral,1.551,0.724,57.2,26.7,16.1,56.9,7.7,10.6,16.7,3.5,4.6,75.1,24.9,"[{""score"": ""1 - 0"", ""pct"": 16.8}, {""score"": ""2 - 0"", ""pct"": 11.61}, {""score"": ""0 - 0"", ""pct"": 11.49}]"
Spain,Egypt,Neutral,2.091,0.577,73.5,18.1,8.5,73.3,7.1,8.0,7.9,1.5,2.2,88.4,11.6,"[{""score"": ""1 - 0"", ""pct"": 15.27}, {""score"": ""2 - 0"", ""pct"": 15.17}, {""score"": ""3 - 0"", ""pct"": 9.73}]"
Spain,Uruguay,Neutral,1.515,0.845,53.4,26.9,19.7,54.1,7.4,9.7,19.3,3.9,5.6,71.2,28.8,"[{""score"": ""1 - 0"", ""pct"": 14.63}, {""score"": ""1 - 1"", ""pct"": 11.600000000000001}, {""score"": ""0 - 0"", ""pct"": 10.74}]"
Spain,Croatia,Neutral,1.794,0.901,58.2,24.3,17.5,59.0,7.6,8.7,17.1,3.1,4.5,75.3,24.7,"[{""score"": ""1 - 0"", ""pct"": 12.709999999999999}, {""score"": ""2 - 0"", ""pct"": 10.8}, {""score"": ""1 - 1"", ""pct"": 10.8}]"
Spain,Ivory Coast,Neutral,2.104,0.628,72.1,19.1,8.8,72.5,7.1,7.7,8.8,1.7,2.4,87.2,12.8,"[{""score"": ""1 - 0"", ""pct"": 13.8}, {""score"": ""2 - 0"", ""pct"": 13.51}, {""score"": ""3 - 0"", ""pct"": 9.6}]"
Spain,Saudi Arabia,Neutral,2.741,0.457,84.7,11.9,3.4,85.2,5.1,4.6,3.5,0.7,0.9,94.9,5.1,"[{""score"": ""2 - 0"", ""pct"": 14.979999999999999}, {""score"": ""3 - 0"", ""pct"": 13.74}, {""score"": ""1 - 0"", ""pct"": 11.690000000000001}]"
Spain,South Africa,Neutral,2.709,0.493,85.4,11.1,3.5,84.2,5.5,4.8,4.1,0.6,0.8,94.6,5.4,"[{""score"": ""2 - 0"", ""pct"": 15.950000000000001}, {""score"": ""3 - 0"", ""pct"": 14.01}, {""score"": ""1 - 0"", ""pct"": 11.42}]"
Spain,New Zealand,Neutral,3.019,0.357,89.8,8.4,1.8,90.2,4.3,2.9,1.7,0.5,0.4,97.4,2.6,"[{""score"": ""3 - 0"", ""pct"": 16.189999999999998}, {""score"": ""2 - 0"", ""pct"": 15.58}, {""score"": ""4 - 0"", ""pct"": 11.25}]"
Spain,Belgium,Neutral,1.763,1.085,53.2,24.6,22.3,53.5,7.4,8.2,22.0,4.1,4.9,69.1,30.9,"[{""score"": ""1 - 0"", ""pct"": 10.68}, {""score"": ""1 - 1"", ""pct"": 10.639999999999999}, {""score"": ""2 - 1"", ""pct"": 9.58}]"
Senegal,Austria,Neutral,1.103,1.118,35.0,29.5,35.4,33.9,6.5,9.1,35.1,5.9,9.4,49.6,50.4,"[{""score"": ""1 - 1"", ""pct"": 13.16}, {""score"": ""1 - 0"", ""pct"": 12.94}, {""score"": ""0 - 1"", ""pct"": 12.93}]"
Senegal,Iran,Neutral,1.053,0.948,36.9,32.0,31.1,36.4,6.8,11.0,30.4,5.9,9.6,54.1,45.9,"[{""score"": ""1 - 0"", ""pct"": 14.93}, {""score"": ""0 - 0"", ""pct"": 14.790000000000001}, {""score"": ""1 - 1"", ""pct"": 13.5}]"
Senegal,Iraq,Neutral,1.44,0.608,56.7,28.7,14.6,57.0,8.1,12.4,14.1,3.2,5.2,77.5,22.5,"[{""score"": ""1 - 0"", ""pct"": 18.89}, {""score"": ""0 - 0"", ""pct"": 14.27}, {""score"": ""2 - 0"", ""pct"": 13.03}]"
Senegal,Jordan,Neutral,1.59,0.734,58.3,26.5,15.2,58.5,7.5,10.0,15.9,3.5,4.7,76.0,24.0,"[{""score"": ""1 - 0"", ""pct"": 16.27}, {""score"": ""2 - 0"", ""pct"": 12.08}, {""score"": ""0 - 0"", ""pct"": 11.65}]"
Senegal,Ghana,Neutral,1.424,0.739,53.2,28.8,17.9,53.8,7.5,11.2,18.1,3.8,5.6,72.5,27.5,"[{""score"": ""1 - 0"", ""pct"": 16.2}, {""score"": ""0 - 0"", ""pct"": 13.33}, {""score"": ""1 - 1"", ""pct"": 11.53}]"
Senegal,Australia,Neutral,1.072,0.941,38.6,31.8,29.6,37.0,6.5,11.4,30.2,5.5,9.4,54.9,45.1,"[{""score"": ""1 - 0"", ""pct"": 15.45}, {""score"": ""0 - 0"", ""pct"": 14.610000000000001}, {""score"": ""1 - 1"", ""pct"": 12.86}]"
Senegal,Sweden,Neutral,1.217,1.167,36.6,28.1,35.2,35.3,6.0,8.9,34.5,6.5,8.9,50.1,49.9,"[{""score"": ""1 - 1"", ""pct"": 12.839999999999998}, {""score"": ""0 - 1"", ""pct"": 11.28}, {""score"": ""1 - 0"", ""pct"": 11.07}]"
Senegal,Paraguay,Neutral,1.015,0.871,37.0,33.7,29.3,37.5,6.3,11.4,28.8,5.7,10.3,55.2,44.8,"[{""score"": ""0 - 0"", ""pct"": 16.42}, {""score"": ""1 - 0"", ""pct"": 14.92}, {""score"": ""1 - 1"", ""pct"": 13.73}]"
Senegal,Switzerland,Neutral,1.014,1.277,27.6,30.2,42.2,28.1,5.7,7.3,42.5,6.6,9.8,41.1,58.9,"[{""score"": ""0 - 1"", ""pct"": 13.450000000000001}, {""score"": ""1 - 1"", ""pct"": 13.18}, {""score"": ""0 - 0"", ""pct"": 11.73}]"
Senegal,South Korea,Neutral,1.172,0.913,42.2,30.8,27.1,40.8,6.7,11.2,27.9,5.3,8.0,58.7,41.3,"[{""score"": ""1 - 0"", ""pct"": 14.2}, {""score"": ""0 - 0"", ""pct"": 13.71}, {""score"": ""1 - 1"", ""pct"": 12.590000000000002}]"
Senegal,Netherlands,Neutral,0.94,1.559,22.1,26.8,51.1,20.9,4.1,5.6,52.3,7.4,9.8,30.6,69.4,"[{""score"": ""0 - 1"", ""pct"": 13.62}, {""score"": ""1 - 1"", ""pct"": 11.91}, {""score"": ""0 - 0"", ""pct"": 9.71}]"
Senegal,United States,Neutral,1.29,0.961,44.6,29.1,26.2,43.9,7.4,9.5,26.6,4.8,7.8,60.8,39.2,"[{""score"": ""1 - 0"", ""pct"": 13.569999999999999}, {""score"": ""1 - 1"", ""pct"": 11.87}, {""score"": ""0 - 0"", ""pct"": 11.82}]"
Senegal,Haiti,Neutral,2.213,0.64,74.5,17.4,8.2,74.4,7.2,7.1,7.9,1.5,2.0,88.7,11.3,"[{""score"": ""2 - 0"", ""pct"": 14.46}, {""score"": ""1 - 0"", ""pct"": 13.61}, {""score"": ""3 - 0"", ""pct"": 9.66}]"
Senegal,Germany,Neutral,1.0,1.716,21.6,24.8,53.6,20.5,3.9,5.2,54.2,7.2,9.0,29.5,70.5,"[{""score"": ""0 - 1"", ""pct"": 11.76}, {""score"": ""1 - 1"", ""pct"": 11.18}, {""score"": ""1 - 2"", ""pct"": 10.209999999999999}]"
Senegal,Algeria,Neutral,1.252,1.078,39.4,30.0,30.6,40.0,6.8,8.7,31.0,5.7,7.9,55.5,44.5,"[{""score"": ""1 - 1"", ""pct"": 13.56}, {""score"": ""1 - 0"", ""pct"": 12.64}, {""score"": ""0 - 1"", ""pct"": 10.77}]"
Senegal,Bosnia and Herzegovina,Neutral,1.563,0.796,54.9,27.0,18.0,56.0,7.4,10.2,17.7,3.4,5.3,73.6,26.4,"[{""score"": ""1 - 0"", ""pct"": 15.5}, {""score"": ""1 - 1"", ""pct"": 12.16}, {""score"": ""2 - 0"", ""pct"": 11.18}]"
Senegal,Brazil,Neutral,0.673,1.683,13.5,24.9,61.7,13.8,2.6,3.7,62.0,7.5,10.4,20.2,79.8,"[{""score"": ""0 - 1"", ""pct"": 16.05}, {""score"": ""0 - 2"", ""pct"": 12.68}, {""score"": ""0 - 0"", ""pct"": 10.7}]"
Senegal,Colombia,Neutral,0.782,1.352,20.8,29.6,49.6,20.5,4.2,6.9,49.4,7.2,11.8,31.6,68.4,"[{""score"": ""0 - 1"", ""pct"": 15.93}, {""score"": ""0 - 0"", ""pct"": 13.350000000000001}, {""score"": ""1 - 1"", ""pct"": 12.33}]"
Senegal,Uzbekistan,Neutral,1.212,0.728,47.9,30.6,21.5,47.1,7.7,12.5,20.8,4.2,7.7,67.3,32.7,"[{""score"": ""1 - 0"", ""pct"": 17.57}, {""score"": ""0 - 0"", ""pct"": 15.09}, {""score"": ""1 - 1"", ""pct"": 12.0}]"
Senegal,Scotland,Neutral,1.216,0.987,40.9,30.7,28.4,40.7,6.6,10.0,28.9,5.3,8.5,57.2,42.8,"[{""score"": ""1 - 0"", ""pct"": 13.84}, {""score"": ""1 - 1"", ""pct"": 12.889999999999999}, {""score"": ""0 - 0"", ""pct"": 12.520000000000001}]"
Senegal,Spain,Neutral,0.692,1.844,12.5,22.1,65.4,11.8,2.2,3.6,66.1,7.1,9.2,17.7,82.3,"[{""score"": ""0 - 1"", ""pct"": 15.76}, {""score"": ""0 - 2"", ""pct"": 12.989999999999998}, {""score"": ""1 - 1"", ""pct"": 9.17}]"
Senegal,Canada,Neutral,1.227,0.871,43.1,31.3,25.6,44.1,6.9,11.7,24.9,4.5,7.9,62.6,37.4,"[{""score"": ""1 - 0"", ""pct"": 14.790000000000001}, {""score"": ""0 - 0"", ""pct"": 13.96}, {""score"": ""1 - 1"", ""pct"": 13.03}]"
Senegal,Argentina,Neutral,0.578,1.534,12.6,26.7,60.7,13.0,2.5,4.5,60.6,7.9,11.5,20.0,80.0,"[{""score"": ""0 - 1"", ""pct"": 19.27}, {""score"": ""0 - 2"", ""pct"": 14.280000000000001}, {""score"": ""0 - 0"", ""pct"": 12.94}]"
Senegal,England,Neutral,0.655,1.486,15.3,27.7,57.0,15.7,3.1,5.1,56.9,7.6,11.5,23.9,76.1,"[{""score"": ""0 - 1"", ""pct"": 17.9}, {""score"": ""0 - 0"", ""pct"": 12.98}, {""score"": ""0 - 2"", ""pct"": 12.790000000000001}]"
Senegal,Tunisia,Neutral,1.085,0.785,42.9,32.0,25.0,40.6,7.0,12.3,26.4,4.8,8.8,60.0,40.0,"[{""score"": ""1 - 0"", ""pct"": 16.46}, {""score"": ""0 - 0"", ""pct"": 15.920000000000002}, {""score"": ""1 - 1"", ""pct"": 12.78}]"
Senegal,Turkey,Neutral,1.258,1.184,37.4,28.5,34.1,37.8,6.0,8.6,33.6,6.4,7.5,52.5,47.5,"[{""score"": ""1 - 1"", ""pct"": 13.38}, {""score"": ""1 - 0"", ""pct"": 10.96}, {""score"": ""0 - 1"", ""pct"": 10.45}]"
Senegal,Morocco,Neutral,0.727,1.022,24.9,34.3,40.9,24.6,4.8,9.2,41.1,6.7,13.7,38.6,61.4,"[{""score"": ""0 - 0"", ""pct"": 18.38}, {""score"": ""0 - 1"", ""pct"": 17.080000000000002}, {""score"": ""1 - 1"", ""pct"": 12.959999999999999}]"
Senegal,Mexico,Neutral,1.003,0.954,33.7,33.2,33.1,34.7,6.0,10.7,32.4,5.9,10.3,51.4,48.6,"[{""score"": ""0 - 0"", ""pct"": 15.57}, {""score"": ""0 - 1"", ""pct"": 14.099999999999998}, {""score"": ""1 - 1"", ""pct"": 13.62}]"
Senegal,DR Congo,Neutral,1.246,0.688,49.3,31.4,19.3,49.3,7.8,12.8,19.4,3.6,7.0,69.9,30.1,"[{""score"": ""1 - 0"", ""pct"": 18.509999999999998}, {""score"": ""0 - 0"", ""pct"": 15.629999999999999}, {""score"": ""1 - 1"", ""pct"": 12.1}]"
Senegal,Norway,Neutral,1.13,1.274,31.1,29.8,39.1,31.7,5.7,7.8,39.7,5.8,9.2,45.2,54.8,"[{""score"": ""1 - 1"", ""pct"": 13.26}, {""score"": ""0 - 1"", ""pct"": 11.33}, {""score"": ""0 - 0"", ""pct"": 10.42}]"
Senegal,Japan,Neutral,1.024,1.138,31.0,31.5,37.5,30.8,5.8,9.4,38.0,6.3,9.7,46.0,54.0,"[{""score"": ""1 - 1"", ""pct"": 13.38}, {""score"": ""0 - 0"", ""pct"": 12.94}, {""score"": ""0 - 1"", ""pct"": 12.75}]"
Senegal,Qatar,Neutral,1.998,0.717,67.9,21.3,10.8,68.2,7.0,8.4,11.0,2.3,3.2,83.6,16.4,"[{""score"": ""2 - 0"", ""pct"": 13.87}, {""score"": ""1 - 0"", ""pct"": 13.52}, {""score"": ""2 - 1"", ""pct"": 9.66}]"
Senegal,Czech Republic,Neutral,1.246,1.007,41.1,30.3,28.5,40.8,6.6,9.9,28.8,5.7,8.2,57.3,42.7,"[{""score"": ""1 - 0"", ""pct"": 13.54}, {""score"": ""1 - 1"", ""pct"": 13.350000000000001}, {""score"": ""0 - 0"", ""pct"": 11.790000000000001}]"
Senegal,France,Neutral,0.747,1.527,17.2,27.4,55.5,17.3,3.4,4.9,56.2,7.7,10.4,25.6,74.4,"[{""score"": ""0 - 1"", ""pct"": 16.150000000000002}, {""score"": ""0 - 0"", ""pct"": 11.83}, {""score"": ""1 - 1"", ""pct"": 11.72}]"
Senegal,Portugal,Neutral,0.791,1.604,17.0,26.9,56.1,17.6,3.2,4.8,56.4,7.9,10.1,25.7,74.3,"[{""score"": ""0 - 1"", ""pct"": 15.25}, {""score"": ""1 - 1"", ""pct"": 12.2}, {""score"": ""0 - 2"", ""pct"": 11.5}]"
Senegal,Curaçao,Neutral,2.43,0.48,81.0,14.2,4.7,81.1,6.0,5.7,4.9,1.1,1.2,92.8,7.2,"[{""score"": ""2 - 0"", ""pct"": 16.64}, {""score"": ""1 - 0"", ""pct"": 13.48}, {""score"": ""3 - 0"", ""pct"": 12.540000000000001}]"
Senegal,Cape Verde,Neutral,1.553,0.604,61.2,25.5,13.3,60.9,7.7,11.8,12.9,2.6,4.1,80.4,19.6,"[{""score"": ""1 - 0"", ""pct"": 19.07}, {""score"": ""2 - 0"", ""pct"": 13.170000000000002}, {""score"": ""0 - 0"", ""pct"": 11.899999999999999}]"
Senegal,Panama,Neutral,1.66,0.726,60.1,25.3,14.6,59.3,7.4,10.3,15.7,2.9,4.5,76.9,23.1,"[{""score"": ""1 - 0"", ""pct"": 15.709999999999999}, {""score"": ""2 - 0"", ""pct"": 12.3}, {""score"": ""1 - 1"", ""pct"": 11.360000000000001}]"
Senegal,Ecuador,Neutral,0.809,1.008,27.4,33.7,38.9,27.0,5.2,9.7,38.8,6.8,12.5,42.0,58.1,"[{""score"": ""0 - 0"", ""pct"": 17.69}, {""score"": ""0 - 1"", ""pct"": 16.75}, {""score"": ""1 - 0"", ""pct"": 13.05}]"
Senegal,Egypt,Neutral,1.091,0.802,41.2,33.5,25.3,41.0,7.1,12.3,25.8,4.6,9.2,60.4,39.6,"[{""score"": ""1 - 0"", ""pct"": 16.509999999999998}, {""score"": ""0 - 0"", ""pct"": 16.38}, {""score"": ""1 - 1"", ""pct"": 13.350000000000001}]"
Senegal,Uruguay,Neutral,0.79,1.175,22.8,31.9,45.3,23.0,4.6,8.0,44.9,7.3,12.2,35.6,64.4,"[{""score"": ""0 - 1"", ""pct"": 16.38}, {""score"": ""0 - 0"", ""pct"": 15.68}, {""score"": ""1 - 1"", ""pct"": 12.61}]"
Senegal,Croatia,Neutral,0.936,1.254,26.6,30.3,43.1,26.8,5.1,7.8,43.3,6.6,10.4,39.7,60.3,"[{""score"": ""0 - 1"", ""pct"": 14.32}, {""score"": ""1 - 1"", ""pct"": 13.59}, {""score"": ""0 - 0"", ""pct"": 12.030000000000001}]"
Senegal,Ivory Coast,Neutral,1.098,0.874,40.3,31.6,28.1,39.4,7.1,11.3,28.1,5.3,8.8,57.9,42.1,"[{""score"": ""1 - 0"", ""pct"": 15.32}, {""score"": ""0 - 0"", ""pct"": 15.120000000000001}, {""score"": ""1 - 1"", ""pct"": 12.629999999999999}]"
Senegal,Saudi Arabia,Neutral,1.43,0.635,56.6,28.1,15.3,56.9,7.7,11.9,14.8,3.1,5.6,76.6,23.4,"[{""score"": ""1 - 0"", ""pct"": 18.62}, {""score"": ""0 - 0"", ""pct"": 13.43}, {""score"": ""2 - 0"", ""pct"": 12.57}]"
Senegal,South Africa,Neutral,1.413,0.686,54.7,28.2,17.0,53.8,7.9,11.8,17.4,3.6,5.5,73.5,26.5,"[{""score"": ""1 - 0"", ""pct"": 18.01}, {""score"": ""0 - 0"", ""pct"": 12.64}, {""score"": ""1 - 1"", ""pct"": 12.35}]"
Senegal,New Zealand,Neutral,1.575,0.497,63.4,26.0,10.6,64.3,7.4,12.3,10.2,2.0,3.8,84.0,16.0,"[{""score"": ""1 - 0"", ""pct"": 19.6}, {""score"": ""2 - 0"", ""pct"": 15.35}, {""score"": ""0 - 0"", ""pct"": 14.030000000000001}]"
Senegal,Belgium,Neutral,0.92,1.51,21.6,28.0,50.4,22.3,4.0,5.6,51.4,7.3,9.4,31.9,68.1,"[{""score"": ""0 - 1"", ""pct"": 13.68}, {""score"": ""1 - 1"", ""pct"": 13.08}, {""score"": ""0 - 0"", ""pct"": 9.45}]"
Canada,Austria,Neutral,0.999,1.426,25.4,28.7,45.9,25.2,5.1,6.3,46.8,7.1,9.5,36.6,63.4,"[{""score"": ""1 - 1"", ""pct"": 13.020000000000001}, {""score"": ""0 - 1"", ""pct"": 12.920000000000002}, {""score"": ""0 - 0"", ""pct"": 9.959999999999999}]"
Canada,Iran,Neutral,0.953,1.209,27.9,31.0,41.2,28.3,5.4,7.4,41.2,7.2,10.4,41.1,58.9,"[{""score"": ""0 - 1"", ""pct"": 13.819999999999999}, {""score"": ""1 - 1"", ""pct"": 13.530000000000001}, {""score"": ""0 - 0"", ""pct"": 12.620000000000001}]"
Canada,Iraq,Neutral,1.304,0.776,48.9,30.2,20.9,47.9,7.9,11.9,21.2,4.4,6.6,67.7,32.3,"[{""score"": ""1 - 0"", ""pct"": 16.259999999999998}, {""score"": ""0 - 0"", ""pct"": 14.180000000000001}, {""score"": ""1 - 1"", ""pct"": 12.479999999999999}]"
Canada,Jordan,Neutral,1.441,0.937,48.5,28.0,23.5,48.8,7.2,10.1,23.4,4.6,6.0,66.1,33.9,"[{""score"": ""1 - 0"", ""pct"": 14.05}, {""score"": ""1 - 1"", ""pct"": 12.49}, {""score"": ""0 - 0"", ""pct"": 9.86}]"
Canada,Ghana,Neutral,1.29,0.943,44.1,29.8,26.2,44.2,7.1,10.1,26.2,5.0,7.3,61.4,38.6,"[{""score"": ""1 - 0"", ""pct"": 14.52}, {""score"": ""1 - 1"", ""pct"": 12.790000000000001}, {""score"": ""0 - 0"", ""pct"": 11.940000000000001}]"
Canada,Australia,Neutral,0.971,1.201,28.6,30.8,40.6,28.8,4.8,7.7,41.6,6.7,10.3,41.3,58.7,"[{""score"": ""0 - 1"", ""pct"": 13.850000000000001}, {""score"": ""1 - 1"", ""pct"": 13.819999999999999}, {""score"": ""0 - 0"", ""pct"": 12.379999999999999}]"
Canada,Sweden,Neutral,1.103,1.488,27.3,27.7,45.0,27.3,5.1,6.3,45.6,7.2,8.4,38.8,61.2,"[{""score"": ""1 - 1"", ""pct"": 12.72}, {""score"": ""0 - 1"", ""pct"": 10.97}, {""score"": ""1 - 2"", ""pct"": 9.58}]"
Canada,Paraguay,Neutral,0.92,1.112,29.3,32.3,38.4,29.2,5.2,8.5,39.5,6.7,10.9,43.0,57.0,"[{""score"": ""0 - 1"", ""pct"": 14.760000000000002}, {""score"": ""0 - 0"", ""pct"": 14.649999999999999}, {""score"": ""1 - 1"", ""pct"": 13.700000000000001}]"
Canada,Switzerland,Neutral,0.918,1.63,19.6,26.9,53.5,20.4,3.7,5.2,54.6,7.3,8.8,29.2,70.8,"[{""score"": ""0 - 1"", ""pct"": 12.98}, {""score"": ""1 - 1"", ""pct"": 12.11}, {""score"": ""0 - 2"", ""pct"": 9.82}]"
Canada,South Korea,Neutral,1.061,1.165,32.4,30.9,36.7,32.6,5.6,8.8,37.5,6.0,9.4,47.0,53.0,"[{""score"": ""1 - 1"", ""pct"": 13.36}, {""score"": ""0 - 1"", ""pct"": 12.58}, {""score"": ""0 - 0"", ""pct"": 12.049999999999999}]"
Canada,Netherlands,Neutral,0.852,1.989,14.1,21.7,64.2,14.5,2.7,3.1,64.0,7.7,8.1,20.3,79.7,"[{""score"": ""0 - 1"", ""pct"": 12.21}, {""score"": ""0 - 2"", ""pct"": 11.51}, {""score"": ""1 - 2"", ""pct"": 9.94}]"
Canada,United States,Neutral,1.169,1.226,34.1,28.8,37.1,34.6,5.9,8.5,36.2,6.4,8.3,49.0,51.0,"[{""score"": ""1 - 1"", ""pct"": 13.71}, {""score"": ""0 - 1"", ""pct"": 11.31}, {""score"": ""1 - 0"", ""pct"": 10.96}]"
Canada,Haiti,Neutral,2.005,0.816,65.3,21.0,13.7,65.5,7.6,8.0,13.1,2.4,3.5,81.0,19.0,"[{""score"": ""1 - 0"", ""pct"": 12.370000000000001}, {""score"": ""2 - 0"", ""pct"": 11.76}, {""score"": ""2 - 1"", ""pct"": 10.12}]"
Canada,Germany,Neutral,0.906,2.189,13.2,19.5,67.3,13.2,2.4,2.9,66.9,7.3,7.2,18.5,81.5,"[{""score"": ""0 - 2"", ""pct"": 11.01}, {""score"": ""0 - 1"", ""pct"": 10.81}, {""score"": ""1 - 2"", ""pct"": 10.12}]"
Canada,Algeria,Neutral,1.134,1.376,30.1,27.9,42.0,30.2,5.6,7.0,42.8,6.4,8.0,42.8,57.2,"[{""score"": ""1 - 1"", ""pct"": 12.790000000000001}, {""score"": ""0 - 1"", ""pct"": 11.77}, {""score"": ""1 - 0"", ""pct"": 9.09}]"
Canada,Bosnia and Herzegovina,Neutral,1.416,1.015,45.4,28.7,25.9,45.7,7.1,9.7,25.8,4.9,6.7,62.5,37.5,"[{""score"": ""1 - 1"", ""pct"": 12.889999999999999}, {""score"": ""1 - 0"", ""pct"": 12.45}, {""score"": ""0 - 0"", ""pct"": 10.0}]"
Canada,Brazil,Neutral,0.61,2.148,8.2,17.4,74.4,8.4,1.5,2.0,73.6,6.8,7.8,11.8,88.2,"[{""score"": ""0 - 2"", ""pct"": 15.379999999999999}, {""score"": ""0 - 1"", ""pct"": 14.59}, {""score"": ""0 - 3"", ""pct"": 10.35}]"
Canada,Colombia,Neutral,0.709,1.725,13.4,25.0,61.6,14.1,2.8,4.0,61.9,7.7,9.6,20.8,79.2,"[{""score"": ""0 - 1"", ""pct"": 15.110000000000001}, {""score"": ""0 - 2"", ""pct"": 13.05}, {""score"": ""1 - 1"", ""pct"": 10.72}]"
Canada,Uzbekistan,Neutral,1.098,0.929,38.5,32.4,29.1,39.0,6.6,10.5,29.8,5.2,8.8,56.1,43.9,"[{""score"": ""0 - 0"", ""pct"": 14.89}, {""score"": ""1 - 0"", ""pct"": 14.280000000000001}, {""score"": ""1 - 1"", ""pct"": 13.389999999999999}]"
Canada,Scotland,Neutral,1.101,1.259,31.1,29.8,39.1,31.7,5.6,8.1,39.1,6.1,9.5,45.4,54.6,"[{""score"": ""1 - 1"", ""pct"": 13.389999999999999}, {""score"": ""0 - 1"", ""pct"": 12.45}, {""score"": ""1 - 0"", ""pct"": 10.68}]"
Canada,Spain,Neutral,0.627,2.353,7.6,16.2,76.2,7.0,1.7,1.7,76.5,6.7,6.2,10.5,89.5,"[{""score"": ""0 - 2"", ""pct"": 14.069999999999999}, {""score"": ""0 - 1"", ""pct"": 13.01}, {""score"": ""0 - 3"", ""pct"": 10.94}]"
Canada,Senegal,Neutral,0.871,1.227,25.0,30.8,44.2,25.4,4.8,7.9,43.8,6.8,11.3,38.1,61.9,"[{""score"": ""0 - 1"", ""pct"": 15.290000000000001}, {""score"": ""1 - 1"", ""pct"": 13.889999999999999}, {""score"": ""0 - 0"", ""pct"": 12.98}]"
Canada,Argentina,Neutral,0.523,1.957,8.2,19.1,72.7,7.8,1.6,2.1,72.6,7.2,8.8,11.5,88.5,"[{""score"": ""0 - 1"", ""pct"": 17.09}, {""score"": ""0 - 2"", ""pct"": 15.559999999999999}, {""score"": ""0 - 3"", ""pct"": 10.35}]"
Canada,England,Neutral,0.594,1.896,10.0,21.7,68.3,9.4,1.9,2.8,69.0,7.6,9.2,14.1,85.9,"[{""score"": ""0 - 1"", ""pct"": 16.38}, {""score"": ""0 - 2"", ""pct"": 14.84}, {""score"": ""1 - 1"", ""pct"": 9.22}]"
Canada,Tunisia,Neutral,0.983,1.002,33.2,32.9,33.9,32.5,6.2,9.9,34.3,6.1,11.0,48.6,51.4,"[{""score"": ""0 - 0"", ""pct"": 15.0}, {""score"": ""0 - 1"", ""pct"": 13.489999999999998}, {""score"": ""1 - 0"", ""pct"": 13.450000000000001}]"
Canada,Turkey,Neutral,1.139,1.51,28.2,26.5,45.3,28.0,4.8,6.7,44.8,7.1,8.6,39.5,60.5,"[{""score"": ""1 - 1"", ""pct"": 12.01}, {""score"": ""0 - 1"", ""pct"": 10.81}, {""score"": ""1 - 2"", ""pct"": 9.02}]"
Canada,Morocco,Neutral,0.658,1.304,17.4,30.5,52.1,17.7,3.8,6.4,51.9,7.3,12.8,27.9,72.1,"[{""score"": ""0 - 1"", ""pct"": 18.21}, {""score"": ""0 - 0"", ""pct"": 15.379999999999999}, {""score"": ""1 - 1"", ""pct"": 12.030000000000001}]"
Canada,Mexico,Neutral,0.909,1.217,26.5,30.5,43.0,26.6,4.9,8.0,42.5,7.0,11.0,39.5,60.5,"[{""score"": ""0 - 1"", ""pct"": 14.680000000000001}, {""score"": ""1 - 1"", ""pct"": 13.13}, {""score"": ""0 - 0"", ""pct"": 12.959999999999999}]"
Canada,DR Congo,Neutral,1.129,0.878,39.9,32.1,28.0,41.3,6.7,10.7,26.9,5.4,9.0,58.7,41.3,"[{""score"": ""1 - 0"", ""pct"": 15.09}, {""score"": ""0 - 0"", ""pct"": 14.399999999999999}, {""score"": ""1 - 1"", ""pct"": 13.569999999999999}]"
Canada,Norway,Neutral,1.023,1.626,23.7,25.6,50.7,23.0,4.2,5.4,50.6,7.3,9.5,32.6,67.4,"[{""score"": ""0 - 1"", ""pct"": 11.85}, {""score"": ""1 - 1"", ""pct"": 11.84}, {""score"": ""1 - 2"", ""pct"": 9.719999999999999}]"
Canada,Japan,Neutral,0.927,1.451,24.1,28.0,47.9,22.5,4.6,6.4,48.9,7.5,10.1,33.5,66.5,"[{""score"": ""0 - 1"", ""pct"": 13.23}, {""score"": ""1 - 1"", ""pct"": 12.280000000000001}, {""score"": ""0 - 0"", ""pct"": 10.43}]"
Canada,Qatar,Neutral,1.81,0.915,58.1,24.4,17.4,58.4,7.4,8.8,17.9,3.3,4.3,74.5,25.5,"[{""score"": ""1 - 0"", ""pct"": 12.01}, {""score"": ""1 - 1"", ""pct"": 10.81}, {""score"": ""2 - 0"", ""pct"": 10.6}]"
Canada,Czech Republic,Neutral,1.129,1.285,31.8,28.8,39.4,31.7,5.5,8.0,38.9,6.8,9.2,45.2,54.8,"[{""score"": ""1 - 1"", ""pct"": 13.209999999999999}, {""score"": ""0 - 1"", ""pct"": 10.979999999999999}, {""score"": ""1 - 0"", ""pct"": 10.15}]"
Canada,France,Neutral,0.677,1.948,11.1,21.6,67.3,11.2,2.0,2.9,68.2,7.1,8.5,16.1,83.9,"[{""score"": ""0 - 1"", ""pct"": 15.459999999999999}, {""score"": ""0 - 2"", ""pct"": 13.44}, {""score"": ""1 - 1"", ""pct"": 9.26}]"
Canada,Portugal,Neutral,0.717,2.046,10.7,19.7,69.6,10.6,2.3,2.7,69.0,7.2,8.2,15.6,84.4,"[{""score"": ""0 - 1"", ""pct"": 13.43}, {""score"": ""0 - 2"", ""pct"": 12.809999999999999}, {""score"": ""1 - 2"", ""pct"": 9.98}]"
Canada,Curaçao,Neutral,2.201,0.613,74.0,17.9,8.1,74.7,6.6,6.9,8.1,1.6,2.1,88.1,11.9,"[{""score"": ""1 - 0"", ""pct"": 14.01}, {""score"": ""2 - 0"", ""pct"": 13.81}, {""score"": ""3 - 0"", ""pct"": 10.69}]"
Canada,Cape Verde,Neutral,1.407,0.77,51.7,28.7,19.6,52.3,7.2,10.5,19.5,4.2,6.2,70.0,29.9,"[{""score"": ""1 - 0"", ""pct"": 15.68}, {""score"": ""0 - 0"", ""pct"": 12.5}, {""score"": ""1 - 1"", ""pct"": 12.19}]"
Canada,Panama,Neutral,1.504,0.926,51.3,26.5,22.1,50.2,7.2,9.5,22.9,4.3,5.8,67.0,33.0,"[{""score"": ""1 - 0"", ""pct"": 14.360000000000001}, {""score"": ""1 - 1"", ""pct"": 12.04}, {""score"": ""2 - 0"", ""pct"": 9.719999999999999}]"
Canada,Ecuador,Neutral,0.733,1.286,21.0,30.5,48.5,19.5,3.8,7.3,50.8,7.1,11.6,30.5,69.5,"[{""score"": ""0 - 1"", ""pct"": 16.939999999999998}, {""score"": ""0 - 0"", ""pct"": 14.56}, {""score"": ""1 - 1"", ""pct"": 12.09}]"
Canada,Egypt,Neutral,0.988,1.024,32.7,33.5,33.9,33.3,6.0,10.4,34.6,6.0,9.6,49.8,50.2,"[{""score"": ""0 - 0"", ""pct"": 15.659999999999998}, {""score"": ""1 - 1"", ""pct"": 13.459999999999999}, {""score"": ""0 - 1"", ""pct"": 13.08}]"
Canada,Uruguay,Neutral,0.716,1.499,16.5,28.3,55.1,16.9,3.0,5.6,55.6,8.2,10.7,25.5,74.5,"[{""score"": ""0 - 1"", ""pct"": 16.45}, {""score"": ""1 - 1"", ""pct"": 12.280000000000001}, {""score"": ""0 - 0"", ""pct"": 12.02}]"
Canada,Croatia,Neutral,0.848,1.599,18.8,25.3,56.0,18.7,3.4,5.3,55.1,7.9,9.5,27.5,72.5,"[{""score"": ""0 - 1"", ""pct"": 14.84}, {""score"": ""1 - 1"", ""pct"": 11.459999999999999}, {""score"": ""0 - 2"", ""pct"": 10.71}]"
Canada,Ivory Coast,Neutral,0.994,1.115,30.6,31.6,37.8,31.5,5.4,9.0,38.1,6.0,10.0,45.9,54.1,"[{""score"": ""1 - 1"", ""pct"": 13.69}, {""score"": ""0 - 0"", ""pct"": 13.600000000000001}, {""score"": ""0 - 1"", ""pct"": 13.530000000000001}]"
Canada,Saudi Arabia,Neutral,1.295,0.81,47.8,30.3,21.9,47.8,7.2,11.6,22.4,4.0,7.0,66.6,33.4,"[{""score"": ""1 - 0"", ""pct"": 16.07}, {""score"": ""0 - 0"", ""pct"": 13.48}, {""score"": ""1 - 1"", ""pct"": 12.75}]"
Canada,South Africa,Neutral,1.28,0.875,45.7,29.9,24.4,46.2,6.5,11.5,23.5,4.5,7.9,64.2,35.8,"[{""score"": ""1 - 0"", ""pct"": 14.760000000000002}, {""score"": ""1 - 1"", ""pct"": 12.94}, {""score"": ""0 - 0"", ""pct"": 12.67}]"
Canada,New Zealand,Neutral,1.427,0.634,56.1,28.6,15.3,57.0,7.7,11.7,15.1,3.3,5.2,76.4,23.6,"[{""score"": ""1 - 0"", ""pct"": 18.22}, {""score"": ""0 - 0"", ""pct"": 13.88}, {""score"": ""2 - 0"", ""pct"": 12.49}]"
Canada,Belgium,Neutral,0.833,1.926,14.5,22.3,63.3,14.4,3.1,3.5,62.7,7.9,8.5,21.0,79.0,"[{""score"": ""0 - 1"", ""pct"": 12.86}, {""score"": ""0 - 2"", ""pct"": 11.86}, {""score"": ""1 - 1"", ""pct"": 10.07}]"
Argentina,Austria,Neutral,1.759,0.671,64.6,22.9,12.5,63.4,7.5,9.9,12.5,2.8,3.9,80.8,19.2,"[{""score"": ""1 - 0"", ""pct"": 16.259999999999998}, {""score"": ""2 - 0"", ""pct"": 13.3}, {""score"": ""1 - 1"", ""pct"": 10.290000000000001}]"
Argentina,Iran,Neutral,1.678,0.569,64.4,24.3,11.2,64.8,8.2,10.6,10.9,2.3,3.2,83.6,16.4,"[{""score"": ""1 - 0"", ""pct"": 18.25}, {""score"": ""2 - 0"", ""pct"": 14.66}, {""score"": ""0 - 0"", ""pct"": 11.940000000000001}]"
Argentina,Iraq,Neutral,2.296,0.365,82.4,13.9,3.7,81.9,6.3,6.3,3.7,0.8,1.0,94.5,5.5,"[{""score"": ""2 - 0"", ""pct"": 18.04}, {""score"": ""1 - 0"", ""pct"": 17.349999999999998}, {""score"": ""3 - 0"", ""pct"": 13.48}]"
Argentina,Jordan,Neutral,2.536,0.441,83.1,12.9,4.0,83.5,5.5,5.4,4.3,0.6,0.8,94.3,5.7,"[{""score"": ""2 - 0"", ""pct"": 16.16}, {""score"": ""1 - 0"", ""pct"": 13.969999999999999}, {""score"": ""3 - 0"", ""pct"": 13.04}]"
Argentina,Ghana,Neutral,2.271,0.444,79.1,16.0,5.0,79.5,6.4,7.0,4.8,1.1,1.3,92.9,7.1,"[{""score"": ""2 - 0"", ""pct"": 16.7}, {""score"": ""1 - 0"", ""pct"": 16.03}, {""score"": ""3 - 0"", ""pct"": 12.24}]"
Argentina,Australia,Neutral,1.71,0.565,65.8,23.5,10.8,65.7,8.1,10.2,10.7,2.0,3.3,84.0,16.1,"[{""score"": ""1 - 0"", ""pct"": 18.07}, {""score"": ""2 - 0"", ""pct"": 14.13}, {""score"": ""0 - 0"", ""pct"": 10.76}]"
Argentina,Sweden,Neutral,1.941,0.7,66.7,21.5,11.8,66.0,7.7,8.5,11.8,2.7,3.3,82.2,17.8,"[{""score"": ""1 - 0"", ""pct"": 14.299999999999999}, {""score"": ""2 - 0"", ""pct"": 12.920000000000002}, {""score"": ""1 - 1"", ""pct"": 9.87}]"
Argentina,Paraguay,Neutral,1.619,0.523,64.7,24.9,10.5,64.8,7.8,11.1,10.5,2.1,3.6,83.8,16.2,"[{""score"": ""1 - 0"", ""pct"": 19.62}, {""score"": ""2 - 0"", ""pct"": 15.110000000000001}, {""score"": ""0 - 0"", ""pct"": 12.839999999999998}]"
Argentina,Switzerland,Neutral,1.617,0.767,58.4,25.3,16.3,57.1,7.8,10.3,16.6,3.2,5.0,75.2,24.8,"[{""score"": ""1 - 0"", ""pct"": 16.08}, {""score"": ""2 - 0"", ""pct"": 11.700000000000001}, {""score"": ""1 - 1"", ""pct"": 10.91}]"
Argentina,South Korea,Neutral,1.868,0.548,70.2,20.7,9.1,70.4,7.4,8.7,9.0,1.9,2.6,86.5,13.5,"[{""score"": ""1 - 0"", ""pct"": 17.29}, {""score"": ""2 - 0"", ""pct"": 15.590000000000002}, {""score"": ""0 - 0"", ""pct"": 9.29}]"
Argentina,Netherlands,Neutral,1.499,0.936,50.3,27.7,22.0,50.4,7.8,9.4,22.4,4.0,5.9,67.6,32.4,"[{""score"": ""1 - 0"", ""pct"": 13.530000000000001}, {""score"": ""1 - 1"", ""pct"": 12.540000000000001}, {""score"": ""2 - 0"", ""pct"": 9.65}]"
Argentina,United States,Neutral,2.057,0.577,72.3,19.1,8.5,71.7,7.1,8.3,8.9,1.6,2.3,87.2,12.8,"[{""score"": ""1 - 0"", ""pct"": 15.160000000000002}, {""score"": ""2 - 0"", ""pct"": 14.69}, {""score"": ""3 - 0"", ""pct"": 10.23}]"
Argentina,Haiti,Neutral,3.53,0.384,92.8,5.8,1.3,93.3,3.1,2.1,1.1,0.2,0.2,98.5,1.5,"[{""score"": ""3 - 0"", ""pct"": 14.75}, {""score"": ""4 - 0"", ""pct"": 12.47}, {""score"": ""2 - 0"", ""pct"": 12.22}]"
Argentina,Germany,Neutral,1.594,1.03,50.2,26.3,23.5,50.1,7.5,8.7,23.6,4.3,5.8,66.2,33.8,"[{""score"": ""1 - 1"", ""pct"": 12.049999999999999}, {""score"": ""1 - 0"", ""pct"": 11.91}, {""score"": ""2 - 1"", ""pct"": 9.520000000000001}]"
Argentina,Algeria,Neutral,1.996,0.647,70.0,20.0,10.0,68.8,7.7,8.1,10.3,2.5,2.5,84.6,15.3,"[{""score"": ""1 - 0"", ""pct"": 14.71}, {""score"": ""2 - 0"", ""pct"": 13.389999999999999}, {""score"": ""1 - 1"", ""pct"": 9.13}]"
Argentina,Bosnia and Herzegovina,Neutral,2.493,0.478,82.6,13.0,4.5,82.0,5.7,6.0,4.4,0.9,1.0,93.7,6.3,"[{""score"": ""2 - 0"", ""pct"": 16.28}, {""score"": ""3 - 0"", ""pct"": 13.459999999999999}, {""score"": ""1 - 0"", ""pct"": 13.4}]"
Argentina,Brazil,Neutral,1.074,1.011,36.0,31.2,32.8,35.9,6.2,10.4,31.9,5.6,10.0,52.5,47.5,"[{""score"": ""0 - 0"", ""pct"": 13.44}, {""score"": ""1 - 1"", ""pct"": 13.320000000000002}, {""score"": ""1 - 0"", ""pct"": 13.15}]"
Argentina,Colombia,Neutral,1.247,0.812,46.1,31.0,22.8,46.5,7.4,10.8,23.7,4.3,7.3,64.7,35.3,"[{""score"": ""1 - 0"", ""pct"": 15.83}, {""score"": ""0 - 0"", ""pct"": 13.99}, {""score"": ""1 - 1"", ""pct"": 13.03}]"
Argentina,Uzbekistan,Neutral,1.933,0.437,73.0,20.5,6.5,73.4,7.1,8.9,7.1,1.2,2.4,89.3,10.7,"[{""score"": ""1 - 0"", ""pct"": 17.97}, {""score"": ""2 - 0"", ""pct"": 16.59}, {""score"": ""0 - 0"", ""pct"": 10.54}]"
Argentina,Scotland,Neutral,1.939,0.593,70.0,20.5,9.6,69.5,7.2,9.3,9.5,2.0,2.5,86.0,14.0,"[{""score"": ""1 - 0"", ""pct"": 15.18}, {""score"": ""2 - 0"", ""pct"": 14.91}, {""score"": ""3 - 0"", ""pct"": 9.81}]"
Argentina,Spain,Neutral,1.103,1.107,34.7,30.3,35.0,35.3,5.8,9.5,34.4,6.3,8.7,50.6,49.4,"[{""score"": ""1 - 1"", ""pct"": 13.16}, {""score"": ""1 - 0"", ""pct"": 12.33}, {""score"": ""0 - 1"", ""pct"": 12.3}]"
Argentina,Senegal,Neutral,1.534,0.578,61.6,25.4,13.0,61.6,7.6,11.4,12.3,2.5,4.5,80.7,19.3,"[{""score"": ""1 - 0"", ""pct"": 19.33}, {""score"": ""2 - 0"", ""pct"": 13.68}, {""score"": ""0 - 0"", ""pct"": 12.41}]"
Argentina,Canada,Neutral,1.957,0.523,72.0,19.6,8.5,71.9,7.6,8.8,7.9,1.8,2.1,88.3,11.7,"[{""score"": ""1 - 0"", ""pct"": 16.869999999999997}, {""score"": ""2 - 0"", ""pct"": 15.82}, {""score"": ""3 - 0"", ""pct"": 9.959999999999999}]"
Argentina,England,Neutral,1.045,0.892,38.0,32.0,29.9,37.3,6.6,11.5,28.9,5.5,10.3,55.3,44.7,"[{""score"": ""0 - 0"", ""pct"": 15.459999999999999}, {""score"": ""1 - 0"", ""pct"": 14.899999999999999}, {""score"": ""0 - 1"", ""pct"": 13.0}]"
Argentina,Tunisia,Neutral,1.73,0.471,68.7,22.9,8.4,68.7,7.4,10.5,8.9,1.8,2.8,86.6,13.4,"[{""score"": ""1 - 0"", ""pct"": 19.34}, {""score"": ""2 - 0"", ""pct"": 15.939999999999998}, {""score"": ""0 - 0"", ""pct"": 12.23}]"
Argentina,Turkey,Neutral,2.006,0.711,68.7,20.3,11.0,68.2,7.0,8.1,10.9,2.4,3.3,83.4,16.6,"[{""score"": ""1 - 0"", ""pct"": 13.79}, {""score"": ""2 - 0"", ""pct"": 13.51}, {""score"": ""2 - 1"", ""pct"": 9.71}]"
Argentina,Morocco,Neutral,1.159,0.614,48.6,32.5,18.9,49.1,7.8,13.9,18.4,3.8,7.1,70.7,29.3,"[{""score"": ""1 - 0"", ""pct"": 20.04}, {""score"": ""0 - 0"", ""pct"": 17.8}, {""score"": ""1 - 1"", ""pct"": 12.19}]"
Argentina,Mexico,Neutral,1.6,0.573,63.6,24.8,11.5,62.2,7.8,11.6,11.4,2.8,4.2,81.6,18.4,"[{""score"": ""1 - 0"", ""pct"": 19.07}, {""score"": ""2 - 0"", ""pct"": 14.299999999999999}, {""score"": ""0 - 0"", ""pct"": 11.89}]"
Argentina,DR Congo,Neutral,1.987,0.413,74.8,19.4,5.8,75.1,6.8,9.2,5.9,1.2,1.8,91.1,8.9,"[{""score"": ""1 - 0"", ""pct"": 18.2}, {""score"": ""2 - 0"", ""pct"": 17.91}, {""score"": ""3 - 0"", ""pct"": 10.86}]"
Argentina,Norway,Neutral,1.801,0.765,62.9,22.8,14.3,62.3,7.4,8.8,14.6,2.9,4.0,78.6,21.4,"[{""score"": ""1 - 0"", ""pct"": 13.73}, {""score"": ""2 - 0"", ""pct"": 12.27}, {""score"": ""1 - 1"", ""pct"": 10.4}]"
Argentina,Japan,Neutral,1.633,0.683,60.2,25.5,14.3,60.4,7.7,10.5,14.1,2.6,4.6,78.6,21.4,"[{""score"": ""1 - 0"", ""pct"": 16.39}, {""score"": ""2 - 0"", ""pct"": 12.770000000000001}, {""score"": ""1 - 1"", ""pct"": 11.09}]"
Argentina,Qatar,Neutral,3.186,0.431,90.6,7.6,1.9,90.1,4.1,2.8,2.1,0.4,0.5,97.0,3.0,"[{""score"": ""3 - 0"", ""pct"": 14.16}, {""score"": ""2 - 0"", ""pct"": 14.01}, {""score"": ""4 - 0"", ""pct"": 11.37}]"
Argentina,Czech Republic,Neutral,1.987,0.605,70.7,19.9,9.3,71.4,7.1,8.0,9.3,1.7,2.6,86.5,13.5,"[{""score"": ""1 - 0"", ""pct"": 15.55}, {""score"": ""2 - 0"", ""pct"": 14.93}, {""score"": ""3 - 0"", ""pct"": 9.54}]"
Argentina,France,Neutral,1.192,0.917,41.3,31.0,27.7,41.2,6.7,10.1,28.3,5.1,8.6,58.0,42.0,"[{""score"": ""1 - 0"", ""pct"": 14.69}, {""score"": ""1 - 1"", ""pct"": 13.370000000000001}, {""score"": ""0 - 0"", ""pct"": 13.25}]"
Argentina,Portugal,Neutral,1.262,0.963,42.4,30.8,26.9,42.4,6.9,10.0,27.9,5.1,7.8,59.3,40.7,"[{""score"": ""1 - 1"", ""pct"": 13.77}, {""score"": ""1 - 0"", ""pct"": 13.459999999999999}, {""score"": ""0 - 0"", ""pct"": 12.21}]"
Argentina,Curaçao,Neutral,3.874,0.288,96.0,3.5,0.5,95.7,2.2,1.2,0.7,0.1,0.1,99.1,0.9,"[{""score"": ""3 - 0"", ""pct"": 15.57}, {""score"": ""4 - 0"", ""pct"": 14.97}, {""score"": ""2 - 0"", ""pct"": 11.799999999999999}]"
Argentina,Cape Verde,Neutral,2.477,0.362,84.6,12.3,3.1,84.9,5.4,5.4,2.9,0.7,0.7,95.7,4.3,"[{""score"": ""2 - 0"", ""pct"": 18.360000000000003}, {""score"": ""1 - 0"", ""pct"": 15.39}, {""score"": ""3 - 0"", ""pct"": 14.48}]"
Argentina,Panama,Neutral,2.647,0.436,86.1,10.5,3.4,85.5,5.4,4.7,3.2,0.6,0.7,95.6,4.5,"[{""score"": ""2 - 0"", ""pct"": 16.73}, {""score"": ""3 - 0"", ""pct"": 14.39}, {""score"": ""1 - 0"", ""pct"": 13.200000000000001}]"
Argentina,Ecuador,Neutral,1.29,0.605,52.7,30.6,16.7,52.7,7.5,13.4,16.4,3.6,6.4,73.6,26.4,"[{""score"": ""1 - 0"", ""pct"": 19.67}, {""score"": ""0 - 0"", ""pct"": 15.909999999999998}, {""score"": ""2 - 0"", ""pct"": 12.24}]"
Argentina,Egypt,Neutral,1.74,0.482,68.6,22.6,8.8,68.2,7.4,10.3,9.2,1.9,2.9,86.0,14.0,"[{""score"": ""1 - 0"", ""pct"": 18.509999999999998}, {""score"": ""2 - 0"", ""pct"": 16.55}, {""score"": ""0 - 0"", ""pct"": 11.64}]"
Argentina,Uruguay,Neutral,1.26,0.705,49.4,31.0,19.6,49.8,7.8,12.3,19.2,3.9,7.0,70.0,30.0,"[{""score"": ""1 - 0"", ""pct"": 17.94}, {""score"": ""0 - 0"", ""pct"": 15.28}, {""score"": ""1 - 1"", ""pct"": 12.32}]"
Argentina,Croatia,Neutral,1.492,0.753,54.9,27.2,17.9,55.4,7.1,11.4,17.3,3.5,5.3,74.0,26.0,"[{""score"": ""1 - 0"", ""pct"": 15.879999999999999}, {""score"": ""1 - 1"", ""pct"": 12.06}, {""score"": ""2 - 0"", ""pct"": 11.4}]"
Argentina,Ivory Coast,Neutral,1.751,0.525,68.4,22.0,9.6,67.5,7.7,10.3,9.6,1.9,3.0,85.5,14.5,"[{""score"": ""1 - 0"", ""pct"": 18.990000000000002}, {""score"": ""2 - 0"", ""pct"": 16.439999999999998}, {""score"": ""0 - 0"", ""pct"": 11.01}]"
Argentina,Saudi Arabia,Neutral,2.28,0.381,81.6,14.2,4.2,80.9,6.2,6.9,4.1,0.7,1.2,93.9,6.1,"[{""score"": ""2 - 0"", ""pct"": 18.490000000000002}, {""score"": ""1 - 0"", ""pct"": 16.99}, {""score"": ""3 - 0"", ""pct"": 13.52}]"
Argentina,South Africa,Neutral,2.254,0.412,80.1,15.3,4.6,80.4,6.3,7.0,4.4,0.9,1.0,93.7,6.3,"[{""score"": ""2 - 0"", ""pct"": 18.22}, {""score"": ""1 - 0"", ""pct"": 15.950000000000001}, {""score"": ""3 - 0"", ""pct"": 12.5}]"
Argentina,New Zealand,Neutral,2.512,0.298,86.4,11.2,2.4,86.2,5.1,5.3,2.5,0.4,0.6,96.5,3.5,"[{""score"": ""2 - 0"", ""pct"": 18.740000000000002}, {""score"": ""3 - 0"", ""pct"": 16.11}, {""score"": ""1 - 0"", ""pct"": 15.409999999999998}]"
Argentina,Belgium,Neutral,1.467,0.906,49.9,28.1,22.0,50.1,7.0,10.2,22.0,4.3,6.3,67.4,32.6,"[{""score"": ""1 - 0"", ""pct"": 14.030000000000001}, {""score"": ""1 - 1"", ""pct"": 12.61}, {""score"": ""0 - 0"", ""pct"": 10.47}]"
England,Austria,Neutral,1.703,0.762,59.8,24.8,15.4,60.3,7.5,9.7,15.0,2.9,4.5,77.6,22.5,"[{""score"": ""1 - 0"", ""pct"": 14.71}, {""score"": ""2 - 0"", ""pct"": 12.09}, {""score"": ""1 - 1"", ""pct"": 10.65}]"
England,Iran,Neutral,1.626,0.646,61.8,24.8,13.3,60.6,7.8,11.0,13.8,2.7,4.2,79.4,20.6,"[{""score"": ""1 - 0"", ""pct"": 17.27}, {""score"": ""2 - 0"", ""pct"": 13.69}, {""score"": ""0 - 0"", ""pct"": 11.26}]"
England,Iraq,Neutral,2.224,0.414,79.5,16.0,4.6,79.9,6.2,6.9,4.8,0.8,1.3,93.1,6.9,"[{""score"": ""2 - 0"", ""pct"": 17.59}, {""score"": ""1 - 0"", ""pct"": 16.64}, {""score"": ""3 - 0"", ""pct"": 12.4}]"
England,Jordan,Neutral,2.456,0.5,82.0,13.5,4.5,80.9,6.5,5.9,4.5,1.1,1.1,93.3,6.7,"[{""score"": ""2 - 0"", ""pct"": 15.840000000000002}, {""score"": ""1 - 0"", ""pct"": 14.08}, {""score"": ""3 - 0"", ""pct"": 12.379999999999999}]"
England,Ghana,Neutral,2.2,0.504,76.7,17.1,6.2,76.5,7.3,7.4,6.2,1.0,1.5,91.2,8.8,"[{""score"": ""2 - 0"", ""pct"": 16.37}, {""score"": ""1 - 0"", ""pct"": 15.2}, {""score"": ""3 - 0"", ""pct"": 11.06}]"
England,Australia,Neutral,1.656,0.641,61.5,25.1,13.5,61.9,7.5,10.9,13.0,2.7,4.1,80.2,19.8,"[{""score"": ""1 - 0"", ""pct"": 16.85}, {""score"": ""2 - 0"", ""pct"": 13.61}, {""score"": ""0 - 0"", ""pct"": 11.62}]"
England,Sweden,Neutral,1.88,0.795,63.3,22.6,14.1,63.8,7.4,9.2,13.7,2.6,3.4,80.3,19.7,"[{""score"": ""1 - 0"", ""pct"": 13.34}, {""score"": ""2 - 0"", ""pct"": 11.75}, {""score"": ""2 - 1"", ""pct"": 9.969999999999999}]"
England,Paraguay,Neutral,1.568,0.594,61.4,25.9,12.7,61.8,7.8,11.4,12.2,2.5,4.2,81.1,18.9,"[{""score"": ""1 - 0"", ""pct"": 18.65}, {""score"": ""2 - 0"", ""pct"": 13.74}, {""score"": ""0 - 0"", ""pct"": 12.27}]"
England,Switzerland,Neutral,1.566,0.87,53.0,27.0,20.0,53.7,7.7,9.9,19.5,4.0,5.2,71.2,28.8,"[{""score"": ""1 - 0"", ""pct"": 13.87}, {""score"": ""1 - 1"", ""pct"": 12.15}, {""score"": ""2 - 0"", ""pct"": 10.11}]"
England,South Korea,Neutral,1.81,0.622,66.4,22.3,11.3,67.7,6.8,9.0,11.1,1.9,3.4,83.5,16.5,"[{""score"": ""1 - 0"", ""pct"": 15.78}, {""score"": ""2 - 0"", ""pct"": 14.62}, {""score"": ""1 - 1"", ""pct"": 9.55}]"
England,Netherlands,Neutral,1.452,1.062,45.7,27.8,26.5,45.8,7.5,9.2,26.0,4.8,6.8,62.5,37.5,"[{""score"": ""1 - 1"", ""pct"": 12.44}, {""score"": ""1 - 0"", ""pct"": 12.43}, {""score"": ""0 - 0"", ""pct"": 9.26}]"
England,United States,Neutral,1.992,0.654,70.3,20.0,9.8,69.9,7.4,8.0,10.1,1.9,2.7,85.3,14.7,"[{""score"": ""2 - 0"", ""pct"": 14.57}, {""score"": ""1 - 0"", ""pct"": 14.469999999999999}, {""score"": ""2 - 1"", ""pct"": 9.31}]"
England,Haiti,Neutral,3.418,0.436,91.7,6.7,1.6,91.8,3.6,2.3,1.7,0.3,0.3,97.7,2.3,"[{""score"": ""3 - 0"", ""pct"": 14.12}, {""score"": ""2 - 0"", ""pct"": 12.370000000000001}, {""score"": ""4 - 0"", ""pct"": 12.049999999999999}]"
England,Germany,Neutral,1.544,1.169,45.9,25.8,28.3,45.3,6.7,8.3,28.4,4.9,6.4,60.3,39.7,"[{""score"": ""1 - 1"", ""pct"": 11.97}, {""score"": ""1 - 0"", ""pct"": 10.61}, {""score"": ""2 - 1"", ""pct"": 9.4}]"
England,Algeria,Neutral,1.933,0.735,66.2,21.8,11.9,66.3,7.2,8.4,12.5,2.2,3.3,82.0,18.0,"[{""score"": ""1 - 0"", ""pct"": 13.56}, {""score"": ""2 - 0"", ""pct"": 13.239999999999998}, {""score"": ""1 - 1"", ""pct"": 9.55}]"
England,Bosnia and Herzegovina,Neutral,2.415,0.542,79.3,15.2,5.5,80.0,6.2,5.7,5.7,1.1,1.4,91.8,8.2,"[{""score"": ""2 - 0"", ""pct"": 14.99}, {""score"": ""1 - 0"", ""pct"": 12.76}, {""score"": ""3 - 0"", ""pct"": 11.76}]"
England,Brazil,Neutral,1.04,1.147,31.6,30.5,37.9,32.0,5.6,9.3,37.5,6.2,9.4,46.9,53.1,"[{""score"": ""1 - 1"", ""pct"": 13.01}, {""score"": ""0 - 0"", ""pct"": 12.770000000000001}, {""score"": ""0 - 1"", ""pct"": 12.740000000000002}]"
England,Colombia,Neutral,1.208,0.921,41.2,31.7,27.2,42.0,6.7,10.6,28.0,4.6,8.2,59.2,40.8,"[{""score"": ""1 - 0"", ""pct"": 14.34}, {""score"": ""1 - 1"", ""pct"": 13.88}, {""score"": ""0 - 0"", ""pct"": 13.41}]"
England,Uzbekistan,Neutral,1.872,0.496,70.6,21.5,7.9,71.0,7.0,9.2,8.3,1.7,2.8,87.2,12.8,"[{""score"": ""1 - 0"", ""pct"": 18.01}, {""score"": ""2 - 0"", ""pct"": 15.93}, {""score"": ""0 - 0"", ""pct"": 10.34}]"
England,Scotland,Neutral,1.878,0.673,66.3,22.2,11.5,67.0,7.1,9.0,11.5,2.1,3.2,83.1,16.9,"[{""score"": ""1 - 0"", ""pct"": 15.17}, {""score"": ""2 - 0"", ""pct"": 13.8}, {""score"": ""1 - 1"", ""pct"": 9.92}]"
England,Spain,Neutral,1.068,1.256,30.1,29.3,40.5,30.3,5.4,7.8,40.5,6.5,9.5,43.5,56.5,"[{""score"": ""0 - 1"", ""pct"": 13.59}, {""score"": ""1 - 1"", ""pct"": 13.239999999999998}, {""score"": ""0 - 0"", ""pct"": 10.52}]"
England,Senegal,Neutral,1.486,0.655,58.4,27.0,14.6,57.9,7.7,11.2,14.9,3.2,5.1,76.8,23.2,"[{""score"": ""1 - 0"", ""pct"": 17.77}, {""score"": ""2 - 0"", ""pct"": 12.86}, {""score"": ""0 - 0"", ""pct"": 12.4}]"
England,Canada,Neutral,1.896,0.594,68.7,21.1,10.2,68.9,7.7,9.0,9.9,1.9,2.6,85.6,14.4,"[{""score"": ""1 - 0"", ""pct"": 15.85}, {""score"": ""2 - 0"", ""pct"": 14.97}, {""score"": ""0 - 0"", ""pct"": 9.1}]"
England,Argentina,Neutral,0.892,1.045,29.2,33.5,37.2,29.2,5.2,10.0,37.0,6.3,12.3,44.5,55.5,"[{""score"": ""0 - 0"", ""pct"": 15.82}, {""score"": ""0 - 1"", ""pct"": 15.079999999999998}, {""score"": ""1 - 1"", ""pct"": 13.76}]"
England,Tunisia,Neutral,1.675,0.535,66.2,23.5,10.3,66.1,7.9,10.4,10.5,2.0,3.2,84.3,15.7,"[{""score"": ""1 - 0"", ""pct"": 18.14}, {""score"": ""2 - 0"", ""pct"": 15.32}, {""score"": ""0 - 0"", ""pct"": 11.34}]"
England,Turkey,Neutral,1.943,0.806,64.9,21.4,13.7,64.6,7.4,8.4,13.5,2.7,3.3,80.4,19.6,"[{""score"": ""1 - 0"", ""pct"": 13.389999999999999}, {""score"": ""2 - 0"", ""pct"": 11.75}, {""score"": ""2 - 1"", ""pct"": 10.0}]"
England,Morocco,Neutral,1.122,0.696,45.3,32.9,21.8,44.9,7.3,13.4,21.9,4.2,8.2,65.6,34.4,"[{""score"": ""1 - 0"", ""pct"": 18.22}, {""score"": ""0 - 0"", ""pct"": 17.21}, {""score"": ""1 - 1"", ""pct"": 12.42}]"
England,Mexico,Neutral,1.549,0.65,60.0,26.3,13.7,58.8,7.6,10.5,15.0,2.9,5.1,76.9,23.1,"[{""score"": ""1 - 0"", ""pct"": 18.04}, {""score"": ""2 - 0"", ""pct"": 12.94}, {""score"": ""0 - 0"", ""pct"": 12.43}]"
England,DR Congo,Neutral,1.924,0.469,72.8,20.2,7.0,73.0,7.6,8.9,6.9,1.5,2.2,89.5,10.5,"[{""score"": ""1 - 0"", ""pct"": 17.740000000000002}, {""score"": ""2 - 0"", ""pct"": 16.669999999999998}, {""score"": ""3 - 0"", ""pct"": 10.489999999999998}]"
England,Norway,Neutral,1.745,0.868,58.2,24.6,17.2,59.0,7.6,8.6,17.1,3.3,4.5,75.1,24.9,"[{""score"": ""1 - 0"", ""pct"": 13.719999999999999}, {""score"": ""1 - 1"", ""pct"": 11.25}, {""score"": ""2 - 0"", ""pct"": 11.03}]"
England,Japan,Neutral,1.581,0.775,56.9,26.4,16.8,56.6,7.3,10.6,16.9,3.3,5.2,74.6,25.4,"[{""score"": ""1 - 0"", ""pct"": 15.340000000000002}, {""score"": ""1 - 1"", ""pct"": 11.48}, {""score"": ""2 - 0"", ""pct"": 11.200000000000001}]"
England,Qatar,Neutral,3.085,0.489,88.6,8.7,2.7,88.0,4.6,3.4,2.9,0.5,0.6,96.0,4.0,"[{""score"": ""3 - 0"", ""pct"": 13.88}, {""score"": ""2 - 0"", ""pct"": 13.83}, {""score"": ""4 - 0"", ""pct"": 10.639999999999999}]"
England,Czech Republic,Neutral,1.925,0.686,67.3,21.3,11.4,67.0,8.1,8.4,11.5,2.2,2.8,83.6,16.4,"[{""score"": ""1 - 0"", ""pct"": 14.469999999999999}, {""score"": ""2 - 0"", ""pct"": 13.66}, {""score"": ""2 - 1"", ""pct"": 9.31}]"
England,France,Neutral,1.154,1.04,36.7,31.0,32.3,37.9,6.5,9.2,31.9,5.8,8.6,53.6,46.4,"[{""score"": ""1 - 1"", ""pct"": 13.81}, {""score"": ""1 - 0"", ""pct"": 12.42}, {""score"": ""0 - 0"", ""pct"": 12.34}]"
England,Portugal,Neutral,1.222,1.093,38.0,29.9,32.2,39.2,6.7,8.7,31.7,5.9,7.7,54.7,45.3,"[{""score"": ""1 - 1"", ""pct"": 13.41}, {""score"": ""1 - 0"", ""pct"": 11.959999999999999}, {""score"": ""0 - 0"", ""pct"": 11.020000000000001}]"
England,Curaçao,Neutral,3.752,0.327,95.2,4.0,0.8,95.0,2.4,1.4,0.8,0.2,0.1,98.9,1.1,"[{""score"": ""3 - 0"", ""pct"": 15.42}, {""score"": ""4 - 0"", ""pct"": 13.59}, {""score"": ""2 - 0"", ""pct"": 12.389999999999999}]"
England,Cape Verde,Neutral,2.399,0.411,82.7,13.3,4.0,82.8,5.9,5.7,3.7,0.8,1.0,94.4,5.6,"[{""score"": ""2 - 0"", ""pct"": 18.15}, {""score"": ""1 - 0"", ""pct"": 15.02}, {""score"": ""3 - 0"", ""pct"": 13.54}]"
England,Panama,Neutral,2.564,0.494,82.9,12.6,4.5,83.0,5.6,5.2,4.2,0.9,1.0,93.9,6.1,"[{""score"": ""2 - 0"", ""pct"": 15.73}, {""score"": ""3 - 0"", ""pct"": 12.93}, {""score"": ""1 - 0"", ""pct"": 12.5}]"
England,Ecuador,Neutral,1.25,0.687,50.0,30.9,19.1,49.4,8.0,13.0,19.1,3.7,6.8,70.4,29.6,"[{""score"": ""1 - 0"", ""pct"": 18.66}, {""score"": ""0 - 0"", ""pct"": 15.290000000000001}, {""score"": ""1 - 1"", ""pct"": 12.34}]"
England,Egypt,Neutral,1.685,0.547,66.0,23.8,10.2,64.8,7.6,11.2,10.8,2.2,3.4,83.6,16.4,"[{""score"": ""1 - 0"", ""pct"": 18.8}, {""score"": ""2 - 0"", ""pct"": 15.28}, {""score"": ""0 - 0"", ""pct"": 11.360000000000001}]"
England,Uruguay,Neutral,1.221,0.8,45.0,31.6,23.4,45.2,7.6,11.3,23.5,4.6,7.7,64.2,35.8,"[{""score"": ""1 - 0"", ""pct"": 16.42}, {""score"": ""0 - 0"", ""pct"": 14.74}, {""score"": ""1 - 1"", ""pct"": 13.23}]"
England,Croatia,Neutral,1.445,0.854,51.6,27.2,21.2,52.2,6.6,10.3,21.1,4.3,5.6,69.0,30.9,"[{""score"": ""1 - 0"", ""pct"": 14.979999999999999}, {""score"": ""1 - 1"", ""pct"": 12.07}, {""score"": ""0 - 0"", ""pct"": 10.72}]"
England,Ivory Coast,Neutral,1.695,0.595,64.5,23.8,11.6,64.4,7.8,10.3,11.2,2.5,3.9,82.4,17.6,"[{""score"": ""1 - 0"", ""pct"": 17.95}, {""score"": ""2 - 0"", ""pct"": 14.69}, {""score"": ""0 - 0"", ""pct"": 10.76}]"
England,Saudi Arabia,Neutral,2.208,0.433,79.4,15.7,4.9,79.0,6.3,6.9,5.4,1.0,1.4,92.2,7.8,"[{""score"": ""2 - 0"", ""pct"": 17.330000000000002}, {""score"": ""1 - 0"", ""pct"": 16.7}, {""score"": ""3 - 0"", ""pct"": 12.45}]"
England,South Africa,Neutral,2.183,0.467,78.2,16.2,5.5,77.4,6.4,7.5,5.9,1.3,1.6,91.3,8.7,"[{""score"": ""2 - 0"", ""pct"": 17.1}, {""score"": ""1 - 0"", ""pct"": 16.21}, {""score"": ""3 - 0"", ""pct"": 12.08}]"
England,New Zealand,Neutral,2.432,0.338,85.1,12.0,2.9,84.2,5.5,5.7,3.2,0.6,0.9,95.4,4.6,"[{""score"": ""2 - 0"", ""pct"": 18.98}, {""score"": ""1 - 0"", ""pct"": 16.06}, {""score"": ""3 - 0"", ""pct"": 14.09}]"
England,Belgium,Neutral,1.421,1.029,45.2,28.7,26.0,45.4,6.9,9.3,26.6,4.5,7.3,61.6,38.4,"[{""score"": ""1 - 1"", ""pct"": 12.839999999999998}, {""score"": ""1 - 0"", ""pct"": 12.09}, {""score"": ""0 - 0"", ""pct"": 10.2}]"
Tunisia,Austria,Neutral,0.9,1.261,25.9,29.7,44.4,25.8,5.0,7.4,43.4,7.1,11.3,38.3,61.7,"[{""score"": ""0 - 1"", ""pct"": 14.760000000000002}, {""score"": ""1 - 1"", ""pct"": 13.25}, {""score"": ""0 - 0"", ""pct"": 12.25}]"
Tunisia,Iran,Neutral,0.859,1.069,27.7,31.9,40.5,27.3,4.8,9.2,40.1,6.9,11.8,41.2,58.8,"[{""score"": ""0 - 1"", ""pct"": 16.14}, {""score"": ""0 - 0"", ""pct"": 15.39}, {""score"": ""1 - 1"", ""pct"": 12.7}]"
Tunisia,Iraq,Neutral,1.175,0.686,47.4,32.4,20.1,47.8,6.8,13.3,20.2,3.7,8.2,67.8,32.2,"[{""score"": ""1 - 0"", ""pct"": 18.240000000000002}, {""score"": ""0 - 0"", ""pct"": 16.8}, {""score"": ""1 - 1"", ""pct"": 12.76}]"
Tunisia,Jordan,Neutral,1.298,0.828,48.1,29.7,22.1,47.6,7.2,11.2,22.6,4.3,7.1,66.0,34.0,"[{""score"": ""1 - 0"", ""pct"": 16.25}, {""score"": ""0 - 0"", ""pct"": 12.770000000000001}, {""score"": ""1 - 1"", ""pct"": 12.629999999999999}]"
Tunisia,Ghana,Neutral,1.162,0.833,43.4,31.8,24.8,43.7,6.8,11.9,24.4,4.4,8.8,62.4,37.6,"[{""score"": ""1 - 0"", ""pct"": 16.08}, {""score"": ""0 - 0"", ""pct"": 15.110000000000001}, {""score"": ""1 - 1"", ""pct"": 12.53}]"
Tunisia,Australia,Neutral,0.875,1.061,28.5,33.1,38.4,27.7,5.5,9.6,38.8,6.3,12.1,42.8,57.2,"[{""score"": ""0 - 0"", ""pct"": 15.299999999999999}, {""score"": ""0 - 1"", ""pct"": 14.899999999999999}, {""score"": ""1 - 1"", ""pct"": 13.900000000000002}]"
Tunisia,Sweden,Neutral,0.993,1.315,27.1,29.4,43.5,27.1,4.7,7.4,44.1,7.2,9.5,39.1,60.9,"[{""score"": ""0 - 1"", ""pct"": 13.389999999999999}, {""score"": ""1 - 1"", ""pct"": 13.07}, {""score"": ""0 - 0"", ""pct"": 10.979999999999999}]"
Tunisia,Paraguay,Neutral,0.828,0.982,28.6,34.6,36.8,28.0,5.4,10.2,37.7,6.4,12.3,43.6,56.4,"[{""score"": ""0 - 0"", ""pct"": 17.52}, {""score"": ""0 - 1"", ""pct"": 15.75}, {""score"": ""1 - 1"", ""pct"": 13.59}]"
Tunisia,Switzerland,Neutral,0.827,1.44,20.9,28.1,50.9,21.1,3.8,5.9,51.5,7.2,10.5,30.8,69.2,"[{""score"": ""0 - 1"", ""pct"": 15.24}, {""score"": ""1 - 1"", ""pct"": 12.4}, {""score"": ""0 - 0"", ""pct"": 11.129999999999999}]"
Tunisia,South Korea,Neutral,0.956,1.029,32.5,32.6,34.9,32.1,5.3,9.9,36.0,6.2,10.5,47.3,52.7,"[{""score"": ""0 - 0"", ""pct"": 14.680000000000001}, {""score"": ""1 - 1"", ""pct"": 14.000000000000002}, {""score"": ""0 - 1"", ""pct"": 13.719999999999999}]"
Tunisia,Netherlands,Neutral,0.767,1.758,14.5,25.1,60.4,15.0,2.7,4.2,61.5,7.1,9.4,21.9,78.1,"[{""score"": ""0 - 1"", ""pct"": 14.34}, {""score"": ""0 - 2"", ""pct"": 11.99}, {""score"": ""1 - 1"", ""pct"": 10.73}]"
Tunisia,United States,Neutral,1.053,1.083,34.1,30.9,35.0,33.3,5.9,9.2,35.8,5.7,10.2,48.4,51.6,"[{""score"": ""1 - 1"", ""pct"": 13.25}, {""score"": ""0 - 0"", ""pct"": 13.16}, {""score"": ""1 - 0"", ""pct"": 12.16}]"
Tunisia,Haiti,Neutral,1.806,0.721,63.5,23.4,13.0,63.6,7.6,8.9,13.6,2.6,3.7,80.1,19.9,"[{""score"": ""1 - 0"", ""pct"": 14.84}, {""score"": ""2 - 0"", ""pct"": 12.31}, {""score"": ""1 - 1"", ""pct"": 10.18}]"
Tunisia,Germany,Neutral,0.816,1.935,13.2,22.0,64.8,14.1,2.8,3.5,64.3,7.1,8.2,20.4,79.6,"[{""score"": ""0 - 1"", ""pct"": 13.26}, {""score"": ""0 - 2"", ""pct"": 12.1}, {""score"": ""1 - 2"", ""pct"": 10.11}]"
Tunisia,Algeria,Neutral,1.021,1.216,30.5,30.4,39.1,29.8,5.6,8.0,39.7,7.2,9.7,43.4,56.6,"[{""score"": ""1 - 1"", ""pct"": 13.719999999999999}, {""score"": ""0 - 1"", ""pct"": 12.509999999999998}, {""score"": ""0 - 0"", ""pct"": 11.559999999999999}]"
Tunisia,Bosnia and Herzegovina,Neutral,1.276,0.897,45.1,30.7,24.2,43.7,6.9,10.6,26.3,4.7,7.7,61.3,38.7,"[{""score"": ""1 - 0"", ""pct"": 14.799999999999999}, {""score"": ""1 - 1"", ""pct"": 13.07}, {""score"": ""0 - 0"", ""pct"": 12.959999999999999}]"
Tunisia,Brazil,Neutral,0.549,1.898,9.3,20.2,70.5,9.0,1.7,2.6,69.9,7.5,9.2,13.4,86.6,"[{""score"": ""0 - 1"", ""pct"": 17.7}, {""score"": ""0 - 2"", ""pct"": 15.299999999999999}, {""score"": ""0 - 3"", ""pct"": 9.75}]"
Tunisia,Colombia,Neutral,0.638,1.524,14.6,26.2,59.2,14.5,2.9,4.8,58.5,8.1,11.2,22.2,77.8,"[{""score"": ""0 - 1"", ""pct"": 18.029999999999998}, {""score"": ""0 - 2"", ""pct"": 12.98}, {""score"": ""0 - 0"", ""pct"": 12.57}]"
Tunisia,Uzbekistan,Neutral,0.989,0.821,37.2,34.8,28.1,38.0,5.9,12.3,28.1,5.2,10.4,56.2,43.8,"[{""score"": ""0 - 0"", ""pct"": 17.4}, {""score"": ""1 - 0"", ""pct"": 15.540000000000001}, {""score"": ""1 - 1"", ""pct"": 13.96}]"
Tunisia,Scotland,Neutral,0.992,1.113,31.4,31.1,37.5,30.9,5.5,9.1,38.1,6.1,10.2,45.6,54.4,"[{""score"": ""1 - 1"", ""pct"": 13.8}, {""score"": ""0 - 1"", ""pct"": 13.77}, {""score"": ""0 - 0"", ""pct"": 12.75}]"
Tunisia,Spain,Neutral,0.564,2.079,7.7,18.1,74.2,7.7,1.3,2.3,74.0,6.9,7.8,11.3,88.7,"[{""score"": ""0 - 1"", ""pct"": 15.68}, {""score"": ""0 - 2"", ""pct"": 15.5}, {""score"": ""0 - 3"", ""pct"": 10.11}]"
Tunisia,Senegal,Neutral,0.785,1.085,25.1,33.5,41.4,25.0,5.0,8.6,41.3,6.9,13.1,38.7,61.3,"[{""score"": ""0 - 0"", ""pct"": 16.71}, {""score"": ""0 - 1"", ""pct"": 16.31}, {""score"": ""1 - 1"", ""pct"": 13.170000000000002}]"
Tunisia,Canada,Neutral,1.002,0.983,35.3,31.6,33.1,34.5,6.1,10.8,32.2,6.0,10.4,51.4,48.6,"[{""score"": ""0 - 0"", ""pct"": 14.64}, {""score"": ""1 - 0"", ""pct"": 14.49}, {""score"": ""0 - 1"", ""pct"": 13.459999999999999}]"
Tunisia,Argentina,Neutral,0.471,1.73,8.7,23.0,68.3,8.5,1.9,2.8,68.5,8.2,10.2,13.2,86.8,"[{""score"": ""0 - 1"", ""pct"": 19.97}, {""score"": ""0 - 2"", ""pct"": 16.17}, {""score"": ""0 - 0"", ""pct"": 12.42}]"
Tunisia,England,Neutral,0.535,1.675,10.3,23.7,66.0,10.4,2.0,3.3,65.0,8.3,10.9,15.8,84.2,"[{""score"": ""0 - 1"", ""pct"": 18.9}, {""score"": ""0 - 2"", ""pct"": 15.24}, {""score"": ""0 - 0"", ""pct"": 11.95}]"
Tunisia,Turkey,Neutral,1.027,1.334,28.1,29.6,42.4,27.0,5.1,7.8,43.0,6.8,10.3,39.9,60.1,"[{""score"": ""1 - 1"", ""pct"": 12.82}, {""score"": ""0 - 1"", ""pct"": 12.36}, {""score"": ""0 - 0"", ""pct"": 10.979999999999999}]"
Tunisia,Morocco,Neutral,0.593,1.152,17.7,33.6,48.7,18.0,3.6,7.8,49.1,7.5,14.0,29.3,70.7,"[{""score"": ""0 - 1"", ""pct"": 20.52}, {""score"": ""0 - 0"", ""pct"": 19.220000000000002}, {""score"": ""1 - 1"", ""pct"": 11.85}]"
Tunisia,Mexico,Neutral,0.819,1.076,26.3,32.3,41.4,26.6,4.9,9.5,40.8,6.8,11.4,40.9,59.1,"[{""score"": ""0 - 0"", ""pct"": 16.24}, {""score"": ""0 - 1"", ""pct"": 16.05}, {""score"": ""1 - 1"", ""pct"": 12.5}]"
Tunisia,DR Congo,Neutral,1.017,0.776,39.8,34.2,26.0,39.5,6.7,13.0,25.8,5.1,10.0,59.1,40.9,"[{""score"": ""0 - 0"", ""pct"": 17.7}, {""score"": ""1 - 0"", ""pct"": 16.2}, {""score"": ""1 - 1"", ""pct"": 13.370000000000001}]"
Tunisia,Norway,Neutral,0.922,1.437,23.8,28.2,48.0,22.7,4.2,6.4,49.3,7.2,10.2,33.3,66.7,"[{""score"": ""0 - 1"", ""pct"": 12.6}, {""score"": ""1 - 1"", ""pct"": 12.55}, {""score"": ""0 - 0"", ""pct"": 10.72}]"
Tunisia,Japan,Neutral,0.835,1.283,22.5,30.0,47.5,23.1,4.7,7.4,46.6,7.3,10.9,35.1,64.9,"[{""score"": ""0 - 1"", ""pct"": 15.1}, {""score"": ""0 - 0"", ""pct"": 13.3}, {""score"": ""1 - 1"", ""pct"": 12.520000000000001}]"
Tunisia,Qatar,Neutral,1.63,0.809,57.6,25.6,16.8,57.4,7.6,9.3,17.3,3.5,4.9,74.3,25.7,"[{""score"": ""1 - 0"", ""pct"": 15.190000000000001}, {""score"": ""2 - 0"", ""pct"": 11.41}, {""score"": ""1 - 1"", ""pct"": 11.4}]"
Tunisia,Czech Republic,Neutral,1.017,1.136,32.4,30.6,37.0,31.2,5.6,9.5,37.9,6.1,9.6,46.4,53.6,"[{""score"": ""1 - 1"", ""pct"": 13.5}, {""score"": ""0 - 1"", ""pct"": 12.989999999999998}, {""score"": ""0 - 0"", ""pct"": 12.26}]"
Tunisia,France,Neutral,0.61,1.722,11.7,23.6,64.7,11.5,2.0,3.7,64.6,8.2,10.0,17.2,82.8,"[{""score"": ""0 - 1"", ""pct"": 17.380000000000003}, {""score"": ""0 - 2"", ""pct"": 14.219999999999999}, {""score"": ""0 - 0"", ""pct"": 10.38}]"
Tunisia,Portugal,Neutral,0.646,1.808,11.6,23.0,65.4,11.2,2.4,3.2,65.7,7.6,9.9,16.8,83.2,"[{""score"": ""0 - 1"", ""pct"": 16.02}, {""score"": ""0 - 2"", ""pct"": 14.030000000000001}, {""score"": ""1 - 1"", ""pct"": 10.059999999999999}]"
Tunisia,Curaçao,Neutral,1.983,0.542,72.4,19.8,7.8,71.4,7.2,9.1,8.2,1.8,2.4,87.7,12.3,"[{""score"": ""1 - 0"", ""pct"": 16.3}, {""score"": ""2 - 0"", ""pct"": 15.78}, {""score"": ""3 - 0"", ""pct"": 9.8}]"
Tunisia,Cape Verde,Neutral,1.267,0.681,50.4,30.9,18.7,51.0,7.9,12.4,18.4,3.8,6.6,71.2,28.8,"[{""score"": ""1 - 0"", ""pct"": 18.11}, {""score"": ""0 - 0"", ""pct"": 15.17}, {""score"": ""1 - 1"", ""pct"": 12.49}]"
Tunisia,Panama,Neutral,1.355,0.818,48.7,29.7,21.6,48.9,7.2,11.6,21.7,4.3,6.3,67.7,32.3,"[{""score"": ""1 - 0"", ""pct"": 15.72}, {""score"": ""0 - 0"", ""pct"": 12.67}, {""score"": ""1 - 1"", ""pct"": 12.47}]"
Tunisia,Ecuador,Neutral,0.66,1.136,20.4,33.8,45.9,20.9,4.0,7.9,46.5,7.5,13.3,32.8,67.2,"[{""score"": ""0 - 1"", ""pct"": 18.4}, {""score"": ""0 - 0"", ""pct"": 18.33}, {""score"": ""1 - 1"", ""pct"": 12.31}]"
Tunisia,Egypt,Neutral,0.89,0.905,31.8,34.8,33.5,31.8,6.0,11.2,33.2,6.3,11.6,48.9,51.1,"[{""score"": ""0 - 0"", ""pct"": 17.93}, {""score"": ""0 - 1"", ""pct"": 15.02}, {""score"": ""1 - 0"", ""pct"": 13.900000000000002}]"
Tunisia,Uruguay,Neutral,0.645,1.325,17.2,29.8,53.0,16.8,3.6,5.8,53.2,7.6,13.1,26.1,73.8,"[{""score"": ""0 - 1"", ""pct"": 17.62}, {""score"": ""0 - 0"", ""pct"": 14.93}, {""score"": ""0 - 2"", ""pct"": 11.97}]"
Tunisia,Croatia,Neutral,0.764,1.413,18.4,29.0,52.6,19.1,3.9,6.0,52.1,7.5,11.4,29.0,71.0,"[{""score"": ""0 - 1"", ""pct"": 15.840000000000002}, {""score"": ""0 - 0"", ""pct"": 12.7}, {""score"": ""1 - 1"", ""pct"": 12.139999999999999}]"
Tunisia,Ivory Coast,Neutral,0.896,0.985,30.7,33.5,35.8,31.2,5.6,10.5,35.5,6.1,11.2,47.3,52.7,"[{""score"": ""0 - 0"", ""pct"": 16.48}, {""score"": ""0 - 1"", ""pct"": 15.310000000000002}, {""score"": ""1 - 0"", ""pct"": 13.719999999999999}]"
Tunisia,Saudi Arabia,Neutral,1.167,0.716,45.6,32.5,21.9,46.2,7.3,12.2,21.6,4.6,8.1,65.7,34.3,"[{""score"": ""1 - 0"", ""pct"": 17.91}, {""score"": ""0 - 0"", ""pct"": 16.11}, {""score"": ""1 - 1"", ""pct"": 12.920000000000002}]"
Tunisia,South Africa,Neutral,1.153,0.773,43.6,32.0,24.4,43.7,7.1,13.0,23.4,4.3,8.6,63.7,36.3,"[{""score"": ""1 - 0"", ""pct"": 17.14}, {""score"": ""0 - 0"", ""pct"": 15.310000000000002}, {""score"": ""1 - 1"", ""pct"": 13.25}]"
Tunisia,New Zealand,Neutral,1.285,0.56,54.7,29.7,15.5,54.1,7.6,13.2,15.6,3.3,6.2,74.9,25.1,"[{""score"": ""1 - 0"", ""pct"": 21.58}, {""score"": ""0 - 0"", ""pct"": 16.36}, {""score"": ""2 - 0"", ""pct"": 12.68}]"
Tunisia,Belgium,Neutral,0.751,1.702,15.3,24.9,59.8,14.9,2.8,4.7,60.1,7.5,10.0,22.4,77.5,"[{""score"": ""0 - 1"", ""pct"": 14.899999999999999}, {""score"": ""0 - 2"", ""pct"": 12.509999999999998}, {""score"": ""1 - 1"", ""pct"": 11.08}]"
Turkey,Austria,Neutral,1.357,1.462,33.7,26.8,39.5,34.0,5.4,6.8,39.2,6.6,8.0,46.2,53.8,"[{""score"": ""1 - 1"", ""pct"": 11.940000000000001}, {""score"": ""0 - 1"", ""pct"": 9.0}, {""score"": ""1 - 2"", ""pct"": 8.17}]"
Turkey,Iran,Neutral,1.295,1.239,37.2,28.0,34.8,37.1,6.4,8.0,34.9,5.9,7.6,51.5,48.5,"[{""score"": ""1 - 1"", ""pct"": 12.64}, {""score"": ""1 - 0"", ""pct"": 10.34}, {""score"": ""0 - 1"", ""pct"": 9.86}]"
Turkey,Iraq,Neutral,1.771,0.795,61.2,23.7,15.1,60.7,7.8,9.6,14.8,3.0,4.1,78.0,22.0,"[{""score"": ""1 - 0"", ""pct"": 14.27}, {""score"": ""2 - 0"", ""pct"": 12.1}, {""score"": ""1 - 1"", ""pct"": 10.72}]"
Turkey,Jordan,Neutral,1.956,0.96,60.9,22.7,16.4,61.2,7.2,8.0,16.8,3.0,3.8,76.3,23.7,"[{""score"": ""1 - 0"", ""pct"": 10.89}, {""score"": ""2 - 0"", ""pct"": 10.75}, {""score"": ""1 - 1"", ""pct"": 10.34}]"
Turkey,Ghana,Neutral,1.752,0.966,56.2,24.6,19.2,56.2,7.4,8.6,19.2,3.5,5.1,72.2,27.8,"[{""score"": ""1 - 0"", ""pct"": 11.940000000000001}, {""score"": ""1 - 1"", ""pct"": 10.91}, {""score"": ""2 - 0"", ""pct"": 9.81}]"
Turkey,Australia,Neutral,1.319,1.231,38.2,27.8,34.1,38.6,6.3,7.6,34.6,5.8,7.0,52.6,47.4,"[{""score"": ""1 - 1"", ""pct"": 12.379999999999999}, {""score"": ""1 - 0"", ""pct"": 10.639999999999999}, {""score"": ""0 - 1"", ""pct"": 9.68}]"
Turkey,Sweden,Neutral,1.497,1.525,37.3,25.1,37.7,35.9,6.0,6.4,38.7,6.2,6.8,48.3,51.7,"[{""score"": ""1 - 1"", ""pct"": 11.4}, {""score"": ""2 - 1"", ""pct"": 9.02}, {""score"": ""1 - 2"", ""pct"": 8.27}]"
Turkey,Paraguay,Neutral,1.249,1.139,38.4,28.6,33.0,37.7,6.5,9.2,32.9,5.8,7.8,53.5,46.5,"[{""score"": ""1 - 1"", ""pct"": 13.389999999999999}, {""score"": ""1 - 0"", ""pct"": 11.42}, {""score"": ""0 - 1"", ""pct"": 10.47}]"
Turkey,Switzerland,Neutral,1.247,1.67,27.9,25.3,46.9,28.4,5.0,5.1,47.0,6.7,7.8,38.5,61.5,"[{""score"": ""1 - 1"", ""pct"": 11.55}, {""score"": ""0 - 1"", ""pct"": 9.64}, {""score"": ""1 - 2"", ""pct"": 9.27}]"
Turkey,South Korea,Neutral,1.441,1.194,42.4,27.8,29.7,42.1,6.7,8.5,30.5,5.3,6.9,57.4,42.6,"[{""score"": ""1 - 1"", ""pct"": 12.659999999999998}, {""score"": ""1 - 0"", ""pct"": 10.41}, {""score"": ""2 - 1"", ""pct"": 8.98}]"
Turkey,Netherlands,Neutral,1.157,2.038,19.4,22.1,58.6,20.2,3.6,3.9,58.2,7.0,7.1,27.7,72.3,"[{""score"": ""1 - 2"", ""pct"": 9.91}, {""score"": ""1 - 1"", ""pct"": 9.48}, {""score"": ""0 - 1"", ""pct"": 8.59}]"
Turkey,United States,Neutral,1.587,1.256,45.0,25.9,29.1,45.0,7.0,8.2,28.5,5.0,6.2,60.2,39.8,"[{""score"": ""1 - 1"", ""pct"": 11.709999999999999}, {""score"": ""1 - 0"", ""pct"": 9.84}, {""score"": ""2 - 1"", ""pct"": 9.82}]"
Turkey,Haiti,Neutral,2.723,0.837,77.9,14.4,7.7,77.9,6.1,4.7,8.0,1.6,1.8,88.6,11.4,"[{""score"": ""2 - 0"", ""pct"": 10.93}, {""score"": ""3 - 0"", ""pct"": 9.55}, {""score"": ""2 - 1"", ""pct"": 8.55}]"
Turkey,Germany,Neutral,1.23,2.243,17.9,20.4,61.6,18.6,3.6,3.3,60.2,7.8,6.5,25.5,74.5,"[{""score"": ""1 - 2"", ""pct"": 9.67}, {""score"": ""1 - 1"", ""pct"": 8.58}, {""score"": ""0 - 2"", ""pct"": 8.110000000000001}]"
Turkey,Algeria,Neutral,1.54,1.41,41.3,25.4,33.3,41.0,6.5,6.8,33.6,5.9,6.2,54.3,45.7,"[{""score"": ""1 - 1"", ""pct"": 11.21}, {""score"": ""2 - 1"", ""pct"": 8.67}, {""score"": ""1 - 0"", ""pct"": 8.5}]"
Turkey,Bosnia and Herzegovina,Neutral,1.923,1.04,56.9,24.3,18.8,58.5,7.8,7.8,18.6,3.3,4.0,74.2,25.8,"[{""score"": ""1 - 1"", ""pct"": 10.52}, {""score"": ""1 - 0"", ""pct"": 10.17}, {""score"": ""2 - 1"", ""pct"": 9.67}]"
Turkey,Brazil,Neutral,0.828,2.201,11.8,19.0,69.3,11.7,2.4,2.3,69.7,7.2,6.7,16.4,83.6,"[{""score"": ""0 - 1"", ""pct"": 11.379999999999999}, {""score"": ""0 - 2"", ""pct"": 11.27}, {""score"": ""1 - 2"", ""pct"": 9.94}]"
Turkey,Colombia,Neutral,0.962,1.768,19.2,25.0,55.8,19.2,3.3,4.8,56.1,7.9,8.7,27.3,72.7,"[{""score"": ""0 - 1"", ""pct"": 11.55}, {""score"": ""1 - 1"", ""pct"": 11.32}, {""score"": ""0 - 2"", ""pct"": 10.24}]"
Turkey,Uzbekistan,Neutral,1.491,0.953,49.4,27.1,23.5,49.7,7.2,9.4,23.1,4.4,6.2,66.3,33.7,"[{""score"": ""1 - 0"", ""pct"": 13.65}, {""score"": ""1 - 1"", ""pct"": 12.23}, {""score"": ""0 - 0"", ""pct"": 9.879999999999999}]"
Turkey,Scotland,Neutral,1.496,1.291,41.4,26.4,32.2,41.8,6.4,7.5,32.0,5.3,7.0,55.7,44.3,"[{""score"": ""1 - 1"", ""pct"": 11.88}, {""score"": ""2 - 1"", ""pct"": 9.030000000000001}, {""score"": ""1 - 0"", ""pct"": 9.02}]"
Turkey,Spain,Neutral,0.851,2.411,10.1,17.8,72.2,10.3,1.9,2.2,72.5,7.0,6.1,14.4,85.6,"[{""score"": ""0 - 2"", ""pct"": 11.540000000000001}, {""score"": ""0 - 1"", ""pct"": 9.75}, {""score"": ""1 - 2"", ""pct"": 9.030000000000001}]"
Turkey,Senegal,Neutral,1.184,1.258,33.4,29.2,37.4,32.6,6.0,8.9,37.5,6.3,8.8,47.5,52.5,"[{""score"": ""1 - 1"", ""pct"": 12.86}, {""score"": ""0 - 1"", ""pct"": 10.7}, {""score"": ""0 - 0"", ""pct"": 10.190000000000001}]"
Turkey,Canada,Neutral,1.51,1.139,44.5,27.4,28.2,45.9,7.0,8.4,27.5,4.9,6.3,61.3,38.7,"[{""score"": ""1 - 1"", ""pct"": 12.479999999999999}, {""score"": ""1 - 0"", ""pct"": 10.81}, {""score"": ""2 - 1"", ""pct"": 8.74}]"
Turkey,Argentina,Neutral,0.711,2.006,11.5,20.8,67.7,10.9,2.1,3.3,68.5,6.8,8.4,16.3,83.7,"[{""score"": ""0 - 1"", ""pct"": 13.61}, {""score"": ""0 - 2"", ""pct"": 13.23}, {""score"": ""1 - 1"", ""pct"": 9.370000000000001}]"
Turkey,England,Neutral,0.806,1.943,13.8,21.5,64.7,13.8,2.5,3.6,64.5,7.8,7.8,19.9,80.1,"[{""score"": ""0 - 1"", ""pct"": 12.790000000000001}, {""score"": ""0 - 2"", ""pct"": 12.73}, {""score"": ""1 - 1"", ""pct"": 10.03}]"
Turkey,Tunisia,Neutral,1.334,1.027,43.9,28.7,27.4,42.9,7.0,9.3,28.2,5.3,7.2,59.2,40.8,"[{""score"": ""1 - 0"", ""pct"": 13.34}, {""score"": ""1 - 1"", ""pct"": 12.7}, {""score"": ""0 - 0"", ""pct"": 10.489999999999998}]"
Turkey,Morocco,Neutral,0.894,1.336,24.5,29.0,46.5,24.1,4.5,6.6,47.5,7.3,10.1,35.2,64.8,"[{""score"": ""0 - 1"", ""pct"": 14.549999999999999}, {""score"": ""1 - 1"", ""pct"": 12.870000000000001}, {""score"": ""0 - 0"", ""pct"": 11.450000000000001}]"
Turkey,Mexico,Neutral,1.234,1.248,34.6,28.9,36.4,35.2,6.4,8.4,36.2,6.0,7.8,50.0,50.0,"[{""score"": ""1 - 1"", ""pct"": 13.100000000000001}, {""score"": ""0 - 1"", ""pct"": 10.489999999999998}, {""score"": ""1 - 0"", ""pct"": 10.11}]"
Turkey,DR Congo,Neutral,1.533,0.9,51.5,27.3,21.2,52.1,7.5,9.8,20.0,4.2,6.3,69.5,30.5,"[{""score"": ""1 - 0"", ""pct"": 13.65}, {""score"": ""1 - 1"", ""pct"": 12.55}, {""score"": ""2 - 0"", ""pct"": 10.14}]"
Turkey,Norway,Neutral,1.39,1.666,31.1,24.8,44.1,31.2,5.1,5.8,43.7,7.2,7.1,42.0,58.0,"[{""score"": ""1 - 1"", ""pct"": 10.99}, {""score"": ""1 - 2"", ""pct"": 8.790000000000001}, {""score"": ""0 - 1"", ""pct"": 8.03}]"
Turkey,Japan,Neutral,1.26,1.487,31.7,27.2,41.1,30.2,5.7,6.9,42.4,6.5,8.2,42.8,57.2,"[{""score"": ""1 - 1"", ""pct"": 12.04}, {""score"": ""0 - 1"", ""pct"": 9.15}, {""score"": ""1 - 2"", ""pct"": 8.67}]"
Turkey,Qatar,Neutral,2.457,0.938,71.4,17.1,11.5,70.8,7.3,5.9,11.7,2.1,2.2,84.0,16.0,"[{""score"": ""2 - 0"", ""pct"": 10.18}, {""score"": ""2 - 1"", ""pct"": 9.879999999999999}, {""score"": ""1 - 0"", ""pct"": 9.07}]"
Turkey,Czech Republic,Neutral,1.533,1.317,41.2,27.1,31.7,42.0,6.5,8.1,31.4,5.7,6.3,56.6,43.4,"[{""score"": ""1 - 1"", ""pct"": 11.74}, {""score"": ""1 - 0"", ""pct"": 9.09}, {""score"": ""2 - 1"", ""pct"": 8.33}]"
Turkey,France,Neutral,0.919,1.997,16.2,21.7,62.1,15.4,2.9,3.6,63.1,7.3,7.7,21.9,78.1,"[{""score"": ""0 - 1"", ""pct"": 11.540000000000001}, {""score"": ""0 - 2"", ""pct"": 10.52}, {""score"": ""1 - 2"", ""pct"": 10.03}]"
Turkey,Portugal,Neutral,0.973,2.097,15.3,20.5,64.2,15.6,2.9,3.2,63.2,7.6,7.6,21.7,78.3,"[{""score"": ""0 - 1"", ""pct"": 10.43}, {""score"": ""0 - 2"", ""pct"": 10.2}, {""score"": ""1 - 2"", ""pct"": 10.16}]"
Turkey,Curaçao,Neutral,2.989,0.628,85.6,10.2,4.2,85.4,5.3,3.6,4.2,0.7,0.8,94.3,5.7,"[{""score"": ""2 - 0"", ""pct"": 11.959999999999999}, {""score"": ""3 - 0"", ""pct"": 11.74}, {""score"": ""1 - 0"", ""pct"": 9.370000000000001}]"
Turkey,Cape Verde,Neutral,1.911,0.789,64.4,22.9,12.8,64.4,7.3,8.2,13.7,2.9,3.5,79.9,20.1,"[{""score"": ""1 - 0"", ""pct"": 13.420000000000002}, {""score"": ""2 - 0"", ""pct"": 11.65}, {""score"": ""1 - 1"", ""pct"": 10.2}]"
Turkey,Panama,Neutral,2.042,0.949,61.9,21.9,16.2,62.5,7.6,7.5,15.8,3.0,3.7,77.5,22.5,"[{""score"": ""1 - 0"", ""pct"": 10.870000000000001}, {""score"": ""1 - 1"", ""pct"": 10.100000000000001}, {""score"": ""2 - 0"", ""pct"": 9.89}]"
Turkey,Ecuador,Neutral,0.995,1.318,27.0,29.6,43.3,27.2,5.4,7.4,43.0,7.1,9.9,40.0,60.0,"[{""score"": ""0 - 1"", ""pct"": 13.36}, {""score"": ""1 - 1"", ""pct"": 12.9}, {""score"": ""0 - 0"", ""pct"": 11.03}]"
Turkey,Egypt,Neutral,1.342,1.049,43.4,28.5,28.1,42.3,7.1,9.7,28.3,5.3,7.3,59.1,40.9,"[{""score"": ""1 - 0"", ""pct"": 12.78}, {""score"": ""1 - 1"", ""pct"": 12.4}, {""score"": ""0 - 0"", ""pct"": 10.26}]"
Turkey,Uruguay,Neutral,0.972,1.536,22.7,27.1,50.3,23.2,4.7,5.1,50.3,7.7,9.0,33.0,67.0,"[{""score"": ""0 - 1"", ""pct"": 12.2}, {""score"": ""1 - 1"", ""pct"": 12.13}, {""score"": ""1 - 2"", ""pct"": 9.82}]"
Turkey,Croatia,Neutral,1.151,1.639,25.8,25.8,48.4,25.8,4.7,5.9,49.0,6.7,8.0,36.4,63.6,"[{""score"": ""1 - 1"", ""pct"": 11.67}, {""score"": ""0 - 1"", ""pct"": 10.69}, {""score"": ""1 - 2"", ""pct"": 9.73}]"
Turkey,Ivory Coast,Neutral,1.35,1.142,40.8,28.7,30.5,41.9,6.4,8.6,30.3,5.6,7.2,56.9,43.1,"[{""score"": ""1 - 1"", ""pct"": 12.870000000000001}, {""score"": ""1 - 0"", ""pct"": 11.31}, {""score"": ""0 - 1"", ""pct"": 9.44}]"
Turkey,Saudi Arabia,Neutral,1.759,0.831,59.7,24.6,15.7,58.8,8.1,9.2,16.8,2.9,4.1,76.2,23.9,"[{""score"": ""1 - 0"", ""pct"": 14.02}, {""score"": ""2 - 0"", ""pct"": 10.76}, {""score"": ""1 - 1"", ""pct"": 10.75}]"
Turkey,South Africa,Neutral,1.739,0.897,57.4,24.5,18.1,58.6,7.5,8.2,17.3,3.7,4.6,74.4,25.6,"[{""score"": ""1 - 0"", ""pct"": 13.459999999999999}, {""score"": ""1 - 1"", ""pct"": 10.69}, {""score"": ""2 - 0"", ""pct"": 10.47}]"
Turkey,New Zealand,Neutral,1.937,0.649,68.4,21.3,10.3,68.9,7.5,8.1,10.6,2.0,2.9,84.5,15.5,"[{""score"": ""1 - 0"", ""pct"": 14.979999999999999}, {""score"": ""2 - 0"", ""pct"": 13.52}, {""score"": ""2 - 1"", ""pct"": 9.66}]"
Turkey,Belgium,Neutral,1.132,1.974,20.1,22.9,57.0,19.9,3.5,4.8,57.5,7.2,7.1,28.2,71.8,"[{""score"": ""1 - 2"", ""pct"": 10.299999999999999}, {""score"": ""1 - 1"", ""pct"": 10.059999999999999}, {""score"": ""0 - 1"", ""pct"": 9.13}]"
Morocco,Austria,Neutral,1.172,0.844,43.0,32.1,24.9,42.8,7.2,11.1,25.9,4.7,8.3,61.0,39.0,"[{""score"": ""1 - 0"", ""pct"": 15.959999999999999}, {""score"": ""0 - 0"", ""pct"": 14.649999999999999}, {""score"": ""1 - 1"", ""pct"": 13.370000000000001}]"
Morocco,Iran,Neutral,1.118,0.716,44.2,33.9,21.9,44.4,7.2,13.1,22.3,4.4,8.6,64.7,35.3,"[{""score"": ""1 - 0"", ""pct"": 17.83}, {""score"": ""0 - 0"", ""pct"": 17.59}, {""score"": ""1 - 1"", ""pct"": 13.139999999999999}]"
Morocco,Iraq,Neutral,1.53,0.459,63.3,26.9,9.8,63.6,8.0,12.6,10.1,1.9,3.7,84.2,15.8,"[{""score"": ""1 - 0"", ""pct"": 21.349999999999998}, {""score"": ""2 - 0"", ""pct"": 15.790000000000001}, {""score"": ""0 - 0"", ""pct"": 15.07}]"
Morocco,Jordan,Neutral,1.689,0.554,65.2,23.8,11.0,65.7,7.5,10.7,10.6,2.0,3.4,83.9,16.1,"[{""score"": ""1 - 0"", ""pct"": 18.63}, {""score"": ""2 - 0"", ""pct"": 14.99}, {""score"": ""0 - 0"", ""pct"": 11.32}]"
Morocco,Ghana,Neutral,1.513,0.558,61.0,26.7,12.4,60.8,8.0,12.2,12.2,2.4,4.5,81.0,19.0,"[{""score"": ""1 - 0"", ""pct"": 19.23}, {""score"": ""2 - 0"", ""pct"": 14.34}, {""score"": ""0 - 0"", ""pct"": 13.56}]"
Morocco,Australia,Neutral,1.139,0.711,45.6,33.5,20.9,45.8,7.7,12.4,21.9,4.3,7.9,65.9,34.1,"[{""score"": ""1 - 0"", ""pct"": 18.360000000000003}, {""score"": ""0 - 0"", ""pct"": 17.48}, {""score"": ""1 - 1"", ""pct"": 12.98}]"
Morocco,Sweden,Neutral,1.293,0.881,46.4,29.8,23.9,45.9,7.4,10.5,24.2,4.8,7.2,63.7,36.3,"[{""score"": ""1 - 0"", ""pct"": 14.760000000000002}, {""score"": ""0 - 0"", ""pct"": 12.989999999999998}, {""score"": ""1 - 1"", ""pct"": 12.65}]"
Morocco,Paraguay,Neutral,1.078,0.658,45.1,34.7,20.1,44.6,7.6,14.7,20.8,4.0,8.3,66.9,33.1,"[{""score"": ""0 - 0"", ""pct"": 19.08}, {""score"": ""1 - 0"", ""pct"": 18.77}, {""score"": ""1 - 1"", ""pct"": 12.8}]"
Morocco,Switzerland,Neutral,1.077,0.965,36.9,32.1,31.0,36.7,6.4,10.7,30.9,5.5,9.8,53.8,46.2,"[{""score"": ""0 - 0"", ""pct"": 14.360000000000001}, {""score"": ""1 - 0"", ""pct"": 13.84}, {""score"": ""1 - 1"", ""pct"": 13.309999999999999}]"
Morocco,South Korea,Neutral,1.245,0.689,49.5,31.3,19.1,50.5,7.5,11.8,19.1,4.0,7.2,69.8,30.2,"[{""score"": ""1 - 0"", ""pct"": 17.91}, {""score"": ""0 - 0"", ""pct"": 16.03}, {""score"": ""1 - 1"", ""pct"": 12.58}]"
Morocco,Netherlands,Neutral,0.999,1.177,29.8,31.2,39.0,30.2,5.3,8.6,39.0,6.7,10.3,44.0,56.0,"[{""score"": ""1 - 1"", ""pct"": 13.8}, {""score"": ""0 - 1"", ""pct"": 13.0}, {""score"": ""0 - 0"", ""pct"": 12.57}]"
Morocco,United States,Neutral,1.37,0.725,52.3,29.5,18.2,50.9,8.2,11.9,18.8,3.8,6.4,71.0,29.0,"[{""score"": ""1 - 0"", ""pct"": 17.150000000000002}, {""score"": ""0 - 0"", ""pct"": 13.74}, {""score"": ""1 - 1"", ""pct"": 11.85}]"
Morocco,Haiti,Neutral,2.351,0.483,80.2,14.2,5.6,80.0,6.6,5.9,5.3,1.1,1.2,92.5,7.5,"[{""score"": ""2 - 0"", ""pct"": 16.12}, {""score"": ""1 - 0"", ""pct"": 14.760000000000002}, {""score"": ""3 - 0"", ""pct"": 12.61}]"
Morocco,Germany,Neutral,1.062,1.296,29.1,30.3,40.6,29.5,5.5,7.7,41.6,6.7,9.0,42.7,57.3,"[{""score"": ""1 - 1"", ""pct"": 13.170000000000002}, {""score"": ""0 - 1"", ""pct"": 11.93}, {""score"": ""0 - 0"", ""pct"": 11.05}]"
Morocco,Algeria,Neutral,1.329,0.814,49.1,29.3,21.6,48.0,7.8,11.9,21.3,4.3,6.7,67.7,32.3,"[{""score"": ""1 - 0"", ""pct"": 16.28}, {""score"": ""0 - 0"", ""pct"": 12.9}, {""score"": ""1 - 1"", ""pct"": 12.29}]"
Morocco,Bosnia and Herzegovina,Neutral,1.661,0.601,63.1,25.1,11.8,62.9,8.1,10.8,11.7,2.4,4.1,81.8,18.2,"[{""score"": ""1 - 0"", ""pct"": 17.4}, {""score"": ""2 - 0"", ""pct"": 14.149999999999999}, {""score"": ""0 - 0"", ""pct"": 11.82}]"
Morocco,Brazil,Neutral,0.715,1.271,20.2,31.2,48.6,19.9,3.7,7.0,50.0,7.3,12.1,30.6,69.4,"[{""score"": ""0 - 1"", ""pct"": 17.47}, {""score"": ""0 - 0"", ""pct"": 15.07}, {""score"": ""1 - 1"", ""pct"": 12.540000000000001}]"
Morocco,Colombia,Neutral,0.831,1.021,27.3,33.5,39.1,27.9,5.1,10.0,38.1,6.7,12.1,43.0,57.0,"[{""score"": ""0 - 0"", ""pct"": 16.88}, {""score"": ""0 - 1"", ""pct"": 16.27}, {""score"": ""1 - 1"", ""pct"": 13.370000000000001}]"
Morocco,Uzbekistan,Neutral,1.288,0.55,54.1,30.6,15.3,53.8,7.7,14.3,14.7,3.2,6.2,75.9,24.1,"[{""score"": ""1 - 0"", ""pct"": 19.830000000000002}, {""score"": ""0 - 0"", ""pct"": 16.72}, {""score"": ""2 - 0"", ""pct"": 12.55}]"
Morocco,Scotland,Neutral,1.292,0.745,49.7,29.8,20.5,48.0,7.4,12.1,21.1,4.1,7.3,67.5,32.5,"[{""score"": ""1 - 0"", ""pct"": 16.439999999999998}, {""score"": ""0 - 0"", ""pct"": 14.030000000000001}, {""score"": ""1 - 1"", ""pct"": 12.47}]"
Morocco,Spain,Neutral,0.735,1.392,18.6,28.4,53.0,18.8,3.7,5.8,53.0,8.0,10.7,28.3,71.7,"[{""score"": ""0 - 1"", ""pct"": 16.68}, {""score"": ""0 - 0"", ""pct"": 12.690000000000001}, {""score"": ""1 - 1"", ""pct"": 11.91}]"
Morocco,Senegal,Neutral,1.022,0.727,41.4,34.1,24.5,41.6,6.6,13.6,24.2,4.6,9.4,61.8,38.2,"[{""score"": ""0 - 0"", ""pct"": 17.89}, {""score"": ""1 - 0"", ""pct"": 17.61}, {""score"": ""1 - 1"", ""pct"": 13.18}]"
Morocco,Canada,Neutral,1.304,0.658,53.0,29.6,17.4,51.7,8.3,12.9,17.2,3.4,6.5,72.9,27.1,"[{""score"": ""1 - 0"", ""pct"": 18.93}, {""score"": ""0 - 0"", ""pct"": 14.85}, {""score"": ""2 - 0"", ""pct"": 11.57}]"
Morocco,Argentina,Neutral,0.614,1.159,18.6,33.9,47.5,17.9,3.6,7.9,48.6,7.9,14.1,29.4,70.6,"[{""score"": ""0 - 1"", ""pct"": 19.05}, {""score"": ""0 - 0"", ""pct"": 18.16}, {""score"": ""1 - 1"", ""pct"": 12.83}]"
Morocco,England,Neutral,0.696,1.122,21.6,33.7,44.6,22.0,4.5,8.1,45.0,7.2,13.2,34.6,65.4,"[{""score"": ""0 - 1"", ""pct"": 18.56}, {""score"": ""0 - 0"", ""pct"": 17.79}, {""score"": ""1 - 1"", ""pct"": 13.01}]"
Morocco,Tunisia,Neutral,1.152,0.593,49.3,32.9,17.8,49.0,7.8,14.4,18.0,3.6,7.2,71.2,28.8,"[{""score"": ""1 - 0"", ""pct"": 20.06}, {""score"": ""0 - 0"", ""pct"": 18.42}, {""score"": ""1 - 1"", ""pct"": 12.06}]"
Morocco,Turkey,Neutral,1.336,0.894,46.7,29.1,24.3,47.4,7.3,10.6,22.8,4.7,7.3,65.2,34.8,"[{""score"": ""1 - 0"", ""pct"": 15.229999999999999}, {""score"": ""1 - 1"", ""pct"": 12.740000000000002}, {""score"": ""0 - 0"", ""pct"": 11.37}]"
Morocco,Mexico,Neutral,1.065,0.721,43.3,34.2,22.5,43.0,7.7,13.6,22.5,4.5,8.7,64.3,35.7,"[{""score"": ""0 - 0"", ""pct"": 17.69}, {""score"": ""1 - 0"", ""pct"": 17.53}, {""score"": ""1 - 1"", ""pct"": 13.25}]"
Morocco,DR Congo,Neutral,1.323,0.52,56.4,30.6,13.0,56.1,8.3,13.9,13.1,2.9,5.7,78.3,21.7,"[{""score"": ""1 - 0"", ""pct"": 20.419999999999998}, {""score"": ""0 - 0"", ""pct"": 17.43}, {""score"": ""2 - 0"", ""pct"": 13.62}]"
Morocco,Norway,Neutral,1.2,0.962,41.3,30.1,28.6,40.8,6.4,10.6,29.3,4.7,8.2,57.8,42.2,"[{""score"": ""1 - 0"", ""pct"": 13.320000000000002}, {""score"": ""1 - 1"", ""pct"": 12.879999999999999}, {""score"": ""0 - 0"", ""pct"": 12.57}]"
Morocco,Japan,Neutral,1.088,0.859,40.5,32.3,27.2,40.4,6.9,11.4,27.2,5.2,9.0,58.6,41.4,"[{""score"": ""1 - 0"", ""pct"": 15.740000000000002}, {""score"": ""0 - 0"", ""pct"": 14.91}, {""score"": ""1 - 1"", ""pct"": 13.48}]"
Morocco,Qatar,Neutral,2.122,0.542,74.3,18.6,7.0,74.9,7.1,7.4,7.2,1.5,1.9,89.4,10.6,"[{""score"": ""2 - 0"", ""pct"": 15.98}, {""score"": ""1 - 0"", ""pct"": 15.329999999999998}, {""score"": ""3 - 0"", ""pct"": 10.43}]"
Morocco,Czech Republic,Neutral,1.324,0.761,49.0,30.2,20.8,50.4,7.4,11.5,20.3,3.8,6.5,69.3,30.7,"[{""score"": ""1 - 0"", ""pct"": 17.41}, {""score"": ""0 - 0"", ""pct"": 13.450000000000001}, {""score"": ""1 - 1"", ""pct"": 12.889999999999999}]"
Morocco,France,Neutral,0.794,1.153,24.2,32.1,43.7,24.5,4.8,8.1,43.4,6.8,12.3,37.4,62.6,"[{""score"": ""0 - 1"", ""pct"": 16.97}, {""score"": ""0 - 0"", ""pct"": 15.28}, {""score"": ""1 - 1"", ""pct"": 13.05}]"
Morocco,Portugal,Neutral,0.84,1.211,25.1,30.7,44.1,23.8,4.8,7.7,44.5,7.7,11.6,36.2,63.8,"[{""score"": ""0 - 1"", ""pct"": 14.96}, {""score"": ""0 - 0"", ""pct"": 14.09}, {""score"": ""1 - 1"", ""pct"": 12.67}]"
Morocco,Curaçao,Neutral,2.581,0.363,85.6,11.4,3.0,85.4,5.3,5.3,2.8,0.5,0.8,96.0,4.0,"[{""score"": ""2 - 0"", ""pct"": 18.47}, {""score"": ""3 - 0"", ""pct"": 14.78}, {""score"": ""1 - 0"", ""pct"": 13.94}]"
Morocco,Cape Verde,Neutral,1.65,0.456,67.1,24.2,8.7,67.3,8.0,10.9,9.0,1.8,2.9,86.2,13.8,"[{""score"": ""1 - 0"", ""pct"": 19.84}, {""score"": ""2 - 0"", ""pct"": 16.29}, {""score"": ""0 - 0"", ""pct"": 13.059999999999999}]"
Morocco,Panama,Neutral,1.763,0.548,67.6,22.7,9.7,68.1,7.2,9.9,9.8,1.9,3.0,85.2,14.8,"[{""score"": ""1 - 0"", ""pct"": 18.0}, {""score"": ""2 - 0"", ""pct"": 15.57}, {""score"": ""0 - 0"", ""pct"": 10.56}]"
Morocco,Ecuador,Neutral,0.859,0.761,34.9,36.7,28.4,32.8,6.8,13.6,29.4,5.3,12.1,53.2,46.8,"[{""score"": ""0 - 0"", ""pct"": 21.16}, {""score"": ""1 - 0"", ""pct"": 16.29}, {""score"": ""0 - 1"", ""pct"": 15.14}]"
Morocco,Egypt,Neutral,1.159,0.606,49.3,32.2,18.5,49.4,7.9,13.7,18.2,3.5,7.3,71.1,28.9,"[{""score"": ""1 - 0"", ""pct"": 20.41}, {""score"": ""0 - 0"", ""pct"": 17.8}, {""score"": ""1 - 1"", ""pct"": 12.01}]"
Morocco,Uruguay,Neutral,0.84,0.887,30.9,35.2,33.9,30.7,6.0,11.7,33.1,6.4,12.2,48.4,51.6,"[{""score"": ""0 - 0"", ""pct"": 18.759999999999998}, {""score"": ""0 - 1"", ""pct"": 15.290000000000001}, {""score"": ""1 - 0"", ""pct"": 14.74}]"
Morocco,Croatia,Neutral,0.994,0.947,35.3,32.4,32.4,34.7,6.4,11.4,31.4,5.7,10.3,52.6,47.4,"[{""score"": ""0 - 0"", ""pct"": 15.35}, {""score"": ""1 - 0"", ""pct"": 14.149999999999999}, {""score"": ""0 - 1"", ""pct"": 13.76}]"
Morocco,Ivory Coast,Neutral,1.166,0.66,47.2,33.2,19.6,48.4,6.8,13.2,20.4,4.2,7.0,68.4,31.6,"[{""score"": ""1 - 0"", ""pct"": 18.4}, {""score"": ""0 - 0"", ""pct"": 17.73}, {""score"": ""1 - 1"", ""pct"": 12.540000000000001}]"
Morocco,Saudi Arabia,Neutral,1.519,0.48,63.5,26.0,10.5,63.0,8.0,12.3,10.7,2.2,3.8,83.4,16.6,"[{""score"": ""1 - 0"", ""pct"": 20.74}, {""score"": ""2 - 0"", ""pct"": 15.959999999999999}, {""score"": ""0 - 0"", ""pct"": 14.56}]"
Morocco,South Africa,Neutral,1.501,0.518,61.4,27.1,11.5,61.6,7.7,12.4,11.4,2.6,4.3,81.7,18.3,"[{""score"": ""1 - 0"", ""pct"": 20.64}, {""score"": ""0 - 0"", ""pct"": 14.46}, {""score"": ""2 - 0"", ""pct"": 14.2}]"
Morocco,New Zealand,Neutral,1.673,0.375,70.1,23.2,6.7,70.4,7.5,11.5,6.7,1.4,2.6,89.3,10.7,"[{""score"": ""1 - 0"", ""pct"": 22.470000000000002}, {""score"": ""2 - 0"", ""pct"": 17.73}, {""score"": ""0 - 0"", ""pct"": 13.91}]"
Morocco,Belgium,Neutral,0.977,1.14,30.1,31.6,38.2,29.9,5.5,8.6,38.1,7.4,10.4,44.0,56.0,"[{""score"": ""0 - 0"", ""pct"": 13.81}, {""score"": ""0 - 1"", ""pct"": 13.4}, {""score"": ""1 - 1"", ""pct"": 13.120000000000001}]"
Mexico,Austria,Neutral,1.094,1.166,33.1,29.9,37.0,33.6,6.1,8.6,36.2,6.6,8.9,48.3,51.7,"[{""score"": ""1 - 1"", ""pct"": 13.059999999999999}, {""score"": ""0 - 1"", ""pct"": 11.799999999999999}, {""score"": ""0 - 0"", ""pct"": 11.77}]"
Mexico,Iran,Neutral,1.044,0.988,35.4,31.9,32.7,34.4,6.5,10.2,33.4,5.7,9.8,51.1,48.9,"[{""score"": ""0 - 0"", ""pct"": 14.12}, {""score"": ""1 - 1"", ""pct"": 13.569999999999999}, {""score"": ""0 - 1"", ""pct"": 13.139999999999999}]"
Mexico,Iraq,Neutral,1.428,0.634,55.7,29.1,15.2,56.7,8.1,11.7,15.2,2.9,5.4,76.5,23.6,"[{""score"": ""1 - 0"", ""pct"": 18.34}, {""score"": ""0 - 0"", ""pct"": 14.21}, {""score"": ""2 - 0"", ""pct"": 12.46}]"
Mexico,Jordan,Neutral,1.577,0.765,56.2,26.1,17.7,56.6,7.7,10.3,17.0,3.4,5.0,74.6,25.4,"[{""score"": ""1 - 0"", ""pct"": 15.53}, {""score"": ""1 - 1"", ""pct"": 11.459999999999999}, {""score"": ""2 - 0"", ""pct"": 11.42}]"
Mexico,Ghana,Neutral,1.413,0.771,51.2,29.1,19.7,52.2,7.9,10.9,19.5,3.6,5.8,71.0,29.0,"[{""score"": ""1 - 0"", ""pct"": 15.25}, {""score"": ""1 - 1"", ""pct"": 12.68}, {""score"": ""0 - 0"", ""pct"": 12.33}]"
Mexico,Australia,Neutral,1.063,0.981,35.8,32.4,31.8,36.8,6.4,10.3,31.5,5.4,9.7,53.5,46.5,"[{""score"": ""0 - 0"", ""pct"": 14.75}, {""score"": ""1 - 1"", ""pct"": 13.59}, {""score"": ""1 - 0"", ""pct"": 13.3}]"
Mexico,Sweden,Neutral,1.207,1.216,35.0,28.7,36.3,35.0,6.1,8.0,36.2,6.4,8.2,49.2,50.8,"[{""score"": ""1 - 1"", ""pct"": 13.34}, {""score"": ""0 - 1"", ""pct"": 11.19}, {""score"": ""1 - 0"", ""pct"": 10.43}]"
Mexico,Paraguay,Neutral,1.007,0.908,35.9,32.9,31.2,36.0,6.2,11.2,30.9,5.6,10.2,53.4,46.6,"[{""score"": ""0 - 0"", ""pct"": 15.440000000000001}, {""score"": ""1 - 0"", ""pct"": 14.39}, {""score"": ""1 - 1"", ""pct"": 13.76}]"
Mexico,Switzerland,Neutral,1.005,1.332,26.4,30.3,43.3,27.6,4.8,6.8,44.0,7.1,9.7,39.2,60.8,"[{""score"": ""1 - 1"", ""pct"": 13.68}, {""score"": ""0 - 1"", ""pct"": 12.959999999999999}, {""score"": ""0 - 0"", ""pct"": 11.14}]"
Mexico,South Korea,Neutral,1.162,0.952,40.5,30.6,28.9,38.6,7.1,10.8,29.0,5.2,9.2,56.6,43.4,"[{""score"": ""1 - 0"", ""pct"": 14.26}, {""score"": ""1 - 1"", ""pct"": 13.309999999999999}, {""score"": ""0 - 0"", ""pct"": 13.01}]"
Mexico,Netherlands,Neutral,0.932,1.625,21.2,25.6,53.2,21.1,4.0,5.2,53.0,7.8,8.8,30.4,69.6,"[{""score"": ""0 - 1"", ""pct"": 13.3}, {""score"": ""1 - 1"", ""pct"": 11.59}, {""score"": ""0 - 2"", ""pct"": 9.5}]"
Mexico,United States,Neutral,1.28,1.001,41.6,30.2,28.1,41.8,7.1,9.7,28.8,4.9,7.5,58.7,41.3,"[{""score"": ""1 - 1"", ""pct"": 13.25}, {""score"": ""1 - 0"", ""pct"": 12.590000000000002}, {""score"": ""0 - 0"", ""pct"": 11.91}]"
Mexico,Haiti,Neutral,2.195,0.667,72.4,18.4,9.2,72.8,7.4,7.4,8.7,1.6,2.1,87.6,12.4,"[{""score"": ""2 - 0"", ""pct"": 13.71}, {""score"": ""1 - 0"", ""pct"": 13.320000000000002}, {""score"": ""3 - 0"", ""pct"": 9.58}]"
Mexico,Germany,Neutral,0.991,1.789,18.9,24.2,56.9,19.7,3.5,4.4,56.4,7.6,8.4,27.6,72.4,"[{""score"": ""0 - 1"", ""pct"": 11.49}, {""score"": ""1 - 1"", ""pct"": 11.200000000000001}, {""score"": ""1 - 2"", ""pct"": 9.85}]"
Mexico,Algeria,Neutral,1.241,1.124,37.9,29.0,33.1,38.5,6.5,8.6,31.9,5.7,8.8,53.6,46.4,"[{""score"": ""1 - 1"", ""pct"": 13.0}, {""score"": ""1 - 0"", ""pct"": 11.57}, {""score"": ""0 - 1"", ""pct"": 10.63}]"
Mexico,Bosnia and Herzegovina,Neutral,1.551,0.829,54.8,26.4,18.9,53.6,7.7,10.8,19.2,3.4,5.2,72.2,27.8,"[{""score"": ""1 - 0"", ""pct"": 15.040000000000001}, {""score"": ""2 - 0"", ""pct"": 11.39}, {""score"": ""1 - 1"", ""pct"": 11.15}]"
Mexico,Brazil,Neutral,0.668,1.755,12.6,24.1,63.3,12.8,2.5,3.4,63.9,7.7,9.6,18.7,81.3,"[{""score"": ""0 - 1"", ""pct"": 15.98}, {""score"": ""0 - 2"", ""pct"": 13.01}, {""score"": ""1 - 1"", ""pct"": 10.51}]"
Mexico,Colombia,Neutral,0.776,1.41,20.0,29.2,50.8,20.2,4.0,5.9,51.5,7.3,11.1,30.1,69.9,"[{""score"": ""0 - 1"", ""pct"": 15.4}, {""score"": ""1 - 1"", ""pct"": 12.61}, {""score"": ""0 - 0"", ""pct"": 12.389999999999999}]"
Mexico,Uzbekistan,Neutral,1.202,0.76,45.1,32.5,22.5,46.9,7.0,12.5,21.6,4.3,7.6,66.4,33.6,"[{""score"": ""1 - 0"", ""pct"": 16.96}, {""score"": ""0 - 0"", ""pct"": 14.84}, {""score"": ""1 - 1"", ""pct"": 13.719999999999999}]"
Mexico,Scotland,Neutral,1.206,1.029,39.2,31.2,29.6,40.8,6.7,9.1,29.0,5.8,8.6,56.6,43.4,"[{""score"": ""1 - 1"", ""pct"": 14.04}, {""score"": ""1 - 0"", ""pct"": 12.82}, {""score"": ""0 - 0"", ""pct"": 11.72}]"
Mexico,Spain,Neutral,0.686,1.923,11.6,22.0,66.4,11.7,2.4,3.1,66.9,6.9,8.9,17.2,82.8,"[{""score"": ""0 - 1"", ""pct"": 14.219999999999999}, {""score"": ""0 - 2"", ""pct"": 13.81}, {""score"": ""1 - 1"", ""pct"": 9.53}]"
Mexico,Senegal,Neutral,0.954,1.003,32.3,33.7,34.0,32.8,6.2,9.8,34.5,6.2,10.5,48.8,51.2,"[{""score"": ""0 - 0"", ""pct"": 15.89}, {""score"": ""1 - 1"", ""pct"": 13.88}, {""score"": ""0 - 1"", ""pct"": 13.87}]"
Mexico,Canada,Neutral,1.217,0.909,42.7,31.1,26.2,43.1,6.8,10.5,26.6,4.8,8.1,60.4,39.6,"[{""score"": ""1 - 0"", ""pct"": 14.32}, {""score"": ""1 - 1"", ""pct"": 13.38}, {""score"": ""0 - 0"", ""pct"": 13.320000000000002}]"
Mexico,Argentina,Neutral,0.573,1.6,12.3,25.9,61.8,11.4,2.3,3.9,63.2,7.9,11.4,17.5,82.5,"[{""score"": ""0 - 1"", ""pct"": 18.96}, {""score"": ""0 - 2"", ""pct"": 13.750000000000002}, {""score"": ""0 - 0"", ""pct"": 12.370000000000001}]"
Mexico,England,Neutral,0.65,1.549,14.4,26.4,59.2,14.5,3.1,4.9,58.5,7.7,11.2,22.5,77.5,"[{""score"": ""0 - 1"", ""pct"": 17.119999999999997}, {""score"": ""0 - 2"", ""pct"": 13.18}, {""score"": ""0 - 0"", ""pct"": 12.21}]"
Mexico,Tunisia,Neutral,1.076,0.819,41.1,33.0,25.9,40.7,6.9,12.2,26.2,5.2,8.9,59.8,40.2,"[{""score"": ""1 - 0"", ""pct"": 16.88}, {""score"": ""0 - 0"", ""pct"": 15.959999999999999}, {""score"": ""1 - 1"", ""pct"": 13.5}]"
Mexico,Turkey,Neutral,1.248,1.234,36.0,28.3,35.6,36.3,6.1,8.5,35.1,6.2,7.7,51.0,49.0,"[{""score"": ""1 - 1"", ""pct"": 12.920000000000002}, {""score"": ""1 - 0"", ""pct"": 10.549999999999999}, {""score"": ""0 - 1"", ""pct"": 10.489999999999998}]"
Mexico,Morocco,Neutral,0.721,1.065,23.5,34.2,42.3,23.7,4.6,8.6,42.8,6.6,13.7,36.8,63.2,"[{""score"": ""0 - 0"", ""pct"": 18.26}, {""score"": ""0 - 1"", ""pct"": 17.47}, {""score"": ""1 - 1"", ""pct"": 12.86}]"
Mexico,DR Congo,Neutral,1.236,0.718,48.9,31.2,19.9,48.5,7.4,12.5,20.9,3.7,7.0,68.4,31.6,"[{""score"": ""1 - 0"", ""pct"": 17.740000000000002}, {""score"": ""0 - 0"", ""pct"": 14.96}, {""score"": ""1 - 1"", ""pct"": 12.67}]"
Mexico,Norway,Neutral,1.12,1.328,30.9,28.8,40.3,30.6,5.2,7.2,41.4,6.2,9.5,43.0,57.0,"[{""score"": ""1 - 1"", ""pct"": 13.489999999999998}, {""score"": ""0 - 1"", ""pct"": 11.540000000000001}, {""score"": ""1 - 0"", ""pct"": 9.85}]"
Mexico,Japan,Neutral,1.015,1.186,30.4,30.3,39.2,29.4,5.7,8.3,39.3,6.4,10.9,43.4,56.6,"[{""score"": ""1 - 1"", ""pct"": 13.459999999999999}, {""score"": ""0 - 1"", ""pct"": 13.11}, {""score"": ""0 - 0"", ""pct"": 12.08}]"
Mexico,Qatar,Neutral,1.981,0.748,66.6,21.3,12.1,67.4,7.9,7.9,11.6,2.4,2.9,83.1,16.9,"[{""score"": ""1 - 0"", ""pct"": 12.75}, {""score"": ""2 - 0"", ""pct"": 12.120000000000001}, {""score"": ""2 - 1"", ""pct"": 10.41}]"
Mexico,Czech Republic,Neutral,1.236,1.05,39.9,29.7,30.5,39.7,6.3,9.7,30.6,5.4,8.3,55.7,44.3,"[{""score"": ""1 - 1"", ""pct"": 12.85}, {""score"": ""1 - 0"", ""pct"": 12.46}, {""score"": ""0 - 0"", ""pct"": 11.129999999999999}]"
Mexico,France,Neutral,0.741,1.592,16.5,25.4,58.1,15.5,3.0,5.1,58.4,7.2,10.7,23.6,76.4,"[{""score"": ""0 - 1"", ""pct"": 15.98}, {""score"": ""0 - 2"", ""pct"": 12.09}, {""score"": ""1 - 1"", ""pct"": 11.21}]"
Mexico,Portugal,Neutral,0.785,1.672,15.5,24.7,59.8,16.3,3.1,4.5,59.0,7.7,9.4,23.9,76.1,"[{""score"": ""0 - 1"", ""pct"": 15.079999999999998}, {""score"": ""0 - 2"", ""pct"": 11.57}, {""score"": ""1 - 1"", ""pct"": 11.24}]"
Mexico,Curaçao,Neutral,2.41,0.501,80.7,14.3,5.0,80.2,6.4,6.1,5.1,1.1,1.1,92.7,7.3,"[{""score"": ""2 - 0"", ""pct"": 15.909999999999998}, {""score"": ""1 - 0"", ""pct"": 13.700000000000001}, {""score"": ""3 - 0"", ""pct"": 12.01}]"
Mexico,Cape Verde,Neutral,1.54,0.629,59.7,26.4,13.9,58.8,8.0,11.0,14.5,2.9,4.8,77.8,22.2,"[{""score"": ""1 - 0"", ""pct"": 18.42}, {""score"": ""2 - 0"", ""pct"": 13.62}, {""score"": ""0 - 0"", ""pct"": 12.49}]"
Mexico,Panama,Neutral,1.646,0.757,59.0,25.5,15.5,58.7,7.5,9.8,16.3,3.3,4.4,76.0,24.0,"[{""score"": ""1 - 0"", ""pct"": 15.45}, {""score"": ""2 - 0"", ""pct"": 11.61}, {""score"": ""1 - 1"", ""pct"": 10.94}]"
Mexico,Ecuador,Neutral,0.802,1.051,26.9,33.3,39.8,27.0,5.3,9.1,40.0,6.6,12.1,41.4,58.6,"[{""score"": ""0 - 0"", ""pct"": 16.68}, {""score"": ""0 - 1"", ""pct"": 16.09}, {""score"": ""1 - 1"", ""pct"": 13.469999999999999}]"
Mexico,Egypt,Neutral,1.082,0.837,40.3,33.1,26.6,39.7,7.3,11.6,27.2,4.7,9.6,58.6,41.4,"[{""score"": ""0 - 0"", ""pct"": 16.150000000000002}, {""score"": ""1 - 0"", ""pct"": 15.8}, {""score"": ""1 - 1"", ""pct"": 13.16}]"
Mexico,Uruguay,Neutral,0.784,1.225,22.8,30.6,46.5,22.9,4.6,7.7,46.3,7.0,11.5,35.3,64.7,"[{""score"": ""0 - 1"", ""pct"": 16.77}, {""score"": ""0 - 0"", ""pct"": 14.219999999999999}, {""score"": ""1 - 1"", ""pct"": 12.879999999999999}]"
Mexico,Croatia,Neutral,0.928,1.307,26.0,29.3,44.7,25.2,5.0,7.4,44.2,7.4,10.8,37.5,62.5,"[{""score"": ""0 - 1"", ""pct"": 13.969999999999999}, {""score"": ""1 - 1"", ""pct"": 13.04}, {""score"": ""0 - 0"", ""pct"": 11.42}]"
Mexico,Ivory Coast,Neutral,1.089,0.911,38.6,32.4,29.0,39.0,6.7,11.4,28.8,5.1,9.0,57.1,42.9,"[{""score"": ""1 - 0"", ""pct"": 14.7}, {""score"": ""0 - 0"", ""pct"": 14.42}, {""score"": ""1 - 1"", ""pct"": 13.719999999999999}]"
Mexico,Saudi Arabia,Neutral,1.418,0.662,55.0,28.5,16.6,55.4,7.5,11.7,16.3,3.4,5.6,74.6,25.3,"[{""score"": ""1 - 0"", ""pct"": 17.69}, {""score"": ""0 - 0"", ""pct"": 13.19}, {""score"": ""2 - 0"", ""pct"": 12.07}]"
Mexico,South Africa,Neutral,1.402,0.715,53.9,28.4,17.7,53.3,7.4,11.9,18.3,3.3,5.8,72.6,27.4,"[{""score"": ""1 - 0"", ""pct"": 17.45}, {""score"": ""0 - 0"", ""pct"": 12.790000000000001}, {""score"": ""1 - 1"", ""pct"": 12.379999999999999}]"
Mexico,New Zealand,Neutral,1.562,0.518,64.0,25.0,11.0,63.5,8.2,11.2,10.5,2.4,4.1,82.9,17.1,"[{""score"": ""1 - 0"", ""pct"": 20.23}, {""score"": ""2 - 0"", ""pct"": 15.049999999999999}, {""score"": ""0 - 0"", ""pct"": 13.23}]"
Mexico,Belgium,Neutral,0.912,1.574,20.7,26.2,53.1,20.0,3.9,5.8,53.0,7.5,9.8,29.7,70.3,"[{""score"": ""0 - 1"", ""pct"": 13.370000000000001}, {""score"": ""1 - 1"", ""pct"": 11.62}, {""score"": ""1 - 2"", ""pct"": 10.02}]"
DR Congo,Austria,Neutral,0.789,1.448,19.2,28.1,52.7,19.8,3.8,6.0,52.3,7.3,10.9,29.6,70.4,"[{""score"": ""0 - 1"", ""pct"": 15.98}, {""score"": ""1 - 1"", ""pct"": 12.17}, {""score"": ""0 - 0"", ""pct"": 11.66}]"
DR Congo,Iran,Neutral,0.753,1.227,20.8,31.4,47.9,22.0,4.1,7.7,47.4,7.0,11.8,33.8,66.2,"[{""score"": ""0 - 1"", ""pct"": 17.080000000000002}, {""score"": ""0 - 0"", ""pct"": 14.330000000000002}, {""score"": ""1 - 1"", ""pct"": 13.16}]"
DR Congo,Iraq,Neutral,1.03,0.788,40.5,33.7,25.7,40.4,6.8,12.4,26.0,4.5,9.8,59.7,40.3,"[{""score"": ""1 - 0"", ""pct"": 17.560000000000002}, {""score"": ""0 - 0"", ""pct"": 17.29}, {""score"": ""1 - 1"", ""pct"": 13.18}]"
DR Congo,Jordan,Neutral,1.138,0.951,39.6,31.1,29.3,39.5,6.8,10.4,29.1,5.0,9.1,56.8,43.2,"[{""score"": ""1 - 0"", ""pct"": 14.680000000000001}, {""score"": ""0 - 0"", ""pct"": 13.94}, {""score"": ""1 - 1"", ""pct"": 12.94}]"
DR Congo,Ghana,Neutral,1.019,0.957,34.7,32.9,32.4,35.0,6.1,10.4,32.9,5.5,10.0,51.6,48.4,"[{""score"": ""0 - 0"", ""pct"": 15.260000000000002}, {""score"": ""1 - 1"", ""pct"": 13.74}, {""score"": ""1 - 0"", ""pct"": 13.51}]"
DR Congo,Australia,Neutral,0.767,1.219,21.9,31.1,47.0,22.1,4.2,7.4,46.7,7.6,12.1,33.6,66.4,"[{""score"": ""0 - 1"", ""pct"": 16.76}, {""score"": ""0 - 0"", ""pct"": 14.75}, {""score"": ""1 - 1"", ""pct"": 12.68}]"
DR Congo,Sweden,Neutral,0.871,1.511,20.8,27.9,51.3,20.9,3.6,5.8,51.6,7.7,10.4,30.3,69.7,"[{""score"": ""0 - 1"", ""pct"": 14.35}, {""score"": ""1 - 1"", ""pct"": 12.61}, {""score"": ""0 - 0"", ""pct"": 10.43}]"
DR Congo,Paraguay,Neutral,0.726,1.128,22.2,33.3,44.5,22.1,5.0,8.1,44.6,7.3,12.8,35.2,64.8,"[{""score"": ""0 - 1"", ""pct"": 18.08}, {""score"": ""0 - 0"", ""pct"": 17.02}, {""score"": ""1 - 1"", ""pct"": 13.19}]"
DR Congo,Switzerland,Neutral,0.725,1.654,15.1,24.8,60.2,15.4,3.1,4.5,59.0,7.8,10.1,23.1,76.9,"[{""score"": ""0 - 1"", ""pct"": 15.53}, {""score"": ""0 - 2"", ""pct"": 12.85}, {""score"": ""1 - 1"", ""pct"": 10.75}]"
DR Congo,South Korea,Neutral,0.838,1.182,25.1,31.5,43.4,25.1,4.6,8.3,43.4,7.1,11.5,38.0,62.0,"[{""score"": ""0 - 1"", ""pct"": 15.47}, {""score"": ""0 - 0"", ""pct"": 14.38}, {""score"": ""1 - 1"", ""pct"": 13.26}]"
DR Congo,Netherlands,Neutral,0.673,2.019,10.0,20.1,69.9,9.7,2.1,2.9,70.0,7.5,7.9,14.6,85.4,"[{""score"": ""0 - 2"", ""pct"": 14.34}, {""score"": ""0 - 1"", ""pct"": 13.73}, {""score"": ""1 - 1"", ""pct"": 9.15}]"
DR Congo,United States,Neutral,0.923,1.244,25.9,30.0,44.1,26.9,5.1,8.2,42.8,6.5,10.6,40.1,59.9,"[{""score"": ""0 - 1"", ""pct"": 14.879999999999999}, {""score"": ""1 - 1"", ""pct"": 12.709999999999999}, {""score"": ""0 - 0"", ""pct"": 12.46}]"
DR Congo,Haiti,Neutral,1.584,0.828,55.7,25.9,18.4,55.6,7.5,9.7,18.3,3.6,5.3,72.8,27.2,"[{""score"": ""1 - 0"", ""pct"": 15.21}, {""score"": ""1 - 1"", ""pct"": 11.65}, {""score"": ""2 - 0"", ""pct"": 11.35}]"
DR Congo,Germany,Neutral,0.715,2.222,9.4,17.7,72.9,9.8,1.8,2.3,72.6,6.7,6.8,13.9,86.2,"[{""score"": ""0 - 2"", ""pct"": 13.3}, {""score"": ""0 - 1"", ""pct"": 12.68}, {""score"": ""1 - 2"", ""pct"": 9.51}]"
DR Congo,Algeria,Neutral,0.896,1.396,22.7,28.8,48.4,23.1,4.9,7.0,48.4,6.9,9.7,35.0,65.0,"[{""score"": ""0 - 1"", ""pct"": 13.950000000000001}, {""score"": ""1 - 1"", ""pct"": 12.82}, {""score"": ""0 - 0"", ""pct"": 11.16}]"
DR Congo,Bosnia and Herzegovina,Neutral,1.119,1.03,36.9,31.4,31.7,37.1,6.7,9.6,32.1,5.4,9.2,53.4,46.6,"[{""score"": ""1 - 1"", ""pct"": 13.87}, {""score"": ""0 - 0"", ""pct"": 13.15}, {""score"": ""1 - 0"", ""pct"": 12.94}]"
DR Congo,Brazil,Neutral,0.482,2.18,5.7,16.9,77.4,6.1,1.2,1.6,77.5,6.3,7.3,8.9,91.1,"[{""score"": ""0 - 2"", ""pct"": 16.68}, {""score"": ""0 - 1"", ""pct"": 15.310000000000002}, {""score"": ""0 - 3"", ""pct"": 11.51}]"
DR Congo,Colombia,Neutral,0.56,1.751,10.3,23.3,66.4,10.7,2.2,3.4,66.1,7.7,9.9,16.3,83.7,"[{""score"": ""0 - 1"", ""pct"": 17.549999999999997}, {""score"": ""0 - 2"", ""pct"": 15.49}, {""score"": ""0 - 0"", ""pct"": 11.03}]"
DR Congo,Uzbekistan,Neutral,0.868,0.943,29.8,35.4,34.9,30.6,6.2,11.0,34.0,6.5,11.8,47.8,52.2,"[{""score"": ""0 - 0"", ""pct"": 17.43}, {""score"": ""0 - 1"", ""pct"": 15.36}, {""score"": ""1 - 1"", ""pct"": 14.38}]"
DR Congo,Scotland,Neutral,0.87,1.278,24.7,29.8,45.4,24.3,4.4,7.4,45.6,7.1,11.1,36.2,63.8,"[{""score"": ""0 - 1"", ""pct"": 14.77}, {""score"": ""1 - 1"", ""pct"": 13.3}, {""score"": ""0 - 0"", ""pct"": 12.44}]"
DR Congo,Spain,Neutral,0.495,2.388,5.1,14.5,80.5,5.2,1.1,1.4,79.6,6.5,6.2,7.6,92.4,"[{""score"": ""0 - 2"", ""pct"": 16.06}, {""score"": ""0 - 1"", ""pct"": 14.2}, {""score"": ""0 - 3"", ""pct"": 12.3}]"
DR Congo,Senegal,Neutral,0.688,1.246,19.6,31.5,48.9,20.0,4.0,7.0,48.4,7.9,12.7,30.9,69.1,"[{""score"": ""0 - 1"", ""pct"": 17.73}, {""score"": ""0 - 0"", ""pct"": 15.989999999999998}, {""score"": ""1 - 1"", ""pct"": 12.04}]"
DR Congo,Canada,Neutral,0.878,1.129,27.3,31.7,41.1,27.1,5.0,9.2,40.9,6.8,11.0,41.3,58.7,"[{""score"": ""0 - 1"", ""pct"": 15.68}, {""score"": ""0 - 0"", ""pct"": 14.64}, {""score"": ""1 - 1"", ""pct"": 13.33}]"
DR Congo,Argentina,Neutral,0.413,1.987,5.4,19.3,75.3,5.9,1.3,2.0,75.4,6.5,8.9,9.2,90.8,"[{""score"": ""0 - 1"", ""pct"": 19.139999999999997}, {""score"": ""0 - 2"", ""pct"": 18.029999999999998}, {""score"": ""0 - 3"", ""pct"": 11.15}]"
DR Congo,England,Neutral,0.469,1.924,7.0,20.2,72.7,7.0,1.2,2.4,72.8,7.1,9.6,10.6,89.4,"[{""score"": ""0 - 1"", ""pct"": 18.310000000000002}, {""score"": ""0 - 2"", ""pct"": 17.28}, {""score"": ""0 - 3"", ""pct"": 10.780000000000001}]"
DR Congo,Tunisia,Neutral,0.776,1.017,26.1,33.9,40.0,24.9,4.9,9.6,41.1,6.7,12.8,39.4,60.7,"[{""score"": ""0 - 0"", ""pct"": 17.740000000000002}, {""score"": ""0 - 1"", ""pct"": 17.19}, {""score"": ""1 - 1"", ""pct"": 13.020000000000001}]"
DR Congo,Turkey,Neutral,0.9,1.533,21.0,27.1,51.8,21.5,4.1,5.2,51.5,7.3,10.4,30.8,69.2,"[{""score"": ""0 - 1"", ""pct"": 13.389999999999999}, {""score"": ""1 - 1"", ""pct"": 12.65}, {""score"": ""0 - 2"", ""pct"": 10.36}]"
DR Congo,Morocco,Neutral,0.52,1.323,13.1,29.8,57.1,13.0,2.7,5.5,57.0,8.3,13.4,21.2,78.8,"[{""score"": ""0 - 1"", ""pct"": 20.57}, {""score"": ""0 - 0"", ""pct"": 16.55}, {""score"": ""0 - 2"", ""pct"": 13.58}]"
DR Congo,Mexico,Neutral,0.718,1.236,19.3,32.0,48.7,21.1,4.1,7.5,48.1,7.1,12.0,32.8,67.2,"[{""score"": ""0 - 1"", ""pct"": 17.09}, {""score"": ""0 - 0"", ""pct"": 15.32}, {""score"": ""1 - 1"", ""pct"": 13.26}]"
DR Congo,Norway,Neutral,0.808,1.65,17.4,24.8,57.8,16.7,3.2,4.5,58.0,7.5,10.0,24.5,75.5,"[{""score"": ""0 - 1"", ""pct"": 14.879999999999999}, {""score"": ""1 - 1"", ""pct"": 11.4}, {""score"": ""0 - 2"", ""pct"": 11.39}]"
DR Congo,Japan,Neutral,0.733,1.473,17.3,27.7,55.0,17.4,3.4,5.7,55.1,7.4,11.0,26.5,73.5,"[{""score"": ""0 - 1"", ""pct"": 16.55}, {""score"": ""1 - 1"", ""pct"": 12.1}, {""score"": ""0 - 0"", ""pct"": 11.87}]"
DR Congo,Qatar,Neutral,1.429,0.929,48.0,28.2,23.7,48.3,7.3,9.8,23.3,4.6,6.8,65.4,34.6,"[{""score"": ""1 - 0"", ""pct"": 14.66}, {""score"": ""1 - 1"", ""pct"": 12.33}, {""score"": ""0 - 0"", ""pct"": 10.61}]"
DR Congo,Czech Republic,Neutral,0.892,1.305,24.8,29.5,45.7,24.3,4.7,7.2,45.7,7.4,10.7,36.2,63.8,"[{""score"": ""0 - 1"", ""pct"": 14.34}, {""score"": ""1 - 1"", ""pct"": 12.98}, {""score"": ""0 - 0"", ""pct"": 12.11}]"
DR Congo,France,Neutral,0.535,1.977,8.3,19.8,71.9,8.1,1.7,2.4,72.3,7.3,8.3,12.2,87.8,"[{""score"": ""0 - 1"", ""pct"": 16.32}, {""score"": ""0 - 2"", ""pct"": 15.790000000000001}, {""score"": ""0 - 3"", ""pct"": 10.18}]"
DR Congo,Portugal,Neutral,0.566,2.076,8.1,18.6,73.4,7.7,1.6,1.9,73.6,7.2,7.9,11.3,88.7,"[{""score"": ""0 - 2"", ""pct"": 15.790000000000001}, {""score"": ""0 - 1"", ""pct"": 15.0}, {""score"": ""0 - 3"", ""pct"": 9.77}]"
DR Congo,Curaçao,Neutral,1.739,0.622,63.7,24.1,12.2,64.1,7.5,10.2,12.1,2.6,3.5,81.8,18.2,"[{""score"": ""1 - 0"", ""pct"": 17.04}, {""score"": ""2 - 0"", ""pct"": 13.77}, {""score"": ""0 - 0"", ""pct"": 10.459999999999999}]"
DR Congo,Cape Verde,Neutral,1.111,0.782,43.0,33.1,24.0,42.1,7.7,12.3,25.4,4.5,8.1,62.1,37.9,"[{""score"": ""0 - 0"", ""pct"": 16.619999999999997}, {""score"": ""1 - 0"", ""pct"": 16.41}, {""score"": ""1 - 1"", ""pct"": 12.9}]"
DR Congo,Panama,Neutral,1.188,0.94,41.2,31.5,27.3,40.9,6.5,10.5,28.0,5.4,8.7,57.9,42.1,"[{""score"": ""1 - 0"", ""pct"": 14.069999999999999}, {""score"": ""1 - 1"", ""pct"": 13.750000000000002}, {""score"": ""0 - 0"", ""pct"": 12.920000000000002}]"
DR Congo,Ecuador,Neutral,0.579,1.305,15.6,30.1,54.2,14.8,2.9,5.9,54.6,8.1,13.6,23.7,76.3,"[{""score"": ""0 - 1"", ""pct"": 20.07}, {""score"": ""0 - 0"", ""pct"": 15.68}, {""score"": ""0 - 2"", ""pct"": 12.370000000000001}]"
DR Congo,Egypt,Neutral,0.781,1.039,26.0,33.5,40.5,26.0,5.1,9.5,39.8,7.2,12.4,40.6,59.4,"[{""score"": ""0 - 0"", ""pct"": 17.47}, {""score"": ""0 - 1"", ""pct"": 17.330000000000002}, {""score"": ""1 - 1"", ""pct"": 13.03}]"
DR Congo,Uruguay,Neutral,0.566,1.521,12.4,26.8,60.8,12.5,2.7,4.5,60.7,7.9,11.7,19.7,80.3,"[{""score"": ""0 - 1"", ""pct"": 19.13}, {""score"": ""0 - 2"", ""pct"": 13.69}, {""score"": ""0 - 0"", ""pct"": 13.370000000000001}]"
DR Congo,Croatia,Neutral,0.67,1.623,13.8,25.2,61.0,13.5,3.1,4.4,60.1,8.5,10.4,21.0,79.1,"[{""score"": ""0 - 1"", ""pct"": 17.21}, {""score"": ""0 - 2"", ""pct"": 13.11}, {""score"": ""1 - 1"", ""pct"": 11.05}]"
DR Congo,Ivory Coast,Neutral,0.786,1.131,25.0,32.2,42.9,24.3,4.8,9.0,42.2,7.2,12.6,38.0,62.0,"[{""score"": ""0 - 1"", ""pct"": 16.14}, {""score"": ""0 - 0"", ""pct"": 15.7}, {""score"": ""1 - 1"", ""pct"": 13.020000000000001}]"
DR Congo,Saudi Arabia,Neutral,1.023,0.823,38.2,34.2,27.6,38.1,6.6,12.4,27.8,5.2,9.8,57.1,42.9,"[{""score"": ""0 - 0"", ""pct"": 17.05}, {""score"": ""1 - 0"", ""pct"": 15.690000000000001}, {""score"": ""1 - 1"", ""pct"": 13.58}]"
DR Congo,South Africa,Neutral,1.011,0.888,35.4,33.6,31.0,36.5,6.5,11.3,29.8,5.7,10.2,54.3,45.7,"[{""score"": ""0 - 0"", ""pct"": 16.220000000000002}, {""score"": ""1 - 0"", ""pct"": 14.35}, {""score"": ""1 - 1"", ""pct"": 13.780000000000001}]"
DR Congo,New Zealand,Neutral,1.127,0.643,45.5,34.8,19.7,47.6,7.6,13.8,19.9,3.6,7.5,69.0,31.0,"[{""score"": ""0 - 0"", ""pct"": 19.13}, {""score"": ""1 - 0"", ""pct"": 17.86}, {""score"": ""1 - 1"", ""pct"": 12.83}]"
DR Congo,Belgium,Neutral,0.658,1.955,11.0,20.4,68.6,10.8,2.1,2.8,68.3,7.6,8.4,15.7,84.3,"[{""score"": ""0 - 1"", ""pct"": 14.89}, {""score"": ""0 - 2"", ""pct"": 13.63}, {""score"": ""1 - 2"", ""pct"": 9.48}]"
Norway,Austria,Neutral,1.461,1.313,40.7,26.2,33.1,39.8,6.7,7.5,33.2,5.8,7.1,53.9,46.1,"[{""score"": ""1 - 1"", ""pct"": 11.67}, {""score"": ""1 - 0"", ""pct"": 9.54}, {""score"": ""2 - 1"", ""pct"": 8.55}]"
Norway,Iran,Neutral,1.394,1.113,43.3,27.9,28.8,43.1,6.9,8.8,28.8,5.0,7.4,58.8,41.2,"[{""score"": ""1 - 1"", ""pct"": 12.590000000000002}, {""score"": ""1 - 0"", ""pct"": 12.0}, {""score"": ""2 - 1"", ""pct"": 9.36}]"
Norway,Iraq,Neutral,1.907,0.714,66.4,21.1,12.5,66.3,7.3,8.8,12.2,2.3,3.1,82.4,17.6,"[{""score"": ""1 - 0"", ""pct"": 15.110000000000001}, {""score"": ""2 - 0"", ""pct"": 12.659999999999998}, {""score"": ""2 - 1"", ""pct"": 9.39}]"
Norway,Jordan,Neutral,2.106,0.862,67.7,19.7,12.6,66.1,7.4,7.5,13.5,2.5,2.9,81.1,18.9,"[{""score"": ""1 - 0"", ""pct"": 11.559999999999999}, {""score"": ""2 - 0"", ""pct"": 11.32}, {""score"": ""2 - 1"", ""pct"": 9.969999999999999}]"
Norway,Ghana,Neutral,1.886,0.868,62.3,22.0,15.7,61.9,7.3,8.2,15.9,3.0,3.8,77.3,22.7,"[{""score"": ""1 - 0"", ""pct"": 12.559999999999999}, {""score"": ""2 - 0"", ""pct"": 11.26}, {""score"": ""1 - 1"", ""pct"": 10.08}]"
Norway,Australia,Neutral,1.42,1.105,43.1,28.1,28.8,44.1,7.0,8.9,28.1,4.9,7.0,60.0,40.0,"[{""score"": ""1 - 1"", ""pct"": 13.18}, {""score"": ""1 - 0"", ""pct"": 11.469999999999999}, {""score"": ""2 - 1"", ""pct"": 9.26}]"
Norway,Sweden,Neutral,1.612,1.37,43.3,24.9,31.8,41.8,6.4,7.6,32.3,5.5,6.4,55.8,44.2,"[{""score"": ""1 - 1"", ""pct"": 11.75}, {""score"": ""2 - 1"", ""pct"": 9.04}, {""score"": ""1 - 0"", ""pct"": 8.97}]"
Norway,Paraguay,Neutral,1.344,1.023,42.9,29.1,28.0,43.2,6.5,9.6,27.8,5.1,7.8,59.3,40.7,"[{""score"": ""1 - 1"", ""pct"": 13.36}, {""score"": ""1 - 0"", ""pct"": 12.75}, {""score"": ""0 - 0"", ""pct"": 10.040000000000001}]"
Norway,Switzerland,Neutral,1.343,1.5,33.3,26.4,40.4,33.3,5.9,6.6,40.5,6.5,7.2,45.8,54.2,"[{""score"": ""1 - 1"", ""pct"": 12.030000000000001}, {""score"": ""0 - 1"", ""pct"": 9.34}, {""score"": ""1 - 2"", ""pct"": 8.44}]"
Norway,South Korea,Neutral,1.552,1.072,47.8,27.0,25.2,48.3,7.1,8.4,25.3,4.7,6.2,63.8,36.2,"[{""score"": ""1 - 1"", ""pct"": 12.16}, {""score"": ""1 - 0"", ""pct"": 11.62}, {""score"": ""2 - 1"", ""pct"": 9.180000000000001}]"
Norway,Netherlands,Neutral,1.245,1.83,25.7,23.5,50.8,25.0,4.1,4.9,51.5,7.1,7.4,34.0,66.0,"[{""score"": ""1 - 1"", ""pct"": 10.34}, {""score"": ""1 - 2"", ""pct"": 9.520000000000001}, {""score"": ""0 - 1"", ""pct"": 9.120000000000001}]"
Norway,United States,Neutral,1.709,1.128,51.0,24.6,24.4,50.7,7.6,8.1,23.7,4.4,5.5,66.4,33.6,"[{""score"": ""1 - 1"", ""pct"": 11.3}, {""score"": ""1 - 0"", ""pct"": 10.440000000000001}, {""score"": ""2 - 1"", ""pct"": 9.62}]"
Norway,Haiti,Neutral,2.931,0.751,81.6,12.8,5.6,81.5,6.3,4.2,5.8,1.0,1.2,91.9,8.1,"[{""score"": ""2 - 0"", ""pct"": 11.129999999999999}, {""score"": ""3 - 0"", ""pct"": 10.23}, {""score"": ""3 - 1"", ""pct"": 8.43}]"
Norway,Germany,Neutral,1.324,2.015,23.9,23.1,52.9,23.6,4.1,4.4,53.7,7.3,6.8,32.1,67.9,"[{""score"": ""1 - 1"", ""pct"": 9.68}, {""score"": ""1 - 2"", ""pct"": 9.34}, {""score"": ""0 - 1"", ""pct"": 7.5600000000000005}]"
Norway,Algeria,Neutral,1.658,1.266,46.3,25.2,28.5,46.0,7.0,7.7,28.3,5.1,5.8,60.7,39.2,"[{""score"": ""1 - 1"", ""pct"": 11.3}, {""score"": ""1 - 0"", ""pct"": 9.31}, {""score"": ""2 - 1"", ""pct"": 9.229999999999999}]"
Norway,Bosnia and Herzegovina,Neutral,2.071,0.934,63.2,21.9,14.8,64.1,7.2,7.6,15.1,2.6,3.4,78.9,21.1,"[{""score"": ""2 - 0"", ""pct"": 10.86}, {""score"": ""1 - 0"", ""pct"": 10.530000000000001}, {""score"": ""1 - 1"", ""pct"": 10.34}]"
Norway,Brazil,Neutral,0.892,1.977,15.2,21.6,63.1,15.5,2.6,3.3,62.9,7.2,8.5,21.4,78.6,"[{""score"": ""0 - 1"", ""pct"": 12.19}, {""score"": ""0 - 2"", ""pct"": 10.549999999999999}, {""score"": ""1 - 2"", ""pct"": 9.969999999999999}]"
Norway,Colombia,Neutral,1.036,1.587,23.6,26.5,49.9,23.8,4.4,5.5,49.5,7.7,9.1,33.7,66.3,"[{""score"": ""0 - 1"", ""pct"": 12.11}, {""score"": ""1 - 1"", ""pct"": 11.87}, {""score"": ""1 - 2"", ""pct"": 9.91}]"
Norway,Uzbekistan,Neutral,1.606,0.855,55.8,25.9,18.3,55.7,7.4,9.9,18.2,3.8,5.0,73.1,27.0,"[{""score"": ""1 - 0"", ""pct"": 14.31}, {""score"": ""1 - 1"", ""pct"": 11.98}, {""score"": ""2 - 0"", ""pct"": 10.59}]"
Norway,Scotland,Neutral,1.61,1.159,47.0,26.5,26.6,48.7,6.7,7.7,26.1,5.1,5.6,63.2,36.8,"[{""score"": ""1 - 1"", ""pct"": 11.540000000000001}, {""score"": ""1 - 0"", ""pct"": 10.77}, {""score"": ""2 - 1"", ""pct"": 8.959999999999999}]"
Norway,Spain,Neutral,0.916,2.165,14.6,19.9,65.5,13.4,2.4,3.2,66.8,7.3,6.9,19.0,81.0,"[{""score"": ""0 - 2"", ""pct"": 10.879999999999999}, {""score"": ""0 - 1"", ""pct"": 10.41}, {""score"": ""1 - 2"", ""pct"": 9.139999999999999}]"
Norway,Senegal,Neutral,1.274,1.13,39.4,28.2,32.4,38.9,6.4,9.3,32.1,5.5,7.8,54.6,45.4,"[{""score"": ""1 - 1"", ""pct"": 12.82}, {""score"": ""1 - 0"", ""pct"": 12.31}, {""score"": ""0 - 1"", ""pct"": 10.51}]"
Norway,Canada,Neutral,1.626,1.023,50.3,26.4,23.2,50.8,7.5,8.7,23.2,4.5,5.3,67.0,33.0,"[{""score"": ""1 - 0"", ""pct"": 11.72}, {""score"": ""1 - 1"", ""pct"": 11.5}, {""score"": ""2 - 1"", ""pct"": 10.059999999999999}]"
Norway,Argentina,Neutral,0.765,1.801,14.3,22.9,62.7,13.9,2.7,4.1,62.4,7.8,9.2,20.7,79.3,"[{""score"": ""0 - 1"", ""pct"": 15.010000000000002}, {""score"": ""0 - 2"", ""pct"": 12.34}, {""score"": ""1 - 1"", ""pct"": 10.36}]"
Norway,England,Neutral,0.868,1.745,17.5,24.4,58.1,17.1,3.4,4.6,58.6,7.5,8.8,25.1,74.9,"[{""score"": ""0 - 1"", ""pct"": 13.16}, {""score"": ""0 - 2"", ""pct"": 11.55}, {""score"": ""1 - 1"", ""pct"": 11.0}]"
Norway,Tunisia,Neutral,1.437,0.922,49.2,28.0,22.8,49.3,7.2,10.5,22.2,4.4,6.3,67.0,33.0,"[{""score"": ""1 - 0"", ""pct"": 14.01}, {""score"": ""1 - 1"", ""pct"": 12.42}, {""score"": ""0 - 0"", ""pct"": 10.42}]"
Norway,Turkey,Neutral,1.666,1.39,44.4,24.6,31.0,43.4,6.7,7.0,31.9,5.2,5.8,57.1,42.9,"[{""score"": ""1 - 1"", ""pct"": 10.72}, {""score"": ""2 - 1"", ""pct"": 9.1}, {""score"": ""1 - 0"", ""pct"": 7.9799999999999995}]"
Norway,Morocco,Neutral,0.962,1.2,28.6,31.1,40.3,28.2,5.5,8.0,40.7,6.9,10.7,41.7,58.3,"[{""score"": ""1 - 1"", ""pct"": 13.819999999999999}, {""score"": ""0 - 1"", ""pct"": 13.370000000000001}, {""score"": ""0 - 0"", ""pct"": 13.0}]"
Norway,Mexico,Neutral,1.328,1.12,41.5,28.5,30.0,41.6,6.4,8.9,29.9,5.4,7.6,57.0,43.0,"[{""score"": ""1 - 1"", ""pct"": 12.790000000000001}, {""score"": ""1 - 0"", ""pct"": 12.29}, {""score"": ""0 - 0"", ""pct"": 9.86}]"
Norway,DR Congo,Neutral,1.65,0.808,57.3,25.5,17.2,56.7,7.5,9.9,17.6,3.3,5.0,74.1,25.9,"[{""score"": ""1 - 0"", ""pct"": 14.59}, {""score"": ""1 - 1"", ""pct"": 11.129999999999999}, {""score"": ""2 - 0"", ""pct"": 10.97}]"
Norway,Japan,Neutral,1.356,1.336,36.6,27.6,35.8,37.3,5.8,7.8,36.0,5.6,7.5,50.9,49.1,"[{""score"": ""1 - 1"", ""pct"": 12.23}, {""score"": ""1 - 0"", ""pct"": 9.11}, {""score"": ""0 - 1"", ""pct"": 8.959999999999999}]"
Norway,Qatar,Neutral,2.646,0.842,76.0,15.1,8.9,75.8,6.4,5.5,9.0,1.5,1.8,87.8,12.2,"[{""score"": ""2 - 0"", ""pct"": 11.03}, {""score"": ""3 - 0"", ""pct"": 9.46}, {""score"": ""2 - 1"", ""pct"": 8.61}]"
Norway,Czech Republic,Neutral,1.65,1.183,48.6,25.3,26.1,48.3,7.0,8.1,26.0,5.1,5.6,63.3,36.6,"[{""score"": ""1 - 1"", ""pct"": 11.21}, {""score"": ""1 - 0"", ""pct"": 10.489999999999998}, {""score"": ""2 - 1"", ""pct"": 9.35}]"
Norway,France,Neutral,0.99,1.793,19.0,24.5,56.5,19.5,3.8,4.8,55.9,7.6,8.3,28.1,71.8,"[{""score"": ""0 - 1"", ""pct"": 11.87}, {""score"": ""1 - 1"", ""pct"": 11.200000000000001}, {""score"": ""0 - 2"", ""pct"": 9.969999999999999}]"
Norway,Portugal,Neutral,1.048,1.883,19.3,22.9,57.8,19.7,4.0,4.4,56.4,7.6,8.0,28.0,72.0,"[{""score"": ""0 - 1"", ""pct"": 10.81}, {""score"": ""1 - 1"", ""pct"": 10.56}, {""score"": ""1 - 2"", ""pct"": 10.299999999999999}]"
Norway,Curaçao,Neutral,3.218,0.564,87.9,8.8,3.3,88.0,4.5,3.2,3.3,0.5,0.6,95.6,4.4,"[{""score"": ""2 - 0"", ""pct"": 12.509999999999998}, {""score"": ""3 - 0"", ""pct"": 12.1}, {""score"": ""4 - 0"", ""pct"": 9.569999999999999}]"
Norway,Cape Verde,Neutral,2.057,0.709,69.9,19.2,10.8,69.7,7.1,7.6,10.7,2.1,2.8,84.4,15.6,"[{""score"": ""1 - 0"", ""pct"": 13.62}, {""score"": ""2 - 0"", ""pct"": 13.450000000000001}, {""score"": ""2 - 1"", ""pct"": 9.22}]"
Norway,Panama,Neutral,2.199,0.852,68.5,19.3,12.2,68.2,7.4,7.3,12.3,2.2,2.6,82.8,17.2,"[{""score"": ""2 - 0"", ""pct"": 12.01}, {""score"": ""1 - 0"", ""pct"": 10.43}, {""score"": ""2 - 1"", ""pct"": 9.790000000000001}]"
Norway,Ecuador,Neutral,1.072,1.183,31.9,30.1,38.0,32.6,5.8,8.5,37.8,5.9,9.3,46.9,53.1,"[{""score"": ""1 - 1"", ""pct"": 13.23}, {""score"": ""0 - 1"", ""pct"": 12.19}, {""score"": ""0 - 0"", ""pct"": 11.65}]"
Norway,Egypt,Neutral,1.445,0.942,48.5,27.7,23.8,48.3,7.2,10.1,23.5,4.5,6.4,65.6,34.4,"[{""score"": ""1 - 0"", ""pct"": 13.530000000000001}, {""score"": ""1 - 1"", ""pct"": 12.7}, {""score"": ""0 - 0"", ""pct"": 9.94}]"
Norway,Uruguay,Neutral,1.047,1.379,27.8,28.2,44.0,27.5,5.0,7.2,44.4,6.5,9.3,39.8,60.2,"[{""score"": ""1 - 1"", ""pct"": 12.75}, {""score"": ""0 - 1"", ""pct"": 12.1}, {""score"": ""0 - 0"", ""pct"": 9.99}]"
Norway,Croatia,Neutral,1.239,1.472,31.8,26.5,41.7,31.0,5.1,6.9,42.2,6.9,7.9,43.0,57.0,"[{""score"": ""1 - 1"", ""pct"": 12.02}, {""score"": ""0 - 1"", ""pct"": 9.84}, {""score"": ""1 - 2"", ""pct"": 8.99}]"
Norway,Ivory Coast,Neutral,1.454,1.026,46.5,28.1,25.4,46.4,7.4,8.7,26.1,5.0,6.4,62.5,37.5,"[{""score"": ""1 - 0"", ""pct"": 13.489999999999998}, {""score"": ""1 - 1"", ""pct"": 12.49}, {""score"": ""0 - 0"", ""pct"": 10.01}]"
Norway,Saudi Arabia,Neutral,1.894,0.746,64.3,22.6,13.1,65.3,7.5,8.8,12.7,2.3,3.3,81.7,18.3,"[{""score"": ""1 - 0"", ""pct"": 13.69}, {""score"": ""2 - 0"", ""pct"": 12.98}, {""score"": ""1 - 1"", ""pct"": 9.83}]"
Norway,South Africa,Neutral,1.872,0.805,63.1,22.8,14.1,62.3,7.9,8.9,14.0,3.0,4.0,79.1,20.9,"[{""score"": ""1 - 0"", ""pct"": 13.200000000000001}, {""score"": ""2 - 0"", ""pct"": 11.58}, {""score"": ""1 - 1"", ""pct"": 10.08}]"
Norway,New Zealand,Neutral,2.086,0.583,73.0,18.2,8.8,72.3,7.5,8.2,8.4,1.6,2.1,87.9,12.1,"[{""score"": ""2 - 0"", ""pct"": 15.32}, {""score"": ""1 - 0"", ""pct"": 14.940000000000001}, {""score"": ""3 - 0"", ""pct"": 9.370000000000001}]"
Norway,Belgium,Neutral,1.218,1.773,24.4,24.2,51.3,25.1,4.8,5.2,50.1,7.1,7.7,35.1,64.9,"[{""score"": ""1 - 1"", ""pct"": 11.110000000000001}, {""score"": ""1 - 2"", ""pct"": 9.89}, {""score"": ""0 - 1"", ""pct"": 9.85}]"
Japan,Austria,Neutral,1.304,1.19,38.6,28.1,33.3,38.8,6.3,8.4,32.7,5.9,7.8,53.5,46.5,"[{""score"": ""1 - 1"", ""pct"": 12.53}, {""score"": ""1 - 0"", ""pct"": 10.5}, {""score"": ""0 - 1"", ""pct"": 9.89}]"
Japan,Iran,Neutral,1.245,1.009,41.6,30.8,27.6,40.7,7.0,10.2,29.0,5.1,8.0,57.9,42.1,"[{""score"": ""1 - 0"", ""pct"": 13.669999999999998}, {""score"": ""1 - 1"", ""pct"": 13.450000000000001}, {""score"": ""0 - 0"", ""pct"": 11.74}]"
Japan,Iraq,Neutral,1.703,0.647,63.1,24.6,12.4,63.1,7.9,9.5,13.3,2.4,3.9,80.4,19.6,"[{""score"": ""1 - 0"", ""pct"": 16.24}, {""score"": ""2 - 0"", ""pct"": 13.309999999999999}, {""score"": ""0 - 0"", ""pct"": 10.65}]"
Japan,Jordan,Neutral,1.88,0.781,64.2,22.3,13.5,64.3,7.2,8.4,13.5,3.2,3.4,79.9,20.1,"[{""score"": ""1 - 0"", ""pct"": 13.450000000000001}, {""score"": ""2 - 0"", ""pct"": 12.19}, {""score"": ""1 - 1"", ""pct"": 10.11}]"
Japan,Ghana,Neutral,1.684,0.787,58.8,26.0,15.2,59.3,7.5,9.5,15.9,3.1,4.6,76.3,23.7,"[{""score"": ""1 - 0"", ""pct"": 15.1}, {""score"": ""2 - 0"", ""pct"": 11.58}, {""score"": ""1 - 1"", ""pct"": 11.379999999999999}]"
Japan,Australia,Neutral,1.268,1.002,41.7,30.1,28.2,40.9,7.2,10.0,28.7,5.3,7.8,58.2,41.8,"[{""score"": ""1 - 1"", ""pct"": 13.44}, {""score"": ""1 - 0"", ""pct"": 12.379999999999999}, {""score"": ""0 - 0"", ""pct"": 11.3}]"
Japan,Sweden,Neutral,1.439,1.241,41.2,26.6,32.2,41.1,6.9,8.1,30.8,5.9,7.3,56.1,43.9,"[{""score"": ""1 - 1"", ""pct"": 12.23}, {""score"": ""1 - 0"", ""pct"": 10.12}, {""score"": ""0 - 1"", ""pct"": 9.27}]"
Japan,Paraguay,Neutral,1.2,0.927,41.0,31.6,27.4,40.6,7.5,10.4,28.1,5.2,8.3,58.5,41.5,"[{""score"": ""1 - 1"", ""pct"": 13.930000000000001}, {""score"": ""1 - 0"", ""pct"": 13.889999999999999}, {""score"": ""0 - 0"", ""pct"": 12.83}]"
Japan,Switzerland,Neutral,1.199,1.359,32.4,27.9,39.8,32.6,5.4,7.0,40.5,6.5,8.0,45.0,55.0,"[{""score"": ""1 - 1"", ""pct"": 12.5}, {""score"": ""0 - 1"", ""pct"": 10.2}, {""score"": ""1 - 0"", ""pct"": 9.180000000000001}]"
Japan,South Korea,Neutral,1.385,0.972,45.9,28.8,25.3,45.4,7.2,9.7,26.3,4.9,6.6,62.3,37.7,"[{""score"": ""1 - 0"", ""pct"": 13.469999999999999}, {""score"": ""1 - 1"", ""pct"": 12.93}, {""score"": ""0 - 0"", ""pct"": 10.72}]"
Japan,Netherlands,Neutral,1.112,1.659,25.0,25.8,49.2,24.8,4.2,5.5,49.7,7.2,8.6,34.4,65.6,"[{""score"": ""1 - 1"", ""pct"": 11.4}, {""score"": ""0 - 1"", ""pct"": 10.83}, {""score"": ""1 - 2"", ""pct"": 9.48}]"
Japan,United States,Neutral,1.526,1.022,48.6,27.1,24.3,48.2,7.6,9.7,24.1,4.8,5.7,65.4,34.6,"[{""score"": ""1 - 1"", ""pct"": 12.23}, {""score"": ""1 - 0"", ""pct"": 12.049999999999999}, {""score"": ""2 - 1"", ""pct"": 8.93}]"
Japan,Haiti,Neutral,2.617,0.681,79.9,13.8,6.3,79.0,6.5,5.2,6.8,1.2,1.3,90.7,9.3,"[{""score"": ""2 - 0"", ""pct"": 12.09}, {""score"": ""3 - 0"", ""pct"": 11.16}, {""score"": ""1 - 0"", ""pct"": 10.5}]"
Japan,Germany,Neutral,1.182,1.826,23.6,23.8,52.6,23.7,4.1,4.6,53.0,7.0,7.6,32.5,67.5,"[{""score"": ""1 - 1"", ""pct"": 10.32}, {""score"": ""1 - 2"", ""pct"": 9.879999999999999}, {""score"": ""0 - 1"", ""pct"": 9.51}]"
Japan,Algeria,Neutral,1.48,1.148,43.9,27.8,28.3,43.7,6.9,8.8,28.7,5.4,6.5,59.4,40.6,"[{""score"": ""1 - 1"", ""pct"": 12.57}, {""score"": ""1 - 0"", ""pct"": 11.28}, {""score"": ""2 - 1"", ""pct"": 9.2}]"
Japan,Bosnia and Herzegovina,Neutral,1.849,0.847,61.2,23.0,15.7,60.5,7.8,8.7,16.0,3.2,3.9,76.9,23.1,"[{""score"": ""1 - 0"", ""pct"": 13.07}, {""score"": ""2 - 0"", ""pct"": 11.19}, {""score"": ""1 - 1"", ""pct"": 10.4}]"
Japan,Brazil,Neutral,0.796,1.791,14.9,24.3,60.8,14.7,3.0,4.3,61.3,7.8,8.8,22.1,77.9,"[{""score"": ""0 - 1"", ""pct"": 14.13}, {""score"": ""0 - 2"", ""pct"": 11.379999999999999}, {""score"": ""1 - 1"", ""pct"": 10.75}]"
Japan,Colombia,Neutral,0.925,1.439,22.8,28.5,48.8,23.6,4.0,6.3,48.2,8.0,9.9,33.9,66.1,"[{""score"": ""0 - 1"", ""pct"": 14.04}, {""score"": ""1 - 1"", ""pct"": 12.45}, {""score"": ""0 - 0"", ""pct"": 10.58}]"
Japan,Uzbekistan,Neutral,1.434,0.775,51.9,28.5,19.6,52.5,7.3,11.7,18.8,3.9,5.9,71.5,28.5,"[{""score"": ""1 - 0"", ""pct"": 16.0}, {""score"": ""1 - 1"", ""pct"": 12.61}, {""score"": ""0 - 0"", ""pct"": 11.55}]"
Japan,Scotland,Neutral,1.438,1.05,46.2,27.7,26.1,45.0,6.8,9.8,26.8,4.8,6.7,61.7,38.3,"[{""score"": ""1 - 1"", ""pct"": 12.85}, {""score"": ""1 - 0"", ""pct"": 12.280000000000001}, {""score"": ""2 - 1"", ""pct"": 9.65}]"
Japan,Spain,Neutral,0.818,1.962,14.0,21.7,64.3,13.7,2.6,3.5,64.1,7.8,8.3,19.8,80.2,"[{""score"": ""0 - 1"", ""pct"": 12.34}, {""score"": ""0 - 2"", ""pct"": 11.97}, {""score"": ""1 - 1"", ""pct"": 10.07}]"
Japan,Senegal,Neutral,1.138,1.024,37.0,31.8,31.2,37.7,6.3,9.8,31.7,5.5,9.0,53.7,46.3,"[{""score"": ""1 - 1"", ""pct"": 13.8}, {""score"": ""0 - 0"", ""pct"": 12.72}, {""score"": ""1 - 0"", ""pct"": 12.55}]"
Japan,Canada,Neutral,1.451,0.927,49.2,27.3,23.5,49.0,7.4,9.8,22.9,4.3,6.5,66.2,33.8,"[{""score"": ""1 - 0"", ""pct"": 13.469999999999999}, {""score"": ""1 - 1"", ""pct"": 12.479999999999999}, {""score"": ""0 - 0"", ""pct"": 9.98}]"
Japan,Argentina,Neutral,0.683,1.633,14.0,25.7,60.3,13.9,2.7,4.6,60.0,8.2,10.6,21.2,78.8,"[{""score"": ""0 - 1"", ""pct"": 17.06}, {""score"": ""0 - 2"", ""pct"": 12.6}, {""score"": ""0 - 0"", ""pct"": 11.12}]"
Japan,England,Neutral,0.775,1.581,16.7,26.0,57.3,17.4,3.6,4.7,57.0,7.4,9.9,25.7,74.3,"[{""score"": ""0 - 1"", ""pct"": 15.73}, {""score"": ""0 - 2"", ""pct"": 11.61}, {""score"": ""1 - 1"", ""pct"": 11.48}]"
Japan,Tunisia,Neutral,1.283,0.835,47.5,29.9,22.6,46.5,7.4,11.3,23.2,4.6,7.1,65.2,34.8,"[{""score"": ""1 - 0"", ""pct"": 15.49}, {""score"": ""0 - 0"", ""pct"": 12.97}, {""score"": ""1 - 1"", ""pct"": 12.839999999999998}]"
Japan,Turkey,Neutral,1.487,1.26,41.8,26.8,31.4,41.7,6.6,7.8,32.1,5.2,6.6,56.1,43.9,"[{""score"": ""1 - 1"", ""pct"": 12.389999999999999}, {""score"": ""1 - 0"", ""pct"": 9.62}, {""score"": ""2 - 1"", ""pct"": 8.77}]"
Japan,Morocco,Neutral,0.859,1.088,26.8,33.0,40.3,27.4,5.1,9.2,40.5,6.5,11.3,41.7,58.3,"[{""score"": ""0 - 1"", ""pct"": 15.770000000000001}, {""score"": ""0 - 0"", ""pct"": 15.540000000000001}, {""score"": ""1 - 1"", ""pct"": 13.58}]"
Japan,Mexico,Neutral,1.186,1.015,38.0,31.3,30.7,38.9,6.9,10.2,30.1,5.2,8.7,55.9,44.1,"[{""score"": ""1 - 1"", ""pct"": 13.48}, {""score"": ""0 - 0"", ""pct"": 12.809999999999999}, {""score"": ""1 - 0"", ""pct"": 12.479999999999999}]"
Japan,DR Congo,Neutral,1.473,0.733,54.3,28.2,17.4,54.3,7.6,11.5,17.8,3.5,5.3,73.4,26.6,"[{""score"": ""1 - 0"", ""pct"": 16.21}, {""score"": ""0 - 0"", ""pct"": 12.559999999999999}, {""score"": ""1 - 1"", ""pct"": 11.52}]"
Japan,Norway,Neutral,1.336,1.356,35.8,27.5,36.8,36.4,5.6,7.9,36.6,6.2,7.3,49.9,50.1,"[{""score"": ""1 - 1"", ""pct"": 12.559999999999999}, {""score"": ""0 - 1"", ""pct"": 9.6}, {""score"": ""1 - 0"", ""pct"": 9.17}]"
Japan,Qatar,Neutral,2.362,0.763,73.2,17.6,9.2,74.1,6.9,6.4,9.0,1.6,1.9,87.4,12.6,"[{""score"": ""2 - 0"", ""pct"": 12.44}, {""score"": ""1 - 0"", ""pct"": 11.07}, {""score"": ""3 - 0"", ""pct"": 9.19}]"
Japan,Czech Republic,Neutral,1.474,1.072,46.4,27.5,26.1,46.8,7.3,8.4,26.4,4.8,6.3,62.5,37.5,"[{""score"": ""1 - 1"", ""pct"": 12.68}, {""score"": ""1 - 0"", ""pct"": 12.04}, {""score"": ""2 - 1"", ""pct"": 9.3}]"
Japan,France,Neutral,0.884,1.625,19.5,26.1,54.4,19.4,3.7,5.0,54.8,7.6,9.6,28.1,71.9,"[{""score"": ""0 - 1"", ""pct"": 13.530000000000001}, {""score"": ""1 - 1"", ""pct"": 11.4}, {""score"": ""0 - 2"", ""pct"": 10.09}]"
Japan,Portugal,Neutral,0.936,1.707,19.1,25.0,55.9,20.2,3.7,4.8,54.9,7.3,9.0,28.7,71.3,"[{""score"": ""0 - 1"", ""pct"": 13.15}, {""score"": ""1 - 1"", ""pct"": 11.68}, {""score"": ""0 - 2"", ""pct"": 10.05}]"
Japan,Curaçao,Neutral,2.873,0.511,86.4,10.2,3.3,86.4,4.7,4.0,3.4,0.7,0.9,95.1,4.9,"[{""score"": ""2 - 0"", ""pct"": 14.64}, {""score"": ""3 - 0"", ""pct"": 12.94}, {""score"": ""1 - 0"", ""pct"": 10.34}]"
Japan,Cape Verde,Neutral,1.836,0.643,65.8,22.6,11.6,67.0,7.5,8.9,11.0,2.0,3.6,83.4,16.6,"[{""score"": ""1 - 0"", ""pct"": 15.78}, {""score"": ""2 - 0"", ""pct"": 13.530000000000001}, {""score"": ""1 - 1"", ""pct"": 10.39}]"
Japan,Panama,Neutral,1.963,0.772,66.0,21.7,12.2,65.4,7.5,7.9,13.2,2.7,3.3,80.8,19.2,"[{""score"": ""1 - 0"", ""pct"": 13.139999999999999}, {""score"": ""2 - 0"", ""pct"": 12.0}, {""score"": ""2 - 1"", ""pct"": 9.69}]"
Japan,Ecuador,Neutral,0.957,1.072,30.0,32.3,37.7,30.7,5.5,9.4,37.5,6.5,10.5,45.6,54.4,"[{""score"": ""0 - 0"", ""pct"": 14.6}, {""score"": ""0 - 1"", ""pct"": 14.16}, {""score"": ""1 - 1"", ""pct"": 13.29}]"
Japan,Egypt,Neutral,1.29,0.854,46.4,30.2,23.4,45.9,7.2,11.1,23.3,4.4,8.0,64.2,35.8,"[{""score"": ""1 - 0"", ""pct"": 15.17}, {""score"": ""1 - 1"", ""pct"": 13.170000000000002}, {""score"": ""0 - 0"", ""pct"": 12.44}]"
Japan,Uruguay,Neutral,0.935,1.25,26.1,29.8,44.2,26.7,5.2,7.4,43.5,7.3,9.9,39.3,60.6,"[{""score"": ""0 - 1"", ""pct"": 14.35}, {""score"": ""1 - 1"", ""pct"": 13.120000000000001}, {""score"": ""0 - 0"", ""pct"": 11.92}]"
Japan,Croatia,Neutral,1.107,1.334,30.4,28.4,41.2,30.4,5.0,7.3,41.1,7.0,9.2,42.7,57.3,"[{""score"": ""1 - 1"", ""pct"": 12.839999999999998}, {""score"": ""0 - 1"", ""pct"": 11.799999999999999}, {""score"": ""1 - 0"", ""pct"": 9.82}]"
Japan,Ivory Coast,Neutral,1.298,0.93,44.3,30.5,25.2,44.3,7.0,10.3,26.2,4.8,7.5,61.6,38.5,"[{""score"": ""1 - 0"", ""pct"": 14.34}, {""score"": ""1 - 1"", ""pct"": 13.450000000000001}, {""score"": ""0 - 0"", ""pct"": 12.07}]"
Japan,Saudi Arabia,Neutral,1.691,0.676,62.1,24.3,13.5,62.3,8.1,9.9,13.4,2.3,3.9,80.4,19.6,"[{""score"": ""1 - 0"", ""pct"": 16.14}, {""score"": ""2 - 0"", ""pct"": 12.770000000000001}, {""score"": ""1 - 1"", ""pct"": 10.5}]"
Japan,South Africa,Neutral,1.671,0.73,60.2,24.8,14.9,60.2,7.8,9.8,14.7,3.1,4.3,77.9,22.1,"[{""score"": ""1 - 0"", ""pct"": 15.559999999999999}, {""score"": ""2 - 0"", ""pct"": 12.24}, {""score"": ""1 - 1"", ""pct"": 10.75}]"
Japan,New Zealand,Neutral,1.862,0.529,70.3,20.9,8.8,69.9,7.5,9.6,8.7,1.9,2.6,86.9,13.1,"[{""score"": ""1 - 0"", ""pct"": 17.330000000000002}, {""score"": ""2 - 0"", ""pct"": 16.3}, {""score"": ""0 - 0"", ""pct"": 9.9}]"
Japan,Belgium,Neutral,1.088,1.607,24.8,26.9,48.3,25.0,4.6,6.5,48.2,7.0,8.7,36.0,64.0,"[{""score"": ""1 - 1"", ""pct"": 12.17}, {""score"": ""0 - 1"", ""pct"": 11.32}, {""score"": ""1 - 2"", ""pct"": 9.379999999999999}]"
Qatar,Austria,Neutral,0.822,2.321,10.4,17.9,71.7,11.0,1.8,2.3,70.9,7.2,6.9,15.0,85.0,"[{""score"": ""0 - 2"", ""pct"": 11.55}, {""score"": ""0 - 1"", ""pct"": 10.93}, {""score"": ""1 - 2"", ""pct"": 9.629999999999999}]"
Qatar,Iran,Neutral,0.785,1.968,12.8,21.2,66.0,13.2,2.6,3.4,65.5,7.0,8.3,19.2,80.8,"[{""score"": ""0 - 1"", ""pct"": 12.76}, {""score"": ""0 - 2"", ""pct"": 12.36}, {""score"": ""1 - 2"", ""pct"": 9.84}]"
Qatar,Iraq,Neutral,1.073,1.263,29.7,30.3,40.0,29.9,5.3,8.3,40.7,6.6,9.3,43.5,56.5,"[{""score"": ""1 - 1"", ""pct"": 13.850000000000001}, {""score"": ""0 - 1"", ""pct"": 12.16}, {""score"": ""0 - 0"", ""pct"": 10.95}]"
Qatar,Jordan,Neutral,1.185,1.524,29.2,26.3,44.5,28.2,4.9,7.0,44.5,6.9,8.6,40.0,59.9,"[{""score"": ""1 - 1"", ""pct"": 12.13}, {""score"": ""0 - 1"", ""pct"": 10.35}, {""score"": ""1 - 2"", ""pct"": 9.0}]"
Qatar,Ghana,Neutral,1.062,1.535,24.9,26.6,48.5,25.2,4.6,6.0,48.5,7.3,8.4,35.8,64.2,"[{""score"": ""0 - 1"", ""pct"": 11.84}, {""score"": ""1 - 1"", ""pct"": 11.66}, {""score"": ""1 - 2"", ""pct"": 9.969999999999999}]"
Qatar,Australia,Neutral,0.799,1.954,13.2,21.8,65.1,13.7,2.4,3.5,64.9,7.4,8.1,19.6,80.4,"[{""score"": ""0 - 1"", ""pct"": 12.8}, {""score"": ""0 - 2"", ""pct"": 12.72}, {""score"": ""1 - 2"", ""pct"": 9.71}]"
Qatar,Sweden,Neutral,0.907,2.422,11.8,17.7,70.5,11.5,2.0,2.3,71.7,7.0,5.5,15.8,84.2,"[{""score"": ""0 - 2"", ""pct"": 10.82}, {""score"": ""1 - 2"", ""pct"": 9.81}, {""score"": ""0 - 1"", ""pct"": 9.229999999999999}]"
Qatar,Paraguay,Neutral,0.757,1.809,13.7,22.9,63.5,14.0,2.7,3.8,62.7,7.9,8.9,20.5,79.5,"[{""score"": ""0 - 1"", ""pct"": 15.18}, {""score"": ""0 - 2"", ""pct"": 12.049999999999999}, {""score"": ""1 - 1"", ""pct"": 9.629999999999999}]"
Qatar,Switzerland,Neutral,0.756,2.652,7.0,14.0,79.0,7.3,1.2,1.5,78.5,6.2,5.2,10.0,90.0,"[{""score"": ""0 - 2"", ""pct"": 12.2}, {""score"": ""0 - 3"", ""pct"": 10.03}, {""score"": ""0 - 1"", ""pct"": 9.26}]"
Qatar,South Korea,Neutral,0.873,1.896,15.3,23.6,61.1,15.9,3.0,3.8,62.2,7.5,7.7,22.6,77.4,"[{""score"": ""0 - 1"", ""pct"": 12.629999999999999}, {""score"": ""0 - 2"", ""pct"": 11.51}, {""score"": ""1 - 1"", ""pct"": 10.58}]"
Qatar,Netherlands,Neutral,0.701,3.237,3.9,9.4,86.7,4.0,0.8,0.7,86.9,4.7,3.0,5.5,94.5,"[{""score"": ""0 - 2"", ""pct"": 10.96}, {""score"": ""0 - 3"", ""pct"": 10.71}, {""score"": ""0 - 4"", ""pct"": 8.52}]"
Qatar,United States,Neutral,0.962,1.995,16.1,22.3,61.6,16.8,3.0,3.7,61.2,7.6,7.7,23.5,76.5,"[{""score"": ""0 - 1"", ""pct"": 10.81}, {""score"": ""0 - 2"", ""pct"": 10.24}, {""score"": ""1 - 1"", ""pct"": 9.969999999999999}]"
Qatar,Haiti,Neutral,1.65,1.328,44.4,24.9,30.6,44.5,7.4,7.5,29.3,5.2,6.0,59.4,40.6,"[{""score"": ""1 - 1"", ""pct"": 11.16}, {""score"": ""2 - 1"", ""pct"": 9.39}, {""score"": ""1 - 0"", ""pct"": 8.64}]"
Qatar,Germany,Neutral,0.745,3.563,3.5,7.7,88.8,3.7,0.7,0.5,88.1,4.6,2.4,4.8,95.2,"[{""score"": ""0 - 3"", ""pct"": 10.299999999999999}, {""score"": ""0 - 2"", ""pct"": 9.35}, {""score"": ""0 - 4"", ""pct"": 8.76}]"
Qatar,Algeria,Neutral,0.933,2.239,13.4,19.4,67.2,14.1,2.7,3.0,65.9,7.3,7.0,19.7,80.3,"[{""score"": ""0 - 2"", ""pct"": 11.129999999999999}, {""score"": ""1 - 2"", ""pct"": 9.82}, {""score"": ""0 - 1"", ""pct"": 9.48}]"
Qatar,Bosnia and Herzegovina,Neutral,1.165,1.652,25.7,25.6,48.7,25.8,4.4,5.8,48.2,7.4,8.4,36.1,63.9,"[{""score"": ""1 - 1"", ""pct"": 12.0}, {""score"": ""0 - 1"", ""pct"": 10.290000000000001}, {""score"": ""1 - 2"", ""pct"": 9.8}]"
Qatar,Brazil,Neutral,0.502,3.495,2.1,6.3,91.6,1.7,0.3,0.4,91.9,3.4,2.4,2.4,97.6,"[{""score"": ""0 - 3"", ""pct"": 13.05}, {""score"": ""0 - 2"", ""pct"": 12.01}, {""score"": ""0 - 4"", ""pct"": 11.32}]"
Qatar,Colombia,Neutral,0.583,2.807,4.3,12.1,83.6,4.0,0.7,0.9,84.7,5.2,4.5,5.6,94.4,"[{""score"": ""0 - 2"", ""pct"": 13.44}, {""score"": ""0 - 3"", ""pct"": 11.700000000000001}, {""score"": ""0 - 1"", ""pct"": 9.58}]"
Qatar,Uzbekistan,Neutral,0.904,1.513,21.6,27.3,51.2,21.4,4.3,5.5,51.3,7.7,9.8,31.2,68.8,"[{""score"": ""0 - 1"", ""pct"": 13.88}, {""score"": ""1 - 1"", ""pct"": 12.06}, {""score"": ""1 - 2"", ""pct"": 9.91}]"
Qatar,Scotland,Neutral,0.906,2.05,15.3,20.8,63.9,14.6,3.4,3.5,63.7,7.4,7.4,21.5,78.6,"[{""score"": ""0 - 1"", ""pct"": 11.63}, {""score"": ""0 - 2"", ""pct"": 10.43}, {""score"": ""1 - 2"", ""pct"": 9.790000000000001}]"
Qatar,Spain,Neutral,0.516,3.829,1.7,5.1,93.3,1.5,0.3,0.3,93.0,3.4,1.6,2.0,97.9,"[{""score"": ""0 - 3"", ""pct"": 12.85}, {""score"": ""0 - 4"", ""pct"": 11.34}, {""score"": ""0 - 2"", ""pct"": 10.059999999999999}]"
Qatar,Senegal,Neutral,0.717,1.998,11.3,21.2,67.5,11.8,2.1,3.2,68.2,6.9,7.8,17.1,82.9,"[{""score"": ""0 - 1"", ""pct"": 13.59}, {""score"": ""0 - 2"", ""pct"": 12.55}, {""score"": ""1 - 1"", ""pct"": 9.31}]"
Qatar,Canada,Neutral,0.915,1.81,17.4,24.3,58.2,17.9,3.7,4.6,57.5,7.8,8.5,26.2,73.8,"[{""score"": ""0 - 1"", ""pct"": 12.45}, {""score"": ""1 - 1"", ""pct"": 11.14}, {""score"": ""0 - 2"", ""pct"": 10.08}]"
Qatar,Argentina,Neutral,0.431,3.186,2.1,7.8,90.0,2.4,0.2,0.3,90.0,4.2,2.9,2.9,97.1,"[{""score"": ""0 - 2"", ""pct"": 14.41}, {""score"": ""0 - 3"", ""pct"": 13.99}, {""score"": ""0 - 4"", ""pct"": 11.07}]"
Qatar,England,Neutral,0.489,3.085,2.6,8.1,89.3,2.8,0.4,0.6,88.5,4.3,3.4,3.8,96.2,"[{""score"": ""0 - 2"", ""pct"": 13.889999999999999}, {""score"": ""0 - 3"", ""pct"": 13.19}, {""score"": ""0 - 4"", ""pct"": 10.01}]"
Qatar,Tunisia,Neutral,0.809,1.63,17.3,26.3,56.5,17.7,3.6,4.7,55.9,7.5,10.7,26.0,74.0,"[{""score"": ""0 - 1"", ""pct"": 14.469999999999999}, {""score"": ""1 - 1"", ""pct"": 11.62}, {""score"": ""0 - 2"", ""pct"": 11.03}]"
Qatar,Turkey,Neutral,0.938,2.457,11.1,17.7,71.1,11.7,2.2,2.3,71.0,6.5,6.3,16.2,83.8,"[{""score"": ""0 - 2"", ""pct"": 10.59}, {""score"": ""1 - 2"", ""pct"": 9.53}, {""score"": ""0 - 1"", ""pct"": 9.09}]"
Qatar,Morocco,Neutral,0.542,2.122,7.2,17.5,75.3,6.7,1.6,1.9,75.4,6.7,7.8,10.2,89.8,"[{""score"": ""0 - 2"", ""pct"": 16.23}, {""score"": ""0 - 1"", ""pct"": 16.009999999999998}, {""score"": ""0 - 3"", ""pct"": 10.73}]"
Qatar,Mexico,Neutral,0.748,1.981,12.0,21.5,66.5,12.3,2.5,3.1,65.9,8.0,8.2,17.9,82.1,"[{""score"": ""0 - 2"", ""pct"": 13.239999999999998}, {""score"": ""0 - 1"", ""pct"": 12.790000000000001}, {""score"": ""1 - 1"", ""pct"": 9.629999999999999}]"
Qatar,DR Congo,Neutral,0.929,1.429,23.7,27.4,48.9,23.4,4.7,6.7,48.1,7.6,9.6,34.8,65.2,"[{""score"": ""0 - 1"", ""pct"": 13.969999999999999}, {""score"": ""1 - 1"", ""pct"": 12.78}, {""score"": ""0 - 0"", ""pct"": 9.86}]"
Qatar,Norway,Neutral,0.842,2.646,8.2,15.2,76.6,9.1,1.3,2.0,76.4,6.3,4.8,12.4,87.6,"[{""score"": ""0 - 2"", ""pct"": 11.35}, {""score"": ""0 - 3"", ""pct"": 9.13}, {""score"": ""1 - 2"", ""pct"": 8.73}]"
Qatar,Japan,Neutral,0.763,2.362,9.0,16.8,74.2,8.9,1.8,2.4,73.8,6.6,6.5,13.1,86.9,"[{""score"": ""0 - 2"", ""pct"": 12.25}, {""score"": ""0 - 1"", ""pct"": 11.88}, {""score"": ""1 - 2"", ""pct"": 9.3}]"
Qatar,Czech Republic,Neutral,0.929,2.092,15.2,20.6,64.2,14.7,2.6,3.4,64.7,7.6,7.0,20.7,79.3,"[{""score"": ""0 - 1"", ""pct"": 11.17}, {""score"": ""1 - 2"", ""pct"": 10.37}, {""score"": ""0 - 2"", ""pct"": 10.01}]"
Qatar,France,Neutral,0.557,3.171,3.4,8.5,88.1,3.2,0.6,0.4,88.3,4.5,2.9,4.3,95.7,"[{""score"": ""0 - 2"", ""pct"": 13.0}, {""score"": ""0 - 3"", ""pct"": 12.879999999999999}, {""score"": ""0 - 4"", ""pct"": 9.8}]"
Qatar,Portugal,Neutral,0.59,3.33,2.8,8.2,89.0,3.0,0.4,0.5,89.2,4.1,2.9,3.9,96.1,"[{""score"": ""0 - 3"", ""pct"": 12.61}, {""score"": ""0 - 2"", ""pct"": 12.07}, {""score"": ""0 - 4"", ""pct"": 9.69}]"
Qatar,Curaçao,Neutral,1.811,0.998,56.7,23.9,19.4,56.1,7.5,8.4,19.7,3.4,4.9,71.9,28.1,"[{""score"": ""1 - 0"", ""pct"": 11.469999999999999}, {""score"": ""1 - 1"", ""pct"": 11.04}, {""score"": ""2 - 1"", ""pct"": 9.69}]"
Qatar,Cape Verde,Neutral,1.158,1.254,33.0,29.1,37.9,33.7,5.3,8.0,38.3,6.5,8.2,47.0,52.9,"[{""score"": ""1 - 1"", ""pct"": 13.25}, {""score"": ""0 - 1"", ""pct"": 11.23}, {""score"": ""1 - 0"", ""pct"": 10.22}]"
Qatar,Panama,Neutral,1.237,1.507,30.5,27.0,42.5,30.5,5.5,6.8,43.0,6.3,7.8,42.8,57.2,"[{""score"": ""1 - 1"", ""pct"": 11.77}, {""score"": ""0 - 1"", ""pct"": 9.65}, {""score"": ""1 - 2"", ""pct"": 8.709999999999999}]"
Qatar,Ecuador,Neutral,0.603,2.092,9.2,18.8,72.1,8.5,1.7,2.3,72.6,6.9,8.0,12.5,87.5,"[{""score"": ""0 - 2"", ""pct"": 14.82}, {""score"": ""0 - 1"", ""pct"": 14.299999999999999}, {""score"": ""0 - 3"", ""pct"": 9.71}]"
Qatar,Egypt,Neutral,0.813,1.666,17.2,25.4,57.4,17.4,3.2,4.5,57.5,7.5,10.0,25.0,75.0,"[{""score"": ""0 - 1"", ""pct"": 14.66}, {""score"": ""1 - 1"", ""pct"": 11.06}, {""score"": ""0 - 2"", ""pct"": 10.92}]"
Qatar,Uruguay,Neutral,0.589,2.439,6.4,14.7,78.9,6.0,1.3,1.4,78.9,6.2,6.1,8.8,91.2,"[{""score"": ""0 - 2"", ""pct"": 15.02}, {""score"": ""0 - 1"", ""pct"": 12.04}, {""score"": ""0 - 3"", ""pct"": 12.030000000000001}]"
Qatar,Croatia,Neutral,0.697,2.603,7.1,14.4,78.5,6.7,1.4,1.4,79.0,6.2,5.2,9.5,90.5,"[{""score"": ""0 - 2"", ""pct"": 12.46}, {""score"": ""0 - 3"", ""pct"": 10.89}, {""score"": ""0 - 1"", ""pct"": 9.74}]"
Qatar,Ivory Coast,Neutral,0.818,1.814,15.9,23.2,60.9,15.5,3.0,4.0,61.0,7.4,9.1,22.6,77.4,"[{""score"": ""0 - 1"", ""pct"": 13.100000000000001}, {""score"": ""0 - 2"", ""pct"": 11.5}, {""score"": ""1 - 1"", ""pct"": 10.41}]"
Qatar,Saudi Arabia,Neutral,1.066,1.319,29.1,29.3,41.6,28.9,5.2,7.7,41.6,7.1,9.4,41.8,58.2,"[{""score"": ""1 - 1"", ""pct"": 13.209999999999999}, {""score"": ""0 - 1"", ""pct"": 12.21}, {""score"": ""0 - 0"", ""pct"": 10.39}]"
Qatar,South Africa,Neutral,1.053,1.424,26.6,27.6,45.7,27.1,4.9,7.2,44.3,7.0,9.4,39.2,60.8,"[{""score"": ""1 - 1"", ""pct"": 12.82}, {""score"": ""0 - 1"", ""pct"": 12.31}, {""score"": ""0 - 0"", ""pct"": 8.959999999999999}]"
Qatar,New Zealand,Neutral,1.174,1.031,38.2,30.3,31.5,38.2,6.9,10.0,30.8,5.5,8.6,55.1,44.9,"[{""score"": ""1 - 1"", ""pct"": 13.270000000000001}, {""score"": ""1 - 0"", ""pct"": 12.7}, {""score"": ""0 - 0"", ""pct"": 11.99}]"
Qatar,Belgium,Neutral,0.686,3.135,4.2,10.1,85.6,4.2,0.8,0.6,85.7,5.3,3.4,5.7,94.3,"[{""score"": ""0 - 3"", ""pct"": 11.44}, {""score"": ""0 - 2"", ""pct"": 11.21}, {""score"": ""0 - 4"", ""pct"": 8.52}]"
Czech Republic,Austria,Neutral,1.155,1.448,28.5,27.4,44.1,29.2,5.3,6.9,43.2,6.7,8.6,41.5,58.5,"[{""score"": ""1 - 1"", ""pct"": 11.99}, {""score"": ""0 - 1"", ""pct"": 11.57}, {""score"": ""1 - 2"", ""pct"": 9.28}]"
Czech Republic,Iran,Neutral,1.102,1.228,32.1,29.8,38.1,32.7,5.7,8.5,37.8,6.3,9.0,46.9,53.1,"[{""score"": ""1 - 1"", ""pct"": 13.139999999999999}, {""score"": ""0 - 1"", ""pct"": 11.97}, {""score"": ""1 - 0"", ""pct"": 11.06}]"
Czech Republic,Iraq,Neutral,1.508,0.788,52.9,28.3,18.8,54.2,8.2,9.8,18.6,3.5,5.5,72.3,27.7,"[{""score"": ""1 - 0"", ""pct"": 14.96}, {""score"": ""1 - 1"", ""pct"": 12.57}, {""score"": ""0 - 0"", ""pct"": 11.459999999999999}]"
Czech Republic,Jordan,Neutral,1.665,0.951,54.6,25.2,20.2,53.9,7.5,9.1,20.5,3.8,5.2,70.6,29.4,"[{""score"": ""1 - 0"", ""pct"": 12.870000000000001}, {""score"": ""1 - 1"", ""pct"": 11.49}, {""score"": ""2 - 0"", ""pct"": 10.07}]"
Czech Republic,Ghana,Neutral,1.492,0.957,49.1,28.3,22.6,49.7,7.4,9.8,22.7,4.4,6.0,66.9,33.1,"[{""score"": ""1 - 0"", ""pct"": 13.100000000000001}, {""score"": ""1 - 1"", ""pct"": 13.100000000000001}, {""score"": ""0 - 0"", ""pct"": 9.66}]"
Czech Republic,Australia,Neutral,1.123,1.219,32.5,30.5,37.0,32.9,5.6,8.4,37.7,6.2,9.2,46.9,53.1,"[{""score"": ""1 - 1"", ""pct"": 13.83}, {""score"": ""0 - 1"", ""pct"": 11.67}, {""score"": ""0 - 0"", ""pct"": 11.020000000000001}]"
Czech Republic,Sweden,Neutral,1.275,1.511,30.8,26.8,42.5,31.4,5.3,6.4,42.3,6.5,8.0,43.1,56.9,"[{""score"": ""1 - 1"", ""pct"": 12.139999999999999}, {""score"": ""0 - 1"", ""pct"": 9.4}, {""score"": ""1 - 2"", ""pct"": 9.01}]"
Czech Republic,Paraguay,Neutral,1.063,1.129,32.5,30.6,36.9,32.8,6.2,9.1,36.5,5.8,9.6,48.0,52.0,"[{""score"": ""1 - 1"", ""pct"": 13.61}, {""score"": ""0 - 1"", ""pct"": 12.520000000000001}, {""score"": ""0 - 0"", ""pct"": 12.18}]"
Czech Republic,Switzerland,Neutral,1.061,1.655,23.5,25.4,51.1,23.2,4.6,5.4,50.3,7.7,8.7,33.2,66.8,"[{""score"": ""0 - 1"", ""pct"": 11.81}, {""score"": ""1 - 1"", ""pct"": 11.15}, {""score"": ""1 - 2"", ""pct"": 9.629999999999999}]"
Czech Republic,South Korea,Neutral,1.227,1.183,35.9,28.8,35.3,36.1,6.5,8.8,34.7,6.0,8.0,51.3,48.7,"[{""score"": ""1 - 1"", ""pct"": 13.139999999999999}, {""score"": ""0 - 1"", ""pct"": 11.200000000000001}, {""score"": ""1 - 0"", ""pct"": 10.280000000000001}]"
Czech Republic,Netherlands,Neutral,0.984,2.019,16.6,21.6,61.8,15.8,3.2,3.7,62.7,7.8,6.9,22.7,77.3,"[{""score"": ""0 - 1"", ""pct"": 10.33}, {""score"": ""1 - 2"", ""pct"": 10.209999999999999}, {""score"": ""0 - 2"", ""pct"": 10.13}]"
Czech Republic,United States,Neutral,1.351,1.244,38.3,28.1,33.6,38.2,6.2,8.1,34.2,5.6,7.7,52.5,47.5,"[{""score"": ""1 - 1"", ""pct"": 12.41}, {""score"": ""1 - 0"", ""pct"": 9.83}, {""score"": ""0 - 1"", ""pct"": 9.520000000000001}]"
Czech Republic,Haiti,Neutral,2.318,0.829,71.5,17.9,10.6,71.5,7.0,6.4,11.1,1.8,2.2,84.9,15.1,"[{""score"": ""2 - 0"", ""pct"": 12.07}, {""score"": ""1 - 0"", ""pct"": 10.280000000000001}, {""score"": ""2 - 1"", ""pct"": 10.02}]"
Czech Republic,Germany,Neutral,1.047,2.223,15.9,19.2,64.9,15.7,3.1,3.3,64.2,7.1,6.6,22.1,77.9,"[{""score"": ""1 - 2"", ""pct"": 10.22}, {""score"": ""0 - 2"", ""pct"": 9.89}, {""score"": ""1 - 1"", ""pct"": 8.49}]"
Czech Republic,Algeria,Neutral,1.311,1.397,34.9,26.7,38.4,34.6,6.0,6.6,38.2,6.6,8.0,47.2,52.8,"[{""score"": ""1 - 1"", ""pct"": 12.08}, {""score"": ""0 - 1"", ""pct"": 9.6}, {""score"": ""1 - 2"", ""pct"": 8.91}]"
Czech Republic,Bosnia and Herzegovina,Neutral,1.637,1.031,51.2,25.9,22.9,51.4,7.4,8.9,23.0,4.1,5.3,67.7,32.3,"[{""score"": ""1 - 1"", ""pct"": 11.86}, {""score"": ""1 - 0"", ""pct"": 11.690000000000001}, {""score"": ""2 - 0"", ""pct"": 9.4}]"
Czech Republic,Brazil,Neutral,0.705,2.181,9.8,19.2,71.1,9.6,1.9,2.5,71.2,7.3,7.4,14.0,86.0,"[{""score"": ""0 - 2"", ""pct"": 13.420000000000002}, {""score"": ""0 - 1"", ""pct"": 11.78}, {""score"": ""0 - 3"", ""pct"": 9.27}]"
Czech Republic,Colombia,Neutral,0.819,1.751,15.7,24.6,59.7,16.2,3.1,4.3,59.3,7.8,9.4,23.5,76.5,"[{""score"": ""0 - 1"", ""pct"": 13.88}, {""score"": ""0 - 2"", ""pct"": 11.52}, {""score"": ""1 - 1"", ""pct"": 11.020000000000001}]"
Czech Republic,Uzbekistan,Neutral,1.27,0.944,42.9,30.0,27.2,43.3,7.0,9.9,26.9,5.0,7.9,60.2,39.8,"[{""score"": ""1 - 0"", ""pct"": 13.69}, {""score"": ""1 - 1"", ""pct"": 13.36}, {""score"": ""0 - 0"", ""pct"": 11.83}]"
Czech Republic,Scotland,Neutral,1.273,1.279,35.4,28.4,36.3,35.7,6.4,7.8,36.2,5.9,8.0,49.9,50.1,"[{""score"": ""1 - 1"", ""pct"": 12.75}, {""score"": ""0 - 1"", ""pct"": 10.66}, {""score"": ""1 - 0"", ""pct"": 10.26}]"
Czech Republic,Spain,Neutral,0.724,2.389,8.7,16.9,74.5,8.3,1.7,1.9,75.1,6.5,6.5,11.9,88.1,"[{""score"": ""0 - 2"", ""pct"": 12.47}, {""score"": ""0 - 1"", ""pct"": 11.5}, {""score"": ""0 - 3"", ""pct"": 9.87}]"
Czech Republic,Senegal,Neutral,1.007,1.246,28.4,30.9,40.6,29.5,5.0,8.3,40.6,6.7,9.9,42.8,57.1,"[{""score"": ""0 - 1"", ""pct"": 13.59}, {""score"": ""1 - 1"", ""pct"": 13.48}, {""score"": ""0 - 0"", ""pct"": 12.17}]"
Czech Republic,Canada,Neutral,1.285,1.129,39.1,29.9,31.0,40.7,6.4,8.5,31.3,5.4,7.7,55.5,44.5,"[{""score"": ""1 - 1"", ""pct"": 13.450000000000001}, {""score"": ""1 - 0"", ""pct"": 11.5}, {""score"": ""0 - 0"", ""pct"": 10.34}]"
Czech Republic,Argentina,Neutral,0.605,1.987,9.2,20.2,70.6,9.4,2.0,2.8,70.4,7.1,8.3,14.2,85.8,"[{""score"": ""0 - 1"", ""pct"": 15.370000000000001}, {""score"": ""0 - 2"", ""pct"": 14.87}, {""score"": ""0 - 3"", ""pct"": 9.62}]"
Czech Republic,England,Neutral,0.686,1.925,11.1,21.9,67.0,11.2,2.4,3.0,67.5,7.3,8.6,16.6,83.4,"[{""score"": ""0 - 1"", ""pct"": 14.790000000000001}, {""score"": ""0 - 2"", ""pct"": 13.38}, {""score"": ""1 - 1"", ""pct"": 9.5}]"
Czech Republic,Tunisia,Neutral,1.136,1.017,38.7,30.2,31.1,37.6,6.6,10.0,32.3,5.2,8.3,54.2,45.8,"[{""score"": ""1 - 1"", ""pct"": 13.239999999999998}, {""score"": ""1 - 0"", ""pct"": 13.209999999999999}, {""score"": ""0 - 0"", ""pct"": 12.32}]"
Czech Republic,Turkey,Neutral,1.317,1.533,31.7,26.3,42.0,31.9,5.8,6.4,41.7,6.8,7.4,44.1,55.9,"[{""score"": ""1 - 1"", ""pct"": 12.1}, {""score"": ""1 - 2"", ""pct"": 9.36}, {""score"": ""0 - 1"", ""pct"": 8.92}]"
Czech Republic,Morocco,Neutral,0.761,1.324,19.8,30.3,49.9,21.3,4.1,6.8,49.5,7.0,11.3,32.2,67.8,"[{""score"": ""0 - 1"", ""pct"": 17.16}, {""score"": ""0 - 0"", ""pct"": 13.84}, {""score"": ""1 - 1"", ""pct"": 12.41}]"
Czech Republic,Mexico,Neutral,1.05,1.236,30.2,30.2,39.6,30.5,5.5,7.8,40.1,6.7,9.4,43.8,56.2,"[{""score"": ""1 - 1"", ""pct"": 13.51}, {""score"": ""0 - 1"", ""pct"": 12.379999999999999}, {""score"": ""0 - 0"", ""pct"": 11.37}]"
Czech Republic,DR Congo,Neutral,1.305,0.892,45.4,29.7,24.9,46.1,7.3,10.9,24.5,4.2,7.0,64.3,35.7,"[{""score"": ""1 - 0"", ""pct"": 15.43}, {""score"": ""1 - 1"", ""pct"": 13.43}, {""score"": ""0 - 0"", ""pct"": 11.799999999999999}]"
Czech Republic,Norway,Neutral,1.183,1.65,26.1,25.6,48.4,26.5,4.5,6.2,48.2,6.8,7.9,37.1,62.9,"[{""score"": ""1 - 1"", ""pct"": 11.86}, {""score"": ""0 - 1"", ""pct"": 9.9}, {""score"": ""1 - 2"", ""pct"": 9.5}]"
Czech Republic,Japan,Neutral,1.072,1.474,26.4,27.6,46.0,26.2,4.7,6.8,46.3,7.2,8.8,37.7,62.3,"[{""score"": ""1 - 1"", ""pct"": 12.55}, {""score"": ""0 - 1"", ""pct"": 12.02}, {""score"": ""0 - 0"", ""pct"": 8.84}]"
Czech Republic,Qatar,Neutral,2.092,0.929,64.4,20.5,15.1,64.4,7.1,8.0,14.4,3.0,3.1,79.5,20.5,"[{""score"": ""2 - 0"", ""pct"": 11.16}, {""score"": ""1 - 0"", ""pct"": 10.99}, {""score"": ""2 - 1"", ""pct"": 9.65}]"
Czech Republic,France,Neutral,0.782,1.978,12.7,21.8,65.5,12.9,2.3,3.1,65.9,7.6,8.2,18.3,81.7,"[{""score"": ""0 - 1"", ""pct"": 13.01}, {""score"": ""0 - 2"", ""pct"": 12.32}, {""score"": ""1 - 1"", ""pct"": 9.950000000000001}]"
Czech Republic,Portugal,Neutral,0.829,2.077,13.0,20.8,66.2,12.7,2.4,3.2,66.8,7.2,7.7,18.3,81.7,"[{""score"": ""0 - 1"", ""pct"": 11.86}, {""score"": ""0 - 2"", ""pct"": 11.43}, {""score"": ""1 - 2"", ""pct"": 9.75}]"
Czech Republic,Curaçao,Neutral,2.544,0.622,78.9,14.8,6.3,80.2,6.0,5.3,5.8,1.3,1.4,91.5,8.5,"[{""score"": ""2 - 0"", ""pct"": 14.14}, {""score"": ""3 - 0"", ""pct"": 11.16}, {""score"": ""1 - 0"", ""pct"": 10.9}]"
Czech Republic,Cape Verde,Neutral,1.626,0.782,57.5,25.9,16.5,58.0,7.8,9.9,16.5,3.0,4.8,75.7,24.3,"[{""score"": ""1 - 0"", ""pct"": 14.71}, {""score"": ""2 - 0"", ""pct"": 11.29}, {""score"": ""1 - 1"", ""pct"": 10.979999999999999}]"
Czech Republic,Panama,Neutral,1.738,0.94,56.3,25.0,18.8,56.0,7.6,9.0,18.9,3.8,4.7,72.6,27.4,"[{""score"": ""1 - 0"", ""pct"": 12.35}, {""score"": ""1 - 1"", ""pct"": 11.05}, {""score"": ""2 - 0"", ""pct"": 10.11}]"
Czech Republic,Ecuador,Neutral,0.847,1.305,23.1,30.5,46.4,22.6,4.0,7.3,47.8,7.3,11.1,33.8,66.2,"[{""score"": ""0 - 1"", ""pct"": 14.77}, {""score"": ""0 - 0"", ""pct"": 13.020000000000001}, {""score"": ""1 - 1"", ""pct"": 12.98}]"
Czech Republic,Egypt,Neutral,1.143,1.04,37.1,31.9,31.0,37.0,6.5,9.4,31.9,5.9,9.3,52.9,47.1,"[{""score"": ""1 - 1"", ""pct"": 13.61}, {""score"": ""0 - 0"", ""pct"": 13.3}, {""score"": ""1 - 0"", ""pct"": 12.49}]"
Czech Republic,Uruguay,Neutral,0.828,1.522,19.2,26.8,54.0,19.3,3.6,5.8,54.0,7.3,9.9,28.7,71.3,"[{""score"": ""0 - 1"", ""pct"": 14.96}, {""score"": ""1 - 1"", ""pct"": 12.02}, {""score"": ""0 - 2"", ""pct"": 10.67}]"
Czech Republic,Croatia,Neutral,0.98,1.624,21.8,26.4,51.8,21.9,4.2,5.3,52.5,7.5,8.6,31.4,68.6,"[{""score"": ""0 - 1"", ""pct"": 12.2}, {""score"": ""1 - 1"", ""pct"": 12.17}, {""score"": ""1 - 2"", ""pct"": 9.879999999999999}]"
Czech Republic,Ivory Coast,Neutral,1.15,1.132,36.0,29.7,34.3,36.1,6.5,8.9,33.5,6.2,8.7,51.5,48.5,"[{""score"": ""1 - 1"", ""pct"": 13.170000000000002}, {""score"": ""1 - 0"", ""pct"": 12.25}, {""score"": ""0 - 1"", ""pct"": 11.66}]"
Czech Republic,Saudi Arabia,Neutral,1.497,0.823,52.4,27.6,20.0,53.3,7.2,10.2,19.7,3.9,5.7,70.7,29.3,"[{""score"": ""1 - 0"", ""pct"": 14.85}, {""score"": ""1 - 1"", ""pct"": 12.61}, {""score"": ""0 - 0"", ""pct"": 10.36}]"
Czech Republic,South Africa,Neutral,1.48,0.888,50.5,27.9,21.6,50.1,7.6,10.0,22.4,4.0,5.9,67.8,32.2,"[{""score"": ""1 - 0"", ""pct"": 14.01}, {""score"": ""1 - 1"", ""pct"": 12.479999999999999}, {""score"": ""0 - 0"", ""pct"": 10.47}]"
Czech Republic,New Zealand,Neutral,1.649,0.643,62.5,25.1,12.5,62.5,7.8,10.4,12.3,2.9,4.1,80.8,19.2,"[{""score"": ""1 - 0"", ""pct"": 17.46}, {""score"": ""2 - 0"", ""pct"": 13.54}, {""score"": ""1 - 1"", ""pct"": 10.92}]"
Czech Republic,Belgium,Neutral,0.963,1.956,16.8,22.6,60.6,16.8,3.3,3.6,61.5,7.3,7.5,23.7,76.3,"[{""score"": ""0 - 1"", ""pct"": 11.06}, {""score"": ""0 - 2"", ""pct"": 10.4}, {""score"": ""1 - 2"", ""pct"": 9.950000000000001}]"
France,Austria,Neutral,1.751,0.868,58.5,24.0,17.5,58.8,7.5,9.0,16.8,3.4,4.4,75.3,24.7,"[{""score"": ""1 - 0"", ""pct"": 13.36}, {""score"": ""2 - 0"", ""pct"": 10.65}, {""score"": ""1 - 1"", ""pct"": 10.299999999999999}]"
France,Iran,Neutral,1.671,0.736,60.2,24.4,15.3,60.2,7.9,10.3,14.0,3.1,4.5,78.3,21.7,"[{""score"": ""1 - 0"", ""pct"": 16.150000000000002}, {""score"": ""2 - 0"", ""pct"": 11.81}, {""score"": ""1 - 1"", ""pct"": 10.879999999999999}]"
France,Iraq,Neutral,2.285,0.472,78.9,15.4,5.7,79.1,7.0,6.4,5.2,1.1,1.2,92.4,7.6,"[{""score"": ""2 - 0"", ""pct"": 17.11}, {""score"": ""1 - 0"", ""pct"": 14.799999999999999}, {""score"": ""3 - 0"", ""pct"": 12.15}]"
France,Jordan,Neutral,2.524,0.57,80.4,14.0,5.5,80.7,6.2,5.4,5.2,1.1,1.4,92.3,7.7,"[{""score"": ""2 - 0"", ""pct"": 14.62}, {""score"": ""1 - 0"", ""pct"": 12.509999999999998}, {""score"": ""3 - 0"", ""pct"": 11.48}]"
France,Ghana,Neutral,2.261,0.574,76.4,17.1,6.5,76.6,6.7,6.7,6.8,1.4,1.8,90.0,10.0,"[{""score"": ""2 - 0"", ""pct"": 15.52}, {""score"": ""1 - 0"", ""pct"": 13.68}, {""score"": ""3 - 0"", ""pct"": 10.71}]"
France,Australia,Neutral,1.702,0.731,60.3,25.3,14.4,61.1,7.5,9.5,14.6,2.9,4.4,78.1,21.9,"[{""score"": ""1 - 0"", ""pct"": 14.899999999999999}, {""score"": ""2 - 0"", ""pct"": 12.41}, {""score"": ""1 - 1"", ""pct"": 10.91}]"
France,Sweden,Neutral,1.932,0.906,61.2,23.0,15.8,61.3,7.4,8.6,15.8,3.2,3.6,77.3,22.7,"[{""score"": ""1 - 0"", ""pct"": 11.86}, {""score"": ""2 - 0"", ""pct"": 10.6}, {""score"": ""1 - 1"", ""pct"": 10.47}]"
France,Paraguay,Neutral,1.611,0.677,60.2,25.6,14.2,59.9,7.7,10.4,14.5,2.9,4.5,78.1,21.9,"[{""score"": ""1 - 0"", ""pct"": 16.189999999999998}, {""score"": ""2 - 0"", ""pct"": 13.020000000000001}, {""score"": ""0 - 0"", ""pct"": 10.879999999999999}]"
France,Switzerland,Neutral,1.609,0.992,51.5,25.5,23.0,51.2,7.7,8.6,23.0,4.2,5.4,67.4,32.6,"[{""score"": ""1 - 0"", ""pct"": 12.740000000000002}, {""score"": ""1 - 1"", ""pct"": 11.61}, {""score"": ""2 - 0"", ""pct"": 9.13}]"
France,South Korea,Neutral,1.86,0.709,65.9,21.9,12.2,65.3,7.5,9.3,12.4,2.4,3.2,82.0,18.0,"[{""score"": ""1 - 0"", ""pct"": 14.85}, {""score"": ""2 - 0"", ""pct"": 13.43}, {""score"": ""1 - 1"", ""pct"": 9.41}]"
France,Netherlands,Neutral,1.492,1.211,43.2,28.0,28.8,42.8,6.4,8.5,30.1,5.2,6.9,57.7,42.3,"[{""score"": ""1 - 1"", ""pct"": 12.4}, {""score"": ""1 - 0"", ""pct"": 10.43}, {""score"": ""2 - 1"", ""pct"": 8.790000000000001}]"
France,United States,Neutral,2.048,0.746,68.3,20.4,11.3,68.3,7.2,8.0,11.6,2.4,2.6,83.5,16.5,"[{""score"": ""2 - 0"", ""pct"": 12.809999999999999}, {""score"": ""1 - 0"", ""pct"": 12.67}, {""score"": ""2 - 1"", ""pct"": 9.879999999999999}]"
France,Haiti,Neutral,3.513,0.497,91.7,6.4,1.9,91.7,3.7,2.1,1.9,0.3,0.3,97.5,2.5,"[{""score"": ""3 - 0"", ""pct"": 13.36}, {""score"": ""2 - 0"", ""pct"": 11.62}, {""score"": ""4 - 0"", ""pct"": 11.4}]"
France,Germany,Neutral,1.587,1.333,43.4,24.8,31.7,43.4,6.8,7.4,30.7,5.3,6.3,57.6,42.4,"[{""score"": ""1 - 1"", ""pct"": 11.16}, {""score"": ""2 - 1"", ""pct"": 9.01}, {""score"": ""1 - 0"", ""pct"": 8.52}]"
France,Algeria,Neutral,1.987,0.838,64.7,21.2,14.1,63.9,7.6,8.3,14.0,2.7,3.4,79.8,20.2,"[{""score"": ""1 - 0"", ""pct"": 12.479999999999999}, {""score"": ""2 - 0"", ""pct"": 11.17}, {""score"": ""1 - 1"", ""pct"": 10.02}]"
France,Bosnia and Herzegovina,Neutral,2.481,0.618,77.9,15.2,6.9,78.7,6.5,5.7,6.4,1.2,1.4,91.0,9.0,"[{""score"": ""2 - 0"", ""pct"": 13.76}, {""score"": ""1 - 0"", ""pct"": 11.68}, {""score"": ""3 - 0"", ""pct"": 11.14}]"
France,Brazil,Neutral,1.069,1.307,30.0,28.7,41.4,29.6,5.1,7.7,41.9,6.5,9.2,42.4,57.6,"[{""score"": ""1 - 1"", ""pct"": 13.420000000000002}, {""score"": ""0 - 1"", ""pct"": 12.3}, {""score"": ""0 - 0"", ""pct"": 10.01}]"
France,Colombia,Neutral,1.242,1.05,39.4,30.3,30.4,39.3,6.7,9.6,31.0,5.6,7.8,55.6,44.4,"[{""score"": ""1 - 1"", ""pct"": 13.71}, {""score"": ""1 - 0"", ""pct"": 11.83}, {""score"": ""0 - 0"", ""pct"": 11.26}]"
France,Uzbekistan,Neutral,1.924,0.566,69.7,21.3,9.0,70.0,7.0,9.1,9.4,1.8,2.6,86.2,13.8,"[{""score"": ""1 - 0"", ""pct"": 16.12}, {""score"": ""2 - 0"", ""pct"": 15.32}, {""score"": ""3 - 0"", ""pct"": 9.49}]"
France,Scotland,Neutral,1.93,0.767,64.7,22.1,13.2,65.9,7.3,8.2,12.9,2.3,3.4,81.4,18.6,"[{""score"": ""1 - 0"", ""pct"": 13.459999999999999}, {""score"": ""2 - 0"", ""pct"": 12.53}, {""score"": ""1 - 1"", ""pct"": 10.100000000000001}]"
France,Spain,Neutral,1.098,1.432,27.8,27.8,44.4,27.9,4.9,6.9,45.0,6.4,8.8,39.7,60.3,"[{""score"": ""1 - 1"", ""pct"": 12.58}, {""score"": ""0 - 1"", ""pct"": 11.53}, {""score"": ""0 - 0"", ""pct"": 8.88}]"
France,Senegal,Neutral,1.527,0.747,55.1,27.5,17.3,56.1,7.7,10.8,16.8,3.5,5.1,74.7,25.3,"[{""score"": ""1 - 0"", ""pct"": 15.950000000000001}, {""score"": ""1 - 1"", ""pct"": 11.85}, {""score"": ""0 - 0"", ""pct"": 11.799999999999999}]"
France,Canada,Neutral,1.948,0.677,67.9,20.9,11.2,67.8,7.3,8.7,11.3,2.0,2.9,83.8,16.2,"[{""score"": ""1 - 0"", ""pct"": 15.049999999999999}, {""score"": ""2 - 0"", ""pct"": 13.43}, {""score"": ""2 - 1"", ""pct"": 9.76}]"
France,Argentina,Neutral,0.917,1.192,27.1,30.7,42.2,26.9,5.2,8.3,41.9,6.8,10.8,40.4,59.6,"[{""score"": ""0 - 1"", ""pct"": 14.89}, {""score"": ""1 - 1"", ""pct"": 13.58}, {""score"": ""0 - 0"", ""pct"": 13.089999999999998}]"
France,England,Neutral,1.04,1.154,31.2,31.1,37.7,32.3,5.8,8.8,37.0,6.2,9.9,46.9,53.1,"[{""score"": ""1 - 1"", ""pct"": 13.28}, {""score"": ""0 - 0"", ""pct"": 12.920000000000002}, {""score"": ""0 - 1"", ""pct"": 12.23}]"
France,Tunisia,Neutral,1.722,0.61,64.3,24.3,11.4,64.5,7.7,10.2,11.1,2.6,3.8,82.5,17.5,"[{""score"": ""1 - 0"", ""pct"": 17.47}, {""score"": ""2 - 0"", ""pct"": 13.87}, {""score"": ""0 - 0"", ""pct"": 10.91}]"
France,Turkey,Neutral,1.997,0.919,62.5,22.3,15.2,62.4,7.6,8.0,15.3,3.0,3.6,78.1,21.9,"[{""score"": ""1 - 0"", ""pct"": 11.0}, {""score"": ""2 - 0"", ""pct"": 10.25}, {""score"": ""1 - 1"", ""pct"": 9.969999999999999}]"
France,Morocco,Neutral,1.153,0.794,42.8,33.2,24.0,43.5,6.7,12.2,24.8,4.6,8.3,62.3,37.7,"[{""score"": ""1 - 0"", ""pct"": 16.03}, {""score"": ""0 - 0"", ""pct"": 16.02}, {""score"": ""1 - 1"", ""pct"": 13.15}]"
France,Mexico,Neutral,1.592,0.741,57.6,26.4,16.0,57.7,7.9,10.4,16.1,3.1,4.8,76.0,24.0,"[{""score"": ""1 - 0"", ""pct"": 16.05}, {""score"": ""2 - 0"", ""pct"": 12.23}, {""score"": ""1 - 1"", ""pct"": 11.55}]"
France,DR Congo,Neutral,1.977,0.535,72.0,20.2,7.8,71.3,7.8,8.6,8.1,1.7,2.5,87.7,12.3,"[{""score"": ""1 - 0"", ""pct"": 16.56}, {""score"": ""2 - 0"", ""pct"": 15.89}, {""score"": ""3 - 0"", ""pct"": 10.09}]"
France,Norway,Neutral,1.793,0.99,55.7,24.0,20.3,55.9,7.4,8.4,19.8,3.9,4.7,71.6,28.4,"[{""score"": ""1 - 0"", ""pct"": 11.51}, {""score"": ""1 - 1"", ""pct"": 11.16}, {""score"": ""2 - 0"", ""pct"": 9.9}]"
France,Japan,Neutral,1.625,0.884,54.4,26.1,19.5,54.7,7.3,9.1,19.7,3.7,5.5,71.2,28.9,"[{""score"": ""1 - 0"", ""pct"": 13.750000000000002}, {""score"": ""1 - 1"", ""pct"": 11.44}, {""score"": ""2 - 0"", ""pct"": 9.99}]"
France,Qatar,Neutral,3.171,0.557,88.2,8.6,3.3,88.1,4.4,3.1,3.3,0.6,0.6,95.6,4.4,"[{""score"": ""2 - 0"", ""pct"": 12.94}, {""score"": ""3 - 0"", ""pct"": 12.31}, {""score"": ""4 - 0"", ""pct"": 10.09}]"
France,Czech Republic,Neutral,1.978,0.782,65.9,21.5,12.7,65.5,7.8,8.3,12.7,2.5,3.2,81.6,18.4,"[{""score"": ""1 - 0"", ""pct"": 12.91}, {""score"": ""2 - 0"", ""pct"": 12.3}, {""score"": ""2 - 1"", ""pct"": 9.69}]"
France,Portugal,Neutral,1.256,1.245,35.4,29.0,35.6,36.2,6.4,8.1,34.8,6.0,8.4,50.8,49.2,"[{""score"": ""1 - 1"", ""pct"": 13.239999999999998}, {""score"": ""1 - 0"", ""pct"": 10.27}, {""score"": ""0 - 1"", ""pct"": 10.15}]"
France,Curaçao,Neutral,3.856,0.373,95.0,4.2,0.8,94.8,2.4,1.5,1.1,0.2,0.1,98.7,1.3,"[{""score"": ""3 - 0"", ""pct"": 14.37}, {""score"": ""4 - 0"", ""pct"": 13.36}, {""score"": ""2 - 0"", ""pct"": 11.5}]"
France,Cape Verde,Neutral,2.465,0.469,82.6,12.9,4.5,81.9,6.2,5.3,4.6,1.0,1.0,93.4,6.6,"[{""score"": ""2 - 0"", ""pct"": 16.56}, {""score"": ""1 - 0"", ""pct"": 13.99}, {""score"": ""3 - 0"", ""pct"": 12.479999999999999}]"
France,Panama,Neutral,2.635,0.564,82.4,12.8,4.9,82.1,5.9,5.0,5.0,0.8,1.2,93.0,7.0,"[{""score"": ""2 - 0"", ""pct"": 14.729999999999999}, {""score"": ""3 - 0"", ""pct"": 11.940000000000001}, {""score"": ""1 - 0"", ""pct"": 11.28}]"
France,Ecuador,Neutral,1.284,0.783,47.4,31.1,21.5,48.9,7.6,11.6,21.1,4.1,6.8,68.0,32.0,"[{""score"": ""1 - 0"", ""pct"": 16.06}, {""score"": ""0 - 0"", ""pct"": 14.280000000000001}, {""score"": ""1 - 1"", ""pct"": 12.770000000000001}]"
France,Egypt,Neutral,1.732,0.623,64.5,23.7,11.7,64.6,7.7,10.3,11.5,2.2,3.6,82.7,17.3,"[{""score"": ""1 - 0"", ""pct"": 16.41}, {""score"": ""2 - 0"", ""pct"": 14.649999999999999}, {""score"": ""0 - 0"", ""pct"": 10.41}]"
France,Uruguay,Neutral,1.254,0.912,43.5,30.5,26.0,43.0,7.1,11.1,26.0,5.1,7.7,61.2,38.8,"[{""score"": ""1 - 0"", ""pct"": 13.819999999999999}, {""score"": ""1 - 1"", ""pct"": 13.420000000000002}, {""score"": ""0 - 0"", ""pct"": 12.370000000000001}]"
France,Croatia,Neutral,1.485,0.974,48.5,28.0,23.5,47.9,6.9,10.0,24.3,4.5,6.4,64.8,35.2,"[{""score"": ""1 - 0"", ""pct"": 12.920000000000002}, {""score"": ""1 - 1"", ""pct"": 12.479999999999999}, {""score"": ""0 - 0"", ""pct"": 9.66}]"
France,Ivory Coast,Neutral,1.742,0.679,63.1,23.6,13.4,62.4,7.7,10.0,13.4,2.5,4.0,80.1,19.9,"[{""score"": ""1 - 0"", ""pct"": 15.82}, {""score"": ""2 - 0"", ""pct"": 12.520000000000001}, {""score"": ""0 - 0"", ""pct"": 10.08}]"
France,Saudi Arabia,Neutral,2.27,0.493,78.1,16.2,5.7,77.9,7.0,6.6,5.7,1.2,1.7,91.5,8.5,"[{""score"": ""2 - 0"", ""pct"": 16.830000000000002}, {""score"": ""1 - 0"", ""pct"": 14.89}, {""score"": ""3 - 0"", ""pct"": 11.48}]"
France,South Africa,Neutral,2.243,0.533,76.9,16.5,6.5,77.4,6.9,6.8,6.1,1.2,1.7,91.1,8.9,"[{""score"": ""2 - 0"", ""pct"": 15.67}, {""score"": ""1 - 0"", ""pct"": 15.07}, {""score"": ""3 - 0"", ""pct"": 11.14}]"
France,New Zealand,Neutral,2.5,0.386,84.8,11.9,3.3,84.7,5.5,5.1,3.2,0.5,0.9,95.4,4.6,"[{""score"": ""2 - 0"", ""pct"": 18.47}, {""score"": ""3 - 0"", ""pct"": 14.59}, {""score"": ""1 - 0"", ""pct"": 14.360000000000001}]"
France,Belgium,Neutral,1.46,1.173,43.2,27.3,29.6,43.3,6.6,8.5,29.3,5.2,7.1,58.4,41.6,"[{""score"": ""1 - 1"", ""pct"": 13.22}, {""score"": ""1 - 0"", ""pct"": 10.61}, {""score"": ""2 - 1"", ""pct"": 9.07}]"
Portugal,Austria,Neutral,1.838,0.919,59.3,23.3,17.4,58.6,7.3,8.7,17.8,3.5,4.1,74.6,25.4,"[{""score"": ""1 - 0"", ""pct"": 11.940000000000001}, {""score"": ""2 - 0"", ""pct"": 10.979999999999999}, {""score"": ""2 - 1"", ""pct"": 10.48}]"
Portugal,Iran,Neutral,1.754,0.779,60.9,23.7,15.4,60.8,7.7,9.1,15.1,3.2,4.2,77.5,22.5,"[{""score"": ""1 - 0"", ""pct"": 14.77}, {""score"": ""2 - 0"", ""pct"": 11.98}, {""score"": ""1 - 1"", ""pct"": 10.16}]"
Portugal,Iraq,Neutral,2.4,0.5,80.2,14.6,5.1,80.2,6.4,5.8,5.3,1.0,1.3,92.4,7.6,"[{""score"": ""2 - 0"", ""pct"": 16.220000000000002}, {""score"": ""1 - 0"", ""pct"": 13.84}, {""score"": ""3 - 0"", ""pct"": 12.629999999999999}]"
Portugal,Jordan,Neutral,2.651,0.604,81.7,12.9,5.3,81.8,6.0,4.9,5.3,0.9,1.2,92.6,7.4,"[{""score"": ""2 - 0"", ""pct"": 14.02}, {""score"": ""3 - 0"", ""pct"": 11.35}, {""score"": ""1 - 0"", ""pct"": 11.15}]"
Portugal,Ghana,Neutral,2.374,0.608,77.6,15.8,6.7,77.9,6.6,5.8,6.8,1.3,1.7,90.2,9.8,"[{""score"": ""2 - 0"", ""pct"": 14.92}, {""score"": ""1 - 0"", ""pct"": 13.530000000000001}, {""score"": ""3 - 0"", ""pct"": 10.879999999999999}]"
Portugal,Australia,Neutral,1.787,0.774,61.2,24.0,14.8,60.9,7.4,9.4,15.4,3.0,3.9,77.7,22.3,"[{""score"": ""1 - 0"", ""pct"": 14.219999999999999}, {""score"": ""2 - 0"", ""pct"": 11.84}, {""score"": ""1 - 1"", ""pct"": 10.68}]"
Portugal,Sweden,Neutral,2.029,0.959,63.1,21.9,15.0,61.9,7.7,7.8,16.3,2.9,3.4,77.4,22.6,"[{""score"": ""1 - 0"", ""pct"": 10.8}, {""score"": ""2 - 0"", ""pct"": 10.530000000000001}, {""score"": ""1 - 1"", ""pct"": 9.91}]"
Portugal,Paraguay,Neutral,1.692,0.717,61.2,24.8,13.9,61.5,7.5,9.9,14.4,2.6,4.2,78.8,21.2,"[{""score"": ""1 - 0"", ""pct"": 15.86}, {""score"": ""2 - 0"", ""pct"": 13.04}, {""score"": ""1 - 1"", ""pct"": 11.360000000000001}]"
Portugal,Switzerland,Neutral,1.69,1.051,52.5,25.1,22.4,53.5,6.9,8.1,22.2,4.0,5.2,68.6,31.4,"[{""score"": ""1 - 1"", ""pct"": 11.12}, {""score"": ""1 - 0"", ""pct"": 10.97}, {""score"": ""2 - 1"", ""pct"": 10.01}]"
Portugal,South Korea,Neutral,1.953,0.751,66.4,21.1,12.5,66.5,7.1,8.3,12.6,2.5,3.0,81.9,18.1,"[{""score"": ""1 - 0"", ""pct"": 13.930000000000001}, {""score"": ""2 - 0"", ""pct"": 12.5}, {""score"": ""2 - 1"", ""pct"": 9.8}]"
Portugal,Netherlands,Neutral,1.567,1.282,43.7,26.1,30.1,44.3,6.7,7.9,30.1,5.0,6.0,58.8,41.2,"[{""score"": ""1 - 1"", ""pct"": 11.63}, {""score"": ""1 - 0"", ""pct"": 9.6}, {""score"": ""2 - 1"", ""pct"": 9.16}]"
Portugal,United States,Neutral,2.15,0.79,69.3,19.7,11.0,70.2,6.9,7.0,11.2,2.1,2.7,84.0,16.0,"[{""score"": ""1 - 0"", ""pct"": 11.99}, {""score"": ""2 - 0"", ""pct"": 11.72}, {""score"": ""2 - 1"", ""pct"": 9.68}]"
Portugal,Haiti,Neutral,3.689,0.526,92.4,5.9,1.7,92.7,3.1,1.9,1.9,0.3,0.2,97.7,2.3,"[{""score"": ""3 - 0"", ""pct"": 12.620000000000001}, {""score"": ""4 - 0"", ""pct"": 10.99}, {""score"": ""2 - 0"", ""pct"": 10.209999999999999}]"
Portugal,Germany,Neutral,1.666,1.411,44.0,24.6,31.4,43.1,6.4,7.1,32.1,5.0,6.1,56.7,43.3,"[{""score"": ""1 - 1"", ""pct"": 11.05}, {""score"": ""2 - 1"", ""pct"": 9.6}, {""score"": ""1 - 0"", ""pct"": 8.469999999999999}]"
Portugal,Algeria,Neutral,2.086,0.887,65.8,20.3,13.9,65.1,7.5,7.5,14.1,2.7,3.3,80.0,20.0,"[{""score"": ""2 - 0"", ""pct"": 11.81}, {""score"": ""1 - 0"", ""pct"": 10.94}, {""score"": ""2 - 1"", ""pct"": 10.16}]"
Portugal,Bosnia and Herzegovina,Neutral,2.606,0.654,79.8,13.7,6.6,79.9,6.1,5.0,6.3,1.4,1.3,91.0,9.0,"[{""score"": ""2 - 0"", ""pct"": 13.43}, {""score"": ""3 - 0"", ""pct"": 11.020000000000001}, {""score"": ""1 - 0"", ""pct"": 10.43}]"
Portugal,Brazil,Neutral,1.122,1.384,29.8,27.9,42.3,29.5,5.1,7.8,42.5,6.6,8.4,42.5,57.5,"[{""score"": ""1 - 1"", ""pct"": 13.08}, {""score"": ""0 - 1"", ""pct"": 11.83}, {""score"": ""1 - 0"", ""pct"": 8.799999999999999}]"
Portugal,Colombia,Neutral,1.304,1.112,40.8,29.1,30.1,40.4,6.4,8.8,31.2,5.6,7.5,55.6,44.4,"[{""score"": ""1 - 1"", ""pct"": 13.43}, {""score"": ""1 - 0"", ""pct"": 11.95}, {""score"": ""0 - 0"", ""pct"": 10.09}]"
Portugal,Uzbekistan,Neutral,2.021,0.599,71.4,19.6,9.0,71.3,7.2,8.3,8.9,1.8,2.5,86.8,13.2,"[{""score"": ""1 - 0"", ""pct"": 15.479999999999999}, {""score"": ""2 - 0"", ""pct"": 15.07}, {""score"": ""3 - 0"", ""pct"": 9.85}]"
Portugal,Scotland,Neutral,2.027,0.812,66.4,20.6,13.0,64.9,8.0,8.2,13.2,2.5,3.3,81.1,19.0,"[{""score"": ""1 - 0"", ""pct"": 13.0}, {""score"": ""2 - 0"", ""pct"": 12.02}, {""score"": ""2 - 1"", ""pct"": 9.719999999999999}]"
Portugal,Spain,Neutral,1.153,1.517,28.6,26.9,44.5,27.4,5.1,6.7,45.5,7.0,8.3,39.2,60.8,"[{""score"": ""1 - 1"", ""pct"": 12.540000000000001}, {""score"": ""0 - 1"", ""pct"": 10.54}, {""score"": ""1 - 2"", ""pct"": 9.139999999999999}]"
Portugal,Senegal,Neutral,1.604,0.791,57.0,25.8,17.2,56.6,7.5,9.9,17.2,3.6,5.2,74.0,26.0,"[{""score"": ""1 - 0"", ""pct"": 15.24}, {""score"": ""2 - 0"", ""pct"": 11.19}, {""score"": ""1 - 1"", ""pct"": 11.03}]"
Portugal,Canada,Neutral,2.046,0.717,68.7,20.7,10.6,68.7,7.0,8.1,11.5,1.8,2.9,83.9,16.1,"[{""score"": ""1 - 0"", ""pct"": 13.73}, {""score"": ""2 - 0"", ""pct"": 13.23}, {""score"": ""1 - 1"", ""pct"": 9.28}]"
Portugal,Argentina,Neutral,0.963,1.262,26.9,30.2,42.9,27.0,4.8,7.6,42.9,7.2,10.5,39.4,60.6,"[{""score"": ""0 - 1"", ""pct"": 14.469999999999999}, {""score"": ""1 - 1"", ""pct"": 12.959999999999999}, {""score"": ""0 - 0"", ""pct"": 12.19}]"
Portugal,England,Neutral,1.093,1.222,31.3,29.0,39.7,32.9,5.7,8.8,37.8,5.9,9.0,47.3,52.7,"[{""score"": ""1 - 1"", ""pct"": 13.209999999999999}, {""score"": ""0 - 1"", ""pct"": 12.870000000000001}, {""score"": ""0 - 0"", ""pct"": 10.979999999999999}]"
Portugal,Tunisia,Neutral,1.808,0.646,66.2,22.6,11.2,65.4,7.2,9.7,11.7,2.3,3.6,82.4,17.6,"[{""score"": ""1 - 0"", ""pct"": 16.24}, {""score"": ""2 - 0"", ""pct"": 14.19}, {""score"": ""0 - 0"", ""pct"": 9.629999999999999}]"
Portugal,Turkey,Neutral,2.097,0.973,63.4,20.7,15.8,63.1,7.7,7.0,15.7,3.0,3.6,77.8,22.2,"[{""score"": ""1 - 0"", ""pct"": 10.12}, {""score"": ""2 - 1"", ""pct"": 10.12}, {""score"": ""2 - 0"", ""pct"": 10.0}]"
Portugal,Morocco,Neutral,1.211,0.84,44.1,31.1,24.8,44.0,7.1,11.7,24.7,4.7,7.7,62.9,37.1,"[{""score"": ""1 - 0"", ""pct"": 15.260000000000002}, {""score"": ""0 - 0"", ""pct"": 13.950000000000001}, {""score"": ""1 - 1"", ""pct"": 13.309999999999999}]"
Portugal,Mexico,Neutral,1.672,0.785,57.9,25.6,16.5,58.3,7.8,9.8,16.4,3.2,4.5,75.8,24.2,"[{""score"": ""1 - 0"", ""pct"": 14.56}, {""score"": ""2 - 0"", ""pct"": 11.41}, {""score"": ""1 - 1"", ""pct"": 11.09}]"
Portugal,DR Congo,Neutral,2.076,0.566,73.7,18.7,7.6,73.8,7.0,7.9,7.7,1.5,2.1,88.7,11.3,"[{""score"": ""2 - 0"", ""pct"": 15.65}, {""score"": ""1 - 0"", ""pct"": 15.43}, {""score"": ""3 - 0"", ""pct"": 10.059999999999999}]"
Portugal,Norway,Neutral,1.883,1.048,56.6,23.3,20.1,57.2,7.3,8.0,19.4,3.7,4.5,72.4,27.6,"[{""score"": ""1 - 0"", ""pct"": 11.01}, {""score"": ""1 - 1"", ""pct"": 10.68}, {""score"": ""2 - 1"", ""pct"": 9.66}]"
Portugal,Japan,Neutral,1.707,0.936,55.6,25.3,19.0,56.3,7.3,8.7,18.9,3.8,4.9,72.3,27.7,"[{""score"": ""1 - 0"", ""pct"": 12.879999999999999}, {""score"": ""1 - 1"", ""pct"": 10.83}, {""score"": ""2 - 0"", ""pct"": 10.48}]"
Portugal,Qatar,Neutral,3.33,0.59,89.1,7.9,2.9,89.0,4.2,2.7,3.1,0.4,0.5,95.9,4.1,"[{""score"": ""3 - 0"", ""pct"": 13.03}, {""score"": ""2 - 0"", ""pct"": 11.600000000000001}, {""score"": ""4 - 0"", ""pct"": 9.85}]"
Portugal,Czech Republic,Neutral,2.077,0.829,66.2,20.5,13.2,65.8,7.3,7.9,13.6,2.5,3.0,81.0,19.0,"[{""score"": ""2 - 0"", ""pct"": 11.97}, {""score"": ""1 - 0"", ""pct"": 11.450000000000001}, {""score"": ""2 - 1"", ""pct"": 9.62}]"
Portugal,France,Neutral,1.245,1.256,34.9,29.4,35.7,34.8,6.5,8.5,35.6,6.3,8.2,49.8,50.2,"[{""score"": ""1 - 1"", ""pct"": 13.3}, {""score"": ""0 - 1"", ""pct"": 10.15}, {""score"": ""1 - 0"", ""pct"": 9.75}]"
Portugal,Curaçao,Neutral,4.05,0.395,95.6,3.5,0.9,95.7,2.1,1.2,0.8,0.1,0.1,99.0,1.0,"[{""score"": ""3 - 0"", ""pct"": 13.66}, {""score"": ""4 - 0"", ""pct"": 13.020000000000001}, {""score"": ""5 - 0"", ""pct"": 10.54}]"
Portugal,Cape Verde,Neutral,2.589,0.497,83.2,12.4,4.4,83.3,5.7,5.0,4.3,0.9,1.0,93.9,6.1,"[{""score"": ""2 - 0"", ""pct"": 15.2}, {""score"": ""3 - 0"", ""pct"": 13.459999999999999}, {""score"": ""1 - 0"", ""pct"": 12.520000000000001}]"
Portugal,Panama,Neutral,2.767,0.597,83.3,11.8,5.0,83.3,5.7,4.4,4.7,0.9,1.1,93.4,6.6,"[{""score"": ""2 - 0"", ""pct"": 13.66}, {""score"": ""3 - 0"", ""pct"": 12.17}, {""score"": ""1 - 0"", ""pct"": 9.65}]"
Portugal,Ecuador,Neutral,1.349,0.829,48.7,29.5,21.9,48.9,7.3,11.2,21.6,4.0,7.0,67.4,32.6,"[{""score"": ""1 - 0"", ""pct"": 15.78}, {""score"": ""0 - 0"", ""pct"": 12.8}, {""score"": ""1 - 1"", ""pct"": 12.590000000000002}]"
Portugal,Egypt,Neutral,1.819,0.66,65.8,22.1,12.1,65.7,7.6,9.7,11.6,2.2,3.2,82.9,17.1,"[{""score"": ""1 - 0"", ""pct"": 15.620000000000001}, {""score"": ""2 - 0"", ""pct"": 14.360000000000001}, {""score"": ""2 - 1"", ""pct"": 9.520000000000001}]"
Portugal,Uruguay,Neutral,1.317,0.966,43.8,29.4,26.8,44.1,6.9,10.3,26.5,5.1,7.0,61.3,38.7,"[{""score"": ""1 - 0"", ""pct"": 13.43}, {""score"": ""1 - 1"", ""pct"": 13.13}, {""score"": ""0 - 0"", ""pct"": 11.08}]"
Portugal,Croatia,Neutral,1.56,1.031,49.4,27.4,23.2,48.8,7.5,8.2,24.8,4.6,6.1,64.5,35.5,"[{""score"": ""1 - 1"", ""pct"": 11.91}, {""score"": ""1 - 0"", ""pct"": 11.89}, {""score"": ""2 - 1"", ""pct"": 9.44}]"
Portugal,Ivory Coast,Neutral,1.83,0.719,64.4,22.3,13.3,63.7,7.3,9.0,13.7,2.7,3.5,80.1,19.9,"[{""score"": ""1 - 0"", ""pct"": 15.010000000000002}, {""score"": ""2 - 0"", ""pct"": 12.879999999999999}, {""score"": ""1 - 1"", ""pct"": 9.74}]"
Portugal,Saudi Arabia,Neutral,2.383,0.522,79.4,15.2,5.5,79.2,6.8,6.1,5.0,1.3,1.5,92.2,7.8,"[{""score"": ""2 - 0"", ""pct"": 14.899999999999999}, {""score"": ""1 - 0"", ""pct"": 13.309999999999999}, {""score"": ""3 - 0"", ""pct"": 12.139999999999999}]"
Portugal,South Africa,Neutral,2.356,0.564,77.7,15.9,6.4,77.8,7.3,5.9,6.2,1.2,1.6,91.0,9.0,"[{""score"": ""2 - 0"", ""pct"": 14.91}, {""score"": ""1 - 0"", ""pct"": 13.51}, {""score"": ""3 - 0"", ""pct"": 11.44}]"
Portugal,New Zealand,Neutral,2.625,0.408,84.9,11.5,3.6,84.5,5.6,5.4,3.0,0.6,0.8,95.5,4.5,"[{""score"": ""2 - 0"", ""pct"": 16.98}, {""score"": ""3 - 0"", ""pct"": 13.87}, {""score"": ""1 - 0"", ""pct"": 12.959999999999999}]"
Portugal,Belgium,Neutral,1.533,1.242,43.9,26.7,29.5,43.9,7.0,8.0,29.3,5.5,6.3,58.9,41.1,"[{""score"": ""1 - 1"", ""pct"": 12.4}, {""score"": ""1 - 0"", ""pct"": 10.02}, {""score"": ""2 - 1"", ""pct"": 9.01}]"
Curaçao,Austria,Neutral,0.551,2.823,3.9,10.9,85.2,4.0,0.9,0.9,84.6,5.2,4.4,5.8,94.2,"[{""score"": ""0 - 2"", ""pct"": 14.499999999999998}, {""score"": ""0 - 3"", ""pct"": 12.16}, {""score"": ""0 - 1"", ""pct"": 10.42}]"
Curaçao,Iran,Neutral,0.526,2.393,5.7,14.9,79.4,5.5,1.0,1.2,80.1,6.3,5.8,7.7,92.3,"[{""score"": ""0 - 2"", ""pct"": 15.28}, {""score"": ""0 - 1"", ""pct"": 13.270000000000001}, {""score"": ""0 - 3"", ""pct"": 11.690000000000001}]"
Curaçao,Iraq,Neutral,0.719,1.536,16.6,26.2,57.1,16.3,3.1,5.1,57.4,7.7,10.4,24.5,75.5,"[{""score"": ""0 - 1"", ""pct"": 16.17}, {""score"": ""0 - 2"", ""pct"": 12.42}, {""score"": ""0 - 0"", ""pct"": 11.15}]"
Curaçao,Jordan,Neutral,0.794,1.854,14.1,23.0,62.9,14.2,3.1,3.8,62.5,7.6,8.7,21.2,78.8,"[{""score"": ""0 - 1"", ""pct"": 13.370000000000001}, {""score"": ""0 - 2"", ""pct"": 12.01}, {""score"": ""1 - 1"", ""pct"": 10.33}]"
Curaçao,Ghana,Neutral,0.711,1.866,12.2,22.3,65.6,12.3,2.5,3.6,64.7,7.6,9.3,18.4,81.6,"[{""score"": ""0 - 1"", ""pct"": 14.280000000000001}, {""score"": ""0 - 2"", ""pct"": 13.08}, {""score"": ""1 - 1"", ""pct"": 9.99}]"
Curaçao,Australia,Neutral,0.536,2.377,5.9,15.6,78.5,5.7,1.1,1.6,78.8,6.5,6.3,8.4,91.6,"[{""score"": ""0 - 2"", ""pct"": 14.74}, {""score"": ""0 - 1"", ""pct"": 13.68}, {""score"": ""0 - 3"", ""pct"": 12.139999999999999}]"
Curaçao,Sweden,Neutral,0.608,2.946,4.0,10.7,85.3,4.5,0.7,0.9,84.9,5.1,4.0,6.0,94.0,"[{""score"": ""0 - 2"", ""pct"": 13.020000000000001}, {""score"": ""0 - 3"", ""pct"": 12.26}, {""score"": ""0 - 4"", ""pct"": 9.139999999999999}]"
Curaçao,Paraguay,Neutral,0.507,2.2,5.7,17.0,77.2,6.4,1.2,1.7,77.3,6.3,7.1,9.3,90.7,"[{""score"": ""0 - 2"", ""pct"": 16.79}, {""score"": ""0 - 1"", ""pct"": 15.909999999999998}, {""score"": ""0 - 3"", ""pct"": 11.05}]"
Curaçao,Switzerland,Neutral,0.506,3.226,2.6,8.0,89.5,2.6,0.5,0.5,89.3,4.2,2.9,3.5,96.5,"[{""score"": ""0 - 3"", ""pct"": 13.780000000000001}, {""score"": ""0 - 2"", ""pct"": 13.16}, {""score"": ""0 - 4"", ""pct"": 10.38}]"
Curaçao,South Korea,Neutral,0.585,2.305,6.6,16.9,76.5,7.0,1.4,1.8,76.4,6.6,6.9,10.1,89.9,"[{""score"": ""0 - 2"", ""pct"": 14.84}, {""score"": ""0 - 1"", ""pct"": 13.25}, {""score"": ""0 - 3"", ""pct"": 10.780000000000001}]"
Curaçao,Netherlands,Neutral,0.47,3.937,1.0,4.8,94.2,1.1,0.2,0.2,94.4,2.6,1.4,1.5,98.5,"[{""score"": ""0 - 3"", ""pct"": 12.64}, {""score"": ""0 - 4"", ""pct"": 12.16}, {""score"": ""0 - 2"", ""pct"": 9.99}]"
Curaçao,United States,Neutral,0.644,2.426,6.7,15.2,78.2,6.9,1.3,1.7,77.5,6.2,6.5,9.8,90.2,"[{""score"": ""0 - 2"", ""pct"": 14.21}, {""score"": ""0 - 1"", ""pct"": 12.29}, {""score"": ""0 - 3"", ""pct"": 10.82}]"
Curaçao,Haiti,Neutral,1.105,1.616,25.0,26.0,49.1,25.8,4.2,6.2,48.3,7.0,8.6,36.2,63.8,"[{""score"": ""1 - 1"", ""pct"": 11.33}, {""score"": ""0 - 1"", ""pct"": 11.23}, {""score"": ""1 - 2"", ""pct"": 9.700000000000001}]"
Curaçao,Germany,Neutral,0.499,4.333,1.0,3.2,95.8,0.9,0.2,0.1,95.8,2.1,0.9,1.2,98.8,"[{""score"": ""0 - 4"", ""pct"": 11.450000000000001}, {""score"": ""0 - 3"", ""pct"": 11.12}, {""score"": ""0 - 5"", ""pct"": 10.299999999999999}]"
Curaçao,Algeria,Neutral,0.625,2.723,5.2,12.4,82.4,5.5,1.0,1.1,82.0,5.9,4.5,7.7,92.3,"[{""score"": ""0 - 2"", ""pct"": 13.44}, {""score"": ""0 - 3"", ""pct"": 11.39}, {""score"": ""0 - 1"", ""pct"": 9.98}]"
Curaçao,Bosnia and Herzegovina,Neutral,0.781,2.009,12.4,21.5,66.1,13.0,2.2,3.1,66.0,7.9,7.8,18.4,81.6,"[{""score"": ""0 - 1"", ""pct"": 13.16}, {""score"": ""0 - 2"", ""pct"": 12.559999999999999}, {""score"": ""1 - 2"", ""pct"": 9.94}]"
Curaçao,Brazil,Neutral,0.336,4.251,0.5,3.1,96.4,0.6,0.1,0.0,96.3,2.0,0.9,0.7,99.3,"[{""score"": ""0 - 3"", ""pct"": 14.13}, {""score"": ""0 - 4"", ""pct"": 13.889999999999999}, {""score"": ""0 - 5"", ""pct"": 11.86}]"
Curaçao,Colombia,Neutral,0.391,3.414,1.5,6.0,92.5,1.5,0.2,0.3,92.7,3.4,1.9,2.0,98.0,"[{""score"": ""0 - 3"", ""pct"": 15.0}, {""score"": ""0 - 2"", ""pct"": 12.83}, {""score"": ""0 - 4"", ""pct"": 12.659999999999998}]"
Curaçao,Uzbekistan,Neutral,0.605,1.84,10.1,22.2,67.7,9.9,2.1,3.1,68.0,7.5,9.5,15.0,85.0,"[{""score"": ""0 - 1"", ""pct"": 16.81}, {""score"": ""0 - 2"", ""pct"": 14.48}, {""score"": ""1 - 1"", ""pct"": 9.58}]"
Curaçao,Scotland,Neutral,0.607,2.493,6.3,14.5,79.2,6.1,1.2,1.4,79.1,6.5,5.7,8.7,91.3,"[{""score"": ""0 - 2"", ""pct"": 14.23}, {""score"": ""0 - 1"", ""pct"": 12.17}, {""score"": ""0 - 3"", ""pct"": 11.14}]"
Curaçao,Spain,Neutral,0.345,4.657,0.4,1.9,97.7,0.4,0.1,0.0,97.7,1.5,0.4,0.5,99.5,"[{""score"": ""0 - 4"", ""pct"": 12.839999999999998}, {""score"": ""0 - 5"", ""pct"": 12.45}, {""score"": ""0 - 3"", ""pct"": 11.98}]"
Curaçao,Senegal,Neutral,0.48,2.43,4.9,14.5,80.6,4.8,0.9,1.5,80.8,6.2,5.9,7.2,92.8,"[{""score"": ""0 - 2"", ""pct"": 16.54}, {""score"": ""0 - 1"", ""pct"": 13.4}, {""score"": ""0 - 3"", ""pct"": 12.509999999999998}]"
Curaçao,Canada,Neutral,0.613,2.201,7.9,17.4,74.6,7.7,1.6,2.2,74.0,7.1,7.4,11.5,88.5,"[{""score"": ""0 - 2"", ""pct"": 15.310000000000002}, {""score"": ""0 - 1"", ""pct"": 13.969999999999999}, {""score"": ""0 - 3"", ""pct"": 10.08}]"
Curaçao,Argentina,Neutral,0.288,3.874,0.6,3.9,95.5,0.7,0.1,0.1,96.1,1.9,1.2,0.8,99.2,"[{""score"": ""0 - 3"", ""pct"": 15.22}, {""score"": ""0 - 4"", ""pct"": 14.39}, {""score"": ""0 - 2"", ""pct"": 11.65}]"
Curaçao,England,Neutral,0.327,3.752,0.8,4.2,95.0,0.9,0.1,0.1,95.0,2.4,1.4,1.2,98.8,"[{""score"": ""0 - 3"", ""pct"": 15.120000000000001}, {""score"": ""0 - 4"", ""pct"": 13.91}, {""score"": ""0 - 2"", ""pct"": 11.92}]"
Curaçao,Tunisia,Neutral,0.542,1.983,7.6,20.0,72.5,7.9,1.6,2.3,72.3,7.6,8.3,11.8,88.2,"[{""score"": ""0 - 1"", ""pct"": 16.09}, {""score"": ""0 - 2"", ""pct"": 15.8}, {""score"": ""0 - 3"", ""pct"": 9.93}]"
Curaçao,Turkey,Neutral,0.628,2.989,4.3,10.8,84.9,4.3,0.8,0.7,85.3,5.2,3.7,5.8,94.2,"[{""score"": ""0 - 2"", ""pct"": 12.5}, {""score"": ""0 - 3"", ""pct"": 11.129999999999999}, {""score"": ""0 - 1"", ""pct"": 8.559999999999999}]"
Curaçao,Morocco,Neutral,0.363,2.581,2.8,11.3,85.9,2.8,0.5,0.6,85.8,5.5,4.7,3.9,96.1,"[{""score"": ""0 - 2"", ""pct"": 18.34}, {""score"": ""0 - 3"", ""pct"": 14.69}, {""score"": ""0 - 1"", ""pct"": 14.330000000000002}]"
Curaçao,Mexico,Neutral,0.501,2.41,5.0,14.5,80.5,5.3,1.0,1.3,80.4,6.3,5.8,7.5,92.5,"[{""score"": ""0 - 2"", ""pct"": 15.770000000000001}, {""score"": ""0 - 1"", ""pct"": 13.420000000000002}, {""score"": ""0 - 3"", ""pct"": 12.31}]"
Curaçao,DR Congo,Neutral,0.622,1.739,11.9,23.3,64.8,11.4,2.3,3.4,64.8,7.9,10.1,17.1,82.9,"[{""score"": ""0 - 1"", ""pct"": 17.419999999999998}, {""score"": ""0 - 2"", ""pct"": 13.459999999999999}, {""score"": ""0 - 0"", ""pct"": 10.459999999999999}]"
Curaçao,Norway,Neutral,0.564,3.218,2.8,8.3,88.9,3.3,0.5,0.5,88.0,4.4,3.2,4.3,95.7,"[{""score"": ""0 - 3"", ""pct"": 12.42}, {""score"": ""0 - 2"", ""pct"": 12.1}, {""score"": ""0 - 4"", ""pct"": 10.43}]"
Curaçao,Japan,Neutral,0.511,2.873,3.5,10.3,86.2,3.9,0.7,0.7,86.1,4.9,3.8,5.3,94.7,"[{""score"": ""0 - 3"", ""pct"": 13.68}, {""score"": ""0 - 2"", ""pct"": 13.62}, {""score"": ""0 - 1"", ""pct"": 10.290000000000001}]"
Curaçao,Qatar,Neutral,0.998,1.811,19.5,23.8,56.7,19.6,3.9,4.5,56.1,7.7,8.2,28.0,72.0,"[{""score"": ""0 - 1"", ""pct"": 11.55}, {""score"": ""1 - 1"", ""pct"": 10.4}, {""score"": ""1 - 2"", ""pct"": 9.950000000000001}]"
Curaçao,Czech Republic,Neutral,0.622,2.544,6.3,14.2,79.5,6.1,1.2,1.3,79.8,5.9,5.6,8.7,91.3,"[{""score"": ""0 - 2"", ""pct"": 13.83}, {""score"": ""0 - 1"", ""pct"": 11.41}, {""score"": ""0 - 3"", ""pct"": 11.08}]"
Curaçao,France,Neutral,0.373,3.856,1.0,4.3,94.7,0.8,0.2,0.2,94.7,2.8,1.4,1.1,98.9,"[{""score"": ""0 - 3"", ""pct"": 14.26}, {""score"": ""0 - 4"", ""pct"": 13.600000000000001}, {""score"": ""0 - 2"", ""pct"": 11.709999999999999}]"
Curaçao,Portugal,Neutral,0.395,4.05,0.8,3.9,95.3,0.8,0.1,0.1,95.9,2.1,0.9,1.0,99.0,"[{""score"": ""0 - 3"", ""pct"": 13.23}, {""score"": ""0 - 4"", ""pct"": 13.059999999999999}, {""score"": ""0 - 5"", ""pct"": 10.299999999999999}]"
Curaçao,Cape Verde,Neutral,0.776,1.525,17.6,28.2,54.2,18.0,3.3,5.5,54.9,7.7,10.6,26.8,73.2,"[{""score"": ""0 - 1"", ""pct"": 15.2}, {""score"": ""1 - 1"", ""pct"": 12.709999999999999}, {""score"": ""0 - 0"", ""pct"": 11.53}]"
Curaçao,Panama,Neutral,0.829,1.833,15.4,24.0,60.6,15.4,2.8,4.3,60.8,7.5,9.3,22.4,77.6,"[{""score"": ""0 - 1"", ""pct"": 13.370000000000001}, {""score"": ""0 - 2"", ""pct"": 11.39}, {""score"": ""1 - 1"", ""pct"": 10.530000000000001}]"
Curaçao,Ecuador,Neutral,0.404,2.545,3.5,12.0,84.5,3.4,0.6,0.7,84.3,5.6,5.4,4.7,95.3,"[{""score"": ""0 - 2"", ""pct"": 17.18}, {""score"": ""0 - 1"", ""pct"": 13.919999999999998}, {""score"": ""0 - 3"", ""pct"": 13.8}]"
Curaçao,Egypt,Neutral,0.545,2.027,7.9,19.8,72.4,7.6,1.8,2.2,73.2,7.0,8.2,11.6,88.4,"[{""score"": ""0 - 1"", ""pct"": 16.5}, {""score"": ""0 - 2"", ""pct"": 15.379999999999999}, {""score"": ""0 - 3"", ""pct"": 9.85}]"
Curaçao,Uruguay,Neutral,0.395,2.967,2.2,9.0,88.8,2.0,0.6,0.5,89.2,4.2,3.6,3.0,97.0,"[{""score"": ""0 - 2"", ""pct"": 15.76}, {""score"": ""0 - 3"", ""pct"": 14.829999999999998}, {""score"": ""0 - 1"", ""pct"": 10.780000000000001}]"
Curaçao,Croatia,Neutral,0.467,3.166,2.5,8.1,89.5,2.4,0.6,0.4,89.4,4.2,2.9,3.5,96.5,"[{""score"": ""0 - 2"", ""pct"": 14.24}, {""score"": ""0 - 3"", ""pct"": 14.21}, {""score"": ""0 - 4"", ""pct"": 10.549999999999999}]"
Curaçao,Ivory Coast,Neutral,0.548,2.206,6.6,16.9,76.4,6.9,1.4,1.7,76.2,6.7,7.2,10.0,90.0,"[{""score"": ""0 - 1"", ""pct"": 15.370000000000001}, {""score"": ""0 - 2"", ""pct"": 15.340000000000002}, {""score"": ""0 - 3"", ""pct"": 10.9}]"
Curaçao,Saudi Arabia,Neutral,0.714,1.604,15.0,26.0,59.1,15.6,2.7,4.9,58.6,7.9,10.3,23.2,76.8,"[{""score"": ""0 - 1"", ""pct"": 16.54}, {""score"": ""0 - 2"", ""pct"": 12.06}, {""score"": ""1 - 1"", ""pct"": 11.49}]"
Curaçao,South Africa,Neutral,0.706,1.732,13.2,24.9,61.9,13.7,3.0,4.1,61.7,7.6,10.0,20.7,79.3,"[{""score"": ""0 - 1"", ""pct"": 14.69}, {""score"": ""0 - 2"", ""pct"": 12.870000000000001}, {""score"": ""1 - 1"", ""pct"": 11.03}]"
Curaçao,New Zealand,Neutral,0.787,1.254,21.9,30.6,47.4,22.3,4.3,7.5,46.8,7.0,12.1,34.1,65.9,"[{""score"": ""0 - 1"", ""pct"": 17.07}, {""score"": ""0 - 0"", ""pct"": 13.969999999999999}, {""score"": ""1 - 1"", ""pct"": 12.75}]"
Curaçao,Belgium,Neutral,0.459,3.813,1.2,4.9,93.9,1.3,0.2,0.1,93.9,2.8,1.6,1.6,98.4,"[{""score"": ""0 - 3"", ""pct"": 13.100000000000001}, {""score"": ""0 - 4"", ""pct"": 11.790000000000001}, {""score"": ""0 - 2"", ""pct"": 10.86}]"
Cape Verde,Austria,Neutral,0.692,1.805,12.2,23.1,64.7,13.1,2.6,3.8,63.8,7.3,9.4,19.5,80.5,"[{""score"": ""0 - 1"", ""pct"": 15.28}, {""score"": ""0 - 2"", ""pct"": 13.58}, {""score"": ""1 - 1"", ""pct"": 10.32}]"
Cape Verde,Iran,Neutral,0.661,1.53,15.1,26.8,58.1,15.4,2.9,4.7,57.7,7.9,11.3,23.1,76.9,"[{""score"": ""0 - 1"", ""pct"": 17.48}, {""score"": ""0 - 2"", ""pct"": 12.540000000000001}, {""score"": ""0 - 0"", ""pct"": 12.13}]"
Cape Verde,Iraq,Neutral,0.904,0.982,30.8,33.3,35.9,30.8,6.1,9.9,35.1,6.2,11.9,46.7,53.3,"[{""score"": ""0 - 0"", ""pct"": 16.53}, {""score"": ""0 - 1"", ""pct"": 15.14}, {""score"": ""1 - 0"", ""pct"": 13.5}]"
Cape Verde,Jordan,Neutral,0.998,1.185,29.9,30.7,39.4,29.7,5.3,8.0,39.1,7.3,10.6,43.0,57.0,"[{""score"": ""0 - 1"", ""pct"": 13.65}, {""score"": ""1 - 1"", ""pct"": 13.19}, {""score"": ""0 - 0"", ""pct"": 12.85}]"
Cape Verde,Ghana,Neutral,0.894,1.193,26.1,30.5,43.4,26.7,5.0,7.9,42.2,7.2,10.9,39.6,60.4,"[{""score"": ""0 - 1"", ""pct"": 15.329999999999998}, {""score"": ""1 - 1"", ""pct"": 13.25}, {""score"": ""0 - 0"", ""pct"": 12.8}]"
Cape Verde,Australia,Neutral,0.673,1.519,15.6,27.6,56.8,15.4,3.1,4.8,57.4,7.9,11.5,23.3,76.7,"[{""score"": ""0 - 1"", ""pct"": 16.64}, {""score"": ""0 - 0"", ""pct"": 12.659999999999998}, {""score"": ""0 - 2"", ""pct"": 12.17}]"
Cape Verde,Sweden,Neutral,0.764,1.883,14.2,22.0,63.8,13.3,2.5,3.5,64.2,7.9,8.7,19.2,80.8,"[{""score"": ""0 - 1"", ""pct"": 13.65}, {""score"": ""0 - 2"", ""pct"": 12.01}, {""score"": ""1 - 1"", ""pct"": 9.99}]"
Cape Verde,Paraguay,Neutral,0.637,1.406,15.5,29.0,55.4,16.1,3.2,5.2,55.3,8.0,12.2,24.5,75.5,"[{""score"": ""0 - 1"", ""pct"": 18.82}, {""score"": ""0 - 0"", ""pct"": 14.16}, {""score"": ""0 - 2"", ""pct"": 12.3}]"
Cape Verde,Switzerland,Neutral,0.636,2.062,9.4,19.0,71.5,8.7,1.7,2.4,71.6,7.5,8.1,12.8,87.2,"[{""score"": ""0 - 1"", ""pct"": 14.69}, {""score"": ""0 - 2"", ""pct"": 14.13}, {""score"": ""0 - 3"", ""pct"": 9.62}]"
Cape Verde,South Korea,Neutral,0.735,1.474,18.0,27.3,54.8,17.3,3.8,5.9,54.5,7.6,10.9,27.0,73.0,"[{""score"": ""0 - 1"", ""pct"": 16.16}, {""score"": ""0 - 0"", ""pct"": 11.97}, {""score"": ""0 - 2"", ""pct"": 11.940000000000001}]"
Cape Verde,Netherlands,Neutral,0.59,2.517,5.9,14.7,79.4,6.0,1.2,1.2,79.5,6.4,5.7,8.4,91.6,"[{""score"": ""0 - 2"", ""pct"": 14.27}, {""score"": ""0 - 1"", ""pct"": 11.12}, {""score"": ""0 - 3"", ""pct"": 11.05}]"
Cape Verde,United States,Neutral,0.81,1.551,19.1,27.2,53.7,18.3,3.9,5.3,54.7,7.7,10.1,27.5,72.5,"[{""score"": ""0 - 1"", ""pct"": 14.729999999999999}, {""score"": ""1 - 1"", ""pct"": 11.88}, {""score"": ""0 - 0"", ""pct"": 10.67}]"
Cape Verde,Haiti,Neutral,1.389,1.033,44.6,28.2,27.2,45.0,7.1,9.1,26.7,4.9,7.1,61.2,38.8,"[{""score"": ""1 - 0"", ""pct"": 12.379999999999999}, {""score"": ""1 - 1"", ""pct"": 12.36}, {""score"": ""0 - 0"", ""pct"": 10.02}]"
Cape Verde,Germany,Neutral,0.627,2.77,5.1,12.0,82.9,4.9,1.0,0.8,83.2,5.7,4.4,6.7,93.3,"[{""score"": ""0 - 2"", ""pct"": 13.28}, {""score"": ""0 - 3"", ""pct"": 11.75}, {""score"": ""0 - 1"", ""pct"": 10.15}]"
Cape Verde,Algeria,Neutral,0.785,1.741,14.5,24.7,60.7,15.2,3.2,4.1,60.6,7.7,9.2,22.5,77.5,"[{""score"": ""0 - 1"", ""pct"": 14.469999999999999}, {""score"": ""0 - 2"", ""pct"": 11.959999999999999}, {""score"": ""1 - 1"", ""pct"": 11.05}]"
Cape Verde,Bosnia and Herzegovina,Neutral,0.981,1.284,27.0,29.2,43.9,27.2,5.4,7.8,43.0,6.9,9.9,40.3,59.7,"[{""score"": ""0 - 1"", ""pct"": 14.330000000000002}, {""score"": ""1 - 1"", ""pct"": 12.57}, {""score"": ""0 - 0"", ""pct"": 11.57}]"
Cape Verde,Brazil,Neutral,0.422,2.717,3.1,10.9,86.0,2.9,0.6,0.7,86.4,5.1,4.3,4.2,95.8,"[{""score"": ""0 - 2"", ""pct"": 15.78}, {""score"": ""0 - 3"", ""pct"": 14.69}, {""score"": ""0 - 1"", ""pct"": 12.24}]"
Cape Verde,Colombia,Neutral,0.491,2.182,6.0,17.1,77.0,6.2,1.0,1.6,76.9,6.9,7.4,8.7,91.3,"[{""score"": ""0 - 2"", ""pct"": 16.88}, {""score"": ""0 - 1"", ""pct"": 14.59}, {""score"": ""0 - 3"", ""pct"": 11.700000000000001}]"
Cape Verde,Uzbekistan,Neutral,0.761,1.176,22.6,32.1,45.3,22.9,4.4,8.0,45.2,7.6,11.9,35.3,64.7,"[{""score"": ""0 - 1"", ""pct"": 16.56}, {""score"": ""0 - 0"", ""pct"": 15.559999999999999}, {""score"": ""1 - 1"", ""pct"": 12.91}]"
Cape Verde,Scotland,Neutral,0.763,1.593,16.5,26.2,57.3,16.5,3.2,5.0,57.2,7.8,10.3,24.8,75.2,"[{""score"": ""0 - 1"", ""pct"": 15.040000000000001}, {""score"": ""0 - 2"", ""pct"": 11.799999999999999}, {""score"": ""1 - 1"", ""pct"": 11.68}]"
Cape Verde,Spain,Neutral,0.434,2.977,2.7,8.8,88.5,2.8,0.5,0.5,88.1,4.6,3.5,3.8,96.2,"[{""score"": ""0 - 2"", ""pct"": 14.89}, {""score"": ""0 - 3"", ""pct"": 14.71}, {""score"": ""0 - 1"", ""pct"": 10.6}]"
Cape Verde,Senegal,Neutral,0.604,1.553,13.3,26.1,60.7,13.2,2.6,4.3,61.0,8.0,11.0,20.0,80.0,"[{""score"": ""0 - 1"", ""pct"": 18.77}, {""score"": ""0 - 2"", ""pct"": 13.100000000000001}, {""score"": ""0 - 0"", ""pct"": 12.55}]"
Cape Verde,Canada,Neutral,0.77,1.407,19.8,28.3,51.9,19.4,4.1,6.3,51.8,7.1,11.4,29.8,70.2,"[{""score"": ""0 - 1"", ""pct"": 16.55}, {""score"": ""0 - 0"", ""pct"": 12.42}, {""score"": ""1 - 1"", ""pct"": 11.93}]"
Cape Verde,Argentina,Neutral,0.362,2.477,3.2,12.8,84.0,3.2,0.7,0.8,84.5,5.6,5.1,4.7,95.3,"[{""score"": ""0 - 2"", ""pct"": 17.79}, {""score"": ""0 - 1"", ""pct"": 15.379999999999999}, {""score"": ""0 - 3"", ""pct"": 14.729999999999999}]"
Cape Verde,England,Neutral,0.411,2.399,3.7,13.8,82.5,3.7,0.9,0.8,82.7,5.7,6.0,5.5,94.5,"[{""score"": ""0 - 2"", ""pct"": 17.4}, {""score"": ""0 - 1"", ""pct"": 14.860000000000001}, {""score"": ""0 - 3"", ""pct"": 13.200000000000001}]"
Cape Verde,Tunisia,Neutral,0.681,1.267,18.8,30.5,50.6,19.1,4.1,7.1,49.4,7.2,13.2,30.3,69.7,"[{""score"": ""0 - 1"", ""pct"": 18.0}, {""score"": ""0 - 0"", ""pct"": 15.83}, {""score"": ""0 - 2"", ""pct"": 11.709999999999999}]"
Cape Verde,Turkey,Neutral,0.789,1.911,13.6,22.2,64.3,14.0,2.5,3.4,64.1,7.8,8.2,19.9,80.1,"[{""score"": ""0 - 1"", ""pct"": 13.13}, {""score"": ""0 - 2"", ""pct"": 12.02}, {""score"": ""1 - 1"", ""pct"": 10.290000000000001}]"
Cape Verde,Morocco,Neutral,0.456,1.65,9.0,23.5,67.5,8.6,1.8,3.2,67.0,7.8,11.6,13.6,86.4,"[{""score"": ""0 - 1"", ""pct"": 19.96}, {""score"": ""0 - 2"", ""pct"": 16.55}, {""score"": ""0 - 0"", ""pct"": 12.76}]"
Cape Verde,Mexico,Neutral,0.629,1.54,13.6,26.1,60.3,13.7,2.5,4.7,60.6,7.5,11.0,20.9,79.1,"[{""score"": ""0 - 1"", ""pct"": 18.27}, {""score"": ""0 - 2"", ""pct"": 13.489999999999998}, {""score"": ""0 - 0"", ""pct"": 12.33}]"
Cape Verde,DR Congo,Neutral,0.782,1.111,24.9,33.1,42.0,24.3,4.9,8.6,42.8,7.0,12.3,37.8,62.1,"[{""score"": ""0 - 0"", ""pct"": 16.68}, {""score"": ""0 - 1"", ""pct"": 16.05}, {""score"": ""1 - 1"", ""pct"": 12.97}]"
Cape Verde,Norway,Neutral,0.709,2.057,10.3,20.4,69.3,10.4,2.0,2.7,69.5,7.2,8.3,15.1,85.0,"[{""score"": ""0 - 1"", ""pct"": 14.05}, {""score"": ""0 - 2"", ""pct"": 12.76}, {""score"": ""1 - 2"", ""pct"": 9.66}]"
Cape Verde,Japan,Neutral,0.643,1.836,11.0,22.4,66.7,11.6,2.2,3.2,65.9,7.9,9.2,17.0,83.0,"[{""score"": ""0 - 1"", ""pct"": 15.89}, {""score"": ""0 - 2"", ""pct"": 13.83}, {""score"": ""1 - 1"", ""pct"": 10.38}]"
Cape Verde,Qatar,Neutral,1.254,1.158,38.2,29.1,32.6,37.6,6.6,8.7,33.1,5.7,8.2,52.9,47.1,"[{""score"": ""1 - 1"", ""pct"": 13.26}, {""score"": ""1 - 0"", ""pct"": 11.32}, {""score"": ""0 - 1"", ""pct"": 10.440000000000001}]"
Cape Verde,Czech Republic,Neutral,0.782,1.626,16.8,26.1,57.1,16.9,3.4,4.7,57.4,7.4,10.2,25.0,75.0,"[{""score"": ""0 - 1"", ""pct"": 15.770000000000001}, {""score"": ""0 - 2"", ""pct"": 11.44}, {""score"": ""1 - 1"", ""pct"": 11.379999999999999}]"
Cape Verde,France,Neutral,0.469,2.465,4.5,14.1,81.4,4.5,0.8,1.1,82.5,5.6,5.5,6.4,93.6,"[{""score"": ""0 - 2"", ""pct"": 16.23}, {""score"": ""0 - 1"", ""pct"": 13.59}, {""score"": ""0 - 3"", ""pct"": 12.83}]"
Cape Verde,Portugal,Neutral,0.497,2.589,3.8,12.7,83.6,4.0,0.7,0.8,83.8,5.7,5.1,5.4,94.6,"[{""score"": ""0 - 2"", ""pct"": 15.2}, {""score"": ""0 - 3"", ""pct"": 13.200000000000001}, {""score"": ""0 - 1"", ""pct"": 12.29}]"
Cape Verde,Curaçao,Neutral,1.525,0.776,55.6,26.6,17.8,55.1,7.3,10.4,18.1,3.4,5.9,72.7,27.3,"[{""score"": ""1 - 0"", ""pct"": 16.66}, {""score"": ""1 - 1"", ""pct"": 11.76}, {""score"": ""2 - 0"", ""pct"": 11.52}]"
Cape Verde,Panama,Neutral,1.042,1.172,31.0,30.3,38.6,31.7,5.2,9.0,38.0,6.5,9.6,46.0,54.1,"[{""score"": ""1 - 1"", ""pct"": 13.120000000000001}, {""score"": ""0 - 1"", ""pct"": 12.61}, {""score"": ""0 - 0"", ""pct"": 12.18}]"
Cape Verde,Ecuador,Neutral,0.508,1.627,10.1,25.0,64.9,10.0,2.0,3.5,65.2,8.0,11.2,15.6,84.4,"[{""score"": ""0 - 1"", ""pct"": 19.23}, {""score"": ""0 - 2"", ""pct"": 15.559999999999999}, {""score"": ""0 - 0"", ""pct"": 12.97}]"
Cape Verde,Egypt,Neutral,0.685,1.295,18.1,30.0,51.9,18.7,3.7,6.2,50.5,7.8,13.0,28.7,71.3,"[{""score"": ""0 - 1"", ""pct"": 18.26}, {""score"": ""0 - 0"", ""pct"": 15.110000000000001}, {""score"": ""1 - 1"", ""pct"": 11.86}]"
Cape Verde,Uruguay,Neutral,0.496,1.896,7.8,20.8,71.3,7.8,1.6,2.4,72.3,7.1,8.7,11.8,88.2,"[{""score"": ""0 - 1"", ""pct"": 17.549999999999997}, {""score"": ""0 - 2"", ""pct"": 16.439999999999998}, {""score"": ""0 - 0"", ""pct"": 10.36}]"
Cape Verde,Croatia,Neutral,0.587,2.024,8.7,19.6,71.7,8.6,1.7,2.5,71.9,7.0,8.4,12.8,87.2,"[{""score"": ""0 - 1"", ""pct"": 15.06}, {""score"": ""0 - 2"", ""pct"": 14.77}, {""score"": ""0 - 3"", ""pct"": 9.790000000000001}]"
Cape Verde,Ivory Coast,Neutral,0.689,1.41,17.2,28.9,54.0,16.6,3.5,5.8,54.6,7.9,11.7,25.8,74.2,"[{""score"": ""0 - 1"", ""pct"": 17.51}, {""score"": ""0 - 0"", ""pct"": 13.270000000000001}, {""score"": ""1 - 1"", ""pct"": 12.23}]"
Cape Verde,Saudi Arabia,Neutral,0.897,1.025,30.4,32.3,37.3,30.3,5.7,9.6,36.9,6.6,10.9,45.6,54.4,"[{""score"": ""0 - 0"", ""pct"": 15.190000000000001}, {""score"": ""0 - 1"", ""pct"": 14.91}, {""score"": ""1 - 1"", ""pct"": 13.270000000000001}]"
Cape Verde,South Africa,Neutral,0.887,1.107,26.9,32.0,41.0,28.1,5.4,8.8,39.9,6.2,11.6,42.3,57.7,"[{""score"": ""0 - 1"", ""pct"": 15.75}, {""score"": ""0 - 0"", ""pct"": 15.160000000000002}, {""score"": ""1 - 1"", ""pct"": 12.9}]"
Cape Verde,New Zealand,Neutral,0.988,0.802,37.6,35.3,27.1,38.3,6.6,12.0,28.5,5.0,9.6,56.8,43.2,"[{""score"": ""0 - 0"", ""pct"": 18.61}, {""score"": ""1 - 0"", ""pct"": 16.31}, {""score"": ""1 - 1"", ""pct"": 13.420000000000002}]"
Cape Verde,Belgium,Neutral,0.577,2.437,5.7,14.1,80.2,6.2,1.2,1.1,78.6,6.9,6.0,8.6,91.5,"[{""score"": ""0 - 2"", ""pct"": 15.010000000000002}, {""score"": ""0 - 1"", ""pct"": 12.97}, {""score"": ""0 - 3"", ""pct"": 11.51}]"
Panama,Austria,Neutral,0.832,1.929,14.0,21.4,64.5,14.5,2.5,3.6,63.5,7.4,8.4,20.6,79.4,"[{""score"": ""0 - 1"", ""pct"": 12.76}, {""score"": ""0 - 2"", ""pct"": 11.95}, {""score"": ""1 - 2"", ""pct"": 10.03}]"
Panama,Iran,Neutral,0.794,1.635,16.3,26.3,57.4,16.2,3.2,5.5,57.4,8.1,9.7,24.9,75.1,"[{""score"": ""0 - 1"", ""pct"": 15.17}, {""score"": ""1 - 1"", ""pct"": 11.75}, {""score"": ""0 - 2"", ""pct"": 11.07}]"
Panama,Iraq,Neutral,1.086,1.049,35.3,30.6,34.2,36.0,5.9,9.6,33.1,5.9,9.6,51.4,48.6,"[{""score"": ""1 - 1"", ""pct"": 13.04}, {""score"": ""0 - 0"", ""pct"": 12.8}, {""score"": ""1 - 0"", ""pct"": 12.64}]"
Panama,Jordan,Neutral,1.2,1.267,33.7,28.9,37.4,34.6,6.2,7.2,37.2,6.3,8.5,48.1,51.9,"[{""score"": ""1 - 1"", ""pct"": 12.889999999999999}, {""score"": ""0 - 1"", ""pct"": 11.15}, {""score"": ""1 - 0"", ""pct"": 10.33}]"
Panama,Ghana,Neutral,1.074,1.275,30.6,29.6,39.8,29.7,5.3,7.9,41.0,6.8,9.3,42.8,57.2,"[{""score"": ""1 - 1"", ""pct"": 13.350000000000001}, {""score"": ""0 - 1"", ""pct"": 12.370000000000001}, {""score"": ""0 - 0"", ""pct"": 10.45}]"
Panama,Australia,Neutral,0.809,1.624,18.0,25.5,56.5,17.3,3.3,5.0,56.6,8.2,9.6,25.6,74.4,"[{""score"": ""0 - 1"", ""pct"": 14.08}, {""score"": ""0 - 2"", ""pct"": 11.799999999999999}, {""score"": ""1 - 1"", ""pct"": 11.35}]"
Panama,Sweden,Neutral,0.918,2.013,15.3,22.7,62.0,15.3,3.2,3.6,63.0,7.2,7.7,22.1,77.9,"[{""score"": ""0 - 1"", ""pct"": 11.49}, {""score"": ""0 - 2"", ""pct"": 11.03}, {""score"": ""1 - 1"", ""pct"": 10.43}]"
Panama,Paraguay,Neutral,0.766,1.503,17.5,27.6,55.0,18.7,3.4,5.4,53.6,8.2,10.6,27.6,72.4,"[{""score"": ""0 - 1"", ""pct"": 16.13}, {""score"": ""1 - 1"", ""pct"": 11.77}, {""score"": ""0 - 2"", ""pct"": 11.63}]"
Panama,Switzerland,Neutral,0.765,2.204,10.4,18.6,71.0,10.6,2.0,2.6,70.8,6.9,7.1,15.2,84.8,"[{""score"": ""0 - 2"", ""pct"": 12.97}, {""score"": ""0 - 1"", ""pct"": 11.81}, {""score"": ""1 - 2"", ""pct"": 9.21}]"
Panama,South Korea,Neutral,0.884,1.575,19.9,25.9,54.2,20.2,4.1,5.5,52.3,8.2,9.7,29.8,70.2,"[{""score"": ""0 - 1"", ""pct"": 14.05}, {""score"": ""1 - 1"", ""pct"": 11.17}, {""score"": ""0 - 2"", ""pct"": 10.040000000000001}]"
Panama,Netherlands,Neutral,0.709,2.69,6.8,13.3,79.9,6.3,1.1,1.4,80.2,5.9,5.1,8.8,91.2,"[{""score"": ""0 - 2"", ""pct"": 12.709999999999999}, {""score"": ""0 - 3"", ""pct"": 10.66}, {""score"": ""0 - 1"", ""pct"": 9.46}]"
Panama,United States,Neutral,0.973,1.658,21.4,25.4,53.3,21.4,4.2,5.2,53.1,7.5,8.6,30.9,69.1,"[{""score"": ""0 - 1"", ""pct"": 12.27}, {""score"": ""1 - 1"", ""pct"": 11.24}, {""score"": ""1 - 2"", ""pct"": 10.08}]"
Panama,Haiti,Neutral,1.67,1.104,49.7,26.2,24.1,48.8,8.1,8.3,25.1,4.5,5.1,65.2,34.8,"[{""score"": ""1 - 1"", ""pct"": 11.360000000000001}, {""score"": ""1 - 0"", ""pct"": 11.21}, {""score"": ""2 - 1"", ""pct"": 9.47}]"
Panama,Germany,Neutral,0.754,2.961,5.7,12.1,82.2,5.4,1.0,1.2,82.4,5.6,4.4,7.6,92.4,"[{""score"": ""0 - 2"", ""pct"": 11.1}, {""score"": ""0 - 3"", ""pct"": 10.280000000000001}, {""score"": ""1 - 3"", ""pct"": 8.540000000000001}]"
Panama,Algeria,Neutral,0.944,1.861,17.5,22.9,59.5,17.8,3.3,4.3,58.6,8.0,8.1,25.3,74.7,"[{""score"": ""0 - 1"", ""pct"": 11.76}, {""score"": ""0 - 2"", ""pct"": 10.52}, {""score"": ""1 - 1"", ""pct"": 10.190000000000001}]"
Panama,Bosnia and Herzegovina,Neutral,1.179,1.373,31.5,27.1,41.4,30.8,5.6,7.3,41.5,6.1,8.6,43.7,56.3,"[{""score"": ""1 - 1"", ""pct"": 12.1}, {""score"": ""0 - 1"", ""pct"": 11.07}, {""score"": ""1 - 0"", ""pct"": 9.36}]"
Panama,Brazil,Neutral,0.508,2.905,3.4,10.4,86.2,3.3,0.6,0.8,86.5,5.0,3.8,4.7,95.3,"[{""score"": ""0 - 3"", ""pct"": 13.639999999999999}, {""score"": ""0 - 2"", ""pct"": 13.56}, {""score"": ""0 - 1"", ""pct"": 9.959999999999999}]"
Panama,Colombia,Neutral,0.59,2.333,6.8,16.1,77.1,6.7,1.1,2.0,76.6,7.0,6.5,9.8,90.2,"[{""score"": ""0 - 2"", ""pct"": 15.190000000000001}, {""score"": ""0 - 1"", ""pct"": 13.16}, {""score"": ""0 - 3"", ""pct"": 11.03}]"
Panama,Uzbekistan,Neutral,0.915,1.257,25.7,29.6,44.7,25.9,5.0,7.7,43.2,7.4,10.8,38.6,61.4,"[{""score"": ""0 - 1"", ""pct"": 15.55}, {""score"": ""1 - 1"", ""pct"": 12.65}, {""score"": ""0 - 0"", ""pct"": 12.17}]"
Panama,Scotland,Neutral,0.917,1.703,19.7,24.5,55.8,19.5,3.4,4.8,55.1,8.5,8.7,27.7,72.3,"[{""score"": ""0 - 1"", ""pct"": 13.26}, {""score"": ""1 - 1"", ""pct"": 11.110000000000001}, {""score"": ""0 - 2"", ""pct"": 10.38}]"
Panama,Spain,Neutral,0.522,3.182,3.0,9.1,87.9,2.6,0.5,0.6,89.1,4.7,2.6,3.7,96.3,"[{""score"": ""0 - 2"", ""pct"": 12.94}, {""score"": ""0 - 3"", ""pct"": 12.889999999999999}, {""score"": ""0 - 4"", ""pct"": 10.45}]"
Panama,Senegal,Neutral,0.726,1.66,15.1,24.9,60.0,14.9,3.0,4.5,60.2,8.0,9.4,22.5,77.6,"[{""score"": ""0 - 1"", ""pct"": 15.43}, {""score"": ""0 - 2"", ""pct"": 12.740000000000002}, {""score"": ""1 - 1"", ""pct"": 10.69}]"
Panama,Canada,Neutral,0.926,1.504,22.2,27.3,50.5,22.3,4.3,6.3,49.8,7.3,10.0,32.9,67.1,"[{""score"": ""0 - 1"", ""pct"": 13.200000000000001}, {""score"": ""1 - 1"", ""pct"": 12.04}, {""score"": ""0 - 0"", ""pct"": 9.67}]"
Panama,Argentina,Neutral,0.436,2.647,3.3,11.3,85.4,3.5,0.5,0.7,85.3,5.1,5.0,4.6,95.4,"[{""score"": ""0 - 2"", ""pct"": 17.01}, {""score"": ""0 - 3"", ""pct"": 14.14}, {""score"": ""0 - 1"", ""pct"": 12.41}]"
Panama,England,Neutral,0.494,2.564,3.9,12.9,83.1,4.2,0.9,0.9,83.2,5.9,4.9,6.0,94.0,"[{""score"": ""0 - 2"", ""pct"": 15.0}, {""score"": ""0 - 1"", ""pct"": 13.41}, {""score"": ""0 - 3"", ""pct"": 12.889999999999999}]"
Panama,Tunisia,Neutral,0.818,1.355,22.1,29.3,48.5,21.3,4.5,6.9,48.8,7.3,11.3,32.6,67.4,"[{""score"": ""0 - 1"", ""pct"": 15.809999999999999}, {""score"": ""0 - 0"", ""pct"": 12.43}, {""score"": ""1 - 1"", ""pct"": 12.35}]"
Panama,Turkey,Neutral,0.949,2.042,15.3,22.1,62.6,15.2,2.9,3.7,62.9,7.6,7.7,21.9,78.1,"[{""score"": ""0 - 1"", ""pct"": 10.8}, {""score"": ""0 - 2"", ""pct"": 10.059999999999999}, {""score"": ""1 - 1"", ""pct"": 10.01}]"
Panama,Morocco,Neutral,0.548,1.763,9.6,23.4,66.9,9.1,1.9,2.8,68.2,7.9,10.0,13.8,86.2,"[{""score"": ""0 - 1"", ""pct"": 18.19}, {""score"": ""0 - 2"", ""pct"": 15.22}, {""score"": ""0 - 0"", ""pct"": 11.03}]"
Panama,Mexico,Neutral,0.757,1.646,15.9,25.3,58.9,15.5,3.4,4.5,57.9,8.2,10.5,23.4,76.6,"[{""score"": ""0 - 1"", ""pct"": 15.64}, {""score"": ""0 - 2"", ""pct"": 11.91}, {""score"": ""1 - 1"", ""pct"": 10.91}]"
Panama,DR Congo,Neutral,0.94,1.188,27.3,31.4,41.2,27.2,5.2,8.3,41.1,7.1,11.0,40.7,59.3,"[{""score"": ""0 - 1"", ""pct"": 13.969999999999999}, {""score"": ""0 - 0"", ""pct"": 13.51}, {""score"": ""1 - 1"", ""pct"": 13.18}]"
Panama,Norway,Neutral,0.852,2.199,12.6,18.6,68.8,11.8,2.3,2.9,68.4,7.5,7.1,17.0,83.0,"[{""score"": ""0 - 2"", ""pct"": 11.29}, {""score"": ""0 - 1"", ""pct"": 10.41}, {""score"": ""1 - 2"", ""pct"": 9.76}]"
Panama,Japan,Neutral,0.772,1.963,12.5,20.8,66.7,12.7,2.5,2.8,66.1,7.8,8.1,18.0,82.0,"[{""score"": ""0 - 1"", ""pct"": 14.35}, {""score"": ""0 - 2"", ""pct"": 12.44}, {""score"": ""1 - 2"", ""pct"": 9.569999999999999}]"
Panama,Qatar,Neutral,1.507,1.237,43.5,26.3,30.2,43.0,6.7,8.3,29.8,5.5,6.7,58.0,42.0,"[{""score"": ""1 - 1"", ""pct"": 11.66}, {""score"": ""1 - 0"", ""pct"": 10.280000000000001}, {""score"": ""2 - 1"", ""pct"": 9.51}]"
Panama,Czech Republic,Neutral,0.94,1.738,18.9,24.6,56.5,19.1,3.8,5.0,55.7,7.4,9.0,27.9,72.1,"[{""score"": ""0 - 1"", ""pct"": 12.280000000000001}, {""score"": ""1 - 1"", ""pct"": 11.25}, {""score"": ""1 - 2"", ""pct"": 10.26}]"
Panama,France,Neutral,0.564,2.635,4.8,12.6,82.6,4.9,1.1,1.3,82.1,5.1,5.5,7.3,92.7,"[{""score"": ""0 - 2"", ""pct"": 13.88}, {""score"": ""0 - 3"", ""pct"": 12.57}, {""score"": ""0 - 1"", ""pct"": 11.18}]"
Panama,Portugal,Neutral,0.597,2.767,5.2,12.3,82.6,4.9,0.8,1.0,83.4,5.4,4.5,6.7,93.3,"[{""score"": ""0 - 2"", ""pct"": 13.54}, {""score"": ""0 - 3"", ""pct"": 11.76}, {""score"": ""0 - 1"", ""pct"": 10.040000000000001}]"
Panama,Curaçao,Neutral,1.833,0.829,61.0,23.3,15.7,60.6,7.6,9.4,15.4,3.1,3.9,77.5,22.4,"[{""score"": ""1 - 0"", ""pct"": 12.9}, {""score"": ""2 - 0"", ""pct"": 11.3}, {""score"": ""1 - 1"", ""pct"": 10.09}]"
Panama,Cape Verde,Neutral,1.172,1.042,37.6,30.8,31.6,38.7,6.4,9.9,31.4,5.4,8.2,55.0,45.0,"[{""score"": ""1 - 1"", ""pct"": 13.569999999999999}, {""score"": ""1 - 0"", ""pct"": 12.690000000000001}, {""score"": ""0 - 0"", ""pct"": 12.07}]"
Panama,Ecuador,Neutral,0.61,1.739,10.9,23.2,65.8,11.4,2.1,3.4,65.1,8.0,10.0,16.9,83.1,"[{""score"": ""0 - 1"", ""pct"": 16.91}, {""score"": ""0 - 2"", ""pct"": 14.56}, {""score"": ""0 - 0"", ""pct"": 10.6}]"
Panama,Egypt,Neutral,0.823,1.385,21.0,29.4,49.5,20.6,3.8,6.9,50.0,7.6,11.1,31.3,68.7,"[{""score"": ""0 - 1"", ""pct"": 15.45}, {""score"": ""1 - 1"", ""pct"": 13.0}, {""score"": ""0 - 0"", ""pct"": 11.88}]"
Panama,Uruguay,Neutral,0.596,2.027,9.2,19.3,71.5,8.8,1.8,2.0,72.8,6.9,7.7,12.6,87.4,"[{""score"": ""0 - 1"", ""pct"": 15.809999999999999}, {""score"": ""0 - 2"", ""pct"": 15.22}, {""score"": ""0 - 3"", ""pct"": 9.33}]"
Panama,Croatia,Neutral,0.706,2.163,9.5,18.7,71.9,10.1,2.1,2.1,71.6,6.9,7.2,14.3,85.7,"[{""score"": ""0 - 2"", ""pct"": 13.54}, {""score"": ""0 - 1"", ""pct"": 12.9}, {""score"": ""1 - 2"", ""pct"": 9.54}]"
Panama,Ivory Coast,Neutral,0.828,1.508,19.9,27.7,52.3,19.4,3.7,5.9,53.0,7.8,10.1,29.1,70.9,"[{""score"": ""0 - 1"", ""pct"": 14.540000000000001}, {""score"": ""1 - 1"", ""pct"": 12.06}, {""score"": ""0 - 0"", ""pct"": 10.86}]"
Panama,Saudi Arabia,Neutral,1.079,1.096,34.1,30.9,35.0,34.3,6.1,9.1,35.1,6.0,9.4,49.4,50.6,"[{""score"": ""1 - 1"", ""pct"": 13.139999999999999}, {""score"": ""0 - 0"", ""pct"": 12.839999999999998}, {""score"": ""0 - 1"", ""pct"": 12.46}]"
Panama,South Africa,Neutral,1.066,1.183,32.4,29.6,38.0,30.9,5.3,9.2,38.2,6.3,10.1,45.5,54.5,"[{""score"": ""1 - 1"", ""pct"": 13.59}, {""score"": ""0 - 1"", ""pct"": 12.590000000000002}, {""score"": ""1 - 0"", ""pct"": 11.44}]"
Panama,New Zealand,Neutral,1.188,0.857,43.0,31.1,25.9,43.0,6.7,10.8,25.4,5.2,8.9,60.5,39.5,"[{""score"": ""1 - 0"", ""pct"": 14.81}, {""score"": ""0 - 0"", ""pct"": 13.91}, {""score"": ""1 - 1"", ""pct"": 13.120000000000001}]"
Panama,Belgium,Neutral,0.694,2.605,7.1,14.2,78.7,6.9,1.4,1.3,78.6,6.5,5.2,9.6,90.4,"[{""score"": ""0 - 2"", ""pct"": 13.270000000000001}, {""score"": ""0 - 3"", ""pct"": 10.979999999999999}, {""score"": ""0 - 1"", ""pct"": 10.17}]"
Ecuador,Austria,Neutral,1.155,0.94,39.1,31.6,29.2,40.9,7.0,10.8,27.7,5.0,8.7,58.7,41.3,"[{""score"": ""0 - 0"", ""pct"": 14.180000000000001}, {""score"": ""1 - 0"", ""pct"": 13.900000000000002}, {""score"": ""1 - 1"", ""pct"": 13.36}]"
Ecuador,Iran,Neutral,1.102,0.797,41.8,32.9,25.4,42.6,7.1,11.8,25.3,4.4,8.7,61.5,38.5,"[{""score"": ""0 - 0"", ""pct"": 16.61}, {""score"": ""1 - 0"", ""pct"": 16.6}, {""score"": ""1 - 1"", ""pct"": 12.809999999999999}]"
Ecuador,Iraq,Neutral,1.508,0.511,62.2,26.8,11.0,62.5,7.3,12.3,11.2,2.2,4.5,82.0,18.0,"[{""score"": ""1 - 0"", ""pct"": 19.75}, {""score"": ""2 - 0"", ""pct"": 15.1}, {""score"": ""0 - 0"", ""pct"": 14.899999999999999}]"
Ecuador,Jordan,Neutral,1.666,0.617,62.3,25.2,12.5,63.6,7.3,10.5,12.0,2.5,4.1,81.4,18.6,"[{""score"": ""1 - 0"", ""pct"": 17.23}, {""score"": ""2 - 0"", ""pct"": 13.62}, {""score"": ""0 - 0"", ""pct"": 11.27}]"
Ecuador,Ghana,Neutral,1.492,0.622,58.4,27.8,13.9,58.8,8.1,11.1,14.1,3.0,5.0,78.0,22.0,"[{""score"": ""1 - 0"", ""pct"": 18.529999999999998}, {""score"": ""0 - 0"", ""pct"": 13.4}, {""score"": ""2 - 0"", ""pct"": 12.82}]"
Ecuador,Australia,Neutral,1.123,0.792,41.8,33.3,24.9,42.3,7.3,12.6,24.9,4.5,8.4,62.2,37.8,"[{""score"": ""0 - 0"", ""pct"": 16.14}, {""score"": ""1 - 0"", ""pct"": 16.03}, {""score"": ""1 - 1"", ""pct"": 13.719999999999999}]"
Ecuador,Sweden,Neutral,1.275,0.981,43.0,29.7,27.3,43.3,6.5,10.5,27.2,5.0,7.5,60.3,39.7,"[{""score"": ""1 - 0"", ""pct"": 13.87}, {""score"": ""1 - 1"", ""pct"": 13.26}, {""score"": ""0 - 0"", ""pct"": 11.75}]"
Ecuador,Paraguay,Neutral,1.063,0.733,42.6,34.1,23.4,42.3,7.0,12.4,24.0,4.7,9.5,61.8,38.2,"[{""score"": ""0 - 0"", ""pct"": 17.83}, {""score"": ""1 - 0"", ""pct"": 17.82}, {""score"": ""1 - 1"", ""pct"": 13.170000000000002}]"
Ecuador,Switzerland,Neutral,1.062,1.074,33.9,31.6,34.6,33.8,6.0,9.4,34.9,6.1,9.8,49.2,50.8,"[{""score"": ""1 - 1"", ""pct"": 13.74}, {""score"": ""0 - 0"", ""pct"": 13.03}, {""score"": ""0 - 1"", ""pct"": 12.920000000000002}]"
Ecuador,South Korea,Neutral,1.227,0.768,46.9,31.7,21.4,46.3,7.4,11.8,22.4,4.6,7.6,65.4,34.6,"[{""score"": ""1 - 0"", ""pct"": 16.66}, {""score"": ""0 - 0"", ""pct"": 14.92}, {""score"": ""1 - 1"", ""pct"": 12.959999999999999}]"
Ecuador,Netherlands,Neutral,0.985,1.311,26.4,29.0,44.6,27.4,4.8,7.8,43.1,6.8,10.2,39.9,60.1,"[{""score"": ""0 - 1"", ""pct"": 13.69}, {""score"": ""1 - 1"", ""pct"": 13.04}, {""score"": ""0 - 0"", ""pct"": 10.92}]"
Ecuador,United States,Neutral,1.351,0.808,49.1,29.8,21.1,49.6,7.3,11.3,20.7,4.3,6.8,68.2,31.8,"[{""score"": ""1 - 0"", ""pct"": 15.229999999999999}, {""score"": ""0 - 0"", ""pct"": 12.98}, {""score"": ""1 - 1"", ""pct"": 12.75}]"
Ecuador,Haiti,Neutral,2.318,0.538,78.3,15.6,6.1,78.3,6.6,6.3,6.1,1.3,1.3,91.2,8.8,"[{""score"": ""2 - 0"", ""pct"": 15.040000000000001}, {""score"": ""1 - 0"", ""pct"": 13.54}, {""score"": ""3 - 0"", ""pct"": 12.06}]"
Ecuador,Germany,Neutral,1.047,1.443,26.6,27.9,45.5,26.6,4.9,6.3,45.7,7.1,9.4,37.8,62.2,"[{""score"": ""1 - 1"", ""pct"": 12.93}, {""score"": ""0 - 1"", ""pct"": 12.86}, {""score"": ""0 - 0"", ""pct"": 8.91}]"
Ecuador,Algeria,Neutral,1.311,0.907,46.4,29.5,24.1,45.9,7.8,10.0,24.4,4.7,7.3,63.6,36.4,"[{""score"": ""1 - 0"", ""pct"": 14.19}, {""score"": ""1 - 1"", ""pct"": 12.85}, {""score"": ""0 - 0"", ""pct"": 12.02}]"
Ecuador,Bosnia and Herzegovina,Neutral,1.638,0.669,61.2,24.8,14.0,60.4,8.2,10.3,13.8,2.8,4.6,78.9,21.1,"[{""score"": ""1 - 0"", ""pct"": 17.2}, {""score"": ""2 - 0"", ""pct"": 13.15}, {""score"": ""1 - 1"", ""pct"": 10.73}]"
Ecuador,Brazil,Neutral,0.705,1.416,17.9,28.2,53.9,17.3,3.7,5.9,54.2,7.8,11.1,26.9,73.1,"[{""score"": ""0 - 1"", ""pct"": 16.74}, {""score"": ""0 - 0"", ""pct"": 12.91}, {""score"": ""1 - 1"", ""pct"": 11.76}]"
Ecuador,Colombia,Neutral,0.819,1.137,25.1,32.6,42.3,25.2,4.9,7.9,42.5,7.1,12.4,38.1,61.9,"[{""score"": ""0 - 1"", ""pct"": 16.220000000000002}, {""score"": ""0 - 0"", ""pct"": 15.36}, {""score"": ""1 - 1"", ""pct"": 13.639999999999999}]"
Ecuador,Uzbekistan,Neutral,1.27,0.613,53.1,30.5,16.4,52.2,7.9,12.7,16.7,3.3,7.2,72.8,27.2,"[{""score"": ""1 - 0"", ""pct"": 19.49}, {""score"": ""0 - 0"", ""pct"": 16.07}, {""score"": ""1 - 1"", ""pct"": 11.78}]"
Ecuador,Scotland,Neutral,1.274,0.83,46.7,30.2,23.2,45.8,7.3,11.5,23.6,4.4,7.5,64.5,35.5,"[{""score"": ""1 - 0"", ""pct"": 15.86}, {""score"": ""0 - 0"", ""pct"": 13.13}, {""score"": ""1 - 1"", ""pct"": 12.740000000000002}]"
Ecuador,Spain,Neutral,0.724,1.551,16.2,26.5,57.3,16.3,3.4,5.2,57.3,7.4,10.5,24.8,75.2,"[{""score"": ""0 - 1"", ""pct"": 16.18}, {""score"": ""0 - 2"", ""pct"": 11.92}, {""score"": ""0 - 0"", ""pct"": 11.51}]"
Ecuador,Senegal,Neutral,1.008,0.809,39.3,33.0,27.7,39.5,6.7,12.0,26.9,4.7,10.2,58.3,41.7,"[{""score"": ""0 - 0"", ""pct"": 17.34}, {""score"": ""1 - 0"", ""pct"": 16.45}, {""score"": ""0 - 1"", ""pct"": 12.809999999999999}]"
Ecuador,Canada,Neutral,1.286,0.733,50.2,30.4,19.3,50.0,7.4,12.0,19.3,4.1,7.3,69.3,30.7,"[{""score"": ""1 - 0"", ""pct"": 17.150000000000002}, {""score"": ""0 - 0"", ""pct"": 13.930000000000001}, {""score"": ""1 - 1"", ""pct"": 13.270000000000001}]"
Ecuador,Argentina,Neutral,0.605,1.29,16.2,30.9,52.9,16.4,3.0,6.2,53.5,8.1,12.7,25.7,74.3,"[{""score"": ""0 - 1"", ""pct"": 18.12}, {""score"": ""0 - 0"", ""pct"": 16.28}, {""score"": ""0 - 2"", ""pct"": 12.35}]"
Ecuador,England,Neutral,0.687,1.25,19.1,32.0,48.8,19.5,4.2,6.8,49.5,7.3,12.8,30.4,69.6,"[{""score"": ""0 - 1"", ""pct"": 18.44}, {""score"": ""0 - 0"", ""pct"": 16.3}, {""score"": ""1 - 1"", ""pct"": 12.43}]"
Ecuador,Tunisia,Neutral,1.136,0.66,46.6,33.3,20.1,46.9,7.2,13.5,20.3,4.1,8.1,67.5,32.5,"[{""score"": ""1 - 0"", ""pct"": 18.92}, {""score"": ""0 - 0"", ""pct"": 17.82}, {""score"": ""1 - 1"", ""pct"": 12.559999999999999}]"
Ecuador,Turkey,Neutral,1.318,0.995,43.2,29.3,27.5,43.7,7.1,9.6,27.1,5.2,7.4,60.4,39.6,"[{""score"": ""1 - 1"", ""pct"": 13.05}, {""score"": ""1 - 0"", ""pct"": 12.67}, {""score"": ""0 - 0"", ""pct"": 11.16}]"
Ecuador,Morocco,Neutral,0.761,0.859,28.7,37.3,34.0,28.1,5.5,11.8,35.2,6.2,13.2,45.4,54.6,"[{""score"": ""0 - 0"", ""pct"": 21.61}, {""score"": ""0 - 1"", ""pct"": 16.669999999999998}, {""score"": ""1 - 0"", ""pct"": 14.85}]"
Ecuador,Mexico,Neutral,1.051,0.802,39.3,34.6,26.1,40.0,6.7,12.9,26.0,4.9,9.5,59.6,40.4,"[{""score"": ""0 - 0"", ""pct"": 17.740000000000002}, {""score"": ""1 - 0"", ""pct"": 15.43}, {""score"": ""1 - 1"", ""pct"": 13.56}]"
Ecuador,DR Congo,Neutral,1.305,0.579,53.4,31.1,15.5,54.1,8.2,13.2,15.3,3.6,5.8,75.4,24.6,"[{""score"": ""1 - 0"", ""pct"": 19.74}, {""score"": ""0 - 0"", ""pct"": 16.42}, {""score"": ""2 - 0"", ""pct"": 12.36}]"
Ecuador,Norway,Neutral,1.183,1.072,38.3,29.7,32.0,38.5,7.0,9.5,31.1,5.6,8.2,55.1,44.9,"[{""score"": ""1 - 1"", ""pct"": 12.86}, {""score"": ""1 - 0"", ""pct"": 12.5}, {""score"": ""0 - 0"", ""pct"": 11.48}]"
Ecuador,Japan,Neutral,1.072,0.957,37.4,32.3,30.4,36.4,6.4,11.0,31.3,5.6,9.4,53.7,46.3,"[{""score"": ""0 - 0"", ""pct"": 14.360000000000001}, {""score"": ""1 - 0"", ""pct"": 13.94}, {""score"": ""1 - 1"", ""pct"": 13.51}]"
Ecuador,Qatar,Neutral,2.092,0.603,71.8,19.3,8.9,72.2,7.2,7.6,9.3,1.4,2.2,87.0,13.0,"[{""score"": ""2 - 0"", ""pct"": 14.680000000000001}, {""score"": ""1 - 0"", ""pct"": 14.580000000000002}, {""score"": ""3 - 0"", ""pct"": 9.54}]"
Ecuador,Czech Republic,Neutral,1.305,0.847,46.8,30.0,23.2,46.8,7.2,11.3,23.5,4.1,7.0,65.3,34.7,"[{""score"": ""1 - 0"", ""pct"": 15.190000000000001}, {""score"": ""0 - 0"", ""pct"": 13.01}, {""score"": ""1 - 1"", ""pct"": 12.44}]"
Ecuador,France,Neutral,0.783,1.284,21.1,30.8,48.0,21.4,4.3,7.2,48.5,7.3,11.2,32.9,67.0,"[{""score"": ""0 - 1"", ""pct"": 16.37}, {""score"": ""0 - 0"", ""pct"": 13.79}, {""score"": ""1 - 1"", ""pct"": 13.25}]"
Ecuador,Portugal,Neutral,0.829,1.349,21.9,29.9,48.2,22.0,4.0,6.6,49.0,7.3,11.1,32.6,67.4,"[{""score"": ""0 - 1"", ""pct"": 14.71}, {""score"": ""1 - 1"", ""pct"": 12.94}, {""score"": ""0 - 0"", ""pct"": 12.65}]"
Ecuador,Curaçao,Neutral,2.545,0.404,84.0,12.5,3.5,84.0,5.6,5.3,3.6,0.7,0.8,95.0,5.0,"[{""score"": ""2 - 0"", ""pct"": 17.94}, {""score"": ""1 - 0"", ""pct"": 14.16}, {""score"": ""3 - 0"", ""pct"": 13.86}]"
Ecuador,Cape Verde,Neutral,1.627,0.508,66.0,24.4,9.6,65.7,7.6,10.7,10.5,2.1,3.4,84.1,15.9,"[{""score"": ""1 - 0"", ""pct"": 20.02}, {""score"": ""2 - 0"", ""pct"": 15.32}, {""score"": ""0 - 0"", ""pct"": 13.07}]"
Ecuador,Panama,Neutral,1.739,0.61,65.1,23.7,11.2,64.8,7.3,10.3,11.5,2.5,3.6,82.4,17.6,"[{""score"": ""1 - 0"", ""pct"": 17.32}, {""score"": ""2 - 0"", ""pct"": 14.099999999999998}, {""score"": ""0 - 0"", ""pct"": 10.31}]"
Ecuador,Egypt,Neutral,1.143,0.675,47.6,32.0,20.3,47.0,7.5,13.1,20.5,4.0,7.9,67.6,32.4,"[{""score"": ""1 - 0"", ""pct"": 19.55}, {""score"": ""0 - 0"", ""pct"": 17.19}, {""score"": ""1 - 1"", ""pct"": 11.940000000000001}]"
Ecuador,Uruguay,Neutral,0.828,0.988,28.2,34.0,37.7,28.9,5.1,10.0,37.1,6.8,12.1,44.0,56.0,"[{""score"": ""0 - 0"", ""pct"": 17.740000000000002}, {""score"": ""0 - 1"", ""pct"": 16.06}, {""score"": ""1 - 1"", ""pct"": 12.86}]"
Ecuador,Croatia,Neutral,0.98,1.054,32.0,31.8,36.2,31.1,5.9,9.9,36.6,5.9,10.6,46.9,53.1,"[{""score"": ""0 - 0"", ""pct"": 13.950000000000001}, {""score"": ""0 - 1"", ""pct"": 13.889999999999999}, {""score"": ""1 - 1"", ""pct"": 13.389999999999999}]"
Ecuador,Ivory Coast,Neutral,1.15,0.735,44.9,32.9,22.3,44.8,7.4,12.9,22.2,4.3,8.3,65.1,34.9,"[{""score"": ""1 - 0"", ""pct"": 17.53}, {""score"": ""0 - 0"", ""pct"": 16.869999999999997}, {""score"": ""1 - 1"", ""pct"": 12.590000000000002}]"
Ecuador,Saudi Arabia,Neutral,1.498,0.534,60.4,27.3,12.3,61.0,8.1,11.5,12.6,2.9,4.0,80.6,19.4,"[{""score"": ""1 - 0"", ""pct"": 19.8}, {""score"": ""0 - 0"", ""pct"": 14.6}, {""score"": ""2 - 0"", ""pct"": 13.930000000000001}]"
Ecuador,South Africa,Neutral,1.48,0.577,59.5,27.4,13.1,59.8,7.4,12.1,12.5,2.9,5.2,79.4,20.6,"[{""score"": ""1 - 0"", ""pct"": 19.43}, {""score"": ""0 - 0"", ""pct"": 13.719999999999999}, {""score"": ""2 - 0"", ""pct"": 13.15}]"
Ecuador,New Zealand,Neutral,1.65,0.418,68.6,23.4,7.9,67.7,7.3,12.0,8.1,1.9,3.0,86.9,13.1,"[{""score"": ""1 - 0"", ""pct"": 21.38}, {""score"": ""2 - 0"", ""pct"": 16.939999999999998}, {""score"": ""0 - 0"", ""pct"": 13.139999999999999}]"
Ecuador,Belgium,Neutral,0.964,1.27,27.4,29.8,42.8,27.0,5.0,7.6,43.9,6.3,10.1,39.6,60.4,"[{""score"": ""0 - 1"", ""pct"": 14.46}, {""score"": ""1 - 1"", ""pct"": 13.01}, {""score"": ""0 - 0"", ""pct"": 11.940000000000001}]"
Egypt,Austria,Neutral,0.92,1.268,25.6,31.1,43.3,26.1,4.8,7.4,44.2,7.1,10.4,38.3,61.7,"[{""score"": ""0 - 1"", ""pct"": 14.66}, {""score"": ""1 - 1"", ""pct"": 13.139999999999999}, {""score"": ""0 - 0"", ""pct"": 12.78}]"
Egypt,Iran,Neutral,0.878,1.075,28.7,32.9,38.3,28.5,5.4,8.8,39.0,6.7,11.7,42.7,57.3,"[{""score"": ""0 - 0"", ""pct"": 15.42}, {""score"": ""0 - 1"", ""pct"": 14.64}, {""score"": ""1 - 1"", ""pct"": 13.66}]"
Egypt,Iraq,Neutral,1.201,0.69,48.4,31.5,20.0,47.7,7.2,12.9,20.5,4.2,7.6,67.8,32.2,"[{""score"": ""1 - 0"", ""pct"": 18.81}, {""score"": ""0 - 0"", ""pct"": 15.950000000000001}, {""score"": ""1 - 1"", ""pct"": 12.8}]"
Egypt,Jordan,Neutral,1.326,0.833,47.7,29.6,22.7,47.4,7.4,11.0,22.9,4.3,7.0,65.7,34.3,"[{""score"": ""1 - 0"", ""pct"": 16.2}, {""score"": ""0 - 0"", ""pct"": 12.989999999999998}, {""score"": ""1 - 1"", ""pct"": 12.370000000000001}]"
Egypt,Ghana,Neutral,1.188,0.838,44.2,30.9,24.9,42.6,6.9,12.1,25.2,4.8,8.3,61.7,38.3,"[{""score"": ""1 - 0"", ""pct"": 15.879999999999999}, {""score"": ""0 - 0"", ""pct"": 13.86}, {""score"": ""1 - 1"", ""pct"": 12.76}]"
Egypt,Australia,Neutral,0.894,1.068,29.1,32.7,38.2,29.0,6.0,9.6,37.3,6.3,11.8,44.6,55.4,"[{""score"": ""0 - 0"", ""pct"": 15.709999999999999}, {""score"": ""0 - 1"", ""pct"": 15.14}, {""score"": ""1 - 1"", ""pct"": 13.01}]"
Egypt,Sweden,Neutral,1.015,1.323,26.9,29.7,43.4,27.7,5.4,7.7,42.9,6.8,9.5,40.8,59.2,"[{""score"": ""1 - 1"", ""pct"": 13.0}, {""score"": ""0 - 1"", ""pct"": 12.590000000000002}, {""score"": ""0 - 0"", ""pct"": 11.23}]"
Egypt,Paraguay,Neutral,0.847,0.988,29.1,34.3,36.6,29.3,5.3,10.6,36.3,6.7,11.8,45.2,54.8,"[{""score"": ""0 - 0"", ""pct"": 17.79}, {""score"": ""0 - 1"", ""pct"": 15.809999999999999}, {""score"": ""1 - 1"", ""pct"": 13.3}]"
Egypt,Switzerland,Neutral,0.846,1.449,21.5,28.0,50.5,20.7,4.0,6.3,51.3,7.5,10.2,31.0,69.0,"[{""score"": ""0 - 1"", ""pct"": 14.77}, {""score"": ""1 - 1"", ""pct"": 12.57}, {""score"": ""0 - 0"", ""pct"": 11.16}]"
Egypt,South Korea,Neutral,0.977,1.035,32.4,32.3,35.3,32.4,5.9,9.8,35.3,5.8,10.9,48.0,52.0,"[{""score"": ""0 - 0"", ""pct"": 14.59}, {""score"": ""0 - 1"", ""pct"": 14.030000000000001}, {""score"": ""1 - 1"", ""pct"": 13.69}]"
Egypt,Netherlands,Neutral,0.784,1.768,14.5,24.6,60.9,14.4,2.9,4.3,61.4,7.9,9.0,21.7,78.3,"[{""score"": ""0 - 1"", ""pct"": 14.469999999999999}, {""score"": ""1 - 1"", ""pct"": 11.559999999999999}, {""score"": ""0 - 2"", ""pct"": 11.379999999999999}]"
Egypt,United States,Neutral,1.076,1.09,33.9,31.6,34.5,34.6,6.2,9.2,34.5,6.0,9.5,49.9,50.1,"[{""score"": ""1 - 1"", ""pct"": 13.750000000000002}, {""score"": ""0 - 0"", ""pct"": 12.93}, {""score"": ""0 - 1"", ""pct"": 11.93}]"
Egypt,Haiti,Neutral,1.846,0.726,64.2,23.0,12.8,64.9,7.7,9.0,12.5,2.7,3.3,81.5,18.5,"[{""score"": ""1 - 0"", ""pct"": 14.649999999999999}, {""score"": ""2 - 0"", ""pct"": 12.9}, {""score"": ""1 - 1"", ""pct"": 10.280000000000001}]"
Egypt,Germany,Neutral,0.834,1.946,14.2,21.9,63.9,14.5,3.1,3.3,63.9,7.0,8.1,21.0,79.0,"[{""score"": ""0 - 1"", ""pct"": 13.0}, {""score"": ""0 - 2"", ""pct"": 10.95}, {""score"": ""1 - 1"", ""pct"": 9.81}]"
Egypt,Algeria,Neutral,1.044,1.223,30.0,30.8,39.1,30.7,4.8,8.6,39.6,6.6,9.8,44.1,55.9,"[{""score"": ""1 - 1"", ""pct"": 13.309999999999999}, {""score"": ""0 - 1"", ""pct"": 12.33}, {""score"": ""0 - 0"", ""pct"": 12.11}]"
Egypt,Bosnia and Herzegovina,Neutral,1.304,0.902,45.9,29.4,24.7,46.2,7.5,10.4,23.9,5.1,6.9,64.2,35.8,"[{""score"": ""1 - 0"", ""pct"": 14.71}, {""score"": ""1 - 1"", ""pct"": 13.320000000000002}, {""score"": ""0 - 0"", ""pct"": 11.85}]"
Egypt,Brazil,Neutral,0.562,1.909,9.2,21.4,69.4,9.5,1.9,2.6,69.6,7.3,9.0,14.0,86.0,"[{""score"": ""0 - 1"", ""pct"": 16.520000000000003}, {""score"": ""0 - 2"", ""pct"": 15.17}, {""score"": ""0 - 0"", ""pct"": 9.65}]"
Egypt,Colombia,Neutral,0.652,1.533,14.5,26.6,58.9,14.9,2.9,4.9,58.1,8.0,11.2,22.7,77.3,"[{""score"": ""0 - 1"", ""pct"": 17.75}, {""score"": ""0 - 2"", ""pct"": 13.38}, {""score"": ""0 - 0"", ""pct"": 12.41}]"
Egypt,Uzbekistan,Neutral,1.011,0.826,37.0,35.2,27.9,38.1,6.5,12.4,27.6,5.6,9.9,56.9,43.1,"[{""score"": ""0 - 0"", ""pct"": 17.580000000000002}, {""score"": ""1 - 0"", ""pct"": 15.370000000000001}, {""score"": ""1 - 1"", ""pct"": 13.71}]"
Egypt,Scotland,Neutral,1.014,1.12,31.4,31.8,36.8,32.0,5.8,8.7,37.3,6.2,10.0,46.5,53.5,"[{""score"": ""1 - 1"", ""pct"": 13.55}, {""score"": ""0 - 0"", ""pct"": 13.23}, {""score"": ""0 - 1"", ""pct"": 12.790000000000001}]"
Egypt,Spain,Neutral,0.577,2.091,7.8,18.5,73.7,7.9,1.6,2.0,73.7,7.0,7.8,11.5,88.5,"[{""score"": ""0 - 2"", ""pct"": 15.1}, {""score"": ""0 - 1"", ""pct"": 14.87}, {""score"": ""0 - 3"", ""pct"": 10.22}]"
Egypt,Senegal,Neutral,0.802,1.091,26.2,32.6,41.2,26.3,4.8,9.2,40.4,6.8,12.5,40.3,59.7,"[{""score"": ""0 - 1"", ""pct"": 16.1}, {""score"": ""0 - 0"", ""pct"": 16.07}, {""score"": ""1 - 1"", ""pct"": 12.91}]"
Egypt,Canada,Neutral,1.024,0.988,34.5,33.2,32.3,35.3,5.8,10.3,32.9,5.5,10.2,51.4,48.6,"[{""score"": ""0 - 0"", ""pct"": 15.52}, {""score"": ""1 - 0"", ""pct"": 13.420000000000002}, {""score"": ""1 - 1"", ""pct"": 13.16}]"
Egypt,Argentina,Neutral,0.482,1.74,9.0,23.0,68.1,9.3,1.9,2.7,68.0,7.6,10.5,13.9,86.2,"[{""score"": ""0 - 1"", ""pct"": 18.94}, {""score"": ""0 - 2"", ""pct"": 15.83}, {""score"": ""0 - 0"", ""pct"": 11.43}]"
Egypt,England,Neutral,0.547,1.685,10.6,24.5,64.9,10.6,2.1,3.2,66.0,7.4,10.6,15.9,84.1,"[{""score"": ""0 - 1"", ""pct"": 18.77}, {""score"": ""0 - 2"", ""pct"": 14.610000000000001}, {""score"": ""0 - 0"", ""pct"": 11.97}]"
Egypt,Tunisia,Neutral,0.905,0.89,33.1,35.2,31.7,33.5,5.6,11.6,31.6,6.3,11.5,50.7,49.3,"[{""score"": ""0 - 0"", ""pct"": 18.57}, {""score"": ""1 - 0"", ""pct"": 14.610000000000001}, {""score"": ""0 - 1"", ""pct"": 14.249999999999998}]"
Egypt,Turkey,Neutral,1.049,1.342,27.7,29.1,43.2,27.8,5.5,7.2,43.5,6.9,9.1,40.5,59.5,"[{""score"": ""1 - 1"", ""pct"": 13.489999999999998}, {""score"": ""0 - 1"", ""pct"": 12.68}, {""score"": ""0 - 0"", ""pct"": 9.959999999999999}]"
Egypt,Morocco,Neutral,0.606,1.159,17.9,33.4,48.7,18.1,3.7,7.5,49.3,7.7,13.8,29.3,70.8,"[{""score"": ""0 - 1"", ""pct"": 19.59}, {""score"": ""0 - 0"", ""pct"": 18.64}, {""score"": ""1 - 1"", ""pct"": 12.16}]"
Egypt,Mexico,Neutral,0.837,1.082,27.7,33.0,39.4,27.0,5.3,8.9,40.6,7.0,11.3,41.1,58.9,"[{""score"": ""0 - 1"", ""pct"": 15.83}, {""score"": ""0 - 0"", ""pct"": 15.55}, {""score"": ""1 - 1"", ""pct"": 13.91}]"
Egypt,DR Congo,Neutral,1.039,0.781,40.4,34.3,25.3,40.2,6.6,12.4,26.0,5.1,9.7,59.2,40.8,"[{""score"": ""0 - 0"", ""pct"": 17.349999999999998}, {""score"": ""1 - 0"", ""pct"": 16.27}, {""score"": ""1 - 1"", ""pct"": 13.48}]"
Egypt,Norway,Neutral,0.942,1.445,23.6,27.6,48.9,23.3,4.4,6.8,48.6,7.2,9.7,34.5,65.5,"[{""score"": ""0 - 1"", ""pct"": 13.950000000000001}, {""score"": ""1 - 1"", ""pct"": 12.35}, {""score"": ""0 - 0"", ""pct"": 9.959999999999999}]"
Egypt,Japan,Neutral,0.854,1.29,23.4,30.0,46.6,23.5,4.7,7.7,45.8,7.1,11.3,35.9,64.1,"[{""score"": ""0 - 1"", ""pct"": 14.93}, {""score"": ""1 - 1"", ""pct"": 13.05}, {""score"": ""0 - 0"", ""pct"": 12.920000000000002}]"
Egypt,Qatar,Neutral,1.666,0.813,57.2,25.5,17.3,58.2,7.7,9.5,16.9,3.3,4.5,75.3,24.7,"[{""score"": ""1 - 0"", ""pct"": 14.430000000000001}, {""score"": ""1 - 1"", ""pct"": 11.05}, {""score"": ""2 - 0"", ""pct"": 10.8}]"
Egypt,Czech Republic,Neutral,1.04,1.143,32.5,31.2,36.3,31.8,5.7,8.7,37.7,6.5,9.7,46.2,53.8,"[{""score"": ""1 - 1"", ""pct"": 13.700000000000001}, {""score"": ""0 - 1"", ""pct"": 12.58}, {""score"": ""0 - 0"", ""pct"": 12.49}]"
Egypt,France,Neutral,0.623,1.732,11.9,23.0,65.0,12.1,2.5,3.8,64.5,7.7,9.4,18.3,81.7,"[{""score"": ""0 - 1"", ""pct"": 16.77}, {""score"": ""0 - 2"", ""pct"": 13.98}, {""score"": ""1 - 1"", ""pct"": 10.059999999999999}]"
Egypt,Portugal,Neutral,0.66,1.819,12.0,22.4,65.6,11.5,2.3,3.4,65.7,7.9,9.1,17.2,82.8,"[{""score"": ""0 - 1"", ""pct"": 15.65}, {""score"": ""0 - 2"", ""pct"": 13.389999999999999}, {""score"": ""1 - 2"", ""pct"": 9.959999999999999}]"
Egypt,Curaçao,Neutral,2.027,0.545,72.9,18.7,8.4,73.6,7.1,8.2,7.6,1.5,2.1,88.8,11.2,"[{""score"": ""1 - 0"", ""pct"": 16.1}, {""score"": ""2 - 0"", ""pct"": 15.17}, {""score"": ""3 - 0"", ""pct"": 10.299999999999999}]"
Egypt,Cape Verde,Neutral,1.295,0.685,52.0,29.4,18.6,50.5,7.6,13.4,18.1,3.6,6.9,71.4,28.6,"[{""score"": ""1 - 0"", ""pct"": 18.54}, {""score"": ""0 - 0"", ""pct"": 14.729999999999999}, {""score"": ""1 - 1"", ""pct"": 11.59}]"
Egypt,Panama,Neutral,1.385,0.823,49.9,28.6,21.5,48.7,8.3,10.7,21.6,4.2,6.5,67.7,32.3,"[{""score"": ""1 - 0"", ""pct"": 15.329999999999998}, {""score"": ""1 - 1"", ""pct"": 12.24}, {""score"": ""0 - 0"", ""pct"": 11.76}]"
Egypt,Ecuador,Neutral,0.675,1.143,20.9,33.1,46.0,20.4,4.1,7.8,47.2,7.0,13.5,32.3,67.7,"[{""score"": ""0 - 1"", ""pct"": 18.3}, {""score"": ""0 - 0"", ""pct"": 17.299999999999997}, {""score"": ""1 - 1"", ""pct"": 12.76}]"
Egypt,Uruguay,Neutral,0.659,1.332,17.9,28.5,53.6,16.7,3.6,6.2,53.0,8.3,12.2,26.5,73.5,"[{""score"": ""0 - 1"", ""pct"": 18.59}, {""score"": ""0 - 0"", ""pct"": 13.81}, {""score"": ""0 - 2"", ""pct"": 11.81}]"
Egypt,Croatia,Neutral,0.781,1.422,19.6,28.6,51.8,19.0,3.7,6.2,52.3,7.5,11.3,28.9,71.1,"[{""score"": ""0 - 1"", ""pct"": 16.189999999999998}, {""score"": ""0 - 0"", ""pct"": 12.42}, {""score"": ""1 - 1"", ""pct"": 12.15}]"
Egypt,Ivory Coast,Neutral,0.916,0.991,30.6,34.0,35.3,30.9,5.8,10.1,35.8,6.1,11.4,46.8,53.2,"[{""score"": ""0 - 0"", ""pct"": 16.61}, {""score"": ""0 - 1"", ""pct"": 14.249999999999998}, {""score"": ""1 - 1"", ""pct"": 13.55}]"
Egypt,Saudi Arabia,Neutral,1.193,0.721,46.9,31.9,21.2,47.5,7.4,13.1,20.6,4.2,7.1,68.1,31.9,"[{""score"": ""1 - 0"", ""pct"": 18.19}, {""score"": ""0 - 0"", ""pct"": 16.11}, {""score"": ""1 - 1"", ""pct"": 12.370000000000001}]"
Egypt,South Africa,Neutral,1.179,0.778,44.8,31.9,23.3,44.5,7.4,12.3,23.4,4.5,7.8,64.3,35.7,"[{""score"": ""1 - 0"", ""pct"": 16.0}, {""score"": ""0 - 0"", ""pct"": 14.760000000000002}, {""score"": ""1 - 1"", ""pct"": 13.309999999999999}]"
Egypt,New Zealand,Neutral,1.314,0.563,55.1,30.1,14.9,55.6,7.8,13.4,14.5,3.1,5.6,76.8,23.2,"[{""score"": ""1 - 0"", ""pct"": 20.169999999999998}, {""score"": ""0 - 0"", ""pct"": 15.989999999999998}, {""score"": ""2 - 0"", ""pct"": 13.08}]"
Egypt,Belgium,Neutral,0.767,1.712,15.3,24.5,60.2,15.6,3.2,4.1,60.2,7.2,9.7,22.8,77.2,"[{""score"": ""0 - 1"", ""pct"": 15.2}, {""score"": ""0 - 2"", ""pct"": 11.65}, {""score"": ""1 - 1"", ""pct"": 10.25}]"
Uruguay,Austria,Neutral,1.347,0.918,46.6,28.9,24.4,46.1,7.3,10.1,23.5,5.2,7.8,63.5,36.5,"[{""score"": ""1 - 0"", ""pct"": 13.79}, {""score"": ""1 - 1"", ""pct"": 12.44}, {""score"": ""0 - 0"", ""pct"": 11.66}]"
Uruguay,Iran,Neutral,1.285,0.779,48.7,30.0,21.3,47.4,7.6,11.7,21.7,4.4,7.2,66.7,33.3,"[{""score"": ""1 - 0"", ""pct"": 16.53}, {""score"": ""0 - 0"", ""pct"": 13.8}, {""score"": ""1 - 1"", ""pct"": 12.58}]"
Uruguay,Iraq,Neutral,1.758,0.5,68.3,23.1,8.6,68.8,7.5,10.3,8.5,1.7,3.1,86.6,13.4,"[{""score"": ""1 - 0"", ""pct"": 18.92}, {""score"": ""2 - 0"", ""pct"": 15.58}, {""score"": ""0 - 0"", ""pct"": 11.84}]"
Uruguay,Jordan,Neutral,1.942,0.603,70.1,20.5,9.3,69.4,7.4,9.0,9.7,2.0,2.6,85.7,14.3,"[{""score"": ""1 - 0"", ""pct"": 16.259999999999998}, {""score"": ""2 - 0"", ""pct"": 14.44}, {""score"": ""3 - 0"", ""pct"": 9.15}]"
Uruguay,Ghana,Neutral,1.739,0.607,65.2,23.3,11.5,65.5,7.4,9.8,11.5,2.2,3.5,82.8,17.2,"[{""score"": ""1 - 0"", ""pct"": 17.11}, {""score"": ""2 - 0"", ""pct"": 14.06}, {""score"": ""0 - 0"", ""pct"": 10.23}]"
Uruguay,Australia,Neutral,1.309,0.773,48.5,30.5,21.1,48.9,7.5,11.7,20.6,4.3,6.9,68.1,31.9,"[{""score"": ""1 - 0"", ""pct"": 15.83}, {""score"": ""0 - 0"", ""pct"": 13.44}, {""score"": ""1 - 1"", ""pct"": 12.839999999999998}]"
Uruguay,Sweden,Neutral,1.486,0.958,49.4,27.8,22.8,48.5,7.7,9.8,23.2,4.5,6.3,66.0,34.0,"[{""score"": ""1 - 0"", ""pct"": 13.450000000000001}, {""score"": ""1 - 1"", ""pct"": 12.3}, {""score"": ""0 - 0"", ""pct"": 10.059999999999999}]"
Uruguay,Paraguay,Neutral,1.24,0.716,48.3,31.5,20.2,48.5,7.4,12.8,20.2,3.7,7.3,68.7,31.3,"[{""score"": ""1 - 0"", ""pct"": 17.53}, {""score"": ""0 - 0"", ""pct"": 16.150000000000002}, {""score"": ""1 - 1"", ""pct"": 12.120000000000001}]"
Uruguay,Switzerland,Neutral,1.238,1.049,39.7,30.3,30.0,38.8,7.0,10.1,30.9,5.2,7.9,56.0,44.0,"[{""score"": ""1 - 1"", ""pct"": 13.74}, {""score"": ""1 - 0"", ""pct"": 12.8}, {""score"": ""0 - 0"", ""pct"": 11.58}]"
Uruguay,South Korea,Neutral,1.431,0.75,54.1,27.5,18.3,52.6,7.6,11.6,18.3,3.7,6.2,71.8,28.1,"[{""score"": ""1 - 0"", ""pct"": 17.26}, {""score"": ""0 - 0"", ""pct"": 12.01}, {""score"": ""1 - 1"", ""pct"": 11.540000000000001}]"
Uruguay,Netherlands,Neutral,1.148,1.281,31.6,28.7,39.7,32.3,5.3,7.8,39.2,6.9,8.5,45.4,54.6,"[{""score"": ""1 - 1"", ""pct"": 12.68}, {""score"": ""0 - 1"", ""pct"": 11.82}, {""score"": ""1 - 0"", ""pct"": 10.11}]"
Uruguay,United States,Neutral,1.575,0.789,56.8,26.2,17.1,56.8,7.8,10.1,17.5,3.3,4.5,74.7,25.3,"[{""score"": ""1 - 0"", ""pct"": 15.5}, {""score"": ""1 - 1"", ""pct"": 11.459999999999999}, {""score"": ""2 - 0"", ""pct"": 11.34}]"
Uruguay,Haiti,Neutral,2.703,0.526,83.1,12.2,4.7,84.2,5.4,4.4,4.3,0.8,0.9,94.0,6.0,"[{""score"": ""2 - 0"", ""pct"": 14.469999999999999}, {""score"": ""3 - 0"", ""pct"": 12.989999999999998}, {""score"": ""1 - 0"", ""pct"": 11.469999999999999}]"
Uruguay,Germany,Neutral,1.221,1.41,31.4,27.4,41.2,31.7,5.4,7.5,40.2,6.9,8.2,44.6,55.4,"[{""score"": ""1 - 1"", ""pct"": 12.19}, {""score"": ""0 - 1"", ""pct"": 10.6}, {""score"": ""1 - 2"", ""pct"": 8.97}]"
Uruguay,Algeria,Neutral,1.528,0.886,52.6,27.1,20.3,52.3,7.5,9.5,20.9,3.9,5.8,69.4,30.6,"[{""score"": ""1 - 0"", ""pct"": 14.84}, {""score"": ""1 - 1"", ""pct"": 11.92}, {""score"": ""2 - 0"", ""pct"": 9.64}]"
Uruguay,Bosnia and Herzegovina,Neutral,1.909,0.654,67.4,21.6,10.9,68.3,7.1,8.9,10.6,2.3,2.8,84.3,15.7,"[{""score"": ""1 - 0"", ""pct"": 15.459999999999999}, {""score"": ""2 - 0"", ""pct"": 14.09}, {""score"": ""1 - 1"", ""pct"": 9.67}]"
Uruguay,Brazil,Neutral,0.822,1.383,20.4,29.1,50.4,20.7,4.3,6.4,49.5,7.7,11.3,31.5,68.5,"[{""score"": ""0 - 1"", ""pct"": 15.39}, {""score"": ""1 - 1"", ""pct"": 13.059999999999999}, {""score"": ""0 - 0"", ""pct"": 11.81}]"
Uruguay,Colombia,Neutral,0.955,1.111,30.3,31.1,38.7,30.1,5.5,9.9,37.8,6.5,10.4,45.4,54.6,"[{""score"": ""0 - 1"", ""pct"": 14.180000000000001}, {""score"": ""0 - 0"", ""pct"": 13.969999999999999}, {""score"": ""1 - 1"", ""pct"": 12.870000000000001}]"
Uruguay,Uzbekistan,Neutral,1.48,0.598,58.7,27.6,13.7,58.4,7.7,11.8,14.2,2.9,5.0,77.9,22.1,"[{""score"": ""1 - 0"", ""pct"": 19.34}, {""score"": ""0 - 0"", ""pct"": 13.5}, {""score"": ""2 - 0"", ""pct"": 13.389999999999999}]"
Uruguay,Scotland,Neutral,1.485,0.811,52.8,28.0,19.2,52.6,7.2,10.2,20.1,3.6,6.1,70.1,29.9,"[{""score"": ""1 - 0"", ""pct"": 15.5}, {""score"": ""1 - 1"", ""pct"": 12.2}, {""score"": ""0 - 0"", ""pct"": 11.32}]"
Uruguay,Spain,Neutral,0.845,1.515,19.8,27.5,52.8,19.3,4.1,5.7,53.2,7.7,10.0,29.1,70.9,"[{""score"": ""0 - 1"", ""pct"": 14.19}, {""score"": ""1 - 1"", ""pct"": 12.04}, {""score"": ""0 - 0"", ""pct"": 10.95}]"
Uruguay,Senegal,Neutral,1.175,0.79,45.3,31.5,23.2,44.0,7.3,12.4,23.5,4.5,8.3,63.7,36.3,"[{""score"": ""1 - 0"", ""pct"": 16.7}, {""score"": ""0 - 0"", ""pct"": 14.97}, {""score"": ""1 - 1"", ""pct"": 13.25}]"
Uruguay,Canada,Neutral,1.499,0.716,57.1,26.2,16.7,55.7,7.8,11.2,16.4,3.6,5.2,74.8,25.2,"[{""score"": ""1 - 0"", ""pct"": 16.76}, {""score"": ""2 - 0"", ""pct"": 12.049999999999999}, {""score"": ""1 - 1"", ""pct"": 11.57}]"
Uruguay,Argentina,Neutral,0.705,1.26,19.7,30.9,49.5,18.9,3.9,7.0,50.4,7.3,12.5,29.8,70.2,"[{""score"": ""0 - 1"", ""pct"": 18.13}, {""score"": ""0 - 0"", ""pct"": 15.22}, {""score"": ""1 - 1"", ""pct"": 12.15}]"
Uruguay,England,Neutral,0.8,1.221,23.8,30.8,45.4,22.9,4.4,7.5,46.8,6.9,11.5,34.8,65.2,"[{""score"": ""0 - 1"", ""pct"": 16.37}, {""score"": ""0 - 0"", ""pct"": 14.19}, {""score"": ""1 - 1"", ""pct"": 12.76}]"
Uruguay,Tunisia,Neutral,1.325,0.645,53.7,30.0,16.3,53.2,7.6,12.3,17.4,3.7,5.8,73.0,27.0,"[{""score"": ""1 - 0"", ""pct"": 18.87}, {""score"": ""0 - 0"", ""pct"": 15.540000000000001}, {""score"": ""2 - 0"", ""pct"": 12.21}]"
Uruguay,Turkey,Neutral,1.536,0.972,50.4,26.9,22.7,49.8,7.1,9.4,22.7,4.3,6.6,66.4,33.6,"[{""score"": ""1 - 0"", ""pct"": 12.8}, {""score"": ""1 - 1"", ""pct"": 12.25}, {""score"": ""2 - 1"", ""pct"": 9.35}]"
Uruguay,Morocco,Neutral,0.887,0.84,32.8,35.9,31.4,33.2,6.0,12.2,31.1,5.8,11.7,51.4,48.6,"[{""score"": ""0 - 0"", ""pct"": 19.3}, {""score"": ""1 - 0"", ""pct"": 14.95}, {""score"": ""0 - 1"", ""pct"": 14.7}]"
Uruguay,Mexico,Neutral,1.225,0.784,46.1,31.1,22.8,46.5,7.2,11.5,22.4,4.5,7.8,65.3,34.7,"[{""score"": ""1 - 0"", ""pct"": 16.27}, {""score"": ""0 - 0"", ""pct"": 14.21}, {""score"": ""1 - 1"", ""pct"": 12.93}]"
Uruguay,DR Congo,Neutral,1.521,0.566,60.8,26.4,12.9,60.5,7.7,12.7,12.4,2.4,4.4,80.8,19.2,"[{""score"": ""1 - 0"", ""pct"": 18.970000000000002}, {""score"": ""2 - 0"", ""pct"": 14.19}, {""score"": ""0 - 0"", ""pct"": 13.63}]"
Uruguay,Norway,Neutral,1.379,1.047,45.1,27.6,27.4,44.4,7.0,9.3,26.7,5.0,7.7,60.7,39.3,"[{""score"": ""1 - 0"", ""pct"": 13.100000000000001}, {""score"": ""1 - 1"", ""pct"": 12.67}, {""score"": ""0 - 0"", ""pct"": 9.33}]"
Uruguay,Japan,Neutral,1.25,0.935,42.4,30.9,26.8,42.8,6.7,11.1,26.5,4.8,8.0,60.7,39.3,"[{""score"": ""1 - 0"", ""pct"": 13.94}, {""score"": ""1 - 1"", ""pct"": 13.3}, {""score"": ""0 - 0"", ""pct"": 12.72}]"
Uruguay,Qatar,Neutral,2.439,0.589,79.0,14.7,6.3,78.5,6.7,5.9,6.3,1.1,1.6,91.0,8.9,"[{""score"": ""2 - 0"", ""pct"": 14.860000000000001}, {""score"": ""1 - 0"", ""pct"": 13.03}, {""score"": ""3 - 0"", ""pct"": 11.33}]"
Uruguay,Czech Republic,Neutral,1.522,0.828,53.2,27.6,19.2,54.2,7.4,10.2,18.9,3.5,5.7,71.9,28.1,"[{""score"": ""1 - 0"", ""pct"": 14.899999999999999}, {""score"": ""1 - 1"", ""pct"": 12.33}, {""score"": ""2 - 0"", ""pct"": 10.68}]"
Uruguay,France,Neutral,0.912,1.254,26.9,30.6,42.5,25.1,5.0,7.6,44.1,7.2,11.0,37.7,62.3,"[{""score"": ""0 - 1"", ""pct"": 14.099999999999998}, {""score"": ""1 - 1"", ""pct"": 13.669999999999998}, {""score"": ""0 - 0"", ""pct"": 12.13}]"
Uruguay,Portugal,Neutral,0.966,1.317,27.1,29.8,43.1,26.4,4.6,7.6,44.1,7.2,10.0,38.7,61.3,"[{""score"": ""0 - 1"", ""pct"": 12.989999999999998}, {""score"": ""1 - 1"", ""pct"": 12.989999999999998}, {""score"": ""0 - 0"", ""pct"": 11.97}]"
Uruguay,Curaçao,Neutral,2.967,0.395,89.1,8.6,2.3,89.0,4.6,3.3,2.3,0.4,0.5,96.8,3.2,"[{""score"": ""2 - 0"", ""pct"": 15.82}, {""score"": ""3 - 0"", ""pct"": 15.22}, {""score"": ""4 - 0"", ""pct"": 10.93}]"
Uruguay,Cape Verde,Neutral,1.896,0.496,71.7,20.8,7.5,71.0,7.4,9.3,8.3,1.8,2.2,87.8,12.2,"[{""score"": ""1 - 0"", ""pct"": 17.89}, {""score"": ""2 - 0"", ""pct"": 16.509999999999998}, {""score"": ""0 - 0"", ""pct"": 10.17}]"
Uruguay,Panama,Neutral,2.027,0.596,71.4,20.0,8.6,71.2,7.2,8.1,9.2,1.8,2.5,86.5,13.5,"[{""score"": ""1 - 0"", ""pct"": 15.22}, {""score"": ""2 - 0"", ""pct"": 14.96}, {""score"": ""3 - 0"", ""pct"": 9.07}]"
Uruguay,Ecuador,Neutral,0.988,0.828,37.1,34.4,28.5,37.6,6.3,11.9,28.8,5.2,10.1,55.9,44.1,"[{""score"": ""0 - 0"", ""pct"": 17.77}, {""score"": ""1 - 0"", ""pct"": 15.55}, {""score"": ""1 - 1"", ""pct"": 13.51}]"
Uruguay,Egypt,Neutral,1.332,0.659,51.8,30.3,18.0,51.4,7.9,13.0,17.8,3.4,6.5,72.3,27.7,"[{""score"": ""1 - 0"", ""pct"": 18.529999999999998}, {""score"": ""0 - 0"", ""pct"": 14.540000000000001}, {""score"": ""1 - 1"", ""pct"": 12.280000000000001}]"
Uruguay,Croatia,Neutral,1.143,1.03,37.4,31.3,31.3,37.6,6.2,9.9,32.1,5.6,8.6,53.7,46.3,"[{""score"": ""1 - 1"", ""pct"": 13.56}, {""score"": ""1 - 0"", ""pct"": 12.55}, {""score"": ""0 - 0"", ""pct"": 12.2}]"
Uruguay,Ivory Coast,Neutral,1.34,0.718,50.8,30.1,19.1,52.0,7.6,12.0,18.6,3.4,6.3,71.6,28.4,"[{""score"": ""1 - 0"", ""pct"": 17.119999999999997}, {""score"": ""0 - 0"", ""pct"": 13.65}, {""score"": ""1 - 1"", ""pct"": 12.9}]"
Uruguay,Saudi Arabia,Neutral,1.746,0.522,67.7,22.9,9.5,67.2,8.1,10.0,9.9,2.1,2.8,85.3,14.7,"[{""score"": ""1 - 0"", ""pct"": 19.23}, {""score"": ""2 - 0"", ""pct"": 14.860000000000001}, {""score"": ""0 - 0"", ""pct"": 11.32}]"
Uruguay,South Africa,Neutral,1.726,0.563,66.0,23.9,10.1,66.7,7.3,10.0,10.3,2.2,3.5,84.0,16.0,"[{""score"": ""1 - 0"", ""pct"": 17.52}, {""score"": ""2 - 0"", ""pct"": 15.25}, {""score"": ""0 - 0"", ""pct"": 11.28}]"
Uruguay,New Zealand,Neutral,1.923,0.408,74.9,19.7,5.5,75.5,6.8,8.9,5.9,1.3,1.6,91.3,8.7,"[{""score"": ""1 - 0"", ""pct"": 19.63}, {""score"": ""2 - 0"", ""pct"": 17.64}, {""score"": ""3 - 0"", ""pct"": 11.53}]"
Uruguay,Belgium,Neutral,1.123,1.24,32.2,29.9,38.0,32.4,5.9,7.9,39.0,6.4,8.5,46.1,53.9,"[{""score"": ""1 - 1"", ""pct"": 13.88}, {""score"": ""0 - 1"", ""pct"": 11.81}, {""score"": ""1 - 0"", ""pct"": 10.440000000000001}]"
Croatia,Austria,Neutral,1.437,1.087,44.5,28.0,27.5,43.8,6.9,9.3,28.4,5.3,6.4,60.0,40.0,"[{""score"": ""1 - 1"", ""pct"": 12.83}, {""score"": ""1 - 0"", ""pct"": 11.91}, {""score"": ""2 - 1"", ""pct"": 9.11}]"
Croatia,Iran,Neutral,1.371,0.922,46.2,29.4,24.5,47.4,7.2,10.0,23.9,4.6,6.8,64.7,35.4,"[{""score"": ""1 - 0"", ""pct"": 13.84}, {""score"": ""1 - 1"", ""pct"": 13.13}, {""score"": ""0 - 0"", ""pct"": 11.469999999999999}]"
Croatia,Iraq,Neutral,1.876,0.592,68.7,21.2,10.1,68.4,7.4,9.2,10.2,2.0,2.8,85.0,15.0,"[{""score"": ""1 - 0"", ""pct"": 16.470000000000002}, {""score"": ""2 - 0"", ""pct"": 14.85}, {""score"": ""0 - 0"", ""pct"": 9.56}]"
Croatia,Jordan,Neutral,2.072,0.714,70.0,19.6,10.4,70.6,6.9,7.5,10.7,1.8,2.5,85.0,15.0,"[{""score"": ""1 - 0"", ""pct"": 13.84}, {""score"": ""2 - 0"", ""pct"": 12.479999999999999}, {""score"": ""3 - 0"", ""pct"": 9.31}]"
Croatia,Ghana,Neutral,1.856,0.719,64.5,22.3,13.1,64.8,7.5,9.2,12.5,2.3,3.7,81.5,18.5,"[{""score"": ""1 - 0"", ""pct"": 14.32}, {""score"": ""2 - 0"", ""pct"": 13.29}, {""score"": ""2 - 1"", ""pct"": 9.8}]"
Croatia,Australia,Neutral,1.397,0.916,47.9,28.9,23.1,47.0,7.6,10.8,23.6,4.5,6.5,65.4,34.6,"[{""score"": ""1 - 0"", ""pct"": 14.27}, {""score"": ""1 - 1"", ""pct"": 12.740000000000002}, {""score"": ""0 - 0"", ""pct"": 10.74}]"
Croatia,Sweden,Neutral,1.586,1.135,47.7,26.3,26.0,47.4,7.3,8.2,26.4,4.8,6.0,62.9,37.1,"[{""score"": ""1 - 1"", ""pct"": 11.28}, {""score"": ""1 - 0"", ""pct"": 10.76}, {""score"": ""2 - 1"", ""pct"": 9.569999999999999}]"
Croatia,Paraguay,Neutral,1.323,0.847,47.5,30.0,22.5,47.6,7.1,11.1,22.9,4.1,7.2,65.8,34.2,"[{""score"": ""1 - 0"", ""pct"": 15.42}, {""score"": ""1 - 1"", ""pct"": 13.350000000000001}, {""score"": ""0 - 0"", ""pct"": 12.43}]"
Croatia,Switzerland,Neutral,1.321,1.242,38.3,27.8,33.9,37.6,6.1,8.1,34.0,6.3,7.8,51.8,48.1,"[{""score"": ""1 - 1"", ""pct"": 12.509999999999998}, {""score"": ""1 - 0"", ""pct"": 10.290000000000001}, {""score"": ""0 - 1"", ""pct"": 9.610000000000001}]"
Croatia,South Korea,Neutral,1.527,0.888,52.3,26.9,20.8,52.0,7.7,9.8,21.1,4.0,5.5,69.5,30.5,"[{""score"": ""1 - 0"", ""pct"": 14.099999999999998}, {""score"": ""1 - 1"", ""pct"": 12.09}, {""score"": ""2 - 0"", ""pct"": 10.15}]"
Croatia,Netherlands,Neutral,1.225,1.516,29.2,27.5,43.3,30.2,5.2,6.8,43.0,6.6,8.1,42.3,57.7,"[{""score"": ""1 - 1"", ""pct"": 12.280000000000001}, {""score"": ""0 - 1"", ""pct"": 10.07}, {""score"": ""1 - 2"", ""pct"": 9.11}]"
Croatia,United States,Neutral,1.681,0.934,54.6,25.3,20.1,54.9,7.6,9.1,19.6,3.7,5.2,71.5,28.5,"[{""score"": ""1 - 0"", ""pct"": 12.629999999999999}, {""score"": ""1 - 1"", ""pct"": 11.379999999999999}, {""score"": ""2 - 1"", ""pct"": 9.89}]"
Croatia,Haiti,Neutral,2.884,0.622,83.7,11.7,4.5,83.9,5.5,4.2,4.9,0.8,0.8,93.6,6.5,"[{""score"": ""2 - 0"", ""pct"": 13.19}, {""score"": ""3 - 0"", ""pct"": 12.08}, {""score"": ""1 - 0"", ""pct"": 8.86}]"
Croatia,Germany,Neutral,1.303,1.669,29.2,24.6,46.2,28.8,5.2,5.4,46.3,7.0,7.3,39.4,60.6,"[{""score"": ""1 - 1"", ""pct"": 10.63}, {""score"": ""1 - 2"", ""pct"": 9.69}, {""score"": ""0 - 1"", ""pct"": 9.120000000000001}]"
Croatia,Algeria,Neutral,1.631,1.049,50.9,25.4,23.7,50.2,7.2,9.1,23.3,4.3,5.8,66.5,33.5,"[{""score"": ""1 - 1"", ""pct"": 11.700000000000001}, {""score"": ""1 - 0"", ""pct"": 11.55}, {""score"": ""2 - 1"", ""pct"": 9.73}]"
Croatia,Bosnia and Herzegovina,Neutral,2.037,0.774,67.0,21.1,11.9,67.1,7.6,7.7,12.4,2.4,2.8,82.4,17.6,"[{""score"": ""2 - 0"", ""pct"": 12.590000000000002}, {""score"": ""1 - 0"", ""pct"": 12.53}, {""score"": ""2 - 1"", ""pct"": 9.51}]"
Croatia,Brazil,Neutral,0.877,1.637,19.1,26.2,54.6,18.7,3.6,5.1,55.3,7.7,9.6,27.4,72.6,"[{""score"": ""0 - 1"", ""pct"": 13.309999999999999}, {""score"": ""1 - 1"", ""pct"": 11.700000000000001}, {""score"": ""0 - 2"", ""pct"": 10.75}]"
Croatia,Colombia,Neutral,1.019,1.315,28.3,28.9,42.8,27.7,5.4,7.6,43.1,7.1,9.1,40.7,59.3,"[{""score"": ""1 - 1"", ""pct"": 12.97}, {""score"": ""0 - 1"", ""pct"": 12.23}, {""score"": ""0 - 0"", ""pct"": 10.82}]"
Croatia,Uzbekistan,Neutral,1.58,0.709,58.9,26.3,14.9,58.1,7.9,10.1,15.7,3.3,4.9,76.1,23.9,"[{""score"": ""1 - 0"", ""pct"": 16.38}, {""score"": ""2 - 0"", ""pct"": 12.29}, {""score"": ""1 - 1"", ""pct"": 11.19}]"
Croatia,Scotland,Neutral,1.584,0.96,52.6,26.5,21.0,51.7,7.4,9.6,21.5,4.1,5.7,68.7,31.3,"[{""score"": ""1 - 0"", ""pct"": 13.170000000000002}, {""score"": ""1 - 1"", ""pct"": 12.479999999999999}, {""score"": ""2 - 0"", ""pct"": 9.99}]"
Croatia,Spain,Neutral,0.901,1.794,17.3,23.7,59.0,17.2,3.5,4.3,58.0,8.2,8.7,25.0,75.0,"[{""score"": ""0 - 1"", ""pct"": 12.5}, {""score"": ""1 - 1"", ""pct"": 10.81}, {""score"": ""1 - 2"", ""pct"": 10.530000000000001}]"
Croatia,Senegal,Neutral,1.254,0.936,43.3,29.9,26.8,43.1,6.4,10.7,27.0,5.2,7.7,60.2,39.8,"[{""score"": ""1 - 0"", ""pct"": 14.42}, {""score"": ""1 - 1"", ""pct"": 13.07}, {""score"": ""0 - 0"", ""pct"": 12.559999999999999}]"
Croatia,Canada,Neutral,1.599,0.848,55.2,25.5,19.4,55.4,7.8,9.6,18.6,3.7,5.1,72.7,27.3,"[{""score"": ""1 - 0"", ""pct"": 14.48}, {""score"": ""1 - 1"", ""pct"": 11.77}, {""score"": ""2 - 0"", ""pct"": 10.69}]"
Croatia,Argentina,Neutral,0.753,1.492,17.9,27.1,55.0,17.6,3.3,5.2,55.9,7.5,10.4,26.1,73.9,"[{""score"": ""0 - 1"", ""pct"": 15.909999999999998}, {""score"": ""1 - 1"", ""pct"": 11.58}, {""score"": ""0 - 0"", ""pct"": 11.43}]"
Croatia,England,Neutral,0.854,1.445,20.6,28.4,51.1,21.2,3.8,6.1,51.0,7.5,10.4,31.1,68.9,"[{""score"": ""0 - 1"", ""pct"": 15.21}, {""score"": ""1 - 1"", ""pct"": 12.45}, {""score"": ""0 - 0"", ""pct"": 10.93}]"
Croatia,Tunisia,Neutral,1.413,0.764,52.8,28.4,18.8,52.0,7.9,10.7,19.4,3.6,6.4,70.6,29.4,"[{""score"": ""1 - 0"", ""pct"": 16.39}, {""score"": ""0 - 0"", ""pct"": 12.86}, {""score"": ""1 - 1"", ""pct"": 11.59}]"
Croatia,Turkey,Neutral,1.639,1.151,48.0,26.0,25.9,48.9,6.7,8.3,26.1,4.6,5.4,63.9,36.1,"[{""score"": ""1 - 1"", ""pct"": 11.57}, {""score"": ""1 - 0"", ""pct"": 11.12}, {""score"": ""2 - 1"", ""pct"": 9.09}]"
Croatia,Morocco,Neutral,0.947,0.994,32.8,32.2,35.0,32.8,5.9,10.2,34.4,6.3,10.4,48.9,51.1,"[{""score"": ""0 - 0"", ""pct"": 15.07}, {""score"": ""0 - 1"", ""pct"": 14.330000000000002}, {""score"": ""1 - 1"", ""pct"": 13.4}]"
Croatia,Mexico,Neutral,1.307,0.928,45.5,29.0,25.5,45.2,7.0,10.0,25.9,4.8,7.1,62.2,37.8,"[{""score"": ""1 - 0"", ""pct"": 14.24}, {""score"": ""1 - 1"", ""pct"": 12.42}, {""score"": ""0 - 0"", ""pct"": 12.04}]"
Croatia,DR Congo,Neutral,1.623,0.67,60.1,25.2,14.7,61.7,7.4,10.3,14.0,2.6,4.0,79.4,20.6,"[{""score"": ""1 - 0"", ""pct"": 17.06}, {""score"": ""2 - 0"", ""pct"": 13.4}, {""score"": ""0 - 0"", ""pct"": 10.979999999999999}]"
Croatia,Norway,Neutral,1.472,1.239,41.6,27.0,31.3,41.6,6.6,7.9,31.4,5.5,7.0,56.1,43.9,"[{""score"": ""1 - 1"", ""pct"": 12.43}, {""score"": ""1 - 0"", ""pct"": 9.78}, {""score"": ""2 - 1"", ""pct"": 8.95}]"
Croatia,Japan,Neutral,1.334,1.107,41.9,28.4,29.7,41.7,6.7,8.8,30.6,5.2,7.0,57.1,42.9,"[{""score"": ""1 - 1"", ""pct"": 12.770000000000001}, {""score"": ""1 - 0"", ""pct"": 11.4}, {""score"": ""0 - 0"", ""pct"": 9.65}]"
Croatia,Qatar,Neutral,2.603,0.697,79.0,14.5,6.5,79.2,6.3,5.2,6.8,1.1,1.4,90.7,9.3,"[{""score"": ""2 - 0"", ""pct"": 12.6}, {""score"": ""3 - 0"", ""pct"": 10.92}, {""score"": ""1 - 0"", ""pct"": 9.879999999999999}]"
Croatia,Czech Republic,Neutral,1.624,0.98,53.5,25.1,21.4,52.3,7.5,9.4,21.2,4.0,5.6,69.2,30.9,"[{""score"": ""1 - 0"", ""pct"": 12.3}, {""score"": ""1 - 1"", ""pct"": 11.12}, {""score"": ""2 - 1"", ""pct"": 10.58}]"
Croatia,France,Neutral,0.974,1.485,22.3,28.1,49.5,23.8,4.5,6.2,48.9,6.9,9.7,34.6,65.4,"[{""score"": ""0 - 1"", ""pct"": 12.790000000000001}, {""score"": ""1 - 1"", ""pct"": 12.540000000000001}, {""score"": ""0 - 0"", ""pct"": 9.84}]"
Croatia,Portugal,Neutral,1.031,1.56,23.5,26.6,50.0,24.1,4.7,5.9,49.6,6.8,9.0,34.7,65.3,"[{""score"": ""0 - 1"", ""pct"": 12.389999999999999}, {""score"": ""1 - 1"", ""pct"": 12.31}, {""score"": ""1 - 2"", ""pct"": 9.25}]"
Croatia,Curaçao,Neutral,3.166,0.467,88.8,8.6,2.6,89.7,4.3,2.8,2.4,0.5,0.4,96.7,3.3,"[{""score"": ""2 - 0"", ""pct"": 13.669999999999998}, {""score"": ""3 - 0"", ""pct"": 13.25}, {""score"": ""4 - 0"", ""pct"": 11.020000000000001}]"
Croatia,Cape Verde,Neutral,2.024,0.587,71.8,19.7,8.6,72.6,7.0,7.9,8.6,1.7,2.2,87.4,12.6,"[{""score"": ""1 - 0"", ""pct"": 15.58}, {""score"": ""2 - 0"", ""pct"": 15.49}, {""score"": ""3 - 0"", ""pct"": 9.120000000000001}]"
Croatia,Panama,Neutral,2.163,0.706,71.6,18.7,9.7,71.0,7.4,7.4,9.8,1.9,2.5,85.9,14.1,"[{""score"": ""2 - 0"", ""pct"": 13.96}, {""score"": ""1 - 0"", ""pct"": 12.78}, {""score"": ""3 - 0"", ""pct"": 9.04}]"
Croatia,Ecuador,Neutral,1.054,0.98,36.4,32.7,30.9,35.6,6.2,10.4,31.8,5.8,10.1,52.2,47.8,"[{""score"": ""0 - 0"", ""pct"": 14.71}, {""score"": ""1 - 1"", ""pct"": 13.77}, {""score"": ""1 - 0"", ""pct"": 13.700000000000001}]"
Croatia,Egypt,Neutral,1.422,0.781,51.2,30.1,18.6,51.8,7.6,11.3,19.4,3.7,6.2,70.8,29.2,"[{""score"": ""1 - 0"", ""pct"": 15.36}, {""score"": ""0 - 0"", ""pct"": 12.879999999999999}, {""score"": ""1 - 1"", ""pct"": 12.8}]"
Croatia,Uruguay,Neutral,1.03,1.143,31.6,31.1,37.3,31.8,5.4,9.2,37.5,6.7,9.5,46.3,53.7,"[{""score"": ""1 - 1"", ""pct"": 13.63}, {""score"": ""0 - 1"", ""pct"": 13.0}, {""score"": ""0 - 0"", ""pct"": 12.86}]"
Croatia,Ivory Coast,Neutral,1.43,0.85,50.5,28.1,21.3,50.9,7.0,10.6,20.8,4.3,6.4,68.5,31.5,"[{""score"": ""1 - 0"", ""pct"": 14.499999999999998}, {""score"": ""1 - 1"", ""pct"": 12.07}, {""score"": ""0 - 0"", ""pct"": 11.61}]"
Croatia,Saudi Arabia,Neutral,1.863,0.618,67.2,22.4,10.3,67.0,7.5,9.4,10.7,2.2,3.1,84.0,16.0,"[{""score"": ""1 - 0"", ""pct"": 16.04}, {""score"": ""2 - 0"", ""pct"": 14.23}, {""score"": ""1 - 1"", ""pct"": 10.01}]"
Croatia,South Africa,Neutral,1.841,0.667,66.1,22.7,11.2,66.3,7.2,8.9,11.8,2.5,3.3,82.4,17.6,"[{""score"": ""1 - 0"", ""pct"": 14.97}, {""score"": ""2 - 0"", ""pct"": 13.309999999999999}, {""score"": ""1 - 1"", ""pct"": 9.87}]"
Croatia,New Zealand,Neutral,2.052,0.483,75.4,18.3,6.3,75.1,6.9,8.0,6.6,1.4,2.0,90.0,10.0,"[{""score"": ""1 - 0"", ""pct"": 16.939999999999998}, {""score"": ""2 - 0"", ""pct"": 16.68}, {""score"": ""3 - 0"", ""pct"": 11.450000000000001}]"
Croatia,Belgium,Neutral,1.199,1.469,30.5,26.4,43.1,29.7,5.3,6.7,43.3,6.6,8.4,41.7,58.3,"[{""score"": ""1 - 1"", ""pct"": 11.799999999999999}, {""score"": ""0 - 1"", ""pct"": 10.86}, {""score"": ""1 - 2"", ""pct"": 9.34}]"
Ivory Coast,Austria,Neutral,1.002,1.276,27.9,29.0,43.1,28.9,4.7,7.7,41.5,6.8,10.4,41.3,58.7,"[{""score"": ""0 - 1"", ""pct"": 14.05}, {""score"": ""1 - 1"", ""pct"": 12.2}, {""score"": ""0 - 0"", ""pct"": 11.75}]"
Ivory Coast,Iran,Neutral,0.956,1.081,30.6,32.4,37.0,30.6,5.6,9.1,37.5,6.4,10.9,45.3,54.7,"[{""score"": ""0 - 0"", ""pct"": 14.56}, {""score"": ""0 - 1"", ""pct"": 13.91}, {""score"": ""1 - 1"", ""pct"": 13.750000000000002}]"
Ivory Coast,Iraq,Neutral,1.308,0.694,50.3,31.4,18.3,50.6,7.2,12.2,19.5,3.6,6.8,70.1,29.9,"[{""score"": ""1 - 0"", ""pct"": 17.34}, {""score"": ""0 - 0"", ""pct"": 15.21}, {""score"": ""1 - 1"", ""pct"": 12.709999999999999}]"
Ivory Coast,Jordan,Neutral,1.444,0.838,51.6,27.9,20.5,51.6,7.4,10.2,20.3,4.5,6.0,69.2,30.8,"[{""score"": ""1 - 0"", ""pct"": 14.95}, {""score"": ""1 - 1"", ""pct"": 12.8}, {""score"": ""0 - 0"", ""pct"": 10.73}]"
Ivory Coast,Ghana,Neutral,1.294,0.843,46.1,30.3,23.5,47.1,6.9,10.7,23.7,4.3,7.2,64.7,35.3,"[{""score"": ""1 - 0"", ""pct"": 15.049999999999999}, {""score"": ""0 - 0"", ""pct"": 13.58}, {""score"": ""1 - 1"", ""pct"": 12.620000000000001}]"
Ivory Coast,Australia,Neutral,0.974,1.074,31.6,32.0,36.4,31.5,6.0,10.0,35.9,6.3,10.2,47.5,52.5,"[{""score"": ""0 - 0"", ""pct"": 14.26}, {""score"": ""1 - 1"", ""pct"": 13.420000000000002}, {""score"": ""0 - 1"", ""pct"": 13.33}]"
Ivory Coast,Sweden,Neutral,1.105,1.331,29.5,29.8,40.8,30.1,5.2,7.7,41.3,6.7,9.1,42.9,57.1,"[{""score"": ""1 - 1"", ""pct"": 12.85}, {""score"": ""0 - 1"", ""pct"": 11.04}, {""score"": ""0 - 0"", ""pct"": 10.71}]"
Ivory Coast,Paraguay,Neutral,0.922,0.994,31.3,33.9,34.7,31.3,5.9,10.2,35.5,6.2,11.0,47.3,52.7,"[{""score"": ""0 - 0"", ""pct"": 16.37}, {""score"": ""0 - 1"", ""pct"": 14.27}, {""score"": ""1 - 1"", ""pct"": 13.79}]"
Ivory Coast,Switzerland,Neutral,0.921,1.458,23.5,27.8,48.7,23.1,4.1,6.0,49.7,7.3,9.8,33.2,66.8,"[{""score"": ""0 - 1"", ""pct"": 13.8}, {""score"": ""1 - 1"", ""pct"": 12.78}, {""score"": ""0 - 0"", ""pct"": 9.790000000000001}]"
Ivory Coast,South Korea,Neutral,1.064,1.042,34.7,32.0,33.3,34.4,6.5,9.5,34.2,5.9,9.6,50.4,49.6,"[{""score"": ""1 - 1"", ""pct"": 14.37}, {""score"": ""0 - 0"", ""pct"": 13.13}, {""score"": ""1 - 0"", ""pct"": 12.690000000000001}]"
Ivory Coast,Netherlands,Neutral,0.854,1.779,16.6,24.2,59.1,15.9,3.1,4.2,60.1,7.5,9.2,23.2,76.8,"[{""score"": ""0 - 1"", ""pct"": 13.18}, {""score"": ""0 - 2"", ""pct"": 11.540000000000001}, {""score"": ""1 - 1"", ""pct"": 10.73}]"
Ivory Coast,United States,Neutral,1.172,1.096,36.8,30.4,32.8,35.9,6.5,9.4,33.1,6.0,9.2,51.7,48.3,"[{""score"": ""1 - 1"", ""pct"": 13.370000000000001}, {""score"": ""1 - 0"", ""pct"": 11.86}, {""score"": ""0 - 0"", ""pct"": 11.86}]"
Ivory Coast,Haiti,Neutral,2.01,0.73,67.6,20.8,11.6,67.6,7.6,8.2,11.2,2.3,3.1,83.4,16.6,"[{""score"": ""1 - 0"", ""pct"": 13.969999999999999}, {""score"": ""2 - 0"", ""pct"": 12.35}, {""score"": ""1 - 1"", ""pct"": 9.53}]"
Ivory Coast,Germany,Neutral,0.908,1.958,15.7,22.1,62.2,15.6,3.0,3.6,61.8,7.7,8.2,22.3,77.7,"[{""score"": ""0 - 1"", ""pct"": 11.78}, {""score"": ""0 - 2"", ""pct"": 11.559999999999999}, {""score"": ""1 - 2"", ""pct"": 10.09}]"
Ivory Coast,Algeria,Neutral,1.137,1.23,33.1,29.6,37.4,32.8,5.9,8.4,37.3,6.7,8.8,47.1,52.9,"[{""score"": ""1 - 1"", ""pct"": 12.870000000000001}, {""score"": ""0 - 1"", ""pct"": 11.63}, {""score"": ""1 - 0"", ""pct"": 11.14}]"
Ivory Coast,Bosnia and Herzegovina,Neutral,1.42,0.908,49.0,28.8,22.2,48.4,7.7,10.1,22.6,4.6,6.6,66.2,33.8,"[{""score"": ""1 - 0"", ""pct"": 14.34}, {""score"": ""1 - 1"", ""pct"": 13.020000000000001}, {""score"": ""0 - 0"", ""pct"": 10.95}]"
Ivory Coast,Brazil,Neutral,0.611,1.921,9.7,20.7,69.6,10.0,1.9,2.9,69.2,7.2,8.8,14.8,85.2,"[{""score"": ""0 - 1"", ""pct"": 16.580000000000002}, {""score"": ""0 - 2"", ""pct"": 14.64}, {""score"": ""1 - 1"", ""pct"": 9.2}]"
Ivory Coast,Colombia,Neutral,0.71,1.543,15.4,27.2,57.4,15.7,3.3,5.3,57.6,7.2,10.9,24.3,75.7,"[{""score"": ""0 - 1"", ""pct"": 16.78}, {""score"": ""0 - 2"", ""pct"": 12.01}, {""score"": ""0 - 0"", ""pct"": 11.790000000000001}]"
Ivory Coast,Uzbekistan,Neutral,1.101,0.831,41.0,32.4,26.6,40.8,7.0,11.9,26.6,5.1,8.6,59.7,40.3,"[{""score"": ""1 - 0"", ""pct"": 16.18}, {""score"": ""0 - 0"", ""pct"": 15.55}, {""score"": ""1 - 1"", ""pct"": 13.3}]"
Ivory Coast,Scotland,Neutral,1.104,1.126,34.2,30.3,35.6,33.6,6.1,8.5,36.1,6.3,9.4,48.2,51.8,"[{""score"": ""1 - 1"", ""pct"": 13.66}, {""score"": ""0 - 1"", ""pct"": 12.61}, {""score"": ""1 - 0"", ""pct"": 12.04}]"
Ivory Coast,Spain,Neutral,0.628,2.104,8.7,19.9,71.4,8.5,1.6,2.4,73.0,6.8,7.7,12.5,87.5,"[{""score"": ""0 - 1"", ""pct"": 14.49}, {""score"": ""0 - 2"", ""pct"": 14.280000000000001}, {""score"": ""0 - 3"", ""pct"": 9.700000000000001}]"
Ivory Coast,Senegal,Neutral,0.874,1.098,28.2,32.4,39.4,28.1,5.4,9.2,39.3,6.5,11.5,42.7,57.3,"[{""score"": ""0 - 0"", ""pct"": 14.97}, {""score"": ""0 - 1"", ""pct"": 14.92}, {""score"": ""1 - 1"", ""pct"": 13.41}]"
Ivory Coast,Canada,Neutral,1.115,0.994,37.6,31.7,30.7,38.0,6.3,10.2,31.1,5.9,8.5,54.5,45.5,"[{""score"": ""1 - 1"", ""pct"": 13.969999999999999}, {""score"": ""1 - 0"", ""pct"": 13.600000000000001}, {""score"": ""0 - 0"", ""pct"": 13.3}]"
Ivory Coast,Argentina,Neutral,0.525,1.751,10.0,23.1,66.9,9.5,2.0,3.0,67.5,8.1,9.9,14.6,85.4,"[{""score"": ""0 - 1"", ""pct"": 18.41}, {""score"": ""0 - 2"", ""pct"": 15.36}, {""score"": ""0 - 0"", ""pct"": 11.05}]"
Ivory Coast,England,Neutral,0.595,1.695,11.4,24.2,64.5,11.9,2.3,3.6,64.3,7.6,10.3,17.8,82.2,"[{""score"": ""0 - 1"", ""pct"": 18.02}, {""score"": ""0 - 2"", ""pct"": 13.98}, {""score"": ""0 - 0"", ""pct"": 10.94}]"
Ivory Coast,Tunisia,Neutral,0.985,0.896,35.7,33.3,31.0,35.7,6.4,11.1,31.1,5.8,9.9,53.2,46.8,"[{""score"": ""0 - 0"", ""pct"": 16.45}, {""score"": ""1 - 0"", ""pct"": 15.27}, {""score"": ""0 - 1"", ""pct"": 13.33}]"
Ivory Coast,Turkey,Neutral,1.142,1.35,30.6,28.5,40.9,30.6,5.4,7.2,41.3,6.7,8.8,43.2,56.8,"[{""score"": ""1 - 1"", ""pct"": 12.57}, {""score"": ""0 - 1"", ""pct"": 11.62}, {""score"": ""0 - 0"", ""pct"": 9.67}]"
Ivory Coast,Morocco,Neutral,0.66,1.166,20.0,32.0,48.0,19.3,3.7,7.8,48.1,7.5,13.5,30.9,69.1,"[{""score"": ""0 - 1"", ""pct"": 19.21}, {""score"": ""0 - 0"", ""pct"": 16.78}, {""score"": ""1 - 1"", ""pct"": 12.379999999999999}]"
Ivory Coast,Mexico,Neutral,0.911,1.089,29.2,32.8,38.0,29.9,5.6,9.0,37.9,6.6,11.0,44.5,55.4,"[{""score"": ""0 - 0"", ""pct"": 15.559999999999999}, {""score"": ""0 - 1"", ""pct"": 14.399999999999999}, {""score"": ""1 - 1"", ""pct"": 13.38}]"
Ivory Coast,DR Congo,Neutral,1.131,0.786,42.9,33.0,24.1,43.5,6.6,12.3,24.0,4.7,8.8,62.4,37.6,"[{""score"": ""0 - 0"", ""pct"": 16.16}, {""score"": ""1 - 0"", ""pct"": 15.920000000000002}, {""score"": ""1 - 1"", ""pct"": 13.04}]"
Ivory Coast,Norway,Neutral,1.026,1.454,25.1,27.8,47.1,25.3,4.8,6.6,46.6,7.1,9.7,36.6,63.4,"[{""score"": ""0 - 1"", ""pct"": 12.82}, {""score"": ""1 - 1"", ""pct"": 12.27}, {""score"": ""0 - 0"", ""pct"": 9.48}]"
Ivory Coast,Japan,Neutral,0.93,1.298,25.6,30.1,44.2,26.1,4.9,6.6,44.7,7.7,10.1,37.6,62.4,"[{""score"": ""0 - 1"", ""pct"": 13.79}, {""score"": ""1 - 1"", ""pct"": 13.139999999999999}, {""score"": ""0 - 0"", ""pct"": 11.99}]"
Ivory Coast,Qatar,Neutral,1.814,0.818,61.4,23.3,15.3,61.5,7.4,8.8,15.4,2.9,4.1,77.6,22.4,"[{""score"": ""1 - 0"", ""pct"": 13.420000000000002}, {""score"": ""2 - 0"", ""pct"": 11.87}, {""score"": ""1 - 1"", ""pct"": 10.68}]"
Ivory Coast,Czech Republic,Neutral,1.132,1.15,35.0,30.4,34.6,35.1,6.1,8.4,35.2,5.9,9.2,49.7,50.3,"[{""score"": ""1 - 1"", ""pct"": 13.719999999999999}, {""score"": ""1 - 0"", ""pct"": 11.72}, {""score"": ""0 - 1"", ""pct"": 11.27}]"
Ivory Coast,France,Neutral,0.679,1.742,13.1,23.2,63.7,12.9,2.7,3.8,63.0,7.7,9.8,19.4,80.6,"[{""score"": ""0 - 1"", ""pct"": 15.83}, {""score"": ""0 - 2"", ""pct"": 13.44}, {""score"": ""1 - 1"", ""pct"": 10.0}]"
Ivory Coast,Portugal,Neutral,0.719,1.83,13.3,22.4,64.4,13.0,2.4,3.6,64.1,8.0,8.9,19.0,81.0,"[{""score"": ""0 - 1"", ""pct"": 15.07}, {""score"": ""0 - 2"", ""pct"": 12.57}, {""score"": ""1 - 1"", ""pct"": 9.75}]"
Ivory Coast,Curaçao,Neutral,2.206,0.548,76.4,16.6,7.0,75.4,7.1,7.4,7.2,1.4,1.5,89.9,10.1,"[{""score"": ""2 - 0"", ""pct"": 15.27}, {""score"": ""1 - 0"", ""pct"": 14.67}, {""score"": ""3 - 0"", ""pct"": 10.94}]"
Ivory Coast,Cape Verde,Neutral,1.41,0.689,54.2,28.6,17.2,53.9,8.0,11.7,17.0,3.4,6.0,73.6,26.4,"[{""score"": ""1 - 0"", ""pct"": 17.72}, {""score"": ""0 - 0"", ""pct"": 12.920000000000002}, {""score"": ""1 - 1"", ""pct"": 12.07}]"
Ivory Coast,Panama,Neutral,1.508,0.828,53.3,26.9,19.8,54.1,7.5,10.2,18.8,3.9,5.4,71.9,28.1,"[{""score"": ""1 - 0"", ""pct"": 14.78}, {""score"": ""1 - 1"", ""pct"": 11.81}, {""score"": ""0 - 0"", ""pct"": 10.69}]"
Ivory Coast,Ecuador,Neutral,0.735,1.15,22.7,32.1,45.3,22.8,4.0,8.0,45.5,7.2,12.4,34.8,65.2,"[{""score"": ""0 - 1"", ""pct"": 17.630000000000003}, {""score"": ""0 - 0"", ""pct"": 16.3}, {""score"": ""1 - 1"", ""pct"": 12.620000000000001}]"
Ivory Coast,Egypt,Neutral,0.991,0.916,35.9,33.3,30.7,35.1,6.4,11.0,31.2,5.9,10.4,52.5,47.5,"[{""score"": ""0 - 0"", ""pct"": 15.920000000000002}, {""score"": ""1 - 0"", ""pct"": 15.0}, {""score"": ""1 - 1"", ""pct"": 13.450000000000001}]"
Ivory Coast,Uruguay,Neutral,0.718,1.34,19.9,29.5,50.6,19.0,3.6,6.1,51.9,7.3,12.0,28.8,71.2,"[{""score"": ""0 - 1"", ""pct"": 17.150000000000002}, {""score"": ""0 - 0"", ""pct"": 13.94}, {""score"": ""1 - 1"", ""pct"": 11.85}]"
Ivory Coast,Croatia,Neutral,0.85,1.43,20.7,28.8,50.5,20.8,4.2,6.1,50.7,7.8,10.3,31.2,68.8,"[{""score"": ""0 - 1"", ""pct"": 14.680000000000001}, {""score"": ""1 - 1"", ""pct"": 12.47}, {""score"": ""0 - 0"", ""pct"": 11.75}]"
Ivory Coast,Saudi Arabia,Neutral,1.299,0.725,49.4,30.4,20.2,49.1,7.7,12.0,20.6,3.9,6.6,68.8,31.1,"[{""score"": ""1 - 0"", ""pct"": 16.98}, {""score"": ""0 - 0"", ""pct"": 14.19}, {""score"": ""1 - 1"", ""pct"": 12.709999999999999}]"
Ivory Coast,South Africa,Neutral,1.283,0.782,47.8,29.9,22.3,47.8,7.6,12.0,21.3,4.3,7.1,67.3,32.7,"[{""score"": ""1 - 0"", ""pct"": 16.189999999999998}, {""score"": ""0 - 0"", ""pct"": 13.059999999999999}, {""score"": ""1 - 1"", ""pct"": 12.97}]"
Ivory Coast,New Zealand,Neutral,1.43,0.567,57.9,28.2,13.8,57.9,8.2,12.7,13.4,2.8,5.1,78.8,21.2,"[{""score"": ""1 - 0"", ""pct"": 19.81}, {""score"": ""0 - 0"", ""pct"": 14.95}, {""score"": ""2 - 0"", ""pct"": 13.26}]"
Ivory Coast,Belgium,Neutral,0.835,1.723,17.0,23.9,59.1,17.0,3.4,4.1,58.5,7.9,9.1,24.5,75.5,"[{""score"": ""0 - 1"", ""pct"": 13.79}, {""score"": ""0 - 2"", ""pct"": 11.37}, {""score"": ""1 - 1"", ""pct"": 10.37}]"
Saudi Arabia,Austria,Neutral,0.728,1.662,15.2,25.0,59.8,15.6,2.8,4.4,59.7,7.7,9.8,22.8,77.2,"[{""score"": ""0 - 1"", ""pct"": 15.920000000000002}, {""score"": ""0 - 2"", ""pct"": 12.659999999999998}, {""score"": ""1 - 1"", ""pct"": 11.01}]"
Saudi Arabia,Iran,Neutral,0.695,1.409,16.7,28.5,54.9,17.4,3.5,5.7,54.3,7.8,11.4,26.5,73.5,"[{""score"": ""0 - 1"", ""pct"": 17.26}, {""score"": ""0 - 0"", ""pct"": 12.879999999999999}, {""score"": ""1 - 1"", ""pct"": 11.95}]"
Saudi Arabia,Iraq,Neutral,0.951,0.904,34.9,33.5,31.6,34.3,6.1,11.1,32.3,5.8,10.5,51.4,48.6,"[{""score"": ""0 - 0"", ""pct"": 17.03}, {""score"": ""1 - 0"", ""pct"": 14.27}, {""score"": ""0 - 1"", ""pct"": 13.930000000000001}]"
Saudi Arabia,Jordan,Neutral,1.05,1.091,32.4,31.1,36.5,33.2,5.9,9.6,35.6,6.3,9.4,48.7,51.3,"[{""score"": ""1 - 1"", ""pct"": 13.639999999999999}, {""score"": ""0 - 1"", ""pct"": 13.15}, {""score"": ""0 - 0"", ""pct"": 12.5}]"
Saudi Arabia,Ghana,Neutral,0.941,1.099,30.0,32.6,37.5,30.8,5.7,9.0,37.5,6.5,10.6,45.5,54.5,"[{""score"": ""0 - 0"", ""pct"": 14.430000000000001}, {""score"": ""0 - 1"", ""pct"": 14.11}, {""score"": ""1 - 1"", ""pct"": 13.530000000000001}]"
Saudi Arabia,Australia,Neutral,0.708,1.399,18.5,28.9,52.6,18.5,3.5,5.8,52.6,7.6,12.1,27.7,72.3,"[{""score"": ""0 - 1"", ""pct"": 16.54}, {""score"": ""0 - 0"", ""pct"": 12.959999999999999}, {""score"": ""1 - 1"", ""pct"": 12.3}]"
Saudi Arabia,Sweden,Neutral,0.804,1.734,15.7,24.4,59.9,15.8,3.0,4.4,60.0,7.5,9.2,23.3,76.7,"[{""score"": ""0 - 1"", ""pct"": 15.0}, {""score"": ""1 - 1"", ""pct"": 11.14}, {""score"": ""0 - 2"", ""pct"": 11.12}]"
Saudi Arabia,Paraguay,Neutral,0.67,1.295,17.4,31.3,51.3,18.5,3.6,6.0,51.2,7.5,13.2,28.1,71.9,"[{""score"": ""0 - 1"", ""pct"": 18.48}, {""score"": ""0 - 0"", ""pct"": 15.2}, {""score"": ""1 - 1"", ""pct"": 12.82}]"
Saudi Arabia,Switzerland,Neutral,0.669,1.899,11.1,21.9,67.0,11.5,2.2,2.9,67.2,7.7,8.5,16.6,83.4,"[{""score"": ""0 - 1"", ""pct"": 15.27}, {""score"": ""0 - 2"", ""pct"": 13.73}, {""score"": ""1 - 1"", ""pct"": 9.46}]"
Saudi Arabia,South Korea,Neutral,0.774,1.357,19.4,30.2,50.4,20.0,4.0,6.4,50.4,7.4,11.7,30.4,69.6,"[{""score"": ""0 - 1"", ""pct"": 16.31}, {""score"": ""0 - 0"", ""pct"": 13.270000000000001}, {""score"": ""1 - 1"", ""pct"": 12.72}]"
Saudi Arabia,Netherlands,Neutral,0.621,2.317,7.3,16.5,76.2,6.9,1.3,1.6,76.8,6.8,6.7,9.7,90.3,"[{""score"": ""0 - 2"", ""pct"": 14.540000000000001}, {""score"": ""0 - 1"", ""pct"": 13.07}, {""score"": ""0 - 3"", ""pct"": 10.11}]"
Saudi Arabia,United States,Neutral,0.852,1.428,21.3,28.1,50.6,21.0,4.0,6.7,50.1,7.4,10.8,31.7,68.3,"[{""score"": ""0 - 1"", ""pct"": 14.580000000000002}, {""score"": ""1 - 1"", ""pct"": 12.36}, {""score"": ""0 - 0"", ""pct"": 11.23}]"
Saudi Arabia,Haiti,Neutral,1.461,0.951,49.3,27.2,23.5,48.4,7.4,10.3,23.2,4.2,6.5,66.2,33.8,"[{""score"": ""1 - 0"", ""pct"": 13.639999999999999}, {""score"": ""1 - 1"", ""pct"": 12.02}, {""score"": ""0 - 0"", ""pct"": 10.01}]"
Saudi Arabia,Germany,Neutral,0.66,2.55,6.3,14.0,79.7,6.5,1.1,1.2,79.8,6.2,5.2,8.8,91.2,"[{""score"": ""0 - 2"", ""pct"": 13.309999999999999}, {""score"": ""0 - 3"", ""pct"": 11.34}, {""score"": ""0 - 1"", ""pct"": 11.1}]"
Saudi Arabia,Algeria,Neutral,0.826,1.603,18.5,25.8,55.8,18.2,3.3,5.1,55.3,7.6,10.4,26.7,73.3,"[{""score"": ""0 - 1"", ""pct"": 13.96}, {""score"": ""1 - 1"", ""pct"": 11.799999999999999}, {""score"": ""0 - 2"", ""pct"": 10.639999999999999}]"
Saudi Arabia,Bosnia and Herzegovina,Neutral,1.032,1.182,31.4,29.9,38.6,31.3,5.9,8.6,37.6,6.7,9.9,45.7,54.3,"[{""score"": ""1 - 1"", ""pct"": 13.18}, {""score"": ""0 - 1"", ""pct"": 12.839999999999998}, {""score"": ""0 - 0"", ""pct"": 11.51}]"
Saudi Arabia,Brazil,Neutral,0.445,2.502,3.9,13.3,82.8,3.8,0.8,0.9,82.6,6.2,5.6,5.6,94.4,"[{""score"": ""0 - 2"", ""pct"": 15.73}, {""score"": ""0 - 3"", ""pct"": 13.69}, {""score"": ""0 - 1"", ""pct"": 13.55}]"
Saudi Arabia,Colombia,Neutral,0.517,2.009,7.2,19.2,73.6,7.6,1.6,2.3,73.5,6.6,8.4,11.6,88.4,"[{""score"": ""0 - 1"", ""pct"": 17.14}, {""score"": ""0 - 2"", ""pct"": 15.409999999999998}, {""score"": ""0 - 3"", ""pct"": 9.94}]"
Saudi Arabia,Uzbekistan,Neutral,0.801,1.083,26.2,33.2,40.5,25.5,4.8,9.1,41.6,6.8,12.2,39.4,60.6,"[{""score"": ""0 - 0"", ""pct"": 16.56}, {""score"": ""0 - 1"", ""pct"": 15.45}, {""score"": ""1 - 1"", ""pct"": 13.270000000000001}]"
Saudi Arabia,Scotland,Neutral,0.803,1.467,19.4,27.5,53.1,19.3,4.0,5.6,52.6,7.6,11.0,28.8,71.2,"[{""score"": ""0 - 1"", ""pct"": 15.329999999999998}, {""score"": ""1 - 1"", ""pct"": 11.83}, {""score"": ""0 - 0"", ""pct"": 11.23}]"
Saudi Arabia,Spain,Neutral,0.457,2.741,3.2,10.9,85.9,3.4,0.8,0.7,85.7,5.1,4.3,4.9,95.1,"[{""score"": ""0 - 2"", ""pct"": 15.340000000000002}, {""score"": ""0 - 3"", ""pct"": 14.26}, {""score"": ""0 - 1"", ""pct"": 12.139999999999999}]"
Saudi Arabia,Senegal,Neutral,0.635,1.43,15.1,27.5,57.4,15.4,3.2,5.2,56.3,7.8,12.1,23.8,76.2,"[{""score"": ""0 - 1"", ""pct"": 18.7}, {""score"": ""0 - 0"", ""pct"": 13.59}, {""score"": ""0 - 2"", ""pct"": 12.78}]"
Saudi Arabia,Canada,Neutral,0.81,1.295,21.6,30.2,48.2,22.5,4.6,6.8,47.7,7.3,11.2,33.9,66.1,"[{""score"": ""0 - 1"", ""pct"": 16.33}, {""score"": ""0 - 0"", ""pct"": 13.209999999999999}, {""score"": ""1 - 1"", ""pct"": 12.839999999999998}]"
Saudi Arabia,Argentina,Neutral,0.381,2.28,4.0,14.5,81.5,4.0,0.7,1.3,81.1,6.4,6.5,6.0,94.0,"[{""score"": ""0 - 2"", ""pct"": 18.44}, {""score"": ""0 - 1"", ""pct"": 16.84}, {""score"": ""0 - 3"", ""pct"": 12.82}]"
Saudi Arabia,England,Neutral,0.433,2.208,5.2,15.3,79.5,5.2,1.0,1.4,79.2,6.4,6.9,7.6,92.5,"[{""score"": ""0 - 2"", ""pct"": 17.560000000000002}, {""score"": ""0 - 1"", ""pct"": 15.65}, {""score"": ""0 - 3"", ""pct"": 12.45}]"
Saudi Arabia,Tunisia,Neutral,0.716,1.167,21.3,32.9,45.8,21.3,4.1,7.6,46.8,7.2,13.0,33.0,67.0,"[{""score"": ""0 - 1"", ""pct"": 17.31}, {""score"": ""0 - 0"", ""pct"": 16.64}, {""score"": ""1 - 1"", ""pct"": 13.059999999999999}]"
Saudi Arabia,Turkey,Neutral,0.831,1.759,16.0,24.2,59.8,15.9,3.2,4.5,59.7,7.8,8.9,23.6,76.4,"[{""score"": ""0 - 1"", ""pct"": 13.66}, {""score"": ""0 - 2"", ""pct"": 11.43}, {""score"": ""1 - 1"", ""pct"": 11.24}]"
Saudi Arabia,Morocco,Neutral,0.48,1.519,10.2,26.2,63.6,10.1,2.3,4.1,63.1,8.2,12.1,16.5,83.5,"[{""score"": ""0 - 1"", ""pct"": 21.240000000000002}, {""score"": ""0 - 2"", ""pct"": 15.310000000000002}, {""score"": ""0 - 0"", ""pct"": 14.42}]"
Saudi Arabia,Mexico,Neutral,0.662,1.418,15.7,28.1,56.2,16.3,3.3,5.2,55.5,7.8,11.8,24.8,75.2,"[{""score"": ""0 - 1"", ""pct"": 18.19}, {""score"": ""0 - 0"", ""pct"": 13.309999999999999}, {""score"": ""1 - 1"", ""pct"": 11.78}]"
Saudi Arabia,DR Congo,Neutral,0.823,1.023,27.3,34.0,38.7,28.4,5.0,9.5,38.6,6.4,12.1,42.9,57.1,"[{""score"": ""0 - 0"", ""pct"": 17.11}, {""score"": ""0 - 1"", ""pct"": 15.939999999999998}, {""score"": ""1 - 1"", ""pct"": 13.200000000000001}]"
Saudi Arabia,Norway,Neutral,0.746,1.894,13.1,22.5,64.5,13.0,2.6,3.5,65.2,7.6,8.1,19.0,81.0,"[{""score"": ""0 - 1"", ""pct"": 14.330000000000002}, {""score"": ""0 - 2"", ""pct"": 12.06}, {""score"": ""1 - 1"", ""pct"": 10.0}]"
Saudi Arabia,Japan,Neutral,0.676,1.691,14.2,24.6,61.1,13.9,2.7,4.0,61.4,7.7,10.3,20.6,79.4,"[{""score"": ""0 - 1"", ""pct"": 15.340000000000002}, {""score"": ""0 - 2"", ""pct"": 13.36}, {""score"": ""1 - 1"", ""pct"": 10.620000000000001}]"
Saudi Arabia,Qatar,Neutral,1.319,1.066,41.0,29.3,29.7,41.8,7.1,9.8,28.9,4.7,7.5,58.8,41.2,"[{""score"": ""1 - 1"", ""pct"": 13.170000000000002}, {""score"": ""1 - 0"", ""pct"": 12.06}, {""score"": ""0 - 0"", ""pct"": 10.11}]"
Saudi Arabia,Czech Republic,Neutral,0.823,1.497,19.6,27.9,52.6,19.2,3.6,5.2,53.4,8.2,10.4,28.0,72.0,"[{""score"": ""0 - 1"", ""pct"": 14.93}, {""score"": ""1 - 1"", ""pct"": 11.89}, {""score"": ""0 - 0"", ""pct"": 10.96}]"
Saudi Arabia,France,Neutral,0.493,2.27,5.6,15.6,78.8,5.6,1.2,1.6,78.6,6.6,6.5,8.3,91.7,"[{""score"": ""0 - 2"", ""pct"": 16.900000000000002}, {""score"": ""0 - 1"", ""pct"": 14.6}, {""score"": ""0 - 3"", ""pct"": 12.29}]"
Saudi Arabia,Portugal,Neutral,0.522,2.383,5.9,14.8,79.3,5.4,1.0,1.2,80.1,6.4,5.9,7.6,92.4,"[{""score"": ""0 - 2"", ""pct"": 15.57}, {""score"": ""0 - 1"", ""pct"": 14.13}, {""score"": ""0 - 3"", ""pct"": 11.700000000000001}]"
Saudi Arabia,Curaçao,Neutral,1.604,0.714,59.0,25.1,15.9,58.9,7.5,10.9,15.1,3.0,4.7,77.2,22.8,"[{""score"": ""1 - 0"", ""pct"": 15.36}, {""score"": ""2 - 0"", ""pct"": 12.49}, {""score"": ""0 - 0"", ""pct"": 10.65}]"
Saudi Arabia,Cape Verde,Neutral,1.025,0.897,37.5,33.1,29.4,37.4,6.0,11.5,29.8,5.6,9.7,55.0,45.0,"[{""score"": ""0 - 0"", ""pct"": 16.07}, {""score"": ""1 - 0"", ""pct"": 15.329999999999998}, {""score"": ""1 - 1"", ""pct"": 13.38}]"
Saudi Arabia,Panama,Neutral,1.096,1.079,34.7,30.4,34.9,35.1,6.0,9.0,34.2,6.3,9.4,50.1,49.9,"[{""score"": ""1 - 1"", ""pct"": 13.320000000000002}, {""score"": ""0 - 1"", ""pct"": 12.839999999999998}, {""score"": ""1 - 0"", ""pct"": 12.379999999999999}]"
Saudi Arabia,Ecuador,Neutral,0.534,1.498,11.6,27.2,61.3,12.0,2.5,4.6,60.6,8.1,12.2,19.1,80.9,"[{""score"": ""0 - 1"", ""pct"": 19.79}, {""score"": ""0 - 0"", ""pct"": 14.49}, {""score"": ""0 - 2"", ""pct"": 14.26}]"
Saudi Arabia,Egypt,Neutral,0.721,1.193,20.8,32.7,46.5,20.8,4.2,8.2,46.6,7.5,12.7,33.1,66.9,"[{""score"": ""0 - 1"", ""pct"": 17.7}, {""score"": ""0 - 0"", ""pct"": 16.49}, {""score"": ""1 - 1"", ""pct"": 13.0}]"
Saudi Arabia,Uruguay,Neutral,0.522,1.746,9.4,23.7,66.8,9.5,1.9,2.9,68.3,7.4,9.9,14.4,85.6,"[{""score"": ""0 - 1"", ""pct"": 18.38}, {""score"": ""0 - 2"", ""pct"": 15.21}, {""score"": ""0 - 0"", ""pct"": 11.65}]"
Saudi Arabia,Croatia,Neutral,0.618,1.863,10.9,21.8,67.3,10.8,1.9,3.1,67.5,7.5,9.3,15.8,84.2,"[{""score"": ""0 - 1"", ""pct"": 16.46}, {""score"": ""0 - 2"", ""pct"": 13.99}, {""score"": ""1 - 1"", ""pct"": 9.229999999999999}]"
Saudi Arabia,Ivory Coast,Neutral,0.725,1.299,19.7,31.0,49.3,19.8,3.9,6.9,50.3,6.8,12.3,30.6,69.3,"[{""score"": ""0 - 1"", ""pct"": 16.74}, {""score"": ""0 - 0"", ""pct"": 14.549999999999999}, {""score"": ""1 - 1"", ""pct"": 13.01}]"
Saudi Arabia,South Africa,Neutral,0.933,1.019,31.8,32.1,36.0,31.9,5.8,10.0,35.8,6.2,10.3,47.7,52.3,"[{""score"": ""0 - 0"", ""pct"": 14.680000000000001}, {""score"": ""0 - 1"", ""pct"": 14.09}, {""score"": ""1 - 1"", ""pct"": 13.780000000000001}]"
Saudi Arabia,New Zealand,Neutral,1.04,0.738,42.2,33.4,24.4,40.4,7.3,13.2,24.3,4.6,10.0,61.0,39.0,"[{""score"": ""1 - 0"", ""pct"": 18.01}, {""score"": ""0 - 0"", ""pct"": 17.29}, {""score"": ""1 - 1"", ""pct"": 13.11}]"
Saudi Arabia,Belgium,Neutral,0.607,2.244,8.0,16.7,75.3,7.2,1.8,1.9,75.0,7.2,6.9,10.9,89.1,"[{""score"": ""0 - 2"", ""pct"": 14.299999999999999}, {""score"": ""0 - 1"", ""pct"": 13.68}, {""score"": ""0 - 3"", ""pct"": 10.39}]"
South Africa,Austria,Neutral,0.786,1.642,17.0,25.9,57.1,16.1,3.5,4.8,58.8,7.5,9.4,24.3,75.7,"[{""score"": ""0 - 1"", ""pct"": 14.06}, {""score"": ""1 - 1"", ""pct"": 11.84}, {""score"": ""0 - 2"", ""pct"": 11.459999999999999}]"
South Africa,Iran,Neutral,0.75,1.392,19.3,28.2,52.5,19.2,3.5,6.3,51.9,7.5,11.7,28.9,71.1,"[{""score"": ""0 - 1"", ""pct"": 16.75}, {""score"": ""0 - 0"", ""pct"": 12.959999999999999}, {""score"": ""1 - 1"", ""pct"": 11.73}]"
South Africa,Iraq,Neutral,1.026,0.893,36.7,33.1,30.1,37.9,6.2,10.9,29.3,5.6,10.1,55.0,45.0,"[{""score"": ""0 - 0"", ""pct"": 15.340000000000002}, {""score"": ""1 - 0"", ""pct"": 14.69}, {""score"": ""1 - 1"", ""pct"": 13.889999999999999}]"
South Africa,Jordan,Neutral,1.133,1.078,36.1,30.9,33.0,36.5,6.5,8.9,33.2,5.7,9.2,51.9,48.1,"[{""score"": ""1 - 1"", ""pct"": 13.059999999999999}, {""score"": ""0 - 0"", ""pct"": 12.770000000000001}, {""score"": ""1 - 0"", ""pct"": 11.92}]"
South Africa,Ghana,Neutral,1.015,1.086,32.9,31.2,35.9,32.6,6.0,9.4,35.7,6.6,9.8,48.0,52.0,"[{""score"": ""1 - 1"", ""pct"": 13.450000000000001}, {""score"": ""0 - 0"", ""pct"": 13.05}, {""score"": ""0 - 1"", ""pct"": 12.91}]"
South Africa,Australia,Neutral,0.764,1.383,19.4,28.8,51.8,19.8,3.9,6.5,50.5,8.0,11.3,30.2,69.8,"[{""score"": ""0 - 1"", ""pct"": 16.189999999999998}, {""score"": ""0 - 0"", ""pct"": 12.98}, {""score"": ""1 - 1"", ""pct"": 11.93}]"
South Africa,Sweden,Neutral,0.868,1.714,17.4,25.7,56.9,17.9,3.2,4.8,57.0,8.0,9.0,25.9,74.0,"[{""score"": ""0 - 1"", ""pct"": 13.79}, {""score"": ""1 - 1"", ""pct"": 11.68}, {""score"": ""0 - 2"", ""pct"": 10.09}]"
South Africa,Paraguay,Neutral,0.724,1.28,19.0,30.9,50.1,20.4,3.9,6.9,48.9,7.6,12.3,31.2,68.9,"[{""score"": ""0 - 1"", ""pct"": 17.89}, {""score"": ""0 - 0"", ""pct"": 14.790000000000001}, {""score"": ""1 - 1"", ""pct"": 12.540000000000001}]"
South Africa,Switzerland,Neutral,0.723,1.877,13.1,21.7,65.2,12.8,2.4,3.5,64.7,7.5,9.1,18.7,81.3,"[{""score"": ""0 - 1"", ""pct"": 14.77}, {""score"": ""0 - 2"", ""pct"": 12.620000000000001}, {""score"": ""1 - 2"", ""pct"": 9.35}]"
South Africa,South Korea,Neutral,0.835,1.341,22.5,29.8,47.8,22.1,4.5,6.7,48.9,7.0,10.9,33.2,66.8,"[{""score"": ""0 - 1"", ""pct"": 15.260000000000002}, {""score"": ""1 - 1"", ""pct"": 12.839999999999998}, {""score"": ""0 - 0"", ""pct"": 12.82}]"
South Africa,Netherlands,Neutral,0.67,2.29,8.3,16.9,74.8,8.4,1.5,1.9,75.0,6.8,6.4,11.8,88.2,"[{""score"": ""0 - 2"", ""pct"": 13.669999999999998}, {""score"": ""0 - 1"", ""pct"": 12.29}, {""score"": ""0 - 3"", ""pct"": 9.93}]"
South Africa,United States,Neutral,0.92,1.411,23.9,28.1,48.0,23.3,4.6,6.6,48.3,7.2,10.0,34.6,65.4,"[{""score"": ""0 - 1"", ""pct"": 13.68}, {""score"": ""1 - 1"", ""pct"": 12.559999999999999}, {""score"": ""0 - 0"", ""pct"": 10.51}]"
South Africa,Haiti,Neutral,1.578,0.94,52.5,26.4,21.1,52.1,7.9,9.2,21.2,4.0,5.6,69.2,30.8,"[{""score"": ""1 - 0"", ""pct"": 12.65}, {""score"": ""1 - 1"", ""pct"": 12.25}, {""score"": ""2 - 1"", ""pct"": 9.9}]"
South Africa,Germany,Neutral,0.713,2.52,7.3,15.6,77.1,6.9,1.7,1.5,77.3,7.1,5.5,10.1,89.9,"[{""score"": ""0 - 2"", ""pct"": 12.61}, {""score"": ""0 - 3"", ""pct"": 10.52}, {""score"": ""0 - 1"", ""pct"": 10.2}]"
South Africa,Algeria,Neutral,0.892,1.584,20.5,26.1,53.4,20.4,3.7,5.3,53.1,7.6,9.8,29.5,70.5,"[{""score"": ""0 - 1"", ""pct"": 13.99}, {""score"": ""1 - 1"", ""pct"": 11.37}, {""score"": ""0 - 2"", ""pct"": 9.94}]"
South Africa,Bosnia and Herzegovina,Neutral,1.114,1.169,33.9,29.3,36.8,33.5,5.9,8.7,36.4,6.3,9.3,48.1,51.9,"[{""score"": ""1 - 1"", ""pct"": 13.22}, {""score"": ""0 - 1"", ""pct"": 12.620000000000001}, {""score"": ""1 - 0"", ""pct"": 11.04}]"
South Africa,Brazil,Neutral,0.48,2.473,4.8,13.6,81.6,4.8,0.8,1.1,81.7,5.6,6.0,6.6,93.4,"[{""score"": ""0 - 2"", ""pct"": 15.09}, {""score"": ""0 - 1"", ""pct"": 13.83}, {""score"": ""0 - 3"", ""pct"": 13.04}]"
South Africa,Colombia,Neutral,0.558,1.986,8.3,19.6,72.2,8.5,1.5,2.5,71.5,7.5,8.6,12.5,87.5,"[{""score"": ""0 - 1"", ""pct"": 16.28}, {""score"": ""0 - 2"", ""pct"": 15.78}, {""score"": ""0 - 3"", ""pct"": 9.58}]"
South Africa,Uzbekistan,Neutral,0.864,1.07,28.2,33.1,38.7,27.1,5.5,9.6,39.2,7.1,11.5,42.2,57.8,"[{""score"": ""0 - 0"", ""pct"": 16.02}, {""score"": ""0 - 1"", ""pct"": 14.879999999999999}, {""score"": ""1 - 1"", ""pct"": 13.420000000000002}]"
South Africa,Scotland,Neutral,0.867,1.45,20.9,27.6,51.6,21.8,4.1,5.9,50.5,7.5,10.3,31.8,68.2,"[{""score"": ""0 - 1"", ""pct"": 14.81}, {""score"": ""1 - 1"", ""pct"": 11.86}, {""score"": ""0 - 0"", ""pct"": 10.68}]"
South Africa,Spain,Neutral,0.493,2.709,4.3,11.7,84.1,4.0,0.7,0.8,84.5,5.5,4.4,5.6,94.4,"[{""score"": ""0 - 2"", ""pct"": 14.69}, {""score"": ""0 - 3"", ""pct"": 13.100000000000001}, {""score"": ""0 - 1"", ""pct"": 12.21}]"
South Africa,Senegal,Neutral,0.686,1.413,16.6,28.9,54.4,17.0,3.5,5.5,55.2,7.6,11.2,26.0,74.0,"[{""score"": ""0 - 1"", ""pct"": 17.48}, {""score"": ""0 - 0"", ""pct"": 13.530000000000001}, {""score"": ""1 - 1"", ""pct"": 12.09}]"
South Africa,Canada,Neutral,0.875,1.28,24.6,30.3,45.1,24.6,4.5,7.8,45.6,6.7,10.8,36.8,63.2,"[{""score"": ""0 - 1"", ""pct"": 14.87}, {""score"": ""1 - 1"", ""pct"": 12.889999999999999}, {""score"": ""0 - 0"", ""pct"": 12.559999999999999}]"
South Africa,Argentina,Neutral,0.412,2.254,4.5,15.3,80.3,4.3,0.9,1.2,80.5,6.5,6.6,6.4,93.6,"[{""score"": ""0 - 2"", ""pct"": 17.419999999999998}, {""score"": ""0 - 1"", ""pct"": 17.25}, {""score"": ""0 - 3"", ""pct"": 12.479999999999999}]"
South Africa,England,Neutral,0.467,2.183,6.1,16.6,77.3,5.5,1.1,1.5,78.3,6.2,7.3,8.2,91.8,"[{""score"": ""0 - 1"", ""pct"": 16.25}, {""score"": ""0 - 2"", ""pct"": 16.06}, {""score"": ""0 - 3"", ""pct"": 12.21}]"
South Africa,Tunisia,Neutral,0.773,1.153,23.7,31.8,44.5,23.5,4.5,8.2,44.1,7.2,12.5,36.2,63.8,"[{""score"": ""0 - 1"", ""pct"": 16.55}, {""score"": ""0 - 0"", ""pct"": 15.64}, {""score"": ""1 - 1"", ""pct"": 12.9}]"
South Africa,Turkey,Neutral,0.897,1.739,18.1,24.4,57.5,17.4,3.5,4.4,58.0,7.5,9.2,25.4,74.6,"[{""score"": ""0 - 1"", ""pct"": 13.03}, {""score"": ""1 - 1"", ""pct"": 11.27}, {""score"": ""0 - 2"", ""pct"": 10.68}]"
South Africa,Morocco,Neutral,0.518,1.501,11.5,26.6,61.9,11.9,2.5,4.2,62.0,7.5,11.8,18.6,81.4,"[{""score"": ""0 - 1"", ""pct"": 20.380000000000003}, {""score"": ""0 - 2"", ""pct"": 14.91}, {""score"": ""0 - 0"", ""pct"": 14.26}]"
South Africa,Mexico,Neutral,0.715,1.402,18.5,28.1,53.5,18.0,3.5,5.7,53.8,7.7,11.5,27.1,72.9,"[{""score"": ""0 - 1"", ""pct"": 17.71}, {""score"": ""0 - 0"", ""pct"": 12.98}, {""score"": ""1 - 1"", ""pct"": 11.4}]"
South Africa,DR Congo,Neutral,0.888,1.011,29.4,33.9,36.8,30.0,5.5,10.3,36.3,6.5,11.3,45.9,54.1,"[{""score"": ""0 - 0"", ""pct"": 16.669999999999998}, {""score"": ""0 - 1"", ""pct"": 14.89}, {""score"": ""1 - 1"", ""pct"": 13.76}]"
South Africa,Norway,Neutral,0.805,1.872,14.8,22.1,63.1,13.9,2.6,4.0,63.6,7.8,8.1,20.5,79.5,"[{""score"": ""0 - 1"", ""pct"": 13.389999999999999}, {""score"": ""0 - 2"", ""pct"": 11.81}, {""score"": ""1 - 2"", ""pct"": 9.959999999999999}]"
South Africa,Japan,Neutral,0.73,1.671,14.4,24.3,61.4,14.9,2.6,4.5,59.8,8.0,10.1,22.1,78.0,"[{""score"": ""0 - 1"", ""pct"": 15.870000000000001}, {""score"": ""0 - 2"", ""pct"": 12.959999999999999}, {""score"": ""1 - 1"", ""pct"": 10.68}]"
South Africa,Qatar,Neutral,1.424,1.053,44.9,27.7,27.4,44.1,6.8,9.3,27.8,5.1,6.9,60.2,39.8,"[{""score"": ""1 - 1"", ""pct"": 12.590000000000002}, {""score"": ""1 - 0"", ""pct"": 12.509999999999998}, {""score"": ""0 - 1"", ""pct"": 9.13}]"
South Africa,Czech Republic,Neutral,0.888,1.48,21.0,28.2,50.8,21.9,3.7,5.9,51.2,7.1,10.1,31.6,68.4,"[{""score"": ""0 - 1"", ""pct"": 14.499999999999998}, {""score"": ""1 - 1"", ""pct"": 12.629999999999999}, {""score"": ""0 - 0"", ""pct"": 10.77}]"
South Africa,France,Neutral,0.533,2.243,6.6,16.3,77.1,6.5,1.3,1.7,77.0,6.6,7.0,9.4,90.6,"[{""score"": ""0 - 2"", ""pct"": 15.97}, {""score"": ""0 - 1"", ""pct"": 13.81}, {""score"": ""0 - 3"", ""pct"": 11.52}]"
South Africa,Portugal,Neutral,0.564,2.356,6.1,15.6,78.3,6.1,1.1,1.3,78.3,6.7,6.4,8.6,91.4,"[{""score"": ""0 - 2"", ""pct"": 14.56}, {""score"": ""0 - 1"", ""pct"": 13.5}, {""score"": ""0 - 3"", ""pct"": 12.11}]"
South Africa,Curaçao,Neutral,1.732,0.706,62.2,24.4,13.4,62.5,7.8,10.0,13.5,2.4,3.9,80.2,19.8,"[{""score"": ""1 - 0"", ""pct"": 15.52}, {""score"": ""2 - 0"", ""pct"": 12.8}, {""score"": ""1 - 1"", ""pct"": 10.459999999999999}]"
South Africa,Cape Verde,Neutral,1.107,0.887,39.2,32.8,28.1,40.4,6.5,11.4,27.6,5.1,9.1,58.3,41.7,"[{""score"": ""0 - 0"", ""pct"": 15.21}, {""score"": ""1 - 0"", ""pct"": 14.430000000000001}, {""score"": ""1 - 1"", ""pct"": 13.320000000000002}]"
South Africa,Panama,Neutral,1.183,1.066,38.2,30.0,31.8,37.7,6.7,9.2,32.8,5.5,8.1,53.6,46.4,"[{""score"": ""1 - 1"", ""pct"": 13.28}, {""score"": ""1 - 0"", ""pct"": 12.91}, {""score"": ""0 - 0"", ""pct"": 11.600000000000001}]"
South Africa,Ecuador,Neutral,0.577,1.48,13.1,27.6,59.3,13.6,2.7,4.7,59.2,8.3,11.6,20.9,79.1,"[{""score"": ""0 - 1"", ""pct"": 19.32}, {""score"": ""0 - 2"", ""pct"": 13.69}, {""score"": ""0 - 0"", ""pct"": 13.600000000000001}]"
South Africa,Egypt,Neutral,0.778,1.179,23.9,32.4,43.6,24.1,4.1,8.5,44.0,7.0,12.2,36.7,63.3,"[{""score"": ""0 - 1"", ""pct"": 15.65}, {""score"": ""0 - 0"", ""pct"": 15.57}, {""score"": ""1 - 1"", ""pct"": 13.34}]"
South Africa,Uruguay,Neutral,0.563,1.726,10.6,23.1,66.3,11.5,2.0,3.5,65.3,7.6,10.1,16.9,83.1,"[{""score"": ""0 - 1"", ""pct"": 18.099999999999998}, {""score"": ""0 - 2"", ""pct"": 14.71}, {""score"": ""0 - 0"", ""pct"": 10.8}]"
South Africa,Croatia,Neutral,0.667,1.841,11.5,23.0,65.4,11.9,2.5,3.4,66.0,7.3,8.9,17.8,82.2,"[{""score"": ""0 - 1"", ""pct"": 15.52}, {""score"": ""0 - 2"", ""pct"": 13.19}, {""score"": ""1 - 1"", ""pct"": 10.290000000000001}]"
South Africa,Ivory Coast,Neutral,0.782,1.283,21.4,30.8,47.9,21.1,4.3,7.5,47.5,7.8,11.8,32.9,67.1,"[{""score"": ""0 - 1"", ""pct"": 16.54}, {""score"": ""0 - 0"", ""pct"": 13.370000000000001}, {""score"": ""1 - 1"", ""pct"": 12.98}]"
South Africa,Saudi Arabia,Neutral,1.019,0.933,35.5,32.6,31.9,35.3,6.5,11.2,31.4,5.6,10.0,53.0,47.0,"[{""score"": ""0 - 0"", ""pct"": 15.1}, {""score"": ""1 - 0"", ""pct"": 14.21}, {""score"": ""1 - 1"", ""pct"": 14.04}]"
South Africa,New Zealand,Neutral,1.123,0.73,45.3,32.3,22.4,44.8,6.9,12.7,22.4,4.6,8.6,64.4,35.6,"[{""score"": ""1 - 0"", ""pct"": 17.68}, {""score"": ""0 - 0"", ""pct"": 16.59}, {""score"": ""1 - 1"", ""pct"": 12.740000000000002}]"
South Africa,Belgium,Neutral,0.656,2.218,8.3,18.1,73.5,8.1,1.8,2.1,74.2,6.6,7.3,11.9,88.1,"[{""score"": ""0 - 1"", ""pct"": 13.530000000000001}, {""score"": ""0 - 2"", ""pct"": 13.29}, {""score"": ""1 - 2"", ""pct"": 9.370000000000001}]"
New Zealand,Austria,Neutral,0.569,1.83,9.6,21.0,69.3,9.7,1.9,3.0,68.3,7.7,9.4,14.6,85.4,"[{""score"": ""0 - 1"", ""pct"": 17.169999999999998}, {""score"": ""0 - 2"", ""pct"": 15.5}, {""score"": ""0 - 0"", ""pct"": 9.36}]"
New Zealand,Iran,Neutral,0.543,1.552,11.3,26.4,62.3,11.6,2.2,4.2,62.1,7.9,11.9,18.1,81.9,"[{""score"": ""0 - 1"", ""pct"": 19.46}, {""score"": ""0 - 2"", ""pct"": 14.719999999999999}, {""score"": ""0 - 0"", ""pct"": 13.38}]"
New Zealand,Iraq,Neutral,0.743,0.996,26.1,34.5,39.5,25.6,4.8,9.7,40.0,7.1,12.8,40.1,59.9,"[{""score"": ""0 - 0"", ""pct"": 18.970000000000002}, {""score"": ""0 - 1"", ""pct"": 17.09}, {""score"": ""1 - 0"", ""pct"": 13.100000000000001}]"
New Zealand,Jordan,Neutral,0.821,1.202,24.6,31.4,44.0,24.5,5.0,8.2,44.2,6.6,11.5,37.7,62.3,"[{""score"": ""0 - 1"", ""pct"": 15.58}, {""score"": ""0 - 0"", ""pct"": 14.469999999999999}, {""score"": ""1 - 1"", ""pct"": 12.989999999999998}]"
New Zealand,Ghana,Neutral,0.735,1.21,20.5,32.3,47.1,21.4,4.5,7.8,46.4,7.5,12.3,33.7,66.3,"[{""score"": ""0 - 1"", ""pct"": 17.04}, {""score"": ""0 - 0"", ""pct"": 16.150000000000002}, {""score"": ""1 - 1"", ""pct"": 12.58}]"
New Zealand,Australia,Neutral,0.554,1.541,11.3,26.7,62.0,12.2,2.2,4.0,62.0,8.0,11.7,18.4,81.7,"[{""score"": ""0 - 1"", ""pct"": 19.49}, {""score"": ""0 - 2"", ""pct"": 14.44}, {""score"": ""0 - 0"", ""pct"": 13.750000000000002}]"
New Zealand,Sweden,Neutral,0.628,1.91,10.3,21.7,68.0,10.1,2.2,3.0,68.6,7.6,8.5,15.3,84.7,"[{""score"": ""0 - 1"", ""pct"": 15.07}, {""score"": ""0 - 2"", ""pct"": 14.39}, {""score"": ""1 - 1"", ""pct"": 9.22}]"
New Zealand,Paraguay,Neutral,0.524,1.426,12.9,27.6,59.5,12.7,2.5,4.7,59.4,7.7,13.0,19.9,80.1,"[{""score"": ""0 - 1"", ""pct"": 21.22}, {""score"": ""0 - 0"", ""pct"": 14.92}, {""score"": ""0 - 2"", ""pct"": 13.99}]"
New Zealand,Switzerland,Neutral,0.523,2.091,7.0,18.4,74.5,7.0,1.6,1.9,74.6,7.2,7.7,10.5,89.5,"[{""score"": ""0 - 1"", ""pct"": 16.07}, {""score"": ""0 - 2"", ""pct"": 15.86}, {""score"": ""0 - 3"", ""pct"": 11.34}]"
New Zealand,South Korea,Neutral,0.605,1.495,13.6,27.3,59.2,13.6,2.8,5.2,58.6,7.7,12.0,21.6,78.4,"[{""score"": ""0 - 1"", ""pct"": 19.3}, {""score"": ""0 - 0"", ""pct"": 13.48}, {""score"": ""0 - 2"", ""pct"": 12.950000000000001}]"
New Zealand,Netherlands,Neutral,0.485,2.552,4.2,13.0,82.8,4.6,0.8,1.1,82.1,5.6,5.8,6.5,93.5,"[{""score"": ""0 - 2"", ""pct"": 15.67}, {""score"": ""0 - 3"", ""pct"": 14.030000000000001}, {""score"": ""0 - 1"", ""pct"": 12.32}]"
New Zealand,United States,Neutral,0.666,1.573,14.5,25.9,59.6,14.5,3.0,4.4,59.2,8.2,10.8,21.9,78.1,"[{""score"": ""0 - 1"", ""pct"": 16.49}, {""score"": ""0 - 2"", ""pct"": 12.64}, {""score"": ""0 - 0"", ""pct"": 11.68}]"
New Zealand,Haiti,Neutral,1.143,1.047,37.5,30.8,31.7,37.0,6.9,9.8,31.7,5.5,9.1,53.7,46.3,"[{""score"": ""1 - 1"", ""pct"": 13.459999999999999}, {""score"": ""1 - 0"", ""pct"": 12.790000000000001}, {""score"": ""0 - 0"", ""pct"": 12.370000000000001}]"
New Zealand,Germany,Neutral,0.516,2.809,3.8,11.1,85.1,3.6,0.7,0.8,85.4,5.4,4.1,5.1,94.9,"[{""score"": ""0 - 2"", ""pct"": 14.149999999999999}, {""score"": ""0 - 3"", ""pct"": 13.209999999999999}, {""score"": ""0 - 1"", ""pct"": 11.19}]"
New Zealand,Algeria,Neutral,0.646,1.765,11.9,23.2,64.9,11.8,2.3,3.4,65.1,7.6,9.8,17.5,82.5,"[{""score"": ""0 - 1"", ""pct"": 16.34}, {""score"": ""0 - 2"", ""pct"": 13.81}, {""score"": ""1 - 1"", ""pct"": 10.16}]"
New Zealand,Bosnia and Herzegovina,Neutral,0.807,1.302,22.3,29.7,47.9,22.4,4.2,6.8,48.2,7.3,11.1,33.4,66.6,"[{""score"": ""0 - 1"", ""pct"": 16.220000000000002}, {""score"": ""0 - 0"", ""pct"": 13.18}, {""score"": ""1 - 1"", ""pct"": 12.389999999999999}]"
New Zealand,Brazil,Neutral,0.348,2.756,2.2,9.6,88.2,2.4,0.3,0.5,87.6,4.9,4.2,3.2,96.8,"[{""score"": ""0 - 2"", ""pct"": 17.68}, {""score"": ""0 - 3"", ""pct"": 15.6}, {""score"": ""0 - 1"", ""pct"": 12.379999999999999}]"
New Zealand,Colombia,Neutral,0.404,2.213,4.7,15.7,79.6,4.6,1.0,1.2,79.1,6.9,7.2,6.8,93.2,"[{""score"": ""0 - 2"", ""pct"": 18.21}, {""score"": ""0 - 1"", ""pct"": 16.72}, {""score"": ""0 - 3"", ""pct"": 12.45}]"
New Zealand,Uzbekistan,Neutral,0.626,1.193,17.8,31.7,50.5,19.0,4.1,7.4,49.4,7.1,13.1,30.4,69.6,"[{""score"": ""0 - 1"", ""pct"": 20.07}, {""score"": ""0 - 0"", ""pct"": 16.520000000000003}, {""score"": ""1 - 1"", ""pct"": 12.58}]"
New Zealand,Scotland,Neutral,0.628,1.616,13.5,25.4,61.0,13.2,2.6,4.1,60.9,8.1,11.0,20.0,80.0,"[{""score"": ""0 - 1"", ""pct"": 17.560000000000002}, {""score"": ""0 - 2"", ""pct"": 13.4}, {""score"": ""0 - 0"", ""pct"": 12.06}]"
New Zealand,Spain,Neutral,0.357,3.019,2.0,7.9,90.1,1.8,0.3,0.4,90.4,3.9,3.3,2.5,97.5,"[{""score"": ""0 - 2"", ""pct"": 16.23}, {""score"": ""0 - 3"", ""pct"": 15.659999999999998}, {""score"": ""0 - 4"", ""pct"": 11.41}]"
New Zealand,Senegal,Neutral,0.497,1.575,10.5,24.5,65.0,9.8,2.2,3.7,64.5,7.8,11.9,15.8,84.2,"[{""score"": ""0 - 1"", ""pct"": 20.27}, {""score"": ""0 - 2"", ""pct"": 15.18}, {""score"": ""0 - 0"", ""pct"": 13.07}]"
New Zealand,Canada,Neutral,0.634,1.427,15.7,28.0,56.3,15.4,3.4,5.4,56.3,7.5,12.0,24.2,75.8,"[{""score"": ""0 - 1"", ""pct"": 18.2}, {""score"": ""0 - 0"", ""pct"": 13.700000000000001}, {""score"": ""0 - 2"", ""pct"": 12.1}]"
New Zealand,Argentina,Neutral,0.298,2.512,2.7,11.6,85.7,2.3,0.4,0.7,85.6,5.6,5.3,3.5,96.5,"[{""score"": ""0 - 2"", ""pct"": 18.92}, {""score"": ""0 - 3"", ""pct"": 16.08}, {""score"": ""0 - 1"", ""pct"": 15.310000000000002}]"
New Zealand,England,Neutral,0.338,2.432,3.3,12.0,84.7,3.1,0.5,0.7,84.6,5.7,5.5,4.3,95.8,"[{""score"": ""0 - 2"", ""pct"": 18.63}, {""score"": ""0 - 1"", ""pct"": 15.64}, {""score"": ""0 - 3"", ""pct"": 15.02}]"
New Zealand,Tunisia,Neutral,0.56,1.285,14.2,30.8,55.0,15.2,3.3,5.3,54.4,7.8,14.0,23.8,76.2,"[{""score"": ""0 - 1"", ""pct"": 21.15}, {""score"": ""0 - 0"", ""pct"": 17.24}, {""score"": ""0 - 2"", ""pct"": 12.590000000000002}]"
New Zealand,Turkey,Neutral,0.649,1.937,10.1,21.4,68.5,10.5,1.7,2.8,68.4,7.5,9.1,15.0,85.0,"[{""score"": ""0 - 1"", ""pct"": 15.229999999999999}, {""score"": ""0 - 2"", ""pct"": 13.88}, {""score"": ""1 - 2"", ""pct"": 9.22}]"
New Zealand,Morocco,Neutral,0.375,1.673,6.5,23.4,70.2,6.5,1.5,2.4,70.3,7.5,11.8,10.5,89.5,"[{""score"": ""0 - 1"", ""pct"": 22.57}, {""score"": ""0 - 2"", ""pct"": 17.59}, {""score"": ""0 - 0"", ""pct"": 13.750000000000002}]"
New Zealand,Mexico,Neutral,0.518,1.562,10.5,25.5,64.0,11.1,2.2,3.7,63.5,7.9,11.6,16.9,83.1,"[{""score"": ""0 - 1"", ""pct"": 20.36}, {""score"": ""0 - 2"", ""pct"": 14.37}, {""score"": ""0 - 0"", ""pct"": 13.270000000000001}]"
New Zealand,DR Congo,Neutral,0.643,1.127,19.9,33.1,46.9,19.7,3.9,8.1,46.5,7.4,14.4,31.6,68.3,"[{""score"": ""0 - 1"", ""pct"": 19.28}, {""score"": ""0 - 0"", ""pct"": 17.740000000000002}, {""score"": ""1 - 1"", ""pct"": 13.08}]"
New Zealand,Norway,Neutral,0.583,2.086,8.0,19.2,72.8,8.4,1.6,2.0,73.2,7.0,7.7,12.1,87.9,"[{""score"": ""0 - 1"", ""pct"": 15.17}, {""score"": ""0 - 2"", ""pct"": 14.680000000000001}, {""score"": ""0 - 3"", ""pct"": 9.85}]"
New Zealand,Japan,Neutral,0.529,1.862,8.7,21.2,70.1,8.4,2.1,2.6,70.1,7.6,9.2,13.1,86.9,"[{""score"": ""0 - 1"", ""pct"": 18.07}, {""score"": ""0 - 2"", ""pct"": 15.590000000000002}, {""score"": ""0 - 0"", ""pct"": 10.059999999999999}]"
New Zealand,Qatar,Neutral,1.031,1.174,31.5,30.4,38.1,30.9,5.5,8.2,39.5,6.4,9.6,44.6,55.4,"[{""score"": ""1 - 1"", ""pct"": 13.74}, {""score"": ""0 - 1"", ""pct"": 13.33}, {""score"": ""0 - 0"", ""pct"": 11.74}]"
New Zealand,Czech Republic,Neutral,0.643,1.649,13.1,25.5,61.5,12.9,2.5,4.4,62.0,7.7,10.6,19.8,80.2,"[{""score"": ""0 - 1"", ""pct"": 17.72}, {""score"": ""0 - 2"", ""pct"": 13.18}, {""score"": ""0 - 0"", ""pct"": 11.1}]"
New Zealand,France,Neutral,0.386,2.5,3.4,12.8,83.8,3.3,0.6,0.8,84.5,5.5,5.3,4.7,95.3,"[{""score"": ""0 - 2"", ""pct"": 17.2}, {""score"": ""0 - 1"", ""pct"": 14.52}, {""score"": ""0 - 3"", ""pct"": 14.01}]"
New Zealand,Portugal,Neutral,0.408,2.625,3.4,11.2,85.3,3.2,0.6,0.8,84.7,5.6,5.1,4.6,95.4,"[{""score"": ""0 - 2"", ""pct"": 16.55}, {""score"": ""0 - 3"", ""pct"": 14.729999999999999}, {""score"": ""0 - 1"", ""pct"": 13.450000000000001}]"
New Zealand,Curaçao,Neutral,1.254,0.787,47.2,30.9,21.9,46.5,7.5,11.7,22.6,4.4,7.3,65.7,34.3,"[{""score"": ""1 - 0"", ""pct"": 16.32}, {""score"": ""0 - 0"", ""pct"": 14.13}, {""score"": ""1 - 1"", ""pct"": 12.870000000000001}]"
New Zealand,Cape Verde,Neutral,0.802,0.988,27.5,34.4,38.1,27.0,5.3,10.3,38.9,6.5,12.0,42.6,57.4,"[{""score"": ""0 - 0"", ""pct"": 17.97}, {""score"": ""0 - 1"", ""pct"": 16.13}, {""score"": ""1 - 1"", ""pct"": 13.100000000000001}]"
New Zealand,Panama,Neutral,0.857,1.188,25.6,31.8,42.6,25.5,4.9,8.3,42.7,7.1,11.5,38.7,61.3,"[{""score"": ""0 - 1"", ""pct"": 15.27}, {""score"": ""0 - 0"", ""pct"": 14.219999999999999}, {""score"": ""1 - 1"", ""pct"": 13.450000000000001}]"
New Zealand,Ecuador,Neutral,0.418,1.65,8.0,24.0,68.0,7.7,1.6,3.2,68.4,7.7,11.5,12.4,87.6,"[{""score"": ""0 - 1"", ""pct"": 20.13}, {""score"": ""0 - 2"", ""pct"": 16.84}, {""score"": ""0 - 0"", ""pct"": 13.58}]"
New Zealand,Egypt,Neutral,0.563,1.314,14.2,30.4,55.4,15.5,2.9,5.5,55.0,7.9,13.2,23.9,76.1,"[{""score"": ""0 - 1"", ""pct"": 20.53}, {""score"": ""0 - 0"", ""pct"": 16.85}, {""score"": ""0 - 2"", ""pct"": 13.34}]"
New Zealand,Uruguay,Neutral,0.408,1.923,6.1,19.4,74.5,6.1,1.1,1.7,74.9,7.2,9.1,8.8,91.2,"[{""score"": ""0 - 1"", ""pct"": 19.59}, {""score"": ""0 - 2"", ""pct"": 17.9}, {""score"": ""0 - 3"", ""pct"": 10.84}]"
New Zealand,Croatia,Neutral,0.483,2.052,7.0,18.7,74.3,7.0,1.2,2.0,74.7,7.2,7.9,10.2,89.8,"[{""score"": ""0 - 1"", ""pct"": 17.09}, {""score"": ""0 - 2"", ""pct"": 16.21}, {""score"": ""0 - 3"", ""pct"": 10.73}]"
New Zealand,Ivory Coast,Neutral,0.567,1.43,13.4,28.1,58.4,14.0,3.1,4.9,58.0,7.7,12.3,21.9,78.0,"[{""score"": ""0 - 1"", ""pct"": 19.48}, {""score"": ""0 - 0"", ""pct"": 14.549999999999999}, {""score"": ""0 - 2"", ""pct"": 13.780000000000001}]"
New Zealand,Saudi Arabia,Neutral,0.738,1.04,24.2,34.8,41.1,24.7,5.0,9.7,41.1,6.9,12.6,39.4,60.6,"[{""score"": ""0 - 0"", ""pct"": 18.41}, {""score"": ""0 - 1"", ""pct"": 17.630000000000003}, {""score"": ""1 - 1"", ""pct"": 13.28}]"
New Zealand,South Africa,Neutral,0.73,1.123,23.9,32.2,43.8,22.5,4.5,7.8,45.0,7.6,12.7,34.8,65.2,"[{""score"": ""0 - 1"", ""pct"": 16.84}, {""score"": ""0 - 0"", ""pct"": 16.580000000000002}, {""score"": ""1 - 1"", ""pct"": 12.33}]"
New Zealand,Belgium,Neutral,0.475,2.472,4.8,13.5,81.7,4.6,0.9,1.2,81.9,5.5,5.9,6.7,93.3,"[{""score"": ""0 - 2"", ""pct"": 15.879999999999999}, {""score"": ""0 - 1"", ""pct"": 13.889999999999999}, {""score"": ""0 - 3"", ""pct"": 12.879999999999999}]"
Belgium,Austria,Neutral,1.731,1.069,52.5,25.0,22.5,53.1,7.0,8.3,22.2,4.2,5.1,68.5,31.5,"[{""score"": ""1 - 1"", ""pct"": 11.19}, {""score"": ""1 - 0"", ""pct"": 10.54}, {""score"": ""2 - 1"", ""pct"": 9.83}]"
Belgium,Iran,Neutral,1.652,0.906,54.7,25.4,19.8,55.0,7.4,9.5,19.9,3.3,4.9,71.9,28.1,"[{""score"": ""1 - 0"", ""pct"": 13.200000000000001}, {""score"": ""1 - 1"", ""pct"": 11.17}, {""score"": ""2 - 0"", ""pct"": 10.209999999999999}]"
Belgium,Iraq,Neutral,2.26,0.582,76.1,16.6,7.3,75.2,7.0,7.4,7.0,1.6,1.8,89.6,10.4,"[{""score"": ""2 - 0"", ""pct"": 15.03}, {""score"": ""1 - 0"", ""pct"": 14.360000000000001}, {""score"": ""3 - 0"", ""pct"": 10.17}]"
Belgium,Jordan,Neutral,2.496,0.702,77.7,15.2,7.1,77.5,6.5,5.6,7.2,1.5,1.7,89.6,10.4,"[{""score"": ""2 - 0"", ""pct"": 12.36}, {""score"": ""1 - 0"", ""pct"": 10.91}, {""score"": ""3 - 0"", ""pct"": 10.290000000000001}]"
Belgium,Ghana,Neutral,2.235,0.707,72.5,18.2,9.2,72.9,6.6,6.9,9.4,1.9,2.3,86.4,13.6,"[{""score"": ""2 - 0"", ""pct"": 13.020000000000001}, {""score"": ""1 - 0"", ""pct"": 12.25}, {""score"": ""2 - 1"", ""pct"": 10.12}]"
Belgium,Australia,Neutral,1.683,0.9,56.4,25.0,18.6,55.7,7.4,9.7,18.8,3.6,4.9,72.8,27.2,"[{""score"": ""1 - 0"", ""pct"": 13.25}, {""score"": ""1 - 1"", ""pct"": 11.200000000000001}, {""score"": ""2 - 0"", ""pct"": 10.51}]"
Belgium,Sweden,Neutral,1.91,1.116,56.0,23.7,20.3,55.2,7.5,7.5,21.1,3.9,4.8,70.2,29.8,"[{""score"": ""1 - 1"", ""pct"": 10.639999999999999}, {""score"": ""2 - 1"", ""pct"": 9.94}, {""score"": ""1 - 0"", ""pct"": 9.54}]"
Belgium,Paraguay,Neutral,1.593,0.833,56.0,26.0,18.0,55.3,7.8,10.0,18.5,3.6,4.8,73.0,26.9,"[{""score"": ""1 - 0"", ""pct"": 14.399999999999999}, {""score"": ""1 - 1"", ""pct"": 11.690000000000001}, {""score"": ""2 - 0"", ""pct"": 11.06}]"
Belgium,Switzerland,Neutral,1.591,1.222,46.3,25.3,28.5,45.6,7.2,7.8,27.9,5.1,6.3,60.6,39.4,"[{""score"": ""1 - 1"", ""pct"": 10.94}, {""score"": ""1 - 0"", ""pct"": 10.18}, {""score"": ""2 - 1"", ""pct"": 9.66}]"
Belgium,South Korea,Neutral,1.839,0.873,60.4,23.4,16.2,59.9,8.2,8.4,16.3,3.2,4.0,76.5,23.5,"[{""score"": ""1 - 0"", ""pct"": 12.16}, {""score"": ""2 - 0"", ""pct"": 11.06}, {""score"": ""1 - 1"", ""pct"": 10.71}]"
Belgium,Netherlands,Neutral,1.475,1.491,37.2,25.2,37.6,36.5,5.9,7.0,37.4,6.0,7.2,49.4,50.6,"[{""score"": ""1 - 1"", ""pct"": 11.03}, {""score"": ""1 - 2"", ""pct"": 8.66}, {""score"": ""2 - 1"", ""pct"": 8.38}]"
Belgium,United States,Neutral,2.025,0.919,63.0,21.9,15.1,63.5,6.9,7.7,15.6,2.9,3.4,78.1,21.9,"[{""score"": ""1 - 0"", ""pct"": 11.33}, {""score"": ""2 - 0"", ""pct"": 10.56}, {""score"": ""2 - 1"", ""pct"": 9.98}]"
Belgium,Haiti,Neutral,3.474,0.612,90.4,7.1,2.6,89.2,4.6,2.4,2.9,0.5,0.4,96.2,3.8,"[{""score"": ""3 - 0"", ""pct"": 12.139999999999999}, {""score"": ""2 - 0"", ""pct"": 10.57}, {""score"": ""4 - 0"", ""pct"": 10.14}]"
Belgium,Germany,Neutral,1.569,1.641,36.1,24.7,39.2,35.9,5.9,6.1,38.8,6.7,6.7,47.9,52.1,"[{""score"": ""1 - 1"", ""pct"": 10.4}, {""score"": ""1 - 2"", ""pct"": 8.89}, {""score"": ""2 - 1"", ""pct"": 7.91}]"
Belgium,Algeria,Neutral,1.964,1.031,59.7,22.8,17.6,58.6,7.3,8.1,18.5,3.2,4.2,74.1,25.9,"[{""score"": ""1 - 0"", ""pct"": 10.43}, {""score"": ""1 - 1"", ""pct"": 10.26}, {""score"": ""2 - 1"", ""pct"": 9.71}]"
Belgium,Bosnia and Herzegovina,Neutral,2.454,0.761,76.3,15.4,8.3,75.2,6.8,5.8,8.8,1.7,1.8,87.8,12.2,"[{""score"": ""2 - 0"", ""pct"": 12.61}, {""score"": ""1 - 0"", ""pct"": 10.83}, {""score"": ""3 - 0"", ""pct"": 9.13}]"
Belgium,Brazil,Neutral,1.057,1.61,23.9,26.0,50.1,23.7,4.5,5.3,50.4,7.5,8.5,33.5,66.5,"[{""score"": ""1 - 1"", ""pct"": 12.26}, {""score"": ""0 - 1"", ""pct"": 11.450000000000001}, {""score"": ""1 - 2"", ""pct"": 9.67}]"
Belgium,Colombia,Neutral,1.228,1.293,33.9,28.1,38.0,34.6,6.4,7.5,36.8,6.1,8.5,48.6,51.4,"[{""score"": ""1 - 1"", ""pct"": 12.33}, {""score"": ""0 - 1"", ""pct"": 10.45}, {""score"": ""1 - 0"", ""pct"": 9.950000000000001}]"
Belgium,Uzbekistan,Neutral,1.903,0.697,66.7,21.7,11.7,66.1,7.9,8.4,12.1,2.5,3.0,82.4,17.6,"[{""score"": ""1 - 0"", ""pct"": 14.89}, {""score"": ""2 - 0"", ""pct"": 13.350000000000001}, {""score"": ""1 - 1"", ""pct"": 9.99}]"
Belgium,Scotland,Neutral,1.908,0.944,59.7,22.9,17.3,59.7,7.5,8.1,17.2,3.3,4.1,75.4,24.6,"[{""score"": ""1 - 0"", ""pct"": 11.790000000000001}, {""score"": ""1 - 1"", ""pct"": 10.18}, {""score"": ""2 - 0"", ""pct"": 10.14}]"
Belgium,Spain,Neutral,1.085,1.763,22.3,24.5,53.2,22.5,4.1,5.0,53.1,7.3,7.9,31.6,68.4,"[{""score"": ""1 - 1"", ""pct"": 11.15}, {""score"": ""0 - 1"", ""pct"": 10.35}, {""score"": ""1 - 2"", ""pct"": 10.33}]"
Belgium,Senegal,Neutral,1.51,0.92,51.5,26.6,22.0,50.5,7.7,9.1,22.6,4.1,5.9,67.3,32.7,"[{""score"": ""1 - 0"", ""pct"": 13.71}, {""score"": ""1 - 1"", ""pct"": 12.09}, {""score"": ""2 - 0"", ""pct"": 9.91}]"
Belgium,Canada,Neutral,1.926,0.833,63.5,22.1,14.4,63.0,7.5,8.3,14.5,3.2,3.4,78.9,21.1,"[{""score"": ""1 - 0"", ""pct"": 12.61}, {""score"": ""2 - 0"", ""pct"": 11.379999999999999}, {""score"": ""2 - 1"", ""pct"": 10.51}]"
Belgium,Argentina,Neutral,0.906,1.467,21.7,27.5,50.8,21.9,4.4,5.9,50.3,7.5,10.1,32.2,67.8,"[{""score"": ""0 - 1"", ""pct"": 13.86}, {""score"": ""1 - 1"", ""pct"": 12.0}, {""score"": ""0 - 0"", ""pct"": 10.42}]"
Belgium,England,Neutral,1.029,1.421,26.0,28.1,45.9,26.0,4.7,6.5,46.3,7.1,9.4,37.1,62.8,"[{""score"": ""0 - 1"", ""pct"": 12.839999999999998}, {""score"": ""1 - 1"", ""pct"": 12.809999999999999}, {""score"": ""0 - 0"", ""pct"": 9.58}]"
Belgium,Tunisia,Neutral,1.702,0.751,60.0,24.5,15.6,60.5,7.9,9.9,14.7,2.8,4.2,78.3,21.7,"[{""score"": ""1 - 0"", ""pct"": 14.57}, {""score"": ""2 - 0"", ""pct"": 11.799999999999999}, {""score"": ""1 - 1"", ""pct"": 10.9}]"
Belgium,Turkey,Neutral,1.974,1.132,56.7,22.4,20.8,57.2,7.4,7.4,20.4,3.4,4.1,72.1,27.9,"[{""score"": ""1 - 1"", ""pct"": 10.459999999999999}, {""score"": ""2 - 1"", ""pct"": 10.059999999999999}, {""score"": ""1 - 0"", ""pct"": 9.27}]"
Belgium,Morocco,Neutral,1.14,0.977,38.5,31.5,30.0,39.1,6.2,10.2,29.9,5.4,9.1,55.6,44.4,"[{""score"": ""1 - 1"", ""pct"": 13.77}, {""score"": ""1 - 0"", ""pct"": 13.600000000000001}, {""score"": ""0 - 0"", ""pct"": 13.23}]"
Belgium,Mexico,Neutral,1.574,0.912,53.1,26.7,20.2,52.8,7.6,9.7,20.6,4.1,5.2,70.1,29.9,"[{""score"": ""1 - 0"", ""pct"": 14.000000000000002}, {""score"": ""1 - 1"", ""pct"": 11.450000000000001}, {""score"": ""0 - 0"", ""pct"": 9.85}]"
Belgium,DR Congo,Neutral,1.955,0.658,68.1,21.3,10.6,67.4,7.7,8.6,11.3,2.0,3.0,83.7,16.3,"[{""score"": ""1 - 0"", ""pct"": 14.85}, {""score"": ""2 - 0"", ""pct"": 14.02}, {""score"": ""1 - 1"", ""pct"": 9.42}]"
Belgium,Norway,Neutral,1.773,1.218,50.4,24.3,25.2,50.5,6.8,7.3,25.2,4.9,5.4,64.6,35.4,"[{""score"": ""1 - 1"", ""pct"": 10.63}, {""score"": ""2 - 1"", ""pct"": 9.87}, {""score"": ""1 - 0"", ""pct"": 8.91}]"
Belgium,Japan,Neutral,1.607,1.088,48.7,26.5,24.8,48.6,7.8,8.4,24.9,4.6,5.8,64.8,35.2,"[{""score"": ""1 - 1"", ""pct"": 11.65}, {""score"": ""1 - 0"", ""pct"": 10.83}, {""score"": ""2 - 1"", ""pct"": 9.2}]"
Belgium,Qatar,Neutral,3.135,0.686,85.6,10.0,4.3,86.0,4.7,3.6,4.1,0.8,0.9,94.3,5.7,"[{""score"": ""3 - 0"", ""pct"": 11.360000000000001}, {""score"": ""2 - 0"", ""pct"": 10.870000000000001}, {""score"": ""4 - 0"", ""pct"": 8.42}]"
Belgium,Czech Republic,Neutral,1.956,0.963,61.1,21.9,17.0,60.9,7.6,7.9,16.6,3.2,3.8,76.4,23.6,"[{""score"": ""1 - 0"", ""pct"": 10.620000000000001}, {""score"": ""2 - 0"", ""pct"": 10.530000000000001}, {""score"": ""2 - 1"", ""pct"": 10.280000000000001}]"
Belgium,France,Neutral,1.173,1.46,28.7,27.9,43.4,29.1,5.2,6.7,44.0,6.7,8.3,41.0,59.0,"[{""score"": ""1 - 1"", ""pct"": 12.44}, {""score"": ""0 - 1"", ""pct"": 10.71}, {""score"": ""1 - 2"", ""pct"": 8.83}]"
Belgium,Portugal,Neutral,1.242,1.533,29.6,26.4,44.0,29.2,5.0,6.6,44.2,6.7,8.2,40.9,59.1,"[{""score"": ""1 - 1"", ""pct"": 11.459999999999999}, {""score"": ""0 - 1"", ""pct"": 9.950000000000001}, {""score"": ""1 - 2"", ""pct"": 9.24}]"
Belgium,Curaçao,Neutral,3.813,0.459,93.7,5.0,1.4,94.0,2.8,1.6,1.2,0.2,0.2,98.4,1.6,"[{""score"": ""3 - 0"", ""pct"": 12.83}, {""score"": ""4 - 0"", ""pct"": 12.13}, {""score"": ""2 - 0"", ""pct"": 10.26}]"
Belgium,Cape Verde,Neutral,2.437,0.577,79.4,14.5,6.1,79.4,6.4,6.0,5.8,1.0,1.4,91.8,8.2,"[{""score"": ""2 - 0"", ""pct"": 14.799999999999999}, {""score"": ""1 - 0"", ""pct"": 12.870000000000001}, {""score"": ""3 - 0"", ""pct"": 11.66}]"
Belgium,Panama,Neutral,2.605,0.694,79.0,13.9,7.2,79.5,6.1,5.0,6.8,1.5,1.1,90.6,9.4,"[{""score"": ""2 - 0"", ""pct"": 13.089999999999998}, {""score"": ""3 - 0"", ""pct"": 10.879999999999999}, {""score"": ""1 - 0"", ""pct"": 10.57}]"
Belgium,Ecuador,Neutral,1.27,0.964,43.2,30.1,26.6,43.6,6.9,9.7,27.4,4.9,7.5,60.2,39.8,"[{""score"": ""1 - 1"", ""pct"": 13.29}, {""score"": ""1 - 0"", ""pct"": 13.19}, {""score"": ""0 - 0"", ""pct"": 11.99}]"
Belgium,Egypt,Neutral,1.712,0.767,60.2,23.9,15.9,60.4,7.7,9.4,14.9,3.3,4.3,77.5,22.5,"[{""score"": ""1 - 0"", ""pct"": 15.110000000000001}, {""score"": ""2 - 0"", ""pct"": 11.92}, {""score"": ""1 - 1"", ""pct"": 10.13}]"
Belgium,Uruguay,Neutral,1.24,1.123,39.1,29.0,31.9,38.4,6.9,9.1,31.7,5.6,8.3,54.4,45.6,"[{""score"": ""1 - 1"", ""pct"": 13.01}, {""score"": ""1 - 0"", ""pct"": 12.02}, {""score"": ""0 - 1"", ""pct"": 10.83}]"
Belgium,Croatia,Neutral,1.469,1.199,42.8,27.5,29.7,42.6,6.7,8.2,30.6,5.3,6.7,57.5,42.6,"[{""score"": ""1 - 1"", ""pct"": 12.4}, {""score"": ""1 - 0"", ""pct"": 10.39}, {""score"": ""2 - 1"", ""pct"": 8.66}]"
Belgium,Ivory Coast,Neutral,1.723,0.835,58.5,24.9,16.6,58.3,7.4,9.0,17.7,3.5,4.2,74.7,25.3,"[{""score"": ""1 - 0"", ""pct"": 13.87}, {""score"": ""1 - 1"", ""pct"": 11.03}, {""score"": ""2 - 0"", ""pct"": 11.0}]"
Belgium,Saudi Arabia,Neutral,2.244,0.607,74.8,17.6,7.6,75.9,6.7,6.8,7.3,1.6,1.8,89.4,10.6,"[{""score"": ""2 - 0"", ""pct"": 15.049999999999999}, {""score"": ""1 - 0"", ""pct"": 13.34}, {""score"": ""3 - 0"", ""pct"": 10.25}]"
Belgium,South Africa,Neutral,2.218,0.656,73.6,18.0,8.5,73.5,7.3,7.1,8.3,1.6,2.1,87.9,12.1,"[{""score"": ""1 - 0"", ""pct"": 13.69}, {""score"": ""2 - 0"", ""pct"": 13.22}, {""score"": ""3 - 0"", ""pct"": 10.01}]"
Belgium,New Zealand,Neutral,2.472,0.475,81.7,14.0,4.3,82.3,6.1,5.5,4.2,0.7,1.1,93.9,6.1,"[{""score"": ""2 - 0"", ""pct"": 16.41}, {""score"": ""1 - 0"", ""pct"": 13.83}, {""score"": ""3 - 0"", ""pct"": 13.139999999999999}]"
United States,Austria,United States,1.31,1.26,37.0,28.0,34.9,37.0,6.3,7.5,34.5,6.5,8.3,50.7,49.3,"[{""score"": ""1 - 1"", ""pct"": 13.420000000000002}, {""score"": ""0 - 1"", ""pct"": 9.58}, {""score"": ""1 - 0"", ""pct"": 9.56}]"
United States,Iran,United States,1.25,1.068,40.2,28.4,31.4,39.6,6.4,9.9,30.1,5.5,8.6,55.9,44.1,"[{""score"": ""1 - 1"", ""pct"": 12.809999999999999}, {""score"": ""1 - 0"", ""pct"": 12.34}, {""score"": ""0 - 1"", ""pct"": 10.77}]"
United States,Iraq,United States,1.71,0.686,62.8,23.8,13.4,61.8,7.9,10.0,13.8,2.7,3.9,79.6,20.4,"[{""score"": ""1 - 0"", ""pct"": 16.32}, {""score"": ""2 - 0"", ""pct"": 13.05}, {""score"": ""1 - 1"", ""pct"": 10.32}]"
United States,Jordan,United States,1.889,0.828,62.2,22.8,15.1,61.9,7.7,8.4,14.8,3.1,4.1,78.0,22.0,"[{""score"": ""1 - 0"", ""pct"": 12.85}, {""score"": ""2 - 0"", ""pct"": 12.06}, {""score"": ""1 - 1"", ""pct"": 10.41}]"
United States,Ghana,United States,1.692,0.833,57.7,24.9,17.3,57.7,7.5,9.6,17.8,3.1,4.3,74.8,25.2,"[{""score"": ""1 - 0"", ""pct"": 13.750000000000002}, {""score"": ""1 - 1"", ""pct"": 11.55}, {""score"": ""2 - 0"", ""pct"": 11.379999999999999}]"
United States,Australia,United States,1.274,1.061,41.3,29.3,29.4,40.9,6.7,8.9,30.1,5.7,7.7,56.4,43.6,"[{""score"": ""1 - 1"", ""pct"": 12.94}, {""score"": ""1 - 0"", ""pct"": 11.95}, {""score"": ""0 - 0"", ""pct"": 11.06}]"
United States,Sweden,United States,1.446,1.315,39.3,27.2,33.6,40.4,6.3,7.4,33.1,5.9,6.9,54.1,45.9,"[{""score"": ""1 - 1"", ""pct"": 12.3}, {""score"": ""1 - 0"", ""pct"": 9.3}, {""score"": ""2 - 1"", ""pct"": 8.42}]"
United States,Paraguay,United States,1.206,0.982,39.9,30.7,29.4,42.0,6.2,10.1,28.2,5.3,8.2,58.3,41.7,"[{""score"": ""1 - 0"", ""pct"": 13.62}, {""score"": ""1 - 1"", ""pct"": 13.51}, {""score"": ""0 - 0"", ""pct"": 12.46}]"
United States,Switzerland,United States,1.204,1.44,30.9,26.9,42.2,29.9,5.4,7.1,42.8,6.4,8.4,42.4,57.6,"[{""score"": ""1 - 1"", ""pct"": 11.83}, {""score"": ""0 - 1"", ""pct"": 10.7}, {""score"": ""1 - 2"", ""pct"": 9.39}]"
United States,South Korea,United States,1.392,1.029,44.7,28.8,26.5,44.2,7.3,9.4,27.0,5.3,6.8,60.9,39.1,"[{""score"": ""1 - 1"", ""pct"": 12.82}, {""score"": ""1 - 0"", ""pct"": 12.590000000000002}, {""score"": ""0 - 0"", ""pct"": 9.89}]"
United States,Netherlands,United States,1.117,1.758,23.2,24.2,52.6,23.4,4.4,5.1,52.2,7.1,7.7,32.9,67.1,"[{""score"": ""1 - 1"", ""pct"": 10.75}, {""score"": ""0 - 1"", ""pct"": 10.73}, {""score"": ""1 - 2"", ""pct"": 9.65}]"
United States,Haiti,United States,2.629,0.721,78.6,14.4,7.0,79.0,6.1,5.5,6.9,1.3,1.1,90.6,9.4,"[{""score"": ""2 - 0"", ""pct"": 12.25}, {""score"": ""3 - 0"", ""pct"": 10.209999999999999}, {""score"": ""1 - 0"", ""pct"": 10.12}]"
United States,Germany,United States,1.187,1.934,21.9,23.4,54.7,21.6,3.9,4.2,55.2,7.3,7.7,29.7,70.3,"[{""score"": ""1 - 1"", ""pct"": 10.13}, {""score"": ""1 - 2"", ""pct"": 9.719999999999999}, {""score"": ""0 - 1"", ""pct"": 9.29}]"
United States,Algeria,United States,1.487,1.216,42.3,27.1,30.6,42.2,6.8,8.0,30.8,5.3,6.8,57.0,43.0,"[{""score"": ""1 - 1"", ""pct"": 12.08}, {""score"": ""1 - 0"", ""pct"": 10.13}, {""score"": ""2 - 1"", ""pct"": 8.86}]"
United States,Bosnia and Herzegovina,United States,1.857,0.897,59.5,23.6,16.9,60.2,7.5,8.8,16.3,3.1,4.2,76.5,23.5,"[{""score"": ""1 - 0"", ""pct"": 12.26}, {""score"": ""1 - 1"", ""pct"": 10.86}, {""score"": ""2 - 1"", ""pct"": 10.32}]"
United States,Brazil,United States,0.8,1.898,14.0,22.4,63.6,14.0,2.9,3.6,62.9,7.6,9.0,20.4,79.6,"[{""score"": ""0 - 2"", ""pct"": 12.809999999999999}, {""score"": ""0 - 1"", ""pct"": 12.55}, {""score"": ""1 - 1"", ""pct"": 10.190000000000001}]"
United States,Colombia,United States,0.929,1.524,22.2,27.4,50.4,22.4,4.4,6.3,49.2,7.8,10.0,33.1,66.9,"[{""score"": ""0 - 1"", ""pct"": 13.54}, {""score"": ""1 - 1"", ""pct"": 12.42}, {""score"": ""0 - 0"", ""pct"": 9.6}]"
United States,Uzbekistan,United States,1.44,0.821,51.6,28.9,19.6,51.0,7.6,10.6,20.4,4.2,6.2,69.3,30.7,"[{""score"": ""1 - 0"", ""pct"": 15.36}, {""score"": ""1 - 1"", ""pct"": 12.36}, {""score"": ""0 - 0"", ""pct"": 12.09}]"
United States,Scotland,United States,1.444,1.113,44.1,27.6,28.3,43.9,6.5,8.9,28.2,5.5,6.9,59.3,40.7,"[{""score"": ""1 - 1"", ""pct"": 12.629999999999999}, {""score"": ""1 - 0"", ""pct"": 11.959999999999999}, {""score"": ""2 - 1"", ""pct"": 9.15}]"
United States,Spain,United States,0.821,2.079,12.8,20.0,67.2,12.2,2.3,3.0,67.3,7.1,8.0,17.5,82.5,"[{""score"": ""0 - 1"", ""pct"": 12.389999999999999}, {""score"": ""0 - 2"", ""pct"": 11.73}, {""score"": ""1 - 2"", ""pct"": 9.790000000000001}]"
United States,Senegal,United States,1.143,1.085,36.8,30.3,32.9,36.0,6.7,9.5,33.2,6.1,8.6,52.1,47.9,"[{""score"": ""1 - 1"", ""pct"": 13.61}, {""score"": ""1 - 0"", ""pct"": 12.790000000000001}, {""score"": ""0 - 0"", ""pct"": 11.74}]"
United States,Canada,United States,1.458,0.982,47.9,27.7,24.4,47.3,6.9,9.9,24.9,4.8,6.1,64.1,35.9,"[{""score"": ""1 - 0"", ""pct"": 13.08}, {""score"": ""1 - 1"", ""pct"": 12.4}, {""score"": ""0 - 0"", ""pct"": 9.56}]"
United States,Argentina,United States,0.686,1.73,13.1,23.1,63.8,13.4,2.8,4.0,61.9,7.9,10.1,20.2,79.8,"[{""score"": ""0 - 1"", ""pct"": 16.78}, {""score"": ""0 - 2"", ""pct"": 13.22}, {""score"": ""1 - 1"", ""pct"": 9.94}]"
United States,England,United States,0.779,1.675,16.2,25.0,58.8,15.7,3.6,4.4,59.2,7.8,9.3,23.7,76.3,"[{""score"": ""0 - 1"", ""pct"": 14.44}, {""score"": ""0 - 2"", ""pct"": 12.31}, {""score"": ""1 - 1"", ""pct"": 10.48}]"
United States,Tunisia,United States,1.288,0.885,45.3,30.8,23.9,45.9,7.5,11.0,24.1,4.5,7.1,64.4,35.6,"[{""score"": ""1 - 0"", ""pct"": 14.580000000000002}, {""score"": ""1 - 1"", ""pct"": 13.420000000000002}, {""score"": ""0 - 0"", ""pct"": 12.8}]"
United States,Turkey,United States,1.494,1.334,40.2,26.6,33.1,40.1,6.6,7.5,33.4,5.7,6.7,54.2,45.8,"[{""score"": ""1 - 1"", ""pct"": 11.98}, {""score"": ""1 - 0"", ""pct"": 8.870000000000001}, {""score"": ""2 - 1"", ""pct"": 8.61}]"
United States,Morocco,United States,0.863,1.152,25.8,31.9,42.3,26.9,5.3,8.4,41.2,6.7,11.5,40.6,59.4,"[{""score"": ""0 - 1"", ""pct"": 15.65}, {""score"": ""0 - 0"", ""pct"": 14.08}, {""score"": ""1 - 1"", ""pct"": 13.420000000000002}]"
United States,Mexico,United States,1.191,1.076,37.4,31.8,30.8,37.4,5.9,9.9,32.5,5.6,8.7,53.2,46.8,"[{""score"": ""1 - 1"", ""pct"": 14.06}, {""score"": ""1 - 0"", ""pct"": 12.540000000000001}, {""score"": ""0 - 0"", ""pct"": 11.790000000000001}]"
United States,DR Congo,United States,1.48,0.776,53.0,28.1,18.9,54.1,7.4,10.5,18.7,3.5,5.7,72.1,27.9,"[{""score"": ""1 - 0"", ""pct"": 15.540000000000001}, {""score"": ""1 - 1"", ""pct"": 12.08}, {""score"": ""0 - 0"", ""pct"": 11.86}]"
United States,Norway,United States,1.342,1.436,33.3,27.4,39.3,33.7,5.8,7.0,38.8,6.6,8.1,46.5,53.5,"[{""score"": ""1 - 1"", ""pct"": 12.34}, {""score"": ""1 - 2"", ""pct"": 8.86}, {""score"": ""0 - 1"", ""pct"": 8.77}]"
United States,Japan,United States,1.216,1.282,33.8,29.1,37.1,33.8,5.8,7.8,38.3,6.0,8.3,47.4,52.6,"[{""score"": ""1 - 1"", ""pct"": 13.25}, {""score"": ""0 - 1"", ""pct"": 10.58}, {""score"": ""0 - 0"", ""pct"": 9.41}]"
United States,Qatar,United States,2.373,0.808,72.8,17.1,10.1,73.6,6.5,6.0,9.6,1.8,2.4,86.2,13.8,"[{""score"": ""2 - 0"", ""pct"": 11.73}, {""score"": ""1 - 0"", ""pct"": 10.549999999999999}, {""score"": ""3 - 0"", ""pct"": 9.2}]"
United States,Czech Republic,United States,1.48,1.136,45.4,26.6,28.0,44.3,7.1,8.6,28.4,5.0,6.6,60.0,40.0,"[{""score"": ""1 - 1"", ""pct"": 12.22}, {""score"": ""1 - 0"", ""pct"": 10.77}, {""score"": ""2 - 1"", ""pct"": 9.33}]"
United States,France,United States,0.887,1.721,17.7,24.8,57.5,17.2,3.7,4.7,58.7,7.5,8.1,25.7,74.3,"[{""score"": ""0 - 1"", ""pct"": 13.28}, {""score"": ""1 - 1"", ""pct"": 11.08}, {""score"": ""0 - 2"", ""pct"": 10.620000000000001}]"
United States,Portugal,United States,0.94,1.808,18.2,23.6,58.2,18.1,3.6,4.6,58.4,7.6,7.7,26.3,73.7,"[{""score"": ""0 - 1"", ""pct"": 11.85}, {""score"": ""0 - 2"", ""pct"": 10.549999999999999}, {""score"": ""1 - 1"", ""pct"": 10.32}]"
United States,Curaçao,United States,2.885,0.542,85.7,10.6,3.7,85.7,5.1,3.9,4.0,0.7,0.6,94.6,5.4,"[{""score"": ""2 - 0"", ""pct"": 13.930000000000001}, {""score"": ""3 - 0"", ""pct"": 12.690000000000001}, {""score"": ""1 - 0"", ""pct"": 10.26}]"
United States,Cape Verde,United States,1.845,0.681,65.7,21.8,12.5,65.5,7.6,8.9,12.3,2.5,3.1,82.1,17.9,"[{""score"": ""1 - 0"", ""pct"": 15.379999999999999}, {""score"": ""2 - 0"", ""pct"": 13.600000000000001}, {""score"": ""1 - 1"", ""pct"": 9.75}]"
United States,Panama,United States,1.972,0.818,63.7,22.5,13.8,65.0,7.2,8.2,13.5,2.7,3.5,80.4,19.6,"[{""score"": ""1 - 0"", ""pct"": 13.11}, {""score"": ""2 - 0"", ""pct"": 11.600000000000001}, {""score"": ""1 - 1"", ""pct"": 10.59}]"
United States,Ecuador,United States,0.961,1.136,29.5,30.7,39.8,29.7,5.1,9.1,39.0,6.5,10.6,43.9,56.1,"[{""score"": ""0 - 1"", ""pct"": 14.24}, {""score"": ""1 - 1"", ""pct"": 13.23}, {""score"": ""0 - 0"", ""pct"": 12.85}]"
United States,Egypt,United States,1.296,0.905,45.4,29.5,25.1,44.6,7.3,10.5,25.0,4.6,8.0,62.4,37.6,"[{""score"": ""1 - 0"", ""pct"": 14.430000000000001}, {""score"": ""0 - 0"", ""pct"": 12.55}, {""score"": ""1 - 1"", ""pct"": 12.07}]"
United States,Uruguay,United States,0.939,1.324,25.8,29.2,45.1,25.4,4.8,6.7,45.5,7.3,10.3,36.9,63.1,"[{""score"": ""0 - 1"", ""pct"": 13.68}, {""score"": ""1 - 1"", ""pct"": 12.690000000000001}, {""score"": ""0 - 0"", ""pct"": 11.51}]"
United States,Croatia,United States,1.111,1.413,29.7,27.2,43.1,28.7,4.8,6.9,43.8,6.8,9.0,40.4,59.6,"[{""score"": ""1 - 1"", ""pct"": 12.4}, {""score"": ""0 - 1"", ""pct"": 11.12}, {""score"": ""1 - 2"", ""pct"": 9.049999999999999}]"
United States,Ivory Coast,United States,1.304,0.985,43.9,29.0,27.1,43.3,6.9,9.8,27.6,5.1,7.3,59.9,40.1,"[{""score"": ""1 - 0"", ""pct"": 13.33}, {""score"": ""1 - 1"", ""pct"": 12.72}, {""score"": ""0 - 0"", ""pct"": 11.31}]"
United States,Saudi Arabia,United States,1.698,0.716,60.8,24.5,14.7,61.6,7.5,9.6,14.0,2.9,4.4,78.7,21.3,"[{""score"": ""1 - 0"", ""pct"": 15.09}, {""score"": ""2 - 0"", ""pct"": 12.68}, {""score"": ""1 - 1"", ""pct"": 10.43}]"
United States,South Africa,United States,1.679,0.773,59.1,25.1,15.8,59.0,7.8,10.1,15.5,3.3,4.3,76.9,23.1,"[{""score"": ""1 - 0"", ""pct"": 15.17}, {""score"": ""2 - 0"", ""pct"": 11.81}, {""score"": ""1 - 1"", ""pct"": 11.14}]"
United States,New Zealand,United States,1.871,0.56,69.0,21.6,9.4,69.1,7.4,9.4,9.1,2.1,2.9,85.9,14.1,"[{""score"": ""1 - 0"", ""pct"": 16.57}, {""score"": ""2 - 0"", ""pct"": 15.740000000000002}, {""score"": ""1 - 1"", ""pct"": 9.47}]"
United States,Belgium,United States,1.093,1.702,23.4,25.2,51.3,23.7,4.3,5.4,51.2,7.0,8.3,33.4,66.6,"[{""score"": ""1 - 1"", ""pct"": 11.700000000000001}, {""score"": ""0 - 1"", ""pct"": 10.6}, {""score"": ""1 - 2"", ""pct"": 9.92}]"
Austria,United States,United States,1.26,1.31,35.0,27.8,37.1,34.2,6.2,7.8,37.0,6.4,8.3,48.2,51.8,"[{""score"": ""1 - 1"", ""pct"": 12.35}, {""score"": ""0 - 1"", ""pct"": 10.34}, {""score"": ""1 - 0"", ""pct"": 9.64}]"
Iran,United States,United States,1.068,1.25,30.1,29.4,40.5,31.2,5.6,8.3,39.5,6.3,9.2,45.1,54.9,"[{""score"": ""1 - 1"", ""pct"": 13.0}, {""score"": ""0 - 1"", ""pct"": 12.4}, {""score"": ""0 - 0"", ""pct"": 11.04}]"
Iraq,United States,United States,0.686,1.71,13.7,23.9,62.4,12.9,2.8,3.9,62.7,7.7,9.9,19.7,80.3,"[{""score"": ""0 - 1"", ""pct"": 16.43}, {""score"": ""0 - 2"", ""pct"": 12.97}, {""score"": ""1 - 1"", ""pct"": 10.11}]"
Jordan,United States,United States,0.828,1.889,14.4,23.3,62.3,14.4,2.8,3.7,63.4,7.1,8.5,20.9,79.1,"[{""score"": ""0 - 1"", ""pct"": 12.61}, {""score"": ""0 - 2"", ""pct"": 12.01}, {""score"": ""1 - 1"", ""pct"": 10.27}]"
Ghana,United States,United States,0.833,1.692,17.3,24.5,58.3,17.4,3.1,5.0,57.1,7.9,9.5,25.5,74.5,"[{""score"": ""0 - 1"", ""pct"": 14.49}, {""score"": ""0 - 2"", ""pct"": 11.09}, {""score"": ""1 - 1"", ""pct"": 10.65}]"
Australia,United States,United States,1.061,1.274,30.8,28.9,40.4,30.1,5.2,7.6,40.6,6.7,9.9,42.9,57.1,"[{""score"": ""1 - 1"", ""pct"": 12.770000000000001}, {""score"": ""0 - 1"", ""pct"": 11.92}, {""score"": ""0 - 0"", ""pct"": 10.71}]"
Sweden,United States,United States,1.315,1.446,33.3,26.5,40.2,34.3,5.7,6.8,39.6,6.2,7.5,46.7,53.2,"[{""score"": ""1 - 1"", ""pct"": 11.72}, {""score"": ""0 - 1"", ""pct"": 9.5}, {""score"": ""1 - 2"", ""pct"": 8.92}]"
Paraguay,United States,United States,0.982,1.206,29.3,30.9,39.9,29.3,5.3,8.1,40.1,6.8,10.3,42.7,57.2,"[{""score"": ""0 - 1"", ""pct"": 13.33}, {""score"": ""1 - 1"", ""pct"": 13.25}, {""score"": ""0 - 0"", ""pct"": 12.76}]"
Switzerland,United States,United States,1.44,1.204,42.0,27.4,30.6,42.4,6.1,8.6,30.2,5.6,7.1,57.0,43.0,"[{""score"": ""1 - 1"", ""pct"": 12.09}, {""score"": ""1 - 0"", ""pct"": 10.73}, {""score"": ""2 - 1"", ""pct"": 8.61}]"
South Korea,United States,United States,1.029,1.392,27.0,28.0,45.1,26.7,5.2,6.7,44.8,7.2,9.4,38.6,61.4,"[{""score"": ""1 - 1"", ""pct"": 12.41}, {""score"": ""0 - 1"", ""pct"": 12.15}, {""score"": ""0 - 0"", ""pct"": 9.78}]"
Netherlands,United States,United States,1.758,1.117,52.0,25.5,22.6,52.6,7.6,7.9,23.3,3.8,4.8,68.1,31.9,"[{""score"": ""1 - 1"", ""pct"": 11.540000000000001}, {""score"": ""1 - 0"", ""pct"": 10.38}, {""score"": ""2 - 1"", ""pct"": 9.19}]"
Haiti,United States,United States,0.721,2.629,7.2,14.2,78.6,6.7,1.4,1.5,79.0,6.4,4.9,9.7,90.3,"[{""score"": ""0 - 2"", ""pct"": 12.41}, {""score"": ""0 - 3"", ""pct"": 10.66}, {""score"": ""0 - 1"", ""pct"": 9.74}]"
Germany,United States,United States,1.934,1.187,54.6,23.8,21.6,55.0,7.2,8.0,21.7,3.6,4.5,70.2,29.8,"[{""score"": ""1 - 1"", ""pct"": 10.25}, {""score"": ""2 - 1"", ""pct"": 9.94}, {""score"": ""1 - 0"", ""pct"": 8.83}]"
Algeria,United States,United States,1.216,1.487,30.2,27.9,41.9,29.6,4.8,7.0,43.7,7.0,7.8,41.4,58.6,"[{""score"": ""1 - 1"", ""pct"": 13.059999999999999}, {""score"": ""0 - 1"", ""pct"": 10.38}, {""score"": ""1 - 2"", ""pct"": 9.15}]"
Bosnia and Herzegovina,United States,United States,0.897,1.857,16.5,23.1,60.5,16.1,3.2,4.0,60.7,7.5,8.5,23.3,76.7,"[{""score"": ""0 - 1"", ""pct"": 12.659999999999998}, {""score"": ""1 - 1"", ""pct"": 10.52}, {""score"": ""0 - 2"", ""pct"": 10.48}]"
Brazil,United States,United States,1.898,0.8,63.2,22.9,14.0,63.7,7.4,8.7,13.8,2.6,3.7,79.9,20.1,"[{""score"": ""1 - 0"", ""pct"": 12.93}, {""score"": ""2 - 0"", ""pct"": 11.92}, {""score"": ""2 - 1"", ""pct"": 10.08}]"
Colombia,United States,United States,1.524,0.929,50.5,27.4,22.1,50.2,7.6,9.6,21.8,4.5,6.3,67.4,32.6,"[{""score"": ""1 - 0"", ""pct"": 13.04}, {""score"": ""1 - 1"", ""pct"": 12.16}, {""score"": ""0 - 0"", ""pct"": 9.959999999999999}]"
Uzbekistan,United States,United States,0.821,1.44,20.1,28.7,51.3,20.4,3.9,6.4,51.3,7.5,10.6,30.7,69.3,"[{""score"": ""0 - 1"", ""pct"": 16.14}, {""score"": ""1 - 1"", ""pct"": 12.8}, {""score"": ""0 - 0"", ""pct"": 11.35}]"
Scotland,United States,United States,1.113,1.444,28.4,27.1,44.5,28.6,5.6,6.8,43.7,6.6,8.8,41.0,59.0,"[{""score"": ""1 - 1"", ""pct"": 12.509999999999998}, {""score"": ""0 - 1"", ""pct"": 11.700000000000001}, {""score"": ""1 - 2"", ""pct"": 8.95}]"
Spain,United States,United States,2.079,0.821,66.8,20.5,12.7,68.0,7.3,7.0,12.7,2.2,2.9,82.2,17.8,"[{""score"": ""1 - 0"", ""pct"": 12.15}, {""score"": ""2 - 0"", ""pct"": 12.06}, {""score"": ""2 - 1"", ""pct"": 9.47}]"
Senegal,United States,United States,1.085,1.143,33.4,30.6,36.0,33.6,6.2,8.9,35.5,5.9,9.9,48.7,51.3,"[{""score"": ""1 - 1"", ""pct"": 13.71}, {""score"": ""0 - 1"", ""pct"": 12.559999999999999}, {""score"": ""0 - 0"", ""pct"": 11.940000000000001}]"
Canada,United States,United States,0.982,1.458,24.3,28.1,47.6,23.9,4.6,6.1,48.8,7.5,9.1,34.6,65.4,"[{""score"": ""1 - 1"", ""pct"": 12.65}, {""score"": ""0 - 1"", ""pct"": 12.479999999999999}, {""score"": ""0 - 0"", ""pct"": 9.719999999999999}]"
Argentina,United States,United States,1.73,0.686,62.5,24.3,13.2,62.2,7.9,10.4,13.4,2.4,3.6,80.6,19.4,"[{""score"": ""1 - 0"", ""pct"": 16.0}, {""score"": ""2 - 0"", ""pct"": 12.520000000000001}, {""score"": ""1 - 1"", ""pct"": 10.33}]"
England,United States,United States,1.675,0.779,58.6,25.5,15.9,59.0,7.9,9.6,16.0,3.0,4.5,76.5,23.5,"[{""score"": ""1 - 0"", ""pct"": 14.64}, {""score"": ""2 - 0"", ""pct"": 11.77}, {""score"": ""1 - 1"", ""pct"": 11.48}]"
Tunisia,United States,United States,0.885,1.288,24.2,30.5,45.3,24.9,4.8,7.2,45.3,7.1,10.7,36.9,63.1,"[{""score"": ""0 - 1"", ""pct"": 14.649999999999999}, {""score"": ""1 - 1"", ""pct"": 13.05}, {""score"": ""0 - 0"", ""pct"": 12.879999999999999}]"
Turkey,United States,United States,1.334,1.494,33.6,26.8,39.7,33.2,5.8,6.4,40.6,6.4,7.7,45.4,54.6,"[{""score"": ""1 - 1"", ""pct"": 12.139999999999999}, {""score"": ""0 - 1"", ""pct"": 8.63}, {""score"": ""1 - 2"", ""pct"": 8.559999999999999}]"
Morocco,United States,United States,1.152,0.863,41.9,32.1,26.0,41.8,6.7,11.8,26.0,5.3,8.4,60.4,39.6,"[{""score"": ""1 - 0"", ""pct"": 15.1}, {""score"": ""0 - 0"", ""pct"": 14.330000000000002}, {""score"": ""1 - 1"", ""pct"": 13.55}]"
Mexico,United States,United States,1.076,1.191,32.2,29.0,38.8,32.0,5.5,8.5,38.4,6.4,9.2,46.1,53.9,"[{""score"": ""1 - 1"", ""pct"": 12.879999999999999}, {""score"": ""0 - 1"", ""pct"": 12.55}, {""score"": ""1 - 0"", ""pct"": 10.96}]"
DR Congo,United States,United States,0.776,1.48,18.4,28.5,53.1,18.8,3.6,5.6,53.8,7.9,10.3,28.0,72.0,"[{""score"": ""0 - 1"", ""pct"": 15.27}, {""score"": ""1 - 1"", ""pct"": 12.44}, {""score"": ""0 - 0"", ""pct"": 11.53}]"
Norway,United States,United States,1.436,1.342,39.0,27.3,33.7,39.5,6.5,7.1,34.3,5.9,6.8,53.0,47.0,"[{""score"": ""1 - 1"", ""pct"": 12.36}, {""score"": ""1 - 0"", ""pct"": 9.17}, {""score"": ""0 - 1"", ""pct"": 8.42}]"
Japan,United States,United States,1.282,1.216,36.8,28.8,34.4,36.7,6.4,8.5,34.2,6.2,8.0,51.6,48.4,"[{""score"": ""1 - 1"", ""pct"": 13.26}, {""score"": ""1 - 0"", ""pct"": 10.83}, {""score"": ""0 - 1"", ""pct"": 10.09}]"
Qatar,United States,United States,0.808,2.373,10.1,17.7,72.2,9.6,1.8,2.1,73.0,6.9,6.5,13.5,86.5,"[{""score"": ""0 - 2"", ""pct"": 11.85}, {""score"": ""0 - 1"", ""pct"": 10.11}, {""score"": ""1 - 2"", ""pct"": 9.47}]"
Czech Republic,United States,United States,1.136,1.48,27.8,27.3,44.9,28.2,4.6,6.7,45.3,6.8,8.4,39.5,60.5,"[{""score"": ""1 - 1"", ""pct"": 12.27}, {""score"": ""0 - 1"", ""pct"": 10.93}, {""score"": ""1 - 2"", ""pct"": 8.91}]"
France,United States,United States,1.721,0.887,56.8,24.8,18.4,57.0,7.4,9.0,18.2,3.8,4.7,73.3,26.7,"[{""score"": ""1 - 0"", ""pct"": 13.239999999999998}, {""score"": ""1 - 1"", ""pct"": 11.219999999999999}, {""score"": ""2 - 0"", ""pct"": 10.36}]"
Portugal,United States,United States,1.808,0.94,58.2,23.8,18.0,58.7,7.3,8.3,18.3,3.1,4.3,74.3,25.7,"[{""score"": ""1 - 0"", ""pct"": 11.959999999999999}, {""score"": ""1 - 1"", ""pct"": 10.94}, {""score"": ""2 - 0"", ""pct"": 10.54}]"
Curaçao,United States,United States,0.542,2.885,3.9,10.4,85.7,3.5,0.6,0.9,85.7,5.3,4.0,5.0,95.0,"[{""score"": ""0 - 2"", ""pct"": 14.05}, {""score"": ""0 - 3"", ""pct"": 13.05}, {""score"": ""0 - 1"", ""pct"": 9.71}]"
Cape Verde,United States,United States,0.681,1.845,11.6,22.6,65.8,12.1,2.3,3.3,65.0,8.0,9.2,17.8,82.2,"[{""score"": ""0 - 1"", ""pct"": 14.77}, {""score"": ""0 - 2"", ""pct"": 14.14}, {""score"": ""1 - 2"", ""pct"": 9.950000000000001}]"
Panama,United States,United States,0.818,1.972,13.7,21.5,64.8,13.0,2.6,3.3,65.5,7.6,8.0,18.9,81.1,"[{""score"": ""0 - 1"", ""pct"": 12.57}, {""score"": ""0 - 2"", ""pct"": 11.73}, {""score"": ""1 - 1"", ""pct"": 10.059999999999999}]"
Ecuador,United States,United States,1.136,0.961,39.1,31.1,29.7,38.8,6.7,10.6,29.3,5.4,9.0,56.2,43.8,"[{""score"": ""1 - 0"", ""pct"": 13.94}, {""score"": ""0 - 0"", ""pct"": 13.83}, {""score"": ""1 - 1"", ""pct"": 13.089999999999998}]"
Egypt,United States,United States,0.905,1.296,25.0,29.8,45.2,24.9,4.6,7.1,45.4,7.2,10.7,36.7,63.3,"[{""score"": ""0 - 1"", ""pct"": 14.580000000000002}, {""score"": ""1 - 1"", ""pct"": 12.950000000000001}, {""score"": ""0 - 0"", ""pct"": 12.15}]"
Uruguay,United States,United States,1.324,0.939,45.9,29.1,25.0,45.1,6.9,10.5,25.6,5.2,6.7,62.4,37.6,"[{""score"": ""1 - 0"", ""pct"": 14.42}, {""score"": ""1 - 1"", ""pct"": 12.61}, {""score"": ""0 - 0"", ""pct"": 11.51}]"
Croatia,United States,United States,1.413,1.111,43.6,27.9,28.5,43.6,6.8,8.9,28.6,5.0,7.0,59.3,40.7,"[{""score"": ""1 - 1"", ""pct"": 12.6}, {""score"": ""1 - 0"", ""pct"": 11.76}, {""score"": ""0 - 1"", ""pct"": 9.33}]"
Ivory Coast,United States,United States,0.985,1.304,26.7,29.9,43.4,27.5,4.8,7.3,43.7,7.0,9.8,39.5,60.5,"[{""score"": ""1 - 1"", ""pct"": 13.350000000000001}, {""score"": ""0 - 1"", ""pct"": 13.350000000000001}, {""score"": ""0 - 0"", ""pct"": 11.37}]"
Saudi Arabia,United States,United States,0.716,1.698,14.5,24.2,61.3,14.5,2.6,3.8,61.6,7.6,9.8,20.9,79.1,"[{""score"": ""0 - 1"", ""pct"": 15.43}, {""score"": ""0 - 2"", ""pct"": 12.870000000000001}, {""score"": ""1 - 1"", ""pct"": 10.84}]"
South Africa,United States,United States,0.773,1.679,15.8,25.6,58.6,15.8,3.3,4.5,58.4,8.3,9.8,23.5,76.5,"[{""score"": ""0 - 1"", ""pct"": 15.040000000000001}, {""score"": ""1 - 1"", ""pct"": 11.42}, {""score"": ""0 - 2"", ""pct"": 11.219999999999999}]"
New Zealand,United States,United States,0.56,1.871,9.0,21.7,69.3,9.6,1.9,2.6,68.7,7.6,9.5,14.2,85.8,"[{""score"": ""0 - 1"", ""pct"": 17.54}, {""score"": ""0 - 2"", ""pct"": 15.459999999999999}, {""score"": ""0 - 0"", ""pct"": 9.51}]"
Belgium,United States,United States,1.702,1.093,50.7,25.6,23.7,51.3,7.8,8.1,22.9,4.4,5.4,67.3,32.7,"[{""score"": ""1 - 1"", ""pct"": 11.540000000000001}, {""score"": ""1 - 0"", ""pct"": 10.209999999999999}, {""score"": ""2 - 1"", ""pct"": 9.56}]"
Mexico,Austria,Mexico,1.301,0.98,42.9,29.9,27.2,43.7,6.6,9.8,27.6,5.1,7.3,60.0,40.0,"[{""score"": ""1 - 1"", ""pct"": 13.120000000000001}, {""score"": ""1 - 0"", ""pct"": 13.120000000000001}, {""score"": ""0 - 0"", ""pct"": 11.53}]"
Mexico,Iran,Mexico,1.242,0.831,45.3,30.8,23.9,45.2,7.0,11.6,24.3,4.4,7.5,63.8,36.2,"[{""score"": ""1 - 0"", ""pct"": 15.939999999999998}, {""score"": ""0 - 0"", ""pct"": 14.02}, {""score"": ""1 - 1"", ""pct"": 12.83}]"
Mexico,Iraq,Mexico,1.699,0.533,66.2,23.5,10.3,66.8,7.3,10.7,9.8,1.7,3.6,84.9,15.1,"[{""score"": ""1 - 0"", ""pct"": 18.58}, {""score"": ""2 - 0"", ""pct"": 15.110000000000001}, {""score"": ""0 - 0"", ""pct"": 11.41}]"
Mexico,Jordan,Mexico,1.876,0.643,67.3,21.9,10.7,67.8,7.2,9.2,10.7,2.1,3.0,84.2,15.8,"[{""score"": ""1 - 0"", ""pct"": 15.53}, {""score"": ""2 - 0"", ""pct"": 14.17}, {""score"": ""1 - 1"", ""pct"": 9.68}]"
Mexico,Ghana,Mexico,1.68,0.648,62.8,24.4,12.8,62.8,7.7,10.0,12.8,2.9,3.8,80.5,19.5,"[{""score"": ""1 - 0"", ""pct"": 17.07}, {""score"": ""2 - 0"", ""pct"": 13.63}, {""score"": ""0 - 0"", ""pct"": 10.84}]"
Mexico,Australia,Mexico,1.265,0.825,46.4,30.5,23.2,46.2,7.5,11.0,22.8,4.8,7.6,64.7,35.3,"[{""score"": ""1 - 0"", ""pct"": 15.85}, {""score"": ""0 - 0"", ""pct"": 13.530000000000001}, {""score"": ""1 - 1"", ""pct"": 13.01}]"
Mexico,Sweden,Mexico,1.436,1.022,46.5,28.0,25.5,45.4,7.0,9.7,26.3,4.9,6.7,62.2,37.8,"[{""score"": ""1 - 0"", ""pct"": 12.479999999999999}, {""score"": ""1 - 1"", ""pct"": 12.379999999999999}, {""score"": ""0 - 0"", ""pct"": 9.879999999999999}]"
Mexico,Paraguay,Mexico,1.198,0.764,45.4,32.3,22.4,45.6,6.8,12.6,23.1,4.3,7.6,65.0,35.0,"[{""score"": ""1 - 0"", ""pct"": 17.05}, {""score"": ""0 - 0"", ""pct"": 15.36}, {""score"": ""1 - 1"", ""pct"": 12.920000000000002}]"
Mexico,Switzerland,Mexico,1.196,1.12,38.4,29.8,31.8,37.5,6.4,8.8,32.8,6.1,8.3,52.8,47.2,"[{""score"": ""1 - 1"", ""pct"": 13.19}, {""score"": ""1 - 0"", ""pct"": 11.88}, {""score"": ""0 - 0"", ""pct"": 11.28}]"
Mexico,South Korea,Mexico,1.382,0.8,50.4,29.3,20.2,50.4,7.8,10.8,20.5,4.2,6.4,68.9,31.1,"[{""score"": ""1 - 0"", ""pct"": 16.11}, {""score"": ""0 - 0"", ""pct"": 12.68}, {""score"": ""1 - 1"", ""pct"": 12.540000000000001}]"
Mexico,Netherlands,Mexico,1.109,1.366,29.3,28.4,42.3,29.2,5.5,7.7,41.5,7.0,9.0,42.4,57.6,"[{""score"": ""1 - 1"", ""pct"": 12.55}, {""score"": ""0 - 1"", ""pct"": 11.600000000000001}, {""score"": ""0 - 0"", ""pct"": 9.51}]"
Mexico,United States,Mexico,1.522,0.842,53.9,26.5,19.6,52.6,7.8,10.1,20.1,3.8,5.7,70.5,29.5,"[{""score"": ""1 - 0"", ""pct"": 14.87}, {""score"": ""1 - 1"", ""pct"": 11.95}, {""score"": ""2 - 0"", ""pct"": 10.65}]"
Mexico,Haiti,Mexico,2.611,0.561,82.0,13.2,4.8,81.8,5.9,5.1,5.0,1.0,1.2,92.8,7.2,"[{""score"": ""2 - 0"", ""pct"": 14.469999999999999}, {""score"": ""3 - 0"", ""pct"": 12.42}, {""score"": ""1 - 0"", ""pct"": 11.81}]"
Mexico,Germany,Mexico,1.179,1.504,29.7,27.2,43.2,28.6,5.7,6.3,44.1,7.0,8.3,40.6,59.4,"[{""score"": ""1 - 1"", ""pct"": 12.44}, {""score"": ""0 - 1"", ""pct"": 10.23}, {""score"": ""1 - 2"", ""pct"": 8.88}]"
Mexico,Algeria,Mexico,1.477,0.945,49.5,26.5,24.0,49.0,7.2,9.7,23.2,4.5,6.4,65.9,34.1,"[{""score"": ""1 - 0"", ""pct"": 13.65}, {""score"": ""1 - 1"", ""pct"": 11.58}, {""score"": ""0 - 0"", ""pct"": 9.56}]"
Mexico,Bosnia and Herzegovina,Mexico,1.844,0.697,64.7,22.8,12.6,65.6,7.4,8.9,11.9,2.4,3.8,81.9,18.1,"[{""score"": ""1 - 0"", ""pct"": 15.14}, {""score"": ""2 - 0"", ""pct"": 13.420000000000002}, {""score"": ""1 - 1"", ""pct"": 10.299999999999999}]"
Mexico,Brazil,Mexico,0.794,1.475,18.8,28.2,53.0,18.6,3.6,6.1,53.3,7.8,10.5,28.3,71.7,"[{""score"": ""0 - 1"", ""pct"": 15.299999999999999}, {""score"": ""0 - 0"", ""pct"": 11.93}, {""score"": ""1 - 1"", ""pct"": 11.73}]"
Mexico,Colombia,Mexico,0.923,1.185,28.2,31.4,40.5,27.1,5.0,8.2,41.7,7.0,11.0,40.3,59.7,"[{""score"": ""0 - 1"", ""pct"": 14.760000000000002}, {""score"": ""0 - 0"", ""pct"": 13.530000000000001}, {""score"": ""1 - 1"", ""pct"": 13.25}]"
Mexico,Uzbekistan,Mexico,1.43,0.639,56.0,29.4,14.6,55.9,7.9,12.2,14.9,3.2,5.9,76.0,24.0,"[{""score"": ""1 - 0"", ""pct"": 18.72}, {""score"": ""0 - 0"", ""pct"": 13.68}, {""score"": ""1 - 1"", ""pct"": 12.04}]"
Mexico,Scotland,Mexico,1.435,0.865,51.0,27.4,21.6,49.2,8.1,10.4,21.6,4.6,6.1,67.7,32.3,"[{""score"": ""1 - 0"", ""pct"": 14.799999999999999}, {""score"": ""1 - 1"", ""pct"": 11.86}, {""score"": ""0 - 0"", ""pct"": 11.200000000000001}]"
Mexico,Spain,Mexico,0.816,1.616,18.4,25.4,56.2,17.2,3.6,4.9,57.4,7.7,9.1,25.8,74.2,"[{""score"": ""0 - 1"", ""pct"": 15.509999999999998}, {""score"": ""1 - 1"", ""pct"": 11.459999999999999}, {""score"": ""0 - 2"", ""pct"": 10.549999999999999}]"
Mexico,Senegal,Mexico,1.135,0.843,41.0,33.2,25.8,41.0,6.6,11.6,26.7,5.1,9.0,59.2,40.8,"[{""score"": ""0 - 0"", ""pct"": 15.61}, {""score"": ""1 - 0"", ""pct"": 15.21}, {""score"": ""1 - 1"", ""pct"": 13.33}]"
Mexico,Canada,Mexico,1.448,0.764,52.0,29.5,18.4,53.4,7.3,11.2,19.0,3.5,5.5,72.0,28.1,"[{""score"": ""1 - 0"", ""pct"": 16.09}, {""score"": ""0 - 0"", ""pct"": 13.13}, {""score"": ""1 - 1"", ""pct"": 12.25}]"
Mexico,Argentina,Mexico,0.681,1.345,17.6,29.5,52.9,18.2,3.9,6.5,51.5,7.5,12.4,28.6,71.4,"[{""score"": ""0 - 1"", ""pct"": 18.19}, {""score"": ""0 - 0"", ""pct"": 13.86}, {""score"": ""1 - 1"", ""pct"": 12.26}]"
Mexico,England,Mexico,0.773,1.302,21.0,30.1,48.9,21.3,4.4,6.6,48.3,7.4,12.0,32.4,67.6,"[{""score"": ""0 - 1"", ""pct"": 16.919999999999998}, {""score"": ""0 - 0"", ""pct"": 13.850000000000001}, {""score"": ""1 - 1"", ""pct"": 12.17}]"
Mexico,Tunisia,Mexico,1.28,0.688,50.0,31.3,18.7,49.8,7.9,12.2,19.6,3.8,6.8,69.8,30.2,"[{""score"": ""1 - 0"", ""pct"": 17.560000000000002}, {""score"": ""0 - 0"", ""pct"": 15.25}, {""score"": ""1 - 1"", ""pct"": 12.709999999999999}]"
Mexico,Turkey,Mexico,1.484,1.037,47.4,27.9,24.7,46.4,7.5,8.9,26.1,4.7,6.5,62.8,37.2,"[{""score"": ""1 - 1"", ""pct"": 12.46}, {""score"": ""1 - 0"", ""pct"": 12.3}, {""score"": ""2 - 1"", ""pct"": 9.5}]"
Mexico,Morocco,Mexico,0.857,0.896,31.5,34.9,33.6,31.1,6.2,11.3,32.9,6.2,12.2,48.6,51.4,"[{""score"": ""0 - 0"", ""pct"": 17.849999999999998}, {""score"": ""0 - 1"", ""pct"": 15.190000000000001}, {""score"": ""1 - 0"", ""pct"": 14.249999999999998}]"
Mexico,DR Congo,Mexico,1.47,0.603,58.7,27.5,13.8,58.5,8.0,12.2,13.8,2.8,4.7,78.7,21.3,"[{""score"": ""1 - 0"", ""pct"": 18.66}, {""score"": ""2 - 0"", ""pct"": 13.850000000000001}, {""score"": ""0 - 0"", ""pct"": 13.489999999999998}]"
Mexico,Norway,Mexico,1.333,1.117,40.8,28.5,30.7,41.0,6.6,9.5,29.8,5.5,7.6,57.1,42.9,"[{""score"": ""1 - 1"", ""pct"": 12.479999999999999}, {""score"": ""1 - 0"", ""pct"": 11.379999999999999}, {""score"": ""0 - 0"", ""pct"": 9.85}]"
Mexico,Japan,Mexico,1.208,0.997,40.8,30.1,29.2,40.5,6.7,10.3,29.3,5.1,8.1,57.5,42.5,"[{""score"": ""1 - 0"", ""pct"": 13.930000000000001}, {""score"": ""1 - 1"", ""pct"": 12.740000000000002}, {""score"": ""0 - 0"", ""pct"": 12.11}]"
Mexico,Qatar,Mexico,2.357,0.629,76.8,15.9,7.3,76.2,7.0,6.7,6.9,1.4,1.7,89.9,10.1,"[{""score"": ""2 - 0"", ""pct"": 14.02}, {""score"": ""1 - 0"", ""pct"": 12.57}, {""score"": ""3 - 0"", ""pct"": 10.54}]"
Mexico,Czech Republic,Mexico,1.47,0.883,50.3,28.1,21.5,51.9,6.8,10.5,20.8,4.0,6.0,69.1,30.9,"[{""score"": ""1 - 0"", ""pct"": 14.21}, {""score"": ""1 - 1"", ""pct"": 12.16}, {""score"": ""0 - 0"", ""pct"": 11.04}]"
Mexico,France,Mexico,0.882,1.338,23.5,29.5,47.0,23.1,4.6,7.0,47.5,7.2,10.5,34.8,65.2,"[{""score"": ""0 - 1"", ""pct"": 14.66}, {""score"": ""1 - 1"", ""pct"": 13.0}, {""score"": ""0 - 0"", ""pct"": 11.85}]"
Mexico,Portugal,Mexico,0.933,1.405,24.0,29.1,46.9,24.2,4.6,6.8,46.9,7.7,9.9,35.6,64.4,"[{""score"": ""0 - 1"", ""pct"": 13.41}, {""score"": ""1 - 1"", ""pct"": 12.790000000000001}, {""score"": ""0 - 0"", ""pct"": 11.04}]"
Mexico,Curaçao,Mexico,2.866,0.421,87.3,9.7,3.0,87.8,4.7,3.8,2.6,0.5,0.6,96.3,3.7,"[{""score"": ""2 - 0"", ""pct"": 16.32}, {""score"": ""3 - 0"", ""pct"": 14.41}, {""score"": ""1 - 0"", ""pct"": 11.129999999999999}]"
Mexico,Cape Verde,Mexico,1.832,0.529,69.8,20.8,9.3,69.7,7.0,9.7,9.0,1.8,2.9,86.4,13.6,"[{""score"": ""1 - 0"", ""pct"": 17.94}, {""score"": ""2 - 0"", ""pct"": 15.459999999999999}, {""score"": ""0 - 0"", ""pct"": 9.32}]"
Mexico,Panama,Mexico,1.959,0.636,69.8,20.1,10.1,68.9,6.9,8.8,10.2,2.0,3.2,84.6,15.4,"[{""score"": ""1 - 0"", ""pct"": 15.110000000000001}, {""score"": ""2 - 0"", ""pct"": 14.48}, {""score"": ""2 - 1"", ""pct"": 9.629999999999999}]"
Mexico,Ecuador,Mexico,0.954,0.883,35.2,34.3,30.5,34.8,6.8,11.2,31.5,5.2,10.4,52.8,47.2,"[{""score"": ""0 - 0"", ""pct"": 17.04}, {""score"": ""1 - 0"", ""pct"": 14.91}, {""score"": ""1 - 1"", ""pct"": 13.669999999999998}]"
Mexico,Egypt,Mexico,1.287,0.703,50.7,30.3,18.9,50.8,7.7,12.1,19.1,3.8,6.5,70.5,29.5,"[{""score"": ""1 - 0"", ""pct"": 18.23}, {""score"": ""0 - 0"", ""pct"": 14.52}, {""score"": ""1 - 1"", ""pct"": 12.26}]"
Mexico,Uruguay,Mexico,0.932,1.03,29.9,34.0,36.0,30.2,5.5,10.3,36.2,6.5,11.1,46.1,53.9,"[{""score"": ""0 - 0"", ""pct"": 15.78}, {""score"": ""1 - 1"", ""pct"": 14.16}, {""score"": ""0 - 1"", ""pct"": 14.099999999999998}]"
Mexico,Croatia,Mexico,1.104,1.099,36.0,30.1,33.9,33.7,6.3,10.0,34.6,6.2,9.2,50.0,50.0,"[{""score"": ""1 - 1"", ""pct"": 13.23}, {""score"": ""0 - 0"", ""pct"": 11.99}, {""score"": ""1 - 0"", ""pct"": 11.97}]"
Mexico,Ivory Coast,Mexico,1.295,0.766,49.4,30.4,20.2,48.6,7.4,11.8,21.1,3.9,7.2,67.8,32.2,"[{""score"": ""1 - 0"", ""pct"": 17.02}, {""score"": ""0 - 0"", ""pct"": 13.969999999999999}, {""score"": ""1 - 1"", ""pct"": 12.659999999999998}]"
Mexico,Saudi Arabia,Mexico,1.687,0.557,64.7,24.3,11.0,66.0,7.7,10.6,10.7,1.9,3.1,84.3,15.7,"[{""score"": ""1 - 0"", ""pct"": 17.919999999999998}, {""score"": ""2 - 0"", ""pct"": 14.93}, {""score"": ""0 - 0"", ""pct"": 11.32}]"
Mexico,South Africa,Mexico,1.667,0.601,63.9,24.6,11.4,63.4,7.8,10.6,11.9,2.5,3.8,81.8,18.2,"[{""score"": ""1 - 0"", ""pct"": 17.75}, {""score"": ""2 - 0"", ""pct"": 14.11}, {""score"": ""0 - 0"", ""pct"": 11.49}]"
Mexico,New Zealand,Mexico,1.858,0.435,72.0,21.0,7.0,71.9,7.4,9.6,7.4,1.3,2.3,88.9,11.1,"[{""score"": ""1 - 0"", ""pct"": 19.259999999999998}, {""score"": ""2 - 0"", ""pct"": 16.73}, {""score"": ""0 - 0"", ""pct"": 11.32}]"
Mexico,Belgium,Mexico,1.085,1.323,29.8,29.2,41.0,29.4,5.7,7.6,41.1,7.0,9.2,42.7,57.3,"[{""score"": ""1 - 1"", ""pct"": 13.56}, {""score"": ""0 - 1"", ""pct"": 12.22}, {""score"": ""0 - 0"", ""pct"": 9.790000000000001}]"
Austria,Mexico,Mexico,0.98,1.301,27.3,29.7,43.0,27.0,5.5,7.8,43.7,6.7,9.4,40.3,59.7,"[{""score"": ""0 - 1"", ""pct"": 13.26}, {""score"": ""1 - 1"", ""pct"": 13.139999999999999}, {""score"": ""0 - 0"", ""pct"": 11.52}]"
Iran,Mexico,Mexico,0.831,1.242,24.5,30.3,45.2,23.3,4.7,8.0,44.5,7.6,11.8,36.0,64.0,"[{""score"": ""0 - 1"", ""pct"": 15.68}, {""score"": ""0 - 0"", ""pct"": 13.750000000000002}, {""score"": ""1 - 1"", ""pct"": 12.33}]"
Iraq,Mexico,Mexico,0.533,1.699,10.7,23.8,65.5,9.5,2.1,3.2,67.0,7.4,10.8,14.8,85.2,"[{""score"": ""0 - 1"", ""pct"": 18.34}, {""score"": ""0 - 2"", ""pct"": 15.509999999999998}, {""score"": ""0 - 0"", ""pct"": 11.35}]"
Jordan,Mexico,Mexico,0.643,1.876,11.1,21.3,67.6,11.2,2.6,3.1,66.9,7.6,8.7,16.9,83.1,"[{""score"": ""0 - 1"", ""pct"": 15.43}, {""score"": ""0 - 2"", ""pct"": 14.299999999999999}, {""score"": ""1 - 1"", ""pct"": 9.42}]"
Ghana,Mexico,Mexico,0.648,1.68,12.6,25.0,62.5,12.7,2.7,3.9,62.6,7.8,10.3,19.3,80.7,"[{""score"": ""0 - 1"", ""pct"": 17.07}, {""score"": ""0 - 2"", ""pct"": 12.9}, {""score"": ""1 - 1"", ""pct"": 10.67}]"
Australia,Mexico,Mexico,0.825,1.265,23.4,30.5,46.2,22.0,4.7,7.9,46.4,7.0,12.0,34.6,65.4,"[{""score"": ""0 - 1"", ""pct"": 15.85}, {""score"": ""1 - 1"", ""pct"": 13.44}, {""score"": ""0 - 0"", ""pct"": 13.05}]"
Sweden,Mexico,Mexico,1.022,1.436,25.6,28.3,46.0,25.6,4.4,6.4,46.9,7.0,9.7,36.4,63.6,"[{""score"": ""0 - 1"", ""pct"": 13.05}, {""score"": ""1 - 1"", ""pct"": 12.590000000000002}, {""score"": ""0 - 0"", ""pct"": 9.73}]"
Paraguay,Mexico,Mexico,0.764,1.198,21.8,32.0,46.2,22.8,4.0,8.1,44.9,7.7,12.5,34.9,65.1,"[{""score"": ""0 - 1"", ""pct"": 17.11}, {""score"": ""0 - 0"", ""pct"": 15.129999999999999}, {""score"": ""1 - 1"", ""pct"": 13.200000000000001}]"
Switzerland,Mexico,Mexico,1.12,1.196,33.0,30.1,36.8,33.6,5.4,8.5,37.2,5.9,9.4,47.5,52.5,"[{""score"": ""1 - 1"", ""pct"": 13.5}, {""score"": ""0 - 1"", ""pct"": 12.030000000000001}, {""score"": ""0 - 0"", ""pct"": 11.34}]"
South Korea,Mexico,Mexico,0.8,1.382,20.0,29.1,50.9,20.8,4.5,6.4,49.8,7.5,11.0,31.7,68.3,"[{""score"": ""0 - 1"", ""pct"": 16.39}, {""score"": ""1 - 1"", ""pct"": 13.020000000000001}, {""score"": ""0 - 0"", ""pct"": 12.21}]"
Netherlands,Mexico,Mexico,1.366,1.109,42.1,28.3,29.5,42.2,6.7,8.6,30.4,5.1,7.0,57.5,42.5,"[{""score"": ""1 - 1"", ""pct"": 13.04}, {""score"": ""1 - 0"", ""pct"": 11.83}, {""score"": ""0 - 1"", ""pct"": 9.31}]"
United States,Mexico,Mexico,0.842,1.522,19.7,27.2,53.2,19.3,3.8,5.7,53.1,7.9,10.2,28.8,71.2,"[{""score"": ""0 - 1"", ""pct"": 14.99}, {""score"": ""1 - 1"", ""pct"": 11.42}, {""score"": ""0 - 0"", ""pct"": 10.459999999999999}]"
Haiti,Mexico,Mexico,0.561,2.611,5.3,12.9,81.7,4.7,0.9,1.0,81.9,6.2,5.2,6.7,93.3,"[{""score"": ""0 - 2"", ""pct"": 14.35}, {""score"": ""0 - 3"", ""pct"": 12.57}, {""score"": ""0 - 1"", ""pct"": 11.34}]"
Germany,Mexico,Mexico,1.504,1.179,44.5,27.4,28.1,44.7,7.0,8.1,28.6,4.9,6.7,59.8,40.2,"[{""score"": ""1 - 1"", ""pct"": 12.3}, {""score"": ""1 - 0"", ""pct"": 10.96}, {""score"": ""2 - 1"", ""pct"": 8.89}]"
Algeria,Mexico,Mexico,0.945,1.477,23.5,27.0,49.5,23.2,4.3,5.9,49.3,7.2,10.0,33.5,66.5,"[{""score"": ""0 - 1"", ""pct"": 13.34}, {""score"": ""1 - 1"", ""pct"": 11.85}, {""score"": ""0 - 0"", ""pct"": 9.43}]"
Bosnia and Herzegovina,Mexico,Mexico,0.697,1.844,12.1,22.1,65.8,12.0,2.5,3.3,65.9,7.4,8.9,17.8,82.2,"[{""score"": ""0 - 1"", ""pct"": 15.409999999999998}, {""score"": ""0 - 2"", ""pct"": 13.81}, {""score"": ""1 - 1"", ""pct"": 9.370000000000001}]"
Brazil,Mexico,Mexico,1.475,0.794,53.6,27.6,18.8,53.7,7.1,10.8,19.1,3.7,5.6,71.6,28.4,"[{""score"": ""1 - 0"", ""pct"": 15.879999999999999}, {""score"": ""1 - 1"", ""pct"": 12.030000000000001}, {""score"": ""0 - 0"", ""pct"": 11.37}]"
Colombia,Mexico,Mexico,1.185,0.923,41.9,31.1,27.1,41.2,6.8,10.9,27.6,4.7,8.8,58.9,41.1,"[{""score"": ""1 - 0"", ""pct"": 15.040000000000001}, {""score"": ""1 - 1"", ""pct"": 13.26}, {""score"": ""0 - 0"", ""pct"": 13.239999999999998}]"
Uzbekistan,Mexico,Mexico,0.639,1.43,15.8,28.2,56.0,15.5,3.0,4.9,56.7,7.7,12.2,23.4,76.6,"[{""score"": ""0 - 1"", ""pct"": 18.35}, {""score"": ""0 - 0"", ""pct"": 13.69}, {""score"": ""0 - 2"", ""pct"": 12.24}]"
Scotland,Mexico,Mexico,0.865,1.435,21.1,27.8,51.1,21.1,4.3,6.2,50.7,7.3,10.5,31.5,68.5,"[{""score"": ""0 - 1"", ""pct"": 14.39}, {""score"": ""1 - 1"", ""pct"": 12.479999999999999}, {""score"": ""0 - 0"", ""pct"": 10.639999999999999}]"
Spain,Mexico,Mexico,1.616,0.816,56.6,25.6,17.8,56.7,7.4,9.8,17.8,3.5,4.8,74.0,26.0,"[{""score"": ""1 - 0"", ""pct"": 14.249999999999998}, {""score"": ""1 - 1"", ""pct"": 11.42}, {""score"": ""2 - 0"", ""pct"": 11.24}]"
Senegal,Mexico,Mexico,0.843,1.135,25.8,33.4,40.8,25.8,5.0,8.7,42.3,7.0,11.2,39.5,60.5,"[{""score"": ""0 - 0"", ""pct"": 15.67}, {""score"": ""0 - 1"", ""pct"": 15.040000000000001}, {""score"": ""1 - 1"", ""pct"": 13.76}]"
Canada,Mexico,Mexico,0.764,1.448,18.0,29.0,53.0,18.7,3.9,6.1,53.3,7.5,10.5,28.6,71.4,"[{""score"": ""0 - 1"", ""pct"": 16.14}, {""score"": ""1 - 1"", ""pct"": 12.61}, {""score"": ""0 - 0"", ""pct"": 12.25}]"
Argentina,Mexico,Mexico,1.345,0.681,52.9,29.0,18.1,52.3,7.7,12.6,17.9,3.5,6.0,72.6,27.4,"[{""score"": ""1 - 0"", ""pct"": 18.12}, {""score"": ""0 - 0"", ""pct"": 14.02}, {""score"": ""1 - 1"", ""pct"": 11.540000000000001}]"
England,Mexico,Mexico,1.302,0.773,49.1,30.3,20.6,48.9,7.8,11.1,21.4,3.9,7.0,67.7,32.3,"[{""score"": ""1 - 0"", ""pct"": 17.11}, {""score"": ""0 - 0"", ""pct"": 14.19}, {""score"": ""1 - 1"", ""pct"": 12.13}]"
Tunisia,Mexico,Mexico,0.688,1.28,19.0,30.8,50.2,19.1,3.8,6.5,51.0,7.0,12.6,29.4,70.6,"[{""score"": ""0 - 1"", ""pct"": 17.86}, {""score"": ""0 - 0"", ""pct"": 15.590000000000002}, {""score"": ""1 - 1"", ""pct"": 12.049999999999999}]"
Turkey,Mexico,Mexico,1.037,1.484,25.1,27.9,47.0,25.7,4.6,6.4,46.9,7.3,9.1,36.7,63.3,"[{""score"": ""1 - 1"", ""pct"": 12.34}, {""score"": ""0 - 1"", ""pct"": 12.13}, {""score"": ""1 - 2"", ""pct"": 9.24}]"
Morocco,Mexico,Mexico,0.896,0.857,33.3,35.5,31.2,33.8,6.3,11.7,30.5,5.8,11.9,51.9,48.1,"[{""score"": ""0 - 0"", ""pct"": 18.37}, {""score"": ""0 - 1"", ""pct"": 14.680000000000001}, {""score"": ""1 - 0"", ""pct"": 14.580000000000002}]"
DR Congo,Mexico,Mexico,0.603,1.47,14.8,27.2,58.0,14.1,2.9,5.0,57.9,7.9,12.2,22.0,78.0,"[{""score"": ""0 - 1"", ""pct"": 18.52}, {""score"": ""0 - 0"", ""pct"": 13.530000000000001}, {""score"": ""0 - 2"", ""pct"": 12.64}]"
Norway,Mexico,Mexico,1.117,1.333,30.4,28.9,40.7,29.8,5.4,7.9,41.5,6.8,8.6,43.1,57.0,"[{""score"": ""1 - 1"", ""pct"": 13.309999999999999}, {""score"": ""0 - 1"", ""pct"": 11.37}, {""score"": ""1 - 0"", ""pct"": 9.790000000000001}]"
Japan,Mexico,Mexico,0.997,1.208,29.7,29.6,40.7,28.4,5.1,8.3,41.6,6.9,9.6,41.9,58.1,"[{""score"": ""0 - 1"", ""pct"": 13.62}, {""score"": ""1 - 1"", ""pct"": 13.139999999999999}, {""score"": ""0 - 0"", ""pct"": 11.75}]"
Qatar,Mexico,Mexico,0.629,2.357,7.3,15.8,76.9,6.9,1.5,1.7,76.7,6.9,6.3,10.1,89.9,"[{""score"": ""0 - 2"", ""pct"": 13.700000000000001}, {""score"": ""0 - 1"", ""pct"": 13.139999999999999}, {""score"": ""0 - 3"", ""pct"": 10.95}]"
Czech Republic,Mexico,Mexico,0.883,1.47,21.3,27.6,51.0,21.1,4.1,6.5,50.8,7.3,10.3,31.6,68.4,"[{""score"": ""0 - 1"", ""pct"": 14.899999999999999}, {""score"": ""1 - 1"", ""pct"": 12.13}, {""score"": ""0 - 0"", ""pct"": 10.56}]"
France,Mexico,Mexico,1.338,0.882,47.4,28.7,23.8,47.6,6.6,10.5,23.8,4.3,7.1,64.8,35.2,"[{""score"": ""1 - 0"", ""pct"": 14.799999999999999}, {""score"": ""1 - 1"", ""pct"": 12.559999999999999}, {""score"": ""0 - 0"", ""pct"": 11.65}]"
Portugal,Mexico,Mexico,1.405,0.933,48.1,28.8,23.1,47.8,7.6,9.8,23.4,4.3,7.2,65.2,34.8,"[{""score"": ""1 - 0"", ""pct"": 14.099999999999998}, {""score"": ""1 - 1"", ""pct"": 12.690000000000001}, {""score"": ""0 - 0"", ""pct"": 10.79}]"
Curaçao,Mexico,Mexico,0.421,2.866,2.4,9.5,88.1,2.9,0.5,0.5,87.2,4.8,4.0,3.9,96.1,"[{""score"": ""0 - 2"", ""pct"": 15.160000000000002}, {""score"": ""0 - 3"", ""pct"": 14.46}, {""score"": ""0 - 1"", ""pct"": 10.99}]"
Cape Verde,Mexico,Mexico,0.529,1.832,8.8,21.7,69.5,8.5,1.7,2.9,69.4,7.6,9.9,13.1,86.9,"[{""score"": ""0 - 1"", ""pct"": 18.029999999999998}, {""score"": ""0 - 2"", ""pct"": 15.870000000000001}, {""score"": ""0 - 0"", ""pct"": 10.26}]"
Panama,Mexico,Mexico,0.636,1.959,10.2,20.9,68.9,9.7,2.2,2.6,69.6,7.4,8.4,14.6,85.4,"[{""score"": ""0 - 1"", ""pct"": 14.96}, {""score"": ""0 - 2"", ""pct"": 14.14}, {""score"": ""1 - 2"", ""pct"": 9.229999999999999}]"
Ecuador,Mexico,Mexico,0.883,0.954,31.5,34.1,34.4,31.2,5.0,10.9,35.0,5.9,12.0,47.1,52.9,"[{""score"": ""0 - 0"", ""pct"": 17.22}, {""score"": ""0 - 1"", ""pct"": 14.99}, {""score"": ""1 - 0"", ""pct"": 13.91}]"
Egypt,Mexico,Mexico,0.703,1.287,20.0,30.4,49.7,19.7,3.9,6.8,50.4,7.4,11.8,30.4,69.6,"[{""score"": ""0 - 1"", ""pct"": 17.72}, {""score"": ""0 - 0"", ""pct"": 14.610000000000001}, {""score"": ""1 - 1"", ""pct"": 12.29}]"
Uruguay,Mexico,Mexico,1.03,0.932,37.1,32.4,30.6,36.7,6.9,10.7,30.1,5.6,9.9,54.3,45.7,"[{""score"": ""0 - 0"", ""pct"": 15.110000000000001}, {""score"": ""1 - 0"", ""pct"": 14.08}, {""score"": ""1 - 1"", ""pct"": 13.469999999999999}]"
Croatia,Mexico,Mexico,1.099,1.104,35.4,30.8,33.9,34.7,5.9,9.2,34.3,6.4,9.5,49.8,50.2,"[{""score"": ""1 - 1"", ""pct"": 13.13}, {""score"": ""1 - 0"", ""pct"": 12.44}, {""score"": ""0 - 0"", ""pct"": 12.07}]"
Ivory Coast,Mexico,Mexico,0.766,1.295,20.6,31.1,48.4,20.9,4.2,7.0,48.6,7.5,11.7,32.2,67.8,"[{""score"": ""0 - 1"", ""pct"": 16.8}, {""score"": ""0 - 0"", ""pct"": 14.42}, {""score"": ""1 - 1"", ""pct"": 13.04}]"
Saudi Arabia,Mexico,Mexico,0.557,1.687,11.0,24.2,64.8,10.5,1.9,3.7,66.0,7.4,10.5,16.1,83.9,"[{""score"": ""0 - 1"", ""pct"": 17.7}, {""score"": ""0 - 2"", ""pct"": 14.649999999999999}, {""score"": ""0 - 0"", ""pct"": 11.59}]"
South Africa,Mexico,Mexico,0.601,1.667,11.9,24.4,63.6,12.5,2.4,3.4,63.5,7.9,10.3,18.3,81.7,"[{""score"": ""0 - 1"", ""pct"": 17.21}, {""score"": ""0 - 2"", ""pct"": 14.19}, {""score"": ""0 - 0"", ""pct"": 11.76}]"
New Zealand,Mexico,Mexico,0.435,1.858,6.8,20.2,73.0,7.0,1.4,2.4,72.2,7.2,9.7,10.9,89.1,"[{""score"": ""0 - 1"", ""pct"": 19.77}, {""score"": ""0 - 2"", ""pct"": 16.93}, {""score"": ""0 - 0"", ""pct"": 10.290000000000001}]"
Belgium,Mexico,Mexico,1.323,1.085,41.4,28.8,29.7,40.9,6.7,9.2,30.3,5.1,7.7,56.9,43.1,"[{""score"": ""1 - 1"", ""pct"": 12.82}, {""score"": ""1 - 0"", ""pct"": 11.790000000000001}, {""score"": ""0 - 0"", ""pct"": 10.040000000000001}]"
Canada,Austria,Canada,1.188,1.199,35.2,29.0,35.8,35.4,6.2,8.6,35.3,5.9,8.6,50.1,49.9,"[{""score"": ""1 - 1"", ""pct"": 12.82}, {""score"": ""1 - 0"", ""pct"": 11.23}, {""score"": ""0 - 1"", ""pct"": 11.19}]"
Canada,Iran,Canada,1.134,1.017,38.0,31.0,31.0,36.8,6.4,10.1,32.1,5.7,8.9,53.3,46.7,"[{""score"": ""1 - 1"", ""pct"": 13.700000000000001}, {""score"": ""1 - 0"", ""pct"": 13.239999999999998}, {""score"": ""0 - 0"", ""pct"": 12.45}]"
Canada,Iraq,Canada,1.552,0.652,58.7,27.3,14.0,58.5,8.0,10.8,14.9,3.0,4.7,77.3,22.6,"[{""score"": ""1 - 0"", ""pct"": 16.74}, {""score"": ""2 - 0"", ""pct"": 13.65}, {""score"": ""0 - 0"", ""pct"": 12.61}]"
Canada,Jordan,Canada,1.714,0.787,59.0,25.0,16.0,59.5,7.4,9.5,16.1,3.2,4.2,76.5,23.5,"[{""score"": ""1 - 0"", ""pct"": 14.430000000000001}, {""score"": ""2 - 0"", ""pct"": 11.31}, {""score"": ""1 - 1"", ""pct"": 11.129999999999999}]"
Canada,Ghana,Canada,1.535,0.793,54.1,27.3,18.7,54.1,7.8,10.9,18.4,3.3,5.5,72.8,27.2,"[{""score"": ""1 - 0"", ""pct"": 14.81}, {""score"": ""1 - 1"", ""pct"": 11.559999999999999}, {""score"": ""0 - 0"", ""pct"": 11.200000000000001}]"
Canada,Australia,Canada,1.155,1.01,38.0,31.7,30.3,39.0,6.5,9.7,30.8,5.9,8.1,55.2,44.8,"[{""score"": ""1 - 1"", ""pct"": 13.41}, {""score"": ""0 - 0"", ""pct"": 13.309999999999999}, {""score"": ""1 - 0"", ""pct"": 12.879999999999999}]"
Canada,Sweden,Canada,1.311,1.251,37.8,27.4,34.8,36.8,6.0,8.1,35.0,5.8,8.3,50.9,49.1,"[{""score"": ""1 - 1"", ""pct"": 12.3}, {""score"": ""1 - 0"", ""pct"": 10.440000000000001}, {""score"": ""0 - 1"", ""pct"": 9.969999999999999}]"
Canada,Paraguay,Canada,1.094,0.934,39.1,31.5,29.4,38.6,6.8,10.4,29.4,5.2,9.5,55.8,44.2,"[{""score"": ""1 - 0"", ""pct"": 14.540000000000001}, {""score"": ""0 - 0"", ""pct"": 14.42}, {""score"": ""1 - 1"", ""pct"": 13.05}]"
Canada,Switzerland,Canada,1.092,1.37,28.4,29.2,42.4,28.8,5.5,7.4,42.8,6.6,8.8,41.8,58.2,"[{""score"": ""1 - 1"", ""pct"": 12.920000000000002}, {""score"": ""0 - 1"", ""pct"": 11.57}, {""score"": ""0 - 0"", ""pct"": 9.89}]"
Canada,South Korea,Canada,1.262,0.979,41.5,30.6,28.0,42.5,6.6,10.2,28.0,4.8,7.9,59.3,40.7,"[{""score"": ""1 - 1"", ""pct"": 13.34}, {""score"": ""1 - 0"", ""pct"": 13.13}, {""score"": ""0 - 0"", ""pct"": 12.1}]"
Canada,Netherlands,Canada,1.013,1.672,22.5,25.4,52.0,21.3,4.3,5.2,52.7,8.0,8.4,30.8,69.2,"[{""score"": ""0 - 1"", ""pct"": 11.61}, {""score"": ""1 - 1"", ""pct"": 11.07}, {""score"": ""1 - 2"", ""pct"": 9.62}]"
Canada,United States,Canada,1.39,1.03,44.7,28.0,27.3,45.0,6.8,9.4,27.2,4.6,7.0,61.1,38.9,"[{""score"": ""1 - 1"", ""pct"": 12.509999999999998}, {""score"": ""1 - 0"", ""pct"": 12.32}, {""score"": ""0 - 0"", ""pct"": 9.59}]"
Canada,Haiti,Canada,2.385,0.686,76.2,16.2,7.6,75.9,6.6,5.9,8.0,1.7,1.9,88.4,11.6,"[{""score"": ""2 - 0"", ""pct"": 12.68}, {""score"": ""1 - 0"", ""pct"": 11.57}, {""score"": ""3 - 0"", ""pct"": 10.36}]"
Canada,Germany,Canada,1.077,1.84,21.3,24.2,54.5,21.6,3.4,4.9,54.8,7.6,7.7,29.9,70.1,"[{""score"": ""1 - 1"", ""pct"": 10.91}, {""score"": ""0 - 1"", ""pct"": 10.25}, {""score"": ""1 - 2"", ""pct"": 9.33}]"
Canada,Algeria,Canada,1.349,1.157,39.9,28.3,31.9,40.5,6.3,8.6,30.8,6.0,7.8,55.5,44.5,"[{""score"": ""1 - 1"", ""pct"": 12.5}, {""score"": ""1 - 0"", ""pct"": 10.85}, {""score"": ""0 - 0"", ""pct"": 9.48}]"
Canada,Bosnia and Herzegovina,Canada,1.685,0.853,56.4,25.4,18.2,57.3,7.4,9.8,17.6,3.1,4.8,74.5,25.5,"[{""score"": ""1 - 0"", ""pct"": 13.100000000000001}, {""score"": ""1 - 1"", ""pct"": 11.74}, {""score"": ""2 - 0"", ""pct"": 10.97}]"
Canada,Brazil,Canada,0.725,1.806,12.8,23.7,63.4,13.4,2.7,3.7,63.4,7.5,9.3,19.8,80.2,"[{""score"": ""0 - 1"", ""pct"": 14.680000000000001}, {""score"": ""0 - 2"", ""pct"": 12.559999999999999}, {""score"": ""1 - 1"", ""pct"": 10.4}]"
Canada,Colombia,Canada,0.843,1.45,20.8,27.8,51.4,21.1,4.0,6.1,50.9,7.4,10.5,31.2,68.8,"[{""score"": ""0 - 1"", ""pct"": 15.1}, {""score"": ""1 - 1"", ""pct"": 12.47}, {""score"": ""0 - 0"", ""pct"": 10.94}]"
Canada,Uzbekistan,Canada,1.306,0.781,49.4,29.3,21.3,48.6,7.1,11.5,22.1,4.0,6.8,67.2,32.8,"[{""score"": ""1 - 0"", ""pct"": 16.77}, {""score"": ""0 - 0"", ""pct"": 12.659999999999998}, {""score"": ""1 - 1"", ""pct"": 12.379999999999999}]"
Canada,Scotland,Canada,1.31,1.059,42.2,29.3,28.5,41.3,7.0,9.6,29.3,5.5,7.3,57.9,42.0,"[{""score"": ""1 - 1"", ""pct"": 13.100000000000001}, {""score"": ""1 - 0"", ""pct"": 12.34}, {""score"": ""0 - 0"", ""pct"": 10.61}]"
Canada,Spain,Canada,0.745,1.978,11.7,21.1,67.2,11.1,2.4,3.5,67.0,7.6,8.3,17.0,83.0,"[{""score"": ""0 - 1"", ""pct"": 13.33}, {""score"": ""0 - 2"", ""pct"": 12.93}, {""score"": ""1 - 2"", ""pct"": 9.8}]"
Canada,Senegal,Canada,1.037,1.032,33.8,32.2,34.0,34.5,6.0,10.2,33.6,6.1,9.6,50.7,49.3,"[{""score"": ""0 - 0"", ""pct"": 14.39}, {""score"": ""1 - 1"", ""pct"": 13.200000000000001}, {""score"": ""1 - 0"", ""pct"": 12.790000000000001}]"
Canada,Argentina,Canada,0.622,1.646,13.1,24.1,62.9,12.6,2.5,3.9,62.3,7.9,10.8,19.0,81.0,"[{""score"": ""0 - 1"", ""pct"": 17.73}, {""score"": ""0 - 2"", ""pct"": 14.299999999999999}, {""score"": ""1 - 1"", ""pct"": 10.58}]"
Canada,England,Canada,0.706,1.594,15.7,25.8,58.6,15.8,3.1,4.6,58.1,7.9,10.5,23.6,76.4,"[{""score"": ""0 - 1"", ""pct"": 16.42}, {""score"": ""0 - 2"", ""pct"": 11.84}, {""score"": ""1 - 1"", ""pct"": 11.29}]"
Canada,Tunisia,Canada,1.169,0.842,42.4,32.1,25.5,42.7,7.2,11.9,25.4,4.7,8.1,61.8,38.2,"[{""score"": ""1 - 0"", ""pct"": 15.740000000000002}, {""score"": ""0 - 0"", ""pct"": 14.42}, {""score"": ""1 - 1"", ""pct"": 13.56}]"
Canada,Turkey,Canada,1.355,1.269,38.2,27.6,34.2,37.9,6.5,8.0,34.4,5.9,7.2,52.5,47.5,"[{""score"": ""1 - 1"", ""pct"": 12.809999999999999}, {""score"": ""1 - 0"", ""pct"": 9.62}, {""score"": ""0 - 1"", ""pct"": 9.54}]"
Canada,Morocco,Canada,0.783,1.096,24.8,33.1,42.0,24.9,4.6,8.5,42.6,7.1,12.3,38.0,62.0,"[{""score"": ""0 - 0"", ""pct"": 16.74}, {""score"": ""0 - 1"", ""pct"": 16.23}, {""score"": ""1 - 1"", ""pct"": 12.889999999999999}]"
Canada,Mexico,Canada,1.081,1.023,34.8,31.9,33.4,35.3,6.1,9.6,33.0,6.2,9.9,51.0,49.0,"[{""score"": ""1 - 1"", ""pct"": 13.74}, {""score"": ""0 - 0"", ""pct"": 13.38}, {""score"": ""0 - 1"", ""pct"": 12.280000000000001}]"
Canada,DR Congo,Canada,1.342,0.738,51.5,29.1,19.4,51.6,7.3,11.6,19.5,3.7,6.3,70.6,29.4,"[{""score"": ""1 - 0"", ""pct"": 17.31}, {""score"": ""0 - 0"", ""pct"": 13.43}, {""score"": ""1 - 1"", ""pct"": 11.940000000000001}]"
Canada,Norway,Canada,1.217,1.367,33.1,28.6,38.3,32.7,5.6,7.4,39.4,7.1,7.9,45.7,54.3,"[{""score"": ""1 - 1"", ""pct"": 13.889999999999999}, {""score"": ""0 - 1"", ""pct"": 10.03}, {""score"": ""1 - 0"", ""pct"": 9.47}]"
Canada,Japan,Canada,1.103,1.22,32.3,29.4,38.3,31.7,5.7,8.3,38.0,6.4,9.9,45.7,54.3,"[{""score"": ""1 - 1"", ""pct"": 13.34}, {""score"": ""0 - 1"", ""pct"": 12.590000000000002}, {""score"": ""1 - 0"", ""pct"": 10.48}]"
Canada,Qatar,Canada,2.152,0.769,70.3,19.4,10.3,69.1,7.5,7.3,11.0,2.3,2.8,83.9,16.1,"[{""score"": ""2 - 0"", ""pct"": 12.57}, {""score"": ""1 - 0"", ""pct"": 12.23}, {""score"": ""2 - 1"", ""pct"": 10.05}]"
Canada,Czech Republic,Canada,1.343,1.081,42.2,29.0,28.8,41.8,6.7,9.2,29.1,5.3,8.0,57.6,42.4,"[{""score"": ""1 - 1"", ""pct"": 13.04}, {""score"": ""1 - 0"", ""pct"": 12.32}, {""score"": ""0 - 0"", ""pct"": 9.790000000000001}]"
Canada,France,Canada,0.805,1.638,17.1,25.3,57.5,17.7,3.3,4.9,56.6,7.3,10.2,25.8,74.2,"[{""score"": ""0 - 1"", ""pct"": 14.540000000000001}, {""score"": ""1 - 1"", ""pct"": 11.63}, {""score"": ""0 - 2"", ""pct"": 11.35}]"
Canada,Portugal,Canada,0.853,1.72,16.9,24.8,58.4,17.1,3.5,4.7,58.0,7.8,9.0,25.3,74.7,"[{""score"": ""0 - 1"", ""pct"": 13.139999999999999}, {""score"": ""1 - 1"", ""pct"": 11.3}, {""score"": ""0 - 2"", ""pct"": 11.09}]"
Canada,Curaçao,Canada,2.618,0.515,83.4,12.4,4.2,83.1,5.7,5.0,4.5,0.8,1.0,93.7,6.2,"[{""score"": ""2 - 0"", ""pct"": 15.14}, {""score"": ""3 - 0"", ""pct"": 13.36}, {""score"": ""1 - 0"", ""pct"": 12.22}]"
Canada,Cape Verde,Canada,1.673,0.648,62.3,24.9,12.8,62.5,7.9,10.5,12.9,2.6,3.7,80.9,19.1,"[{""score"": ""1 - 0"", ""pct"": 16.29}, {""score"": ""2 - 0"", ""pct"": 13.68}, {""score"": ""1 - 1"", ""pct"": 10.7}]"
Canada,Panama,Canada,1.789,0.778,61.3,23.6,15.0,61.6,8.1,9.1,14.6,2.8,3.8,78.8,21.2,"[{""score"": ""1 - 0"", ""pct"": 13.61}, {""score"": ""2 - 0"", ""pct"": 12.4}, {""score"": ""1 - 1"", ""pct"": 10.12}]"
Canada,Ecuador,Canada,0.872,1.081,28.1,32.8,39.1,27.5,5.1,9.8,39.2,6.7,11.6,42.5,57.5,"[{""score"": ""0 - 1"", ""pct"": 15.509999999999998}, {""score"": ""0 - 0"", ""pct"": 15.0}, {""score"": ""1 - 1"", ""pct"": 13.8}]"
Canada,Egypt,Canada,1.176,0.861,42.6,31.3,26.1,42.7,7.7,11.5,25.3,4.8,8.0,61.9,38.1,"[{""score"": ""1 - 0"", ""pct"": 15.509999999999998}, {""score"": ""0 - 0"", ""pct"": 14.299999999999999}, {""score"": ""1 - 1"", ""pct"": 12.86}]"
Canada,Uruguay,Canada,0.852,1.26,24.1,30.9,45.0,23.4,4.6,7.8,46.5,6.7,11.0,35.8,64.2,"[{""score"": ""0 - 1"", ""pct"": 15.73}, {""score"": ""1 - 1"", ""pct"": 13.459999999999999}, {""score"": ""0 - 0"", ""pct"": 13.320000000000002}]"
Canada,Croatia,Canada,1.008,1.345,26.5,29.0,44.5,26.7,5.1,7.4,44.0,7.0,9.8,39.3,60.7,"[{""score"": ""0 - 1"", ""pct"": 13.900000000000002}, {""score"": ""1 - 1"", ""pct"": 12.53}, {""score"": ""0 - 0"", ""pct"": 10.8}]"
Canada,Ivory Coast,Canada,1.183,0.937,41.5,30.8,27.7,40.1,7.2,10.8,28.1,5.3,8.5,58.1,41.9,"[{""score"": ""1 - 0"", ""pct"": 14.610000000000001}, {""score"": ""1 - 1"", ""pct"": 13.33}, {""score"": ""0 - 0"", ""pct"": 12.9}]"
Canada,Saudi Arabia,Canada,1.541,0.681,57.7,27.3,15.0,58.1,7.4,11.3,15.6,3.0,4.7,76.8,23.2,"[{""score"": ""1 - 0"", ""pct"": 16.72}, {""score"": ""2 - 0"", ""pct"": 12.4}, {""score"": ""0 - 0"", ""pct"": 12.26}]"
Canada,South Africa,Canada,1.523,0.735,56.1,27.5,16.4,55.5,8.1,10.7,17.4,3.2,5.1,74.3,25.7,"[{""score"": ""1 - 0"", ""pct"": 16.59}, {""score"": ""0 - 0"", ""pct"": 12.61}, {""score"": ""2 - 0"", ""pct"": 11.74}]"
Canada,New Zealand,Canada,1.697,0.533,65.9,23.8,10.3,66.7,7.6,10.4,9.8,2.2,3.3,84.7,15.3,"[{""score"": ""1 - 0"", ""pct"": 18.43}, {""score"": ""2 - 0"", ""pct"": 15.18}, {""score"": ""0 - 0"", ""pct"": 11.76}]"
Canada,Belgium,Canada,0.991,1.619,21.8,26.3,51.9,21.9,4.1,5.6,51.9,7.3,9.2,31.6,68.4,"[{""score"": ""1 - 1"", ""pct"": 12.16}, {""score"": ""0 - 1"", ""pct"": 12.139999999999999}, {""score"": ""1 - 2"", ""pct"": 9.75}]"
Austria,Canada,Canada,1.199,1.188,35.3,29.3,35.4,35.8,5.7,8.3,35.7,5.7,8.8,49.8,50.2,"[{""score"": ""1 - 1"", ""pct"": 12.73}, {""score"": ""1 - 0"", ""pct"": 11.219999999999999}, {""score"": ""0 - 1"", ""pct"": 10.74}]"
Iran,Canada,Canada,1.017,1.134,31.7,31.2,37.1,31.2,5.8,9.1,37.2,6.4,10.4,46.0,54.0,"[{""score"": ""1 - 1"", ""pct"": 13.33}, {""score"": ""0 - 0"", ""pct"": 13.15}, {""score"": ""0 - 1"", ""pct"": 12.91}]"
Iraq,Canada,Canada,0.652,1.552,14.1,26.3,59.6,14.7,2.8,5.1,58.8,7.8,10.9,22.5,77.5,"[{""score"": ""0 - 1"", ""pct"": 18.44}, {""score"": ""0 - 2"", ""pct"": 12.65}, {""score"": ""0 - 0"", ""pct"": 11.95}]"
Jordan,Canada,Canada,0.787,1.714,15.0,24.7,60.3,15.6,3.2,4.3,59.6,7.8,9.6,23.1,77.0,"[{""score"": ""0 - 1"", ""pct"": 14.69}, {""score"": ""0 - 2"", ""pct"": 12.06}, {""score"": ""1 - 1"", ""pct"": 10.43}]"
Ghana,Canada,Canada,0.793,1.535,18.0,26.5,55.5,18.7,3.6,5.6,53.8,7.6,10.7,27.9,72.1,"[{""score"": ""0 - 1"", ""pct"": 15.310000000000002}, {""score"": ""1 - 1"", ""pct"": 11.66}, {""score"": ""0 - 2"", ""pct"": 10.89}]"
Australia,Canada,Canada,1.01,1.155,30.8,30.2,39.0,30.8,5.8,8.6,38.6,6.0,10.3,45.1,54.9,"[{""score"": ""0 - 1"", ""pct"": 13.44}, {""score"": ""1 - 1"", ""pct"": 12.86}, {""score"": ""0 - 0"", ""pct"": 12.590000000000002}]"
Sweden,Canada,Canada,1.251,1.311,34.8,27.2,38.0,33.6,6.2,7.8,37.5,6.8,8.1,47.6,52.4,"[{""score"": ""1 - 1"", ""pct"": 12.26}, {""score"": ""0 - 1"", ""pct"": 10.34}, {""score"": ""1 - 0"", ""pct"": 9.64}]"
Paraguay,Canada,Canada,0.934,1.094,30.0,31.6,38.4,28.7,5.7,8.8,39.3,6.9,10.6,43.2,56.8,"[{""score"": ""0 - 0"", ""pct"": 14.49}, {""score"": ""0 - 1"", ""pct"": 13.930000000000001}, {""score"": ""1 - 1"", ""pct"": 13.15}]"
Switzerland,Canada,Canada,1.37,1.092,42.2,28.8,29.0,42.9,7.4,9.1,28.7,5.2,6.8,59.3,40.7,"[{""score"": ""1 - 1"", ""pct"": 12.9}, {""score"": ""1 - 0"", ""pct"": 11.17}, {""score"": ""0 - 0"", ""pct"": 9.610000000000001}]"
South Korea,Canada,Canada,0.979,1.262,28.7,29.8,41.4,27.8,5.1,7.5,42.4,7.0,10.1,40.5,59.5,"[{""score"": ""1 - 1"", ""pct"": 13.84}, {""score"": ""0 - 1"", ""pct"": 12.6}, {""score"": ""0 - 0"", ""pct"": 11.37}]"
Netherlands,Canada,Canada,1.672,1.013,52.5,25.4,22.1,52.9,7.5,8.6,21.9,3.9,5.3,69.0,31.0,"[{""score"": ""1 - 0"", ""pct"": 11.450000000000001}, {""score"": ""1 - 1"", ""pct"": 11.200000000000001}, {""score"": ""2 - 1"", ""pct"": 9.719999999999999}]"
United States,Canada,Canada,1.03,1.39,27.1,27.7,45.1,26.6,5.0,7.3,44.4,7.1,9.6,38.9,61.1,"[{""score"": ""0 - 1"", ""pct"": 12.520000000000001}, {""score"": ""1 - 1"", ""pct"": 11.959999999999999}, {""score"": ""0 - 0"", ""pct"": 9.82}]"
Haiti,Canada,Canada,0.686,2.385,7.7,16.6,75.7,8.1,1.6,1.9,75.7,6.7,6.0,11.6,88.4,"[{""score"": ""0 - 2"", ""pct"": 12.68}, {""score"": ""0 - 1"", ""pct"": 11.84}, {""score"": ""0 - 3"", ""pct"": 10.82}]"
Germany,Canada,Canada,1.84,1.077,55.4,24.0,20.6,54.9,7.4,7.6,21.8,4.0,4.5,69.8,30.2,"[{""score"": ""1 - 0"", ""pct"": 11.08}, {""score"": ""1 - 1"", ""pct"": 10.97}, {""score"": ""2 - 1"", ""pct"": 9.53}]"
Algeria,Canada,Canada,1.157,1.349,31.1,28.4,40.5,31.1,5.0,7.5,41.0,6.7,8.7,43.5,56.5,"[{""score"": ""1 - 1"", ""pct"": 13.04}, {""score"": ""0 - 1"", ""pct"": 11.37}, {""score"": ""1 - 0"", ""pct"": 9.44}]"
Bosnia and Herzegovina,Canada,Canada,0.853,1.685,17.0,24.8,58.2,17.5,3.7,4.8,56.9,7.7,9.5,25.9,74.1,"[{""score"": ""0 - 1"", ""pct"": 13.639999999999999}, {""score"": ""0 - 2"", ""pct"": 11.18}, {""score"": ""1 - 1"", ""pct"": 10.93}]"
Brazil,Canada,Canada,1.806,0.725,62.9,23.7,13.4,63.0,8.2,9.4,13.1,2.4,3.9,80.5,19.4,"[{""score"": ""1 - 0"", ""pct"": 14.62}, {""score"": ""2 - 0"", ""pct"": 12.41}, {""score"": ""1 - 1"", ""pct"": 10.18}]"
Colombia,Canada,Canada,1.45,0.843,50.9,28.3,20.8,51.2,7.6,10.4,20.4,4.0,6.3,69.2,30.8,"[{""score"": ""1 - 0"", ""pct"": 14.56}, {""score"": ""1 - 1"", ""pct"": 12.49}, {""score"": ""0 - 0"", ""pct"": 11.14}]"
Uzbekistan,Canada,Canada,0.781,1.306,21.4,30.5,48.1,21.8,4.2,6.8,48.7,7.1,11.3,32.9,67.1,"[{""score"": ""0 - 1"", ""pct"": 16.55}, {""score"": ""0 - 0"", ""pct"": 13.639999999999999}, {""score"": ""1 - 1"", ""pct"": 12.879999999999999}]"
Scotland,Canada,Canada,1.059,1.31,30.0,29.0,41.0,28.8,5.7,7.8,42.4,6.4,8.9,42.3,57.7,"[{""score"": ""1 - 1"", ""pct"": 13.34}, {""score"": ""0 - 1"", ""pct"": 12.06}, {""score"": ""0 - 0"", ""pct"": 10.27}]"
Spain,Canada,Canada,1.978,0.745,66.5,21.7,11.8,66.7,7.6,8.4,11.6,2.5,3.3,82.7,17.3,"[{""score"": ""1 - 0"", ""pct"": 13.5}, {""score"": ""2 - 0"", ""pct"": 12.97}, {""score"": ""1 - 1"", ""pct"": 9.950000000000001}]"
Senegal,Canada,Canada,1.032,1.037,33.6,31.4,35.1,34.1,6.2,9.7,33.6,6.2,10.2,49.9,50.1,"[{""score"": ""0 - 1"", ""pct"": 13.71}, {""score"": ""1 - 1"", ""pct"": 13.530000000000001}, {""score"": ""0 - 0"", ""pct"": 13.170000000000002}]"
Argentina,Canada,Canada,1.646,0.622,62.6,24.9,12.4,61.5,7.9,10.8,13.0,2.9,3.8,80.2,19.8,"[{""score"": ""1 - 0"", ""pct"": 17.740000000000002}, {""score"": ""2 - 0"", ""pct"": 14.11}, {""score"": ""0 - 0"", ""pct"": 11.44}]"
England,Canada,Canada,1.594,0.706,58.8,26.2,15.0,58.1,8.1,11.1,14.8,3.1,4.7,77.3,22.7,"[{""score"": ""1 - 0"", ""pct"": 16.17}, {""score"": ""2 - 0"", ""pct"": 12.4}, {""score"": ""1 - 1"", ""pct"": 11.19}]"
Tunisia,Canada,Canada,0.842,1.169,25.2,31.6,43.1,25.5,5.1,8.6,43.1,6.5,11.1,39.2,60.8,"[{""score"": ""0 - 1"", ""pct"": 15.590000000000002}, {""score"": ""0 - 0"", ""pct"": 14.66}, {""score"": ""1 - 1"", ""pct"": 12.950000000000001}]"
Turkey,Canada,Canada,1.269,1.355,34.1,28.2,37.7,34.1,5.9,7.1,39.0,5.9,8.1,47.1,52.9,"[{""score"": ""1 - 1"", ""pct"": 13.08}, {""score"": ""0 - 1"", ""pct"": 10.56}, {""score"": ""1 - 0"", ""pct"": 8.94}]"
Morocco,Canada,Canada,1.096,0.783,42.0,32.8,25.2,41.3,7.2,12.7,25.3,4.7,8.8,61.2,38.8,"[{""score"": ""1 - 0"", ""pct"": 16.64}, {""score"": ""0 - 0"", ""pct"": 16.02}, {""score"": ""1 - 1"", ""pct"": 13.170000000000002}]"
Mexico,Canada,Canada,1.023,1.081,32.4,31.7,35.9,32.1,6.4,9.6,35.6,6.1,10.3,48.0,52.0,"[{""score"": ""1 - 1"", ""pct"": 13.8}, {""score"": ""0 - 1"", ""pct"": 13.29}, {""score"": ""0 - 0"", ""pct"": 13.200000000000001}]"
DR Congo,Canada,Canada,0.738,1.342,19.5,29.7,50.8,19.8,3.6,6.4,50.6,7.3,12.3,29.8,70.2,"[{""score"": ""0 - 1"", ""pct"": 17.130000000000003}, {""score"": ""0 - 0"", ""pct"": 13.4}, {""score"": ""1 - 1"", ""pct"": 12.67}]"
Norway,Canada,Canada,1.367,1.217,40.2,27.8,32.0,38.9,6.7,7.7,33.5,5.6,7.5,53.3,46.7,"[{""score"": ""1 - 1"", ""pct"": 13.089999999999998}, {""score"": ""1 - 0"", ""pct"": 10.639999999999999}, {""score"": ""0 - 1"", ""pct"": 8.91}]"
Japan,Canada,Canada,1.22,1.103,37.4,30.3,32.4,38.0,6.6,9.2,32.4,5.5,8.2,53.8,46.2,"[{""score"": ""1 - 1"", ""pct"": 13.750000000000002}, {""score"": ""1 - 0"", ""pct"": 11.83}, {""score"": ""0 - 0"", ""pct"": 11.04}]"
Qatar,Canada,Canada,0.769,2.152,11.1,18.9,70.0,11.1,2.3,2.6,69.3,7.3,7.4,16.0,84.0,"[{""score"": ""0 - 2"", ""pct"": 12.690000000000001}, {""score"": ""0 - 1"", ""pct"": 12.25}, {""score"": ""1 - 2"", ""pct"": 9.879999999999999}]"
Czech Republic,Canada,Canada,1.081,1.343,28.9,28.6,42.4,29.8,5.2,7.2,42.2,6.7,9.0,42.1,57.9,"[{""score"": ""1 - 1"", ""pct"": 13.04}, {""score"": ""0 - 1"", ""pct"": 12.15}, {""score"": ""0 - 0"", ""pct"": 9.78}]"
France,Canada,Canada,1.638,0.805,57.5,25.4,17.1,56.2,7.7,10.2,17.5,3.6,4.8,74.2,25.9,"[{""score"": ""1 - 0"", ""pct"": 14.860000000000001}, {""score"": ""1 - 1"", ""pct"": 11.37}, {""score"": ""2 - 0"", ""pct"": 11.23}]"
Portugal,Canada,Canada,1.72,0.853,58.1,24.6,17.3,58.0,7.1,8.9,18.0,3.4,4.6,74.0,26.0,"[{""score"": ""1 - 0"", ""pct"": 13.62}, {""score"": ""1 - 1"", ""pct"": 11.28}, {""score"": ""2 - 0"", ""pct"": 11.14}]"
Curaçao,Canada,Canada,0.515,2.618,4.0,12.9,83.1,4.2,0.9,1.0,83.2,5.5,5.2,6.1,93.9,"[{""score"": ""0 - 2"", ""pct"": 14.81}, {""score"": ""0 - 3"", ""pct"": 12.67}, {""score"": ""0 - 1"", ""pct"": 12.26}]"
Cape Verde,Canada,Canada,0.648,1.673,12.9,24.5,62.6,13.2,2.6,3.9,61.9,7.7,10.6,19.8,80.2,"[{""score"": ""0 - 1"", ""pct"": 16.82}, {""score"": ""0 - 2"", ""pct"": 13.07}, {""score"": ""0 - 0"", ""pct"": 10.870000000000001}]"
Panama,Canada,Canada,0.778,1.789,14.8,23.5,61.7,14.9,2.8,3.9,61.3,7.8,9.2,21.6,78.4,"[{""score"": ""0 - 1"", ""pct"": 14.180000000000001}, {""score"": ""0 - 2"", ""pct"": 12.1}, {""score"": ""1 - 1"", ""pct"": 10.620000000000001}]"
Ecuador,Canada,Canada,1.081,0.872,38.6,32.8,28.5,40.0,6.5,11.4,28.1,5.1,9.0,57.9,42.1,"[{""score"": ""0 - 0"", ""pct"": 14.93}, {""score"": ""1 - 0"", ""pct"": 14.879999999999999}, {""score"": ""1 - 1"", ""pct"": 13.669999999999998}]"
Egypt,Canada,Canada,0.861,1.176,25.9,31.2,42.9,26.9,4.6,8.2,41.6,7.3,11.3,39.7,60.3,"[{""score"": ""0 - 1"", ""pct"": 15.909999999999998}, {""score"": ""0 - 0"", ""pct"": 14.02}, {""score"": ""1 - 1"", ""pct"": 13.26}]"
Uruguay,Canada,Canada,1.26,0.852,46.4,29.9,23.7,45.8,6.8,11.4,23.8,4.3,7.9,64.0,36.0,"[{""score"": ""1 - 0"", ""pct"": 15.690000000000001}, {""score"": ""1 - 1"", ""pct"": 13.0}, {""score"": ""0 - 0"", ""pct"": 12.740000000000002}]"
Croatia,Canada,Canada,1.345,1.008,44.6,29.1,26.2,44.4,7.0,9.6,26.6,4.5,7.8,61.0,39.0,"[{""score"": ""1 - 0"", ""pct"": 13.19}, {""score"": ""1 - 1"", ""pct"": 13.139999999999999}, {""score"": ""0 - 0"", ""pct"": 10.48}]"
Ivory Coast,Canada,Canada,0.937,1.183,27.7,30.9,41.4,28.1,5.6,8.2,41.0,6.6,10.6,41.8,58.2,"[{""score"": ""0 - 1"", ""pct"": 14.829999999999998}, {""score"": ""1 - 1"", ""pct"": 13.420000000000002}, {""score"": ""0 - 0"", ""pct"": 13.139999999999999}]"
Saudi Arabia,Canada,Canada,0.681,1.541,15.5,26.2,58.3,16.1,2.9,4.9,58.0,7.2,10.9,23.9,76.1,"[{""score"": ""0 - 1"", ""pct"": 17.28}, {""score"": ""0 - 2"", ""pct"": 12.45}, {""score"": ""1 - 1"", ""pct"": 11.39}]"
South Africa,Canada,Canada,0.735,1.523,16.2,27.2,56.6,17.0,3.0,5.2,56.1,7.7,10.9,25.3,74.7,"[{""score"": ""0 - 1"", ""pct"": 16.3}, {""score"": ""1 - 1"", ""pct"": 11.87}, {""score"": ""0 - 2"", ""pct"": 11.82}]"
New Zealand,Canada,Canada,0.533,1.697,9.8,23.9,66.3,10.2,2.0,3.1,66.2,7.8,10.6,15.4,84.6,"[{""score"": ""0 - 1"", ""pct"": 19.09}, {""score"": ""0 - 2"", ""pct"": 14.91}, {""score"": ""0 - 0"", ""pct"": 11.93}]"
Belgium,Canada,Canada,1.619,0.991,51.6,26.2,22.2,52.4,7.4,8.7,21.7,4.2,5.5,68.6,31.4,"[{""score"": ""1 - 0"", ""pct"": 12.049999999999999}, {""score"": ""1 - 1"", ""pct"": 11.95}, {""score"": ""2 - 1"", ""pct"": 9.77}]"
