home_team,away_team,venue_country,ensemble_lambda_home,ensemble_lambda_away,grp_win_home,grp_draw,grp_win_away,ko_win_90_home_pct,ko_win_120_home_pct,ko_win_pen_home_pct,ko_win_90_away_pct,ko_win_120_away_pct,ko_win_pen_away_pct,ko_win_home,ko_win_away,top_scorelines_json
Ivory Coast,Uzbekistan,Neutral,1.162,1.538,27.8,27.0,45.2,27.3,5.1,6.5,46.0,7.0,8.2,38.8,61.2,"[{""score"": ""1 - 1"", ""pct"": 11.92}, {""score"": ""0 - 1"", ""pct"": 10.639999999999999}, {""score"": ""1 - 2"", ""pct"": 9.02}]"
Ivory Coast,Qatar,Neutral,1.974,0.726,67.3,21.0,11.7,66.9,7.5,8.6,11.9,2.1,3.1,83.0,17.0,"[{""score"": ""1 - 0"", ""pct"": 14.249999999999998}, {""score"": ""2 - 0"", ""pct"": 13.08}, {""score"": ""2 - 1"", ""pct"": 9.610000000000001}]"
Ivory Coast,Panama,Neutral,1.191,1.509,28.5,27.7,43.8,29.2,5.2,6.5,43.9,7.0,8.2,40.9,59.1,"[{""score"": ""1 - 1"", ""pct"": 12.41}, {""score"": ""0 - 1"", ""pct"": 10.18}, {""score"": ""1 - 2"", ""pct"": 9.4}]"
Ivory Coast,Saudi Arabia,Neutral,1.629,1.071,49.6,25.7,24.6,50.7,7.1,8.4,23.9,4.2,5.8,66.1,33.9,"[{""score"": ""1 - 1"", ""pct"": 11.5}, {""score"": ""1 - 0"", ""pct"": 10.979999999999999}, {""score"": ""2 - 1"", ""pct"": 9.950000000000001}]"
Ivory Coast,Tunisia,Neutral,1.538,1.162,45.0,27.3,27.7,46.6,6.5,8.3,27.9,4.9,5.8,61.4,38.6,"[{""score"": ""1 - 1"", ""pct"": 12.620000000000001}, {""score"": ""1 - 0"", ""pct"": 10.73}, {""score"": ""2 - 1"", ""pct"": 8.290000000000001}]"
Ivory Coast,Austria,Neutral,1.282,1.418,32.9,27.8,39.3,33.0,5.5,7.0,40.1,6.5,8.1,45.4,54.6,"[{""score"": ""1 - 1"", ""pct"": 12.55}, {""score"": ""0 - 1"", ""pct"": 9.36}, {""score"": ""1 - 0"", ""pct"": 8.66}]"
Ivory Coast,Senegal,Neutral,1.045,1.655,23.1,25.2,51.8,22.6,4.3,5.6,51.6,7.4,8.5,32.5,67.6,"[{""score"": ""1 - 1"", ""pct"": 11.78}, {""score"": ""0 - 1"", ""pct"": 11.55}, {""score"": ""1 - 2"", ""pct"": 9.74}]"
Ivory Coast,Netherlands,Neutral,0.901,1.799,17.6,23.6,58.8,17.6,3.4,4.7,58.3,7.5,8.4,25.8,74.3,"[{""score"": ""0 - 1"", ""pct"": 13.489999999999998}, {""score"": ""1 - 1"", ""pct"": 10.96}, {""score"": ""0 - 2"", ""pct"": 9.969999999999999}]"
Ivory Coast,Colombia,Neutral,0.73,1.97,11.7,21.2,67.1,12.0,2.1,2.9,67.5,7.4,8.1,17.1,83.0,"[{""score"": ""0 - 1"", ""pct"": 14.78}, {""score"": ""0 - 2"", ""pct"": 13.209999999999999}, {""score"": ""1 - 1"", ""pct"": 10.0}]"
Ivory Coast,South Korea,Neutral,1.051,1.649,23.2,25.9,50.9,23.1,4.5,5.5,50.7,7.3,8.8,33.1,66.9,"[{""score"": ""1 - 1"", ""pct"": 11.85}, {""score"": ""0 - 1"", ""pct"": 11.1}, {""score"": ""1 - 2"", ""pct"": 9.68}]"
Ivory Coast,Switzerland,Neutral,1.075,1.625,25.2,24.8,49.9,23.5,4.3,5.3,50.4,7.4,9.0,33.1,66.8,"[{""score"": ""0 - 1"", ""pct"": 11.51}, {""score"": ""1 - 1"", ""pct"": 10.97}, {""score"": ""1 - 2"", ""pct"": 10.100000000000001}]"
Ivory Coast,Australia,Neutral,0.976,1.724,20.4,25.4,54.2,20.3,4.0,4.9,54.9,7.4,8.4,29.2,70.8,"[{""score"": ""0 - 1"", ""pct"": 12.18}, {""score"": ""1 - 1"", ""pct"": 11.93}, {""score"": ""1 - 2"", ""pct"": 10.0}]"
Ivory Coast,France,Neutral,0.635,2.065,9.2,20.1,70.7,9.1,1.7,2.1,71.6,7.5,7.8,13.0,87.0,"[{""score"": ""0 - 1"", ""pct"": 14.74}, {""score"": ""0 - 2"", ""pct"": 13.91}, {""score"": ""0 - 3"", ""pct"": 9.65}]"
Ivory Coast,Morocco,Neutral,0.808,1.892,14.2,22.4,63.4,14.3,2.8,3.4,63.1,7.7,8.8,20.4,79.6,"[{""score"": ""0 - 1"", ""pct"": 13.48}, {""score"": ""0 - 2"", ""pct"": 11.27}, {""score"": ""1 - 2"", ""pct"": 10.280000000000001}]"
Ivory Coast,Argentina,Neutral,0.505,2.195,6.4,16.9,76.7,6.2,1.4,1.7,77.3,6.3,7.1,9.3,90.7,"[{""score"": ""0 - 2"", ""pct"": 16.0}, {""score"": ""0 - 1"", ""pct"": 15.5}, {""score"": ""0 - 3"", ""pct"": 10.77}]"
Ivory Coast,DR Congo,Neutral,1.45,1.25,41.6,26.8,31.6,40.5,6.2,8.3,32.6,5.2,7.1,55.0,45.0,"[{""score"": ""1 - 1"", ""pct"": 11.84}, {""score"": ""1 - 0"", ""pct"": 9.73}, {""score"": ""2 - 1"", ""pct"": 8.84}]"
Ivory Coast,Iraq,Neutral,1.507,1.193,44.6,26.7,28.6,43.9,6.5,8.4,28.9,5.5,6.8,58.8,41.2,"[{""score"": ""1 - 1"", ""pct"": 12.07}, {""score"": ""1 - 0"", ""pct"": 10.489999999999998}, {""score"": ""2 - 1"", ""pct"": 9.59}]"
Ivory Coast,Mexico,Neutral,0.876,1.824,16.3,23.1,60.6,17.6,3.1,4.2,59.4,7.7,8.1,24.8,75.2,"[{""score"": ""0 - 1"", ""pct"": 13.04}, {""score"": ""0 - 2"", ""pct"": 10.57}, {""score"": ""1 - 1"", ""pct"": 10.47}]"
Ivory Coast,Cape Verde,Neutral,1.833,0.867,60.9,22.8,16.2,60.3,7.8,8.7,15.9,3.1,4.2,76.8,23.2,"[{""score"": ""1 - 0"", ""pct"": 12.57}, {""score"": ""2 - 0"", ""pct"": 11.53}, {""score"": ""1 - 1"", ""pct"": 10.209999999999999}]"
Ivory Coast,Canada,Neutral,1.112,1.588,25.6,26.7,47.7,25.7,4.7,5.7,48.6,7.2,8.1,36.1,63.9,"[{""score"": ""1 - 1"", ""pct"": 12.2}, {""score"": ""0 - 1"", ""pct"": 11.14}, {""score"": ""1 - 2"", ""pct"": 8.83}]"
Ivory Coast,Egypt,Neutral,1.418,1.282,38.8,27.5,33.7,40.3,6.0,8.0,33.1,5.7,6.9,54.3,45.7,"[{""score"": ""1 - 1"", ""pct"": 12.26}, {""score"": ""1 - 0"", ""pct"": 9.55}, {""score"": ""0 - 1"", ""pct"": 8.74}]"
Ivory Coast,Spain,Neutral,0.512,2.188,6.5,16.8,76.7,6.0,1.3,1.7,77.1,7.2,6.8,8.9,91.0,"[{""score"": ""0 - 2"", ""pct"": 16.39}, {""score"": ""0 - 1"", ""pct"": 14.67}, {""score"": ""0 - 3"", ""pct"": 11.75}]"
Ivory Coast,Portugal,Neutral,0.771,1.929,12.9,22.8,64.3,13.3,2.5,3.8,64.2,7.4,8.9,19.6,80.4,"[{""score"": ""0 - 1"", ""pct"": 12.920000000000002}, {""score"": ""0 - 2"", ""pct"": 12.4}, {""score"": ""1 - 1"", ""pct"": 9.92}]"
Ivory Coast,Turkey,Neutral,1.026,1.674,22.8,24.6,52.6,22.4,4.2,5.4,52.3,7.2,8.6,31.9,68.1,"[{""score"": ""0 - 1"", ""pct"": 12.01}, {""score"": ""1 - 1"", ""pct"": 10.74}, {""score"": ""1 - 2"", ""pct"": 9.62}]"
Ivory Coast,New Zealand,Neutral,1.609,1.091,48.8,26.3,24.9,49.9,7.3,8.5,24.6,4.5,5.1,65.7,34.3,"[{""score"": ""1 - 1"", ""pct"": 11.690000000000001}, {""score"": ""1 - 0"", ""pct"": 10.8}, {""score"": ""2 - 1"", ""pct"": 9.180000000000001}]"
Ivory Coast,England,Neutral,0.689,2.011,10.9,20.9,68.2,10.9,2.1,2.9,68.8,7.4,7.8,15.9,84.1,"[{""score"": ""0 - 1"", ""pct"": 14.27}, {""score"": ""0 - 2"", ""pct"": 13.29}, {""score"": ""1 - 1"", ""pct"": 9.55}]"
Ivory Coast,Haiti,Neutral,1.561,1.139,46.1,27.5,26.5,46.8,6.7,8.1,27.2,4.8,6.5,61.5,38.5,"[{""score"": ""1 - 1"", ""pct"": 12.57}, {""score"": ""1 - 0"", ""pct"": 10.38}, {""score"": ""2 - 1"", ""pct"": 9.13}]"
Ivory Coast,Scotland,Neutral,1.349,1.351,37.3,26.9,35.7,36.2,6.0,7.4,36.5,5.9,7.9,49.7,50.3,"[{""score"": ""1 - 1"", ""pct"": 12.030000000000001}, {""score"": ""0 - 1"", ""pct"": 9.379999999999999}, {""score"": ""1 - 0"", ""pct"": 9.15}]"
Ivory Coast,Germany,Neutral,0.918,1.782,18.1,24.6,57.3,18.1,3.5,4.5,57.8,7.5,8.7,26.1,74.0,"[{""score"": ""0 - 1"", ""pct"": 12.7}, {""score"": ""1 - 1"", ""pct"": 11.32}, {""score"": ""0 - 2"", ""pct"": 10.74}]"
Ivory Coast,Japan,Neutral,0.802,1.898,14.4,22.3,63.2,14.0,2.7,3.4,64.0,7.4,8.4,20.1,79.9,"[{""score"": ""0 - 1"", ""pct"": 13.370000000000001}, {""score"": ""0 - 2"", ""pct"": 11.63}, {""score"": ""1 - 1"", ""pct"": 10.09}]"
Ivory Coast,Curaçao,Neutral,1.868,0.832,61.4,23.1,15.5,62.5,7.5,8.4,14.7,3.1,3.8,78.4,21.6,"[{""score"": ""1 - 0"", ""pct"": 12.879999999999999}, {""score"": ""2 - 0"", ""pct"": 10.91}, {""score"": ""1 - 1"", ""pct"": 10.79}]"
Ivory Coast,Uruguay,Neutral,0.893,1.807,17.1,23.8,59.0,17.2,3.3,4.3,59.1,7.2,8.9,24.8,75.2,"[{""score"": ""0 - 1"", ""pct"": 12.989999999999998}, {""score"": ""0 - 2"", ""pct"": 10.69}, {""score"": ""1 - 1"", ""pct"": 10.620000000000001}]"
Ivory Coast,Sweden,Neutral,1.639,1.061,50.5,25.5,24.0,51.1,7.5,8.0,23.2,4.5,5.8,66.6,33.4,"[{""score"": ""1 - 1"", ""pct"": 11.41}, {""score"": ""1 - 0"", ""pct"": 11.200000000000001}, {""score"": ""2 - 1"", ""pct"": 9.71}]"
Ivory Coast,Iran,Neutral,1.012,1.688,21.8,25.4,52.8,22.0,4.2,5.1,52.2,7.3,9.2,31.3,68.7,"[{""score"": ""1 - 1"", ""pct"": 11.59}, {""score"": ""0 - 1"", ""pct"": 11.469999999999999}, {""score"": ""1 - 2"", ""pct"": 9.55}]"
Ivory Coast,United States,Neutral,1.27,1.43,31.6,27.9,40.5,33.1,5.6,6.9,40.6,6.5,7.4,45.5,54.5,"[{""score"": ""1 - 1"", ""pct"": 12.34}, {""score"": ""0 - 1"", ""pct"": 9.84}, {""score"": ""1 - 2"", ""pct"": 8.459999999999999}]"
Ivory Coast,Jordan,Neutral,1.321,1.379,34.2,27.8,38.0,34.8,5.8,7.9,37.5,6.5,7.5,48.5,51.5,"[{""score"": ""1 - 1"", ""pct"": 12.33}, {""score"": ""0 - 1"", ""pct"": 9.42}, {""score"": ""1 - 0"", ""pct"": 9.120000000000001}]"
Ivory Coast,Ghana,Neutral,1.841,0.859,60.8,23.4,15.8,60.4,7.4,9.0,16.1,3.1,3.9,76.9,23.1,"[{""score"": ""1 - 0"", ""pct"": 12.67}, {""score"": ""2 - 0"", ""pct"": 11.200000000000001}, {""score"": ""1 - 1"", ""pct"": 11.06}]"
Ivory Coast,Czech Republic,Neutral,1.467,1.233,42.7,27.9,29.4,42.6,6.7,7.9,30.8,5.6,6.4,57.2,42.8,"[{""score"": ""1 - 1"", ""pct"": 12.64}, {""score"": ""1 - 0"", ""pct"": 10.01}, {""score"": ""2 - 1"", ""pct"": 8.85}]"
Ivory Coast,Croatia,Neutral,0.96,1.74,19.4,25.1,55.6,20.1,3.8,4.6,55.6,7.3,8.6,28.4,71.6,"[{""score"": ""0 - 1"", ""pct"": 12.18}, {""score"": ""1 - 1"", ""pct"": 11.81}, {""score"": ""1 - 2"", ""pct"": 10.08}]"
Ivory Coast,Ecuador,Neutral,0.808,1.892,14.5,22.1,63.4,14.9,2.9,3.5,62.9,7.5,8.2,21.4,78.6,"[{""score"": ""0 - 1"", ""pct"": 13.5}, {""score"": ""0 - 2"", ""pct"": 11.450000000000001}, {""score"": ""1 - 1"", ""pct"": 10.14}]"
Ivory Coast,Brazil,Neutral,0.737,1.963,11.8,21.4,66.8,11.8,2.3,3.2,66.2,7.7,8.7,17.4,82.6,"[{""score"": ""0 - 1"", ""pct"": 14.030000000000001}, {""score"": ""0 - 2"", ""pct"": 12.98}, {""score"": ""1 - 2"", ""pct"": 9.94}]"
Ivory Coast,Bosnia and Herzegovina,Neutral,1.9,0.8,64.0,22.2,13.8,64.1,7.3,8.3,14.2,2.9,3.2,79.8,20.2,"[{""score"": ""1 - 0"", ""pct"": 13.459999999999999}, {""score"": ""2 - 0"", ""pct"": 12.55}, {""score"": ""2 - 1"", ""pct"": 10.059999999999999}]"
Ivory Coast,South Africa,Neutral,1.764,0.936,57.3,24.3,18.4,57.4,7.3,8.7,18.1,3.6,4.7,73.5,26.5,"[{""score"": ""1 - 0"", ""pct"": 12.23}, {""score"": ""1 - 1"", ""pct"": 11.26}, {""score"": ""2 - 0"", ""pct"": 10.23}]"
Ivory Coast,Paraguay,Neutral,1.075,1.625,23.3,26.6,50.1,24.6,4.3,5.8,50.4,6.6,8.3,34.7,65.3,"[{""score"": ""1 - 1"", ""pct"": 12.31}, {""score"": ""0 - 1"", ""pct"": 11.700000000000001}, {""score"": ""1 - 2"", ""pct"": 9.51}]"
Ivory Coast,Belgium,Neutral,1.039,1.661,22.7,26.0,51.4,22.8,4.4,5.0,51.3,7.8,8.7,32.1,67.8,"[{""score"": ""1 - 1"", ""pct"": 11.83}, {""score"": ""0 - 1"", ""pct"": 11.49}, {""score"": ""1 - 2"", ""pct"": 9.569999999999999}]"
Ivory Coast,Norway,Neutral,1.006,1.694,22.1,24.8,53.1,21.0,4.2,5.1,53.4,7.4,8.8,30.4,69.6,"[{""score"": ""0 - 1"", ""pct"": 11.459999999999999}, {""score"": ""1 - 1"", ""pct"": 11.25}, {""score"": ""1 - 2"", ""pct"": 9.9}]"
Ivory Coast,Algeria,Neutral,1.105,1.595,25.4,26.5,48.2,24.7,5.0,6.2,47.8,7.6,8.7,35.9,64.1,"[{""score"": ""1 - 1"", ""pct"": 11.83}, {""score"": ""0 - 1"", ""pct"": 10.93}, {""score"": ""1 - 2"", ""pct"": 9.6}]"
Uzbekistan,Ivory Coast,Neutral,1.538,1.162,45.7,26.2,28.1,46.4,7.0,8.0,28.2,4.5,5.9,61.3,38.6,"[{""score"": ""1 - 1"", ""pct"": 11.74}, {""score"": ""1 - 0"", ""pct"": 10.79}, {""score"": ""2 - 1"", ""pct"": 9.3}]"
Uzbekistan,Qatar,Neutral,2.09,0.61,72.6,18.9,8.5,72.6,7.1,7.8,8.4,1.6,2.4,87.6,12.4,"[{""score"": ""2 - 0"", ""pct"": 15.049999999999999}, {""score"": ""1 - 0"", ""pct"": 14.299999999999999}, {""score"": ""3 - 0"", ""pct"": 9.74}]"
Uzbekistan,Panama,Neutral,1.379,1.321,36.9,28.0,35.2,38.1,6.0,7.4,35.3,5.8,7.4,51.5,48.5,"[{""score"": ""1 - 1"", ""pct"": 12.64}, {""score"": ""0 - 1"", ""pct"": 9.34}, {""score"": ""1 - 0"", ""pct"": 9.13}]"
Uzbekistan,Saudi Arabia,Neutral,1.797,0.903,58.7,24.3,16.9,58.1,7.9,9.0,17.2,3.1,4.6,75.0,25.0,"[{""score"": ""1 - 0"", ""pct"": 12.36}, {""score"": ""1 - 1"", ""pct"": 10.82}, {""score"": ""2 - 0"", ""pct"": 10.74}]"
Uzbekistan,Tunisia,Neutral,1.716,0.984,54.8,25.2,20.0,54.7,7.2,8.8,20.4,4.2,4.8,70.7,29.3,"[{""score"": ""1 - 0"", ""pct"": 12.22}, {""score"": ""1 - 1"", ""pct"": 10.93}, {""score"": ""2 - 1"", ""pct"": 10.05}]"
Uzbekistan,Austria,Neutral,1.471,1.229,42.7,26.7,30.6,43.0,6.6,7.6,30.4,5.3,7.0,57.2,42.8,"[{""score"": ""1 - 1"", ""pct"": 12.42}, {""score"": ""1 - 0"", ""pct"": 9.969999999999999}, {""score"": ""0 - 1"", ""pct"": 8.690000000000001}]"
Uzbekistan,Senegal,Neutral,1.227,1.473,31.3,27.0,41.7,30.7,6.0,7.2,41.7,6.5,8.0,43.8,56.2,"[{""score"": ""1 - 1"", ""pct"": 12.18}, {""score"": ""0 - 1"", ""pct"": 10.26}, {""score"": ""1 - 2"", ""pct"": 8.77}]"
Uzbekistan,Netherlands,Neutral,1.069,1.631,24.7,25.3,50.0,23.9,4.5,5.4,50.3,7.4,8.5,33.8,66.2,"[{""score"": ""0 - 1"", ""pct"": 11.39}, {""score"": ""1 - 1"", ""pct"": 11.379999999999999}, {""score"": ""1 - 2"", ""pct"": 9.35}]"
Uzbekistan,Colombia,Neutral,0.872,1.828,16.2,23.6,60.2,16.0,3.4,3.7,59.6,8.3,8.9,23.2,76.8,"[{""score"": ""0 - 1"", ""pct"": 12.7}, {""score"": ""0 - 2"", ""pct"": 11.28}, {""score"": ""1 - 1"", ""pct"": 10.43}]"
Uzbekistan,South Korea,Neutral,1.233,1.467,31.1,27.2,41.7,30.1,5.4,6.5,43.2,7.0,7.9,42.0,58.0,"[{""score"": ""1 - 1"", ""pct"": 12.370000000000001}, {""score"": ""0 - 1"", ""pct"": 10.45}, {""score"": ""1 - 2"", ""pct"": 8.58}]"
Uzbekistan,Switzerland,Neutral,1.258,1.442,32.5,26.7,40.9,32.3,6.1,6.9,40.6,6.1,8.1,45.3,54.7,"[{""score"": ""1 - 1"", ""pct"": 12.389999999999999}, {""score"": ""0 - 1"", ""pct"": 9.969999999999999}, {""score"": ""1 - 2"", ""pct"": 9.180000000000001}]"
Uzbekistan,Australia,Neutral,1.153,1.547,27.4,26.6,46.0,27.2,4.8,6.4,46.0,6.8,8.8,38.4,61.6,"[{""score"": ""1 - 1"", ""pct"": 11.86}, {""score"": ""0 - 1"", ""pct"": 10.71}, {""score"": ""1 - 2"", ""pct"": 9.19}]"
Uzbekistan,France,Neutral,0.757,1.943,12.9,21.3,65.8,12.7,2.5,3.2,65.3,7.9,8.3,18.4,81.6,"[{""score"": ""0 - 1"", ""pct"": 13.52}, {""score"": ""0 - 2"", ""pct"": 12.49}, {""score"": ""1 - 2"", ""pct"": 9.94}]"
Uzbekistan,Morocco,Neutral,0.964,1.736,19.7,24.2,56.1,19.9,3.6,5.0,55.9,7.3,8.3,28.5,71.5,"[{""score"": ""0 - 1"", ""pct"": 12.36}, {""score"": ""1 - 1"", ""pct"": 11.23}, {""score"": ""0 - 2"", ""pct"": 10.27}]"
Uzbekistan,Argentina,Neutral,0.593,2.107,7.7,18.7,73.6,8.2,1.7,2.4,73.0,6.7,8.1,12.2,87.8,"[{""score"": ""0 - 1"", ""pct"": 14.97}, {""score"": ""0 - 2"", ""pct"": 14.67}, {""score"": ""0 - 3"", ""pct"": 9.84}]"
Uzbekistan,DR Congo,Neutral,1.633,1.067,50.4,25.1,24.4,51.6,7.2,8.0,23.6,4.1,5.5,66.8,33.2,"[{""score"": ""1 - 1"", ""pct"": 11.83}, {""score"": ""1 - 0"", ""pct"": 11.25}, {""score"": ""2 - 1"", ""pct"": 9.66}]"
Uzbekistan,Iraq,Neutral,1.687,1.013,52.7,24.9,22.3,53.2,7.5,8.8,21.3,3.6,5.5,69.5,30.5,"[{""score"": ""1 - 0"", ""pct"": 11.35}, {""score"": ""1 - 1"", ""pct"": 11.15}, {""score"": ""2 - 1"", ""pct"": 10.209999999999999}]"
Uzbekistan,Mexico,Neutral,1.041,1.659,23.1,24.5,52.4,22.1,4.4,5.1,52.4,7.1,8.9,31.6,68.4,"[{""score"": ""0 - 1"", ""pct"": 11.95}, {""score"": ""1 - 1"", ""pct"": 10.73}, {""score"": ""1 - 2"", ""pct"": 9.65}]"
Uzbekistan,Cape Verde,Neutral,1.974,0.726,68.2,20.6,11.1,67.7,7.2,8.1,11.7,2.4,2.9,83.0,17.0,"[{""score"": ""1 - 0"", ""pct"": 14.069999999999999}, {""score"": ""2 - 0"", ""pct"": 14.06}, {""score"": ""2 - 1"", ""pct"": 9.9}]"
Uzbekistan,Canada,Neutral,1.298,1.402,34.3,26.9,38.7,33.9,6.0,7.4,38.7,6.3,7.6,47.3,52.7,"[{""score"": ""1 - 1"", ""pct"": 12.509999999999998}, {""score"": ""0 - 1"", ""pct"": 9.48}, {""score"": ""1 - 2"", ""pct"": 8.77}]"
Uzbekistan,Egypt,Neutral,1.603,1.097,49.1,26.4,24.5,48.2,7.5,8.8,25.1,4.4,5.8,64.6,35.4,"[{""score"": ""1 - 1"", ""pct"": 11.51}, {""score"": ""1 - 0"", ""pct"": 10.99}, {""score"": ""2 - 1"", ""pct"": 9.55}]"
Uzbekistan,Spain,Neutral,0.602,2.098,8.6,18.3,73.1,8.2,1.6,2.1,73.2,7.2,7.7,11.9,88.1,"[{""score"": ""0 - 1"", ""pct"": 14.790000000000001}, {""score"": ""0 - 2"", ""pct"": 14.41}, {""score"": ""0 - 3"", ""pct"": 9.34}]"
Uzbekistan,Portugal,Neutral,0.92,1.78,18.0,23.9,58.1,18.4,3.4,4.4,57.9,7.4,8.5,26.2,73.8,"[{""score"": ""0 - 1"", ""pct"": 12.8}, {""score"": ""1 - 1"", ""pct"": 10.67}, {""score"": ""0 - 2"", ""pct"": 10.639999999999999}]"
Uzbekistan,Turkey,Neutral,1.206,1.494,30.6,26.4,43.0,30.4,5.7,6.5,42.4,7.1,8.0,42.6,57.4,"[{""score"": ""1 - 1"", ""pct"": 12.04}, {""score"": ""0 - 1"", ""pct"": 9.520000000000001}, {""score"": ""1 - 2"", ""pct"": 9.139999999999999}]"
Uzbekistan,New Zealand,Neutral,1.779,0.921,56.9,24.1,19.1,57.6,7.8,8.6,18.0,3.5,4.6,74.0,26.0,"[{""score"": ""1 - 0"", ""pct"": 12.27}, {""score"": ""1 - 1"", ""pct"": 11.01}, {""score"": ""2 - 0"", ""pct"": 9.89}]"
Uzbekistan,England,Neutral,0.823,1.877,14.5,22.4,63.0,14.9,2.7,3.8,62.5,7.4,8.7,21.4,78.6,"[{""score"": ""0 - 1"", ""pct"": 13.200000000000001}, {""score"": ""0 - 2"", ""pct"": 11.469999999999999}, {""score"": ""1 - 1"", ""pct"": 10.2}]"
Uzbekistan,Haiti,Neutral,1.736,0.964,55.7,25.1,19.3,56.3,7.1,8.6,19.8,3.6,4.6,71.9,28.1,"[{""score"": ""1 - 0"", ""pct"": 11.899999999999999}, {""score"": ""1 - 1"", ""pct"": 11.450000000000001}, {""score"": ""2 - 1"", ""pct"": 10.45}]"
Uzbekistan,Scotland,Neutral,1.537,1.163,46.2,26.5,27.3,45.6,7.0,8.0,28.1,5.0,6.4,60.5,39.5,"[{""score"": ""1 - 1"", ""pct"": 12.15}, {""score"": ""1 - 0"", ""pct"": 11.12}, {""score"": ""2 - 1"", ""pct"": 9.07}]"
Uzbekistan,Germany,Neutral,1.088,1.612,25.1,26.2,48.7,24.9,4.3,6.1,48.5,7.4,8.7,35.4,64.6,"[{""score"": ""1 - 1"", ""pct"": 11.51}, {""score"": ""0 - 1"", ""pct"": 11.17}, {""score"": ""1 - 2"", ""pct"": 9.27}]"
Uzbekistan,Japan,Neutral,0.956,1.744,19.8,25.0,55.2,19.3,3.9,4.8,56.2,7.3,8.6,28.0,72.0,"[{""score"": ""0 - 1"", ""pct"": 11.53}, {""score"": ""1 - 1"", ""pct"": 11.31}, {""score"": ""0 - 2"", ""pct"": 9.99}]"
Uzbekistan,Curaçao,Neutral,2.003,0.697,68.7,20.7,10.6,68.5,7.7,7.8,10.5,2.3,3.1,84.0,16.0,"[{""score"": ""1 - 0"", ""pct"": 14.580000000000002}, {""score"": ""2 - 0"", ""pct"": 13.5}, {""score"": ""1 - 1"", ""pct"": 9.53}]"
Uzbekistan,Uruguay,Neutral,1.061,1.639,22.8,26.2,51.0,23.2,4.3,5.7,51.1,7.3,8.5,33.1,66.9,"[{""score"": ""1 - 1"", ""pct"": 12.02}, {""score"": ""0 - 1"", ""pct"": 11.790000000000001}, {""score"": ""1 - 2"", ""pct"": 9.65}]"
Uzbekistan,Sweden,Neutral,1.806,0.894,59.3,23.6,17.1,59.4,7.1,8.6,16.7,3.6,4.5,75.1,24.9,"[{""score"": ""1 - 0"", ""pct"": 12.57}, {""score"": ""1 - 1"", ""pct"": 10.52}, {""score"": ""2 - 0"", ""pct"": 10.459999999999999}]"
Uzbekistan,Iran,Neutral,1.191,1.509,29.0,26.6,44.4,28.4,5.1,6.5,44.0,7.1,8.9,40.0,60.0,"[{""score"": ""1 - 1"", ""pct"": 12.44}, {""score"": ""0 - 1"", ""pct"": 10.47}, {""score"": ""1 - 2"", ""pct"": 8.97}]"
Uzbekistan,United States,Neutral,1.459,1.241,42.2,26.8,31.0,41.7,6.3,7.9,32.1,5.3,6.7,55.9,44.1,"[{""score"": ""1 - 1"", ""pct"": 12.67}, {""score"": ""1 - 0"", ""pct"": 10.290000000000001}, {""score"": ""2 - 1"", ""pct"": 8.75}]"
Uzbekistan,Jordan,Neutral,1.509,1.191,43.4,26.9,29.8,44.2,7.1,8.0,28.9,5.2,6.5,59.4,40.6,"[{""score"": ""1 - 1"", ""pct"": 12.690000000000001}, {""score"": ""1 - 0"", ""pct"": 10.36}, {""score"": ""2 - 1"", ""pct"": 9.35}]"
Uzbekistan,Ghana,Neutral,1.981,0.719,67.3,21.4,11.3,67.4,7.3,8.5,11.4,2.4,3.1,83.1,16.9,"[{""score"": ""1 - 0"", ""pct"": 14.069999999999999}, {""score"": ""2 - 0"", ""pct"": 12.7}, {""score"": ""2 - 1"", ""pct"": 9.33}]"
Uzbekistan,Czech Republic,Neutral,1.649,1.051,51.8,25.4,22.7,50.4,7.5,9.1,23.5,4.2,5.4,66.9,33.1,"[{""score"": ""1 - 0"", ""pct"": 11.790000000000001}, {""score"": ""1 - 1"", ""pct"": 11.61}, {""score"": ""2 - 1"", ""pct"": 9.34}]"
Uzbekistan,Croatia,Neutral,1.135,1.565,26.4,26.5,47.2,26.8,4.4,6.0,47.2,7.0,8.5,37.2,62.8,"[{""score"": ""1 - 1"", ""pct"": 11.899999999999999}, {""score"": ""0 - 1"", ""pct"": 10.5}, {""score"": ""1 - 2"", ""pct"": 9.42}]"
Uzbekistan,Ecuador,Neutral,0.963,1.737,19.8,25.0,55.1,20.2,3.8,4.8,55.6,7.2,8.5,28.8,71.2,"[{""score"": ""0 - 1"", ""pct"": 12.740000000000002}, {""score"": ""1 - 1"", ""pct"": 11.55}, {""score"": ""0 - 2"", ""pct"": 9.790000000000001}]"
Uzbekistan,Brazil,Neutral,0.88,1.82,16.9,23.4,59.7,17.1,3.2,4.1,59.6,8.1,7.9,24.4,75.6,"[{""score"": ""0 - 1"", ""pct"": 12.65}, {""score"": ""0 - 2"", ""pct"": 11.07}, {""score"": ""1 - 1"", ""pct"": 10.67}]"
Uzbekistan,Bosnia and Herzegovina,Neutral,2.029,0.671,69.0,20.0,11.0,69.2,8.0,8.1,10.1,1.9,2.7,85.3,14.7,"[{""score"": ""1 - 0"", ""pct"": 13.65}, {""score"": ""2 - 0"", ""pct"": 13.120000000000001}, {""score"": ""2 - 1"", ""pct"": 9.5}]"
Uzbekistan,South Africa,Neutral,1.915,0.785,64.4,22.1,13.5,65.1,7.8,8.1,13.5,2.3,3.2,81.0,19.0,"[{""score"": ""1 - 0"", ""pct"": 13.420000000000002}, {""score"": ""2 - 0"", ""pct"": 12.709999999999999}, {""score"": ""1 - 1"", ""pct"": 9.91}]"
Uzbekistan,Paraguay,Neutral,1.259,1.441,31.9,27.3,40.8,31.6,5.5,6.9,41.5,6.1,8.4,44.0,56.0,"[{""score"": ""1 - 1"", ""pct"": 12.120000000000001}, {""score"": ""0 - 1"", ""pct"": 9.77}, {""score"": ""1 - 2"", ""pct"": 9.02}]"
Uzbekistan,Belgium,Neutral,1.221,1.479,30.5,26.5,43.1,30.5,5.5,6.7,42.7,6.8,7.7,42.7,57.3,"[{""score"": ""1 - 1"", ""pct"": 11.899999999999999}, {""score"": ""0 - 1"", ""pct"": 10.299999999999999}, {""score"": ""1 - 2"", ""pct"": 8.84}]"
Uzbekistan,Norway,Neutral,1.185,1.515,28.7,26.4,45.0,29.0,5.2,6.3,44.6,6.8,8.0,40.6,59.4,"[{""score"": ""1 - 1"", ""pct"": 12.11}, {""score"": ""0 - 1"", ""pct"": 10.42}, {""score"": ""1 - 2"", ""pct"": 9.39}]"
Uzbekistan,Algeria,Neutral,1.29,1.41,33.2,28.0,38.8,33.1,5.6,7.2,39.7,6.4,8.0,45.9,54.1,"[{""score"": ""1 - 1"", ""pct"": 12.61}, {""score"": ""0 - 1"", ""pct"": 8.98}, {""score"": ""1 - 0"", ""pct"": 8.77}]"
Qatar,Ivory Coast,Neutral,0.726,1.974,11.8,21.1,67.2,11.7,2.2,3.0,67.4,7.3,8.4,17.0,83.0,"[{""score"": ""0 - 1"", ""pct"": 14.04}, {""score"": ""0 - 2"", ""pct"": 12.770000000000001}, {""score"": ""1 - 1"", ""pct"": 9.55}]"
Qatar,Uzbekistan,Neutral,0.61,2.09,8.6,19.2,72.1,8.7,1.8,2.1,72.5,7.3,7.6,12.6,87.4,"[{""score"": ""0 - 2"", ""pct"": 15.18}, {""score"": ""0 - 1"", ""pct"": 14.52}, {""score"": ""0 - 3"", ""pct"": 9.76}]"
Qatar,Panama,Neutral,0.626,2.074,8.6,18.9,72.6,9.4,1.9,2.4,71.6,7.5,7.3,13.7,86.3,"[{""score"": ""0 - 1"", ""pct"": 15.2}, {""score"": ""0 - 2"", ""pct"": 14.69}, {""score"": ""0 - 3"", ""pct"": 9.71}]"
Qatar,Saudi Arabia,Neutral,0.947,1.753,19.9,24.9,55.2,19.9,3.3,4.7,56.4,7.3,8.4,27.9,72.1,"[{""score"": ""0 - 1"", ""pct"": 11.74}, {""score"": ""1 - 1"", ""pct"": 11.59}, {""score"": ""0 - 2"", ""pct"": 10.08}]"
Qatar,Tunisia,Neutral,0.867,1.833,17.2,22.9,59.9,16.4,3.0,4.3,60.9,7.2,8.1,23.8,76.2,"[{""score"": ""0 - 1"", ""pct"": 12.540000000000001}, {""score"": ""0 - 2"", ""pct"": 10.65}, {""score"": ""1 - 1"", ""pct"": 10.56}]"
Qatar,Austria,Neutral,0.681,2.019,10.4,19.8,69.9,10.4,2.0,3.0,68.9,7.3,8.3,15.5,84.5,"[{""score"": ""0 - 1"", ""pct"": 14.26}, {""score"": ""0 - 2"", ""pct"": 13.320000000000002}, {""score"": ""1 - 2"", ""pct"": 9.520000000000001}]"
Qatar,Senegal,Neutral,0.547,2.153,7.3,17.4,75.2,7.0,1.2,1.9,75.7,6.9,7.3,10.1,89.9,"[{""score"": ""0 - 1"", ""pct"": 15.310000000000002}, {""score"": ""0 - 2"", ""pct"": 14.89}, {""score"": ""0 - 3"", ""pct"": 11.25}]"
Qatar,Netherlands,Neutral,0.479,2.221,5.5,16.6,77.9,5.5,1.1,1.3,79.1,5.7,7.3,7.9,92.1,"[{""score"": ""0 - 2"", ""pct"": 17.26}, {""score"": ""0 - 1"", ""pct"": 15.68}, {""score"": ""0 - 3"", ""pct"": 11.51}]"
Qatar,Colombia,Neutral,0.408,2.292,4.3,14.7,81.0,4.4,0.9,1.2,81.3,6.0,6.2,6.5,93.5,"[{""score"": ""0 - 2"", ""pct"": 17.75}, {""score"": ""0 - 1"", ""pct"": 16.09}, {""score"": ""0 - 3"", ""pct"": 13.850000000000001}]"
Qatar,South Korea,Neutral,0.55,2.15,7.0,18.3,74.8,7.4,1.4,2.0,74.8,6.7,7.7,10.8,89.2,"[{""score"": ""0 - 1"", ""pct"": 15.290000000000001}, {""score"": ""0 - 2"", ""pct"": 14.799999999999999}, {""score"": ""0 - 3"", ""pct"": 11.15}]"
Qatar,Switzerland,Neutral,0.562,2.138,7.8,17.5,74.8,7.4,1.5,1.9,74.2,7.1,7.8,10.9,89.1,"[{""score"": ""0 - 1"", ""pct"": 15.290000000000001}, {""score"": ""0 - 2"", ""pct"": 14.719999999999999}, {""score"": ""0 - 3"", ""pct"": 10.6}]"
Qatar,Australia,Neutral,0.513,2.187,6.4,16.9,76.7,6.7,1.4,1.8,76.5,6.6,7.0,9.8,90.2,"[{""score"": ""0 - 2"", ""pct"": 16.11}, {""score"": ""0 - 1"", ""pct"": 15.160000000000002}, {""score"": ""0 - 3"", ""pct"": 11.27}]"
Qatar,France,Neutral,0.372,2.328,3.6,13.4,83.0,3.5,0.8,1.0,82.3,5.9,6.5,5.3,94.7,"[{""score"": ""0 - 2"", ""pct"": 18.91}, {""score"": ""0 - 1"", ""pct"": 16.55}, {""score"": ""0 - 3"", ""pct"": 13.669999999999998}]"
Qatar,Morocco,Neutral,0.439,2.261,5.2,14.9,79.9,5.1,0.9,1.4,79.6,6.1,6.9,7.5,92.5,"[{""score"": ""0 - 2"", ""pct"": 17.79}, {""score"": ""0 - 1"", ""pct"": 16.669999999999998}, {""score"": ""0 - 3"", ""pct"": 12.36}]"
Qatar,Argentina,Neutral,0.327,2.373,3.1,13.0,83.9,3.1,0.5,0.8,84.2,5.8,5.7,4.4,95.6,"[{""score"": ""0 - 2"", ""pct"": 19.470000000000002}, {""score"": ""0 - 1"", ""pct"": 16.41}, {""score"": ""0 - 3"", ""pct"": 14.78}]"
Qatar,DR Congo,Neutral,0.797,1.903,13.6,21.7,64.7,14.4,2.7,3.8,63.3,7.5,8.4,20.9,79.1,"[{""score"": ""0 - 1"", ""pct"": 13.16}, {""score"": ""0 - 2"", ""pct"": 12.120000000000001}, {""score"": ""1 - 2"", ""pct"": 10.35}]"
Qatar,Iraq,Neutral,0.842,1.858,15.1,23.6,61.3,14.6,2.7,4.0,62.5,7.5,8.7,21.3,78.7,"[{""score"": ""0 - 1"", ""pct"": 13.120000000000001}, {""score"": ""0 - 2"", ""pct"": 11.540000000000001}, {""score"": ""1 - 1"", ""pct"": 10.65}]"
Qatar,Mexico,Neutral,0.468,2.232,5.5,15.6,78.9,5.5,0.9,1.3,78.4,7.2,6.7,7.7,92.3,"[{""score"": ""0 - 2"", ""pct"": 16.75}, {""score"": ""0 - 1"", ""pct"": 16.34}, {""score"": ""0 - 3"", ""pct"": 11.97}]"
Qatar,Cape Verde,Neutral,1.163,1.537,26.9,26.8,46.3,27.8,5.0,6.4,45.0,7.2,8.6,39.2,60.8,"[{""score"": ""1 - 1"", ""pct"": 12.22}, {""score"": ""0 - 1"", ""pct"": 10.69}, {""score"": ""1 - 2"", ""pct"": 9.02}]"
Qatar,Canada,Neutral,0.582,2.118,7.9,18.8,73.3,8.0,1.6,2.1,73.1,7.2,7.8,11.8,88.2,"[{""score"": ""0 - 2"", ""pct"": 14.77}, {""score"": ""0 - 1"", ""pct"": 14.57}, {""score"": ""0 - 3"", ""pct"": 10.25}]"
Qatar,Egypt,Neutral,0.773,1.927,13.1,22.6,64.3,12.9,2.7,3.5,64.8,7.5,8.7,19.0,81.0,"[{""score"": ""0 - 1"", ""pct"": 13.63}, {""score"": ""0 - 2"", ""pct"": 12.27}, {""score"": ""1 - 1"", ""pct"": 10.290000000000001}]"
Qatar,Spain,Neutral,0.329,2.371,3.0,12.7,84.2,3.2,0.6,0.9,83.4,5.9,6.1,4.7,95.3,"[{""score"": ""0 - 2"", ""pct"": 18.89}, {""score"": ""0 - 1"", ""pct"": 16.79}, {""score"": ""0 - 3"", ""pct"": 15.82}]"
Qatar,Portugal,Neutral,0.423,2.277,4.6,15.5,79.9,4.5,0.9,1.3,80.5,6.1,6.7,6.7,93.3,"[{""score"": ""0 - 2"", ""pct"": 16.939999999999998}, {""score"": ""0 - 1"", ""pct"": 15.97}, {""score"": ""0 - 3"", ""pct"": 13.4}]"
Qatar,Turkey,Neutral,0.537,2.163,6.9,16.8,76.3,6.7,1.4,1.7,75.8,6.7,7.7,9.8,90.2,"[{""score"": ""0 - 2"", ""pct"": 15.53}, {""score"": ""0 - 1"", ""pct"": 15.35}, {""score"": ""0 - 3"", ""pct"": 11.35}]"
Qatar,New Zealand,Neutral,0.928,1.772,18.5,24.6,57.0,18.1,3.5,4.6,57.3,7.5,9.1,26.1,73.9,"[{""score"": ""0 - 1"", ""pct"": 12.030000000000001}, {""score"": ""1 - 1"", ""pct"": 11.55}, {""score"": ""0 - 2"", ""pct"": 10.16}]"
Qatar,England,Neutral,0.392,2.308,3.9,14.5,81.5,4.4,0.7,1.2,81.5,6.2,6.0,6.3,93.7,"[{""score"": ""0 - 2"", ""pct"": 17.23}, {""score"": ""0 - 1"", ""pct"": 16.1}, {""score"": ""0 - 3"", ""pct"": 13.930000000000001}]"
Qatar,Haiti,Neutral,0.886,1.814,16.3,24.0,59.7,17.4,3.0,3.9,59.8,7.3,8.6,24.3,75.7,"[{""score"": ""0 - 1"", ""pct"": 12.889999999999999}, {""score"": ""1 - 1"", ""pct"": 11.16}, {""score"": ""0 - 2"", ""pct"": 10.71}]"
Qatar,Scotland,Neutral,0.725,1.975,12.2,21.1,66.7,12.0,2.4,2.9,68.0,7.1,7.6,17.3,82.7,"[{""score"": ""0 - 1"", ""pct"": 13.87}, {""score"": ""0 - 2"", ""pct"": 13.34}, {""score"": ""1 - 2"", ""pct"": 9.67}]"
Qatar,Germany,Neutral,0.486,2.214,5.9,16.6,77.5,5.5,1.1,1.5,78.1,6.9,7.0,8.1,91.9,"[{""score"": ""0 - 2"", ""pct"": 16.03}, {""score"": ""0 - 1"", ""pct"": 15.959999999999999}, {""score"": ""0 - 3"", ""pct"": 11.68}]"
Qatar,Japan,Neutral,0.436,2.264,5.1,15.1,79.8,4.9,1.0,1.3,80.2,6.3,6.3,7.1,92.9,"[{""score"": ""0 - 2"", ""pct"": 17.37}, {""score"": ""0 - 1"", ""pct"": 16.72}, {""score"": ""0 - 3"", ""pct"": 12.25}]"
Qatar,Curaçao,Neutral,1.205,1.495,29.6,26.8,43.5,29.9,5.0,6.4,44.3,6.5,8.0,41.2,58.8,"[{""score"": ""1 - 1"", ""pct"": 12.22}, {""score"": ""0 - 1"", ""pct"": 10.2}, {""score"": ""1 - 2"", ""pct"": 8.799999999999999}]"
Qatar,Uruguay,Neutral,0.475,2.225,5.6,17.0,77.4,5.5,1.0,1.5,78.9,5.9,7.1,8.0,92.0,"[{""score"": ""0 - 2"", ""pct"": 15.93}, {""score"": ""0 - 1"", ""pct"": 15.85}, {""score"": ""0 - 3"", ""pct"": 12.06}]"
Qatar,Sweden,Neutral,0.956,1.744,18.9,25.0,56.1,19.6,3.7,4.5,55.7,7.6,8.8,27.9,72.1,"[{""score"": ""0 - 1"", ""pct"": 11.77}, {""score"": ""1 - 1"", ""pct"": 11.64}, {""score"": ""0 - 2"", ""pct"": 10.620000000000001}]"
Qatar,Iran,Neutral,0.531,2.169,6.9,16.8,76.3,7.2,1.3,1.4,76.1,6.8,7.2,9.9,90.1,"[{""score"": ""0 - 2"", ""pct"": 15.9}, {""score"": ""0 - 1"", ""pct"": 15.42}, {""score"": ""0 - 3"", ""pct"": 11.39}]"
Qatar,United States,Neutral,0.674,2.026,10.7,19.8,69.5,10.5,2.0,2.5,69.9,6.9,8.1,15.0,85.0,"[{""score"": ""0 - 1"", ""pct"": 14.52}, {""score"": ""0 - 2"", ""pct"": 13.8}, {""score"": ""1 - 2"", ""pct"": 9.520000000000001}]"
Qatar,Jordan,Neutral,0.706,1.994,11.3,20.7,68.0,11.0,2.2,2.8,68.1,7.5,8.4,16.0,84.0,"[{""score"": ""0 - 1"", ""pct"": 13.96}, {""score"": ""0 - 2"", ""pct"": 12.790000000000001}, {""score"": ""1 - 2"", ""pct"": 9.73}]"
Qatar,Ghana,Neutral,1.172,1.528,28.2,26.4,45.4,27.7,5.2,6.7,44.9,7.0,8.5,39.6,60.4,"[{""score"": ""1 - 1"", ""pct"": 12.0}, {""score"": ""0 - 1"", ""pct"": 10.43}, {""score"": ""1 - 2"", ""pct"": 8.91}]"
Qatar,Czech Republic,Neutral,0.81,1.89,15.0,22.4,62.6,14.4,2.7,3.8,63.2,7.5,8.3,21.0,79.0,"[{""score"": ""0 - 1"", ""pct"": 12.889999999999999}, {""score"": ""0 - 2"", ""pct"": 11.559999999999999}, {""score"": ""1 - 2"", ""pct"": 9.969999999999999}]"
Qatar,Croatia,Neutral,0.506,2.194,6.3,16.4,77.3,6.3,1.3,1.7,76.7,6.8,7.1,9.4,90.6,"[{""score"": ""0 - 2"", ""pct"": 16.509999999999998}, {""score"": ""0 - 1"", ""pct"": 15.21}, {""score"": ""0 - 3"", ""pct"": 11.62}]"
Qatar,Ecuador,Neutral,0.439,2.261,5.0,15.4,79.6,4.7,1.0,1.5,79.7,6.5,6.7,7.2,92.8,"[{""score"": ""0 - 2"", ""pct"": 17.61}, {""score"": ""0 - 1"", ""pct"": 15.43}, {""score"": ""0 - 3"", ""pct"": 12.65}]"
Qatar,Brazil,Neutral,0.41,2.29,4.7,15.4,79.9,4.4,0.9,1.1,81.4,5.9,6.3,6.4,93.6,"[{""score"": ""0 - 2"", ""pct"": 17.380000000000003}, {""score"": ""0 - 1"", ""pct"": 15.870000000000001}, {""score"": ""0 - 3"", ""pct"": 12.620000000000001}]"
Qatar,Bosnia and Herzegovina,Neutral,1.246,1.454,31.7,27.6,40.7,31.3,5.6,6.7,42.2,6.7,7.5,43.6,56.4,"[{""score"": ""1 - 1"", ""pct"": 12.030000000000001}, {""score"": ""0 - 1"", ""pct"": 10.190000000000001}, {""score"": ""1 - 2"", ""pct"": 8.9}]"
Qatar,South Africa,Neutral,1.083,1.617,24.3,25.6,50.1,24.7,4.4,5.6,49.5,7.6,8.2,34.7,65.3,"[{""score"": ""1 - 1"", ""pct"": 11.81}, {""score"": ""0 - 1"", ""pct"": 11.020000000000001}, {""score"": ""1 - 2"", ""pct"": 9.74}]"
Qatar,Paraguay,Neutral,0.563,2.137,7.9,17.8,74.3,7.2,1.5,2.1,74.0,7.5,7.7,10.9,89.1,"[{""score"": ""0 - 2"", ""pct"": 15.260000000000002}, {""score"": ""0 - 1"", ""pct"": 14.64}, {""score"": ""0 - 3"", ""pct"": 10.94}]"
Qatar,Belgium,Neutral,0.544,2.156,6.9,17.6,75.5,7.1,1.5,1.8,74.9,6.8,7.9,10.4,89.6,"[{""score"": ""0 - 2"", ""pct"": 15.61}, {""score"": ""0 - 1"", ""pct"": 15.509999999999998}, {""score"": ""0 - 3"", ""pct"": 10.549999999999999}]"
Qatar,Norway,Neutral,0.528,2.172,6.8,17.3,75.8,6.8,1.4,1.8,76.0,6.8,7.2,10.0,90.0,"[{""score"": ""0 - 2"", ""pct"": 15.909999999999998}, {""score"": ""0 - 1"", ""pct"": 14.05}, {""score"": ""0 - 3"", ""pct"": 11.42}]"
Qatar,Algeria,Neutral,0.578,2.122,7.6,18.4,74.0,7.6,1.5,1.9,74.0,7.1,7.9,11.0,89.0,"[{""score"": ""0 - 2"", ""pct"": 15.25}, {""score"": ""0 - 1"", ""pct"": 14.17}, {""score"": ""0 - 3"", ""pct"": 9.950000000000001}]"
Panama,Ivory Coast,Neutral,1.509,1.191,45.2,26.4,28.4,44.0,7.0,7.9,28.9,5.6,6.7,58.9,41.1,"[{""score"": ""1 - 1"", ""pct"": 12.32}, {""score"": ""1 - 0"", ""pct"": 10.9}, {""score"": ""2 - 1"", ""pct"": 9.120000000000001}]"
Panama,Uzbekistan,Neutral,1.321,1.379,35.2,26.4,38.4,34.5,6.0,7.2,38.5,6.4,7.4,47.7,52.3,"[{""score"": ""1 - 1"", ""pct"": 12.34}, {""score"": ""0 - 1"", ""pct"": 9.35}, {""score"": ""1 - 0"", ""pct"": 8.74}]"
Panama,Qatar,Neutral,2.074,0.626,70.7,20.0,9.3,71.3,6.9,8.3,9.3,1.8,2.3,86.5,13.5,"[{""score"": ""2 - 0"", ""pct"": 14.41}, {""score"": ""1 - 0"", ""pct"": 14.16}, {""score"": ""3 - 0"", ""pct"": 9.26}]"
Panama,Saudi Arabia,Neutral,1.773,0.927,57.1,24.6,18.3,57.3,7.2,8.8,19.2,3.3,4.2,73.3,26.7,"[{""score"": ""1 - 0"", ""pct"": 12.47}, {""score"": ""1 - 1"", ""pct"": 10.93}, {""score"": ""2 - 0"", ""pct"": 10.4}]"
Panama,Tunisia,Neutral,1.689,1.011,53.8,24.8,21.4,52.8,7.6,9.2,20.7,4.3,5.3,69.7,30.3,"[{""score"": ""1 - 0"", ""pct"": 11.66}, {""score"": ""1 - 1"", ""pct"": 11.18}, {""score"": ""2 - 1"", ""pct"": 9.64}]"
Panama,Austria,Neutral,1.441,1.259,40.4,27.3,32.3,40.2,6.8,7.7,33.1,5.4,6.8,54.7,45.3,"[{""score"": ""1 - 1"", ""pct"": 11.98}, {""score"": ""1 - 0"", ""pct"": 10.08}, {""score"": ""2 - 1"", ""pct"": 9.2}]"
Panama,Senegal,Neutral,1.198,1.502,29.6,26.5,43.9,29.6,5.2,6.5,43.3,7.3,8.2,41.2,58.8,"[{""score"": ""1 - 1"", ""pct"": 12.21}, {""score"": ""0 - 1"", ""pct"": 10.24}, {""score"": ""1 - 2"", ""pct"": 9.049999999999999}]"
Panama,Netherlands,Neutral,1.042,1.658,22.4,26.3,51.3,23.1,4.0,5.4,51.9,7.5,8.2,32.4,67.6,"[{""score"": ""1 - 1"", ""pct"": 12.15}, {""score"": ""0 - 1"", ""pct"": 11.87}, {""score"": ""1 - 2"", ""pct"": 9.24}]"
Panama,Colombia,Neutral,0.849,1.851,15.4,23.2,61.3,16.4,3.0,4.2,60.4,7.6,8.4,23.6,76.4,"[{""score"": ""0 - 1"", ""pct"": 13.56}, {""score"": ""0 - 2"", ""pct"": 11.48}, {""score"": ""1 - 1"", ""pct"": 10.530000000000001}]"
Panama,South Korea,Neutral,1.204,1.496,29.8,26.9,43.3,29.2,5.3,6.6,44.1,6.5,8.1,41.2,58.8,"[{""score"": ""1 - 1"", ""pct"": 12.16}, {""score"": ""0 - 1"", ""pct"": 9.82}, {""score"": ""1 - 2"", ""pct"": 9.11}]"
Panama,Switzerland,Neutral,1.229,1.471,31.8,26.6,41.6,31.3,5.1,7.0,42.2,6.5,7.8,43.5,56.5,"[{""score"": ""1 - 1"", ""pct"": 12.25}, {""score"": ""0 - 1"", ""pct"": 10.05}, {""score"": ""1 - 2"", ""pct"": 8.559999999999999}]"
Panama,Australia,Neutral,1.124,1.576,26.3,27.0,46.8,26.5,4.7,6.2,47.8,6.5,8.3,37.4,62.6,"[{""score"": ""1 - 1"", ""pct"": 12.04}, {""score"": ""0 - 1"", ""pct"": 11.41}, {""score"": ""1 - 2"", ""pct"": 9.07}]"
Panama,France,Neutral,0.737,1.963,11.9,21.6,66.5,12.2,2.4,3.2,67.2,7.0,7.9,17.9,82.1,"[{""score"": ""0 - 1"", ""pct"": 13.52}, {""score"": ""0 - 2"", ""pct"": 12.67}, {""score"": ""1 - 2"", ""pct"": 9.700000000000001}]"
Panama,Morocco,Neutral,0.938,1.762,18.3,23.8,57.9,18.4,3.7,4.2,57.5,7.5,8.7,26.3,73.7,"[{""score"": ""0 - 1"", ""pct"": 12.6}, {""score"": ""1 - 1"", ""pct"": 11.129999999999999}, {""score"": ""1 - 2"", ""pct"": 10.290000000000001}]"
Panama,Argentina,Neutral,0.578,2.122,7.9,18.2,73.9,7.6,1.5,2.0,73.9,7.2,8.0,11.0,89.0,"[{""score"": ""0 - 2"", ""pct"": 15.24}, {""score"": ""0 - 1"", ""pct"": 14.85}, {""score"": ""0 - 3"", ""pct"": 10.84}]"
Panama,DR Congo,Neutral,1.605,1.095,48.6,25.9,25.4,49.2,6.8,8.7,25.0,4.6,5.7,64.7,35.3,"[{""score"": ""1 - 1"", ""pct"": 11.75}, {""score"": ""1 - 0"", ""pct"": 10.93}, {""score"": ""2 - 1"", ""pct"": 9.07}]"
Panama,Iraq,Neutral,1.66,1.04,50.9,26.2,22.8,51.7,7.5,8.5,22.7,4.3,5.3,67.7,32.3,"[{""score"": ""1 - 1"", ""pct"": 11.78}, {""score"": ""1 - 0"", ""pct"": 10.61}, {""score"": ""2 - 1"", ""pct"": 9.6}]"
Panama,Mexico,Neutral,1.014,1.686,21.3,25.7,53.0,21.5,3.9,4.9,54.0,7.0,8.7,30.3,69.7,"[{""score"": ""1 - 1"", ""pct"": 11.700000000000001}, {""score"": ""0 - 1"", ""pct"": 11.5}, {""score"": ""1 - 2"", ""pct"": 10.11}]"
Panama,Cape Verde,Neutral,1.954,0.746,66.7,20.8,12.5,65.6,7.8,8.2,12.7,2.6,3.1,81.5,18.5,"[{""score"": ""1 - 0"", ""pct"": 13.669999999999998}, {""score"": ""2 - 0"", ""pct"": 12.91}, {""score"": ""2 - 1"", ""pct"": 9.76}]"
Panama,Canada,Neutral,1.269,1.431,32.5,26.9,40.6,31.7,5.6,7.5,40.6,6.9,7.6,44.9,55.1,"[{""score"": ""1 - 1"", ""pct"": 12.44}, {""score"": ""1 - 2"", ""pct"": 9.32}, {""score"": ""0 - 1"", ""pct"": 9.26}]"
Panama,Egypt,Neutral,1.575,1.125,47.4,26.6,26.0,47.5,7.3,8.5,26.2,4.7,5.9,63.2,36.8,"[{""score"": ""1 - 1"", ""pct"": 12.35}, {""score"": ""1 - 0"", ""pct"": 10.82}, {""score"": ""2 - 1"", ""pct"": 9.610000000000001}]"
Panama,Spain,Neutral,0.587,2.113,8.4,18.7,72.9,7.8,1.6,2.0,74.0,6.7,7.8,11.4,88.6,"[{""score"": ""0 - 2"", ""pct"": 15.299999999999999}, {""score"": ""0 - 1"", ""pct"": 15.299999999999999}, {""score"": ""0 - 3"", ""pct"": 9.91}]"
Panama,Portugal,Neutral,0.895,1.805,17.1,23.5,59.4,17.5,3.2,4.4,58.2,7.5,9.2,25.1,74.9,"[{""score"": ""0 - 1"", ""pct"": 13.04}, {""score"": ""0 - 2"", ""pct"": 10.63}, {""score"": ""1 - 1"", ""pct"": 10.43}]"
Panama,Turkey,Neutral,1.177,1.523,28.6,26.5,44.9,28.3,5.1,6.4,45.1,6.9,8.1,39.9,60.1,"[{""score"": ""1 - 1"", ""pct"": 11.93}, {""score"": ""0 - 1"", ""pct"": 11.1}, {""score"": ""1 - 2"", ""pct"": 8.44}]"
Panama,New Zealand,Neutral,1.754,0.946,56.3,24.4,19.3,56.2,7.7,8.3,19.6,3.7,4.6,72.2,27.8,"[{""score"": ""1 - 0"", ""pct"": 12.559999999999999}, {""score"": ""1 - 1"", ""pct"": 11.01}, {""score"": ""2 - 0"", ""pct"": 10.05}]"
Panama,England,Neutral,0.8,1.9,14.4,21.9,63.8,14.2,2.6,3.2,63.9,7.3,8.8,20.0,80.0,"[{""score"": ""0 - 1"", ""pct"": 13.96}, {""score"": ""0 - 2"", ""pct"": 11.25}, {""score"": ""1 - 2"", ""pct"": 10.280000000000001}]"
Panama,Haiti,Neutral,1.71,0.99,54.2,25.0,20.8,54.4,7.6,8.5,20.3,4.2,5.0,70.5,29.5,"[{""score"": ""1 - 0"", ""pct"": 12.049999999999999}, {""score"": ""1 - 1"", ""pct"": 11.08}, {""score"": ""2 - 0"", ""pct"": 9.78}]"
Panama,Scotland,Neutral,1.508,1.192,45.2,26.5,28.4,44.9,7.0,8.5,28.1,5.1,6.4,60.4,39.6,"[{""score"": ""1 - 1"", ""pct"": 11.77}, {""score"": ""1 - 0"", ""pct"": 11.09}, {""score"": ""2 - 1"", ""pct"": 9.15}]"
Panama,Germany,Neutral,1.06,1.64,23.9,25.9,50.2,23.2,4.7,5.7,50.4,7.2,8.8,33.6,66.4,"[{""score"": ""1 - 1"", ""pct"": 11.78}, {""score"": ""0 - 1"", ""pct"": 11.08}, {""score"": ""1 - 2"", ""pct"": 9.520000000000001}]"
Panama,Japan,Neutral,0.931,1.769,17.9,24.1,58.1,18.0,3.2,4.9,57.2,7.7,9.0,26.1,73.9,"[{""score"": ""0 - 1"", ""pct"": 12.21}, {""score"": ""1 - 1"", ""pct"": 10.870000000000001}, {""score"": ""0 - 2"", ""pct"": 10.75}]"
Panama,Curaçao,Neutral,1.984,0.716,67.9,20.7,11.4,67.2,7.6,8.3,11.8,2.1,3.1,83.0,17.0,"[{""score"": ""1 - 0"", ""pct"": 13.77}, {""score"": ""2 - 0"", ""pct"": 13.13}, {""score"": ""2 - 1"", ""pct"": 9.31}]"
Panama,Uruguay,Neutral,1.033,1.667,22.2,25.1,52.7,21.7,4.2,5.5,51.9,7.7,8.9,31.4,68.5,"[{""score"": ""0 - 1"", ""pct"": 11.53}, {""score"": ""1 - 1"", ""pct"": 11.26}, {""score"": ""1 - 2"", ""pct"": 10.059999999999999}]"
Panama,Sweden,Neutral,1.782,0.918,57.9,24.4,17.8,57.6,7.2,8.9,18.4,3.5,4.4,73.8,26.2,"[{""score"": ""1 - 0"", ""pct"": 12.43}, {""score"": ""1 - 1"", ""pct"": 11.28}, {""score"": ""2 - 0"", ""pct"": 10.69}]"
Panama,Iran,Neutral,1.163,1.537,27.4,26.7,45.9,28.0,5.1,6.5,45.3,7.1,8.1,39.6,60.4,"[{""score"": ""1 - 1"", ""pct"": 11.91}, {""score"": ""0 - 1"", ""pct"": 11.110000000000001}, {""score"": ""1 - 2"", ""pct"": 9.41}]"
Panama,United States,Neutral,1.43,1.27,40.6,27.2,32.3,40.8,6.3,7.4,32.6,5.6,7.3,54.5,45.5,"[{""score"": ""1 - 1"", ""pct"": 12.1}, {""score"": ""1 - 0"", ""pct"": 10.09}, {""score"": ""2 - 1"", ""pct"": 8.82}]"
Panama,Jordan,Neutral,1.48,1.22,42.8,27.2,30.0,42.0,6.7,8.3,31.1,5.3,6.7,57.0,43.0,"[{""score"": ""1 - 1"", ""pct"": 11.91}, {""score"": ""1 - 0"", ""pct"": 10.16}, {""score"": ""2 - 1"", ""pct"": 8.6}]"
Panama,Ghana,Neutral,1.961,0.739,66.8,21.6,11.6,66.7,7.4,8.0,12.2,2.4,3.2,82.1,17.9,"[{""score"": ""1 - 0"", ""pct"": 13.77}, {""score"": ""2 - 0"", ""pct"": 13.209999999999999}, {""score"": ""2 - 1"", ""pct"": 9.76}]"
Panama,Czech Republic,Neutral,1.622,1.078,50.2,25.6,24.1,49.5,7.1,9.0,24.2,4.2,5.9,65.6,34.4,"[{""score"": ""1 - 1"", ""pct"": 11.83}, {""score"": ""1 - 0"", ""pct"": 11.540000000000001}, {""score"": ""2 - 1"", ""pct"": 9.43}]"
Panama,Croatia,Neutral,1.107,1.593,24.8,26.9,48.3,24.5,4.5,6.2,49.4,7.4,8.1,35.1,64.9,"[{""score"": ""1 - 1"", ""pct"": 12.13}, {""score"": ""0 - 1"", ""pct"": 11.23}, {""score"": ""1 - 2"", ""pct"": 9.25}]"
Panama,Ecuador,Neutral,0.938,1.762,18.6,24.1,57.3,17.8,3.8,4.7,57.0,7.3,9.3,26.4,73.6,"[{""score"": ""0 - 1"", ""pct"": 12.6}, {""score"": ""1 - 1"", ""pct"": 11.21}, {""score"": ""0 - 2"", ""pct"": 10.39}]"
Panama,Brazil,Neutral,0.856,1.844,15.9,23.0,61.0,15.9,2.9,3.9,60.7,7.6,9.0,22.7,77.3,"[{""score"": ""0 - 1"", ""pct"": 12.959999999999999}, {""score"": ""0 - 2"", ""pct"": 11.12}, {""score"": ""1 - 1"", ""pct"": 10.59}]"
Panama,Bosnia and Herzegovina,Neutral,2.011,0.689,68.8,20.5,10.7,68.8,7.3,8.0,10.7,2.2,3.1,84.1,15.9,"[{""score"": ""1 - 0"", ""pct"": 14.17}, {""score"": ""2 - 0"", ""pct"": 13.889999999999999}, {""score"": ""2 - 1"", ""pct"": 9.379999999999999}]"
Panama,South Africa,Neutral,1.893,0.807,63.8,22.7,13.4,63.3,7.8,8.3,14.5,2.6,3.5,79.4,20.6,"[{""score"": ""1 - 0"", ""pct"": 13.33}, {""score"": ""2 - 0"", ""pct"": 12.06}, {""score"": ""1 - 1"", ""pct"": 10.13}]"
Panama,Paraguay,Neutral,1.23,1.47,30.7,27.4,41.9,30.3,5.1,6.4,43.2,6.5,8.4,41.9,58.1,"[{""score"": ""1 - 1"", ""pct"": 12.389999999999999}, {""score"": ""0 - 1"", ""pct"": 10.03}, {""score"": ""1 - 0"", ""pct"": 8.780000000000001}]"
Panama,Belgium,Neutral,1.192,1.508,29.8,26.8,43.4,29.1,5.1,6.6,44.5,6.7,8.0,40.8,59.1,"[{""score"": ""1 - 1"", ""pct"": 11.48}, {""score"": ""0 - 1"", ""pct"": 10.61}, {""score"": ""1 - 0"", ""pct"": 8.34}]"
Panama,Norway,Neutral,1.157,1.543,27.0,27.7,45.3,27.6,4.7,6.4,45.9,7.1,8.4,38.7,61.3,"[{""score"": ""1 - 1"", ""pct"": 12.879999999999999}, {""score"": ""0 - 1"", ""pct"": 10.6}, {""score"": ""1 - 2"", ""pct"": 9.19}]"
Panama,Algeria,Neutral,1.261,1.439,31.9,26.7,41.3,31.8,5.8,7.3,40.5,6.4,8.2,44.9,55.1,"[{""score"": ""1 - 1"", ""pct"": 11.93}, {""score"": ""0 - 1"", ""pct"": 10.01}, {""score"": ""1 - 2"", ""pct"": 9.13}]"
Saudi Arabia,Ivory Coast,Neutral,1.071,1.629,23.6,25.5,50.9,23.6,4.5,5.6,49.8,7.5,9.0,33.8,66.2,"[{""score"": ""0 - 1"", ""pct"": 11.39}, {""score"": ""1 - 1"", ""pct"": 11.39}, {""score"": ""1 - 2"", ""pct"": 9.950000000000001}]"
Saudi Arabia,Uzbekistan,Neutral,0.903,1.797,16.9,23.9,59.2,17.7,3.2,4.2,59.2,7.3,8.4,25.1,74.9,"[{""score"": ""0 - 1"", ""pct"": 12.91}, {""score"": ""1 - 1"", ""pct"": 11.07}, {""score"": ""0 - 2"", ""pct"": 10.59}]"
Saudi Arabia,Qatar,Neutral,1.753,0.947,56.9,24.0,19.1,56.3,7.7,8.4,19.4,3.6,4.5,72.4,27.6,"[{""score"": ""1 - 0"", ""pct"": 12.53}, {""score"": ""1 - 1"", ""pct"": 11.0}, {""score"": ""2 - 0"", ""pct"": 10.08}]"
Saudi Arabia,Panama,Neutral,0.927,1.773,19.1,23.8,57.1,18.5,3.6,4.3,57.3,7.7,8.6,26.4,73.6,"[{""score"": ""0 - 1"", ""pct"": 12.57}, {""score"": ""1 - 1"", ""pct"": 10.73}, {""score"": ""1 - 2"", ""pct"": 10.32}]"
Saudi Arabia,Tunisia,Neutral,1.255,1.445,31.2,27.9,40.9,32.3,5.2,6.8,40.9,6.3,8.5,44.3,55.7,"[{""score"": ""1 - 1"", ""pct"": 13.11}, {""score"": ""0 - 1"", ""pct"": 9.75}, {""score"": ""1 - 2"", ""pct"": 9.08}]"
Saudi Arabia,Austria,Neutral,1.008,1.692,21.3,25.5,53.2,21.5,4.0,5.4,53.1,7.1,8.9,30.9,69.1,"[{""score"": ""1 - 1"", ""pct"": 11.92}, {""score"": ""0 - 1"", ""pct"": 11.459999999999999}, {""score"": ""1 - 2"", ""pct"": 9.969999999999999}]"
Saudi Arabia,Senegal,Neutral,0.805,1.895,13.8,22.1,64.1,13.9,2.8,3.9,63.2,7.5,8.7,20.6,79.4,"[{""score"": ""0 - 1"", ""pct"": 13.52}, {""score"": ""0 - 2"", ""pct"": 11.78}, {""score"": ""1 - 1"", ""pct"": 10.03}]"
Saudi Arabia,Netherlands,Neutral,0.69,2.01,10.8,20.0,69.2,11.3,2.2,2.9,69.0,6.8,7.9,16.3,83.7,"[{""score"": ""0 - 1"", ""pct"": 14.540000000000001}, {""score"": ""0 - 2"", ""pct"": 13.41}, {""score"": ""1 - 2"", ""pct"": 9.959999999999999}]"
Saudi Arabia,Colombia,Neutral,0.564,2.136,7.2,18.7,74.1,7.4,1.4,2.1,74.6,6.9,7.6,10.9,89.1,"[{""score"": ""0 - 2"", ""pct"": 15.629999999999999}, {""score"": ""0 - 1"", ""pct"": 14.96}, {""score"": ""0 - 3"", ""pct"": 10.45}]"
Saudi Arabia,South Korea,Neutral,0.809,1.891,14.1,23.0,62.9,14.5,2.8,3.4,63.0,8.2,8.2,20.6,79.4,"[{""score"": ""0 - 1"", ""pct"": 13.270000000000001}, {""score"": ""0 - 2"", ""pct"": 11.63}, {""score"": ""1 - 1"", ""pct"": 10.2}]"
Saudi Arabia,Switzerland,Neutral,0.829,1.871,15.1,22.9,62.0,15.1,3.1,3.7,61.6,7.7,8.9,21.8,78.2,"[{""score"": ""0 - 1"", ""pct"": 13.08}, {""score"": ""0 - 2"", ""pct"": 11.98}, {""score"": ""1 - 1"", ""pct"": 10.280000000000001}]"
Saudi Arabia,Australia,Neutral,0.749,1.951,11.9,21.3,66.7,12.2,2.4,3.1,67.2,7.5,7.6,17.7,82.3,"[{""score"": ""0 - 1"", ""pct"": 13.51}, {""score"": ""0 - 2"", ""pct"": 12.73}, {""score"": ""1 - 2"", ""pct"": 9.73}]"
Saudi Arabia,France,Neutral,0.497,2.203,6.0,16.3,77.7,5.9,1.3,1.6,77.3,6.4,7.6,8.7,91.3,"[{""score"": ""0 - 2"", ""pct"": 16.470000000000002}, {""score"": ""0 - 1"", ""pct"": 16.03}, {""score"": ""0 - 3"", ""pct"": 11.33}]"
Saudi Arabia,Morocco,Neutral,0.621,2.079,8.8,19.7,71.5,8.7,1.8,2.2,73.0,6.7,7.7,12.7,87.3,"[{""score"": ""0 - 1"", ""pct"": 15.010000000000002}, {""score"": ""0 - 2"", ""pct"": 13.850000000000001}, {""score"": ""0 - 3"", ""pct"": 9.4}]"
Saudi Arabia,Argentina,Neutral,0.409,2.291,4.5,15.1,80.4,4.6,0.9,1.2,80.6,6.2,6.6,6.6,93.4,"[{""score"": ""0 - 2"", ""pct"": 17.45}, {""score"": ""0 - 1"", ""pct"": 16.06}, {""score"": ""0 - 3"", ""pct"": 13.61}]"
Saudi Arabia,DR Congo,Neutral,1.167,1.533,28.6,27.0,44.4,28.0,5.1,6.6,44.7,7.1,8.5,39.7,60.3,"[{""score"": ""1 - 1"", ""pct"": 12.659999999999998}, {""score"": ""0 - 1"", ""pct"": 10.440000000000001}, {""score"": ""1 - 2"", ""pct"": 8.99}]"
Saudi Arabia,Iraq,Neutral,1.224,1.476,30.9,27.0,42.1,30.8,5.0,6.6,42.6,6.9,8.0,42.5,57.5,"[{""score"": ""1 - 1"", ""pct"": 12.690000000000001}, {""score"": ""0 - 1"", ""pct"": 10.11}, {""score"": ""1 - 2"", ""pct"": 9.3}]"
Saudi Arabia,Mexico,Neutral,0.671,2.029,10.1,20.4,69.5,10.3,2.0,2.7,69.9,6.9,8.2,15.0,85.0,"[{""score"": ""0 - 1"", ""pct"": 14.04}, {""score"": ""0 - 2"", ""pct"": 13.96}, {""score"": ""1 - 2"", ""pct"": 9.370000000000001}]"
Saudi Arabia,Cape Verde,Neutral,1.58,1.12,48.4,25.4,26.2,47.9,7.0,8.9,25.4,4.9,5.9,63.8,36.2,"[{""score"": ""1 - 1"", ""pct"": 11.27}, {""score"": ""1 - 0"", ""pct"": 11.16}, {""score"": ""2 - 1"", ""pct"": 9.84}]"
Saudi Arabia,Canada,Neutral,0.86,1.84,16.3,23.1,60.7,16.3,2.9,4.3,60.2,7.6,8.7,23.5,76.5,"[{""score"": ""0 - 1"", ""pct"": 13.26}, {""score"": ""0 - 2"", ""pct"": 11.110000000000001}, {""score"": ""1 - 1"", ""pct"": 10.59}]"
Saudi Arabia,Egypt,Neutral,1.135,1.565,26.2,27.2,46.6,26.2,4.7,6.0,47.7,6.8,8.7,36.8,63.2,"[{""score"": ""1 - 1"", ""pct"": 12.479999999999999}, {""score"": ""0 - 1"", ""pct"": 10.639999999999999}, {""score"": ""1 - 2"", ""pct"": 8.85}]"
Saudi Arabia,Spain,Neutral,0.414,2.286,4.3,15.3,80.4,4.8,0.8,1.2,80.4,6.4,6.3,6.8,93.1,"[{""score"": ""0 - 2"", ""pct"": 17.299999999999997}, {""score"": ""0 - 1"", ""pct"": 16.259999999999998}, {""score"": ""0 - 3"", ""pct"": 13.530000000000001}]"
Saudi Arabia,Portugal,Neutral,0.593,2.107,8.3,19.1,72.7,8.0,1.6,2.3,72.7,7.4,8.1,11.8,88.2,"[{""score"": ""0 - 2"", ""pct"": 14.67}, {""score"": ""0 - 1"", ""pct"": 14.63}, {""score"": ""0 - 3"", ""pct"": 10.18}]"
Saudi Arabia,Turkey,Neutral,0.789,1.911,13.4,22.9,63.7,13.9,2.8,3.0,63.8,7.7,8.8,19.7,80.3,"[{""score"": ""0 - 1"", ""pct"": 13.01}, {""score"": ""0 - 2"", ""pct"": 11.74}, {""score"": ""1 - 1"", ""pct"": 10.08}]"
Saudi Arabia,New Zealand,Neutral,1.329,1.371,34.5,27.9,37.5,34.5,5.7,7.1,38.5,6.2,8.0,47.4,52.6,"[{""score"": ""1 - 1"", ""pct"": 12.34}, {""score"": ""0 - 1"", ""pct"": 9.83}, {""score"": ""1 - 0"", ""pct"": 8.57}]"
Saudi Arabia,England,Neutral,0.534,2.166,6.7,17.0,76.2,6.7,1.2,1.8,76.2,6.9,7.2,9.7,90.3,"[{""score"": ""0 - 2"", ""pct"": 15.870000000000001}, {""score"": ""0 - 1"", ""pct"": 15.379999999999999}, {""score"": ""0 - 3"", ""pct"": 11.23}]"
Saudi Arabia,Haiti,Neutral,1.278,1.422,33.4,27.7,39.0,32.6,5.7,7.4,39.9,6.1,8.3,45.7,54.3,"[{""score"": ""1 - 1"", ""pct"": 12.389999999999999}, {""score"": ""0 - 1"", ""pct"": 9.29}, {""score"": ""1 - 0"", ""pct"": 8.5}]"
Saudi Arabia,Scotland,Neutral,1.07,1.63,24.4,25.1,50.5,23.9,4.5,5.4,50.3,7.1,8.7,33.9,66.1,"[{""score"": ""1 - 1"", ""pct"": 11.42}, {""score"": ""0 - 1"", ""pct"": 11.29}, {""score"": ""1 - 2"", ""pct"": 10.01}]"
Saudi Arabia,Germany,Neutral,0.703,1.997,11.3,20.9,67.8,11.0,2.2,3.0,68.4,7.1,8.3,16.2,83.8,"[{""score"": ""0 - 1"", ""pct"": 13.77}, {""score"": ""0 - 2"", ""pct"": 13.309999999999999}, {""score"": ""1 - 2"", ""pct"": 9.48}]"
Saudi Arabia,Japan,Neutral,0.616,2.084,8.9,19.4,71.7,8.5,1.8,2.4,72.0,7.5,7.8,12.7,87.3,"[{""score"": ""0 - 1"", ""pct"": 14.97}, {""score"": ""0 - 2"", ""pct"": 14.37}, {""score"": ""0 - 3"", ""pct"": 9.65}]"
Saudi Arabia,Curaçao,Neutral,1.621,1.079,49.8,25.7,24.5,49.6,7.1,9.0,23.9,4.2,6.0,65.8,34.2,"[{""score"": ""1 - 1"", ""pct"": 11.600000000000001}, {""score"": ""1 - 0"", ""pct"": 11.29}, {""score"": ""2 - 1"", ""pct"": 9.68}]"
Saudi Arabia,Uruguay,Neutral,0.685,2.015,10.4,20.5,69.1,10.4,1.9,2.9,69.8,7.1,7.7,15.3,84.7,"[{""score"": ""0 - 1"", ""pct"": 14.13}, {""score"": ""0 - 2"", ""pct"": 13.33}, {""score"": ""1 - 2"", ""pct"": 9.33}]"
Saudi Arabia,Sweden,Neutral,1.361,1.339,37.5,26.8,35.8,36.7,6.3,7.3,36.0,6.3,7.4,50.3,49.7,"[{""score"": ""1 - 1"", ""pct"": 12.25}, {""score"": ""1 - 0"", ""pct"": 9.39}, {""score"": ""0 - 1"", ""pct"": 9.22}]"
Saudi Arabia,Iran,Neutral,0.778,1.922,13.3,21.6,65.1,13.5,2.5,3.6,64.7,7.4,8.3,19.6,80.4,"[{""score"": ""0 - 1"", ""pct"": 13.61}, {""score"": ""0 - 2"", ""pct"": 12.139999999999999}, {""score"": ""1 - 2"", ""pct"": 9.81}]"
Saudi Arabia,United States,Neutral,0.998,1.702,20.7,25.3,54.0,20.8,3.9,5.3,54.0,7.6,8.4,30.0,70.0,"[{""score"": ""0 - 1"", ""pct"": 11.690000000000001}, {""score"": ""1 - 1"", ""pct"": 11.63}, {""score"": ""0 - 2"", ""pct"": 9.94}]"
Saudi Arabia,Jordan,Neutral,1.044,1.656,23.7,24.5,51.7,23.1,4.3,5.5,51.5,7.3,8.2,32.9,67.0,"[{""score"": ""0 - 1"", ""pct"": 11.469999999999999}, {""score"": ""1 - 1"", ""pct"": 11.27}, {""score"": ""1 - 2"", ""pct"": 9.64}]"
Saudi Arabia,Ghana,Neutral,1.589,1.111,48.6,25.6,25.9,48.2,7.2,8.7,25.7,4.6,5.7,64.1,35.9,"[{""score"": ""1 - 1"", ""pct"": 11.379999999999999}, {""score"": ""1 - 0"", ""pct"": 10.45}, {""score"": ""2 - 1"", ""pct"": 9.74}]"
Saudi Arabia,Czech Republic,Neutral,1.183,1.517,29.2,26.0,44.8,28.4,5.1,6.8,44.7,6.9,8.0,40.4,59.6,"[{""score"": ""1 - 1"", ""pct"": 11.92}, {""score"": ""0 - 1"", ""pct"": 9.78}, {""score"": ""1 - 2"", ""pct"": 9.21}]"
Saudi Arabia,Croatia,Neutral,0.737,1.963,12.5,21.8,65.7,11.7,2.4,3.5,66.0,7.5,8.9,17.6,82.4,"[{""score"": ""0 - 1"", ""pct"": 13.819999999999999}, {""score"": ""0 - 2"", ""pct"": 12.5}, {""score"": ""1 - 1"", ""pct"": 9.569999999999999}]"
Saudi Arabia,Ecuador,Neutral,0.62,2.08,9.3,18.8,71.8,8.5,1.5,2.4,72.7,7.3,7.6,12.4,87.6,"[{""score"": ""0 - 2"", ""pct"": 14.09}, {""score"": ""0 - 1"", ""pct"": 14.06}, {""score"": ""0 - 3"", ""pct"": 10.22}]"
Saudi Arabia,Brazil,Neutral,0.568,2.132,7.8,18.6,73.5,7.6,1.2,2.1,74.5,7.2,7.4,11.0,89.0,"[{""score"": ""0 - 2"", ""pct"": 15.17}, {""score"": ""0 - 1"", ""pct"": 14.27}, {""score"": ""0 - 3"", ""pct"": 10.530000000000001}]"
Saudi Arabia,Bosnia and Herzegovina,Neutral,1.66,1.04,52.0,24.7,23.2,52.0,7.4,8.5,22.5,4.1,5.5,67.9,32.1,"[{""score"": ""1 - 0"", ""pct"": 11.74}, {""score"": ""1 - 1"", ""pct"": 10.95}, {""score"": ""2 - 1"", ""pct"": 9.74}]"
Saudi Arabia,South Africa,Neutral,1.499,1.201,43.4,27.1,29.5,44.4,6.3,8.2,29.3,4.9,6.9,58.9,41.1,"[{""score"": ""1 - 1"", ""pct"": 12.32}, {""score"": ""1 - 0"", ""pct"": 10.4}, {""score"": ""2 - 1"", ""pct"": 9.08}]"
Saudi Arabia,Paraguay,Neutral,0.829,1.871,14.7,22.1,63.2,15.4,2.8,4.2,61.8,7.2,8.5,22.5,77.5,"[{""score"": ""0 - 1"", ""pct"": 13.52}, {""score"": ""0 - 2"", ""pct"": 11.57}, {""score"": ""1 - 2"", ""pct"": 9.959999999999999}]"
Saudi Arabia,Belgium,Neutral,0.8,1.9,13.7,22.8,63.5,13.8,2.8,3.7,64.2,7.1,8.4,20.3,79.7,"[{""score"": ""0 - 1"", ""pct"": 13.59}, {""score"": ""0 - 2"", ""pct"": 12.04}, {""score"": ""1 - 1"", ""pct"": 10.040000000000001}]"
Saudi Arabia,Norway,Neutral,0.773,1.927,13.4,21.9,64.7,13.6,2.4,3.5,64.7,7.8,8.0,19.6,80.4,"[{""score"": ""0 - 1"", ""pct"": 13.34}, {""score"": ""0 - 2"", ""pct"": 11.68}, {""score"": ""1 - 1"", ""pct"": 9.89}]"
Saudi Arabia,Algeria,Neutral,0.854,1.846,16.1,23.1,60.8,16.0,2.9,3.9,60.5,7.8,8.9,22.8,77.2,"[{""score"": ""0 - 1"", ""pct"": 11.84}, {""score"": ""0 - 2"", ""pct"": 11.360000000000001}, {""score"": ""1 - 1"", ""pct"": 10.54}]"
Tunisia,Ivory Coast,Neutral,1.162,1.538,27.6,26.1,46.2,28.4,4.9,5.7,46.2,6.6,8.2,39.0,61.0,"[{""score"": ""1 - 1"", ""pct"": 11.4}, {""score"": ""0 - 1"", ""pct"": 10.34}, {""score"": ""1 - 2"", ""pct"": 9.56}]"
Tunisia,Uzbekistan,Neutral,0.984,1.716,20.5,24.9,54.6,20.2,4.0,4.8,55.1,7.0,8.9,29.0,71.0,"[{""score"": ""0 - 1"", ""pct"": 12.35}, {""score"": ""1 - 1"", ""pct"": 11.62}, {""score"": ""1 - 2"", ""pct"": 9.82}]"
Tunisia,Qatar,Neutral,1.833,0.867,60.3,23.7,16.0,60.5,7.2,8.7,15.9,3.4,4.2,76.5,23.5,"[{""score"": ""1 - 0"", ""pct"": 13.15}, {""score"": ""1 - 1"", ""pct"": 10.99}, {""score"": ""2 - 0"", ""pct"": 10.879999999999999}]"
Tunisia,Panama,Neutral,1.011,1.689,21.2,25.7,53.1,21.7,4.0,5.0,53.0,7.4,8.9,30.6,69.4,"[{""score"": ""1 - 1"", ""pct"": 11.790000000000001}, {""score"": ""0 - 1"", ""pct"": 11.16}, {""score"": ""1 - 2"", ""pct"": 10.56}]"
Tunisia,Saudi Arabia,Neutral,1.445,1.255,40.8,27.7,31.6,40.3,6.6,8.1,32.5,5.7,6.8,55.0,45.0,"[{""score"": ""1 - 1"", ""pct"": 12.53}, {""score"": ""1 - 0"", ""pct"": 9.84}, {""score"": ""0 - 1"", ""pct"": 8.85}]"
Tunisia,Austria,Neutral,1.096,1.604,24.9,26.1,49.0,24.6,4.6,6.1,48.9,7.5,8.3,35.3,64.7,"[{""score"": ""1 - 1"", ""pct"": 11.790000000000001}, {""score"": ""0 - 1"", ""pct"": 10.47}, {""score"": ""1 - 2"", ""pct"": 9.47}]"
Tunisia,Senegal,Neutral,0.879,1.821,16.3,23.5,60.2,16.2,3.1,4.1,60.4,7.4,8.9,23.4,76.6,"[{""score"": ""0 - 1"", ""pct"": 12.46}, {""score"": ""0 - 2"", ""pct"": 11.06}, {""score"": ""1 - 1"", ""pct"": 10.8}]"
Tunisia,Netherlands,Neutral,0.754,1.946,12.3,22.3,65.4,12.9,2.3,3.6,64.6,7.8,8.8,18.8,81.2,"[{""score"": ""0 - 1"", ""pct"": 13.38}, {""score"": ""0 - 2"", ""pct"": 12.559999999999999}, {""score"": ""1 - 1"", ""pct"": 10.15}]"
Tunisia,Colombia,Neutral,0.613,2.087,8.5,18.8,72.7,8.7,1.8,2.5,72.2,7.1,7.7,13.0,87.0,"[{""score"": ""0 - 2"", ""pct"": 15.299999999999999}, {""score"": ""0 - 1"", ""pct"": 14.78}, {""score"": ""0 - 3"", ""pct"": 10.040000000000001}]"
Tunisia,South Korea,Neutral,0.884,1.816,16.6,23.6,59.8,17.4,3.4,4.3,59.1,7.2,8.5,25.1,74.9,"[{""score"": ""0 - 1"", ""pct"": 12.370000000000001}, {""score"": ""1 - 1"", ""pct"": 10.66}, {""score"": ""0 - 2"", ""pct"": 10.57}]"
Tunisia,Switzerland,Neutral,0.905,1.795,17.7,23.7,58.6,17.4,3.2,4.4,58.9,7.8,8.3,25.0,75.0,"[{""score"": ""0 - 1"", ""pct"": 12.479999999999999}, {""score"": ""0 - 2"", ""pct"": 10.440000000000001}, {""score"": ""1 - 1"", ""pct"": 10.280000000000001}]"
Tunisia,Australia,Neutral,0.819,1.881,14.2,22.4,63.4,14.5,2.9,3.8,62.4,7.6,8.7,21.2,78.8,"[{""score"": ""0 - 1"", ""pct"": 12.920000000000002}, {""score"": ""0 - 2"", ""pct"": 11.58}, {""score"": ""1 - 1"", ""pct"": 10.299999999999999}]"
Tunisia,France,Neutral,0.537,2.163,6.2,17.7,76.0,7.0,1.3,1.7,75.4,7.0,7.6,10.1,89.9,"[{""score"": ""0 - 2"", ""pct"": 15.76}, {""score"": ""0 - 1"", ""pct"": 14.99}, {""score"": ""0 - 3"", ""pct"": 11.09}]"
Tunisia,Morocco,Neutral,0.677,2.023,10.4,20.4,69.2,10.3,2.0,3.1,69.3,7.5,8.0,15.3,84.7,"[{""score"": ""0 - 1"", ""pct"": 13.84}, {""score"": ""0 - 2"", ""pct"": 13.669999999999998}, {""score"": ""1 - 2"", ""pct"": 9.35}]"
Tunisia,Argentina,Neutral,0.437,2.263,4.9,15.2,79.9,4.9,0.9,1.3,79.9,6.6,6.5,7.0,93.0,"[{""score"": ""0 - 2"", ""pct"": 16.96}, {""score"": ""0 - 1"", ""pct"": 15.55}, {""score"": ""0 - 3"", ""pct"": 12.72}]"
Tunisia,DR Congo,Neutral,1.26,1.44,33.2,25.8,41.0,32.8,5.8,7.2,39.7,6.5,8.0,45.8,54.2,"[{""score"": ""1 - 1"", ""pct"": 11.700000000000001}, {""score"": ""0 - 1"", ""pct"": 9.8}, {""score"": ""1 - 2"", ""pct"": 9.07}]"
Tunisia,Iraq,Neutral,1.318,1.382,35.2,27.2,37.5,34.3,6.1,7.0,38.1,6.5,8.1,47.4,52.6,"[{""score"": ""1 - 1"", ""pct"": 12.21}, {""score"": ""1 - 0"", ""pct"": 9.58}, {""score"": ""0 - 1"", ""pct"": 9.0}]"
Tunisia,Mexico,Neutral,0.733,1.967,11.8,20.8,67.4,12.0,2.4,2.9,66.6,7.6,8.4,17.4,82.6,"[{""score"": ""0 - 1"", ""pct"": 13.98}, {""score"": ""0 - 2"", ""pct"": 13.18}, {""score"": ""1 - 1"", ""pct"": 9.719999999999999}]"
Tunisia,Cape Verde,Neutral,1.669,1.031,52.2,26.0,21.7,51.8,7.8,8.3,22.4,4.3,5.3,68.0,32.0,"[{""score"": ""1 - 0"", ""pct"": 12.16}, {""score"": ""1 - 1"", ""pct"": 11.59}, {""score"": ""2 - 1"", ""pct"": 9.64}]"
Tunisia,Canada,Neutral,0.939,1.761,18.9,24.4,56.7,19.1,3.3,4.8,56.8,7.7,8.4,27.1,72.9,"[{""score"": ""0 - 1"", ""pct"": 12.34}, {""score"": ""1 - 1"", ""pct"": 10.94}, {""score"": ""0 - 2"", ""pct"": 10.299999999999999}]"
Tunisia,Egypt,Neutral,1.228,1.472,30.9,27.3,41.9,29.8,5.6,6.8,42.6,6.4,8.8,42.2,57.8,"[{""score"": ""1 - 1"", ""pct"": 12.34}, {""score"": ""0 - 1"", ""pct"": 9.879999999999999}, {""score"": ""1 - 2"", ""pct"": 8.76}]"
Tunisia,Spain,Neutral,0.442,2.258,5.0,15.9,79.1,4.6,1.1,1.3,79.5,6.5,7.0,7.0,93.0,"[{""score"": ""0 - 2"", ""pct"": 16.950000000000003}, {""score"": ""0 - 1"", ""pct"": 15.07}, {""score"": ""0 - 3"", ""pct"": 13.33}]"
Tunisia,Portugal,Neutral,0.646,2.054,9.0,19.8,71.2,9.3,2.1,2.4,70.7,7.3,8.3,13.7,86.3,"[{""score"": ""0 - 1"", ""pct"": 14.430000000000001}, {""score"": ""0 - 2"", ""pct"": 14.000000000000002}, {""score"": ""0 - 3"", ""pct"": 9.32}]"
Tunisia,Turkey,Neutral,0.862,1.838,15.8,23.7,60.5,16.5,3.1,3.8,60.9,7.7,8.0,23.4,76.6,"[{""score"": ""0 - 1"", ""pct"": 12.950000000000001}, {""score"": ""1 - 1"", ""pct"": 10.63}, {""score"": ""0 - 2"", ""pct"": 10.59}]"
Tunisia,New Zealand,Neutral,1.423,1.277,39.8,27.3,32.9,39.6,6.3,8.3,33.7,5.1,6.9,54.3,45.7,"[{""score"": ""1 - 1"", ""pct"": 12.76}, {""score"": ""1 - 0"", ""pct"": 9.719999999999999}, {""score"": ""0 - 1"", ""pct"": 8.959999999999999}]"
Tunisia,England,Neutral,0.58,2.12,8.2,18.8,73.1,7.6,1.2,2.1,74.4,7.0,7.7,10.9,89.1,"[{""score"": ""0 - 2"", ""pct"": 15.02}, {""score"": ""0 - 1"", ""pct"": 14.27}, {""score"": ""0 - 3"", ""pct"": 9.86}]"
Tunisia,Haiti,Neutral,1.373,1.327,37.5,27.9,34.6,37.6,6.2,7.8,35.4,5.7,7.2,51.7,48.3,"[{""score"": ""1 - 1"", ""pct"": 12.540000000000001}, {""score"": ""1 - 0"", ""pct"": 9.26}, {""score"": ""2 - 1"", ""pct"": 8.709999999999999}]"
Tunisia,Scotland,Neutral,1.161,1.539,28.0,27.0,45.0,27.5,4.9,6.2,45.8,7.0,8.7,38.6,61.4,"[{""score"": ""1 - 1"", ""pct"": 12.25}, {""score"": ""0 - 1"", ""pct"": 11.26}, {""score"": ""1 - 2"", ""pct"": 9.29}]"
Tunisia,Germany,Neutral,0.768,1.932,13.6,21.6,64.8,13.0,2.7,3.1,65.7,7.3,8.1,18.9,81.1,"[{""score"": ""0 - 1"", ""pct"": 13.600000000000001}, {""score"": ""0 - 2"", ""pct"": 12.7}, {""score"": ""1 - 1"", ""pct"": 9.74}]"
Tunisia,Japan,Neutral,0.671,2.029,10.3,19.9,69.8,9.8,1.8,2.7,69.8,7.5,8.3,14.3,85.7,"[{""score"": ""0 - 1"", ""pct"": 14.12}, {""score"": ""0 - 2"", ""pct"": 13.88}, {""score"": ""0 - 3"", ""pct"": 9.379999999999999}]"
Tunisia,Curaçao,Neutral,1.708,0.992,53.7,25.1,21.2,53.1,7.5,8.8,21.4,3.8,5.3,69.4,30.6,"[{""score"": ""1 - 0"", ""pct"": 11.93}, {""score"": ""1 - 1"", ""pct"": 11.58}, {""score"": ""2 - 0"", ""pct"": 9.3}]"
Tunisia,Uruguay,Neutral,0.748,1.952,12.3,21.7,66.0,12.7,2.3,3.3,66.2,7.1,8.4,18.3,81.7,"[{""score"": ""0 - 2"", ""pct"": 13.4}, {""score"": ""0 - 1"", ""pct"": 13.270000000000001}, {""score"": ""1 - 1"", ""pct"": 9.77}]"
Tunisia,Sweden,Neutral,1.455,1.245,40.7,27.4,31.9,41.1,6.9,7.6,32.1,5.3,7.0,55.7,44.3,"[{""score"": ""1 - 1"", ""pct"": 12.45}, {""score"": ""1 - 0"", ""pct"": 9.77}, {""score"": ""0 - 1"", ""pct"": 8.649999999999999}]"
Tunisia,Iran,Neutral,0.85,1.85,16.1,22.9,60.9,15.6,2.8,4.1,61.1,7.8,8.6,22.5,77.5,"[{""score"": ""0 - 1"", ""pct"": 13.459999999999999}, {""score"": ""0 - 2"", ""pct"": 10.74}, {""score"": ""1 - 1"", ""pct"": 10.17}]"
Tunisia,United States,Neutral,1.085,1.615,24.0,26.1,49.9,25.0,4.7,5.7,49.2,7.1,8.3,35.3,64.7,"[{""score"": ""1 - 1"", ""pct"": 11.78}, {""score"": ""0 - 1"", ""pct"": 11.21}, {""score"": ""1 - 2"", ""pct"": 9.69}]"
Tunisia,Jordan,Neutral,1.133,1.567,26.4,26.6,47.0,26.4,4.9,6.3,47.5,6.8,8.0,37.6,62.4,"[{""score"": ""1 - 1"", ""pct"": 12.11}, {""score"": ""0 - 1"", ""pct"": 10.52}, {""score"": ""1 - 2"", ""pct"": 8.77}]"
Tunisia,Ghana,Neutral,1.678,1.022,52.0,25.6,22.4,53.1,7.2,8.9,21.8,4.1,5.0,69.1,30.9,"[{""score"": ""1 - 1"", ""pct"": 12.04}, {""score"": ""1 - 0"", ""pct"": 11.72}, {""score"": ""2 - 1"", ""pct"": 9.32}]"
Tunisia,Czech Republic,Neutral,1.277,1.423,32.5,26.9,40.7,33.0,5.3,7.2,39.9,6.9,7.6,45.5,54.5,"[{""score"": ""1 - 1"", ""pct"": 12.15}, {""score"": ""0 - 1"", ""pct"": 9.64}, {""score"": ""1 - 2"", ""pct"": 9.06}]"
Tunisia,Croatia,Neutral,0.805,1.895,14.6,22.8,62.6,14.1,2.8,3.4,63.9,7.1,8.7,20.3,79.7,"[{""score"": ""0 - 1"", ""pct"": 13.07}, {""score"": ""0 - 2"", ""pct"": 11.42}, {""score"": ""1 - 1"", ""pct"": 10.14}]"
Tunisia,Ecuador,Neutral,0.676,2.024,10.4,19.8,69.8,10.7,1.8,2.7,68.9,8.0,8.0,15.1,84.9,"[{""score"": ""0 - 1"", ""pct"": 14.24}, {""score"": ""0 - 2"", ""pct"": 13.77}, {""score"": ""1 - 2"", ""pct"": 9.06}]"
Tunisia,Brazil,Neutral,0.618,2.082,8.8,18.4,72.8,9.0,1.9,2.4,72.5,6.7,7.5,13.3,86.7,"[{""score"": ""0 - 2"", ""pct"": 14.610000000000001}, {""score"": ""0 - 1"", ""pct"": 14.099999999999998}, {""score"": ""0 - 3"", ""pct"": 10.040000000000001}]"
Tunisia,Bosnia and Herzegovina,Neutral,1.745,0.955,55.9,24.5,19.5,56.3,7.5,8.8,19.0,3.6,4.8,72.6,27.4,"[{""score"": ""1 - 0"", ""pct"": 12.19}, {""score"": ""1 - 1"", ""pct"": 10.63}, {""score"": ""2 - 0"", ""pct"": 10.2}]"
Tunisia,South Africa,Neutral,1.591,1.109,48.6,25.8,25.6,47.5,7.4,9.0,25.6,4.4,6.1,63.9,36.1,"[{""score"": ""1 - 1"", ""pct"": 11.74}, {""score"": ""1 - 0"", ""pct"": 10.79}, {""score"": ""2 - 1"", ""pct"": 9.41}]"
Tunisia,Paraguay,Neutral,0.906,1.794,17.3,24.4,58.3,17.9,3.3,4.4,58.5,7.5,8.4,25.6,74.4,"[{""score"": ""0 - 1"", ""pct"": 11.89}, {""score"": ""1 - 1"", ""pct"": 11.09}, {""score"": ""0 - 2"", ""pct"": 10.54}]"
Tunisia,Belgium,Neutral,0.874,1.826,16.8,23.6,59.6,17.0,3.4,4.3,58.9,7.6,8.7,24.7,75.3,"[{""score"": ""0 - 1"", ""pct"": 12.83}, {""score"": ""0 - 2"", ""pct"": 11.29}, {""score"": ""1 - 1"", ""pct"": 10.059999999999999}]"
Tunisia,Norway,Neutral,0.845,1.855,14.6,22.9,62.5,16.1,2.9,4.1,61.1,7.1,8.8,23.0,77.0,"[{""score"": ""0 - 1"", ""pct"": 12.32}, {""score"": ""0 - 2"", ""pct"": 11.65}, {""score"": ""1 - 1"", ""pct"": 10.61}]"
Tunisia,Algeria,Neutral,0.932,1.768,18.8,23.6,57.6,18.8,3.6,4.7,57.0,7.2,8.8,27.1,72.9,"[{""score"": ""0 - 1"", ""pct"": 12.41}, {""score"": ""1 - 1"", ""pct"": 11.07}, {""score"": ""0 - 2"", ""pct"": 10.38}]"
Austria,Ivory Coast,Neutral,1.418,1.282,39.5,27.0,33.5,39.3,6.2,8.3,33.4,5.8,7.0,53.8,46.2,"[{""score"": ""1 - 1"", ""pct"": 12.32}, {""score"": ""1 - 0"", ""pct"": 9.5}, {""score"": ""0 - 1"", ""pct"": 8.48}]"
Austria,Uzbekistan,Neutral,1.229,1.471,31.3,27.4,41.3,30.6,5.6,6.9,42.6,6.9,7.5,43.0,57.0,"[{""score"": ""1 - 1"", ""pct"": 11.709999999999999}, {""score"": ""0 - 1"", ""pct"": 10.03}, {""score"": ""1 - 2"", ""pct"": 8.53}]"
Austria,Qatar,Neutral,2.019,0.681,68.9,20.6,10.5,69.5,7.4,8.0,10.5,2.0,2.6,84.9,15.1,"[{""score"": ""1 - 0"", ""pct"": 14.95}, {""score"": ""2 - 0"", ""pct"": 13.05}, {""score"": ""1 - 1"", ""pct"": 9.370000000000001}]"
Austria,Panama,Neutral,1.259,1.441,32.7,27.3,40.1,32.2,5.5,7.3,40.4,6.4,8.2,45.0,55.0,"[{""score"": ""1 - 1"", ""pct"": 12.42}, {""score"": ""0 - 1"", ""pct"": 9.54}, {""score"": ""1 - 0"", ""pct"": 8.91}]"
Austria,Saudi Arabia,Neutral,1.692,1.008,52.8,24.5,22.6,53.3,7.5,8.4,21.7,4.2,4.9,69.2,30.8,"[{""score"": ""1 - 0"", ""pct"": 11.15}, {""score"": ""1 - 1"", ""pct"": 10.79}, {""score"": ""2 - 1"", ""pct"": 9.6}]"
Austria,Tunisia,Neutral,1.604,1.096,48.1,26.9,25.1,48.9,7.4,8.8,24.7,4.8,5.3,65.1,34.9,"[{""score"": ""1 - 1"", ""pct"": 12.22}, {""score"": ""1 - 0"", ""pct"": 11.05}, {""score"": ""2 - 1"", ""pct"": 8.95}]"
Austria,Senegal,Neutral,1.11,1.59,26.0,25.8,48.3,25.9,4.5,6.0,48.4,7.1,8.1,36.4,63.6,"[{""score"": ""1 - 1"", ""pct"": 11.68}, {""score"": ""0 - 1"", ""pct"": 11.21}, {""score"": ""1 - 2"", ""pct"": 9.35}]"
Austria,Netherlands,Neutral,0.959,1.741,19.6,24.9,55.5,19.6,3.8,5.1,55.1,7.3,9.2,28.5,71.5,"[{""score"": ""0 - 1"", ""pct"": 12.15}, {""score"": ""1 - 1"", ""pct"": 11.3}, {""score"": ""0 - 2"", ""pct"": 10.01}]"
Austria,Colombia,Neutral,0.779,1.921,13.2,21.7,65.1,13.3,2.5,3.8,64.4,7.6,8.5,19.5,80.5,"[{""score"": ""0 - 1"", ""pct"": 13.459999999999999}, {""score"": ""0 - 2"", ""pct"": 12.27}, {""score"": ""1 - 1"", ""pct"": 10.07}]"
Austria,South Korea,Neutral,1.115,1.585,26.2,26.3,47.4,25.9,4.6,6.0,48.5,6.7,8.4,36.4,63.6,"[{""score"": ""1 - 1"", ""pct"": 12.16}, {""score"": ""0 - 1"", ""pct"": 10.36}, {""score"": ""1 - 2"", ""pct"": 9.33}]"
Austria,Switzerland,Neutral,1.14,1.56,26.4,27.1,46.5,26.8,4.8,5.8,46.9,7.0,8.6,37.4,62.6,"[{""score"": ""1 - 1"", ""pct"": 12.58}, {""score"": ""0 - 1"", ""pct"": 10.05}, {""score"": ""1 - 2"", ""pct"": 9.24}]"
Austria,Australia,Neutral,1.038,1.662,22.9,25.0,52.1,22.7,4.5,5.5,51.8,7.1,8.3,32.7,67.3,"[{""score"": ""1 - 1"", ""pct"": 11.27}, {""score"": ""0 - 1"", ""pct"": 11.23}, {""score"": ""1 - 2"", ""pct"": 9.969999999999999}]"
Austria,France,Neutral,0.677,2.023,10.2,19.9,69.9,10.5,2.0,2.5,68.8,7.6,8.5,15.1,84.9,"[{""score"": ""0 - 1"", ""pct"": 14.2}, {""score"": ""0 - 2"", ""pct"": 13.71}, {""score"": ""1 - 2"", ""pct"": 9.35}]"
Austria,Morocco,Neutral,0.862,1.838,16.4,23.6,60.0,16.2,3.2,4.0,60.3,7.4,8.9,23.4,76.6,"[{""score"": ""0 - 1"", ""pct"": 12.98}, {""score"": ""0 - 2"", ""pct"": 10.57}, {""score"": ""1 - 1"", ""pct"": 10.530000000000001}]"
Austria,Argentina,Neutral,0.534,2.166,6.7,17.9,75.4,6.7,1.4,2.0,76.2,6.7,7.1,10.0,90.0,"[{""score"": ""0 - 2"", ""pct"": 15.740000000000002}, {""score"": ""0 - 1"", ""pct"": 15.409999999999998}, {""score"": ""0 - 3"", ""pct"": 10.76}]"
Austria,DR Congo,Neutral,1.517,1.183,45.2,26.9,28.0,44.7,7.0,8.6,28.8,5.2,5.9,60.2,39.8,"[{""score"": ""1 - 1"", ""pct"": 12.13}, {""score"": ""1 - 0"", ""pct"": 10.97}, {""score"": ""2 - 1"", ""pct"": 8.86}]"
Austria,Iraq,Neutral,1.574,1.126,47.2,25.7,27.1,47.0,6.8,8.6,26.9,4.6,6.1,62.4,37.6,"[{""score"": ""1 - 1"", ""pct"": 11.73}, {""score"": ""1 - 0"", ""pct"": 10.41}, {""score"": ""2 - 1"", ""pct"": 9.19}]"
Austria,Mexico,Neutral,0.933,1.767,18.6,24.4,56.9,18.4,3.8,4.8,56.6,7.8,8.7,26.9,73.1,"[{""score"": ""0 - 1"", ""pct"": 12.0}, {""score"": ""1 - 1"", ""pct"": 10.86}, {""score"": ""0 - 2"", ""pct"": 10.489999999999998}]"
Austria,Cape Verde,Neutral,1.887,0.813,64.3,21.3,14.4,63.7,7.7,8.1,14.1,3.0,3.5,79.4,20.6,"[{""score"": ""1 - 0"", ""pct"": 13.16}, {""score"": ""2 - 0"", ""pct"": 12.540000000000001}, {""score"": ""1 - 1"", ""pct"": 9.98}]"
Austria,Canada,Neutral,1.178,1.522,28.1,26.1,45.8,28.5,5.2,6.7,44.4,6.9,8.3,40.4,59.6,"[{""score"": ""1 - 1"", ""pct"": 11.790000000000001}, {""score"": ""0 - 1"", ""pct"": 10.67}, {""score"": ""1 - 2"", ""pct"": 9.55}]"
Austria,Egypt,Neutral,1.486,1.214,43.2,26.5,30.3,43.5,6.4,7.7,29.9,5.3,7.2,57.6,42.4,"[{""score"": ""1 - 1"", ""pct"": 12.32}, {""score"": ""1 - 0"", ""pct"": 10.67}, {""score"": ""2 - 1"", ""pct"": 8.780000000000001}]"
Austria,Spain,Neutral,0.542,2.158,7.1,17.8,75.0,6.9,1.4,1.9,74.9,7.2,7.8,10.2,89.8,"[{""score"": ""0 - 2"", ""pct"": 15.78}, {""score"": ""0 - 1"", ""pct"": 14.6}, {""score"": ""0 - 3"", ""pct"": 10.58}]"
Austria,Portugal,Neutral,0.822,1.878,14.6,22.5,62.9,14.8,2.9,3.6,62.5,7.5,8.7,21.3,78.7,"[{""score"": ""0 - 1"", ""pct"": 13.320000000000002}, {""score"": ""0 - 2"", ""pct"": 10.85}, {""score"": ""1 - 1"", ""pct"": 10.03}]"
Austria,Turkey,Neutral,1.089,1.611,24.1,26.3,49.5,23.8,4.8,5.9,49.9,7.2,8.4,34.5,65.5,"[{""score"": ""1 - 1"", ""pct"": 11.559999999999999}, {""score"": ""0 - 1"", ""pct"": 11.219999999999999}, {""score"": ""1 - 2"", ""pct"": 9.8}]"
Austria,New Zealand,Neutral,1.673,1.027,51.5,26.2,22.4,50.9,7.7,8.7,23.0,4.3,5.4,67.3,32.7,"[{""score"": ""1 - 1"", ""pct"": 11.68}, {""score"": ""1 - 0"", ""pct"": 11.19}, {""score"": ""2 - 1"", ""pct"": 9.85}]"
Austria,England,Neutral,0.735,1.965,11.9,21.2,66.9,12.1,2.2,3.1,66.6,7.5,8.4,17.4,82.6,"[{""score"": ""0 - 2"", ""pct"": 13.389999999999999}, {""score"": ""0 - 1"", ""pct"": 13.13}, {""score"": ""1 - 2"", ""pct"": 9.64}]"
Austria,Haiti,Neutral,1.626,1.074,49.5,26.3,24.1,49.3,7.5,8.9,23.9,4.6,5.8,65.8,34.2,"[{""score"": ""1 - 1"", ""pct"": 11.55}, {""score"": ""1 - 0"", ""pct"": 10.89}, {""score"": ""2 - 1"", ""pct"": 9.68}]"
Austria,Scotland,Neutral,1.417,1.283,38.8,27.5,33.7,40.8,6.1,7.6,33.3,5.4,6.7,54.6,45.4,"[{""score"": ""1 - 1"", ""pct"": 11.95}, {""score"": ""1 - 0"", ""pct"": 9.55}, {""score"": ""0 - 1"", ""pct"": 8.790000000000001}]"
Austria,Germany,Neutral,0.977,1.723,20.7,25.2,54.1,20.7,3.8,5.0,54.5,7.3,8.6,29.5,70.5,"[{""score"": ""0 - 1"", ""pct"": 11.51}, {""score"": ""1 - 1"", ""pct"": 10.95}, {""score"": ""1 - 2"", ""pct"": 9.66}]"
Austria,Japan,Neutral,0.855,1.845,16.2,23.2,60.5,16.0,2.9,3.8,61.0,7.8,8.5,22.7,77.3,"[{""score"": ""0 - 1"", ""pct"": 12.989999999999998}, {""score"": ""0 - 2"", ""pct"": 11.37}, {""score"": ""1 - 1"", ""pct"": 10.489999999999998}]"
Austria,Curaçao,Neutral,1.919,0.781,64.2,22.0,13.8,64.5,7.4,8.5,13.3,2.8,3.5,80.4,19.6,"[{""score"": ""1 - 0"", ""pct"": 13.99}, {""score"": ""2 - 0"", ""pct"": 11.940000000000001}, {""score"": ""1 - 1"", ""pct"": 10.37}]"
Austria,Uruguay,Neutral,0.952,1.748,19.6,24.0,56.5,19.4,3.6,4.7,56.3,7.7,8.3,27.6,72.3,"[{""score"": ""0 - 1"", ""pct"": 12.34}, {""score"": ""1 - 1"", ""pct"": 10.74}, {""score"": ""1 - 2"", ""pct"": 10.41}]"
Austria,Sweden,Neutral,1.702,0.998,54.4,24.9,20.8,53.9,7.5,8.5,21.0,4.0,5.1,69.9,30.1,"[{""score"": ""1 - 0"", ""pct"": 12.04}, {""score"": ""1 - 1"", ""pct"": 11.200000000000001}, {""score"": ""2 - 1"", ""pct"": 9.73}]"
Austria,Iran,Neutral,1.075,1.625,24.3,26.8,48.9,23.6,4.4,5.7,50.4,7.2,8.7,33.7,66.3,"[{""score"": ""1 - 1"", ""pct"": 11.89}, {""score"": ""0 - 1"", ""pct"": 11.35}, {""score"": ""1 - 2"", ""pct"": 9.5}]"
Austria,United States,Neutral,1.338,1.362,35.5,27.1,37.4,35.5,5.9,7.8,37.3,6.2,7.2,49.3,50.7,"[{""score"": ""1 - 1"", ""pct"": 12.06}, {""score"": ""1 - 0"", ""pct"": 9.34}, {""score"": ""0 - 1"", ""pct"": 9.33}]"
Austria,Jordan,Neutral,1.389,1.311,37.7,27.3,34.9,38.3,6.8,7.5,34.7,5.6,7.1,52.6,47.4,"[{""score"": ""1 - 1"", ""pct"": 12.33}, {""score"": ""1 - 0"", ""pct"": 9.610000000000001}, {""score"": ""0 - 1"", ""pct"": 9.27}]"
Austria,Ghana,Neutral,1.894,0.806,63.4,22.3,14.3,63.0,7.6,8.6,14.2,2.9,3.7,79.2,20.8,"[{""score"": ""1 - 0"", ""pct"": 13.19}, {""score"": ""2 - 0"", ""pct"": 12.36}, {""score"": ""1 - 1"", ""pct"": 10.02}]"
Austria,Czech Republic,Neutral,1.534,1.166,44.9,26.4,28.7,45.0,7.4,8.5,27.5,4.9,6.7,60.9,39.1,"[{""score"": ""1 - 1"", ""pct"": 11.99}, {""score"": ""1 - 0"", ""pct"": 10.33}, {""score"": ""2 - 1"", ""pct"": 9.3}]"
Austria,Croatia,Neutral,1.022,1.678,22.4,25.8,51.8,21.6,3.9,5.3,52.5,7.7,9.0,30.8,69.2,"[{""score"": ""1 - 1"", ""pct"": 11.52}, {""score"": ""0 - 1"", ""pct"": 11.29}, {""score"": ""1 - 2"", ""pct"": 9.75}]"
Austria,Ecuador,Neutral,0.862,1.838,15.9,23.5,60.6,16.0,3.2,4.2,60.4,7.8,8.4,23.4,76.6,"[{""score"": ""0 - 1"", ""pct"": 12.5}, {""score"": ""0 - 2"", ""pct"": 11.23}, {""score"": ""1 - 1"", ""pct"": 10.549999999999999}]"
Austria,Brazil,Neutral,0.785,1.915,13.2,22.4,64.4,13.9,2.6,3.3,64.6,7.7,7.9,19.8,80.2,"[{""score"": ""0 - 1"", ""pct"": 13.930000000000001}, {""score"": ""0 - 2"", ""pct"": 11.790000000000001}, {""score"": ""1 - 1"", ""pct"": 9.84}]"
Austria,Bosnia and Herzegovina,Neutral,1.949,0.751,66.2,21.3,12.5,66.1,7.5,8.4,12.4,2.4,3.1,82.1,17.9,"[{""score"": ""1 - 0"", ""pct"": 13.569999999999999}, {""score"": ""2 - 0"", ""pct"": 12.65}, {""score"": ""2 - 1"", ""pct"": 9.610000000000001}]"
Austria,South Africa,Neutral,1.821,0.879,59.8,23.7,16.6,59.8,7.6,8.8,16.1,3.4,4.2,76.3,23.7,"[{""score"": ""1 - 0"", ""pct"": 12.53}, {""score"": ""2 - 0"", ""pct"": 11.32}, {""score"": ""1 - 1"", ""pct"": 10.85}]"
Austria,Paraguay,Neutral,1.14,1.56,27.1,26.0,46.9,27.9,4.8,5.8,45.7,7.4,8.4,38.5,61.5,"[{""score"": ""1 - 1"", ""pct"": 11.65}, {""score"": ""0 - 1"", ""pct"": 10.72}, {""score"": ""1 - 2"", ""pct"": 9.24}]"
Austria,Belgium,Neutral,1.104,1.596,24.9,26.4,48.6,25.5,4.9,5.9,47.9,7.3,8.6,36.3,63.7,"[{""score"": ""1 - 1"", ""pct"": 11.48}, {""score"": ""0 - 1"", ""pct"": 10.79}, {""score"": ""1 - 2"", ""pct"": 9.69}]"
Austria,Norway,Neutral,1.069,1.631,23.6,25.7,50.7,24.1,4.5,5.6,50.4,7.3,8.2,34.1,65.9,"[{""score"": ""0 - 1"", ""pct"": 12.02}, {""score"": ""1 - 1"", ""pct"": 11.85}, {""score"": ""1 - 2"", ""pct"": 9.55}]"
Austria,Algeria,Neutral,1.171,1.529,28.3,25.7,46.0,28.5,5.5,6.7,44.1,7.1,8.2,40.7,59.3,"[{""score"": ""1 - 1"", ""pct"": 11.83}, {""score"": ""0 - 1"", ""pct"": 10.75}, {""score"": ""1 - 2"", ""pct"": 9.1}]"
Senegal,Ivory Coast,Neutral,1.655,1.045,51.0,25.4,23.6,51.6,7.0,8.5,23.5,4.2,5.2,67.1,32.9,"[{""score"": ""1 - 1"", ""pct"": 11.68}, {""score"": ""1 - 0"", ""pct"": 11.020000000000001}, {""score"": ""2 - 1"", ""pct"": 9.950000000000001}]"
Senegal,Uzbekistan,Neutral,1.473,1.227,42.7,26.8,30.5,42.0,6.7,7.9,31.0,5.5,6.9,56.6,43.4,"[{""score"": ""1 - 1"", ""pct"": 12.1}, {""score"": ""1 - 0"", ""pct"": 10.45}, {""score"": ""2 - 1"", ""pct"": 8.559999999999999}]"
Senegal,Qatar,Neutral,2.153,0.547,74.7,17.8,7.4,74.3,7.0,7.8,7.8,1.3,1.8,89.1,10.9,"[{""score"": ""2 - 0"", ""pct"": 15.840000000000002}, {""score"": ""1 - 0"", ""pct"": 15.32}, {""score"": ""3 - 0"", ""pct"": 10.4}]"
Senegal,Panama,Neutral,1.502,1.198,43.4,26.7,29.9,44.1,6.7,8.3,29.6,4.9,6.6,59.0,41.0,"[{""score"": ""1 - 1"", ""pct"": 12.25}, {""score"": ""1 - 0"", ""pct"": 10.0}, {""score"": ""2 - 1"", ""pct"": 9.120000000000001}]"
Senegal,Saudi Arabia,Neutral,1.895,0.805,62.9,22.8,14.2,63.7,7.6,8.9,13.6,2.7,3.6,80.1,19.9,"[{""score"": ""1 - 0"", ""pct"": 13.23}, {""score"": ""2 - 0"", ""pct"": 11.469999999999999}, {""score"": ""1 - 1"", ""pct"": 10.27}]"
Senegal,Tunisia,Neutral,1.821,0.879,60.0,23.1,16.9,60.1,7.2,8.9,16.4,3.2,4.2,76.1,23.9,"[{""score"": ""1 - 0"", ""pct"": 13.170000000000002}, {""score"": ""2 - 0"", ""pct"": 10.43}, {""score"": ""1 - 1"", ""pct"": 10.280000000000001}]"
Senegal,Austria,Neutral,1.59,1.11,48.6,25.8,25.6,49.2,6.8,8.3,25.3,4.7,5.6,64.3,35.7,"[{""score"": ""1 - 1"", ""pct"": 11.53}, {""score"": ""1 - 0"", ""pct"": 11.29}, {""score"": ""2 - 1"", ""pct"": 9.35}]"
Senegal,Netherlands,Neutral,1.187,1.513,28.6,27.1,44.4,28.7,5.1,6.5,44.5,7.1,8.0,40.4,59.6,"[{""score"": ""1 - 1"", ""pct"": 12.22}, {""score"": ""0 - 1"", ""pct"": 10.82}, {""score"": ""1 - 2"", ""pct"": 9.42}]"
Senegal,Colombia,Neutral,0.977,1.723,20.3,25.1,54.6,20.9,3.9,4.9,54.7,7.0,8.7,29.6,70.4,"[{""score"": ""1 - 1"", ""pct"": 11.33}, {""score"": ""0 - 1"", ""pct"": 11.23}, {""score"": ""1 - 2"", ""pct"": 10.27}]"
Senegal,South Korea,Neutral,1.356,1.344,37.0,27.5,35.4,36.7,6.2,7.2,36.2,6.2,7.4,50.2,49.8,"[{""score"": ""1 - 1"", ""pct"": 12.33}, {""score"": ""1 - 0"", ""pct"": 9.25}, {""score"": ""0 - 1"", ""pct"": 8.95}]"
Senegal,Switzerland,Neutral,1.381,1.319,38.6,26.6,34.8,37.8,6.6,7.3,35.1,6.1,7.0,51.7,48.3,"[{""score"": ""1 - 1"", ""pct"": 12.19}, {""score"": ""1 - 0"", ""pct"": 9.69}, {""score"": ""0 - 1"", ""pct"": 8.9}]"
Senegal,Australia,Neutral,1.274,1.426,33.5,27.0,39.5,32.2,5.9,7.0,40.6,6.4,7.8,45.1,54.9,"[{""score"": ""1 - 1"", ""pct"": 12.540000000000001}, {""score"": ""0 - 1"", ""pct"": 10.02}, {""score"": ""1 - 0"", ""pct"": 8.64}]"
Senegal,France,Neutral,0.85,1.85,15.4,23.6,61.0,15.4,2.7,4.3,61.8,7.4,8.4,22.4,77.5,"[{""score"": ""0 - 1"", ""pct"": 13.020000000000001}, {""score"": ""0 - 2"", ""pct"": 11.450000000000001}, {""score"": ""1 - 1"", ""pct"": 10.57}]"
Senegal,Morocco,Neutral,1.076,1.624,24.2,26.0,49.8,24.1,4.1,6.1,49.9,7.3,8.6,34.3,65.7,"[{""score"": ""1 - 1"", ""pct"": 11.78}, {""score"": ""0 - 1"", ""pct"": 11.61}, {""score"": ""1 - 2"", ""pct"": 9.26}]"
Senegal,Argentina,Neutral,0.664,2.036,10.6,19.1,70.3,10.0,2.2,2.8,69.7,7.3,8.2,14.9,85.1,"[{""score"": ""0 - 1"", ""pct"": 14.13}, {""score"": ""0 - 2"", ""pct"": 13.58}, {""score"": ""0 - 3"", ""pct"": 9.28}]"
Senegal,DR Congo,Neutral,1.745,0.955,56.1,24.9,19.0,57.0,7.3,8.8,18.9,3.5,4.6,73.0,27.0,"[{""score"": ""1 - 0"", ""pct"": 12.379999999999999}, {""score"": ""1 - 1"", ""pct"": 11.43}, {""score"": ""2 - 1"", ""pct"": 10.16}]"
Senegal,Iraq,Neutral,1.794,0.906,58.1,24.4,17.5,57.5,7.8,9.0,17.8,3.4,4.5,74.3,25.7,"[{""score"": ""1 - 0"", ""pct"": 12.590000000000002}, {""score"": ""1 - 1"", ""pct"": 11.559999999999999}, {""score"": ""2 - 0"", ""pct"": 10.209999999999999}]"
Senegal,Mexico,Neutral,1.158,1.542,27.5,26.5,46.0,27.7,4.6,6.0,46.1,7.0,8.6,38.3,61.7,"[{""score"": ""1 - 1"", ""pct"": 12.34}, {""score"": ""0 - 1"", ""pct"": 10.71}, {""score"": ""1 - 2"", ""pct"": 9.51}]"
Senegal,Cape Verde,Neutral,2.053,0.647,70.9,19.1,10.1,71.4,7.3,7.6,9.2,1.9,2.5,86.3,13.7,"[{""score"": ""1 - 0"", ""pct"": 14.6}, {""score"": ""2 - 0"", ""pct"": 13.69}, {""score"": ""2 - 1"", ""pct"": 9.34}]"
Senegal,Canada,Neutral,1.421,1.279,40.2,27.3,32.5,40.8,6.2,7.6,32.8,5.9,6.7,54.6,45.4,"[{""score"": ""1 - 1"", ""pct"": 12.46}, {""score"": ""1 - 0"", ""pct"": 9.87}, {""score"": ""2 - 1"", ""pct"": 8.92}]"
Senegal,Egypt,Neutral,1.716,0.984,54.7,25.0,20.2,54.6,7.3,8.6,20.1,4.1,5.3,70.5,29.5,"[{""score"": ""1 - 0"", ""pct"": 11.959999999999999}, {""score"": ""1 - 1"", ""pct"": 11.17}, {""score"": ""2 - 1"", ""pct"": 9.85}]"
Senegal,Spain,Neutral,0.674,2.026,9.9,20.2,69.9,10.0,2.1,2.8,69.0,7.7,8.4,14.9,85.1,"[{""score"": ""0 - 1"", ""pct"": 14.27}, {""score"": ""0 - 2"", ""pct"": 13.780000000000001}, {""score"": ""0 - 3"", ""pct"": 9.27}]"
Senegal,Portugal,Neutral,1.029,1.671,22.7,25.4,51.8,22.6,4.2,5.3,52.3,7.0,8.7,32.0,68.0,"[{""score"": ""1 - 1"", ""pct"": 11.379999999999999}, {""score"": ""0 - 1"", ""pct"": 11.23}, {""score"": ""1 - 2"", ""pct"": 9.9}]"
Senegal,Turkey,Neutral,1.329,1.371,35.2,27.9,36.8,35.0,6.0,7.5,37.5,6.3,7.6,48.5,51.5,"[{""score"": ""1 - 1"", ""pct"": 12.6}, {""score"": ""0 - 1"", ""pct"": 9.82}, {""score"": ""1 - 0"", ""pct"": 8.86}]"
Senegal,New Zealand,Neutral,1.879,0.821,61.9,23.2,14.9,63.3,7.1,8.9,14.3,2.6,3.7,79.3,20.7,"[{""score"": ""1 - 0"", ""pct"": 13.22}, {""score"": ""2 - 0"", ""pct"": 11.540000000000001}, {""score"": ""1 - 1"", ""pct"": 10.620000000000001}]"
Senegal,England,Neutral,0.923,1.777,17.7,23.5,58.8,17.5,3.3,4.7,57.6,7.6,9.3,25.5,74.5,"[{""score"": ""0 - 1"", ""pct"": 12.770000000000001}, {""score"": ""0 - 2"", ""pct"": 11.25}, {""score"": ""1 - 1"", ""pct"": 10.65}]"
Senegal,Haiti,Neutral,1.84,0.86,60.5,23.5,16.1,60.0,8.2,8.9,16.0,3.0,3.7,77.2,22.8,"[{""score"": ""1 - 0"", ""pct"": 12.920000000000002}, {""score"": ""2 - 0"", ""pct"": 10.85}, {""score"": ""1 - 1"", ""pct"": 10.76}]"
Senegal,Scotland,Neutral,1.654,1.046,52.3,25.0,22.8,51.5,7.4,8.3,23.6,3.8,5.4,67.2,32.8,"[{""score"": ""1 - 0"", ""pct"": 12.08}, {""score"": ""1 - 1"", ""pct"": 11.5}, {""score"": ""2 - 1"", ""pct"": 9.54}]"
Senegal,Germany,Neutral,1.207,1.493,28.9,26.6,44.5,29.6,5.5,6.6,43.3,6.8,8.2,41.7,58.3,"[{""score"": ""1 - 1"", ""pct"": 11.84}, {""score"": ""0 - 1"", ""pct"": 10.7}, {""score"": ""1 - 2"", ""pct"": 8.66}]"
Senegal,Japan,Neutral,1.068,1.632,24.2,25.9,50.0,23.9,4.5,5.5,50.8,7.1,8.2,33.8,66.2,"[{""score"": ""0 - 1"", ""pct"": 11.51}, {""score"": ""1 - 1"", ""pct"": 11.459999999999999}, {""score"": ""1 - 2"", ""pct"": 9.16}]"
Senegal,Curaçao,Neutral,2.077,0.623,72.6,18.5,9.0,72.0,7.4,7.6,8.8,1.8,2.3,87.0,13.0,"[{""score"": ""1 - 0"", ""pct"": 14.85}, {""score"": ""2 - 0"", ""pct"": 14.29}, {""score"": ""3 - 0"", ""pct"": 10.39}]"
Senegal,Uruguay,Neutral,1.178,1.522,28.8,27.0,44.2,28.3,4.8,6.7,45.4,6.9,8.0,39.7,60.3,"[{""score"": ""1 - 1"", ""pct"": 12.540000000000001}, {""score"": ""0 - 1"", ""pct"": 10.47}, {""score"": ""1 - 2"", ""pct"": 8.83}]"
Senegal,Sweden,Neutral,1.904,0.796,63.9,22.2,13.9,62.9,7.9,9.0,13.7,2.6,4.0,79.8,20.2,"[{""score"": ""1 - 0"", ""pct"": 13.19}, {""score"": ""2 - 0"", ""pct"": 12.11}, {""score"": ""1 - 1"", ""pct"": 9.69}]"
Senegal,Iran,Neutral,1.314,1.386,34.0,27.9,38.1,34.7,5.6,7.5,38.3,6.3,7.5,47.9,52.1,"[{""score"": ""1 - 1"", ""pct"": 12.049999999999999}, {""score"": ""0 - 1"", ""pct"": 9.48}, {""score"": ""1 - 0"", ""pct"": 9.27}]"
Senegal,United States,Neutral,1.579,1.121,48.4,25.9,25.8,47.9,6.6,8.3,26.3,4.9,6.0,62.8,37.2,"[{""score"": ""1 - 1"", ""pct"": 11.43}, {""score"": ""1 - 0"", ""pct"": 11.14}, {""score"": ""2 - 1"", ""pct"": 9.53}]"
Senegal,Jordan,Neutral,1.628,1.072,49.6,26.6,23.7,50.3,7.3,8.8,23.9,4.6,5.1,66.4,33.6,"[{""score"": ""1 - 1"", ""pct"": 12.18}, {""score"": ""1 - 0"", ""pct"": 11.459999999999999}, {""score"": ""2 - 1"", ""pct"": 9.8}]"
Senegal,Ghana,Neutral,2.058,0.642,71.0,19.4,9.5,71.6,7.2,7.8,9.0,2.0,2.4,86.6,13.4,"[{""score"": ""1 - 0"", ""pct"": 14.74}, {""score"": ""2 - 0"", ""pct"": 14.34}, {""score"": ""3 - 0"", ""pct"": 9.139999999999999}]"
Senegal,Czech Republic,Neutral,1.759,0.941,57.3,24.8,17.9,56.0,7.9,8.8,19.1,3.5,4.8,72.6,27.4,"[{""score"": ""1 - 0"", ""pct"": 13.03}, {""score"": ""1 - 1"", ""pct"": 11.31}, {""score"": ""2 - 1"", ""pct"": 9.99}]"
Senegal,Croatia,Neutral,1.256,1.444,32.5,26.7,40.8,31.8,5.2,6.9,41.5,6.2,8.3,43.9,56.1,"[{""score"": ""1 - 1"", ""pct"": 12.06}, {""score"": ""0 - 1"", ""pct"": 10.09}, {""score"": ""1 - 2"", ""pct"": 8.469999999999999}]"
Senegal,Ecuador,Neutral,1.075,1.625,24.2,25.8,50.1,23.2,4.4,5.6,50.7,7.3,8.9,33.2,66.8,"[{""score"": ""1 - 1"", ""pct"": 11.59}, {""score"": ""0 - 1"", ""pct"": 10.81}, {""score"": ""1 - 2"", ""pct"": 10.489999999999998}]"
Senegal,Brazil,Neutral,0.985,1.715,20.8,25.7,53.5,20.8,4.0,5.1,54.2,7.4,8.5,29.9,70.1,"[{""score"": ""0 - 1"", ""pct"": 12.07}, {""score"": ""1 - 1"", ""pct"": 11.43}, {""score"": ""1 - 2"", ""pct"": 9.85}]"
Senegal,Bosnia and Herzegovina,Neutral,2.1,0.6,72.8,19.0,8.2,72.3,7.1,7.8,8.8,1.7,2.2,87.3,12.7,"[{""score"": ""1 - 0"", ""pct"": 14.56}, {""score"": ""2 - 0"", ""pct"": 14.52}, {""score"": ""3 - 0"", ""pct"": 10.33}]"
Senegal,South Africa,Neutral,2.001,0.699,68.5,20.2,11.2,68.7,7.6,8.0,11.2,2.1,2.5,84.3,15.7,"[{""score"": ""1 - 0"", ""pct"": 14.85}, {""score"": ""2 - 0"", ""pct"": 13.489999999999998}, {""score"": ""2 - 1"", ""pct"": 9.19}]"
Senegal,Paraguay,Neutral,1.382,1.318,37.6,28.2,34.1,37.9,5.9,8.1,34.9,5.8,7.3,52.0,48.0,"[{""score"": ""1 - 1"", ""pct"": 13.0}, {""score"": ""1 - 0"", ""pct"": 9.09}, {""score"": ""0 - 1"", ""pct"": 8.55}]"
Senegal,Belgium,Neutral,1.344,1.356,35.8,27.2,37.0,36.4,6.5,7.5,36.4,6.0,7.1,50.5,49.5,"[{""score"": ""1 - 1"", ""pct"": 12.22}, {""score"": ""1 - 0"", ""pct"": 9.4}, {""score"": ""0 - 1"", ""pct"": 8.93}]"
Senegal,Norway,Neutral,1.308,1.392,33.4,27.2,39.4,34.3,6.0,7.3,38.2,6.6,7.6,47.6,52.4,"[{""score"": ""1 - 1"", ""pct"": 12.42}, {""score"": ""0 - 1"", ""pct"": 9.959999999999999}, {""score"": ""1 - 0"", ""pct"": 8.99}]"
Senegal,Algeria,Neutral,1.413,1.287,39.2,27.0,33.8,40.2,6.8,7.3,33.5,5.4,6.8,54.3,45.7,"[{""score"": ""1 - 1"", ""pct"": 12.139999999999999}, {""score"": ""1 - 0"", ""pct"": 9.91}, {""score"": ""2 - 1"", ""pct"": 8.83}]"
Netherlands,Ivory Coast,Neutral,1.799,0.901,58.1,24.0,17.9,59.2,7.4,8.4,17.5,3.2,4.3,75.0,25.0,"[{""score"": ""1 - 0"", ""pct"": 12.879999999999999}, {""score"": ""1 - 1"", ""pct"": 11.15}, {""score"": ""2 - 0"", ""pct"": 10.25}]"
Netherlands,Uzbekistan,Neutral,1.631,1.069,50.5,25.9,23.6,50.7,7.2,8.7,23.1,4.7,5.5,66.7,33.3,"[{""score"": ""1 - 1"", ""pct"": 11.92}, {""score"": ""1 - 0"", ""pct"": 11.74}, {""score"": ""2 - 1"", ""pct"": 9.45}]"
Netherlands,Qatar,Neutral,2.221,0.479,77.6,16.5,5.9,78.2,6.5,7.0,5.7,1.1,1.6,91.6,8.4,"[{""score"": ""2 - 0"", ""pct"": 16.86}, {""score"": ""1 - 0"", ""pct"": 15.47}, {""score"": ""3 - 0"", ""pct"": 12.21}]"
Netherlands,Panama,Neutral,1.658,1.042,51.7,25.7,22.5,51.6,6.9,8.4,23.3,4.4,5.5,66.8,33.2,"[{""score"": ""1 - 1"", ""pct"": 12.09}, {""score"": ""1 - 0"", ""pct"": 11.690000000000001}, {""score"": ""2 - 1"", ""pct"": 9.53}]"
Netherlands,Saudi Arabia,Neutral,2.01,0.69,69.0,20.2,10.8,68.3,7.7,8.2,10.9,2.1,2.7,84.3,15.7,"[{""score"": ""1 - 0"", ""pct"": 14.12}, {""score"": ""2 - 0"", ""pct"": 13.120000000000001}, {""score"": ""2 - 1"", ""pct"": 9.49}]"
Netherlands,Tunisia,Neutral,1.946,0.754,65.9,21.5,12.6,65.8,7.5,8.4,12.8,2.5,3.0,81.7,18.3,"[{""score"": ""1 - 0"", ""pct"": 13.81}, {""score"": ""2 - 0"", ""pct"": 12.65}, {""score"": ""1 - 1"", ""pct"": 10.01}]"
Netherlands,Austria,Neutral,1.741,0.959,55.3,24.6,20.1,55.9,7.4,8.8,19.8,3.8,4.3,72.1,27.9,"[{""score"": ""1 - 0"", ""pct"": 12.08}, {""score"": ""1 - 1"", ""pct"": 11.200000000000001}, {""score"": ""2 - 0"", ""pct"": 10.02}]"
Netherlands,Senegal,Neutral,1.513,1.187,45.5,26.2,28.3,44.9,6.8,8.5,28.7,5.0,6.1,60.2,39.8,"[{""score"": ""1 - 1"", ""pct"": 11.959999999999999}, {""score"": ""1 - 0"", ""pct"": 10.97}, {""score"": ""2 - 1"", ""pct"": 9.31}]"
Netherlands,Colombia,Neutral,1.129,1.571,26.1,27.1,46.8,25.8,5.0,6.0,46.9,7.5,8.9,36.7,63.3,"[{""score"": ""1 - 1"", ""pct"": 12.44}, {""score"": ""0 - 1"", ""pct"": 10.65}, {""score"": ""1 - 2"", ""pct"": 9.27}]"
Netherlands,South Korea,Neutral,1.519,1.181,45.4,26.6,28.0,44.3,7.3,7.9,28.7,5.3,6.5,59.5,40.5,"[{""score"": ""1 - 1"", ""pct"": 12.18}, {""score"": ""1 - 0"", ""pct"": 10.9}, {""score"": ""2 - 1"", ""pct"": 9.520000000000001}]"
Netherlands,Switzerland,Neutral,1.544,1.156,45.7,26.8,27.5,45.5,7.4,8.5,26.9,4.9,6.8,61.4,38.6,"[{""score"": ""1 - 1"", ""pct"": 12.43}, {""score"": ""1 - 0"", ""pct"": 9.94}, {""score"": ""2 - 1"", ""pct"": 9.36}]"
Netherlands,Australia,Neutral,1.438,1.262,41.7,25.8,32.5,41.2,6.3,8.1,32.1,5.1,7.1,55.6,44.4,"[{""score"": ""1 - 1"", ""pct"": 11.63}, {""score"": ""1 - 0"", ""pct"": 10.639999999999999}, {""score"": ""0 - 1"", ""pct"": 8.870000000000001}]"
Netherlands,France,Neutral,0.989,1.711,20.6,24.9,54.5,20.2,3.8,4.9,54.9,7.2,9.0,28.9,71.1,"[{""score"": ""0 - 1"", ""pct"": 11.86}, {""score"": ""1 - 1"", ""pct"": 10.96}, {""score"": ""1 - 2"", ""pct"": 9.959999999999999}]"
Netherlands,Morocco,Neutral,1.234,1.466,31.1,27.0,41.9,31.1,5.6,6.5,42.1,6.4,8.4,43.1,56.9,"[{""score"": ""1 - 1"", ""pct"": 11.75}, {""score"": ""0 - 1"", ""pct"": 10.08}, {""score"": ""1 - 2"", ""pct"": 9.180000000000001}]"
Netherlands,Argentina,Neutral,0.773,1.927,13.6,21.2,65.2,13.5,2.9,3.4,64.3,7.3,8.6,19.8,80.2,"[{""score"": ""0 - 1"", ""pct"": 13.69}, {""score"": ""0 - 2"", ""pct"": 12.520000000000001}, {""score"": ""1 - 2"", ""pct"": 9.77}]"
Netherlands,DR Congo,Neutral,1.879,0.821,63.4,21.7,14.9,62.1,7.8,8.5,14.7,2.9,3.9,78.4,21.6,"[{""score"": ""1 - 0"", ""pct"": 13.469999999999999}, {""score"": ""2 - 0"", ""pct"": 11.51}, {""score"": ""2 - 1"", ""pct"": 10.35}]"
Netherlands,Iraq,Neutral,1.923,0.777,64.4,22.1,13.5,64.2,7.5,8.6,13.7,2.5,3.4,80.3,19.7,"[{""score"": ""1 - 0"", ""pct"": 13.020000000000001}, {""score"": ""2 - 0"", ""pct"": 12.5}, {""score"": ""1 - 1"", ""pct"": 10.16}]"
Netherlands,Mexico,Neutral,1.32,1.38,34.5,26.2,39.3,35.0,6.2,7.5,38.1,5.6,7.5,48.8,51.2,"[{""score"": ""1 - 1"", ""pct"": 11.65}, {""score"": ""0 - 1"", ""pct"": 9.610000000000001}, {""score"": ""1 - 0"", ""pct"": 8.91}]"
Netherlands,Cape Verde,Neutral,2.141,0.559,74.4,18.2,7.4,74.6,7.5,7.5,6.9,1.5,2.0,89.6,10.4,"[{""score"": ""2 - 0"", ""pct"": 15.21}, {""score"": ""1 - 0"", ""pct"": 14.64}, {""score"": ""3 - 0"", ""pct"": 10.95}]"
Netherlands,Canada,Neutral,1.582,1.118,48.2,25.9,25.9,47.9,7.5,7.8,25.8,4.8,6.3,63.1,36.9,"[{""score"": ""1 - 1"", ""pct"": 12.2}, {""score"": ""1 - 0"", ""pct"": 10.85}, {""score"": ""2 - 1"", ""pct"": 9.48}]"
Netherlands,Egypt,Neutral,1.854,0.846,61.0,23.6,15.4,61.6,7.2,8.4,16.4,2.9,3.6,77.1,22.9,"[{""score"": ""1 - 0"", ""pct"": 13.16}, {""score"": ""2 - 0"", ""pct"": 11.41}, {""score"": ""1 - 1"", ""pct"": 10.33}]"
Netherlands,Spain,Neutral,0.785,1.915,13.6,21.9,64.5,13.7,2.4,3.5,64.2,7.6,8.6,19.5,80.5,"[{""score"": ""0 - 1"", ""pct"": 13.69}, {""score"": ""0 - 2"", ""pct"": 11.92}, {""score"": ""1 - 1"", ""pct"": 9.64}]"
Netherlands,Portugal,Neutral,1.184,1.516,28.3,26.6,45.1,28.4,4.9,7.0,44.7,6.7,8.3,40.3,59.7,"[{""score"": ""1 - 1"", ""pct"": 12.34}, {""score"": ""0 - 1"", ""pct"": 10.65}, {""score"": ""1 - 2"", ""pct"": 9.47}]"
Netherlands,Turkey,Neutral,1.492,1.208,43.2,26.7,30.1,43.6,6.4,8.2,29.8,5.4,6.4,58.3,41.7,"[{""score"": ""1 - 1"", ""pct"": 11.85}, {""score"": ""1 - 0"", ""pct"": 10.07}, {""score"": ""2 - 1"", ""pct"": 9.47}]"
Netherlands,New Zealand,Neutral,1.996,0.704,68.3,20.8,10.9,69.0,7.1,8.0,11.0,2.2,2.6,84.2,15.8,"[{""score"": ""1 - 0"", ""pct"": 14.6}, {""score"": ""2 - 0"", ""pct"": 13.13}, {""score"": ""1 - 1"", ""pct"": 9.610000000000001}]"
Netherlands,England,Neutral,1.07,1.63,23.5,25.5,50.9,22.4,4.4,5.9,52.1,6.8,8.5,32.7,67.3,"[{""score"": ""1 - 1"", ""pct"": 11.74}, {""score"": ""0 - 1"", ""pct"": 11.07}, {""score"": ""1 - 2"", ""pct"": 9.48}]"
Netherlands,Haiti,Neutral,1.962,0.738,66.1,21.6,12.3,66.8,7.5,8.2,12.3,2.4,2.8,82.5,17.5,"[{""score"": ""1 - 0"", ""pct"": 13.8}, {""score"": ""2 - 0"", ""pct"": 12.8}, {""score"": ""1 - 1"", ""pct"": 9.67}]"
Netherlands,Scotland,Neutral,1.798,0.902,59.0,23.8,17.2,58.9,7.6,8.5,17.6,3.2,4.2,74.9,25.1,"[{""score"": ""1 - 0"", ""pct"": 13.100000000000001}, {""score"": ""1 - 1"", ""pct"": 10.91}, {""score"": ""2 - 0"", ""pct"": 10.530000000000001}]"
Netherlands,Germany,Neutral,1.37,1.33,37.6,26.9,35.5,37.6,6.3,7.4,35.5,6.0,7.1,51.3,48.7,"[{""score"": ""1 - 1"", ""pct"": 12.620000000000001}, {""score"": ""1 - 0"", ""pct"": 10.0}, {""score"": ""0 - 1"", ""pct"": 8.51}]"
Netherlands,Japan,Neutral,1.226,1.474,30.6,27.1,42.2,31.1,5.5,6.1,43.1,7.0,7.2,42.8,57.2,"[{""score"": ""1 - 1"", ""pct"": 11.99}, {""score"": ""0 - 1"", ""pct"": 9.569999999999999}, {""score"": ""1 - 2"", ""pct"": 9.379999999999999}]"
Netherlands,Curaçao,Neutral,2.161,0.539,75.4,18.0,6.6,75.9,6.7,7.2,6.9,1.5,1.8,89.9,10.1,"[{""score"": ""1 - 0"", ""pct"": 15.47}, {""score"": ""2 - 0"", ""pct"": 15.14}, {""score"": ""3 - 0"", ""pct"": 10.95}]"
Netherlands,Uruguay,Neutral,1.341,1.359,35.5,27.9,36.6,36.5,5.9,7.2,36.5,5.9,7.9,49.6,50.4,"[{""score"": ""1 - 1"", ""pct"": 12.44}, {""score"": ""0 - 1"", ""pct"": 9.049999999999999}, {""score"": ""1 - 0"", ""pct"": 8.91}]"
Netherlands,Sweden,Neutral,2.017,0.683,68.8,20.7,10.5,69.3,7.1,8.6,10.3,2.2,2.6,85.0,15.0,"[{""score"": ""1 - 0"", ""pct"": 13.98}, {""score"": ""2 - 0"", ""pct"": 13.969999999999999}, {""score"": ""2 - 1"", ""pct"": 9.83}]"
Netherlands,Iran,Neutral,1.477,1.223,42.8,27.2,30.0,41.8,6.5,7.6,31.4,5.7,7.1,55.9,44.1,"[{""score"": ""1 - 1"", ""pct"": 11.53}, {""score"": ""1 - 0"", ""pct"": 10.530000000000001}, {""score"": ""2 - 1"", ""pct"": 9.049999999999999}]"
Netherlands,United States,Neutral,1.731,0.969,54.6,25.3,20.2,55.8,7.2,8.7,19.7,3.6,5.0,71.7,28.3,"[{""score"": ""1 - 0"", ""pct"": 11.72}, {""score"": ""1 - 1"", ""pct"": 11.21}, {""score"": ""2 - 0"", ""pct"": 9.65}]"
Netherlands,Jordan,Neutral,1.775,0.925,57.4,24.7,18.0,58.4,7.4,8.3,18.0,3.6,4.2,74.1,25.8,"[{""score"": ""1 - 0"", ""pct"": 12.2}, {""score"": ""1 - 1"", ""pct"": 11.26}, {""score"": ""2 - 0"", ""pct"": 10.34}]"
Netherlands,Ghana,Neutral,2.145,0.555,74.7,18.1,7.2,74.8,6.9,7.5,7.5,1.3,2.1,89.1,10.9,"[{""score"": ""1 - 0"", ""pct"": 15.49}, {""score"": ""2 - 0"", ""pct"": 15.229999999999999}, {""score"": ""3 - 0"", ""pct"": 10.91}]"
Netherlands,Czech Republic,Neutral,1.892,0.808,63.5,22.3,14.2,63.0,7.4,9.0,14.3,2.8,3.5,79.4,20.6,"[{""score"": ""1 - 0"", ""pct"": 13.239999999999998}, {""score"": ""2 - 0"", ""pct"": 11.700000000000001}, {""score"": ""1 - 1"", ""pct"": 10.03}]"
Netherlands,Croatia,Neutral,1.42,1.28,40.0,26.9,33.2,39.6,6.5,7.8,33.7,5.5,7.0,53.9,46.1,"[{""score"": ""1 - 1"", ""pct"": 12.1}, {""score"": ""1 - 0"", ""pct"": 9.76}, {""score"": ""0 - 1"", ""pct"": 8.97}]"
Netherlands,Ecuador,Neutral,1.234,1.466,31.7,26.8,41.5,31.6,5.1,6.5,42.1,6.6,8.2,43.2,56.8,"[{""score"": ""1 - 1"", ""pct"": 12.25}, {""score"": ""0 - 1"", ""pct"": 9.879999999999999}, {""score"": ""1 - 2"", ""pct"": 8.51}]"
Netherlands,Brazil,Neutral,1.137,1.563,26.9,27.1,46.0,26.6,4.6,6.0,47.3,6.9,8.7,37.1,62.9,"[{""score"": ""1 - 1"", ""pct"": 12.35}, {""score"": ""0 - 1"", ""pct"": 10.54}, {""score"": ""1 - 2"", ""pct"": 8.83}]"
Netherlands,Bosnia and Herzegovina,Neutral,2.18,0.52,77.0,16.7,6.3,76.2,6.9,7.4,6.5,1.4,1.6,90.5,9.5,"[{""score"": ""2 - 0"", ""pct"": 15.73}, {""score"": ""1 - 0"", ""pct"": 15.36}, {""score"": ""3 - 0"", ""pct"": 11.129999999999999}]"
Netherlands,South Africa,Neutral,2.098,0.602,73.1,18.7,8.2,72.7,7.4,7.5,8.3,1.8,2.3,87.6,12.4,"[{""score"": ""1 - 0"", ""pct"": 15.120000000000001}, {""score"": ""2 - 0"", ""pct"": 14.790000000000001}, {""score"": ""3 - 0"", ""pct"": 9.73}]"
Netherlands,Paraguay,Neutral,1.544,1.156,46.0,26.6,27.4,45.7,7.8,8.4,26.6,5.4,6.2,61.8,38.1,"[{""score"": ""1 - 1"", ""pct"": 11.62}, {""score"": ""1 - 0"", ""pct"": 10.42}, {""score"": ""2 - 1"", ""pct"": 9.02}]"
Netherlands,Belgium,Neutral,1.507,1.193,44.0,27.2,28.8,43.3,7.3,8.6,29.1,5.0,6.6,59.3,40.7,"[{""score"": ""1 - 1"", ""pct"": 12.46}, {""score"": ""1 - 0"", ""pct"": 10.27}, {""score"": ""2 - 1"", ""pct"": 9.35}]"
Netherlands,Norway,Neutral,1.471,1.229,42.6,26.0,31.4,42.4,6.5,7.9,31.0,5.8,6.4,56.8,43.2,"[{""score"": ""1 - 1"", ""pct"": 11.559999999999999}, {""score"": ""1 - 0"", ""pct"": 9.790000000000001}, {""score"": ""2 - 1"", ""pct"": 9.49}]"
Netherlands,Algeria,Neutral,1.574,1.126,47.1,26.6,26.3,47.1,7.0,8.5,26.3,5.0,6.1,62.6,37.4,"[{""score"": ""1 - 1"", ""pct"": 12.06}, {""score"": ""1 - 0"", ""pct"": 11.0}, {""score"": ""2 - 1"", ""pct"": 9.19}]"
Colombia,Ivory Coast,Neutral,1.97,0.73,67.5,20.5,11.9,66.4,8.0,8.0,11.9,2.7,3.0,82.4,17.6,"[{""score"": ""1 - 0"", ""pct"": 13.719999999999999}, {""score"": ""2 - 0"", ""pct"": 13.38}, {""score"": ""1 - 1"", ""pct"": 9.76}]"
Colombia,Uzbekistan,Neutral,1.828,0.872,60.4,22.9,16.7,59.8,7.7,8.8,16.2,3.1,4.2,76.4,23.6,"[{""score"": ""1 - 0"", ""pct"": 13.11}, {""score"": ""2 - 0"", ""pct"": 10.85}, {""score"": ""1 - 1"", ""pct"": 9.969999999999999}]"
Colombia,Qatar,Neutral,2.292,0.408,80.7,15.3,4.1,81.7,6.2,6.3,4.2,0.7,1.0,94.2,5.8,"[{""score"": ""2 - 0"", ""pct"": 17.57}, {""score"": ""1 - 0"", ""pct"": 15.659999999999998}, {""score"": ""3 - 0"", ""pct"": 13.58}]"
Colombia,Panama,Neutral,1.851,0.849,60.7,23.1,16.2,61.5,7.4,8.2,15.9,3.4,3.7,77.1,22.9,"[{""score"": ""1 - 0"", ""pct"": 13.239999999999998}, {""score"": ""2 - 0"", ""pct"": 11.16}, {""score"": ""1 - 1"", ""pct"": 10.780000000000001}]"
Colombia,Saudi Arabia,Neutral,2.136,0.564,74.6,17.7,7.7,74.9,7.0,7.4,7.6,1.4,1.8,89.3,10.7,"[{""score"": ""1 - 0"", ""pct"": 15.47}, {""score"": ""2 - 0"", ""pct"": 15.1}, {""score"": ""3 - 0"", ""pct"": 10.56}]"
Colombia,Tunisia,Neutral,2.087,0.613,72.2,19.2,8.7,72.4,6.8,7.1,9.6,1.7,2.4,86.3,13.7,"[{""score"": ""2 - 0"", ""pct"": 14.75}, {""score"": ""1 - 0"", ""pct"": 14.56}, {""score"": ""3 - 0"", ""pct"": 9.53}]"
Colombia,Austria,Neutral,1.921,0.779,65.1,21.8,13.1,64.1,7.4,8.5,13.7,2.6,3.8,79.9,20.1,"[{""score"": ""1 - 0"", ""pct"": 13.99}, {""score"": ""2 - 0"", ""pct"": 12.23}, {""score"": ""1 - 1"", ""pct"": 9.84}]"
Colombia,Senegal,Neutral,1.723,0.977,54.4,25.1,20.5,55.2,7.3,8.8,20.1,3.7,4.8,71.3,28.7,"[{""score"": ""1 - 0"", ""pct"": 12.27}, {""score"": ""1 - 1"", ""pct"": 11.35}, {""score"": ""2 - 1"", ""pct"": 9.77}]"
Colombia,Netherlands,Neutral,1.571,1.129,46.8,27.2,26.0,47.4,6.9,8.3,26.5,4.8,6.2,62.6,37.4,"[{""score"": ""1 - 1"", ""pct"": 12.13}, {""score"": ""1 - 0"", ""pct"": 11.219999999999999}, {""score"": ""2 - 1"", ""pct"": 8.7}]"
Colombia,South Korea,Neutral,1.728,0.972,54.7,24.9,20.4,54.9,7.6,8.6,20.4,3.6,4.8,71.1,28.9,"[{""score"": ""1 - 0"", ""pct"": 11.61}, {""score"": ""1 - 1"", ""pct"": 11.129999999999999}, {""score"": ""2 - 1"", ""pct"": 9.98}]"
Colombia,Switzerland,Neutral,1.751,0.949,57.0,23.9,19.1,55.7,7.9,8.6,19.6,3.5,4.6,72.2,27.8,"[{""score"": ""1 - 0"", ""pct"": 12.389999999999999}, {""score"": ""1 - 1"", ""pct"": 10.94}, {""score"": ""2 - 0"", ""pct"": 10.23}]"
Colombia,Australia,Neutral,1.654,1.046,51.0,25.2,23.8,50.8,7.1,8.8,23.8,4.4,5.1,66.7,33.3,"[{""score"": ""1 - 1"", ""pct"": 11.469999999999999}, {""score"": ""1 - 0"", ""pct"": 11.37}, {""score"": ""2 - 1"", ""pct"": 9.969999999999999}]"
Colombia,France,Neutral,1.2,1.5,28.8,27.9,43.2,29.2,5.7,6.6,43.6,6.8,8.2,41.4,58.6,"[{""score"": ""1 - 1"", ""pct"": 12.35}, {""score"": ""0 - 1"", ""pct"": 10.040000000000001}, {""score"": ""1 - 2"", ""pct"": 9.01}]"
Colombia,Morocco,Neutral,1.458,1.242,41.7,27.3,31.0,41.8,6.2,8.1,31.5,5.6,6.8,56.1,43.9,"[{""score"": ""1 - 1"", ""pct"": 13.03}, {""score"": ""1 - 0"", ""pct"": 9.77}, {""score"": ""2 - 1"", ""pct"": 8.73}]"
Colombia,Argentina,Neutral,0.952,1.748,18.9,24.6,56.6,19.4,3.6,4.2,56.3,7.9,8.6,27.2,72.8,"[{""score"": ""0 - 1"", ""pct"": 11.78}, {""score"": ""1 - 1"", ""pct"": 11.1}, {""score"": ""0 - 2"", ""pct"": 10.23}]"
Colombia,DR Congo,Neutral,2.034,0.666,69.9,20.6,9.6,69.9,7.1,8.3,10.2,2.0,2.5,85.3,14.7,"[{""score"": ""1 - 0"", ""pct"": 14.24}, {""score"": ""2 - 0"", ""pct"": 14.11}, {""score"": ""2 - 1"", ""pct"": 9.3}]"
Colombia,Iraq,Neutral,2.069,0.631,71.0,19.3,9.7,71.5,7.0,7.8,9.3,1.9,2.5,86.2,13.8,"[{""score"": ""1 - 0"", ""pct"": 14.52}, {""score"": ""2 - 0"", ""pct"": 14.280000000000001}, {""score"": ""3 - 0"", ""pct"": 9.520000000000001}]"
Colombia,Mexico,Neutral,1.542,1.158,45.8,26.6,27.6,46.4,6.6,8.4,27.9,5.0,5.8,61.4,38.6,"[{""score"": ""1 - 1"", ""pct"": 12.030000000000001}, {""score"": ""1 - 0"", ""pct"": 9.959999999999999}, {""score"": ""2 - 1"", ""pct"": 9.58}]"
Colombia,Cape Verde,Neutral,2.234,0.466,78.3,15.9,5.8,78.2,6.8,7.0,5.6,1.0,1.5,91.9,8.1,"[{""score"": ""2 - 0"", ""pct"": 17.19}, {""score"": ""1 - 0"", ""pct"": 15.83}, {""score"": ""3 - 0"", ""pct"": 11.95}]"
Colombia,Canada,Neutral,1.785,0.915,57.4,24.7,17.9,57.7,7.6,8.5,18.3,3.4,4.4,73.9,26.2,"[{""score"": ""1 - 0"", ""pct"": 12.18}, {""score"": ""1 - 1"", ""pct"": 11.459999999999999}, {""score"": ""2 - 0"", ""pct"": 10.76}]"
Colombia,Egypt,Neutral,2.014,0.686,68.9,21.0,10.2,69.4,7.4,8.0,10.3,2.1,2.8,84.8,15.2,"[{""score"": ""1 - 0"", ""pct"": 14.42}, {""score"": ""2 - 0"", ""pct"": 13.700000000000001}, {""score"": ""1 - 1"", ""pct"": 9.229999999999999}]"
Colombia,Spain,Neutral,0.967,1.733,19.8,25.8,54.4,20.0,4.0,4.7,55.5,7.5,8.3,28.7,71.3,"[{""score"": ""1 - 1"", ""pct"": 11.899999999999999}, {""score"": ""0 - 1"", ""pct"": 11.74}, {""score"": ""1 - 2"", ""pct"": 9.6}]"
Colombia,Portugal,Neutral,1.407,1.293,39.0,27.6,33.4,39.4,6.5,8.0,33.4,5.5,7.1,53.9,46.1,"[{""score"": ""1 - 1"", ""pct"": 12.75}, {""score"": ""1 - 0"", ""pct"": 10.059999999999999}, {""score"": ""0 - 1"", ""pct"": 8.62}]"
Colombia,Turkey,Neutral,1.704,0.996,55.6,23.4,21.0,54.7,7.2,8.6,20.8,3.5,5.1,70.5,29.5,"[{""score"": ""1 - 0"", ""pct"": 11.86}, {""score"": ""1 - 1"", ""pct"": 10.290000000000001}, {""score"": ""2 - 1"", ""pct"": 10.059999999999999}]"
Colombia,New Zealand,Neutral,2.126,0.574,74.2,17.9,7.8,74.8,7.0,7.3,7.3,1.7,2.0,89.1,10.9,"[{""score"": ""2 - 0"", ""pct"": 15.809999999999999}, {""score"": ""1 - 0"", ""pct"": 14.46}, {""score"": ""3 - 0"", ""pct"": 10.440000000000001}]"
Colombia,England,Neutral,1.288,1.412,33.8,27.4,38.8,33.1,6.2,7.2,39.2,6.4,7.9,46.5,53.5,"[{""score"": ""1 - 1"", ""pct"": 12.139999999999999}, {""score"": ""0 - 1"", ""pct"": 9.48}, {""score"": ""1 - 2"", ""pct"": 8.86}]"
Colombia,Haiti,Neutral,2.099,0.601,72.8,18.8,8.3,73.1,7.1,7.7,8.5,1.5,2.2,87.8,12.2,"[{""score"": ""1 - 0"", ""pct"": 14.549999999999999}, {""score"": ""2 - 0"", ""pct"": 13.98}, {""score"": ""3 - 0"", ""pct"": 9.64}]"
Colombia,Scotland,Neutral,1.969,0.731,66.8,20.7,12.6,66.4,7.6,8.6,11.8,2.5,3.3,82.5,17.5,"[{""score"": ""1 - 0"", ""pct"": 13.29}, {""score"": ""2 - 0"", ""pct"": 13.16}, {""score"": ""2 - 1"", ""pct"": 10.05}]"
Colombia,Germany,Neutral,1.59,1.11,48.5,26.1,25.5,47.8,7.5,8.4,25.4,4.8,6.1,63.7,36.3,"[{""score"": ""1 - 1"", ""pct"": 12.11}, {""score"": ""1 - 0"", ""pct"": 10.94}, {""score"": ""2 - 1"", ""pct"": 9.31}]"
Colombia,Japan,Neutral,1.449,1.251,41.5,26.7,31.8,40.8,6.6,8.0,31.5,6.1,6.9,55.5,44.5,"[{""score"": ""1 - 1"", ""pct"": 11.37}, {""score"": ""1 - 0"", ""pct"": 10.34}, {""score"": ""2 - 1"", ""pct"": 8.86}]"
Colombia,Curaçao,Neutral,2.249,0.451,79.3,15.6,5.1,79.1,6.5,7.2,4.8,1.0,1.5,92.8,7.2,"[{""score"": ""2 - 0"", ""pct"": 17.16}, {""score"": ""1 - 0"", ""pct"": 15.45}, {""score"": ""3 - 0"", ""pct"": 12.24}]"
Colombia,Uruguay,Neutral,1.563,1.137,46.0,26.6,27.5,47.3,7.2,8.0,27.4,4.3,5.8,62.5,37.5,"[{""score"": ""1 - 1"", ""pct"": 12.27}, {""score"": ""1 - 0"", ""pct"": 10.61}, {""score"": ""2 - 1"", ""pct"": 8.85}]"
Colombia,Sweden,Neutral,2.141,0.559,75.3,17.3,7.3,75.0,6.9,7.2,7.3,1.5,2.1,89.1,10.9,"[{""score"": ""1 - 0"", ""pct"": 15.76}, {""score"": ""2 - 0"", ""pct"": 15.110000000000001}, {""score"": ""3 - 0"", ""pct"": 10.89}]"
Colombia,Iran,Neutral,1.69,1.01,53.8,24.8,21.4,53.3,7.1,8.7,21.3,4.2,5.3,69.1,30.9,"[{""score"": ""1 - 0"", ""pct"": 11.940000000000001}, {""score"": ""1 - 1"", ""pct"": 11.25}, {""score"": ""2 - 1"", ""pct"": 9.64}]"
Colombia,United States,Neutral,1.913,0.787,64.4,22.0,13.5,64.0,8.1,8.2,13.6,2.5,3.5,80.4,19.6,"[{""score"": ""1 - 0"", ""pct"": 13.350000000000001}, {""score"": ""2 - 0"", ""pct"": 12.540000000000001}, {""score"": ""1 - 1"", ""pct"": 9.790000000000001}]"
Colombia,Jordan,Neutral,1.949,0.751,65.8,21.5,12.7,66.9,7.0,8.3,11.7,2.5,3.6,82.2,17.8,"[{""score"": ""1 - 0"", ""pct"": 14.149999999999999}, {""score"": ""2 - 0"", ""pct"": 12.61}, {""score"": ""2 - 1"", ""pct"": 9.959999999999999}]"
Colombia,Ghana,Neutral,2.237,0.463,79.6,15.0,5.4,79.0,6.5,6.9,5.2,1.1,1.4,92.3,7.7,"[{""score"": ""2 - 0"", ""pct"": 16.830000000000002}, {""score"": ""1 - 0"", ""pct"": 16.0}, {""score"": ""3 - 0"", ""pct"": 12.27}]"
Colombia,Czech Republic,Neutral,2.045,0.655,70.5,19.7,9.9,70.8,7.0,8.3,9.6,1.9,2.3,86.1,13.9,"[{""score"": ""1 - 0"", ""pct"": 14.26}, {""score"": ""2 - 0"", ""pct"": 14.09}, {""score"": ""2 - 1"", ""pct"": 9.43}]"
Colombia,Croatia,Neutral,1.637,1.063,50.7,25.4,23.9,50.2,7.3,8.1,24.1,4.7,5.7,65.6,34.4,"[{""score"": ""1 - 1"", ""pct"": 11.65}, {""score"": ""1 - 0"", ""pct"": 11.25}, {""score"": ""2 - 1"", ""pct"": 9.64}]"
Colombia,Ecuador,Neutral,1.457,1.243,40.4,27.6,32.0,41.3,7.1,7.9,31.1,5.9,6.7,56.3,43.7,"[{""score"": ""1 - 1"", ""pct"": 12.1}, {""score"": ""1 - 0"", ""pct"": 10.16}, {""score"": ""0 - 1"", ""pct"": 8.709999999999999}]"
Colombia,Brazil,Neutral,1.359,1.341,36.9,27.1,36.0,36.4,6.3,7.1,36.4,6.6,7.2,49.8,50.2,"[{""score"": ""1 - 1"", ""pct"": 11.940000000000001}, {""score"": ""1 - 0"", ""pct"": 9.21}, {""score"": ""2 - 1"", ""pct"": 8.55}]"
Colombia,Bosnia and Herzegovina,Neutral,2.262,0.438,79.3,16.0,4.8,79.1,6.5,7.0,5.1,1.0,1.4,92.6,7.4,"[{""score"": ""2 - 0"", ""pct"": 17.05}, {""score"": ""1 - 0"", ""pct"": 15.4}, {""score"": ""3 - 0"", ""pct"": 12.31}]"
Colombia,South Africa,Neutral,2.203,0.497,78.0,15.5,6.4,77.6,6.3,7.0,6.2,1.1,1.8,90.9,9.1,"[{""score"": ""2 - 0"", ""pct"": 16.470000000000002}, {""score"": ""1 - 0"", ""pct"": 15.620000000000001}, {""score"": ""3 - 0"", ""pct"": 11.700000000000001}]"
Colombia,Paraguay,Neutral,1.751,0.949,56.1,25.0,19.0,56.4,7.4,8.5,19.0,3.8,4.9,72.3,27.7,"[{""score"": ""1 - 0"", ""pct"": 11.690000000000001}, {""score"": ""1 - 1"", ""pct"": 11.27}, {""score"": ""2 - 0"", ""pct"": 10.37}]"
Colombia,Belgium,Neutral,1.717,0.983,54.4,24.9,20.6,55.3,7.3,8.4,20.3,3.9,4.8,71.0,29.0,"[{""score"": ""1 - 0"", ""pct"": 12.16}, {""score"": ""1 - 1"", ""pct"": 11.34}, {""score"": ""2 - 0"", ""pct"": 9.82}]"
Colombia,Norway,Neutral,1.685,1.015,53.2,25.7,21.1,52.5,7.5,8.4,21.3,4.3,5.9,68.4,31.6,"[{""score"": ""1 - 0"", ""pct"": 11.89}, {""score"": ""1 - 1"", ""pct"": 11.58}, {""score"": ""2 - 1"", ""pct"": 9.84}]"
Colombia,Algeria,Neutral,1.778,0.922,58.4,24.2,17.4,57.2,7.2,9.0,19.0,3.4,4.3,73.4,26.6,"[{""score"": ""1 - 0"", ""pct"": 13.16}, {""score"": ""1 - 1"", ""pct"": 11.21}, {""score"": ""2 - 1"", ""pct"": 10.2}]"
South Korea,Ivory Coast,Neutral,1.649,1.051,50.8,25.4,23.8,50.9,7.4,8.6,22.8,4.3,6.0,66.9,33.1,"[{""score"": ""1 - 1"", ""pct"": 11.16}, {""score"": ""1 - 0"", ""pct"": 11.01}, {""score"": ""2 - 1"", ""pct"": 9.93}]"
South Korea,Uzbekistan,Neutral,1.467,1.233,42.5,26.1,31.3,42.6,6.8,8.0,30.8,5.3,6.4,57.4,42.6,"[{""score"": ""1 - 1"", ""pct"": 11.87}, {""score"": ""1 - 0"", ""pct"": 9.94}, {""score"": ""2 - 1"", ""pct"": 9.24}]"
South Korea,Qatar,Neutral,2.15,0.55,75.2,17.5,7.3,75.4,7.0,7.2,7.4,1.2,1.8,89.7,10.3,"[{""score"": ""1 - 0"", ""pct"": 15.040000000000001}, {""score"": ""2 - 0"", ""pct"": 14.979999999999999}, {""score"": ""3 - 0"", ""pct"": 10.72}]"
South Korea,Panama,Neutral,1.496,1.204,42.9,26.8,30.2,43.8,6.6,7.9,30.1,5.0,6.6,58.3,41.7,"[{""score"": ""1 - 1"", ""pct"": 11.99}, {""score"": ""1 - 0"", ""pct"": 10.22}, {""score"": ""2 - 1"", ""pct"": 8.86}]"
South Korea,Saudi Arabia,Neutral,1.891,0.809,62.8,22.7,14.5,63.5,7.4,8.7,13.7,3.0,3.8,79.6,20.4,"[{""score"": ""1 - 0"", ""pct"": 13.08}, {""score"": ""2 - 0"", ""pct"": 11.59}, {""score"": ""1 - 1"", ""pct"": 10.51}]"
South Korea,Tunisia,Neutral,1.816,0.884,59.4,23.8,16.8,58.8,7.1,9.0,17.5,3.5,4.1,74.8,25.1,"[{""score"": ""1 - 0"", ""pct"": 12.659999999999998}, {""score"": ""2 - 0"", ""pct"": 11.14}, {""score"": ""1 - 1"", ""pct"": 10.93}]"
South Korea,Austria,Neutral,1.585,1.115,48.0,26.5,25.5,47.2,7.7,8.6,26.0,4.5,6.1,63.5,36.5,"[{""score"": ""1 - 1"", ""pct"": 11.700000000000001}, {""score"": ""1 - 0"", ""pct"": 11.18}, {""score"": ""2 - 1"", ""pct"": 9.32}]"
South Korea,Senegal,Neutral,1.344,1.356,35.7,27.2,37.1,35.7,6.4,7.2,37.2,5.7,7.8,49.4,50.6,"[{""score"": ""1 - 1"", ""pct"": 12.75}, {""score"": ""0 - 1"", ""pct"": 9.139999999999999}, {""score"": ""1 - 0"", ""pct"": 9.13}]"
South Korea,Netherlands,Neutral,1.181,1.519,28.8,26.7,44.5,29.3,5.1,6.2,44.2,7.0,8.1,40.7,59.3,"[{""score"": ""1 - 1"", ""pct"": 12.42}, {""score"": ""0 - 1"", ""pct"": 10.75}, {""score"": ""1 - 2"", ""pct"": 8.89}]"
South Korea,Colombia,Neutral,0.972,1.728,20.5,25.2,54.3,19.9,3.8,4.7,55.4,7.5,8.7,28.3,71.7,"[{""score"": ""0 - 1"", ""pct"": 12.139999999999999}, {""score"": ""1 - 1"", ""pct"": 11.129999999999999}, {""score"": ""1 - 2"", ""pct"": 10.03}]"
South Korea,Switzerland,Neutral,1.376,1.324,37.1,27.7,35.2,38.5,5.9,7.6,34.8,6.1,7.1,52.0,48.0,"[{""score"": ""1 - 1"", ""pct"": 12.75}, {""score"": ""1 - 0"", ""pct"": 9.36}, {""score"": ""0 - 1"", ""pct"": 9.08}]"
South Korea,Australia,Neutral,1.268,1.432,32.8,27.2,40.0,33.0,5.8,7.0,40.0,6.5,7.9,45.7,54.3,"[{""score"": ""1 - 1"", ""pct"": 12.559999999999999}, {""score"": ""0 - 1"", ""pct"": 9.68}, {""score"": ""1 - 2"", ""pct"": 8.76}]"
South Korea,France,Neutral,0.845,1.855,15.3,22.9,61.8,15.6,2.9,4.1,60.8,7.8,8.9,22.6,77.4,"[{""score"": ""0 - 1"", ""pct"": 13.25}, {""score"": ""0 - 2"", ""pct"": 10.82}, {""score"": ""1 - 1"", ""pct"": 10.440000000000001}]"
South Korea,Morocco,Neutral,1.07,1.63,24.4,25.8,49.8,23.7,4.2,5.5,50.6,7.5,8.5,33.4,66.6,"[{""score"": ""1 - 1"", ""pct"": 11.75}, {""score"": ""0 - 1"", ""pct"": 10.85}, {""score"": ""1 - 2"", ""pct"": 9.71}]"
South Korea,Argentina,Neutral,0.66,2.04,9.5,20.1,70.4,9.9,2.0,2.7,70.0,7.6,7.7,14.7,85.3,"[{""score"": ""0 - 1"", ""pct"": 14.39}, {""score"": ""0 - 2"", ""pct"": 14.01}, {""score"": ""1 - 2"", ""pct"": 9.48}]"
South Korea,DR Congo,Neutral,1.739,0.961,56.4,24.0,19.6,55.9,7.9,8.5,19.1,3.7,4.9,72.3,27.7,"[{""score"": ""1 - 0"", ""pct"": 11.64}, {""score"": ""2 - 1"", ""pct"": 10.620000000000001}, {""score"": ""1 - 1"", ""pct"": 10.61}]"
South Korea,Iraq,Neutral,1.789,0.911,57.9,23.9,18.2,58.3,7.8,8.9,16.7,3.4,5.0,75.0,25.0,"[{""score"": ""1 - 0"", ""pct"": 12.22}, {""score"": ""2 - 0"", ""pct"": 10.93}, {""score"": ""1 - 1"", ""pct"": 10.7}]"
South Korea,Mexico,Neutral,1.152,1.548,27.6,26.7,45.7,27.8,4.9,6.0,46.4,6.8,8.1,38.7,61.3,"[{""score"": ""1 - 1"", ""pct"": 11.86}, {""score"": ""0 - 1"", ""pct"": 10.83}, {""score"": ""1 - 2"", ""pct"": 8.63}]"
South Korea,Cape Verde,Neutral,2.049,0.651,70.7,19.7,9.6,70.0,7.7,7.9,10.3,1.9,2.2,85.5,14.5,"[{""score"": ""1 - 0"", ""pct"": 13.94}, {""score"": ""2 - 0"", ""pct"": 13.69}, {""score"": ""2 - 1"", ""pct"": 9.59}]"
South Korea,Canada,Neutral,1.415,1.285,38.8,27.8,33.4,39.5,6.1,8.0,33.5,5.7,7.2,53.6,46.4,"[{""score"": ""1 - 1"", ""pct"": 12.61}, {""score"": ""1 - 0"", ""pct"": 9.54}, {""score"": ""2 - 1"", ""pct"": 8.59}]"
South Korea,Egypt,Neutral,1.711,0.989,54.5,24.9,20.5,53.6,7.2,8.9,21.4,4.0,4.9,69.8,30.2,"[{""score"": ""1 - 0"", ""pct"": 12.08}, {""score"": ""1 - 1"", ""pct"": 11.21}, {""score"": ""2 - 1"", ""pct"": 9.610000000000001}]"
South Korea,Spain,Neutral,0.67,2.03,10.1,19.1,70.7,10.0,1.9,2.8,69.9,7.4,8.0,14.8,85.2,"[{""score"": ""0 - 1"", ""pct"": 14.430000000000001}, {""score"": ""0 - 2"", ""pct"": 13.270000000000001}, {""score"": ""1 - 2"", ""pct"": 9.51}]"
South Korea,Portugal,Neutral,1.023,1.677,22.6,25.0,52.4,22.4,4.4,5.0,52.3,7.1,8.7,31.8,68.2,"[{""score"": ""1 - 1"", ""pct"": 11.33}, {""score"": ""0 - 1"", ""pct"": 11.28}, {""score"": ""1 - 2"", ""pct"": 9.41}]"
South Korea,Turkey,Neutral,1.323,1.377,35.7,27.1,37.2,35.4,5.6,7.3,37.0,6.3,8.4,48.3,51.7,"[{""score"": ""1 - 1"", ""pct"": 11.959999999999999}, {""score"": ""0 - 1"", ""pct"": 9.36}, {""score"": ""1 - 0"", ""pct"": 9.21}]"
South Korea,New Zealand,Neutral,1.875,0.825,63.7,22.4,13.9,62.3,7.7,8.4,15.2,2.8,3.6,78.4,21.6,"[{""score"": ""1 - 0"", ""pct"": 13.320000000000002}, {""score"": ""2 - 0"", ""pct"": 11.92}, {""score"": ""1 - 1"", ""pct"": 9.89}]"
South Korea,England,Neutral,0.918,1.782,18.1,24.1,57.9,17.6,3.4,4.4,58.2,7.5,8.8,25.4,74.6,"[{""score"": ""0 - 1"", ""pct"": 12.139999999999999}, {""score"": ""1 - 1"", ""pct"": 11.18}, {""score"": ""0 - 2"", ""pct"": 10.34}]"
South Korea,Haiti,Neutral,1.835,0.865,60.8,23.4,15.7,60.7,7.5,8.6,16.1,3.0,4.0,76.9,23.1,"[{""score"": ""1 - 0"", ""pct"": 12.44}, {""score"": ""2 - 0"", ""pct"": 11.06}, {""score"": ""1 - 1"", ""pct"": 10.67}]"
South Korea,Scotland,Neutral,1.648,1.052,51.5,25.9,22.6,51.6,7.6,8.1,23.4,4.0,5.3,67.2,32.8,"[{""score"": ""1 - 1"", ""pct"": 11.540000000000001}, {""score"": ""1 - 0"", ""pct"": 11.26}, {""score"": ""2 - 1"", ""pct"": 9.74}]"
South Korea,Germany,Neutral,1.201,1.499,29.4,27.3,43.4,29.8,5.4,6.5,43.5,6.5,8.3,41.7,58.3,"[{""score"": ""1 - 1"", ""pct"": 11.83}, {""score"": ""0 - 1"", ""pct"": 10.12}, {""score"": ""1 - 2"", ""pct"": 9.1}]"
South Korea,Japan,Neutral,1.062,1.638,23.7,25.4,50.9,23.2,4.5,5.7,50.6,7.4,8.6,33.4,66.6,"[{""score"": ""0 - 1"", ""pct"": 11.99}, {""score"": ""1 - 1"", ""pct"": 11.43}, {""score"": ""1 - 2"", ""pct"": 9.569999999999999}]"
South Korea,Curaçao,Neutral,2.074,0.626,71.4,19.0,9.6,71.5,7.4,7.9,9.0,1.7,2.5,86.8,13.2,"[{""score"": ""1 - 0"", ""pct"": 14.29}, {""score"": ""2 - 0"", ""pct"": 14.17}, {""score"": ""3 - 0"", ""pct"": 9.65}]"
South Korea,Uruguay,Neutral,1.173,1.527,28.9,26.4,44.7,28.0,5.1,6.7,44.5,7.1,8.6,39.8,60.2,"[{""score"": ""1 - 1"", ""pct"": 12.120000000000001}, {""score"": ""0 - 1"", ""pct"": 10.35}, {""score"": ""1 - 2"", ""pct"": 9.28}]"
South Korea,Sweden,Neutral,1.899,0.801,63.2,22.0,14.7,63.1,7.3,9.0,14.1,2.8,3.8,79.3,20.7,"[{""score"": ""1 - 0"", ""pct"": 13.01}, {""score"": ""2 - 0"", ""pct"": 11.91}, {""score"": ""1 - 1"", ""pct"": 10.39}]"
South Korea,Iran,Neutral,1.308,1.392,35.2,27.1,37.7,34.8,5.8,7.4,38.7,6.3,7.0,48.0,52.0,"[{""score"": ""1 - 1"", ""pct"": 12.790000000000001}, {""score"": ""0 - 1"", ""pct"": 8.98}, {""score"": ""1 - 0"", ""pct"": 8.73}]"
South Korea,United States,Neutral,1.574,1.126,47.3,26.6,26.1,47.8,7.2,8.0,26.2,4.8,5.9,63.0,37.0,"[{""score"": ""1 - 1"", ""pct"": 11.85}, {""score"": ""1 - 0"", ""pct"": 10.76}, {""score"": ""2 - 1"", ""pct"": 9.27}]"
South Korea,Jordan,Neutral,1.622,1.078,49.7,25.4,24.8,50.3,6.9,8.5,23.5,4.7,6.0,65.8,34.2,"[{""score"": ""1 - 1"", ""pct"": 11.87}, {""score"": ""1 - 0"", ""pct"": 11.09}, {""score"": ""2 - 1"", ""pct"": 9.74}]"
South Korea,Ghana,Neutral,2.055,0.645,71.5,19.2,9.2,71.4,7.0,8.0,9.4,1.8,2.4,86.4,13.6,"[{""score"": ""1 - 0"", ""pct"": 14.219999999999999}, {""score"": ""2 - 0"", ""pct"": 14.180000000000001}, {""score"": ""3 - 0"", ""pct"": 9.62}]"
South Korea,Czech Republic,Neutral,1.754,0.946,56.2,24.2,19.6,56.1,7.5,8.8,19.5,3.5,4.6,72.4,27.6,"[{""score"": ""1 - 0"", ""pct"": 11.97}, {""score"": ""1 - 1"", ""pct"": 10.89}, {""score"": ""2 - 1"", ""pct"": 10.09}]"
South Korea,Croatia,Neutral,1.25,1.45,31.7,27.0,41.3,31.6,5.4,6.7,41.0,6.7,8.7,43.7,56.3,"[{""score"": ""1 - 1"", ""pct"": 12.379999999999999}, {""score"": ""0 - 1"", ""pct"": 10.23}, {""score"": ""1 - 2"", ""pct"": 8.93}]"
South Korea,Ecuador,Neutral,1.07,1.63,24.3,25.4,50.3,23.9,4.3,5.7,49.9,7.1,9.1,33.9,66.1,"[{""score"": ""1 - 1"", ""pct"": 11.469999999999999}, {""score"": ""0 - 1"", ""pct"": 11.04}, {""score"": ""1 - 2"", ""pct"": 9.81}]"
South Korea,Brazil,Neutral,0.98,1.72,20.2,24.7,55.1,21.1,3.9,5.1,54.3,7.1,8.4,30.1,69.9,"[{""score"": ""0 - 1"", ""pct"": 12.479999999999999}, {""score"": ""1 - 1"", ""pct"": 11.09}, {""score"": ""0 - 2"", ""pct"": 9.93}]"
South Korea,Bosnia and Herzegovina,Neutral,2.097,0.603,73.8,18.1,8.1,72.9,7.3,7.7,8.2,1.7,2.2,87.9,12.1,"[{""score"": ""1 - 0"", ""pct"": 15.2}, {""score"": ""2 - 0"", ""pct"": 15.160000000000002}, {""score"": ""3 - 0"", ""pct"": 10.290000000000001}]"
South Korea,South Africa,Neutral,1.997,0.703,68.4,20.7,10.8,67.7,7.6,8.4,11.4,2.1,2.8,83.7,16.3,"[{""score"": ""1 - 0"", ""pct"": 14.12}, {""score"": ""2 - 0"", ""pct"": 12.94}, {""score"": ""3 - 0"", ""pct"": 9.01}]"
South Korea,Paraguay,Neutral,1.376,1.324,36.7,27.8,35.5,38.1,6.3,7.3,34.7,6.1,7.5,51.7,48.3,"[{""score"": ""1 - 1"", ""pct"": 13.04}, {""score"": ""1 - 0"", ""pct"": 9.42}, {""score"": ""0 - 1"", ""pct"": 9.379999999999999}]"
South Korea,Belgium,Neutral,1.338,1.362,34.9,27.7,37.4,35.8,6.0,7.0,37.3,6.5,7.4,48.8,51.2,"[{""score"": ""1 - 1"", ""pct"": 12.770000000000001}, {""score"": ""0 - 1"", ""pct"": 9.49}, {""score"": ""1 - 0"", ""pct"": 8.55}]"
South Korea,Norway,Neutral,1.302,1.398,33.5,27.4,39.1,34.6,5.5,7.3,38.1,6.4,8.1,47.4,52.6,"[{""score"": ""1 - 1"", ""pct"": 12.540000000000001}, {""score"": ""0 - 1"", ""pct"": 10.02}, {""score"": ""1 - 0"", ""pct"": 8.41}]"
South Korea,Algeria,Neutral,1.408,1.292,39.6,27.4,33.0,39.1,6.3,8.3,33.2,5.6,7.5,53.7,46.3,"[{""score"": ""1 - 1"", ""pct"": 12.43}, {""score"": ""1 - 0"", ""pct"": 9.92}, {""score"": ""0 - 1"", ""pct"": 8.57}]"
Switzerland,Ivory Coast,Neutral,1.625,1.075,49.4,26.6,24.0,50.6,7.2,8.7,23.6,4.3,5.4,66.6,33.4,"[{""score"": ""1 - 1"", ""pct"": 12.35}, {""score"": ""1 - 0"", ""pct"": 10.91}, {""score"": ""2 - 1"", ""pct"": 9.610000000000001}]"
Switzerland,Uzbekistan,Neutral,1.442,1.258,40.9,26.6,32.5,40.9,6.7,8.2,31.5,5.5,7.2,55.8,44.2,"[{""score"": ""1 - 1"", ""pct"": 12.35}, {""score"": ""1 - 0"", ""pct"": 9.92}, {""score"": ""2 - 1"", ""pct"": 8.62}]"
Switzerland,Qatar,Neutral,2.138,0.562,74.7,18.2,7.1,74.2,7.2,7.6,7.4,1.5,2.1,88.9,11.1,"[{""score"": ""2 - 0"", ""pct"": 15.75}, {""score"": ""1 - 0"", ""pct"": 14.82}, {""score"": ""3 - 0"", ""pct"": 11.16}]"
Switzerland,Panama,Neutral,1.471,1.229,42.3,26.8,30.9,42.6,6.6,8.2,30.7,5.4,6.4,57.5,42.5,"[{""score"": ""1 - 1"", ""pct"": 11.84}, {""score"": ""1 - 0"", ""pct"": 10.09}, {""score"": ""2 - 1"", ""pct"": 9.33}]"
Switzerland,Saudi Arabia,Neutral,1.871,0.829,61.3,23.4,15.3,62.6,7.5,8.4,14.8,3.0,3.6,78.5,21.5,"[{""score"": ""1 - 0"", ""pct"": 12.770000000000001}, {""score"": ""2 - 0"", ""pct"": 11.84}, {""score"": ""1 - 1"", ""pct"": 10.79}]"
Switzerland,Tunisia,Neutral,1.795,0.905,58.2,23.9,17.9,58.7,7.3,8.6,17.6,3.4,4.3,74.7,25.3,"[{""score"": ""1 - 0"", ""pct"": 12.24}, {""score"": ""1 - 1"", ""pct"": 10.8}, {""score"": ""2 - 0"", ""pct"": 10.37}]"
Switzerland,Austria,Neutral,1.56,1.14,46.6,26.3,27.1,46.6,7.0,8.7,27.2,4.7,5.9,62.3,37.7,"[{""score"": ""1 - 1"", ""pct"": 11.78}, {""score"": ""1 - 0"", ""pct"": 10.39}, {""score"": ""2 - 1"", ""pct"": 9.9}]"
Switzerland,Senegal,Neutral,1.319,1.381,34.6,27.8,37.6,34.8,6.0,7.4,37.7,6.2,7.8,48.3,51.7,"[{""score"": ""1 - 1"", ""pct"": 13.01}, {""score"": ""0 - 1"", ""pct"": 9.66}, {""score"": ""1 - 0"", ""pct"": 8.74}]"
Switzerland,Netherlands,Neutral,1.156,1.544,27.3,26.8,46.0,27.7,4.7,6.9,45.6,7.0,8.2,39.2,60.8,"[{""score"": ""1 - 1"", ""pct"": 11.95}, {""score"": ""0 - 1"", ""pct"": 10.97}, {""score"": ""1 - 2"", ""pct"": 8.86}]"
Switzerland,Colombia,Neutral,0.949,1.751,19.1,24.5,56.4,19.6,4.0,4.7,55.8,7.4,8.5,28.4,71.7,"[{""score"": ""0 - 1"", ""pct"": 12.26}, {""score"": ""1 - 1"", ""pct"": 11.25}, {""score"": ""0 - 2"", ""pct"": 10.100000000000001}]"
Switzerland,South Korea,Neutral,1.324,1.376,35.7,27.8,36.6,36.3,6.0,7.3,37.2,5.8,7.4,49.5,50.5,"[{""score"": ""1 - 1"", ""pct"": 12.770000000000001}, {""score"": ""0 - 1"", ""pct"": 9.6}, {""score"": ""1 - 0"", ""pct"": 9.229999999999999}]"
Switzerland,Australia,Neutral,1.243,1.457,31.7,26.9,41.5,31.8,5.4,6.5,41.1,6.7,8.5,43.7,56.3,"[{""score"": ""1 - 1"", ""pct"": 12.26}, {""score"": ""0 - 1"", ""pct"": 9.719999999999999}, {""score"": ""1 - 2"", ""pct"": 9.15}]"
Switzerland,France,Neutral,0.825,1.875,15.0,22.7,62.2,14.9,2.7,4.2,62.9,7.0,8.4,21.7,78.3,"[{""score"": ""0 - 1"", ""pct"": 12.740000000000002}, {""score"": ""0 - 2"", ""pct"": 11.1}, {""score"": ""1 - 1"", ""pct"": 10.35}]"
Switzerland,Morocco,Neutral,1.046,1.654,23.4,25.4,51.1,22.9,4.4,5.5,51.3,7.1,8.8,32.8,67.2,"[{""score"": ""1 - 1"", ""pct"": 11.379999999999999}, {""score"": ""0 - 1"", ""pct"": 11.360000000000001}, {""score"": ""1 - 2"", ""pct"": 9.53}]"
Switzerland,Argentina,Neutral,0.645,2.055,9.6,19.8,70.6,9.8,2.1,2.7,70.6,6.8,8.1,14.5,85.5,"[{""score"": ""0 - 1"", ""pct"": 14.26}, {""score"": ""0 - 2"", ""pct"": 13.71}, {""score"": ""0 - 3"", ""pct"": 9.69}]"
Switzerland,DR Congo,Neutral,1.717,0.983,54.0,25.1,20.9,54.7,7.2,9.0,20.5,3.7,4.8,70.9,29.1,"[{""score"": ""1 - 0"", ""pct"": 11.75}, {""score"": ""1 - 1"", ""pct"": 11.459999999999999}, {""score"": ""2 - 1"", ""pct"": 10.22}]"
Switzerland,Iraq,Neutral,1.768,0.932,56.8,24.3,18.9,57.2,7.3,8.5,18.6,3.5,4.8,73.0,27.0,"[{""score"": ""1 - 0"", ""pct"": 12.09}, {""score"": ""1 - 1"", ""pct"": 10.65}, {""score"": ""2 - 0"", ""pct"": 9.99}]"
Switzerland,Mexico,Neutral,1.127,1.573,25.5,27.0,47.5,26.4,4.9,6.2,46.9,7.6,8.1,37.4,62.6,"[{""score"": ""1 - 1"", ""pct"": 12.26}, {""score"": ""0 - 1"", ""pct"": 10.67}, {""score"": ""1 - 2"", ""pct"": 9.35}]"
Switzerland,Cape Verde,Neutral,2.034,0.666,69.6,19.8,10.6,71.0,7.4,7.4,9.6,2.0,2.6,85.8,14.2,"[{""score"": ""2 - 0"", ""pct"": 14.16}, {""score"": ""1 - 0"", ""pct"": 14.06}, {""score"": ""2 - 1"", ""pct"": 9.139999999999999}]"
Switzerland,Canada,Neutral,1.39,1.31,38.5,27.2,34.3,37.8,6.4,7.7,34.7,5.8,7.6,51.9,48.1,"[{""score"": ""1 - 1"", ""pct"": 12.509999999999998}, {""score"": ""1 - 0"", ""pct"": 9.31}, {""score"": ""2 - 1"", ""pct"": 8.82}]"
Switzerland,Egypt,Neutral,1.688,1.012,52.0,26.4,21.6,52.9,7.6,8.5,21.7,4.0,5.4,68.9,31.1,"[{""score"": ""1 - 1"", ""pct"": 11.75}, {""score"": ""1 - 0"", ""pct"": 11.51}, {""score"": ""2 - 1"", ""pct"": 9.520000000000001}]"
Switzerland,Spain,Neutral,0.654,2.046,9.5,19.2,71.3,9.6,1.8,2.7,70.5,7.3,8.1,14.1,85.9,"[{""score"": ""0 - 1"", ""pct"": 14.7}, {""score"": ""0 - 2"", ""pct"": 14.2}, {""score"": ""1 - 2"", ""pct"": 9.78}]"
Switzerland,Portugal,Neutral,1.0,1.7,21.0,25.3,53.7,20.9,3.9,5.6,53.8,7.3,8.4,30.5,69.5,"[{""score"": ""0 - 1"", ""pct"": 11.459999999999999}, {""score"": ""1 - 1"", ""pct"": 11.360000000000001}, {""score"": ""0 - 2"", ""pct"": 9.75}]"
Switzerland,Turkey,Neutral,1.297,1.403,34.3,27.1,38.6,34.1,5.9,7.1,38.8,6.1,8.1,47.1,52.9,"[{""score"": ""1 - 1"", ""pct"": 11.84}, {""score"": ""0 - 1"", ""pct"": 8.85}, {""score"": ""1 - 2"", ""pct"": 8.790000000000001}]"
Switzerland,New Zealand,Neutral,1.855,0.845,61.4,23.4,15.2,61.9,7.4,8.7,15.3,2.7,4.0,78.0,22.0,"[{""score"": ""1 - 0"", ""pct"": 12.690000000000001}, {""score"": ""2 - 0"", ""pct"": 10.8}, {""score"": ""1 - 1"", ""pct"": 10.299999999999999}]"
Switzerland,England,Neutral,0.896,1.804,17.4,24.3,58.3,17.1,3.5,4.7,59.1,7.3,8.2,25.3,74.7,"[{""score"": ""0 - 1"", ""pct"": 12.379999999999999}, {""score"": ""1 - 1"", ""pct"": 10.99}, {""score"": ""0 - 2"", ""pct"": 10.61}]"
Switzerland,Haiti,Neutral,1.814,0.886,59.5,23.2,17.3,59.3,7.6,8.3,17.2,3.4,4.1,75.3,24.7,"[{""score"": ""1 - 0"", ""pct"": 12.78}, {""score"": ""2 - 0"", ""pct"": 10.440000000000001}, {""score"": ""1 - 1"", ""pct"": 10.190000000000001}]"
Switzerland,Scotland,Neutral,1.624,1.076,50.1,26.1,23.9,50.2,7.2,8.5,23.9,4.5,5.7,65.9,34.1,"[{""score"": ""1 - 1"", ""pct"": 11.48}, {""score"": ""1 - 0"", ""pct"": 11.32}, {""score"": ""2 - 1"", ""pct"": 9.790000000000001}]"
Switzerland,Germany,Neutral,1.176,1.524,29.0,26.8,44.2,29.0,5.0,6.4,44.2,7.5,7.8,40.4,59.6,"[{""score"": ""1 - 1"", ""pct"": 12.08}, {""score"": ""0 - 1"", ""pct"": 10.299999999999999}, {""score"": ""1 - 2"", ""pct"": 8.799999999999999}]"
Switzerland,Japan,Neutral,1.038,1.662,22.8,26.2,51.1,22.9,4.2,5.3,51.6,7.5,8.6,32.4,67.7,"[{""score"": ""0 - 1"", ""pct"": 11.85}, {""score"": ""1 - 1"", ""pct"": 11.29}, {""score"": ""1 - 2"", ""pct"": 9.030000000000001}]"
Switzerland,Curaçao,Neutral,2.059,0.641,72.3,18.5,9.2,70.5,7.6,7.8,9.4,1.8,2.7,86.0,14.0,"[{""score"": ""1 - 0"", ""pct"": 15.15}, {""score"": ""2 - 0"", ""pct"": 13.94}, {""score"": ""3 - 0"", ""pct"": 9.120000000000001}]"
Switzerland,Uruguay,Neutral,1.148,1.552,27.1,26.7,46.2,27.7,4.7,6.1,46.2,7.2,8.1,38.5,61.5,"[{""score"": ""1 - 1"", ""pct"": 12.06}, {""score"": ""0 - 1"", ""pct"": 10.7}, {""score"": ""1 - 2"", ""pct"": 9.21}]"
Switzerland,Sweden,Neutral,1.88,0.82,62.5,22.6,14.9,63.6,7.4,7.9,14.6,2.6,4.0,78.9,21.1,"[{""score"": ""1 - 0"", ""pct"": 13.25}, {""score"": ""2 - 0"", ""pct"": 11.55}, {""score"": ""1 - 1"", ""pct"": 10.25}]"
Switzerland,Iran,Neutral,1.282,1.418,33.1,27.2,39.7,32.9,5.9,6.7,39.6,6.9,8.1,45.5,54.6,"[{""score"": ""1 - 1"", ""pct"": 12.43}, {""score"": ""0 - 1"", ""pct"": 9.24}, {""score"": ""1 - 2"", ""pct"": 8.99}]"
Switzerland,United States,Neutral,1.549,1.151,46.3,26.4,27.3,46.6,7.1,8.4,26.5,5.2,6.2,62.1,37.9,"[{""score"": ""1 - 1"", ""pct"": 11.74}, {""score"": ""1 - 0"", ""pct"": 10.92}, {""score"": ""2 - 1"", ""pct"": 9.42}]"
Switzerland,Jordan,Neutral,1.598,1.102,48.4,26.2,25.4,48.3,7.1,8.9,25.3,4.5,6.0,64.3,35.7,"[{""score"": ""1 - 1"", ""pct"": 11.65}, {""score"": ""1 - 0"", ""pct"": 11.0}, {""score"": ""2 - 1"", ""pct"": 9.66}]"
Switzerland,Ghana,Neutral,2.039,0.661,70.4,19.8,9.8,69.8,7.2,8.3,9.9,2.1,2.6,85.3,14.7,"[{""score"": ""1 - 0"", ""pct"": 14.11}, {""score"": ""2 - 0"", ""pct"": 13.76}, {""score"": ""2 - 1"", ""pct"": 9.569999999999999}]"
Switzerland,Czech Republic,Neutral,1.732,0.968,55.5,25.1,19.4,55.2,7.6,8.4,20.0,4.0,4.8,71.3,28.7,"[{""score"": ""1 - 0"", ""pct"": 11.86}, {""score"": ""1 - 1"", ""pct"": 11.53}, {""score"": ""2 - 0"", ""pct"": 9.89}]"
Switzerland,Croatia,Neutral,1.225,1.475,31.1,27.3,41.6,31.2,5.3,6.4,42.5,6.4,8.2,42.9,57.1,"[{""score"": ""1 - 1"", ""pct"": 12.280000000000001}, {""score"": ""0 - 1"", ""pct"": 10.14}, {""score"": ""1 - 2"", ""pct"": 8.73}]"
Switzerland,Ecuador,Neutral,1.046,1.654,22.8,26.0,51.2,23.6,4.2,5.3,51.0,7.3,8.5,33.2,66.8,"[{""score"": ""1 - 1"", ""pct"": 11.709999999999999}, {""score"": ""0 - 1"", ""pct"": 11.219999999999999}, {""score"": ""1 - 2"", ""pct"": 9.66}]"
Switzerland,Brazil,Neutral,0.957,1.743,20.6,23.9,55.5,19.3,3.9,4.9,55.9,7.4,8.6,28.1,71.9,"[{""score"": ""0 - 1"", ""pct"": 13.120000000000001}, {""score"": ""1 - 1"", ""pct"": 10.879999999999999}, {""score"": ""0 - 2"", ""pct"": 10.34}]"
Switzerland,Bosnia and Herzegovina,Neutral,2.083,0.617,71.9,19.1,8.9,73.0,6.7,8.0,8.2,1.8,2.3,87.8,12.2,"[{""score"": ""1 - 0"", ""pct"": 14.71}, {""score"": ""2 - 0"", ""pct"": 14.01}, {""score"": ""3 - 0"", ""pct"": 9.99}]"
Switzerland,South Africa,Neutral,1.98,0.72,66.6,21.6,11.8,67.3,7.9,8.4,11.2,2.2,3.0,83.6,16.4,"[{""score"": ""1 - 0"", ""pct"": 14.11}, {""score"": ""2 - 0"", ""pct"": 12.959999999999999}, {""score"": ""1 - 1"", ""pct"": 9.8}]"
Switzerland,Paraguay,Neutral,1.351,1.349,37.0,25.9,37.1,35.8,6.0,7.1,37.1,6.4,7.6,48.9,51.1,"[{""score"": ""1 - 1"", ""pct"": 12.2}, {""score"": ""0 - 1"", ""pct"": 9.73}, {""score"": ""1 - 0"", ""pct"": 9.2}]"
Switzerland,Belgium,Neutral,1.312,1.388,34.3,27.2,38.6,34.6,5.9,7.3,37.8,6.4,8.0,47.8,52.2,"[{""score"": ""1 - 1"", ""pct"": 12.15}, {""score"": ""0 - 1"", ""pct"": 9.81}, {""score"": ""1 - 0"", ""pct"": 8.91}]"
Switzerland,Norway,Neutral,1.276,1.424,33.1,28.0,38.9,32.6,5.3,7.4,40.5,6.4,7.7,45.3,54.7,"[{""score"": ""1 - 1"", ""pct"": 12.76}, {""score"": ""0 - 1"", ""pct"": 9.74}, {""score"": ""1 - 0"", ""pct"": 8.64}]"
Switzerland,Algeria,Neutral,1.382,1.318,38.7,26.4,34.9,37.7,6.5,7.6,35.1,6.1,7.1,51.7,48.3,"[{""score"": ""1 - 1"", ""pct"": 12.07}, {""score"": ""1 - 0"", ""pct"": 9.68}, {""score"": ""0 - 1"", ""pct"": 9.049999999999999}]"
Australia,Ivory Coast,Neutral,1.724,0.976,54.9,24.8,20.4,54.9,7.3,8.6,20.5,3.6,5.0,70.8,29.2,"[{""score"": ""1 - 0"", ""pct"": 11.790000000000001}, {""score"": ""1 - 1"", ""pct"": 11.48}, {""score"": ""2 - 1"", ""pct"": 9.86}]"
Australia,Uzbekistan,Neutral,1.547,1.153,45.6,27.4,27.0,46.1,7.0,8.5,27.2,5.1,6.1,61.6,38.4,"[{""score"": ""1 - 1"", ""pct"": 12.29}, {""score"": ""1 - 0"", ""pct"": 10.42}, {""score"": ""2 - 1"", ""pct"": 9.32}]"
Australia,Qatar,Neutral,2.187,0.513,77.1,16.9,6.0,76.7,6.8,7.5,6.5,1.0,1.5,91.0,9.0,"[{""score"": ""2 - 0"", ""pct"": 16.09}, {""score"": ""1 - 0"", ""pct"": 15.329999999999998}, {""score"": ""3 - 0"", ""pct"": 11.53}]"
Australia,Panama,Neutral,1.576,1.124,47.7,26.7,25.6,47.7,7.3,8.7,25.9,4.9,5.6,63.6,36.4,"[{""score"": ""1 - 1"", ""pct"": 12.2}, {""score"": ""1 - 0"", ""pct"": 11.25}, {""score"": ""2 - 1"", ""pct"": 9.55}]"
Australia,Saudi Arabia,Neutral,1.951,0.749,65.7,21.7,12.7,67.0,7.3,8.0,12.2,2.0,3.5,82.3,17.7,"[{""score"": ""1 - 0"", ""pct"": 13.370000000000001}, {""score"": ""2 - 0"", ""pct"": 12.47}, {""score"": ""2 - 1"", ""pct"": 10.03}]"
Australia,Tunisia,Neutral,1.881,0.819,62.8,22.4,14.8,62.9,7.8,8.6,14.2,2.9,3.6,79.3,20.7,"[{""score"": ""1 - 0"", ""pct"": 12.5}, {""score"": ""2 - 0"", ""pct"": 12.379999999999999}, {""score"": ""1 - 1"", ""pct"": 10.54}]"
Australia,Austria,Neutral,1.662,1.038,51.7,25.9,22.5,52.0,7.2,8.7,22.1,4.7,5.3,67.9,32.1,"[{""score"": ""1 - 1"", ""pct"": 11.76}, {""score"": ""1 - 0"", ""pct"": 11.61}, {""score"": ""2 - 1"", ""pct"": 9.4}]"
Australia,Senegal,Neutral,1.426,1.274,40.1,27.9,32.0,39.8,6.7,8.2,32.8,5.5,7.0,54.6,45.4,"[{""score"": ""1 - 1"", ""pct"": 13.01}, {""score"": ""1 - 0"", ""pct"": 9.65}, {""score"": ""2 - 1"", ""pct"": 8.48}]"
Australia,Netherlands,Neutral,1.262,1.438,31.8,28.0,40.2,31.9,5.5,6.5,41.5,6.3,8.2,44.0,56.0,"[{""score"": ""1 - 1"", ""pct"": 12.57}, {""score"": ""0 - 1"", ""pct"": 9.5}, {""score"": ""1 - 2"", ""pct"": 8.39}]"
Australia,Colombia,Neutral,1.046,1.654,23.6,25.0,51.4,23.2,4.4,5.1,51.4,7.3,8.5,32.7,67.3,"[{""score"": ""1 - 1"", ""pct"": 11.59}, {""score"": ""0 - 1"", ""pct"": 11.459999999999999}, {""score"": ""1 - 2"", ""pct"": 9.569999999999999}]"
Australia,South Korea,Neutral,1.432,1.268,41.1,26.8,32.1,40.6,6.5,7.1,33.3,5.7,6.8,54.3,45.7,"[{""score"": ""1 - 1"", ""pct"": 12.19}, {""score"": ""1 - 0"", ""pct"": 9.98}, {""score"": ""2 - 1"", ""pct"": 8.870000000000001}]"
Australia,Switzerland,Neutral,1.457,1.243,42.6,26.5,30.9,41.8,7.1,7.3,31.8,5.1,7.0,56.2,43.9,"[{""score"": ""1 - 1"", ""pct"": 11.91}, {""score"": ""1 - 0"", ""pct"": 10.48}, {""score"": ""2 - 1"", ""pct"": 8.780000000000001}]"
Australia,France,Neutral,0.912,1.788,17.7,23.6,58.7,17.6,3.3,4.5,58.4,7.4,8.8,25.4,74.6,"[{""score"": ""0 - 1"", ""pct"": 12.879999999999999}, {""score"": ""1 - 1"", ""pct"": 10.69}, {""score"": ""0 - 2"", ""pct"": 10.5}]"
Australia,Morocco,Neutral,1.148,1.552,27.5,26.4,46.2,26.9,4.5,6.2,46.8,7.4,8.2,37.6,62.5,"[{""score"": ""1 - 1"", ""pct"": 11.73}, {""score"": ""0 - 1"", ""pct"": 10.94}, {""score"": ""1 - 2"", ""pct"": 9.02}]"
Australia,Argentina,Neutral,0.712,1.988,11.8,21.1,67.2,10.7,2.3,2.9,68.2,7.5,8.4,15.9,84.1,"[{""score"": ""0 - 1"", ""pct"": 13.98}, {""score"": ""0 - 2"", ""pct"": 12.85}, {""score"": ""1 - 1"", ""pct"": 9.84}]"
Australia,DR Congo,Neutral,1.809,0.891,59.7,22.8,17.4,58.8,8.2,8.8,17.1,2.9,4.1,75.8,24.2,"[{""score"": ""1 - 0"", ""pct"": 12.64}, {""score"": ""1 - 1"", ""pct"": 10.59}, {""score"": ""2 - 0"", ""pct"": 10.59}]"
Australia,Iraq,Neutral,1.856,0.844,61.4,23.2,15.4,62.2,7.5,8.5,14.9,3.1,3.8,78.2,21.8,"[{""score"": ""1 - 0"", ""pct"": 12.94}, {""score"": ""2 - 0"", ""pct"": 10.9}, {""score"": ""1 - 1"", ""pct"": 10.71}]"
Australia,Mexico,Neutral,1.232,1.468,30.9,27.4,41.8,31.1,5.4,6.7,42.5,6.4,7.9,43.2,56.8,"[{""score"": ""1 - 1"", ""pct"": 12.25}, {""score"": ""0 - 1"", ""pct"": 10.03}, {""score"": ""1 - 2"", ""pct"": 8.89}]"
Australia,Cape Verde,Neutral,2.096,0.604,73.5,18.1,8.4,73.4,6.9,7.6,8.3,1.6,2.3,87.8,12.2,"[{""score"": ""2 - 0"", ""pct"": 15.97}, {""score"": ""1 - 0"", ""pct"": 14.32}, {""score"": ""3 - 0"", ""pct"": 10.33}]"
Australia,Canada,Neutral,1.497,1.203,44.5,26.2,29.3,43.5,6.9,7.8,30.0,5.2,6.6,58.2,41.8,"[{""score"": ""1 - 1"", ""pct"": 11.799999999999999}, {""score"": ""1 - 0"", ""pct"": 10.48}, {""score"": ""2 - 1"", ""pct"": 9.3}]"
Australia,Egypt,Neutral,1.782,0.918,57.9,24.3,17.8,58.4,7.5,8.7,17.7,3.6,4.2,74.5,25.5,"[{""score"": ""1 - 0"", ""pct"": 12.379999999999999}, {""score"": ""1 - 1"", ""pct"": 11.18}, {""score"": ""2 - 0"", ""pct"": 10.459999999999999}]"
Australia,Spain,Neutral,0.723,1.977,11.6,21.5,66.9,11.8,2.2,2.9,67.2,7.1,8.6,17.0,83.0,"[{""score"": ""0 - 1"", ""pct"": 13.459999999999999}, {""score"": ""0 - 2"", ""pct"": 12.97}, {""score"": ""1 - 2"", ""pct"": 9.62}]"
Australia,Portugal,Neutral,1.1,1.6,24.9,26.2,48.9,25.0,4.5,6.2,48.8,7.6,8.0,35.6,64.4,"[{""score"": ""1 - 1"", ""pct"": 12.09}, {""score"": ""0 - 1"", ""pct"": 10.81}, {""score"": ""1 - 2"", ""pct"": 9.83}]"
Australia,Turkey,Neutral,1.405,1.295,38.2,26.3,35.4,38.5,6.3,8.0,34.0,6.0,7.2,52.8,47.2,"[{""score"": ""1 - 1"", ""pct"": 11.59}, {""score"": ""1 - 0"", ""pct"": 9.62}, {""score"": ""0 - 1"", ""pct"": 9.2}]"
Australia,New Zealand,Neutral,1.936,0.764,66.5,20.9,12.6,65.7,7.7,8.3,12.6,2.6,3.1,81.6,18.4,"[{""score"": ""1 - 0"", ""pct"": 13.48}, {""score"": ""2 - 0"", ""pct"": 12.7}, {""score"": ""2 - 1"", ""pct"": 10.299999999999999}]"
Australia,England,Neutral,0.989,1.711,20.4,25.9,53.8,20.3,4.2,4.7,55.1,7.3,8.3,29.2,70.8,"[{""score"": ""1 - 1"", ""pct"": 12.16}, {""score"": ""0 - 1"", ""pct"": 11.35}, {""score"": ""0 - 2"", ""pct"": 9.76}]"
Australia,Haiti,Neutral,1.899,0.801,64.5,21.7,13.8,64.1,7.5,8.4,13.6,2.9,3.5,80.0,20.0,"[{""score"": ""1 - 0"", ""pct"": 13.44}, {""score"": ""2 - 0"", ""pct"": 12.02}, {""score"": ""2 - 1"", ""pct"": 9.969999999999999}]"
Australia,Scotland,Neutral,1.723,0.977,54.2,25.2,20.7,54.8,7.3,8.6,20.4,3.9,5.0,70.7,29.3,"[{""score"": ""1 - 0"", ""pct"": 11.87}, {""score"": ""1 - 1"", ""pct"": 11.08}, {""score"": ""2 - 1"", ""pct"": 9.9}]"
Australia,Germany,Neutral,1.282,1.418,33.4,26.9,39.7,32.4,5.9,7.6,40.2,6.2,7.7,45.9,54.1,"[{""score"": ""1 - 1"", ""pct"": 12.01}, {""score"": ""0 - 1"", ""pct"": 10.02}, {""score"": ""1 - 0"", ""pct"": 8.7}]"
Australia,Japan,Neutral,1.14,1.56,26.7,26.4,47.0,26.1,4.5,6.4,48.0,6.6,8.5,36.9,63.1,"[{""score"": ""1 - 1"", ""pct"": 11.84}, {""score"": ""0 - 1"", ""pct"": 10.57}, {""score"": ""1 - 2"", ""pct"": 9.27}]"
Australia,Curaçao,Neutral,2.118,0.582,74.2,18.1,7.7,74.0,7.0,7.8,7.8,1.5,2.0,88.7,11.3,"[{""score"": ""2 - 0"", ""pct"": 15.299999999999999}, {""score"": ""1 - 0"", ""pct"": 15.0}, {""score"": ""3 - 0"", ""pct"": 10.16}]"
Australia,Uruguay,Neutral,1.253,1.447,32.4,27.2,40.5,31.5,5.2,6.6,41.9,6.7,8.1,43.3,56.7,"[{""score"": ""1 - 1"", ""pct"": 11.92}, {""score"": ""0 - 1"", ""pct"": 9.93}, {""score"": ""1 - 2"", ""pct"": 8.59}]"
Australia,Sweden,Neutral,1.958,0.742,67.0,20.5,12.5,65.6,7.8,8.2,13.0,2.2,3.3,81.5,18.5,"[{""score"": ""1 - 0"", ""pct"": 13.34}, {""score"": ""2 - 0"", ""pct"": 13.05}, {""score"": ""2 - 1"", ""pct"": 10.07}]"
Australia,Iran,Neutral,1.39,1.31,37.5,27.5,34.9,38.6,6.2,8.0,34.5,5.7,7.1,52.8,47.2,"[{""score"": ""1 - 1"", ""pct"": 12.590000000000002}, {""score"": ""1 - 0"", ""pct"": 9.139999999999999}, {""score"": ""0 - 1"", ""pct"": 8.88}]"
Australia,United States,Neutral,1.651,1.049,51.0,25.6,23.5,50.7,7.7,8.5,23.0,4.5,5.6,66.9,33.1,"[{""score"": ""1 - 1"", ""pct"": 11.899999999999999}, {""score"": ""1 - 0"", ""pct"": 11.39}, {""score"": ""2 - 1"", ""pct"": 9.610000000000001}]"
Australia,Jordan,Neutral,1.698,1.002,53.7,25.1,21.2,54.3,7.4,8.8,20.3,4.2,5.1,70.4,29.6,"[{""score"": ""1 - 0"", ""pct"": 11.75}, {""score"": ""1 - 1"", ""pct"": 11.3}, {""score"": ""2 - 0"", ""pct"": 9.76}]"
Australia,Ghana,Neutral,2.101,0.599,72.5,19.1,8.5,73.2,7.1,7.5,8.5,1.7,2.0,87.9,12.1,"[{""score"": ""1 - 0"", ""pct"": 14.7}, {""score"": ""2 - 0"", ""pct"": 14.59}, {""score"": ""3 - 0"", ""pct"": 10.209999999999999}]"
Australia,Czech Republic,Neutral,1.823,0.877,58.9,24.0,17.1,60.3,7.4,8.5,16.6,3.1,4.1,76.2,23.8,"[{""score"": ""1 - 0"", ""pct"": 12.389999999999999}, {""score"": ""2 - 0"", ""pct"": 11.1}, {""score"": ""1 - 1"", ""pct"": 11.01}]"
Australia,Croatia,Neutral,1.332,1.368,34.8,26.7,38.5,35.6,6.3,7.4,37.3,6.2,7.1,49.3,50.7,"[{""score"": ""1 - 1"", ""pct"": 11.77}, {""score"": ""0 - 1"", ""pct"": 9.76}, {""score"": ""1 - 0"", ""pct"": 9.01}]"
Australia,Ecuador,Neutral,1.148,1.552,27.7,26.1,46.2,27.2,5.3,5.9,45.6,7.1,8.9,38.4,61.6,"[{""score"": ""1 - 1"", ""pct"": 11.68}, {""score"": ""0 - 1"", ""pct"": 10.69}, {""score"": ""1 - 2"", ""pct"": 8.97}]"
Australia,Brazil,Neutral,1.054,1.646,23.2,25.0,51.7,23.1,4.2,5.6,51.4,6.9,8.8,32.9,67.1,"[{""score"": ""1 - 1"", ""pct"": 11.799999999999999}, {""score"": ""0 - 1"", ""pct"": 11.700000000000001}, {""score"": ""1 - 2"", ""pct"": 9.64}]"
Australia,Bosnia and Herzegovina,Neutral,2.139,0.561,74.5,18.0,7.6,74.8,6.6,7.8,7.5,1.5,1.8,89.2,10.8,"[{""score"": ""2 - 0"", ""pct"": 15.379999999999999}, {""score"": ""1 - 0"", ""pct"": 14.979999999999999}, {""score"": ""3 - 0"", ""pct"": 10.63}]"
Australia,South Africa,Neutral,2.048,0.652,70.6,19.8,9.6,70.4,7.2,7.9,9.9,1.8,2.8,85.5,14.5,"[{""score"": ""2 - 0"", ""pct"": 14.62}, {""score"": ""1 - 0"", ""pct"": 13.61}, {""score"": ""2 - 1"", ""pct"": 9.36}]"
Australia,Paraguay,Neutral,1.458,1.242,42.0,26.9,31.1,42.5,6.7,7.6,31.2,5.2,6.9,56.8,43.2,"[{""score"": ""1 - 1"", ""pct"": 12.31}, {""score"": ""1 - 0"", ""pct"": 9.54}, {""score"": ""2 - 1"", ""pct"": 9.19}]"
Australia,Belgium,Neutral,1.42,1.28,40.1,26.7,33.2,40.1,6.4,7.6,33.7,5.6,6.7,54.0,46.0,"[{""score"": ""1 - 1"", ""pct"": 11.73}, {""score"": ""1 - 0"", ""pct"": 9.86}, {""score"": ""2 - 1"", ""pct"": 8.91}]"
Australia,Norway,Neutral,1.384,1.316,38.8,26.5,34.7,37.5,6.6,7.6,34.6,6.1,7.6,51.7,48.3,"[{""score"": ""1 - 1"", ""pct"": 12.16}, {""score"": ""1 - 0"", ""pct"": 9.73}, {""score"": ""0 - 1"", ""pct"": 8.99}]"
Australia,Algeria,Neutral,1.489,1.211,44.1,26.1,29.8,42.7,6.6,8.6,30.0,5.2,6.8,57.9,42.1,"[{""score"": ""1 - 1"", ""pct"": 11.540000000000001}, {""score"": ""1 - 0"", ""pct"": 10.639999999999999}, {""score"": ""2 - 1"", ""pct"": 9.120000000000001}]"
France,Ivory Coast,Neutral,2.065,0.635,71.6,19.3,9.1,71.6,7.5,7.9,9.2,1.7,2.2,86.9,13.1,"[{""score"": ""2 - 0"", ""pct"": 14.249999999999998}, {""score"": ""1 - 0"", ""pct"": 14.14}, {""score"": ""2 - 1"", ""pct"": 9.31}]"
France,Uzbekistan,Neutral,1.943,0.757,64.4,22.5,13.1,66.2,7.7,8.2,12.5,2.5,2.9,82.2,17.8,"[{""score"": ""1 - 0"", ""pct"": 13.22}, {""score"": ""2 - 0"", ""pct"": 12.1}, {""score"": ""2 - 1"", ""pct"": 9.9}]"
France,Qatar,Neutral,2.328,0.372,81.9,14.2,3.9,82.2,6.1,6.1,3.9,0.8,0.9,94.4,5.6,"[{""score"": ""2 - 0"", ""pct"": 17.990000000000002}, {""score"": ""1 - 0"", ""pct"": 16.150000000000002}, {""score"": ""3 - 0"", ""pct"": 13.850000000000001}]"
France,Panama,Neutral,1.963,0.737,66.5,21.4,12.1,67.0,7.4,8.1,12.0,2.3,3.2,82.4,17.6,"[{""score"": ""1 - 0"", ""pct"": 13.919999999999998}, {""score"": ""2 - 0"", ""pct"": 12.72}, {""score"": ""1 - 1"", ""pct"": 9.790000000000001}]"
France,Saudi Arabia,Neutral,2.203,0.497,77.0,16.6,6.4,77.1,6.7,7.1,6.3,1.1,1.7,90.9,9.1,"[{""score"": ""2 - 0"", ""pct"": 16.220000000000002}, {""score"": ""1 - 0"", ""pct"": 15.079999999999998}, {""score"": ""3 - 0"", ""pct"": 11.23}]"
France,Tunisia,Neutral,2.163,0.537,75.1,18.0,7.0,75.9,6.8,7.4,6.9,1.4,1.7,90.1,9.9,"[{""score"": ""2 - 0"", ""pct"": 16.1}, {""score"": ""1 - 0"", ""pct"": 14.6}, {""score"": ""3 - 0"", ""pct"": 10.95}]"
France,Austria,Neutral,2.023,0.677,70.0,19.8,10.2,68.8,8.0,8.4,10.2,2.1,2.4,85.2,14.8,"[{""score"": ""1 - 0"", ""pct"": 14.719999999999999}, {""score"": ""2 - 0"", ""pct"": 13.74}, {""score"": ""2 - 1"", ""pct"": 9.5}]"
France,Senegal,Neutral,1.85,0.85,61.3,23.6,15.1,61.0,7.7,8.8,15.5,3.1,3.9,77.5,22.4,"[{""score"": ""1 - 0"", ""pct"": 13.350000000000001}, {""score"": ""2 - 0"", ""pct"": 11.52}, {""score"": ""1 - 1"", ""pct"": 10.69}]"
France,Netherlands,Neutral,1.711,0.989,55.2,24.2,20.5,54.8,7.8,8.8,20.3,3.3,5.0,71.5,28.5,"[{""score"": ""1 - 0"", ""pct"": 12.17}, {""score"": ""1 - 1"", ""pct"": 10.63}, {""score"": ""2 - 1"", ""pct"": 10.290000000000001}]"
France,Colombia,Neutral,1.5,1.2,42.9,26.9,30.2,43.2,7.0,8.2,29.6,5.3,6.7,58.4,41.6,"[{""score"": ""1 - 1"", ""pct"": 12.55}, {""score"": ""1 - 0"", ""pct"": 9.93}, {""score"": ""2 - 1"", ""pct"": 8.94}]"
France,South Korea,Neutral,1.855,0.845,61.3,22.5,16.3,61.7,7.8,8.5,15.3,3.0,3.7,78.0,22.0,"[{""score"": ""1 - 0"", ""pct"": 12.83}, {""score"": ""2 - 0"", ""pct"": 11.44}, {""score"": ""2 - 1"", ""pct"": 10.07}]"
France,Switzerland,Neutral,1.875,0.825,63.7,21.6,14.7,62.3,7.5,8.2,14.8,3.0,4.2,78.0,22.0,"[{""score"": ""1 - 0"", ""pct"": 12.839999999999998}, {""score"": ""2 - 0"", ""pct"": 12.33}, {""score"": ""1 - 1"", ""pct"": 9.54}]"
France,Australia,Neutral,1.788,0.912,57.5,24.2,18.3,58.0,7.7,8.6,17.6,3.4,4.7,74.3,25.7,"[{""score"": ""1 - 0"", ""pct"": 12.47}, {""score"": ""1 - 1"", ""pct"": 11.07}, {""score"": ""2 - 0"", ""pct"": 10.459999999999999}]"
France,Morocco,Neutral,1.605,1.095,49.4,26.0,24.6,48.4,7.4,8.6,25.0,4.7,5.8,64.4,35.6,"[{""score"": ""1 - 1"", ""pct"": 11.51}, {""score"": ""1 - 0"", ""pct"": 11.219999999999999}, {""score"": ""2 - 1"", ""pct"": 9.629999999999999}]"
France,Argentina,Neutral,1.09,1.61,24.6,25.8,49.6,25.1,4.5,5.8,48.7,7.4,8.6,35.4,64.6,"[{""score"": ""1 - 1"", ""pct"": 11.63}, {""score"": ""0 - 1"", ""pct"": 11.35}, {""score"": ""1 - 2"", ""pct"": 9.73}]"
France,DR Congo,Neutral,2.119,0.581,73.7,18.4,7.9,73.2,7.5,7.7,7.8,1.5,2.4,88.3,11.7,"[{""score"": ""2 - 0"", ""pct"": 15.17}, {""score"": ""1 - 0"", ""pct"": 14.75}, {""score"": ""3 - 0"", ""pct"": 10.33}]"
France,Iraq,Neutral,2.148,0.552,75.0,17.9,7.0,75.3,6.7,7.2,7.1,1.6,2.0,89.3,10.7,"[{""score"": ""2 - 0"", ""pct"": 15.61}, {""score"": ""1 - 0"", ""pct"": 14.91}, {""score"": ""3 - 0"", ""pct"": 10.65}]"
France,Mexico,Neutral,1.684,1.016,52.8,25.9,21.3,53.4,7.7,8.7,21.2,3.7,5.4,69.7,30.3,"[{""score"": ""1 - 0"", ""pct"": 12.09}, {""score"": ""1 - 1"", ""pct"": 11.64}, {""score"": ""2 - 1"", ""pct"": 9.78}]"
France,Cape Verde,Neutral,2.282,0.418,80.4,14.9,4.7,80.0,6.2,6.8,4.8,0.9,1.3,93.0,7.0,"[{""score"": ""2 - 0"", ""pct"": 17.4}, {""score"": ""1 - 0"", ""pct"": 16.34}, {""score"": ""3 - 0"", ""pct"": 12.61}]"
France,Canada,Neutral,1.905,0.795,63.0,23.3,13.7,63.4,7.6,8.1,14.4,2.8,3.7,79.2,20.8,"[{""score"": ""1 - 0"", ""pct"": 12.709999999999999}, {""score"": ""2 - 0"", ""pct"": 12.31}, {""score"": ""1 - 1"", ""pct"": 10.61}]"
France,Egypt,Neutral,2.102,0.598,73.3,18.7,8.0,73.3,6.8,8.2,8.1,1.6,2.0,88.3,11.7,"[{""score"": ""1 - 0"", ""pct"": 15.65}, {""score"": ""2 - 0"", ""pct"": 14.39}, {""score"": ""3 - 0"", ""pct"": 9.91}]"
France,Spain,Neutral,1.105,1.595,25.6,25.7,48.8,25.2,4.7,6.1,48.6,6.9,8.6,35.9,64.1,"[{""score"": ""1 - 1"", ""pct"": 11.469999999999999}, {""score"": ""0 - 1"", ""pct"": 11.08}, {""score"": ""1 - 2"", ""pct"": 9.39}]"
France,Portugal,Neutral,1.556,1.144,47.6,26.1,26.3,46.4,7.1,8.3,27.3,5.3,5.6,61.8,38.2,"[{""score"": ""1 - 1"", ""pct"": 11.450000000000001}, {""score"": ""1 - 0"", ""pct"": 10.879999999999999}, {""score"": ""2 - 1"", ""pct"": 9.82}]"
France,Turkey,Neutral,1.833,0.867,61.0,23.0,16.0,60.1,7.6,8.9,16.2,2.9,4.3,76.6,23.4,"[{""score"": ""1 - 0"", ""pct"": 13.15}, {""score"": ""2 - 0"", ""pct"": 11.379999999999999}, {""score"": ""1 - 1"", ""pct"": 10.280000000000001}]"
France,New Zealand,Neutral,2.194,0.506,76.9,17.0,6.1,76.4,7.2,7.4,6.2,1.1,1.7,91.0,9.1,"[{""score"": ""2 - 0"", ""pct"": 16.63}, {""score"": ""1 - 0"", ""pct"": 15.21}, {""score"": ""3 - 0"", ""pct"": 11.48}]"
France,England,Neutral,1.438,1.262,40.4,27.6,32.1,40.1,6.4,8.2,32.9,5.4,7.0,54.7,45.3,"[{""score"": ""1 - 1"", ""pct"": 12.86}, {""score"": ""1 - 0"", ""pct"": 9.44}, {""score"": ""2 - 1"", ""pct"": 9.180000000000001}]"
France,Haiti,Neutral,2.173,0.527,75.9,17.4,6.7,76.0,6.9,7.1,6.7,1.3,2.0,90.0,10.0,"[{""score"": ""2 - 0"", ""pct"": 15.78}, {""score"": ""1 - 0"", ""pct"": 15.07}, {""score"": ""3 - 0"", ""pct"": 11.3}]"
France,Scotland,Neutral,2.064,0.636,71.4,19.8,8.9,71.5,7.2,7.6,9.5,1.7,2.6,86.2,13.8,"[{""score"": ""1 - 0"", ""pct"": 15.040000000000001}, {""score"": ""2 - 0"", ""pct"": 14.44}, {""score"": ""3 - 0"", ""pct"": 9.229999999999999}]"
France,Germany,Neutral,1.729,0.971,54.9,25.0,20.1,55.8,7.2,8.2,20.1,4.1,4.7,71.2,28.8,"[{""score"": ""1 - 0"", ""pct"": 11.81}, {""score"": ""1 - 1"", ""pct"": 11.42}, {""score"": ""2 - 1"", ""pct"": 10.13}]"
France,Japan,Neutral,1.596,1.104,48.6,25.7,25.7,48.9,7.1,8.1,25.8,4.5,5.6,64.1,35.9,"[{""score"": ""1 - 1"", ""pct"": 11.86}, {""score"": ""1 - 0"", ""pct"": 10.69}, {""score"": ""2 - 1"", ""pct"": 9.82}]"
France,Curaçao,Neutral,2.294,0.406,80.7,14.8,4.5,81.0,6.4,6.2,4.2,0.9,1.3,93.6,6.4,"[{""score"": ""2 - 0"", ""pct"": 17.52}, {""score"": ""1 - 0"", ""pct"": 15.959999999999999}, {""score"": ""3 - 0"", ""pct"": 13.58}]"
France,Uruguay,Neutral,1.703,0.997,55.1,24.8,20.1,54.6,6.7,8.8,20.8,3.9,5.1,70.2,29.8,"[{""score"": ""1 - 0"", ""pct"": 12.21}, {""score"": ""1 - 1"", ""pct"": 10.76}, {""score"": ""2 - 1"", ""pct"": 10.23}]"
France,Sweden,Neutral,2.207,0.493,77.6,16.6,5.8,78.1,6.6,6.6,5.8,1.3,1.7,91.3,8.7,"[{""score"": ""2 - 0"", ""pct"": 16.09}, {""score"": ""1 - 0"", ""pct"": 15.61}, {""score"": ""3 - 0"", ""pct"": 12.4}]"
France,Iran,Neutral,1.821,0.879,58.4,24.3,17.3,59.4,7.5,8.6,16.6,3.2,4.7,75.5,24.5,"[{""score"": ""1 - 0"", ""pct"": 12.7}, {""score"": ""1 - 1"", ""pct"": 11.39}, {""score"": ""2 - 0"", ""pct"": 10.48}]"
France,United States,Neutral,2.016,0.684,69.9,20.0,10.1,69.0,7.6,8.2,10.3,2.2,2.7,84.8,15.2,"[{""score"": ""1 - 0"", ""pct"": 14.64}, {""score"": ""2 - 0"", ""pct"": 14.469999999999999}, {""score"": ""2 - 1"", ""pct"": 9.71}]"
France,Jordan,Neutral,2.048,0.652,70.7,19.5,9.8,70.8,7.0,8.1,9.4,1.9,2.7,86.0,14.0,"[{""score"": ""1 - 0"", ""pct"": 14.280000000000001}, {""score"": ""2 - 0"", ""pct"": 13.969999999999999}, {""score"": ""3 - 0"", ""pct"": 9.59}]"
France,Ghana,Neutral,2.285,0.415,80.2,15.1,4.7,81.0,6.4,6.6,4.2,0.8,0.9,94.0,6.0,"[{""score"": ""2 - 0"", ""pct"": 17.37}, {""score"": ""1 - 0"", ""pct"": 15.909999999999998}, {""score"": ""3 - 0"", ""pct"": 13.36}]"
France,Czech Republic,Neutral,2.128,0.572,74.3,18.3,7.4,74.8,7.1,7.1,7.7,1.3,2.0,89.0,11.0,"[{""score"": ""2 - 0"", ""pct"": 15.55}, {""score"": ""1 - 0"", ""pct"": 15.190000000000001}, {""score"": ""3 - 0"", ""pct"": 9.629999999999999}]"
France,Croatia,Neutral,1.772,0.928,57.0,24.0,19.0,58.1,7.9,8.6,17.7,3.5,4.2,74.6,25.4,"[{""score"": ""1 - 0"", ""pct"": 11.48}, {""score"": ""1 - 1"", ""pct"": 11.01}, {""score"": ""2 - 0"", ""pct"": 10.69}]"
France,Ecuador,Neutral,1.604,1.096,49.1,26.0,24.9,48.5,7.5,8.5,25.0,4.5,5.9,64.6,35.4,"[{""score"": ""1 - 1"", ""pct"": 11.57}, {""score"": ""1 - 0"", ""pct"": 10.82}, {""score"": ""2 - 1"", ""pct"": 9.22}]"
France,Brazil,Neutral,1.509,1.191,44.6,25.9,29.5,43.8,7.0,8.2,29.2,5.2,6.6,59.0,41.0,"[{""score"": ""1 - 1"", ""pct"": 11.899999999999999}, {""score"": ""1 - 0"", ""pct"": 10.5}, {""score"": ""2 - 1"", ""pct"": 9.24}]"
France,Bosnia and Herzegovina,Neutral,2.304,0.396,81.3,14.7,4.0,81.1,6.3,6.5,4.2,0.9,0.9,93.9,6.1,"[{""score"": ""2 - 0"", ""pct"": 17.27}, {""score"": ""1 - 0"", ""pct"": 16.79}, {""score"": ""3 - 0"", ""pct"": 13.59}]"
France,South Africa,Neutral,2.257,0.443,79.5,15.8,4.7,79.8,6.2,6.6,5.0,0.9,1.5,92.6,7.4,"[{""score"": ""2 - 0"", ""pct"": 17.24}, {""score"": ""1 - 0"", ""pct"": 15.590000000000002}, {""score"": ""3 - 0"", ""pct"": 12.030000000000001}]"
France,Paraguay,Neutral,1.875,0.825,61.6,23.3,15.1,63.1,7.9,7.9,14.3,2.7,4.0,78.9,21.1,"[{""score"": ""1 - 0"", ""pct"": 13.370000000000001}, {""score"": ""2 - 0"", ""pct"": 10.96}, {""score"": ""1 - 1"", ""pct"": 10.39}]"
France,Belgium,Neutral,1.845,0.855,60.3,23.0,16.7,60.2,8.0,8.3,16.7,3.1,3.7,76.4,23.6,"[{""score"": ""1 - 0"", ""pct"": 12.770000000000001}, {""score"": ""2 - 0"", ""pct"": 10.84}, {""score"": ""1 - 1"", ""pct"": 10.489999999999998}]"
France,Norway,Neutral,1.816,0.884,59.8,23.3,17.0,59.6,7.8,8.5,16.7,3.2,4.2,75.9,24.1,"[{""score"": ""1 - 0"", ""pct"": 12.72}, {""score"": ""2 - 0"", ""pct"": 11.31}, {""score"": ""1 - 1"", ""pct"": 10.7}]"
France,Algeria,Neutral,1.899,0.801,63.4,23.3,13.3,64.1,7.3,8.7,13.6,2.8,3.5,80.2,19.8,"[{""score"": ""1 - 0"", ""pct"": 13.239999999999998}, {""score"": ""2 - 0"", ""pct"": 11.78}, {""score"": ""1 - 1"", ""pct"": 10.74}]"
Morocco,Ivory Coast,Neutral,1.892,0.808,62.5,22.9,14.6,63.3,6.9,8.8,14.1,2.7,4.1,79.1,20.9,"[{""score"": ""1 - 0"", ""pct"": 13.209999999999999}, {""score"": ""2 - 0"", ""pct"": 11.88}, {""score"": ""1 - 1"", ""pct"": 10.54}]"
Morocco,Uzbekistan,Neutral,1.736,0.964,55.5,24.5,20.0,56.8,7.3,8.1,19.5,3.6,4.7,72.2,27.8,"[{""score"": ""1 - 0"", ""pct"": 12.4}, {""score"": ""1 - 1"", ""pct"": 11.24}, {""score"": ""2 - 0"", ""pct"": 9.959999999999999}]"
Morocco,Qatar,Neutral,2.261,0.439,79.6,15.5,4.9,80.0,6.2,6.6,4.9,1.0,1.3,92.8,7.2,"[{""score"": ""2 - 0"", ""pct"": 17.25}, {""score"": ""1 - 0"", ""pct"": 16.49}, {""score"": ""3 - 0"", ""pct"": 12.620000000000001}]"
Morocco,Panama,Neutral,1.762,0.938,57.5,24.4,18.1,56.7,7.4,8.7,18.9,3.5,4.8,72.8,27.2,"[{""score"": ""1 - 0"", ""pct"": 11.87}, {""score"": ""1 - 1"", ""pct"": 10.91}, {""score"": ""2 - 0"", ""pct"": 10.75}]"
Morocco,Saudi Arabia,Neutral,2.079,0.621,71.3,19.7,8.9,72.0,7.2,7.8,8.7,1.8,2.6,86.9,13.1,"[{""score"": ""1 - 0"", ""pct"": 14.62}, {""score"": ""2 - 0"", ""pct"": 13.79}, {""score"": ""3 - 0"", ""pct"": 9.34}]"
Morocco,Tunisia,Neutral,2.023,0.677,69.3,20.2,10.5,68.8,7.2,8.6,10.2,2.2,3.0,84.7,15.3,"[{""score"": ""2 - 0"", ""pct"": 13.950000000000001}, {""score"": ""1 - 0"", ""pct"": 13.719999999999999}, {""score"": ""3 - 0"", ""pct"": 8.89}]"
Morocco,Austria,Neutral,1.838,0.862,61.5,22.6,15.9,60.1,7.4,8.6,16.5,3.3,4.1,76.1,23.9,"[{""score"": ""1 - 0"", ""pct"": 13.489999999999998}, {""score"": ""2 - 0"", ""pct"": 11.28}, {""score"": ""1 - 1"", ""pct"": 10.72}]"
Morocco,Senegal,Neutral,1.624,1.076,49.9,26.0,24.2,49.8,6.9,8.6,24.9,4.3,5.6,65.2,34.8,"[{""score"": ""1 - 1"", ""pct"": 11.5}, {""score"": ""1 - 0"", ""pct"": 11.49}, {""score"": ""2 - 1"", ""pct"": 9.91}]"
Morocco,Netherlands,Neutral,1.466,1.234,41.1,27.5,31.4,41.9,6.8,7.6,31.3,5.5,7.0,56.3,43.7,"[{""score"": ""1 - 1"", ""pct"": 12.26}, {""score"": ""1 - 0"", ""pct"": 10.37}, {""score"": ""0 - 1"", ""pct"": 8.57}]"
Morocco,Colombia,Neutral,1.242,1.458,31.9,27.0,41.0,31.5,5.6,6.7,42.1,6.4,7.7,43.8,56.2,"[{""score"": ""1 - 1"", ""pct"": 12.98}, {""score"": ""0 - 1"", ""pct"": 9.629999999999999}, {""score"": ""1 - 0"", ""pct"": 8.540000000000001}]"
Morocco,South Korea,Neutral,1.63,1.07,51.4,25.0,23.6,50.0,7.3,8.8,23.9,4.2,5.7,66.2,33.8,"[{""score"": ""1 - 0"", ""pct"": 11.690000000000001}, {""score"": ""1 - 1"", ""pct"": 11.66}, {""score"": ""2 - 1"", ""pct"": 9.75}]"
Morocco,Switzerland,Neutral,1.654,1.046,51.5,25.5,23.0,51.0,7.3,8.6,22.8,4.3,6.1,66.9,33.1,"[{""score"": ""1 - 1"", ""pct"": 11.97}, {""score"": ""1 - 0"", ""pct"": 11.020000000000001}, {""score"": ""2 - 1"", ""pct"": 10.0}]"
Morocco,Australia,Neutral,1.552,1.148,46.5,26.1,27.4,45.8,7.3,8.0,27.4,4.9,6.5,61.1,38.9,"[{""score"": ""1 - 1"", ""pct"": 11.940000000000001}, {""score"": ""1 - 0"", ""pct"": 10.54}, {""score"": ""2 - 1"", ""pct"": 10.0}]"
Morocco,France,Neutral,1.095,1.605,25.3,26.1,48.6,25.0,4.5,5.8,49.0,7.3,8.5,35.2,64.8,"[{""score"": ""1 - 1"", ""pct"": 11.61}, {""score"": ""0 - 1"", ""pct"": 11.43}, {""score"": ""1 - 2"", ""pct"": 9.35}]"
Morocco,Argentina,Neutral,0.862,1.838,15.7,23.0,61.3,16.4,2.9,4.2,60.4,7.5,8.7,23.5,76.5,"[{""score"": ""0 - 1"", ""pct"": 13.25}, {""score"": ""0 - 2"", ""pct"": 11.19}, {""score"": ""1 - 1"", ""pct"": 10.190000000000001}]"
Morocco,DR Congo,Neutral,1.964,0.736,65.8,22.2,11.9,67.1,7.0,8.0,12.8,2.2,2.9,82.1,17.9,"[{""score"": ""1 - 0"", ""pct"": 13.350000000000001}, {""score"": ""2 - 0"", ""pct"": 12.559999999999999}, {""score"": ""1 - 1"", ""pct"": 9.77}]"
Morocco,Iraq,Neutral,2.003,0.697,68.0,20.8,11.2,68.7,7.7,8.3,10.4,2.0,2.8,84.7,15.3,"[{""score"": ""1 - 0"", ""pct"": 14.24}, {""score"": ""2 - 0"", ""pct"": 13.139999999999999}, {""score"": ""1 - 1"", ""pct"": 9.55}]"
Morocco,Mexico,Neutral,1.436,1.264,39.7,28.0,32.3,40.8,6.1,7.9,32.9,5.4,6.9,54.8,45.2,"[{""score"": ""1 - 1"", ""pct"": 12.21}, {""score"": ""1 - 0"", ""pct"": 9.48}, {""score"": ""0 - 1"", ""pct"": 8.41}]"
Morocco,Cape Verde,Neutral,2.193,0.507,77.3,16.7,6.0,77.3,6.6,7.4,6.0,1.3,1.5,91.2,8.8,"[{""score"": ""2 - 0"", ""pct"": 16.76}, {""score"": ""1 - 0"", ""pct"": 14.879999999999999}, {""score"": ""3 - 0"", ""pct"": 11.51}]"
Morocco,Canada,Neutral,1.69,1.01,52.2,25.6,22.1,52.8,7.4,9.3,21.4,4.1,5.1,69.4,30.6,"[{""score"": ""1 - 1"", ""pct"": 11.77}, {""score"": ""1 - 0"", ""pct"": 11.62}, {""score"": ""2 - 1"", ""pct"": 9.51}]"
Morocco,Egypt,Neutral,1.941,0.759,66.2,21.2,12.6,65.6,7.7,8.1,13.0,2.4,3.2,81.4,18.6,"[{""score"": ""1 - 0"", ""pct"": 13.600000000000001}, {""score"": ""2 - 0"", ""pct"": 12.839999999999998}, {""score"": ""1 - 1"", ""pct"": 9.89}]"
Morocco,Spain,Neutral,0.875,1.825,16.5,23.5,60.0,16.6,3.3,4.4,59.9,7.7,8.2,24.3,75.7,"[{""score"": ""0 - 1"", ""pct"": 12.55}, {""score"": ""0 - 2"", ""pct"": 10.92}, {""score"": ""1 - 1"", ""pct"": 10.74}]"
Morocco,Portugal,Neutral,1.299,1.401,33.7,26.9,39.4,33.6,5.5,7.5,39.1,6.6,7.7,46.6,53.4,"[{""score"": ""1 - 1"", ""pct"": 12.280000000000001}, {""score"": ""0 - 1"", ""pct"": 10.2}, {""score"": ""1 - 0"", ""pct"": 8.95}]"
Morocco,Turkey,Neutral,1.604,1.096,48.6,26.2,25.2,48.2,7.6,8.3,25.3,4.7,5.9,64.1,35.9,"[{""score"": ""1 - 1"", ""pct"": 11.83}, {""score"": ""1 - 0"", ""pct"": 10.32}, {""score"": ""2 - 1"", ""pct"": 9.950000000000001}]"
Morocco,New Zealand,Neutral,2.067,0.633,71.4,19.4,9.1,71.5,7.4,7.6,9.6,1.5,2.4,86.5,13.5,"[{""score"": ""1 - 0"", ""pct"": 14.610000000000001}, {""score"": ""2 - 0"", ""pct"": 14.21}, {""score"": ""3 - 0"", ""pct"": 9.83}]"
Morocco,England,Neutral,1.181,1.519,27.7,27.1,45.2,29.5,4.9,6.2,44.8,6.7,8.0,40.5,59.5,"[{""score"": ""1 - 1"", ""pct"": 11.82}, {""score"": ""0 - 1"", ""pct"": 10.51}, {""score"": ""1 - 2"", ""pct"": 9.4}]"
Morocco,Haiti,Neutral,2.038,0.662,69.7,20.0,10.3,69.2,7.2,8.3,10.7,2.0,2.5,84.7,15.3,"[{""score"": ""1 - 0"", ""pct"": 14.52}, {""score"": ""2 - 0"", ""pct"": 13.22}, {""score"": ""2 - 1"", ""pct"": 9.42}]"
Morocco,Scotland,Neutral,1.891,0.809,62.7,23.2,14.1,63.7,7.4,8.5,14.1,2.8,3.6,79.6,20.4,"[{""score"": ""1 - 0"", ""pct"": 13.03}, {""score"": ""2 - 0"", ""pct"": 11.67}, {""score"": ""1 - 1"", ""pct"": 10.41}]"
Morocco,Germany,Neutral,1.485,1.215,42.5,26.9,30.6,43.4,7.0,8.3,29.1,5.3,6.9,58.7,41.3,"[{""score"": ""1 - 1"", ""pct"": 12.02}, {""score"": ""1 - 0"", ""pct"": 10.03}, {""score"": ""2 - 1"", ""pct"": 9.0}]"
Morocco,Japan,Neutral,1.341,1.359,36.0,27.0,37.0,36.7,5.9,7.5,36.8,5.9,7.2,50.1,49.9,"[{""score"": ""1 - 1"", ""pct"": 12.049999999999999}, {""score"": ""0 - 1"", ""pct"": 8.94}, {""score"": ""1 - 2"", ""pct"": 8.61}]"
Morocco,Curaçao,Neutral,2.21,0.49,78.1,16.2,5.7,76.9,6.7,7.3,6.2,1.3,1.6,90.9,9.1,"[{""score"": ""2 - 0"", ""pct"": 16.13}, {""score"": ""1 - 0"", ""pct"": 15.76}, {""score"": ""3 - 0"", ""pct"": 12.19}]"
Morocco,Uruguay,Neutral,1.457,1.243,41.3,27.2,31.5,41.9,6.3,8.1,31.5,5.4,6.8,56.3,43.7,"[{""score"": ""1 - 1"", ""pct"": 12.57}, {""score"": ""1 - 0"", ""pct"": 9.950000000000001}, {""score"": ""2 - 1"", ""pct"": 9.0}]"
Morocco,Sweden,Neutral,2.086,0.614,72.5,19.2,8.3,72.6,7.1,7.9,8.6,1.4,2.4,87.6,12.4,"[{""score"": ""1 - 0"", ""pct"": 14.62}, {""score"": ""2 - 0"", ""pct"": 14.57}, {""score"": ""3 - 0"", ""pct"": 9.84}]"
Morocco,Iran,Neutral,1.59,1.11,49.0,25.8,25.2,48.0,7.0,8.8,25.6,4.8,5.8,63.8,36.2,"[{""score"": ""1 - 1"", ""pct"": 11.68}, {""score"": ""1 - 0"", ""pct"": 11.0}, {""score"": ""2 - 1"", ""pct"": 9.75}]"
Morocco,United States,Neutral,1.829,0.871,59.9,23.2,16.9,60.4,7.6,8.2,16.4,3.2,4.2,76.3,23.7,"[{""score"": ""1 - 0"", ""pct"": 13.120000000000001}, {""score"": ""2 - 0"", ""pct"": 10.9}, {""score"": ""1 - 1"", ""pct"": 10.57}]"
Morocco,Jordan,Neutral,1.869,0.831,61.9,23.0,15.1,62.3,7.5,8.3,15.3,2.6,3.9,78.1,21.9,"[{""score"": ""1 - 0"", ""pct"": 13.15}, {""score"": ""2 - 0"", ""pct"": 12.22}, {""score"": ""1 - 1"", ""pct"": 10.870000000000001}]"
Morocco,Ghana,Neutral,2.197,0.503,76.3,17.3,6.5,76.9,7.1,7.0,6.3,1.1,1.6,91.0,9.0,"[{""score"": ""2 - 0"", ""pct"": 16.35}, {""score"": ""1 - 0"", ""pct"": 14.899999999999999}, {""score"": ""3 - 0"", ""pct"": 11.4}]"
Morocco,Czech Republic,Neutral,1.976,0.724,67.2,21.1,11.7,67.4,7.2,8.6,11.7,2.3,2.9,83.1,16.9,"[{""score"": ""1 - 0"", ""pct"": 14.02}, {""score"": ""2 - 0"", ""pct"": 13.07}, {""score"": ""2 - 1"", ""pct"": 9.92}]"
Morocco,Croatia,Neutral,1.534,1.166,45.8,26.3,27.9,45.7,6.8,8.0,27.7,5.2,6.6,60.4,39.6,"[{""score"": ""1 - 1"", ""pct"": 11.74}, {""score"": ""1 - 0"", ""pct"": 10.56}, {""score"": ""2 - 1"", ""pct"": 9.27}]"
Morocco,Ecuador,Neutral,1.35,1.35,37.3,27.1,35.6,36.4,6.2,7.6,36.2,5.9,7.8,50.1,49.8,"[{""score"": ""1 - 1"", ""pct"": 12.49}, {""score"": ""1 - 0"", ""pct"": 9.91}, {""score"": ""0 - 1"", ""pct"": 9.27}]"
Morocco,Brazil,Neutral,1.251,1.449,32.0,27.5,40.5,32.2,5.3,6.8,40.6,7.2,7.9,44.3,55.7,"[{""score"": ""1 - 1"", ""pct"": 12.379999999999999}, {""score"": ""0 - 1"", ""pct"": 9.66}, {""score"": ""1 - 0"", ""pct"": 8.42}]"
Morocco,Bosnia and Herzegovina,Neutral,2.226,0.474,78.8,15.8,5.3,78.4,6.5,6.7,5.7,1.1,1.5,91.6,8.4,"[{""score"": ""2 - 0"", ""pct"": 17.11}, {""score"": ""1 - 0"", ""pct"": 15.72}, {""score"": ""3 - 0"", ""pct"": 12.1}]"
Morocco,South Africa,Neutral,2.156,0.544,75.4,17.2,7.3,75.7,7.0,7.3,6.8,1.3,1.8,90.0,10.0,"[{""score"": ""2 - 0"", ""pct"": 15.809999999999999}, {""score"": ""1 - 0"", ""pct"": 15.110000000000001}, {""score"": ""3 - 0"", ""pct"": 10.84}]"
Morocco,Paraguay,Neutral,1.654,1.046,52.1,25.2,22.7,51.6,7.5,8.6,22.9,4.2,5.3,67.7,32.4,"[{""score"": ""1 - 1"", ""pct"": 11.51}, {""score"": ""1 - 0"", ""pct"": 11.43}, {""score"": ""2 - 1"", ""pct"": 10.17}]"
Morocco,Belgium,Neutral,1.618,1.082,49.4,26.3,24.3,48.9,7.5,9.1,24.6,4.2,5.7,65.5,34.5,"[{""score"": ""1 - 1"", ""pct"": 11.790000000000001}, {""score"": ""1 - 0"", ""pct"": 10.93}, {""score"": ""2 - 1"", ""pct"": 9.46}]"
Morocco,Norway,Neutral,1.584,1.116,48.5,25.9,25.6,47.7,7.2,8.7,25.7,4.6,6.1,63.6,36.4,"[{""score"": ""1 - 1"", ""pct"": 11.44}, {""score"": ""1 - 0"", ""pct"": 11.16}, {""score"": ""2 - 1"", ""pct"": 9.46}]"
Morocco,Algeria,Neutral,1.683,1.017,52.3,25.9,21.8,52.4,7.1,8.7,22.6,4.2,5.0,68.2,31.8,"[{""score"": ""1 - 1"", ""pct"": 11.63}, {""score"": ""1 - 0"", ""pct"": 11.61}, {""score"": ""2 - 1"", ""pct"": 9.77}]"
Argentina,Ivory Coast,Neutral,2.195,0.505,76.9,16.7,6.5,77.4,6.3,7.2,6.1,1.1,1.8,91.0,9.0,"[{""score"": ""2 - 0"", ""pct"": 16.32}, {""score"": ""1 - 0"", ""pct"": 15.49}, {""score"": ""3 - 0"", ""pct"": 11.26}]"
Argentina,Uzbekistan,Neutral,2.107,0.593,72.4,19.1,8.5,74.0,7.1,6.7,8.3,1.7,2.3,87.7,12.3,"[{""score"": ""1 - 0"", ""pct"": 14.71}, {""score"": ""2 - 0"", ""pct"": 14.299999999999999}, {""score"": ""3 - 0"", ""pct"": 9.9}]"
Argentina,Qatar,Neutral,2.373,0.327,83.4,13.5,3.1,83.5,5.9,6.1,3.2,0.5,0.8,95.6,4.5,"[{""score"": ""2 - 0"", ""pct"": 19.220000000000002}, {""score"": ""1 - 0"", ""pct"": 16.45}, {""score"": ""3 - 0"", ""pct"": 14.540000000000001}]"
Argentina,Panama,Neutral,2.122,0.578,73.3,18.5,8.2,74.0,7.2,7.4,7.8,1.6,1.9,88.7,11.3,"[{""score"": ""2 - 0"", ""pct"": 15.21}, {""score"": ""1 - 0"", ""pct"": 14.63}, {""score"": ""3 - 0"", ""pct"": 10.68}]"
Argentina,Saudi Arabia,Neutral,2.291,0.409,81.7,14.0,4.3,80.7,6.2,6.9,4.4,0.8,1.1,93.7,6.3,"[{""score"": ""2 - 0"", ""pct"": 18.66}, {""score"": ""1 - 0"", ""pct"": 15.85}, {""score"": ""3 - 0"", ""pct"": 12.93}]"
Argentina,Tunisia,Neutral,2.263,0.437,79.3,15.8,4.9,79.7,6.6,6.7,4.8,1.0,1.1,93.0,7.0,"[{""score"": ""2 - 0"", ""pct"": 16.5}, {""score"": ""1 - 0"", ""pct"": 16.34}, {""score"": ""3 - 0"", ""pct"": 12.76}]"
Argentina,Austria,Neutral,2.166,0.534,76.2,17.1,6.7,75.8,7.0,7.2,6.8,1.4,1.9,90.0,10.0,"[{""score"": ""2 - 0"", ""pct"": 16.17}, {""score"": ""1 - 0"", ""pct"": 15.290000000000001}, {""score"": ""3 - 0"", ""pct"": 11.28}]"
Argentina,Senegal,Neutral,2.036,0.664,70.0,19.8,10.2,70.8,7.3,7.5,9.6,2.1,2.6,85.6,14.4,"[{""score"": ""1 - 0"", ""pct"": 13.819999999999999}, {""score"": ""2 - 0"", ""pct"": 13.74}, {""score"": ""3 - 0"", ""pct"": 9.44}]"
Argentina,Netherlands,Neutral,1.927,0.773,64.6,21.6,13.8,65.6,7.2,8.5,12.9,2.2,3.6,81.2,18.8,"[{""score"": ""1 - 0"", ""pct"": 12.559999999999999}, {""score"": ""2 - 0"", ""pct"": 12.540000000000001}, {""score"": ""2 - 1"", ""pct"": 10.36}]"
Argentina,Colombia,Neutral,1.748,0.952,55.5,24.7,19.9,56.2,7.6,8.5,19.0,3.9,4.9,72.2,27.8,"[{""score"": ""1 - 0"", ""pct"": 12.01}, {""score"": ""1 - 1"", ""pct"": 11.379999999999999}, {""score"": ""2 - 0"", ""pct"": 9.82}]"
Argentina,South Korea,Neutral,2.04,0.66,70.0,20.2,9.8,69.8,7.5,8.5,9.6,2.0,2.6,85.8,14.2,"[{""score"": ""1 - 0"", ""pct"": 14.48}, {""score"": ""2 - 0"", ""pct"": 13.819999999999999}, {""score"": ""1 - 1"", ""pct"": 9.22}]"
Argentina,Switzerland,Neutral,2.055,0.645,70.5,19.7,9.9,70.4,7.3,8.2,9.5,2.1,2.6,85.9,14.1,"[{""score"": ""1 - 0"", ""pct"": 14.56}, {""score"": ""2 - 0"", ""pct"": 13.819999999999999}, {""score"": ""3 - 0"", ""pct"": 9.32}]"
Argentina,Australia,Neutral,1.988,0.712,67.2,21.4,11.4,68.7,7.3,7.7,11.4,2.2,2.7,83.7,16.3,"[{""score"": ""1 - 0"", ""pct"": 13.43}, {""score"": ""2 - 0"", ""pct"": 13.120000000000001}, {""score"": ""1 - 1"", ""pct"": 9.58}]"
Argentina,France,Neutral,1.61,1.09,49.7,26.0,24.3,49.9,7.1,8.3,24.7,4.0,6.0,65.3,34.7,"[{""score"": ""1 - 1"", ""pct"": 11.92}, {""score"": ""1 - 0"", ""pct"": 11.110000000000001}, {""score"": ""2 - 1"", ""pct"": 9.89}]"
Argentina,Morocco,Neutral,1.838,0.862,60.4,23.9,15.7,61.0,7.4,8.3,16.3,2.9,4.0,76.8,23.2,"[{""score"": ""1 - 0"", ""pct"": 12.83}, {""score"": ""2 - 0"", ""pct"": 11.34}, {""score"": ""1 - 1"", ""pct"": 10.85}]"
Argentina,DR Congo,Neutral,2.233,0.467,78.5,16.0,5.5,78.7,6.3,7.1,5.4,1.1,1.5,92.1,7.9,"[{""score"": ""2 - 0"", ""pct"": 17.28}, {""score"": ""1 - 0"", ""pct"": 16.42}, {""score"": ""3 - 0"", ""pct"": 12.02}]"
Argentina,Iraq,Neutral,2.253,0.447,80.5,14.9,4.7,79.1,6.7,7.0,4.9,0.9,1.4,92.8,7.2,"[{""score"": ""2 - 0"", ""pct"": 17.48}, {""score"": ""1 - 0"", ""pct"": 15.959999999999999}, {""score"": ""3 - 0"", ""pct"": 12.85}]"
Argentina,Mexico,Neutral,1.905,0.795,63.9,22.4,13.7,64.3,7.2,8.4,13.6,3.0,3.5,79.9,20.1,"[{""score"": ""1 - 0"", ""pct"": 13.23}, {""score"": ""2 - 0"", ""pct"": 11.200000000000001}, {""score"": ""1 - 1"", ""pct"": 10.280000000000001}]"
Argentina,Cape Verde,Neutral,2.343,0.357,83.1,13.5,3.5,82.4,5.9,6.2,3.7,0.9,0.9,94.5,5.4,"[{""score"": ""2 - 0"", ""pct"": 18.48}, {""score"": ""1 - 0"", ""pct"": 16.41}, {""score"": ""3 - 0"", ""pct"": 14.35}]"
Argentina,Canada,Neutral,2.078,0.622,71.9,19.4,8.8,71.3,7.6,7.8,9.0,1.9,2.4,86.6,13.3,"[{""score"": ""1 - 0"", ""pct"": 15.18}, {""score"": ""2 - 0"", ""pct"": 14.510000000000002}, {""score"": ""3 - 0"", ""pct"": 9.569999999999999}]"
Argentina,Egypt,Neutral,2.222,0.478,78.3,16.5,5.2,77.5,6.8,7.1,5.8,1.2,1.6,91.4,8.6,"[{""score"": ""2 - 0"", ""pct"": 16.72}, {""score"": ""1 - 0"", ""pct"": 15.049999999999999}, {""score"": ""3 - 0"", ""pct"": 12.23}]"
Argentina,Spain,Neutral,1.366,1.334,37.7,26.7,35.5,37.3,6.0,7.8,36.0,6.0,7.0,51.1,48.9,"[{""score"": ""1 - 1"", ""pct"": 11.87}, {""score"": ""1 - 0"", ""pct"": 9.379999999999999}, {""score"": ""0 - 1"", ""pct"": 8.799999999999999}]"
Argentina,Portugal,Neutral,1.796,0.904,58.1,24.2,17.7,59.2,7.3,8.4,17.4,3.5,4.2,74.9,25.1,"[{""score"": ""1 - 0"", ""pct"": 11.99}, {""score"": ""1 - 1"", ""pct"": 11.020000000000001}, {""score"": ""2 - 0"", ""pct"": 10.86}]"
Argentina,Turkey,Neutral,2.023,0.677,69.8,20.4,9.8,70.4,6.9,7.9,10.3,1.8,2.7,85.2,14.8,"[{""score"": ""1 - 0"", ""pct"": 13.56}, {""score"": ""2 - 0"", ""pct"": 13.55}, {""score"": ""2 - 1"", ""pct"": 9.83}]"
Argentina,New Zealand,Neutral,2.285,0.415,80.8,14.6,4.6,80.6,6.3,6.6,4.5,0.9,1.2,93.5,6.5,"[{""score"": ""2 - 0"", ""pct"": 17.2}, {""score"": ""1 - 0"", ""pct"": 15.959999999999999}, {""score"": ""3 - 0"", ""pct"": 13.4}]"
Argentina,England,Neutral,1.692,1.008,53.5,25.4,21.1,54.2,7.2,8.2,21.1,4.2,5.1,69.6,30.4,"[{""score"": ""1 - 0"", ""pct"": 11.68}, {""score"": ""1 - 1"", ""pct"": 11.5}, {""score"": ""2 - 1"", ""pct"": 9.64}]"
Argentina,Haiti,Neutral,2.27,0.43,80.0,15.2,4.8,79.9,6.7,6.6,4.8,0.9,1.1,93.2,6.8,"[{""score"": ""2 - 0"", ""pct"": 17.419999999999998}, {""score"": ""1 - 0"", ""pct"": 15.629999999999999}, {""score"": ""3 - 0"", ""pct"": 13.08}]"
Argentina,Scotland,Neutral,2.195,0.505,77.1,16.2,6.7,77.0,6.8,7.3,6.1,1.1,1.8,91.1,8.9,"[{""score"": ""2 - 0"", ""pct"": 16.7}, {""score"": ""1 - 0"", ""pct"": 15.329999999999998}, {""score"": ""3 - 0"", ""pct"": 11.32}]"
Argentina,Germany,Neutral,1.941,0.759,65.0,22.0,13.0,65.8,8.1,8.5,11.6,2.5,3.5,82.4,17.6,"[{""score"": ""1 - 0"", ""pct"": 13.36}, {""score"": ""2 - 0"", ""pct"": 12.55}, {""score"": ""2 - 1"", ""pct"": 10.059999999999999}]"
Argentina,Japan,Neutral,1.831,0.869,59.9,24.0,16.1,60.7,7.6,8.7,15.8,3.1,4.2,77.0,23.0,"[{""score"": ""1 - 0"", ""pct"": 12.55}, {""score"": ""2 - 0"", ""pct"": 10.86}, {""score"": ""1 - 1"", ""pct"": 10.66}]"
Argentina,Curaçao,Neutral,2.351,0.349,84.2,12.6,3.2,83.0,5.9,6.1,3.3,0.6,1.1,95.0,5.0,"[{""score"": ""2 - 0"", ""pct"": 18.48}, {""score"": ""1 - 0"", ""pct"": 16.71}, {""score"": ""3 - 0"", ""pct"": 14.62}]"
Argentina,Uruguay,Neutral,1.92,0.78,64.7,21.4,13.9,64.9,7.8,8.2,13.0,2.6,3.5,80.9,19.1,"[{""score"": ""1 - 0"", ""pct"": 13.0}, {""score"": ""2 - 0"", ""pct"": 12.2}, {""score"": ""2 - 1"", ""pct"": 9.59}]"
Argentina,Sweden,Neutral,2.294,0.406,81.2,14.5,4.3,81.3,6.2,6.1,4.4,0.8,1.2,93.6,6.4,"[{""score"": ""2 - 0"", ""pct"": 17.77}, {""score"": ""1 - 0"", ""pct"": 16.189999999999998}, {""score"": ""3 - 0"", ""pct"": 13.62}]"
Argentina,Iran,Neutral,2.014,0.686,69.6,19.5,10.9,69.3,7.1,8.1,10.8,1.8,3.0,84.5,15.5,"[{""score"": ""1 - 0"", ""pct"": 14.530000000000001}, {""score"": ""2 - 0"", ""pct"": 13.18}, {""score"": ""2 - 1"", ""pct"": 9.75}]"
Argentina,United States,Neutral,2.16,0.54,75.1,17.8,7.1,75.4,7.2,7.2,7.2,1.4,1.6,89.8,10.2,"[{""score"": ""2 - 0"", ""pct"": 15.540000000000001}, {""score"": ""1 - 0"", ""pct"": 14.96}, {""score"": ""3 - 0"", ""pct"": 11.59}]"
Argentina,Jordan,Neutral,2.183,0.517,77.0,16.6,6.3,75.9,7.0,7.5,6.5,1.4,1.8,90.3,9.7,"[{""score"": ""2 - 0"", ""pct"": 16.27}, {""score"": ""1 - 0"", ""pct"": 15.09}, {""score"": ""3 - 0"", ""pct"": 11.03}]"
Argentina,Ghana,Neutral,2.345,0.355,82.5,13.8,3.7,83.5,5.7,5.8,3.5,0.6,1.0,94.9,5.1,"[{""score"": ""2 - 0"", ""pct"": 18.78}, {""score"": ""1 - 0"", ""pct"": 16.23}, {""score"": ""3 - 0"", ""pct"": 13.86}]"
Argentina,Czech Republic,Neutral,2.239,0.461,78.6,15.7,5.7,78.6,6.6,6.8,5.3,1.1,1.5,92.0,8.0,"[{""score"": ""2 - 0"", ""pct"": 16.43}, {""score"": ""1 - 0"", ""pct"": 15.690000000000001}, {""score"": ""3 - 0"", ""pct"": 12.27}]"
Argentina,Croatia,Neutral,1.976,0.724,67.7,20.6,11.7,66.2,7.9,8.7,11.9,2.3,3.0,82.8,17.2,"[{""score"": ""1 - 0"", ""pct"": 14.12}, {""score"": ""2 - 0"", ""pct"": 12.49}, {""score"": ""2 - 1"", ""pct"": 9.92}]"
Argentina,Ecuador,Neutral,1.838,0.862,60.4,23.3,16.3,61.0,7.6,9.2,15.5,2.8,3.9,77.8,22.1,"[{""score"": ""1 - 0"", ""pct"": 12.55}, {""score"": ""2 - 0"", ""pct"": 10.92}, {""score"": ""1 - 1"", ""pct"": 10.48}]"
Argentina,Brazil,Neutral,1.755,0.945,57.1,23.3,19.6,57.0,7.8,8.6,18.6,3.6,4.4,73.4,26.6,"[{""score"": ""1 - 0"", ""pct"": 12.64}, {""score"": ""2 - 0"", ""pct"": 10.54}, {""score"": ""1 - 1"", ""pct"": 10.530000000000001}]"
Argentina,Bosnia and Herzegovina,Neutral,2.358,0.342,83.1,13.6,3.3,83.4,6.3,6.0,3.2,0.6,0.6,95.6,4.4,"[{""score"": ""2 - 0"", ""pct"": 18.54}, {""score"": ""1 - 0"", ""pct"": 16.34}, {""score"": ""3 - 0"", ""pct"": 14.35}]"
Argentina,South Africa,Neutral,2.327,0.373,81.5,14.8,3.7,82.7,5.8,5.9,3.9,0.7,1.0,94.4,5.6,"[{""score"": ""2 - 0"", ""pct"": 18.25}, {""score"": ""1 - 0"", ""pct"": 15.6}, {""score"": ""3 - 0"", ""pct"": 13.99}]"
Argentina,Paraguay,Neutral,2.056,0.644,70.8,19.4,9.8,71.2,6.9,7.8,9.8,1.7,2.7,85.8,14.2,"[{""score"": ""1 - 0"", ""pct"": 14.14}, {""score"": ""2 - 0"", ""pct"": 14.01}, {""score"": ""3 - 0"", ""pct"": 9.790000000000001}]"
Argentina,Belgium,Neutral,2.033,0.667,69.8,20.0,10.2,70.1,7.2,8.0,10.1,1.9,2.7,85.3,14.7,"[{""score"": ""1 - 0"", ""pct"": 14.829999999999998}, {""score"": ""2 - 0"", ""pct"": 13.48}, {""score"": ""2 - 1"", ""pct"": 9.25}]"
Argentina,Norway,Neutral,2.01,0.69,69.2,20.3,10.4,69.1,7.0,8.1,10.6,2.3,2.9,84.2,15.8,"[{""score"": ""1 - 0"", ""pct"": 14.21}, {""score"": ""2 - 0"", ""pct"": 13.07}, {""score"": ""2 - 1"", ""pct"": 9.92}]"
Argentina,Algeria,Neutral,2.074,0.626,72.2,18.5,9.3,71.8,7.3,8.0,9.0,1.7,2.2,87.1,12.9,"[{""score"": ""1 - 0"", ""pct"": 14.899999999999999}, {""score"": ""2 - 0"", ""pct"": 14.2}, {""score"": ""3 - 0"", ""pct"": 9.84}]"
DR Congo,Ivory Coast,Neutral,1.25,1.45,31.4,26.8,41.8,31.9,5.4,7.2,41.8,6.5,7.2,44.5,55.5,"[{""score"": ""1 - 1"", ""pct"": 12.27}, {""score"": ""0 - 1"", ""pct"": 10.13}, {""score"": ""1 - 2"", ""pct"": 9.120000000000001}]"
DR Congo,Uzbekistan,Neutral,1.067,1.633,24.0,25.8,50.3,24.3,4.2,5.9,49.9,7.3,8.4,34.4,65.6,"[{""score"": ""1 - 1"", ""pct"": 11.559999999999999}, {""score"": ""0 - 1"", ""pct"": 11.48}, {""score"": ""1 - 2"", ""pct"": 9.71}]"
DR Congo,Qatar,Neutral,1.903,0.797,64.8,21.7,13.5,63.5,7.4,8.7,14.0,2.6,3.7,79.6,20.4,"[{""score"": ""1 - 0"", ""pct"": 13.74}, {""score"": ""2 - 0"", ""pct"": 12.3}, {""score"": ""2 - 1"", ""pct"": 10.33}]"
DR Congo,Panama,Neutral,1.095,1.605,25.7,25.2,49.1,24.4,4.6,5.6,49.6,7.3,8.6,34.6,65.4,"[{""score"": ""0 - 1"", ""pct"": 11.66}, {""score"": ""1 - 1"", ""pct"": 11.44}, {""score"": ""1 - 2"", ""pct"": 9.65}]"
DR Congo,Saudi Arabia,Neutral,1.533,1.167,44.8,26.4,28.8,45.5,6.1,8.6,28.2,5.5,6.1,60.2,39.8,"[{""score"": ""1 - 1"", ""pct"": 12.120000000000001}, {""score"": ""1 - 0"", ""pct"": 10.54}, {""score"": ""2 - 1"", ""pct"": 9.02}]"
DR Congo,Tunisia,Neutral,1.44,1.26,41.3,26.5,32.2,41.4,6.8,8.3,31.5,5.6,6.5,56.4,43.6,"[{""score"": ""1 - 1"", ""pct"": 11.81}, {""score"": ""1 - 0"", ""pct"": 10.13}, {""score"": ""2 - 1"", ""pct"": 9.1}]"
DR Congo,Austria,Neutral,1.183,1.517,28.1,26.9,45.0,28.5,5.2,6.7,44.9,6.8,8.0,40.4,59.6,"[{""score"": ""1 - 1"", ""pct"": 12.29}, {""score"": ""0 - 1"", ""pct"": 10.9}, {""score"": ""1 - 2"", ""pct"": 9.26}]"
DR Congo,Senegal,Neutral,0.955,1.745,19.4,25.6,55.0,20.2,3.3,4.8,54.8,8.1,8.9,28.3,71.7,"[{""score"": ""0 - 1"", ""pct"": 12.559999999999999}, {""score"": ""1 - 1"", ""pct"": 11.5}, {""score"": ""1 - 2"", ""pct"": 9.85}]"
DR Congo,Netherlands,Neutral,0.821,1.879,15.6,22.5,62.0,14.7,3.0,3.9,62.1,7.4,8.9,21.6,78.4,"[{""score"": ""0 - 1"", ""pct"": 13.08}, {""score"": ""0 - 2"", ""pct"": 11.51}, {""score"": ""1 - 1"", ""pct"": 9.969999999999999}]"
DR Congo,Colombia,Neutral,0.666,2.034,10.5,19.6,69.9,9.7,1.9,2.4,71.2,7.3,7.5,14.0,86.0,"[{""score"": ""0 - 1"", ""pct"": 13.969999999999999}, {""score"": ""0 - 2"", ""pct"": 13.950000000000001}, {""score"": ""1 - 2"", ""pct"": 9.21}]"
DR Congo,South Korea,Neutral,0.961,1.739,19.1,25.1,55.8,19.4,3.7,5.2,54.5,8.0,9.2,28.3,71.7,"[{""score"": ""0 - 1"", ""pct"": 12.21}, {""score"": ""1 - 1"", ""pct"": 11.18}, {""score"": ""1 - 2"", ""pct"": 10.11}]"
DR Congo,Switzerland,Neutral,0.983,1.717,19.8,24.9,55.3,20.1,3.6,4.9,55.4,7.1,8.8,28.7,71.3,"[{""score"": ""0 - 1"", ""pct"": 11.790000000000001}, {""score"": ""1 - 1"", ""pct"": 11.27}, {""score"": ""0 - 2"", ""pct"": 9.98}]"
DR Congo,Australia,Neutral,0.891,1.809,17.3,23.6,59.1,16.9,3.1,4.4,59.8,7.3,8.6,24.3,75.7,"[{""score"": ""0 - 1"", ""pct"": 12.42}, {""score"": ""0 - 2"", ""pct"": 10.76}, {""score"": ""1 - 1"", ""pct"": 10.74}]"
DR Congo,France,Neutral,0.581,2.119,8.0,19.5,72.5,8.2,1.7,2.3,73.1,7.0,7.7,12.2,87.8,"[{""score"": ""0 - 2"", ""pct"": 14.729999999999999}, {""score"": ""0 - 1"", ""pct"": 14.19}, {""score"": ""0 - 3"", ""pct"": 10.190000000000001}]"
DR Congo,Morocco,Neutral,0.736,1.964,12.2,21.3,66.4,12.2,2.5,2.9,66.7,7.3,8.5,17.6,82.5,"[{""score"": ""0 - 1"", ""pct"": 13.22}, {""score"": ""0 - 2"", ""pct"": 12.53}, {""score"": ""1 - 2"", ""pct"": 9.92}]"
DR Congo,Argentina,Neutral,0.467,2.233,5.1,15.9,79.0,5.4,1.2,1.2,78.6,6.6,7.0,7.8,92.2,"[{""score"": ""0 - 2"", ""pct"": 16.75}, {""score"": ""0 - 1"", ""pct"": 15.770000000000001}, {""score"": ""0 - 3"", ""pct"": 12.6}]"
DR Congo,Iraq,Neutral,1.408,1.292,39.5,26.7,33.8,39.4,6.1,7.5,33.9,5.9,7.2,53.0,47.0,"[{""score"": ""1 - 1"", ""pct"": 11.99}, {""score"": ""1 - 0"", ""pct"": 9.59}, {""score"": ""0 - 1"", ""pct"": 9.32}]"
DR Congo,Mexico,Neutral,0.798,1.902,14.0,21.9,64.1,13.4,2.8,3.4,64.5,7.5,8.4,19.5,80.5,"[{""score"": ""0 - 1"", ""pct"": 12.989999999999998}, {""score"": ""0 - 2"", ""pct"": 12.26}, {""score"": ""1 - 1"", ""pct"": 9.98}]"
DR Congo,Cape Verde,Neutral,1.75,0.95,56.1,25.2,18.7,56.0,7.9,8.4,19.4,3.8,4.6,72.3,27.7,"[{""score"": ""1 - 0"", ""pct"": 11.59}, {""score"": ""1 - 1"", ""pct"": 11.379999999999999}, {""score"": ""2 - 0"", ""pct"": 10.32}]"
DR Congo,Canada,Neutral,1.019,1.681,22.0,25.6,52.4,22.5,3.9,5.5,52.6,6.9,8.6,31.9,68.1,"[{""score"": ""0 - 1"", ""pct"": 11.81}, {""score"": ""1 - 1"", ""pct"": 11.74}, {""score"": ""1 - 2"", ""pct"": 9.45}]"
DR Congo,Egypt,Neutral,1.318,1.382,34.6,26.5,38.8,34.8,5.9,7.8,37.6,6.3,7.6,48.5,51.5,"[{""score"": ""1 - 1"", ""pct"": 12.18}, {""score"": ""0 - 1"", ""pct"": 9.31}, {""score"": ""1 - 2"", ""pct"": 9.19}]"
DR Congo,Spain,Neutral,0.473,2.227,5.5,16.2,78.2,5.7,1.0,1.5,78.2,6.5,7.0,8.3,91.7,"[{""score"": ""0 - 2"", ""pct"": 16.82}, {""score"": ""0 - 1"", ""pct"": 15.22}, {""score"": ""0 - 3"", ""pct"": 12.68}]"
DR Congo,Portugal,Neutral,0.702,1.998,10.8,21.7,67.5,11.1,2.0,2.7,69.0,7.0,8.2,15.8,84.2,"[{""score"": ""0 - 1"", ""pct"": 13.84}, {""score"": ""0 - 2"", ""pct"": 13.370000000000001}, {""score"": ""1 - 1"", ""pct"": 9.45}]"
DR Congo,Turkey,Neutral,0.937,1.763,19.2,24.2,56.6,19.1,3.5,4.7,56.8,7.7,8.2,27.3,72.7,"[{""score"": ""0 - 1"", ""pct"": 12.17}, {""score"": ""1 - 1"", ""pct"": 10.96}, {""score"": ""0 - 2"", ""pct"": 9.91}]"
DR Congo,New Zealand,Neutral,1.513,1.187,44.3,26.7,29.1,44.8,6.6,7.8,29.3,5.3,6.2,59.1,40.8,"[{""score"": ""1 - 1"", ""pct"": 11.97}, {""score"": ""1 - 0"", ""pct"": 10.17}, {""score"": ""2 - 1"", ""pct"": 9.19}]"
DR Congo,England,Neutral,0.629,2.071,8.7,18.2,73.1,8.6,1.7,2.2,72.2,7.5,7.9,12.4,87.6,"[{""score"": ""0 - 2"", ""pct"": 14.93}, {""score"": ""0 - 1"", ""pct"": 14.64}, {""score"": ""0 - 3"", ""pct"": 10.02}]"
DR Congo,Haiti,Neutral,1.463,1.237,41.1,27.1,31.8,41.8,6.5,7.9,31.3,5.6,6.8,56.3,43.7,"[{""score"": ""1 - 1"", ""pct"": 12.15}, {""score"": ""1 - 0"", ""pct"": 10.190000000000001}, {""score"": ""2 - 1"", ""pct"": 8.92}]"
DR Congo,Scotland,Neutral,1.249,1.451,31.1,27.1,41.8,31.5,5.3,7.3,42.3,6.2,7.4,44.1,55.9,"[{""score"": ""1 - 1"", ""pct"": 12.47}, {""score"": ""0 - 1"", ""pct"": 10.440000000000001}, {""score"": ""1 - 2"", ""pct"": 9.09}]"
DR Congo,Germany,Neutral,0.836,1.864,14.8,23.2,62.0,15.4,3.1,4.0,61.0,7.5,9.0,22.4,77.6,"[{""score"": ""0 - 1"", ""pct"": 12.75}, {""score"": ""0 - 2"", ""pct"": 11.41}, {""score"": ""1 - 1"", ""pct"": 10.33}]"
DR Congo,Japan,Neutral,0.73,1.97,11.9,20.9,67.2,12.3,2.5,3.2,66.4,7.5,8.0,18.1,81.9,"[{""score"": ""0 - 1"", ""pct"": 13.700000000000001}, {""score"": ""0 - 2"", ""pct"": 13.239999999999998}, {""score"": ""1 - 2"", ""pct"": 9.629999999999999}]"
DR Congo,Curaçao,Neutral,1.786,0.914,57.6,24.2,18.2,57.4,7.6,9.1,18.1,3.4,4.4,74.1,25.9,"[{""score"": ""1 - 0"", ""pct"": 11.41}, {""score"": ""1 - 1"", ""pct"": 10.89}, {""score"": ""2 - 0"", ""pct"": 10.32}]"
DR Congo,Uruguay,Neutral,0.814,1.886,14.3,22.8,62.9,14.5,3.0,4.0,62.1,7.8,8.6,21.5,78.5,"[{""score"": ""0 - 1"", ""pct"": 13.36}, {""score"": ""0 - 2"", ""pct"": 11.95}, {""score"": ""1 - 1"", ""pct"": 10.24}]"
DR Congo,Sweden,Neutral,1.544,1.156,46.5,26.3,27.2,45.3,7.0,9.0,27.2,4.9,6.5,61.4,38.6,"[{""score"": ""1 - 1"", ""pct"": 12.46}, {""score"": ""1 - 0"", ""pct"": 11.16}, {""score"": ""2 - 1"", ""pct"": 9.45}]"
DR Congo,Iran,Neutral,0.924,1.776,18.4,23.3,58.2,18.3,3.5,4.5,57.4,7.1,9.2,26.3,73.7,"[{""score"": ""0 - 1"", ""pct"": 13.100000000000001}, {""score"": ""1 - 1"", ""pct"": 10.620000000000001}, {""score"": ""0 - 2"", ""pct"": 10.440000000000001}]"
DR Congo,United States,Neutral,1.172,1.528,28.8,25.9,45.3,28.8,4.6,6.6,44.5,7.3,8.2,40.0,59.9,"[{""score"": ""1 - 1"", ""pct"": 11.709999999999999}, {""score"": ""0 - 1"", ""pct"": 10.6}, {""score"": ""1 - 2"", ""pct"": 9.2}]"
DR Congo,Jordan,Neutral,1.222,1.478,30.2,27.4,42.4,31.1,5.4,6.6,42.4,6.4,8.2,43.0,57.0,"[{""score"": ""1 - 1"", ""pct"": 12.790000000000001}, {""score"": ""0 - 1"", ""pct"": 9.86}, {""score"": ""1 - 2"", ""pct"": 9.0}]"
DR Congo,Ghana,Neutral,1.758,0.942,56.9,24.3,18.9,56.8,7.1,8.5,19.3,3.7,4.6,72.5,27.5,"[{""score"": ""1 - 0"", ""pct"": 12.31}, {""score"": ""1 - 1"", ""pct"": 11.26}, {""score"": ""2 - 1"", ""pct"": 9.91}]"
DR Congo,Czech Republic,Neutral,1.367,1.333,36.8,27.2,35.9,38.0,5.9,7.5,35.0,6.0,7.6,51.3,48.7,"[{""score"": ""1 - 1"", ""pct"": 12.08}, {""score"": ""0 - 1"", ""pct"": 9.39}, {""score"": ""1 - 0"", ""pct"": 9.28}]"
DR Congo,Croatia,Neutral,0.876,1.824,16.3,23.7,60.1,17.2,3.0,3.8,59.7,7.6,8.7,24.0,76.0,"[{""score"": ""0 - 1"", ""pct"": 12.55}, {""score"": ""0 - 2"", ""pct"": 10.96}, {""score"": ""1 - 1"", ""pct"": 10.72}]"
DR Congo,Ecuador,Neutral,0.736,1.964,12.5,20.9,66.5,11.1,2.4,3.2,67.4,7.4,8.5,16.7,83.3,"[{""score"": ""0 - 1"", ""pct"": 13.18}, {""score"": ""0 - 2"", ""pct"": 12.47}, {""score"": ""1 - 2"", ""pct"": 10.040000000000001}]"
DR Congo,Brazil,Neutral,0.671,2.029,10.0,19.8,70.3,10.3,1.9,2.3,69.8,7.5,8.3,14.4,85.6,"[{""score"": ""0 - 1"", ""pct"": 14.71}, {""score"": ""0 - 2"", ""pct"": 13.639999999999999}, {""score"": ""1 - 2"", ""pct"": 9.370000000000001}]"
DR Congo,Bosnia and Herzegovina,Neutral,1.821,0.879,60.8,22.8,16.4,59.9,7.8,8.6,16.1,3.5,4.1,76.3,23.7,"[{""score"": ""1 - 0"", ""pct"": 12.65}, {""score"": ""2 - 0"", ""pct"": 11.98}, {""score"": ""1 - 1"", ""pct"": 10.280000000000001}]"
DR Congo,South Africa,Neutral,1.675,1.025,52.9,24.4,22.7,51.8,7.6,9.0,22.6,3.7,5.3,68.4,31.6,"[{""score"": ""1 - 0"", ""pct"": 12.42}, {""score"": ""1 - 1"", ""pct"": 10.979999999999999}, {""score"": ""2 - 1"", ""pct"": 9.92}]"
DR Congo,Paraguay,Neutral,0.984,1.716,21.2,24.4,54.4,20.2,3.6,5.2,55.2,7.2,8.6,29.0,71.0,"[{""score"": ""0 - 1"", ""pct"": 11.5}, {""score"": ""1 - 1"", ""pct"": 11.37}, {""score"": ""0 - 2"", ""pct"": 9.76}]"
DR Congo,Belgium,Neutral,0.95,1.75,19.3,24.8,56.0,19.8,3.8,4.5,56.3,7.4,8.2,28.1,71.9,"[{""score"": ""0 - 1"", ""pct"": 12.32}, {""score"": ""1 - 1"", ""pct"": 10.82}, {""score"": ""0 - 2"", ""pct"": 10.0}]"
DR Congo,Norway,Neutral,0.919,1.781,17.5,23.9,58.6,19.0,3.1,4.7,57.2,7.2,8.7,26.8,73.2,"[{""score"": ""0 - 1"", ""pct"": 13.100000000000001}, {""score"": ""1 - 1"", ""pct"": 10.82}, {""score"": ""1 - 2"", ""pct"": 10.45}]"
DR Congo,Algeria,Neutral,1.012,1.688,21.9,25.3,52.9,21.2,3.7,5.4,53.7,7.8,8.2,30.4,69.7,"[{""score"": ""0 - 1"", ""pct"": 11.86}, {""score"": ""1 - 1"", ""pct"": 11.540000000000001}, {""score"": ""1 - 2"", ""pct"": 9.74}]"
Iraq,Ivory Coast,Neutral,1.193,1.507,29.7,26.7,43.7,29.5,4.8,6.5,44.3,7.0,7.9,40.7,59.3,"[{""score"": ""1 - 1"", ""pct"": 12.04}, {""score"": ""0 - 1"", ""pct"": 10.25}, {""score"": ""1 - 2"", ""pct"": 9.11}]"
Iraq,Uzbekistan,Neutral,1.013,1.687,21.9,24.5,53.6,22.0,3.8,5.5,53.6,7.2,8.0,31.2,68.8,"[{""score"": ""0 - 1"", ""pct"": 11.690000000000001}, {""score"": ""1 - 1"", ""pct"": 10.620000000000001}, {""score"": ""1 - 2"", ""pct"": 9.94}]"
Iraq,Qatar,Neutral,1.858,0.842,61.6,22.8,15.6,61.6,7.4,8.8,15.5,2.9,3.7,77.8,22.2,"[{""score"": ""1 - 0"", ""pct"": 12.690000000000001}, {""score"": ""2 - 0"", ""pct"": 11.77}, {""score"": ""1 - 1"", ""pct"": 10.780000000000001}]"
Iraq,Panama,Neutral,1.04,1.66,22.5,25.0,52.5,23.0,4.2,5.6,51.7,7.3,8.2,32.8,67.2,"[{""score"": ""0 - 1"", ""pct"": 11.58}, {""score"": ""1 - 1"", ""pct"": 11.19}, {""score"": ""1 - 2"", ""pct"": 10.2}]"
Iraq,Saudi Arabia,Neutral,1.476,1.224,42.6,26.9,30.5,42.1,6.9,8.2,29.8,5.7,7.3,57.3,42.7,"[{""score"": ""1 - 1"", ""pct"": 12.17}, {""score"": ""1 - 0"", ""pct"": 9.879999999999999}, {""score"": ""2 - 1"", ""pct"": 9.13}]"
Iraq,Tunisia,Neutral,1.382,1.318,37.6,27.6,34.8,38.6,5.9,7.6,35.3,5.8,6.9,52.0,48.0,"[{""score"": ""1 - 1"", ""pct"": 12.73}, {""score"": ""1 - 0"", ""pct"": 9.33}, {""score"": ""0 - 1"", ""pct"": 9.1}]"
Iraq,Austria,Neutral,1.126,1.574,26.9,26.5,46.6,27.0,4.7,5.9,47.3,7.2,8.0,37.5,62.5,"[{""score"": ""1 - 1"", ""pct"": 12.06}, {""score"": ""0 - 1"", ""pct"": 10.59}, {""score"": ""1 - 2"", ""pct"": 8.77}]"
Iraq,Senegal,Neutral,0.906,1.794,17.3,23.7,59.0,18.2,3.0,4.3,58.0,7.8,8.7,25.5,74.5,"[{""score"": ""0 - 1"", ""pct"": 12.94}, {""score"": ""1 - 1"", ""pct"": 11.110000000000001}, {""score"": ""0 - 2"", ""pct"": 10.05}]"
Iraq,Netherlands,Neutral,0.777,1.923,13.3,21.6,65.1,13.4,2.6,3.5,64.1,8.1,8.2,19.5,80.5,"[{""score"": ""0 - 1"", ""pct"": 13.59}, {""score"": ""0 - 2"", ""pct"": 12.36}, {""score"": ""1 - 1"", ""pct"": 9.959999999999999}]"
Iraq,Colombia,Neutral,0.631,2.069,9.4,19.4,71.2,9.1,1.8,2.3,71.9,7.1,7.8,13.2,86.8,"[{""score"": ""0 - 2"", ""pct"": 14.979999999999999}, {""score"": ""0 - 1"", ""pct"": 14.580000000000002}, {""score"": ""0 - 3"", ""pct"": 9.45}]"
Iraq,South Korea,Neutral,0.911,1.789,17.7,23.8,58.4,17.6,3.4,4.3,58.5,7.5,8.8,25.3,74.7,"[{""score"": ""0 - 1"", ""pct"": 12.520000000000001}, {""score"": ""0 - 2"", ""pct"": 10.66}, {""score"": ""1 - 1"", ""pct"": 10.48}]"
Iraq,Switzerland,Neutral,0.932,1.768,18.2,24.3,57.5,18.5,3.4,4.5,57.1,7.8,8.7,26.5,73.5,"[{""score"": ""0 - 1"", ""pct"": 12.55}, {""score"": ""1 - 1"", ""pct"": 11.05}, {""score"": ""0 - 2"", ""pct"": 10.440000000000001}]"
Iraq,Australia,Neutral,0.844,1.856,14.6,22.6,62.8,15.3,2.9,3.8,61.8,7.9,8.3,22.0,78.0,"[{""score"": ""0 - 1"", ""pct"": 13.19}, {""score"": ""0 - 2"", ""pct"": 11.65}, {""score"": ""1 - 2"", ""pct"": 10.489999999999998}]"
Iraq,France,Neutral,0.552,2.148,7.7,18.0,74.4,7.2,1.2,1.8,75.5,6.4,7.8,10.3,89.7,"[{""score"": ""0 - 2"", ""pct"": 15.909999999999998}, {""score"": ""0 - 1"", ""pct"": 14.62}, {""score"": ""0 - 3"", ""pct"": 10.61}]"
Iraq,Morocco,Neutral,0.697,2.003,10.9,20.8,68.3,11.2,2.1,2.7,68.5,7.2,8.3,16.0,84.0,"[{""score"": ""0 - 1"", ""pct"": 13.99}, {""score"": ""0 - 2"", ""pct"": 13.700000000000001}, {""score"": ""1 - 2"", ""pct"": 9.44}]"
Iraq,Argentina,Neutral,0.447,2.253,5.3,15.7,79.0,5.2,1.0,1.3,78.7,6.4,7.4,7.5,92.5,"[{""score"": ""0 - 2"", ""pct"": 17.36}, {""score"": ""0 - 1"", ""pct"": 15.27}, {""score"": ""0 - 3"", ""pct"": 12.57}]"
Iraq,DR Congo,Neutral,1.292,1.408,33.2,27.4,39.4,33.4,5.6,6.9,40.3,6.4,7.4,45.9,54.1,"[{""score"": ""1 - 1"", ""pct"": 12.8}, {""score"": ""0 - 1"", ""pct"": 9.68}, {""score"": ""1 - 0"", ""pct"": 8.64}]"
Iraq,Mexico,Neutral,0.755,1.945,12.8,22.0,65.2,12.1,2.6,3.4,66.1,7.6,8.2,18.1,81.9,"[{""score"": ""0 - 1"", ""pct"": 13.43}, {""score"": ""0 - 2"", ""pct"": 12.379999999999999}, {""score"": ""1 - 1"", ""pct"": 10.0}]"
Iraq,Cape Verde,Neutral,1.698,1.002,53.5,25.7,20.8,53.9,7.1,8.4,21.7,4.1,4.8,69.3,30.6,"[{""score"": ""1 - 1"", ""pct"": 11.790000000000001}, {""score"": ""1 - 0"", ""pct"": 11.600000000000001}, {""score"": ""2 - 1"", ""pct"": 10.16}]"
Iraq,Canada,Neutral,0.967,1.733,20.5,25.0,54.5,20.2,3.5,4.9,55.4,7.3,8.6,28.7,71.3,"[{""score"": ""0 - 1"", ""pct"": 12.17}, {""score"": ""1 - 1"", ""pct"": 10.95}, {""score"": ""0 - 2"", ""pct"": 9.610000000000001}]"
Iraq,Egypt,Neutral,1.26,1.44,32.5,26.6,40.9,32.0,5.7,7.2,40.7,6.4,8.0,44.9,55.1,"[{""score"": ""1 - 1"", ""pct"": 11.709999999999999}, {""score"": ""0 - 1"", ""pct"": 10.22}, {""score"": ""1 - 2"", ""pct"": 8.97}]"
Iraq,Spain,Neutral,0.452,2.248,5.1,15.1,79.7,5.1,1.1,1.5,79.3,6.3,6.6,7.7,92.3,"[{""score"": ""0 - 2"", ""pct"": 17.150000000000002}, {""score"": ""0 - 1"", ""pct"": 15.89}, {""score"": ""0 - 3"", ""pct"": 12.389999999999999}]"
Iraq,Portugal,Neutral,0.665,2.035,10.4,20.6,69.0,10.2,2.2,3.0,69.6,6.9,8.1,15.4,84.6,"[{""score"": ""0 - 1"", ""pct"": 14.67}, {""score"": ""0 - 2"", ""pct"": 13.900000000000002}, {""score"": ""1 - 1"", ""pct"": 8.89}]"
Iraq,Turkey,Neutral,0.888,1.812,16.8,24.5,58.7,17.5,3.1,3.9,59.3,7.9,8.2,24.5,75.5,"[{""score"": ""0 - 1"", ""pct"": 12.2}, {""score"": ""1 - 1"", ""pct"": 10.81}, {""score"": ""0 - 2"", ""pct"": 10.74}]"
Iraq,New Zealand,Neutral,1.455,1.245,40.7,27.3,32.1,41.4,6.6,8.1,32.0,5.3,6.7,56.1,43.9,"[{""score"": ""1 - 1"", ""pct"": 12.559999999999999}, {""score"": ""1 - 0"", ""pct"": 9.84}, {""score"": ""2 - 1"", ""pct"": 8.92}]"
Iraq,England,Neutral,0.597,2.103,8.2,18.4,73.4,8.6,1.9,2.3,72.9,7.0,7.3,12.8,87.2,"[{""score"": ""0 - 2"", ""pct"": 15.340000000000002}, {""score"": ""0 - 1"", ""pct"": 14.39}, {""score"": ""0 - 3"", ""pct"": 10.43}]"
Iraq,Haiti,Neutral,1.405,1.295,39.3,26.7,34.0,40.2,6.0,7.6,33.5,5.6,7.1,53.7,46.3,"[{""score"": ""1 - 1"", ""pct"": 12.34}, {""score"": ""1 - 0"", ""pct"": 9.68}, {""score"": ""2 - 1"", ""pct"": 8.58}]"
Iraq,Scotland,Neutral,1.192,1.508,28.8,27.0,44.3,29.2,5.2,6.3,44.2,6.7,8.4,40.7,59.3,"[{""score"": ""1 - 1"", ""pct"": 12.1}, {""score"": ""0 - 1"", ""pct"": 10.34}, {""score"": ""1 - 2"", ""pct"": 9.51}]"
Iraq,Germany,Neutral,0.792,1.908,13.4,22.9,63.8,13.6,2.7,3.6,64.0,7.3,8.8,19.9,80.1,"[{""score"": ""0 - 1"", ""pct"": 13.43}, {""score"": ""0 - 2"", ""pct"": 12.06}, {""score"": ""1 - 1"", ""pct"": 10.37}]"
Iraq,Japan,Neutral,0.691,2.009,10.7,20.8,68.5,10.6,2.3,2.9,69.0,7.4,7.7,15.8,84.2,"[{""score"": ""0 - 2"", ""pct"": 13.750000000000002}, {""score"": ""0 - 1"", ""pct"": 13.15}, {""score"": ""1 - 2"", ""pct"": 9.62}]"
Iraq,Curaçao,Neutral,1.736,0.964,56.8,23.8,19.5,56.0,7.0,8.7,19.9,3.6,4.8,71.7,28.3,"[{""score"": ""1 - 0"", ""pct"": 12.73}, {""score"": ""1 - 1"", ""pct"": 10.549999999999999}, {""score"": ""2 - 1"", ""pct"": 9.71}]"
Iraq,Uruguay,Neutral,0.771,1.929,13.4,21.6,65.0,12.7,2.7,3.3,65.3,7.5,8.6,18.7,81.3,"[{""score"": ""0 - 1"", ""pct"": 13.71}, {""score"": ""0 - 2"", ""pct"": 12.11}, {""score"": ""1 - 1"", ""pct"": 9.71}]"
Iraq,Sweden,Neutral,1.487,1.213,43.5,26.8,29.7,44.3,5.9,8.2,29.8,5.2,6.6,58.5,41.5,"[{""score"": ""1 - 1"", ""pct"": 12.3}, {""score"": ""1 - 0"", ""pct"": 10.05}, {""score"": ""2 - 1"", ""pct"": 9.34}]"
Iraq,Iran,Neutral,0.876,1.824,16.3,23.2,60.6,16.6,3.3,4.5,59.9,7.5,8.2,24.4,75.6,"[{""score"": ""0 - 1"", ""pct"": 13.08}, {""score"": ""1 - 1"", ""pct"": 11.12}, {""score"": ""0 - 2"", ""pct"": 10.74}]"
Iraq,United States,Neutral,1.115,1.585,25.8,26.2,48.1,26.3,4.9,6.0,47.4,7.0,8.4,37.2,62.8,"[{""score"": ""1 - 1"", ""pct"": 11.78}, {""score"": ""0 - 1"", ""pct"": 11.67}, {""score"": ""1 - 2"", ""pct"": 9.229999999999999}]"
Iraq,Jordan,Neutral,1.164,1.536,27.2,27.0,45.8,27.8,5.1,6.1,45.6,7.1,8.3,39.0,61.0,"[{""score"": ""1 - 1"", ""pct"": 12.35}, {""score"": ""0 - 1"", ""pct"": 10.209999999999999}, {""score"": ""1 - 2"", ""pct"": 9.29}]"
Iraq,Ghana,Neutral,1.707,0.993,53.7,25.4,20.8,53.8,7.5,8.7,21.5,3.8,4.6,70.0,30.0,"[{""score"": ""1 - 1"", ""pct"": 11.88}, {""score"": ""1 - 0"", ""pct"": 11.24}, {""score"": ""2 - 1"", ""pct"": 10.01}]"
Iraq,Czech Republic,Neutral,1.309,1.391,34.4,26.6,39.1,34.3,6.1,7.1,37.7,6.8,8.0,47.5,52.5,"[{""score"": ""1 - 1"", ""pct"": 12.08}, {""score"": ""0 - 1"", ""pct"": 9.62}, {""score"": ""1 - 0"", ""pct"": 9.180000000000001}]"
Iraq,Croatia,Neutral,0.83,1.87,14.2,23.1,62.6,15.6,2.8,3.8,62.1,7.6,8.2,22.1,77.9,"[{""score"": ""0 - 1"", ""pct"": 13.28}, {""score"": ""0 - 2"", ""pct"": 11.07}, {""score"": ""1 - 1"", ""pct"": 10.37}]"
Iraq,Ecuador,Neutral,0.697,2.003,10.5,20.3,69.2,11.0,2.3,2.9,68.5,7.4,7.9,16.2,83.8,"[{""score"": ""0 - 2"", ""pct"": 13.919999999999998}, {""score"": ""0 - 1"", ""pct"": 13.63}, {""score"": ""1 - 2"", ""pct"": 9.610000000000001}]"
Iraq,Brazil,Neutral,0.636,2.064,9.2,19.0,71.8,9.1,1.7,2.4,71.6,7.3,8.0,13.1,86.9,"[{""score"": ""0 - 1"", ""pct"": 14.38}, {""score"": ""0 - 2"", ""pct"": 14.37}, {""score"": ""0 - 3"", ""pct"": 9.62}]"
Iraq,Bosnia and Herzegovina,Neutral,1.772,0.928,57.4,24.0,18.6,57.6,7.9,8.4,18.4,3.3,4.5,73.9,26.1,"[{""score"": ""1 - 0"", ""pct"": 12.24}, {""score"": ""1 - 1"", ""pct"": 10.84}, {""score"": ""2 - 0"", ""pct"": 10.23}]"
Iraq,South Africa,Neutral,1.621,1.079,50.3,25.5,24.2,49.7,7.5,8.6,24.3,4.2,5.8,65.7,34.3,"[{""score"": ""1 - 1"", ""pct"": 11.55}, {""score"": ""1 - 0"", ""pct"": 11.200000000000001}, {""score"": ""2 - 1"", ""pct"": 9.67}]"
Iraq,Paraguay,Neutral,0.933,1.767,18.2,24.7,57.1,18.9,3.6,4.5,57.4,6.8,8.9,26.9,73.1,"[{""score"": ""0 - 1"", ""pct"": 12.030000000000001}, {""score"": ""1 - 1"", ""pct"": 10.620000000000001}, {""score"": ""0 - 2"", ""pct"": 10.38}]"
Iraq,Belgium,Neutral,0.9,1.8,17.7,23.3,58.9,17.6,3.1,4.2,59.2,7.2,8.6,25.0,75.0,"[{""score"": ""0 - 1"", ""pct"": 12.24}, {""score"": ""0 - 2"", ""pct"": 10.52}, {""score"": ""1 - 1"", ""pct"": 10.51}]"
Iraq,Norway,Neutral,0.871,1.829,16.4,23.6,60.0,17.3,3.0,4.2,59.7,7.3,8.5,24.6,75.4,"[{""score"": ""0 - 1"", ""pct"": 12.559999999999999}, {""score"": ""0 - 2"", ""pct"": 10.79}, {""score"": ""1 - 1"", ""pct"": 10.51}]"
Iraq,Algeria,Neutral,0.96,1.74,19.5,24.4,56.0,19.6,3.9,5.1,55.1,7.2,9.1,28.6,71.4,"[{""score"": ""0 - 1"", ""pct"": 12.559999999999999}, {""score"": ""1 - 1"", ""pct"": 11.27}, {""score"": ""0 - 2"", ""pct"": 9.91}]"
Mexico,Ivory Coast,Neutral,1.824,0.876,58.9,23.8,17.3,60.2,7.4,8.7,16.5,3.0,4.2,76.3,23.7,"[{""score"": ""1 - 0"", ""pct"": 12.790000000000001}, {""score"": ""2 - 0"", ""pct"": 10.75}, {""score"": ""1 - 1"", ""pct"": 10.280000000000001}]"
Mexico,Uzbekistan,Neutral,1.659,1.041,51.1,26.4,22.5,52.8,6.9,8.2,22.1,4.3,5.5,68.0,32.0,"[{""score"": ""1 - 1"", ""pct"": 11.600000000000001}, {""score"": ""1 - 0"", ""pct"": 11.43}, {""score"": ""2 - 1"", ""pct"": 9.74}]"
Mexico,Qatar,Neutral,2.232,0.468,79.1,15.8,5.0,78.2,7.2,6.8,5.4,1.0,1.4,92.2,7.8,"[{""score"": ""2 - 0"", ""pct"": 16.2}, {""score"": ""1 - 0"", ""pct"": 15.509999999999998}, {""score"": ""3 - 0"", ""pct"": 12.139999999999999}]"
Mexico,Panama,Neutral,1.686,1.014,53.5,25.4,21.0,53.1,7.4,9.0,21.3,4.2,5.0,69.5,30.5,"[{""score"": ""1 - 0"", ""pct"": 12.49}, {""score"": ""1 - 1"", ""pct"": 11.559999999999999}, {""score"": ""2 - 1"", ""pct"": 9.71}]"
Mexico,Saudi Arabia,Neutral,2.029,0.671,69.6,19.7,10.7,69.7,7.8,7.8,10.2,1.9,2.6,85.3,14.7,"[{""score"": ""1 - 0"", ""pct"": 14.14}, {""score"": ""2 - 0"", ""pct"": 13.889999999999999}, {""score"": ""2 - 1"", ""pct"": 9.99}]"
Mexico,Tunisia,Neutral,1.967,0.733,67.0,20.7,12.3,67.2,7.4,8.0,11.9,2.5,3.1,82.5,17.5,"[{""score"": ""1 - 0"", ""pct"": 13.750000000000002}, {""score"": ""2 - 0"", ""pct"": 12.6}, {""score"": ""2 - 1"", ""pct"": 9.68}]"
Mexico,Austria,Neutral,1.767,0.933,58.0,23.5,18.5,56.6,7.5,8.3,19.6,3.1,4.9,72.4,27.6,"[{""score"": ""1 - 0"", ""pct"": 12.920000000000002}, {""score"": ""1 - 1"", ""pct"": 10.6}, {""score"": ""2 - 0"", ""pct"": 10.26}]"
Mexico,Senegal,Neutral,1.542,1.158,45.6,26.4,28.0,46.2,7.2,8.2,27.3,4.9,6.2,61.7,38.3,"[{""score"": ""1 - 1"", ""pct"": 12.04}, {""score"": ""1 - 0"", ""pct"": 10.45}, {""score"": ""2 - 1"", ""pct"": 9.11}]"
Mexico,Netherlands,Neutral,1.38,1.32,37.3,27.4,35.3,38.3,5.9,7.6,34.7,5.9,7.5,51.9,48.1,"[{""score"": ""1 - 1"", ""pct"": 12.33}, {""score"": ""1 - 0"", ""pct"": 9.370000000000001}, {""score"": ""0 - 1"", ""pct"": 9.120000000000001}]"
Mexico,Colombia,Neutral,1.158,1.542,27.9,26.4,45.7,27.6,5.1,6.7,45.3,7.0,8.3,39.4,60.6,"[{""score"": ""1 - 1"", ""pct"": 11.790000000000001}, {""score"": ""0 - 1"", ""pct"": 10.440000000000001}, {""score"": ""1 - 2"", ""pct"": 8.98}]"
Mexico,South Korea,Neutral,1.548,1.152,45.8,26.7,27.5,45.7,7.1,8.1,27.8,4.7,6.6,60.9,39.1,"[{""score"": ""1 - 1"", ""pct"": 12.17}, {""score"": ""1 - 0"", ""pct"": 10.25}, {""score"": ""2 - 1"", ""pct"": 9.17}]"
Mexico,Switzerland,Neutral,1.573,1.127,47.9,25.6,26.5,48.0,6.8,8.2,26.4,4.7,6.0,62.9,37.1,"[{""score"": ""1 - 1"", ""pct"": 11.600000000000001}, {""score"": ""1 - 0"", ""pct"": 11.14}, {""score"": ""2 - 1"", ""pct"": 9.92}]"
Mexico,Australia,Neutral,1.468,1.232,41.9,27.0,31.1,42.0,7.1,8.0,30.9,5.3,6.6,57.1,42.9,"[{""score"": ""1 - 1"", ""pct"": 12.23}, {""score"": ""1 - 0"", ""pct"": 9.77}, {""score"": ""2 - 1"", ""pct"": 9.27}]"
Mexico,France,Neutral,1.016,1.684,22.4,25.3,52.2,21.9,4.3,5.2,53.3,7.0,8.2,31.4,68.6,"[{""score"": ""0 - 1"", ""pct"": 12.27}, {""score"": ""1 - 1"", ""pct"": 11.63}, {""score"": ""1 - 2"", ""pct"": 9.77}]"
Mexico,Morocco,Neutral,1.264,1.436,32.8,27.7,39.6,32.4,5.5,7.0,40.5,6.6,8.1,44.8,55.2,"[{""score"": ""1 - 1"", ""pct"": 12.29}, {""score"": ""0 - 1"", ""pct"": 9.62}, {""score"": ""1 - 0"", ""pct"": 8.75}]"
Mexico,Argentina,Neutral,0.795,1.905,14.2,21.6,64.2,14.2,2.6,3.6,63.1,7.5,8.9,20.4,79.5,"[{""score"": ""0 - 1"", ""pct"": 13.48}, {""score"": ""0 - 2"", ""pct"": 12.0}, {""score"": ""1 - 2"", ""pct"": 9.58}]"
Mexico,DR Congo,Neutral,1.902,0.798,63.7,22.5,13.7,63.9,7.7,8.4,13.9,2.5,3.6,80.0,20.0,"[{""score"": ""1 - 0"", ""pct"": 13.239999999999998}, {""score"": ""2 - 0"", ""pct"": 12.280000000000001}, {""score"": ""1 - 1"", ""pct"": 9.75}]"
Mexico,Iraq,Neutral,1.945,0.755,66.4,20.7,12.9,66.3,7.2,8.2,12.6,2.4,3.3,81.7,18.3,"[{""score"": ""1 - 0"", ""pct"": 13.8}, {""score"": ""2 - 0"", ""pct"": 13.04}, {""score"": ""2 - 1"", ""pct"": 9.55}]"
Mexico,Cape Verde,Neutral,2.155,0.545,75.3,17.5,7.2,75.4,7.0,7.3,7.0,1.5,1.8,89.7,10.3,"[{""score"": ""2 - 0"", ""pct"": 15.93}, {""score"": ""1 - 0"", ""pct"": 15.409999999999998}, {""score"": ""3 - 0"", ""pct"": 10.11}]"
Mexico,Canada,Neutral,1.611,1.089,49.6,26.4,24.0,49.0,7.8,8.4,24.8,4.5,5.5,65.2,34.8,"[{""score"": ""1 - 1"", ""pct"": 11.64}, {""score"": ""1 - 0"", ""pct"": 11.18}, {""score"": ""2 - 1"", ""pct"": 9.78}]"
Mexico,Egypt,Neutral,1.878,0.822,63.1,22.5,14.3,63.3,7.2,8.0,14.5,2.9,4.0,78.6,21.4,"[{""score"": ""1 - 0"", ""pct"": 13.03}, {""score"": ""2 - 0"", ""pct"": 11.78}, {""score"": ""1 - 1"", ""pct"": 10.36}]"
Mexico,Spain,Neutral,0.808,1.892,14.0,22.4,63.6,14.6,2.9,3.7,63.2,7.4,8.2,21.2,78.8,"[{""score"": ""0 - 1"", ""pct"": 12.61}, {""score"": ""0 - 2"", ""pct"": 11.61}, {""score"": ""1 - 2"", ""pct"": 10.02}]"
Mexico,Portugal,Neutral,1.214,1.486,30.4,26.1,43.5,29.4,5.2,7.0,43.0,6.8,8.6,41.6,58.4,"[{""score"": ""1 - 1"", ""pct"": 12.23}, {""score"": ""0 - 1"", ""pct"": 10.63}, {""score"": ""1 - 2"", ""pct"": 8.48}]"
Mexico,Turkey,Neutral,1.522,1.178,44.9,27.1,28.0,45.4,7.0,7.7,28.7,4.9,6.3,60.0,40.0,"[{""score"": ""1 - 1"", ""pct"": 12.42}, {""score"": ""1 - 0"", ""pct"": 10.56}, {""score"": ""2 - 1"", ""pct"": 9.42}]"
Mexico,New Zealand,Neutral,2.015,0.685,69.7,19.8,10.6,69.5,7.5,7.9,10.3,2.1,2.7,84.8,15.1,"[{""score"": ""1 - 0"", ""pct"": 14.540000000000001}, {""score"": ""2 - 0"", ""pct"": 13.87}, {""score"": ""2 - 1"", ""pct"": 9.75}]"
Mexico,England,Neutral,1.098,1.602,25.3,25.8,48.9,24.9,4.8,5.9,48.5,7.3,8.6,35.6,64.4,"[{""score"": ""1 - 1"", ""pct"": 11.799999999999999}, {""score"": ""0 - 1"", ""pct"": 11.3}, {""score"": ""1 - 2"", ""pct"": 9.4}]"
Mexico,Haiti,Neutral,1.983,0.717,67.8,20.8,11.4,67.7,7.4,8.7,11.2,2.2,2.8,83.8,16.2,"[{""score"": ""1 - 0"", ""pct"": 13.850000000000001}, {""score"": ""2 - 0"", ""pct"": 13.270000000000001}, {""score"": ""1 - 1"", ""pct"": 9.33}]"
Mexico,Scotland,Neutral,1.823,0.877,61.4,22.6,16.1,60.2,7.5,8.6,16.6,3.0,4.1,76.4,23.6,"[{""score"": ""1 - 0"", ""pct"": 12.61}, {""score"": ""2 - 0"", ""pct"": 11.790000000000001}, {""score"": ""1 - 1"", ""pct"": 10.12}]"
Mexico,Germany,Neutral,1.4,1.3,39.2,27.3,33.4,38.5,6.5,8.1,34.4,5.5,7.1,53.0,47.0,"[{""score"": ""1 - 1"", ""pct"": 12.49}, {""score"": ""1 - 0"", ""pct"": 9.58}, {""score"": ""2 - 1"", ""pct"": 8.77}]"
Mexico,Japan,Neutral,1.256,1.444,32.0,27.0,41.0,32.2,5.6,6.9,40.6,6.6,8.1,44.7,55.4,"[{""score"": ""1 - 1"", ""pct"": 12.509999999999998}, {""score"": ""0 - 1"", ""pct"": 9.78}, {""score"": ""1 - 0"", ""pct"": 8.780000000000001}]"
Mexico,Curaçao,Neutral,2.175,0.525,75.8,17.5,6.7,76.4,7.1,7.1,6.2,1.4,1.8,90.6,9.4,"[{""score"": ""2 - 0"", ""pct"": 15.950000000000001}, {""score"": ""1 - 0"", ""pct"": 14.979999999999999}, {""score"": ""3 - 0"", ""pct"": 10.870000000000001}]"
Mexico,Uruguay,Neutral,1.371,1.329,37.6,27.4,35.0,37.6,6.3,7.7,34.6,6.5,7.2,51.6,48.4,"[{""score"": ""1 - 1"", ""pct"": 12.64}, {""score"": ""1 - 0"", ""pct"": 9.22}, {""score"": ""0 - 1"", ""pct"": 8.82}]"
Mexico,Sweden,Neutral,2.036,0.664,69.8,20.2,9.9,70.0,7.2,8.1,10.3,1.9,2.5,85.3,14.7,"[{""score"": ""1 - 0"", ""pct"": 13.71}, {""score"": ""2 - 0"", ""pct"": 12.870000000000001}, {""score"": ""2 - 1"", ""pct"": 9.969999999999999}]"
Mexico,Iran,Neutral,1.507,1.193,45.2,26.1,28.8,43.9,7.2,7.8,29.3,5.2,6.5,58.9,41.1,"[{""score"": ""1 - 1"", ""pct"": 11.48}, {""score"": ""1 - 0"", ""pct"": 10.58}, {""score"": ""2 - 1"", ""pct"": 8.57}]"
Mexico,United States,Neutral,1.757,0.943,56.4,24.5,19.1,57.4,7.1,9.1,17.9,3.8,4.7,73.6,26.4,"[{""score"": ""1 - 0"", ""pct"": 12.68}, {""score"": ""1 - 1"", ""pct"": 11.18}, {""score"": ""2 - 1"", ""pct"": 9.950000000000001}]"
Mexico,Jordan,Neutral,1.8,0.9,59.1,23.6,17.3,58.6,7.8,8.2,17.8,3.3,4.2,74.7,25.4,"[{""score"": ""1 - 0"", ""pct"": 12.5}, {""score"": ""2 - 0"", ""pct"": 10.67}, {""score"": ""1 - 1"", ""pct"": 10.63}]"
Mexico,Ghana,Neutral,2.159,0.541,75.6,17.4,7.0,74.8,7.0,8.1,7.1,1.3,1.8,89.8,10.2,"[{""score"": ""1 - 0"", ""pct"": 15.8}, {""score"": ""2 - 0"", ""pct"": 15.770000000000001}, {""score"": ""3 - 0"", ""pct"": 10.92}]"
Mexico,Czech Republic,Neutral,1.915,0.785,64.6,21.6,13.8,65.0,7.8,8.1,13.0,2.9,3.2,80.8,19.2,"[{""score"": ""1 - 0"", ""pct"": 12.959999999999999}, {""score"": ""2 - 0"", ""pct"": 12.72}, {""score"": ""2 - 1"", ""pct"": 10.059999999999999}]"
Mexico,Croatia,Neutral,1.45,1.25,41.5,26.8,31.7,40.5,6.8,8.2,32.1,5.4,7.0,55.5,44.5,"[{""score"": ""1 - 1"", ""pct"": 12.07}, {""score"": ""1 - 0"", ""pct"": 9.950000000000001}, {""score"": ""2 - 1"", ""pct"": 8.95}]"
Mexico,Ecuador,Neutral,1.264,1.436,32.2,27.0,40.8,32.8,5.6,6.8,40.3,6.4,8.1,45.2,54.8,"[{""score"": ""1 - 1"", ""pct"": 12.57}, {""score"": ""0 - 1"", ""pct"": 9.610000000000001}, {""score"": ""1 - 2"", ""pct"": 8.57}]"
Mexico,Brazil,Neutral,1.167,1.533,28.9,25.8,45.3,27.2,5.1,6.5,46.0,6.7,8.6,38.7,61.3,"[{""score"": ""1 - 1"", ""pct"": 11.5}, {""score"": ""0 - 1"", ""pct"": 10.74}, {""score"": ""1 - 2"", ""pct"": 9.07}]"
Mexico,Bosnia and Herzegovina,Neutral,2.192,0.508,76.4,17.0,6.6,77.2,6.6,7.1,6.5,1.0,1.6,90.9,9.1,"[{""score"": ""2 - 0"", ""pct"": 16.220000000000002}, {""score"": ""1 - 0"", ""pct"": 15.160000000000002}, {""score"": ""3 - 0"", ""pct"": 11.540000000000001}]"
Mexico,South Africa,Neutral,2.114,0.586,72.8,18.9,8.3,72.9,7.0,8.1,8.2,1.7,2.1,88.0,12.0,"[{""score"": ""2 - 0"", ""pct"": 15.06}, {""score"": ""1 - 0"", ""pct"": 14.729999999999999}, {""score"": ""3 - 0"", ""pct"": 10.37}]"
Mexico,Paraguay,Neutral,1.573,1.127,47.3,26.4,26.2,47.6,6.8,8.6,26.1,4.8,6.0,63.1,36.9,"[{""score"": ""1 - 1"", ""pct"": 12.19}, {""score"": ""1 - 0"", ""pct"": 10.68}, {""score"": ""2 - 1"", ""pct"": 9.719999999999999}]"
Mexico,Belgium,Neutral,1.536,1.164,45.3,26.1,28.7,46.6,6.6,8.3,27.5,4.8,6.2,61.5,38.5,"[{""score"": ""1 - 1"", ""pct"": 12.45}, {""score"": ""1 - 0"", ""pct"": 10.31}, {""score"": ""2 - 1"", ""pct"": 9.3}]"
Mexico,Norway,Neutral,1.501,1.199,43.2,26.8,30.0,43.8,7.0,8.0,29.0,5.2,7.0,58.8,41.2,"[{""score"": ""1 - 1"", ""pct"": 12.26}, {""score"": ""1 - 0"", ""pct"": 10.33}, {""score"": ""2 - 1"", ""pct"": 9.31}]"
Mexico,Algeria,Neutral,1.603,1.097,48.2,26.7,25.1,48.4,7.0,8.9,25.4,4.6,5.8,64.3,35.7,"[{""score"": ""1 - 1"", ""pct"": 12.16}, {""score"": ""1 - 0"", ""pct"": 10.32}, {""score"": ""2 - 1"", ""pct"": 9.16}]"
Cape Verde,Ivory Coast,Neutral,0.867,1.833,16.4,23.1,60.5,15.9,3.0,4.0,61.2,7.7,8.2,22.9,77.1,"[{""score"": ""0 - 1"", ""pct"": 12.93}, {""score"": ""0 - 2"", ""pct"": 10.77}, {""score"": ""1 - 1"", ""pct"": 10.6}]"
Cape Verde,Uzbekistan,Neutral,0.726,1.974,11.8,21.1,67.1,11.9,2.2,3.1,66.8,7.5,8.5,17.2,82.8,"[{""score"": ""0 - 1"", ""pct"": 14.13}, {""score"": ""0 - 2"", ""pct"": 13.07}, {""score"": ""1 - 1"", ""pct"": 9.76}]"
Cape Verde,Qatar,Neutral,1.537,1.163,45.7,26.1,28.2,46.3,7.3,8.4,27.1,5.0,6.0,62.0,38.0,"[{""score"": ""1 - 1"", ""pct"": 11.67}, {""score"": ""1 - 0"", ""pct"": 10.79}, {""score"": ""2 - 1"", ""pct"": 9.3}]"
Cape Verde,Panama,Neutral,0.746,1.954,12.8,21.4,65.8,12.8,2.5,3.4,65.7,7.1,8.4,18.8,81.3,"[{""score"": ""0 - 1"", ""pct"": 13.780000000000001}, {""score"": ""0 - 2"", ""pct"": 12.120000000000001}, {""score"": ""1 - 1"", ""pct"": 9.879999999999999}]"
Cape Verde,Saudi Arabia,Neutral,1.12,1.58,26.2,25.6,48.2,24.9,5.0,6.5,47.9,7.0,8.7,36.4,63.6,"[{""score"": ""1 - 1"", ""pct"": 11.74}, {""score"": ""0 - 1"", ""pct"": 10.639999999999999}, {""score"": ""1 - 2"", ""pct"": 9.64}]"
Cape Verde,Tunisia,Neutral,1.031,1.669,23.0,25.6,51.4,22.4,4.2,5.5,51.9,7.6,8.5,32.0,68.0,"[{""score"": ""1 - 1"", ""pct"": 11.41}, {""score"": ""0 - 1"", ""pct"": 11.379999999999999}, {""score"": ""1 - 2"", ""pct"": 9.87}]"
Cape Verde,Austria,Neutral,0.813,1.887,14.2,22.4,63.4,15.1,2.5,3.7,62.5,7.3,8.9,21.3,78.7,"[{""score"": ""0 - 1"", ""pct"": 13.56}, {""score"": ""0 - 2"", ""pct"": 11.92}, {""score"": ""1 - 1"", ""pct"": 10.03}]"
Cape Verde,Senegal,Neutral,0.647,2.053,9.8,20.0,70.1,10.0,1.8,2.5,71.0,6.9,7.8,14.3,85.7,"[{""score"": ""0 - 1"", ""pct"": 14.7}, {""score"": ""0 - 2"", ""pct"": 14.430000000000001}, {""score"": ""1 - 2"", ""pct"": 9.35}]"
Cape Verde,Netherlands,Neutral,0.559,2.141,7.5,18.0,74.5,7.2,1.6,1.8,74.8,6.9,7.8,10.6,89.4,"[{""score"": ""0 - 2"", ""pct"": 15.28}, {""score"": ""0 - 1"", ""pct"": 14.84}, {""score"": ""0 - 3"", ""pct"": 10.93}]"
Cape Verde,Colombia,Neutral,0.466,2.234,5.3,16.6,78.0,5.4,1.1,1.4,78.1,6.8,7.2,7.9,92.1,"[{""score"": ""0 - 2"", ""pct"": 16.48}, {""score"": ""0 - 1"", ""pct"": 15.39}, {""score"": ""0 - 3"", ""pct"": 12.35}]"
Cape Verde,South Korea,Neutral,0.651,2.049,10.1,20.4,69.6,10.0,1.9,2.5,70.3,7.1,8.1,14.5,85.5,"[{""score"": ""0 - 1"", ""pct"": 13.950000000000001}, {""score"": ""0 - 2"", ""pct"": 13.919999999999998}, {""score"": ""0 - 3"", ""pct"": 9.2}]"
Cape Verde,Switzerland,Neutral,0.666,2.034,10.7,19.9,69.4,10.3,1.8,2.7,69.2,7.8,8.1,14.9,85.1,"[{""score"": ""0 - 1"", ""pct"": 13.96}, {""score"": ""0 - 2"", ""pct"": 13.600000000000001}, {""score"": ""0 - 3"", ""pct"": 9.379999999999999}]"
Cape Verde,Australia,Neutral,0.604,2.096,8.7,18.8,72.5,8.6,1.5,2.4,73.4,6.6,7.5,12.4,87.6,"[{""score"": ""0 - 1"", ""pct"": 14.69}, {""score"": ""0 - 2"", ""pct"": 14.63}, {""score"": ""0 - 3"", ""pct"": 9.790000000000001}]"
Cape Verde,France,Neutral,0.418,2.282,4.4,14.9,80.7,4.7,0.9,1.1,80.6,6.4,6.4,6.7,93.3,"[{""score"": ""0 - 2"", ""pct"": 17.57}, {""score"": ""0 - 1"", ""pct"": 15.49}, {""score"": ""0 - 3"", ""pct"": 12.97}]"
Cape Verde,Morocco,Neutral,0.507,2.193,6.2,16.7,77.1,6.4,1.2,1.8,77.5,6.3,6.8,9.4,90.6,"[{""score"": ""0 - 2"", ""pct"": 17.19}, {""score"": ""0 - 1"", ""pct"": 15.4}, {""score"": ""0 - 3"", ""pct"": 11.03}]"
Cape Verde,Argentina,Neutral,0.357,2.343,3.8,13.5,82.8,3.7,0.8,1.0,82.1,5.8,6.7,5.4,94.6,"[{""score"": ""0 - 2"", ""pct"": 18.72}, {""score"": ""0 - 1"", ""pct"": 16.520000000000003}, {""score"": ""0 - 3"", ""pct"": 13.700000000000001}]"
Cape Verde,DR Congo,Neutral,0.95,1.75,19.6,24.6,55.8,19.4,3.8,4.7,56.0,7.3,8.8,27.8,72.2,"[{""score"": ""0 - 1"", ""pct"": 12.25}, {""score"": ""1 - 1"", ""pct"": 11.360000000000001}, {""score"": ""0 - 2"", ""pct"": 10.190000000000001}]"
Cape Verde,Iraq,Neutral,1.002,1.698,21.4,25.0,53.6,21.6,4.2,5.2,52.8,7.6,8.6,31.0,69.0,"[{""score"": ""0 - 1"", ""pct"": 11.68}, {""score"": ""1 - 1"", ""pct"": 10.9}, {""score"": ""1 - 2"", ""pct"": 10.2}]"
Cape Verde,Mexico,Neutral,0.545,2.155,7.2,17.3,75.5,7.1,1.5,1.8,75.1,6.9,7.6,10.3,89.7,"[{""score"": ""0 - 2"", ""pct"": 15.78}, {""score"": ""0 - 1"", ""pct"": 15.0}, {""score"": ""0 - 3"", ""pct"": 10.81}]"
Cape Verde,Canada,Neutral,0.691,2.009,10.8,20.5,68.8,11.0,2.0,2.8,68.4,7.7,8.2,15.8,84.2,"[{""score"": ""0 - 1"", ""pct"": 14.099999999999998}, {""score"": ""0 - 2"", ""pct"": 13.700000000000001}, {""score"": ""1 - 2"", ""pct"": 9.94}]"
Cape Verde,Egypt,Neutral,0.923,1.777,18.5,24.3,57.1,18.1,3.6,4.3,57.4,7.9,8.7,26.1,73.9,"[{""score"": ""0 - 1"", ""pct"": 11.67}, {""score"": ""1 - 1"", ""pct"": 11.58}, {""score"": ""1 - 2"", ""pct"": 10.040000000000001}]"
Cape Verde,Spain,Neutral,0.36,2.34,3.7,13.6,82.7,3.8,0.8,1.0,82.2,6.2,6.0,5.6,94.4,"[{""score"": ""0 - 2"", ""pct"": 18.94}, {""score"": ""0 - 1"", ""pct"": 16.42}, {""score"": ""0 - 3"", ""pct"": 13.44}]"
Cape Verde,Portugal,Neutral,0.487,2.213,5.6,17.0,77.4,5.8,1.2,1.7,77.4,6.6,7.3,8.7,91.4,"[{""score"": ""0 - 2"", ""pct"": 17.11}, {""score"": ""0 - 1"", ""pct"": 14.93}, {""score"": ""0 - 3"", ""pct"": 11.89}]"
Cape Verde,Turkey,Neutral,0.635,2.065,9.1,19.3,71.6,9.7,1.7,2.4,70.9,7.3,7.9,13.9,86.1,"[{""score"": ""0 - 1"", ""pct"": 14.19}, {""score"": ""0 - 2"", ""pct"": 14.000000000000002}, {""score"": ""0 - 3"", ""pct"": 9.59}]"
Cape Verde,New Zealand,Neutral,1.099,1.601,25.8,24.9,49.4,25.5,4.7,5.9,48.3,7.1,8.5,36.2,63.8,"[{""score"": ""1 - 1"", ""pct"": 11.24}, {""score"": ""0 - 1"", ""pct"": 11.01}, {""score"": ""1 - 2"", ""pct"": 9.969999999999999}]"
Cape Verde,England,Neutral,0.445,2.255,4.9,15.4,79.7,5.1,1.1,1.5,78.8,6.6,6.9,7.7,92.3,"[{""score"": ""0 - 2"", ""pct"": 17.299999999999997}, {""score"": ""0 - 1"", ""pct"": 15.76}, {""score"": ""0 - 3"", ""pct"": 12.7}]"
Cape Verde,Haiti,Neutral,1.052,1.648,23.2,25.3,51.5,23.3,4.1,5.9,50.4,7.1,9.2,33.3,66.7,"[{""score"": ""1 - 1"", ""pct"": 11.31}, {""score"": ""0 - 1"", ""pct"": 11.26}, {""score"": ""1 - 2"", ""pct"": 9.53}]"
Cape Verde,Scotland,Neutral,0.866,1.834,16.0,23.8,60.2,15.6,3.3,4.2,60.7,7.6,8.5,23.2,76.8,"[{""score"": ""0 - 1"", ""pct"": 12.479999999999999}, {""score"": ""1 - 1"", ""pct"": 10.91}, {""score"": ""0 - 2"", ""pct"": 10.84}]"
Cape Verde,Germany,Neutral,0.569,2.131,8.0,18.3,73.7,7.2,1.4,2.2,75.0,6.6,7.6,10.9,89.1,"[{""score"": ""0 - 2"", ""pct"": 15.15}, {""score"": ""0 - 1"", ""pct"": 14.17}, {""score"": ""0 - 3"", ""pct"": 10.639999999999999}]"
Cape Verde,Japan,Neutral,0.504,2.196,5.7,16.8,77.5,6.5,1.3,1.6,76.8,6.6,7.2,9.4,90.6,"[{""score"": ""0 - 1"", ""pct"": 16.08}, {""score"": ""0 - 2"", ""pct"": 15.870000000000001}, {""score"": ""0 - 3"", ""pct"": 11.39}]"
Cape Verde,Curaçao,Neutral,1.393,1.307,38.6,27.4,34.1,38.3,6.3,8.0,34.6,5.5,7.3,52.6,47.4,"[{""score"": ""1 - 1"", ""pct"": 12.5}, {""score"": ""1 - 0"", ""pct"": 9.719999999999999}, {""score"": ""0 - 1"", ""pct"": 9.180000000000001}]"
Cape Verde,Uruguay,Neutral,0.555,2.145,7.0,17.5,75.4,7.7,1.5,1.8,74.6,7.1,7.3,11.0,89.0,"[{""score"": ""0 - 2"", ""pct"": 15.73}, {""score"": ""0 - 1"", ""pct"": 15.17}, {""score"": ""0 - 3"", ""pct"": 10.37}]"
Cape Verde,Sweden,Neutral,1.13,1.57,26.5,27.0,46.5,26.8,4.6,6.1,46.8,7.0,8.7,37.5,62.5,"[{""score"": ""1 - 1"", ""pct"": 11.57}, {""score"": ""0 - 1"", ""pct"": 10.86}, {""score"": ""1 - 2"", ""pct"": 9.31}]"
Cape Verde,Iran,Neutral,0.626,2.074,9.3,18.7,72.0,9.1,1.9,2.5,71.6,7.0,7.8,13.6,86.4,"[{""score"": ""0 - 1"", ""pct"": 14.680000000000001}, {""score"": ""0 - 2"", ""pct"": 14.469999999999999}, {""score"": ""0 - 3"", ""pct"": 9.36}]"
Cape Verde,United States,Neutral,0.804,1.896,13.7,22.3,64.0,14.3,2.6,3.4,64.2,7.0,8.6,20.2,79.8,"[{""score"": ""0 - 1"", ""pct"": 13.11}, {""score"": ""0 - 2"", ""pct"": 12.479999999999999}, {""score"": ""1 - 2"", ""pct"": 10.01}]"
Cape Verde,Jordan,Neutral,0.843,1.857,15.5,22.5,62.0,15.5,3.1,3.9,61.5,7.8,8.3,22.4,77.6,"[{""score"": ""0 - 1"", ""pct"": 13.139999999999999}, {""score"": ""0 - 2"", ""pct"": 11.63}, {""score"": ""1 - 1"", ""pct"": 9.969999999999999}]"
Cape Verde,Ghana,Neutral,1.359,1.341,36.9,27.3,35.8,37.0,6.3,7.3,35.8,6.2,7.4,50.6,49.4,"[{""score"": ""1 - 1"", ""pct"": 12.16}, {""score"": ""0 - 1"", ""pct"": 9.48}, {""score"": ""1 - 0"", ""pct"": 8.83}]"
Cape Verde,Czech Republic,Neutral,0.965,1.735,19.6,25.0,55.3,20.1,3.7,4.8,55.4,7.6,8.4,28.6,71.4,"[{""score"": ""1 - 1"", ""pct"": 11.600000000000001}, {""score"": ""0 - 1"", ""pct"": 11.540000000000001}, {""score"": ""1 - 2"", ""pct"": 10.11}]"
Cape Verde,Croatia,Neutral,0.595,2.105,8.1,18.4,73.6,8.5,1.6,1.9,72.5,7.4,8.1,12.0,88.0,"[{""score"": ""0 - 1"", ""pct"": 15.479999999999999}, {""score"": ""0 - 2"", ""pct"": 14.549999999999999}, {""score"": ""0 - 3"", ""pct"": 9.86}]"
Cape Verde,Ecuador,Neutral,0.507,2.193,6.0,16.4,77.6,6.0,1.1,1.9,77.0,6.6,7.3,9.0,91.0,"[{""score"": ""0 - 2"", ""pct"": 16.37}, {""score"": ""0 - 1"", ""pct"": 15.57}, {""score"": ""0 - 3"", ""pct"": 11.29}]"
Cape Verde,Brazil,Neutral,0.469,2.231,5.5,16.4,78.2,5.1,1.1,1.6,78.9,6.4,6.8,7.9,92.1,"[{""score"": ""0 - 2"", ""pct"": 16.82}, {""score"": ""0 - 1"", ""pct"": 15.83}, {""score"": ""0 - 3"", ""pct"": 12.29}]"
Cape Verde,Bosnia and Herzegovina,Neutral,1.435,1.265,40.3,27.0,32.6,40.6,6.7,7.7,32.3,5.3,7.4,55.0,45.0,"[{""score"": ""1 - 1"", ""pct"": 12.61}, {""score"": ""1 - 0"", ""pct"": 10.16}, {""score"": ""2 - 1"", ""pct"": 8.67}]"
Cape Verde,South Africa,Neutral,1.267,1.433,32.6,26.8,40.7,33.1,5.6,7.2,40.0,6.7,7.4,46.0,54.0,"[{""score"": ""1 - 1"", ""pct"": 12.2}, {""score"": ""0 - 1"", ""pct"": 9.68}, {""score"": ""1 - 2"", ""pct"": 9.1}]"
Cape Verde,Paraguay,Neutral,0.667,2.033,10.3,19.7,69.9,10.2,2.0,2.6,69.5,7.1,8.6,14.8,85.2,"[{""score"": ""0 - 1"", ""pct"": 14.000000000000002}, {""score"": ""0 - 2"", ""pct"": 13.450000000000001}, {""score"": ""1 - 2"", ""pct"": 9.42}]"
Cape Verde,Belgium,Neutral,0.644,2.056,9.4,19.2,71.4,9.5,1.8,2.5,71.0,7.0,8.2,13.8,86.2,"[{""score"": ""0 - 1"", ""pct"": 14.66}, {""score"": ""0 - 2"", ""pct"": 13.889999999999999}, {""score"": ""0 - 3"", ""pct"": 9.370000000000001}]"
Cape Verde,Norway,Neutral,0.623,2.077,9.1,17.9,73.0,8.8,1.5,2.5,72.0,7.5,7.8,12.8,87.2,"[{""score"": ""0 - 2"", ""pct"": 14.57}, {""score"": ""0 - 1"", ""pct"": 14.549999999999999}, {""score"": ""0 - 3"", ""pct"": 10.03}]"
Cape Verde,Algeria,Neutral,0.686,2.014,10.2,20.5,69.3,10.8,2.0,3.0,68.2,7.8,8.2,15.7,84.3,"[{""score"": ""0 - 1"", ""pct"": 13.950000000000001}, {""score"": ""0 - 2"", ""pct"": 13.22}, {""score"": ""1 - 2"", ""pct"": 9.59}]"
Canada,Ivory Coast,Neutral,1.588,1.112,47.4,26.9,25.7,47.5,7.4,7.9,26.2,4.8,6.1,62.9,37.1,"[{""score"": ""1 - 1"", ""pct"": 11.959999999999999}, {""score"": ""1 - 0"", ""pct"": 10.81}, {""score"": ""2 - 1"", ""pct"": 9.1}]"
Canada,Uzbekistan,Neutral,1.402,1.298,39.5,26.8,33.7,38.5,6.5,7.7,34.2,5.9,7.1,52.8,47.2,"[{""score"": ""1 - 1"", ""pct"": 12.36}, {""score"": ""1 - 0"", ""pct"": 9.94}, {""score"": ""0 - 1"", ""pct"": 8.91}]"
Canada,Qatar,Neutral,2.118,0.582,72.8,18.7,8.4,73.8,7.3,7.5,7.6,1.7,2.2,88.6,11.4,"[{""score"": ""2 - 0"", ""pct"": 14.91}, {""score"": ""1 - 0"", ""pct"": 14.52}, {""score"": ""3 - 0"", ""pct"": 10.01}]"
Canada,Panama,Neutral,1.431,1.269,40.8,26.5,32.8,40.8,6.5,7.6,32.7,5.8,6.7,54.9,45.1,"[{""score"": ""1 - 1"", ""pct"": 11.78}, {""score"": ""1 - 0"", ""pct"": 10.100000000000001}, {""score"": ""0 - 1"", ""pct"": 8.55}]"
Canada,Saudi Arabia,Neutral,1.84,0.86,60.2,23.7,16.2,61.0,7.3,8.7,15.9,3.0,4.1,77.0,23.0,"[{""score"": ""1 - 0"", ""pct"": 12.27}, {""score"": ""2 - 0"", ""pct"": 11.61}, {""score"": ""2 - 1"", ""pct"": 10.89}]"
Canada,Tunisia,Neutral,1.761,0.939,56.6,24.8,18.6,56.6,8.1,8.8,18.7,3.5,4.4,73.5,26.5,"[{""score"": ""1 - 0"", ""pct"": 12.030000000000001}, {""score"": ""1 - 1"", ""pct"": 11.29}, {""score"": ""2 - 0"", ""pct"": 10.549999999999999}]"
Canada,Austria,Neutral,1.522,1.178,44.6,26.6,28.8,44.6,7.0,8.2,29.1,4.9,6.3,59.8,40.2,"[{""score"": ""1 - 1"", ""pct"": 12.22}, {""score"": ""1 - 0"", ""pct"": 10.639999999999999}, {""score"": ""2 - 1"", ""pct"": 8.44}]"
Canada,Senegal,Neutral,1.279,1.421,32.8,27.2,40.0,32.6,5.6,7.0,40.1,6.7,8.2,45.1,54.9,"[{""score"": ""1 - 1"", ""pct"": 12.139999999999999}, {""score"": ""0 - 1"", ""pct"": 9.719999999999999}, {""score"": ""1 - 2"", ""pct"": 8.85}]"
Canada,Netherlands,Neutral,1.118,1.582,25.9,26.3,47.9,25.7,5.0,5.8,48.3,7.2,8.2,36.4,63.6,"[{""score"": ""1 - 1"", ""pct"": 11.64}, {""score"": ""0 - 1"", ""pct"": 11.110000000000001}, {""score"": ""1 - 2"", ""pct"": 9.35}]"
Canada,Colombia,Neutral,0.915,1.785,18.3,24.3,57.4,18.0,3.5,4.5,58.2,7.2,8.5,26.1,74.0,"[{""score"": ""0 - 1"", ""pct"": 12.32}, {""score"": ""1 - 1"", ""pct"": 11.25}, {""score"": ""0 - 2"", ""pct"": 10.67}]"
Canada,South Korea,Neutral,1.285,1.415,33.2,26.8,39.9,33.7,5.3,7.0,39.7,6.1,8.2,46.0,54.0,"[{""score"": ""1 - 1"", ""pct"": 11.940000000000001}, {""score"": ""0 - 1"", ""pct"": 9.719999999999999}, {""score"": ""1 - 0"", ""pct"": 8.88}]"
Canada,Switzerland,Neutral,1.31,1.39,34.4,27.2,38.5,33.7,5.8,7.4,39.1,6.4,7.7,46.9,53.1,"[{""score"": ""1 - 1"", ""pct"": 12.01}, {""score"": ""0 - 1"", ""pct"": 9.42}, {""score"": ""1 - 0"", ""pct"": 8.64}]"
Canada,Australia,Neutral,1.203,1.497,29.7,26.3,43.9,29.5,5.1,7.0,43.0,7.0,8.4,41.6,58.4,"[{""score"": ""1 - 1"", ""pct"": 12.2}, {""score"": ""0 - 1"", ""pct"": 10.83}, {""score"": ""1 - 2"", ""pct"": 9.13}]"
Canada,France,Neutral,0.795,1.905,14.1,22.6,63.2,13.3,2.5,3.6,63.5,8.1,9.0,19.4,80.6,"[{""score"": ""0 - 1"", ""pct"": 12.629999999999999}, {""score"": ""0 - 2"", ""pct"": 11.65}, {""score"": ""1 - 1"", ""pct"": 10.08}]"
Canada,Morocco,Neutral,1.01,1.69,21.4,25.7,53.0,21.8,4.2,4.9,52.6,7.7,8.9,30.9,69.1,"[{""score"": ""0 - 1"", ""pct"": 11.709999999999999}, {""score"": ""1 - 1"", ""pct"": 11.07}, {""score"": ""1 - 2"", ""pct"": 9.94}]"
Canada,Argentina,Neutral,0.622,2.078,9.3,19.4,71.4,9.1,1.6,2.5,72.3,7.2,7.4,13.2,86.8,"[{""score"": ""0 - 2"", ""pct"": 14.549999999999999}, {""score"": ""0 - 1"", ""pct"": 14.16}, {""score"": ""0 - 3"", ""pct"": 9.71}]"
Canada,DR Congo,Neutral,1.681,1.019,52.4,26.2,21.5,53.3,7.6,8.8,21.1,4.0,5.2,69.7,30.3,"[{""score"": ""1 - 1"", ""pct"": 11.59}, {""score"": ""1 - 0"", ""pct"": 11.39}, {""score"": ""2 - 1"", ""pct"": 9.6}]"
Canada,Iraq,Neutral,1.733,0.967,54.6,24.4,21.0,55.2,7.3,8.8,20.0,3.8,4.9,71.3,28.7,"[{""score"": ""1 - 0"", ""pct"": 12.08}, {""score"": ""1 - 1"", ""pct"": 11.200000000000001}, {""score"": ""2 - 0"", ""pct"": 10.11}]"
Canada,Mexico,Neutral,1.089,1.611,25.4,25.9,48.7,24.5,4.5,5.8,49.0,7.6,8.6,34.7,65.3,"[{""score"": ""1 - 1"", ""pct"": 12.07}, {""score"": ""0 - 1"", ""pct"": 11.24}, {""score"": ""1 - 2"", ""pct"": 9.379999999999999}]"
Canada,Cape Verde,Neutral,2.009,0.691,68.6,20.6,10.8,68.6,7.3,7.9,11.1,2.2,2.9,83.8,16.2,"[{""score"": ""1 - 0"", ""pct"": 13.68}, {""score"": ""2 - 0"", ""pct"": 13.350000000000001}, {""score"": ""2 - 1"", ""pct"": 9.24}]"
Canada,Egypt,Neutral,1.652,1.048,50.7,25.8,23.5,51.5,7.3,8.6,22.6,4.2,5.7,67.5,32.5,"[{""score"": ""1 - 1"", ""pct"": 11.799999999999999}, {""score"": ""1 - 0"", ""pct"": 10.879999999999999}, {""score"": ""2 - 1"", ""pct"": 9.56}]"
Canada,Spain,Neutral,0.631,2.069,8.7,20.0,71.2,8.6,1.8,2.5,71.9,7.5,7.6,13.0,87.0,"[{""score"": ""0 - 1"", ""pct"": 14.35}, {""score"": ""0 - 2"", ""pct"": 14.219999999999999}, {""score"": ""0 - 3"", ""pct"": 9.16}]"
Canada,Portugal,Neutral,0.965,1.735,19.9,25.5,54.6,19.5,3.6,5.1,56.3,7.1,8.3,28.3,71.7,"[{""score"": ""0 - 1"", ""pct"": 11.97}, {""score"": ""1 - 1"", ""pct"": 11.52}, {""score"": ""1 - 2"", ""pct"": 10.05}]"
Canada,Turkey,Neutral,1.258,1.442,31.9,26.9,41.1,32.1,5.4,7.0,40.6,6.7,8.2,44.5,55.5,"[{""score"": ""1 - 1"", ""pct"": 12.09}, {""score"": ""0 - 1"", ""pct"": 9.66}, {""score"": ""1 - 2"", ""pct"": 8.7}]"
Canada,New Zealand,Neutral,1.823,0.877,60.0,23.0,17.0,59.3,8.2,8.9,16.4,3.2,4.0,76.3,23.7,"[{""score"": ""1 - 0"", ""pct"": 12.06}, {""score"": ""2 - 0"", ""pct"": 11.459999999999999}, {""score"": ""1 - 1"", ""pct"": 10.71}]"
Canada,England,Neutral,0.864,1.836,16.7,23.5,59.8,16.1,3.1,4.1,60.7,7.5,8.5,23.3,76.7,"[{""score"": ""0 - 1"", ""pct"": 12.27}, {""score"": ""0 - 2"", ""pct"": 11.49}, {""score"": ""1 - 1"", ""pct"": 10.36}]"
Canada,Haiti,Neutral,1.781,0.919,57.6,23.9,18.5,57.7,7.4,8.8,18.3,3.4,4.5,73.9,26.1,"[{""score"": ""1 - 0"", ""pct"": 12.49}, {""score"": ""1 - 1"", ""pct"": 10.58}, {""score"": ""2 - 0"", ""pct"": 10.33}]"
Canada,Scotland,Neutral,1.587,1.113,47.1,27.4,25.6,48.4,7.2,8.5,25.6,4.5,5.8,64.1,35.9,"[{""score"": ""1 - 1"", ""pct"": 12.25}, {""score"": ""1 - 0"", ""pct"": 10.83}, {""score"": ""2 - 1"", ""pct"": 9.22}]"
Canada,Germany,Neutral,1.137,1.563,26.8,25.4,47.9,27.1,4.8,6.2,46.7,7.1,8.1,38.1,61.9,"[{""score"": ""1 - 1"", ""pct"": 11.85}, {""score"": ""0 - 1"", ""pct"": 11.14}, {""score"": ""1 - 2"", ""pct"": 9.48}]"
Canada,Japan,Neutral,1.002,1.698,21.5,25.8,52.7,21.1,3.9,5.3,53.3,7.3,9.0,30.3,69.7,"[{""score"": ""0 - 1"", ""pct"": 11.95}, {""score"": ""1 - 1"", ""pct"": 11.52}, {""score"": ""1 - 2"", ""pct"": 9.39}]"
Canada,Curaçao,Neutral,2.036,0.664,70.0,19.9,10.1,70.4,7.1,8.3,9.5,2.0,2.7,85.8,14.2,"[{""score"": ""1 - 0"", ""pct"": 14.12}, {""score"": ""2 - 0"", ""pct"": 14.02}, {""score"": ""2 - 1"", ""pct"": 9.08}]"
Canada,Uruguay,Neutral,1.11,1.59,25.3,26.1,48.6,25.7,4.8,5.8,48.5,6.8,8.5,36.2,63.8,"[{""score"": ""1 - 1"", ""pct"": 11.5}, {""score"": ""0 - 1"", ""pct"": 10.97}, {""score"": ""1 - 2"", ""pct"": 10.03}]"
Canada,Sweden,Neutral,1.849,0.851,61.1,23.2,15.7,61.2,7.7,8.6,15.6,3.1,3.9,77.5,22.5,"[{""score"": ""1 - 0"", ""pct"": 13.350000000000001}, {""score"": ""2 - 0"", ""pct"": 11.4}, {""score"": ""1 - 1"", ""pct"": 10.879999999999999}]"
Canada,Iran,Neutral,1.243,1.457,31.8,26.5,41.7,31.5,5.5,6.9,41.6,6.3,8.2,43.9,56.1,"[{""score"": ""1 - 1"", ""pct"": 11.85}, {""score"": ""0 - 1"", ""pct"": 10.11}, {""score"": ""1 - 2"", ""pct"": 8.89}]"
Canada,United States,Neutral,1.51,1.19,44.7,26.1,29.2,44.0,6.9,8.6,28.8,5.4,6.3,59.5,40.5,"[{""score"": ""1 - 1"", ""pct"": 11.59}, {""score"": ""1 - 0"", ""pct"": 10.45}, {""score"": ""2 - 1"", ""pct"": 9.2}]"
Canada,Jordan,Neutral,1.56,1.14,47.1,26.3,26.6,46.7,6.7,8.9,26.8,4.7,6.1,62.3,37.7,"[{""score"": ""1 - 1"", ""pct"": 11.790000000000001}, {""score"": ""1 - 0"", ""pct"": 10.75}, {""score"": ""2 - 1"", ""pct"": 9.379999999999999}]"
Canada,Ghana,Neutral,2.015,0.685,69.3,20.4,10.3,68.3,7.6,8.5,10.6,2.3,2.7,84.3,15.7,"[{""score"": ""1 - 0"", ""pct"": 13.98}, {""score"": ""2 - 0"", ""pct"": 13.750000000000002}, {""score"": ""2 - 1"", ""pct"": 10.05}]"
Canada,Czech Republic,Neutral,1.697,1.003,53.6,25.1,21.3,52.7,7.4,8.9,21.6,4.2,5.2,69.0,31.0,"[{""score"": ""1 - 0"", ""pct"": 11.84}, {""score"": ""1 - 1"", ""pct"": 11.51}, {""score"": ""2 - 0"", ""pct"": 9.64}]"
Canada,Croatia,Neutral,1.186,1.514,28.9,26.4,44.7,28.4,5.2,6.6,44.6,6.9,8.4,40.2,59.8,"[{""score"": ""1 - 1"", ""pct"": 11.83}, {""score"": ""0 - 1"", ""pct"": 11.04}, {""score"": ""1 - 2"", ""pct"": 9.370000000000001}]"
Canada,Ecuador,Neutral,1.01,1.69,21.5,25.0,53.5,21.1,4.0,5.2,54.1,7.2,8.4,30.3,69.7,"[{""score"": ""0 - 1"", ""pct"": 12.2}, {""score"": ""1 - 1"", ""pct"": 11.34}, {""score"": ""1 - 2"", ""pct"": 9.42}]"
Canada,Brazil,Neutral,0.923,1.777,18.1,24.4,57.4,18.4,3.4,4.5,57.7,7.2,8.9,26.3,73.7,"[{""score"": ""0 - 1"", ""pct"": 12.659999999999998}, {""score"": ""1 - 1"", ""pct"": 10.41}, {""score"": ""0 - 2"", ""pct"": 10.15}]"
Canada,Bosnia and Herzegovina,Neutral,2.061,0.639,71.0,19.9,9.1,71.3,7.1,7.7,9.8,1.8,2.3,86.2,13.8,"[{""score"": ""1 - 0"", ""pct"": 14.71}, {""score"": ""2 - 0"", ""pct"": 13.66}, {""score"": ""2 - 1"", ""pct"": 9.3}]"
Canada,South Africa,Neutral,1.953,0.747,66.8,21.0,12.2,65.8,7.5,8.5,12.4,2.5,3.3,81.8,18.2,"[{""score"": ""1 - 0"", ""pct"": 14.16}, {""score"": ""2 - 0"", ""pct"": 13.28}, {""score"": ""2 - 1"", ""pct"": 9.46}]"
Canada,Paraguay,Neutral,1.311,1.389,35.2,27.1,37.7,34.4,5.8,7.0,38.9,6.2,7.7,47.2,52.8,"[{""score"": ""1 - 1"", ""pct"": 12.23}, {""score"": ""0 - 1"", ""pct"": 9.51}, {""score"": ""1 - 0"", ""pct"": 9.229999999999999}]"
Canada,Belgium,Neutral,1.273,1.427,32.4,27.5,40.0,33.7,5.9,6.8,39.1,6.7,7.9,46.4,53.6,"[{""score"": ""1 - 1"", ""pct"": 12.47}, {""score"": ""0 - 1"", ""pct"": 9.64}, {""score"": ""1 - 0"", ""pct"": 9.01}]"
Canada,Norway,Neutral,1.237,1.463,31.0,26.8,42.2,30.9,6.3,6.6,41.6,6.5,8.1,43.7,56.3,"[{""score"": ""1 - 1"", ""pct"": 11.85}, {""score"": ""0 - 1"", ""pct"": 10.34}, {""score"": ""1 - 2"", ""pct"": 8.74}]"
Canada,Algeria,Neutral,1.342,1.358,36.4,26.7,36.9,36.3,6.3,7.3,36.5,6.1,7.4,50.0,50.0,"[{""score"": ""1 - 1"", ""pct"": 11.88}, {""score"": ""1 - 0"", ""pct"": 9.54}, {""score"": ""0 - 1"", ""pct"": 9.51}]"
Egypt,Ivory Coast,Neutral,1.282,1.418,33.8,26.5,39.8,33.3,5.5,7.0,40.1,6.8,7.3,45.8,54.2,"[{""score"": ""1 - 1"", ""pct"": 12.02}, {""score"": ""0 - 1"", ""pct"": 10.07}, {""score"": ""1 - 0"", ""pct"": 8.559999999999999}]"
Egypt,Uzbekistan,Neutral,1.097,1.603,25.2,25.9,48.9,25.8,4.6,5.5,48.0,7.4,8.7,35.8,64.2,"[{""score"": ""1 - 1"", ""pct"": 11.85}, {""score"": ""0 - 1"", ""pct"": 11.25}, {""score"": ""1 - 2"", ""pct"": 9.25}]"
Egypt,Qatar,Neutral,1.927,0.773,65.5,21.2,13.3,64.1,8.0,8.6,13.3,2.4,3.6,80.8,19.2,"[{""score"": ""1 - 0"", ""pct"": 13.84}, {""score"": ""2 - 0"", ""pct"": 12.16}, {""score"": ""2 - 1"", ""pct"": 9.8}]"
Egypt,Panama,Neutral,1.125,1.575,25.5,26.0,48.5,25.8,4.6,6.2,47.5,7.3,8.6,36.6,63.4,"[{""score"": ""1 - 1"", ""pct"": 11.83}, {""score"": ""0 - 1"", ""pct"": 10.96}, {""score"": ""1 - 2"", ""pct"": 9.520000000000001}]"
Egypt,Saudi Arabia,Neutral,1.565,1.135,47.4,26.7,25.9,46.5,6.6,8.5,27.0,5.3,6.1,61.6,38.4,"[{""score"": ""1 - 1"", ""pct"": 12.17}, {""score"": ""1 - 0"", ""pct"": 10.75}, {""score"": ""2 - 1"", ""pct"": 9.43}]"
Egypt,Tunisia,Neutral,1.472,1.228,43.1,26.3,30.6,42.9,6.2,8.0,30.8,5.3,6.8,57.1,42.9,"[{""score"": ""1 - 1"", ""pct"": 11.95}, {""score"": ""1 - 0"", ""pct"": 10.7}, {""score"": ""2 - 1"", ""pct"": 9.09}]"
Egypt,Austria,Neutral,1.214,1.486,29.6,26.1,44.3,30.5,5.3,6.6,42.6,7.1,7.9,42.4,57.6,"[{""score"": ""1 - 1"", ""pct"": 11.92}, {""score"": ""0 - 1"", ""pct"": 10.93}, {""score"": ""1 - 2"", ""pct"": 9.32}]"
Egypt,Senegal,Neutral,0.984,1.716,20.4,25.4,54.2,20.6,3.8,4.6,54.7,7.7,8.6,29.0,71.0,"[{""score"": ""0 - 1"", ""pct"": 12.520000000000001}, {""score"": ""1 - 1"", ""pct"": 11.85}, {""score"": ""0 - 2"", ""pct"": 9.950000000000001}]"
Egypt,Netherlands,Neutral,0.846,1.854,15.8,22.7,61.6,15.0,3.0,4.1,61.3,8.2,8.5,22.1,77.9,"[{""score"": ""0 - 1"", ""pct"": 13.36}, {""score"": ""0 - 2"", ""pct"": 11.66}, {""score"": ""1 - 2"", ""pct"": 10.290000000000001}]"
Egypt,Colombia,Neutral,0.686,2.014,10.8,20.6,68.6,10.9,2.1,2.8,68.8,7.2,8.2,15.8,84.2,"[{""score"": ""0 - 1"", ""pct"": 14.31}, {""score"": ""0 - 2"", ""pct"": 12.73}, {""score"": ""1 - 2"", ""pct"": 9.370000000000001}]"
Egypt,South Korea,Neutral,0.989,1.711,20.4,25.0,54.6,20.5,4.1,5.0,54.2,7.1,9.2,29.5,70.5,"[{""score"": ""0 - 1"", ""pct"": 12.17}, {""score"": ""1 - 1"", ""pct"": 11.57}, {""score"": ""1 - 2"", ""pct"": 9.700000000000001}]"
Egypt,Switzerland,Neutral,1.012,1.688,21.2,24.9,53.9,21.1,3.7,5.4,54.5,7.3,8.0,30.2,69.8,"[{""score"": ""0 - 1"", ""pct"": 12.06}, {""score"": ""1 - 1"", ""pct"": 11.3}, {""score"": ""1 - 2"", ""pct"": 9.959999999999999}]"
Egypt,Australia,Neutral,0.918,1.782,18.3,23.8,57.8,18.2,3.2,4.5,58.6,7.1,8.5,25.9,74.1,"[{""score"": ""0 - 1"", ""pct"": 12.740000000000002}, {""score"": ""1 - 1"", ""pct"": 10.84}, {""score"": ""0 - 2"", ""pct"": 10.82}]"
Egypt,France,Neutral,0.598,2.102,8.1,18.9,73.0,8.1,1.5,2.4,73.0,7.3,7.7,12.0,88.0,"[{""score"": ""0 - 1"", ""pct"": 15.4}, {""score"": ""0 - 2"", ""pct"": 14.979999999999999}, {""score"": ""0 - 3"", ""pct"": 10.12}]"
Egypt,Morocco,Neutral,0.759,1.941,12.4,21.6,65.9,12.7,2.2,3.2,66.1,7.1,8.8,18.1,81.9,"[{""score"": ""0 - 1"", ""pct"": 13.96}, {""score"": ""0 - 2"", ""pct"": 12.509999999999998}, {""score"": ""1 - 2"", ""pct"": 9.790000000000001}]"
Egypt,Argentina,Neutral,0.478,2.222,5.8,16.2,78.1,5.9,1.2,1.6,77.0,6.9,7.5,8.6,91.4,"[{""score"": ""0 - 2"", ""pct"": 16.13}, {""score"": ""0 - 1"", ""pct"": 15.57}, {""score"": ""0 - 3"", ""pct"": 12.04}]"
Egypt,DR Congo,Neutral,1.382,1.318,38.0,27.5,34.5,38.7,6.0,7.4,34.7,5.7,7.5,52.1,47.9,"[{""score"": ""1 - 1"", ""pct"": 12.27}, {""score"": ""1 - 0"", ""pct"": 9.29}, {""score"": ""2 - 1"", ""pct"": 8.83}]"
Egypt,Iraq,Neutral,1.44,1.26,39.5,28.2,32.3,41.0,6.3,7.6,32.9,5.5,6.8,54.9,45.1,"[{""score"": ""1 - 1"", ""pct"": 13.25}, {""score"": ""1 - 0"", ""pct"": 9.68}, {""score"": ""0 - 1"", ""pct"": 9.07}]"
Egypt,Mexico,Neutral,0.822,1.878,14.5,22.7,62.9,15.0,2.9,4.0,61.8,7.7,8.7,21.8,78.2,"[{""score"": ""0 - 1"", ""pct"": 13.22}, {""score"": ""0 - 2"", ""pct"": 11.020000000000001}, {""score"": ""1 - 1"", ""pct"": 10.57}]"
Egypt,Cape Verde,Neutral,1.777,0.923,57.7,24.0,18.4,57.6,7.5,8.6,18.8,3.2,4.3,73.6,26.4,"[{""score"": ""1 - 0"", ""pct"": 12.58}, {""score"": ""1 - 1"", ""pct"": 10.9}, {""score"": ""2 - 0"", ""pct"": 9.99}]"
Egypt,Canada,Neutral,1.048,1.652,23.1,26.2,50.6,22.3,4.2,5.2,51.7,7.9,8.6,31.8,68.2,"[{""score"": ""1 - 1"", ""pct"": 12.370000000000001}, {""score"": ""0 - 1"", ""pct"": 11.44}, {""score"": ""1 - 2"", ""pct"": 9.719999999999999}]"
Egypt,Spain,Neutral,0.485,2.215,5.7,17.3,77.0,5.5,1.1,1.5,77.5,7.0,7.5,8.0,92.0,"[{""score"": ""0 - 2"", ""pct"": 16.07}, {""score"": ""0 - 1"", ""pct"": 15.17}, {""score"": ""0 - 3"", ""pct"": 11.58}]"
Egypt,Portugal,Neutral,0.723,1.977,12.3,20.9,66.8,11.5,2.3,2.7,67.1,7.6,8.8,16.5,83.5,"[{""score"": ""0 - 1"", ""pct"": 13.569999999999999}, {""score"": ""0 - 2"", ""pct"": 12.959999999999999}, {""score"": ""1 - 2"", ""pct"": 9.86}]"
Egypt,Turkey,Neutral,0.965,1.735,19.8,24.5,55.7,20.4,3.9,4.9,54.6,7.5,8.8,29.1,70.9,"[{""score"": ""0 - 1"", ""pct"": 12.07}, {""score"": ""1 - 1"", ""pct"": 11.16}, {""score"": ""0 - 2"", ""pct"": 10.209999999999999}]"
Egypt,New Zealand,Neutral,1.544,1.156,46.4,26.0,27.5,46.0,7.0,8.8,27.5,4.9,5.9,61.7,38.3,"[{""score"": ""1 - 1"", ""pct"": 11.790000000000001}, {""score"": ""1 - 0"", ""pct"": 10.68}, {""score"": ""2 - 1"", ""pct"": 9.44}]"
Egypt,England,Neutral,0.647,2.053,9.8,20.0,70.2,9.4,1.8,2.5,71.2,7.4,7.6,13.7,86.3,"[{""score"": ""0 - 2"", ""pct"": 14.030000000000001}, {""score"": ""0 - 1"", ""pct"": 13.79}, {""score"": ""0 - 3"", ""pct"": 9.01}]"
Egypt,Haiti,Neutral,1.495,1.205,43.4,27.3,29.4,43.6,6.8,8.0,29.7,5.2,6.7,58.4,41.6,"[{""score"": ""1 - 1"", ""pct"": 12.27}, {""score"": ""1 - 0"", ""pct"": 10.43}, {""score"": ""2 - 1"", ""pct"": 9.049999999999999}]"
Egypt,Scotland,Neutral,1.281,1.419,33.1,27.7,39.2,32.4,6.0,7.0,40.4,6.4,7.8,45.4,54.6,"[{""score"": ""1 - 1"", ""pct"": 12.09}, {""score"": ""0 - 1"", ""pct"": 9.84}, {""score"": ""1 - 0"", ""pct"": 8.9}]"
Egypt,Germany,Neutral,0.862,1.838,17.1,23.1,59.8,16.0,2.9,4.0,61.1,7.5,8.4,23.0,77.0,"[{""score"": ""0 - 1"", ""pct"": 12.45}, {""score"": ""0 - 2"", ""pct"": 11.32}, {""score"": ""1 - 1"", ""pct"": 10.45}]"
Egypt,Japan,Neutral,0.752,1.948,13.1,21.3,65.6,12.7,2.7,3.3,65.5,7.3,8.5,18.7,81.3,"[{""score"": ""0 - 1"", ""pct"": 14.000000000000002}, {""score"": ""0 - 2"", ""pct"": 12.590000000000002}, {""score"": ""1 - 2"", ""pct"": 9.73}]"
Egypt,Curaçao,Neutral,1.813,0.887,59.4,23.5,17.1,60.2,7.3,8.2,16.3,3.5,4.5,75.7,24.3,"[{""score"": ""1 - 0"", ""pct"": 12.67}, {""score"": ""2 - 0"", ""pct"": 10.63}, {""score"": ""1 - 1"", ""pct"": 10.47}]"
Egypt,Uruguay,Neutral,0.839,1.861,15.9,22.2,61.9,15.1,3.1,3.9,61.9,7.2,8.7,22.2,77.8,"[{""score"": ""0 - 1"", ""pct"": 13.41}, {""score"": ""0 - 2"", ""pct"": 11.5}, {""score"": ""1 - 1"", ""pct"": 9.719999999999999}]"
Egypt,Sweden,Neutral,1.575,1.125,48.2,26.0,25.8,48.2,6.9,8.6,25.7,4.7,6.0,63.7,36.3,"[{""score"": ""1 - 1"", ""pct"": 11.55}, {""score"": ""1 - 0"", ""pct"": 10.71}, {""score"": ""2 - 1"", ""pct"": 9.68}]"
Egypt,Iran,Neutral,0.952,1.748,19.6,25.0,55.4,18.7,3.7,5.1,56.0,7.6,8.9,27.5,72.5,"[{""score"": ""0 - 1"", ""pct"": 12.389999999999999}, {""score"": ""1 - 1"", ""pct"": 11.07}, {""score"": ""1 - 2"", ""pct"": 9.98}]"
Egypt,United States,Neutral,1.203,1.497,28.8,26.8,44.5,29.6,5.3,6.4,43.3,6.5,8.8,41.4,58.6,"[{""score"": ""1 - 1"", ""pct"": 12.43}, {""score"": ""0 - 1"", ""pct"": 10.65}, {""score"": ""1 - 2"", ""pct"": 9.4}]"
Egypt,Jordan,Neutral,1.253,1.447,31.4,27.2,41.4,31.8,5.5,6.8,41.4,6.5,8.1,44.1,55.9,"[{""score"": ""1 - 1"", ""pct"": 12.1}, {""score"": ""0 - 1"", ""pct"": 10.13}, {""score"": ""1 - 2"", ""pct"": 8.34}]"
Egypt,Ghana,Neutral,1.785,0.915,58.0,24.0,18.0,58.6,6.9,8.9,18.1,3.0,4.6,74.3,25.7,"[{""score"": ""1 - 0"", ""pct"": 12.34}, {""score"": ""1 - 1"", ""pct"": 11.03}, {""score"": ""2 - 0"", ""pct"": 10.84}]"
Egypt,Czech Republic,Neutral,1.399,1.301,38.9,27.2,33.9,38.7,6.6,8.0,34.1,5.7,6.9,53.3,46.7,"[{""score"": ""1 - 1"", ""pct"": 12.389999999999999}, {""score"": ""1 - 0"", ""pct"": 9.370000000000001}, {""score"": ""0 - 1"", ""pct"": 9.07}]"
Egypt,Croatia,Neutral,0.902,1.798,17.2,24.3,58.4,17.7,3.3,4.2,58.6,7.6,8.6,25.2,74.8,"[{""score"": ""0 - 1"", ""pct"": 12.839999999999998}, {""score"": ""1 - 1"", ""pct"": 11.459999999999999}, {""score"": ""0 - 2"", ""pct"": 10.58}]"
Egypt,Ecuador,Neutral,0.758,1.942,13.3,21.1,65.6,12.8,2.2,3.1,65.5,7.7,8.6,18.1,81.9,"[{""score"": ""0 - 1"", ""pct"": 14.11}, {""score"": ""0 - 2"", ""pct"": 12.620000000000001}, {""score"": ""1 - 2"", ""pct"": 9.66}]"
Egypt,Brazil,Neutral,0.691,2.009,10.5,20.2,69.3,11.0,2.0,2.5,69.1,7.0,8.3,15.5,84.5,"[{""score"": ""0 - 1"", ""pct"": 14.249999999999998}, {""score"": ""0 - 2"", ""pct"": 13.94}, {""score"": ""1 - 2"", ""pct"": 9.16}]"
Egypt,Bosnia and Herzegovina,Neutral,1.847,0.853,61.2,23.2,15.6,61.0,7.3,8.3,16.1,3.2,4.0,76.6,23.4,"[{""score"": ""1 - 0"", ""pct"": 12.93}, {""score"": ""2 - 0"", ""pct"": 11.05}, {""score"": ""1 - 1"", ""pct"": 10.01}]"
Egypt,South Africa,Neutral,1.704,0.996,54.0,24.9,21.1,54.1,7.8,8.3,20.4,4.1,5.2,70.2,29.8,"[{""score"": ""1 - 0"", ""pct"": 11.459999999999999}, {""score"": ""1 - 1"", ""pct"": 11.25}, {""score"": ""2 - 1"", ""pct"": 10.0}]"
Egypt,Paraguay,Neutral,1.013,1.687,22.0,24.5,53.5,21.9,4.0,5.4,53.1,7.2,8.4,31.3,68.7,"[{""score"": ""0 - 1"", ""pct"": 11.690000000000001}, {""score"": ""1 - 1"", ""pct"": 10.79}, {""score"": ""1 - 2"", ""pct"": 10.11}]"
Egypt,Belgium,Neutral,0.978,1.722,20.4,24.9,54.7,20.0,3.7,4.9,55.0,7.9,8.5,28.6,71.4,"[{""score"": ""0 - 1"", ""pct"": 12.15}, {""score"": ""1 - 1"", ""pct"": 11.83}, {""score"": ""1 - 2"", ""pct"": 9.9}]"
Egypt,Norway,Neutral,0.947,1.753,18.6,24.4,56.9,18.6,4.0,4.3,56.5,7.6,8.9,26.9,73.0,"[{""score"": ""0 - 1"", ""pct"": 12.1}, {""score"": ""1 - 1"", ""pct"": 11.16}, {""score"": ""0 - 2"", ""pct"": 10.22}]"
Egypt,Algeria,Neutral,1.041,1.659,22.4,24.9,52.7,23.0,3.9,5.1,52.0,7.2,8.8,31.9,68.1,"[{""score"": ""0 - 1"", ""pct"": 11.73}, {""score"": ""1 - 1"", ""pct"": 11.28}, {""score"": ""1 - 2"", ""pct"": 10.16}]"
Spain,Ivory Coast,Neutral,2.188,0.512,76.5,16.9,6.7,76.7,6.9,7.2,6.2,1.1,1.7,90.9,9.1,"[{""score"": ""2 - 0"", ""pct"": 16.400000000000002}, {""score"": ""1 - 0"", ""pct"": 14.92}, {""score"": ""3 - 0"", ""pct"": 11.72}]"
Spain,Uzbekistan,Neutral,2.098,0.602,72.9,18.5,8.5,73.6,6.9,7.7,8.0,1.5,2.3,88.2,11.8,"[{""score"": ""2 - 0"", ""pct"": 14.77}, {""score"": ""1 - 0"", ""pct"": 14.610000000000001}, {""score"": ""3 - 0"", ""pct"": 10.13}]"
Spain,Qatar,Neutral,2.371,0.329,83.4,13.6,3.0,83.8,5.8,6.1,2.9,0.6,0.8,95.8,4.2,"[{""score"": ""2 - 0"", ""pct"": 19.06}, {""score"": ""1 - 0"", ""pct"": 16.29}, {""score"": ""3 - 0"", ""pct"": 14.649999999999999}]"
Spain,Panama,Neutral,2.113,0.587,73.3,18.7,8.0,73.7,6.7,7.8,8.1,1.6,2.0,88.3,11.7,"[{""score"": ""1 - 0"", ""pct"": 15.02}, {""score"": ""2 - 0"", ""pct"": 14.81}, {""score"": ""3 - 0"", ""pct"": 9.93}]"
Spain,Saudi Arabia,Neutral,2.286,0.414,80.8,14.3,4.9,80.7,6.1,6.4,4.6,0.8,1.3,93.2,6.8,"[{""score"": ""2 - 0"", ""pct"": 17.169999999999998}, {""score"": ""1 - 0"", ""pct"": 15.790000000000001}, {""score"": ""3 - 0"", ""pct"": 13.450000000000001}]"
Spain,Tunisia,Neutral,2.258,0.442,79.4,15.7,5.0,78.7,6.7,6.9,5.1,1.0,1.5,92.3,7.7,"[{""score"": ""2 - 0"", ""pct"": 16.88}, {""score"": ""1 - 0"", ""pct"": 16.43}, {""score"": ""3 - 0"", ""pct"": 12.31}]"
Spain,Austria,Neutral,2.158,0.542,75.6,17.6,6.8,75.6,6.7,7.5,6.9,1.6,1.8,89.7,10.3,"[{""score"": ""2 - 0"", ""pct"": 15.879999999999999}, {""score"": ""1 - 0"", ""pct"": 14.610000000000001}, {""score"": ""3 - 0"", ""pct"": 10.33}]"
Spain,Senegal,Neutral,2.026,0.674,69.5,20.2,10.3,69.5,7.2,8.4,10.0,2.1,2.9,85.1,14.9,"[{""score"": ""1 - 0"", ""pct"": 14.04}, {""score"": ""2 - 0"", ""pct"": 13.969999999999999}, {""score"": ""1 - 1"", ""pct"": 9.31}]"
Spain,Netherlands,Neutral,1.915,0.785,64.1,22.5,13.5,64.0,7.9,8.6,13.8,2.7,3.1,80.4,19.6,"[{""score"": ""1 - 0"", ""pct"": 13.52}, {""score"": ""2 - 0"", ""pct"": 11.62}, {""score"": ""1 - 1"", ""pct"": 10.34}]"
Spain,Colombia,Neutral,1.733,0.967,55.4,24.6,20.0,55.9,7.3,8.6,19.6,3.9,4.8,71.7,28.3,"[{""score"": ""1 - 0"", ""pct"": 12.25}, {""score"": ""1 - 1"", ""pct"": 10.9}, {""score"": ""2 - 1"", ""pct"": 9.76}]"
Spain,South Korea,Neutral,2.03,0.67,69.1,20.6,10.3,69.3,7.8,8.2,10.1,2.0,2.6,85.2,14.8,"[{""score"": ""1 - 0"", ""pct"": 14.6}, {""score"": ""2 - 0"", ""pct"": 14.02}, {""score"": ""2 - 1"", ""pct"": 9.02}]"
Spain,Switzerland,Neutral,2.046,0.654,70.4,19.9,9.8,70.6,6.9,8.7,9.6,1.9,2.4,86.1,13.9,"[{""score"": ""1 - 0"", ""pct"": 14.09}, {""score"": ""2 - 0"", ""pct"": 13.4}, {""score"": ""2 - 1"", ""pct"": 10.0}]"
Spain,Australia,Neutral,1.977,0.723,67.3,21.0,11.7,67.2,7.8,8.2,11.8,1.9,3.0,83.2,16.8,"[{""score"": ""1 - 0"", ""pct"": 13.84}, {""score"": ""2 - 0"", ""pct"": 12.65}, {""score"": ""2 - 1"", ""pct"": 10.07}]"
Spain,France,Neutral,1.595,1.105,48.9,26.6,24.5,48.0,7.2,8.6,25.7,4.8,5.7,63.8,36.2,"[{""score"": ""1 - 1"", ""pct"": 12.55}, {""score"": ""1 - 0"", ""pct"": 10.73}, {""score"": ""2 - 1"", ""pct"": 9.46}]"
Spain,Morocco,Neutral,1.825,0.875,60.4,22.8,16.8,60.6,7.0,8.4,16.9,2.9,4.1,76.0,24.0,"[{""score"": ""1 - 0"", ""pct"": 12.83}, {""score"": ""2 - 0"", ""pct"": 10.96}, {""score"": ""1 - 1"", ""pct"": 10.56}]"
Spain,Argentina,Neutral,1.334,1.366,36.3,27.0,36.7,36.0,5.9,7.1,37.3,6.2,7.5,49.0,51.0,"[{""score"": ""1 - 1"", ""pct"": 12.46}, {""score"": ""1 - 0"", ""pct"": 9.68}, {""score"": ""0 - 1"", ""pct"": 9.65}]"
Spain,DR Congo,Neutral,2.227,0.473,77.9,16.8,5.3,78.5,6.4,7.3,5.3,1.2,1.4,92.1,7.9,"[{""score"": ""2 - 0"", ""pct"": 16.89}, {""score"": ""1 - 0"", ""pct"": 15.0}, {""score"": ""3 - 0"", ""pct"": 12.030000000000001}]"
Spain,Iraq,Neutral,2.248,0.452,78.8,16.5,4.8,80.0,6.3,6.3,4.9,1.1,1.3,92.6,7.4,"[{""score"": ""2 - 0"", ""pct"": 16.42}, {""score"": ""1 - 0"", ""pct"": 15.840000000000002}, {""score"": ""3 - 0"", ""pct"": 12.67}]"
Spain,Mexico,Neutral,1.892,0.808,63.3,21.9,14.8,64.2,7.5,8.2,13.6,2.6,3.9,79.9,20.1,"[{""score"": ""1 - 0"", ""pct"": 13.08}, {""score"": ""2 - 0"", ""pct"": 11.959999999999999}, {""score"": ""2 - 1"", ""pct"": 10.02}]"
Spain,Cape Verde,Neutral,2.34,0.36,82.1,13.9,4.0,82.6,6.0,6.3,3.5,0.6,0.9,95.0,5.0,"[{""score"": ""2 - 0"", ""pct"": 18.490000000000002}, {""score"": ""1 - 0"", ""pct"": 15.73}, {""score"": ""3 - 0"", ""pct"": 14.29}]"
Spain,Canada,Neutral,2.069,0.631,71.3,18.9,9.8,71.7,7.1,8.1,9.0,1.6,2.6,86.9,13.1,"[{""score"": ""2 - 0"", ""pct"": 14.249999999999998}, {""score"": ""1 - 0"", ""pct"": 14.000000000000002}, {""score"": ""3 - 0"", ""pct"": 9.569999999999999}]"
Spain,Egypt,Neutral,2.215,0.485,77.6,16.0,6.5,77.8,6.6,6.9,6.0,1.1,1.7,91.2,8.8,"[{""score"": ""2 - 0"", ""pct"": 16.78}, {""score"": ""1 - 0"", ""pct"": 14.89}, {""score"": ""3 - 0"", ""pct"": 11.63}]"
Spain,Portugal,Neutral,1.783,0.917,58.8,23.9,17.4,58.0,7.8,8.6,17.5,3.4,4.8,74.3,25.7,"[{""score"": ""1 - 0"", ""pct"": 12.18}, {""score"": ""2 - 0"", ""pct"": 10.66}, {""score"": ""1 - 1"", ""pct"": 10.35}]"
Spain,Turkey,Neutral,2.013,0.687,68.8,20.5,10.7,69.0,7.5,7.9,10.9,2.2,2.6,84.3,15.7,"[{""score"": ""1 - 0"", ""pct"": 14.78}, {""score"": ""2 - 0"", ""pct"": 13.780000000000001}, {""score"": ""2 - 1"", ""pct"": 9.24}]"
Spain,New Zealand,Neutral,2.28,0.42,80.1,15.2,4.7,80.3,5.7,7.5,4.6,0.7,1.2,93.5,6.5,"[{""score"": ""2 - 0"", ""pct"": 17.299999999999997}, {""score"": ""1 - 0"", ""pct"": 15.559999999999999}, {""score"": ""3 - 0"", ""pct"": 12.57}]"
Spain,England,Neutral,1.677,1.023,54.1,24.6,21.3,52.3,7.1,8.6,22.2,4.0,5.8,68.1,31.9,"[{""score"": ""1 - 0"", ""pct"": 11.959999999999999}, {""score"": ""1 - 1"", ""pct"": 11.37}, {""score"": ""2 - 1"", ""pct"": 9.93}]"
Spain,Haiti,Neutral,2.265,0.435,79.3,15.4,5.3,79.3,6.3,6.9,5.2,1.0,1.2,92.5,7.5,"[{""score"": ""2 - 0"", ""pct"": 17.24}, {""score"": ""1 - 0"", ""pct"": 15.52}, {""score"": ""3 - 0"", ""pct"": 12.82}]"
Spain,Scotland,Neutral,2.188,0.512,77.0,16.7,6.3,76.1,6.9,7.5,6.7,1.3,1.5,90.5,9.5,"[{""score"": ""1 - 0"", ""pct"": 15.76}, {""score"": ""2 - 0"", ""pct"": 15.620000000000001}, {""score"": ""3 - 0"", ""pct"": 11.559999999999999}]"
Spain,Germany,Neutral,1.929,0.771,64.8,22.3,13.0,64.6,7.8,9.2,12.6,2.6,3.3,81.5,18.5,"[{""score"": ""1 - 0"", ""pct"": 13.18}, {""score"": ""2 - 0"", ""pct"": 12.26}, {""score"": ""1 - 1"", ""pct"": 9.65}]"
Spain,Japan,Neutral,1.818,0.882,59.8,23.8,16.4,59.8,7.5,8.7,16.9,2.9,4.2,76.0,24.0,"[{""score"": ""1 - 0"", ""pct"": 12.389999999999999}, {""score"": ""2 - 0"", ""pct"": 11.16}, {""score"": ""1 - 1"", ""pct"": 10.95}]"
Spain,Curaçao,Neutral,2.348,0.352,83.3,13.1,3.6,83.4,5.8,5.8,3.2,0.8,0.9,95.0,4.9,"[{""score"": ""2 - 0"", ""pct"": 18.44}, {""score"": ""1 - 0"", ""pct"": 16.56}, {""score"": ""3 - 0"", ""pct"": 14.49}]"
Spain,Uruguay,Neutral,1.908,0.792,64.9,21.6,13.5,64.3,7.6,8.7,13.5,2.4,3.5,80.6,19.4,"[{""score"": ""1 - 0"", ""pct"": 14.06}, {""score"": ""2 - 0"", ""pct"": 12.08}, {""score"": ""1 - 1"", ""pct"": 9.78}]"
Spain,Sweden,Neutral,2.289,0.411,81.2,14.3,4.6,80.9,6.5,6.3,4.5,0.9,1.0,93.7,6.3,"[{""score"": ""2 - 0"", ""pct"": 17.990000000000002}, {""score"": ""1 - 0"", ""pct"": 16.08}, {""score"": ""3 - 0"", ""pct"": 13.020000000000001}]"
Spain,Iran,Neutral,2.003,0.697,68.4,20.4,11.2,68.8,7.2,8.2,11.2,2.0,2.7,84.1,15.9,"[{""score"": ""1 - 0"", ""pct"": 14.249999999999998}, {""score"": ""2 - 0"", ""pct"": 13.52}, {""score"": ""2 - 1"", ""pct"": 9.370000000000001}]"
Spain,United States,Neutral,2.153,0.547,75.5,17.3,7.2,75.1,6.9,7.7,7.0,1.4,1.9,89.6,10.3,"[{""score"": ""2 - 0"", ""pct"": 15.78}, {""score"": ""1 - 0"", ""pct"": 15.45}, {""score"": ""3 - 0"", ""pct"": 10.99}]"
Spain,Jordan,Neutral,2.176,0.524,76.3,16.8,6.9,76.4,6.8,7.4,6.5,1.3,1.6,90.6,9.4,"[{""score"": ""2 - 0"", ""pct"": 16.009999999999998}, {""score"": ""1 - 0"", ""pct"": 15.42}, {""score"": ""3 - 0"", ""pct"": 11.21}]"
Spain,Ghana,Neutral,2.342,0.358,82.4,14.0,3.6,82.5,5.8,6.5,3.6,0.7,0.9,94.8,5.2,"[{""score"": ""2 - 0"", ""pct"": 18.12}, {""score"": ""1 - 0"", ""pct"": 16.72}, {""score"": ""3 - 0"", ""pct"": 13.74}]"
Spain,Czech Republic,Neutral,2.234,0.466,78.1,16.5,5.4,78.9,6.6,6.7,5.5,0.9,1.4,92.1,7.9,"[{""score"": ""2 - 0"", ""pct"": 17.349999999999998}, {""score"": ""1 - 0"", ""pct"": 15.299999999999999}, {""score"": ""3 - 0"", ""pct"": 11.89}]"
Spain,Croatia,Neutral,1.965,0.735,66.8,21.4,11.8,66.7,7.3,8.3,12.1,2.4,3.1,82.3,17.6,"[{""score"": ""1 - 0"", ""pct"": 13.3}, {""score"": ""2 - 0"", ""pct"": 12.86}, {""score"": ""1 - 1"", ""pct"": 9.86}]"
Spain,Ecuador,Neutral,1.825,0.875,60.4,23.0,16.6,60.2,7.2,8.6,16.4,3.2,4.3,76.1,23.9,"[{""score"": ""1 - 0"", ""pct"": 12.86}, {""score"": ""2 - 0"", ""pct"": 10.43}, {""score"": ""1 - 1"", ""pct"": 10.23}]"
Spain,Brazil,Neutral,1.741,0.959,55.1,25.4,19.6,55.5,7.4,8.8,19.5,3.9,4.8,71.8,28.2,"[{""score"": ""1 - 0"", ""pct"": 12.16}, {""score"": ""1 - 1"", ""pct"": 10.979999999999999}, {""score"": ""2 - 0"", ""pct"": 10.07}]"
Spain,Bosnia and Herzegovina,Neutral,2.355,0.345,83.0,13.9,3.1,83.9,5.5,6.0,3.0,0.6,0.9,95.4,4.6,"[{""score"": ""2 - 0"", ""pct"": 19.06}, {""score"": ""1 - 0"", ""pct"": 17.11}, {""score"": ""3 - 0"", ""pct"": 14.11}]"
Spain,South Africa,Neutral,2.323,0.377,82.3,14.1,3.6,81.9,6.3,6.2,3.9,0.8,0.9,94.4,5.6,"[{""score"": ""2 - 0"", ""pct"": 18.3}, {""score"": ""1 - 0"", ""pct"": 16.61}, {""score"": ""3 - 0"", ""pct"": 14.38}]"
Spain,Paraguay,Neutral,2.046,0.654,70.5,19.7,9.8,71.7,7.1,7.6,9.2,2.0,2.4,86.4,13.6,"[{""score"": ""2 - 0"", ""pct"": 14.04}, {""score"": ""1 - 0"", ""pct"": 13.96}, {""score"": ""2 - 1"", ""pct"": 9.82}]"
Spain,Belgium,Neutral,2.022,0.678,69.4,20.2,10.4,69.4,7.3,8.3,10.4,2.2,2.5,84.9,15.1,"[{""score"": ""1 - 0"", ""pct"": 14.35}, {""score"": ""2 - 0"", ""pct"": 13.71}, {""score"": ""2 - 1"", ""pct"": 9.3}]"
Spain,Norway,Neutral,1.999,0.701,67.7,21.2,11.1,68.8,7.2,7.8,11.3,2.2,2.6,83.8,16.2,"[{""score"": ""1 - 0"", ""pct"": 14.030000000000001}, {""score"": ""2 - 0"", ""pct"": 12.85}, {""score"": ""1 - 1"", ""pct"": 9.55}]"
Spain,Algeria,Neutral,2.064,0.636,71.8,19.1,9.2,71.3,7.4,8.0,9.0,2.0,2.4,86.7,13.3,"[{""score"": ""1 - 0"", ""pct"": 14.610000000000001}, {""score"": ""2 - 0"", ""pct"": 14.249999999999998}, {""score"": ""3 - 0"", ""pct"": 9.379999999999999}]"
Portugal,Ivory Coast,Neutral,1.929,0.771,65.0,22.1,13.0,65.2,7.3,8.2,13.3,2.5,3.5,80.6,19.4,"[{""score"": ""1 - 0"", ""pct"": 13.76}, {""score"": ""2 - 0"", ""pct"": 12.06}, {""score"": ""2 - 1"", ""pct"": 9.8}]"
Portugal,Uzbekistan,Neutral,1.78,0.92,59.1,23.8,17.1,57.8,7.6,9.1,17.4,3.2,4.8,74.5,25.5,"[{""score"": ""1 - 0"", ""pct"": 13.03}, {""score"": ""2 - 0"", ""pct"": 11.74}, {""score"": ""1 - 1"", ""pct"": 11.05}]"
Portugal,Qatar,Neutral,2.277,0.423,80.8,14.7,4.5,80.6,6.1,6.5,4.8,0.8,1.2,93.2,6.8,"[{""score"": ""2 - 0"", ""pct"": 17.599999999999998}, {""score"": ""1 - 0"", ""pct"": 16.650000000000002}, {""score"": ""3 - 0"", ""pct"": 12.690000000000001}]"
Portugal,Panama,Neutral,1.805,0.895,59.5,23.8,16.7,58.9,8.0,8.6,16.7,3.4,4.4,75.5,24.5,"[{""score"": ""1 - 0"", ""pct"": 12.11}, {""score"": ""2 - 0"", ""pct"": 10.93}, {""score"": ""1 - 1"", ""pct"": 10.91}]"
Portugal,Saudi Arabia,Neutral,2.107,0.593,73.3,18.4,8.3,72.8,7.2,7.7,8.7,1.6,2.0,87.7,12.3,"[{""score"": ""2 - 0"", ""pct"": 14.84}, {""score"": ""1 - 0"", ""pct"": 14.729999999999999}, {""score"": ""3 - 0"", ""pct"": 9.94}]"
Portugal,Tunisia,Neutral,2.054,0.646,70.7,19.4,9.8,70.6,7.4,8.2,9.4,2.0,2.5,86.2,13.8,"[{""score"": ""1 - 0"", ""pct"": 14.729999999999999}, {""score"": ""2 - 0"", ""pct"": 13.850000000000001}, {""score"": ""2 - 1"", ""pct"": 9.17}]"
Portugal,Austria,Neutral,1.878,0.822,63.0,22.7,14.3,63.0,7.4,9.0,14.0,2.9,3.7,79.4,20.6,"[{""score"": ""1 - 0"", ""pct"": 13.600000000000001}, {""score"": ""2 - 0"", ""pct"": 11.07}, {""score"": ""1 - 1"", ""pct"": 10.14}]"
Portugal,Senegal,Neutral,1.671,1.029,52.2,26.0,21.8,52.3,7.2,8.4,22.6,4.2,5.3,68.0,32.0,"[{""score"": ""1 - 1"", ""pct"": 11.73}, {""score"": ""1 - 0"", ""pct"": 11.540000000000001}, {""score"": ""2 - 1"", ""pct"": 9.53}]"
Portugal,Netherlands,Neutral,1.516,1.184,43.7,27.4,28.9,44.8,7.0,7.8,29.0,4.7,6.6,59.7,40.3,"[{""score"": ""1 - 1"", ""pct"": 12.13}, {""score"": ""1 - 0"", ""pct"": 9.91}, {""score"": ""2 - 1"", ""pct"": 8.98}]"
Portugal,Colombia,Neutral,1.293,1.407,33.2,27.6,39.1,34.1,5.7,7.6,38.9,6.3,7.3,47.4,52.6,"[{""score"": ""1 - 1"", ""pct"": 12.78}, {""score"": ""0 - 1"", ""pct"": 9.55}, {""score"": ""1 - 0"", ""pct"": 8.84}]"
Portugal,South Korea,Neutral,1.677,1.023,52.2,25.5,22.3,52.6,6.9,8.7,22.6,4.2,5.0,68.2,31.8,"[{""score"": ""1 - 1"", ""pct"": 11.93}, {""score"": ""1 - 0"", ""pct"": 11.62}, {""score"": ""2 - 1"", ""pct"": 10.100000000000001}]"
Portugal,Switzerland,Neutral,1.7,1.0,52.7,25.4,21.9,54.0,7.8,9.0,20.6,3.9,4.6,70.8,29.2,"[{""score"": ""1 - 1"", ""pct"": 11.4}, {""score"": ""1 - 0"", ""pct"": 11.19}, {""score"": ""2 - 1"", ""pct"": 9.55}]"
Portugal,Australia,Neutral,1.6,1.1,49.6,25.4,25.0,48.2,7.5,8.2,26.1,4.3,5.7,63.9,36.1,"[{""score"": ""1 - 1"", ""pct"": 11.83}, {""score"": ""1 - 0"", ""pct"": 11.63}, {""score"": ""2 - 1"", ""pct"": 9.74}]"
Portugal,France,Neutral,1.144,1.556,26.7,27.1,46.2,26.6,5.0,6.0,46.6,7.0,8.7,37.7,62.3,"[{""score"": ""1 - 1"", ""pct"": 12.659999999999998}, {""score"": ""0 - 1"", ""pct"": 10.37}, {""score"": ""1 - 2"", ""pct"": 9.45}]"
Portugal,Morocco,Neutral,1.401,1.299,38.8,27.4,33.9,38.8,6.9,7.8,34.1,5.4,7.1,53.5,46.5,"[{""score"": ""1 - 1"", ""pct"": 12.3}, {""score"": ""1 - 0"", ""pct"": 9.77}, {""score"": ""0 - 1"", ""pct"": 9.030000000000001}]"
Portugal,Argentina,Neutral,0.904,1.796,17.6,22.9,59.5,17.8,3.1,4.3,58.5,7.5,8.8,25.2,74.8,"[{""score"": ""0 - 1"", ""pct"": 12.889999999999999}, {""score"": ""0 - 2"", ""pct"": 10.979999999999999}, {""score"": ""1 - 1"", ""pct"": 10.33}]"
Portugal,DR Congo,Neutral,1.998,0.702,68.2,20.5,11.3,68.7,7.0,8.0,11.0,2.4,2.9,83.7,16.3,"[{""score"": ""1 - 0"", ""pct"": 13.91}, {""score"": ""2 - 0"", ""pct"": 13.750000000000002}, {""score"": ""2 - 1"", ""pct"": 9.55}]"
Portugal,Iraq,Neutral,2.035,0.665,69.8,20.2,9.9,69.9,7.0,8.1,10.3,2.2,2.5,85.0,15.0,"[{""score"": ""1 - 0"", ""pct"": 14.149999999999999}, {""score"": ""2 - 0"", ""pct"": 13.88}, {""score"": ""2 - 1"", ""pct"": 9.41}]"
Portugal,Mexico,Neutral,1.486,1.214,42.3,27.5,30.2,43.7,6.5,8.0,29.8,5.3,6.7,58.2,41.8,"[{""score"": ""1 - 1"", ""pct"": 12.559999999999999}, {""score"": ""1 - 0"", ""pct"": 10.280000000000001}, {""score"": ""2 - 1"", ""pct"": 9.35}]"
Portugal,Cape Verde,Neutral,2.213,0.487,78.3,15.7,6.1,78.0,6.6,6.8,6.0,1.1,1.5,91.4,8.6,"[{""score"": ""2 - 0"", ""pct"": 16.81}, {""score"": ""1 - 0"", ""pct"": 15.329999999999998}, {""score"": ""3 - 0"", ""pct"": 11.72}]"
Portugal,Canada,Neutral,1.735,0.965,55.9,24.8,19.3,54.9,7.7,8.9,19.7,3.9,5.1,71.4,28.6,"[{""score"": ""1 - 0"", ""pct"": 12.09}, {""score"": ""1 - 1"", ""pct"": 11.19}, {""score"": ""2 - 1"", ""pct"": 9.89}]"
Portugal,Egypt,Neutral,1.977,0.723,66.5,21.1,12.4,67.4,7.7,8.2,11.7,2.1,2.9,83.3,16.7,"[{""score"": ""1 - 0"", ""pct"": 13.83}, {""score"": ""2 - 0"", ""pct"": 12.479999999999999}, {""score"": ""1 - 1"", ""pct"": 9.44}]"
Portugal,Spain,Neutral,0.917,1.783,17.9,24.3,57.8,17.8,3.8,4.5,57.9,6.9,9.0,26.2,73.8,"[{""score"": ""0 - 1"", ""pct"": 12.34}, {""score"": ""1 - 1"", ""pct"": 11.129999999999999}, {""score"": ""0 - 2"", ""pct"": 10.66}]"
Portugal,Turkey,Neutral,1.652,1.048,50.4,26.3,23.3,52.1,7.0,7.9,23.2,4.2,5.6,67.1,33.0,"[{""score"": ""1 - 1"", ""pct"": 12.0}, {""score"": ""1 - 0"", ""pct"": 11.75}, {""score"": ""2 - 1"", ""pct"": 9.139999999999999}]"
Portugal,New Zealand,Neutral,2.096,0.604,72.1,18.9,9.0,73.2,6.8,7.9,8.4,1.5,2.1,87.9,12.1,"[{""score"": ""2 - 0"", ""pct"": 14.899999999999999}, {""score"": ""1 - 0"", ""pct"": 13.84}, {""score"": ""3 - 0"", ""pct"": 9.959999999999999}]"
Portugal,England,Neutral,1.231,1.469,31.1,26.3,42.6,30.8,5.5,6.5,42.3,6.7,8.2,42.8,57.2,"[{""score"": ""1 - 1"", ""pct"": 12.16}, {""score"": ""0 - 1"", ""pct"": 10.100000000000001}, {""score"": ""1 - 2"", ""pct"": 9.32}]"
Portugal,Haiti,Neutral,2.068,0.632,72.2,18.9,8.9,71.5,7.3,8.2,9.0,1.8,2.3,87.0,13.1,"[{""score"": ""1 - 0"", ""pct"": 14.790000000000001}, {""score"": ""2 - 0"", ""pct"": 14.2}, {""score"": ""3 - 0"", ""pct"": 9.569999999999999}]"
Portugal,Scotland,Neutral,1.929,0.771,64.4,22.2,13.3,65.2,7.4,8.3,13.1,2.6,3.5,80.9,19.1,"[{""score"": ""1 - 0"", ""pct"": 13.639999999999999}, {""score"": ""2 - 0"", ""pct"": 11.88}, {""score"": ""1 - 1"", ""pct"": 9.94}]"
Portugal,Germany,Neutral,1.535,1.165,45.3,25.9,28.8,45.6,7.4,7.8,28.3,4.8,6.1,60.7,39.3,"[{""score"": ""1 - 1"", ""pct"": 12.21}, {""score"": ""1 - 0"", ""pct"": 10.58}, {""score"": ""2 - 1"", ""pct"": 9.29}]"
Portugal,Japan,Neutral,1.392,1.308,38.1,27.5,34.4,39.0,6.2,7.3,34.7,5.6,7.0,52.6,47.4,"[{""score"": ""1 - 1"", ""pct"": 12.76}, {""score"": ""1 - 0"", ""pct"": 9.47}, {""score"": ""0 - 1"", ""pct"": 8.67}]"
Portugal,Curaçao,Neutral,2.229,0.471,78.8,15.7,5.6,79.0,6.5,6.8,5.4,1.1,1.2,92.3,7.7,"[{""score"": ""2 - 0"", ""pct"": 17.37}, {""score"": ""1 - 0"", ""pct"": 15.24}, {""score"": ""3 - 0"", ""pct"": 12.3}]"
Portugal,Uruguay,Neutral,1.507,1.193,43.6,27.0,29.4,44.4,6.9,8.2,28.9,5.0,6.7,59.4,40.6,"[{""score"": ""1 - 1"", ""pct"": 12.26}, {""score"": ""1 - 0"", ""pct"": 10.25}, {""score"": ""2 - 1"", ""pct"": 9.54}]"
Portugal,Sweden,Neutral,2.113,0.587,73.5,18.6,7.9,73.1,7.3,8.0,8.0,1.5,2.1,88.4,11.6,"[{""score"": ""1 - 0"", ""pct"": 15.229999999999999}, {""score"": ""2 - 0"", ""pct"": 14.87}, {""score"": ""3 - 0"", ""pct"": 10.11}]"
Portugal,Iran,Neutral,1.638,1.062,50.2,25.9,23.8,51.0,7.4,8.1,23.2,4.6,5.8,66.4,33.6,"[{""score"": ""1 - 1"", ""pct"": 12.25}, {""score"": ""1 - 0"", ""pct"": 11.55}, {""score"": ""2 - 1"", ""pct"": 9.139999999999999}]"
Portugal,United States,Neutral,1.869,0.831,62.0,22.9,15.2,62.8,7.9,8.3,14.4,2.7,3.8,79.1,20.9,"[{""score"": ""1 - 0"", ""pct"": 13.170000000000002}, {""score"": ""2 - 0"", ""pct"": 11.39}, {""score"": ""1 - 1"", ""pct"": 9.75}]"
Portugal,Jordan,Neutral,1.908,0.792,64.2,21.9,13.8,63.6,7.5,8.3,14.4,2.8,3.4,79.4,20.6,"[{""score"": ""1 - 0"", ""pct"": 13.41}, {""score"": ""2 - 0"", ""pct"": 12.29}, {""score"": ""1 - 1"", ""pct"": 9.94}]"
Portugal,Ghana,Neutral,2.217,0.483,78.0,16.1,6.0,78.1,6.2,7.2,5.9,1.1,1.5,91.5,8.5,"[{""score"": ""2 - 0"", ""pct"": 17.09}, {""score"": ""1 - 0"", ""pct"": 15.49}, {""score"": ""3 - 0"", ""pct"": 11.65}]"
Portugal,Czech Republic,Neutral,2.009,0.691,68.8,20.1,11.2,68.3,7.0,8.3,11.5,2.2,2.8,83.6,16.4,"[{""score"": ""1 - 0"", ""pct"": 14.17}, {""score"": ""2 - 0"", ""pct"": 13.77}, {""score"": ""2 - 1"", ""pct"": 9.520000000000001}]"
Portugal,Croatia,Neutral,1.583,1.117,46.7,26.9,26.5,47.9,7.1,8.6,25.4,4.8,6.2,63.6,36.4,"[{""score"": ""1 - 1"", ""pct"": 11.83}, {""score"": ""1 - 0"", ""pct"": 10.73}, {""score"": ""2 - 1"", ""pct"": 9.21}]"
Portugal,Ecuador,Neutral,1.4,1.3,38.5,27.6,34.0,38.8,6.5,7.4,34.9,5.5,7.0,52.7,47.3,"[{""score"": ""1 - 1"", ""pct"": 12.2}, {""score"": ""1 - 0"", ""pct"": 9.43}, {""score"": ""0 - 1"", ""pct"": 9.01}]"
Portugal,Brazil,Neutral,1.302,1.398,33.8,26.7,39.5,34.4,5.7,6.9,39.4,6.2,7.4,47.0,53.0,"[{""score"": ""1 - 1"", ""pct"": 12.55}, {""score"": ""0 - 1"", ""pct"": 9.58}, {""score"": ""1 - 2"", ""pct"": 9.15}]"
Portugal,Bosnia and Herzegovina,Neutral,2.244,0.456,78.7,16.0,5.2,79.0,6.2,7.3,5.1,0.9,1.4,92.6,7.5,"[{""score"": ""2 - 0"", ""pct"": 17.62}, {""score"": ""1 - 0"", ""pct"": 15.299999999999999}, {""score"": ""3 - 0"", ""pct"": 12.35}]"
Portugal,South Africa,Neutral,2.179,0.521,76.8,16.3,6.9,75.6,7.1,7.3,6.7,1.5,1.8,90.0,10.0,"[{""score"": ""2 - 0"", ""pct"": 15.459999999999999}, {""score"": ""1 - 0"", ""pct"": 15.4}, {""score"": ""3 - 0"", ""pct"": 11.469999999999999}]"
Portugal,Paraguay,Neutral,1.7,1.0,53.4,24.7,21.9,53.1,7.6,8.9,21.4,3.8,5.1,69.7,30.3,"[{""score"": ""1 - 0"", ""pct"": 11.65}, {""score"": ""1 - 1"", ""pct"": 11.03}, {""score"": ""2 - 1"", ""pct"": 9.87}]"
Portugal,Belgium,Neutral,1.666,1.034,51.9,25.0,23.1,52.0,7.4,8.5,22.2,4.2,5.7,68.0,32.0,"[{""score"": ""1 - 0"", ""pct"": 11.31}, {""score"": ""1 - 1"", ""pct"": 11.12}, {""score"": ""2 - 1"", ""pct"": 9.11}]"
Portugal,Norway,Neutral,1.632,1.068,50.9,25.6,23.5,49.6,7.5,8.6,24.1,4.1,6.0,65.8,34.2,"[{""score"": ""1 - 0"", ""pct"": 11.85}, {""score"": ""1 - 1"", ""pct"": 11.41}, {""score"": ""2 - 1"", ""pct"": 9.49}]"
Portugal,Algeria,Neutral,1.728,0.972,55.0,25.1,19.9,56.2,7.6,8.6,19.1,3.5,5.1,72.4,27.6,"[{""score"": ""1 - 0"", ""pct"": 12.07}, {""score"": ""1 - 1"", ""pct"": 11.57}, {""score"": ""2 - 0"", ""pct"": 10.16}]"
Turkey,Ivory Coast,Neutral,1.674,1.026,52.2,25.7,22.0,52.0,7.7,8.3,22.2,4.2,5.6,68.0,32.0,"[{""score"": ""1 - 1"", ""pct"": 11.57}, {""score"": ""1 - 0"", ""pct"": 11.559999999999999}, {""score"": ""2 - 1"", ""pct"": 9.73}]"
Turkey,Uzbekistan,Neutral,1.494,1.206,43.4,27.3,29.3,43.4,6.8,8.0,29.9,5.1,6.8,58.1,41.9,"[{""score"": ""1 - 1"", ""pct"": 12.2}, {""score"": ""1 - 0"", ""pct"": 9.969999999999999}, {""score"": ""2 - 1"", ""pct"": 9.31}]"
Turkey,Qatar,Neutral,2.163,0.537,74.9,17.9,7.2,76.2,6.9,7.0,6.7,1.3,1.9,90.1,9.9,"[{""score"": ""2 - 0"", ""pct"": 15.709999999999999}, {""score"": ""1 - 0"", ""pct"": 15.03}, {""score"": ""3 - 0"", ""pct"": 10.76}]"
Turkey,Panama,Neutral,1.523,1.177,45.2,26.4,28.4,44.7,6.7,8.5,28.7,4.9,6.6,59.9,40.1,"[{""score"": ""1 - 1"", ""pct"": 12.16}, {""score"": ""1 - 0"", ""pct"": 10.27}, {""score"": ""2 - 1"", ""pct"": 9.25}]"
Turkey,Saudi Arabia,Neutral,1.911,0.789,64.3,22.3,13.4,63.9,7.8,8.2,14.1,2.6,3.3,79.9,20.1,"[{""score"": ""1 - 0"", ""pct"": 13.19}, {""score"": ""2 - 0"", ""pct"": 12.44}, {""score"": ""2 - 1"", ""pct"": 9.959999999999999}]"
Turkey,Tunisia,Neutral,1.838,0.862,60.1,24.2,15.8,60.7,7.8,8.7,15.9,2.9,4.1,77.2,22.8,"[{""score"": ""1 - 0"", ""pct"": 12.91}, {""score"": ""2 - 0"", ""pct"": 11.49}, {""score"": ""1 - 1"", ""pct"": 10.85}]"
Turkey,Austria,Neutral,1.611,1.089,48.2,27.0,24.8,48.1,7.5,8.2,25.5,4.8,5.9,63.8,36.2,"[{""score"": ""1 - 1"", ""pct"": 12.27}, {""score"": ""1 - 0"", ""pct"": 10.69}, {""score"": ""2 - 1"", ""pct"": 8.98}]"
Turkey,Senegal,Neutral,1.371,1.329,37.6,27.2,35.2,36.5,6.6,8.0,35.4,5.9,7.7,51.0,49.0,"[{""score"": ""1 - 1"", ""pct"": 11.940000000000001}, {""score"": ""1 - 0"", ""pct"": 9.120000000000001}, {""score"": ""0 - 1"", ""pct"": 9.08}]"
Turkey,Netherlands,Neutral,1.208,1.492,30.0,27.2,42.8,29.6,5.5,6.2,44.5,6.5,7.6,41.3,58.7,"[{""score"": ""1 - 1"", ""pct"": 12.35}, {""score"": ""0 - 1"", ""pct"": 9.700000000000001}, {""score"": ""1 - 2"", ""pct"": 8.77}]"
Turkey,Colombia,Neutral,0.996,1.704,21.4,25.0,53.6,21.6,3.7,4.9,53.9,7.2,8.7,30.2,69.8,"[{""score"": ""0 - 1"", ""pct"": 12.27}, {""score"": ""1 - 1"", ""pct"": 11.61}, {""score"": ""1 - 2"", ""pct"": 10.209999999999999}]"
Turkey,South Korea,Neutral,1.377,1.323,37.3,27.2,35.5,36.8,6.1,7.7,36.3,5.8,7.3,50.6,49.4,"[{""score"": ""1 - 1"", ""pct"": 12.41}, {""score"": ""0 - 1"", ""pct"": 9.11}, {""score"": ""1 - 0"", ""pct"": 9.0}]"
Turkey,Switzerland,Neutral,1.403,1.297,38.8,26.8,34.5,39.0,6.2,7.7,33.9,5.6,7.7,52.9,47.1,"[{""score"": ""1 - 1"", ""pct"": 12.25}, {""score"": ""1 - 0"", ""pct"": 9.58}, {""score"": ""2 - 1"", ""pct"": 8.790000000000001}]"
Turkey,Australia,Neutral,1.295,1.405,33.6,27.3,39.1,33.8,5.7,7.1,39.2,6.5,7.6,46.7,53.3,"[{""score"": ""1 - 1"", ""pct"": 12.740000000000002}, {""score"": ""0 - 1"", ""pct"": 9.32}, {""score"": ""1 - 2"", ""pct"": 8.469999999999999}]"
Turkey,France,Neutral,0.867,1.833,15.4,23.6,60.9,16.4,2.9,4.1,60.0,7.5,9.1,23.4,76.6,"[{""score"": ""0 - 1"", ""pct"": 12.839999999999998}, {""score"": ""1 - 1"", ""pct"": 10.85}, {""score"": ""0 - 2"", ""pct"": 10.83}]"
Turkey,Morocco,Neutral,1.096,1.604,24.6,26.3,49.0,25.1,4.7,5.7,49.7,6.9,8.0,35.4,64.6,"[{""score"": ""1 - 1"", ""pct"": 11.85}, {""score"": ""0 - 1"", ""pct"": 11.33}, {""score"": ""1 - 2"", ""pct"": 9.120000000000001}]"
Turkey,Argentina,Neutral,0.677,2.023,10.2,19.9,69.9,10.4,2.0,2.7,68.9,7.5,8.5,15.1,84.9,"[{""score"": ""0 - 1"", ""pct"": 14.32}, {""score"": ""0 - 2"", ""pct"": 13.91}, {""score"": ""1 - 2"", ""pct"": 9.86}]"
Turkey,DR Congo,Neutral,1.763,0.937,57.4,24.2,18.4,56.8,7.5,9.2,18.8,3.4,4.3,73.4,26.6,"[{""score"": ""1 - 0"", ""pct"": 12.55}, {""score"": ""1 - 1"", ""pct"": 11.17}, {""score"": ""2 - 1"", ""pct"": 10.299999999999999}]"
Turkey,Iraq,Neutral,1.812,0.888,59.0,23.6,17.3,59.5,7.7,8.5,16.7,3.2,4.3,75.7,24.3,"[{""score"": ""1 - 0"", ""pct"": 12.83}, {""score"": ""1 - 1"", ""pct"": 10.68}, {""score"": ""2 - 0"", ""pct"": 10.56}]"
Turkey,Mexico,Neutral,1.178,1.522,28.2,26.7,45.1,29.6,4.8,6.5,44.5,7.1,7.5,40.8,59.2,"[{""score"": ""1 - 1"", ""pct"": 12.280000000000001}, {""score"": ""0 - 1"", ""pct"": 10.37}, {""score"": ""1 - 2"", ""pct"": 9.31}]"
Turkey,Cape Verde,Neutral,2.065,0.635,70.8,19.3,9.8,71.2,7.7,8.0,9.0,1.8,2.4,86.8,13.2,"[{""score"": ""2 - 0"", ""pct"": 14.6}, {""score"": ""1 - 0"", ""pct"": 14.360000000000001}, {""score"": ""3 - 0"", ""pct"": 9.49}]"
Turkey,Canada,Neutral,1.442,1.258,40.4,27.1,32.5,40.6,6.5,8.0,32.3,5.7,6.7,55.2,44.8,"[{""score"": ""1 - 1"", ""pct"": 11.86}, {""score"": ""1 - 0"", ""pct"": 9.73}, {""score"": ""2 - 1"", ""pct"": 8.86}]"
Turkey,Egypt,Neutral,1.735,0.965,56.4,24.5,19.1,55.9,7.4,8.3,20.1,3.6,4.7,71.6,28.4,"[{""score"": ""1 - 0"", ""pct"": 12.030000000000001}, {""score"": ""1 - 1"", ""pct"": 10.93}, {""score"": ""2 - 0"", ""pct"": 10.24}]"
Turkey,Spain,Neutral,0.687,2.013,10.5,19.9,69.6,10.8,2.2,2.9,69.5,7.2,7.4,15.8,84.2,"[{""score"": ""0 - 2"", ""pct"": 14.000000000000002}, {""score"": ""0 - 1"", ""pct"": 13.96}, {""score"": ""1 - 2"", ""pct"": 9.42}]"
Turkey,Portugal,Neutral,1.048,1.652,23.1,25.9,50.9,23.8,4.2,5.2,50.4,7.4,8.9,33.2,66.8,"[{""score"": ""0 - 1"", ""pct"": 11.61}, {""score"": ""1 - 1"", ""pct"": 11.59}, {""score"": ""1 - 2"", ""pct"": 9.67}]"
Turkey,New Zealand,Neutral,1.895,0.805,63.0,22.7,14.3,63.2,7.5,8.5,14.3,2.9,3.7,79.2,20.8,"[{""score"": ""1 - 0"", ""pct"": 13.11}, {""score"": ""2 - 0"", ""pct"": 11.97}, {""score"": ""1 - 1"", ""pct"": 10.299999999999999}]"
Turkey,England,Neutral,0.941,1.759,18.8,24.2,56.9,18.3,3.5,4.8,57.3,7.7,8.5,26.6,73.4,"[{""score"": ""0 - 1"", ""pct"": 12.43}, {""score"": ""1 - 1"", ""pct"": 10.89}, {""score"": ""0 - 2"", ""pct"": 10.25}]"
Turkey,Haiti,Neutral,1.857,0.843,61.1,22.9,16.0,60.8,7.8,8.7,15.6,3.1,4.0,77.3,22.7,"[{""score"": ""1 - 0"", ""pct"": 12.959999999999999}, {""score"": ""2 - 0"", ""pct"": 11.43}, {""score"": ""1 - 1"", ""pct"": 10.09}]"
Turkey,Scotland,Neutral,1.673,1.027,52.2,25.5,22.3,53.1,7.2,8.3,22.1,4.1,5.2,68.6,31.4,"[{""score"": ""1 - 0"", ""pct"": 11.690000000000001}, {""score"": ""1 - 1"", ""pct"": 11.39}, {""score"": ""2 - 0"", ""pct"": 9.28}]"
Turkey,Germany,Neutral,1.228,1.472,31.5,26.6,41.9,30.4,5.8,6.5,43.1,6.6,7.7,42.7,57.3,"[{""score"": ""1 - 1"", ""pct"": 12.379999999999999}, {""score"": ""0 - 1"", ""pct"": 9.950000000000001}, {""score"": ""1 - 2"", ""pct"": 8.6}]"
Turkey,Japan,Neutral,1.088,1.612,24.5,26.6,48.9,24.4,4.5,5.9,49.7,6.9,8.5,34.8,65.2,"[{""score"": ""1 - 1"", ""pct"": 12.15}, {""score"": ""0 - 1"", ""pct"": 11.17}, {""score"": ""1 - 2"", ""pct"": 9.46}]"
Turkey,Curaçao,Neutral,2.089,0.611,73.6,18.1,8.4,72.2,7.8,7.0,8.8,1.8,2.4,87.0,13.0,"[{""score"": ""2 - 0"", ""pct"": 14.85}, {""score"": ""1 - 0"", ""pct"": 14.330000000000002}, {""score"": ""3 - 0"", ""pct"": 10.22}]"
Turkey,Uruguay,Neutral,1.199,1.501,29.8,26.6,43.6,29.4,5.1,6.8,44.0,6.6,8.1,41.3,58.7,"[{""score"": ""1 - 1"", ""pct"": 12.1}, {""score"": ""0 - 1"", ""pct"": 10.01}, {""score"": ""1 - 2"", ""pct"": 9.45}]"
Turkey,Sweden,Neutral,1.919,0.781,65.3,21.3,13.4,64.5,7.5,8.2,13.8,2.5,3.4,80.3,19.7,"[{""score"": ""1 - 0"", ""pct"": 13.56}, {""score"": ""2 - 0"", ""pct"": 12.27}, {""score"": ""2 - 1"", ""pct"": 9.66}]"
Turkey,Iran,Neutral,1.335,1.365,36.1,26.5,37.4,35.1,5.8,7.7,37.9,5.9,7.6,48.6,51.4,"[{""score"": ""1 - 1"", ""pct"": 12.04}, {""score"": ""0 - 1"", ""pct"": 9.22}, {""score"": ""1 - 0"", ""pct"": 8.799999999999999}]"
Turkey,United States,Neutral,1.6,1.1,48.8,25.8,25.4,49.2,7.2,8.6,25.0,4.3,5.7,65.0,35.0,"[{""score"": ""1 - 1"", ""pct"": 11.74}, {""score"": ""1 - 0"", ""pct"": 11.05}, {""score"": ""2 - 1"", ""pct"": 9.45}]"
Turkey,Jordan,Neutral,1.648,1.052,51.5,25.7,22.8,51.1,7.6,8.9,22.9,4.2,5.3,67.6,32.4,"[{""score"": ""1 - 1"", ""pct"": 11.55}, {""score"": ""1 - 0"", ""pct"": 11.27}, {""score"": ""2 - 1"", ""pct"": 9.49}]"
Turkey,Ghana,Neutral,2.071,0.629,71.8,19.2,9.0,71.8,7.1,7.7,9.2,1.7,2.5,86.6,13.4,"[{""score"": ""1 - 0"", ""pct"": 14.580000000000002}, {""score"": ""2 - 0"", ""pct"": 14.23}, {""score"": ""3 - 0"", ""pct"": 9.51}]"
Turkey,Czech Republic,Neutral,1.778,0.922,57.5,23.6,18.9,58.6,7.8,8.2,17.5,3.6,4.3,74.6,25.5,"[{""score"": ""1 - 0"", ""pct"": 12.17}, {""score"": ""2 - 0"", ""pct"": 10.69}, {""score"": ""1 - 1"", ""pct"": 10.639999999999999}]"
Turkey,Croatia,Neutral,1.277,1.423,32.5,27.2,40.4,32.5,5.7,7.1,40.2,6.9,7.6,45.3,54.7,"[{""score"": ""1 - 1"", ""pct"": 12.6}, {""score"": ""0 - 1"", ""pct"": 9.93}, {""score"": ""1 - 2"", ""pct"": 8.82}]"
Turkey,Ecuador,Neutral,1.095,1.605,24.8,26.4,48.8,25.1,4.5,5.7,49.2,7.2,8.2,35.4,64.6,"[{""score"": ""1 - 1"", ""pct"": 12.24}, {""score"": ""0 - 1"", ""pct"": 10.82}, {""score"": ""1 - 2"", ""pct"": 9.6}]"
Turkey,Brazil,Neutral,1.004,1.696,21.4,25.0,53.6,21.5,4.1,5.2,52.6,8.2,8.5,30.7,69.3,"[{""score"": ""0 - 1"", ""pct"": 11.77}, {""score"": ""1 - 1"", ""pct"": 11.06}, {""score"": ""1 - 2"", ""pct"": 10.23}]"
Turkey,Bosnia and Herzegovina,Neutral,2.112,0.588,72.7,19.0,8.3,73.3,7.7,7.4,7.8,1.7,2.2,88.4,11.6,"[{""score"": ""2 - 0"", ""pct"": 14.74}, {""score"": ""1 - 0"", ""pct"": 14.540000000000001}, {""score"": ""3 - 0"", ""pct"": 10.39}]"
Turkey,South Africa,Neutral,2.014,0.686,68.7,20.5,10.8,69.0,7.4,8.1,11.2,1.8,2.5,84.5,15.5,"[{""score"": ""1 - 0"", ""pct"": 14.08}, {""score"": ""2 - 0"", ""pct"": 13.43}, {""score"": ""2 - 1"", ""pct"": 9.69}]"
Turkey,Paraguay,Neutral,1.403,1.297,37.9,28.0,34.1,38.6,6.1,8.4,34.5,5.4,7.1,53.1,47.0,"[{""score"": ""1 - 1"", ""pct"": 12.6}, {""score"": ""1 - 0"", ""pct"": 9.29}, {""score"": ""2 - 1"", ""pct"": 8.72}]"
Turkey,Belgium,Neutral,1.365,1.335,37.0,27.7,35.3,36.5,6.3,7.5,36.5,6.2,7.0,50.4,49.6,"[{""score"": ""1 - 1"", ""pct"": 12.030000000000001}, {""score"": ""1 - 0"", ""pct"": 9.25}, {""score"": ""0 - 1"", ""pct"": 8.780000000000001}]"
Turkey,Norway,Neutral,1.329,1.371,36.7,26.6,36.7,35.6,6.1,7.6,37.3,5.6,7.7,49.4,50.6,"[{""score"": ""1 - 1"", ""pct"": 12.809999999999999}, {""score"": ""0 - 1"", ""pct"": 9.33}, {""score"": ""1 - 0"", ""pct"": 9.3}]"
Turkey,Algeria,Neutral,1.435,1.265,40.6,26.8,32.6,40.7,6.3,8.1,32.1,5.7,7.0,55.1,44.9,"[{""score"": ""1 - 1"", ""pct"": 12.09}, {""score"": ""1 - 0"", ""pct"": 9.41}, {""score"": ""2 - 1"", ""pct"": 9.15}]"
New Zealand,Ivory Coast,Neutral,1.091,1.609,24.9,26.1,49.0,24.7,4.5,6.1,49.7,7.0,7.9,35.3,64.7,"[{""score"": ""1 - 1"", ""pct"": 11.78}, {""score"": ""0 - 1"", ""pct"": 11.33}, {""score"": ""1 - 2"", ""pct"": 9.35}]"
New Zealand,Uzbekistan,Neutral,0.921,1.779,17.8,23.8,58.4,17.8,3.3,4.8,57.4,8.0,8.8,25.9,74.1,"[{""score"": ""0 - 1"", ""pct"": 13.13}, {""score"": ""1 - 1"", ""pct"": 10.69}, {""score"": ""0 - 2"", ""pct"": 10.52}]"
New Zealand,Qatar,Neutral,1.772,0.928,57.7,24.0,18.3,57.7,7.1,8.4,18.6,3.6,4.6,73.2,26.8,"[{""score"": ""1 - 0"", ""pct"": 13.16}, {""score"": ""1 - 1"", ""pct"": 10.42}, {""score"": ""2 - 0"", ""pct"": 10.05}]"
New Zealand,Panama,Neutral,0.946,1.754,18.8,23.8,57.3,18.9,3.5,4.5,57.0,7.6,8.5,26.9,73.1,"[{""score"": ""0 - 1"", ""pct"": 13.18}, {""score"": ""1 - 1"", ""pct"": 10.39}, {""score"": ""1 - 2"", ""pct"": 9.8}]"
New Zealand,Saudi Arabia,Neutral,1.371,1.329,37.5,27.0,35.5,38.0,6.2,7.3,35.3,6.0,7.4,51.4,48.6,"[{""score"": ""1 - 1"", ""pct"": 12.49}, {""score"": ""1 - 0"", ""pct"": 9.47}, {""score"": ""0 - 1"", ""pct"": 8.86}]"
New Zealand,Tunisia,Neutral,1.277,1.423,33.1,27.3,39.6,33.9,5.4,7.0,39.9,6.2,7.7,46.2,53.8,"[{""score"": ""1 - 1"", ""pct"": 12.950000000000001}, {""score"": ""0 - 1"", ""pct"": 9.49}, {""score"": ""1 - 0"", ""pct"": 8.74}]"
New Zealand,Austria,Neutral,1.027,1.673,21.3,25.5,53.2,22.6,4.1,5.9,51.7,7.0,8.6,32.7,67.3,"[{""score"": ""0 - 1"", ""pct"": 12.030000000000001}, {""score"": ""1 - 1"", ""pct"": 11.17}, {""score"": ""1 - 2"", ""pct"": 9.700000000000001}]"
New Zealand,Senegal,Neutral,0.821,1.879,14.1,22.8,63.1,14.2,2.9,3.7,63.2,7.7,8.3,20.8,79.2,"[{""score"": ""0 - 1"", ""pct"": 13.44}, {""score"": ""0 - 2"", ""pct"": 11.81}, {""score"": ""1 - 1"", ""pct"": 10.25}]"
New Zealand,Netherlands,Neutral,0.704,1.996,10.7,20.2,69.1,11.2,2.0,3.0,67.8,7.4,8.6,16.2,83.8,"[{""score"": ""0 - 1"", ""pct"": 14.46}, {""score"": ""0 - 2"", ""pct"": 13.450000000000001}, {""score"": ""1 - 2"", ""pct"": 9.25}]"
New Zealand,Colombia,Neutral,0.574,2.126,7.8,18.8,73.4,7.9,1.5,2.2,73.9,6.6,7.9,11.6,88.4,"[{""score"": ""0 - 2"", ""pct"": 15.329999999999998}, {""score"": ""0 - 1"", ""pct"": 14.82}, {""score"": ""0 - 3"", ""pct"": 9.66}]"
New Zealand,South Korea,Neutral,0.825,1.875,14.6,22.6,62.8,14.6,2.9,3.6,62.9,7.8,8.2,21.1,78.9,"[{""score"": ""0 - 1"", ""pct"": 13.200000000000001}, {""score"": ""0 - 2"", ""pct"": 11.360000000000001}, {""score"": ""1 - 1"", ""pct"": 10.63}]"
New Zealand,Switzerland,Neutral,0.845,1.855,15.7,23.5,60.8,15.3,3.2,4.1,60.7,7.6,9.0,22.6,77.4,"[{""score"": ""0 - 1"", ""pct"": 12.11}, {""score"": ""0 - 2"", ""pct"": 11.74}, {""score"": ""1 - 1"", ""pct"": 10.72}]"
New Zealand,Australia,Neutral,0.764,1.936,13.0,21.6,65.4,12.8,2.6,3.7,65.0,7.6,8.2,19.1,80.9,"[{""score"": ""0 - 1"", ""pct"": 13.25}, {""score"": ""0 - 2"", ""pct"": 12.29}, {""score"": ""1 - 2"", ""pct"": 9.9}]"
New Zealand,France,Neutral,0.506,2.194,6.6,16.7,76.7,6.1,1.3,1.6,77.3,6.7,7.1,9.0,91.0,"[{""score"": ""0 - 2"", ""pct"": 16.81}, {""score"": ""0 - 1"", ""pct"": 15.740000000000002}, {""score"": ""0 - 3"", ""pct"": 10.459999999999999}]"
New Zealand,Morocco,Neutral,0.633,2.067,8.8,19.4,71.8,9.3,1.6,2.5,71.0,7.4,8.2,13.4,86.6,"[{""score"": ""0 - 2"", ""pct"": 14.57}, {""score"": ""0 - 1"", ""pct"": 14.099999999999998}, {""score"": ""0 - 3"", ""pct"": 9.8}]"
New Zealand,Argentina,Neutral,0.415,2.285,4.1,14.8,81.0,4.4,0.9,1.3,80.8,6.0,6.7,6.5,93.5,"[{""score"": ""0 - 2"", ""pct"": 17.580000000000002}, {""score"": ""0 - 1"", ""pct"": 16.36}, {""score"": ""0 - 3"", ""pct"": 13.23}]"
New Zealand,DR Congo,Neutral,1.187,1.513,29.3,26.1,44.6,28.1,5.5,6.4,44.6,6.9,8.5,40.0,60.0,"[{""score"": ""1 - 1"", ""pct"": 11.74}, {""score"": ""0 - 1"", ""pct"": 10.96}, {""score"": ""1 - 2"", ""pct"": 9.15}]"
New Zealand,Iraq,Neutral,1.245,1.455,31.6,27.8,40.6,32.1,5.3,7.0,41.1,6.6,7.8,44.5,55.5,"[{""score"": ""1 - 1"", ""pct"": 12.520000000000001}, {""score"": ""0 - 1"", ""pct"": 10.2}, {""score"": ""1 - 2"", ""pct"": 8.53}]"
New Zealand,Mexico,Neutral,0.685,2.015,10.5,19.8,69.7,11.1,2.3,2.6,69.1,7.0,8.0,16.0,84.0,"[{""score"": ""0 - 1"", ""pct"": 14.81}, {""score"": ""0 - 2"", ""pct"": 12.98}, {""score"": ""1 - 2"", ""pct"": 9.229999999999999}]"
New Zealand,Cape Verde,Neutral,1.601,1.099,48.3,25.8,25.9,48.5,6.9,8.5,25.9,4.6,5.6,63.9,36.1,"[{""score"": ""1 - 1"", ""pct"": 11.16}, {""score"": ""1 - 0"", ""pct"": 11.09}, {""score"": ""2 - 1"", ""pct"": 9.180000000000001}]"
New Zealand,Canada,Neutral,0.877,1.823,16.6,23.4,60.0,16.7,3.2,3.9,60.3,7.3,8.6,23.8,76.2,"[{""score"": ""0 - 1"", ""pct"": 12.85}, {""score"": ""0 - 2"", ""pct"": 10.58}, {""score"": ""1 - 1"", ""pct"": 10.47}]"
New Zealand,Egypt,Neutral,1.156,1.544,27.3,26.7,46.1,28.1,5.0,6.2,45.3,6.9,8.4,39.4,60.6,"[{""score"": ""1 - 1"", ""pct"": 12.629999999999999}, {""score"": ""0 - 1"", ""pct"": 10.11}, {""score"": ""1 - 2"", ""pct"": 8.94}]"
New Zealand,Spain,Neutral,0.42,2.28,4.1,14.9,81.0,4.5,1.0,1.3,80.3,6.6,6.3,6.8,93.2,"[{""score"": ""0 - 2"", ""pct"": 17.28}, {""score"": ""0 - 1"", ""pct"": 16.33}, {""score"": ""0 - 3"", ""pct"": 13.200000000000001}]"
New Zealand,Portugal,Neutral,0.604,2.096,8.8,18.5,72.7,8.4,1.6,2.2,72.6,7.0,8.2,12.2,87.8,"[{""score"": ""0 - 2"", ""pct"": 14.87}, {""score"": ""0 - 1"", ""pct"": 14.77}, {""score"": ""0 - 3"", ""pct"": 9.68}]"
New Zealand,Turkey,Neutral,0.805,1.895,14.3,21.6,64.1,15.0,2.4,3.5,63.1,7.6,8.3,20.9,79.1,"[{""score"": ""0 - 1"", ""pct"": 13.320000000000002}, {""score"": ""0 - 2"", ""pct"": 12.1}, {""score"": ""1 - 1"", ""pct"": 10.16}]"
New Zealand,England,Neutral,0.544,2.156,6.7,16.7,76.6,6.7,1.4,1.9,75.6,7.1,7.4,9.9,90.1,"[{""score"": ""0 - 2"", ""pct"": 16.21}, {""score"": ""0 - 1"", ""pct"": 15.82}, {""score"": ""0 - 3"", ""pct"": 10.63}]"
New Zealand,Haiti,Neutral,1.3,1.4,34.2,27.2,38.7,34.3,6.0,7.1,39.1,6.4,7.2,47.3,52.7,"[{""score"": ""1 - 1"", ""pct"": 11.75}, {""score"": ""0 - 1"", ""pct"": 9.959999999999999}, {""score"": ""1 - 0"", ""pct"": 8.9}]"
New Zealand,Scotland,Neutral,1.09,1.61,25.1,25.7,49.2,24.8,4.5,5.7,49.4,7.1,8.5,35.0,65.0,"[{""score"": ""0 - 1"", ""pct"": 11.58}, {""score"": ""1 - 1"", ""pct"": 11.43}, {""score"": ""1 - 2"", ""pct"": 9.68}]"
New Zealand,Germany,Neutral,0.717,1.983,11.9,19.9,68.2,11.8,2.5,3.0,67.8,7.0,7.9,17.4,82.6,"[{""score"": ""0 - 1"", ""pct"": 14.14}, {""score"": ""0 - 2"", ""pct"": 12.989999999999998}, {""score"": ""1 - 2"", ""pct"": 9.9}]"
New Zealand,Japan,Neutral,0.628,2.072,9.0,18.4,72.6,8.5,1.9,2.4,72.4,7.2,7.6,12.8,87.2,"[{""score"": ""0 - 1"", ""pct"": 14.63}, {""score"": ""0 - 2"", ""pct"": 14.38}, {""score"": ""0 - 3"", ""pct"": 9.58}]"
New Zealand,Curaçao,Neutral,1.641,1.059,51.4,25.5,23.1,50.9,6.9,8.5,24.0,4.3,5.4,66.3,33.7,"[{""score"": ""1 - 1"", ""pct"": 11.37}, {""score"": ""1 - 0"", ""pct"": 11.129999999999999}, {""score"": ""2 - 1"", ""pct"": 9.91}]"
New Zealand,Uruguay,Neutral,0.698,2.002,11.0,20.1,68.9,11.1,2.0,2.8,68.2,7.6,8.4,15.9,84.1,"[{""score"": ""0 - 1"", ""pct"": 14.000000000000002}, {""score"": ""0 - 2"", ""pct"": 13.29}, {""score"": ""1 - 2"", ""pct"": 9.85}]"
New Zealand,Sweden,Neutral,1.382,1.318,37.9,26.6,35.5,37.8,6.3,7.7,35.0,6.2,7.0,51.8,48.2,"[{""score"": ""1 - 1"", ""pct"": 11.78}, {""score"": ""1 - 0"", ""pct"": 9.58}, {""score"": ""0 - 1"", ""pct"": 9.1}]"
New Zealand,Iran,Neutral,0.793,1.907,13.3,22.7,63.9,13.9,2.7,3.7,63.8,7.3,8.6,20.2,79.8,"[{""score"": ""0 - 1"", ""pct"": 13.25}, {""score"": ""0 - 2"", ""pct"": 12.41}, {""score"": ""1 - 1"", ""pct"": 10.13}]"
New Zealand,United States,Neutral,1.017,1.683,22.3,24.9,52.8,22.3,3.8,4.8,52.8,7.7,8.6,30.9,69.1,"[{""score"": ""0 - 1"", ""pct"": 11.51}, {""score"": ""1 - 1"", ""pct"": 11.219999999999999}, {""score"": ""0 - 2"", ""pct"": 9.56}]"
New Zealand,Jordan,Neutral,1.064,1.636,23.6,26.5,50.0,23.3,4.5,5.6,50.5,7.3,8.8,33.4,66.6,"[{""score"": ""1 - 1"", ""pct"": 12.1}, {""score"": ""0 - 1"", ""pct"": 10.92}, {""score"": ""1 - 2"", ""pct"": 9.89}]"
New Zealand,Ghana,Neutral,1.609,1.091,49.4,26.9,23.7,49.6,7.3,8.6,24.0,4.4,6.1,65.4,34.5,"[{""score"": ""1 - 1"", ""pct"": 12.08}, {""score"": ""1 - 0"", ""pct"": 11.23}, {""score"": ""2 - 1"", ""pct"": 9.46}]"
New Zealand,Czech Republic,Neutral,1.204,1.496,29.8,27.1,43.1,30.5,5.1,6.6,42.8,6.8,8.2,42.2,57.8,"[{""score"": ""1 - 1"", ""pct"": 12.42}, {""score"": ""0 - 1"", ""pct"": 10.12}, {""score"": ""1 - 2"", ""pct"": 8.93}]"
New Zealand,Croatia,Neutral,0.751,1.949,12.5,22.0,65.5,12.8,2.4,3.5,66.0,7.4,7.9,18.6,81.4,"[{""score"": ""0 - 1"", ""pct"": 13.530000000000001}, {""score"": ""0 - 2"", ""pct"": 12.91}, {""score"": ""1 - 1"", ""pct"": 9.77}]"
New Zealand,Ecuador,Neutral,0.632,2.068,9.0,18.9,72.2,9.2,1.9,2.6,70.7,7.2,8.3,13.8,86.2,"[{""score"": ""0 - 2"", ""pct"": 15.06}, {""score"": ""0 - 1"", ""pct"": 14.219999999999999}, {""score"": ""0 - 3"", ""pct"": 10.13}]"
New Zealand,Brazil,Neutral,0.579,2.121,7.6,18.3,74.1,7.9,1.3,1.9,73.9,7.3,7.7,11.1,88.9,"[{""score"": ""0 - 2"", ""pct"": 15.160000000000002}, {""score"": ""0 - 1"", ""pct"": 14.97}, {""score"": ""0 - 3"", ""pct"": 10.05}]"
New Zealand,Bosnia and Herzegovina,Neutral,1.679,1.021,52.7,24.9,22.4,53.0,7.4,8.1,21.5,4.5,5.5,68.5,31.5,"[{""score"": ""1 - 1"", ""pct"": 11.559999999999999}, {""score"": ""1 - 0"", ""pct"": 11.34}, {""score"": ""2 - 1"", ""pct"": 10.040000000000001}]"
New Zealand,South Africa,Neutral,1.52,1.18,44.5,27.0,28.5,44.1,6.7,8.0,29.5,5.4,6.3,58.8,41.2,"[{""score"": ""1 - 1"", ""pct"": 12.5}, {""score"": ""1 - 0"", ""pct"": 10.39}, {""score"": ""2 - 1"", ""pct"": 9.45}]"
New Zealand,Paraguay,Neutral,0.846,1.854,15.7,22.5,61.8,15.5,3.3,3.9,60.6,7.7,9.0,22.7,77.3,"[{""score"": ""0 - 1"", ""pct"": 13.170000000000002}, {""score"": ""0 - 2"", ""pct"": 11.3}, {""score"": ""1 - 1"", ""pct"": 10.4}]"
New Zealand,Belgium,Neutral,0.816,1.884,14.6,22.7,62.7,14.8,2.9,3.6,62.8,7.3,8.5,21.3,78.7,"[{""score"": ""0 - 1"", ""pct"": 12.73}, {""score"": ""0 - 2"", ""pct"": 11.76}, {""score"": ""1 - 1"", ""pct"": 10.22}]"
New Zealand,Norway,Neutral,0.789,1.911,13.4,22.4,64.1,13.7,2.5,3.9,64.6,7.4,7.9,20.1,79.9,"[{""score"": ""0 - 1"", ""pct"": 13.23}, {""score"": ""0 - 2"", ""pct"": 12.540000000000001}, {""score"": ""1 - 1"", ""pct"": 10.100000000000001}]"
New Zealand,Algeria,Neutral,0.871,1.829,15.9,23.7,60.4,16.1,3.3,4.2,59.8,7.9,8.7,23.6,76.4,"[{""score"": ""0 - 1"", ""pct"": 12.370000000000001}, {""score"": ""0 - 2"", ""pct"": 11.219999999999999}, {""score"": ""1 - 1"", ""pct"": 10.66}]"
England,Ivory Coast,Neutral,2.011,0.689,69.1,20.4,10.5,69.2,7.5,8.1,10.7,2.1,2.4,84.8,15.2,"[{""score"": ""1 - 0"", ""pct"": 14.64}, {""score"": ""2 - 0"", ""pct"": 12.76}, {""score"": ""2 - 1"", ""pct"": 9.83}]"
England,Uzbekistan,Neutral,1.877,0.823,63.2,22.7,14.1,62.9,7.8,8.5,14.6,2.4,3.8,79.2,20.8,"[{""score"": ""1 - 0"", ""pct"": 13.25}, {""score"": ""2 - 0"", ""pct"": 11.78}, {""score"": ""1 - 1"", ""pct"": 10.37}]"
England,Qatar,Neutral,2.308,0.392,81.1,14.8,4.1,81.1,6.1,6.8,4.0,1.0,1.0,94.0,6.0,"[{""score"": ""2 - 0"", ""pct"": 17.9}, {""score"": ""1 - 0"", ""pct"": 16.36}, {""score"": ""3 - 0"", ""pct"": 13.01}]"
England,Panama,Neutral,1.9,0.8,64.0,21.9,14.1,62.8,7.6,9.1,14.1,2.8,3.6,79.5,20.5,"[{""score"": ""1 - 0"", ""pct"": 13.07}, {""score"": ""2 - 0"", ""pct"": 11.93}, {""score"": ""1 - 1"", ""pct"": 10.05}]"
England,Saudi Arabia,Neutral,2.166,0.534,75.8,17.2,7.0,75.4,7.1,7.3,7.1,1.3,1.8,89.9,10.1,"[{""score"": ""2 - 0"", ""pct"": 15.909999999999998}, {""score"": ""1 - 0"", ""pct"": 15.25}, {""score"": ""3 - 0"", ""pct"": 10.57}]"
England,Tunisia,Neutral,2.12,0.58,73.5,18.6,7.9,73.8,7.4,7.6,7.4,1.6,2.1,88.8,11.2,"[{""score"": ""2 - 0"", ""pct"": 15.21}, {""score"": ""1 - 0"", ""pct"": 14.829999999999998}, {""score"": ""3 - 0"", ""pct"": 9.76}]"
England,Austria,Neutral,1.965,0.735,66.8,21.0,12.2,67.0,7.3,8.0,12.2,2.4,3.0,82.4,17.6,"[{""score"": ""1 - 0"", ""pct"": 14.430000000000001}, {""score"": ""2 - 0"", ""pct"": 13.01}, {""score"": ""1 - 1"", ""pct"": 9.81}]"
England,Senegal,Neutral,1.777,0.923,57.5,24.7,17.8,58.0,7.4,8.8,17.7,3.6,4.5,74.1,25.9,"[{""score"": ""1 - 0"", ""pct"": 12.36}, {""score"": ""1 - 1"", ""pct"": 11.28}, {""score"": ""2 - 0"", ""pct"": 10.59}]"
England,Netherlands,Neutral,1.63,1.07,51.0,25.6,23.4,50.3,7.4,8.8,23.9,3.9,5.6,66.5,33.5,"[{""score"": ""1 - 0"", ""pct"": 12.06}, {""score"": ""1 - 1"", ""pct"": 11.51}, {""score"": ""2 - 1"", ""pct"": 9.86}]"
England,Colombia,Neutral,1.412,1.288,38.6,28.3,33.0,39.2,6.6,8.1,33.6,6.1,6.4,53.9,46.1,"[{""score"": ""1 - 1"", ""pct"": 12.65}, {""score"": ""1 - 0"", ""pct"": 9.42}, {""score"": ""0 - 1"", ""pct"": 9.030000000000001}]"
England,South Korea,Neutral,1.782,0.918,58.4,23.8,17.8,57.0,8.1,9.0,17.9,3.4,4.7,74.1,25.9,"[{""score"": ""1 - 0"", ""pct"": 12.68}, {""score"": ""1 - 1"", ""pct"": 10.620000000000001}, {""score"": ""2 - 0"", ""pct"": 10.52}]"
England,Switzerland,Neutral,1.804,0.896,59.6,23.4,17.0,58.4,8.2,8.7,17.3,3.6,3.9,75.3,24.7,"[{""score"": ""1 - 0"", ""pct"": 12.24}, {""score"": ""2 - 0"", ""pct"": 11.110000000000001}, {""score"": ""1 - 1"", ""pct"": 10.17}]"
England,Australia,Neutral,1.711,0.989,55.2,24.1,20.6,54.8,7.5,8.6,20.1,3.9,5.1,70.8,29.2,"[{""score"": ""1 - 0"", ""pct"": 12.04}, {""score"": ""1 - 1"", ""pct"": 10.71}, {""score"": ""2 - 0"", ""pct"": 9.91}]"
England,France,Neutral,1.262,1.438,33.1,26.3,40.6,32.8,5.8,6.6,41.1,6.3,7.5,45.1,54.9,"[{""score"": ""1 - 1"", ""pct"": 12.22}, {""score"": ""0 - 1"", ""pct"": 9.29}, {""score"": ""1 - 2"", ""pct"": 9.26}]"
England,Morocco,Neutral,1.519,1.181,45.2,26.5,28.4,45.6,6.8,8.4,28.1,5.2,6.0,60.8,39.2,"[{""score"": ""1 - 1"", ""pct"": 11.86}, {""score"": ""1 - 0"", ""pct"": 10.48}, {""score"": ""2 - 1"", ""pct"": 9.629999999999999}]"
England,Argentina,Neutral,1.008,1.692,21.7,24.4,53.9,21.8,3.9,4.9,53.6,7.1,8.8,30.5,69.5,"[{""score"": ""0 - 1"", ""pct"": 11.53}, {""score"": ""1 - 1"", ""pct"": 11.19}, {""score"": ""1 - 2"", ""pct"": 9.92}]"
England,DR Congo,Neutral,2.071,0.629,72.1,18.9,9.0,71.6,7.3,7.7,9.2,1.8,2.4,86.6,13.4,"[{""score"": ""1 - 0"", ""pct"": 14.57}, {""score"": ""2 - 0"", ""pct"": 14.399999999999999}, {""score"": ""3 - 0"", ""pct"": 9.3}]"
England,Iraq,Neutral,2.103,0.597,72.7,18.8,8.5,73.3,7.3,7.5,8.2,1.8,1.9,88.0,12.0,"[{""score"": ""2 - 0"", ""pct"": 14.649999999999999}, {""score"": ""1 - 0"", ""pct"": 14.099999999999998}, {""score"": ""3 - 0"", ""pct"": 10.780000000000001}]"
England,Mexico,Neutral,1.602,1.098,48.7,26.0,25.3,49.0,7.0,8.8,25.1,4.6,5.6,64.8,35.2,"[{""score"": ""1 - 1"", ""pct"": 11.690000000000001}, {""score"": ""1 - 0"", ""pct"": 10.92}, {""score"": ""2 - 1"", ""pct"": 9.59}]"
England,Cape Verde,Neutral,2.255,0.445,79.1,15.6,5.3,79.1,6.7,6.5,5.4,0.9,1.3,92.4,7.6,"[{""score"": ""2 - 0"", ""pct"": 16.97}, {""score"": ""1 - 0"", ""pct"": 16.220000000000002}, {""score"": ""3 - 0"", ""pct"": 12.509999999999998}]"
England,Canada,Neutral,1.836,0.864,60.5,22.9,16.7,60.7,7.5,8.2,16.5,3.1,4.1,76.4,23.6,"[{""score"": ""1 - 0"", ""pct"": 13.04}, {""score"": ""2 - 0"", ""pct"": 11.12}, {""score"": ""1 - 1"", ""pct"": 10.549999999999999}]"
England,Egypt,Neutral,2.053,0.647,70.9,19.9,9.3,70.9,7.5,8.1,9.4,1.7,2.4,86.5,13.5,"[{""score"": ""1 - 0"", ""pct"": 14.41}, {""score"": ""2 - 0"", ""pct"": 14.149999999999999}, {""score"": ""2 - 1"", ""pct"": 9.65}]"
England,Spain,Neutral,1.023,1.677,22.0,25.7,52.3,22.3,4.2,5.5,52.0,7.4,8.6,32.0,68.0,"[{""score"": ""1 - 1"", ""pct"": 11.709999999999999}, {""score"": ""0 - 1"", ""pct"": 11.690000000000001}, {""score"": ""1 - 2"", ""pct"": 10.299999999999999}]"
England,Portugal,Neutral,1.469,1.231,41.7,27.5,30.8,42.1,6.7,7.8,31.4,5.3,6.7,56.6,43.4,"[{""score"": ""1 - 1"", ""pct"": 12.32}, {""score"": ""1 - 0"", ""pct"": 9.91}, {""score"": ""2 - 1"", ""pct"": 9.16}]"
England,Turkey,Neutral,1.759,0.941,56.8,24.4,18.8,57.8,7.0,8.2,18.9,3.5,4.5,73.1,26.9,"[{""score"": ""1 - 0"", ""pct"": 12.31}, {""score"": ""1 - 1"", ""pct"": 11.28}, {""score"": ""2 - 1"", ""pct"": 10.48}]"
England,New Zealand,Neutral,2.156,0.544,76.1,17.1,6.9,75.0,6.8,7.3,7.5,1.5,1.9,89.1,10.9,"[{""score"": ""2 - 0"", ""pct"": 15.65}, {""score"": ""1 - 0"", ""pct"": 15.229999999999999}, {""score"": ""3 - 0"", ""pct"": 11.3}]"
England,Haiti,Neutral,2.132,0.568,74.6,18.0,7.4,75.3,6.6,7.7,7.3,1.4,1.8,89.5,10.5,"[{""score"": ""2 - 0"", ""pct"": 15.36}, {""score"": ""1 - 0"", ""pct"": 14.75}, {""score"": ""3 - 0"", ""pct"": 10.9}]"
England,Scotland,Neutral,2.01,0.69,68.5,21.1,10.4,69.2,7.5,8.4,10.3,2.0,2.5,85.2,14.8,"[{""score"": ""1 - 0"", ""pct"": 14.069999999999999}, {""score"": ""2 - 0"", ""pct"": 13.68}, {""score"": ""1 - 1"", ""pct"": 9.5}]"
England,Germany,Neutral,1.649,1.051,50.9,25.7,23.5,51.3,7.3,8.4,23.2,4.3,5.5,67.0,33.0,"[{""score"": ""1 - 0"", ""pct"": 11.64}, {""score"": ""1 - 1"", ""pct"": 11.469999999999999}, {""score"": ""2 - 1"", ""pct"": 10.0}]"
England,Japan,Neutral,1.511,1.189,44.3,26.0,29.7,44.0,6.8,8.0,29.3,4.9,7.0,58.8,41.2,"[{""score"": ""1 - 1"", ""pct"": 11.85}, {""score"": ""1 - 0"", ""pct"": 10.8}, {""score"": ""2 - 1"", ""pct"": 8.82}]"
England,Curaçao,Neutral,2.269,0.431,80.1,15.3,4.6,79.7,6.5,6.7,4.8,0.9,1.3,93.0,7.0,"[{""score"": ""2 - 0"", ""pct"": 16.830000000000002}, {""score"": ""1 - 0"", ""pct"": 16.17}, {""score"": ""3 - 0"", ""pct"": 13.239999999999998}]"
England,Uruguay,Neutral,1.622,1.078,50.6,25.8,23.6,49.8,6.9,8.8,24.3,4.7,5.5,65.5,34.6,"[{""score"": ""1 - 1"", ""pct"": 11.93}, {""score"": ""1 - 0"", ""pct"": 11.58}, {""score"": ""2 - 1"", ""pct"": 9.87}]"
England,Sweden,Neutral,2.17,0.53,75.7,17.2,7.1,75.5,6.8,7.5,6.9,1.4,2.0,89.8,10.2,"[{""score"": ""2 - 0"", ""pct"": 16.24}, {""score"": ""1 - 0"", ""pct"": 15.1}, {""score"": ""3 - 0"", ""pct"": 11.62}]"
England,Iran,Neutral,1.746,0.954,56.9,24.4,18.7,57.0,7.1,8.3,19.5,3.6,4.6,72.3,27.6,"[{""score"": ""1 - 0"", ""pct"": 13.0}, {""score"": ""1 - 1"", ""pct"": 11.29}, {""score"": ""2 - 0"", ""pct"": 9.879999999999999}]"
England,United States,Neutral,1.957,0.743,65.8,21.8,12.5,66.7,7.8,8.6,11.8,2.4,2.8,83.0,16.9,"[{""score"": ""1 - 0"", ""pct"": 13.969999999999999}, {""score"": ""2 - 0"", ""pct"": 12.21}, {""score"": ""1 - 1"", ""pct"": 9.4}]"
England,Jordan,Neutral,1.992,0.708,68.2,20.8,11.1,68.1,7.5,7.9,11.3,2.2,3.0,83.5,16.5,"[{""score"": ""1 - 0"", ""pct"": 13.99}, {""score"": ""2 - 0"", ""pct"": 12.75}, {""score"": ""2 - 1"", ""pct"": 9.719999999999999}]"
England,Ghana,Neutral,2.258,0.442,79.1,15.5,5.4,80.0,6.5,6.2,4.9,0.9,1.5,92.7,7.3,"[{""score"": ""2 - 0"", ""pct"": 16.689999999999998}, {""score"": ""1 - 0"", ""pct"": 15.370000000000001}, {""score"": ""3 - 0"", ""pct"": 12.659999999999998}]"
England,Czech Republic,Neutral,2.081,0.619,71.8,19.2,9.0,72.8,7.1,7.6,8.7,1.7,2.1,87.5,12.5,"[{""score"": ""2 - 0"", ""pct"": 14.610000000000001}, {""score"": ""1 - 0"", ""pct"": 14.360000000000001}, {""score"": ""3 - 0"", ""pct"": 9.43}]"
England,Croatia,Neutral,1.695,1.005,53.5,25.6,20.9,53.4,7.2,9.0,21.2,4.0,5.2,69.6,30.4,"[{""score"": ""1 - 1"", ""pct"": 12.23}, {""score"": ""1 - 0"", ""pct"": 11.67}, {""score"": ""2 - 0"", ""pct"": 9.55}]"
England,Ecuador,Neutral,1.519,1.181,44.4,27.0,28.6,44.0,6.8,8.5,28.9,5.1,6.7,59.3,40.7,"[{""score"": ""1 - 1"", ""pct"": 12.17}, {""score"": ""1 - 0"", ""pct"": 10.459999999999999}, {""score"": ""2 - 1"", ""pct"": 8.57}]"
England,Brazil,Neutral,1.421,1.279,40.0,26.9,33.2,39.2,6.3,7.9,33.6,5.9,7.1,53.4,46.6,"[{""score"": ""1 - 1"", ""pct"": 11.78}, {""score"": ""1 - 0"", ""pct"": 10.13}, {""score"": ""0 - 1"", ""pct"": 8.74}]"
England,Bosnia and Herzegovina,Neutral,2.281,0.419,80.6,14.9,4.5,80.6,6.3,6.7,4.2,1.0,1.2,93.6,6.4,"[{""score"": ""2 - 0"", ""pct"": 17.57}, {""score"": ""1 - 0"", ""pct"": 15.76}, {""score"": ""3 - 0"", ""pct"": 13.48}]"
England,South Africa,Neutral,2.227,0.473,78.1,16.4,5.5,78.0,6.8,6.8,5.8,1.1,1.7,91.5,8.5,"[{""score"": ""2 - 0"", ""pct"": 16.520000000000003}, {""score"": ""1 - 0"", ""pct"": 15.52}, {""score"": ""3 - 0"", ""pct"": 11.97}]"
England,Paraguay,Neutral,1.804,0.896,58.3,23.6,18.1,58.7,7.1,8.9,17.8,2.9,4.7,74.6,25.4,"[{""score"": ""1 - 0"", ""pct"": 12.379999999999999}, {""score"": ""2 - 0"", ""pct"": 10.620000000000001}, {""score"": ""1 - 1"", ""pct"": 10.549999999999999}]"
England,Belgium,Neutral,1.772,0.928,57.9,23.9,18.2,57.1,7.5,8.8,18.7,3.4,4.5,73.4,26.6,"[{""score"": ""1 - 0"", ""pct"": 12.11}, {""score"": ""2 - 0"", ""pct"": 10.639999999999999}, {""score"": ""1 - 1"", ""pct"": 10.61}]"
England,Norway,Neutral,1.741,0.959,55.6,24.8,19.6,56.4,7.3,8.4,19.5,3.8,4.6,72.1,27.9,"[{""score"": ""1 - 0"", ""pct"": 12.01}, {""score"": ""1 - 1"", ""pct"": 10.99}, {""score"": ""2 - 1"", ""pct"": 10.12}]"
England,Algeria,Neutral,1.83,0.87,59.8,23.2,17.0,60.4,7.3,8.7,16.3,3.3,4.0,76.3,23.6,"[{""score"": ""1 - 0"", ""pct"": 12.17}, {""score"": ""2 - 0"", ""pct"": 11.19}, {""score"": ""1 - 1"", ""pct"": 10.83}]"
Haiti,Ivory Coast,Neutral,1.139,1.561,26.6,26.3,47.1,26.1,4.8,6.5,47.1,7.1,8.5,37.3,62.7,"[{""score"": ""1 - 1"", ""pct"": 11.959999999999999}, {""score"": ""0 - 1"", ""pct"": 11.03}, {""score"": ""1 - 2"", ""pct"": 9.77}]"
Haiti,Uzbekistan,Neutral,0.964,1.736,19.5,24.5,56.0,19.4,3.9,5.0,55.5,7.2,9.0,28.2,71.8,"[{""score"": ""0 - 1"", ""pct"": 12.42}, {""score"": ""1 - 1"", ""pct"": 11.219999999999999}, {""score"": ""0 - 2"", ""pct"": 9.86}]"
Haiti,Qatar,Neutral,1.814,0.886,59.5,23.9,16.6,59.2,8.0,8.6,16.9,3.1,4.2,75.8,24.2,"[{""score"": ""1 - 0"", ""pct"": 12.76}, {""score"": ""2 - 0"", ""pct"": 11.0}, {""score"": ""1 - 1"", ""pct"": 10.620000000000001}]"
Haiti,Panama,Neutral,0.99,1.71,21.1,25.4,53.5,20.3,3.6,4.9,54.6,7.5,9.1,28.8,71.2,"[{""score"": ""0 - 1"", ""pct"": 12.04}, {""score"": ""1 - 1"", ""pct"": 11.61}, {""score"": ""0 - 2"", ""pct"": 10.01}]"
Haiti,Saudi Arabia,Neutral,1.422,1.278,40.5,27.2,32.3,40.4,6.6,7.5,32.5,5.8,7.1,54.5,45.5,"[{""score"": ""1 - 1"", ""pct"": 12.379999999999999}, {""score"": ""1 - 0"", ""pct"": 9.94}, {""score"": ""0 - 1"", ""pct"": 8.780000000000001}]"
Haiti,Tunisia,Neutral,1.327,1.373,34.8,27.5,37.8,35.6,5.2,7.4,37.8,5.9,8.1,48.2,51.8,"[{""score"": ""1 - 1"", ""pct"": 12.29}, {""score"": ""0 - 1"", ""pct"": 9.36}, {""score"": ""1 - 0"", ""pct"": 9.11}]"
Haiti,Austria,Neutral,1.074,1.626,24.7,26.2,49.1,24.9,4.5,5.6,49.7,7.2,8.1,35.0,65.0,"[{""score"": ""1 - 1"", ""pct"": 11.86}, {""score"": ""0 - 1"", ""pct"": 10.5}, {""score"": ""1 - 2"", ""pct"": 9.41}]"
Haiti,Senegal,Neutral,0.86,1.84,16.0,23.9,60.2,16.1,3.2,3.8,60.3,7.8,8.8,23.1,76.9,"[{""score"": ""0 - 1"", ""pct"": 12.6}, {""score"": ""0 - 2"", ""pct"": 11.219999999999999}, {""score"": ""1 - 1"", ""pct"": 10.39}]"
Haiti,Netherlands,Neutral,0.738,1.962,12.4,20.6,67.0,12.2,2.5,3.5,66.0,8.0,7.8,18.2,81.8,"[{""score"": ""0 - 1"", ""pct"": 13.209999999999999}, {""score"": ""0 - 2"", ""pct"": 12.959999999999999}, {""score"": ""1 - 2"", ""pct"": 9.45}]"
Haiti,Colombia,Neutral,0.601,2.099,8.1,18.5,73.4,8.6,1.7,2.2,72.8,7.1,7.6,12.5,87.5,"[{""score"": ""0 - 1"", ""pct"": 15.07}, {""score"": ""0 - 2"", ""pct"": 14.510000000000002}, {""score"": ""0 - 3"", ""pct"": 9.62}]"
Haiti,South Korea,Neutral,0.865,1.835,15.4,23.7,60.9,16.5,3.2,3.9,60.6,7.4,8.4,23.6,76.4,"[{""score"": ""0 - 1"", ""pct"": 12.58}, {""score"": ""1 - 1"", ""pct"": 10.81}, {""score"": ""0 - 2"", ""pct"": 10.75}]"
Haiti,Switzerland,Neutral,0.886,1.814,16.7,23.1,60.2,17.5,3.5,4.4,58.7,7.2,8.6,25.4,74.6,"[{""score"": ""0 - 1"", ""pct"": 12.64}, {""score"": ""0 - 2"", ""pct"": 11.31}, {""score"": ""1 - 1"", ""pct"": 10.39}]"
Haiti,Australia,Neutral,0.801,1.899,13.9,22.5,63.6,13.6,3.0,3.4,63.7,7.7,8.6,20.0,80.0,"[{""score"": ""0 - 1"", ""pct"": 13.65}, {""score"": ""0 - 2"", ""pct"": 12.389999999999999}, {""score"": ""1 - 1"", ""pct"": 10.059999999999999}]"
Haiti,France,Neutral,0.527,2.173,6.8,17.0,76.3,7.0,1.3,1.8,75.7,6.7,7.5,10.1,89.9,"[{""score"": ""0 - 2"", ""pct"": 16.03}, {""score"": ""0 - 1"", ""pct"": 15.559999999999999}, {""score"": ""0 - 3"", ""pct"": 11.4}]"
Haiti,Morocco,Neutral,0.662,2.038,9.6,20.2,70.3,9.8,1.7,2.7,70.1,7.2,8.5,14.2,85.8,"[{""score"": ""0 - 1"", ""pct"": 14.69}, {""score"": ""0 - 2"", ""pct"": 13.270000000000001}, {""score"": ""1 - 2"", ""pct"": 9.41}]"
Haiti,Argentina,Neutral,0.43,2.27,4.9,15.0,80.1,4.7,0.9,1.2,80.2,6.3,6.6,6.9,93.1,"[{""score"": ""0 - 2"", ""pct"": 17.5}, {""score"": ""0 - 1"", ""pct"": 15.989999999999998}, {""score"": ""0 - 3"", ""pct"": 12.49}]"
Haiti,DR Congo,Neutral,1.237,1.463,31.9,26.9,41.2,31.1,5.4,7.0,41.1,6.9,8.5,43.5,56.5,"[{""score"": ""1 - 1"", ""pct"": 12.36}, {""score"": ""0 - 1"", ""pct"": 10.299999999999999}, {""score"": ""1 - 0"", ""pct"": 9.01}]"
Haiti,Iraq,Neutral,1.295,1.405,33.9,27.0,39.1,33.9,5.7,7.3,38.9,6.5,7.7,46.9,53.1,"[{""score"": ""1 - 1"", ""pct"": 11.86}, {""score"": ""0 - 1"", ""pct"": 10.08}, {""score"": ""1 - 0"", ""pct"": 8.540000000000001}]"
Haiti,Mexico,Neutral,0.717,1.983,11.9,21.0,67.1,11.6,2.4,2.9,67.5,7.3,8.3,16.9,83.1,"[{""score"": ""0 - 1"", ""pct"": 13.81}, {""score"": ""0 - 2"", ""pct"": 13.120000000000001}, {""score"": ""1 - 2"", ""pct"": 9.83}]"
Haiti,Cape Verde,Neutral,1.648,1.052,51.3,25.4,23.3,51.0,7.6,8.6,23.4,3.9,5.5,67.1,32.9,"[{""score"": ""1 - 1"", ""pct"": 11.37}, {""score"": ""1 - 0"", ""pct"": 11.200000000000001}, {""score"": ""2 - 1"", ""pct"": 10.03}]"
Haiti,Canada,Neutral,0.919,1.781,17.7,23.9,58.4,17.8,3.8,4.5,57.6,7.4,9.0,26.1,73.9,"[{""score"": ""0 - 1"", ""pct"": 12.44}, {""score"": ""1 - 1"", ""pct"": 10.72}, {""score"": ""0 - 2"", ""pct"": 10.66}]"
Haiti,Egypt,Neutral,1.205,1.495,30.0,27.0,43.0,28.6,5.2,6.6,43.6,7.2,8.8,40.4,59.6,"[{""score"": ""1 - 1"", ""pct"": 12.27}, {""score"": ""0 - 1"", ""pct"": 9.969999999999999}, {""score"": ""1 - 2"", ""pct"": 8.89}]"
Haiti,Spain,Neutral,0.435,2.265,4.9,15.4,79.7,5.2,0.9,1.4,79.9,6.2,6.5,7.4,92.6,"[{""score"": ""0 - 2"", ""pct"": 17.14}, {""score"": ""0 - 1"", ""pct"": 15.740000000000002}, {""score"": ""0 - 3"", ""pct"": 12.5}]"
Haiti,Portugal,Neutral,0.632,2.068,8.6,18.8,72.6,9.1,1.8,2.6,70.9,7.4,8.1,13.6,86.4,"[{""score"": ""0 - 1"", ""pct"": 15.110000000000001}, {""score"": ""0 - 2"", ""pct"": 14.42}, {""score"": ""0 - 3"", ""pct"": 9.71}]"
Haiti,Turkey,Neutral,0.843,1.857,15.4,22.3,62.3,15.8,3.3,4.2,60.8,7.2,8.7,23.3,76.7,"[{""score"": ""0 - 1"", ""pct"": 12.97}, {""score"": ""0 - 2"", ""pct"": 11.459999999999999}, {""score"": ""1 - 2"", ""pct"": 10.14}]"
Haiti,New Zealand,Neutral,1.4,1.3,38.3,27.7,33.9,39.1,6.7,7.7,34.0,5.2,7.2,53.6,46.4,"[{""score"": ""1 - 1"", ""pct"": 12.65}, {""score"": ""1 - 0"", ""pct"": 9.26}, {""score"": ""0 - 1"", ""pct"": 8.709999999999999}]"
Haiti,England,Neutral,0.568,2.132,7.6,17.7,74.7,7.6,1.5,1.7,74.7,7.0,7.5,10.8,89.2,"[{""score"": ""0 - 2"", ""pct"": 15.5}, {""score"": ""0 - 1"", ""pct"": 14.89}, {""score"": ""0 - 3"", ""pct"": 10.31}]"
Haiti,Scotland,Neutral,1.138,1.562,27.1,26.6,46.4,27.0,4.8,6.0,46.5,7.0,8.7,37.7,62.3,"[{""score"": ""1 - 1"", ""pct"": 11.63}, {""score"": ""0 - 1"", ""pct"": 10.979999999999999}, {""score"": ""1 - 2"", ""pct"": 9.11}]"
Haiti,Germany,Neutral,0.752,1.948,12.6,21.9,65.6,12.1,2.6,3.2,66.4,7.3,8.5,17.9,82.1,"[{""score"": ""0 - 1"", ""pct"": 13.62}, {""score"": ""0 - 2"", ""pct"": 12.72}, {""score"": ""1 - 1"", ""pct"": 9.91}]"
Haiti,Japan,Neutral,0.657,2.043,9.9,19.7,70.4,9.7,1.8,2.4,70.6,7.4,8.0,13.9,86.1,"[{""score"": ""0 - 1"", ""pct"": 14.499999999999998}, {""score"": ""0 - 2"", ""pct"": 13.76}, {""score"": ""0 - 3"", ""pct"": 9.21}]"
Haiti,Curaçao,Neutral,1.687,1.013,52.5,25.6,21.9,53.1,7.3,9.0,21.6,3.9,5.1,69.3,30.7,"[{""score"": ""1 - 1"", ""pct"": 11.95}, {""score"": ""1 - 0"", ""pct"": 11.53}, {""score"": ""2 - 1"", ""pct"": 10.12}]"
Haiti,Uruguay,Neutral,0.732,1.968,11.8,21.3,66.9,11.1,2.2,3.3,68.0,7.3,8.0,16.6,83.4,"[{""score"": ""0 - 1"", ""pct"": 14.14}, {""score"": ""0 - 2"", ""pct"": 12.879999999999999}, {""score"": ""1 - 1"", ""pct"": 9.379999999999999}]"
Haiti,Sweden,Neutral,1.432,1.268,40.4,27.3,32.3,41.1,6.3,7.7,32.5,5.4,7.0,55.1,44.9,"[{""score"": ""1 - 1"", ""pct"": 12.6}, {""score"": ""1 - 0"", ""pct"": 10.38}, {""score"": ""0 - 1"", ""pct"": 8.74}]"
Haiti,Iran,Neutral,0.832,1.868,14.7,22.8,62.5,15.4,2.6,4.0,62.6,7.1,8.3,22.0,78.0,"[{""score"": ""0 - 1"", ""pct"": 12.86}, {""score"": ""0 - 2"", ""pct"": 11.63}, {""score"": ""1 - 1"", ""pct"": 10.31}]"
Haiti,United States,Neutral,1.063,1.637,23.5,25.9,50.5,23.8,4.5,6.0,49.7,7.1,8.9,34.3,65.7,"[{""score"": ""1 - 1"", ""pct"": 11.92}, {""score"": ""0 - 1"", ""pct"": 11.83}, {""score"": ""1 - 2"", ""pct"": 9.64}]"
Haiti,Jordan,Neutral,1.111,1.589,25.5,25.9,48.6,25.8,4.7,6.2,47.9,6.7,8.6,36.7,63.3,"[{""score"": ""1 - 1"", ""pct"": 12.049999999999999}, {""score"": ""0 - 1"", ""pct"": 11.08}, {""score"": ""1 - 2"", ""pct"": 9.22}]"
Haiti,Ghana,Neutral,1.656,1.044,52.6,25.3,22.1,51.2,7.2,9.0,23.0,4.3,5.3,67.3,32.6,"[{""score"": ""1 - 0"", ""pct"": 11.73}, {""score"": ""1 - 1"", ""pct"": 11.61}, {""score"": ""2 - 1"", ""pct"": 10.08}]"
Haiti,Czech Republic,Neutral,1.254,1.446,32.3,27.0,40.7,32.1,5.6,6.8,40.6,6.9,7.9,44.5,55.5,"[{""score"": ""1 - 1"", ""pct"": 11.83}, {""score"": ""0 - 1"", ""pct"": 9.51}, {""score"": ""1 - 2"", ""pct"": 8.76}]"
Haiti,Croatia,Neutral,0.788,1.912,13.7,22.3,64.0,14.1,2.7,3.7,63.5,7.8,8.1,20.6,79.4,"[{""score"": ""0 - 1"", ""pct"": 13.25}, {""score"": ""0 - 2"", ""pct"": 12.21}, {""score"": ""1 - 1"", ""pct"": 10.280000000000001}]"
Haiti,Ecuador,Neutral,0.662,2.038,10.5,19.9,69.6,9.9,2.1,2.8,69.8,7.4,8.0,14.7,85.3,"[{""score"": ""0 - 1"", ""pct"": 14.330000000000002}, {""score"": ""0 - 2"", ""pct"": 13.71}, {""score"": ""1 - 2"", ""pct"": 9.19}]"
Haiti,Brazil,Neutral,0.605,2.095,8.6,18.9,72.5,8.5,1.7,2.1,73.7,6.6,7.4,12.3,87.7,"[{""score"": ""0 - 2"", ""pct"": 14.64}, {""score"": ""0 - 1"", ""pct"": 14.34}, {""score"": ""0 - 3"", ""pct"": 10.01}]"
Haiti,Bosnia and Herzegovina,Neutral,1.725,0.975,55.8,24.3,19.9,55.0,7.3,8.9,20.5,3.8,4.5,71.3,28.7,"[{""score"": ""1 - 0"", ""pct"": 12.26}, {""score"": ""1 - 1"", ""pct"": 11.07}, {""score"": ""2 - 1"", ""pct"": 9.73}]"
Haiti,South Africa,Neutral,1.569,1.131,47.1,26.0,27.0,47.4,7.3,8.5,25.9,4.7,6.1,63.3,36.8,"[{""score"": ""1 - 1"", ""pct"": 11.93}, {""score"": ""1 - 0"", ""pct"": 10.9}, {""score"": ""2 - 1"", ""pct"": 9.53}]"
Haiti,Paraguay,Neutral,0.886,1.814,17.0,23.4,59.6,17.2,3.6,4.1,59.2,7.3,8.6,24.9,75.1,"[{""score"": ""0 - 1"", ""pct"": 12.43}, {""score"": ""1 - 1"", ""pct"": 10.45}, {""score"": ""0 - 2"", ""pct"": 10.43}]"
Haiti,Belgium,Neutral,0.855,1.845,15.9,22.7,61.4,15.9,2.9,4.0,61.0,7.4,8.8,22.8,77.2,"[{""score"": ""0 - 1"", ""pct"": 12.959999999999999}, {""score"": ""0 - 2"", ""pct"": 11.61}, {""score"": ""1 - 1"", ""pct"": 10.2}]"
Haiti,Norway,Neutral,0.827,1.873,14.9,23.1,62.0,14.5,3.1,3.7,62.3,7.4,9.0,21.3,78.7,"[{""score"": ""0 - 1"", ""pct"": 13.020000000000001}, {""score"": ""0 - 2"", ""pct"": 11.08}, {""score"": ""1 - 1"", ""pct"": 10.36}]"
Haiti,Algeria,Neutral,0.913,1.787,18.1,24.3,57.6,17.9,3.6,4.1,58.4,7.5,8.5,25.7,74.3,"[{""score"": ""0 - 1"", ""pct"": 12.61}, {""score"": ""1 - 1"", ""pct"": 10.95}, {""score"": ""1 - 2"", ""pct"": 10.07}]"
Scotland,Ivory Coast,Neutral,1.351,1.349,37.3,27.0,35.8,36.4,6.1,7.1,36.4,6.4,7.6,49.6,50.4,"[{""score"": ""1 - 1"", ""pct"": 12.17}, {""score"": ""1 - 0"", ""pct"": 9.81}, {""score"": ""0 - 1"", ""pct"": 9.04}]"
Scotland,Uzbekistan,Neutral,1.163,1.537,28.0,26.1,45.9,27.5,5.2,6.2,45.0,7.1,9.0,38.9,61.1,"[{""score"": ""1 - 1"", ""pct"": 11.74}, {""score"": ""0 - 1"", ""pct"": 10.57}, {""score"": ""1 - 2"", ""pct"": 9.26}]"
Scotland,Qatar,Neutral,1.975,0.725,67.9,20.4,11.7,67.8,7.0,8.3,11.7,2.4,2.9,83.0,17.0,"[{""score"": ""1 - 0"", ""pct"": 13.750000000000002}, {""score"": ""2 - 0"", ""pct"": 12.879999999999999}, {""score"": ""2 - 1"", ""pct"": 9.569999999999999}]"
Scotland,Panama,Neutral,1.192,1.508,29.0,27.3,43.7,28.2,5.4,6.4,44.5,7.1,8.4,40.0,60.0,"[{""score"": ""1 - 1"", ""pct"": 12.09}, {""score"": ""0 - 1"", ""pct"": 10.47}, {""score"": ""1 - 2"", ""pct"": 9.07}]"
Scotland,Saudi Arabia,Neutral,1.63,1.07,50.1,26.4,23.5,50.4,7.5,8.2,24.1,4.4,5.4,66.0,34.0,"[{""score"": ""1 - 1"", ""pct"": 12.2}, {""score"": ""1 - 0"", ""pct"": 11.14}, {""score"": ""2 - 1"", ""pct"": 9.629999999999999}]"
Scotland,Tunisia,Neutral,1.539,1.161,46.4,26.4,27.2,45.0,7.2,8.2,28.1,5.0,6.6,60.4,39.6,"[{""score"": ""1 - 1"", ""pct"": 11.940000000000001}, {""score"": ""1 - 0"", ""pct"": 11.07}, {""score"": ""2 - 1"", ""pct"": 9.24}]"
Scotland,Austria,Neutral,1.283,1.417,33.6,26.3,40.1,33.3,5.7,7.2,39.0,6.4,8.4,46.2,53.8,"[{""score"": ""1 - 1"", ""pct"": 12.25}, {""score"": ""0 - 1"", ""pct"": 9.959999999999999}, {""score"": ""1 - 2"", ""pct"": 9.1}]"
Scotland,Senegal,Neutral,1.046,1.654,23.2,25.3,51.5,22.9,4.1,5.5,51.7,7.2,8.6,32.4,67.6,"[{""score"": ""1 - 1"", ""pct"": 11.600000000000001}, {""score"": ""0 - 1"", ""pct"": 11.600000000000001}, {""score"": ""1 - 2"", ""pct"": 9.51}]"
Scotland,Netherlands,Neutral,0.902,1.798,17.3,24.7,58.1,17.4,3.1,4.6,58.3,7.6,9.0,25.1,74.9,"[{""score"": ""0 - 1"", ""pct"": 12.75}, {""score"": ""1 - 1"", ""pct"": 11.26}, {""score"": ""0 - 2"", ""pct"": 10.66}]"
Scotland,Colombia,Neutral,0.731,1.969,12.1,21.4,66.5,11.7,2.2,2.7,67.6,7.5,8.4,16.5,83.5,"[{""score"": ""0 - 1"", ""pct"": 14.67}, {""score"": ""0 - 2"", ""pct"": 12.26}, {""score"": ""1 - 2"", ""pct"": 9.58}]"
Scotland,South Korea,Neutral,1.052,1.648,22.9,25.8,51.3,22.9,4.3,5.2,51.2,7.7,8.7,32.4,67.6,"[{""score"": ""1 - 1"", ""pct"": 11.88}, {""score"": ""0 - 1"", ""pct"": 11.18}, {""score"": ""1 - 2"", ""pct"": 9.969999999999999}]"
Scotland,Switzerland,Neutral,1.076,1.624,23.9,25.0,51.0,24.6,4.5,5.8,49.2,7.1,8.9,34.8,65.2,"[{""score"": ""1 - 1"", ""pct"": 11.5}, {""score"": ""0 - 1"", ""pct"": 11.23}, {""score"": ""1 - 2"", ""pct"": 9.86}]"
Scotland,Australia,Neutral,0.977,1.723,20.0,25.6,54.4,20.5,3.8,5.2,54.6,7.3,8.6,29.6,70.4,"[{""score"": ""0 - 1"", ""pct"": 11.83}, {""score"": ""1 - 1"", ""pct"": 11.43}, {""score"": ""1 - 2"", ""pct"": 9.77}]"
Scotland,France,Neutral,0.636,2.064,9.7,19.6,70.7,9.1,1.9,2.5,71.2,7.4,7.7,13.6,86.4,"[{""score"": ""0 - 1"", ""pct"": 14.280000000000001}, {""score"": ""0 - 2"", ""pct"": 13.930000000000001}, {""score"": ""1 - 2"", ""pct"": 9.17}]"
Scotland,Morocco,Neutral,0.809,1.891,14.7,22.7,62.6,14.7,2.8,3.5,63.0,7.3,8.7,21.0,79.0,"[{""score"": ""0 - 1"", ""pct"": 13.780000000000001}, {""score"": ""0 - 2"", ""pct"": 11.74}, {""score"": ""1 - 1"", ""pct"": 10.61}]"
Scotland,Argentina,Neutral,0.505,2.195,6.3,16.8,76.8,6.2,1.2,1.5,77.0,6.8,7.3,8.9,91.1,"[{""score"": ""0 - 2"", ""pct"": 16.009999999999998}, {""score"": ""0 - 1"", ""pct"": 15.76}, {""score"": ""0 - 3"", ""pct"": 11.08}]"
Scotland,DR Congo,Neutral,1.451,1.249,40.7,27.4,31.9,41.0,6.7,8.4,31.3,5.7,6.9,56.1,43.9,"[{""score"": ""1 - 1"", ""pct"": 12.389999999999999}, {""score"": ""1 - 0"", ""pct"": 10.07}, {""score"": ""2 - 1"", ""pct"": 8.68}]"
Scotland,Iraq,Neutral,1.508,1.192,44.0,27.0,29.0,44.6,7.2,7.8,29.5,4.9,6.0,59.6,40.4,"[{""score"": ""1 - 1"", ""pct"": 12.5}, {""score"": ""1 - 0"", ""pct"": 9.969999999999999}, {""score"": ""2 - 1"", ""pct"": 9.6}]"
Scotland,Mexico,Neutral,0.877,1.823,15.9,23.6,60.5,16.5,3.2,4.1,59.8,7.9,8.6,23.8,76.2,"[{""score"": ""0 - 1"", ""pct"": 12.57}, {""score"": ""0 - 2"", ""pct"": 10.69}, {""score"": ""1 - 1"", ""pct"": 10.54}]"
Scotland,Cape Verde,Neutral,1.834,0.866,60.5,23.4,16.1,61.4,7.4,8.5,15.7,3.0,4.0,77.3,22.7,"[{""score"": ""1 - 0"", ""pct"": 13.23}, {""score"": ""2 - 0"", ""pct"": 10.979999999999999}, {""score"": ""1 - 1"", ""pct"": 10.39}]"
Scotland,Canada,Neutral,1.113,1.587,25.3,26.1,48.5,25.8,5.0,5.8,47.9,6.8,8.7,36.7,63.3,"[{""score"": ""1 - 1"", ""pct"": 11.55}, {""score"": ""0 - 1"", ""pct"": 10.63}, {""score"": ""1 - 2"", ""pct"": 9.45}]"
Scotland,Egypt,Neutral,1.419,1.281,39.5,27.2,33.3,39.7,6.3,8.1,33.2,5.6,7.2,54.0,46.0,"[{""score"": ""1 - 1"", ""pct"": 12.690000000000001}, {""score"": ""1 - 0"", ""pct"": 9.6}, {""score"": ""0 - 1"", ""pct"": 8.75}]"
Scotland,Spain,Neutral,0.512,2.188,6.7,16.6,76.6,6.6,1.2,1.7,76.6,6.8,7.2,9.5,90.5,"[{""score"": ""0 - 2"", ""pct"": 16.07}, {""score"": ""0 - 1"", ""pct"": 15.78}, {""score"": ""0 - 3"", ""pct"": 11.28}]"
Scotland,Portugal,Neutral,0.771,1.929,12.9,21.2,66.0,13.3,2.6,3.2,65.0,7.6,8.2,19.1,80.9,"[{""score"": ""0 - 1"", ""pct"": 13.91}, {""score"": ""0 - 2"", ""pct"": 12.04}, {""score"": ""1 - 2"", ""pct"": 9.83}]"
Scotland,Turkey,Neutral,1.027,1.673,22.5,24.6,52.8,22.5,4.0,5.1,52.8,7.0,8.6,31.7,68.3,"[{""score"": ""0 - 1"", ""pct"": 12.280000000000001}, {""score"": ""1 - 1"", ""pct"": 11.05}, {""score"": ""1 - 2"", ""pct"": 9.700000000000001}]"
Scotland,New Zealand,Neutral,1.61,1.09,49.0,25.6,25.5,49.9,6.5,8.3,25.0,4.9,5.5,64.6,35.4,"[{""score"": ""1 - 1"", ""pct"": 12.23}, {""score"": ""1 - 0"", ""pct"": 11.129999999999999}, {""score"": ""2 - 1"", ""pct"": 9.93}]"
Scotland,England,Neutral,0.69,2.01,10.5,20.1,69.3,10.5,2.2,2.7,68.5,7.5,8.5,15.4,84.6,"[{""score"": ""0 - 1"", ""pct"": 13.780000000000001}, {""score"": ""0 - 2"", ""pct"": 13.5}, {""score"": ""1 - 2"", ""pct"": 9.45}]"
Scotland,Haiti,Neutral,1.562,1.138,46.9,26.2,27.0,47.6,7.3,7.8,26.6,4.6,6.1,62.7,37.3,"[{""score"": ""1 - 1"", ""pct"": 12.139999999999999}, {""score"": ""1 - 0"", ""pct"": 10.83}, {""score"": ""2 - 1"", ""pct"": 9.25}]"
Scotland,Germany,Neutral,0.918,1.782,18.2,23.7,58.1,17.9,3.5,4.4,57.5,7.6,9.0,25.9,74.1,"[{""score"": ""0 - 1"", ""pct"": 12.31}, {""score"": ""0 - 2"", ""pct"": 10.68}, {""score"": ""1 - 1"", ""pct"": 10.6}]"
Scotland,Japan,Neutral,0.803,1.897,14.5,21.9,63.6,14.2,2.9,3.5,63.0,7.7,8.7,20.7,79.4,"[{""score"": ""0 - 1"", ""pct"": 13.459999999999999}, {""score"": ""0 - 2"", ""pct"": 11.77}, {""score"": ""1 - 2"", ""pct"": 9.92}]"
Scotland,Curaçao,Neutral,1.868,0.832,62.4,22.7,14.9,61.9,7.9,8.6,15.3,2.8,3.7,78.3,21.7,"[{""score"": ""1 - 0"", ""pct"": 12.86}, {""score"": ""2 - 0"", ""pct"": 11.81}, {""score"": ""1 - 1"", ""pct"": 10.33}]"
Scotland,Uruguay,Neutral,0.894,1.806,17.4,24.2,58.3,17.4,3.6,4.6,58.2,7.6,8.6,25.6,74.4,"[{""score"": ""0 - 1"", ""pct"": 12.64}, {""score"": ""1 - 1"", ""pct"": 11.06}, {""score"": ""0 - 2"", ""pct"": 10.59}]"
Scotland,Sweden,Neutral,1.64,1.06,50.9,25.6,23.5,51.7,7.0,8.8,23.0,4.3,5.2,67.5,32.5,"[{""score"": ""1 - 1"", ""pct"": 12.11}, {""score"": ""1 - 0"", ""pct"": 11.3}, {""score"": ""2 - 1"", ""pct"": 9.81}]"
Scotland,Iran,Neutral,1.013,1.687,21.5,25.4,53.1,21.6,4.2,5.5,53.0,7.2,8.5,31.3,68.7,"[{""score"": ""0 - 1"", ""pct"": 11.65}, {""score"": ""1 - 1"", ""pct"": 11.61}, {""score"": ""1 - 2"", ""pct"": 9.49}]"
Scotland,United States,Neutral,1.271,1.429,31.5,26.6,41.9,32.9,5.7,7.1,39.5,6.2,8.6,45.7,54.3,"[{""score"": ""1 - 1"", ""pct"": 11.600000000000001}, {""score"": ""0 - 1"", ""pct"": 9.3}, {""score"": ""1 - 2"", ""pct"": 9.19}]"
Scotland,Jordan,Neutral,1.322,1.378,35.8,27.0,37.3,35.1,5.6,7.3,38.0,6.2,7.7,48.1,51.9,"[{""score"": ""1 - 1"", ""pct"": 12.25}, {""score"": ""1 - 0"", ""pct"": 9.32}, {""score"": ""0 - 1"", ""pct"": 8.81}]"
Scotland,Ghana,Neutral,1.842,0.858,61.4,22.7,15.9,60.9,7.8,8.1,15.7,3.2,4.3,76.8,23.2,"[{""score"": ""1 - 0"", ""pct"": 13.25}, {""score"": ""2 - 0"", ""pct"": 11.559999999999999}, {""score"": ""1 - 1"", ""pct"": 10.16}]"
Scotland,Czech Republic,Neutral,1.468,1.232,42.2,26.8,31.0,42.1,6.8,7.8,31.1,5.0,7.2,56.7,43.3,"[{""score"": ""1 - 1"", ""pct"": 12.15}, {""score"": ""1 - 0"", ""pct"": 10.43}, {""score"": ""2 - 1"", ""pct"": 9.51}]"
Scotland,Croatia,Neutral,0.961,1.739,19.9,24.7,55.4,20.1,3.7,5.0,55.4,7.1,8.8,28.7,71.3,"[{""score"": ""0 - 1"", ""pct"": 11.81}, {""score"": ""1 - 1"", ""pct"": 11.66}, {""score"": ""1 - 2"", ""pct"": 10.059999999999999}]"
Scotland,Ecuador,Neutral,0.809,1.891,14.5,22.2,63.3,14.1,2.6,3.6,63.5,7.9,8.2,20.4,79.6,"[{""score"": ""0 - 1"", ""pct"": 13.15}, {""score"": ""0 - 2"", ""pct"": 11.959999999999999}, {""score"": ""1 - 1"", ""pct"": 9.87}]"
Scotland,Brazil,Neutral,0.737,1.963,11.9,21.6,66.5,11.8,2.2,3.2,67.2,7.2,8.4,17.2,82.8,"[{""score"": ""0 - 1"", ""pct"": 13.81}, {""score"": ""0 - 2"", ""pct"": 12.68}, {""score"": ""1 - 1"", ""pct"": 9.91}]"
Scotland,Bosnia and Herzegovina,Neutral,1.9,0.8,64.6,21.7,13.7,63.0,7.5,8.7,14.7,2.7,3.4,79.2,20.8,"[{""score"": ""1 - 0"", ""pct"": 13.089999999999998}, {""score"": ""2 - 0"", ""pct"": 12.1}, {""score"": ""1 - 1"", ""pct"": 9.75}]"
Scotland,South Africa,Neutral,1.765,0.935,56.7,24.3,19.0,57.5,7.5,8.7,18.2,3.8,4.3,73.7,26.3,"[{""score"": ""1 - 0"", ""pct"": 11.93}, {""score"": ""1 - 1"", ""pct"": 11.12}, {""score"": ""2 - 0"", ""pct"": 9.89}]"
Scotland,Paraguay,Neutral,1.076,1.624,24.6,25.7,49.7,23.0,4.5,5.9,51.0,7.0,8.6,33.4,66.6,"[{""score"": ""1 - 1"", ""pct"": 11.53}, {""score"": ""0 - 1"", ""pct"": 11.379999999999999}, {""score"": ""1 - 2"", ""pct"": 9.82}]"
Scotland,Belgium,Neutral,1.04,1.66,23.2,25.5,51.3,23.0,3.9,5.8,51.1,7.1,9.0,32.7,67.3,"[{""score"": ""1 - 1"", ""pct"": 12.08}, {""score"": ""0 - 1"", ""pct"": 11.200000000000001}, {""score"": ""1 - 2"", ""pct"": 10.07}]"
Scotland,Norway,Neutral,1.007,1.693,21.7,24.4,53.9,22.1,4.0,5.3,52.3,7.5,8.8,31.4,68.6,"[{""score"": ""0 - 1"", ""pct"": 11.89}, {""score"": ""1 - 1"", ""pct"": 11.16}, {""score"": ""1 - 2"", ""pct"": 9.81}]"
Scotland,Algeria,Neutral,1.106,1.594,25.0,26.1,49.0,25.6,4.6,6.0,48.8,7.1,8.0,36.1,63.9,"[{""score"": ""1 - 1"", ""pct"": 11.87}, {""score"": ""0 - 1"", ""pct"": 10.84}, {""score"": ""1 - 2"", ""pct"": 9.6}]"
Germany,Ivory Coast,Neutral,1.782,0.918,57.8,24.6,17.6,57.7,7.6,8.5,18.1,3.4,4.7,73.8,26.2,"[{""score"": ""1 - 0"", ""pct"": 13.07}, {""score"": ""1 - 1"", ""pct"": 11.18}, {""score"": ""2 - 0"", ""pct"": 10.89}]"
Germany,Uzbekistan,Neutral,1.612,1.088,49.5,25.5,25.0,49.7,7.5,8.0,24.4,4.4,5.9,65.3,34.7,"[{""score"": ""1 - 1"", ""pct"": 11.940000000000001}, {""score"": ""1 - 0"", ""pct"": 10.72}, {""score"": ""2 - 1"", ""pct"": 9.69}]"
Germany,Qatar,Neutral,2.214,0.486,77.0,16.6,6.4,77.4,6.8,7.2,5.8,1.1,1.7,91.4,8.6,"[{""score"": ""2 - 0"", ""pct"": 16.68}, {""score"": ""1 - 0"", ""pct"": 15.870000000000001}, {""score"": ""3 - 0"", ""pct"": 11.200000000000001}]"
Germany,Panama,Neutral,1.64,1.06,51.7,25.4,22.9,50.9,7.2,8.2,23.7,4.6,5.3,66.4,33.6,"[{""score"": ""1 - 1"", ""pct"": 11.81}, {""score"": ""1 - 0"", ""pct"": 11.04}, {""score"": ""2 - 1"", ""pct"": 9.879999999999999}]"
Germany,Saudi Arabia,Neutral,1.997,0.703,68.2,20.8,11.1,68.8,7.5,7.9,10.6,2.2,3.0,84.2,15.8,"[{""score"": ""1 - 0"", ""pct"": 13.900000000000002}, {""score"": ""2 - 0"", ""pct"": 13.669999999999998}, {""score"": ""2 - 1"", ""pct"": 9.569999999999999}]"
Germany,Tunisia,Neutral,1.932,0.768,65.3,21.7,13.0,64.8,7.7,8.7,13.3,2.5,3.0,81.2,18.8,"[{""score"": ""1 - 0"", ""pct"": 13.77}, {""score"": ""2 - 0"", ""pct"": 12.0}, {""score"": ""2 - 1"", ""pct"": 9.790000000000001}]"
Germany,Austria,Neutral,1.723,0.977,55.3,24.3,20.4,54.2,7.2,9.0,20.1,3.9,5.6,70.4,29.6,"[{""score"": ""1 - 0"", ""pct"": 12.280000000000001}, {""score"": ""1 - 1"", ""pct"": 11.06}, {""score"": ""2 - 0"", ""pct"": 9.93}]"
Germany,Senegal,Neutral,1.493,1.207,43.6,26.2,30.1,43.2,7.0,7.8,30.1,5.1,6.7,58.1,41.9,"[{""score"": ""1 - 1"", ""pct"": 11.700000000000001}, {""score"": ""1 - 0"", ""pct"": 10.459999999999999}, {""score"": ""2 - 1"", ""pct"": 9.26}]"
Germany,Netherlands,Neutral,1.33,1.37,35.4,27.2,37.4,36.2,5.4,7.6,37.3,6.0,7.5,49.1,50.9,"[{""score"": ""1 - 1"", ""pct"": 12.61}, {""score"": ""0 - 1"", ""pct"": 9.69}, {""score"": ""1 - 0"", ""pct"": 9.030000000000001}]"
Germany,Colombia,Neutral,1.11,1.59,25.7,26.4,47.9,25.5,4.5,5.7,49.3,6.7,8.2,35.7,64.3,"[{""score"": ""1 - 1"", ""pct"": 12.0}, {""score"": ""0 - 1"", ""pct"": 11.0}, {""score"": ""1 - 2"", ""pct"": 9.54}]"
Germany,South Korea,Neutral,1.499,1.201,45.0,25.8,29.2,43.6,7.1,8.0,28.9,5.9,6.6,58.7,41.3,"[{""score"": ""1 - 1"", ""pct"": 11.68}, {""score"": ""1 - 0"", ""pct"": 11.020000000000001}, {""score"": ""2 - 1"", ""pct"": 9.32}]"
Germany,Switzerland,Neutral,1.524,1.176,45.2,26.9,28.0,45.1,6.6,8.4,28.3,5.1,6.4,60.1,39.9,"[{""score"": ""1 - 1"", ""pct"": 12.389999999999999}, {""score"": ""1 - 0"", ""pct"": 10.89}, {""score"": ""2 - 1"", ""pct"": 9.34}]"
Germany,Australia,Neutral,1.418,1.282,39.7,26.7,33.6,40.5,5.9,7.8,32.9,5.9,7.1,54.1,45.9,"[{""score"": ""1 - 1"", ""pct"": 12.82}, {""score"": ""1 - 0"", ""pct"": 9.43}, {""score"": ""2 - 1"", ""pct"": 8.84}]"
Germany,France,Neutral,0.971,1.729,19.8,25.5,54.7,20.0,3.9,4.9,55.2,7.3,8.8,28.8,71.2,"[{""score"": ""0 - 1"", ""pct"": 12.139999999999999}, {""score"": ""1 - 1"", ""pct"": 11.51}, {""score"": ""0 - 2"", ""pct"": 9.94}]"
Germany,Morocco,Neutral,1.215,1.485,30.2,27.0,42.8,29.7,4.8,6.6,43.9,6.7,8.3,41.1,59.0,"[{""score"": ""1 - 1"", ""pct"": 12.4}, {""score"": ""0 - 1"", ""pct"": 10.16}, {""score"": ""1 - 2"", ""pct"": 9.16}]"
Germany,Argentina,Neutral,0.759,1.941,12.9,21.6,65.5,13.2,2.7,3.5,64.5,7.8,8.4,19.3,80.7,"[{""score"": ""0 - 1"", ""pct"": 13.469999999999999}, {""score"": ""0 - 2"", ""pct"": 12.3}, {""score"": ""1 - 2"", ""pct"": 10.17}]"
Germany,DR Congo,Neutral,1.864,0.836,61.5,23.5,15.0,62.0,7.6,8.4,15.1,3.1,3.7,78.0,22.0,"[{""score"": ""1 - 0"", ""pct"": 12.73}, {""score"": ""2 - 0"", ""pct"": 11.43}, {""score"": ""1 - 1"", ""pct"": 10.36}]"
Germany,Iraq,Neutral,1.908,0.792,63.9,22.2,13.9,63.4,7.7,8.9,13.7,2.7,3.6,80.0,20.0,"[{""score"": ""1 - 0"", ""pct"": 13.22}, {""score"": ""2 - 0"", ""pct"": 12.01}, {""score"": ""1 - 1"", ""pct"": 10.05}]"
Germany,Mexico,Neutral,1.3,1.4,33.5,27.2,39.2,34.9,5.9,7.2,37.8,6.5,7.7,48.0,52.0,"[{""score"": ""1 - 1"", ""pct"": 12.540000000000001}, {""score"": ""0 - 1"", ""pct"": 9.790000000000001}, {""score"": ""1 - 0"", ""pct"": 8.89}]"
Germany,Cape Verde,Neutral,2.131,0.569,74.6,18.0,7.4,73.4,7.4,7.7,8.0,1.5,2.0,88.5,11.5,"[{""score"": ""2 - 0"", ""pct"": 15.75}, {""score"": ""1 - 0"", ""pct"": 14.82}, {""score"": ""3 - 0"", ""pct"": 9.83}]"
Germany,Canada,Neutral,1.563,1.137,46.8,26.3,26.9,46.5,7.2,8.3,26.8,4.8,6.4,62.0,38.0,"[{""score"": ""1 - 1"", ""pct"": 12.09}, {""score"": ""1 - 0"", ""pct"": 10.92}, {""score"": ""2 - 1"", ""pct"": 9.25}]"
Germany,Egypt,Neutral,1.838,0.862,60.5,23.5,16.0,60.4,7.5,8.6,16.3,3.0,4.1,76.6,23.4,"[{""score"": ""1 - 0"", ""pct"": 12.72}, {""score"": ""2 - 0"", ""pct"": 11.08}, {""score"": ""1 - 1"", ""pct"": 10.58}]"
Germany,Spain,Neutral,0.771,1.929,13.7,21.5,64.8,13.9,2.6,3.6,64.2,7.4,8.2,20.2,79.8,"[{""score"": ""0 - 1"", ""pct"": 13.389999999999999}, {""score"": ""0 - 2"", ""pct"": 11.88}, {""score"": ""1 - 2"", ""pct"": 10.03}]"
Germany,Portugal,Neutral,1.165,1.535,28.0,26.8,45.2,26.8,5.1,6.3,46.7,6.9,8.2,38.2,61.8,"[{""score"": ""1 - 1"", ""pct"": 12.41}, {""score"": ""0 - 1"", ""pct"": 10.5}, {""score"": ""1 - 2"", ""pct"": 9.77}]"
Germany,Turkey,Neutral,1.472,1.228,41.9,27.8,30.3,42.5,6.5,7.5,31.0,5.3,7.1,56.5,43.4,"[{""score"": ""1 - 1"", ""pct"": 12.4}, {""score"": ""1 - 0"", ""pct"": 10.02}, {""score"": ""2 - 1"", ""pct"": 8.709999999999999}]"
Germany,New Zealand,Neutral,1.983,0.717,67.1,21.3,11.6,68.3,6.9,8.1,11.5,2.2,2.9,83.4,16.6,"[{""score"": ""1 - 0"", ""pct"": 14.05}, {""score"": ""2 - 0"", ""pct"": 12.740000000000002}, {""score"": ""2 - 1"", ""pct"": 9.92}]"
Germany,England,Neutral,1.051,1.649,22.9,25.5,51.6,23.1,4.5,5.5,50.6,7.8,8.4,33.1,66.9,"[{""score"": ""0 - 1"", ""pct"": 11.88}, {""score"": ""1 - 1"", ""pct"": 11.35}, {""score"": ""1 - 2"", ""pct"": 9.6}]"
Germany,Haiti,Neutral,1.948,0.752,66.0,21.5,12.4,66.0,7.2,8.5,12.5,2.5,3.4,81.7,18.3,"[{""score"": ""1 - 0"", ""pct"": 13.930000000000001}, {""score"": ""2 - 0"", ""pct"": 12.93}, {""score"": ""1 - 1"", ""pct"": 10.100000000000001}]"
Germany,Scotland,Neutral,1.782,0.918,57.7,25.1,17.2,57.5,7.7,8.6,17.9,3.5,4.8,73.8,26.2,"[{""score"": ""1 - 0"", ""pct"": 12.76}, {""score"": ""1 - 1"", ""pct"": 11.23}, {""score"": ""2 - 1"", ""pct"": 10.34}]"
Germany,Japan,Neutral,1.206,1.494,29.4,26.8,43.8,29.2,5.2,6.2,44.6,6.8,7.9,40.7,59.3,"[{""score"": ""1 - 1"", ""pct"": 11.690000000000001}, {""score"": ""0 - 1"", ""pct"": 10.74}, {""score"": ""1 - 2"", ""pct"": 9.21}]"
Germany,Curaçao,Neutral,2.152,0.548,75.3,17.5,7.2,74.3,7.3,7.8,7.1,1.5,2.1,89.3,10.7,"[{""score"": ""2 - 0"", ""pct"": 15.61}, {""score"": ""1 - 0"", ""pct"": 14.71}, {""score"": ""3 - 0"", ""pct"": 10.93}]"
Germany,Uruguay,Neutral,1.321,1.379,34.3,27.5,38.2,35.1,6.0,7.4,37.6,6.2,7.7,48.5,51.5,"[{""score"": ""1 - 1"", ""pct"": 12.29}, {""score"": ""0 - 1"", ""pct"": 9.49}, {""score"": ""1 - 0"", ""pct"": 8.99}]"
Germany,Sweden,Neutral,2.004,0.696,68.7,20.5,10.8,69.1,7.0,8.6,10.5,2.0,2.8,84.7,15.3,"[{""score"": ""1 - 0"", ""pct"": 13.79}, {""score"": ""2 - 0"", ""pct"": 13.28}, {""score"": ""2 - 1"", ""pct"": 9.53}]"
Germany,Iran,Neutral,1.457,1.243,41.8,26.8,31.4,41.1,6.3,7.4,32.5,5.7,7.0,54.8,45.2,"[{""score"": ""1 - 1"", ""pct"": 11.93}, {""score"": ""1 - 0"", ""pct"": 10.71}, {""score"": ""2 - 1"", ""pct"": 9.02}]"
Germany,United States,Neutral,1.713,0.987,54.5,25.1,20.4,54.9,7.4,8.6,20.0,4.0,5.1,70.9,29.1,"[{""score"": ""1 - 0"", ""pct"": 12.01}, {""score"": ""1 - 1"", ""pct"": 11.06}, {""score"": ""2 - 1"", ""pct"": 9.9}]"
Germany,Jordan,Neutral,1.758,0.942,56.6,24.6,18.8,56.9,7.7,8.6,18.7,3.5,4.5,73.2,26.8,"[{""score"": ""1 - 0"", ""pct"": 12.22}, {""score"": ""1 - 1"", ""pct"": 10.9}, {""score"": ""2 - 0"", ""pct"": 9.9}]"
Germany,Ghana,Neutral,2.136,0.564,74.2,18.1,7.8,75.1,7.2,7.2,7.4,1.4,1.7,89.5,10.5,"[{""score"": ""2 - 0"", ""pct"": 14.96}, {""score"": ""1 - 0"", ""pct"": 14.95}, {""score"": ""3 - 0"", ""pct"": 10.51}]"
Germany,Czech Republic,Neutral,1.877,0.823,62.8,23.1,14.1,62.6,7.2,9.0,14.5,2.9,3.8,78.8,21.2,"[{""score"": ""1 - 0"", ""pct"": 13.370000000000001}, {""score"": ""2 - 0"", ""pct"": 12.120000000000001}, {""score"": ""1 - 1"", ""pct"": 10.65}]"
Germany,Croatia,Neutral,1.4,1.3,38.3,28.3,33.4,38.1,6.4,7.9,34.4,6.0,7.2,52.4,47.7,"[{""score"": ""1 - 1"", ""pct"": 13.38}, {""score"": ""1 - 0"", ""pct"": 9.610000000000001}, {""score"": ""0 - 1"", ""pct"": 8.58}]"
Germany,Ecuador,Neutral,1.214,1.486,30.3,26.8,42.9,29.4,5.2,6.5,44.0,6.4,8.4,41.2,58.8,"[{""score"": ""1 - 1"", ""pct"": 11.74}, {""score"": ""0 - 1"", ""pct"": 10.35}, {""score"": ""1 - 2"", ""pct"": 8.97}]"
Germany,Brazil,Neutral,1.118,1.582,25.7,26.3,48.0,26.6,4.3,5.8,47.2,7.3,8.8,36.7,63.3,"[{""score"": ""1 - 1"", ""pct"": 11.559999999999999}, {""score"": ""0 - 1"", ""pct"": 10.86}, {""score"": ""1 - 2"", ""pct"": 9.5}]"
Germany,Bosnia and Herzegovina,Neutral,2.171,0.529,75.9,17.6,6.4,75.3,7.0,7.5,7.0,1.5,1.8,89.8,10.2,"[{""score"": ""2 - 0"", ""pct"": 15.229999999999999}, {""score"": ""1 - 0"", ""pct"": 15.190000000000001}, {""score"": ""3 - 0"", ""pct"": 10.59}]"
Germany,South Africa,Neutral,2.087,0.613,72.2,19.1,8.7,72.4,7.1,7.8,8.5,1.8,2.5,87.3,12.7,"[{""score"": ""1 - 0"", ""pct"": 14.74}, {""score"": ""2 - 0"", ""pct"": 14.59}, {""score"": ""3 - 0"", ""pct"": 9.81}]"
Germany,Paraguay,Neutral,1.525,1.175,44.6,27.1,28.3,45.5,6.9,8.6,27.9,5.0,6.3,60.9,39.1,"[{""score"": ""1 - 1"", ""pct"": 12.46}, {""score"": ""1 - 0"", ""pct"": 10.23}, {""score"": ""2 - 1"", ""pct"": 8.780000000000001}]"
Germany,Belgium,Neutral,1.487,1.213,44.0,26.2,29.8,42.9,6.7,8.1,30.0,5.6,6.6,57.7,42.3,"[{""score"": ""1 - 1"", ""pct"": 11.78}, {""score"": ""1 - 0"", ""pct"": 10.83}, {""score"": ""2 - 1"", ""pct"": 9.28}]"
Germany,Norway,Neutral,1.451,1.249,40.7,27.1,32.2,41.2,6.3,8.1,31.5,5.6,7.3,55.6,44.4,"[{""score"": ""1 - 1"", ""pct"": 12.1}, {""score"": ""1 - 0"", ""pct"": 10.52}, {""score"": ""0 - 1"", ""pct"": 8.63}]"
Germany,Algeria,Neutral,1.555,1.145,46.5,26.6,27.0,46.4,6.9,8.0,27.9,4.8,6.0,61.3,38.7,"[{""score"": ""1 - 1"", ""pct"": 11.99}, {""score"": ""1 - 0"", ""pct"": 10.9}, {""score"": ""2 - 1"", ""pct"": 9.229999999999999}]"
Japan,Ivory Coast,Neutral,1.898,0.802,63.9,22.1,14.0,63.7,7.7,8.0,14.0,2.9,3.6,79.4,20.6,"[{""score"": ""1 - 0"", ""pct"": 12.920000000000002}, {""score"": ""2 - 0"", ""pct"": 11.77}, {""score"": ""2 - 1"", ""pct"": 10.07}]"
Japan,Uzbekistan,Neutral,1.744,0.956,56.5,24.0,19.6,55.8,7.2,8.7,19.1,4.1,5.1,71.8,28.2,"[{""score"": ""1 - 0"", ""pct"": 11.76}, {""score"": ""1 - 1"", ""pct"": 10.76}, {""score"": ""2 - 1"", ""pct"": 10.69}]"
Japan,Qatar,Neutral,2.264,0.436,79.1,15.9,5.0,79.7,6.4,6.6,5.0,0.9,1.4,92.7,7.3,"[{""score"": ""2 - 0"", ""pct"": 17.549999999999997}, {""score"": ""1 - 0"", ""pct"": 16.13}, {""score"": ""3 - 0"", ""pct"": 12.22}]"
Japan,Panama,Neutral,1.769,0.931,56.9,24.7,18.4,57.5,7.2,8.2,18.3,3.7,5.1,72.9,27.1,"[{""score"": ""1 - 0"", ""pct"": 12.09}, {""score"": ""1 - 1"", ""pct"": 10.870000000000001}, {""score"": ""2 - 0"", ""pct"": 10.11}]"
Japan,Saudi Arabia,Neutral,2.084,0.616,72.8,18.2,8.9,71.7,7.1,8.2,8.8,2.1,2.1,87.1,13.0,"[{""score"": ""1 - 0"", ""pct"": 14.549999999999999}, {""score"": ""2 - 0"", ""pct"": 14.540000000000001}, {""score"": ""3 - 0"", ""pct"": 9.9}]"
Japan,Tunisia,Neutral,2.029,0.671,70.0,19.6,10.4,70.0,7.3,8.4,9.9,1.9,2.5,85.7,14.3,"[{""score"": ""1 - 0"", ""pct"": 13.79}, {""score"": ""2 - 0"", ""pct"": 13.44}, {""score"": ""3 - 0"", ""pct"": 9.32}]"
Japan,Austria,Neutral,1.845,0.855,60.8,23.6,15.6,60.4,7.7,8.6,16.1,3.3,3.9,76.7,23.3,"[{""score"": ""1 - 0"", ""pct"": 12.65}, {""score"": ""2 - 0"", ""pct"": 10.51}, {""score"": ""1 - 1"", ""pct"": 10.32}]"
Japan,Senegal,Neutral,1.632,1.068,50.8,25.5,23.6,51.4,7.3,8.4,23.3,4.1,5.6,67.1,32.9,"[{""score"": ""1 - 1"", ""pct"": 11.76}, {""score"": ""1 - 0"", ""pct"": 11.59}, {""score"": ""2 - 1"", ""pct"": 9.31}]"
Japan,Netherlands,Neutral,1.474,1.226,42.8,26.4,30.8,42.2,7.2,8.4,30.4,5.0,6.7,57.8,42.2,"[{""score"": ""1 - 1"", ""pct"": 12.01}, {""score"": ""1 - 0"", ""pct"": 10.290000000000001}, {""score"": ""2 - 1"", ""pct"": 8.82}]"
Japan,Colombia,Neutral,1.251,1.449,31.5,27.3,41.2,31.9,5.9,6.5,41.4,6.4,7.8,44.4,55.6,"[{""score"": ""1 - 1"", ""pct"": 12.15}, {""score"": ""0 - 1"", ""pct"": 9.629999999999999}, {""score"": ""1 - 2"", ""pct"": 9.13}]"
Japan,South Korea,Neutral,1.638,1.062,51.2,24.9,23.9,50.7,7.2,8.4,23.4,4.4,5.8,66.4,33.6,"[{""score"": ""1 - 1"", ""pct"": 11.219999999999999}, {""score"": ""1 - 0"", ""pct"": 10.96}, {""score"": ""2 - 1"", ""pct"": 9.93}]"
Japan,Switzerland,Neutral,1.662,1.038,51.4,26.0,22.6,52.3,7.0,8.7,22.9,4.1,5.0,68.0,32.0,"[{""score"": ""1 - 1"", ""pct"": 12.07}, {""score"": ""1 - 0"", ""pct"": 11.940000000000001}, {""score"": ""2 - 1"", ""pct"": 9.73}]"
Japan,Australia,Neutral,1.56,1.14,47.0,25.9,27.1,46.6,6.9,8.0,27.4,4.8,6.5,61.4,38.6,"[{""score"": ""1 - 1"", ""pct"": 11.75}, {""score"": ""1 - 0"", ""pct"": 10.68}, {""score"": ""2 - 1"", ""pct"": 9.82}]"
Japan,France,Neutral,1.104,1.596,25.8,26.1,48.1,25.4,4.9,5.9,48.6,7.2,8.0,36.2,63.8,"[{""score"": ""1 - 1"", ""pct"": 12.02}, {""score"": ""0 - 1"", ""pct"": 10.84}, {""score"": ""1 - 2"", ""pct"": 9.77}]"
Japan,Morocco,Neutral,1.359,1.341,36.9,26.4,36.7,36.9,6.3,7.0,36.3,5.9,7.6,50.2,49.8,"[{""score"": ""1 - 1"", ""pct"": 11.81}, {""score"": ""1 - 0"", ""pct"": 9.6}, {""score"": ""0 - 1"", ""pct"": 9.4}]"
Japan,Argentina,Neutral,0.869,1.831,15.2,23.8,61.0,16.1,3.1,4.0,60.8,7.3,8.6,23.3,76.7,"[{""score"": ""0 - 1"", ""pct"": 13.04}, {""score"": ""0 - 2"", ""pct"": 11.34}, {""score"": ""1 - 1"", ""pct"": 10.32}]"
Japan,DR Congo,Neutral,1.97,0.73,66.7,21.6,11.8,66.7,7.2,8.2,12.4,2.4,3.1,82.1,17.9,"[{""score"": ""1 - 0"", ""pct"": 13.309999999999999}, {""score"": ""2 - 0"", ""pct"": 12.770000000000001}, {""score"": ""2 - 1"", ""pct"": 9.75}]"
Japan,Iraq,Neutral,2.009,0.691,69.0,19.8,11.2,69.3,7.4,7.7,10.6,2.2,2.7,84.5,15.5,"[{""score"": ""1 - 0"", ""pct"": 13.98}, {""score"": ""2 - 0"", ""pct"": 13.54}, {""score"": ""2 - 1"", ""pct"": 9.43}]"
Japan,Mexico,Neutral,1.444,1.256,41.2,26.7,32.0,41.5,6.5,7.8,32.1,5.6,6.6,55.8,44.2,"[{""score"": ""1 - 1"", ""pct"": 12.26}, {""score"": ""1 - 0"", ""pct"": 10.18}, {""score"": ""2 - 1"", ""pct"": 8.790000000000001}]"
Japan,Cape Verde,Neutral,2.196,0.504,77.1,16.9,6.1,77.0,7.0,7.1,6.0,1.3,1.7,91.1,8.9,"[{""score"": ""2 - 0"", ""pct"": 16.42}, {""score"": ""1 - 0"", ""pct"": 15.02}, {""score"": ""3 - 0"", ""pct"": 11.700000000000001}]"
Japan,Canada,Neutral,1.698,1.002,53.9,25.1,21.0,53.5,7.1,9.0,21.4,4.0,5.1,69.5,30.5,"[{""score"": ""1 - 1"", ""pct"": 11.64}, {""score"": ""1 - 0"", ""pct"": 11.469999999999999}, {""score"": ""2 - 0"", ""pct"": 9.950000000000001}]"
Japan,Egypt,Neutral,1.948,0.752,66.4,21.3,12.3,65.8,7.7,8.8,12.4,2.5,3.0,82.2,17.8,"[{""score"": ""1 - 0"", ""pct"": 13.87}, {""score"": ""2 - 0"", ""pct"": 12.65}, {""score"": ""2 - 1"", ""pct"": 9.54}]"
Japan,Spain,Neutral,0.882,1.818,17.2,23.3,59.5,16.8,3.2,3.9,59.8,7.8,8.5,23.9,76.1,"[{""score"": ""0 - 1"", ""pct"": 12.67}, {""score"": ""0 - 2"", ""pct"": 11.27}, {""score"": ""1 - 1"", ""pct"": 10.95}]"
Japan,Portugal,Neutral,1.308,1.392,34.3,27.4,38.3,34.8,5.9,7.4,38.5,6.3,7.1,48.1,51.9,"[{""score"": ""1 - 1"", ""pct"": 12.809999999999999}, {""score"": ""0 - 1"", ""pct"": 10.09}, {""score"": ""1 - 2"", ""pct"": 8.74}]"
Japan,Turkey,Neutral,1.612,1.088,49.3,26.2,24.6,49.0,6.9,8.8,25.3,4.6,5.5,64.6,35.4,"[{""score"": ""1 - 1"", ""pct"": 11.940000000000001}, {""score"": ""1 - 0"", ""pct"": 10.83}, {""score"": ""2 - 1"", ""pct"": 9.5}]"
Japan,New Zealand,Neutral,2.072,0.628,71.9,19.3,8.8,71.7,7.0,8.0,8.9,1.8,2.6,86.7,13.3,"[{""score"": ""1 - 0"", ""pct"": 14.469999999999999}, {""score"": ""2 - 0"", ""pct"": 14.41}, {""score"": ""3 - 0"", ""pct"": 9.64}]"
Japan,England,Neutral,1.189,1.511,29.2,26.5,44.3,28.7,5.1,6.7,44.4,7.0,8.1,40.6,59.4,"[{""score"": ""1 - 1"", ""pct"": 11.72}, {""score"": ""0 - 1"", ""pct"": 10.8}, {""score"": ""1 - 2"", ""pct"": 9.04}]"
Japan,Haiti,Neutral,2.043,0.657,70.5,19.8,9.7,70.9,7.0,7.8,9.7,2.0,2.6,85.7,14.3,"[{""score"": ""1 - 0"", ""pct"": 14.93}, {""score"": ""2 - 0"", ""pct"": 14.680000000000001}, {""score"": ""2 - 1"", ""pct"": 9.049999999999999}]"
Japan,Scotland,Neutral,1.897,0.803,62.9,23.0,14.1,64.1,7.0,8.4,14.4,2.5,3.6,79.5,20.5,"[{""score"": ""1 - 0"", ""pct"": 12.94}, {""score"": ""2 - 0"", ""pct"": 11.64}, {""score"": ""1 - 1"", ""pct"": 10.24}]"
Japan,Germany,Neutral,1.494,1.206,43.5,26.9,29.5,43.4,7.6,7.9,29.8,5.3,6.0,58.9,41.1,"[{""score"": ""1 - 1"", ""pct"": 12.08}, {""score"": ""1 - 0"", ""pct"": 10.45}, {""score"": ""2 - 1"", ""pct"": 9.139999999999999}]"
Japan,Curaçao,Neutral,2.213,0.487,77.6,16.6,5.8,78.2,6.5,6.9,5.8,1.0,1.6,91.7,8.3,"[{""score"": ""2 - 0"", ""pct"": 16.45}, {""score"": ""1 - 0"", ""pct"": 15.620000000000001}, {""score"": ""3 - 0"", ""pct"": 11.67}]"
Japan,Uruguay,Neutral,1.466,1.234,42.1,27.0,30.9,42.2,6.5,7.6,31.2,5.7,6.8,56.3,43.7,"[{""score"": ""1 - 1"", ""pct"": 12.04}, {""score"": ""1 - 0"", ""pct"": 10.09}, {""score"": ""2 - 1"", ""pct"": 9.049999999999999}]"
Japan,Sweden,Neutral,2.09,0.61,72.0,18.9,9.1,73.6,6.6,8.0,8.1,1.5,2.2,88.1,11.9,"[{""score"": ""1 - 0"", ""pct"": 14.34}, {""score"": ""2 - 0"", ""pct"": 14.219999999999999}, {""score"": ""3 - 0"", ""pct"": 10.23}]"
Japan,Iran,Neutral,1.598,1.102,49.3,26.1,24.7,48.4,7.0,8.6,25.0,4.6,6.3,64.0,36.0,"[{""score"": ""1 - 1"", ""pct"": 11.85}, {""score"": ""1 - 0"", ""pct"": 11.14}, {""score"": ""2 - 1"", ""pct"": 9.98}]"
Japan,United States,Neutral,1.836,0.864,60.1,23.9,16.0,60.5,7.6,8.3,16.3,3.1,4.2,76.4,23.6,"[{""score"": ""1 - 0"", ""pct"": 12.540000000000001}, {""score"": ""2 - 0"", ""pct"": 10.95}, {""score"": ""1 - 1"", ""pct"": 10.84}]"
Japan,Jordan,Neutral,1.876,0.824,62.7,22.6,14.7,62.8,7.0,8.3,15.2,2.8,3.8,78.1,21.9,"[{""score"": ""1 - 0"", ""pct"": 13.170000000000002}, {""score"": ""2 - 0"", ""pct"": 11.35}, {""score"": ""1 - 1"", ""pct"": 10.22}]"
Japan,Ghana,Neutral,2.2,0.5,76.3,17.4,6.2,77.2,6.7,7.1,6.2,1.0,1.7,91.1,8.9,"[{""score"": ""2 - 0"", ""pct"": 15.75}, {""score"": ""1 - 0"", ""pct"": 15.17}, {""score"": ""3 - 0"", ""pct"": 11.59}]"
Japan,Czech Republic,Neutral,1.982,0.718,66.5,21.7,11.8,67.4,7.3,8.3,11.7,2.2,3.0,83.1,16.9,"[{""score"": ""1 - 0"", ""pct"": 13.86}, {""score"": ""2 - 0"", ""pct"": 12.82}, {""score"": ""2 - 1"", ""pct"": 9.91}]"
Japan,Croatia,Neutral,1.543,1.157,45.9,26.7,27.5,45.4,7.1,8.4,28.1,5.0,6.1,60.9,39.1,"[{""score"": ""1 - 1"", ""pct"": 12.68}, {""score"": ""1 - 0"", ""pct"": 10.97}, {""score"": ""2 - 1"", ""pct"": 9.030000000000001}]"
Japan,Ecuador,Neutral,1.358,1.342,35.9,28.4,35.7,36.9,6.4,7.7,35.3,5.9,7.8,51.0,49.0,"[{""score"": ""1 - 1"", ""pct"": 12.93}, {""score"": ""0 - 1"", ""pct"": 9.25}, {""score"": ""1 - 0"", ""pct"": 9.08}]"
Japan,Brazil,Neutral,1.26,1.44,33.1,27.1,39.7,32.1,5.7,7.2,40.0,7.1,7.9,45.0,55.0,"[{""score"": ""1 - 1"", ""pct"": 12.120000000000001}, {""score"": ""0 - 1"", ""pct"": 9.21}, {""score"": ""1 - 0"", ""pct"": 8.95}]"
Japan,Bosnia and Herzegovina,Neutral,2.229,0.471,78.7,15.9,5.5,78.3,6.5,7.1,5.5,1.3,1.3,91.9,8.1,"[{""score"": ""2 - 0"", ""pct"": 17.07}, {""score"": ""1 - 0"", ""pct"": 15.229999999999999}, {""score"": ""3 - 0"", ""pct"": 12.34}]"
Japan,South Africa,Neutral,2.16,0.54,75.1,18.0,7.0,75.7,6.7,6.9,7.4,1.5,1.7,89.3,10.7,"[{""score"": ""2 - 0"", ""pct"": 15.83}, {""score"": ""1 - 0"", ""pct"": 14.48}, {""score"": ""3 - 0"", ""pct"": 10.61}]"
Japan,Paraguay,Neutral,1.662,1.038,51.7,25.4,22.8,52.0,7.9,8.1,22.6,4.1,5.3,68.1,31.9,"[{""score"": ""1 - 1"", ""pct"": 11.64}, {""score"": ""1 - 0"", ""pct"": 11.540000000000001}, {""score"": ""2 - 1"", ""pct"": 9.62}]"
Japan,Belgium,Neutral,1.627,1.073,50.0,25.8,24.2,49.5,7.2,8.6,24.4,4.5,5.9,65.2,34.8,"[{""score"": ""1 - 1"", ""pct"": 11.690000000000001}, {""score"": ""1 - 0"", ""pct"": 11.450000000000001}, {""score"": ""2 - 1"", ""pct"": 9.34}]"
Japan,Norway,Neutral,1.592,1.108,48.6,25.9,25.4,48.6,6.7,8.6,25.5,4.8,5.8,63.8,36.2,"[{""score"": ""1 - 1"", ""pct"": 12.19}, {""score"": ""1 - 0"", ""pct"": 11.24}, {""score"": ""2 - 1"", ""pct"": 9.68}]"
Japan,Algeria,Neutral,1.691,1.009,53.1,25.8,21.1,53.1,7.8,9.1,20.9,4.2,5.0,70.0,30.0,"[{""score"": ""1 - 0"", ""pct"": 12.08}, {""score"": ""1 - 1"", ""pct"": 11.24}, {""score"": ""2 - 1"", ""pct"": 10.059999999999999}]"
Curaçao,Ivory Coast,Neutral,0.832,1.868,14.9,24.1,61.0,14.9,2.9,3.8,61.5,8.0,8.9,21.6,78.4,"[{""score"": ""0 - 1"", ""pct"": 12.91}, {""score"": ""0 - 2"", ""pct"": 11.19}, {""score"": ""1 - 1"", ""pct"": 11.129999999999999}]"
Curaçao,Uzbekistan,Neutral,0.697,2.003,10.6,20.8,68.6,10.9,2.1,2.9,68.4,7.2,8.5,15.9,84.1,"[{""score"": ""0 - 1"", ""pct"": 13.950000000000001}, {""score"": ""0 - 2"", ""pct"": 13.63}, {""score"": ""1 - 2"", ""pct"": 9.67}]"
Curaçao,Qatar,Neutral,1.495,1.205,43.3,27.2,29.5,43.8,7.0,7.2,30.6,4.8,6.7,57.9,42.1,"[{""score"": ""1 - 1"", ""pct"": 12.659999999999998}, {""score"": ""1 - 0"", ""pct"": 10.31}, {""score"": ""2 - 1"", ""pct"": 8.89}]"
Curaçao,Panama,Neutral,0.716,1.984,11.2,20.6,68.3,11.3,2.4,3.0,68.0,7.2,8.1,16.7,83.3,"[{""score"": ""0 - 1"", ""pct"": 14.46}, {""score"": ""0 - 2"", ""pct"": 12.9}, {""score"": ""1 - 2"", ""pct"": 9.44}]"
Curaçao,Saudi Arabia,Neutral,1.079,1.621,24.7,26.2,49.2,23.5,4.2,5.6,50.0,8.0,8.6,33.4,66.6,"[{""score"": ""1 - 1"", ""pct"": 11.940000000000001}, {""score"": ""0 - 1"", ""pct"": 11.05}, {""score"": ""1 - 2"", ""pct"": 9.229999999999999}]"
Curaçao,Tunisia,Neutral,0.992,1.708,20.2,25.0,54.8,21.4,3.4,5.4,54.0,7.6,8.2,30.1,69.9,"[{""score"": ""0 - 1"", ""pct"": 11.82}, {""score"": ""1 - 1"", ""pct"": 11.12}, {""score"": ""1 - 2"", ""pct"": 10.209999999999999}]"
Curaçao,Austria,Neutral,0.781,1.919,13.5,21.9,64.7,13.9,2.4,3.4,64.7,7.6,8.0,19.7,80.3,"[{""score"": ""0 - 1"", ""pct"": 13.51}, {""score"": ""0 - 2"", ""pct"": 11.799999999999999}, {""score"": ""1 - 1"", ""pct"": 10.27}]"
Curaçao,Senegal,Neutral,0.623,2.077,8.8,19.2,72.0,9.1,2.0,2.5,71.9,7.1,7.4,13.6,86.4,"[{""score"": ""0 - 2"", ""pct"": 14.74}, {""score"": ""0 - 1"", ""pct"": 14.549999999999999}, {""score"": ""0 - 3"", ""pct"": 9.86}]"
Curaçao,Netherlands,Neutral,0.539,2.161,7.1,17.3,75.6,7.1,1.6,1.9,74.7,6.8,7.9,10.6,89.4,"[{""score"": ""0 - 2"", ""pct"": 15.93}, {""score"": ""0 - 1"", ""pct"": 14.81}, {""score"": ""0 - 3"", ""pct"": 11.25}]"
Curaçao,Colombia,Neutral,0.451,2.249,4.9,16.2,79.0,5.1,1.2,1.4,78.5,6.8,7.0,7.8,92.2,"[{""score"": ""0 - 2"", ""pct"": 17.07}, {""score"": ""0 - 1"", ""pct"": 15.58}, {""score"": ""0 - 3"", ""pct"": 12.49}]"
Curaçao,South Korea,Neutral,0.626,2.074,8.9,20.3,70.9,8.8,1.6,2.2,72.7,7.3,7.2,12.7,87.3,"[{""score"": ""0 - 1"", ""pct"": 14.99}, {""score"": ""0 - 2"", ""pct"": 14.610000000000001}, {""score"": ""0 - 3"", ""pct"": 9.09}]"
Curaçao,Switzerland,Neutral,0.641,2.059,9.4,19.7,70.9,9.3,1.9,2.4,71.2,7.3,7.9,13.6,86.4,"[{""score"": ""0 - 1"", ""pct"": 14.469999999999999}, {""score"": ""0 - 2"", ""pct"": 14.08}, {""score"": ""0 - 3"", ""pct"": 9.58}]"
Curaçao,Australia,Neutral,0.582,2.118,8.0,18.6,73.4,8.3,1.8,2.2,73.5,6.8,7.4,12.3,87.7,"[{""score"": ""0 - 2"", ""pct"": 15.64}, {""score"": ""0 - 1"", ""pct"": 14.45}, {""score"": ""0 - 3"", ""pct"": 9.62}]"
Curaçao,France,Neutral,0.406,2.294,4.3,15.0,80.7,4.6,0.9,1.0,81.2,6.0,6.2,6.5,93.4,"[{""score"": ""0 - 2"", ""pct"": 17.299999999999997}, {""score"": ""0 - 1"", ""pct"": 16.18}, {""score"": ""0 - 3"", ""pct"": 13.38}]"
Curaçao,Morocco,Neutral,0.49,2.21,6.1,16.3,77.6,6.0,1.2,1.6,77.9,6.4,6.9,8.8,91.2,"[{""score"": ""0 - 2"", ""pct"": 16.68}, {""score"": ""0 - 1"", ""pct"": 15.65}, {""score"": ""0 - 3"", ""pct"": 11.23}]"
Curaçao,Argentina,Neutral,0.349,2.351,3.5,14.0,82.6,3.2,0.6,0.8,83.6,5.7,6.0,4.7,95.3,"[{""score"": ""0 - 2"", ""pct"": 18.970000000000002}, {""score"": ""0 - 1"", ""pct"": 16.03}, {""score"": ""0 - 3"", ""pct"": 14.45}]"
Curaçao,DR Congo,Neutral,0.914,1.786,18.1,23.8,58.2,17.9,3.6,4.2,58.0,7.5,8.8,25.7,74.3,"[{""score"": ""0 - 1"", ""pct"": 12.120000000000001}, {""score"": ""1 - 1"", ""pct"": 10.89}, {""score"": ""0 - 2"", ""pct"": 10.13}]"
Curaçao,Iraq,Neutral,0.964,1.736,19.6,24.1,56.3,20.6,3.6,5.1,55.2,7.0,8.6,29.3,70.7,"[{""score"": ""0 - 1"", ""pct"": 12.25}, {""score"": ""1 - 1"", ""pct"": 11.129999999999999}, {""score"": ""1 - 2"", ""pct"": 10.31}]"
Curaçao,Mexico,Neutral,0.525,2.175,6.7,17.1,76.2,6.4,1.5,1.7,76.2,6.9,7.3,9.5,90.5,"[{""score"": ""0 - 2"", ""pct"": 16.33}, {""score"": ""0 - 1"", ""pct"": 14.78}, {""score"": ""0 - 3"", ""pct"": 10.8}]"
Curaçao,Cape Verde,Neutral,1.307,1.393,34.7,27.5,37.8,34.2,5.7,7.2,38.5,6.2,8.2,47.1,52.9,"[{""score"": ""1 - 1"", ""pct"": 12.23}, {""score"": ""0 - 1"", ""pct"": 9.78}, {""score"": ""1 - 0"", ""pct"": 9.17}]"
Curaçao,Canada,Neutral,0.664,2.036,10.0,19.5,70.4,10.0,1.9,2.8,69.8,6.9,8.5,14.7,85.2,"[{""score"": ""0 - 1"", ""pct"": 14.84}, {""score"": ""0 - 2"", ""pct"": 13.8}, {""score"": ""1 - 2"", ""pct"": 9.21}]"
Curaçao,Egypt,Neutral,0.887,1.813,17.0,23.4,59.6,16.2,3.1,4.4,60.2,7.6,8.4,23.8,76.2,"[{""score"": ""0 - 1"", ""pct"": 12.72}, {""score"": ""0 - 2"", ""pct"": 10.979999999999999}, {""score"": ""1 - 1"", ""pct"": 10.97}]"
Curaçao,Spain,Neutral,0.352,2.348,3.7,13.0,83.3,3.5,0.6,1.1,82.3,6.1,6.4,5.2,94.8,"[{""score"": ""0 - 2"", ""pct"": 18.42}, {""score"": ""0 - 1"", ""pct"": 16.18}, {""score"": ""0 - 3"", ""pct"": 14.540000000000001}]"
Curaçao,Portugal,Neutral,0.471,2.229,5.5,16.7,77.8,5.9,1.0,1.4,77.4,7.2,7.1,8.2,91.8,"[{""score"": ""0 - 2"", ""pct"": 16.77}, {""score"": ""0 - 1"", ""pct"": 15.7}, {""score"": ""0 - 3"", ""pct"": 12.25}]"
Curaçao,Turkey,Neutral,0.611,2.089,8.7,19.0,72.3,8.4,1.7,2.2,72.5,7.1,8.2,12.2,87.8,"[{""score"": ""0 - 1"", ""pct"": 14.580000000000002}, {""score"": ""0 - 2"", ""pct"": 14.42}, {""score"": ""0 - 3"", ""pct"": 9.82}]"
Curaçao,New Zealand,Neutral,1.059,1.641,23.5,24.9,51.6,23.0,4.4,5.5,51.2,7.2,8.8,32.9,67.2,"[{""score"": ""0 - 1"", ""pct"": 11.799999999999999}, {""score"": ""1 - 1"", ""pct"": 10.95}, {""score"": ""1 - 2"", ""pct"": 9.29}]"
Curaçao,England,Neutral,0.431,2.269,4.8,15.3,79.9,4.7,1.0,1.3,79.7,6.3,7.0,7.0,93.0,"[{""score"": ""0 - 2"", ""pct"": 17.03}, {""score"": ""0 - 1"", ""pct"": 15.620000000000001}, {""score"": ""0 - 3"", ""pct"": 12.83}]"
Curaçao,Haiti,Neutral,1.013,1.687,21.5,25.1,53.4,20.5,4.1,4.9,53.7,7.9,8.8,29.5,70.5,"[{""score"": ""0 - 1"", ""pct"": 11.690000000000001}, {""score"": ""1 - 1"", ""pct"": 11.44}, {""score"": ""1 - 2"", ""pct"": 10.0}]"
Curaçao,Scotland,Neutral,0.832,1.868,14.9,22.8,62.3,15.5,2.9,4.0,61.1,7.8,8.8,22.3,77.7,"[{""score"": ""0 - 1"", ""pct"": 12.82}, {""score"": ""0 - 2"", ""pct"": 12.049999999999999}, {""score"": ""1 - 1"", ""pct"": 10.37}]"
Curaçao,Germany,Neutral,0.548,2.152,7.5,16.9,75.6,7.5,1.2,2.0,74.9,6.9,7.4,10.8,89.2,"[{""score"": ""0 - 2"", ""pct"": 16.16}, {""score"": ""0 - 1"", ""pct"": 15.340000000000002}, {""score"": ""0 - 3"", ""pct"": 10.47}]"
Curaçao,Japan,Neutral,0.487,2.213,5.9,16.3,77.8,6.2,1.0,1.4,77.1,6.9,7.4,8.6,91.4,"[{""score"": ""0 - 2"", ""pct"": 16.6}, {""score"": ""0 - 1"", ""pct"": 15.42}, {""score"": ""0 - 3"", ""pct"": 11.88}]"
Curaçao,Uruguay,Neutral,0.535,2.165,6.8,17.7,75.5,6.8,1.3,1.7,76.2,7.0,7.0,9.8,90.2,"[{""score"": ""0 - 2"", ""pct"": 15.790000000000001}, {""score"": ""0 - 1"", ""pct"": 15.42}, {""score"": ""0 - 3"", ""pct"": 10.65}]"
Curaçao,Sweden,Neutral,1.089,1.611,25.0,25.9,49.0,24.6,4.6,5.5,49.9,7.3,8.1,34.8,65.2,"[{""score"": ""1 - 1"", ""pct"": 11.459999999999999}, {""score"": ""0 - 1"", ""pct"": 10.81}, {""score"": ""1 - 2"", ""pct"": 9.65}]"
Curaçao,Iran,Neutral,0.602,2.098,8.3,18.6,73.2,8.4,1.6,1.9,73.5,7.1,7.5,11.9,88.1,"[{""score"": ""0 - 2"", ""pct"": 15.160000000000002}, {""score"": ""0 - 1"", ""pct"": 14.21}, {""score"": ""0 - 3"", ""pct"": 10.18}]"
Curaçao,United States,Neutral,0.772,1.928,14.0,20.4,65.7,12.8,2.4,3.4,65.8,7.1,8.4,18.7,81.3,"[{""score"": ""0 - 1"", ""pct"": 13.33}, {""score"": ""0 - 2"", ""pct"": 12.509999999999998}, {""score"": ""1 - 2"", ""pct"": 10.05}]"
Curaçao,Jordan,Neutral,0.81,1.89,14.1,21.9,64.0,14.3,2.7,3.7,63.0,7.5,8.8,20.7,79.3,"[{""score"": ""0 - 1"", ""pct"": 13.569999999999999}, {""score"": ""0 - 2"", ""pct"": 12.08}, {""score"": ""1 - 2"", ""pct"": 10.42}]"
Curaçao,Ghana,Neutral,1.316,1.384,35.6,26.7,37.7,34.4,6.2,7.2,38.2,6.4,7.5,47.8,52.2,"[{""score"": ""1 - 1"", ""pct"": 12.32}, {""score"": ""0 - 1"", ""pct"": 9.31}, {""score"": ""1 - 0"", ""pct"": 9.22}]"
Curaçao,Czech Republic,Neutral,0.928,1.772,18.8,24.6,56.6,18.4,3.5,4.4,57.4,7.7,8.6,26.3,73.7,"[{""score"": ""0 - 1"", ""pct"": 11.67}, {""score"": ""1 - 1"", ""pct"": 11.1}, {""score"": ""1 - 2"", ""pct"": 10.41}]"
Curaçao,Croatia,Neutral,0.572,2.128,7.5,18.4,74.1,7.4,1.6,1.9,74.1,7.2,7.7,11.0,89.0,"[{""score"": ""0 - 2"", ""pct"": 15.73}, {""score"": ""0 - 1"", ""pct"": 14.530000000000001}, {""score"": ""0 - 3"", ""pct"": 10.489999999999998}]"
Curaçao,Ecuador,Neutral,0.49,2.21,5.6,16.7,77.7,5.6,1.2,1.5,77.7,7.0,7.1,8.2,91.8,"[{""score"": ""0 - 2"", ""pct"": 16.38}, {""score"": ""0 - 1"", ""pct"": 16.13}, {""score"": ""0 - 3"", ""pct"": 12.030000000000001}]"
Curaçao,Brazil,Neutral,0.454,2.246,4.8,15.6,79.6,5.2,1.0,1.3,79.1,6.4,7.0,7.5,92.5,"[{""score"": ""0 - 2"", ""pct"": 17.130000000000003}, {""score"": ""0 - 1"", ""pct"": 15.68}, {""score"": ""0 - 3"", ""pct"": 12.1}]"
Curaçao,Bosnia and Herzegovina,Neutral,1.392,1.308,38.4,27.9,33.6,39.3,6.6,7.7,33.3,5.9,7.2,53.6,46.4,"[{""score"": ""1 - 1"", ""pct"": 12.82}, {""score"": ""1 - 0"", ""pct"": 9.31}, {""score"": ""2 - 1"", ""pct"": 8.459999999999999}]"
Curaçao,South Africa,Neutral,1.224,1.476,31.0,26.2,42.8,30.1,5.3,6.2,43.2,6.8,8.4,41.6,58.4,"[{""score"": ""1 - 1"", ""pct"": 11.72}, {""score"": ""0 - 1"", ""pct"": 9.85}, {""score"": ""1 - 2"", ""pct"": 8.88}]"
Curaçao,Paraguay,Neutral,0.641,2.059,9.5,19.3,71.2,9.1,1.9,2.5,71.5,7.1,7.9,13.6,86.4,"[{""score"": ""0 - 1"", ""pct"": 14.399999999999999}, {""score"": ""0 - 2"", ""pct"": 14.04}, {""score"": ""0 - 3"", ""pct"": 9.13}]"
Curaçao,Belgium,Neutral,0.619,2.081,8.9,19.1,71.9,8.6,1.7,2.3,72.7,7.0,7.6,12.6,87.4,"[{""score"": ""0 - 1"", ""pct"": 14.34}, {""score"": ""0 - 2"", ""pct"": 14.219999999999999}, {""score"": ""0 - 3"", ""pct"": 9.81}]"
Curaçao,Norway,Neutral,0.599,2.101,8.6,19.0,72.4,8.3,1.7,2.2,72.7,7.0,8.1,12.2,87.8,"[{""score"": ""0 - 1"", ""pct"": 15.09}, {""score"": ""0 - 2"", ""pct"": 14.19}, {""score"": ""0 - 3"", ""pct"": 10.22}]"
Curaçao,Algeria,Neutral,0.66,2.04,9.3,19.7,71.0,9.4,2.0,2.8,70.2,7.3,8.3,14.1,85.9,"[{""score"": ""0 - 1"", ""pct"": 14.49}, {""score"": ""0 - 2"", ""pct"": 14.330000000000002}, {""score"": ""0 - 3"", ""pct"": 9.610000000000001}]"
Uruguay,Ivory Coast,Neutral,1.807,0.893,58.8,24.4,16.8,58.4,7.5,9.0,17.3,3.5,4.3,74.9,25.1,"[{""score"": ""1 - 0"", ""pct"": 12.64}, {""score"": ""1 - 1"", ""pct"": 11.14}, {""score"": ""2 - 0"", ""pct"": 10.94}]"
Uruguay,Uzbekistan,Neutral,1.639,1.061,50.6,25.8,23.6,50.5,7.2,8.8,23.5,4.1,5.8,66.6,33.4,"[{""score"": ""1 - 1"", ""pct"": 11.86}, {""score"": ""1 - 0"", ""pct"": 11.18}, {""score"": ""2 - 1"", ""pct"": 9.89}]"
Uruguay,Qatar,Neutral,2.225,0.475,78.3,16.1,5.6,79.1,6.1,7.1,5.4,1.1,1.3,92.3,7.7,"[{""score"": ""2 - 0"", ""pct"": 16.3}, {""score"": ""1 - 0"", ""pct"": 15.21}, {""score"": ""3 - 0"", ""pct"": 12.22}]"
Uruguay,Panama,Neutral,1.667,1.033,51.7,26.0,22.3,52.0,7.3,8.5,22.4,4.1,5.7,67.8,32.2,"[{""score"": ""1 - 1"", ""pct"": 11.87}, {""score"": ""1 - 0"", ""pct"": 11.28}, {""score"": ""2 - 0"", ""pct"": 9.34}]"
Uruguay,Saudi Arabia,Neutral,2.015,0.685,69.6,19.7,10.7,69.7,7.2,8.0,10.3,2.0,2.8,84.8,15.2,"[{""score"": ""1 - 0"", ""pct"": 14.149999999999999}, {""score"": ""2 - 0"", ""pct"": 13.459999999999999}, {""score"": ""3 - 0"", ""pct"": 9.32}]"
Uruguay,Tunisia,Neutral,1.952,0.748,65.7,21.3,13.0,65.2,7.5,8.5,12.9,2.4,3.4,81.3,18.7,"[{""score"": ""1 - 0"", ""pct"": 14.11}, {""score"": ""2 - 0"", ""pct"": 12.32}, {""score"": ""1 - 1"", ""pct"": 9.56}]"
Uruguay,Austria,Neutral,1.748,0.952,56.5,24.4,19.0,57.3,7.5,8.7,18.6,3.8,4.2,73.4,26.6,"[{""score"": ""1 - 0"", ""pct"": 12.31}, {""score"": ""1 - 1"", ""pct"": 10.89}, {""score"": ""2 - 0"", ""pct"": 10.07}]"
Uruguay,Senegal,Neutral,1.522,1.178,44.8,26.3,28.9,44.4,6.9,8.4,28.6,5.2,6.6,59.6,40.4,"[{""score"": ""1 - 1"", ""pct"": 11.959999999999999}, {""score"": ""1 - 0"", ""pct"": 10.66}, {""score"": ""2 - 1"", ""pct"": 9.049999999999999}]"
Uruguay,Netherlands,Neutral,1.359,1.341,35.9,27.5,36.6,36.6,5.9,7.5,36.0,6.4,7.5,50.1,49.9,"[{""score"": ""1 - 1"", ""pct"": 13.020000000000001}, {""score"": ""0 - 1"", ""pct"": 9.229999999999999}, {""score"": ""1 - 0"", ""pct"": 8.97}]"
Uruguay,Colombia,Neutral,1.137,1.563,26.2,26.8,47.0,27.6,4.7,6.7,46.2,6.7,8.2,39.0,61.0,"[{""score"": ""1 - 1"", ""pct"": 12.120000000000001}, {""score"": ""0 - 1"", ""pct"": 10.69}, {""score"": ""1 - 2"", ""pct"": 9.36}]"
Uruguay,South Korea,Neutral,1.527,1.173,44.6,26.8,28.5,44.9,6.6,8.5,28.1,5.3,6.6,60.1,39.9,"[{""score"": ""1 - 1"", ""pct"": 11.940000000000001}, {""score"": ""1 - 0"", ""pct"": 10.48}, {""score"": ""2 - 1"", ""pct"": 8.92}]"
Uruguay,Switzerland,Neutral,1.552,1.148,45.7,26.8,27.4,46.5,6.7,8.9,26.4,4.9,6.5,62.1,37.9,"[{""score"": ""1 - 1"", ""pct"": 12.32}, {""score"": ""1 - 0"", ""pct"": 10.35}, {""score"": ""2 - 1"", ""pct"": 8.84}]"
Uruguay,Australia,Neutral,1.447,1.253,41.7,26.2,32.1,41.3,6.6,7.7,31.8,5.5,7.1,55.6,44.4,"[{""score"": ""1 - 1"", ""pct"": 12.2}, {""score"": ""1 - 0"", ""pct"": 10.0}, {""score"": ""2 - 1"", ""pct"": 9.1}]"
Uruguay,France,Neutral,0.997,1.703,20.9,25.2,53.8,20.4,3.8,5.4,54.2,7.2,9.0,29.7,70.3,"[{""score"": ""0 - 1"", ""pct"": 11.48}, {""score"": ""1 - 1"", ""pct"": 11.459999999999999}, {""score"": ""1 - 2"", ""pct"": 9.81}]"
Uruguay,Morocco,Neutral,1.243,1.457,31.4,27.1,41.5,32.1,5.3,6.9,41.2,6.2,8.3,44.3,55.7,"[{""score"": ""1 - 1"", ""pct"": 12.41}, {""score"": ""0 - 1"", ""pct"": 10.07}, {""score"": ""1 - 2"", ""pct"": 8.92}]"
Uruguay,Argentina,Neutral,0.78,1.92,13.5,21.9,64.6,13.4,2.8,3.5,63.8,7.6,9.0,19.6,80.4,"[{""score"": ""0 - 1"", ""pct"": 13.420000000000002}, {""score"": ""0 - 2"", ""pct"": 12.17}, {""score"": ""1 - 1"", ""pct"": 10.15}]"
Uruguay,DR Congo,Neutral,1.886,0.814,63.2,22.1,14.6,62.7,7.7,8.3,14.4,3.0,3.8,78.8,21.2,"[{""score"": ""1 - 0"", ""pct"": 12.950000000000001}, {""score"": ""2 - 0"", ""pct"": 12.21}, {""score"": ""1 - 1"", ""pct"": 9.92}]"
Uruguay,Iraq,Neutral,1.929,0.771,64.3,23.0,12.6,65.5,7.8,8.1,13.0,2.4,3.2,81.4,18.6,"[{""score"": ""1 - 0"", ""pct"": 13.04}, {""score"": ""2 - 0"", ""pct"": 12.030000000000001}, {""score"": ""1 - 1"", ""pct"": 10.59}]"
Uruguay,Mexico,Neutral,1.329,1.371,36.0,27.2,36.8,34.8,6.5,7.8,37.2,6.3,7.4,49.1,50.9,"[{""score"": ""1 - 1"", ""pct"": 12.47}, {""score"": ""0 - 1"", ""pct"": 9.229999999999999}, {""score"": ""1 - 0"", ""pct"": 9.229999999999999}]"
Uruguay,Cape Verde,Neutral,2.145,0.555,75.0,17.4,7.6,74.6,7.4,7.9,6.9,1.5,1.8,89.8,10.2,"[{""score"": ""1 - 0"", ""pct"": 15.76}, {""score"": ""2 - 0"", ""pct"": 15.540000000000001}, {""score"": ""3 - 0"", ""pct"": 10.73}]"
Uruguay,Canada,Neutral,1.59,1.11,47.8,26.8,25.4,47.6,6.9,8.9,25.9,4.6,6.1,63.4,36.6,"[{""score"": ""1 - 1"", ""pct"": 12.29}, {""score"": ""1 - 0"", ""pct"": 11.31}, {""score"": ""2 - 1"", ""pct"": 9.719999999999999}]"
Uruguay,Egypt,Neutral,1.861,0.839,61.7,22.6,15.7,61.9,7.3,8.6,15.0,3.2,3.9,77.9,22.1,"[{""score"": ""1 - 0"", ""pct"": 12.950000000000001}, {""score"": ""2 - 0"", ""pct"": 11.219999999999999}, {""score"": ""2 - 1"", ""pct"": 10.07}]"
Uruguay,Spain,Neutral,0.792,1.908,14.2,22.5,63.3,14.4,2.7,3.3,63.3,7.4,8.8,20.4,79.6,"[{""score"": ""0 - 1"", ""pct"": 13.44}, {""score"": ""0 - 2"", ""pct"": 12.15}, {""score"": ""1 - 1"", ""pct"": 10.02}]"
Uruguay,Portugal,Neutral,1.193,1.507,29.2,27.0,43.8,29.4,5.1,6.3,44.4,6.6,8.0,40.9,59.1,"[{""score"": ""1 - 1"", ""pct"": 11.91}, {""score"": ""0 - 1"", ""pct"": 10.31}, {""score"": ""1 - 2"", ""pct"": 9.32}]"
Uruguay,Turkey,Neutral,1.501,1.199,43.8,26.8,29.3,44.4,6.5,8.5,29.1,5.2,6.4,59.3,40.7,"[{""score"": ""1 - 1"", ""pct"": 11.97}, {""score"": ""1 - 0"", ""pct"": 10.14}, {""score"": ""2 - 1"", ""pct"": 9.39}]"
Uruguay,New Zealand,Neutral,2.002,0.698,67.9,21.0,11.1,68.3,7.2,8.1,11.6,2.0,2.8,83.6,16.4,"[{""score"": ""1 - 0"", ""pct"": 13.91}, {""score"": ""2 - 0"", ""pct"": 12.67}, {""score"": ""1 - 1"", ""pct"": 9.629999999999999}]"
Uruguay,England,Neutral,1.078,1.622,24.9,25.5,49.6,24.5,4.5,5.6,49.9,6.8,8.8,34.6,65.4,"[{""score"": ""1 - 1"", ""pct"": 11.709999999999999}, {""score"": ""0 - 1"", ""pct"": 11.600000000000001}, {""score"": ""1 - 2"", ""pct"": 9.51}]"
Uruguay,Haiti,Neutral,1.968,0.732,67.0,20.9,12.0,68.0,7.4,8.0,11.5,2.2,2.9,83.5,16.6,"[{""score"": ""1 - 0"", ""pct"": 14.469999999999999}, {""score"": ""2 - 0"", ""pct"": 12.8}, {""score"": ""2 - 1"", ""pct"": 9.87}]"
Uruguay,Scotland,Neutral,1.806,0.894,58.7,23.8,17.6,58.5,7.7,8.8,17.4,3.4,4.2,75.0,25.0,"[{""score"": ""1 - 0"", ""pct"": 12.41}, {""score"": ""2 - 0"", ""pct"": 10.94}, {""score"": ""1 - 1"", ""pct"": 10.92}]"
Uruguay,Germany,Neutral,1.379,1.321,37.6,28.3,34.1,38.2,6.3,8.1,34.8,5.5,7.1,52.5,47.5,"[{""score"": ""1 - 1"", ""pct"": 12.629999999999999}, {""score"": ""1 - 0"", ""pct"": 9.379999999999999}, {""score"": ""0 - 1"", ""pct"": 9.32}]"
Uruguay,Japan,Neutral,1.234,1.466,31.4,26.2,42.3,32.5,5.5,6.7,41.1,6.4,7.8,44.7,55.3,"[{""score"": ""1 - 1"", ""pct"": 12.0}, {""score"": ""0 - 1"", ""pct"": 10.209999999999999}, {""score"": ""1 - 2"", ""pct"": 8.72}]"
Uruguay,Curaçao,Neutral,2.165,0.535,75.8,17.1,7.1,75.8,6.8,7.2,7.2,1.3,1.6,89.9,10.1,"[{""score"": ""2 - 0"", ""pct"": 15.93}, {""score"": ""1 - 0"", ""pct"": 15.340000000000002}, {""score"": ""3 - 0"", ""pct"": 11.200000000000001}]"
Uruguay,Sweden,Neutral,2.022,0.678,69.3,19.8,10.9,69.6,7.4,8.4,9.7,2.1,2.8,85.4,14.6,"[{""score"": ""1 - 0"", ""pct"": 14.330000000000002}, {""score"": ""2 - 0"", ""pct"": 13.41}, {""score"": ""2 - 1"", ""pct"": 9.56}]"
Uruguay,Iran,Neutral,1.486,1.214,43.5,27.2,29.3,42.4,6.4,8.4,30.6,5.4,6.7,57.3,42.7,"[{""score"": ""1 - 1"", ""pct"": 12.43}, {""score"": ""1 - 0"", ""pct"": 9.790000000000001}, {""score"": ""2 - 1"", ""pct"": 9.5}]"
Uruguay,United States,Neutral,1.738,0.962,56.5,24.5,19.0,55.7,7.3,8.5,20.1,3.6,4.8,71.6,28.4,"[{""score"": ""1 - 0"", ""pct"": 12.45}, {""score"": ""1 - 1"", ""pct"": 11.17}, {""score"": ""2 - 0"", ""pct"": 10.12}]"
Uruguay,Jordan,Neutral,1.782,0.918,57.2,25.0,17.8,58.1,7.3,8.8,18.1,3.2,4.5,74.2,25.8,"[{""score"": ""1 - 0"", ""pct"": 11.95}, {""score"": ""1 - 1"", ""pct"": 11.33}, {""score"": ""2 - 0"", ""pct"": 10.209999999999999}]"
Uruguay,Ghana,Neutral,2.149,0.551,74.9,17.7,7.4,75.1,7.1,7.3,7.2,1.4,1.9,89.5,10.5,"[{""score"": ""2 - 0"", ""pct"": 15.68}, {""score"": ""1 - 0"", ""pct"": 15.52}, {""score"": ""3 - 0"", ""pct"": 10.89}]"
Uruguay,Czech Republic,Neutral,1.899,0.801,64.0,21.7,14.3,62.8,7.7,8.6,14.4,2.8,3.7,79.1,20.9,"[{""score"": ""1 - 0"", ""pct"": 13.51}, {""score"": ""2 - 0"", ""pct"": 12.11}, {""score"": ""1 - 1"", ""pct"": 9.94}]"
Uruguay,Croatia,Neutral,1.429,1.271,40.2,27.3,32.5,41.9,6.3,8.0,31.6,5.8,6.4,56.2,43.8,"[{""score"": ""1 - 1"", ""pct"": 11.78}, {""score"": ""1 - 0"", ""pct"": 9.91}, {""score"": ""0 - 1"", ""pct"": 8.780000000000001}]"
Uruguay,Ecuador,Neutral,1.243,1.457,32.2,25.9,41.9,31.9,5.7,7.2,40.9,6.5,7.9,44.8,55.2,"[{""score"": ""1 - 1"", ""pct"": 11.360000000000001}, {""score"": ""0 - 1"", ""pct"": 9.969999999999999}, {""score"": ""1 - 2"", ""pct"": 9.049999999999999}]"
Uruguay,Brazil,Neutral,1.146,1.554,27.0,26.1,46.9,27.4,5.0,5.7,46.8,7.0,8.1,38.1,61.9,"[{""score"": ""1 - 1"", ""pct"": 12.04}, {""score"": ""0 - 1"", ""pct"": 10.6}, {""score"": ""1 - 2"", ""pct"": 9.5}]"
Uruguay,Bosnia and Herzegovina,Neutral,2.183,0.517,76.7,16.7,6.6,76.5,6.6,7.3,6.7,1.3,1.7,90.4,9.6,"[{""score"": ""2 - 0"", ""pct"": 16.11}, {""score"": ""1 - 0"", ""pct"": 15.010000000000002}, {""score"": ""3 - 0"", ""pct"": 11.09}]"
Uruguay,South Africa,Neutral,2.103,0.597,72.3,19.1,8.5,72.8,7.2,7.8,8.2,1.8,2.3,87.8,12.2,"[{""score"": ""2 - 0"", ""pct"": 14.860000000000001}, {""score"": ""1 - 0"", ""pct"": 13.819999999999999}, {""score"": ""3 - 0"", ""pct"": 9.87}]"
Uruguay,Paraguay,Neutral,1.553,1.147,45.8,26.6,27.5,45.8,7.1,8.6,27.9,4.8,5.8,61.6,38.4,"[{""score"": ""1 - 1"", ""pct"": 11.88}, {""score"": ""1 - 0"", ""pct"": 10.25}, {""score"": ""2 - 1"", ""pct"": 9.98}]"
Uruguay,Belgium,Neutral,1.515,1.185,44.7,26.9,28.5,44.5,7.0,8.7,28.0,5.2,6.7,60.1,39.9,"[{""score"": ""1 - 1"", ""pct"": 12.19}, {""score"": ""1 - 0"", ""pct"": 10.48}, {""score"": ""2 - 1"", ""pct"": 9.02}]"
Uruguay,Norway,Neutral,1.48,1.22,42.4,26.1,31.5,42.6,6.7,8.2,30.3,5.2,7.1,57.5,42.5,"[{""score"": ""1 - 1"", ""pct"": 12.030000000000001}, {""score"": ""1 - 0"", ""pct"": 10.17}, {""score"": ""2 - 1"", ""pct"": 9.120000000000001}]"
Uruguay,Algeria,Neutral,1.583,1.117,48.3,26.0,25.7,48.4,7.1,8.6,25.4,5.0,5.6,64.0,36.0,"[{""score"": ""1 - 1"", ""pct"": 12.25}, {""score"": ""1 - 0"", ""pct"": 10.76}, {""score"": ""2 - 1"", ""pct"": 9.45}]"
Sweden,Ivory Coast,Neutral,1.061,1.639,23.2,26.5,50.2,23.8,4.9,5.9,49.5,7.7,8.2,34.6,65.4,"[{""score"": ""1 - 1"", ""pct"": 12.24}, {""score"": ""0 - 1"", ""pct"": 11.32}, {""score"": ""1 - 2"", ""pct"": 9.35}]"
Sweden,Uzbekistan,Neutral,0.894,1.806,17.5,23.8,58.7,16.9,3.1,4.6,59.2,7.9,8.3,24.6,75.4,"[{""score"": ""0 - 1"", ""pct"": 12.8}, {""score"": ""1 - 1"", ""pct"": 10.86}, {""score"": ""0 - 2"", ""pct"": 10.72}]"
Sweden,Qatar,Neutral,1.744,0.956,55.6,25.0,19.4,56.4,7.3,8.2,19.5,3.7,4.9,71.9,28.1,"[{""score"": ""1 - 0"", ""pct"": 12.22}, {""score"": ""1 - 1"", ""pct"": 11.26}, {""score"": ""2 - 1"", ""pct"": 9.91}]"
Sweden,Panama,Neutral,0.918,1.782,17.8,24.1,58.1,18.0,3.5,4.7,57.1,8.2,8.5,26.2,73.8,"[{""score"": ""0 - 1"", ""pct"": 12.61}, {""score"": ""0 - 2"", ""pct"": 10.72}, {""score"": ""1 - 1"", ""pct"": 10.27}]"
Sweden,Saudi Arabia,Neutral,1.339,1.361,36.4,27.1,36.5,35.8,6.3,7.4,37.0,5.8,7.6,49.5,50.5,"[{""score"": ""1 - 1"", ""pct"": 12.01}, {""score"": ""1 - 0"", ""pct"": 9.28}, {""score"": ""0 - 1"", ""pct"": 8.83}]"
Sweden,Tunisia,Neutral,1.245,1.455,31.5,27.0,41.5,32.1,5.8,7.0,41.0,5.9,8.2,44.9,55.1,"[{""score"": ""1 - 1"", ""pct"": 12.049999999999999}, {""score"": ""0 - 1"", ""pct"": 9.75}, {""score"": ""1 - 2"", ""pct"": 8.88}]"
Sweden,Austria,Neutral,0.998,1.702,20.8,24.9,54.3,20.9,3.8,5.1,54.5,7.0,8.7,29.8,70.2,"[{""score"": ""0 - 1"", ""pct"": 12.19}, {""score"": ""1 - 1"", ""pct"": 10.89}, {""score"": ""1 - 2"", ""pct"": 9.629999999999999}]"
Sweden,Senegal,Neutral,0.796,1.904,14.6,22.0,63.4,14.3,2.4,3.7,63.5,7.7,8.5,20.4,79.6,"[{""score"": ""0 - 1"", ""pct"": 13.55}, {""score"": ""0 - 2"", ""pct"": 11.89}, {""score"": ""1 - 1"", ""pct"": 9.92}]"
Sweden,Netherlands,Neutral,0.683,2.017,10.7,19.8,69.5,10.7,2.0,2.6,69.0,7.1,8.6,15.3,84.7,"[{""score"": ""0 - 1"", ""pct"": 13.96}, {""score"": ""0 - 2"", ""pct"": 13.530000000000001}, {""score"": ""1 - 2"", ""pct"": 8.9}]"
Sweden,Colombia,Neutral,0.559,2.141,7.1,17.7,75.1,7.2,1.5,2.1,74.6,7.0,7.5,10.8,89.2,"[{""score"": ""0 - 2"", ""pct"": 15.299999999999999}, {""score"": ""0 - 1"", ""pct"": 14.91}, {""score"": ""0 - 3"", ""pct"": 10.12}]"
Sweden,South Korea,Neutral,0.801,1.899,14.2,22.1,63.6,14.5,2.8,3.6,63.0,7.8,8.4,20.9,79.1,"[{""score"": ""0 - 1"", ""pct"": 12.839999999999998}, {""score"": ""0 - 2"", ""pct"": 11.93}, {""score"": ""1 - 1"", ""pct"": 9.78}]"
Sweden,Switzerland,Neutral,0.82,1.88,14.5,22.8,62.7,13.8,3.1,4.1,62.8,7.2,9.1,20.9,79.1,"[{""score"": ""0 - 1"", ""pct"": 13.54}, {""score"": ""0 - 2"", ""pct"": 11.66}, {""score"": ""1 - 1"", ""pct"": 10.01}]"
Sweden,Australia,Neutral,0.742,1.958,12.4,21.5,66.2,12.3,2.6,2.8,66.6,7.4,8.1,17.8,82.2,"[{""score"": ""0 - 1"", ""pct"": 14.42}, {""score"": ""0 - 2"", ""pct"": 12.6}, {""score"": ""1 - 1"", ""pct"": 9.6}]"
Sweden,France,Neutral,0.493,2.207,6.1,16.5,77.3,5.8,1.2,1.7,77.9,6.4,7.0,8.6,91.3,"[{""score"": ""0 - 2"", ""pct"": 16.27}, {""score"": ""0 - 1"", ""pct"": 15.4}, {""score"": ""0 - 3"", ""pct"": 11.41}]"
Sweden,Morocco,Neutral,0.614,2.086,8.8,19.3,71.9,8.7,1.8,2.3,72.4,7.1,7.7,12.8,87.2,"[{""score"": ""0 - 1"", ""pct"": 14.44}, {""score"": ""0 - 2"", ""pct"": 14.430000000000001}, {""score"": ""0 - 3"", ""pct"": 9.85}]"
Sweden,Argentina,Neutral,0.406,2.294,4.4,14.5,81.1,4.5,0.7,1.1,81.3,6.0,6.3,6.4,93.6,"[{""score"": ""0 - 2"", ""pct"": 17.68}, {""score"": ""0 - 1"", ""pct"": 16.619999999999997}, {""score"": ""0 - 3"", ""pct"": 12.690000000000001}]"
Sweden,DR Congo,Neutral,1.156,1.544,27.2,27.1,45.7,27.7,4.9,6.3,45.2,7.5,8.5,38.9,61.1,"[{""score"": ""1 - 1"", ""pct"": 12.34}, {""score"": ""0 - 1"", ""pct"": 10.86}, {""score"": ""1 - 2"", ""pct"": 8.91}]"
Sweden,Iraq,Neutral,1.213,1.487,29.7,26.4,43.9,29.3,5.2,6.7,44.1,6.6,8.0,41.2,58.8,"[{""score"": ""1 - 1"", ""pct"": 11.57}, {""score"": ""0 - 1"", ""pct"": 10.82}, {""score"": ""1 - 2"", ""pct"": 8.959999999999999}]"
Sweden,Mexico,Neutral,0.664,2.036,10.3,19.2,70.5,10.2,2.1,2.8,69.8,7.2,8.0,15.1,85.0,"[{""score"": ""0 - 1"", ""pct"": 14.469999999999999}, {""score"": ""0 - 2"", ""pct"": 13.66}, {""score"": ""1 - 2"", ""pct"": 9.379999999999999}]"
Sweden,Cape Verde,Neutral,1.57,1.13,47.2,25.9,26.8,46.2,6.8,8.7,26.5,5.1,6.7,61.7,38.3,"[{""score"": ""1 - 1"", ""pct"": 12.280000000000001}, {""score"": ""1 - 0"", ""pct"": 10.93}, {""score"": ""2 - 1"", ""pct"": 9.719999999999999}]"
Sweden,Canada,Neutral,0.851,1.849,16.4,23.2,60.5,15.5,3.1,4.1,60.6,7.9,8.7,22.8,77.2,"[{""score"": ""0 - 1"", ""pct"": 12.959999999999999}, {""score"": ""0 - 2"", ""pct"": 10.979999999999999}, {""score"": ""1 - 1"", ""pct"": 10.2}]"
Sweden,Egypt,Neutral,1.125,1.575,26.3,26.5,47.2,26.1,4.7,6.3,47.8,7.0,8.2,37.0,63.0,"[{""score"": ""1 - 1"", ""pct"": 12.21}, {""score"": ""0 - 1"", ""pct"": 10.65}, {""score"": ""1 - 2"", ""pct"": 9.64}]"
Sweden,Spain,Neutral,0.411,2.289,4.3,14.7,81.0,4.2,0.8,1.2,81.1,6.1,6.6,6.3,93.7,"[{""score"": ""0 - 2"", ""pct"": 17.580000000000002}, {""score"": ""0 - 1"", ""pct"": 15.740000000000002}, {""score"": ""0 - 3"", ""pct"": 12.839999999999998}]"
Sweden,Portugal,Neutral,0.587,2.113,7.6,18.3,74.1,8.0,1.6,2.3,73.7,7.3,7.1,11.9,88.1,"[{""score"": ""0 - 1"", ""pct"": 14.860000000000001}, {""score"": ""0 - 2"", ""pct"": 14.649999999999999}, {""score"": ""0 - 3"", ""pct"": 10.51}]"
Sweden,Turkey,Neutral,0.781,1.919,13.5,22.4,64.1,13.7,2.6,3.2,64.4,7.2,8.9,19.6,80.4,"[{""score"": ""0 - 1"", ""pct"": 13.68}, {""score"": ""0 - 2"", ""pct"": 11.73}, {""score"": ""1 - 1"", ""pct"": 10.09}]"
Sweden,New Zealand,Neutral,1.318,1.382,33.7,28.2,38.1,35.1,6.1,7.2,37.2,6.8,7.6,48.4,51.6,"[{""score"": ""1 - 1"", ""pct"": 12.9}, {""score"": ""0 - 1"", ""pct"": 9.719999999999999}, {""score"": ""1 - 0"", ""pct"": 8.75}]"
Sweden,England,Neutral,0.53,2.17,6.5,17.9,75.6,7.2,1.3,1.7,75.5,6.8,7.4,10.2,89.8,"[{""score"": ""0 - 2"", ""pct"": 16.11}, {""score"": ""0 - 1"", ""pct"": 15.57}, {""score"": ""0 - 3"", ""pct"": 10.95}]"
Sweden,Haiti,Neutral,1.268,1.432,32.7,26.9,40.4,32.5,5.7,6.6,41.3,6.4,7.5,44.7,55.3,"[{""score"": ""1 - 1"", ""pct"": 12.07}, {""score"": ""0 - 1"", ""pct"": 10.440000000000001}, {""score"": ""1 - 0"", ""pct"": 8.57}]"
Sweden,Scotland,Neutral,1.06,1.64,22.9,25.8,51.3,24.1,4.5,5.2,50.1,7.6,8.6,33.7,66.3,"[{""score"": ""0 - 1"", ""pct"": 11.84}, {""score"": ""1 - 1"", ""pct"": 11.540000000000001}, {""score"": ""1 - 2"", ""pct"": 9.8}]"
Sweden,Germany,Neutral,0.696,2.004,11.2,20.4,68.4,11.3,2.0,2.7,68.4,7.1,8.4,16.0,84.0,"[{""score"": ""0 - 1"", ""pct"": 14.44}, {""score"": ""0 - 2"", ""pct"": 13.350000000000001}, {""score"": ""1 - 1"", ""pct"": 9.36}]"
Sweden,Japan,Neutral,0.61,2.09,9.3,18.1,72.6,8.3,1.6,2.2,73.3,6.6,7.9,12.1,87.9,"[{""score"": ""0 - 2"", ""pct"": 14.940000000000001}, {""score"": ""0 - 1"", ""pct"": 14.44}, {""score"": ""0 - 3"", ""pct"": 9.84}]"
Sweden,Curaçao,Neutral,1.611,1.089,50.2,26.0,23.8,50.0,7.1,8.6,23.9,4.4,6.0,65.7,34.3,"[{""score"": ""1 - 0"", ""pct"": 11.709999999999999}, {""score"": ""1 - 1"", ""pct"": 11.700000000000001}, {""score"": ""2 - 1"", ""pct"": 9.86}]"
Sweden,Uruguay,Neutral,0.678,2.022,10.3,20.4,69.2,10.2,2.0,2.9,69.4,7.2,8.3,15.1,84.9,"[{""score"": ""0 - 1"", ""pct"": 14.219999999999999}, {""score"": ""0 - 2"", ""pct"": 14.06}, {""score"": ""1 - 2"", ""pct"": 9.180000000000001}]"
Sweden,Iran,Neutral,0.77,1.93,13.6,21.8,64.6,12.4,2.4,3.7,65.0,7.6,8.8,18.6,81.4,"[{""score"": ""0 - 1"", ""pct"": 13.25}, {""score"": ""0 - 2"", ""pct"": 11.86}, {""score"": ""1 - 1"", ""pct"": 9.87}]"
Sweden,United States,Neutral,0.988,1.712,20.9,25.4,53.7,20.5,3.7,4.9,54.6,7.5,8.9,29.1,70.9,"[{""score"": ""0 - 1"", ""pct"": 11.600000000000001}, {""score"": ""1 - 1"", ""pct"": 11.26}, {""score"": ""1 - 2"", ""pct"": 9.68}]"
Sweden,Jordan,Neutral,1.034,1.666,22.4,26.1,51.4,22.5,4.0,5.6,51.1,7.6,9.1,32.1,67.8,"[{""score"": ""1 - 1"", ""pct"": 11.86}, {""score"": ""0 - 1"", ""pct"": 11.450000000000001}, {""score"": ""1 - 2"", ""pct"": 9.5}]"
Sweden,Ghana,Neutral,1.579,1.121,47.5,26.8,25.7,47.4,7.2,8.8,26.3,4.4,5.9,63.4,36.6,"[{""score"": ""1 - 1"", ""pct"": 12.27}, {""score"": ""1 - 0"", ""pct"": 10.79}, {""score"": ""2 - 1"", ""pct"": 9.71}]"
Sweden,Czech Republic,Neutral,1.173,1.527,29.4,26.0,44.6,28.3,5.1,6.5,45.2,6.8,8.2,39.9,60.1,"[{""score"": ""1 - 1"", ""pct"": 11.95}, {""score"": ""0 - 1"", ""pct"": 10.63}, {""score"": ""1 - 2"", ""pct"": 9.33}]"
Sweden,Croatia,Neutral,0.729,1.971,11.9,21.2,66.8,12.1,2.4,3.0,67.0,7.0,8.5,17.5,82.5,"[{""score"": ""0 - 1"", ""pct"": 13.52}, {""score"": ""0 - 2"", ""pct"": 12.78}, {""score"": ""1 - 1"", ""pct"": 9.3}]"
Sweden,Ecuador,Neutral,0.614,2.086,9.1,18.9,72.0,8.3,1.6,2.2,72.8,7.4,7.7,12.1,87.9,"[{""score"": ""0 - 1"", ""pct"": 14.680000000000001}, {""score"": ""0 - 2"", ""pct"": 14.499999999999998}, {""score"": ""0 - 3"", ""pct"": 9.24}]"
Sweden,Brazil,Neutral,0.563,2.137,7.7,17.4,74.9,7.3,1.3,2.1,74.4,7.1,7.8,10.7,89.3,"[{""score"": ""0 - 1"", ""pct"": 15.129999999999999}, {""score"": ""0 - 2"", ""pct"": 14.979999999999999}, {""score"": ""0 - 3"", ""pct"": 11.020000000000001}]"
Sweden,Bosnia and Herzegovina,Neutral,1.65,1.05,51.6,25.3,23.1,51.6,7.2,8.7,22.9,4.0,5.6,67.5,32.5,"[{""score"": ""1 - 0"", ""pct"": 11.690000000000001}, {""score"": ""1 - 1"", ""pct"": 11.07}, {""score"": ""2 - 1"", ""pct"": 9.84}]"
Sweden,South Africa,Neutral,1.488,1.212,43.2,27.1,29.6,43.3,6.4,8.2,30.4,5.0,6.7,57.9,42.1,"[{""score"": ""1 - 1"", ""pct"": 12.659999999999998}, {""score"": ""1 - 0"", ""pct"": 10.69}, {""score"": ""2 - 1"", ""pct"": 8.55}]"
Sweden,Paraguay,Neutral,0.821,1.879,14.4,22.5,63.1,15.0,2.8,4.0,62.1,7.7,8.4,21.8,78.2,"[{""score"": ""0 - 1"", ""pct"": 12.98}, {""score"": ""0 - 2"", ""pct"": 11.61}, {""score"": ""1 - 1"", ""pct"": 10.26}]"
Sweden,Belgium,Neutral,0.792,1.908,13.7,22.5,63.8,14.0,2.8,3.2,64.0,7.7,8.3,20.0,80.0,"[{""score"": ""0 - 1"", ""pct"": 13.25}, {""score"": ""0 - 2"", ""pct"": 11.600000000000001}, {""score"": ""1 - 1"", ""pct"": 10.4}]"
Sweden,Norway,Neutral,0.765,1.935,12.7,21.0,66.2,13.0,2.6,3.4,65.1,7.7,8.3,18.9,81.1,"[{""score"": ""0 - 1"", ""pct"": 13.54}, {""score"": ""0 - 2"", ""pct"": 12.770000000000001}, {""score"": ""1 - 2"", ""pct"": 10.38}]"
Sweden,Algeria,Neutral,0.845,1.855,16.7,22.5,60.8,14.9,2.9,4.3,61.2,7.9,8.8,22.1,77.9,"[{""score"": ""0 - 1"", ""pct"": 12.540000000000001}, {""score"": ""0 - 2"", ""pct"": 11.39}, {""score"": ""1 - 1"", ""pct"": 9.950000000000001}]"
Iran,Ivory Coast,Neutral,1.688,1.012,52.9,24.9,22.1,53.5,7.5,8.6,21.3,3.6,5.6,69.5,30.5,"[{""score"": ""1 - 0"", ""pct"": 11.91}, {""score"": ""1 - 1"", ""pct"": 11.57}, {""score"": ""2 - 0"", ""pct"": 9.55}]"
Iran,Uzbekistan,Neutral,1.509,1.191,44.4,26.9,28.6,43.8,7.0,8.0,29.2,5.3,6.8,58.8,41.2,"[{""score"": ""1 - 1"", ""pct"": 12.3}, {""score"": ""1 - 0"", ""pct"": 10.639999999999999}, {""score"": ""2 - 1"", ""pct"": 9.120000000000001}]"
Iran,Qatar,Neutral,2.169,0.531,76.5,16.9,6.7,75.6,7.1,7.3,7.1,1.1,1.8,90.0,10.0,"[{""score"": ""2 - 0"", ""pct"": 15.379999999999999}, {""score"": ""1 - 0"", ""pct"": 15.110000000000001}, {""score"": ""3 - 0"", ""pct"": 11.459999999999999}]"
Iran,Panama,Neutral,1.537,1.163,45.5,26.4,28.2,45.2,7.0,8.2,28.1,5.1,6.3,60.5,39.5,"[{""score"": ""1 - 1"", ""pct"": 11.93}, {""score"": ""1 - 0"", ""pct"": 10.32}, {""score"": ""2 - 1"", ""pct"": 9.31}]"
Iran,Saudi Arabia,Neutral,1.922,0.778,65.1,21.8,13.1,64.4,7.6,8.7,13.2,2.5,3.6,80.8,19.2,"[{""score"": ""1 - 0"", ""pct"": 13.469999999999999}, {""score"": ""2 - 0"", ""pct"": 12.389999999999999}, {""score"": ""1 - 1"", ""pct"": 9.91}]"
Iran,Tunisia,Neutral,1.85,0.85,61.3,23.1,15.7,61.7,7.8,8.8,14.9,3.1,3.7,78.3,21.7,"[{""score"": ""1 - 0"", ""pct"": 12.65}, {""score"": ""2 - 0"", ""pct"": 11.91}, {""score"": ""1 - 1"", ""pct"": 10.780000000000001}]"
Iran,Austria,Neutral,1.625,1.075,49.8,26.4,23.8,49.6,7.1,9.2,23.7,4.8,5.6,66.0,34.0,"[{""score"": ""1 - 1"", ""pct"": 11.540000000000001}, {""score"": ""1 - 0"", ""pct"": 10.93}, {""score"": ""2 - 1"", ""pct"": 9.36}]"
Iran,Senegal,Neutral,1.386,1.314,38.9,27.0,34.1,38.5,6.4,7.5,34.7,5.7,7.3,52.3,47.7,"[{""score"": ""1 - 1"", ""pct"": 12.13}, {""score"": ""1 - 0"", ""pct"": 9.16}, {""score"": ""0 - 1"", ""pct"": 8.98}]"
Iran,Netherlands,Neutral,1.223,1.477,30.1,27.3,42.6,30.3,5.5,7.0,42.9,6.3,8.0,42.8,57.2,"[{""score"": ""1 - 1"", ""pct"": 12.620000000000001}, {""score"": ""0 - 1"", ""pct"": 9.879999999999999}, {""score"": ""1 - 2"", ""pct"": 8.559999999999999}]"
Iran,Colombia,Neutral,1.01,1.69,21.6,25.1,53.3,20.0,4.3,5.0,54.5,7.5,8.7,29.3,70.7,"[{""score"": ""0 - 1"", ""pct"": 12.25}, {""score"": ""1 - 1"", ""pct"": 11.15}, {""score"": ""0 - 2"", ""pct"": 9.520000000000001}]"
Iran,South Korea,Neutral,1.392,1.308,38.4,27.9,33.8,39.2,6.3,7.2,34.4,5.8,7.0,52.7,47.3,"[{""score"": ""1 - 1"", ""pct"": 12.740000000000002}, {""score"": ""1 - 0"", ""pct"": 9.15}, {""score"": ""2 - 1"", ""pct"": 8.61}]"
Iran,Switzerland,Neutral,1.418,1.282,39.7,26.7,33.5,39.4,6.5,8.1,32.8,5.6,7.6,54.0,46.0,"[{""score"": ""1 - 1"", ""pct"": 12.0}, {""score"": ""1 - 0"", ""pct"": 9.54}, {""score"": ""0 - 1"", ""pct"": 8.709999999999999}]"
Iran,Australia,Neutral,1.31,1.39,34.6,27.8,37.6,34.6,5.6,7.4,38.8,6.4,7.1,47.6,52.4,"[{""score"": ""1 - 1"", ""pct"": 12.32}, {""score"": ""1 - 0"", ""pct"": 9.610000000000001}, {""score"": ""0 - 1"", ""pct"": 9.21}]"
Iran,France,Neutral,0.879,1.821,16.4,23.2,60.3,16.6,2.9,4.2,60.4,7.6,8.2,23.7,76.3,"[{""score"": ""0 - 1"", ""pct"": 13.089999999999998}, {""score"": ""1 - 1"", ""pct"": 10.870000000000001}, {""score"": ""0 - 2"", ""pct"": 10.86}]"
Iran,Morocco,Neutral,1.11,1.59,25.6,26.3,48.1,26.1,4.5,5.8,48.4,6.7,8.5,36.4,63.6,"[{""score"": ""1 - 1"", ""pct"": 12.120000000000001}, {""score"": ""0 - 1"", ""pct"": 10.83}, {""score"": ""1 - 2"", ""pct"": 9.73}]"
Iran,Argentina,Neutral,0.686,2.014,10.8,19.9,69.4,10.7,2.3,2.4,69.5,7.2,8.0,15.3,84.7,"[{""score"": ""0 - 1"", ""pct"": 14.499999999999998}, {""score"": ""0 - 2"", ""pct"": 13.469999999999999}, {""score"": ""1 - 2"", ""pct"": 9.4}]"
Iran,DR Congo,Neutral,1.776,0.924,58.1,23.5,18.4,57.4,7.6,8.7,18.3,3.1,4.9,73.7,26.3,"[{""score"": ""1 - 0"", ""pct"": 12.68}, {""score"": ""1 - 1"", ""pct"": 10.71}, {""score"": ""2 - 1"", ""pct"": 10.530000000000001}]"
Iran,Iraq,Neutral,1.824,0.876,59.7,23.5,16.9,60.5,8.1,8.3,15.6,3.3,4.1,76.9,23.1,"[{""score"": ""1 - 0"", ""pct"": 13.200000000000001}, {""score"": ""2 - 0"", ""pct"": 11.17}, {""score"": ""1 - 1"", ""pct"": 10.54}]"
Iran,Mexico,Neutral,1.193,1.507,29.3,26.3,44.4,29.0,5.6,6.5,44.1,6.7,8.1,41.1,58.9,"[{""score"": ""1 - 1"", ""pct"": 11.84}, {""score"": ""0 - 1"", ""pct"": 10.42}, {""score"": ""1 - 2"", ""pct"": 9.13}]"
Iran,Cape Verde,Neutral,2.074,0.626,71.0,19.5,9.4,71.5,7.3,7.5,9.2,1.8,2.6,86.4,13.6,"[{""score"": ""1 - 0"", ""pct"": 14.330000000000002}, {""score"": ""2 - 0"", ""pct"": 14.219999999999999}, {""score"": ""2 - 1"", ""pct"": 9.19}]"
Iran,Canada,Neutral,1.457,1.243,41.1,27.3,31.6,42.3,6.4,8.3,30.9,5.5,6.6,57.0,43.0,"[{""score"": ""1 - 1"", ""pct"": 12.2}, {""score"": ""1 - 0"", ""pct"": 10.59}, {""score"": ""2 - 1"", ""pct"": 8.39}]"
Iran,Egypt,Neutral,1.748,0.952,56.3,24.3,19.4,56.1,7.6,8.4,19.2,3.8,4.9,72.1,27.9,"[{""score"": ""1 - 0"", ""pct"": 11.86}, {""score"": ""1 - 1"", ""pct"": 11.33}, {""score"": ""2 - 0"", ""pct"": 10.290000000000001}]"
Iran,Spain,Neutral,0.697,2.003,10.7,20.1,69.2,11.1,2.2,3.1,68.0,7.3,8.3,16.4,83.6,"[{""score"": ""0 - 2"", ""pct"": 14.180000000000001}, {""score"": ""0 - 1"", ""pct"": 14.000000000000002}, {""score"": ""1 - 2"", ""pct"": 9.139999999999999}]"
Iran,Portugal,Neutral,1.062,1.638,23.6,26.2,50.2,23.6,4.6,5.9,50.2,7.0,8.7,34.1,65.9,"[{""score"": ""1 - 1"", ""pct"": 11.92}, {""score"": ""0 - 1"", ""pct"": 11.899999999999999}, {""score"": ""1 - 2"", ""pct"": 9.32}]"
Iran,Turkey,Neutral,1.365,1.335,37.3,26.9,35.8,37.3,6.1,7.7,35.5,5.8,7.7,51.1,48.9,"[{""score"": ""1 - 1"", ""pct"": 11.58}, {""score"": ""1 - 0"", ""pct"": 9.48}, {""score"": ""0 - 1"", ""pct"": 8.97}]"
Iran,New Zealand,Neutral,1.907,0.793,64.6,21.9,13.5,63.8,7.8,8.6,14.1,2.5,3.3,80.1,19.9,"[{""score"": ""1 - 0"", ""pct"": 13.38}, {""score"": ""2 - 0"", ""pct"": 11.66}, {""score"": ""1 - 1"", ""pct"": 10.07}]"
Iran,England,Neutral,0.954,1.746,19.3,24.1,56.6,19.0,3.9,4.9,56.0,7.8,8.4,27.8,72.2,"[{""score"": ""0 - 1"", ""pct"": 12.32}, {""score"": ""1 - 1"", ""pct"": 10.84}, {""score"": ""1 - 2"", ""pct"": 9.879999999999999}]"
Iran,Haiti,Neutral,1.868,0.832,61.8,22.8,15.4,61.9,7.8,8.6,15.1,2.9,3.6,78.3,21.7,"[{""score"": ""1 - 0"", ""pct"": 12.67}, {""score"": ""2 - 0"", ""pct"": 11.790000000000001}, {""score"": ""1 - 1"", ""pct"": 10.18}]"
Iran,Scotland,Neutral,1.687,1.013,53.1,25.2,21.7,52.4,7.0,8.8,22.4,4.5,4.9,68.3,31.7,"[{""score"": ""1 - 1"", ""pct"": 11.78}, {""score"": ""1 - 0"", ""pct"": 11.44}, {""score"": ""2 - 1"", ""pct"": 10.209999999999999}]"
Iran,Germany,Neutral,1.243,1.457,31.4,26.5,42.1,31.2,5.3,7.2,41.4,6.7,8.2,43.7,56.3,"[{""score"": ""1 - 1"", ""pct"": 11.77}, {""score"": ""0 - 1"", ""pct"": 10.08}, {""score"": ""1 - 2"", ""pct"": 8.9}]"
Iran,Japan,Neutral,1.102,1.598,24.8,26.4,48.8,25.1,4.3,5.8,48.9,7.2,8.8,35.2,64.8,"[{""score"": ""1 - 1"", ""pct"": 12.049999999999999}, {""score"": ""0 - 1"", ""pct"": 11.03}, {""score"": ""1 - 2"", ""pct"": 9.28}]"
Iran,Curaçao,Neutral,2.098,0.602,72.5,18.9,8.6,73.1,7.2,7.3,8.7,1.5,2.1,87.6,12.4,"[{""score"": ""2 - 0"", ""pct"": 14.77}, {""score"": ""1 - 0"", ""pct"": 14.430000000000001}, {""score"": ""3 - 0"", ""pct"": 9.92}]"
Iran,Uruguay,Neutral,1.214,1.486,30.6,27.1,42.3,29.7,5.6,6.9,43.4,6.4,8.0,42.2,57.8,"[{""score"": ""1 - 1"", ""pct"": 12.07}, {""score"": ""0 - 1"", ""pct"": 10.35}, {""score"": ""1 - 2"", ""pct"": 8.870000000000001}]"
Iran,Sweden,Neutral,1.93,0.77,65.5,21.3,13.2,64.4,7.7,8.2,13.1,3.0,3.7,80.3,19.7,"[{""score"": ""1 - 0"", ""pct"": 14.19}, {""score"": ""2 - 0"", ""pct"": 12.280000000000001}, {""score"": ""2 - 1"", ""pct"": 9.76}]"
Iran,United States,Neutral,1.614,1.086,48.3,27.4,24.4,48.3,7.1,8.9,24.9,4.8,5.9,64.4,35.6,"[{""score"": ""1 - 1"", ""pct"": 12.73}, {""score"": ""1 - 0"", ""pct"": 11.17}, {""score"": ""2 - 1"", ""pct"": 9.21}]"
Iran,Jordan,Neutral,1.661,1.039,51.3,26.1,22.6,51.4,7.3,8.6,23.3,4.1,5.3,67.3,32.7,"[{""score"": ""1 - 1"", ""pct"": 12.06}, {""score"": ""1 - 0"", ""pct"": 11.379999999999999}, {""score"": ""2 - 1"", ""pct"": 9.74}]"
Iran,Ghana,Neutral,2.079,0.621,72.0,18.8,9.2,71.0,7.3,7.9,9.1,1.9,2.8,86.2,13.8,"[{""score"": ""1 - 0"", ""pct"": 14.84}, {""score"": ""2 - 0"", ""pct"": 14.57}, {""score"": ""3 - 0"", ""pct"": 9.73}]"
Iran,Czech Republic,Neutral,1.79,0.91,58.3,24.2,17.5,58.9,7.5,8.5,17.3,3.0,4.8,74.8,25.2,"[{""score"": ""1 - 0"", ""pct"": 12.5}, {""score"": ""1 - 1"", ""pct"": 10.780000000000001}, {""score"": ""2 - 0"", ""pct"": 10.57}]"
Iran,Croatia,Neutral,1.292,1.408,33.8,27.6,38.6,33.5,5.8,7.2,39.6,6.4,7.5,46.5,53.5,"[{""score"": ""1 - 1"", ""pct"": 12.46}, {""score"": ""0 - 1"", ""pct"": 9.53}, {""score"": ""1 - 0"", ""pct"": 8.799999999999999}]"
Iran,Ecuador,Neutral,1.11,1.59,25.2,25.6,49.2,25.5,4.4,5.7,48.4,7.0,9.1,35.5,64.5,"[{""score"": ""1 - 1"", ""pct"": 11.95}, {""score"": ""0 - 1"", ""pct"": 11.08}, {""score"": ""1 - 2"", ""pct"": 9.46}]"
Iran,Brazil,Neutral,1.018,1.682,22.5,25.3,52.2,21.6,4.6,5.2,52.8,7.0,8.9,31.4,68.6,"[{""score"": ""1 - 1"", ""pct"": 11.600000000000001}, {""score"": ""0 - 1"", ""pct"": 11.16}, {""score"": ""1 - 2"", ""pct"": 9.76}]"
Iran,Bosnia and Herzegovina,Neutral,2.119,0.581,73.7,18.6,7.7,73.3,7.1,7.8,7.9,1.5,2.4,88.2,11.8,"[{""score"": ""2 - 0"", ""pct"": 15.07}, {""score"": ""1 - 0"", ""pct"": 14.549999999999999}, {""score"": ""3 - 0"", ""pct"": 10.35}]"
Iran,South Africa,Neutral,2.024,0.676,69.4,20.2,10.4,69.4,7.6,7.6,10.4,2.2,2.8,84.6,15.4,"[{""score"": ""1 - 0"", ""pct"": 14.6}, {""score"": ""2 - 0"", ""pct"": 14.069999999999999}, {""score"": ""1 - 1"", ""pct"": 9.229999999999999}]"
Iran,Paraguay,Neutral,1.418,1.282,39.6,26.2,34.3,40.2,6.7,8.0,32.6,5.5,7.0,54.9,45.1,"[{""score"": ""1 - 1"", ""pct"": 11.709999999999999}, {""score"": ""1 - 0"", ""pct"": 9.75}, {""score"": ""0 - 1"", ""pct"": 9.04}]"
Iran,Belgium,Neutral,1.38,1.32,37.7,26.8,35.5,37.8,5.9,7.8,35.2,6.0,7.3,51.4,48.5,"[{""score"": ""1 - 1"", ""pct"": 12.29}, {""score"": ""1 - 0"", ""pct"": 9.11}, {""score"": ""0 - 1"", ""pct"": 9.02}]"
Iran,Norway,Neutral,1.344,1.356,35.0,27.1,37.9,36.4,5.9,7.2,36.9,6.1,7.6,49.4,50.6,"[{""score"": ""1 - 1"", ""pct"": 12.09}, {""score"": ""0 - 1"", ""pct"": 9.81}, {""score"": ""1 - 0"", ""pct"": 8.709999999999999}]"
Iran,Algeria,Neutral,1.45,1.25,40.8,26.8,32.3,40.4,6.5,7.9,32.5,5.3,7.4,54.8,45.2,"[{""score"": ""1 - 1"", ""pct"": 11.940000000000001}, {""score"": ""1 - 0"", ""pct"": 9.89}, {""score"": ""0 - 1"", ""pct"": 8.5}]"
United States,Ivory Coast,Neutral,1.43,1.27,40.3,26.7,33.0,40.2,6.3,8.4,32.3,5.7,7.1,54.9,45.1,"[{""score"": ""1 - 1"", ""pct"": 11.82}, {""score"": ""1 - 0"", ""pct"": 9.76}, {""score"": ""2 - 1"", ""pct"": 9.26}]"
United States,Uzbekistan,Neutral,1.241,1.459,30.5,27.9,41.5,31.5,5.3,6.4,42.1,6.9,7.8,43.2,56.8,"[{""score"": ""1 - 1"", ""pct"": 12.25}, {""score"": ""0 - 1"", ""pct"": 9.99}, {""score"": ""1 - 2"", ""pct"": 9.04}]"
United States,Qatar,Neutral,2.026,0.674,69.9,19.5,10.6,69.0,7.4,8.2,10.4,2.3,2.6,84.7,15.3,"[{""score"": ""1 - 0"", ""pct"": 14.37}, {""score"": ""2 - 0"", ""pct"": 14.04}, {""score"": ""2 - 1"", ""pct"": 9.6}]"
United States,Panama,Neutral,1.27,1.43,32.8,26.5,40.7,32.6,5.8,7.3,39.8,6.6,7.8,45.7,54.3,"[{""score"": ""1 - 1"", ""pct"": 12.21}, {""score"": ""0 - 1"", ""pct"": 9.87}, {""score"": ""1 - 0"", ""pct"": 8.81}]"
United States,Saudi Arabia,Neutral,1.702,0.998,54.0,24.6,21.4,54.2,7.1,8.8,20.6,4.1,5.1,70.1,29.9,"[{""score"": ""1 - 0"", ""pct"": 11.49}, {""score"": ""1 - 1"", ""pct"": 11.48}, {""score"": ""2 - 1"", ""pct"": 10.14}]"
United States,Tunisia,Neutral,1.615,1.085,49.7,25.7,24.6,49.5,7.0,8.5,24.5,4.8,5.7,65.0,35.0,"[{""score"": ""1 - 1"", ""pct"": 11.709999999999999}, {""score"": ""1 - 0"", ""pct"": 11.37}, {""score"": ""2 - 1"", ""pct"": 9.48}]"
United States,Austria,Neutral,1.362,1.338,37.9,26.6,35.5,36.5,5.7,7.7,37.0,5.9,7.1,49.9,50.1,"[{""score"": ""1 - 1"", ""pct"": 12.280000000000001}, {""score"": ""1 - 0"", ""pct"": 9.48}, {""score"": ""0 - 1"", ""pct"": 9.26}]"
United States,Senegal,Neutral,1.121,1.579,26.2,25.9,47.9,25.3,4.5,6.3,48.0,7.2,8.8,36.1,63.9,"[{""score"": ""1 - 1"", ""pct"": 11.92}, {""score"": ""0 - 1"", ""pct"": 10.72}, {""score"": ""1 - 2"", ""pct"": 9.51}]"
United States,Netherlands,Neutral,0.969,1.731,19.6,24.4,56.0,20.1,3.9,4.8,55.7,7.4,8.1,28.8,71.2,"[{""score"": ""0 - 1"", ""pct"": 12.44}, {""score"": ""1 - 1"", ""pct"": 11.21}, {""score"": ""1 - 2"", ""pct"": 10.14}]"
United States,Colombia,Neutral,0.787,1.913,13.2,22.6,64.2,13.9,2.6,3.2,64.1,7.3,8.8,19.7,80.3,"[{""score"": ""0 - 1"", ""pct"": 13.26}, {""score"": ""0 - 2"", ""pct"": 12.389999999999999}, {""score"": ""1 - 2"", ""pct"": 9.62}]"
United States,South Korea,Neutral,1.126,1.574,26.3,26.6,47.1,26.0,4.8,5.6,48.0,7.1,8.5,36.5,63.5,"[{""score"": ""1 - 1"", ""pct"": 11.95}, {""score"": ""0 - 1"", ""pct"": 11.21}, {""score"": ""1 - 2"", ""pct"": 9.31}]"
United States,Switzerland,Neutral,1.151,1.549,26.9,26.6,46.4,27.8,4.8,6.2,45.6,6.9,8.7,38.7,61.3,"[{""score"": ""1 - 1"", ""pct"": 12.13}, {""score"": ""0 - 1"", ""pct"": 10.31}, {""score"": ""1 - 2"", ""pct"": 9.47}]"
United States,Australia,Neutral,1.049,1.651,22.3,25.9,51.8,23.3,4.2,5.5,51.3,7.0,8.7,33.0,67.0,"[{""score"": ""0 - 1"", ""pct"": 11.899999999999999}, {""score"": ""1 - 1"", ""pct"": 11.5}, {""score"": ""1 - 2"", ""pct"": 9.53}]"
United States,France,Neutral,0.684,2.016,10.6,19.8,69.5,10.6,2.2,2.6,69.2,7.4,8.0,15.4,84.6,"[{""score"": ""0 - 2"", ""pct"": 14.32}, {""score"": ""0 - 1"", ""pct"": 13.61}, {""score"": ""1 - 2"", ""pct"": 9.34}]"
United States,Morocco,Neutral,0.871,1.829,16.7,23.2,60.1,15.7,3.2,4.3,60.6,7.3,8.8,23.2,76.8,"[{""score"": ""0 - 1"", ""pct"": 12.0}, {""score"": ""0 - 2"", ""pct"": 11.600000000000001}, {""score"": ""1 - 2"", ""pct"": 10.48}]"
United States,Argentina,Neutral,0.54,2.16,7.0,17.5,75.5,6.9,1.4,1.7,75.4,6.7,7.8,10.0,90.0,"[{""score"": ""0 - 2"", ""pct"": 15.55}, {""score"": ""0 - 1"", ""pct"": 14.879999999999999}, {""score"": ""0 - 3"", ""pct"": 10.94}]"
United States,DR Congo,Neutral,1.528,1.172,44.8,26.5,28.7,45.1,7.0,8.0,28.8,4.9,6.3,60.1,40.0,"[{""score"": ""1 - 1"", ""pct"": 11.76}, {""score"": ""1 - 0"", ""pct"": 11.07}, {""score"": ""2 - 1"", ""pct"": 9.02}]"
United States,Iraq,Neutral,1.585,1.115,46.6,27.1,26.4,47.6,7.2,8.8,25.7,4.7,6.0,63.6,36.4,"[{""score"": ""1 - 1"", ""pct"": 12.590000000000002}, {""score"": ""1 - 0"", ""pct"": 10.82}, {""score"": ""2 - 1"", ""pct"": 9.2}]"
United States,Mexico,Neutral,0.943,1.757,19.4,23.7,57.0,19.0,3.4,4.7,56.2,7.9,8.9,27.0,73.0,"[{""score"": ""0 - 1"", ""pct"": 12.65}, {""score"": ""0 - 2"", ""pct"": 10.27}, {""score"": ""1 - 1"", ""pct"": 10.24}]"
United States,Cape Verde,Neutral,1.896,0.804,62.1,22.8,15.1,63.9,7.7,8.2,14.1,2.6,3.5,79.8,20.2,"[{""score"": ""1 - 0"", ""pct"": 13.020000000000001}, {""score"": ""2 - 0"", ""pct"": 11.67}, {""score"": ""1 - 1"", ""pct"": 10.43}]"
United States,Canada,Neutral,1.19,1.51,28.8,26.6,44.6,28.3,5.0,6.8,45.1,6.5,8.3,40.1,59.9,"[{""score"": ""1 - 1"", ""pct"": 12.27}, {""score"": ""0 - 1"", ""pct"": 10.9}, {""score"": ""1 - 2"", ""pct"": 9.0}]"
United States,Egypt,Neutral,1.497,1.203,43.9,26.3,29.8,43.4,7.7,8.5,28.7,5.0,6.6,59.7,40.3,"[{""score"": ""1 - 1"", ""pct"": 12.13}, {""score"": ""1 - 0"", ""pct"": 10.54}, {""score"": ""2 - 1"", ""pct"": 9.120000000000001}]"
United States,Spain,Neutral,0.547,2.153,7.0,17.3,75.6,7.1,1.5,2.0,74.7,7.1,7.6,10.6,89.4,"[{""score"": ""0 - 2"", ""pct"": 15.939999999999998}, {""score"": ""0 - 1"", ""pct"": 14.829999999999998}, {""score"": ""0 - 3"", ""pct"": 11.04}]"
United States,Portugal,Neutral,0.831,1.869,15.1,23.4,61.5,15.5,3.1,3.5,61.7,7.9,8.2,22.1,77.9,"[{""score"": ""0 - 1"", ""pct"": 13.0}, {""score"": ""0 - 2"", ""pct"": 11.459999999999999}, {""score"": ""1 - 1"", ""pct"": 10.66}]"
United States,Turkey,Neutral,1.1,1.6,25.3,26.9,47.8,25.6,4.6,5.5,48.4,7.3,8.6,35.6,64.4,"[{""score"": ""1 - 1"", ""pct"": 11.84}, {""score"": ""0 - 1"", ""pct"": 10.6}, {""score"": ""1 - 2"", ""pct"": 9.370000000000001}]"
United States,New Zealand,Neutral,1.683,1.017,53.0,25.2,21.7,53.8,6.5,8.2,22.2,3.9,5.4,68.5,31.5,"[{""score"": ""1 - 0"", ""pct"": 12.120000000000001}, {""score"": ""1 - 1"", ""pct"": 11.35}, {""score"": ""2 - 1"", ""pct"": 9.5}]"
United States,England,Neutral,0.743,1.957,12.6,20.8,66.6,12.7,2.4,3.2,66.0,7.6,8.0,18.3,81.7,"[{""score"": ""0 - 1"", ""pct"": 13.76}, {""score"": ""0 - 2"", ""pct"": 12.7}, {""score"": ""1 - 2"", ""pct"": 9.700000000000001}]"
United States,Haiti,Neutral,1.637,1.063,51.2,25.0,23.8,50.3,7.3,8.4,23.8,4.5,5.6,66.1,33.9,"[{""score"": ""1 - 1"", ""pct"": 11.469999999999999}, {""score"": ""1 - 0"", ""pct"": 11.29}, {""score"": ""2 - 1"", ""pct"": 9.27}]"
United States,Scotland,Neutral,1.429,1.271,40.2,27.3,32.5,40.4,6.0,7.6,32.9,5.5,7.5,54.1,45.9,"[{""score"": ""1 - 1"", ""pct"": 12.33}, {""score"": ""1 - 0"", ""pct"": 9.92}, {""score"": ""2 - 1"", ""pct"": 8.540000000000001}]"
United States,Germany,Neutral,0.987,1.713,20.7,24.6,54.7,20.3,4.1,4.7,55.2,7.1,8.8,29.0,71.0,"[{""score"": ""0 - 1"", ""pct"": 11.540000000000001}, {""score"": ""1 - 1"", ""pct"": 10.780000000000001}, {""score"": ""0 - 2"", ""pct"": 10.12}]"
United States,Japan,Neutral,0.864,1.836,16.3,23.9,59.8,16.0,3.4,3.8,60.8,7.5,8.5,23.3,76.7,"[{""score"": ""0 - 1"", ""pct"": 12.24}, {""score"": ""0 - 2"", ""pct"": 11.19}, {""score"": ""1 - 1"", ""pct"": 10.97}]"
United States,Curaçao,Neutral,1.928,0.772,65.4,21.6,13.0,64.8,7.5,8.4,13.2,2.5,3.5,80.7,19.3,"[{""score"": ""1 - 0"", ""pct"": 13.69}, {""score"": ""2 - 0"", ""pct"": 12.29}, {""score"": ""1 - 1"", ""pct"": 9.68}]"
United States,Uruguay,Neutral,0.962,1.738,19.9,24.5,55.6,19.7,3.7,5.1,56.0,7.1,8.4,28.5,71.5,"[{""score"": ""0 - 1"", ""pct"": 11.92}, {""score"": ""1 - 1"", ""pct"": 11.66}, {""score"": ""0 - 2"", ""pct"": 10.25}]"
United States,Sweden,Neutral,1.712,0.988,54.2,24.7,21.1,54.1,7.8,8.6,20.9,4.0,4.7,70.5,29.5,"[{""score"": ""1 - 0"", ""pct"": 12.18}, {""score"": ""1 - 1"", ""pct"": 10.82}, {""score"": ""2 - 1"", ""pct"": 10.6}]"
United States,Iran,Neutral,1.086,1.614,24.0,26.5,49.5,24.5,4.8,5.7,49.4,6.9,8.7,34.9,65.1,"[{""score"": ""1 - 1"", ""pct"": 11.91}, {""score"": ""0 - 1"", ""pct"": 11.16}, {""score"": ""1 - 2"", ""pct"": 9.66}]"
United States,Jordan,Neutral,1.401,1.299,39.1,27.0,34.0,38.6,6.3,7.8,34.1,6.0,7.2,52.7,47.3,"[{""score"": ""1 - 1"", ""pct"": 12.280000000000001}, {""score"": ""1 - 0"", ""pct"": 9.73}, {""score"": ""0 - 1"", ""pct"": 8.799999999999999}]"
United States,Ghana,Neutral,1.903,0.797,63.4,22.9,13.7,63.9,7.1,8.2,14.2,2.8,3.8,79.2,20.8,"[{""score"": ""1 - 0"", ""pct"": 13.04}, {""score"": ""2 - 0"", ""pct"": 11.88}, {""score"": ""1 - 1"", ""pct"": 10.6}]"
United States,Czech Republic,Neutral,1.545,1.155,45.1,26.7,28.1,46.3,6.9,8.2,27.6,4.7,6.3,61.4,38.6,"[{""score"": ""1 - 1"", ""pct"": 11.76}, {""score"": ""1 - 0"", ""pct"": 9.78}, {""score"": ""2 - 1"", ""pct"": 9.41}]"
United States,Croatia,Neutral,1.032,1.668,22.3,25.4,52.2,23.1,4.3,5.2,51.4,7.2,8.7,32.7,67.3,"[{""score"": ""0 - 1"", ""pct"": 11.76}, {""score"": ""1 - 1"", ""pct"": 11.59}, {""score"": ""1 - 2"", ""pct"": 9.9}]"
United States,Ecuador,Neutral,0.871,1.829,16.8,23.8,59.4,16.6,3.2,4.1,59.7,8.0,8.5,23.9,76.1,"[{""score"": ""0 - 1"", ""pct"": 12.030000000000001}, {""score"": ""1 - 1"", ""pct"": 11.08}, {""score"": ""0 - 2"", ""pct"": 10.84}]"
United States,Brazil,Neutral,0.794,1.906,13.8,22.0,64.2,14.2,2.6,3.6,64.0,7.3,8.3,20.4,79.6,"[{""score"": ""0 - 1"", ""pct"": 13.11}, {""score"": ""0 - 2"", ""pct"": 12.18}, {""score"": ""1 - 1"", ""pct"": 9.86}]"
United States,Bosnia and Herzegovina,Neutral,1.957,0.743,66.6,21.5,11.9,65.8,7.6,8.6,12.7,2.2,3.1,81.9,18.1,"[{""score"": ""1 - 0"", ""pct"": 14.64}, {""score"": ""2 - 0"", ""pct"": 12.770000000000001}, {""score"": ""1 - 1"", ""pct"": 9.76}]"
United States,South Africa,Neutral,1.831,0.869,60.7,23.4,15.9,60.1,7.6,8.5,16.4,3.1,4.2,76.3,23.7,"[{""score"": ""1 - 0"", ""pct"": 13.139999999999999}, {""score"": ""2 - 0"", ""pct"": 11.12}, {""score"": ""1 - 1"", ""pct"": 10.440000000000001}]"
United States,Paraguay,Neutral,1.151,1.549,27.4,26.2,46.4,27.6,5.0,6.3,45.3,7.4,8.4,38.8,61.2,"[{""score"": ""1 - 1"", ""pct"": 12.15}, {""score"": ""0 - 1"", ""pct"": 10.6}, {""score"": ""1 - 2"", ""pct"": 9.629999999999999}]"
United States,Belgium,Neutral,1.115,1.585,25.9,26.1,48.0,25.4,4.6,6.2,48.3,7.1,8.3,36.2,63.8,"[{""score"": ""1 - 1"", ""pct"": 12.3}, {""score"": ""0 - 1"", ""pct"": 10.86}, {""score"": ""1 - 2"", ""pct"": 9.77}]"
United States,Norway,Neutral,1.08,1.62,23.8,26.3,49.9,24.0,4.3,5.8,49.9,7.3,8.7,34.1,65.9,"[{""score"": ""1 - 1"", ""pct"": 11.97}, {""score"": ""0 - 1"", ""pct"": 11.33}, {""score"": ""1 - 2"", ""pct"": 9.58}]"
United States,Algeria,Neutral,1.182,1.518,29.1,27.3,43.6,29.3,5.5,6.2,44.0,6.8,8.2,41.0,59.0,"[{""score"": ""1 - 1"", ""pct"": 12.740000000000002}, {""score"": ""0 - 1"", ""pct"": 9.959999999999999}, {""score"": ""1 - 2"", ""pct"": 8.97}]"
Jordan,Ivory Coast,Neutral,1.379,1.321,38.1,26.7,35.2,37.7,6.5,7.4,35.2,6.1,7.2,51.5,48.5,"[{""score"": ""1 - 1"", ""pct"": 11.97}, {""score"": ""1 - 0"", ""pct"": 9.22}, {""score"": ""0 - 1"", ""pct"": 9.21}]"
Jordan,Uzbekistan,Neutral,1.191,1.509,29.4,26.6,44.0,29.7,5.1,6.6,43.4,6.7,8.4,41.5,58.5,"[{""score"": ""1 - 1"", ""pct"": 12.02}, {""score"": ""0 - 1"", ""pct"": 10.69}, {""score"": ""1 - 2"", ""pct"": 9.139999999999999}]"
Jordan,Qatar,Neutral,1.994,0.706,68.2,20.4,11.4,68.7,7.6,8.2,11.0,2.1,2.5,84.4,15.6,"[{""score"": ""1 - 0"", ""pct"": 13.819999999999999}, {""score"": ""2 - 0"", ""pct"": 13.669999999999998}, {""score"": ""2 - 1"", ""pct"": 9.92}]"
Jordan,Panama,Neutral,1.22,1.48,30.2,27.0,42.8,30.9,5.4,6.7,42.2,6.9,7.9,43.0,57.0,"[{""score"": ""1 - 1"", ""pct"": 12.11}, {""score"": ""0 - 1"", ""pct"": 9.98}, {""score"": ""1 - 2"", ""pct"": 9.0}]"
Jordan,Saudi Arabia,Neutral,1.656,1.044,52.7,24.9,22.4,52.2,7.0,8.8,22.2,4.2,5.4,68.1,31.9,"[{""score"": ""1 - 0"", ""pct"": 11.78}, {""score"": ""1 - 1"", ""pct"": 11.31}, {""score"": ""2 - 1"", ""pct"": 10.209999999999999}]"
Jordan,Tunisia,Neutral,1.567,1.133,47.4,25.8,26.8,47.7,7.0,7.9,26.1,5.2,6.0,62.6,37.4,"[{""score"": ""1 - 1"", ""pct"": 11.84}, {""score"": ""1 - 0"", ""pct"": 11.200000000000001}, {""score"": ""2 - 1"", ""pct"": 9.48}]"
Jordan,Austria,Neutral,1.311,1.389,34.3,27.7,37.9,34.9,5.7,7.2,38.5,6.0,7.9,47.7,52.3,"[{""score"": ""1 - 1"", ""pct"": 12.9}, {""score"": ""0 - 1"", ""pct"": 9.76}, {""score"": ""1 - 0"", ""pct"": 8.93}]"
Jordan,Senegal,Neutral,1.072,1.628,24.8,25.7,49.5,23.5,4.8,5.4,50.6,7.5,8.1,33.8,66.2,"[{""score"": ""1 - 1"", ""pct"": 11.92}, {""score"": ""0 - 1"", ""pct"": 11.219999999999999}, {""score"": ""1 - 2"", ""pct"": 9.46}]"
Jordan,Netherlands,Neutral,0.925,1.775,18.3,23.8,57.9,18.5,3.3,4.0,58.3,7.7,8.2,25.8,74.2,"[{""score"": ""0 - 1"", ""pct"": 12.9}, {""score"": ""1 - 1"", ""pct"": 10.89}, {""score"": ""1 - 2"", ""pct"": 10.15}]"
Jordan,Colombia,Neutral,0.751,1.949,12.9,21.2,65.9,12.2,2.1,3.3,66.0,7.8,8.5,17.6,82.4,"[{""score"": ""0 - 1"", ""pct"": 13.98}, {""score"": ""0 - 2"", ""pct"": 12.65}, {""score"": ""1 - 2"", ""pct"": 9.629999999999999}]"
Jordan,South Korea,Neutral,1.078,1.622,24.4,25.9,49.7,24.5,4.3,5.6,49.8,7.0,8.8,34.4,65.6,"[{""score"": ""1 - 1"", ""pct"": 11.709999999999999}, {""score"": ""0 - 1"", ""pct"": 11.41}, {""score"": ""1 - 2"", ""pct"": 9.29}]"
Jordan,Switzerland,Neutral,1.102,1.598,25.4,26.1,48.5,25.3,4.5,5.7,48.5,7.0,8.9,35.5,64.5,"[{""score"": ""1 - 1"", ""pct"": 11.52}, {""score"": ""0 - 1"", ""pct"": 10.9}, {""score"": ""1 - 2"", ""pct"": 9.1}]"
Jordan,Australia,Neutral,1.002,1.698,21.6,25.7,52.8,21.1,4.0,5.2,54.0,6.8,8.8,30.4,69.6,"[{""score"": ""0 - 1"", ""pct"": 12.09}, {""score"": ""1 - 1"", ""pct"": 11.28}, {""score"": ""1 - 2"", ""pct"": 9.22}]"
Jordan,France,Neutral,0.652,2.048,9.4,19.6,71.0,9.9,2.0,2.5,69.8,7.5,8.3,14.4,85.6,"[{""score"": ""0 - 2"", ""pct"": 14.48}, {""score"": ""0 - 1"", ""pct"": 14.12}, {""score"": ""0 - 3"", ""pct"": 9.41}]"
Jordan,Morocco,Neutral,0.831,1.869,15.3,22.4,62.3,15.1,2.9,3.3,62.7,7.3,8.8,21.3,78.7,"[{""score"": ""0 - 1"", ""pct"": 12.83}, {""score"": ""0 - 2"", ""pct"": 11.34}, {""score"": ""1 - 1"", ""pct"": 10.11}]"
Jordan,Argentina,Neutral,0.517,2.183,6.5,17.3,76.2,6.1,1.2,2.0,76.1,6.8,7.8,9.3,90.7,"[{""score"": ""0 - 2"", ""pct"": 16.39}, {""score"": ""0 - 1"", ""pct"": 14.56}, {""score"": ""0 - 3"", ""pct"": 11.020000000000001}]"
Jordan,DR Congo,Neutral,1.478,1.222,42.5,25.9,31.6,42.0,7.2,8.3,30.5,5.1,6.9,57.5,42.5,"[{""score"": ""1 - 1"", ""pct"": 11.77}, {""score"": ""1 - 0"", ""pct"": 9.54}, {""score"": ""2 - 1"", ""pct"": 9.01}]"
Jordan,Iraq,Neutral,1.536,1.164,45.9,26.8,27.3,45.6,6.9,8.1,27.8,5.1,6.5,60.7,39.3,"[{""score"": ""1 - 1"", ""pct"": 12.49}, {""score"": ""1 - 0"", ""pct"": 10.61}, {""score"": ""2 - 1"", ""pct"": 9.84}]"
Jordan,Mexico,Neutral,0.9,1.8,17.7,24.1,58.3,18.3,3.0,4.2,58.8,7.3,8.4,25.5,74.5,"[{""score"": ""0 - 1"", ""pct"": 12.540000000000001}, {""score"": ""0 - 2"", ""pct"": 11.110000000000001}, {""score"": ""1 - 1"", ""pct"": 10.6}]"
Jordan,Cape Verde,Neutral,1.857,0.843,61.6,23.3,15.2,61.2,7.3,8.9,15.8,3.0,3.8,77.4,22.6,"[{""score"": ""1 - 0"", ""pct"": 13.23}, {""score"": ""2 - 0"", ""pct"": 11.86}, {""score"": ""1 - 1"", ""pct"": 10.14}]"
Jordan,Canada,Neutral,1.14,1.56,26.7,26.9,46.4,26.4,4.9,6.2,47.2,6.9,8.3,37.5,62.5,"[{""score"": ""1 - 1"", ""pct"": 12.31}, {""score"": ""0 - 1"", ""pct"": 10.74}, {""score"": ""1 - 2"", ""pct"": 9.370000000000001}]"
Jordan,Egypt,Neutral,1.447,1.253,40.4,27.5,32.1,40.2,6.9,7.8,32.4,5.6,7.1,54.9,45.1,"[{""score"": ""1 - 1"", ""pct"": 12.2}, {""score"": ""1 - 0"", ""pct"": 9.76}, {""score"": ""2 - 1"", ""pct"": 8.91}]"
Jordan,Spain,Neutral,0.524,2.176,6.9,17.2,75.9,6.4,1.1,1.8,76.9,6.9,6.8,9.4,90.6,"[{""score"": ""0 - 1"", ""pct"": 15.5}, {""score"": ""0 - 2"", ""pct"": 15.440000000000001}, {""score"": ""0 - 3"", ""pct"": 11.16}]"
Jordan,Portugal,Neutral,0.792,1.908,14.0,22.7,63.3,14.1,2.7,3.4,63.8,7.8,8.2,20.2,79.8,"[{""score"": ""0 - 1"", ""pct"": 13.089999999999998}, {""score"": ""0 - 2"", ""pct"": 11.95}, {""score"": ""1 - 1"", ""pct"": 10.45}]"
Jordan,Turkey,Neutral,1.052,1.648,23.0,25.6,51.4,23.2,3.8,5.6,51.0,7.4,8.9,32.6,67.4,"[{""score"": ""1 - 1"", ""pct"": 12.02}, {""score"": ""0 - 1"", ""pct"": 11.459999999999999}, {""score"": ""1 - 2"", ""pct"": 9.35}]"
Jordan,New Zealand,Neutral,1.636,1.064,50.3,26.0,23.7,50.1,7.5,9.0,23.8,4.2,5.3,66.6,33.3,"[{""score"": ""1 - 1"", ""pct"": 12.139999999999999}, {""score"": ""1 - 0"", ""pct"": 11.52}, {""score"": ""2 - 1"", ""pct"": 9.78}]"
Jordan,England,Neutral,0.708,1.992,11.1,21.3,67.6,10.9,2.1,2.9,67.9,7.6,8.5,16.0,84.0,"[{""score"": ""0 - 2"", ""pct"": 13.76}, {""score"": ""0 - 1"", ""pct"": 13.68}, {""score"": ""1 - 1"", ""pct"": 9.28}]"
Jordan,Haiti,Neutral,1.589,1.111,47.8,26.4,25.8,49.1,7.2,8.2,25.7,4.3,5.5,64.5,35.5,"[{""score"": ""1 - 1"", ""pct"": 11.37}, {""score"": ""1 - 0"", ""pct"": 11.03}, {""score"": ""2 - 1"", ""pct"": 9.54}]"
Jordan,Scotland,Neutral,1.378,1.322,38.3,26.1,35.6,37.5,6.1,7.3,35.2,6.2,7.7,50.9,49.1,"[{""score"": ""1 - 1"", ""pct"": 11.59}, {""score"": ""1 - 0"", ""pct"": 9.6}, {""score"": ""0 - 1"", ""pct"": 9.27}]"
Jordan,Germany,Neutral,0.942,1.758,18.6,23.9,57.5,18.4,3.5,4.6,57.4,7.7,8.5,26.4,73.6,"[{""score"": ""0 - 1"", ""pct"": 12.45}, {""score"": ""1 - 1"", ""pct"": 10.57}, {""score"": ""0 - 2"", ""pct"": 10.24}]"
Jordan,Japan,Neutral,0.824,1.876,14.6,23.2,62.1,14.9,3.1,3.7,62.4,7.6,8.3,21.7,78.3,"[{""score"": ""0 - 1"", ""pct"": 13.28}, {""score"": ""0 - 2"", ""pct"": 12.01}, {""score"": ""1 - 1"", ""pct"": 10.77}]"
Jordan,Curaçao,Neutral,1.89,0.81,62.8,22.6,14.6,62.7,7.6,8.7,14.3,2.9,3.8,79.1,20.9,"[{""score"": ""1 - 0"", ""pct"": 12.709999999999999}, {""score"": ""2 - 0"", ""pct"": 12.01}, {""score"": ""1 - 1"", ""pct"": 10.33}]"
Jordan,Uruguay,Neutral,0.918,1.782,17.9,23.4,58.7,18.1,3.3,4.4,58.5,7.7,8.0,25.8,74.2,"[{""score"": ""0 - 1"", ""pct"": 12.540000000000001}, {""score"": ""1 - 1"", ""pct"": 10.69}, {""score"": ""0 - 2"", ""pct"": 10.15}]"
Jordan,Sweden,Neutral,1.666,1.034,52.5,25.2,22.2,52.4,7.8,8.5,22.1,3.7,5.4,68.8,31.2,"[{""score"": ""1 - 0"", ""pct"": 11.64}, {""score"": ""1 - 1"", ""pct"": 11.26}, {""score"": ""2 - 1"", ""pct"": 9.9}]"
Jordan,Iran,Neutral,1.039,1.661,22.4,25.2,52.4,22.0,4.2,4.9,53.3,7.2,8.4,31.1,68.9,"[{""score"": ""0 - 1"", ""pct"": 12.01}, {""score"": ""1 - 1"", ""pct"": 11.19}, {""score"": ""1 - 2"", ""pct"": 10.05}]"
Jordan,United States,Neutral,1.299,1.401,34.3,26.5,39.2,33.8,5.7,7.3,38.9,6.7,7.6,46.8,53.2,"[{""score"": ""1 - 1"", ""pct"": 12.1}, {""score"": ""0 - 1"", ""pct"": 9.76}, {""score"": ""1 - 2"", ""pct"": 8.6}]"
Jordan,Ghana,Neutral,1.864,0.836,62.2,22.7,15.1,62.2,7.8,8.6,14.8,2.7,3.9,78.6,21.4,"[{""score"": ""1 - 0"", ""pct"": 13.139999999999999}, {""score"": ""2 - 0"", ""pct"": 11.790000000000001}, {""score"": ""2 - 1"", ""pct"": 10.43}]"
Jordan,Czech Republic,Neutral,1.495,1.205,43.8,26.3,29.9,43.0,6.8,8.4,29.6,5.4,6.8,58.2,41.8,"[{""score"": ""1 - 1"", ""pct"": 11.459999999999999}, {""score"": ""1 - 0"", ""pct"": 10.26}, {""score"": ""2 - 1"", ""pct"": 9.33}]"
Jordan,Croatia,Neutral,0.986,1.714,20.5,25.1,54.5,20.6,3.7,5.0,54.4,7.4,8.9,29.3,70.7,"[{""score"": ""0 - 1"", ""pct"": 12.55}, {""score"": ""1 - 1"", ""pct"": 11.57}, {""score"": ""1 - 2"", ""pct"": 9.45}]"
Jordan,Ecuador,Neutral,0.83,1.87,14.8,22.8,62.4,15.0,2.8,3.9,62.2,7.3,8.8,21.7,78.3,"[{""score"": ""0 - 1"", ""pct"": 13.01}, {""score"": ""0 - 2"", ""pct"": 11.790000000000001}, {""score"": ""1 - 1"", ""pct"": 10.38}]"
Jordan,Brazil,Neutral,0.757,1.943,12.9,21.4,65.8,12.3,2.3,3.3,66.1,7.8,8.2,17.9,82.1,"[{""score"": ""0 - 1"", ""pct"": 13.270000000000001}, {""score"": ""0 - 2"", ""pct"": 12.709999999999999}, {""score"": ""1 - 2"", ""pct"": 9.9}]"
Jordan,Bosnia and Herzegovina,Neutral,1.921,0.779,64.1,22.3,13.6,64.9,7.4,7.9,13.7,2.6,3.5,80.2,19.8,"[{""score"": ""1 - 0"", ""pct"": 13.05}, {""score"": ""2 - 0"", ""pct"": 12.389999999999999}, {""score"": ""1 - 1"", ""pct"": 10.280000000000001}]"
Jordan,South Africa,Neutral,1.789,0.911,58.0,24.4,17.5,59.1,7.3,8.3,17.4,3.4,4.5,74.7,25.3,"[{""score"": ""1 - 0"", ""pct"": 12.11}, {""score"": ""1 - 1"", ""pct"": 11.459999999999999}, {""score"": ""2 - 0"", ""pct"": 10.32}]"
Jordan,Paraguay,Neutral,1.103,1.597,25.3,26.3,48.4,25.6,4.5,5.9,48.3,7.0,8.7,36.0,64.0,"[{""score"": ""1 - 1"", ""pct"": 12.139999999999999}, {""score"": ""0 - 1"", ""pct"": 11.18}, {""score"": ""1 - 2"", ""pct"": 9.33}]"
Jordan,Belgium,Neutral,1.066,1.634,24.4,25.1,50.5,24.3,3.9,6.0,49.6,7.5,8.7,34.1,65.9,"[{""score"": ""0 - 1"", ""pct"": 11.29}, {""score"": ""1 - 1"", ""pct"": 10.81}, {""score"": ""1 - 2"", ""pct"": 9.22}]"
Jordan,Norway,Neutral,1.033,1.667,22.2,25.9,51.9,22.7,4.2,5.5,51.6,7.1,8.9,32.4,67.6,"[{""score"": ""1 - 1"", ""pct"": 11.700000000000001}, {""score"": ""0 - 1"", ""pct"": 11.08}, {""score"": ""1 - 2"", ""pct"": 9.51}]"
Jordan,Algeria,Neutral,1.133,1.567,26.3,26.1,47.7,26.9,4.8,5.9,47.0,6.9,8.5,37.6,62.5,"[{""score"": ""1 - 1"", ""pct"": 11.87}, {""score"": ""0 - 1"", ""pct"": 10.99}, {""score"": ""1 - 2"", ""pct"": 9.36}]"
Ghana,Ivory Coast,Neutral,0.859,1.841,15.7,23.9,60.5,15.6,2.9,4.2,61.3,7.2,8.8,22.7,77.3,"[{""score"": ""0 - 1"", ""pct"": 13.25}, {""score"": ""0 - 2"", ""pct"": 11.09}, {""score"": ""1 - 1"", ""pct"": 10.72}]"
Ghana,Uzbekistan,Neutral,0.719,1.981,11.7,21.1,67.3,11.7,2.0,3.2,66.8,7.8,8.5,16.9,83.1,"[{""score"": ""0 - 1"", ""pct"": 13.919999999999998}, {""score"": ""0 - 2"", ""pct"": 13.33}, {""score"": ""1 - 2"", ""pct"": 9.22}]"
Ghana,Qatar,Neutral,1.528,1.172,46.3,25.6,28.2,44.9,6.9,8.5,27.8,5.0,6.9,60.3,39.7,"[{""score"": ""1 - 1"", ""pct"": 10.79}, {""score"": ""1 - 0"", ""pct"": 10.72}, {""score"": ""2 - 1"", ""pct"": 9.8}]"
Ghana,Panama,Neutral,0.739,1.961,12.5,20.8,66.7,12.5,2.4,3.3,66.5,7.4,7.9,18.1,81.8,"[{""score"": ""0 - 1"", ""pct"": 14.069999999999999}, {""score"": ""0 - 2"", ""pct"": 12.870000000000001}, {""score"": ""1 - 1"", ""pct"": 9.76}]"
Ghana,Saudi Arabia,Neutral,1.111,1.589,25.0,26.6,48.4,25.6,4.7,5.9,48.2,6.9,8.7,36.2,63.8,"[{""score"": ""1 - 1"", ""pct"": 11.49}, {""score"": ""0 - 1"", ""pct"": 10.65}, {""score"": ""1 - 2"", ""pct"": 9.5}]"
Ghana,Tunisia,Neutral,1.022,1.678,22.0,25.2,52.8,21.4,4.1,5.4,53.1,7.6,8.3,31.0,69.0,"[{""score"": ""0 - 1"", ""pct"": 11.97}, {""score"": ""1 - 1"", ""pct"": 11.5}, {""score"": ""1 - 2"", ""pct"": 9.76}]"
Ghana,Austria,Neutral,0.806,1.894,14.6,21.9,63.4,14.1,2.7,3.7,63.4,7.4,8.7,20.6,79.4,"[{""score"": ""0 - 1"", ""pct"": 12.839999999999998}, {""score"": ""0 - 2"", ""pct"": 11.99}, {""score"": ""1 - 1"", ""pct"": 9.879999999999999}]"
Ghana,Senegal,Neutral,0.642,2.058,9.0,19.6,71.4,9.9,1.9,2.6,70.7,7.0,8.0,14.3,85.7,"[{""score"": ""0 - 1"", ""pct"": 14.62}, {""score"": ""0 - 2"", ""pct"": 13.51}, {""score"": ""0 - 3"", ""pct"": 9.89}]"
Ghana,Netherlands,Neutral,0.555,2.145,7.5,17.8,74.7,7.5,1.6,1.8,74.5,6.8,7.8,10.9,89.1,"[{""score"": ""0 - 2"", ""pct"": 15.58}, {""score"": ""0 - 1"", ""pct"": 15.190000000000001}, {""score"": ""0 - 3"", ""pct"": 10.63}]"
Ghana,Colombia,Neutral,0.463,2.237,5.1,15.7,79.2,5.7,1.1,1.5,78.5,6.4,6.8,8.2,91.8,"[{""score"": ""0 - 2"", ""pct"": 17.549999999999997}, {""score"": ""0 - 1"", ""pct"": 15.540000000000001}, {""score"": ""0 - 3"", ""pct"": 11.61}]"
Ghana,South Korea,Neutral,0.645,2.055,9.5,19.0,71.5,9.6,1.7,2.5,70.5,7.7,8.0,13.8,86.2,"[{""score"": ""0 - 2"", ""pct"": 14.719999999999999}, {""score"": ""0 - 1"", ""pct"": 14.01}, {""score"": ""0 - 3"", ""pct"": 9.47}]"
Ghana,Switzerland,Neutral,0.661,2.039,9.8,19.1,71.2,10.1,2.2,2.6,69.8,6.9,8.5,14.8,85.2,"[{""score"": ""0 - 1"", ""pct"": 14.26}, {""score"": ""0 - 2"", ""pct"": 14.2}, {""score"": ""1 - 2"", ""pct"": 9.950000000000001}]"
Ghana,Australia,Neutral,0.599,2.101,8.6,19.1,72.3,8.2,1.6,2.4,72.7,7.3,7.8,12.2,87.8,"[{""score"": ""0 - 2"", ""pct"": 14.979999999999999}, {""score"": ""0 - 1"", ""pct"": 14.610000000000001}, {""score"": ""0 - 3"", ""pct"": 10.13}]"
Ghana,France,Neutral,0.415,2.285,4.1,15.2,80.7,4.2,0.9,1.1,81.0,6.4,6.5,6.1,93.9,"[{""score"": ""0 - 2"", ""pct"": 17.93}, {""score"": ""0 - 1"", ""pct"": 16.33}, {""score"": ""0 - 3"", ""pct"": 12.8}]"
Ghana,Morocco,Neutral,0.503,2.197,6.5,15.7,77.8,6.0,1.2,1.7,77.4,6.7,7.0,8.9,91.1,"[{""score"": ""0 - 2"", ""pct"": 16.09}, {""score"": ""0 - 1"", ""pct"": 15.82}, {""score"": ""0 - 3"", ""pct"": 11.77}]"
Ghana,Argentina,Neutral,0.355,2.345,3.2,13.9,82.9,3.7,0.6,1.1,82.7,5.7,6.3,5.3,94.7,"[{""score"": ""0 - 2"", ""pct"": 19.35}, {""score"": ""0 - 1"", ""pct"": 16.84}, {""score"": ""0 - 3"", ""pct"": 13.91}]"
Ghana,DR Congo,Neutral,0.942,1.758,19.4,23.9,56.7,19.0,3.8,4.8,56.5,7.3,8.6,27.6,72.4,"[{""score"": ""0 - 1"", ""pct"": 12.23}, {""score"": ""1 - 1"", ""pct"": 10.34}, {""score"": ""0 - 2"", ""pct"": 9.81}]"
Ghana,Iraq,Neutral,0.993,1.707,21.4,24.7,53.9,21.2,4.3,4.6,54.2,7.5,8.2,30.1,69.9,"[{""score"": ""0 - 1"", ""pct"": 11.29}, {""score"": ""1 - 1"", ""pct"": 11.08}, {""score"": ""1 - 2"", ""pct"": 10.01}]"
Ghana,Mexico,Neutral,0.541,2.159,7.4,17.8,74.8,6.9,1.4,1.7,75.8,6.8,7.4,10.0,90.0,"[{""score"": ""0 - 2"", ""pct"": 16.41}, {""score"": ""0 - 1"", ""pct"": 14.549999999999999}, {""score"": ""0 - 3"", ""pct"": 10.34}]"
Ghana,Cape Verde,Neutral,1.341,1.359,36.6,27.4,36.0,35.5,6.2,7.7,36.8,6.1,7.7,49.4,50.6,"[{""score"": ""1 - 1"", ""pct"": 12.57}, {""score"": ""1 - 0"", ""pct"": 9.26}, {""score"": ""0 - 1"", ""pct"": 8.59}]"
Ghana,Canada,Neutral,0.685,2.015,10.4,19.9,69.7,10.6,1.7,2.7,69.4,7.2,8.4,15.0,84.9,"[{""score"": ""0 - 1"", ""pct"": 14.06}, {""score"": ""0 - 2"", ""pct"": 13.8}, {""score"": ""1 - 2"", ""pct"": 9.379999999999999}]"
Ghana,Egypt,Neutral,0.915,1.785,18.1,24.2,57.7,17.7,3.6,4.6,57.5,7.9,8.8,25.9,74.2,"[{""score"": ""0 - 1"", ""pct"": 12.770000000000001}, {""score"": ""1 - 1"", ""pct"": 11.25}, {""score"": ""0 - 2"", ""pct"": 10.15}]"
Ghana,Spain,Neutral,0.358,2.342,3.7,14.5,81.8,3.6,0.7,1.0,82.5,6.1,6.1,5.3,94.7,"[{""score"": ""0 - 2"", ""pct"": 18.57}, {""score"": ""0 - 1"", ""pct"": 16.16}, {""score"": ""0 - 3"", ""pct"": 13.81}]"
Ghana,Portugal,Neutral,0.483,2.217,5.9,15.9,78.2,5.8,1.1,1.6,77.8,6.3,7.5,8.5,91.5,"[{""score"": ""0 - 2"", ""pct"": 16.77}, {""score"": ""0 - 1"", ""pct"": 15.25}, {""score"": ""0 - 3"", ""pct"": 11.360000000000001}]"
Ghana,Turkey,Neutral,0.629,2.071,9.1,19.1,71.8,9.3,1.8,2.5,71.7,7.1,7.5,13.6,86.4,"[{""score"": ""0 - 2"", ""pct"": 14.45}, {""score"": ""0 - 1"", ""pct"": 14.280000000000001}, {""score"": ""1 - 2"", ""pct"": 9.69}]"
Ghana,New Zealand,Neutral,1.091,1.609,24.1,26.2,49.6,24.8,4.4,5.7,49.1,7.2,8.9,34.8,65.2,"[{""score"": ""1 - 1"", ""pct"": 11.98}, {""score"": ""0 - 1"", ""pct"": 11.450000000000001}, {""score"": ""1 - 2"", ""pct"": 9.76}]"
Ghana,England,Neutral,0.442,2.258,4.5,15.7,79.8,4.9,1.0,1.3,79.6,6.4,6.8,7.2,92.8,"[{""score"": ""0 - 2"", ""pct"": 17.01}, {""score"": ""0 - 1"", ""pct"": 16.08}, {""score"": ""0 - 3"", ""pct"": 12.44}]"
Ghana,Haiti,Neutral,1.044,1.656,22.4,25.6,52.1,22.5,4.1,5.9,51.6,7.5,8.3,32.6,67.4,"[{""score"": ""0 - 1"", ""pct"": 12.65}, {""score"": ""1 - 1"", ""pct"": 11.63}, {""score"": ""1 - 2"", ""pct"": 9.56}]"
Ghana,Scotland,Neutral,0.858,1.842,16.4,23.0,60.7,15.5,3.3,4.1,60.7,7.6,8.8,22.9,77.1,"[{""score"": ""0 - 1"", ""pct"": 12.83}, {""score"": ""0 - 2"", ""pct"": 11.29}, {""score"": ""1 - 1"", ""pct"": 10.48}]"
Ghana,Germany,Neutral,0.564,2.136,7.6,18.2,74.2,7.8,1.4,1.9,75.1,6.6,7.3,11.1,88.9,"[{""score"": ""0 - 2"", ""pct"": 15.02}, {""score"": ""0 - 1"", ""pct"": 14.799999999999999}, {""score"": ""0 - 3"", ""pct"": 9.93}]"
Ghana,Japan,Neutral,0.5,2.2,6.0,16.5,77.5,6.1,1.2,1.8,77.4,6.2,7.2,9.1,90.9,"[{""score"": ""0 - 2"", ""pct"": 16.27}, {""score"": ""0 - 1"", ""pct"": 15.340000000000002}, {""score"": ""0 - 3"", ""pct"": 11.05}]"
Ghana,Curaçao,Neutral,1.384,1.316,38.3,26.7,35.0,38.2,5.8,7.3,36.0,5.3,7.4,51.3,48.7,"[{""score"": ""1 - 1"", ""pct"": 12.11}, {""score"": ""1 - 0"", ""pct"": 9.68}, {""score"": ""0 - 1"", ""pct"": 8.92}]"
Ghana,Uruguay,Neutral,0.551,2.149,7.0,17.4,75.6,7.3,1.4,1.7,74.8,7.4,7.4,10.4,89.6,"[{""score"": ""0 - 2"", ""pct"": 15.659999999999998}, {""score"": ""0 - 1"", ""pct"": 15.32}, {""score"": ""0 - 3"", ""pct"": 10.81}]"
Ghana,Sweden,Neutral,1.121,1.579,26.4,26.0,47.5,26.1,4.6,6.0,48.2,7.0,8.2,36.7,63.3,"[{""score"": ""1 - 1"", ""pct"": 11.690000000000001}, {""score"": ""0 - 1"", ""pct"": 10.59}, {""score"": ""1 - 2"", ""pct"": 9.75}]"
Ghana,Iran,Neutral,0.621,2.079,8.8,19.5,71.7,9.3,1.8,2.4,71.4,7.2,7.8,13.6,86.4,"[{""score"": ""0 - 2"", ""pct"": 14.799999999999999}, {""score"": ""0 - 1"", ""pct"": 14.44}, {""score"": ""1 - 2"", ""pct"": 9.44}]"
Ghana,United States,Neutral,0.797,1.903,14.1,22.3,63.6,13.6,2.5,3.4,64.5,8.0,8.1,19.4,80.6,"[{""score"": ""0 - 1"", ""pct"": 13.16}, {""score"": ""0 - 2"", ""pct"": 12.629999999999999}, {""score"": ""1 - 1"", ""pct"": 10.31}]"
Ghana,Jordan,Neutral,0.836,1.864,15.0,23.0,61.9,14.8,2.9,4.0,61.9,7.8,8.5,21.8,78.2,"[{""score"": ""0 - 1"", ""pct"": 13.59}, {""score"": ""0 - 2"", ""pct"": 11.88}, {""score"": ""1 - 1"", ""pct"": 10.56}]"
Ghana,Czech Republic,Neutral,0.957,1.743,19.7,24.6,55.7,19.8,3.7,4.6,55.6,7.6,8.7,28.1,71.9,"[{""score"": ""0 - 1"", ""pct"": 12.2}, {""score"": ""1 - 1"", ""pct"": 10.76}, {""score"": ""0 - 2"", ""pct"": 10.02}]"
Ghana,Croatia,Neutral,0.59,2.11,8.3,18.4,73.4,8.2,1.7,2.1,73.3,6.9,7.8,12.0,88.0,"[{""score"": ""0 - 2"", ""pct"": 14.96}, {""score"": ""0 - 1"", ""pct"": 14.39}, {""score"": ""0 - 3"", ""pct"": 9.969999999999999}]"
Ghana,Ecuador,Neutral,0.503,2.197,6.2,16.8,77.0,6.1,1.2,1.5,77.9,6.3,7.0,8.8,91.2,"[{""score"": ""0 - 2"", ""pct"": 16.54}, {""score"": ""0 - 1"", ""pct"": 15.03}, {""score"": ""0 - 3"", ""pct"": 11.600000000000001}]"
Ghana,Brazil,Neutral,0.466,2.234,5.4,16.9,77.8,5.7,1.0,1.5,79.0,6.3,6.5,8.1,91.9,"[{""score"": ""0 - 2"", ""pct"": 16.98}, {""score"": ""0 - 1"", ""pct"": 15.28}, {""score"": ""0 - 3"", ""pct"": 12.509999999999998}]"
Ghana,Bosnia and Herzegovina,Neutral,1.425,1.275,40.9,26.9,32.3,40.0,6.2,7.7,33.9,5.7,6.6,53.9,46.1,"[{""score"": ""1 - 1"", ""pct"": 12.82}, {""score"": ""1 - 0"", ""pct"": 10.03}, {""score"": ""0 - 1"", ""pct"": 8.690000000000001}]"
Ghana,South Africa,Neutral,1.257,1.443,32.5,27.2,40.3,31.9,5.4,7.2,40.9,6.7,7.9,44.5,55.5,"[{""score"": ""1 - 1"", ""pct"": 12.75}, {""score"": ""0 - 1"", ""pct"": 9.87}, {""score"": ""1 - 2"", ""pct"": 8.62}]"
Ghana,Paraguay,Neutral,0.661,2.039,10.1,19.4,70.5,10.1,1.9,2.5,70.1,7.1,8.3,14.5,85.5,"[{""score"": ""0 - 1"", ""pct"": 14.23}, {""score"": ""0 - 2"", ""pct"": 14.06}, {""score"": ""0 - 3"", ""pct"": 9.5}]"
Ghana,Belgium,Neutral,0.638,2.062,9.2,18.8,72.0,9.5,1.8,2.4,70.8,8.0,7.6,13.6,86.4,"[{""score"": ""0 - 1"", ""pct"": 14.31}, {""score"": ""0 - 2"", ""pct"": 14.24}, {""score"": ""0 - 3"", ""pct"": 9.84}]"
Ghana,Norway,Neutral,0.618,2.082,8.5,18.6,73.0,8.2,1.7,2.4,72.3,7.5,8.0,12.2,87.8,"[{""score"": ""0 - 2"", ""pct"": 14.99}, {""score"": ""0 - 1"", ""pct"": 13.94}, {""score"": ""0 - 3"", ""pct"": 9.94}]"
Ghana,Algeria,Neutral,0.68,2.02,10.7,20.1,69.2,10.4,1.9,2.7,69.3,7.6,8.0,15.1,84.9,"[{""score"": ""0 - 2"", ""pct"": 13.750000000000002}, {""score"": ""0 - 1"", ""pct"": 13.66}, {""score"": ""1 - 2"", ""pct"": 9.55}]"
Czech Republic,Ivory Coast,Neutral,1.233,1.467,31.3,27.3,41.4,31.1,5.2,6.2,42.7,6.5,8.2,42.6,57.4,"[{""score"": ""1 - 1"", ""pct"": 12.06}, {""score"": ""0 - 1"", ""pct"": 9.94}, {""score"": ""1 - 2"", ""pct"": 8.73}]"
Czech Republic,Uzbekistan,Neutral,1.051,1.649,22.4,25.9,51.7,23.2,4.3,5.6,50.9,7.7,8.3,33.1,66.9,"[{""score"": ""1 - 1"", ""pct"": 11.61}, {""score"": ""0 - 1"", ""pct"": 11.469999999999999}, {""score"": ""1 - 2"", ""pct"": 9.46}]"
Czech Republic,Qatar,Neutral,1.89,0.81,63.6,22.4,14.0,62.3,7.9,8.9,14.6,2.6,3.7,79.1,20.9,"[{""score"": ""1 - 0"", ""pct"": 13.750000000000002}, {""score"": ""2 - 0"", ""pct"": 11.68}, {""score"": ""1 - 1"", ""pct"": 10.03}]"
Czech Republic,Panama,Neutral,1.078,1.622,24.6,26.0,49.4,24.3,4.9,5.3,49.8,7.2,8.6,34.5,65.5,"[{""score"": ""1 - 1"", ""pct"": 11.97}, {""score"": ""0 - 1"", ""pct"": 10.7}, {""score"": ""1 - 2"", ""pct"": 9.75}]"
Czech Republic,Saudi Arabia,Neutral,1.517,1.183,45.1,26.3,28.6,45.3,6.6,8.5,27.7,5.3,6.7,60.3,39.7,"[{""score"": ""1 - 1"", ""pct"": 11.899999999999999}, {""score"": ""1 - 0"", ""pct"": 10.92}, {""score"": ""2 - 1"", ""pct"": 9.1}]"
Czech Republic,Tunisia,Neutral,1.423,1.277,39.9,27.0,33.1,39.3,6.3,7.6,33.9,5.7,7.1,53.2,46.8,"[{""score"": ""1 - 1"", ""pct"": 12.740000000000002}, {""score"": ""1 - 0"", ""pct"": 9.81}, {""score"": ""0 - 1"", ""pct"": 9.19}]"
Czech Republic,Austria,Neutral,1.166,1.534,28.0,26.6,45.4,27.9,5.0,5.9,46.1,6.6,8.4,38.9,61.1,"[{""score"": ""1 - 1"", ""pct"": 11.55}, {""score"": ""0 - 1"", ""pct"": 10.97}, {""score"": ""1 - 2"", ""pct"": 8.9}]"
Czech Republic,Senegal,Neutral,0.941,1.759,19.2,24.3,56.5,19.0,3.6,4.9,56.4,7.3,8.8,27.5,72.5,"[{""score"": ""0 - 1"", ""pct"": 12.25}, {""score"": ""1 - 1"", ""pct"": 11.26}, {""score"": ""0 - 2"", ""pct"": 10.39}]"
Czech Republic,Netherlands,Neutral,0.808,1.892,14.5,22.2,63.3,15.0,2.8,3.7,61.9,7.7,8.9,21.5,78.5,"[{""score"": ""0 - 1"", ""pct"": 12.85}, {""score"": ""0 - 2"", ""pct"": 11.790000000000001}, {""score"": ""1 - 2"", ""pct"": 10.14}]"
Czech Republic,Colombia,Neutral,0.655,2.045,9.8,19.9,70.3,9.9,1.8,2.7,70.4,7.5,7.7,14.4,85.6,"[{""score"": ""0 - 1"", ""pct"": 15.010000000000002}, {""score"": ""0 - 2"", ""pct"": 14.19}, {""score"": ""1 - 1"", ""pct"": 8.959999999999999}]"
Czech Republic,South Korea,Neutral,0.946,1.754,19.2,25.1,55.8,19.3,3.7,4.9,55.7,7.5,8.9,27.9,72.1,"[{""score"": ""0 - 1"", ""pct"": 11.899999999999999}, {""score"": ""1 - 1"", ""pct"": 11.32}, {""score"": ""0 - 2"", ""pct"": 10.79}]"
Czech Republic,Switzerland,Neutral,0.968,1.732,19.5,25.3,55.3,20.2,3.6,4.7,55.7,7.4,8.2,28.6,71.4,"[{""score"": ""0 - 1"", ""pct"": 12.030000000000001}, {""score"": ""1 - 1"", ""pct"": 11.469999999999999}, {""score"": ""1 - 2"", ""pct"": 10.13}]"
Czech Republic,Australia,Neutral,0.877,1.823,16.8,24.2,59.0,16.4,3.1,4.2,59.5,7.8,9.0,23.7,76.3,"[{""score"": ""0 - 1"", ""pct"": 12.889999999999999}, {""score"": ""1 - 1"", ""pct"": 11.15}, {""score"": ""0 - 2"", ""pct"": 10.81}]"
Czech Republic,France,Neutral,0.572,2.128,7.2,18.2,74.7,7.4,1.5,2.1,74.6,7.0,7.5,10.9,89.1,"[{""score"": ""0 - 2"", ""pct"": 15.17}, {""score"": ""0 - 1"", ""pct"": 14.879999999999999}, {""score"": ""0 - 3"", ""pct"": 10.15}]"
Czech Republic,Morocco,Neutral,0.724,1.976,12.0,20.5,67.5,11.5,2.4,3.2,67.0,7.7,8.3,17.0,83.0,"[{""score"": ""0 - 1"", ""pct"": 14.26}, {""score"": ""0 - 2"", ""pct"": 12.34}, {""score"": ""1 - 2"", ""pct"": 10.09}]"
Czech Republic,Argentina,Neutral,0.461,2.239,5.4,15.7,78.9,5.1,1.1,1.4,79.8,6.2,6.3,7.6,92.4,"[{""score"": ""0 - 2"", ""pct"": 16.619999999999997}, {""score"": ""0 - 1"", ""pct"": 15.58}, {""score"": ""0 - 3"", ""pct"": 12.809999999999999}]"
Czech Republic,DR Congo,Neutral,1.333,1.367,35.6,27.6,36.8,35.4,5.9,7.4,37.7,6.0,7.6,48.7,51.3,"[{""score"": ""1 - 1"", ""pct"": 12.41}, {""score"": ""0 - 1"", ""pct"": 9.66}, {""score"": ""1 - 0"", ""pct"": 8.290000000000001}]"
Czech Republic,Iraq,Neutral,1.391,1.309,38.8,27.2,34.0,38.1,6.4,7.7,34.4,5.7,7.7,52.2,47.8,"[{""score"": ""1 - 1"", ""pct"": 12.25}, {""score"": ""1 - 0"", ""pct"": 9.85}, {""score"": ""0 - 1"", ""pct"": 8.85}]"
Czech Republic,Mexico,Neutral,0.785,1.915,13.2,21.6,65.2,13.7,2.6,3.6,64.0,7.7,8.5,19.8,80.2,"[{""score"": ""0 - 1"", ""pct"": 13.0}, {""score"": ""0 - 2"", ""pct"": 12.13}, {""score"": ""1 - 1"", ""pct"": 10.16}]"
Czech Republic,Cape Verde,Neutral,1.735,0.965,55.9,24.1,20.0,54.7,7.7,8.4,20.4,3.6,5.1,70.8,29.2,"[{""score"": ""1 - 0"", ""pct"": 12.23}, {""score"": ""1 - 1"", ""pct"": 11.09}, {""score"": ""2 - 0"", ""pct"": 10.02}]"
Czech Republic,Canada,Neutral,1.003,1.697,21.4,25.2,53.4,21.7,4.0,4.6,53.6,7.4,8.7,30.3,69.7,"[{""score"": ""0 - 1"", ""pct"": 12.15}, {""score"": ""1 - 1"", ""pct"": 11.29}, {""score"": ""1 - 2"", ""pct"": 10.25}]"
Czech Republic,Egypt,Neutral,1.301,1.399,33.6,27.3,39.1,34.8,5.9,6.8,38.0,6.4,8.2,47.4,52.6,"[{""score"": ""1 - 1"", ""pct"": 12.04}, {""score"": ""0 - 1"", ""pct"": 9.65}, {""score"": ""1 - 0"", ""pct"": 8.49}]"
Czech Republic,Spain,Neutral,0.466,2.234,5.5,15.9,78.6,5.0,1.0,1.5,78.5,6.6,7.4,7.5,92.5,"[{""score"": ""0 - 2"", ""pct"": 17.580000000000002}, {""score"": ""0 - 1"", ""pct"": 15.370000000000001}, {""score"": ""0 - 3"", ""pct"": 11.67}]"
Czech Republic,Portugal,Neutral,0.691,2.009,11.0,20.5,68.5,10.9,2.0,2.8,68.6,7.3,8.5,15.6,84.4,"[{""score"": ""0 - 1"", ""pct"": 14.08}, {""score"": ""0 - 2"", ""pct"": 13.05}, {""score"": ""1 - 2"", ""pct"": 9.83}]"
Czech Republic,Turkey,Neutral,0.922,1.778,18.0,24.6,57.4,17.5,3.5,4.2,59.0,7.8,8.0,25.2,74.8,"[{""score"": ""0 - 1"", ""pct"": 12.22}, {""score"": ""1 - 1"", ""pct"": 11.03}, {""score"": ""0 - 2"", ""pct"": 10.489999999999998}]"
Czech Republic,New Zealand,Neutral,1.496,1.204,43.3,27.7,29.0,43.6,7.0,8.2,29.5,5.0,6.6,58.9,41.1,"[{""score"": ""1 - 1"", ""pct"": 12.620000000000001}, {""score"": ""1 - 0"", ""pct"": 10.52}, {""score"": ""2 - 1"", ""pct"": 9.370000000000001}]"
Czech Republic,England,Neutral,0.619,2.081,8.8,19.4,71.8,9.1,1.8,1.9,72.6,7.3,7.3,12.7,87.3,"[{""score"": ""0 - 2"", ""pct"": 14.7}, {""score"": ""0 - 1"", ""pct"": 14.13}, {""score"": ""0 - 3"", ""pct"": 9.74}]"
Czech Republic,Haiti,Neutral,1.446,1.254,40.0,27.4,32.6,41.5,6.6,8.4,31.1,5.6,6.9,56.5,43.5,"[{""score"": ""1 - 1"", ""pct"": 12.67}, {""score"": ""1 - 0"", ""pct"": 9.91}, {""score"": ""0 - 1"", ""pct"": 8.85}]"
Czech Republic,Scotland,Neutral,1.232,1.468,30.7,26.7,42.6,31.1,5.0,7.0,42.3,6.3,8.4,43.0,57.0,"[{""score"": ""1 - 1"", ""pct"": 11.92}, {""score"": ""0 - 1"", ""pct"": 9.93}, {""score"": ""1 - 2"", ""pct"": 8.9}]"
Czech Republic,Germany,Neutral,0.823,1.877,14.7,22.7,62.6,15.0,2.9,4.0,62.1,7.3,8.6,22.0,78.0,"[{""score"": ""0 - 1"", ""pct"": 13.25}, {""score"": ""0 - 2"", ""pct"": 11.940000000000001}, {""score"": ""1 - 1"", ""pct"": 10.43}]"
Czech Republic,Japan,Neutral,0.718,1.982,12.0,20.7,67.3,11.4,2.4,2.8,67.5,7.5,8.4,16.6,83.5,"[{""score"": ""0 - 1"", ""pct"": 13.84}, {""score"": ""0 - 2"", ""pct"": 13.139999999999999}, {""score"": ""1 - 2"", ""pct"": 9.54}]"
Czech Republic,Curaçao,Neutral,1.772,0.928,56.6,24.3,19.0,57.1,8.0,8.7,18.5,3.2,4.5,73.8,26.2,"[{""score"": ""1 - 0"", ""pct"": 12.030000000000001}, {""score"": ""1 - 1"", ""pct"": 11.110000000000001}, {""score"": ""2 - 0"", ""pct"": 10.459999999999999}]"
Czech Republic,Uruguay,Neutral,0.801,1.899,14.7,22.2,63.1,13.7,3.1,3.6,63.5,7.6,8.6,20.3,79.7,"[{""score"": ""0 - 1"", ""pct"": 13.43}, {""score"": ""0 - 2"", ""pct"": 11.799999999999999}, {""score"": ""1 - 1"", ""pct"": 10.07}]"
Czech Republic,Sweden,Neutral,1.527,1.173,45.3,26.4,28.3,45.3,7.2,8.3,27.8,5.1,6.4,60.8,39.2,"[{""score"": ""1 - 1"", ""pct"": 11.97}, {""score"": ""1 - 0"", ""pct"": 10.42}, {""score"": ""2 - 1"", ""pct"": 9.4}]"
Czech Republic,Iran,Neutral,0.91,1.79,18.2,24.3,57.5,18.0,3.3,4.5,57.9,7.7,8.7,25.8,74.2,"[{""score"": ""0 - 1"", ""pct"": 12.33}, {""score"": ""1 - 1"", ""pct"": 10.82}, {""score"": ""0 - 2"", ""pct"": 10.2}]"
Czech Republic,United States,Neutral,1.155,1.545,27.7,26.2,46.1,27.8,4.9,6.1,45.5,7.1,8.6,38.8,61.2,"[{""score"": ""1 - 1"", ""pct"": 11.790000000000001}, {""score"": ""0 - 1"", ""pct"": 10.43}, {""score"": ""1 - 2"", ""pct"": 9.46}]"
Czech Republic,Jordan,Neutral,1.205,1.495,29.1,27.5,43.4,30.6,5.1,6.3,43.4,6.6,8.1,42.0,58.0,"[{""score"": ""1 - 1"", ""pct"": 12.370000000000001}, {""score"": ""0 - 1"", ""pct"": 10.35}, {""score"": ""1 - 2"", ""pct"": 9.1}]"
Czech Republic,Ghana,Neutral,1.743,0.957,55.8,24.4,19.8,56.0,7.9,8.4,19.3,3.8,4.7,72.3,27.7,"[{""score"": ""1 - 0"", ""pct"": 12.17}, {""score"": ""1 - 1"", ""pct"": 11.25}, {""score"": ""2 - 0"", ""pct"": 9.9}]"
Czech Republic,Croatia,Neutral,0.862,1.838,15.5,23.4,61.1,16.3,3.1,4.0,60.3,7.8,8.6,23.3,76.7,"[{""score"": ""0 - 1"", ""pct"": 13.309999999999999}, {""score"": ""0 - 2"", ""pct"": 10.95}, {""score"": ""1 - 1"", ""pct"": 10.37}]"
Czech Republic,Ecuador,Neutral,0.724,1.976,10.5,21.1,68.4,12.0,2.4,2.7,67.1,7.4,8.5,17.0,83.0,"[{""score"": ""0 - 1"", ""pct"": 14.08}, {""score"": ""0 - 2"", ""pct"": 12.75}, {""score"": ""1 - 1"", ""pct"": 9.53}]"
Czech Republic,Brazil,Neutral,0.661,2.039,9.8,19.3,70.9,9.6,1.9,2.5,71.2,7.0,7.8,14.0,86.0,"[{""score"": ""0 - 1"", ""pct"": 14.2}, {""score"": ""0 - 2"", ""pct"": 13.639999999999999}, {""score"": ""1 - 2"", ""pct"": 9.520000000000001}]"
Czech Republic,Bosnia and Herzegovina,Neutral,1.807,0.893,59.2,23.1,17.8,59.5,7.8,8.7,16.3,3.3,4.2,76.1,23.9,"[{""score"": ""1 - 0"", ""pct"": 12.1}, {""score"": ""2 - 0"", ""pct"": 11.21}, {""score"": ""1 - 1"", ""pct"": 10.74}]"
Czech Republic,South Africa,Neutral,1.659,1.041,52.1,25.3,22.7,52.6,7.4,8.3,22.5,3.9,5.3,68.3,31.7,"[{""score"": ""1 - 1"", ""pct"": 11.450000000000001}, {""score"": ""1 - 0"", ""pct"": 11.379999999999999}, {""score"": ""2 - 1"", ""pct"": 9.89}]"
Czech Republic,Paraguay,Neutral,0.968,1.732,20.2,24.4,55.4,19.4,4.0,4.7,54.8,8.1,9.0,28.1,71.9,"[{""score"": ""0 - 1"", ""pct"": 12.740000000000002}, {""score"": ""1 - 1"", ""pct"": 11.08}, {""score"": ""1 - 2"", ""pct"": 9.69}]"
Czech Republic,Belgium,Neutral,0.935,1.765,18.9,24.7,56.4,18.4,3.7,4.4,57.6,7.5,8.3,26.5,73.5,"[{""score"": ""0 - 1"", ""pct"": 11.98}, {""score"": ""1 - 1"", ""pct"": 11.08}, {""score"": ""0 - 2"", ""pct"": 10.2}]"
Czech Republic,Norway,Neutral,0.904,1.796,17.2,24.2,58.6,18.0,3.4,4.6,58.0,7.3,8.7,26.1,73.9,"[{""score"": ""0 - 1"", ""pct"": 12.72}, {""score"": ""1 - 1"", ""pct"": 11.06}, {""score"": ""0 - 2"", ""pct"": 10.56}]"
Czech Republic,Algeria,Neutral,0.996,1.704,21.2,25.1,53.7,21.0,4.0,5.5,54.5,7.0,8.1,30.5,69.5,"[{""score"": ""0 - 1"", ""pct"": 11.49}, {""score"": ""1 - 1"", ""pct"": 11.28}, {""score"": ""1 - 2"", ""pct"": 9.85}]"
Croatia,Ivory Coast,Neutral,1.74,0.96,56.4,24.4,19.2,55.8,7.5,8.7,19.4,3.6,5.0,72.0,28.1,"[{""score"": ""1 - 0"", ""pct"": 12.32}, {""score"": ""1 - 1"", ""pct"": 11.48}, {""score"": ""2 - 0"", ""pct"": 9.93}]"
Croatia,Uzbekistan,Neutral,1.565,1.135,46.8,25.7,27.6,46.9,7.3,8.1,27.0,4.7,5.9,62.4,37.6,"[{""score"": ""1 - 1"", ""pct"": 11.59}, {""score"": ""1 - 0"", ""pct"": 11.09}, {""score"": ""2 - 1"", ""pct"": 9.43}]"
Croatia,Qatar,Neutral,2.194,0.506,77.3,16.8,5.9,77.0,6.8,7.1,6.1,1.3,1.8,90.9,9.1,"[{""score"": ""2 - 0"", ""pct"": 16.61}, {""score"": ""1 - 0"", ""pct"": 14.74}, {""score"": ""3 - 0"", ""pct"": 11.67}]"
Croatia,Panama,Neutral,1.593,1.107,48.5,25.7,25.8,47.1,7.3,8.5,25.9,4.7,6.4,62.9,37.0,"[{""score"": ""1 - 1"", ""pct"": 11.52}, {""score"": ""1 - 0"", ""pct"": 10.86}, {""score"": ""2 - 1"", ""pct"": 9.19}]"
Croatia,Saudi Arabia,Neutral,1.963,0.737,67.0,20.9,12.1,67.0,7.6,8.4,11.8,2.2,3.0,83.1,16.9,"[{""score"": ""1 - 0"", ""pct"": 14.31}, {""score"": ""2 - 0"", ""pct"": 12.790000000000001}, {""score"": ""1 - 1"", ""pct"": 9.19}]"
Croatia,Tunisia,Neutral,1.895,0.805,63.1,22.9,14.0,63.1,7.3,8.6,14.7,2.8,3.5,79.0,21.0,"[{""score"": ""1 - 0"", ""pct"": 13.61}, {""score"": ""2 - 0"", ""pct"": 11.799999999999999}, {""score"": ""1 - 1"", ""pct"": 10.209999999999999}]"
Croatia,Austria,Neutral,1.678,1.022,53.4,25.5,21.1,52.5,7.1,8.4,22.4,4.2,5.4,68.0,32.0,"[{""score"": ""1 - 0"", ""pct"": 12.19}, {""score"": ""1 - 1"", ""pct"": 11.469999999999999}, {""score"": ""2 - 1"", ""pct"": 9.700000000000001}]"
Croatia,Senegal,Neutral,1.444,1.256,41.0,27.1,31.9,40.3,6.5,8.4,31.9,6.0,6.8,55.2,44.8,"[{""score"": ""1 - 1"", ""pct"": 12.32}, {""score"": ""1 - 0"", ""pct"": 9.9}, {""score"": ""2 - 1"", ""pct"": 9.04}]"
Croatia,Netherlands,Neutral,1.28,1.42,33.3,27.0,39.7,32.6,5.5,7.8,40.1,6.0,8.1,45.9,54.1,"[{""score"": ""1 - 1"", ""pct"": 12.49}, {""score"": ""0 - 1"", ""pct"": 9.790000000000001}, {""score"": ""1 - 2"", ""pct"": 8.92}]"
Croatia,Colombia,Neutral,1.063,1.637,24.2,25.4,50.4,23.7,4.4,5.3,50.7,7.8,8.0,33.5,66.6,"[{""score"": ""1 - 1"", ""pct"": 11.62}, {""score"": ""0 - 1"", ""pct"": 11.35}, {""score"": ""1 - 2"", ""pct"": 9.22}]"
Croatia,South Korea,Neutral,1.45,1.25,41.7,27.1,31.3,40.9,6.5,7.9,32.1,5.5,7.1,55.3,44.7,"[{""score"": ""1 - 1"", ""pct"": 12.45}, {""score"": ""1 - 0"", ""pct"": 9.99}, {""score"": ""2 - 1"", ""pct"": 8.870000000000001}]"
Croatia,Switzerland,Neutral,1.475,1.225,42.0,27.1,30.9,41.9,6.7,8.4,30.4,5.6,6.9,57.1,42.9,"[{""score"": ""1 - 1"", ""pct"": 11.93}, {""score"": ""1 - 0"", ""pct"": 9.520000000000001}, {""score"": ""2 - 1"", ""pct"": 8.88}]"
Croatia,Australia,Neutral,1.368,1.332,38.1,26.5,35.4,37.0,6.0,8.2,35.0,6.2,7.6,51.2,48.8,"[{""score"": ""1 - 1"", ""pct"": 12.479999999999999}, {""score"": ""1 - 0"", ""pct"": 9.68}, {""score"": ""2 - 1"", ""pct"": 8.82}]"
Croatia,France,Neutral,0.928,1.772,18.8,24.3,56.9,18.7,3.7,4.6,56.7,8.0,8.2,27.0,73.0,"[{""score"": ""0 - 1"", ""pct"": 12.53}, {""score"": ""1 - 1"", ""pct"": 11.19}, {""score"": ""1 - 2"", ""pct"": 10.25}]"
Croatia,Morocco,Neutral,1.166,1.534,28.5,26.5,45.0,28.3,4.8,6.3,45.6,7.1,8.0,39.3,60.7,"[{""score"": ""1 - 1"", ""pct"": 11.41}, {""score"": ""0 - 1"", ""pct"": 10.83}, {""score"": ""1 - 2"", ""pct"": 9.120000000000001}]"
Croatia,Argentina,Neutral,0.724,1.976,11.3,21.7,67.0,12.0,2.1,3.3,67.4,7.2,8.0,17.4,82.6,"[{""score"": ""0 - 1"", ""pct"": 13.750000000000002}, {""score"": ""0 - 2"", ""pct"": 12.67}, {""score"": ""1 - 1"", ""pct"": 9.879999999999999}]"
Croatia,DR Congo,Neutral,1.824,0.876,59.7,23.0,17.3,60.0,7.8,8.2,16.8,3.0,4.2,76.0,24.0,"[{""score"": ""1 - 0"", ""pct"": 13.059999999999999}, {""score"": ""2 - 0"", ""pct"": 10.63}, {""score"": ""1 - 1"", ""pct"": 10.100000000000001}]"
Croatia,Iraq,Neutral,1.87,0.83,63.1,22.6,14.3,62.7,7.5,8.2,15.0,2.8,3.9,78.4,21.6,"[{""score"": ""1 - 0"", ""pct"": 13.950000000000001}, {""score"": ""2 - 0"", ""pct"": 12.11}, {""score"": ""1 - 1"", ""pct"": 9.959999999999999}]"
Croatia,Mexico,Neutral,1.25,1.45,31.8,26.7,41.5,31.8,5.6,6.8,41.2,6.6,8.0,44.2,55.8,"[{""score"": ""1 - 1"", ""pct"": 11.67}, {""score"": ""0 - 1"", ""pct"": 9.44}, {""score"": ""1 - 2"", ""pct"": 8.77}]"
Croatia,Cape Verde,Neutral,2.105,0.595,73.4,18.5,8.1,73.2,7.1,7.6,8.2,1.7,2.2,87.9,12.1,"[{""score"": ""2 - 0"", ""pct"": 15.160000000000002}, {""score"": ""1 - 0"", ""pct"": 14.74}, {""score"": ""3 - 0"", ""pct"": 9.82}]"
Croatia,Canada,Neutral,1.514,1.186,44.1,27.2,28.7,44.5,6.8,7.7,29.4,5.0,6.6,59.0,41.0,"[{""score"": ""1 - 1"", ""pct"": 12.27}, {""score"": ""1 - 0"", ""pct"": 10.299999999999999}, {""score"": ""2 - 1"", ""pct"": 9.45}]"
Croatia,Egypt,Neutral,1.798,0.902,58.5,24.2,17.3,58.4,7.6,8.9,17.6,3.4,4.2,74.8,25.2,"[{""score"": ""1 - 0"", ""pct"": 12.9}, {""score"": ""1 - 1"", ""pct"": 11.49}, {""score"": ""2 - 0"", ""pct"": 10.37}]"
Croatia,Spain,Neutral,0.735,1.965,12.3,22.3,65.4,12.8,2.5,3.2,65.5,7.7,8.2,18.5,81.5,"[{""score"": ""0 - 1"", ""pct"": 12.790000000000001}, {""score"": ""0 - 2"", ""pct"": 12.55}, {""score"": ""1 - 1"", ""pct"": 9.69}]"
Croatia,Portugal,Neutral,1.117,1.583,25.9,26.2,47.8,26.3,4.7,5.9,47.9,6.8,8.3,37.0,63.1,"[{""score"": ""1 - 1"", ""pct"": 11.17}, {""score"": ""0 - 1"", ""pct"": 11.16}, {""score"": ""1 - 2"", ""pct"": 9.44}]"
Croatia,Turkey,Neutral,1.423,1.277,39.4,27.1,33.6,40.2,6.9,7.2,33.2,5.5,7.0,54.3,45.7,"[{""score"": ""1 - 1"", ""pct"": 12.049999999999999}, {""score"": ""1 - 0"", ""pct"": 9.2}, {""score"": ""0 - 1"", ""pct"": 8.85}]"
Croatia,New Zealand,Neutral,1.949,0.751,65.8,21.7,12.5,66.0,7.6,8.3,12.3,2.5,3.3,81.9,18.1,"[{""score"": ""1 - 0"", ""pct"": 13.61}, {""score"": ""2 - 0"", ""pct"": 12.540000000000001}, {""score"": ""1 - 1"", ""pct"": 9.78}]"
Croatia,England,Neutral,1.005,1.695,21.5,25.3,53.2,22.1,4.0,5.5,53.3,7.2,8.0,31.5,68.5,"[{""score"": ""0 - 1"", ""pct"": 12.15}, {""score"": ""1 - 1"", ""pct"": 11.61}, {""score"": ""1 - 2"", ""pct"": 9.45}]"
Croatia,Haiti,Neutral,1.912,0.788,63.9,22.2,13.9,64.3,7.5,8.2,13.7,2.8,3.5,80.1,19.9,"[{""score"": ""1 - 0"", ""pct"": 13.0}, {""score"": ""2 - 0"", ""pct"": 12.47}, {""score"": ""2 - 1"", ""pct"": 10.14}]"
Croatia,Scotland,Neutral,1.739,0.961,56.2,24.3,19.5,55.3,7.3,8.8,20.2,3.9,4.5,71.3,28.7,"[{""score"": ""1 - 0"", ""pct"": 11.99}, {""score"": ""1 - 1"", ""pct"": 10.92}, {""score"": ""2 - 1"", ""pct"": 9.99}]"
Croatia,Germany,Neutral,1.3,1.4,33.9,26.7,39.4,34.0,5.7,7.1,38.9,6.6,7.7,46.8,53.2,"[{""score"": ""1 - 1"", ""pct"": 12.31}, {""score"": ""0 - 1"", ""pct"": 10.0}, {""score"": ""1 - 2"", ""pct"": 8.94}]"
Croatia,Japan,Neutral,1.157,1.543,27.8,27.0,45.2,26.9,4.8,6.2,45.8,7.5,8.8,37.8,62.2,"[{""score"": ""1 - 1"", ""pct"": 12.1}, {""score"": ""0 - 1"", ""pct"": 10.71}, {""score"": ""1 - 2"", ""pct"": 9.07}]"
Croatia,Curaçao,Neutral,2.128,0.572,74.2,18.0,7.8,74.2,7.2,7.6,7.8,1.4,1.8,89.0,11.0,"[{""score"": ""2 - 0"", ""pct"": 15.379999999999999}, {""score"": ""1 - 0"", ""pct"": 14.89}, {""score"": ""3 - 0"", ""pct"": 9.950000000000001}]"
Croatia,Uruguay,Neutral,1.271,1.429,33.6,27.2,39.2,32.3,5.8,6.8,40.6,6.5,8.1,44.8,55.2,"[{""score"": ""1 - 1"", ""pct"": 12.33}, {""score"": ""0 - 1"", ""pct"": 9.4}, {""score"": ""1 - 0"", ""pct"": 8.58}]"
Croatia,Sweden,Neutral,1.971,0.729,66.1,21.7,12.2,67.3,7.0,8.1,12.0,2.6,3.0,82.4,17.7,"[{""score"": ""1 - 0"", ""pct"": 13.51}, {""score"": ""2 - 0"", ""pct"": 12.7}, {""score"": ""2 - 1"", ""pct"": 9.45}]"
Croatia,Iran,Neutral,1.408,1.292,38.6,27.5,33.8,39.6,6.3,7.7,33.0,5.9,7.4,53.6,46.4,"[{""score"": ""1 - 1"", ""pct"": 12.46}, {""score"": ""1 - 0"", ""pct"": 9.790000000000001}, {""score"": ""0 - 1"", ""pct"": 8.469999999999999}]"
Croatia,United States,Neutral,1.668,1.032,52.7,26.2,21.1,51.4,7.8,8.6,22.8,4.0,5.2,67.9,32.1,"[{""score"": ""1 - 1"", ""pct"": 12.139999999999999}, {""score"": ""1 - 0"", ""pct"": 11.59}, {""score"": ""2 - 1"", ""pct"": 9.78}]"
Croatia,Jordan,Neutral,1.714,0.986,54.9,25.0,20.1,54.6,8.1,8.2,20.1,4.3,4.7,70.9,29.1,"[{""score"": ""1 - 0"", ""pct"": 12.34}, {""score"": ""1 - 1"", ""pct"": 11.04}, {""score"": ""2 - 1"", ""pct"": 9.64}]"
Croatia,Ghana,Neutral,2.11,0.59,74.1,17.8,8.2,73.3,7.2,7.8,7.8,1.7,2.2,88.2,11.7,"[{""score"": ""1 - 0"", ""pct"": 15.17}, {""score"": ""2 - 0"", ""pct"": 14.729999999999999}, {""score"": ""3 - 0"", ""pct"": 9.89}]"
Croatia,Czech Republic,Neutral,1.838,0.862,60.6,23.2,16.2,60.6,7.5,8.8,16.0,2.8,4.2,76.9,23.1,"[{""score"": ""1 - 0"", ""pct"": 12.58}, {""score"": ""2 - 0"", ""pct"": 11.19}, {""score"": ""1 - 1"", ""pct"": 10.43}]"
Croatia,Ecuador,Neutral,1.165,1.535,27.9,26.2,46.0,27.1,5.0,5.8,46.7,7.3,8.2,37.9,62.1,"[{""score"": ""1 - 1"", ""pct"": 12.53}, {""score"": ""0 - 1"", ""pct"": 10.780000000000001}, {""score"": ""1 - 2"", ""pct"": 9.42}]"
Croatia,Brazil,Neutral,1.071,1.629,23.0,25.9,51.1,24.0,4.1,5.6,50.4,7.1,8.8,33.7,66.3,"[{""score"": ""1 - 1"", ""pct"": 11.88}, {""score"": ""0 - 1"", ""pct"": 11.43}, {""score"": ""1 - 2"", ""pct"": 9.49}]"
Croatia,Bosnia and Herzegovina,Neutral,2.148,0.552,74.6,17.9,7.5,74.7,7.2,7.4,7.4,1.3,2.0,89.3,10.7,"[{""score"": ""2 - 0"", ""pct"": 15.49}, {""score"": ""1 - 0"", ""pct"": 15.120000000000001}, {""score"": ""3 - 0"", ""pct"": 10.26}]"
Croatia,South Africa,Neutral,2.059,0.641,70.3,19.9,9.8,71.9,7.0,7.7,9.5,1.8,2.2,86.5,13.5,"[{""score"": ""2 - 0"", ""pct"": 14.42}, {""score"": ""1 - 0"", ""pct"": 14.149999999999999}, {""score"": ""2 - 1"", ""pct"": 9.32}]"
Croatia,Paraguay,Neutral,1.476,1.224,43.1,26.4,30.5,43.4,7.1,7.9,29.6,5.4,6.7,58.4,41.6,"[{""score"": ""1 - 1"", ""pct"": 11.82}, {""score"": ""1 - 0"", ""pct"": 9.94}, {""score"": ""2 - 1"", ""pct"": 9.48}]"
Croatia,Belgium,Neutral,1.438,1.262,39.6,27.6,32.8,40.8,6.4,8.1,31.9,5.7,7.1,55.3,44.7,"[{""score"": ""1 - 1"", ""pct"": 12.31}, {""score"": ""1 - 0"", ""pct"": 9.64}, {""score"": ""0 - 1"", ""pct"": 8.72}]"
Croatia,Norway,Neutral,1.402,1.298,37.9,27.9,34.2,38.8,5.9,7.2,35.2,5.7,7.2,51.9,48.1,"[{""score"": ""1 - 1"", ""pct"": 12.9}, {""score"": ""1 - 0"", ""pct"": 9.28}, {""score"": ""0 - 1"", ""pct"": 8.76}]"
Croatia,Algeria,Neutral,1.507,1.193,43.6,26.8,29.6,44.0,7.1,8.7,28.5,5.1,6.5,59.9,40.1,"[{""score"": ""1 - 1"", ""pct"": 12.280000000000001}, {""score"": ""1 - 0"", ""pct"": 11.23}, {""score"": ""2 - 1"", ""pct"": 8.97}]"
Ecuador,Ivory Coast,Neutral,1.892,0.808,62.6,23.0,14.5,63.5,7.3,8.5,14.2,2.7,3.8,79.3,20.7,"[{""score"": ""1 - 0"", ""pct"": 13.13}, {""score"": ""2 - 0"", ""pct"": 12.08}, {""score"": ""1 - 1"", ""pct"": 10.14}]"
Ecuador,Uzbekistan,Neutral,1.737,0.963,55.3,24.7,19.9,55.5,7.6,8.8,19.7,3.6,4.8,72.0,28.1,"[{""score"": ""1 - 0"", ""pct"": 12.27}, {""score"": ""1 - 1"", ""pct"": 11.19}, {""score"": ""2 - 0"", ""pct"": 10.23}]"
Ecuador,Qatar,Neutral,2.261,0.439,79.1,16.0,4.9,80.4,6.2,6.6,4.5,0.9,1.4,93.2,6.8,"[{""score"": ""2 - 0"", ""pct"": 17.07}, {""score"": ""1 - 0"", ""pct"": 15.909999999999998}, {""score"": ""3 - 0"", ""pct"": 12.3}]"
Ecuador,Panama,Neutral,1.762,0.938,57.5,24.4,18.0,56.2,7.6,9.1,18.6,3.7,4.8,72.9,27.1,"[{""score"": ""1 - 0"", ""pct"": 12.08}, {""score"": ""2 - 0"", ""pct"": 11.05}, {""score"": ""1 - 1"", ""pct"": 10.879999999999999}]"
Ecuador,Saudi Arabia,Neutral,2.08,0.62,72.1,19.0,8.9,72.2,7.1,7.4,9.3,1.8,2.2,86.7,13.3,"[{""score"": ""1 - 0"", ""pct"": 14.95}, {""score"": ""2 - 0"", ""pct"": 14.62}, {""score"": ""3 - 0"", ""pct"": 9.379999999999999}]"
Ecuador,Tunisia,Neutral,2.024,0.676,69.9,19.6,10.5,68.9,7.4,8.7,10.3,2.1,2.6,85.0,15.0,"[{""score"": ""2 - 0"", ""pct"": 13.59}, {""score"": ""1 - 0"", ""pct"": 13.569999999999999}, {""score"": ""2 - 1"", ""pct"": 10.059999999999999}]"
Ecuador,Austria,Neutral,1.838,0.862,60.3,23.7,16.0,61.1,7.3,8.4,16.4,3.2,3.6,76.8,23.2,"[{""score"": ""1 - 0"", ""pct"": 12.83}, {""score"": ""2 - 0"", ""pct"": 11.23}, {""score"": ""1 - 1"", ""pct"": 10.8}]"
Ecuador,Senegal,Neutral,1.625,1.075,49.7,25.7,24.6,49.7,7.5,8.4,24.3,4.4,5.6,65.7,34.3,"[{""score"": ""1 - 1"", ""pct"": 12.06}, {""score"": ""1 - 0"", ""pct"": 11.23}, {""score"": ""2 - 1"", ""pct"": 9.520000000000001}]"
Ecuador,Netherlands,Neutral,1.466,1.234,42.6,26.6,30.9,41.9,6.4,8.0,31.1,5.7,6.9,56.3,43.7,"[{""score"": ""1 - 1"", ""pct"": 12.1}, {""score"": ""1 - 0"", ""pct"": 10.290000000000001}, {""score"": ""2 - 1"", ""pct"": 8.85}]"
Ecuador,Colombia,Neutral,1.243,1.457,31.7,27.2,41.1,32.0,5.5,6.7,41.0,6.6,8.3,44.1,55.9,"[{""score"": ""1 - 1"", ""pct"": 12.02}, {""score"": ""0 - 1"", ""pct"": 10.0}, {""score"": ""1 - 0"", ""pct"": 8.68}]"
Ecuador,South Korea,Neutral,1.63,1.07,50.2,26.1,23.8,50.8,7.3,8.7,23.2,4.4,5.6,66.8,33.2,"[{""score"": ""1 - 1"", ""pct"": 11.84}, {""score"": ""1 - 0"", ""pct"": 11.82}, {""score"": ""2 - 1"", ""pct"": 9.58}]"
Ecuador,Switzerland,Neutral,1.654,1.046,51.2,26.5,22.3,51.5,7.4,8.3,22.9,4.7,5.3,67.2,32.8,"[{""score"": ""1 - 1"", ""pct"": 12.19}, {""score"": ""1 - 0"", ""pct"": 11.27}, {""score"": ""2 - 1"", ""pct"": 10.2}]"
Ecuador,Australia,Neutral,1.552,1.148,46.3,27.2,26.5,46.3,7.2,8.6,26.7,4.6,6.6,62.1,37.9,"[{""score"": ""1 - 1"", ""pct"": 12.43}, {""score"": ""1 - 0"", ""pct"": 10.549999999999999}, {""score"": ""2 - 1"", ""pct"": 9.379999999999999}]"
Ecuador,France,Neutral,1.096,1.604,24.6,25.3,50.1,25.2,4.6,6.1,48.3,7.4,8.4,35.9,64.1,"[{""score"": ""1 - 1"", ""pct"": 11.52}, {""score"": ""0 - 1"", ""pct"": 11.33}, {""score"": ""1 - 2"", ""pct"": 10.14}]"
Ecuador,Morocco,Neutral,1.35,1.35,36.1,27.3,36.6,36.1,5.9,7.7,37.0,6.0,7.3,49.7,50.3,"[{""score"": ""1 - 1"", ""pct"": 12.32}, {""score"": ""0 - 1"", ""pct"": 9.180000000000001}, {""score"": ""1 - 0"", ""pct"": 8.93}]"
Ecuador,Argentina,Neutral,0.862,1.838,15.9,24.0,60.2,15.7,3.1,4.1,61.1,7.5,8.5,22.9,77.1,"[{""score"": ""0 - 1"", ""pct"": 12.34}, {""score"": ""0 - 2"", ""pct"": 11.14}, {""score"": ""1 - 1"", ""pct"": 10.7}]"
Ecuador,DR Congo,Neutral,1.964,0.736,65.5,22.0,12.5,67.3,7.4,8.4,11.8,2.5,2.6,83.1,16.9,"[{""score"": ""1 - 0"", ""pct"": 13.4}, {""score"": ""2 - 0"", ""pct"": 12.920000000000002}, {""score"": ""1 - 1"", ""pct"": 9.629999999999999}]"
Ecuador,Iraq,Neutral,2.003,0.697,68.8,20.2,11.0,68.2,7.3,8.3,11.1,2.0,3.0,83.8,16.2,"[{""score"": ""1 - 0"", ""pct"": 14.05}, {""score"": ""2 - 0"", ""pct"": 13.320000000000002}, {""score"": ""2 - 1"", ""pct"": 9.959999999999999}]"
Ecuador,Mexico,Neutral,1.436,1.264,40.4,26.8,32.8,40.8,6.7,8.1,31.9,5.3,7.2,55.6,44.4,"[{""score"": ""1 - 1"", ""pct"": 12.27}, {""score"": ""1 - 0"", ""pct"": 10.37}, {""score"": ""0 - 1"", ""pct"": 8.7}]"
Ecuador,Cape Verde,Neutral,2.193,0.507,77.2,16.8,6.0,76.2,7.0,7.2,6.4,1.4,1.8,90.4,9.6,"[{""score"": ""2 - 0"", ""pct"": 15.6}, {""score"": ""1 - 0"", ""pct"": 15.540000000000001}, {""score"": ""3 - 0"", ""pct"": 11.76}]"
Ecuador,Canada,Neutral,1.69,1.01,52.7,25.3,22.0,53.2,7.1,9.1,21.2,4.0,5.3,69.5,30.5,"[{""score"": ""1 - 0"", ""pct"": 11.709999999999999}, {""score"": ""1 - 1"", ""pct"": 11.52}, {""score"": ""2 - 1"", ""pct"": 9.54}]"
Ecuador,Egypt,Neutral,1.942,0.758,65.2,22.0,12.8,65.7,7.4,8.6,12.6,2.4,3.4,81.7,18.3,"[{""score"": ""1 - 0"", ""pct"": 13.73}, {""score"": ""2 - 0"", ""pct"": 12.540000000000001}, {""score"": ""1 - 1"", ""pct"": 9.73}]"
Ecuador,Spain,Neutral,0.875,1.825,16.4,23.7,59.9,16.5,3.2,4.1,60.5,7.5,8.3,23.8,76.2,"[{""score"": ""0 - 1"", ""pct"": 13.020000000000001}, {""score"": ""0 - 2"", ""pct"": 10.7}, {""score"": ""1 - 1"", ""pct"": 10.68}]"
Ecuador,Portugal,Neutral,1.3,1.4,34.2,27.0,38.8,34.5,5.9,7.3,38.5,6.6,7.3,47.7,52.3,"[{""score"": ""1 - 1"", ""pct"": 12.709999999999999}, {""score"": ""0 - 1"", ""pct"": 9.55}, {""score"": ""1 - 0"", ""pct"": 8.89}]"
Ecuador,Turkey,Neutral,1.605,1.095,48.6,25.4,26.0,49.8,7.1,8.6,24.6,4.5,5.5,65.4,34.6,"[{""score"": ""1 - 1"", ""pct"": 12.11}, {""score"": ""1 - 0"", ""pct"": 10.89}, {""score"": ""2 - 1"", ""pct"": 9.45}]"
Ecuador,New Zealand,Neutral,2.068,0.632,71.8,19.0,9.2,71.3,7.4,8.1,9.0,1.9,2.4,86.7,13.3,"[{""score"": ""2 - 0"", ""pct"": 14.57}, {""score"": ""1 - 0"", ""pct"": 14.01}, {""score"": ""3 - 0"", ""pct"": 9.56}]"
Ecuador,England,Neutral,1.181,1.519,29.2,26.1,44.7,28.0,5.7,6.4,44.5,7.2,8.1,40.2,59.8,"[{""score"": ""1 - 1"", ""pct"": 11.98}, {""score"": ""0 - 1"", ""pct"": 9.65}, {""score"": ""1 - 2"", ""pct"": 9.04}]"
Ecuador,Haiti,Neutral,2.038,0.662,70.2,19.4,10.4,70.2,7.3,7.8,10.1,2.0,2.6,85.3,14.7,"[{""score"": ""2 - 0"", ""pct"": 14.23}, {""score"": ""1 - 0"", ""pct"": 13.59}, {""score"": ""2 - 1"", ""pct"": 9.49}]"
Ecuador,Scotland,Neutral,1.891,0.809,62.8,23.1,14.1,63.0,7.4,9.1,14.2,2.5,3.7,79.5,20.5,"[{""score"": ""1 - 0"", ""pct"": 12.9}, {""score"": ""2 - 0"", ""pct"": 11.86}, {""score"": ""1 - 1"", ""pct"": 10.22}]"
Ecuador,Germany,Neutral,1.486,1.214,43.0,27.1,29.9,43.3,6.4,8.2,30.6,5.0,6.5,57.8,42.2,"[{""score"": ""1 - 1"", ""pct"": 11.91}, {""score"": ""1 - 0"", ""pct"": 10.03}, {""score"": ""2 - 1"", ""pct"": 8.94}]"
Ecuador,Japan,Neutral,1.342,1.358,36.5,26.3,37.1,35.6,5.6,7.6,37.2,6.7,7.2,48.8,51.2,"[{""score"": ""1 - 1"", ""pct"": 12.15}, {""score"": ""1 - 0"", ""pct"": 9.719999999999999}, {""score"": ""0 - 1"", ""pct"": 9.44}]"
Ecuador,Curaçao,Neutral,2.21,0.49,77.6,16.4,6.0,76.9,6.8,7.1,6.2,1.3,1.7,90.8,9.2,"[{""score"": ""2 - 0"", ""pct"": 15.809999999999999}, {""score"": ""1 - 0"", ""pct"": 15.17}, {""score"": ""3 - 0"", ""pct"": 11.66}]"
Ecuador,Uruguay,Neutral,1.457,1.243,41.3,27.4,31.3,42.0,6.3,7.8,31.1,5.8,7.1,56.0,44.0,"[{""score"": ""1 - 1"", ""pct"": 12.07}, {""score"": ""1 - 0"", ""pct"": 9.86}, {""score"": ""2 - 1"", ""pct"": 8.6}]"
Ecuador,Sweden,Neutral,2.086,0.614,72.2,19.0,8.8,72.7,7.4,7.8,8.5,1.4,2.2,87.9,12.1,"[{""score"": ""2 - 0"", ""pct"": 14.39}, {""score"": ""1 - 0"", ""pct"": 14.16}, {""score"": ""3 - 0"", ""pct"": 9.969999999999999}]"
Ecuador,Iran,Neutral,1.59,1.11,47.6,26.9,25.5,48.2,7.1,8.9,25.2,4.5,6.0,64.2,35.8,"[{""score"": ""1 - 1"", ""pct"": 12.19}, {""score"": ""1 - 0"", ""pct"": 10.66}, {""score"": ""2 - 1"", ""pct"": 9.790000000000001}]"
Ecuador,United States,Neutral,1.829,0.871,60.4,23.3,16.3,60.5,7.7,8.6,16.0,3.1,4.1,76.8,23.2,"[{""score"": ""1 - 0"", ""pct"": 12.33}, {""score"": ""2 - 0"", ""pct"": 11.129999999999999}, {""score"": ""1 - 1"", ""pct"": 10.42}]"
Ecuador,Jordan,Neutral,1.87,0.83,62.5,22.7,14.7,62.9,7.6,8.6,14.4,2.7,3.8,79.1,20.9,"[{""score"": ""1 - 0"", ""pct"": 12.91}, {""score"": ""2 - 0"", ""pct"": 11.35}, {""score"": ""1 - 1"", ""pct"": 10.2}]"
Ecuador,Ghana,Neutral,2.197,0.503,77.8,15.8,6.4,76.5,6.9,7.4,6.3,1.3,1.6,90.8,9.2,"[{""score"": ""2 - 0"", ""pct"": 16.02}, {""score"": ""1 - 0"", ""pct"": 15.4}, {""score"": ""3 - 0"", ""pct"": 11.67}]"
Ecuador,Czech Republic,Neutral,1.976,0.724,67.0,21.4,11.6,66.9,7.6,8.1,12.1,2.3,3.0,82.6,17.4,"[{""score"": ""1 - 0"", ""pct"": 13.700000000000001}, {""score"": ""2 - 0"", ""pct"": 12.870000000000001}, {""score"": ""1 - 1"", ""pct"": 9.35}]"
Ecuador,Croatia,Neutral,1.535,1.165,45.1,27.0,27.9,46.5,6.6,8.1,27.7,5.1,5.9,61.2,38.8,"[{""score"": ""1 - 1"", ""pct"": 12.11}, {""score"": ""1 - 0"", ""pct"": 10.42}, {""score"": ""2 - 1"", ""pct"": 9.28}]"
Ecuador,Brazil,Neutral,1.251,1.449,31.7,25.8,42.5,31.9,5.5,7.0,40.6,6.6,8.3,44.5,55.5,"[{""score"": ""1 - 1"", ""pct"": 11.92}, {""score"": ""0 - 1"", ""pct"": 10.42}, {""score"": ""1 - 2"", ""pct"": 9.11}]"
Ecuador,Bosnia and Herzegovina,Neutral,2.226,0.474,78.1,16.3,5.5,78.4,6.8,6.9,5.4,1.1,1.5,92.0,8.0,"[{""score"": ""2 - 0"", ""pct"": 16.830000000000002}, {""score"": ""1 - 0"", ""pct"": 15.35}, {""score"": ""3 - 0"", ""pct"": 12.139999999999999}]"
Ecuador,South Africa,Neutral,2.156,0.544,74.7,18.0,7.2,74.9,6.9,7.8,7.2,1.3,1.9,89.6,10.4,"[{""score"": ""2 - 0"", ""pct"": 15.14}, {""score"": ""1 - 0"", ""pct"": 14.52}, {""score"": ""3 - 0"", ""pct"": 10.93}]"
Ecuador,Paraguay,Neutral,1.654,1.046,51.4,25.8,22.8,51.9,7.5,8.4,22.8,3.9,5.5,67.8,32.2,"[{""score"": ""1 - 1"", ""pct"": 11.940000000000001}, {""score"": ""1 - 0"", ""pct"": 11.65}, {""score"": ""2 - 1"", ""pct"": 9.62}]"
Ecuador,Belgium,Neutral,1.619,1.081,49.0,26.8,24.2,49.3,6.8,8.8,25.2,4.2,5.7,64.9,35.1,"[{""score"": ""1 - 1"", ""pct"": 12.030000000000001}, {""score"": ""1 - 0"", ""pct"": 10.54}, {""score"": ""2 - 1"", ""pct"": 9.54}]"
Ecuador,Norway,Neutral,1.584,1.116,48.0,26.5,25.5,48.8,7.2,8.6,25.3,4.5,5.6,64.6,35.4,"[{""score"": ""1 - 1"", ""pct"": 12.49}, {""score"": ""1 - 0"", ""pct"": 11.04}, {""score"": ""2 - 1"", ""pct"": 9.07}]"
Ecuador,Algeria,Neutral,1.683,1.017,52.1,25.8,22.1,53.1,7.3,8.7,21.8,3.8,5.3,69.1,30.9,"[{""score"": ""1 - 1"", ""pct"": 11.55}, {""score"": ""1 - 0"", ""pct"": 11.53}, {""score"": ""2 - 1"", ""pct"": 9.68}]"
Brazil,Ivory Coast,Neutral,1.963,0.737,66.9,21.1,12.1,66.8,7.2,8.4,11.9,2.3,3.3,82.4,17.6,"[{""score"": ""1 - 0"", ""pct"": 13.320000000000002}, {""score"": ""2 - 0"", ""pct"": 13.16}, {""score"": ""2 - 1"", ""pct"": 9.76}]"
Brazil,Uzbekistan,Neutral,1.82,0.88,60.1,23.5,16.4,59.9,7.8,8.1,16.6,3.2,4.3,75.8,24.2,"[{""score"": ""1 - 0"", ""pct"": 13.04}, {""score"": ""1 - 1"", ""pct"": 10.63}, {""score"": ""2 - 0"", ""pct"": 10.459999999999999}]"
Brazil,Qatar,Neutral,2.29,0.41,81.8,14.2,4.0,80.7,6.4,6.2,4.7,0.8,1.3,93.3,6.7,"[{""score"": ""2 - 0"", ""pct"": 17.87}, {""score"": ""1 - 0"", ""pct"": 16.400000000000002}, {""score"": ""3 - 0"", ""pct"": 13.0}]"
Brazil,Panama,Neutral,1.844,0.856,61.0,24.0,15.0,60.9,7.8,8.5,16.0,3.2,3.7,77.1,22.9,"[{""score"": ""1 - 0"", ""pct"": 12.389999999999999}, {""score"": ""2 - 0"", ""pct"": 11.49}, {""score"": ""1 - 1"", ""pct"": 10.56}]"
Brazil,Saudi Arabia,Neutral,2.132,0.568,74.8,17.7,7.5,74.6,6.8,7.5,7.6,1.7,1.9,88.8,11.2,"[{""score"": ""2 - 0"", ""pct"": 15.120000000000001}, {""score"": ""1 - 0"", ""pct"": 14.540000000000001}, {""score"": ""3 - 0"", ""pct"": 10.5}]"
Brazil,Tunisia,Neutral,2.082,0.618,72.6,18.7,8.7,72.2,7.4,7.9,8.6,1.5,2.4,87.5,12.5,"[{""score"": ""2 - 0"", ""pct"": 14.7}, {""score"": ""1 - 0"", ""pct"": 14.09}, {""score"": ""2 - 1"", ""pct"": 9.75}]"
Brazil,Austria,Neutral,1.915,0.785,64.4,22.2,13.3,64.1,7.5,8.6,13.3,2.8,3.6,80.3,19.7,"[{""score"": ""1 - 0"", ""pct"": 13.71}, {""score"": ""2 - 0"", ""pct"": 11.51}, {""score"": ""2 - 1"", ""pct"": 9.92}]"
Brazil,Senegal,Neutral,1.715,0.985,53.8,25.1,21.1,54.2,7.3,8.4,20.8,4.3,5.0,69.8,30.1,"[{""score"": ""1 - 1"", ""pct"": 11.709999999999999}, {""score"": ""1 - 0"", ""pct"": 11.33}, {""score"": ""2 - 1"", ""pct"": 9.92}]"
Brazil,Netherlands,Neutral,1.563,1.137,47.2,26.4,26.4,46.9,7.0,8.5,27.0,4.7,5.9,62.4,37.6,"[{""score"": ""1 - 1"", ""pct"": 11.98}, {""score"": ""1 - 0"", ""pct"": 11.219999999999999}, {""score"": ""2 - 1"", ""pct"": 9.17}]"
Brazil,Colombia,Neutral,1.341,1.359,35.0,27.6,37.4,36.0,6.2,6.9,36.9,6.2,7.8,49.1,50.9,"[{""score"": ""1 - 1"", ""pct"": 13.03}, {""score"": ""0 - 1"", ""pct"": 9.520000000000001}, {""score"": ""1 - 0"", ""pct"": 9.139999999999999}]"
Brazil,South Korea,Neutral,1.72,0.98,54.4,25.7,19.8,55.4,7.9,8.3,19.6,3.6,5.1,71.6,28.4,"[{""score"": ""1 - 1"", ""pct"": 12.049999999999999}, {""score"": ""1 - 0"", ""pct"": 11.63}, {""score"": ""2 - 1"", ""pct"": 10.059999999999999}]"
Brazil,Switzerland,Neutral,1.743,0.957,56.3,24.5,19.3,57.0,7.9,8.1,18.9,3.6,4.5,73.0,27.0,"[{""score"": ""1 - 0"", ""pct"": 12.16}, {""score"": ""1 - 1"", ""pct"": 11.33}, {""score"": ""2 - 1"", ""pct"": 10.36}]"
Brazil,Australia,Neutral,1.646,1.054,51.8,24.8,23.4,51.2,7.0,8.6,23.1,4.2,5.8,66.9,33.1,"[{""score"": ""1 - 0"", ""pct"": 11.61}, {""score"": ""1 - 1"", ""pct"": 11.020000000000001}, {""score"": ""2 - 1"", ""pct"": 10.37}]"
Brazil,France,Neutral,1.191,1.509,28.7,27.2,44.1,30.1,4.6,6.3,44.3,6.7,8.0,41.0,59.0,"[{""score"": ""1 - 1"", ""pct"": 12.370000000000001}, {""score"": ""0 - 1"", ""pct"": 9.950000000000001}, {""score"": ""1 - 2"", ""pct"": 9.32}]"
Brazil,Morocco,Neutral,1.449,1.251,41.1,26.1,32.8,41.7,6.0,7.8,31.8,5.3,7.3,55.6,44.4,"[{""score"": ""1 - 1"", ""pct"": 11.37}, {""score"": ""1 - 0"", ""pct"": 10.07}, {""score"": ""2 - 1"", ""pct"": 9.42}]"
Brazil,Argentina,Neutral,0.945,1.755,19.0,24.2,56.8,18.9,3.6,4.9,56.2,7.6,8.7,27.4,72.6,"[{""score"": ""0 - 1"", ""pct"": 12.5}, {""score"": ""1 - 1"", ""pct"": 11.15}, {""score"": ""1 - 2"", ""pct"": 10.2}]"
Brazil,DR Congo,Neutral,2.029,0.671,69.5,20.6,9.9,69.1,7.4,8.2,11.0,1.7,2.6,84.6,15.4,"[{""score"": ""1 - 0"", ""pct"": 14.09}, {""score"": ""2 - 0"", ""pct"": 13.87}, {""score"": ""3 - 0"", ""pct"": 9.64}]"
Brazil,Iraq,Neutral,2.064,0.636,71.2,20.0,8.8,71.6,7.1,8.1,9.1,1.9,2.2,86.7,13.3,"[{""score"": ""1 - 0"", ""pct"": 14.23}, {""score"": ""2 - 0"", ""pct"": 13.87}, {""score"": ""3 - 0"", ""pct"": 9.950000000000001}]"
Brazil,Mexico,Neutral,1.533,1.167,45.6,25.5,28.9,45.8,6.9,8.0,28.0,5.2,6.2,60.7,39.3,"[{""score"": ""1 - 1"", ""pct"": 11.44}, {""score"": ""1 - 0"", ""pct"": 10.07}, {""score"": ""2 - 1"", ""pct"": 9.41}]"
Brazil,Cape Verde,Neutral,2.231,0.469,78.8,15.6,5.6,78.7,6.4,6.6,6.1,1.0,1.2,91.7,8.3,"[{""score"": ""2 - 0"", ""pct"": 16.54}, {""score"": ""1 - 0"", ""pct"": 15.8}, {""score"": ""3 - 0"", ""pct"": 12.26}]"
Brazil,Canada,Neutral,1.777,0.923,57.9,24.0,18.0,57.0,7.8,8.7,18.2,3.5,4.7,73.5,26.5,"[{""score"": ""1 - 0"", ""pct"": 12.53}, {""score"": ""1 - 1"", ""pct"": 10.67}, {""score"": ""2 - 1"", ""pct"": 10.36}]"
Brazil,Egypt,Neutral,2.009,0.691,68.6,20.3,11.1,68.7,7.2,8.4,10.7,2.2,2.9,84.2,15.8,"[{""score"": ""1 - 0"", ""pct"": 14.27}, {""score"": ""2 - 0"", ""pct"": 13.83}, {""score"": ""2 - 1"", ""pct"": 9.4}]"
Brazil,Spain,Neutral,0.959,1.741,19.4,24.4,56.2,19.1,3.8,4.9,56.1,7.5,8.5,27.9,72.1,"[{""score"": ""0 - 1"", ""pct"": 12.809999999999999}, {""score"": ""1 - 1"", ""pct"": 10.82}, {""score"": ""1 - 2"", ""pct"": 9.78}]"
Brazil,Portugal,Neutral,1.398,1.302,38.9,27.4,33.7,38.5,6.3,7.7,34.4,5.8,7.3,52.5,47.5,"[{""score"": ""1 - 1"", ""pct"": 12.7}, {""score"": ""1 - 0"", ""pct"": 10.02}, {""score"": ""0 - 1"", ""pct"": 9.04}]"
Brazil,Turkey,Neutral,1.696,1.004,53.5,25.2,21.2,53.7,7.3,8.3,21.4,4.1,5.1,69.3,30.7,"[{""score"": ""1 - 0"", ""pct"": 11.95}, {""score"": ""1 - 1"", ""pct"": 11.540000000000001}, {""score"": ""2 - 1"", ""pct"": 9.48}]"
Brazil,New Zealand,Neutral,2.121,0.579,74.6,18.1,7.3,74.3,7.1,7.8,7.4,1.6,1.8,89.2,10.8,"[{""score"": ""2 - 0"", ""pct"": 15.370000000000001}, {""score"": ""1 - 0"", ""pct"": 14.96}, {""score"": ""3 - 0"", ""pct"": 10.34}]"
Brazil,England,Neutral,1.279,1.421,33.5,27.0,39.4,32.9,5.6,7.1,39.6,6.8,8.0,45.5,54.5,"[{""score"": ""1 - 1"", ""pct"": 12.23}, {""score"": ""0 - 1"", ""pct"": 9.56}, {""score"": ""1 - 0"", ""pct"": 8.81}]"
Brazil,Haiti,Neutral,2.095,0.605,72.0,19.1,8.8,73.5,6.9,7.5,8.3,1.6,2.1,88.0,12.0,"[{""score"": ""1 - 0"", ""pct"": 14.979999999999999}, {""score"": ""2 - 0"", ""pct"": 14.21}, {""score"": ""3 - 0"", ""pct"": 9.74}]"
Brazil,Scotland,Neutral,1.963,0.737,65.8,21.5,12.7,66.6,7.5,8.0,12.1,2.6,3.3,82.1,17.9,"[{""score"": ""1 - 0"", ""pct"": 13.459999999999999}, {""score"": ""2 - 0"", ""pct"": 12.45}, {""score"": ""1 - 1"", ""pct"": 9.42}]"
Brazil,Germany,Neutral,1.582,1.118,47.2,26.4,26.4,47.4,7.2,8.8,25.8,4.9,5.9,63.4,36.6,"[{""score"": ""1 - 1"", ""pct"": 11.51}, {""score"": ""1 - 0"", ""pct"": 10.51}, {""score"": ""2 - 1"", ""pct"": 9.15}]"
Brazil,Japan,Neutral,1.44,1.26,41.5,26.6,32.0,40.6,6.3,7.4,33.1,5.6,7.0,54.3,45.7,"[{""score"": ""1 - 1"", ""pct"": 12.509999999999998}, {""score"": ""1 - 0"", ""pct"": 10.09}, {""score"": ""2 - 1"", ""pct"": 8.98}]"
Brazil,Curaçao,Neutral,2.246,0.454,79.4,15.5,5.1,78.9,6.6,6.7,5.4,1.0,1.3,92.2,7.8,"[{""score"": ""2 - 0"", ""pct"": 17.740000000000002}, {""score"": ""1 - 0"", ""pct"": 15.7}, {""score"": ""3 - 0"", ""pct"": 12.2}]"
Brazil,Uruguay,Neutral,1.554,1.146,46.6,26.5,26.9,47.0,7.2,8.3,27.0,4.5,6.1,62.4,37.6,"[{""score"": ""1 - 1"", ""pct"": 11.93}, {""score"": ""1 - 0"", ""pct"": 10.979999999999999}, {""score"": ""2 - 1"", ""pct"": 9.22}]"
Brazil,Sweden,Neutral,2.137,0.563,74.2,18.2,7.6,74.3,7.3,7.3,7.5,1.5,2.1,88.9,11.1,"[{""score"": ""2 - 0"", ""pct"": 15.840000000000002}, {""score"": ""1 - 0"", ""pct"": 14.93}, {""score"": ""3 - 0"", ""pct"": 10.0}]"
Brazil,Iran,Neutral,1.682,1.018,52.8,25.3,22.0,52.7,7.6,8.7,21.5,4.3,5.1,69.1,30.9,"[{""score"": ""1 - 0"", ""pct"": 11.799999999999999}, {""score"": ""1 - 1"", ""pct"": 11.26}, {""score"": ""2 - 1"", ""pct"": 9.65}]"
Brazil,United States,Neutral,1.906,0.794,63.7,23.0,13.4,64.1,7.7,8.7,13.4,2.6,3.5,80.5,19.4,"[{""score"": ""1 - 0"", ""pct"": 13.4}, {""score"": ""2 - 0"", ""pct"": 12.17}, {""score"": ""1 - 1"", ""pct"": 9.87}]"
Brazil,Jordan,Neutral,1.943,0.757,66.1,21.6,12.2,64.8,8.3,8.3,12.8,2.5,3.4,81.3,18.7,"[{""score"": ""1 - 0"", ""pct"": 13.08}, {""score"": ""2 - 0"", ""pct"": 13.020000000000001}, {""score"": ""2 - 1"", ""pct"": 9.92}]"
Brazil,Ghana,Neutral,2.234,0.466,78.9,15.9,5.2,78.8,6.8,6.9,5.0,1.1,1.5,92.5,7.5,"[{""score"": ""2 - 0"", ""pct"": 16.46}, {""score"": ""1 - 0"", ""pct"": 15.9}, {""score"": ""3 - 0"", ""pct"": 12.46}]"
Brazil,Czech Republic,Neutral,2.039,0.661,69.5,20.3,10.2,70.3,7.6,8.0,9.5,1.7,2.7,86.0,14.0,"[{""score"": ""2 - 0"", ""pct"": 13.900000000000002}, {""score"": ""1 - 0"", ""pct"": 13.79}, {""score"": ""2 - 1"", ""pct"": 9.569999999999999}]"
Brazil,Croatia,Neutral,1.629,1.071,50.0,25.7,24.3,50.8,7.4,7.9,23.5,4.0,6.4,66.1,33.9,"[{""score"": ""1 - 0"", ""pct"": 11.360000000000001}, {""score"": ""1 - 1"", ""pct"": 11.3}, {""score"": ""2 - 1"", ""pct"": 10.040000000000001}]"
Brazil,Ecuador,Neutral,1.449,1.251,42.0,26.5,31.5,40.0,6.6,8.6,32.5,5.5,6.7,55.2,44.8,"[{""score"": ""1 - 1"", ""pct"": 11.709999999999999}, {""score"": ""1 - 0"", ""pct"": 10.489999999999998}, {""score"": ""2 - 1"", ""pct"": 9.11}]"
Brazil,Bosnia and Herzegovina,Neutral,2.26,0.44,79.1,15.6,5.3,80.0,6.6,6.3,4.8,1.0,1.3,92.9,7.1,"[{""score"": ""2 - 0"", ""pct"": 17.06}, {""score"": ""1 - 0"", ""pct"": 15.5}, {""score"": ""3 - 0"", ""pct"": 12.509999999999998}]"
Brazil,South Africa,Neutral,2.199,0.501,78.0,15.8,6.2,77.2,5.9,7.3,6.6,1.4,1.7,90.3,9.7,"[{""score"": ""2 - 0"", ""pct"": 16.33}, {""score"": ""1 - 0"", ""pct"": 16.18}, {""score"": ""3 - 0"", ""pct"": 11.15}]"
Brazil,Paraguay,Neutral,1.743,0.957,55.0,25.1,19.9,56.2,7.3,9.1,19.0,3.8,4.7,72.6,27.4,"[{""score"": ""1 - 0"", ""pct"": 11.74}, {""score"": ""1 - 1"", ""pct"": 11.379999999999999}, {""score"": ""2 - 1"", ""pct"": 9.950000000000001}]"
Brazil,Belgium,Neutral,1.71,0.99,55.0,24.6,20.4,54.4,7.3,8.7,20.6,3.9,5.1,70.5,29.5,"[{""score"": ""1 - 0"", ""pct"": 12.06}, {""score"": ""1 - 1"", ""pct"": 11.66}, {""score"": ""2 - 1"", ""pct"": 10.040000000000001}]"
Brazil,Norway,Neutral,1.677,1.023,52.8,25.0,22.2,53.3,7.2,8.6,22.1,3.8,4.9,69.1,30.9,"[{""score"": ""1 - 0"", ""pct"": 11.62}, {""score"": ""1 - 1"", ""pct"": 11.44}, {""score"": ""2 - 1"", ""pct"": 9.53}]"
Brazil,Algeria,Neutral,1.77,0.93,57.2,24.2,18.6,56.4,7.8,9.0,18.4,3.6,4.8,73.1,26.8,"[{""score"": ""1 - 0"", ""pct"": 11.55}, {""score"": ""1 - 1"", ""pct"": 10.979999999999999}, {""score"": ""2 - 0"", ""pct"": 10.24}]"
Bosnia and Herzegovina,Ivory Coast,Neutral,0.8,1.9,13.5,22.1,64.5,13.7,2.7,3.4,64.2,7.3,8.7,19.8,80.2,"[{""score"": ""0 - 1"", ""pct"": 13.96}, {""score"": ""0 - 2"", ""pct"": 11.959999999999999}, {""score"": ""1 - 1"", ""pct"": 9.91}]"
Bosnia and Herzegovina,Uzbekistan,Neutral,0.671,2.029,10.0,20.4,69.6,10.6,2.1,2.8,69.1,7.4,8.1,15.4,84.6,"[{""score"": ""0 - 1"", ""pct"": 13.889999999999999}, {""score"": ""0 - 2"", ""pct"": 13.370000000000001}, {""score"": ""1 - 2"", ""pct"": 9.67}]"
Bosnia and Herzegovina,Qatar,Neutral,1.454,1.246,41.7,26.6,31.7,41.9,6.5,8.1,30.9,5.5,7.0,56.5,43.5,"[{""score"": ""1 - 1"", ""pct"": 12.6}, {""score"": ""1 - 0"", ""pct"": 10.09}, {""score"": ""2 - 1"", ""pct"": 9.17}]"
Bosnia and Herzegovina,Panama,Neutral,0.689,2.011,10.3,19.4,70.3,10.7,2.0,2.6,69.0,7.1,8.6,15.3,84.7,"[{""score"": ""0 - 2"", ""pct"": 13.79}, {""score"": ""0 - 1"", ""pct"": 13.74}, {""score"": ""1 - 2"", ""pct"": 9.700000000000001}]"
Bosnia and Herzegovina,Saudi Arabia,Neutral,1.04,1.66,22.6,25.0,52.4,23.6,4.3,5.4,50.8,7.0,9.0,33.3,66.7,"[{""score"": ""1 - 1"", ""pct"": 11.3}, {""score"": ""0 - 1"", ""pct"": 11.129999999999999}, {""score"": ""1 - 2"", ""pct"": 9.89}]"
Bosnia and Herzegovina,Tunisia,Neutral,0.955,1.745,20.1,24.7,55.2,19.4,3.5,4.6,56.2,7.6,8.6,27.6,72.4,"[{""score"": ""0 - 1"", ""pct"": 12.26}, {""score"": ""1 - 1"", ""pct"": 11.48}, {""score"": ""0 - 2"", ""pct"": 9.65}]"
Bosnia and Herzegovina,Austria,Neutral,0.751,1.949,12.6,21.3,66.1,13.2,2.4,2.9,66.0,7.5,8.0,18.5,81.5,"[{""score"": ""0 - 1"", ""pct"": 13.36}, {""score"": ""0 - 2"", ""pct"": 12.629999999999999}, {""score"": ""1 - 2"", ""pct"": 10.0}]"
Bosnia and Herzegovina,Senegal,Neutral,0.6,2.1,8.3,18.7,73.0,8.7,1.8,2.3,72.7,6.9,7.5,12.9,87.1,"[{""score"": ""0 - 1"", ""pct"": 14.729999999999999}, {""score"": ""0 - 2"", ""pct"": 14.549999999999999}, {""score"": ""0 - 3"", ""pct"": 10.05}]"
Bosnia and Herzegovina,Netherlands,Neutral,0.52,2.18,6.3,17.3,76.3,6.8,1.3,1.5,76.7,6.6,7.1,9.7,90.3,"[{""score"": ""0 - 2"", ""pct"": 16.32}, {""score"": ""0 - 1"", ""pct"": 15.39}, {""score"": ""0 - 3"", ""pct"": 11.0}]"
Bosnia and Herzegovina,Colombia,Neutral,0.438,2.262,4.5,14.9,80.6,4.9,1.1,1.3,80.0,6.2,6.6,7.2,92.8,"[{""score"": ""0 - 2"", ""pct"": 17.1}, {""score"": ""0 - 1"", ""pct"": 15.64}, {""score"": ""0 - 3"", ""pct"": 12.889999999999999}]"
Bosnia and Herzegovina,South Korea,Neutral,0.603,2.097,8.6,18.9,72.6,8.7,1.6,2.2,72.9,6.9,7.7,12.5,87.5,"[{""score"": ""0 - 1"", ""pct"": 15.370000000000001}, {""score"": ""0 - 2"", ""pct"": 13.719999999999999}, {""score"": ""0 - 3"", ""pct"": 9.36}]"
Bosnia and Herzegovina,Switzerland,Neutral,0.617,2.083,8.5,19.0,72.5,9.0,2.0,2.1,71.5,7.3,8.1,13.1,86.9,"[{""score"": ""0 - 2"", ""pct"": 15.010000000000002}, {""score"": ""0 - 1"", ""pct"": 15.0}, {""score"": ""0 - 3"", ""pct"": 9.719999999999999}]"
Bosnia and Herzegovina,Australia,Neutral,0.561,2.139,7.5,17.7,74.8,7.3,1.4,2.0,74.8,7.3,7.4,10.6,89.4,"[{""score"": ""0 - 2"", ""pct"": 15.89}, {""score"": ""0 - 1"", ""pct"": 14.63}, {""score"": ""0 - 3"", ""pct"": 10.54}]"
Bosnia and Herzegovina,France,Neutral,0.396,2.304,4.5,14.8,80.7,4.1,0.7,1.1,81.4,6.2,6.5,6.0,94.0,"[{""score"": ""0 - 2"", ""pct"": 18.52}, {""score"": ""0 - 1"", ""pct"": 15.790000000000001}, {""score"": ""0 - 3"", ""pct"": 13.200000000000001}]"
Bosnia and Herzegovina,Morocco,Neutral,0.474,2.226,5.7,15.2,79.0,5.5,1.0,1.6,78.6,6.3,6.9,8.2,91.8,"[{""score"": ""0 - 2"", ""pct"": 16.619999999999997}, {""score"": ""0 - 1"", ""pct"": 15.47}, {""score"": ""0 - 3"", ""pct"": 12.049999999999999}]"
Bosnia and Herzegovina,Argentina,Neutral,0.342,2.358,3.2,13.2,83.7,3.3,0.9,0.9,82.9,6.0,6.0,5.1,94.9,"[{""score"": ""0 - 2"", ""pct"": 19.009999999999998}, {""score"": ""0 - 1"", ""pct"": 16.470000000000002}, {""score"": ""0 - 3"", ""pct"": 14.66}]"
Bosnia and Herzegovina,DR Congo,Neutral,0.879,1.821,16.4,23.6,60.1,16.6,3.1,4.1,59.8,7.9,8.6,23.7,76.3,"[{""score"": ""0 - 1"", ""pct"": 13.22}, {""score"": ""0 - 2"", ""pct"": 10.99}, {""score"": ""1 - 1"", ""pct"": 10.43}]"
Bosnia and Herzegovina,Iraq,Neutral,0.928,1.772,17.8,24.6,57.6,18.6,3.7,4.6,57.4,7.3,8.5,26.8,73.2,"[{""score"": ""0 - 1"", ""pct"": 12.21}, {""score"": ""1 - 1"", ""pct"": 10.879999999999999}, {""score"": ""0 - 2"", ""pct"": 10.4}]"
Bosnia and Herzegovina,Mexico,Neutral,0.508,2.192,6.0,16.7,77.2,6.0,1.4,1.6,77.1,6.5,7.5,8.9,91.1,"[{""score"": ""0 - 2"", ""pct"": 15.790000000000001}, {""score"": ""0 - 1"", ""pct"": 15.24}, {""score"": ""0 - 3"", ""pct"": 11.62}]"
Bosnia and Herzegovina,Cape Verde,Neutral,1.265,1.435,32.7,27.6,39.6,33.0,6.0,7.1,39.7,6.4,7.8,46.1,53.9,"[{""score"": ""1 - 1"", ""pct"": 12.34}, {""score"": ""0 - 1"", ""pct"": 9.45}, {""score"": ""1 - 0"", ""pct"": 8.43}]"
Bosnia and Herzegovina,Canada,Neutral,0.639,2.061,9.5,19.4,71.1,9.3,1.9,2.6,71.3,7.1,7.7,13.8,86.2,"[{""score"": ""0 - 1"", ""pct"": 14.75}, {""score"": ""0 - 2"", ""pct"": 14.11}, {""score"": ""0 - 3"", ""pct"": 9.28}]"
Bosnia and Herzegovina,Egypt,Neutral,0.853,1.847,15.9,23.4,60.6,15.3,3.0,3.7,61.9,7.6,8.5,22.1,77.9,"[{""score"": ""0 - 1"", ""pct"": 12.920000000000002}, {""score"": ""0 - 2"", ""pct"": 11.33}, {""score"": ""1 - 1"", ""pct"": 10.639999999999999}]"
Bosnia and Herzegovina,Spain,Neutral,0.345,2.355,3.4,13.0,83.6,3.8,0.6,0.8,82.6,5.9,6.2,5.3,94.7,"[{""score"": ""0 - 2"", ""pct"": 19.28}, {""score"": ""0 - 1"", ""pct"": 15.909999999999998}, {""score"": ""0 - 3"", ""pct"": 14.16}]"
Bosnia and Herzegovina,Portugal,Neutral,0.456,2.244,5.2,15.9,79.0,4.9,0.9,1.2,79.8,6.1,7.1,7.0,93.0,"[{""score"": ""0 - 2"", ""pct"": 17.77}, {""score"": ""0 - 1"", ""pct"": 15.459999999999999}, {""score"": ""0 - 3"", ""pct"": 12.1}]"
Bosnia and Herzegovina,Turkey,Neutral,0.588,2.112,7.8,19.2,73.0,8.0,1.9,2.2,72.4,7.3,8.2,12.1,87.9,"[{""score"": ""0 - 1"", ""pct"": 15.15}, {""score"": ""0 - 2"", ""pct"": 14.77}, {""score"": ""0 - 3"", ""pct"": 10.38}]"
Bosnia and Herzegovina,New Zealand,Neutral,1.021,1.679,21.6,25.3,53.1,22.2,4.0,5.2,52.7,7.2,8.7,31.3,68.7,"[{""score"": ""0 - 1"", ""pct"": 11.48}, {""score"": ""1 - 1"", ""pct"": 11.17}, {""score"": ""1 - 2"", ""pct"": 10.05}]"
Bosnia and Herzegovina,England,Neutral,0.419,2.281,4.2,14.5,81.3,4.8,1.0,1.2,80.5,5.9,6.7,7.0,93.0,"[{""score"": ""0 - 2"", ""pct"": 17.43}, {""score"": ""0 - 1"", ""pct"": 15.840000000000002}, {""score"": ""0 - 3"", ""pct"": 13.309999999999999}]"
Bosnia and Herzegovina,Haiti,Neutral,0.975,1.725,20.4,24.6,55.0,19.8,3.8,4.8,55.5,7.4,8.8,28.3,71.7,"[{""score"": ""0 - 1"", ""pct"": 11.65}, {""score"": ""1 - 1"", ""pct"": 10.79}, {""score"": ""1 - 2"", ""pct"": 10.02}]"
Bosnia and Herzegovina,Scotland,Neutral,0.8,1.9,14.3,22.4,63.3,13.5,2.8,3.6,63.8,7.7,8.6,19.9,80.1,"[{""score"": ""0 - 1"", ""pct"": 13.08}, {""score"": ""0 - 2"", ""pct"": 11.899999999999999}, {""score"": ""1 - 1"", ""pct"": 10.24}]"
Bosnia and Herzegovina,Germany,Neutral,0.529,2.171,7.1,17.0,75.8,6.8,1.2,2.0,76.0,6.5,7.4,10.1,89.9,"[{""score"": ""0 - 2"", ""pct"": 15.809999999999999}, {""score"": ""0 - 1"", ""pct"": 15.36}, {""score"": ""0 - 3"", ""pct"": 10.870000000000001}]"
Bosnia and Herzegovina,Japan,Neutral,0.471,2.229,5.7,16.0,78.2,5.6,1.3,1.7,77.9,6.2,7.3,8.6,91.4,"[{""score"": ""0 - 2"", ""pct"": 16.009999999999998}, {""score"": ""0 - 1"", ""pct"": 15.55}, {""score"": ""0 - 3"", ""pct"": 12.6}]"
Bosnia and Herzegovina,Curaçao,Neutral,1.308,1.392,33.5,27.1,39.4,35.1,5.9,7.0,38.5,6.1,7.4,48.0,52.0,"[{""score"": ""1 - 1"", ""pct"": 12.25}, {""score"": ""0 - 1"", ""pct"": 9.98}, {""score"": ""1 - 0"", ""pct"": 8.99}]"
Bosnia and Herzegovina,Uruguay,Neutral,0.517,2.183,6.4,17.1,76.5,6.1,1.2,1.6,77.2,6.7,7.1,9.0,91.0,"[{""score"": ""0 - 2"", ""pct"": 15.75}, {""score"": ""0 - 1"", ""pct"": 15.629999999999999}, {""score"": ""0 - 3"", ""pct"": 11.27}]"
Bosnia and Herzegovina,Sweden,Neutral,1.05,1.65,23.4,25.9,50.7,23.3,4.3,5.6,51.0,7.2,8.6,33.2,66.8,"[{""score"": ""1 - 1"", ""pct"": 11.959999999999999}, {""score"": ""0 - 1"", ""pct"": 11.540000000000001}, {""score"": ""1 - 2"", ""pct"": 9.93}]"
Bosnia and Herzegovina,Iran,Neutral,0.581,2.119,7.8,18.2,74.0,7.6,1.3,2.2,74.3,7.2,7.3,11.2,88.8,"[{""score"": ""0 - 1"", ""pct"": 14.899999999999999}, {""score"": ""0 - 2"", ""pct"": 14.64}, {""score"": ""0 - 3"", ""pct"": 10.14}]"
Bosnia and Herzegovina,United States,Neutral,0.743,1.957,12.4,21.5,66.1,12.7,2.3,3.3,65.3,7.2,9.2,18.2,81.8,"[{""score"": ""0 - 1"", ""pct"": 13.200000000000001}, {""score"": ""0 - 2"", ""pct"": 12.58}, {""score"": ""1 - 2"", ""pct"": 9.81}]"
Bosnia and Herzegovina,Jordan,Neutral,0.779,1.921,13.4,21.5,65.2,13.3,2.8,3.5,64.4,7.4,8.6,19.6,80.4,"[{""score"": ""0 - 1"", ""pct"": 13.950000000000001}, {""score"": ""0 - 2"", ""pct"": 12.41}, {""score"": ""1 - 2"", ""pct"": 9.81}]"
Bosnia and Herzegovina,Ghana,Neutral,1.275,1.425,33.3,27.6,39.1,32.1,5.8,7.1,40.5,6.6,7.9,45.0,55.0,"[{""score"": ""1 - 1"", ""pct"": 12.53}, {""score"": ""0 - 1"", ""pct"": 9.81}, {""score"": ""1 - 0"", ""pct"": 8.99}]"
Bosnia and Herzegovina,Czech Republic,Neutral,0.893,1.807,17.1,23.7,59.3,17.0,3.4,4.0,59.2,7.6,8.7,24.5,75.5,"[{""score"": ""0 - 1"", ""pct"": 12.65}, {""score"": ""0 - 2"", ""pct"": 11.23}, {""score"": ""1 - 1"", ""pct"": 10.6}]"
Bosnia and Herzegovina,Croatia,Neutral,0.552,2.148,7.4,19.0,73.6,7.7,1.4,2.2,74.8,6.7,7.2,11.3,88.7,"[{""score"": ""0 - 1"", ""pct"": 14.91}, {""score"": ""0 - 2"", ""pct"": 14.66}, {""score"": ""0 - 3"", ""pct"": 10.93}]"
Bosnia and Herzegovina,Ecuador,Neutral,0.474,2.226,5.5,16.0,78.5,5.6,1.2,1.4,78.7,6.3,6.7,8.2,91.8,"[{""score"": ""0 - 2"", ""pct"": 16.37}, {""score"": ""0 - 1"", ""pct"": 15.07}, {""score"": ""0 - 3"", ""pct"": 12.139999999999999}]"
Bosnia and Herzegovina,Brazil,Neutral,0.44,2.26,4.9,15.6,79.5,5.1,1.0,1.3,78.8,6.3,7.5,7.4,92.6,"[{""score"": ""0 - 2"", ""pct"": 16.68}, {""score"": ""0 - 1"", ""pct"": 16.009999999999998}, {""score"": ""0 - 3"", ""pct"": 12.989999999999998}]"
Bosnia and Herzegovina,South Africa,Neutral,1.183,1.517,28.1,26.9,45.1,28.1,5.8,7.0,44.3,6.8,8.1,40.8,59.2,"[{""score"": ""1 - 1"", ""pct"": 12.17}, {""score"": ""0 - 1"", ""pct"": 10.82}, {""score"": ""1 - 2"", ""pct"": 9.42}]"
Bosnia and Herzegovina,Paraguay,Neutral,0.617,2.083,8.5,19.2,72.3,8.6,1.8,2.4,71.5,7.8,7.9,12.9,87.1,"[{""score"": ""0 - 1"", ""pct"": 14.530000000000001}, {""score"": ""0 - 2"", ""pct"": 14.49}, {""score"": ""0 - 3"", ""pct"": 10.24}]"
Bosnia and Herzegovina,Belgium,Neutral,0.596,2.104,7.8,18.6,73.7,8.7,1.7,2.2,72.5,7.0,8.0,12.5,87.5,"[{""score"": ""0 - 1"", ""pct"": 15.07}, {""score"": ""0 - 2"", ""pct"": 13.99}, {""score"": ""0 - 3"", ""pct"": 9.9}]"
Bosnia and Herzegovina,Norway,Neutral,0.577,2.123,8.0,19.0,73.0,8.1,1.5,2.1,73.8,7.3,7.3,11.7,88.3,"[{""score"": ""0 - 2"", ""pct"": 15.24}, {""score"": ""0 - 1"", ""pct"": 14.75}, {""score"": ""0 - 3"", ""pct"": 10.09}]"
Bosnia and Herzegovina,Algeria,Neutral,0.635,2.065,8.7,18.9,72.3,9.2,1.8,2.2,71.0,7.6,8.2,13.2,86.8,"[{""score"": ""0 - 1"", ""pct"": 14.62}, {""score"": ""0 - 2"", ""pct"": 14.21}, {""score"": ""0 - 3"", ""pct"": 9.9}]"
South Africa,Ivory Coast,Neutral,0.936,1.764,18.7,25.2,56.2,19.0,3.7,4.6,57.0,6.8,9.0,27.3,72.7,"[{""score"": ""0 - 1"", ""pct"": 12.09}, {""score"": ""1 - 1"", ""pct"": 11.58}, {""score"": ""0 - 2"", ""pct"": 10.43}]"
South Africa,Uzbekistan,Neutral,0.785,1.915,13.8,22.2,64.0,13.7,2.6,3.5,64.2,7.6,8.3,19.9,80.1,"[{""score"": ""0 - 1"", ""pct"": 13.309999999999999}, {""score"": ""0 - 2"", ""pct"": 12.0}, {""score"": ""1 - 2"", ""pct"": 10.209999999999999}]"
South Africa,Qatar,Neutral,1.617,1.083,49.0,26.3,24.6,49.7,7.1,8.6,24.4,4.3,5.9,65.5,34.5,"[{""score"": ""1 - 1"", ""pct"": 12.049999999999999}, {""score"": ""1 - 0"", ""pct"": 10.96}, {""score"": ""2 - 1"", ""pct"": 9.21}]"
South Africa,Panama,Neutral,0.807,1.893,13.9,23.0,63.1,14.4,2.6,3.8,63.2,7.3,8.6,20.8,79.2,"[{""score"": ""0 - 1"", ""pct"": 13.34}, {""score"": ""0 - 2"", ""pct"": 11.35}, {""score"": ""1 - 1"", ""pct"": 10.59}]"
South Africa,Saudi Arabia,Neutral,1.201,1.499,29.8,27.0,43.1,29.9,5.5,6.3,42.9,6.8,8.6,41.7,58.3,"[{""score"": ""1 - 1"", ""pct"": 12.32}, {""score"": ""0 - 1"", ""pct"": 10.77}, {""score"": ""1 - 0"", ""pct"": 8.93}]"
South Africa,Tunisia,Neutral,1.109,1.591,25.3,25.9,48.8,25.4,4.7,5.8,48.7,6.9,8.5,35.9,64.1,"[{""score"": ""1 - 1"", ""pct"": 11.91}, {""score"": ""0 - 1"", ""pct"": 11.07}, {""score"": ""1 - 2"", ""pct"": 9.370000000000001}]"
South Africa,Austria,Neutral,0.879,1.821,16.5,23.9,59.6,16.5,3.2,3.9,60.0,8.1,8.2,23.7,76.3,"[{""score"": ""0 - 1"", ""pct"": 12.740000000000002}, {""score"": ""0 - 2"", ""pct"": 10.879999999999999}, {""score"": ""1 - 1"", ""pct"": 10.38}]"
South Africa,Senegal,Neutral,0.699,2.001,10.6,21.2,68.2,10.9,2.2,2.9,68.3,7.3,8.4,16.1,84.0,"[{""score"": ""0 - 2"", ""pct"": 13.59}, {""score"": ""0 - 1"", ""pct"": 13.489999999999998}, {""score"": ""1 - 2"", ""pct"": 9.719999999999999}]"
South Africa,Netherlands,Neutral,0.602,2.098,8.6,18.7,72.6,7.9,1.5,2.1,73.5,7.2,7.8,11.5,88.5,"[{""score"": ""0 - 1"", ""pct"": 14.75}, {""score"": ""0 - 2"", ""pct"": 14.030000000000001}, {""score"": ""0 - 3"", ""pct"": 9.49}]"
South Africa,Colombia,Neutral,0.497,2.203,5.8,16.5,77.7,6.1,1.3,1.7,77.1,6.6,7.3,9.1,90.9,"[{""score"": ""0 - 2"", ""pct"": 15.989999999999998}, {""score"": ""0 - 1"", ""pct"": 15.879999999999999}, {""score"": ""0 - 3"", ""pct"": 11.78}]"
South Africa,South Korea,Neutral,0.703,1.997,11.1,20.2,68.7,11.2,2.3,3.1,68.2,7.4,7.9,16.5,83.5,"[{""score"": ""0 - 1"", ""pct"": 14.249999999999998}, {""score"": ""0 - 2"", ""pct"": 13.200000000000001}, {""score"": ""0 - 3"", ""pct"": 9.24}]"
South Africa,Switzerland,Neutral,0.72,1.98,11.9,21.1,67.0,11.6,2.1,2.9,67.4,8.0,8.0,16.6,83.4,"[{""score"": ""0 - 1"", ""pct"": 14.01}, {""score"": ""0 - 2"", ""pct"": 12.959999999999999}, {""score"": ""1 - 2"", ""pct"": 9.78}]"
South Africa,Australia,Neutral,0.652,2.048,10.1,19.9,70.1,9.8,2.1,2.8,69.8,6.9,8.6,14.7,85.3,"[{""score"": ""0 - 1"", ""pct"": 14.48}, {""score"": ""0 - 2"", ""pct"": 14.069999999999999}, {""score"": ""0 - 3"", ""pct"": 9.36}]"
South Africa,France,Neutral,0.443,2.257,4.7,15.8,79.4,5.0,1.1,1.2,79.7,6.4,6.6,7.3,92.7,"[{""score"": ""0 - 2"", ""pct"": 17.05}, {""score"": ""0 - 1"", ""pct"": 15.909999999999998}, {""score"": ""0 - 3"", ""pct"": 12.15}]"
South Africa,Morocco,Neutral,0.544,2.156,6.9,17.7,75.4,6.7,1.6,1.8,75.8,6.9,7.3,10.1,89.9,"[{""score"": ""0 - 1"", ""pct"": 15.440000000000001}, {""score"": ""0 - 2"", ""pct"": 15.21}, {""score"": ""0 - 3"", ""pct"": 11.129999999999999}]"
South Africa,Argentina,Neutral,0.373,2.327,3.8,14.3,81.9,3.9,0.9,0.9,82.2,5.9,6.3,5.7,94.4,"[{""score"": ""0 - 2"", ""pct"": 18.12}, {""score"": ""0 - 1"", ""pct"": 15.740000000000002}, {""score"": ""0 - 3"", ""pct"": 13.889999999999999}]"
South Africa,DR Congo,Neutral,1.025,1.675,21.1,24.6,54.3,22.2,3.8,5.2,52.5,7.4,8.9,31.2,68.8,"[{""score"": ""0 - 1"", ""pct"": 11.93}, {""score"": ""1 - 1"", ""pct"": 11.27}, {""score"": ""1 - 2"", ""pct"": 10.42}]"
South Africa,Iraq,Neutral,1.079,1.621,24.0,25.4,50.6,24.5,4.3,5.7,50.1,6.8,8.7,34.4,65.6,"[{""score"": ""1 - 1"", ""pct"": 11.82}, {""score"": ""0 - 1"", ""pct"": 11.61}, {""score"": ""1 - 2"", ""pct"": 9.86}]"
South Africa,Mexico,Neutral,0.586,2.114,7.8,18.2,74.0,7.7,1.7,2.1,73.6,7.0,7.9,11.5,88.5,"[{""score"": ""0 - 2"", ""pct"": 15.64}, {""score"": ""0 - 1"", ""pct"": 14.6}, {""score"": ""0 - 3"", ""pct"": 10.299999999999999}]"
South Africa,Cape Verde,Neutral,1.433,1.267,40.3,27.2,32.4,39.9,6.3,8.3,32.9,5.3,7.2,54.5,45.5,"[{""score"": ""1 - 1"", ""pct"": 12.15}, {""score"": ""1 - 0"", ""pct"": 9.520000000000001}, {""score"": ""2 - 1"", ""pct"": 8.92}]"
South Africa,Canada,Neutral,0.747,1.953,12.4,21.7,65.9,12.7,2.6,3.2,65.8,7.8,7.9,18.5,81.5,"[{""score"": ""0 - 1"", ""pct"": 13.569999999999999}, {""score"": ""0 - 2"", ""pct"": 12.47}, {""score"": ""1 - 1"", ""pct"": 10.03}]"
South Africa,Egypt,Neutral,0.996,1.704,21.7,25.1,53.2,20.6,4.0,5.1,54.7,7.4,8.2,29.7,70.3,"[{""score"": ""0 - 1"", ""pct"": 11.93}, {""score"": ""1 - 1"", ""pct"": 11.15}, {""score"": ""1 - 2"", ""pct"": 9.62}]"
South Africa,Spain,Neutral,0.377,2.323,4.2,14.1,81.8,3.9,0.6,0.9,82.3,5.8,6.4,5.4,94.6,"[{""score"": ""0 - 2"", ""pct"": 18.29}, {""score"": ""0 - 1"", ""pct"": 16.2}, {""score"": ""0 - 3"", ""pct"": 13.56}]"
South Africa,Portugal,Neutral,0.521,2.179,6.2,17.8,76.0,6.7,1.4,1.8,76.0,6.9,7.2,9.9,90.1,"[{""score"": ""0 - 2"", ""pct"": 16.46}, {""score"": ""0 - 1"", ""pct"": 15.39}, {""score"": ""0 - 3"", ""pct"": 11.03}]"
South Africa,Turkey,Neutral,0.686,2.014,10.8,21.0,68.2,10.6,2.1,2.5,69.2,7.1,8.4,15.3,84.7,"[{""score"": ""0 - 1"", ""pct"": 14.149999999999999}, {""score"": ""0 - 2"", ""pct"": 13.3}, {""score"": ""1 - 1"", ""pct"": 9.65}]"
South Africa,New Zealand,Neutral,1.18,1.52,29.1,26.2,44.6,29.3,5.3,6.5,44.4,6.5,8.1,41.0,59.0,"[{""score"": ""1 - 1"", ""pct"": 11.65}, {""score"": ""0 - 1"", ""pct"": 10.51}, {""score"": ""1 - 2"", ""pct"": 8.97}]"
South Africa,England,Neutral,0.473,2.227,5.5,16.8,77.8,5.8,1.1,1.1,78.8,6.2,7.0,8.0,92.0,"[{""score"": ""0 - 2"", ""pct"": 16.61}, {""score"": ""0 - 1"", ""pct"": 15.42}, {""score"": ""0 - 3"", ""pct"": 12.0}]"
South Africa,Haiti,Neutral,1.131,1.569,26.4,26.2,47.3,27.2,5.0,5.4,47.3,6.7,8.5,37.6,62.4,"[{""score"": ""1 - 1"", ""pct"": 11.959999999999999}, {""score"": ""0 - 1"", ""pct"": 11.34}, {""score"": ""1 - 2"", ""pct"": 9.520000000000001}]"
South Africa,Scotland,Neutral,0.935,1.765,19.3,23.8,56.9,18.4,3.5,4.8,57.3,7.6,8.4,26.7,73.3,"[{""score"": ""0 - 1"", ""pct"": 11.84}, {""score"": ""1 - 1"", ""pct"": 10.71}, {""score"": ""0 - 2"", ""pct"": 10.26}]"
South Africa,Germany,Neutral,0.613,2.087,8.4,18.8,72.8,8.7,1.8,2.4,72.5,7.5,7.2,12.8,87.2,"[{""score"": ""0 - 2"", ""pct"": 15.24}, {""score"": ""0 - 1"", ""pct"": 14.280000000000001}, {""score"": ""0 - 3"", ""pct"": 10.02}]"
South Africa,Japan,Neutral,0.54,2.16,7.0,17.7,75.3,7.1,1.5,1.8,75.6,7.0,7.0,10.4,89.6,"[{""score"": ""0 - 2"", ""pct"": 15.909999999999998}, {""score"": ""0 - 1"", ""pct"": 14.82}, {""score"": ""0 - 3"", ""pct"": 11.17}]"
South Africa,Curaçao,Neutral,1.476,1.224,42.8,26.2,31.0,43.3,6.8,7.8,30.4,5.2,6.5,57.9,42.1,"[{""score"": ""1 - 1"", ""pct"": 11.65}, {""score"": ""1 - 0"", ""pct"": 9.950000000000001}, {""score"": ""2 - 1"", ""pct"": 9.48}]"
South Africa,Uruguay,Neutral,0.597,2.103,8.3,18.3,73.4,8.5,1.6,2.0,73.6,7.0,7.3,12.1,87.9,"[{""score"": ""0 - 1"", ""pct"": 14.99}, {""score"": ""0 - 2"", ""pct"": 14.580000000000002}, {""score"": ""0 - 3"", ""pct"": 10.040000000000001}]"
South Africa,Sweden,Neutral,1.212,1.488,30.3,27.5,42.3,29.8,5.7,6.8,42.9,6.7,8.1,42.3,57.7,"[{""score"": ""1 - 1"", ""pct"": 12.280000000000001}, {""score"": ""0 - 1"", ""pct"": 10.15}, {""score"": ""1 - 2"", ""pct"": 9.27}]"
South Africa,Iran,Neutral,0.676,2.024,10.3,19.2,70.5,10.2,1.8,2.7,69.4,7.5,8.5,14.7,85.3,"[{""score"": ""0 - 1"", ""pct"": 14.81}, {""score"": ""0 - 2"", ""pct"": 14.42}, {""score"": ""1 - 2"", ""pct"": 9.34}]"
South Africa,United States,Neutral,0.869,1.831,15.8,23.9,60.2,16.2,3.2,4.3,60.9,7.2,8.2,23.7,76.3,"[{""score"": ""0 - 1"", ""pct"": 13.200000000000001}, {""score"": ""0 - 2"", ""pct"": 10.92}, {""score"": ""1 - 1"", ""pct"": 10.57}]"
South Africa,Jordan,Neutral,0.911,1.789,17.2,24.7,58.1,17.5,3.7,4.3,58.3,7.6,8.6,25.5,74.5,"[{""score"": ""0 - 1"", ""pct"": 12.29}, {""score"": ""1 - 1"", ""pct"": 11.52}, {""score"": ""0 - 2"", ""pct"": 10.100000000000001}]"
South Africa,Ghana,Neutral,1.443,1.257,41.0,27.0,32.0,40.4,6.2,7.6,32.9,5.8,7.1,54.2,45.8,"[{""score"": ""1 - 1"", ""pct"": 12.58}, {""score"": ""1 - 0"", ""pct"": 10.24}, {""score"": ""0 - 1"", ""pct"": 8.99}]"
South Africa,Czech Republic,Neutral,1.041,1.659,22.1,25.5,52.4,22.7,4.0,5.6,51.2,7.7,8.8,32.3,67.7,"[{""score"": ""0 - 1"", ""pct"": 12.17}, {""score"": ""1 - 1"", ""pct"": 11.98}, {""score"": ""1 - 2"", ""pct"": 9.58}]"
South Africa,Croatia,Neutral,0.641,2.059,9.7,19.2,71.2,9.8,1.8,2.2,71.3,7.0,7.9,13.8,86.2,"[{""score"": ""0 - 1"", ""pct"": 14.64}, {""score"": ""0 - 2"", ""pct"": 14.01}, {""score"": ""1 - 2"", ""pct"": 9.520000000000001}]"
South Africa,Ecuador,Neutral,0.544,2.156,7.0,17.2,75.8,7.4,1.4,1.8,75.3,6.9,7.3,10.5,89.5,"[{""score"": ""0 - 2"", ""pct"": 15.7}, {""score"": ""0 - 1"", ""pct"": 15.229999999999999}, {""score"": ""0 - 3"", ""pct"": 11.32}]"
South Africa,Brazil,Neutral,0.501,2.199,6.3,17.1,76.6,6.0,1.2,1.8,76.8,7.1,7.0,9.1,90.9,"[{""score"": ""0 - 2"", ""pct"": 15.939999999999998}, {""score"": ""0 - 1"", ""pct"": 15.290000000000001}, {""score"": ""0 - 3"", ""pct"": 11.5}]"
South Africa,Bosnia and Herzegovina,Neutral,1.517,1.183,44.9,26.8,28.3,44.2,6.9,8.6,28.3,5.4,6.6,59.7,40.3,"[{""score"": ""1 - 1"", ""pct"": 12.3}, {""score"": ""1 - 0"", ""pct"": 10.33}, {""score"": ""2 - 1"", ""pct"": 9.34}]"
South Africa,Paraguay,Neutral,0.72,1.98,11.1,20.7,68.2,12.0,2.5,2.8,67.0,7.9,7.8,17.2,82.8,"[{""score"": ""0 - 1"", ""pct"": 14.26}, {""score"": ""0 - 2"", ""pct"": 12.989999999999998}, {""score"": ""1 - 2"", ""pct"": 9.85}]"
South Africa,Belgium,Neutral,0.695,2.005,10.9,20.9,68.2,11.2,2.4,2.6,67.5,7.6,8.6,16.2,83.8,"[{""score"": ""0 - 1"", ""pct"": 13.69}, {""score"": ""0 - 2"", ""pct"": 12.959999999999999}, {""score"": ""1 - 1"", ""pct"": 9.59}]"
South Africa,Norway,Neutral,0.672,2.028,10.4,19.8,69.8,10.3,2.1,2.6,69.7,6.9,8.2,15.1,84.9,"[{""score"": ""0 - 1"", ""pct"": 14.729999999999999}, {""score"": ""0 - 2"", ""pct"": 14.35}, {""score"": ""1 - 2"", ""pct"": 8.86}]"
South Africa,Algeria,Neutral,0.742,1.958,12.1,21.5,66.4,12.6,2.5,3.2,66.0,7.6,8.0,18.3,81.7,"[{""score"": ""0 - 1"", ""pct"": 13.18}, {""score"": ""0 - 2"", ""pct"": 13.089999999999998}, {""score"": ""1 - 2"", ""pct"": 9.65}]"
Paraguay,Ivory Coast,Neutral,1.625,1.075,51.1,25.4,23.5,51.0,7.0,8.8,23.8,3.9,5.5,66.8,33.2,"[{""score"": ""1 - 1"", ""pct"": 11.709999999999999}, {""score"": ""1 - 0"", ""pct"": 10.979999999999999}, {""score"": ""2 - 1"", ""pct"": 10.16}]"
Paraguay,Uzbekistan,Neutral,1.441,1.259,41.0,27.0,32.0,40.3,6.8,7.9,31.9,5.8,7.2,55.0,45.0,"[{""score"": ""1 - 1"", ""pct"": 12.11}, {""score"": ""1 - 0"", ""pct"": 9.59}, {""score"": ""0 - 1"", ""pct"": 9.02}]"
Paraguay,Qatar,Neutral,2.137,0.563,75.0,17.8,7.2,74.2,7.3,7.3,7.8,1.6,1.8,88.8,11.2,"[{""score"": ""2 - 0"", ""pct"": 15.509999999999998}, {""score"": ""1 - 0"", ""pct"": 14.99}, {""score"": ""3 - 0"", ""pct"": 10.24}]"
Paraguay,Panama,Neutral,1.47,1.23,42.4,26.5,31.1,41.6,6.6,8.2,31.1,5.5,7.1,56.3,43.7,"[{""score"": ""1 - 1"", ""pct"": 12.08}, {""score"": ""1 - 0"", ""pct"": 10.209999999999999}, {""score"": ""0 - 1"", ""pct"": 8.61}]"
Paraguay,Saudi Arabia,Neutral,1.871,0.829,62.3,22.6,15.1,62.0,7.6,8.4,15.0,3.2,3.9,78.0,22.0,"[{""score"": ""1 - 0"", ""pct"": 13.239999999999998}, {""score"": ""2 - 0"", ""pct"": 11.91}, {""score"": ""2 - 1"", ""pct"": 9.98}]"
Paraguay,Tunisia,Neutral,1.794,0.906,57.8,24.5,17.7,58.0,7.6,8.6,17.4,3.5,4.8,74.2,25.8,"[{""score"": ""1 - 0"", ""pct"": 12.08}, {""score"": ""2 - 0"", ""pct"": 10.94}, {""score"": ""1 - 1"", ""pct"": 10.82}]"
Paraguay,Austria,Neutral,1.56,1.14,46.0,26.7,27.3,46.7,6.7,8.1,26.9,5.1,6.5,61.6,38.4,"[{""score"": ""1 - 1"", ""pct"": 12.139999999999999}, {""score"": ""1 - 0"", ""pct"": 10.72}, {""score"": ""2 - 1"", ""pct"": 8.98}]"
Paraguay,Senegal,Neutral,1.318,1.382,35.1,27.5,37.4,34.4,6.4,7.8,37.7,6.0,7.7,48.6,51.4,"[{""score"": ""1 - 1"", ""pct"": 12.3}, {""score"": ""0 - 1"", ""pct"": 9.44}, {""score"": ""1 - 0"", ""pct"": 8.48}]"
Paraguay,Netherlands,Neutral,1.156,1.544,27.4,27.1,45.5,26.9,4.5,6.1,46.9,7.2,8.3,37.6,62.4,"[{""score"": ""1 - 1"", ""pct"": 12.2}, {""score"": ""0 - 1"", ""pct"": 11.06}, {""score"": ""1 - 2"", ""pct"": 9.25}]"
Paraguay,Colombia,Neutral,0.949,1.751,18.8,24.7,56.5,20.1,3.2,4.7,56.4,7.4,8.3,27.9,72.0,"[{""score"": ""0 - 1"", ""pct"": 12.61}, {""score"": ""1 - 1"", ""pct"": 11.110000000000001}, {""score"": ""0 - 2"", ""pct"": 10.059999999999999}]"
Paraguay,South Korea,Neutral,1.324,1.376,36.1,26.7,37.2,35.0,5.5,6.9,38.3,6.0,8.2,47.4,52.6,"[{""score"": ""1 - 1"", ""pct"": 12.41}, {""score"": ""1 - 0"", ""pct"": 9.120000000000001}, {""score"": ""0 - 1"", ""pct"": 9.08}]"
Paraguay,Switzerland,Neutral,1.349,1.351,36.6,27.0,36.4,37.4,6.2,7.1,35.9,5.8,7.7,50.7,49.3,"[{""score"": ""1 - 1"", ""pct"": 11.88}, {""score"": ""0 - 1"", ""pct"": 9.700000000000001}, {""score"": ""1 - 0"", ""pct"": 9.34}]"
Paraguay,Australia,Neutral,1.242,1.458,31.2,27.0,41.8,32.2,5.4,6.6,41.0,6.8,8.0,44.2,55.8,"[{""score"": ""1 - 1"", ""pct"": 11.99}, {""score"": ""0 - 1"", ""pct"": 10.0}, {""score"": ""1 - 2"", ""pct"": 8.690000000000001}]"
Paraguay,France,Neutral,0.825,1.875,15.2,22.3,62.4,14.6,3.0,3.6,63.0,7.1,8.7,21.2,78.8,"[{""score"": ""0 - 1"", ""pct"": 13.07}, {""score"": ""0 - 2"", ""pct"": 12.26}, {""score"": ""1 - 1"", ""pct"": 10.33}]"
Paraguay,Morocco,Neutral,1.046,1.654,22.6,25.8,51.6,22.7,4.1,5.8,51.5,7.5,8.5,32.5,67.5,"[{""score"": ""0 - 1"", ""pct"": 11.64}, {""score"": ""1 - 1"", ""pct"": 11.5}, {""score"": ""1 - 2"", ""pct"": 9.98}]"
Paraguay,Argentina,Neutral,0.644,2.056,9.3,19.7,71.0,9.5,1.8,2.6,70.5,7.3,8.3,13.9,86.1,"[{""score"": ""0 - 2"", ""pct"": 14.14}, {""score"": ""0 - 1"", ""pct"": 13.320000000000002}, {""score"": ""0 - 3"", ""pct"": 10.040000000000001}]"
Paraguay,DR Congo,Neutral,1.716,0.984,54.2,25.3,20.5,55.1,7.2,8.2,20.8,3.9,4.9,70.5,29.6,"[{""score"": ""1 - 0"", ""pct"": 11.95}, {""score"": ""1 - 1"", ""pct"": 11.28}, {""score"": ""2 - 1"", ""pct"": 9.84}]"
Paraguay,Iraq,Neutral,1.767,0.933,56.8,24.1,19.1,57.4,7.8,8.8,18.1,3.1,4.8,74.0,26.0,"[{""score"": ""1 - 0"", ""pct"": 12.1}, {""score"": ""1 - 1"", ""pct"": 11.110000000000001}, {""score"": ""2 - 0"", ""pct"": 10.39}]"
Paraguay,Mexico,Neutral,1.127,1.573,26.3,26.4,47.3,26.1,4.8,6.1,47.0,7.0,9.1,37.0,63.1,"[{""score"": ""1 - 1"", ""pct"": 11.98}, {""score"": ""0 - 1"", ""pct"": 10.42}, {""score"": ""1 - 2"", ""pct"": 9.44}]"
Paraguay,Cape Verde,Neutral,2.033,0.667,69.2,20.8,9.9,69.5,7.6,8.3,10.3,1.9,2.4,85.5,14.5,"[{""score"": ""1 - 0"", ""pct"": 13.950000000000001}, {""score"": ""2 - 0"", ""pct"": 13.55}, {""score"": ""1 - 1"", ""pct"": 9.629999999999999}]"
Paraguay,Canada,Neutral,1.389,1.311,38.9,26.6,34.5,38.4,6.0,8.0,34.6,5.7,7.2,52.5,47.5,"[{""score"": ""1 - 1"", ""pct"": 12.44}, {""score"": ""1 - 0"", ""pct"": 9.879999999999999}, {""score"": ""0 - 1"", ""pct"": 8.88}]"
Paraguay,Egypt,Neutral,1.687,1.013,54.0,24.6,21.4,53.3,7.0,8.8,21.4,4.2,5.2,69.1,30.9,"[{""score"": ""1 - 0"", ""pct"": 12.17}, {""score"": ""1 - 1"", ""pct"": 11.08}, {""score"": ""2 - 0"", ""pct"": 9.56}]"
Paraguay,Spain,Neutral,0.654,2.046,9.6,19.8,70.6,10.5,1.7,2.4,69.5,7.8,8.2,14.6,85.4,"[{""score"": ""0 - 1"", ""pct"": 15.35}, {""score"": ""0 - 2"", ""pct"": 13.81}, {""score"": ""1 - 2"", ""pct"": 9.28}]"
Paraguay,Portugal,Neutral,1.0,1.7,21.5,25.4,53.1,20.8,3.9,5.1,54.0,7.7,8.5,29.8,70.2,"[{""score"": ""1 - 1"", ""pct"": 11.77}, {""score"": ""0 - 1"", ""pct"": 11.58}, {""score"": ""1 - 2"", ""pct"": 9.610000000000001}]"
Paraguay,Turkey,Neutral,1.297,1.403,34.0,27.1,38.9,32.9,5.8,7.4,39.9,6.2,7.9,46.0,54.0,"[{""score"": ""1 - 1"", ""pct"": 12.049999999999999}, {""score"": ""0 - 1"", ""pct"": 9.58}, {""score"": ""1 - 0"", ""pct"": 8.88}]"
Paraguay,New Zealand,Neutral,1.854,0.846,60.6,23.7,15.7,61.0,7.7,8.8,15.6,2.9,4.0,77.5,22.5,"[{""score"": ""1 - 0"", ""pct"": 13.01}, {""score"": ""2 - 0"", ""pct"": 11.63}, {""score"": ""1 - 1"", ""pct"": 10.65}]"
Paraguay,England,Neutral,0.896,1.804,17.3,24.4,58.3,17.2,3.1,4.0,59.0,7.7,8.9,24.4,75.6,"[{""score"": ""0 - 1"", ""pct"": 12.559999999999999}, {""score"": ""1 - 1"", ""pct"": 11.35}, {""score"": ""1 - 2"", ""pct"": 10.299999999999999}]"
Paraguay,Haiti,Neutral,1.814,0.886,59.2,23.9,16.9,59.7,7.5,8.3,17.2,3.3,4.0,75.5,24.5,"[{""score"": ""1 - 0"", ""pct"": 12.72}, {""score"": ""1 - 1"", ""pct"": 11.12}, {""score"": ""2 - 0"", ""pct"": 10.58}]"
Paraguay,Scotland,Neutral,1.624,1.076,49.7,26.1,24.2,50.4,7.0,8.7,23.6,4.4,5.9,66.1,33.9,"[{""score"": ""1 - 1"", ""pct"": 11.66}, {""score"": ""1 - 0"", ""pct"": 11.31}, {""score"": ""2 - 1"", ""pct"": 9.71}]"
Paraguay,Germany,Neutral,1.175,1.525,28.5,26.6,44.9,28.1,5.0,6.5,45.1,6.8,8.6,39.5,60.5,"[{""score"": ""1 - 1"", ""pct"": 12.139999999999999}, {""score"": ""0 - 1"", ""pct"": 10.79}, {""score"": ""1 - 2"", ""pct"": 8.77}]"
Paraguay,Japan,Neutral,1.038,1.662,22.1,25.7,52.2,22.6,4.3,5.1,51.5,7.1,9.3,32.0,68.0,"[{""score"": ""1 - 1"", ""pct"": 11.65}, {""score"": ""0 - 1"", ""pct"": 11.5}, {""score"": ""1 - 2"", ""pct"": 9.879999999999999}]"
Paraguay,Curaçao,Neutral,2.059,0.641,70.6,20.1,9.4,71.5,7.0,8.1,9.2,2.0,2.2,86.6,13.4,"[{""score"": ""1 - 0"", ""pct"": 14.45}, {""score"": ""2 - 0"", ""pct"": 13.81}, {""score"": ""2 - 1"", ""pct"": 8.97}]"
Paraguay,Uruguay,Neutral,1.147,1.553,26.6,26.5,46.9,26.2,4.8,5.9,47.2,7.1,8.7,37.0,63.0,"[{""score"": ""1 - 1"", ""pct"": 11.940000000000001}, {""score"": ""0 - 1"", ""pct"": 10.61}, {""score"": ""1 - 2"", ""pct"": 9.39}]"
Paraguay,Sweden,Neutral,1.879,0.821,62.3,22.5,15.2,62.9,7.5,8.4,14.8,2.7,3.6,78.9,21.1,"[{""score"": ""1 - 0"", ""pct"": 12.790000000000001}, {""score"": ""2 - 0"", ""pct"": 11.93}, {""score"": ""1 - 1"", ""pct"": 9.94}]"
Paraguay,Iran,Neutral,1.282,1.418,34.3,26.7,39.0,33.3,6.1,6.6,40.1,6.1,7.8,46.0,54.0,"[{""score"": ""1 - 1"", ""pct"": 11.959999999999999}, {""score"": ""0 - 1"", ""pct"": 9.2}, {""score"": ""1 - 0"", ""pct"": 8.99}]"
Paraguay,United States,Neutral,1.549,1.151,46.9,26.4,26.7,45.6,6.7,8.7,28.0,4.7,6.3,61.0,39.0,"[{""score"": ""1 - 1"", ""pct"": 11.89}, {""score"": ""1 - 0"", ""pct"": 11.200000000000001}, {""score"": ""2 - 1"", ""pct"": 9.51}]"
Paraguay,Jordan,Neutral,1.597,1.103,48.8,26.4,24.8,47.6,7.4,8.9,25.5,4.4,6.2,63.9,36.1,"[{""score"": ""1 - 1"", ""pct"": 12.17}, {""score"": ""1 - 0"", ""pct"": 10.73}, {""score"": ""2 - 1"", ""pct"": 9.520000000000001}]"
Paraguay,Ghana,Neutral,2.039,0.661,70.5,19.9,9.6,70.3,7.3,8.2,9.5,2.1,2.6,85.9,14.1,"[{""score"": ""1 - 0"", ""pct"": 14.87}, {""score"": ""2 - 0"", ""pct"": 13.65}, {""score"": ""3 - 0"", ""pct"": 9.55}]"
Paraguay,Czech Republic,Neutral,1.732,0.968,54.6,25.1,20.3,55.6,7.8,8.6,19.1,4.2,4.7,72.0,28.0,"[{""score"": ""1 - 1"", ""pct"": 11.86}, {""score"": ""1 - 0"", ""pct"": 11.77}, {""score"": ""2 - 0"", ""pct"": 9.969999999999999}]"
Paraguay,Croatia,Neutral,1.224,1.476,29.7,27.6,42.7,30.6,5.2,6.7,42.8,6.9,7.7,42.6,57.4,"[{""score"": ""1 - 1"", ""pct"": 12.47}, {""score"": ""0 - 1"", ""pct"": 10.27}, {""score"": ""1 - 2"", ""pct"": 8.74}]"
Paraguay,Ecuador,Neutral,1.046,1.654,22.8,25.8,51.4,22.7,4.0,5.4,51.3,7.4,9.3,32.0,68.0,"[{""score"": ""0 - 1"", ""pct"": 11.75}, {""score"": ""1 - 1"", ""pct"": 11.59}, {""score"": ""1 - 2"", ""pct"": 9.32}]"
Paraguay,Brazil,Neutral,0.957,1.743,19.0,24.6,56.4,18.9,4.0,5.0,55.8,7.8,8.4,27.9,72.1,"[{""score"": ""0 - 1"", ""pct"": 12.27}, {""score"": ""1 - 1"", ""pct"": 11.09}, {""score"": ""1 - 2"", ""pct"": 10.16}]"
Paraguay,Bosnia and Herzegovina,Neutral,2.083,0.617,72.6,18.6,8.8,72.1,7.1,7.8,9.3,1.7,2.1,86.9,13.1,"[{""score"": ""1 - 0"", ""pct"": 14.979999999999999}, {""score"": ""2 - 0"", ""pct"": 14.360000000000001}, {""score"": ""3 - 0"", ""pct"": 9.83}]"
Paraguay,South Africa,Neutral,1.98,0.72,67.4,21.2,11.5,66.9,7.8,8.2,11.7,2.3,3.1,82.9,17.1,"[{""score"": ""1 - 0"", ""pct"": 13.530000000000001}, {""score"": ""2 - 0"", ""pct"": 13.5}, {""score"": ""2 - 1"", ""pct"": 9.48}]"
Paraguay,Belgium,Neutral,1.312,1.388,34.8,26.7,38.6,34.7,5.7,7.1,38.5,6.4,7.6,47.5,52.5,"[{""score"": ""1 - 1"", ""pct"": 12.379999999999999}, {""score"": ""0 - 1"", ""pct"": 9.120000000000001}, {""score"": ""1 - 0"", ""pct"": 9.07}]"
Paraguay,Norway,Neutral,1.276,1.424,32.9,27.0,40.0,31.8,6.0,7.3,40.1,6.6,8.1,45.1,54.9,"[{""score"": ""1 - 1"", ""pct"": 11.74}, {""score"": ""0 - 1"", ""pct"": 10.31}, {""score"": ""1 - 0"", ""pct"": 8.77}]"
Paraguay,Algeria,Neutral,1.381,1.319,38.3,26.2,35.5,38.7,6.2,7.4,34.6,5.8,7.3,52.3,47.7,"[{""score"": ""1 - 1"", ""pct"": 11.58}, {""score"": ""1 - 0"", ""pct"": 9.4}, {""score"": ""0 - 1"", ""pct"": 8.94}]"
Belgium,Ivory Coast,Neutral,1.661,1.039,52.0,25.2,22.8,51.4,6.5,9.1,22.9,4.4,5.7,67.1,32.9,"[{""score"": ""1 - 1"", ""pct"": 11.35}, {""score"": ""1 - 0"", ""pct"": 11.26}, {""score"": ""2 - 1"", ""pct"": 9.76}]"
Belgium,Uzbekistan,Neutral,1.479,1.221,43.2,26.3,30.5,43.0,6.5,7.7,30.4,5.3,7.0,57.3,42.7,"[{""score"": ""1 - 1"", ""pct"": 12.11}, {""score"": ""1 - 0"", ""pct"": 10.15}, {""score"": ""2 - 1"", ""pct"": 8.93}]"
Belgium,Qatar,Neutral,2.156,0.544,75.7,17.5,6.8,75.6,6.8,7.7,6.8,1.5,1.6,90.1,9.9,"[{""score"": ""2 - 0"", ""pct"": 16.400000000000002}, {""score"": ""1 - 0"", ""pct"": 15.22}, {""score"": ""3 - 0"", ""pct"": 10.7}]"
Belgium,Panama,Neutral,1.508,1.192,44.0,26.5,29.5,43.8,6.8,8.6,29.2,5.2,6.3,59.2,40.8,"[{""score"": ""1 - 1"", ""pct"": 11.790000000000001}, {""score"": ""1 - 0"", ""pct"": 10.35}, {""score"": ""2 - 1"", ""pct"": 8.540000000000001}]"
Belgium,Saudi Arabia,Neutral,1.9,0.8,63.6,22.9,13.6,63.4,7.6,8.0,14.4,2.8,3.8,79.0,20.9,"[{""score"": ""1 - 0"", ""pct"": 13.5}, {""score"": ""2 - 0"", ""pct"": 11.450000000000001}, {""score"": ""1 - 1"", ""pct"": 10.74}]"
Belgium,Tunisia,Neutral,1.826,0.874,60.1,23.4,16.5,60.0,8.1,8.8,15.9,3.1,4.2,76.8,23.2,"[{""score"": ""1 - 0"", ""pct"": 12.6}, {""score"": ""2 - 0"", ""pct"": 10.9}, {""score"": ""1 - 1"", ""pct"": 10.4}]"
Belgium,Austria,Neutral,1.596,1.104,47.2,26.6,26.2,48.2,7.3,8.6,25.4,4.6,5.9,64.1,35.9,"[{""score"": ""1 - 1"", ""pct"": 11.959999999999999}, {""score"": ""1 - 0"", ""pct"": 10.85}, {""score"": ""2 - 1"", ""pct"": 8.81}]"
Belgium,Senegal,Neutral,1.356,1.344,37.3,26.4,36.4,37.2,5.9,7.4,36.0,6.2,7.2,50.6,49.4,"[{""score"": ""1 - 1"", ""pct"": 12.22}, {""score"": ""1 - 0"", ""pct"": 9.41}, {""score"": ""0 - 1"", ""pct"": 9.13}]"
Belgium,Netherlands,Neutral,1.193,1.507,29.3,26.7,44.0,29.4,5.1,6.5,43.9,6.9,8.2,41.0,59.0,"[{""score"": ""1 - 1"", ""pct"": 12.2}, {""score"": ""0 - 1"", ""pct"": 10.5}, {""score"": ""1 - 2"", ""pct"": 9.25}]"
Belgium,Colombia,Neutral,0.983,1.717,20.0,25.0,54.9,20.1,3.7,4.9,55.0,7.6,8.7,28.7,71.3,"[{""score"": ""0 - 1"", ""pct"": 11.360000000000001}, {""score"": ""1 - 1"", ""pct"": 11.31}, {""score"": ""1 - 2"", ""pct"": 10.11}]"
Belgium,South Korea,Neutral,1.362,1.338,37.2,26.5,36.3,36.8,6.2,7.4,36.0,6.0,7.5,50.4,49.6,"[{""score"": ""1 - 1"", ""pct"": 12.24}, {""score"": ""1 - 0"", ""pct"": 9.4}, {""score"": ""0 - 1"", ""pct"": 8.82}]"
Belgium,Switzerland,Neutral,1.388,1.312,38.7,27.6,33.7,38.5,6.0,8.2,34.1,5.9,7.3,52.7,47.3,"[{""score"": ""1 - 1"", ""pct"": 12.65}, {""score"": ""1 - 0"", ""pct"": 9.66}, {""score"": ""2 - 1"", ""pct"": 8.450000000000001}]"
Belgium,Australia,Neutral,1.28,1.42,33.9,26.9,39.2,32.7,6.0,6.7,40.5,6.3,7.8,45.4,54.6,"[{""score"": ""1 - 1"", ""pct"": 12.43}, {""score"": ""0 - 1"", ""pct"": 9.84}, {""score"": ""1 - 0"", ""pct"": 9.030000000000001}]"
Belgium,France,Neutral,0.855,1.845,15.8,23.0,61.2,16.3,3.1,4.0,60.5,7.7,8.4,23.4,76.6,"[{""score"": ""0 - 1"", ""pct"": 13.03}, {""score"": ""0 - 2"", ""pct"": 11.61}, {""score"": ""1 - 1"", ""pct"": 10.22}]"
Belgium,Morocco,Neutral,1.082,1.618,24.1,26.4,49.6,24.3,4.3,5.9,49.5,7.2,8.7,34.6,65.4,"[{""score"": ""1 - 1"", ""pct"": 12.22}, {""score"": ""0 - 1"", ""pct"": 10.979999999999999}, {""score"": ""1 - 2"", ""pct"": 9.879999999999999}]"
Belgium,Argentina,Neutral,0.667,2.033,10.2,19.9,69.9,9.9,2.0,3.1,69.3,7.3,8.3,15.1,84.9,"[{""score"": ""0 - 1"", ""pct"": 14.180000000000001}, {""score"": ""0 - 2"", ""pct"": 14.05}, {""score"": ""1 - 2"", ""pct"": 9.71}]"
Belgium,DR Congo,Neutral,1.75,0.95,56.8,24.5,18.7,56.0,7.0,9.2,19.0,3.9,5.0,72.2,27.8,"[{""score"": ""1 - 0"", ""pct"": 12.45}, {""score"": ""1 - 1"", ""pct"": 10.92}, {""score"": ""2 - 0"", ""pct"": 9.969999999999999}]"
Belgium,Iraq,Neutral,1.8,0.9,58.9,23.8,17.3,58.4,7.8,8.8,17.3,3.5,4.3,75.0,25.0,"[{""score"": ""1 - 0"", ""pct"": 12.27}, {""score"": ""2 - 0"", ""pct"": 10.69}, {""score"": ""1 - 1"", ""pct"": 10.6}]"
Belgium,Mexico,Neutral,1.164,1.536,28.1,26.5,45.4,28.9,5.1,6.2,44.8,6.9,8.1,40.2,59.8,"[{""score"": ""1 - 1"", ""pct"": 11.97}, {""score"": ""0 - 1"", ""pct"": 10.65}, {""score"": ""1 - 2"", ""pct"": 9.6}]"
Belgium,Cape Verde,Neutral,2.056,0.644,71.1,19.5,9.4,71.2,7.0,8.0,9.5,1.6,2.7,86.1,13.9,"[{""score"": ""2 - 0"", ""pct"": 14.399999999999999}, {""score"": ""1 - 0"", ""pct"": 14.2}, {""score"": ""3 - 0"", ""pct"": 9.84}]"
Belgium,Canada,Neutral,1.427,1.273,39.4,26.8,33.8,39.4,6.2,8.2,33.5,5.7,7.0,53.8,46.2,"[{""score"": ""1 - 1"", ""pct"": 12.19}, {""score"": ""1 - 0"", ""pct"": 9.62}, {""score"": ""0 - 1"", ""pct"": 9.33}]"
Belgium,Egypt,Neutral,1.722,0.978,54.6,24.9,20.5,55.8,6.9,8.6,20.0,3.7,5.0,71.3,28.7,"[{""score"": ""1 - 0"", ""pct"": 11.83}, {""score"": ""1 - 1"", ""pct"": 11.4}, {""score"": ""2 - 0"", ""pct"": 9.93}]"
Belgium,Spain,Neutral,0.678,2.022,10.6,20.0,69.4,10.9,1.9,2.8,69.2,7.4,7.8,15.6,84.4,"[{""score"": ""0 - 1"", ""pct"": 14.510000000000002}, {""score"": ""0 - 2"", ""pct"": 13.25}, {""score"": ""1 - 2"", ""pct"": 9.25}]"
Belgium,Portugal,Neutral,1.034,1.666,22.9,25.0,52.1,22.6,4.1,5.3,52.4,7.2,8.4,32.0,68.0,"[{""score"": ""0 - 1"", ""pct"": 11.32}, {""score"": ""1 - 1"", ""pct"": 11.21}, {""score"": ""1 - 2"", ""pct"": 9.83}]"
Belgium,Turkey,Neutral,1.335,1.365,34.8,27.8,37.4,35.3,5.4,7.3,37.9,6.2,7.9,48.1,52.0,"[{""score"": ""1 - 1"", ""pct"": 12.46}, {""score"": ""0 - 1"", ""pct"": 9.879999999999999}, {""score"": ""1 - 0"", ""pct"": 8.94}]"
Belgium,New Zealand,Neutral,1.884,0.816,63.2,22.4,14.4,62.9,7.9,8.5,14.3,2.8,3.5,79.3,20.7,"[{""score"": ""1 - 0"", ""pct"": 13.18}, {""score"": ""2 - 0"", ""pct"": 11.27}, {""score"": ""1 - 1"", ""pct"": 10.36}]"
Belgium,England,Neutral,0.928,1.772,18.8,23.9,57.3,18.1,3.4,4.5,57.5,7.8,8.7,26.1,73.9,"[{""score"": ""0 - 1"", ""pct"": 12.43}, {""score"": ""1 - 1"", ""pct"": 10.76}, {""score"": ""0 - 2"", ""pct"": 10.65}]"
Belgium,Haiti,Neutral,1.845,0.855,61.2,22.9,15.9,60.3,7.7,9.2,15.8,2.9,4.1,77.2,22.8,"[{""score"": ""1 - 0"", ""pct"": 13.25}, {""score"": ""2 - 0"", ""pct"": 10.82}, {""score"": ""1 - 1"", ""pct"": 10.18}]"
Belgium,Scotland,Neutral,1.66,1.04,51.3,25.9,22.8,52.2,7.4,8.1,22.7,4.0,5.5,67.8,32.2,"[{""score"": ""1 - 1"", ""pct"": 11.540000000000001}, {""score"": ""1 - 0"", ""pct"": 11.42}, {""score"": ""2 - 0"", ""pct"": 9.11}]"
Belgium,Germany,Neutral,1.213,1.487,29.5,26.9,43.6,30.2,5.4,6.9,42.4,6.7,8.3,42.6,57.4,"[{""score"": ""1 - 1"", ""pct"": 12.370000000000001}, {""score"": ""0 - 1"", ""pct"": 10.25}, {""score"": ""1 - 2"", ""pct"": 9.51}]"
Belgium,Japan,Neutral,1.073,1.627,24.4,25.2,50.4,24.1,4.5,5.5,50.0,7.3,8.7,34.0,66.0,"[{""score"": ""0 - 1"", ""pct"": 11.87}, {""score"": ""1 - 1"", ""pct"": 11.32}, {""score"": ""1 - 2"", ""pct"": 9.48}]"
Belgium,Curaçao,Neutral,2.081,0.619,72.0,19.4,8.6,71.5,7.2,7.9,9.2,1.5,2.6,86.7,13.3,"[{""score"": ""2 - 0"", ""pct"": 14.540000000000001}, {""score"": ""1 - 0"", ""pct"": 14.330000000000002}, {""score"": ""3 - 0"", ""pct"": 9.74}]"
Belgium,Uruguay,Neutral,1.185,1.515,28.4,26.7,44.9,29.9,4.8,6.4,44.5,6.5,8.0,41.0,59.0,"[{""score"": ""1 - 1"", ""pct"": 12.33}, {""score"": ""0 - 1"", ""pct"": 10.16}, {""score"": ""1 - 2"", ""pct"": 9.16}]"
Belgium,Sweden,Neutral,1.908,0.792,63.8,22.3,13.9,64.4,7.6,8.4,13.6,2.7,3.3,80.4,19.6,"[{""score"": ""1 - 0"", ""pct"": 13.59}, {""score"": ""2 - 0"", ""pct"": 12.21}, {""score"": ""1 - 1"", ""pct"": 9.84}]"
Belgium,Iran,Neutral,1.32,1.38,35.2,26.7,38.1,35.1,6.3,7.2,37.7,6.0,7.5,48.7,51.3,"[{""score"": ""1 - 1"", ""pct"": 12.67}, {""score"": ""0 - 1"", ""pct"": 9.34}, {""score"": ""1 - 0"", ""pct"": 8.73}]"
Belgium,United States,Neutral,1.585,1.115,47.5,26.3,26.2,48.3,7.0,9.1,25.4,4.4,5.9,64.4,35.6,"[{""score"": ""1 - 1"", ""pct"": 11.97}, {""score"": ""1 - 0"", ""pct"": 11.200000000000001}, {""score"": ""2 - 1"", ""pct"": 9.51}]"
Belgium,Jordan,Neutral,1.634,1.066,50.3,26.4,23.2,50.2,7.1,9.2,23.3,4.5,5.7,66.5,33.5,"[{""score"": ""1 - 1"", ""pct"": 11.93}, {""score"": ""1 - 0"", ""pct"": 11.12}, {""score"": ""2 - 1"", ""pct"": 9.4}]"
Belgium,Ghana,Neutral,2.062,0.638,71.1,19.6,9.3,71.0,7.2,8.2,9.2,2.1,2.4,86.4,13.6,"[{""score"": ""2 - 0"", ""pct"": 14.06}, {""score"": ""1 - 0"", ""pct"": 13.79}, {""score"": ""3 - 0"", ""pct"": 9.73}]"
Belgium,Czech Republic,Neutral,1.765,0.935,56.6,24.2,19.2,57.1,7.2,8.1,19.3,3.4,4.9,72.4,27.6,"[{""score"": ""1 - 0"", ""pct"": 12.01}, {""score"": ""1 - 1"", ""pct"": 10.99}, {""score"": ""2 - 0"", ""pct"": 10.48}]"
Belgium,Croatia,Neutral,1.262,1.438,32.9,26.6,40.5,32.7,5.5,6.7,40.8,6.5,7.7,45.0,55.0,"[{""score"": ""1 - 1"", ""pct"": 11.709999999999999}, {""score"": ""0 - 1"", ""pct"": 9.65}, {""score"": ""1 - 2"", ""pct"": 8.85}]"
Belgium,Ecuador,Neutral,1.081,1.619,23.7,26.5,49.8,24.1,4.7,5.5,49.6,7.6,8.6,34.2,65.8,"[{""score"": ""1 - 1"", ""pct"": 11.959999999999999}, {""score"": ""0 - 1"", ""pct"": 11.27}, {""score"": ""1 - 2"", ""pct"": 9.6}]"
Belgium,Brazil,Neutral,0.99,1.71,21.0,25.0,54.0,20.7,4.0,5.0,54.6,7.1,8.6,29.7,70.3,"[{""score"": ""0 - 1"", ""pct"": 11.87}, {""score"": ""1 - 1"", ""pct"": 11.17}, {""score"": ""1 - 2"", ""pct"": 9.76}]"
Belgium,Bosnia and Herzegovina,Neutral,2.104,0.596,73.3,18.4,8.3,73.2,7.3,7.7,7.9,1.8,2.2,88.2,11.8,"[{""score"": ""2 - 0"", ""pct"": 15.57}, {""score"": ""1 - 0"", ""pct"": 15.03}, {""score"": ""3 - 0"", ""pct"": 9.75}]"
Belgium,South Africa,Neutral,2.005,0.695,69.3,19.9,10.8,67.6,7.8,8.7,10.7,2.1,3.0,84.1,15.9,"[{""score"": ""1 - 0"", ""pct"": 14.16}, {""score"": ""2 - 0"", ""pct"": 13.36}, {""score"": ""2 - 1"", ""pct"": 10.059999999999999}]"
Belgium,Paraguay,Neutral,1.388,1.312,38.2,27.3,34.4,37.5,6.3,7.1,36.0,5.8,7.2,51.0,49.0,"[{""score"": ""1 - 1"", ""pct"": 12.520000000000001}, {""score"": ""1 - 0"", ""pct"": 9.62}, {""score"": ""0 - 1"", ""pct"": 8.790000000000001}]"
Belgium,Norway,Neutral,1.314,1.386,35.0,26.4,38.6,34.2,5.7,7.3,39.3,5.9,7.6,47.2,52.8,"[{""score"": ""1 - 1"", ""pct"": 11.65}, {""score"": ""0 - 1"", ""pct"": 10.0}, {""score"": ""1 - 0"", ""pct"": 9.120000000000001}]"
Belgium,Algeria,Neutral,1.42,1.28,39.8,27.3,33.0,39.7,6.2,7.9,33.8,5.4,7.0,53.8,46.2,"[{""score"": ""1 - 1"", ""pct"": 11.91}, {""score"": ""1 - 0"", ""pct"": 9.66}, {""score"": ""2 - 1"", ""pct"": 9.19}]"
Norway,Ivory Coast,Neutral,1.694,1.006,52.6,25.2,22.2,53.2,7.7,8.7,21.3,4.1,5.0,69.6,30.4,"[{""score"": ""1 - 1"", ""pct"": 11.61}, {""score"": ""1 - 0"", ""pct"": 11.4}, {""score"": ""2 - 1"", ""pct"": 9.629999999999999}]"
Norway,Uzbekistan,Neutral,1.515,1.185,44.2,26.7,29.1,44.8,6.8,8.5,28.3,5.2,6.3,60.1,39.9,"[{""score"": ""1 - 1"", ""pct"": 12.36}, {""score"": ""1 - 0"", ""pct"": 10.37}, {""score"": ""2 - 1"", ""pct"": 8.86}]"
Norway,Qatar,Neutral,2.172,0.528,75.4,17.8,6.8,75.1,7.4,7.4,6.8,1.4,1.9,89.9,10.1,"[{""score"": ""2 - 0"", ""pct"": 16.02}, {""score"": ""1 - 0"", ""pct"": 14.6}, {""score"": ""3 - 0"", ""pct"": 10.81}]"
Norway,Panama,Neutral,1.543,1.157,45.7,26.7,27.5,45.9,7.1,8.3,27.2,4.8,6.7,61.3,38.7,"[{""score"": ""1 - 1"", ""pct"": 12.5}, {""score"": ""1 - 0"", ""pct"": 10.37}, {""score"": ""2 - 1"", ""pct"": 9.16}]"
Norway,Saudi Arabia,Neutral,1.927,0.773,64.6,21.7,13.7,64.4,7.9,8.5,13.2,2.6,3.3,80.9,19.1,"[{""score"": ""1 - 0"", ""pct"": 13.43}, {""score"": ""2 - 0"", ""pct"": 12.73}, {""score"": ""1 - 1"", ""pct"": 9.8}]"
Norway,Tunisia,Neutral,1.855,0.845,61.6,23.1,15.4,60.9,8.0,8.8,15.6,3.1,3.6,77.7,22.3,"[{""score"": ""1 - 0"", ""pct"": 13.34}, {""score"": ""2 - 0"", ""pct"": 11.709999999999999}, {""score"": ""1 - 1"", ""pct"": 10.16}]"
Norway,Austria,Neutral,1.631,1.069,49.6,26.0,24.4,50.5,6.8,8.7,24.0,4.3,5.7,66.0,34.0,"[{""score"": ""1 - 1"", ""pct"": 11.88}, {""score"": ""1 - 0"", ""pct"": 10.51}, {""score"": ""2 - 1"", ""pct"": 9.55}]"
Norway,Senegal,Neutral,1.392,1.308,38.6,26.8,34.7,37.9,6.4,7.3,35.3,5.8,7.4,51.6,48.4,"[{""score"": ""1 - 1"", ""pct"": 12.34}, {""score"": ""1 - 0"", ""pct"": 9.39}, {""score"": ""0 - 1"", ""pct"": 8.68}]"
Norway,Netherlands,Neutral,1.229,1.471,30.7,26.8,42.5,31.1,5.7,6.6,42.1,6.5,7.9,43.5,56.6,"[{""score"": ""1 - 1"", ""pct"": 11.940000000000001}, {""score"": ""0 - 1"", ""pct"": 10.33}, {""score"": ""1 - 2"", ""pct"": 8.77}]"
Norway,Colombia,Neutral,1.015,1.685,21.9,25.3,52.8,21.8,3.9,5.0,53.0,7.2,9.0,30.7,69.3,"[{""score"": ""0 - 1"", ""pct"": 12.049999999999999}, {""score"": ""1 - 1"", ""pct"": 11.600000000000001}, {""score"": ""1 - 2"", ""pct"": 9.83}]"
Norway,South Korea,Neutral,1.398,1.302,38.7,26.7,34.7,38.6,6.8,7.7,34.3,5.5,7.1,53.2,46.8,"[{""score"": ""1 - 1"", ""pct"": 12.139999999999999}, {""score"": ""1 - 0"", ""pct"": 9.82}, {""score"": ""0 - 1"", ""pct"": 8.89}]"
Norway,Switzerland,Neutral,1.424,1.276,40.2,27.1,32.7,40.0,6.5,7.9,32.7,5.9,7.1,54.4,45.6,"[{""score"": ""1 - 1"", ""pct"": 12.36}, {""score"": ""1 - 0"", ""pct"": 9.719999999999999}, {""score"": ""2 - 1"", ""pct"": 8.92}]"
Norway,Australia,Neutral,1.316,1.384,35.1,26.7,38.2,34.4,5.7,7.3,39.1,5.8,7.7,47.5,52.5,"[{""score"": ""1 - 1"", ""pct"": 12.33}, {""score"": ""0 - 1"", ""pct"": 9.08}, {""score"": ""1 - 0"", ""pct"": 8.74}]"
Norway,France,Neutral,0.884,1.816,16.8,23.4,59.7,17.6,2.9,4.0,59.6,7.4,8.5,24.6,75.4,"[{""score"": ""0 - 1"", ""pct"": 13.11}, {""score"": ""1 - 1"", ""pct"": 10.63}, {""score"": ""0 - 2"", ""pct"": 10.54}]"
Norway,Morocco,Neutral,1.116,1.584,26.3,26.5,47.1,26.2,4.9,5.8,47.4,7.3,8.4,36.9,63.1,"[{""score"": ""1 - 1"", ""pct"": 12.1}, {""score"": ""0 - 1"", ""pct"": 10.27}, {""score"": ""1 - 2"", ""pct"": 9.81}]"
Norway,Argentina,Neutral,0.69,2.01,10.2,20.2,69.6,10.7,1.9,2.8,68.9,7.5,8.2,15.4,84.6,"[{""score"": ""0 - 1"", ""pct"": 14.280000000000001}, {""score"": ""0 - 2"", ""pct"": 13.459999999999999}, {""score"": ""1 - 2"", ""pct"": 9.379999999999999}]"
Norway,DR Congo,Neutral,1.781,0.919,58.1,24.1,17.8,57.2,7.8,8.6,18.3,3.7,4.4,73.6,26.4,"[{""score"": ""1 - 0"", ""pct"": 12.83}, {""score"": ""1 - 1"", ""pct"": 10.9}, {""score"": ""2 - 0"", ""pct"": 10.639999999999999}]"
Norway,Iraq,Neutral,1.829,0.871,60.7,23.2,16.1,60.1,7.6,8.5,16.4,3.2,4.2,76.3,23.7,"[{""score"": ""1 - 0"", ""pct"": 12.27}, {""score"": ""2 - 0"", ""pct"": 11.42}, {""score"": ""1 - 1"", ""pct"": 10.08}]"
Norway,Mexico,Neutral,1.199,1.501,29.8,26.4,43.7,29.0,4.9,6.7,44.1,6.7,8.5,40.7,59.3,"[{""score"": ""1 - 1"", ""pct"": 11.62}, {""score"": ""0 - 1"", ""pct"": 10.23}, {""score"": ""1 - 2"", ""pct"": 9.07}]"
Norway,Cape Verde,Neutral,2.077,0.623,71.1,19.4,9.5,72.1,7.2,7.9,8.4,1.8,2.6,87.2,12.8,"[{""score"": ""1 - 0"", ""pct"": 14.35}, {""score"": ""2 - 0"", ""pct"": 14.19}, {""score"": ""2 - 1"", ""pct"": 9.45}]"
Norway,Canada,Neutral,1.463,1.237,41.6,26.8,31.6,42.2,6.6,8.1,30.7,5.8,6.7,56.9,43.1,"[{""score"": ""1 - 1"", ""pct"": 12.11}, {""score"": ""1 - 0"", ""pct"": 10.02}, {""score"": ""2 - 1"", ""pct"": 8.88}]"
Norway,Egypt,Neutral,1.753,0.947,56.8,24.0,19.2,56.4,7.7,8.7,18.7,3.7,4.8,72.8,27.2,"[{""score"": ""1 - 0"", ""pct"": 12.1}, {""score"": ""1 - 1"", ""pct"": 10.77}, {""score"": ""2 - 0"", ""pct"": 10.51}]"
Norway,Spain,Neutral,0.701,1.999,11.3,20.5,68.2,10.9,2.0,3.2,68.3,7.6,7.9,16.1,83.9,"[{""score"": ""0 - 1"", ""pct"": 14.48}, {""score"": ""0 - 2"", ""pct"": 12.920000000000002}, {""score"": ""1 - 2"", ""pct"": 9.56}]"
Norway,Portugal,Neutral,1.068,1.632,24.6,25.7,49.7,23.8,4.1,5.1,50.8,7.4,8.7,33.0,67.0,"[{""score"": ""1 - 1"", ""pct"": 11.58}, {""score"": ""0 - 1"", ""pct"": 11.14}, {""score"": ""1 - 2"", ""pct"": 9.629999999999999}]"
Norway,Turkey,Neutral,1.371,1.329,37.7,27.0,35.3,37.0,6.2,7.6,35.8,5.6,7.8,50.8,49.2,"[{""score"": ""1 - 1"", ""pct"": 12.4}, {""score"": ""1 - 0"", ""pct"": 9.56}, {""score"": ""0 - 1"", ""pct"": 8.790000000000001}]"
Norway,New Zealand,Neutral,1.911,0.789,64.8,21.4,13.7,63.8,7.7,8.3,14.1,2.9,3.3,79.8,20.2,"[{""score"": ""1 - 0"", ""pct"": 13.74}, {""score"": ""2 - 0"", ""pct"": 12.73}, {""score"": ""1 - 1"", ""pct"": 9.5}]"
Norway,England,Neutral,0.959,1.741,19.3,24.7,56.0,19.0,3.6,4.8,55.6,7.5,9.3,27.5,72.5,"[{""score"": ""0 - 1"", ""pct"": 12.32}, {""score"": ""1 - 1"", ""pct"": 11.12}, {""score"": ""1 - 2"", ""pct"": 10.22}]"
Norway,Haiti,Neutral,1.873,0.827,62.1,22.6,15.3,62.1,7.6,8.3,15.1,3.0,4.0,78.0,22.1,"[{""score"": ""1 - 0"", ""pct"": 13.420000000000002}, {""score"": ""2 - 0"", ""pct"": 11.42}, {""score"": ""1 - 1"", ""pct"": 10.34}]"
Norway,Scotland,Neutral,1.693,1.007,53.0,26.5,20.5,53.3,7.4,8.7,21.6,3.9,5.0,69.4,30.6,"[{""score"": ""1 - 1"", ""pct"": 11.82}, {""score"": ""1 - 0"", ""pct"": 11.37}, {""score"": ""2 - 1"", ""pct"": 9.86}]"
Norway,Germany,Neutral,1.249,1.451,32.0,26.0,42.0,31.4,5.4,6.8,42.2,6.4,7.7,43.7,56.3,"[{""score"": ""1 - 1"", ""pct"": 11.95}, {""score"": ""0 - 1"", ""pct"": 10.11}, {""score"": ""1 - 2"", ""pct"": 8.92}]"
Norway,Japan,Neutral,1.108,1.592,25.5,26.2,48.3,25.6,4.4,6.2,49.2,6.7,7.9,36.2,63.8,"[{""score"": ""1 - 1"", ""pct"": 11.379999999999999}, {""score"": ""0 - 1"", ""pct"": 10.61}, {""score"": ""1 - 2"", ""pct"": 9.33}]"
Norway,Curaçao,Neutral,2.101,0.599,72.8,18.8,8.4,73.2,7.1,7.4,8.5,1.9,2.0,87.7,12.4,"[{""score"": ""2 - 0"", ""pct"": 14.899999999999999}, {""score"": ""1 - 0"", ""pct"": 14.89}, {""score"": ""3 - 0"", ""pct"": 9.66}]"
Norway,Uruguay,Neutral,1.22,1.48,29.2,27.3,43.5,30.9,5.6,7.1,42.4,6.6,7.5,43.5,56.5,"[{""score"": ""1 - 1"", ""pct"": 11.81}, {""score"": ""0 - 1"", ""pct"": 9.969999999999999}, {""score"": ""1 - 2"", ""pct"": 8.59}]"
Norway,Sweden,Neutral,1.935,0.765,65.7,21.7,12.6,64.6,7.8,8.7,12.8,2.7,3.3,81.1,18.9,"[{""score"": ""1 - 0"", ""pct"": 13.370000000000001}, {""score"": ""2 - 0"", ""pct"": 12.43}, {""score"": ""2 - 1"", ""pct"": 9.78}]"
Norway,Iran,Neutral,1.356,1.344,36.9,26.8,36.3,36.8,6.0,7.8,36.1,6.1,7.2,50.6,49.4,"[{""score"": ""1 - 1"", ""pct"": 12.35}, {""score"": ""0 - 1"", ""pct"": 9.59}, {""score"": ""1 - 0"", ""pct"": 9.46}]"
Norway,United States,Neutral,1.62,1.08,50.9,25.0,24.1,49.3,7.5,8.7,24.2,4.4,5.9,65.5,34.5,"[{""score"": ""1 - 0"", ""pct"": 12.31}, {""score"": ""1 - 1"", ""pct"": 11.55}, {""score"": ""2 - 1"", ""pct"": 9.92}]"
Norway,Jordan,Neutral,1.667,1.033,52.8,24.9,22.4,51.4,7.5,8.3,23.0,4.5,5.3,67.2,32.8,"[{""score"": ""1 - 0"", ""pct"": 12.23}, {""score"": ""1 - 1"", ""pct"": 11.33}, {""score"": ""2 - 1"", ""pct"": 9.28}]"
Norway,Ghana,Neutral,2.082,0.618,72.7,18.8,8.5,71.7,8.0,7.5,9.0,1.6,2.3,87.2,12.9,"[{""score"": ""2 - 0"", ""pct"": 15.4}, {""score"": ""1 - 0"", ""pct"": 15.0}, {""score"": ""3 - 0"", ""pct"": 9.4}]"
Norway,Czech Republic,Neutral,1.796,0.904,58.4,23.8,17.8,59.1,7.1,8.6,17.4,3.6,4.1,74.8,25.2,"[{""score"": ""1 - 0"", ""pct"": 12.8}, {""score"": ""1 - 1"", ""pct"": 11.07}, {""score"": ""2 - 0"", ""pct"": 10.56}]"
Norway,Croatia,Neutral,1.298,1.402,33.9,28.0,38.1,33.7,5.7,7.1,39.2,6.1,8.2,46.5,53.5,"[{""score"": ""1 - 1"", ""pct"": 12.47}, {""score"": ""0 - 1"", ""pct"": 9.48}, {""score"": ""1 - 0"", ""pct"": 8.76}]"
Norway,Ecuador,Neutral,1.116,1.584,25.3,26.9,47.9,25.9,4.7,6.0,47.9,7.2,8.3,36.6,63.4,"[{""score"": ""1 - 1"", ""pct"": 11.98}, {""score"": ""0 - 1"", ""pct"": 10.58}, {""score"": ""1 - 2"", ""pct"": 9.959999999999999}]"
Norway,Brazil,Neutral,1.023,1.677,22.0,25.7,52.3,21.9,3.7,5.3,53.0,7.4,8.6,31.0,69.0,"[{""score"": ""1 - 1"", ""pct"": 11.67}, {""score"": ""0 - 1"", ""pct"": 11.540000000000001}, {""score"": ""1 - 2"", ""pct"": 9.64}]"
Norway,Bosnia and Herzegovina,Neutral,2.123,0.577,74.4,17.3,8.2,73.5,7.3,7.8,7.9,1.5,2.0,88.6,11.4,"[{""score"": ""1 - 0"", ""pct"": 15.03}, {""score"": ""2 - 0"", ""pct"": 14.719999999999999}, {""score"": ""3 - 0"", ""pct"": 10.39}]"
Norway,South Africa,Neutral,2.028,0.672,70.0,20.3,9.7,68.8,7.2,8.0,11.2,2.1,2.7,84.1,15.9,"[{""score"": ""1 - 0"", ""pct"": 14.81}, {""score"": ""2 - 0"", ""pct"": 13.51}, {""score"": ""1 - 1"", ""pct"": 9.32}]"
Norway,Paraguay,Neutral,1.424,1.276,39.2,27.4,33.4,40.1,6.3,7.8,33.4,5.5,6.9,54.3,45.7,"[{""score"": ""1 - 1"", ""pct"": 12.709999999999999}, {""score"": ""1 - 0"", ""pct"": 9.84}, {""score"": ""0 - 1"", ""pct"": 9.04}]"
Norway,Belgium,Neutral,1.386,1.314,37.6,27.7,34.7,37.6,6.5,7.6,34.8,6.2,7.3,51.6,48.3,"[{""score"": ""1 - 1"", ""pct"": 12.6}, {""score"": ""1 - 0"", ""pct"": 9.93}, {""score"": ""0 - 1"", ""pct"": 9.09}]"
Norway,Algeria,Neutral,1.456,1.244,41.3,26.4,32.3,41.4,6.9,8.1,30.8,5.5,7.3,56.4,43.6,"[{""score"": ""1 - 1"", ""pct"": 12.4}, {""score"": ""1 - 0"", ""pct"": 10.459999999999999}, {""score"": ""2 - 1"", ""pct"": 8.62}]"
Algeria,Ivory Coast,Neutral,1.595,1.105,48.9,26.0,25.1,48.9,7.1,8.8,24.4,4.7,6.0,64.8,35.2,"[{""score"": ""1 - 1"", ""pct"": 12.08}, {""score"": ""1 - 0"", ""pct"": 11.52}, {""score"": ""2 - 1"", ""pct"": 9.370000000000001}]"
Algeria,Uzbekistan,Neutral,1.41,1.29,39.6,27.2,33.1,38.8,6.5,7.5,34.5,5.5,7.1,52.8,47.2,"[{""score"": ""1 - 1"", ""pct"": 12.379999999999999}, {""score"": ""1 - 0"", ""pct"": 9.54}, {""score"": ""2 - 1"", ""pct"": 8.86}]"
Algeria,Qatar,Neutral,2.122,0.578,73.2,18.8,8.0,74.2,6.7,7.4,8.0,1.4,2.3,88.3,11.7,"[{""score"": ""1 - 0"", ""pct"": 14.680000000000001}, {""score"": ""2 - 0"", ""pct"": 14.649999999999999}, {""score"": ""3 - 0"", ""pct"": 10.2}]"
Algeria,Panama,Neutral,1.439,1.261,40.7,26.7,32.6,41.3,6.8,7.7,32.1,5.8,6.3,55.8,44.2,"[{""score"": ""1 - 1"", ""pct"": 12.16}, {""score"": ""1 - 0"", ""pct"": 10.01}, {""score"": ""2 - 1"", ""pct"": 8.86}]"
Algeria,Saudi Arabia,Neutral,1.846,0.854,60.7,23.6,15.7,60.4,7.5,8.5,16.8,2.9,3.9,76.4,23.6,"[{""score"": ""1 - 0"", ""pct"": 12.26}, {""score"": ""2 - 0"", ""pct"": 11.74}, {""score"": ""1 - 1"", ""pct"": 11.08}]"
Algeria,Tunisia,Neutral,1.768,0.932,57.3,24.5,18.2,57.5,7.5,8.4,18.5,3.4,4.6,73.4,26.6,"[{""score"": ""1 - 0"", ""pct"": 13.139999999999999}, {""score"": ""1 - 1"", ""pct"": 11.42}, {""score"": ""2 - 0"", ""pct"": 10.15}]"
Algeria,Austria,Neutral,1.529,1.171,44.7,26.7,28.5,44.6,7.0,8.7,28.3,5.1,6.3,60.3,39.7,"[{""score"": ""1 - 1"", ""pct"": 11.940000000000001}, {""score"": ""1 - 0"", ""pct"": 10.4}, {""score"": ""2 - 1"", ""pct"": 8.86}]"
Algeria,Senegal,Neutral,1.287,1.413,33.2,26.5,40.3,33.4,5.8,7.2,39.1,6.5,8.0,46.3,53.7,"[{""score"": ""1 - 1"", ""pct"": 11.84}, {""score"": ""0 - 1"", ""pct"": 9.719999999999999}, {""score"": ""1 - 2"", ""pct"": 9.08}]"
Algeria,Netherlands,Neutral,1.126,1.574,25.9,25.6,48.5,26.1,4.9,6.0,47.6,6.6,8.8,37.0,63.0,"[{""score"": ""1 - 1"", ""pct"": 12.049999999999999}, {""score"": ""0 - 1"", ""pct"": 11.26}, {""score"": ""1 - 2"", ""pct"": 9.64}]"
Algeria,Colombia,Neutral,0.922,1.778,17.8,24.0,58.2,17.4,3.5,4.5,58.1,7.8,8.6,25.5,74.5,"[{""score"": ""0 - 1"", ""pct"": 12.7}, {""score"": ""1 - 1"", ""pct"": 11.15}, {""score"": ""0 - 2"", ""pct"": 10.43}]"
Algeria,South Korea,Neutral,1.292,1.408,33.9,26.7,39.4,34.2,5.9,7.0,39.1,6.3,7.6,47.0,53.0,"[{""score"": ""1 - 1"", ""pct"": 11.97}, {""score"": ""0 - 1"", ""pct"": 9.89}, {""score"": ""1 - 2"", ""pct"": 8.5}]"
Algeria,Switzerland,Neutral,1.318,1.382,35.1,27.2,37.7,35.0,5.8,7.4,37.8,6.5,7.6,48.1,51.9,"[{""score"": ""1 - 1"", ""pct"": 12.21}, {""score"": ""0 - 1"", ""pct"": 9.44}, {""score"": ""1 - 0"", ""pct"": 8.42}]"
Algeria,Australia,Neutral,1.211,1.489,29.8,27.1,43.2,30.2,5.3,6.6,42.6,6.8,8.4,42.2,57.8,"[{""score"": ""1 - 1"", ""pct"": 12.540000000000001}, {""score"": ""0 - 1"", ""pct"": 10.03}, {""score"": ""1 - 2"", ""pct"": 9.01}]"
Algeria,France,Neutral,0.801,1.899,14.1,22.3,63.7,14.1,2.7,3.2,63.6,7.7,8.7,20.0,80.0,"[{""score"": ""0 - 1"", ""pct"": 13.48}, {""score"": ""0 - 2"", ""pct"": 12.36}, {""score"": ""1 - 1"", ""pct"": 10.290000000000001}]"
Algeria,Morocco,Neutral,1.017,1.683,22.4,25.1,52.5,21.1,4.4,5.4,53.2,7.4,8.5,30.8,69.2,"[{""score"": ""1 - 1"", ""pct"": 11.67}, {""score"": ""0 - 1"", ""pct"": 11.58}, {""score"": ""1 - 2"", ""pct"": 9.93}]"
Algeria,Argentina,Neutral,0.626,2.074,9.0,19.4,71.6,9.1,1.9,2.5,72.2,6.7,7.7,13.5,86.5,"[{""score"": ""0 - 2"", ""pct"": 14.64}, {""score"": ""0 - 1"", ""pct"": 14.6}, {""score"": ""0 - 3"", ""pct"": 9.27}]"
Algeria,DR Congo,Neutral,1.688,1.012,53.5,24.8,21.7,52.7,7.4,8.3,22.0,4.1,5.5,68.4,31.6,"[{""score"": ""1 - 0"", ""pct"": 11.62}, {""score"": ""1 - 1"", ""pct"": 11.03}, {""score"": ""2 - 1"", ""pct"": 10.16}]"
Algeria,Iraq,Neutral,1.74,0.96,55.5,24.8,19.7,55.3,7.5,8.6,20.3,3.6,4.6,71.5,28.5,"[{""score"": ""1 - 0"", ""pct"": 12.049999999999999}, {""score"": ""1 - 1"", ""pct"": 10.82}, {""score"": ""2 - 1"", ""pct"": 9.98}]"
Algeria,Mexico,Neutral,1.097,1.603,24.9,25.9,49.2,24.9,4.4,5.7,48.9,7.0,9.0,35.0,65.0,"[{""score"": ""1 - 1"", ""pct"": 11.469999999999999}, {""score"": ""0 - 1"", ""pct"": 11.16}, {""score"": ""1 - 2"", ""pct"": 9.32}]"
Algeria,Cape Verde,Neutral,2.014,0.686,69.5,20.1,10.4,69.3,7.3,7.7,11.1,1.8,2.8,84.3,15.7,"[{""score"": ""1 - 0"", ""pct"": 14.63}, {""score"": ""2 - 0"", ""pct"": 13.13}, {""score"": ""2 - 1"", ""pct"": 9.1}]"
Algeria,Canada,Neutral,1.358,1.342,36.6,27.3,36.0,36.0,6.3,7.1,37.3,6.1,7.2,49.4,50.6,"[{""score"": ""1 - 1"", ""pct"": 12.21}, {""score"": ""0 - 1"", ""pct"": 9.65}, {""score"": ""1 - 0"", ""pct"": 9.07}]"
Algeria,Egypt,Neutral,1.659,1.041,51.5,25.7,22.8,51.3,7.4,8.4,23.1,4.4,5.3,67.1,32.9,"[{""score"": ""1 - 0"", ""pct"": 11.98}, {""score"": ""1 - 1"", ""pct"": 11.48}, {""score"": ""2 - 1"", ""pct"": 9.66}]"
Algeria,Spain,Neutral,0.636,2.064,9.3,18.9,71.7,9.4,2.0,2.4,71.3,7.1,7.8,13.8,86.2,"[{""score"": ""0 - 1"", ""pct"": 14.649999999999999}, {""score"": ""0 - 2"", ""pct"": 14.41}, {""score"": ""0 - 3"", ""pct"": 9.77}]"
Algeria,Portugal,Neutral,0.972,1.728,20.2,25.8,54.0,20.4,3.7,4.7,55.1,7.6,8.5,28.9,71.1,"[{""score"": ""1 - 1"", ""pct"": 11.95}, {""score"": ""0 - 1"", ""pct"": 11.88}, {""score"": ""0 - 2"", ""pct"": 9.700000000000001}]"
Algeria,Turkey,Neutral,1.265,1.435,32.2,27.8,40.0,32.4,5.2,6.9,41.2,6.6,7.7,44.4,55.6,"[{""score"": ""1 - 1"", ""pct"": 12.389999999999999}, {""score"": ""0 - 1"", ""pct"": 9.74}, {""score"": ""1 - 0"", ""pct"": 8.799999999999999}]"
Algeria,New Zealand,Neutral,1.829,0.871,60.2,23.6,16.2,59.9,7.7,8.3,17.0,3.2,4.0,75.8,24.2,"[{""score"": ""1 - 0"", ""pct"": 12.98}, {""score"": ""2 - 0"", ""pct"": 11.65}, {""score"": ""1 - 1"", ""pct"": 10.68}]"
Algeria,England,Neutral,0.87,1.83,16.5,23.1,60.4,16.1,3.2,3.9,61.0,7.3,8.5,23.2,76.8,"[{""score"": ""0 - 1"", ""pct"": 13.270000000000001}, {""score"": ""1 - 1"", ""pct"": 11.01}, {""score"": ""0 - 2"", ""pct"": 10.870000000000001}]"
Algeria,Haiti,Neutral,1.787,0.913,58.3,24.1,17.6,58.2,7.5,8.6,18.2,3.3,4.2,74.3,25.7,"[{""score"": ""1 - 0"", ""pct"": 12.43}, {""score"": ""1 - 1"", ""pct"": 11.34}, {""score"": ""2 - 0"", ""pct"": 10.61}]"
Algeria,Scotland,Neutral,1.594,1.106,47.9,26.4,25.7,48.4,6.8,8.5,25.8,4.4,6.1,63.7,36.3,"[{""score"": ""1 - 1"", ""pct"": 11.98}, {""score"": ""1 - 0"", ""pct"": 10.95}, {""score"": ""2 - 1"", ""pct"": 9.520000000000001}]"
Algeria,Germany,Neutral,1.145,1.555,27.1,26.6,46.3,27.3,4.9,6.1,46.9,6.8,8.0,38.3,61.7,"[{""score"": ""1 - 1"", ""pct"": 11.74}, {""score"": ""0 - 1"", ""pct"": 10.85}, {""score"": ""1 - 2"", ""pct"": 9.31}]"
Algeria,Japan,Neutral,1.009,1.691,21.6,25.2,53.1,21.9,3.9,5.5,52.9,7.0,8.9,31.2,68.8,"[{""score"": ""0 - 1"", ""pct"": 12.35}, {""score"": ""1 - 1"", ""pct"": 11.3}, {""score"": ""1 - 2"", ""pct"": 9.35}]"
Algeria,Curaçao,Neutral,2.04,0.66,70.0,19.9,10.1,70.8,7.4,7.8,9.7,1.7,2.5,86.0,14.0,"[{""score"": ""1 - 0"", ""pct"": 14.49}, {""score"": ""2 - 0"", ""pct"": 13.81}, {""score"": ""2 - 1"", ""pct"": 9.26}]"
Algeria,Uruguay,Neutral,1.117,1.583,25.8,26.7,47.5,26.0,4.5,5.9,47.8,7.0,8.9,36.4,63.6,"[{""score"": ""1 - 1"", ""pct"": 11.86}, {""score"": ""0 - 1"", ""pct"": 10.74}, {""score"": ""1 - 2"", ""pct"": 9.46}]"
Algeria,Sweden,Neutral,1.855,0.845,60.7,24.0,15.3,61.5,7.9,8.1,15.6,3.3,3.6,77.5,22.5,"[{""score"": ""1 - 0"", ""pct"": 12.94}, {""score"": ""2 - 0"", ""pct"": 10.639999999999999}, {""score"": ""1 - 1"", ""pct"": 10.620000000000001}]"
Algeria,Iran,Neutral,1.25,1.45,31.6,26.9,41.5,30.9,5.8,7.2,41.5,6.2,8.3,43.9,56.1,"[{""score"": ""1 - 1"", ""pct"": 12.790000000000001}, {""score"": ""0 - 1"", ""pct"": 10.209999999999999}, {""score"": ""1 - 2"", ""pct"": 8.780000000000001}]"
Algeria,United States,Neutral,1.518,1.182,44.8,26.6,28.6,45.0,7.5,8.0,28.4,5.0,6.1,60.5,39.5,"[{""score"": ""1 - 1"", ""pct"": 12.06}, {""score"": ""2 - 1"", ""pct"": 9.91}, {""score"": ""1 - 0"", ""pct"": 9.91}]"
Algeria,Jordan,Neutral,1.567,1.133,47.1,27.1,25.8,47.2,7.3,8.4,26.4,4.8,5.9,62.9,37.1,"[{""score"": ""1 - 1"", ""pct"": 11.81}, {""score"": ""1 - 0"", ""pct"": 11.68}, {""score"": ""2 - 1"", ""pct"": 9.26}]"
Algeria,Ghana,Neutral,2.02,0.68,68.7,20.6,10.8,69.0,7.2,7.9,10.8,2.1,2.9,84.1,15.9,"[{""score"": ""1 - 0"", ""pct"": 13.8}, {""score"": ""2 - 0"", ""pct"": 12.920000000000002}, {""score"": ""2 - 1"", ""pct"": 9.39}]"
Algeria,Czech Republic,Neutral,1.704,0.996,53.9,25.1,21.0,54.2,7.4,8.3,20.9,4.0,5.2,69.9,30.1,"[{""score"": ""1 - 0"", ""pct"": 12.479999999999999}, {""score"": ""1 - 1"", ""pct"": 11.34}, {""score"": ""2 - 1"", ""pct"": 9.64}]"
Algeria,Croatia,Neutral,1.193,1.507,29.9,26.4,43.6,29.2,5.1,6.8,44.0,6.7,8.2,41.1,58.9,"[{""score"": ""1 - 1"", ""pct"": 11.89}, {""score"": ""0 - 1"", ""pct"": 10.280000000000001}, {""score"": ""1 - 2"", ""pct"": 9.4}]"
Algeria,Ecuador,Neutral,1.017,1.683,21.9,24.7,53.3,22.0,4.0,5.1,52.6,7.6,8.7,31.2,68.8,"[{""score"": ""0 - 1"", ""pct"": 11.81}, {""score"": ""1 - 1"", ""pct"": 11.03}, {""score"": ""1 - 2"", ""pct"": 9.65}]"
Algeria,Brazil,Neutral,0.93,1.77,17.8,24.9,57.3,18.3,3.5,4.3,57.8,7.4,8.7,26.2,73.8,"[{""score"": ""0 - 1"", ""pct"": 12.23}, {""score"": ""1 - 1"", ""pct"": 11.21}, {""score"": ""0 - 2"", ""pct"": 10.26}]"
Algeria,Bosnia and Herzegovina,Neutral,2.065,0.635,71.7,18.8,9.5,71.7,7.0,8.1,9.2,1.7,2.3,86.8,13.2,"[{""score"": ""2 - 0"", ""pct"": 14.979999999999999}, {""score"": ""1 - 0"", ""pct"": 14.57}, {""score"": ""3 - 0"", ""pct"": 9.67}]"
Algeria,South Africa,Neutral,1.958,0.742,66.1,21.4,12.5,66.4,7.4,8.1,12.5,2.6,3.0,81.9,18.1,"[{""score"": ""1 - 0"", ""pct"": 13.68}, {""score"": ""2 - 0"", ""pct"": 13.15}, {""score"": ""2 - 1"", ""pct"": 9.520000000000001}]"
Algeria,Paraguay,Neutral,1.319,1.381,35.1,27.5,37.3,34.9,5.9,7.4,38.1,6.2,7.5,48.2,51.8,"[{""score"": ""1 - 1"", ""pct"": 12.08}, {""score"": ""0 - 1"", ""pct"": 9.66}, {""score"": ""1 - 0"", ""pct"": 9.31}]"
Algeria,Belgium,Neutral,1.28,1.42,33.7,26.9,39.4,32.8,6.0,7.2,39.8,6.3,8.0,46.0,54.0,"[{""score"": ""1 - 1"", ""pct"": 11.64}, {""score"": ""0 - 1"", ""pct"": 9.6}, {""score"": ""1 - 0"", ""pct"": 8.99}]"
Algeria,Norway,Neutral,1.244,1.456,30.8,28.1,41.1,31.4,5.7,6.5,41.6,6.7,8.1,43.6,56.4,"[{""score"": ""1 - 1"", ""pct"": 12.29}, {""score"": ""0 - 1"", ""pct"": 9.76}, {""score"": ""1 - 2"", ""pct"": 9.0}]"
United States,Ivory Coast,United States,1.73,0.97,55.4,25.0,19.6,55.4,7.5,8.9,20.1,3.7,4.4,71.8,28.2,"[{""score"": ""1 - 0"", ""pct"": 11.88}, {""score"": ""1 - 1"", ""pct"": 11.25}, {""score"": ""2 - 1"", ""pct"": 10.209999999999999}]"
United States,Uzbekistan,United States,1.555,1.145,46.3,25.7,28.0,46.7,7.0,8.4,27.0,4.8,6.0,62.2,37.8,"[{""score"": ""1 - 1"", ""pct"": 11.34}, {""score"": ""1 - 0"", ""pct"": 10.57}, {""score"": ""2 - 1"", ""pct"": 9.25}]"
United States,Qatar,United States,2.19,0.51,76.7,16.7,6.6,76.4,6.9,7.4,6.5,1.1,1.7,90.7,9.3,"[{""score"": ""2 - 0"", ""pct"": 16.580000000000002}, {""score"": ""1 - 0"", ""pct"": 15.120000000000001}, {""score"": ""3 - 0"", ""pct"": 11.129999999999999}]"
United States,Panama,United States,1.583,1.117,47.3,26.9,25.8,47.8,7.4,8.2,25.9,4.8,5.9,63.4,36.6,"[{""score"": ""1 - 1"", ""pct"": 12.1}, {""score"": ""1 - 0"", ""pct"": 10.979999999999999}, {""score"": ""2 - 1"", ""pct"": 9.29}]"
United States,Saudi Arabia,United States,1.956,0.744,66.5,21.4,12.1,67.6,7.2,7.5,12.4,2.2,3.0,82.3,17.6,"[{""score"": ""1 - 0"", ""pct"": 13.25}, {""score"": ""2 - 0"", ""pct"": 13.01}, {""score"": ""2 - 1"", ""pct"": 9.76}]"
United States,Tunisia,United States,1.887,0.813,63.5,22.2,14.3,62.4,7.3,8.5,15.2,2.8,3.7,78.2,21.8,"[{""score"": ""1 - 0"", ""pct"": 13.170000000000002}, {""score"": ""2 - 0"", ""pct"": 11.68}, {""score"": ""1 - 1"", ""pct"": 10.26}]"
United States,Austria,United States,1.669,1.031,52.2,25.1,22.7,52.3,7.1,9.0,22.1,4.0,5.5,68.4,31.6,"[{""score"": ""1 - 0"", ""pct"": 11.600000000000001}, {""score"": ""1 - 1"", ""pct"": 11.06}, {""score"": ""2 - 1"", ""pct"": 9.58}]"
United States,Senegal,United States,1.434,1.266,39.8,27.2,33.0,40.5,6.6,8.0,32.5,5.6,6.9,55.1,44.9,"[{""score"": ""1 - 1"", ""pct"": 12.709999999999999}, {""score"": ""1 - 0"", ""pct"": 9.45}, {""score"": ""0 - 1"", ""pct"": 8.6}]"
United States,Netherlands,United States,1.27,1.43,33.1,27.2,39.7,32.6,5.8,6.8,40.2,6.5,8.1,45.1,54.9,"[{""score"": ""1 - 1"", ""pct"": 12.35}, {""score"": ""0 - 1"", ""pct"": 9.51}, {""score"": ""1 - 0"", ""pct"": 8.649999999999999}]"
United States,Colombia,United States,1.053,1.647,23.3,25.4,51.3,22.5,4.2,5.4,51.9,7.2,8.8,32.1,67.9,"[{""score"": ""1 - 1"", ""pct"": 11.53}, {""score"": ""0 - 1"", ""pct"": 11.29}, {""score"": ""1 - 2"", ""pct"": 9.89}]"
United States,South Korea,United States,1.439,1.261,41.5,26.7,31.9,41.5,6.4,7.6,31.8,5.8,6.8,55.6,44.5,"[{""score"": ""1 - 1"", ""pct"": 12.17}, {""score"": ""1 - 0"", ""pct"": 9.66}, {""score"": ""2 - 1"", ""pct"": 9.09}]"
United States,Switzerland,United States,1.465,1.235,42.8,26.5,30.7,41.9,6.9,8.0,31.3,5.4,6.5,56.8,43.2,"[{""score"": ""1 - 1"", ""pct"": 12.379999999999999}, {""score"": ""1 - 0"", ""pct"": 10.5}, {""score"": ""2 - 1"", ""pct"": 8.469999999999999}]"
United States,Australia,United States,1.358,1.342,36.1,27.1,36.8,36.9,6.2,7.7,35.9,5.7,7.6,50.8,49.2,"[{""score"": ""1 - 1"", ""pct"": 12.16}, {""score"": ""1 - 0"", ""pct"": 9.64}, {""score"": ""0 - 1"", ""pct"": 9.45}]"
United States,France,United States,0.919,1.781,17.8,24.1,58.1,17.8,3.7,4.3,57.3,7.8,9.0,25.8,74.2,"[{""score"": ""0 - 1"", ""pct"": 12.740000000000002}, {""score"": ""1 - 1"", ""pct"": 10.870000000000001}, {""score"": ""0 - 2"", ""pct"": 10.67}]"
United States,Morocco,United States,1.156,1.544,27.2,25.7,47.1,27.4,5.0,6.9,44.9,7.4,8.4,39.3,60.7,"[{""score"": ""1 - 1"", ""pct"": 11.66}, {""score"": ""0 - 1"", ""pct"": 10.94}, {""score"": ""1 - 2"", ""pct"": 9.48}]"
United States,Argentina,United States,0.717,1.983,11.4,20.5,68.0,11.3,2.4,3.0,67.4,7.6,8.3,16.7,83.3,"[{""score"": ""0 - 1"", ""pct"": 13.59}, {""score"": ""0 - 2"", ""pct"": 12.94}, {""score"": ""1 - 2"", ""pct"": 9.790000000000001}]"
United States,DR Congo,United States,1.815,0.885,59.0,23.7,17.3,59.8,8.1,8.7,16.0,3.1,4.3,76.6,23.4,"[{""score"": ""1 - 0"", ""pct"": 12.370000000000001}, {""score"": ""1 - 1"", ""pct"": 10.68}, {""score"": ""2 - 0"", ""pct"": 10.39}]"
United States,Iraq,United States,1.862,0.838,61.4,22.8,15.8,61.3,7.7,9.1,15.3,2.8,3.8,78.1,21.9,"[{""score"": ""1 - 0"", ""pct"": 12.85}, {""score"": ""2 - 0"", ""pct"": 11.799999999999999}, {""score"": ""1 - 1"", ""pct"": 10.190000000000001}]"
United States,Mexico,United States,1.24,1.46,31.1,27.1,41.9,31.1,5.3,6.5,42.1,6.4,8.6,42.9,57.1,"[{""score"": ""1 - 1"", ""pct"": 12.23}, {""score"": ""0 - 1"", ""pct"": 10.4}, {""score"": ""1 - 2"", ""pct"": 8.959999999999999}]"
United States,Cape Verde,United States,2.1,0.6,73.0,18.9,8.1,72.6,7.4,7.9,8.3,1.7,2.1,87.9,12.1,"[{""score"": ""2 - 0"", ""pct"": 15.0}, {""score"": ""1 - 0"", ""pct"": 14.78}, {""score"": ""3 - 0"", ""pct"": 9.76}]"
United States,Canada,United States,1.504,1.196,43.7,27.1,29.2,44.1,7.1,7.9,29.4,4.8,6.8,59.0,41.0,"[{""score"": ""1 - 1"", ""pct"": 11.75}, {""score"": ""1 - 0"", ""pct"": 10.11}, {""score"": ""2 - 1"", ""pct"": 9.229999999999999}]"
United States,Egypt,United States,1.789,0.911,57.9,24.6,17.5,57.6,7.3,8.3,18.7,3.7,4.5,73.2,26.8,"[{""score"": ""1 - 0"", ""pct"": 12.3}, {""score"": ""1 - 1"", ""pct"": 11.21}, {""score"": ""2 - 0"", ""pct"": 10.81}]"
United States,Spain,United States,0.728,1.972,12.3,21.0,66.7,12.0,2.2,3.2,66.7,7.6,8.2,17.4,82.5,"[{""score"": ""0 - 1"", ""pct"": 13.43}, {""score"": ""0 - 2"", ""pct"": 12.98}, {""score"": ""1 - 1"", ""pct"": 9.47}]"
United States,Portugal,United States,1.107,1.593,25.0,26.1,48.8,25.8,4.9,5.5,48.5,7.1,8.3,36.1,63.9,"[{""score"": ""1 - 1"", ""pct"": 11.85}, {""score"": ""0 - 1"", ""pct"": 10.42}, {""score"": ""1 - 2"", ""pct"": 9.66}]"
United States,Turkey,United States,1.412,1.288,39.8,27.5,32.7,38.8,6.2,7.8,34.1,5.9,7.2,52.8,47.2,"[{""score"": ""1 - 1"", ""pct"": 12.6}, {""score"": ""1 - 0"", ""pct"": 9.83}, {""score"": ""2 - 1"", ""pct"": 8.58}]"
United States,New Zealand,United States,1.941,0.759,65.0,21.9,13.1,65.8,7.6,8.6,12.3,2.5,3.3,82.0,18.0,"[{""score"": ""1 - 0"", ""pct"": 13.73}, {""score"": ""2 - 0"", ""pct"": 12.65}, {""score"": ""1 - 1"", ""pct"": 10.11}]"
United States,England,United States,0.996,1.704,21.2,25.1,53.6,20.4,4.2,5.3,54.0,7.5,8.7,29.8,70.2,"[{""score"": ""0 - 1"", ""pct"": 12.25}, {""score"": ""1 - 1"", ""pct"": 11.12}, {""score"": ""1 - 2"", ""pct"": 10.040000000000001}]"
United States,Haiti,United States,1.904,0.796,63.6,22.7,13.7,63.7,7.1,8.8,14.4,2.5,3.3,79.7,20.3,"[{""score"": ""1 - 0"", ""pct"": 13.28}, {""score"": ""2 - 0"", ""pct"": 11.58}, {""score"": ""1 - 1"", ""pct"": 10.26}]"
United States,Scotland,United States,1.729,0.971,54.6,25.5,19.9,55.2,7.4,8.7,20.3,3.1,5.2,71.4,28.6,"[{""score"": ""1 - 0"", ""pct"": 12.1}, {""score"": ""1 - 1"", ""pct"": 11.25}, {""score"": ""2 - 0"", ""pct"": 9.87}]"
United States,Germany,United States,1.29,1.41,33.6,27.0,39.4,32.9,5.4,7.4,40.0,6.5,7.7,45.8,54.2,"[{""score"": ""1 - 1"", ""pct"": 12.1}, {""score"": ""0 - 1"", ""pct"": 9.950000000000001}, {""score"": ""1 - 0"", ""pct"": 8.68}]"
United States,Japan,United States,1.147,1.553,27.1,26.6,46.3,26.6,5.1,6.4,46.8,7.1,8.2,38.0,62.0,"[{""score"": ""1 - 1"", ""pct"": 11.75}, {""score"": ""0 - 1"", ""pct"": 10.41}, {""score"": ""1 - 2"", ""pct"": 9.34}]"
United States,Curaçao,United States,2.122,0.578,74.0,18.2,7.8,73.4,7.2,7.8,8.2,1.5,2.0,88.3,11.7,"[{""score"": ""2 - 0"", ""pct"": 15.190000000000001}, {""score"": ""1 - 0"", ""pct"": 14.92}, {""score"": ""3 - 0"", ""pct"": 10.52}]"
United States,Uruguay,United States,1.261,1.439,32.7,27.1,40.2,31.7,6.0,6.9,40.6,6.4,8.4,44.6,55.4,"[{""score"": ""1 - 1"", ""pct"": 12.07}, {""score"": ""0 - 1"", ""pct"": 9.98}, {""score"": ""1 - 2"", ""pct"": 8.73}]"
United States,Sweden,United States,1.964,0.736,65.9,22.0,12.1,65.7,7.7,8.1,13.0,2.5,3.0,81.5,18.5,"[{""score"": ""1 - 0"", ""pct"": 13.569999999999999}, {""score"": ""2 - 0"", ""pct"": 12.72}, {""score"": ""1 - 1"", ""pct"": 10.56}]"
United States,Iran,United States,1.397,1.303,38.6,26.5,34.9,38.7,6.5,8.2,33.7,5.8,7.2,53.3,46.7,"[{""score"": ""1 - 1"", ""pct"": 11.82}, {""score"": ""0 - 1"", ""pct"": 9.28}, {""score"": ""1 - 0"", ""pct"": 9.26}]"
United States,Jordan,United States,1.705,0.995,54.2,24.5,21.3,54.0,7.3,9.2,20.6,3.9,4.9,70.6,29.4,"[{""score"": ""1 - 0"", ""pct"": 11.74}, {""score"": ""1 - 1"", ""pct"": 11.5}, {""score"": ""2 - 1"", ""pct"": 10.33}]"
United States,Ghana,United States,2.105,0.595,72.6,18.7,8.6,73.7,6.7,7.4,8.3,1.9,2.0,87.8,12.2,"[{""score"": ""2 - 0"", ""pct"": 14.829999999999998}, {""score"": ""1 - 0"", ""pct"": 14.16}, {""score"": ""3 - 0"", ""pct"": 10.15}]"
United States,Czech Republic,United States,1.829,0.871,59.2,23.8,17.0,60.1,7.9,8.3,16.4,3.0,4.3,76.2,23.8,"[{""score"": ""1 - 0"", ""pct"": 13.23}, {""score"": ""1 - 1"", ""pct"": 10.75}, {""score"": ""2 - 0"", ""pct"": 10.73}]"
United States,Croatia,United States,1.339,1.361,36.2,27.5,36.3,35.4,6.2,7.4,37.4,6.3,7.3,49.0,51.0,"[{""score"": ""1 - 1"", ""pct"": 12.22}, {""score"": ""1 - 0"", ""pct"": 9.31}, {""score"": ""0 - 1"", ""pct"": 8.88}]"
United States,Ecuador,United States,1.155,1.545,27.2,26.5,46.3,28.4,4.7,6.6,45.8,6.5,8.1,39.7,60.3,"[{""score"": ""1 - 1"", ""pct"": 11.97}, {""score"": ""0 - 1"", ""pct"": 10.72}, {""score"": ""1 - 2"", ""pct"": 9.32}]"
United States,Brazil,United States,1.061,1.639,23.2,26.6,50.2,23.5,4.0,6.0,51.4,6.8,8.3,33.5,66.5,"[{""score"": ""1 - 1"", ""pct"": 11.98}, {""score"": ""0 - 1"", ""pct"": 11.48}, {""score"": ""1 - 2"", ""pct"": 9.520000000000001}]"
United States,Bosnia and Herzegovina,United States,2.143,0.557,75.5,17.5,7.1,75.1,6.6,7.2,7.6,1.3,2.2,88.8,11.2,"[{""score"": ""2 - 0"", ""pct"": 15.440000000000001}, {""score"": ""1 - 0"", ""pct"": 15.370000000000001}, {""score"": ""3 - 0"", ""pct"": 11.03}]"
United States,South Africa,United States,2.053,0.647,71.0,19.2,9.8,71.5,7.3,7.7,9.2,2.0,2.4,86.5,13.5,"[{""score"": ""1 - 0"", ""pct"": 14.71}, {""score"": ""2 - 0"", ""pct"": 13.68}, {""score"": ""2 - 1"", ""pct"": 9.45}]"
United States,Paraguay,United States,1.465,1.235,42.2,26.5,31.3,42.0,6.6,8.1,31.0,5.2,7.1,56.7,43.3,"[{""score"": ""1 - 1"", ""pct"": 12.4}, {""score"": ""1 - 0"", ""pct"": 10.31}, {""score"": ""2 - 1"", ""pct"": 9.32}]"
United States,Belgium,United States,1.427,1.273,40.0,27.0,33.0,40.2,6.7,8.1,32.0,5.9,7.2,54.9,45.1,"[{""score"": ""1 - 1"", ""pct"": 12.32}, {""score"": ""1 - 0"", ""pct"": 9.9}, {""score"": ""0 - 1"", ""pct"": 8.74}]"
United States,Norway,United States,1.391,1.309,39.6,27.1,33.3,37.9,6.4,7.2,34.8,6.2,7.5,51.5,48.5,"[{""score"": ""1 - 1"", ""pct"": 12.15}, {""score"": ""1 - 0"", ""pct"": 9.8}, {""score"": ""2 - 1"", ""pct"": 8.81}]"
United States,Algeria,United States,1.496,1.204,43.4,27.4,29.2,43.6,6.7,8.4,29.3,5.4,6.6,58.7,41.3,"[{""score"": ""1 - 1"", ""pct"": 12.370000000000001}, {""score"": ""1 - 0"", ""pct"": 10.0}, {""score"": ""2 - 1"", ""pct"": 9.33}]"
Ivory Coast,United States,United States,1.583,1.117,47.6,26.5,25.9,47.2,7.1,8.5,26.6,4.6,6.0,62.8,37.2,"[{""score"": ""1 - 1"", ""pct"": 12.030000000000001}, {""score"": ""1 - 0"", ""pct"": 10.84}, {""score"": ""2 - 1"", ""pct"": 9.610000000000001}]"
Uzbekistan,United States,United States,1.756,0.944,55.8,24.6,19.6,56.7,7.5,8.6,18.6,3.7,4.9,72.8,27.2,"[{""score"": ""1 - 0"", ""pct"": 12.13}, {""score"": ""1 - 1"", ""pct"": 11.19}, {""score"": ""2 - 1"", ""pct"": 9.950000000000001}]"
Qatar,United States,United States,0.905,1.795,17.2,23.9,58.9,17.3,3.1,4.4,58.6,7.8,8.8,24.8,75.2,"[{""score"": ""0 - 1"", ""pct"": 12.42}, {""score"": ""0 - 2"", ""pct"": 10.92}, {""score"": ""1 - 1"", ""pct"": 10.14}]"
Panama,United States,United States,1.73,0.97,55.5,24.6,19.9,56.0,7.7,8.5,19.4,3.8,4.6,72.2,27.8,"[{""score"": ""1 - 0"", ""pct"": 11.57}, {""score"": ""1 - 1"", ""pct"": 11.35}, {""score"": ""2 - 1"", ""pct"": 10.290000000000001}]"
Saudi Arabia,United States,United States,1.301,1.399,34.5,27.2,38.4,33.3,6.2,7.5,38.6,7.0,7.5,46.9,53.1,"[{""score"": ""1 - 1"", ""pct"": 12.3}, {""score"": ""0 - 1"", ""pct"": 9.790000000000001}, {""score"": ""1 - 0"", ""pct"": 8.68}]"
Tunisia,United States,United States,1.396,1.304,37.8,27.5,34.7,40.1,6.0,7.4,34.2,5.5,6.8,53.4,46.6,"[{""score"": ""1 - 1"", ""pct"": 11.78}, {""score"": ""1 - 0"", ""pct"": 9.51}, {""score"": ""0 - 1"", ""pct"": 8.84}]"
Austria,United States,United States,1.647,1.053,50.7,25.7,23.6,51.2,7.2,8.1,23.6,4.3,5.5,66.5,33.5,"[{""score"": ""1 - 1"", ""pct"": 11.379999999999999}, {""score"": ""1 - 0"", ""pct"": 10.81}, {""score"": ""2 - 1"", ""pct"": 9.719999999999999}]"
Senegal,United States,United States,1.858,0.842,61.0,23.6,15.4,61.9,7.7,8.2,15.1,3.2,4.0,77.8,22.2,"[{""score"": ""1 - 0"", ""pct"": 12.91}, {""score"": ""2 - 0"", ""pct"": 11.58}, {""score"": ""1 - 1"", ""pct"": 10.489999999999998}]"
Netherlands,United States,United States,1.978,0.722,67.4,20.6,12.0,66.5,7.1,8.7,12.2,2.4,3.1,82.3,17.7,"[{""score"": ""1 - 0"", ""pct"": 14.21}, {""score"": ""2 - 0"", ""pct"": 13.36}, {""score"": ""2 - 1"", ""pct"": 9.35}]"
Colombia,United States,United States,2.112,0.588,73.1,19.1,7.8,73.6,7.2,7.4,8.1,1.7,2.1,88.1,11.9,"[{""score"": ""2 - 0"", ""pct"": 15.329999999999998}, {""score"": ""1 - 0"", ""pct"": 14.469999999999999}, {""score"": ""3 - 0"", ""pct"": 10.190000000000001}]"
South Korea,United States,United States,1.853,0.847,61.6,22.3,16.1,61.4,7.5,8.6,15.4,3.2,4.0,77.4,22.6,"[{""score"": ""1 - 0"", ""pct"": 12.989999999999998}, {""score"": ""2 - 0"", ""pct"": 11.66}, {""score"": ""1 - 1"", ""pct"": 10.15}]"
Switzerland,United States,United States,1.833,0.867,60.1,23.5,16.3,60.8,7.6,8.6,15.8,3.1,4.1,77.0,23.0,"[{""score"": ""1 - 0"", ""pct"": 12.24}, {""score"": ""2 - 0"", ""pct"": 11.35}, {""score"": ""1 - 1"", ""pct"": 10.290000000000001}]"
Australia,United States,United States,1.916,0.784,64.5,22.0,13.5,64.6,7.4,8.9,13.1,2.8,3.2,81.0,19.0,"[{""score"": ""1 - 0"", ""pct"": 13.669999999999998}, {""score"": ""2 - 0"", ""pct"": 12.25}, {""score"": ""1 - 1"", ""pct"": 10.290000000000001}]"
France,United States,United States,2.183,0.517,76.1,17.3,6.6,77.0,7.0,7.3,6.1,1.1,1.6,91.3,8.7,"[{""score"": ""2 - 0"", ""pct"": 15.690000000000001}, {""score"": ""1 - 0"", ""pct"": 15.340000000000002}, {""score"": ""3 - 0"", ""pct"": 11.379999999999999}]"
Morocco,United States,United States,2.051,0.649,70.3,19.8,10.0,71.0,7.0,7.7,9.8,1.9,2.6,85.7,14.3,"[{""score"": ""1 - 0"", ""pct"": 14.149999999999999}, {""score"": ""2 - 0"", ""pct"": 14.02}, {""score"": ""3 - 0"", ""pct"": 9.66}]"
Argentina,United States,United States,2.277,0.423,80.1,15.2,4.8,80.9,6.1,6.5,4.2,1.0,1.3,93.5,6.5,"[{""score"": ""2 - 0"", ""pct"": 17.2}, {""score"": ""1 - 0"", ""pct"": 15.75}, {""score"": ""3 - 0"", ""pct"": 13.28}]"
DR Congo,United States,United States,1.486,1.214,44.1,26.2,29.7,42.8,7.0,7.7,30.9,5.2,6.4,57.5,42.5,"[{""score"": ""1 - 1"", ""pct"": 12.0}, {""score"": ""1 - 0"", ""pct"": 10.68}, {""score"": ""2 - 1"", ""pct"": 8.9}]"
Iraq,United States,United States,1.428,1.272,39.9,27.0,33.2,41.0,6.9,7.6,32.4,5.5,6.7,55.5,44.5,"[{""score"": ""1 - 1"", ""pct"": 12.370000000000001}, {""score"": ""1 - 0"", ""pct"": 9.74}, {""score"": ""0 - 1"", ""pct"": 8.690000000000001}]"
Mexico,United States,United States,1.998,0.702,68.5,20.4,11.1,68.6,7.9,7.9,10.7,2.1,2.9,84.3,15.7,"[{""score"": ""1 - 0"", ""pct"": 13.84}, {""score"": ""2 - 0"", ""pct"": 13.350000000000001}, {""score"": ""2 - 1"", ""pct"": 9.83}]"
Cape Verde,United States,United States,1.074,1.626,24.0,26.2,49.8,23.3,4.0,6.5,50.5,7.0,8.8,33.8,66.2,"[{""score"": ""1 - 1"", ""pct"": 11.88}, {""score"": ""0 - 1"", ""pct"": 11.07}, {""score"": ""1 - 2"", ""pct"": 9.59}]"
Canada,United States,United States,1.8,0.9,59.4,24.1,16.5,58.7,7.8,8.6,17.3,3.5,4.1,75.1,24.9,"[{""score"": ""1 - 0"", ""pct"": 12.55}, {""score"": ""1 - 1"", ""pct"": 10.95}, {""score"": ""2 - 0"", ""pct"": 10.870000000000001}]"
Egypt,United States,United States,1.517,1.183,45.1,27.0,27.9,44.3,6.9,7.6,29.2,5.4,6.5,58.9,41.1,"[{""score"": ""1 - 1"", ""pct"": 12.27}, {""score"": ""1 - 0"", ""pct"": 10.45}, {""score"": ""2 - 1"", ""pct"": 9.27}]"
Spain,United States,United States,2.272,0.428,79.8,15.4,4.8,79.8,6.4,6.9,4.7,1.1,1.2,93.0,7.0,"[{""score"": ""2 - 0"", ""pct"": 17.29}, {""score"": ""1 - 0"", ""pct"": 16.32}, {""score"": ""3 - 0"", ""pct"": 12.55}]"
Portugal,United States,United States,2.081,0.619,71.5,19.3,9.2,72.1,6.6,8.0,9.0,2.0,2.3,86.8,13.2,"[{""score"": ""1 - 0"", ""pct"": 14.45}, {""score"": ""2 - 0"", ""pct"": 14.08}, {""score"": ""3 - 0"", ""pct"": 9.43}]"
Turkey,United States,United States,1.874,0.826,62.0,23.0,15.0,62.7,7.6,8.6,14.5,2.9,3.9,78.8,21.2,"[{""score"": ""1 - 0"", ""pct"": 12.93}, {""score"": ""2 - 0"", ""pct"": 11.44}, {""score"": ""1 - 1"", ""pct"": 10.77}]"
New Zealand,United States,United States,1.323,1.377,34.6,27.7,37.8,34.5,6.1,7.1,37.9,6.5,7.8,47.7,52.3,"[{""score"": ""1 - 1"", ""pct"": 12.76}, {""score"": ""0 - 1"", ""pct"": 9.11}, {""score"": ""1 - 0"", ""pct"": 8.82}]"
England,United States,United States,2.143,0.557,75.3,17.7,7.0,75.0,7.3,7.2,7.5,1.3,1.7,89.5,10.5,"[{""score"": ""2 - 0"", ""pct"": 15.78}, {""score"": ""1 - 0"", ""pct"": 14.92}, {""score"": ""3 - 0"", ""pct"": 10.7}]"
Haiti,United States,United States,1.373,1.327,37.2,27.5,35.2,38.0,6.2,7.8,34.8,5.9,7.3,52.0,48.0,"[{""score"": ""1 - 1"", ""pct"": 12.520000000000001}, {""score"": ""1 - 0"", ""pct"": 9.75}, {""score"": ""0 - 1"", ""pct"": 8.67}]"
Scotland,United States,United States,1.584,1.116,48.5,26.1,25.5,48.3,7.0,8.5,26.0,4.2,6.0,63.8,36.2,"[{""score"": ""1 - 1"", ""pct"": 11.799999999999999}, {""score"": ""1 - 0"", ""pct"": 11.67}, {""score"": ""2 - 1"", ""pct"": 9.39}]"
Germany,United States,United States,1.964,0.736,66.8,21.2,12.0,67.3,7.5,7.7,12.1,2.4,3.0,82.5,17.5,"[{""score"": ""1 - 0"", ""pct"": 14.32}, {""score"": ""2 - 0"", ""pct"": 12.959999999999999}, {""score"": ""1 - 1"", ""pct"": 10.08}]"
Japan,United States,United States,2.057,0.643,71.0,19.8,9.2,71.2,7.0,7.7,9.6,2.1,2.4,85.9,14.1,"[{""score"": ""1 - 0"", ""pct"": 14.56}, {""score"": ""2 - 0"", ""pct"": 13.719999999999999}, {""score"": ""2 - 1"", ""pct"": 9.43}]"
Curaçao,United States,United States,1.034,1.666,21.9,26.4,51.7,22.4,3.6,5.4,52.5,7.3,8.7,31.4,68.5,"[{""score"": ""0 - 1"", ""pct"": 11.799999999999999}, {""score"": ""1 - 1"", ""pct"": 11.63}, {""score"": ""1 - 2"", ""pct"": 9.82}]"
Uruguay,United States,United States,1.984,0.716,68.3,21.2,10.5,67.4,7.8,8.6,11.2,2.2,2.9,83.7,16.3,"[{""score"": ""1 - 0"", ""pct"": 14.48}, {""score"": ""2 - 0"", ""pct"": 13.469999999999999}, {""score"": ""1 - 1"", ""pct"": 9.85}]"
Sweden,United States,United States,1.29,1.41,33.8,26.7,39.5,34.5,5.4,7.0,39.0,6.4,7.7,47.0,53.0,"[{""score"": ""1 - 1"", ""pct"": 12.389999999999999}, {""score"": ""0 - 1"", ""pct"": 9.629999999999999}, {""score"": ""1 - 0"", ""pct"": 9.030000000000001}]"
Iran,United States,United States,1.886,0.814,62.5,22.2,15.2,63.4,7.3,8.7,14.4,2.7,3.5,79.3,20.6,"[{""score"": ""1 - 0"", ""pct"": 13.750000000000002}, {""score"": ""2 - 0"", ""pct"": 11.790000000000001}, {""score"": ""1 - 1"", ""pct"": 10.42}]"
Jordan,United States,United States,1.611,1.089,49.4,25.4,25.2,49.3,7.2,8.1,24.8,4.6,6.0,64.6,35.4,"[{""score"": ""1 - 1"", ""pct"": 12.07}, {""score"": ""1 - 0"", ""pct"": 11.25}, {""score"": ""2 - 1"", ""pct"": 9.54}]"
Ghana,United States,United States,1.065,1.635,23.6,25.8,50.6,24.0,4.5,5.1,50.4,6.7,9.3,33.6,66.4,"[{""score"": ""0 - 1"", ""pct"": 11.98}, {""score"": ""1 - 1"", ""pct"": 11.799999999999999}, {""score"": ""1 - 2"", ""pct"": 9.46}]"
Czech Republic,United States,United States,1.469,1.231,42.0,26.8,31.2,43.0,6.3,8.4,30.3,5.2,6.8,57.7,42.3,"[{""score"": ""1 - 1"", ""pct"": 12.379999999999999}, {""score"": ""1 - 0"", ""pct"": 10.23}, {""score"": ""0 - 1"", ""pct"": 8.799999999999999}]"
Croatia,United States,United States,1.929,0.771,64.9,22.0,13.0,64.8,7.1,9.0,13.0,2.6,3.5,81.0,19.0,"[{""score"": ""1 - 0"", ""pct"": 13.66}, {""score"": ""2 - 0"", ""pct"": 12.17}, {""score"": ""1 - 1"", ""pct"": 9.83}]"
Ecuador,United States,United States,2.052,0.648,70.1,20.2,9.8,71.3,7.3,7.3,9.7,2.1,2.2,85.9,14.1,"[{""score"": ""2 - 0"", ""pct"": 14.099999999999998}, {""score"": ""1 - 0"", ""pct"": 13.700000000000001}, {""score"": ""3 - 0"", ""pct"": 9.44}]"
Brazil,United States,United States,2.107,0.593,74.2,18.1,7.7,73.6,7.2,7.5,7.9,1.6,2.2,88.3,11.7,"[{""score"": ""2 - 0"", ""pct"": 15.22}, {""score"": ""1 - 0"", ""pct"": 14.75}, {""score"": ""3 - 0"", ""pct"": 10.54}]"
Bosnia and Herzegovina,United States,United States,0.996,1.704,21.4,24.1,54.4,20.1,4.0,4.7,54.8,7.5,8.8,28.9,71.1,"[{""score"": ""0 - 1"", ""pct"": 11.700000000000001}, {""score"": ""1 - 1"", ""pct"": 11.19}, {""score"": ""0 - 2"", ""pct"": 9.959999999999999}]"
South Africa,United States,United States,1.153,1.547,26.9,27.4,45.8,27.3,5.5,6.3,45.3,7.3,8.2,39.1,60.9,"[{""score"": ""1 - 1"", ""pct"": 12.33}, {""score"": ""0 - 1"", ""pct"": 10.37}, {""score"": ""1 - 2"", ""pct"": 9.370000000000001}]"
Paraguay,United States,United States,1.832,0.868,59.5,24.1,16.4,60.4,7.9,8.1,16.1,3.4,4.0,76.5,23.5,"[{""score"": ""1 - 0"", ""pct"": 11.88}, {""score"": ""2 - 0"", ""pct"": 11.29}, {""score"": ""1 - 1"", ""pct"": 10.85}]"
Belgium,United States,United States,1.863,0.837,61.7,23.2,15.1,62.1,7.2,8.3,15.4,3.2,3.9,77.5,22.5,"[{""score"": ""1 - 0"", ""pct"": 12.85}, {""score"": ""2 - 0"", ""pct"": 11.32}, {""score"": ""1 - 1"", ""pct"": 10.39}]"
Norway,United States,United States,1.891,0.809,63.3,22.0,14.6,63.7,7.4,8.7,14.0,2.7,3.5,79.8,20.2,"[{""score"": ""1 - 0"", ""pct"": 12.950000000000001}, {""score"": ""2 - 0"", ""pct"": 11.19}, {""score"": ""2 - 1"", ""pct"": 10.45}]"
Algeria,United States,United States,1.807,0.893,59.6,24.1,16.3,59.0,7.5,9.0,17.1,3.2,4.1,75.5,24.5,"[{""score"": ""1 - 0"", ""pct"": 13.33}, {""score"": ""1 - 1"", ""pct"": 10.82}, {""score"": ""2 - 0"", ""pct"": 10.75}]"
Mexico,Ivory Coast,Mexico,2.048,0.652,71.1,19.5,9.4,70.9,7.3,7.6,9.7,2.0,2.4,85.8,14.2,"[{""score"": ""1 - 0"", ""pct"": 14.31}, {""score"": ""2 - 0"", ""pct"": 14.299999999999999}, {""score"": ""3 - 0"", ""pct"": 9.39}]"
Mexico,Uzbekistan,Mexico,1.922,0.778,63.9,22.4,13.7,64.8,7.6,8.3,13.3,2.6,3.3,80.8,19.2,"[{""score"": ""1 - 0"", ""pct"": 12.98}, {""score"": ""2 - 0"", ""pct"": 11.82}, {""score"": ""1 - 1"", ""pct"": 10.16}]"
Mexico,Qatar,Mexico,2.322,0.378,82.0,14.1,3.9,81.2,6.1,6.6,4.3,0.9,1.0,93.8,6.2,"[{""score"": ""2 - 0"", ""pct"": 18.45}, {""score"": ""1 - 0"", ""pct"": 16.5}, {""score"": ""3 - 0"", ""pct"": 13.8}]"
Mexico,Panama,Mexico,1.943,0.757,65.4,22.2,12.5,65.6,7.0,8.0,13.2,2.5,3.6,80.7,19.3,"[{""score"": ""1 - 0"", ""pct"": 13.99}, {""score"": ""2 - 0"", ""pct"": 12.72}, {""score"": ""1 - 1"", ""pct"": 9.92}]"
Mexico,Saudi Arabia,Mexico,2.192,0.508,76.9,16.8,6.3,76.0,7.1,7.4,6.8,1.3,1.4,90.5,9.5,"[{""score"": ""2 - 0"", ""pct"": 16.11}, {""score"": ""1 - 0"", ""pct"": 15.18}, {""score"": ""3 - 0"", ""pct"": 11.24}]"
Mexico,Tunisia,Mexico,2.15,0.55,75.5,17.4,7.0,74.7,7.0,7.6,7.4,1.4,1.9,89.3,10.7,"[{""score"": ""2 - 0"", ""pct"": 16.14}, {""score"": ""1 - 0"", ""pct"": 14.44}, {""score"": ""3 - 0"", ""pct"": 10.77}]"
Mexico,Austria,Mexico,2.005,0.695,68.8,20.7,10.5,69.1,7.3,7.8,10.8,2.2,2.9,84.2,15.8,"[{""score"": ""1 - 0"", ""pct"": 13.930000000000001}, {""score"": ""2 - 0"", ""pct"": 13.48}, {""score"": ""1 - 1"", ""pct"": 9.36}]"
Mexico,Senegal,Mexico,1.827,0.873,60.6,22.5,16.9,59.7,7.2,9.0,16.2,3.4,4.4,76.0,24.0,"[{""score"": ""1 - 0"", ""pct"": 12.47}, {""score"": ""2 - 0"", ""pct"": 11.28}, {""score"": ""2 - 1"", ""pct"": 10.11}]"
Mexico,Netherlands,Mexico,1.686,1.014,52.8,26.0,21.2,53.0,7.5,8.6,21.1,4.4,5.4,69.1,30.9,"[{""score"": ""1 - 0"", ""pct"": 11.78}, {""score"": ""1 - 1"", ""pct"": 11.690000000000001}, {""score"": ""2 - 1"", ""pct"": 10.09}]"
Mexico,Colombia,Mexico,1.472,1.228,42.3,27.6,30.1,42.0,6.7,8.2,30.9,5.2,7.0,56.9,43.1,"[{""score"": ""1 - 1"", ""pct"": 12.35}, {""score"": ""1 - 0"", ""pct"": 10.0}, {""score"": ""2 - 1"", ""pct"": 8.81}]"
Mexico,South Korea,Mexico,1.832,0.868,60.2,23.6,16.2,60.6,7.4,8.6,16.4,2.9,4.1,76.6,23.4,"[{""score"": ""1 - 0"", ""pct"": 13.05}, {""score"": ""2 - 0"", ""pct"": 10.99}, {""score"": ""1 - 1"", ""pct"": 10.4}]"
Mexico,Switzerland,Mexico,1.852,0.848,61.1,23.1,15.8,61.9,7.5,8.1,15.7,3.0,3.7,77.5,22.4,"[{""score"": ""1 - 0"", ""pct"": 13.350000000000001}, {""score"": ""2 - 0"", ""pct"": 11.020000000000001}, {""score"": ""1 - 1"", ""pct"": 10.100000000000001}]"
Mexico,Australia,Mexico,1.764,0.936,57.2,24.0,18.8,57.5,8.1,8.4,18.0,3.7,4.3,74.0,26.0,"[{""score"": ""1 - 0"", ""pct"": 12.559999999999999}, {""score"": ""1 - 1"", ""pct"": 10.99}, {""score"": ""2 - 1"", ""pct"": 10.33}]"
Mexico,France,Mexico,1.322,1.378,35.6,26.9,37.5,34.8,6.1,7.0,38.6,6.1,7.3,47.9,52.1,"[{""score"": ""1 - 1"", ""pct"": 11.790000000000001}, {""score"": ""0 - 1"", ""pct"": 9.8}, {""score"": ""1 - 0"", ""pct"": 9.51}]"
Mexico,Morocco,Mexico,1.578,1.122,46.7,26.6,26.8,48.0,6.7,8.9,25.8,4.6,5.9,63.7,36.3,"[{""score"": ""1 - 1"", ""pct"": 12.42}, {""score"": ""1 - 0"", ""pct"": 11.24}, {""score"": ""2 - 1"", ""pct"": 8.790000000000001}]"
Mexico,Argentina,Mexico,1.063,1.637,23.3,26.1,50.5,23.7,4.2,6.0,50.1,7.4,8.6,33.9,66.1,"[{""score"": ""1 - 1"", ""pct"": 11.82}, {""score"": ""0 - 1"", ""pct"": 11.68}, {""score"": ""1 - 2"", ""pct"": 9.5}]"
Mexico,DR Congo,Mexico,2.104,0.596,73.2,18.2,8.6,73.7,6.8,7.6,8.0,1.7,2.2,88.1,11.9,"[{""score"": ""2 - 0"", ""pct"": 15.129999999999999}, {""score"": ""1 - 0"", ""pct"": 14.760000000000002}, {""score"": ""3 - 0"", ""pct"": 10.100000000000001}]"
Mexico,Iraq,Mexico,2.134,0.566,74.2,18.0,7.8,74.6,7.1,7.4,7.4,1.6,1.9,89.1,10.9,"[{""score"": ""2 - 0"", ""pct"": 14.96}, {""score"": ""1 - 0"", ""pct"": 14.860000000000001}, {""score"": ""3 - 0"", ""pct"": 11.110000000000001}]"
Mexico,Cape Verde,Mexico,2.274,0.426,80.8,14.8,4.4,80.4,6.1,6.4,4.9,1.0,1.2,92.9,7.1,"[{""score"": ""2 - 0"", ""pct"": 17.47}, {""score"": ""1 - 0"", ""pct"": 16.669999999999998}, {""score"": ""3 - 0"", ""pct"": 12.44}]"
Mexico,Canada,Mexico,1.883,0.817,63.3,22.1,14.6,62.7,7.7,8.2,14.7,2.9,3.8,78.6,21.4,"[{""score"": ""1 - 0"", ""pct"": 13.489999999999998}, {""score"": ""2 - 0"", ""pct"": 11.75}, {""score"": ""1 - 1"", ""pct"": 9.98}]"
Mexico,Egypt,Mexico,2.087,0.613,72.3,18.7,9.0,71.7,7.3,8.1,8.8,2.1,2.1,87.1,12.9,"[{""score"": ""2 - 0"", ""pct"": 14.75}, {""score"": ""1 - 0"", ""pct"": 14.27}, {""score"": ""3 - 0"", ""pct"": 9.969999999999999}]"
Mexico,Spain,Mexico,1.078,1.622,24.1,25.5,50.4,23.9,4.9,5.7,49.4,7.2,8.8,34.6,65.4,"[{""score"": ""1 - 1"", ""pct"": 11.63}, {""score"": ""0 - 1"", ""pct"": 11.42}, {""score"": ""1 - 2"", ""pct"": 9.180000000000001}]"
Mexico,Portugal,Mexico,1.528,1.172,45.5,26.6,27.9,45.5,7.1,8.3,27.8,5.0,6.4,60.9,39.1,"[{""score"": ""1 - 1"", ""pct"": 12.16}, {""score"": ""1 - 0"", ""pct"": 10.870000000000001}, {""score"": ""2 - 1"", ""pct"": 9.569999999999999}]"
Mexico,Turkey,Mexico,1.81,0.89,59.3,24.0,16.7,58.8,7.6,8.3,17.8,3.3,4.3,74.6,25.4,"[{""score"": ""1 - 0"", ""pct"": 12.879999999999999}, {""score"": ""1 - 1"", ""pct"": 10.94}, {""score"": ""2 - 0"", ""pct"": 10.75}]"
Mexico,New Zealand,Mexico,2.183,0.517,76.8,16.7,6.5,76.7,7.0,6.9,6.4,1.1,1.8,90.6,9.4,"[{""score"": ""2 - 0"", ""pct"": 16.3}, {""score"": ""1 - 0"", ""pct"": 15.07}, {""score"": ""3 - 0"", ""pct"": 11.559999999999999}]"
Mexico,England,Mexico,1.41,1.29,40.1,27.0,32.9,39.5,6.5,7.7,33.7,5.7,7.0,53.6,46.4,"[{""score"": ""1 - 1"", ""pct"": 12.0}, {""score"": ""1 - 0"", ""pct"": 9.84}, {""score"": ""0 - 1"", ""pct"": 8.61}]"
Mexico,Haiti,Mexico,2.16,0.54,75.5,17.4,7.1,75.2,7.1,7.8,7.0,1.2,1.8,90.1,9.9,"[{""score"": ""2 - 0"", ""pct"": 16.23}, {""score"": ""1 - 0"", ""pct"": 14.78}, {""score"": ""3 - 0"", ""pct"": 10.8}]"
Mexico,Scotland,Mexico,2.047,0.653,70.2,20.0,9.8,71.1,7.0,7.7,9.6,2.0,2.7,85.8,14.2,"[{""score"": ""1 - 0"", ""pct"": 14.580000000000002}, {""score"": ""2 - 0"", ""pct"": 13.86}, {""score"": ""3 - 0"", ""pct"": 9.08}]"
Mexico,Germany,Mexico,1.704,0.996,53.4,25.2,21.4,53.6,7.6,8.6,21.0,4.1,5.1,69.8,30.2,"[{""score"": ""1 - 1"", ""pct"": 11.81}, {""score"": ""1 - 0"", ""pct"": 11.690000000000001}, {""score"": ""2 - 1"", ""pct"": 10.040000000000001}]"
Mexico,Japan,Mexico,1.569,1.131,46.5,27.4,26.1,47.6,7.4,8.0,26.1,4.3,6.5,63.1,36.9,"[{""score"": ""1 - 1"", ""pct"": 12.15}, {""score"": ""1 - 0"", ""pct"": 10.52}, {""score"": ""2 - 1"", ""pct"": 9.73}]"
Mexico,Curaçao,Mexico,2.286,0.414,79.9,15.2,4.9,81.7,6.2,6.3,4.2,0.8,1.0,94.1,5.9,"[{""score"": ""2 - 0"", ""pct"": 17.39}, {""score"": ""1 - 0"", ""pct"": 15.58}, {""score"": ""3 - 0"", ""pct"": 12.889999999999999}]"
Mexico,Uruguay,Mexico,1.678,1.022,52.9,25.3,21.7,52.0,7.6,8.6,22.3,4.4,5.1,68.2,31.8,"[{""score"": ""1 - 1"", ""pct"": 11.65}, {""score"": ""1 - 0"", ""pct"": 11.450000000000001}, {""score"": ""2 - 0"", ""pct"": 9.569999999999999}]"
Mexico,Sweden,Mexico,2.196,0.504,77.3,16.7,5.9,77.0,6.4,7.4,6.5,1.2,1.6,90.7,9.3,"[{""score"": ""2 - 0"", ""pct"": 16.48}, {""score"": ""1 - 0"", ""pct"": 15.75}, {""score"": ""3 - 0"", ""pct"": 11.65}]"
Mexico,Iran,Mexico,1.797,0.903,58.5,23.9,17.5,58.7,7.9,8.3,17.7,3.0,4.4,74.9,25.1,"[{""score"": ""1 - 0"", ""pct"": 11.82}, {""score"": ""1 - 1"", ""pct"": 11.24}, {""score"": ""2 - 0"", ""pct"": 10.489999999999998}]"
Mexico,United States,Mexico,1.998,0.702,68.6,20.4,11.0,68.0,7.3,8.2,11.5,2.2,2.8,83.5,16.5,"[{""score"": ""1 - 0"", ""pct"": 14.35}, {""score"": ""2 - 0"", ""pct"": 13.34}, {""score"": ""2 - 1"", ""pct"": 9.4}]"
Mexico,Jordan,Mexico,2.03,0.67,70.0,19.9,10.1,70.0,7.2,7.9,10.3,2.2,2.5,85.1,14.9,"[{""score"": ""1 - 0"", ""pct"": 14.78}, {""score"": ""2 - 0"", ""pct"": 14.13}, {""score"": ""2 - 1"", ""pct"": 9.33}]"
Mexico,Ghana,Mexico,2.277,0.423,80.3,14.9,4.7,79.7,6.3,6.8,4.8,1.1,1.3,92.8,7.2,"[{""score"": ""2 - 0"", ""pct"": 17.84}, {""score"": ""1 - 0"", ""pct"": 16.2}, {""score"": ""3 - 0"", ""pct"": 12.67}]"
Mexico,Czech Republic,Mexico,2.113,0.587,73.2,18.6,8.2,74.5,6.8,7.5,7.7,1.4,2.0,88.8,11.1,"[{""score"": ""2 - 0"", ""pct"": 15.09}, {""score"": ""1 - 0"", ""pct"": 15.03}, {""score"": ""3 - 0"", ""pct"": 10.32}]"
Mexico,Croatia,Mexico,1.748,0.952,55.5,24.9,19.6,56.1,7.7,9.1,18.8,3.4,4.9,72.9,27.1,"[{""score"": ""1 - 0"", ""pct"": 12.370000000000001}, {""score"": ""1 - 1"", ""pct"": 11.940000000000001}, {""score"": ""2 - 0"", ""pct"": 10.02}]"
Mexico,Ecuador,Mexico,1.577,1.123,47.6,26.2,26.2,47.9,7.2,8.1,26.0,4.7,6.1,63.2,36.8,"[{""score"": ""1 - 1"", ""pct"": 12.049999999999999}, {""score"": ""1 - 0"", ""pct"": 10.72}, {""score"": ""2 - 1"", ""pct"": 9.78}]"
Mexico,Brazil,Mexico,1.481,1.219,43.2,26.9,29.9,43.4,6.8,7.9,30.1,5.0,6.9,58.0,42.0,"[{""score"": ""1 - 1"", ""pct"": 12.030000000000001}, {""score"": ""1 - 0"", ""pct"": 10.040000000000001}, {""score"": ""2 - 1"", ""pct"": 9.6}]"
Mexico,Bosnia and Herzegovina,Mexico,2.297,0.403,80.9,15.1,4.0,80.8,6.5,6.4,4.3,0.9,1.1,93.7,6.3,"[{""score"": ""2 - 0"", ""pct"": 17.75}, {""score"": ""1 - 0"", ""pct"": 16.21}, {""score"": ""3 - 0"", ""pct"": 13.170000000000002}]"
Mexico,South Africa,Mexico,2.248,0.452,78.5,16.0,5.5,78.8,6.7,7.0,5.1,1.0,1.3,92.6,7.4,"[{""score"": ""2 - 0"", ""pct"": 17.19}, {""score"": ""1 - 0"", ""pct"": 15.110000000000001}, {""score"": ""3 - 0"", ""pct"": 12.030000000000001}]"
Mexico,Paraguay,Mexico,1.853,0.847,61.5,23.5,15.0,61.5,7.3,8.6,15.8,2.8,4.0,77.4,22.6,"[{""score"": ""1 - 0"", ""pct"": 13.170000000000002}, {""score"": ""2 - 0"", ""pct"": 11.559999999999999}, {""score"": ""1 - 1"", ""pct"": 10.26}]"
Mexico,Belgium,Mexico,1.822,0.878,60.7,23.0,16.4,59.9,7.6,8.8,16.2,3.3,4.1,76.3,23.7,"[{""score"": ""1 - 0"", ""pct"": 12.790000000000001}, {""score"": ""2 - 0"", ""pct"": 11.55}, {""score"": ""1 - 1"", ""pct"": 10.56}]"
Mexico,Norway,Mexico,1.792,0.908,58.9,23.3,17.8,58.0,7.8,9.1,17.0,3.6,4.4,75.0,25.0,"[{""score"": ""1 - 0"", ""pct"": 12.920000000000002}, {""score"": ""1 - 1"", ""pct"": 10.72}, {""score"": ""2 - 0"", ""pct"": 10.530000000000001}]"
Mexico,Algeria,Mexico,1.877,0.823,61.9,23.2,14.8,62.7,7.9,8.4,14.3,2.9,3.9,78.9,21.1,"[{""score"": ""1 - 0"", ""pct"": 13.320000000000002}, {""score"": ""2 - 0"", ""pct"": 11.5}, {""score"": ""1 - 1"", ""pct"": 10.41}]"
Ivory Coast,Mexico,Mexico,1.161,1.539,27.0,26.9,46.1,28.6,4.9,6.4,44.1,7.2,8.8,39.9,60.1,"[{""score"": ""1 - 1"", ""pct"": 11.49}, {""score"": ""0 - 1"", ""pct"": 10.79}, {""score"": ""1 - 2"", ""pct"": 8.959999999999999}]"
Uzbekistan,Mexico,Mexico,1.349,1.351,36.6,26.7,36.8,35.4,5.9,7.6,37.1,5.8,8.1,48.9,51.1,"[{""score"": ""1 - 1"", ""pct"": 12.16}, {""score"": ""1 - 0"", ""pct"": 9.07}, {""score"": ""0 - 1"", ""pct"": 9.049999999999999}]"
Qatar,Mexico,Mexico,0.609,2.091,8.4,18.6,72.9,8.7,1.7,2.0,72.6,7.1,7.9,12.4,87.6,"[{""score"": ""0 - 2"", ""pct"": 14.860000000000001}, {""score"": ""0 - 1"", ""pct"": 14.499999999999998}, {""score"": ""0 - 3"", ""pct"": 9.68}]"
Panama,Mexico,Mexico,1.32,1.38,35.0,27.3,37.7,35.2,5.8,7.4,36.7,6.9,8.0,48.5,51.5,"[{""score"": ""1 - 1"", ""pct"": 11.99}, {""score"": ""1 - 0"", ""pct"": 9.36}, {""score"": ""0 - 1"", ""pct"": 8.86}]"
Saudi Arabia,Mexico,Mexico,0.902,1.798,17.4,23.7,58.9,16.9,3.3,4.4,58.5,7.7,9.2,24.6,75.4,"[{""score"": ""0 - 1"", ""pct"": 12.23}, {""score"": ""1 - 1"", ""pct"": 10.299999999999999}, {""score"": ""0 - 2"", ""pct"": 10.26}]"
Tunisia,Mexico,Mexico,0.984,1.716,20.0,24.4,55.5,20.1,3.6,4.5,55.7,7.7,8.3,28.3,71.7,"[{""score"": ""0 - 1"", ""pct"": 12.43}, {""score"": ""1 - 1"", ""pct"": 10.92}, {""score"": ""0 - 2"", ""pct"": 9.99}]"
Austria,Mexico,Mexico,1.228,1.472,31.6,25.9,42.4,30.9,5.3,6.7,42.9,6.7,7.5,42.9,57.1,"[{""score"": ""1 - 1"", ""pct"": 11.73}, {""score"": ""0 - 1"", ""pct"": 10.190000000000001}, {""score"": ""1 - 2"", ""pct"": 9.06}]"
Senegal,Mexico,Mexico,1.472,1.228,42.1,27.3,30.6,42.5,6.8,8.1,30.5,5.5,6.5,57.4,42.6,"[{""score"": ""1 - 1"", ""pct"": 12.120000000000001}, {""score"": ""1 - 0"", ""pct"": 10.56}, {""score"": ""2 - 1"", ""pct"": 8.76}]"
Netherlands,Mexico,Mexico,1.63,1.07,50.2,26.1,23.8,50.8,7.3,8.4,23.3,4.6,5.7,66.4,33.6,"[{""score"": ""1 - 1"", ""pct"": 12.02}, {""score"": ""1 - 0"", ""pct"": 10.86}, {""score"": ""2 - 1"", ""pct"": 9.34}]"
Colombia,Mexico,Mexico,1.827,0.873,60.6,22.9,16.5,60.6,7.4,8.7,16.3,2.9,4.2,76.7,23.3,"[{""score"": ""1 - 0"", ""pct"": 12.36}, {""score"": ""2 - 0"", ""pct"": 10.65}, {""score"": ""1 - 1"", ""pct"": 10.39}]"
South Korea,Mexico,Mexico,1.466,1.234,42.4,27.2,30.4,42.5,6.8,8.0,30.7,5.5,6.4,57.3,42.7,"[{""score"": ""1 - 1"", ""pct"": 12.29}, {""score"": ""1 - 0"", ""pct"": 10.14}, {""score"": ""2 - 1"", ""pct"": 8.89}]"
Switzerland,Mexico,Mexico,1.441,1.259,40.3,26.8,32.9,41.0,6.7,7.5,32.4,5.5,6.9,55.2,44.8,"[{""score"": ""1 - 1"", ""pct"": 11.959999999999999}, {""score"": ""1 - 0"", ""pct"": 9.98}, {""score"": ""0 - 1"", ""pct"": 8.43}]"
Australia,Mexico,Mexico,1.546,1.154,45.9,26.7,27.4,46.2,6.7,8.1,27.9,5.0,6.1,61.0,39.0,"[{""score"": ""1 - 1"", ""pct"": 12.120000000000001}, {""score"": ""1 - 0"", ""pct"": 10.870000000000001}, {""score"": ""2 - 1"", ""pct"": 9.139999999999999}]"
France,Mexico,Mexico,1.942,0.758,66.5,20.7,12.8,66.0,7.3,8.6,12.6,2.5,3.0,81.9,18.1,"[{""score"": ""1 - 0"", ""pct"": 14.44}, {""score"": ""2 - 0"", ""pct"": 12.120000000000001}, {""score"": ""2 - 1"", ""pct"": 9.99}]"
Morocco,Mexico,Mexico,1.735,0.965,56.6,24.5,18.9,55.8,7.5,8.7,19.9,3.5,4.5,72.0,28.0,"[{""score"": ""1 - 0"", ""pct"": 12.389999999999999}, {""score"": ""1 - 1"", ""pct"": 11.34}, {""score"": ""2 - 0"", ""pct"": 10.42}]"
Argentina,Mexico,Mexico,2.106,0.594,73.0,18.7,8.3,72.4,7.0,7.9,8.5,1.7,2.4,87.3,12.7,"[{""score"": ""1 - 0"", ""pct"": 15.260000000000002}, {""score"": ""2 - 0"", ""pct"": 14.46}, {""score"": ""3 - 0"", ""pct"": 10.14}]"
DR Congo,Mexico,Mexico,1.066,1.634,23.8,25.6,50.5,23.5,4.5,5.3,50.7,7.3,8.7,33.3,66.7,"[{""score"": ""1 - 1"", ""pct"": 11.84}, {""score"": ""0 - 1"", ""pct"": 11.59}, {""score"": ""1 - 2"", ""pct"": 9.86}]"
Iraq,Mexico,Mexico,1.012,1.688,21.0,25.5,53.5,21.8,4.3,5.2,52.9,7.5,8.4,31.3,68.7,"[{""score"": ""1 - 1"", ""pct"": 12.049999999999999}, {""score"": ""0 - 1"", ""pct"": 11.459999999999999}, {""score"": ""1 - 2"", ""pct"": 10.08}]"
Cape Verde,Mexico,Mexico,0.725,1.975,11.6,21.4,67.0,11.8,2.1,2.8,66.9,7.7,8.7,16.7,83.3,"[{""score"": ""0 - 1"", ""pct"": 13.84}, {""score"": ""0 - 2"", ""pct"": 12.740000000000002}, {""score"": ""1 - 2"", ""pct"": 9.92}]"
Canada,Mexico,Mexico,1.401,1.299,38.2,28.0,33.8,39.6,7.0,7.3,32.8,6.0,7.3,53.9,46.1,"[{""score"": ""1 - 1"", ""pct"": 12.280000000000001}, {""score"": ""1 - 0"", ""pct"": 9.45}, {""score"": ""0 - 1"", ""pct"": 9.0}]"
Egypt,Mexico,Mexico,1.096,1.604,24.9,26.6,48.6,24.4,4.3,5.8,49.6,6.9,9.0,34.5,65.5,"[{""score"": ""1 - 1"", ""pct"": 12.21}, {""score"": ""0 - 1"", ""pct"": 11.12}, {""score"": ""1 - 2"", ""pct"": 9.56}]"
Spain,Mexico,Mexico,2.097,0.603,73.4,18.6,8.0,72.1,7.6,7.8,8.4,1.9,2.3,87.5,12.6,"[{""score"": ""2 - 0"", ""pct"": 14.85}, {""score"": ""1 - 0"", ""pct"": 14.610000000000001}, {""score"": ""3 - 0"", ""pct"": 10.2}]"
Portugal,Mexico,Mexico,1.779,0.921,58.5,23.7,17.8,57.5,7.5,8.9,18.0,3.6,4.5,73.9,26.1,"[{""score"": ""1 - 0"", ""pct"": 12.6}, {""score"": ""1 - 1"", ""pct"": 10.7}, {""score"": ""2 - 0"", ""pct"": 10.69}]"
Turkey,Mexico,Mexico,1.493,1.207,43.9,26.8,29.3,43.6,6.9,8.5,29.1,5.2,6.7,59.0,41.0,"[{""score"": ""1 - 1"", ""pct"": 12.19}, {""score"": ""1 - 0"", ""pct"": 10.440000000000001}, {""score"": ""2 - 1"", ""pct"": 8.83}]"
New Zealand,Mexico,Mexico,0.92,1.78,18.1,24.0,57.9,18.4,3.5,4.2,58.3,7.3,8.2,26.1,73.9,"[{""score"": ""0 - 1"", ""pct"": 12.98}, {""score"": ""1 - 1"", ""pct"": 10.94}, {""score"": ""0 - 2"", ""pct"": 10.32}]"
England,Mexico,Mexico,1.876,0.824,61.6,23.4,15.0,61.9,7.5,8.8,15.1,3.2,3.6,78.2,21.8,"[{""score"": ""1 - 0"", ""pct"": 12.83}, {""score"": ""2 - 0"", ""pct"": 11.58}, {""score"": ""1 - 1"", ""pct"": 10.4}]"
Haiti,Mexico,Mexico,0.963,1.737,19.4,23.9,56.7,20.2,3.3,4.7,55.7,7.6,8.5,28.1,71.9,"[{""score"": ""0 - 1"", ""pct"": 12.45}, {""score"": ""1 - 1"", ""pct"": 11.129999999999999}, {""score"": ""1 - 2"", ""pct"": 10.4}]"
Scotland,Mexico,Mexico,1.162,1.538,27.8,26.6,45.6,28.7,5.1,5.9,45.0,7.2,8.1,39.7,60.3,"[{""score"": ""1 - 1"", ""pct"": 12.13}, {""score"": ""0 - 1"", ""pct"": 10.84}, {""score"": ""1 - 2"", ""pct"": 9.35}]"
Germany,Mexico,Mexico,1.611,1.089,48.6,26.0,25.4,50.7,7.0,8.5,23.6,4.8,5.5,66.1,33.9,"[{""score"": ""1 - 1"", ""pct"": 11.66}, {""score"": ""1 - 0"", ""pct"": 10.66}, {""score"": ""2 - 1"", ""pct"": 9.21}]"
Japan,Mexico,Mexico,1.743,0.957,55.7,24.8,19.5,56.5,7.2,8.1,19.9,3.6,4.7,71.8,28.2,"[{""score"": ""1 - 0"", ""pct"": 11.76}, {""score"": ""1 - 1"", ""pct"": 11.06}, {""score"": ""2 - 0"", ""pct"": 10.14}]"
Curaçao,Mexico,Mexico,0.696,2.004,10.5,20.6,68.8,11.3,2.1,2.7,68.6,7.3,8.0,16.1,83.9,"[{""score"": ""0 - 1"", ""pct"": 13.98}, {""score"": ""0 - 2"", ""pct"": 13.73}, {""score"": ""1 - 2"", ""pct"": 9.76}]"
Uruguay,Mexico,Mexico,1.638,1.062,50.8,25.4,23.7,50.4,7.3,8.1,24.3,4.2,5.7,65.8,34.2,"[{""score"": ""1 - 1"", ""pct"": 11.81}, {""score"": ""1 - 0"", ""pct"": 11.44}, {""score"": ""2 - 0"", ""pct"": 9.17}]"
Sweden,Mexico,Mexico,0.893,1.807,17.6,24.0,58.4,16.4,3.2,4.4,59.3,7.8,8.9,24.1,75.9,"[{""score"": ""0 - 1"", ""pct"": 12.139999999999999}, {""score"": ""1 - 1"", ""pct"": 10.69}, {""score"": ""0 - 2"", ""pct"": 10.65}]"
Iran,Mexico,Mexico,1.508,1.192,44.7,26.8,28.5,44.1,6.7,7.9,29.7,5.1,6.5,58.7,41.3,"[{""score"": ""1 - 1"", ""pct"": 12.27}, {""score"": ""1 - 0"", ""pct"": 10.24}, {""score"": ""2 - 1"", ""pct"": 9.24}]"
United States,Mexico,Mexico,1.24,1.46,30.8,27.0,42.2,31.5,5.4,7.0,41.1,7.0,7.9,43.9,56.0,"[{""score"": ""1 - 1"", ""pct"": 12.26}, {""score"": ""0 - 1"", ""pct"": 9.92}, {""score"": ""1 - 2"", ""pct"": 8.98}]"
Jordan,Mexico,Mexico,1.19,1.51,28.9,26.3,44.8,29.6,5.0,6.7,44.2,6.4,8.1,41.3,58.7,"[{""score"": ""1 - 1"", ""pct"": 11.59}, {""score"": ""0 - 1"", ""pct"": 10.58}, {""score"": ""1 - 2"", ""pct"": 9.030000000000001}]"
Ghana,Mexico,Mexico,0.719,1.981,11.6,20.8,67.6,11.7,2.1,3.0,67.0,7.7,8.6,16.8,83.2,"[{""score"": ""0 - 1"", ""pct"": 14.34}, {""score"": ""0 - 2"", ""pct"": 13.19}, {""score"": ""1 - 2"", ""pct"": 9.21}]"
Czech Republic,Mexico,Mexico,1.05,1.65,22.7,26.7,50.5,22.7,4.0,6.3,51.2,7.0,8.7,33.1,66.9,"[{""score"": ""1 - 1"", ""pct"": 11.98}, {""score"": ""0 - 1"", ""pct"": 11.37}, {""score"": ""1 - 2"", ""pct"": 9.4}]"
Croatia,Mexico,Mexico,1.564,1.136,47.2,26.5,26.3,47.0,7.3,8.2,26.8,4.6,6.2,62.4,37.6,"[{""score"": ""1 - 1"", ""pct"": 12.4}, {""score"": ""1 - 0"", ""pct"": 10.79}, {""score"": ""2 - 1"", ""pct"": 9.35}]"
Ecuador,Mexico,Mexico,1.736,0.964,55.4,24.7,19.9,56.6,7.7,8.2,19.2,3.8,4.5,72.5,27.5,"[{""score"": ""1 - 0"", ""pct"": 12.0}, {""score"": ""1 - 1"", ""pct"": 11.41}, {""score"": ""2 - 0"", ""pct"": 10.08}]"
Brazil,Mexico,Mexico,1.82,0.88,60.4,23.4,16.3,59.4,7.9,8.6,16.8,3.1,4.2,75.9,24.1,"[{""score"": ""1 - 0"", ""pct"": 13.389999999999999}, {""score"": ""1 - 1"", ""pct"": 11.01}, {""score"": ""2 - 0"", ""pct"": 10.77}]"
Bosnia and Herzegovina,Mexico,Mexico,0.67,2.03,10.3,20.2,69.5,10.2,2.2,2.5,70.5,7.0,7.6,14.9,85.1,"[{""score"": ""0 - 1"", ""pct"": 14.09}, {""score"": ""0 - 2"", ""pct"": 13.15}, {""score"": ""1 - 2"", ""pct"": 9.56}]"
South Africa,Mexico,Mexico,0.784,1.916,13.0,22.6,64.4,13.3,2.5,3.4,64.6,7.6,8.6,19.2,80.8,"[{""score"": ""0 - 1"", ""pct"": 12.740000000000002}, {""score"": ""0 - 2"", ""pct"": 12.46}, {""score"": ""1 - 1"", ""pct"": 10.040000000000001}]"
Paraguay,Mexico,Mexico,1.44,1.26,39.9,27.6,32.5,40.2,6.3,8.2,32.6,5.5,7.1,54.8,45.2,"[{""score"": ""1 - 1"", ""pct"": 12.34}, {""score"": ""1 - 0"", ""pct"": 9.629999999999999}, {""score"": ""2 - 1"", ""pct"": 8.91}]"
Belgium,Mexico,Mexico,1.478,1.222,43.5,26.1,30.4,43.0,6.2,8.3,30.3,5.5,6.9,57.4,42.6,"[{""score"": ""1 - 1"", ""pct"": 11.709999999999999}, {""score"": ""1 - 0"", ""pct"": 10.26}, {""score"": ""2 - 1"", ""pct"": 9.06}]"
Norway,Mexico,Mexico,1.514,1.186,44.9,26.5,28.6,44.3,7.1,8.2,28.3,5.2,6.9,59.6,40.4,"[{""score"": ""1 - 1"", ""pct"": 12.13}, {""score"": ""1 - 0"", ""pct"": 10.92}, {""score"": ""2 - 1"", ""pct"": 9.55}]"
Algeria,Mexico,Mexico,1.409,1.291,39.7,27.2,33.1,39.3,6.6,7.6,34.0,5.7,6.7,53.6,46.4,"[{""score"": ""1 - 1"", ""pct"": 11.68}, {""score"": ""1 - 0"", ""pct"": 9.77}, {""score"": ""2 - 1"", ""pct"": 8.780000000000001}]"
Canada,Ivory Coast,Canada,1.865,0.835,61.7,23.2,15.1,61.6,7.7,8.6,15.4,3.1,3.5,78.0,22.0,"[{""score"": ""1 - 0"", ""pct"": 13.25}, {""score"": ""2 - 0"", ""pct"": 11.68}, {""score"": ""1 - 1"", ""pct"": 10.24}]"
Canada,Uzbekistan,Canada,1.705,0.995,54.2,24.7,21.1,54.5,7.6,8.1,20.6,3.9,5.3,70.2,29.8,"[{""score"": ""1 - 0"", ""pct"": 12.23}, {""score"": ""1 - 1"", ""pct"": 11.020000000000001}, {""score"": ""2 - 0"", ""pct"": 9.94}]"
Canada,Qatar,Canada,2.25,0.45,79.4,15.4,5.2,79.4,6.7,6.6,5.2,1.0,1.1,92.7,7.3,"[{""score"": ""2 - 0"", ""pct"": 16.91}, {""score"": ""1 - 0"", ""pct"": 15.809999999999999}, {""score"": ""3 - 0"", ""pct"": 12.31}]"
Canada,Panama,Canada,1.732,0.968,54.7,25.3,20.0,54.6,7.9,9.0,19.8,3.8,5.0,71.5,28.5,"[{""score"": ""1 - 0"", ""pct"": 12.27}, {""score"": ""1 - 1"", ""pct"": 11.06}, {""score"": ""2 - 1"", ""pct"": 9.82}]"
Canada,Saudi Arabia,Canada,2.06,0.64,70.5,19.9,9.6,70.9,7.5,8.1,9.3,1.8,2.4,86.5,13.5,"[{""score"": ""1 - 0"", ""pct"": 14.12}, {""score"": ""2 - 0"", ""pct"": 13.930000000000001}, {""score"": ""2 - 1"", ""pct"": 9.21}]"
Canada,Tunisia,Canada,2.001,0.699,67.8,21.4,10.8,68.8,7.3,7.8,11.2,2.1,2.9,83.9,16.1,"[{""score"": ""1 - 0"", ""pct"": 13.77}, {""score"": ""2 - 0"", ""pct"": 13.15}, {""score"": ""2 - 1"", ""pct"": 9.78}]"
Canada,Austria,Canada,1.81,0.89,58.8,23.9,17.3,58.7,7.4,8.8,17.3,3.1,4.7,74.9,25.1,"[{""score"": ""1 - 0"", ""pct"": 12.76}, {""score"": ""1 - 1"", ""pct"": 11.12}, {""score"": ""2 - 0"", ""pct"": 10.879999999999999}]"
Canada,Senegal,Canada,1.591,1.109,48.4,25.3,26.2,48.5,7.3,8.5,25.7,4.4,5.6,64.3,35.7,"[{""score"": ""1 - 1"", ""pct"": 11.690000000000001}, {""score"": ""1 - 0"", ""pct"": 11.18}, {""score"": ""2 - 1"", ""pct"": 9.56}]"
Canada,Netherlands,Canada,1.431,1.269,41.1,26.5,32.4,41.0,6.5,7.8,32.1,5.6,7.0,55.3,44.7,"[{""score"": ""1 - 1"", ""pct"": 11.690000000000001}, {""score"": ""1 - 0"", ""pct"": 10.47}, {""score"": ""0 - 1"", ""pct"": 8.88}]"
Canada,Colombia,Canada,1.208,1.492,30.0,26.6,43.4,30.3,5.3,6.9,42.4,6.6,8.5,42.5,57.5,"[{""score"": ""1 - 1"", ""pct"": 12.29}, {""score"": ""0 - 1"", ""pct"": 10.45}, {""score"": ""1 - 2"", ""pct"": 9.01}]"
Canada,South Korea,Canada,1.597,1.103,47.6,26.8,25.7,48.1,6.9,9.1,25.4,4.7,5.8,64.1,35.9,"[{""score"": ""1 - 1"", ""pct"": 12.0}, {""score"": ""1 - 0"", ""pct"": 10.54}, {""score"": ""2 - 1"", ""pct"": 9.41}]"
Canada,Switzerland,Canada,1.621,1.079,50.4,26.2,23.4,49.6,7.4,8.4,24.5,4.4,5.7,65.5,34.5,"[{""score"": ""1 - 1"", ""pct"": 11.93}, {""score"": ""1 - 0"", ""pct"": 11.219999999999999}, {""score"": ""2 - 1"", ""pct"": 9.959999999999999}]"
Canada,Australia,Canada,1.518,1.182,44.6,26.8,28.6,45.5,6.7,8.1,29.1,4.7,6.0,60.2,39.8,"[{""score"": ""1 - 1"", ""pct"": 12.4}, {""score"": ""1 - 0"", ""pct"": 10.51}, {""score"": ""2 - 1"", ""pct"": 8.91}]"
Canada,France,Canada,1.063,1.637,23.9,25.3,50.8,24.2,4.6,5.7,50.1,7.1,8.4,34.5,65.5,"[{""score"": ""1 - 1"", ""pct"": 11.63}, {""score"": ""0 - 1"", ""pct"": 11.51}, {""score"": ""1 - 2"", ""pct"": 9.29}]"
Canada,Morocco,Canada,1.315,1.385,34.6,27.2,38.2,34.6,5.9,7.5,37.1,6.5,8.4,48.0,52.0,"[{""score"": ""1 - 1"", ""pct"": 12.049999999999999}, {""score"": ""0 - 1"", ""pct"": 9.36}, {""score"": ""1 - 0"", ""pct"": 8.72}]"
Canada,Argentina,Canada,0.834,1.866,15.2,23.1,61.7,16.0,2.9,3.9,60.9,7.2,9.0,22.9,77.1,"[{""score"": ""0 - 1"", ""pct"": 12.85}, {""score"": ""0 - 2"", ""pct"": 11.26}, {""score"": ""1 - 1"", ""pct"": 10.25}]"
Canada,DR Congo,Canada,1.94,0.76,65.3,21.9,12.8,65.5,7.8,8.8,12.5,2.4,3.0,82.1,17.9,"[{""score"": ""1 - 0"", ""pct"": 12.889999999999999}, {""score"": ""2 - 0"", ""pct"": 12.509999999999998}, {""score"": ""1 - 1"", ""pct"": 10.299999999999999}]"
Canada,Iraq,Canada,1.98,0.72,67.6,21.1,11.3,67.6,7.4,8.2,11.5,2.4,2.9,83.2,16.8,"[{""score"": ""1 - 0"", ""pct"": 14.01}, {""score"": ""2 - 0"", ""pct"": 12.86}, {""score"": ""2 - 1"", ""pct"": 9.5}]"
Canada,Mexico,Canada,1.401,1.299,38.5,27.3,34.2,38.7,6.1,7.3,34.6,6.1,7.2,52.2,47.8,"[{""score"": ""1 - 1"", ""pct"": 12.45}, {""score"": ""1 - 0"", ""pct"": 9.59}, {""score"": ""0 - 1"", ""pct"": 9.08}]"
Canada,Cape Verde,Canada,2.178,0.522,76.3,17.3,6.4,76.5,7.3,6.8,6.3,1.3,1.7,90.7,9.3,"[{""score"": ""2 - 0"", ""pct"": 15.939999999999998}, {""score"": ""1 - 0"", ""pct"": 15.14}, {""score"": ""3 - 0"", ""pct"": 11.09}]"
Canada,Egypt,Canada,1.916,0.784,64.7,22.4,12.9,65.2,7.6,8.3,13.3,2.3,3.4,81.1,18.9,"[{""score"": ""1 - 0"", ""pct"": 13.63}, {""score"": ""2 - 0"", ""pct"": 12.0}, {""score"": ""1 - 1"", ""pct"": 10.23}]"
Canada,Spain,Canada,0.847,1.853,15.7,22.7,61.6,15.7,2.9,3.6,61.3,8.1,8.3,22.3,77.7,"[{""score"": ""0 - 1"", ""pct"": 13.270000000000001}, {""score"": ""0 - 2"", ""pct"": 11.559999999999999}, {""score"": ""1 - 1"", ""pct"": 10.12}]"
Canada,Portugal,Canada,1.264,1.436,32.0,26.7,41.3,32.7,5.5,6.9,40.6,6.5,7.9,45.0,55.0,"[{""score"": ""1 - 1"", ""pct"": 12.4}, {""score"": ""0 - 1"", ""pct"": 10.42}, {""score"": ""1 - 2"", ""pct"": 9.13}]"
Canada,Turkey,Canada,1.571,1.129,46.7,26.5,26.8,47.4,7.2,8.1,26.9,4.5,5.9,62.7,37.3,"[{""score"": ""1 - 1"", ""pct"": 11.88}, {""score"": ""1 - 0"", ""pct"": 11.16}, {""score"": ""2 - 1"", ""pct"": 9.229999999999999}]"
Canada,New Zealand,Canada,2.047,0.653,70.7,20.0,9.3,69.8,7.5,7.7,10.3,2.1,2.6,85.0,15.0,"[{""score"": ""1 - 0"", ""pct"": 15.040000000000001}, {""score"": ""2 - 0"", ""pct"": 14.149999999999999}, {""score"": ""2 - 1"", ""pct"": 8.94}]"
Canada,England,Canada,1.147,1.553,27.5,25.7,46.8,26.7,4.8,6.5,46.4,7.2,8.5,38.0,62.0,"[{""score"": ""1 - 1"", ""pct"": 11.86}, {""score"": ""0 - 1"", ""pct"": 10.75}, {""score"": ""1 - 2"", ""pct"": 9.31}]"
Canada,Haiti,Canada,2.016,0.684,68.6,20.5,10.9,68.9,7.5,8.1,10.8,2.0,2.7,84.5,15.5,"[{""score"": ""1 - 0"", ""pct"": 13.99}, {""score"": ""2 - 0"", ""pct"": 13.5}, {""score"": ""2 - 1"", ""pct"": 9.719999999999999}]"
Canada,Scotland,Canada,1.864,0.836,62.1,22.9,15.0,61.1,7.1,8.7,16.3,2.9,4.0,76.9,23.1,"[{""score"": ""1 - 0"", ""pct"": 12.879999999999999}, {""score"": ""2 - 0"", ""pct"": 11.89}, {""score"": ""1 - 1"", ""pct"": 9.82}]"
Canada,Germany,Canada,1.451,1.249,41.3,26.7,32.0,42.1,6.6,8.2,30.9,5.2,6.9,56.9,43.1,"[{""score"": ""1 - 1"", ""pct"": 12.33}, {""score"": ""1 - 0"", ""pct"": 10.280000000000001}, {""score"": ""0 - 1"", ""pct"": 8.49}]"
Canada,Japan,Canada,1.306,1.394,34.4,27.1,38.5,34.8,5.7,7.1,38.3,6.1,8.0,47.6,52.4,"[{""score"": ""1 - 1"", ""pct"": 12.839999999999998}, {""score"": ""0 - 1"", ""pct"": 10.07}, {""score"": ""1 - 0"", ""pct"": 9.1}]"
Canada,Curaçao,Canada,2.196,0.504,77.5,16.4,6.1,76.9,6.7,7.3,6.4,1.1,1.6,90.9,9.1,"[{""score"": ""2 - 0"", ""pct"": 16.39}, {""score"": ""1 - 0"", ""pct"": 15.340000000000002}, {""score"": ""3 - 0"", ""pct"": 11.84}]"
Canada,Uruguay,Canada,1.422,1.278,40.1,26.7,33.2,40.6,6.0,7.9,33.3,5.6,6.6,54.5,45.5,"[{""score"": ""1 - 1"", ""pct"": 12.49}, {""score"": ""1 - 0"", ""pct"": 10.02}, {""score"": ""0 - 1"", ""pct"": 8.86}]"
Canada,Sweden,Canada,2.066,0.634,71.7,19.1,9.3,71.0,7.3,8.2,8.9,1.7,2.8,86.5,13.5,"[{""score"": ""2 - 0"", ""pct"": 14.62}, {""score"": ""1 - 0"", ""pct"": 14.21}, {""score"": ""2 - 1"", ""pct"": 9.51}]"
Canada,Iran,Canada,1.556,1.144,46.6,26.5,26.9,46.6,7.3,8.2,27.3,4.5,6.1,62.2,37.9,"[{""score"": ""1 - 1"", ""pct"": 11.940000000000001}, {""score"": ""1 - 0"", ""pct"": 10.56}, {""score"": ""2 - 1"", ""pct"": 9.06}]"
Canada,United States,Canada,1.8,0.9,58.9,23.3,17.8,57.9,7.6,8.9,17.9,3.2,4.5,74.4,25.6,"[{""score"": ""1 - 0"", ""pct"": 12.45}, {""score"": ""2 - 0"", ""pct"": 10.9}, {""score"": ""1 - 1"", ""pct"": 10.43}]"
Canada,Jordan,Canada,1.842,0.858,61.6,23.1,15.3,60.7,7.4,8.7,16.5,3.0,3.8,76.8,23.2,"[{""score"": ""1 - 0"", ""pct"": 13.05}, {""score"": ""2 - 0"", ""pct"": 11.59}, {""score"": ""1 - 1"", ""pct"": 10.37}]"
Canada,Ghana,Canada,2.182,0.518,76.8,17.2,6.0,75.5,6.9,7.7,6.7,1.4,1.8,90.1,9.9,"[{""score"": ""2 - 0"", ""pct"": 16.2}, {""score"": ""1 - 0"", ""pct"": 15.260000000000002}, {""score"": ""3 - 0"", ""pct"": 11.03}]"
Canada,Czech Republic,Canada,1.952,0.748,66.2,21.0,12.8,66.4,7.1,8.7,12.0,2.5,3.3,82.2,17.8,"[{""score"": ""1 - 0"", ""pct"": 13.3}, {""score"": ""2 - 0"", ""pct"": 12.889999999999999}, {""score"": ""2 - 1"", ""pct"": 9.76}]"
Canada,Croatia,Canada,1.5,1.2,44.6,26.6,28.8,43.7,6.6,8.1,29.8,5.0,6.8,58.4,41.6,"[{""score"": ""1 - 1"", ""pct"": 11.89}, {""score"": ""1 - 0"", ""pct"": 10.34}, {""score"": ""2 - 1"", ""pct"": 9.55}]"
Canada,Ecuador,Canada,1.315,1.385,35.1,26.9,38.0,35.4,6.0,7.4,37.0,6.3,7.8,48.8,51.2,"[{""score"": ""1 - 1"", ""pct"": 12.280000000000001}, {""score"": ""0 - 1"", ""pct"": 9.5}, {""score"": ""1 - 0"", ""pct"": 8.93}]"
Canada,Brazil,Canada,1.216,1.484,31.0,27.0,41.9,30.2,5.2,6.5,42.9,6.4,8.8,41.9,58.1,"[{""score"": ""1 - 1"", ""pct"": 11.78}, {""score"": ""0 - 1"", ""pct"": 10.14}, {""score"": ""1 - 2"", ""pct"": 9.04}]"
Canada,Bosnia and Herzegovina,Canada,2.213,0.487,77.6,16.4,6.0,78.3,6.5,7.0,5.7,1.1,1.4,91.8,8.2,"[{""score"": ""2 - 0"", ""pct"": 16.220000000000002}, {""score"": ""1 - 0"", ""pct"": 15.93}, {""score"": ""3 - 0"", ""pct"": 11.62}]"
Canada,South Africa,Canada,2.14,0.56,74.3,18.4,7.3,74.5,6.7,7.8,7.6,1.5,1.9,89.0,11.0,"[{""score"": ""2 - 0"", ""pct"": 15.809999999999999}, {""score"": ""1 - 0"", ""pct"": 14.64}, {""score"": ""3 - 0"", ""pct"": 10.37}]"
Canada,Paraguay,Canada,1.622,1.078,49.9,25.6,24.5,50.1,7.0,8.9,23.6,4.4,5.8,66.1,33.9,"[{""score"": ""1 - 1"", ""pct"": 11.790000000000001}, {""score"": ""1 - 0"", ""pct"": 11.66}, {""score"": ""2 - 1"", ""pct"": 9.229999999999999}]"
Canada,Belgium,Canada,1.585,1.115,47.9,27.0,25.1,48.8,6.8,8.3,25.6,4.5,6.0,63.9,36.1,"[{""score"": ""1 - 1"", ""pct"": 12.29}, {""score"": ""1 - 0"", ""pct"": 11.51}, {""score"": ""2 - 1"", ""pct"": 9.049999999999999}]"
Canada,Norway,Canada,1.551,1.149,46.9,26.3,26.8,46.9,7.0,7.8,27.1,5.1,6.2,61.7,38.3,"[{""score"": ""1 - 1"", ""pct"": 11.600000000000001}, {""score"": ""1 - 0"", ""pct"": 10.7}, {""score"": ""2 - 1"", ""pct"": 9.49}]"
Canada,Algeria,Canada,1.651,1.049,50.9,25.9,23.2,50.8,7.8,8.5,23.1,4.1,5.6,67.1,32.9,"[{""score"": ""1 - 1"", ""pct"": 12.2}, {""score"": ""1 - 0"", ""pct"": 11.49}, {""score"": ""2 - 1"", ""pct"": 9.379999999999999}]"
Ivory Coast,Canada,Canada,1.425,1.275,40.2,26.8,33.0,39.5,6.9,7.5,33.3,5.7,7.1,53.9,46.1,"[{""score"": ""1 - 1"", ""pct"": 12.67}, {""score"": ""1 - 0"", ""pct"": 10.36}, {""score"": ""2 - 1"", ""pct"": 8.64}]"
Uzbekistan,Canada,Canada,1.61,1.09,49.7,25.1,25.1,49.5,7.2,8.1,24.6,4.5,6.0,64.9,35.1,"[{""score"": ""1 - 0"", ""pct"": 11.379999999999999}, {""score"": ""1 - 1"", ""pct"": 11.18}, {""score"": ""2 - 1"", ""pct"": 9.629999999999999}]"
Qatar,Canada,Canada,0.779,1.921,12.5,22.6,64.9,13.4,2.4,3.6,64.4,7.7,8.5,19.4,80.6,"[{""score"": ""0 - 1"", ""pct"": 13.639999999999999}, {""score"": ""0 - 2"", ""pct"": 12.42}, {""score"": ""1 - 1"", ""pct"": 10.43}]"
Panama,Canada,Canada,1.582,1.118,48.0,26.2,25.8,47.9,6.8,8.8,26.1,4.6,5.7,63.5,36.5,"[{""score"": ""1 - 1"", ""pct"": 11.52}, {""score"": ""1 - 0"", ""pct"": 10.549999999999999}, {""score"": ""2 - 1"", ""pct"": 9.520000000000001}]"
Saudi Arabia,Canada,Canada,1.142,1.558,27.3,26.8,45.9,27.2,4.8,6.3,46.4,7.2,8.0,38.4,61.6,"[{""score"": ""1 - 1"", ""pct"": 12.78}, {""score"": ""0 - 1"", ""pct"": 10.86}, {""score"": ""1 - 2"", ""pct"": 8.73}]"
Tunisia,Canada,Canada,1.235,1.465,31.1,27.3,41.6,31.3,5.4,6.8,41.4,6.9,8.1,43.5,56.5,"[{""score"": ""1 - 1"", ""pct"": 12.389999999999999}, {""score"": ""0 - 1"", ""pct"": 10.33}, {""score"": ""1 - 2"", ""pct"": 8.63}]"
Austria,Canada,Canada,1.493,1.207,43.3,26.0,30.7,43.6,7.2,8.4,28.8,5.1,7.0,59.2,40.9,"[{""score"": ""1 - 1"", ""pct"": 11.77}, {""score"": ""1 - 0"", ""pct"": 9.86}, {""score"": ""2 - 1"", ""pct"": 9.02}]"
Senegal,Canada,Canada,1.723,0.977,55.2,24.6,20.2,54.8,7.5,8.5,20.2,3.9,5.1,70.8,29.2,"[{""score"": ""1 - 0"", ""pct"": 12.32}, {""score"": ""1 - 1"", ""pct"": 11.49}, {""score"": ""2 - 1"", ""pct"": 9.73}]"
Netherlands,Canada,Canada,1.86,0.84,61.8,23.2,15.0,61.6,7.7,9.2,14.8,2.8,3.9,78.5,21.5,"[{""score"": ""1 - 0"", ""pct"": 13.01}, {""score"": ""2 - 0"", ""pct"": 11.72}, {""score"": ""1 - 1"", ""pct"": 10.34}]"
Colombia,Canada,Canada,2.019,0.681,69.1,20.9,10.0,69.5,7.8,7.7,10.3,2.0,2.6,85.1,14.9,"[{""score"": ""2 - 0"", ""pct"": 13.889999999999999}, {""score"": ""1 - 0"", ""pct"": 13.600000000000001}, {""score"": ""2 - 1"", ""pct"": 9.44}]"
South Korea,Canada,Canada,1.717,0.983,55.1,24.8,20.1,54.9,7.4,9.0,20.0,3.7,5.0,71.3,28.7,"[{""score"": ""1 - 0"", ""pct"": 12.17}, {""score"": ""1 - 1"", ""pct"": 11.18}, {""score"": ""2 - 1"", ""pct"": 10.290000000000001}]"
Switzerland,Canada,Canada,1.694,1.006,53.7,25.1,21.2,54.8,7.0,8.4,20.7,4.0,5.1,70.2,29.8,"[{""score"": ""1 - 0"", ""pct"": 11.74}, {""score"": ""1 - 1"", ""pct"": 11.64}, {""score"": ""2 - 0"", ""pct"": 9.84}]"
Australia,Canada,Canada,1.788,0.912,58.2,24.2,17.6,58.4,7.4,8.2,17.8,3.9,4.3,74.0,26.0,"[{""score"": ""1 - 0"", ""pct"": 12.280000000000001}, {""score"": ""1 - 1"", ""pct"": 11.17}, {""score"": ""2 - 0"", ""pct"": 10.75}]"
France,Canada,Canada,2.106,0.594,73.4,18.6,8.1,73.7,7.6,7.3,7.8,1.6,2.0,88.5,11.5,"[{""score"": ""2 - 0"", ""pct"": 15.110000000000001}, {""score"": ""1 - 0"", ""pct"": 14.24}, {""score"": ""3 - 0"", ""pct"": 10.38}]"
Morocco,Canada,Canada,1.946,0.754,65.9,21.8,12.3,66.0,7.4,8.3,12.6,2.3,3.4,81.7,18.3,"[{""score"": ""1 - 0"", ""pct"": 13.950000000000001}, {""score"": ""2 - 0"", ""pct"": 12.7}, {""score"": ""2 - 1"", ""pct"": 9.74}]"
Argentina,Canada,Canada,2.224,0.476,78.1,16.6,5.3,77.6,6.7,7.2,5.8,1.1,1.5,91.6,8.4,"[{""score"": ""2 - 0"", ""pct"": 16.520000000000003}, {""score"": ""1 - 0"", ""pct"": 15.5}, {""score"": ""3 - 0"", ""pct"": 11.87}]"
DR Congo,Canada,Canada,1.325,1.375,35.0,26.4,38.7,35.1,6.1,7.2,37.7,6.2,7.7,48.4,51.6,"[{""score"": ""1 - 1"", ""pct"": 12.08}, {""score"": ""0 - 1"", ""pct"": 9.959999999999999}, {""score"": ""1 - 0"", ""pct"": 8.959999999999999}]"
Iraq,Canada,Canada,1.267,1.433,32.5,26.8,40.8,32.8,5.6,7.2,40.0,6.6,7.7,45.6,54.3,"[{""score"": ""1 - 1"", ""pct"": 12.139999999999999}, {""score"": ""0 - 1"", ""pct"": 9.610000000000001}, {""score"": ""1 - 2"", ""pct"": 8.7}]"
Mexico,Canada,Canada,1.883,0.817,63.2,22.2,14.5,62.3,7.5,8.7,14.8,2.8,3.8,78.5,21.5,"[{""score"": ""1 - 0"", ""pct"": 12.879999999999999}, {""score"": ""2 - 0"", ""pct"": 11.790000000000001}, {""score"": ""2 - 1"", ""pct"": 10.549999999999999}]"
Cape Verde,Canada,Canada,0.929,1.771,18.7,24.3,57.0,18.4,3.6,4.6,56.7,7.6,9.1,26.6,73.4,"[{""score"": ""0 - 1"", ""pct"": 11.99}, {""score"": ""1 - 1"", ""pct"": 11.37}, {""score"": ""0 - 2"", ""pct"": 10.38}]"
Egypt,Canada,Canada,1.357,1.343,36.2,27.9,35.9,36.5,6.2,7.4,36.5,6.0,7.5,50.0,50.0,"[{""score"": ""1 - 1"", ""pct"": 12.53}, {""score"": ""0 - 1"", ""pct"": 9.629999999999999}, {""score"": ""1 - 0"", ""pct"": 9.31}]"
Spain,Canada,Canada,2.218,0.482,77.8,16.3,5.8,77.7,6.9,7.1,5.5,1.2,1.6,91.8,8.2,"[{""score"": ""2 - 0"", ""pct"": 16.619999999999997}, {""score"": ""1 - 0"", ""pct"": 15.290000000000001}, {""score"": ""3 - 0"", ""pct"": 11.690000000000001}]"
Portugal,Canada,Canada,1.981,0.719,67.8,20.8,11.4,67.2,7.1,8.4,12.0,2.3,2.9,82.7,17.3,"[{""score"": ""1 - 0"", ""pct"": 14.02}, {""score"": ""2 - 0"", ""pct"": 12.7}, {""score"": ""1 - 1"", ""pct"": 9.21}]"
Turkey,Canada,Canada,1.741,0.959,55.5,24.1,20.4,55.6,7.3,8.4,20.2,3.7,4.7,71.3,28.7,"[{""score"": ""1 - 0"", ""pct"": 12.1}, {""score"": ""1 - 1"", ""pct"": 10.54}, {""score"": ""2 - 1"", ""pct"": 9.82}]"
New Zealand,Canada,Canada,1.163,1.537,27.3,26.7,46.1,26.7,5.2,6.6,46.6,6.7,8.3,38.4,61.6,"[{""score"": ""1 - 1"", ""pct"": 12.11}, {""score"": ""0 - 1"", ""pct"": 10.69}, {""score"": ""1 - 2"", ""pct"": 9.27}]"
England,Canada,Canada,2.057,0.643,70.7,19.6,9.7,70.8,7.2,8.3,9.6,2.0,2.2,86.2,13.8,"[{""score"": ""2 - 0"", ""pct"": 13.96}, {""score"": ""1 - 0"", ""pct"": 13.88}, {""score"": ""2 - 1"", ""pct"": 9.08}]"
Haiti,Canada,Canada,1.212,1.488,29.7,27.0,43.3,30.1,5.0,6.8,42.7,7.0,8.3,41.9,58.1,"[{""score"": ""1 - 1"", ""pct"": 12.43}, {""score"": ""0 - 1"", ""pct"": 10.05}, {""score"": ""1 - 2"", ""pct"": 8.84}]"
Scotland,Canada,Canada,1.426,1.274,39.4,27.1,33.6,40.2,6.2,7.7,33.2,5.4,7.3,54.1,45.9,"[{""score"": ""1 - 1"", ""pct"": 12.26}, {""score"": ""1 - 0"", ""pct"": 9.520000000000001}, {""score"": ""0 - 1"", ""pct"": 8.75}]"
Germany,Canada,Canada,1.844,0.856,60.9,23.4,15.8,61.1,7.6,8.7,15.8,2.9,3.9,77.4,22.6,"[{""score"": ""1 - 0"", ""pct"": 12.46}, {""score"": ""2 - 0"", ""pct"": 11.27}, {""score"": ""1 - 1"", ""pct"": 10.290000000000001}]"
Japan,Canada,Canada,1.953,0.747,66.4,21.4,12.2,66.1,7.9,8.3,12.1,2.4,3.3,82.3,17.7,"[{""score"": ""1 - 0"", ""pct"": 14.49}, {""score"": ""2 - 0"", ""pct"": 13.04}, {""score"": ""2 - 1"", ""pct"": 10.34}]"
Curaçao,Canada,Canada,0.893,1.807,16.8,23.2,60.0,17.2,3.3,4.3,58.4,8.0,8.8,24.8,75.2,"[{""score"": ""0 - 1"", ""pct"": 12.6}, {""score"": ""1 - 1"", ""pct"": 10.870000000000001}, {""score"": ""0 - 2"", ""pct"": 10.42}]"
Uruguay,Canada,Canada,1.867,0.833,62.3,22.8,14.9,62.8,7.4,8.2,14.6,2.7,4.2,78.4,21.6,"[{""score"": ""1 - 0"", ""pct"": 13.33}, {""score"": ""2 - 0"", ""pct"": 11.4}, {""score"": ""1 - 1"", ""pct"": 10.12}]"
Sweden,Canada,Canada,1.132,1.568,26.5,26.6,46.9,26.8,4.8,5.9,47.3,6.7,8.5,37.5,62.5,"[{""score"": ""1 - 1"", ""pct"": 12.61}, {""score"": ""0 - 1"", ""pct"": 11.0}, {""score"": ""1 - 2"", ""pct"": 8.98}]"
Iran,Canada,Canada,1.754,0.946,56.2,24.4,19.4,56.5,8.0,8.6,18.8,3.5,4.6,73.1,26.9,"[{""score"": ""1 - 0"", ""pct"": 12.55}, {""score"": ""1 - 1"", ""pct"": 10.96}, {""score"": ""2 - 0"", ""pct"": 9.91}]"
United States,Canada,Canada,1.504,1.196,44.2,26.6,29.2,44.0,6.8,8.2,28.8,5.7,6.6,58.9,41.1,"[{""score"": ""1 - 1"", ""pct"": 11.85}, {""score"": ""1 - 0"", ""pct"": 10.15}, {""score"": ""2 - 1"", ""pct"": 9.33}]"
Jordan,Canada,Canada,1.454,1.246,42.2,26.7,31.1,41.3,6.9,8.3,30.9,5.5,7.1,56.5,43.5,"[{""score"": ""1 - 1"", ""pct"": 11.95}, {""score"": ""1 - 0"", ""pct"": 9.54}, {""score"": ""2 - 1"", ""pct"": 9.06}]"
Ghana,Canada,Canada,0.921,1.779,17.3,24.0,58.7,18.9,3.6,5.0,56.4,7.6,8.5,27.5,72.5,"[{""score"": ""0 - 1"", ""pct"": 12.27}, {""score"": ""1 - 1"", ""pct"": 10.68}, {""score"": ""0 - 2"", ""pct"": 10.34}]"
Czech Republic,Canada,Canada,1.308,1.392,34.3,27.9,37.9,34.4,5.7,6.9,38.3,6.4,8.3,47.0,53.0,"[{""score"": ""1 - 1"", ""pct"": 12.76}, {""score"": ""0 - 1"", ""pct"": 9.790000000000001}, {""score"": ""1 - 0"", ""pct"": 9.16}]"
Croatia,Canada,Canada,1.803,0.897,58.8,24.1,17.2,58.9,7.7,9.0,16.9,3.5,4.0,75.6,24.4,"[{""score"": ""1 - 0"", ""pct"": 12.82}, {""score"": ""1 - 1"", ""pct"": 11.360000000000001}, {""score"": ""2 - 0"", ""pct"": 10.280000000000001}]"
Ecuador,Canada,Canada,1.947,0.753,65.7,21.6,12.7,66.1,7.2,8.2,12.5,2.6,3.4,81.5,18.5,"[{""score"": ""1 - 0"", ""pct"": 14.17}, {""score"": ""2 - 0"", ""pct"": 12.620000000000001}, {""score"": ""1 - 1"", ""pct"": 9.83}]"
Brazil,Canada,Canada,2.013,0.687,68.8,20.4,10.9,69.3,7.3,7.8,10.4,2.1,3.0,84.5,15.5,"[{""score"": ""1 - 0"", ""pct"": 14.399999999999999}, {""score"": ""2 - 0"", ""pct"": 13.41}, {""score"": ""1 - 1"", ""pct"": 9.46}]"
Bosnia and Herzegovina,Canada,Canada,0.859,1.841,16.9,22.8,60.3,15.6,3.5,3.6,61.1,7.3,8.9,22.7,77.3,"[{""score"": ""0 - 1"", ""pct"": 12.49}, {""score"": ""0 - 2"", ""pct"": 10.68}, {""score"": ""1 - 2"", ""pct"": 10.57}]"
South Africa,Canada,Canada,1.002,1.698,20.8,25.5,53.7,21.1,4.2,4.8,53.2,7.7,9.0,30.1,69.9,"[{""score"": ""0 - 1"", ""pct"": 11.92}, {""score"": ""1 - 1"", ""pct"": 11.799999999999999}, {""score"": ""0 - 2"", ""pct"": 9.33}]"
Paraguay,Canada,Canada,1.694,1.006,54.1,25.2,20.7,53.3,7.8,8.8,21.1,4.1,4.9,70.0,30.1,"[{""score"": ""1 - 0"", ""pct"": 11.72}, {""score"": ""1 - 1"", ""pct"": 11.51}, {""score"": ""2 - 1"", ""pct"": 9.959999999999999}]"
Belgium,Canada,Canada,1.728,0.972,55.8,25.0,19.2,55.0,7.1,8.9,20.1,4.2,4.6,71.1,28.9,"[{""score"": ""1 - 0"", ""pct"": 12.22}, {""score"": ""1 - 1"", ""pct"": 11.379999999999999}, {""score"": ""2 - 0"", ""pct"": 10.14}]"
Norway,Canada,Canada,1.76,0.94,56.8,24.6,18.6,56.7,7.2,8.5,18.9,3.9,4.7,72.4,27.6,"[{""score"": ""1 - 0"", ""pct"": 12.31}, {""score"": ""1 - 1"", ""pct"": 11.03}, {""score"": ""2 - 1"", ""pct"": 10.280000000000001}]"
Algeria,Canada,Canada,1.665,1.035,51.7,26.2,22.1,51.9,7.3,8.8,22.3,4.3,5.4,68.0,32.0,"[{""score"": ""1 - 0"", ""pct"": 11.75}, {""score"": ""1 - 1"", ""pct"": 11.59}, {""score"": ""2 - 0"", ""pct"": 9.32}]"
