home_team,away_team,venue_country,ensemble_lambda_home,ensemble_lambda_away,grp_win_home,grp_draw,grp_win_away,ko_win_90_home_pct,ko_win_120_home_pct,ko_win_pen_home_pct,ko_win_90_away_pct,ko_win_120_away_pct,ko_win_pen_away_pct,ko_win_home,ko_win_away,top_scorelines_json
United States,Sweden,Neutral,1.213,1.566,28.5,27.1,44.5,28.1,5.4,6.2,45.6,7.1,7.6,39.7,60.3,"[{""score"": ""1 - 1"", ""pct"": 11.84}, {""score"": ""0 - 1"", ""pct"": 9.85}, {""score"": ""1 - 2"", ""pct"": 8.9}]"
United States,Canada,Neutral,1.225,1.168,36.6,29.4,34.0,36.8,6.3,8.5,34.7,5.7,8.2,51.5,48.5,"[{""score"": ""1 - 1"", ""pct"": 13.3}, {""score"": ""1 - 0"", ""pct"": 11.32}, {""score"": ""0 - 1"", ""pct"": 10.6}]"
United States,France,Neutral,0.745,2.049,11.6,20.3,68.1,11.5,2.2,2.9,68.6,7.0,7.8,16.5,83.5,"[{""score"": ""0 - 2"", ""pct"": 12.950000000000001}, {""score"": ""0 - 1"", ""pct"": 12.25}, {""score"": ""1 - 2"", ""pct"": 9.91}]"
United States,Egypt,Neutral,1.088,1.077,34.1,31.3,34.6,35.0,6.4,9.3,34.1,5.8,9.4,50.7,49.3,"[{""score"": ""1 - 1"", ""pct"": 13.969999999999999}, {""score"": ""0 - 0"", ""pct"": 12.46}, {""score"": ""0 - 1"", ""pct"": 11.98}]"
United States,Norway,Neutral,1.126,1.71,24.1,25.2,50.6,24.2,4.4,5.8,50.2,7.5,7.8,34.5,65.5,"[{""score"": ""1 - 1"", ""pct"": 11.67}, {""score"": ""0 - 1"", ""pct"": 10.74}, {""score"": ""1 - 2"", ""pct"": 9.610000000000001}]"
United States,Spain,Neutral,0.69,2.476,7.3,15.6,77.1,7.6,1.4,1.6,76.6,6.8,6.0,10.6,89.4,"[{""score"": ""0 - 2"", ""pct"": 13.389999999999999}, {""score"": ""0 - 1"", ""pct"": 10.63}, {""score"": ""0 - 3"", ""pct"": 10.549999999999999}]"
United States,Ivory Coast,Neutral,1.095,1.173,31.9,30.9,37.2,33.3,5.6,8.4,37.1,6.3,9.3,47.3,52.7,"[{""score"": ""1 - 1"", ""pct"": 13.16}, {""score"": ""0 - 0"", ""pct"": 12.1}, {""score"": ""0 - 1"", ""pct"": 11.95}]"
United States,New Zealand,Neutral,1.569,0.67,58.9,26.9,14.3,59.5,7.6,10.8,14.8,3.0,4.2,78.0,22.0,"[{""score"": ""1 - 0"", ""pct"": 17.04}, {""score"": ""2 - 0"", ""pct"": 12.620000000000001}, {""score"": ""0 - 0"", ""pct"": 11.899999999999999}]"
United States,Algeria,Neutral,1.248,1.448,31.4,27.0,41.6,31.8,5.4,7.1,41.3,6.6,7.9,44.2,55.8,"[{""score"": ""1 - 1"", ""pct"": 12.46}, {""score"": ""0 - 1"", ""pct"": 9.99}, {""score"": ""1 - 2"", ""pct"": 8.6}]"
United States,Uzbekistan,Neutral,1.209,0.978,40.3,31.1,28.7,40.8,6.8,10.3,28.1,5.2,8.8,57.8,42.2,"[{""score"": ""1 - 0"", ""pct"": 13.69}, {""score"": ""1 - 1"", ""pct"": 13.669999999999998}, {""score"": ""0 - 0"", ""pct"": 12.6}]"
United States,Curaçao,Neutral,2.425,0.644,77.7,15.6,6.7,77.5,5.9,5.9,7.4,1.4,1.8,89.4,10.6,"[{""score"": ""2 - 0"", ""pct"": 14.360000000000001}, {""score"": ""1 - 0"", ""pct"": 11.450000000000001}, {""score"": ""3 - 0"", ""pct"": 10.42}]"
United States,DR Congo,Neutral,1.242,0.924,42.3,31.0,26.7,43.5,7.3,9.9,27.3,4.6,7.4,60.7,39.3,"[{""score"": ""1 - 0"", ""pct"": 14.04}, {""score"": ""1 - 1"", ""pct"": 13.77}, {""score"": ""0 - 0"", ""pct"": 12.42}]"
United States,Iraq,Neutral,1.436,0.816,51.8,27.9,20.4,51.8,7.7,10.6,20.5,3.6,5.7,70.1,29.9,"[{""score"": ""1 - 0"", ""pct"": 15.840000000000002}, {""score"": ""1 - 1"", ""pct"": 12.09}, {""score"": ""0 - 0"", ""pct"": 11.59}]"
United States,Ghana,Neutral,1.42,0.992,47.1,27.3,25.6,47.4,7.1,8.9,24.8,5.0,6.7,63.5,36.5,"[{""score"": ""1 - 0"", ""pct"": 13.04}, {""score"": ""1 - 1"", ""pct"": 12.379999999999999}, {""score"": ""0 - 0"", ""pct"": 9.67}]"
United States,Ecuador,Neutral,0.807,1.353,21.1,29.0,49.9,20.7,4.2,6.8,49.9,7.6,10.9,31.7,68.3,"[{""score"": ""0 - 1"", ""pct"": 16.1}, {""score"": ""1 - 1"", ""pct"": 12.740000000000002}, {""score"": ""0 - 0"", ""pct"": 12.25}]"
United States,Cape Verde,Neutral,1.548,0.81,54.7,26.6,18.7,53.7,8.0,10.1,19.1,3.9,5.2,71.7,28.3,"[{""score"": ""1 - 0"", ""pct"": 14.610000000000001}, {""score"": ""1 - 1"", ""pct"": 12.04}, {""score"": ""2 - 0"", ""pct"": 11.39}]"
United States,Iran,Neutral,1.05,1.272,28.8,29.9,41.3,29.5,5.2,8.1,41.3,6.6,9.3,42.8,57.2,"[{""score"": ""1 - 1"", ""pct"": 13.930000000000001}, {""score"": ""0 - 1"", ""pct"": 12.18}, {""score"": ""0 - 0"", ""pct"": 10.56}]"
United States,Switzerland,Neutral,1.01,1.715,21.0,25.0,54.0,21.3,3.9,4.5,54.8,7.1,8.3,29.8,70.2,"[{""score"": ""0 - 1"", ""pct"": 12.01}, {""score"": ""1 - 1"", ""pct"": 11.450000000000001}, {""score"": ""1 - 2"", ""pct"": 9.71}]"
United States,Bosnia and Herzegovina,Neutral,1.559,1.068,50.3,25.5,24.2,48.8,7.1,8.9,24.9,4.1,6.2,64.8,35.2,"[{""score"": ""1 - 0"", ""pct"": 12.13}, {""score"": ""1 - 1"", ""pct"": 11.600000000000001}, {""score"": ""2 - 1"", ""pct"": 9.77}]"
United States,Uruguay,Neutral,0.788,1.577,18.1,25.4,56.5,16.5,3.3,5.3,56.5,8.4,10.1,25.1,74.9,"[{""score"": ""0 - 1"", ""pct"": 14.799999999999999}, {""score"": ""0 - 2"", ""pct"": 11.65}, {""score"": ""1 - 1"", ""pct"": 10.92}]"
United States,Belgium,Neutral,0.917,2.027,15.2,21.2,63.5,15.2,2.7,3.4,64.2,6.9,7.6,21.3,78.7,"[{""score"": ""0 - 1"", ""pct"": 11.32}, {""score"": ""0 - 2"", ""pct"": 10.93}, {""score"": ""1 - 2"", ""pct"": 10.5}]"
United States,Germany,Neutral,0.997,2.303,14.2,18.6,67.3,13.8,2.4,2.9,67.2,7.4,6.3,19.1,80.9,"[{""score"": ""0 - 2"", ""pct"": 10.14}, {""score"": ""1 - 2"", ""pct"": 9.93}, {""score"": ""0 - 1"", ""pct"": 8.91}]"
United States,Senegal,Neutral,0.959,1.292,26.7,29.2,44.2,26.3,4.8,7.5,44.5,7.1,9.8,38.6,61.4,"[{""score"": ""0 - 1"", ""pct"": 13.389999999999999}, {""score"": ""1 - 1"", ""pct"": 12.839999999999998}, {""score"": ""0 - 0"", ""pct"": 11.559999999999999}]"
United States,Portugal,Neutral,0.789,2.153,11.2,19.1,69.7,11.5,2.2,2.6,69.1,7.3,7.4,16.3,83.7,"[{""score"": ""0 - 1"", ""pct"": 12.24}, {""score"": ""0 - 2"", ""pct"": 12.049999999999999}, {""score"": ""1 - 2"", ""pct"": 9.64}]"
United States,Argentina,Neutral,0.576,2.059,8.4,19.0,72.6,8.4,1.7,2.3,72.5,7.2,7.9,12.3,87.7,"[{""score"": ""0 - 2"", ""pct"": 15.290000000000001}, {""score"": ""0 - 1"", ""pct"": 14.430000000000001}, {""score"": ""0 - 3"", ""pct"": 10.08}]"
United States,South Africa,Neutral,1.41,0.92,48.0,28.4,23.6,48.4,6.9,9.4,24.6,4.4,6.2,64.8,35.2,"[{""score"": ""1 - 0"", ""pct"": 13.91}, {""score"": ""1 - 1"", ""pct"": 12.76}, {""score"": ""0 - 0"", ""pct"": 10.37}]"
United States,Paraguay,Neutral,1.012,1.169,30.6,30.2,39.2,30.0,6.1,8.5,39.2,7.0,9.2,44.6,55.4,"[{""score"": ""0 - 1"", ""pct"": 13.41}, {""score"": ""1 - 1"", ""pct"": 13.23}, {""score"": ""0 - 0"", ""pct"": 12.15}]"
United States,Mexico,Neutral,1.001,1.28,28.2,30.3,41.4,28.9,5.1,7.8,41.5,7.0,9.6,41.9,58.1,"[{""score"": ""1 - 1"", ""pct"": 13.15}, {""score"": ""0 - 1"", ""pct"": 12.839999999999998}, {""score"": ""0 - 0"", ""pct"": 11.559999999999999}]"
United States,Turkey,Neutral,1.254,1.589,29.9,26.0,44.1,30.3,4.9,6.1,44.3,6.7,7.7,41.3,58.7,"[{""score"": ""1 - 1"", ""pct"": 11.61}, {""score"": ""0 - 1"", ""pct"": 10.09}, {""score"": ""1 - 2"", ""pct"": 9.31}]"
United States,England,Neutral,0.654,1.995,10.0,20.2,69.7,9.9,1.9,2.3,69.3,7.7,8.7,14.2,85.8,"[{""score"": ""0 - 1"", ""pct"": 14.799999999999999}, {""score"": ""0 - 2"", ""pct"": 13.99}, {""score"": ""1 - 1"", ""pct"": 9.19}]"
United States,Qatar,Neutral,1.993,0.962,61.1,22.0,16.9,61.4,7.8,7.8,16.0,3.0,3.9,77.1,22.9,"[{""score"": ""1 - 0"", ""pct"": 10.58}, {""score"": ""2 - 0"", ""pct"": 10.14}, {""score"": ""1 - 1"", ""pct"": 9.86}]"
United States,Colombia,Neutral,0.78,1.815,14.4,22.8,62.8,14.6,3.0,3.9,62.1,7.5,8.8,21.5,78.5,"[{""score"": ""0 - 1"", ""pct"": 14.879999999999999}, {""score"": ""0 - 2"", ""pct"": 12.25}, {""score"": ""1 - 1"", ""pct"": 10.299999999999999}]"
United States,Czech Republic,Neutral,1.242,1.352,33.4,28.1,38.5,33.6,5.6,7.7,38.9,6.3,8.0,46.9,53.1,"[{""score"": ""1 - 1"", ""pct"": 12.8}, {""score"": ""0 - 1"", ""pct"": 10.040000000000001}, {""score"": ""1 - 0"", ""pct"": 9.41}]"
United States,Croatia,Neutral,0.933,1.683,20.1,24.7,55.2,19.9,3.8,4.9,55.0,7.5,8.9,28.6,71.4,"[{""score"": ""0 - 1"", ""pct"": 12.8}, {""score"": ""1 - 1"", ""pct"": 10.979999999999999}, {""score"": ""1 - 2"", ""pct"": 10.03}]"
United States,Netherlands,Neutral,0.937,2.092,14.3,21.1,64.7,14.9,2.7,3.1,65.0,6.8,7.5,20.7,79.3,"[{""score"": ""0 - 1"", ""pct"": 11.19}, {""score"": ""0 - 2"", ""pct"": 10.35}, {""score"": ""1 - 2"", ""pct"": 9.8}]"
United States,South Korea,Neutral,1.168,1.225,33.6,29.3,37.1,34.5,5.9,8.0,36.6,6.1,8.9,48.3,51.7,"[{""score"": ""1 - 1"", ""pct"": 12.65}, {""score"": ""0 - 1"", ""pct"": 11.1}, {""score"": ""1 - 0"", ""pct"": 10.84}]"
United States,Australia,Neutral,1.069,1.264,30.9,28.8,40.2,30.2,5.5,8.3,40.2,6.7,9.1,44.0,56.0,"[{""score"": ""1 - 1"", ""pct"": 12.659999999999998}, {""score"": ""0 - 1"", ""pct"": 11.52}, {""score"": ""0 - 0"", ""pct"": 10.81}]"
United States,Morocco,Neutral,0.725,1.371,18.8,29.4,51.8,18.8,3.9,6.9,51.5,7.3,11.6,29.6,70.4,"[{""score"": ""0 - 1"", ""pct"": 16.49}, {""score"": ""0 - 0"", ""pct"": 13.4}, {""score"": ""1 - 1"", ""pct"": 12.11}]"
United States,Scotland,Neutral,1.212,1.325,32.5,28.7,38.8,32.1,5.9,7.8,39.5,6.4,8.3,45.8,54.2,"[{""score"": ""1 - 1"", ""pct"": 12.839999999999998}, {""score"": ""0 - 1"", ""pct"": 10.39}, {""score"": ""1 - 0"", ""pct"": 9.19}]"
United States,Tunisia,Neutral,1.082,1.054,35.7,30.8,33.6,34.8,6.5,10.0,33.5,6.1,9.2,51.3,48.7,"[{""score"": ""1 - 1"", ""pct"": 13.04}, {""score"": ""0 - 0"", ""pct"": 12.75}, {""score"": ""0 - 1"", ""pct"": 12.58}]"
United States,Jordan,Neutral,1.586,0.985,51.8,26.6,21.6,51.5,6.9,9.0,22.7,4.5,5.5,67.4,32.6,"[{""score"": ""1 - 0"", ""pct"": 12.76}, {""score"": ""1 - 1"", ""pct"": 12.57}, {""score"": ""2 - 0"", ""pct"": 9.56}]"
United States,Saudi Arabia,Neutral,1.426,0.853,51.4,27.9,20.7,49.7,7.8,11.1,21.4,4.3,5.9,68.5,31.5,"[{""score"": ""1 - 0"", ""pct"": 15.17}, {""score"": ""1 - 1"", ""pct"": 12.0}, {""score"": ""0 - 0"", ""pct"": 11.05}]"
United States,Austria,Neutral,1.1,1.501,27.4,27.2,45.4,26.5,5.0,6.5,45.7,7.0,9.2,38.0,62.0,"[{""score"": ""1 - 1"", ""pct"": 12.61}, {""score"": ""0 - 1"", ""pct"": 10.95}, {""score"": ""1 - 2"", ""pct"": 9.370000000000001}]"
United States,Haiti,Neutral,2.209,0.858,68.2,19.6,12.2,68.4,7.2,7.0,12.6,2.1,2.7,82.7,17.3,"[{""score"": ""2 - 0"", ""pct"": 11.08}, {""score"": ""1 - 0"", ""pct"": 10.620000000000001}, {""score"": ""2 - 1"", ""pct"": 9.790000000000001}]"
United States,Japan,Neutral,1.021,1.526,24.3,27.2,48.5,24.0,4.5,5.8,49.0,7.4,9.2,34.4,65.6,"[{""score"": ""1 - 1"", ""pct"": 12.709999999999999}, {""score"": ""0 - 1"", ""pct"": 12.370000000000001}, {""score"": ""1 - 2"", ""pct"": 9.700000000000001}]"
United States,Panama,Neutral,1.656,0.973,53.5,25.6,21.0,53.5,7.0,9.0,21.3,4.2,5.1,69.5,30.5,"[{""score"": ""1 - 0"", ""pct"": 12.15}, {""score"": ""1 - 1"", ""pct"": 11.62}, {""score"": ""2 - 1"", ""pct"": 10.36}]"
United States,Brazil,Neutral,0.671,2.259,8.1,17.9,74.0,8.8,1.7,2.1,73.3,7.2,6.8,12.7,87.3,"[{""score"": ""0 - 2"", ""pct"": 13.04}, {""score"": ""0 - 1"", ""pct"": 12.690000000000001}, {""score"": ""0 - 3"", ""pct"": 9.87}]"
Sweden,United States,Neutral,1.566,1.213,45.0,26.3,28.7,45.3,6.9,8.0,28.5,5.1,6.2,60.2,39.8,"[{""score"": ""1 - 1"", ""pct"": 11.81}, {""score"": ""1 - 0"", ""pct"": 10.0}, {""score"": ""2 - 1"", ""pct"": 9.35}]"
Sweden,Canada,Neutral,1.489,1.101,45.5,27.2,27.3,45.2,6.9,8.8,27.4,5.1,6.7,60.9,39.1,"[{""score"": ""1 - 1"", ""pct"": 12.85}, {""score"": ""1 - 0"", ""pct"": 11.16}, {""score"": ""2 - 1"", ""pct"": 10.09}]"
Sweden,France,Neutral,0.906,1.931,16.3,22.3,61.4,16.2,2.9,3.8,61.7,7.7,7.8,22.9,77.1,"[{""score"": ""0 - 2"", ""pct"": 11.67}, {""score"": ""0 - 1"", ""pct"": 11.15}, {""score"": ""1 - 1"", ""pct"": 10.100000000000001}]"
Sweden,Egypt,Neutral,1.323,1.015,43.9,28.1,28.0,42.3,6.8,10.3,28.0,5.4,7.2,59.4,40.6,"[{""score"": ""1 - 0"", ""pct"": 13.29}, {""score"": ""1 - 1"", ""pct"": 12.24}, {""score"": ""0 - 0"", ""pct"": 10.37}]"
Sweden,Norway,Neutral,1.369,1.611,31.6,25.5,42.9,32.2,5.2,5.9,43.1,6.4,7.2,43.3,56.7,"[{""score"": ""1 - 1"", ""pct"": 11.48}, {""score"": ""1 - 2"", ""pct"": 8.88}, {""score"": ""0 - 1"", ""pct"": 8.63}]"
Sweden,Spain,Neutral,0.839,2.333,10.9,17.8,71.4,10.7,2.0,2.2,71.4,7.1,6.6,14.9,85.1,"[{""score"": ""0 - 2"", ""pct"": 11.14}, {""score"": ""0 - 1"", ""pct"": 10.32}, {""score"": ""1 - 2"", ""pct"": 9.84}]"
Sweden,Ivory Coast,Neutral,1.331,1.105,40.8,28.9,30.2,41.5,6.7,9.0,29.9,5.5,7.4,57.2,42.8,"[{""score"": ""1 - 1"", ""pct"": 13.209999999999999}, {""score"": ""1 - 0"", ""pct"": 11.84}, {""score"": ""0 - 0"", ""pct"": 9.54}]"
Sweden,New Zealand,Neutral,1.907,0.631,68.2,21.0,10.8,67.4,7.8,9.4,10.3,2.3,2.9,84.6,15.5,"[{""score"": ""1 - 0"", ""pct"": 16.09}, {""score"": ""2 - 0"", ""pct"": 14.2}, {""score"": ""1 - 1"", ""pct"": 9.41}]"
Sweden,Algeria,Neutral,1.518,1.364,40.6,26.1,33.3,40.4,6.8,7.2,33.8,5.5,6.3,54.4,45.6,"[{""score"": ""1 - 1"", ""pct"": 12.29}, {""score"": ""1 - 0"", ""pct"": 8.99}, {""score"": ""2 - 1"", ""pct"": 8.93}]"
Sweden,Uzbekistan,Neutral,1.47,0.921,50.0,27.5,22.6,50.2,7.2,9.8,22.5,4.1,6.2,67.2,32.9,"[{""score"": ""1 - 0"", ""pct"": 14.000000000000002}, {""score"": ""1 - 1"", ""pct"": 12.3}, {""score"": ""0 - 0"", ""pct"": 10.42}]"
Sweden,Curaçao,Neutral,2.949,0.607,85.0,10.9,4.2,85.7,5.1,3.6,4.2,0.6,0.8,94.4,5.6,"[{""score"": ""2 - 0"", ""pct"": 12.790000000000001}, {""score"": ""3 - 0"", ""pct"": 12.29}, {""score"": ""4 - 0"", ""pct"": 8.85}]"
Sweden,DR Congo,Neutral,1.51,0.871,51.8,27.6,20.5,51.7,7.4,10.4,20.7,4.1,5.7,69.5,30.5,"[{""score"": ""1 - 0"", ""pct"": 14.27}, {""score"": ""1 - 1"", ""pct"": 12.19}, {""score"": ""0 - 0"", ""pct"": 10.67}]"
Sweden,Iraq,Neutral,1.746,0.769,60.8,24.3,14.9,59.8,7.9,9.8,15.5,2.9,4.1,77.5,22.5,"[{""score"": ""1 - 0"", ""pct"": 15.32}, {""score"": ""2 - 0"", ""pct"": 11.559999999999999}, {""score"": ""1 - 1"", ""pct"": 10.6}]"
Sweden,Ghana,Neutral,1.727,0.935,55.4,24.7,19.9,56.4,7.4,9.5,18.6,3.4,4.8,73.2,26.8,"[{""score"": ""1 - 0"", ""pct"": 12.540000000000001}, {""score"": ""1 - 1"", ""pct"": 11.27}, {""score"": ""2 - 0"", ""pct"": 9.78}]"
Sweden,Ecuador,Neutral,0.981,1.274,27.6,30.3,42.0,27.4,5.1,8.1,42.2,7.2,10.0,40.6,59.4,"[{""score"": ""1 - 1"", ""pct"": 13.71}, {""score"": ""0 - 1"", ""pct"": 13.23}, {""score"": ""0 - 0"", ""pct"": 11.84}]"
Sweden,Cape Verde,Neutral,1.883,0.764,63.6,22.4,14.0,63.8,7.5,8.9,13.7,2.4,3.7,80.2,19.8,"[{""score"": ""1 - 0"", ""pct"": 13.63}, {""score"": ""2 - 0"", ""pct"": 12.47}, {""score"": ""1 - 1"", ""pct"": 9.81}]"
Sweden,Iran,Neutral,1.276,1.199,37.5,28.9,33.6,37.4,6.0,8.4,34.1,5.9,8.2,51.8,48.2,"[{""score"": ""1 - 1"", ""pct"": 13.74}, {""score"": ""1 - 0"", ""pct"": 10.38}, {""score"": ""0 - 1"", ""pct"": 9.91}]"
Sweden,Switzerland,Neutral,1.229,1.615,28.2,25.1,46.7,28.6,4.8,5.8,46.2,7.0,7.6,39.1,60.9,"[{""score"": ""1 - 1"", ""pct"": 11.14}, {""score"": ""1 - 2"", ""pct"": 9.59}, {""score"": ""0 - 1"", ""pct"": 9.58}]"
Sweden,Bosnia and Herzegovina,Neutral,1.895,1.006,58.8,23.1,18.1,58.1,7.1,8.5,18.9,3.5,4.0,73.7,26.3,"[{""score"": ""1 - 0"", ""pct"": 11.19}, {""score"": ""1 - 1"", ""pct"": 10.549999999999999}, {""score"": ""2 - 1"", ""pct"": 10.36}]"
Sweden,Uruguay,Neutral,0.958,1.486,23.4,27.7,48.9,23.5,4.4,6.5,48.5,7.4,9.7,34.4,65.6,"[{""score"": ""0 - 1"", ""pct"": 12.6}, {""score"": ""1 - 1"", ""pct"": 12.36}, {""score"": ""0 - 0"", ""pct"": 9.65}]"
Sweden,Belgium,Neutral,1.115,1.909,20.7,22.9,56.4,20.5,3.9,4.2,56.3,7.7,7.3,28.6,71.4,"[{""score"": ""1 - 1"", ""pct"": 10.38}, {""score"": ""0 - 1"", ""pct"": 10.26}, {""score"": ""1 - 2"", ""pct"": 9.51}]"
Sweden,Germany,Neutral,1.212,2.17,19.9,20.8,59.4,19.0,3.3,3.7,60.0,7.8,6.2,26.0,74.0,"[{""score"": ""1 - 2"", ""pct"": 9.950000000000001}, {""score"": ""1 - 1"", ""pct"": 8.76}, {""score"": ""0 - 2"", ""pct"": 8.07}]"
Sweden,Senegal,Neutral,1.166,1.217,33.7,30.1,36.2,34.7,6.0,8.6,35.5,6.3,8.9,49.3,50.7,"[{""score"": ""1 - 1"", ""pct"": 13.55}, {""score"": ""0 - 1"", ""pct"": 11.35}, {""score"": ""1 - 0"", ""pct"": 10.67}]"
Sweden,Portugal,Neutral,0.959,2.028,16.7,21.7,61.6,15.7,3.0,3.8,62.2,7.6,7.6,22.5,77.5,"[{""score"": ""0 - 2"", ""pct"": 10.12}, {""score"": ""0 - 1"", ""pct"": 10.12}, {""score"": ""1 - 1"", ""pct"": 9.85}]"
Sweden,Argentina,Neutral,0.7,1.94,11.7,21.7,66.6,11.7,2.2,3.2,66.9,7.5,8.5,17.1,82.9,"[{""score"": ""0 - 1"", ""pct"": 14.46}, {""score"": ""0 - 2"", ""pct"": 12.839999999999998}, {""score"": ""1 - 1"", ""pct"": 9.59}]"
Sweden,South Africa,Neutral,1.714,0.867,57.0,24.8,18.2,57.1,7.2,9.6,17.9,3.2,5.0,73.9,26.1,"[{""score"": ""1 - 0"", ""pct"": 13.74}, {""score"": ""1 - 1"", ""pct"": 11.110000000000001}, {""score"": ""2 - 0"", ""pct"": 10.45}]"
Sweden,Paraguay,Neutral,1.231,1.102,39.2,30.1,30.7,38.0,6.9,9.3,32.0,5.5,8.2,54.2,45.8,"[{""score"": ""1 - 1"", ""pct"": 13.38}, {""score"": ""1 - 0"", ""pct"": 12.2}, {""score"": ""0 - 0"", ""pct"": 10.95}]"
Sweden,Mexico,Neutral,1.217,1.206,36.1,28.6,35.3,35.8,6.2,8.3,35.5,5.5,8.7,50.3,49.7,"[{""score"": ""1 - 1"", ""pct"": 12.75}, {""score"": ""1 - 0"", ""pct"": 10.96}, {""score"": ""0 - 1"", ""pct"": 10.76}]"
Sweden,Turkey,Neutral,1.525,1.497,38.3,25.5,36.2,38.3,6.0,6.8,35.9,6.3,6.7,51.1,48.9,"[{""score"": ""1 - 1"", ""pct"": 11.360000000000001}, {""score"": ""2 - 1"", ""pct"": 8.84}, {""score"": ""1 - 2"", ""pct"": 8.450000000000001}]"
Sweden,England,Neutral,0.795,1.879,13.6,22.4,64.0,14.4,2.6,4.0,63.0,7.3,8.5,21.1,78.9,"[{""score"": ""0 - 1"", ""pct"": 13.389999999999999}, {""score"": ""0 - 2"", ""pct"": 12.08}, {""score"": ""1 - 1"", ""pct"": 9.73}]"
Sweden,Qatar,Neutral,2.423,0.906,71.4,17.6,11.0,71.5,6.9,6.3,10.9,2.1,2.2,84.8,15.2,"[{""score"": ""2 - 0"", ""pct"": 10.4}, {""score"": ""2 - 1"", ""pct"": 9.629999999999999}, {""score"": ""1 - 0"", ""pct"": 9.31}]"
Sweden,Colombia,Neutral,0.949,1.71,19.8,24.5,55.7,19.4,3.6,5.1,55.7,7.3,8.9,28.0,72.0,"[{""score"": ""0 - 1"", ""pct"": 12.8}, {""score"": ""1 - 1"", ""pct"": 11.25}, {""score"": ""1 - 2"", ""pct"": 10.09}]"
Sweden,Czech Republic,Neutral,1.511,1.274,43.1,25.9,31.0,43.0,6.8,7.6,31.0,5.3,6.3,57.3,42.7,"[{""score"": ""1 - 1"", ""pct"": 11.18}, {""score"": ""1 - 0"", ""pct"": 9.93}, {""score"": ""2 - 1"", ""pct"": 9.0}]"
Sweden,Croatia,Neutral,1.134,1.585,26.0,26.7,47.3,26.1,4.0,6.1,48.6,6.8,8.4,36.2,63.8,"[{""score"": ""1 - 1"", ""pct"": 11.93}, {""score"": ""0 - 1"", ""pct"": 10.58}, {""score"": ""1 - 2"", ""pct"": 9.25}]"
Sweden,Netherlands,Neutral,1.14,1.971,20.4,23.0,56.6,21.1,3.9,4.2,56.5,7.2,7.1,29.2,70.8,"[{""score"": ""1 - 1"", ""pct"": 10.41}, {""score"": ""1 - 2"", ""pct"": 9.91}, {""score"": ""0 - 1"", ""pct"": 9.26}]"
Sweden,South Korea,Neutral,1.421,1.154,42.9,27.3,29.8,42.2,7.2,8.6,29.3,5.7,7.0,58.0,42.0,"[{""score"": ""1 - 1"", ""pct"": 12.740000000000002}, {""score"": ""1 - 0"", ""pct"": 11.05}, {""score"": ""2 - 1"", ""pct"": 8.870000000000001}]"
Sweden,Australia,Neutral,1.3,1.191,38.3,28.4,33.3,38.7,6.4,8.2,33.5,5.8,7.5,53.3,46.7,"[{""score"": ""1 - 1"", ""pct"": 12.509999999999998}, {""score"": ""1 - 0"", ""pct"": 11.25}, {""score"": ""0 - 1"", ""pct"": 9.969999999999999}]"
Sweden,Morocco,Neutral,0.881,1.292,23.9,30.1,46.0,24.7,4.8,7.3,45.0,7.2,10.9,36.8,63.2,"[{""score"": ""0 - 1"", ""pct"": 14.64}, {""score"": ""0 - 0"", ""pct"": 13.059999999999999}, {""score"": ""1 - 1"", ""pct"": 12.68}]"
Sweden,Scotland,Neutral,1.474,1.248,42.1,26.2,31.7,41.7,7.1,8.0,31.0,5.5,6.8,56.8,43.2,"[{""score"": ""1 - 1"", ""pct"": 11.76}, {""score"": ""1 - 0"", ""pct"": 9.879999999999999}, {""score"": ""2 - 1"", ""pct"": 9.09}]"
Sweden,Tunisia,Neutral,1.315,0.993,43.6,29.3,27.2,43.4,6.9,10.1,27.3,4.8,7.5,60.4,39.6,"[{""score"": ""1 - 0"", ""pct"": 13.62}, {""score"": ""1 - 1"", ""pct"": 12.85}, {""score"": ""0 - 0"", ""pct"": 11.08}]"
Sweden,Jordan,Neutral,1.928,0.928,61.8,22.3,15.9,62.4,7.5,7.8,15.9,3.0,3.3,77.7,22.3,"[{""score"": ""1 - 0"", ""pct"": 11.899999999999999}, {""score"": ""2 - 0"", ""pct"": 10.440000000000001}, {""score"": ""2 - 1"", ""pct"": 10.26}]"
Sweden,Saudi Arabia,Neutral,1.734,0.803,59.2,24.8,16.0,59.2,7.4,9.2,16.1,3.1,5.1,75.8,24.2,"[{""score"": ""1 - 0"", ""pct"": 14.14}, {""score"": ""2 - 0"", ""pct"": 11.709999999999999}, {""score"": ""1 - 1"", ""pct"": 11.0}]"
Sweden,Austria,Neutral,1.337,1.414,34.4,27.1,38.5,34.7,6.0,7.3,38.5,6.1,7.3,48.1,51.9,"[{""score"": ""1 - 1"", ""pct"": 12.35}, {""score"": ""1 - 0"", ""pct"": 9.0}, {""score"": ""0 - 1"", ""pct"": 8.97}]"
Sweden,Haiti,Neutral,2.686,0.809,77.6,14.5,7.9,77.4,6.3,5.1,8.0,1.6,1.7,88.8,11.2,"[{""score"": ""2 - 0"", ""pct"": 11.17}, {""score"": ""3 - 0"", ""pct"": 9.71}, {""score"": ""1 - 0"", ""pct"": 9.04}]"
Sweden,Japan,Neutral,1.242,1.438,31.8,27.0,41.2,31.8,5.3,7.0,41.2,6.5,8.1,44.2,55.8,"[{""score"": ""1 - 1"", ""pct"": 12.280000000000001}, {""score"": ""0 - 1"", ""pct"": 10.14}, {""score"": ""1 - 2"", ""pct"": 8.81}]"
Sweden,Panama,Neutral,2.014,0.917,63.3,21.2,15.5,63.2,7.4,7.5,15.2,3.0,3.7,78.2,21.8,"[{""score"": ""1 - 0"", ""pct"": 11.540000000000001}, {""score"": ""2 - 0"", ""pct"": 10.879999999999999}, {""score"": ""1 - 1"", ""pct"": 10.01}]"
Sweden,Brazil,Neutral,0.816,2.129,11.7,19.9,68.4,12.0,2.3,2.9,67.9,7.3,7.6,17.2,82.8,"[{""score"": ""0 - 2"", ""pct"": 12.22}, {""score"": ""0 - 1"", ""pct"": 11.35}, {""score"": ""1 - 2"", ""pct"": 9.94}]"
Canada,United States,Neutral,1.168,1.225,33.9,28.6,37.5,34.7,6.1,7.9,36.9,6.5,7.9,48.7,51.2,"[{""score"": ""1 - 1"", ""pct"": 13.07}, {""score"": ""0 - 1"", ""pct"": 11.43}, {""score"": ""1 - 0"", ""pct"": 10.74}]"
Canada,Sweden,Neutral,1.101,1.489,26.7,26.8,46.5,26.5,4.9,6.7,46.3,6.6,8.9,38.1,61.9,"[{""score"": ""1 - 1"", ""pct"": 12.36}, {""score"": ""0 - 1"", ""pct"": 11.65}, {""score"": ""1 - 2"", ""pct"": 9.33}]"
Canada,France,Neutral,0.676,1.949,11.6,20.6,67.8,11.3,2.2,2.9,67.1,7.9,8.5,16.4,83.6,"[{""score"": ""0 - 1"", ""pct"": 14.180000000000001}, {""score"": ""0 - 2"", ""pct"": 13.76}, {""score"": ""1 - 1"", ""pct"": 9.31}]"
Canada,Egypt,Neutral,0.987,1.024,33.5,32.0,34.5,33.7,5.9,9.8,34.7,5.8,10.2,49.4,50.6,"[{""score"": ""0 - 0"", ""pct"": 14.280000000000001}, {""score"": ""0 - 1"", ""pct"": 13.77}, {""score"": ""1 - 0"", ""pct"": 13.600000000000001}]"
Canada,Norway,Neutral,1.022,1.627,22.6,25.4,51.9,23.0,4.0,5.5,51.1,7.1,9.3,32.5,67.5,"[{""score"": ""0 - 1"", ""pct"": 11.88}, {""score"": ""1 - 1"", ""pct"": 11.53}, {""score"": ""0 - 2"", ""pct"": 9.629999999999999}]"
Canada,Spain,Neutral,0.626,2.355,6.9,16.0,77.1,7.0,1.5,1.9,76.1,6.7,6.9,10.4,89.6,"[{""score"": ""0 - 2"", ""pct"": 14.63}, {""score"": ""0 - 1"", ""pct"": 12.67}, {""score"": ""0 - 3"", ""pct"": 10.440000000000001}]"
Canada,Ivory Coast,Neutral,0.993,1.115,31.1,30.6,38.2,30.9,5.7,9.3,37.4,6.7,10.1,45.8,54.2,"[{""score"": ""0 - 1"", ""pct"": 13.669999999999998}, {""score"": ""0 - 0"", ""pct"": 13.530000000000001}, {""score"": ""1 - 1"", ""pct"": 13.089999999999998}]"
Canada,New Zealand,Neutral,1.423,0.637,56.0,28.5,15.4,55.2,7.8,12.3,15.8,3.4,5.4,75.4,24.6,"[{""score"": ""1 - 0"", ""pct"": 18.6}, {""score"": ""0 - 0"", ""pct"": 13.919999999999998}, {""score"": ""2 - 0"", ""pct"": 12.5}]"
Canada,Algeria,Neutral,1.132,1.377,29.7,27.4,42.9,29.6,5.4,7.2,42.0,6.8,8.9,42.3,57.7,"[{""score"": ""1 - 1"", ""pct"": 12.31}, {""score"": ""0 - 1"", ""pct"": 11.41}, {""score"": ""0 - 0"", ""pct"": 9.16}]"
Canada,Uzbekistan,Neutral,1.097,0.93,38.3,32.1,29.6,38.5,6.5,10.7,30.0,5.6,8.6,55.7,44.3,"[{""score"": ""0 - 0"", ""pct"": 14.2}, {""score"": ""1 - 0"", ""pct"": 13.819999999999999}, {""score"": ""1 - 1"", ""pct"": 13.51}]"
Canada,Curaçao,Neutral,2.2,0.613,74.2,18.0,7.8,74.3,7.1,7.1,8.1,1.4,2.0,88.5,11.5,"[{""score"": ""2 - 0"", ""pct"": 14.26}, {""score"": ""1 - 0"", ""pct"": 13.26}, {""score"": ""3 - 0"", ""pct"": 10.59}]"
Canada,DR Congo,Neutral,1.127,0.879,39.7,32.6,27.7,40.2,6.8,11.5,27.3,4.9,9.3,58.5,41.5,"[{""score"": ""1 - 0"", ""pct"": 14.760000000000002}, {""score"": ""0 - 0"", ""pct"": 14.729999999999999}, {""score"": ""1 - 1"", ""pct"": 13.81}]"
Canada,Iraq,Neutral,1.303,0.776,48.9,30.2,20.9,48.2,7.6,11.9,21.2,4.0,7.1,67.7,32.3,"[{""score"": ""1 - 0"", ""pct"": 17.02}, {""score"": ""0 - 0"", ""pct"": 13.73}, {""score"": ""1 - 1"", ""pct"": 12.68}]"
Canada,Ghana,Neutral,1.289,0.944,44.2,30.0,25.8,44.0,7.1,10.1,26.7,4.8,7.3,61.2,38.8,"[{""score"": ""1 - 0"", ""pct"": 13.930000000000001}, {""score"": ""1 - 1"", ""pct"": 12.91}, {""score"": ""0 - 0"", ""pct"": 11.86}]"
Canada,Ecuador,Neutral,0.732,1.286,19.7,30.5,49.8,19.6,3.9,7.1,49.6,7.6,12.2,30.6,69.4,"[{""score"": ""0 - 1"", ""pct"": 17.62}, {""score"": ""0 - 0"", ""pct"": 14.299999999999999}, {""score"": ""1 - 1"", ""pct"": 12.82}]"
Canada,Cape Verde,Neutral,1.405,0.771,51.4,28.7,19.9,52.4,6.8,11.2,20.0,3.9,5.7,70.4,29.6,"[{""score"": ""1 - 0"", ""pct"": 16.55}, {""score"": ""1 - 1"", ""pct"": 13.04}, {""score"": ""0 - 0"", ""pct"": 11.83}]"
Canada,Iran,Neutral,0.952,1.21,27.9,30.3,41.7,27.3,5.3,8.1,42.2,6.6,10.4,40.7,59.3,"[{""score"": ""0 - 1"", ""pct"": 14.11}, {""score"": ""1 - 1"", ""pct"": 13.03}, {""score"": ""0 - 0"", ""pct"": 12.83}]"
Canada,Switzerland,Neutral,0.917,1.631,20.6,26.1,53.3,19.6,4.2,5.0,54.1,7.6,9.4,28.8,71.2,"[{""score"": ""0 - 1"", ""pct"": 13.07}, {""score"": ""1 - 1"", ""pct"": 11.66}, {""score"": ""0 - 2"", ""pct"": 10.23}]"
Canada,Bosnia and Herzegovina,Neutral,1.414,1.016,45.9,27.4,26.8,44.8,7.5,9.4,26.2,4.9,7.1,61.7,38.3,"[{""score"": ""1 - 0"", ""pct"": 12.8}, {""score"": ""1 - 1"", ""pct"": 12.33}, {""score"": ""0 - 0"", ""pct"": 9.229999999999999}]"
Canada,Uruguay,Neutral,0.715,1.5,16.2,27.9,55.9,16.5,3.4,4.9,56.4,8.1,10.8,24.8,75.2,"[{""score"": ""0 - 1"", ""pct"": 16.49}, {""score"": ""0 - 0"", ""pct"": 12.47}, {""score"": ""0 - 2"", ""pct"": 12.370000000000001}]"
Canada,Belgium,Neutral,0.832,1.927,14.4,22.2,63.4,14.4,2.6,3.5,63.5,7.8,8.2,20.6,79.5,"[{""score"": ""0 - 1"", ""pct"": 12.1}, {""score"": ""0 - 2"", ""pct"": 11.44}, {""score"": ""1 - 2"", ""pct"": 9.83}]"
Canada,Germany,Neutral,0.904,2.19,13.6,19.7,66.7,13.3,2.8,2.4,66.9,7.6,7.1,18.4,81.6,"[{""score"": ""0 - 1"", ""pct"": 10.69}, {""score"": ""0 - 2"", ""pct"": 10.620000000000001}, {""score"": ""1 - 2"", ""pct"": 9.629999999999999}]"
Canada,Senegal,Neutral,0.87,1.228,25.4,30.3,44.3,25.4,4.8,7.7,44.6,7.0,10.6,37.8,62.2,"[{""score"": ""0 - 1"", ""pct"": 15.1}, {""score"": ""0 - 0"", ""pct"": 13.089999999999998}, {""score"": ""1 - 1"", ""pct"": 13.04}]"
Canada,Portugal,Neutral,0.716,2.047,11.2,20.0,68.8,10.9,2.3,2.8,69.2,7.1,7.7,16.0,84.0,"[{""score"": ""0 - 1"", ""pct"": 13.780000000000001}, {""score"": ""0 - 2"", ""pct"": 13.13}, {""score"": ""1 - 2"", ""pct"": 9.21}]"
Canada,Argentina,Neutral,0.523,1.958,8.1,19.9,72.0,7.8,1.5,2.1,72.6,7.2,8.9,11.3,88.7,"[{""score"": ""0 - 1"", ""pct"": 17.02}, {""score"": ""0 - 2"", ""pct"": 15.76}, {""score"": ""0 - 3"", ""pct"": 9.83}]"
Canada,South Africa,Neutral,1.279,0.875,45.6,29.6,24.7,45.8,7.0,11.0,24.2,4.4,7.7,63.7,36.3,"[{""score"": ""1 - 0"", ""pct"": 15.290000000000001}, {""score"": ""1 - 1"", ""pct"": 12.870000000000001}, {""score"": ""0 - 0"", ""pct"": 12.61}]"
Canada,Paraguay,Neutral,0.918,1.112,28.1,32.8,39.2,29.5,5.5,8.6,38.4,7.1,10.7,43.7,56.3,"[{""score"": ""0 - 0"", ""pct"": 15.07}, {""score"": ""0 - 1"", ""pct"": 14.12}, {""score"": ""1 - 1"", ""pct"": 13.55}]"
Canada,Mexico,Neutral,0.908,1.217,26.6,31.2,42.1,27.2,4.9,7.9,42.7,6.8,10.5,40.0,60.0,"[{""score"": ""0 - 1"", ""pct"": 14.14}, {""score"": ""1 - 1"", ""pct"": 13.63}, {""score"": ""0 - 0"", ""pct"": 13.03}]"
Canada,Turkey,Neutral,1.138,1.511,27.8,26.7,45.5,27.9,4.7,6.2,46.4,7.0,7.9,38.8,61.2,"[{""score"": ""1 - 1"", ""pct"": 12.11}, {""score"": ""0 - 1"", ""pct"": 11.04}, {""score"": ""1 - 2"", ""pct"": 8.94}]"
Canada,England,Neutral,0.593,1.897,9.8,22.4,67.8,9.4,1.9,2.7,69.8,7.5,8.7,14.0,86.0,"[{""score"": ""0 - 1"", ""pct"": 16.59}, {""score"": ""0 - 2"", ""pct"": 13.83}, {""score"": ""0 - 0"", ""pct"": 9.86}]"
Canada,Qatar,Neutral,1.808,0.915,57.8,23.9,18.3,58.8,7.9,8.1,17.7,3.3,4.2,74.8,25.2,"[{""score"": ""1 - 0"", ""pct"": 12.3}, {""score"": ""1 - 1"", ""pct"": 11.39}, {""score"": ""2 - 0"", ""pct"": 10.66}]"
Canada,Colombia,Neutral,0.708,1.726,13.8,23.8,62.4,13.9,2.8,3.8,62.1,7.5,9.9,20.5,79.5,"[{""score"": ""0 - 1"", ""pct"": 15.370000000000001}, {""score"": ""0 - 2"", ""pct"": 12.93}, {""score"": ""1 - 1"", ""pct"": 10.489999999999998}]"
Canada,Czech Republic,Neutral,1.127,1.286,31.2,29.7,39.1,31.5,5.9,7.3,40.2,6.4,8.8,44.6,55.4,"[{""score"": ""1 - 1"", ""pct"": 13.270000000000001}, {""score"": ""0 - 1"", ""pct"": 11.799999999999999}, {""score"": ""0 - 0"", ""pct"": 10.42}]"
Canada,Croatia,Neutral,0.846,1.6,19.1,26.5,54.4,18.5,3.4,5.4,55.4,7.3,10.0,27.3,72.7,"[{""score"": ""0 - 1"", ""pct"": 13.86}, {""score"": ""1 - 1"", ""pct"": 11.83}, {""score"": ""0 - 2"", ""pct"": 10.5}]"
Canada,Netherlands,Neutral,0.85,1.99,14.5,21.3,64.2,13.8,2.8,3.1,64.6,7.6,8.1,19.7,80.3,"[{""score"": ""0 - 1"", ""pct"": 11.99}, {""score"": ""0 - 2"", ""pct"": 10.86}, {""score"": ""1 - 2"", ""pct"": 10.0}]"
Canada,South Korea,Neutral,1.06,1.165,32.7,30.8,36.5,31.8,5.7,9.1,37.7,6.1,9.7,46.5,53.5,"[{""score"": ""1 - 1"", ""pct"": 13.450000000000001}, {""score"": ""0 - 0"", ""pct"": 12.11}, {""score"": ""0 - 1"", ""pct"": 11.97}]"
Canada,Australia,Neutral,0.97,1.202,28.6,30.2,41.3,28.8,5.1,8.5,40.7,6.8,10.0,42.4,57.6,"[{""score"": ""0 - 1"", ""pct"": 13.919999999999998}, {""score"": ""1 - 1"", ""pct"": 12.870000000000001}, {""score"": ""0 - 0"", ""pct"": 12.27}]"
Canada,Morocco,Neutral,0.657,1.304,17.3,31.0,51.7,18.1,3.4,6.2,52.6,7.4,12.3,27.6,72.4,"[{""score"": ""0 - 1"", ""pct"": 17.919999999999998}, {""score"": ""0 - 0"", ""pct"": 15.89}, {""score"": ""1 - 1"", ""pct"": 12.21}]"
Canada,Scotland,Neutral,1.1,1.26,31.2,29.5,39.4,32.0,5.7,7.9,38.5,6.6,9.3,45.6,54.4,"[{""score"": ""1 - 1"", ""pct"": 13.750000000000002}, {""score"": ""0 - 1"", ""pct"": 11.940000000000001}, {""score"": ""1 - 0"", ""pct"": 10.72}]"
Canada,Tunisia,Neutral,0.981,1.002,33.7,32.2,34.1,32.6,5.7,10.1,35.2,6.1,10.4,48.3,51.7,"[{""score"": ""0 - 0"", ""pct"": 14.95}, {""score"": ""0 - 1"", ""pct"": 13.91}, {""score"": ""1 - 1"", ""pct"": 13.54}]"
Canada,Jordan,Neutral,1.439,0.937,48.3,27.9,23.7,47.8,6.6,10.9,24.0,4.4,6.5,65.2,34.8,"[{""score"": ""1 - 0"", ""pct"": 13.44}, {""score"": ""1 - 1"", ""pct"": 12.659999999999998}, {""score"": ""0 - 0"", ""pct"": 10.24}]"
Canada,Saudi Arabia,Neutral,1.294,0.811,47.7,29.8,22.6,47.6,7.4,11.4,22.9,4.0,6.7,66.4,33.6,"[{""score"": ""1 - 0"", ""pct"": 15.89}, {""score"": ""0 - 0"", ""pct"": 13.62}, {""score"": ""1 - 1"", ""pct"": 12.139999999999999}]"
Canada,Austria,Neutral,0.998,1.427,25.5,28.0,46.6,25.4,5.0,6.3,47.1,7.3,8.9,36.7,63.3,"[{""score"": ""1 - 1"", ""pct"": 12.64}, {""score"": ""0 - 1"", ""pct"": 12.139999999999999}, {""score"": ""0 - 0"", ""pct"": 9.74}]"
Canada,Haiti,Neutral,2.004,0.816,64.7,21.8,13.5,65.1,7.3,7.7,14.3,2.5,3.1,80.1,19.9,"[{""score"": ""1 - 0"", ""pct"": 12.049999999999999}, {""score"": ""2 - 0"", ""pct"": 11.97}, {""score"": ""1 - 1"", ""pct"": 10.02}]"
Canada,Japan,Neutral,0.927,1.452,22.5,28.7,48.9,24.4,4.3,6.0,48.5,6.9,9.8,34.8,65.2,"[{""score"": ""0 - 1"", ""pct"": 13.08}, {""score"": ""1 - 1"", ""pct"": 12.83}, {""score"": ""0 - 0"", ""pct"": 10.47}]"
Canada,Panama,Neutral,1.503,0.926,50.8,27.5,21.7,49.8,7.3,10.1,22.1,4.3,6.4,67.2,32.8,"[{""score"": ""1 - 0"", ""pct"": 13.889999999999999}, {""score"": ""1 - 1"", ""pct"": 12.65}, {""score"": ""0 - 0"", ""pct"": 9.87}]"
Canada,Brazil,Neutral,0.609,2.149,8.0,18.4,73.6,7.9,1.6,2.2,73.6,6.9,7.8,11.8,88.2,"[{""score"": ""0 - 2"", ""pct"": 15.049999999999999}, {""score"": ""0 - 1"", ""pct"": 14.280000000000001}, {""score"": ""0 - 3"", ""pct"": 10.290000000000001}]"
France,United States,Neutral,2.049,0.745,68.0,20.6,11.4,68.3,7.6,7.7,11.0,2.4,2.9,83.6,16.4,"[{""score"": ""1 - 0"", ""pct"": 13.120000000000001}, {""score"": ""2 - 0"", ""pct"": 12.989999999999998}, {""score"": ""1 - 1"", ""pct"": 9.569999999999999}]"
France,Sweden,Neutral,1.931,0.906,61.6,22.3,16.1,61.9,7.0,8.4,15.7,3.1,4.0,77.3,22.7,"[{""score"": ""1 - 0"", ""pct"": 11.37}, {""score"": ""2 - 0"", ""pct"": 10.79}, {""score"": ""2 - 1"", ""pct"": 10.5}]"
France,Canada,Neutral,1.949,0.676,69.2,20.6,10.2,68.1,7.2,8.6,10.9,2.2,3.0,83.8,16.2,"[{""score"": ""1 - 0"", ""pct"": 15.22}, {""score"": ""2 - 0"", ""pct"": 13.270000000000001}, {""score"": ""2 - 1"", ""pct"": 9.39}]"
France,Egypt,Neutral,1.731,0.623,64.6,23.4,12.0,65.3,7.2,10.1,11.9,2.2,3.2,82.6,17.4,"[{""score"": ""1 - 0"", ""pct"": 16.84}, {""score"": ""2 - 0"", ""pct"": 13.83}, {""score"": ""1 - 1"", ""pct"": 10.440000000000001}]"
France,Norway,Neutral,1.792,0.989,55.9,24.4,19.7,57.0,7.5,8.3,19.0,3.8,4.4,72.8,27.2,"[{""score"": ""1 - 0"", ""pct"": 11.86}, {""score"": ""1 - 1"", ""pct"": 11.37}, {""score"": ""2 - 1"", ""pct"": 10.12}]"
France,Spain,Neutral,1.097,1.432,28.3,27.0,44.7,28.1,5.2,7.1,44.6,6.5,8.5,40.4,59.6,"[{""score"": ""0 - 1"", ""pct"": 12.34}, {""score"": ""1 - 1"", ""pct"": 12.139999999999999}, {""score"": ""1 - 2"", ""pct"": 8.709999999999999}]"
France,Ivory Coast,Neutral,1.742,0.678,63.0,23.8,13.1,63.2,8.1,9.2,12.9,2.8,3.8,80.6,19.4,"[{""score"": ""1 - 0"", ""pct"": 15.190000000000001}, {""score"": ""2 - 0"", ""pct"": 13.01}, {""score"": ""1 - 1"", ""pct"": 10.24}]"
France,New Zealand,Neutral,2.496,0.388,83.9,12.8,3.3,84.5,5.3,5.3,3.4,0.8,0.8,95.1,5.0,"[{""score"": ""2 - 0"", ""pct"": 18.04}, {""score"": ""1 - 0"", ""pct"": 14.399999999999999}, {""score"": ""3 - 0"", ""pct"": 13.88}]"
France,Algeria,Neutral,1.986,0.837,64.2,21.5,14.3,64.6,7.2,8.2,13.8,2.7,3.5,80.0,20.0,"[{""score"": ""1 - 0"", ""pct"": 12.559999999999999}, {""score"": ""2 - 0"", ""pct"": 11.65}, {""score"": ""1 - 1"", ""pct"": 9.51}]"
France,Uzbekistan,Neutral,1.924,0.565,70.1,20.6,9.3,71.1,7.2,8.7,8.7,1.8,2.6,87.0,13.0,"[{""score"": ""1 - 0"", ""pct"": 15.85}, {""score"": ""2 - 0"", ""pct"": 15.22}, {""score"": ""0 - 0"", ""pct"": 9.28}]"
France,Curaçao,Neutral,3.859,0.373,94.8,4.2,1.0,95.2,2.4,1.2,0.8,0.2,0.2,98.9,1.1,"[{""score"": ""3 - 0"", ""pct"": 14.280000000000001}, {""score"": ""4 - 0"", ""pct"": 13.25}, {""score"": ""2 - 0"", ""pct"": 11.26}]"
France,DR Congo,Neutral,1.977,0.535,72.1,20.0,7.9,71.4,7.2,8.6,8.7,1.8,2.4,87.2,12.9,"[{""score"": ""1 - 0"", ""pct"": 17.130000000000003}, {""score"": ""2 - 0"", ""pct"": 15.35}, {""score"": ""3 - 0"", ""pct"": 10.26}]"
France,Iraq,Neutral,2.285,0.472,79.7,14.5,5.7,79.2,6.7,6.4,5.4,1.0,1.2,92.4,7.7,"[{""score"": ""2 - 0"", ""pct"": 16.8}, {""score"": ""1 - 0"", ""pct"": 15.659999999999998}, {""score"": ""3 - 0"", ""pct"": 11.899999999999999}]"
France,Ghana,Neutral,2.26,0.574,75.9,17.1,7.0,76.1,6.9,6.6,7.2,1.5,1.7,89.6,10.4,"[{""score"": ""2 - 0"", ""pct"": 15.24}, {""score"": ""1 - 0"", ""pct"": 13.58}, {""score"": ""3 - 0"", ""pct"": 10.81}]"
France,Ecuador,Neutral,1.284,0.782,47.7,30.8,21.4,47.0,7.6,11.4,21.9,4.4,7.6,66.1,33.9,"[{""score"": ""1 - 0"", ""pct"": 16.42}, {""score"": ""0 - 0"", ""pct"": 14.57}, {""score"": ""1 - 1"", ""pct"": 12.479999999999999}]"
France,Cape Verde,Neutral,2.464,0.469,81.8,13.7,4.6,81.5,5.7,5.9,5.1,0.9,1.1,93.0,7.0,"[{""score"": ""2 - 0"", ""pct"": 16.689999999999998}, {""score"": ""1 - 0"", ""pct"": 13.25}, {""score"": ""3 - 0"", ""pct"": 12.68}]"
France,Iran,Neutral,1.67,0.736,60.0,25.4,14.6,59.4,7.9,9.7,15.7,2.9,4.4,77.0,23.0,"[{""score"": ""1 - 0"", ""pct"": 14.99}, {""score"": ""2 - 0"", ""pct"": 12.57}, {""score"": ""1 - 1"", ""pct"": 11.06}]"
France,Switzerland,Neutral,1.608,0.992,51.6,26.9,21.4,51.8,7.4,9.0,21.8,4.4,5.5,68.3,31.7,"[{""score"": ""1 - 0"", ""pct"": 12.950000000000001}, {""score"": ""1 - 1"", ""pct"": 11.959999999999999}, {""score"": ""2 - 1"", ""pct"": 9.55}]"
France,Bosnia and Herzegovina,Neutral,2.48,0.618,78.3,15.2,6.5,79.0,6.4,5.7,6.1,1.3,1.6,91.1,8.9,"[{""score"": ""2 - 0"", ""pct"": 14.299999999999999}, {""score"": ""1 - 0"", ""pct"": 11.709999999999999}, {""score"": ""3 - 0"", ""pct"": 10.620000000000001}]"
France,Uruguay,Neutral,1.254,0.912,44.0,31.0,25.0,43.1,7.0,10.8,26.5,4.9,7.7,60.9,39.1,"[{""score"": ""1 - 0"", ""pct"": 14.82}, {""score"": ""0 - 0"", ""pct"": 13.120000000000001}, {""score"": ""1 - 1"", ""pct"": 13.120000000000001}]"
France,Belgium,Neutral,1.46,1.172,43.5,27.5,29.0,44.1,6.7,8.4,28.9,5.5,6.3,59.3,40.7,"[{""score"": ""1 - 1"", ""pct"": 12.73}, {""score"": ""1 - 0"", ""pct"": 10.979999999999999}, {""score"": ""2 - 1"", ""pct"": 8.92}]"
France,Germany,Neutral,1.586,1.332,43.4,25.4,31.2,43.1,6.9,7.1,31.1,5.4,6.4,57.1,42.9,"[{""score"": ""1 - 1"", ""pct"": 11.43}, {""score"": ""1 - 0"", ""pct"": 9.11}, {""score"": ""2 - 1"", ""pct"": 8.86}]"
France,Senegal,Neutral,1.527,0.747,56.2,26.8,17.0,56.0,7.6,10.5,17.0,3.7,5.2,74.1,25.9,"[{""score"": ""1 - 0"", ""pct"": 16.11}, {""score"": ""2 - 0"", ""pct"": 11.61}, {""score"": ""0 - 0"", ""pct"": 11.459999999999999}]"
France,Portugal,Neutral,1.255,1.245,36.4,28.0,35.5,35.5,6.4,8.5,35.9,5.5,8.3,50.4,49.6,"[{""score"": ""1 - 1"", ""pct"": 12.58}, {""score"": ""1 - 0"", ""pct"": 10.63}, {""score"": ""0 - 1"", ""pct"": 9.89}]"
France,Argentina,Neutral,0.916,1.191,27.4,30.8,41.8,27.6,5.2,8.2,41.7,6.6,10.7,41.0,59.0,"[{""score"": ""0 - 1"", ""pct"": 14.09}, {""score"": ""0 - 0"", ""pct"": 13.370000000000001}, {""score"": ""1 - 1"", ""pct"": 13.23}]"
France,South Africa,Neutral,2.243,0.532,77.3,16.5,6.2,77.0,6.7,7.5,5.9,1.3,1.5,91.2,8.8,"[{""score"": ""2 - 0"", ""pct"": 15.959999999999999}, {""score"": ""1 - 0"", ""pct"": 14.57}, {""score"": ""3 - 0"", ""pct"": 11.39}]"
France,Paraguay,Neutral,1.611,0.676,59.3,25.9,14.8,60.1,8.1,10.6,14.1,2.7,4.4,78.8,21.2,"[{""score"": ""1 - 0"", ""pct"": 16.46}, {""score"": ""2 - 0"", ""pct"": 12.93}, {""score"": ""0 - 0"", ""pct"": 11.17}]"
France,Mexico,Neutral,1.592,0.74,57.8,25.7,16.6,58.1,7.4,10.6,16.1,3.1,4.7,76.1,23.9,"[{""score"": ""1 - 0"", ""pct"": 15.97}, {""score"": ""2 - 0"", ""pct"": 12.09}, {""score"": ""1 - 1"", ""pct"": 11.32}]"
France,Turkey,Neutral,1.995,0.919,63.0,21.7,15.3,62.3,7.4,8.1,15.4,3.0,3.7,77.9,22.1,"[{""score"": ""1 - 0"", ""pct"": 11.33}, {""score"": ""2 - 0"", ""pct"": 10.74}, {""score"": ""2 - 1"", ""pct"": 10.31}]"
France,England,Neutral,1.04,1.154,31.7,30.9,37.4,32.1,5.6,9.3,37.0,6.0,10.0,47.0,53.0,"[{""score"": ""1 - 1"", ""pct"": 13.86}, {""score"": ""0 - 1"", ""pct"": 13.089999999999998}, {""score"": ""0 - 0"", ""pct"": 12.11}]"
France,Qatar,Neutral,3.171,0.557,87.9,8.8,3.2,88.0,4.8,3.1,3.1,0.6,0.5,95.8,4.2,"[{""score"": ""3 - 0"", ""pct"": 13.239999999999998}, {""score"": ""2 - 0"", ""pct"": 12.22}, {""score"": ""4 - 0"", ""pct"": 9.56}]"
France,Colombia,Neutral,1.241,1.05,40.6,29.7,29.7,40.0,6.7,9.4,30.2,5.5,8.2,56.1,44.0,"[{""score"": ""1 - 1"", ""pct"": 13.209999999999999}, {""score"": ""1 - 0"", ""pct"": 12.31}, {""score"": ""0 - 0"", ""pct"": 11.459999999999999}]"
France,Czech Republic,Neutral,1.977,0.782,65.3,21.9,12.8,66.0,7.4,7.8,13.1,2.5,3.2,81.2,18.8,"[{""score"": ""1 - 0"", ""pct"": 12.559999999999999}, {""score"": ""2 - 0"", ""pct"": 12.19}, {""score"": ""1 - 1"", ""pct"": 10.01}]"
France,Croatia,Neutral,1.484,0.973,49.0,27.5,23.4,49.0,7.1,9.7,23.1,4.2,7.0,65.8,34.2,"[{""score"": ""1 - 0"", ""pct"": 12.85}, {""score"": ""1 - 1"", ""pct"": 12.83}, {""score"": ""2 - 0"", ""pct"": 9.43}]"
France,Netherlands,Neutral,1.491,1.21,43.1,26.3,30.6,43.0,7.1,7.8,30.1,5.3,6.6,58.0,42.0,"[{""score"": ""1 - 1"", ""pct"": 12.04}, {""score"": ""1 - 0"", ""pct"": 9.959999999999999}, {""score"": ""2 - 1"", ""pct"": 9.39}]"
France,South Korea,Neutral,1.859,0.709,64.3,22.9,12.8,65.0,7.8,8.8,12.7,2.3,3.4,81.6,18.4,"[{""score"": ""1 - 0"", ""pct"": 14.39}, {""score"": ""2 - 0"", ""pct"": 12.790000000000001}, {""score"": ""1 - 1"", ""pct"": 10.32}]"
France,Australia,Neutral,1.701,0.731,60.5,25.1,14.4,60.4,8.0,9.7,15.0,2.6,4.5,78.0,22.0,"[{""score"": ""1 - 0"", ""pct"": 15.160000000000002}, {""score"": ""2 - 0"", ""pct"": 12.53}, {""score"": ""1 - 1"", ""pct"": 10.65}]"
France,Morocco,Neutral,1.153,0.793,43.0,32.2,24.7,43.6,6.6,12.6,24.1,4.8,8.3,62.8,37.2,"[{""score"": ""1 - 0"", ""pct"": 16.04}, {""score"": ""0 - 0"", ""pct"": 15.68}, {""score"": ""1 - 1"", ""pct"": 13.11}]"
France,Scotland,Neutral,1.929,0.766,65.3,22.1,12.7,66.0,7.3,7.7,13.2,2.5,3.3,80.9,19.1,"[{""score"": ""1 - 0"", ""pct"": 13.309999999999999}, {""score"": ""2 - 0"", ""pct"": 12.590000000000002}, {""score"": ""1 - 1"", ""pct"": 10.01}]"
France,Tunisia,Neutral,1.721,0.61,64.4,23.8,11.7,64.6,7.9,9.4,12.1,2.2,3.8,81.9,18.1,"[{""score"": ""1 - 0"", ""pct"": 17.54}, {""score"": ""2 - 0"", ""pct"": 13.84}, {""score"": ""0 - 0"", ""pct"": 10.76}]"
France,Jordan,Neutral,2.523,0.57,80.9,13.6,5.5,80.5,6.4,5.4,5.4,1.0,1.2,92.3,7.7,"[{""score"": ""2 - 0"", ""pct"": 14.549999999999999}, {""score"": ""1 - 0"", ""pct"": 12.280000000000001}, {""score"": ""3 - 0"", ""pct"": 12.23}]"
France,Saudi Arabia,Neutral,2.27,0.493,78.4,15.9,5.7,78.1,6.3,7.2,5.8,1.1,1.4,91.7,8.3,"[{""score"": ""2 - 0"", ""pct"": 16.41}, {""score"": ""1 - 0"", ""pct"": 15.02}, {""score"": ""3 - 0"", ""pct"": 11.92}]"
France,Austria,Neutral,1.75,0.868,57.7,24.4,17.9,58.2,7.7,9.2,16.8,3.6,4.4,75.2,24.9,"[{""score"": ""1 - 0"", ""pct"": 12.7}, {""score"": ""1 - 1"", ""pct"": 10.71}, {""score"": ""2 - 0"", ""pct"": 10.52}]"
France,Haiti,Neutral,3.515,0.496,91.4,6.5,2.1,91.4,3.9,2.3,1.8,0.3,0.4,97.5,2.5,"[{""score"": ""3 - 0"", ""pct"": 13.22}, {""score"": ""4 - 0"", ""pct"": 11.89}, {""score"": ""2 - 0"", ""pct"": 11.540000000000001}]"
France,Japan,Neutral,1.625,0.883,55.2,25.0,19.8,55.0,7.4,9.7,19.2,3.6,5.1,72.2,27.8,"[{""score"": ""1 - 0"", ""pct"": 14.11}, {""score"": ""1 - 1"", ""pct"": 11.3}, {""score"": ""2 - 0"", ""pct"": 10.530000000000001}]"
France,Panama,Neutral,2.636,0.563,81.7,13.1,5.2,82.1,5.9,5.0,5.1,0.9,1.0,93.0,7.0,"[{""score"": ""2 - 0"", ""pct"": 14.08}, {""score"": ""3 - 0"", ""pct"": 12.64}, {""score"": ""1 - 0"", ""pct"": 11.77}]"
France,Brazil,Neutral,1.068,1.307,29.3,29.8,40.9,29.2,5.6,7.7,41.5,6.7,9.4,42.4,57.6,"[{""score"": ""1 - 1"", ""pct"": 13.320000000000002}, {""score"": ""0 - 1"", ""pct"": 12.0}, {""score"": ""0 - 0"", ""pct"": 10.76}]"
Egypt,United States,Neutral,1.077,1.088,34.4,31.2,34.4,34.5,6.1,9.6,35.1,5.9,8.9,50.2,49.8,"[{""score"": ""1 - 1"", ""pct"": 13.639999999999999}, {""score"": ""0 - 0"", ""pct"": 12.55}, {""score"": ""0 - 1"", ""pct"": 12.42}]"
Egypt,Sweden,Neutral,1.015,1.323,27.5,29.6,42.9,28.1,4.6,7.7,42.9,7.0,9.8,40.4,59.7,"[{""score"": ""1 - 1"", ""pct"": 13.48}, {""score"": ""0 - 1"", ""pct"": 12.93}, {""score"": ""0 - 0"", ""pct"": 10.76}]"
Egypt,Canada,Neutral,1.024,0.987,34.7,32.3,33.0,34.9,6.4,10.2,33.1,5.5,9.9,51.5,48.5,"[{""score"": ""0 - 0"", ""pct"": 14.57}, {""score"": ""1 - 0"", ""pct"": 13.61}, {""score"": ""1 - 1"", ""pct"": 13.5}]"
Egypt,France,Neutral,0.623,1.731,11.8,23.8,64.3,11.8,2.5,3.9,64.3,7.5,10.1,18.2,81.8,"[{""score"": ""0 - 1"", ""pct"": 16.49}, {""score"": ""0 - 2"", ""pct"": 13.819999999999999}, {""score"": ""0 - 0"", ""pct"": 10.42}]"
Egypt,Norway,Neutral,0.942,1.445,23.0,27.9,49.0,22.7,4.2,6.6,48.9,7.4,10.2,33.5,66.5,"[{""score"": ""0 - 1"", ""pct"": 12.839999999999998}, {""score"": ""1 - 1"", ""pct"": 12.33}, {""score"": ""0 - 0"", ""pct"": 10.34}]"
Egypt,Spain,Neutral,0.577,2.092,7.7,18.7,73.6,8.2,1.5,2.1,72.3,7.3,8.5,11.8,88.2,"[{""score"": ""0 - 2"", ""pct"": 15.310000000000002}, {""score"": ""0 - 1"", ""pct"": 15.040000000000001}, {""score"": ""0 - 3"", ""pct"": 10.33}]"
Egypt,Ivory Coast,Neutral,0.915,0.991,31.4,33.4,35.2,31.1,5.4,10.7,35.8,6.2,10.7,47.3,52.7,"[{""score"": ""0 - 0"", ""pct"": 16.09}, {""score"": ""0 - 1"", ""pct"": 14.93}, {""score"": ""1 - 0"", ""pct"": 13.84}]"
Egypt,New Zealand,Neutral,1.312,0.566,54.9,29.9,15.2,54.7,8.0,13.4,15.3,3.0,5.5,76.1,23.9,"[{""score"": ""1 - 0"", ""pct"": 19.91}, {""score"": ""0 - 0"", ""pct"": 16.3}, {""score"": ""2 - 0"", ""pct"": 12.659999999999998}]"
Egypt,Algeria,Neutral,1.044,1.223,31.0,28.7,40.3,30.8,5.7,8.4,38.9,6.3,9.8,45.0,55.0,"[{""score"": ""0 - 1"", ""pct"": 13.23}, {""score"": ""1 - 1"", ""pct"": 12.73}, {""score"": ""0 - 0"", ""pct"": 11.24}]"
Egypt,Uzbekistan,Neutral,1.011,0.826,38.7,33.8,27.5,38.2,6.9,12.1,27.9,5.5,9.5,57.1,42.9,"[{""score"": ""0 - 0"", ""pct"": 17.11}, {""score"": ""1 - 0"", ""pct"": 16.38}, {""score"": ""1 - 1"", ""pct"": 13.38}]"
Egypt,Curaçao,Neutral,2.028,0.544,73.0,19.4,7.5,73.8,6.6,8.0,8.0,1.4,2.2,88.4,11.6,"[{""score"": ""1 - 0"", ""pct"": 16.07}, {""score"": ""2 - 0"", ""pct"": 15.83}, {""score"": ""3 - 0"", ""pct"": 10.02}]"
Egypt,DR Congo,Neutral,1.039,0.781,39.9,33.8,26.3,39.7,7.0,11.9,26.1,5.5,9.8,58.6,41.4,"[{""score"": ""0 - 0"", ""pct"": 17.169999999999998}, {""score"": ""1 - 0"", ""pct"": 16.55}, {""score"": ""1 - 1"", ""pct"": 13.489999999999998}]"
Egypt,Iraq,Neutral,1.201,0.69,47.2,32.1,20.6,49.2,7.6,12.6,19.5,3.9,7.1,69.5,30.5,"[{""score"": ""1 - 0"", ""pct"": 18.16}, {""score"": ""0 - 0"", ""pct"": 16.41}, {""score"": ""1 - 1"", ""pct"": 12.540000000000001}]"
Egypt,Ghana,Neutral,1.188,0.838,43.4,31.3,25.3,43.8,7.2,11.4,24.9,4.9,7.9,62.4,37.6,"[{""score"": ""1 - 0"", ""pct"": 15.67}, {""score"": ""0 - 0"", ""pct"": 13.719999999999999}, {""score"": ""1 - 1"", ""pct"": 13.41}]"
Egypt,Ecuador,Neutral,0.675,1.143,20.7,33.0,46.3,20.7,4.2,8.0,45.8,7.3,13.9,33.0,67.0,"[{""score"": ""0 - 1"", ""pct"": 18.35}, {""score"": ""0 - 0"", ""pct"": 17.419999999999998}, {""score"": ""1 - 1"", ""pct"": 12.790000000000001}]"
Egypt,Cape Verde,Neutral,1.295,0.685,51.0,30.3,18.8,49.3,7.9,12.6,19.4,4.1,6.7,69.8,30.1,"[{""score"": ""1 - 0"", ""pct"": 17.66}, {""score"": ""0 - 0"", ""pct"": 14.96}, {""score"": ""1 - 1"", ""pct"": 12.33}]"
Egypt,Iran,Neutral,0.878,1.075,28.5,32.0,39.4,27.8,5.2,9.3,38.6,6.9,12.2,42.3,57.7,"[{""score"": ""0 - 1"", ""pct"": 14.78}, {""score"": ""0 - 0"", ""pct"": 14.549999999999999}, {""score"": ""1 - 1"", ""pct"": 13.77}]"
Egypt,Switzerland,Neutral,0.845,1.449,21.6,28.1,50.3,21.3,3.7,6.0,51.8,7.0,10.3,31.0,69.0,"[{""score"": ""0 - 1"", ""pct"": 14.75}, {""score"": ""1 - 1"", ""pct"": 13.0}, {""score"": ""0 - 0"", ""pct"": 10.6}]"
Egypt,Bosnia and Herzegovina,Neutral,1.304,0.902,46.1,29.1,24.8,45.4,6.3,10.6,25.4,4.6,7.6,62.3,37.6,"[{""score"": ""1 - 0"", ""pct"": 15.32}, {""score"": ""1 - 1"", ""pct"": 12.809999999999999}, {""score"": ""0 - 0"", ""pct"": 11.78}]"
Egypt,Uruguay,Neutral,0.659,1.332,17.6,29.1,53.3,17.9,3.9,6.0,52.8,7.3,12.1,27.9,72.1,"[{""score"": ""0 - 1"", ""pct"": 18.62}, {""score"": ""0 - 0"", ""pct"": 14.499999999999998}, {""score"": ""0 - 2"", ""pct"": 11.85}]"
Egypt,Belgium,Neutral,0.767,1.712,16.1,24.1,59.7,16.0,3.1,4.2,59.9,7.3,9.5,23.3,76.7,"[{""score"": ""0 - 1"", ""pct"": 14.64}, {""score"": ""0 - 2"", ""pct"": 11.62}, {""score"": ""1 - 1"", ""pct"": 10.83}]"
Egypt,Germany,Neutral,0.834,1.946,14.9,21.6,63.5,13.9,2.7,3.4,64.5,6.9,8.6,20.0,80.0,"[{""score"": ""0 - 1"", ""pct"": 12.32}, {""score"": ""0 - 2"", ""pct"": 11.12}, {""score"": ""1 - 2"", ""pct"": 9.969999999999999}]"
Egypt,Senegal,Neutral,0.802,1.091,25.6,32.7,41.7,25.4,4.7,8.7,42.4,6.9,12.0,38.8,61.2,"[{""score"": ""0 - 1"", ""pct"": 16.81}, {""score"": ""0 - 0"", ""pct"": 16.63}, {""score"": ""1 - 1"", ""pct"": 12.91}]"
Egypt,Portugal,Neutral,0.66,1.819,12.2,22.8,65.0,11.6,2.5,3.5,64.9,7.7,9.8,17.5,82.5,"[{""score"": ""0 - 1"", ""pct"": 15.75}, {""score"": ""0 - 2"", ""pct"": 13.3}, {""score"": ""1 - 1"", ""pct"": 9.86}]"
Egypt,Argentina,Neutral,0.482,1.74,8.6,23.0,68.4,8.5,1.9,3.0,68.9,7.3,10.5,13.3,86.7,"[{""score"": ""0 - 1"", ""pct"": 19.939999999999998}, {""score"": ""0 - 2"", ""pct"": 15.73}, {""score"": ""0 - 0"", ""pct"": 11.940000000000001}]"
Egypt,South Africa,Neutral,1.179,0.778,44.8,32.0,23.2,45.3,7.0,12.3,23.1,4.8,7.6,64.6,35.4,"[{""score"": ""1 - 0"", ""pct"": 17.580000000000002}, {""score"": ""0 - 0"", ""pct"": 15.370000000000001}, {""score"": ""1 - 1"", ""pct"": 12.86}]"
Egypt,Paraguay,Neutral,0.847,0.988,29.8,33.9,36.4,28.9,5.5,10.2,36.9,6.1,12.3,44.7,55.3,"[{""score"": ""0 - 0"", ""pct"": 17.599999999999998}, {""score"": ""0 - 1"", ""pct"": 15.22}, {""score"": ""1 - 0"", ""pct"": 13.700000000000001}]"
Egypt,Mexico,Neutral,0.837,1.081,26.9,32.7,40.4,26.4,4.9,9.9,40.0,6.7,12.2,41.2,58.8,"[{""score"": ""0 - 1"", ""pct"": 15.939999999999998}, {""score"": ""0 - 0"", ""pct"": 15.58}, {""score"": ""1 - 1"", ""pct"": 13.600000000000001}]"
Egypt,Turkey,Neutral,1.049,1.342,28.4,28.0,43.6,28.0,5.2,7.6,43.2,6.9,9.1,40.9,59.1,"[{""score"": ""0 - 1"", ""pct"": 12.839999999999998}, {""score"": ""1 - 1"", ""pct"": 12.29}, {""score"": ""0 - 0"", ""pct"": 10.11}]"
Egypt,England,Neutral,0.547,1.685,10.7,23.5,65.8,11.3,2.0,3.7,64.6,7.5,10.8,17.0,83.0,"[{""score"": ""0 - 1"", ""pct"": 18.060000000000002}, {""score"": ""0 - 2"", ""pct"": 15.14}, {""score"": ""0 - 0"", ""pct"": 11.379999999999999}]"
Egypt,Qatar,Neutral,1.667,0.813,58.7,24.3,17.0,58.5,7.3,9.3,17.2,3.3,4.4,75.1,24.9,"[{""score"": ""1 - 0"", ""pct"": 15.340000000000002}, {""score"": ""2 - 0"", ""pct"": 10.9}, {""score"": ""1 - 1"", ""pct"": 10.86}]"
Egypt,Colombia,Neutral,0.652,1.533,14.5,26.5,59.0,14.7,3.2,4.8,58.7,7.6,10.9,22.8,77.2,"[{""score"": ""0 - 1"", ""pct"": 17.86}, {""score"": ""0 - 2"", ""pct"": 12.959999999999999}, {""score"": ""0 - 0"", ""pct"": 12.29}]"
Egypt,Czech Republic,Neutral,1.039,1.142,32.1,30.6,37.3,31.8,5.8,9.1,37.1,6.4,9.7,46.8,53.2,"[{""score"": ""1 - 1"", ""pct"": 13.43}, {""score"": ""0 - 1"", ""pct"": 12.839999999999998}, {""score"": ""0 - 0"", ""pct"": 12.030000000000001}]"
Egypt,Croatia,Neutral,0.78,1.421,19.4,28.5,52.1,19.7,4.1,6.0,52.4,7.6,10.2,29.7,70.3,"[{""score"": ""0 - 1"", ""pct"": 16.009999999999998}, {""score"": ""1 - 1"", ""pct"": 12.3}, {""score"": ""0 - 0"", ""pct"": 12.06}]"
Egypt,Netherlands,Neutral,0.784,1.768,15.7,23.4,60.9,15.9,3.0,3.9,60.3,7.7,9.1,22.9,77.2,"[{""score"": ""0 - 1"", ""pct"": 14.45}, {""score"": ""0 - 2"", ""pct"": 11.65}, {""score"": ""1 - 1"", ""pct"": 10.31}]"
Egypt,South Korea,Neutral,0.977,1.035,32.5,32.6,34.9,32.5,5.9,9.7,35.3,6.1,10.5,48.1,51.9,"[{""score"": ""0 - 0"", ""pct"": 15.21}, {""score"": ""0 - 1"", ""pct"": 13.600000000000001}, {""score"": ""1 - 1"", ""pct"": 13.15}]"
Egypt,Australia,Neutral,0.894,1.068,29.0,32.0,38.9,28.6,5.1,9.7,39.0,7.1,10.6,43.3,56.7,"[{""score"": ""0 - 1"", ""pct"": 15.09}, {""score"": ""0 - 0"", ""pct"": 14.81}, {""score"": ""1 - 1"", ""pct"": 13.44}]"
Egypt,Morocco,Neutral,0.606,1.159,18.9,33.2,47.9,18.7,3.8,7.4,49.1,7.4,13.7,29.8,70.1,"[{""score"": ""0 - 1"", ""pct"": 19.66}, {""score"": ""0 - 0"", ""pct"": 18.060000000000002}, {""score"": ""1 - 1"", ""pct"": 12.479999999999999}]"
Egypt,Scotland,Neutral,1.014,1.12,31.3,31.3,37.4,31.8,5.4,8.7,37.4,6.2,10.5,45.9,54.1,"[{""score"": ""1 - 1"", ""pct"": 13.76}, {""score"": ""0 - 1"", ""pct"": 13.56}, {""score"": ""0 - 0"", ""pct"": 12.690000000000001}]"
Egypt,Tunisia,Neutral,0.905,0.89,33.1,35.0,31.9,33.2,6.0,11.2,32.2,5.7,11.5,50.5,49.5,"[{""score"": ""0 - 0"", ""pct"": 18.32}, {""score"": ""1 - 0"", ""pct"": 14.63}, {""score"": ""0 - 1"", ""pct"": 14.08}]"
Egypt,Jordan,Neutral,1.326,0.833,47.1,30.1,22.8,48.5,7.0,11.1,22.3,4.2,7.0,66.6,33.4,"[{""score"": ""1 - 0"", ""pct"": 15.010000000000002}, {""score"": ""0 - 0"", ""pct"": 13.309999999999999}, {""score"": ""1 - 1"", ""pct"": 12.33}]"
Egypt,Saudi Arabia,Neutral,1.193,0.72,47.3,31.4,21.4,46.9,7.5,12.2,21.3,4.0,8.1,66.6,33.4,"[{""score"": ""1 - 0"", ""pct"": 18.14}, {""score"": ""0 - 0"", ""pct"": 15.559999999999999}, {""score"": ""1 - 1"", ""pct"": 12.690000000000001}]"
Egypt,Austria,Neutral,0.92,1.268,25.8,30.7,43.5,25.9,4.4,7.9,44.8,6.8,10.3,38.2,61.8,"[{""score"": ""1 - 1"", ""pct"": 13.66}, {""score"": ""0 - 1"", ""pct"": 13.43}, {""score"": ""0 - 0"", ""pct"": 12.1}]"
Egypt,Haiti,Neutral,1.847,0.725,64.7,22.2,13.2,64.5,7.8,8.7,13.2,2.7,3.1,81.0,19.0,"[{""score"": ""1 - 0"", ""pct"": 14.56}, {""score"": ""2 - 0"", ""pct"": 12.559999999999999}, {""score"": ""1 - 1"", ""pct"": 10.11}]"
Egypt,Japan,Neutral,0.854,1.29,23.4,30.5,46.1,24.1,4.5,6.9,46.6,6.7,11.3,35.5,64.5,"[{""score"": ""0 - 1"", ""pct"": 15.49}, {""score"": ""0 - 0"", ""pct"": 13.05}, {""score"": ""1 - 1"", ""pct"": 12.920000000000002}]"
Egypt,Panama,Neutral,1.385,0.822,49.4,29.3,21.3,49.9,7.4,10.5,21.5,4.2,6.5,67.8,32.1,"[{""score"": ""1 - 0"", ""pct"": 15.370000000000001}, {""score"": ""1 - 1"", ""pct"": 12.61}, {""score"": ""0 - 0"", ""pct"": 12.26}]"
Egypt,Brazil,Neutral,0.562,1.909,8.9,21.1,70.1,9.0,1.6,2.7,70.0,7.3,9.2,13.4,86.6,"[{""score"": ""0 - 1"", ""pct"": 16.84}, {""score"": ""0 - 2"", ""pct"": 15.559999999999999}, {""score"": ""0 - 0"", ""pct"": 9.67}]"
Norway,United States,Neutral,1.71,1.126,50.4,25.4,24.2,50.4,7.0,8.1,24.6,4.6,5.3,65.5,34.5,"[{""score"": ""1 - 1"", ""pct"": 11.41}, {""score"": ""1 - 0"", ""pct"": 10.57}, {""score"": ""2 - 1"", ""pct"": 8.99}]"
Norway,Sweden,Neutral,1.611,1.369,42.2,25.7,32.1,43.0,6.6,6.7,32.1,5.3,6.3,56.3,43.7,"[{""score"": ""1 - 1"", ""pct"": 11.78}, {""score"": ""2 - 1"", ""pct"": 8.97}, {""score"": ""1 - 0"", ""pct"": 8.110000000000001}]"
Norway,Canada,Neutral,1.627,1.022,51.2,26.0,22.8,51.9,7.9,8.7,21.9,4.5,5.1,68.6,31.4,"[{""score"": ""1 - 0"", ""pct"": 12.120000000000001}, {""score"": ""1 - 1"", ""pct"": 11.89}, {""score"": ""2 - 1"", ""pct"": 9.34}]"
Norway,France,Neutral,0.989,1.792,19.3,23.8,56.9,20.0,3.2,4.3,56.1,7.4,8.9,27.5,72.5,"[{""score"": ""0 - 1"", ""pct"": 11.92}, {""score"": ""1 - 1"", ""pct"": 10.879999999999999}, {""score"": ""1 - 2"", ""pct"": 10.299999999999999}]"
Norway,Egypt,Neutral,1.445,0.942,48.3,28.1,23.6,48.6,7.4,10.2,24.0,4.0,5.9,66.1,33.9,"[{""score"": ""1 - 0"", ""pct"": 13.459999999999999}, {""score"": ""1 - 1"", ""pct"": 12.389999999999999}, {""score"": ""0 - 0"", ""pct"": 10.35}]"
Norway,Spain,Neutral,0.916,2.165,13.9,20.0,66.1,13.6,2.5,2.9,66.3,7.6,7.3,18.9,81.1,"[{""score"": ""0 - 2"", ""pct"": 10.86}, {""score"": ""0 - 1"", ""pct"": 9.87}, {""score"": ""1 - 2"", ""pct"": 9.74}]"
Norway,Ivory Coast,Neutral,1.454,1.025,47.2,27.9,24.9,46.9,7.0,8.9,25.6,4.8,6.7,62.9,37.1,"[{""score"": ""1 - 1"", ""pct"": 13.05}, {""score"": ""1 - 0"", ""pct"": 12.33}, {""score"": ""2 - 1"", ""pct"": 9.76}]"
Norway,New Zealand,Neutral,2.083,0.586,73.6,18.2,8.2,73.4,7.0,7.9,7.8,1.6,2.2,88.4,11.6,"[{""score"": ""2 - 0"", ""pct"": 15.540000000000001}, {""score"": ""1 - 0"", ""pct"": 15.229999999999999}, {""score"": ""3 - 0"", ""pct"": 9.719999999999999}]"
Norway,Algeria,Neutral,1.658,1.266,46.0,25.4,28.7,46.2,7.0,7.6,28.5,4.7,5.9,60.8,39.2,"[{""score"": ""1 - 1"", ""pct"": 11.59}, {""score"": ""1 - 0"", ""pct"": 9.64}, {""score"": ""2 - 1"", ""pct"": 9.09}]"
Norway,Uzbekistan,Neutral,1.606,0.855,55.4,26.5,18.2,54.6,7.8,10.0,18.9,3.6,5.1,72.4,27.6,"[{""score"": ""1 - 0"", ""pct"": 14.46}, {""score"": ""1 - 1"", ""pct"": 12.43}, {""score"": ""2 - 0"", ""pct"": 10.51}]"
Norway,Curaçao,Neutral,3.221,0.563,88.4,8.4,3.1,88.8,4.3,2.9,2.9,0.5,0.5,96.0,4.0,"[{""score"": ""3 - 0"", ""pct"": 12.7}, {""score"": ""2 - 0"", ""pct"": 12.15}, {""score"": ""4 - 0"", ""pct"": 10.02}]"
Norway,DR Congo,Neutral,1.65,0.808,57.0,26.0,17.0,57.2,7.7,9.6,17.0,3.6,4.9,74.6,25.4,"[{""score"": ""1 - 0"", ""pct"": 14.04}, {""score"": ""1 - 1"", ""pct"": 11.62}, {""score"": ""2 - 0"", ""pct"": 11.27}]"
Norway,Iraq,Neutral,1.907,0.714,65.9,22.0,12.1,65.2,7.9,9.0,12.4,2.5,3.1,82.0,18.0,"[{""score"": ""1 - 0"", ""pct"": 14.26}, {""score"": ""2 - 0"", ""pct"": 13.089999999999998}, {""score"": ""1 - 1"", ""pct"": 9.969999999999999}]"
Norway,Ghana,Neutral,1.886,0.867,61.3,22.6,16.1,61.9,7.1,8.4,15.3,3.2,4.0,77.4,22.6,"[{""score"": ""1 - 0"", ""pct"": 12.740000000000002}, {""score"": ""2 - 0"", ""pct"": 10.99}, {""score"": ""1 - 1"", ""pct"": 10.4}]"
Norway,Ecuador,Neutral,1.071,1.183,31.8,30.4,37.8,32.1,5.7,8.5,37.5,6.7,9.5,46.3,53.7,"[{""score"": ""1 - 1"", ""pct"": 13.43}, {""score"": ""0 - 1"", ""pct"": 12.42}, {""score"": ""0 - 0"", ""pct"": 11.55}]"
Norway,Cape Verde,Neutral,2.057,0.709,69.0,19.7,11.3,69.6,7.0,7.8,10.6,2.1,2.8,84.4,15.6,"[{""score"": ""1 - 0"", ""pct"": 13.61}, {""score"": ""2 - 0"", ""pct"": 13.25}, {""score"": ""2 - 1"", ""pct"": 9.49}]"
Norway,Iran,Neutral,1.394,1.112,43.2,28.2,28.6,43.0,7.0,8.9,28.9,5.0,7.2,58.9,41.1,"[{""score"": ""1 - 1"", ""pct"": 12.370000000000001}, {""score"": ""1 - 0"", ""pct"": 11.44}, {""score"": ""0 - 0"", ""pct"": 9.610000000000001}]"
Norway,Switzerland,Neutral,1.342,1.499,32.4,26.8,40.8,32.9,5.8,7.1,40.4,6.3,7.5,45.8,54.2,"[{""score"": ""1 - 1"", ""pct"": 12.17}, {""score"": ""0 - 1"", ""pct"": 8.88}, {""score"": ""1 - 2"", ""pct"": 8.51}]"
Norway,Bosnia and Herzegovina,Neutral,2.07,0.934,63.9,20.8,15.3,63.4,7.9,7.5,15.3,2.8,3.1,78.8,21.2,"[{""score"": ""1 - 0"", ""pct"": 11.59}, {""score"": ""2 - 0"", ""pct"": 10.32}, {""score"": ""1 - 1"", ""pct"": 9.62}]"
Norway,Uruguay,Neutral,1.047,1.379,28.0,28.4,43.6,27.6,4.9,6.9,44.1,7.0,9.5,39.4,60.6,"[{""score"": ""1 - 1"", ""pct"": 12.78}, {""score"": ""0 - 1"", ""pct"": 12.4}, {""score"": ""0 - 0"", ""pct"": 9.81}]"
Norway,Belgium,Neutral,1.218,1.772,25.2,24.1,50.7,25.2,4.7,5.4,49.9,6.9,7.9,35.3,64.7,"[{""score"": ""1 - 1"", ""pct"": 10.74}, {""score"": ""1 - 2"", ""pct"": 9.520000000000001}, {""score"": ""0 - 1"", ""pct"": 9.51}]"
Norway,Germany,Neutral,1.324,2.014,24.5,22.4,53.1,24.1,4.2,4.6,53.3,7.1,6.7,32.9,67.1,"[{""score"": ""1 - 2"", ""pct"": 9.73}, {""score"": ""1 - 1"", ""pct"": 9.56}, {""score"": ""0 - 1"", ""pct"": 7.61}]"
Norway,Senegal,Neutral,1.274,1.129,39.1,29.2,31.7,39.1,6.2,8.9,32.3,5.8,7.6,54.3,45.7,"[{""score"": ""1 - 1"", ""pct"": 13.33}, {""score"": ""1 - 0"", ""pct"": 11.44}, {""score"": ""0 - 0"", ""pct"": 10.11}]"
Norway,Portugal,Neutral,1.048,1.882,19.3,22.9,57.8,20.2,3.8,4.5,56.3,7.1,8.0,28.5,71.5,"[{""score"": ""0 - 1"", ""pct"": 10.74}, {""score"": ""1 - 1"", ""pct"": 10.18}, {""score"": ""1 - 2"", ""pct"": 9.45}]"
Norway,Argentina,Neutral,0.765,1.8,14.3,22.1,63.6,14.8,2.8,4.1,61.5,7.6,9.2,21.7,78.3,"[{""score"": ""0 - 1"", ""pct"": 14.000000000000002}, {""score"": ""0 - 2"", ""pct"": 12.659999999999998}, {""score"": ""1 - 2"", ""pct"": 9.879999999999999}]"
Norway,South Africa,Neutral,1.872,0.805,62.6,22.2,15.1,62.3,8.0,8.8,14.6,2.9,3.5,79.0,21.0,"[{""score"": ""1 - 0"", ""pct"": 13.28}, {""score"": ""2 - 0"", ""pct"": 12.08}, {""score"": ""2 - 1"", ""pct"": 10.17}]"
Norway,Paraguay,Neutral,1.344,1.022,43.8,28.6,27.6,42.8,7.0,9.3,28.1,5.2,7.6,59.1,40.9,"[{""score"": ""1 - 1"", ""pct"": 13.28}, {""score"": ""1 - 0"", ""pct"": 12.659999999999998}, {""score"": ""0 - 0"", ""pct"": 9.85}]"
Norway,Mexico,Neutral,1.329,1.119,41.5,28.6,29.9,40.0,6.9,8.7,31.6,5.1,7.7,55.6,44.4,"[{""score"": ""1 - 1"", ""pct"": 12.73}, {""score"": ""1 - 0"", ""pct"": 11.899999999999999}, {""score"": ""0 - 0"", ""pct"": 9.92}]"
Norway,Turkey,Neutral,1.665,1.389,43.8,24.8,31.4,43.9,6.4,7.5,31.0,5.4,5.8,57.8,42.2,"[{""score"": ""1 - 1"", ""pct"": 10.879999999999999}, {""score"": ""2 - 1"", ""pct"": 9.46}, {""score"": ""1 - 0"", ""pct"": 8.09}]"
Norway,England,Neutral,0.868,1.744,18.1,24.2,57.7,18.0,3.4,4.6,57.7,7.2,9.2,26.0,74.0,"[{""score"": ""0 - 1"", ""pct"": 13.209999999999999}, {""score"": ""1 - 1"", ""pct"": 11.23}, {""score"": ""0 - 2"", ""pct"": 10.67}]"
Norway,Qatar,Neutral,2.647,0.841,76.6,14.8,8.5,76.3,6.8,5.2,8.5,1.5,1.7,88.3,11.7,"[{""score"": ""2 - 0"", ""pct"": 10.92}, {""score"": ""3 - 0"", ""pct"": 9.41}, {""score"": ""2 - 1"", ""pct"": 8.83}]"
Norway,Colombia,Neutral,1.036,1.587,23.6,26.6,49.7,23.6,4.4,5.7,50.3,7.3,8.8,33.6,66.4,"[{""score"": ""1 - 1"", ""pct"": 11.76}, {""score"": ""0 - 1"", ""pct"": 11.72}, {""score"": ""1 - 2"", ""pct"": 9.21}]"
Norway,Czech Republic,Neutral,1.65,1.182,48.1,25.1,26.7,47.6,7.2,8.0,26.7,4.8,5.7,62.7,37.3,"[{""score"": ""1 - 1"", ""pct"": 11.110000000000001}, {""score"": ""2 - 1"", ""pct"": 10.12}, {""score"": ""1 - 0"", ""pct"": 9.77}]"
Norway,Croatia,Neutral,1.239,1.471,31.6,26.8,41.6,30.4,5.2,6.6,42.8,6.9,8.1,42.2,57.8,"[{""score"": ""1 - 1"", ""pct"": 12.23}, {""score"": ""0 - 1"", ""pct"": 9.84}, {""score"": ""1 - 2"", ""pct"": 8.93}]"
Norway,Netherlands,Neutral,1.245,1.829,24.9,24.2,50.9,25.5,4.4,5.5,50.0,6.9,7.7,35.4,64.6,"[{""score"": ""1 - 1"", ""pct"": 10.61}, {""score"": ""1 - 2"", ""pct"": 9.77}, {""score"": ""0 - 1"", ""pct"": 8.58}]"
Norway,South Korea,Neutral,1.552,1.071,48.7,26.1,25.1,47.3,7.2,9.3,25.3,4.8,6.0,63.9,36.1,"[{""score"": ""1 - 0"", ""pct"": 12.08}, {""score"": ""1 - 1"", ""pct"": 11.82}, {""score"": ""2 - 1"", ""pct"": 9.53}]"
Norway,Australia,Neutral,1.42,1.105,43.4,27.7,28.9,44.0,7.0,9.3,28.1,4.8,6.8,60.3,39.7,"[{""score"": ""1 - 1"", ""pct"": 12.61}, {""score"": ""1 - 0"", ""pct"": 11.540000000000001}, {""score"": ""0 - 0"", ""pct"": 8.98}]"
Norway,Morocco,Neutral,0.962,1.199,29.0,30.3,40.7,28.6,5.2,8.6,40.8,6.6,10.1,42.5,57.5,"[{""score"": ""0 - 1"", ""pct"": 14.06}, {""score"": ""1 - 1"", ""pct"": 13.350000000000001}, {""score"": ""0 - 0"", ""pct"": 12.55}]"
Norway,Scotland,Neutral,1.61,1.159,48.1,25.8,26.1,47.0,7.0,8.7,26.7,4.8,5.8,62.7,37.3,"[{""score"": ""1 - 1"", ""pct"": 11.68}, {""score"": ""1 - 0"", ""pct"": 9.91}, {""score"": ""2 - 1"", ""pct"": 9.139999999999999}]"
Norway,Tunisia,Neutral,1.436,0.921,49.3,27.5,23.3,49.6,7.4,10.2,22.3,4.1,6.3,67.3,32.7,"[{""score"": ""1 - 0"", ""pct"": 13.84}, {""score"": ""1 - 1"", ""pct"": 12.13}, {""score"": ""0 - 0"", ""pct"": 10.18}]"
Norway,Jordan,Neutral,2.106,0.862,66.4,20.2,13.4,66.7,7.1,7.4,13.2,2.5,3.1,81.2,18.8,"[{""score"": ""1 - 0"", ""pct"": 11.43}, {""score"": ""2 - 0"", ""pct"": 11.3}, {""score"": ""2 - 1"", ""pct"": 9.84}]"
Norway,Saudi Arabia,Neutral,1.894,0.745,65.1,21.9,13.0,63.9,8.0,9.1,13.1,2.4,3.5,81.0,19.0,"[{""score"": ""1 - 0"", ""pct"": 13.98}, {""score"": ""2 - 0"", ""pct"": 12.11}, {""score"": ""2 - 1"", ""pct"": 10.15}]"
Norway,Austria,Neutral,1.46,1.312,41.2,26.1,32.7,40.4,6.2,7.6,33.8,5.4,6.6,54.2,45.8,"[{""score"": ""1 - 1"", ""pct"": 11.88}, {""score"": ""1 - 0"", ""pct"": 9.65}, {""score"": ""2 - 1"", ""pct"": 8.450000000000001}]"
Norway,Haiti,Neutral,2.933,0.75,82.9,11.5,5.6,82.0,5.2,4.5,6.1,1.2,0.9,91.7,8.3,"[{""score"": ""2 - 0"", ""pct"": 11.3}, {""score"": ""3 - 0"", ""pct"": 10.54}, {""score"": ""2 - 1"", ""pct"": 8.459999999999999}]"
Norway,Japan,Neutral,1.356,1.335,37.3,26.7,35.9,37.5,6.3,7.9,35.5,5.5,7.3,51.7,48.3,"[{""score"": ""1 - 1"", ""pct"": 11.75}, {""score"": ""0 - 1"", ""pct"": 9.08}, {""score"": ""1 - 0"", ""pct"": 8.89}]"
Norway,Panama,Neutral,2.2,0.851,67.9,19.9,12.2,68.1,7.1,7.1,12.4,2.4,2.9,82.3,17.7,"[{""score"": ""2 - 0"", ""pct"": 11.379999999999999}, {""score"": ""1 - 0"", ""pct"": 11.15}, {""score"": ""2 - 1"", ""pct"": 9.47}]"
Norway,Brazil,Neutral,0.892,1.975,15.6,22.3,62.1,15.5,2.9,3.6,62.6,7.6,7.8,22.0,78.0,"[{""score"": ""0 - 1"", ""pct"": 11.16}, {""score"": ""0 - 2"", ""pct"": 10.95}, {""score"": ""1 - 1"", ""pct"": 10.52}]"
Spain,United States,Neutral,2.476,0.69,77.3,15.5,7.2,77.6,6.5,5.3,7.6,1.4,1.5,89.4,10.6,"[{""score"": ""2 - 0"", ""pct"": 12.97}, {""score"": ""1 - 0"", ""pct"": 11.3}, {""score"": ""3 - 0"", ""pct"": 9.49}]"
Spain,Sweden,Neutral,2.333,0.839,72.1,17.5,10.4,71.0,7.1,6.5,10.9,2.1,2.3,84.7,15.4,"[{""score"": ""2 - 0"", ""pct"": 11.32}, {""score"": ""1 - 0"", ""pct"": 10.33}, {""score"": ""2 - 1"", ""pct"": 9.68}]"
Spain,Canada,Neutral,2.355,0.626,76.5,16.0,7.5,76.2,7.1,6.2,7.4,1.5,1.6,89.5,10.5,"[{""score"": ""2 - 0"", ""pct"": 13.54}, {""score"": ""1 - 0"", ""pct"": 12.26}, {""score"": ""3 - 0"", ""pct"": 10.92}]"
Spain,France,Neutral,1.432,1.097,44.6,27.5,27.9,44.1,6.6,9.0,27.6,5.3,7.3,59.8,40.2,"[{""score"": ""1 - 1"", ""pct"": 12.68}, {""score"": ""1 - 0"", ""pct"": 11.360000000000001}, {""score"": ""2 - 1"", ""pct"": 9.34}]"
Spain,Egypt,Neutral,2.092,0.577,73.5,18.5,8.1,74.0,6.9,7.6,7.7,1.5,2.2,88.5,11.5,"[{""score"": ""2 - 0"", ""pct"": 15.160000000000002}, {""score"": ""1 - 0"", ""pct"": 14.610000000000001}, {""score"": ""3 - 0"", ""pct"": 9.879999999999999}]"
Spain,Norway,Neutral,2.165,0.916,67.1,19.5,13.4,67.0,7.5,6.7,13.4,2.4,2.9,81.2,18.8,"[{""score"": ""2 - 0"", ""pct"": 10.74}, {""score"": ""1 - 0"", ""pct"": 10.6}, {""score"": ""2 - 1"", ""pct"": 9.89}]"
Spain,Ivory Coast,Neutral,2.104,0.628,71.7,19.2,9.1,71.7,7.6,7.8,9.1,1.5,2.3,87.1,12.9,"[{""score"": ""2 - 0"", ""pct"": 14.57}, {""score"": ""1 - 0"", ""pct"": 14.09}, {""score"": ""3 - 0"", ""pct"": 9.34}]"
Spain,New Zealand,Neutral,3.016,0.359,89.6,8.6,1.7,90.3,3.9,3.1,2.0,0.3,0.4,97.3,2.7,"[{""score"": ""2 - 0"", ""pct"": 16.05}, {""score"": ""3 - 0"", ""pct"": 15.620000000000001}, {""score"": ""4 - 0"", ""pct"": 11.39}]"
Spain,Algeria,Neutral,2.4,0.775,73.6,17.4,9.0,73.2,7.4,6.3,9.2,1.6,2.2,86.9,13.1,"[{""score"": ""2 - 0"", ""pct"": 11.700000000000001}, {""score"": ""1 - 0"", ""pct"": 10.79}, {""score"": ""2 - 1"", ""pct"": 9.45}]"
Spain,Uzbekistan,Neutral,2.325,0.524,78.8,15.1,6.0,78.0,6.5,6.4,6.3,1.3,1.5,90.9,9.1,"[{""score"": ""2 - 0"", ""pct"": 15.61}, {""score"": ""1 - 0"", ""pct"": 13.969999999999999}, {""score"": ""3 - 0"", ""pct"": 11.379999999999999}]"
Spain,Curaçao,Neutral,4.662,0.345,97.7,1.9,0.4,97.6,1.4,0.5,0.5,0.1,0.0,99.5,0.5,"[{""score"": ""4 - 0"", ""pct"": 13.83}, {""score"": ""5 - 0"", ""pct"": 12.629999999999999}, {""score"": ""3 - 0"", ""pct"": 11.28}]"
Spain,DR Congo,Neutral,2.388,0.495,80.0,14.7,5.3,80.0,6.4,5.9,5.3,1.1,1.4,92.3,7.7,"[{""score"": ""2 - 0"", ""pct"": 16.09}, {""score"": ""1 - 0"", ""pct"": 14.16}, {""score"": ""3 - 0"", ""pct"": 12.2}]"
Spain,Iraq,Neutral,2.76,0.437,86.8,10.2,3.0,86.4,4.9,4.4,3.0,0.7,0.7,95.7,4.4,"[{""score"": ""2 - 0"", ""pct"": 16.12}, {""score"": ""3 - 0"", ""pct"": 13.930000000000001}, {""score"": ""1 - 0"", ""pct"": 12.45}]"
Spain,Ghana,Neutral,2.73,0.531,83.9,11.7,4.4,84.0,5.3,4.7,4.2,1.0,0.9,94.0,6.0,"[{""score"": ""2 - 0"", ""pct"": 13.83}, {""score"": ""3 - 0"", ""pct"": 13.209999999999999}, {""score"": ""1 - 0"", ""pct"": 10.63}]"
Spain,Ecuador,Neutral,1.551,0.724,56.8,26.2,17.0,57.2,7.8,10.9,16.5,3.0,4.6,75.9,24.1,"[{""score"": ""1 - 0"", ""pct"": 16.1}, {""score"": ""1 - 1"", ""pct"": 11.700000000000001}, {""score"": ""2 - 0"", ""pct"": 11.37}]"
Spain,Cape Verde,Neutral,2.977,0.434,88.4,8.9,2.6,88.3,4.9,3.6,2.4,0.4,0.4,96.7,3.3,"[{""score"": ""2 - 0"", ""pct"": 14.430000000000001}, {""score"": ""3 - 0"", ""pct"": 13.950000000000001}, {""score"": ""4 - 0"", ""pct"": 10.7}]"
Spain,Iran,Neutral,2.018,0.681,69.7,19.8,10.4,69.5,7.4,7.9,10.5,2.1,2.6,84.8,15.2,"[{""score"": ""1 - 0"", ""pct"": 14.530000000000001}, {""score"": ""2 - 0"", ""pct"": 13.73}, {""score"": ""2 - 1"", ""pct"": 10.08}]"
Spain,Switzerland,Neutral,1.943,0.918,61.6,21.6,16.8,61.9,7.5,7.7,16.3,3.0,3.6,77.1,22.9,"[{""score"": ""1 - 0"", ""pct"": 11.72}, {""score"": ""2 - 0"", ""pct"": 11.020000000000001}, {""score"": ""1 - 1"", ""pct"": 9.9}]"
Spain,Bosnia and Herzegovina,Neutral,2.996,0.572,86.2,10.2,3.6,85.9,5.2,3.7,3.8,0.5,0.8,94.9,5.1,"[{""score"": ""2 - 0"", ""pct"": 12.959999999999999}, {""score"": ""3 - 0"", ""pct"": 12.6}, {""score"": ""4 - 0"", ""pct"": 9.120000000000001}]"
Spain,Uruguay,Neutral,1.515,0.844,52.5,27.0,20.5,53.2,7.5,10.5,19.8,3.9,5.3,71.1,28.9,"[{""score"": ""1 - 0"", ""pct"": 14.42}, {""score"": ""1 - 1"", ""pct"": 11.57}, {""score"": ""2 - 0"", ""pct"": 11.03}]"
Spain,Belgium,Neutral,1.763,1.085,53.1,24.8,22.1,53.2,7.2,8.2,22.0,4.2,5.0,68.7,31.3,"[{""score"": ""1 - 1"", ""pct"": 11.18}, {""score"": ""1 - 0"", ""pct"": 10.040000000000001}, {""score"": ""2 - 1"", ""pct"": 9.54}]"
Spain,Germany,Neutral,1.917,1.233,53.3,22.9,23.8,53.4,7.1,7.0,23.2,4.7,4.5,67.6,32.4,"[{""score"": ""1 - 1"", ""pct"": 10.209999999999999}, {""score"": ""2 - 1"", ""pct"": 9.54}, {""score"": ""1 - 0"", ""pct"": 8.799999999999999}]"
Spain,Senegal,Neutral,1.844,0.692,65.2,22.2,12.6,64.0,7.8,9.3,13.1,2.4,3.4,81.2,18.8,"[{""score"": ""1 - 0"", ""pct"": 15.479999999999999}, {""score"": ""2 - 0"", ""pct"": 13.11}, {""score"": ""2 - 1"", ""pct"": 9.92}]"
Spain,Portugal,Neutral,1.517,1.153,45.1,27.2,27.8,45.4,6.7,8.4,27.8,5.4,6.3,60.5,39.5,"[{""score"": ""1 - 1"", ""pct"": 12.379999999999999}, {""score"": ""1 - 0"", ""pct"": 10.24}, {""score"": ""2 - 1"", ""pct"": 8.89}]"
Spain,Argentina,Neutral,1.107,1.103,34.5,30.7,34.8,35.1,6.2,9.8,34.0,6.1,8.7,51.2,48.8,"[{""score"": ""1 - 1"", ""pct"": 13.74}, {""score"": ""1 - 0"", ""pct"": 12.23}, {""score"": ""0 - 1"", ""pct"": 12.04}]"
Spain,South Africa,Neutral,2.71,0.493,84.5,11.8,3.7,84.3,5.5,4.3,4.0,0.9,0.9,94.2,5.8,"[{""score"": ""2 - 0"", ""pct"": 15.45}, {""score"": ""3 - 0"", ""pct"": 13.74}, {""score"": ""1 - 0"", ""pct"": 11.51}]"
Spain,Paraguay,Neutral,1.946,0.626,69.4,20.6,10.0,69.0,7.5,8.4,10.1,2.1,2.9,84.9,15.1,"[{""score"": ""1 - 0"", ""pct"": 15.39}, {""score"": ""2 - 0"", ""pct"": 14.680000000000001}, {""score"": ""3 - 0"", ""pct"": 8.94}]"
Spain,Mexico,Neutral,1.924,0.685,67.5,21.4,11.1,67.0,7.0,8.6,11.9,2.4,3.2,82.6,17.4,"[{""score"": ""1 - 0"", ""pct"": 14.66}, {""score"": ""2 - 0"", ""pct"": 13.0}, {""score"": ""1 - 1"", ""pct"": 9.8}]"
Spain,Turkey,Neutral,2.411,0.851,72.5,17.3,10.2,72.6,7.2,6.0,10.2,1.8,2.3,85.7,14.3,"[{""score"": ""2 - 0"", ""pct"": 11.12}, {""score"": ""2 - 1"", ""pct"": 10.09}, {""score"": ""1 - 0"", ""pct"": 9.27}]"
Spain,England,Neutral,1.257,1.068,39.0,29.8,31.2,40.7,6.7,9.5,30.0,5.4,7.7,56.9,43.1,"[{""score"": ""1 - 1"", ""pct"": 13.19}, {""score"": ""1 - 0"", ""pct"": 11.709999999999999}, {""score"": ""0 - 0"", ""pct"": 10.65}]"
Spain,Qatar,Neutral,3.831,0.515,93.4,5.1,1.5,93.3,3.0,1.8,1.5,0.2,0.1,98.1,1.9,"[{""score"": ""3 - 0"", ""pct"": 12.3}, {""score"": ""4 - 0"", ""pct"": 11.5}, {""score"": ""2 - 0"", ""pct"": 9.98}]"
Spain,Colombia,Neutral,1.5,0.972,48.4,27.7,23.9,49.4,7.5,9.6,23.0,4.1,6.4,66.4,33.5,"[{""score"": ""1 - 0"", ""pct"": 13.0}, {""score"": ""1 - 1"", ""pct"": 12.72}, {""score"": ""0 - 0"", ""pct"": 9.41}]"
Spain,Czech Republic,Neutral,2.388,0.724,75.0,16.5,8.4,74.9,7.4,5.5,8.8,1.5,1.9,87.8,12.2,"[{""score"": ""2 - 0"", ""pct"": 13.19}, {""score"": ""1 - 0"", ""pct"": 11.17}, {""score"": ""3 - 0"", ""pct"": 9.32}]"
Spain,Croatia,Neutral,1.793,0.901,59.0,23.5,17.6,57.8,7.7,8.8,17.8,3.2,4.6,74.3,25.7,"[{""score"": ""1 - 0"", ""pct"": 12.43}, {""score"": ""1 - 1"", ""pct"": 10.65}, {""score"": ""2 - 0"", ""pct"": 10.52}]"
Spain,Netherlands,Neutral,1.802,1.12,53.9,23.2,22.9,53.2,7.4,8.0,23.1,3.8,4.5,68.6,31.4,"[{""score"": ""1 - 0"", ""pct"": 11.04}, {""score"": ""1 - 1"", ""pct"": 10.32}, {""score"": ""2 - 1"", ""pct"": 9.55}]"
Spain,South Korea,Neutral,2.246,0.656,75.1,17.1,7.8,74.3,6.7,7.0,8.1,1.5,2.3,88.0,12.0,"[{""score"": ""2 - 0"", ""pct"": 14.510000000000002}, {""score"": ""1 - 0"", ""pct"": 13.34}, {""score"": ""3 - 0"", ""pct"": 10.11}]"
Spain,Australia,Neutral,2.055,0.677,70.8,19.6,9.6,69.9,7.4,8.2,10.2,1.6,2.7,85.5,14.5,"[{""score"": ""1 - 0"", ""pct"": 13.71}, {""score"": ""2 - 0"", ""pct"": 13.370000000000001}, {""score"": ""2 - 1"", ""pct"": 10.39}]"
Spain,Morocco,Neutral,1.393,0.734,52.0,28.8,19.2,52.9,7.6,11.4,18.5,3.8,5.8,71.9,28.1,"[{""score"": ""1 - 0"", ""pct"": 16.84}, {""score"": ""1 - 1"", ""pct"": 12.76}, {""score"": ""0 - 0"", ""pct"": 12.47}]"
Spain,Scotland,Neutral,2.331,0.71,74.3,17.0,8.6,74.5,7.0,5.9,8.9,1.7,2.0,87.4,12.6,"[{""score"": ""2 - 0"", ""pct"": 13.38}, {""score"": ""1 - 0"", ""pct"": 12.44}, {""score"": ""3 - 0"", ""pct"": 9.520000000000001}]"
Spain,Tunisia,Neutral,2.079,0.564,73.4,18.7,7.8,73.6,7.3,7.9,7.7,1.5,1.9,88.8,11.2,"[{""score"": ""1 - 0"", ""pct"": 15.6}, {""score"": ""2 - 0"", ""pct"": 15.409999999999998}, {""score"": ""3 - 0"", ""pct"": 10.27}]"
Spain,Jordan,Neutral,3.049,0.528,87.6,9.1,3.4,87.3,5.1,3.4,3.1,0.7,0.5,95.7,4.3,"[{""score"": ""3 - 0"", ""pct"": 13.459999999999999}, {""score"": ""2 - 0"", ""pct"": 13.309999999999999}, {""score"": ""4 - 0"", ""pct"": 9.59}]"
Spain,Saudi Arabia,Neutral,2.742,0.457,85.7,11.1,3.3,85.6,5.5,4.0,3.5,0.7,0.6,95.1,4.8,"[{""score"": ""2 - 0"", ""pct"": 15.52}, {""score"": ""3 - 0"", ""pct"": 13.930000000000001}, {""score"": ""1 - 0"", ""pct"": 12.049999999999999}]"
Spain,Austria,Neutral,2.114,0.804,67.9,20.2,11.9,68.5,7.0,7.3,12.2,2.1,2.9,82.8,17.2,"[{""score"": ""2 - 0"", ""pct"": 11.49}, {""score"": ""1 - 0"", ""pct"": 11.3}, {""score"": ""2 - 1"", ""pct"": 9.94}]"
Spain,Haiti,Neutral,4.246,0.46,95.5,3.5,1.0,95.4,2.4,1.2,0.8,0.1,0.1,99.0,1.0,"[{""score"": ""4 - 0"", ""pct"": 11.92}, {""score"": ""3 - 0"", ""pct"": 11.78}, {""score"": ""5 - 0"", ""pct"": 10.39}]"
Spain,Japan,Neutral,1.963,0.817,64.8,21.1,14.1,65.2,7.4,7.7,13.7,2.5,3.4,80.4,19.6,"[{""score"": ""1 - 0"", ""pct"": 12.58}, {""score"": ""2 - 0"", ""pct"": 11.67}, {""score"": ""2 - 1"", ""pct"": 9.67}]"
Spain,Panama,Neutral,3.184,0.521,88.9,8.2,2.9,88.6,4.4,3.3,2.7,0.5,0.5,96.3,3.7,"[{""score"": ""3 - 0"", ""pct"": 13.930000000000001}, {""score"": ""2 - 0"", ""pct"": 12.53}, {""score"": ""4 - 0"", ""pct"": 9.86}]"
Spain,Brazil,Neutral,1.291,1.21,37.8,28.0,34.2,37.5,6.7,8.2,34.1,5.7,7.8,52.3,47.7,"[{""score"": ""1 - 1"", ""pct"": 12.590000000000002}, {""score"": ""1 - 0"", ""pct"": 11.08}, {""score"": ""0 - 1"", ""pct"": 10.32}]"
Ivory Coast,United States,Neutral,1.173,1.095,36.8,30.5,32.8,36.2,5.9,9.3,33.6,5.9,9.0,51.4,48.6,"[{""score"": ""1 - 1"", ""pct"": 13.68}, {""score"": ""1 - 0"", ""pct"": 12.45}, {""score"": ""0 - 1"", ""pct"": 11.35}]"
Ivory Coast,Sweden,Neutral,1.105,1.331,30.4,28.6,41.0,30.3,5.6,7.3,41.0,6.2,9.6,43.2,56.8,"[{""score"": ""1 - 1"", ""pct"": 12.690000000000001}, {""score"": ""0 - 1"", ""pct"": 11.21}, {""score"": ""0 - 0"", ""pct"": 10.26}]"
Ivory Coast,Canada,Neutral,1.115,0.993,38.3,30.9,30.7,38.1,6.2,10.0,31.1,5.3,9.3,54.4,45.7,"[{""score"": ""1 - 0"", ""pct"": 14.16}, {""score"": ""1 - 1"", ""pct"": 13.170000000000002}, {""score"": ""0 - 0"", ""pct"": 12.98}]"
Ivory Coast,France,Neutral,0.678,1.742,12.6,24.3,63.1,12.7,2.5,3.8,64.1,7.2,9.8,18.9,81.1,"[{""score"": ""0 - 1"", ""pct"": 16.220000000000002}, {""score"": ""0 - 2"", ""pct"": 13.04}, {""score"": ""1 - 1"", ""pct"": 10.63}]"
Ivory Coast,Egypt,Neutral,0.991,0.915,35.7,32.8,31.5,36.0,6.5,11.2,30.4,5.7,10.3,53.6,46.4,"[{""score"": ""0 - 0"", ""pct"": 15.97}, {""score"": ""1 - 0"", ""pct"": 14.27}, {""score"": ""0 - 1"", ""pct"": 13.23}]"
Ivory Coast,Norway,Neutral,1.025,1.454,25.6,27.8,46.6,25.8,4.9,6.7,46.9,6.6,9.2,37.4,62.6,"[{""score"": ""1 - 1"", ""pct"": 12.920000000000002}, {""score"": ""0 - 1"", ""pct"": 12.46}, {""score"": ""1 - 0"", ""pct"": 9.1}]"
Ivory Coast,Spain,Neutral,0.628,2.104,8.8,19.4,71.8,9.3,1.6,2.4,72.1,7.1,7.4,13.3,86.7,"[{""score"": ""0 - 1"", ""pct"": 14.19}, {""score"": ""0 - 2"", ""pct"": 13.98}, {""score"": ""0 - 3"", ""pct"": 9.93}]"
Ivory Coast,New Zealand,Neutral,1.428,0.57,57.9,28.4,13.7,58.2,7.6,12.8,13.5,3.0,4.9,78.6,21.4,"[{""score"": ""1 - 0"", ""pct"": 19.400000000000002}, {""score"": ""0 - 0"", ""pct"": 15.1}, {""score"": ""2 - 0"", ""pct"": 13.3}]"
Ivory Coast,Algeria,Neutral,1.136,1.23,33.2,30.0,36.8,33.1,5.8,7.8,38.2,6.2,8.8,46.8,53.2,"[{""score"": ""1 - 1"", ""pct"": 13.469999999999999}, {""score"": ""0 - 1"", ""pct"": 11.43}, {""score"": ""1 - 0"", ""pct"": 10.639999999999999}]"
Ivory Coast,Uzbekistan,Neutral,1.101,0.831,42.2,32.3,25.4,40.8,6.7,12.0,26.6,4.7,9.1,59.5,40.5,"[{""score"": ""1 - 0"", ""pct"": 16.54}, {""score"": ""0 - 0"", ""pct"": 15.27}, {""score"": ""1 - 1"", ""pct"": 13.089999999999998}]"
Ivory Coast,Curaçao,Neutral,2.208,0.548,75.9,17.5,6.6,75.8,7.0,6.9,7.3,1.3,1.6,89.8,10.2,"[{""score"": ""2 - 0"", ""pct"": 15.55}, {""score"": ""1 - 0"", ""pct"": 14.92}, {""score"": ""3 - 0"", ""pct"": 10.66}]"
Ivory Coast,DR Congo,Neutral,1.131,0.785,43.3,32.9,23.8,42.2,7.3,13.0,24.6,4.5,8.4,62.6,37.4,"[{""score"": ""1 - 0"", ""pct"": 16.88}, {""score"": ""0 - 0"", ""pct"": 15.690000000000001}, {""score"": ""1 - 1"", ""pct"": 13.52}]"
Ivory Coast,Iraq,Neutral,1.307,0.694,51.8,29.8,18.4,51.5,7.5,11.9,19.1,3.6,6.2,71.0,29.0,"[{""score"": ""1 - 0"", ""pct"": 18.18}, {""score"": ""0 - 0"", ""pct"": 14.610000000000001}, {""score"": ""1 - 1"", ""pct"": 12.030000000000001}]"
Ivory Coast,Ghana,Neutral,1.293,0.843,46.4,30.0,23.6,46.8,7.1,10.8,22.8,4.5,8.1,64.6,35.4,"[{""score"": ""1 - 0"", ""pct"": 16.1}, {""score"": ""0 - 0"", ""pct"": 13.209999999999999}, {""score"": ""1 - 1"", ""pct"": 12.790000000000001}]"
Ivory Coast,Ecuador,Neutral,0.735,1.15,22.3,32.6,45.1,22.4,4.5,8.1,46.1,6.7,12.1,35.0,65.0,"[{""score"": ""0 - 1"", ""pct"": 17.47}, {""score"": ""0 - 0"", ""pct"": 16.49}, {""score"": ""1 - 1"", ""pct"": 12.770000000000001}]"
Ivory Coast,Cape Verde,Neutral,1.41,0.689,53.8,29.1,17.1,53.9,7.7,11.6,17.2,3.4,6.2,73.2,26.8,"[{""score"": ""1 - 0"", ""pct"": 17.560000000000002}, {""score"": ""0 - 0"", ""pct"": 13.469999999999999}, {""score"": ""1 - 1"", ""pct"": 11.89}]"
Ivory Coast,Iran,Neutral,0.956,1.081,30.8,32.2,37.1,30.9,5.5,8.8,38.3,6.5,10.0,45.2,54.8,"[{""score"": ""0 - 0"", ""pct"": 14.57}, {""score"": ""0 - 1"", ""pct"": 13.719999999999999}, {""score"": ""1 - 1"", ""pct"": 13.389999999999999}]"
Ivory Coast,Switzerland,Neutral,0.92,1.457,22.8,28.2,49.0,23.5,4.4,6.1,49.1,7.2,9.7,34.1,65.9,"[{""score"": ""0 - 1"", ""pct"": 14.17}, {""score"": ""1 - 1"", ""pct"": 12.690000000000001}, {""score"": ""0 - 0"", ""pct"": 10.040000000000001}]"
Ivory Coast,Bosnia and Herzegovina,Neutral,1.419,0.908,49.5,27.6,22.9,48.2,7.3,10.4,23.1,4.5,6.5,65.9,34.1,"[{""score"": ""1 - 0"", ""pct"": 14.48}, {""score"": ""1 - 1"", ""pct"": 12.18}, {""score"": ""0 - 0"", ""pct"": 10.549999999999999}]"
Ivory Coast,Uruguay,Neutral,0.718,1.34,18.9,30.1,51.0,19.0,3.6,6.5,51.7,7.2,11.9,29.2,70.8,"[{""score"": ""0 - 1"", ""pct"": 17.299999999999997}, {""score"": ""0 - 0"", ""pct"": 13.930000000000001}, {""score"": ""1 - 1"", ""pct"": 12.559999999999999}]"
Ivory Coast,Belgium,Neutral,0.835,1.723,16.7,25.2,58.2,17.0,3.2,4.8,58.0,7.8,9.2,25.0,75.0,"[{""score"": ""0 - 1"", ""pct"": 13.26}, {""score"": ""1 - 1"", ""pct"": 11.25}, {""score"": ""0 - 2"", ""pct"": 11.12}]"
Ivory Coast,Germany,Neutral,0.908,1.957,15.9,21.7,62.4,15.8,2.9,3.5,62.6,7.5,7.7,22.2,77.8,"[{""score"": ""0 - 1"", ""pct"": 12.23}, {""score"": ""0 - 2"", ""pct"": 10.66}, {""score"": ""1 - 1"", ""pct"": 10.02}]"
Ivory Coast,Senegal,Neutral,0.873,1.098,27.4,31.8,40.7,27.7,5.1,8.6,41.0,6.0,11.6,41.5,58.5,"[{""score"": ""0 - 1"", ""pct"": 15.440000000000001}, {""score"": ""0 - 0"", ""pct"": 14.69}, {""score"": ""1 - 1"", ""pct"": 13.4}]"
Ivory Coast,Portugal,Neutral,0.718,1.83,12.8,22.7,64.5,12.2,2.7,3.7,64.8,7.6,9.0,18.6,81.4,"[{""score"": ""0 - 1"", ""pct"": 14.39}, {""score"": ""0 - 2"", ""pct"": 13.450000000000001}, {""score"": ""1 - 1"", ""pct"": 9.94}]"
Ivory Coast,Argentina,Neutral,0.524,1.75,9.7,22.9,67.4,9.8,1.9,3.2,66.6,7.7,10.7,14.9,85.1,"[{""score"": ""0 - 1"", ""pct"": 18.16}, {""score"": ""0 - 2"", ""pct"": 15.9}, {""score"": ""0 - 0"", ""pct"": 11.51}]"
Ivory Coast,South Africa,Neutral,1.283,0.782,47.9,30.7,21.4,48.4,7.6,12.1,21.2,4.0,6.7,68.1,31.9,"[{""score"": ""1 - 0"", ""pct"": 16.36}, {""score"": ""0 - 0"", ""pct"": 13.58}, {""score"": ""1 - 1"", ""pct"": 12.870000000000001}]"
Ivory Coast,Paraguay,Neutral,0.922,0.994,30.2,33.4,36.4,31.6,5.6,10.2,34.8,6.5,11.3,47.4,52.6,"[{""score"": ""0 - 0"", ""pct"": 16.35}, {""score"": ""0 - 1"", ""pct"": 15.21}, {""score"": ""1 - 1"", ""pct"": 13.28}]"
Ivory Coast,Mexico,Neutral,0.911,1.088,29.6,31.6,38.7,29.6,5.4,8.9,38.5,7.0,10.6,44.0,56.0,"[{""score"": ""0 - 1"", ""pct"": 14.59}, {""score"": ""0 - 0"", ""pct"": 14.399999999999999}, {""score"": ""1 - 1"", ""pct"": 13.200000000000001}]"
Ivory Coast,Turkey,Neutral,1.142,1.351,30.6,28.1,41.4,30.8,5.6,6.6,41.4,6.7,8.8,43.1,56.9,"[{""score"": ""1 - 1"", ""pct"": 12.809999999999999}, {""score"": ""0 - 1"", ""pct"": 11.450000000000001}, {""score"": ""0 - 0"", ""pct"": 9.049999999999999}]"
Ivory Coast,England,Neutral,0.595,1.695,11.4,24.0,64.5,11.6,2.4,3.6,64.7,7.7,10.0,17.6,82.4,"[{""score"": ""0 - 1"", ""pct"": 17.79}, {""score"": ""0 - 2"", ""pct"": 14.77}, {""score"": ""0 - 0"", ""pct"": 10.86}]"
Ivory Coast,Qatar,Neutral,1.814,0.818,61.0,23.0,16.0,60.8,7.7,9.0,15.6,2.8,4.0,77.6,22.4,"[{""score"": ""1 - 0"", ""pct"": 13.58}, {""score"": ""2 - 0"", ""pct"": 11.78}, {""score"": ""1 - 1"", ""pct"": 10.63}]"
Ivory Coast,Colombia,Neutral,0.71,1.542,15.8,26.6,57.6,16.0,3.3,5.1,56.3,8.0,11.3,24.4,75.6,"[{""score"": ""0 - 1"", ""pct"": 17.1}, {""score"": ""0 - 2"", ""pct"": 11.76}, {""score"": ""1 - 1"", ""pct"": 11.379999999999999}]"
Ivory Coast,Czech Republic,Neutral,1.131,1.149,34.5,30.4,35.1,35.2,6.3,8.8,35.0,5.9,8.8,50.3,49.7,"[{""score"": ""1 - 1"", ""pct"": 13.48}, {""score"": ""0 - 1"", ""pct"": 12.27}, {""score"": ""1 - 0"", ""pct"": 11.62}]"
Ivory Coast,Croatia,Neutral,0.849,1.43,21.1,28.0,50.9,21.9,4.1,6.5,50.3,7.4,9.9,32.4,67.6,"[{""score"": ""0 - 1"", ""pct"": 14.52}, {""score"": ""1 - 1"", ""pct"": 12.44}, {""score"": ""0 - 0"", ""pct"": 11.29}]"
Ivory Coast,Netherlands,Neutral,0.853,1.778,16.5,24.2,59.2,16.2,3.1,4.4,59.4,8.0,8.8,23.8,76.2,"[{""score"": ""0 - 1"", ""pct"": 12.709999999999999}, {""score"": ""0 - 2"", ""pct"": 11.52}, {""score"": ""1 - 1"", ""pct"": 11.17}]"
Ivory Coast,South Korea,Neutral,1.064,1.041,34.4,31.5,34.1,34.3,6.3,9.9,33.4,6.7,9.4,50.5,49.5,"[{""score"": ""0 - 0"", ""pct"": 13.86}, {""score"": ""1 - 1"", ""pct"": 13.25}, {""score"": ""0 - 1"", ""pct"": 12.950000000000001}]"
Ivory Coast,Australia,Neutral,0.973,1.074,30.6,31.9,37.5,31.8,5.4,9.3,36.5,6.5,10.5,46.5,53.5,"[{""score"": ""0 - 0"", ""pct"": 14.59}, {""score"": ""0 - 1"", ""pct"": 14.099999999999998}, {""score"": ""1 - 1"", ""pct"": 13.05}]"
Ivory Coast,Morocco,Neutral,0.66,1.166,19.8,33.0,47.2,20.4,4.0,8.1,46.5,8.1,12.9,32.5,67.5,"[{""score"": ""0 - 1"", ""pct"": 18.91}, {""score"": ""0 - 0"", ""pct"": 17.71}, {""score"": ""1 - 1"", ""pct"": 12.18}]"
Ivory Coast,Scotland,Neutral,1.104,1.126,33.9,30.9,35.2,34.8,5.9,8.8,35.7,5.8,9.0,49.5,50.5,"[{""score"": ""1 - 1"", ""pct"": 13.889999999999999}, {""score"": ""0 - 1"", ""pct"": 12.13}, {""score"": ""0 - 0"", ""pct"": 11.85}]"
Ivory Coast,Tunisia,Neutral,0.985,0.896,35.7,33.1,31.2,35.5,6.3,11.1,31.6,5.5,9.9,53.0,47.0,"[{""score"": ""0 - 0"", ""pct"": 16.32}, {""score"": ""1 - 0"", ""pct"": 14.549999999999999}, {""score"": ""0 - 1"", ""pct"": 13.66}]"
Ivory Coast,Jordan,Neutral,1.444,0.838,51.0,28.5,20.5,50.9,7.8,9.9,21.0,4.0,6.5,68.5,31.5,"[{""score"": ""1 - 0"", ""pct"": 14.580000000000002}, {""score"": ""1 - 1"", ""pct"": 12.18}, {""score"": ""0 - 0"", ""pct"": 11.67}]"
Ivory Coast,Saudi Arabia,Neutral,1.298,0.725,49.8,30.1,20.1,49.9,7.7,11.8,19.8,3.8,6.9,69.4,30.6,"[{""score"": ""1 - 0"", ""pct"": 16.88}, {""score"": ""0 - 0"", ""pct"": 14.41}, {""score"": ""1 - 1"", ""pct"": 12.06}]"
Ivory Coast,Austria,Neutral,1.001,1.276,28.0,29.3,42.7,28.2,5.1,8.0,41.9,7.0,9.8,41.3,58.7,"[{""score"": ""0 - 1"", ""pct"": 13.52}, {""score"": ""1 - 1"", ""pct"": 12.659999999999998}, {""score"": ""0 - 0"", ""pct"": 11.49}]"
Ivory Coast,Haiti,Neutral,2.011,0.729,68.4,19.7,11.8,67.5,7.5,8.0,12.0,2.2,2.8,83.0,17.0,"[{""score"": ""1 - 0"", ""pct"": 13.700000000000001}, {""score"": ""2 - 0"", ""pct"": 13.44}, {""score"": ""2 - 1"", ""pct"": 10.38}]"
Ivory Coast,Japan,Neutral,0.93,1.297,25.8,29.3,44.9,25.6,4.5,7.4,44.7,7.2,10.6,37.5,62.5,"[{""score"": ""0 - 1"", ""pct"": 13.94}, {""score"": ""1 - 1"", ""pct"": 13.209999999999999}, {""score"": ""0 - 0"", ""pct"": 11.04}]"
Ivory Coast,Panama,Neutral,1.508,0.827,53.3,27.6,19.1,52.5,7.0,10.5,19.7,4.2,6.1,70.1,29.9,"[{""score"": ""1 - 0"", ""pct"": 14.940000000000001}, {""score"": ""1 - 1"", ""pct"": 12.45}, {""score"": ""0 - 0"", ""pct"": 10.86}]"
Ivory Coast,Brazil,Neutral,0.611,1.92,10.2,21.2,68.6,9.8,2.1,2.7,69.8,6.9,8.7,14.6,85.4,"[{""score"": ""0 - 1"", ""pct"": 15.75}, {""score"": ""0 - 2"", ""pct"": 14.85}, {""score"": ""1 - 1"", ""pct"": 9.36}]"
New Zealand,United States,Neutral,0.67,1.569,14.9,26.1,59.0,14.8,2.6,4.8,58.9,7.9,11.1,22.1,77.8,"[{""score"": ""0 - 1"", ""pct"": 17.16}, {""score"": ""0 - 2"", ""pct"": 11.959999999999999}, {""score"": ""0 - 0"", ""pct"": 11.42}]"
New Zealand,Sweden,Neutral,0.631,1.907,11.0,21.7,67.4,10.6,2.0,3.1,67.4,7.5,9.4,15.7,84.3,"[{""score"": ""0 - 1"", ""pct"": 15.540000000000001}, {""score"": ""0 - 2"", ""pct"": 14.13}, {""score"": ""1 - 1"", ""pct"": 9.48}]"
New Zealand,Canada,Neutral,0.637,1.423,15.8,27.9,56.3,15.4,3.3,5.8,55.5,8.2,11.9,24.5,75.5,"[{""score"": ""0 - 1"", ""pct"": 19.08}, {""score"": ""0 - 0"", ""pct"": 13.28}, {""score"": ""0 - 2"", ""pct"": 12.139999999999999}]"
New Zealand,France,Neutral,0.388,2.496,3.6,12.3,84.1,3.5,0.8,0.8,84.1,5.6,5.2,5.1,94.9,"[{""score"": ""0 - 2"", ""pct"": 17.49}, {""score"": ""0 - 3"", ""pct"": 14.760000000000002}, {""score"": ""0 - 1"", ""pct"": 14.48}]"
New Zealand,Egypt,Neutral,0.566,1.312,14.8,30.4,54.8,15.5,2.9,5.9,53.7,7.8,14.2,24.3,75.7,"[{""score"": ""0 - 1"", ""pct"": 19.53}, {""score"": ""0 - 0"", ""pct"": 15.97}, {""score"": ""0 - 2"", ""pct"": 12.839999999999998}]"
New Zealand,Norway,Neutral,0.586,2.083,8.3,18.1,73.6,8.3,1.6,2.7,72.1,7.4,7.9,12.6,87.4,"[{""score"": ""0 - 1"", ""pct"": 15.55}, {""score"": ""0 - 2"", ""pct"": 15.310000000000002}, {""score"": ""0 - 3"", ""pct"": 9.39}]"
New Zealand,Spain,Neutral,0.359,3.016,1.7,8.0,90.2,1.7,0.3,0.5,89.8,4.4,3.4,2.4,97.6,"[{""score"": ""0 - 2"", ""pct"": 15.82}, {""score"": ""0 - 3"", ""pct"": 14.829999999999998}, {""score"": ""0 - 4"", ""pct"": 11.72}]"
New Zealand,Ivory Coast,Neutral,0.57,1.428,13.7,28.5,57.8,13.9,2.8,5.0,58.4,7.8,12.3,21.6,78.4,"[{""score"": ""0 - 1"", ""pct"": 19.63}, {""score"": ""0 - 0"", ""pct"": 14.499999999999998}, {""score"": ""0 - 2"", ""pct"": 13.639999999999999}]"
New Zealand,Algeria,Neutral,0.649,1.763,12.6,22.6,64.7,12.4,2.5,3.5,63.7,7.9,10.0,18.4,81.6,"[{""score"": ""0 - 1"", ""pct"": 16.689999999999998}, {""score"": ""0 - 2"", ""pct"": 13.750000000000002}, {""score"": ""0 - 0"", ""pct"": 9.610000000000001}]"
New Zealand,Uzbekistan,Neutral,0.629,1.191,18.4,32.7,48.9,18.2,3.9,7.0,49.5,7.3,14.0,29.1,70.9,"[{""score"": ""0 - 1"", ""pct"": 19.45}, {""score"": ""0 - 0"", ""pct"": 17.32}, {""score"": ""1 - 1"", ""pct"": 12.57}]"
New Zealand,Curaçao,Neutral,1.262,0.785,47.5,29.8,22.7,47.9,7.1,11.7,22.2,4.1,7.0,66.7,33.3,"[{""score"": ""1 - 0"", ""pct"": 16.669999999999998}, {""score"": ""0 - 0"", ""pct"": 13.76}, {""score"": ""1 - 1"", ""pct"": 12.57}]"
New Zealand,DR Congo,Neutral,0.646,1.126,20.4,33.7,45.9,19.8,4.1,8.0,47.0,7.4,13.6,32.0,68.0,"[{""score"": ""0 - 0"", ""pct"": 18.62}, {""score"": ""0 - 1"", ""pct"": 18.43}, {""score"": ""1 - 1"", ""pct"": 12.31}]"
New Zealand,Iraq,Neutral,0.747,0.994,25.8,34.0,40.3,25.6,5.1,9.9,39.4,6.9,13.1,40.6,59.4,"[{""score"": ""0 - 0"", ""pct"": 18.52}, {""score"": ""0 - 1"", ""pct"": 17.43}, {""score"": ""1 - 0"", ""pct"": 13.08}]"
New Zealand,Ghana,Neutral,0.739,1.208,21.4,31.3,47.3,21.7,4.1,7.8,47.1,7.2,12.1,33.6,66.4,"[{""score"": ""0 - 1"", ""pct"": 16.81}, {""score"": ""0 - 0"", ""pct"": 15.24}, {""score"": ""1 - 1"", ""pct"": 12.65}]"
New Zealand,Ecuador,Neutral,0.42,1.648,8.2,23.8,68.0,8.2,1.6,3.0,67.5,7.7,12.1,12.8,87.2,"[{""score"": ""0 - 1"", ""pct"": 21.25}, {""score"": ""0 - 2"", ""pct"": 16.43}, {""score"": ""0 - 0"", ""pct"": 13.43}]"
New Zealand,Cape Verde,Neutral,0.806,0.987,27.6,34.5,37.9,28.3,5.6,9.8,37.7,6.3,12.4,43.6,56.4,"[{""score"": ""0 - 0"", ""pct"": 17.87}, {""score"": ""0 - 1"", ""pct"": 16.36}, {""score"": ""1 - 1"", ""pct"": 13.29}]"
New Zealand,Iran,Neutral,0.546,1.55,12.2,26.4,61.5,11.9,2.6,4.0,62.2,7.8,11.6,18.5,81.5,"[{""score"": ""0 - 1"", ""pct"": 18.9}, {""score"": ""0 - 2"", ""pct"": 14.12}, {""score"": ""0 - 0"", ""pct"": 13.530000000000001}]"
New Zealand,Switzerland,Neutral,0.526,2.089,7.2,18.4,74.4,7.0,1.4,1.9,75.0,6.8,7.9,10.3,89.8,"[{""score"": ""0 - 2"", ""pct"": 16.14}, {""score"": ""0 - 1"", ""pct"": 15.310000000000002}, {""score"": ""0 - 3"", ""pct"": 10.99}]"
New Zealand,Bosnia and Herzegovina,Neutral,0.811,1.301,22.0,30.8,47.2,22.2,4.3,7.2,47.8,6.9,11.6,33.7,66.3,"[{""score"": ""0 - 1"", ""pct"": 15.67}, {""score"": ""1 - 1"", ""pct"": 13.54}, {""score"": ""0 - 0"", ""pct"": 13.23}]"
New Zealand,Uruguay,Neutral,0.41,1.921,6.3,19.4,74.2,6.1,1.3,2.1,75.1,6.6,8.8,9.5,90.5,"[{""score"": ""0 - 1"", ""pct"": 19.03}, {""score"": ""0 - 2"", ""pct"": 18.38}, {""score"": ""0 - 3"", ""pct"": 10.76}]"
New Zealand,Belgium,Neutral,0.477,2.469,5.0,13.8,81.2,4.9,0.8,1.1,81.4,5.9,5.8,6.9,93.1,"[{""score"": ""0 - 2"", ""pct"": 15.7}, {""score"": ""0 - 1"", ""pct"": 13.489999999999998}, {""score"": ""0 - 3"", ""pct"": 13.23}]"
New Zealand,Germany,Neutral,0.519,2.805,3.4,11.2,85.4,3.6,0.7,0.8,85.4,5.2,4.3,5.0,95.0,"[{""score"": ""0 - 2"", ""pct"": 14.510000000000002}, {""score"": ""0 - 3"", ""pct"": 12.809999999999999}, {""score"": ""0 - 1"", ""pct"": 10.89}]"
New Zealand,Senegal,Neutral,0.499,1.573,10.4,25.6,64.0,10.5,2.1,3.7,63.5,7.9,12.3,16.2,83.8,"[{""score"": ""0 - 1"", ""pct"": 20.330000000000002}, {""score"": ""0 - 2"", ""pct"": 15.690000000000001}, {""score"": ""0 - 0"", ""pct"": 13.420000000000002}]"
New Zealand,Portugal,Neutral,0.411,2.622,3.3,11.2,85.5,3.3,0.7,0.9,84.9,5.5,4.8,4.8,95.2,"[{""score"": ""0 - 2"", ""pct"": 17.64}, {""score"": ""0 - 3"", ""pct"": 14.430000000000001}, {""score"": ""0 - 1"", ""pct"": 13.44}]"
New Zealand,Argentina,Neutral,0.3,2.508,2.6,11.9,85.5,2.8,0.5,0.7,85.6,5.8,4.7,3.9,96.1,"[{""score"": ""0 - 2"", ""pct"": 19.07}, {""score"": ""0 - 3"", ""pct"": 15.76}, {""score"": ""0 - 1"", ""pct"": 15.42}]"
New Zealand,South Africa,Neutral,0.734,1.121,23.0,32.7,44.3,22.9,4.4,8.2,44.5,7.3,12.7,35.5,64.5,"[{""score"": ""0 - 1"", ""pct"": 17.07}, {""score"": ""0 - 0"", ""pct"": 16.91}, {""score"": ""1 - 1"", ""pct"": 12.58}]"
New Zealand,Paraguay,Neutral,0.527,1.424,12.7,28.6,58.7,12.7,2.4,4.9,59.1,7.6,13.4,19.9,80.1,"[{""score"": ""0 - 1"", ""pct"": 20.330000000000002}, {""score"": ""0 - 0"", ""pct"": 15.659999999999998}, {""score"": ""0 - 2"", ""pct"": 13.8}]"
New Zealand,Mexico,Neutral,0.521,1.559,10.6,25.2,64.2,11.5,2.1,4.0,62.8,7.6,11.9,17.6,82.4,"[{""score"": ""0 - 1"", ""pct"": 20.23}, {""score"": ""0 - 2"", ""pct"": 14.89}, {""score"": ""0 - 0"", ""pct"": 13.170000000000002}]"
New Zealand,Turkey,Neutral,0.653,1.935,11.1,20.4,68.5,10.2,2.3,3.1,68.2,7.2,8.9,15.7,84.3,"[{""score"": ""0 - 1"", ""pct"": 14.549999999999999}, {""score"": ""0 - 2"", ""pct"": 14.219999999999999}, {""score"": ""1 - 2"", ""pct"": 9.66}]"
New Zealand,England,Neutral,0.34,2.429,3.5,13.2,83.3,3.2,0.8,0.8,83.8,6.0,5.4,4.7,95.3,"[{""score"": ""0 - 2"", ""pct"": 19.040000000000003}, {""score"": ""0 - 1"", ""pct"": 15.42}, {""score"": ""0 - 3"", ""pct"": 14.17}]"
New Zealand,Qatar,Neutral,1.037,1.172,31.5,30.6,37.9,31.3,5.9,8.0,38.6,6.5,9.6,45.3,54.7,"[{""score"": ""1 - 1"", ""pct"": 13.74}, {""score"": ""0 - 1"", ""pct"": 12.75}, {""score"": ""0 - 0"", ""pct"": 11.709999999999999}]"
New Zealand,Colombia,Neutral,0.406,2.21,4.7,16.2,79.1,4.7,0.9,1.4,79.1,6.5,7.3,7.0,93.0,"[{""score"": ""0 - 2"", ""pct"": 18.42}, {""score"": ""0 - 1"", ""pct"": 16.580000000000002}, {""score"": ""0 - 3"", ""pct"": 12.44}]"
New Zealand,Czech Republic,Neutral,0.646,1.647,12.9,25.1,62.0,13.0,2.6,3.9,62.0,8.0,10.5,19.6,80.5,"[{""score"": ""0 - 1"", ""pct"": 17.02}, {""score"": ""0 - 2"", ""pct"": 13.750000000000002}, {""score"": ""0 - 0"", ""pct"": 11.04}]"
New Zealand,Croatia,Neutral,0.485,2.049,6.6,18.4,75.0,6.6,1.4,1.8,75.4,6.8,8.0,9.8,90.2,"[{""score"": ""0 - 1"", ""pct"": 16.79}, {""score"": ""0 - 2"", ""pct"": 16.75}, {""score"": ""0 - 3"", ""pct"": 10.7}]"
New Zealand,Netherlands,Neutral,0.488,2.548,4.0,13.2,82.7,4.5,0.9,1.0,82.3,6.0,5.4,6.3,93.6,"[{""score"": ""0 - 2"", ""pct"": 15.42}, {""score"": ""0 - 3"", ""pct"": 13.139999999999999}, {""score"": ""0 - 1"", ""pct"": 12.78}]"
New Zealand,South Korea,Neutral,0.608,1.492,14.1,27.2,58.7,13.7,2.9,4.9,59.6,7.3,11.5,21.5,78.5,"[{""score"": ""0 - 1"", ""pct"": 18.41}, {""score"": ""0 - 2"", ""pct"": 13.120000000000001}, {""score"": ""0 - 0"", ""pct"": 12.97}]"
New Zealand,Australia,Neutral,0.556,1.539,12.1,26.6,61.2,12.6,2.5,3.9,61.4,8.0,11.5,19.0,81.0,"[{""score"": ""0 - 1"", ""pct"": 19.36}, {""score"": ""0 - 0"", ""pct"": 13.79}, {""score"": ""0 - 2"", ""pct"": 13.530000000000001}]"
New Zealand,Morocco,Neutral,0.377,1.67,7.3,23.1,69.5,7.0,1.5,2.6,69.3,7.8,11.8,11.1,88.9,"[{""score"": ""0 - 1"", ""pct"": 22.34}, {""score"": ""0 - 2"", ""pct"": 17.34}, {""score"": ""0 - 0"", ""pct"": 13.54}]"
New Zealand,Scotland,Neutral,0.631,1.614,13.4,25.5,61.1,13.2,2.5,3.9,61.4,8.1,10.8,19.6,80.4,"[{""score"": ""0 - 1"", ""pct"": 17.43}, {""score"": ""0 - 2"", ""pct"": 13.94}, {""score"": ""0 - 0"", ""pct"": 11.19}]"
New Zealand,Tunisia,Neutral,0.563,1.284,15.2,31.1,53.6,15.1,3.2,6.1,54.0,7.5,14.0,24.4,75.6,"[{""score"": ""0 - 1"", ""pct"": 20.580000000000002}, {""score"": ""0 - 0"", ""pct"": 16.96}, {""score"": ""0 - 2"", ""pct"": 12.3}]"
New Zealand,Jordan,Neutral,0.825,1.2,24.0,31.5,44.5,24.0,4.5,7.8,45.0,7.4,11.3,36.3,63.7,"[{""score"": ""0 - 1"", ""pct"": 16.84}, {""score"": ""0 - 0"", ""pct"": 14.66}, {""score"": ""1 - 1"", ""pct"": 13.239999999999998}]"
New Zealand,Saudi Arabia,Neutral,0.742,1.038,24.8,34.1,41.1,24.8,4.7,9.6,41.7,6.7,12.5,39.0,61.0,"[{""score"": ""0 - 0"", ""pct"": 18.2}, {""score"": ""0 - 1"", ""pct"": 17.349999999999998}, {""score"": ""1 - 1"", ""pct"": 13.34}]"
New Zealand,Austria,Neutral,0.572,1.828,9.4,22.7,67.9,10.2,1.9,2.9,67.7,7.8,9.6,15.0,85.0,"[{""score"": ""0 - 1"", ""pct"": 16.919999999999998}, {""score"": ""0 - 2"", ""pct"": 14.74}, {""score"": ""0 - 0"", ""pct"": 10.11}]"
New Zealand,Haiti,Neutral,1.149,1.045,37.8,29.8,32.4,37.2,6.6,9.8,31.9,6.1,8.4,53.5,46.5,"[{""score"": ""1 - 0"", ""pct"": 13.22}, {""score"": ""1 - 1"", ""pct"": 12.91}, {""score"": ""0 - 0"", ""pct"": 12.19}]"
New Zealand,Japan,Neutral,0.531,1.859,8.9,21.1,70.0,8.6,1.8,2.6,69.7,7.7,9.6,13.1,86.9,"[{""score"": ""0 - 1"", ""pct"": 18.2}, {""score"": ""0 - 2"", ""pct"": 15.440000000000001}, {""score"": ""0 - 0"", ""pct"": 9.48}]"
New Zealand,Panama,Neutral,0.862,1.185,26.0,30.4,43.6,25.9,4.9,8.3,42.9,7.2,10.8,39.0,61.0,"[{""score"": ""0 - 1"", ""pct"": 16.1}, {""score"": ""0 - 0"", ""pct"": 13.98}, {""score"": ""1 - 1"", ""pct"": 12.809999999999999}]"
New Zealand,Brazil,Neutral,0.349,2.752,2.3,9.8,87.9,2.6,0.4,0.4,87.5,4.9,4.2,3.5,96.6,"[{""score"": ""0 - 2"", ""pct"": 17.380000000000003}, {""score"": ""0 - 3"", ""pct"": 15.840000000000002}, {""score"": ""0 - 1"", ""pct"": 12.920000000000002}]"
Algeria,United States,Neutral,1.448,1.248,41.9,26.3,31.8,40.4,6.7,8.0,32.7,5.3,6.9,55.1,44.9,"[{""score"": ""1 - 1"", ""pct"": 11.75}, {""score"": ""1 - 0"", ""pct"": 9.49}, {""score"": ""2 - 1"", ""pct"": 9.26}]"
Algeria,Sweden,Neutral,1.364,1.518,33.4,25.4,41.2,33.1,5.7,6.2,40.7,6.6,7.6,45.1,54.9,"[{""score"": ""1 - 1"", ""pct"": 11.04}, {""score"": ""1 - 2"", ""pct"": 8.82}, {""score"": ""0 - 1"", ""pct"": 8.66}]"
Algeria,Canada,Neutral,1.377,1.132,42.4,27.7,29.9,41.8,6.5,8.7,30.8,5.1,7.1,57.0,43.0,"[{""score"": ""1 - 1"", ""pct"": 12.709999999999999}, {""score"": ""1 - 0"", ""pct"": 11.68}, {""score"": ""0 - 1"", ""pct"": 9.07}]"
Algeria,France,Neutral,0.837,1.986,14.8,21.1,64.1,14.1,2.8,3.7,64.2,7.5,7.8,20.5,79.5,"[{""score"": ""0 - 1"", ""pct"": 11.67}, {""score"": ""0 - 2"", ""pct"": 11.53}, {""score"": ""1 - 2"", ""pct"": 10.35}]"
Algeria,Egypt,Neutral,1.223,1.044,39.6,29.9,30.6,39.4,6.5,9.5,30.7,5.7,8.3,55.3,44.7,"[{""score"": ""1 - 1"", ""pct"": 13.420000000000002}, {""score"": ""1 - 0"", ""pct"": 13.320000000000002}, {""score"": ""0 - 0"", ""pct"": 11.129999999999999}]"
Algeria,Norway,Neutral,1.266,1.658,29.3,24.8,45.8,27.9,5.0,5.6,46.9,7.0,7.5,38.5,61.5,"[{""score"": ""1 - 1"", ""pct"": 11.23}, {""score"": ""1 - 2"", ""pct"": 9.229999999999999}, {""score"": ""0 - 1"", ""pct"": 9.11}]"
Algeria,Spain,Neutral,0.775,2.4,9.0,17.4,73.6,9.7,1.7,2.0,73.6,6.8,6.3,13.3,86.7,"[{""score"": ""0 - 2"", ""pct"": 12.590000000000002}, {""score"": ""0 - 1"", ""pct"": 10.440000000000001}, {""score"": ""1 - 2"", ""pct"": 9.01}]"
Algeria,Ivory Coast,Neutral,1.23,1.136,36.7,29.6,33.7,37.9,6.3,8.8,32.1,6.2,8.6,53.0,47.0,"[{""score"": ""1 - 1"", ""pct"": 12.889999999999999}, {""score"": ""0 - 1"", ""pct"": 11.41}, {""score"": ""1 - 0"", ""pct"": 11.12}]"
Algeria,New Zealand,Neutral,1.763,0.649,64.6,22.8,12.5,63.3,8.2,10.0,12.5,2.4,3.6,81.6,18.4,"[{""score"": ""1 - 0"", ""pct"": 15.98}, {""score"": ""2 - 0"", ""pct"": 13.91}, {""score"": ""0 - 0"", ""pct"": 9.65}]"
Algeria,Uzbekistan,Neutral,1.359,0.947,44.7,29.2,26.1,45.8,6.8,10.4,25.2,5.1,6.8,62.9,37.1,"[{""score"": ""1 - 0"", ""pct"": 12.950000000000001}, {""score"": ""1 - 1"", ""pct"": 12.53}, {""score"": ""0 - 0"", ""pct"": 11.32}]"
Algeria,Curaçao,Neutral,2.726,0.624,82.4,12.4,5.1,82.0,6.0,4.9,4.9,1.1,1.1,92.9,7.1,"[{""score"": ""2 - 0"", ""pct"": 13.34}, {""score"": ""3 - 0"", ""pct"": 12.389999999999999}, {""score"": ""1 - 0"", ""pct"": 9.879999999999999}]"
Algeria,DR Congo,Neutral,1.396,0.896,48.3,28.1,23.6,47.6,7.3,10.7,22.9,4.5,7.1,65.6,34.4,"[{""score"": ""1 - 0"", ""pct"": 13.969999999999999}, {""score"": ""1 - 1"", ""pct"": 12.139999999999999}, {""score"": ""0 - 0"", ""pct"": 11.25}]"
Algeria,Iraq,Neutral,1.614,0.791,57.0,26.1,16.9,56.8,7.7,10.0,16.8,3.3,5.4,74.5,25.5,"[{""score"": ""1 - 0"", ""pct"": 14.59}, {""score"": ""2 - 0"", ""pct"": 11.58}, {""score"": ""1 - 1"", ""pct"": 11.200000000000001}]"
Algeria,Ghana,Neutral,1.596,0.962,52.0,26.1,21.9,51.6,7.9,9.1,21.4,4.1,5.9,68.6,31.4,"[{""score"": ""1 - 0"", ""pct"": 12.590000000000002}, {""score"": ""1 - 1"", ""pct"": 11.83}, {""score"": ""2 - 1"", ""pct"": 9.5}]"
Algeria,Ecuador,Neutral,0.907,1.311,24.4,30.0,45.6,24.9,4.5,7.6,45.9,7.0,10.1,37.0,63.0,"[{""score"": ""0 - 1"", ""pct"": 13.969999999999999}, {""score"": ""1 - 1"", ""pct"": 13.36}, {""score"": ""0 - 0"", ""pct"": 11.93}]"
Algeria,Cape Verde,Neutral,1.741,0.785,60.2,24.2,15.6,60.1,7.5,9.7,15.4,3.0,4.3,77.3,22.7,"[{""score"": ""1 - 0"", ""pct"": 14.49}, {""score"": ""2 - 0"", ""pct"": 12.11}, {""score"": ""1 - 1"", ""pct"": 11.08}]"
Algeria,Iran,Neutral,1.18,1.233,34.2,28.5,37.2,33.5,6.3,8.8,36.7,6.3,8.4,48.6,51.4,"[{""score"": ""1 - 1"", ""pct"": 13.270000000000001}, {""score"": ""0 - 1"", ""pct"": 11.1}, {""score"": ""1 - 0"", ""pct"": 10.280000000000001}]"
Algeria,Switzerland,Neutral,1.136,1.662,26.1,25.6,48.4,25.8,4.8,5.3,48.8,7.4,8.0,35.8,64.2,"[{""score"": ""1 - 1"", ""pct"": 11.3}, {""score"": ""0 - 1"", ""pct"": 10.440000000000001}, {""score"": ""0 - 2"", ""pct"": 8.75}]"
Algeria,Bosnia and Herzegovina,Neutral,1.752,1.035,54.5,24.2,21.3,53.8,7.4,8.3,21.6,4.1,4.7,69.5,30.5,"[{""score"": ""1 - 0"", ""pct"": 11.29}, {""score"": ""1 - 1"", ""pct"": 11.01}, {""score"": ""2 - 1"", ""pct"": 10.2}]"
Algeria,Uruguay,Neutral,0.886,1.528,20.5,26.8,52.8,20.3,3.9,5.7,52.2,8.1,9.8,29.9,70.1,"[{""score"": ""0 - 1"", ""pct"": 14.149999999999999}, {""score"": ""1 - 1"", ""pct"": 11.85}, {""score"": ""0 - 2"", ""pct"": 10.280000000000001}]"
Algeria,Belgium,Neutral,1.031,1.964,18.9,22.3,58.9,18.2,3.6,4.0,59.4,7.4,7.4,25.8,74.2,"[{""score"": ""1 - 2"", ""pct"": 9.98}, {""score"": ""1 - 1"", ""pct"": 9.969999999999999}, {""score"": ""0 - 1"", ""pct"": 9.76}]"
Algeria,Germany,Neutral,1.121,2.232,16.1,20.1,63.8,17.2,3.3,3.2,63.2,7.0,6.1,23.7,76.3,"[{""score"": ""1 - 2"", ""pct"": 9.99}, {""score"": ""1 - 1"", ""pct"": 8.93}, {""score"": ""0 - 2"", ""pct"": 8.73}]"
Algeria,Senegal,Neutral,1.078,1.252,31.2,29.7,39.1,31.1,5.2,7.9,39.7,6.6,9.6,44.2,55.8,"[{""score"": ""1 - 1"", ""pct"": 13.089999999999998}, {""score"": ""0 - 1"", ""pct"": 12.33}, {""score"": ""0 - 0"", ""pct"": 10.8}]"
Algeria,Portugal,Neutral,0.887,2.086,14.1,20.1,65.8,14.1,2.6,3.2,64.8,8.0,7.2,19.9,80.1,"[{""score"": ""0 - 1"", ""pct"": 11.559999999999999}, {""score"": ""0 - 2"", ""pct"": 11.26}, {""score"": ""1 - 2"", ""pct"": 9.969999999999999}]"
Algeria,Argentina,Neutral,0.647,1.996,10.4,20.2,69.4,9.6,2.0,2.5,69.9,7.8,8.3,14.1,85.9,"[{""score"": ""0 - 2"", ""pct"": 14.52}, {""score"": ""0 - 1"", ""pct"": 14.249999999999998}, {""score"": ""1 - 2"", ""pct"": 9.120000000000001}]"
Algeria,South Africa,Neutral,1.584,0.892,53.6,26.2,20.2,53.1,7.6,9.6,19.8,4.2,5.7,70.3,29.7,"[{""score"": ""1 - 0"", ""pct"": 13.68}, {""score"": ""1 - 1"", ""pct"": 11.98}, {""score"": ""2 - 0"", ""pct"": 10.07}]"
Algeria,Paraguay,Neutral,1.138,1.133,34.7,30.0,35.3,35.7,6.1,8.9,34.2,5.6,9.5,50.7,49.3,"[{""score"": ""1 - 1"", ""pct"": 13.22}, {""score"": ""0 - 0"", ""pct"": 11.66}, {""score"": ""1 - 0"", ""pct"": 11.62}]"
Algeria,Mexico,Neutral,1.125,1.241,31.7,29.8,38.5,32.5,5.9,8.6,37.9,6.6,8.5,47.0,53.0,"[{""score"": ""1 - 1"", ""pct"": 13.13}, {""score"": ""0 - 1"", ""pct"": 12.3}, {""score"": ""0 - 0"", ""pct"": 10.43}]"
Algeria,Turkey,Neutral,1.409,1.54,34.4,24.6,41.0,34.2,5.5,6.4,40.1,6.7,7.1,46.1,53.9,"[{""score"": ""1 - 1"", ""pct"": 10.73}, {""score"": ""1 - 2"", ""pct"": 9.049999999999999}, {""score"": ""0 - 1"", ""pct"": 8.08}]"
Algeria,England,Neutral,0.735,1.933,12.4,20.7,66.9,12.4,2.2,3.3,66.9,7.1,8.0,18.0,82.0,"[{""score"": ""0 - 1"", ""pct"": 13.84}, {""score"": ""0 - 2"", ""pct"": 13.270000000000001}, {""score"": ""1 - 2"", ""pct"": 9.98}]"
Algeria,Qatar,Neutral,2.24,0.933,67.7,19.2,13.2,67.4,7.2,6.8,13.6,2.3,2.7,81.4,18.6,"[{""score"": ""2 - 0"", ""pct"": 10.59}, {""score"": ""1 - 0"", ""pct"": 10.100000000000001}, {""score"": ""2 - 1"", ""pct"": 9.85}]"
Algeria,Colombia,Neutral,0.877,1.759,17.3,24.8,57.9,17.8,3.6,4.3,58.1,7.4,8.8,25.6,74.4,"[{""score"": ""0 - 1"", ""pct"": 13.170000000000002}, {""score"": ""1 - 1"", ""pct"": 11.93}, {""score"": ""0 - 2"", ""pct"": 10.77}]"
Algeria,Czech Republic,Neutral,1.396,1.31,38.1,27.5,34.4,38.5,6.2,8.0,35.0,5.1,7.2,52.7,47.3,"[{""score"": ""1 - 1"", ""pct"": 12.389999999999999}, {""score"": ""1 - 0"", ""pct"": 9.28}, {""score"": ""0 - 1"", ""pct"": 8.5}]"
Algeria,Croatia,Neutral,1.048,1.631,23.6,26.2,50.2,23.0,4.4,5.7,50.9,7.2,8.9,33.1,66.9,"[{""score"": ""1 - 1"", ""pct"": 12.17}, {""score"": ""0 - 1"", ""pct"": 11.360000000000001}, {""score"": ""1 - 2"", ""pct"": 9.55}]"
Algeria,Netherlands,Neutral,1.053,2.028,18.1,21.1,60.8,18.1,3.4,3.9,59.9,7.2,7.4,25.4,74.6,"[{""score"": ""1 - 2"", ""pct"": 10.22}, {""score"": ""0 - 2"", ""pct"": 10.01}, {""score"": ""0 - 1"", ""pct"": 9.879999999999999}]"
Algeria,South Korea,Neutral,1.313,1.187,39.1,28.7,32.2,38.5,6.3,8.1,32.9,6.1,8.1,53.0,47.0,"[{""score"": ""1 - 1"", ""pct"": 12.46}, {""score"": ""1 - 0"", ""pct"": 11.18}, {""score"": ""0 - 0"", ""pct"": 9.33}]"
Algeria,Australia,Neutral,1.202,1.225,35.4,28.1,36.6,35.2,5.9,8.0,36.1,6.5,8.2,49.1,50.9,"[{""score"": ""1 - 1"", ""pct"": 12.85}, {""score"": ""0 - 1"", ""pct"": 10.97}, {""score"": ""1 - 0"", ""pct"": 10.879999999999999}]"
Algeria,Morocco,Neutral,0.814,1.329,21.6,29.3,49.1,21.6,4.4,6.9,48.7,7.4,10.9,32.9,67.1,"[{""score"": ""0 - 1"", ""pct"": 15.36}, {""score"": ""1 - 1"", ""pct"": 12.540000000000001}, {""score"": ""0 - 0"", ""pct"": 12.41}]"
Algeria,Scotland,Neutral,1.363,1.284,38.4,27.2,34.4,39.1,5.9,7.1,34.6,6.0,7.2,52.1,47.9,"[{""score"": ""1 - 1"", ""pct"": 12.35}, {""score"": ""1 - 0"", ""pct"": 10.42}, {""score"": ""0 - 1"", ""pct"": 9.47}]"
Algeria,Tunisia,Neutral,1.216,1.021,39.9,30.1,29.9,40.4,6.9,9.8,29.4,5.1,8.3,57.1,42.9,"[{""score"": ""1 - 1"", ""pct"": 13.350000000000001}, {""score"": ""1 - 0"", ""pct"": 12.590000000000002}, {""score"": ""0 - 0"", ""pct"": 11.57}]"
Algeria,Jordan,Neutral,1.782,0.955,56.8,24.5,18.7,57.1,7.7,8.7,18.4,3.3,4.8,73.5,26.5,"[{""score"": ""1 - 0"", ""pct"": 11.57}, {""score"": ""1 - 1"", ""pct"": 11.27}, {""score"": ""2 - 0"", ""pct"": 10.18}]"
Algeria,Saudi Arabia,Neutral,1.603,0.826,55.2,25.9,18.9,56.1,7.4,9.6,17.8,4.0,4.9,73.2,26.8,"[{""score"": ""1 - 0"", ""pct"": 14.069999999999999}, {""score"": ""1 - 1"", ""pct"": 11.32}, {""score"": ""2 - 0"", ""pct"": 10.879999999999999}]"
Algeria,Austria,Neutral,1.236,1.455,31.0,27.3,41.6,30.5,5.7,6.8,42.0,6.7,8.4,43.0,57.0,"[{""score"": ""1 - 1"", ""pct"": 12.45}, {""score"": ""0 - 1"", ""pct"": 9.82}, {""score"": ""1 - 2"", ""pct"": 9.01}]"
Algeria,Haiti,Neutral,2.483,0.832,73.8,16.5,9.7,74.0,6.9,6.2,9.3,1.9,1.8,87.0,13.0,"[{""score"": ""2 - 0"", ""pct"": 11.360000000000001}, {""score"": ""1 - 0"", ""pct"": 9.76}, {""score"": ""3 - 0"", ""pct"": 9.36}]"
Algeria,Japan,Neutral,1.148,1.479,28.6,27.0,44.4,28.2,5.0,6.5,44.6,7.3,8.4,39.7,60.3,"[{""score"": ""1 - 1"", ""pct"": 12.25}, {""score"": ""0 - 1"", ""pct"": 11.25}, {""score"": ""1 - 2"", ""pct"": 8.450000000000001}]"
Algeria,Panama,Neutral,1.862,0.943,59.1,22.9,18.1,60.2,7.4,7.9,17.1,3.2,4.3,75.5,24.5,"[{""score"": ""1 - 0"", ""pct"": 12.36}, {""score"": ""2 - 1"", ""pct"": 10.32}, {""score"": ""1 - 1"", ""pct"": 10.11}]"
Algeria,Brazil,Neutral,0.755,2.19,10.2,18.6,71.2,10.2,1.9,2.5,71.0,7.1,7.2,14.6,85.4,"[{""score"": ""0 - 2"", ""pct"": 13.089999999999998}, {""score"": ""0 - 1"", ""pct"": 12.9}, {""score"": ""1 - 2"", ""pct"": 9.28}]"
Uzbekistan,United States,Neutral,0.978,1.209,28.3,30.2,41.6,28.6,5.3,8.2,41.1,6.5,10.3,42.1,57.9,"[{""score"": ""0 - 1"", ""pct"": 14.04}, {""score"": ""0 - 0"", ""pct"": 12.770000000000001}, {""score"": ""1 - 1"", ""pct"": 12.740000000000002}]"
Uzbekistan,Sweden,Neutral,0.921,1.47,22.8,27.7,49.6,21.9,4.1,6.4,50.3,7.2,10.1,32.4,67.7,"[{""score"": ""0 - 1"", ""pct"": 13.700000000000001}, {""score"": ""1 - 1"", ""pct"": 12.709999999999999}, {""score"": ""0 - 0"", ""pct"": 9.68}]"
Uzbekistan,Canada,Neutral,0.93,1.097,29.3,31.6,39.1,29.5,5.4,9.6,38.6,6.1,10.8,44.5,55.5,"[{""score"": ""0 - 1"", ""pct"": 14.67}, {""score"": ""0 - 0"", ""pct"": 14.030000000000001}, {""score"": ""1 - 1"", ""pct"": 13.59}]"
Uzbekistan,France,Neutral,0.565,1.924,9.2,20.4,70.5,9.4,2.1,2.8,69.1,7.7,8.9,14.3,85.7,"[{""score"": ""0 - 1"", ""pct"": 16.619999999999997}, {""score"": ""0 - 2"", ""pct"": 15.75}, {""score"": ""0 - 3"", ""pct"": 10.33}]"
Uzbekistan,Egypt,Neutral,0.826,1.011,28.1,33.2,38.7,27.7,5.4,9.9,38.7,6.8,11.5,43.0,57.0,"[{""score"": ""0 - 0"", ""pct"": 17.130000000000003}, {""score"": ""0 - 1"", ""pct"": 16.08}, {""score"": ""1 - 0"", ""pct"": 13.139999999999999}]"
Uzbekistan,Norway,Neutral,0.855,1.606,19.2,25.8,55.0,18.5,3.6,5.3,54.8,7.6,10.2,27.4,72.6,"[{""score"": ""0 - 1"", ""pct"": 13.919999999999998}, {""score"": ""1 - 1"", ""pct"": 11.469999999999999}, {""score"": ""0 - 2"", ""pct"": 10.100000000000001}]"
Uzbekistan,Spain,Neutral,0.524,2.325,5.8,15.1,79.1,6.0,1.1,1.7,78.5,6.5,6.3,8.8,91.2,"[{""score"": ""0 - 2"", ""pct"": 16.25}, {""score"": ""0 - 1"", ""pct"": 14.2}, {""score"": ""0 - 3"", ""pct"": 11.63}]"
Uzbekistan,Ivory Coast,Neutral,0.831,1.101,26.5,33.1,40.4,26.2,5.0,9.3,40.7,7.1,11.6,40.6,59.4,"[{""score"": ""0 - 1"", ""pct"": 15.620000000000001}, {""score"": ""0 - 0"", ""pct"": 15.540000000000001}, {""score"": ""1 - 1"", ""pct"": 13.65}]"
Uzbekistan,New Zealand,Neutral,1.191,0.629,49.4,32.4,18.3,49.1,8.0,13.6,18.6,3.5,7.3,70.6,29.4,"[{""score"": ""1 - 0"", ""pct"": 18.77}, {""score"": ""0 - 0"", ""pct"": 17.44}, {""score"": ""1 - 1"", ""pct"": 12.09}]"
Uzbekistan,Algeria,Neutral,0.947,1.359,25.9,28.2,45.9,24.9,4.7,7.2,46.6,6.7,9.8,36.9,63.1,"[{""score"": ""0 - 1"", ""pct"": 13.66}, {""score"": ""1 - 1"", ""pct"": 12.659999999999998}, {""score"": ""0 - 0"", ""pct"": 10.68}]"
Uzbekistan,Curaçao,Neutral,1.841,0.605,67.8,21.8,10.4,67.5,7.8,9.2,10.7,1.9,2.9,84.4,15.6,"[{""score"": ""1 - 0"", ""pct"": 16.35}, {""score"": ""2 - 0"", ""pct"": 14.7}, {""score"": ""1 - 1"", ""pct"": 9.46}]"
Uzbekistan,DR Congo,Neutral,0.943,0.868,34.9,34.5,30.6,34.9,6.0,12.1,30.3,5.6,11.1,52.9,47.1,"[{""score"": ""0 - 0"", ""pct"": 17.669999999999998}, {""score"": ""1 - 0"", ""pct"": 15.22}, {""score"": ""0 - 1"", ""pct"": 14.48}]"
Uzbekistan,Iraq,Neutral,1.09,0.767,42.2,33.6,24.2,42.5,6.8,12.2,25.4,4.6,8.5,61.5,38.5,"[{""score"": ""0 - 0"", ""pct"": 17.299999999999997}, {""score"": ""1 - 0"", ""pct"": 16.71}, {""score"": ""1 - 1"", ""pct"": 13.08}]"
Uzbekistan,Ghana,Neutral,1.078,0.932,37.9,31.6,30.6,37.9,6.7,10.2,30.1,5.3,9.7,54.9,45.1,"[{""score"": ""1 - 0"", ""pct"": 14.280000000000001}, {""score"": ""0 - 0"", ""pct"": 13.99}, {""score"": ""1 - 1"", ""pct"": 13.48}]"
Uzbekistan,Ecuador,Neutral,0.612,1.27,16.7,30.4,52.9,17.2,3.1,6.4,52.3,8.1,13.0,26.7,73.3,"[{""score"": ""0 - 1"", ""pct"": 20.27}, {""score"": ""0 - 0"", ""pct"": 15.98}, {""score"": ""1 - 1"", ""pct"": 11.62}]"
Uzbekistan,Cape Verde,Neutral,1.176,0.761,45.2,31.6,23.2,44.7,7.6,12.7,22.7,4.3,8.0,65.0,35.0,"[{""score"": ""1 - 0"", ""pct"": 17.24}, {""score"": ""0 - 0"", ""pct"": 15.83}, {""score"": ""1 - 1"", ""pct"": 12.36}]"
Uzbekistan,Iran,Neutral,0.797,1.194,23.6,31.8,44.5,24.1,4.3,7.6,44.6,7.3,12.0,36.0,64.0,"[{""score"": ""0 - 1"", ""pct"": 16.220000000000002}, {""score"": ""0 - 0"", ""pct"": 14.799999999999999}, {""score"": ""1 - 1"", ""pct"": 13.03}]"
Uzbekistan,Switzerland,Neutral,0.767,1.61,16.5,25.9,57.7,16.7,3.3,5.3,56.5,8.1,10.0,25.3,74.7,"[{""score"": ""0 - 1"", ""pct"": 15.39}, {""score"": ""0 - 2"", ""pct"": 11.91}, {""score"": ""1 - 1"", ""pct"": 11.24}]"
Uzbekistan,Bosnia and Herzegovina,Neutral,1.183,1.003,39.1,31.2,29.7,39.8,6.3,9.5,30.3,5.7,8.5,55.6,44.4,"[{""score"": ""1 - 0"", ""pct"": 13.450000000000001}, {""score"": ""1 - 1"", ""pct"": 13.33}, {""score"": ""0 - 0"", ""pct"": 12.58}]"
Uzbekistan,Uruguay,Neutral,0.598,1.481,13.7,26.7,59.6,13.7,2.8,5.2,59.0,8.0,11.3,21.7,78.3,"[{""score"": ""0 - 1"", ""pct"": 18.8}, {""score"": ""0 - 2"", ""pct"": 13.54}, {""score"": ""0 - 0"", ""pct"": 12.879999999999999}]"
Uzbekistan,Belgium,Neutral,0.696,1.903,11.8,21.6,66.6,12.2,2.4,3.1,66.5,7.1,8.7,17.7,82.4,"[{""score"": ""0 - 1"", ""pct"": 14.67}, {""score"": ""0 - 2"", ""pct"": 12.91}, {""score"": ""1 - 2"", ""pct"": 10.209999999999999}]"
Uzbekistan,Germany,Neutral,0.757,2.162,10.5,18.4,71.1,11.0,2.1,2.4,69.4,7.7,7.4,15.5,84.5,"[{""score"": ""0 - 2"", ""pct"": 13.089999999999998}, {""score"": ""0 - 1"", ""pct"": 12.53}, {""score"": ""1 - 2"", ""pct"": 9.700000000000001}]"
Uzbekistan,Senegal,Neutral,0.728,1.213,20.7,31.6,47.7,21.6,4.3,7.6,47.2,6.9,12.5,33.5,66.5,"[{""score"": ""0 - 1"", ""pct"": 18.0}, {""score"": ""0 - 0"", ""pct"": 15.49}, {""score"": ""1 - 1"", ""pct"": 12.559999999999999}]"
Uzbekistan,Portugal,Neutral,0.599,2.021,8.2,20.0,71.8,9.5,1.8,2.5,71.1,7.2,7.9,13.8,86.2,"[{""score"": ""0 - 1"", ""pct"": 15.659999999999998}, {""score"": ""0 - 2"", ""pct"": 14.26}, {""score"": ""0 - 3"", ""pct"": 9.94}]"
Uzbekistan,Argentina,Neutral,0.437,1.933,6.8,19.8,73.3,6.6,1.4,2.0,73.9,7.1,9.0,10.0,90.0,"[{""score"": ""0 - 1"", ""pct"": 18.86}, {""score"": ""0 - 2"", ""pct"": 17.48}, {""score"": ""0 - 3"", ""pct"": 10.79}]"
Uzbekistan,South Africa,Neutral,1.07,0.864,39.3,32.8,27.9,39.0,6.7,11.5,28.2,5.1,9.5,57.2,42.8,"[{""score"": ""0 - 0"", ""pct"": 15.39}, {""score"": ""1 - 0"", ""pct"": 14.78}, {""score"": ""1 - 1"", ""pct"": 13.94}]"
Uzbekistan,Paraguay,Neutral,0.768,1.098,24.3,32.4,43.2,24.6,4.6,8.9,42.9,6.9,12.0,38.1,61.9,"[{""score"": ""0 - 1"", ""pct"": 17.73}, {""score"": ""0 - 0"", ""pct"": 16.220000000000002}, {""score"": ""1 - 1"", ""pct"": 12.920000000000002}]"
Uzbekistan,Mexico,Neutral,0.76,1.202,22.7,31.8,45.5,21.7,4.2,7.7,46.4,7.7,12.4,33.5,66.5,"[{""score"": ""0 - 1"", ""pct"": 16.509999999999998}, {""score"": ""0 - 0"", ""pct"": 15.160000000000002}, {""score"": ""1 - 1"", ""pct"": 12.879999999999999}]"
Uzbekistan,Turkey,Neutral,0.952,1.492,22.7,27.7,49.7,23.5,4.1,6.3,48.8,7.1,10.3,33.9,66.1,"[{""score"": ""0 - 1"", ""pct"": 13.100000000000001}, {""score"": ""1 - 1"", ""pct"": 12.3}, {""score"": ""0 - 0"", ""pct"": 9.89}]"
Uzbekistan,England,Neutral,0.496,1.873,8.2,20.8,70.9,8.2,1.5,2.6,70.6,7.2,9.9,12.3,87.7,"[{""score"": ""0 - 1"", ""pct"": 18.029999999999998}, {""score"": ""0 - 2"", ""pct"": 15.86}, {""score"": ""0 - 0"", ""pct"": 10.18}]"
Uzbekistan,Qatar,Neutral,1.513,0.903,51.8,26.9,21.3,51.3,7.6,9.7,21.9,4.1,5.5,68.5,31.5,"[{""score"": ""1 - 0"", ""pct"": 14.299999999999999}, {""score"": ""1 - 1"", ""pct"": 11.87}, {""score"": ""0 - 0"", ""pct"": 10.01}]"
Uzbekistan,Colombia,Neutral,0.592,1.704,11.0,24.0,65.0,11.5,2.4,3.7,64.5,7.7,10.2,17.6,82.4,"[{""score"": ""0 - 1"", ""pct"": 17.76}, {""score"": ""0 - 2"", ""pct"": 14.48}, {""score"": ""0 - 0"", ""pct"": 11.52}]"
Uzbekistan,Czech Republic,Neutral,0.943,1.27,27.0,29.3,43.7,27.2,4.8,7.5,42.8,7.2,10.4,39.6,60.4,"[{""score"": ""0 - 1"", ""pct"": 13.969999999999999}, {""score"": ""1 - 1"", ""pct"": 12.920000000000002}, {""score"": ""0 - 0"", ""pct"": 11.84}]"
Uzbekistan,Croatia,Neutral,0.708,1.58,16.1,25.7,58.2,15.6,2.9,4.9,58.3,7.6,10.5,23.5,76.5,"[{""score"": ""0 - 1"", ""pct"": 16.45}, {""score"": ""0 - 2"", ""pct"": 12.46}, {""score"": ""0 - 0"", ""pct"": 10.870000000000001}]"
Uzbekistan,Netherlands,Neutral,0.711,1.964,11.4,21.4,67.2,11.9,2.0,3.0,67.5,7.2,8.4,16.9,83.0,"[{""score"": ""0 - 1"", ""pct"": 14.66}, {""score"": ""0 - 2"", ""pct"": 13.209999999999999}, {""score"": ""1 - 1"", ""pct"": 9.65}]"
Uzbekistan,South Korea,Neutral,0.887,1.15,27.1,32.0,40.9,27.2,5.1,8.6,41.3,6.9,10.9,41.0,59.0,"[{""score"": ""0 - 1"", ""pct"": 14.6}, {""score"": ""0 - 0"", ""pct"": 14.48}, {""score"": ""1 - 1"", ""pct"": 13.41}]"
Uzbekistan,Australia,Neutral,0.812,1.187,23.4,32.3,44.3,24.9,4.5,7.9,44.5,6.9,11.3,37.3,62.7,"[{""score"": ""0 - 1"", ""pct"": 16.3}, {""score"": ""0 - 0"", ""pct"": 15.379999999999999}, {""score"": ""1 - 1"", ""pct"": 12.950000000000001}]"
Uzbekistan,Morocco,Neutral,0.55,1.288,15.2,31.1,53.7,14.6,2.8,6.7,53.6,8.1,14.1,24.2,75.8,"[{""score"": ""0 - 1"", ""pct"": 20.03}, {""score"": ""0 - 0"", ""pct"": 17.169999999999998}, {""score"": ""0 - 2"", ""pct"": 12.76}]"
Uzbekistan,Scotland,Neutral,0.92,1.244,27.4,29.2,43.4,26.4,5.0,7.7,42.9,7.2,10.8,39.0,60.9,"[{""score"": ""0 - 1"", ""pct"": 13.99}, {""score"": ""1 - 1"", ""pct"": 12.690000000000001}, {""score"": ""0 - 0"", ""pct"": 12.1}]"
Uzbekistan,Tunisia,Neutral,0.821,0.989,27.4,34.6,38.0,28.5,5.1,10.4,37.8,6.6,11.7,43.9,56.1,"[{""score"": ""0 - 0"", ""pct"": 17.23}, {""score"": ""0 - 1"", ""pct"": 16.5}, {""score"": ""1 - 1"", ""pct"": 14.29}]"
Uzbekistan,Jordan,Neutral,1.204,0.925,41.1,31.3,27.6,42.1,6.7,10.6,27.1,5.4,8.2,59.4,40.6,"[{""score"": ""1 - 0"", ""pct"": 13.86}, {""score"": ""1 - 1"", ""pct"": 13.84}, {""score"": ""0 - 0"", ""pct"": 13.0}]"
Uzbekistan,Saudi Arabia,Neutral,1.083,0.8,41.5,33.1,25.4,40.6,6.8,12.4,26.1,4.9,9.2,59.9,40.1,"[{""score"": ""1 - 0"", ""pct"": 16.939999999999998}, {""score"": ""0 - 0"", ""pct"": 15.89}, {""score"": ""1 - 1"", ""pct"": 14.000000000000002}]"
Uzbekistan,Austria,Neutral,0.835,1.409,20.4,28.3,51.2,21.5,4.1,6.3,50.4,7.0,10.6,32.0,68.0,"[{""score"": ""0 - 1"", ""pct"": 14.89}, {""score"": ""1 - 1"", ""pct"": 12.78}, {""score"": ""0 - 0"", ""pct"": 11.33}]"
Uzbekistan,Haiti,Neutral,1.677,0.806,57.5,26.2,16.4,58.5,7.6,9.5,16.7,3.3,4.3,75.7,24.3,"[{""score"": ""1 - 0"", ""pct"": 13.99}, {""score"": ""1 - 1"", ""pct"": 11.72}, {""score"": ""2 - 0"", ""pct"": 11.53}]"
Uzbekistan,Japan,Neutral,0.775,1.433,19.5,27.8,52.8,19.1,3.8,5.8,52.3,7.9,10.9,28.8,71.2,"[{""score"": ""0 - 1"", ""pct"": 16.35}, {""score"": ""1 - 1"", ""pct"": 11.95}, {""score"": ""0 - 0"", ""pct"": 11.84}]"
Uzbekistan,Panama,Neutral,1.257,0.914,43.7,29.9,26.4,43.5,7.2,10.0,26.4,4.9,8.1,60.7,39.3,"[{""score"": ""1 - 0"", ""pct"": 14.11}, {""score"": ""1 - 1"", ""pct"": 13.170000000000002}, {""score"": ""0 - 0"", ""pct"": 12.04}]"
Uzbekistan,Brazil,Neutral,0.51,2.121,6.7,17.3,76.0,6.2,1.2,1.8,75.7,6.8,8.3,9.3,90.7,"[{""score"": ""0 - 2"", ""pct"": 16.33}, {""score"": ""0 - 1"", ""pct"": 15.65}, {""score"": ""0 - 3"", ""pct"": 11.15}]"
Curaçao,United States,Neutral,0.644,2.425,7.0,15.2,77.8,7.6,1.3,1.7,76.8,6.3,6.2,10.6,89.4,"[{""score"": ""0 - 2"", ""pct"": 13.94}, {""score"": ""0 - 1"", ""pct"": 11.899999999999999}, {""score"": ""0 - 3"", ""pct"": 11.14}]"
Curaçao,Sweden,Neutral,0.607,2.949,4.2,10.5,85.3,4.0,0.8,0.9,85.4,5.1,3.7,5.7,94.3,"[{""score"": ""0 - 2"", ""pct"": 12.82}, {""score"": ""0 - 3"", ""pct"": 12.41}, {""score"": ""0 - 1"", ""pct"": 9.16}]"
Curaçao,Canada,Neutral,0.613,2.2,7.8,17.8,74.3,7.6,1.6,2.1,74.2,7.2,7.2,11.4,88.6,"[{""score"": ""0 - 2"", ""pct"": 14.17}, {""score"": ""0 - 1"", ""pct"": 13.889999999999999}, {""score"": ""0 - 3"", ""pct"": 10.22}]"
Curaçao,France,Neutral,0.373,3.859,0.9,4.3,94.8,0.9,0.1,0.2,95.4,2.2,1.1,1.2,98.8,"[{""score"": ""0 - 3"", ""pct"": 13.669999999999998}, {""score"": ""0 - 4"", ""pct"": 13.65}, {""score"": ""0 - 2"", ""pct"": 11.08}]"
Curaçao,Egypt,Neutral,0.544,2.028,7.5,18.8,73.7,7.6,1.9,2.4,72.5,7.0,8.5,12.0,88.0,"[{""score"": ""0 - 2"", ""pct"": 16.1}, {""score"": ""0 - 1"", ""pct"": 15.43}, {""score"": ""0 - 3"", ""pct"": 10.24}]"
Curaçao,Norway,Neutral,0.563,3.221,2.8,8.6,88.7,3.0,0.6,0.6,88.6,4.4,2.8,4.2,95.8,"[{""score"": ""0 - 2"", ""pct"": 12.53}, {""score"": ""0 - 3"", ""pct"": 12.41}, {""score"": ""0 - 4"", ""pct"": 10.22}]"
Curaçao,Spain,Neutral,0.345,4.662,0.3,2.1,97.6,0.5,0.1,0.0,97.5,1.3,0.5,0.7,99.3,"[{""score"": ""0 - 4"", ""pct"": 13.79}, {""score"": ""0 - 5"", ""pct"": 11.74}, {""score"": ""0 - 3"", ""pct"": 11.1}]"
Curaçao,Ivory Coast,Neutral,0.548,2.208,7.1,17.3,75.6,7.0,1.2,1.8,75.9,6.7,7.4,10.0,90.0,"[{""score"": ""0 - 2"", ""pct"": 15.110000000000001}, {""score"": ""0 - 1"", ""pct"": 13.950000000000001}, {""score"": ""0 - 3"", ""pct"": 11.09}]"
Curaçao,New Zealand,Neutral,0.785,1.262,21.9,30.9,47.2,22.0,4.0,7.9,47.6,7.3,11.2,33.9,66.1,"[{""score"": ""0 - 1"", ""pct"": 15.98}, {""score"": ""0 - 0"", ""pct"": 14.05}, {""score"": ""1 - 1"", ""pct"": 13.07}]"
Curaçao,Algeria,Neutral,0.624,2.726,5.2,12.4,82.4,5.7,0.9,1.3,81.5,6.2,4.4,7.9,92.1,"[{""score"": ""0 - 2"", ""pct"": 13.69}, {""score"": ""0 - 3"", ""pct"": 11.690000000000001}, {""score"": ""0 - 1"", ""pct"": 10.31}]"
Curaçao,Uzbekistan,Neutral,0.605,1.841,10.5,22.5,67.0,10.9,2.1,2.9,67.2,7.3,9.7,15.8,84.2,"[{""score"": ""0 - 1"", ""pct"": 16.3}, {""score"": ""0 - 2"", ""pct"": 14.399999999999999}, {""score"": ""0 - 0"", ""pct"": 9.65}]"
Curaçao,DR Congo,Neutral,0.621,1.74,11.4,23.5,65.1,12.3,2.6,3.5,64.5,7.6,9.6,18.3,81.7,"[{""score"": ""0 - 1"", ""pct"": 16.46}, {""score"": ""0 - 2"", ""pct"": 14.49}, {""score"": ""0 - 0"", ""pct"": 10.61}]"
Curaçao,Iraq,Neutral,0.718,1.537,16.1,27.6,56.4,16.4,3.1,4.9,57.2,7.5,10.9,24.4,75.6,"[{""score"": ""0 - 1"", ""pct"": 16.29}, {""score"": ""1 - 1"", ""pct"": 12.06}, {""score"": ""0 - 2"", ""pct"": 11.97}]"
Curaçao,Ghana,Neutral,0.711,1.868,12.2,21.7,66.1,12.8,2.6,3.4,64.6,8.0,8.6,18.8,81.2,"[{""score"": ""0 - 1"", ""pct"": 14.99}, {""score"": ""0 - 2"", ""pct"": 13.320000000000002}, {""score"": ""1 - 1"", ""pct"": 9.91}]"
Curaçao,Ecuador,Neutral,0.404,2.547,3.6,12.1,84.2,3.7,0.5,0.8,84.5,5.4,5.1,4.9,95.0,"[{""score"": ""0 - 2"", ""pct"": 16.91}, {""score"": ""0 - 3"", ""pct"": 14.32}, {""score"": ""0 - 1"", ""pct"": 13.74}]"
Curaçao,Cape Verde,Neutral,0.775,1.526,18.4,27.0,54.6,17.8,3.5,5.8,55.3,7.8,9.7,27.1,72.9,"[{""score"": ""0 - 1"", ""pct"": 15.06}, {""score"": ""1 - 1"", ""pct"": 11.709999999999999}, {""score"": ""0 - 2"", ""pct"": 11.5}]"
Curaçao,Iran,Neutral,0.525,2.396,5.6,14.6,79.8,5.5,1.1,1.3,79.9,6.0,6.2,7.9,92.1,"[{""score"": ""0 - 2"", ""pct"": 15.82}, {""score"": ""0 - 1"", ""pct"": 13.52}, {""score"": ""0 - 3"", ""pct"": 11.899999999999999}]"
Curaçao,Switzerland,Neutral,0.506,3.229,2.7,7.9,89.5,2.4,0.4,0.4,89.6,4.3,2.8,3.3,96.7,"[{""score"": ""0 - 3"", ""pct"": 13.489999999999998}, {""score"": ""0 - 2"", ""pct"": 13.43}, {""score"": ""0 - 4"", ""pct"": 10.32}]"
Curaçao,Bosnia and Herzegovina,Neutral,0.78,2.011,12.8,20.2,67.0,11.9,2.5,3.2,67.0,7.5,7.8,17.7,82.3,"[{""score"": ""0 - 1"", ""pct"": 12.91}, {""score"": ""0 - 2"", ""pct"": 12.53}, {""score"": ""1 - 2"", ""pct"": 9.5}]"
Curaçao,Uruguay,Neutral,0.394,2.97,2.6,8.8,88.7,2.3,0.3,0.4,89.0,4.6,3.4,3.0,97.0,"[{""score"": ""0 - 2"", ""pct"": 15.620000000000001}, {""score"": ""0 - 3"", ""pct"": 14.91}, {""score"": ""0 - 1"", ""pct"": 11.24}]"
Curaçao,Belgium,Neutral,0.459,3.817,1.2,5.0,93.9,1.3,0.2,0.2,93.7,3.1,1.5,1.7,98.3,"[{""score"": ""0 - 3"", ""pct"": 13.07}, {""score"": ""0 - 4"", ""pct"": 11.61}, {""score"": ""0 - 2"", ""pct"": 10.69}]"
Curaçao,Germany,Neutral,0.499,4.336,0.9,4.1,95.0,1.0,0.1,0.1,95.4,2.3,1.1,1.2,98.8,"[{""score"": ""0 - 4"", ""pct"": 12.120000000000001}, {""score"": ""0 - 3"", ""pct"": 10.71}, {""score"": ""0 - 5"", ""pct"": 10.0}]"
Curaçao,Senegal,Neutral,0.48,2.432,5.1,13.5,81.4,4.9,0.8,1.3,80.7,6.6,5.9,6.9,93.1,"[{""score"": ""0 - 2"", ""pct"": 16.470000000000002}, {""score"": ""0 - 1"", ""pct"": 13.83}, {""score"": ""0 - 3"", ""pct"": 12.280000000000001}]"
Curaçao,Portugal,Neutral,0.395,4.054,0.7,3.3,95.9,0.7,0.1,0.1,95.2,2.6,1.2,1.0,99.0,"[{""score"": ""0 - 3"", ""pct"": 13.54}, {""score"": ""0 - 4"", ""pct"": 13.38}, {""score"": ""0 - 2"", ""pct"": 10.38}]"
Curaçao,Argentina,Neutral,0.288,3.878,0.6,3.5,95.9,0.6,0.1,0.1,95.9,2.1,1.3,0.8,99.2,"[{""score"": ""0 - 3"", ""pct"": 15.329999999999998}, {""score"": ""0 - 4"", ""pct"": 14.510000000000002}, {""score"": ""0 - 2"", ""pct"": 12.11}]"
Curaçao,South Africa,Neutral,0.705,1.733,13.8,24.3,61.9,14.3,2.5,3.7,62.8,7.4,9.3,20.5,79.5,"[{""score"": ""0 - 1"", ""pct"": 14.96}, {""score"": ""0 - 2"", ""pct"": 13.52}, {""score"": ""1 - 1"", ""pct"": 10.91}]"
Curaçao,Paraguay,Neutral,0.506,2.202,6.6,16.5,76.9,6.3,1.1,1.6,77.5,6.7,6.8,9.0,91.0,"[{""score"": ""0 - 2"", ""pct"": 15.790000000000001}, {""score"": ""0 - 1"", ""pct"": 15.709999999999999}, {""score"": ""0 - 3"", ""pct"": 11.43}]"
Curaçao,Mexico,Neutral,0.501,2.41,5.2,14.2,80.5,5.3,1.1,1.4,80.1,6.1,6.1,7.7,92.3,"[{""score"": ""0 - 2"", ""pct"": 15.93}, {""score"": ""0 - 1"", ""pct"": 14.02}, {""score"": ""0 - 3"", ""pct"": 12.13}]"
Curaçao,Turkey,Neutral,0.627,2.992,4.3,10.8,84.9,4.4,0.7,0.7,85.3,5.1,3.8,5.8,94.2,"[{""score"": ""0 - 3"", ""pct"": 12.04}, {""score"": ""0 - 2"", ""pct"": 11.84}, {""score"": ""0 - 4"", ""pct"": 8.62}]"
Curaçao,England,Neutral,0.327,3.756,1.0,4.1,94.9,0.9,0.1,0.1,95.0,2.5,1.3,1.1,98.9,"[{""score"": ""0 - 3"", ""pct"": 15.379999999999999}, {""score"": ""0 - 4"", ""pct"": 13.59}, {""score"": ""0 - 2"", ""pct"": 11.68}]"
Curaçao,Qatar,Neutral,0.997,1.812,20.0,23.6,56.4,19.1,3.3,4.8,57.1,7.3,8.4,27.2,72.8,"[{""score"": ""0 - 1"", ""pct"": 11.700000000000001}, {""score"": ""1 - 1"", ""pct"": 10.86}, {""score"": ""1 - 2"", ""pct"": 10.11}]"
Curaçao,Colombia,Neutral,0.39,3.417,1.4,5.8,92.8,1.5,0.2,0.2,92.9,3.1,2.1,1.9,98.1,"[{""score"": ""0 - 3"", ""pct"": 14.14}, {""score"": ""0 - 2"", ""pct"": 13.700000000000001}, {""score"": ""0 - 4"", ""pct"": 12.540000000000001}]"
Curaçao,Czech Republic,Neutral,0.622,2.546,6.6,14.2,79.3,6.0,1.0,1.3,79.8,6.3,5.5,8.3,91.7,"[{""score"": ""0 - 2"", ""pct"": 14.360000000000001}, {""score"": ""0 - 3"", ""pct"": 11.19}, {""score"": ""0 - 1"", ""pct"": 10.979999999999999}]"
Curaçao,Croatia,Neutral,0.467,3.168,2.2,8.0,89.8,2.5,0.4,0.5,90.0,4.0,2.6,3.4,96.6,"[{""score"": ""0 - 3"", ""pct"": 14.81}, {""score"": ""0 - 2"", ""pct"": 13.889999999999999}, {""score"": ""0 - 4"", ""pct"": 10.56}]"
Curaçao,Netherlands,Neutral,0.469,3.94,1.3,4.5,94.2,1.1,0.1,0.2,94.5,2.7,1.4,1.4,98.6,"[{""score"": ""0 - 3"", ""pct"": 12.78}, {""score"": ""0 - 4"", ""pct"": 11.700000000000001}, {""score"": ""0 - 2"", ""pct"": 9.91}]"
Curaçao,South Korea,Neutral,0.585,2.307,7.0,16.0,77.0,6.6,1.5,1.9,76.8,6.4,6.8,10.0,90.0,"[{""score"": ""0 - 2"", ""pct"": 14.96}, {""score"": ""0 - 1"", ""pct"": 13.61}, {""score"": ""0 - 3"", ""pct"": 11.07}]"
Curaçao,Australia,Neutral,0.535,2.38,6.0,15.4,78.6,5.8,1.0,1.4,79.4,6.4,6.0,8.2,91.8,"[{""score"": ""0 - 2"", ""pct"": 15.590000000000002}, {""score"": ""0 - 1"", ""pct"": 13.54}, {""score"": ""0 - 3"", ""pct"": 11.33}]"
Curaçao,Morocco,Neutral,0.363,2.582,3.0,11.5,85.5,3.0,0.6,0.7,85.9,5.4,4.4,4.3,95.7,"[{""score"": ""0 - 2"", ""pct"": 17.119999999999997}, {""score"": ""0 - 3"", ""pct"": 15.160000000000002}, {""score"": ""0 - 1"", ""pct"": 14.13}]"
Curaçao,Scotland,Neutral,0.607,2.495,6.3,14.5,79.3,5.9,1.2,1.6,79.5,6.4,5.4,8.7,91.3,"[{""score"": ""0 - 2"", ""pct"": 14.149999999999999}, {""score"": ""0 - 1"", ""pct"": 12.22}, {""score"": ""0 - 3"", ""pct"": 11.35}]"
Curaçao,Tunisia,Neutral,0.541,1.984,8.0,20.2,71.8,8.5,1.9,2.4,72.1,7.1,7.9,12.8,87.2,"[{""score"": ""0 - 1"", ""pct"": 16.91}, {""score"": ""0 - 2"", ""pct"": 15.590000000000002}, {""score"": ""0 - 3"", ""pct"": 9.71}]"
Curaçao,Jordan,Neutral,0.793,1.856,14.5,22.7,62.7,14.1,2.6,4.0,62.7,7.6,9.0,20.7,79.3,"[{""score"": ""0 - 1"", ""pct"": 13.420000000000002}, {""score"": ""0 - 2"", ""pct"": 11.92}, {""score"": ""1 - 1"", ""pct"": 10.24}]"
Curaçao,Saudi Arabia,Neutral,0.714,1.605,15.2,25.6,59.2,15.7,3.1,4.9,58.5,7.8,10.1,23.7,76.3,"[{""score"": ""0 - 1"", ""pct"": 16.61}, {""score"": ""0 - 2"", ""pct"": 12.02}, {""score"": ""0 - 0"", ""pct"": 10.89}]"
Curaçao,Austria,Neutral,0.55,2.826,4.2,11.4,84.4,4.4,0.8,0.8,84.7,5.0,4.3,6.0,94.0,"[{""score"": ""0 - 2"", ""pct"": 14.099999999999998}, {""score"": ""0 - 3"", ""pct"": 13.309999999999999}, {""score"": ""0 - 1"", ""pct"": 10.23}]"
Curaçao,Haiti,Neutral,1.105,1.616,24.9,26.1,48.9,25.4,4.9,5.8,48.4,7.2,8.3,36.1,63.9,"[{""score"": ""1 - 1"", ""pct"": 11.73}, {""score"": ""0 - 1"", ""pct"": 11.27}, {""score"": ""1 - 2"", ""pct"": 9.45}]"
Curaçao,Japan,Neutral,0.511,2.874,3.4,10.2,86.4,3.7,0.7,0.7,85.7,5.2,4.0,5.1,94.9,"[{""score"": ""0 - 3"", ""pct"": 13.77}, {""score"": ""0 - 2"", ""pct"": 13.69}, {""score"": ""0 - 1"", ""pct"": 10.6}]"
Curaçao,Panama,Neutral,0.829,1.833,15.6,22.6,61.8,15.2,2.9,3.8,61.5,7.6,8.9,22.0,78.0,"[{""score"": ""0 - 1"", ""pct"": 12.959999999999999}, {""score"": ""0 - 2"", ""pct"": 11.57}, {""score"": ""1 - 2"", ""pct"": 10.280000000000001}]"
Curaçao,Brazil,Neutral,0.336,4.255,0.6,2.9,96.5,0.5,0.1,0.1,96.5,2.0,0.9,0.6,99.4,"[{""score"": ""0 - 4"", ""pct"": 13.71}, {""score"": ""0 - 3"", ""pct"": 13.22}, {""score"": ""0 - 5"", ""pct"": 11.700000000000001}]"
DR Congo,United States,Neutral,0.924,1.242,27.2,29.8,43.0,27.1,5.1,7.5,42.4,7.2,10.8,39.6,60.4,"[{""score"": ""0 - 1"", ""pct"": 14.62}, {""score"": ""1 - 1"", ""pct"": 12.9}, {""score"": ""0 - 0"", ""pct"": 12.42}]"
DR Congo,Sweden,Neutral,0.871,1.51,20.3,26.7,53.1,21.2,3.9,5.9,52.1,7.4,9.6,30.9,69.1,"[{""score"": ""0 - 1"", ""pct"": 14.59}, {""score"": ""1 - 1"", ""pct"": 11.86}, {""score"": ""0 - 2"", ""pct"": 10.32}]"
DR Congo,Canada,Neutral,0.879,1.127,27.2,31.8,41.0,27.6,5.5,8.7,39.5,6.7,12.0,41.8,58.2,"[{""score"": ""0 - 1"", ""pct"": 15.75}, {""score"": ""0 - 0"", ""pct"": 14.330000000000002}, {""score"": ""1 - 1"", ""pct"": 13.489999999999998}]"
DR Congo,France,Neutral,0.535,1.977,7.9,19.5,72.6,8.1,1.8,2.3,71.8,7.7,8.4,12.2,87.8,"[{""score"": ""0 - 1"", ""pct"": 16.64}, {""score"": ""0 - 2"", ""pct"": 15.709999999999999}, {""score"": ""0 - 3"", ""pct"": 10.45}]"
DR Congo,Egypt,Neutral,0.781,1.039,25.5,34.1,40.4,26.9,5.3,9.4,39.3,6.8,12.3,41.5,58.5,"[{""score"": ""0 - 0"", ""pct"": 18.029999999999998}, {""score"": ""0 - 1"", ""pct"": 17.27}, {""score"": ""1 - 1"", ""pct"": 12.790000000000001}]"
DR Congo,Norway,Neutral,0.808,1.65,17.2,25.4,57.4,17.0,3.3,4.6,57.1,7.8,10.2,24.9,75.1,"[{""score"": ""0 - 1"", ""pct"": 14.729999999999999}, {""score"": ""0 - 2"", ""pct"": 11.42}, {""score"": ""1 - 1"", ""pct"": 10.99}]"
DR Congo,Spain,Neutral,0.495,2.388,5.5,14.9,79.6,5.4,0.9,1.4,80.2,6.2,5.9,7.7,92.3,"[{""score"": ""0 - 2"", ""pct"": 16.06}, {""score"": ""0 - 1"", ""pct"": 13.3}, {""score"": ""0 - 3"", ""pct"": 12.67}]"
DR Congo,Ivory Coast,Neutral,0.785,1.131,24.8,33.2,42.0,23.9,4.8,8.7,43.6,7.0,12.0,37.3,62.7,"[{""score"": ""0 - 1"", ""pct"": 16.189999999999998}, {""score"": ""0 - 0"", ""pct"": 16.09}, {""score"": ""1 - 1"", ""pct"": 13.56}]"
DR Congo,New Zealand,Neutral,1.126,0.646,46.8,33.4,19.8,47.2,7.5,12.7,20.7,3.9,8.1,67.4,32.6,"[{""score"": ""1 - 0"", ""pct"": 19.09}, {""score"": ""0 - 0"", ""pct"": 18.08}, {""score"": ""1 - 1"", ""pct"": 12.24}]"
DR Congo,Algeria,Neutral,0.896,1.396,22.9,28.9,48.3,23.3,4.6,6.5,48.3,7.4,9.9,34.4,65.6,"[{""score"": ""0 - 1"", ""pct"": 14.32}, {""score"": ""1 - 1"", ""pct"": 12.64}, {""score"": ""0 - 0"", ""pct"": 11.09}]"
DR Congo,Uzbekistan,Neutral,0.868,0.943,31.5,33.5,35.0,30.6,5.9,10.1,35.1,6.2,12.1,46.6,53.4,"[{""score"": ""0 - 0"", ""pct"": 17.32}, {""score"": ""0 - 1"", ""pct"": 14.940000000000001}, {""score"": ""1 - 0"", ""pct"": 14.27}]"
DR Congo,Curaçao,Neutral,1.74,0.621,64.3,23.7,12.0,64.5,7.6,10.4,11.6,2.2,3.5,82.6,17.4,"[{""score"": ""1 - 0"", ""pct"": 16.68}, {""score"": ""2 - 0"", ""pct"": 13.450000000000001}, {""score"": ""0 - 0"", ""pct"": 10.489999999999998}]"
DR Congo,Iraq,Neutral,1.03,0.787,40.6,33.2,26.2,39.7,6.6,12.6,26.8,5.0,9.2,58.9,41.1,"[{""score"": ""0 - 0"", ""pct"": 17.5}, {""score"": ""1 - 0"", ""pct"": 16.3}, {""score"": ""0 - 1"", ""pct"": 12.629999999999999}]"
DR Congo,Ghana,Neutral,1.019,0.957,35.0,32.5,32.5,34.6,6.5,10.9,31.9,5.5,10.6,52.0,48.0,"[{""score"": ""0 - 0"", ""pct"": 14.45}, {""score"": ""1 - 0"", ""pct"": 14.149999999999999}, {""score"": ""1 - 1"", ""pct"": 13.91}]"
DR Congo,Ecuador,Neutral,0.579,1.305,15.4,29.8,54.8,15.8,3.1,5.8,54.7,7.4,13.2,24.7,75.3,"[{""score"": ""0 - 1"", ""pct"": 20.150000000000002}, {""score"": ""0 - 0"", ""pct"": 16.08}, {""score"": ""0 - 2"", ""pct"": 12.85}]"
DR Congo,Cape Verde,Neutral,1.111,0.782,42.7,32.6,24.6,43.1,7.1,12.4,23.9,4.8,8.7,62.6,37.4,"[{""score"": ""1 - 0"", ""pct"": 16.43}, {""score"": ""0 - 0"", ""pct"": 15.709999999999999}, {""score"": ""1 - 1"", ""pct"": 13.3}]"
DR Congo,Iran,Neutral,0.753,1.227,21.8,31.0,47.2,22.1,4.5,7.5,45.9,8.0,12.0,34.2,65.8,"[{""score"": ""0 - 1"", ""pct"": 17.130000000000003}, {""score"": ""0 - 0"", ""pct"": 14.799999999999999}, {""score"": ""1 - 1"", ""pct"": 12.76}]"
DR Congo,Switzerland,Neutral,0.725,1.654,14.5,25.3,60.2,15.0,3.1,4.7,59.4,7.7,10.2,22.8,77.2,"[{""score"": ""0 - 1"", ""pct"": 15.58}, {""score"": ""0 - 2"", ""pct"": 12.91}, {""score"": ""1 - 1"", ""pct"": 10.870000000000001}]"
DR Congo,Bosnia and Herzegovina,Neutral,1.118,1.03,37.4,30.9,31.7,36.6,6.3,10.2,32.6,5.7,8.6,53.1,46.9,"[{""score"": ""1 - 1"", ""pct"": 13.569999999999999}, {""score"": ""1 - 0"", ""pct"": 13.059999999999999}, {""score"": ""0 - 0"", ""pct"": 12.379999999999999}]"
DR Congo,Uruguay,Neutral,0.566,1.521,12.5,27.1,60.5,13.1,2.5,4.3,60.4,7.7,12.0,19.9,80.1,"[{""score"": ""0 - 1"", ""pct"": 18.56}, {""score"": ""0 - 2"", ""pct"": 14.31}, {""score"": ""0 - 0"", ""pct"": 13.120000000000001}]"
DR Congo,Belgium,Neutral,0.658,1.955,10.7,21.4,67.9,10.8,2.0,3.1,68.4,7.1,8.7,15.8,84.2,"[{""score"": ""0 - 1"", ""pct"": 14.56}, {""score"": ""0 - 2"", ""pct"": 13.750000000000002}, {""score"": ""1 - 1"", ""pct"": 9.59}]"
DR Congo,Germany,Neutral,0.715,2.221,9.6,17.7,72.7,9.7,1.9,2.3,71.9,7.0,7.2,13.9,86.0,"[{""score"": ""0 - 2"", ""pct"": 13.36}, {""score"": ""0 - 1"", ""pct"": 12.26}, {""score"": ""1 - 2"", ""pct"": 9.54}]"
DR Congo,Senegal,Neutral,0.688,1.246,19.4,31.2,49.4,19.4,3.9,7.2,48.6,7.9,13.0,30.5,69.5,"[{""score"": ""0 - 1"", ""pct"": 17.84}, {""score"": ""0 - 0"", ""pct"": 15.67}, {""score"": ""1 - 1"", ""pct"": 12.41}]"
DR Congo,Portugal,Neutral,0.566,2.076,8.1,19.3,72.7,8.2,1.4,2.3,73.0,7.3,7.6,12.0,88.0,"[{""score"": ""0 - 1"", ""pct"": 15.64}, {""score"": ""0 - 2"", ""pct"": 14.04}, {""score"": ""0 - 3"", ""pct"": 10.09}]"
DR Congo,Argentina,Neutral,0.413,1.986,5.7,18.8,75.5,5.6,1.1,1.8,75.6,7.0,8.8,8.6,91.4,"[{""score"": ""0 - 2"", ""pct"": 18.360000000000003}, {""score"": ""0 - 1"", ""pct"": 18.279999999999998}, {""score"": ""0 - 3"", ""pct"": 11.41}]"
DR Congo,South Africa,Neutral,1.012,0.888,36.9,33.6,29.5,35.6,6.8,11.8,30.0,5.6,10.2,54.2,45.8,"[{""score"": ""0 - 0"", ""pct"": 16.509999999999998}, {""score"": ""1 - 0"", ""pct"": 14.93}, {""score"": ""1 - 1"", ""pct"": 13.52}]"
DR Congo,Paraguay,Neutral,0.726,1.128,23.1,31.9,45.1,22.6,4.3,8.3,44.8,6.9,13.0,35.3,64.7,"[{""score"": ""0 - 1"", ""pct"": 17.580000000000002}, {""score"": ""0 - 0"", ""pct"": 16.509999999999998}, {""score"": ""1 - 1"", ""pct"": 12.0}]"
DR Congo,Mexico,Neutral,0.718,1.235,20.4,31.6,48.0,20.4,4.2,7.3,48.3,7.6,12.2,31.9,68.1,"[{""score"": ""0 - 1"", ""pct"": 16.89}, {""score"": ""0 - 0"", ""pct"": 15.53}, {""score"": ""1 - 1"", ""pct"": 13.01}]"
DR Congo,Turkey,Neutral,0.9,1.532,21.1,26.2,52.6,21.2,4.0,5.5,52.5,7.2,9.6,30.7,69.3,"[{""score"": ""0 - 1"", ""pct"": 14.6}, {""score"": ""1 - 1"", ""pct"": 11.57}, {""score"": ""0 - 2"", ""pct"": 10.05}]"
DR Congo,England,Neutral,0.469,1.924,7.3,19.6,73.1,7.5,1.7,2.1,72.3,7.6,8.8,11.3,88.7,"[{""score"": ""0 - 1"", ""pct"": 17.9}, {""score"": ""0 - 2"", ""pct"": 16.72}, {""score"": ""0 - 3"", ""pct"": 11.14}]"
DR Congo,Qatar,Neutral,1.43,0.928,48.1,28.0,23.9,48.5,7.1,9.6,23.5,4.6,6.6,65.3,34.7,"[{""score"": ""1 - 0"", ""pct"": 14.42}, {""score"": ""1 - 1"", ""pct"": 12.64}, {""score"": ""0 - 0"", ""pct"": 10.6}]"
DR Congo,Colombia,Neutral,0.56,1.75,10.8,24.2,65.1,10.4,2.1,3.3,66.2,7.5,10.4,15.8,84.2,"[{""score"": ""0 - 1"", ""pct"": 17.75}, {""score"": ""0 - 2"", ""pct"": 14.540000000000001}, {""score"": ""0 - 0"", ""pct"": 11.84}]"
DR Congo,Czech Republic,Neutral,0.891,1.304,24.2,30.2,45.5,24.2,4.6,7.1,45.8,7.0,11.3,36.0,64.0,"[{""score"": ""0 - 1"", ""pct"": 14.899999999999999}, {""score"": ""1 - 1"", ""pct"": 13.370000000000001}, {""score"": ""0 - 0"", ""pct"": 12.09}]"
DR Congo,Croatia,Neutral,0.669,1.623,13.9,24.5,61.6,13.5,2.8,4.6,60.7,7.7,10.8,20.8,79.2,"[{""score"": ""0 - 1"", ""pct"": 16.84}, {""score"": ""0 - 2"", ""pct"": 12.9}, {""score"": ""0 - 0"", ""pct"": 10.97}]"
DR Congo,Netherlands,Neutral,0.673,2.018,10.4,19.9,69.7,10.7,2.0,2.9,69.2,7.1,8.1,15.7,84.3,"[{""score"": ""0 - 2"", ""pct"": 14.099999999999998}, {""score"": ""0 - 1"", ""pct"": 13.91}, {""score"": ""1 - 2"", ""pct"": 9.48}]"
DR Congo,South Korea,Neutral,0.838,1.182,25.2,32.3,42.5,25.4,4.5,8.3,43.3,6.8,11.7,38.2,61.8,"[{""score"": ""0 - 1"", ""pct"": 15.590000000000002}, {""score"": ""0 - 0"", ""pct"": 14.77}, {""score"": ""1 - 1"", ""pct"": 13.469999999999999}]"
DR Congo,Australia,Neutral,0.767,1.219,22.2,31.2,46.6,22.6,4.2,7.6,46.1,7.6,11.8,34.5,65.5,"[{""score"": ""0 - 1"", ""pct"": 16.84}, {""score"": ""0 - 0"", ""pct"": 14.24}, {""score"": ""1 - 1"", ""pct"": 13.23}]"
DR Congo,Morocco,Neutral,0.52,1.323,14.2,29.6,56.1,14.1,2.5,5.7,56.4,7.7,13.5,22.4,77.6,"[{""score"": ""0 - 1"", ""pct"": 20.830000000000002}, {""score"": ""0 - 0"", ""pct"": 16.79}, {""score"": ""0 - 2"", ""pct"": 13.63}]"
DR Congo,Scotland,Neutral,0.87,1.278,24.5,30.1,45.4,24.6,4.7,7.2,45.6,7.4,10.5,36.5,63.5,"[{""score"": ""0 - 1"", ""pct"": 14.49}, {""score"": ""1 - 1"", ""pct"": 13.36}, {""score"": ""0 - 0"", ""pct"": 12.55}]"
DR Congo,Tunisia,Neutral,0.776,1.016,26.0,33.6,40.3,26.1,5.2,9.6,40.2,6.8,12.2,40.9,59.1,"[{""score"": ""0 - 0"", ""pct"": 17.65}, {""score"": ""0 - 1"", ""pct"": 17.27}, {""score"": ""1 - 1"", ""pct"": 13.089999999999998}]"
DR Congo,Jordan,Neutral,1.138,0.95,39.3,31.4,29.3,39.0,6.7,10.2,29.7,5.3,9.2,55.8,44.2,"[{""score"": ""1 - 1"", ""pct"": 13.96}, {""score"": ""1 - 0"", ""pct"": 13.930000000000001}, {""score"": ""0 - 0"", ""pct"": 12.809999999999999}]"
DR Congo,Saudi Arabia,Neutral,1.023,0.822,39.3,34.5,26.2,39.0,6.6,12.5,27.0,5.1,9.9,58.1,41.9,"[{""score"": ""0 - 0"", ""pct"": 17.66}, {""score"": ""1 - 0"", ""pct"": 16.619999999999997}, {""score"": ""1 - 1"", ""pct"": 13.81}]"
DR Congo,Austria,Neutral,0.789,1.448,19.6,28.2,52.2,19.2,3.8,6.0,52.6,7.5,10.9,29.0,71.0,"[{""score"": ""0 - 1"", ""pct"": 15.540000000000001}, {""score"": ""1 - 1"", ""pct"": 12.25}, {""score"": ""0 - 0"", ""pct"": 11.81}]"
DR Congo,Haiti,Neutral,1.585,0.828,54.8,27.1,18.1,54.7,7.3,10.2,19.1,3.7,5.0,72.2,27.8,"[{""score"": ""1 - 0"", ""pct"": 14.360000000000001}, {""score"": ""1 - 1"", ""pct"": 11.88}, {""score"": ""2 - 0"", ""pct"": 11.219999999999999}]"
DR Congo,Japan,Neutral,0.733,1.472,16.8,28.0,55.2,17.5,3.2,5.2,54.8,7.9,11.4,25.9,74.1,"[{""score"": ""0 - 1"", ""pct"": 16.31}, {""score"": ""0 - 0"", ""pct"": 12.33}, {""score"": ""0 - 2"", ""pct"": 11.61}]"
DR Congo,Panama,Neutral,1.188,0.939,41.6,30.3,28.1,41.7,6.6,10.6,27.6,5.1,8.4,58.8,41.2,"[{""score"": ""1 - 0"", ""pct"": 14.34}, {""score"": ""1 - 1"", ""pct"": 13.23}, {""score"": ""0 - 0"", ""pct"": 12.57}]"
DR Congo,Brazil,Neutral,0.482,2.179,5.8,17.5,76.7,5.7,1.2,1.7,77.9,6.5,7.0,8.6,91.4,"[{""score"": ""0 - 2"", ""pct"": 16.6}, {""score"": ""0 - 1"", ""pct"": 16.009999999999998}, {""score"": ""0 - 3"", ""pct"": 11.42}]"
Iraq,United States,Neutral,0.816,1.436,20.0,28.6,51.3,20.4,4.0,6.2,50.9,7.8,10.7,30.5,69.5,"[{""score"": ""0 - 1"", ""pct"": 14.99}, {""score"": ""1 - 1"", ""pct"": 12.73}, {""score"": ""0 - 0"", ""pct"": 11.35}]"
Iraq,Sweden,Neutral,0.769,1.746,15.0,24.2,60.8,15.3,3.0,3.9,60.4,7.8,9.5,22.3,77.7,"[{""score"": ""0 - 1"", ""pct"": 14.499999999999998}, {""score"": ""0 - 2"", ""pct"": 12.02}, {""score"": ""1 - 1"", ""pct"": 10.32}]"
Iraq,Canada,Neutral,0.776,1.303,22.5,29.4,48.1,20.4,4.3,6.7,49.1,7.8,11.6,31.4,68.5,"[{""score"": ""0 - 1"", ""pct"": 16.45}, {""score"": ""0 - 0"", ""pct"": 13.4}, {""score"": ""1 - 1"", ""pct"": 12.3}]"
Iraq,France,Neutral,0.472,2.285,5.3,14.8,79.9,5.5,1.0,1.3,79.1,6.4,6.7,7.8,92.2,"[{""score"": ""0 - 2"", ""pct"": 16.25}, {""score"": ""0 - 1"", ""pct"": 16.12}, {""score"": ""0 - 3"", ""pct"": 12.44}]"
Iraq,Egypt,Neutral,0.69,1.201,19.7,32.3,48.0,20.6,4.0,7.7,47.7,7.3,12.7,32.4,67.6,"[{""score"": ""0 - 1"", ""pct"": 18.3}, {""score"": ""0 - 0"", ""pct"": 16.64}, {""score"": ""1 - 1"", ""pct"": 12.55}]"
Iraq,Norway,Neutral,0.714,1.907,12.4,22.1,65.5,12.1,2.6,3.5,65.1,7.8,8.8,18.3,81.7,"[{""score"": ""0 - 1"", ""pct"": 14.81}, {""score"": ""0 - 2"", ""pct"": 12.45}, {""score"": ""1 - 1"", ""pct"": 9.8}]"
Iraq,Spain,Neutral,0.437,2.76,3.4,10.4,86.2,3.0,0.5,0.6,86.0,5.4,4.5,4.0,96.0,"[{""score"": ""0 - 2"", ""pct"": 15.479999999999999}, {""score"": ""0 - 3"", ""pct"": 14.26}, {""score"": ""0 - 1"", ""pct"": 12.479999999999999}]"
Iraq,Ivory Coast,Neutral,0.694,1.307,18.3,30.8,50.9,18.8,3.8,6.7,50.7,7.5,12.4,29.4,70.6,"[{""score"": ""0 - 1"", ""pct"": 17.97}, {""score"": ""0 - 0"", ""pct"": 14.649999999999999}, {""score"": ""1 - 1"", ""pct"": 12.770000000000001}]"
Iraq,New Zealand,Neutral,0.994,0.747,39.3,35.0,25.7,40.0,6.6,13.4,25.4,5.2,9.5,59.9,40.1,"[{""score"": ""0 - 0"", ""pct"": 18.529999999999998}, {""score"": ""1 - 0"", ""pct"": 17.330000000000002}, {""score"": ""1 - 1"", ""pct"": 13.43}]"
Iraq,Algeria,Neutral,0.791,1.614,18.1,25.7,56.3,17.4,3.5,4.7,57.2,7.4,9.8,25.6,74.4,"[{""score"": ""0 - 1"", ""pct"": 14.26}, {""score"": ""1 - 1"", ""pct"": 11.19}, {""score"": ""0 - 2"", ""pct"": 10.96}]"
Iraq,Uzbekistan,Neutral,0.767,1.09,24.4,33.7,42.0,24.3,4.6,8.4,43.2,7.4,12.1,37.3,62.7,"[{""score"": ""0 - 0"", ""pct"": 17.22}, {""score"": ""0 - 1"", ""pct"": 16.939999999999998}, {""score"": ""1 - 1"", ""pct"": 13.22}]"
Iraq,Curaçao,Neutral,1.537,0.718,57.1,26.1,16.8,57.0,7.9,10.4,16.4,3.2,5.1,75.3,24.7,"[{""score"": ""1 - 0"", ""pct"": 16.34}, {""score"": ""2 - 0"", ""pct"": 12.17}, {""score"": ""0 - 0"", ""pct"": 11.32}]"
Iraq,DR Congo,Neutral,0.787,1.03,25.8,33.4,40.8,26.6,5.0,9.4,39.3,7.0,12.6,41.0,59.0,"[{""score"": ""0 - 0"", ""pct"": 17.09}, {""score"": ""0 - 1"", ""pct"": 16.73}, {""score"": ""1 - 1"", ""pct"": 13.15}]"
Iraq,Ghana,Neutral,0.9,1.106,28.8,32.7,38.5,27.9,5.6,9.6,39.6,6.0,11.1,43.2,56.8,"[{""score"": ""0 - 0"", ""pct"": 14.979999999999999}, {""score"": ""0 - 1"", ""pct"": 14.469999999999999}, {""score"": ""1 - 1"", ""pct"": 13.48}]"
Iraq,Ecuador,Neutral,0.511,1.508,11.6,26.1,62.3,11.7,2.4,4.0,62.2,7.6,12.2,18.1,81.9,"[{""score"": ""0 - 1"", ""pct"": 20.36}, {""score"": ""0 - 2"", ""pct"": 14.510000000000002}, {""score"": ""0 - 0"", ""pct"": 14.030000000000001}]"
Iraq,Cape Verde,Neutral,0.982,0.904,35.6,33.5,30.9,35.1,6.6,11.1,31.3,5.4,10.5,52.8,47.2,"[{""score"": ""0 - 0"", ""pct"": 15.9}, {""score"": ""1 - 0"", ""pct"": 14.66}, {""score"": ""0 - 1"", ""pct"": 13.66}]"
Iraq,Iran,Neutral,0.665,1.418,16.2,28.7,55.1,16.4,3.2,5.4,56.3,7.5,11.2,25.0,75.0,"[{""score"": ""0 - 1"", ""pct"": 17.82}, {""score"": ""0 - 0"", ""pct"": 13.71}, {""score"": ""0 - 2"", ""pct"": 12.72}]"
Iraq,Switzerland,Neutral,0.641,1.912,10.8,21.1,68.1,10.6,2.1,2.8,68.3,7.4,8.8,15.5,84.5,"[{""score"": ""0 - 1"", ""pct"": 15.65}, {""score"": ""0 - 2"", ""pct"": 14.04}, {""score"": ""0 - 0"", ""pct"": 9.26}]"
Iraq,Bosnia and Herzegovina,Neutral,0.988,1.191,29.7,30.8,39.5,29.7,5.6,8.5,39.6,6.8,9.8,43.8,56.2,"[{""score"": ""0 - 1"", ""pct"": 13.79}, {""score"": ""1 - 1"", ""pct"": 13.61}, {""score"": ""0 - 0"", ""pct"": 12.15}]"
Iraq,Uruguay,Neutral,0.5,1.758,9.0,22.2,68.9,9.1,1.9,2.8,68.8,7.5,9.8,13.9,86.1,"[{""score"": ""0 - 1"", ""pct"": 18.43}, {""score"": ""0 - 2"", ""pct"": 16.439999999999998}, {""score"": ""0 - 0"", ""pct"": 10.93}]"
Iraq,Belgium,Neutral,0.582,2.26,7.1,16.6,76.2,7.1,1.4,1.6,76.1,7.0,6.7,10.1,89.9,"[{""score"": ""0 - 2"", ""pct"": 15.14}, {""score"": ""0 - 1"", ""pct"": 13.94}, {""score"": ""0 - 3"", ""pct"": 10.82}]"
Iraq,Germany,Neutral,0.632,2.567,5.7,13.9,80.5,6.0,1.2,1.1,80.6,5.9,5.2,8.2,91.8,"[{""score"": ""0 - 2"", ""pct"": 13.54}, {""score"": ""0 - 3"", ""pct"": 11.52}, {""score"": ""0 - 1"", ""pct"": 11.28}]"
Iraq,Senegal,Neutral,0.608,1.44,14.1,27.8,58.2,14.6,2.6,5.4,57.9,7.3,12.2,22.6,77.4,"[{""score"": ""0 - 1"", ""pct"": 19.259999999999998}, {""score"": ""0 - 0"", ""pct"": 13.98}, {""score"": ""0 - 2"", ""pct"": 13.059999999999999}]"
Iraq,Portugal,Neutral,0.5,2.4,4.9,14.7,80.4,5.1,1.0,1.4,79.9,6.6,6.1,7.5,92.5,"[{""score"": ""0 - 2"", ""pct"": 15.920000000000002}, {""score"": ""0 - 1"", ""pct"": 14.11}, {""score"": ""0 - 3"", ""pct"": 12.26}]"
Iraq,Argentina,Neutral,0.365,2.296,3.6,14.3,82.1,3.8,0.9,0.9,82.0,6.2,6.2,5.6,94.4,"[{""score"": ""0 - 2"", ""pct"": 18.69}, {""score"": ""0 - 1"", ""pct"": 16.08}, {""score"": ""0 - 3"", ""pct"": 14.02}]"
Iraq,South Africa,Neutral,0.894,1.026,29.6,32.8,37.6,28.7,5.4,10.1,38.3,6.6,10.9,44.2,55.8,"[{""score"": ""0 - 0"", ""pct"": 15.67}, {""score"": ""0 - 1"", ""pct"": 15.620000000000001}, {""score"": ""1 - 1"", ""pct"": 13.56}]"
Iraq,Paraguay,Neutral,0.642,1.304,17.5,29.7,52.8,17.3,3.5,6.9,52.3,7.5,12.5,27.7,72.3,"[{""score"": ""0 - 1"", ""pct"": 18.9}, {""score"": ""0 - 0"", ""pct"": 14.67}, {""score"": ""0 - 2"", ""pct"": 11.98}]"
Iraq,Mexico,Neutral,0.634,1.427,14.9,28.4,56.7,15.6,3.0,5.6,56.9,7.3,11.6,24.2,75.8,"[{""score"": ""0 - 1"", ""pct"": 18.43}, {""score"": ""0 - 0"", ""pct"": 13.389999999999999}, {""score"": ""0 - 2"", ""pct"": 12.740000000000002}]"
Iraq,Turkey,Neutral,0.795,1.771,15.8,23.6,60.6,15.5,2.8,4.3,60.5,7.8,9.1,22.6,77.4,"[{""score"": ""0 - 1"", ""pct"": 13.74}, {""score"": ""0 - 2"", ""pct"": 12.34}, {""score"": ""1 - 1"", ""pct"": 10.299999999999999}]"
Iraq,England,Neutral,0.414,2.224,4.7,15.8,79.5,4.9,0.9,1.2,79.6,6.4,7.0,7.0,93.0,"[{""score"": ""0 - 2"", ""pct"": 17.76}, {""score"": ""0 - 1"", ""pct"": 16.77}, {""score"": ""0 - 3"", ""pct"": 12.4}]"
Iraq,Qatar,Neutral,1.263,1.073,39.7,30.1,30.1,39.7,6.7,9.9,30.4,5.4,7.9,56.3,43.7,"[{""score"": ""1 - 1"", ""pct"": 13.639999999999999}, {""score"": ""1 - 0"", ""pct"": 12.29}, {""score"": ""0 - 0"", ""pct"": 10.82}]"
Iraq,Colombia,Neutral,0.495,2.023,6.9,18.6,74.5,7.2,1.5,1.9,74.2,7.1,8.0,10.6,89.4,"[{""score"": ""0 - 1"", ""pct"": 16.99}, {""score"": ""0 - 2"", ""pct"": 15.939999999999998}, {""score"": ""0 - 3"", ""pct"": 11.28}]"
Iraq,Czech Republic,Neutral,0.788,1.507,18.4,27.0,54.6,18.2,3.7,5.8,53.6,8.1,10.7,27.6,72.4,"[{""score"": ""0 - 1"", ""pct"": 15.43}, {""score"": ""1 - 1"", ""pct"": 11.49}, {""score"": ""0 - 0"", ""pct"": 11.0}]"
Iraq,Croatia,Neutral,0.591,1.876,9.8,21.4,68.8,9.6,1.9,2.8,68.8,7.6,9.2,14.4,85.6,"[{""score"": ""0 - 1"", ""pct"": 16.29}, {""score"": ""0 - 2"", ""pct"": 14.610000000000001}, {""score"": ""0 - 3"", ""pct"": 9.229999999999999}]"
Iraq,Netherlands,Neutral,0.594,2.332,6.8,15.5,77.7,6.6,1.2,1.8,77.3,6.7,6.5,9.5,90.5,"[{""score"": ""0 - 2"", ""pct"": 14.27}, {""score"": ""0 - 1"", ""pct"": 13.16}, {""score"": ""0 - 3"", ""pct"": 11.65}]"
Iraq,South Korea,Neutral,0.741,1.366,19.0,29.4,51.6,19.2,3.8,6.7,51.2,8.0,11.1,29.6,70.4,"[{""score"": ""0 - 1"", ""pct"": 16.75}, {""score"": ""0 - 0"", ""pct"": 13.56}, {""score"": ""1 - 1"", ""pct"": 12.02}]"
Iraq,Australia,Neutral,0.678,1.409,16.8,28.4,54.8,17.3,3.4,5.8,54.2,7.4,11.8,26.5,73.5,"[{""score"": ""0 - 1"", ""pct"": 17.36}, {""score"": ""0 - 0"", ""pct"": 13.0}, {""score"": ""0 - 2"", ""pct"": 12.22}]"
Iraq,Morocco,Neutral,0.459,1.529,9.7,25.4,64.9,10.5,1.9,4.0,63.5,7.7,12.4,16.4,83.6,"[{""score"": ""0 - 1"", ""pct"": 21.78}, {""score"": ""0 - 2"", ""pct"": 15.590000000000002}, {""score"": ""0 - 0"", ""pct"": 14.29}]"
Iraq,Scotland,Neutral,0.769,1.477,19.1,27.4,53.5,18.2,3.6,5.8,54.1,7.5,10.7,27.6,72.4,"[{""score"": ""0 - 1"", ""pct"": 15.76}, {""score"": ""1 - 1"", ""pct"": 11.959999999999999}, {""score"": ""0 - 0"", ""pct"": 11.64}]"
Iraq,Tunisia,Neutral,0.686,1.175,20.1,32.7,47.2,20.8,4.4,7.5,46.8,7.3,13.2,32.7,67.3,"[{""score"": ""0 - 1"", ""pct"": 18.25}, {""score"": ""0 - 0"", ""pct"": 16.939999999999998}, {""score"": ""1 - 1"", ""pct"": 12.97}]"
Iraq,Jordan,Neutral,1.005,1.099,30.9,31.5,37.6,32.1,5.7,9.1,37.1,6.5,9.4,47.0,53.0,"[{""score"": ""1 - 1"", ""pct"": 13.530000000000001}, {""score"": ""0 - 1"", ""pct"": 13.320000000000002}, {""score"": ""0 - 0"", ""pct"": 13.3}]"
Iraq,Saudi Arabia,Neutral,0.904,0.95,31.9,33.4,34.8,30.8,5.6,10.8,35.4,6.3,11.0,47.3,52.7,"[{""score"": ""0 - 0"", ""pct"": 16.220000000000002}, {""score"": ""0 - 1"", ""pct"": 14.7}, {""score"": ""1 - 0"", ""pct"": 13.530000000000001}]"
Iraq,Austria,Neutral,0.697,1.673,14.2,24.7,61.1,13.9,2.8,4.3,61.4,7.8,9.9,21.0,79.0,"[{""score"": ""0 - 1"", ""pct"": 15.959999999999999}, {""score"": ""0 - 2"", ""pct"": 13.05}, {""score"": ""1 - 1"", ""pct"": 10.59}]"
Iraq,Haiti,Neutral,1.4,0.957,47.1,28.8,24.1,47.0,7.5,9.9,24.6,4.7,6.3,64.4,35.6,"[{""score"": ""1 - 0"", ""pct"": 13.700000000000001}, {""score"": ""1 - 1"", ""pct"": 13.239999999999998}, {""score"": ""0 - 0"", ""pct"": 10.12}]"
Iraq,Japan,Neutral,0.647,1.702,12.6,24.2,63.2,13.2,2.7,3.7,62.6,7.7,10.0,19.7,80.3,"[{""score"": ""0 - 1"", ""pct"": 16.89}, {""score"": ""0 - 2"", ""pct"": 13.48}, {""score"": ""0 - 0"", ""pct"": 10.82}]"
Iraq,Panama,Neutral,1.05,1.085,33.1,31.1,35.8,33.5,5.7,9.3,35.4,6.4,9.6,48.6,51.4,"[{""score"": ""1 - 1"", ""pct"": 13.34}, {""score"": ""0 - 0"", ""pct"": 12.9}, {""score"": ""0 - 1"", ""pct"": 12.72}]"
Iraq,Brazil,Neutral,0.426,2.519,4.2,13.0,82.8,4.0,0.8,0.9,82.9,6.2,5.2,5.8,94.2,"[{""score"": ""0 - 2"", ""pct"": 16.85}, {""score"": ""0 - 3"", ""pct"": 14.29}, {""score"": ""0 - 1"", ""pct"": 14.249999999999998}]"
Ghana,United States,Neutral,0.992,1.42,26.0,28.5,45.5,25.4,5.0,6.9,45.8,7.5,9.5,37.3,62.7,"[{""score"": ""1 - 1"", ""pct"": 12.709999999999999}, {""score"": ""0 - 1"", ""pct"": 12.6}, {""score"": ""0 - 0"", ""pct"": 10.01}]"
Ghana,Sweden,Neutral,0.935,1.727,19.7,25.5,54.8,18.9,3.8,4.7,56.0,7.4,9.1,27.5,72.5,"[{""score"": ""0 - 1"", ""pct"": 12.5}, {""score"": ""1 - 1"", ""pct"": 11.29}, {""score"": ""0 - 2"", ""pct"": 10.05}]"
Ghana,Canada,Neutral,0.944,1.289,26.0,29.4,44.6,26.5,4.8,7.3,43.8,6.9,10.7,38.6,61.4,"[{""score"": ""0 - 1"", ""pct"": 13.99}, {""score"": ""1 - 1"", ""pct"": 12.879999999999999}, {""score"": ""0 - 0"", ""pct"": 11.559999999999999}]"
Ghana,France,Neutral,0.574,2.26,6.7,16.7,76.6,7.3,1.3,1.9,76.5,6.6,6.4,10.5,89.5,"[{""score"": ""0 - 2"", ""pct"": 15.61}, {""score"": ""0 - 1"", ""pct"": 14.430000000000001}, {""score"": ""0 - 3"", ""pct"": 10.639999999999999}]"
Ghana,Egypt,Neutral,0.838,1.188,24.4,32.3,43.3,24.8,4.4,7.9,43.9,6.9,12.2,37.1,62.9,"[{""score"": ""0 - 1"", ""pct"": 15.64}, {""score"": ""0 - 0"", ""pct"": 14.81}, {""score"": ""1 - 1"", ""pct"": 13.54}]"
Ghana,Norway,Neutral,0.867,1.886,15.4,22.4,62.1,15.5,2.9,3.9,61.7,7.7,8.4,22.2,77.8,"[{""score"": ""0 - 1"", ""pct"": 12.5}, {""score"": ""0 - 2"", ""pct"": 11.52}, {""score"": ""1 - 1"", ""pct"": 10.190000000000001}]"
Ghana,Spain,Neutral,0.531,2.73,4.4,12.3,83.3,4.2,0.7,0.9,83.8,5.8,4.5,5.9,94.1,"[{""score"": ""0 - 2"", ""pct"": 14.92}, {""score"": ""0 - 3"", ""pct"": 12.709999999999999}, {""score"": ""0 - 1"", ""pct"": 10.99}]"
Ghana,Ivory Coast,Neutral,0.843,1.293,23.0,30.3,46.7,23.2,4.4,7.0,46.5,7.3,11.6,34.6,65.4,"[{""score"": ""0 - 1"", ""pct"": 15.53}, {""score"": ""0 - 0"", ""pct"": 13.020000000000001}, {""score"": ""1 - 1"", ""pct"": 12.75}]"
Ghana,New Zealand,Neutral,1.208,0.739,46.2,32.1,21.7,46.9,7.8,12.1,21.7,4.0,7.6,66.8,33.2,"[{""score"": ""1 - 0"", ""pct"": 16.93}, {""score"": ""0 - 0"", ""pct"": 15.6}, {""score"": ""1 - 1"", ""pct"": 13.059999999999999}]"
Ghana,Algeria,Neutral,0.962,1.596,21.9,26.1,52.0,21.1,3.9,5.8,52.1,7.6,9.4,30.9,69.1,"[{""score"": ""0 - 1"", ""pct"": 12.879999999999999}, {""score"": ""1 - 1"", ""pct"": 11.540000000000001}, {""score"": ""1 - 2"", ""pct"": 9.54}]"
Ghana,Uzbekistan,Neutral,0.932,1.078,30.2,32.1,37.7,29.8,5.7,9.4,37.9,6.4,10.8,44.9,55.1,"[{""score"": ""0 - 0"", ""pct"": 14.71}, {""score"": ""0 - 1"", ""pct"": 14.249999999999998}, {""score"": ""1 - 1"", ""pct"": 13.28}]"
Ghana,Curaçao,Neutral,1.868,0.711,64.9,22.7,12.4,65.7,7.6,9.0,12.2,2.5,3.1,82.2,17.8,"[{""score"": ""1 - 0"", ""pct"": 14.92}, {""score"": ""2 - 0"", ""pct"": 12.839999999999998}, {""score"": ""1 - 1"", ""pct"": 10.040000000000001}]"
Ghana,DR Congo,Neutral,0.957,1.019,32.1,32.5,35.4,32.2,5.6,9.3,35.6,6.0,11.3,47.1,52.9,"[{""score"": ""0 - 0"", ""pct"": 15.28}, {""score"": ""0 - 1"", ""pct"": 13.969999999999999}, {""score"": ""1 - 1"", ""pct"": 13.370000000000001}]"
Ghana,Iraq,Neutral,1.106,0.9,39.1,31.4,29.5,39.4,6.2,11.5,28.4,5.3,9.2,57.0,43.0,"[{""score"": ""1 - 0"", ""pct"": 14.6}, {""score"": ""0 - 0"", ""pct"": 14.42}, {""score"": ""1 - 1"", ""pct"": 13.059999999999999}]"
Ghana,Ecuador,Neutral,0.622,1.492,14.1,27.7,58.2,14.3,3.0,4.8,58.4,8.2,11.3,22.1,77.9,"[{""score"": ""0 - 1"", ""pct"": 18.0}, {""score"": ""0 - 0"", ""pct"": 13.83}, {""score"": ""0 - 2"", ""pct"": 13.26}]"
Ghana,Cape Verde,Neutral,1.193,0.894,43.0,30.6,26.3,42.5,7.0,11.0,26.0,5.0,8.5,60.5,39.5,"[{""score"": ""1 - 0"", ""pct"": 15.590000000000002}, {""score"": ""0 - 0"", ""pct"": 13.51}, {""score"": ""1 - 1"", ""pct"": 12.8}]"
Ghana,Iran,Neutral,0.809,1.403,20.3,28.0,51.6,20.6,3.7,6.2,51.5,7.2,10.7,30.6,69.4,"[{""score"": ""0 - 1"", ""pct"": 16.3}, {""score"": ""1 - 1"", ""pct"": 11.93}, {""score"": ""0 - 0"", ""pct"": 11.88}]"
Ghana,Switzerland,Neutral,0.778,1.891,13.3,22.6,64.1,13.2,2.7,3.5,64.8,7.5,8.3,19.4,80.6,"[{""score"": ""0 - 1"", ""pct"": 13.96}, {""score"": ""0 - 2"", ""pct"": 12.15}, {""score"": ""1 - 1"", ""pct"": 10.459999999999999}]"
Ghana,Bosnia and Herzegovina,Neutral,1.201,1.178,36.2,29.1,34.7,36.7,6.0,9.0,34.4,5.7,8.2,51.7,48.3,"[{""score"": ""1 - 1"", ""pct"": 12.76}, {""score"": ""1 - 0"", ""pct"": 11.01}, {""score"": ""0 - 1"", ""pct"": 10.67}]"
Ghana,Uruguay,Neutral,0.607,1.739,11.5,23.6,64.9,11.3,2.1,3.4,65.5,8.1,9.6,16.8,83.2,"[{""score"": ""0 - 1"", ""pct"": 16.88}, {""score"": ""0 - 2"", ""pct"": 14.24}, {""score"": ""0 - 0"", ""pct"": 10.58}]"
Ghana,Belgium,Neutral,0.707,2.235,9.9,18.5,71.6,9.2,1.9,2.1,73.0,7.1,6.8,13.1,86.9,"[{""score"": ""0 - 1"", ""pct"": 13.03}, {""score"": ""0 - 2"", ""pct"": 12.690000000000001}, {""score"": ""0 - 3"", ""pct"": 9.07}]"
Ghana,Germany,Neutral,0.768,2.54,8.5,15.3,76.2,7.9,1.7,1.8,76.0,6.6,5.9,11.4,88.6,"[{""score"": ""0 - 2"", ""pct"": 11.75}, {""score"": ""0 - 1"", ""pct"": 10.05}, {""score"": ""0 - 3"", ""pct"": 9.719999999999999}]"
Ghana,Senegal,Neutral,0.739,1.424,18.4,27.7,53.9,18.5,3.4,6.1,53.4,7.3,11.3,27.9,72.0,"[{""score"": ""0 - 1"", ""pct"": 17.04}, {""score"": ""0 - 0"", ""pct"": 12.120000000000001}, {""score"": ""1 - 1"", ""pct"": 11.97}]"
Ghana,Portugal,Neutral,0.608,2.374,6.5,15.8,77.7,6.7,1.5,1.4,77.3,6.6,6.4,9.6,90.4,"[{""score"": ""0 - 2"", ""pct"": 14.680000000000001}, {""score"": ""0 - 1"", ""pct"": 12.49}, {""score"": ""0 - 3"", ""pct"": 10.76}]"
Ghana,Argentina,Neutral,0.444,2.271,4.8,15.7,79.5,5.1,0.9,1.4,79.4,6.6,6.7,7.3,92.7,"[{""score"": ""0 - 2"", ""pct"": 16.28}, {""score"": ""0 - 1"", ""pct"": 16.27}, {""score"": ""0 - 3"", ""pct"": 12.83}]"
Ghana,South Africa,Neutral,1.086,1.015,35.6,32.5,31.9,36.3,6.4,10.2,31.8,5.9,9.4,52.9,47.1,"[{""score"": ""0 - 0"", ""pct"": 14.16}, {""score"": ""1 - 1"", ""pct"": 13.74}, {""score"": ""1 - 0"", ""pct"": 13.0}]"
Ghana,Paraguay,Neutral,0.78,1.29,21.8,29.4,48.8,22.5,3.9,6.9,48.4,7.2,11.2,33.2,66.8,"[{""score"": ""0 - 1"", ""pct"": 16.16}, {""score"": ""0 - 0"", ""pct"": 13.03}, {""score"": ""1 - 1"", ""pct"": 12.379999999999999}]"
Ghana,Mexico,Neutral,0.771,1.412,20.1,28.7,51.2,19.4,4.0,6.3,52.7,7.1,10.5,29.7,70.3,"[{""score"": ""0 - 1"", ""pct"": 15.67}, {""score"": ""1 - 1"", ""pct"": 12.41}, {""score"": ""0 - 0"", ""pct"": 12.29}]"
Ghana,Turkey,Neutral,0.966,1.752,20.0,23.8,56.2,18.9,3.8,4.7,55.9,7.9,8.8,27.4,72.7,"[{""score"": ""0 - 1"", ""pct"": 11.73}, {""score"": ""1 - 1"", ""pct"": 10.85}, {""score"": ""1 - 2"", ""pct"": 10.32}]"
Ghana,England,Neutral,0.504,2.2,5.9,16.5,77.6,6.5,1.3,1.6,77.0,6.9,6.8,9.4,90.6,"[{""score"": ""0 - 2"", ""pct"": 16.54}, {""score"": ""0 - 1"", ""pct"": 15.1}, {""score"": ""0 - 3"", ""pct"": 11.690000000000001}]"
Ghana,Qatar,Neutral,1.535,1.061,48.9,26.2,24.9,47.5,7.8,8.6,25.6,4.7,5.8,63.9,36.1,"[{""score"": ""1 - 0"", ""pct"": 12.13}, {""score"": ""1 - 1"", ""pct"": 11.81}, {""score"": ""2 - 1"", ""pct"": 9.21}]"
Ghana,Colombia,Neutral,0.601,2.001,8.7,20.0,71.3,9.1,2.1,2.4,70.6,7.0,8.8,13.6,86.4,"[{""score"": ""0 - 1"", ""pct"": 15.47}, {""score"": ""0 - 2"", ""pct"": 14.99}, {""score"": ""0 - 3"", ""pct"": 9.59}]"
Ghana,Czech Republic,Neutral,0.957,1.491,23.2,27.1,49.7,23.5,4.4,5.9,49.2,7.1,9.9,33.8,66.2,"[{""score"": ""0 - 1"", ""pct"": 13.5}, {""score"": ""1 - 1"", ""pct"": 12.17}, {""score"": ""0 - 2"", ""pct"": 9.59}]"
Ghana,Croatia,Neutral,0.719,1.855,12.5,22.7,64.7,12.2,2.2,3.6,65.5,7.6,8.8,18.1,81.9,"[{""score"": ""0 - 1"", ""pct"": 15.079999999999998}, {""score"": ""0 - 2"", ""pct"": 12.590000000000002}, {""score"": ""1 - 1"", ""pct"": 9.94}]"
Ghana,Netherlands,Neutral,0.722,2.307,9.0,16.3,74.7,9.0,1.6,2.4,73.0,7.3,6.7,13.0,87.0,"[{""score"": ""0 - 2"", ""pct"": 13.669999999999998}, {""score"": ""0 - 1"", ""pct"": 11.379999999999999}, {""score"": ""0 - 3"", ""pct"": 10.08}]"
Ghana,South Korea,Neutral,0.9,1.351,24.2,29.0,46.7,23.7,4.5,7.2,47.7,7.0,10.0,35.4,64.6,"[{""score"": ""0 - 1"", ""pct"": 14.469999999999999}, {""score"": ""1 - 1"", ""pct"": 12.46}, {""score"": ""0 - 0"", ""pct"": 11.93}]"
Ghana,Australia,Neutral,0.824,1.394,21.3,29.2,49.6,21.3,4.2,6.7,50.5,7.0,10.3,32.3,67.7,"[{""score"": ""0 - 1"", ""pct"": 15.35}, {""score"": ""0 - 0"", ""pct"": 12.42}, {""score"": ""1 - 1"", ""pct"": 12.389999999999999}]"
Ghana,Morocco,Neutral,0.558,1.512,12.7,27.3,60.1,12.8,2.7,4.4,60.9,7.7,11.5,19.9,80.1,"[{""score"": ""0 - 1"", ""pct"": 18.67}, {""score"": ""0 - 2"", ""pct"": 13.55}, {""score"": ""0 - 0"", ""pct"": 13.16}]"
Ghana,Scotland,Neutral,0.934,1.461,23.9,27.6,48.5,23.2,4.5,6.6,48.8,6.9,9.9,34.4,65.6,"[{""score"": ""0 - 1"", ""pct"": 13.209999999999999}, {""score"": ""1 - 1"", ""pct"": 11.86}, {""score"": ""0 - 0"", ""pct"": 10.43}]"
Ghana,Tunisia,Neutral,0.833,1.162,25.2,32.5,42.3,26.1,4.7,8.7,42.0,7.0,11.5,39.5,60.5,"[{""score"": ""0 - 1"", ""pct"": 15.620000000000001}, {""score"": ""0 - 0"", ""pct"": 14.829999999999998}, {""score"": ""1 - 1"", ""pct"": 13.33}]"
Ghana,Jordan,Neutral,1.222,1.087,37.7,29.2,33.1,38.7,6.9,9.7,30.8,5.5,8.4,55.3,44.7,"[{""score"": ""1 - 1"", ""pct"": 12.809999999999999}, {""score"": ""1 - 0"", ""pct"": 12.32}, {""score"": ""0 - 1"", ""pct"": 10.870000000000001}]"
Ghana,Saudi Arabia,Neutral,1.099,0.94,37.7,32.3,29.9,39.2,6.5,10.7,29.2,5.5,8.9,56.4,43.6,"[{""score"": ""1 - 0"", ""pct"": 14.37}, {""score"": ""0 - 0"", ""pct"": 14.35}, {""score"": ""1 - 1"", ""pct"": 13.69}]"
Ghana,Austria,Neutral,0.847,1.655,18.1,25.1,56.8,18.3,3.6,4.6,56.5,7.0,10.0,26.5,73.5,"[{""score"": ""0 - 1"", ""pct"": 13.700000000000001}, {""score"": ""1 - 1"", ""pct"": 11.21}, {""score"": ""0 - 2"", ""pct"": 11.0}]"
Ghana,Haiti,Neutral,1.702,0.946,54.6,25.1,20.4,55.4,7.4,9.1,19.7,3.8,4.6,71.9,28.1,"[{""score"": ""1 - 0"", ""pct"": 11.74}, {""score"": ""1 - 1"", ""pct"": 11.72}, {""score"": ""2 - 0"", ""pct"": 9.93}]"
Ghana,Japan,Neutral,0.787,1.683,15.4,24.9,59.6,15.9,3.2,4.2,58.9,7.9,9.9,23.3,76.7,"[{""score"": ""0 - 1"", ""pct"": 15.049999999999999}, {""score"": ""0 - 2"", ""pct"": 12.4}, {""score"": ""1 - 1"", ""pct"": 11.21}]"
Ghana,Panama,Neutral,1.276,1.073,40.2,29.2,30.6,39.7,6.6,9.5,30.4,5.7,8.1,55.8,44.2,"[{""score"": ""1 - 1"", ""pct"": 13.719999999999999}, {""score"": ""1 - 0"", ""pct"": 12.25}, {""score"": ""0 - 1"", ""pct"": 10.47}]"
Ghana,Brazil,Neutral,0.517,2.492,4.9,14.0,81.1,5.1,0.9,1.2,81.6,5.7,5.6,7.2,92.8,"[{""score"": ""0 - 2"", ""pct"": 16.28}, {""score"": ""0 - 1"", ""pct"": 13.23}, {""score"": ""0 - 3"", ""pct"": 12.23}]"
Ecuador,United States,Neutral,1.353,0.807,49.9,28.6,21.5,50.6,7.4,11.2,20.2,4.3,6.4,69.1,30.8,"[{""score"": ""1 - 0"", ""pct"": 15.629999999999999}, {""score"": ""0 - 0"", ""pct"": 12.41}, {""score"": ""1 - 1"", ""pct"": 12.18}]"
Ecuador,Sweden,Neutral,1.274,0.981,41.9,30.2,27.9,42.3,7.1,10.2,28.3,5.0,7.1,59.5,40.5,"[{""score"": ""1 - 0"", ""pct"": 13.11}, {""score"": ""1 - 1"", ""pct"": 12.959999999999999}, {""score"": ""0 - 0"", ""pct"": 11.92}]"
Ecuador,Canada,Neutral,1.286,0.732,49.5,30.3,20.2,49.3,7.7,11.7,20.7,4.0,6.6,68.7,31.3,"[{""score"": ""1 - 0"", ""pct"": 17.07}, {""score"": ""0 - 0"", ""pct"": 14.46}, {""score"": ""1 - 1"", ""pct"": 12.55}]"
Ecuador,France,Neutral,0.782,1.284,21.8,31.2,47.0,22.3,4.2,7.1,47.1,7.6,11.6,33.7,66.3,"[{""score"": ""0 - 1"", ""pct"": 16.150000000000002}, {""score"": ""0 - 0"", ""pct"": 13.780000000000001}, {""score"": ""1 - 1"", ""pct"": 13.41}]"
Ecuador,Egypt,Neutral,1.143,0.675,47.6,32.7,19.6,47.0,7.1,13.4,20.5,3.9,8.1,67.5,32.5,"[{""score"": ""1 - 0"", ""pct"": 19.23}, {""score"": ""0 - 0"", ""pct"": 17.740000000000002}, {""score"": ""1 - 1"", ""pct"": 12.11}]"
Ecuador,Norway,Neutral,1.183,1.071,37.4,29.8,32.8,37.5,6.6,9.4,32.0,5.9,8.5,53.6,46.4,"[{""score"": ""1 - 1"", ""pct"": 13.100000000000001}, {""score"": ""1 - 0"", ""pct"": 12.08}, {""score"": ""0 - 0"", ""pct"": 11.41}]"
Ecuador,Spain,Neutral,0.724,1.551,16.3,26.4,57.2,16.1,3.1,5.1,57.5,7.7,10.5,24.3,75.7,"[{""score"": ""0 - 1"", ""pct"": 16.41}, {""score"": ""0 - 2"", ""pct"": 11.62}, {""score"": ""1 - 1"", ""pct"": 11.61}]"
Ecuador,Ivory Coast,Neutral,1.15,0.735,44.4,32.8,22.8,44.8,7.4,12.7,22.2,4.4,8.6,64.8,35.2,"[{""score"": ""1 - 0"", ""pct"": 17.21}, {""score"": ""0 - 0"", ""pct"": 16.580000000000002}, {""score"": ""1 - 1"", ""pct"": 12.989999999999998}]"
Ecuador,New Zealand,Neutral,1.648,0.42,68.9,23.3,7.7,68.1,7.8,10.9,8.1,1.9,3.1,86.8,13.2,"[{""score"": ""1 - 0"", ""pct"": 21.85}, {""score"": ""2 - 0"", ""pct"": 17.41}, {""score"": ""0 - 0"", ""pct"": 13.76}]"
Ecuador,Algeria,Neutral,1.311,0.907,45.9,30.1,24.0,45.3,7.8,10.2,24.9,4.4,7.4,63.3,36.7,"[{""score"": ""1 - 0"", ""pct"": 14.7}, {""score"": ""1 - 1"", ""pct"": 13.469999999999999}, {""score"": ""0 - 0"", ""pct"": 11.86}]"
Ecuador,Uzbekistan,Neutral,1.27,0.612,52.0,30.7,17.3,52.5,6.7,13.7,16.8,3.7,6.6,72.9,27.1,"[{""score"": ""1 - 0"", ""pct"": 19.93}, {""score"": ""0 - 0"", ""pct"": 16.27}, {""score"": ""2 - 0"", ""pct"": 11.700000000000001}]"
Ecuador,Curaçao,Neutral,2.547,0.404,84.3,12.2,3.5,85.2,5.3,4.9,3.2,0.6,0.7,95.4,4.6,"[{""score"": ""2 - 0"", ""pct"": 17.380000000000003}, {""score"": ""1 - 0"", ""pct"": 14.77}, {""score"": ""3 - 0"", ""pct"": 14.12}]"
Ecuador,DR Congo,Neutral,1.305,0.579,54.8,30.1,15.1,54.9,7.3,13.2,15.5,3.3,5.7,75.5,24.5,"[{""score"": ""1 - 0"", ""pct"": 20.03}, {""score"": ""0 - 0"", ""pct"": 16.189999999999998}, {""score"": ""2 - 0"", ""pct"": 12.22}]"
Ecuador,Iraq,Neutral,1.508,0.511,61.9,26.9,11.2,61.9,8.1,12.5,10.9,2.4,4.2,82.6,17.4,"[{""score"": ""1 - 0"", ""pct"": 20.560000000000002}, {""score"": ""0 - 0"", ""pct"": 14.21}, {""score"": ""2 - 0"", ""pct"": 14.17}]"
Ecuador,Ghana,Neutral,1.492,0.622,58.1,27.7,14.2,57.8,8.0,11.8,14.5,2.7,5.2,77.6,22.4,"[{""score"": ""1 - 0"", ""pct"": 17.78}, {""score"": ""0 - 0"", ""pct"": 13.22}, {""score"": ""2 - 0"", ""pct"": 13.18}]"
Ecuador,Cape Verde,Neutral,1.626,0.508,64.7,25.2,10.1,65.7,7.6,10.9,10.5,1.9,3.4,84.2,15.8,"[{""score"": ""1 - 0"", ""pct"": 19.18}, {""score"": ""2 - 0"", ""pct"": 15.32}, {""score"": ""0 - 0"", ""pct"": 13.41}]"
Ecuador,Iran,Neutral,1.102,0.797,42.7,32.4,25.0,42.3,6.7,11.8,24.8,5.2,9.2,60.8,39.2,"[{""score"": ""1 - 0"", ""pct"": 16.650000000000002}, {""score"": ""0 - 0"", ""pct"": 16.29}, {""score"": ""1 - 1"", ""pct"": 12.740000000000002}]"
Ecuador,Switzerland,Neutral,1.061,1.074,33.9,30.9,35.2,34.0,6.0,9.6,34.8,6.0,9.5,49.7,50.3,"[{""score"": ""1 - 1"", ""pct"": 13.48}, {""score"": ""0 - 1"", ""pct"": 13.05}, {""score"": ""0 - 0"", ""pct"": 13.01}]"
Ecuador,Bosnia and Herzegovina,Neutral,1.637,0.669,60.9,24.9,14.2,62.0,7.5,10.0,13.7,2.7,4.1,79.5,20.5,"[{""score"": ""1 - 0"", ""pct"": 16.09}, {""score"": ""2 - 0"", ""pct"": 13.41}, {""score"": ""1 - 1"", ""pct"": 10.97}]"
Ecuador,Uruguay,Neutral,0.828,0.988,28.0,34.8,37.2,28.3,5.2,10.2,37.0,6.6,12.7,43.7,56.3,"[{""score"": ""0 - 0"", ""pct"": 17.48}, {""score"": ""0 - 1"", ""pct"": 15.879999999999999}, {""score"": ""1 - 1"", ""pct"": 13.900000000000002}]"
Ecuador,Belgium,Neutral,0.963,1.27,28.5,28.9,42.6,27.5,5.1,7.5,43.0,6.9,10.1,40.0,60.0,"[{""score"": ""0 - 1"", ""pct"": 13.750000000000002}, {""score"": ""1 - 1"", ""pct"": 12.389999999999999}, {""score"": ""0 - 0"", ""pct"": 11.23}]"
Ecuador,Germany,Neutral,1.047,1.443,26.9,27.6,45.5,26.5,4.8,6.7,45.7,7.0,9.3,38.0,62.0,"[{""score"": ""1 - 1"", ""pct"": 12.58}, {""score"": ""0 - 1"", ""pct"": 11.99}, {""score"": ""1 - 2"", ""pct"": 9.62}]"
Ecuador,Senegal,Neutral,1.008,0.809,38.4,34.6,27.1,39.3,6.3,12.6,27.4,5.0,9.5,58.1,41.9,"[{""score"": ""0 - 0"", ""pct"": 17.34}, {""score"": ""1 - 0"", ""pct"": 16.669999999999998}, {""score"": ""1 - 1"", ""pct"": 13.68}]"
Ecuador,Portugal,Neutral,0.829,1.349,21.8,29.2,49.0,22.3,4.2,6.6,48.7,7.4,10.8,33.1,66.9,"[{""score"": ""0 - 1"", ""pct"": 15.740000000000002}, {""score"": ""1 - 1"", ""pct"": 12.61}, {""score"": ""0 - 0"", ""pct"": 12.47}]"
Ecuador,Argentina,Neutral,0.605,1.29,16.2,31.2,52.6,16.9,3.5,5.8,53.3,7.8,12.8,26.1,73.9,"[{""score"": ""0 - 1"", ""pct"": 19.67}, {""score"": ""0 - 0"", ""pct"": 16.5}, {""score"": ""1 - 1"", ""pct"": 12.11}]"
Ecuador,South Africa,Neutral,1.481,0.577,59.7,27.4,13.0,59.0,7.7,11.9,13.5,3.1,4.7,78.7,21.3,"[{""score"": ""1 - 0"", ""pct"": 19.07}, {""score"": ""2 - 0"", ""pct"": 13.819999999999999}, {""score"": ""0 - 0"", ""pct"": 13.71}]"
Ecuador,Paraguay,Neutral,1.063,0.733,42.6,33.7,23.6,42.5,7.0,12.8,23.9,4.4,9.3,62.3,37.7,"[{""score"": ""1 - 0"", ""pct"": 17.72}, {""score"": ""0 - 0"", ""pct"": 17.580000000000002}, {""score"": ""1 - 1"", ""pct"": 13.05}]"
Ecuador,Mexico,Neutral,1.051,0.802,40.2,33.0,26.9,40.6,7.0,12.2,25.6,5.0,9.7,59.8,40.2,"[{""score"": ""0 - 0"", ""pct"": 16.73}, {""score"": ""1 - 0"", ""pct"": 16.53}, {""score"": ""1 - 1"", ""pct"": 12.950000000000001}]"
Ecuador,Turkey,Neutral,1.317,0.995,44.4,29.4,26.2,43.7,7.0,10.1,26.5,5.3,7.4,60.9,39.2,"[{""score"": ""1 - 1"", ""pct"": 13.370000000000001}, {""score"": ""1 - 0"", ""pct"": 13.18}, {""score"": ""0 - 0"", ""pct"": 10.86}]"
Ecuador,England,Neutral,0.687,1.25,19.3,30.8,49.8,19.0,4.0,7.2,49.7,7.5,12.7,30.2,69.8,"[{""score"": ""0 - 1"", ""pct"": 17.94}, {""score"": ""0 - 0"", ""pct"": 15.58}, {""score"": ""1 - 1"", ""pct"": 12.29}]"
Ecuador,Qatar,Neutral,2.093,0.603,71.7,19.8,8.5,72.5,7.1,8.0,8.5,1.7,2.3,87.6,12.4,"[{""score"": ""1 - 0"", ""pct"": 14.649999999999999}, {""score"": ""2 - 0"", ""pct"": 13.91}, {""score"": ""3 - 0"", ""pct"": 10.23}]"
Ecuador,Colombia,Neutral,0.819,1.137,25.1,32.5,42.4,25.3,4.7,8.7,42.6,6.7,11.9,38.7,61.3,"[{""score"": ""0 - 1"", ""pct"": 15.909999999999998}, {""score"": ""0 - 0"", ""pct"": 15.190000000000001}, {""score"": ""1 - 1"", ""pct"": 13.41}]"
Ecuador,Czech Republic,Neutral,1.305,0.847,47.0,30.8,22.2,47.5,7.2,10.9,23.1,4.3,6.9,65.6,34.4,"[{""score"": ""1 - 0"", ""pct"": 15.39}, {""score"": ""0 - 0"", ""pct"": 13.469999999999999}, {""score"": ""1 - 1"", ""pct"": 12.7}]"
Ecuador,Croatia,Neutral,0.98,1.054,31.6,31.6,36.8,31.9,5.7,10.5,35.7,6.2,9.9,48.1,51.8,"[{""score"": ""0 - 1"", ""pct"": 14.05}, {""score"": ""0 - 0"", ""pct"": 13.919999999999998}, {""score"": ""1 - 1"", ""pct"": 13.38}]"
Ecuador,Netherlands,Neutral,0.984,1.311,26.6,29.7,43.7,26.0,4.7,7.8,44.1,7.4,10.0,38.5,61.5,"[{""score"": ""0 - 1"", ""pct"": 14.02}, {""score"": ""1 - 1"", ""pct"": 13.19}, {""score"": ""0 - 0"", ""pct"": 11.200000000000001}]"
Ecuador,South Korea,Neutral,1.227,0.768,46.4,31.4,22.2,46.8,7.2,11.6,22.7,4.2,7.6,65.5,34.5,"[{""score"": ""1 - 0"", ""pct"": 16.84}, {""score"": ""0 - 0"", ""pct"": 14.540000000000001}, {""score"": ""1 - 1"", ""pct"": 12.98}]"
Ecuador,Australia,Neutral,1.123,0.792,42.5,32.3,25.2,42.9,7.1,11.8,24.5,4.6,9.1,61.8,38.2,"[{""score"": ""1 - 0"", ""pct"": 16.439999999999998}, {""score"": ""0 - 0"", ""pct"": 16.08}, {""score"": ""1 - 1"", ""pct"": 12.809999999999999}]"
Ecuador,Morocco,Neutral,0.761,0.859,29.2,36.1,34.6,29.4,5.4,11.6,34.4,6.3,12.9,46.4,53.6,"[{""score"": ""0 - 0"", ""pct"": 20.630000000000003}, {""score"": ""0 - 1"", ""pct"": 16.06}, {""score"": ""1 - 0"", ""pct"": 15.040000000000001}]"
Ecuador,Scotland,Neutral,1.273,0.83,46.0,29.6,24.3,46.4,7.3,11.5,23.2,4.2,7.4,65.2,34.8,"[{""score"": ""1 - 0"", ""pct"": 15.6}, {""score"": ""0 - 0"", ""pct"": 12.950000000000001}, {""score"": ""1 - 1"", ""pct"": 12.45}]"
Ecuador,Tunisia,Neutral,1.136,0.66,46.9,33.0,20.1,47.0,7.3,12.6,20.6,4.4,8.1,66.9,33.1,"[{""score"": ""1 - 0"", ""pct"": 18.81}, {""score"": ""0 - 0"", ""pct"": 18.01}, {""score"": ""1 - 1"", ""pct"": 12.21}]"
Ecuador,Jordan,Neutral,1.666,0.617,62.1,25.1,12.8,63.7,7.3,10.6,12.2,2.2,4.0,81.6,18.4,"[{""score"": ""1 - 0"", ""pct"": 17.62}, {""score"": ""2 - 0"", ""pct"": 13.04}, {""score"": ""0 - 0"", ""pct"": 11.61}]"
Ecuador,Saudi Arabia,Neutral,1.498,0.534,60.7,27.3,12.0,60.5,7.9,12.7,12.1,2.6,4.2,81.2,18.9,"[{""score"": ""1 - 0"", ""pct"": 19.55}, {""score"": ""2 - 0"", ""pct"": 14.549999999999999}, {""score"": ""0 - 0"", ""pct"": 14.08}]"
Ecuador,Austria,Neutral,1.155,0.94,40.5,31.5,28.1,39.4,7.0,10.3,28.8,5.6,8.8,56.7,43.3,"[{""score"": ""1 - 0"", ""pct"": 14.299999999999999}, {""score"": ""0 - 0"", ""pct"": 13.66}, {""score"": ""1 - 1"", ""pct"": 13.26}]"
Ecuador,Haiti,Neutral,2.32,0.538,78.5,15.4,6.0,77.7,6.6,6.6,6.1,1.3,1.7,90.9,9.1,"[{""score"": ""2 - 0"", ""pct"": 15.329999999999998}, {""score"": ""1 - 0"", ""pct"": 13.55}, {""score"": ""3 - 0"", ""pct"": 11.59}]"
Ecuador,Japan,Neutral,1.073,0.956,37.6,31.8,30.6,37.5,6.5,10.4,30.5,5.8,9.4,54.3,45.7,"[{""score"": ""0 - 0"", ""pct"": 14.62}, {""score"": ""1 - 0"", ""pct"": 14.05}, {""score"": ""1 - 1"", ""pct"": 13.05}]"
Ecuador,Panama,Neutral,1.74,0.61,64.5,24.1,11.4,64.8,7.5,9.7,11.9,2.1,4.0,82.0,18.0,"[{""score"": ""1 - 0"", ""pct"": 16.81}, {""score"": ""2 - 0"", ""pct"": 14.26}, {""score"": ""0 - 0"", ""pct"": 10.440000000000001}]"
Ecuador,Brazil,Neutral,0.705,1.415,17.3,28.9,53.8,17.2,3.8,5.5,54.0,7.6,11.9,26.5,73.5,"[{""score"": ""0 - 1"", ""pct"": 17.01}, {""score"": ""0 - 0"", ""pct"": 13.170000000000002}, {""score"": ""1 - 1"", ""pct"": 12.06}]"
Cape Verde,United States,Neutral,0.81,1.548,18.4,26.5,55.1,18.0,3.5,5.4,55.5,7.9,9.8,26.8,73.2,"[{""score"": ""0 - 1"", ""pct"": 14.95}, {""score"": ""1 - 1"", ""pct"": 11.540000000000001}, {""score"": ""0 - 2"", ""pct"": 11.33}]"
Cape Verde,Sweden,Neutral,0.764,1.883,13.2,22.1,64.7,12.7,2.6,3.7,64.3,7.7,9.0,19.0,81.0,"[{""score"": ""0 - 1"", ""pct"": 13.52}, {""score"": ""0 - 2"", ""pct"": 11.78}, {""score"": ""1 - 1"", ""pct"": 9.93}]"
Cape Verde,Canada,Neutral,0.771,1.405,20.0,28.6,51.4,18.8,4.2,6.2,51.7,8.1,11.1,29.1,70.9,"[{""score"": ""0 - 1"", ""pct"": 16.13}, {""score"": ""0 - 0"", ""pct"": 12.709999999999999}, {""score"": ""1 - 1"", ""pct"": 11.78}]"
Cape Verde,France,Neutral,0.469,2.464,4.3,13.3,82.3,4.4,0.7,0.9,82.3,6.1,5.6,6.0,94.0,"[{""score"": ""0 - 2"", ""pct"": 15.72}, {""score"": ""0 - 1"", ""pct"": 13.87}, {""score"": ""0 - 3"", ""pct"": 13.270000000000001}]"
Cape Verde,Egypt,Neutral,0.685,1.295,18.6,31.3,50.1,18.7,3.8,6.4,51.4,7.7,12.1,28.9,71.2,"[{""score"": ""0 - 1"", ""pct"": 17.560000000000002}, {""score"": ""0 - 0"", ""pct"": 15.5}, {""score"": ""1 - 1"", ""pct"": 12.520000000000001}]"
Cape Verde,Norway,Neutral,0.709,2.057,10.6,19.7,69.6,11.0,1.9,2.5,69.4,7.5,7.6,15.5,84.5,"[{""score"": ""0 - 2"", ""pct"": 13.750000000000002}, {""score"": ""0 - 1"", ""pct"": 13.459999999999999}, {""score"": ""1 - 2"", ""pct"": 9.36}]"
Cape Verde,Spain,Neutral,0.434,2.977,2.4,9.5,88.2,2.5,0.4,0.5,88.7,4.6,3.4,3.3,96.7,"[{""score"": ""0 - 2"", ""pct"": 15.409999999999998}, {""score"": ""0 - 3"", ""pct"": 14.149999999999999}, {""score"": ""0 - 1"", ""pct"": 10.69}]"
Cape Verde,Ivory Coast,Neutral,0.689,1.41,17.1,28.5,54.4,16.8,3.1,5.9,54.7,8.0,11.5,25.8,74.2,"[{""score"": ""0 - 1"", ""pct"": 16.830000000000002}, {""score"": ""0 - 0"", ""pct"": 12.83}, {""score"": ""0 - 2"", ""pct"": 12.24}]"
Cape Verde,New Zealand,Neutral,0.987,0.806,38.1,34.0,27.8,38.4,6.2,12.3,27.4,5.3,10.3,56.9,43.1,"[{""score"": ""0 - 0"", ""pct"": 17.49}, {""score"": ""1 - 0"", ""pct"": 16.79}, {""score"": ""0 - 1"", ""pct"": 13.43}]"
Cape Verde,Algeria,Neutral,0.785,1.741,16.0,24.0,60.1,15.2,3.2,4.3,59.9,7.8,9.6,22.7,77.3,"[{""score"": ""0 - 1"", ""pct"": 13.900000000000002}, {""score"": ""0 - 2"", ""pct"": 12.139999999999999}, {""score"": ""1 - 1"", ""pct"": 10.52}]"
Cape Verde,Uzbekistan,Neutral,0.761,1.176,22.8,32.1,45.1,22.8,4.3,8.3,45.1,6.9,12.6,35.4,64.6,"[{""score"": ""0 - 1"", ""pct"": 17.06}, {""score"": ""0 - 0"", ""pct"": 15.190000000000001}, {""score"": ""1 - 1"", ""pct"": 13.34}]"
Cape Verde,Curaçao,Neutral,1.526,0.775,55.0,26.6,18.4,55.2,7.6,10.2,17.8,3.7,5.5,73.0,27.0,"[{""score"": ""1 - 0"", ""pct"": 15.58}, {""score"": ""2 - 0"", ""pct"": 11.68}, {""score"": ""1 - 1"", ""pct"": 11.62}]"
Cape Verde,DR Congo,Neutral,0.782,1.111,23.6,33.0,43.4,24.7,4.6,8.6,42.3,7.3,12.5,37.9,62.1,"[{""score"": ""0 - 1"", ""pct"": 17.05}, {""score"": ""0 - 0"", ""pct"": 16.03}, {""score"": ""1 - 1"", ""pct"": 13.059999999999999}]"
Cape Verde,Iraq,Neutral,0.904,0.982,31.0,32.6,36.4,30.9,5.8,10.7,35.6,6.4,10.6,47.4,52.6,"[{""score"": ""0 - 0"", ""pct"": 15.86}, {""score"": ""0 - 1"", ""pct"": 15.15}, {""score"": ""1 - 0"", ""pct"": 13.270000000000001}]"
Cape Verde,Ghana,Neutral,0.894,1.193,25.8,31.5,42.7,27.0,5.2,7.8,41.9,7.1,10.9,40.0,60.0,"[{""score"": ""0 - 1"", ""pct"": 14.7}, {""score"": ""0 - 0"", ""pct"": 13.900000000000002}, {""score"": ""1 - 1"", ""pct"": 13.41}]"
Cape Verde,Ecuador,Neutral,0.508,1.626,10.5,24.6,64.9,10.2,1.9,3.5,65.7,7.6,11.1,15.6,84.4,"[{""score"": ""0 - 1"", ""pct"": 19.46}, {""score"": ""0 - 2"", ""pct"": 15.620000000000001}, {""score"": ""0 - 0"", ""pct"": 12.61}]"
Cape Verde,Iran,Neutral,0.661,1.53,14.8,26.6,58.6,15.3,2.9,4.7,58.3,7.5,11.3,23.0,77.0,"[{""score"": ""0 - 1"", ""pct"": 18.060000000000002}, {""score"": ""0 - 2"", ""pct"": 12.870000000000001}, {""score"": ""0 - 0"", ""pct"": 12.53}]"
Cape Verde,Switzerland,Neutral,0.636,2.062,9.3,19.8,70.9,9.6,1.9,2.3,70.9,7.1,8.2,13.8,86.2,"[{""score"": ""0 - 1"", ""pct"": 14.879999999999999}, {""score"": ""0 - 2"", ""pct"": 14.38}, {""score"": ""0 - 3"", ""pct"": 9.15}]"
Cape Verde,Bosnia and Herzegovina,Neutral,0.981,1.284,27.2,30.2,42.6,25.6,5.6,7.6,43.4,7.2,10.5,38.9,61.1,"[{""score"": ""1 - 1"", ""pct"": 13.38}, {""score"": ""0 - 1"", ""pct"": 12.959999999999999}, {""score"": ""0 - 0"", ""pct"": 11.62}]"
Cape Verde,Uruguay,Neutral,0.496,1.896,7.5,21.5,71.0,7.8,1.5,2.3,72.3,7.2,8.9,11.6,88.4,"[{""score"": ""0 - 1"", ""pct"": 17.88}, {""score"": ""0 - 2"", ""pct"": 16.3}, {""score"": ""0 - 0"", ""pct"": 10.48}]"
Cape Verde,Belgium,Neutral,0.577,2.437,6.0,15.5,78.4,6.2,1.0,1.2,79.1,6.5,6.0,8.4,91.6,"[{""score"": ""0 - 2"", ""pct"": 15.040000000000001}, {""score"": ""0 - 1"", ""pct"": 12.889999999999999}, {""score"": ""0 - 3"", ""pct"": 11.66}]"
Cape Verde,Germany,Neutral,0.627,2.769,5.2,12.3,82.5,5.1,1.0,1.1,82.4,5.8,4.7,7.2,92.8,"[{""score"": ""0 - 2"", ""pct"": 12.75}, {""score"": ""0 - 3"", ""pct"": 12.46}, {""score"": ""0 - 1"", ""pct"": 9.49}]"
Cape Verde,Senegal,Neutral,0.604,1.553,12.8,25.7,61.5,13.0,2.4,4.5,61.4,7.7,11.0,19.9,80.1,"[{""score"": ""0 - 1"", ""pct"": 18.83}, {""score"": ""0 - 2"", ""pct"": 13.170000000000002}, {""score"": ""0 - 0"", ""pct"": 12.15}]"
Cape Verde,Portugal,Neutral,0.496,2.588,4.1,12.7,83.2,4.6,0.9,0.9,82.4,6.0,5.3,6.3,93.7,"[{""score"": ""0 - 2"", ""pct"": 15.509999999999998}, {""score"": ""0 - 3"", ""pct"": 13.309999999999999}, {""score"": ""0 - 1"", ""pct"": 11.99}]"
Cape Verde,Argentina,Neutral,0.362,2.476,3.1,12.1,84.7,3.1,0.6,0.9,84.7,5.4,5.4,4.6,95.4,"[{""score"": ""0 - 2"", ""pct"": 18.75}, {""score"": ""0 - 1"", ""pct"": 15.45}, {""score"": ""0 - 3"", ""pct"": 14.530000000000001}]"
Cape Verde,South Africa,Neutral,0.887,1.107,26.7,32.2,41.0,28.2,4.8,8.8,40.2,7.0,11.1,41.7,58.3,"[{""score"": ""0 - 1"", ""pct"": 15.65}, {""score"": ""0 - 0"", ""pct"": 14.790000000000001}, {""score"": ""1 - 1"", ""pct"": 13.23}]"
Cape Verde,Paraguay,Neutral,0.637,1.406,15.7,28.1,56.2,15.2,3.4,5.8,55.3,8.1,12.2,24.4,75.6,"[{""score"": ""0 - 1"", ""pct"": 18.279999999999998}, {""score"": ""0 - 0"", ""pct"": 13.61}, {""score"": ""0 - 2"", ""pct"": 12.920000000000002}]"
Cape Verde,Mexico,Neutral,0.63,1.539,14.0,26.7,59.3,14.0,3.0,4.7,59.6,7.8,10.9,21.7,78.3,"[{""score"": ""0 - 1"", ""pct"": 17.8}, {""score"": ""0 - 2"", ""pct"": 13.450000000000001}, {""score"": ""0 - 0"", ""pct"": 12.540000000000001}]"
Cape Verde,Turkey,Neutral,0.789,1.911,13.6,22.5,64.0,14.1,2.6,3.4,64.3,7.4,8.4,20.0,80.0,"[{""score"": ""0 - 1"", ""pct"": 13.62}, {""score"": ""0 - 2"", ""pct"": 12.43}, {""score"": ""1 - 1"", ""pct"": 9.83}]"
Cape Verde,England,Neutral,0.411,2.398,4.1,13.5,82.4,4.1,0.9,1.0,82.7,5.5,5.8,5.9,94.1,"[{""score"": ""0 - 2"", ""pct"": 18.240000000000002}, {""score"": ""0 - 1"", ""pct"": 14.77}, {""score"": ""0 - 3"", ""pct"": 13.22}]"
Cape Verde,Qatar,Neutral,1.254,1.157,38.4,28.3,33.3,38.0,6.4,8.5,32.8,5.8,8.6,52.8,47.2,"[{""score"": ""1 - 1"", ""pct"": 13.08}, {""score"": ""1 - 0"", ""pct"": 11.25}, {""score"": ""0 - 1"", ""pct"": 11.1}]"
Cape Verde,Colombia,Neutral,0.491,2.182,6.4,17.2,76.5,6.4,1.1,1.8,77.7,6.4,6.7,9.2,90.8,"[{""score"": ""0 - 2"", ""pct"": 16.77}, {""score"": ""0 - 1"", ""pct"": 15.06}, {""score"": ""0 - 3"", ""pct"": 11.44}]"
Cape Verde,Czech Republic,Neutral,0.782,1.626,16.9,25.7,57.4,16.5,3.2,4.9,57.4,7.9,10.2,24.6,75.4,"[{""score"": ""0 - 1"", ""pct"": 14.93}, {""score"": ""0 - 2"", ""pct"": 11.74}, {""score"": ""1 - 1"", ""pct"": 11.29}]"
Cape Verde,Croatia,Neutral,0.587,2.023,8.9,19.0,72.1,8.0,1.7,2.3,72.7,7.2,8.2,12.0,88.0,"[{""score"": ""0 - 1"", ""pct"": 15.370000000000001}, {""score"": ""0 - 2"", ""pct"": 14.360000000000001}, {""score"": ""0 - 3"", ""pct"": 9.86}]"
Cape Verde,Netherlands,Neutral,0.59,2.516,5.7,14.1,80.2,5.7,1.0,1.0,80.5,6.6,5.1,7.7,92.3,"[{""score"": ""0 - 2"", ""pct"": 14.719999999999999}, {""score"": ""0 - 3"", ""pct"": 11.62}, {""score"": ""0 - 1"", ""pct"": 11.600000000000001}]"
Cape Verde,South Korea,Neutral,0.735,1.473,17.0,28.1,54.9,17.4,3.5,6.0,54.5,7.9,10.7,26.9,73.1,"[{""score"": ""0 - 1"", ""pct"": 16.46}, {""score"": ""1 - 1"", ""pct"": 12.43}, {""score"": ""0 - 0"", ""pct"": 11.57}]"
Cape Verde,Australia,Neutral,0.673,1.519,15.0,27.4,57.6,15.8,3.1,5.3,56.9,7.9,11.1,24.2,75.8,"[{""score"": ""0 - 1"", ""pct"": 17.84}, {""score"": ""0 - 0"", ""pct"": 12.53}, {""score"": ""0 - 2"", ""pct"": 12.18}]"
Cape Verde,Morocco,Neutral,0.456,1.649,9.0,23.8,67.2,9.0,1.8,2.8,67.5,7.5,11.4,13.7,86.3,"[{""score"": ""0 - 1"", ""pct"": 21.060000000000002}, {""score"": ""0 - 2"", ""pct"": 16.17}, {""score"": ""0 - 0"", ""pct"": 12.93}]"
Cape Verde,Scotland,Neutral,0.763,1.593,16.8,26.1,57.1,16.8,3.5,5.0,57.0,7.7,10.1,25.3,74.7,"[{""score"": ""0 - 1"", ""pct"": 15.620000000000001}, {""score"": ""1 - 1"", ""pct"": 11.32}, {""score"": ""0 - 2"", ""pct"": 11.19}]"
Cape Verde,Tunisia,Neutral,0.681,1.267,18.6,30.8,50.6,19.4,4.0,6.5,49.3,7.8,13.1,29.8,70.2,"[{""score"": ""0 - 1"", ""pct"": 18.310000000000002}, {""score"": ""0 - 0"", ""pct"": 15.25}, {""score"": ""1 - 1"", ""pct"": 12.2}]"
Cape Verde,Jordan,Neutral,0.998,1.185,30.1,30.5,39.4,30.0,5.3,8.7,39.6,6.5,9.9,44.0,56.0,"[{""score"": ""0 - 1"", ""pct"": 13.25}, {""score"": ""1 - 1"", ""pct"": 13.22}, {""score"": ""0 - 0"", ""pct"": 12.19}]"
Cape Verde,Saudi Arabia,Neutral,0.898,1.025,29.9,33.4,36.7,30.5,5.5,9.8,36.7,6.3,11.2,45.8,54.1,"[{""score"": ""0 - 0"", ""pct"": 15.83}, {""score"": ""0 - 1"", ""pct"": 15.15}, {""score"": ""1 - 1"", ""pct"": 13.420000000000002}]"
Cape Verde,Austria,Neutral,0.692,1.805,12.8,23.3,63.9,12.6,2.5,3.6,64.7,7.6,9.0,18.7,81.3,"[{""score"": ""0 - 1"", ""pct"": 15.53}, {""score"": ""0 - 2"", ""pct"": 13.34}, {""score"": ""1 - 1"", ""pct"": 10.190000000000001}]"
Cape Verde,Haiti,Neutral,1.39,1.032,44.2,28.8,27.0,44.3,7.1,9.4,27.5,5.1,6.6,60.7,39.3,"[{""score"": ""1 - 1"", ""pct"": 12.920000000000002}, {""score"": ""1 - 0"", ""pct"": 12.34}, {""score"": ""0 - 0"", ""pct"": 10.27}]"
Cape Verde,Japan,Neutral,0.643,1.835,11.7,22.5,65.8,11.3,2.4,3.2,67.2,7.1,8.9,16.8,83.2,"[{""score"": ""0 - 1"", ""pct"": 15.72}, {""score"": ""0 - 2"", ""pct"": 13.969999999999999}, {""score"": ""1 - 1"", ""pct"": 9.68}]"
Cape Verde,Panama,Neutral,1.042,1.17,32.1,29.4,38.4,31.9,5.6,8.3,38.2,6.1,9.8,45.8,54.2,"[{""score"": ""1 - 1"", ""pct"": 13.459999999999999}, {""score"": ""0 - 1"", ""pct"": 12.75}, {""score"": ""1 - 0"", ""pct"": 11.62}]"
Cape Verde,Brazil,Neutral,0.423,2.717,3.2,10.7,86.1,3.3,0.5,0.8,86.1,4.9,4.5,4.5,95.5,"[{""score"": ""0 - 2"", ""pct"": 16.24}, {""score"": ""0 - 3"", ""pct"": 14.499999999999998}, {""score"": ""0 - 1"", ""pct"": 12.379999999999999}]"
Iran,United States,Neutral,1.272,1.05,41.4,28.9,29.7,41.2,6.5,9.6,29.7,5.1,8.0,57.3,42.7,"[{""score"": ""1 - 1"", ""pct"": 12.809999999999999}, {""score"": ""1 - 0"", ""pct"": 12.690000000000001}, {""score"": ""0 - 0"", ""pct"": 10.96}]"
Iran,Sweden,Neutral,1.199,1.276,34.3,28.1,37.6,33.6,6.0,8.3,37.7,6.5,7.9,47.9,52.1,"[{""score"": ""1 - 1"", ""pct"": 12.85}, {""score"": ""0 - 1"", ""pct"": 10.2}, {""score"": ""1 - 0"", ""pct"": 10.12}]"
Iran,Canada,Neutral,1.21,0.952,41.2,30.6,28.2,41.4,7.1,11.0,27.6,5.1,7.8,59.5,40.5,"[{""score"": ""1 - 1"", ""pct"": 13.96}, {""score"": ""1 - 0"", ""pct"": 13.81}, {""score"": ""0 - 0"", ""pct"": 12.07}]"
Iran,France,Neutral,0.736,1.67,15.1,25.2,59.7,15.6,3.0,4.4,59.2,7.8,9.9,23.0,77.0,"[{""score"": ""0 - 1"", ""pct"": 15.509999999999998}, {""score"": ""0 - 2"", ""pct"": 12.04}, {""score"": ""1 - 1"", ""pct"": 11.5}]"
Iran,Egypt,Neutral,1.075,0.878,38.6,32.8,28.5,39.2,6.4,11.7,28.7,4.9,9.0,57.4,42.6,"[{""score"": ""0 - 0"", ""pct"": 15.110000000000001}, {""score"": ""1 - 0"", ""pct"": 15.0}, {""score"": ""1 - 1"", ""pct"": 13.8}]"
Iran,Norway,Neutral,1.112,1.394,29.3,27.1,43.6,28.6,5.1,7.3,42.9,7.1,9.1,40.9,59.1,"[{""score"": ""0 - 1"", ""pct"": 12.1}, {""score"": ""1 - 1"", ""pct"": 12.08}, {""score"": ""1 - 2"", ""pct"": 9.22}]"
Iran,Spain,Neutral,0.681,2.018,10.3,20.4,69.4,11.0,2.0,2.9,68.7,7.1,8.3,15.9,84.1,"[{""score"": ""0 - 1"", ""pct"": 14.510000000000002}, {""score"": ""0 - 2"", ""pct"": 13.969999999999999}, {""score"": ""1 - 2"", ""pct"": 9.3}]"
Iran,Ivory Coast,Neutral,1.081,0.956,37.1,31.6,31.2,36.7,6.6,10.2,31.1,5.9,9.4,53.5,46.5,"[{""score"": ""0 - 0"", ""pct"": 13.900000000000002}, {""score"": ""1 - 1"", ""pct"": 13.87}, {""score"": ""1 - 0"", ""pct"": 13.63}]"
Iran,New Zealand,Neutral,1.55,0.546,62.5,25.8,11.7,62.3,7.9,11.4,12.0,2.5,4.0,81.6,18.4,"[{""score"": ""1 - 0"", ""pct"": 19.48}, {""score"": ""2 - 0"", ""pct"": 13.819999999999999}, {""score"": ""0 - 0"", ""pct"": 13.18}]"
Iran,Algeria,Neutral,1.233,1.18,37.3,28.4,34.2,36.6,6.3,8.7,34.5,5.9,8.0,51.6,48.4,"[{""score"": ""1 - 1"", ""pct"": 12.83}, {""score"": ""1 - 0"", ""pct"": 11.18}, {""score"": ""0 - 1"", ""pct"": 10.14}]"
Iran,Uzbekistan,Neutral,1.194,0.797,43.6,32.3,24.1,45.1,7.0,11.9,23.5,4.7,7.8,64.0,36.0,"[{""score"": ""1 - 0"", ""pct"": 15.9}, {""score"": ""0 - 0"", ""pct"": 15.6}, {""score"": ""1 - 1"", ""pct"": 12.879999999999999}]"
Iran,Curaçao,Neutral,2.396,0.525,79.5,15.0,5.6,80.0,6.1,5.9,5.7,0.9,1.5,91.9,8.1,"[{""score"": ""2 - 0"", ""pct"": 16.53}, {""score"": ""1 - 0"", ""pct"": 12.98}, {""score"": ""3 - 0"", ""pct"": 12.049999999999999}]"
Iran,DR Congo,Neutral,1.227,0.753,47.1,31.0,21.8,48.4,7.2,12.2,20.9,4.2,7.1,67.8,32.2,"[{""score"": ""1 - 0"", ""pct"": 16.38}, {""score"": ""0 - 0"", ""pct"": 14.719999999999999}, {""score"": ""1 - 1"", ""pct"": 12.57}]"
Iran,Iraq,Neutral,1.418,0.665,55.2,28.2,16.6,55.5,7.8,11.6,16.5,3.3,5.3,74.9,25.1,"[{""score"": ""1 - 0"", ""pct"": 18.15}, {""score"": ""0 - 0"", ""pct"": 13.44}, {""score"": ""2 - 0"", ""pct"": 11.44}]"
Iran,Ghana,Neutral,1.403,0.809,50.9,29.3,19.8,50.7,7.4,11.4,20.4,3.8,6.3,69.5,30.4,"[{""score"": ""1 - 0"", ""pct"": 15.690000000000001}, {""score"": ""1 - 1"", ""pct"": 12.839999999999998}, {""score"": ""0 - 0"", ""pct"": 11.95}]"
Iran,Ecuador,Neutral,0.797,1.102,25.1,33.3,41.6,25.4,5.2,8.7,41.2,7.2,12.3,39.3,60.7,"[{""score"": ""0 - 1"", ""pct"": 16.950000000000003}, {""score"": ""0 - 0"", ""pct"": 16.35}, {""score"": ""1 - 1"", ""pct"": 13.38}]"
Iran,Cape Verde,Neutral,1.53,0.661,58.4,26.4,15.2,58.4,7.8,11.2,14.7,2.9,5.0,77.4,22.6,"[{""score"": ""1 - 0"", ""pct"": 17.19}, {""score"": ""2 - 0"", ""pct"": 13.239999999999998}, {""score"": ""0 - 0"", ""pct"": 12.11}]"
Iran,Switzerland,Neutral,0.998,1.398,24.9,29.9,45.2,25.3,4.6,7.2,46.1,7.5,9.4,37.0,63.0,"[{""score"": ""1 - 1"", ""pct"": 13.52}, {""score"": ""0 - 1"", ""pct"": 12.46}, {""score"": ""0 - 0"", ""pct"": 10.459999999999999}]"
Iran,Bosnia and Herzegovina,Neutral,1.54,0.871,52.3,26.7,20.9,52.4,7.5,10.2,20.3,4.0,5.5,70.1,29.9,"[{""score"": ""1 - 0"", ""pct"": 14.45}, {""score"": ""1 - 1"", ""pct"": 11.92}, {""score"": ""2 - 0"", ""pct"": 10.03}]"
Iran,Uruguay,Neutral,0.779,1.285,22.1,29.3,48.6,21.9,4.0,7.1,47.9,7.4,11.7,33.0,67.0,"[{""score"": ""0 - 1"", ""pct"": 16.36}, {""score"": ""0 - 0"", ""pct"": 13.639999999999999}, {""score"": ""1 - 1"", ""pct"": 12.09}]"
Iran,Belgium,Neutral,0.906,1.652,19.6,25.8,54.6,19.3,3.8,4.8,54.3,7.6,10.2,27.9,72.1,"[{""score"": ""0 - 1"", ""pct"": 12.78}, {""score"": ""1 - 1"", ""pct"": 11.76}, {""score"": ""0 - 2"", ""pct"": 10.4}]"
Iran,Germany,Neutral,0.985,1.877,18.0,23.4,58.7,18.3,3.4,4.1,58.4,7.8,8.0,25.8,74.2,"[{""score"": ""0 - 1"", ""pct"": 11.75}, {""score"": ""1 - 1"", ""pct"": 10.75}, {""score"": ""1 - 2"", ""pct"": 10.12}]"
Iran,Senegal,Neutral,0.948,1.053,30.8,32.0,37.3,31.7,5.6,9.0,36.6,6.3,10.7,46.4,53.7,"[{""score"": ""0 - 1"", ""pct"": 14.82}, {""score"": ""0 - 0"", ""pct"": 14.69}, {""score"": ""1 - 1"", ""pct"": 13.320000000000002}]"
Iran,Portugal,Neutral,0.779,1.754,15.7,24.4,59.9,15.1,3.2,4.0,60.5,7.8,9.4,22.3,77.7,"[{""score"": ""0 - 1"", ""pct"": 14.91}, {""score"": ""0 - 2"", ""pct"": 11.52}, {""score"": ""1 - 1"", ""pct"": 10.85}]"
Iran,Argentina,Neutral,0.569,1.678,11.1,24.1,64.8,10.9,2.2,3.5,65.4,7.3,10.7,16.6,83.4,"[{""score"": ""0 - 1"", ""pct"": 18.240000000000002}, {""score"": ""0 - 2"", ""pct"": 15.36}, {""score"": ""0 - 0"", ""pct"": 11.76}]"
Iran,South Africa,Neutral,1.393,0.75,52.1,28.9,19.0,53.4,7.4,10.8,18.9,3.5,6.0,71.6,28.4,"[{""score"": ""1 - 0"", ""pct"": 17.1}, {""score"": ""1 - 1"", ""pct"": 12.629999999999999}, {""score"": ""0 - 0"", ""pct"": 12.61}]"
Iran,Paraguay,Neutral,1.0,0.953,35.0,32.9,32.1,34.5,6.0,11.4,31.2,6.1,10.8,51.9,48.1,"[{""score"": ""0 - 0"", ""pct"": 15.09}, {""score"": ""1 - 0"", ""pct"": 14.75}, {""score"": ""1 - 1"", ""pct"": 13.66}]"
Iran,Mexico,Neutral,0.989,1.043,32.2,32.3,35.5,32.1,5.9,10.1,35.2,6.3,10.4,48.1,51.9,"[{""score"": ""0 - 0"", ""pct"": 14.14}, {""score"": ""1 - 1"", ""pct"": 13.71}, {""score"": ""0 - 1"", ""pct"": 13.350000000000001}]"
Iran,Turkey,Neutral,1.239,1.295,34.2,28.6,37.2,34.3,5.5,7.8,37.8,6.4,8.2,47.6,52.4,"[{""score"": ""1 - 1"", ""pct"": 13.23}, {""score"": ""0 - 1"", ""pct"": 9.9}, {""score"": ""1 - 0"", ""pct"": 9.629999999999999}]"
Iran,England,Neutral,0.646,1.626,12.9,25.0,62.1,12.8,2.6,4.5,61.1,7.8,11.1,20.0,80.0,"[{""score"": ""0 - 1"", ""pct"": 17.19}, {""score"": ""0 - 2"", ""pct"": 14.08}, {""score"": ""0 - 0"", ""pct"": 10.879999999999999}]"
Iran,Qatar,Neutral,1.969,0.784,65.7,21.3,13.0,65.0,7.8,8.2,13.3,2.7,3.0,81.0,19.0,"[{""score"": ""1 - 0"", ""pct"": 13.059999999999999}, {""score"": ""2 - 0"", ""pct"": 11.95}, {""score"": ""2 - 1"", ""pct"": 9.92}]"
Iran,Colombia,Neutral,0.771,1.479,18.7,28.1,53.2,18.7,3.8,5.8,53.2,7.5,10.9,28.4,71.7,"[{""score"": ""0 - 1"", ""pct"": 15.790000000000001}, {""score"": ""1 - 1"", ""pct"": 12.33}, {""score"": ""0 - 0"", ""pct"": 11.78}]"
Iran,Czech Republic,Neutral,1.227,1.102,38.1,29.6,32.3,38.1,6.8,9.4,32.2,5.7,7.9,54.2,45.8,"[{""score"": ""1 - 1"", ""pct"": 13.11}, {""score"": ""1 - 0"", ""pct"": 12.04}, {""score"": ""0 - 1"", ""pct"": 10.95}]"
Iran,Croatia,Neutral,0.921,1.371,24.3,28.4,47.4,23.7,4.4,6.9,47.3,7.4,10.3,35.0,65.0,"[{""score"": ""0 - 1"", ""pct"": 13.780000000000001}, {""score"": ""1 - 1"", ""pct"": 12.58}, {""score"": ""0 - 0"", ""pct"": 10.79}]"
Iran,Netherlands,Neutral,0.926,1.705,20.1,24.6,55.3,19.1,3.5,5.3,55.9,7.7,8.5,27.9,72.1,"[{""score"": ""0 - 1"", ""pct"": 12.7}, {""score"": ""1 - 1"", ""pct"": 10.979999999999999}, {""score"": ""0 - 2"", ""pct"": 10.05}]"
Iran,South Korea,Neutral,1.154,0.998,39.1,30.0,30.9,38.4,6.4,10.0,30.8,5.8,8.6,54.8,45.2,"[{""score"": ""1 - 0"", ""pct"": 13.59}, {""score"": ""1 - 1"", ""pct"": 13.05}, {""score"": ""0 - 0"", ""pct"": 12.18}]"
Iran,Australia,Neutral,1.056,1.03,34.5,31.0,34.5,33.8,6.5,10.1,33.3,6.7,9.7,50.3,49.7,"[{""score"": ""0 - 0"", ""pct"": 13.54}, {""score"": ""1 - 1"", ""pct"": 13.309999999999999}, {""score"": ""0 - 1"", ""pct"": 13.309999999999999}]"
Iran,Morocco,Neutral,0.716,1.118,22.4,32.9,44.7,22.3,4.2,8.7,44.0,7.5,13.2,35.2,64.8,"[{""score"": ""0 - 1"", ""pct"": 17.65}, {""score"": ""0 - 0"", ""pct"": 16.93}, {""score"": ""1 - 1"", ""pct"": 12.839999999999998}]"
Iran,Scotland,Neutral,1.198,1.08,39.1,29.7,31.3,38.9,6.2,9.1,31.9,5.5,8.4,54.2,45.8,"[{""score"": ""1 - 1"", ""pct"": 13.0}, {""score"": ""1 - 0"", ""pct"": 12.35}, {""score"": ""0 - 0"", ""pct"": 11.17}]"
Iran,Tunisia,Neutral,1.068,0.859,39.5,33.2,27.3,38.6,6.7,11.9,28.4,4.9,9.6,57.2,42.8,"[{""score"": ""0 - 0"", ""pct"": 16.16}, {""score"": ""1 - 0"", ""pct"": 15.85}, {""score"": ""1 - 1"", ""pct"": 13.459999999999999}]"
Iran,Jordan,Neutral,1.567,0.803,55.3,26.1,18.6,55.8,7.7,10.3,18.0,3.5,4.7,73.8,26.2,"[{""score"": ""1 - 0"", ""pct"": 14.7}, {""score"": ""1 - 1"", ""pct"": 11.72}, {""score"": ""2 - 0"", ""pct"": 11.51}]"
Iran,Saudi Arabia,Neutral,1.409,0.695,54.9,28.3,16.8,54.5,7.5,11.4,17.0,3.6,5.9,73.5,26.5,"[{""score"": ""1 - 0"", ""pct"": 17.299999999999997}, {""score"": ""0 - 0"", ""pct"": 12.920000000000002}, {""score"": ""2 - 0"", ""pct"": 11.88}]"
Iran,Austria,Neutral,1.086,1.223,32.0,29.7,38.2,31.7,5.5,8.4,38.5,6.6,9.2,45.6,54.4,"[{""score"": ""1 - 1"", ""pct"": 13.200000000000001}, {""score"": ""0 - 1"", ""pct"": 12.379999999999999}, {""score"": ""1 - 0"", ""pct"": 11.23}]"
Iran,Haiti,Neutral,2.182,0.699,72.1,18.4,9.5,71.6,7.1,7.6,9.7,1.7,2.4,86.3,13.7,"[{""score"": ""1 - 0"", ""pct"": 13.38}, {""score"": ""2 - 0"", ""pct"": 13.200000000000001}, {""score"": ""3 - 0"", ""pct"": 9.59}]"
Iran,Japan,Neutral,1.009,1.244,28.9,30.4,40.7,29.0,5.7,8.1,40.9,6.4,9.8,42.8,57.2,"[{""score"": ""1 - 1"", ""pct"": 13.669999999999998}, {""score"": ""0 - 1"", ""pct"": 13.370000000000001}, {""score"": ""0 - 0"", ""pct"": 11.49}]"
Iran,Panama,Neutral,1.636,0.793,58.6,24.8,16.6,58.8,7.2,9.6,16.8,3.0,4.6,75.6,24.4,"[{""score"": ""1 - 0"", ""pct"": 14.44}, {""score"": ""2 - 0"", ""pct"": 11.91}, {""score"": ""1 - 1"", ""pct"": 10.91}]"
Iran,Brazil,Neutral,0.663,1.841,11.9,22.9,65.2,11.3,2.5,3.0,66.3,7.9,8.9,16.9,83.1,"[{""score"": ""0 - 1"", ""pct"": 15.379999999999999}, {""score"": ""0 - 2"", ""pct"": 13.76}, {""score"": ""1 - 1"", ""pct"": 10.11}]"
Switzerland,United States,Neutral,1.715,1.01,54.3,24.5,21.2,53.5,7.5,8.7,20.9,4.6,4.8,69.7,30.3,"[{""score"": ""1 - 0"", ""pct"": 12.36}, {""score"": ""1 - 1"", ""pct"": 11.32}, {""score"": ""2 - 1"", ""pct"": 9.93}]"
Switzerland,Sweden,Neutral,1.615,1.229,45.9,26.0,28.1,46.3,7.2,7.6,28.3,4.9,5.8,61.0,39.0,"[{""score"": ""1 - 1"", ""pct"": 11.67}, {""score"": ""1 - 0"", ""pct"": 9.69}, {""score"": ""2 - 1"", ""pct"": 9.06}]"
Switzerland,Canada,Neutral,1.631,0.917,54.3,25.9,19.8,53.9,7.8,9.3,20.0,3.9,5.2,71.0,29.0,"[{""score"": ""1 - 0"", ""pct"": 13.34}, {""score"": ""1 - 1"", ""pct"": 11.899999999999999}, {""score"": ""2 - 0"", ""pct"": 10.040000000000001}]"
Switzerland,France,Neutral,0.992,1.608,22.7,25.7,51.6,21.8,4.4,6.0,51.7,7.2,8.9,32.2,67.8,"[{""score"": ""0 - 1"", ""pct"": 12.5}, {""score"": ""1 - 1"", ""pct"": 11.61}, {""score"": ""0 - 2"", ""pct"": 9.64}]"
Switzerland,Egypt,Neutral,1.449,0.845,52.1,27.0,20.9,51.3,7.2,10.7,21.2,3.9,5.6,69.3,30.7,"[{""score"": ""1 - 0"", ""pct"": 15.57}, {""score"": ""1 - 1"", ""pct"": 12.15}, {""score"": ""0 - 0"", ""pct"": 10.07}]"
Switzerland,Norway,Neutral,1.499,1.342,41.0,26.2,32.8,41.3,6.1,7.8,32.3,6.0,6.6,55.2,44.8,"[{""score"": ""1 - 1"", ""pct"": 11.700000000000001}, {""score"": ""2 - 1"", ""pct"": 8.99}, {""score"": ""1 - 0"", ""pct"": 8.94}]"
Switzerland,Spain,Neutral,0.918,1.943,16.2,22.5,61.3,17.0,3.0,3.6,61.8,6.8,7.9,23.6,76.4,"[{""score"": ""0 - 1"", ""pct"": 11.82}, {""score"": ""1 - 1"", ""pct"": 10.36}, {""score"": ""0 - 2"", ""pct"": 10.26}]"
Switzerland,Ivory Coast,Neutral,1.457,0.92,50.2,27.4,22.4,49.4,7.4,9.6,22.8,4.2,6.6,66.4,33.6,"[{""score"": ""1 - 0"", ""pct"": 14.09}, {""score"": ""1 - 1"", ""pct"": 12.01}, {""score"": ""0 - 0"", ""pct"": 10.209999999999999}]"
Switzerland,New Zealand,Neutral,2.089,0.526,74.9,17.9,7.2,73.8,7.0,8.2,7.5,1.4,2.1,89.0,11.0,"[{""score"": ""2 - 0"", ""pct"": 15.5}, {""score"": ""1 - 0"", ""pct"": 15.35}, {""score"": ""3 - 0"", ""pct"": 11.24}]"
Switzerland,Algeria,Neutral,1.662,1.136,49.4,26.4,24.3,49.8,7.3,7.7,25.2,4.6,5.4,64.8,35.2,"[{""score"": ""1 - 1"", ""pct"": 11.790000000000001}, {""score"": ""1 - 0"", ""pct"": 10.89}, {""score"": ""2 - 1"", ""pct"": 9.66}]"
Switzerland,Uzbekistan,Neutral,1.61,0.767,57.6,25.6,16.9,58.0,7.5,9.2,17.0,3.6,4.7,74.7,25.3,"[{""score"": ""1 - 0"", ""pct"": 14.78}, {""score"": ""2 - 0"", ""pct"": 11.85}, {""score"": ""1 - 1"", ""pct"": 11.37}]"
Switzerland,Curaçao,Neutral,3.229,0.506,90.0,7.8,2.2,89.6,4.1,2.9,2.6,0.3,0.4,96.6,3.4,"[{""score"": ""3 - 0"", ""pct"": 13.77}, {""score"": ""2 - 0"", ""pct"": 12.93}, {""score"": ""4 - 0"", ""pct"": 10.81}]"
Switzerland,DR Congo,Neutral,1.654,0.725,59.1,26.0,14.9,58.9,7.3,10.7,15.7,2.9,4.5,76.9,23.1,"[{""score"": ""1 - 0"", ""pct"": 15.989999999999998}, {""score"": ""2 - 0"", ""pct"": 11.86}, {""score"": ""1 - 1"", ""pct"": 11.53}]"
Switzerland,Iraq,Neutral,1.912,0.641,67.7,21.6,10.7,67.4,7.6,8.7,11.1,2.1,3.1,83.7,16.3,"[{""score"": ""1 - 0"", ""pct"": 15.02}, {""score"": ""2 - 0"", ""pct"": 14.21}, {""score"": ""2 - 1"", ""pct"": 9.68}]"
Switzerland,Ghana,Neutral,1.891,0.778,64.0,21.9,14.1,64.1,7.6,8.5,13.9,2.5,3.4,80.2,19.8,"[{""score"": ""1 - 0"", ""pct"": 13.919999999999998}, {""score"": ""2 - 0"", ""pct"": 12.4}, {""score"": ""1 - 1"", ""pct"": 10.09}]"
Switzerland,Ecuador,Neutral,1.074,1.061,34.8,31.3,33.9,34.4,5.9,9.6,34.2,6.0,10.0,49.9,50.1,"[{""score"": ""1 - 1"", ""pct"": 14.14}, {""score"": ""1 - 0"", ""pct"": 13.25}, {""score"": ""0 - 1"", ""pct"": 12.67}]"
Switzerland,Cape Verde,Neutral,2.062,0.636,71.2,19.6,9.2,71.7,6.5,8.2,9.6,1.8,2.3,86.3,13.7,"[{""score"": ""1 - 0"", ""pct"": 14.69}, {""score"": ""2 - 0"", ""pct"": 14.64}, {""score"": ""3 - 0"", ""pct"": 9.49}]"
Switzerland,Iran,Neutral,1.398,0.998,46.8,28.0,25.2,45.9,6.9,9.7,25.5,5.0,7.0,62.4,37.6,"[{""score"": ""1 - 0"", ""pct"": 12.959999999999999}, {""score"": ""1 - 1"", ""pct"": 12.73}, {""score"": ""0 - 0"", ""pct"": 9.59}]"
Switzerland,Bosnia and Herzegovina,Neutral,2.075,0.838,67.1,20.0,12.9,66.6,7.4,7.2,13.8,2.1,2.9,81.3,18.7,"[{""score"": ""1 - 0"", ""pct"": 11.88}, {""score"": ""2 - 0"", ""pct"": 11.63}, {""score"": ""2 - 1"", ""pct"": 10.15}]"
Switzerland,Uruguay,Neutral,1.049,1.237,30.5,30.3,39.2,30.6,5.6,7.8,39.2,6.9,10.0,44.0,56.0,"[{""score"": ""1 - 1"", ""pct"": 13.48}, {""score"": ""0 - 1"", ""pct"": 12.64}, {""score"": ""0 - 0"", ""pct"": 11.5}]"
Switzerland,Belgium,Neutral,1.221,1.59,28.4,25.9,45.8,28.6,4.8,6.4,45.3,7.4,7.6,39.7,60.3,"[{""score"": ""1 - 1"", ""pct"": 11.75}, {""score"": ""0 - 1"", ""pct"": 9.64}, {""score"": ""1 - 2"", ""pct"": 9.629999999999999}]"
Switzerland,Germany,Neutral,1.327,1.807,27.9,24.1,48.0,26.7,4.7,5.3,49.9,6.4,7.0,36.7,63.3,"[{""score"": ""1 - 1"", ""pct"": 10.73}, {""score"": ""1 - 2"", ""pct"": 9.07}, {""score"": ""0 - 1"", ""pct"": 8.19}]"
Switzerland,Senegal,Neutral,1.277,1.013,42.1,29.5,28.3,41.4,6.5,9.9,29.1,5.3,7.6,57.9,42.1,"[{""score"": ""1 - 1"", ""pct"": 13.18}, {""score"": ""1 - 0"", ""pct"": 12.989999999999998}, {""score"": ""0 - 0"", ""pct"": 10.94}]"
Switzerland,Portugal,Neutral,1.05,1.689,22.5,25.6,51.9,22.2,4.4,5.2,52.1,7.3,8.8,31.9,68.1,"[{""score"": ""0 - 1"", ""pct"": 11.450000000000001}, {""score"": ""1 - 1"", ""pct"": 11.39}, {""score"": ""1 - 2"", ""pct"": 9.69}]"
Switzerland,Argentina,Neutral,0.767,1.616,17.2,25.1,57.7,16.9,3.4,5.0,57.2,7.4,10.2,25.3,74.7,"[{""score"": ""0 - 1"", ""pct"": 15.540000000000001}, {""score"": ""0 - 2"", ""pct"": 11.43}, {""score"": ""1 - 1"", ""pct"": 11.33}]"
Switzerland,South Africa,Neutral,1.877,0.722,65.6,22.1,12.3,65.3,7.4,8.6,12.7,2.5,3.5,81.3,18.7,"[{""score"": ""1 - 0"", ""pct"": 14.63}, {""score"": ""2 - 0"", ""pct"": 12.85}, {""score"": ""1 - 1"", ""pct"": 9.54}]"
Switzerland,Paraguay,Neutral,1.348,0.918,46.2,29.0,24.8,46.2,7.3,10.3,24.5,4.6,7.1,63.8,36.2,"[{""score"": ""1 - 0"", ""pct"": 14.38}, {""score"": ""1 - 1"", ""pct"": 13.04}, {""score"": ""0 - 0"", ""pct"": 11.0}]"
Switzerland,Mexico,Neutral,1.332,1.004,43.6,29.5,26.9,44.5,6.7,9.8,26.9,4.9,7.1,61.1,38.9,"[{""score"": ""1 - 1"", ""pct"": 13.139999999999999}, {""score"": ""1 - 0"", ""pct"": 12.65}, {""score"": ""0 - 0"", ""pct"": 10.530000000000001}]"
Switzerland,Turkey,Neutral,1.67,1.247,47.1,24.8,28.1,47.2,7.0,7.5,27.3,4.9,6.1,61.7,38.3,"[{""score"": ""1 - 1"", ""pct"": 11.16}, {""score"": ""2 - 1"", ""pct"": 9.28}, {""score"": ""1 - 0"", ""pct"": 9.030000000000001}]"
Switzerland,England,Neutral,0.87,1.565,19.4,26.2,54.5,19.4,3.7,6.2,53.2,7.8,9.6,29.3,70.7,"[{""score"": ""0 - 1"", ""pct"": 13.87}, {""score"": ""1 - 1"", ""pct"": 11.450000000000001}, {""score"": ""0 - 2"", ""pct"": 11.25}]"
Switzerland,Qatar,Neutral,2.653,0.755,78.0,14.2,7.8,78.2,6.1,5.6,7.3,1.3,1.3,90.0,10.0,"[{""score"": ""2 - 0"", ""pct"": 11.700000000000001}, {""score"": ""3 - 0"", ""pct"": 9.62}, {""score"": ""2 - 1"", ""pct"": 9.31}]"
Switzerland,Colombia,Neutral,1.039,1.424,26.8,27.8,45.5,26.7,4.8,6.1,45.8,7.3,9.4,37.6,62.4,"[{""score"": ""1 - 1"", ""pct"": 12.35}, {""score"": ""0 - 1"", ""pct"": 12.27}, {""score"": ""0 - 0"", ""pct"": 9.39}]"
Switzerland,Czech Republic,Neutral,1.654,1.061,50.5,26.2,23.2,51.6,7.4,8.2,23.2,4.4,5.3,67.2,32.8,"[{""score"": ""1 - 1"", ""pct"": 11.81}, {""score"": ""1 - 0"", ""pct"": 11.31}, {""score"": ""2 - 0"", ""pct"": 9.030000000000001}]"
Switzerland,Croatia,Neutral,1.242,1.32,34.2,27.9,37.8,34.1,6.0,7.7,37.6,6.4,8.1,47.9,52.1,"[{""score"": ""1 - 1"", ""pct"": 12.879999999999999}, {""score"": ""1 - 0"", ""pct"": 9.89}, {""score"": ""0 - 1"", ""pct"": 9.82}]"
Switzerland,Netherlands,Neutral,1.248,1.642,28.3,24.5,47.3,28.3,4.9,6.0,45.9,7.2,7.6,39.3,60.7,"[{""score"": ""1 - 1"", ""pct"": 11.17}, {""score"": ""0 - 1"", ""pct"": 10.059999999999999}, {""score"": ""1 - 2"", ""pct"": 9.15}]"
Switzerland,South Korea,Neutral,1.556,0.961,50.5,27.6,21.9,52.0,7.2,9.2,22.0,4.1,5.5,68.4,31.6,"[{""score"": ""1 - 1"", ""pct"": 12.41}, {""score"": ""1 - 0"", ""pct"": 12.23}, {""score"": ""2 - 0"", ""pct"": 9.65}]"
Switzerland,Australia,Neutral,1.423,0.992,46.9,27.6,25.4,47.2,7.4,9.6,24.8,4.8,6.2,64.2,35.8,"[{""score"": ""1 - 0"", ""pct"": 13.22}, {""score"": ""1 - 1"", ""pct"": 12.33}, {""score"": ""0 - 0"", ""pct"": 9.92}]"
Switzerland,Morocco,Neutral,0.965,1.076,31.1,31.8,37.2,30.8,5.8,9.3,37.1,6.4,10.5,46.0,54.0,"[{""score"": ""0 - 0"", ""pct"": 13.98}, {""score"": ""0 - 1"", ""pct"": 13.96}, {""score"": ""1 - 1"", ""pct"": 13.81}]"
Switzerland,Scotland,Neutral,1.614,1.04,50.8,25.9,23.2,49.7,7.2,8.7,23.8,4.9,5.7,65.6,34.4,"[{""score"": ""1 - 0"", ""pct"": 12.21}, {""score"": ""1 - 1"", ""pct"": 11.42}, {""score"": ""2 - 0"", ""pct"": 9.22}]"
Switzerland,Tunisia,Neutral,1.44,0.827,52.6,27.4,19.9,51.2,7.5,11.1,20.1,4.1,6.0,69.8,30.2,"[{""score"": ""1 - 0"", ""pct"": 15.870000000000001}, {""score"": ""1 - 1"", ""pct"": 11.899999999999999}, {""score"": ""0 - 0"", ""pct"": 11.17}]"
Switzerland,Jordan,Neutral,2.111,0.773,68.2,19.8,12.0,68.8,7.5,7.6,11.1,2.2,2.9,83.9,16.1,"[{""score"": ""1 - 0"", ""pct"": 12.44}, {""score"": ""2 - 0"", ""pct"": 12.11}, {""score"": ""2 - 1"", ""pct"": 9.54}]"
Switzerland,Saudi Arabia,Neutral,1.899,0.669,66.9,21.8,11.4,67.2,7.4,8.7,11.4,2.2,3.0,83.3,16.7,"[{""score"": ""1 - 0"", ""pct"": 14.469999999999999}, {""score"": ""2 - 0"", ""pct"": 14.030000000000001}, {""score"": ""2 - 1"", ""pct"": 9.53}]"
Switzerland,Austria,Neutral,1.464,1.178,43.2,27.1,29.8,43.5,6.4,8.5,29.3,5.5,6.8,58.4,41.6,"[{""score"": ""1 - 1"", ""pct"": 12.379999999999999}, {""score"": ""1 - 0"", ""pct"": 10.91}, {""score"": ""2 - 1"", ""pct"": 8.77}]"
Switzerland,Haiti,Neutral,2.941,0.673,83.7,11.4,4.9,83.9,5.4,4.1,4.7,0.8,1.0,93.4,6.6,"[{""score"": ""2 - 0"", ""pct"": 12.25}, {""score"": ""3 - 0"", ""pct"": 10.93}, {""score"": ""1 - 0"", ""pct"": 8.200000000000001}]"
Switzerland,Japan,Neutral,1.36,1.198,40.2,27.7,32.2,40.6,6.2,7.9,31.4,6.0,8.0,54.7,45.3,"[{""score"": ""1 - 1"", ""pct"": 12.49}, {""score"": ""1 - 0"", ""pct"": 10.870000000000001}, {""score"": ""0 - 1"", ""pct"": 9.46}]"
Switzerland,Panama,Neutral,2.205,0.764,71.3,18.4,10.3,70.4,7.7,6.7,10.7,1.8,2.5,84.9,15.1,"[{""score"": ""2 - 0"", ""pct"": 12.620000000000001}, {""score"": ""1 - 0"", ""pct"": 12.35}, {""score"": ""2 - 1"", ""pct"": 9.84}]"
Switzerland,Brazil,Neutral,0.894,1.773,17.5,24.1,58.4,16.6,3.4,4.5,59.1,7.5,8.9,24.6,75.4,"[{""score"": ""0 - 1"", ""pct"": 12.879999999999999}, {""score"": ""1 - 1"", ""pct"": 10.61}, {""score"": ""0 - 2"", ""pct"": 10.299999999999999}]"
Bosnia and Herzegovina,United States,Neutral,1.068,1.559,24.3,26.6,49.1,25.3,4.7,6.1,47.9,7.2,8.8,36.0,64.0,"[{""score"": ""1 - 1"", ""pct"": 12.19}, {""score"": ""0 - 1"", ""pct"": 12.08}, {""score"": ""1 - 2"", ""pct"": 9.969999999999999}]"
Bosnia and Herzegovina,Sweden,Neutral,1.006,1.895,19.1,22.9,58.0,18.7,3.6,4.2,58.6,7.4,7.6,26.4,73.6,"[{""score"": ""0 - 1"", ""pct"": 11.1}, {""score"": ""1 - 1"", ""pct"": 10.290000000000001}, {""score"": ""1 - 2"", ""pct"": 10.12}]"
Bosnia and Herzegovina,Canada,Neutral,1.016,1.414,27.1,27.2,45.7,26.1,4.7,6.6,46.4,7.0,9.3,37.4,62.6,"[{""score"": ""0 - 1"", ""pct"": 12.29}, {""score"": ""1 - 1"", ""pct"": 12.13}, {""score"": ""0 - 0"", ""pct"": 9.4}]"
Bosnia and Herzegovina,France,Neutral,0.618,2.48,6.7,14.6,78.8,6.6,1.3,1.4,78.5,6.3,6.0,9.2,90.8,"[{""score"": ""0 - 2"", ""pct"": 13.969999999999999}, {""score"": ""0 - 1"", ""pct"": 11.58}, {""score"": ""0 - 3"", ""pct"": 10.99}]"
Bosnia and Herzegovina,Egypt,Neutral,0.902,1.304,24.6,29.8,45.6,24.6,4.4,7.0,46.1,7.3,10.6,36.0,64.0,"[{""score"": ""0 - 1"", ""pct"": 14.280000000000001}, {""score"": ""1 - 1"", ""pct"": 13.03}, {""score"": ""0 - 0"", ""pct"": 11.690000000000001}]"
Bosnia and Herzegovina,Norway,Neutral,0.934,2.07,14.8,21.7,63.5,14.7,2.7,3.2,64.2,7.6,7.5,20.6,79.4,"[{""score"": ""0 - 1"", ""pct"": 10.54}, {""score"": ""0 - 2"", ""pct"": 10.51}, {""score"": ""1 - 2"", ""pct"": 10.15}]"
Bosnia and Herzegovina,Spain,Neutral,0.572,2.996,3.6,10.1,86.2,3.5,0.6,0.7,86.5,5.2,3.6,4.8,95.2,"[{""score"": ""0 - 3"", ""pct"": 12.959999999999999}, {""score"": ""0 - 2"", ""pct"": 12.85}, {""score"": ""0 - 4"", ""pct"": 9.28}]"
Bosnia and Herzegovina,Ivory Coast,Neutral,0.908,1.419,23.2,29.0,47.8,23.0,4.6,6.7,48.4,7.1,10.2,34.3,65.7,"[{""score"": ""0 - 1"", ""pct"": 13.69}, {""score"": ""1 - 1"", ""pct"": 12.989999999999998}, {""score"": ""0 - 0"", ""pct"": 11.05}]"
Bosnia and Herzegovina,New Zealand,Neutral,1.301,0.811,47.5,29.7,22.7,48.0,7.2,11.4,21.9,4.2,7.2,66.7,33.3,"[{""score"": ""1 - 0"", ""pct"": 16.48}, {""score"": ""0 - 0"", ""pct"": 12.83}, {""score"": ""1 - 1"", ""pct"": 12.73}]"
Bosnia and Herzegovina,Algeria,Neutral,1.035,1.752,21.1,24.7,54.2,21.7,4.1,4.9,53.5,7.5,8.4,30.7,69.3,"[{""score"": ""1 - 1"", ""pct"": 11.25}, {""score"": ""0 - 1"", ""pct"": 11.03}, {""score"": ""1 - 2"", ""pct"": 9.81}]"
Bosnia and Herzegovina,Uzbekistan,Neutral,1.003,1.183,30.1,29.9,40.0,30.0,5.3,8.5,39.9,6.8,9.5,43.8,56.2,"[{""score"": ""0 - 1"", ""pct"": 13.62}, {""score"": ""1 - 1"", ""pct"": 12.709999999999999}, {""score"": ""0 - 0"", ""pct"": 12.32}]"
Bosnia and Herzegovina,Curaçao,Neutral,2.011,0.78,66.5,20.9,12.6,66.4,7.6,7.6,12.6,2.7,3.2,81.5,18.5,"[{""score"": ""1 - 0"", ""pct"": 12.709999999999999}, {""score"": ""2 - 0"", ""pct"": 12.629999999999999}, {""score"": ""2 - 1"", ""pct"": 9.65}]"
Bosnia and Herzegovina,DR Congo,Neutral,1.03,1.118,32.6,31.4,36.0,31.7,5.9,9.2,36.5,6.5,10.2,46.8,53.2,"[{""score"": ""1 - 1"", ""pct"": 13.91}, {""score"": ""0 - 0"", ""pct"": 12.73}, {""score"": ""0 - 1"", ""pct"": 12.21}]"
Bosnia and Herzegovina,Iraq,Neutral,1.191,0.988,39.8,30.5,29.7,39.9,6.5,9.5,30.3,5.3,8.5,55.9,44.1,"[{""score"": ""1 - 0"", ""pct"": 13.819999999999999}, {""score"": ""1 - 1"", ""pct"": 13.819999999999999}, {""score"": ""0 - 0"", ""pct"": 11.559999999999999}]"
Bosnia and Herzegovina,Ghana,Neutral,1.178,1.201,34.6,29.8,35.7,35.8,6.1,7.9,35.9,5.9,8.3,49.8,50.1,"[{""score"": ""1 - 1"", ""pct"": 13.750000000000002}, {""score"": ""1 - 0"", ""pct"": 11.05}, {""score"": ""0 - 1"", ""pct"": 10.9}]"
Bosnia and Herzegovina,Ecuador,Neutral,0.669,1.637,14.2,25.7,60.2,14.2,2.8,4.5,60.7,7.6,10.2,21.4,78.6,"[{""score"": ""0 - 1"", ""pct"": 16.66}, {""score"": ""0 - 2"", ""pct"": 12.989999999999998}, {""score"": ""0 - 0"", ""pct"": 11.16}]"
Bosnia and Herzegovina,Cape Verde,Neutral,1.284,0.981,43.0,29.9,27.2,43.6,6.8,10.2,27.2,5.0,7.2,60.6,39.4,"[{""score"": ""1 - 0"", ""pct"": 13.61}, {""score"": ""1 - 1"", ""pct"": 13.43}, {""score"": ""0 - 0"", ""pct"": 11.35}]"
Bosnia and Herzegovina,Iran,Neutral,0.871,1.54,20.6,26.6,52.8,20.6,3.8,5.7,52.8,7.4,9.7,30.1,69.9,"[{""score"": ""0 - 1"", ""pct"": 13.83}, {""score"": ""1 - 1"", ""pct"": 11.600000000000001}, {""score"": ""0 - 2"", ""pct"": 10.4}]"
Bosnia and Herzegovina,Switzerland,Neutral,0.838,2.075,12.8,20.6,66.6,13.3,2.6,3.1,65.8,7.2,8.0,19.0,81.0,"[{""score"": ""0 - 1"", ""pct"": 12.25}, {""score"": ""0 - 2"", ""pct"": 11.23}, {""score"": ""1 - 2"", ""pct"": 9.67}]"
Bosnia and Herzegovina,Uruguay,Neutral,0.654,1.909,11.4,20.7,67.9,10.9,2.1,3.0,67.8,7.2,8.9,16.1,84.0,"[{""score"": ""0 - 1"", ""pct"": 15.65}, {""score"": ""0 - 2"", ""pct"": 14.01}, {""score"": ""1 - 1"", ""pct"": 9.44}]"
Bosnia and Herzegovina,Belgium,Neutral,0.761,2.453,8.3,16.0,75.8,8.4,1.7,1.8,75.1,7.4,5.7,11.8,88.2,"[{""score"": ""0 - 2"", ""pct"": 12.86}, {""score"": ""0 - 1"", ""pct"": 10.75}, {""score"": ""0 - 3"", ""pct"": 9.51}]"
Bosnia and Herzegovina,Germany,Neutral,0.827,2.787,7.9,13.5,78.6,7.8,1.4,1.4,78.9,6.1,4.4,10.7,89.3,"[{""score"": ""0 - 2"", ""pct"": 10.780000000000001}, {""score"": ""0 - 3"", ""pct"": 9.83}, {""score"": ""1 - 2"", ""pct"": 8.39}]"
Bosnia and Herzegovina,Senegal,Neutral,0.796,1.563,17.6,27.2,55.2,17.9,3.0,5.2,56.6,7.1,10.1,26.1,73.9,"[{""score"": ""0 - 1"", ""pct"": 15.27}, {""score"": ""1 - 1"", ""pct"": 12.18}, {""score"": ""0 - 2"", ""pct"": 11.37}]"
Bosnia and Herzegovina,Portugal,Neutral,0.654,2.605,6.3,14.4,79.3,6.5,1.2,1.3,79.8,6.0,5.2,9.0,91.0,"[{""score"": ""0 - 2"", ""pct"": 12.520000000000001}, {""score"": ""0 - 3"", ""pct"": 11.129999999999999}, {""score"": ""0 - 1"", ""pct"": 10.43}]"
Bosnia and Herzegovina,Argentina,Neutral,0.478,2.492,4.5,13.8,81.8,4.5,1.0,1.0,81.9,5.8,5.8,6.5,93.5,"[{""score"": ""0 - 2"", ""pct"": 15.989999999999998}, {""score"": ""0 - 1"", ""pct"": 12.9}, {""score"": ""0 - 3"", ""pct"": 12.85}]"
Bosnia and Herzegovina,South Africa,Neutral,1.169,1.114,36.3,30.8,32.9,36.6,6.2,9.0,33.3,6.1,8.7,51.9,48.1,"[{""score"": ""1 - 1"", ""pct"": 13.76}, {""score"": ""1 - 0"", ""pct"": 12.11}, {""score"": ""0 - 1"", ""pct"": 11.83}]"
Bosnia and Herzegovina,Paraguay,Neutral,0.84,1.415,21.6,28.1,50.3,21.3,4.0,6.6,50.1,7.8,10.3,31.9,68.1,"[{""score"": ""0 - 1"", ""pct"": 15.260000000000002}, {""score"": ""1 - 1"", ""pct"": 12.41}, {""score"": ""0 - 0"", ""pct"": 11.41}]"
Bosnia and Herzegovina,Mexico,Neutral,0.83,1.549,18.3,26.3,55.4,19.3,3.7,5.5,53.7,7.7,10.2,28.4,71.6,"[{""score"": ""0 - 1"", ""pct"": 15.299999999999999}, {""score"": ""1 - 1"", ""pct"": 11.42}, {""score"": ""0 - 2"", ""pct"": 11.21}]"
Bosnia and Herzegovina,Turkey,Neutral,1.04,1.923,18.7,22.7,58.7,19.5,3.6,4.2,57.7,7.7,7.3,27.3,72.7,"[{""score"": ""1 - 1"", ""pct"": 10.549999999999999}, {""score"": ""0 - 1"", ""pct"": 10.25}, {""score"": ""1 - 2"", ""pct"": 9.89}]"
Bosnia and Herzegovina,England,Neutral,0.542,2.414,5.3,15.2,79.5,5.8,1.2,1.5,79.4,5.9,6.2,8.4,91.5,"[{""score"": ""0 - 2"", ""pct"": 15.86}, {""score"": ""0 - 1"", ""pct"": 12.91}, {""score"": ""0 - 3"", ""pct"": 11.61}]"
Bosnia and Herzegovina,Qatar,Neutral,1.653,1.164,49.0,25.7,25.3,49.0,7.5,8.2,25.4,4.6,5.3,64.6,35.4,"[{""score"": ""1 - 1"", ""pct"": 11.110000000000001}, {""score"": ""1 - 0"", ""pct"": 10.34}, {""score"": ""2 - 1"", ""pct"": 9.28}]"
Bosnia and Herzegovina,Colombia,Neutral,0.647,2.196,8.4,17.9,73.8,8.6,1.6,1.9,74.0,6.8,7.1,12.1,87.9,"[{""score"": ""0 - 2"", ""pct"": 14.510000000000002}, {""score"": ""0 - 1"", ""pct"": 13.320000000000002}, {""score"": ""0 - 3"", ""pct"": 10.05}]"
Bosnia and Herzegovina,Czech Republic,Neutral,1.03,1.636,22.5,25.8,51.7,22.5,3.8,5.9,51.4,7.6,8.8,32.1,67.9,"[{""score"": ""0 - 1"", ""pct"": 12.45}, {""score"": ""1 - 1"", ""pct"": 12.23}, {""score"": ""1 - 2"", ""pct"": 9.8}]"
Bosnia and Herzegovina,Croatia,Neutral,0.774,2.036,12.1,21.1,66.8,11.7,2.5,2.8,67.4,7.3,8.3,17.0,83.0,"[{""score"": ""0 - 2"", ""pct"": 12.64}, {""score"": ""0 - 1"", ""pct"": 12.370000000000001}, {""score"": ""1 - 2"", ""pct"": 10.07}]"
Bosnia and Herzegovina,Netherlands,Neutral,0.777,2.532,8.2,15.0,76.7,8.4,1.5,1.8,75.5,6.8,5.9,11.8,88.2,"[{""score"": ""0 - 2"", ""pct"": 11.65}, {""score"": ""0 - 1"", ""pct"": 9.77}, {""score"": ""0 - 3"", ""pct"": 9.64}]"
Bosnia and Herzegovina,South Korea,Neutral,0.969,1.483,23.8,27.3,48.9,23.8,4.5,6.5,48.9,6.9,9.5,34.8,65.2,"[{""score"": ""0 - 1"", ""pct"": 12.82}, {""score"": ""1 - 1"", ""pct"": 12.06}, {""score"": ""0 - 0"", ""pct"": 9.83}]"
Bosnia and Herzegovina,Australia,Neutral,0.887,1.529,20.4,27.8,51.8,20.4,3.9,5.5,53.0,7.3,9.9,29.8,70.2,"[{""score"": ""0 - 1"", ""pct"": 14.149999999999999}, {""score"": ""1 - 1"", ""pct"": 11.95}, {""score"": ""0 - 0"", ""pct"": 10.45}]"
Bosnia and Herzegovina,Morocco,Neutral,0.601,1.66,12.0,24.5,63.5,11.4,2.9,3.8,63.3,7.7,10.8,18.1,81.9,"[{""score"": ""0 - 1"", ""pct"": 17.29}, {""score"": ""0 - 2"", ""pct"": 14.32}, {""score"": ""0 - 0"", ""pct"": 11.39}]"
Bosnia and Herzegovina,Scotland,Neutral,1.005,1.604,22.8,25.9,51.3,22.8,4.0,5.6,50.9,7.6,9.1,32.3,67.7,"[{""score"": ""0 - 1"", ""pct"": 12.22}, {""score"": ""1 - 1"", ""pct"": 11.690000000000001}, {""score"": ""1 - 2"", ""pct"": 9.29}]"
Bosnia and Herzegovina,Tunisia,Neutral,0.897,1.275,24.7,30.1,45.2,25.1,4.8,7.5,44.5,7.2,10.9,37.4,62.6,"[{""score"": ""0 - 1"", ""pct"": 14.63}, {""score"": ""1 - 1"", ""pct"": 12.950000000000001}, {""score"": ""0 - 0"", ""pct"": 12.65}]"
Bosnia and Herzegovina,Jordan,Neutral,1.315,1.193,38.5,28.8,32.8,38.6,6.4,8.8,32.7,5.9,7.5,53.8,46.2,"[{""score"": ""1 - 1"", ""pct"": 13.15}, {""score"": ""1 - 0"", ""pct"": 10.780000000000001}, {""score"": ""0 - 1"", ""pct"": 9.569999999999999}]"
Bosnia and Herzegovina,Saudi Arabia,Neutral,1.183,1.032,38.8,30.3,30.8,39.2,6.3,9.3,30.8,5.7,8.6,54.8,45.2,"[{""score"": ""1 - 1"", ""pct"": 13.5}, {""score"": ""1 - 0"", ""pct"": 12.94}, {""score"": ""0 - 0"", ""pct"": 12.08}]"
Bosnia and Herzegovina,Austria,Neutral,0.912,1.817,17.7,23.2,59.1,17.0,3.2,4.2,58.9,8.0,8.6,24.4,75.6,"[{""score"": ""0 - 1"", ""pct"": 12.27}, {""score"": ""0 - 2"", ""pct"": 10.33}, {""score"": ""1 - 1"", ""pct"": 10.08}]"
Bosnia and Herzegovina,Haiti,Neutral,1.832,1.039,56.5,23.4,20.0,55.6,7.3,7.7,20.8,4.0,4.5,70.7,29.3,"[{""score"": ""1 - 0"", ""pct"": 11.08}, {""score"": ""1 - 1"", ""pct"": 10.85}, {""score"": ""2 - 1"", ""pct"": 9.86}]"
Bosnia and Herzegovina,Japan,Neutral,0.847,1.847,15.8,23.1,61.1,15.7,3.2,4.0,60.8,7.9,8.5,22.9,77.1,"[{""score"": ""0 - 1"", ""pct"": 13.23}, {""score"": ""0 - 2"", ""pct"": 11.64}, {""score"": ""1 - 1"", ""pct"": 10.83}]"
Bosnia and Herzegovina,Panama,Neutral,1.374,1.178,40.2,28.3,31.4,41.3,6.7,8.1,31.1,5.5,7.4,56.0,44.0,"[{""score"": ""1 - 1"", ""pct"": 12.55}, {""score"": ""1 - 0"", ""pct"": 11.219999999999999}, {""score"": ""0 - 1"", ""pct"": 9.44}]"
Bosnia and Herzegovina,Brazil,Neutral,0.557,2.734,4.6,12.2,83.2,4.6,0.9,0.9,83.3,5.8,4.5,6.5,93.5,"[{""score"": ""0 - 2"", ""pct"": 13.98}, {""score"": ""0 - 3"", ""pct"": 12.45}, {""score"": ""0 - 1"", ""pct"": 11.06}]"
Uruguay,United States,Neutral,1.577,0.788,56.0,25.9,18.0,56.3,7.3,9.8,17.9,3.4,5.2,73.4,26.6,"[{""score"": ""1 - 0"", ""pct"": 15.02}, {""score"": ""2 - 0"", ""pct"": 11.67}, {""score"": ""1 - 1"", ""pct"": 11.29}]"
Uruguay,Sweden,Neutral,1.486,0.958,49.4,27.2,23.4,49.1,7.7,9.5,22.7,4.5,6.4,66.3,33.7,"[{""score"": ""1 - 0"", ""pct"": 13.38}, {""score"": ""1 - 1"", ""pct"": 12.06}, {""score"": ""0 - 0"", ""pct"": 9.629999999999999}]"
Uruguay,Canada,Neutral,1.5,0.715,55.9,27.2,16.9,56.0,7.7,11.0,17.1,3.1,5.0,74.7,25.3,"[{""score"": ""1 - 0"", ""pct"": 16.830000000000002}, {""score"": ""1 - 1"", ""pct"": 11.93}, {""score"": ""2 - 0"", ""pct"": 11.690000000000001}]"
Uruguay,France,Neutral,0.912,1.254,25.2,30.5,44.3,26.3,5.1,7.3,44.3,6.8,10.1,38.7,61.3,"[{""score"": ""0 - 1"", ""pct"": 14.77}, {""score"": ""1 - 1"", ""pct"": 13.120000000000001}, {""score"": ""0 - 0"", ""pct"": 12.6}]"
Uruguay,Egypt,Neutral,1.332,0.659,53.3,29.5,17.2,53.1,7.6,12.0,17.8,3.4,6.2,72.8,27.2,"[{""score"": ""1 - 0"", ""pct"": 19.0}, {""score"": ""0 - 0"", ""pct"": 15.06}, {""score"": ""2 - 0"", ""pct"": 11.540000000000001}]"
Uruguay,Norway,Neutral,1.379,1.047,43.9,28.2,27.9,44.4,7.1,9.8,26.9,5.0,6.7,61.4,38.6,"[{""score"": ""1 - 1"", ""pct"": 12.18}, {""score"": ""1 - 0"", ""pct"": 12.049999999999999}, {""score"": ""0 - 0"", ""pct"": 10.2}]"
Uruguay,Spain,Neutral,0.844,1.515,19.7,27.4,52.9,19.3,3.9,5.5,53.4,7.2,10.8,28.7,71.3,"[{""score"": ""0 - 1"", ""pct"": 14.08}, {""score"": ""1 - 1"", ""pct"": 11.97}, {""score"": ""0 - 0"", ""pct"": 10.7}]"
Uruguay,Ivory Coast,Neutral,1.34,0.718,51.2,29.1,19.8,51.1,7.4,12.0,19.2,3.8,6.5,70.5,29.4,"[{""score"": ""1 - 0"", ""pct"": 17.71}, {""score"": ""0 - 0"", ""pct"": 13.22}, {""score"": ""1 - 1"", ""pct"": 12.32}]"
Uruguay,New Zealand,Neutral,1.921,0.41,74.5,19.5,6.0,73.6,7.7,9.2,6.3,1.3,1.9,90.6,9.4,"[{""score"": ""1 - 0"", ""pct"": 19.7}, {""score"": ""2 - 0"", ""pct"": 18.26}, {""score"": ""0 - 0"", ""pct"": 10.54}]"
Uruguay,Algeria,Neutral,1.528,0.886,52.1,27.1,20.8,53.1,6.8,10.2,20.7,3.8,5.3,70.2,29.8,"[{""score"": ""1 - 0"", ""pct"": 13.55}, {""score"": ""1 - 1"", ""pct"": 11.790000000000001}, {""score"": ""2 - 0"", ""pct"": 10.639999999999999}]"
Uruguay,Uzbekistan,Neutral,1.481,0.598,58.9,27.3,13.7,59.0,7.9,11.7,13.8,2.6,5.0,78.6,21.4,"[{""score"": ""1 - 0"", ""pct"": 18.73}, {""score"": ""2 - 0"", ""pct"": 13.270000000000001}, {""score"": ""0 - 0"", ""pct"": 13.059999999999999}]"
Uruguay,Curaçao,Neutral,2.97,0.394,89.1,8.7,2.2,88.5,4.7,3.4,2.6,0.4,0.5,96.6,3.4,"[{""score"": ""3 - 0"", ""pct"": 15.28}, {""score"": ""2 - 0"", ""pct"": 15.24}, {""score"": ""1 - 0"", ""pct"": 11.12}]"
Uruguay,DR Congo,Neutral,1.521,0.566,61.5,25.8,12.7,60.9,8.1,11.3,12.8,2.7,4.1,80.3,19.7,"[{""score"": ""1 - 0"", ""pct"": 19.08}, {""score"": ""2 - 0"", ""pct"": 14.540000000000001}, {""score"": ""0 - 0"", ""pct"": 12.989999999999998}]"
Uruguay,Iraq,Neutral,1.758,0.5,68.8,22.1,9.0,68.0,7.8,10.6,8.9,1.8,2.9,86.4,13.6,"[{""score"": ""1 - 0"", ""pct"": 18.56}, {""score"": ""2 - 0"", ""pct"": 16.32}, {""score"": ""0 - 0"", ""pct"": 11.29}]"
Uruguay,Ghana,Neutral,1.739,0.607,64.3,24.0,11.7,65.7,7.4,10.0,11.4,2.1,3.5,83.0,17.0,"[{""score"": ""1 - 0"", ""pct"": 17.01}, {""score"": ""2 - 0"", ""pct"": 14.2}, {""score"": ""0 - 0"", ""pct"": 10.48}]"
Uruguay,Ecuador,Neutral,0.988,0.828,37.2,34.3,28.5,37.4,6.7,12.6,28.2,5.0,10.2,56.7,43.3,"[{""score"": ""0 - 0"", ""pct"": 16.99}, {""score"": ""1 - 0"", ""pct"": 15.590000000000002}, {""score"": ""1 - 1"", ""pct"": 14.069999999999999}]"
Uruguay,Cape Verde,Neutral,1.896,0.496,71.0,21.1,7.9,71.0,7.9,9.3,7.8,1.7,2.3,88.2,11.8,"[{""score"": ""1 - 0"", ""pct"": 17.599999999999998}, {""score"": ""2 - 0"", ""pct"": 15.93}, {""score"": ""3 - 0"", ""pct"": 10.32}]"
Uruguay,Iran,Neutral,1.285,0.779,48.1,30.6,21.3,48.0,7.6,11.6,21.4,4.1,7.3,67.3,32.7,"[{""score"": ""1 - 0"", ""pct"": 16.29}, {""score"": ""0 - 0"", ""pct"": 13.120000000000001}, {""score"": ""1 - 1"", ""pct"": 13.059999999999999}]"
Uruguay,Switzerland,Neutral,1.237,1.049,39.4,29.8,30.8,39.1,6.6,9.4,30.7,5.9,8.3,55.1,44.9,"[{""score"": ""1 - 1"", ""pct"": 13.270000000000001}, {""score"": ""1 - 0"", ""pct"": 12.540000000000001}, {""score"": ""0 - 1"", ""pct"": 11.18}]"
Uruguay,Bosnia and Herzegovina,Neutral,1.909,0.654,67.8,21.8,10.4,67.3,7.6,8.5,11.1,2.2,3.2,83.4,16.6,"[{""score"": ""1 - 0"", ""pct"": 15.6}, {""score"": ""2 - 0"", ""pct"": 14.099999999999998}, {""score"": ""1 - 1"", ""pct"": 10.01}]"
Uruguay,Belgium,Neutral,1.123,1.24,31.2,30.3,38.5,32.8,5.7,8.5,37.8,6.3,8.9,47.1,52.9,"[{""score"": ""1 - 1"", ""pct"": 13.94}, {""score"": ""0 - 1"", ""pct"": 11.34}, {""score"": ""0 - 0"", ""pct"": 10.27}]"
Uruguay,Germany,Neutral,1.221,1.409,31.4,27.6,40.9,32.1,5.7,6.8,40.8,6.4,8.1,44.6,55.4,"[{""score"": ""1 - 1"", ""pct"": 12.41}, {""score"": ""0 - 1"", ""pct"": 10.61}, {""score"": ""1 - 0"", ""pct"": 8.67}]"
Uruguay,Senegal,Neutral,1.175,0.79,43.7,32.6,23.7,44.8,6.9,12.1,23.8,4.1,8.2,63.8,36.2,"[{""score"": ""1 - 0"", ""pct"": 15.740000000000002}, {""score"": ""0 - 0"", ""pct"": 15.61}, {""score"": ""1 - 1"", ""pct"": 13.29}]"
Uruguay,Portugal,Neutral,0.966,1.317,26.4,29.1,44.5,26.4,4.8,7.6,44.4,6.7,10.1,38.8,61.2,"[{""score"": ""0 - 1"", ""pct"": 14.099999999999998}, {""score"": ""1 - 1"", ""pct"": 13.320000000000002}, {""score"": ""0 - 0"", ""pct"": 10.75}]"
Uruguay,Argentina,Neutral,0.705,1.26,20.2,30.6,49.3,19.8,4.2,7.0,49.2,7.4,12.3,31.1,68.9,"[{""score"": ""0 - 1"", ""pct"": 17.349999999999998}, {""score"": ""0 - 0"", ""pct"": 15.190000000000001}, {""score"": ""1 - 1"", ""pct"": 11.99}]"
Uruguay,South Africa,Neutral,1.726,0.563,65.8,23.2,11.0,66.7,7.9,9.6,10.4,1.9,3.5,84.2,15.8,"[{""score"": ""1 - 0"", ""pct"": 17.14}, {""score"": ""2 - 0"", ""pct"": 14.540000000000001}, {""score"": ""0 - 0"", ""pct"": 10.99}]"
Uruguay,Paraguay,Neutral,1.239,0.716,48.0,31.2,20.8,47.8,7.5,12.5,20.9,3.9,7.4,67.8,32.2,"[{""score"": ""1 - 0"", ""pct"": 17.51}, {""score"": ""0 - 0"", ""pct"": 15.740000000000002}, {""score"": ""1 - 1"", ""pct"": 12.34}]"
Uruguay,Mexico,Neutral,1.225,0.783,46.2,31.3,22.5,46.3,7.4,12.2,22.3,4.3,7.6,65.9,34.1,"[{""score"": ""1 - 0"", ""pct"": 17.0}, {""score"": ""0 - 0"", ""pct"": 14.29}, {""score"": ""1 - 1"", ""pct"": 13.370000000000001}]"
Uruguay,Turkey,Neutral,1.535,0.972,50.3,26.7,23.1,49.8,7.4,10.0,23.0,4.3,5.5,67.2,32.8,"[{""score"": ""1 - 0"", ""pct"": 12.68}, {""score"": ""1 - 1"", ""pct"": 11.84}, {""score"": ""2 - 1"", ""pct"": 9.84}]"
Uruguay,England,Neutral,0.8,1.221,22.9,31.5,45.6,23.5,4.9,7.7,45.3,7.2,11.3,36.2,63.8,"[{""score"": ""0 - 1"", ""pct"": 16.55}, {""score"": ""0 - 0"", ""pct"": 13.98}, {""score"": ""1 - 1"", ""pct"": 13.51}]"
Uruguay,Qatar,Neutral,2.44,0.589,78.1,15.6,6.3,79.0,6.2,6.0,6.1,1.2,1.5,91.2,8.8,"[{""score"": ""2 - 0"", ""pct"": 14.280000000000001}, {""score"": ""1 - 0"", ""pct"": 12.36}, {""score"": ""3 - 0"", ""pct"": 11.18}]"
Uruguay,Colombia,Neutral,0.955,1.111,30.3,31.0,38.7,29.7,5.5,8.8,39.1,6.4,10.5,44.1,55.9,"[{""score"": ""0 - 1"", ""pct"": 14.42}, {""score"": ""0 - 0"", ""pct"": 13.750000000000002}, {""score"": ""1 - 1"", ""pct"": 13.05}]"
Uruguay,Czech Republic,Neutral,1.521,0.828,53.8,27.1,19.1,53.6,7.8,10.8,18.7,3.6,5.5,72.2,27.8,"[{""score"": ""1 - 0"", ""pct"": 14.31}, {""score"": ""1 - 1"", ""pct"": 11.62}, {""score"": ""2 - 0"", ""pct"": 10.84}]"
Uruguay,Croatia,Neutral,1.142,1.03,38.2,30.8,30.9,37.8,6.8,9.7,31.9,5.5,8.5,54.2,45.8,"[{""score"": ""1 - 0"", ""pct"": 13.69}, {""score"": ""1 - 1"", ""pct"": 13.489999999999998}, {""score"": ""0 - 0"", ""pct"": 12.659999999999998}]"
Uruguay,Netherlands,Neutral,1.148,1.28,32.0,29.1,38.9,31.8,5.8,8.1,39.0,6.9,8.5,45.7,54.3,"[{""score"": ""1 - 1"", ""pct"": 13.34}, {""score"": ""0 - 1"", ""pct"": 11.540000000000001}, {""score"": ""1 - 0"", ""pct"": 9.98}]"
Uruguay,South Korea,Neutral,1.431,0.75,53.2,28.4,18.4,53.2,8.0,10.6,18.8,3.7,5.7,71.8,28.2,"[{""score"": ""1 - 0"", ""pct"": 16.28}, {""score"": ""0 - 0"", ""pct"": 12.36}, {""score"": ""1 - 1"", ""pct"": 12.13}]"
Uruguay,Australia,Neutral,1.309,0.773,48.6,29.8,21.6,49.4,7.6,10.9,20.8,4.0,7.4,67.8,32.2,"[{""score"": ""1 - 0"", ""pct"": 15.920000000000002}, {""score"": ""0 - 0"", ""pct"": 13.350000000000001}, {""score"": ""1 - 1"", ""pct"": 12.559999999999999}]"
Uruguay,Morocco,Neutral,0.887,0.839,34.1,35.3,30.6,33.4,6.3,12.0,30.9,6.0,11.4,51.7,48.3,"[{""score"": ""0 - 0"", ""pct"": 19.13}, {""score"": ""1 - 0"", ""pct"": 15.35}, {""score"": ""0 - 1"", ""pct"": 14.48}]"
Uruguay,Scotland,Neutral,1.484,0.811,53.5,27.3,19.2,52.3,8.0,9.9,19.7,3.8,6.2,70.2,29.8,"[{""score"": ""1 - 0"", ""pct"": 15.540000000000001}, {""score"": ""1 - 1"", ""pct"": 11.690000000000001}, {""score"": ""0 - 0"", ""pct"": 11.05}]"
Uruguay,Tunisia,Neutral,1.324,0.645,53.8,29.2,17.0,53.9,7.2,12.8,17.1,3.2,5.8,73.9,26.1,"[{""score"": ""1 - 0"", ""pct"": 18.42}, {""score"": ""0 - 0"", ""pct"": 14.57}, {""score"": ""2 - 0"", ""pct"": 12.02}]"
Uruguay,Jordan,Neutral,1.942,0.603,69.3,20.7,10.0,69.5,7.5,8.5,10.0,2.0,2.6,85.4,14.6,"[{""score"": ""1 - 0"", ""pct"": 15.67}, {""score"": ""2 - 0"", ""pct"": 14.180000000000001}, {""score"": ""3 - 0"", ""pct"": 9.08}]"
Uruguay,Saudi Arabia,Neutral,1.746,0.522,66.6,23.0,10.4,68.1,7.8,10.1,8.9,1.9,3.1,86.0,14.0,"[{""score"": ""1 - 0"", ""pct"": 18.32}, {""score"": ""2 - 0"", ""pct"": 15.409999999999998}, {""score"": ""0 - 0"", ""pct"": 11.01}]"
Uruguay,Austria,Neutral,1.346,0.919,46.8,28.8,24.4,46.0,7.8,9.7,24.5,4.6,7.4,63.5,36.5,"[{""score"": ""1 - 0"", ""pct"": 14.19}, {""score"": ""1 - 1"", ""pct"": 13.139999999999999}, {""score"": ""0 - 0"", ""pct"": 10.99}]"
Uruguay,Haiti,Neutral,2.705,0.525,84.0,11.6,4.5,83.8,5.4,5.0,4.3,0.8,0.7,94.2,5.8,"[{""score"": ""2 - 0"", ""pct"": 14.66}, {""score"": ""3 - 0"", ""pct"": 12.790000000000001}, {""score"": ""1 - 0"", ""pct"": 11.44}]"
Uruguay,Japan,Neutral,1.25,0.934,43.0,29.9,27.1,42.8,6.9,11.0,26.6,4.7,8.0,60.8,39.2,"[{""score"": ""1 - 0"", ""pct"": 14.27}, {""score"": ""1 - 1"", ""pct"": 13.34}, {""score"": ""0 - 0"", ""pct"": 12.07}]"
Uruguay,Panama,Neutral,2.028,0.596,71.5,19.7,8.7,72.2,7.2,8.1,8.4,1.7,2.4,87.5,12.5,"[{""score"": ""1 - 0"", ""pct"": 15.43}, {""score"": ""2 - 0"", ""pct"": 14.549999999999999}, {""score"": ""3 - 0"", ""pct"": 9.35}]"
Uruguay,Brazil,Neutral,0.822,1.383,20.7,28.5,50.8,21.1,3.6,6.5,50.1,7.3,11.3,31.2,68.8,"[{""score"": ""0 - 1"", ""pct"": 15.909999999999998}, {""score"": ""1 - 1"", ""pct"": 12.13}, {""score"": ""0 - 0"", ""pct"": 11.690000000000001}]"
Belgium,United States,Neutral,2.027,0.917,62.3,21.9,15.7,62.6,7.7,7.8,15.9,2.8,3.4,78.0,22.0,"[{""score"": ""1 - 0"", ""pct"": 11.06}, {""score"": ""2 - 0"", ""pct"": 10.66}, {""score"": ""1 - 1"", ""pct"": 9.99}]"
Belgium,Sweden,Neutral,1.909,1.115,55.5,22.9,21.7,56.5,7.6,7.0,20.5,3.9,4.6,71.1,28.9,"[{""score"": ""1 - 1"", ""pct"": 10.39}, {""score"": ""1 - 0"", ""pct"": 9.66}, {""score"": ""2 - 1"", ""pct"": 9.41}]"
Belgium,Canada,Neutral,1.927,0.832,64.5,21.5,14.1,63.6,7.4,9.0,13.9,2.7,3.4,80.0,20.0,"[{""score"": ""1 - 0"", ""pct"": 12.82}, {""score"": ""2 - 0"", ""pct"": 11.899999999999999}, {""score"": ""1 - 1"", ""pct"": 9.790000000000001}]"
Belgium,France,Neutral,1.172,1.46,29.4,27.4,43.2,29.7,5.1,6.5,44.3,6.5,7.9,41.2,58.8,"[{""score"": ""1 - 1"", ""pct"": 12.280000000000001}, {""score"": ""0 - 1"", ""pct"": 11.01}, {""score"": ""1 - 2"", ""pct"": 8.72}]"
Belgium,Egypt,Neutral,1.712,0.767,59.1,25.2,15.8,60.3,7.4,9.2,15.8,3.1,4.3,76.8,23.2,"[{""score"": ""1 - 0"", ""pct"": 14.45}, {""score"": ""2 - 0"", ""pct"": 12.35}, {""score"": ""1 - 1"", ""pct"": 11.1}]"
Belgium,Norway,Neutral,1.772,1.218,49.9,24.7,25.4,49.9,7.4,7.8,25.4,4.3,5.2,65.0,35.0,"[{""score"": ""1 - 1"", ""pct"": 11.19}, {""score"": ""2 - 1"", ""pct"": 9.82}, {""score"": ""1 - 0"", ""pct"": 9.07}]"
Belgium,Spain,Neutral,1.085,1.763,22.2,24.1,53.7,23.5,4.2,4.9,52.1,7.4,8.0,32.6,67.4,"[{""score"": ""1 - 1"", ""pct"": 10.91}, {""score"": ""0 - 1"", ""pct"": 10.69}, {""score"": ""1 - 2"", ""pct"": 10.08}]"
Belgium,Ivory Coast,Neutral,1.723,0.835,58.6,24.5,16.9,58.4,8.2,9.3,16.7,3.2,4.2,75.8,24.1,"[{""score"": ""1 - 0"", ""pct"": 13.96}, {""score"": ""2 - 0"", ""pct"": 11.129999999999999}, {""score"": ""1 - 1"", ""pct"": 10.639999999999999}]"
Belgium,New Zealand,Neutral,2.469,0.477,81.4,14.0,4.5,81.6,6.3,5.5,4.7,1.0,1.0,93.4,6.6,"[{""score"": ""2 - 0"", ""pct"": 16.900000000000002}, {""score"": ""1 - 0"", ""pct"": 13.91}, {""score"": ""3 - 0"", ""pct"": 13.15}]"
Belgium,Algeria,Neutral,1.964,1.031,59.3,21.9,18.7,59.8,7.6,7.3,18.1,3.5,3.8,74.6,25.4,"[{""score"": ""2 - 1"", ""pct"": 9.99}, {""score"": ""1 - 0"", ""pct"": 9.89}, {""score"": ""2 - 0"", ""pct"": 9.5}]"
Belgium,Uzbekistan,Neutral,1.903,0.696,66.3,22.1,11.6,66.6,7.3,8.5,11.9,2.4,3.3,82.4,17.6,"[{""score"": ""1 - 0"", ""pct"": 14.91}, {""score"": ""2 - 0"", ""pct"": 12.9}, {""score"": ""2 - 1"", ""pct"": 9.74}]"
Belgium,Curaçao,Neutral,3.817,0.459,93.9,4.7,1.4,94.1,2.8,1.5,1.2,0.1,0.2,98.4,1.6,"[{""score"": ""3 - 0"", ""pct"": 13.44}, {""score"": ""4 - 0"", ""pct"": 12.839999999999998}, {""score"": ""2 - 0"", ""pct"": 10.31}]"
Belgium,DR Congo,Neutral,1.955,0.658,68.8,20.8,10.4,68.2,7.5,8.7,10.4,2.0,3.1,84.5,15.5,"[{""score"": ""1 - 0"", ""pct"": 15.379999999999999}, {""score"": ""2 - 0"", ""pct"": 14.11}, {""score"": ""2 - 1"", ""pct"": 9.04}]"
Belgium,Iraq,Neutral,2.26,0.582,76.0,17.1,6.9,76.7,6.3,6.9,7.1,1.3,1.6,89.9,10.1,"[{""score"": ""2 - 0"", ""pct"": 14.729999999999999}, {""score"": ""1 - 0"", ""pct"": 13.639999999999999}, {""score"": ""3 - 0"", ""pct"": 11.12}]"
Belgium,Ghana,Neutral,2.235,0.707,72.5,18.1,9.3,73.3,6.9,6.8,8.8,1.9,2.3,87.0,13.0,"[{""score"": ""2 - 0"", ""pct"": 13.059999999999999}, {""score"": ""1 - 0"", ""pct"": 11.600000000000001}, {""score"": ""3 - 0"", ""pct"": 9.629999999999999}]"
Belgium,Ecuador,Neutral,1.27,0.963,43.4,29.1,27.5,43.3,7.0,10.4,26.5,5.1,7.7,60.7,39.3,"[{""score"": ""1 - 0"", ""pct"": 13.5}, {""score"": ""1 - 1"", ""pct"": 12.379999999999999}, {""score"": ""0 - 0"", ""pct"": 11.88}]"
Belgium,Cape Verde,Neutral,2.437,0.577,79.0,15.2,5.8,78.9,6.7,5.9,5.8,1.3,1.4,91.5,8.5,"[{""score"": ""2 - 0"", ""pct"": 14.499999999999998}, {""score"": ""1 - 0"", ""pct"": 12.370000000000001}, {""score"": ""3 - 0"", ""pct"": 11.15}]"
Belgium,Iran,Neutral,1.652,0.906,54.7,25.9,19.4,54.7,7.6,9.1,19.9,3.6,5.1,71.4,28.6,"[{""score"": ""1 - 0"", ""pct"": 12.7}, {""score"": ""1 - 1"", ""pct"": 11.600000000000001}, {""score"": ""2 - 0"", ""pct"": 10.84}]"
Belgium,Switzerland,Neutral,1.59,1.221,46.4,24.5,29.2,45.4,6.8,8.2,29.1,4.6,5.9,60.4,39.6,"[{""score"": ""1 - 1"", ""pct"": 10.8}, {""score"": ""1 - 0"", ""pct"": 9.93}, {""score"": ""2 - 1"", ""pct"": 9.48}]"
Belgium,Bosnia and Herzegovina,Neutral,2.453,0.761,75.0,16.3,8.7,75.9,6.8,5.8,8.2,1.5,1.8,88.5,11.5,"[{""score"": ""2 - 0"", ""pct"": 12.809999999999999}, {""score"": ""1 - 0"", ""pct"": 10.31}, {""score"": ""2 - 1"", ""pct"": 9.71}]"
Belgium,Uruguay,Neutral,1.24,1.123,38.8,28.8,32.4,38.6,6.4,9.2,31.8,5.7,8.4,54.1,45.9,"[{""score"": ""1 - 1"", ""pct"": 13.48}, {""score"": ""1 - 0"", ""pct"": 11.49}, {""score"": ""0 - 1"", ""pct"": 10.34}]"
Belgium,Germany,Neutral,1.569,1.64,35.7,25.0,39.3,37.7,6.0,5.7,38.1,5.9,6.6,49.4,50.6,"[{""score"": ""1 - 1"", ""pct"": 10.51}, {""score"": ""1 - 2"", ""pct"": 8.33}, {""score"": ""2 - 1"", ""pct"": 8.18}]"
Belgium,Senegal,Neutral,1.51,0.92,51.1,27.6,21.3,50.6,7.8,9.8,21.3,4.3,6.2,68.2,31.8,"[{""score"": ""1 - 0"", ""pct"": 13.33}, {""score"": ""1 - 1"", ""pct"": 12.58}, {""score"": ""0 - 0"", ""pct"": 9.8}]"
Belgium,Portugal,Neutral,1.242,1.533,30.1,26.5,43.4,30.3,5.6,6.4,43.3,6.9,7.5,42.3,57.7,"[{""score"": ""1 - 1"", ""pct"": 11.99}, {""score"": ""0 - 1"", ""pct"": 9.87}, {""score"": ""1 - 2"", ""pct"": 8.86}]"
Belgium,Argentina,Neutral,0.906,1.467,23.3,27.8,48.9,22.1,4.0,6.1,50.8,7.3,9.8,32.1,67.9,"[{""score"": ""0 - 1"", ""pct"": 13.13}, {""score"": ""1 - 1"", ""pct"": 12.280000000000001}, {""score"": ""0 - 0"", ""pct"": 10.15}]"
Belgium,South Africa,Neutral,2.219,0.655,74.0,17.6,8.4,72.6,7.5,7.0,9.0,1.6,2.2,87.1,12.9,"[{""score"": ""2 - 0"", ""pct"": 14.06}, {""score"": ""1 - 0"", ""pct"": 13.489999999999998}, {""score"": ""3 - 0"", ""pct"": 10.25}]"
Belgium,Paraguay,Neutral,1.593,0.833,55.6,26.1,18.3,54.8,7.9,10.0,19.1,3.4,4.8,72.7,27.3,"[{""score"": ""1 - 0"", ""pct"": 14.549999999999999}, {""score"": ""1 - 1"", ""pct"": 11.48}, {""score"": ""2 - 0"", ""pct"": 10.9}]"
Belgium,Mexico,Neutral,1.575,0.912,51.7,26.8,21.5,53.0,7.7,8.9,20.6,4.2,5.6,69.7,30.4,"[{""score"": ""1 - 0"", ""pct"": 13.530000000000001}, {""score"": ""1 - 1"", ""pct"": 11.77}, {""score"": ""2 - 0"", ""pct"": 9.94}]"
Belgium,Turkey,Neutral,1.973,1.132,57.6,21.8,20.6,57.2,7.5,7.4,20.4,3.7,3.8,72.0,28.0,"[{""score"": ""1 - 1"", ""pct"": 10.38}, {""score"": ""2 - 1"", ""pct"": 10.27}, {""score"": ""1 - 0"", ""pct"": 9.8}]"
Belgium,England,Neutral,1.029,1.421,26.1,28.3,45.6,26.1,4.6,6.6,46.5,7.3,8.8,37.4,62.6,"[{""score"": ""1 - 1"", ""pct"": 13.03}, {""score"": ""0 - 1"", ""pct"": 13.01}, {""score"": ""0 - 0"", ""pct"": 9.54}]"
Belgium,Qatar,Neutral,3.136,0.685,85.9,10.1,4.0,85.7,5.0,3.5,4.2,0.8,0.9,94.1,5.9,"[{""score"": ""2 - 0"", ""pct"": 11.55}, {""score"": ""3 - 0"", ""pct"": 11.379999999999999}, {""score"": ""4 - 0"", ""pct"": 8.62}]"
Belgium,Colombia,Neutral,1.228,1.293,33.9,28.1,38.0,33.7,6.0,7.7,37.4,6.6,8.6,47.4,52.6,"[{""score"": ""1 - 1"", ""pct"": 12.740000000000002}, {""score"": ""0 - 1"", ""pct"": 10.36}, {""score"": ""1 - 0"", ""pct"": 9.45}]"
Belgium,Czech Republic,Neutral,1.955,0.963,61.3,22.2,16.5,61.0,7.5,7.7,16.6,3.5,3.8,76.2,23.8,"[{""score"": ""1 - 0"", ""pct"": 10.9}, {""score"": ""2 - 0"", ""pct"": 10.27}, {""score"": ""2 - 1"", ""pct"": 10.040000000000001}]"
Belgium,Croatia,Neutral,1.468,1.198,43.5,26.0,30.5,42.9,6.4,8.2,30.1,5.8,6.6,57.5,42.5,"[{""score"": ""1 - 1"", ""pct"": 11.32}, {""score"": ""1 - 0"", ""pct"": 11.07}, {""score"": ""2 - 1"", ""pct"": 8.42}]"
Belgium,Netherlands,Neutral,1.475,1.49,37.4,25.7,36.9,37.1,5.9,6.5,37.5,6.3,6.6,49.5,50.5,"[{""score"": ""1 - 1"", ""pct"": 11.76}, {""score"": ""0 - 1"", ""pct"": 8.18}, {""score"": ""2 - 1"", ""pct"": 8.14}]"
Belgium,South Korea,Neutral,1.839,0.873,60.8,22.9,16.3,60.2,7.7,9.3,16.1,3.0,3.7,77.2,22.8,"[{""score"": ""1 - 0"", ""pct"": 13.07}, {""score"": ""2 - 0"", ""pct"": 10.83}, {""score"": ""1 - 1"", ""pct"": 10.41}]"
Belgium,Australia,Neutral,1.682,0.9,55.4,24.7,19.8,55.7,7.6,9.2,18.7,3.6,5.1,72.5,27.4,"[{""score"": ""1 - 0"", ""pct"": 13.450000000000001}, {""score"": ""1 - 1"", ""pct"": 11.459999999999999}, {""score"": ""2 - 1"", ""pct"": 9.93}]"
Belgium,Morocco,Neutral,1.14,0.977,38.4,31.5,30.1,38.1,6.5,10.3,30.5,5.4,9.1,55.0,45.0,"[{""score"": ""1 - 0"", ""pct"": 13.94}, {""score"": ""1 - 1"", ""pct"": 13.94}, {""score"": ""0 - 0"", ""pct"": 13.270000000000001}]"
Belgium,Scotland,Neutral,1.908,0.944,60.9,22.7,16.4,59.8,7.3,8.0,17.3,3.1,4.5,75.1,24.9,"[{""score"": ""1 - 0"", ""pct"": 11.81}, {""score"": ""2 - 0"", ""pct"": 10.71}, {""score"": ""1 - 1"", ""pct"": 10.25}]"
Belgium,Tunisia,Neutral,1.702,0.751,61.3,24.2,14.5,61.1,7.5,9.1,15.0,3.0,4.2,77.7,22.3,"[{""score"": ""1 - 0"", ""pct"": 15.35}, {""score"": ""2 - 0"", ""pct"": 12.72}, {""score"": ""1 - 1"", ""pct"": 10.68}]"
Belgium,Jordan,Neutral,2.496,0.702,77.1,15.4,7.4,77.1,6.5,5.8,8.0,1.3,1.4,89.3,10.7,"[{""score"": ""2 - 0"", ""pct"": 13.209999999999999}, {""score"": ""1 - 0"", ""pct"": 10.89}, {""score"": ""3 - 0"", ""pct"": 10.23}]"
Belgium,Saudi Arabia,Neutral,2.245,0.607,75.4,16.8,7.8,75.0,6.9,6.7,8.1,1.4,1.9,88.6,11.4,"[{""score"": ""2 - 0"", ""pct"": 14.41}, {""score"": ""1 - 0"", ""pct"": 13.639999999999999}, {""score"": ""3 - 0"", ""pct"": 10.2}]"
Belgium,Austria,Neutral,1.731,1.069,53.5,24.7,21.8,53.9,7.6,7.8,21.4,4.1,5.1,69.3,30.7,"[{""score"": ""1 - 1"", ""pct"": 11.73}, {""score"": ""1 - 0"", ""pct"": 11.200000000000001}, {""score"": ""2 - 1"", ""pct"": 9.370000000000001}]"
Belgium,Haiti,Neutral,3.476,0.611,89.5,7.8,2.7,89.4,4.0,2.8,2.9,0.5,0.4,96.2,3.8,"[{""score"": ""3 - 0"", ""pct"": 12.32}, {""score"": ""2 - 0"", ""pct"": 10.71}, {""score"": ""4 - 0"", ""pct"": 9.78}]"
Belgium,Japan,Neutral,1.607,1.087,50.0,25.6,24.4,50.3,6.6,8.2,25.3,4.6,5.2,65.0,35.0,"[{""score"": ""1 - 1"", ""pct"": 11.4}, {""score"": ""1 - 0"", ""pct"": 11.31}, {""score"": ""2 - 1"", ""pct"": 9.84}]"
Belgium,Panama,Neutral,2.607,0.693,79.5,14.0,6.5,78.7,6.5,5.4,6.8,1.2,1.4,90.6,9.4,"[{""score"": ""2 - 0"", ""pct"": 12.27}, {""score"": ""3 - 0"", ""pct"": 10.6}, {""score"": ""1 - 0"", ""pct"": 10.56}]"
Belgium,Brazil,Neutral,1.057,1.609,23.6,26.6,49.8,24.0,4.5,5.4,50.5,7.3,8.3,33.9,66.1,"[{""score"": ""1 - 1"", ""pct"": 12.030000000000001}, {""score"": ""0 - 1"", ""pct"": 11.83}, {""score"": ""1 - 2"", ""pct"": 9.46}]"
Germany,United States,Neutral,2.303,0.997,67.5,18.2,14.2,67.0,7.5,6.3,13.5,2.7,3.1,80.7,19.3,"[{""score"": ""2 - 0"", ""pct"": 10.2}, {""score"": ""2 - 1"", ""pct"": 9.68}, {""score"": ""1 - 0"", ""pct"": 9.54}]"
Germany,Sweden,Neutral,2.17,1.212,58.9,20.8,20.2,58.6,7.8,6.8,19.7,3.9,3.2,73.2,26.8,"[{""score"": ""2 - 1"", ""pct"": 10.23}, {""score"": ""1 - 1"", ""pct"": 8.53}, {""score"": ""1 - 0"", ""pct"": 7.71}]"
Germany,Canada,Neutral,2.19,0.904,67.2,19.6,13.3,67.6,7.2,6.9,13.1,2.5,2.7,81.6,18.4,"[{""score"": ""2 - 0"", ""pct"": 10.79}, {""score"": ""1 - 0"", ""pct"": 10.780000000000001}, {""score"": ""2 - 1"", ""pct"": 9.81}]"
Germany,France,Neutral,1.332,1.586,31.1,24.8,44.1,31.7,5.5,6.0,43.1,6.1,7.5,43.2,56.8,"[{""score"": ""1 - 1"", ""pct"": 11.020000000000001}, {""score"": ""1 - 2"", ""pct"": 9.36}, {""score"": ""0 - 1"", ""pct"": 8.690000000000001}]"
Germany,Egypt,Neutral,1.946,0.834,63.9,22.5,13.7,63.7,7.6,8.4,14.6,2.6,3.1,79.7,20.3,"[{""score"": ""1 - 0"", ""pct"": 12.47}, {""score"": ""2 - 0"", ""pct"": 11.62}, {""score"": ""1 - 1"", ""pct"": 10.38}]"
Germany,Norway,Neutral,2.014,1.324,53.6,22.1,24.2,53.5,7.4,6.4,24.1,4.2,4.3,67.4,32.6,"[{""score"": ""2 - 1"", ""pct"": 9.78}, {""score"": ""1 - 1"", ""pct"": 9.53}, {""score"": ""1 - 0"", ""pct"": 7.6}]"
Germany,Spain,Neutral,1.233,1.917,23.4,23.3,53.3,24.6,4.5,4.5,52.8,6.7,7.0,33.5,66.5,"[{""score"": ""1 - 2"", ""pct"": 10.2}, {""score"": ""1 - 1"", ""pct"": 9.969999999999999}, {""score"": ""0 - 1"", ""pct"": 8.91}]"
Germany,Ivory Coast,Neutral,1.957,0.908,62.1,22.0,15.9,62.4,7.2,8.0,15.9,3.0,3.5,77.5,22.5,"[{""score"": ""1 - 0"", ""pct"": 11.97}, {""score"": ""2 - 0"", ""pct"": 10.68}, {""score"": ""2 - 1"", ""pct"": 10.07}]"
Germany,New Zealand,Neutral,2.805,0.519,84.9,11.4,3.7,85.6,5.2,4.0,3.5,0.7,0.9,94.9,5.1,"[{""score"": ""2 - 0"", ""pct"": 14.49}, {""score"": ""3 - 0"", ""pct"": 13.0}, {""score"": ""1 - 0"", ""pct"": 10.979999999999999}]"
Germany,Algeria,Neutral,2.232,1.121,63.5,19.9,16.5,62.3,7.4,6.4,17.6,3.3,3.0,76.0,24.0,"[{""score"": ""2 - 1"", ""pct"": 9.55}, {""score"": ""2 - 0"", ""pct"": 9.32}, {""score"": ""1 - 1"", ""pct"": 8.25}]"
Germany,Uzbekistan,Neutral,2.162,0.757,69.5,19.3,11.2,69.8,7.1,7.6,10.9,1.9,2.6,84.6,15.4,"[{""score"": ""2 - 0"", ""pct"": 12.24}, {""score"": ""1 - 0"", ""pct"": 11.84}, {""score"": ""2 - 1"", ""pct"": 9.54}]"
Germany,Curaçao,Neutral,4.336,0.499,95.8,3.2,1.0,95.5,2.5,1.1,0.8,0.1,0.1,99.0,1.0,"[{""score"": ""3 - 0"", ""pct"": 11.559999999999999}, {""score"": ""4 - 0"", ""pct"": 11.15}, {""score"": ""5 - 0"", ""pct"": 10.39}]"
Germany,DR Congo,Neutral,2.221,0.715,72.0,18.5,9.5,72.6,7.1,7.0,9.3,1.8,2.2,86.7,13.3,"[{""score"": ""2 - 0"", ""pct"": 13.07}, {""score"": ""1 - 0"", ""pct"": 12.4}, {""score"": ""2 - 1"", ""pct"": 9.69}]"
Germany,Iraq,Neutral,2.567,0.632,80.3,13.2,6.4,79.7,6.2,5.5,5.9,1.2,1.5,91.5,8.5,"[{""score"": ""2 - 0"", ""pct"": 13.120000000000001}, {""score"": ""3 - 0"", ""pct"": 11.73}, {""score"": ""1 - 0"", ""pct"": 10.489999999999998}]"
Germany,Ghana,Neutral,2.54,0.768,76.8,15.4,7.8,76.2,6.8,5.6,8.3,1.5,1.5,88.7,11.4,"[{""score"": ""2 - 0"", ""pct"": 12.46}, {""score"": ""1 - 0"", ""pct"": 10.190000000000001}, {""score"": ""3 - 0"", ""pct"": 9.6}]"
Germany,Ecuador,Neutral,1.443,1.047,46.1,28.0,25.9,45.2,6.8,9.1,27.3,5.1,6.5,61.2,38.9,"[{""score"": ""1 - 1"", ""pct"": 12.540000000000001}, {""score"": ""1 - 0"", ""pct"": 11.709999999999999}, {""score"": ""0 - 0"", ""pct"": 9.3}]"
Germany,Cape Verde,Neutral,2.769,0.627,82.4,12.5,5.2,82.8,5.8,4.5,5.1,0.8,1.0,93.1,6.9,"[{""score"": ""2 - 0"", ""pct"": 12.839999999999998}, {""score"": ""3 - 0"", ""pct"": 12.35}, {""score"": ""1 - 0"", ""pct"": 9.59}]"
Germany,Iran,Neutral,1.877,0.985,58.3,23.4,18.3,58.5,7.6,8.3,18.3,3.2,4.0,74.5,25.5,"[{""score"": ""1 - 0"", ""pct"": 11.34}, {""score"": ""1 - 1"", ""pct"": 10.76}, {""score"": ""2 - 1"", ""pct"": 10.280000000000001}]"
Germany,Switzerland,Neutral,1.807,1.327,49.0,23.7,27.3,48.4,7.2,6.9,28.0,4.7,5.0,62.4,37.6,"[{""score"": ""2 - 1"", ""pct"": 10.0}, {""score"": ""1 - 1"", ""pct"": 9.84}, {""score"": ""1 - 0"", ""pct"": 8.14}]"
Germany,Bosnia and Herzegovina,Neutral,2.787,0.827,78.5,13.9,7.5,78.4,6.6,4.9,7.2,1.4,1.5,89.9,10.1,"[{""score"": ""2 - 0"", ""pct"": 10.58}, {""score"": ""3 - 0"", ""pct"": 9.26}, {""score"": ""2 - 1"", ""pct"": 8.99}]"
Germany,Uruguay,Neutral,1.409,1.221,40.9,27.2,31.9,41.4,6.7,8.1,31.4,5.5,6.9,56.2,43.8,"[{""score"": ""1 - 1"", ""pct"": 12.18}, {""score"": ""1 - 0"", ""pct"": 10.58}, {""score"": ""0 - 1"", ""pct"": 8.7}]"
Germany,Belgium,Neutral,1.64,1.569,40.0,24.1,35.9,39.7,5.7,6.3,36.2,5.7,6.4,51.7,48.3,"[{""score"": ""1 - 1"", ""pct"": 10.440000000000001}, {""score"": ""2 - 1"", ""pct"": 9.48}, {""score"": ""1 - 2"", ""pct"": 7.88}]"
Germany,Senegal,Neutral,1.715,1.0,54.5,24.2,21.3,54.4,7.4,8.6,20.3,4.0,5.2,70.5,29.5,"[{""score"": ""1 - 0"", ""pct"": 12.2}, {""score"": ""1 - 1"", ""pct"": 11.06}, {""score"": ""2 - 0"", ""pct"": 9.610000000000001}]"
Germany,Portugal,Neutral,1.411,1.666,31.3,25.0,43.8,32.0,5.3,5.6,43.1,6.9,7.0,42.9,57.0,"[{""score"": ""1 - 1"", ""pct"": 10.9}, {""score"": ""1 - 2"", ""pct"": 9.120000000000001}, {""score"": ""0 - 1"", ""pct"": 7.76}]"
Germany,Argentina,Neutral,1.03,1.594,23.8,26.2,50.1,24.2,4.3,5.6,49.8,7.5,8.6,34.1,65.9,"[{""score"": ""1 - 1"", ""pct"": 11.83}, {""score"": ""0 - 1"", ""pct"": 11.75}, {""score"": ""0 - 2"", ""pct"": 9.34}]"
Germany,South Africa,Neutral,2.521,0.712,77.6,14.9,7.5,77.7,6.3,5.5,7.6,1.5,1.5,89.4,10.6,"[{""score"": ""2 - 0"", ""pct"": 12.86}, {""score"": ""3 - 0"", ""pct"": 10.63}, {""score"": ""1 - 0"", ""pct"": 10.56}]"
Germany,Paraguay,Neutral,1.81,0.905,58.2,24.4,17.4,58.1,7.7,8.6,17.9,3.1,4.6,74.4,25.6,"[{""score"": ""1 - 0"", ""pct"": 12.24}, {""score"": ""1 - 1"", ""pct"": 10.86}, {""score"": ""2 - 0"", ""pct"": 10.299999999999999}]"
Germany,Mexico,Neutral,1.789,0.991,56.3,24.2,19.4,56.0,7.2,8.6,19.8,3.7,4.6,71.9,28.1,"[{""score"": ""1 - 0"", ""pct"": 11.75}, {""score"": ""1 - 1"", ""pct"": 11.59}, {""score"": ""2 - 1"", ""pct"": 9.69}]"
Germany,Turkey,Neutral,2.242,1.23,60.5,20.9,18.6,59.7,7.6,6.6,19.1,3.6,3.3,73.9,26.1,"[{""score"": ""2 - 1"", ""pct"": 9.950000000000001}, {""score"": ""1 - 1"", ""pct"": 8.99}, {""score"": ""2 - 0"", ""pct"": 8.1}]"
Germany,England,Neutral,1.169,1.544,27.6,26.3,46.1,27.9,4.7,6.3,46.1,6.7,8.3,38.9,61.1,"[{""score"": ""1 - 1"", ""pct"": 12.19}, {""score"": ""0 - 1"", ""pct"": 10.459999999999999}, {""score"": ""1 - 2"", ""pct"": 9.09}]"
Germany,Qatar,Neutral,3.564,0.745,88.6,7.9,3.5,88.8,4.0,2.5,3.7,0.6,0.5,95.2,4.8,"[{""score"": ""3 - 0"", ""pct"": 10.31}, {""score"": ""4 - 0"", ""pct"": 9.379999999999999}, {""score"": ""2 - 0"", ""pct"": 9.120000000000001}]"
Germany,Colombia,Neutral,1.395,1.405,35.9,27.2,36.9,35.9,5.9,7.4,37.9,5.8,7.1,49.2,50.8,"[{""score"": ""1 - 1"", ""pct"": 11.61}, {""score"": ""1 - 0"", ""pct"": 9.01}, {""score"": ""1 - 2"", ""pct"": 8.49}]"
Germany,Czech Republic,Neutral,2.221,1.047,64.0,20.0,16.1,65.3,6.9,6.7,14.9,3.1,3.2,78.8,21.1,"[{""score"": ""2 - 1"", ""pct"": 9.94}, {""score"": ""2 - 0"", ""pct"": 9.69}, {""score"": ""1 - 0"", ""pct"": 9.120000000000001}]"
Germany,Croatia,Neutral,1.668,1.302,45.7,25.3,28.9,45.2,6.9,7.8,29.3,5.0,5.9,59.8,40.2,"[{""score"": ""1 - 1"", ""pct"": 10.93}, {""score"": ""1 - 0"", ""pct"": 9.08}, {""score"": ""2 - 1"", ""pct"": 8.97}]"
Germany,Netherlands,Neutral,1.676,1.62,39.4,24.6,36.1,39.5,6.2,6.2,35.6,6.2,6.3,51.9,48.1,"[{""score"": ""1 - 1"", ""pct"": 10.37}, {""score"": ""2 - 1"", ""pct"": 8.72}, {""score"": ""1 - 2"", ""pct"": 8.06}]"
Germany,South Korea,Neutral,2.089,0.948,63.9,20.7,15.3,64.6,7.7,7.2,14.7,2.5,3.3,79.5,20.5,"[{""score"": ""1 - 0"", ""pct"": 10.71}, {""score"": ""2 - 1"", ""pct"": 10.33}, {""score"": ""2 - 0"", ""pct"": 9.76}]"
Germany,Australia,Neutral,1.912,0.978,59.4,22.2,18.4,59.3,7.9,8.1,17.4,3.2,4.2,75.3,24.7,"[{""score"": ""1 - 0"", ""pct"": 10.870000000000001}, {""score"": ""1 - 1"", ""pct"": 10.16}, {""score"": ""2 - 0"", ""pct"": 10.14}]"
Germany,Morocco,Neutral,1.296,1.062,41.8,29.0,29.1,41.0,7.1,10.1,29.1,5.0,7.7,58.2,41.8,"[{""score"": ""1 - 0"", ""pct"": 12.78}, {""score"": ""1 - 1"", ""pct"": 12.590000000000002}, {""score"": ""0 - 0"", ""pct"": 10.72}]"
Germany,Scotland,Neutral,2.168,1.026,63.7,20.7,15.6,63.4,7.8,6.7,16.1,2.9,3.1,77.9,22.1,"[{""score"": ""2 - 1"", ""pct"": 10.16}, {""score"": ""2 - 0"", ""pct"": 10.059999999999999}, {""score"": ""1 - 1"", ""pct"": 9.19}]"
Germany,Tunisia,Neutral,1.934,0.816,63.6,22.3,14.1,63.5,7.0,8.7,14.6,2.6,3.6,79.2,20.8,"[{""score"": ""1 - 0"", ""pct"": 12.8}, {""score"": ""2 - 0"", ""pct"": 10.99}, {""score"": ""1 - 1"", ""pct"": 10.37}]"
Germany,Jordan,Neutral,2.836,0.763,80.5,13.0,6.5,81.6,5.6,4.4,5.9,1.3,1.2,91.6,8.4,"[{""score"": ""2 - 0"", ""pct"": 11.18}, {""score"": ""3 - 0"", ""pct"": 10.52}, {""score"": ""2 - 1"", ""pct"": 8.790000000000001}]"
Germany,Saudi Arabia,Neutral,2.55,0.66,79.6,13.9,6.5,79.0,6.7,5.3,6.4,1.2,1.5,90.9,9.1,"[{""score"": ""2 - 0"", ""pct"": 12.78}, {""score"": ""3 - 0"", ""pct"": 10.93}, {""score"": ""1 - 0"", ""pct"": 10.61}]"
Germany,Austria,Neutral,1.966,1.162,57.0,22.6,20.4,56.1,7.0,7.5,21.1,4.0,4.3,70.6,29.4,"[{""score"": ""2 - 1"", ""pct"": 10.15}, {""score"": ""1 - 1"", ""pct"": 9.99}, {""score"": ""1 - 0"", ""pct"": 9.55}]"
Germany,Haiti,Neutral,3.95,0.664,92.5,5.4,2.1,92.1,3.4,1.6,2.2,0.4,0.3,97.1,2.9,"[{""score"": ""3 - 0"", ""pct"": 10.190000000000001}, {""score"": ""4 - 0"", ""pct"": 9.879999999999999}, {""score"": ""2 - 0"", ""pct"": 8.66}]"
Germany,Japan,Neutral,1.826,1.182,53.0,24.0,23.0,53.0,7.2,7.1,23.4,4.3,5.0,67.4,32.6,"[{""score"": ""1 - 1"", ""pct"": 10.5}, {""score"": ""2 - 1"", ""pct"": 9.9}, {""score"": ""1 - 0"", ""pct"": 9.62}]"
Germany,Panama,Neutral,2.962,0.753,82.4,12.1,5.5,82.3,5.8,3.8,5.9,1.1,1.1,91.9,8.0,"[{""score"": ""2 - 0"", ""pct"": 10.85}, {""score"": ""3 - 0"", ""pct"": 10.280000000000001}, {""score"": ""3 - 1"", ""pct"": 7.88}]"
Germany,Brazil,Neutral,1.201,1.749,25.1,24.4,50.5,25.7,4.7,5.1,49.6,7.4,7.5,35.4,64.6,"[{""score"": ""1 - 1"", ""pct"": 11.08}, {""score"": ""0 - 1"", ""pct"": 9.53}, {""score"": ""1 - 2"", ""pct"": 9.36}]"
Senegal,United States,Neutral,1.292,0.959,43.7,29.4,26.9,45.0,7.3,9.8,25.6,4.7,7.6,62.1,37.9,"[{""score"": ""1 - 0"", ""pct"": 13.79}, {""score"": ""1 - 1"", ""pct"": 13.450000000000001}, {""score"": ""0 - 0"", ""pct"": 11.33}]"
Senegal,Sweden,Neutral,1.217,1.166,36.1,29.1,34.8,36.5,6.1,8.8,34.0,6.2,8.5,51.3,48.7,"[{""score"": ""1 - 1"", ""pct"": 13.34}, {""score"": ""0 - 1"", ""pct"": 11.33}, {""score"": ""1 - 0"", ""pct"": 10.84}]"
Senegal,Canada,Neutral,1.228,0.87,44.3,31.1,24.6,44.0,7.0,11.8,25.2,4.3,7.6,62.8,37.2,"[{""score"": ""1 - 0"", ""pct"": 15.15}, {""score"": ""0 - 0"", ""pct"": 13.71}, {""score"": ""1 - 1"", ""pct"": 12.8}]"
Senegal,France,Neutral,0.747,1.527,17.7,27.3,55.0,16.8,2.9,5.4,56.8,7.9,10.2,25.1,74.9,"[{""score"": ""0 - 1"", ""pct"": 15.75}, {""score"": ""1 - 1"", ""pct"": 11.72}, {""score"": ""0 - 0"", ""pct"": 11.58}]"
Senegal,Egypt,Neutral,1.091,0.802,41.5,32.6,25.8,41.5,6.5,12.1,25.3,5.0,9.5,60.1,39.9,"[{""score"": ""1 - 0"", ""pct"": 16.63}, {""score"": ""0 - 0"", ""pct"": 15.75}, {""score"": ""1 - 1"", ""pct"": 13.569999999999999}]"
Senegal,Norway,Neutral,1.129,1.274,31.3,28.9,39.8,32.9,5.2,7.7,39.3,6.2,8.7,45.8,54.2,"[{""score"": ""1 - 1"", ""pct"": 12.8}, {""score"": ""0 - 1"", ""pct"": 12.06}, {""score"": ""0 - 0"", ""pct"": 10.4}]"
Senegal,Spain,Neutral,0.692,1.844,12.6,21.3,66.1,12.6,2.4,3.2,64.8,8.0,9.0,18.2,81.8,"[{""score"": ""0 - 1"", ""pct"": 15.6}, {""score"": ""0 - 2"", ""pct"": 13.18}, {""score"": ""1 - 1"", ""pct"": 9.41}]"
Senegal,Ivory Coast,Neutral,1.098,0.873,40.0,31.9,28.1,39.6,7.5,11.0,28.0,5.1,8.7,58.2,41.8,"[{""score"": ""1 - 0"", ""pct"": 15.290000000000001}, {""score"": ""0 - 0"", ""pct"": 14.64}, {""score"": ""1 - 1"", ""pct"": 13.4}]"
Senegal,New Zealand,Neutral,1.573,0.499,64.2,25.1,10.7,64.0,7.8,12.0,10.6,2.1,3.5,83.8,16.2,"[{""score"": ""1 - 0"", ""pct"": 20.07}, {""score"": ""2 - 0"", ""pct"": 14.940000000000001}, {""score"": ""0 - 0"", ""pct"": 13.28}]"
Senegal,Algeria,Neutral,1.252,1.078,39.0,29.9,31.1,40.2,6.6,9.1,30.8,5.2,8.2,55.9,44.1,"[{""score"": ""1 - 1"", ""pct"": 12.78}, {""score"": ""1 - 0"", ""pct"": 11.790000000000001}, {""score"": ""0 - 0"", ""pct"": 11.559999999999999}]"
Senegal,Uzbekistan,Neutral,1.213,0.728,47.5,31.4,21.2,48.1,7.3,12.5,20.6,4.5,7.1,67.9,32.1,"[{""score"": ""1 - 0"", ""pct"": 17.8}, {""score"": ""0 - 0"", ""pct"": 15.22}, {""score"": ""1 - 1"", ""pct"": 12.889999999999999}]"
Senegal,Curaçao,Neutral,2.432,0.48,81.0,13.9,5.1,80.7,6.4,5.7,5.1,1.1,1.1,92.8,7.2,"[{""score"": ""2 - 0"", ""pct"": 16.27}, {""score"": ""1 - 0"", ""pct"": 14.08}, {""score"": ""3 - 0"", ""pct"": 12.46}]"
Senegal,DR Congo,Neutral,1.246,0.688,49.6,31.4,19.0,49.8,7.7,12.0,19.6,3.8,7.1,69.5,30.5,"[{""score"": ""1 - 0"", ""pct"": 18.21}, {""score"": ""0 - 0"", ""pct"": 16.11}, {""score"": ""1 - 1"", ""pct"": 12.139999999999999}]"
Senegal,Iraq,Neutral,1.44,0.608,57.3,28.0,14.8,57.1,7.7,12.2,15.0,2.8,5.2,76.9,23.1,"[{""score"": ""1 - 0"", ""pct"": 19.52}, {""score"": ""0 - 0"", ""pct"": 13.930000000000001}, {""score"": ""2 - 0"", ""pct"": 12.740000000000002}]"
Senegal,Ghana,Neutral,1.424,0.739,53.4,28.1,18.5,53.1,7.4,11.1,18.4,3.7,6.2,71.7,28.3,"[{""score"": ""1 - 0"", ""pct"": 16.17}, {""score"": ""0 - 0"", ""pct"": 12.559999999999999}, {""score"": ""2 - 0"", ""pct"": 12.08}]"
Senegal,Ecuador,Neutral,0.809,1.008,28.7,32.9,38.4,28.2,5.0,10.3,37.9,6.4,12.2,43.5,56.5,"[{""score"": ""0 - 0"", ""pct"": 16.830000000000002}, {""score"": ""0 - 1"", ""pct"": 16.48}, {""score"": ""1 - 0"", ""pct"": 13.83}]"
Senegal,Cape Verde,Neutral,1.553,0.604,60.5,26.2,13.2,61.1,7.5,11.5,13.2,2.5,4.2,80.0,19.9,"[{""score"": ""1 - 0"", ""pct"": 17.72}, {""score"": ""2 - 0"", ""pct"": 13.23}, {""score"": ""0 - 0"", ""pct"": 12.280000000000001}]"
Senegal,Iran,Neutral,1.053,0.948,37.3,31.8,31.0,37.2,6.3,10.2,31.3,5.4,9.6,53.7,46.3,"[{""score"": ""0 - 0"", ""pct"": 14.85}, {""score"": ""1 - 0"", ""pct"": 14.12}, {""score"": ""1 - 1"", ""pct"": 13.05}]"
Senegal,Switzerland,Neutral,1.013,1.277,27.9,28.8,43.3,28.7,5.3,7.1,42.6,6.9,9.5,41.0,59.0,"[{""score"": ""0 - 1"", ""pct"": 13.54}, {""score"": ""1 - 1"", ""pct"": 12.740000000000002}, {""score"": ""0 - 0"", ""pct"": 10.59}]"
Senegal,Bosnia and Herzegovina,Neutral,1.563,0.796,55.9,26.8,17.3,55.1,7.0,10.3,18.6,3.7,5.3,72.5,27.5,"[{""score"": ""1 - 0"", ""pct"": 15.079999999999998}, {""score"": ""1 - 1"", ""pct"": 11.83}, {""score"": ""2 - 0"", ""pct"": 11.37}]"
Senegal,Uruguay,Neutral,0.79,1.175,24.0,30.9,45.1,24.3,4.5,7.9,44.6,6.9,11.8,36.7,63.3,"[{""score"": ""0 - 1"", ""pct"": 16.63}, {""score"": ""0 - 0"", ""pct"": 15.09}, {""score"": ""1 - 1"", ""pct"": 12.379999999999999}]"
Senegal,Belgium,Neutral,0.92,1.51,22.7,27.1,50.2,21.3,4.2,6.1,50.8,7.7,9.9,31.6,68.4,"[{""score"": ""0 - 1"", ""pct"": 13.139999999999999}, {""score"": ""1 - 1"", ""pct"": 13.04}, {""score"": ""1 - 2"", ""pct"": 9.59}]"
Senegal,Germany,Neutral,1.0,1.715,20.8,25.1,54.1,20.5,4.0,5.0,54.0,8.0,8.6,29.4,70.5,"[{""score"": ""0 - 1"", ""pct"": 11.75}, {""score"": ""1 - 1"", ""pct"": 11.219999999999999}, {""score"": ""1 - 2"", ""pct"": 9.520000000000001}]"
Senegal,Portugal,Neutral,0.791,1.603,17.4,26.1,56.5,17.1,3.1,5.1,57.0,8.0,9.8,25.2,74.8,"[{""score"": ""0 - 1"", ""pct"": 14.879999999999999}, {""score"": ""0 - 2"", ""pct"": 11.08}, {""score"": ""1 - 1"", ""pct"": 10.91}]"
Senegal,Argentina,Neutral,0.578,1.534,13.1,26.6,60.3,13.1,2.5,4.5,60.0,8.2,11.7,20.1,79.9,"[{""score"": ""0 - 1"", ""pct"": 18.48}, {""score"": ""0 - 2"", ""pct"": 13.51}, {""score"": ""0 - 0"", ""pct"": 13.03}]"
Senegal,South Africa,Neutral,1.414,0.685,54.7,28.0,17.3,54.9,7.7,11.2,17.1,3.5,5.7,73.8,26.2,"[{""score"": ""1 - 0"", ""pct"": 17.669999999999998}, {""score"": ""0 - 0"", ""pct"": 13.18}, {""score"": ""2 - 0"", ""pct"": 11.74}]"
Senegal,Paraguay,Neutral,1.015,0.871,37.0,33.8,29.2,37.7,6.4,11.6,28.2,5.5,10.5,55.7,44.3,"[{""score"": ""0 - 0"", ""pct"": 16.520000000000003}, {""score"": ""1 - 0"", ""pct"": 14.93}, {""score"": ""1 - 1"", ""pct"": 13.600000000000001}]"
Senegal,Mexico,Neutral,1.004,0.953,34.6,33.5,31.9,34.2,6.3,11.1,32.1,6.4,10.0,51.6,48.4,"[{""score"": ""0 - 0"", ""pct"": 15.840000000000002}, {""score"": ""1 - 0"", ""pct"": 13.96}, {""score"": ""1 - 1"", ""pct"": 13.73}]"
Senegal,Turkey,Neutral,1.258,1.184,36.8,28.5,34.6,37.7,6.5,8.6,33.4,5.5,8.3,52.8,47.2,"[{""score"": ""1 - 1"", ""pct"": 12.67}, {""score"": ""1 - 0"", ""pct"": 10.77}, {""score"": ""0 - 1"", ""pct"": 10.67}]"
Senegal,England,Neutral,0.656,1.486,15.0,28.0,57.1,15.4,3.1,4.9,57.3,8.0,11.2,23.4,76.6,"[{""score"": ""0 - 1"", ""pct"": 17.599999999999998}, {""score"": ""0 - 0"", ""pct"": 13.15}, {""score"": ""0 - 2"", ""pct"": 12.839999999999998}]"
Senegal,Qatar,Neutral,1.999,0.717,68.4,20.2,11.4,67.8,7.3,8.7,11.2,2.2,2.8,83.8,16.2,"[{""score"": ""1 - 0"", ""pct"": 14.549999999999999}, {""score"": ""2 - 0"", ""pct"": 12.879999999999999}, {""score"": ""2 - 1"", ""pct"": 9.969999999999999}]"
Senegal,Colombia,Neutral,0.782,1.352,20.9,29.6,49.5,20.4,3.6,6.6,50.8,7.1,11.5,30.6,69.5,"[{""score"": ""0 - 1"", ""pct"": 16.04}, {""score"": ""0 - 0"", ""pct"": 13.100000000000001}, {""score"": ""1 - 1"", ""pct"": 12.65}]"
Senegal,Czech Republic,Neutral,1.246,1.007,42.5,28.9,28.6,41.5,7.0,10.0,28.8,5.1,7.7,58.5,41.5,"[{""score"": ""1 - 0"", ""pct"": 13.58}, {""score"": ""1 - 1"", ""pct"": 13.020000000000001}, {""score"": ""0 - 0"", ""pct"": 11.12}]"
Senegal,Croatia,Neutral,0.936,1.253,26.5,30.1,43.4,26.4,4.9,7.8,43.1,6.8,11.1,39.0,61.0,"[{""score"": ""0 - 1"", ""pct"": 14.56}, {""score"": ""1 - 1"", ""pct"": 13.170000000000002}, {""score"": ""0 - 0"", ""pct"": 12.29}]"
Senegal,Netherlands,Neutral,0.94,1.558,22.2,26.3,51.5,21.9,4.0,5.7,52.0,7.5,8.9,31.6,68.4,"[{""score"": ""0 - 1"", ""pct"": 13.13}, {""score"": ""1 - 1"", ""pct"": 11.82}, {""score"": ""1 - 2"", ""pct"": 9.5}]"
Senegal,South Korea,Neutral,1.172,0.913,41.8,29.9,28.3,40.5,6.9,10.9,27.5,5.2,8.9,58.3,41.7,"[{""score"": ""1 - 0"", ""pct"": 15.1}, {""score"": ""0 - 0"", ""pct"": 13.120000000000001}, {""score"": ""1 - 1"", ""pct"": 12.57}]"
Senegal,Australia,Neutral,1.072,0.941,37.2,32.0,30.7,37.1,6.2,10.9,31.2,5.2,9.3,54.2,45.8,"[{""score"": ""0 - 0"", ""pct"": 14.09}, {""score"": ""1 - 0"", ""pct"": 14.09}, {""score"": ""1 - 1"", ""pct"": 13.65}]"
Senegal,Morocco,Neutral,0.727,1.021,24.6,33.8,41.7,24.5,4.7,9.3,41.9,6.7,12.9,38.5,61.5,"[{""score"": ""0 - 0"", ""pct"": 18.26}, {""score"": ""0 - 1"", ""pct"": 17.599999999999998}, {""score"": ""1 - 1"", ""pct"": 12.959999999999999}]"
Senegal,Scotland,Neutral,1.216,0.987,41.5,30.5,28.0,40.9,6.5,10.1,29.0,5.3,8.1,57.5,42.5,"[{""score"": ""1 - 0"", ""pct"": 13.77}, {""score"": ""1 - 1"", ""pct"": 13.56}, {""score"": ""0 - 0"", ""pct"": 11.93}]"
Senegal,Tunisia,Neutral,1.085,0.785,41.5,33.0,25.4,42.3,6.9,12.7,24.5,4.7,9.0,61.8,38.2,"[{""score"": ""1 - 0"", ""pct"": 16.7}, {""score"": ""0 - 0"", ""pct"": 16.31}, {""score"": ""1 - 1"", ""pct"": 13.41}]"
Senegal,Jordan,Neutral,1.59,0.734,58.9,25.6,15.4,58.0,7.4,11.0,15.6,3.0,5.0,76.5,23.6,"[{""score"": ""1 - 0"", ""pct"": 15.93}, {""score"": ""2 - 0"", ""pct"": 12.370000000000001}, {""score"": ""1 - 1"", ""pct"": 11.05}]"
Senegal,Saudi Arabia,Neutral,1.43,0.635,57.3,27.4,15.3,56.2,7.7,11.7,15.9,3.3,5.1,75.7,24.4,"[{""score"": ""1 - 0"", ""pct"": 19.32}, {""score"": ""0 - 0"", ""pct"": 13.19}, {""score"": ""2 - 0"", ""pct"": 12.68}]"
Senegal,Austria,Neutral,1.103,1.118,34.0,30.5,35.4,34.5,6.1,8.6,35.8,6.0,9.0,49.2,50.8,"[{""score"": ""1 - 1"", ""pct"": 13.66}, {""score"": ""0 - 0"", ""pct"": 12.18}, {""score"": ""0 - 1"", ""pct"": 12.06}]"
Senegal,Haiti,Neutral,2.215,0.639,73.5,18.2,8.3,74.6,7.0,6.8,8.1,1.6,1.8,88.4,11.6,"[{""score"": ""2 - 0"", ""pct"": 14.41}, {""score"": ""1 - 0"", ""pct"": 12.959999999999999}, {""score"": ""3 - 0"", ""pct"": 9.55}]"
Senegal,Japan,Neutral,1.024,1.137,31.6,31.2,37.2,30.9,5.5,8.7,38.1,7.0,9.9,45.0,55.0,"[{""score"": ""1 - 1"", ""pct"": 13.83}, {""score"": ""0 - 0"", ""pct"": 12.559999999999999}, {""score"": ""0 - 1"", ""pct"": 12.07}]"
Senegal,Panama,Neutral,1.661,0.725,59.8,25.7,14.4,60.1,7.1,10.4,14.7,3.4,4.2,77.7,22.3,"[{""score"": ""1 - 0"", ""pct"": 16.07}, {""score"": ""2 - 0"", ""pct"": 12.75}, {""score"": ""1 - 1"", ""pct"": 11.360000000000001}]"
Senegal,Brazil,Neutral,0.673,1.683,13.5,23.9,62.6,13.6,2.7,4.2,61.8,7.7,10.1,20.5,79.5,"[{""score"": ""0 - 1"", ""pct"": 17.080000000000002}, {""score"": ""0 - 2"", ""pct"": 12.72}, {""score"": ""1 - 1"", ""pct"": 10.51}]"
Portugal,United States,Neutral,2.153,0.789,68.9,19.6,11.5,68.2,7.4,7.5,12.2,2.1,2.6,83.1,16.9,"[{""score"": ""1 - 0"", ""pct"": 12.33}, {""score"": ""2 - 0"", ""pct"": 11.91}, {""score"": ""2 - 1"", ""pct"": 9.9}]"
Portugal,Sweden,Neutral,2.028,0.959,62.0,21.7,16.3,62.1,7.2,7.4,16.5,3.1,3.7,76.7,23.3,"[{""score"": ""1 - 0"", ""pct"": 10.59}, {""score"": ""2 - 1"", ""pct"": 10.16}, {""score"": ""2 - 0"", ""pct"": 10.12}]"
Portugal,Canada,Neutral,2.047,0.716,69.0,19.8,11.2,68.4,7.6,7.9,11.3,2.0,2.8,83.9,16.1,"[{""score"": ""2 - 0"", ""pct"": 13.52}, {""score"": ""1 - 0"", ""pct"": 13.209999999999999}, {""score"": ""2 - 1"", ""pct"": 9.379999999999999}]"
Portugal,France,Neutral,1.245,1.255,36.5,28.0,35.4,35.2,5.9,7.9,36.6,6.2,8.2,49.0,51.0,"[{""score"": ""1 - 1"", ""pct"": 12.520000000000001}, {""score"": ""1 - 0"", ""pct"": 10.54}, {""score"": ""0 - 1"", ""pct"": 10.4}]"
Portugal,Egypt,Neutral,1.819,0.66,65.5,22.2,12.3,66.0,7.6,9.0,11.8,2.4,3.2,82.6,17.4,"[{""score"": ""1 - 0"", ""pct"": 15.65}, {""score"": ""2 - 0"", ""pct"": 13.86}, {""score"": ""0 - 0"", ""pct"": 9.2}]"
Portugal,Norway,Neutral,1.882,1.048,57.2,23.8,18.9,57.8,7.4,7.6,19.7,3.3,4.3,72.7,27.3,"[{""score"": ""1 - 1"", ""pct"": 11.1}, {""score"": ""2 - 1"", ""pct"": 10.36}, {""score"": ""1 - 0"", ""pct"": 10.35}]"
Portugal,Spain,Neutral,1.153,1.517,27.0,27.4,45.6,28.7,4.5,6.5,45.5,6.7,8.1,39.7,60.3,"[{""score"": ""1 - 1"", ""pct"": 12.540000000000001}, {""score"": ""0 - 1"", ""pct"": 11.39}, {""score"": ""1 - 2"", ""pct"": 8.780000000000001}]"
Portugal,Ivory Coast,Neutral,1.83,0.718,63.7,23.2,13.1,65.2,7.2,8.5,13.3,2.5,3.2,81.0,19.0,"[{""score"": ""1 - 0"", ""pct"": 15.310000000000002}, {""score"": ""2 - 0"", ""pct"": 12.58}, {""score"": ""1 - 1"", ""pct"": 10.41}]"
Portugal,New Zealand,Neutral,2.622,0.411,85.3,11.9,2.8,85.0,5.6,4.8,3.3,0.7,0.6,95.4,4.6,"[{""score"": ""2 - 0"", ""pct"": 16.400000000000002}, {""score"": ""3 - 0"", ""pct"": 14.09}, {""score"": ""1 - 0"", ""pct"": 13.16}]"
Portugal,Algeria,Neutral,2.086,0.887,65.2,20.4,14.5,65.4,7.4,7.3,13.5,3.0,3.4,80.1,19.9,"[{""score"": ""1 - 0"", ""pct"": 11.37}, {""score"": ""2 - 0"", ""pct"": 10.85}, {""score"": ""2 - 1"", ""pct"": 9.5}]"
Portugal,Uzbekistan,Neutral,2.021,0.599,71.5,19.2,9.3,71.0,7.3,8.3,9.3,1.7,2.4,86.6,13.4,"[{""score"": ""1 - 0"", ""pct"": 15.45}, {""score"": ""2 - 0"", ""pct"": 14.63}, {""score"": ""3 - 0"", ""pct"": 10.0}]"
Portugal,Curaçao,Neutral,4.054,0.395,95.4,3.7,0.9,95.7,2.2,1.2,0.7,0.1,0.1,99.1,0.9,"[{""score"": ""4 - 0"", ""pct"": 13.11}, {""score"": ""3 - 0"", ""pct"": 12.93}, {""score"": ""5 - 0"", ""pct"": 10.22}]"
Portugal,DR Congo,Neutral,2.076,0.566,72.8,18.8,8.4,73.3,7.4,7.9,7.7,1.7,2.1,88.6,11.4,"[{""score"": ""2 - 0"", ""pct"": 15.7}, {""score"": ""1 - 0"", ""pct"": 14.87}, {""score"": ""3 - 0"", ""pct"": 9.73}]"
Portugal,Iraq,Neutral,2.4,0.5,80.3,14.4,5.4,80.5,6.5,5.8,5.1,0.9,1.3,92.7,7.3,"[{""score"": ""2 - 0"", ""pct"": 16.2}, {""score"": ""1 - 0"", ""pct"": 13.54}, {""score"": ""3 - 0"", ""pct"": 12.34}]"
Portugal,Ghana,Neutral,2.374,0.608,77.1,16.2,6.7,77.5,6.7,6.0,7.1,1.3,1.4,90.2,9.8,"[{""score"": ""2 - 0"", ""pct"": 14.29}, {""score"": ""1 - 0"", ""pct"": 12.45}, {""score"": ""3 - 0"", ""pct"": 10.74}]"
Portugal,Ecuador,Neutral,1.349,0.829,48.0,29.5,22.5,48.1,7.5,11.6,22.1,4.5,6.2,67.2,32.8,"[{""score"": ""1 - 0"", ""pct"": 15.440000000000001}, {""score"": ""0 - 0"", ""pct"": 12.770000000000001}, {""score"": ""1 - 1"", ""pct"": 12.479999999999999}]"
Portugal,Cape Verde,Neutral,2.588,0.496,83.0,12.9,4.1,82.2,5.9,5.6,4.5,0.9,0.9,93.7,6.3,"[{""score"": ""2 - 0"", ""pct"": 15.4}, {""score"": ""3 - 0"", ""pct"": 12.98}, {""score"": ""1 - 0"", ""pct"": 12.75}]"
Portugal,Iran,Neutral,1.754,0.779,60.6,24.0,15.4,60.3,7.4,9.4,15.4,3.1,4.3,77.2,22.8,"[{""score"": ""1 - 0"", ""pct"": 14.35}, {""score"": ""2 - 0"", ""pct"": 11.84}, {""score"": ""1 - 1"", ""pct"": 11.110000000000001}]"
Portugal,Switzerland,Neutral,1.689,1.05,52.4,24.9,22.7,52.8,7.5,8.9,22.0,4.0,4.8,69.2,30.8,"[{""score"": ""1 - 0"", ""pct"": 11.95}, {""score"": ""1 - 1"", ""pct"": 11.129999999999999}, {""score"": ""2 - 1"", ""pct"": 9.520000000000001}]"
Portugal,Bosnia and Herzegovina,Neutral,2.605,0.654,79.4,14.3,6.3,80.0,6.4,4.9,6.2,1.2,1.4,91.2,8.8,"[{""score"": ""2 - 0"", ""pct"": 13.8}, {""score"": ""3 - 0"", ""pct"": 11.37}, {""score"": ""1 - 0"", ""pct"": 10.23}]"
Portugal,Uruguay,Neutral,1.317,0.966,44.5,29.7,25.8,45.1,7.2,10.2,25.8,4.5,7.2,62.5,37.5,"[{""score"": ""1 - 0"", ""pct"": 13.63}, {""score"": ""1 - 1"", ""pct"": 13.08}, {""score"": ""0 - 0"", ""pct"": 10.92}]"
Portugal,Belgium,Neutral,1.533,1.242,43.9,26.0,30.1,43.3,6.9,7.6,30.6,5.2,6.5,57.8,42.2,"[{""score"": ""1 - 1"", ""pct"": 11.58}, {""score"": ""1 - 0"", ""pct"": 10.16}, {""score"": ""2 - 1"", ""pct"": 8.82}]"
Portugal,Germany,Neutral,1.666,1.411,43.7,25.5,30.8,43.5,6.8,6.6,31.4,5.5,6.1,57.0,43.0,"[{""score"": ""1 - 1"", ""pct"": 11.21}, {""score"": ""2 - 1"", ""pct"": 9.06}, {""score"": ""1 - 0"", ""pct"": 8.14}]"
Portugal,Senegal,Neutral,1.603,0.791,57.2,25.6,17.1,56.5,8.0,10.3,17.1,3.4,4.7,74.8,25.2,"[{""score"": ""1 - 0"", ""pct"": 14.6}, {""score"": ""2 - 0"", ""pct"": 11.83}, {""score"": ""1 - 1"", ""pct"": 11.200000000000001}]"
Portugal,Argentina,Neutral,0.963,1.261,27.4,29.6,43.0,27.9,5.3,8.0,42.3,6.6,9.9,41.2,58.8,"[{""score"": ""0 - 1"", ""pct"": 14.11}, {""score"": ""1 - 1"", ""pct"": 12.790000000000001}, {""score"": ""0 - 0"", ""pct"": 11.940000000000001}]"
Portugal,South Africa,Neutral,2.356,0.564,78.9,15.0,6.2,77.9,6.7,6.0,6.4,1.2,1.8,90.7,9.3,"[{""score"": ""2 - 0"", ""pct"": 14.719999999999999}, {""score"": ""1 - 0"", ""pct"": 13.530000000000001}, {""score"": ""3 - 0"", ""pct"": 11.88}]"
Portugal,Paraguay,Neutral,1.692,0.716,61.8,24.4,13.8,60.3,7.8,9.6,15.0,3.0,4.2,77.7,22.3,"[{""score"": ""1 - 0"", ""pct"": 16.49}, {""score"": ""2 - 0"", ""pct"": 12.690000000000001}, {""score"": ""1 - 1"", ""pct"": 10.440000000000001}]"
Portugal,Mexico,Neutral,1.673,0.784,58.7,24.9,16.3,58.3,8.0,9.3,16.9,3.1,4.5,75.5,24.5,"[{""score"": ""1 - 0"", ""pct"": 14.27}, {""score"": ""2 - 0"", ""pct"": 12.08}, {""score"": ""1 - 1"", ""pct"": 11.219999999999999}]"
Portugal,Turkey,Neutral,2.096,0.973,63.5,21.1,15.4,63.4,7.4,7.2,15.7,3.0,3.3,78.0,22.0,"[{""score"": ""2 - 1"", ""pct"": 10.24}, {""score"": ""1 - 0"", ""pct"": 10.209999999999999}, {""score"": ""2 - 0"", ""pct"": 10.209999999999999}]"
Portugal,England,Neutral,1.093,1.222,32.4,29.6,38.0,32.3,5.5,8.3,38.0,6.4,9.4,46.1,53.9,"[{""score"": ""1 - 1"", ""pct"": 13.18}, {""score"": ""0 - 1"", ""pct"": 11.73}, {""score"": ""0 - 0"", ""pct"": 10.979999999999999}]"
Portugal,Qatar,Neutral,3.331,0.589,89.3,7.6,3.0,88.6,4.0,3.1,3.3,0.6,0.4,95.7,4.3,"[{""score"": ""3 - 0"", ""pct"": 12.18}, {""score"": ""2 - 0"", ""pct"": 11.74}, {""score"": ""4 - 0"", ""pct"": 10.42}]"
Portugal,Colombia,Neutral,1.304,1.112,40.7,28.2,31.1,40.2,6.9,9.5,30.6,5.4,7.3,56.6,43.4,"[{""score"": ""1 - 1"", ""pct"": 12.620000000000001}, {""score"": ""1 - 0"", ""pct"": 11.51}, {""score"": ""0 - 0"", ""pct"": 9.83}]"
Portugal,Czech Republic,Neutral,2.076,0.828,67.2,19.7,13.2,67.0,7.5,7.3,12.7,2.4,3.2,81.7,18.3,"[{""score"": ""1 - 0"", ""pct"": 12.659999999999998}, {""score"": ""2 - 0"", ""pct"": 11.77}, {""score"": ""2 - 1"", ""pct"": 9.71}]"
Portugal,Croatia,Neutral,1.559,1.031,49.3,26.2,24.5,50.1,7.5,8.3,24.0,4.5,5.6,65.9,34.1,"[{""score"": ""1 - 0"", ""pct"": 12.11}, {""score"": ""1 - 1"", ""pct"": 12.07}, {""score"": ""2 - 1"", ""pct"": 9.92}]"
Portugal,Netherlands,Neutral,1.567,1.282,42.9,26.4,30.7,43.5,6.9,7.4,31.0,5.1,6.2,57.8,42.2,"[{""score"": ""1 - 1"", ""pct"": 11.940000000000001}, {""score"": ""1 - 0"", ""pct"": 9.36}, {""score"": ""2 - 1"", ""pct"": 8.85}]"
Portugal,South Korea,Neutral,1.953,0.75,65.9,21.4,12.7,67.3,7.1,7.9,12.2,2.3,3.0,82.4,17.6,"[{""score"": ""1 - 0"", ""pct"": 13.020000000000001}, {""score"": ""2 - 0"", ""pct"": 12.889999999999999}, {""score"": ""1 - 1"", ""pct"": 9.99}]"
Portugal,Australia,Neutral,1.787,0.774,61.7,23.6,14.7,61.3,7.9,9.5,14.5,2.9,3.9,78.6,21.4,"[{""score"": ""1 - 0"", ""pct"": 14.46}, {""score"": ""2 - 0"", ""pct"": 12.42}, {""score"": ""1 - 1"", ""pct"": 10.85}]"
Portugal,Morocco,Neutral,1.211,0.84,43.6,31.7,24.7,44.5,6.7,10.9,25.6,4.6,7.6,62.2,37.8,"[{""score"": ""1 - 0"", ""pct"": 14.879999999999999}, {""score"": ""0 - 0"", ""pct"": 14.27}, {""score"": ""1 - 1"", ""pct"": 13.56}]"
Portugal,Scotland,Neutral,2.026,0.812,66.2,21.0,12.7,65.8,7.5,8.0,13.2,2.3,3.2,81.3,18.7,"[{""score"": ""1 - 0"", ""pct"": 12.370000000000001}, {""score"": ""2 - 0"", ""pct"": 11.81}, {""score"": ""1 - 1"", ""pct"": 10.02}]"
Portugal,Tunisia,Neutral,1.808,0.646,65.6,22.5,11.8,65.9,7.5,9.6,11.6,2.2,3.2,83.0,17.0,"[{""score"": ""1 - 0"", ""pct"": 16.02}, {""score"": ""2 - 0"", ""pct"": 14.17}, {""score"": ""1 - 1"", ""pct"": 9.69}]"
Portugal,Jordan,Neutral,2.651,0.604,81.8,13.1,5.1,81.8,6.1,4.8,5.1,1.0,1.1,92.8,7.2,"[{""score"": ""2 - 0"", ""pct"": 13.99}, {""score"": ""3 - 0"", ""pct"": 11.75}, {""score"": ""1 - 0"", ""pct"": 10.34}]"
Portugal,Saudi Arabia,Neutral,2.384,0.522,79.9,14.7,5.4,79.9,6.2,5.8,5.5,1.1,1.5,91.9,8.1,"[{""score"": ""2 - 0"", ""pct"": 16.07}, {""score"": ""1 - 0"", ""pct"": 13.81}, {""score"": ""3 - 0"", ""pct"": 11.95}]"
Portugal,Austria,Neutral,1.838,0.919,59.2,23.4,17.4,59.6,7.6,8.5,17.0,3.2,4.1,75.7,24.3,"[{""score"": ""1 - 0"", ""pct"": 11.83}, {""score"": ""2 - 0"", ""pct"": 10.68}, {""score"": ""1 - 1"", ""pct"": 10.209999999999999}]"
Portugal,Haiti,Neutral,3.692,0.526,92.5,5.6,1.9,92.1,3.5,1.8,2.0,0.3,0.3,97.4,2.6,"[{""score"": ""3 - 0"", ""pct"": 13.13}, {""score"": ""4 - 0"", ""pct"": 11.29}, {""score"": ""2 - 0"", ""pct"": 10.47}]"
Portugal,Japan,Neutral,1.707,0.935,55.9,24.8,19.3,56.3,7.3,9.2,19.3,3.6,4.3,72.8,27.2,"[{""score"": ""1 - 0"", ""pct"": 12.41}, {""score"": ""1 - 1"", ""pct"": 11.53}, {""score"": ""2 - 0"", ""pct"": 10.14}]"
Portugal,Panama,Neutral,2.768,0.596,83.4,12.0,4.6,83.5,5.7,4.3,4.6,0.9,1.1,93.5,6.5,"[{""score"": ""2 - 0"", ""pct"": 13.65}, {""score"": ""3 - 0"", ""pct"": 11.5}, {""score"": ""1 - 0"", ""pct"": 10.530000000000001}]"
Portugal,Brazil,Neutral,1.122,1.384,29.2,28.2,42.6,30.4,5.1,7.3,41.7,6.9,8.7,42.8,57.2,"[{""score"": ""1 - 1"", ""pct"": 13.22}, {""score"": ""0 - 1"", ""pct"": 11.25}, {""score"": ""1 - 0"", ""pct"": 9.46}]"
Argentina,United States,Neutral,2.059,0.576,72.0,19.6,8.4,71.9,7.5,8.2,8.2,1.9,2.3,87.6,12.4,"[{""score"": ""1 - 0"", ""pct"": 14.93}, {""score"": ""2 - 0"", ""pct"": 14.14}, {""score"": ""3 - 0"", ""pct"": 9.94}]"
Argentina,Sweden,Neutral,1.94,0.7,67.9,21.0,11.1,66.9,7.7,8.4,11.4,2.5,3.1,83.0,17.0,"[{""score"": ""1 - 0"", ""pct"": 14.41}, {""score"": ""2 - 0"", ""pct"": 13.07}, {""score"": ""2 - 1"", ""pct"": 9.53}]"
Argentina,Canada,Neutral,1.958,0.523,72.0,19.8,8.2,71.9,7.0,9.1,8.1,1.4,2.5,88.0,12.0,"[{""score"": ""1 - 0"", ""pct"": 16.86}, {""score"": ""2 - 0"", ""pct"": 15.93}, {""score"": ""3 - 0"", ""pct"": 9.9}]"
Argentina,France,Neutral,1.191,0.916,41.8,30.9,27.3,42.1,6.8,10.1,27.8,5.0,8.2,59.1,40.9,"[{""score"": ""1 - 0"", ""pct"": 14.399999999999999}, {""score"": ""0 - 0"", ""pct"": 13.600000000000001}, {""score"": ""1 - 1"", ""pct"": 13.020000000000001}]"
Argentina,Egypt,Neutral,1.74,0.482,68.7,22.2,9.0,69.1,7.5,10.3,8.4,1.7,3.0,86.9,13.1,"[{""score"": ""1 - 0"", ""pct"": 19.39}, {""score"": ""2 - 0"", ""pct"": 16.7}, {""score"": ""0 - 0"", ""pct"": 11.3}]"
Argentina,Norway,Neutral,1.8,0.765,62.0,24.1,13.9,62.2,7.6,8.9,14.4,2.8,4.1,78.7,21.3,"[{""score"": ""1 - 0"", ""pct"": 14.549999999999999}, {""score"": ""2 - 0"", ""pct"": 12.370000000000001}, {""score"": ""1 - 1"", ""pct"": 10.54}]"
Argentina,Spain,Neutral,1.103,1.107,33.4,31.3,35.4,34.9,6.3,8.8,35.0,5.9,9.1,50.0,50.0,"[{""score"": ""1 - 1"", ""pct"": 13.600000000000001}, {""score"": ""0 - 0"", ""pct"": 12.770000000000001}, {""score"": ""0 - 1"", ""pct"": 12.139999999999999}]"
Argentina,Ivory Coast,Neutral,1.75,0.524,67.6,23.4,9.0,68.0,7.3,10.0,9.6,2.1,3.0,85.3,14.7,"[{""score"": ""1 - 0"", ""pct"": 18.93}, {""score"": ""2 - 0"", ""pct"": 15.809999999999999}, {""score"": ""0 - 0"", ""pct"": 11.0}]"
Argentina,New Zealand,Neutral,2.508,0.3,86.1,11.5,2.5,85.8,5.3,5.1,2.7,0.4,0.6,96.2,3.8,"[{""score"": ""2 - 0"", ""pct"": 18.64}, {""score"": ""1 - 0"", ""pct"": 15.950000000000001}, {""score"": ""3 - 0"", ""pct"": 14.81}]"
Argentina,Algeria,Neutral,1.996,0.647,69.4,20.9,9.7,69.3,7.4,8.1,10.7,1.9,2.5,84.8,15.2,"[{""score"": ""1 - 0"", ""pct"": 14.530000000000001}, {""score"": ""2 - 0"", ""pct"": 14.35}, {""score"": ""2 - 1"", ""pct"": 9.229999999999999}]"
Argentina,Uzbekistan,Neutral,1.933,0.437,73.8,19.4,6.9,73.6,7.3,8.9,6.6,1.3,2.3,89.8,10.2,"[{""score"": ""1 - 0"", ""pct"": 19.220000000000002}, {""score"": ""2 - 0"", ""pct"": 16.900000000000002}, {""score"": ""3 - 0"", ""pct"": 10.84}]"
Argentina,Curaçao,Neutral,3.878,0.288,95.9,3.6,0.5,95.7,2.4,1.2,0.5,0.1,0.1,99.3,0.7,"[{""score"": ""3 - 0"", ""pct"": 14.78}, {""score"": ""4 - 0"", ""pct"": 14.6}, {""score"": ""2 - 0"", ""pct"": 12.34}]"
Argentina,DR Congo,Neutral,1.986,0.413,75.7,18.4,5.9,75.5,7.3,8.3,5.9,1.3,1.7,91.1,8.9,"[{""score"": ""1 - 0"", ""pct"": 18.21}, {""score"": ""2 - 0"", ""pct"": 17.82}, {""score"": ""3 - 0"", ""pct"": 11.84}]"
Argentina,Iraq,Neutral,2.296,0.365,81.5,14.8,3.7,81.5,6.3,6.4,3.9,0.8,1.1,94.2,5.8,"[{""score"": ""2 - 0"", ""pct"": 18.95}, {""score"": ""1 - 0"", ""pct"": 16.42}, {""score"": ""3 - 0"", ""pct"": 13.600000000000001}]"
Argentina,Ghana,Neutral,2.271,0.444,79.9,15.0,5.1,79.4,6.5,6.9,5.1,1.0,1.2,92.7,7.3,"[{""score"": ""2 - 0"", ""pct"": 17.39}, {""score"": ""1 - 0"", ""pct"": 15.079999999999998}, {""score"": ""3 - 0"", ""pct"": 13.100000000000001}]"
Argentina,Ecuador,Neutral,1.29,0.605,52.6,30.3,17.0,52.5,7.6,13.2,16.4,3.7,6.6,73.3,26.7,"[{""score"": ""1 - 0"", ""pct"": 19.0}, {""score"": ""0 - 0"", ""pct"": 15.75}, {""score"": ""2 - 0"", ""pct"": 12.43}]"
Argentina,Cape Verde,Neutral,2.476,0.362,84.3,12.6,3.0,83.5,6.1,5.6,3.4,0.6,0.8,95.2,4.8,"[{""score"": ""2 - 0"", ""pct"": 18.43}, {""score"": ""1 - 0"", ""pct"": 14.979999999999999}, {""score"": ""3 - 0"", ""pct"": 14.38}]"
Argentina,Iran,Neutral,1.678,0.569,64.8,24.0,11.2,64.8,8.0,10.2,10.8,2.4,3.8,83.0,17.0,"[{""score"": ""1 - 0"", ""pct"": 18.26}, {""score"": ""2 - 0"", ""pct"": 14.45}, {""score"": ""0 - 0"", ""pct"": 11.49}]"
Argentina,Switzerland,Neutral,1.616,0.767,57.7,25.6,16.6,57.6,7.7,9.9,16.5,2.9,5.4,75.2,24.8,"[{""score"": ""1 - 0"", ""pct"": 15.049999999999999}, {""score"": ""2 - 0"", ""pct"": 11.25}, {""score"": ""1 - 1"", ""pct"": 11.110000000000001}]"
Argentina,Bosnia and Herzegovina,Neutral,2.492,0.478,81.5,14.0,4.5,81.8,6.2,5.6,4.4,0.9,1.1,93.5,6.5,"[{""score"": ""2 - 0"", ""pct"": 15.690000000000001}, {""score"": ""1 - 0"", ""pct"": 13.38}, {""score"": ""3 - 0"", ""pct"": 12.809999999999999}]"
Argentina,Uruguay,Neutral,1.26,0.705,49.1,30.8,20.2,49.1,7.6,12.8,19.7,3.9,6.9,69.5,30.5,"[{""score"": ""1 - 0"", ""pct"": 17.599999999999998}, {""score"": ""0 - 0"", ""pct"": 15.21}, {""score"": ""1 - 1"", ""pct"": 12.3}]"
Argentina,Belgium,Neutral,1.467,0.906,50.4,27.5,22.1,50.4,7.3,10.4,21.7,4.1,6.2,68.1,31.9,"[{""score"": ""1 - 0"", ""pct"": 13.700000000000001}, {""score"": ""1 - 1"", ""pct"": 12.1}, {""score"": ""0 - 0"", ""pct"": 10.549999999999999}]"
Argentina,Germany,Neutral,1.594,1.03,50.8,26.1,23.1,51.0,6.9,8.8,23.1,4.3,5.9,66.7,33.3,"[{""score"": ""1 - 0"", ""pct"": 12.0}, {""score"": ""1 - 1"", ""pct"": 11.790000000000001}, {""score"": ""2 - 1"", ""pct"": 9.58}]"
Argentina,Senegal,Neutral,1.534,0.578,60.3,26.6,13.1,61.6,7.9,11.4,12.3,2.4,4.5,80.8,19.2,"[{""score"": ""1 - 0"", ""pct"": 18.7}, {""score"": ""2 - 0"", ""pct"": 13.700000000000001}, {""score"": ""0 - 0"", ""pct"": 13.23}]"
Argentina,Portugal,Neutral,1.261,0.963,42.5,30.0,27.5,42.7,7.2,10.0,27.9,4.7,7.4,59.9,40.1,"[{""score"": ""1 - 0"", ""pct"": 13.18}, {""score"": ""1 - 1"", ""pct"": 12.86}, {""score"": ""0 - 0"", ""pct"": 12.36}]"
Argentina,South Africa,Neutral,2.254,0.412,80.0,15.4,4.7,80.1,6.2,7.1,4.6,0.9,1.1,93.4,6.6,"[{""score"": ""2 - 0"", ""pct"": 17.2}, {""score"": ""1 - 0"", ""pct"": 16.34}, {""score"": ""3 - 0"", ""pct"": 13.26}]"
Argentina,Paraguay,Neutral,1.618,0.523,64.7,25.4,10.0,64.9,7.4,11.2,10.5,2.1,3.8,83.6,16.4,"[{""score"": ""1 - 0"", ""pct"": 19.830000000000002}, {""score"": ""2 - 0"", ""pct"": 15.690000000000001}, {""score"": ""0 - 0"", ""pct"": 12.91}]"
Argentina,Mexico,Neutral,1.6,0.572,62.1,25.7,12.2,62.9,7.6,10.7,12.3,2.4,4.0,81.3,18.7,"[{""score"": ""1 - 0"", ""pct"": 18.29}, {""score"": ""2 - 0"", ""pct"": 14.11}, {""score"": ""0 - 0"", ""pct"": 12.42}]"
Argentina,Turkey,Neutral,2.005,0.711,67.7,20.8,11.5,68.7,7.3,7.7,11.5,2.1,2.6,83.7,16.3,"[{""score"": ""1 - 0"", ""pct"": 13.63}, {""score"": ""2 - 0"", ""pct"": 13.51}, {""score"": ""1 - 1"", ""pct"": 9.77}]"
Argentina,England,Neutral,1.045,0.892,37.8,32.6,29.6,37.5,6.4,11.0,29.4,5.8,9.8,55.0,45.0,"[{""score"": ""1 - 0"", ""pct"": 15.379999999999999}, {""score"": ""0 - 0"", ""pct"": 15.32}, {""score"": ""1 - 1"", ""pct"": 13.41}]"
Argentina,Qatar,Neutral,3.186,0.43,90.5,7.6,1.8,90.2,4.0,2.9,2.1,0.4,0.4,97.1,2.9,"[{""score"": ""3 - 0"", ""pct"": 14.649999999999999}, {""score"": ""2 - 0"", ""pct"": 13.530000000000001}, {""score"": ""4 - 0"", ""pct"": 11.4}]"
Argentina,Colombia,Neutral,1.247,0.812,46.2,31.4,22.3,45.7,7.8,11.3,23.1,4.7,7.4,64.8,35.2,"[{""score"": ""1 - 0"", ""pct"": 15.82}, {""score"": ""0 - 0"", ""pct"": 13.930000000000001}, {""score"": ""1 - 1"", ""pct"": 13.320000000000002}]"
Argentina,Czech Republic,Neutral,1.986,0.605,70.5,20.3,9.1,71.0,7.6,8.1,9.1,1.7,2.5,86.6,13.4,"[{""score"": ""1 - 0"", ""pct"": 15.67}, {""score"": ""2 - 0"", ""pct"": 14.610000000000001}, {""score"": ""3 - 0"", ""pct"": 9.520000000000001}]"
Argentina,Croatia,Neutral,1.492,0.752,55.0,27.4,17.6,55.2,8.0,10.2,17.6,3.5,5.5,73.4,26.6,"[{""score"": ""1 - 0"", ""pct"": 16.56}, {""score"": ""1 - 1"", ""pct"": 12.31}, {""score"": ""0 - 0"", ""pct"": 11.32}]"
Argentina,Netherlands,Neutral,1.499,0.936,50.1,27.6,22.3,50.4,7.7,9.8,21.8,4.2,6.0,68.0,32.0,"[{""score"": ""1 - 0"", ""pct"": 13.59}, {""score"": ""1 - 1"", ""pct"": 12.139999999999999}, {""score"": ""0 - 0"", ""pct"": 10.040000000000001}]"
Argentina,South Korea,Neutral,1.868,0.548,69.5,21.8,8.8,69.7,7.5,9.0,9.3,1.9,2.6,86.2,13.9,"[{""score"": ""1 - 0"", ""pct"": 17.150000000000002}, {""score"": ""2 - 0"", ""pct"": 15.479999999999999}, {""score"": ""0 - 0"", ""pct"": 9.74}]"
Argentina,Australia,Neutral,1.709,0.565,65.6,23.4,11.0,65.5,7.9,10.4,10.9,2.1,3.2,83.8,16.2,"[{""score"": ""1 - 0"", ""pct"": 18.23}, {""score"": ""2 - 0"", ""pct"": 14.549999999999999}, {""score"": ""0 - 0"", ""pct"": 11.21}]"
Argentina,Morocco,Neutral,1.159,0.613,49.3,32.6,18.1,47.2,7.8,14.4,19.0,3.7,7.8,69.4,30.5,"[{""score"": ""1 - 0"", ""pct"": 20.05}, {""score"": ""0 - 0"", ""pct"": 17.52}, {""score"": ""1 - 1"", ""pct"": 12.29}]"
Argentina,Scotland,Neutral,1.938,0.593,70.2,20.3,9.5,70.1,7.4,8.6,9.5,1.9,2.6,86.0,14.0,"[{""score"": ""1 - 0"", ""pct"": 16.68}, {""score"": ""2 - 0"", ""pct"": 14.540000000000001}, {""score"": ""3 - 0"", ""pct"": 9.13}]"
Argentina,Tunisia,Neutral,1.729,0.471,69.2,22.3,8.5,68.6,7.7,10.4,8.7,1.6,2.9,86.7,13.3,"[{""score"": ""1 - 0"", ""pct"": 18.89}, {""score"": ""2 - 0"", ""pct"": 16.63}, {""score"": ""0 - 0"", ""pct"": 11.44}]"
Argentina,Jordan,Neutral,2.536,0.441,83.0,12.8,4.2,83.2,5.4,5.6,4.1,0.8,1.0,94.1,5.9,"[{""score"": ""2 - 0"", ""pct"": 16.150000000000002}, {""score"": ""3 - 0"", ""pct"": 13.91}, {""score"": ""1 - 0"", ""pct"": 13.13}]"
Argentina,Saudi Arabia,Neutral,2.28,0.381,81.4,14.4,4.2,81.5,6.0,6.2,4.3,0.8,1.2,93.7,6.3,"[{""score"": ""2 - 0"", ""pct"": 18.12}, {""score"": ""1 - 0"", ""pct"": 16.32}, {""score"": ""3 - 0"", ""pct"": 13.11}]"
Argentina,Austria,Neutral,1.758,0.671,63.9,23.3,12.8,63.7,7.9,9.7,12.3,2.5,3.9,81.3,18.7,"[{""score"": ""1 - 0"", ""pct"": 16.23}, {""score"": ""2 - 0"", ""pct"": 13.01}, {""score"": ""1 - 1"", ""pct"": 10.14}]"
Argentina,Haiti,Neutral,3.532,0.384,93.4,5.4,1.2,93.2,3.1,2.0,1.2,0.2,0.2,98.3,1.7,"[{""score"": ""3 - 0"", ""pct"": 14.95}, {""score"": ""2 - 0"", ""pct"": 12.690000000000001}, {""score"": ""4 - 0"", ""pct"": 12.02}]"
Argentina,Japan,Neutral,1.633,0.683,60.2,25.9,13.9,60.2,7.8,10.3,14.2,3.0,4.5,78.3,21.7,"[{""score"": ""1 - 0"", ""pct"": 16.42}, {""score"": ""2 - 0"", ""pct"": 13.309999999999999}, {""score"": ""1 - 1"", ""pct"": 11.29}]"
Argentina,Panama,Neutral,2.648,0.435,84.8,11.5,3.7,85.2,5.5,4.4,3.4,0.6,0.8,95.1,4.9,"[{""score"": ""2 - 0"", ""pct"": 16.55}, {""score"": ""3 - 0"", ""pct"": 14.680000000000001}, {""score"": ""1 - 0"", ""pct"": 12.76}]"
Argentina,Brazil,Neutral,1.074,1.01,35.9,31.4,32.8,36.0,6.2,9.9,32.9,5.7,9.2,52.2,47.8,"[{""score"": ""1 - 1"", ""pct"": 13.930000000000001}, {""score"": ""1 - 0"", ""pct"": 13.22}, {""score"": ""0 - 0"", ""pct"": 13.11}]"
South Africa,United States,Neutral,0.92,1.41,23.9,28.2,48.0,23.8,4.3,6.6,47.8,7.4,10.1,34.7,65.3,"[{""score"": ""0 - 1"", ""pct"": 13.88}, {""score"": ""1 - 1"", ""pct"": 13.03}, {""score"": ""0 - 0"", ""pct"": 10.45}]"
South Africa,Sweden,Neutral,0.867,1.714,17.9,24.6,57.4,18.1,3.6,4.2,57.4,7.6,9.0,26.0,74.0,"[{""score"": ""0 - 1"", ""pct"": 13.48}, {""score"": ""1 - 1"", ""pct"": 11.17}, {""score"": ""0 - 2"", ""pct"": 10.66}]"
South Africa,Canada,Neutral,0.875,1.279,25.3,30.0,44.7,24.6,4.8,8.0,44.9,6.8,10.8,37.4,62.6,"[{""score"": ""0 - 1"", ""pct"": 14.69}, {""score"": ""1 - 1"", ""pct"": 12.91}, {""score"": ""0 - 0"", ""pct"": 12.370000000000001}]"
South Africa,France,Neutral,0.532,2.243,6.5,16.5,76.9,6.9,1.4,1.8,76.6,6.7,6.6,10.1,89.9,"[{""score"": ""0 - 2"", ""pct"": 15.160000000000002}, {""score"": ""0 - 1"", ""pct"": 14.799999999999999}, {""score"": ""0 - 3"", ""pct"": 10.93}]"
South Africa,Egypt,Neutral,0.778,1.179,24.3,31.1,44.6,23.6,4.5,7.7,45.1,7.3,11.8,35.8,64.2,"[{""score"": ""0 - 1"", ""pct"": 16.6}, {""score"": ""0 - 0"", ""pct"": 13.919999999999998}, {""score"": ""1 - 1"", ""pct"": 13.350000000000001}]"
South Africa,Norway,Neutral,0.805,1.872,14.7,22.7,62.7,14.5,3.1,3.5,62.2,7.5,9.2,21.0,79.0,"[{""score"": ""0 - 1"", ""pct"": 13.459999999999999}, {""score"": ""0 - 2"", ""pct"": 11.05}, {""score"": ""1 - 1"", ""pct"": 10.32}]"
South Africa,Spain,Neutral,0.493,2.71,4.2,12.0,83.8,3.9,0.6,0.9,84.2,5.5,4.8,5.5,94.5,"[{""score"": ""0 - 2"", ""pct"": 15.0}, {""score"": ""0 - 3"", ""pct"": 12.72}, {""score"": ""0 - 1"", ""pct"": 11.93}]"
South Africa,Ivory Coast,Neutral,0.782,1.283,22.2,30.0,47.8,21.4,4.3,6.9,48.2,7.5,11.8,32.5,67.5,"[{""score"": ""0 - 1"", ""pct"": 16.48}, {""score"": ""0 - 0"", ""pct"": 13.530000000000001}, {""score"": ""1 - 1"", ""pct"": 12.73}]"
South Africa,New Zealand,Neutral,1.121,0.734,44.3,33.2,22.5,44.2,7.3,12.8,22.5,4.7,8.5,64.3,35.7,"[{""score"": ""1 - 0"", ""pct"": 17.69}, {""score"": ""0 - 0"", ""pct"": 16.76}, {""score"": ""1 - 1"", ""pct"": 13.18}]"
South Africa,Algeria,Neutral,0.892,1.584,20.1,26.2,53.6,20.1,3.5,5.4,53.8,7.3,9.8,29.1,70.9,"[{""score"": ""0 - 1"", ""pct"": 13.86}, {""score"": ""1 - 1"", ""pct"": 11.690000000000001}, {""score"": ""0 - 2"", ""pct"": 10.65}]"
South Africa,Uzbekistan,Neutral,0.864,1.07,27.7,33.3,39.0,28.9,4.9,8.9,38.7,7.0,11.5,42.7,57.3,"[{""score"": ""0 - 0"", ""pct"": 16.29}, {""score"": ""0 - 1"", ""pct"": 15.47}, {""score"": ""1 - 1"", ""pct"": 13.38}]"
South Africa,Curaçao,Neutral,1.733,0.705,61.9,24.0,14.1,61.8,7.6,9.8,14.2,2.7,3.9,79.2,20.8,"[{""score"": ""1 - 0"", ""pct"": 15.64}, {""score"": ""2 - 0"", ""pct"": 13.320000000000002}, {""score"": ""1 - 1"", ""pct"": 10.4}]"
South Africa,DR Congo,Neutral,0.888,1.012,30.2,33.2,36.6,29.3,5.5,10.2,37.2,6.5,11.2,45.1,54.9,"[{""score"": ""0 - 0"", ""pct"": 15.939999999999998}, {""score"": ""0 - 1"", ""pct"": 15.22}, {""score"": ""1 - 1"", ""pct"": 13.530000000000001}]"
South Africa,Iraq,Neutral,1.026,0.894,36.7,32.9,30.4,37.4,6.6,10.9,30.1,5.5,9.6,54.8,45.2,"[{""score"": ""0 - 0"", ""pct"": 15.629999999999999}, {""score"": ""1 - 0"", ""pct"": 14.680000000000001}, {""score"": ""1 - 1"", ""pct"": 13.420000000000002}]"
South Africa,Ghana,Neutral,1.015,1.086,31.2,31.4,37.4,32.5,5.6,9.0,36.2,6.4,10.3,47.1,52.9,"[{""score"": ""0 - 1"", ""pct"": 13.66}, {""score"": ""0 - 0"", ""pct"": 13.38}, {""score"": ""1 - 1"", ""pct"": 13.26}]"
South Africa,Ecuador,Neutral,0.577,1.481,13.4,27.6,59.0,14.0,2.4,4.6,58.4,8.1,12.6,20.9,79.1,"[{""score"": ""0 - 1"", ""pct"": 19.42}, {""score"": ""0 - 0"", ""pct"": 13.81}, {""score"": ""0 - 2"", ""pct"": 12.620000000000001}]"
South Africa,Cape Verde,Neutral,1.107,0.887,39.3,32.2,28.5,38.8,7.1,11.1,28.2,5.7,9.0,57.0,43.0,"[{""score"": ""1 - 0"", ""pct"": 15.67}, {""score"": ""0 - 0"", ""pct"": 14.760000000000002}, {""score"": ""1 - 1"", ""pct"": 13.4}]"
South Africa,Iran,Neutral,0.75,1.393,19.0,28.6,52.3,18.4,3.8,5.8,53.1,7.6,11.3,28.0,72.0,"[{""score"": ""0 - 1"", ""pct"": 16.54}, {""score"": ""1 - 1"", ""pct"": 12.3}, {""score"": ""0 - 0"", ""pct"": 12.18}]"
South Africa,Switzerland,Neutral,0.722,1.877,12.4,22.8,64.8,12.4,2.7,3.4,65.0,7.6,8.9,18.5,81.5,"[{""score"": ""0 - 1"", ""pct"": 14.27}, {""score"": ""0 - 2"", ""pct"": 13.120000000000001}, {""score"": ""1 - 1"", ""pct"": 10.209999999999999}]"
South Africa,Bosnia and Herzegovina,Neutral,1.114,1.169,34.0,30.2,35.8,33.3,5.7,8.6,37.0,6.2,9.2,47.6,52.4,"[{""score"": ""1 - 1"", ""pct"": 13.65}, {""score"": ""0 - 1"", ""pct"": 11.559999999999999}, {""score"": ""0 - 0"", ""pct"": 11.540000000000001}]"
South Africa,Uruguay,Neutral,0.563,1.726,10.6,23.5,65.9,10.5,2.3,3.2,66.2,7.7,10.1,15.9,84.0,"[{""score"": ""0 - 1"", ""pct"": 17.46}, {""score"": ""0 - 2"", ""pct"": 15.160000000000002}, {""score"": ""0 - 0"", ""pct"": 10.45}]"
South Africa,Belgium,Neutral,0.655,2.219,8.5,18.0,73.5,8.5,1.8,2.1,73.9,6.7,7.0,12.4,87.6,"[{""score"": ""0 - 2"", ""pct"": 13.780000000000001}, {""score"": ""0 - 1"", ""pct"": 12.809999999999999}, {""score"": ""0 - 3"", ""pct"": 10.23}]"
South Africa,Germany,Neutral,0.712,2.521,7.6,14.7,77.7,7.3,1.2,1.6,77.9,6.1,5.8,10.2,89.8,"[{""score"": ""0 - 2"", ""pct"": 12.36}, {""score"": ""0 - 1"", ""pct"": 10.65}, {""score"": ""0 - 3"", ""pct"": 10.51}]"
South Africa,Senegal,Neutral,0.685,1.414,16.7,27.9,55.4,17.2,3.6,5.5,54.3,7.7,11.7,26.3,73.7,"[{""score"": ""0 - 1"", ""pct"": 18.32}, {""score"": ""0 - 0"", ""pct"": 12.959999999999999}, {""score"": ""0 - 2"", ""pct"": 12.17}]"
South Africa,Portugal,Neutral,0.564,2.356,6.2,15.8,78.0,6.6,1.2,1.6,77.8,6.5,6.3,9.4,90.6,"[{""score"": ""0 - 2"", ""pct"": 15.14}, {""score"": ""0 - 1"", ""pct"": 13.100000000000001}, {""score"": ""0 - 3"", ""pct"": 11.15}]"
South Africa,Argentina,Neutral,0.412,2.254,4.6,15.0,80.3,4.3,0.9,1.2,80.2,6.2,7.1,6.5,93.5,"[{""score"": ""0 - 2"", ""pct"": 17.76}, {""score"": ""0 - 1"", ""pct"": 16.470000000000002}, {""score"": ""0 - 3"", ""pct"": 12.959999999999999}]"
South Africa,Paraguay,Neutral,0.723,1.28,20.0,30.1,49.9,19.9,4.1,6.9,49.2,7.6,12.3,30.9,69.1,"[{""score"": ""0 - 1"", ""pct"": 17.98}, {""score"": ""0 - 0"", ""pct"": 14.2}, {""score"": ""1 - 1"", ""pct"": 12.45}]"
South Africa,Mexico,Neutral,0.715,1.401,18.5,28.0,53.5,18.4,3.7,5.7,53.6,7.3,11.3,27.8,72.2,"[{""score"": ""0 - 1"", ""pct"": 17.41}, {""score"": ""0 - 0"", ""pct"": 12.690000000000001}, {""score"": ""1 - 1"", ""pct"": 11.77}]"
South Africa,Turkey,Neutral,0.896,1.739,18.7,24.4,56.8,18.1,3.5,4.5,57.2,7.8,8.8,26.2,73.8,"[{""score"": ""0 - 1"", ""pct"": 13.07}, {""score"": ""1 - 1"", ""pct"": 11.05}, {""score"": ""0 - 2"", ""pct"": 10.489999999999998}]"
South Africa,England,Neutral,0.467,2.183,6.0,16.8,77.2,5.5,0.9,1.5,77.3,6.7,8.0,8.0,92.0,"[{""score"": ""0 - 2"", ""pct"": 17.330000000000002}, {""score"": ""0 - 1"", ""pct"": 15.479999999999999}, {""score"": ""0 - 3"", ""pct"": 11.98}]"
South Africa,Qatar,Neutral,1.424,1.053,44.3,28.7,27.0,45.5,7.0,9.0,27.8,4.4,6.3,61.5,38.5,"[{""score"": ""1 - 1"", ""pct"": 13.350000000000001}, {""score"": ""1 - 0"", ""pct"": 11.940000000000001}, {""score"": ""0 - 0"", ""pct"": 9.629999999999999}]"
South Africa,Colombia,Neutral,0.557,1.986,8.3,20.2,71.6,8.5,1.9,2.3,71.5,7.4,8.4,12.7,87.3,"[{""score"": ""0 - 1"", ""pct"": 16.34}, {""score"": ""0 - 2"", ""pct"": 15.03}, {""score"": ""0 - 3"", ""pct"": 9.719999999999999}]"
South Africa,Czech Republic,Neutral,0.888,1.48,20.7,28.0,51.3,21.5,4.2,6.0,50.3,7.6,10.5,31.6,68.4,"[{""score"": ""0 - 1"", ""pct"": 14.97}, {""score"": ""1 - 1"", ""pct"": 12.659999999999998}, {""score"": ""0 - 0"", ""pct"": 10.280000000000001}]"
South Africa,Croatia,Neutral,0.667,1.842,11.8,22.0,66.1,11.5,2.4,3.4,65.7,7.8,9.1,17.3,82.7,"[{""score"": ""0 - 1"", ""pct"": 16.0}, {""score"": ""0 - 2"", ""pct"": 13.200000000000001}, {""score"": ""1 - 1"", ""pct"": 9.569999999999999}]"
South Africa,Netherlands,Neutral,0.67,2.29,8.4,17.5,74.1,8.8,1.7,1.9,74.1,7.0,6.5,12.3,87.7,"[{""score"": ""0 - 2"", ""pct"": 13.63}, {""score"": ""0 - 1"", ""pct"": 12.83}, {""score"": ""0 - 3"", ""pct"": 9.89}]"
South Africa,South Korea,Neutral,0.835,1.341,22.0,29.4,48.5,22.0,4.5,6.7,48.9,7.4,10.6,33.1,66.9,"[{""score"": ""0 - 1"", ""pct"": 15.049999999999999}, {""score"": ""0 - 0"", ""pct"": 12.479999999999999}, {""score"": ""1 - 1"", ""pct"": 12.1}]"
South Africa,Australia,Neutral,0.764,1.383,19.7,29.1,51.1,19.9,3.5,5.9,52.0,7.7,11.0,29.3,70.7,"[{""score"": ""0 - 1"", ""pct"": 16.16}, {""score"": ""0 - 0"", ""pct"": 12.629999999999999}, {""score"": ""1 - 1"", ""pct"": 12.280000000000001}]"
South Africa,Morocco,Neutral,0.518,1.501,11.9,26.7,61.4,11.3,2.2,4.1,62.4,7.4,12.6,17.7,82.3,"[{""score"": ""0 - 1"", ""pct"": 20.57}, {""score"": ""0 - 2"", ""pct"": 14.11}, {""score"": ""0 - 0"", ""pct"": 13.98}]"
South Africa,Scotland,Neutral,0.866,1.45,21.1,27.8,51.1,21.7,4.2,6.1,50.7,7.0,10.3,32.0,68.0,"[{""score"": ""0 - 1"", ""pct"": 15.15}, {""score"": ""1 - 1"", ""pct"": 12.280000000000001}, {""score"": ""0 - 0"", ""pct"": 10.96}]"
South Africa,Tunisia,Neutral,0.773,1.153,23.7,32.4,43.9,23.2,4.7,8.2,44.1,7.3,12.5,36.1,63.9,"[{""score"": ""0 - 1"", ""pct"": 16.8}, {""score"": ""0 - 0"", ""pct"": 15.9}, {""score"": ""1 - 1"", ""pct"": 12.45}]"
South Africa,Jordan,Neutral,1.133,1.079,36.0,30.1,34.0,35.7,6.1,9.0,34.2,6.2,8.8,50.8,49.2,"[{""score"": ""1 - 1"", ""pct"": 13.5}, {""score"": ""1 - 0"", ""pct"": 12.15}, {""score"": ""0 - 1"", ""pct"": 11.959999999999999}]"
South Africa,Saudi Arabia,Neutral,1.019,0.933,36.2,32.3,31.4,36.0,6.5,10.2,31.5,6.0,9.8,52.7,47.3,"[{""score"": ""0 - 0"", ""pct"": 14.549999999999999}, {""score"": ""1 - 0"", ""pct"": 14.23}, {""score"": ""1 - 1"", ""pct"": 13.700000000000001}]"
South Africa,Austria,Neutral,0.786,1.643,16.4,26.0,57.5,16.6,3.5,4.7,58.0,7.3,9.8,24.9,75.1,"[{""score"": ""0 - 1"", ""pct"": 14.87}, {""score"": ""0 - 2"", ""pct"": 11.75}, {""score"": ""1 - 1"", ""pct"": 11.33}]"
South Africa,Haiti,Neutral,1.578,0.939,52.6,25.6,21.7,52.8,7.1,9.0,21.6,4.2,5.3,69.0,31.0,"[{""score"": ""1 - 0"", ""pct"": 13.370000000000001}, {""score"": ""1 - 1"", ""pct"": 11.379999999999999}, {""score"": ""2 - 0"", ""pct"": 9.719999999999999}]"
South Africa,Japan,Neutral,0.73,1.671,15.2,25.3,59.6,14.7,3.1,4.8,59.9,7.6,9.9,22.6,77.4,"[{""score"": ""0 - 1"", ""pct"": 15.110000000000001}, {""score"": ""0 - 2"", ""pct"": 12.379999999999999}, {""score"": ""1 - 1"", ""pct"": 11.07}]"
South Africa,Panama,Neutral,1.184,1.065,37.8,30.1,32.0,38.8,6.2,9.9,30.9,5.7,8.6,54.8,45.2,"[{""score"": ""1 - 1"", ""pct"": 12.950000000000001}, {""score"": ""1 - 0"", ""pct"": 12.64}, {""score"": ""0 - 0"", ""pct"": 11.98}]"
South Africa,Brazil,Neutral,0.48,2.473,4.9,13.1,82.0,4.9,1.0,0.9,81.4,5.9,5.8,6.9,93.1,"[{""score"": ""0 - 2"", ""pct"": 15.73}, {""score"": ""0 - 1"", ""pct"": 13.61}, {""score"": ""0 - 3"", ""pct"": 12.58}]"
Paraguay,United States,Neutral,1.169,1.012,38.4,31.1,30.6,38.4,6.3,10.3,31.0,5.2,8.9,55.0,45.0,"[{""score"": ""1 - 1"", ""pct"": 13.66}, {""score"": ""1 - 0"", ""pct"": 13.41}, {""score"": ""0 - 0"", ""pct"": 12.57}]"
Paraguay,Sweden,Neutral,1.102,1.231,31.7,29.4,38.9,32.1,5.7,7.9,38.8,6.6,8.9,45.7,54.3,"[{""score"": ""1 - 1"", ""pct"": 13.11}, {""score"": ""0 - 1"", ""pct"": 12.32}, {""score"": ""0 - 0"", ""pct"": 10.6}]"
Paraguay,Canada,Neutral,1.112,0.918,38.6,32.5,28.8,38.8,6.7,10.8,28.9,5.3,9.4,56.4,43.6,"[{""score"": ""1 - 0"", ""pct"": 14.49}, {""score"": ""0 - 0"", ""pct"": 14.399999999999999}, {""score"": ""1 - 1"", ""pct"": 13.73}]"
Paraguay,France,Neutral,0.676,1.611,14.3,25.3,60.4,14.6,3.0,4.5,59.9,7.5,10.5,22.2,77.8,"[{""score"": ""0 - 1"", ""pct"": 17.05}, {""score"": ""0 - 2"", ""pct"": 12.920000000000002}, {""score"": ""0 - 0"", ""pct"": 11.42}]"
Paraguay,Egypt,Neutral,0.988,0.847,36.5,34.6,28.9,37.6,6.6,11.9,28.9,5.3,9.6,56.2,43.8,"[{""score"": ""0 - 0"", ""pct"": 17.31}, {""score"": ""1 - 0"", ""pct"": 15.52}, {""score"": ""1 - 1"", ""pct"": 14.000000000000002}]"
Paraguay,Norway,Neutral,1.022,1.344,27.9,28.7,43.5,28.0,5.1,7.3,42.7,6.6,10.4,40.4,59.6,"[{""score"": ""1 - 1"", ""pct"": 12.83}, {""score"": ""0 - 1"", ""pct"": 12.83}, {""score"": ""0 - 0"", ""pct"": 10.63}]"
Paraguay,Spain,Neutral,0.626,1.946,10.2,20.9,68.9,10.5,2.0,2.5,68.4,7.4,9.2,15.0,85.0,"[{""score"": ""0 - 1"", ""pct"": 15.7}, {""score"": ""0 - 2"", ""pct"": 14.499999999999998}, {""score"": ""1 - 1"", ""pct"": 9.17}]"
Paraguay,Ivory Coast,Neutral,0.994,0.922,35.3,33.7,30.9,35.4,6.3,11.0,30.8,6.2,10.4,52.7,47.3,"[{""score"": ""0 - 0"", ""pct"": 16.63}, {""score"": ""1 - 0"", ""pct"": 14.21}, {""score"": ""1 - 1"", ""pct"": 13.33}]"
Paraguay,New Zealand,Neutral,1.424,0.527,59.7,27.9,12.4,58.6,8.1,12.9,13.1,2.7,4.7,79.5,20.5,"[{""score"": ""1 - 0"", ""pct"": 20.419999999999998}, {""score"": ""0 - 0"", ""pct"": 14.799999999999999}, {""score"": ""2 - 0"", ""pct"": 13.950000000000001}]"
Paraguay,Algeria,Neutral,1.133,1.138,35.6,29.3,35.0,34.4,5.9,9.0,35.2,6.0,9.4,49.3,50.7,"[{""score"": ""1 - 1"", ""pct"": 13.19}, {""score"": ""0 - 1"", ""pct"": 12.07}, {""score"": ""1 - 0"", ""pct"": 11.77}]"
Paraguay,Uzbekistan,Neutral,1.098,0.768,41.7,33.9,24.5,43.4,6.9,12.5,23.7,4.8,8.7,62.8,37.2,"[{""score"": ""0 - 0"", ""pct"": 16.57}, {""score"": ""1 - 0"", ""pct"": 16.45}, {""score"": ""1 - 1"", ""pct"": 13.94}]"
Paraguay,Curaçao,Neutral,2.202,0.506,77.3,16.0,6.7,77.5,6.4,7.0,6.5,1.1,1.5,90.9,9.1,"[{""score"": ""2 - 0"", ""pct"": 16.79}, {""score"": ""1 - 0"", ""pct"": 15.18}, {""score"": ""3 - 0"", ""pct"": 11.459999999999999}]"
Paraguay,DR Congo,Neutral,1.128,0.726,45.2,32.5,22.3,44.2,7.1,13.1,23.2,4.4,8.1,64.4,35.6,"[{""score"": ""1 - 0"", ""pct"": 18.16}, {""score"": ""0 - 0"", ""pct"": 16.12}, {""score"": ""1 - 1"", ""pct"": 13.18}]"
Paraguay,Iraq,Neutral,1.304,0.642,52.7,30.2,17.2,52.2,8.1,13.0,17.3,3.3,6.0,73.3,26.7,"[{""score"": ""1 - 0"", ""pct"": 18.65}, {""score"": ""0 - 0"", ""pct"": 15.790000000000001}, {""score"": ""2 - 0"", ""pct"": 12.26}]"
Paraguay,Ghana,Neutral,1.29,0.78,48.7,29.8,21.5,48.3,7.6,11.6,21.3,4.1,7.2,67.4,32.6,"[{""score"": ""1 - 0"", ""pct"": 16.54}, {""score"": ""0 - 0"", ""pct"": 13.29}, {""score"": ""1 - 1"", ""pct"": 12.68}]"
Paraguay,Ecuador,Neutral,0.733,1.063,24.4,33.4,42.1,23.8,4.7,8.5,42.9,6.9,13.3,37.0,63.0,"[{""score"": ""0 - 1"", ""pct"": 17.65}, {""score"": ""0 - 0"", ""pct"": 17.51}, {""score"": ""1 - 1"", ""pct"": 13.03}]"
Paraguay,Cape Verde,Neutral,1.406,0.637,55.5,28.5,16.1,55.8,7.4,12.0,16.5,3.2,5.1,75.2,24.8,"[{""score"": ""1 - 0"", ""pct"": 17.98}, {""score"": ""0 - 0"", ""pct"": 13.930000000000001}, {""score"": ""2 - 0"", ""pct"": 12.479999999999999}]"
Paraguay,Iran,Neutral,0.953,1.0,32.2,33.0,34.8,32.7,6.0,9.5,35.0,6.1,10.7,48.2,51.8,"[{""score"": ""0 - 0"", ""pct"": 15.67}, {""score"": ""0 - 1"", ""pct"": 14.01}, {""score"": ""1 - 1"", ""pct"": 13.370000000000001}]"
Paraguay,Switzerland,Neutral,0.918,1.348,24.3,29.0,46.8,24.7,4.6,7.0,46.1,7.2,10.5,36.3,63.7,"[{""score"": ""0 - 1"", ""pct"": 14.02}, {""score"": ""1 - 1"", ""pct"": 12.879999999999999}, {""score"": ""0 - 0"", ""pct"": 11.03}]"
Paraguay,Bosnia and Herzegovina,Neutral,1.415,0.84,49.5,28.6,21.9,49.7,7.9,10.8,21.0,4.1,6.5,68.4,31.6,"[{""score"": ""1 - 0"", ""pct"": 14.46}, {""score"": ""1 - 1"", ""pct"": 12.75}, {""score"": ""0 - 0"", ""pct"": 11.31}]"
Paraguay,Uruguay,Neutral,0.716,1.239,21.0,31.1,47.9,19.8,4.3,7.2,48.7,7.9,12.1,31.2,68.8,"[{""score"": ""0 - 1"", ""pct"": 17.14}, {""score"": ""0 - 0"", ""pct"": 15.160000000000002}, {""score"": ""1 - 1"", ""pct"": 12.629999999999999}]"
Paraguay,Belgium,Neutral,0.833,1.593,18.9,26.2,54.8,18.8,3.6,5.1,54.7,7.9,9.9,27.5,72.5,"[{""score"": ""0 - 1"", ""pct"": 14.24}, {""score"": ""1 - 1"", ""pct"": 11.16}, {""score"": ""0 - 2"", ""pct"": 11.12}]"
Paraguay,Germany,Neutral,0.905,1.81,17.4,23.1,59.5,17.0,3.2,4.5,59.1,7.4,8.7,24.8,75.2,"[{""score"": ""0 - 1"", ""pct"": 12.55}, {""score"": ""0 - 2"", ""pct"": 10.61}, {""score"": ""1 - 1"", ""pct"": 10.51}]"
Paraguay,Senegal,Neutral,0.871,1.015,30.0,32.7,37.3,29.7,5.9,9.6,37.2,6.2,11.5,45.2,54.8,"[{""score"": ""0 - 0"", ""pct"": 15.920000000000002}, {""score"": ""0 - 1"", ""pct"": 14.899999999999999}, {""score"": ""1 - 0"", ""pct"": 13.41}]"
Paraguay,Portugal,Neutral,0.716,1.692,14.5,24.9,60.5,14.1,2.8,4.2,61.9,7.4,9.6,21.1,78.9,"[{""score"": ""0 - 1"", ""pct"": 15.35}, {""score"": ""0 - 2"", ""pct"": 12.2}, {""score"": ""1 - 1"", ""pct"": 10.79}]"
Paraguay,Argentina,Neutral,0.523,1.618,10.1,24.6,65.3,10.6,2.0,3.6,64.8,8.1,10.8,16.2,83.8,"[{""score"": ""0 - 1"", ""pct"": 19.09}, {""score"": ""0 - 2"", ""pct"": 15.620000000000001}, {""score"": ""0 - 0"", ""pct"": 12.280000000000001}]"
Paraguay,South Africa,Neutral,1.28,0.723,49.9,30.1,20.0,49.9,7.2,12.1,19.7,4.0,7.0,69.3,30.7,"[{""score"": ""1 - 0"", ""pct"": 17.36}, {""score"": ""0 - 0"", ""pct"": 14.399999999999999}, {""score"": ""1 - 1"", ""pct"": 12.46}]"
Paraguay,Mexico,Neutral,0.909,1.006,31.2,33.0,35.8,31.5,5.7,10.3,35.4,6.3,10.8,47.5,52.5,"[{""score"": ""0 - 0"", ""pct"": 16.04}, {""score"": ""0 - 1"", ""pct"": 14.430000000000001}, {""score"": ""1 - 1"", ""pct"": 13.36}]"
Paraguay,Turkey,Neutral,1.139,1.249,34.0,28.6,37.4,32.4,5.6,7.9,38.4,6.6,9.1,45.9,54.1,"[{""score"": ""1 - 1"", ""pct"": 13.18}, {""score"": ""0 - 1"", ""pct"": 11.44}, {""score"": ""1 - 0"", ""pct"": 10.8}]"
Paraguay,England,Neutral,0.594,1.568,12.9,25.9,61.2,13.2,2.5,4.4,61.4,7.4,11.1,20.1,79.9,"[{""score"": ""0 - 1"", ""pct"": 18.47}, {""score"": ""0 - 2"", ""pct"": 13.750000000000002}, {""score"": ""0 - 0"", ""pct"": 12.32}]"
Paraguay,Qatar,Neutral,1.81,0.756,62.8,23.1,14.1,63.2,7.5,9.1,13.9,2.8,3.5,79.8,20.2,"[{""score"": ""1 - 0"", ""pct"": 14.48}, {""score"": ""2 - 0"", ""pct"": 12.45}, {""score"": ""1 - 1"", ""pct"": 10.22}]"
Paraguay,Colombia,Neutral,0.708,1.426,17.2,28.3,54.5,17.9,3.7,5.6,53.7,8.0,11.2,27.1,72.9,"[{""score"": ""0 - 1"", ""pct"": 17.349999999999998}, {""score"": ""0 - 0"", ""pct"": 12.7}, {""score"": ""1 - 1"", ""pct"": 12.120000000000001}]"
Paraguay,Czech Republic,Neutral,1.128,1.063,35.7,31.6,32.7,36.3,6.2,9.6,33.2,6.1,8.6,52.1,47.9,"[{""score"": ""1 - 1"", ""pct"": 13.56}, {""score"": ""0 - 0"", ""pct"": 12.659999999999998}, {""score"": ""1 - 0"", ""pct"": 12.33}]"
Paraguay,Croatia,Neutral,0.847,1.322,22.4,29.5,48.1,22.9,4.4,6.8,47.9,7.0,11.1,34.1,65.9,"[{""score"": ""0 - 1"", ""pct"": 16.21}, {""score"": ""0 - 0"", ""pct"": 12.72}, {""score"": ""1 - 1"", ""pct"": 12.33}]"
Paraguay,Netherlands,Neutral,0.851,1.644,18.4,25.8,55.8,18.2,3.5,5.0,56.5,7.2,9.7,26.7,73.3,"[{""score"": ""0 - 1"", ""pct"": 13.99}, {""score"": ""1 - 1"", ""pct"": 11.44}, {""score"": ""0 - 2"", ""pct"": 10.0}]"
Paraguay,South Korea,Neutral,1.061,0.963,36.8,32.9,30.3,36.5,6.6,11.0,30.8,5.8,9.2,54.1,45.9,"[{""score"": ""0 - 0"", ""pct"": 14.96}, {""score"": ""1 - 0"", ""pct"": 14.069999999999999}, {""score"": ""1 - 1"", ""pct"": 13.750000000000002}]"
Paraguay,Australia,Neutral,0.971,0.993,32.7,33.5,33.8,32.6,6.4,10.4,34.0,6.2,10.4,49.4,50.6,"[{""score"": ""0 - 0"", ""pct"": 15.459999999999999}, {""score"": ""0 - 1"", ""pct"": 14.04}, {""score"": ""1 - 1"", ""pct"": 13.94}]"
Paraguay,Morocco,Neutral,0.658,1.078,20.9,35.0,44.1,20.8,4.4,8.6,45.4,6.9,13.9,33.8,66.2,"[{""score"": ""0 - 0"", ""pct"": 19.18}, {""score"": ""0 - 1"", ""pct"": 18.19}, {""score"": ""1 - 1"", ""pct"": 13.0}]"
Paraguay,Scotland,Neutral,1.101,1.041,37.2,30.5,32.4,35.3,6.7,9.7,33.2,6.1,9.1,51.6,48.4,"[{""score"": ""1 - 0"", ""pct"": 13.309999999999999}, {""score"": ""1 - 1"", ""pct"": 13.3}, {""score"": ""0 - 0"", ""pct"": 12.35}]"
Paraguay,Tunisia,Neutral,0.982,0.828,37.0,34.6,28.4,36.5,6.7,12.4,28.8,5.0,10.6,55.6,44.4,"[{""score"": ""0 - 0"", ""pct"": 17.23}, {""score"": ""1 - 0"", ""pct"": 15.809999999999999}, {""score"": ""1 - 1"", ""pct"": 13.919999999999998}]"
Paraguay,Jordan,Neutral,1.44,0.774,53.4,28.0,18.5,52.4,7.8,11.1,19.4,3.5,5.7,71.4,28.6,"[{""score"": ""1 - 0"", ""pct"": 16.37}, {""score"": ""1 - 1"", ""pct"": 12.049999999999999}, {""score"": ""0 - 0"", ""pct"": 11.700000000000001}]"
Paraguay,Saudi Arabia,Neutral,1.295,0.67,51.9,29.4,18.7,51.3,7.9,13.0,17.9,3.6,6.4,72.1,27.9,"[{""score"": ""1 - 0"", ""pct"": 18.490000000000002}, {""score"": ""0 - 0"", ""pct"": 14.66}, {""score"": ""1 - 1"", ""pct"": 11.690000000000001}]"
Paraguay,Austria,Neutral,0.998,1.18,30.3,30.3,39.4,29.8,5.9,8.7,39.1,6.4,10.2,44.3,55.7,"[{""score"": ""0 - 1"", ""pct"": 13.84}, {""score"": ""1 - 1"", ""pct"": 13.13}, {""score"": ""0 - 0"", ""pct"": 12.15}]"
Paraguay,Haiti,Neutral,2.006,0.675,68.7,20.9,10.4,69.6,7.2,8.3,10.2,2.0,2.7,85.1,14.9,"[{""score"": ""1 - 0"", ""pct"": 14.000000000000002}, {""score"": ""2 - 0"", ""pct"": 13.94}, {""score"": ""1 - 1"", ""pct"": 8.95}]"
Paraguay,Japan,Neutral,0.927,1.2,27.0,30.4,42.6,27.7,5.0,7.9,41.5,6.9,10.9,40.7,59.3,"[{""score"": ""0 - 1"", ""pct"": 14.66}, {""score"": ""1 - 1"", ""pct"": 12.91}, {""score"": ""0 - 0"", ""pct"": 12.91}]"
Paraguay,Panama,Neutral,1.504,0.765,54.7,26.8,18.5,54.5,7.5,10.7,17.9,3.6,5.8,72.7,27.3,"[{""score"": ""1 - 0"", ""pct"": 16.09}, {""score"": ""1 - 1"", ""pct"": 12.07}, {""score"": ""2 - 0"", ""pct"": 11.48}]"
Paraguay,Brazil,Neutral,0.61,1.776,11.3,22.4,66.3,10.7,2.1,3.4,66.3,7.7,9.9,16.1,83.9,"[{""score"": ""0 - 1"", ""pct"": 16.689999999999998}, {""score"": ""0 - 2"", ""pct"": 15.010000000000002}, {""score"": ""1 - 1"", ""pct"": 9.98}]"
Mexico,United States,Neutral,1.28,1.001,42.5,29.4,28.1,42.5,6.9,9.7,27.8,5.5,7.6,59.1,40.9,"[{""score"": ""1 - 0"", ""pct"": 13.36}, {""score"": ""1 - 1"", ""pct"": 13.13}, {""score"": ""0 - 0"", ""pct"": 11.09}]"
Mexico,Sweden,Neutral,1.206,1.217,35.7,28.3,36.0,35.2,6.1,8.6,35.1,6.4,8.6,49.9,50.1,"[{""score"": ""1 - 1"", ""pct"": 12.57}, {""score"": ""1 - 0"", ""pct"": 11.0}, {""score"": ""0 - 1"", ""pct"": 10.93}]"
Mexico,Canada,Neutral,1.217,0.908,42.9,30.7,26.4,41.7,6.8,11.2,27.4,4.9,8.1,59.7,40.3,"[{""score"": ""1 - 0"", ""pct"": 14.499999999999998}, {""score"": ""0 - 0"", ""pct"": 13.100000000000001}, {""score"": ""1 - 1"", ""pct"": 13.08}]"
Mexico,France,Neutral,0.74,1.592,16.2,26.2,57.6,16.5,2.9,5.0,57.4,7.9,10.2,24.5,75.5,"[{""score"": ""0 - 1"", ""pct"": 16.23}, {""score"": ""0 - 2"", ""pct"": 11.97}, {""score"": ""1 - 1"", ""pct"": 11.08}]"
Mexico,Egypt,Neutral,1.081,0.837,39.6,33.1,27.3,40.5,6.2,11.5,27.6,5.0,9.1,58.2,41.8,"[{""score"": ""1 - 0"", ""pct"": 16.06}, {""score"": ""0 - 0"", ""pct"": 16.05}, {""score"": ""1 - 1"", ""pct"": 13.29}]"
Mexico,Norway,Neutral,1.119,1.329,30.0,29.2,40.8,30.7,5.5,8.2,40.6,6.8,8.2,44.4,55.6,"[{""score"": ""1 - 1"", ""pct"": 13.26}, {""score"": ""0 - 1"", ""pct"": 11.86}, {""score"": ""1 - 0"", ""pct"": 9.9}]"
Mexico,Spain,Neutral,0.685,1.924,11.5,21.4,67.1,10.3,2.1,3.0,67.9,7.6,9.2,15.3,84.7,"[{""score"": ""0 - 1"", ""pct"": 14.78}, {""score"": ""0 - 2"", ""pct"": 13.5}, {""score"": ""1 - 1"", ""pct"": 9.11}]"
Mexico,Ivory Coast,Neutral,1.088,0.911,37.9,32.5,29.6,38.6,6.3,11.2,28.6,5.2,10.1,56.1,43.9,"[{""score"": ""0 - 0"", ""pct"": 14.37}, {""score"": ""1 - 1"", ""pct"": 14.32}, {""score"": ""1 - 0"", ""pct"": 14.26}]"
Mexico,New Zealand,Neutral,1.559,0.521,63.5,26.0,10.5,64.1,7.2,11.9,10.9,2.4,3.6,83.2,16.8,"[{""score"": ""1 - 0"", ""pct"": 20.31}, {""score"": ""2 - 0"", ""pct"": 14.38}, {""score"": ""0 - 0"", ""pct"": 13.600000000000001}]"
Mexico,Algeria,Neutral,1.241,1.125,38.1,29.4,32.5,38.1,6.2,9.1,32.7,5.7,8.1,53.5,46.5,"[{""score"": ""1 - 1"", ""pct"": 13.5}, {""score"": ""1 - 0"", ""pct"": 11.73}, {""score"": ""0 - 1"", ""pct"": 10.73}]"
Mexico,Uzbekistan,Neutral,1.202,0.76,45.8,31.7,22.5,46.3,7.4,12.1,21.9,4.6,7.8,65.7,34.3,"[{""score"": ""1 - 0"", ""pct"": 16.7}, {""score"": ""0 - 0"", ""pct"": 15.409999999999998}, {""score"": ""1 - 1"", ""pct"": 12.620000000000001}]"
Mexico,Curaçao,Neutral,2.41,0.501,80.4,14.5,5.1,80.9,6.0,6.0,5.1,0.9,1.2,92.9,7.1,"[{""score"": ""2 - 0"", ""pct"": 16.33}, {""score"": ""1 - 0"", ""pct"": 13.73}, {""score"": ""3 - 0"", ""pct"": 11.97}]"
Mexico,DR Congo,Neutral,1.235,0.718,47.9,32.3,19.9,47.6,7.8,12.2,21.0,4.1,7.3,67.6,32.4,"[{""score"": ""1 - 0"", ""pct"": 17.169999999999998}, {""score"": ""0 - 0"", ""pct"": 16.07}, {""score"": ""1 - 1"", ""pct"": 12.889999999999999}]"
Mexico,Iraq,Neutral,1.427,0.634,56.5,28.0,15.5,56.5,7.9,11.8,15.2,3.1,5.5,76.2,23.8,"[{""score"": ""1 - 0"", ""pct"": 18.5}, {""score"": ""0 - 0"", ""pct"": 13.469999999999999}, {""score"": ""2 - 0"", ""pct"": 12.690000000000001}]"
Mexico,Ghana,Neutral,1.412,0.771,52.8,28.4,18.8,53.0,7.4,11.1,19.0,3.5,5.9,71.6,28.4,"[{""score"": ""1 - 0"", ""pct"": 16.580000000000002}, {""score"": ""1 - 1"", ""pct"": 12.35}, {""score"": ""0 - 0"", ""pct"": 11.99}]"
Mexico,Ecuador,Neutral,0.802,1.051,25.6,34.1,40.3,26.6,4.9,9.0,40.2,6.5,12.8,40.5,59.5,"[{""score"": ""0 - 0"", ""pct"": 17.47}, {""score"": ""0 - 1"", ""pct"": 16.48}, {""score"": ""1 - 1"", ""pct"": 12.950000000000001}]"
Mexico,Cape Verde,Neutral,1.539,0.63,58.7,27.1,14.2,59.4,8.0,11.0,14.4,2.8,4.4,78.4,21.6,"[{""score"": ""1 - 0"", ""pct"": 17.32}, {""score"": ""2 - 0"", ""pct"": 12.86}, {""score"": ""0 - 0"", ""pct"": 12.61}]"
Mexico,Iran,Neutral,1.043,0.989,35.3,32.4,32.3,35.8,5.5,10.0,32.8,6.0,9.8,51.4,48.6,"[{""score"": ""0 - 0"", ""pct"": 14.19}, {""score"": ""1 - 0"", ""pct"": 13.94}, {""score"": ""1 - 1"", ""pct"": 13.84}]"
Mexico,Switzerland,Neutral,1.004,1.332,27.4,29.3,43.3,28.0,5.1,7.0,43.4,7.0,9.4,40.1,59.9,"[{""score"": ""1 - 1"", ""pct"": 12.989999999999998}, {""score"": ""0 - 1"", ""pct"": 12.44}, {""score"": ""0 - 0"", ""pct"": 10.63}]"
Mexico,Bosnia and Herzegovina,Neutral,1.549,0.83,54.8,26.4,18.8,55.2,7.5,10.1,18.1,3.7,5.4,72.8,27.2,"[{""score"": ""1 - 0"", ""pct"": 15.21}, {""score"": ""1 - 1"", ""pct"": 11.73}, {""score"": ""2 - 0"", ""pct"": 11.03}]"
Mexico,Uruguay,Neutral,0.783,1.225,22.2,31.4,46.4,23.5,4.4,7.3,46.1,7.0,11.7,35.2,64.8,"[{""score"": ""0 - 1"", ""pct"": 16.71}, {""score"": ""0 - 0"", ""pct"": 14.26}, {""score"": ""1 - 1"", ""pct"": 13.450000000000001}]"
Mexico,Belgium,Neutral,0.912,1.575,20.4,26.2,53.3,21.1,3.7,5.7,52.8,7.7,9.1,30.4,69.5,"[{""score"": ""0 - 1"", ""pct"": 13.370000000000001}, {""score"": ""1 - 1"", ""pct"": 11.709999999999999}, {""score"": ""0 - 2"", ""pct"": 9.78}]"
Mexico,Germany,Neutral,0.991,1.789,19.5,24.4,56.1,20.6,3.5,4.3,56.1,7.4,8.1,28.4,71.6,"[{""score"": ""0 - 1"", ""pct"": 11.51}, {""score"": ""1 - 1"", ""pct"": 10.81}, {""score"": ""1 - 2"", ""pct"": 10.13}]"
Mexico,Senegal,Neutral,0.953,1.004,32.1,32.7,35.2,33.1,5.8,10.0,34.1,6.3,10.7,48.9,51.1,"[{""score"": ""0 - 0"", ""pct"": 15.299999999999999}, {""score"": ""1 - 0"", ""pct"": 13.62}, {""score"": ""0 - 1"", ""pct"": 13.38}]"
Mexico,Portugal,Neutral,0.784,1.673,16.3,24.6,59.2,15.9,3.2,4.6,58.3,8.0,10.0,23.8,76.2,"[{""score"": ""0 - 1"", ""pct"": 14.760000000000002}, {""score"": ""0 - 2"", ""pct"": 11.27}, {""score"": ""1 - 1"", ""pct"": 11.15}]"
Mexico,Argentina,Neutral,0.572,1.6,11.6,25.5,62.9,12.3,2.5,4.2,62.2,7.8,11.0,19.0,81.0,"[{""score"": ""0 - 1"", ""pct"": 18.86}, {""score"": ""0 - 2"", ""pct"": 14.09}, {""score"": ""0 - 0"", ""pct"": 12.590000000000002}]"
Mexico,South Africa,Neutral,1.401,0.715,53.4,28.7,17.9,53.6,7.4,11.3,17.9,3.5,6.3,72.3,27.7,"[{""score"": ""1 - 0"", ""pct"": 17.36}, {""score"": ""0 - 0"", ""pct"": 12.920000000000002}, {""score"": ""1 - 1"", ""pct"": 12.22}]"
Mexico,Paraguay,Neutral,1.006,0.909,35.4,33.4,31.2,36.7,6.4,10.6,30.3,5.7,10.3,53.7,46.3,"[{""score"": ""0 - 0"", ""pct"": 15.86}, {""score"": ""1 - 0"", ""pct"": 14.540000000000001}, {""score"": ""1 - 1"", ""pct"": 13.77}]"
Mexico,Turkey,Neutral,1.246,1.235,35.7,28.8,35.5,36.1,6.2,8.3,35.3,6.2,8.0,50.6,49.4,"[{""score"": ""1 - 1"", ""pct"": 12.86}, {""score"": ""0 - 1"", ""pct"": 10.15}, {""score"": ""1 - 0"", ""pct"": 10.07}]"
Mexico,England,Neutral,0.65,1.55,14.5,26.9,58.7,13.8,2.7,4.5,59.7,7.7,11.6,21.0,79.0,"[{""score"": ""0 - 1"", ""pct"": 16.66}, {""score"": ""0 - 2"", ""pct"": 12.57}, {""score"": ""0 - 0"", ""pct"": 12.18}]"
Mexico,Qatar,Neutral,1.981,0.748,67.2,21.1,11.8,66.4,7.8,8.1,12.3,2.4,3.0,82.3,17.7,"[{""score"": ""1 - 0"", ""pct"": 13.420000000000002}, {""score"": ""2 - 0"", ""pct"": 12.959999999999999}, {""score"": ""2 - 1"", ""pct"": 9.78}]"
Mexico,Colombia,Neutral,0.775,1.41,19.4,27.9,52.7,20.2,3.9,6.2,50.6,7.4,11.7,30.4,69.6,"[{""score"": ""0 - 1"", ""pct"": 15.97}, {""score"": ""1 - 1"", ""pct"": 12.16}, {""score"": ""0 - 0"", ""pct"": 11.690000000000001}]"
Mexico,Czech Republic,Neutral,1.235,1.051,40.2,29.6,30.2,40.5,6.6,9.5,30.0,5.2,8.2,56.6,43.4,"[{""score"": ""1 - 1"", ""pct"": 13.13}, {""score"": ""1 - 0"", ""pct"": 12.540000000000001}, {""score"": ""0 - 0"", ""pct"": 10.91}]"
Mexico,Croatia,Neutral,0.927,1.307,26.1,29.3,44.6,25.7,4.5,7.5,45.4,7.1,9.8,37.8,62.2,"[{""score"": ""0 - 1"", ""pct"": 14.399999999999999}, {""score"": ""1 - 1"", ""pct"": 12.7}, {""score"": ""0 - 0"", ""pct"": 11.450000000000001}]"
Mexico,Netherlands,Neutral,0.932,1.626,20.6,25.4,54.0,20.1,3.9,5.3,54.0,7.3,9.4,29.3,70.7,"[{""score"": ""0 - 1"", ""pct"": 12.73}, {""score"": ""1 - 1"", ""pct"": 11.799999999999999}, {""score"": ""0 - 2"", ""pct"": 10.07}]"
Mexico,South Korea,Neutral,1.161,0.952,39.8,31.5,28.7,40.0,6.4,10.3,29.2,5.5,8.6,56.8,43.2,"[{""score"": ""1 - 0"", ""pct"": 14.799999999999999}, {""score"": ""0 - 0"", ""pct"": 13.700000000000001}, {""score"": ""1 - 1"", ""pct"": 13.33}]"
Mexico,Australia,Neutral,1.063,0.982,35.7,32.0,32.2,36.2,6.4,10.4,31.6,6.0,9.5,53.0,47.0,"[{""score"": ""1 - 1"", ""pct"": 13.99}, {""score"": ""0 - 0"", ""pct"": 13.489999999999998}, {""score"": ""1 - 0"", ""pct"": 13.389999999999999}]"
Mexico,Morocco,Neutral,0.72,1.066,22.8,34.5,42.7,23.8,4.9,8.6,43.0,6.7,13.0,37.3,62.7,"[{""score"": ""0 - 0"", ""pct"": 18.37}, {""score"": ""0 - 1"", ""pct"": 18.17}, {""score"": ""1 - 1"", ""pct"": 13.36}]"
Mexico,Scotland,Neutral,1.205,1.03,40.0,29.9,30.1,39.5,6.7,9.4,30.8,5.4,8.2,55.6,44.4,"[{""score"": ""1 - 0"", ""pct"": 13.07}, {""score"": ""1 - 1"", ""pct"": 12.73}, {""score"": ""0 - 0"", ""pct"": 12.31}]"
Mexico,Tunisia,Neutral,1.075,0.819,41.0,32.6,26.4,40.7,6.7,12.4,26.0,5.3,8.9,59.8,40.2,"[{""score"": ""1 - 0"", ""pct"": 16.520000000000003}, {""score"": ""0 - 0"", ""pct"": 15.83}, {""score"": ""1 - 1"", ""pct"": 13.15}]"
Mexico,Jordan,Neutral,1.576,0.766,57.0,26.3,16.7,56.6,7.8,10.5,17.0,3.0,5.1,74.9,25.1,"[{""score"": ""1 - 0"", ""pct"": 16.009999999999998}, {""score"": ""2 - 0"", ""pct"": 11.85}, {""score"": ""1 - 1"", ""pct"": 11.29}]"
Mexico,Saudi Arabia,Neutral,1.418,0.662,54.9,29.2,15.9,55.2,8.1,12.0,16.0,3.1,5.7,75.2,24.7,"[{""score"": ""1 - 0"", ""pct"": 17.45}, {""score"": ""0 - 0"", ""pct"": 13.469999999999999}, {""score"": ""1 - 1"", ""pct"": 12.559999999999999}]"
Mexico,Austria,Neutral,1.093,1.166,33.7,29.6,36.6,33.0,6.0,8.7,36.6,6.3,9.3,47.7,52.3,"[{""score"": ""1 - 1"", ""pct"": 13.26}, {""score"": ""0 - 1"", ""pct"": 12.07}, {""score"": ""1 - 0"", ""pct"": 11.790000000000001}]"
Mexico,Haiti,Neutral,2.195,0.667,73.6,17.3,9.1,73.2,6.7,7.2,9.0,1.8,2.1,87.1,12.9,"[{""score"": ""2 - 0"", ""pct"": 13.62}, {""score"": ""1 - 0"", ""pct"": 13.25}, {""score"": ""3 - 0"", ""pct"": 10.209999999999999}]"
Mexico,Japan,Neutral,1.015,1.186,29.8,31.4,38.8,30.8,5.3,8.4,39.5,6.3,9.6,44.6,55.4,"[{""score"": ""1 - 1"", ""pct"": 13.41}, {""score"": ""0 - 1"", ""pct"": 13.26}, {""score"": ""0 - 0"", ""pct"": 12.620000000000001}]"
Mexico,Panama,Neutral,1.646,0.756,58.9,25.1,16.0,59.1,8.1,9.6,15.4,3.0,4.8,76.8,23.2,"[{""score"": ""1 - 0"", ""pct"": 15.479999999999999}, {""score"": ""1 - 1"", ""pct"": 11.29}, {""score"": ""2 - 0"", ""pct"": 10.93}]"
Mexico,Brazil,Neutral,0.667,1.756,12.3,24.0,63.7,12.7,2.6,3.8,64.2,7.6,9.2,19.1,80.9,"[{""score"": ""0 - 1"", ""pct"": 16.16}, {""score"": ""0 - 2"", ""pct"": 13.59}, {""score"": ""1 - 1"", ""pct"": 10.67}]"
Turkey,United States,Neutral,1.589,1.254,45.4,25.3,29.3,44.2,7.4,7.5,29.7,5.3,5.9,59.2,40.8,"[{""score"": ""1 - 1"", ""pct"": 11.790000000000001}, {""score"": ""1 - 0"", ""pct"": 9.71}, {""score"": ""2 - 1"", ""pct"": 8.9}]"
Turkey,Sweden,Neutral,1.497,1.525,36.6,25.9,37.5,36.8,6.3,6.6,37.5,6.6,6.3,49.6,50.4,"[{""score"": ""1 - 1"", ""pct"": 11.64}, {""score"": ""2 - 1"", ""pct"": 8.35}, {""score"": ""1 - 2"", ""pct"": 8.33}]"
Turkey,Canada,Neutral,1.511,1.138,45.1,27.0,27.9,46.0,6.5,8.4,28.1,4.7,6.2,60.9,39.0,"[{""score"": ""1 - 1"", ""pct"": 12.5}, {""score"": ""1 - 0"", ""pct"": 10.37}, {""score"": ""2 - 1"", ""pct"": 9.36}]"
Turkey,France,Neutral,0.919,1.995,16.1,22.2,61.7,15.7,3.0,3.8,62.7,7.4,7.4,22.5,77.5,"[{""score"": ""0 - 1"", ""pct"": 11.58}, {""score"": ""0 - 2"", ""pct"": 10.72}, {""score"": ""1 - 1"", ""pct"": 10.38}]"
Turkey,Egypt,Neutral,1.342,1.049,43.3,28.4,28.3,42.2,6.7,9.6,28.9,5.1,7.5,58.5,41.5,"[{""score"": ""1 - 0"", ""pct"": 12.68}, {""score"": ""1 - 1"", ""pct"": 12.25}, {""score"": ""0 - 0"", ""pct"": 10.18}]"
Turkey,Norway,Neutral,1.389,1.665,31.8,25.0,43.2,30.8,5.9,5.4,44.2,6.8,6.9,42.1,57.9,"[{""score"": ""1 - 1"", ""pct"": 11.18}, {""score"": ""1 - 2"", ""pct"": 8.82}, {""score"": ""0 - 1"", ""pct"": 7.93}]"
Turkey,Spain,Neutral,0.851,2.411,10.8,17.5,71.8,10.7,1.9,2.0,72.0,7.2,6.1,14.6,85.4,"[{""score"": ""0 - 2"", ""pct"": 11.17}, {""score"": ""0 - 1"", ""pct"": 9.71}, {""score"": ""1 - 2"", ""pct"": 9.64}]"
Turkey,Ivory Coast,Neutral,1.351,1.142,41.9,28.1,30.0,41.1,6.7,8.8,30.3,5.6,7.4,56.7,43.3,"[{""score"": ""1 - 1"", ""pct"": 12.85}, {""score"": ""1 - 0"", ""pct"": 11.87}, {""score"": ""0 - 1"", ""pct"": 9.59}]"
Turkey,New Zealand,Neutral,1.935,0.653,68.1,21.4,10.5,68.2,7.6,8.7,10.6,2.0,2.8,84.5,15.5,"[{""score"": ""1 - 0"", ""pct"": 15.540000000000001}, {""score"": ""2 - 0"", ""pct"": 13.750000000000002}, {""score"": ""1 - 1"", ""pct"": 9.2}]"
Turkey,Algeria,Neutral,1.54,1.409,40.1,25.7,34.2,40.3,6.1,7.0,34.5,5.8,6.3,53.4,46.6,"[{""score"": ""1 - 1"", ""pct"": 11.83}, {""score"": ""2 - 1"", ""pct"": 8.57}, {""score"": ""1 - 0"", ""pct"": 8.36}]"
Turkey,Uzbekistan,Neutral,1.492,0.952,49.8,27.2,23.0,50.1,7.3,9.2,23.2,3.9,6.3,66.6,33.4,"[{""score"": ""1 - 0"", ""pct"": 13.25}, {""score"": ""1 - 1"", ""pct"": 11.88}, {""score"": ""0 - 0"", ""pct"": 9.68}]"
Turkey,Curaçao,Neutral,2.992,0.627,85.2,10.4,4.3,85.3,5.4,3.5,4.2,0.8,0.8,94.2,5.9,"[{""score"": ""2 - 0"", ""pct"": 12.35}, {""score"": ""3 - 0"", ""pct"": 12.35}, {""score"": ""4 - 0"", ""pct"": 8.77}]"
Turkey,DR Congo,Neutral,1.532,0.9,52.5,27.0,20.5,51.7,7.5,10.5,20.9,3.9,5.5,69.7,30.3,"[{""score"": ""1 - 0"", ""pct"": 14.030000000000001}, {""score"": ""1 - 1"", ""pct"": 11.98}, {""score"": ""2 - 0"", ""pct"": 10.23}]"
Turkey,Iraq,Neutral,1.771,0.795,61.2,23.7,15.1,61.1,7.7,9.1,14.9,3.0,4.2,77.9,22.1,"[{""score"": ""1 - 0"", ""pct"": 14.21}, {""score"": ""2 - 0"", ""pct"": 11.44}, {""score"": ""1 - 1"", ""pct"": 10.65}]"
Turkey,Ghana,Neutral,1.752,0.966,56.5,24.5,19.0,55.9,7.8,8.5,19.9,3.5,4.5,72.1,27.9,"[{""score"": ""1 - 0"", ""pct"": 11.66}, {""score"": ""1 - 1"", ""pct"": 11.04}, {""score"": ""2 - 1"", ""pct"": 10.280000000000001}]"
Turkey,Ecuador,Neutral,0.995,1.317,27.5,29.2,43.3,27.1,4.8,7.5,43.5,7.0,10.1,39.4,60.6,"[{""score"": ""0 - 1"", ""pct"": 13.089999999999998}, {""score"": ""1 - 1"", ""pct"": 13.089999999999998}, {""score"": ""0 - 0"", ""pct"": 11.12}]"
Turkey,Cape Verde,Neutral,1.911,0.789,63.7,22.9,13.4,63.9,7.9,8.4,13.7,2.5,3.5,80.3,19.7,"[{""score"": ""1 - 0"", ""pct"": 13.0}, {""score"": ""2 - 0"", ""pct"": 12.389999999999999}, {""score"": ""1 - 1"", ""pct"": 10.4}]"
Turkey,Iran,Neutral,1.295,1.239,37.0,27.8,35.2,37.1,6.1,8.0,35.0,5.8,8.0,51.2,48.8,"[{""score"": ""1 - 1"", ""pct"": 12.85}, {""score"": ""0 - 1"", ""pct"": 10.66}, {""score"": ""1 - 0"", ""pct"": 9.969999999999999}]"
Turkey,Switzerland,Neutral,1.247,1.67,27.5,24.7,47.9,28.1,4.6,5.8,47.1,7.1,7.3,38.5,61.5,"[{""score"": ""1 - 1"", ""pct"": 10.84}, {""score"": ""1 - 2"", ""pct"": 9.68}, {""score"": ""0 - 1"", ""pct"": 9.27}]"
Turkey,Bosnia and Herzegovina,Neutral,1.923,1.04,58.5,22.3,19.2,57.9,7.5,7.8,18.8,3.6,4.4,73.1,26.9,"[{""score"": ""1 - 0"", ""pct"": 10.5}, {""score"": ""1 - 1"", ""pct"": 10.12}, {""score"": ""2 - 1"", ""pct"": 10.100000000000001}]"
Turkey,Uruguay,Neutral,0.972,1.535,22.3,26.7,51.0,23.3,4.5,5.8,49.8,7.1,9.5,33.6,66.4,"[{""score"": ""0 - 1"", ""pct"": 13.239999999999998}, {""score"": ""1 - 1"", ""pct"": 12.049999999999999}, {""score"": ""1 - 2"", ""pct"": 9.4}]"
Turkey,Belgium,Neutral,1.132,1.973,20.4,22.9,56.7,20.3,3.8,4.2,57.6,6.7,7.5,28.2,71.8,"[{""score"": ""1 - 1"", ""pct"": 10.280000000000001}, {""score"": ""1 - 2"", ""pct"": 10.01}, {""score"": ""0 - 1"", ""pct"": 9.44}]"
Turkey,Germany,Neutral,1.23,2.242,19.6,19.6,60.9,19.5,3.3,3.6,59.8,7.0,6.8,26.4,73.6,"[{""score"": ""1 - 2"", ""pct"": 9.58}, {""score"": ""1 - 1"", ""pct"": 8.49}, {""score"": ""0 - 2"", ""pct"": 7.51}]"
Turkey,Senegal,Neutral,1.184,1.258,33.7,28.9,37.4,34.1,5.7,8.0,37.2,6.4,8.5,47.8,52.2,"[{""score"": ""1 - 1"", ""pct"": 12.989999999999998}, {""score"": ""0 - 1"", ""pct"": 11.16}, {""score"": ""1 - 0"", ""pct"": 9.969999999999999}]"
Turkey,Portugal,Neutral,0.973,2.096,15.9,21.0,63.1,15.4,3.1,3.2,63.6,7.7,7.1,21.7,78.3,"[{""score"": ""0 - 1"", ""pct"": 10.26}, {""score"": ""0 - 2"", ""pct"": 9.879999999999999}, {""score"": ""1 - 2"", ""pct"": 9.87}]"
Turkey,Argentina,Neutral,0.711,2.005,11.4,20.3,68.3,11.0,2.2,2.9,69.1,7.2,7.6,16.1,83.9,"[{""score"": ""0 - 1"", ""pct"": 14.16}, {""score"": ""0 - 2"", ""pct"": 13.370000000000001}, {""score"": ""1 - 2"", ""pct"": 9.62}]"
Turkey,South Africa,Neutral,1.739,0.896,57.2,24.6,18.1,57.1,7.3,8.9,18.2,3.8,4.5,73.4,26.6,"[{""score"": ""1 - 0"", ""pct"": 12.78}, {""score"": ""1 - 1"", ""pct"": 10.91}, {""score"": ""2 - 0"", ""pct"": 10.489999999999998}]"
Turkey,Paraguay,Neutral,1.249,1.139,38.6,28.7,32.8,37.4,6.4,9.3,32.7,5.9,8.3,53.1,46.9,"[{""score"": ""1 - 1"", ""pct"": 12.659999999999998}, {""score"": ""1 - 0"", ""pct"": 12.08}, {""score"": ""0 - 1"", ""pct"": 10.7}]"
Turkey,Mexico,Neutral,1.235,1.246,36.1,28.2,35.6,35.8,6.2,8.3,35.4,5.9,8.3,50.3,49.7,"[{""score"": ""1 - 1"", ""pct"": 13.059999999999999}, {""score"": ""1 - 0"", ""pct"": 10.459999999999999}, {""score"": ""0 - 1"", ""pct"": 9.82}]"
Turkey,England,Neutral,0.806,1.942,13.7,22.0,64.3,13.1,2.6,3.4,65.2,7.5,8.1,19.2,80.8,"[{""score"": ""0 - 1"", ""pct"": 13.239999999999998}, {""score"": ""0 - 2"", ""pct"": 11.49}, {""score"": ""1 - 1"", ""pct"": 9.99}]"
Turkey,Qatar,Neutral,2.459,0.937,71.5,17.6,10.9,71.4,6.8,6.0,11.3,2.2,2.3,84.2,15.8,"[{""score"": ""2 - 0"", ""pct"": 10.33}, {""score"": ""2 - 1"", ""pct"": 9.56}, {""score"": ""1 - 0"", ""pct"": 8.84}]"
Turkey,Colombia,Neutral,0.963,1.767,19.4,24.3,56.4,19.7,3.6,4.5,56.6,7.2,8.3,27.9,72.1,"[{""score"": ""0 - 1"", ""pct"": 11.34}, {""score"": ""1 - 1"", ""pct"": 11.110000000000001}, {""score"": ""0 - 2"", ""pct"": 10.459999999999999}]"
Turkey,Czech Republic,Neutral,1.533,1.317,41.2,26.1,32.8,42.4,6.6,7.3,32.2,5.2,6.2,56.4,43.6,"[{""score"": ""1 - 1"", ""pct"": 11.690000000000001}, {""score"": ""2 - 1"", ""pct"": 9.030000000000001}, {""score"": ""1 - 0"", ""pct"": 8.94}]"
Turkey,Croatia,Neutral,1.151,1.638,25.8,25.2,49.0,26.6,4.7,5.7,48.3,6.9,7.8,37.0,63.0,"[{""score"": ""1 - 1"", ""pct"": 11.52}, {""score"": ""0 - 1"", ""pct"": 10.38}, {""score"": ""1 - 2"", ""pct"": 9.75}]"
Turkey,Netherlands,Neutral,1.156,2.037,20.0,21.7,58.3,20.2,3.7,3.6,58.4,7.3,6.8,27.5,72.5,"[{""score"": ""1 - 2"", ""pct"": 10.45}, {""score"": ""1 - 1"", ""pct"": 9.700000000000001}, {""score"": ""0 - 1"", ""pct"": 8.780000000000001}]"
Turkey,South Korea,Neutral,1.442,1.193,42.4,27.3,30.3,42.3,6.9,8.2,30.4,5.5,6.7,57.4,42.6,"[{""score"": ""1 - 1"", ""pct"": 13.15}, {""score"": ""1 - 0"", ""pct"": 10.69}, {""score"": ""2 - 1"", ""pct"": 8.68}]"
Turkey,Australia,Neutral,1.319,1.23,38.1,28.5,33.5,37.0,6.6,8.2,34.9,5.9,7.4,51.9,48.1,"[{""score"": ""1 - 1"", ""pct"": 13.18}, {""score"": ""1 - 0"", ""pct"": 10.13}, {""score"": ""0 - 1"", ""pct"": 9.49}]"
Turkey,Morocco,Neutral,0.894,1.335,24.3,28.7,47.1,24.1,4.2,7.6,46.5,7.1,10.4,36.0,64.0,"[{""score"": ""0 - 1"", ""pct"": 14.729999999999999}, {""score"": ""1 - 1"", ""pct"": 12.21}, {""score"": ""0 - 0"", ""pct"": 11.74}]"
Turkey,Scotland,Neutral,1.496,1.29,41.0,26.8,32.2,42.4,6.8,7.8,31.4,5.4,6.2,57.0,43.0,"[{""score"": ""1 - 1"", ""pct"": 12.18}, {""score"": ""1 - 0"", ""pct"": 9.19}, {""score"": ""2 - 1"", ""pct"": 8.559999999999999}]"
Turkey,Tunisia,Neutral,1.335,1.026,43.4,29.0,27.6,44.0,6.5,9.2,28.0,4.9,7.5,59.7,40.3,"[{""score"": ""1 - 0"", ""pct"": 13.16}, {""score"": ""1 - 1"", ""pct"": 12.44}, {""score"": ""0 - 0"", ""pct"": 10.489999999999998}]"
Turkey,Jordan,Neutral,1.957,0.959,61.9,22.0,16.1,60.9,7.7,7.6,16.9,3.3,3.6,76.2,23.8,"[{""score"": ""1 - 0"", ""pct"": 11.34}, {""score"": ""2 - 0"", ""pct"": 10.51}, {""score"": ""1 - 1"", ""pct"": 10.11}]"
Turkey,Saudi Arabia,Neutral,1.76,0.83,59.7,24.1,16.2,60.3,7.6,8.9,16.1,3.2,3.9,76.9,23.2,"[{""score"": ""1 - 0"", ""pct"": 13.750000000000002}, {""score"": ""2 - 0"", ""pct"": 11.57}, {""score"": ""1 - 1"", ""pct"": 10.52}]"
Turkey,Austria,Neutral,1.357,1.461,34.9,26.1,39.0,34.2,5.8,6.7,39.5,6.2,7.7,46.6,53.4,"[{""score"": ""1 - 1"", ""pct"": 11.91}, {""score"": ""1 - 2"", ""pct"": 9.09}, {""score"": ""0 - 1"", ""pct"": 8.64}]"
Turkey,Haiti,Neutral,2.725,0.836,78.0,13.7,8.2,77.6,6.4,4.6,8.3,1.6,1.6,88.6,11.5,"[{""score"": ""2 - 0"", ""pct"": 10.8}, {""score"": ""3 - 0"", ""pct"": 9.520000000000001}, {""score"": ""2 - 1"", ""pct"": 8.98}]"
Turkey,Japan,Neutral,1.26,1.486,31.4,26.4,42.2,31.9,4.9,6.6,42.3,6.6,7.8,43.3,56.6,"[{""score"": ""1 - 1"", ""pct"": 11.65}, {""score"": ""0 - 1"", ""pct"": 9.43}, {""score"": ""1 - 2"", ""pct"": 9.24}]"
Turkey,Panama,Neutral,2.043,0.948,62.9,21.4,15.7,62.1,8.0,7.7,15.7,3.1,3.4,77.8,22.2,"[{""score"": ""1 - 0"", ""pct"": 11.0}, {""score"": ""2 - 0"", ""pct"": 10.12}, {""score"": ""2 - 1"", ""pct"": 9.81}]"
Turkey,Brazil,Neutral,0.828,2.2,11.4,18.3,70.4,11.5,2.2,3.1,69.4,7.1,6.7,16.8,83.2,"[{""score"": ""0 - 2"", ""pct"": 11.98}, {""score"": ""0 - 1"", ""pct"": 11.3}, {""score"": ""1 - 2"", ""pct"": 9.700000000000001}]"
England,United States,Neutral,1.995,0.654,68.8,20.9,10.3,69.8,7.4,8.2,10.0,2.0,2.7,85.3,14.7,"[{""score"": ""1 - 0"", ""pct"": 14.82}, {""score"": ""2 - 0"", ""pct"": 13.15}, {""score"": ""2 - 1"", ""pct"": 9.44}]"
England,Sweden,Neutral,1.879,0.795,62.5,22.8,14.7,63.6,7.2,9.0,14.1,2.6,3.5,79.8,20.2,"[{""score"": ""1 - 0"", ""pct"": 13.13}, {""score"": ""2 - 0"", ""pct"": 11.97}, {""score"": ""1 - 1"", ""pct"": 10.52}]"
England,Canada,Neutral,1.897,0.593,69.7,20.1,10.2,69.5,7.1,9.1,9.4,2.0,2.9,85.8,14.2,"[{""score"": ""1 - 0"", ""pct"": 16.53}, {""score"": ""2 - 0"", ""pct"": 14.87}, {""score"": ""3 - 0"", ""pct"": 8.86}]"
England,France,Neutral,1.154,1.04,36.8,31.2,31.9,37.0,6.4,10.1,32.0,5.5,9.0,53.5,46.5,"[{""score"": ""1 - 1"", ""pct"": 13.66}, {""score"": ""0 - 0"", ""pct"": 12.520000000000001}, {""score"": ""1 - 0"", ""pct"": 12.5}]"
England,Egypt,Neutral,1.685,0.547,65.0,23.9,11.0,64.9,7.5,11.0,11.2,1.9,3.5,83.4,16.6,"[{""score"": ""1 - 0"", ""pct"": 18.75}, {""score"": ""2 - 0"", ""pct"": 14.14}, {""score"": ""0 - 0"", ""pct"": 11.24}]"
England,Norway,Neutral,1.744,0.868,58.9,24.3,16.9,58.1,7.4,9.1,17.8,3.2,4.4,74.6,25.4,"[{""score"": ""1 - 0"", ""pct"": 12.879999999999999}, {""score"": ""1 - 1"", ""pct"": 10.89}, {""score"": ""2 - 0"", ""pct"": 10.530000000000001}]"
England,Spain,Neutral,1.068,1.257,30.8,28.8,40.4,30.4,5.5,8.2,39.8,6.5,9.8,44.0,56.0,"[{""score"": ""1 - 1"", ""pct"": 12.950000000000001}, {""score"": ""0 - 1"", ""pct"": 12.13}, {""score"": ""0 - 0"", ""pct"": 10.51}]"
England,Ivory Coast,Neutral,1.695,0.595,64.5,23.8,11.7,64.7,7.5,9.8,12.0,2.4,3.6,81.9,18.1,"[{""score"": ""1 - 0"", ""pct"": 17.78}, {""score"": ""2 - 0"", ""pct"": 14.829999999999998}, {""score"": ""0 - 0"", ""pct"": 11.1}]"
England,New Zealand,Neutral,2.429,0.34,84.4,12.2,3.4,84.6,5.5,5.5,3.0,0.5,0.8,95.6,4.4,"[{""score"": ""2 - 0"", ""pct"": 19.15}, {""score"": ""1 - 0"", ""pct"": 15.440000000000001}, {""score"": ""3 - 0"", ""pct"": 15.010000000000002}]"
England,Algeria,Neutral,1.933,0.735,65.7,21.4,12.9,65.8,7.8,8.4,12.1,2.4,3.4,82.1,17.9,"[{""score"": ""1 - 0"", ""pct"": 13.66}, {""score"": ""2 - 0"", ""pct"": 13.0}, {""score"": ""2 - 1"", ""pct"": 10.0}]"
England,Uzbekistan,Neutral,1.873,0.496,71.0,21.2,7.8,71.1,7.7,9.5,7.6,1.5,2.5,88.3,11.7,"[{""score"": ""1 - 0"", ""pct"": 17.64}, {""score"": ""2 - 0"", ""pct"": 16.650000000000002}, {""score"": ""0 - 0"", ""pct"": 10.440000000000001}]"
England,Curaçao,Neutral,3.756,0.327,94.3,4.9,0.8,94.6,2.7,1.5,0.9,0.2,0.1,98.8,1.2,"[{""score"": ""3 - 0"", ""pct"": 14.84}, {""score"": ""4 - 0"", ""pct"": 14.069999999999999}, {""score"": ""2 - 0"", ""pct"": 12.139999999999999}]"
England,DR Congo,Neutral,1.924,0.469,73.3,20.0,6.7,72.1,7.5,9.3,7.4,1.6,2.1,88.8,11.1,"[{""score"": ""1 - 0"", ""pct"": 17.88}, {""score"": ""2 - 0"", ""pct"": 16.869999999999997}, {""score"": ""3 - 0"", ""pct"": 10.57}]"
England,Iraq,Neutral,2.224,0.414,79.5,15.8,4.7,79.3,6.4,7.4,4.5,1.0,1.4,93.1,6.9,"[{""score"": ""1 - 0"", ""pct"": 17.05}, {""score"": ""2 - 0"", ""pct"": 16.939999999999998}, {""score"": ""3 - 0"", ""pct"": 12.889999999999999}]"
England,Ghana,Neutral,2.2,0.504,77.3,16.8,5.9,76.9,6.3,7.4,6.3,1.3,1.9,90.5,9.5,"[{""score"": ""2 - 0"", ""pct"": 16.17}, {""score"": ""1 - 0"", ""pct"": 15.25}, {""score"": ""3 - 0"", ""pct"": 11.89}]"
England,Ecuador,Neutral,1.25,0.687,48.6,31.1,20.2,49.5,7.6,12.5,19.1,4.0,7.3,69.6,30.4,"[{""score"": ""1 - 0"", ""pct"": 18.15}, {""score"": ""0 - 0"", ""pct"": 15.27}, {""score"": ""1 - 1"", ""pct"": 12.65}]"
England,Cape Verde,Neutral,2.398,0.411,82.3,13.6,4.0,82.3,6.2,5.8,4.0,0.7,1.0,94.3,5.7,"[{""score"": ""2 - 0"", ""pct"": 17.419999999999998}, {""score"": ""1 - 0"", ""pct"": 15.509999999999998}, {""score"": ""3 - 0"", ""pct"": 13.08}]"
England,Iran,Neutral,1.626,0.646,61.8,25.2,13.0,61.0,7.8,10.3,14.3,2.7,3.9,79.1,20.9,"[{""score"": ""1 - 0"", ""pct"": 17.39}, {""score"": ""2 - 0"", ""pct"": 13.51}, {""score"": ""1 - 1"", ""pct"": 11.07}]"
England,Switzerland,Neutral,1.565,0.87,53.5,26.8,19.6,54.0,7.2,9.8,19.6,3.9,5.5,71.0,28.9,"[{""score"": ""1 - 0"", ""pct"": 14.549999999999999}, {""score"": ""1 - 1"", ""pct"": 12.0}, {""score"": ""0 - 0"", ""pct"": 10.100000000000001}]"
England,Bosnia and Herzegovina,Neutral,2.414,0.542,79.9,14.5,5.6,79.0,6.7,6.1,5.8,1.0,1.5,91.7,8.3,"[{""score"": ""2 - 0"", ""pct"": 15.17}, {""score"": ""1 - 0"", ""pct"": 13.16}, {""score"": ""3 - 0"", ""pct"": 11.68}]"
England,Uruguay,Neutral,1.221,0.8,45.3,31.4,23.2,45.9,7.4,11.8,22.2,4.4,8.3,65.0,35.0,"[{""score"": ""1 - 0"", ""pct"": 16.39}, {""score"": ""0 - 0"", ""pct"": 14.000000000000002}, {""score"": ""1 - 1"", ""pct"": 13.389999999999999}]"
England,Belgium,Neutral,1.421,1.029,45.9,27.9,26.3,45.0,7.6,9.5,26.3,4.7,6.9,62.1,37.9,"[{""score"": ""1 - 1"", ""pct"": 12.790000000000001}, {""score"": ""1 - 0"", ""pct"": 12.629999999999999}, {""score"": ""0 - 0"", ""pct"": 9.56}]"
England,Germany,Neutral,1.544,1.169,46.9,25.4,27.7,44.8,6.9,7.8,29.3,4.8,6.4,59.6,40.5,"[{""score"": ""1 - 0"", ""pct"": 11.53}, {""score"": ""1 - 1"", ""pct"": 11.29}, {""score"": ""2 - 1"", ""pct"": 9.39}]"
England,Senegal,Neutral,1.486,0.656,58.2,26.5,15.3,57.0,7.8,11.4,15.8,3.1,4.9,76.2,23.8,"[{""score"": ""1 - 0"", ""pct"": 18.55}, {""score"": ""2 - 0"", ""pct"": 12.989999999999998}, {""score"": ""0 - 0"", ""pct"": 12.44}]"
England,Portugal,Neutral,1.222,1.093,38.0,29.8,32.2,37.9,6.2,9.6,32.2,5.7,8.6,53.6,46.4,"[{""score"": ""1 - 1"", ""pct"": 13.11}, {""score"": ""1 - 0"", ""pct"": 12.139999999999999}, {""score"": ""0 - 1"", ""pct"": 10.96}]"
England,Argentina,Neutral,0.892,1.045,29.9,31.9,38.2,29.5,4.9,10.0,37.6,6.6,11.5,44.4,55.6,"[{""score"": ""0 - 1"", ""pct"": 15.370000000000001}, {""score"": ""0 - 0"", ""pct"": 15.299999999999999}, {""score"": ""1 - 1"", ""pct"": 12.809999999999999}]"
England,South Africa,Neutral,2.183,0.467,76.4,17.6,6.1,77.3,6.7,7.6,5.7,1.2,1.6,91.5,8.5,"[{""score"": ""2 - 0"", ""pct"": 16.75}, {""score"": ""1 - 0"", ""pct"": 16.37}, {""score"": ""3 - 0"", ""pct"": 11.35}]"
England,Paraguay,Neutral,1.568,0.594,61.0,25.9,13.1,61.5,7.8,10.9,13.1,2.4,4.3,80.2,19.8,"[{""score"": ""1 - 0"", ""pct"": 18.26}, {""score"": ""2 - 0"", ""pct"": 13.71}, {""score"": ""0 - 0"", ""pct"": 12.18}]"
England,Mexico,Neutral,1.55,0.65,59.7,26.4,13.9,60.1,7.4,11.0,14.3,2.6,4.5,78.6,21.5,"[{""score"": ""1 - 0"", ""pct"": 17.79}, {""score"": ""2 - 0"", ""pct"": 13.469999999999999}, {""score"": ""1 - 1"", ""pct"": 11.82}]"
England,Turkey,Neutral,1.942,0.806,64.2,21.6,14.1,64.3,7.2,8.8,13.5,2.7,3.3,80.4,19.6,"[{""score"": ""1 - 0"", ""pct"": 13.04}, {""score"": ""2 - 0"", ""pct"": 11.81}, {""score"": ""1 - 1"", ""pct"": 10.22}]"
England,Qatar,Neutral,3.087,0.488,88.2,9.2,2.6,88.3,4.6,3.3,2.8,0.5,0.5,96.2,3.8,"[{""score"": ""3 - 0"", ""pct"": 13.73}, {""score"": ""2 - 0"", ""pct"": 13.200000000000001}, {""score"": ""4 - 0"", ""pct"": 10.27}]"
England,Colombia,Neutral,1.208,0.921,42.8,30.2,27.1,42.6,6.8,10.7,27.1,5.1,7.8,60.1,39.9,"[{""score"": ""1 - 0"", ""pct"": 14.66}, {""score"": ""1 - 1"", ""pct"": 13.11}, {""score"": ""0 - 0"", ""pct"": 12.5}]"
England,Czech Republic,Neutral,1.924,0.686,66.5,21.6,11.9,66.3,7.7,9.0,11.4,2.4,3.2,83.0,17.0,"[{""score"": ""1 - 0"", ""pct"": 14.38}, {""score"": ""2 - 0"", ""pct"": 13.209999999999999}, {""score"": ""2 - 1"", ""pct"": 9.59}]"
England,Croatia,Neutral,1.445,0.854,51.6,26.9,21.5,50.4,7.6,10.5,21.4,4.0,6.0,68.6,31.4,"[{""score"": ""1 - 0"", ""pct"": 15.07}, {""score"": ""1 - 1"", ""pct"": 11.42}, {""score"": ""0 - 0"", ""pct"": 10.8}]"
England,Netherlands,Neutral,1.452,1.062,45.4,27.1,27.5,45.5,6.7,9.1,27.2,4.9,6.6,61.4,38.6,"[{""score"": ""1 - 1"", ""pct"": 12.280000000000001}, {""score"": ""1 - 0"", ""pct"": 12.120000000000001}, {""score"": ""2 - 1"", ""pct"": 8.88}]"
England,South Korea,Neutral,1.81,0.622,66.4,22.3,11.2,66.3,7.4,9.5,11.5,2.1,3.3,83.2,16.8,"[{""score"": ""1 - 0"", ""pct"": 16.21}, {""score"": ""2 - 0"", ""pct"": 14.89}, {""score"": ""0 - 0"", ""pct"": 9.53}]"
England,Australia,Neutral,1.656,0.641,61.3,25.4,13.2,61.8,7.9,10.5,13.1,2.6,4.1,80.2,19.8,"[{""score"": ""1 - 0"", ""pct"": 16.830000000000002}, {""score"": ""2 - 0"", ""pct"": 13.19}, {""score"": ""1 - 1"", ""pct"": 11.04}]"
England,Morocco,Neutral,1.122,0.696,45.6,32.3,22.1,44.6,7.4,13.4,21.9,4.3,8.5,65.3,34.7,"[{""score"": ""1 - 0"", ""pct"": 18.29}, {""score"": ""0 - 0"", ""pct"": 17.080000000000002}, {""score"": ""1 - 1"", ""pct"": 12.559999999999999}]"
England,Scotland,Neutral,1.878,0.673,66.5,21.6,11.9,67.3,7.6,8.5,11.3,2.2,3.1,83.4,16.6,"[{""score"": ""1 - 0"", ""pct"": 14.940000000000001}, {""score"": ""2 - 0"", ""pct"": 13.71}, {""score"": ""1 - 1"", ""pct"": 9.64}]"
England,Tunisia,Neutral,1.675,0.535,65.0,24.6,10.4,65.8,7.5,10.7,10.7,2.0,3.3,84.0,16.0,"[{""score"": ""1 - 0"", ""pct"": 18.43}, {""score"": ""2 - 0"", ""pct"": 15.24}, {""score"": ""0 - 0"", ""pct"": 11.74}]"
England,Jordan,Neutral,2.456,0.5,80.8,14.1,5.1,81.7,5.7,5.7,4.9,0.8,1.2,93.0,7.0,"[{""score"": ""2 - 0"", ""pct"": 15.18}, {""score"": ""1 - 0"", ""pct"": 13.08}, {""score"": ""3 - 0"", ""pct"": 12.57}]"
England,Saudi Arabia,Neutral,2.209,0.433,79.1,16.1,4.8,78.3,6.8,7.4,5.4,1.0,1.2,92.4,7.6,"[{""score"": ""2 - 0"", ""pct"": 17.34}, {""score"": ""1 - 0"", ""pct"": 16.150000000000002}, {""score"": ""3 - 0"", ""pct"": 12.8}]"
England,Austria,Neutral,1.703,0.762,59.6,24.6,15.9,59.8,7.3,10.0,15.5,3.0,4.4,77.1,22.9,"[{""score"": ""1 - 0"", ""pct"": 14.75}, {""score"": ""2 - 0"", ""pct"": 12.15}, {""score"": ""1 - 1"", ""pct"": 10.45}]"
England,Haiti,Neutral,3.421,0.436,91.5,6.9,1.6,91.8,3.2,2.5,1.9,0.3,0.2,97.5,2.5,"[{""score"": ""3 - 0"", ""pct"": 14.360000000000001}, {""score"": ""2 - 0"", ""pct"": 12.540000000000001}, {""score"": ""4 - 0"", ""pct"": 11.92}]"
England,Japan,Neutral,1.582,0.775,56.8,26.2,17.1,55.9,7.3,10.6,17.8,3.1,5.2,73.8,26.2,"[{""score"": ""1 - 0"", ""pct"": 15.86}, {""score"": ""1 - 1"", ""pct"": 11.67}, {""score"": ""2 - 0"", ""pct"": 11.27}]"
England,Panama,Neutral,2.565,0.494,82.4,13.2,4.3,82.1,5.9,5.4,4.7,0.8,1.2,93.4,6.6,"[{""score"": ""2 - 0"", ""pct"": 16.3}, {""score"": ""3 - 0"", ""pct"": 12.98}, {""score"": ""1 - 0"", ""pct"": 12.73}]"
England,Brazil,Neutral,1.04,1.147,31.6,30.7,37.7,32.6,5.4,8.7,37.4,6.1,9.8,46.7,53.3,"[{""score"": ""1 - 1"", ""pct"": 13.059999999999999}, {""score"": ""0 - 1"", ""pct"": 12.78}, {""score"": ""0 - 0"", ""pct"": 12.41}]"
Qatar,United States,Neutral,0.962,1.993,16.8,21.6,61.6,16.8,3.0,3.5,61.9,7.1,7.7,23.3,76.7,"[{""score"": ""0 - 1"", ""pct"": 11.19}, {""score"": ""1 - 2"", ""pct"": 10.190000000000001}, {""score"": ""0 - 2"", ""pct"": 10.13}]"
Qatar,Sweden,Neutral,0.906,2.423,11.1,17.3,71.6,11.2,2.1,2.0,71.5,6.9,6.2,15.3,84.7,"[{""score"": ""0 - 2"", ""pct"": 10.35}, {""score"": ""1 - 2"", ""pct"": 9.379999999999999}, {""score"": ""0 - 1"", ""pct"": 9.27}]"
Qatar,Canada,Neutral,0.915,1.808,17.7,23.0,59.3,17.6,3.3,4.5,59.1,7.4,8.2,25.3,74.7,"[{""score"": ""0 - 1"", ""pct"": 13.01}, {""score"": ""1 - 1"", ""pct"": 10.67}, {""score"": ""0 - 2"", ""pct"": 10.459999999999999}]"
Qatar,France,Neutral,0.557,3.171,3.1,9.0,87.9,3.2,0.7,0.5,88.2,4.4,2.9,4.4,95.6,"[{""score"": ""0 - 3"", ""pct"": 13.08}, {""score"": ""0 - 2"", ""pct"": 12.15}, {""score"": ""0 - 4"", ""pct"": 9.83}]"
Qatar,Egypt,Neutral,0.813,1.667,17.4,24.8,57.8,16.7,3.4,4.7,58.0,7.4,9.8,24.8,75.2,"[{""score"": ""0 - 1"", ""pct"": 14.95}, {""score"": ""1 - 1"", ""pct"": 10.93}, {""score"": ""0 - 2"", ""pct"": 10.61}]"
Qatar,Norway,Neutral,0.841,2.647,8.9,14.9,76.2,8.5,1.7,1.4,76.5,6.8,5.1,11.6,88.4,"[{""score"": ""0 - 2"", ""pct"": 10.68}, {""score"": ""0 - 3"", ""pct"": 9.28}, {""score"": ""0 - 1"", ""pct"": 8.91}]"
Qatar,Spain,Neutral,0.515,3.831,1.8,5.2,93.0,1.6,0.2,0.2,93.1,3.4,1.5,2.1,97.9,"[{""score"": ""0 - 3"", ""pct"": 12.740000000000002}, {""score"": ""0 - 4"", ""pct"": 11.34}, {""score"": ""0 - 2"", ""pct"": 9.73}]"
Qatar,Ivory Coast,Neutral,0.818,1.814,15.3,23.4,61.4,15.7,3.3,3.9,61.7,6.9,8.6,22.8,77.2,"[{""score"": ""0 - 1"", ""pct"": 12.83}, {""score"": ""0 - 2"", ""pct"": 11.97}, {""score"": ""1 - 1"", ""pct"": 10.32}]"
Qatar,New Zealand,Neutral,1.172,1.037,38.0,31.6,30.3,38.8,6.3,10.2,30.4,5.7,8.6,55.3,44.7,"[{""score"": ""1 - 1"", ""pct"": 13.87}, {""score"": ""1 - 0"", ""pct"": 12.770000000000001}, {""score"": ""0 - 0"", ""pct"": 12.509999999999998}]"
Qatar,Algeria,Neutral,0.933,2.24,13.4,19.4,67.2,13.4,2.5,2.7,67.7,7.2,6.5,18.7,81.3,"[{""score"": ""0 - 2"", ""pct"": 11.08}, {""score"": ""1 - 2"", ""pct"": 9.87}, {""score"": ""0 - 1"", ""pct"": 9.62}]"
Qatar,Uzbekistan,Neutral,0.903,1.513,21.5,27.0,51.4,20.8,4.3,5.6,52.2,7.6,9.5,30.6,69.4,"[{""score"": ""0 - 1"", ""pct"": 13.669999999999998}, {""score"": ""1 - 1"", ""pct"": 11.88}, {""score"": ""0 - 2"", ""pct"": 10.09}]"
Qatar,Curaçao,Neutral,1.812,0.997,57.6,23.2,19.3,57.2,7.5,8.2,19.2,3.6,4.2,73.0,27.0,"[{""score"": ""1 - 0"", ""pct"": 11.77}, {""score"": ""1 - 1"", ""pct"": 10.48}, {""score"": ""2 - 1"", ""pct"": 10.36}]"
Qatar,DR Congo,Neutral,0.928,1.43,23.1,28.6,48.4,23.2,4.6,6.5,48.6,7.0,10.1,34.4,65.7,"[{""score"": ""0 - 1"", ""pct"": 13.469999999999999}, {""score"": ""1 - 1"", ""pct"": 12.33}, {""score"": ""0 - 0"", ""pct"": 10.870000000000001}]"
Qatar,Iraq,Neutral,1.073,1.263,29.7,29.6,40.6,30.2,5.3,8.0,40.4,6.5,9.6,43.6,56.4,"[{""score"": ""1 - 1"", ""pct"": 13.270000000000001}, {""score"": ""0 - 1"", ""pct"": 12.26}, {""score"": ""0 - 0"", ""pct"": 10.4}]"
Qatar,Ghana,Neutral,1.061,1.535,24.4,27.5,48.1,25.2,4.9,6.1,47.6,7.3,8.9,36.1,63.8,"[{""score"": ""1 - 1"", ""pct"": 12.559999999999999}, {""score"": ""0 - 1"", ""pct"": 11.200000000000001}, {""score"": ""1 - 2"", ""pct"": 8.82}]"
Qatar,Ecuador,Neutral,0.603,2.093,8.4,18.8,72.9,8.6,1.8,2.2,72.5,6.9,8.0,12.7,87.3,"[{""score"": ""0 - 1"", ""pct"": 14.91}, {""score"": ""0 - 2"", ""pct"": 14.42}, {""score"": ""1 - 2"", ""pct"": 9.67}]"
Qatar,Cape Verde,Neutral,1.157,1.254,33.9,28.7,37.5,32.6,5.9,8.5,37.8,6.8,8.3,47.0,53.0,"[{""score"": ""1 - 1"", ""pct"": 12.920000000000002}, {""score"": ""0 - 1"", ""pct"": 11.020000000000001}, {""score"": ""1 - 0"", ""pct"": 10.45}]"
Qatar,Iran,Neutral,0.784,1.969,12.4,21.9,65.8,12.8,2.5,3.5,66.1,7.3,7.8,18.7,81.3,"[{""score"": ""0 - 1"", ""pct"": 13.100000000000001}, {""score"": ""0 - 2"", ""pct"": 12.11}, {""score"": ""1 - 1"", ""pct"": 9.81}]"
Qatar,Switzerland,Neutral,0.755,2.653,7.3,14.2,78.5,7.2,1.2,1.3,79.1,6.0,5.3,9.6,90.4,"[{""score"": ""0 - 2"", ""pct"": 11.469999999999999}, {""score"": ""0 - 3"", ""pct"": 9.969999999999999}, {""score"": ""0 - 1"", ""pct"": 9.139999999999999}]"
Qatar,Bosnia and Herzegovina,Neutral,1.164,1.653,25.4,25.6,49.1,26.3,4.8,5.3,48.0,7.3,8.3,36.4,63.6,"[{""score"": ""1 - 1"", ""pct"": 11.43}, {""score"": ""0 - 1"", ""pct"": 10.299999999999999}, {""score"": ""1 - 2"", ""pct"": 9.58}]"
Qatar,Uruguay,Neutral,0.589,2.44,6.2,15.1,78.7,6.3,1.4,1.2,78.8,6.5,5.7,8.9,91.1,"[{""score"": ""0 - 2"", ""pct"": 14.63}, {""score"": ""0 - 1"", ""pct"": 12.04}, {""score"": ""0 - 3"", ""pct"": 11.52}]"
Qatar,Belgium,Neutral,0.685,3.136,4.5,9.6,86.0,4.6,0.8,0.7,85.4,4.8,3.7,6.1,93.9,"[{""score"": ""0 - 3"", ""pct"": 11.14}, {""score"": ""0 - 2"", ""pct"": 11.12}, {""score"": ""0 - 4"", ""pct"": 8.91}]"
Qatar,Germany,Neutral,0.745,3.564,3.3,7.8,88.9,3.6,0.7,0.7,88.6,4.0,2.4,5.0,95.0,"[{""score"": ""0 - 3"", ""pct"": 10.17}, {""score"": ""0 - 2"", ""pct"": 8.98}, {""score"": ""0 - 4"", ""pct"": 8.81}]"
Qatar,Senegal,Neutral,0.717,1.999,11.2,21.1,67.6,11.1,2.1,2.9,68.3,7.6,8.0,16.1,83.9,"[{""score"": ""0 - 1"", ""pct"": 13.719999999999999}, {""score"": ""0 - 2"", ""pct"": 13.370000000000001}, {""score"": ""1 - 2"", ""pct"": 9.49}]"
Qatar,Portugal,Neutral,0.589,3.331,3.2,8.1,88.8,2.9,0.5,0.4,89.1,4.5,2.6,3.8,96.2,"[{""score"": ""0 - 3"", ""pct"": 12.479999999999999}, {""score"": ""0 - 2"", ""pct"": 11.360000000000001}, {""score"": ""0 - 4"", ""pct"": 10.11}]"
Qatar,Argentina,Neutral,0.43,3.186,2.3,7.8,89.9,2.2,0.4,0.4,90.0,4.4,2.7,2.9,97.1,"[{""score"": ""0 - 2"", ""pct"": 14.430000000000001}, {""score"": ""0 - 3"", ""pct"": 14.01}, {""score"": ""0 - 4"", ""pct"": 11.1}]"
Qatar,South Africa,Neutral,1.053,1.424,26.8,28.2,45.0,26.9,4.9,6.7,45.6,7.0,8.9,38.5,61.5,"[{""score"": ""1 - 1"", ""pct"": 12.98}, {""score"": ""0 - 1"", ""pct"": 11.88}, {""score"": ""1 - 2"", ""pct"": 9.35}]"
Qatar,Paraguay,Neutral,0.756,1.81,13.8,23.0,63.2,14.7,2.5,3.6,62.7,7.4,9.1,20.8,79.2,"[{""score"": ""0 - 1"", ""pct"": 13.919999999999998}, {""score"": ""0 - 2"", ""pct"": 12.94}, {""score"": ""1 - 1"", ""pct"": 10.38}]"
Qatar,Mexico,Neutral,0.748,1.981,12.0,21.3,66.7,11.8,2.7,3.1,66.9,7.6,8.0,17.6,82.4,"[{""score"": ""0 - 1"", ""pct"": 13.33}, {""score"": ""0 - 2"", ""pct"": 12.64}, {""score"": ""1 - 2"", ""pct"": 9.84}]"
Qatar,Turkey,Neutral,0.937,2.459,11.3,17.3,71.4,10.9,2.1,2.3,71.5,7.4,5.8,15.3,84.7,"[{""score"": ""0 - 2"", ""pct"": 10.38}, {""score"": ""1 - 2"", ""pct"": 9.76}, {""score"": ""0 - 1"", ""pct"": 8.81}]"
Qatar,England,Neutral,0.488,3.087,2.9,8.6,88.5,2.8,0.5,0.5,88.6,4.3,3.2,3.9,96.2,"[{""score"": ""0 - 2"", ""pct"": 14.000000000000002}, {""score"": ""0 - 3"", ""pct"": 13.73}, {""score"": ""0 - 4"", ""pct"": 10.530000000000001}]"
Qatar,Colombia,Neutral,0.583,2.808,4.3,11.3,84.4,4.7,0.8,1.0,84.3,5.4,3.8,6.5,93.5,"[{""score"": ""0 - 2"", ""pct"": 13.63}, {""score"": ""0 - 3"", ""pct"": 12.06}, {""score"": ""0 - 1"", ""pct"": 10.15}]"
Qatar,Czech Republic,Neutral,0.928,2.092,14.9,20.9,64.1,14.8,2.5,3.4,64.3,7.6,7.3,20.8,79.2,"[{""score"": ""0 - 1"", ""pct"": 11.17}, {""score"": ""0 - 2"", ""pct"": 10.84}, {""score"": ""1 - 1"", ""pct"": 9.610000000000001}]"
Qatar,Croatia,Neutral,0.697,2.604,6.9,14.3,78.8,6.7,1.2,1.4,78.6,6.6,5.4,9.4,90.6,"[{""score"": ""0 - 2"", ""pct"": 12.35}, {""score"": ""0 - 3"", ""pct"": 10.58}, {""score"": ""0 - 1"", ""pct"": 10.299999999999999}]"
Qatar,Netherlands,Neutral,0.7,3.238,4.0,8.9,87.1,4.0,0.7,0.6,87.0,4.7,2.9,5.4,94.6,"[{""score"": ""0 - 3"", ""pct"": 11.82}, {""score"": ""0 - 2"", ""pct"": 11.03}, {""score"": ""0 - 4"", ""pct"": 8.74}]"
Qatar,South Korea,Neutral,0.873,1.896,15.7,22.9,61.4,15.3,3.3,3.5,62.0,7.5,8.5,22.0,78.0,"[{""score"": ""0 - 1"", ""pct"": 12.67}, {""score"": ""0 - 2"", ""pct"": 11.110000000000001}, {""score"": ""1 - 1"", ""pct"": 10.94}]"
Qatar,Australia,Neutral,0.799,1.956,13.2,21.6,65.2,13.9,2.6,3.6,64.3,7.5,8.0,20.1,79.9,"[{""score"": ""0 - 1"", ""pct"": 12.93}, {""score"": ""0 - 2"", ""pct"": 12.370000000000001}, {""score"": ""1 - 2"", ""pct"": 10.07}]"
Qatar,Morocco,Neutral,0.541,2.122,7.4,17.8,74.8,7.1,1.5,1.8,74.6,7.1,7.8,10.5,89.5,"[{""score"": ""0 - 2"", ""pct"": 15.909999999999998}, {""score"": ""0 - 1"", ""pct"": 15.340000000000002}, {""score"": ""0 - 3"", ""pct"": 10.059999999999999}]"
Qatar,Scotland,Neutral,0.906,2.051,14.8,21.4,63.9,14.5,2.9,3.1,64.4,7.6,7.5,20.5,79.5,"[{""score"": ""0 - 1"", ""pct"": 10.74}, {""score"": ""0 - 2"", ""pct"": 10.65}, {""score"": ""1 - 1"", ""pct"": 10.01}]"
Qatar,Tunisia,Neutral,0.808,1.631,18.0,25.6,56.4,17.9,3.4,5.0,56.5,7.6,9.6,26.3,73.7,"[{""score"": ""0 - 1"", ""pct"": 14.649999999999999}, {""score"": ""1 - 1"", ""pct"": 11.26}, {""score"": ""0 - 2"", ""pct"": 10.52}]"
Qatar,Jordan,Neutral,1.185,1.525,28.4,26.7,45.0,28.4,5.0,6.3,45.7,6.6,8.0,39.7,60.3,"[{""score"": ""1 - 1"", ""pct"": 12.17}, {""score"": ""0 - 1"", ""pct"": 10.6}, {""score"": ""1 - 2"", ""pct"": 8.74}]"
Qatar,Saudi Arabia,Neutral,1.066,1.319,29.4,29.1,41.5,29.7,5.4,7.9,41.1,6.7,9.2,43.0,57.0,"[{""score"": ""1 - 1"", ""pct"": 12.7}, {""score"": ""0 - 1"", ""pct"": 11.95}, {""score"": ""0 - 0"", ""pct"": 10.5}]"
Qatar,Austria,Neutral,0.822,2.323,10.6,17.6,71.8,10.5,2.1,2.2,71.7,7.2,6.3,14.8,85.2,"[{""score"": ""0 - 2"", ""pct"": 12.17}, {""score"": ""0 - 1"", ""pct"": 10.34}, {""score"": ""1 - 2"", ""pct"": 9.700000000000001}]"
Qatar,Haiti,Neutral,1.65,1.328,44.3,25.6,30.1,44.8,6.4,7.4,30.2,4.8,6.5,58.5,41.5,"[{""score"": ""1 - 1"", ""pct"": 11.09}, {""score"": ""2 - 1"", ""pct"": 9.13}, {""score"": ""1 - 0"", ""pct"": 8.799999999999999}]"
Qatar,Japan,Neutral,0.763,2.362,9.7,16.4,73.9,9.2,1.9,1.9,74.3,6.9,5.8,13.1,86.9,"[{""score"": ""0 - 2"", ""pct"": 12.6}, {""score"": ""0 - 1"", ""pct"": 10.620000000000001}, {""score"": ""1 - 2"", ""pct"": 9.700000000000001}]"
Qatar,Panama,Neutral,1.237,1.506,30.8,26.6,42.6,30.6,5.2,6.8,42.7,6.7,8.0,42.6,57.4,"[{""score"": ""1 - 1"", ""pct"": 12.139999999999999}, {""score"": ""0 - 1"", ""pct"": 9.91}, {""score"": ""1 - 2"", ""pct"": 8.86}]"
Qatar,Brazil,Neutral,0.502,3.496,2.1,6.9,91.0,2.0,0.3,0.3,91.1,4.2,2.3,2.5,97.5,"[{""score"": ""0 - 3"", ""pct"": 13.209999999999999}, {""score"": ""0 - 2"", ""pct"": 11.93}, {""score"": ""0 - 4"", ""pct"": 11.59}]"
Colombia,United States,Neutral,1.815,0.78,62.1,23.4,14.5,62.8,7.6,9.1,14.1,2.9,3.4,79.6,20.4,"[{""score"": ""1 - 0"", ""pct"": 13.87}, {""score"": ""2 - 0"", ""pct"": 12.33}, {""score"": ""1 - 1"", ""pct"": 10.48}]"
Colombia,Sweden,Neutral,1.71,0.949,55.5,25.2,19.3,55.2,7.4,8.7,19.6,3.9,5.1,71.3,28.7,"[{""score"": ""1 - 0"", ""pct"": 12.07}, {""score"": ""1 - 1"", ""pct"": 11.43}, {""score"": ""2 - 1"", ""pct"": 9.81}]"
Colombia,Canada,Neutral,1.726,0.708,62.2,24.3,13.4,62.2,7.5,9.5,14.2,2.7,4.0,79.1,20.9,"[{""score"": ""1 - 0"", ""pct"": 15.939999999999998}, {""score"": ""2 - 0"", ""pct"": 12.6}, {""score"": ""1 - 1"", ""pct"": 10.99}]"
Colombia,France,Neutral,1.05,1.241,30.5,30.7,38.8,30.2,5.0,7.9,40.3,7.0,9.5,43.2,56.8,"[{""score"": ""1 - 1"", ""pct"": 13.639999999999999}, {""score"": ""0 - 1"", ""pct"": 12.049999999999999}, {""score"": ""0 - 0"", ""pct"": 11.63}]"
Colombia,Egypt,Neutral,1.533,0.652,58.3,26.9,14.8,58.6,8.2,10.8,14.3,3.0,5.0,77.6,22.4,"[{""score"": ""1 - 0"", ""pct"": 17.28}, {""score"": ""2 - 0"", ""pct"": 12.19}, {""score"": ""0 - 0"", ""pct"": 11.959999999999999}]"
Colombia,Norway,Neutral,1.587,1.036,50.0,25.6,24.5,49.4,7.6,9.2,23.6,4.4,5.8,66.2,33.8,"[{""score"": ""1 - 1"", ""pct"": 12.08}, {""score"": ""1 - 0"", ""pct"": 11.95}, {""score"": ""2 - 1"", ""pct"": 9.66}]"
Colombia,Spain,Neutral,0.972,1.5,23.5,27.1,49.3,22.7,4.5,5.9,50.1,7.1,9.8,33.0,67.0,"[{""score"": ""0 - 1"", ""pct"": 13.0}, {""score"": ""1 - 1"", ""pct"": 12.11}, {""score"": ""1 - 2"", ""pct"": 9.67}]"
Colombia,Ivory Coast,Neutral,1.542,0.71,56.9,27.3,15.8,56.8,7.8,11.3,16.1,3.3,4.7,75.8,24.2,"[{""score"": ""1 - 0"", ""pct"": 16.59}, {""score"": ""2 - 0"", ""pct"": 12.11}, {""score"": ""0 - 0"", ""pct"": 11.78}]"
Colombia,New Zealand,Neutral,2.21,0.406,79.6,15.6,4.8,79.4,6.6,7.0,4.6,1.0,1.4,93.0,7.0,"[{""score"": ""2 - 0"", ""pct"": 18.07}, {""score"": ""1 - 0"", ""pct"": 16.7}, {""score"": ""3 - 0"", ""pct"": 12.82}]"
Colombia,Algeria,Neutral,1.759,0.877,58.9,24.1,17.0,58.2,7.5,8.7,17.8,3.4,4.5,74.4,25.6,"[{""score"": ""1 - 0"", ""pct"": 13.200000000000001}, {""score"": ""1 - 1"", ""pct"": 10.76}, {""score"": ""2 - 0"", ""pct"": 10.52}]"
Colombia,Uzbekistan,Neutral,1.704,0.592,64.6,23.9,11.5,64.9,8.0,9.8,11.5,2.3,3.4,82.7,17.3,"[{""score"": ""1 - 0"", ""pct"": 17.9}, {""score"": ""2 - 0"", ""pct"": 13.969999999999999}, {""score"": ""0 - 0"", ""pct"": 10.979999999999999}]"
Colombia,Curaçao,Neutral,3.417,0.39,92.9,5.5,1.6,92.0,3.7,2.5,1.4,0.2,0.2,98.2,1.8,"[{""score"": ""3 - 0"", ""pct"": 15.010000000000002}, {""score"": ""2 - 0"", ""pct"": 13.56}, {""score"": ""4 - 0"", ""pct"": 12.22}]"
Colombia,DR Congo,Neutral,1.75,0.56,67.2,23.1,9.7,67.0,7.4,10.0,10.4,2.1,3.1,84.4,15.6,"[{""score"": ""1 - 0"", ""pct"": 18.41}, {""score"": ""2 - 0"", ""pct"": 14.97}, {""score"": ""0 - 0"", ""pct"": 10.51}]"
Colombia,Iraq,Neutral,2.023,0.495,74.2,18.9,6.9,74.1,7.2,8.5,6.7,1.6,2.0,89.8,10.2,"[{""score"": ""1 - 0"", ""pct"": 16.34}, {""score"": ""2 - 0"", ""pct"": 16.09}, {""score"": ""3 - 0"", ""pct"": 10.620000000000001}]"
Colombia,Ghana,Neutral,2.001,0.601,70.7,20.0,9.4,70.6,7.3,8.4,9.2,2.0,2.5,86.3,13.7,"[{""score"": ""1 - 0"", ""pct"": 15.260000000000002}, {""score"": ""2 - 0"", ""pct"": 14.2}, {""score"": ""3 - 0"", ""pct"": 9.64}]"
Colombia,Ecuador,Neutral,1.137,0.819,42.4,32.6,25.0,42.4,7.1,11.9,25.4,4.6,8.5,61.4,38.6,"[{""score"": ""1 - 0"", ""pct"": 16.150000000000002}, {""score"": ""0 - 0"", ""pct"": 15.229999999999999}, {""score"": ""1 - 1"", ""pct"": 13.43}]"
Colombia,Cape Verde,Neutral,2.182,0.491,77.3,16.7,6.0,77.5,6.7,7.4,5.5,1.1,1.7,91.6,8.4,"[{""score"": ""2 - 0"", ""pct"": 16.38}, {""score"": ""1 - 0"", ""pct"": 15.459999999999999}, {""score"": ""3 - 0"", ""pct"": 11.91}]"
Colombia,Iran,Neutral,1.479,0.771,54.2,27.2,18.6,53.9,7.6,10.5,19.0,3.5,5.5,72.0,28.0,"[{""score"": ""1 - 0"", ""pct"": 16.31}, {""score"": ""1 - 1"", ""pct"": 11.85}, {""score"": ""0 - 0"", ""pct"": 11.17}]"
Colombia,Switzerland,Neutral,1.424,1.039,45.9,27.5,26.6,45.3,7.1,9.5,26.6,5.0,6.6,61.8,38.2,"[{""score"": ""1 - 0"", ""pct"": 12.49}, {""score"": ""1 - 1"", ""pct"": 11.81}, {""score"": ""0 - 0"", ""pct"": 9.700000000000001}]"
Colombia,Bosnia and Herzegovina,Neutral,2.196,0.647,73.7,17.4,8.9,73.2,7.0,7.5,8.4,1.7,2.2,87.7,12.3,"[{""score"": ""2 - 0"", ""pct"": 13.88}, {""score"": ""1 - 0"", ""pct"": 13.26}, {""score"": ""3 - 0"", ""pct"": 9.84}]"
Colombia,Uruguay,Neutral,1.111,0.955,38.2,31.2,30.6,38.0,6.7,10.6,29.9,5.6,9.2,55.3,44.7,"[{""score"": ""1 - 0"", ""pct"": 13.950000000000001}, {""score"": ""0 - 0"", ""pct"": 13.569999999999999}, {""score"": ""1 - 1"", ""pct"": 13.4}]"
Colombia,Belgium,Neutral,1.293,1.228,37.8,28.5,33.7,37.9,6.2,8.2,33.5,6.2,8.1,52.2,47.8,"[{""score"": ""1 - 1"", ""pct"": 13.200000000000001}, {""score"": ""1 - 0"", ""pct"": 10.17}, {""score"": ""0 - 1"", ""pct"": 9.48}]"
Colombia,Germany,Neutral,1.405,1.395,36.6,26.1,37.3,37.0,5.8,7.2,37.0,6.3,6.7,50.0,50.1,"[{""score"": ""1 - 1"", ""pct"": 11.33}, {""score"": ""1 - 2"", ""pct"": 9.13}, {""score"": ""1 - 0"", ""pct"": 8.780000000000001}]"
Colombia,Senegal,Neutral,1.352,0.782,51.0,28.7,20.2,50.7,7.4,11.2,20.4,4.0,6.3,69.3,30.7,"[{""score"": ""1 - 0"", ""pct"": 16.85}, {""score"": ""1 - 1"", ""pct"": 12.6}, {""score"": ""0 - 0"", ""pct"": 12.16}]"
Colombia,Portugal,Neutral,1.112,1.304,30.1,29.5,40.4,30.9,5.2,7.6,40.5,6.7,9.1,43.7,56.3,"[{""score"": ""1 - 1"", ""pct"": 12.91}, {""score"": ""0 - 1"", ""pct"": 11.98}, {""score"": ""0 - 0"", ""pct"": 10.620000000000001}]"
Colombia,Argentina,Neutral,0.812,1.247,23.5,30.4,46.1,23.1,4.4,7.7,46.4,7.2,11.2,35.1,64.9,"[{""score"": ""0 - 1"", ""pct"": 16.03}, {""score"": ""0 - 0"", ""pct"": 13.79}, {""score"": ""1 - 1"", ""pct"": 12.58}]"
Colombia,South Africa,Neutral,1.986,0.557,71.5,20.2,8.3,72.1,7.6,8.4,8.2,1.6,2.1,88.1,11.9,"[{""score"": ""1 - 0"", ""pct"": 15.6}, {""score"": ""2 - 0"", ""pct"": 15.28}, {""score"": ""3 - 0"", ""pct"": 9.9}]"
Colombia,Paraguay,Neutral,1.426,0.708,53.9,28.5,17.6,55.1,7.4,11.5,16.9,3.1,6.0,74.0,26.0,"[{""score"": ""1 - 0"", ""pct"": 16.939999999999998}, {""score"": ""0 - 0"", ""pct"": 13.03}, {""score"": ""1 - 1"", ""pct"": 11.78}]"
Colombia,Mexico,Neutral,1.41,0.775,52.7,28.8,18.5,51.8,7.5,11.2,19.5,3.8,6.3,70.4,29.6,"[{""score"": ""1 - 0"", ""pct"": 16.79}, {""score"": ""0 - 0"", ""pct"": 12.43}, {""score"": ""1 - 1"", ""pct"": 12.11}]"
Colombia,Turkey,Neutral,1.767,0.963,56.7,23.8,19.5,56.1,7.3,8.5,19.7,3.6,4.8,71.9,28.1,"[{""score"": ""1 - 0"", ""pct"": 12.16}, {""score"": ""1 - 1"", ""pct"": 10.73}, {""score"": ""2 - 1"", ""pct"": 10.33}]"
Colombia,England,Neutral,0.921,1.208,26.4,31.7,41.9,27.2,5.0,8.0,42.3,7.0,10.6,40.2,59.8,"[{""score"": ""0 - 1"", ""pct"": 14.34}, {""score"": ""1 - 1"", ""pct"": 13.84}, {""score"": ""0 - 0"", ""pct"": 13.370000000000001}]"
Colombia,Qatar,Neutral,2.808,0.583,84.0,11.7,4.2,83.7,5.8,3.9,4.7,0.9,1.1,93.4,6.7,"[{""score"": ""2 - 0"", ""pct"": 13.239999999999998}, {""score"": ""3 - 0"", ""pct"": 11.82}, {""score"": ""1 - 0"", ""pct"": 10.6}]"
Colombia,Czech Republic,Neutral,1.75,0.819,59.4,24.3,16.4,60.1,7.1,9.2,16.0,3.2,4.4,76.4,23.6,"[{""score"": ""1 - 0"", ""pct"": 13.11}, {""score"": ""2 - 0"", ""pct"": 11.97}, {""score"": ""1 - 1"", ""pct"": 10.67}]"
Colombia,Croatia,Neutral,1.314,1.019,43.1,28.5,28.5,42.9,6.7,9.2,28.9,5.0,7.4,58.7,41.3,"[{""score"": ""1 - 0"", ""pct"": 12.889999999999999}, {""score"": ""1 - 1"", ""pct"": 12.889999999999999}, {""score"": ""0 - 0"", ""pct"": 10.15}]"
Colombia,Netherlands,Neutral,1.321,1.267,37.4,27.7,34.9,37.3,6.4,8.0,34.3,6.2,7.8,51.6,48.4,"[{""score"": ""1 - 1"", ""pct"": 13.0}, {""score"": ""1 - 0"", ""pct"": 10.69}, {""score"": ""0 - 1"", ""pct"": 9.4}]"
Colombia,South Korea,Neutral,1.647,0.742,58.9,25.3,15.8,59.9,7.2,10.2,15.8,2.8,4.2,77.3,22.7,"[{""score"": ""1 - 0"", ""pct"": 15.57}, {""score"": ""2 - 0"", ""pct"": 11.77}, {""score"": ""1 - 1"", ""pct"": 11.01}]"
Colombia,Australia,Neutral,1.506,0.765,54.8,27.1,18.1,54.9,7.4,10.8,17.6,3.5,5.8,73.1,26.9,"[{""score"": ""1 - 0"", ""pct"": 16.25}, {""score"": ""1 - 1"", ""pct"": 12.04}, {""score"": ""2 - 0"", ""pct"": 11.34}]"
Colombia,Morocco,Neutral,1.021,0.831,38.8,33.7,27.5,37.2,7.2,12.2,28.7,5.0,9.8,56.6,43.4,"[{""score"": ""0 - 0"", ""pct"": 17.0}, {""score"": ""1 - 0"", ""pct"": 15.659999999999998}, {""score"": ""1 - 1"", ""pct"": 13.320000000000002}]"
Colombia,Scotland,Neutral,1.708,0.803,58.6,24.9,16.5,58.9,7.9,9.0,17.0,2.8,4.3,75.9,24.1,"[{""score"": ""1 - 0"", ""pct"": 14.19}, {""score"": ""2 - 0"", ""pct"": 11.5}, {""score"": ""1 - 1"", ""pct"": 11.35}]"
Colombia,Tunisia,Neutral,1.524,0.638,58.4,26.8,14.7,58.7,7.6,11.3,14.3,3.0,5.1,77.6,22.4,"[{""score"": ""1 - 0"", ""pct"": 17.07}, {""score"": ""2 - 0"", ""pct"": 13.320000000000002}, {""score"": ""0 - 0"", ""pct"": 12.75}]"
Colombia,Jordan,Neutral,2.235,0.597,75.4,16.8,7.7,75.4,7.0,6.7,7.7,1.4,1.9,89.0,11.0,"[{""score"": ""2 - 0"", ""pct"": 14.790000000000001}, {""score"": ""1 - 0"", ""pct"": 13.98}, {""score"": ""3 - 0"", ""pct"": 10.440000000000001}]"
Colombia,Saudi Arabia,Neutral,2.01,0.516,73.1,19.6,7.3,73.4,7.5,7.8,7.5,1.6,2.2,88.7,11.3,"[{""score"": ""1 - 0"", ""pct"": 16.7}, {""score"": ""2 - 0"", ""pct"": 15.86}, {""score"": ""3 - 0"", ""pct"": 10.52}]"
Colombia,Austria,Neutral,1.549,0.909,52.3,26.4,21.3,53.0,7.2,9.5,20.5,4.2,5.6,69.7,30.3,"[{""score"": ""1 - 0"", ""pct"": 12.870000000000001}, {""score"": ""1 - 1"", ""pct"": 11.87}, {""score"": ""2 - 0"", ""pct"": 10.13}]"
Colombia,Haiti,Neutral,3.112,0.52,88.2,9.0,2.8,88.4,4.6,3.0,2.8,0.6,0.6,96.0,4.0,"[{""score"": ""2 - 0"", ""pct"": 13.5}, {""score"": ""3 - 0"", ""pct"": 13.0}, {""score"": ""4 - 0"", ""pct"": 10.16}]"
Colombia,Japan,Neutral,1.439,0.925,48.4,28.0,23.6,48.7,7.6,9.9,23.2,4.2,6.4,66.2,33.8,"[{""score"": ""1 - 0"", ""pct"": 13.26}, {""score"": ""1 - 1"", ""pct"": 12.8}, {""score"": ""0 - 0"", ""pct"": 9.94}]"
Colombia,Panama,Neutral,2.334,0.59,76.6,16.5,6.9,77.5,7.1,6.1,6.5,1.3,1.5,90.7,9.3,"[{""score"": ""2 - 0"", ""pct"": 14.729999999999999}, {""score"": ""1 - 0"", ""pct"": 13.25}, {""score"": ""3 - 0"", ""pct"": 10.66}]"
Colombia,Brazil,Neutral,0.946,1.369,25.1,28.3,46.5,24.5,4.7,7.2,46.5,7.2,9.9,36.3,63.7,"[{""score"": ""0 - 1"", ""pct"": 13.84}, {""score"": ""1 - 1"", ""pct"": 12.839999999999998}, {""score"": ""0 - 0"", ""pct"": 10.52}]"
Czech Republic,United States,Neutral,1.352,1.242,38.6,27.4,34.0,38.9,6.3,7.8,33.8,5.6,7.4,53.1,46.9,"[{""score"": ""1 - 1"", ""pct"": 12.32}, {""score"": ""1 - 0"", ""pct"": 10.09}, {""score"": ""0 - 1"", ""pct"": 9.35}]"
Czech Republic,Sweden,Neutral,1.274,1.511,32.2,25.8,42.0,31.3,5.6,6.6,42.3,6.5,7.8,43.4,56.6,"[{""score"": ""1 - 1"", ""pct"": 11.5}, {""score"": ""1 - 2"", ""pct"": 9.45}, {""score"": ""0 - 1"", ""pct"": 9.370000000000001}]"
Czech Republic,Canada,Neutral,1.286,1.127,38.6,30.0,31.5,39.5,6.0,9.3,31.7,5.9,7.6,54.8,45.2,"[{""score"": ""1 - 1"", ""pct"": 13.16}, {""score"": ""1 - 0"", ""pct"": 11.559999999999999}, {""score"": ""0 - 0"", ""pct"": 10.549999999999999}]"
Czech Republic,France,Neutral,0.782,1.977,12.4,21.1,66.5,12.8,2.5,3.1,65.8,7.8,8.1,18.4,81.6,"[{""score"": ""0 - 1"", ""pct"": 13.34}, {""score"": ""0 - 2"", ""pct"": 11.87}, {""score"": ""1 - 2"", ""pct"": 9.81}]"
Czech Republic,Egypt,Neutral,1.142,1.039,37.0,30.7,32.3,36.8,6.4,9.8,32.2,6.3,8.6,52.9,47.1,"[{""score"": ""1 - 1"", ""pct"": 13.459999999999999}, {""score"": ""1 - 0"", ""pct"": 12.509999999999998}, {""score"": ""0 - 0"", ""pct"": 12.34}]"
Czech Republic,Norway,Neutral,1.182,1.65,26.2,26.2,47.6,26.0,4.7,5.7,47.9,7.0,8.7,36.5,63.5,"[{""score"": ""1 - 1"", ""pct"": 11.959999999999999}, {""score"": ""0 - 1"", ""pct"": 9.73}, {""score"": ""1 - 2"", ""pct"": 9.13}]"
Czech Republic,Spain,Neutral,0.724,2.388,8.7,16.4,74.9,8.6,1.7,2.0,75.3,6.4,5.9,12.4,87.6,"[{""score"": ""0 - 2"", ""pct"": 13.170000000000002}, {""score"": ""0 - 1"", ""pct"": 11.04}, {""score"": ""0 - 3"", ""pct"": 9.64}]"
Czech Republic,Ivory Coast,Neutral,1.149,1.131,35.0,30.5,34.4,35.4,5.6,9.2,34.4,6.0,9.3,50.3,49.7,"[{""score"": ""1 - 1"", ""pct"": 13.59}, {""score"": ""1 - 0"", ""pct"": 11.86}, {""score"": ""0 - 1"", ""pct"": 11.559999999999999}]"
Czech Republic,New Zealand,Neutral,1.647,0.646,62.2,24.1,13.7,61.8,7.7,10.1,13.4,2.7,4.2,79.6,20.3,"[{""score"": ""1 - 0"", ""pct"": 16.82}, {""score"": ""2 - 0"", ""pct"": 13.11}, {""score"": ""0 - 0"", ""pct"": 10.86}]"
Czech Republic,Algeria,Neutral,1.31,1.396,34.0,27.7,38.3,34.5,6.0,7.2,38.0,6.5,7.8,47.8,52.2,"[{""score"": ""1 - 1"", ""pct"": 12.35}, {""score"": ""0 - 1"", ""pct"": 8.92}, {""score"": ""1 - 2"", ""pct"": 8.92}]"
Czech Republic,Uzbekistan,Neutral,1.27,0.943,42.8,29.9,27.4,43.5,6.7,10.1,26.8,5.0,7.8,60.3,39.7,"[{""score"": ""1 - 0"", ""pct"": 13.22}, {""score"": ""0 - 0"", ""pct"": 12.68}, {""score"": ""1 - 1"", ""pct"": 12.58}]"
Czech Republic,Curaçao,Neutral,2.546,0.622,80.0,14.0,6.0,79.7,6.4,5.2,6.2,1.1,1.3,91.3,8.7,"[{""score"": ""2 - 0"", ""pct"": 13.700000000000001}, {""score"": ""1 - 0"", ""pct"": 11.37}, {""score"": ""3 - 0"", ""pct"": 11.28}]"
Czech Republic,DR Congo,Neutral,1.304,0.891,45.7,29.1,25.1,45.1,7.3,10.6,24.5,4.8,7.6,63.1,36.9,"[{""score"": ""1 - 0"", ""pct"": 14.45}, {""score"": ""1 - 1"", ""pct"": 12.540000000000001}, {""score"": ""0 - 0"", ""pct"": 12.11}]"
Czech Republic,Iraq,Neutral,1.507,0.788,53.4,27.8,18.8,55.2,7.2,10.2,18.4,3.6,5.4,72.5,27.5,"[{""score"": ""1 - 0"", ""pct"": 15.49}, {""score"": ""1 - 1"", ""pct"": 12.43}, {""score"": ""0 - 0"", ""pct"": 10.94}]"
Czech Republic,Ghana,Neutral,1.491,0.957,49.1,27.2,23.6,49.1,7.0,9.6,23.4,4.7,6.2,65.8,34.2,"[{""score"": ""1 - 0"", ""pct"": 13.170000000000002}, {""score"": ""1 - 1"", ""pct"": 12.41}, {""score"": ""2 - 1"", ""pct"": 9.65}]"
Czech Republic,Ecuador,Neutral,0.847,1.305,23.6,29.6,46.8,23.1,4.7,7.2,47.2,6.9,10.8,35.0,65.0,"[{""score"": ""0 - 1"", ""pct"": 15.010000000000002}, {""score"": ""0 - 0"", ""pct"": 12.9}, {""score"": ""1 - 1"", ""pct"": 12.61}]"
Czech Republic,Cape Verde,Neutral,1.626,0.782,57.0,26.2,16.8,57.2,7.6,9.6,17.7,3.2,4.7,74.4,25.6,"[{""score"": ""1 - 0"", ""pct"": 14.91}, {""score"": ""2 - 0"", ""pct"": 11.88}, {""score"": ""1 - 1"", ""pct"": 11.1}]"
Czech Republic,Iran,Neutral,1.102,1.227,31.7,29.6,38.8,32.0,5.6,8.0,38.7,6.6,9.2,45.6,54.4,"[{""score"": ""1 - 1"", ""pct"": 13.51}, {""score"": ""0 - 1"", ""pct"": 12.22}, {""score"": ""0 - 0"", ""pct"": 10.57}]"
Czech Republic,Switzerland,Neutral,1.061,1.654,22.7,26.3,51.0,23.6,4.7,5.0,49.8,7.8,9.1,33.3,66.7,"[{""score"": ""1 - 1"", ""pct"": 12.17}, {""score"": ""0 - 1"", ""pct"": 10.530000000000001}, {""score"": ""1 - 2"", ""pct"": 10.11}]"
Czech Republic,Bosnia and Herzegovina,Neutral,1.636,1.03,52.2,25.3,22.5,52.0,7.6,8.8,22.0,4.2,5.5,68.3,31.7,"[{""score"": ""1 - 0"", ""pct"": 12.09}, {""score"": ""1 - 1"", ""pct"": 11.51}, {""score"": ""2 - 1"", ""pct"": 9.75}]"
Czech Republic,Uruguay,Neutral,0.828,1.521,19.4,26.4,54.2,19.3,3.9,5.9,53.4,7.4,10.1,29.1,70.8,"[{""score"": ""0 - 1"", ""pct"": 14.81}, {""score"": ""1 - 1"", ""pct"": 11.67}, {""score"": ""0 - 2"", ""pct"": 10.91}]"
Czech Republic,Belgium,Neutral,0.963,1.955,16.8,22.2,61.0,17.3,3.5,3.9,60.0,7.9,7.5,24.6,75.4,"[{""score"": ""0 - 1"", ""pct"": 11.19}, {""score"": ""1 - 2"", ""pct"": 10.489999999999998}, {""score"": ""0 - 2"", ""pct"": 10.05}]"
Czech Republic,Germany,Neutral,1.047,2.221,15.3,20.5,64.2,15.5,3.2,2.9,64.3,7.3,6.8,21.6,78.4,"[{""score"": ""1 - 2"", ""pct"": 9.65}, {""score"": ""0 - 2"", ""pct"": 9.43}, {""score"": ""0 - 1"", ""pct"": 9.24}]"
Czech Republic,Senegal,Neutral,1.007,1.246,29.0,29.6,41.4,29.4,5.3,7.4,41.0,6.8,10.0,42.1,57.9,"[{""score"": ""1 - 1"", ""pct"": 13.569999999999999}, {""score"": ""0 - 1"", ""pct"": 13.209999999999999}, {""score"": ""0 - 0"", ""pct"": 11.12}]"
Czech Republic,Portugal,Neutral,0.828,2.076,12.8,20.0,67.2,12.8,2.6,3.1,67.0,7.1,7.5,18.5,81.5,"[{""score"": ""0 - 1"", ""pct"": 12.53}, {""score"": ""0 - 2"", ""pct"": 12.42}, {""score"": ""1 - 2"", ""pct"": 9.370000000000001}]"
Czech Republic,Argentina,Neutral,0.605,1.986,9.9,19.7,70.3,9.3,1.7,2.3,71.4,7.0,8.3,13.2,86.8,"[{""score"": ""0 - 1"", ""pct"": 15.82}, {""score"": ""0 - 2"", ""pct"": 13.930000000000001}, {""score"": ""0 - 3"", ""pct"": 9.68}]"
Czech Republic,South Africa,Neutral,1.48,0.888,51.3,27.1,21.6,51.1,7.3,10.6,20.6,4.2,6.0,69.1,30.9,"[{""score"": ""1 - 0"", ""pct"": 13.56}, {""score"": ""1 - 1"", ""pct"": 11.959999999999999}, {""score"": ""0 - 0"", ""pct"": 10.290000000000001}]"
Czech Republic,Paraguay,Neutral,1.063,1.128,33.5,30.6,36.0,33.0,5.8,8.7,36.7,6.4,9.5,47.5,52.5,"[{""score"": ""1 - 1"", ""pct"": 13.87}, {""score"": ""0 - 1"", ""pct"": 12.4}, {""score"": ""1 - 0"", ""pct"": 12.23}]"
Czech Republic,Mexico,Neutral,1.051,1.235,30.9,29.0,40.1,30.9,5.3,8.0,39.6,6.8,9.4,44.2,55.8,"[{""score"": ""1 - 1"", ""pct"": 12.78}, {""score"": ""0 - 1"", ""pct"": 12.72}, {""score"": ""0 - 0"", ""pct"": 11.450000000000001}]"
Czech Republic,Turkey,Neutral,1.317,1.533,31.6,26.2,42.2,31.8,5.6,6.2,41.9,6.8,7.7,43.5,56.5,"[{""score"": ""1 - 1"", ""pct"": 12.049999999999999}, {""score"": ""0 - 1"", ""pct"": 9.13}, {""score"": ""1 - 2"", ""pct"": 8.81}]"
Czech Republic,England,Neutral,0.686,1.924,11.2,22.0,66.8,11.7,1.9,3.3,66.9,7.7,8.5,16.9,83.1,"[{""score"": ""0 - 1"", ""pct"": 15.190000000000001}, {""score"": ""0 - 2"", ""pct"": 12.959999999999999}, {""score"": ""1 - 1"", ""pct"": 9.67}]"
Czech Republic,Qatar,Neutral,2.092,0.928,64.5,21.0,14.5,64.6,7.2,7.1,14.6,3.1,3.4,78.9,21.1,"[{""score"": ""1 - 0"", ""pct"": 10.81}, {""score"": ""2 - 0"", ""pct"": 10.39}, {""score"": ""2 - 1"", ""pct"": 9.85}]"
Czech Republic,Colombia,Neutral,0.819,1.75,15.7,24.5,59.8,16.0,3.1,3.9,60.3,7.5,9.2,23.0,77.0,"[{""score"": ""0 - 1"", ""pct"": 13.68}, {""score"": ""0 - 2"", ""pct"": 11.540000000000001}, {""score"": ""1 - 1"", ""pct"": 11.32}]"
Czech Republic,Croatia,Neutral,0.979,1.623,22.1,25.8,52.1,21.7,4.2,5.3,52.7,7.3,8.8,31.1,68.9,"[{""score"": ""0 - 1"", ""pct"": 12.32}, {""score"": ""1 - 1"", ""pct"": 12.01}, {""score"": ""1 - 2"", ""pct"": 9.47}]"
Czech Republic,Netherlands,Neutral,0.984,2.018,16.0,21.9,62.1,16.6,3.6,3.8,61.8,7.1,7.2,23.9,76.1,"[{""score"": ""0 - 1"", ""pct"": 10.61}, {""score"": ""1 - 2"", ""pct"": 10.489999999999998}, {""score"": ""0 - 2"", ""pct"": 9.87}]"
Czech Republic,South Korea,Neutral,1.227,1.182,36.5,29.1,34.4,36.4,6.3,8.6,34.1,6.0,8.6,51.2,48.8,"[{""score"": ""1 - 1"", ""pct"": 13.120000000000001}, {""score"": ""1 - 0"", ""pct"": 11.469999999999999}, {""score"": ""0 - 1"", ""pct"": 10.77}]"
Czech Republic,Australia,Neutral,1.122,1.219,32.5,29.7,37.8,32.9,5.9,8.4,37.2,6.3,9.2,47.3,52.7,"[{""score"": ""1 - 1"", ""pct"": 13.13}, {""score"": ""0 - 1"", ""pct"": 11.87}, {""score"": ""1 - 0"", ""pct"": 11.09}]"
Czech Republic,Morocco,Neutral,0.761,1.323,20.4,30.5,49.1,19.7,3.9,6.5,50.6,7.1,12.2,30.1,69.9,"[{""score"": ""0 - 1"", ""pct"": 16.07}, {""score"": ""0 - 0"", ""pct"": 14.05}, {""score"": ""1 - 1"", ""pct"": 12.690000000000001}]"
Czech Republic,Scotland,Neutral,1.273,1.278,35.8,27.8,36.4,36.6,5.7,7.9,36.2,5.9,7.8,50.1,49.9,"[{""score"": ""1 - 1"", ""pct"": 12.790000000000001}, {""score"": ""0 - 1"", ""pct"": 10.23}, {""score"": ""1 - 0"", ""pct"": 9.69}]"
Czech Republic,Tunisia,Neutral,1.136,1.016,39.3,29.7,31.1,37.8,6.1,10.0,31.9,5.6,8.6,53.9,46.1,"[{""score"": ""1 - 0"", ""pct"": 13.81}, {""score"": ""1 - 1"", ""pct"": 12.85}, {""score"": ""0 - 0"", ""pct"": 12.57}]"
Czech Republic,Jordan,Neutral,1.665,0.951,54.8,25.2,20.0,54.2,7.5,9.2,20.2,3.8,5.0,71.0,29.0,"[{""score"": ""1 - 0"", ""pct"": 12.740000000000002}, {""score"": ""1 - 1"", ""pct"": 11.469999999999999}, {""score"": ""2 - 0"", ""pct"": 9.98}]"
Czech Republic,Saudi Arabia,Neutral,1.497,0.822,51.8,28.1,20.1,53.0,7.5,10.5,19.6,3.5,5.8,71.1,28.9,"[{""score"": ""1 - 0"", ""pct"": 13.819999999999999}, {""score"": ""1 - 1"", ""pct"": 12.629999999999999}, {""score"": ""0 - 0"", ""pct"": 11.04}]"
Czech Republic,Austria,Neutral,1.155,1.448,29.4,27.9,42.7,28.7,5.2,6.8,43.8,6.9,8.6,40.7,59.3,"[{""score"": ""1 - 1"", ""pct"": 12.94}, {""score"": ""0 - 1"", ""pct"": 10.73}, {""score"": ""1 - 2"", ""pct"": 8.55}]"
Czech Republic,Haiti,Neutral,2.319,0.828,71.6,17.9,10.5,70.6,7.2,6.6,11.0,2.0,2.6,84.4,15.6,"[{""score"": ""2 - 0"", ""pct"": 11.42}, {""score"": ""1 - 0"", ""pct"": 10.96}, {""score"": ""2 - 1"", ""pct"": 8.959999999999999}]"
Czech Republic,Japan,Neutral,1.072,1.472,26.9,27.9,45.2,26.9,5.0,6.7,45.6,7.0,8.8,38.6,61.4,"[{""score"": ""1 - 1"", ""pct"": 12.709999999999999}, {""score"": ""0 - 1"", ""pct"": 11.450000000000001}, {""score"": ""0 - 0"", ""pct"": 9.35}]"
Czech Republic,Panama,Neutral,1.739,0.939,56.0,25.3,18.7,56.4,7.5,8.8,18.9,3.7,4.7,72.7,27.3,"[{""score"": ""1 - 0"", ""pct"": 12.47}, {""score"": ""1 - 1"", ""pct"": 11.129999999999999}, {""score"": ""2 - 0"", ""pct"": 9.67}]"
Czech Republic,Brazil,Neutral,0.705,2.179,9.8,18.2,71.9,9.8,2.0,2.2,71.6,7.2,7.1,14.0,86.0,"[{""score"": ""0 - 2"", ""pct"": 13.38}, {""score"": ""0 - 1"", ""pct"": 12.78}, {""score"": ""0 - 3"", ""pct"": 9.520000000000001}]"
Croatia,United States,Neutral,1.683,0.933,55.5,24.7,19.8,55.8,7.3,9.1,19.3,3.4,5.1,72.2,27.8,"[{""score"": ""1 - 0"", ""pct"": 13.020000000000001}, {""score"": ""1 - 1"", ""pct"": 10.89}, {""score"": ""2 - 0"", ""pct"": 10.440000000000001}]"
Croatia,Sweden,Neutral,1.585,1.134,47.1,26.5,26.5,48.0,7.4,7.8,26.4,4.6,5.8,63.2,36.8,"[{""score"": ""1 - 1"", ""pct"": 12.45}, {""score"": ""1 - 0"", ""pct"": 11.05}, {""score"": ""2 - 1"", ""pct"": 9.39}]"
Croatia,Canada,Neutral,1.6,0.846,55.8,25.5,18.8,54.7,7.8,10.0,18.5,3.9,5.1,72.5,27.5,"[{""score"": ""1 - 0"", ""pct"": 14.649999999999999}, {""score"": ""1 - 1"", ""pct"": 11.65}, {""score"": ""2 - 0"", ""pct"": 10.67}]"
Croatia,France,Neutral,0.973,1.484,23.3,27.7,49.0,23.3,4.4,6.6,48.5,7.5,9.7,34.3,65.7,"[{""score"": ""0 - 1"", ""pct"": 12.82}, {""score"": ""1 - 1"", ""pct"": 12.68}, {""score"": ""0 - 0"", ""pct"": 9.47}]"
Croatia,Egypt,Neutral,1.421,0.78,52.9,27.8,19.4,50.9,7.4,11.6,19.9,3.7,6.5,69.9,30.1,"[{""score"": ""1 - 0"", ""pct"": 16.35}, {""score"": ""1 - 1"", ""pct"": 11.92}, {""score"": ""0 - 0"", ""pct"": 11.81}]"
Croatia,Norway,Neutral,1.471,1.239,42.8,26.3,30.9,42.0,6.3,8.1,31.4,5.5,6.6,56.4,43.6,"[{""score"": ""1 - 1"", ""pct"": 12.2}, {""score"": ""1 - 0"", ""pct"": 10.290000000000001}, {""score"": ""2 - 1"", ""pct"": 8.780000000000001}]"
Croatia,Spain,Neutral,0.901,1.793,17.6,24.1,58.3,17.6,3.3,4.6,58.5,7.5,8.6,25.4,74.6,"[{""score"": ""0 - 1"", ""pct"": 13.059999999999999}, {""score"": ""0 - 2"", ""pct"": 10.81}, {""score"": ""1 - 1"", ""pct"": 10.620000000000001}]"
Croatia,Ivory Coast,Neutral,1.43,0.849,50.5,27.3,22.2,49.5,7.6,10.7,21.8,4.3,6.2,67.7,32.3,"[{""score"": ""1 - 0"", ""pct"": 15.09}, {""score"": ""1 - 1"", ""pct"": 12.3}, {""score"": ""2 - 0"", ""pct"": 10.549999999999999}]"
Croatia,New Zealand,Neutral,2.049,0.485,74.6,18.7,6.7,75.4,6.5,8.2,6.6,1.3,2.0,90.1,9.9,"[{""score"": ""1 - 0"", ""pct"": 17.0}, {""score"": ""2 - 0"", ""pct"": 16.470000000000002}, {""score"": ""3 - 0"", ""pct"": 10.91}]"
Croatia,Algeria,Neutral,1.631,1.048,50.7,26.1,23.2,50.0,7.8,8.5,23.5,4.7,5.7,66.2,33.8,"[{""score"": ""1 - 1"", ""pct"": 11.700000000000001}, {""score"": ""1 - 0"", ""pct"": 11.43}, {""score"": ""2 - 1"", ""pct"": 9.67}]"
Croatia,Uzbekistan,Neutral,1.58,0.708,59.5,25.5,15.1,58.1,7.9,11.1,15.1,3.1,4.8,77.0,22.9,"[{""score"": ""1 - 0"", ""pct"": 16.73}, {""score"": ""2 - 0"", ""pct"": 12.379999999999999}, {""score"": ""0 - 0"", ""pct"": 11.020000000000001}]"
Croatia,Curaçao,Neutral,3.168,0.467,89.3,8.4,2.4,89.0,4.2,3.6,2.4,0.4,0.5,96.7,3.3,"[{""score"": ""3 - 0"", ""pct"": 13.71}, {""score"": ""2 - 0"", ""pct"": 13.420000000000002}, {""score"": ""4 - 0"", ""pct"": 10.209999999999999}]"
Croatia,DR Congo,Neutral,1.623,0.669,61.2,24.4,14.4,61.4,7.7,10.2,13.6,2.9,4.3,79.3,20.7,"[{""score"": ""1 - 0"", ""pct"": 17.37}, {""score"": ""2 - 0"", ""pct"": 13.33}, {""score"": ""0 - 0"", ""pct"": 10.620000000000001}]"
Croatia,Iraq,Neutral,1.876,0.591,69.6,20.9,9.5,68.3,8.0,9.0,9.7,1.8,3.1,85.3,14.7,"[{""score"": ""1 - 0"", ""pct"": 16.66}, {""score"": ""2 - 0"", ""pct"": 15.2}, {""score"": ""3 - 0"", ""pct"": 9.41}]"
Croatia,Ghana,Neutral,1.855,0.719,64.7,22.3,13.1,64.6,7.3,9.0,13.3,2.2,3.6,81.0,19.1,"[{""score"": ""1 - 0"", ""pct"": 14.399999999999999}, {""score"": ""2 - 0"", ""pct"": 12.68}, {""score"": ""1 - 1"", ""pct"": 9.85}]"
Croatia,Ecuador,Neutral,1.054,0.98,35.8,32.4,31.9,36.0,6.3,10.1,32.1,5.4,10.2,52.4,47.6,"[{""score"": ""0 - 0"", ""pct"": 14.75}, {""score"": ""1 - 0"", ""pct"": 13.73}, {""score"": ""1 - 1"", ""pct"": 13.309999999999999}]"
Croatia,Cape Verde,Neutral,2.023,0.587,71.8,19.4,8.9,72.0,7.5,7.8,8.5,1.7,2.4,87.4,12.6,"[{""score"": ""2 - 0"", ""pct"": 15.28}, {""score"": ""1 - 0"", ""pct"": 14.7}, {""score"": ""3 - 0"", ""pct"": 9.82}]"
Croatia,Iran,Neutral,1.371,0.921,47.1,28.9,23.9,46.8,7.4,10.2,24.4,4.4,6.7,64.4,35.6,"[{""score"": ""1 - 0"", ""pct"": 14.099999999999998}, {""score"": ""1 - 1"", ""pct"": 12.78}, {""score"": ""0 - 0"", ""pct"": 10.85}]"
Croatia,Switzerland,Neutral,1.32,1.242,38.0,27.7,34.3,38.4,6.3,8.0,34.3,5.5,7.4,52.8,47.2,"[{""score"": ""1 - 1"", ""pct"": 12.75}, {""score"": ""1 - 0"", ""pct"": 10.059999999999999}, {""score"": ""0 - 1"", ""pct"": 9.62}]"
Croatia,Bosnia and Herzegovina,Neutral,2.036,0.774,67.0,20.8,12.2,67.9,7.0,7.8,11.9,2.3,3.0,82.8,17.2,"[{""score"": ""1 - 0"", ""pct"": 12.950000000000001}, {""score"": ""2 - 0"", ""pct"": 12.42}, {""score"": ""2 - 1"", ""pct"": 9.82}]"
Croatia,Uruguay,Neutral,1.03,1.142,31.0,31.1,37.9,31.2,5.7,8.8,38.4,6.4,9.6,45.6,54.4,"[{""score"": ""1 - 1"", ""pct"": 13.69}, {""score"": ""0 - 1"", ""pct"": 13.11}, {""score"": ""0 - 0"", ""pct"": 12.46}]"
Croatia,Belgium,Neutral,1.198,1.468,29.7,27.3,43.0,29.6,5.3,6.7,43.6,6.5,8.3,41.6,58.4,"[{""score"": ""1 - 1"", ""pct"": 12.35}, {""score"": ""0 - 1"", ""pct"": 10.14}, {""score"": ""1 - 2"", ""pct"": 9.51}]"
Croatia,Germany,Neutral,1.302,1.668,29.2,25.2,45.6,28.8,4.9,6.1,45.8,6.8,7.6,39.9,60.1,"[{""score"": ""1 - 1"", ""pct"": 11.37}, {""score"": ""0 - 1"", ""pct"": 9.139999999999999}, {""score"": ""1 - 2"", ""pct"": 9.04}]"
Croatia,Senegal,Neutral,1.253,0.936,42.9,29.5,27.5,43.0,6.7,10.1,27.1,5.3,7.8,59.8,40.2,"[{""score"": ""1 - 0"", ""pct"": 13.84}, {""score"": ""1 - 1"", ""pct"": 12.41}, {""score"": ""0 - 0"", ""pct"": 12.26}]"
Croatia,Portugal,Neutral,1.031,1.559,23.8,26.2,50.0,24.1,4.1,5.9,49.5,7.5,8.9,34.1,65.9,"[{""score"": ""0 - 1"", ""pct"": 12.139999999999999}, {""score"": ""1 - 1"", ""pct"": 11.78}, {""score"": ""0 - 2"", ""pct"": 9.43}]"
Croatia,Argentina,Neutral,0.752,1.492,18.3,27.4,54.3,18.3,3.5,5.4,54.8,7.5,10.5,27.2,72.8,"[{""score"": ""0 - 1"", ""pct"": 15.909999999999998}, {""score"": ""1 - 1"", ""pct"": 11.92}, {""score"": ""0 - 2"", ""pct"": 11.51}]"
Croatia,South Africa,Neutral,1.842,0.667,65.9,22.5,11.6,65.5,7.6,9.5,11.4,2.5,3.6,82.5,17.5,"[{""score"": ""1 - 0"", ""pct"": 15.58}, {""score"": ""2 - 0"", ""pct"": 13.43}, {""score"": ""1 - 1"", ""pct"": 10.01}]"
Croatia,Paraguay,Neutral,1.322,0.847,46.8,30.3,22.9,47.8,7.3,11.2,22.9,4.2,6.6,66.3,33.7,"[{""score"": ""1 - 0"", ""pct"": 15.83}, {""score"": ""1 - 1"", ""pct"": 12.989999999999998}, {""score"": ""0 - 0"", ""pct"": 12.690000000000001}]"
Croatia,Mexico,Neutral,1.307,0.927,44.7,30.2,25.0,44.3,7.4,10.9,25.5,4.7,7.2,62.6,37.4,"[{""score"": ""1 - 0"", ""pct"": 13.819999999999999}, {""score"": ""1 - 1"", ""pct"": 13.420000000000002}, {""score"": ""0 - 0"", ""pct"": 12.06}]"
Croatia,Turkey,Neutral,1.638,1.151,48.3,25.9,25.8,48.1,7.4,8.0,26.3,4.7,5.4,63.6,36.4,"[{""score"": ""1 - 1"", ""pct"": 11.78}, {""score"": ""2 - 1"", ""pct"": 9.719999999999999}, {""score"": ""1 - 0"", ""pct"": 9.69}]"
Croatia,England,Neutral,0.854,1.445,21.1,28.2,50.7,20.8,4.2,6.8,50.8,7.1,10.3,31.8,68.2,"[{""score"": ""0 - 1"", ""pct"": 14.34}, {""score"": ""1 - 1"", ""pct"": 12.049999999999999}, {""score"": ""0 - 0"", ""pct"": 11.41}]"
Croatia,Qatar,Neutral,2.604,0.697,78.6,14.2,7.2,78.6,6.5,5.4,6.5,1.5,1.4,90.5,9.5,"[{""score"": ""2 - 0"", ""pct"": 12.790000000000001}, {""score"": ""3 - 0"", ""pct"": 10.43}, {""score"": ""1 - 0"", ""pct"": 9.950000000000001}]"
Croatia,Colombia,Neutral,1.019,1.314,27.7,28.8,43.5,27.8,4.9,7.5,43.7,6.7,9.4,40.2,59.8,"[{""score"": ""0 - 1"", ""pct"": 13.239999999999998}, {""score"": ""1 - 1"", ""pct"": 13.04}, {""score"": ""0 - 0"", ""pct"": 10.8}]"
Croatia,Czech Republic,Neutral,1.623,0.979,51.9,26.1,22.0,51.2,7.6,9.1,22.7,3.9,5.4,68.0,32.0,"[{""score"": ""1 - 0"", ""pct"": 12.26}, {""score"": ""1 - 1"", ""pct"": 11.88}, {""score"": ""2 - 1"", ""pct"": 9.15}]"
Croatia,Netherlands,Neutral,1.224,1.515,30.0,26.6,43.4,29.5,5.1,6.5,44.2,6.7,8.0,41.1,58.9,"[{""score"": ""1 - 1"", ""pct"": 11.75}, {""score"": ""0 - 1"", ""pct"": 9.569999999999999}, {""score"": ""1 - 2"", ""pct"": 8.790000000000001}]"
Croatia,South Korea,Neutral,1.527,0.887,52.1,26.9,21.0,52.2,7.9,9.6,20.8,3.8,5.7,69.7,30.3,"[{""score"": ""1 - 0"", ""pct"": 13.55}, {""score"": ""1 - 1"", ""pct"": 12.19}, {""score"": ""2 - 0"", ""pct"": 10.190000000000001}]"
Croatia,Australia,Neutral,1.397,0.915,47.2,28.8,24.0,47.9,7.6,10.0,23.5,4.2,6.7,65.6,34.4,"[{""score"": ""1 - 0"", ""pct"": 13.819999999999999}, {""score"": ""1 - 1"", ""pct"": 12.740000000000002}, {""score"": ""0 - 0"", ""pct"": 11.32}]"
Croatia,Morocco,Neutral,0.947,0.993,32.2,32.9,34.9,32.1,5.7,10.0,34.9,6.2,11.0,47.9,52.1,"[{""score"": ""0 - 0"", ""pct"": 15.17}, {""score"": ""1 - 1"", ""pct"": 14.05}, {""score"": ""0 - 1"", ""pct"": 13.91}]"
Croatia,Scotland,Neutral,1.584,0.96,51.2,25.9,22.9,52.0,7.3,9.4,21.9,4.0,5.5,68.7,31.3,"[{""score"": ""1 - 0"", ""pct"": 13.0}, {""score"": ""1 - 1"", ""pct"": 11.53}, {""score"": ""2 - 1"", ""pct"": 9.31}]"
Croatia,Tunisia,Neutral,1.413,0.763,52.7,28.1,19.2,51.9,7.8,11.2,19.6,3.7,5.8,70.9,29.1,"[{""score"": ""1 - 0"", ""pct"": 16.220000000000002}, {""score"": ""1 - 1"", ""pct"": 12.280000000000001}, {""score"": ""0 - 0"", ""pct"": 12.13}]"
Croatia,Jordan,Neutral,2.072,0.714,69.8,19.7,10.5,69.5,7.3,7.9,10.5,2.1,2.8,84.7,15.3,"[{""score"": ""1 - 0"", ""pct"": 13.48}, {""score"": ""2 - 0"", ""pct"": 12.94}, {""score"": ""2 - 1"", ""pct"": 9.62}]"
Croatia,Saudi Arabia,Neutral,1.863,0.618,67.6,21.7,10.8,67.9,7.4,9.0,10.6,2.3,2.7,84.4,15.6,"[{""score"": ""1 - 0"", ""pct"": 15.65}, {""score"": ""2 - 0"", ""pct"": 13.639999999999999}, {""score"": ""1 - 1"", ""pct"": 9.69}]"
Croatia,Austria,Neutral,1.437,1.087,44.4,27.8,27.8,44.1,7.2,8.9,27.9,5.1,6.8,60.2,39.8,"[{""score"": ""1 - 1"", ""pct"": 13.15}, {""score"": ""1 - 0"", ""pct"": 12.0}, {""score"": ""0 - 0"", ""pct"": 8.81}]"
Croatia,Haiti,Neutral,2.886,0.622,83.8,11.5,4.8,84.7,5.4,3.9,4.3,1.0,0.8,93.9,6.0,"[{""score"": ""2 - 0"", ""pct"": 13.03}, {""score"": ""3 - 0"", ""pct"": 11.25}, {""score"": ""1 - 0"", ""pct"": 9.49}]"
Croatia,Japan,Neutral,1.334,1.106,41.2,28.8,30.0,41.5,6.7,8.9,30.0,5.4,7.6,57.0,43.0,"[{""score"": ""1 - 1"", ""pct"": 12.76}, {""score"": ""1 - 0"", ""pct"": 11.86}, {""score"": ""0 - 0"", ""pct"": 10.13}]"
Croatia,Panama,Neutral,2.164,0.705,70.5,19.3,10.1,70.9,7.5,7.5,9.7,2.1,2.2,86.0,14.1,"[{""score"": ""1 - 0"", ""pct"": 12.97}, {""score"": ""2 - 0"", ""pct"": 12.889999999999999}, {""score"": ""3 - 0"", ""pct"": 9.85}]"
Croatia,Brazil,Neutral,0.877,1.636,19.1,25.6,55.3,18.7,3.6,5.0,55.6,8.1,9.0,27.3,72.7,"[{""score"": ""0 - 1"", ""pct"": 13.68}, {""score"": ""1 - 1"", ""pct"": 11.74}, {""score"": ""0 - 2"", ""pct"": 10.38}]"
Netherlands,United States,Neutral,2.092,0.937,64.6,21.2,14.2,65.3,7.4,7.3,14.3,2.8,3.0,79.9,20.1,"[{""score"": ""1 - 0"", ""pct"": 11.28}, {""score"": ""2 - 0"", ""pct"": 10.75}, {""score"": ""2 - 1"", ""pct"": 9.71}]"
Netherlands,Sweden,Neutral,1.971,1.14,57.5,22.6,19.9,56.6,7.5,7.5,20.4,3.8,4.1,71.6,28.4,"[{""score"": ""1 - 1"", ""pct"": 10.26}, {""score"": ""2 - 1"", ""pct"": 10.190000000000001}, {""score"": ""1 - 0"", ""pct"": 9.46}]"
Netherlands,Canada,Neutral,1.99,0.85,64.2,21.5,14.3,64.8,7.3,8.1,14.0,2.7,3.1,80.2,19.8,"[{""score"": ""1 - 0"", ""pct"": 12.18}, {""score"": ""2 - 0"", ""pct"": 11.29}, {""score"": ""2 - 1"", ""pct"": 10.39}]"
Netherlands,France,Neutral,1.21,1.491,29.7,26.7,43.6,29.6,5.4,6.6,43.5,6.5,8.4,41.6,58.4,"[{""score"": ""1 - 1"", ""pct"": 11.78}, {""score"": ""0 - 1"", ""pct"": 10.31}, {""score"": ""1 - 2"", ""pct"": 9.16}]"
Netherlands,Egypt,Neutral,1.768,0.784,61.5,23.8,14.7,60.2,8.1,9.6,15.3,2.7,4.1,77.9,22.1,"[{""score"": ""1 - 0"", ""pct"": 15.02}, {""score"": ""2 - 0"", ""pct"": 12.21}, {""score"": ""1 - 1"", ""pct"": 10.73}]"
Netherlands,Norway,Neutral,1.829,1.245,51.3,24.2,24.6,50.2,7.0,7.6,25.6,4.7,5.0,64.8,35.2,"[{""score"": ""1 - 1"", ""pct"": 10.54}, {""score"": ""2 - 1"", ""pct"": 9.64}, {""score"": ""1 - 0"", ""pct"": 8.48}]"
Netherlands,Spain,Neutral,1.12,1.802,22.0,24.3,53.7,22.6,4.2,5.0,53.0,7.1,8.1,31.8,68.2,"[{""score"": ""1 - 1"", ""pct"": 10.639999999999999}, {""score"": ""0 - 1"", ""pct"": 10.43}, {""score"": ""1 - 2"", ""pct"": 10.02}]"
Netherlands,Ivory Coast,Neutral,1.778,0.853,59.1,24.3,16.6,58.7,7.7,9.0,16.9,3.2,4.4,75.5,24.5,"[{""score"": ""1 - 0"", ""pct"": 13.5}, {""score"": ""2 - 0"", ""pct"": 11.09}, {""score"": ""1 - 1"", ""pct"": 10.39}]"
Netherlands,New Zealand,Neutral,2.548,0.488,81.8,13.5,4.7,83.2,5.6,5.1,4.1,0.9,1.1,93.9,6.1,"[{""score"": ""2 - 0"", ""pct"": 15.1}, {""score"": ""3 - 0"", ""pct"": 12.93}, {""score"": ""1 - 0"", ""pct"": 12.46}]"
Netherlands,Algeria,Neutral,2.028,1.053,60.0,22.2,17.8,60.7,7.4,7.2,17.4,3.4,3.8,75.4,24.6,"[{""score"": ""1 - 1"", ""pct"": 10.290000000000001}, {""score"": ""1 - 0"", ""pct"": 9.92}, {""score"": ""2 - 0"", ""pct"": 9.58}]"
Netherlands,Uzbekistan,Neutral,1.964,0.711,68.0,20.5,11.5,67.7,6.7,8.3,11.9,2.4,2.9,82.8,17.2,"[{""score"": ""1 - 0"", ""pct"": 13.63}, {""score"": ""2 - 0"", ""pct"": 13.350000000000001}, {""score"": ""2 - 1"", ""pct"": 9.65}]"
Netherlands,Curaçao,Neutral,3.94,0.469,94.6,4.3,1.1,94.2,2.7,1.3,1.4,0.2,0.2,98.2,1.8,"[{""score"": ""3 - 0"", ""pct"": 12.85}, {""score"": ""4 - 0"", ""pct"": 12.42}, {""score"": ""2 - 0"", ""pct"": 9.8}]"
Netherlands,DR Congo,Neutral,2.018,0.673,69.3,20.0,10.7,69.0,7.1,8.6,10.2,2.1,3.0,84.7,15.3,"[{""score"": ""2 - 0"", ""pct"": 14.17}, {""score"": ""1 - 0"", ""pct"": 14.069999999999999}, {""score"": ""2 - 1"", ""pct"": 9.5}]"
Netherlands,Iraq,Neutral,2.332,0.594,76.5,16.4,7.1,77.6,6.3,6.1,7.0,1.4,1.6,90.0,10.0,"[{""score"": ""2 - 0"", ""pct"": 14.680000000000001}, {""score"": ""1 - 0"", ""pct"": 12.97}, {""score"": ""3 - 0"", ""pct"": 10.79}]"
Netherlands,Ghana,Neutral,2.307,0.722,74.7,16.7,8.6,74.0,7.0,6.6,8.9,1.6,2.1,87.5,12.5,"[{""score"": ""2 - 0"", ""pct"": 12.839999999999998}, {""score"": ""1 - 0"", ""pct"": 11.959999999999999}, {""score"": ""3 - 0"", ""pct"": 9.87}]"
Netherlands,Ecuador,Neutral,1.311,0.984,43.6,29.8,26.6,44.0,6.8,10.1,26.9,5.2,7.0,61.0,39.1,"[{""score"": ""1 - 0"", ""pct"": 13.84}, {""score"": ""1 - 1"", ""pct"": 12.98}, {""score"": ""0 - 0"", ""pct"": 11.08}]"
Netherlands,Cape Verde,Neutral,2.516,0.59,80.0,14.3,5.8,79.6,6.4,5.6,5.8,1.3,1.3,91.6,8.4,"[{""score"": ""2 - 0"", ""pct"": 13.81}, {""score"": ""1 - 0"", ""pct"": 12.21}, {""score"": ""3 - 0"", ""pct"": 11.59}]"
Netherlands,Iran,Neutral,1.705,0.926,55.2,24.9,19.9,55.8,7.3,9.3,19.7,3.3,4.6,72.4,27.6,"[{""score"": ""1 - 0"", ""pct"": 12.93}, {""score"": ""1 - 1"", ""pct"": 10.84}, {""score"": ""2 - 0"", ""pct"": 9.73}]"
Netherlands,Switzerland,Neutral,1.642,1.248,46.8,24.8,28.5,46.6,6.6,7.3,29.0,4.9,5.7,60.5,39.5,"[{""score"": ""1 - 1"", ""pct"": 10.81}, {""score"": ""1 - 0"", ""pct"": 9.74}, {""score"": ""2 - 1"", ""pct"": 9.64}]"
Netherlands,Bosnia and Herzegovina,Neutral,2.532,0.777,75.6,15.9,8.5,76.2,6.9,5.4,8.2,1.5,1.8,88.5,11.5,"[{""score"": ""2 - 0"", ""pct"": 12.08}, {""score"": ""3 - 0"", ""pct"": 9.77}, {""score"": ""1 - 0"", ""pct"": 9.42}]"
Netherlands,Uruguay,Neutral,1.28,1.148,38.5,28.9,32.6,38.5,6.9,9.1,32.0,5.5,7.9,54.5,45.5,"[{""score"": ""1 - 1"", ""pct"": 13.13}, {""score"": ""1 - 0"", ""pct"": 11.92}, {""score"": ""0 - 1"", ""pct"": 10.6}]"
Netherlands,Belgium,Neutral,1.49,1.475,36.9,24.8,38.3,37.3,6.6,6.6,36.6,6.0,6.9,50.5,49.5,"[{""score"": ""1 - 1"", ""pct"": 10.97}, {""score"": ""1 - 2"", ""pct"": 8.799999999999999}, {""score"": ""0 - 1"", ""pct"": 8.49}]"
Netherlands,Germany,Neutral,1.62,1.676,36.2,24.7,39.0,37.5,5.8,6.1,38.8,6.0,5.8,49.3,50.7,"[{""score"": ""1 - 1"", ""pct"": 10.620000000000001}, {""score"": ""2 - 1"", ""pct"": 8.21}, {""score"": ""1 - 2"", ""pct"": 8.02}]"
Netherlands,Senegal,Neutral,1.558,0.94,50.8,26.3,22.9,51.8,7.3,9.6,21.3,4.3,5.8,68.7,31.3,"[{""score"": ""1 - 0"", ""pct"": 12.889999999999999}, {""score"": ""1 - 1"", ""pct"": 11.87}, {""score"": ""2 - 0"", ""pct"": 9.27}]"
Netherlands,Portugal,Neutral,1.282,1.567,30.8,25.8,43.5,30.6,5.5,6.3,42.8,6.8,7.9,42.4,57.6,"[{""score"": ""1 - 1"", ""pct"": 11.93}, {""score"": ""0 - 1"", ""pct"": 9.44}, {""score"": ""1 - 2"", ""pct"": 8.63}]"
Netherlands,Argentina,Neutral,0.936,1.499,22.9,27.5,49.6,22.1,4.0,6.2,50.8,7.3,9.5,32.3,67.7,"[{""score"": ""0 - 1"", ""pct"": 13.62}, {""score"": ""1 - 1"", ""pct"": 11.84}, {""score"": ""0 - 0"", ""pct"": 9.87}]"
Netherlands,South Africa,Neutral,2.29,0.67,74.9,17.4,7.7,73.4,7.0,6.9,8.6,1.7,2.3,87.4,12.6,"[{""score"": ""2 - 0"", ""pct"": 13.48}, {""score"": ""1 - 0"", ""pct"": 12.44}, {""score"": ""3 - 0"", ""pct"": 10.13}]"
Netherlands,Paraguay,Neutral,1.644,0.851,57.2,24.8,18.0,55.7,7.6,9.3,18.9,3.4,5.1,72.6,27.4,"[{""score"": ""1 - 0"", ""pct"": 13.930000000000001}, {""score"": ""1 - 1"", ""pct"": 11.129999999999999}, {""score"": ""2 - 0"", ""pct"": 10.79}]"
Netherlands,Mexico,Neutral,1.626,0.932,53.9,25.9,20.2,53.4,7.1,9.5,20.8,4.0,5.2,70.0,30.0,"[{""score"": ""1 - 0"", ""pct"": 13.100000000000001}, {""score"": ""1 - 1"", ""pct"": 11.57}, {""score"": ""2 - 0"", ""pct"": 10.33}]"
Netherlands,Turkey,Neutral,2.037,1.156,56.5,23.1,20.4,58.1,7.0,7.3,20.5,3.6,3.5,72.3,27.6,"[{""score"": ""1 - 1"", ""pct"": 10.73}, {""score"": ""2 - 1"", ""pct"": 9.73}, {""score"": ""1 - 0"", ""pct"": 8.74}]"
Netherlands,England,Neutral,1.062,1.452,27.2,27.2,45.6,26.0,5.1,7.0,45.6,7.0,9.4,38.0,62.0,"[{""score"": ""0 - 1"", ""pct"": 12.0}, {""score"": ""1 - 1"", ""pct"": 11.99}, {""score"": ""0 - 0"", ""pct"": 8.99}]"
Netherlands,Qatar,Neutral,3.238,0.7,86.2,9.2,4.5,86.9,4.5,3.1,4.1,0.8,0.6,94.5,5.5,"[{""score"": ""3 - 0"", ""pct"": 11.1}, {""score"": ""2 - 0"", ""pct"": 10.85}, {""score"": ""4 - 0"", ""pct"": 8.870000000000001}]"
Netherlands,Colombia,Neutral,1.267,1.321,35.0,28.9,36.1,34.6,5.8,7.7,38.0,5.8,8.1,48.1,51.9,"[{""score"": ""1 - 1"", ""pct"": 13.3}, {""score"": ""0 - 1"", ""pct"": 9.71}, {""score"": ""1 - 0"", ""pct"": 9.65}]"
Netherlands,Czech Republic,Neutral,2.018,0.984,62.0,21.6,16.4,61.2,7.6,7.5,16.9,3.2,3.7,76.2,23.8,"[{""score"": ""1 - 0"", ""pct"": 10.92}, {""score"": ""2 - 0"", ""pct"": 10.01}, {""score"": ""2 - 1"", ""pct"": 9.89}]"
Netherlands,Croatia,Neutral,1.515,1.224,43.9,26.3,29.8,44.0,6.9,8.0,28.9,5.6,6.7,58.9,41.1,"[{""score"": ""1 - 1"", ""pct"": 11.940000000000001}, {""score"": ""1 - 0"", ""pct"": 9.84}, {""score"": ""2 - 1"", ""pct"": 9.68}]"
Netherlands,South Korea,Neutral,1.898,0.892,60.3,23.4,16.3,61.3,7.6,8.1,16.0,3.1,4.0,76.9,23.1,"[{""score"": ""1 - 0"", ""pct"": 11.82}, {""score"": ""2 - 0"", ""pct"": 10.89}, {""score"": ""1 - 1"", ""pct"": 10.71}]"
Netherlands,Australia,Neutral,1.737,0.92,56.4,24.3,19.4,56.9,7.4,8.8,19.0,3.4,4.5,73.1,26.9,"[{""score"": ""1 - 0"", ""pct"": 12.58}, {""score"": ""1 - 1"", ""pct"": 10.530000000000001}, {""score"": ""2 - 0"", ""pct"": 10.43}]"
Netherlands,Morocco,Neutral,1.177,0.998,39.1,30.9,29.9,39.1,6.4,10.3,30.4,5.6,8.3,55.8,44.2,"[{""score"": ""1 - 1"", ""pct"": 13.99}, {""score"": ""1 - 0"", ""pct"": 13.3}, {""score"": ""0 - 0"", ""pct"": 12.15}]"
Netherlands,Scotland,Neutral,1.969,0.964,61.8,21.6,16.6,61.0,7.5,7.6,16.9,3.1,4.0,76.0,23.9,"[{""score"": ""1 - 0"", ""pct"": 10.75}, {""score"": ""2 - 0"", ""pct"": 10.39}, {""score"": ""2 - 1"", ""pct"": 9.91}]"
Netherlands,Tunisia,Neutral,1.757,0.767,60.6,24.2,15.2,61.4,7.7,9.4,14.8,2.8,3.9,78.4,21.6,"[{""score"": ""1 - 0"", ""pct"": 14.34}, {""score"": ""2 - 0"", ""pct"": 11.540000000000001}, {""score"": ""1 - 1"", ""pct"": 11.27}]"
Netherlands,Jordan,Neutral,2.576,0.717,77.9,14.2,7.9,77.8,6.6,5.2,7.6,1.4,1.4,89.6,10.4,"[{""score"": ""2 - 0"", ""pct"": 12.75}, {""score"": ""1 - 0"", ""pct"": 9.99}, {""score"": ""3 - 0"", ""pct"": 9.58}]"
Netherlands,Saudi Arabia,Neutral,2.317,0.62,76.6,16.3,7.1,76.2,6.6,6.7,7.4,1.2,1.9,89.5,10.5,"[{""score"": ""2 - 0"", ""pct"": 14.46}, {""score"": ""1 - 0"", ""pct"": 13.44}, {""score"": ""3 - 0"", ""pct"": 11.12}]"
Netherlands,Austria,Neutral,1.786,1.092,54.5,23.7,21.8,52.9,7.9,7.8,22.6,4.2,4.7,68.5,31.4,"[{""score"": ""1 - 1"", ""pct"": 10.43}, {""score"": ""1 - 0"", ""pct"": 10.38}, {""score"": ""2 - 1"", ""pct"": 10.2}]"
Netherlands,Haiti,Neutral,3.588,0.625,90.6,6.6,2.9,90.5,4.2,1.9,2.4,0.5,0.5,96.6,3.4,"[{""score"": ""3 - 0"", ""pct"": 11.55}, {""score"": ""4 - 0"", ""pct"": 10.56}, {""score"": ""2 - 0"", ""pct"": 9.49}]"
Netherlands,Japan,Neutral,1.659,1.111,50.0,25.2,24.9,50.4,6.9,7.9,25.0,4.2,5.5,65.2,34.8,"[{""score"": ""1 - 1"", ""pct"": 11.3}, {""score"": ""1 - 0"", ""pct"": 11.12}, {""score"": ""2 - 1"", ""pct"": 9.85}]"
Netherlands,Panama,Neutral,2.691,0.708,79.4,13.9,6.7,80.0,6.0,5.0,6.3,1.2,1.4,91.0,9.0,"[{""score"": ""2 - 0"", ""pct"": 12.29}, {""score"": ""3 - 0"", ""pct"": 10.32}, {""score"": ""1 - 0"", ""pct"": 9.51}]"
Netherlands,Brazil,Neutral,1.091,1.644,24.5,25.4,50.1,24.1,4.6,5.4,50.0,7.3,8.6,34.1,65.9,"[{""score"": ""1 - 1"", ""pct"": 11.32}, {""score"": ""0 - 1"", ""pct"": 10.780000000000001}, {""score"": ""1 - 2"", ""pct"": 9.78}]"
South Korea,United States,Neutral,1.225,1.168,36.7,28.4,34.9,36.7,6.0,8.2,35.0,6.1,8.0,50.9,49.1,"[{""score"": ""1 - 1"", ""pct"": 12.65}, {""score"": ""1 - 0"", ""pct"": 11.08}, {""score"": ""0 - 1"", ""pct"": 10.71}]"
South Korea,Sweden,Neutral,1.154,1.421,29.9,27.6,42.5,30.4,5.0,6.7,42.7,6.8,8.4,42.1,57.9,"[{""score"": ""1 - 1"", ""pct"": 12.690000000000001}, {""score"": ""0 - 1"", ""pct"": 11.200000000000001}, {""score"": ""1 - 0"", ""pct"": 9.1}]"
South Korea,Canada,Neutral,1.165,1.06,38.1,30.9,31.0,37.0,6.4,9.4,32.4,5.7,9.0,52.9,47.1,"[{""score"": ""1 - 1"", ""pct"": 13.69}, {""score"": ""1 - 0"", ""pct"": 12.959999999999999}, {""score"": ""0 - 0"", ""pct"": 12.16}]"
South Korea,France,Neutral,0.709,1.859,13.0,22.3,64.8,12.5,2.4,3.3,65.9,7.1,8.7,18.3,81.7,"[{""score"": ""0 - 1"", ""pct"": 14.27}, {""score"": ""0 - 2"", ""pct"": 12.629999999999999}, {""score"": ""1 - 2"", ""pct"": 9.879999999999999}]"
South Korea,Egypt,Neutral,1.035,0.977,35.2,32.9,31.9,35.5,6.2,10.4,31.7,6.0,10.1,52.1,47.9,"[{""score"": ""0 - 0"", ""pct"": 15.32}, {""score"": ""1 - 0"", ""pct"": 13.889999999999999}, {""score"": ""1 - 1"", ""pct"": 13.200000000000001}]"
South Korea,Norway,Neutral,1.071,1.552,24.6,26.9,48.5,26.0,4.2,6.2,47.7,6.9,9.1,36.4,63.6,"[{""score"": ""1 - 1"", ""pct"": 12.479999999999999}, {""score"": ""0 - 1"", ""pct"": 11.21}, {""score"": ""1 - 2"", ""pct"": 9.959999999999999}]"
South Korea,Spain,Neutral,0.656,2.246,9.0,17.5,73.5,8.4,1.7,2.0,74.2,6.8,6.9,12.1,87.9,"[{""score"": ""0 - 2"", ""pct"": 13.5}, {""score"": ""0 - 1"", ""pct"": 12.5}, {""score"": ""0 - 3"", ""pct"": 10.57}]"
South Korea,Ivory Coast,Neutral,1.041,1.064,33.9,30.6,35.4,34.2,6.1,9.6,33.8,6.0,10.2,50.0,50.0,"[{""score"": ""0 - 0"", ""pct"": 13.459999999999999}, {""score"": ""0 - 1"", ""pct"": 13.26}, {""score"": ""1 - 1"", ""pct"": 12.64}]"
South Korea,New Zealand,Neutral,1.492,0.608,58.5,27.5,14.0,58.7,7.8,11.9,14.1,2.8,4.7,78.4,21.6,"[{""score"": ""1 - 0"", ""pct"": 18.35}, {""score"": ""0 - 0"", ""pct"": 13.15}, {""score"": ""2 - 0"", ""pct"": 12.86}]"
South Korea,Algeria,Neutral,1.187,1.313,32.3,28.6,39.1,32.2,5.8,8.1,39.4,6.1,8.4,46.1,53.9,"[{""score"": ""1 - 1"", ""pct"": 13.03}, {""score"": ""0 - 1"", ""pct"": 10.95}, {""score"": ""1 - 0"", ""pct"": 9.53}]"
South Korea,Uzbekistan,Neutral,1.15,0.887,41.3,31.9,26.8,41.1,6.4,11.1,27.7,5.1,8.6,58.6,41.4,"[{""score"": ""1 - 0"", ""pct"": 14.879999999999999}, {""score"": ""0 - 0"", ""pct"": 14.66}, {""score"": ""1 - 1"", ""pct"": 13.4}]"
South Korea,Curaçao,Neutral,2.307,0.585,76.8,16.4,6.9,76.3,6.9,6.3,7.3,1.3,1.9,89.4,10.6,"[{""score"": ""2 - 0"", ""pct"": 14.26}, {""score"": ""1 - 0"", ""pct"": 13.08}, {""score"": ""3 - 0"", ""pct"": 11.42}]"
South Korea,DR Congo,Neutral,1.182,0.838,43.6,31.7,24.7,42.7,7.3,11.5,25.3,4.6,8.6,61.5,38.5,"[{""score"": ""1 - 0"", ""pct"": 15.809999999999999}, {""score"": ""0 - 0"", ""pct"": 14.649999999999999}, {""score"": ""1 - 1"", ""pct"": 13.389999999999999}]"
South Korea,Iraq,Neutral,1.366,0.741,51.2,29.6,19.2,51.5,7.4,11.7,18.9,4.2,6.4,70.6,29.4,"[{""score"": ""1 - 0"", ""pct"": 16.74}, {""score"": ""0 - 0"", ""pct"": 13.639999999999999}, {""score"": ""1 - 1"", ""pct"": 12.139999999999999}]"
South Korea,Ghana,Neutral,1.351,0.9,46.7,29.0,24.3,46.5,7.1,10.9,24.6,4.7,6.2,64.5,35.5,"[{""score"": ""1 - 0"", ""pct"": 14.41}, {""score"": ""1 - 1"", ""pct"": 13.059999999999999}, {""score"": ""0 - 0"", ""pct"": 11.37}]"
South Korea,Ecuador,Neutral,0.768,1.227,22.6,31.2,46.2,22.9,4.4,7.4,46.3,7.3,11.7,34.7,65.3,"[{""score"": ""0 - 1"", ""pct"": 16.669999999999998}, {""score"": ""0 - 0"", ""pct"": 14.649999999999999}, {""score"": ""1 - 1"", ""pct"": 12.68}]"
South Korea,Cape Verde,Neutral,1.473,0.735,55.0,27.9,17.2,55.1,7.6,10.8,17.4,3.5,5.6,73.5,26.5,"[{""score"": ""1 - 0"", ""pct"": 16.68}, {""score"": ""0 - 0"", ""pct"": 11.99}, {""score"": ""1 - 1"", ""pct"": 11.899999999999999}]"
South Korea,Iran,Neutral,0.998,1.154,30.4,30.9,38.7,31.2,5.4,8.6,38.4,6.3,10.2,45.1,54.9,"[{""score"": ""0 - 1"", ""pct"": 13.66}, {""score"": ""1 - 1"", ""pct"": 13.56}, {""score"": ""0 - 0"", ""pct"": 12.61}]"
South Korea,Switzerland,Neutral,0.961,1.556,22.9,27.1,50.0,22.3,4.2,5.9,50.6,7.2,9.9,32.4,67.6,"[{""score"": ""0 - 1"", ""pct"": 13.05}, {""score"": ""1 - 1"", ""pct"": 12.85}, {""score"": ""0 - 2"", ""pct"": 9.06}]"
South Korea,Bosnia and Herzegovina,Neutral,1.483,0.969,49.1,27.6,23.3,48.9,7.7,9.7,23.4,4.2,6.1,66.3,33.7,"[{""score"": ""1 - 0"", ""pct"": 13.320000000000002}, {""score"": ""1 - 1"", ""pct"": 12.33}, {""score"": ""0 - 0"", ""pct"": 9.719999999999999}]"
South Korea,Uruguay,Neutral,0.75,1.431,18.7,27.7,53.6,18.7,3.5,5.9,53.6,7.3,11.0,28.0,72.0,"[{""score"": ""0 - 1"", ""pct"": 15.920000000000002}, {""score"": ""1 - 1"", ""pct"": 11.959999999999999}, {""score"": ""0 - 0"", ""pct"": 11.86}]"
South Korea,Belgium,Neutral,0.873,1.839,17.1,23.4,59.5,16.5,2.9,4.2,60.3,7.5,8.7,23.5,76.5,"[{""score"": ""0 - 1"", ""pct"": 13.23}, {""score"": ""0 - 2"", ""pct"": 10.52}, {""score"": ""1 - 1"", ""pct"": 10.290000000000001}]"
South Korea,Germany,Neutral,0.948,2.089,15.0,21.1,63.8,14.9,2.9,3.2,64.0,7.5,7.4,21.1,79.0,"[{""score"": ""0 - 1"", ""pct"": 11.04}, {""score"": ""0 - 2"", ""pct"": 10.48}, {""score"": ""1 - 1"", ""pct"": 9.67}]"
South Korea,Senegal,Neutral,0.913,1.172,27.5,30.9,41.5,27.3,5.0,8.6,40.5,7.0,11.6,40.8,59.1,"[{""score"": ""0 - 1"", ""pct"": 15.049999999999999}, {""score"": ""0 - 0"", ""pct"": 13.320000000000002}, {""score"": ""1 - 1"", ""pct"": 13.239999999999998}]"
South Korea,Portugal,Neutral,0.75,1.953,12.1,22.0,65.8,12.8,2.4,3.2,66.3,7.2,8.2,18.4,81.6,"[{""score"": ""0 - 1"", ""pct"": 13.600000000000001}, {""score"": ""0 - 2"", ""pct"": 12.870000000000001}, {""score"": ""1 - 1"", ""pct"": 9.83}]"
South Korea,Argentina,Neutral,0.548,1.868,8.5,21.6,69.8,9.0,1.6,2.7,69.7,7.7,9.2,13.3,86.7,"[{""score"": ""0 - 1"", ""pct"": 16.68}, {""score"": ""0 - 2"", ""pct"": 15.55}, {""score"": ""0 - 0"", ""pct"": 9.629999999999999}]"
South Korea,South Africa,Neutral,1.341,0.835,49.1,29.0,21.9,47.6,8.0,11.0,21.9,4.3,7.2,66.6,33.4,"[{""score"": ""1 - 0"", ""pct"": 15.52}, {""score"": ""1 - 1"", ""pct"": 12.61}, {""score"": ""0 - 0"", ""pct"": 12.2}]"
South Korea,Paraguay,Neutral,0.963,1.061,31.3,32.6,36.1,31.6,5.7,9.1,36.1,6.9,10.6,46.4,53.6,"[{""score"": ""0 - 0"", ""pct"": 14.44}, {""score"": ""0 - 1"", ""pct"": 14.099999999999998}, {""score"": ""1 - 1"", ""pct"": 13.87}]"
South Korea,Mexico,Neutral,0.952,1.161,29.0,31.7,39.3,28.6,5.2,8.7,40.5,7.0,9.9,42.6,57.4,"[{""score"": ""0 - 1"", ""pct"": 13.99}, {""score"": ""1 - 1"", ""pct"": 13.58}, {""score"": ""0 - 0"", ""pct"": 13.569999999999999}]"
South Korea,Turkey,Neutral,1.193,1.442,29.6,27.8,42.6,29.9,5.6,7.1,42.3,6.7,8.5,42.6,57.4,"[{""score"": ""1 - 1"", ""pct"": 12.29}, {""score"": ""0 - 1"", ""pct"": 10.82}, {""score"": ""1 - 2"", ""pct"": 9.26}]"
South Korea,England,Neutral,0.622,1.81,11.5,22.7,65.8,11.0,2.3,3.1,66.9,7.8,9.1,16.3,83.7,"[{""score"": ""0 - 1"", ""pct"": 16.05}, {""score"": ""0 - 2"", ""pct"": 14.39}, {""score"": ""0 - 0"", ""pct"": 9.68}]"
South Korea,Qatar,Neutral,1.896,0.873,61.5,22.8,15.7,61.4,8.1,8.4,15.0,3.0,4.2,77.9,22.1,"[{""score"": ""1 - 0"", ""pct"": 12.5}, {""score"": ""2 - 0"", ""pct"": 11.23}, {""score"": ""1 - 1"", ""pct"": 10.12}]"
South Korea,Colombia,Neutral,0.742,1.647,15.3,25.5,59.3,15.6,3.1,4.8,59.3,7.2,10.0,23.4,76.6,"[{""score"": ""0 - 1"", ""pct"": 15.620000000000001}, {""score"": ""0 - 2"", ""pct"": 11.379999999999999}, {""score"": ""1 - 1"", ""pct"": 10.85}]"
South Korea,Czech Republic,Neutral,1.182,1.227,34.8,29.7,35.5,33.9,5.7,8.1,38.1,5.9,8.1,47.8,52.2,"[{""score"": ""1 - 1"", ""pct"": 14.05}, {""score"": ""0 - 1"", ""pct"": 11.28}, {""score"": ""1 - 0"", ""pct"": 10.69}]"
South Korea,Croatia,Neutral,0.887,1.527,21.4,26.6,52.0,20.8,3.9,6.0,52.2,7.4,9.6,30.7,69.3,"[{""score"": ""0 - 1"", ""pct"": 13.930000000000001}, {""score"": ""1 - 1"", ""pct"": 11.700000000000001}, {""score"": ""0 - 2"", ""pct"": 10.35}]"
South Korea,Netherlands,Neutral,0.892,1.898,15.7,22.4,61.9,15.9,3.2,3.7,61.5,7.5,8.1,22.8,77.2,"[{""score"": ""0 - 1"", ""pct"": 11.85}, {""score"": ""0 - 2"", ""pct"": 11.03}, {""score"": ""1 - 1"", ""pct"": 10.51}]"
South Korea,Australia,Neutral,1.017,1.147,31.4,31.4,37.3,31.9,5.8,8.8,37.2,6.4,10.0,46.4,53.6,"[{""score"": ""1 - 1"", ""pct"": 13.669999999999998}, {""score"": ""0 - 0"", ""pct"": 13.16}, {""score"": ""0 - 1"", ""pct"": 12.920000000000002}]"
South Korea,Morocco,Neutral,0.689,1.244,19.5,30.7,49.9,19.7,4.0,6.7,48.7,7.9,13.1,30.4,69.6,"[{""score"": ""0 - 1"", ""pct"": 17.88}, {""score"": ""0 - 0"", ""pct"": 15.479999999999999}, {""score"": ""1 - 1"", ""pct"": 12.0}]"
South Korea,Scotland,Neutral,1.153,1.202,34.5,29.9,35.6,33.7,5.7,8.6,37.0,6.3,8.7,48.0,52.0,"[{""score"": ""1 - 1"", ""pct"": 13.4}, {""score"": ""1 - 0"", ""pct"": 11.52}, {""score"": ""0 - 1"", ""pct"": 11.03}]"
South Korea,Tunisia,Neutral,1.029,0.956,35.6,33.2,31.2,35.9,6.1,10.7,31.9,5.9,9.5,52.7,47.3,"[{""score"": ""0 - 0"", ""pct"": 14.760000000000002}, {""score"": ""1 - 0"", ""pct"": 14.469999999999999}, {""score"": ""1 - 1"", ""pct"": 14.11}]"
South Korea,Jordan,Neutral,1.509,0.894,52.0,27.0,21.0,51.4,7.6,9.5,21.3,4.2,6.0,68.5,31.5,"[{""score"": ""1 - 0"", ""pct"": 14.549999999999999}, {""score"": ""1 - 1"", ""pct"": 12.04}, {""score"": ""2 - 0"", ""pct"": 10.24}]"
South Korea,Saudi Arabia,Neutral,1.357,0.774,50.6,28.9,20.5,49.9,7.7,11.8,19.9,4.0,6.7,69.4,30.6,"[{""score"": ""1 - 0"", ""pct"": 16.6}, {""score"": ""0 - 0"", ""pct"": 12.959999999999999}, {""score"": ""1 - 1"", ""pct"": 12.17}]"
South Korea,Austria,Neutral,1.046,1.362,27.7,28.6,43.8,28.3,4.9,7.6,43.6,6.6,9.0,40.8,59.2,"[{""score"": ""1 - 1"", ""pct"": 13.420000000000002}, {""score"": ""0 - 1"", ""pct"": 12.690000000000001}, {""score"": ""0 - 0"", ""pct"": 9.53}]"
South Korea,Haiti,Neutral,2.101,0.779,67.1,20.4,12.5,68.0,7.3,7.7,11.6,2.3,2.9,83.1,16.9,"[{""score"": ""2 - 0"", ""pct"": 12.21}, {""score"": ""1 - 0"", ""pct"": 12.09}, {""score"": ""1 - 1"", ""pct"": 9.27}]"
South Korea,Japan,Neutral,0.971,1.385,25.3,28.7,46.1,25.8,5.0,6.9,45.7,7.1,9.5,37.7,62.3,"[{""score"": ""0 - 1"", ""pct"": 12.790000000000001}, {""score"": ""1 - 1"", ""pct"": 12.57}, {""score"": ""0 - 0"", ""pct"": 10.74}]"
South Korea,Panama,Neutral,1.576,0.883,53.0,26.6,20.4,53.1,7.8,9.7,20.0,4.0,5.4,70.7,29.3,"[{""score"": ""1 - 0"", ""pct"": 13.450000000000001}, {""score"": ""1 - 1"", ""pct"": 12.11}, {""score"": ""2 - 0"", ""pct"": 10.440000000000001}]"
South Korea,Brazil,Neutral,0.639,2.05,9.8,19.5,70.7,9.6,1.7,2.2,70.5,7.9,8.1,13.5,86.5,"[{""score"": ""0 - 2"", ""pct"": 14.67}, {""score"": ""0 - 1"", ""pct"": 13.950000000000001}, {""score"": ""1 - 2"", ""pct"": 9.53}]"
Australia,United States,Neutral,1.264,1.069,40.6,29.0,30.4,39.8,6.6,9.5,30.7,5.2,8.2,55.9,44.1,"[{""score"": ""1 - 1"", ""pct"": 12.72}, {""score"": ""1 - 0"", ""pct"": 12.120000000000001}, {""score"": ""0 - 0"", ""pct"": 10.85}]"
Australia,Sweden,Neutral,1.191,1.3,32.9,28.5,38.6,32.7,5.8,7.8,39.0,6.2,8.5,46.3,53.7,"[{""score"": ""1 - 1"", ""pct"": 12.75}, {""score"": ""0 - 1"", ""pct"": 10.66}, {""score"": ""1 - 0"", ""pct"": 10.209999999999999}]"
Australia,Canada,Neutral,1.202,0.97,40.2,30.7,29.1,40.8,6.6,9.9,28.9,5.1,8.6,57.4,42.6,"[{""score"": ""1 - 0"", ""pct"": 13.780000000000001}, {""score"": ""1 - 1"", ""pct"": 13.420000000000002}, {""score"": ""0 - 0"", ""pct"": 12.43}]"
Australia,France,Neutral,0.731,1.701,14.8,24.6,60.6,14.9,3.0,4.2,60.2,7.5,10.2,22.1,77.9,"[{""score"": ""0 - 1"", ""pct"": 15.32}, {""score"": ""0 - 2"", ""pct"": 11.85}, {""score"": ""1 - 1"", ""pct"": 10.45}]"
Australia,Egypt,Neutral,1.068,0.894,38.8,32.4,28.8,38.6,6.8,11.1,29.4,5.4,8.8,56.4,43.6,"[{""score"": ""1 - 0"", ""pct"": 15.17}, {""score"": ""0 - 0"", ""pct"": 14.729999999999999}, {""score"": ""1 - 1"", ""pct"": 13.77}]"
Australia,Norway,Neutral,1.105,1.42,28.2,28.3,43.5,28.3,4.5,7.2,44.1,6.8,9.1,40.0,60.0,"[{""score"": ""1 - 1"", ""pct"": 12.65}, {""score"": ""0 - 1"", ""pct"": 11.06}, {""score"": ""0 - 0"", ""pct"": 9.11}]"
Australia,Spain,Neutral,0.677,2.055,10.0,20.3,69.6,10.3,2.1,2.7,70.1,7.4,7.4,15.1,84.9,"[{""score"": ""0 - 2"", ""pct"": 13.26}, {""score"": ""0 - 1"", ""pct"": 13.200000000000001}, {""score"": ""1 - 2"", ""pct"": 9.6}]"
Australia,Ivory Coast,Neutral,1.074,0.973,36.9,31.3,31.8,36.9,6.2,10.6,31.3,5.6,9.4,53.7,46.3,"[{""score"": ""1 - 0"", ""pct"": 13.65}, {""score"": ""0 - 0"", ""pct"": 13.600000000000001}, {""score"": ""1 - 1"", ""pct"": 13.48}]"
Australia,New Zealand,Neutral,1.539,0.556,61.3,27.0,11.7,63.0,6.9,11.7,11.9,2.3,4.2,81.6,18.4,"[{""score"": ""1 - 0"", ""pct"": 19.82}, {""score"": ""2 - 0"", ""pct"": 13.99}, {""score"": ""0 - 0"", ""pct"": 13.81}]"
Australia,Algeria,Neutral,1.225,1.202,36.5,28.6,34.8,36.5,6.3,8.3,34.4,5.6,8.9,51.1,48.9,"[{""score"": ""1 - 1"", ""pct"": 12.73}, {""score"": ""1 - 0"", ""pct"": 11.1}, {""score"": ""0 - 1"", ""pct"": 10.07}]"
Australia,Uzbekistan,Neutral,1.187,0.812,43.5,31.4,25.1,44.4,7.1,11.8,23.9,4.6,8.2,63.4,36.6,"[{""score"": ""1 - 0"", ""pct"": 15.78}, {""score"": ""0 - 0"", ""pct"": 14.399999999999999}, {""score"": ""1 - 1"", ""pct"": 13.239999999999998}]"
Australia,Curaçao,Neutral,2.38,0.535,79.5,14.7,5.8,78.6,6.5,6.2,6.1,1.0,1.6,91.3,8.7,"[{""score"": ""2 - 0"", ""pct"": 15.58}, {""score"": ""1 - 0"", ""pct"": 13.61}, {""score"": ""3 - 0"", ""pct"": 11.68}]"
Australia,DR Congo,Neutral,1.219,0.767,45.9,31.9,22.2,46.2,7.4,12.7,22.0,4.1,7.6,66.3,33.7,"[{""score"": ""1 - 0"", ""pct"": 16.66}, {""score"": ""0 - 0"", ""pct"": 14.680000000000001}, {""score"": ""1 - 1"", ""pct"": 13.41}]"
Australia,Iraq,Neutral,1.409,0.678,53.4,29.5,17.1,54.2,7.8,12.1,16.9,3.7,5.4,74.0,26.0,"[{""score"": ""1 - 0"", ""pct"": 16.85}, {""score"": ""0 - 0"", ""pct"": 13.900000000000002}, {""score"": ""1 - 1"", ""pct"": 12.27}]"
Australia,Ghana,Neutral,1.394,0.824,49.7,28.5,21.8,50.1,7.3,11.1,21.6,3.9,6.0,68.5,31.5,"[{""score"": ""1 - 0"", ""pct"": 15.7}, {""score"": ""1 - 1"", ""pct"": 12.78}, {""score"": ""0 - 0"", ""pct"": 11.35}]"
Australia,Ecuador,Neutral,0.792,1.123,24.1,33.1,42.8,24.6,5.0,8.7,42.6,6.8,12.3,38.3,61.7,"[{""score"": ""0 - 1"", ""pct"": 16.68}, {""score"": ""0 - 0"", ""pct"": 15.9}, {""score"": ""1 - 1"", ""pct"": 13.639999999999999}]"
Australia,Cape Verde,Neutral,1.519,0.673,57.9,26.9,15.2,58.2,8.0,11.1,14.8,3.1,4.8,77.3,22.7,"[{""score"": ""1 - 0"", ""pct"": 17.419999999999998}, {""score"": ""2 - 0"", ""pct"": 12.370000000000001}, {""score"": ""0 - 0"", ""pct"": 12.21}]"
Australia,Iran,Neutral,1.03,1.056,33.6,31.8,34.7,33.3,5.9,10.0,35.0,6.1,9.7,49.2,50.8,"[{""score"": ""0 - 0"", ""pct"": 13.73}, {""score"": ""1 - 1"", ""pct"": 13.489999999999998}, {""score"": ""0 - 1"", ""pct"": 12.709999999999999}]"
Australia,Switzerland,Neutral,0.992,1.423,25.4,27.9,46.8,25.1,4.4,6.6,46.5,7.4,10.0,36.1,63.9,"[{""score"": ""0 - 1"", ""pct"": 13.11}, {""score"": ""1 - 1"", ""pct"": 12.65}, {""score"": ""0 - 0"", ""pct"": 9.85}]"
Australia,Bosnia and Herzegovina,Neutral,1.529,0.887,52.5,27.0,20.5,52.4,7.7,9.6,20.6,4.2,5.5,69.7,30.4,"[{""score"": ""1 - 0"", ""pct"": 14.510000000000002}, {""score"": ""1 - 1"", ""pct"": 12.04}, {""score"": ""2 - 0"", ""pct"": 9.81}]"
Australia,Uruguay,Neutral,0.773,1.309,21.2,29.8,48.9,20.9,3.8,6.9,49.0,7.9,11.5,31.6,68.4,"[{""score"": ""0 - 1"", ""pct"": 16.580000000000002}, {""score"": ""0 - 0"", ""pct"": 13.62}, {""score"": ""1 - 1"", ""pct"": 12.29}]"
Australia,Belgium,Neutral,0.9,1.682,18.6,25.1,56.3,18.9,3.8,5.2,55.7,7.4,9.0,27.9,72.1,"[{""score"": ""0 - 1"", ""pct"": 13.04}, {""score"": ""1 - 1"", ""pct"": 10.979999999999999}, {""score"": ""0 - 2"", ""pct"": 10.36}]"
Australia,Germany,Neutral,0.978,1.912,17.2,23.5,59.4,17.6,3.2,4.1,59.9,7.6,7.6,24.9,75.1,"[{""score"": ""0 - 1"", ""pct"": 10.86}, {""score"": ""1 - 1"", ""pct"": 10.71}, {""score"": ""0 - 2"", ""pct"": 10.12}]"
Australia,Senegal,Neutral,0.941,1.072,30.6,31.8,37.5,30.6,5.7,9.0,37.5,6.4,10.7,45.4,54.6,"[{""score"": ""0 - 0"", ""pct"": 14.84}, {""score"": ""0 - 1"", ""pct"": 13.99}, {""score"": ""1 - 1"", ""pct"": 12.98}]"
Australia,Portugal,Neutral,0.774,1.787,14.8,23.4,61.9,15.0,2.8,3.9,61.9,7.5,8.8,21.7,78.3,"[{""score"": ""0 - 1"", ""pct"": 14.01}, {""score"": ""0 - 2"", ""pct"": 12.13}, {""score"": ""1 - 1"", ""pct"": 10.85}]"
Australia,Argentina,Neutral,0.565,1.709,10.9,23.3,65.8,10.6,1.9,3.4,66.3,7.9,9.9,15.9,84.1,"[{""score"": ""0 - 1"", ""pct"": 18.19}, {""score"": ""0 - 2"", ""pct"": 14.52}, {""score"": ""0 - 0"", ""pct"": 10.879999999999999}]"
Australia,South Africa,Neutral,1.383,0.764,51.5,29.2,19.3,51.3,7.3,11.4,19.8,3.8,6.4,70.0,30.0,"[{""score"": ""1 - 0"", ""pct"": 16.509999999999998}, {""score"": ""1 - 1"", ""pct"": 13.120000000000001}, {""score"": ""0 - 0"", ""pct"": 12.27}]"
Australia,Paraguay,Neutral,0.993,0.971,34.2,32.3,33.4,34.5,6.0,10.1,33.5,5.8,10.2,50.5,49.5,"[{""score"": ""0 - 0"", ""pct"": 15.09}, {""score"": ""1 - 0"", ""pct"": 13.99}, {""score"": ""0 - 1"", ""pct"": 13.88}]"
Australia,Mexico,Neutral,0.982,1.063,32.6,31.1,36.3,31.9,5.6,9.8,35.9,6.2,10.5,47.3,52.7,"[{""score"": ""0 - 1"", ""pct"": 13.88}, {""score"": ""1 - 1"", ""pct"": 13.59}, {""score"": ""0 - 0"", ""pct"": 13.36}]"
Australia,Turkey,Neutral,1.23,1.319,34.1,28.2,37.8,34.6,6.3,7.4,37.5,6.1,8.1,48.3,51.7,"[{""score"": ""1 - 1"", ""pct"": 12.520000000000001}, {""score"": ""0 - 1"", ""pct"": 10.82}, {""score"": ""1 - 0"", ""pct"": 9.8}]"
Australia,England,Neutral,0.641,1.656,12.9,24.5,62.5,12.4,2.5,4.2,62.9,7.6,10.4,19.1,80.9,"[{""score"": ""0 - 1"", ""pct"": 17.28}, {""score"": ""0 - 2"", ""pct"": 14.02}, {""score"": ""0 - 0"", ""pct"": 10.8}]"
Australia,Qatar,Neutral,1.956,0.799,65.3,21.0,13.7,65.0,7.4,8.1,14.0,2.5,3.1,80.4,19.6,"[{""score"": ""1 - 0"", ""pct"": 13.76}, {""score"": ""2 - 0"", ""pct"": 11.97}, {""score"": ""2 - 1"", ""pct"": 10.08}]"
Australia,Colombia,Neutral,0.765,1.506,18.0,28.2,53.8,17.5,3.4,5.5,55.0,7.7,10.8,26.5,73.5,"[{""score"": ""0 - 1"", ""pct"": 15.83}, {""score"": ""1 - 1"", ""pct"": 11.81}, {""score"": ""0 - 0"", ""pct"": 11.55}]"
Australia,Czech Republic,Neutral,1.219,1.122,37.1,29.1,33.8,37.1,6.3,9.1,33.4,5.8,8.3,52.5,47.5,"[{""score"": ""1 - 1"", ""pct"": 12.629999999999999}, {""score"": ""0 - 1"", ""pct"": 11.39}, {""score"": ""1 - 0"", ""pct"": 11.31}]"
Australia,Croatia,Neutral,0.915,1.397,23.3,28.5,48.2,22.7,4.6,6.5,48.6,7.2,10.4,33.8,66.2,"[{""score"": ""0 - 1"", ""pct"": 13.91}, {""score"": ""1 - 1"", ""pct"": 12.629999999999999}, {""score"": ""0 - 0"", ""pct"": 10.7}]"
Australia,Netherlands,Neutral,0.92,1.737,18.8,24.6,56.6,18.1,3.5,4.8,57.1,7.5,8.9,26.4,73.6,"[{""score"": ""0 - 1"", ""pct"": 12.83}, {""score"": ""1 - 1"", ""pct"": 11.06}, {""score"": ""0 - 2"", ""pct"": 10.79}]"
Australia,South Korea,Neutral,1.147,1.017,37.8,30.8,31.5,37.3,6.6,10.5,31.2,5.7,8.7,54.4,45.6,"[{""score"": ""1 - 1"", ""pct"": 13.63}, {""score"": ""1 - 0"", ""pct"": 12.93}, {""score"": ""0 - 0"", ""pct"": 12.46}]"
Australia,Morocco,Neutral,0.711,1.138,21.9,32.9,45.2,22.0,4.4,8.6,45.1,7.3,12.6,35.0,65.0,"[{""score"": ""0 - 1"", ""pct"": 17.73}, {""score"": ""0 - 0"", ""pct"": 16.41}, {""score"": ""1 - 1"", ""pct"": 13.07}]"
Australia,Scotland,Neutral,1.19,1.1,37.1,30.3,32.6,36.9,6.5,9.7,32.9,5.8,8.3,53.0,47.0,"[{""score"": ""1 - 1"", ""pct"": 13.320000000000002}, {""score"": ""1 - 0"", ""pct"": 12.42}, {""score"": ""0 - 0"", ""pct"": 11.559999999999999}]"
Australia,Tunisia,Neutral,1.061,0.875,38.5,32.5,29.0,38.4,6.2,11.9,29.0,5.4,9.0,56.5,43.5,"[{""score"": ""0 - 0"", ""pct"": 15.65}, {""score"": ""1 - 0"", ""pct"": 14.940000000000001}, {""score"": ""1 - 1"", ""pct"": 13.44}]"
Australia,Jordan,Neutral,1.556,0.818,55.3,25.9,18.8,55.3,7.1,9.7,18.3,3.6,5.9,72.2,27.8,"[{""score"": ""1 - 0"", ""pct"": 14.82}, {""score"": ""1 - 1"", ""pct"": 11.020000000000001}, {""score"": ""2 - 0"", ""pct"": 10.9}]"
Australia,Saudi Arabia,Neutral,1.399,0.708,53.3,28.7,18.0,52.4,7.8,11.2,18.7,3.7,6.2,71.4,28.6,"[{""score"": ""1 - 0"", ""pct"": 16.939999999999998}, {""score"": ""0 - 0"", ""pct"": 13.3}, {""score"": ""1 - 1"", ""pct"": 11.76}]"
Australia,Austria,Neutral,1.079,1.246,31.1,29.4,39.4,31.5,5.7,8.3,39.5,6.4,8.5,45.6,54.4,"[{""score"": ""1 - 1"", ""pct"": 13.43}, {""score"": ""0 - 1"", ""pct"": 11.72}, {""score"": ""1 - 0"", ""pct"": 10.47}]"
Australia,Haiti,Neutral,2.167,0.712,71.4,18.7,9.9,71.3,6.9,7.3,9.7,2.4,2.5,85.4,14.6,"[{""score"": ""2 - 0"", ""pct"": 13.43}, {""score"": ""1 - 0"", ""pct"": 13.15}, {""score"": ""3 - 0"", ""pct"": 9.29}]"
Australia,Japan,Neutral,1.002,1.267,28.2,29.3,42.5,28.0,5.4,7.4,42.9,6.7,9.6,40.7,59.3,"[{""score"": ""1 - 1"", ""pct"": 13.020000000000001}, {""score"": ""0 - 1"", ""pct"": 12.94}, {""score"": ""0 - 0"", ""pct"": 10.93}]"
Australia,Panama,Neutral,1.625,0.808,56.4,25.9,17.7,56.9,7.7,9.7,17.1,3.5,5.1,74.3,25.7,"[{""score"": ""1 - 0"", ""pct"": 14.510000000000002}, {""score"": ""1 - 1"", ""pct"": 11.86}, {""score"": ""2 - 0"", ""pct"": 11.72}]"
Australia,Brazil,Neutral,0.659,1.875,11.1,22.6,66.4,11.8,2.1,3.3,66.6,7.3,8.8,17.2,82.8,"[{""score"": ""0 - 1"", ""pct"": 14.899999999999999}, {""score"": ""0 - 2"", ""pct"": 13.370000000000001}, {""score"": ""1 - 1"", ""pct"": 10.2}]"
Morocco,United States,Neutral,1.371,0.725,52.6,28.4,18.9,51.9,8.0,12.0,18.2,3.5,6.4,71.8,28.2,"[{""score"": ""1 - 0"", ""pct"": 17.19}, {""score"": ""0 - 0"", ""pct"": 12.920000000000002}, {""score"": ""1 - 1"", ""pct"": 11.92}]"
Morocco,Sweden,Neutral,1.292,0.881,45.6,29.5,24.9,45.2,7.6,10.9,24.1,4.8,7.4,63.7,36.3,"[{""score"": ""1 - 0"", ""pct"": 15.190000000000001}, {""score"": ""1 - 1"", ""pct"": 12.770000000000001}, {""score"": ""0 - 0"", ""pct"": 12.25}]"
Morocco,Canada,Neutral,1.304,0.657,51.8,30.3,17.9,51.6,7.9,12.4,18.0,3.8,6.4,71.9,28.1,"[{""score"": ""1 - 0"", ""pct"": 18.63}, {""score"": ""0 - 0"", ""pct"": 15.18}, {""score"": ""1 - 1"", ""pct"": 12.01}]"
Morocco,France,Neutral,0.793,1.153,24.6,31.8,43.6,24.0,4.6,7.6,45.0,6.8,12.0,36.2,63.8,"[{""score"": ""0 - 1"", ""pct"": 15.76}, {""score"": ""0 - 0"", ""pct"": 14.879999999999999}, {""score"": ""1 - 1"", ""pct"": 13.41}]"
Morocco,Egypt,Neutral,1.159,0.606,49.2,32.9,18.0,48.5,7.7,13.6,18.6,3.8,7.8,69.8,30.1,"[{""score"": ""1 - 0"", ""pct"": 19.78}, {""score"": ""0 - 0"", ""pct"": 17.52}, {""score"": ""1 - 1"", ""pct"": 12.64}]"
Morocco,Norway,Neutral,1.199,0.962,41.5,30.6,28.0,40.7,7.0,10.1,28.7,5.5,8.1,57.8,42.2,"[{""score"": ""1 - 0"", ""pct"": 13.459999999999999}, {""score"": ""1 - 1"", ""pct"": 13.350000000000001}, {""score"": ""0 - 0"", ""pct"": 12.629999999999999}]"
Morocco,Spain,Neutral,0.734,1.393,19.1,29.1,51.7,18.5,3.8,6.0,52.2,8.2,11.2,28.3,71.7,"[{""score"": ""0 - 1"", ""pct"": 16.78}, {""score"": ""0 - 0"", ""pct"": 13.08}, {""score"": ""1 - 1"", ""pct"": 12.24}]"
Morocco,Ivory Coast,Neutral,1.166,0.66,47.3,32.6,20.1,46.9,7.5,13.7,20.1,4.0,7.8,68.0,32.0,"[{""score"": ""1 - 0"", ""pct"": 18.89}, {""score"": ""0 - 0"", ""pct"": 17.41}, {""score"": ""1 - 1"", ""pct"": 12.21}]"
Morocco,New Zealand,Neutral,1.67,0.377,70.9,22.6,6.5,70.2,7.4,11.6,6.9,1.5,2.5,89.2,10.8,"[{""score"": ""1 - 0"", ""pct"": 22.35}, {""score"": ""2 - 0"", ""pct"": 18.04}, {""score"": ""0 - 0"", ""pct"": 13.48}]"
Morocco,Algeria,Neutral,1.329,0.814,47.9,30.3,21.8,47.1,7.8,11.2,22.7,4.3,6.9,66.1,33.9,"[{""score"": ""1 - 0"", ""pct"": 15.78}, {""score"": ""0 - 0"", ""pct"": 13.18}, {""score"": ""1 - 1"", ""pct"": 13.01}]"
Morocco,Uzbekistan,Neutral,1.288,0.55,55.1,30.4,14.5,55.0,7.9,13.8,14.5,2.9,5.9,76.7,23.3,"[{""score"": ""1 - 0"", ""pct"": 21.21}, {""score"": ""0 - 0"", ""pct"": 16.5}, {""score"": ""2 - 0"", ""pct"": 12.770000000000001}]"
Morocco,Curaçao,Neutral,2.582,0.363,85.3,11.9,2.8,86.1,5.3,4.6,2.8,0.5,0.7,95.9,4.1,"[{""score"": ""2 - 0"", ""pct"": 17.69}, {""score"": ""3 - 0"", ""pct"": 15.18}, {""score"": ""1 - 0"", ""pct"": 13.669999999999998}]"
Morocco,DR Congo,Neutral,1.323,0.52,55.9,29.8,14.2,56.9,7.6,14.1,13.4,2.8,5.1,78.7,21.3,"[{""score"": ""1 - 0"", ""pct"": 21.04}, {""score"": ""0 - 0"", ""pct"": 16.900000000000002}, {""score"": ""2 - 0"", ""pct"": 12.94}]"
Morocco,Iraq,Neutral,1.529,0.459,64.8,25.4,9.8,64.6,7.8,11.8,10.0,1.9,3.8,84.2,15.8,"[{""score"": ""1 - 0"", ""pct"": 21.98}, {""score"": ""2 - 0"", ""pct"": 15.72}, {""score"": ""0 - 0"", ""pct"": 14.42}]"
Morocco,Ghana,Neutral,1.512,0.558,61.4,26.6,12.1,61.0,8.0,12.0,12.4,2.3,4.4,80.9,19.1,"[{""score"": ""1 - 0"", ""pct"": 19.77}, {""score"": ""2 - 0"", ""pct"": 13.86}, {""score"": ""0 - 0"", ""pct"": 12.740000000000002}]"
Morocco,Ecuador,Neutral,0.859,0.761,34.4,37.0,28.6,35.2,6.8,12.7,28.2,5.9,11.2,54.7,45.3,"[{""score"": ""0 - 0"", ""pct"": 21.6}, {""score"": ""1 - 0"", ""pct"": 16.650000000000002}, {""score"": ""0 - 1"", ""pct"": 14.26}]"
Morocco,Cape Verde,Neutral,1.649,0.456,68.2,23.3,8.5,66.6,7.7,11.4,9.0,2.1,3.2,85.7,14.3,"[{""score"": ""1 - 0"", ""pct"": 20.54}, {""score"": ""2 - 0"", ""pct"": 16.56}, {""score"": ""0 - 0"", ""pct"": 13.089999999999998}]"
Morocco,Iran,Neutral,1.118,0.716,44.5,33.4,22.1,45.2,6.9,13.6,22.0,4.2,8.2,65.6,34.4,"[{""score"": ""1 - 0"", ""pct"": 17.66}, {""score"": ""0 - 0"", ""pct"": 17.5}, {""score"": ""1 - 1"", ""pct"": 12.879999999999999}]"
Morocco,Switzerland,Neutral,1.076,0.965,36.7,32.1,31.2,37.7,6.7,10.3,30.6,5.1,9.6,54.6,45.4,"[{""score"": ""0 - 0"", ""pct"": 14.330000000000002}, {""score"": ""1 - 0"", ""pct"": 13.94}, {""score"": ""1 - 1"", ""pct"": 13.52}]"
Morocco,Bosnia and Herzegovina,Neutral,1.66,0.601,63.5,24.0,12.5,62.4,8.1,11.2,12.0,2.3,3.9,81.8,18.2,"[{""score"": ""1 - 0"", ""pct"": 18.19}, {""score"": ""2 - 0"", ""pct"": 13.71}, {""score"": ""0 - 0"", ""pct"": 11.559999999999999}]"
Morocco,Uruguay,Neutral,0.839,0.887,31.3,34.8,33.9,31.2,5.8,11.5,34.0,5.7,11.9,48.4,51.6,"[{""score"": ""0 - 0"", ""pct"": 18.32}, {""score"": ""0 - 1"", ""pct"": 15.43}, {""score"": ""1 - 0"", ""pct"": 14.940000000000001}]"
Morocco,Belgium,Neutral,0.977,1.14,29.8,31.0,39.2,31.1,5.1,8.3,38.6,6.6,10.3,44.5,55.5,"[{""score"": ""0 - 1"", ""pct"": 14.099999999999998}, {""score"": ""1 - 1"", ""pct"": 13.33}, {""score"": ""0 - 0"", ""pct"": 13.239999999999998}]"
Morocco,Germany,Neutral,1.062,1.296,29.9,29.0,41.1,29.8,5.1,7.8,41.2,6.8,9.3,42.8,57.2,"[{""score"": ""1 - 1"", ""pct"": 13.22}, {""score"": ""0 - 1"", ""pct"": 12.33}, {""score"": ""0 - 0"", ""pct"": 10.25}]"
Morocco,Senegal,Neutral,1.021,0.727,40.8,34.6,24.6,41.1,7.0,13.2,23.7,4.7,10.4,61.2,38.8,"[{""score"": ""0 - 0"", ""pct"": 18.92}, {""score"": ""1 - 0"", ""pct"": 17.66}, {""score"": ""1 - 1"", ""pct"": 12.920000000000002}]"
Morocco,Portugal,Neutral,0.84,1.211,24.8,31.0,44.2,24.4,4.7,8.0,44.2,7.0,11.6,37.2,62.8,"[{""score"": ""0 - 1"", ""pct"": 15.379999999999999}, {""score"": ""0 - 0"", ""pct"": 14.34}, {""score"": ""1 - 1"", ""pct"": 12.989999999999998}]"
Morocco,Argentina,Neutral,0.613,1.159,17.7,32.4,49.9,17.8,3.9,7.7,48.9,7.9,13.7,29.4,70.6,"[{""score"": ""0 - 1"", ""pct"": 19.97}, {""score"": ""0 - 0"", ""pct"": 17.59}, {""score"": ""1 - 1"", ""pct"": 12.31}]"
Morocco,South Africa,Neutral,1.501,0.518,61.8,26.3,11.9,62.0,7.8,12.2,11.6,2.2,4.2,82.0,18.0,"[{""score"": ""1 - 0"", ""pct"": 19.89}, {""score"": ""2 - 0"", ""pct"": 14.52}, {""score"": ""0 - 0"", ""pct"": 13.98}]"
Morocco,Paraguay,Neutral,1.078,0.658,45.2,34.1,20.7,44.6,7.5,13.6,21.0,4.3,9.0,65.7,34.3,"[{""score"": ""1 - 0"", ""pct"": 18.709999999999997}, {""score"": ""0 - 0"", ""pct"": 18.56}, {""score"": ""1 - 1"", ""pct"": 12.68}]"
Morocco,Mexico,Neutral,1.066,0.72,43.2,34.2,22.6,42.9,7.2,14.0,22.8,4.6,8.5,64.2,35.8,"[{""score"": ""1 - 0"", ""pct"": 18.39}, {""score"": ""0 - 0"", ""pct"": 17.86}, {""score"": ""1 - 1"", ""pct"": 13.209999999999999}]"
Morocco,Turkey,Neutral,1.335,0.894,46.4,29.9,23.7,46.5,7.3,10.4,24.1,4.4,7.3,64.2,35.8,"[{""score"": ""1 - 0"", ""pct"": 14.46}, {""score"": ""1 - 1"", ""pct"": 13.34}, {""score"": ""0 - 0"", ""pct"": 11.98}]"
Morocco,England,Neutral,0.696,1.122,21.2,33.7,45.1,22.0,4.2,8.2,44.9,7.5,13.3,34.4,65.6,"[{""score"": ""0 - 1"", ""pct"": 18.33}, {""score"": ""0 - 0"", ""pct"": 17.53}, {""score"": ""1 - 1"", ""pct"": 13.18}]"
Morocco,Qatar,Neutral,2.122,0.541,74.8,17.7,7.6,75.0,6.6,7.5,7.4,1.4,2.1,89.1,10.9,"[{""score"": ""2 - 0"", ""pct"": 16.400000000000002}, {""score"": ""1 - 0"", ""pct"": 14.56}, {""score"": ""3 - 0"", ""pct"": 10.85}]"
Morocco,Colombia,Neutral,0.831,1.021,28.1,33.8,38.1,27.5,5.0,10.1,38.9,6.3,12.1,42.7,57.3,"[{""score"": ""0 - 0"", ""pct"": 16.869999999999997}, {""score"": ""0 - 1"", ""pct"": 15.97}, {""score"": ""1 - 1"", ""pct"": 13.389999999999999}]"
Morocco,Czech Republic,Neutral,1.323,0.761,49.9,30.1,19.9,50.0,7.2,11.8,20.2,4.0,6.8,69.0,31.0,"[{""score"": ""1 - 0"", ""pct"": 16.71}, {""score"": ""0 - 0"", ""pct"": 13.56}, {""score"": ""1 - 1"", ""pct"": 12.520000000000001}]"
Morocco,Croatia,Neutral,0.993,0.947,34.6,33.1,32.3,35.1,6.3,10.3,31.8,5.9,10.5,51.7,48.3,"[{""score"": ""0 - 0"", ""pct"": 15.409999999999998}, {""score"": ""1 - 0"", ""pct"": 14.34}, {""score"": ""1 - 1"", ""pct"": 13.91}]"
Morocco,Netherlands,Neutral,0.998,1.177,29.7,31.1,39.2,30.2,5.4,8.3,39.2,6.7,10.2,44.0,56.0,"[{""score"": ""1 - 1"", ""pct"": 13.969999999999999}, {""score"": ""0 - 1"", ""pct"": 13.77}, {""score"": ""0 - 0"", ""pct"": 12.370000000000001}]"
Morocco,South Korea,Neutral,1.244,0.689,48.9,31.5,19.6,48.7,7.6,13.5,19.8,3.7,6.7,69.8,30.2,"[{""score"": ""1 - 0"", ""pct"": 18.68}, {""score"": ""0 - 0"", ""pct"": 16.23}, {""score"": ""1 - 1"", ""pct"": 12.17}]"
Morocco,Australia,Neutral,1.138,0.711,45.3,32.9,21.8,45.6,7.4,12.4,21.8,4.2,8.4,65.5,34.5,"[{""score"": ""1 - 0"", ""pct"": 17.72}, {""score"": ""0 - 0"", ""pct"": 17.130000000000003}, {""score"": ""1 - 1"", ""pct"": 12.67}]"
Morocco,Scotland,Neutral,1.291,0.746,49.0,30.8,20.2,48.3,7.5,11.8,21.4,3.8,7.3,67.5,32.5,"[{""score"": ""1 - 0"", ""pct"": 16.56}, {""score"": ""0 - 0"", ""pct"": 14.469999999999999}, {""score"": ""1 - 1"", ""pct"": 12.67}]"
Morocco,Tunisia,Neutral,1.152,0.593,49.8,32.3,17.9,48.8,7.6,14.8,18.1,3.4,7.5,71.1,28.9,"[{""score"": ""1 - 0"", ""pct"": 20.44}, {""score"": ""0 - 0"", ""pct"": 18.19}, {""score"": ""1 - 1"", ""pct"": 11.88}]"
Morocco,Jordan,Neutral,1.689,0.554,66.3,22.8,10.8,65.9,7.6,9.8,10.8,2.3,3.5,83.3,16.7,"[{""score"": ""1 - 0"", ""pct"": 19.17}, {""score"": ""2 - 0"", ""pct"": 14.96}, {""score"": ""0 - 0"", ""pct"": 11.08}]"
Morocco,Saudi Arabia,Neutral,1.519,0.48,64.0,25.7,10.4,62.3,8.2,12.2,11.3,2.2,3.9,82.7,17.3,"[{""score"": ""1 - 0"", ""pct"": 21.26}, {""score"": ""2 - 0"", ""pct"": 15.870000000000001}, {""score"": ""0 - 0"", ""pct"": 13.919999999999998}]"
Morocco,Austria,Neutral,1.171,0.845,42.9,31.5,25.7,41.9,7.7,11.3,26.3,4.8,8.1,60.9,39.1,"[{""score"": ""1 - 0"", ""pct"": 15.590000000000002}, {""score"": ""0 - 0"", ""pct"": 14.719999999999999}, {""score"": ""1 - 1"", ""pct"": 12.740000000000002}]"
Morocco,Haiti,Neutral,2.352,0.483,79.7,14.6,5.7,80.3,6.4,6.4,4.8,1.0,1.1,93.2,6.8,"[{""score"": ""2 - 0"", ""pct"": 16.27}, {""score"": ""1 - 0"", ""pct"": 13.750000000000002}, {""score"": ""3 - 0"", ""pct"": 12.4}]"
Morocco,Japan,Neutral,1.087,0.859,40.4,32.7,26.9,40.1,6.9,11.5,26.8,5.2,9.5,58.5,41.5,"[{""score"": ""0 - 0"", ""pct"": 15.53}, {""score"": ""1 - 0"", ""pct"": 15.299999999999999}, {""score"": ""1 - 1"", ""pct"": 13.59}]"
Morocco,Panama,Neutral,1.764,0.548,67.3,22.7,10.0,67.5,7.2,10.0,10.2,2.0,3.1,84.7,15.3,"[{""score"": ""1 - 0"", ""pct"": 18.23}, {""score"": ""2 - 0"", ""pct"": 15.03}, {""score"": ""0 - 0"", ""pct"": 10.31}]"
Morocco,Brazil,Neutral,0.715,1.271,20.0,31.4,48.6,20.1,3.9,6.7,49.6,7.5,12.2,30.7,69.3,"[{""score"": ""0 - 1"", ""pct"": 17.080000000000002}, {""score"": ""0 - 0"", ""pct"": 15.21}, {""score"": ""1 - 1"", ""pct"": 12.75}]"
Scotland,United States,Neutral,1.325,1.212,39.3,27.3,33.4,39.3,6.6,8.1,32.8,5.4,7.8,54.0,46.0,"[{""score"": ""1 - 1"", ""pct"": 12.33}, {""score"": ""1 - 0"", ""pct"": 10.92}, {""score"": ""0 - 1"", ""pct"": 9.790000000000001}]"
Scotland,Sweden,Neutral,1.248,1.474,30.8,26.5,42.7,31.0,5.5,6.8,41.7,6.8,8.1,43.4,56.6,"[{""score"": ""1 - 1"", ""pct"": 12.07}, {""score"": ""0 - 1"", ""pct"": 9.78}, {""score"": ""1 - 2"", ""pct"": 9.44}]"
Scotland,Canada,Neutral,1.26,1.1,39.4,29.1,31.6,39.3,6.7,9.5,31.0,5.4,8.1,55.5,44.5,"[{""score"": ""1 - 1"", ""pct"": 12.5}, {""score"": ""1 - 0"", ""pct"": 12.25}, {""score"": ""0 - 0"", ""pct"": 10.72}]"
Scotland,France,Neutral,0.766,1.929,13.0,22.1,64.9,13.2,2.7,3.5,64.9,7.6,8.1,19.4,80.6,"[{""score"": ""0 - 1"", ""pct"": 12.93}, {""score"": ""0 - 2"", ""pct"": 12.5}, {""score"": ""1 - 1"", ""pct"": 9.84}]"
Scotland,Egypt,Neutral,1.12,1.014,36.4,31.9,31.7,37.2,6.6,9.5,32.1,5.8,8.8,53.3,46.7,"[{""score"": ""1 - 1"", ""pct"": 13.84}, {""score"": ""0 - 0"", ""pct"": 13.33}, {""score"": ""1 - 0"", ""pct"": 13.089999999999998}]"
Scotland,Norway,Neutral,1.159,1.61,25.8,26.3,47.9,26.3,5.1,5.9,47.8,6.9,7.9,37.3,62.7,"[{""score"": ""1 - 1"", ""pct"": 11.59}, {""score"": ""0 - 1"", ""pct"": 10.61}, {""score"": ""1 - 2"", ""pct"": 9.89}]"
Scotland,Spain,Neutral,0.71,2.331,9.2,17.9,72.9,8.6,1.8,1.7,74.2,6.4,7.2,12.1,87.9,"[{""score"": ""0 - 2"", ""pct"": 12.82}, {""score"": ""0 - 1"", ""pct"": 11.219999999999999}, {""score"": ""0 - 3"", ""pct"": 9.21}]"
Scotland,Ivory Coast,Neutral,1.126,1.104,35.5,30.2,34.3,36.8,6.2,8.9,33.2,6.1,8.9,51.8,48.2,"[{""score"": ""1 - 1"", ""pct"": 13.669999999999998}, {""score"": ""1 - 0"", ""pct"": 11.87}, {""score"": ""0 - 1"", ""pct"": 11.690000000000001}]"
Scotland,New Zealand,Neutral,1.614,0.631,61.1,25.7,13.2,61.4,7.5,10.7,13.7,2.6,4.1,79.6,20.4,"[{""score"": ""1 - 0"", ""pct"": 17.26}, {""score"": ""2 - 0"", ""pct"": 13.69}, {""score"": ""0 - 0"", ""pct"": 11.379999999999999}]"
Scotland,Algeria,Neutral,1.284,1.363,34.6,27.4,38.0,33.4,6.2,7.4,38.8,6.2,7.9,47.1,52.9,"[{""score"": ""1 - 1"", ""pct"": 12.29}, {""score"": ""1 - 0"", ""pct"": 9.55}, {""score"": ""0 - 1"", ""pct"": 9.3}]"
Scotland,Uzbekistan,Neutral,1.244,0.92,44.0,29.7,26.3,42.2,7.0,11.0,26.5,5.1,8.3,60.2,39.8,"[{""score"": ""1 - 0"", ""pct"": 14.17}, {""score"": ""1 - 1"", ""pct"": 13.01}, {""score"": ""0 - 0"", ""pct"": 12.16}]"
Scotland,Curaçao,Neutral,2.495,0.607,79.3,14.3,6.4,79.7,6.1,5.9,6.1,1.0,1.2,91.7,8.3,"[{""score"": ""2 - 0"", ""pct"": 14.23}, {""score"": ""1 - 0"", ""pct"": 12.18}, {""score"": ""3 - 0"", ""pct"": 11.200000000000001}]"
Scotland,DR Congo,Neutral,1.278,0.87,46.1,29.7,24.3,45.2,7.0,10.8,24.7,4.8,7.5,63.1,36.9,"[{""score"": ""1 - 0"", ""pct"": 15.09}, {""score"": ""0 - 0"", ""pct"": 12.7}, {""score"": ""1 - 1"", ""pct"": 12.24}]"
Scotland,Iraq,Neutral,1.477,0.769,54.0,28.1,17.8,52.4,8.1,11.4,19.1,3.6,5.5,71.9,28.1,"[{""score"": ""1 - 0"", ""pct"": 16.12}, {""score"": ""1 - 1"", ""pct"": 12.02}, {""score"": ""0 - 0"", ""pct"": 11.89}]"
Scotland,Ghana,Neutral,1.461,0.934,50.1,27.1,22.8,49.1,7.5,9.6,23.2,4.3,6.3,66.2,33.8,"[{""score"": ""1 - 0"", ""pct"": 13.65}, {""score"": ""1 - 1"", ""pct"": 11.87}, {""score"": ""0 - 0"", ""pct"": 10.24}]"
Scotland,Ecuador,Neutral,0.83,1.273,22.8,30.6,46.6,23.4,4.4,7.4,46.3,7.7,10.9,35.2,64.8,"[{""score"": ""0 - 1"", ""pct"": 16.02}, {""score"": ""0 - 0"", ""pct"": 13.15}, {""score"": ""1 - 1"", ""pct"": 13.120000000000001}]"
Scotland,Cape Verde,Neutral,1.593,0.763,56.9,25.8,17.3,57.5,7.3,10.0,17.3,3.1,4.7,74.8,25.2,"[{""score"": ""1 - 0"", ""pct"": 15.4}, {""score"": ""2 - 0"", ""pct"": 11.61}, {""score"": ""1 - 1"", ""pct"": 11.32}]"
Scotland,Iran,Neutral,1.08,1.198,32.6,29.4,38.0,32.4,5.7,8.1,37.6,6.8,9.4,46.2,53.8,"[{""score"": ""1 - 1"", ""pct"": 12.57}, {""score"": ""0 - 1"", ""pct"": 11.799999999999999}, {""score"": ""1 - 0"", ""pct"": 11.44}]"
Scotland,Switzerland,Neutral,1.04,1.614,23.3,26.6,50.1,24.2,4.0,5.4,50.7,7.4,8.3,33.6,66.4,"[{""score"": ""0 - 1"", ""pct"": 11.97}, {""score"": ""1 - 1"", ""pct"": 11.87}, {""score"": ""1 - 2"", ""pct"": 9.98}]"
Scotland,Bosnia and Herzegovina,Neutral,1.604,1.005,51.3,26.0,22.6,50.4,7.8,8.9,22.8,4.4,5.7,67.1,32.9,"[{""score"": ""1 - 0"", ""pct"": 12.049999999999999}, {""score"": ""1 - 1"", ""pct"": 11.5}, {""score"": ""2 - 1"", ""pct"": 9.32}]"
Scotland,Uruguay,Neutral,0.811,1.484,19.0,27.7,53.3,19.2,3.9,5.8,52.9,7.2,11.0,28.8,71.2,"[{""score"": ""0 - 1"", ""pct"": 14.52}, {""score"": ""1 - 1"", ""pct"": 11.93}, {""score"": ""0 - 0"", ""pct"": 11.450000000000001}]"
Scotland,Belgium,Neutral,0.944,1.908,17.4,22.1,60.6,17.6,3.0,3.9,60.2,7.1,8.3,24.5,75.5,"[{""score"": ""0 - 1"", ""pct"": 11.32}, {""score"": ""0 - 2"", ""pct"": 10.71}, {""score"": ""1 - 2"", ""pct"": 10.41}]"
Scotland,Germany,Neutral,1.026,2.168,16.4,20.2,63.4,15.8,2.9,3.6,63.6,7.6,6.5,22.3,77.7,"[{""score"": ""0 - 2"", ""pct"": 9.73}, {""score"": ""0 - 1"", ""pct"": 9.44}, {""score"": ""1 - 2"", ""pct"": 9.41}]"
Scotland,Senegal,Neutral,0.987,1.216,27.8,30.5,41.7,28.5,5.3,8.2,40.6,6.9,10.5,42.0,58.0,"[{""score"": ""0 - 1"", ""pct"": 14.21}, {""score"": ""1 - 1"", ""pct"": 13.15}, {""score"": ""0 - 0"", ""pct"": 12.2}]"
Scotland,Portugal,Neutral,0.812,2.026,12.7,20.6,66.8,13.1,2.4,3.0,66.8,7.2,7.5,18.5,81.5,"[{""score"": ""0 - 1"", ""pct"": 12.740000000000002}, {""score"": ""0 - 2"", ""pct"": 12.42}, {""score"": ""1 - 2"", ""pct"": 9.82}]"
Scotland,Argentina,Neutral,0.593,1.938,9.3,20.8,69.9,9.1,1.9,2.9,70.6,6.9,8.5,14.0,86.0,"[{""score"": ""0 - 1"", ""pct"": 16.2}, {""score"": ""0 - 2"", ""pct"": 14.84}, {""score"": ""0 - 3"", ""pct"": 9.29}]"
Scotland,South Africa,Neutral,1.45,0.866,50.7,28.3,21.0,51.0,7.4,10.1,21.4,4.0,6.0,68.6,31.4,"[{""score"": ""1 - 0"", ""pct"": 14.74}, {""score"": ""1 - 1"", ""pct"": 12.57}, {""score"": ""0 - 0"", ""pct"": 11.05}]"
Scotland,Paraguay,Neutral,1.041,1.101,33.3,31.9,34.8,33.1,6.0,9.7,35.7,6.0,9.5,48.7,51.3,"[{""score"": ""1 - 1"", ""pct"": 14.2}, {""score"": ""0 - 0"", ""pct"": 12.85}, {""score"": ""0 - 1"", ""pct"": 12.590000000000002}]"
Scotland,Mexico,Neutral,1.03,1.205,30.4,29.9,39.6,30.1,4.8,8.3,40.5,6.4,9.9,43.2,56.8,"[{""score"": ""1 - 1"", ""pct"": 13.26}, {""score"": ""0 - 1"", ""pct"": 12.989999999999998}, {""score"": ""0 - 0"", ""pct"": 11.72}]"
Scotland,Turkey,Neutral,1.29,1.496,31.9,26.1,42.0,31.8,5.8,6.6,41.8,6.3,7.8,44.1,55.9,"[{""score"": ""1 - 1"", ""pct"": 12.06}, {""score"": ""1 - 2"", ""pct"": 9.39}, {""score"": ""0 - 1"", ""pct"": 8.64}]"
Scotland,England,Neutral,0.673,1.878,11.0,21.6,67.4,11.6,2.3,3.4,66.0,7.5,9.2,17.2,82.8,"[{""score"": ""0 - 1"", ""pct"": 15.78}, {""score"": ""0 - 2"", ""pct"": 13.34}, {""score"": ""1 - 1"", ""pct"": 10.059999999999999}]"
Scotland,Qatar,Neutral,2.051,0.906,63.8,21.3,14.9,64.6,7.0,7.3,14.9,2.9,3.2,78.9,21.1,"[{""score"": ""1 - 0"", ""pct"": 11.26}, {""score"": ""2 - 0"", ""pct"": 10.66}, {""score"": ""2 - 1"", ""pct"": 10.02}]"
Scotland,Colombia,Neutral,0.803,1.708,16.4,24.2,59.4,15.3,3.2,4.7,60.0,7.6,9.1,23.3,76.7,"[{""score"": ""0 - 1"", ""pct"": 14.729999999999999}, {""score"": ""0 - 2"", ""pct"": 12.04}, {""score"": ""1 - 1"", ""pct"": 10.86}]"
Scotland,Czech Republic,Neutral,1.278,1.273,36.1,28.6,35.4,36.8,5.8,7.5,35.9,6.1,7.8,50.2,49.8,"[{""score"": ""1 - 1"", ""pct"": 13.239999999999998}, {""score"": ""1 - 0"", ""pct"": 10.13}, {""score"": ""0 - 1"", ""pct"": 10.12}]"
Scotland,Croatia,Neutral,0.96,1.584,22.2,26.5,51.3,21.6,4.3,5.6,52.0,7.7,8.8,31.5,68.5,"[{""score"": ""0 - 1"", ""pct"": 13.19}, {""score"": ""1 - 1"", ""pct"": 11.87}, {""score"": ""0 - 2"", ""pct"": 9.11}]"
Scotland,Netherlands,Neutral,0.964,1.969,16.5,22.0,61.4,16.6,3.2,3.6,61.5,7.3,7.9,23.3,76.7,"[{""score"": ""0 - 1"", ""pct"": 10.77}, {""score"": ""1 - 2"", ""pct"": 10.07}, {""score"": ""1 - 1"", ""pct"": 9.65}]"
Scotland,South Korea,Neutral,1.202,1.153,36.3,29.6,34.1,36.7,6.4,9.0,33.4,6.1,8.5,52.0,48.0,"[{""score"": ""1 - 1"", ""pct"": 13.15}, {""score"": ""1 - 0"", ""pct"": 11.49}, {""score"": ""0 - 1"", ""pct"": 10.54}]"
Scotland,Australia,Neutral,1.1,1.19,32.8,30.4,36.9,32.7,6.1,8.4,37.5,6.5,8.8,47.2,52.8,"[{""score"": ""1 - 1"", ""pct"": 13.43}, {""score"": ""0 - 1"", ""pct"": 11.88}, {""score"": ""0 - 0"", ""pct"": 11.39}]"
Scotland,Morocco,Neutral,0.746,1.291,19.9,30.8,49.3,20.5,4.2,7.3,49.2,6.9,11.9,31.9,68.1,"[{""score"": ""0 - 1"", ""pct"": 16.64}, {""score"": ""0 - 0"", ""pct"": 14.39}, {""score"": ""1 - 1"", ""pct"": 12.75}]"
Scotland,Tunisia,Neutral,1.113,0.992,36.8,31.4,31.7,36.9,6.5,10.6,31.0,5.3,9.5,54.1,45.9,"[{""score"": ""1 - 1"", ""pct"": 13.81}, {""score"": ""1 - 0"", ""pct"": 13.350000000000001}, {""score"": ""0 - 0"", ""pct"": 13.01}]"
Scotland,Jordan,Neutral,1.632,0.928,54.3,25.4,20.3,53.8,8.1,8.8,20.0,3.7,5.6,70.7,29.3,"[{""score"": ""1 - 0"", ""pct"": 13.100000000000001}, {""score"": ""1 - 1"", ""pct"": 11.55}, {""score"": ""2 - 0"", ""pct"": 10.38}]"
Scotland,Saudi Arabia,Neutral,1.467,0.803,52.7,27.8,19.5,52.9,7.4,10.7,19.0,4.2,5.8,71.0,29.0,"[{""score"": ""1 - 0"", ""pct"": 15.57}, {""score"": ""1 - 1"", ""pct"": 12.3}, {""score"": ""0 - 0"", ""pct"": 10.99}]"
Scotland,Austria,Neutral,1.131,1.413,28.1,28.2,43.6,29.6,5.6,6.9,41.9,6.8,9.1,42.2,57.8,"[{""score"": ""1 - 1"", ""pct"": 13.04}, {""score"": ""0 - 1"", ""pct"": 11.790000000000001}, {""score"": ""0 - 0"", ""pct"": 8.74}]"
Scotland,Haiti,Neutral,2.273,0.808,70.3,18.3,11.4,71.1,7.0,6.5,10.9,2.0,2.5,84.6,15.4,"[{""score"": ""2 - 0"", ""pct"": 11.37}, {""score"": ""1 - 0"", ""pct"": 10.79}, {""score"": ""2 - 1"", ""pct"": 9.25}]"
Scotland,Japan,Neutral,1.051,1.437,26.7,27.6,45.6,26.9,4.9,7.0,45.4,6.6,9.2,38.8,61.2,"[{""score"": ""1 - 1"", ""pct"": 12.55}, {""score"": ""0 - 1"", ""pct"": 12.24}, {""score"": ""0 - 0"", ""pct"": 9.44}]"
Scotland,Panama,Neutral,1.704,0.916,55.9,24.4,19.8,56.4,7.6,8.8,18.8,3.5,4.9,72.8,27.2,"[{""score"": ""1 - 0"", ""pct"": 12.950000000000001}, {""score"": ""1 - 1"", ""pct"": 10.96}, {""score"": ""2 - 0"", ""pct"": 10.14}]"
Scotland,Brazil,Neutral,0.691,2.127,9.5,18.9,71.6,9.8,2.0,2.7,71.3,7.2,7.1,14.4,85.6,"[{""score"": ""0 - 2"", ""pct"": 13.59}, {""score"": ""0 - 1"", ""pct"": 13.38}, {""score"": ""1 - 2"", ""pct"": 9.67}]"
Tunisia,United States,Neutral,1.054,1.082,33.9,30.8,35.3,33.9,6.0,9.4,35.0,6.2,9.6,49.2,50.8,"[{""score"": ""1 - 1"", ""pct"": 13.450000000000001}, {""score"": ""0 - 0"", ""pct"": 12.709999999999999}, {""score"": ""0 - 1"", ""pct"": 12.559999999999999}]"
Tunisia,Sweden,Neutral,0.993,1.315,26.7,30.0,43.3,27.3,5.2,7.3,44.1,6.5,9.6,39.8,60.2,"[{""score"": ""1 - 1"", ""pct"": 13.63}, {""score"": ""0 - 1"", ""pct"": 13.0}, {""score"": ""0 - 0"", ""pct"": 11.5}]"
Tunisia,Canada,Neutral,1.002,0.981,34.4,32.5,33.0,34.4,6.7,10.1,33.0,5.9,10.0,51.1,48.9,"[{""score"": ""0 - 0"", ""pct"": 14.299999999999999}, {""score"": ""1 - 1"", ""pct"": 13.8}, {""score"": ""1 - 0"", ""pct"": 13.74}]"
Tunisia,France,Neutral,0.61,1.721,11.5,23.7,64.7,11.2,2.4,3.6,65.5,7.2,10.2,17.2,82.8,"[{""score"": ""0 - 1"", ""pct"": 17.72}, {""score"": ""0 - 2"", ""pct"": 14.16}, {""score"": ""0 - 0"", ""pct"": 10.79}]"
Tunisia,Egypt,Neutral,0.89,0.905,32.3,35.1,32.6,31.9,6.2,11.2,33.3,5.9,11.5,49.4,50.6,"[{""score"": ""0 - 0"", ""pct"": 18.27}, {""score"": ""0 - 1"", ""pct"": 14.81}, {""score"": ""1 - 0"", ""pct"": 14.16}]"
Tunisia,Norway,Neutral,0.921,1.436,22.9,28.2,48.9,23.4,4.5,6.3,48.9,7.2,9.7,34.2,65.8,"[{""score"": ""0 - 1"", ""pct"": 13.919999999999998}, {""score"": ""1 - 1"", ""pct"": 12.520000000000001}, {""score"": ""0 - 0"", ""pct"": 10.91}]"
Tunisia,Spain,Neutral,0.564,2.079,7.8,18.5,73.7,7.8,1.6,2.2,73.9,7.0,7.5,11.6,88.4,"[{""score"": ""0 - 2"", ""pct"": 15.36}, {""score"": ""0 - 1"", ""pct"": 15.28}, {""score"": ""0 - 3"", ""pct"": 10.37}]"
Tunisia,Ivory Coast,Neutral,0.896,0.985,30.1,34.4,35.5,30.5,5.8,10.6,35.1,6.2,11.7,46.9,53.1,"[{""score"": ""0 - 0"", ""pct"": 17.03}, {""score"": ""0 - 1"", ""pct"": 14.71}, {""score"": ""1 - 1"", ""pct"": 13.850000000000001}]"
Tunisia,New Zealand,Neutral,1.284,0.563,54.3,29.8,15.9,54.5,8.1,13.2,15.2,2.8,6.1,75.9,24.1,"[{""score"": ""1 - 0"", ""pct"": 20.5}, {""score"": ""0 - 0"", ""pct"": 15.98}, {""score"": ""2 - 0"", ""pct"": 12.07}]"
Tunisia,Algeria,Neutral,1.021,1.216,30.3,30.5,39.2,30.1,5.8,7.8,39.8,6.5,9.9,43.7,56.3,"[{""score"": ""1 - 1"", ""pct"": 13.65}, {""score"": ""0 - 1"", ""pct"": 12.53}, {""score"": ""0 - 0"", ""pct"": 11.48}]"
Tunisia,Uzbekistan,Neutral,0.989,0.821,38.2,33.4,28.4,37.4,6.9,12.5,27.9,5.5,9.8,56.8,43.2,"[{""score"": ""0 - 0"", ""pct"": 16.71}, {""score"": ""1 - 0"", ""pct"": 16.470000000000002}, {""score"": ""1 - 1"", ""pct"": 13.63}]"
Tunisia,Curaçao,Neutral,1.984,0.541,72.2,19.4,8.4,72.4,7.2,8.1,8.4,1.8,2.2,87.6,12.4,"[{""score"": ""1 - 0"", ""pct"": 16.27}, {""score"": ""2 - 0"", ""pct"": 15.110000000000001}, {""score"": ""3 - 0"", ""pct"": 9.700000000000001}]"
Tunisia,DR Congo,Neutral,1.016,0.776,40.2,33.4,26.3,40.3,6.7,13.1,25.7,4.8,9.5,60.1,39.9,"[{""score"": ""0 - 0"", ""pct"": 17.810000000000002}, {""score"": ""1 - 0"", ""pct"": 17.29}, {""score"": ""0 - 1"", ""pct"": 12.65}]"
Tunisia,Iraq,Neutral,1.175,0.686,47.3,32.6,20.1,47.0,7.2,13.2,21.1,3.9,7.6,67.5,32.5,"[{""score"": ""1 - 0"", ""pct"": 18.63}, {""score"": ""0 - 0"", ""pct"": 16.580000000000002}, {""score"": ""1 - 1"", ""pct"": 12.94}]"
Tunisia,Ghana,Neutral,1.162,0.833,43.0,31.9,25.2,43.2,7.0,11.4,25.6,4.8,8.0,61.6,38.4,"[{""score"": ""1 - 0"", ""pct"": 15.229999999999999}, {""score"": ""0 - 0"", ""pct"": 14.46}, {""score"": ""1 - 1"", ""pct"": 13.48}]"
Tunisia,Ecuador,Neutral,0.66,1.136,20.7,32.3,47.0,19.8,4.5,7.8,46.4,7.6,14.0,32.1,67.9,"[{""score"": ""0 - 1"", ""pct"": 19.2}, {""score"": ""0 - 0"", ""pct"": 17.599999999999998}, {""score"": ""1 - 1"", ""pct"": 12.11}]"
Tunisia,Cape Verde,Neutral,1.267,0.681,50.6,30.3,19.1,50.4,7.4,13.1,18.7,3.6,6.9,70.8,29.2,"[{""score"": ""1 - 0"", ""pct"": 18.17}, {""score"": ""0 - 0"", ""pct"": 14.940000000000001}, {""score"": ""1 - 1"", ""pct"": 12.509999999999998}]"
Tunisia,Iran,Neutral,0.859,1.068,27.9,33.1,39.0,29.2,5.1,9.6,38.6,6.5,11.0,43.8,56.2,"[{""score"": ""0 - 0"", ""pct"": 15.64}, {""score"": ""0 - 1"", ""pct"": 15.160000000000002}, {""score"": ""1 - 1"", ""pct"": 13.780000000000001}]"
Tunisia,Switzerland,Neutral,0.827,1.44,20.4,27.9,51.7,21.0,3.9,6.0,51.3,7.6,10.3,30.9,69.1,"[{""score"": ""0 - 1"", ""pct"": 14.93}, {""score"": ""1 - 1"", ""pct"": 12.15}, {""score"": ""0 - 0"", ""pct"": 11.540000000000001}]"
Tunisia,Bosnia and Herzegovina,Neutral,1.275,0.897,44.6,30.2,25.2,45.7,6.6,10.8,24.8,4.7,7.5,63.0,37.0,"[{""score"": ""1 - 0"", ""pct"": 14.49}, {""score"": ""1 - 1"", ""pct"": 13.05}, {""score"": ""0 - 0"", ""pct"": 12.889999999999999}]"
Tunisia,Uruguay,Neutral,0.645,1.324,16.6,30.2,53.1,17.0,3.7,6.3,53.2,7.5,12.4,26.9,73.1,"[{""score"": ""0 - 1"", ""pct"": 18.57}, {""score"": ""0 - 0"", ""pct"": 14.96}, {""score"": ""0 - 2"", ""pct"": 12.16}]"
Tunisia,Belgium,Neutral,0.751,1.702,15.2,24.3,60.5,15.0,2.8,4.3,60.6,7.5,9.8,22.2,77.8,"[{""score"": ""0 - 1"", ""pct"": 15.340000000000002}, {""score"": ""0 - 2"", ""pct"": 11.92}, {""score"": ""1 - 1"", ""pct"": 10.73}]"
Tunisia,Germany,Neutral,0.816,1.934,13.8,22.2,64.0,13.9,3.1,3.5,64.7,7.1,7.7,20.5,79.5,"[{""score"": ""0 - 1"", ""pct"": 12.64}, {""score"": ""0 - 2"", ""pct"": 11.29}, {""score"": ""1 - 2"", ""pct"": 10.11}]"
Tunisia,Senegal,Neutral,0.785,1.085,25.1,33.3,41.5,25.2,4.9,8.9,41.5,6.8,12.7,39.0,61.0,"[{""score"": ""0 - 0"", ""pct"": 17.01}, {""score"": ""0 - 1"", ""pct"": 16.79}, {""score"": ""1 - 1"", ""pct"": 12.809999999999999}]"
Tunisia,Portugal,Neutral,0.646,1.808,11.7,22.5,65.7,12.0,2.3,3.3,65.7,7.6,9.1,17.7,82.3,"[{""score"": ""0 - 1"", ""pct"": 16.35}, {""score"": ""0 - 2"", ""pct"": 13.44}, {""score"": ""1 - 1"", ""pct"": 9.99}]"
Tunisia,Argentina,Neutral,0.471,1.729,8.6,22.8,68.6,8.9,1.9,2.6,69.0,8.2,9.4,13.4,86.6,"[{""score"": ""0 - 1"", ""pct"": 20.22}, {""score"": ""0 - 2"", ""pct"": 16.470000000000002}, {""score"": ""0 - 0"", ""pct"": 11.72}]"
Tunisia,South Africa,Neutral,1.153,0.773,44.7,31.4,23.9,43.6,7.2,13.1,23.2,4.8,8.0,64.0,36.0,"[{""score"": ""1 - 0"", ""pct"": 16.81}, {""score"": ""0 - 0"", ""pct"": 15.160000000000002}, {""score"": ""1 - 1"", ""pct"": 12.740000000000002}]"
Tunisia,Paraguay,Neutral,0.828,0.982,28.8,33.8,37.4,28.6,5.2,10.3,37.2,6.8,11.8,44.1,55.9,"[{""score"": ""0 - 0"", ""pct"": 17.44}, {""score"": ""0 - 1"", ""pct"": 16.13}, {""score"": ""1 - 0"", ""pct"": 13.700000000000001}]"
Tunisia,Mexico,Neutral,0.819,1.075,26.6,33.0,40.3,26.3,4.8,9.5,40.2,6.6,12.4,40.7,59.3,"[{""score"": ""0 - 0"", ""pct"": 16.24}, {""score"": ""0 - 1"", ""pct"": 16.04}, {""score"": ""1 - 1"", ""pct"": 13.170000000000002}]"
Tunisia,Turkey,Neutral,1.026,1.335,27.6,28.4,44.0,28.2,4.5,7.2,43.6,7.0,9.4,40.0,60.0,"[{""score"": ""0 - 1"", ""pct"": 12.57}, {""score"": ""1 - 1"", ""pct"": 12.47}, {""score"": ""0 - 0"", ""pct"": 10.39}]"
Tunisia,England,Neutral,0.535,1.675,10.1,24.5,65.5,10.3,2.3,3.6,65.2,7.7,10.9,16.2,83.8,"[{""score"": ""0 - 1"", ""pct"": 18.82}, {""score"": ""0 - 2"", ""pct"": 14.97}, {""score"": ""0 - 0"", ""pct"": 11.959999999999999}]"
Tunisia,Qatar,Neutral,1.631,0.808,57.0,25.4,17.6,57.5,7.5,9.5,17.3,3.4,4.8,74.5,25.5,"[{""score"": ""1 - 0"", ""pct"": 14.280000000000001}, {""score"": ""1 - 1"", ""pct"": 11.35}, {""score"": ""2 - 0"", ""pct"": 11.28}]"
Tunisia,Colombia,Neutral,0.638,1.524,13.9,27.0,59.1,14.5,2.8,4.9,58.3,8.1,11.5,22.1,77.9,"[{""score"": ""0 - 1"", ""pct"": 18.52}, {""score"": ""0 - 2"", ""pct"": 13.44}, {""score"": ""0 - 0"", ""pct"": 12.64}]"
Tunisia,Czech Republic,Neutral,1.016,1.136,31.5,31.0,37.5,31.6,5.6,9.0,38.0,6.1,9.6,46.2,53.8,"[{""score"": ""1 - 1"", ""pct"": 13.8}, {""score"": ""0 - 1"", ""pct"": 13.25}, {""score"": ""0 - 0"", ""pct"": 12.3}]"
Tunisia,Croatia,Neutral,0.763,1.413,19.4,28.1,52.5,19.1,3.7,6.0,52.2,7.6,11.3,28.9,71.1,"[{""score"": ""0 - 1"", ""pct"": 16.56}, {""score"": ""1 - 1"", ""pct"": 12.139999999999999}, {""score"": ""0 - 0"", ""pct"": 12.08}]"
Tunisia,Netherlands,Neutral,0.767,1.757,14.6,24.9,60.5,14.7,3.4,4.0,61.0,7.5,9.5,22.0,78.0,"[{""score"": ""0 - 1"", ""pct"": 14.19}, {""score"": ""0 - 2"", ""pct"": 12.42}, {""score"": ""1 - 1"", ""pct"": 11.200000000000001}]"
Tunisia,South Korea,Neutral,0.956,1.029,31.4,32.6,36.0,32.0,5.7,9.5,36.7,5.9,10.2,47.2,52.8,"[{""score"": ""0 - 0"", ""pct"": 14.59}, {""score"": ""0 - 1"", ""pct"": 14.26}, {""score"": ""1 - 1"", ""pct"": 14.11}]"
Tunisia,Australia,Neutral,0.875,1.061,27.4,33.4,39.2,28.0,5.1,9.6,38.9,6.8,11.8,42.6,57.4,"[{""score"": ""0 - 0"", ""pct"": 15.97}, {""score"": ""0 - 1"", ""pct"": 14.899999999999999}, {""score"": ""1 - 1"", ""pct"": 13.600000000000001}]"
Tunisia,Morocco,Neutral,0.593,1.152,17.8,32.7,49.5,17.5,3.9,6.6,49.8,7.7,14.6,27.9,72.1,"[{""score"": ""0 - 1"", ""pct"": 20.419999999999998}, {""score"": ""0 - 0"", ""pct"": 18.709999999999997}, {""score"": ""1 - 1"", ""pct"": 11.77}]"
Tunisia,Scotland,Neutral,0.992,1.113,31.3,31.4,37.3,31.3,5.8,8.9,37.0,6.2,10.8,46.0,54.1,"[{""score"": ""0 - 1"", ""pct"": 14.330000000000002}, {""score"": ""1 - 1"", ""pct"": 14.000000000000002}, {""score"": ""0 - 0"", ""pct"": 12.86}]"
Tunisia,Jordan,Neutral,1.298,0.828,47.0,30.6,22.4,48.8,7.4,11.1,21.7,4.1,6.9,67.2,32.8,"[{""score"": ""1 - 0"", ""pct"": 15.989999999999998}, {""score"": ""1 - 1"", ""pct"": 13.63}, {""score"": ""0 - 0"", ""pct"": 12.76}]"
Tunisia,Saudi Arabia,Neutral,1.167,0.716,46.3,31.9,21.8,46.3,7.3,12.8,21.8,4.1,7.6,66.4,33.6,"[{""score"": ""1 - 0"", ""pct"": 17.96}, {""score"": ""0 - 0"", ""pct"": 16.11}, {""score"": ""1 - 1"", ""pct"": 12.7}]"
Tunisia,Austria,Neutral,0.9,1.261,25.7,29.6,44.7,25.4,4.9,7.5,44.2,7.1,10.9,37.9,62.1,"[{""score"": ""0 - 1"", ""pct"": 14.82}, {""score"": ""1 - 1"", ""pct"": 12.75}, {""score"": ""0 - 0"", ""pct"": 12.21}]"
Tunisia,Haiti,Neutral,1.807,0.721,62.3,23.8,13.9,63.9,7.7,8.9,13.1,2.5,3.9,80.5,19.5,"[{""score"": ""1 - 0"", ""pct"": 14.63}, {""score"": ""2 - 0"", ""pct"": 12.43}, {""score"": ""1 - 1"", ""pct"": 10.17}]"
Tunisia,Japan,Neutral,0.836,1.282,22.5,31.0,46.5,23.5,4.4,7.2,46.2,7.6,11.2,35.1,64.9,"[{""score"": ""0 - 1"", ""pct"": 15.72}, {""score"": ""1 - 1"", ""pct"": 13.639999999999999}, {""score"": ""0 - 0"", ""pct"": 13.200000000000001}]"
Tunisia,Panama,Neutral,1.355,0.817,48.9,29.4,21.7,49.2,7.3,11.2,21.5,4.2,6.5,67.8,32.2,"[{""score"": ""1 - 0"", ""pct"": 15.459999999999999}, {""score"": ""1 - 1"", ""pct"": 13.0}, {""score"": ""0 - 0"", ""pct"": 12.23}]"
Tunisia,Brazil,Neutral,0.549,1.898,8.8,21.3,69.9,8.7,1.8,2.6,70.2,7.6,9.1,13.1,86.9,"[{""score"": ""0 - 1"", ""pct"": 17.05}, {""score"": ""0 - 2"", ""pct"": 15.14}, {""score"": ""0 - 3"", ""pct"": 9.44}]"
Jordan,United States,Neutral,0.985,1.586,23.1,26.2,50.8,22.0,4.5,5.7,51.4,7.2,9.2,32.2,67.8,"[{""score"": ""0 - 1"", ""pct"": 12.5}, {""score"": ""1 - 1"", ""pct"": 11.42}, {""score"": ""1 - 2"", ""pct"": 9.51}]"
Jordan,Sweden,Neutral,0.928,1.928,16.2,21.5,62.3,16.9,3.2,3.8,60.4,7.7,7.9,23.9,76.0,"[{""score"": ""0 - 1"", ""pct"": 11.58}, {""score"": ""0 - 2"", ""pct"": 10.7}, {""score"": ""1 - 2"", ""pct"": 10.01}]"
Jordan,Canada,Neutral,0.937,1.439,23.1,28.2,48.7,23.2,4.2,6.5,49.0,7.3,9.8,33.9,66.1,"[{""score"": ""0 - 1"", ""pct"": 14.000000000000002}, {""score"": ""1 - 1"", ""pct"": 12.559999999999999}, {""score"": ""0 - 0"", ""pct"": 10.41}]"
Jordan,France,Neutral,0.57,2.523,5.2,14.2,80.5,5.1,1.1,1.1,80.8,6.1,5.9,7.2,92.8,"[{""score"": ""0 - 2"", ""pct"": 14.000000000000002}, {""score"": ""0 - 3"", ""pct"": 12.23}, {""score"": ""0 - 1"", ""pct"": 12.120000000000001}]"
Jordan,Egypt,Neutral,0.833,1.326,22.7,29.5,47.8,22.3,4.3,6.7,47.9,7.6,11.1,33.4,66.6,"[{""score"": ""0 - 1"", ""pct"": 15.409999999999998}, {""score"": ""1 - 1"", ""pct"": 12.73}, {""score"": ""0 - 0"", ""pct"": 12.45}]"
Jordan,Norway,Neutral,0.862,2.106,12.8,21.2,66.0,13.3,2.3,3.1,66.1,7.5,7.7,18.7,81.3,"[{""score"": ""0 - 2"", ""pct"": 11.74}, {""score"": ""0 - 1"", ""pct"": 11.37}, {""score"": ""1 - 1"", ""pct"": 9.92}]"
Jordan,Spain,Neutral,0.528,3.049,3.1,9.3,87.6,3.1,0.5,0.5,87.7,4.9,3.3,4.1,95.9,"[{""score"": ""0 - 3"", ""pct"": 13.270000000000001}, {""score"": ""0 - 2"", ""pct"": 13.22}, {""score"": ""0 - 4"", ""pct"": 9.89}]"
Jordan,Ivory Coast,Neutral,0.838,1.444,20.4,28.0,51.6,21.4,3.7,6.4,50.3,7.7,10.5,31.5,68.5,"[{""score"": ""0 - 1"", ""pct"": 15.0}, {""score"": ""1 - 1"", ""pct"": 12.44}, {""score"": ""0 - 0"", ""pct"": 10.879999999999999}]"
Jordan,New Zealand,Neutral,1.2,0.825,45.0,31.1,23.9,44.6,6.8,12.1,24.2,4.3,8.0,63.5,36.5,"[{""score"": ""1 - 0"", ""pct"": 15.770000000000001}, {""score"": ""0 - 0"", ""pct"": 13.99}, {""score"": ""1 - 1"", ""pct"": 13.11}]"
Jordan,Algeria,Neutral,0.955,1.782,18.8,24.4,56.8,18.9,3.6,4.7,56.8,7.7,8.4,27.2,72.8,"[{""score"": ""0 - 1"", ""pct"": 12.04}, {""score"": ""1 - 1"", ""pct"": 11.51}, {""score"": ""0 - 2"", ""pct"": 9.83}]"
Jordan,Uzbekistan,Neutral,0.925,1.204,27.8,30.7,41.5,27.8,5.1,8.3,42.0,6.7,10.1,41.1,58.9,"[{""score"": ""0 - 1"", ""pct"": 14.35}, {""score"": ""1 - 1"", ""pct"": 13.469999999999999}, {""score"": ""0 - 0"", ""pct"": 12.97}]"
Jordan,Curaçao,Neutral,1.856,0.793,62.4,23.2,14.4,62.4,7.5,9.2,14.3,3.1,3.6,79.1,20.9,"[{""score"": ""1 - 0"", ""pct"": 13.669999999999998}, {""score"": ""2 - 0"", ""pct"": 12.23}, {""score"": ""1 - 1"", ""pct"": 9.83}]"
Jordan,DR Congo,Neutral,0.95,1.138,29.8,31.6,38.6,29.6,5.6,8.8,38.6,6.2,11.2,44.0,56.0,"[{""score"": ""0 - 1"", ""pct"": 14.19}, {""score"": ""1 - 1"", ""pct"": 13.750000000000002}, {""score"": ""0 - 0"", ""pct"": 13.55}]"
Jordan,Iraq,Neutral,1.099,1.005,36.7,32.0,31.4,37.2,6.3,10.2,32.0,5.7,8.7,53.7,46.3,"[{""score"": ""0 - 0"", ""pct"": 13.73}, {""score"": ""1 - 1"", ""pct"": 13.639999999999999}, {""score"": ""1 - 0"", ""pct"": 13.450000000000001}]"
Jordan,Ghana,Neutral,1.087,1.222,32.1,29.7,38.2,32.1,5.8,7.8,39.1,6.1,9.0,45.7,54.3,"[{""score"": ""1 - 1"", ""pct"": 13.320000000000002}, {""score"": ""0 - 1"", ""pct"": 11.95}, {""score"": ""0 - 0"", ""pct"": 10.9}]"
Jordan,Ecuador,Neutral,0.617,1.666,12.4,24.7,62.9,12.5,2.5,3.9,63.1,7.6,10.5,18.8,81.2,"[{""score"": ""0 - 1"", ""pct"": 17.630000000000003}, {""score"": ""0 - 2"", ""pct"": 14.069999999999999}, {""score"": ""1 - 1"", ""pct"": 11.110000000000001}]"
Jordan,Cape Verde,Neutral,1.185,0.998,39.5,30.7,29.7,39.3,6.5,10.2,29.6,5.6,8.7,56.1,43.9,"[{""score"": ""1 - 0"", ""pct"": 13.450000000000001}, {""score"": ""1 - 1"", ""pct"": 13.16}, {""score"": ""0 - 0"", ""pct"": 12.22}]"
Jordan,Iran,Neutral,0.803,1.567,18.2,26.4,55.4,18.0,3.6,4.8,55.7,7.8,10.0,26.5,73.5,"[{""score"": ""0 - 1"", ""pct"": 14.92}, {""score"": ""1 - 1"", ""pct"": 11.84}, {""score"": ""0 - 2"", ""pct"": 11.06}]"
Jordan,Switzerland,Neutral,0.773,2.111,11.3,19.9,68.9,11.4,2.3,2.7,68.4,7.4,7.8,16.4,83.6,"[{""score"": ""0 - 2"", ""pct"": 12.659999999999998}, {""score"": ""0 - 1"", ""pct"": 12.42}, {""score"": ""0 - 3"", ""pct"": 9.16}]"
Jordan,Bosnia and Herzegovina,Neutral,1.193,1.315,32.9,28.0,39.1,32.6,5.7,7.7,39.3,6.3,8.4,46.0,54.0,"[{""score"": ""1 - 1"", ""pct"": 12.989999999999998}, {""score"": ""0 - 1"", ""pct"": 11.07}, {""score"": ""1 - 0"", ""pct"": 9.68}]"
Jordan,Uruguay,Neutral,0.603,1.942,9.4,20.8,69.7,9.8,2.2,2.4,69.2,7.2,9.2,14.4,85.6,"[{""score"": ""0 - 1"", ""pct"": 16.5}, {""score"": ""0 - 2"", ""pct"": 14.280000000000001}, {""score"": ""0 - 3"", ""pct"": 9.370000000000001}]"
Jordan,Belgium,Neutral,0.702,2.496,7.1,15.6,77.3,7.7,1.4,1.7,77.3,6.1,5.8,10.8,89.2,"[{""score"": ""0 - 2"", ""pct"": 13.950000000000001}, {""score"": ""0 - 3"", ""pct"": 10.84}, {""score"": ""0 - 1"", ""pct"": 10.48}]"
Jordan,Germany,Neutral,0.763,2.836,6.1,13.3,80.6,6.6,1.2,1.2,81.0,5.6,4.4,9.0,91.0,"[{""score"": ""0 - 2"", ""pct"": 11.08}, {""score"": ""0 - 3"", ""pct"": 10.4}, {""score"": ""0 - 1"", ""pct"": 8.86}]"
Jordan,Senegal,Neutral,0.734,1.59,15.6,26.6,57.9,16.3,3.1,4.9,58.3,7.5,10.0,24.2,75.8,"[{""score"": ""0 - 1"", ""pct"": 16.3}, {""score"": ""1 - 1"", ""pct"": 11.82}, {""score"": ""0 - 2"", ""pct"": 11.41}]"
Jordan,Portugal,Neutral,0.604,2.651,5.3,13.2,81.5,5.3,1.0,1.1,82.0,5.8,4.8,7.4,92.6,"[{""score"": ""0 - 2"", ""pct"": 13.54}, {""score"": ""0 - 3"", ""pct"": 11.76}, {""score"": ""0 - 1"", ""pct"": 11.09}]"
Jordan,Argentina,Neutral,0.441,2.536,4.1,12.9,83.1,3.9,0.8,0.9,83.5,5.7,5.3,5.6,94.4,"[{""score"": ""0 - 2"", ""pct"": 16.68}, {""score"": ""0 - 1"", ""pct"": 13.4}, {""score"": ""0 - 3"", ""pct"": 13.26}]"
Jordan,South Africa,Neutral,1.079,1.133,33.6,30.4,36.0,33.3,5.8,9.0,36.7,5.8,9.4,48.1,51.9,"[{""score"": ""1 - 1"", ""pct"": 13.239999999999998}, {""score"": ""0 - 0"", ""pct"": 12.21}, {""score"": ""0 - 1"", ""pct"": 11.99}]"
Jordan,Paraguay,Neutral,0.774,1.44,19.9,28.1,52.0,18.7,3.8,6.3,52.3,7.9,11.1,28.7,71.3,"[{""score"": ""0 - 1"", ""pct"": 15.49}, {""score"": ""1 - 1"", ""pct"": 12.370000000000001}, {""score"": ""0 - 0"", ""pct"": 11.57}]"
Jordan,Mexico,Neutral,0.766,1.576,17.1,26.6,56.3,16.9,3.5,5.2,57.0,7.4,10.0,25.5,74.5,"[{""score"": ""0 - 1"", ""pct"": 15.78}, {""score"": ""1 - 1"", ""pct"": 11.959999999999999}, {""score"": ""0 - 2"", ""pct"": 11.72}]"
Jordan,Turkey,Neutral,0.959,1.957,16.6,21.6,61.8,16.7,3.3,3.8,60.1,7.7,8.4,23.8,76.2,"[{""score"": ""0 - 1"", ""pct"": 11.39}, {""score"": ""0 - 2"", ""pct"": 10.31}, {""score"": ""1 - 1"", ""pct"": 10.15}]"
Jordan,England,Neutral,0.5,2.456,5.1,14.1,80.8,5.0,0.9,0.9,81.1,6.3,5.8,6.8,93.1,"[{""score"": ""0 - 2"", ""pct"": 16.13}, {""score"": ""0 - 1"", ""pct"": 13.23}, {""score"": ""0 - 3"", ""pct"": 12.280000000000001}]"
Jordan,Qatar,Neutral,1.525,1.185,45.6,26.4,28.0,44.6,6.7,8.3,28.8,5.0,6.6,59.6,40.5,"[{""score"": ""1 - 1"", ""pct"": 12.3}, {""score"": ""1 - 0"", ""pct"": 10.2}, {""score"": ""2 - 1"", ""pct"": 9.49}]"
Jordan,Colombia,Neutral,0.597,2.235,7.5,17.3,75.2,7.5,1.6,2.1,75.2,6.5,7.1,11.2,88.8,"[{""score"": ""0 - 2"", ""pct"": 14.78}, {""score"": ""0 - 1"", ""pct"": 14.14}, {""score"": ""0 - 3"", ""pct"": 10.38}]"
Jordan,Czech Republic,Neutral,0.951,1.665,21.3,25.3,53.5,20.4,4.0,5.3,53.3,7.9,9.0,29.8,70.2,"[{""score"": ""0 - 1"", ""pct"": 11.799999999999999}, {""score"": ""1 - 1"", ""pct"": 11.3}, {""score"": ""0 - 2"", ""pct"": 10.290000000000001}]"
Jordan,Croatia,Neutral,0.714,2.072,11.1,19.6,69.4,10.5,2.0,2.7,69.5,7.1,8.2,15.2,84.8,"[{""score"": ""0 - 1"", ""pct"": 13.38}, {""score"": ""0 - 2"", ""pct"": 13.120000000000001}, {""score"": ""1 - 2"", ""pct"": 9.17}]"
Jordan,Netherlands,Neutral,0.717,2.576,7.9,14.1,78.0,7.0,1.4,1.5,78.2,6.3,5.6,10.0,90.0,"[{""score"": ""0 - 2"", ""pct"": 12.770000000000001}, {""score"": ""0 - 1"", ""pct"": 10.459999999999999}, {""score"": ""0 - 3"", ""pct"": 10.18}]"
Jordan,South Korea,Neutral,0.894,1.509,21.8,27.4,50.8,21.0,3.9,5.8,52.5,7.2,9.6,30.6,69.4,"[{""score"": ""0 - 1"", ""pct"": 14.030000000000001}, {""score"": ""1 - 1"", ""pct"": 11.81}, {""score"": ""0 - 0"", ""pct"": 10.530000000000001}]"
Jordan,Australia,Neutral,0.818,1.556,19.7,27.2,53.1,18.5,3.4,5.4,54.4,8.0,10.4,27.2,72.8,"[{""score"": ""0 - 1"", ""pct"": 14.549999999999999}, {""score"": ""1 - 1"", ""pct"": 12.139999999999999}, {""score"": ""0 - 2"", ""pct"": 10.96}]"
Jordan,Morocco,Neutral,0.554,1.689,10.8,23.5,65.6,10.9,1.9,3.4,65.6,7.8,10.5,16.1,83.9,"[{""score"": ""0 - 1"", ""pct"": 18.44}, {""score"": ""0 - 2"", ""pct"": 15.06}, {""score"": ""0 - 0"", ""pct"": 11.35}]"
Jordan,Scotland,Neutral,0.928,1.632,20.0,25.4,54.5,20.0,3.9,5.5,54.4,7.3,8.8,29.4,70.6,"[{""score"": ""0 - 1"", ""pct"": 13.18}, {""score"": ""1 - 1"", ""pct"": 11.709999999999999}, {""score"": ""0 - 2"", ""pct"": 10.02}]"
Jordan,Tunisia,Neutral,0.828,1.298,22.4,30.4,47.2,22.8,4.5,7.1,47.3,7.1,11.3,34.4,65.6,"[{""score"": ""0 - 1"", ""pct"": 15.73}, {""score"": ""0 - 0"", ""pct"": 13.459999999999999}, {""score"": ""1 - 1"", ""pct"": 12.91}]"
Jordan,Saudi Arabia,Neutral,1.091,1.05,35.6,31.6,32.8,35.4,6.1,9.9,33.1,5.8,9.7,51.4,48.6,"[{""score"": ""1 - 1"", ""pct"": 14.31}, {""score"": ""1 - 0"", ""pct"": 13.170000000000002}, {""score"": ""0 - 0"", ""pct"": 12.73}]"
Jordan,Austria,Neutral,0.841,1.848,15.2,23.2,61.6,15.5,3.0,3.8,62.0,7.1,8.6,22.3,77.7,"[{""score"": ""0 - 1"", ""pct"": 13.639999999999999}, {""score"": ""0 - 2"", ""pct"": 11.43}, {""score"": ""1 - 1"", ""pct"": 10.75}]"
Jordan,Haiti,Neutral,1.69,1.057,52.0,25.6,22.4,52.6,6.8,8.6,22.8,4.3,4.9,68.0,32.0,"[{""score"": ""1 - 1"", ""pct"": 11.74}, {""score"": ""1 - 0"", ""pct"": 11.04}, {""score"": ""2 - 1"", ""pct"": 9.9}]"
Jordan,Japan,Neutral,0.781,1.88,13.5,22.8,63.7,13.9,2.4,3.5,64.0,7.1,9.1,19.8,80.2,"[{""score"": ""0 - 1"", ""pct"": 13.669999999999998}, {""score"": ""0 - 2"", ""pct"": 12.61}, {""score"": ""1 - 1"", ""pct"": 9.959999999999999}]"
Jordan,Panama,Neutral,1.267,1.198,37.4,28.3,34.3,37.8,6.2,8.2,34.1,5.8,8.0,52.2,47.8,"[{""score"": ""1 - 1"", ""pct"": 13.07}, {""score"": ""1 - 0"", ""pct"": 11.07}, {""score"": ""0 - 1"", ""pct"": 10.05}]"
Jordan,Brazil,Neutral,0.514,2.782,3.7,11.5,84.8,3.9,0.9,0.7,85.4,4.9,4.2,5.5,94.5,"[{""score"": ""0 - 2"", ""pct"": 14.069999999999999}, {""score"": ""0 - 3"", ""pct"": 13.3}, {""score"": ""0 - 1"", ""pct"": 11.03}]"
Saudi Arabia,United States,Neutral,0.853,1.426,22.4,27.7,49.9,22.0,3.8,5.8,50.5,7.5,10.4,31.6,68.4,"[{""score"": ""0 - 1"", ""pct"": 14.59}, {""score"": ""1 - 1"", ""pct"": 12.75}, {""score"": ""0 - 0"", ""pct"": 10.489999999999998}]"
Saudi Arabia,Sweden,Neutral,0.803,1.734,16.4,22.7,60.9,16.0,3.0,4.7,59.1,7.7,9.5,23.7,76.3,"[{""score"": ""0 - 1"", ""pct"": 14.469999999999999}, {""score"": ""0 - 2"", ""pct"": 11.82}, {""score"": ""1 - 1"", ""pct"": 9.89}]"
Saudi Arabia,Canada,Neutral,0.811,1.294,22.6,29.5,47.9,22.3,4.4,6.8,48.0,7.0,11.5,33.6,66.4,"[{""score"": ""0 - 1"", ""pct"": 16.14}, {""score"": ""0 - 0"", ""pct"": 13.489999999999998}, {""score"": ""1 - 1"", ""pct"": 12.32}]"
Saudi Arabia,France,Neutral,0.493,2.27,5.5,15.4,79.1,6.2,1.1,1.5,77.7,6.8,6.7,8.8,91.2,"[{""score"": ""0 - 2"", ""pct"": 16.919999999999998}, {""score"": ""0 - 1"", ""pct"": 14.06}, {""score"": ""0 - 3"", ""pct"": 12.04}]"
Saudi Arabia,Egypt,Neutral,0.72,1.193,20.7,32.4,46.9,21.6,4.0,7.9,46.2,7.2,13.0,33.5,66.5,"[{""score"": ""0 - 1"", ""pct"": 17.630000000000003}, {""score"": ""0 - 0"", ""pct"": 15.85}, {""score"": ""1 - 1"", ""pct"": 13.270000000000001}]"
Saudi Arabia,Norway,Neutral,0.745,1.894,13.3,20.8,65.8,12.6,2.8,3.3,65.8,7.2,8.4,18.7,81.3,"[{""score"": ""0 - 1"", ""pct"": 13.99}, {""score"": ""0 - 2"", ""pct"": 13.13}, {""score"": ""1 - 2"", ""pct"": 9.91}]"
Saudi Arabia,Spain,Neutral,0.457,2.742,3.7,10.7,85.6,3.2,0.7,0.7,85.9,5.3,4.2,4.6,95.4,"[{""score"": ""0 - 2"", ""pct"": 15.76}, {""score"": ""0 - 3"", ""pct"": 13.719999999999999}, {""score"": ""0 - 1"", ""pct"": 12.6}]"
Saudi Arabia,Ivory Coast,Neutral,0.725,1.298,18.9,30.6,50.5,19.8,3.7,7.1,49.9,7.2,12.2,30.7,69.3,"[{""score"": ""0 - 1"", ""pct"": 16.68}, {""score"": ""0 - 0"", ""pct"": 14.299999999999999}, {""score"": ""1 - 1"", ""pct"": 12.7}]"
Saudi Arabia,New Zealand,Neutral,1.038,0.742,41.2,34.3,24.6,41.1,6.7,13.5,24.8,4.8,9.2,61.2,38.8,"[{""score"": ""0 - 0"", ""pct"": 17.93}, {""score"": ""1 - 0"", ""pct"": 17.130000000000003}, {""score"": ""1 - 1"", ""pct"": 13.13}]"
Saudi Arabia,Algeria,Neutral,0.826,1.603,18.2,26.3,55.5,18.2,3.5,5.1,55.9,7.8,9.5,26.8,73.2,"[{""score"": ""0 - 1"", ""pct"": 15.079999999999998}, {""score"": ""1 - 1"", ""pct"": 11.89}, {""score"": ""0 - 2"", ""pct"": 10.42}]"
Saudi Arabia,Uzbekistan,Neutral,0.8,1.083,25.7,32.4,41.9,24.8,5.1,9.2,41.7,7.4,11.8,39.1,60.9,"[{""score"": ""0 - 1"", ""pct"": 16.68}, {""score"": ""0 - 0"", ""pct"": 16.6}, {""score"": ""1 - 1"", ""pct"": 12.68}]"
Saudi Arabia,Curaçao,Neutral,1.605,0.714,58.4,26.1,15.5,58.9,7.8,11.0,14.7,3.0,4.6,77.7,22.3,"[{""score"": ""1 - 0"", ""pct"": 15.770000000000001}, {""score"": ""2 - 0"", ""pct"": 12.16}, {""score"": ""1 - 1"", ""pct"": 11.33}]"
Saudi Arabia,DR Congo,Neutral,0.822,1.023,27.4,33.7,38.9,28.4,5.2,9.5,38.5,6.6,11.9,43.0,57.0,"[{""score"": ""0 - 0"", ""pct"": 16.869999999999997}, {""score"": ""0 - 1"", ""pct"": 16.0}, {""score"": ""1 - 1"", ""pct"": 13.48}]"
Saudi Arabia,Iraq,Neutral,0.95,0.904,35.2,33.0,31.9,33.7,6.2,11.8,31.8,6.0,10.5,51.8,48.2,"[{""score"": ""0 - 0"", ""pct"": 16.39}, {""score"": ""1 - 0"", ""pct"": 15.42}, {""score"": ""0 - 1"", ""pct"": 14.000000000000002}]"
Saudi Arabia,Ghana,Neutral,0.94,1.099,30.1,31.9,38.0,29.3,5.4,9.3,38.8,6.5,10.7,43.9,56.1,"[{""score"": ""0 - 0"", ""pct"": 14.81}, {""score"": ""0 - 1"", ""pct"": 13.88}, {""score"": ""1 - 1"", ""pct"": 12.85}]"
Saudi Arabia,Ecuador,Neutral,0.534,1.498,11.9,27.1,61.0,12.2,2.6,4.1,61.3,7.5,12.2,19.0,81.0,"[{""score"": ""0 - 1"", ""pct"": 18.98}, {""score"": ""0 - 2"", ""pct"": 14.91}, {""score"": ""0 - 0"", ""pct"": 14.000000000000002}]"
Saudi Arabia,Cape Verde,Neutral,1.025,0.898,37.5,32.7,29.9,36.9,6.4,11.2,30.2,5.5,9.8,54.5,45.5,"[{""score"": ""0 - 0"", ""pct"": 15.22}, {""score"": ""1 - 0"", ""pct"": 14.979999999999999}, {""score"": ""1 - 1"", ""pct"": 13.34}]"
Saudi Arabia,Iran,Neutral,0.695,1.409,17.5,29.7,52.8,17.7,3.1,5.8,54.0,8.0,11.3,26.6,73.4,"[{""score"": ""0 - 1"", ""pct"": 17.03}, {""score"": ""0 - 0"", ""pct"": 14.030000000000001}, {""score"": ""1 - 1"", ""pct"": 12.09}]"
Saudi Arabia,Switzerland,Neutral,0.669,1.899,11.2,21.9,66.8,11.7,2.1,3.0,67.0,7.6,8.6,16.8,83.2,"[{""score"": ""0 - 1"", ""pct"": 15.47}, {""score"": ""0 - 2"", ""pct"": 13.719999999999999}, {""score"": ""1 - 1"", ""pct"": 9.58}]"
Saudi Arabia,Bosnia and Herzegovina,Neutral,1.032,1.183,30.8,30.6,38.6,31.1,5.8,8.5,38.5,6.3,9.8,45.4,54.6,"[{""score"": ""1 - 1"", ""pct"": 13.850000000000001}, {""score"": ""0 - 1"", ""pct"": 12.6}, {""score"": ""0 - 0"", ""pct"": 11.83}]"
Saudi Arabia,Uruguay,Neutral,0.522,1.746,9.4,23.3,67.4,9.7,2.1,3.1,67.4,7.5,10.2,14.8,85.2,"[{""score"": ""0 - 1"", ""pct"": 18.6}, {""score"": ""0 - 2"", ""pct"": 15.509999999999998}, {""score"": ""0 - 0"", ""pct"": 11.58}]"
Saudi Arabia,Belgium,Neutral,0.607,2.245,7.3,16.9,75.8,7.5,1.5,2.0,75.0,6.7,7.3,10.9,89.0,"[{""score"": ""0 - 2"", ""pct"": 14.77}, {""score"": ""0 - 1"", ""pct"": 13.56}, {""score"": ""0 - 3"", ""pct"": 10.6}]"
Saudi Arabia,Germany,Neutral,0.66,2.55,6.6,14.4,79.0,6.4,1.3,1.6,79.2,6.3,5.3,9.2,90.8,"[{""score"": ""0 - 2"", ""pct"": 13.5}, {""score"": ""0 - 1"", ""pct"": 10.73}, {""score"": ""0 - 3"", ""pct"": 10.66}]"
Saudi Arabia,Senegal,Neutral,0.635,1.43,15.7,28.3,56.0,15.0,3.1,5.4,57.1,7.4,12.0,23.4,76.6,"[{""score"": ""0 - 1"", ""pct"": 17.84}, {""score"": ""0 - 0"", ""pct"": 13.68}, {""score"": ""0 - 2"", ""pct"": 12.47}]"
Saudi Arabia,Portugal,Neutral,0.522,2.384,5.3,15.5,79.2,5.1,1.1,1.5,80.4,5.8,6.2,7.7,92.3,"[{""score"": ""0 - 2"", ""pct"": 15.690000000000001}, {""score"": ""0 - 1"", ""pct"": 13.54}, {""score"": ""0 - 3"", ""pct"": 11.58}]"
Saudi Arabia,Argentina,Neutral,0.381,2.28,3.9,15.1,81.0,4.3,0.9,0.9,81.4,6.1,6.4,6.1,93.9,"[{""score"": ""0 - 2"", ""pct"": 18.44}, {""score"": ""0 - 1"", ""pct"": 16.009999999999998}, {""score"": ""0 - 3"", ""pct"": 13.11}]"
Saudi Arabia,South Africa,Neutral,0.933,1.019,30.8,32.8,36.4,30.3,6.2,9.4,37.0,6.3,10.8,45.9,54.1,"[{""score"": ""0 - 0"", ""pct"": 15.06}, {""score"": ""0 - 1"", ""pct"": 14.34}, {""score"": ""1 - 1"", ""pct"": 13.469999999999999}]"
Saudi Arabia,Paraguay,Neutral,0.67,1.295,18.4,30.4,51.2,18.5,3.2,6.3,52.5,7.3,12.2,28.0,72.0,"[{""score"": ""0 - 1"", ""pct"": 18.240000000000002}, {""score"": ""0 - 0"", ""pct"": 14.89}, {""score"": ""1 - 1"", ""pct"": 12.35}]"
Saudi Arabia,Mexico,Neutral,0.662,1.418,16.5,29.1,54.4,16.5,3.5,5.6,54.9,7.6,11.8,25.7,74.3,"[{""score"": ""0 - 1"", ""pct"": 17.53}, {""score"": ""0 - 0"", ""pct"": 13.88}, {""score"": ""0 - 2"", ""pct"": 12.25}]"
Saudi Arabia,Turkey,Neutral,0.83,1.76,16.7,24.1,59.3,16.2,3.0,4.4,59.1,7.9,9.3,23.6,76.3,"[{""score"": ""0 - 1"", ""pct"": 13.88}, {""score"": ""0 - 2"", ""pct"": 11.61}, {""score"": ""1 - 1"", ""pct"": 11.19}]"
Saudi Arabia,England,Neutral,0.433,2.209,5.2,15.8,79.0,5.2,1.1,1.3,78.7,6.2,7.5,7.6,92.4,"[{""score"": ""0 - 2"", ""pct"": 17.549999999999997}, {""score"": ""0 - 1"", ""pct"": 16.09}, {""score"": ""0 - 3"", ""pct"": 12.5}]"
Saudi Arabia,Qatar,Neutral,1.319,1.066,41.5,28.5,29.9,41.0,6.7,9.4,29.8,5.6,7.6,57.1,42.9,"[{""score"": ""1 - 1"", ""pct"": 12.58}, {""score"": ""1 - 0"", ""pct"": 12.31}, {""score"": ""0 - 0"", ""pct"": 10.31}]"
Saudi Arabia,Colombia,Neutral,0.516,2.01,7.1,19.1,73.7,7.5,1.5,2.6,72.9,7.0,8.5,11.6,88.4,"[{""score"": ""0 - 1"", ""pct"": 17.19}, {""score"": ""0 - 2"", ""pct"": 16.23}, {""score"": ""0 - 3"", ""pct"": 10.26}]"
Saudi Arabia,Czech Republic,Neutral,0.822,1.497,19.5,27.0,53.4,19.7,3.7,5.9,52.7,7.5,10.4,29.4,70.6,"[{""score"": ""0 - 1"", ""pct"": 15.39}, {""score"": ""1 - 1"", ""pct"": 11.73}, {""score"": ""0 - 0"", ""pct"": 10.99}]"
Saudi Arabia,Croatia,Neutral,0.618,1.863,10.3,21.3,68.4,10.7,2.3,3.1,67.2,7.2,9.6,16.0,84.0,"[{""score"": ""0 - 1"", ""pct"": 16.45}, {""score"": ""0 - 2"", ""pct"": 14.75}, {""score"": ""1 - 2"", ""pct"": 9.139999999999999}]"
Saudi Arabia,Netherlands,Neutral,0.62,2.317,7.4,16.4,76.2,7.5,1.5,1.7,76.5,6.6,6.3,10.7,89.3,"[{""score"": ""0 - 2"", ""pct"": 14.34}, {""score"": ""0 - 1"", ""pct"": 12.590000000000002}, {""score"": ""0 - 3"", ""pct"": 10.65}]"
Saudi Arabia,South Korea,Neutral,0.774,1.357,19.1,30.0,50.9,20.7,3.7,6.6,50.4,7.5,11.0,31.1,68.9,"[{""score"": ""0 - 1"", ""pct"": 16.49}, {""score"": ""0 - 0"", ""pct"": 13.08}, {""score"": ""1 - 1"", ""pct"": 12.920000000000002}]"
Saudi Arabia,Australia,Neutral,0.708,1.399,18.0,28.5,53.6,17.3,3.6,5.9,53.6,7.7,11.9,26.8,73.2,"[{""score"": ""0 - 1"", ""pct"": 16.86}, {""score"": ""0 - 0"", ""pct"": 12.78}, {""score"": ""1 - 1"", ""pct"": 11.84}]"
Saudi Arabia,Morocco,Neutral,0.48,1.519,11.5,25.7,62.8,10.5,2.1,4.0,63.2,7.9,12.3,16.6,83.4,"[{""score"": ""0 - 1"", ""pct"": 21.45}, {""score"": ""0 - 2"", ""pct"": 14.580000000000002}, {""score"": ""0 - 0"", ""pct"": 14.02}]"
Saudi Arabia,Scotland,Neutral,0.803,1.467,19.9,27.6,52.5,19.6,3.7,6.0,52.4,7.5,10.9,29.2,70.8,"[{""score"": ""0 - 1"", ""pct"": 15.540000000000001}, {""score"": ""1 - 1"", ""pct"": 12.1}, {""score"": ""0 - 0"", ""pct"": 11.06}]"
Saudi Arabia,Tunisia,Neutral,0.716,1.167,21.7,32.6,45.8,20.9,3.9,7.8,47.1,7.2,13.1,32.6,67.3,"[{""score"": ""0 - 1"", ""pct"": 17.62}, {""score"": ""0 - 0"", ""pct"": 17.03}, {""score"": ""1 - 1"", ""pct"": 12.540000000000001}]"
Saudi Arabia,Jordan,Neutral,1.05,1.091,34.2,31.0,34.8,33.8,5.7,9.3,35.2,6.1,9.9,48.8,51.2,"[{""score"": ""1 - 1"", ""pct"": 13.389999999999999}, {""score"": ""0 - 0"", ""pct"": 12.83}, {""score"": ""1 - 0"", ""pct"": 12.53}]"
Saudi Arabia,Austria,Neutral,0.728,1.662,14.9,25.3,59.7,15.6,2.8,4.3,59.8,7.5,10.0,22.7,77.3,"[{""score"": ""0 - 1"", ""pct"": 15.27}, {""score"": ""0 - 2"", ""pct"": 12.5}, {""score"": ""1 - 1"", ""pct"": 11.04}]"
Saudi Arabia,Haiti,Neutral,1.462,0.95,49.3,27.2,23.5,48.2,7.4,9.9,23.9,4.2,6.4,65.5,34.5,"[{""score"": ""1 - 0"", ""pct"": 13.59}, {""score"": ""1 - 1"", ""pct"": 12.53}, {""score"": ""0 - 0"", ""pct"": 9.65}]"
Saudi Arabia,Japan,Neutral,0.676,1.69,13.6,24.1,62.3,13.3,2.8,4.0,61.9,7.8,10.1,20.2,79.8,"[{""score"": ""0 - 1"", ""pct"": 16.57}, {""score"": ""0 - 2"", ""pct"": 13.350000000000001}, {""score"": ""0 - 0"", ""pct"": 10.36}]"
Saudi Arabia,Panama,Neutral,1.096,1.078,34.4,30.6,35.0,35.1,6.3,9.7,33.7,5.8,9.5,51.1,48.9,"[{""score"": ""1 - 1"", ""pct"": 13.469999999999999}, {""score"": ""0 - 1"", ""pct"": 13.03}, {""score"": ""1 - 0"", ""pct"": 12.55}]"
Saudi Arabia,Brazil,Neutral,0.444,2.502,4.2,13.1,82.8,4.0,0.9,1.2,83.2,5.3,5.5,6.1,93.9,"[{""score"": ""0 - 2"", ""pct"": 16.37}, {""score"": ""0 - 3"", ""pct"": 13.850000000000001}, {""score"": ""0 - 1"", ""pct"": 13.71}]"
Austria,United States,Neutral,1.501,1.1,46.3,26.5,27.2,45.8,6.8,9.8,26.4,5.1,6.1,62.4,37.6,"[{""score"": ""1 - 1"", ""pct"": 11.82}, {""score"": ""1 - 0"", ""pct"": 11.29}, {""score"": ""2 - 1"", ""pct"": 9.700000000000001}]"
Austria,Sweden,Neutral,1.414,1.337,38.0,26.6,35.4,39.3,6.0,7.2,34.8,6.0,6.7,52.6,47.4,"[{""score"": ""1 - 1"", ""pct"": 11.61}, {""score"": ""1 - 0"", ""pct"": 8.97}, {""score"": ""0 - 1"", ""pct"": 8.73}]"
Austria,Canada,Neutral,1.427,0.998,47.4,27.2,25.4,47.2,7.6,9.2,24.4,4.6,7.0,64.0,36.0,"[{""score"": ""1 - 0"", ""pct"": 12.870000000000001}, {""score"": ""1 - 1"", ""pct"": 12.590000000000002}, {""score"": ""2 - 1"", ""pct"": 9.71}]"
Austria,France,Neutral,0.868,1.75,17.3,24.6,58.1,17.6,3.1,5.0,57.8,7.7,8.8,25.7,74.3,"[{""score"": ""0 - 1"", ""pct"": 12.989999999999998}, {""score"": ""0 - 2"", ""pct"": 10.97}, {""score"": ""1 - 1"", ""pct"": 10.66}]"
Austria,Egypt,Neutral,1.268,0.92,44.6,29.8,25.5,44.0,6.8,10.2,25.9,5.1,8.1,61.0,39.0,"[{""score"": ""1 - 0"", ""pct"": 14.719999999999999}, {""score"": ""1 - 1"", ""pct"": 13.01}, {""score"": ""0 - 0"", ""pct"": 12.26}]"
Austria,Norway,Neutral,1.312,1.46,33.5,26.6,39.8,33.7,5.7,6.5,39.7,6.8,7.6,45.9,54.1,"[{""score"": ""1 - 1"", ""pct"": 11.99}, {""score"": ""0 - 1"", ""pct"": 9.379999999999999}, {""score"": ""1 - 2"", ""pct"": 8.68}]"
Austria,Spain,Neutral,0.804,2.114,11.6,20.2,68.2,12.2,2.2,3.0,68.0,7.2,7.4,17.4,82.6,"[{""score"": ""0 - 2"", ""pct"": 12.25}, {""score"": ""0 - 1"", ""pct"": 12.01}, {""score"": ""1 - 2"", ""pct"": 10.13}]"
Austria,Ivory Coast,Neutral,1.276,1.001,41.8,30.1,28.1,41.9,6.7,9.5,28.7,5.2,8.0,58.1,41.9,"[{""score"": ""1 - 1"", ""pct"": 12.989999999999998}, {""score"": ""1 - 0"", ""pct"": 12.839999999999998}, {""score"": ""0 - 0"", ""pct"": 11.690000000000001}]"
Austria,New Zealand,Neutral,1.828,0.572,68.1,21.5,10.3,67.8,7.3,9.8,10.2,2.0,2.9,84.9,15.1,"[{""score"": ""1 - 0"", ""pct"": 17.29}, {""score"": ""2 - 0"", ""pct"": 15.55}, {""score"": ""0 - 0"", ""pct"": 9.84}]"
Austria,Algeria,Neutral,1.455,1.236,41.9,26.6,31.5,41.1,6.4,8.2,31.7,5.4,7.1,55.8,44.2,"[{""score"": ""1 - 1"", ""pct"": 12.53}, {""score"": ""1 - 0"", ""pct"": 10.05}, {""score"": ""2 - 1"", ""pct"": 8.81}]"
Austria,Uzbekistan,Neutral,1.409,0.835,50.0,29.0,21.0,50.1,7.3,10.4,22.0,3.9,6.3,67.8,32.2,"[{""score"": ""1 - 0"", ""pct"": 14.7}, {""score"": ""1 - 1"", ""pct"": 12.43}, {""score"": ""0 - 0"", ""pct"": 12.1}]"
Austria,Curaçao,Neutral,2.826,0.55,85.1,10.8,4.1,84.9,5.2,4.3,3.8,0.8,1.0,94.4,5.6,"[{""score"": ""2 - 0"", ""pct"": 14.38}, {""score"": ""3 - 0"", ""pct"": 12.280000000000001}, {""score"": ""1 - 0"", ""pct"": 9.75}]"
Austria,DR Congo,Neutral,1.448,0.789,52.6,28.1,19.2,53.1,7.4,10.9,18.5,3.8,6.2,71.4,28.6,"[{""score"": ""1 - 0"", ""pct"": 15.57}, {""score"": ""1 - 1"", ""pct"": 12.17}, {""score"": ""0 - 0"", ""pct"": 11.49}]"
Austria,Iraq,Neutral,1.673,0.697,61.4,24.4,14.2,60.5,8.1,10.5,14.3,2.7,3.9,79.0,21.0,"[{""score"": ""1 - 0"", ""pct"": 16.16}, {""score"": ""2 - 0"", ""pct"": 13.58}, {""score"": ""0 - 0"", ""pct"": 10.59}]"
Austria,Ghana,Neutral,1.655,0.847,56.5,25.7,17.7,56.9,7.8,9.0,17.6,3.5,5.2,73.7,26.3,"[{""score"": ""1 - 0"", ""pct"": 14.17}, {""score"": ""1 - 1"", ""pct"": 11.540000000000001}, {""score"": ""2 - 0"", ""pct"": 10.91}]"
Austria,Ecuador,Neutral,0.94,1.155,28.0,32.1,39.8,29.3,5.0,8.5,39.4,7.1,10.7,42.8,57.2,"[{""score"": ""0 - 1"", ""pct"": 14.360000000000001}, {""score"": ""1 - 1"", ""pct"": 13.919999999999998}, {""score"": ""0 - 0"", ""pct"": 13.87}]"
Austria,Cape Verde,Neutral,1.805,0.692,64.0,23.2,12.8,63.3,7.7,9.4,13.0,2.9,3.7,80.5,19.5,"[{""score"": ""1 - 0"", ""pct"": 15.4}, {""score"": ""2 - 0"", ""pct"": 13.3}, {""score"": ""1 - 1"", ""pct"": 10.09}]"
Austria,Iran,Neutral,1.223,1.086,39.1,29.4,31.5,37.6,6.6,9.6,32.2,5.1,8.9,53.8,46.2,"[{""score"": ""1 - 1"", ""pct"": 12.7}, {""score"": ""1 - 0"", ""pct"": 11.86}, {""score"": ""0 - 0"", ""pct"": 11.53}]"
Austria,Switzerland,Neutral,1.178,1.464,29.7,27.5,42.8,29.9,5.3,6.8,43.1,6.6,8.4,41.9,58.1,"[{""score"": ""1 - 1"", ""pct"": 12.58}, {""score"": ""0 - 1"", ""pct"": 11.360000000000001}, {""score"": ""1 - 2"", ""pct"": 8.89}]"
Austria,Bosnia and Herzegovina,Neutral,1.817,0.912,58.4,23.9,17.7,58.6,7.6,8.5,17.8,3.4,4.0,74.8,25.2,"[{""score"": ""1 - 0"", ""pct"": 12.46}, {""score"": ""1 - 1"", ""pct"": 11.07}, {""score"": ""2 - 0"", ""pct"": 9.9}]"
Austria,Uruguay,Neutral,0.919,1.346,24.2,29.5,46.3,24.4,4.5,6.6,46.8,7.1,10.6,35.5,64.5,"[{""score"": ""0 - 1"", ""pct"": 14.180000000000001}, {""score"": ""1 - 1"", ""pct"": 13.320000000000002}, {""score"": ""0 - 0"", ""pct"": 11.360000000000001}]"
Austria,Belgium,Neutral,1.069,1.731,21.7,25.5,52.8,22.5,4.3,5.3,51.9,7.4,8.6,32.0,68.0,"[{""score"": ""1 - 1"", ""pct"": 11.06}, {""score"": ""0 - 1"", ""pct"": 10.71}, {""score"": ""1 - 2"", ""pct"": 10.01}]"
Austria,Germany,Neutral,1.162,1.966,21.1,23.4,55.4,21.3,3.8,4.3,55.9,7.5,7.1,29.5,70.5,"[{""score"": ""1 - 1"", ""pct"": 10.17}, {""score"": ""1 - 2"", ""pct"": 9.46}, {""score"": ""0 - 1"", ""pct"": 8.88}]"
Austria,Senegal,Neutral,1.118,1.103,35.6,29.7,34.7,34.5,6.5,9.3,34.8,5.9,9.0,50.3,49.7,"[{""score"": ""1 - 1"", ""pct"": 12.950000000000001}, {""score"": ""0 - 1"", ""pct"": 11.95}, {""score"": ""0 - 0"", ""pct"": 11.93}]"
Austria,Portugal,Neutral,0.919,1.838,17.3,23.0,59.8,17.8,3.2,4.2,58.9,7.3,8.5,25.3,74.7,"[{""score"": ""0 - 1"", ""pct"": 12.989999999999998}, {""score"": ""1 - 1"", ""pct"": 10.6}, {""score"": ""0 - 2"", ""pct"": 10.56}]"
Austria,Argentina,Neutral,0.671,1.758,12.7,24.2,63.1,13.2,2.7,3.6,63.8,7.7,9.1,19.5,80.5,"[{""score"": ""0 - 1"", ""pct"": 16.18}, {""score"": ""0 - 2"", ""pct"": 12.839999999999998}, {""score"": ""1 - 1"", ""pct"": 10.65}]"
Austria,South Africa,Neutral,1.643,0.786,58.4,25.3,16.3,58.1,7.6,9.9,16.4,3.4,4.7,75.6,24.4,"[{""score"": ""1 - 0"", ""pct"": 14.510000000000002}, {""score"": ""2 - 0"", ""pct"": 11.82}, {""score"": ""1 - 1"", ""pct"": 11.559999999999999}]"
Austria,Paraguay,Neutral,1.18,0.998,39.6,30.2,30.2,39.5,6.7,9.5,30.5,5.8,8.2,55.6,44.4,"[{""score"": ""1 - 0"", ""pct"": 13.11}, {""score"": ""1 - 1"", ""pct"": 13.11}, {""score"": ""0 - 0"", ""pct"": 12.030000000000001}]"
Austria,Mexico,Neutral,1.166,1.093,36.9,29.8,33.3,37.5,6.1,9.1,32.5,5.9,8.8,52.8,47.2,"[{""score"": ""1 - 1"", ""pct"": 13.08}, {""score"": ""0 - 1"", ""pct"": 11.83}, {""score"": ""1 - 0"", ""pct"": 11.82}]"
Austria,Turkey,Neutral,1.461,1.357,39.5,26.0,34.6,39.8,6.0,7.7,33.5,5.9,7.1,53.5,46.5,"[{""score"": ""1 - 1"", ""pct"": 11.89}, {""score"": ""1 - 0"", ""pct"": 9.34}, {""score"": ""0 - 1"", ""pct"": 8.450000000000001}]"
Austria,England,Neutral,0.762,1.703,15.4,24.0,60.6,15.8,2.5,4.2,59.8,7.6,10.1,22.5,77.5,"[{""score"": ""0 - 1"", ""pct"": 15.120000000000001}, {""score"": ""0 - 2"", ""pct"": 12.25}, {""score"": ""1 - 1"", ""pct"": 10.89}]"
Austria,Qatar,Neutral,2.323,0.822,71.4,17.7,10.9,71.5,6.7,6.9,10.7,2.0,2.2,85.1,14.9,"[{""score"": ""2 - 0"", ""pct"": 11.600000000000001}, {""score"": ""1 - 0"", ""pct"": 10.299999999999999}, {""score"": ""2 - 1"", ""pct"": 9.31}]"
Austria,Colombia,Neutral,0.909,1.549,21.0,27.2,51.7,20.8,3.8,5.5,53.0,7.2,9.6,30.1,69.9,"[{""score"": ""0 - 1"", ""pct"": 13.700000000000001}, {""score"": ""1 - 1"", ""pct"": 12.08}, {""score"": ""0 - 2"", ""pct"": 9.93}]"
Austria,Czech Republic,Neutral,1.448,1.155,43.8,27.3,28.9,44.0,6.7,8.3,28.5,5.3,7.2,59.0,41.0,"[{""score"": ""1 - 1"", ""pct"": 12.479999999999999}, {""score"": ""1 - 0"", ""pct"": 10.48}, {""score"": ""2 - 1"", ""pct"": 8.92}]"
Austria,Croatia,Neutral,1.087,1.437,28.1,27.8,44.2,27.2,5.2,6.7,44.2,7.0,9.7,39.2,60.8,"[{""score"": ""1 - 1"", ""pct"": 12.7}, {""score"": ""0 - 1"", ""pct"": 11.709999999999999}, {""score"": ""0 - 0"", ""pct"": 8.98}]"
Austria,Netherlands,Neutral,1.092,1.786,22.5,24.2,53.3,22.8,3.9,4.9,53.5,7.1,7.8,31.6,68.4,"[{""score"": ""1 - 1"", ""pct"": 11.14}, {""score"": ""0 - 1"", ""pct"": 10.72}, {""score"": ""1 - 2"", ""pct"": 9.69}]"
Austria,South Korea,Neutral,1.362,1.046,44.5,28.4,27.0,43.7,6.7,9.3,28.1,5.0,7.2,59.8,40.2,"[{""score"": ""1 - 1"", ""pct"": 13.239999999999998}, {""score"": ""1 - 0"", ""pct"": 12.53}, {""score"": ""0 - 0"", ""pct"": 9.71}]"
Austria,Australia,Neutral,1.246,1.079,40.1,29.1,30.8,40.4,6.2,10.0,30.7,5.5,7.3,56.6,43.4,"[{""score"": ""1 - 1"", ""pct"": 12.809999999999999}, {""score"": ""1 - 0"", ""pct"": 11.93}, {""score"": ""0 - 0"", ""pct"": 10.71}]"
Austria,Morocco,Neutral,0.845,1.171,25.1,32.0,42.8,25.6,4.6,8.4,42.9,6.9,11.6,38.6,61.4,"[{""score"": ""0 - 1"", ""pct"": 15.540000000000001}, {""score"": ""0 - 0"", ""pct"": 14.91}, {""score"": ""1 - 1"", ""pct"": 13.52}]"
Austria,Scotland,Neutral,1.413,1.131,42.9,27.9,29.2,42.6,7.0,8.9,29.6,4.9,6.9,58.6,41.4,"[{""score"": ""1 - 1"", ""pct"": 13.020000000000001}, {""score"": ""1 - 0"", ""pct"": 11.129999999999999}, {""score"": ""0 - 1"", ""pct"": 9.139999999999999}]"
Austria,Tunisia,Neutral,1.261,0.9,44.2,30.3,25.5,43.9,7.1,10.7,25.4,5.1,7.8,61.7,38.3,"[{""score"": ""1 - 0"", ""pct"": 14.719999999999999}, {""score"": ""1 - 1"", ""pct"": 13.19}, {""score"": ""0 - 0"", ""pct"": 12.72}]"
Austria,Jordan,Neutral,1.848,0.841,60.6,23.0,16.4,61.6,7.4,8.7,15.3,3.0,4.0,77.7,22.3,"[{""score"": ""1 - 0"", ""pct"": 12.44}, {""score"": ""2 - 0"", ""pct"": 10.92}, {""score"": ""1 - 1"", ""pct"": 10.41}]"
Austria,Saudi Arabia,Neutral,1.662,0.728,59.6,25.0,15.4,60.2,7.5,9.7,15.4,3.0,4.2,77.4,22.6,"[{""score"": ""1 - 0"", ""pct"": 15.64}, {""score"": ""2 - 0"", ""pct"": 12.46}, {""score"": ""1 - 1"", ""pct"": 10.68}]"
Austria,Haiti,Neutral,2.574,0.733,77.6,14.9,7.5,77.5,6.3,5.5,7.8,1.5,1.4,89.3,10.7,"[{""score"": ""2 - 0"", ""pct"": 12.45}, {""score"": ""1 - 0"", ""pct"": 10.45}, {""score"": ""3 - 0"", ""pct"": 10.03}]"
Austria,Japan,Neutral,1.19,1.303,32.8,29.0,38.1,32.6,5.8,7.9,38.5,6.2,8.9,46.3,53.6,"[{""score"": ""1 - 1"", ""pct"": 13.139999999999999}, {""score"": ""0 - 1"", ""pct"": 10.63}, {""score"": ""1 - 0"", ""pct"": 9.950000000000001}]"
Austria,Panama,Neutral,1.93,0.831,62.5,23.3,14.2,63.1,7.5,9.0,14.3,2.9,3.3,79.5,20.4,"[{""score"": ""1 - 0"", ""pct"": 12.32}, {""score"": ""2 - 0"", ""pct"": 10.96}, {""score"": ""1 - 1"", ""pct"": 10.79}]"
Austria,Brazil,Neutral,0.782,1.929,12.7,21.6,65.7,13.3,2.5,3.7,64.0,7.4,9.0,19.6,80.4,"[{""score"": ""0 - 1"", ""pct"": 13.28}, {""score"": ""0 - 2"", ""pct"": 12.620000000000001}, {""score"": ""1 - 2"", ""pct"": 9.66}]"
Haiti,United States,Neutral,0.858,2.209,12.8,19.2,68.0,12.3,2.5,2.9,67.8,7.5,7.1,17.6,82.4,"[{""score"": ""0 - 2"", ""pct"": 11.52}, {""score"": ""0 - 1"", ""pct"": 11.09}, {""score"": ""1 - 2"", ""pct"": 9.01}]"
Haiti,Sweden,Neutral,0.809,2.686,7.8,14.4,77.8,8.4,1.5,1.8,76.7,6.4,5.1,11.7,88.3,"[{""score"": ""0 - 2"", ""pct"": 11.75}, {""score"": ""0 - 3"", ""pct"": 9.610000000000001}, {""score"": ""0 - 1"", ""pct"": 8.75}]"
Haiti,Canada,Neutral,0.816,2.004,13.6,20.6,65.7,13.9,2.4,3.3,64.8,8.0,7.7,19.6,80.4,"[{""score"": ""0 - 1"", ""pct"": 12.870000000000001}, {""score"": ""0 - 2"", ""pct"": 11.82}, {""score"": ""1 - 2"", ""pct"": 10.14}]"
Haiti,France,Neutral,0.496,3.515,2.2,6.2,91.6,2.1,0.3,0.2,91.9,3.5,1.9,2.7,97.3,"[{""score"": ""0 - 3"", ""pct"": 13.209999999999999}, {""score"": ""0 - 2"", ""pct"": 11.42}, {""score"": ""0 - 4"", ""pct"": 10.95}]"
Haiti,Egypt,Neutral,0.725,1.847,12.8,22.3,65.0,13.1,2.6,4.0,64.4,7.4,8.5,19.8,80.2,"[{""score"": ""0 - 1"", ""pct"": 14.729999999999999}, {""score"": ""0 - 2"", ""pct"": 13.34}, {""score"": ""1 - 1"", ""pct"": 10.100000000000001}]"
Haiti,Norway,Neutral,0.75,2.933,5.5,11.8,82.7,6.1,0.9,1.1,82.2,5.6,4.1,8.1,91.9,"[{""score"": ""0 - 3"", ""pct"": 11.1}, {""score"": ""0 - 2"", ""pct"": 10.979999999999999}, {""score"": ""1 - 3"", ""pct"": 8.260000000000002}]"
Haiti,Spain,Neutral,0.46,4.246,0.8,3.4,95.9,0.9,0.1,0.1,95.8,2.2,0.9,1.1,98.9,"[{""score"": ""0 - 4"", ""pct"": 12.709999999999999}, {""score"": ""0 - 3"", ""pct"": 11.89}, {""score"": ""0 - 5"", ""pct"": 9.84}]"
Haiti,Ivory Coast,Neutral,0.729,2.011,12.3,20.1,67.5,11.4,2.1,2.8,68.5,7.4,7.9,16.3,83.7,"[{""score"": ""0 - 1"", ""pct"": 12.98}, {""score"": ""0 - 2"", ""pct"": 12.98}, {""score"": ""1 - 1"", ""pct"": 9.45}]"
Haiti,New Zealand,Neutral,1.045,1.149,31.5,31.2,37.2,32.2,5.6,8.8,37.8,5.9,9.7,46.7,53.3,"[{""score"": ""1 - 1"", ""pct"": 14.05}, {""score"": ""0 - 1"", ""pct"": 12.509999999999998}, {""score"": ""0 - 0"", ""pct"": 11.95}]"
Haiti,Algeria,Neutral,0.832,2.483,10.1,16.5,73.4,9.4,1.7,1.7,74.6,6.5,6.0,12.8,87.2,"[{""score"": ""0 - 2"", ""pct"": 10.9}, {""score"": ""1 - 2"", ""pct"": 9.34}, {""score"": ""0 - 1"", ""pct"": 9.32}]"
Haiti,Uzbekistan,Neutral,0.806,1.677,16.9,24.7,58.3,17.1,3.5,4.4,58.0,7.3,9.6,25.1,74.9,"[{""score"": ""0 - 1"", ""pct"": 14.38}, {""score"": ""0 - 2"", ""pct"": 11.700000000000001}, {""score"": ""1 - 1"", ""pct"": 11.200000000000001}]"
Haiti,Curaçao,Neutral,1.616,1.105,49.9,25.6,24.6,49.0,7.2,8.6,25.2,4.7,5.3,64.8,35.2,"[{""score"": ""1 - 1"", ""pct"": 12.0}, {""score"": ""1 - 0"", ""pct"": 11.53}, {""score"": ""2 - 1"", ""pct"": 9.35}]"
Haiti,DR Congo,Neutral,0.828,1.585,17.8,26.1,56.1,18.6,3.7,5.0,55.2,7.8,9.7,27.3,72.7,"[{""score"": ""0 - 1"", ""pct"": 14.549999999999999}, {""score"": ""1 - 1"", ""pct"": 11.64}, {""score"": ""0 - 2"", ""pct"": 11.03}]"
Haiti,Iraq,Neutral,0.957,1.4,24.1,29.0,46.9,25.4,4.5,6.8,45.7,7.4,10.3,36.7,63.3,"[{""score"": ""0 - 1"", ""pct"": 13.56}, {""score"": ""1 - 1"", ""pct"": 12.93}, {""score"": ""0 - 0"", ""pct"": 10.75}]"
Haiti,Ghana,Neutral,0.946,1.702,19.7,25.6,54.6,20.5,3.8,5.0,54.0,7.7,9.0,29.3,70.7,"[{""score"": ""0 - 1"", ""pct"": 12.740000000000002}, {""score"": ""1 - 1"", ""pct"": 11.3}, {""score"": ""0 - 2"", ""pct"": 10.4}]"
Haiti,Ecuador,Neutral,0.538,2.32,6.1,15.6,78.4,5.9,1.1,1.4,78.6,6.5,6.4,8.4,91.6,"[{""score"": ""0 - 2"", ""pct"": 15.870000000000001}, {""score"": ""0 - 1"", ""pct"": 13.68}, {""score"": ""0 - 3"", ""pct"": 11.95}]"
Haiti,Cape Verde,Neutral,1.032,1.39,26.9,28.5,44.6,27.2,5.1,6.9,45.0,6.3,9.4,39.2,60.8,"[{""score"": ""1 - 1"", ""pct"": 12.620000000000001}, {""score"": ""0 - 1"", ""pct"": 12.540000000000001}, {""score"": ""0 - 0"", ""pct"": 10.0}]"
Haiti,Iran,Neutral,0.699,2.182,9.6,18.2,72.2,9.8,1.8,2.3,71.9,7.1,7.0,14.0,86.0,"[{""score"": ""0 - 2"", ""pct"": 13.750000000000002}, {""score"": ""0 - 1"", ""pct"": 12.709999999999999}, {""score"": ""1 - 2"", ""pct"": 9.54}]"
Haiti,Switzerland,Neutral,0.673,2.941,4.8,11.2,84.1,4.9,0.9,0.8,83.8,5.5,4.0,6.6,93.4,"[{""score"": ""0 - 2"", ""pct"": 11.95}, {""score"": ""0 - 3"", ""pct"": 11.41}, {""score"": ""0 - 1"", ""pct"": 8.85}]"
Haiti,Bosnia and Herzegovina,Neutral,1.039,1.832,19.8,23.8,56.4,19.8,3.8,4.4,56.5,7.2,8.2,28.1,71.9,"[{""score"": ""1 - 1"", ""pct"": 10.74}, {""score"": ""0 - 1"", ""pct"": 10.54}, {""score"": ""1 - 2"", ""pct"": 10.03}]"
Haiti,Uruguay,Neutral,0.525,2.705,4.3,12.4,83.2,4.1,0.8,1.1,83.4,5.5,5.1,6.0,94.0,"[{""score"": ""0 - 2"", ""pct"": 14.99}, {""score"": ""0 - 3"", ""pct"": 12.34}, {""score"": ""0 - 1"", ""pct"": 11.0}]"
Haiti,Belgium,Neutral,0.611,3.476,2.6,7.4,90.0,2.5,0.4,0.5,90.2,4.0,2.3,3.4,96.6,"[{""score"": ""0 - 3"", ""pct"": 11.61}, {""score"": ""0 - 2"", ""pct"": 10.72}, {""score"": ""0 - 4"", ""pct"": 9.44}]"
Haiti,Germany,Neutral,0.664,3.95,2.2,5.4,92.3,1.7,0.3,0.2,92.4,3.5,1.9,2.2,97.8,"[{""score"": ""0 - 3"", ""pct"": 10.32}, {""score"": ""0 - 4"", ""pct"": 9.94}, {""score"": ""0 - 2"", ""pct"": 8.17}]"
Haiti,Senegal,Neutral,0.639,2.215,8.5,17.7,73.8,8.4,1.5,1.9,75.0,6.4,6.7,11.9,88.1,"[{""score"": ""0 - 2"", ""pct"": 14.540000000000001}, {""score"": ""0 - 1"", ""pct"": 13.03}, {""score"": ""0 - 3"", ""pct"": 9.91}]"
Haiti,Portugal,Neutral,0.526,3.692,1.8,6.0,92.2,1.9,0.2,0.2,92.9,3.1,1.7,2.3,97.7,"[{""score"": ""0 - 3"", ""pct"": 12.49}, {""score"": ""0 - 4"", ""pct"": 10.94}, {""score"": ""0 - 2"", ""pct"": 10.22}]"
Haiti,Argentina,Neutral,0.384,3.532,1.2,5.8,93.0,1.4,0.2,0.2,92.8,3.3,2.1,1.8,98.2,"[{""score"": ""0 - 3"", ""pct"": 14.549999999999999}, {""score"": ""0 - 2"", ""pct"": 13.07}, {""score"": ""0 - 4"", ""pct"": 12.82}]"
Haiti,South Africa,Neutral,0.939,1.578,21.7,26.4,51.9,21.6,3.9,5.5,52.2,7.2,9.6,31.0,69.0,"[{""score"": ""0 - 1"", ""pct"": 12.959999999999999}, {""score"": ""1 - 1"", ""pct"": 11.75}, {""score"": ""1 - 2"", ""pct"": 9.67}]"
Haiti,Paraguay,Neutral,0.675,2.006,10.1,19.8,70.2,10.6,1.7,2.9,69.4,7.2,8.2,15.2,84.8,"[{""score"": ""0 - 1"", ""pct"": 13.900000000000002}, {""score"": ""0 - 2"", ""pct"": 13.88}, {""score"": ""1 - 2"", ""pct"": 9.5}]"
Haiti,Mexico,Neutral,0.667,2.195,9.1,18.2,72.7,9.1,1.6,2.0,72.7,7.1,7.5,12.8,87.2,"[{""score"": ""0 - 2"", ""pct"": 13.930000000000001}, {""score"": ""0 - 1"", ""pct"": 13.16}, {""score"": ""0 - 3"", ""pct"": 9.87}]"
Haiti,Turkey,Neutral,0.836,2.725,8.2,13.8,78.1,8.3,1.6,1.3,77.6,6.4,4.9,11.2,88.8,"[{""score"": ""0 - 2"", ""pct"": 10.56}, {""score"": ""0 - 3"", ""pct"": 9.74}, {""score"": ""1 - 2"", ""pct"": 9.120000000000001}]"
Haiti,England,Neutral,0.436,3.421,2.0,6.2,91.7,1.7,0.3,0.2,91.5,4.0,2.4,2.2,97.8,"[{""score"": ""0 - 3"", ""pct"": 14.149999999999999}, {""score"": ""0 - 2"", ""pct"": 12.32}, {""score"": ""0 - 4"", ""pct"": 11.690000000000001}]"
Haiti,Qatar,Neutral,1.328,1.65,29.8,25.7,44.5,29.5,5.1,5.7,45.6,6.8,7.2,40.4,59.6,"[{""score"": ""1 - 1"", ""pct"": 11.57}, {""score"": ""1 - 2"", ""pct"": 9.19}, {""score"": ""0 - 1"", ""pct"": 8.450000000000001}]"
Haiti,Colombia,Neutral,0.52,3.112,2.9,8.9,88.2,3.1,0.5,0.5,87.9,4.8,3.1,4.1,95.9,"[{""score"": ""0 - 3"", ""pct"": 13.63}, {""score"": ""0 - 2"", ""pct"": 12.839999999999998}, {""score"": ""0 - 4"", ""pct"": 9.73}]"
Haiti,Czech Republic,Neutral,0.828,2.319,10.6,17.4,71.9,10.4,1.9,2.3,72.3,6.7,6.3,14.7,85.3,"[{""score"": ""0 - 2"", ""pct"": 11.379999999999999}, {""score"": ""0 - 1"", ""pct"": 10.86}, {""score"": ""1 - 2"", ""pct"": 9.84}]"
Haiti,Croatia,Neutral,0.622,2.886,4.9,12.0,83.1,4.9,0.9,0.8,84.0,5.1,4.3,6.6,93.4,"[{""score"": ""0 - 2"", ""pct"": 12.959999999999999}, {""score"": ""0 - 3"", ""pct"": 11.85}, {""score"": ""0 - 1"", ""pct"": 9.1}]"
Haiti,Netherlands,Neutral,0.625,3.588,2.5,6.7,90.8,2.6,0.5,0.3,90.2,3.9,2.5,3.4,96.6,"[{""score"": ""0 - 3"", ""pct"": 11.129999999999999}, {""score"": ""0 - 4"", ""pct"": 10.11}, {""score"": ""0 - 2"", ""pct"": 10.11}]"
Haiti,South Korea,Neutral,0.779,2.101,11.6,20.3,68.1,11.2,2.5,2.3,68.7,7.8,7.5,16.1,83.9,"[{""score"": ""0 - 2"", ""pct"": 12.47}, {""score"": ""0 - 1"", ""pct"": 12.379999999999999}, {""score"": ""1 - 2"", ""pct"": 9.71}]"
Haiti,Australia,Neutral,0.712,2.167,9.8,18.6,71.6,9.9,2.1,2.4,72.1,6.6,7.0,14.3,85.7,"[{""score"": ""0 - 2"", ""pct"": 12.959999999999999}, {""score"": ""0 - 1"", ""pct"": 12.61}, {""score"": ""1 - 2"", ""pct"": 9.11}]"
Haiti,Morocco,Neutral,0.483,2.352,5.2,15.2,79.6,5.2,1.2,1.2,79.6,6.3,6.6,7.6,92.4,"[{""score"": ""0 - 2"", ""pct"": 16.2}, {""score"": ""0 - 1"", ""pct"": 13.8}, {""score"": ""0 - 3"", ""pct"": 12.27}]"
Haiti,Scotland,Neutral,0.808,2.273,10.7,17.9,71.5,10.7,2.0,2.2,70.8,7.4,6.9,15.0,85.0,"[{""score"": ""0 - 2"", ""pct"": 11.81}, {""score"": ""0 - 1"", ""pct"": 11.26}, {""score"": ""1 - 2"", ""pct"": 9.77}]"
Haiti,Tunisia,Neutral,0.721,1.807,13.4,22.3,64.4,13.7,2.4,3.7,64.3,7.0,8.9,19.8,80.2,"[{""score"": ""0 - 1"", ""pct"": 14.84}, {""score"": ""0 - 2"", ""pct"": 12.620000000000001}, {""score"": ""1 - 1"", ""pct"": 10.02}]"
Haiti,Jordan,Neutral,1.057,1.69,23.4,25.6,51.0,22.6,4.2,5.1,52.6,7.2,8.3,31.9,68.2,"[{""score"": ""1 - 1"", ""pct"": 11.65}, {""score"": ""0 - 1"", ""pct"": 10.979999999999999}, {""score"": ""1 - 2"", ""pct"": 9.19}]"
Haiti,Saudi Arabia,Neutral,0.95,1.462,23.2,28.0,48.9,23.7,4.8,6.5,48.0,7.5,9.5,35.0,65.0,"[{""score"": ""0 - 1"", ""pct"": 13.139999999999999}, {""score"": ""1 - 1"", ""pct"": 12.5}, {""score"": ""0 - 0"", ""pct"": 10.13}]"
Haiti,Austria,Neutral,0.733,2.574,7.3,14.6,78.1,7.5,1.3,1.6,78.2,6.2,5.2,10.4,89.6,"[{""score"": ""0 - 2"", ""pct"": 12.509999999999998}, {""score"": ""0 - 3"", ""pct"": 10.03}, {""score"": ""0 - 1"", ""pct"": 9.69}]"
Haiti,Japan,Neutral,0.681,2.618,6.9,13.8,79.3,6.7,1.1,1.4,79.2,6.6,5.0,9.2,90.9,"[{""score"": ""0 - 2"", ""pct"": 12.5}, {""score"": ""0 - 3"", ""pct"": 11.1}, {""score"": ""0 - 1"", ""pct"": 9.81}]"
Haiti,Panama,Neutral,1.104,1.669,24.1,25.3,50.7,23.7,4.2,5.2,51.1,7.2,8.7,33.0,67.0,"[{""score"": ""1 - 1"", ""pct"": 11.58}, {""score"": ""0 - 1"", ""pct"": 10.79}, {""score"": ""1 - 2"", ""pct"": 9.74}]"
Haiti,Brazil,Neutral,0.447,3.875,1.2,4.9,93.9,1.3,0.2,0.2,94.1,2.8,1.4,1.7,98.3,"[{""score"": ""0 - 3"", ""pct"": 12.72}, {""score"": ""0 - 4"", ""pct"": 11.91}, {""score"": ""0 - 2"", ""pct"": 10.7}]"
Japan,United States,Neutral,1.526,1.021,49.1,27.2,23.7,49.3,7.5,8.9,24.1,4.6,5.6,65.7,34.3,"[{""score"": ""1 - 0"", ""pct"": 12.35}, {""score"": ""1 - 1"", ""pct"": 12.2}, {""score"": ""2 - 1"", ""pct"": 9.43}]"
Japan,Sweden,Neutral,1.438,1.242,40.8,27.9,31.4,40.5,6.7,8.2,32.0,5.5,7.1,55.4,44.6,"[{""score"": ""1 - 1"", ""pct"": 12.509999999999998}, {""score"": ""1 - 0"", ""pct"": 10.09}, {""score"": ""2 - 1"", ""pct"": 8.59}]"
Japan,Canada,Neutral,1.452,0.927,49.1,28.1,22.7,48.7,7.2,10.0,23.7,4.3,6.2,65.9,34.1,"[{""score"": ""1 - 0"", ""pct"": 14.21}, {""score"": ""1 - 1"", ""pct"": 12.55}, {""score"": ""0 - 0"", ""pct"": 10.639999999999999}]"
Japan,France,Neutral,0.883,1.625,19.9,25.1,55.0,19.6,3.5,5.2,54.4,7.5,9.8,28.4,71.6,"[{""score"": ""0 - 1"", ""pct"": 13.73}, {""score"": ""1 - 1"", ""pct"": 11.88}, {""score"": ""0 - 2"", ""pct"": 10.35}]"
Japan,Egypt,Neutral,1.29,0.854,46.3,30.1,23.6,47.3,7.3,10.6,23.5,4.1,7.1,65.3,34.7,"[{""score"": ""1 - 0"", ""pct"": 15.4}, {""score"": ""0 - 0"", ""pct"": 13.22}, {""score"": ""1 - 1"", ""pct"": 12.559999999999999}]"
Japan,Norway,Neutral,1.335,1.356,35.2,27.4,37.5,36.6,5.7,6.8,37.0,5.9,7.9,49.1,50.9,"[{""score"": ""1 - 1"", ""pct"": 12.98}, {""score"": ""0 - 1"", ""pct"": 9.76}, {""score"": ""1 - 0"", ""pct"": 8.88}]"
Japan,Spain,Neutral,0.817,1.963,13.9,21.7,64.4,14.3,2.9,3.1,63.8,7.4,8.4,20.3,79.7,"[{""score"": ""0 - 1"", ""pct"": 12.33}, {""score"": ""0 - 2"", ""pct"": 11.87}, {""score"": ""1 - 1"", ""pct"": 9.790000000000001}]"
Japan,Ivory Coast,Neutral,1.297,0.93,44.1,29.9,26.1,44.8,6.9,10.5,25.6,4.9,7.2,62.3,37.7,"[{""score"": ""1 - 0"", ""pct"": 13.84}, {""score"": ""1 - 1"", ""pct"": 12.809999999999999}, {""score"": ""0 - 0"", ""pct"": 12.370000000000001}]"
Japan,New Zealand,Neutral,1.859,0.531,69.3,22.2,8.5,69.9,7.8,8.9,9.0,1.8,2.7,86.5,13.5,"[{""score"": ""1 - 0"", ""pct"": 17.31}, {""score"": ""2 - 0"", ""pct"": 15.68}, {""score"": ""0 - 0"", ""pct"": 10.489999999999998}]"
Japan,Algeria,Neutral,1.479,1.148,45.0,26.7,28.3,44.4,6.7,8.5,28.5,5.4,6.5,59.5,40.4,"[{""score"": ""1 - 1"", ""pct"": 11.92}, {""score"": ""1 - 0"", ""pct"": 11.1}, {""score"": ""2 - 1"", ""pct"": 9.25}]"
Japan,Uzbekistan,Neutral,1.433,0.775,52.7,28.2,19.1,52.3,7.3,11.0,19.6,3.9,6.0,70.6,29.4,"[{""score"": ""1 - 0"", ""pct"": 15.559999999999999}, {""score"": ""1 - 1"", ""pct"": 12.36}, {""score"": ""0 - 0"", ""pct"": 11.68}]"
Japan,Curaçao,Neutral,2.874,0.511,85.4,10.9,3.7,86.0,5.0,4.1,3.6,0.6,0.7,95.0,5.0,"[{""score"": ""2 - 0"", ""pct"": 13.76}, {""score"": ""3 - 0"", ""pct"": 13.170000000000002}, {""score"": ""1 - 0"", ""pct"": 9.959999999999999}]"
Japan,DR Congo,Neutral,1.472,0.733,54.5,27.8,17.7,55.1,7.3,10.9,17.8,3.6,5.3,73.3,26.7,"[{""score"": ""1 - 0"", ""pct"": 16.18}, {""score"": ""0 - 0"", ""pct"": 12.120000000000001}, {""score"": ""1 - 1"", ""pct"": 11.790000000000001}]"
Japan,Iraq,Neutral,1.702,0.647,63.6,23.6,12.8,62.6,8.0,10.5,12.7,2.5,3.6,81.1,18.9,"[{""score"": ""1 - 0"", ""pct"": 17.05}, {""score"": ""2 - 0"", ""pct"": 13.51}, {""score"": ""0 - 0"", ""pct"": 10.24}]"
Japan,Ghana,Neutral,1.683,0.787,58.6,25.1,16.2,58.8,7.5,9.3,16.8,3.0,4.5,75.6,24.4,"[{""score"": ""1 - 0"", ""pct"": 14.6}, {""score"": ""2 - 0"", ""pct"": 11.64}, {""score"": ""1 - 1"", ""pct"": 11.29}]"
Japan,Ecuador,Neutral,0.956,1.073,31.2,32.5,36.2,30.8,5.6,9.1,37.0,6.7,10.7,45.6,54.4,"[{""score"": ""0 - 1"", ""pct"": 14.04}, {""score"": ""0 - 0"", ""pct"": 14.04}, {""score"": ""1 - 1"", ""pct"": 13.76}]"
Japan,Cape Verde,Neutral,1.835,0.643,65.7,22.6,11.7,66.0,7.8,9.2,11.5,2.3,3.2,82.9,17.1,"[{""score"": ""1 - 0"", ""pct"": 16.23}, {""score"": ""2 - 0"", ""pct"": 14.05}, {""score"": ""1 - 1"", ""pct"": 10.15}]"
Japan,Iran,Neutral,1.244,1.009,41.0,30.5,28.5,40.9,7.0,10.0,29.0,5.0,8.0,58.0,42.0,"[{""score"": ""1 - 0"", ""pct"": 13.55}, {""score"": ""1 - 1"", ""pct"": 13.22}, {""score"": ""0 - 0"", ""pct"": 12.09}]"
Japan,Switzerland,Neutral,1.198,1.36,32.4,28.3,39.2,32.0,5.8,7.3,40.2,6.5,8.3,45.1,54.9,"[{""score"": ""1 - 1"", ""pct"": 13.020000000000001}, {""score"": ""0 - 1"", ""pct"": 10.4}, {""score"": ""1 - 0"", ""pct"": 9.21}]"
Japan,Bosnia and Herzegovina,Neutral,1.847,0.847,60.4,23.8,15.9,61.6,7.3,8.4,15.8,3.0,3.8,77.4,22.6,"[{""score"": ""1 - 0"", ""pct"": 12.61}, {""score"": ""2 - 0"", ""pct"": 11.49}, {""score"": ""1 - 1"", ""pct"": 10.7}]"
Japan,Uruguay,Neutral,0.934,1.25,26.6,30.3,43.2,28.2,4.7,7.8,41.7,6.6,11.0,40.7,59.3,"[{""score"": ""0 - 1"", ""pct"": 14.19}, {""score"": ""0 - 0"", ""pct"": 12.809999999999999}, {""score"": ""1 - 1"", ""pct"": 12.520000000000001}]"
Japan,Belgium,Neutral,1.087,1.607,24.2,27.1,48.8,24.1,4.7,5.8,50.4,7.1,8.0,34.5,65.5,"[{""score"": ""1 - 1"", ""pct"": 12.32}, {""score"": ""0 - 1"", ""pct"": 11.39}, {""score"": ""1 - 2"", ""pct"": 9.08}]"
Japan,Germany,Neutral,1.182,1.826,23.8,23.9,52.4,23.7,4.0,4.5,53.0,7.3,7.5,32.2,67.8,"[{""score"": ""1 - 1"", ""pct"": 10.65}, {""score"": ""1 - 2"", ""pct"": 10.09}, {""score"": ""0 - 1"", ""pct"": 9.07}]"
Japan,Senegal,Neutral,1.137,1.024,37.5,30.8,31.8,37.0,6.6,9.5,32.0,6.0,8.8,53.2,46.8,"[{""score"": ""1 - 1"", ""pct"": 13.639999999999999}, {""score"": ""0 - 0"", ""pct"": 12.55}, {""score"": ""1 - 0"", ""pct"": 12.370000000000001}]"
Japan,Portugal,Neutral,0.935,1.707,19.8,24.3,55.9,19.1,3.6,4.8,56.1,7.8,8.6,27.5,72.5,"[{""score"": ""0 - 1"", ""pct"": 12.32}, {""score"": ""1 - 1"", ""pct"": 11.49}, {""score"": ""0 - 2"", ""pct"": 10.03}]"
Japan,Argentina,Neutral,0.683,1.633,14.4,25.1,60.4,14.2,2.8,4.6,60.8,7.0,10.5,21.6,78.4,"[{""score"": ""0 - 1"", ""pct"": 16.439999999999998}, {""score"": ""0 - 2"", ""pct"": 13.059999999999999}, {""score"": ""0 - 0"", ""pct"": 10.97}]"
Japan,South Africa,Neutral,1.671,0.73,60.1,24.7,15.2,60.9,7.7,9.5,14.8,2.7,4.3,78.2,21.9,"[{""score"": ""1 - 0"", ""pct"": 16.06}, {""score"": ""2 - 0"", ""pct"": 12.6}, {""score"": ""1 - 1"", ""pct"": 11.07}]"
Japan,Paraguay,Neutral,1.2,0.927,42.5,30.2,27.3,40.7,7.6,10.6,27.7,5.2,8.2,58.9,41.1,"[{""score"": ""1 - 0"", ""pct"": 14.26}, {""score"": ""1 - 1"", ""pct"": 13.43}, {""score"": ""0 - 0"", ""pct"": 12.82}]"
Japan,Mexico,Neutral,1.186,1.015,39.0,29.8,31.2,38.5,6.6,9.9,30.9,5.6,8.5,55.0,45.0,"[{""score"": ""1 - 0"", ""pct"": 13.020000000000001}, {""score"": ""1 - 1"", ""pct"": 12.86}, {""score"": ""0 - 0"", ""pct"": 12.19}]"
Japan,Turkey,Neutral,1.486,1.26,41.9,26.6,31.5,42.4,6.6,7.8,31.5,5.0,6.7,56.9,43.1,"[{""score"": ""1 - 1"", ""pct"": 11.82}, {""score"": ""1 - 0"", ""pct"": 9.790000000000001}, {""score"": ""2 - 1"", ""pct"": 9.1}]"
Japan,England,Neutral,0.775,1.582,17.1,26.6,56.3,17.4,3.5,4.8,56.8,7.4,10.0,25.8,74.2,"[{""score"": ""0 - 1"", ""pct"": 15.229999999999999}, {""score"": ""1 - 1"", ""pct"": 11.99}, {""score"": ""0 - 2"", ""pct"": 11.49}]"
Japan,Qatar,Neutral,2.362,0.763,73.7,17.0,9.3,73.6,6.9,6.3,9.3,1.7,2.2,86.8,13.2,"[{""score"": ""2 - 0"", ""pct"": 12.0}, {""score"": ""1 - 0"", ""pct"": 10.81}, {""score"": ""2 - 1"", ""pct"": 9.9}]"
Japan,Colombia,Neutral,0.925,1.439,23.1,28.1,48.8,22.7,4.7,6.4,49.1,7.5,9.6,33.8,66.2,"[{""score"": ""0 - 1"", ""pct"": 14.38}, {""score"": ""1 - 1"", ""pct"": 12.75}, {""score"": ""0 - 0"", ""pct"": 10.440000000000001}]"
Japan,Czech Republic,Neutral,1.472,1.072,45.5,26.9,27.6,45.6,6.9,9.6,26.3,4.8,6.8,62.1,37.9,"[{""score"": ""1 - 1"", ""pct"": 12.13}, {""score"": ""1 - 0"", ""pct"": 11.37}, {""score"": ""2 - 1"", ""pct"": 9.32}]"
Japan,Croatia,Neutral,1.106,1.334,30.0,28.6,41.4,29.8,4.9,7.8,41.3,7.0,9.2,42.5,57.5,"[{""score"": ""1 - 1"", ""pct"": 12.78}, {""score"": ""0 - 1"", ""pct"": 11.87}, {""score"": ""0 - 0"", ""pct"": 9.969999999999999}]"
Japan,Netherlands,Neutral,1.111,1.659,24.9,25.3,49.9,25.2,4.4,5.5,49.9,6.9,8.1,35.1,65.0,"[{""score"": ""0 - 1"", ""pct"": 11.48}, {""score"": ""1 - 1"", ""pct"": 11.41}, {""score"": ""1 - 2"", ""pct"": 9.33}]"
Japan,South Korea,Neutral,1.385,0.971,46.1,28.3,25.6,46.3,7.5,9.8,25.1,4.6,6.8,63.6,36.4,"[{""score"": ""1 - 0"", ""pct"": 13.100000000000001}, {""score"": ""1 - 1"", ""pct"": 12.540000000000001}, {""score"": ""0 - 0"", ""pct"": 10.440000000000001}]"
Japan,Australia,Neutral,1.267,1.002,41.4,30.0,28.6,42.6,6.4,10.2,28.0,5.2,7.6,59.1,40.9,"[{""score"": ""1 - 1"", ""pct"": 13.209999999999999}, {""score"": ""1 - 0"", ""pct"": 12.959999999999999}, {""score"": ""0 - 0"", ""pct"": 11.41}]"
Japan,Morocco,Neutral,0.859,1.087,27.4,31.9,40.7,27.3,5.3,9.2,40.2,6.3,11.6,41.9,58.1,"[{""score"": ""0 - 1"", ""pct"": 15.509999999999998}, {""score"": ""0 - 0"", ""pct"": 15.21}, {""score"": ""1 - 1"", ""pct"": 13.15}]"
Japan,Scotland,Neutral,1.437,1.051,45.5,28.1,26.4,45.6,7.0,9.4,26.4,4.8,6.7,62.1,37.9,"[{""score"": ""1 - 1"", ""pct"": 12.98}, {""score"": ""1 - 0"", ""pct"": 12.27}, {""score"": ""2 - 1"", ""pct"": 9.54}]"
Japan,Tunisia,Neutral,1.282,0.836,47.0,29.8,23.2,46.3,6.9,11.8,23.3,4.4,7.2,65.1,34.9,"[{""score"": ""1 - 0"", ""pct"": 15.86}, {""score"": ""0 - 0"", ""pct"": 12.870000000000001}, {""score"": ""1 - 1"", ""pct"": 12.33}]"
Japan,Jordan,Neutral,1.88,0.781,63.8,22.8,13.4,64.3,7.4,8.3,14.1,2.5,3.3,80.1,19.9,"[{""score"": ""1 - 0"", ""pct"": 13.26}, {""score"": ""2 - 0"", ""pct"": 12.23}, {""score"": ""1 - 1"", ""pct"": 10.14}]"
Japan,Saudi Arabia,Neutral,1.69,0.676,62.4,24.6,13.1,63.3,8.0,9.6,12.7,2.5,3.9,80.9,19.1,"[{""score"": ""1 - 0"", ""pct"": 16.08}, {""score"": ""2 - 0"", ""pct"": 13.600000000000001}, {""score"": ""1 - 1"", ""pct"": 10.39}]"
Japan,Austria,Neutral,1.303,1.19,38.5,28.7,32.8,38.4,6.5,8.6,32.9,6.0,7.6,53.5,46.5,"[{""score"": ""1 - 1"", ""pct"": 13.239999999999998}, {""score"": ""1 - 0"", ""pct"": 10.67}, {""score"": ""0 - 1"", ""pct"": 9.8}]"
Japan,Haiti,Neutral,2.618,0.681,79.8,14.1,6.1,79.2,6.4,5.3,6.6,1.3,1.2,90.9,9.1,"[{""score"": ""2 - 0"", ""pct"": 13.020000000000001}, {""score"": ""3 - 0"", ""pct"": 11.01}, {""score"": ""1 - 0"", ""pct"": 10.12}]"
Japan,Panama,Neutral,1.963,0.772,67.4,20.2,12.4,66.3,7.1,7.6,13.5,2.4,3.1,81.0,19.0,"[{""score"": ""1 - 0"", ""pct"": 13.34}, {""score"": ""2 - 0"", ""pct"": 12.49}, {""score"": ""2 - 1"", ""pct"": 10.09}]"
Japan,Brazil,Neutral,0.796,1.792,15.0,23.6,61.4,15.2,2.8,4.1,60.8,7.8,9.3,22.2,77.8,"[{""score"": ""0 - 1"", ""pct"": 14.14}, {""score"": ""0 - 2"", ""pct"": 11.67}, {""score"": ""1 - 1"", ""pct"": 10.59}]"
Panama,United States,Neutral,0.973,1.656,21.1,26.1,52.8,21.6,3.6,5.3,53.6,7.0,8.9,30.5,69.5,"[{""score"": ""0 - 1"", ""pct"": 12.509999999999998}, {""score"": ""1 - 1"", ""pct"": 11.77}, {""score"": ""1 - 2"", ""pct"": 9.700000000000001}]"
Panama,Sweden,Neutral,0.917,2.014,15.5,21.2,63.2,15.5,2.5,3.5,63.6,7.4,7.5,21.5,78.5,"[{""score"": ""0 - 1"", ""pct"": 11.200000000000001}, {""score"": ""0 - 2"", ""pct"": 10.780000000000001}, {""score"": ""1 - 2"", ""pct"": 9.92}]"
Panama,Canada,Neutral,0.926,1.503,22.8,27.3,49.9,22.0,4.0,5.9,50.6,7.4,10.1,32.0,68.0,"[{""score"": ""0 - 1"", ""pct"": 13.370000000000001}, {""score"": ""1 - 1"", ""pct"": 12.29}, {""score"": ""0 - 0"", ""pct"": 9.51}]"
Panama,France,Neutral,0.563,2.636,5.1,12.5,82.5,5.3,0.9,0.9,82.1,5.8,5.0,7.1,92.9,"[{""score"": ""0 - 2"", ""pct"": 14.71}, {""score"": ""0 - 3"", ""pct"": 12.139999999999999}, {""score"": ""0 - 1"", ""pct"": 11.82}]"
Panama,Egypt,Neutral,0.822,1.385,20.9,29.0,50.0,20.6,4.1,6.2,50.0,7.6,11.5,30.9,69.1,"[{""score"": ""0 - 1"", ""pct"": 15.57}, {""score"": ""1 - 1"", ""pct"": 12.08}, {""score"": ""0 - 0"", ""pct"": 12.049999999999999}]"
Panama,Norway,Neutral,0.851,2.2,12.0,19.6,68.5,12.3,2.3,2.8,68.0,7.2,7.3,17.4,82.6,"[{""score"": ""0 - 2"", ""pct"": 11.23}, {""score"": ""0 - 1"", ""pct"": 11.21}, {""score"": ""1 - 2"", ""pct"": 9.879999999999999}]"
Panama,Spain,Neutral,0.521,3.184,2.7,8.5,88.9,2.8,0.5,0.5,89.0,4.3,3.0,3.8,96.2,"[{""score"": ""0 - 3"", ""pct"": 12.85}, {""score"": ""0 - 2"", ""pct"": 12.16}, {""score"": ""0 - 4"", ""pct"": 10.26}]"
Panama,Ivory Coast,Neutral,0.827,1.508,19.1,27.5,53.5,19.8,3.5,5.3,53.5,7.3,10.4,28.7,71.3,"[{""score"": ""0 - 1"", ""pct"": 15.049999999999999}, {""score"": ""1 - 1"", ""pct"": 12.04}, {""score"": ""0 - 0"", ""pct"": 10.79}]"
Panama,New Zealand,Neutral,1.185,0.862,42.9,31.5,25.6,42.4,7.3,12.0,25.7,4.7,7.9,61.8,38.2,"[{""score"": ""1 - 0"", ""pct"": 15.409999999999998}, {""score"": ""1 - 1"", ""pct"": 13.88}, {""score"": ""0 - 0"", ""pct"": 13.28}]"
Panama,Algeria,Neutral,0.943,1.862,17.9,22.9,59.2,17.8,3.4,4.2,59.0,7.4,8.1,25.5,74.5,"[{""score"": ""0 - 1"", ""pct"": 11.65}, {""score"": ""1 - 1"", ""pct"": 10.879999999999999}, {""score"": ""0 - 2"", ""pct"": 10.5}]"
Panama,Uzbekistan,Neutral,0.914,1.257,25.7,30.4,43.9,25.9,4.9,7.5,44.7,6.9,10.1,38.3,61.7,"[{""score"": ""0 - 1"", ""pct"": 14.71}, {""score"": ""1 - 1"", ""pct"": 13.48}, {""score"": ""0 - 0"", ""pct"": 12.559999999999999}]"
Panama,Curaçao,Neutral,1.833,0.829,61.1,22.8,16.1,62.6,7.3,8.5,15.2,2.8,3.6,78.5,21.6,"[{""score"": ""1 - 0"", ""pct"": 13.459999999999999}, {""score"": ""2 - 0"", ""pct"": 11.15}, {""score"": ""1 - 1"", ""pct"": 10.31}]"
Panama,DR Congo,Neutral,0.939,1.188,27.7,30.7,41.6,28.3,5.0,8.5,41.0,6.8,10.4,41.8,58.2,"[{""score"": ""0 - 1"", ""pct"": 14.57}, {""score"": ""1 - 1"", ""pct"": 13.26}, {""score"": ""0 - 0"", ""pct"": 12.839999999999998}]"
Panama,Iraq,Neutral,1.085,1.05,34.6,31.3,34.1,35.5,5.9,9.9,34.0,5.9,8.8,51.3,48.7,"[{""score"": ""1 - 1"", ""pct"": 13.54}, {""score"": ""0 - 0"", ""pct"": 13.38}, {""score"": ""0 - 1"", ""pct"": 12.879999999999999}]"
Panama,Ghana,Neutral,1.073,1.276,30.3,29.3,40.4,29.9,5.2,8.1,41.5,6.2,9.0,43.3,56.7,"[{""score"": ""1 - 1"", ""pct"": 13.139999999999999}, {""score"": ""0 - 1"", ""pct"": 12.13}, {""score"": ""0 - 0"", ""pct"": 10.54}]"
Panama,Ecuador,Neutral,0.61,1.74,12.0,23.1,65.0,10.9,2.5,3.5,64.9,7.5,10.6,16.9,83.1,"[{""score"": ""0 - 1"", ""pct"": 17.34}, {""score"": ""0 - 2"", ""pct"": 14.04}, {""score"": ""0 - 0"", ""pct"": 10.09}]"
Panama,Cape Verde,Neutral,1.17,1.042,38.8,30.2,31.0,37.8,6.6,9.7,31.6,5.7,8.6,54.1,45.9,"[{""score"": ""1 - 0"", ""pct"": 13.25}, {""score"": ""1 - 1"", ""pct"": 13.18}, {""score"": ""0 - 0"", ""pct"": 12.22}]"
Panama,Iran,Neutral,0.793,1.636,17.1,25.5,57.4,17.9,3.1,4.7,56.4,7.9,10.0,25.7,74.3,"[{""score"": ""0 - 1"", ""pct"": 14.67}, {""score"": ""1 - 1"", ""pct"": 11.35}, {""score"": ""0 - 2"", ""pct"": 10.82}]"
Panama,Switzerland,Neutral,0.764,2.205,10.1,18.1,71.8,10.9,2.3,2.4,70.0,7.6,6.8,15.6,84.4,"[{""score"": ""0 - 2"", ""pct"": 13.270000000000001}, {""score"": ""0 - 1"", ""pct"": 11.709999999999999}, {""score"": ""1 - 2"", ""pct"": 9.959999999999999}]"
Panama,Bosnia and Herzegovina,Neutral,1.178,1.374,31.7,28.1,40.2,31.5,5.1,7.1,40.6,7.1,8.6,43.7,56.3,"[{""score"": ""1 - 1"", ""pct"": 12.920000000000002}, {""score"": ""0 - 1"", ""pct"": 10.63}, {""score"": ""1 - 0"", ""pct"": 9.24}]"
Panama,Uruguay,Neutral,0.596,2.028,8.7,19.4,71.8,8.3,1.9,2.7,71.9,7.1,8.2,12.8,87.2,"[{""score"": ""0 - 1"", ""pct"": 15.590000000000002}, {""score"": ""0 - 2"", ""pct"": 14.95}, {""score"": ""1 - 2"", ""pct"": 9.139999999999999}]"
Panama,Belgium,Neutral,0.693,2.607,7.1,14.5,78.4,6.2,1.6,1.4,79.3,6.0,5.4,9.2,90.8,"[{""score"": ""0 - 2"", ""pct"": 12.24}, {""score"": ""0 - 3"", ""pct"": 10.780000000000001}, {""score"": ""0 - 1"", ""pct"": 10.45}]"
Panama,Germany,Neutral,0.753,2.962,5.7,12.1,82.2,5.3,1.2,1.0,82.8,5.6,4.0,7.5,92.5,"[{""score"": ""0 - 3"", ""pct"": 10.97}, {""score"": ""0 - 2"", ""pct"": 10.83}, {""score"": ""0 - 1"", ""pct"": 7.8}]"
Panama,Senegal,Neutral,0.725,1.661,15.7,25.0,59.4,14.2,3.1,4.3,60.3,8.0,10.0,21.7,78.3,"[{""score"": ""0 - 1"", ""pct"": 15.299999999999999}, {""score"": ""0 - 2"", ""pct"": 12.73}, {""score"": ""0 - 0"", ""pct"": 10.4}]"
Panama,Portugal,Neutral,0.596,2.768,4.9,11.8,83.3,4.8,0.9,0.9,83.1,5.4,4.8,6.7,93.3,"[{""score"": ""0 - 2"", ""pct"": 12.879999999999999}, {""score"": ""0 - 3"", ""pct"": 12.42}, {""score"": ""0 - 1"", ""pct"": 9.91}]"
Panama,Argentina,Neutral,0.435,2.648,3.3,11.2,85.5,3.7,0.7,0.6,84.9,5.8,4.3,5.0,95.0,"[{""score"": ""0 - 2"", ""pct"": 16.580000000000002}, {""score"": ""0 - 3"", ""pct"": 14.530000000000001}, {""score"": ""0 - 1"", ""pct"": 12.53}]"
Panama,South Africa,Neutral,1.065,1.184,31.9,30.0,38.1,31.4,5.9,8.9,38.0,6.1,9.7,46.2,53.8,"[{""score"": ""1 - 1"", ""pct"": 13.18}, {""score"": ""0 - 1"", ""pct"": 12.16}, {""score"": ""0 - 0"", ""pct"": 11.799999999999999}]"
Panama,Paraguay,Neutral,0.765,1.504,17.5,26.9,55.5,18.2,3.4,5.5,55.3,7.6,10.0,27.1,72.9,"[{""score"": ""0 - 1"", ""pct"": 15.85}, {""score"": ""0 - 2"", ""pct"": 11.81}, {""score"": ""0 - 0"", ""pct"": 11.48}]"
Panama,Mexico,Neutral,0.756,1.646,16.2,25.0,58.8,16.2,3.1,4.5,58.4,7.5,10.3,23.8,76.2,"[{""score"": ""0 - 1"", ""pct"": 15.27}, {""score"": ""0 - 2"", ""pct"": 12.36}, {""score"": ""1 - 1"", ""pct"": 11.43}]"
Panama,Turkey,Neutral,0.948,2.043,15.1,21.3,63.6,16.0,2.8,3.5,63.3,7.2,7.1,22.3,77.7,"[{""score"": ""0 - 1"", ""pct"": 11.25}, {""score"": ""1 - 2"", ""pct"": 10.38}, {""score"": ""0 - 2"", ""pct"": 10.059999999999999}]"
Panama,England,Neutral,0.494,2.565,4.7,13.6,81.8,4.7,0.9,1.0,82.9,5.4,5.1,6.6,93.4,"[{""score"": ""0 - 2"", ""pct"": 15.540000000000001}, {""score"": ""0 - 3"", ""pct"": 12.76}, {""score"": ""0 - 1"", ""pct"": 12.76}]"
Panama,Qatar,Neutral,1.506,1.237,43.3,26.8,29.9,43.0,6.5,8.1,31.0,5.0,6.5,57.6,42.4,"[{""score"": ""1 - 1"", ""pct"": 12.030000000000001}, {""score"": ""1 - 0"", ""pct"": 10.09}, {""score"": ""2 - 1"", ""pct"": 8.83}]"
Panama,Colombia,Neutral,0.59,2.334,7.2,15.7,77.1,6.4,1.1,1.7,78.1,6.6,6.1,9.2,90.8,"[{""score"": ""0 - 2"", ""pct"": 15.02}, {""score"": ""0 - 1"", ""pct"": 12.82}, {""score"": ""0 - 3"", ""pct"": 10.99}]"
Panama,Czech Republic,Neutral,0.939,1.739,18.5,24.5,57.0,18.7,3.5,4.7,57.4,7.2,8.5,26.9,73.1,"[{""score"": ""0 - 1"", ""pct"": 11.78}, {""score"": ""1 - 1"", ""pct"": 11.35}, {""score"": ""0 - 2"", ""pct"": 10.31}]"
Panama,Croatia,Neutral,0.705,2.164,9.7,19.1,71.2,10.2,1.7,2.3,71.1,7.2,7.5,14.2,85.8,"[{""score"": ""0 - 2"", ""pct"": 13.41}, {""score"": ""0 - 1"", ""pct"": 13.04}, {""score"": ""1 - 2"", ""pct"": 8.92}]"
Panama,Netherlands,Neutral,0.708,2.691,6.6,14.0,79.4,6.7,1.2,1.3,79.7,5.9,5.2,9.2,90.8,"[{""score"": ""0 - 2"", ""pct"": 12.17}, {""score"": ""0 - 3"", ""pct"": 10.76}, {""score"": ""0 - 1"", ""pct"": 9.58}]"
Panama,South Korea,Neutral,0.883,1.576,20.1,26.5,53.4,19.9,3.8,5.5,54.0,7.2,9.6,29.2,70.8,"[{""score"": ""0 - 1"", ""pct"": 13.089999999999998}, {""score"": ""1 - 1"", ""pct"": 11.899999999999999}, {""score"": ""0 - 2"", ""pct"": 10.290000000000001}]"
Panama,Australia,Neutral,0.808,1.625,17.6,25.6,56.8,17.7,3.6,5.1,56.1,7.5,9.8,26.5,73.5,"[{""score"": ""0 - 1"", ""pct"": 14.35}, {""score"": ""1 - 1"", ""pct"": 11.51}, {""score"": ""0 - 2"", ""pct"": 11.0}]"
Panama,Morocco,Neutral,0.548,1.764,9.4,23.0,67.6,9.9,1.9,3.1,67.3,7.4,10.3,15.0,85.1,"[{""score"": ""0 - 1"", ""pct"": 18.75}, {""score"": ""0 - 2"", ""pct"": 14.93}, {""score"": ""0 - 0"", ""pct"": 11.44}]"
Panama,Scotland,Neutral,0.916,1.704,19.0,25.0,56.0,19.8,3.7,4.5,55.6,7.7,8.7,28.0,72.0,"[{""score"": ""0 - 1"", ""pct"": 12.61}, {""score"": ""1 - 1"", ""pct"": 11.59}, {""score"": ""0 - 2"", ""pct"": 10.27}]"
Panama,Tunisia,Neutral,0.817,1.355,21.8,28.8,49.4,21.2,4.4,6.4,49.1,7.6,11.2,32.0,68.0,"[{""score"": ""0 - 1"", ""pct"": 15.5}, {""score"": ""1 - 1"", ""pct"": 12.61}, {""score"": ""0 - 0"", ""pct"": 11.940000000000001}]"
Panama,Jordan,Neutral,1.198,1.267,33.7,28.4,38.0,34.1,5.9,7.9,37.6,6.2,8.4,47.8,52.2,"[{""score"": ""1 - 1"", ""pct"": 12.49}, {""score"": ""0 - 1"", ""pct"": 10.79}, {""score"": ""0 - 0"", ""pct"": 9.75}]"
Panama,Saudi Arabia,Neutral,1.078,1.096,34.1,30.2,35.7,34.2,6.3,9.2,34.8,6.4,9.1,49.7,50.3,"[{""score"": ""1 - 1"", ""pct"": 13.33}, {""score"": ""0 - 1"", ""pct"": 12.19}, {""score"": ""1 - 0"", ""pct"": 12.1}]"
Panama,Austria,Neutral,0.831,1.93,14.1,23.1,62.8,14.4,2.8,3.4,63.6,7.3,8.5,20.6,79.4,"[{""score"": ""0 - 1"", ""pct"": 12.22}, {""score"": ""0 - 2"", ""pct"": 11.799999999999999}, {""score"": ""1 - 1"", ""pct"": 10.07}]"
Panama,Haiti,Neutral,1.669,1.104,50.8,24.8,24.4,50.3,7.2,8.3,24.1,4.3,5.7,65.8,34.2,"[{""score"": ""1 - 1"", ""pct"": 11.5}, {""score"": ""1 - 0"", ""pct"": 11.020000000000001}, {""score"": ""2 - 1"", ""pct"": 9.719999999999999}]"
Panama,Japan,Neutral,0.772,1.963,13.5,21.5,65.1,13.3,2.3,3.5,64.9,7.4,8.6,19.1,81.0,"[{""score"": ""0 - 1"", ""pct"": 12.97}, {""score"": ""0 - 2"", ""pct"": 12.57}, {""score"": ""1 - 2"", ""pct"": 9.610000000000001}]"
Panama,Brazil,Neutral,0.507,2.906,3.8,10.3,86.0,3.4,0.6,0.6,86.5,5.3,3.6,4.7,95.3,"[{""score"": ""0 - 2"", ""pct"": 13.969999999999999}, {""score"": ""0 - 3"", ""pct"": 13.08}, {""score"": ""0 - 4"", ""pct"": 9.82}]"
Brazil,United States,Neutral,2.259,0.671,73.9,17.6,8.5,73.9,6.6,7.0,8.7,1.7,2.1,87.5,12.5,"[{""score"": ""2 - 0"", ""pct"": 13.600000000000001}, {""score"": ""1 - 0"", ""pct"": 12.809999999999999}, {""score"": ""3 - 0"", ""pct"": 9.959999999999999}]"
Brazil,Sweden,Neutral,2.129,0.816,68.2,19.6,12.2,67.8,7.7,7.3,12.4,2.1,2.8,82.8,17.2,"[{""score"": ""1 - 0"", ""pct"": 12.0}, {""score"": ""2 - 0"", ""pct"": 11.4}, {""score"": ""2 - 1"", ""pct"": 9.71}]"
Brazil,Canada,Neutral,2.149,0.609,73.1,18.3,8.6,72.7,7.4,7.5,8.4,1.8,2.2,87.6,12.4,"[{""score"": ""2 - 0"", ""pct"": 15.03}, {""score"": ""1 - 0"", ""pct"": 14.67}, {""score"": ""3 - 0"", ""pct"": 9.98}]"
Brazil,France,Neutral,1.307,1.068,41.0,29.1,29.9,41.8,6.7,8.8,29.6,5.4,7.8,57.2,42.8,"[{""score"": ""1 - 0"", ""pct"": 12.42}, {""score"": ""1 - 1"", ""pct"": 12.21}, {""score"": ""0 - 0"", ""pct"": 11.05}]"
Brazil,Egypt,Neutral,1.909,0.562,71.1,20.0,8.9,70.2,7.3,9.1,8.8,1.9,2.6,86.6,13.4,"[{""score"": ""1 - 0"", ""pct"": 16.6}, {""score"": ""2 - 0"", ""pct"": 15.659999999999998}, {""score"": ""3 - 0"", ""pct"": 9.6}]"
Brazil,Norway,Neutral,1.975,0.892,63.2,21.6,15.2,63.0,7.7,7.6,15.2,3.0,3.4,78.4,21.6,"[{""score"": ""1 - 0"", ""pct"": 11.76}, {""score"": ""2 - 0"", ""pct"": 11.020000000000001}, {""score"": ""2 - 1"", ""pct"": 9.43}]"
Brazil,Spain,Neutral,1.21,1.291,33.5,28.7,37.8,33.4,5.5,8.1,38.0,6.5,8.4,47.1,52.9,"[{""score"": ""1 - 1"", ""pct"": 13.23}, {""score"": ""0 - 1"", ""pct"": 10.79}, {""score"": ""1 - 0"", ""pct"": 9.69}]"
Brazil,Ivory Coast,Neutral,1.92,0.611,69.0,21.3,9.7,68.5,7.4,9.2,10.0,2.0,2.9,85.1,14.9,"[{""score"": ""1 - 0"", ""pct"": 15.85}, {""score"": ""2 - 0"", ""pct"": 14.17}, {""score"": ""2 - 1"", ""pct"": 9.16}]"
Brazil,New Zealand,Neutral,2.752,0.349,87.8,9.6,2.6,87.3,5.0,4.0,2.6,0.6,0.5,96.4,3.6,"[{""score"": ""2 - 0"", ""pct"": 16.6}, {""score"": ""3 - 0"", ""pct"": 15.790000000000001}, {""score"": ""1 - 0"", ""pct"": 12.839999999999998}]"
Brazil,Algeria,Neutral,2.19,0.755,70.8,18.3,10.9,70.7,7.0,7.2,10.6,2.0,2.5,84.9,15.1,"[{""score"": ""2 - 0"", ""pct"": 12.379999999999999}, {""score"": ""1 - 0"", ""pct"": 12.16}, {""score"": ""2 - 1"", ""pct"": 9.78}]"
Brazil,Uzbekistan,Neutral,2.121,0.51,74.8,18.1,7.1,75.7,6.9,7.4,6.7,1.4,1.9,90.0,10.0,"[{""score"": ""2 - 0"", ""pct"": 15.93}, {""score"": ""1 - 0"", ""pct"": 15.840000000000002}, {""score"": ""3 - 0"", ""pct"": 11.28}]"
Brazil,Curaçao,Neutral,4.255,0.336,96.6,2.8,0.6,96.4,1.8,1.0,0.6,0.1,0.1,99.2,0.8,"[{""score"": ""4 - 0"", ""pct"": 14.12}, {""score"": ""3 - 0"", ""pct"": 13.239999999999998}, {""score"": ""5 - 0"", ""pct"": 11.83}]"
Brazil,DR Congo,Neutral,2.179,0.482,76.8,17.2,6.1,77.6,6.8,7.4,5.8,1.1,1.4,91.8,8.2,"[{""score"": ""1 - 0"", ""pct"": 16.42}, {""score"": ""2 - 0"", ""pct"": 16.259999999999998}, {""score"": ""3 - 0"", ""pct"": 11.25}]"
Brazil,Iraq,Neutral,2.519,0.426,82.8,13.2,4.0,83.4,5.5,5.7,3.8,0.8,0.8,94.5,5.5,"[{""score"": ""2 - 0"", ""pct"": 16.13}, {""score"": ""3 - 0"", ""pct"": 14.249999999999998}, {""score"": ""1 - 0"", ""pct"": 14.01}]"
Brazil,Ghana,Neutral,2.492,0.517,81.6,13.8,4.6,81.6,5.6,5.8,4.9,0.9,1.3,92.9,7.1,"[{""score"": ""2 - 0"", ""pct"": 16.33}, {""score"": ""1 - 0"", ""pct"": 12.78}, {""score"": ""3 - 0"", ""pct"": 11.940000000000001}]"
Brazil,Ecuador,Neutral,1.415,0.705,54.2,28.5,17.3,53.1,7.5,11.9,17.8,3.7,6.0,72.5,27.5,"[{""score"": ""1 - 0"", ""pct"": 17.31}, {""score"": ""0 - 0"", ""pct"": 13.059999999999999}, {""score"": ""1 - 1"", ""pct"": 11.78}]"
Brazil,Cape Verde,Neutral,2.717,0.423,85.6,11.1,3.3,86.5,5.1,4.2,3.0,0.6,0.7,95.7,4.3,"[{""score"": ""2 - 0"", ""pct"": 15.939999999999998}, {""score"": ""3 - 0"", ""pct"": 14.04}, {""score"": ""1 - 0"", ""pct"": 12.83}]"
Brazil,Iran,Neutral,1.841,0.663,65.4,22.3,12.3,66.4,7.4,9.2,11.3,2.2,3.5,83.0,17.0,"[{""score"": ""1 - 0"", ""pct"": 15.28}, {""score"": ""2 - 0"", ""pct"": 13.81}, {""score"": ""1 - 1"", ""pct"": 9.84}]"
Brazil,Switzerland,Neutral,1.773,0.894,57.8,24.4,17.8,58.1,7.3,8.7,17.6,3.4,4.9,74.2,25.8,"[{""score"": ""1 - 0"", ""pct"": 12.280000000000001}, {""score"": ""1 - 1"", ""pct"": 11.44}, {""score"": ""2 - 0"", ""pct"": 10.5}]"
Brazil,Bosnia and Herzegovina,Neutral,2.734,0.557,84.0,11.8,4.2,83.5,5.3,4.5,4.8,0.9,0.9,93.3,6.7,"[{""score"": ""2 - 0"", ""pct"": 14.34}, {""score"": ""3 - 0"", ""pct"": 12.82}, {""score"": ""1 - 0"", ""pct"": 10.530000000000001}]"
Brazil,Uruguay,Neutral,1.383,0.822,49.7,28.8,21.5,49.4,7.7,10.9,21.7,4.0,6.2,68.0,32.0,"[{""score"": ""1 - 0"", ""pct"": 15.21}, {""score"": ""0 - 0"", ""pct"": 12.21}, {""score"": ""1 - 1"", ""pct"": 11.85}]"
Brazil,Belgium,Neutral,1.609,1.057,51.0,26.0,23.0,51.2,7.1,8.2,23.5,4.3,5.6,66.6,33.4,"[{""score"": ""1 - 1"", ""pct"": 12.1}, {""score"": ""1 - 0"", ""pct"": 11.65}, {""score"": ""2 - 1"", ""pct"": 9.569999999999999}]"
Brazil,Germany,Neutral,1.749,1.201,50.9,24.0,25.1,50.4,7.2,7.8,25.4,3.9,5.3,65.4,34.6,"[{""score"": ""1 - 1"", ""pct"": 10.86}, {""score"": ""2 - 1"", ""pct"": 9.82}, {""score"": ""1 - 0"", ""pct"": 9.76}]"
Brazil,Senegal,Neutral,1.683,0.673,62.1,24.4,13.5,63.0,7.7,9.9,13.3,2.4,3.7,80.6,19.4,"[{""score"": ""1 - 0"", ""pct"": 16.89}, {""score"": ""2 - 0"", ""pct"": 13.23}, {""score"": ""1 - 1"", ""pct"": 10.56}]"
Brazil,Portugal,Neutral,1.384,1.122,41.4,27.7,30.9,42.0,7.2,8.8,29.8,5.3,7.0,58.0,42.0,"[{""score"": ""1 - 1"", ""pct"": 12.659999999999998}, {""score"": ""1 - 0"", ""pct"": 11.3}, {""score"": ""0 - 1"", ""pct"": 9.51}]"
Brazil,Argentina,Neutral,1.01,1.074,32.7,31.5,35.8,32.5,6.0,9.3,36.2,6.2,9.9,47.8,52.2,"[{""score"": ""0 - 0"", ""pct"": 13.65}, {""score"": ""1 - 1"", ""pct"": 13.489999999999998}, {""score"": ""0 - 1"", ""pct"": 13.25}]"
Brazil,South Africa,Neutral,2.473,0.48,81.5,13.7,4.7,81.7,6.6,5.4,4.5,0.8,1.1,93.7,6.3,"[{""score"": ""2 - 0"", ""pct"": 16.06}, {""score"": ""1 - 0"", ""pct"": 13.950000000000001}, {""score"": ""3 - 0"", ""pct"": 13.01}]"
Brazil,Paraguay,Neutral,1.776,0.61,66.4,22.7,10.9,66.3,7.6,9.3,10.9,2.4,3.5,83.2,16.8,"[{""score"": ""1 - 0"", ""pct"": 16.97}, {""score"": ""2 - 0"", ""pct"": 14.610000000000001}, {""score"": ""0 - 0"", ""pct"": 10.37}]"
Brazil,Mexico,Neutral,1.756,0.667,63.4,23.2,13.4,63.7,7.7,9.8,12.5,2.7,3.5,81.3,18.7,"[{""score"": ""1 - 0"", ""pct"": 15.68}, {""score"": ""2 - 0"", ""pct"": 13.43}, {""score"": ""1 - 1"", ""pct"": 10.290000000000001}]"
Brazil,Turkey,Neutral,2.2,0.828,68.2,19.6,12.2,69.7,6.7,7.3,11.7,2.2,2.4,83.7,16.3,"[{""score"": ""2 - 0"", ""pct"": 11.59}, {""score"": ""1 - 0"", ""pct"": 11.43}, {""score"": ""2 - 1"", ""pct"": 9.64}]"
Brazil,England,Neutral,1.147,1.04,37.7,30.5,31.8,37.4,6.5,9.9,31.5,5.8,8.9,53.8,46.2,"[{""score"": ""1 - 0"", ""pct"": 13.270000000000001}, {""score"": ""1 - 1"", ""pct"": 13.209999999999999}, {""score"": ""0 - 0"", ""pct"": 12.8}]"
Brazil,Qatar,Neutral,3.496,0.502,91.6,6.4,2.0,91.4,3.4,2.3,2.1,0.4,0.4,97.1,2.9,"[{""score"": ""3 - 0"", ""pct"": 13.08}, {""score"": ""4 - 0"", ""pct"": 11.459999999999999}, {""score"": ""2 - 0"", ""pct"": 11.32}]"
Brazil,Colombia,Neutral,1.369,0.946,46.0,28.7,25.2,46.2,7.1,9.8,25.0,4.7,7.1,63.1,36.9,"[{""score"": ""1 - 0"", ""pct"": 13.38}, {""score"": ""1 - 1"", ""pct"": 12.73}, {""score"": ""0 - 0"", ""pct"": 10.65}]"
Brazil,Czech Republic,Neutral,2.179,0.705,72.0,18.6,9.4,72.1,7.1,7.1,9.5,1.6,2.6,86.3,13.7,"[{""score"": ""2 - 0"", ""pct"": 13.36}, {""score"": ""1 - 0"", ""pct"": 12.590000000000002}, {""score"": ""2 - 1"", ""pct"": 9.46}]"
Brazil,Croatia,Neutral,1.636,0.877,56.8,24.7,18.5,55.9,7.6,9.2,19.0,3.4,5.0,72.6,27.4,"[{""score"": ""1 - 0"", ""pct"": 14.08}, {""score"": ""1 - 1"", ""pct"": 11.23}, {""score"": ""2 - 0"", ""pct"": 11.06}]"
Brazil,Netherlands,Neutral,1.644,1.091,49.4,26.0,24.6,50.4,7.5,7.9,24.2,4.5,5.5,65.7,34.3,"[{""score"": ""1 - 1"", ""pct"": 11.700000000000001}, {""score"": ""1 - 0"", ""pct"": 10.58}, {""score"": ""2 - 1"", ""pct"": 9.94}]"
Brazil,South Korea,Neutral,2.05,0.639,70.7,19.9,9.4,71.3,6.9,8.2,9.5,1.8,2.2,86.4,13.6,"[{""score"": ""1 - 0"", ""pct"": 14.39}, {""score"": ""2 - 0"", ""pct"": 14.11}, {""score"": ""3 - 0"", ""pct"": 9.3}]"
Brazil,Australia,Neutral,1.875,0.659,67.1,22.0,11.0,67.5,8.0,8.7,10.9,1.9,2.9,84.3,15.7,"[{""score"": ""1 - 0"", ""pct"": 15.4}, {""score"": ""2 - 0"", ""pct"": 14.13}, {""score"": ""1 - 1"", ""pct"": 9.45}]"
Brazil,Morocco,Neutral,1.271,0.715,49.0,30.7,20.3,49.2,7.6,12.6,19.3,4.2,7.1,69.4,30.6,"[{""score"": ""1 - 0"", ""pct"": 17.19}, {""score"": ""0 - 0"", ""pct"": 14.56}, {""score"": ""1 - 1"", ""pct"": 12.36}]"
Brazil,Scotland,Neutral,2.127,0.691,70.0,20.3,9.7,71.3,7.1,7.4,10.1,1.9,2.2,85.8,14.2,"[{""score"": ""2 - 0"", ""pct"": 13.450000000000001}, {""score"": ""1 - 0"", ""pct"": 12.879999999999999}, {""score"": ""2 - 1"", ""pct"": 9.370000000000001}]"
Brazil,Tunisia,Neutral,1.898,0.549,71.0,20.2,8.8,70.2,7.4,8.9,8.9,1.7,2.8,86.6,13.4,"[{""score"": ""1 - 0"", ""pct"": 16.54}, {""score"": ""2 - 0"", ""pct"": 15.58}, {""score"": ""3 - 0"", ""pct"": 9.69}]"
Brazil,Jordan,Neutral,2.782,0.514,85.1,11.0,3.9,84.8,5.4,4.4,3.9,0.7,0.9,94.5,5.5,"[{""score"": ""2 - 0"", ""pct"": 14.499999999999998}, {""score"": ""3 - 0"", ""pct"": 13.48}, {""score"": ""1 - 0"", ""pct"": 10.7}]"
Brazil,Saudi Arabia,Neutral,2.502,0.444,83.5,12.6,3.9,82.9,5.6,5.8,4.0,0.8,0.9,94.3,5.7,"[{""score"": ""2 - 0"", ""pct"": 16.36}, {""score"": ""1 - 0"", ""pct"": 14.030000000000001}, {""score"": ""3 - 0"", ""pct"": 12.950000000000001}]"
Brazil,Austria,Neutral,1.929,0.782,64.8,21.4,13.7,64.8,7.0,8.6,13.4,2.9,3.3,80.4,19.6,"[{""score"": ""1 - 0"", ""pct"": 12.91}, {""score"": ""2 - 0"", ""pct"": 12.64}, {""score"": ""1 - 1"", ""pct"": 10.0}]"
Brazil,Haiti,Neutral,3.875,0.447,94.2,4.6,1.2,94.0,2.6,1.6,1.4,0.2,0.2,98.2,1.8,"[{""score"": ""3 - 0"", ""pct"": 12.78}, {""score"": ""4 - 0"", ""pct"": 12.35}, {""score"": ""2 - 0"", ""pct"": 10.85}]"
Brazil,Japan,Neutral,1.792,0.796,61.9,23.9,14.2,61.4,7.9,8.5,15.3,2.8,4.2,77.8,22.2,"[{""score"": ""1 - 0"", ""pct"": 13.98}, {""score"": ""2 - 0"", ""pct"": 12.46}, {""score"": ""1 - 1"", ""pct"": 10.73}]"
Brazil,Panama,Neutral,2.906,0.507,86.1,10.3,3.6,85.9,5.4,3.8,3.5,0.7,0.7,95.1,4.9,"[{""score"": ""2 - 0"", ""pct"": 14.66}, {""score"": ""3 - 0"", ""pct"": 13.320000000000002}, {""score"": ""1 - 0"", ""pct"": 10.2}]"
United States,Sweden,United States,1.445,1.315,39.4,26.1,34.6,39.4,6.1,7.5,34.7,5.6,6.7,53.0,47.0,"[{""score"": ""1 - 1"", ""pct"": 11.74}, {""score"": ""1 - 0"", ""pct"": 9.48}, {""score"": ""0 - 1"", ""pct"": 8.88}]"
United States,Canada,United States,1.458,0.981,47.5,28.0,24.5,48.0,7.0,9.9,24.2,4.8,6.2,64.9,35.1,"[{""score"": ""1 - 1"", ""pct"": 12.67}, {""score"": ""1 - 0"", ""pct"": 12.65}, {""score"": ""0 - 0"", ""pct"": 9.58}]"
United States,France,United States,0.887,1.721,17.6,25.4,57.1,17.7,3.2,4.8,57.6,7.4,9.3,25.7,74.3,"[{""score"": ""0 - 1"", ""pct"": 12.809999999999999}, {""score"": ""1 - 1"", ""pct"": 11.450000000000001}, {""score"": ""0 - 2"", ""pct"": 10.85}]"
United States,Egypt,United States,1.296,0.904,45.4,29.5,25.1,44.9,7.8,10.3,24.7,4.8,7.5,63.0,37.0,"[{""score"": ""1 - 0"", ""pct"": 14.180000000000001}, {""score"": ""1 - 1"", ""pct"": 12.8}, {""score"": ""0 - 0"", ""pct"": 12.17}]"
United States,Norway,United States,1.341,1.436,34.8,26.2,39.0,34.4,5.4,6.5,39.9,6.6,7.3,46.3,53.7,"[{""score"": ""1 - 1"", ""pct"": 11.700000000000001}, {""score"": ""1 - 2"", ""pct"": 9.13}, {""score"": ""0 - 1"", ""pct"": 8.690000000000001}]"
United States,Spain,United States,0.821,2.079,12.9,20.3,66.8,12.9,2.4,3.1,67.0,7.4,7.2,18.5,81.5,"[{""score"": ""0 - 2"", ""pct"": 11.98}, {""score"": ""0 - 1"", ""pct"": 11.65}, {""score"": ""1 - 2"", ""pct"": 9.4}]"
United States,Ivory Coast,United States,1.303,0.985,44.4,29.3,26.3,42.9,7.0,9.8,27.6,5.5,7.2,59.7,40.3,"[{""score"": ""1 - 1"", ""pct"": 13.13}, {""score"": ""1 - 0"", ""pct"": 13.08}, {""score"": ""0 - 0"", ""pct"": 11.53}]"
United States,New Zealand,United States,1.868,0.563,68.6,21.9,9.4,70.2,6.7,8.9,9.4,1.9,2.8,85.8,14.2,"[{""score"": ""1 - 0"", ""pct"": 16.13}, {""score"": ""2 - 0"", ""pct"": 14.93}, {""score"": ""0 - 0"", ""pct"": 9.62}]"
United States,Algeria,United States,1.486,1.216,42.7,26.6,30.7,43.3,6.7,8.1,29.6,5.3,7.0,58.1,41.9,"[{""score"": ""1 - 1"", ""pct"": 12.25}, {""score"": ""1 - 0"", ""pct"": 10.54}, {""score"": ""2 - 1"", ""pct"": 9.139999999999999}]"
United States,Uzbekistan,United States,1.44,0.821,51.1,28.8,20.1,51.5,7.5,10.2,20.6,3.9,6.3,69.2,30.8,"[{""score"": ""1 - 0"", ""pct"": 15.120000000000001}, {""score"": ""1 - 1"", ""pct"": 12.65}, {""score"": ""0 - 0"", ""pct"": 11.73}]"
United States,Curaçao,United States,2.888,0.541,85.6,10.5,3.9,85.1,5.3,4.3,3.8,0.7,0.8,94.7,5.3,"[{""score"": ""2 - 0"", ""pct"": 14.069999999999999}, {""score"": ""3 - 0"", ""pct"": 12.91}, {""score"": ""1 - 0"", ""pct"": 9.42}]"
United States,DR Congo,United States,1.479,0.776,53.3,27.4,19.3,53.3,7.5,10.9,19.2,3.3,5.8,71.8,28.2,"[{""score"": ""1 - 0"", ""pct"": 15.809999999999999}, {""score"": ""1 - 1"", ""pct"": 11.74}, {""score"": ""0 - 0"", ""pct"": 11.25}]"
United States,Iraq,United States,1.71,0.686,62.3,24.1,13.7,61.8,8.0,9.7,13.7,2.8,4.1,79.5,20.5,"[{""score"": ""1 - 0"", ""pct"": 16.009999999999998}, {""score"": ""2 - 0"", ""pct"": 12.879999999999999}, {""score"": ""1 - 1"", ""pct"": 10.24}]"
United States,Ghana,United States,1.691,0.833,58.0,24.9,17.1,57.3,7.6,8.9,17.4,3.8,5.1,73.8,26.2,"[{""score"": ""1 - 0"", ""pct"": 14.17}, {""score"": ""1 - 1"", ""pct"": 10.68}, {""score"": ""2 - 0"", ""pct"": 10.639999999999999}]"
United States,Ecuador,United States,0.961,1.136,30.2,31.3,38.5,29.5,5.4,9.0,39.0,6.7,10.5,43.9,56.2,"[{""score"": ""0 - 1"", ""pct"": 13.700000000000001}, {""score"": ""0 - 0"", ""pct"": 13.48}, {""score"": ""1 - 1"", ""pct"": 13.44}]"
United States,Cape Verde,United States,1.844,0.681,65.2,21.9,12.9,65.1,7.4,9.5,12.4,2.2,3.4,82.0,18.0,"[{""score"": ""1 - 0"", ""pct"": 15.299999999999999}, {""score"": ""2 - 0"", ""pct"": 13.020000000000001}, {""score"": ""2 - 1"", ""pct"": 9.879999999999999}]"
United States,Iran,United States,1.25,1.068,39.3,30.0,30.6,39.8,6.6,9.6,30.2,5.7,8.1,56.0,44.0,"[{""score"": ""1 - 1"", ""pct"": 13.489999999999998}, {""score"": ""1 - 0"", ""pct"": 12.659999999999998}, {""score"": ""0 - 0"", ""pct"": 10.83}]"
United States,Switzerland,United States,1.203,1.44,31.3,27.5,41.2,31.4,5.3,7.2,40.9,6.5,8.6,44.0,56.0,"[{""score"": ""1 - 1"", ""pct"": 12.55}, {""score"": ""0 - 1"", ""pct"": 10.56}, {""score"": ""1 - 0"", ""pct"": 9.09}]"
United States,Bosnia and Herzegovina,United States,1.856,0.897,60.0,23.9,16.1,59.9,8.1,8.4,16.6,2.8,4.2,76.4,23.6,"[{""score"": ""1 - 0"", ""pct"": 12.379999999999999}, {""score"": ""1 - 1"", ""pct"": 10.69}, {""score"": ""2 - 0"", ""pct"": 10.67}]"
United States,Uruguay,United States,0.939,1.324,25.3,28.9,45.9,26.0,4.8,7.1,44.8,7.5,9.7,37.9,62.1,"[{""score"": ""0 - 1"", ""pct"": 13.919999999999998}, {""score"": ""1 - 1"", ""pct"": 12.91}, {""score"": ""0 - 0"", ""pct"": 11.129999999999999}]"
United States,Belgium,United States,1.092,1.702,23.5,24.2,52.2,23.1,4.3,5.3,51.2,7.5,8.6,32.7,67.3,"[{""score"": ""1 - 1"", ""pct"": 11.07}, {""score"": ""0 - 1"", ""pct"": 10.48}, {""score"": ""1 - 2"", ""pct"": 9.5}]"
United States,Germany,United States,1.187,1.934,22.6,23.2,54.2,22.3,4.4,4.3,54.5,7.0,7.5,30.9,69.1,"[{""score"": ""1 - 2"", ""pct"": 10.34}, {""score"": ""1 - 1"", ""pct"": 10.23}, {""score"": ""0 - 1"", ""pct"": 8.63}]"
United States,Senegal,United States,1.142,1.085,36.4,29.9,33.8,36.9,6.2,9.1,32.7,5.9,9.3,52.1,47.9,"[{""score"": ""1 - 1"", ""pct"": 12.959999999999999}, {""score"": ""1 - 0"", ""pct"": 12.15}, {""score"": ""0 - 0"", ""pct"": 11.690000000000001}]"
United States,Portugal,United States,0.939,1.808,17.9,24.0,58.0,18.2,3.4,4.4,58.3,7.3,8.4,26.1,74.0,"[{""score"": ""0 - 1"", ""pct"": 12.23}, {""score"": ""1 - 1"", ""pct"": 10.85}, {""score"": ""1 - 2"", ""pct"": 10.34}]"
United States,Argentina,United States,0.686,1.729,13.4,23.8,62.8,13.4,2.7,4.1,62.7,7.8,9.4,20.2,79.8,"[{""score"": ""0 - 1"", ""pct"": 16.0}, {""score"": ""0 - 2"", ""pct"": 13.34}, {""score"": ""1 - 1"", ""pct"": 10.190000000000001}]"
United States,South Africa,United States,1.679,0.773,59.9,24.9,15.2,59.9,7.9,9.4,15.3,2.9,4.7,77.1,22.9,"[{""score"": ""1 - 0"", ""pct"": 15.559999999999999}, {""score"": ""2 - 0"", ""pct"": 11.91}, {""score"": ""1 - 1"", ""pct"": 11.19}]"
United States,Paraguay,United States,1.205,0.982,40.2,29.8,30.0,40.8,6.5,10.3,28.5,5.4,8.4,57.6,42.4,"[{""score"": ""1 - 0"", ""pct"": 13.56}, {""score"": ""1 - 1"", ""pct"": 13.07}, {""score"": ""0 - 0"", ""pct"": 11.690000000000001}]"
United States,Mexico,United States,1.192,1.075,37.1,30.2,32.7,38.1,6.5,9.2,31.8,5.3,9.0,53.9,46.1,"[{""score"": ""1 - 1"", ""pct"": 13.23}, {""score"": ""1 - 0"", ""pct"": 11.600000000000001}, {""score"": ""0 - 0"", ""pct"": 11.540000000000001}]"
United States,Turkey,United States,1.493,1.334,39.8,27.2,33.0,40.2,6.7,7.3,33.4,5.4,7.0,54.2,45.8,"[{""score"": ""1 - 1"", ""pct"": 12.08}, {""score"": ""2 - 1"", ""pct"": 9.07}, {""score"": ""1 - 0"", ""pct"": 8.870000000000001}]"
United States,England,United States,0.778,1.675,15.8,25.4,58.7,16.2,3.0,4.3,58.9,7.7,9.7,23.6,76.4,"[{""score"": ""0 - 1"", ""pct"": 15.120000000000001}, {""score"": ""0 - 2"", ""pct"": 11.43}, {""score"": ""1 - 1"", ""pct"": 11.28}]"
United States,Qatar,United States,2.373,0.808,73.8,16.8,9.4,73.4,6.8,5.9,10.1,1.9,1.9,86.1,13.9,"[{""score"": ""2 - 0"", ""pct"": 12.16}, {""score"": ""1 - 0"", ""pct"": 11.34}, {""score"": ""2 - 1"", ""pct"": 9.45}]"
United States,Colombia,United States,0.929,1.524,21.2,27.0,51.8,23.0,4.3,6.1,51.1,6.7,8.8,33.4,66.6,"[{""score"": ""0 - 1"", ""pct"": 13.86}, {""score"": ""1 - 1"", ""pct"": 12.33}, {""score"": ""1 - 2"", ""pct"": 9.6}]"
United States,Czech Republic,United States,1.479,1.135,44.7,26.6,28.7,45.3,6.6,8.4,28.5,4.9,6.4,60.2,39.8,"[{""score"": ""1 - 1"", ""pct"": 12.030000000000001}, {""score"": ""1 - 0"", ""pct"": 11.020000000000001}, {""score"": ""2 - 1"", ""pct"": 9.4}]"
United States,Croatia,United States,1.111,1.413,29.1,28.1,42.8,29.5,5.3,6.5,43.5,6.9,8.3,41.3,58.7,"[{""score"": ""1 - 1"", ""pct"": 12.25}, {""score"": ""0 - 1"", ""pct"": 11.04}, {""score"": ""0 - 0"", ""pct"": 9.58}]"
United States,Netherlands,United States,1.116,1.757,22.9,24.5,52.6,22.2,4.3,5.1,52.5,7.5,8.4,31.6,68.4,"[{""score"": ""0 - 1"", ""pct"": 10.68}, {""score"": ""1 - 1"", ""pct"": 10.639999999999999}, {""score"": ""1 - 2"", ""pct"": 9.879999999999999}]"
United States,South Korea,United States,1.391,1.029,45.1,27.8,27.1,45.2,7.1,8.8,27.0,4.8,7.2,61.0,39.0,"[{""score"": ""1 - 0"", ""pct"": 12.75}, {""score"": ""1 - 1"", ""pct"": 12.64}, {""score"": ""0 - 0"", ""pct"": 9.9}]"
United States,Australia,United States,1.273,1.061,40.3,29.0,30.7,40.2,6.6,9.8,30.4,5.5,7.6,56.6,43.4,"[{""score"": ""1 - 1"", ""pct"": 12.870000000000001}, {""score"": ""1 - 0"", ""pct"": 12.46}, {""score"": ""0 - 0"", ""pct"": 10.56}]"
United States,Morocco,United States,0.863,1.152,26.4,31.7,41.9,27.0,5.0,8.3,41.1,6.7,11.9,40.3,59.7,"[{""score"": ""0 - 1"", ""pct"": 15.25}, {""score"": ""0 - 0"", ""pct"": 15.049999999999999}, {""score"": ""1 - 1"", ""pct"": 12.870000000000001}]"
United States,Scotland,United States,1.444,1.113,43.5,27.8,28.7,44.8,6.7,8.7,27.8,5.0,7.0,60.2,39.8,"[{""score"": ""1 - 1"", ""pct"": 12.540000000000001}, {""score"": ""1 - 0"", ""pct"": 12.09}, {""score"": ""0 - 0"", ""pct"": 8.94}]"
United States,Tunisia,United States,1.288,0.885,44.9,29.7,25.4,45.7,7.0,11.0,24.5,4.2,7.4,63.8,36.2,"[{""score"": ""1 - 0"", ""pct"": 14.08}, {""score"": ""1 - 1"", ""pct"": 12.83}, {""score"": ""0 - 0"", ""pct"": 12.46}]"
United States,Jordan,United States,1.888,0.827,62.3,22.9,14.7,62.2,7.5,8.6,14.9,2.9,3.9,78.3,21.7,"[{""score"": ""1 - 0"", ""pct"": 13.13}, {""score"": ""2 - 0"", ""pct"": 11.129999999999999}, {""score"": ""1 - 1"", ""pct"": 10.290000000000001}]"
United States,Saudi Arabia,United States,1.698,0.716,61.1,24.6,14.3,61.0,7.6,9.9,14.3,3.0,4.2,78.5,21.5,"[{""score"": ""1 - 0"", ""pct"": 15.64}, {""score"": ""2 - 0"", ""pct"": 12.67}, {""score"": ""1 - 1"", ""pct"": 10.290000000000001}]"
United States,Austria,United States,1.309,1.26,38.1,27.1,34.8,37.8,6.2,7.5,35.5,5.5,7.6,51.4,48.6,"[{""score"": ""1 - 1"", ""pct"": 12.04}, {""score"": ""1 - 0"", ""pct"": 10.02}, {""score"": ""0 - 1"", ""pct"": 9.53}]"
United States,Haiti,United States,2.63,0.721,78.8,14.2,7.1,78.1,6.4,5.4,7.3,1.3,1.4,89.9,10.1,"[{""score"": ""2 - 0"", ""pct"": 12.49}, {""score"": ""3 - 0"", ""pct"": 10.37}, {""score"": ""1 - 0"", ""pct"": 9.520000000000001}]"
United States,Japan,United States,1.216,1.282,33.9,28.6,37.5,35.2,5.9,7.6,36.9,5.8,8.6,48.7,51.3,"[{""score"": ""1 - 1"", ""pct"": 12.43}, {""score"": ""0 - 1"", ""pct"": 10.299999999999999}, {""score"": ""1 - 0"", ""pct"": 9.44}]"
United States,Panama,United States,1.972,0.817,64.7,22.1,13.2,64.3,8.1,7.9,13.7,2.7,3.4,80.3,19.7,"[{""score"": ""1 - 0"", ""pct"": 12.64}, {""score"": ""2 - 0"", ""pct"": 11.940000000000001}, {""score"": ""1 - 1"", ""pct"": 10.09}]"
United States,Brazil,United States,0.799,1.897,14.3,22.3,63.3,14.0,2.7,3.8,63.4,7.9,8.3,20.5,79.5,"[{""score"": ""0 - 1"", ""pct"": 13.200000000000001}, {""score"": ""0 - 2"", ""pct"": 12.139999999999999}, {""score"": ""1 - 1"", ""pct"": 9.99}]"
Sweden,United States,United States,1.315,1.445,33.9,26.4,39.8,34.0,5.9,7.1,39.1,6.7,7.3,47.0,53.0,"[{""score"": ""1 - 1"", ""pct"": 11.709999999999999}, {""score"": ""0 - 1"", ""pct"": 9.049999999999999}, {""score"": ""1 - 2"", ""pct"": 8.77}]"
Canada,United States,United States,0.981,1.458,25.1,27.1,47.8,24.3,4.7,6.7,47.9,6.9,9.5,35.8,64.2,"[{""score"": ""0 - 1"", ""pct"": 13.530000000000001}, {""score"": ""1 - 1"", ""pct"": 12.19}, {""score"": ""0 - 0"", ""pct"": 9.46}]"
France,United States,United States,1.721,0.887,57.0,24.5,18.4,57.1,7.6,9.2,17.6,3.6,4.9,73.9,26.1,"[{""score"": ""1 - 0"", ""pct"": 13.44}, {""score"": ""2 - 0"", ""pct"": 10.92}, {""score"": ""1 - 1"", ""pct"": 10.77}]"
Egypt,United States,United States,0.904,1.296,25.6,29.6,44.8,25.4,5.0,7.1,44.9,6.6,10.9,37.6,62.4,"[{""score"": ""0 - 1"", ""pct"": 14.760000000000002}, {""score"": ""1 - 1"", ""pct"": 12.889999999999999}, {""score"": ""0 - 0"", ""pct"": 11.76}]"
Norway,United States,United States,1.436,1.341,38.4,26.6,35.0,38.8,6.1,7.6,34.9,5.5,7.1,52.5,47.5,"[{""score"": ""1 - 1"", ""pct"": 11.74}, {""score"": ""1 - 0"", ""pct"": 9.01}, {""score"": ""0 - 1"", ""pct"": 8.790000000000001}]"
Spain,United States,United States,2.079,0.821,66.8,20.2,13.0,66.5,7.4,7.5,13.1,2.7,2.8,81.4,18.6,"[{""score"": ""2 - 0"", ""pct"": 11.88}, {""score"": ""1 - 0"", ""pct"": 11.27}, {""score"": ""2 - 1"", ""pct"": 10.32}]"
Ivory Coast,United States,United States,0.985,1.303,27.4,29.1,43.5,27.3,5.0,7.5,43.4,6.9,9.9,39.8,60.2,"[{""score"": ""0 - 1"", ""pct"": 13.43}, {""score"": ""1 - 1"", ""pct"": 13.04}, {""score"": ""0 - 0"", ""pct"": 11.09}]"
New Zealand,United States,United States,0.563,1.868,9.5,20.9,69.5,9.0,1.7,2.6,70.0,7.4,9.3,13.3,86.7,"[{""score"": ""0 - 1"", ""pct"": 17.11}, {""score"": ""0 - 2"", ""pct"": 14.729999999999999}, {""score"": ""0 - 3"", ""pct"": 9.790000000000001}]"
Algeria,United States,United States,1.216,1.486,29.3,27.3,43.4,30.1,5.3,6.3,42.9,6.8,8.6,41.7,58.3,"[{""score"": ""1 - 1"", ""pct"": 12.55}, {""score"": ""0 - 1"", ""pct"": 10.18}, {""score"": ""1 - 2"", ""pct"": 8.5}]"
Uzbekistan,United States,United States,0.821,1.44,20.8,28.7,50.5,20.6,3.9,5.9,51.9,7.3,10.3,30.4,69.6,"[{""score"": ""0 - 1"", ""pct"": 15.120000000000001}, {""score"": ""1 - 1"", ""pct"": 12.790000000000001}, {""score"": ""0 - 0"", ""pct"": 11.44}]"
Curaçao,United States,United States,0.541,2.888,3.8,10.8,85.5,3.9,0.5,0.8,85.2,5.5,4.1,5.2,94.8,"[{""score"": ""0 - 2"", ""pct"": 12.950000000000001}, {""score"": ""0 - 3"", ""pct"": 12.01}, {""score"": ""0 - 1"", ""pct"": 9.66}]"
DR Congo,United States,United States,0.776,1.479,18.1,27.6,54.2,18.9,3.5,5.4,53.3,7.9,10.9,27.8,72.2,"[{""score"": ""0 - 1"", ""pct"": 15.86}, {""score"": ""1 - 1"", ""pct"": 12.6}, {""score"": ""0 - 2"", ""pct"": 10.99}]"
Iraq,United States,United States,0.686,1.71,13.3,24.3,62.4,13.7,2.9,4.1,62.3,7.1,9.9,20.6,79.4,"[{""score"": ""0 - 1"", ""pct"": 15.89}, {""score"": ""0 - 2"", ""pct"": 13.23}, {""score"": ""1 - 1"", ""pct"": 10.68}]"
Ghana,United States,United States,0.833,1.691,17.3,24.4,58.3,17.5,3.2,5.0,57.5,7.6,9.2,25.7,74.3,"[{""score"": ""0 - 1"", ""pct"": 13.889999999999999}, {""score"": ""1 - 1"", ""pct"": 11.07}, {""score"": ""0 - 2"", ""pct"": 10.92}]"
Ecuador,United States,United States,1.136,0.961,38.6,31.1,30.2,38.9,6.2,10.1,30.5,5.2,9.1,55.2,44.8,"[{""score"": ""1 - 0"", ""pct"": 13.62}, {""score"": ""1 - 1"", ""pct"": 13.3}, {""score"": ""0 - 0"", ""pct"": 13.26}]"
Cape Verde,United States,United States,0.681,1.844,11.9,23.5,64.7,12.3,2.3,3.6,65.1,7.6,9.1,18.2,81.8,"[{""score"": ""0 - 1"", ""pct"": 14.940000000000001}, {""score"": ""0 - 2"", ""pct"": 13.19}, {""score"": ""1 - 1"", ""pct"": 10.18}]"
Iran,United States,United States,1.068,1.25,29.8,29.8,40.4,30.4,5.1,7.9,40.1,7.0,9.4,43.5,56.5,"[{""score"": ""1 - 1"", ""pct"": 13.04}, {""score"": ""0 - 1"", ""pct"": 12.370000000000001}, {""score"": ""0 - 0"", ""pct"": 11.09}]"
Switzerland,United States,United States,1.44,1.203,41.6,27.0,31.4,42.6,6.4,8.5,30.6,5.2,6.7,57.6,42.4,"[{""score"": ""1 - 1"", ""pct"": 12.07}, {""score"": ""1 - 0"", ""pct"": 10.549999999999999}, {""score"": ""0 - 1"", ""pct"": 8.66}]"
Bosnia and Herzegovina,United States,United States,0.897,1.856,16.2,23.4,60.4,16.5,3.6,4.0,60.5,7.3,8.1,24.1,75.9,"[{""score"": ""0 - 1"", ""pct"": 12.709999999999999}, {""score"": ""1 - 1"", ""pct"": 10.85}, {""score"": ""0 - 2"", ""pct"": 10.6}]"
Uruguay,United States,United States,1.324,0.939,45.4,28.9,25.7,45.1,7.3,10.2,25.1,4.8,7.6,62.6,37.4,"[{""score"": ""1 - 0"", ""pct"": 13.84}, {""score"": ""1 - 1"", ""pct"": 12.540000000000001}, {""score"": ""0 - 0"", ""pct"": 11.29}]"
Belgium,United States,United States,1.702,1.092,52.4,24.5,23.1,51.6,7.5,8.1,23.3,4.2,5.4,67.2,32.8,"[{""score"": ""1 - 1"", ""pct"": 11.540000000000001}, {""score"": ""1 - 0"", ""pct"": 11.14}, {""score"": ""2 - 1"", ""pct"": 10.03}]"
Germany,United States,United States,1.934,1.187,54.7,23.4,22.0,54.9,7.1,7.3,22.4,3.9,4.4,69.3,30.7,"[{""score"": ""1 - 1"", ""pct"": 10.5}, {""score"": ""2 - 1"", ""pct"": 9.83}, {""score"": ""1 - 0"", ""pct"": 8.89}]"
Senegal,United States,United States,1.085,1.142,35.0,29.8,35.1,33.7,5.8,8.9,35.0,6.0,10.7,48.4,51.6,"[{""score"": ""1 - 1"", ""pct"": 13.020000000000001}, {""score"": ""1 - 0"", ""pct"": 12.29}, {""score"": ""0 - 1"", ""pct"": 11.790000000000001}]"
Portugal,United States,United States,1.808,0.939,57.5,24.0,18.6,57.8,7.7,8.4,18.2,3.6,4.4,73.8,26.2,"[{""score"": ""1 - 0"", ""pct"": 11.959999999999999}, {""score"": ""1 - 1"", ""pct"": 10.59}, {""score"": ""2 - 0"", ""pct"": 10.549999999999999}]"
Argentina,United States,United States,1.729,0.686,62.5,24.1,13.4,62.6,7.5,10.0,13.2,2.5,4.2,80.1,19.9,"[{""score"": ""1 - 0"", ""pct"": 16.009999999999998}, {""score"": ""2 - 0"", ""pct"": 13.13}, {""score"": ""1 - 1"", ""pct"": 10.43}]"
South Africa,United States,United States,0.773,1.679,16.1,25.2,58.7,15.2,3.0,5.0,59.0,7.9,9.8,23.3,76.7,"[{""score"": ""0 - 1"", ""pct"": 14.540000000000001}, {""score"": ""0 - 2"", ""pct"": 11.57}, {""score"": ""1 - 1"", ""pct"": 11.07}]"
Paraguay,United States,United States,0.982,1.205,29.3,29.8,40.8,29.3,4.6,8.1,40.9,6.6,10.4,42.1,57.9,"[{""score"": ""0 - 1"", ""pct"": 13.29}, {""score"": ""1 - 1"", ""pct"": 13.07}, {""score"": ""0 - 0"", ""pct"": 12.19}]"
Mexico,United States,United States,1.075,1.192,32.4,29.7,38.0,32.0,6.1,8.7,37.3,6.8,9.2,46.8,53.2,"[{""score"": ""1 - 1"", ""pct"": 13.209999999999999}, {""score"": ""0 - 1"", ""pct"": 12.41}, {""score"": ""1 - 0"", ""pct"": 11.3}]"
Turkey,United States,United States,1.334,1.493,32.9,26.9,40.3,33.3,5.5,7.1,40.3,6.2,7.7,45.9,54.1,"[{""score"": ""1 - 1"", ""pct"": 12.25}, {""score"": ""1 - 2"", ""pct"": 9.34}, {""score"": ""0 - 1"", ""pct"": 8.91}]"
England,United States,United States,1.675,0.778,58.8,25.3,15.8,59.1,7.4,9.7,16.1,3.3,4.3,76.2,23.8,"[{""score"": ""1 - 0"", ""pct"": 14.430000000000001}, {""score"": ""2 - 0"", ""pct"": 11.83}, {""score"": ""1 - 1"", ""pct"": 11.29}]"
Qatar,United States,United States,0.808,2.373,10.3,17.5,72.2,9.9,1.9,2.0,73.0,7.0,6.2,13.8,86.2,"[{""score"": ""0 - 2"", ""pct"": 11.75}, {""score"": ""0 - 1"", ""pct"": 10.7}, {""score"": ""1 - 2"", ""pct"": 9.27}]"
Colombia,United States,United States,1.524,0.929,50.8,27.1,22.1,50.7,7.5,9.8,22.3,4.1,5.6,68.0,32.0,"[{""score"": ""1 - 0"", ""pct"": 13.370000000000001}, {""score"": ""1 - 1"", ""pct"": 12.76}, {""score"": ""2 - 1"", ""pct"": 9.520000000000001}]"
Czech Republic,United States,United States,1.135,1.479,27.9,26.9,45.2,27.5,4.8,6.5,45.6,6.8,8.8,38.9,61.1,"[{""score"": ""1 - 1"", ""pct"": 12.22}, {""score"": ""0 - 1"", ""pct"": 11.360000000000001}, {""score"": ""1 - 2"", ""pct"": 9.139999999999999}]"
Croatia,United States,United States,1.413,1.111,42.5,28.6,28.9,43.0,6.4,9.2,29.5,5.0,6.9,58.6,41.4,"[{""score"": ""1 - 1"", ""pct"": 12.809999999999999}, {""score"": ""1 - 0"", ""pct"": 11.0}, {""score"": ""0 - 0"", ""pct"": 9.55}]"
Netherlands,United States,United States,1.757,1.116,52.5,23.5,24.0,52.3,7.0,7.8,23.5,4.3,5.1,67.1,32.9,"[{""score"": ""1 - 1"", ""pct"": 10.61}, {""score"": ""1 - 0"", ""pct"": 10.24}, {""score"": ""2 - 1"", ""pct"": 10.0}]"
South Korea,United States,United States,1.029,1.391,27.4,28.1,44.6,26.8,4.6,7.0,45.8,7.3,8.6,38.4,61.6,"[{""score"": ""1 - 1"", ""pct"": 12.559999999999999}, {""score"": ""0 - 1"", ""pct"": 12.09}, {""score"": ""0 - 0"", ""pct"": 9.94}]"
Australia,United States,United States,1.061,1.273,29.7,29.9,40.4,29.6,5.5,8.1,40.9,6.6,9.3,43.1,56.9,"[{""score"": ""1 - 1"", ""pct"": 13.600000000000001}, {""score"": ""0 - 1"", ""pct"": 12.31}, {""score"": ""0 - 0"", ""pct"": 10.5}]"
Morocco,United States,United States,1.152,0.863,41.0,32.3,26.7,42.6,7.3,11.1,25.8,4.6,8.6,61.0,39.0,"[{""score"": ""1 - 0"", ""pct"": 15.459999999999999}, {""score"": ""1 - 1"", ""pct"": 14.180000000000001}, {""score"": ""0 - 0"", ""pct"": 14.11}]"
Scotland,United States,United States,1.113,1.444,28.4,27.2,44.4,28.3,5.0,6.5,45.1,6.8,8.3,39.8,60.2,"[{""score"": ""1 - 1"", ""pct"": 11.95}, {""score"": ""0 - 1"", ""pct"": 11.48}, {""score"": ""1 - 2"", ""pct"": 9.44}]"
Tunisia,United States,United States,0.885,1.288,25.1,30.5,44.4,24.8,4.4,7.7,45.2,7.1,10.8,36.9,63.1,"[{""score"": ""0 - 1"", ""pct"": 14.42}, {""score"": ""1 - 1"", ""pct"": 13.08}, {""score"": ""0 - 0"", ""pct"": 12.790000000000001}]"
Jordan,United States,United States,0.827,1.888,14.9,22.4,62.7,14.1,2.8,3.7,62.7,7.8,9.0,20.6,79.4,"[{""score"": ""0 - 1"", ""pct"": 13.54}, {""score"": ""0 - 2"", ""pct"": 11.44}, {""score"": ""1 - 1"", ""pct"": 10.549999999999999}]"
Saudi Arabia,United States,United States,0.716,1.698,14.9,24.1,60.9,14.7,2.9,4.3,60.5,7.7,10.0,21.9,78.1,"[{""score"": ""0 - 1"", ""pct"": 15.370000000000001}, {""score"": ""0 - 2"", ""pct"": 13.23}, {""score"": ""1 - 1"", ""pct"": 10.52}]"
Austria,United States,United States,1.26,1.309,34.7,27.6,37.7,34.6,6.0,7.3,37.7,6.0,8.3,47.9,52.1,"[{""score"": ""1 - 1"", ""pct"": 12.280000000000001}, {""score"": ""0 - 1"", ""pct"": 10.37}, {""score"": ""1 - 0"", ""pct"": 10.11}]"
Haiti,United States,United States,0.721,2.63,6.6,14.1,79.3,7.4,1.4,1.5,78.7,5.9,5.2,10.2,89.8,"[{""score"": ""0 - 2"", ""pct"": 13.03}, {""score"": ""0 - 3"", ""pct"": 10.56}, {""score"": ""0 - 1"", ""pct"": 9.700000000000001}]"
Japan,United States,United States,1.282,1.216,37.7,27.8,34.5,36.8,5.9,8.3,34.8,5.9,8.4,51.0,49.0,"[{""score"": ""1 - 1"", ""pct"": 12.76}, {""score"": ""1 - 0"", ""pct"": 10.66}, {""score"": ""0 - 1"", ""pct"": 10.2}]"
Panama,United States,United States,0.817,1.972,13.6,21.9,64.5,13.6,2.8,3.1,63.9,7.8,8.7,19.6,80.4,"[{""score"": ""0 - 1"", ""pct"": 12.690000000000001}, {""score"": ""0 - 2"", ""pct"": 11.26}, {""score"": ""1 - 1"", ""pct"": 9.85}]"
Brazil,United States,United States,1.897,0.799,64.0,22.2,13.8,63.8,7.3,8.5,14.3,2.9,3.1,79.7,20.3,"[{""score"": ""1 - 0"", ""pct"": 13.16}, {""score"": ""2 - 0"", ""pct"": 12.27}, {""score"": ""1 - 1"", ""pct"": 10.51}]"
Mexico,United States,Mexico,1.524,0.84,52.6,27.5,19.9,52.4,8.1,10.7,19.4,3.7,5.6,71.3,28.7,"[{""score"": ""1 - 0"", ""pct"": 14.829999999999998}, {""score"": ""1 - 1"", ""pct"": 12.49}, {""score"": ""0 - 0"", ""pct"": 10.31}]"
Mexico,Sweden,Mexico,1.436,1.022,45.1,28.9,26.0,45.9,6.9,9.3,26.5,4.8,6.6,62.1,37.9,"[{""score"": ""1 - 1"", ""pct"": 12.93}, {""score"": ""1 - 0"", ""pct"": 12.26}, {""score"": ""0 - 0"", ""pct"": 9.959999999999999}]"
Mexico,Canada,Mexico,1.45,0.762,53.5,27.9,18.6,53.6,8.0,10.6,18.2,3.7,5.8,72.3,27.7,"[{""score"": ""1 - 0"", ""pct"": 15.870000000000001}, {""score"": ""1 - 1"", ""pct"": 12.22}, {""score"": ""2 - 0"", ""pct"": 11.459999999999999}]"
Mexico,France,Mexico,0.882,1.337,24.0,29.2,46.8,23.2,4.4,6.8,47.4,7.1,11.1,34.4,65.6,"[{""score"": ""0 - 1"", ""pct"": 14.879999999999999}, {""score"": ""1 - 1"", ""pct"": 13.370000000000001}, {""score"": ""0 - 0"", ""pct"": 11.3}]"
Mexico,Egypt,Mexico,1.288,0.703,50.4,30.3,19.3,50.0,7.7,12.4,19.2,4.0,6.7,70.1,29.9,"[{""score"": ""1 - 0"", ""pct"": 17.599999999999998}, {""score"": ""0 - 0"", ""pct"": 14.540000000000001}, {""score"": ""1 - 1"", ""pct"": 12.07}]"
Mexico,Norway,Mexico,1.333,1.116,41.2,28.2,30.5,41.6,6.4,8.9,30.3,5.8,7.1,56.9,43.1,"[{""score"": ""1 - 1"", ""pct"": 12.23}, {""score"": ""1 - 0"", ""pct"": 11.81}, {""score"": ""0 - 0"", ""pct"": 10.03}]"
Mexico,Spain,Mexico,0.816,1.616,17.2,26.0,56.8,18.5,3.6,4.9,56.1,7.7,9.2,27.0,73.0,"[{""score"": ""0 - 1"", ""pct"": 15.14}, {""score"": ""1 - 1"", ""pct"": 11.59}, {""score"": ""0 - 2"", ""pct"": 11.52}]"
Mexico,Ivory Coast,Mexico,1.296,0.765,49.6,30.2,20.2,49.0,7.5,11.6,21.3,4.0,6.6,68.0,32.0,"[{""score"": ""1 - 0"", ""pct"": 16.869999999999997}, {""score"": ""0 - 0"", ""pct"": 13.99}, {""score"": ""1 - 1"", ""pct"": 12.32}]"
Mexico,New Zealand,Mexico,1.857,0.437,72.3,20.3,7.5,71.9,7.9,9.7,7.0,1.4,2.1,89.5,10.5,"[{""score"": ""1 - 0"", ""pct"": 19.02}, {""score"": ""2 - 0"", ""pct"": 17.25}, {""score"": ""0 - 0"", ""pct"": 10.93}]"
Mexico,Algeria,Mexico,1.477,0.945,49.0,27.1,23.9,48.5,7.6,9.9,23.5,4.1,6.3,66.0,34.0,"[{""score"": ""1 - 0"", ""pct"": 13.170000000000002}, {""score"": ""1 - 1"", ""pct"": 12.5}, {""score"": ""2 - 1"", ""pct"": 9.2}]"
Mexico,Uzbekistan,Mexico,1.431,0.638,55.2,29.0,15.8,56.6,7.5,12.2,15.1,3.3,5.3,76.3,23.7,"[{""score"": ""1 - 0"", ""pct"": 17.93}, {""score"": ""0 - 0"", ""pct"": 14.35}, {""score"": ""2 - 0"", ""pct"": 12.2}]"
Mexico,Curaçao,Mexico,2.87,0.42,87.5,9.7,2.8,87.4,4.8,3.8,3.0,0.5,0.6,95.9,4.1,"[{""score"": ""2 - 0"", ""pct"": 15.6}, {""score"": ""3 - 0"", ""pct"": 14.24}, {""score"": ""1 - 0"", ""pct"": 11.450000000000001}]"
Mexico,DR Congo,Mexico,1.47,0.603,59.3,26.4,14.3,59.0,7.4,12.0,14.2,2.6,4.8,78.4,21.6,"[{""score"": ""1 - 0"", ""pct"": 18.95}, {""score"": ""0 - 0"", ""pct"": 13.0}, {""score"": ""2 - 0"", ""pct"": 12.920000000000002}]"
Mexico,Iraq,Mexico,1.699,0.533,67.0,23.1,10.0,66.3,7.6,10.1,10.1,2.3,3.6,84.0,16.0,"[{""score"": ""1 - 0"", ""pct"": 19.35}, {""score"": ""2 - 0"", ""pct"": 15.47}, {""score"": ""0 - 0"", ""pct"": 11.27}]"
Mexico,Ghana,Mexico,1.681,0.647,62.2,25.2,12.5,61.9,7.6,10.7,13.1,2.6,4.1,80.2,19.8,"[{""score"": ""1 - 0"", ""pct"": 16.41}, {""score"": ""2 - 0"", ""pct"": 13.63}, {""score"": ""1 - 1"", ""pct"": 10.8}]"
Mexico,Ecuador,Mexico,0.955,0.883,35.8,33.8,30.5,34.7,5.9,11.8,31.3,5.6,10.7,52.4,47.6,"[{""score"": ""0 - 0"", ""pct"": 17.22}, {""score"": ""1 - 0"", ""pct"": 14.74}, {""score"": ""0 - 1"", ""pct"": 13.819999999999999}]"
Mexico,Cape Verde,Mexico,1.833,0.529,69.0,21.8,9.2,69.9,7.3,9.6,9.2,1.4,2.6,86.8,13.2,"[{""score"": ""1 - 0"", ""pct"": 18.09}, {""score"": ""2 - 0"", ""pct"": 15.61}, {""score"": ""0 - 0"", ""pct"": 10.25}]"
Mexico,Iran,Mexico,1.242,0.83,46.4,30.0,23.6,45.4,7.1,11.6,23.4,4.9,7.6,64.1,35.9,"[{""score"": ""1 - 0"", ""pct"": 16.21}, {""score"": ""0 - 0"", ""pct"": 13.44}, {""score"": ""1 - 1"", ""pct"": 12.82}]"
Mexico,Switzerland,Mexico,1.196,1.119,35.8,30.7,33.5,37.1,6.4,9.7,32.4,6.2,8.2,53.2,46.8,"[{""score"": ""1 - 1"", ""pct"": 13.63}, {""score"": ""1 - 0"", ""pct"": 11.32}, {""score"": ""0 - 0"", ""pct"": 11.020000000000001}]"
Mexico,Bosnia and Herzegovina,Mexico,1.845,0.697,64.7,22.6,12.7,65.6,8.1,9.1,11.5,2.2,3.5,82.8,17.2,"[{""score"": ""1 - 0"", ""pct"": 15.17}, {""score"": ""2 - 0"", ""pct"": 13.059999999999999}, {""score"": ""1 - 1"", ""pct"": 10.45}]"
Mexico,Uruguay,Mexico,0.933,1.029,31.2,33.1,35.8,30.6,5.7,9.6,37.4,5.9,10.8,45.9,54.1,"[{""score"": ""0 - 0"", ""pct"": 15.5}, {""score"": ""0 - 1"", ""pct"": 13.950000000000001}, {""score"": ""1 - 1"", ""pct"": 13.56}]"
Mexico,Belgium,Mexico,1.086,1.323,29.9,28.8,41.3,29.6,5.2,7.6,41.8,6.3,9.6,42.4,57.6,"[{""score"": ""1 - 1"", ""pct"": 13.420000000000002}, {""score"": ""0 - 1"", ""pct"": 11.84}, {""score"": ""1 - 0"", ""pct"": 9.87}]"
Mexico,Germany,Mexico,1.18,1.503,28.5,26.7,44.8,28.4,5.3,6.5,44.4,7.0,8.3,40.2,59.7,"[{""score"": ""1 - 1"", ""pct"": 12.5}, {""score"": ""0 - 1"", ""pct"": 10.979999999999999}, {""score"": ""1 - 2"", ""pct"": 9.139999999999999}]"
Mexico,Senegal,Mexico,1.135,0.843,42.0,32.3,25.7,41.5,7.1,10.9,26.7,4.9,8.9,59.6,40.4,"[{""score"": ""1 - 0"", ""pct"": 16.12}, {""score"": ""0 - 0"", ""pct"": 15.42}, {""score"": ""1 - 1"", ""pct"": 13.059999999999999}]"
Mexico,Portugal,Mexico,0.934,1.405,24.2,28.3,47.5,24.5,4.4,6.8,47.1,7.4,9.8,35.7,64.3,"[{""score"": ""0 - 1"", ""pct"": 14.030000000000001}, {""score"": ""1 - 1"", ""pct"": 12.479999999999999}, {""score"": ""0 - 0"", ""pct"": 10.58}]"
Mexico,Argentina,Mexico,0.682,1.344,18.1,29.7,52.1,18.0,3.7,5.8,52.3,7.8,12.3,27.6,72.4,"[{""score"": ""0 - 1"", ""pct"": 18.11}, {""score"": ""0 - 0"", ""pct"": 14.24}, {""score"": ""1 - 1"", ""pct"": 12.13}]"
Mexico,South Africa,Mexico,1.669,0.6,62.8,24.7,12.4,63.2,7.5,11.2,11.8,2.5,3.9,81.9,18.1,"[{""score"": ""1 - 0"", ""pct"": 17.45}, {""score"": ""2 - 0"", ""pct"": 14.29}, {""score"": ""0 - 0"", ""pct"": 11.21}]"
Mexico,Paraguay,Mexico,1.198,0.763,46.1,31.4,22.6,46.7,7.8,11.9,21.8,4.3,7.6,66.4,33.6,"[{""score"": ""1 - 0"", ""pct"": 16.93}, {""score"": ""0 - 0"", ""pct"": 14.96}, {""score"": ""1 - 1"", ""pct"": 12.67}]"
Mexico,Turkey,Mexico,1.484,1.037,46.9,28.0,25.2,48.8,7.2,9.0,24.7,4.3,6.0,64.9,35.1,"[{""score"": ""1 - 1"", ""pct"": 12.44}, {""score"": ""1 - 0"", ""pct"": 12.22}, {""score"": ""0 - 0"", ""pct"": 9.35}]"
Mexico,England,Mexico,0.774,1.302,20.4,31.2,48.4,20.8,4.1,6.7,48.6,7.6,12.2,31.5,68.5,"[{""score"": ""0 - 1"", ""pct"": 16.37}, {""score"": ""0 - 0"", ""pct"": 14.42}, {""score"": ""1 - 1"", ""pct"": 12.839999999999998}]"
Mexico,Qatar,Mexico,2.359,0.628,76.9,15.8,7.2,76.9,6.5,6.2,7.4,1.4,1.7,89.6,10.4,"[{""score"": ""2 - 0"", ""pct"": 14.48}, {""score"": ""1 - 0"", ""pct"": 12.740000000000002}, {""score"": ""3 - 0"", ""pct"": 10.620000000000001}]"
Mexico,Colombia,Mexico,0.923,1.184,27.2,32.2,40.6,28.0,5.0,8.3,41.0,7.0,10.6,41.4,58.6,"[{""score"": ""1 - 1"", ""pct"": 14.14}, {""score"": ""0 - 1"", ""pct"": 13.96}, {""score"": ""0 - 0"", ""pct"": 13.71}]"
Mexico,Czech Republic,Mexico,1.47,0.882,51.4,27.2,21.3,51.0,7.3,10.2,21.4,4.1,6.0,68.5,31.5,"[{""score"": ""1 - 0"", ""pct"": 15.15}, {""score"": ""1 - 1"", ""pct"": 12.0}, {""score"": ""0 - 0"", ""pct"": 10.36}]"
Mexico,Croatia,Mexico,1.104,1.098,34.6,31.1,34.2,34.6,6.1,9.2,35.2,6.2,8.8,49.9,50.1,"[{""score"": ""1 - 1"", ""pct"": 13.98}, {""score"": ""0 - 0"", ""pct"": 12.35}, {""score"": ""0 - 1"", ""pct"": 12.24}]"
Mexico,Netherlands,Mexico,1.109,1.365,29.8,27.9,42.3,29.2,5.3,7.5,42.3,6.9,8.8,42.0,58.0,"[{""score"": ""1 - 1"", ""pct"": 12.31}, {""score"": ""0 - 1"", ""pct"": 11.75}, {""score"": ""0 - 0"", ""pct"": 9.879999999999999}]"
Mexico,South Korea,Mexico,1.383,0.799,50.7,29.0,20.2,50.0,7.9,11.2,20.4,4.2,6.2,69.2,30.8,"[{""score"": ""1 - 0"", ""pct"": 16.04}, {""score"": ""1 - 1"", ""pct"": 12.42}, {""score"": ""0 - 0"", ""pct"": 12.15}]"
Mexico,Australia,Mexico,1.265,0.825,46.4,30.5,23.1,45.4,7.2,12.2,23.4,4.6,7.2,64.8,35.2,"[{""score"": ""1 - 0"", ""pct"": 16.0}, {""score"": ""1 - 1"", ""pct"": 13.4}, {""score"": ""0 - 0"", ""pct"": 13.11}]"
Mexico,Morocco,Mexico,0.858,0.895,31.9,34.5,33.6,31.4,5.8,11.1,33.2,6.1,12.4,48.3,51.7,"[{""score"": ""0 - 0"", ""pct"": 18.43}, {""score"": ""0 - 1"", ""pct"": 15.06}, {""score"": ""1 - 0"", ""pct"": 14.87}]"
Mexico,Scotland,Mexico,1.435,0.865,51.0,28.0,21.0,50.2,7.5,10.7,21.6,3.9,6.1,68.4,31.6,"[{""score"": ""1 - 0"", ""pct"": 14.92}, {""score"": ""1 - 1"", ""pct"": 12.27}, {""score"": ""0 - 0"", ""pct"": 11.23}]"
Mexico,Tunisia,Mexico,1.28,0.688,50.6,30.2,19.2,50.3,7.7,12.6,18.9,4.0,6.5,70.6,29.4,"[{""score"": ""1 - 0"", ""pct"": 17.96}, {""score"": ""0 - 0"", ""pct"": 15.010000000000002}, {""score"": ""1 - 1"", ""pct"": 12.0}]"
Mexico,Jordan,Mexico,1.877,0.643,67.5,21.8,10.7,68.3,6.5,9.0,11.2,2.0,3.0,83.8,16.2,"[{""score"": ""1 - 0"", ""pct"": 15.920000000000002}, {""score"": ""2 - 0"", ""pct"": 14.13}, {""score"": ""1 - 1"", ""pct"": 9.07}]"
Mexico,Saudi Arabia,Mexico,1.688,0.556,65.6,24.1,10.3,65.3,7.9,9.9,11.2,2.2,3.5,83.1,16.9,"[{""score"": ""1 - 0"", ""pct"": 18.48}, {""score"": ""2 - 0"", ""pct"": 14.78}, {""score"": ""0 - 0"", ""pct"": 11.29}]"
Mexico,Austria,Mexico,1.302,0.979,44.1,28.9,27.0,43.9,6.9,10.5,26.0,5.1,7.6,61.3,38.7,"[{""score"": ""1 - 0"", ""pct"": 12.98}, {""score"": ""1 - 1"", ""pct"": 12.44}, {""score"": ""0 - 0"", ""pct"": 11.32}]"
Mexico,Haiti,Mexico,2.614,0.56,81.8,13.0,5.2,82.7,5.8,4.6,4.9,1.0,1.0,93.2,6.8,"[{""score"": ""2 - 0"", ""pct"": 14.52}, {""score"": ""3 - 0"", ""pct"": 12.25}, {""score"": ""1 - 0"", ""pct"": 11.51}]"
Mexico,Japan,Mexico,1.209,0.996,40.4,31.1,28.6,41.0,6.3,10.2,28.9,5.3,8.3,57.5,42.5,"[{""score"": ""1 - 1"", ""pct"": 14.16}, {""score"": ""1 - 0"", ""pct"": 13.36}, {""score"": ""0 - 0"", ""pct"": 12.27}]"
Mexico,Panama,Mexico,1.96,0.635,69.3,20.7,10.0,69.4,6.5,9.2,9.7,2.3,2.8,85.1,14.9,"[{""score"": ""1 - 0"", ""pct"": 14.84}, {""score"": ""2 - 0"", ""pct"": 14.49}, {""score"": ""3 - 0"", ""pct"": 9.180000000000001}]"
Mexico,Brazil,Mexico,0.795,1.474,19.0,27.3,53.8,19.2,4.0,5.6,53.3,7.2,10.7,28.8,71.2,"[{""score"": ""0 - 1"", ""pct"": 15.620000000000001}, {""score"": ""1 - 1"", ""pct"": 11.75}, {""score"": ""0 - 0"", ""pct"": 11.59}]"
United States,Mexico,Mexico,0.84,1.524,19.7,27.9,52.4,19.5,3.8,6.0,52.9,7.9,9.9,29.3,70.7,"[{""score"": ""0 - 1"", ""pct"": 14.37}, {""score"": ""1 - 1"", ""pct"": 13.05}, {""score"": ""0 - 2"", ""pct"": 10.65}]"
Sweden,Mexico,Mexico,1.022,1.436,25.2,28.1,46.7,25.7,5.1,6.8,45.7,7.2,9.4,37.6,62.4,"[{""score"": ""1 - 1"", ""pct"": 12.839999999999998}, {""score"": ""0 - 1"", ""pct"": 12.46}, {""score"": ""0 - 0"", ""pct"": 9.51}]"
Canada,Mexico,Mexico,0.762,1.45,18.7,27.7,53.7,18.9,3.4,5.9,53.2,7.4,11.1,28.3,71.7,"[{""score"": ""0 - 1"", ""pct"": 16.650000000000002}, {""score"": ""0 - 0"", ""pct"": 12.07}, {""score"": ""0 - 2"", ""pct"": 11.49}]"
France,Mexico,Mexico,1.337,0.882,47.2,28.7,24.1,47.5,6.9,11.2,23.2,4.1,7.2,65.6,34.4,"[{""score"": ""1 - 0"", ""pct"": 14.760000000000002}, {""score"": ""1 - 1"", ""pct"": 12.58}, {""score"": ""0 - 0"", ""pct"": 11.66}]"
Egypt,Mexico,Mexico,0.703,1.288,18.9,30.7,50.4,19.1,4.0,6.8,50.5,7.6,12.1,29.9,70.1,"[{""score"": ""0 - 1"", ""pct"": 17.549999999999997}, {""score"": ""0 - 0"", ""pct"": 14.77}, {""score"": ""1 - 1"", ""pct"": 12.49}]"
Norway,Mexico,Mexico,1.116,1.333,29.9,29.0,41.1,30.4,5.1,7.8,40.9,6.7,9.2,43.3,56.7,"[{""score"": ""1 - 1"", ""pct"": 13.03}, {""score"": ""0 - 1"", ""pct"": 12.030000000000001}, {""score"": ""1 - 0"", ""pct"": 9.520000000000001}]"
Spain,Mexico,Mexico,1.616,0.816,56.5,26.2,17.4,56.8,7.6,9.8,17.2,3.5,5.0,74.3,25.7,"[{""score"": ""1 - 0"", ""pct"": 14.580000000000002}, {""score"": ""1 - 1"", ""pct"": 11.68}, {""score"": ""2 - 0"", ""pct"": 11.129999999999999}]"
Ivory Coast,Mexico,Mexico,0.765,1.296,20.6,30.1,49.2,21.5,4.2,6.7,48.9,7.0,11.7,32.4,67.6,"[{""score"": ""0 - 1"", ""pct"": 16.78}, {""score"": ""0 - 0"", ""pct"": 13.71}, {""score"": ""1 - 1"", ""pct"": 13.08}]"
New Zealand,Mexico,Mexico,0.437,1.857,6.6,20.1,73.2,7.1,1.6,2.3,72.0,7.2,9.8,11.0,89.0,"[{""score"": ""0 - 1"", ""pct"": 19.6}, {""score"": ""0 - 2"", ""pct"": 16.79}, {""score"": ""0 - 3"", ""pct"": 10.56}]"
Algeria,Mexico,Mexico,0.945,1.477,22.6,28.5,48.9,23.2,4.3,6.2,49.4,7.2,9.7,33.6,66.4,"[{""score"": ""1 - 1"", ""pct"": 13.100000000000001}, {""score"": ""0 - 1"", ""pct"": 12.740000000000002}, {""score"": ""0 - 0"", ""pct"": 9.92}]"
Uzbekistan,Mexico,Mexico,0.638,1.431,16.0,28.0,56.1,14.9,3.4,5.4,55.7,8.2,12.4,23.6,76.3,"[{""score"": ""0 - 1"", ""pct"": 18.57}, {""score"": ""0 - 0"", ""pct"": 13.600000000000001}, {""score"": ""0 - 2"", ""pct"": 12.559999999999999}]"
Curaçao,Mexico,Mexico,0.42,2.87,2.6,9.3,88.1,2.6,0.6,0.5,87.2,5.0,4.0,3.8,96.2,"[{""score"": ""0 - 2"", ""pct"": 15.78}, {""score"": ""0 - 3"", ""pct"": 14.63}, {""score"": ""0 - 1"", ""pct"": 11.540000000000001}]"
DR Congo,Mexico,Mexico,0.603,1.47,13.7,27.7,58.7,14.6,3.2,4.9,57.7,7.7,11.9,22.7,77.3,"[{""score"": ""0 - 1"", ""pct"": 18.92}, {""score"": ""0 - 0"", ""pct"": 13.389999999999999}, {""score"": ""0 - 2"", ""pct"": 12.61}]"
Iraq,Mexico,Mexico,0.533,1.699,10.0,23.4,66.5,10.4,2.1,3.3,66.2,7.5,10.4,15.9,84.1,"[{""score"": ""0 - 1"", ""pct"": 18.85}, {""score"": ""0 - 2"", ""pct"": 14.979999999999999}, {""score"": ""0 - 0"", ""pct"": 12.1}]"
Ghana,Mexico,Mexico,0.647,1.681,12.6,24.1,63.3,12.8,2.5,4.3,62.0,7.9,10.4,19.7,80.3,"[{""score"": ""0 - 1"", ""pct"": 17.05}, {""score"": ""0 - 2"", ""pct"": 13.819999999999999}, {""score"": ""0 - 0"", ""pct"": 10.35}]"
Ecuador,Mexico,Mexico,0.883,0.955,32.1,33.5,34.4,30.5,5.7,10.1,35.8,6.4,11.4,46.3,53.7,"[{""score"": ""0 - 0"", ""pct"": 16.56}, {""score"": ""1 - 0"", ""pct"": 14.7}, {""score"": ""0 - 1"", ""pct"": 14.48}]"
Cape Verde,Mexico,Mexico,0.529,1.833,8.5,21.3,70.2,8.9,1.9,2.7,69.6,7.7,9.2,13.5,86.5,"[{""score"": ""0 - 1"", ""pct"": 17.54}, {""score"": ""0 - 2"", ""pct"": 16.1}, {""score"": ""0 - 0"", ""pct"": 10.040000000000001}]"
Iran,Mexico,Mexico,0.83,1.242,24.1,30.4,45.5,24.2,4.7,7.7,44.2,7.7,11.6,36.5,63.5,"[{""score"": ""0 - 1"", ""pct"": 15.93}, {""score"": ""0 - 0"", ""pct"": 13.489999999999998}, {""score"": ""1 - 1"", ""pct"": 12.839999999999998}]"
Switzerland,Mexico,Mexico,1.119,1.196,33.1,29.0,37.9,32.9,6.0,8.9,36.9,6.1,9.2,47.8,52.2,"[{""score"": ""1 - 1"", ""pct"": 12.950000000000001}, {""score"": ""0 - 1"", ""pct"": 12.2}, {""score"": ""0 - 0"", ""pct"": 10.639999999999999}]"
Bosnia and Herzegovina,Mexico,Mexico,0.697,1.845,12.6,22.7,64.7,13.0,2.5,3.5,64.3,7.7,9.0,19.0,81.0,"[{""score"": ""0 - 1"", ""pct"": 15.379999999999999}, {""score"": ""0 - 2"", ""pct"": 12.8}, {""score"": ""1 - 1"", ""pct"": 10.09}]"
Uruguay,Mexico,Mexico,1.029,0.933,36.5,32.3,31.2,35.6,6.0,11.1,31.4,5.6,10.3,52.7,47.3,"[{""score"": ""0 - 0"", ""pct"": 15.0}, {""score"": ""1 - 0"", ""pct"": 14.16}, {""score"": ""1 - 1"", ""pct"": 13.26}]"
Belgium,Mexico,Mexico,1.323,1.086,41.5,28.9,29.6,41.4,6.3,9.6,29.8,5.5,7.4,57.4,42.6,"[{""score"": ""1 - 1"", ""pct"": 12.68}, {""score"": ""1 - 0"", ""pct"": 11.59}, {""score"": ""0 - 0"", ""pct"": 10.23}]"
Germany,Mexico,Mexico,1.503,1.18,44.8,26.8,28.3,44.7,6.8,8.0,29.1,4.9,6.5,59.5,40.5,"[{""score"": ""1 - 1"", ""pct"": 12.559999999999999}, {""score"": ""1 - 0"", ""pct"": 11.1}, {""score"": ""2 - 1"", ""pct"": 9.33}]"
Senegal,Mexico,Mexico,0.843,1.135,26.0,32.0,42.0,25.8,4.8,8.9,42.4,6.7,11.5,39.5,60.5,"[{""score"": ""0 - 1"", ""pct"": 16.28}, {""score"": ""0 - 0"", ""pct"": 14.860000000000001}, {""score"": ""1 - 1"", ""pct"": 13.4}]"
Portugal,Mexico,Mexico,1.405,0.934,48.7,27.6,23.8,47.3,7.3,10.3,24.2,4.6,6.4,64.9,35.1,"[{""score"": ""1 - 0"", ""pct"": 14.01}, {""score"": ""1 - 1"", ""pct"": 12.13}, {""score"": ""0 - 0"", ""pct"": 10.52}]"
Argentina,Mexico,Mexico,1.344,0.682,52.0,29.6,18.4,53.1,7.2,12.2,18.0,3.5,6.0,72.5,27.5,"[{""score"": ""1 - 0"", ""pct"": 17.64}, {""score"": ""0 - 0"", ""pct"": 14.21}, {""score"": ""1 - 1"", ""pct"": 11.89}]"
South Africa,Mexico,Mexico,0.6,1.669,11.4,24.2,64.4,12.0,2.3,4.1,63.3,7.3,10.9,18.4,81.6,"[{""score"": ""0 - 1"", ""pct"": 17.83}, {""score"": ""0 - 2"", ""pct"": 14.610000000000001}, {""score"": ""0 - 0"", ""pct"": 10.92}]"
Paraguay,Mexico,Mexico,0.763,1.198,22.6,31.4,46.0,21.8,4.4,7.9,46.4,7.2,12.3,34.1,65.9,"[{""score"": ""0 - 1"", ""pct"": 16.830000000000002}, {""score"": ""0 - 0"", ""pct"": 14.580000000000002}, {""score"": ""1 - 1"", ""pct"": 13.44}]"
Turkey,Mexico,Mexico,1.037,1.484,25.7,27.4,46.9,25.9,4.5,6.5,46.1,7.4,9.6,36.9,63.1,"[{""score"": ""1 - 1"", ""pct"": 12.740000000000002}, {""score"": ""0 - 1"", ""pct"": 12.620000000000001}, {""score"": ""0 - 0"", ""pct"": 9.01}]"
England,Mexico,Mexico,1.302,0.774,49.4,29.6,21.0,49.1,6.8,11.7,21.4,4.4,6.6,67.6,32.4,"[{""score"": ""1 - 0"", ""pct"": 16.46}, {""score"": ""0 - 0"", ""pct"": 13.8}, {""score"": ""1 - 1"", ""pct"": 12.139999999999999}]"
Qatar,Mexico,Mexico,0.628,2.359,7.0,15.6,77.4,7.2,1.2,1.7,77.4,6.7,5.9,10.1,89.9,"[{""score"": ""0 - 2"", ""pct"": 14.16}, {""score"": ""0 - 1"", ""pct"": 12.7}, {""score"": ""0 - 3"", ""pct"": 10.89}]"
Colombia,Mexico,Mexico,1.184,0.923,41.4,31.4,27.2,42.3,6.8,10.7,27.5,4.8,8.0,59.7,40.3,"[{""score"": ""1 - 0"", ""pct"": 14.92}, {""score"": ""0 - 0"", ""pct"": 13.83}, {""score"": ""1 - 1"", ""pct"": 13.08}]"
Czech Republic,Mexico,Mexico,0.882,1.47,21.4,27.9,50.7,21.7,4.0,5.9,50.9,7.6,9.9,31.6,68.4,"[{""score"": ""0 - 1"", ""pct"": 14.57}, {""score"": ""1 - 1"", ""pct"": 12.540000000000001}, {""score"": ""0 - 0"", ""pct"": 10.299999999999999}]"
Croatia,Mexico,Mexico,1.098,1.104,33.6,30.8,35.7,34.1,5.8,9.1,35.4,6.4,9.3,48.9,51.1,"[{""score"": ""1 - 1"", ""pct"": 13.56}, {""score"": ""0 - 1"", ""pct"": 12.58}, {""score"": ""0 - 0"", ""pct"": 12.33}]"
Netherlands,Mexico,Mexico,1.365,1.109,42.6,27.6,29.8,42.9,6.1,9.2,29.7,5.4,6.7,58.1,41.9,"[{""score"": ""1 - 1"", ""pct"": 12.72}, {""score"": ""1 - 0"", ""pct"": 11.899999999999999}, {""score"": ""0 - 1"", ""pct"": 9.41}]"
South Korea,Mexico,Mexico,0.799,1.383,21.1,29.1,49.8,20.8,4.0,6.8,50.2,7.5,10.8,31.5,68.5,"[{""score"": ""0 - 1"", ""pct"": 15.28}, {""score"": ""0 - 0"", ""pct"": 12.6}, {""score"": ""1 - 1"", ""pct"": 12.17}]"
Australia,Mexico,Mexico,0.825,1.265,23.6,30.4,46.1,23.7,4.7,7.3,45.4,7.4,11.4,35.8,64.2,"[{""score"": ""0 - 1"", ""pct"": 15.25}, {""score"": ""0 - 0"", ""pct"": 13.38}, {""score"": ""1 - 1"", ""pct"": 13.059999999999999}]"
Morocco,Mexico,Mexico,0.895,0.858,34.2,35.0,30.8,32.9,6.0,11.9,31.1,6.1,11.9,50.8,49.2,"[{""score"": ""0 - 0"", ""pct"": 18.72}, {""score"": ""1 - 0"", ""pct"": 15.809999999999999}, {""score"": ""0 - 1"", ""pct"": 14.64}]"
Scotland,Mexico,Mexico,0.865,1.435,21.5,28.5,50.0,21.9,3.7,6.1,50.8,7.6,9.8,31.7,68.3,"[{""score"": ""0 - 1"", ""pct"": 14.680000000000001}, {""score"": ""1 - 1"", ""pct"": 12.45}, {""score"": ""0 - 0"", ""pct"": 11.1}]"
Tunisia,Mexico,Mexico,0.688,1.28,19.8,30.5,49.6,20.3,3.5,6.8,49.9,7.1,12.4,30.6,69.4,"[{""score"": ""0 - 1"", ""pct"": 17.75}, {""score"": ""0 - 0"", ""pct"": 15.049999999999999}, {""score"": ""1 - 1"", ""pct"": 12.22}]"
Jordan,Mexico,Mexico,0.643,1.877,10.7,21.4,67.9,11.0,2.1,2.8,67.6,7.3,9.1,15.9,84.1,"[{""score"": ""0 - 1"", ""pct"": 15.82}, {""score"": ""0 - 2"", ""pct"": 14.180000000000001}, {""score"": ""1 - 1"", ""pct"": 9.34}]"
Saudi Arabia,Mexico,Mexico,0.556,1.688,10.4,23.8,65.8,10.5,2.4,3.5,65.2,8.0,10.4,16.4,83.6,"[{""score"": ""0 - 1"", ""pct"": 17.740000000000002}, {""score"": ""0 - 2"", ""pct"": 14.93}, {""score"": ""0 - 0"", ""pct"": 11.379999999999999}]"
Austria,Mexico,Mexico,0.979,1.302,27.5,29.8,42.7,27.6,5.1,7.4,42.6,7.2,10.1,40.1,59.9,"[{""score"": ""0 - 1"", ""pct"": 13.320000000000002}, {""score"": ""1 - 1"", ""pct"": 12.839999999999998}, {""score"": ""0 - 0"", ""pct"": 11.34}]"
Haiti,Mexico,Mexico,0.56,2.614,4.7,13.3,82.0,4.8,1.0,1.1,82.4,5.3,5.4,6.9,93.1,"[{""score"": ""0 - 2"", ""pct"": 14.299999999999999}, {""score"": ""0 - 3"", ""pct"": 12.64}, {""score"": ""0 - 1"", ""pct"": 11.799999999999999}]"
Japan,Mexico,Mexico,0.996,1.209,29.9,30.2,40.0,29.7,5.6,8.6,39.7,6.4,9.9,44.0,56.0,"[{""score"": ""0 - 1"", ""pct"": 13.63}, {""score"": ""1 - 1"", ""pct"": 13.120000000000001}, {""score"": ""0 - 0"", ""pct"": 12.04}]"
Panama,Mexico,Mexico,0.635,1.96,10.0,20.5,69.4,10.5,2.0,2.2,69.3,7.5,8.5,14.7,85.2,"[{""score"": ""0 - 1"", ""pct"": 15.75}, {""score"": ""0 - 2"", ""pct"": 14.23}, {""score"": ""1 - 2"", ""pct"": 9.09}]"
Brazil,Mexico,Mexico,1.474,0.795,53.0,28.0,19.0,53.6,7.7,10.7,18.5,3.6,5.9,72.0,28.0,"[{""score"": ""1 - 0"", ""pct"": 15.47}, {""score"": ""1 - 1"", ""pct"": 11.86}, {""score"": ""0 - 0"", ""pct"": 11.600000000000001}]"
Canada,United States,Canada,1.391,1.028,44.9,28.8,26.3,44.3,7.0,9.4,27.7,4.6,6.9,60.7,39.3,"[{""score"": ""1 - 1"", ""pct"": 12.83}, {""score"": ""1 - 0"", ""pct"": 11.87}, {""score"": ""0 - 0"", ""pct"": 9.91}]"
Canada,Sweden,Canada,1.311,1.251,37.4,27.6,35.0,37.4,6.5,7.7,34.8,5.8,7.7,51.6,48.4,"[{""score"": ""1 - 1"", ""pct"": 12.8}, {""score"": ""1 - 0"", ""pct"": 10.2}, {""score"": ""0 - 1"", ""pct"": 9.969999999999999}]"
Canada,France,Canada,0.805,1.637,17.2,25.6,57.2,17.0,3.7,4.4,57.1,7.8,9.9,25.1,74.9,"[{""score"": ""0 - 1"", ""pct"": 14.71}, {""score"": ""0 - 2"", ""pct"": 11.39}, {""score"": ""1 - 1"", ""pct"": 11.06}]"
Canada,Egypt,Canada,1.176,0.86,41.8,32.3,25.9,42.7,6.4,11.3,26.4,4.7,8.5,60.4,39.6,"[{""score"": ""1 - 0"", ""pct"": 14.99}, {""score"": ""0 - 0"", ""pct"": 14.59}, {""score"": ""1 - 1"", ""pct"": 13.600000000000001}]"
Canada,Norway,Canada,1.217,1.366,31.7,27.5,40.8,32.4,5.9,6.9,40.0,6.8,8.0,45.2,54.8,"[{""score"": ""1 - 1"", ""pct"": 12.5}, {""score"": ""0 - 1"", ""pct"": 10.52}, {""score"": ""1 - 2"", ""pct"": 9.09}]"
Canada,Spain,Canada,0.745,1.977,12.0,20.6,67.4,12.0,2.4,3.2,66.0,7.9,8.4,17.6,82.4,"[{""score"": ""0 - 1"", ""pct"": 14.04}, {""score"": ""0 - 2"", ""pct"": 12.659999999999998}, {""score"": ""1 - 2"", ""pct"": 9.8}]"
Canada,Ivory Coast,Canada,1.183,0.936,40.9,31.1,28.0,40.8,6.8,10.5,29.4,4.6,8.0,58.1,41.9,"[{""score"": ""1 - 0"", ""pct"": 14.430000000000001}, {""score"": ""1 - 1"", ""pct"": 13.74}, {""score"": ""0 - 0"", ""pct"": 13.01}]"
Canada,New Zealand,Canada,1.695,0.535,65.6,24.2,10.2,66.5,7.6,10.5,10.1,2.3,3.0,84.6,15.4,"[{""score"": ""1 - 0"", ""pct"": 18.67}, {""score"": ""2 - 0"", ""pct"": 15.5}, {""score"": ""0 - 0"", ""pct"": 11.95}]"
Canada,Algeria,Canada,1.349,1.156,39.9,28.6,31.5,39.9,6.7,8.7,31.6,5.4,7.6,55.4,44.6,"[{""score"": ""1 - 1"", ""pct"": 12.93}, {""score"": ""1 - 0"", ""pct"": 11.14}, {""score"": ""0 - 1"", ""pct"": 9.15}]"
Canada,Uzbekistan,Canada,1.306,0.781,49.1,29.3,21.6,49.2,7.1,11.5,21.2,4.0,7.0,67.8,32.2,"[{""score"": ""1 - 0"", ""pct"": 16.42}, {""score"": ""1 - 1"", ""pct"": 12.82}, {""score"": ""0 - 0"", ""pct"": 12.76}]"
Canada,Curaçao,Canada,2.62,0.515,82.7,12.9,4.5,82.8,5.7,4.9,4.7,1.0,1.0,93.3,6.7,"[{""score"": ""2 - 0"", ""pct"": 15.22}, {""score"": ""1 - 0"", ""pct"": 12.58}, {""score"": ""3 - 0"", ""pct"": 12.559999999999999}]"
Canada,DR Congo,Canada,1.342,0.738,51.9,28.3,19.9,51.2,7.3,11.8,19.1,4.0,6.7,70.3,29.7,"[{""score"": ""1 - 0"", ""pct"": 17.19}, {""score"": ""0 - 0"", ""pct"": 13.11}, {""score"": ""1 - 1"", ""pct"": 11.66}]"
Canada,Iraq,Canada,1.551,0.652,59.0,26.9,14.1,59.5,7.7,10.9,14.2,2.9,4.8,78.1,21.9,"[{""score"": ""1 - 0"", ""pct"": 17.46}, {""score"": ""2 - 0"", ""pct"": 13.100000000000001}, {""score"": ""0 - 0"", ""pct"": 12.370000000000001}]"
Canada,Ghana,Canada,1.534,0.792,54.9,26.9,18.2,54.6,7.8,10.4,18.1,3.7,5.5,72.8,27.2,"[{""score"": ""1 - 0"", ""pct"": 15.55}, {""score"": ""1 - 1"", ""pct"": 11.84}, {""score"": ""2 - 0"", ""pct"": 11.129999999999999}]"
Canada,Ecuador,Canada,0.872,1.08,27.3,32.7,40.0,28.0,5.1,9.3,40.0,6.6,11.0,42.3,57.7,"[{""score"": ""0 - 0"", ""pct"": 15.86}, {""score"": ""0 - 1"", ""pct"": 15.790000000000001}, {""score"": ""1 - 1"", ""pct"": 13.01}]"
Canada,Cape Verde,Canada,1.673,0.647,61.8,24.7,13.5,62.8,7.4,10.0,13.6,2.4,3.8,80.1,19.9,"[{""score"": ""1 - 0"", ""pct"": 16.31}, {""score"": ""2 - 0"", ""pct"": 13.76}, {""score"": ""0 - 0"", ""pct"": 11.27}]"
Canada,Iran,Canada,1.134,1.016,37.1,31.7,31.2,37.8,6.7,10.0,31.6,5.8,8.2,54.4,45.6,"[{""score"": ""1 - 1"", ""pct"": 13.850000000000001}, {""score"": ""0 - 0"", ""pct"": 13.5}, {""score"": ""1 - 0"", ""pct"": 12.68}]"
Canada,Switzerland,Canada,1.092,1.369,29.6,28.5,41.9,29.8,5.3,7.0,42.0,6.7,9.2,42.1,57.9,"[{""score"": ""1 - 1"", ""pct"": 13.07}, {""score"": ""0 - 1"", ""pct"": 11.68}, {""score"": ""0 - 0"", ""pct"": 9.33}]"
Canada,Bosnia and Herzegovina,Canada,1.684,0.853,57.3,24.9,17.8,57.0,7.4,8.8,17.8,3.9,5.1,73.2,26.8,"[{""score"": ""1 - 0"", ""pct"": 14.12}, {""score"": ""1 - 1"", ""pct"": 11.200000000000001}, {""score"": ""2 - 0"", ""pct"": 10.91}]"
Canada,Uruguay,Canada,0.852,1.259,24.0,30.8,45.2,24.3,4.3,7.5,45.4,7.0,11.5,36.1,63.9,"[{""score"": ""0 - 1"", ""pct"": 14.87}, {""score"": ""1 - 1"", ""pct"": 13.38}, {""score"": ""0 - 0"", ""pct"": 13.200000000000001}]"
Canada,Belgium,Canada,0.991,1.619,21.1,26.4,52.5,21.8,4.2,5.6,52.0,7.0,9.3,31.6,68.4,"[{""score"": ""0 - 1"", ""pct"": 12.49}, {""score"": ""1 - 1"", ""pct"": 11.84}, {""score"": ""1 - 2"", ""pct"": 10.01}]"
Canada,Germany,Canada,1.077,1.839,20.6,24.4,55.0,21.2,4.1,4.6,54.9,7.3,7.9,29.9,70.1,"[{""score"": ""1 - 1"", ""pct"": 11.110000000000001}, {""score"": ""0 - 1"", ""pct"": 10.33}, {""score"": ""1 - 2"", ""pct"": 9.93}]"
Canada,Senegal,Canada,1.036,1.031,33.8,31.5,34.7,34.7,6.2,9.5,33.8,5.7,10.1,50.5,49.5,"[{""score"": ""0 - 0"", ""pct"": 14.13}, {""score"": ""0 - 1"", ""pct"": 13.200000000000001}, {""score"": ""1 - 1"", ""pct"": 13.120000000000001}]"
Canada,Portugal,Canada,0.852,1.719,17.1,24.5,58.4,17.5,3.4,4.5,57.7,7.9,9.1,25.3,74.7,"[{""score"": ""0 - 1"", ""pct"": 14.469999999999999}, {""score"": ""1 - 1"", ""pct"": 11.14}, {""score"": ""0 - 2"", ""pct"": 10.33}]"
Canada,Argentina,Canada,0.622,1.644,13.4,25.7,60.9,13.3,2.4,3.6,62.3,8.0,10.4,19.3,80.7,"[{""score"": ""0 - 1"", ""pct"": 16.37}, {""score"": ""0 - 2"", ""pct"": 13.900000000000002}, {""score"": ""0 - 0"", ""pct"": 11.59}]"
Canada,South Africa,Canada,1.523,0.735,55.8,27.4,16.9,55.0,7.9,10.9,17.5,3.5,5.2,73.8,26.2,"[{""score"": ""1 - 0"", ""pct"": 16.75}, {""score"": ""1 - 1"", ""pct"": 12.09}, {""score"": ""2 - 0"", ""pct"": 11.559999999999999}]"
Canada,Paraguay,Canada,1.094,0.934,38.8,31.5,29.8,38.4,6.7,10.5,29.7,5.3,9.4,55.5,44.5,"[{""score"": ""1 - 0"", ""pct"": 15.110000000000001}, {""score"": ""1 - 1"", ""pct"": 13.63}, {""score"": ""0 - 0"", ""pct"": 13.5}]"
Canada,Mexico,Canada,1.081,1.022,35.8,30.7,33.6,36.0,6.1,10.2,32.6,5.8,9.3,52.3,47.7,"[{""score"": ""0 - 0"", ""pct"": 13.05}, {""score"": ""1 - 1"", ""pct"": 13.020000000000001}, {""score"": ""1 - 0"", ""pct"": 12.559999999999999}]"
Canada,Turkey,Canada,1.355,1.269,39.3,27.4,33.3,37.8,6.2,7.7,34.7,6.4,7.2,51.7,48.3,"[{""score"": ""1 - 1"", ""pct"": 12.809999999999999}, {""score"": ""1 - 0"", ""pct"": 9.82}, {""score"": ""2 - 1"", ""pct"": 8.89}]"
Canada,England,Canada,0.706,1.593,15.3,26.3,58.5,15.7,2.8,4.8,58.4,7.7,10.7,23.3,76.7,"[{""score"": ""0 - 1"", ""pct"": 16.150000000000002}, {""score"": ""0 - 2"", ""pct"": 12.68}, {""score"": ""0 - 0"", ""pct"": 11.19}]"
Canada,Qatar,Canada,2.153,0.768,69.4,19.9,10.7,70.3,6.8,7.2,10.6,2.1,3.0,84.3,15.7,"[{""score"": ""2 - 0"", ""pct"": 12.35}, {""score"": ""1 - 0"", ""pct"": 11.940000000000001}, {""score"": ""2 - 1"", ""pct"": 9.5}]"
Canada,Colombia,Canada,0.843,1.449,20.9,28.2,50.8,21.0,4.2,5.6,51.0,7.4,10.8,30.8,69.2,"[{""score"": ""0 - 1"", ""pct"": 15.07}, {""score"": ""1 - 1"", ""pct"": 12.559999999999999}, {""score"": ""0 - 0"", ""pct"": 11.18}]"
Canada,Czech Republic,Canada,1.342,1.08,41.7,28.6,29.7,42.7,6.8,9.3,28.8,5.1,7.3,58.8,41.2,"[{""score"": ""1 - 1"", ""pct"": 13.08}, {""score"": ""1 - 0"", ""pct"": 12.18}, {""score"": ""0 - 0"", ""pct"": 10.01}]"
Canada,Croatia,Canada,1.008,1.344,27.6,28.2,44.2,27.5,4.8,7.0,44.3,6.9,9.5,39.4,60.6,"[{""score"": ""0 - 1"", ""pct"": 13.33}, {""score"": ""1 - 1"", ""pct"": 12.629999999999999}, {""score"": ""0 - 0"", ""pct"": 10.14}]"
Canada,Netherlands,Canada,1.013,1.671,22.6,25.6,51.8,22.0,4.1,5.0,52.9,7.4,8.7,31.0,69.0,"[{""score"": ""1 - 1"", ""pct"": 12.0}, {""score"": ""0 - 1"", ""pct"": 11.64}, {""score"": ""1 - 2"", ""pct"": 9.44}]"
Canada,South Korea,Canada,1.263,0.978,43.0,29.8,27.3,42.7,6.4,10.2,28.1,5.1,7.5,59.3,40.7,"[{""score"": ""1 - 0"", ""pct"": 13.98}, {""score"": ""1 - 1"", ""pct"": 13.36}, {""score"": ""0 - 0"", ""pct"": 11.55}]"
Canada,Australia,Canada,1.155,1.009,38.8,30.6,30.6,38.6,6.5,10.0,30.9,5.2,8.8,55.1,44.9,"[{""score"": ""1 - 1"", ""pct"": 13.62}, {""score"": ""1 - 0"", ""pct"": 12.790000000000001}, {""score"": ""0 - 0"", ""pct"": 12.479999999999999}]"
Canada,Morocco,Canada,0.783,1.095,24.2,33.0,42.8,24.3,5.0,9.0,41.9,7.4,12.4,38.3,61.7,"[{""score"": ""0 - 0"", ""pct"": 16.78}, {""score"": ""0 - 1"", ""pct"": 16.39}, {""score"": ""1 - 1"", ""pct"": 12.629999999999999}]"
Canada,Scotland,Canada,1.31,1.058,42.2,28.4,29.4,41.8,6.6,9.6,28.9,5.3,7.8,57.9,42.1,"[{""score"": ""1 - 1"", ""pct"": 12.770000000000001}, {""score"": ""1 - 0"", ""pct"": 12.22}, {""score"": ""0 - 0"", ""pct"": 10.290000000000001}]"
Canada,Tunisia,Canada,1.169,0.842,42.6,32.1,25.2,43.3,7.0,11.6,25.3,4.4,8.4,61.9,38.1,"[{""score"": ""1 - 0"", ""pct"": 15.590000000000002}, {""score"": ""0 - 0"", ""pct"": 14.499999999999998}, {""score"": ""1 - 1"", ""pct"": 13.68}]"
Canada,Jordan,Canada,1.713,0.787,59.9,24.5,15.6,59.1,7.8,9.3,15.9,3.2,4.5,76.3,23.7,"[{""score"": ""1 - 0"", ""pct"": 14.59}, {""score"": ""2 - 0"", ""pct"": 11.57}, {""score"": ""1 - 1"", ""pct"": 10.7}]"
Canada,Saudi Arabia,Canada,1.541,0.681,58.1,26.9,15.0,57.4,8.0,11.2,15.3,3.3,5.0,76.5,23.5,"[{""score"": ""1 - 0"", ""pct"": 16.42}, {""score"": ""2 - 0"", ""pct"": 12.770000000000001}, {""score"": ""0 - 0"", ""pct"": 12.0}]"
Canada,Austria,Canada,1.188,1.199,35.4,28.9,35.6,34.2,5.9,8.7,36.6,6.2,8.5,48.7,51.3,"[{""score"": ""1 - 1"", ""pct"": 13.16}, {""score"": ""0 - 1"", ""pct"": 11.33}, {""score"": ""1 - 0"", ""pct"": 10.459999999999999}]"
Canada,Haiti,Canada,2.386,0.685,75.8,16.3,7.8,75.5,6.7,6.6,8.1,1.5,1.7,88.7,11.3,"[{""score"": ""2 - 0"", ""pct"": 13.41}, {""score"": ""1 - 0"", ""pct"": 11.799999999999999}, {""score"": ""3 - 0"", ""pct"": 10.100000000000001}]"
Canada,Japan,Canada,1.103,1.219,32.2,29.6,38.2,31.9,5.6,8.4,38.8,6.3,8.9,45.9,54.1,"[{""score"": ""1 - 1"", ""pct"": 13.58}, {""score"": ""0 - 1"", ""pct"": 11.59}, {""score"": ""1 - 0"", ""pct"": 10.65}]"
Canada,Panama,Canada,1.789,0.777,61.4,24.2,14.4,60.8,7.4,9.4,15.1,3.3,4.0,77.6,22.3,"[{""score"": ""1 - 0"", ""pct"": 14.39}, {""score"": ""2 - 0"", ""pct"": 11.93}, {""score"": ""1 - 1"", ""pct"": 11.19}]"
Canada,Brazil,Canada,0.725,1.804,12.7,23.7,63.6,12.6,2.7,3.8,63.3,7.8,9.7,19.1,80.9,"[{""score"": ""0 - 1"", ""pct"": 14.84}, {""score"": ""0 - 2"", ""pct"": 12.91}, {""score"": ""1 - 1"", ""pct"": 10.63}]"
United States,Canada,Canada,1.028,1.391,27.3,28.2,44.5,26.7,5.1,7.1,44.9,6.8,9.3,38.9,61.1,"[{""score"": ""1 - 1"", ""pct"": 12.690000000000001}, {""score"": ""0 - 1"", ""pct"": 12.540000000000001}, {""score"": ""0 - 0"", ""pct"": 9.719999999999999}]"
Sweden,Canada,Canada,1.251,1.311,34.6,28.1,37.3,34.8,5.9,7.9,37.7,6.3,7.4,48.6,51.4,"[{""score"": ""1 - 1"", ""pct"": 12.280000000000001}, {""score"": ""0 - 1"", ""pct"": 10.280000000000001}, {""score"": ""1 - 0"", ""pct"": 9.82}]"
France,Canada,Canada,1.637,0.805,56.5,25.8,17.7,56.9,7.8,9.9,16.8,3.5,5.1,74.6,25.4,"[{""score"": ""1 - 0"", ""pct"": 14.940000000000001}, {""score"": ""1 - 1"", ""pct"": 11.53}, {""score"": ""2 - 0"", ""pct"": 10.96}]"
Egypt,Canada,Canada,0.86,1.176,24.9,31.6,43.5,26.4,4.8,8.2,42.8,6.8,11.0,39.4,60.6,"[{""score"": ""0 - 1"", ""pct"": 15.509999999999998}, {""score"": ""0 - 0"", ""pct"": 14.330000000000002}, {""score"": ""1 - 1"", ""pct"": 13.28}]"
Norway,Canada,Canada,1.366,1.217,39.8,28.0,32.2,39.2,6.5,8.2,32.3,6.1,7.8,53.9,46.1,"[{""score"": ""1 - 1"", ""pct"": 12.520000000000001}, {""score"": ""1 - 0"", ""pct"": 10.6}, {""score"": ""0 - 1"", ""pct"": 9.17}]"
Spain,Canada,Canada,1.977,0.745,66.7,21.1,12.2,66.5,7.4,8.1,12.6,2.4,3.0,82.0,18.0,"[{""score"": ""1 - 0"", ""pct"": 13.77}, {""score"": ""2 - 0"", ""pct"": 12.86}, {""score"": ""1 - 1"", ""pct"": 9.8}]"
Ivory Coast,Canada,Canada,0.936,1.183,28.1,31.2,40.6,28.5,5.1,8.3,40.8,6.8,10.4,42.0,58.0,"[{""score"": ""0 - 1"", ""pct"": 13.62}, {""score"": ""0 - 0"", ""pct"": 13.459999999999999}, {""score"": ""1 - 1"", ""pct"": 13.44}]"
New Zealand,Canada,Canada,0.535,1.695,10.3,23.6,66.1,10.1,1.9,3.4,65.8,7.7,11.1,15.4,84.6,"[{""score"": ""0 - 1"", ""pct"": 18.98}, {""score"": ""0 - 2"", ""pct"": 15.190000000000001}, {""score"": ""0 - 0"", ""pct"": 11.5}]"
Algeria,Canada,Canada,1.156,1.349,31.6,28.3,40.1,31.1,5.6,7.7,40.7,6.8,8.2,44.3,55.7,"[{""score"": ""1 - 1"", ""pct"": 13.13}, {""score"": ""0 - 1"", ""pct"": 10.97}, {""score"": ""1 - 0"", ""pct"": 9.78}]"
Uzbekistan,Canada,Canada,0.781,1.306,20.9,30.5,48.6,21.4,4.2,6.9,48.4,7.7,11.4,32.5,67.5,"[{""score"": ""0 - 1"", ""pct"": 15.920000000000002}, {""score"": ""0 - 0"", ""pct"": 13.8}, {""score"": ""1 - 1"", ""pct"": 12.55}]"
Curaçao,Canada,Canada,0.515,2.62,4.3,12.6,83.1,4.6,0.9,0.9,82.7,5.6,5.3,6.4,93.6,"[{""score"": ""0 - 2"", ""pct"": 15.45}, {""score"": ""0 - 3"", ""pct"": 12.740000000000002}, {""score"": ""0 - 1"", ""pct"": 12.32}]"
DR Congo,Canada,Canada,0.738,1.342,19.9,29.2,50.9,19.7,3.7,6.7,49.9,7.8,12.2,30.1,69.9,"[{""score"": ""0 - 1"", ""pct"": 17.19}, {""score"": ""0 - 0"", ""pct"": 13.569999999999999}, {""score"": ""1 - 1"", ""pct"": 12.29}]"
Iraq,Canada,Canada,0.652,1.551,14.6,25.9,59.5,14.9,2.7,4.9,58.3,7.9,11.3,22.5,77.5,"[{""score"": ""0 - 1"", ""pct"": 17.65}, {""score"": ""0 - 2"", ""pct"": 13.0}, {""score"": ""0 - 0"", ""pct"": 11.78}]"
Ghana,Canada,Canada,0.792,1.534,18.3,27.4,54.3,18.1,3.3,5.7,54.6,7.8,10.6,27.1,72.9,"[{""score"": ""0 - 1"", ""pct"": 15.040000000000001}, {""score"": ""1 - 1"", ""pct"": 12.07}, {""score"": ""0 - 2"", ""pct"": 10.99}]"
Ecuador,Canada,Canada,1.08,0.872,40.0,32.5,27.5,39.6,6.7,11.1,28.4,4.7,9.4,57.4,42.6,"[{""score"": ""1 - 0"", ""pct"": 15.72}, {""score"": ""0 - 0"", ""pct"": 14.649999999999999}, {""score"": ""1 - 1"", ""pct"": 13.77}]"
Cape Verde,Canada,Canada,0.647,1.673,13.5,25.1,61.4,13.3,2.5,3.8,62.7,7.3,10.3,19.6,80.4,"[{""score"": ""0 - 1"", ""pct"": 16.869999999999997}, {""score"": ""0 - 2"", ""pct"": 13.11}, {""score"": ""0 - 0"", ""pct"": 11.43}]"
Iran,Canada,Canada,1.016,1.134,31.6,31.0,37.4,30.4,5.5,9.3,38.8,6.1,9.8,45.2,54.8,"[{""score"": ""1 - 1"", ""pct"": 13.919999999999998}, {""score"": ""0 - 1"", ""pct"": 12.68}, {""score"": ""0 - 0"", ""pct"": 12.11}]"
Switzerland,Canada,Canada,1.369,1.092,42.2,28.3,29.5,42.3,6.6,9.3,29.0,5.2,7.5,58.3,41.7,"[{""score"": ""1 - 1"", ""pct"": 12.740000000000002}, {""score"": ""1 - 0"", ""pct"": 11.48}, {""score"": ""0 - 1"", ""pct"": 9.8}]"
Bosnia and Herzegovina,Canada,Canada,0.853,1.684,17.6,24.7,57.8,18.3,3.3,4.9,57.1,7.2,9.2,26.5,73.5,"[{""score"": ""0 - 1"", ""pct"": 13.91}, {""score"": ""0 - 2"", ""pct"": 11.09}, {""score"": ""1 - 1"", ""pct"": 11.08}]"
Uruguay,Canada,Canada,1.259,0.852,45.4,30.6,24.0,45.9,7.2,11.2,24.1,4.5,7.1,64.3,35.7,"[{""score"": ""1 - 0"", ""pct"": 15.079999999999998}, {""score"": ""1 - 1"", ""pct"": 13.44}, {""score"": ""0 - 0"", ""pct"": 12.61}]"
Belgium,Canada,Canada,1.619,0.991,51.4,26.4,22.2,52.5,7.7,8.8,21.5,3.7,5.7,69.1,30.9,"[{""score"": ""1 - 0"", ""pct"": 12.389999999999999}, {""score"": ""1 - 1"", ""pct"": 12.02}, {""score"": ""2 - 1"", ""pct"": 9.62}]"
Germany,Canada,Canada,1.839,1.077,54.9,24.0,21.1,55.8,7.9,7.8,20.4,3.7,4.3,71.5,28.5,"[{""score"": ""1 - 1"", ""pct"": 10.72}, {""score"": ""2 - 1"", ""pct"": 10.530000000000001}, {""score"": ""1 - 0"", ""pct"": 10.14}]"
Senegal,Canada,Canada,1.031,1.036,33.8,32.0,34.1,33.4,6.3,9.6,35.2,6.1,9.4,49.2,50.8,"[{""score"": ""1 - 1"", ""pct"": 13.950000000000001}, {""score"": ""0 - 0"", ""pct"": 13.54}, {""score"": ""0 - 1"", ""pct"": 13.05}]"
Portugal,Canada,Canada,1.719,0.852,57.9,24.5,17.6,58.1,7.4,9.2,17.0,3.4,4.8,74.7,25.3,"[{""score"": ""1 - 0"", ""pct"": 13.36}, {""score"": ""2 - 0"", ""pct"": 11.26}, {""score"": ""1 - 1"", ""pct"": 11.12}]"
Argentina,Canada,Canada,1.644,0.622,62.1,25.5,12.4,62.3,8.4,10.5,12.5,2.5,3.9,81.2,18.8,"[{""score"": ""1 - 0"", ""pct"": 17.21}, {""score"": ""2 - 0"", ""pct"": 13.600000000000001}, {""score"": ""0 - 0"", ""pct"": 11.23}]"
South Africa,Canada,Canada,0.735,1.523,16.3,26.6,57.1,17.0,3.4,5.5,55.7,7.4,10.9,25.9,74.0,"[{""score"": ""0 - 1"", ""pct"": 17.130000000000003}, {""score"": ""1 - 1"", ""pct"": 11.99}, {""score"": ""0 - 2"", ""pct"": 11.77}]"
Paraguay,Canada,Canada,0.934,1.094,28.8,32.0,39.2,29.7,5.7,9.0,38.7,6.9,10.0,44.4,55.6,"[{""score"": ""0 - 1"", ""pct"": 14.78}, {""score"": ""0 - 0"", ""pct"": 13.91}, {""score"": ""1 - 1"", ""pct"": 13.819999999999999}]"
Mexico,Canada,Canada,1.022,1.081,31.6,31.9,36.6,33.2,5.6,9.8,35.2,6.5,9.6,48.7,51.3,"[{""score"": ""1 - 1"", ""pct"": 13.71}, {""score"": ""0 - 0"", ""pct"": 13.43}, {""score"": ""0 - 1"", ""pct"": 13.18}]"
Turkey,Canada,Canada,1.269,1.355,34.2,27.8,38.0,34.8,5.6,7.6,37.8,6.2,7.9,48.1,51.9,"[{""score"": ""1 - 1"", ""pct"": 12.45}, {""score"": ""1 - 0"", ""pct"": 9.36}, {""score"": ""0 - 1"", ""pct"": 9.3}]"
England,Canada,Canada,1.593,0.706,59.0,25.9,15.1,57.8,8.4,10.4,15.4,3.1,4.9,76.6,23.4,"[{""score"": ""1 - 0"", ""pct"": 16.24}, {""score"": ""2 - 0"", ""pct"": 12.509999999999998}, {""score"": ""1 - 1"", ""pct"": 11.15}]"
Qatar,Canada,Canada,0.768,2.153,10.6,19.5,70.0,10.8,2.0,2.6,70.4,7.0,7.2,15.4,84.6,"[{""score"": ""0 - 2"", ""pct"": 12.65}, {""score"": ""0 - 1"", ""pct"": 12.23}, {""score"": ""1 - 2"", ""pct"": 9.44}]"
Colombia,Canada,Canada,1.449,0.843,52.0,27.3,20.7,51.0,7.2,10.8,20.6,4.2,6.1,69.1,30.9,"[{""score"": ""1 - 0"", ""pct"": 15.35}, {""score"": ""1 - 1"", ""pct"": 11.66}, {""score"": ""0 - 0"", ""pct"": 11.33}]"
Czech Republic,Canada,Canada,1.08,1.342,29.9,28.0,42.2,28.8,5.3,7.6,42.6,6.8,9.0,41.6,58.4,"[{""score"": ""1 - 1"", ""pct"": 12.389999999999999}, {""score"": ""0 - 1"", ""pct"": 11.85}, {""score"": ""1 - 0"", ""pct"": 9.629999999999999}]"
Croatia,Canada,Canada,1.344,1.008,44.7,29.0,26.4,43.7,6.9,9.6,27.3,5.4,7.1,60.2,39.8,"[{""score"": ""1 - 0"", ""pct"": 13.18}, {""score"": ""1 - 1"", ""pct"": 12.479999999999999}, {""score"": ""0 - 0"", ""pct"": 10.870000000000001}]"
Netherlands,Canada,Canada,1.671,1.013,52.4,25.2,22.4,53.1,7.0,9.1,21.7,4.2,4.9,69.2,30.8,"[{""score"": ""1 - 0"", ""pct"": 12.049999999999999}, {""score"": ""1 - 1"", ""pct"": 11.82}, {""score"": ""2 - 0"", ""pct"": 9.3}]"
South Korea,Canada,Canada,0.978,1.263,27.2,31.0,41.8,28.0,5.2,7.8,42.5,6.9,9.6,41.0,59.0,"[{""score"": ""0 - 1"", ""pct"": 13.48}, {""score"": ""1 - 1"", ""pct"": 13.44}, {""score"": ""0 - 0"", ""pct"": 12.280000000000001}]"
Australia,Canada,Canada,1.009,1.155,31.1,30.5,38.4,31.0,5.7,8.6,38.4,6.4,9.8,45.4,54.6,"[{""score"": ""0 - 1"", ""pct"": 13.65}, {""score"": ""1 - 1"", ""pct"": 13.29}, {""score"": ""0 - 0"", ""pct"": 12.520000000000001}]"
Morocco,Canada,Canada,1.095,0.783,42.2,33.0,24.8,41.9,7.4,12.4,24.8,4.8,8.6,61.7,38.3,"[{""score"": ""1 - 0"", ""pct"": 17.14}, {""score"": ""0 - 0"", ""pct"": 16.37}, {""score"": ""1 - 1"", ""pct"": 13.059999999999999}]"
Scotland,Canada,Canada,1.058,1.31,28.9,29.1,42.0,29.0,5.0,7.5,41.6,7.1,9.9,41.4,58.6,"[{""score"": ""1 - 1"", ""pct"": 13.22}, {""score"": ""0 - 1"", ""pct"": 12.19}, {""score"": ""0 - 0"", ""pct"": 10.36}]"
Tunisia,Canada,Canada,0.842,1.169,25.8,30.7,43.5,25.6,4.7,7.8,43.4,7.2,11.3,38.1,61.9,"[{""score"": ""0 - 1"", ""pct"": 15.440000000000001}, {""score"": ""0 - 0"", ""pct"": 13.900000000000002}, {""score"": ""1 - 1"", ""pct"": 12.889999999999999}]"
Jordan,Canada,Canada,0.787,1.713,16.1,24.3,59.6,16.2,3.2,4.4,59.0,7.8,9.5,23.7,76.3,"[{""score"": ""0 - 1"", ""pct"": 14.74}, {""score"": ""0 - 2"", ""pct"": 11.68}, {""score"": ""1 - 1"", ""pct"": 10.89}]"
Saudi Arabia,Canada,Canada,0.681,1.541,15.0,27.4,57.6,15.4,2.9,4.6,58.4,7.8,10.9,22.8,77.2,"[{""score"": ""0 - 1"", ""pct"": 16.72}, {""score"": ""0 - 2"", ""pct"": 12.58}, {""score"": ""0 - 0"", ""pct"": 12.04}]"
Austria,Canada,Canada,1.199,1.188,35.5,29.6,34.9,36.1,6.5,7.8,35.5,5.6,8.4,50.5,49.6,"[{""score"": ""1 - 1"", ""pct"": 13.850000000000001}, {""score"": ""0 - 1"", ""pct"": 10.489999999999998}, {""score"": ""1 - 0"", ""pct"": 10.4}]"
Haiti,Canada,Canada,0.685,2.386,7.5,16.2,76.3,7.8,1.5,1.8,75.8,6.7,6.4,11.0,88.9,"[{""score"": ""0 - 2"", ""pct"": 13.5}, {""score"": ""0 - 1"", ""pct"": 10.99}, {""score"": ""0 - 3"", ""pct"": 10.01}]"
Japan,Canada,Canada,1.219,1.103,38.4,30.0,31.5,39.3,6.4,8.6,31.3,6.0,8.4,54.3,45.7,"[{""score"": ""1 - 1"", ""pct"": 12.93}, {""score"": ""1 - 0"", ""pct"": 11.81}, {""score"": ""0 - 0"", ""pct"": 11.74}]"
Panama,Canada,Canada,0.777,1.789,14.9,23.5,61.7,14.1,3.1,4.0,62.2,7.2,9.3,21.3,78.7,"[{""score"": ""0 - 1"", ""pct"": 13.850000000000001}, {""score"": ""0 - 2"", ""pct"": 12.49}, {""score"": ""1 - 1"", ""pct"": 10.58}]"
Brazil,Canada,Canada,1.804,0.725,63.3,22.6,14.1,63.2,7.7,9.4,13.4,2.7,3.6,80.3,19.7,"[{""score"": ""1 - 0"", ""pct"": 14.940000000000001}, {""score"": ""2 - 0"", ""pct"": 12.41}, {""score"": ""1 - 1"", ""pct"": 9.950000000000001}]"
