home_team,away_team,venue_country,ensemble_lambda_home,ensemble_lambda_away,grp_win_home,grp_draw,grp_win_away,ko_win_90_home_pct,ko_win_120_home_pct,ko_win_pen_home_pct,ko_win_90_away_pct,ko_win_120_away_pct,ko_win_pen_away_pct,ko_win_home,ko_win_away,top_scorelines_json
Netherlands,South Africa,Neutral,2.104,0.596,72.8,19.0,8.2,73.3,7.0,7.8,8.0,1.6,2.1,88.2,11.8,"[{""score"": ""2 - 0"", ""pct"": 15.229999999999999}, {""score"": ""1 - 0"", ""pct"": 14.430000000000001}, {""score"": ""3 - 0"", ""pct"": 10.01}]"
Netherlands,Japan,Neutral,1.223,1.477,29.9,28.1,42.0,30.8,5.2,6.5,42.8,6.8,7.9,42.5,57.5,"[{""score"": ""1 - 1"", ""pct"": 13.059999999999999}, {""score"": ""0 - 1"", ""pct"": 10.25}, {""score"": ""1 - 2"", ""pct"": 8.73}]"
Netherlands,Scotland,Neutral,1.802,0.898,59.9,23.3,16.9,58.8,7.9,8.7,16.9,3.3,4.5,75.3,24.7,"[{""score"": ""1 - 0"", ""pct"": 12.97}, {""score"": ""2 - 0"", ""pct"": 11.14}, {""score"": ""1 - 1"", ""pct"": 10.63}]"
Netherlands,Algeria,Neutral,1.564,1.136,47.8,26.1,26.1,46.4,7.0,8.3,27.1,5.2,5.9,61.7,38.3,"[{""score"": ""1 - 1"", ""pct"": 11.85}, {""score"": ""1 - 0"", ""pct"": 11.34}, {""score"": ""2 - 1"", ""pct"": 9.56}]"
Netherlands,Canada,Neutral,1.555,1.145,46.0,26.4,27.5,45.9,6.9,8.3,27.5,4.8,6.6,61.1,38.9,"[{""score"": ""1 - 1"", ""pct"": 11.85}, {""score"": ""1 - 0"", ""pct"": 9.969999999999999}, {""score"": ""2 - 1"", ""pct"": 9.02}]"
Netherlands,Haiti,Neutral,1.966,0.734,67.2,20.6,12.2,67.0,7.3,8.4,11.7,2.5,3.2,82.7,17.4,"[{""score"": ""1 - 0"", ""pct"": 13.79}, {""score"": ""2 - 0"", ""pct"": 12.590000000000002}, {""score"": ""2 - 1"", ""pct"": 9.66}]"
Netherlands,Spain,Neutral,0.773,1.927,13.4,21.7,64.9,13.0,2.8,3.2,65.2,7.1,8.7,19.1,81.0,"[{""score"": ""0 - 1"", ""pct"": 13.81}, {""score"": ""0 - 2"", ""pct"": 12.23}, {""score"": ""1 - 1"", ""pct"": 10.0}]"
Netherlands,Saudi Arabia,Neutral,2.014,0.686,69.2,20.6,10.2,70.0,7.0,7.7,10.5,2.0,2.9,84.6,15.4,"[{""score"": ""1 - 0"", ""pct"": 14.11}, {""score"": ""2 - 0"", ""pct"": 13.48}, {""score"": ""2 - 1"", ""pct"": 9.69}]"
Netherlands,Colombia,Neutral,1.137,1.563,26.8,26.3,46.9,26.1,4.7,6.5,47.5,6.6,8.7,37.2,62.7,"[{""score"": ""1 - 1"", ""pct"": 12.5}, {""score"": ""0 - 1"", ""pct"": 10.84}, {""score"": ""1 - 2"", ""pct"": 9.27}]"
Netherlands,Portugal,Neutral,1.217,1.483,29.7,27.0,43.3,29.7,5.4,6.9,42.7,6.8,8.5,42.0,58.0,"[{""score"": ""1 - 1"", ""pct"": 11.98}, {""score"": ""0 - 1"", ""pct"": 10.27}, {""score"": ""1 - 2"", ""pct"": 9.27}]"
Netherlands,Sweden,Neutral,2.018,0.682,69.2,20.4,10.4,69.3,7.7,8.1,10.4,2.0,2.6,85.0,15.0,"[{""score"": ""1 - 0"", ""pct"": 14.299999999999999}, {""score"": ""2 - 0"", ""pct"": 13.420000000000002}, {""score"": ""2 - 1"", ""pct"": 9.4}]"
Netherlands,Jordan,Neutral,1.783,0.917,56.3,24.9,18.9,57.6,7.7,8.1,18.3,3.4,4.9,73.4,26.6,"[{""score"": ""1 - 0"", ""pct"": 11.84}, {""score"": ""1 - 1"", ""pct"": 11.4}, {""score"": ""2 - 0"", ""pct"": 10.14}]"
Netherlands,Morocco,Neutral,1.271,1.429,31.5,26.9,41.7,33.1,5.7,6.9,40.1,6.2,8.0,45.6,54.4,"[{""score"": ""1 - 1"", ""pct"": 12.31}, {""score"": ""0 - 1"", ""pct"": 10.02}, {""score"": ""1 - 2"", ""pct"": 9.3}]"
Netherlands,Iraq,Neutral,1.931,0.769,64.6,21.7,13.7,66.0,7.2,7.9,13.3,2.4,3.2,81.1,18.9,"[{""score"": ""1 - 0"", ""pct"": 13.270000000000001}, {""score"": ""2 - 0"", ""pct"": 12.23}, {""score"": ""1 - 1"", ""pct"": 9.569999999999999}]"
Netherlands,Tunisia,Neutral,1.93,0.77,66.1,21.4,12.5,65.1,7.0,8.6,13.6,2.5,3.2,80.7,19.3,"[{""score"": ""1 - 0"", ""pct"": 13.61}, {""score"": ""2 - 0"", ""pct"": 12.58}, {""score"": ""2 - 1"", ""pct"": 10.0}]"
Netherlands,Qatar,Neutral,2.227,0.473,78.9,15.4,5.7,77.7,7.3,7.2,5.3,1.1,1.4,92.2,7.8,"[{""score"": ""2 - 0"", ""pct"": 16.82}, {""score"": ""1 - 0"", ""pct"": 15.35}, {""score"": ""3 - 0"", ""pct"": 12.42}]"
Netherlands,Curaçao,Neutral,2.16,0.54,75.6,17.6,6.8,76.2,6.2,7.4,6.8,1.5,1.9,89.8,10.2,"[{""score"": ""2 - 0"", ""pct"": 15.58}, {""score"": ""1 - 0"", ""pct"": 15.35}, {""score"": ""3 - 0"", ""pct"": 10.620000000000001}]"
Netherlands,Iran,Neutral,1.493,1.207,44.2,27.4,28.4,42.6,7.0,8.9,29.9,5.3,6.4,58.4,41.6,"[{""score"": ""1 - 1"", ""pct"": 12.46}, {""score"": ""1 - 0"", ""pct"": 10.96}, {""score"": ""2 - 1"", ""pct"": 8.97}]"
Netherlands,South Korea,Neutral,1.537,1.163,46.2,25.9,27.9,46.3,6.8,8.0,27.2,5.5,6.2,61.1,38.9,"[{""score"": ""1 - 1"", ""pct"": 12.1}, {""score"": ""1 - 0"", ""pct"": 10.36}, {""score"": ""2 - 1"", ""pct"": 9.75}]"
Netherlands,Ghana,Neutral,2.149,0.551,75.4,17.4,7.2,75.0,6.7,7.4,7.3,1.5,2.0,89.2,10.8,"[{""score"": ""2 - 0"", ""pct"": 15.43}, {""score"": ""1 - 0"", ""pct"": 15.09}, {""score"": ""3 - 0"", ""pct"": 11.04}]"
Netherlands,Norway,Neutral,1.474,1.226,42.5,27.0,30.6,42.6,6.9,8.0,30.6,5.4,6.4,57.5,42.5,"[{""score"": ""1 - 1"", ""pct"": 12.26}, {""score"": ""1 - 0"", ""pct"": 10.45}, {""score"": ""2 - 1"", ""pct"": 8.709999999999999}]"
Netherlands,England,Neutral,1.086,1.614,24.8,26.2,49.0,24.6,4.8,5.5,50.2,7.1,7.8,34.9,65.1,"[{""score"": ""1 - 1"", ""pct"": 11.72}, {""score"": ""0 - 1"", ""pct"": 11.42}, {""score"": ""1 - 2"", ""pct"": 9.28}]"
Netherlands,Mexico,Neutral,1.328,1.372,35.5,27.0,37.5,35.1,6.2,7.5,37.5,6.3,7.4,48.8,51.2,"[{""score"": ""1 - 1"", ""pct"": 11.899999999999999}, {""score"": ""0 - 1"", ""pct"": 9.29}, {""score"": ""1 - 0"", ""pct"": 9.139999999999999}]"
Netherlands,Austria,Neutral,1.742,0.958,56.2,23.9,19.9,55.3,7.3,8.7,19.7,4.1,4.9,71.3,28.7,"[{""score"": ""1 - 0"", ""pct"": 12.389999999999999}, {""score"": ""1 - 1"", ""pct"": 11.28}, {""score"": ""2 - 0"", ""pct"": 10.209999999999999}]"
Netherlands,Panama,Neutral,1.648,1.052,51.6,25.2,23.2,51.0,7.6,8.4,23.2,4.3,5.6,66.9,33.1,"[{""score"": ""1 - 1"", ""pct"": 11.42}, {""score"": ""1 - 0"", ""pct"": 11.200000000000001}, {""score"": ""2 - 1"", ""pct"": 9.45}]"
Netherlands,Bosnia and Herzegovina,Neutral,2.205,0.495,77.1,16.9,6.0,77.5,6.6,7.0,6.1,1.2,1.6,91.1,8.9,"[{""score"": ""2 - 0"", ""pct"": 16.189999999999998}, {""score"": ""1 - 0"", ""pct"": 15.229999999999999}, {""score"": ""3 - 0"", ""pct"": 11.66}]"
Netherlands,Czech Republic,Neutral,1.942,0.758,65.8,22.3,11.9,65.9,7.5,8.5,12.6,2.2,3.2,81.9,18.1,"[{""score"": ""1 - 0"", ""pct"": 13.569999999999999}, {""score"": ""2 - 0"", ""pct"": 12.94}, {""score"": ""1 - 1"", ""pct"": 9.879999999999999}]"
Netherlands,Switzerland,Neutral,1.534,1.166,45.0,26.6,28.3,46.2,7.3,8.1,26.8,5.3,6.2,61.6,38.4,"[{""score"": ""1 - 1"", ""pct"": 12.31}, {""score"": ""1 - 0"", ""pct"": 10.440000000000001}, {""score"": ""2 - 1"", ""pct"": 9.16}]"
Netherlands,Argentina,Neutral,0.81,1.89,14.6,22.7,62.8,14.7,2.8,3.9,62.6,7.8,8.3,21.3,78.7,"[{""score"": ""0 - 1"", ""pct"": 13.969999999999999}, {""score"": ""0 - 2"", ""pct"": 11.88}, {""score"": ""1 - 1"", ""pct"": 10.56}]"
Netherlands,Uzbekistan,Neutral,1.679,1.021,53.3,24.9,21.8,52.0,7.6,8.9,21.9,4.0,5.6,68.5,31.5,"[{""score"": ""1 - 0"", ""pct"": 11.88}, {""score"": ""1 - 1"", ""pct"": 11.07}, {""score"": ""2 - 1"", ""pct"": 9.65}]"
Netherlands,Belgium,Neutral,1.511,1.189,43.7,27.3,29.0,44.1,6.9,8.1,29.1,5.3,6.6,59.0,41.0,"[{""score"": ""1 - 1"", ""pct"": 12.3}, {""score"": ""1 - 0"", ""pct"": 10.47}, {""score"": ""2 - 1"", ""pct"": 8.81}]"
Netherlands,Australia,Neutral,1.45,1.25,40.9,27.1,32.1,40.9,7.1,7.3,32.4,5.7,6.6,55.2,44.8,"[{""score"": ""1 - 1"", ""pct"": 12.559999999999999}, {""score"": ""1 - 0"", ""pct"": 9.54}, {""score"": ""2 - 1"", ""pct"": 8.74}]"
Netherlands,Paraguay,Neutral,1.546,1.154,44.8,27.8,27.4,46.3,7.1,8.4,27.0,5.0,6.0,61.9,38.1,"[{""score"": ""1 - 1"", ""pct"": 12.920000000000002}, {""score"": ""1 - 0"", ""pct"": 10.27}, {""score"": ""2 - 1"", ""pct"": 9.29}]"
Netherlands,Egypt,Neutral,1.84,0.86,61.5,22.9,15.7,61.3,7.4,8.3,16.3,2.9,3.8,77.0,23.0,"[{""score"": ""1 - 0"", ""pct"": 12.790000000000001}, {""score"": ""2 - 0"", ""pct"": 10.93}, {""score"": ""1 - 1"", ""pct"": 10.41}]"
Netherlands,Ecuador,Neutral,1.229,1.471,31.5,26.6,42.0,30.0,5.4,6.5,42.8,6.9,8.3,42.0,58.0,"[{""score"": ""1 - 1"", ""pct"": 11.95}, {""score"": ""0 - 1"", ""pct"": 9.93}, {""score"": ""1 - 2"", ""pct"": 8.690000000000001}]"
Netherlands,Cape Verde,Neutral,2.127,0.573,73.6,18.2,8.2,74.0,7.2,7.2,8.0,1.6,2.0,88.4,11.6,"[{""score"": ""2 - 0"", ""pct"": 15.479999999999999}, {""score"": ""1 - 0"", ""pct"": 14.84}, {""score"": ""3 - 0"", ""pct"": 10.13}]"
Netherlands,Germany,Neutral,1.376,1.324,38.2,26.9,34.9,37.5,6.4,7.6,35.4,5.7,7.5,51.5,48.5,"[{""score"": ""1 - 1"", ""pct"": 12.1}, {""score"": ""1 - 0"", ""pct"": 9.520000000000001}, {""score"": ""0 - 1"", ""pct"": 8.57}]"
Netherlands,DR Congo,Neutral,1.905,0.795,64.4,21.7,13.9,64.2,7.6,8.2,13.8,2.5,3.6,80.0,20.0,"[{""score"": ""1 - 0"", ""pct"": 12.64}, {""score"": ""2 - 0"", ""pct"": 12.1}, {""score"": ""2 - 1"", ""pct"": 10.09}]"
Netherlands,Croatia,Neutral,1.442,1.258,41.6,26.4,32.0,40.8,6.1,8.6,32.0,5.8,6.7,55.5,44.5,"[{""score"": ""1 - 1"", ""pct"": 12.09}, {""score"": ""1 - 0"", ""pct"": 10.63}, {""score"": ""2 - 1"", ""pct"": 8.84}]"
Netherlands,Turkey,Neutral,1.496,1.204,43.2,26.3,30.4,44.0,6.4,7.7,29.7,5.5,6.7,58.1,41.9,"[{""score"": ""1 - 1"", ""pct"": 11.52}, {""score"": ""1 - 0"", ""pct"": 10.24}, {""score"": ""2 - 1"", ""pct"": 9.28}]"
Netherlands,Uruguay,Neutral,1.372,1.328,37.2,26.9,35.9,38.5,6.2,8.1,34.6,5.9,6.7,52.8,47.2,"[{""score"": ""1 - 1"", ""pct"": 12.53}, {""score"": ""0 - 1"", ""pct"": 9.42}, {""score"": ""1 - 0"", ""pct"": 9.139999999999999}]"
Netherlands,New Zealand,Neutral,1.994,0.706,68.2,20.7,11.1,68.5,7.2,7.9,11.0,2.3,3.1,83.7,16.3,"[{""score"": ""1 - 0"", ""pct"": 14.149999999999999}, {""score"": ""2 - 0"", ""pct"": 13.170000000000002}, {""score"": ""2 - 1"", ""pct"": 9.58}]"
Netherlands,United States,Neutral,1.756,0.944,56.9,24.5,18.6,57.3,7.5,8.4,18.5,3.7,4.5,73.2,26.8,"[{""score"": ""1 - 0"", ""pct"": 12.18}, {""score"": ""1 - 1"", ""pct"": 11.39}, {""score"": ""2 - 0"", ""pct"": 10.18}]"
Netherlands,Senegal,Neutral,1.524,1.176,45.2,27.0,27.8,44.7,7.1,8.4,28.3,5.0,6.5,60.2,39.8,"[{""score"": ""1 - 1"", ""pct"": 12.0}, {""score"": ""1 - 0"", ""pct"": 10.43}, {""score"": ""2 - 1"", ""pct"": 9.29}]"
Netherlands,Brazil,Neutral,1.127,1.573,26.7,26.1,47.2,26.2,4.8,5.5,47.0,7.7,8.8,36.5,63.5,"[{""score"": ""1 - 1"", ""pct"": 12.17}, {""score"": ""0 - 1"", ""pct"": 10.77}, {""score"": ""1 - 2"", ""pct"": 9.2}]"
Netherlands,Ivory Coast,Neutral,1.807,0.893,59.3,23.6,17.0,59.1,7.3,8.7,17.5,3.0,4.4,75.1,24.9,"[{""score"": ""1 - 0"", ""pct"": 12.73}, {""score"": ""2 - 0"", ""pct"": 10.639999999999999}, {""score"": ""1 - 1"", ""pct"": 10.290000000000001}]"
Netherlands,France,Neutral,1.0,1.7,20.8,25.3,53.8,20.5,4.0,5.6,52.9,8.0,9.0,30.1,69.9,"[{""score"": ""0 - 1"", ""pct"": 11.61}, {""score"": ""1 - 1"", ""pct"": 11.51}, {""score"": ""1 - 2"", ""pct"": 10.2}]"
South Africa,Netherlands,Neutral,0.596,2.104,8.6,18.5,73.0,8.3,1.5,2.2,72.4,7.8,7.8,12.0,88.0,"[{""score"": ""0 - 2"", ""pct"": 14.96}, {""score"": ""0 - 1"", ""pct"": 14.530000000000001}, {""score"": ""0 - 3"", ""pct"": 10.2}]"
South Africa,Japan,Neutral,0.534,2.166,7.0,17.1,75.9,6.4,1.2,1.7,76.0,6.8,7.8,9.4,90.6,"[{""score"": ""0 - 2"", ""pct"": 15.97}, {""score"": ""0 - 1"", ""pct"": 14.57}, {""score"": ""0 - 3"", ""pct"": 11.0}]"
South Africa,Scotland,Neutral,0.93,1.77,18.3,23.4,58.3,18.1,3.1,4.4,58.0,7.5,8.8,25.7,74.3,"[{""score"": ""0 - 1"", ""pct"": 12.870000000000001}, {""score"": ""1 - 1"", ""pct"": 11.03}, {""score"": ""0 - 2"", ""pct"": 10.26}]"
South Africa,Algeria,Neutral,0.727,1.973,11.7,21.6,66.7,12.1,2.2,3.2,66.0,8.2,8.3,17.5,82.5,"[{""score"": ""0 - 1"", ""pct"": 13.41}, {""score"": ""0 - 2"", ""pct"": 13.36}, {""score"": ""1 - 1"", ""pct"": 10.02}]"
South Africa,Canada,Neutral,0.72,1.98,11.6,20.7,67.8,11.9,2.2,2.9,66.8,7.2,8.9,17.0,83.0,"[{""score"": ""0 - 1"", ""pct"": 14.78}, {""score"": ""0 - 2"", ""pct"": 13.5}, {""score"": ""1 - 2"", ""pct"": 9.66}]"
South Africa,Haiti,Neutral,1.125,1.575,26.5,25.5,47.9,26.9,4.9,5.8,47.0,7.1,8.4,37.5,62.5,"[{""score"": ""1 - 1"", ""pct"": 11.600000000000001}, {""score"": ""0 - 1"", ""pct"": 11.32}, {""score"": ""1 - 2"", ""pct"": 9.04}]"
South Africa,Spain,Neutral,0.371,2.329,3.5,13.6,82.8,3.7,0.8,1.0,82.8,5.6,6.2,5.5,94.5,"[{""score"": ""0 - 2"", ""pct"": 18.4}, {""score"": ""0 - 1"", ""pct"": 16.29}, {""score"": ""0 - 3"", ""pct"": 14.16}]"
South Africa,Saudi Arabia,Neutral,1.196,1.504,28.9,27.0,44.1,29.0,4.8,6.5,44.3,6.8,8.7,40.2,59.8,"[{""score"": ""1 - 1"", ""pct"": 12.23}, {""score"": ""0 - 1"", ""pct"": 10.299999999999999}, {""score"": ""1 - 2"", ""pct"": 8.82}]"
South Africa,Colombia,Neutral,0.496,2.204,5.6,16.4,78.0,6.1,1.1,1.7,77.2,6.7,7.3,8.8,91.2,"[{""score"": ""0 - 2"", ""pct"": 17.02}, {""score"": ""0 - 1"", ""pct"": 15.64}, {""score"": ""0 - 3"", ""pct"": 11.39}]"
South Africa,Portugal,Neutral,0.531,2.169,6.8,17.1,76.1,6.8,1.4,2.0,75.8,6.7,7.2,10.2,89.8,"[{""score"": ""0 - 2"", ""pct"": 15.690000000000001}, {""score"": ""0 - 1"", ""pct"": 14.7}, {""score"": ""0 - 3"", ""pct"": 11.78}]"
South Africa,Sweden,Neutral,1.202,1.498,29.5,26.9,43.7,29.7,4.8,5.8,43.7,6.9,9.1,40.3,59.7,"[{""score"": ""1 - 1"", ""pct"": 12.659999999999998}, {""score"": ""0 - 1"", ""pct"": 10.31}, {""score"": ""1 - 2"", ""pct"": 9.0}]"
South Africa,Jordan,Neutral,0.91,1.79,17.8,24.8,57.4,17.6,3.3,4.3,59.0,7.6,8.1,25.3,74.7,"[{""score"": ""0 - 1"", ""pct"": 12.45}, {""score"": ""1 - 1"", ""pct"": 11.33}, {""score"": ""0 - 2"", ""pct"": 10.22}]"
South Africa,Morocco,Neutral,0.556,2.144,7.5,18.1,74.4,7.4,1.3,2.0,75.1,7.0,7.2,10.8,89.2,"[{""score"": ""0 - 1"", ""pct"": 15.42}, {""score"": ""0 - 2"", ""pct"": 14.67}, {""score"": ""0 - 3"", ""pct"": 10.73}]"
South Africa,Iraq,Neutral,1.078,1.622,24.3,25.9,49.8,23.9,4.4,5.7,50.9,7.1,8.0,34.0,66.0,"[{""score"": ""0 - 1"", ""pct"": 11.85}, {""score"": ""1 - 1"", ""pct"": 11.66}, {""score"": ""1 - 2"", ""pct"": 9.25}]"
South Africa,Tunisia,Neutral,1.077,1.623,24.5,25.6,49.9,24.6,4.5,6.0,49.6,7.0,8.4,35.0,65.0,"[{""score"": ""1 - 1"", ""pct"": 11.76}, {""score"": ""0 - 1"", ""pct"": 11.360000000000001}, {""score"": ""1 - 2"", ""pct"": 9.520000000000001}]"
South Africa,Qatar,Neutral,1.621,1.079,50.2,26.0,23.8,50.1,7.1,8.2,24.2,4.6,5.8,65.4,34.6,"[{""score"": ""1 - 1"", ""pct"": 12.27}, {""score"": ""1 - 0"", ""pct"": 11.32}, {""score"": ""2 - 1"", ""pct"": 10.14}]"
South Africa,Curaçao,Neutral,1.463,1.237,42.0,27.3,30.8,41.3,7.0,8.0,31.5,5.3,6.9,56.3,43.7,"[{""score"": ""1 - 1"", ""pct"": 11.87}, {""score"": ""1 - 0"", ""pct"": 10.26}, {""score"": ""2 - 1"", ""pct"": 8.83}]"
South Africa,Iran,Neutral,0.679,2.021,10.1,19.9,70.0,10.7,2.2,2.4,70.1,6.8,7.8,15.3,84.7,"[{""score"": ""0 - 1"", ""pct"": 13.96}, {""score"": ""0 - 2"", ""pct"": 13.18}, {""score"": ""1 - 2"", ""pct"": 9.93}]"
South Africa,South Korea,Neutral,0.708,1.992,10.7,20.9,68.4,11.1,1.9,2.9,68.6,7.3,8.2,15.9,84.1,"[{""score"": ""0 - 1"", ""pct"": 14.02}, {""score"": ""0 - 2"", ""pct"": 13.48}, {""score"": ""1 - 2"", ""pct"": 9.68}]"
South Africa,Ghana,Neutral,1.44,1.26,40.7,27.1,32.3,41.6,6.6,7.7,31.8,5.7,6.7,55.9,44.1,"[{""score"": ""1 - 1"", ""pct"": 12.2}, {""score"": ""1 - 0"", ""pct"": 9.66}, {""score"": ""2 - 1"", ""pct"": 9.28}]"
South Africa,Norway,Neutral,0.667,2.033,10.6,19.7,69.7,10.0,2.1,2.9,69.5,7.4,8.1,15.0,85.0,"[{""score"": ""0 - 1"", ""pct"": 13.88}, {""score"": ""0 - 2"", ""pct"": 13.600000000000001}, {""score"": ""1 - 2"", ""pct"": 9.379999999999999}]"
South Africa,England,Neutral,0.476,2.224,5.4,15.6,79.0,5.5,1.2,1.5,77.4,6.9,7.5,8.1,91.9,"[{""score"": ""0 - 2"", ""pct"": 17.04}, {""score"": ""0 - 1"", ""pct"": 16.02}, {""score"": ""0 - 3"", ""pct"": 12.16}]"
South Africa,Mexico,Neutral,0.584,2.116,8.2,18.6,73.2,7.8,1.5,2.0,73.7,7.2,7.8,11.3,88.7,"[{""score"": ""0 - 2"", ""pct"": 14.96}, {""score"": ""0 - 1"", ""pct"": 14.69}, {""score"": ""0 - 3"", ""pct"": 10.059999999999999}]"
South Africa,Austria,Neutral,0.871,1.829,16.6,23.2,60.2,17.0,3.3,4.0,59.6,7.5,8.7,24.3,75.7,"[{""score"": ""0 - 1"", ""pct"": 12.75}, {""score"": ""0 - 2"", ""pct"": 11.43}, {""score"": ""1 - 1"", ""pct"": 10.71}]"
South Africa,Panama,Neutral,0.79,1.91,14.4,22.7,63.0,12.8,2.4,3.6,64.4,8.0,8.7,18.9,81.1,"[{""score"": ""0 - 1"", ""pct"": 12.559999999999999}, {""score"": ""0 - 2"", ""pct"": 11.75}, {""score"": ""1 - 1"", ""pct"": 10.32}]"
South Africa,Bosnia and Herzegovina,Neutral,1.567,1.133,47.5,26.1,26.4,47.1,7.3,8.2,26.5,5.3,5.7,62.6,37.4,"[{""score"": ""1 - 1"", ""pct"": 11.600000000000001}, {""score"": ""1 - 0"", ""pct"": 11.25}, {""score"": ""2 - 1"", ""pct"": 9.17}]"
South Africa,Czech Republic,Neutral,1.093,1.607,25.1,25.7,49.3,23.7,4.7,6.1,49.4,7.2,8.9,34.5,65.5,"[{""score"": ""1 - 1"", ""pct"": 11.469999999999999}, {""score"": ""0 - 1"", ""pct"": 10.63}, {""score"": ""1 - 2"", ""pct"": 9.82}]"
South Africa,Switzerland,Neutral,0.706,1.994,10.9,20.8,68.3,11.1,2.2,3.2,67.9,7.1,8.5,16.5,83.5,"[{""score"": ""0 - 1"", ""pct"": 14.62}, {""score"": ""0 - 2"", ""pct"": 12.78}, {""score"": ""1 - 2"", ""pct"": 9.520000000000001}]"
South Africa,Argentina,Neutral,0.382,2.318,4.0,14.4,81.6,3.8,0.9,1.1,81.7,6.0,6.5,5.7,94.3,"[{""score"": ""0 - 2"", ""pct"": 18.08}, {""score"": ""0 - 1"", ""pct"": 15.950000000000001}, {""score"": ""0 - 3"", ""pct"": 13.88}]"
South Africa,Uzbekistan,Neutral,0.815,1.885,14.3,22.2,63.5,14.3,2.9,3.9,62.9,7.6,8.3,21.2,78.8,"[{""score"": ""0 - 1"", ""pct"": 13.38}, {""score"": ""0 - 2"", ""pct"": 11.600000000000001}, {""score"": ""1 - 1"", ""pct"": 10.47}]"
South Africa,Belgium,Neutral,0.69,2.01,11.0,21.1,67.9,10.5,2.2,2.7,69.1,7.4,8.1,15.4,84.6,"[{""score"": ""0 - 1"", ""pct"": 14.09}, {""score"": ""0 - 2"", ""pct"": 12.989999999999998}, {""score"": ""1 - 2"", ""pct"": 9.53}]"
South Africa,Australia,Neutral,0.652,2.048,9.9,19.6,70.6,9.5,1.9,2.7,70.8,7.1,8.0,14.1,85.9,"[{""score"": ""0 - 2"", ""pct"": 14.499999999999998}, {""score"": ""0 - 1"", ""pct"": 14.14}, {""score"": ""1 - 2"", ""pct"": 9.36}]"
South Africa,Paraguay,Neutral,0.714,1.986,11.3,20.6,68.1,11.4,2.3,2.8,68.2,7.3,8.0,16.5,83.5,"[{""score"": ""0 - 1"", ""pct"": 14.000000000000002}, {""score"": ""0 - 2"", ""pct"": 13.81}, {""score"": ""1 - 2"", ""pct"": 9.569999999999999}]"
South Africa,Egypt,Neutral,0.969,1.731,19.9,24.4,55.7,19.7,3.8,5.1,54.8,7.9,8.8,28.5,71.5,"[{""score"": ""1 - 1"", ""pct"": 11.29}, {""score"": ""0 - 1"", ""pct"": 10.879999999999999}, {""score"": ""0 - 2"", ""pct"": 10.16}]"
South Africa,Ecuador,Neutral,0.536,2.164,6.5,18.0,75.4,7.2,1.2,2.0,74.7,7.3,7.6,10.4,89.6,"[{""score"": ""0 - 2"", ""pct"": 15.770000000000001}, {""score"": ""0 - 1"", ""pct"": 14.860000000000001}, {""score"": ""0 - 3"", ""pct"": 10.780000000000001}]"
South Africa,Cape Verde,Neutral,1.393,1.307,37.8,27.1,35.2,38.8,6.4,6.8,34.9,5.9,7.1,52.0,48.0,"[{""score"": ""1 - 1"", ""pct"": 12.559999999999999}, {""score"": ""1 - 0"", ""pct"": 9.9}, {""score"": ""0 - 1"", ""pct"": 9.139999999999999}]"
South Africa,Germany,Neutral,0.61,2.09,8.7,18.8,72.5,7.9,1.7,2.2,73.2,7.2,7.8,11.8,88.2,"[{""score"": ""0 - 2"", ""pct"": 14.78}, {""score"": ""0 - 1"", ""pct"": 14.04}, {""score"": ""0 - 3"", ""pct"": 10.01}]"
South Africa,DR Congo,Neutral,1.045,1.655,23.1,25.4,51.5,23.6,4.4,5.3,51.2,7.3,8.2,33.3,66.7,"[{""score"": ""0 - 1"", ""pct"": 11.799999999999999}, {""score"": ""1 - 1"", ""pct"": 11.34}, {""score"": ""1 - 2"", ""pct"": 9.39}]"
South Africa,Croatia,Neutral,0.648,2.052,9.5,19.8,70.7,9.4,1.9,2.3,71.1,7.2,8.1,13.7,86.3,"[{""score"": ""0 - 1"", ""pct"": 15.43}, {""score"": ""0 - 2"", ""pct"": 13.889999999999999}, {""score"": ""0 - 3"", ""pct"": 9.19}]"
South Africa,Turkey,Neutral,0.681,2.019,10.5,19.6,69.9,10.1,2.1,2.9,69.0,7.7,8.3,15.1,84.9,"[{""score"": ""0 - 1"", ""pct"": 14.09}, {""score"": ""0 - 2"", ""pct"": 13.44}, {""score"": ""1 - 2"", ""pct"": 9.48}]"
South Africa,Uruguay,Neutral,0.607,2.093,8.7,18.1,73.2,8.6,1.7,2.2,72.7,6.8,8.0,12.5,87.5,"[{""score"": ""0 - 1"", ""pct"": 15.7}, {""score"": ""0 - 2"", ""pct"": 14.64}, {""score"": ""0 - 3"", ""pct"": 10.01}]"
South Africa,New Zealand,Neutral,1.166,1.534,28.2,25.9,45.9,27.7,5.4,6.6,45.2,7.2,7.8,39.8,60.2,"[{""score"": ""1 - 1"", ""pct"": 12.23}, {""score"": ""0 - 1"", ""pct"": 10.549999999999999}, {""score"": ""1 - 2"", ""pct"": 9.610000000000001}]"
South Africa,United States,Neutral,0.883,1.817,16.6,22.7,60.7,16.2,3.1,3.9,59.6,8.0,9.1,23.3,76.7,"[{""score"": ""0 - 1"", ""pct"": 12.83}, {""score"": ""0 - 2"", ""pct"": 11.31}, {""score"": ""1 - 2"", ""pct"": 10.47}]"
South Africa,Senegal,Neutral,0.699,2.001,11.5,21.2,67.3,10.6,1.9,2.5,69.2,7.4,8.3,15.1,84.9,"[{""score"": ""0 - 1"", ""pct"": 13.88}, {""score"": ""0 - 2"", ""pct"": 13.750000000000002}, {""score"": ""1 - 1"", ""pct"": 9.520000000000001}]"
South Africa,Brazil,Neutral,0.492,2.208,6.0,16.2,77.8,6.2,1.1,1.8,77.6,6.4,7.0,9.1,90.9,"[{""score"": ""0 - 2"", ""pct"": 15.98}, {""score"": ""0 - 1"", ""pct"": 15.4}, {""score"": ""0 - 3"", ""pct"": 12.24}]"
South Africa,Ivory Coast,Neutral,0.934,1.766,18.5,24.5,57.0,18.0,3.6,4.4,56.8,8.3,9.0,26.0,74.0,"[{""score"": ""0 - 1"", ""pct"": 12.32}, {""score"": ""1 - 1"", ""pct"": 10.67}, {""score"": ""0 - 2"", ""pct"": 10.45}]"
South Africa,France,Neutral,0.444,2.256,5.1,14.8,80.0,4.9,1.0,1.3,79.4,6.3,7.1,7.2,92.8,"[{""score"": ""0 - 2"", ""pct"": 16.939999999999998}, {""score"": ""0 - 1"", ""pct"": 16.08}, {""score"": ""0 - 3"", ""pct"": 12.989999999999998}]"
Japan,Netherlands,Neutral,1.477,1.223,42.1,27.1,30.8,42.1,6.8,8.2,31.6,5.2,6.1,57.0,43.0,"[{""score"": ""1 - 1"", ""pct"": 12.45}, {""score"": ""1 - 0"", ""pct"": 10.23}, {""score"": ""2 - 1"", ""pct"": 9.15}]"
Japan,South Africa,Neutral,2.166,0.534,75.1,18.6,6.3,75.4,6.7,7.5,7.0,1.6,1.8,89.6,10.4,"[{""score"": ""2 - 0"", ""pct"": 15.67}, {""score"": ""1 - 0"", ""pct"": 15.479999999999999}, {""score"": ""3 - 0"", ""pct"": 10.530000000000001}]"
Japan,Scotland,Neutral,1.903,0.797,63.6,22.8,13.6,63.2,7.7,8.5,14.2,2.7,3.6,79.5,20.5,"[{""score"": ""1 - 0"", ""pct"": 13.07}, {""score"": ""2 - 0"", ""pct"": 11.89}, {""score"": ""1 - 1"", ""pct"": 10.15}]"
Japan,Algeria,Neutral,1.683,1.017,52.2,25.7,22.1,53.7,7.3,8.4,21.4,4.0,5.2,69.4,30.6,"[{""score"": ""1 - 0"", ""pct"": 11.709999999999999}, {""score"": ""1 - 1"", ""pct"": 11.35}, {""score"": ""2 - 1"", ""pct"": 9.98}]"
Japan,Canada,Neutral,1.675,1.025,53.8,25.1,21.1,52.8,7.1,8.9,21.5,4.0,5.5,68.9,31.1,"[{""score"": ""1 - 0"", ""pct"": 11.5}, {""score"": ""1 - 1"", ""pct"": 10.91}, {""score"": ""2 - 1"", ""pct"": 10.37}]"
Japan,Haiti,Neutral,2.047,0.653,71.0,19.1,9.8,69.9,7.9,8.1,10.0,1.7,2.4,86.0,14.0,"[{""score"": ""2 - 0"", ""pct"": 14.32}, {""score"": ""1 - 0"", ""pct"": 13.850000000000001}, {""score"": ""3 - 0"", ""pct"": 9.55}]"
Japan,Spain,Neutral,0.87,1.83,16.6,22.8,60.7,16.4,3.1,4.2,60.3,7.4,8.6,23.7,76.3,"[{""score"": ""0 - 1"", ""pct"": 12.93}, {""score"": ""0 - 2"", ""pct"": 10.83}, {""score"": ""1 - 1"", ""pct"": 10.530000000000001}]"
Japan,Saudi Arabia,Neutral,2.089,0.611,72.4,18.6,9.0,71.8,7.1,8.2,8.9,1.8,2.3,87.0,13.0,"[{""score"": ""1 - 0"", ""pct"": 14.82}, {""score"": ""2 - 0"", ""pct"": 14.299999999999999}, {""score"": ""3 - 0"", ""pct"": 9.44}]"
Japan,Colombia,Neutral,1.261,1.439,32.1,27.3,40.6,32.8,5.5,6.8,40.4,6.7,7.8,45.1,54.9,"[{""score"": ""1 - 1"", ""pct"": 12.55}, {""score"": ""0 - 1"", ""pct"": 9.82}, {""score"": ""1 - 2"", ""pct"": 8.86}]"
Japan,Portugal,Neutral,1.343,1.357,36.1,27.2,36.6,35.5,6.2,7.8,37.2,5.9,7.5,49.4,50.6,"[{""score"": ""1 - 1"", ""pct"": 12.540000000000001}, {""score"": ""1 - 0"", ""pct"": 9.46}, {""score"": ""0 - 1"", ""pct"": 9.13}]"
Japan,Sweden,Neutral,2.093,0.607,72.5,18.9,8.6,71.8,7.3,8.0,8.7,1.7,2.5,87.1,12.9,"[{""score"": ""2 - 0"", ""pct"": 14.91}, {""score"": ""1 - 0"", ""pct"": 14.59}, {""score"": ""3 - 0"", ""pct"": 9.43}]"
Japan,Jordan,Neutral,1.885,0.815,62.9,22.7,14.4,63.3,7.4,8.7,14.4,2.7,3.7,79.3,20.7,"[{""score"": ""1 - 0"", ""pct"": 13.3}, {""score"": ""2 - 0"", ""pct"": 11.92}, {""score"": ""2 - 1"", ""pct"": 10.02}]"
Japan,Morocco,Neutral,1.397,1.303,39.1,26.7,34.2,37.7,6.3,7.8,35.1,5.7,7.3,51.8,48.2,"[{""score"": ""1 - 1"", ""pct"": 11.88}, {""score"": ""1 - 0"", ""pct"": 9.8}, {""score"": ""0 - 1"", ""pct"": 8.94}]"
Japan,Iraq,Neutral,2.017,0.683,69.6,19.7,10.7,69.4,7.0,8.0,10.8,2.2,2.6,84.4,15.6,"[{""score"": ""1 - 0"", ""pct"": 14.35}, {""score"": ""2 - 0"", ""pct"": 14.000000000000002}, {""score"": ""2 - 1"", ""pct"": 9.5}]"
Japan,Tunisia,Neutral,2.016,0.684,69.3,19.9,10.8,68.8,7.3,8.4,10.7,1.8,3.0,84.5,15.5,"[{""score"": ""1 - 0"", ""pct"": 14.77}, {""score"": ""2 - 0"", ""pct"": 13.66}, {""score"": ""2 - 1"", ""pct"": 9.21}]"
Japan,Qatar,Neutral,2.269,0.431,79.7,15.8,4.5,80.2,6.2,6.7,4.9,0.8,1.2,93.1,6.9,"[{""score"": ""2 - 0"", ""pct"": 17.419999999999998}, {""score"": ""1 - 0"", ""pct"": 16.12}, {""score"": ""3 - 0"", ""pct"": 12.85}]"
Japan,Curaçao,Neutral,2.214,0.486,77.9,15.9,6.2,77.1,7.3,7.4,5.7,1.1,1.5,91.7,8.3,"[{""score"": ""2 - 0"", ""pct"": 16.84}, {""score"": ""1 - 0"", ""pct"": 15.42}, {""score"": ""3 - 0"", ""pct"": 12.01}]"
Japan,Iran,Neutral,1.615,1.085,49.0,26.1,24.9,50.6,7.1,8.2,24.4,4.2,5.6,65.8,34.2,"[{""score"": ""1 - 1"", ""pct"": 12.31}, {""score"": ""1 - 0"", ""pct"": 11.360000000000001}, {""score"": ""2 - 1"", ""pct"": 9.84}]"
Japan,South Korea,Neutral,1.657,1.043,50.9,25.8,23.3,51.9,7.3,8.2,23.0,4.1,5.5,67.4,32.6,"[{""score"": ""1 - 1"", ""pct"": 11.709999999999999}, {""score"": ""1 - 0"", ""pct"": 11.68}, {""score"": ""2 - 1"", ""pct"": 10.01}]"
Japan,Ghana,Neutral,2.204,0.496,77.2,16.4,6.3,77.2,6.6,7.3,6.3,1.2,1.5,91.1,8.9,"[{""score"": ""2 - 0"", ""pct"": 17.14}, {""score"": ""1 - 0"", ""pct"": 15.57}, {""score"": ""3 - 0"", ""pct"": 11.42}]"
Japan,Norway,Neutral,1.598,1.102,49.1,25.6,25.3,48.6,7.2,8.9,24.2,4.9,6.1,64.7,35.3,"[{""score"": ""1 - 1"", ""pct"": 11.31}, {""score"": ""1 - 0"", ""pct"": 11.200000000000001}, {""score"": ""2 - 1"", ""pct"": 9.049999999999999}]"
Japan,England,Neutral,1.208,1.492,30.5,26.6,42.9,29.6,5.3,6.2,44.1,6.6,8.2,41.1,58.9,"[{""score"": ""1 - 1"", ""pct"": 11.790000000000001}, {""score"": ""0 - 1"", ""pct"": 9.8}, {""score"": ""1 - 2"", ""pct"": 9.35}]"
Japan,Mexico,Neutral,1.455,1.245,41.8,26.7,31.5,41.1,6.5,7.9,31.8,5.7,7.1,55.4,44.6,"[{""score"": ""1 - 1"", ""pct"": 11.64}, {""score"": ""1 - 0"", ""pct"": 10.23}, {""score"": ""2 - 1"", ""pct"": 8.44}]"
Japan,Austria,Neutral,1.848,0.852,60.6,23.4,16.0,61.4,7.3,8.2,15.5,3.3,4.2,77.0,23.0,"[{""score"": ""1 - 0"", ""pct"": 13.270000000000001}, {""score"": ""2 - 0"", ""pct"": 11.34}, {""score"": ""1 - 1"", ""pct"": 10.6}]"
Japan,Panama,Neutral,1.762,0.938,57.3,24.7,18.0,57.0,7.6,8.4,18.7,3.8,4.5,73.0,27.0,"[{""score"": ""1 - 0"", ""pct"": 12.379999999999999}, {""score"": ""1 - 1"", ""pct"": 10.9}, {""score"": ""2 - 0"", ""pct"": 10.41}]"
Japan,Bosnia and Herzegovina,Neutral,2.251,0.449,79.2,15.3,5.5,79.1,6.6,6.7,5.2,0.9,1.5,92.5,7.5,"[{""score"": ""2 - 0"", ""pct"": 16.81}, {""score"": ""1 - 0"", ""pct"": 16.29}, {""score"": ""3 - 0"", ""pct"": 11.85}]"
Japan,Czech Republic,Neutral,2.027,0.673,69.5,20.0,10.5,69.2,7.7,8.1,10.6,1.9,2.5,85.0,15.0,"[{""score"": ""2 - 0"", ""pct"": 13.88}, {""score"": ""1 - 0"", ""pct"": 13.87}, {""score"": ""3 - 0"", ""pct"": 9.11}]"
Japan,Switzerland,Neutral,1.655,1.045,50.8,26.2,23.0,51.5,7.0,9.0,22.9,4.2,5.5,67.4,32.6,"[{""score"": ""1 - 1"", ""pct"": 12.06}, {""score"": ""1 - 0"", ""pct"": 11.48}, {""score"": ""2 - 1"", ""pct"": 9.78}]"
Japan,Argentina,Neutral,0.912,1.788,18.0,24.0,57.9,17.5,3.6,4.4,58.4,7.3,8.8,25.4,74.6,"[{""score"": ""0 - 1"", ""pct"": 12.36}, {""score"": ""1 - 1"", ""pct"": 11.35}, {""score"": ""0 - 2"", ""pct"": 10.97}]"
Japan,Uzbekistan,Neutral,1.79,0.91,58.8,24.0,17.1,59.1,7.3,8.4,17.4,3.3,4.5,74.9,25.1,"[{""score"": ""1 - 0"", ""pct"": 12.75}, {""score"": ""2 - 0"", ""pct"": 10.71}, {""score"": ""1 - 1"", ""pct"": 10.68}]"
Japan,Belgium,Neutral,1.633,1.067,50.1,26.4,23.5,50.5,7.3,8.3,23.6,4.4,5.9,66.2,33.8,"[{""score"": ""1 - 1"", ""pct"": 12.540000000000001}, {""score"": ""1 - 0"", ""pct"": 12.09}, {""score"": ""2 - 1"", ""pct"": 9.2}]"
Japan,Australia,Neutral,1.574,1.126,47.4,25.9,26.7,47.1,7.1,8.4,26.4,5.0,6.1,62.5,37.5,"[{""score"": ""1 - 1"", ""pct"": 11.540000000000001}, {""score"": ""1 - 0"", ""pct"": 11.33}, {""score"": ""2 - 1"", ""pct"": 9.04}]"
Japan,Paraguay,Neutral,1.666,1.034,51.7,26.1,22.2,52.0,7.3,8.9,22.0,4.1,5.8,68.1,31.9,"[{""score"": ""1 - 1"", ""pct"": 11.64}, {""score"": ""1 - 0"", ""pct"": 11.49}, {""score"": ""2 - 1"", ""pct"": 9.950000000000001}]"
Japan,Egypt,Neutral,1.936,0.764,65.2,21.4,13.5,66.2,7.4,8.1,13.0,2.5,2.8,81.7,18.3,"[{""score"": ""1 - 0"", ""pct"": 13.370000000000001}, {""score"": ""2 - 0"", ""pct"": 13.139999999999999}, {""score"": ""2 - 1"", ""pct"": 9.719999999999999}]"
Japan,Ecuador,Neutral,1.356,1.344,36.7,27.4,35.8,36.6,6.7,7.4,36.2,5.9,7.2,50.7,49.3,"[{""score"": ""1 - 1"", ""pct"": 12.26}, {""score"": ""1 - 0"", ""pct"": 9.6}, {""score"": ""0 - 1"", ""pct"": 9.48}]"
Japan,Cape Verde,Neutral,2.185,0.515,76.3,17.2,6.5,77.0,6.7,7.2,6.1,1.3,1.7,90.9,9.1,"[{""score"": ""2 - 0"", ""pct"": 16.8}, {""score"": ""1 - 0"", ""pct"": 15.03}, {""score"": ""3 - 0"", ""pct"": 11.48}]"
Japan,Germany,Neutral,1.502,1.198,43.5,27.3,29.2,43.6,7.0,8.3,29.2,5.3,6.6,58.9,41.1,"[{""score"": ""1 - 1"", ""pct"": 12.389999999999999}, {""score"": ""1 - 0"", ""pct"": 10.15}, {""score"": ""2 - 1"", ""pct"": 8.98}]"
Japan,DR Congo,Neutral,1.994,0.706,68.3,21.1,10.7,68.4,7.5,7.9,11.0,2.4,2.8,83.9,16.1,"[{""score"": ""1 - 0"", ""pct"": 13.48}, {""score"": ""2 - 0"", ""pct"": 12.620000000000001}, {""score"": ""2 - 1"", ""pct"": 10.05}]"
Japan,Croatia,Neutral,1.567,1.133,46.7,26.7,26.6,46.8,7.1,8.3,26.9,4.8,6.2,62.2,37.8,"[{""score"": ""1 - 1"", ""pct"": 12.7}, {""score"": ""1 - 0"", ""pct"": 10.639999999999999}, {""score"": ""2 - 1"", ""pct"": 9.16}]"
Japan,Turkey,Neutral,1.618,1.082,49.7,26.1,24.2,49.5,7.0,8.4,25.3,4.4,5.4,64.9,35.1,"[{""score"": ""1 - 1"", ""pct"": 11.89}, {""score"": ""1 - 0"", ""pct"": 10.97}, {""score"": ""2 - 1"", ""pct"": 9.82}]"
Japan,Uruguay,Neutral,1.498,1.202,44.0,26.2,29.8,44.2,6.8,8.2,29.3,4.9,6.6,59.2,40.8,"[{""score"": ""1 - 1"", ""pct"": 12.01}, {""score"": ""1 - 0"", ""pct"": 10.440000000000001}, {""score"": ""2 - 1"", ""pct"": 9.44}]"
Japan,New Zealand,Neutral,2.072,0.628,71.6,19.5,8.9,71.4,7.1,8.4,8.8,1.9,2.4,86.9,13.1,"[{""score"": ""1 - 0"", ""pct"": 14.46}, {""score"": ""2 - 0"", ""pct"": 14.45}, {""score"": ""3 - 0"", ""pct"": 9.48}]"
Japan,United States,Neutral,1.861,0.839,61.6,23.0,15.3,61.0,8.3,8.5,15.4,3.1,3.7,77.7,22.3,"[{""score"": ""1 - 0"", ""pct"": 12.520000000000001}, {""score"": ""2 - 0"", ""pct"": 11.39}, {""score"": ""1 - 1"", ""pct"": 10.73}]"
Japan,Senegal,Neutral,1.646,1.054,50.2,26.5,23.3,51.2,7.8,8.6,23.1,4.0,5.3,67.5,32.5,"[{""score"": ""1 - 1"", ""pct"": 11.53}, {""score"": ""1 - 0"", ""pct"": 10.96}, {""score"": ""2 - 1"", ""pct"": 9.2}]"
Japan,Brazil,Neutral,1.251,1.449,32.0,26.9,41.1,31.7,5.7,6.7,41.2,6.9,7.9,44.0,56.0,"[{""score"": ""1 - 1"", ""pct"": 12.75}, {""score"": ""0 - 1"", ""pct"": 9.94}, {""score"": ""1 - 2"", ""pct"": 8.55}]"
Japan,Ivory Coast,Neutral,1.907,0.793,64.1,21.5,14.4,63.2,7.6,8.5,14.2,2.9,3.5,79.3,20.7,"[{""score"": ""1 - 0"", ""pct"": 13.020000000000001}, {""score"": ""2 - 0"", ""pct"": 12.08}, {""score"": ""2 - 1"", ""pct"": 10.36}]"
Japan,France,Neutral,1.118,1.582,26.4,26.7,46.9,25.6,4.5,6.2,47.4,7.4,8.8,36.3,63.6,"[{""score"": ""1 - 1"", ""pct"": 11.99}, {""score"": ""0 - 1"", ""pct"": 11.01}, {""score"": ""1 - 2"", ""pct"": 8.84}]"
Scotland,Netherlands,Neutral,0.898,1.802,17.6,23.8,58.7,16.5,3.3,4.3,59.6,7.0,9.4,24.1,75.9,"[{""score"": ""0 - 1"", ""pct"": 13.68}, {""score"": ""1 - 1"", ""pct"": 10.82}, {""score"": ""0 - 2"", ""pct"": 10.8}]"
Scotland,South Africa,Neutral,1.77,0.93,56.7,25.0,18.3,57.1,8.0,8.1,18.4,3.6,4.8,73.2,26.8,"[{""score"": ""1 - 0"", ""pct"": 12.57}, {""score"": ""1 - 1"", ""pct"": 11.72}, {""score"": ""2 - 1"", ""pct"": 10.4}]"
Scotland,Japan,Neutral,0.797,1.903,13.9,23.3,62.8,14.1,2.7,3.5,63.5,7.5,8.6,20.4,79.6,"[{""score"": ""0 - 1"", ""pct"": 13.370000000000001}, {""score"": ""0 - 2"", ""pct"": 11.899999999999999}, {""score"": ""1 - 1"", ""pct"": 9.99}]"
Scotland,Algeria,Neutral,1.091,1.609,23.9,26.6,49.5,25.0,4.4,6.0,48.9,6.8,8.8,35.4,64.6,"[{""score"": ""1 - 1"", ""pct"": 12.26}, {""score"": ""0 - 1"", ""pct"": 11.28}, {""score"": ""1 - 2"", ""pct"": 9.379999999999999}]"
Scotland,Canada,Neutral,1.082,1.618,24.6,25.8,49.6,25.6,4.2,5.6,49.5,7.1,8.1,35.4,64.6,"[{""score"": ""1 - 1"", ""pct"": 11.86}, {""score"": ""0 - 1"", ""pct"": 11.44}, {""score"": ""1 - 2"", ""pct"": 9.65}]"
Scotland,Haiti,Neutral,1.562,1.138,47.2,26.1,26.6,46.9,7.2,8.9,25.8,5.1,6.2,63.0,37.0,"[{""score"": ""1 - 1"", ""pct"": 12.04}, {""score"": ""1 - 0"", ""pct"": 10.84}, {""score"": ""2 - 1"", ""pct"": 9.47}]"
Scotland,Spain,Neutral,0.503,2.197,6.0,16.4,77.6,6.0,1.2,1.5,77.6,6.6,7.1,8.7,91.3,"[{""score"": ""0 - 2"", ""pct"": 16.520000000000003}, {""score"": ""0 - 1"", ""pct"": 15.65}, {""score"": ""0 - 3"", ""pct"": 11.16}]"
Scotland,Saudi Arabia,Neutral,1.631,1.069,50.4,25.6,24.0,49.8,7.3,9.3,24.3,4.3,4.9,66.4,33.6,"[{""score"": ""1 - 1"", ""pct"": 11.469999999999999}, {""score"": ""1 - 0"", ""pct"": 11.28}, {""score"": ""2 - 1"", ""pct"": 9.22}]"
Scotland,Colombia,Neutral,0.733,1.967,12.3,21.6,66.1,11.5,2.5,3.1,66.7,7.5,8.6,17.2,82.8,"[{""score"": ""0 - 1"", ""pct"": 13.71}, {""score"": ""0 - 2"", ""pct"": 12.47}, {""score"": ""1 - 2"", ""pct"": 9.64}]"
Scotland,Portugal,Neutral,0.792,1.908,13.6,22.6,63.8,13.7,2.6,3.5,64.1,7.4,8.7,19.8,80.2,"[{""score"": ""0 - 1"", ""pct"": 13.34}, {""score"": ""0 - 2"", ""pct"": 11.89}, {""score"": ""1 - 1"", ""pct"": 10.09}]"
Scotland,Sweden,Neutral,1.637,1.063,51.9,25.1,23.1,50.4,7.1,8.1,24.3,4.8,5.3,65.6,34.4,"[{""score"": ""1 - 0"", ""pct"": 12.120000000000001}, {""score"": ""1 - 1"", ""pct"": 10.96}, {""score"": ""2 - 1"", ""pct"": 9.75}]"
Scotland,Jordan,Neutral,1.326,1.374,35.2,27.4,37.4,34.8,6.1,8.1,37.5,6.0,7.5,49.0,51.0,"[{""score"": ""1 - 1"", ""pct"": 12.24}, {""score"": ""0 - 1"", ""pct"": 9.81}, {""score"": ""1 - 0"", ""pct"": 8.75}]"
Scotland,Morocco,Neutral,0.833,1.867,14.7,22.5,62.8,15.6,2.8,4.0,61.6,7.3,8.8,22.3,77.7,"[{""score"": ""0 - 1"", ""pct"": 13.11}, {""score"": ""0 - 2"", ""pct"": 11.37}, {""score"": ""1 - 2"", ""pct"": 10.12}]"
Scotland,Iraq,Neutral,1.514,1.186,43.4,26.8,29.8,44.1,7.3,8.2,28.9,4.9,6.5,59.7,40.3,"[{""score"": ""1 - 1"", ""pct"": 12.06}, {""score"": ""1 - 0"", ""pct"": 10.11}, {""score"": ""2 - 1"", ""pct"": 8.81}]"
Scotland,Tunisia,Neutral,1.513,1.187,44.7,26.6,28.6,44.3,6.9,7.9,29.4,5.1,6.3,59.2,40.8,"[{""score"": ""1 - 1"", ""pct"": 12.1}, {""score"": ""1 - 0"", ""pct"": 10.39}, {""score"": ""2 - 1"", ""pct"": 9.07}]"
Scotland,Qatar,Neutral,1.982,0.718,66.8,21.1,12.0,67.7,7.5,7.9,11.7,2.3,2.9,83.1,16.9,"[{""score"": ""1 - 0"", ""pct"": 13.38}, {""score"": ""2 - 0"", ""pct"": 13.200000000000001}, {""score"": ""1 - 1"", ""pct"": 9.139999999999999}]"
Scotland,Curaçao,Neutral,1.863,0.837,61.1,23.4,15.5,61.9,7.0,8.6,15.4,3.0,4.1,77.5,22.5,"[{""score"": ""1 - 0"", ""pct"": 12.5}, {""score"": ""2 - 0"", ""pct"": 11.360000000000001}, {""score"": ""1 - 1"", ""pct"": 10.639999999999999}]"
Scotland,Iran,Neutral,1.023,1.677,21.9,25.2,52.9,21.9,3.7,5.3,53.5,7.4,8.2,30.9,69.1,"[{""score"": ""1 - 1"", ""pct"": 11.600000000000001}, {""score"": ""0 - 1"", ""pct"": 11.52}, {""score"": ""1 - 2"", ""pct"": 9.89}]"
Scotland,South Korea,Neutral,1.064,1.636,23.1,26.2,50.7,24.0,4.4,5.5,50.2,7.4,8.4,33.9,66.1,"[{""score"": ""1 - 1"", ""pct"": 12.26}, {""score"": ""0 - 1"", ""pct"": 11.690000000000001}, {""score"": ""1 - 2"", ""pct"": 9.64}]"
Scotland,Ghana,Neutral,1.845,0.855,60.1,23.6,16.2,60.2,7.9,8.7,15.9,3.0,4.2,76.8,23.2,"[{""score"": ""1 - 0"", ""pct"": 12.25}, {""score"": ""2 - 0"", ""pct"": 10.84}, {""score"": ""1 - 1"", ""pct"": 10.63}]"
Scotland,Norway,Neutral,1.006,1.694,20.2,24.5,55.3,21.8,3.8,5.1,53.7,7.5,8.1,30.7,69.3,"[{""score"": ""0 - 1"", ""pct"": 12.34}, {""score"": ""1 - 1"", ""pct"": 11.21}, {""score"": ""0 - 2"", ""pct"": 10.100000000000001}]"
Scotland,England,Neutral,0.698,2.002,11.1,20.1,68.8,10.7,2.0,3.0,69.0,7.5,7.9,15.6,84.4,"[{""score"": ""0 - 2"", ""pct"": 13.900000000000002}, {""score"": ""0 - 1"", ""pct"": 13.61}, {""score"": ""1 - 2"", ""pct"": 9.24}]"
Scotland,Mexico,Neutral,0.88,1.82,16.4,23.8,59.8,16.5,3.2,4.4,60.2,7.1,8.6,24.2,75.8,"[{""score"": ""0 - 1"", ""pct"": 12.889999999999999}, {""score"": ""1 - 1"", ""pct"": 11.110000000000001}, {""score"": ""0 - 2"", ""pct"": 10.57}]"
Scotland,Austria,Neutral,1.279,1.421,32.6,27.0,40.4,33.3,5.5,6.5,40.5,6.2,7.8,45.4,54.6,"[{""score"": ""1 - 1"", ""pct"": 12.389999999999999}, {""score"": ""0 - 1"", ""pct"": 10.4}, {""score"": ""1 - 2"", ""pct"": 8.66}]"
Scotland,Panama,Neutral,1.177,1.523,28.6,26.6,44.7,29.3,4.7,6.0,44.9,6.7,8.4,40.0,60.0,"[{""score"": ""1 - 1"", ""pct"": 11.95}, {""score"": ""0 - 1"", ""pct"": 10.79}, {""score"": ""1 - 2"", ""pct"": 9.56}]"
Scotland,Bosnia and Herzegovina,Neutral,1.943,0.757,65.1,22.2,12.7,65.6,7.3,8.2,12.8,2.4,3.7,81.1,18.9,"[{""score"": ""1 - 0"", ""pct"": 13.850000000000001}, {""score"": ""2 - 0"", ""pct"": 12.620000000000001}, {""score"": ""1 - 1"", ""pct"": 9.86}]"
Scotland,Czech Republic,Neutral,1.529,1.171,45.5,26.2,28.3,45.0,7.2,8.2,28.3,4.9,6.4,60.4,39.6,"[{""score"": ""1 - 1"", ""pct"": 12.049999999999999}, {""score"": ""1 - 0"", ""pct"": 10.75}, {""score"": ""2 - 1"", ""pct"": 9.35}]"
Scotland,Switzerland,Neutral,1.062,1.638,23.8,25.6,50.6,23.9,4.0,5.1,50.8,7.1,9.0,33.0,67.0,"[{""score"": ""1 - 1"", ""pct"": 11.61}, {""score"": ""0 - 1"", ""pct"": 11.219999999999999}, {""score"": ""1 - 2"", ""pct"": 9.67}]"
Scotland,Argentina,Neutral,0.524,2.176,6.7,17.3,75.9,6.8,1.3,1.6,75.9,7.4,7.0,9.7,90.3,"[{""score"": ""0 - 2"", ""pct"": 15.939999999999998}, {""score"": ""0 - 1"", ""pct"": 15.06}, {""score"": ""0 - 3"", ""pct"": 10.67}]"
Scotland,Uzbekistan,Neutral,1.209,1.491,29.2,27.0,43.8,30.1,5.3,6.8,42.5,7.2,8.1,42.2,57.8,"[{""score"": ""1 - 1"", ""pct"": 12.43}, {""score"": ""0 - 1"", ""pct"": 10.23}, {""score"": ""1 - 2"", ""pct"": 8.86}]"
Scotland,Belgium,Neutral,1.04,1.66,22.6,25.9,51.5,22.1,4.2,5.6,51.8,7.5,8.8,31.9,68.1,"[{""score"": ""1 - 1"", ""pct"": 11.87}, {""score"": ""0 - 1"", ""pct"": 11.43}, {""score"": ""1 - 2"", ""pct"": 9.58}]"
Scotland,Australia,Neutral,0.984,1.716,20.6,25.4,54.0,20.6,3.8,5.0,54.1,7.5,9.0,29.4,70.6,"[{""score"": ""0 - 1"", ""pct"": 11.799999999999999}, {""score"": ""1 - 1"", ""pct"": 11.379999999999999}, {""score"": ""1 - 2"", ""pct"": 9.629999999999999}]"
Scotland,Paraguay,Neutral,1.074,1.626,23.7,25.7,50.6,24.6,4.9,5.2,50.1,7.0,8.3,34.7,65.3,"[{""score"": ""1 - 1"", ""pct"": 11.899999999999999}, {""score"": ""0 - 1"", ""pct"": 11.21}, {""score"": ""1 - 2"", ""pct"": 9.92}]"
Scotland,Egypt,Neutral,1.396,1.304,38.8,26.7,34.5,38.7,6.6,7.8,33.5,6.2,7.4,53.0,47.0,"[{""score"": ""1 - 1"", ""pct"": 12.02}, {""score"": ""1 - 0"", ""pct"": 9.43}, {""score"": ""2 - 1"", ""pct"": 8.91}]"
Scotland,Ecuador,Neutral,0.801,1.899,13.9,22.8,63.3,14.2,2.7,3.5,63.7,7.4,8.5,20.4,79.7,"[{""score"": ""0 - 1"", ""pct"": 12.85}, {""score"": ""0 - 2"", ""pct"": 12.280000000000001}, {""score"": ""1 - 1"", ""pct"": 10.08}]"
Scotland,Cape Verde,Neutral,1.807,0.893,59.3,23.7,17.0,59.9,7.6,8.5,16.7,3.2,4.1,76.0,24.0,"[{""score"": ""1 - 0"", ""pct"": 13.03}, {""score"": ""1 - 1"", ""pct"": 11.020000000000001}, {""score"": ""2 - 0"", ""pct"": 10.91}]"
Scotland,Germany,Neutral,0.919,1.781,18.1,23.6,58.3,17.9,3.4,4.1,57.5,8.0,9.1,25.4,74.6,"[{""score"": ""0 - 1"", ""pct"": 11.940000000000001}, {""score"": ""1 - 1"", ""pct"": 10.979999999999999}, {""score"": ""0 - 2"", ""pct"": 10.75}]"
Scotland,DR Congo,Neutral,1.48,1.22,43.6,25.9,30.4,42.4,6.6,8.4,30.4,5.5,6.7,57.4,42.6,"[{""score"": ""1 - 1"", ""pct"": 11.3}, {""score"": ""1 - 0"", ""pct"": 10.2}, {""score"": ""2 - 1"", ""pct"": 9.78}]"
Scotland,Croatia,Neutral,0.977,1.723,20.3,25.3,54.4,19.7,3.4,5.0,56.2,7.3,8.4,28.1,71.9,"[{""score"": ""0 - 1"", ""pct"": 12.22}, {""score"": ""1 - 1"", ""pct"": 11.459999999999999}, {""score"": ""1 - 2"", ""pct"": 9.68}]"
Scotland,Turkey,Neutral,1.026,1.674,22.0,25.8,52.2,22.6,4.0,4.9,52.9,7.1,8.5,31.5,68.5,"[{""score"": ""0 - 1"", ""pct"": 12.030000000000001}, {""score"": ""1 - 1"", ""pct"": 11.58}, {""score"": ""1 - 2"", ""pct"": 9.26}]"
Scotland,Uruguay,Neutral,0.916,1.784,18.1,23.3,58.6,18.7,3.4,4.6,57.3,7.6,8.5,26.6,73.4,"[{""score"": ""0 - 1"", ""pct"": 12.770000000000001}, {""score"": ""1 - 1"", ""pct"": 10.73}, {""score"": ""0 - 2"", ""pct"": 10.38}]"
Scotland,New Zealand,Neutral,1.603,1.097,48.7,26.3,25.0,48.8,7.3,8.6,25.0,4.7,5.6,64.7,35.3,"[{""score"": ""1 - 1"", ""pct"": 11.85}, {""score"": ""1 - 0"", ""pct"": 10.94}, {""score"": ""2 - 1"", ""pct"": 9.8}]"
Scotland,United States,Neutral,1.295,1.405,33.8,27.6,38.7,34.1,5.6,7.1,38.7,6.4,8.1,46.8,53.2,"[{""score"": ""1 - 1"", ""pct"": 12.7}, {""score"": ""0 - 1"", ""pct"": 10.18}, {""score"": ""1 - 0"", ""pct"": 8.450000000000001}]"
Scotland,Senegal,Neutral,1.053,1.647,22.6,26.0,51.4,23.1,4.3,5.4,51.0,7.4,8.8,32.8,67.2,"[{""score"": ""1 - 1"", ""pct"": 11.58}, {""score"": ""0 - 1"", ""pct"": 11.35}, {""score"": ""1 - 2"", ""pct"": 10.290000000000001}]"
Scotland,Brazil,Neutral,0.726,1.974,12.0,20.6,67.3,11.7,2.4,3.0,67.1,7.6,8.2,17.2,82.8,"[{""score"": ""0 - 1"", ""pct"": 14.45}, {""score"": ""0 - 2"", ""pct"": 12.46}, {""score"": ""1 - 2"", ""pct"": 9.83}]"
Scotland,Ivory Coast,Neutral,1.355,1.345,36.3,27.1,36.6,36.9,6.0,7.9,35.9,5.9,7.5,50.8,49.2,"[{""score"": ""1 - 1"", ""pct"": 12.280000000000001}, {""score"": ""1 - 0"", ""pct"": 9.76}, {""score"": ""1 - 2"", ""pct"": 8.74}]"
Scotland,France,Neutral,0.641,2.059,9.4,19.6,71.0,9.6,1.9,2.7,71.4,6.7,7.8,14.1,85.9,"[{""score"": ""0 - 1"", ""pct"": 14.469999999999999}, {""score"": ""0 - 2"", ""pct"": 13.850000000000001}, {""score"": ""0 - 3"", ""pct"": 9.36}]"
Algeria,Netherlands,Neutral,1.136,1.564,26.4,26.1,47.5,26.4,4.7,6.3,46.8,7.4,8.4,37.4,62.6,"[{""score"": ""1 - 1"", ""pct"": 11.64}, {""score"": ""0 - 1"", ""pct"": 11.23}, {""score"": ""1 - 2"", ""pct"": 9.47}]"
Algeria,South Africa,Neutral,1.973,0.727,67.2,21.0,11.8,67.1,7.8,8.0,11.7,2.3,3.1,82.9,17.1,"[{""score"": ""1 - 0"", ""pct"": 13.62}, {""score"": ""2 - 0"", ""pct"": 13.61}, {""score"": ""2 - 1"", ""pct"": 9.68}]"
Algeria,Japan,Neutral,1.017,1.683,22.1,24.9,52.9,21.5,4.1,5.4,52.8,7.3,8.9,31.0,69.0,"[{""score"": ""0 - 1"", ""pct"": 11.59}, {""score"": ""1 - 1"", ""pct"": 11.19}, {""score"": ""1 - 2"", ""pct"": 9.950000000000001}]"
Algeria,Scotland,Neutral,1.609,1.091,49.3,25.3,25.3,49.2,7.2,8.8,24.5,4.3,6.0,65.2,34.8,"[{""score"": ""1 - 1"", ""pct"": 11.63}, {""score"": ""1 - 0"", ""pct"": 11.34}, {""score"": ""2 - 1"", ""pct"": 9.93}]"
Algeria,Canada,Neutral,1.34,1.36,35.5,28.1,36.4,36.4,5.8,7.7,36.8,6.2,7.2,49.9,50.1,"[{""score"": ""1 - 1"", ""pct"": 12.76}, {""score"": ""0 - 1"", ""pct"": 9.09}, {""score"": ""1 - 0"", ""pct"": 9.02}]"
Algeria,Haiti,Neutral,1.801,0.899,59.0,23.9,17.1,59.4,6.9,8.6,17.9,3.1,4.1,74.9,25.1,"[{""score"": ""1 - 0"", ""pct"": 13.15}, {""score"": ""1 - 1"", ""pct"": 11.12}, {""score"": ""2 - 0"", ""pct"": 10.54}]"
Algeria,Spain,Neutral,0.632,2.068,9.0,19.9,71.1,9.5,1.7,2.5,71.5,7.1,7.8,13.7,86.3,"[{""score"": ""0 - 1"", ""pct"": 14.430000000000001}, {""score"": ""0 - 2"", ""pct"": 14.099999999999998}, {""score"": ""1 - 2"", ""pct"": 9.33}]"
Algeria,Saudi Arabia,Neutral,1.86,0.84,62.2,22.4,15.4,61.4,7.4,8.6,15.8,2.6,4.2,77.3,22.6,"[{""score"": ""1 - 0"", ""pct"": 12.98}, {""score"": ""2 - 0"", ""pct"": 10.620000000000001}, {""score"": ""2 - 1"", ""pct"": 10.45}]"
Algeria,Colombia,Neutral,0.938,1.762,18.7,24.4,56.9,19.6,3.4,4.8,56.1,7.6,8.5,27.8,72.2,"[{""score"": ""0 - 1"", ""pct"": 12.26}, {""score"": ""1 - 1"", ""pct"": 10.82}, {""score"": ""0 - 2"", ""pct"": 10.45}]"
Algeria,Portugal,Neutral,1.011,1.689,22.0,25.6,52.4,21.3,4.0,5.1,53.4,7.3,8.9,30.4,69.6,"[{""score"": ""1 - 1"", ""pct"": 11.459999999999999}, {""score"": ""0 - 1"", ""pct"": 11.25}, {""score"": ""0 - 2"", ""pct"": 9.959999999999999}]"
Algeria,Sweden,Neutral,1.865,0.835,62.2,22.1,15.7,62.0,7.8,8.3,14.8,3.0,4.0,78.1,21.9,"[{""score"": ""1 - 0"", ""pct"": 13.600000000000001}, {""score"": ""2 - 0"", ""pct"": 11.459999999999999}, {""score"": ""1 - 1"", ""pct"": 10.09}]"
Algeria,Jordan,Neutral,1.587,1.113,49.0,25.3,25.7,48.2,7.1,8.5,25.6,4.8,5.9,63.8,36.2,"[{""score"": ""1 - 0"", ""pct"": 11.86}, {""score"": ""1 - 1"", ""pct"": 11.379999999999999}, {""score"": ""2 - 1"", ""pct"": 9.700000000000001}]"
Algeria,Morocco,Neutral,1.06,1.64,23.3,26.0,50.7,23.5,4.4,5.7,50.9,7.0,8.4,33.7,66.3,"[{""score"": ""1 - 1"", ""pct"": 12.11}, {""score"": ""0 - 1"", ""pct"": 11.95}, {""score"": ""1 - 2"", ""pct"": 9.610000000000001}]"
Algeria,Iraq,Neutral,1.759,0.941,56.5,24.5,19.0,56.3,7.8,8.5,19.2,3.8,4.5,72.6,27.4,"[{""score"": ""1 - 0"", ""pct"": 12.67}, {""score"": ""1 - 1"", ""pct"": 11.07}, {""score"": ""2 - 0"", ""pct"": 9.83}]"
Algeria,Tunisia,Neutral,1.758,0.942,56.1,24.8,19.0,58.2,6.8,8.7,18.6,3.2,4.5,73.7,26.3,"[{""score"": ""1 - 0"", ""pct"": 12.53}, {""score"": ""1 - 1"", ""pct"": 11.540000000000001}, {""score"": ""2 - 1"", ""pct"": 10.059999999999999}]"
Algeria,Qatar,Neutral,2.135,0.565,74.7,18.0,7.3,75.0,6.9,7.3,7.4,1.4,2.0,89.2,10.8,"[{""score"": ""2 - 0"", ""pct"": 15.55}, {""score"": ""1 - 0"", ""pct"": 14.879999999999999}, {""score"": ""3 - 0"", ""pct"": 10.43}]"
Algeria,Curaçao,Neutral,2.046,0.654,71.0,19.6,9.3,70.5,7.1,8.0,9.8,2.0,2.6,85.6,14.4,"[{""score"": ""1 - 0"", ""pct"": 14.799999999999999}, {""score"": ""2 - 0"", ""pct"": 14.05}, {""score"": ""1 - 1"", ""pct"": 9.32}]"
Algeria,Iran,Neutral,1.277,1.423,33.1,27.0,39.9,32.1,6.0,7.0,41.0,6.5,7.5,45.0,55.0,"[{""score"": ""1 - 1"", ""pct"": 12.2}, {""score"": ""0 - 1"", ""pct"": 10.0}, {""score"": ""1 - 2"", ""pct"": 8.91}]"
Algeria,South Korea,Neutral,1.321,1.379,36.1,27.3,36.7,34.2,6.1,7.4,38.4,6.3,7.7,47.7,52.3,"[{""score"": ""1 - 1"", ""pct"": 12.2}, {""score"": ""1 - 0"", ""pct"": 9.229999999999999}, {""score"": ""0 - 1"", ""pct"": 8.93}]"
Algeria,Ghana,Neutral,2.032,0.668,70.3,20.1,9.6,70.2,7.1,8.0,10.1,2.1,2.6,85.2,14.8,"[{""score"": ""2 - 0"", ""pct"": 14.29}, {""score"": ""1 - 0"", ""pct"": 13.94}, {""score"": ""3 - 0"", ""pct"": 9.4}]"
Algeria,Norway,Neutral,1.258,1.442,31.8,27.2,40.9,32.6,5.4,6.6,41.2,6.5,7.7,44.6,55.4,"[{""score"": ""1 - 1"", ""pct"": 12.93}, {""score"": ""0 - 1"", ""pct"": 9.790000000000001}, {""score"": ""1 - 0"", ""pct"": 9.07}]"
Algeria,England,Neutral,0.893,1.807,17.6,23.5,58.9,16.7,3.4,4.2,59.4,7.5,8.9,24.2,75.8,"[{""score"": ""0 - 1"", ""pct"": 12.86}, {""score"": ""0 - 2"", ""pct"": 10.59}, {""score"": ""1 - 1"", ""pct"": 10.56}]"
Algeria,Mexico,Neutral,1.115,1.585,26.0,26.0,48.0,26.2,4.8,5.6,47.8,6.9,8.8,36.6,63.4,"[{""score"": ""1 - 1"", ""pct"": 11.450000000000001}, {""score"": ""0 - 1"", ""pct"": 11.23}, {""score"": ""1 - 2"", ""pct"": 8.88}]"
Algeria,Austria,Neutral,1.541,1.159,45.8,26.9,27.3,45.3,7.1,8.5,28.0,4.7,6.5,60.9,39.1,"[{""score"": ""1 - 1"", ""pct"": 12.46}, {""score"": ""1 - 0"", ""pct"": 10.8}, {""score"": ""2 - 1"", ""pct"": 8.99}]"
Algeria,Panama,Neutral,1.439,1.261,40.7,26.9,32.4,40.7,6.1,8.3,32.4,5.8,6.8,55.1,44.9,"[{""score"": ""1 - 1"", ""pct"": 12.36}, {""score"": ""1 - 0"", ""pct"": 10.16}, {""score"": ""0 - 1"", ""pct"": 8.77}]"
Algeria,Bosnia and Herzegovina,Neutral,2.106,0.594,73.4,18.7,8.0,73.8,6.9,7.3,7.8,1.9,2.2,88.0,12.0,"[{""score"": ""1 - 0"", ""pct"": 15.129999999999999}, {""score"": ""2 - 0"", ""pct"": 14.44}, {""score"": ""3 - 0"", ""pct"": 10.36}]"
Algeria,Czech Republic,Neutral,1.772,0.928,57.6,24.4,18.0,56.5,7.9,8.5,18.4,4.0,4.7,72.9,27.1,"[{""score"": ""1 - 0"", ""pct"": 11.899999999999999}, {""score"": ""1 - 1"", ""pct"": 11.09}, {""score"": ""2 - 0"", ""pct"": 10.6}]"
Algeria,Switzerland,Neutral,1.319,1.381,34.8,27.5,37.7,34.2,6.0,7.2,38.5,6.3,7.8,47.4,52.6,"[{""score"": ""1 - 1"", ""pct"": 12.13}, {""score"": ""0 - 1"", ""pct"": 9.51}, {""score"": ""1 - 0"", ""pct"": 8.91}]"
Algeria,Argentina,Neutral,0.662,2.038,9.9,20.0,70.1,10.3,2.0,2.5,70.2,7.2,7.9,14.8,85.2,"[{""score"": ""0 - 1"", ""pct"": 14.2}, {""score"": ""0 - 2"", ""pct"": 14.099999999999998}, {""score"": ""0 - 3"", ""pct"": 9.24}]"
Algeria,Uzbekistan,Neutral,1.472,1.228,42.6,26.8,30.7,42.1,6.6,7.7,31.1,5.6,6.9,56.4,43.6,"[{""score"": ""1 - 1"", ""pct"": 11.899999999999999}, {""score"": ""1 - 0"", ""pct"": 9.86}, {""score"": ""2 - 1"", ""pct"": 8.88}]"
Algeria,Belgium,Neutral,1.295,1.405,33.0,28.0,39.0,33.9,5.8,7.1,39.5,6.3,7.4,46.8,53.2,"[{""score"": ""1 - 1"", ""pct"": 12.76}, {""score"": ""0 - 1"", ""pct"": 10.03}, {""score"": ""1 - 0"", ""pct"": 8.780000000000001}]"
Algeria,Australia,Neutral,1.234,1.466,30.1,27.2,42.7,30.9,5.3,7.0,42.1,6.7,8.0,43.2,56.8,"[{""score"": ""1 - 1"", ""pct"": 12.41}, {""score"": ""0 - 1"", ""pct"": 10.059999999999999}, {""score"": ""1 - 2"", ""pct"": 8.82}]"
Algeria,Paraguay,Neutral,1.332,1.368,35.6,26.3,38.1,35.6,5.9,7.2,37.3,6.3,7.6,48.8,51.2,"[{""score"": ""1 - 1"", ""pct"": 12.15}, {""score"": ""0 - 1"", ""pct"": 9.629999999999999}, {""score"": ""1 - 0"", ""pct"": 9.379999999999999}]"
Algeria,Egypt,Neutral,1.652,1.048,51.2,25.3,23.5,50.3,7.2,8.8,23.4,4.2,6.1,66.3,33.7,"[{""score"": ""1 - 0"", ""pct"": 11.709999999999999}, {""score"": ""1 - 1"", ""pct"": 11.57}, {""score"": ""2 - 1"", ""pct"": 9.81}]"
Algeria,Ecuador,Neutral,1.022,1.678,22.2,25.9,51.9,22.2,3.9,4.9,52.4,7.9,8.7,31.0,69.0,"[{""score"": ""1 - 1"", ""pct"": 12.07}, {""score"": ""0 - 1"", ""pct"": 11.1}, {""score"": ""1 - 2"", ""pct"": 9.91}]"
Algeria,Cape Verde,Neutral,2.002,0.698,68.4,20.5,11.1,68.8,7.0,8.0,11.3,2.0,2.8,83.9,16.1,"[{""score"": ""1 - 0"", ""pct"": 14.32}, {""score"": ""2 - 0"", ""pct"": 13.19}, {""score"": ""2 - 1"", ""pct"": 9.09}]"
Algeria,Germany,Neutral,1.161,1.539,27.6,26.3,46.0,28.4,5.1,6.0,45.7,6.7,8.0,39.5,60.4,"[{""score"": ""1 - 1"", ""pct"": 12.049999999999999}, {""score"": ""0 - 1"", ""pct"": 10.54}, {""score"": ""1 - 2"", ""pct"": 9.51}]"
Algeria,DR Congo,Neutral,1.728,0.972,55.4,24.2,20.4,53.7,7.7,9.0,21.0,3.5,5.1,70.4,29.6,"[{""score"": ""1 - 0"", ""pct"": 11.64}, {""score"": ""1 - 1"", ""pct"": 10.5}, {""score"": ""2 - 1"", ""pct"": 10.4}]"
Algeria,Croatia,Neutral,1.226,1.474,30.9,26.8,42.4,29.9,5.8,6.7,42.8,6.6,8.3,42.3,57.7,"[{""score"": ""1 - 1"", ""pct"": 12.43}, {""score"": ""0 - 1"", ""pct"": 10.0}, {""score"": ""1 - 2"", ""pct"": 9.2}]"
Algeria,Turkey,Neutral,1.28,1.42,33.3,27.1,39.6,33.8,5.5,6.9,39.6,6.3,7.8,46.2,53.8,"[{""score"": ""1 - 1"", ""pct"": 12.3}, {""score"": ""0 - 1"", ""pct"": 10.01}, {""score"": ""1 - 0"", ""pct"": 8.73}]"
Algeria,Uruguay,Neutral,1.157,1.543,27.6,26.6,45.8,27.3,5.1,6.4,46.4,6.6,8.3,38.8,61.2,"[{""score"": ""1 - 1"", ""pct"": 12.34}, {""score"": ""0 - 1"", ""pct"": 10.17}, {""score"": ""1 - 2"", ""pct"": 9.700000000000001}]"
Algeria,New Zealand,Neutral,1.836,0.864,60.4,23.2,16.4,60.9,7.7,8.3,16.0,3.4,3.8,76.9,23.1,"[{""score"": ""1 - 0"", ""pct"": 12.7}, {""score"": ""1 - 1"", ""pct"": 10.9}, {""score"": ""2 - 0"", ""pct"": 10.86}]"
Algeria,United States,Neutral,1.556,1.144,46.7,26.2,27.1,46.8,6.9,8.5,26.9,4.9,6.0,62.3,37.7,"[{""score"": ""1 - 1"", ""pct"": 11.89}, {""score"": ""1 - 0"", ""pct"": 10.96}, {""score"": ""2 - 1"", ""pct"": 9.229999999999999}]"
Algeria,Senegal,Neutral,1.309,1.391,35.2,26.9,38.0,33.5,5.9,7.4,39.2,6.2,7.8,46.8,53.2,"[{""score"": ""1 - 1"", ""pct"": 12.08}, {""score"": ""0 - 1"", ""pct"": 9.610000000000001}, {""score"": ""1 - 0"", ""pct"": 9.13}]"
Algeria,Brazil,Neutral,0.929,1.771,18.0,24.3,57.7,18.9,3.4,4.3,57.2,7.5,8.7,26.5,73.5,"[{""score"": ""0 - 1"", ""pct"": 12.46}, {""score"": ""1 - 1"", ""pct"": 10.97}, {""score"": ""0 - 2"", ""pct"": 10.36}]"
Algeria,Ivory Coast,Neutral,1.614,1.086,49.0,25.6,25.4,49.4,7.0,8.6,24.8,4.3,5.9,65.0,35.0,"[{""score"": ""1 - 1"", ""pct"": 11.600000000000001}, {""score"": ""1 - 0"", ""pct"": 11.05}, {""score"": ""2 - 1"", ""pct"": 9.54}]"
Algeria,France,Neutral,0.819,1.881,14.1,22.2,63.7,15.0,2.8,3.5,62.5,7.7,8.5,21.3,78.7,"[{""score"": ""0 - 1"", ""pct"": 13.569999999999999}, {""score"": ""0 - 2"", ""pct"": 12.25}, {""score"": ""1 - 1"", ""pct"": 10.18}]"
Canada,Netherlands,Neutral,1.145,1.555,27.5,26.7,45.8,26.5,5.4,6.0,46.6,7.0,8.6,37.9,62.1,"[{""score"": ""1 - 1"", ""pct"": 12.09}, {""score"": ""0 - 1"", ""pct"": 10.71}, {""score"": ""1 - 2"", ""pct"": 8.780000000000001}]"
Canada,South Africa,Neutral,1.98,0.72,67.4,21.2,11.4,67.3,7.4,8.5,11.9,2.0,2.9,83.2,16.8,"[{""score"": ""1 - 0"", ""pct"": 14.37}, {""score"": ""2 - 0"", ""pct"": 12.870000000000001}, {""score"": ""1 - 1"", ""pct"": 9.34}]"
Canada,Japan,Neutral,1.025,1.675,21.4,26.2,52.4,21.7,4.4,5.6,52.2,7.5,8.6,31.6,68.4,"[{""score"": ""1 - 1"", ""pct"": 11.83}, {""score"": ""0 - 1"", ""pct"": 11.66}, {""score"": ""1 - 2"", ""pct"": 9.94}]"
Canada,Scotland,Neutral,1.618,1.082,48.7,26.6,24.7,49.1,7.2,8.4,25.3,4.4,5.5,64.7,35.3,"[{""score"": ""1 - 1"", ""pct"": 11.68}, {""score"": ""1 - 0"", ""pct"": 11.4}, {""score"": ""2 - 1"", ""pct"": 9.08}]"
Canada,Algeria,Neutral,1.36,1.34,36.2,26.8,37.0,37.1,5.9,7.5,35.5,6.2,7.7,50.5,49.5,"[{""score"": ""1 - 1"", ""pct"": 12.72}, {""score"": ""0 - 1"", ""pct"": 9.42}, {""score"": ""1 - 0"", ""pct"": 9.06}]"
Canada,Haiti,Neutral,1.809,0.891,59.9,23.7,16.4,59.1,7.9,8.1,17.4,3.2,4.2,75.2,24.8,"[{""score"": ""1 - 0"", ""pct"": 12.83}, {""score"": ""1 - 1"", ""pct"": 11.020000000000001}, {""score"": ""2 - 0"", ""pct"": 10.99}]"
Canada,Spain,Neutral,0.637,2.063,9.8,18.8,71.5,9.9,1.7,2.6,71.0,7.2,7.6,14.1,85.9,"[{""score"": ""0 - 1"", ""pct"": 14.49}, {""score"": ""0 - 2"", ""pct"": 14.180000000000001}, {""score"": ""0 - 3"", ""pct"": 9.58}]"
Canada,Saudi Arabia,Neutral,1.867,0.833,63.2,22.5,14.3,62.1,7.5,8.7,14.8,3.0,3.9,78.3,21.7,"[{""score"": ""1 - 0"", ""pct"": 13.51}, {""score"": ""2 - 0"", ""pct"": 11.93}, {""score"": ""1 - 1"", ""pct"": 10.22}]"
Canada,Colombia,Neutral,0.946,1.754,19.2,24.6,56.2,19.6,3.4,4.5,56.4,7.5,8.6,27.5,72.5,"[{""score"": ""0 - 1"", ""pct"": 11.690000000000001}, {""score"": ""1 - 1"", ""pct"": 10.870000000000001}, {""score"": ""0 - 2"", ""pct"": 10.11}]"
Canada,Portugal,Neutral,1.019,1.681,22.4,25.4,52.2,22.3,3.6,5.3,52.8,7.4,8.6,31.2,68.8,"[{""score"": ""1 - 1"", ""pct"": 11.87}, {""score"": ""0 - 1"", ""pct"": 11.15}, {""score"": ""0 - 2"", ""pct"": 9.55}]"
Canada,Sweden,Neutral,1.872,0.828,61.9,22.6,15.5,62.0,7.8,8.3,15.2,3.1,3.6,78.1,21.9,"[{""score"": ""1 - 0"", ""pct"": 12.49}, {""score"": ""2 - 0"", ""pct"": 11.97}, {""score"": ""1 - 1"", ""pct"": 10.05}]"
Canada,Jordan,Neutral,1.596,1.104,48.4,25.8,25.8,49.0,6.8,8.6,25.5,4.5,5.7,64.4,35.6,"[{""score"": ""1 - 1"", ""pct"": 11.89}, {""score"": ""1 - 0"", ""pct"": 11.200000000000001}, {""score"": ""2 - 1"", ""pct"": 9.51}]"
Canada,Morocco,Neutral,1.069,1.631,24.0,25.5,50.5,24.3,4.5,5.4,49.9,7.3,8.6,34.2,65.8,"[{""score"": ""1 - 1"", ""pct"": 11.55}, {""score"": ""0 - 1"", ""pct"": 10.94}, {""score"": ""1 - 2"", ""pct"": 10.18}]"
Canada,Iraq,Neutral,1.767,0.933,57.3,23.8,18.9,57.0,7.4,9.2,18.5,3.5,4.3,73.6,26.4,"[{""score"": ""1 - 0"", ""pct"": 12.09}, {""score"": ""1 - 1"", ""pct"": 10.6}, {""score"": ""2 - 0"", ""pct"": 10.15}]"
Canada,Tunisia,Neutral,1.766,0.934,57.0,24.2,18.8,57.8,7.0,8.7,18.3,3.5,4.8,73.4,26.6,"[{""score"": ""1 - 0"", ""pct"": 11.92}, {""score"": ""1 - 1"", ""pct"": 11.12}, {""score"": ""2 - 0"", ""pct"": 10.440000000000001}]"
Canada,Qatar,Neutral,2.14,0.56,73.8,18.7,7.6,74.9,6.8,7.0,7.4,1.6,2.3,88.7,11.3,"[{""score"": ""2 - 0"", ""pct"": 15.229999999999999}, {""score"": ""1 - 0"", ""pct"": 14.719999999999999}, {""score"": ""3 - 0"", ""pct"": 10.2}]"
Canada,Curaçao,Neutral,2.052,0.648,70.3,19.7,10.1,70.6,7.4,8.0,9.6,1.9,2.5,86.0,14.0,"[{""score"": ""2 - 0"", ""pct"": 14.030000000000001}, {""score"": ""1 - 0"", ""pct"": 13.81}, {""score"": ""2 - 1"", ""pct"": 9.2}]"
Canada,Iran,Neutral,1.286,1.414,33.3,27.3,39.4,33.0,6.3,7.2,39.0,6.4,8.1,46.5,53.5,"[{""score"": ""1 - 1"", ""pct"": 13.059999999999999}, {""score"": ""0 - 1"", ""pct"": 9.46}, {""score"": ""1 - 0"", ""pct"": 8.7}]"
Canada,South Korea,Neutral,1.331,1.369,35.3,27.8,37.0,36.3,5.9,7.5,36.9,6.1,7.2,49.7,50.3,"[{""score"": ""1 - 1"", ""pct"": 13.18}, {""score"": ""0 - 1"", ""pct"": 9.13}, {""score"": ""1 - 0"", ""pct"": 9.09}]"
Canada,Ghana,Neutral,2.038,0.662,69.7,20.2,10.0,69.5,7.6,8.6,10.1,2.0,2.2,85.7,14.3,"[{""score"": ""2 - 0"", ""pct"": 14.02}, {""score"": ""1 - 0"", ""pct"": 13.68}, {""score"": ""3 - 0"", ""pct"": 9.25}]"
Canada,Norway,Neutral,1.268,1.432,33.3,26.6,40.1,31.8,5.5,7.1,41.0,6.8,7.8,44.4,55.6,"[{""score"": ""1 - 1"", ""pct"": 11.85}, {""score"": ""0 - 1"", ""pct"": 10.0}, {""score"": ""1 - 2"", ""pct"": 8.649999999999999}]"
Canada,England,Neutral,0.901,1.799,17.4,23.8,58.8,16.9,3.4,4.4,58.7,7.4,9.2,24.6,75.4,"[{""score"": ""0 - 1"", ""pct"": 12.65}, {""score"": ""0 - 2"", ""pct"": 11.219999999999999}, {""score"": ""1 - 1"", ""pct"": 10.77}]"
Canada,Mexico,Neutral,1.124,1.576,26.6,26.3,47.1,26.5,4.7,6.2,47.1,7.2,8.3,37.3,62.7,"[{""score"": ""1 - 1"", ""pct"": 12.2}, {""score"": ""0 - 1"", ""pct"": 10.72}, {""score"": ""1 - 2"", ""pct"": 9.569999999999999}]"
Canada,Austria,Neutral,1.551,1.149,46.0,26.9,27.1,45.6,6.8,8.3,28.0,5.1,6.2,60.8,39.2,"[{""score"": ""1 - 1"", ""pct"": 12.3}, {""score"": ""1 - 0"", ""pct"": 10.65}, {""score"": ""2 - 1"", ""pct"": 9.27}]"
Canada,Panama,Neutral,1.448,1.252,41.8,27.0,31.1,41.6,6.3,8.2,31.2,5.3,7.3,56.2,43.8,"[{""score"": ""1 - 1"", ""pct"": 12.27}, {""score"": ""1 - 0"", ""pct"": 9.959999999999999}, {""score"": ""2 - 1"", ""pct"": 9.0}]"
Canada,Bosnia and Herzegovina,Neutral,2.111,0.589,73.9,17.8,8.3,73.5,6.8,7.6,8.0,1.6,2.5,88.0,12.1,"[{""score"": ""2 - 0"", ""pct"": 15.120000000000001}, {""score"": ""1 - 0"", ""pct"": 14.82}, {""score"": ""3 - 0"", ""pct"": 10.24}]"
Canada,Czech Republic,Neutral,1.78,0.92,57.5,24.4,18.1,57.9,7.3,8.9,17.9,3.4,4.6,74.1,25.9,"[{""score"": ""1 - 0"", ""pct"": 12.690000000000001}, {""score"": ""1 - 1"", ""pct"": 10.9}, {""score"": ""2 - 0"", ""pct"": 10.43}]"
Canada,Switzerland,Neutral,1.328,1.372,35.3,27.6,37.0,35.5,5.7,7.0,37.8,6.3,7.7,48.2,51.8,"[{""score"": ""1 - 1"", ""pct"": 12.740000000000002}, {""score"": ""0 - 1"", ""pct"": 9.07}, {""score"": ""1 - 0"", ""pct"": 8.780000000000001}]"
Canada,Argentina,Neutral,0.668,2.032,10.3,19.6,70.1,9.7,1.9,2.8,70.1,7.2,8.3,14.4,85.6,"[{""score"": ""0 - 1"", ""pct"": 14.29}, {""score"": ""0 - 2"", ""pct"": 13.81}, {""score"": ""0 - 3"", ""pct"": 9.44}]"
Canada,Uzbekistan,Neutral,1.481,1.219,43.2,27.1,29.7,42.2,6.6,7.9,31.3,5.4,6.7,56.7,43.3,"[{""score"": ""1 - 1"", ""pct"": 12.17}, {""score"": ""1 - 0"", ""pct"": 10.290000000000001}, {""score"": ""2 - 1"", ""pct"": 8.67}]"
Canada,Belgium,Neutral,1.305,1.395,35.0,26.5,38.5,34.0,5.6,6.8,39.5,6.7,7.4,46.4,53.6,"[{""score"": ""1 - 1"", ""pct"": 12.08}, {""score"": ""0 - 1"", ""pct"": 9.71}, {""score"": ""1 - 0"", ""pct"": 9.139999999999999}]"
Canada,Australia,Neutral,1.244,1.456,31.4,26.7,41.9,31.8,5.1,6.4,41.7,6.8,8.2,43.3,56.7,"[{""score"": ""1 - 1"", ""pct"": 12.46}, {""score"": ""0 - 1"", ""pct"": 10.31}, {""score"": ""1 - 2"", ""pct"": 8.5}]"
Canada,Paraguay,Neutral,1.341,1.359,36.3,26.7,37.0,35.8,6.3,7.6,37.0,5.9,7.4,49.7,50.3,"[{""score"": ""1 - 1"", ""pct"": 12.06}, {""score"": ""0 - 1"", ""pct"": 9.0}, {""score"": ""1 - 0"", ""pct"": 8.77}]"
Canada,Egypt,Neutral,1.661,1.039,51.5,25.5,23.0,51.8,7.7,8.7,22.2,4.3,5.3,68.2,31.8,"[{""score"": ""1 - 0"", ""pct"": 12.11}, {""score"": ""1 - 1"", ""pct"": 11.81}, {""score"": ""2 - 1"", ""pct"": 9.969999999999999}]"
Canada,Ecuador,Neutral,1.031,1.669,22.7,25.2,52.1,22.2,4.0,5.5,52.8,7.3,8.1,31.7,68.3,"[{""score"": ""0 - 1"", ""pct"": 11.49}, {""score"": ""1 - 1"", ""pct"": 11.4}, {""score"": ""0 - 2"", ""pct"": 9.53}]"
Canada,Cape Verde,Neutral,2.008,0.692,68.4,20.8,10.8,69.0,7.1,7.9,10.9,2.1,2.9,84.1,15.9,"[{""score"": ""1 - 0"", ""pct"": 14.48}, {""score"": ""2 - 0"", ""pct"": 13.43}, {""score"": ""1 - 1"", ""pct"": 9.42}]"
Canada,Germany,Neutral,1.17,1.53,27.7,26.0,46.3,27.7,5.0,6.8,45.3,6.8,8.4,39.5,60.5,"[{""score"": ""1 - 1"", ""pct"": 11.74}, {""score"": ""0 - 1"", ""pct"": 10.74}, {""score"": ""1 - 2"", ""pct"": 9.62}]"
Canada,DR Congo,Neutral,1.737,0.963,55.5,25.1,19.4,56.0,7.2,8.4,19.8,3.8,4.9,71.6,28.4,"[{""score"": ""1 - 0"", ""pct"": 11.93}, {""score"": ""1 - 1"", ""pct"": 11.53}, {""score"": ""2 - 0"", ""pct"": 10.23}]"
Canada,Croatia,Neutral,1.236,1.464,31.6,26.3,42.1,31.2,5.4,6.3,42.1,6.6,8.4,42.9,57.1,"[{""score"": ""1 - 1"", ""pct"": 11.98}, {""score"": ""0 - 1"", ""pct"": 10.51}, {""score"": ""1 - 2"", ""pct"": 8.62}]"
Canada,Turkey,Neutral,1.29,1.41,33.4,26.5,40.1,33.7,6.0,7.1,39.3,6.2,7.6,46.8,53.2,"[{""score"": ""1 - 1"", ""pct"": 11.72}, {""score"": ""0 - 1"", ""pct"": 9.64}, {""score"": ""1 - 2"", ""pct"": 8.59}]"
Canada,Uruguay,Neutral,1.166,1.534,27.9,26.7,45.4,28.4,5.1,6.2,45.0,7.0,8.2,39.8,60.2,"[{""score"": ""1 - 1"", ""pct"": 11.98}, {""score"": ""0 - 1"", ""pct"": 10.639999999999999}, {""score"": ""1 - 2"", ""pct"": 9.13}]"
Canada,New Zealand,Neutral,1.843,0.857,61.6,22.2,16.2,60.3,7.6,9.2,16.3,3.0,3.6,77.1,22.9,"[{""score"": ""1 - 0"", ""pct"": 13.170000000000002}, {""score"": ""2 - 0"", ""pct"": 10.99}, {""score"": ""1 - 1"", ""pct"": 10.2}]"
Canada,United States,Neutral,1.566,1.134,47.8,25.6,26.7,47.4,7.1,8.6,26.1,4.9,5.9,63.0,37.0,"[{""score"": ""1 - 1"", ""pct"": 11.78}, {""score"": ""1 - 0"", ""pct"": 10.92}, {""score"": ""2 - 1"", ""pct"": 9.8}]"
Canada,Senegal,Neutral,1.319,1.381,34.4,26.5,39.1,35.9,5.5,7.3,37.5,6.3,7.5,48.7,51.3,"[{""score"": ""1 - 1"", ""pct"": 11.95}, {""score"": ""0 - 1"", ""pct"": 9.790000000000001}, {""score"": ""1 - 0"", ""pct"": 8.81}]"
Canada,Brazil,Neutral,0.937,1.763,18.0,23.9,58.1,19.6,3.4,4.5,56.0,7.5,9.1,27.5,72.5,"[{""score"": ""0 - 1"", ""pct"": 11.85}, {""score"": ""1 - 1"", ""pct"": 11.17}, {""score"": ""0 - 2"", ""pct"": 10.43}]"
Canada,Ivory Coast,Neutral,1.623,1.077,49.9,26.0,24.1,50.2,7.0,8.5,24.3,4.5,5.5,65.7,34.3,"[{""score"": ""1 - 1"", ""pct"": 11.81}, {""score"": ""1 - 0"", ""pct"": 11.07}, {""score"": ""2 - 1"", ""pct"": 9.370000000000001}]"
Canada,France,Neutral,0.826,1.874,15.4,22.6,62.1,14.8,2.6,3.7,63.1,7.1,8.7,21.1,78.9,"[{""score"": ""0 - 1"", ""pct"": 13.63}, {""score"": ""0 - 2"", ""pct"": 11.379999999999999}, {""score"": ""1 - 1"", ""pct"": 10.39}]"
Haiti,Netherlands,Neutral,0.734,1.966,12.1,21.4,66.5,12.2,2.5,3.1,66.0,7.6,8.5,17.8,82.1,"[{""score"": ""0 - 1"", ""pct"": 13.58}, {""score"": ""0 - 2"", ""pct"": 12.5}, {""score"": ""1 - 2"", ""pct"": 9.719999999999999}]"
Haiti,South Africa,Neutral,1.575,1.125,47.2,26.1,26.7,47.0,7.2,8.6,26.9,4.5,5.8,62.8,37.2,"[{""score"": ""1 - 1"", ""pct"": 11.82}, {""score"": ""1 - 0"", ""pct"": 11.04}, {""score"": ""2 - 1"", ""pct"": 9.21}]"
Haiti,Japan,Neutral,0.653,2.047,9.8,20.2,70.1,10.0,1.9,2.5,70.5,7.4,7.7,14.4,85.6,"[{""score"": ""0 - 1"", ""pct"": 14.41}, {""score"": ""0 - 2"", ""pct"": 13.700000000000001}, {""score"": ""1 - 1"", ""pct"": 9.35}]"
Haiti,Scotland,Neutral,1.138,1.562,26.9,25.5,47.6,26.2,4.8,6.5,46.6,7.2,8.7,37.4,62.6,"[{""score"": ""1 - 1"", ""pct"": 11.459999999999999}, {""score"": ""0 - 1"", ""pct"": 10.61}, {""score"": ""1 - 2"", ""pct"": 9.030000000000001}]"
Haiti,Algeria,Neutral,0.899,1.801,17.2,23.9,58.9,17.8,3.2,4.2,58.4,7.7,8.7,25.2,74.8,"[{""score"": ""0 - 1"", ""pct"": 12.67}, {""score"": ""0 - 2"", ""pct"": 10.99}, {""score"": ""1 - 1"", ""pct"": 10.76}]"
Haiti,Canada,Neutral,0.891,1.809,16.6,23.5,59.9,17.3,3.3,4.5,59.2,7.7,8.0,25.1,74.8,"[{""score"": ""0 - 1"", ""pct"": 13.19}, {""score"": ""0 - 2"", ""pct"": 10.85}, {""score"": ""1 - 1"", ""pct"": 10.11}]"
Haiti,Spain,Neutral,0.428,2.272,4.5,15.2,80.2,4.5,1.0,1.2,80.6,6.2,6.5,6.6,93.4,"[{""score"": ""0 - 2"", ""pct"": 17.7}, {""score"": ""0 - 1"", ""pct"": 15.68}, {""score"": ""0 - 3"", ""pct"": 12.839999999999998}]"
Haiti,Saudi Arabia,Neutral,1.423,1.277,40.7,27.0,32.3,40.2,6.1,7.8,33.0,5.6,7.4,54.1,45.9,"[{""score"": ""1 - 1"", ""pct"": 12.29}, {""score"": ""1 - 0"", ""pct"": 10.05}, {""score"": ""2 - 1"", ""pct"": 8.88}]"
Haiti,Colombia,Neutral,0.602,2.098,8.8,18.7,72.5,8.5,1.7,2.3,72.8,7.0,7.8,12.4,87.6,"[{""score"": ""0 - 1"", ""pct"": 14.610000000000001}, {""score"": ""0 - 2"", ""pct"": 14.430000000000001}, {""score"": ""0 - 3"", ""pct"": 10.280000000000001}]"
Haiti,Portugal,Neutral,0.649,2.051,9.9,19.2,70.8,9.7,1.8,2.4,71.0,7.2,7.9,13.9,86.1,"[{""score"": ""0 - 2"", ""pct"": 14.56}, {""score"": ""0 - 1"", ""pct"": 14.49}, {""score"": ""1 - 2"", ""pct"": 9.6}]"
Haiti,Sweden,Neutral,1.429,1.271,40.5,27.4,32.1,39.8,6.6,7.5,33.4,5.7,7.1,53.9,46.1,"[{""score"": ""1 - 1"", ""pct"": 12.659999999999998}, {""score"": ""1 - 0"", ""pct"": 10.040000000000001}, {""score"": ""2 - 1"", ""pct"": 8.68}]"
Haiti,Jordan,Neutral,1.115,1.585,25.7,25.5,48.8,26.2,4.4,5.6,47.8,7.2,8.7,36.3,63.7,"[{""score"": ""1 - 1"", ""pct"": 11.709999999999999}, {""score"": ""0 - 1"", ""pct"": 10.92}, {""score"": ""1 - 2"", ""pct"": 9.16}]"
Haiti,Morocco,Neutral,0.682,2.018,10.6,20.4,69.0,10.5,2.0,2.9,68.5,7.6,8.5,15.4,84.6,"[{""score"": ""0 - 1"", ""pct"": 14.16}, {""score"": ""0 - 2"", ""pct"": 13.44}, {""score"": ""1 - 2"", ""pct"": 9.17}]"
Haiti,Iraq,Neutral,1.301,1.399,33.3,27.6,39.1,33.4,5.6,7.0,39.3,6.4,8.3,46.0,54.0,"[{""score"": ""1 - 1"", ""pct"": 12.25}, {""score"": ""0 - 1"", ""pct"": 9.62}, {""score"": ""1 - 0"", ""pct"": 8.52}]"
Haiti,Tunisia,Neutral,1.3,1.4,34.6,27.3,38.1,34.3,6.1,7.2,38.2,6.4,7.8,47.6,52.4,"[{""score"": ""1 - 1"", ""pct"": 12.2}, {""score"": ""0 - 1"", ""pct"": 9.84}, {""score"": ""1 - 0"", ""pct"": 8.91}]"
Haiti,Qatar,Neutral,1.822,0.878,60.4,23.1,16.6,59.2,7.6,8.9,16.7,3.4,4.3,75.6,24.4,"[{""score"": ""1 - 0"", ""pct"": 13.08}, {""score"": ""2 - 0"", ""pct"": 10.91}, {""score"": ""1 - 1"", ""pct"": 10.209999999999999}]"
Haiti,Curaçao,Neutral,1.681,1.019,52.4,25.0,22.6,53.0,6.7,8.6,22.3,4.1,5.3,68.3,31.7,"[{""score"": ""1 - 0"", ""pct"": 11.53}, {""score"": ""1 - 1"", ""pct"": 11.37}, {""score"": ""2 - 1"", ""pct"": 9.6}]"
Haiti,Iran,Neutral,0.84,1.86,16.3,23.7,60.0,15.5,2.8,3.9,61.1,7.8,8.8,22.3,77.7,"[{""score"": ""0 - 1"", ""pct"": 12.7}, {""score"": ""0 - 2"", ""pct"": 10.870000000000001}, {""score"": ""1 - 1"", ""pct"": 10.56}]"
Haiti,South Korea,Neutral,0.876,1.824,16.4,23.5,60.1,17.1,3.1,4.0,60.0,7.4,8.4,24.2,75.9,"[{""score"": ""0 - 1"", ""pct"": 13.28}, {""score"": ""0 - 2"", ""pct"": 10.979999999999999}, {""score"": ""1 - 1"", ""pct"": 10.59}]"
Haiti,Ghana,Neutral,1.66,1.04,51.6,25.4,23.0,51.3,7.7,8.4,22.6,4.4,5.6,67.4,32.6,"[{""score"": ""1 - 0"", ""pct"": 12.25}, {""score"": ""1 - 1"", ""pct"": 12.01}, {""score"": ""2 - 1"", ""pct"": 9.370000000000001}]"
Haiti,Norway,Neutral,0.825,1.875,15.4,23.3,61.3,14.9,2.9,3.8,62.5,7.6,8.2,21.6,78.4,"[{""score"": ""0 - 1"", ""pct"": 12.479999999999999}, {""score"": ""0 - 2"", ""pct"": 11.41}, {""score"": ""1 - 1"", ""pct"": 10.57}]"
Haiti,England,Neutral,0.574,2.126,7.8,18.8,73.4,7.7,1.7,1.8,73.6,7.5,7.7,11.2,88.8,"[{""score"": ""0 - 2"", ""pct"": 15.160000000000002}, {""score"": ""0 - 1"", ""pct"": 14.549999999999999}, {""score"": ""0 - 3"", ""pct"": 10.41}]"
Haiti,Mexico,Neutral,0.72,1.98,11.1,21.3,67.6,11.7,2.2,3.1,67.3,7.4,8.3,17.1,82.9,"[{""score"": ""0 - 1"", ""pct"": 13.8}, {""score"": ""0 - 2"", ""pct"": 12.68}, {""score"": ""1 - 2"", ""pct"": 9.98}]"
Haiti,Austria,Neutral,1.071,1.629,23.5,26.1,50.4,23.4,4.2,5.3,51.2,7.1,8.7,32.9,67.1,"[{""score"": ""1 - 1"", ""pct"": 11.92}, {""score"": ""0 - 1"", ""pct"": 11.29}, {""score"": ""1 - 2"", ""pct"": 9.59}]"
Haiti,Panama,Neutral,0.976,1.724,20.2,24.5,55.3,20.2,4.1,5.2,54.4,7.7,8.4,29.5,70.5,"[{""score"": ""0 - 1"", ""pct"": 11.84}, {""score"": ""1 - 1"", ""pct"": 11.129999999999999}, {""score"": ""1 - 2"", ""pct"": 10.27}]"
Haiti,Bosnia and Herzegovina,Neutral,1.775,0.925,57.3,23.9,18.7,57.1,7.4,8.6,18.7,3.6,4.5,73.2,26.8,"[{""score"": ""1 - 0"", ""pct"": 12.139999999999999}, {""score"": ""1 - 1"", ""pct"": 10.85}, {""score"": ""2 - 0"", ""pct"": 10.190000000000001}]"
Haiti,Czech Republic,Neutral,1.316,1.384,34.9,26.7,38.4,34.4,5.8,7.8,37.8,6.6,7.5,48.0,52.0,"[{""score"": ""1 - 1"", ""pct"": 11.93}, {""score"": ""0 - 1"", ""pct"": 9.51}, {""score"": ""1 - 0"", ""pct"": 9.49}]"
Haiti,Switzerland,Neutral,0.874,1.826,17.0,23.3,59.7,16.8,3.1,4.4,60.1,7.3,8.3,24.3,75.7,"[{""score"": ""0 - 1"", ""pct"": 12.72}, {""score"": ""1 - 1"", ""pct"": 10.4}, {""score"": ""0 - 2"", ""pct"": 10.33}]"
Haiti,Argentina,Neutral,0.444,2.256,4.9,15.8,79.3,4.9,1.0,1.4,79.5,6.5,6.7,7.3,92.7,"[{""score"": ""0 - 2"", ""pct"": 17.16}, {""score"": ""0 - 1"", ""pct"": 15.379999999999999}, {""score"": ""0 - 3"", ""pct"": 12.65}]"
Haiti,Uzbekistan,Neutral,1.006,1.694,20.9,25.5,53.6,21.9,4.1,5.0,53.9,6.9,8.2,31.1,68.9,"[{""score"": ""1 - 1"", ""pct"": 11.64}, {""score"": ""0 - 1"", ""pct"": 11.53}, {""score"": ""1 - 2"", ""pct"": 9.9}]"
Haiti,Belgium,Neutral,0.855,1.845,15.3,23.2,61.5,16.2,3.1,3.9,61.0,7.8,8.1,23.2,76.8,"[{""score"": ""0 - 1"", ""pct"": 12.94}, {""score"": ""0 - 2"", ""pct"": 10.84}, {""score"": ""1 - 2"", ""pct"": 10.71}]"
Haiti,Australia,Neutral,0.807,1.893,14.4,22.4,63.1,14.3,2.7,3.5,63.1,7.5,8.9,20.5,79.5,"[{""score"": ""0 - 1"", ""pct"": 13.200000000000001}, {""score"": ""0 - 2"", ""pct"": 11.67}, {""score"": ""1 - 2"", ""pct"": 10.05}]"
Haiti,Paraguay,Neutral,0.884,1.816,17.0,23.9,59.0,16.7,2.8,4.3,59.8,7.6,8.8,23.7,76.3,"[{""score"": ""0 - 1"", ""pct"": 12.26}, {""score"": ""0 - 2"", ""pct"": 10.81}, {""score"": ""1 - 1"", ""pct"": 10.440000000000001}]"
Haiti,Egypt,Neutral,1.182,1.518,28.6,26.8,44.5,28.4,5.0,6.2,45.3,7.0,8.0,39.7,60.3,"[{""score"": ""1 - 1"", ""pct"": 11.940000000000001}, {""score"": ""0 - 1"", ""pct"": 10.91}, {""score"": ""1 - 2"", ""pct"": 8.91}]"
Haiti,Ecuador,Neutral,0.656,2.044,9.2,19.1,71.7,9.9,2.2,2.6,69.8,7.5,8.0,14.7,85.3,"[{""score"": ""0 - 1"", ""pct"": 14.549999999999999}, {""score"": ""0 - 2"", ""pct"": 13.91}, {""score"": ""1 - 2"", ""pct"": 9.47}]"
Haiti,Cape Verde,Neutral,1.616,1.084,50.0,25.8,24.3,50.0,6.6,8.1,24.7,4.6,5.9,64.8,35.2,"[{""score"": ""1 - 1"", ""pct"": 12.030000000000001}, {""score"": ""1 - 0"", ""pct"": 11.700000000000001}, {""score"": ""2 - 1"", ""pct"": 9.65}]"
Haiti,Germany,Neutral,0.752,1.948,12.7,21.3,66.0,12.7,2.5,3.1,65.6,7.4,8.6,18.4,81.6,"[{""score"": ""0 - 1"", ""pct"": 13.569999999999999}, {""score"": ""0 - 2"", ""pct"": 12.46}, {""score"": ""1 - 2"", ""pct"": 9.719999999999999}]"
Haiti,DR Congo,Neutral,1.266,1.434,32.9,26.2,40.8,32.6,5.7,6.6,40.5,6.9,7.7,44.9,55.1,"[{""score"": ""1 - 1"", ""pct"": 11.66}, {""score"": ""0 - 1"", ""pct"": 9.790000000000001}, {""score"": ""1 - 2"", ""pct"": 8.67}]"
Haiti,Croatia,Neutral,0.801,1.899,14.1,22.9,63.0,13.8,2.9,3.8,63.7,7.5,8.2,20.5,79.5,"[{""score"": ""0 - 1"", ""pct"": 13.05}, {""score"": ""0 - 2"", ""pct"": 12.139999999999999}, {""score"": ""1 - 1"", ""pct"": 9.86}]"
Haiti,Turkey,Neutral,0.843,1.857,15.3,23.3,61.5,15.2,3.0,4.4,61.6,7.1,8.7,22.6,77.4,"[{""score"": ""0 - 1"", ""pct"": 12.76}, {""score"": ""0 - 2"", ""pct"": 10.63}, {""score"": ""1 - 1"", ""pct"": 10.32}]"
Haiti,Uruguay,Neutral,0.749,1.951,12.6,21.4,66.0,12.6,2.4,3.4,66.0,7.3,8.3,18.4,81.6,"[{""score"": ""0 - 1"", ""pct"": 13.84}, {""score"": ""0 - 2"", ""pct"": 12.590000000000002}, {""score"": ""1 - 1"", ""pct"": 10.08}]"
Haiti,New Zealand,Neutral,1.392,1.308,38.6,27.9,33.5,38.9,6.2,7.4,34.1,5.9,7.6,52.5,47.5,"[{""score"": ""1 - 1"", ""pct"": 13.0}, {""score"": ""1 - 0"", ""pct"": 9.31}, {""score"": ""2 - 1"", ""pct"": 8.63}]"
Haiti,United States,Neutral,1.085,1.615,24.6,25.3,50.1,24.3,4.7,6.0,49.1,7.4,8.5,35.0,65.0,"[{""score"": ""0 - 1"", ""pct"": 11.58}, {""score"": ""1 - 1"", ""pct"": 11.34}, {""score"": ""1 - 2"", ""pct"": 9.58}]"
Haiti,Senegal,Neutral,0.866,1.834,15.9,23.8,60.4,16.3,3.2,4.2,60.5,7.4,8.4,23.7,76.3,"[{""score"": ""0 - 1"", ""pct"": 12.55}, {""score"": ""1 - 2"", ""pct"": 10.6}, {""score"": ""1 - 1"", ""pct"": 10.51}]"
Haiti,Brazil,Neutral,0.597,2.103,8.1,18.6,73.2,8.4,1.6,2.2,72.5,6.8,8.4,12.2,87.8,"[{""score"": ""0 - 2"", ""pct"": 15.25}, {""score"": ""0 - 1"", ""pct"": 15.129999999999999}, {""score"": ""0 - 3"", ""pct"": 9.65}]"
Haiti,Ivory Coast,Neutral,1.143,1.557,26.9,26.2,46.9,26.6,4.9,6.1,47.2,6.7,8.4,37.6,62.3,"[{""score"": ""1 - 1"", ""pct"": 11.559999999999999}, {""score"": ""0 - 1"", ""pct"": 10.879999999999999}, {""score"": ""1 - 2"", ""pct"": 9.44}]"
Haiti,France,Neutral,0.53,2.17,6.9,16.9,76.2,7.2,1.4,1.7,76.4,6.2,7.2,10.2,89.8,"[{""score"": ""0 - 2"", ""pct"": 15.98}, {""score"": ""0 - 1"", ""pct"": 15.440000000000001}, {""score"": ""0 - 3"", ""pct"": 10.79}]"
Spain,Netherlands,Neutral,1.927,0.773,64.9,21.7,13.4,65.1,7.6,8.2,13.1,2.7,3.4,80.8,19.2,"[{""score"": ""1 - 0"", ""pct"": 13.350000000000001}, {""score"": ""2 - 0"", ""pct"": 12.33}, {""score"": ""2 - 1"", ""pct"": 9.54}]"
Spain,South Africa,Neutral,2.329,0.371,82.2,14.0,3.9,81.9,5.9,6.8,3.9,0.7,0.9,94.6,5.4,"[{""score"": ""2 - 0"", ""pct"": 18.25}, {""score"": ""1 - 0"", ""pct"": 15.950000000000001}, {""score"": ""3 - 0"", ""pct"": 14.29}]"
Spain,Japan,Neutral,1.83,0.87,60.5,23.5,16.0,59.9,7.6,9.1,16.0,3.2,4.2,76.6,23.4,"[{""score"": ""1 - 0"", ""pct"": 13.34}, {""score"": ""2 - 0"", ""pct"": 11.15}, {""score"": ""1 - 1"", ""pct"": 10.59}]"
Spain,Scotland,Neutral,2.197,0.503,77.2,16.7,6.0,76.6,6.7,7.3,6.4,1.1,1.8,90.6,9.4,"[{""score"": ""2 - 0"", ""pct"": 16.43}, {""score"": ""1 - 0"", ""pct"": 15.53}, {""score"": ""3 - 0"", ""pct"": 11.52}]"
Spain,Algeria,Neutral,2.068,0.632,71.4,19.4,9.2,70.9,7.3,8.5,9.2,1.7,2.5,86.6,13.4,"[{""score"": ""2 - 0"", ""pct"": 14.93}, {""score"": ""1 - 0"", ""pct"": 14.42}, {""score"": ""3 - 0"", ""pct"": 9.44}]"
Spain,Canada,Neutral,2.063,0.637,71.6,19.6,8.8,71.0,7.3,8.4,9.1,1.7,2.6,86.7,13.3,"[{""score"": ""2 - 0"", ""pct"": 14.39}, {""score"": ""1 - 0"", ""pct"": 14.19}, {""score"": ""2 - 1"", ""pct"": 9.34}]"
Spain,Haiti,Neutral,2.272,0.428,80.1,15.2,4.7,80.1,6.0,6.9,4.8,1.0,1.2,93.0,7.0,"[{""score"": ""2 - 0"", ""pct"": 17.11}, {""score"": ""1 - 0"", ""pct"": 15.690000000000001}, {""score"": ""3 - 0"", ""pct"": 13.0}]"
Spain,Saudi Arabia,Neutral,2.293,0.407,80.2,15.5,4.3,81.2,6.0,6.3,4.5,0.8,1.1,93.6,6.4,"[{""score"": ""2 - 0"", ""pct"": 17.560000000000002}, {""score"": ""1 - 0"", ""pct"": 15.85}, {""score"": ""3 - 0"", ""pct"": 12.879999999999999}]"
Spain,Colombia,Neutral,1.755,0.945,57.3,25.0,17.6,55.9,7.7,9.3,18.6,3.8,4.8,72.8,27.2,"[{""score"": ""1 - 0"", ""pct"": 12.15}, {""score"": ""1 - 1"", ""pct"": 11.559999999999999}, {""score"": ""2 - 0"", ""pct"": 10.489999999999998}]"
Spain,Portugal,Neutral,1.824,0.876,59.2,24.5,16.2,60.3,7.6,8.2,16.4,3.3,4.2,76.1,23.9,"[{""score"": ""1 - 0"", ""pct"": 12.68}, {""score"": ""1 - 1"", ""pct"": 10.89}, {""score"": ""2 - 0"", ""pct"": 10.8}]"
Spain,Sweden,Neutral,2.294,0.406,81.0,14.6,4.3,81.1,5.9,6.6,4.4,0.8,1.1,93.7,6.3,"[{""score"": ""2 - 0"", ""pct"": 17.21}, {""score"": ""1 - 0"", ""pct"": 16.45}, {""score"": ""3 - 0"", ""pct"": 13.44}]"
Spain,Jordan,Neutral,2.187,0.513,77.1,16.8,6.1,76.6,6.8,7.0,6.4,1.3,1.9,90.5,9.5,"[{""score"": ""2 - 0"", ""pct"": 16.220000000000002}, {""score"": ""1 - 0"", ""pct"": 15.18}, {""score"": ""3 - 0"", ""pct"": 11.200000000000001}]"
Spain,Morocco,Neutral,1.867,0.833,62.0,22.4,15.5,62.7,7.3,8.8,14.7,2.8,3.9,78.7,21.3,"[{""score"": ""1 - 0"", ""pct"": 13.370000000000001}, {""score"": ""2 - 0"", ""pct"": 11.379999999999999}, {""score"": ""1 - 1"", ""pct"": 10.66}]"
Spain,Iraq,Neutral,2.257,0.443,79.0,15.9,5.1,79.4,6.5,7.0,4.9,0.9,1.2,93.0,7.0,"[{""score"": ""2 - 0"", ""pct"": 17.06}, {""score"": ""1 - 0"", ""pct"": 16.05}, {""score"": ""3 - 0"", ""pct"": 12.690000000000001}]"
Spain,Tunisia,Neutral,2.257,0.443,80.1,14.9,5.0,79.6,6.7,6.8,4.8,0.8,1.3,93.1,6.9,"[{""score"": ""2 - 0"", ""pct"": 17.16}, {""score"": ""1 - 0"", ""pct"": 15.950000000000001}, {""score"": ""3 - 0"", ""pct"": 12.44}]"
Spain,Qatar,Neutral,2.375,0.325,83.5,13.5,3.0,84.4,5.6,5.6,3.0,0.5,0.8,95.6,4.4,"[{""score"": ""2 - 0"", ""pct"": 19.31}, {""score"": ""1 - 0"", ""pct"": 16.45}, {""score"": ""3 - 0"", ""pct"": 14.81}]"
Spain,Curaçao,Neutral,2.351,0.349,83.5,13.2,3.2,82.8,6.1,6.1,3.4,0.6,1.0,95.0,5.0,"[{""score"": ""2 - 0"", ""pct"": 18.75}, {""score"": ""1 - 0"", ""pct"": 16.36}, {""score"": ""3 - 0"", ""pct"": 14.32}]"
Spain,Iran,Neutral,2.024,0.676,69.0,20.3,10.7,69.7,6.8,8.4,10.3,2.0,2.8,84.9,15.1,"[{""score"": ""2 - 0"", ""pct"": 13.81}, {""score"": ""1 - 0"", ""pct"": 13.65}, {""score"": ""2 - 1"", ""pct"": 9.82}]"
Spain,South Korea,Neutral,2.051,0.649,70.9,19.7,9.5,71.0,7.5,7.5,9.7,1.7,2.6,86.0,14.0,"[{""score"": ""1 - 0"", ""pct"": 14.74}, {""score"": ""2 - 0"", ""pct"": 13.780000000000001}, {""score"": ""3 - 0"", ""pct"": 9.58}]"
Spain,Ghana,Neutral,2.347,0.353,82.8,13.6,3.5,83.4,6.1,5.7,3.4,0.7,0.8,95.1,4.9,"[{""score"": ""2 - 0"", ""pct"": 18.57}, {""score"": ""1 - 0"", ""pct"": 16.21}, {""score"": ""3 - 0"", ""pct"": 14.030000000000001}]"
Spain,Norway,Neutral,2.012,0.688,68.4,20.7,10.9,68.7,7.4,7.9,11.0,2.2,2.8,84.0,16.0,"[{""score"": ""1 - 0"", ""pct"": 13.59}, {""score"": ""2 - 0"", ""pct"": 13.33}, {""score"": ""1 - 1"", ""pct"": 9.379999999999999}]"
Spain,England,Neutral,1.708,0.992,53.9,25.7,20.4,54.5,7.3,8.5,20.9,4.0,4.7,70.4,29.6,"[{""score"": ""1 - 1"", ""pct"": 11.66}, {""score"": ""1 - 0"", ""pct"": 11.32}, {""score"": ""2 - 1"", ""pct"": 9.950000000000001}]"
Spain,Mexico,Neutral,1.911,0.789,64.5,22.0,13.5,64.1,7.5,8.7,13.8,2.9,3.0,80.3,19.7,"[{""score"": ""1 - 0"", ""pct"": 13.66}, {""score"": ""2 - 0"", ""pct"": 12.120000000000001}, {""score"": ""1 - 1"", ""pct"": 10.12}]"
Spain,Austria,Neutral,2.167,0.533,75.2,18.2,6.6,76.3,6.9,7.1,6.8,1.2,1.7,90.4,9.6,"[{""score"": ""2 - 0"", ""pct"": 15.939999999999998}, {""score"": ""1 - 0"", ""pct"": 14.829999999999998}, {""score"": ""3 - 0"", ""pct"": 10.9}]"
Spain,Panama,Neutral,2.117,0.583,73.6,18.2,8.2,73.5,7.5,7.7,7.6,1.5,2.1,88.8,11.2,"[{""score"": ""2 - 0"", ""pct"": 15.25}, {""score"": ""1 - 0"", ""pct"": 14.45}, {""score"": ""3 - 0"", ""pct"": 10.69}]"
Spain,Bosnia and Herzegovina,Neutral,2.367,0.333,83.4,13.4,3.2,83.2,5.9,6.0,3.2,0.7,1.0,95.1,4.9,"[{""score"": ""2 - 0"", ""pct"": 18.360000000000003}, {""score"": ""1 - 0"", ""pct"": 16.88}, {""score"": ""3 - 0"", ""pct"": 14.34}]"
Spain,Czech Republic,Neutral,2.262,0.438,79.7,15.6,4.8,79.2,6.7,6.8,5.0,1.0,1.3,92.7,7.3,"[{""score"": ""2 - 0"", ""pct"": 17.2}, {""score"": ""1 - 0"", ""pct"": 15.790000000000001}, {""score"": ""3 - 0"", ""pct"": 12.83}]"
Spain,Switzerland,Neutral,2.05,0.65,70.4,19.7,9.9,70.9,7.6,7.6,9.3,1.8,2.7,86.1,13.9,"[{""score"": ""1 - 0"", ""pct"": 15.049999999999999}, {""score"": ""2 - 0"", ""pct"": 13.08}, {""score"": ""2 - 1"", ""pct"": 9.180000000000001}]"
Spain,Argentina,Neutral,1.401,1.299,38.8,26.6,34.5,38.5,6.2,8.1,34.8,5.6,7.0,52.7,47.3,"[{""score"": ""1 - 1"", ""pct"": 11.95}, {""score"": ""1 - 0"", ""pct"": 9.36}, {""score"": ""0 - 1"", ""pct"": 8.469999999999999}]"
Spain,Uzbekistan,Neutral,2.133,0.567,75.1,17.6,7.3,74.4,6.8,7.1,8.1,1.4,2.2,88.3,11.7,"[{""score"": ""1 - 0"", ""pct"": 15.459999999999999}, {""score"": ""2 - 0"", ""pct"": 14.78}, {""score"": ""3 - 0"", ""pct"": 10.68}]"
Spain,Belgium,Neutral,2.036,0.664,69.8,20.0,10.2,70.5,6.8,8.2,9.9,1.9,2.6,85.6,14.4,"[{""score"": ""1 - 0"", ""pct"": 14.04}, {""score"": ""2 - 0"", ""pct"": 13.59}, {""score"": ""2 - 1"", ""pct"": 9.28}]"
Spain,Australia,Neutral,1.997,0.703,68.6,20.6,10.7,68.9,7.6,8.3,10.5,2.0,2.7,84.8,15.2,"[{""score"": ""1 - 0"", ""pct"": 14.38}, {""score"": ""2 - 0"", ""pct"": 13.370000000000001}, {""score"": ""2 - 1"", ""pct"": 9.43}]"
Spain,Paraguay,Neutral,2.057,0.643,70.8,19.6,9.6,70.4,7.5,8.2,9.7,1.7,2.5,86.0,14.0,"[{""score"": ""2 - 0"", ""pct"": 14.399999999999999}, {""score"": ""1 - 0"", ""pct"": 14.29}, {""score"": ""3 - 0"", ""pct"": 9.09}]"
Spain,Egypt,Neutral,2.215,0.485,76.8,17.1,6.1,76.9,6.9,7.2,6.3,1.1,1.6,91.0,9.0,"[{""score"": ""2 - 0"", ""pct"": 16.29}, {""score"": ""1 - 0"", ""pct"": 15.440000000000001}, {""score"": ""3 - 0"", ""pct"": 11.959999999999999}]"
Spain,Ecuador,Neutral,1.834,0.866,60.6,22.7,16.7,61.2,7.3,8.3,16.5,3.0,3.7,76.8,23.2,"[{""score"": ""1 - 0"", ""pct"": 13.43}, {""score"": ""2 - 0"", ""pct"": 11.110000000000001}, {""score"": ""1 - 1"", ""pct"": 10.07}]"
Spain,Cape Verde,Neutral,2.338,0.362,82.5,14.3,3.2,83.2,6.0,5.9,3.3,0.8,0.8,95.0,5.0,"[{""score"": ""2 - 0"", ""pct"": 18.4}, {""score"": ""1 - 0"", ""pct"": 15.75}, {""score"": ""3 - 0"", ""pct"": 14.45}]"
Spain,Germany,Neutral,1.946,0.754,65.9,21.2,12.9,66.3,7.3,8.6,12.1,2.7,3.0,82.1,17.9,"[{""score"": ""1 - 0"", ""pct"": 14.360000000000001}, {""score"": ""2 - 0"", ""pct"": 12.47}, {""score"": ""1 - 1"", ""pct"": 9.629999999999999}]"
Spain,DR Congo,Neutral,2.245,0.455,78.2,16.2,5.5,78.8,6.3,7.2,5.3,1.0,1.5,92.2,7.8,"[{""score"": ""2 - 0"", ""pct"": 16.78}, {""score"": ""1 - 0"", ""pct"": 15.0}, {""score"": ""3 - 0"", ""pct"": 12.07}]"
Spain,Croatia,Neutral,1.991,0.709,68.8,20.5,10.8,67.2,7.8,8.5,11.3,2.3,2.9,83.4,16.6,"[{""score"": ""1 - 0"", ""pct"": 14.99}, {""score"": ""2 - 0"", ""pct"": 13.059999999999999}, {""score"": ""2 - 1"", ""pct"": 9.55}]"
Spain,Turkey,Neutral,2.026,0.674,69.8,19.9,10.3,69.4,7.4,8.3,10.4,1.9,2.6,85.1,14.9,"[{""score"": ""1 - 0"", ""pct"": 13.77}, {""score"": ""2 - 0"", ""pct"": 13.33}, {""score"": ""2 - 1"", ""pct"": 9.21}]"
Spain,Uruguay,Neutral,1.943,0.757,66.4,21.5,12.1,65.9,7.1,8.5,12.6,2.5,3.4,81.5,18.5,"[{""score"": ""1 - 0"", ""pct"": 13.600000000000001}, {""score"": ""2 - 0"", ""pct"": 12.839999999999998}, {""score"": ""1 - 1"", ""pct"": 10.01}]"
Spain,New Zealand,Neutral,2.284,0.416,80.8,14.5,4.8,81.2,5.7,6.3,4.7,0.9,1.1,93.3,6.7,"[{""score"": ""2 - 0"", ""pct"": 17.53}, {""score"": ""1 - 0"", ""pct"": 15.290000000000001}, {""score"": ""3 - 0"", ""pct"": 13.23}]"
Spain,United States,Neutral,2.174,0.526,76.1,17.0,6.9,75.9,7.1,7.1,6.8,1.4,1.8,90.0,10.0,"[{""score"": ""2 - 0"", ""pct"": 15.89}, {""score"": ""1 - 0"", ""pct"": 15.15}, {""score"": ""3 - 0"", ""pct"": 11.24}]"
Spain,Senegal,Neutral,2.044,0.656,70.3,19.8,9.9,70.2,7.0,7.8,10.3,1.9,2.8,85.0,15.0,"[{""score"": ""1 - 0"", ""pct"": 14.610000000000001}, {""score"": ""2 - 0"", ""pct"": 14.219999999999999}, {""score"": ""2 - 1"", ""pct"": 9.07}]"
Spain,Brazil,Neutral,1.746,0.954,55.9,24.7,19.4,56.0,7.8,8.6,19.2,3.7,4.8,72.3,27.7,"[{""score"": ""1 - 0"", ""pct"": 12.139999999999999}, {""score"": ""1 - 1"", ""pct"": 11.110000000000001}, {""score"": ""2 - 1"", ""pct"": 9.75}]"
Spain,Ivory Coast,Neutral,2.199,0.501,77.1,16.9,5.9,76.2,7.1,7.4,6.4,1.2,1.6,90.8,9.2,"[{""score"": ""2 - 0"", ""pct"": 16.35}, {""score"": ""1 - 0"", ""pct"": 15.7}, {""score"": ""3 - 0"", ""pct"": 11.469999999999999}]"
Spain,France,Neutral,1.623,1.077,49.0,26.1,25.0,49.9,7.1,8.5,24.0,4.5,5.9,65.5,34.5,"[{""score"": ""1 - 1"", ""pct"": 11.559999999999999}, {""score"": ""1 - 0"", ""pct"": 10.83}, {""score"": ""2 - 1"", ""pct"": 9.69}]"
Saudi Arabia,Netherlands,Neutral,0.686,2.014,10.2,20.5,69.2,10.5,2.1,2.5,68.9,7.5,8.5,15.1,84.9,"[{""score"": ""0 - 1"", ""pct"": 14.249999999999998}, {""score"": ""0 - 2"", ""pct"": 13.48}, {""score"": ""1 - 2"", ""pct"": 9.370000000000001}]"
Saudi Arabia,South Africa,Neutral,1.504,1.196,44.2,26.6,29.2,43.5,6.3,8.8,29.9,5.1,6.5,58.5,41.5,"[{""score"": ""1 - 1"", ""pct"": 12.27}, {""score"": ""1 - 0"", ""pct"": 10.639999999999999}, {""score"": ""2 - 1"", ""pct"": 8.7}]"
Saudi Arabia,Japan,Neutral,0.611,2.089,8.7,19.5,71.8,8.8,1.9,2.1,72.6,7.1,7.5,12.8,87.2,"[{""score"": ""0 - 1"", ""pct"": 14.95}, {""score"": ""0 - 2"", ""pct"": 13.950000000000001}, {""score"": ""0 - 3"", ""pct"": 10.11}]"
Saudi Arabia,Scotland,Neutral,1.069,1.631,23.6,26.3,50.1,23.1,4.3,5.6,50.5,7.6,8.9,33.1,66.9,"[{""score"": ""1 - 1"", ""pct"": 11.799999999999999}, {""score"": ""0 - 1"", ""pct"": 11.379999999999999}, {""score"": ""1 - 2"", ""pct"": 9.42}]"
Saudi Arabia,Algeria,Neutral,0.84,1.86,15.8,22.9,61.3,14.9,3.1,4.1,61.4,7.8,8.7,22.1,77.9,"[{""score"": ""0 - 1"", ""pct"": 12.97}, {""score"": ""0 - 2"", ""pct"": 11.41}, {""score"": ""1 - 1"", ""pct"": 10.15}]"
Saudi Arabia,Canada,Neutral,0.833,1.867,15.8,23.4,60.8,14.3,3.0,3.8,62.4,7.5,9.0,21.1,78.8,"[{""score"": ""0 - 1"", ""pct"": 12.49}, {""score"": ""0 - 2"", ""pct"": 11.51}, {""score"": ""1 - 1"", ""pct"": 10.59}]"
Saudi Arabia,Haiti,Neutral,1.277,1.423,33.4,27.2,39.3,32.2,6.1,7.2,40.5,6.2,7.8,45.5,54.5,"[{""score"": ""1 - 1"", ""pct"": 12.620000000000001}, {""score"": ""0 - 1"", ""pct"": 9.78}, {""score"": ""1 - 0"", ""pct"": 8.95}]"
Saudi Arabia,Spain,Neutral,0.407,2.293,4.5,14.6,80.9,3.8,0.8,1.5,80.6,6.8,6.5,6.1,93.9,"[{""score"": ""0 - 2"", ""pct"": 17.810000000000002}, {""score"": ""0 - 1"", ""pct"": 16.619999999999997}, {""score"": ""0 - 3"", ""pct"": 13.420000000000002}]"
Saudi Arabia,Colombia,Neutral,0.565,2.135,7.7,18.3,74.1,7.9,1.5,2.2,74.1,6.9,7.3,11.7,88.3,"[{""score"": ""0 - 1"", ""pct"": 14.719999999999999}, {""score"": ""0 - 2"", ""pct"": 14.64}, {""score"": ""0 - 3"", ""pct"": 10.84}]"
Saudi Arabia,Portugal,Neutral,0.607,2.093,8.7,18.3,73.0,8.8,1.8,2.5,71.8,6.9,8.3,13.0,87.0,"[{""score"": ""0 - 1"", ""pct"": 15.27}, {""score"": ""0 - 2"", ""pct"": 14.829999999999998}, {""score"": ""0 - 3"", ""pct"": 9.24}]"
Saudi Arabia,Sweden,Neutral,1.356,1.344,37.0,27.2,35.8,37.1,5.9,7.1,35.6,6.4,7.9,50.1,49.9,"[{""score"": ""1 - 1"", ""pct"": 12.08}, {""score"": ""1 - 0"", ""pct"": 9.25}, {""score"": ""0 - 1"", ""pct"": 9.22}]"
Saudi Arabia,Jordan,Neutral,1.047,1.653,23.0,25.7,51.3,22.9,3.9,5.4,52.0,7.2,8.6,32.2,67.8,"[{""score"": ""0 - 1"", ""pct"": 11.600000000000001}, {""score"": ""1 - 1"", ""pct"": 11.4}, {""score"": ""1 - 2"", ""pct"": 9.74}]"
Saudi Arabia,Morocco,Neutral,0.638,2.062,9.6,19.4,71.0,9.4,1.8,2.5,70.5,7.5,8.2,13.8,86.2,"[{""score"": ""0 - 2"", ""pct"": 14.430000000000001}, {""score"": ""0 - 1"", ""pct"": 14.149999999999999}, {""score"": ""0 - 3"", ""pct"": 9.56}]"
Saudi Arabia,Iraq,Neutral,1.229,1.471,30.8,26.8,42.4,30.2,5.2,7.2,43.0,6.6,7.7,42.6,57.4,"[{""score"": ""1 - 1"", ""pct"": 12.29}, {""score"": ""0 - 1"", ""pct"": 10.03}, {""score"": ""1 - 2"", ""pct"": 9.11}]"
Saudi Arabia,Tunisia,Neutral,1.228,1.472,30.8,27.3,41.8,30.9,5.7,7.0,42.2,6.4,7.9,43.5,56.5,"[{""score"": ""1 - 1"", ""pct"": 12.65}, {""score"": ""0 - 1"", ""pct"": 10.09}, {""score"": ""1 - 2"", ""pct"": 8.77}]"
Saudi Arabia,Qatar,Neutral,1.761,0.939,57.2,23.9,18.9,56.7,7.4,8.9,18.9,3.8,4.3,73.0,27.0,"[{""score"": ""1 - 0"", ""pct"": 11.73}, {""score"": ""1 - 1"", ""pct"": 11.020000000000001}, {""score"": ""2 - 0"", ""pct"": 10.57}]"
Saudi Arabia,Curaçao,Neutral,1.614,1.086,49.5,26.0,24.5,49.6,7.2,8.5,24.2,4.7,5.7,65.4,34.6,"[{""score"": ""1 - 1"", ""pct"": 11.29}, {""score"": ""1 - 0"", ""pct"": 11.17}, {""score"": ""2 - 1"", ""pct"": 9.33}]"
Saudi Arabia,Iran,Neutral,0.785,1.915,13.1,22.0,65.0,13.1,2.7,3.7,64.6,7.3,8.6,19.5,80.5,"[{""score"": ""0 - 1"", ""pct"": 12.97}, {""score"": ""0 - 2"", ""pct"": 12.43}, {""score"": ""1 - 1"", ""pct"": 10.13}]"
Saudi Arabia,South Korea,Neutral,0.818,1.882,14.6,23.2,62.2,15.2,2.8,3.9,62.1,7.5,8.6,21.9,78.1,"[{""score"": ""0 - 1"", ""pct"": 12.870000000000001}, {""score"": ""0 - 2"", ""pct"": 11.899999999999999}, {""score"": ""1 - 1"", ""pct"": 10.63}]"
Saudi Arabia,Ghana,Neutral,1.591,1.109,48.4,26.4,25.2,48.4,7.1,8.7,25.5,4.5,5.8,64.2,35.8,"[{""score"": ""1 - 1"", ""pct"": 11.95}, {""score"": ""1 - 0"", ""pct"": 10.92}, {""score"": ""2 - 1"", ""pct"": 9.64}]"
Saudi Arabia,Norway,Neutral,0.771,1.929,13.5,22.3,64.2,13.5,2.4,3.4,65.1,7.4,8.2,19.3,80.7,"[{""score"": ""0 - 1"", ""pct"": 13.52}, {""score"": ""0 - 2"", ""pct"": 12.36}, {""score"": ""1 - 1"", ""pct"": 9.790000000000001}]"
Saudi Arabia,England,Neutral,0.539,2.161,7.1,17.5,75.4,6.8,1.4,1.9,76.2,7.0,6.7,10.1,89.9,"[{""score"": ""0 - 2"", ""pct"": 15.310000000000002}, {""score"": ""0 - 1"", ""pct"": 14.729999999999999}, {""score"": ""0 - 3"", ""pct"": 10.96}]"
Saudi Arabia,Mexico,Neutral,0.673,2.027,10.3,19.8,69.9,10.4,1.7,2.5,69.6,7.2,8.5,14.6,85.4,"[{""score"": ""0 - 1"", ""pct"": 14.540000000000001}, {""score"": ""0 - 2"", ""pct"": 13.819999999999999}, {""score"": ""1 - 2"", ""pct"": 9.44}]"
Saudi Arabia,Austria,Neutral,1.004,1.696,21.2,25.9,53.0,20.9,4.0,5.0,54.0,7.1,9.0,29.9,70.1,"[{""score"": ""1 - 1"", ""pct"": 11.85}, {""score"": ""0 - 1"", ""pct"": 11.53}, {""score"": ""1 - 2"", ""pct"": 9.92}]"
Saudi Arabia,Panama,Neutral,0.913,1.787,18.1,23.9,58.0,18.2,3.6,4.5,57.3,7.8,8.7,26.3,73.7,"[{""score"": ""0 - 1"", ""pct"": 12.2}, {""score"": ""0 - 2"", ""pct"": 10.61}, {""score"": ""1 - 1"", ""pct"": 10.52}]"
Saudi Arabia,Bosnia and Herzegovina,Neutral,1.711,0.989,54.3,24.9,20.8,53.9,7.2,8.7,21.0,3.8,5.3,69.8,30.2,"[{""score"": ""1 - 0"", ""pct"": 11.84}, {""score"": ""1 - 1"", ""pct"": 11.129999999999999}, {""score"": ""2 - 0"", ""pct"": 9.91}]"
Saudi Arabia,Czech Republic,Neutral,1.244,1.456,31.6,26.1,42.3,31.6,5.6,6.7,40.8,6.9,8.3,43.9,56.0,"[{""score"": ""1 - 1"", ""pct"": 11.87}, {""score"": ""0 - 1"", ""pct"": 10.280000000000001}, {""score"": ""1 - 2"", ""pct"": 8.99}]"
Saudi Arabia,Switzerland,Neutral,0.816,1.884,14.4,22.8,62.8,14.1,2.9,4.1,62.9,7.4,8.6,21.2,78.8,"[{""score"": ""0 - 1"", ""pct"": 13.36}, {""score"": ""0 - 2"", ""pct"": 11.97}, {""score"": ""1 - 1"", ""pct"": 10.209999999999999}]"
Saudi Arabia,Argentina,Neutral,0.421,2.279,4.5,15.8,79.7,4.3,0.8,1.2,80.8,6.5,6.4,6.4,93.6,"[{""score"": ""0 - 2"", ""pct"": 17.299999999999997}, {""score"": ""0 - 1"", ""pct"": 15.1}, {""score"": ""0 - 3"", ""pct"": 12.46}]"
Saudi Arabia,Uzbekistan,Neutral,0.942,1.758,19.2,24.1,56.8,19.4,3.6,4.6,56.3,7.4,8.7,27.6,72.3,"[{""score"": ""0 - 1"", ""pct"": 12.25}, {""score"": ""1 - 1"", ""pct"": 10.67}, {""score"": ""1 - 2"", ""pct"": 10.34}]"
Saudi Arabia,Belgium,Neutral,0.798,1.902,14.0,22.2,63.8,13.8,2.6,3.6,64.7,7.1,8.2,20.0,80.0,"[{""score"": ""0 - 1"", ""pct"": 13.79}, {""score"": ""0 - 2"", ""pct"": 11.39}, {""score"": ""1 - 2"", ""pct"": 9.84}]"
Saudi Arabia,Australia,Neutral,0.754,1.946,12.4,21.5,66.1,12.4,2.4,3.1,66.1,7.9,8.0,18.0,82.0,"[{""score"": ""0 - 1"", ""pct"": 13.22}, {""score"": ""0 - 2"", ""pct"": 12.82}, {""score"": ""1 - 2"", ""pct"": 9.75}]"
Saudi Arabia,Paraguay,Neutral,0.826,1.874,15.1,22.4,62.4,14.3,2.7,3.8,63.0,7.4,8.8,20.9,79.1,"[{""score"": ""0 - 1"", ""pct"": 12.75}, {""score"": ""0 - 2"", ""pct"": 11.62}, {""score"": ""1 - 2"", ""pct"": 10.16}]"
Saudi Arabia,Egypt,Neutral,1.112,1.588,25.8,26.1,48.1,25.3,4.5,5.9,48.8,7.0,8.4,35.7,64.3,"[{""score"": ""1 - 1"", ""pct"": 11.75}, {""score"": ""0 - 1"", ""pct"": 10.870000000000001}, {""score"": ""1 - 2"", ""pct"": 9.39}]"
Saudi Arabia,Ecuador,Neutral,0.614,2.086,8.7,18.7,72.6,8.6,1.6,2.2,72.0,7.4,8.1,12.4,87.6,"[{""score"": ""0 - 2"", ""pct"": 14.44}, {""score"": ""0 - 1"", ""pct"": 13.889999999999999}, {""score"": ""0 - 3"", ""pct"": 9.68}]"
Saudi Arabia,Cape Verde,Neutral,1.546,1.154,44.9,27.4,27.7,46.0,6.7,8.5,27.9,5.0,5.9,61.2,38.8,"[{""score"": ""1 - 1"", ""pct"": 12.540000000000001}, {""score"": ""1 - 0"", ""pct"": 10.66}, {""score"": ""2 - 1"", ""pct"": 9.139999999999999}]"
Saudi Arabia,Germany,Neutral,0.703,1.997,11.5,20.4,68.1,11.4,2.1,2.9,68.4,7.2,8.1,16.4,83.7,"[{""score"": ""0 - 1"", ""pct"": 13.61}, {""score"": ""0 - 2"", ""pct"": 13.07}, {""score"": ""1 - 2"", ""pct"": 9.959999999999999}]"
Saudi Arabia,DR Congo,Neutral,1.194,1.506,29.8,27.1,43.2,28.6,4.8,6.1,45.3,6.8,8.4,39.5,60.5,"[{""score"": ""1 - 1"", ""pct"": 12.22}, {""score"": ""0 - 1"", ""pct"": 10.4}, {""score"": ""1 - 2"", ""pct"": 9.08}]"
Saudi Arabia,Croatia,Neutral,0.748,1.952,12.7,21.2,66.1,12.5,2.3,3.2,66.1,7.7,8.2,18.0,82.0,"[{""score"": ""0 - 1"", ""pct"": 13.66}, {""score"": ""0 - 2"", ""pct"": 12.91}, {""score"": ""1 - 1"", ""pct"": 9.610000000000001}]"
Saudi Arabia,Turkey,Neutral,0.787,1.913,13.7,22.0,64.3,13.5,2.6,3.5,64.7,7.8,7.9,19.6,80.4,"[{""score"": ""0 - 1"", ""pct"": 13.4}, {""score"": ""0 - 2"", ""pct"": 12.72}, {""score"": ""1 - 1"", ""pct"": 10.2}]"
Saudi Arabia,Uruguay,Neutral,0.7,2.0,10.9,20.6,68.5,11.9,2.2,2.8,67.0,7.4,8.6,17.0,83.0,"[{""score"": ""0 - 1"", ""pct"": 14.04}, {""score"": ""0 - 2"", ""pct"": 13.94}, {""score"": ""1 - 2"", ""pct"": 9.89}]"
Saudi Arabia,New Zealand,Neutral,1.32,1.38,35.5,27.0,37.5,34.8,5.7,7.6,38.1,6.3,7.5,48.1,51.9,"[{""score"": ""1 - 1"", ""pct"": 12.19}, {""score"": ""0 - 1"", ""pct"": 9.569999999999999}, {""score"": ""1 - 0"", ""pct"": 9.25}]"
Saudi Arabia,United States,Neutral,1.018,1.682,22.1,25.2,52.7,21.7,4.4,5.4,52.5,7.5,8.5,31.5,68.5,"[{""score"": ""0 - 1"", ""pct"": 12.06}, {""score"": ""1 - 1"", ""pct"": 11.709999999999999}, {""score"": ""0 - 2"", ""pct"": 9.19}]"
Saudi Arabia,Senegal,Neutral,0.809,1.891,13.7,22.6,63.7,14.5,2.5,3.6,63.2,7.4,8.8,20.6,79.4,"[{""score"": ""0 - 1"", ""pct"": 13.19}, {""score"": ""0 - 2"", ""pct"": 11.93}, {""score"": ""1 - 1"", ""pct"": 10.14}]"
Saudi Arabia,Brazil,Neutral,0.56,2.14,7.1,17.9,75.0,7.7,1.5,2.1,74.3,7.0,7.4,11.3,88.7,"[{""score"": ""0 - 2"", ""pct"": 16.48}, {""score"": ""0 - 1"", ""pct"": 15.379999999999999}, {""score"": ""0 - 3"", ""pct"": 10.42}]"
Saudi Arabia,Ivory Coast,Neutral,1.074,1.626,23.7,25.7,50.6,24.1,4.4,5.6,49.5,7.2,9.1,34.1,65.9,"[{""score"": ""1 - 1"", ""pct"": 11.68}, {""score"": ""0 - 1"", ""pct"": 11.469999999999999}, {""score"": ""1 - 2"", ""pct"": 9.719999999999999}]"
Saudi Arabia,France,Neutral,0.5,2.2,6.0,17.6,76.4,6.1,1.2,1.7,77.2,6.7,7.1,9.0,91.0,"[{""score"": ""0 - 2"", ""pct"": 15.85}, {""score"": ""0 - 1"", ""pct"": 15.709999999999999}, {""score"": ""0 - 3"", ""pct"": 11.06}]"
Colombia,Netherlands,Neutral,1.563,1.137,46.2,26.3,27.5,45.9,7.2,8.7,27.3,4.9,6.0,61.7,38.3,"[{""score"": ""1 - 1"", ""pct"": 11.88}, {""score"": ""1 - 0"", ""pct"": 10.31}, {""score"": ""2 - 1"", ""pct"": 9.73}]"
Colombia,South Africa,Neutral,2.204,0.496,78.2,16.1,5.7,77.7,6.6,6.9,6.0,1.2,1.5,91.3,8.7,"[{""score"": ""2 - 0"", ""pct"": 16.68}, {""score"": ""1 - 0"", ""pct"": 15.740000000000002}, {""score"": ""3 - 0"", ""pct"": 11.43}]"
Colombia,Japan,Neutral,1.439,1.261,40.4,27.2,32.5,39.9,6.3,8.1,32.8,5.8,7.1,54.3,45.7,"[{""score"": ""1 - 1"", ""pct"": 12.540000000000001}, {""score"": ""1 - 0"", ""pct"": 9.66}, {""score"": ""0 - 1"", ""pct"": 8.799999999999999}]"
Colombia,Scotland,Neutral,1.967,0.733,67.1,21.1,11.8,66.5,7.3,8.6,12.4,2.4,2.9,82.3,17.7,"[{""score"": ""1 - 0"", ""pct"": 13.639999999999999}, {""score"": ""2 - 0"", ""pct"": 12.879999999999999}, {""score"": ""2 - 1"", ""pct"": 9.91}]"
Colombia,Algeria,Neutral,1.762,0.938,58.3,23.5,18.2,56.8,8.0,8.4,18.6,3.6,4.7,73.2,26.8,"[{""score"": ""1 - 0"", ""pct"": 12.590000000000002}, {""score"": ""1 - 1"", ""pct"": 10.65}, {""score"": ""2 - 0"", ""pct"": 10.16}]"
Colombia,Canada,Neutral,1.754,0.946,56.2,24.4,19.5,56.9,7.0,8.0,18.9,3.9,5.2,71.9,28.1,"[{""score"": ""1 - 0"", ""pct"": 11.700000000000001}, {""score"": ""1 - 1"", ""pct"": 10.71}, {""score"": ""2 - 0"", ""pct"": 10.33}]"
Colombia,Haiti,Neutral,2.098,0.602,72.5,19.1,8.4,72.7,7.0,8.1,8.4,1.6,2.2,87.8,12.2,"[{""score"": ""1 - 0"", ""pct"": 14.64}, {""score"": ""2 - 0"", ""pct"": 14.59}, {""score"": ""3 - 0"", ""pct"": 9.629999999999999}]"
Colombia,Spain,Neutral,0.945,1.755,19.7,24.1,56.2,19.5,3.8,4.7,56.1,7.1,8.8,28.0,72.0,"[{""score"": ""0 - 1"", ""pct"": 11.73}, {""score"": ""1 - 1"", ""pct"": 10.879999999999999}, {""score"": ""1 - 2"", ""pct"": 10.280000000000001}]"
Colombia,Saudi Arabia,Neutral,2.135,0.565,74.9,18.0,7.1,73.8,7.3,7.5,8.0,1.5,1.9,88.6,11.4,"[{""score"": ""1 - 0"", ""pct"": 15.21}, {""score"": ""2 - 0"", ""pct"": 14.85}, {""score"": ""3 - 0"", ""pct"": 10.84}]"
Colombia,Portugal,Neutral,1.432,1.268,41.2,27.0,31.9,39.8,6.7,8.4,32.1,5.8,7.3,54.8,45.2,"[{""score"": ""1 - 1"", ""pct"": 12.049999999999999}, {""score"": ""1 - 0"", ""pct"": 9.71}, {""score"": ""2 - 1"", ""pct"": 8.59}]"
Colombia,Sweden,Neutral,2.138,0.562,74.4,18.0,7.6,74.3,7.2,7.4,7.5,1.5,2.0,88.9,11.1,"[{""score"": ""2 - 0"", ""pct"": 15.120000000000001}, {""score"": ""1 - 0"", ""pct"": 14.280000000000001}, {""score"": ""3 - 0"", ""pct"": 10.530000000000001}]"
Colombia,Jordan,Neutral,1.95,0.75,65.9,21.1,12.9,66.7,7.5,8.1,12.5,2.3,2.9,82.3,17.7,"[{""score"": ""1 - 0"", ""pct"": 13.77}, {""score"": ""2 - 0"", ""pct"": 12.4}, {""score"": ""2 - 1"", ""pct"": 10.12}]"
Colombia,Morocco,Neutral,1.486,1.214,42.2,27.5,30.4,43.0,6.3,7.8,30.6,5.4,6.8,57.1,42.9,"[{""score"": ""1 - 1"", ""pct"": 12.45}, {""score"": ""1 - 0"", ""pct"": 9.77}, {""score"": ""2 - 1"", ""pct"": 8.76}]"
Colombia,Iraq,Neutral,2.071,0.629,71.0,19.4,9.6,71.3,7.1,8.0,9.3,1.9,2.3,86.4,13.6,"[{""score"": ""1 - 0"", ""pct"": 14.44}, {""score"": ""2 - 0"", ""pct"": 14.280000000000001}, {""score"": ""3 - 0"", ""pct"": 9.879999999999999}]"
Colombia,Tunisia,Neutral,2.07,0.63,71.8,19.3,9.0,71.9,7.0,7.7,9.3,1.8,2.2,86.6,13.4,"[{""score"": ""2 - 0"", ""pct"": 14.69}, {""score"": ""1 - 0"", ""pct"": 14.27}, {""score"": ""2 - 1"", ""pct"": 9.610000000000001}]"
Colombia,Qatar,Neutral,2.294,0.406,80.8,14.9,4.3,80.8,6.1,6.8,4.5,0.9,0.9,93.7,6.3,"[{""score"": ""2 - 0"", ""pct"": 18.27}, {""score"": ""1 - 0"", ""pct"": 15.86}, {""score"": ""3 - 0"", ""pct"": 12.989999999999998}]"
Colombia,Curaçao,Neutral,2.246,0.454,79.2,15.5,5.3,79.6,6.6,6.6,5.0,0.9,1.2,92.8,7.2,"[{""score"": ""2 - 0"", ""pct"": 16.77}, {""score"": ""1 - 0"", ""pct"": 15.909999999999998}, {""score"": ""3 - 0"", ""pct"": 11.959999999999999}]"
Colombia,Iran,Neutral,1.697,1.003,53.5,24.6,21.9,54.3,7.5,8.6,20.7,3.9,5.0,70.4,29.6,"[{""score"": ""1 - 0"", ""pct"": 11.64}, {""score"": ""1 - 1"", ""pct"": 11.53}, {""score"": ""2 - 1"", ""pct"": 10.0}]"
Colombia,South Korea,Neutral,1.737,0.963,54.8,25.1,20.1,56.1,7.3,8.7,19.3,3.7,4.9,72.1,27.9,"[{""score"": ""1 - 0"", ""pct"": 12.45}, {""score"": ""1 - 1"", ""pct"": 11.64}, {""score"": ""2 - 0"", ""pct"": 9.65}]"
Colombia,Ghana,Neutral,2.238,0.462,79.3,14.9,5.8,78.5,6.5,6.8,5.5,1.0,1.6,91.8,8.2,"[{""score"": ""2 - 0"", ""pct"": 17.1}, {""score"": ""1 - 0"", ""pct"": 15.6}, {""score"": ""3 - 0"", ""pct"": 12.55}]"
Colombia,Norway,Neutral,1.681,1.019,52.1,25.9,22.0,53.3,7.7,8.2,21.2,4.0,5.6,69.3,30.7,"[{""score"": ""1 - 1"", ""pct"": 11.73}, {""score"": ""1 - 0"", ""pct"": 11.27}, {""score"": ""2 - 1"", ""pct"": 10.01}]"
Colombia,England,Neutral,1.297,1.403,33.9,27.0,39.1,33.1,5.7,7.1,40.3,6.1,7.7,45.9,54.1,"[{""score"": ""1 - 1"", ""pct"": 12.24}, {""score"": ""0 - 1"", ""pct"": 9.87}, {""score"": ""1 - 0"", ""pct"": 8.83}]"
Colombia,Mexico,Neutral,1.542,1.158,46.9,26.1,27.0,46.0,7.0,8.3,27.5,5.0,6.3,61.2,38.8,"[{""score"": ""1 - 1"", ""pct"": 11.5}, {""score"": ""1 - 0"", ""pct"": 10.84}, {""score"": ""2 - 1"", ""pct"": 9.58}]"
Colombia,Austria,Neutral,1.916,0.784,64.5,22.4,13.1,64.0,8.0,8.2,13.6,2.8,3.5,80.1,19.9,"[{""score"": ""1 - 0"", ""pct"": 13.96}, {""score"": ""2 - 0"", ""pct"": 11.83}, {""score"": ""1 - 1"", ""pct"": 10.27}]"
Colombia,Panama,Neutral,1.836,0.864,60.7,23.6,15.7,61.0,7.7,8.4,16.0,3.0,3.9,77.0,22.9,"[{""score"": ""1 - 0"", ""pct"": 13.01}, {""score"": ""2 - 0"", ""pct"": 11.28}, {""score"": ""1 - 1"", ""pct"": 10.56}]"
Colombia,Bosnia and Herzegovina,Neutral,2.279,0.421,80.7,14.8,4.6,80.2,6.6,6.3,4.5,1.0,1.3,93.1,6.9,"[{""score"": ""2 - 0"", ""pct"": 17.53}, {""score"": ""1 - 0"", ""pct"": 15.8}, {""score"": ""3 - 0"", ""pct"": 13.05}]"
Colombia,Czech Republic,Neutral,2.079,0.621,71.8,19.3,8.9,71.6,7.7,7.6,8.9,1.8,2.4,86.9,13.1,"[{""score"": ""1 - 0"", ""pct"": 14.24}, {""score"": ""2 - 0"", ""pct"": 13.81}, {""score"": ""3 - 0"", ""pct"": 9.68}]"
Colombia,Switzerland,Neutral,1.735,0.965,55.4,25.4,19.3,55.2,7.6,8.8,19.9,3.6,4.8,71.7,28.3,"[{""score"": ""1 - 0"", ""pct"": 12.4}, {""score"": ""1 - 1"", ""pct"": 11.4}, {""score"": ""2 - 0"", ""pct"": 9.790000000000001}]"
Colombia,Argentina,Neutral,0.989,1.711,20.6,24.4,55.0,21.5,3.6,5.0,53.7,7.6,8.6,30.1,69.9,"[{""score"": ""0 - 1"", ""pct"": 12.21}, {""score"": ""1 - 1"", ""pct"": 10.780000000000001}, {""score"": ""1 - 2"", ""pct"": 9.66}]"
Colombia,Uzbekistan,Neutral,1.863,0.837,62.1,22.5,15.4,62.6,7.1,8.1,15.3,3.2,3.7,77.8,22.2,"[{""score"": ""1 - 0"", ""pct"": 12.950000000000001}, {""score"": ""2 - 0"", ""pct"": 11.83}, {""score"": ""2 - 1"", ""pct"": 9.959999999999999}]"
Colombia,Belgium,Neutral,1.714,0.986,54.0,24.9,21.0,53.5,7.9,8.5,21.4,3.8,4.9,70.0,30.0,"[{""score"": ""1 - 0"", ""pct"": 11.799999999999999}, {""score"": ""1 - 1"", ""pct"": 11.32}, {""score"": ""2 - 0"", ""pct"": 9.91}]"
Colombia,Australia,Neutral,1.658,1.042,51.9,25.4,22.7,51.3,7.4,8.7,23.1,4.0,5.5,67.4,32.6,"[{""score"": ""1 - 0"", ""pct"": 11.92}, {""score"": ""1 - 1"", ""pct"": 11.0}, {""score"": ""2 - 1"", ""pct"": 9.34}]"
Colombia,Paraguay,Neutral,1.746,0.954,56.0,24.7,19.3,55.5,7.6,8.9,19.9,3.4,4.8,72.0,28.0,"[{""score"": ""1 - 0"", ""pct"": 12.280000000000001}, {""score"": ""1 - 1"", ""pct"": 10.85}, {""score"": ""2 - 0"", ""pct"": 10.09}]"
Colombia,Egypt,Neutral,1.997,0.703,68.4,21.2,10.4,67.5,7.6,8.4,11.2,2.0,3.2,83.6,16.4,"[{""score"": ""1 - 0"", ""pct"": 14.510000000000002}, {""score"": ""2 - 0"", ""pct"": 12.959999999999999}, {""score"": ""2 - 1"", ""pct"": 9.6}]"
Colombia,Ecuador,Neutral,1.444,1.256,41.2,27.1,31.7,41.6,6.3,7.4,32.3,5.5,6.9,55.4,44.6,"[{""score"": ""1 - 1"", ""pct"": 12.540000000000001}, {""score"": ""1 - 0"", ""pct"": 9.84}, {""score"": ""2 - 1"", ""pct"": 8.34}]"
Colombia,Cape Verde,Neutral,2.221,0.479,77.8,16.6,5.6,78.9,6.4,6.5,5.7,1.0,1.5,91.8,8.2,"[{""score"": ""2 - 0"", ""pct"": 16.46}, {""score"": ""1 - 0"", ""pct"": 15.559999999999999}, {""score"": ""3 - 0"", ""pct"": 12.58}]"
Colombia,Germany,Neutral,1.588,1.112,47.9,26.0,26.1,48.0,7.0,8.4,26.1,4.7,5.9,63.4,36.6,"[{""score"": ""1 - 1"", ""pct"": 11.98}, {""score"": ""1 - 0"", ""pct"": 11.4}, {""score"": ""2 - 1"", ""pct"": 8.94}]"
Colombia,DR Congo,Neutral,2.05,0.65,71.3,19.7,9.1,71.1,6.7,7.9,9.8,1.8,2.7,85.7,14.3,"[{""score"": ""1 - 0"", ""pct"": 14.78}, {""score"": ""2 - 0"", ""pct"": 13.919999999999998}, {""score"": ""2 - 1"", ""pct"": 9.77}]"
Colombia,Croatia,Neutral,1.651,1.049,50.8,25.8,23.4,50.7,7.4,8.9,22.8,4.3,5.9,67.0,33.0,"[{""score"": ""1 - 1"", ""pct"": 12.04}, {""score"": ""1 - 0"", ""pct"": 11.04}, {""score"": ""2 - 1"", ""pct"": 9.65}]"
Colombia,Turkey,Neutral,1.7,1.0,53.8,24.8,21.4,53.8,7.4,8.3,21.3,3.7,5.4,69.6,30.4,"[{""score"": ""1 - 0"", ""pct"": 11.91}, {""score"": ""1 - 1"", ""pct"": 10.85}, {""score"": ""2 - 1"", ""pct"": 9.950000000000001}]"
Colombia,Uruguay,Neutral,1.584,1.116,47.5,26.5,26.0,47.6,7.1,8.3,26.8,4.4,5.7,63.1,36.9,"[{""score"": ""1 - 1"", ""pct"": 12.120000000000001}, {""score"": ""1 - 0"", ""pct"": 11.200000000000001}, {""score"": ""2 - 1"", ""pct"": 9.520000000000001}]"
Colombia,New Zealand,Neutral,2.12,0.58,73.7,18.5,7.8,74.4,6.8,7.4,7.4,2.0,2.0,88.6,11.4,"[{""score"": ""2 - 0"", ""pct"": 15.02}, {""score"": ""1 - 0"", ""pct"": 14.790000000000001}, {""score"": ""3 - 0"", ""pct"": 10.31}]"
Colombia,United States,Neutral,1.928,0.772,66.1,21.1,12.7,65.5,7.1,8.2,13.3,2.7,3.3,80.7,19.3,"[{""score"": ""1 - 0"", ""pct"": 13.62}, {""score"": ""2 - 0"", ""pct"": 12.509999999999998}, {""score"": ""2 - 1"", ""pct"": 10.0}]"
Colombia,Senegal,Neutral,1.726,0.974,54.7,24.5,20.8,55.5,7.4,8.2,20.3,3.7,5.0,71.1,28.9,"[{""score"": ""1 - 0"", ""pct"": 11.83}, {""score"": ""1 - 1"", ""pct"": 10.95}, {""score"": ""2 - 1"", ""pct"": 9.99}]"
Colombia,Brazil,Neutral,1.34,1.36,36.3,26.9,36.7,36.0,5.8,7.3,37.2,6.2,7.4,49.2,50.8,"[{""score"": ""1 - 1"", ""pct"": 12.139999999999999}, {""score"": ""1 - 0"", ""pct"": 9.180000000000001}, {""score"": ""0 - 1"", ""pct"": 8.88}]"
Colombia,Ivory Coast,Neutral,1.97,0.73,67.2,21.1,11.7,67.7,7.3,8.2,11.6,2.1,3.1,83.1,16.9,"[{""score"": ""1 - 0"", ""pct"": 13.88}, {""score"": ""2 - 0"", ""pct"": 12.72}, {""score"": ""1 - 1"", ""pct"": 9.85}]"
Colombia,France,Neutral,1.205,1.495,29.9,26.9,43.1,30.2,5.2,7.0,42.3,6.7,8.6,42.4,57.6,"[{""score"": ""1 - 1"", ""pct"": 11.88}, {""score"": ""0 - 1"", ""pct"": 10.11}, {""score"": ""1 - 2"", ""pct"": 8.6}]"
Portugal,Netherlands,Neutral,1.483,1.217,42.1,27.2,30.7,42.4,7.2,7.9,30.4,5.1,7.1,57.5,42.5,"[{""score"": ""1 - 1"", ""pct"": 12.17}, {""score"": ""1 - 0"", ""pct"": 9.87}, {""score"": ""2 - 1"", ""pct"": 8.93}]"
Portugal,South Africa,Neutral,2.169,0.531,76.0,17.2,6.8,75.6,6.6,7.8,7.0,1.2,1.8,90.0,10.0,"[{""score"": ""2 - 0"", ""pct"": 16.14}, {""score"": ""1 - 0"", ""pct"": 15.21}, {""score"": ""3 - 0"", ""pct"": 11.469999999999999}]"
Portugal,Japan,Neutral,1.357,1.343,36.4,27.8,35.8,37.1,5.7,7.6,36.4,5.9,7.3,50.4,49.6,"[{""score"": ""1 - 1"", ""pct"": 12.280000000000001}, {""score"": ""1 - 0"", ""pct"": 9.49}, {""score"": ""0 - 1"", ""pct"": 9.07}]"
Portugal,Scotland,Neutral,1.908,0.792,64.5,21.4,14.2,64.0,7.2,8.9,13.6,2.8,3.4,80.2,19.8,"[{""score"": ""1 - 0"", ""pct"": 13.530000000000001}, {""score"": ""2 - 0"", ""pct"": 12.120000000000001}, {""score"": ""2 - 1"", ""pct"": 10.0}]"
Portugal,Algeria,Neutral,1.689,1.011,52.6,25.6,21.8,53.1,7.2,8.6,22.0,3.6,5.5,69.0,31.0,"[{""score"": ""1 - 0"", ""pct"": 12.13}, {""score"": ""1 - 1"", ""pct"": 11.4}, {""score"": ""2 - 1"", ""pct"": 9.78}]"
Portugal,Canada,Neutral,1.681,1.019,52.4,25.4,22.2,53.1,7.3,8.6,21.8,3.7,5.5,69.0,31.0,"[{""score"": ""1 - 0"", ""pct"": 11.65}, {""score"": ""1 - 1"", ""pct"": 10.979999999999999}, {""score"": ""2 - 0"", ""pct"": 9.370000000000001}]"
Portugal,Haiti,Neutral,2.051,0.649,70.9,19.8,9.4,70.0,7.3,8.3,9.8,2.1,2.4,85.7,14.3,"[{""score"": ""2 - 0"", ""pct"": 14.46}, {""score"": ""1 - 0"", ""pct"": 13.88}, {""score"": ""3 - 0"", ""pct"": 9.53}]"
Portugal,Spain,Neutral,0.876,1.824,16.2,22.8,61.1,16.4,3.1,4.1,59.7,7.8,9.0,23.6,76.4,"[{""score"": ""0 - 1"", ""pct"": 13.28}, {""score"": ""0 - 2"", ""pct"": 11.200000000000001}, {""score"": ""1 - 1"", ""pct"": 10.51}]"
Portugal,Saudi Arabia,Neutral,2.093,0.607,73.0,18.4,8.6,73.3,7.2,7.2,8.4,1.7,2.2,87.7,12.3,"[{""score"": ""1 - 0"", ""pct"": 15.17}, {""score"": ""2 - 0"", ""pct"": 14.44}, {""score"": ""3 - 0"", ""pct"": 9.94}]"
Portugal,Colombia,Neutral,1.268,1.432,31.9,27.0,41.0,32.2,5.4,7.1,41.2,6.7,7.4,44.7,55.3,"[{""score"": ""1 - 1"", ""pct"": 12.16}, {""score"": ""0 - 1"", ""pct"": 10.17}, {""score"": ""1 - 2"", ""pct"": 8.72}]"
Portugal,Sweden,Neutral,2.096,0.604,72.7,19.0,8.3,72.7,7.2,7.8,8.4,1.7,2.2,87.7,12.3,"[{""score"": ""2 - 0"", ""pct"": 14.64}, {""score"": ""1 - 0"", ""pct"": 14.48}, {""score"": ""3 - 0"", ""pct"": 10.07}]"
Portugal,Jordan,Neutral,1.89,0.81,62.3,23.8,13.9,63.6,7.3,8.6,14.2,2.8,3.4,79.6,20.4,"[{""score"": ""1 - 0"", ""pct"": 13.36}, {""score"": ""2 - 0"", ""pct"": 11.57}, {""score"": ""1 - 1"", ""pct"": 10.7}]"
Portugal,Morocco,Neutral,1.404,1.296,39.5,26.8,33.8,39.4,6.5,7.6,33.5,5.7,7.2,53.6,46.4,"[{""score"": ""1 - 1"", ""pct"": 12.49}, {""score"": ""1 - 0"", ""pct"": 10.25}, {""score"": ""2 - 1"", ""pct"": 8.51}]"
Portugal,Iraq,Neutral,2.021,0.679,69.4,20.3,10.3,69.5,7.2,7.9,10.7,2.1,2.6,84.6,15.4,"[{""score"": ""1 - 0"", ""pct"": 13.919999999999998}, {""score"": ""2 - 0"", ""pct"": 13.18}, {""score"": ""2 - 1"", ""pct"": 9.58}]"
Portugal,Tunisia,Neutral,2.021,0.679,69.1,20.4,10.5,69.4,7.6,7.9,10.3,2.2,2.6,84.9,15.1,"[{""score"": ""1 - 0"", ""pct"": 13.91}, {""score"": ""2 - 0"", ""pct"": 13.59}, {""score"": ""2 - 1"", ""pct"": 9.22}]"
Portugal,Qatar,Neutral,2.271,0.429,80.1,15.2,4.7,80.1,6.1,6.7,5.0,0.9,1.3,92.8,7.1,"[{""score"": ""2 - 0"", ""pct"": 17.0}, {""score"": ""1 - 0"", ""pct"": 15.690000000000001}, {""score"": ""3 - 0"", ""pct"": 12.790000000000001}]"
Portugal,Curaçao,Neutral,2.216,0.484,77.0,17.1,5.9,78.0,6.8,7.0,5.6,1.1,1.5,91.8,8.2,"[{""score"": ""2 - 0"", ""pct"": 16.75}, {""score"": ""1 - 0"", ""pct"": 15.57}, {""score"": ""3 - 0"", ""pct"": 11.48}]"
Portugal,Iran,Neutral,1.622,1.078,49.8,25.5,24.7,50.3,6.9,8.6,23.7,4.8,5.8,65.8,34.2,"[{""score"": ""1 - 1"", ""pct"": 11.67}, {""score"": ""1 - 0"", ""pct"": 11.32}, {""score"": ""2 - 1"", ""pct"": 9.32}]"
Portugal,South Korea,Neutral,1.663,1.037,52.1,25.1,22.8,52.3,7.7,8.9,21.9,4.1,5.2,68.8,31.2,"[{""score"": ""1 - 0"", ""pct"": 11.59}, {""score"": ""1 - 1"", ""pct"": 11.55}, {""score"": ""2 - 1"", ""pct"": 9.89}]"
Portugal,Ghana,Neutral,2.207,0.493,77.6,16.5,5.9,77.1,6.7,7.3,6.1,1.0,1.8,91.1,8.9,"[{""score"": ""2 - 0"", ""pct"": 16.009999999999998}, {""score"": ""1 - 0"", ""pct"": 15.72}, {""score"": ""3 - 0"", ""pct"": 11.700000000000001}]"
Portugal,Norway,Neutral,1.604,1.096,50.2,24.4,25.4,49.0,7.2,8.3,24.7,4.7,6.0,64.6,35.4,"[{""score"": ""1 - 0"", ""pct"": 11.540000000000001}, {""score"": ""1 - 1"", ""pct"": 11.16}, {""score"": ""2 - 1"", ""pct"": 9.81}]"
Portugal,England,Neutral,1.215,1.485,29.5,27.9,42.7,31.1,5.4,6.6,42.2,6.6,8.1,43.1,56.9,"[{""score"": ""1 - 1"", ""pct"": 12.83}, {""score"": ""0 - 1"", ""pct"": 10.58}, {""score"": ""1 - 2"", ""pct"": 8.92}]"
Portugal,Mexico,Neutral,1.462,1.238,42.0,26.8,31.3,42.0,6.6,7.6,31.5,5.3,6.9,56.3,43.7,"[{""score"": ""1 - 1"", ""pct"": 11.49}, {""score"": ""1 - 0"", ""pct"": 10.299999999999999}, {""score"": ""2 - 1"", ""pct"": 9.15}]"
Portugal,Austria,Neutral,1.854,0.846,61.7,22.6,15.7,61.3,7.5,9.1,15.5,2.8,3.8,78.0,22.0,"[{""score"": ""1 - 0"", ""pct"": 12.86}, {""score"": ""2 - 0"", ""pct"": 11.3}, {""score"": ""1 - 1"", ""pct"": 10.32}]"
Portugal,Panama,Neutral,1.768,0.932,57.7,24.2,18.0,58.4,7.2,8.0,18.2,3.6,4.6,73.6,26.4,"[{""score"": ""1 - 0"", ""pct"": 12.520000000000001}, {""score"": ""1 - 1"", ""pct"": 10.84}, {""score"": ""2 - 0"", ""pct"": 10.36}]"
Portugal,Bosnia and Herzegovina,Neutral,2.254,0.446,79.2,15.6,5.1,80.6,6.0,6.4,4.9,0.9,1.3,93.0,7.0,"[{""score"": ""2 - 0"", ""pct"": 16.93}, {""score"": ""1 - 0"", ""pct"": 15.03}, {""score"": ""3 - 0"", ""pct"": 12.479999999999999}]"
Portugal,Czech Republic,Neutral,2.031,0.669,69.6,19.8,10.5,70.5,7.4,8.1,9.3,2.1,2.6,86.0,14.0,"[{""score"": ""2 - 0"", ""pct"": 13.639999999999999}, {""score"": ""1 - 0"", ""pct"": 13.43}, {""score"": ""3 - 0"", ""pct"": 9.55}]"
Portugal,Switzerland,Neutral,1.661,1.039,51.7,26.0,22.3,50.5,7.4,8.8,23.5,4.5,5.3,66.6,33.4,"[{""score"": ""1 - 1"", ""pct"": 12.31}, {""score"": ""1 - 0"", ""pct"": 11.03}, {""score"": ""2 - 1"", ""pct"": 9.81}]"
Portugal,Argentina,Neutral,0.918,1.782,18.0,24.0,58.0,17.9,3.3,4.9,57.4,7.7,8.8,26.1,73.9,"[{""score"": ""0 - 1"", ""pct"": 12.33}, {""score"": ""1 - 1"", ""pct"": 11.219999999999999}, {""score"": ""1 - 2"", ""pct"": 10.36}]"
Portugal,Uzbekistan,Neutral,1.796,0.904,58.9,23.4,17.8,58.6,8.1,8.5,17.1,3.2,4.3,75.3,24.7,"[{""score"": ""1 - 0"", ""pct"": 12.629999999999999}, {""score"": ""1 - 1"", ""pct"": 10.48}, {""score"": ""2 - 1"", ""pct"": 10.23}]"
Portugal,Belgium,Neutral,1.639,1.061,51.0,25.3,23.7,51.3,7.4,8.1,23.8,4.1,5.3,66.7,33.3,"[{""score"": ""1 - 0"", ""pct"": 11.63}, {""score"": ""1 - 1"", ""pct"": 11.61}, {""score"": ""2 - 1"", ""pct"": 9.78}]"
Portugal,Australia,Neutral,1.581,1.119,47.6,26.3,26.0,47.6,6.8,8.8,26.0,4.5,6.3,63.1,36.9,"[{""score"": ""1 - 1"", ""pct"": 12.030000000000001}, {""score"": ""1 - 0"", ""pct"": 10.91}, {""score"": ""2 - 1"", ""pct"": 9.62}]"
Portugal,Paraguay,Neutral,1.673,1.027,52.4,26.2,21.4,52.6,7.1,9.0,21.8,4.0,5.5,68.6,31.3,"[{""score"": ""1 - 0"", ""pct"": 11.93}, {""score"": ""1 - 1"", ""pct"": 11.07}, {""score"": ""2 - 1"", ""pct"": 9.5}]"
Portugal,Egypt,Neutral,1.941,0.759,66.3,20.8,12.9,66.2,7.4,8.1,12.7,2.6,3.1,81.6,18.4,"[{""score"": ""1 - 0"", ""pct"": 14.000000000000002}, {""score"": ""2 - 0"", ""pct"": 12.82}, {""score"": ""2 - 1"", ""pct"": 9.75}]"
Portugal,Ecuador,Neutral,1.362,1.338,37.3,25.9,36.8,37.3,6.1,7.5,36.2,5.7,7.1,51.0,49.0,"[{""score"": ""1 - 1"", ""pct"": 11.88}, {""score"": ""1 - 0"", ""pct"": 9.46}, {""score"": ""0 - 1"", ""pct"": 9.229999999999999}]"
Portugal,Cape Verde,Neutral,2.188,0.512,77.2,16.6,6.2,77.0,6.8,7.3,6.0,1.3,1.5,91.2,8.8,"[{""score"": ""2 - 0"", ""pct"": 16.17}, {""score"": ""1 - 0"", ""pct"": 14.979999999999999}, {""score"": ""3 - 0"", ""pct"": 11.55}]"
Portugal,Germany,Neutral,1.509,1.191,44.2,26.2,29.6,45.0,6.5,7.4,29.2,5.2,6.6,58.9,41.1,"[{""score"": ""1 - 1"", ""pct"": 12.030000000000001}, {""score"": ""1 - 0"", ""pct"": 10.57}, {""score"": ""2 - 1"", ""pct"": 8.540000000000001}]"
Portugal,DR Congo,Neutral,1.999,0.701,68.3,20.7,11.0,68.3,6.9,8.7,11.1,2.1,2.9,83.9,16.1,"[{""score"": ""1 - 0"", ""pct"": 13.669999999999998}, {""score"": ""2 - 0"", ""pct"": 13.420000000000002}, {""score"": ""2 - 1"", ""pct"": 9.54}]"
Portugal,Croatia,Neutral,1.573,1.127,47.9,25.8,26.3,48.3,7.0,8.7,25.4,4.8,5.9,63.9,36.1,"[{""score"": ""1 - 1"", ""pct"": 11.469999999999999}, {""score"": ""1 - 0"", ""pct"": 11.23}, {""score"": ""2 - 1"", ""pct"": 9.75}]"
Portugal,Turkey,Neutral,1.625,1.075,50.5,26.0,23.5,49.5,7.1,8.6,24.7,4.3,5.7,65.3,34.7,"[{""score"": ""1 - 1"", ""pct"": 11.91}, {""score"": ""1 - 0"", ""pct"": 11.77}, {""score"": ""2 - 1"", ""pct"": 9.76}]"
Portugal,Uruguay,Neutral,1.505,1.195,44.0,27.2,28.7,44.1,7.0,7.9,29.0,5.3,6.7,59.0,41.0,"[{""score"": ""1 - 1"", ""pct"": 12.659999999999998}, {""score"": ""1 - 0"", ""pct"": 10.190000000000001}, {""score"": ""2 - 1"", ""pct"": 9.1}]"
Portugal,New Zealand,Neutral,2.076,0.624,72.4,18.9,8.7,72.2,7.4,7.8,8.6,1.9,2.1,87.4,12.6,"[{""score"": ""1 - 0"", ""pct"": 14.280000000000001}, {""score"": ""2 - 0"", ""pct"": 14.2}, {""score"": ""3 - 0"", ""pct"": 10.22}]"
Portugal,United States,Neutral,1.866,0.834,61.6,22.9,15.4,62.8,7.6,8.3,14.5,2.9,3.8,78.8,21.2,"[{""score"": ""1 - 0"", ""pct"": 12.97}, {""score"": ""2 - 0"", ""pct"": 11.58}, {""score"": ""1 - 1"", ""pct"": 10.33}]"
Portugal,Senegal,Neutral,1.652,1.048,51.0,25.7,23.3,50.7,7.1,8.6,23.7,4.5,5.3,66.5,33.5,"[{""score"": ""1 - 1"", ""pct"": 11.09}, {""score"": ""1 - 0"", ""pct"": 10.79}, {""score"": ""2 - 1"", ""pct"": 9.9}]"
Portugal,Brazil,Neutral,1.258,1.442,32.5,26.9,40.6,32.6,5.6,6.7,40.8,6.2,8.1,44.9,55.2,"[{""score"": ""1 - 1"", ""pct"": 12.34}, {""score"": ""0 - 1"", ""pct"": 9.92}, {""score"": ""1 - 0"", ""pct"": 8.28}]"
Portugal,Ivory Coast,Neutral,1.912,0.788,63.4,23.1,13.5,64.9,7.2,8.0,13.5,2.5,3.9,80.1,19.9,"[{""score"": ""1 - 0"", ""pct"": 13.25}, {""score"": ""2 - 0"", ""pct"": 12.32}, {""score"": ""1 - 1"", ""pct"": 10.81}]"
Portugal,France,Neutral,1.125,1.575,25.7,27.0,47.3,26.2,4.8,6.1,47.3,7.0,8.6,37.0,62.9,"[{""score"": ""1 - 1"", ""pct"": 12.4}, {""score"": ""0 - 1"", ""pct"": 10.5}, {""score"": ""1 - 2"", ""pct"": 9.790000000000001}]"
Sweden,Netherlands,Neutral,0.682,2.018,10.5,20.4,69.1,10.8,1.8,2.5,69.4,7.4,8.1,15.1,84.9,"[{""score"": ""0 - 2"", ""pct"": 14.04}, {""score"": ""0 - 1"", ""pct"": 13.889999999999999}, {""score"": ""1 - 2"", ""pct"": 9.44}]"
Sweden,South Africa,Neutral,1.498,1.202,44.2,27.3,28.5,43.4,6.9,8.6,29.4,5.2,6.5,58.9,41.1,"[{""score"": ""1 - 1"", ""pct"": 12.67}, {""score"": ""1 - 0"", ""pct"": 11.01}, {""score"": ""2 - 1"", ""pct"": 8.55}]"
Sweden,Japan,Neutral,0.607,2.093,8.4,18.5,73.1,8.2,1.7,2.4,73.1,7.2,7.5,12.2,87.8,"[{""score"": ""0 - 2"", ""pct"": 15.09}, {""score"": ""0 - 1"", ""pct"": 14.760000000000002}, {""score"": ""0 - 3"", ""pct"": 10.09}]"
Sweden,Scotland,Neutral,1.063,1.637,22.9,25.8,51.2,24.0,4.1,5.7,50.7,7.1,8.4,33.8,66.2,"[{""score"": ""1 - 1"", ""pct"": 11.88}, {""score"": ""0 - 1"", ""pct"": 11.58}, {""score"": ""1 - 2"", ""pct"": 9.8}]"
Sweden,Algeria,Neutral,0.835,1.865,15.1,22.8,62.1,14.7,3.1,3.8,62.1,7.6,8.7,21.6,78.4,"[{""score"": ""0 - 1"", ""pct"": 13.01}, {""score"": ""0 - 2"", ""pct"": 11.19}, {""score"": ""1 - 2"", ""pct"": 10.68}]"
Sweden,Canada,Neutral,0.828,1.872,14.3,22.9,62.7,15.0,3.1,3.6,62.5,7.5,8.3,21.7,78.3,"[{""score"": ""0 - 1"", ""pct"": 12.889999999999999}, {""score"": ""0 - 2"", ""pct"": 12.34}, {""score"": ""1 - 1"", ""pct"": 10.23}]"
Sweden,Haiti,Neutral,1.271,1.429,32.1,27.2,40.7,32.0,5.6,7.0,40.7,6.3,8.3,44.7,55.3,"[{""score"": ""1 - 1"", ""pct"": 11.87}, {""score"": ""0 - 1"", ""pct"": 9.98}, {""score"": ""1 - 2"", ""pct"": 8.73}]"
Sweden,Spain,Neutral,0.406,2.294,4.5,14.6,80.9,4.2,0.7,1.2,81.4,6.0,6.4,6.1,93.9,"[{""score"": ""0 - 2"", ""pct"": 17.560000000000002}, {""score"": ""0 - 1"", ""pct"": 16.07}, {""score"": ""0 - 3"", ""pct"": 13.11}]"
Sweden,Saudi Arabia,Neutral,1.344,1.356,36.4,27.2,36.4,35.5,6.1,7.4,37.4,6.2,7.5,48.9,51.1,"[{""score"": ""1 - 1"", ""pct"": 12.31}, {""score"": ""0 - 1"", ""pct"": 9.370000000000001}, {""score"": ""2 - 1"", ""pct"": 8.88}]"
Sweden,Colombia,Neutral,0.562,2.138,7.3,18.0,74.7,7.4,1.3,1.7,75.4,6.6,7.5,10.4,89.6,"[{""score"": ""0 - 2"", ""pct"": 15.32}, {""score"": ""0 - 1"", ""pct"": 15.1}, {""score"": ""0 - 3"", ""pct"": 10.26}]"
Sweden,Portugal,Neutral,0.604,2.096,8.0,18.7,73.4,8.3,1.6,2.4,72.5,7.2,8.0,12.3,87.7,"[{""score"": ""0 - 2"", ""pct"": 15.24}, {""score"": ""0 - 1"", ""pct"": 14.299999999999999}, {""score"": ""0 - 3"", ""pct"": 9.83}]"
Sweden,Jordan,Neutral,1.041,1.659,22.6,25.3,52.1,22.0,4.4,5.7,51.3,7.4,9.2,32.1,67.9,"[{""score"": ""1 - 1"", ""pct"": 11.559999999999999}, {""score"": ""0 - 1"", ""pct"": 11.08}, {""score"": ""1 - 2"", ""pct"": 9.83}]"
Sweden,Morocco,Neutral,0.634,2.066,9.4,18.9,71.8,9.4,1.7,2.4,71.8,7.0,7.7,13.5,86.5,"[{""score"": ""0 - 1"", ""pct"": 14.729999999999999}, {""score"": ""0 - 2"", ""pct"": 14.62}, {""score"": ""0 - 3"", ""pct"": 9.49}]"
Sweden,Iraq,Neutral,1.222,1.478,30.9,26.8,42.3,29.9,5.5,7.1,42.7,6.8,8.1,42.5,57.5,"[{""score"": ""1 - 1"", ""pct"": 12.879999999999999}, {""score"": ""0 - 1"", ""pct"": 10.03}, {""score"": ""1 - 2"", ""pct"": 8.709999999999999}]"
Sweden,Tunisia,Neutral,1.221,1.479,30.2,26.4,43.3,30.7,5.1,6.8,42.5,6.8,8.1,42.6,57.4,"[{""score"": ""1 - 1"", ""pct"": 11.86}, {""score"": ""0 - 1"", ""pct"": 10.16}, {""score"": ""1 - 2"", ""pct"": 9.53}]"
Sweden,Qatar,Neutral,1.756,0.944,56.6,24.2,19.2,56.5,7.9,8.9,18.5,3.4,4.9,73.2,26.7,"[{""score"": ""1 - 0"", ""pct"": 11.78}, {""score"": ""1 - 1"", ""pct"": 10.8}, {""score"": ""2 - 0"", ""pct"": 10.38}]"
Sweden,Curaçao,Neutral,1.607,1.093,50.2,25.3,24.5,48.7,7.4,8.3,25.0,4.7,5.9,64.5,35.5,"[{""score"": ""1 - 1"", ""pct"": 11.73}, {""score"": ""1 - 0"", ""pct"": 10.979999999999999}, {""score"": ""2 - 1"", ""pct"": 9.719999999999999}]"
Sweden,Iran,Neutral,0.78,1.92,13.5,22.0,64.5,12.5,2.6,3.3,65.7,7.6,8.3,18.4,81.6,"[{""score"": ""0 - 1"", ""pct"": 13.33}, {""score"": ""0 - 2"", ""pct"": 12.43}, {""score"": ""1 - 1"", ""pct"": 10.25}]"
Sweden,South Korea,Neutral,0.813,1.887,14.5,22.6,62.9,14.3,3.1,3.5,63.1,7.4,8.6,20.9,79.1,"[{""score"": ""0 - 1"", ""pct"": 13.11}, {""score"": ""0 - 2"", ""pct"": 12.06}, {""score"": ""1 - 1"", ""pct"": 10.58}]"
Sweden,Ghana,Neutral,1.585,1.115,47.5,26.4,26.1,47.7,7.6,8.5,25.3,4.8,6.1,63.9,36.1,"[{""score"": ""1 - 1"", ""pct"": 12.08}, {""score"": ""1 - 0"", ""pct"": 11.09}, {""score"": ""2 - 1"", ""pct"": 9.33}]"
Sweden,Norway,Neutral,0.766,1.934,13.3,21.9,64.9,13.2,2.8,3.3,65.4,7.2,8.1,19.3,80.7,"[{""score"": ""0 - 1"", ""pct"": 13.13}, {""score"": ""0 - 2"", ""pct"": 12.65}, {""score"": ""1 - 1"", ""pct"": 9.92}]"
Sweden,England,Neutral,0.537,2.163,7.0,17.7,75.3,7.1,1.5,1.5,75.9,6.7,7.3,10.0,90.0,"[{""score"": ""0 - 2"", ""pct"": 15.690000000000001}, {""score"": ""0 - 1"", ""pct"": 14.469999999999999}, {""score"": ""0 - 3"", ""pct"": 11.25}]"
Sweden,Mexico,Neutral,0.669,2.031,10.0,20.4,69.6,10.0,2.1,2.5,70.1,7.5,7.8,14.6,85.4,"[{""score"": ""0 - 1"", ""pct"": 14.35}, {""score"": ""0 - 2"", ""pct"": 13.96}, {""score"": ""1 - 1"", ""pct"": 9.17}]"
Sweden,Austria,Neutral,0.998,1.702,21.1,25.1,53.8,20.8,3.8,5.3,54.2,7.5,8.5,29.9,70.1,"[{""score"": ""0 - 1"", ""pct"": 11.73}, {""score"": ""1 - 1"", ""pct"": 11.55}, {""score"": ""1 - 2"", ""pct"": 9.74}]"
Sweden,Panama,Neutral,0.908,1.792,17.6,23.9,58.4,17.9,3.2,4.4,58.6,7.4,8.5,25.6,74.5,"[{""score"": ""0 - 1"", ""pct"": 12.49}, {""score"": ""1 - 1"", ""pct"": 11.21}, {""score"": ""0 - 2"", ""pct"": 10.530000000000001}]"
Sweden,Bosnia and Herzegovina,Neutral,1.705,0.995,53.2,25.4,21.4,54.9,7.2,8.3,21.0,4.0,4.7,70.4,29.6,"[{""score"": ""1 - 1"", ""pct"": 11.559999999999999}, {""score"": ""1 - 0"", ""pct"": 11.3}, {""score"": ""2 - 0"", ""pct"": 9.8}]"
Sweden,Czech Republic,Neutral,1.237,1.463,30.8,26.7,42.5,31.8,5.1,6.6,41.7,7.1,7.8,43.4,56.6,"[{""score"": ""1 - 1"", ""pct"": 11.88}, {""score"": ""0 - 1"", ""pct"": 9.969999999999999}, {""score"": ""1 - 2"", ""pct"": 9.24}]"
Sweden,Switzerland,Neutral,0.811,1.889,14.5,22.1,63.4,14.5,2.7,3.8,62.7,8.0,8.3,21.0,79.0,"[{""score"": ""0 - 1"", ""pct"": 13.56}, {""score"": ""0 - 2"", ""pct"": 11.559999999999999}, {""score"": ""1 - 1"", ""pct"": 9.87}]"
Sweden,Argentina,Neutral,0.42,2.28,4.6,15.4,79.9,4.5,0.9,1.1,80.4,6.5,6.6,6.5,93.5,"[{""score"": ""0 - 2"", ""pct"": 17.68}, {""score"": ""0 - 1"", ""pct"": 15.9}, {""score"": ""0 - 3"", ""pct"": 12.790000000000001}]"
Sweden,Uzbekistan,Neutral,0.936,1.764,18.3,24.0,57.8,18.5,3.9,4.6,57.1,7.5,8.3,27.0,73.0,"[{""score"": ""0 - 1"", ""pct"": 12.120000000000001}, {""score"": ""0 - 2"", ""pct"": 10.85}, {""score"": ""1 - 1"", ""pct"": 10.67}]"
Sweden,Belgium,Neutral,0.794,1.906,13.8,21.9,64.3,13.7,2.7,3.3,63.6,7.8,8.9,19.6,80.4,"[{""score"": ""0 - 1"", ""pct"": 13.69}, {""score"": ""0 - 2"", ""pct"": 12.13}, {""score"": ""1 - 1"", ""pct"": 9.83}]"
Sweden,Australia,Neutral,0.749,1.951,12.5,21.0,66.5,12.9,2.2,3.1,65.7,7.7,8.3,18.2,81.8,"[{""score"": ""0 - 1"", ""pct"": 13.56}, {""score"": ""0 - 2"", ""pct"": 12.509999999999998}, {""score"": ""1 - 2"", ""pct"": 10.25}]"
Sweden,Paraguay,Neutral,0.821,1.879,14.4,22.8,62.8,14.3,2.8,3.6,62.8,7.8,8.6,20.8,79.2,"[{""score"": ""0 - 1"", ""pct"": 12.7}, {""score"": ""0 - 2"", ""pct"": 11.540000000000001}, {""score"": ""1 - 1"", ""pct"": 10.17}]"
Sweden,Egypt,Neutral,1.106,1.594,25.2,25.9,48.8,24.8,4.9,5.8,48.9,7.4,8.3,35.4,64.6,"[{""score"": ""1 - 1"", ""pct"": 11.91}, {""score"": ""0 - 1"", ""pct"": 11.15}, {""score"": ""1 - 2"", ""pct"": 9.45}]"
Sweden,Ecuador,Neutral,0.611,2.089,8.5,18.6,72.9,9.2,1.8,2.3,71.7,6.9,8.0,13.4,86.7,"[{""score"": ""0 - 2"", ""pct"": 15.15}, {""score"": ""0 - 1"", ""pct"": 14.32}, {""score"": ""0 - 3"", ""pct"": 9.64}]"
Sweden,Cape Verde,Neutral,1.54,1.16,46.2,26.6,27.1,45.7,6.8,8.0,28.0,5.6,5.8,60.6,39.4,"[{""score"": ""1 - 1"", ""pct"": 12.27}, {""score"": ""1 - 0"", ""pct"": 10.94}, {""score"": ""2 - 1"", ""pct"": 9.29}]"
Sweden,Germany,Neutral,0.699,2.001,10.7,20.6,68.7,11.0,2.1,2.9,68.6,7.5,7.9,16.0,84.0,"[{""score"": ""0 - 1"", ""pct"": 14.180000000000001}, {""score"": ""0 - 2"", ""pct"": 13.71}, {""score"": ""1 - 2"", ""pct"": 9.76}]"
Sweden,DR Congo,Neutral,1.187,1.513,28.4,27.1,44.5,29.4,5.5,5.9,43.9,7.1,8.3,40.7,59.3,"[{""score"": ""1 - 1"", ""pct"": 12.53}, {""score"": ""0 - 1"", ""pct"": 9.959999999999999}, {""score"": ""1 - 2"", ""pct"": 9.83}]"
Sweden,Croatia,Neutral,0.743,1.957,12.1,21.3,66.6,12.6,2.4,3.1,66.6,7.3,7.9,18.1,81.9,"[{""score"": ""0 - 1"", ""pct"": 13.98}, {""score"": ""0 - 2"", ""pct"": 12.11}, {""score"": ""1 - 2"", ""pct"": 9.44}]"
Sweden,Turkey,Neutral,0.782,1.918,13.4,22.2,64.4,13.7,2.8,3.6,63.8,7.4,8.6,20.2,79.8,"[{""score"": ""0 - 1"", ""pct"": 13.55}, {""score"": ""0 - 2"", ""pct"": 12.61}, {""score"": ""1 - 1"", ""pct"": 9.82}]"
Sweden,Uruguay,Neutral,0.696,2.004,10.9,20.1,69.0,11.2,1.9,3.0,68.6,7.2,8.1,16.1,83.9,"[{""score"": ""0 - 1"", ""pct"": 13.68}, {""score"": ""0 - 2"", ""pct"": 13.350000000000001}, {""score"": ""0 - 3"", ""pct"": 9.16}]"
Sweden,New Zealand,Neutral,1.313,1.387,35.2,26.9,37.9,34.7,6.0,6.9,38.3,6.0,8.1,47.7,52.3,"[{""score"": ""1 - 1"", ""pct"": 12.29}, {""score"": ""1 - 0"", ""pct"": 9.45}, {""score"": ""0 - 1"", ""pct"": 8.62}]"
Sweden,United States,Neutral,1.012,1.688,22.2,25.0,52.8,22.1,4.2,5.1,52.7,7.5,8.4,31.4,68.6,"[{""score"": ""1 - 1"", ""pct"": 11.379999999999999}, {""score"": ""0 - 1"", ""pct"": 11.24}, {""score"": ""1 - 2"", ""pct"": 10.0}]"
Sweden,Senegal,Neutral,0.804,1.896,13.9,22.3,63.7,14.1,3.0,3.9,63.3,7.2,8.6,20.9,79.1,"[{""score"": ""0 - 1"", ""pct"": 13.19}, {""score"": ""0 - 2"", ""pct"": 11.88}, {""score"": ""1 - 1"", ""pct"": 10.23}]"
Sweden,Brazil,Neutral,0.557,2.143,7.0,17.8,75.3,7.1,1.5,1.6,75.0,6.9,7.9,10.2,89.8,"[{""score"": ""0 - 1"", ""pct"": 15.82}, {""score"": ""0 - 2"", ""pct"": 15.42}, {""score"": ""0 - 3"", ""pct"": 10.440000000000001}]"
Sweden,Ivory Coast,Neutral,1.068,1.632,24.2,25.9,49.9,24.6,4.2,5.2,50.2,7.2,8.6,34.0,66.0,"[{""score"": ""1 - 1"", ""pct"": 11.63}, {""score"": ""0 - 1"", ""pct"": 11.57}, {""score"": ""1 - 2"", ""pct"": 9.34}]"
Sweden,France,Neutral,0.497,2.203,6.4,16.9,76.8,6.4,1.2,1.7,76.8,6.6,7.3,9.3,90.7,"[{""score"": ""0 - 2"", ""pct"": 16.33}, {""score"": ""0 - 1"", ""pct"": 15.75}, {""score"": ""0 - 3"", ""pct"": 11.469999999999999}]"
Jordan,Netherlands,Neutral,0.917,1.783,17.9,24.3,57.7,17.8,3.3,4.4,58.1,7.7,8.6,25.6,74.4,"[{""score"": ""0 - 1"", ""pct"": 12.6}, {""score"": ""1 - 1"", ""pct"": 10.8}, {""score"": ""0 - 2"", ""pct"": 10.41}]"
Jordan,South Africa,Neutral,1.79,0.91,58.2,23.9,17.9,58.5,7.7,8.4,17.9,3.0,4.5,74.6,25.4,"[{""score"": ""1 - 0"", ""pct"": 12.29}, {""score"": ""1 - 1"", ""pct"": 10.870000000000001}, {""score"": ""2 - 1"", ""pct"": 10.209999999999999}]"
Jordan,Japan,Neutral,0.815,1.885,14.3,22.7,63.0,14.4,2.6,3.9,63.5,7.4,8.3,20.9,79.1,"[{""score"": ""0 - 1"", ""pct"": 12.98}, {""score"": ""0 - 2"", ""pct"": 11.88}, {""score"": ""1 - 1"", ""pct"": 10.56}]"
Jordan,Scotland,Neutral,1.374,1.326,38.1,26.3,35.7,37.7,6.2,7.8,35.3,6.1,6.9,51.7,48.3,"[{""score"": ""1 - 1"", ""pct"": 11.459999999999999}, {""score"": ""1 - 0"", ""pct"": 9.6}, {""score"": ""0 - 1"", ""pct"": 8.67}]"
Jordan,Algeria,Neutral,1.113,1.587,25.7,26.2,48.0,25.9,4.7,5.7,47.5,7.3,8.8,36.3,63.7,"[{""score"": ""1 - 1"", ""pct"": 12.11}, {""score"": ""0 - 1"", ""pct"": 11.16}, {""score"": ""1 - 2"", ""pct"": 9.41}]"
Jordan,Canada,Neutral,1.104,1.596,25.7,26.0,48.2,25.5,4.6,6.0,48.8,6.9,8.3,36.1,63.9,"[{""score"": ""1 - 1"", ""pct"": 12.030000000000001}, {""score"": ""0 - 1"", ""pct"": 10.780000000000001}, {""score"": ""1 - 2"", ""pct"": 9.08}]"
Jordan,Haiti,Neutral,1.585,1.115,48.1,26.3,25.6,47.2,7.5,8.8,25.9,4.7,5.9,63.5,36.5,"[{""score"": ""1 - 1"", ""pct"": 12.06}, {""score"": ""1 - 0"", ""pct"": 10.8}, {""score"": ""2 - 1"", ""pct"": 9.43}]"
Jordan,Spain,Neutral,0.513,2.187,6.4,17.5,76.1,6.5,1.0,1.7,76.4,6.8,7.6,9.2,90.8,"[{""score"": ""0 - 2"", ""pct"": 15.73}, {""score"": ""0 - 1"", ""pct"": 15.479999999999999}, {""score"": ""0 - 3"", ""pct"": 11.35}]"
Jordan,Saudi Arabia,Neutral,1.653,1.047,51.0,26.1,22.9,50.6,7.5,8.7,23.0,4.2,6.0,66.8,33.2,"[{""score"": ""1 - 1"", ""pct"": 12.049999999999999}, {""score"": ""1 - 0"", ""pct"": 11.25}, {""score"": ""2 - 1"", ""pct"": 9.610000000000001}]"
Jordan,Colombia,Neutral,0.75,1.95,12.0,20.9,67.1,12.4,2.4,3.2,66.9,7.0,8.1,18.0,82.0,"[{""score"": ""0 - 1"", ""pct"": 13.700000000000001}, {""score"": ""0 - 2"", ""pct"": 12.8}, {""score"": ""1 - 2"", ""pct"": 9.83}]"
Jordan,Portugal,Neutral,0.81,1.89,14.4,22.4,63.2,14.3,2.7,3.6,62.9,7.5,9.0,20.7,79.3,"[{""score"": ""0 - 1"", ""pct"": 13.370000000000001}, {""score"": ""0 - 2"", ""pct"": 11.32}, {""score"": ""1 - 2"", ""pct"": 10.16}]"
Jordan,Sweden,Neutral,1.659,1.041,51.8,25.1,23.1,51.8,7.9,8.6,22.4,4.2,5.2,68.2,31.8,"[{""score"": ""1 - 0"", ""pct"": 11.82}, {""score"": ""1 - 1"", ""pct"": 11.32}, {""score"": ""2 - 1"", ""pct"": 9.569999999999999}]"
Jordan,Morocco,Neutral,0.852,1.848,16.0,23.7,60.2,16.2,3.0,3.9,61.3,7.5,8.1,23.2,76.8,"[{""score"": ""0 - 1"", ""pct"": 12.68}, {""score"": ""0 - 2"", ""pct"": 11.76}, {""score"": ""1 - 1"", ""pct"": 10.69}]"
Jordan,Iraq,Neutral,1.537,1.163,46.4,26.2,27.5,45.1,7.0,8.7,27.5,5.2,6.5,60.8,39.2,"[{""score"": ""1 - 1"", ""pct"": 11.41}, {""score"": ""1 - 0"", ""pct"": 10.86}, {""score"": ""2 - 1"", ""pct"": 9.67}]"
Jordan,Tunisia,Neutral,1.536,1.164,45.3,26.4,28.3,45.4,6.8,8.2,28.0,4.9,6.7,60.4,39.6,"[{""score"": ""1 - 1"", ""pct"": 11.41}, {""score"": ""1 - 0"", ""pct"": 10.69}, {""score"": ""2 - 1"", ""pct"": 8.95}]"
Jordan,Qatar,Neutral,1.998,0.702,67.8,21.1,11.1,68.2,7.1,8.2,11.4,1.9,3.1,83.6,16.4,"[{""score"": ""1 - 0"", ""pct"": 13.98}, {""score"": ""2 - 0"", ""pct"": 12.97}, {""score"": ""2 - 1"", ""pct"": 9.98}]"
Jordan,Curaçao,Neutral,1.881,0.819,62.1,22.7,15.2,62.8,7.8,8.4,14.5,2.7,3.7,79.0,21.0,"[{""score"": ""1 - 0"", ""pct"": 12.68}, {""score"": ""2 - 0"", ""pct"": 11.5}, {""score"": ""1 - 1"", ""pct"": 10.16}]"
Jordan,Iran,Neutral,1.044,1.656,23.2,25.4,51.4,22.6,4.2,5.5,52.1,7.2,8.4,32.3,67.7,"[{""score"": ""1 - 1"", ""pct"": 11.68}, {""score"": ""0 - 1"", ""pct"": 11.62}, {""score"": ""1 - 2"", ""pct"": 9.87}]"
Jordan,South Korea,Neutral,1.086,1.614,24.3,26.5,49.2,24.2,4.8,5.7,49.6,7.3,8.4,34.7,65.3,"[{""score"": ""1 - 1"", ""pct"": 11.98}, {""score"": ""0 - 1"", ""pct"": 10.86}, {""score"": ""1 - 2"", ""pct"": 9.66}]"
Jordan,Ghana,Neutral,1.863,0.837,61.8,23.4,14.8,62.4,7.5,8.1,15.1,2.9,4.0,78.0,22.0,"[{""score"": ""1 - 0"", ""pct"": 12.97}, {""score"": ""2 - 0"", ""pct"": 11.67}, {""score"": ""1 - 1"", ""pct"": 10.93}]"
Jordan,Norway,Neutral,1.027,1.673,21.9,25.6,52.5,23.2,4.0,5.4,51.7,7.0,8.8,32.6,67.4,"[{""score"": ""0 - 1"", ""pct"": 11.77}, {""score"": ""1 - 1"", ""pct"": 11.76}, {""score"": ""1 - 2"", ""pct"": 9.42}]"
Jordan,England,Neutral,0.713,1.987,10.7,20.7,68.6,11.5,2.4,3.0,67.5,7.6,8.0,16.9,83.1,"[{""score"": ""0 - 1"", ""pct"": 14.149999999999999}, {""score"": ""0 - 2"", ""pct"": 13.29}, {""score"": ""1 - 2"", ""pct"": 9.67}]"
Jordan,Mexico,Neutral,0.899,1.801,17.6,24.1,58.4,17.2,3.2,4.5,58.8,7.6,8.7,25.0,75.0,"[{""score"": ""0 - 1"", ""pct"": 12.06}, {""score"": ""1 - 1"", ""pct"": 11.0}, {""score"": ""0 - 2"", ""pct"": 10.56}]"
Jordan,Austria,Neutral,1.303,1.397,34.6,27.6,37.9,33.9,5.9,7.3,39.1,6.0,7.9,47.1,52.9,"[{""score"": ""1 - 1"", ""pct"": 12.17}, {""score"": ""1 - 0"", ""pct"": 9.13}, {""score"": ""0 - 1"", ""pct"": 8.82}]"
Jordan,Panama,Neutral,1.2,1.5,29.4,27.3,43.3,29.3,5.2,6.6,44.6,6.5,7.9,41.1,58.9,"[{""score"": ""1 - 1"", ""pct"": 12.11}, {""score"": ""0 - 1"", ""pct"": 10.15}, {""score"": ""1 - 2"", ""pct"": 8.63}]"
Jordan,Bosnia and Herzegovina,Neutral,1.959,0.741,66.2,21.5,12.3,66.0,7.4,8.6,12.6,2.3,3.1,81.9,18.1,"[{""score"": ""1 - 0"", ""pct"": 13.73}, {""score"": ""2 - 0"", ""pct"": 12.57}, {""score"": ""1 - 1"", ""pct"": 9.610000000000001}]"
Jordan,Czech Republic,Neutral,1.552,1.148,45.9,26.5,27.7,47.8,6.9,8.0,26.6,4.7,6.1,62.6,37.4,"[{""score"": ""1 - 1"", ""pct"": 11.799999999999999}, {""score"": ""1 - 0"", ""pct"": 10.68}, {""score"": ""2 - 1"", ""pct"": 9.35}]"
Jordan,Switzerland,Neutral,1.084,1.616,24.9,26.4,48.8,25.1,4.3,5.6,49.2,7.3,8.5,34.9,65.1,"[{""score"": ""1 - 1"", ""pct"": 12.21}, {""score"": ""0 - 1"", ""pct"": 10.86}, {""score"": ""1 - 2"", ""pct"": 9.229999999999999}]"
Jordan,Argentina,Neutral,0.535,2.165,6.7,17.7,75.5,6.6,1.4,2.0,75.5,6.9,7.6,10.0,90.0,"[{""score"": ""0 - 2"", ""pct"": 16.2}, {""score"": ""0 - 1"", ""pct"": 15.09}, {""score"": ""0 - 3"", ""pct"": 10.84}]"
Jordan,Uzbekistan,Neutral,1.232,1.468,30.5,26.9,42.6,30.5,5.5,7.1,42.3,6.6,8.0,43.1,56.9,"[{""score"": ""1 - 1"", ""pct"": 12.13}, {""score"": ""0 - 1"", ""pct"": 10.209999999999999}, {""score"": ""1 - 2"", ""pct"": 9.0}]"
Jordan,Belgium,Neutral,1.062,1.638,24.2,24.6,51.1,23.2,4.9,5.7,50.0,7.3,8.9,33.8,66.2,"[{""score"": ""1 - 1"", ""pct"": 11.41}, {""score"": ""0 - 1"", ""pct"": 11.09}, {""score"": ""0 - 2"", ""pct"": 9.520000000000001}]"
Jordan,Australia,Neutral,1.005,1.695,21.0,24.9,54.2,21.1,4.3,4.8,53.7,7.5,8.6,30.2,69.8,"[{""score"": ""0 - 1"", ""pct"": 11.67}, {""score"": ""1 - 1"", ""pct"": 11.19}, {""score"": ""1 - 2"", ""pct"": 10.42}]"
Jordan,Paraguay,Neutral,1.096,1.604,24.7,25.9,49.4,24.9,4.5,5.2,50.1,7.1,8.2,34.6,65.4,"[{""score"": ""1 - 1"", ""pct"": 11.84}, {""score"": ""0 - 1"", ""pct"": 11.55}, {""score"": ""1 - 2"", ""pct"": 10.11}]"
Jordan,Egypt,Neutral,1.419,1.281,40.3,26.9,32.8,40.9,6.4,7.6,32.4,5.6,7.0,55.0,45.0,"[{""score"": ""1 - 1"", ""pct"": 12.13}, {""score"": ""1 - 0"", ""pct"": 9.71}, {""score"": ""0 - 1"", ""pct"": 8.83}]"
Jordan,Ecuador,Neutral,0.819,1.881,14.2,22.0,63.7,14.5,2.7,4.2,62.7,7.4,8.5,21.4,78.6,"[{""score"": ""0 - 1"", ""pct"": 13.089999999999998}, {""score"": ""0 - 2"", ""pct"": 12.33}, {""score"": ""1 - 1"", ""pct"": 9.89}]"
Jordan,Cape Verde,Neutral,1.826,0.874,60.8,23.7,15.4,60.5,7.4,8.3,16.7,3.0,4.0,76.3,23.8,"[{""score"": ""1 - 0"", ""pct"": 13.0}, {""score"": ""2 - 0"", ""pct"": 11.700000000000001}, {""score"": ""1 - 1"", ""pct"": 10.530000000000001}]"
Jordan,Germany,Neutral,0.94,1.76,19.3,24.1,56.6,19.0,3.5,4.7,56.7,7.8,8.3,27.2,72.8,"[{""score"": ""0 - 1"", ""pct"": 12.53}, {""score"": ""1 - 1"", ""pct"": 10.94}, {""score"": ""1 - 2"", ""pct"": 10.040000000000001}]"
Jordan,DR Congo,Neutral,1.503,1.197,44.0,26.7,29.3,43.5,6.7,8.2,29.6,5.4,6.6,58.4,41.6,"[{""score"": ""1 - 1"", ""pct"": 12.709999999999999}, {""score"": ""1 - 0"", ""pct"": 10.72}, {""score"": ""2 - 1"", ""pct"": 9.33}]"
Jordan,Croatia,Neutral,0.998,1.702,20.9,25.3,53.8,21.2,3.5,5.3,54.1,7.5,8.3,30.1,70.0,"[{""score"": ""0 - 1"", ""pct"": 11.81}, {""score"": ""1 - 1"", ""pct"": 11.540000000000001}, {""score"": ""1 - 2"", ""pct"": 10.22}]"
Jordan,Turkey,Neutral,1.047,1.653,22.8,26.7,50.4,23.0,4.1,5.5,50.9,7.4,9.1,32.5,67.5,"[{""score"": ""1 - 1"", ""pct"": 11.97}, {""score"": ""0 - 1"", ""pct"": 11.48}, {""score"": ""1 - 2"", ""pct"": 9.379999999999999}]"
Jordan,Uruguay,Neutral,0.936,1.764,18.5,24.2,57.3,18.1,3.3,4.8,57.4,7.4,8.9,26.2,73.8,"[{""score"": ""0 - 1"", ""pct"": 12.26}, {""score"": ""1 - 1"", ""pct"": 10.620000000000001}, {""score"": ""1 - 2"", ""pct"": 10.42}]"
Jordan,New Zealand,Neutral,1.625,1.075,50.3,25.6,24.1,50.4,7.2,8.2,23.8,4.3,6.1,65.8,34.2,"[{""score"": ""1 - 0"", ""pct"": 11.55}, {""score"": ""1 - 1"", ""pct"": 11.37}, {""score"": ""2 - 1"", ""pct"": 10.22}]"
Jordan,United States,Neutral,1.318,1.382,34.9,27.5,37.6,35.3,5.8,6.9,38.2,6.3,7.4,48.0,52.0,"[{""score"": ""1 - 1"", ""pct"": 12.57}, {""score"": ""0 - 1"", ""pct"": 9.47}, {""score"": ""1 - 0"", ""pct"": 9.06}]"
Jordan,Senegal,Neutral,1.075,1.625,23.9,25.7,50.4,24.0,4.4,5.5,50.8,6.8,8.5,33.9,66.1,"[{""score"": ""1 - 1"", ""pct"": 11.62}, {""score"": ""0 - 1"", ""pct"": 11.1}, {""score"": ""1 - 2"", ""pct"": 10.13}]"
Jordan,Brazil,Neutral,0.743,1.957,11.5,21.4,67.0,12.5,2.6,3.3,66.2,7.2,8.2,18.4,81.6,"[{""score"": ""0 - 1"", ""pct"": 14.01}, {""score"": ""0 - 2"", ""pct"": 12.989999999999998}, {""score"": ""1 - 2"", ""pct"": 9.959999999999999}]"
Jordan,Ivory Coast,Neutral,1.379,1.321,37.3,27.1,35.6,37.6,6.1,7.5,35.9,5.8,7.3,51.1,48.9,"[{""score"": ""1 - 1"", ""pct"": 12.18}, {""score"": ""0 - 1"", ""pct"": 9.08}, {""score"": ""1 - 0"", ""pct"": 8.9}]"
Jordan,France,Neutral,0.655,2.045,10.3,20.2,69.5,9.7,2.0,2.6,70.5,7.3,7.9,14.3,85.7,"[{""score"": ""0 - 1"", ""pct"": 13.98}, {""score"": ""0 - 2"", ""pct"": 13.639999999999999}, {""score"": ""1 - 1"", ""pct"": 9.07}]"
Morocco,Netherlands,Neutral,1.429,1.271,40.5,26.3,33.1,40.7,6.4,7.5,32.8,5.6,6.9,54.6,45.4,"[{""score"": ""1 - 1"", ""pct"": 11.85}, {""score"": ""1 - 0"", ""pct"": 9.82}, {""score"": ""2 - 1"", ""pct"": 8.93}]"
Morocco,South Africa,Neutral,2.144,0.556,74.2,18.1,7.7,74.3,6.9,7.8,7.6,1.5,1.9,89.0,11.0,"[{""score"": ""2 - 0"", ""pct"": 15.049999999999999}, {""score"": ""1 - 0"", ""pct"": 14.719999999999999}, {""score"": ""3 - 0"", ""pct"": 10.8}]"
Morocco,Japan,Neutral,1.303,1.397,35.1,26.7,38.1,34.3,5.8,7.1,38.5,6.5,7.8,47.2,52.8,"[{""score"": ""1 - 1"", ""pct"": 12.29}, {""score"": ""0 - 1"", ""pct"": 9.610000000000001}, {""score"": ""1 - 0"", ""pct"": 9.229999999999999}]"
Morocco,Scotland,Neutral,1.867,0.833,61.8,23.4,14.8,62.0,7.7,8.9,14.7,3.0,3.6,78.6,21.4,"[{""score"": ""1 - 0"", ""pct"": 13.209999999999999}, {""score"": ""2 - 0"", ""pct"": 11.52}, {""score"": ""1 - 1"", ""pct"": 10.48}]"
Morocco,Algeria,Neutral,1.64,1.06,50.5,26.1,23.3,51.5,7.2,8.4,23.2,4.0,5.6,67.2,32.8,"[{""score"": ""1 - 1"", ""pct"": 11.799999999999999}, {""score"": ""1 - 0"", ""pct"": 11.55}, {""score"": ""2 - 1"", ""pct"": 9.04}]"
Morocco,Canada,Neutral,1.631,1.069,50.1,25.4,24.6,49.9,7.1,8.8,24.4,4.1,5.7,65.8,34.2,"[{""score"": ""1 - 1"", ""pct"": 11.55}, {""score"": ""1 - 0"", ""pct"": 11.27}, {""score"": ""2 - 1"", ""pct"": 9.58}]"
Morocco,Haiti,Neutral,2.018,0.682,68.4,20.8,10.8,69.4,7.3,8.0,10.6,1.9,2.9,84.7,15.3,"[{""score"": ""1 - 0"", ""pct"": 13.900000000000002}, {""score"": ""2 - 0"", ""pct"": 13.170000000000002}, {""score"": ""2 - 1"", ""pct"": 9.58}]"
Morocco,Spain,Neutral,0.833,1.867,15.0,22.9,62.1,15.1,3.0,3.9,62.2,7.5,8.3,21.9,78.1,"[{""score"": ""0 - 1"", ""pct"": 13.059999999999999}, {""score"": ""0 - 2"", ""pct"": 11.32}, {""score"": ""1 - 1"", ""pct"": 9.98}]"
Morocco,Saudi Arabia,Neutral,2.062,0.638,71.3,19.4,9.3,71.4,6.9,7.8,9.4,2.0,2.5,86.1,13.9,"[{""score"": ""2 - 0"", ""pct"": 14.2}, {""score"": ""1 - 0"", ""pct"": 14.180000000000001}, {""score"": ""3 - 0"", ""pct"": 9.71}]"
Morocco,Colombia,Neutral,1.214,1.486,29.8,27.2,43.0,30.1,5.6,6.9,43.0,6.4,8.1,42.6,57.5,"[{""score"": ""1 - 1"", ""pct"": 12.43}, {""score"": ""0 - 1"", ""pct"": 10.08}, {""score"": ""1 - 2"", ""pct"": 9.02}]"
Morocco,Portugal,Neutral,1.296,1.404,34.5,27.0,38.5,34.4,5.7,7.2,38.7,6.6,7.4,47.3,52.7,"[{""score"": ""1 - 1"", ""pct"": 12.26}, {""score"": ""0 - 1"", ""pct"": 9.83}, {""score"": ""1 - 0"", ""pct"": 8.62}]"
Morocco,Sweden,Neutral,2.066,0.634,71.5,18.9,9.6,71.4,7.8,7.9,8.8,1.9,2.3,87.1,12.9,"[{""score"": ""2 - 0"", ""pct"": 14.31}, {""score"": ""1 - 0"", ""pct"": 14.149999999999999}, {""score"": ""3 - 0"", ""pct"": 9.68}]"
Morocco,Jordan,Neutral,1.848,0.852,61.1,22.8,16.1,60.8,7.2,8.9,16.2,3.0,3.9,76.9,23.1,"[{""score"": ""1 - 0"", ""pct"": 12.8}, {""score"": ""2 - 0"", ""pct"": 11.5}, {""score"": ""1 - 1"", ""pct"": 10.11}]"
Morocco,Iraq,Neutral,1.986,0.714,67.1,20.9,11.9,68.3,7.2,8.0,11.2,2.3,3.0,83.5,16.5,"[{""score"": ""1 - 0"", ""pct"": 14.069999999999999}, {""score"": ""2 - 0"", ""pct"": 12.44}, {""score"": ""1 - 1"", ""pct"": 9.610000000000001}]"
Morocco,Tunisia,Neutral,1.986,0.714,67.4,21.4,11.2,67.3,7.7,8.3,11.8,2.1,2.9,83.2,16.8,"[{""score"": ""1 - 0"", ""pct"": 13.79}, {""score"": ""2 - 0"", ""pct"": 13.139999999999999}, {""score"": ""1 - 1"", ""pct"": 9.56}]"
Morocco,Qatar,Neutral,2.255,0.445,79.6,15.2,5.2,79.7,6.2,6.4,5.0,1.2,1.5,92.3,7.7,"[{""score"": ""2 - 0"", ""pct"": 17.02}, {""score"": ""1 - 0"", ""pct"": 16.18}, {""score"": ""3 - 0"", ""pct"": 12.690000000000001}]"
Morocco,Curaçao,Neutral,2.195,0.505,76.7,16.7,6.7,77.3,6.3,7.5,5.9,1.2,1.8,91.1,8.9,"[{""score"": ""2 - 0"", ""pct"": 16.21}, {""score"": ""1 - 0"", ""pct"": 15.39}, {""score"": ""3 - 0"", ""pct"": 11.67}]"
Morocco,Iran,Neutral,1.57,1.13,47.5,26.4,26.1,48.1,7.0,7.8,26.2,4.8,6.2,62.9,37.1,"[{""score"": ""1 - 1"", ""pct"": 12.030000000000001}, {""score"": ""1 - 0"", ""pct"": 11.33}, {""score"": ""2 - 1"", ""pct"": 9.71}]"
Morocco,South Korea,Neutral,1.613,1.087,49.1,25.4,25.4,49.3,7.0,8.8,24.7,4.3,5.9,65.1,34.9,"[{""score"": ""1 - 1"", ""pct"": 11.3}, {""score"": ""1 - 0"", ""pct"": 11.219999999999999}, {""score"": ""2 - 1"", ""pct"": 9.47}]"
Morocco,Ghana,Neutral,2.185,0.515,76.9,16.5,6.7,76.8,6.9,7.3,6.2,1.1,1.8,91.0,9.1,"[{""score"": ""1 - 0"", ""pct"": 16.0}, {""score"": ""2 - 0"", ""pct"": 15.58}, {""score"": ""3 - 0"", ""pct"": 11.25}]"
Morocco,Norway,Neutral,1.552,1.148,47.6,25.4,27.0,46.2,7.4,8.0,27.3,4.8,6.3,61.5,38.5,"[{""score"": ""1 - 1"", ""pct"": 11.59}, {""score"": ""1 - 0"", ""pct"": 10.61}, {""score"": ""2 - 1"", ""pct"": 9.520000000000001}]"
Morocco,England,Neutral,1.162,1.538,27.1,27.5,45.5,27.6,4.8,6.5,45.9,7.0,8.3,38.8,61.2,"[{""score"": ""1 - 1"", ""pct"": 12.5}, {""score"": ""0 - 1"", ""pct"": 10.83}, {""score"": ""1 - 2"", ""pct"": 8.93}]"
Morocco,Mexico,Neutral,1.408,1.292,38.7,27.6,33.8,38.6,6.5,7.9,34.5,5.5,7.0,53.0,47.0,"[{""score"": ""1 - 1"", ""pct"": 12.620000000000001}, {""score"": ""1 - 0"", ""pct"": 9.84}, {""score"": ""0 - 1"", ""pct"": 8.68}]"
Morocco,Austria,Neutral,1.81,0.89,60.1,23.1,16.8,59.4,7.6,9.0,16.6,3.2,4.2,76.0,24.0,"[{""score"": ""1 - 0"", ""pct"": 12.58}, {""score"": ""2 - 0"", ""pct"": 10.65}, {""score"": ""1 - 1"", ""pct"": 10.489999999999998}]"
Morocco,Panama,Neutral,1.721,0.979,54.8,24.7,20.5,55.3,7.4,8.7,19.7,3.7,5.2,71.4,28.6,"[{""score"": ""1 - 0"", ""pct"": 12.23}, {""score"": ""1 - 1"", ""pct"": 10.69}, {""score"": ""2 - 1"", ""pct"": 10.100000000000001}]"
Morocco,Bosnia and Herzegovina,Neutral,2.235,0.465,78.6,16.3,5.1,79.0,6.7,6.4,5.3,1.1,1.5,92.2,7.8,"[{""score"": ""2 - 0"", ""pct"": 16.86}, {""score"": ""1 - 0"", ""pct"": 15.870000000000001}, {""score"": ""3 - 0"", ""pct"": 11.709999999999999}]"
Morocco,Czech Republic,Neutral,1.996,0.704,68.2,20.4,11.4,67.5,7.5,8.2,11.4,2.3,3.1,83.3,16.7,"[{""score"": ""1 - 0"", ""pct"": 13.86}, {""score"": ""2 - 0"", ""pct"": 13.61}, {""score"": ""2 - 1"", ""pct"": 9.31}]"
Morocco,Switzerland,Neutral,1.61,1.09,48.6,27.0,24.4,49.5,6.9,8.6,25.1,4.5,5.4,65.0,35.0,"[{""score"": ""1 - 1"", ""pct"": 12.280000000000001}, {""score"": ""1 - 0"", ""pct"": 11.459999999999999}, {""score"": ""2 - 1"", ""pct"": 9.58}]"
Morocco,Argentina,Neutral,0.873,1.827,16.4,23.5,60.1,16.8,3.2,3.9,60.2,7.4,8.5,23.9,76.1,"[{""score"": ""0 - 1"", ""pct"": 13.08}, {""score"": ""1 - 1"", ""pct"": 11.03}, {""score"": ""0 - 2"", ""pct"": 10.83}]"
Morocco,Uzbekistan,Neutral,1.75,0.95,55.9,24.6,19.5,56.9,7.6,8.7,18.8,3.4,4.7,73.2,26.9,"[{""score"": ""1 - 0"", ""pct"": 11.78}, {""score"": ""1 - 1"", ""pct"": 11.07}, {""score"": ""2 - 1"", ""pct"": 10.14}]"
Morocco,Belgium,Neutral,1.588,1.112,47.4,26.5,26.2,49.4,7.0,8.7,24.9,4.4,5.6,65.1,34.9,"[{""score"": ""1 - 1"", ""pct"": 12.09}, {""score"": ""1 - 0"", ""pct"": 10.52}, {""score"": ""2 - 1"", ""pct"": 9.62}]"
Morocco,Australia,Neutral,1.529,1.171,45.2,27.2,27.7,45.0,6.9,8.6,28.4,5.0,6.2,60.5,39.5,"[{""score"": ""1 - 1"", ""pct"": 12.13}, {""score"": ""1 - 0"", ""pct"": 10.27}, {""score"": ""2 - 1"", ""pct"": 9.48}]"
Morocco,Paraguay,Neutral,1.622,1.078,50.2,25.7,24.1,50.4,7.0,8.2,24.0,4.3,6.0,65.7,34.3,"[{""score"": ""1 - 1"", ""pct"": 11.73}, {""score"": ""1 - 0"", ""pct"": 11.19}, {""score"": ""2 - 1"", ""pct"": 9.91}]"
Morocco,Egypt,Neutral,1.902,0.798,63.6,22.8,13.6,64.4,7.2,8.6,13.2,2.8,3.8,80.2,19.8,"[{""score"": ""1 - 0"", ""pct"": 12.989999999999998}, {""score"": ""2 - 0"", ""pct"": 11.93}, {""score"": ""1 - 1"", ""pct"": 10.7}]"
Morocco,Ecuador,Neutral,1.308,1.392,33.8,28.0,38.2,34.4,5.6,7.2,38.8,6.2,7.8,47.2,52.8,"[{""score"": ""1 - 1"", ""pct"": 12.16}, {""score"": ""0 - 1"", ""pct"": 9.65}, {""score"": ""1 - 0"", ""pct"": 9.049999999999999}]"
Morocco,Cape Verde,Neutral,2.164,0.536,75.6,17.4,7.0,76.2,6.9,7.3,6.7,1.2,1.8,90.4,9.6,"[{""score"": ""2 - 0"", ""pct"": 15.53}, {""score"": ""1 - 0"", ""pct"": 15.379999999999999}, {""score"": ""3 - 0"", ""pct"": 11.020000000000001}]"
Morocco,Germany,Neutral,1.455,1.245,40.9,26.4,32.7,41.4,6.3,8.1,32.1,5.4,6.7,55.8,44.2,"[{""score"": ""1 - 1"", ""pct"": 11.75}, {""score"": ""1 - 0"", ""pct"": 9.99}, {""score"": ""0 - 1"", ""pct"": 9.01}]"
Morocco,DR Congo,Neutral,1.962,0.738,66.9,20.4,12.6,66.9,7.8,8.0,12.0,2.3,3.0,82.7,17.3,"[{""score"": ""1 - 0"", ""pct"": 13.68}, {""score"": ""2 - 0"", ""pct"": 13.23}, {""score"": ""2 - 1"", ""pct"": 9.77}]"
Morocco,Croatia,Neutral,1.521,1.179,44.8,26.1,29.1,45.0,6.9,8.7,28.2,5.2,6.1,60.5,39.5,"[{""score"": ""1 - 1"", ""pct"": 12.13}, {""score"": ""1 - 0"", ""pct"": 10.69}, {""score"": ""2 - 1"", ""pct"": 8.92}]"
Morocco,Turkey,Neutral,1.573,1.127,47.3,26.1,26.6,47.9,7.3,8.2,25.7,4.8,6.1,63.4,36.6,"[{""score"": ""1 - 1"", ""pct"": 12.370000000000001}, {""score"": ""1 - 0"", ""pct"": 10.58}, {""score"": ""2 - 1"", ""pct"": 9.09}]"
Morocco,Uruguay,Neutral,1.451,1.249,40.7,27.1,32.2,42.2,6.2,8.0,31.8,5.1,6.6,56.4,43.6,"[{""score"": ""1 - 1"", ""pct"": 12.42}, {""score"": ""1 - 0"", ""pct"": 9.67}, {""score"": ""2 - 1"", ""pct"": 8.88}]"
Morocco,New Zealand,Neutral,2.044,0.656,71.3,19.2,9.5,70.2,7.2,8.1,9.8,2.0,2.7,85.5,14.5,"[{""score"": ""1 - 0"", ""pct"": 14.48}, {""score"": ""2 - 0"", ""pct"": 13.73}, {""score"": ""2 - 1"", ""pct"": 9.62}]"
Morocco,United States,Neutral,1.823,0.877,59.5,23.9,16.6,59.7,7.6,8.3,16.7,3.3,4.3,75.6,24.4,"[{""score"": ""1 - 0"", ""pct"": 12.13}, {""score"": ""2 - 0"", ""pct"": 11.05}, {""score"": ""1 - 1"", ""pct"": 10.75}]"
Morocco,Senegal,Neutral,1.601,1.099,48.6,26.2,25.1,48.3,7.6,8.6,25.3,4.4,5.8,64.5,35.5,"[{""score"": ""1 - 1"", ""pct"": 11.709999999999999}, {""score"": ""1 - 0"", ""pct"": 11.110000000000001}, {""score"": ""2 - 1"", ""pct"": 9.31}]"
Morocco,Brazil,Neutral,1.204,1.496,29.6,25.8,44.5,29.6,5.8,6.5,42.8,7.1,8.3,41.8,58.2,"[{""score"": ""1 - 1"", ""pct"": 11.51}, {""score"": ""0 - 1"", ""pct"": 10.35}, {""score"": ""1 - 2"", ""pct"": 9.46}]"
Morocco,Ivory Coast,Neutral,1.871,0.829,61.8,23.3,14.9,62.5,7.8,8.4,14.7,2.9,3.6,78.7,21.3,"[{""score"": ""1 - 0"", ""pct"": 13.569999999999999}, {""score"": ""2 - 0"", ""pct"": 10.96}, {""score"": ""1 - 1"", ""pct"": 10.27}]"
Morocco,France,Neutral,1.073,1.627,24.1,25.0,50.9,23.1,4.5,5.5,50.9,7.5,8.5,33.1,66.9,"[{""score"": ""1 - 1"", ""pct"": 11.25}, {""score"": ""0 - 1"", ""pct"": 11.17}, {""score"": ""1 - 2"", ""pct"": 9.67}]"
Iraq,Netherlands,Neutral,0.769,1.931,13.3,22.1,64.6,13.1,2.5,3.1,66.0,7.2,8.2,18.6,81.4,"[{""score"": ""0 - 1"", ""pct"": 13.170000000000002}, {""score"": ""0 - 2"", ""pct"": 12.34}, {""score"": ""1 - 1"", ""pct"": 10.280000000000001}]"
Iraq,South Africa,Neutral,1.622,1.078,50.3,26.0,23.7,50.0,7.0,8.5,24.2,4.5,5.7,65.6,34.4,"[{""score"": ""1 - 1"", ""pct"": 12.07}, {""score"": ""1 - 0"", ""pct"": 11.700000000000001}, {""score"": ""2 - 1"", ""pct"": 9.969999999999999}]"
Iraq,Japan,Neutral,0.683,2.017,10.4,20.2,69.3,10.3,2.5,2.8,69.3,6.7,8.5,15.6,84.4,"[{""score"": ""0 - 1"", ""pct"": 14.219999999999999}, {""score"": ""0 - 2"", ""pct"": 13.850000000000001}, {""score"": ""1 - 2"", ""pct"": 9.229999999999999}]"
Iraq,Scotland,Neutral,1.186,1.514,29.1,26.7,44.2,28.6,5.4,6.7,44.8,6.6,8.0,40.6,59.3,"[{""score"": ""1 - 1"", ""pct"": 11.540000000000001}, {""score"": ""0 - 1"", ""pct"": 10.530000000000001}, {""score"": ""1 - 2"", ""pct"": 9.41}]"
Iraq,Algeria,Neutral,0.941,1.759,19.5,24.6,55.9,19.4,3.6,4.9,56.2,7.4,8.6,27.9,72.1,"[{""score"": ""0 - 1"", ""pct"": 12.31}, {""score"": ""0 - 2"", ""pct"": 10.979999999999999}, {""score"": ""1 - 1"", ""pct"": 10.94}]"
Iraq,Canada,Neutral,0.933,1.767,18.7,24.2,57.1,18.9,3.4,4.4,57.0,7.3,9.0,26.7,73.3,"[{""score"": ""0 - 1"", ""pct"": 12.01}, {""score"": ""1 - 1"", ""pct"": 11.03}, {""score"": ""1 - 2"", ""pct"": 10.38}]"
Iraq,Haiti,Neutral,1.399,1.301,39.2,27.0,33.8,39.5,6.2,7.6,33.9,5.8,7.1,53.2,46.8,"[{""score"": ""1 - 1"", ""pct"": 12.53}, {""score"": ""1 - 0"", ""pct"": 10.24}, {""score"": ""0 - 1"", ""pct"": 8.64}]"
Iraq,Spain,Neutral,0.443,2.257,4.8,16.3,78.9,4.5,0.8,1.4,80.5,6.3,6.6,6.7,93.3,"[{""score"": ""0 - 2"", ""pct"": 16.689999999999998}, {""score"": ""0 - 1"", ""pct"": 15.43}, {""score"": ""0 - 3"", ""pct"": 12.5}]"
Iraq,Saudi Arabia,Neutral,1.471,1.229,41.2,27.2,31.6,42.5,6.6,8.5,30.4,5.7,6.3,57.6,42.4,"[{""score"": ""1 - 1"", ""pct"": 12.41}, {""score"": ""1 - 0"", ""pct"": 10.11}, {""score"": ""2 - 1"", ""pct"": 9.13}]"
Iraq,Colombia,Neutral,0.629,2.071,9.2,19.1,71.7,8.9,2.0,2.3,71.4,7.2,8.2,13.2,86.8,"[{""score"": ""0 - 1"", ""pct"": 14.87}, {""score"": ""0 - 2"", ""pct"": 14.610000000000001}, {""score"": ""0 - 3"", ""pct"": 9.32}]"
Iraq,Portugal,Neutral,0.679,2.021,10.3,19.8,69.9,10.0,1.9,2.8,69.8,7.4,8.1,14.7,85.3,"[{""score"": ""0 - 1"", ""pct"": 14.37}, {""score"": ""0 - 2"", ""pct"": 13.84}, {""score"": ""1 - 2"", ""pct"": 9.34}]"
Iraq,Sweden,Neutral,1.478,1.222,42.7,27.1,30.3,42.2,6.5,8.1,30.8,5.4,7.0,56.8,43.2,"[{""score"": ""1 - 1"", ""pct"": 12.25}, {""score"": ""1 - 0"", ""pct"": 10.059999999999999}, {""score"": ""2 - 1"", ""pct"": 9.19}]"
Iraq,Jordan,Neutral,1.163,1.537,27.7,26.5,45.9,27.8,5.1,6.4,45.2,6.7,8.8,39.3,60.7,"[{""score"": ""1 - 1"", ""pct"": 11.700000000000001}, {""score"": ""0 - 1"", ""pct"": 10.440000000000001}, {""score"": ""1 - 2"", ""pct"": 9.790000000000001}]"
Iraq,Morocco,Neutral,0.714,1.986,11.0,21.0,68.0,11.8,2.2,3.1,67.3,7.4,8.1,17.1,82.9,"[{""score"": ""0 - 1"", ""pct"": 14.399999999999999}, {""score"": ""0 - 2"", ""pct"": 13.22}, {""score"": ""1 - 1"", ""pct"": 9.32}]"
Iraq,Tunisia,Neutral,1.349,1.351,36.4,27.7,35.9,36.2,6.1,7.5,36.3,6.1,7.8,49.8,50.2,"[{""score"": ""1 - 1"", ""pct"": 12.4}, {""score"": ""1 - 0"", ""pct"": 9.520000000000001}, {""score"": ""0 - 1"", ""pct"": 9.15}]"
Iraq,Qatar,Neutral,1.862,0.838,61.8,23.3,14.8,61.5,7.4,8.8,15.6,2.8,4.0,77.7,22.3,"[{""score"": ""1 - 0"", ""pct"": 13.209999999999999}, {""score"": ""2 - 0"", ""pct"": 11.25}, {""score"": ""1 - 1"", ""pct"": 10.58}]"
Iraq,Curaçao,Neutral,1.725,0.975,54.8,24.7,20.5,56.8,7.3,8.3,19.4,3.4,4.8,72.4,27.6,"[{""score"": ""1 - 0"", ""pct"": 12.82}, {""score"": ""1 - 1"", ""pct"": 11.3}, {""score"": ""2 - 0"", ""pct"": 9.700000000000001}]"
Iraq,Iran,Neutral,0.879,1.821,16.6,23.8,59.6,17.4,3.0,4.2,59.9,7.3,8.3,24.6,75.5,"[{""score"": ""0 - 1"", ""pct"": 13.07}, {""score"": ""1 - 1"", ""pct"": 10.82}, {""score"": ""0 - 2"", ""pct"": 10.81}]"
Iraq,South Korea,Neutral,0.917,1.783,17.9,24.0,58.1,18.1,3.6,4.7,57.8,7.3,8.5,26.4,73.6,"[{""score"": ""0 - 1"", ""pct"": 12.53}, {""score"": ""1 - 1"", ""pct"": 10.94}, {""score"": ""0 - 2"", ""pct"": 10.530000000000001}]"
Iraq,Ghana,Neutral,1.704,0.996,54.2,25.0,20.8,54.3,7.2,7.9,21.2,4.0,5.3,69.5,30.6,"[{""score"": ""1 - 0"", ""pct"": 11.76}, {""score"": ""1 - 1"", ""pct"": 10.95}, {""score"": ""2 - 1"", ""pct"": 9.879999999999999}]"
Iraq,Norway,Neutral,0.864,1.836,16.5,23.4,60.1,16.3,2.9,4.6,60.1,8.0,8.1,23.8,76.2,"[{""score"": ""0 - 1"", ""pct"": 12.64}, {""score"": ""0 - 2"", ""pct"": 10.93}, {""score"": ""1 - 1"", ""pct"": 10.69}]"
Iraq,England,Neutral,0.6,2.1,8.1,18.7,73.2,8.2,1.7,2.2,72.5,7.4,8.0,12.1,87.9,"[{""score"": ""0 - 2"", ""pct"": 15.07}, {""score"": ""0 - 1"", ""pct"": 14.899999999999999}, {""score"": ""0 - 3"", ""pct"": 10.26}]"
Iraq,Mexico,Neutral,0.753,1.947,12.9,21.5,65.6,11.7,2.5,3.0,66.1,8.0,8.6,17.2,82.8,"[{""score"": ""0 - 1"", ""pct"": 13.34}, {""score"": ""0 - 2"", ""pct"": 13.03}, {""score"": ""1 - 1"", ""pct"": 9.84}]"
Iraq,Austria,Neutral,1.117,1.583,25.9,26.0,48.1,26.2,4.7,6.2,47.3,7.5,8.1,37.0,63.0,"[{""score"": ""1 - 1"", ""pct"": 11.85}, {""score"": ""0 - 1"", ""pct"": 11.110000000000001}, {""score"": ""1 - 2"", ""pct"": 9.229999999999999}]"
Iraq,Panama,Neutral,1.02,1.68,21.7,25.1,53.2,21.6,3.5,5.5,53.6,7.5,8.3,30.6,69.4,"[{""score"": ""0 - 1"", ""pct"": 11.89}, {""score"": ""1 - 1"", ""pct"": 11.06}, {""score"": ""1 - 2"", ""pct"": 9.76}]"
Iraq,Bosnia and Herzegovina,Neutral,1.816,0.884,58.9,24.3,16.8,59.1,7.6,8.8,17.2,3.4,3.9,75.5,24.5,"[{""score"": ""1 - 0"", ""pct"": 12.22}, {""score"": ""2 - 0"", ""pct"": 11.450000000000001}, {""score"": ""1 - 1"", ""pct"": 11.110000000000001}]"
Iraq,Czech Republic,Neutral,1.365,1.335,37.4,26.4,36.2,37.5,6.1,7.5,35.4,6.0,7.6,51.1,48.9,"[{""score"": ""1 - 1"", ""pct"": 11.4}, {""score"": ""1 - 0"", ""pct"": 9.71}, {""score"": ""0 - 1"", ""pct"": 9.17}]"
Iraq,Switzerland,Neutral,0.914,1.786,17.7,23.9,58.4,18.4,3.5,4.1,58.6,7.1,8.3,26.0,74.0,"[{""score"": ""0 - 1"", ""pct"": 12.43}, {""score"": ""1 - 1"", ""pct"": 10.6}, {""score"": ""0 - 2"", ""pct"": 10.51}]"
Iraq,Argentina,Neutral,0.46,2.24,5.3,16.1,78.6,4.7,1.0,1.5,78.6,7.0,7.2,7.2,92.8,"[{""score"": ""0 - 2"", ""pct"": 16.96}, {""score"": ""0 - 1"", ""pct"": 15.559999999999999}, {""score"": ""0 - 3"", ""pct"": 12.08}]"
Iraq,Uzbekistan,Neutral,1.051,1.649,23.3,25.7,51.0,23.9,4.3,5.4,50.8,7.1,8.6,33.6,66.4,"[{""score"": ""1 - 1"", ""pct"": 11.85}, {""score"": ""0 - 1"", ""pct"": 11.43}, {""score"": ""1 - 2"", ""pct"": 9.41}]"
Iraq,Belgium,Neutral,0.895,1.805,16.6,23.9,59.5,17.0,3.4,4.5,58.4,7.6,9.0,24.9,75.1,"[{""score"": ""0 - 1"", ""pct"": 12.41}, {""score"": ""0 - 2"", ""pct"": 11.04}, {""score"": ""1 - 1"", ""pct"": 10.72}]"
Iraq,Australia,Neutral,0.845,1.855,15.9,22.9,61.1,15.9,3.1,4.0,60.7,8.0,8.2,23.0,77.0,"[{""score"": ""0 - 1"", ""pct"": 12.45}, {""score"": ""0 - 2"", ""pct"": 11.42}, {""score"": ""1 - 1"", ""pct"": 10.41}]"
Iraq,Paraguay,Neutral,0.925,1.775,18.8,24.3,57.0,18.3,3.4,4.5,57.8,7.2,8.7,26.2,73.7,"[{""score"": ""0 - 1"", ""pct"": 12.09}, {""score"": ""1 - 1"", ""pct"": 11.020000000000001}, {""score"": ""0 - 2"", ""pct"": 10.23}]"
Iraq,Egypt,Neutral,1.231,1.469,30.7,26.5,42.8,30.8,5.4,6.8,42.0,6.8,8.2,43.0,57.0,"[{""score"": ""1 - 1"", ""pct"": 12.34}, {""score"": ""0 - 1"", ""pct"": 10.459999999999999}, {""score"": ""1 - 2"", ""pct"": 8.98}]"
Iraq,Ecuador,Neutral,0.686,2.014,10.2,20.1,69.7,10.5,2.1,2.7,69.6,7.0,8.2,15.2,84.8,"[{""score"": ""0 - 1"", ""pct"": 14.56}, {""score"": ""0 - 2"", ""pct"": 13.569999999999999}, {""score"": ""1 - 2"", ""pct"": 9.83}]"
Iraq,Cape Verde,Neutral,1.662,1.038,52.5,24.7,22.8,51.8,7.0,8.8,22.6,4.3,5.4,67.6,32.4,"[{""score"": ""1 - 0"", ""pct"": 11.67}, {""score"": ""1 - 1"", ""pct"": 11.020000000000001}, {""score"": ""2 - 1"", ""pct"": 9.8}]"
Iraq,Germany,Neutral,0.788,1.912,13.2,22.1,64.7,14.2,2.5,3.4,63.9,7.5,8.6,20.0,80.0,"[{""score"": ""0 - 1"", ""pct"": 13.38}, {""score"": ""0 - 2"", ""pct"": 11.899999999999999}, {""score"": ""1 - 2"", ""pct"": 10.09}]"
Iraq,DR Congo,Neutral,1.315,1.385,34.0,27.4,38.5,34.6,5.8,7.6,38.7,6.2,7.0,48.0,52.0,"[{""score"": ""1 - 1"", ""pct"": 12.6}, {""score"": ""0 - 1"", ""pct"": 9.55}, {""score"": ""1 - 0"", ""pct"": 9.0}]"
Iraq,Croatia,Neutral,0.838,1.862,14.9,23.1,62.0,15.1,2.8,3.9,62.0,7.8,8.4,21.9,78.1,"[{""score"": ""0 - 1"", ""pct"": 13.74}, {""score"": ""0 - 2"", ""pct"": 10.979999999999999}, {""score"": ""1 - 1"", ""pct"": 10.42}]"
Iraq,Turkey,Neutral,0.882,1.818,17.3,23.5,59.2,17.1,3.1,4.0,59.8,7.5,8.4,24.2,75.8,"[{""score"": ""0 - 1"", ""pct"": 13.139999999999999}, {""score"": ""1 - 1"", ""pct"": 11.12}, {""score"": ""0 - 2"", ""pct"": 10.66}]"
Iraq,Uruguay,Neutral,0.785,1.915,13.7,22.0,64.3,14.0,2.6,3.4,64.6,7.6,7.8,20.0,80.0,"[{""score"": ""0 - 1"", ""pct"": 12.76}, {""score"": ""0 - 2"", ""pct"": 12.2}, {""score"": ""1 - 2"", ""pct"": 9.790000000000001}]"
Iraq,New Zealand,Neutral,1.442,1.258,40.3,27.0,32.7,41.2,6.3,8.0,32.4,5.5,6.5,55.5,44.5,"[{""score"": ""1 - 1"", ""pct"": 12.29}, {""score"": ""1 - 0"", ""pct"": 9.36}, {""score"": ""2 - 1"", ""pct"": 8.57}]"
Iraq,United States,Neutral,1.132,1.568,26.6,27.0,46.5,27.0,5.0,5.8,46.5,7.4,8.3,37.8,62.2,"[{""score"": ""1 - 1"", ""pct"": 12.19}, {""score"": ""0 - 1"", ""pct"": 10.36}, {""score"": ""1 - 2"", ""pct"": 9.45}]"
Iraq,Senegal,Neutral,0.906,1.794,18.5,23.9,57.6,17.6,3.6,4.7,57.8,7.8,8.4,25.9,74.0,"[{""score"": ""0 - 1"", ""pct"": 12.709999999999999}, {""score"": ""1 - 1"", ""pct"": 10.8}, {""score"": ""0 - 2"", ""pct"": 10.68}]"
Iraq,Brazil,Neutral,0.624,2.076,8.9,19.7,71.4,9.5,1.6,2.3,71.1,7.4,8.1,13.3,86.7,"[{""score"": ""0 - 2"", ""pct"": 14.62}, {""score"": ""0 - 1"", ""pct"": 14.24}, {""score"": ""0 - 3"", ""pct"": 9.629999999999999}]"
Iraq,Ivory Coast,Neutral,1.191,1.509,28.9,26.9,44.2,29.3,5.1,6.9,43.7,6.9,8.1,41.3,58.7,"[{""score"": ""1 - 1"", ""pct"": 12.06}, {""score"": ""0 - 1"", ""pct"": 10.33}, {""score"": ""1 - 2"", ""pct"": 9.030000000000001}]"
Iraq,France,Neutral,0.553,2.147,7.3,17.5,75.2,7.5,1.4,1.8,74.6,7.0,7.8,10.7,89.3,"[{""score"": ""0 - 2"", ""pct"": 15.790000000000001}, {""score"": ""0 - 1"", ""pct"": 14.93}, {""score"": ""0 - 3"", ""pct"": 10.6}]"
Tunisia,Netherlands,Neutral,0.77,1.93,13.2,20.9,66.0,13.2,2.4,3.3,64.8,7.5,8.8,18.9,81.1,"[{""score"": ""0 - 1"", ""pct"": 13.309999999999999}, {""score"": ""0 - 2"", ""pct"": 12.280000000000001}, {""score"": ""1 - 2"", ""pct"": 10.059999999999999}]"
Tunisia,South Africa,Neutral,1.623,1.077,50.5,24.8,24.8,50.1,7.2,8.6,23.7,4.2,6.2,65.9,34.0,"[{""score"": ""1 - 1"", ""pct"": 11.57}, {""score"": ""1 - 0"", ""pct"": 11.31}, {""score"": ""2 - 1"", ""pct"": 9.46}]"
Tunisia,Japan,Neutral,0.684,2.016,10.5,21.1,68.4,10.1,1.9,3.0,70.0,7.0,8.0,15.0,85.0,"[{""score"": ""0 - 1"", ""pct"": 14.44}, {""score"": ""0 - 2"", ""pct"": 13.04}, {""score"": ""1 - 1"", ""pct"": 9.25}]"
Tunisia,Scotland,Neutral,1.187,1.513,28.6,26.7,44.7,28.5,5.5,6.0,44.9,6.6,8.6,40.0,60.0,"[{""score"": ""1 - 1"", ""pct"": 11.709999999999999}, {""score"": ""0 - 1"", ""pct"": 10.7}, {""score"": ""1 - 2"", ""pct"": 9.07}]"
Tunisia,Algeria,Neutral,0.942,1.758,18.7,23.8,57.5,19.1,4.0,4.7,55.9,7.3,9.0,27.7,72.3,"[{""score"": ""0 - 1"", ""pct"": 12.72}, {""score"": ""1 - 1"", ""pct"": 10.879999999999999}, {""score"": ""0 - 2"", ""pct"": 10.31}]"
Tunisia,Canada,Neutral,0.934,1.766,19.0,24.2,56.8,18.1,3.9,4.5,57.2,7.6,8.8,26.5,73.5,"[{""score"": ""0 - 1"", ""pct"": 12.18}, {""score"": ""1 - 1"", ""pct"": 11.020000000000001}, {""score"": ""0 - 2"", ""pct"": 10.4}]"
Tunisia,Haiti,Neutral,1.4,1.3,38.8,27.4,33.9,38.7,6.2,8.0,34.4,6.0,6.6,52.9,47.1,"[{""score"": ""1 - 1"", ""pct"": 12.46}, {""score"": ""1 - 0"", ""pct"": 9.82}, {""score"": ""0 - 1"", ""pct"": 8.4}]"
Tunisia,Spain,Neutral,0.443,2.257,5.1,14.8,80.1,4.8,1.1,1.4,79.4,6.5,6.7,7.3,92.7,"[{""score"": ""0 - 2"", ""pct"": 17.62}, {""score"": ""0 - 1"", ""pct"": 16.74}, {""score"": ""0 - 3"", ""pct"": 12.46}]"
Tunisia,Saudi Arabia,Neutral,1.472,1.228,42.4,26.9,30.8,43.0,7.0,7.8,30.4,5.5,6.4,57.7,42.2,"[{""score"": ""1 - 1"", ""pct"": 12.41}, {""score"": ""1 - 0"", ""pct"": 9.98}, {""score"": ""2 - 1"", ""pct"": 8.9}]"
Tunisia,Colombia,Neutral,0.63,2.07,9.1,19.9,71.0,10.0,1.7,2.4,71.3,7.4,7.2,14.0,86.0,"[{""score"": ""0 - 1"", ""pct"": 14.26}, {""score"": ""0 - 2"", ""pct"": 14.19}, {""score"": ""0 - 3"", ""pct"": 9.3}]"
Tunisia,Portugal,Neutral,0.679,2.021,10.2,20.8,69.0,10.5,1.9,2.5,69.5,7.0,8.5,14.9,85.1,"[{""score"": ""0 - 1"", ""pct"": 13.79}, {""score"": ""0 - 2"", ""pct"": 13.79}, {""score"": ""1 - 2"", ""pct"": 9.5}]"
Tunisia,Sweden,Neutral,1.479,1.221,43.0,26.9,30.1,43.0,6.9,7.6,30.2,5.5,6.9,57.5,42.5,"[{""score"": ""1 - 1"", ""pct"": 12.32}, {""score"": ""1 - 0"", ""pct"": 10.18}, {""score"": ""2 - 1"", ""pct"": 9.42}]"
Tunisia,Jordan,Neutral,1.164,1.536,27.6,26.5,45.9,27.1,5.1,6.2,46.0,7.0,8.6,38.4,61.6,"[{""score"": ""1 - 1"", ""pct"": 11.53}, {""score"": ""0 - 1"", ""pct"": 10.79}, {""score"": ""1 - 2"", ""pct"": 9.66}]"
Tunisia,Morocco,Neutral,0.714,1.986,11.6,20.5,67.9,11.5,2.7,2.5,67.7,7.1,8.5,16.7,83.3,"[{""score"": ""0 - 1"", ""pct"": 13.74}, {""score"": ""0 - 2"", ""pct"": 13.66}, {""score"": ""1 - 2"", ""pct"": 9.69}]"
Tunisia,Iraq,Neutral,1.351,1.349,36.8,26.0,37.2,37.1,5.8,7.4,35.5,6.1,8.2,50.3,49.7,"[{""score"": ""1 - 1"", ""pct"": 11.700000000000001}, {""score"": ""0 - 1"", ""pct"": 9.45}, {""score"": ""1 - 0"", ""pct"": 9.41}]"
Tunisia,Qatar,Neutral,1.862,0.838,62.0,23.2,14.8,61.2,8.1,8.9,14.9,3.0,3.9,78.2,21.8,"[{""score"": ""1 - 0"", ""pct"": 13.25}, {""score"": ""2 - 0"", ""pct"": 11.98}, {""score"": ""1 - 1"", ""pct"": 10.24}]"
Tunisia,Curaçao,Neutral,1.726,0.974,55.9,24.3,19.8,54.2,7.9,8.6,20.3,3.9,5.1,70.7,29.3,"[{""score"": ""1 - 0"", ""pct"": 12.19}, {""score"": ""1 - 1"", ""pct"": 10.81}, {""score"": ""2 - 1"", ""pct"": 10.32}]"
Tunisia,Iran,Neutral,0.88,1.82,17.1,23.5,59.4,16.9,3.2,4.1,59.9,7.5,8.4,24.2,75.8,"[{""score"": ""0 - 1"", ""pct"": 11.98}, {""score"": ""0 - 2"", ""pct"": 10.65}, {""score"": ""1 - 1"", ""pct"": 10.47}]"
Tunisia,South Korea,Neutral,0.917,1.783,18.9,24.0,57.1,18.4,3.2,4.2,57.1,7.8,9.3,25.8,74.2,"[{""score"": ""0 - 1"", ""pct"": 12.57}, {""score"": ""1 - 1"", ""pct"": 10.620000000000001}, {""score"": ""0 - 2"", ""pct"": 9.89}]"
Tunisia,Ghana,Neutral,1.705,0.995,53.5,25.5,21.0,54.1,7.3,8.9,20.6,4.0,5.1,70.3,29.7,"[{""score"": ""1 - 0"", ""pct"": 11.75}, {""score"": ""1 - 1"", ""pct"": 11.23}, {""score"": ""2 - 1"", ""pct"": 10.08}]"
Tunisia,Norway,Neutral,0.865,1.835,15.5,23.4,61.1,15.9,2.9,4.4,60.7,7.6,8.6,23.2,76.8,"[{""score"": ""0 - 1"", ""pct"": 12.839999999999998}, {""score"": ""0 - 2"", ""pct"": 11.31}, {""score"": ""1 - 1"", ""pct"": 10.56}]"
Tunisia,England,Neutral,0.6,2.1,8.4,18.4,73.2,8.2,1.7,2.4,72.5,7.2,8.0,12.4,87.6,"[{""score"": ""0 - 2"", ""pct"": 15.190000000000001}, {""score"": ""0 - 1"", ""pct"": 14.299999999999999}, {""score"": ""0 - 3"", ""pct"": 10.059999999999999}]"
Tunisia,Mexico,Neutral,0.754,1.946,12.8,22.0,65.1,12.8,2.1,3.5,65.6,7.8,8.3,18.3,81.7,"[{""score"": ""0 - 1"", ""pct"": 13.100000000000001}, {""score"": ""0 - 2"", ""pct"": 12.29}, {""score"": ""1 - 1"", ""pct"": 9.9}]"
Tunisia,Austria,Neutral,1.118,1.582,25.5,26.3,48.1,26.2,4.5,6.0,47.8,7.2,8.2,36.8,63.2,"[{""score"": ""1 - 1"", ""pct"": 11.68}, {""score"": ""0 - 1"", ""pct"": 11.15}, {""score"": ""1 - 2"", ""pct"": 9.91}]"
Tunisia,Panama,Neutral,1.021,1.679,21.7,25.1,53.2,21.9,4.5,5.5,51.9,7.6,8.6,31.9,68.1,"[{""score"": ""1 - 1"", ""pct"": 11.95}, {""score"": ""0 - 1"", ""pct"": 11.690000000000001}, {""score"": ""1 - 2"", ""pct"": 9.78}]"
Tunisia,Bosnia and Herzegovina,Neutral,1.817,0.883,59.4,23.5,17.1,59.0,7.6,8.5,16.9,3.1,5.0,75.1,24.9,"[{""score"": ""1 - 0"", ""pct"": 12.520000000000001}, {""score"": ""2 - 0"", ""pct"": 11.110000000000001}, {""score"": ""1 - 1"", ""pct"": 10.6}]"
Tunisia,Czech Republic,Neutral,1.366,1.334,36.9,27.3,35.8,37.6,6.5,7.7,35.0,6.1,7.2,51.8,48.2,"[{""score"": ""1 - 1"", ""pct"": 12.07}, {""score"": ""1 - 0"", ""pct"": 9.41}, {""score"": ""0 - 1"", ""pct"": 8.799999999999999}]"
Tunisia,Switzerland,Neutral,0.915,1.785,17.7,24.4,57.9,17.8,3.2,4.3,58.6,7.4,8.8,25.2,74.8,"[{""score"": ""0 - 1"", ""pct"": 11.92}, {""score"": ""1 - 1"", ""pct"": 10.96}, {""score"": ""0 - 2"", ""pct"": 10.63}]"
Tunisia,Argentina,Neutral,0.46,2.24,5.4,15.8,78.8,5.0,1.0,1.5,78.8,6.8,6.8,7.5,92.5,"[{""score"": ""0 - 2"", ""pct"": 17.39}, {""score"": ""0 - 1"", ""pct"": 15.229999999999999}, {""score"": ""0 - 3"", ""pct"": 11.97}]"
Tunisia,Uzbekistan,Neutral,1.052,1.648,23.1,25.8,51.1,23.3,4.2,5.4,51.6,6.9,8.6,32.9,67.1,"[{""score"": ""1 - 1"", ""pct"": 11.5}, {""score"": ""0 - 1"", ""pct"": 11.42}, {""score"": ""1 - 2"", ""pct"": 9.8}]"
Tunisia,Belgium,Neutral,0.895,1.805,17.3,23.5,59.2,17.8,3.6,4.0,58.6,7.3,8.7,25.3,74.7,"[{""score"": ""0 - 1"", ""pct"": 12.82}, {""score"": ""1 - 1"", ""pct"": 11.12}, {""score"": ""0 - 2"", ""pct"": 10.68}]"
Tunisia,Australia,Neutral,0.846,1.854,15.7,22.7,61.7,16.2,2.8,3.6,61.2,7.2,9.0,22.6,77.4,"[{""score"": ""0 - 1"", ""pct"": 13.200000000000001}, {""score"": ""0 - 2"", ""pct"": 11.379999999999999}, {""score"": ""1 - 1"", ""pct"": 10.190000000000001}]"
Tunisia,Paraguay,Neutral,0.926,1.774,18.9,24.1,57.0,18.9,3.5,4.8,57.0,7.3,8.5,27.2,72.8,"[{""score"": ""0 - 1"", ""pct"": 12.09}, {""score"": ""1 - 1"", ""pct"": 10.93}, {""score"": ""0 - 2"", ""pct"": 10.14}]"
Tunisia,Egypt,Neutral,1.232,1.468,30.5,27.2,42.3,30.8,5.5,6.7,41.9,6.6,8.5,43.0,57.0,"[{""score"": ""1 - 1"", ""pct"": 12.29}, {""score"": ""0 - 1"", ""pct"": 10.280000000000001}, {""score"": ""1 - 2"", ""pct"": 9.11}]"
Tunisia,Ecuador,Neutral,0.687,2.013,11.2,20.7,68.1,10.9,2.1,2.6,68.4,7.2,8.8,15.6,84.4,"[{""score"": ""0 - 1"", ""pct"": 13.94}, {""score"": ""0 - 2"", ""pct"": 13.05}, {""score"": ""1 - 1"", ""pct"": 9.35}]"
Tunisia,Cape Verde,Neutral,1.663,1.037,51.5,26.0,22.5,51.3,7.4,8.8,23.1,3.9,5.6,67.4,32.6,"[{""score"": ""1 - 1"", ""pct"": 11.67}, {""score"": ""1 - 0"", ""pct"": 11.1}, {""score"": ""2 - 1"", ""pct"": 9.700000000000001}]"
Tunisia,Germany,Neutral,0.789,1.911,13.9,22.1,64.0,14.1,2.9,3.4,64.1,7.5,8.0,20.4,79.6,"[{""score"": ""0 - 1"", ""pct"": 13.530000000000001}, {""score"": ""0 - 2"", ""pct"": 12.19}, {""score"": ""1 - 1"", ""pct"": 9.89}]"
Tunisia,DR Congo,Neutral,1.316,1.384,34.7,27.2,38.1,34.9,6.0,7.5,38.0,6.4,7.2,48.5,51.5,"[{""score"": ""1 - 1"", ""pct"": 12.13}, {""score"": ""0 - 1"", ""pct"": 9.879999999999999}, {""score"": ""1 - 0"", ""pct"": 9.2}]"
Tunisia,Croatia,Neutral,0.839,1.861,15.2,23.2,61.5,15.5,3.0,4.0,61.5,7.6,8.5,22.4,77.5,"[{""score"": ""0 - 1"", ""pct"": 13.68}, {""score"": ""0 - 2"", ""pct"": 10.97}, {""score"": ""1 - 1"", ""pct"": 10.25}]"
Tunisia,Turkey,Neutral,0.883,1.817,17.0,23.5,59.5,17.1,3.1,4.2,59.8,7.1,8.7,24.4,75.6,"[{""score"": ""0 - 1"", ""pct"": 12.280000000000001}, {""score"": ""0 - 2"", ""pct"": 11.06}, {""score"": ""1 - 1"", ""pct"": 11.01}]"
Tunisia,Uruguay,Neutral,0.785,1.915,13.8,21.9,64.3,12.6,2.6,3.3,65.2,7.6,8.6,18.5,81.5,"[{""score"": ""0 - 1"", ""pct"": 12.989999999999998}, {""score"": ""0 - 2"", ""pct"": 11.87}, {""score"": ""1 - 1"", ""pct"": 9.879999999999999}]"
Tunisia,New Zealand,Neutral,1.442,1.258,41.7,26.8,31.5,40.5,6.7,7.7,32.1,6.0,6.9,55.0,45.0,"[{""score"": ""1 - 1"", ""pct"": 12.27}, {""score"": ""1 - 0"", ""pct"": 10.54}, {""score"": ""2 - 1"", ""pct"": 8.9}]"
Tunisia,United States,Neutral,1.133,1.567,26.5,26.4,47.1,26.8,4.5,5.8,47.4,6.8,8.8,37.1,62.9,"[{""score"": ""1 - 1"", ""pct"": 11.85}, {""score"": ""0 - 1"", ""pct"": 10.5}, {""score"": ""1 - 2"", ""pct"": 9.39}]"
Tunisia,Senegal,Neutral,0.907,1.793,18.3,24.1,57.5,17.4,3.3,4.7,57.9,7.9,8.8,25.4,74.6,"[{""score"": ""0 - 1"", ""pct"": 11.75}, {""score"": ""1 - 1"", ""pct"": 11.1}, {""score"": ""1 - 2"", ""pct"": 10.03}]"
Tunisia,Brazil,Neutral,0.624,2.076,9.1,19.2,71.7,9.0,1.8,1.9,72.3,7.3,7.7,12.6,87.4,"[{""score"": ""0 - 2"", ""pct"": 14.64}, {""score"": ""0 - 1"", ""pct"": 14.549999999999999}, {""score"": ""0 - 3"", ""pct"": 9.67}]"
Tunisia,Ivory Coast,Neutral,1.192,1.508,29.5,26.7,43.9,29.5,5.2,6.3,44.2,7.0,7.8,41.0,59.0,"[{""score"": ""1 - 1"", ""pct"": 12.07}, {""score"": ""0 - 1"", ""pct"": 10.27}, {""score"": ""1 - 2"", ""pct"": 9.180000000000001}]"
Tunisia,France,Neutral,0.553,2.147,7.6,17.9,74.4,7.1,1.3,2.1,75.6,6.7,7.2,10.5,89.5,"[{""score"": ""0 - 2"", ""pct"": 15.67}, {""score"": ""0 - 1"", ""pct"": 14.69}, {""score"": ""0 - 3"", ""pct"": 10.7}]"
Qatar,Netherlands,Neutral,0.473,2.227,5.6,16.0,78.4,5.1,1.2,1.6,78.3,6.6,7.2,8.0,92.0,"[{""score"": ""0 - 2"", ""pct"": 17.22}, {""score"": ""0 - 1"", ""pct"": 15.790000000000001}, {""score"": ""0 - 3"", ""pct"": 12.19}]"
Qatar,South Africa,Neutral,1.079,1.621,24.6,25.9,49.6,24.2,4.7,5.5,50.1,7.3,8.2,34.4,65.6,"[{""score"": ""0 - 1"", ""pct"": 11.459999999999999}, {""score"": ""1 - 1"", ""pct"": 11.31}, {""score"": ""1 - 2"", ""pct"": 9.94}]"
Qatar,Japan,Neutral,0.431,2.269,4.6,14.7,80.7,4.5,0.9,1.3,80.1,6.5,6.7,6.7,93.3,"[{""score"": ""0 - 2"", ""pct"": 17.580000000000002}, {""score"": ""0 - 1"", ""pct"": 15.86}, {""score"": ""0 - 3"", ""pct"": 12.91}]"
Qatar,Scotland,Neutral,0.718,1.982,11.5,21.1,67.4,11.4,2.6,2.9,67.3,7.4,8.4,16.9,83.1,"[{""score"": ""0 - 1"", ""pct"": 13.87}, {""score"": ""0 - 2"", ""pct"": 12.55}, {""score"": ""1 - 2"", ""pct"": 9.35}]"
Qatar,Algeria,Neutral,0.565,2.135,8.0,17.9,74.1,7.6,1.4,1.9,74.5,6.5,8.0,10.9,89.1,"[{""score"": ""0 - 1"", ""pct"": 15.110000000000001}, {""score"": ""0 - 2"", ""pct"": 15.02}, {""score"": ""0 - 3"", ""pct"": 10.22}]"
Qatar,Canada,Neutral,0.56,2.14,7.5,18.4,74.2,7.0,1.4,2.0,75.4,6.9,7.2,10.5,89.5,"[{""score"": ""0 - 1"", ""pct"": 14.93}, {""score"": ""0 - 2"", ""pct"": 14.610000000000001}, {""score"": ""0 - 3"", ""pct"": 10.72}]"
Qatar,Haiti,Neutral,0.878,1.822,16.9,23.6,59.6,16.4,3.2,4.0,60.3,7.4,8.6,23.6,76.4,"[{""score"": ""0 - 1"", ""pct"": 12.11}, {""score"": ""0 - 2"", ""pct"": 11.020000000000001}, {""score"": ""1 - 1"", ""pct"": 10.45}]"
Qatar,Spain,Neutral,0.325,2.375,3.2,12.4,84.4,2.9,0.6,0.9,84.0,5.4,6.2,4.4,95.6,"[{""score"": ""0 - 2"", ""pct"": 19.17}, {""score"": ""0 - 1"", ""pct"": 16.98}, {""score"": ""0 - 3"", ""pct"": 14.95}]"
Qatar,Saudi Arabia,Neutral,0.939,1.761,18.8,25.1,56.1,19.7,3.7,4.8,55.7,7.4,8.8,28.2,71.8,"[{""score"": ""0 - 1"", ""pct"": 12.379999999999999}, {""score"": ""1 - 1"", ""pct"": 11.0}, {""score"": ""0 - 2"", ""pct"": 10.03}]"
Qatar,Colombia,Neutral,0.406,2.294,4.7,15.1,80.2,4.3,0.9,1.0,81.0,6.2,6.5,6.2,93.8,"[{""score"": ""0 - 2"", ""pct"": 17.43}, {""score"": ""0 - 1"", ""pct"": 15.65}, {""score"": ""0 - 3"", ""pct"": 12.920000000000002}]"
Qatar,Portugal,Neutral,0.429,2.271,4.6,15.8,79.5,4.8,0.9,1.4,80.2,6.3,6.4,7.2,92.8,"[{""score"": ""0 - 2"", ""pct"": 17.46}, {""score"": ""0 - 1"", ""pct"": 15.57}, {""score"": ""0 - 3"", ""pct"": 12.659999999999998}]"
Qatar,Sweden,Neutral,0.944,1.756,18.8,24.5,56.7,19.4,3.8,4.7,56.7,7.1,8.2,28.0,72.0,"[{""score"": ""0 - 1"", ""pct"": 12.2}, {""score"": ""1 - 1"", ""pct"": 11.17}, {""score"": ""0 - 2"", ""pct"": 10.39}]"
Qatar,Jordan,Neutral,0.702,1.998,11.4,21.0,67.6,11.2,2.0,3.1,68.3,7.5,7.8,16.3,83.7,"[{""score"": ""0 - 1"", ""pct"": 13.62}, {""score"": ""0 - 2"", ""pct"": 13.55}, {""score"": ""1 - 1"", ""pct"": 9.2}]"
Qatar,Morocco,Neutral,0.445,2.255,5.2,15.4,79.5,4.9,1.1,1.5,79.5,6.2,6.7,7.5,92.5,"[{""score"": ""0 - 2"", ""pct"": 17.07}, {""score"": ""0 - 1"", ""pct"": 15.35}, {""score"": ""0 - 3"", ""pct"": 12.61}]"
Qatar,Iraq,Neutral,0.838,1.862,15.5,23.0,61.5,15.3,2.9,4.1,62.0,7.0,8.6,22.3,77.7,"[{""score"": ""0 - 1"", ""pct"": 12.86}, {""score"": ""0 - 2"", ""pct"": 11.62}, {""score"": ""1 - 1"", ""pct"": 9.82}]"
Qatar,Tunisia,Neutral,0.838,1.862,15.1,23.5,61.4,15.2,3.0,3.8,61.5,7.8,8.6,22.1,77.9,"[{""score"": ""0 - 1"", ""pct"": 12.25}, {""score"": ""0 - 2"", ""pct"": 11.81}, {""score"": ""1 - 1"", ""pct"": 10.82}]"
Qatar,Curaçao,Neutral,1.188,1.512,28.1,26.1,45.7,28.5,5.6,6.6,43.8,7.2,8.3,40.7,59.3,"[{""score"": ""1 - 1"", ""pct"": 11.89}, {""score"": ""0 - 1"", ""pct"": 11.04}, {""score"": ""1 - 2"", ""pct"": 9.77}]"
Qatar,Iran,Neutral,0.531,2.169,7.1,17.0,75.9,6.9,1.3,2.0,75.5,6.9,7.4,10.2,89.8,"[{""score"": ""0 - 2"", ""pct"": 15.959999999999999}, {""score"": ""0 - 1"", ""pct"": 15.160000000000002}, {""score"": ""0 - 3"", ""pct"": 11.129999999999999}]"
Qatar,South Korea,Neutral,0.551,2.149,7.6,18.5,73.9,7.2,1.3,1.7,75.4,7.1,7.3,10.2,89.8,"[{""score"": ""0 - 2"", ""pct"": 15.82}, {""score"": ""0 - 1"", ""pct"": 14.74}, {""score"": ""0 - 3"", ""pct"": 10.56}]"
Qatar,Ghana,Neutral,1.165,1.535,27.9,26.9,45.2,29.0,4.7,6.2,45.4,6.6,8.1,40.0,60.0,"[{""score"": ""1 - 1"", ""pct"": 12.36}, {""score"": ""0 - 1"", ""pct"": 10.38}, {""score"": ""1 - 2"", ""pct"": 9.44}]"
Qatar,Norway,Neutral,0.523,2.177,6.6,17.4,76.0,6.7,1.3,1.8,76.2,6.6,7.5,9.7,90.3,"[{""score"": ""0 - 2"", ""pct"": 15.920000000000002}, {""score"": ""0 - 1"", ""pct"": 15.440000000000001}, {""score"": ""0 - 3"", ""pct"": 11.129999999999999}]"
Qatar,England,Neutral,0.392,2.308,4.0,14.2,81.7,3.9,0.8,1.1,81.6,6.1,6.5,5.8,94.2,"[{""score"": ""0 - 2"", ""pct"": 18.02}, {""score"": ""0 - 1"", ""pct"": 16.96}, {""score"": ""0 - 3"", ""pct"": 13.51}]"
Qatar,Mexico,Neutral,0.465,2.235,5.1,16.4,78.4,5.5,1.2,1.5,78.0,6.7,7.2,8.1,91.9,"[{""score"": ""0 - 2"", ""pct"": 16.66}, {""score"": ""0 - 1"", ""pct"": 15.98}, {""score"": ""0 - 3"", ""pct"": 12.19}]"
Qatar,Austria,Neutral,0.672,2.028,10.3,20.1,69.6,10.2,2.0,2.7,69.7,7.1,8.4,14.8,85.1,"[{""score"": ""0 - 1"", ""pct"": 14.14}, {""score"": ""0 - 2"", ""pct"": 14.12}, {""score"": ""1 - 1"", ""pct"": 8.959999999999999}]"
Qatar,Panama,Neutral,0.612,2.088,9.3,18.4,72.2,8.8,1.8,2.1,72.7,6.7,7.8,12.7,87.3,"[{""score"": ""0 - 1"", ""pct"": 14.7}, {""score"": ""0 - 2"", ""pct"": 14.399999999999999}, {""score"": ""0 - 3"", ""pct"": 9.89}]"
Qatar,Bosnia and Herzegovina,Neutral,1.293,1.407,34.0,26.5,39.5,33.5,6.1,6.7,39.2,6.8,7.6,46.4,53.6,"[{""score"": ""1 - 1"", ""pct"": 12.25}, {""score"": ""0 - 1"", ""pct"": 9.73}, {""score"": ""1 - 2"", ""pct"": 8.870000000000001}]"
Qatar,Czech Republic,Neutral,0.851,1.849,14.6,23.2,62.2,15.4,3.0,3.8,62.0,7.6,8.3,22.2,77.9,"[{""score"": ""0 - 1"", ""pct"": 13.0}, {""score"": ""0 - 2"", ""pct"": 11.31}, {""score"": ""1 - 1"", ""pct"": 10.66}]"
Qatar,Switzerland,Neutral,0.55,2.15,7.0,17.5,75.5,7.2,1.4,1.9,74.9,7.3,7.2,10.6,89.4,"[{""score"": ""0 - 2"", ""pct"": 15.9}, {""score"": ""0 - 1"", ""pct"": 14.84}, {""score"": ""0 - 3"", ""pct"": 10.71}]"
Qatar,Argentina,Neutral,0.332,2.368,2.9,12.8,84.3,3.2,0.6,1.0,83.4,5.7,6.2,4.8,95.2,"[{""score"": ""0 - 2"", ""pct"": 19.13}, {""score"": ""0 - 1"", ""pct"": 16.14}, {""score"": ""0 - 3"", ""pct"": 14.75}]"
Qatar,Uzbekistan,Neutral,0.63,2.07,9.2,19.3,71.5,8.8,1.5,2.5,72.1,7.1,7.9,12.9,87.1,"[{""score"": ""0 - 1"", ""pct"": 14.45}, {""score"": ""0 - 2"", ""pct"": 14.330000000000002}, {""score"": ""0 - 3"", ""pct"": 9.64}]"
Qatar,Belgium,Neutral,0.539,2.161,7.0,17.2,75.9,7.0,1.1,1.9,75.2,7.4,7.5,9.9,90.1,"[{""score"": ""0 - 2"", ""pct"": 15.45}, {""score"": ""0 - 1"", ""pct"": 15.42}, {""score"": ""0 - 3"", ""pct"": 10.94}]"
Qatar,Australia,Neutral,0.512,2.188,6.4,17.0,76.7,6.4,1.5,1.7,76.6,6.9,7.0,9.5,90.5,"[{""score"": ""0 - 2"", ""pct"": 16.2}, {""score"": ""0 - 1"", ""pct"": 15.78}, {""score"": ""0 - 3"", ""pct"": 11.24}]"
Qatar,Paraguay,Neutral,0.556,2.144,7.2,18.0,74.8,6.8,1.4,1.7,75.8,6.7,7.5,9.9,90.0,"[{""score"": ""0 - 2"", ""pct"": 15.190000000000001}, {""score"": ""0 - 1"", ""pct"": 14.860000000000001}, {""score"": ""0 - 3"", ""pct"": 10.94}]"
Qatar,Egypt,Neutral,0.749,1.951,12.8,21.2,66.0,12.5,2.1,3.4,65.6,7.8,8.5,18.0,82.0,"[{""score"": ""0 - 1"", ""pct"": 13.569999999999999}, {""score"": ""0 - 2"", ""pct"": 12.870000000000001}, {""score"": ""1 - 1"", ""pct"": 9.66}]"
Qatar,Ecuador,Neutral,0.432,2.268,4.7,15.9,79.5,4.4,1.0,1.1,80.5,6.4,6.6,6.5,93.5,"[{""score"": ""0 - 2"", ""pct"": 16.66}, {""score"": ""0 - 1"", ""pct"": 15.21}, {""score"": ""0 - 3"", ""pct"": 13.270000000000001}]"
Qatar,Cape Verde,Neutral,1.12,1.58,25.7,26.4,47.9,26.7,4.3,5.8,47.9,7.2,8.1,36.7,63.3,"[{""score"": ""1 - 1"", ""pct"": 11.99}, {""score"": ""0 - 1"", ""pct"": 11.18}, {""score"": ""1 - 2"", ""pct"": 9.56}]"
Qatar,Germany,Neutral,0.483,2.217,5.6,16.2,78.2,5.5,1.1,1.7,78.3,6.3,7.0,8.3,91.7,"[{""score"": ""0 - 2"", ""pct"": 16.71}, {""score"": ""0 - 1"", ""pct"": 15.78}, {""score"": ""0 - 3"", ""pct"": 11.31}]"
Qatar,DR Congo,Neutral,0.811,1.889,14.8,22.8,62.4,14.2,2.8,3.7,63.1,7.6,8.5,20.7,79.3,"[{""score"": ""0 - 1"", ""pct"": 13.370000000000001}, {""score"": ""0 - 2"", ""pct"": 11.540000000000001}, {""score"": ""1 - 1"", ""pct"": 10.620000000000001}]"
Qatar,Croatia,Neutral,0.509,2.191,6.7,17.0,76.4,6.6,1.3,1.6,77.0,6.6,7.0,9.4,90.6,"[{""score"": ""0 - 2"", ""pct"": 15.709999999999999}, {""score"": ""0 - 1"", ""pct"": 15.61}, {""score"": ""0 - 3"", ""pct"": 11.379999999999999}]"
Qatar,Turkey,Neutral,0.532,2.168,7.1,17.4,75.5,7.0,1.4,1.9,76.1,6.8,6.8,10.3,89.7,"[{""score"": ""0 - 2"", ""pct"": 16.38}, {""score"": ""0 - 1"", ""pct"": 14.760000000000002}, {""score"": ""0 - 3"", ""pct"": 10.77}]"
Qatar,Uruguay,Neutral,0.481,2.219,5.7,16.3,78.0,5.6,1.0,1.6,77.7,7.1,7.0,8.3,91.7,"[{""score"": ""0 - 2"", ""pct"": 17.2}, {""score"": ""0 - 1"", ""pct"": 15.27}, {""score"": ""0 - 3"", ""pct"": 11.83}]"
Qatar,New Zealand,Neutral,0.913,1.787,17.6,24.1,58.4,17.0,3.6,5.0,58.5,7.2,8.8,25.5,74.5,"[{""score"": ""0 - 1"", ""pct"": 11.95}, {""score"": ""1 - 1"", ""pct"": 11.06}, {""score"": ""0 - 2"", ""pct"": 10.39}]"
Qatar,United States,Neutral,0.682,2.018,10.3,20.3,69.3,10.7,2.2,2.5,69.0,7.1,8.5,15.4,84.6,"[{""score"": ""0 - 1"", ""pct"": 14.74}, {""score"": ""0 - 2"", ""pct"": 13.100000000000001}, {""score"": ""1 - 2"", ""pct"": 9.229999999999999}]"
Qatar,Senegal,Neutral,0.546,2.154,6.6,17.8,75.6,7.0,1.4,1.8,76.0,6.8,7.0,10.1,89.9,"[{""score"": ""0 - 2"", ""pct"": 15.55}, {""score"": ""0 - 1"", ""pct"": 14.760000000000002}, {""score"": ""0 - 3"", ""pct"": 11.0}]"
Qatar,Brazil,Neutral,0.403,2.297,4.3,15.0,80.7,4.6,0.8,1.1,81.4,5.8,6.3,6.5,93.5,"[{""score"": ""0 - 2"", ""pct"": 17.05}, {""score"": ""0 - 1"", ""pct"": 16.11}, {""score"": ""0 - 3"", ""pct"": 13.15}]"
Qatar,Ivory Coast,Neutral,0.721,1.979,11.5,21.0,67.5,12.3,2.1,2.9,66.5,7.7,8.5,17.3,82.7,"[{""score"": ""0 - 1"", ""pct"": 13.88}, {""score"": ""0 - 2"", ""pct"": 12.94}, {""score"": ""1 - 2"", ""pct"": 9.139999999999999}]"
Qatar,France,Neutral,0.371,2.329,3.6,14.6,81.9,3.9,0.8,1.0,82.0,6.3,6.0,5.7,94.3,"[{""score"": ""0 - 2"", ""pct"": 18.39}, {""score"": ""0 - 1"", ""pct"": 15.73}, {""score"": ""0 - 3"", ""pct"": 13.77}]"
Curaçao,Netherlands,Neutral,0.54,2.16,6.7,17.9,75.4,7.2,1.5,1.8,75.7,6.5,7.3,10.5,89.5,"[{""score"": ""0 - 2"", ""pct"": 15.85}, {""score"": ""0 - 1"", ""pct"": 14.85}, {""score"": ""0 - 3"", ""pct"": 11.39}]"
Curaçao,South Africa,Neutral,1.237,1.463,31.9,26.7,41.4,30.9,5.5,6.7,42.3,6.5,8.0,43.2,56.8,"[{""score"": ""1 - 1"", ""pct"": 12.55}, {""score"": ""0 - 1"", ""pct"": 10.35}, {""score"": ""1 - 0"", ""pct"": 8.63}]"
Curaçao,Japan,Neutral,0.486,2.214,5.5,17.1,77.4,5.9,1.2,1.6,77.5,6.7,7.1,8.6,91.4,"[{""score"": ""0 - 2"", ""pct"": 16.7}, {""score"": ""0 - 1"", ""pct"": 15.509999999999998}, {""score"": ""0 - 3"", ""pct"": 11.78}]"
Curaçao,Scotland,Neutral,0.837,1.863,15.1,23.2,61.7,15.3,3.3,3.6,61.5,7.6,8.6,22.2,77.8,"[{""score"": ""0 - 1"", ""pct"": 13.08}, {""score"": ""0 - 2"", ""pct"": 11.04}, {""score"": ""1 - 1"", ""pct"": 10.4}]"
Curaçao,Algeria,Neutral,0.654,2.046,9.6,19.2,71.2,9.2,2.1,2.4,70.7,7.4,8.2,13.8,86.2,"[{""score"": ""0 - 1"", ""pct"": 14.74}, {""score"": ""0 - 2"", ""pct"": 14.37}, {""score"": ""0 - 3"", ""pct"": 9.379999999999999}]"
Curaçao,Canada,Neutral,0.648,2.052,9.4,20.4,70.2,10.1,1.9,2.4,70.1,7.5,8.1,14.4,85.6,"[{""score"": ""0 - 1"", ""pct"": 14.649999999999999}, {""score"": ""0 - 2"", ""pct"": 14.39}, {""score"": ""1 - 1"", ""pct"": 9.22}]"
Curaçao,Haiti,Neutral,1.019,1.681,21.6,25.4,53.0,21.5,4.0,5.2,52.5,7.7,9.1,30.7,69.3,"[{""score"": ""1 - 1"", ""pct"": 11.83}, {""score"": ""0 - 1"", ""pct"": 11.540000000000001}, {""score"": ""1 - 2"", ""pct"": 9.91}]"
Curaçao,Spain,Neutral,0.349,2.351,3.7,13.0,83.3,3.2,0.7,0.9,83.1,5.7,6.5,4.8,95.2,"[{""score"": ""0 - 2"", ""pct"": 18.9}, {""score"": ""0 - 1"", ""pct"": 16.3}, {""score"": ""0 - 3"", ""pct"": 14.23}]"
Curaçao,Saudi Arabia,Neutral,1.086,1.614,24.2,26.4,49.4,24.9,4.6,5.5,49.6,6.8,8.5,35.0,65.0,"[{""score"": ""1 - 1"", ""pct"": 11.65}, {""score"": ""0 - 1"", ""pct"": 10.72}, {""score"": ""1 - 2"", ""pct"": 9.73}]"
Curaçao,Colombia,Neutral,0.454,2.246,5.4,15.3,79.3,5.2,0.9,1.5,79.2,6.3,7.0,7.5,92.5,"[{""score"": ""0 - 2"", ""pct"": 16.98}, {""score"": ""0 - 1"", ""pct"": 15.45}, {""score"": ""0 - 3"", ""pct"": 12.559999999999999}]"
Curaçao,Portugal,Neutral,0.484,2.216,6.0,16.7,77.3,5.9,1.3,1.6,77.6,6.5,7.1,8.8,91.2,"[{""score"": ""0 - 2"", ""pct"": 16.13}, {""score"": ""0 - 1"", ""pct"": 15.4}, {""score"": ""0 - 3"", ""pct"": 11.85}]"
Curaçao,Sweden,Neutral,1.093,1.607,25.2,26.7,48.1,25.2,4.5,5.8,49.1,7.2,8.3,35.5,64.5,"[{""score"": ""1 - 1"", ""pct"": 12.389999999999999}, {""score"": ""0 - 1"", ""pct"": 10.77}, {""score"": ""1 - 2"", ""pct"": 9.68}]"
Curaçao,Jordan,Neutral,0.819,1.881,15.1,22.2,62.6,15.1,2.8,3.5,62.6,7.5,8.6,21.3,78.7,"[{""score"": ""0 - 1"", ""pct"": 13.07}, {""score"": ""0 - 2"", ""pct"": 11.26}, {""score"": ""1 - 1"", ""pct"": 9.86}]"
Curaçao,Morocco,Neutral,0.505,2.195,6.1,16.6,77.3,6.2,1.2,1.9,76.5,6.8,7.4,9.3,90.7,"[{""score"": ""0 - 2"", ""pct"": 16.650000000000002}, {""score"": ""0 - 1"", ""pct"": 15.440000000000001}, {""score"": ""0 - 3"", ""pct"": 11.4}]"
Curaçao,Iraq,Neutral,0.975,1.725,20.3,24.7,55.0,19.4,4.0,4.5,55.9,7.2,9.0,28.0,72.0,"[{""score"": ""0 - 1"", ""pct"": 12.030000000000001}, {""score"": ""1 - 1"", ""pct"": 11.04}, {""score"": ""1 - 2"", ""pct"": 10.16}]"
Curaçao,Tunisia,Neutral,0.974,1.726,20.5,24.4,55.1,19.7,3.9,5.3,55.4,7.1,8.7,28.9,71.1,"[{""score"": ""0 - 1"", ""pct"": 12.41}, {""score"": ""1 - 1"", ""pct"": 11.129999999999999}, {""score"": ""0 - 2"", ""pct"": 10.12}]"
Curaçao,Qatar,Neutral,1.512,1.188,44.7,26.4,28.9,44.5,6.9,8.5,28.8,5.1,6.2,59.8,40.2,"[{""score"": ""1 - 1"", ""pct"": 12.15}, {""score"": ""1 - 0"", ""pct"": 10.67}, {""score"": ""2 - 1"", ""pct"": 9.520000000000001}]"
Curaçao,Iran,Neutral,0.612,2.088,8.2,19.4,72.5,8.6,1.5,2.2,72.6,7.1,7.8,12.4,87.6,"[{""score"": ""0 - 2"", ""pct"": 14.69}, {""score"": ""0 - 1"", ""pct"": 13.66}, {""score"": ""0 - 3"", ""pct"": 10.0}]"
Curaçao,South Korea,Neutral,0.637,2.063,10.0,19.0,71.0,9.2,1.9,2.6,70.8,7.5,8.0,13.7,86.3,"[{""score"": ""0 - 1"", ""pct"": 14.48}, {""score"": ""0 - 2"", ""pct"": 14.17}, {""score"": ""0 - 3"", ""pct"": 9.13}]"
Curaçao,Ghana,Neutral,1.327,1.373,35.0,26.8,38.2,35.9,5.6,6.9,37.4,6.1,8.1,48.4,51.6,"[{""score"": ""1 - 1"", ""pct"": 11.82}, {""score"": ""0 - 1"", ""pct"": 9.69}, {""score"": ""1 - 0"", ""pct"": 9.1}]"
Curaçao,Norway,Neutral,0.602,2.098,8.5,18.4,73.2,8.6,1.7,2.3,72.7,6.8,7.8,12.7,87.3,"[{""score"": ""0 - 2"", ""pct"": 15.190000000000001}, {""score"": ""0 - 1"", ""pct"": 14.77}, {""score"": ""0 - 3"", ""pct"": 9.55}]"
Curaçao,England,Neutral,0.437,2.263,5.0,15.1,79.9,5.1,1.1,1.3,79.2,6.4,6.9,7.5,92.5,"[{""score"": ""0 - 2"", ""pct"": 17.0}, {""score"": ""0 - 1"", ""pct"": 15.110000000000001}, {""score"": ""0 - 3"", ""pct"": 12.049999999999999}]"
Curaçao,Mexico,Neutral,0.53,2.17,6.9,17.2,75.9,6.4,1.2,2.1,76.0,6.8,7.6,9.7,90.3,"[{""score"": ""0 - 2"", ""pct"": 15.22}, {""score"": ""0 - 1"", ""pct"": 14.99}, {""score"": ""0 - 3"", ""pct"": 11.27}]"
Curaçao,Austria,Neutral,0.783,1.917,13.7,22.1,64.3,13.3,2.6,3.7,64.5,7.4,8.5,19.6,80.4,"[{""score"": ""0 - 1"", ""pct"": 13.44}, {""score"": ""0 - 2"", ""pct"": 11.74}, {""score"": ""1 - 1"", ""pct"": 10.17}]"
Curaçao,Panama,Neutral,0.71,1.99,11.0,20.3,68.6,10.9,2.2,2.8,68.1,7.2,8.7,15.9,84.1,"[{""score"": ""0 - 1"", ""pct"": 14.069999999999999}, {""score"": ""0 - 2"", ""pct"": 13.350000000000001}, {""score"": ""1 - 2"", ""pct"": 9.59}]"
Curaçao,Bosnia and Herzegovina,Neutral,1.456,1.244,41.3,27.4,31.3,42.0,6.9,8.1,31.0,5.2,6.7,57.0,43.0,"[{""score"": ""1 - 1"", ""pct"": 12.030000000000001}, {""score"": ""1 - 0"", ""pct"": 9.879999999999999}, {""score"": ""2 - 1"", ""pct"": 8.81}]"
Curaçao,Czech Republic,Neutral,0.989,1.711,20.1,25.8,54.1,20.0,3.7,5.3,54.6,7.5,8.8,29.0,71.0,"[{""score"": ""1 - 1"", ""pct"": 11.899999999999999}, {""score"": ""0 - 1"", ""pct"": 11.72}, {""score"": ""1 - 2"", ""pct"": 9.68}]"
Curaçao,Switzerland,Neutral,0.636,2.064,9.3,18.6,72.1,9.2,1.8,2.3,71.6,7.3,7.8,13.3,86.7,"[{""score"": ""0 - 1"", ""pct"": 14.719999999999999}, {""score"": ""0 - 2"", ""pct"": 14.08}, {""score"": ""1 - 2"", ""pct"": 9.6}]"
Curaçao,Argentina,Neutral,0.358,2.342,3.5,13.5,82.9,3.3,0.9,0.9,82.5,6.2,6.2,5.0,95.0,"[{""score"": ""0 - 2"", ""pct"": 18.32}, {""score"": ""0 - 1"", ""pct"": 16.89}, {""score"": ""0 - 3"", ""pct"": 14.32}]"
Curaçao,Uzbekistan,Neutral,0.733,1.967,11.9,20.9,67.2,12.3,2.5,2.8,67.0,7.1,8.2,17.6,82.4,"[{""score"": ""0 - 1"", ""pct"": 14.469999999999999}, {""score"": ""0 - 2"", ""pct"": 12.8}, {""score"": ""1 - 1"", ""pct"": 9.46}]"
Curaçao,Belgium,Neutral,0.622,2.078,8.4,19.3,72.4,8.6,2.0,2.6,71.9,7.3,7.6,13.2,86.8,"[{""score"": ""0 - 1"", ""pct"": 14.77}, {""score"": ""0 - 2"", ""pct"": 14.2}, {""score"": ""0 - 3"", ""pct"": 9.49}]"
Curaçao,Australia,Neutral,0.589,2.111,8.1,18.4,73.5,8.2,1.5,2.2,73.5,6.7,7.8,11.9,88.1,"[{""score"": ""0 - 2"", ""pct"": 15.110000000000001}, {""score"": ""0 - 1"", ""pct"": 14.99}, {""score"": ""0 - 3"", ""pct"": 9.56}]"
Curaçao,Paraguay,Neutral,0.643,2.057,9.5,19.9,70.7,9.8,2.1,2.3,70.4,7.4,8.1,14.2,85.8,"[{""score"": ""0 - 2"", ""pct"": 14.64}, {""score"": ""0 - 1"", ""pct"": 13.91}, {""score"": ""0 - 3"", ""pct"": 9.4}]"
Curaçao,Egypt,Neutral,0.873,1.827,16.4,23.2,60.5,16.8,3.0,3.9,60.8,7.5,8.0,23.7,76.3,"[{""score"": ""0 - 1"", ""pct"": 12.989999999999998}, {""score"": ""0 - 2"", ""pct"": 11.4}, {""score"": ""1 - 1"", ""pct"": 10.67}]"
Curaçao,Ecuador,Neutral,0.489,2.211,5.8,16.6,77.6,5.3,1.0,1.7,77.8,7.0,7.2,8.0,92.0,"[{""score"": ""0 - 2"", ""pct"": 16.37}, {""score"": ""0 - 1"", ""pct"": 15.620000000000001}, {""score"": ""0 - 3"", ""pct"": 11.899999999999999}]"
Curaçao,Cape Verde,Neutral,1.28,1.42,34.2,26.5,39.4,32.5,5.9,7.1,39.8,6.4,8.3,45.5,54.5,"[{""score"": ""1 - 1"", ""pct"": 11.66}, {""score"": ""0 - 1"", ""pct"": 10.040000000000001}, {""score"": ""1 - 0"", ""pct"": 8.799999999999999}]"
Curaçao,Germany,Neutral,0.552,2.148,7.1,17.7,75.3,7.1,1.6,1.9,75.4,6.6,7.5,10.5,89.5,"[{""score"": ""0 - 1"", ""pct"": 15.629999999999999}, {""score"": ""0 - 2"", ""pct"": 15.39}, {""score"": ""0 - 3"", ""pct"": 11.020000000000001}]"
Curaçao,DR Congo,Neutral,0.944,1.756,19.2,24.9,55.9,19.3,3.7,4.7,55.9,7.3,9.0,27.8,72.2,"[{""score"": ""0 - 1"", ""pct"": 11.97}, {""score"": ""1 - 1"", ""pct"": 11.55}, {""score"": ""0 - 2"", ""pct"": 10.11}]"
Curaçao,Croatia,Neutral,0.585,2.115,8.4,18.5,73.1,7.9,1.5,2.0,73.5,6.8,8.3,11.4,88.6,"[{""score"": ""0 - 2"", ""pct"": 15.459999999999999}, {""score"": ""0 - 1"", ""pct"": 14.67}, {""score"": ""0 - 3"", ""pct"": 9.77}]"
Curaçao,Turkey,Neutral,0.614,2.086,7.9,18.9,73.2,8.9,2.0,2.4,71.4,7.3,8.0,13.3,86.6,"[{""score"": ""0 - 1"", ""pct"": 14.760000000000002}, {""score"": ""0 - 2"", ""pct"": 14.48}, {""score"": ""0 - 3"", ""pct"": 10.11}]"
Curaçao,Uruguay,Neutral,0.55,2.15,7.0,17.7,75.3,7.1,1.3,1.9,74.8,7.2,7.8,10.3,89.7,"[{""score"": ""0 - 2"", ""pct"": 15.73}, {""score"": ""0 - 1"", ""pct"": 15.329999999999998}, {""score"": ""0 - 3"", ""pct"": 10.86}]"
Curaçao,New Zealand,Neutral,1.058,1.642,23.5,25.4,51.1,23.2,4.4,5.1,50.9,7.6,8.8,32.6,67.4,"[{""score"": ""1 - 1"", ""pct"": 11.85}, {""score"": ""0 - 1"", ""pct"": 11.3}, {""score"": ""1 - 2"", ""pct"": 10.0}]"
Curaçao,United States,Neutral,0.795,1.905,14.1,21.8,64.0,13.8,2.7,3.7,63.6,7.6,8.7,20.2,79.8,"[{""score"": ""0 - 1"", ""pct"": 13.25}, {""score"": ""0 - 2"", ""pct"": 11.73}, {""score"": ""1 - 1"", ""pct"": 9.959999999999999}]"
Curaçao,Senegal,Neutral,0.63,2.07,9.6,19.1,71.3,9.0,2.0,2.3,71.7,7.5,7.5,13.3,86.7,"[{""score"": ""0 - 1"", ""pct"": 14.49}, {""score"": ""0 - 2"", ""pct"": 14.06}, {""score"": ""1 - 2"", ""pct"": 9.4}]"
Curaçao,Brazil,Neutral,0.451,2.249,5.2,15.7,79.1,5.0,1.1,1.4,79.4,6.3,6.8,7.5,92.5,"[{""score"": ""0 - 2"", ""pct"": 16.950000000000003}, {""score"": ""0 - 1"", ""pct"": 15.55}, {""score"": ""0 - 3"", ""pct"": 12.43}]"
Curaçao,Ivory Coast,Neutral,0.841,1.859,15.5,22.6,61.9,15.4,2.9,4.0,61.0,7.9,8.8,22.3,77.7,"[{""score"": ""0 - 1"", ""pct"": 12.950000000000001}, {""score"": ""0 - 2"", ""pct"": 11.799999999999999}, {""score"": ""1 - 1"", ""pct"": 10.489999999999998}]"
Curaçao,France,Neutral,0.41,2.29,4.2,15.1,80.7,4.4,0.7,1.0,81.1,6.2,6.6,6.1,93.9,"[{""score"": ""0 - 2"", ""pct"": 17.8}, {""score"": ""0 - 1"", ""pct"": 15.78}, {""score"": ""0 - 3"", ""pct"": 13.08}]"
Iran,Netherlands,Neutral,1.207,1.493,30.1,27.3,42.6,29.8,5.2,6.5,43.8,6.7,8.0,41.5,58.5,"[{""score"": ""1 - 1"", ""pct"": 12.23}, {""score"": ""0 - 1"", ""pct"": 10.03}, {""score"": ""1 - 2"", ""pct"": 8.74}]"
Iran,South Africa,Neutral,2.021,0.679,69.0,20.2,10.8,69.3,7.6,8.5,10.1,1.8,2.7,85.4,14.6,"[{""score"": ""2 - 0"", ""pct"": 14.05}, {""score"": ""1 - 0"", ""pct"": 13.65}, {""score"": ""2 - 1"", ""pct"": 8.98}]"
Iran,Japan,Neutral,1.085,1.615,24.4,25.2,50.4,23.9,4.5,5.9,50.0,7.0,8.7,34.3,65.7,"[{""score"": ""1 - 1"", ""pct"": 11.68}, {""score"": ""0 - 1"", ""pct"": 11.62}, {""score"": ""1 - 2"", ""pct"": 9.379999999999999}]"
Iran,Scotland,Neutral,1.677,1.023,52.3,25.1,22.5,53.0,7.3,8.1,22.0,4.2,5.3,68.5,31.5,"[{""score"": ""1 - 0"", ""pct"": 11.899999999999999}, {""score"": ""1 - 1"", ""pct"": 11.44}, {""score"": ""2 - 1"", ""pct"": 10.209999999999999}]"
Iran,Algeria,Neutral,1.423,1.277,40.0,26.9,33.1,40.2,6.7,7.6,32.4,5.8,7.3,54.5,45.5,"[{""score"": ""1 - 1"", ""pct"": 11.78}, {""score"": ""1 - 0"", ""pct"": 9.51}, {""score"": ""0 - 1"", ""pct"": 8.83}]"
Iran,Canada,Neutral,1.414,1.286,39.6,26.9,33.4,40.1,6.6,7.6,32.9,5.5,7.4,54.3,45.7,"[{""score"": ""1 - 1"", ""pct"": 11.87}, {""score"": ""1 - 0"", ""pct"": 9.69}, {""score"": ""0 - 1"", ""pct"": 8.799999999999999}]"
Iran,Haiti,Neutral,1.86,0.84,62.0,23.1,14.8,61.7,8.2,8.2,15.4,2.9,3.6,78.1,21.9,"[{""score"": ""1 - 0"", ""pct"": 13.639999999999999}, {""score"": ""2 - 0"", ""pct"": 11.51}, {""score"": ""1 - 1"", ""pct"": 10.35}]"
Iran,Spain,Neutral,0.676,2.024,9.7,19.5,70.8,10.7,2.0,2.6,69.2,7.6,7.9,15.4,84.6,"[{""score"": ""0 - 1"", ""pct"": 14.729999999999999}, {""score"": ""0 - 2"", ""pct"": 13.66}, {""score"": ""1 - 2"", ""pct"": 9.71}]"
Iran,Saudi Arabia,Neutral,1.915,0.785,65.2,21.6,13.3,66.0,7.3,8.0,13.0,2.4,3.3,81.3,18.6,"[{""score"": ""1 - 0"", ""pct"": 13.530000000000001}, {""score"": ""2 - 0"", ""pct"": 12.120000000000001}, {""score"": ""2 - 1"", ""pct"": 10.02}]"
Iran,Colombia,Neutral,1.003,1.697,20.6,24.9,54.4,21.4,3.7,5.9,53.1,7.3,8.6,31.0,69.0,"[{""score"": ""0 - 1"", ""pct"": 11.790000000000001}, {""score"": ""1 - 1"", ""pct"": 11.379999999999999}, {""score"": ""0 - 2"", ""pct"": 10.07}]"
Iran,Portugal,Neutral,1.078,1.622,24.2,25.6,50.2,24.4,4.6,5.7,48.8,7.5,9.1,34.6,65.4,"[{""score"": ""1 - 1"", ""pct"": 11.53}, {""score"": ""0 - 1"", ""pct"": 10.9}, {""score"": ""1 - 2"", ""pct"": 10.09}]"
Iran,Sweden,Neutral,1.92,0.78,65.4,21.2,13.4,63.7,8.0,8.6,13.1,2.7,3.9,80.3,19.7,"[{""score"": ""1 - 0"", ""pct"": 13.69}, {""score"": ""2 - 0"", ""pct"": 12.33}, {""score"": ""2 - 1"", ""pct"": 9.55}]"
Iran,Jordan,Neutral,1.656,1.044,52.7,25.0,22.3,51.3,8.1,8.7,22.4,4.1,5.4,68.1,31.9,"[{""score"": ""1 - 0"", ""pct"": 11.690000000000001}, {""score"": ""1 - 1"", ""pct"": 11.16}, {""score"": ""2 - 1"", ""pct"": 9.83}]"
Iran,Morocco,Neutral,1.13,1.57,26.7,26.2,47.1,26.7,4.9,6.2,47.0,7.1,8.1,37.8,62.2,"[{""score"": ""1 - 1"", ""pct"": 11.57}, {""score"": ""0 - 1"", ""pct"": 11.450000000000001}, {""score"": ""1 - 2"", ""pct"": 8.93}]"
Iran,Iraq,Neutral,1.821,0.879,60.3,23.2,16.6,59.6,7.6,8.5,17.1,3.3,3.9,75.7,24.3,"[{""score"": ""1 - 0"", ""pct"": 12.76}, {""score"": ""2 - 0"", ""pct"": 11.19}, {""score"": ""1 - 1"", ""pct"": 10.440000000000001}]"
Iran,Tunisia,Neutral,1.82,0.88,59.3,23.8,16.9,60.5,7.6,8.6,16.0,3.1,4.2,76.7,23.3,"[{""score"": ""1 - 0"", ""pct"": 12.27}, {""score"": ""1 - 1"", ""pct"": 11.01}, {""score"": ""2 - 0"", ""pct"": 10.83}]"
Iran,Qatar,Neutral,2.169,0.531,76.0,16.9,7.1,76.2,6.8,7.2,6.8,1.3,1.7,90.2,9.8,"[{""score"": ""2 - 0"", ""pct"": 15.76}, {""score"": ""1 - 0"", ""pct"": 15.15}, {""score"": ""3 - 0"", ""pct"": 10.97}]"
Iran,Curaçao,Neutral,2.088,0.612,71.7,19.8,8.5,73.2,6.6,7.9,8.4,1.8,2.2,87.6,12.4,"[{""score"": ""1 - 0"", ""pct"": 14.330000000000002}, {""score"": ""2 - 0"", ""pct"": 14.04}, {""score"": ""3 - 0"", ""pct"": 10.27}]"
Iran,South Korea,Neutral,1.395,1.305,38.3,27.3,34.4,38.7,6.3,7.8,33.9,5.9,7.3,52.8,47.2,"[{""score"": ""1 - 1"", ""pct"": 11.98}, {""score"": ""1 - 0"", ""pct"": 9.47}, {""score"": ""0 - 1"", ""pct"": 9.06}]"
Iran,Ghana,Neutral,2.075,0.625,71.6,19.0,9.4,72.3,7.0,7.6,9.0,1.7,2.3,87.0,13.0,"[{""score"": ""1 - 0"", ""pct"": 15.17}, {""score"": ""2 - 0"", ""pct"": 14.299999999999999}, {""score"": ""3 - 0"", ""pct"": 9.65}]"
Iran,Norway,Neutral,1.332,1.368,36.2,26.3,37.5,35.5,6.2,7.3,36.9,6.2,7.9,49.0,51.0,"[{""score"": ""1 - 1"", ""pct"": 12.049999999999999}, {""score"": ""1 - 0"", ""pct"": 9.82}, {""score"": ""0 - 1"", ""pct"": 9.28}]"
Iran,England,Neutral,0.955,1.745,19.6,24.9,55.4,19.9,3.7,4.9,55.5,7.6,8.5,28.4,71.6,"[{""score"": ""0 - 1"", ""pct"": 11.78}, {""score"": ""1 - 1"", ""pct"": 11.01}, {""score"": ""1 - 2"", ""pct"": 9.950000000000001}]"
Iran,Mexico,Neutral,1.186,1.514,29.2,27.2,43.6,28.8,4.8,6.8,45.1,6.3,8.3,40.4,59.6,"[{""score"": ""1 - 1"", ""pct"": 12.21}, {""score"": ""0 - 1"", ""pct"": 10.07}, {""score"": ""1 - 2"", ""pct"": 8.82}]"
Iran,Austria,Neutral,1.612,1.088,50.2,25.8,24.0,50.0,7.3,8.0,24.2,4.9,5.6,65.2,34.8,"[{""score"": ""1 - 1"", ""pct"": 11.49}, {""score"": ""1 - 0"", ""pct"": 10.86}, {""score"": ""2 - 1"", ""pct"": 9.42}]"
Iran,Panama,Neutral,1.511,1.189,44.5,26.6,28.9,43.8,6.8,8.5,29.4,5.2,6.4,59.1,41.0,"[{""score"": ""1 - 1"", ""pct"": 11.43}, {""score"": ""1 - 0"", ""pct"": 10.58}, {""score"": ""2 - 1"", ""pct"": 9.1}]"
Iran,Bosnia and Herzegovina,Neutral,2.143,0.557,74.8,17.8,7.4,75.3,6.8,7.2,7.5,1.3,1.8,89.4,10.6,"[{""score"": ""2 - 0"", ""pct"": 15.72}, {""score"": ""1 - 0"", ""pct"": 14.85}, {""score"": ""3 - 0"", ""pct"": 10.17}]"
Iran,Czech Republic,Neutral,1.833,0.867,59.7,23.5,16.8,61.2,7.5,8.6,15.7,3.3,3.7,77.3,22.7,"[{""score"": ""1 - 0"", ""pct"": 12.57}, {""score"": ""2 - 0"", ""pct"": 11.3}, {""score"": ""1 - 1"", ""pct"": 10.54}]"
Iran,Switzerland,Neutral,1.392,1.308,38.5,27.8,33.7,39.4,6.1,7.4,34.1,5.9,7.1,52.9,47.1,"[{""score"": ""1 - 1"", ""pct"": 12.61}, {""score"": ""1 - 0"", ""pct"": 10.040000000000001}, {""score"": ""0 - 1"", ""pct"": 8.83}]"
Iran,Argentina,Neutral,0.708,1.992,11.2,20.8,68.0,11.3,2.1,2.8,67.8,7.6,8.4,16.2,83.8,"[{""score"": ""0 - 1"", ""pct"": 14.16}, {""score"": ""0 - 2"", ""pct"": 12.67}, {""score"": ""1 - 2"", ""pct"": 9.87}]"
Iran,Uzbekistan,Neutral,1.544,1.156,46.4,26.3,27.3,45.5,7.5,7.8,27.9,5.1,6.2,60.8,39.2,"[{""score"": ""1 - 1"", ""pct"": 11.75}, {""score"": ""1 - 0"", ""pct"": 10.35}, {""score"": ""2 - 1"", ""pct"": 9.5}]"
Iran,Belgium,Neutral,1.369,1.331,38.1,27.5,34.4,37.1,6.0,7.9,35.4,5.9,7.7,51.0,49.0,"[{""score"": ""1 - 1"", ""pct"": 12.389999999999999}, {""score"": ""1 - 0"", ""pct"": 9.26}, {""score"": ""0 - 1"", ""pct"": 8.540000000000001}]"
Iran,Australia,Neutral,1.307,1.393,34.7,27.5,37.8,34.2,5.7,7.3,38.9,6.0,7.8,47.2,52.8,"[{""score"": ""1 - 1"", ""pct"": 12.629999999999999}, {""score"": ""0 - 1"", ""pct"": 9.24}, {""score"": ""1 - 0"", ""pct"": 8.73}]"
Iran,Paraguay,Neutral,1.405,1.295,39.1,27.0,34.0,39.6,6.2,7.4,34.1,6.1,6.6,53.3,46.7,"[{""score"": ""1 - 1"", ""pct"": 12.509999999999998}, {""score"": ""1 - 0"", ""pct"": 9.58}, {""score"": ""0 - 1"", ""pct"": 8.91}]"
Iran,Egypt,Neutral,1.718,0.982,54.4,25.3,20.3,55.0,7.3,8.5,20.7,3.5,5.0,70.8,29.2,"[{""score"": ""1 - 1"", ""pct"": 12.1}, {""score"": ""1 - 0"", ""pct"": 11.690000000000001}, {""score"": ""2 - 1"", ""pct"": 9.790000000000001}]"
Iran,Ecuador,Neutral,1.09,1.61,24.7,26.0,49.3,25.0,4.8,5.7,49.0,7.1,8.5,35.5,64.6,"[{""score"": ""1 - 1"", ""pct"": 12.22}, {""score"": ""0 - 1"", ""pct"": 10.9}, {""score"": ""1 - 2"", ""pct"": 10.02}]"
Iran,Cape Verde,Neutral,2.048,0.652,70.7,19.5,9.8,70.4,7.4,7.9,9.7,2.0,2.6,85.7,14.3,"[{""score"": ""1 - 0"", ""pct"": 14.71}, {""score"": ""2 - 0"", ""pct"": 14.510000000000002}, {""score"": ""2 - 1"", ""pct"": 9.11}]"
Iran,Germany,Neutral,1.233,1.467,30.3,27.4,42.3,30.2,5.8,6.7,42.7,6.4,8.3,42.7,57.3,"[{""score"": ""1 - 1"", ""pct"": 11.93}, {""score"": ""0 - 1"", ""pct"": 10.0}, {""score"": ""1 - 2"", ""pct"": 8.780000000000001}]"
Iran,DR Congo,Neutral,1.791,0.909,58.5,23.7,17.8,59.3,7.5,8.3,17.1,3.5,4.4,75.1,24.9,"[{""score"": ""1 - 0"", ""pct"": 12.030000000000001}, {""score"": ""1 - 1"", ""pct"": 10.84}, {""score"": ""2 - 0"", ""pct"": 10.299999999999999}]"
Iran,Croatia,Neutral,1.299,1.401,33.6,26.9,39.5,34.4,5.8,7.0,38.4,6.6,7.8,47.2,52.8,"[{""score"": ""1 - 1"", ""pct"": 12.049999999999999}, {""score"": ""0 - 1"", ""pct"": 9.62}, {""score"": ""1 - 2"", ""pct"": 8.83}]"
Iran,Turkey,Neutral,1.353,1.347,36.0,27.4,36.6,35.9,6.3,7.6,36.4,6.7,7.1,49.8,50.2,"[{""score"": ""1 - 1"", ""pct"": 12.16}, {""score"": ""0 - 1"", ""pct"": 9.27}, {""score"": ""1 - 0"", ""pct"": 8.959999999999999}]"
Iran,Uruguay,Neutral,1.229,1.471,31.1,27.4,41.5,30.9,5.5,6.7,41.5,7.0,8.5,43.0,57.0,"[{""score"": ""1 - 1"", ""pct"": 12.1}, {""score"": ""0 - 1"", ""pct"": 9.43}, {""score"": ""1 - 2"", ""pct"": 8.89}]"
Iran,New Zealand,Neutral,1.893,0.807,62.4,23.2,14.4,63.5,7.8,8.7,14.0,2.7,3.2,80.0,19.9,"[{""score"": ""1 - 0"", ""pct"": 13.26}, {""score"": ""2 - 0"", ""pct"": 11.600000000000001}, {""score"": ""1 - 1"", ""pct"": 10.74}]"
Iran,United States,Neutral,1.626,1.074,50.1,25.9,24.0,49.9,7.6,8.7,24.2,3.9,5.7,66.2,33.8,"[{""score"": ""1 - 1"", ""pct"": 11.469999999999999}, {""score"": ""1 - 0"", ""pct"": 11.34}, {""score"": ""2 - 1"", ""pct"": 9.24}]"
Iran,Senegal,Neutral,1.382,1.318,37.0,27.5,35.5,38.2,6.3,7.7,34.4,5.9,7.5,52.2,47.8,"[{""score"": ""1 - 1"", ""pct"": 12.540000000000001}, {""score"": ""0 - 1"", ""pct"": 9.26}, {""score"": ""1 - 0"", ""pct"": 9.15}]"
Iran,Brazil,Neutral,0.994,1.706,21.0,25.4,53.6,20.3,4.2,5.4,54.4,7.1,8.7,29.8,70.2,"[{""score"": ""0 - 1"", ""pct"": 11.82}, {""score"": ""1 - 1"", ""pct"": 11.65}, {""score"": ""1 - 2"", ""pct"": 9.64}]"
Iran,Ivory Coast,Neutral,1.682,1.018,52.0,25.4,22.6,53.5,7.2,8.4,21.5,4.2,5.2,69.1,30.9,"[{""score"": ""1 - 1"", ""pct"": 11.43}, {""score"": ""1 - 0"", ""pct"": 10.84}, {""score"": ""2 - 1"", ""pct"": 9.73}]"
Iran,France,Neutral,0.877,1.823,16.5,23.8,59.7,16.2,3.4,4.0,60.2,7.4,8.8,23.6,76.4,"[{""score"": ""0 - 1"", ""pct"": 12.870000000000001}, {""score"": ""0 - 2"", ""pct"": 11.360000000000001}, {""score"": ""1 - 1"", ""pct"": 10.489999999999998}]"
South Korea,Netherlands,Neutral,1.163,1.537,28.7,26.4,44.8,27.1,5.0,6.2,47.0,6.6,8.0,38.4,61.6,"[{""score"": ""1 - 1"", ""pct"": 12.32}, {""score"": ""0 - 1"", ""pct"": 10.620000000000001}, {""score"": ""1 - 2"", ""pct"": 9.08}]"
South Korea,South Africa,Neutral,1.992,0.708,67.6,21.0,11.3,68.0,7.5,7.7,11.6,2.1,3.1,83.2,16.8,"[{""score"": ""1 - 0"", ""pct"": 13.569999999999999}, {""score"": ""2 - 0"", ""pct"": 13.350000000000001}, {""score"": ""1 - 1"", ""pct"": 9.0}]"
South Korea,Japan,Neutral,1.043,1.657,21.8,25.5,52.7,23.4,4.7,5.6,50.0,7.9,8.5,33.6,66.4,"[{""score"": ""1 - 1"", ""pct"": 12.07}, {""score"": ""0 - 1"", ""pct"": 11.73}, {""score"": ""1 - 2"", ""pct"": 10.209999999999999}]"
South Korea,Scotland,Neutral,1.636,1.064,49.8,26.5,23.8,50.4,7.2,8.3,24.0,4.2,5.7,66.0,34.0,"[{""score"": ""1 - 1"", ""pct"": 11.67}, {""score"": ""1 - 0"", ""pct"": 10.94}, {""score"": ""2 - 1"", ""pct"": 9.74}]"
South Korea,Algeria,Neutral,1.379,1.321,37.2,27.1,35.7,37.9,6.1,7.4,35.5,5.8,7.2,51.5,48.5,"[{""score"": ""1 - 1"", ""pct"": 11.91}, {""score"": ""1 - 0"", ""pct"": 9.43}, {""score"": ""0 - 1"", ""pct"": 9.180000000000001}]"
South Korea,Canada,Neutral,1.369,1.331,36.8,27.0,36.2,37.5,5.8,7.6,35.4,6.6,7.1,50.9,49.1,"[{""score"": ""1 - 1"", ""pct"": 12.139999999999999}, {""score"": ""0 - 1"", ""pct"": 9.07}, {""score"": ""1 - 0"", ""pct"": 8.97}]"
South Korea,Haiti,Neutral,1.824,0.876,60.1,24.1,15.8,59.7,7.8,8.3,16.8,3.0,4.5,75.8,24.2,"[{""score"": ""1 - 0"", ""pct"": 13.389999999999999}, {""score"": ""1 - 1"", ""pct"": 10.99}, {""score"": ""2 - 0"", ""pct"": 10.37}]"
South Korea,Spain,Neutral,0.649,2.051,9.1,19.1,71.8,10.0,1.7,2.6,70.9,6.9,7.9,14.3,85.7,"[{""score"": ""0 - 1"", ""pct"": 14.89}, {""score"": ""0 - 2"", ""pct"": 13.76}, {""score"": ""1 - 2"", ""pct"": 9.969999999999999}]"
South Korea,Saudi Arabia,Neutral,1.882,0.818,62.6,22.8,14.7,62.8,7.7,8.9,14.2,2.8,3.5,79.4,20.6,"[{""score"": ""1 - 0"", ""pct"": 12.67}, {""score"": ""2 - 0"", ""pct"": 11.48}, {""score"": ""1 - 1"", ""pct"": 10.38}]"
South Korea,Colombia,Neutral,0.963,1.737,20.0,24.3,55.8,20.3,3.8,4.6,54.6,8.0,8.8,28.7,71.3,"[{""score"": ""0 - 1"", ""pct"": 12.629999999999999}, {""score"": ""1 - 1"", ""pct"": 11.49}, {""score"": ""0 - 2"", ""pct"": 9.93}]"
South Korea,Portugal,Neutral,1.037,1.663,22.5,25.4,52.0,22.4,4.4,5.6,51.9,7.1,8.6,32.5,67.5,"[{""score"": ""0 - 1"", ""pct"": 11.42}, {""score"": ""1 - 1"", ""pct"": 11.379999999999999}, {""score"": ""1 - 2"", ""pct"": 9.69}]"
South Korea,Sweden,Neutral,1.887,0.813,63.3,22.9,13.8,63.0,7.6,8.7,14.2,2.8,3.7,79.3,20.7,"[{""score"": ""1 - 0"", ""pct"": 13.38}, {""score"": ""2 - 0"", ""pct"": 12.01}, {""score"": ""1 - 1"", ""pct"": 10.72}]"
South Korea,Jordan,Neutral,1.614,1.086,49.5,25.9,24.6,50.2,7.2,8.6,24.1,4.1,5.7,66.1,33.9,"[{""score"": ""1 - 1"", ""pct"": 11.86}, {""score"": ""1 - 0"", ""pct"": 11.16}, {""score"": ""2 - 1"", ""pct"": 9.28}]"
South Korea,Morocco,Neutral,1.087,1.613,25.2,25.6,49.3,24.5,4.5,6.2,49.2,7.2,8.3,35.2,64.8,"[{""score"": ""1 - 1"", ""pct"": 11.459999999999999}, {""score"": ""0 - 1"", ""pct"": 11.4}, {""score"": ""1 - 2"", ""pct"": 9.17}]"
South Korea,Iraq,Neutral,1.783,0.917,58.5,23.8,17.7,57.6,7.6,8.8,18.1,3.6,4.3,74.0,26.0,"[{""score"": ""1 - 0"", ""pct"": 12.33}, {""score"": ""1 - 1"", ""pct"": 11.17}, {""score"": ""2 - 0"", ""pct"": 10.59}]"
South Korea,Tunisia,Neutral,1.783,0.917,57.3,23.9,18.8,58.4,7.2,8.8,17.8,3.5,4.3,74.4,25.6,"[{""score"": ""1 - 0"", ""pct"": 12.64}, {""score"": ""1 - 1"", ""pct"": 10.83}, {""score"": ""2 - 1"", ""pct"": 10.34}]"
South Korea,Qatar,Neutral,2.149,0.551,75.2,17.8,7.1,75.2,7.0,7.4,6.9,1.6,2.0,89.6,10.4,"[{""score"": ""1 - 0"", ""pct"": 15.129999999999999}, {""score"": ""2 - 0"", ""pct"": 14.899999999999999}, {""score"": ""3 - 0"", ""pct"": 11.29}]"
South Korea,Curaçao,Neutral,2.063,0.637,71.1,19.4,9.5,72.4,7.2,7.4,8.5,1.8,2.6,87.0,13.0,"[{""score"": ""1 - 0"", ""pct"": 14.59}, {""score"": ""2 - 0"", ""pct"": 14.38}, {""score"": ""3 - 0"", ""pct"": 9.71}]"
South Korea,Iran,Neutral,1.305,1.395,34.0,27.0,39.0,34.1,6.1,7.1,38.3,6.4,8.0,47.3,52.7,"[{""score"": ""1 - 1"", ""pct"": 12.389999999999999}, {""score"": ""0 - 1"", ""pct"": 9.4}, {""score"": ""1 - 0"", ""pct"": 8.58}]"
South Korea,Ghana,Neutral,2.049,0.651,70.5,19.4,10.1,71.3,7.2,7.5,9.7,1.9,2.3,86.0,14.0,"[{""score"": ""1 - 0"", ""pct"": 14.56}, {""score"": ""2 - 0"", ""pct"": 14.02}, {""score"": ""3 - 0"", ""pct"": 9.17}]"
South Korea,Norway,Neutral,1.287,1.413,33.6,27.2,39.2,32.7,6.1,6.6,40.1,6.7,7.8,45.4,54.6,"[{""score"": ""1 - 1"", ""pct"": 12.42}, {""score"": ""0 - 1"", ""pct"": 9.719999999999999}, {""score"": ""1 - 0"", ""pct"": 8.649999999999999}]"
South Korea,England,Neutral,0.917,1.783,17.6,24.2,58.2,17.6,3.5,4.6,57.7,7.9,8.8,25.7,74.3,"[{""score"": ""0 - 1"", ""pct"": 12.44}, {""score"": ""1 - 1"", ""pct"": 10.79}, {""score"": ""0 - 2"", ""pct"": 10.57}]"
South Korea,Mexico,Neutral,1.143,1.557,27.0,26.3,46.7,27.4,4.9,6.3,46.4,6.8,8.2,38.6,61.4,"[{""score"": ""1 - 1"", ""pct"": 12.4}, {""score"": ""0 - 1"", ""pct"": 10.48}, {""score"": ""1 - 2"", ""pct"": 9.34}]"
South Korea,Austria,Neutral,1.569,1.131,46.2,27.1,26.7,47.6,7.0,8.9,25.7,4.9,5.8,63.6,36.4,"[{""score"": ""1 - 1"", ""pct"": 11.73}, {""score"": ""1 - 0"", ""pct"": 10.979999999999999}, {""score"": ""2 - 1"", ""pct"": 9.4}]"
South Korea,Panama,Neutral,1.467,1.233,42.7,26.0,31.3,42.0,6.5,8.4,30.9,5.4,6.9,56.8,43.2,"[{""score"": ""1 - 1"", ""pct"": 11.88}, {""score"": ""1 - 0"", ""pct"": 10.27}, {""score"": ""2 - 1"", ""pct"": 8.97}]"
South Korea,Bosnia and Herzegovina,Neutral,2.121,0.579,74.9,17.5,7.5,74.3,7.1,7.3,7.8,1.8,1.8,88.7,11.3,"[{""score"": ""1 - 0"", ""pct"": 15.370000000000001}, {""score"": ""2 - 0"", ""pct"": 14.91}, {""score"": ""3 - 0"", ""pct"": 10.33}]"
South Korea,Czech Republic,Neutral,1.796,0.904,58.4,24.5,17.1,58.7,7.6,8.7,17.1,3.2,4.8,74.9,25.1,"[{""score"": ""1 - 0"", ""pct"": 12.46}, {""score"": ""2 - 0"", ""pct"": 11.21}, {""score"": ""1 - 1"", ""pct"": 11.020000000000001}]"
South Korea,Switzerland,Neutral,1.347,1.353,36.5,26.6,36.9,36.4,5.9,7.2,36.8,6.2,7.5,49.5,50.5,"[{""score"": ""1 - 1"", ""pct"": 12.08}, {""score"": ""0 - 1"", ""pct"": 9.86}, {""score"": ""1 - 0"", ""pct"": 9.07}]"
South Korea,Argentina,Neutral,0.68,2.02,10.0,21.2,68.8,10.2,2.0,2.7,69.7,7.4,8.0,14.9,85.1,"[{""score"": ""0 - 1"", ""pct"": 14.280000000000001}, {""score"": ""0 - 2"", ""pct"": 13.08}, {""score"": ""1 - 2"", ""pct"": 9.3}]"
South Korea,Uzbekistan,Neutral,1.5,1.2,43.9,26.7,29.4,43.7,6.9,8.2,29.6,5.3,6.3,58.8,41.2,"[{""score"": ""1 - 1"", ""pct"": 12.27}, {""score"": ""1 - 0"", ""pct"": 10.31}, {""score"": ""2 - 1"", ""pct"": 9.36}]"
South Korea,Belgium,Neutral,1.324,1.376,35.0,27.2,37.8,34.9,5.6,7.6,37.9,6.2,7.8,48.1,51.9,"[{""score"": ""1 - 1"", ""pct"": 11.98}, {""score"": ""0 - 1"", ""pct"": 9.42}, {""score"": ""1 - 0"", ""pct"": 9.39}]"
South Korea,Australia,Neutral,1.262,1.438,32.2,26.9,40.9,32.0,5.9,6.8,40.8,6.4,8.1,44.8,55.2,"[{""score"": ""1 - 1"", ""pct"": 12.21}, {""score"": ""0 - 1"", ""pct"": 9.93}, {""score"": ""1 - 2"", ""pct"": 8.77}]"
South Korea,Paraguay,Neutral,1.36,1.34,37.1,27.2,35.7,36.4,6.7,7.4,36.0,5.9,7.6,50.4,49.6,"[{""score"": ""1 - 1"", ""pct"": 12.64}, {""score"": ""1 - 0"", ""pct"": 9.629999999999999}, {""score"": ""0 - 1"", ""pct"": 9.13}]"
South Korea,Egypt,Neutral,1.678,1.022,53.1,24.8,22.1,53.4,7.3,8.5,21.6,3.8,5.3,69.3,30.7,"[{""score"": ""1 - 0"", ""pct"": 11.5}, {""score"": ""1 - 1"", ""pct"": 11.18}, {""score"": ""2 - 1"", ""pct"": 9.85}]"
South Korea,Ecuador,Neutral,1.048,1.652,23.6,26.2,50.2,23.1,4.4,5.4,50.9,7.6,8.6,32.9,67.1,"[{""score"": ""1 - 1"", ""pct"": 11.43}, {""score"": ""0 - 1"", ""pct"": 11.129999999999999}, {""score"": ""1 - 2"", ""pct"": 9.59}]"
South Korea,Cape Verde,Neutral,2.02,0.68,69.6,20.0,10.4,69.3,7.3,7.9,10.5,2.0,3.0,84.5,15.6,"[{""score"": ""2 - 0"", ""pct"": 14.23}, {""score"": ""1 - 0"", ""pct"": 14.219999999999999}, {""score"": ""2 - 1"", ""pct"": 9.39}]"
South Korea,Germany,Neutral,1.189,1.511,28.8,26.6,44.6,28.9,5.2,6.1,44.5,7.0,8.3,40.2,59.8,"[{""score"": ""1 - 1"", ""pct"": 11.63}, {""score"": ""0 - 1"", ""pct"": 10.290000000000001}, {""score"": ""1 - 2"", ""pct"": 9.139999999999999}]"
South Korea,DR Congo,Neutral,1.753,0.947,55.8,25.0,19.2,56.6,7.5,8.3,19.1,3.4,5.1,72.5,27.5,"[{""score"": ""1 - 0"", ""pct"": 11.89}, {""score"": ""1 - 1"", ""pct"": 11.23}, {""score"": ""2 - 0"", ""pct"": 10.38}]"
South Korea,Croatia,Neutral,1.254,1.446,31.8,26.8,41.4,31.9,5.0,7.5,41.5,6.2,7.9,44.4,55.6,"[{""score"": ""1 - 1"", ""pct"": 12.47}, {""score"": ""0 - 1"", ""pct"": 9.790000000000001}, {""score"": ""1 - 2"", ""pct"": 8.82}]"
South Korea,Turkey,Neutral,1.309,1.391,34.0,27.5,38.6,34.0,5.8,7.7,38.8,6.6,7.1,47.5,52.5,"[{""score"": ""1 - 1"", ""pct"": 12.75}, {""score"": ""0 - 1"", ""pct"": 9.41}, {""score"": ""1 - 0"", ""pct"": 8.91}]"
South Korea,Uruguay,Neutral,1.185,1.515,28.3,27.0,44.8,28.5,5.6,6.6,44.1,7.0,8.3,40.6,59.4,"[{""score"": ""1 - 1"", ""pct"": 12.31}, {""score"": ""0 - 1"", ""pct"": 9.99}, {""score"": ""1 - 2"", ""pct"": 8.88}]"
South Korea,New Zealand,Neutral,1.858,0.842,61.5,22.8,15.7,62.8,7.4,8.5,14.7,3.0,3.5,78.7,21.3,"[{""score"": ""1 - 0"", ""pct"": 12.76}, {""score"": ""2 - 0"", ""pct"": 11.43}, {""score"": ""1 - 1"", ""pct"": 10.48}]"
South Korea,United States,Neutral,1.584,1.116,48.0,25.9,26.1,48.0,6.9,8.1,26.4,4.8,5.9,63.0,37.0,"[{""score"": ""1 - 1"", ""pct"": 12.04}, {""score"": ""1 - 0"", ""pct"": 10.870000000000001}, {""score"": ""2 - 1"", ""pct"": 10.2}]"
South Korea,Senegal,Neutral,1.338,1.362,36.0,27.0,37.0,36.3,5.6,7.4,36.5,6.2,7.9,49.4,50.6,"[{""score"": ""1 - 1"", ""pct"": 12.41}, {""score"": ""1 - 0"", ""pct"": 9.29}, {""score"": ""0 - 1"", ""pct"": 8.959999999999999}]"
South Korea,Brazil,Neutral,0.954,1.746,18.6,25.5,55.9,19.7,3.6,4.8,55.9,7.5,8.5,28.1,71.9,"[{""score"": ""0 - 1"", ""pct"": 11.66}, {""score"": ""1 - 1"", ""pct"": 11.64}, {""score"": ""1 - 2"", ""pct"": 10.209999999999999}]"
South Korea,Ivory Coast,Neutral,1.641,1.059,51.1,25.3,23.6,51.2,7.0,8.8,23.3,4.1,5.6,67.0,33.0,"[{""score"": ""1 - 0"", ""pct"": 11.99}, {""score"": ""1 - 1"", ""pct"": 11.42}, {""score"": ""2 - 1"", ""pct"": 9.58}]"
South Korea,France,Neutral,0.841,1.859,15.3,23.2,61.5,15.1,2.8,3.8,62.6,7.5,8.3,21.6,78.4,"[{""score"": ""0 - 1"", ""pct"": 13.43}, {""score"": ""0 - 2"", ""pct"": 11.59}, {""score"": ""1 - 1"", ""pct"": 10.4}]"
Ghana,Netherlands,Neutral,0.551,2.149,7.2,17.7,75.1,6.6,1.4,2.0,75.3,7.2,7.5,9.9,90.1,"[{""score"": ""0 - 2"", ""pct"": 15.57}, {""score"": ""0 - 1"", ""pct"": 14.790000000000001}, {""score"": ""0 - 3"", ""pct"": 10.81}]"
Ghana,South Africa,Neutral,1.26,1.44,31.5,27.3,41.2,32.6,5.4,6.7,40.9,6.6,7.8,44.7,55.3,"[{""score"": ""1 - 1"", ""pct"": 11.88}, {""score"": ""0 - 1"", ""pct"": 9.74}, {""score"": ""1 - 2"", ""pct"": 8.870000000000001}]"
Ghana,Japan,Neutral,0.496,2.204,6.1,16.7,77.2,6.2,1.1,1.7,77.6,6.8,6.6,8.9,91.1,"[{""score"": ""0 - 2"", ""pct"": 16.39}, {""score"": ""0 - 1"", ""pct"": 15.89}, {""score"": ""0 - 3"", ""pct"": 11.33}]"
Ghana,Scotland,Neutral,0.855,1.845,15.8,23.1,61.1,16.2,3.1,3.9,60.6,7.5,8.7,23.2,76.8,"[{""score"": ""0 - 1"", ""pct"": 13.05}, {""score"": ""0 - 2"", ""pct"": 11.57}, {""score"": ""1 - 1"", ""pct"": 10.76}]"
Ghana,Algeria,Neutral,0.668,2.032,10.3,20.4,69.3,10.5,1.8,2.6,70.2,7.0,8.0,14.8,85.2,"[{""score"": ""0 - 1"", ""pct"": 14.280000000000001}, {""score"": ""0 - 2"", ""pct"": 13.69}, {""score"": ""1 - 1"", ""pct"": 9.19}]"
Ghana,Canada,Neutral,0.662,2.038,10.2,19.6,70.2,9.8,2.3,2.6,69.6,7.0,8.6,14.8,85.2,"[{""score"": ""0 - 1"", ""pct"": 15.1}, {""score"": ""0 - 2"", ""pct"": 13.59}, {""score"": ""1 - 2"", ""pct"": 9.32}]"
Ghana,Haiti,Neutral,1.04,1.66,23.1,25.2,51.7,22.5,4.4,5.5,51.9,7.2,8.6,32.3,67.7,"[{""score"": ""1 - 1"", ""pct"": 11.459999999999999}, {""score"": ""0 - 1"", ""pct"": 11.23}, {""score"": ""1 - 2"", ""pct"": 9.719999999999999}]"
Ghana,Spain,Neutral,0.353,2.347,3.5,14.0,82.5,3.7,0.7,0.9,83.0,5.7,6.0,5.3,94.7,"[{""score"": ""0 - 2"", ""pct"": 18.5}, {""score"": ""0 - 1"", ""pct"": 16.2}, {""score"": ""0 - 3"", ""pct"": 14.39}]"
Ghana,Saudi Arabia,Neutral,1.109,1.591,25.4,26.2,48.4,26.4,4.7,5.8,48.0,7.3,7.8,36.8,63.2,"[{""score"": ""1 - 1"", ""pct"": 11.799999999999999}, {""score"": ""0 - 1"", ""pct"": 10.879999999999999}, {""score"": ""1 - 2"", ""pct"": 9.180000000000001}]"
Ghana,Colombia,Neutral,0.462,2.238,5.4,16.4,78.2,5.6,0.9,1.5,78.4,6.8,6.9,7.9,92.1,"[{""score"": ""0 - 2"", ""pct"": 16.75}, {""score"": ""0 - 1"", ""pct"": 15.39}, {""score"": ""0 - 3"", ""pct"": 12.26}]"
Ghana,Portugal,Neutral,0.493,2.207,6.0,16.7,77.3,5.8,1.2,1.4,77.8,6.6,7.2,8.5,91.5,"[{""score"": ""0 - 2"", ""pct"": 16.63}, {""score"": ""0 - 1"", ""pct"": 15.229999999999999}, {""score"": ""0 - 3"", ""pct"": 11.35}]"
Ghana,Sweden,Neutral,1.115,1.585,26.3,26.4,47.3,26.2,4.9,5.5,47.7,7.0,8.6,36.6,63.4,"[{""score"": ""1 - 1"", ""pct"": 12.13}, {""score"": ""0 - 1"", ""pct"": 10.59}, {""score"": ""1 - 2"", ""pct"": 9.43}]"
Ghana,Jordan,Neutral,0.837,1.863,15.0,22.6,62.4,15.2,2.7,3.7,62.6,6.9,8.9,21.6,78.4,"[{""score"": ""0 - 1"", ""pct"": 13.139999999999999}, {""score"": ""0 - 2"", ""pct"": 11.76}, {""score"": ""1 - 1"", ""pct"": 10.35}]"
Ghana,Morocco,Neutral,0.515,2.185,6.4,17.0,76.6,6.1,1.1,1.8,76.9,6.8,7.3,9.0,91.0,"[{""score"": ""0 - 2"", ""pct"": 16.2}, {""score"": ""0 - 1"", ""pct"": 15.290000000000001}, {""score"": ""0 - 3"", ""pct"": 11.72}]"
Ghana,Iraq,Neutral,0.996,1.704,21.0,24.6,54.4,21.5,3.9,5.0,54.1,7.2,8.3,30.4,69.6,"[{""score"": ""0 - 1"", ""pct"": 11.65}, {""score"": ""1 - 1"", ""pct"": 10.870000000000001}, {""score"": ""1 - 2"", ""pct"": 9.719999999999999}]"
Ghana,Tunisia,Neutral,0.995,1.705,21.2,25.1,53.7,20.9,4.0,4.9,53.9,7.3,9.0,29.8,70.3,"[{""score"": ""0 - 1"", ""pct"": 11.61}, {""score"": ""1 - 1"", ""pct"": 10.84}, {""score"": ""0 - 2"", ""pct"": 9.85}]"
Ghana,Qatar,Neutral,1.535,1.165,45.6,26.5,27.8,45.7,7.1,7.8,28.1,5.0,6.4,60.6,39.4,"[{""score"": ""1 - 1"", ""pct"": 11.81}, {""score"": ""1 - 0"", ""pct"": 11.12}, {""score"": ""2 - 1"", ""pct"": 9.13}]"
Ghana,Curaçao,Neutral,1.373,1.327,37.7,26.9,35.4,37.6,6.2,7.5,35.8,5.9,6.8,51.4,48.6,"[{""score"": ""1 - 1"", ""pct"": 12.509999999999998}, {""score"": ""1 - 0"", ""pct"": 9.55}, {""score"": ""0 - 1"", ""pct"": 9.13}]"
Ghana,Iran,Neutral,0.625,2.075,9.1,19.5,71.4,8.9,1.8,2.5,71.6,7.4,7.8,13.2,86.8,"[{""score"": ""0 - 1"", ""pct"": 14.16}, {""score"": ""0 - 2"", ""pct"": 13.969999999999999}, {""score"": ""0 - 3"", ""pct"": 9.47}]"
Ghana,South Korea,Neutral,0.651,2.049,9.3,19.7,70.9,9.8,1.9,2.6,70.2,7.3,8.2,14.3,85.7,"[{""score"": ""0 - 1"", ""pct"": 14.430000000000001}, {""score"": ""0 - 2"", ""pct"": 14.27}, {""score"": ""1 - 2"", ""pct"": 9.2}]"
Ghana,Norway,Neutral,0.615,2.085,9.1,18.6,72.3,8.4,1.8,2.2,72.0,7.6,7.9,12.4,87.6,"[{""score"": ""0 - 2"", ""pct"": 14.78}, {""score"": ""0 - 1"", ""pct"": 14.52}, {""score"": ""0 - 3"", ""pct"": 9.569999999999999}]"
Ghana,England,Neutral,0.444,2.256,5.0,15.6,79.4,5.4,0.8,1.4,78.7,6.9,6.7,7.7,92.3,"[{""score"": ""0 - 2"", ""pct"": 17.11}, {""score"": ""0 - 1"", ""pct"": 15.32}, {""score"": ""0 - 3"", ""pct"": 12.32}]"
Ghana,Mexico,Neutral,0.541,2.159,7.1,17.6,75.3,7.3,1.1,1.7,74.8,7.0,8.0,10.2,89.8,"[{""score"": ""0 - 2"", ""pct"": 15.809999999999999}, {""score"": ""0 - 1"", ""pct"": 15.21}, {""score"": ""0 - 3"", ""pct"": 10.76}]"
Ghana,Austria,Neutral,0.8,1.9,14.0,22.2,63.8,13.6,2.8,3.4,63.6,7.8,8.9,19.7,80.3,"[{""score"": ""0 - 1"", ""pct"": 13.26}, {""score"": ""0 - 2"", ""pct"": 11.469999999999999}, {""score"": ""1 - 1"", ""pct"": 10.43}]"
Ghana,Panama,Neutral,0.726,1.974,11.7,20.6,67.7,11.9,2.4,3.1,67.0,7.4,8.2,17.4,82.6,"[{""score"": ""0 - 1"", ""pct"": 13.84}, {""score"": ""0 - 2"", ""pct"": 12.559999999999999}, {""score"": ""1 - 2"", ""pct"": 9.520000000000001}]"
Ghana,Bosnia and Herzegovina,Neutral,1.479,1.221,43.5,26.5,30.0,42.4,6.8,8.4,30.3,5.4,6.7,57.5,42.5,"[{""score"": ""1 - 1"", ""pct"": 11.81}, {""score"": ""1 - 0"", ""pct"": 10.059999999999999}, {""score"": ""2 - 1"", ""pct"": 9.3}]"
Ghana,Czech Republic,Neutral,1.009,1.691,21.4,25.6,52.9,21.3,3.6,5.1,53.8,7.4,8.6,30.1,69.9,"[{""score"": ""1 - 1"", ""pct"": 11.77}, {""score"": ""0 - 1"", ""pct"": 11.690000000000001}, {""score"": ""1 - 2"", ""pct"": 10.01}]"
Ghana,Switzerland,Neutral,0.649,2.051,10.0,19.6,70.4,10.0,1.7,2.8,70.2,7.2,8.1,14.5,85.5,"[{""score"": ""0 - 1"", ""pct"": 14.469999999999999}, {""score"": ""0 - 2"", ""pct"": 14.149999999999999}, {""score"": ""0 - 3"", ""pct"": 9.370000000000001}]"
Ghana,Argentina,Neutral,0.363,2.337,3.7,14.2,82.1,3.5,0.8,0.9,83.1,5.7,6.1,5.2,94.8,"[{""score"": ""0 - 2"", ""pct"": 17.740000000000002}, {""score"": ""0 - 1"", ""pct"": 16.07}, {""score"": ""0 - 3"", ""pct"": 14.330000000000002}]"
Ghana,Uzbekistan,Neutral,0.749,1.951,11.9,21.6,66.5,12.8,2.5,3.3,66.1,7.3,7.9,18.6,81.4,"[{""score"": ""0 - 1"", ""pct"": 13.84}, {""score"": ""0 - 2"", ""pct"": 13.54}, {""score"": ""1 - 1"", ""pct"": 9.969999999999999}]"
Ghana,Belgium,Neutral,0.636,2.064,9.2,19.4,71.4,9.8,1.9,2.5,70.9,7.1,7.8,14.2,85.8,"[{""score"": ""0 - 1"", ""pct"": 14.84}, {""score"": ""0 - 2"", ""pct"": 13.930000000000001}, {""score"": ""1 - 2"", ""pct"": 9.54}]"
Ghana,Australia,Neutral,0.601,2.099,8.4,18.2,73.3,8.6,1.9,2.1,72.7,7.1,7.6,12.7,87.4,"[{""score"": ""0 - 1"", ""pct"": 14.74}, {""score"": ""0 - 2"", ""pct"": 14.280000000000001}, {""score"": ""0 - 3"", ""pct"": 10.13}]"
Ghana,Paraguay,Neutral,0.657,2.043,9.7,19.9,70.3,10.2,2.1,2.5,70.9,6.9,7.4,14.8,85.2,"[{""score"": ""0 - 1"", ""pct"": 14.62}, {""score"": ""0 - 2"", ""pct"": 13.950000000000001}, {""score"": ""1 - 2"", ""pct"": 9.34}]"
Ghana,Egypt,Neutral,0.892,1.808,16.7,23.1,60.2,17.4,3.3,4.2,58.5,7.8,8.7,25.0,75.0,"[{""score"": ""0 - 1"", ""pct"": 12.879999999999999}, {""score"": ""0 - 2"", ""pct"": 11.75}, {""score"": ""1 - 1"", ""pct"": 10.459999999999999}]"
Ghana,Ecuador,Neutral,0.498,2.202,6.4,16.5,77.1,6.2,1.3,1.6,77.1,6.6,7.1,9.1,90.9,"[{""score"": ""0 - 2"", ""pct"": 16.86}, {""score"": ""0 - 1"", ""pct"": 15.21}, {""score"": ""0 - 3"", ""pct"": 11.450000000000001}]"
Ghana,Cape Verde,Neutral,1.303,1.397,34.3,27.4,38.3,34.7,5.6,7.1,39.0,6.1,7.5,47.4,52.6,"[{""score"": ""1 - 1"", ""pct"": 12.11}, {""score"": ""0 - 1"", ""pct"": 9.39}, {""score"": ""1 - 0"", ""pct"": 9.31}]"
Ghana,Germany,Neutral,0.563,2.137,7.7,17.5,74.7,7.4,1.4,2.2,74.7,7.2,7.2,11.0,89.0,"[{""score"": ""0 - 2"", ""pct"": 14.860000000000001}, {""score"": ""0 - 1"", ""pct"": 14.62}, {""score"": ""0 - 3"", ""pct"": 10.620000000000001}]"
Ghana,DR Congo,Neutral,0.964,1.736,19.4,24.6,56.0,19.6,3.6,4.9,55.4,7.7,8.8,28.1,71.9,"[{""score"": ""0 - 1"", ""pct"": 12.5}, {""score"": ""1 - 1"", ""pct"": 11.35}, {""score"": ""1 - 2"", ""pct"": 10.09}]"
Ghana,Croatia,Neutral,0.597,2.103,8.4,18.7,72.9,8.9,1.7,2.5,72.5,7.1,7.5,13.0,87.0,"[{""score"": ""0 - 2"", ""pct"": 15.129999999999999}, {""score"": ""0 - 1"", ""pct"": 14.66}, {""score"": ""0 - 3"", ""pct"": 10.08}]"
Ghana,Turkey,Neutral,0.627,2.073,9.2,19.7,71.1,9.0,1.8,2.4,71.5,7.5,7.7,13.2,86.8,"[{""score"": ""0 - 1"", ""pct"": 14.280000000000001}, {""score"": ""0 - 2"", ""pct"": 13.83}, {""score"": ""1 - 2"", ""pct"": 9.55}]"
Ghana,Uruguay,Neutral,0.561,2.139,6.9,16.8,76.4,7.6,1.4,1.9,74.7,6.9,7.5,10.8,89.2,"[{""score"": ""0 - 2"", ""pct"": 16.02}, {""score"": ""0 - 1"", ""pct"": 15.290000000000001}, {""score"": ""0 - 3"", ""pct"": 10.81}]"
Ghana,New Zealand,Neutral,1.08,1.62,25.2,26.0,48.8,24.3,4.3,5.3,50.0,7.0,9.0,34.0,66.0,"[{""score"": ""1 - 1"", ""pct"": 11.82}, {""score"": ""0 - 1"", ""pct"": 10.870000000000001}, {""score"": ""1 - 2"", ""pct"": 9.139999999999999}]"
Ghana,United States,Neutral,0.812,1.888,14.2,22.7,63.1,14.1,2.9,3.8,63.3,7.3,8.6,20.8,79.2,"[{""score"": ""0 - 1"", ""pct"": 13.28}, {""score"": ""0 - 2"", ""pct"": 11.81}, {""score"": ""1 - 1"", ""pct"": 10.45}]"
Ghana,Senegal,Neutral,0.644,2.056,9.6,19.2,71.3,9.4,1.9,2.6,71.0,7.1,8.0,13.9,86.1,"[{""score"": ""0 - 1"", ""pct"": 14.27}, {""score"": ""0 - 2"", ""pct"": 14.16}, {""score"": ""0 - 3"", ""pct"": 9.56}]"
Ghana,Brazil,Neutral,0.459,2.241,5.1,15.3,79.6,5.5,0.9,1.3,78.8,6.8,6.7,7.8,92.2,"[{""score"": ""0 - 2"", ""pct"": 17.299999999999997}, {""score"": ""0 - 1"", ""pct"": 15.310000000000002}, {""score"": ""0 - 3"", ""pct"": 12.370000000000001}]"
Ghana,Ivory Coast,Neutral,0.859,1.841,16.6,23.3,60.1,16.1,3.0,4.0,60.8,7.7,8.4,23.1,76.9,"[{""score"": ""0 - 1"", ""pct"": 12.58}, {""score"": ""0 - 2"", ""pct"": 10.92}, {""score"": ""1 - 1"", ""pct"": 10.74}]"
Ghana,France,Neutral,0.417,2.283,4.6,15.2,80.1,4.8,0.9,1.1,80.9,6.3,6.1,6.7,93.3,"[{""score"": ""0 - 2"", ""pct"": 17.9}, {""score"": ""0 - 1"", ""pct"": 15.9}, {""score"": ""0 - 3"", ""pct"": 12.68}]"
Norway,Netherlands,Neutral,1.226,1.474,31.3,27.3,41.4,30.3,5.4,6.8,42.7,6.9,7.9,42.5,57.5,"[{""score"": ""1 - 1"", ""pct"": 12.659999999999998}, {""score"": ""0 - 1"", ""pct"": 9.99}, {""score"": ""1 - 2"", ""pct"": 8.83}]"
Norway,South Africa,Neutral,2.033,0.667,69.4,20.9,9.7,69.5,7.1,8.3,10.3,2.1,2.6,84.9,15.1,"[{""score"": ""2 - 0"", ""pct"": 14.04}, {""score"": ""1 - 0"", ""pct"": 13.91}, {""score"": ""1 - 1"", ""pct"": 9.47}]"
Norway,Japan,Neutral,1.102,1.598,25.3,26.1,48.6,26.5,4.2,5.5,47.5,7.9,8.5,36.2,63.9,"[{""score"": ""1 - 1"", ""pct"": 11.73}, {""score"": ""0 - 1"", ""pct"": 10.81}, {""score"": ""1 - 2"", ""pct"": 9.53}]"
Norway,Scotland,Neutral,1.694,1.006,52.7,25.6,21.8,54.2,7.4,8.4,21.7,3.6,4.6,70.0,30.0,"[{""score"": ""1 - 0"", ""pct"": 11.75}, {""score"": ""1 - 1"", ""pct"": 11.700000000000001}, {""score"": ""2 - 0"", ""pct"": 9.65}]"
Norway,Algeria,Neutral,1.442,1.258,41.2,26.5,32.2,41.4,6.2,7.8,31.9,5.9,6.8,55.5,44.5,"[{""score"": ""1 - 1"", ""pct"": 11.65}, {""score"": ""1 - 0"", ""pct"": 9.42}, {""score"": ""2 - 1"", ""pct"": 9.030000000000001}]"
Norway,Canada,Neutral,1.432,1.268,40.1,26.9,33.1,39.7,6.3,7.7,33.0,5.9,7.4,53.7,46.3,"[{""score"": ""1 - 1"", ""pct"": 11.83}, {""score"": ""1 - 0"", ""pct"": 9.790000000000001}, {""score"": ""0 - 1"", ""pct"": 8.66}]"
Norway,Haiti,Neutral,1.875,0.825,63.2,22.4,14.4,62.2,7.6,8.5,15.0,2.8,3.9,78.3,21.7,"[{""score"": ""1 - 0"", ""pct"": 13.55}, {""score"": ""2 - 0"", ""pct"": 12.23}, {""score"": ""1 - 1"", ""pct"": 10.299999999999999}]"
Norway,Spain,Neutral,0.688,2.012,10.6,20.1,69.3,10.7,1.9,2.6,69.7,7.2,7.8,15.2,84.8,"[{""score"": ""0 - 2"", ""pct"": 14.530000000000001}, {""score"": ""0 - 1"", ""pct"": 13.3}, {""score"": ""1 - 2"", ""pct"": 9.520000000000001}]"
Norway,Saudi Arabia,Neutral,1.929,0.771,65.6,21.2,13.1,64.6,7.4,9.0,12.8,2.4,3.9,81.0,19.1,"[{""score"": ""1 - 0"", ""pct"": 14.069999999999999}, {""score"": ""2 - 0"", ""pct"": 12.72}, {""score"": ""2 - 1"", ""pct"": 9.89}]"
Norway,Colombia,Neutral,1.019,1.681,21.3,24.8,53.9,22.6,4.1,4.9,52.3,7.3,8.8,31.5,68.5,"[{""score"": ""0 - 1"", ""pct"": 11.95}, {""score"": ""1 - 1"", ""pct"": 11.49}, {""score"": ""1 - 2"", ""pct"": 10.03}]"
Norway,Portugal,Neutral,1.096,1.604,25.1,24.7,50.2,25.4,4.7,5.7,48.1,7.5,8.7,35.7,64.3,"[{""score"": ""0 - 1"", ""pct"": 11.83}, {""score"": ""1 - 1"", ""pct"": 11.3}, {""score"": ""1 - 2"", ""pct"": 9.83}]"
Norway,Sweden,Neutral,1.934,0.766,65.6,21.3,13.1,64.4,8.1,8.2,13.3,2.5,3.4,80.8,19.2,"[{""score"": ""1 - 0"", ""pct"": 14.01}, {""score"": ""2 - 0"", ""pct"": 12.29}, {""score"": ""1 - 1"", ""pct"": 9.81}]"
Norway,Jordan,Neutral,1.673,1.027,51.2,25.3,23.5,52.3,6.7,8.9,22.7,4.4,5.0,67.9,32.1,"[{""score"": ""1 - 1"", ""pct"": 11.33}, {""score"": ""1 - 0"", ""pct"": 10.879999999999999}, {""score"": ""2 - 1"", ""pct"": 10.22}]"
Norway,Morocco,Neutral,1.148,1.552,27.3,26.6,46.1,27.6,4.9,6.1,46.2,7.0,8.2,38.6,61.4,"[{""score"": ""1 - 1"", ""pct"": 11.940000000000001}, {""score"": ""0 - 1"", ""pct"": 11.24}, {""score"": ""1 - 2"", ""pct"": 9.19}]"
Norway,Iraq,Neutral,1.836,0.864,60.0,23.4,16.6,60.4,7.6,8.7,15.9,3.2,4.2,76.7,23.3,"[{""score"": ""1 - 0"", ""pct"": 12.61}, {""score"": ""2 - 0"", ""pct"": 10.69}, {""score"": ""1 - 1"", ""pct"": 10.68}]"
Norway,Tunisia,Neutral,1.835,0.865,60.6,23.3,16.1,60.1,7.6,8.2,16.3,3.3,4.5,75.9,24.1,"[{""score"": ""1 - 0"", ""pct"": 13.56}, {""score"": ""2 - 0"", ""pct"": 11.020000000000001}, {""score"": ""1 - 1"", ""pct"": 10.290000000000001}]"
Norway,Qatar,Neutral,2.177,0.523,76.2,17.1,6.6,76.0,7.2,7.2,6.6,1.2,1.7,90.4,9.6,"[{""score"": ""2 - 0"", ""pct"": 15.65}, {""score"": ""1 - 0"", ""pct"": 15.379999999999999}, {""score"": ""3 - 0"", ""pct"": 11.559999999999999}]"
Norway,Curaçao,Neutral,2.098,0.602,72.6,19.4,8.0,72.4,7.2,7.7,8.7,1.7,2.2,87.4,12.6,"[{""score"": ""2 - 0"", ""pct"": 14.96}, {""score"": ""1 - 0"", ""pct"": 14.95}, {""score"": ""3 - 0"", ""pct"": 10.209999999999999}]"
Norway,Iran,Neutral,1.368,1.332,38.1,26.6,35.3,38.3,5.7,7.5,35.4,6.0,7.1,51.5,48.5,"[{""score"": ""1 - 1"", ""pct"": 11.559999999999999}, {""score"": ""1 - 0"", ""pct"": 9.53}, {""score"": ""0 - 1"", ""pct"": 9.21}]"
Norway,South Korea,Neutral,1.413,1.287,39.7,26.3,34.0,38.0,6.6,7.5,34.5,5.9,7.5,52.0,48.0,"[{""score"": ""1 - 1"", ""pct"": 11.81}, {""score"": ""1 - 0"", ""pct"": 10.05}, {""score"": ""2 - 1"", ""pct"": 9.5}]"
Norway,Ghana,Neutral,2.085,0.615,72.7,18.4,8.9,71.9,7.3,7.8,9.0,1.6,2.4,87.1,12.9,"[{""score"": ""2 - 0"", ""pct"": 15.09}, {""score"": ""1 - 0"", ""pct"": 14.940000000000001}, {""score"": ""3 - 0"", ""pct"": 9.56}]"
Norway,England,Neutral,0.972,1.728,20.1,24.4,55.5,19.9,4.0,5.1,55.2,7.4,8.4,28.9,71.1,"[{""score"": ""0 - 1"", ""pct"": 11.700000000000001}, {""score"": ""1 - 1"", ""pct"": 11.58}, {""score"": ""1 - 2"", ""pct"": 10.22}]"
Norway,Mexico,Neutral,1.204,1.496,29.8,26.5,43.7,29.6,5.1,6.7,43.5,7.0,8.0,41.4,58.6,"[{""score"": ""1 - 1"", ""pct"": 11.700000000000001}, {""score"": ""0 - 1"", ""pct"": 10.36}, {""score"": ""1 - 2"", ""pct"": 9.19}]"
Norway,Austria,Neutral,1.629,1.071,50.8,26.1,23.2,50.3,7.3,8.1,24.3,4.4,5.5,65.8,34.2,"[{""score"": ""1 - 1"", ""pct"": 12.540000000000001}, {""score"": ""1 - 0"", ""pct"": 11.18}, {""score"": ""2 - 1"", ""pct"": 10.290000000000001}]"
Norway,Panama,Neutral,1.529,1.171,44.6,26.6,28.8,44.6,7.3,8.2,27.9,5.2,6.7,60.2,39.8,"[{""score"": ""1 - 1"", ""pct"": 11.940000000000001}, {""score"": ""1 - 0"", ""pct"": 10.56}, {""score"": ""2 - 1"", ""pct"": 8.84}]"
Norway,Bosnia and Herzegovina,Neutral,2.152,0.548,76.0,17.1,7.0,75.7,6.6,7.3,7.4,1.4,1.6,89.7,10.3,"[{""score"": ""2 - 0"", ""pct"": 15.879999999999999}, {""score"": ""1 - 0"", ""pct"": 15.09}, {""score"": ""3 - 0"", ""pct"": 10.83}]"
Norway,Czech Republic,Neutral,1.848,0.852,61.8,23.0,15.2,60.5,7.3,9.0,16.1,2.8,4.2,76.8,23.1,"[{""score"": ""1 - 0"", ""pct"": 12.9}, {""score"": ""2 - 0"", ""pct"": 11.04}, {""score"": ""1 - 1"", ""pct"": 10.489999999999998}]"
Norway,Switzerland,Neutral,1.411,1.289,39.8,27.1,33.2,39.5,6.5,8.3,33.3,5.7,6.8,54.3,45.7,"[{""score"": ""1 - 1"", ""pct"": 12.68}, {""score"": ""1 - 0"", ""pct"": 10.290000000000001}, {""score"": ""0 - 1"", ""pct"": 8.72}]"
Norway,Argentina,Neutral,0.721,1.979,11.7,20.2,68.0,11.6,2.3,3.1,66.8,7.6,8.7,17.0,83.0,"[{""score"": ""0 - 1"", ""pct"": 13.73}, {""score"": ""0 - 2"", ""pct"": 13.420000000000002}, {""score"": ""1 - 2"", ""pct"": 9.47}]"
Norway,Uzbekistan,Neutral,1.562,1.138,47.1,26.3,26.6,46.7,7.1,8.1,26.9,5.0,6.2,61.9,38.1,"[{""score"": ""1 - 1"", ""pct"": 11.62}, {""score"": ""1 - 0"", ""pct"": 10.58}, {""score"": ""2 - 1"", ""pct"": 9.87}]"
Norway,Belgium,Neutral,1.387,1.313,37.6,27.7,34.7,37.9,6.1,7.5,35.1,6.2,7.3,51.5,48.5,"[{""score"": ""1 - 1"", ""pct"": 12.85}, {""score"": ""1 - 0"", ""pct"": 9.44}, {""score"": ""0 - 1"", ""pct"": 8.98}]"
Norway,Australia,Neutral,1.326,1.374,35.8,27.3,36.9,35.6,6.1,6.6,37.6,6.3,7.8,48.2,51.8,"[{""score"": ""1 - 1"", ""pct"": 12.3}, {""score"": ""1 - 0"", ""pct"": 9.51}, {""score"": ""0 - 1"", ""pct"": 8.690000000000001}]"
Norway,Paraguay,Neutral,1.423,1.277,39.9,26.6,33.6,40.0,6.7,7.5,32.7,5.9,7.2,54.1,45.9,"[{""score"": ""1 - 1"", ""pct"": 12.07}, {""score"": ""1 - 0"", ""pct"": 9.55}, {""score"": ""0 - 1"", ""pct"": 9.01}]"
Norway,Egypt,Neutral,1.735,0.965,56.1,25.0,18.9,55.8,7.6,8.9,18.8,3.9,5.1,72.3,27.7,"[{""score"": ""1 - 0"", ""pct"": 11.86}, {""score"": ""1 - 1"", ""pct"": 11.67}, {""score"": ""2 - 1"", ""pct"": 9.959999999999999}]"
Norway,Ecuador,Neutral,1.108,1.592,25.2,25.6,49.2,25.7,4.9,6.1,48.3,7.0,8.1,36.6,63.4,"[{""score"": ""1 - 1"", ""pct"": 12.07}, {""score"": ""0 - 1"", ""pct"": 11.200000000000001}, {""score"": ""1 - 2"", ""pct"": 9.26}]"
Norway,Cape Verde,Neutral,2.059,0.641,71.6,19.2,9.3,71.8,6.9,8.1,9.3,1.6,2.4,86.8,13.2,"[{""score"": ""1 - 0"", ""pct"": 14.74}, {""score"": ""2 - 0"", ""pct"": 13.76}, {""score"": ""3 - 0"", ""pct"": 9.36}]"
Norway,Germany,Neutral,1.251,1.449,32.0,27.5,40.5,31.1,5.7,7.1,41.9,6.4,7.9,43.9,56.1,"[{""score"": ""1 - 1"", ""pct"": 11.93}, {""score"": ""0 - 1"", ""pct"": 9.53}, {""score"": ""1 - 0"", ""pct"": 8.98}]"
Norway,DR Congo,Neutral,1.807,0.893,58.4,23.8,17.9,59.3,7.2,8.8,17.0,3.5,4.2,75.3,24.6,"[{""score"": ""1 - 0"", ""pct"": 12.53}, {""score"": ""1 - 1"", ""pct"": 10.74}, {""score"": ""2 - 0"", ""pct"": 10.57}]"
Norway,Croatia,Neutral,1.317,1.383,34.4,27.4,38.2,34.4,5.5,7.4,38.6,6.0,8.1,47.2,52.8,"[{""score"": ""1 - 1"", ""pct"": 12.22}, {""score"": ""0 - 1"", ""pct"": 9.44}, {""score"": ""1 - 0"", ""pct"": 8.66}]"
Norway,Turkey,Neutral,1.372,1.328,37.6,27.5,34.8,37.4,6.6,7.6,35.1,6.0,7.4,51.5,48.5,"[{""score"": ""1 - 1"", ""pct"": 12.36}, {""score"": ""1 - 0"", ""pct"": 9.43}, {""score"": ""0 - 1"", ""pct"": 8.91}]"
Norway,Uruguay,Neutral,1.247,1.453,31.6,26.5,41.9,31.7,5.5,7.3,41.1,6.6,7.8,44.5,55.5,"[{""score"": ""1 - 1"", ""pct"": 12.01}, {""score"": ""0 - 1"", ""pct"": 10.01}, {""score"": ""1 - 2"", ""pct"": 8.780000000000001}]"
Norway,New Zealand,Neutral,1.907,0.793,64.0,22.6,13.4,63.1,7.8,9.1,13.8,2.5,3.7,80.0,20.0,"[{""score"": ""1 - 0"", ""pct"": 13.780000000000001}, {""score"": ""2 - 0"", ""pct"": 12.13}, {""score"": ""1 - 1"", ""pct"": 10.02}]"
Norway,United States,Neutral,1.644,1.056,50.9,26.2,22.9,50.5,7.3,8.9,22.7,4.2,6.4,66.8,33.2,"[{""score"": ""1 - 1"", ""pct"": 12.280000000000001}, {""score"": ""1 - 0"", ""pct"": 11.600000000000001}, {""score"": ""2 - 1"", ""pct"": 9.22}]"
Norway,Senegal,Neutral,1.401,1.299,39.1,27.3,33.6,39.4,6.2,7.3,33.7,6.2,7.2,52.9,47.1,"[{""score"": ""1 - 1"", ""pct"": 12.5}, {""score"": ""1 - 0"", ""pct"": 10.14}, {""score"": ""0 - 1"", ""pct"": 8.459999999999999}]"
Norway,Brazil,Neutral,1.01,1.69,22.1,24.4,53.5,20.9,4.1,5.2,53.5,7.3,9.0,30.2,69.8,"[{""score"": ""0 - 1"", ""pct"": 12.25}, {""score"": ""1 - 1"", ""pct"": 11.04}, {""score"": ""0 - 2"", ""pct"": 9.370000000000001}]"
Norway,Ivory Coast,Neutral,1.699,1.001,53.6,25.6,20.8,53.3,7.3,8.5,21.6,4.2,5.1,69.1,30.9,"[{""score"": ""1 - 1"", ""pct"": 11.81}, {""score"": ""1 - 0"", ""pct"": 11.44}, {""score"": ""2 - 1"", ""pct"": 10.100000000000001}]"
Norway,France,Neutral,0.892,1.808,17.3,24.3,58.4,17.2,3.1,4.3,59.1,7.6,8.7,24.6,75.4,"[{""score"": ""0 - 1"", ""pct"": 12.13}, {""score"": ""1 - 1"", ""pct"": 11.06}, {""score"": ""0 - 2"", ""pct"": 10.95}]"
England,Netherlands,Neutral,1.614,1.086,49.0,25.7,25.3,48.7,7.3,8.6,25.0,4.7,5.7,64.7,35.3,"[{""score"": ""1 - 1"", ""pct"": 11.44}, {""score"": ""1 - 0"", ""pct"": 10.9}, {""score"": ""2 - 1"", ""pct"": 9.959999999999999}]"
England,South Africa,Neutral,2.224,0.476,77.4,16.9,5.7,78.3,6.4,7.1,5.7,1.1,1.4,91.8,8.2,"[{""score"": ""2 - 0"", ""pct"": 16.29}, {""score"": ""1 - 0"", ""pct"": 15.57}, {""score"": ""3 - 0"", ""pct"": 12.19}]"
England,Japan,Neutral,1.492,1.208,43.7,26.8,29.5,43.9,6.6,7.5,29.9,5.6,6.4,58.0,42.0,"[{""score"": ""1 - 1"", ""pct"": 12.839999999999998}, {""score"": ""1 - 0"", ""pct"": 10.58}, {""score"": ""2 - 1"", ""pct"": 9.11}]"
England,Scotland,Neutral,2.002,0.698,68.6,19.9,11.5,69.4,7.3,8.0,10.7,2.2,2.5,84.6,15.4,"[{""score"": ""2 - 0"", ""pct"": 13.950000000000001}, {""score"": ""1 - 0"", ""pct"": 13.889999999999999}, {""score"": ""2 - 1"", ""pct"": 9.610000000000001}]"
England,Algeria,Neutral,1.807,0.893,59.9,23.7,16.4,59.6,7.7,8.4,17.1,3.2,4.0,75.7,24.3,"[{""score"": ""1 - 0"", ""pct"": 12.33}, {""score"": ""2 - 0"", ""pct"": 11.0}, {""score"": ""1 - 1"", ""pct"": 10.91}]"
England,Canada,Neutral,1.799,0.901,59.0,24.1,16.9,58.3,7.6,8.9,17.2,3.5,4.6,74.8,25.2,"[{""score"": ""1 - 0"", ""pct"": 12.740000000000002}, {""score"": ""1 - 1"", ""pct"": 10.84}, {""score"": ""2 - 0"", ""pct"": 10.51}]"
England,Haiti,Neutral,2.126,0.574,75.1,17.9,7.0,74.1,6.9,7.4,8.2,1.6,1.8,88.4,11.6,"[{""score"": ""2 - 0"", ""pct"": 15.09}, {""score"": ""1 - 0"", ""pct"": 14.67}, {""score"": ""3 - 0"", ""pct"": 10.93}]"
England,Spain,Neutral,0.992,1.708,20.9,25.2,53.8,20.2,4.0,4.9,54.9,7.4,8.6,29.1,70.9,"[{""score"": ""0 - 1"", ""pct"": 11.790000000000001}, {""score"": ""1 - 1"", ""pct"": 11.65}, {""score"": ""1 - 2"", ""pct"": 10.280000000000001}]"
England,Saudi Arabia,Neutral,2.161,0.539,75.0,17.8,7.2,75.4,6.6,7.7,7.1,1.1,2.1,89.7,10.3,"[{""score"": ""2 - 0"", ""pct"": 15.509999999999998}, {""score"": ""1 - 0"", ""pct"": 15.36}, {""score"": ""3 - 0"", ""pct"": 11.14}]"
England,Colombia,Neutral,1.403,1.297,39.6,26.6,33.8,39.2,5.9,7.7,33.6,6.4,7.1,52.9,47.1,"[{""score"": ""1 - 1"", ""pct"": 12.24}, {""score"": ""1 - 0"", ""pct"": 9.41}, {""score"": ""2 - 1"", ""pct"": 8.97}]"
England,Portugal,Neutral,1.485,1.215,42.5,27.7,29.8,42.6,7.0,8.2,30.6,5.1,6.6,57.8,42.2,"[{""score"": ""1 - 1"", ""pct"": 12.889999999999999}, {""score"": ""1 - 0"", ""pct"": 9.9}, {""score"": ""2 - 1"", ""pct"": 8.68}]"
England,Sweden,Neutral,2.163,0.537,75.3,18.0,6.7,76.0,6.5,7.0,7.1,1.3,1.9,89.6,10.4,"[{""score"": ""2 - 0"", ""pct"": 15.78}, {""score"": ""1 - 0"", ""pct"": 15.09}, {""score"": ""3 - 0"", ""pct"": 10.12}]"
England,Jordan,Neutral,1.987,0.713,67.8,20.4,11.8,67.1,7.5,8.2,11.7,2.4,3.0,82.9,17.1,"[{""score"": ""2 - 0"", ""pct"": 13.79}, {""score"": ""1 - 0"", ""pct"": 13.41}, {""score"": ""2 - 1"", ""pct"": 9.67}]"
England,Morocco,Neutral,1.538,1.162,45.8,26.3,27.9,45.1,6.7,8.2,28.7,4.9,6.6,59.9,40.1,"[{""score"": ""1 - 1"", ""pct"": 12.02}, {""score"": ""1 - 0"", ""pct"": 10.95}, {""score"": ""2 - 1"", ""pct"": 9.16}]"
England,Iraq,Neutral,2.1,0.6,72.6,18.8,8.6,73.3,6.7,7.4,8.6,1.9,2.1,87.5,12.5,"[{""score"": ""2 - 0"", ""pct"": 14.82}, {""score"": ""1 - 0"", ""pct"": 14.44}, {""score"": ""3 - 0"", ""pct"": 9.78}]"
England,Tunisia,Neutral,2.1,0.6,73.4,18.6,8.1,73.1,7.2,7.9,7.9,1.5,2.3,88.2,11.8,"[{""score"": ""1 - 0"", ""pct"": 15.03}, {""score"": ""2 - 0"", ""pct"": 14.97}, {""score"": ""3 - 0"", ""pct"": 9.65}]"
England,Qatar,Neutral,2.308,0.392,81.0,15.0,3.9,81.5,6.2,6.4,4.3,0.7,0.9,94.0,5.9,"[{""score"": ""2 - 0"", ""pct"": 17.94}, {""score"": ""1 - 0"", ""pct"": 15.709999999999999}, {""score"": ""3 - 0"", ""pct"": 13.81}]"
England,Curaçao,Neutral,2.263,0.437,79.3,15.8,4.9,79.4,6.5,6.7,5.1,1.0,1.3,92.6,7.4,"[{""score"": ""2 - 0"", ""pct"": 17.130000000000003}, {""score"": ""1 - 0"", ""pct"": 15.86}, {""score"": ""3 - 0"", ""pct"": 12.809999999999999}]"
England,Iran,Neutral,1.745,0.955,56.3,24.7,19.0,56.1,7.4,8.9,19.4,3.3,4.9,72.4,27.6,"[{""score"": ""1 - 0"", ""pct"": 12.379999999999999}, {""score"": ""1 - 1"", ""pct"": 10.97}, {""score"": ""2 - 0"", ""pct"": 10.34}]"
England,South Korea,Neutral,1.783,0.917,57.5,24.5,18.0,57.7,7.6,8.4,18.5,3.2,4.6,73.8,26.2,"[{""score"": ""1 - 0"", ""pct"": 12.0}, {""score"": ""1 - 1"", ""pct"": 10.83}, {""score"": ""2 - 0"", ""pct"": 10.54}]"
England,Ghana,Neutral,2.256,0.444,79.3,15.4,5.2,80.0,6.3,6.4,5.0,1.1,1.2,92.7,7.3,"[{""score"": ""2 - 0"", ""pct"": 17.119999999999997}, {""score"": ""1 - 0"", ""pct"": 15.28}, {""score"": ""3 - 0"", ""pct"": 12.97}]"
England,Norway,Neutral,1.728,0.972,55.1,24.7,20.1,55.3,7.8,8.1,20.0,3.7,5.1,71.2,28.8,"[{""score"": ""1 - 0"", ""pct"": 11.93}, {""score"": ""1 - 1"", ""pct"": 11.4}, {""score"": ""2 - 0"", ""pct"": 9.969999999999999}]"
England,Mexico,Neutral,1.594,1.106,48.8,26.3,24.8,48.7,6.8,8.8,24.8,5.1,5.7,64.4,35.6,"[{""score"": ""1 - 1"", ""pct"": 12.0}, {""score"": ""1 - 0"", ""pct"": 10.99}, {""score"": ""2 - 1"", ""pct"": 9.59}]"
England,Austria,Neutral,1.955,0.745,65.8,21.8,12.4,66.3,7.5,8.5,12.0,2.4,3.2,82.3,17.7,"[{""score"": ""1 - 0"", ""pct"": 13.819999999999999}, {""score"": ""2 - 0"", ""pct"": 12.43}, {""score"": ""2 - 1"", ""pct"": 9.69}]"
England,Panama,Neutral,1.878,0.822,63.1,21.9,14.9,63.3,7.5,8.8,14.1,2.8,3.6,79.6,20.4,"[{""score"": ""1 - 0"", ""pct"": 12.32}, {""score"": ""2 - 0"", ""pct"": 11.88}, {""score"": ""2 - 1"", ""pct"": 10.66}]"
England,Bosnia and Herzegovina,Neutral,2.293,0.407,80.8,15.1,4.1,80.7,6.2,6.5,4.5,0.9,1.1,93.5,6.5,"[{""score"": ""2 - 0"", ""pct"": 17.96}, {""score"": ""1 - 0"", ""pct"": 15.959999999999999}, {""score"": ""3 - 0"", ""pct"": 13.370000000000001}]"
England,Czech Republic,Neutral,2.108,0.592,73.7,18.5,7.8,73.2,7.2,7.7,8.0,1.6,2.4,88.0,12.0,"[{""score"": ""1 - 0"", ""pct"": 15.160000000000002}, {""score"": ""2 - 0"", ""pct"": 14.37}, {""score"": ""3 - 0"", ""pct"": 9.78}]"
England,Switzerland,Neutral,1.781,0.919,57.5,24.5,18.0,58.0,7.7,8.5,18.1,3.0,4.7,74.2,25.8,"[{""score"": ""1 - 0"", ""pct"": 12.53}, {""score"": ""1 - 1"", ""pct"": 10.77}, {""score"": ""2 - 0"", ""pct"": 10.17}]"
England,Argentina,Neutral,1.038,1.662,22.5,25.8,51.7,22.2,4.0,5.4,52.3,7.1,8.9,31.6,68.4,"[{""score"": ""1 - 1"", ""pct"": 11.61}, {""score"": ""0 - 1"", ""pct"": 11.21}, {""score"": ""1 - 2"", ""pct"": 9.67}]"
England,Uzbekistan,Neutral,1.903,0.797,63.8,22.4,13.8,63.0,7.8,9.2,13.9,2.7,3.5,80.0,20.0,"[{""score"": ""1 - 0"", ""pct"": 12.740000000000002}, {""score"": ""2 - 0"", ""pct"": 12.740000000000002}, {""score"": ""1 - 1"", ""pct"": 9.959999999999999}]"
England,Belgium,Neutral,1.761,0.939,56.5,24.5,18.9,56.3,7.6,8.7,19.0,3.5,4.8,72.7,27.3,"[{""score"": ""1 - 0"", ""pct"": 12.1}, {""score"": ""1 - 1"", ""pct"": 11.31}, {""score"": ""2 - 0"", ""pct"": 10.2}]"
England,Australia,Neutral,1.707,0.993,53.4,25.5,21.1,53.8,7.4,9.1,20.6,3.9,5.2,70.3,29.7,"[{""score"": ""1 - 0"", ""pct"": 12.049999999999999}, {""score"": ""1 - 1"", ""pct"": 10.95}, {""score"": ""2 - 1"", ""pct"": 9.719999999999999}]"
England,Paraguay,Neutral,1.792,0.908,58.2,24.1,17.7,58.3,7.8,8.5,17.9,3.0,4.4,74.6,25.4,"[{""score"": ""1 - 0"", ""pct"": 12.839999999999998}, {""score"": ""1 - 1"", ""pct"": 10.84}, {""score"": ""2 - 0"", ""pct"": 10.09}]"
England,Egypt,Neutral,2.031,0.669,69.8,20.2,10.0,70.5,7.2,7.8,9.8,2.0,2.7,85.5,14.5,"[{""score"": ""1 - 0"", ""pct"": 14.149999999999999}, {""score"": ""2 - 0"", ""pct"": 13.96}, {""score"": ""3 - 0"", ""pct"": 9.02}]"
England,Ecuador,Neutral,1.497,1.203,44.1,26.6,29.3,43.8,7.1,8.1,29.2,5.2,6.4,59.1,40.9,"[{""score"": ""1 - 1"", ""pct"": 12.32}, {""score"": ""1 - 0"", ""pct"": 10.67}, {""score"": ""2 - 1"", ""pct"": 8.64}]"
England,Cape Verde,Neutral,2.24,0.46,78.6,15.7,5.6,78.9,6.6,6.7,5.2,1.2,1.3,92.2,7.8,"[{""score"": ""2 - 0"", ""pct"": 16.72}, {""score"": ""1 - 0"", ""pct"": 15.68}, {""score"": ""3 - 0"", ""pct"": 12.04}]"
England,Germany,Neutral,1.639,1.061,50.0,26.0,24.0,50.2,7.5,8.6,23.9,4.1,5.7,66.4,33.6,"[{""score"": ""1 - 1"", ""pct"": 11.82}, {""score"": ""1 - 0"", ""pct"": 10.979999999999999}, {""score"": ""2 - 1"", ""pct"": 9.58}]"
England,DR Congo,Neutral,2.081,0.619,72.4,18.6,9.0,72.6,7.1,7.9,8.7,1.7,2.0,87.6,12.4,"[{""score"": ""1 - 0"", ""pct"": 14.940000000000001}, {""score"": ""2 - 0"", ""pct"": 14.540000000000001}, {""score"": ""3 - 0"", ""pct"": 9.6}]"
England,Croatia,Neutral,1.699,1.001,53.9,25.1,21.0,53.3,7.5,9.0,21.3,3.8,5.1,69.8,30.2,"[{""score"": ""1 - 0"", ""pct"": 11.97}, {""score"": ""1 - 1"", ""pct"": 11.44}, {""score"": ""2 - 1"", ""pct"": 9.32}]"
England,Turkey,Neutral,1.748,0.952,56.3,25.0,18.7,55.6,7.6,8.6,19.7,3.7,4.8,71.8,28.1,"[{""score"": ""1 - 0"", ""pct"": 12.21}, {""score"": ""1 - 1"", ""pct"": 11.18}, {""score"": ""2 - 0"", ""pct"": 10.38}]"
England,Uruguay,Neutral,1.635,1.065,50.5,26.1,23.4,50.6,6.8,8.6,23.8,4.3,6.0,66.0,34.0,"[{""score"": ""1 - 1"", ""pct"": 12.06}, {""score"": ""1 - 0"", ""pct"": 10.96}, {""score"": ""2 - 1"", ""pct"": 9.98}]"
England,New Zealand,Neutral,2.146,0.554,75.4,17.1,7.4,75.4,6.6,7.3,7.2,1.5,1.9,89.3,10.7,"[{""score"": ""2 - 0"", ""pct"": 15.260000000000002}, {""score"": ""1 - 0"", ""pct"": 15.07}, {""score"": ""3 - 0"", ""pct"": 11.110000000000001}]"
England,United States,Neutral,1.965,0.735,66.4,21.3,12.3,66.5,8.2,8.1,11.6,2.5,3.1,82.8,17.2,"[{""score"": ""1 - 0"", ""pct"": 13.309999999999999}, {""score"": ""2 - 0"", ""pct"": 12.76}, {""score"": ""2 - 1"", ""pct"": 10.0}]"
England,Senegal,Neutral,1.773,0.927,58.0,24.1,17.9,57.2,7.8,8.8,18.4,3.3,4.5,73.9,26.1,"[{""score"": ""1 - 0"", ""pct"": 12.41}, {""score"": ""1 - 1"", ""pct"": 10.73}, {""score"": ""2 - 1"", ""pct"": 10.24}]"
England,Brazil,Neutral,1.393,1.307,38.1,27.9,34.0,38.6,6.6,7.0,34.4,6.0,7.4,52.2,47.8,"[{""score"": ""1 - 1"", ""pct"": 12.139999999999999}, {""score"": ""1 - 0"", ""pct"": 9.610000000000001}, {""score"": ""0 - 1"", ""pct"": 8.799999999999999}]"
England,Ivory Coast,Neutral,2.006,0.694,68.7,20.6,10.7,69.0,7.4,8.4,10.6,1.9,2.7,84.7,15.3,"[{""score"": ""1 - 0"", ""pct"": 14.01}, {""score"": ""2 - 0"", ""pct"": 13.350000000000001}, {""score"": ""2 - 1"", ""pct"": 9.71}]"
England,France,Neutral,1.257,1.443,32.6,26.9,40.5,31.6,5.3,6.7,41.6,6.7,8.2,43.6,56.4,"[{""score"": ""1 - 1"", ""pct"": 12.18}, {""score"": ""0 - 1"", ""pct"": 10.05}, {""score"": ""1 - 0"", ""pct"": 9.11}]"
Mexico,Netherlands,Neutral,1.372,1.328,37.1,27.4,35.5,37.2,6.2,7.9,35.6,5.8,7.2,51.4,48.6,"[{""score"": ""1 - 1"", ""pct"": 12.61}, {""score"": ""0 - 1"", ""pct"": 9.15}, {""score"": ""1 - 0"", ""pct"": 8.99}]"
Mexico,South Africa,Neutral,2.116,0.584,73.5,18.2,8.3,72.9,6.9,7.8,8.4,1.6,2.3,87.7,12.3,"[{""score"": ""2 - 0"", ""pct"": 15.440000000000001}, {""score"": ""1 - 0"", ""pct"": 14.979999999999999}, {""score"": ""3 - 0"", ""pct"": 10.18}]"
Mexico,Japan,Neutral,1.245,1.455,31.8,27.6,40.6,30.8,5.5,6.8,42.5,6.6,7.8,43.1,56.9,"[{""score"": ""1 - 1"", ""pct"": 12.19}, {""score"": ""0 - 1"", ""pct"": 9.5}, {""score"": ""1 - 2"", ""pct"": 8.959999999999999}]"
Mexico,Scotland,Neutral,1.82,0.88,60.2,23.1,16.7,59.0,7.7,8.9,16.7,3.7,4.0,75.6,24.4,"[{""score"": ""1 - 0"", ""pct"": 12.709999999999999}, {""score"": ""2 - 0"", ""pct"": 11.01}, {""score"": ""1 - 1"", ""pct"": 10.9}]"
Mexico,Algeria,Neutral,1.585,1.115,48.2,26.1,25.7,48.1,7.3,8.4,25.7,4.3,6.1,63.9,36.1,"[{""score"": ""1 - 1"", ""pct"": 12.31}, {""score"": ""1 - 0"", ""pct"": 11.219999999999999}, {""score"": ""2 - 1"", ""pct"": 9.8}]"
Mexico,Canada,Neutral,1.576,1.124,46.8,27.1,26.0,47.5,6.9,8.6,26.6,4.4,6.0,62.9,37.1,"[{""score"": ""1 - 1"", ""pct"": 12.389999999999999}, {""score"": ""1 - 0"", ""pct"": 10.59}, {""score"": ""2 - 1"", ""pct"": 9.700000000000001}]"
Mexico,Haiti,Neutral,1.98,0.72,67.5,20.7,11.9,67.4,7.7,8.3,11.3,2.3,2.9,83.5,16.5,"[{""score"": ""1 - 0"", ""pct"": 14.430000000000001}, {""score"": ""2 - 0"", ""pct"": 13.719999999999999}, {""score"": ""2 - 1"", ""pct"": 9.27}]"
Mexico,Spain,Neutral,0.789,1.911,13.9,22.5,63.6,13.9,2.5,3.4,64.5,7.5,8.2,19.8,80.2,"[{""score"": ""0 - 1"", ""pct"": 12.9}, {""score"": ""0 - 2"", ""pct"": 12.18}, {""score"": ""1 - 1"", ""pct"": 9.92}]"
Mexico,Saudi Arabia,Neutral,2.027,0.673,70.1,19.5,10.4,69.8,7.6,8.0,9.9,2.0,2.7,85.3,14.7,"[{""score"": ""1 - 0"", ""pct"": 14.530000000000001}, {""score"": ""2 - 0"", ""pct"": 13.69}, {""score"": ""2 - 1"", ""pct"": 8.99}]"
Mexico,Colombia,Neutral,1.158,1.542,27.8,26.5,45.8,27.8,4.6,6.0,46.5,7.1,8.1,38.4,61.6,"[{""score"": ""1 - 1"", ""pct"": 12.01}, {""score"": ""0 - 1"", ""pct"": 10.65}, {""score"": ""1 - 2"", ""pct"": 9.030000000000001}]"
Mexico,Portugal,Neutral,1.238,1.462,31.3,26.5,42.2,31.6,5.0,6.8,42.2,6.3,8.1,43.4,56.7,"[{""score"": ""1 - 1"", ""pct"": 11.91}, {""score"": ""0 - 1"", ""pct"": 10.74}, {""score"": ""1 - 2"", ""pct"": 9.07}]"
Mexico,Sweden,Neutral,2.031,0.669,70.6,19.6,9.8,70.1,7.2,7.9,9.9,2.1,2.7,85.3,14.7,"[{""score"": ""1 - 0"", ""pct"": 14.09}, {""score"": ""2 - 0"", ""pct"": 14.05}, {""score"": ""2 - 1"", ""pct"": 9.56}]"
Mexico,Jordan,Neutral,1.801,0.899,59.0,23.9,17.1,58.2,7.6,8.5,17.8,3.5,4.5,74.3,25.7,"[{""score"": ""1 - 0"", ""pct"": 12.620000000000001}, {""score"": ""2 - 0"", ""pct"": 10.93}, {""score"": ""1 - 1"", ""pct"": 10.71}]"
Mexico,Morocco,Neutral,1.292,1.408,33.4,28.0,38.6,32.6,5.8,7.4,39.9,6.4,8.0,45.8,54.2,"[{""score"": ""1 - 1"", ""pct"": 12.68}, {""score"": ""0 - 1"", ""pct"": 9.43}, {""score"": ""1 - 0"", ""pct"": 8.66}]"
Mexico,Iraq,Neutral,1.947,0.753,65.1,22.0,12.8,64.9,7.7,8.8,12.7,2.5,3.5,81.4,18.6,"[{""score"": ""1 - 0"", ""pct"": 13.44}, {""score"": ""2 - 0"", ""pct"": 12.16}, {""score"": ""1 - 1"", ""pct"": 9.74}]"
Mexico,Tunisia,Neutral,1.946,0.754,65.8,21.0,13.2,65.0,8.3,8.1,13.0,2.4,3.3,81.4,18.6,"[{""score"": ""1 - 0"", ""pct"": 13.98}, {""score"": ""2 - 0"", ""pct"": 12.44}, {""score"": ""1 - 1"", ""pct"": 9.520000000000001}]"
Mexico,Qatar,Neutral,2.235,0.465,78.7,15.6,5.7,77.9,6.7,7.0,5.8,1.0,1.5,91.7,8.3,"[{""score"": ""2 - 0"", ""pct"": 17.119999999999997}, {""score"": ""1 - 0"", ""pct"": 15.740000000000002}, {""score"": ""3 - 0"", ""pct"": 12.07}]"
Mexico,Curaçao,Neutral,2.17,0.53,75.9,17.2,6.9,75.1,7.0,7.7,7.1,1.4,1.7,89.8,10.2,"[{""score"": ""1 - 0"", ""pct"": 15.55}, {""score"": ""2 - 0"", ""pct"": 14.77}, {""score"": ""3 - 0"", ""pct"": 11.27}]"
Mexico,Iran,Neutral,1.514,1.186,45.2,26.6,28.2,43.4,6.7,8.4,29.6,5.4,6.5,58.5,41.5,"[{""score"": ""1 - 1"", ""pct"": 11.86}, {""score"": ""1 - 0"", ""pct"": 10.36}, {""score"": ""2 - 1"", ""pct"": 9.13}]"
Mexico,South Korea,Neutral,1.557,1.143,46.6,26.4,27.1,46.2,6.7,8.4,26.9,5.2,6.6,61.3,38.7,"[{""score"": ""1 - 1"", ""pct"": 11.790000000000001}, {""score"": ""1 - 0"", ""pct"": 10.83}, {""score"": ""2 - 1"", ""pct"": 8.99}]"
Mexico,Ghana,Neutral,2.159,0.541,75.2,17.3,7.5,76.0,6.8,7.0,7.1,1.1,2.0,89.7,10.3,"[{""score"": ""2 - 0"", ""pct"": 15.49}, {""score"": ""1 - 0"", ""pct"": 14.729999999999999}, {""score"": ""3 - 0"", ""pct"": 10.72}]"
Mexico,Norway,Neutral,1.496,1.204,43.1,27.4,29.5,43.4,6.7,8.5,29.9,4.9,6.7,58.5,41.5,"[{""score"": ""1 - 1"", ""pct"": 12.629999999999999}, {""score"": ""1 - 0"", ""pct"": 10.14}, {""score"": ""2 - 1"", ""pct"": 9.180000000000001}]"
Mexico,England,Neutral,1.106,1.594,24.7,26.9,48.4,25.5,4.8,5.9,47.9,7.2,8.7,36.2,63.8,"[{""score"": ""1 - 1"", ""pct"": 12.139999999999999}, {""score"": ""0 - 1"", ""pct"": 11.28}, {""score"": ""1 - 2"", ""pct"": 9.2}]"
Mexico,Austria,Neutral,1.761,0.939,57.0,24.1,18.9,56.5,7.3,9.1,19.1,3.3,4.7,72.9,27.1,"[{""score"": ""1 - 0"", ""pct"": 12.15}, {""score"": ""1 - 1"", ""pct"": 10.31}, {""score"": ""2 - 0"", ""pct"": 10.09}]"
Mexico,Panama,Neutral,1.668,1.032,51.5,25.5,23.0,51.8,7.7,8.6,21.8,4.3,5.8,68.1,31.9,"[{""score"": ""1 - 1"", ""pct"": 11.49}, {""score"": ""1 - 0"", ""pct"": 11.3}, {""score"": ""2 - 0"", ""pct"": 9.36}]"
Mexico,Bosnia and Herzegovina,Neutral,2.214,0.486,78.0,16.4,5.6,77.5,6.8,6.9,6.2,1.2,1.5,91.1,8.9,"[{""score"": ""2 - 0"", ""pct"": 15.870000000000001}, {""score"": ""1 - 0"", ""pct"": 15.36}, {""score"": ""3 - 0"", ""pct"": 11.99}]"
Mexico,Czech Republic,Neutral,1.957,0.743,66.0,21.8,12.2,66.2,7.3,8.3,12.4,2.4,3.4,81.8,18.2,"[{""score"": ""1 - 0"", ""pct"": 13.63}, {""score"": ""2 - 0"", ""pct"": 12.47}, {""score"": ""1 - 1"", ""pct"": 9.92}]"
Mexico,Switzerland,Neutral,1.555,1.145,46.2,26.6,27.2,46.8,7.0,8.5,26.6,4.9,6.1,62.4,37.6,"[{""score"": ""1 - 1"", ""pct"": 11.74}, {""score"": ""1 - 0"", ""pct"": 10.4}, {""score"": ""2 - 1"", ""pct"": 9.15}]"
Mexico,Argentina,Neutral,0.827,1.873,14.8,22.6,62.6,14.9,3.0,3.8,62.5,7.2,8.6,21.7,78.3,"[{""score"": ""0 - 1"", ""pct"": 13.25}, {""score"": ""0 - 2"", ""pct"": 11.67}, {""score"": ""1 - 1"", ""pct"": 9.82}]"
Mexico,Uzbekistan,Neutral,1.699,1.001,52.8,25.2,22.1,52.9,7.0,8.7,22.0,3.7,5.7,68.6,31.4,"[{""score"": ""1 - 0"", ""pct"": 11.469999999999999}, {""score"": ""1 - 1"", ""pct"": 11.26}, {""score"": ""2 - 1"", ""pct"": 9.75}]"
Mexico,Belgium,Neutral,1.532,1.168,45.4,26.2,28.4,44.7,7.0,8.8,28.6,4.9,6.0,60.5,39.5,"[{""score"": ""1 - 1"", ""pct"": 11.61}, {""score"": ""1 - 0"", ""pct"": 10.530000000000001}, {""score"": ""2 - 1"", ""pct"": 9.17}]"
Mexico,Australia,Neutral,1.472,1.228,42.8,26.2,31.1,43.1,6.5,8.3,30.2,5.2,6.8,57.8,42.1,"[{""score"": ""1 - 1"", ""pct"": 11.62}, {""score"": ""1 - 0"", ""pct"": 10.6}, {""score"": ""2 - 1"", ""pct"": 8.73}]"
Mexico,Paraguay,Neutral,1.567,1.133,47.5,26.9,25.6,46.6,6.8,8.2,26.7,5.4,6.3,61.6,38.4,"[{""score"": ""1 - 1"", ""pct"": 12.23}, {""score"": ""1 - 0"", ""pct"": 10.59}, {""score"": ""2 - 1"", ""pct"": 9.73}]"
Mexico,Egypt,Neutral,1.857,0.843,61.3,23.3,15.4,61.2,7.2,8.9,15.7,3.0,4.0,77.3,22.7,"[{""score"": ""1 - 0"", ""pct"": 13.34}, {""score"": ""2 - 0"", ""pct"": 11.62}, {""score"": ""1 - 1"", ""pct"": 10.51}]"
Mexico,Ecuador,Neutral,1.25,1.45,31.7,27.2,41.2,31.3,5.6,6.8,41.5,6.8,8.1,43.7,56.3,"[{""score"": ""1 - 1"", ""pct"": 12.19}, {""score"": ""0 - 1"", ""pct"": 9.9}, {""score"": ""1 - 2"", ""pct"": 8.53}]"
Mexico,Cape Verde,Neutral,2.137,0.563,73.8,18.8,7.3,74.0,6.9,7.7,7.7,1.6,2.2,88.6,11.4,"[{""score"": ""2 - 0"", ""pct"": 15.39}, {""score"": ""1 - 0"", ""pct"": 14.59}, {""score"": ""3 - 0"", ""pct"": 10.190000000000001}]"
Mexico,Germany,Neutral,1.398,1.302,38.4,27.7,33.9,39.2,6.3,7.6,33.5,6.4,7.0,53.1,46.9,"[{""score"": ""1 - 1"", ""pct"": 12.479999999999999}, {""score"": ""1 - 0"", ""pct"": 9.08}, {""score"": ""0 - 1"", ""pct"": 8.67}]"
Mexico,DR Congo,Neutral,1.921,0.779,64.5,22.6,12.9,64.4,7.4,8.9,12.8,3.0,3.6,80.6,19.4,"[{""score"": ""1 - 0"", ""pct"": 13.780000000000001}, {""score"": ""2 - 0"", ""pct"": 12.139999999999999}, {""score"": ""1 - 1"", ""pct"": 9.84}]"
Mexico,Croatia,Neutral,1.464,1.236,42.8,26.6,30.6,42.0,6.7,7.7,31.5,5.4,6.7,56.4,43.6,"[{""score"": ""1 - 1"", ""pct"": 11.97}, {""score"": ""1 - 0"", ""pct"": 10.73}, {""score"": ""2 - 1"", ""pct"": 9.39}]"
Mexico,Turkey,Neutral,1.517,1.183,45.0,26.1,29.0,44.4,6.5,7.9,29.5,5.0,6.6,58.8,41.2,"[{""score"": ""1 - 1"", ""pct"": 12.29}, {""score"": ""1 - 0"", ""pct"": 10.54}, {""score"": ""2 - 1"", ""pct"": 9.19}]"
Mexico,Uruguay,Neutral,1.393,1.307,39.2,26.0,34.8,38.2,6.5,7.6,34.7,5.8,7.2,52.2,47.8,"[{""score"": ""1 - 1"", ""pct"": 11.76}, {""score"": ""1 - 0"", ""pct"": 9.46}, {""score"": ""0 - 1"", ""pct"": 9.17}]"
Mexico,New Zealand,Neutral,2.008,0.692,68.7,20.5,10.8,69.5,7.4,7.4,10.9,2.1,2.7,84.3,15.7,"[{""score"": ""1 - 0"", ""pct"": 14.149999999999999}, {""score"": ""2 - 0"", ""pct"": 13.420000000000002}, {""score"": ""2 - 1"", ""pct"": 9.51}]"
Mexico,United States,Neutral,1.774,0.926,56.6,24.6,18.8,57.5,7.6,8.8,18.0,3.7,4.4,73.9,26.1,"[{""score"": ""1 - 0"", ""pct"": 11.73}, {""score"": ""1 - 1"", ""pct"": 11.32}, {""score"": ""2 - 0"", ""pct"": 10.440000000000001}]"
Mexico,Senegal,Neutral,1.545,1.155,46.2,26.9,26.9,46.2,6.9,8.6,27.5,4.7,6.1,61.7,38.3,"[{""score"": ""1 - 1"", ""pct"": 12.46}, {""score"": ""1 - 0"", ""pct"": 11.17}, {""score"": ""2 - 1"", ""pct"": 9.139999999999999}]"
Mexico,Brazil,Neutral,1.148,1.552,27.2,25.8,47.0,27.4,4.9,6.5,46.4,7.0,7.8,38.7,61.3,"[{""score"": ""1 - 1"", ""pct"": 11.63}, {""score"": ""0 - 1"", ""pct"": 10.66}, {""score"": ""1 - 2"", ""pct"": 9.379999999999999}]"
Mexico,Ivory Coast,Neutral,1.824,0.876,60.0,23.0,17.0,60.0,7.9,8.3,16.6,3.2,4.0,76.2,23.8,"[{""score"": ""1 - 0"", ""pct"": 12.55}, {""score"": ""2 - 0"", ""pct"": 10.93}, {""score"": ""1 - 1"", ""pct"": 10.39}]"
Mexico,France,Neutral,1.02,1.68,21.9,25.1,53.0,21.8,4.3,5.3,52.5,7.6,8.5,31.4,68.7,"[{""score"": ""0 - 1"", ""pct"": 11.57}, {""score"": ""1 - 1"", ""pct"": 11.469999999999999}, {""score"": ""1 - 2"", ""pct"": 9.569999999999999}]"
Austria,Netherlands,Neutral,0.958,1.742,19.5,24.6,55.9,20.0,3.6,4.9,55.4,7.2,8.9,28.4,71.6,"[{""score"": ""0 - 1"", ""pct"": 12.29}, {""score"": ""1 - 1"", ""pct"": 11.43}, {""score"": ""0 - 2"", ""pct"": 9.78}]"
Austria,South Africa,Neutral,1.829,0.871,60.5,23.7,15.8,60.6,7.4,8.7,16.4,3.0,3.9,76.6,23.4,"[{""score"": ""1 - 0"", ""pct"": 13.120000000000001}, {""score"": ""1 - 1"", ""pct"": 10.89}, {""score"": ""2 - 0"", ""pct"": 10.73}]"
Austria,Japan,Neutral,0.852,1.848,16.1,22.8,61.1,16.2,3.3,4.3,60.2,7.8,8.3,23.7,76.3,"[{""score"": ""0 - 1"", ""pct"": 13.33}, {""score"": ""0 - 2"", ""pct"": 11.3}, {""score"": ""1 - 1"", ""pct"": 10.26}]"
Austria,Scotland,Neutral,1.421,1.279,39.9,26.9,33.2,39.5,6.1,7.7,33.8,5.9,7.0,53.4,46.6,"[{""score"": ""1 - 1"", ""pct"": 11.74}, {""score"": ""1 - 0"", ""pct"": 9.83}, {""score"": ""0 - 1"", ""pct"": 8.63}]"
Austria,Algeria,Neutral,1.159,1.541,27.3,27.5,45.2,28.2,5.3,6.3,45.5,7.2,7.6,39.8,60.2,"[{""score"": ""1 - 1"", ""pct"": 12.27}, {""score"": ""0 - 1"", ""pct"": 10.35}, {""score"": ""1 - 2"", ""pct"": 9.34}]"
Austria,Canada,Neutral,1.149,1.551,27.9,26.2,45.9,26.7,5.0,6.6,45.8,7.5,8.4,38.3,61.7,"[{""score"": ""1 - 1"", ""pct"": 12.01}, {""score"": ""0 - 1"", ""pct"": 10.84}, {""score"": ""1 - 2"", ""pct"": 9.2}]"
Austria,Haiti,Neutral,1.629,1.071,50.1,25.6,24.2,49.9,7.1,8.9,24.1,4.5,5.5,65.9,34.1,"[{""score"": ""1 - 1"", ""pct"": 11.5}, {""score"": ""1 - 0"", ""pct"": 11.34}, {""score"": ""2 - 1"", ""pct"": 9.34}]"
Austria,Spain,Neutral,0.533,2.167,6.5,17.8,75.7,6.8,1.2,1.8,75.7,6.9,7.7,9.8,90.2,"[{""score"": ""0 - 2"", ""pct"": 15.8}, {""score"": ""0 - 1"", ""pct"": 15.190000000000001}, {""score"": ""0 - 3"", ""pct"": 11.27}]"
Austria,Saudi Arabia,Neutral,1.696,1.004,54.2,25.0,20.9,53.8,7.2,9.1,20.6,4.3,5.0,70.1,29.9,"[{""score"": ""1 - 0"", ""pct"": 11.62}, {""score"": ""1 - 1"", ""pct"": 11.62}, {""score"": ""2 - 1"", ""pct"": 10.12}]"
Austria,Colombia,Neutral,0.784,1.916,13.5,22.6,64.0,13.3,2.6,3.4,64.5,7.8,8.4,19.3,80.7,"[{""score"": ""0 - 1"", ""pct"": 13.420000000000002}, {""score"": ""0 - 2"", ""pct"": 11.82}, {""score"": ""1 - 1"", ""pct"": 10.32}]"
Austria,Portugal,Neutral,0.846,1.854,15.4,23.2,61.5,15.6,2.8,3.7,61.1,7.8,9.0,22.1,77.9,"[{""score"": ""0 - 1"", ""pct"": 13.059999999999999}, {""score"": ""0 - 2"", ""pct"": 11.07}, {""score"": ""1 - 1"", ""pct"": 10.39}]"
Austria,Sweden,Neutral,1.702,0.998,54.0,24.4,21.6,53.8,7.5,8.5,21.5,3.9,5.0,69.7,30.3,"[{""score"": ""1 - 0"", ""pct"": 11.459999999999999}, {""score"": ""1 - 1"", ""pct"": 10.82}, {""score"": ""2 - 1"", ""pct"": 9.82}]"
Austria,Jordan,Neutral,1.397,1.303,38.2,26.6,35.2,38.5,6.2,8.0,34.1,5.8,7.3,52.8,47.2,"[{""score"": ""1 - 1"", ""pct"": 11.89}, {""score"": ""1 - 0"", ""pct"": 9.969999999999999}, {""score"": ""0 - 1"", ""pct"": 8.89}]"
Austria,Morocco,Neutral,0.89,1.81,17.1,23.4,59.5,17.2,3.0,4.6,58.8,7.7,8.7,24.8,75.2,"[{""score"": ""0 - 1"", ""pct"": 13.28}, {""score"": ""0 - 2"", ""pct"": 10.8}, {""score"": ""1 - 1"", ""pct"": 10.780000000000001}]"
Austria,Iraq,Neutral,1.583,1.117,48.2,25.7,26.1,48.7,7.0,8.4,25.4,4.6,5.9,64.1,35.9,"[{""score"": ""1 - 1"", ""pct"": 12.02}, {""score"": ""1 - 0"", ""pct"": 11.4}, {""score"": ""2 - 1"", ""pct"": 9.71}]"
Austria,Tunisia,Neutral,1.582,1.118,47.3,26.4,26.2,48.0,7.0,8.4,25.9,4.8,5.9,63.5,36.5,"[{""score"": ""1 - 1"", ""pct"": 12.17}, {""score"": ""1 - 0"", ""pct"": 10.82}, {""score"": ""2 - 1"", ""pct"": 9.48}]"
Austria,Qatar,Neutral,2.028,0.672,70.3,19.5,10.2,70.0,6.6,8.4,10.0,2.0,3.0,85.0,15.0,"[{""score"": ""2 - 0"", ""pct"": 14.44}, {""score"": ""1 - 0"", ""pct"": 13.44}, {""score"": ""2 - 1"", ""pct"": 9.47}]"
Austria,Curaçao,Neutral,1.917,0.783,65.2,22.0,12.8,65.1,7.3,8.2,13.5,2.8,3.2,80.6,19.4,"[{""score"": ""1 - 0"", ""pct"": 13.26}, {""score"": ""2 - 0"", ""pct"": 12.620000000000001}, {""score"": ""1 - 1"", ""pct"": 9.94}]"
Austria,Iran,Neutral,1.088,1.612,25.2,25.3,49.5,24.9,4.7,6.1,49.1,7.1,8.2,35.6,64.4,"[{""score"": ""1 - 1"", ""pct"": 11.37}, {""score"": ""0 - 1"", ""pct"": 11.04}, {""score"": ""1 - 2"", ""pct"": 9.6}]"
Austria,South Korea,Neutral,1.131,1.569,26.3,26.4,47.4,27.0,5.2,6.0,46.2,7.1,8.5,38.1,61.9,"[{""score"": ""1 - 1"", ""pct"": 11.62}, {""score"": ""0 - 1"", ""pct"": 10.69}, {""score"": ""1 - 2"", ""pct"": 9.68}]"
Austria,Ghana,Neutral,1.9,0.8,64.0,22.1,14.0,63.1,7.4,8.6,14.2,2.8,3.8,79.1,20.9,"[{""score"": ""1 - 0"", ""pct"": 13.530000000000001}, {""score"": ""2 - 0"", ""pct"": 11.709999999999999}, {""score"": ""2 - 1"", ""pct"": 9.89}]"
Austria,Norway,Neutral,1.071,1.629,23.5,26.2,50.4,24.1,4.5,5.5,50.6,6.7,8.7,34.0,66.0,"[{""score"": ""1 - 1"", ""pct"": 12.08}, {""score"": ""0 - 1"", ""pct"": 11.85}, {""score"": ""1 - 2"", ""pct"": 9.139999999999999}]"
Austria,England,Neutral,0.745,1.955,11.8,21.5,66.7,12.1,2.7,3.1,66.6,7.2,8.3,17.9,82.1,"[{""score"": ""0 - 1"", ""pct"": 13.320000000000002}, {""score"": ""0 - 2"", ""pct"": 12.47}, {""score"": ""1 - 2"", ""pct"": 9.65}]"
Austria,Mexico,Neutral,0.939,1.761,19.1,24.9,56.0,18.6,3.5,4.5,56.9,7.6,9.0,26.5,73.5,"[{""score"": ""0 - 1"", ""pct"": 12.1}, {""score"": ""1 - 1"", ""pct"": 11.39}, {""score"": ""0 - 2"", ""pct"": 10.14}]"
Austria,Panama,Neutral,1.246,1.454,32.2,26.9,40.9,31.8,5.3,7.2,41.1,6.5,8.1,44.3,55.7,"[{""score"": ""1 - 1"", ""pct"": 12.26}, {""score"": ""0 - 1"", ""pct"": 9.94}, {""score"": ""1 - 2"", ""pct"": 8.57}]"
Austria,Bosnia and Herzegovina,Neutral,1.991,0.709,68.2,20.2,11.5,67.9,7.6,7.5,11.4,2.3,3.3,83.0,17.0,"[{""score"": ""1 - 0"", ""pct"": 13.79}, {""score"": ""2 - 0"", ""pct"": 13.309999999999999}, {""score"": ""2 - 1"", ""pct"": 9.78}]"
Austria,Czech Republic,Neutral,1.597,1.103,47.4,26.9,25.7,49.3,6.7,8.4,25.2,4.2,6.1,64.4,35.6,"[{""score"": ""1 - 1"", ""pct"": 12.2}, {""score"": ""1 - 0"", ""pct"": 10.73}, {""score"": ""2 - 1"", ""pct"": 9.08}]"
Austria,Switzerland,Neutral,1.129,1.571,26.1,26.4,47.5,26.9,4.6,6.2,46.8,7.2,8.3,37.6,62.4,"[{""score"": ""1 - 1"", ""pct"": 11.93}, {""score"": ""0 - 1"", ""pct"": 11.16}, {""score"": ""1 - 2"", ""pct"": 9.379999999999999}]"
Austria,Argentina,Neutral,0.557,2.143,7.2,18.0,74.8,7.3,1.6,2.2,74.6,6.7,7.6,11.1,88.9,"[{""score"": ""0 - 2"", ""pct"": 15.770000000000001}, {""score"": ""0 - 1"", ""pct"": 14.24}, {""score"": ""0 - 3"", ""pct"": 11.33}]"
Austria,Uzbekistan,Neutral,1.279,1.421,33.9,27.3,38.8,33.0,5.7,7.2,39.9,6.3,7.9,45.9,54.1,"[{""score"": ""1 - 1"", ""pct"": 12.23}, {""score"": ""0 - 1"", ""pct"": 9.610000000000001}, {""score"": ""1 - 0"", ""pct"": 8.59}]"
Austria,Belgium,Neutral,1.106,1.594,25.2,26.2,48.7,25.3,4.7,6.0,47.7,7.3,8.9,36.0,64.0,"[{""score"": ""1 - 1"", ""pct"": 12.08}, {""score"": ""0 - 1"", ""pct"": 10.94}, {""score"": ""1 - 2"", ""pct"": 8.88}]"
Austria,Australia,Neutral,1.048,1.652,23.4,25.1,51.5,23.5,4.4,5.5,50.8,7.3,8.6,33.4,66.6,"[{""score"": ""1 - 1"", ""pct"": 11.87}, {""score"": ""0 - 1"", ""pct"": 11.540000000000001}, {""score"": ""1 - 2"", ""pct"": 9.64}]"
Austria,Paraguay,Neutral,1.141,1.559,26.7,26.4,46.9,26.7,5.1,6.3,46.5,7.4,8.1,38.0,61.9,"[{""score"": ""1 - 1"", ""pct"": 11.72}, {""score"": ""0 - 1"", ""pct"": 11.110000000000001}, {""score"": ""1 - 2"", ""pct"": 9.28}]"
Austria,Egypt,Neutral,1.466,1.234,42.4,27.4,30.2,42.6,6.5,8.6,30.2,5.2,6.8,57.7,42.3,"[{""score"": ""1 - 1"", ""pct"": 12.6}, {""score"": ""1 - 0"", ""pct"": 10.459999999999999}, {""score"": ""2 - 1"", ""pct"": 8.88}]"
Austria,Ecuador,Neutral,0.856,1.844,16.6,23.4,60.0,16.2,2.8,3.6,61.9,7.4,8.1,22.6,77.4,"[{""score"": ""0 - 1"", ""pct"": 12.33}, {""score"": ""0 - 2"", ""pct"": 11.04}, {""score"": ""1 - 1"", ""pct"": 10.81}]"
Austria,Cape Verde,Neutral,1.864,0.836,61.3,23.1,15.6,61.7,7.1,8.8,15.2,3.0,4.2,77.6,22.4,"[{""score"": ""1 - 0"", ""pct"": 12.629999999999999}, {""score"": ""2 - 0"", ""pct"": 11.28}, {""score"": ""1 - 1"", ""pct"": 10.530000000000001}]"
Austria,Germany,Neutral,0.981,1.719,20.0,24.6,55.4,21.0,3.9,4.9,54.2,7.2,8.8,29.8,70.2,"[{""score"": ""0 - 1"", ""pct"": 12.11}, {""score"": ""1 - 1"", ""pct"": 11.09}, {""score"": ""1 - 2"", ""pct"": 10.15}]"
Austria,DR Congo,Neutral,1.549,1.151,45.8,26.3,28.0,46.5,7.1,8.4,27.2,4.8,6.1,61.9,38.0,"[{""score"": ""1 - 1"", ""pct"": 12.27}, {""score"": ""1 - 0"", ""pct"": 10.52}, {""score"": ""2 - 1"", ""pct"": 9.29}]"
Austria,Croatia,Neutral,1.041,1.659,22.3,25.1,52.6,23.6,4.2,5.0,51.3,7.2,8.6,32.8,67.2,"[{""score"": ""0 - 1"", ""pct"": 11.76}, {""score"": ""1 - 1"", ""pct"": 11.459999999999999}, {""score"": ""1 - 2"", ""pct"": 10.32}]"
Austria,Turkey,Neutral,1.092,1.608,24.2,26.7,49.1,25.4,4.7,5.9,48.4,7.3,8.3,36.0,64.0,"[{""score"": ""1 - 1"", ""pct"": 12.25}, {""score"": ""0 - 1"", ""pct"": 10.76}, {""score"": ""1 - 2"", ""pct"": 9.48}]"
Austria,Uruguay,Neutral,0.977,1.723,20.5,24.6,54.9,20.8,3.5,5.0,55.0,7.1,8.6,29.3,70.7,"[{""score"": ""0 - 1"", ""pct"": 11.81}, {""score"": ""1 - 1"", ""pct"": 10.84}, {""score"": ""0 - 2"", ""pct"": 9.610000000000001}]"
Austria,New Zealand,Neutral,1.669,1.031,52.1,25.7,22.2,52.3,7.0,9.1,22.4,3.8,5.4,68.4,31.6,"[{""score"": ""1 - 1"", ""pct"": 12.19}, {""score"": ""1 - 0"", ""pct"": 11.52}, {""score"": ""2 - 1"", ""pct"": 9.94}]"
Austria,United States,Neutral,1.366,1.334,37.6,27.4,35.0,36.7,6.1,8.0,35.9,5.9,7.4,50.8,49.2,"[{""score"": ""1 - 1"", ""pct"": 12.06}, {""score"": ""1 - 0"", ""pct"": 9.790000000000001}, {""score"": ""0 - 1"", ""pct"": 8.85}]"
Austria,Senegal,Neutral,1.119,1.581,26.2,26.5,47.3,25.6,4.7,6.1,47.5,7.0,9.0,36.5,63.5,"[{""score"": ""1 - 1"", ""pct"": 12.280000000000001}, {""score"": ""0 - 1"", ""pct"": 11.21}, {""score"": ""1 - 2"", ""pct"": 8.870000000000001}]"
Austria,Brazil,Neutral,0.776,1.924,12.9,22.1,65.0,13.8,2.6,3.5,64.3,7.4,8.3,19.9,80.1,"[{""score"": ""0 - 1"", ""pct"": 13.120000000000001}, {""score"": ""0 - 2"", ""pct"": 12.790000000000001}, {""score"": ""1 - 2"", ""pct"": 10.11}]"
Austria,Ivory Coast,Neutral,1.426,1.274,39.6,27.5,33.0,39.6,6.9,7.6,34.1,5.7,6.1,54.1,45.9,"[{""score"": ""1 - 1"", ""pct"": 12.5}, {""score"": ""1 - 0"", ""pct"": 9.54}, {""score"": ""2 - 1"", ""pct"": 8.48}]"
Austria,France,Neutral,0.684,2.016,10.9,20.9,68.1,10.8,2.1,2.9,68.0,7.6,8.7,15.7,84.3,"[{""score"": ""0 - 2"", ""pct"": 13.66}, {""score"": ""0 - 1"", ""pct"": 13.15}, {""score"": ""1 - 1"", ""pct"": 9.68}]"
Panama,Netherlands,Neutral,1.052,1.648,23.2,25.4,51.4,23.1,4.3,5.7,50.9,7.5,8.5,33.1,66.9,"[{""score"": ""1 - 1"", ""pct"": 12.0}, {""score"": ""0 - 1"", ""pct"": 11.98}, {""score"": ""1 - 2"", ""pct"": 9.94}]"
Panama,South Africa,Neutral,1.91,0.79,64.3,22.4,13.3,63.4,7.8,8.6,14.3,2.6,3.4,79.8,20.2,"[{""score"": ""1 - 0"", ""pct"": 13.36}, {""score"": ""2 - 0"", ""pct"": 11.52}, {""score"": ""2 - 1"", ""pct"": 10.18}]"
Panama,Japan,Neutral,0.938,1.762,19.2,23.8,57.0,18.8,3.2,4.6,56.4,8.0,9.1,26.6,73.4,"[{""score"": ""0 - 1"", ""pct"": 12.0}, {""score"": ""1 - 1"", ""pct"": 10.99}, {""score"": ""0 - 2"", ""pct"": 10.75}]"
Panama,Scotland,Neutral,1.523,1.177,44.3,27.6,28.1,45.0,6.5,8.7,28.7,4.9,6.2,60.1,39.9,"[{""score"": ""1 - 1"", ""pct"": 12.4}, {""score"": ""1 - 0"", ""pct"": 11.06}, {""score"": ""2 - 1"", ""pct"": 9.28}]"
Panama,Algeria,Neutral,1.261,1.439,33.2,26.3,40.5,32.4,5.4,7.3,40.3,6.5,8.1,45.1,54.9,"[{""score"": ""1 - 1"", ""pct"": 12.139999999999999}, {""score"": ""0 - 1"", ""pct"": 9.48}, {""score"": ""1 - 0"", ""pct"": 8.64}]"
Panama,Canada,Neutral,1.252,1.448,31.6,27.2,41.2,32.0,5.7,6.5,41.6,6.4,7.9,44.1,55.9,"[{""score"": ""1 - 1"", ""pct"": 12.690000000000001}, {""score"": ""0 - 1"", ""pct"": 9.99}, {""score"": ""1 - 0"", ""pct"": 8.58}]"
Panama,Haiti,Neutral,1.724,0.976,56.3,23.9,19.8,54.9,7.6,8.8,20.1,3.6,5.0,71.3,28.7,"[{""score"": ""1 - 0"", ""pct"": 12.34}, {""score"": ""1 - 1"", ""pct"": 10.75}, {""score"": ""2 - 0"", ""pct"": 9.85}]"
Panama,Spain,Neutral,0.583,2.117,8.0,18.6,73.4,8.2,1.6,2.1,73.6,6.9,7.5,11.9,88.1,"[{""score"": ""0 - 2"", ""pct"": 15.540000000000001}, {""score"": ""0 - 1"", ""pct"": 14.760000000000002}, {""score"": ""0 - 3"", ""pct"": 9.969999999999999}]"
Panama,Saudi Arabia,Neutral,1.787,0.913,57.6,24.7,17.6,58.5,7.7,7.9,18.3,3.3,4.3,74.1,25.9,"[{""score"": ""1 - 0"", ""pct"": 11.799999999999999}, {""score"": ""1 - 1"", ""pct"": 10.870000000000001}, {""score"": ""2 - 0"", ""pct"": 10.18}]"
Panama,Colombia,Neutral,0.864,1.836,16.5,22.9,60.6,16.0,3.4,3.8,60.7,7.8,8.4,23.1,76.9,"[{""score"": ""0 - 1"", ""pct"": 12.659999999999998}, {""score"": ""0 - 2"", ""pct"": 11.55}, {""score"": ""1 - 1"", ""pct"": 10.33}]"
Panama,Portugal,Neutral,0.932,1.768,19.1,24.2,56.7,18.4,3.2,4.5,57.6,7.6,8.6,26.2,73.8,"[{""score"": ""0 - 1"", ""pct"": 12.29}, {""score"": ""1 - 1"", ""pct"": 11.4}, {""score"": ""0 - 2"", ""pct"": 10.190000000000001}]"
Panama,Sweden,Neutral,1.792,0.908,58.2,23.9,17.9,59.0,7.7,8.5,17.2,3.8,3.9,75.1,24.9,"[{""score"": ""1 - 0"", ""pct"": 13.04}, {""score"": ""1 - 1"", ""pct"": 10.97}, {""score"": ""2 - 0"", ""pct"": 10.94}]"
Panama,Jordan,Neutral,1.5,1.2,43.6,27.0,29.4,44.3,6.8,8.4,28.9,5.1,6.5,59.5,40.5,"[{""score"": ""1 - 1"", ""pct"": 11.99}, {""score"": ""1 - 0"", ""pct"": 10.02}, {""score"": ""2 - 1"", ""pct"": 9.34}]"
Panama,Morocco,Neutral,0.979,1.721,20.7,25.6,53.7,20.8,4.0,4.8,54.0,7.8,8.5,29.6,70.4,"[{""score"": ""1 - 1"", ""pct"": 11.81}, {""score"": ""0 - 1"", ""pct"": 11.700000000000001}, {""score"": ""1 - 2"", ""pct"": 10.37}]"
Panama,Iraq,Neutral,1.68,1.02,52.7,25.1,22.2,52.3,7.7,8.9,22.2,4.0,4.8,68.9,31.1,"[{""score"": ""1 - 0"", ""pct"": 11.700000000000001}, {""score"": ""1 - 1"", ""pct"": 11.12}, {""score"": ""2 - 1"", ""pct"": 9.85}]"
Panama,Tunisia,Neutral,1.679,1.021,52.3,25.8,21.9,53.0,7.2,8.6,22.4,3.9,5.1,68.7,31.3,"[{""score"": ""1 - 1"", ""pct"": 11.53}, {""score"": ""1 - 0"", ""pct"": 11.42}, {""score"": ""2 - 1"", ""pct"": 10.05}]"
Panama,Qatar,Neutral,2.088,0.612,73.0,18.5,8.5,72.2,6.9,8.0,9.1,1.6,2.2,87.1,12.9,"[{""score"": ""1 - 0"", ""pct"": 14.580000000000002}, {""score"": ""2 - 0"", ""pct"": 14.299999999999999}, {""score"": ""3 - 0"", ""pct"": 10.32}]"
Panama,Curaçao,Neutral,1.99,0.71,67.8,20.9,11.3,67.5,7.3,8.4,11.4,2.2,3.2,83.2,16.8,"[{""score"": ""1 - 0"", ""pct"": 13.87}, {""score"": ""2 - 0"", ""pct"": 13.22}, {""score"": ""2 - 1"", ""pct"": 9.55}]"
Panama,Iran,Neutral,1.189,1.511,29.3,26.7,44.0,28.8,5.2,6.6,44.3,6.7,8.4,40.6,59.4,"[{""score"": ""1 - 1"", ""pct"": 11.790000000000001}, {""score"": ""0 - 1"", ""pct"": 10.34}, {""score"": ""1 - 2"", ""pct"": 9.21}]"
Panama,South Korea,Neutral,1.233,1.467,31.5,26.8,41.7,31.4,5.4,6.6,42.1,6.9,7.7,43.3,56.7,"[{""score"": ""1 - 1"", ""pct"": 12.4}, {""score"": ""0 - 1"", ""pct"": 10.299999999999999}, {""score"": ""1 - 2"", ""pct"": 8.88}]"
Panama,Ghana,Neutral,1.974,0.726,66.7,21.3,12.0,66.9,7.8,8.2,11.8,2.1,3.2,82.9,17.1,"[{""score"": ""1 - 0"", ""pct"": 13.370000000000001}, {""score"": ""2 - 0"", ""pct"": 12.809999999999999}, {""score"": ""2 - 1"", ""pct"": 9.49}]"
Panama,Norway,Neutral,1.171,1.529,28.7,25.9,45.4,28.8,5.0,6.5,44.4,7.2,8.1,40.3,59.7,"[{""score"": ""1 - 1"", ""pct"": 11.790000000000001}, {""score"": ""0 - 1"", ""pct"": 10.489999999999998}, {""score"": ""1 - 2"", ""pct"": 8.91}]"
Panama,England,Neutral,0.822,1.878,14.4,22.7,62.9,14.4,3.0,3.9,61.4,8.1,9.2,21.4,78.7,"[{""score"": ""0 - 1"", ""pct"": 12.94}, {""score"": ""0 - 2"", ""pct"": 11.709999999999999}, {""score"": ""1 - 1"", ""pct"": 10.440000000000001}]"
Panama,Mexico,Neutral,1.032,1.668,22.1,26.0,51.9,22.1,3.8,5.6,52.8,7.5,8.2,31.5,68.5,"[{""score"": ""0 - 1"", ""pct"": 11.73}, {""score"": ""1 - 1"", ""pct"": 11.35}, {""score"": ""1 - 2"", ""pct"": 9.75}]"
Panama,Austria,Neutral,1.454,1.246,41.8,27.0,31.2,41.3,6.7,7.9,31.7,5.5,7.0,55.9,44.1,"[{""score"": ""1 - 1"", ""pct"": 12.61}, {""score"": ""1 - 0"", ""pct"": 10.07}, {""score"": ""2 - 1"", ""pct"": 8.57}]"
Panama,Bosnia and Herzegovina,Neutral,2.056,0.644,70.5,19.5,9.9,70.7,7.6,7.9,9.8,1.9,2.1,86.2,13.8,"[{""score"": ""2 - 0"", ""pct"": 14.280000000000001}, {""score"": ""1 - 0"", ""pct"": 14.01}, {""score"": ""3 - 0"", ""pct"": 9.47}]"
Panama,Czech Republic,Neutral,1.694,1.006,53.0,25.6,21.4,52.8,7.7,8.6,21.6,4.0,5.3,69.1,30.9,"[{""score"": ""1 - 0"", ""pct"": 12.18}, {""score"": ""1 - 1"", ""pct"": 11.74}, {""score"": ""2 - 1"", ""pct"": 9.6}]"
Panama,Switzerland,Neutral,1.23,1.47,31.4,26.3,42.4,31.1,5.2,6.3,42.6,6.4,8.4,42.6,57.5,"[{""score"": ""1 - 1"", ""pct"": 11.89}, {""score"": ""0 - 1"", ""pct"": 10.280000000000001}, {""score"": ""1 - 2"", ""pct"": 8.75}]"
Panama,Argentina,Neutral,0.61,2.09,8.7,19.4,71.9,8.7,1.7,2.3,72.5,7.0,8.0,12.6,87.4,"[{""score"": ""0 - 2"", ""pct"": 15.06}, {""score"": ""0 - 1"", ""pct"": 14.27}, {""score"": ""0 - 3"", ""pct"": 9.53}]"
Panama,Uzbekistan,Neutral,1.383,1.317,38.0,27.5,34.5,37.3,6.2,7.6,35.8,6.2,7.0,51.1,48.9,"[{""score"": ""1 - 1"", ""pct"": 12.53}, {""score"": ""0 - 1"", ""pct"": 9.06}, {""score"": ""1 - 0"", ""pct"": 8.799999999999999}]"
Panama,Belgium,Neutral,1.207,1.493,29.9,26.9,43.2,29.4,5.1,6.6,44.1,6.5,8.4,41.1,58.9,"[{""score"": ""1 - 1"", ""pct"": 12.3}, {""score"": ""0 - 1"", ""pct"": 10.41}, {""score"": ""1 - 2"", ""pct"": 9.25}]"
Panama,Australia,Neutral,1.147,1.553,27.3,27.1,45.7,26.9,5.0,6.3,46.1,7.6,8.2,38.1,61.9,"[{""score"": ""1 - 1"", ""pct"": 12.02}, {""score"": ""0 - 1"", ""pct"": 10.52}, {""score"": ""1 - 2"", ""pct"": 8.799999999999999}]"
Panama,Paraguay,Neutral,1.243,1.457,32.0,27.1,40.9,31.6,5.4,6.7,41.1,7.2,8.1,43.6,56.4,"[{""score"": ""1 - 1"", ""pct"": 11.99}, {""score"": ""0 - 1"", ""pct"": 10.35}, {""score"": ""1 - 0"", ""pct"": 8.7}]"
Panama,Egypt,Neutral,1.568,1.132,47.4,26.0,26.6,47.1,7.3,8.1,26.7,4.6,6.2,62.5,37.5,"[{""score"": ""1 - 1"", ""pct"": 11.63}, {""score"": ""1 - 0"", ""pct"": 11.08}, {""score"": ""2 - 1"", ""pct"": 9.35}]"
Panama,Ecuador,Neutral,0.943,1.757,18.6,25.0,56.4,18.7,3.6,4.9,56.9,7.4,8.5,27.2,72.8,"[{""score"": ""0 - 1"", ""pct"": 12.41}, {""score"": ""1 - 1"", ""pct"": 11.01}, {""score"": ""1 - 2"", ""pct"": 10.01}]"
Panama,Cape Verde,Neutral,1.941,0.759,65.0,21.9,13.2,65.1,7.6,8.3,12.9,2.7,3.3,81.0,19.0,"[{""score"": ""1 - 0"", ""pct"": 13.059999999999999}, {""score"": ""2 - 0"", ""pct"": 12.520000000000001}, {""score"": ""2 - 1"", ""pct"": 9.53}]"
Panama,Germany,Neutral,1.076,1.624,23.7,25.3,51.0,23.8,4.4,5.5,50.0,7.6,8.6,33.8,66.2,"[{""score"": ""1 - 1"", ""pct"": 11.55}, {""score"": ""0 - 1"", ""pct"": 11.09}, {""score"": ""1 - 2"", ""pct"": 10.040000000000001}]"
Panama,DR Congo,Neutral,1.647,1.053,50.6,25.7,23.7,51.1,7.4,8.5,23.0,4.5,5.5,67.0,33.0,"[{""score"": ""1 - 1"", ""pct"": 11.61}, {""score"": ""1 - 0"", ""pct"": 11.17}, {""score"": ""2 - 1"", ""pct"": 9.06}]"
Panama,Croatia,Neutral,1.139,1.561,26.8,26.6,46.6,27.4,4.9,6.2,45.8,7.1,8.6,38.4,61.5,"[{""score"": ""1 - 1"", ""pct"": 12.3}, {""score"": ""0 - 1"", ""pct"": 10.77}, {""score"": ""1 - 2"", ""pct"": 9.36}]"
Panama,Turkey,Neutral,1.192,1.508,29.2,26.1,44.6,28.6,5.1,6.3,44.4,7.2,8.3,40.1,59.9,"[{""score"": ""1 - 1"", ""pct"": 11.77}, {""score"": ""0 - 1"", ""pct"": 10.54}, {""score"": ""1 - 2"", ""pct"": 9.19}]"
Panama,Uruguay,Neutral,1.072,1.628,24.1,24.9,51.1,23.6,4.5,5.4,50.7,7.2,8.6,33.5,66.5,"[{""score"": ""0 - 1"", ""pct"": 11.799999999999999}, {""score"": ""1 - 1"", ""pct"": 11.08}, {""score"": ""1 - 2"", ""pct"": 9.39}]"
Panama,New Zealand,Neutral,1.761,0.939,56.6,24.3,19.0,57.2,7.4,8.7,18.8,3.6,4.4,73.2,26.7,"[{""score"": ""1 - 0"", ""pct"": 11.93}, {""score"": ""1 - 1"", ""pct"": 11.07}, {""score"": ""2 - 0"", ""pct"": 10.280000000000001}]"
Panama,United States,Neutral,1.469,1.231,42.7,27.0,30.3,42.8,6.4,8.5,30.0,5.6,6.7,57.8,42.2,"[{""score"": ""1 - 1"", ""pct"": 12.02}, {""score"": ""1 - 0"", ""pct"": 10.57}, {""score"": ""2 - 1"", ""pct"": 8.48}]"
Panama,Senegal,Neutral,1.22,1.48,30.3,28.1,41.6,30.2,5.4,7.0,42.8,6.9,7.8,42.5,57.5,"[{""score"": ""1 - 1"", ""pct"": 12.959999999999999}, {""score"": ""0 - 1"", ""pct"": 10.32}, {""score"": ""1 - 2"", ""pct"": 8.76}]"
Panama,Brazil,Neutral,0.856,1.844,16.2,24.0,59.8,16.2,3.4,4.1,60.4,7.0,9.0,23.7,76.3,"[{""score"": ""0 - 1"", ""pct"": 12.659999999999998}, {""score"": ""1 - 1"", ""pct"": 11.469999999999999}, {""score"": ""0 - 2"", ""pct"": 10.549999999999999}]"
Panama,Ivory Coast,Neutral,1.528,1.172,45.7,26.2,28.0,45.1,7.0,8.0,28.7,4.7,6.5,60.1,39.9,"[{""score"": ""1 - 1"", ""pct"": 12.22}, {""score"": ""1 - 0"", ""pct"": 11.18}, {""score"": ""2 - 1"", ""pct"": 9.120000000000001}]"
Panama,France,Neutral,0.753,1.947,12.5,22.1,65.4,12.6,2.6,3.3,65.6,7.6,8.3,18.5,81.5,"[{""score"": ""0 - 1"", ""pct"": 13.600000000000001}, {""score"": ""0 - 2"", ""pct"": 12.26}, {""score"": ""1 - 1"", ""pct"": 9.67}]"
Bosnia and Herzegovina,Netherlands,Neutral,0.495,2.205,6.0,16.4,77.6,5.9,1.3,1.5,77.8,6.4,7.1,8.7,91.3,"[{""score"": ""0 - 2"", ""pct"": 16.220000000000002}, {""score"": ""0 - 1"", ""pct"": 15.97}, {""score"": ""0 - 3"", ""pct"": 11.459999999999999}]"
Bosnia and Herzegovina,South Africa,Neutral,1.133,1.567,26.6,26.7,46.8,26.8,4.7,5.7,47.2,7.4,8.2,37.2,62.8,"[{""score"": ""1 - 1"", ""pct"": 12.09}, {""score"": ""0 - 1"", ""pct"": 11.42}, {""score"": ""1 - 2"", ""pct"": 9.1}]"
Bosnia and Herzegovina,Japan,Neutral,0.449,2.251,5.3,15.7,79.0,5.0,0.9,1.4,79.5,6.5,6.8,7.3,92.7,"[{""score"": ""0 - 2"", ""pct"": 16.96}, {""score"": ""0 - 1"", ""pct"": 15.340000000000002}, {""score"": ""0 - 3"", ""pct"": 12.19}]"
Bosnia and Herzegovina,Scotland,Neutral,0.757,1.943,12.6,21.6,65.8,13.1,2.5,3.3,64.8,7.7,8.6,19.0,81.0,"[{""score"": ""0 - 1"", ""pct"": 13.84}, {""score"": ""0 - 2"", ""pct"": 12.91}, {""score"": ""1 - 1"", ""pct"": 9.969999999999999}]"
Bosnia and Herzegovina,Algeria,Neutral,0.594,2.106,8.0,18.8,73.2,8.4,1.6,2.2,73.0,7.1,7.6,12.3,87.7,"[{""score"": ""0 - 2"", ""pct"": 15.39}, {""score"": ""0 - 1"", ""pct"": 14.23}, {""score"": ""0 - 3"", ""pct"": 9.6}]"
Bosnia and Herzegovina,Canada,Neutral,0.589,2.111,8.2,18.5,73.3,8.3,1.5,2.2,73.6,6.8,7.7,11.9,88.1,"[{""score"": ""0 - 2"", ""pct"": 15.61}, {""score"": ""0 - 1"", ""pct"": 13.819999999999999}, {""score"": ""0 - 3"", ""pct"": 10.6}]"
Bosnia and Herzegovina,Haiti,Neutral,0.925,1.775,18.9,23.4,57.6,18.3,3.0,4.2,58.1,8.1,8.3,25.5,74.5,"[{""score"": ""0 - 1"", ""pct"": 12.91}, {""score"": ""1 - 1"", ""pct"": 10.37}, {""score"": ""0 - 2"", ""pct"": 10.22}]"
Bosnia and Herzegovina,Spain,Neutral,0.333,2.367,2.8,12.8,84.4,3.4,0.5,0.8,83.3,5.8,6.2,4.8,95.2,"[{""score"": ""0 - 2"", ""pct"": 18.83}, {""score"": ""0 - 1"", ""pct"": 16.96}, {""score"": ""0 - 3"", ""pct"": 14.530000000000001}]"
Bosnia and Herzegovina,Saudi Arabia,Neutral,0.989,1.711,20.4,25.1,54.5,20.5,3.5,5.0,54.8,7.2,8.9,29.0,71.0,"[{""score"": ""0 - 1"", ""pct"": 11.64}, {""score"": ""1 - 1"", ""pct"": 11.53}, {""score"": ""1 - 2"", ""pct"": 9.99}]"
Bosnia and Herzegovina,Colombia,Neutral,0.421,2.279,4.3,15.0,80.6,4.8,0.8,1.1,80.0,6.3,7.0,6.8,93.2,"[{""score"": ""0 - 2"", ""pct"": 17.68}, {""score"": ""0 - 1"", ""pct"": 16.0}, {""score"": ""0 - 3"", ""pct"": 13.01}]"
Bosnia and Herzegovina,Portugal,Neutral,0.446,2.254,5.3,14.9,79.8,5.2,0.9,1.4,79.2,6.1,7.1,7.6,92.4,"[{""score"": ""0 - 2"", ""pct"": 17.75}, {""score"": ""0 - 1"", ""pct"": 15.5}, {""score"": ""0 - 3"", ""pct"": 12.379999999999999}]"
Bosnia and Herzegovina,Sweden,Neutral,0.995,1.705,21.3,24.3,54.4,21.0,4.2,5.0,53.8,7.5,8.5,30.2,69.8,"[{""score"": ""0 - 1"", ""pct"": 11.709999999999999}, {""score"": ""1 - 1"", ""pct"": 11.34}, {""score"": ""1 - 2"", ""pct"": 9.91}]"
Bosnia and Herzegovina,Jordan,Neutral,0.741,1.959,12.8,21.3,65.9,12.3,2.0,3.2,66.6,7.2,8.7,17.5,82.5,"[{""score"": ""0 - 1"", ""pct"": 13.87}, {""score"": ""0 - 2"", ""pct"": 12.920000000000002}, {""score"": ""1 - 2"", ""pct"": 9.55}]"
Bosnia and Herzegovina,Morocco,Neutral,0.465,2.235,5.6,16.2,78.3,5.8,0.9,1.5,78.3,6.7,6.8,8.2,91.8,"[{""score"": ""0 - 2"", ""pct"": 16.1}, {""score"": ""0 - 1"", ""pct"": 15.7}, {""score"": ""0 - 3"", ""pct"": 11.74}]"
Bosnia and Herzegovina,Iraq,Neutral,0.884,1.816,17.6,23.2,59.2,17.5,3.2,3.8,59.4,7.5,8.6,24.4,75.6,"[{""score"": ""0 - 1"", ""pct"": 12.4}, {""score"": ""0 - 2"", ""pct"": 10.7}, {""score"": ""1 - 1"", ""pct"": 10.549999999999999}]"
Bosnia and Herzegovina,Tunisia,Neutral,0.883,1.817,16.6,23.8,59.6,16.8,3.6,4.0,59.1,7.5,8.9,24.5,75.5,"[{""score"": ""0 - 1"", ""pct"": 13.16}, {""score"": ""1 - 1"", ""pct"": 10.780000000000001}, {""score"": ""0 - 2"", ""pct"": 10.09}]"
Bosnia and Herzegovina,Qatar,Neutral,1.407,1.293,39.8,26.9,33.3,39.5,6.2,7.4,34.2,5.3,7.4,53.1,46.8,"[{""score"": ""1 - 1"", ""pct"": 11.98}, {""score"": ""1 - 0"", ""pct"": 9.74}, {""score"": ""0 - 1"", ""pct"": 8.309999999999999}]"
Bosnia and Herzegovina,Curaçao,Neutral,1.244,1.456,31.9,27.0,41.1,31.4,5.6,7.0,41.4,6.8,7.8,44.0,56.0,"[{""score"": ""1 - 1"", ""pct"": 12.22}, {""score"": ""0 - 1"", ""pct"": 10.03}, {""score"": ""1 - 2"", ""pct"": 8.42}]"
Bosnia and Herzegovina,Iran,Neutral,0.557,2.143,7.6,18.0,74.4,7.4,1.4,2.1,74.9,6.8,7.6,10.8,89.2,"[{""score"": ""0 - 1"", ""pct"": 15.09}, {""score"": ""0 - 2"", ""pct"": 14.93}, {""score"": ""0 - 3"", ""pct"": 10.879999999999999}]"
Bosnia and Herzegovina,South Korea,Neutral,0.579,2.121,7.5,18.0,74.5,8.2,1.6,2.2,73.4,6.9,7.6,12.0,88.0,"[{""score"": ""0 - 1"", ""pct"": 15.120000000000001}, {""score"": ""0 - 2"", ""pct"": 15.1}, {""score"": ""0 - 3"", ""pct"": 10.31}]"
Bosnia and Herzegovina,Ghana,Neutral,1.221,1.479,29.6,27.6,42.9,31.3,5.5,6.3,42.5,6.1,8.3,43.1,56.9,"[{""score"": ""1 - 1"", ""pct"": 12.04}, {""score"": ""0 - 1"", ""pct"": 10.57}, {""score"": ""1 - 2"", ""pct"": 8.58}]"
Bosnia and Herzegovina,Norway,Neutral,0.548,2.152,6.9,17.4,75.6,7.4,1.5,2.0,74.7,7.1,7.3,10.9,89.1,"[{""score"": ""0 - 2"", ""pct"": 16.13}, {""score"": ""0 - 1"", ""pct"": 14.799999999999999}, {""score"": ""0 - 3"", ""pct"": 10.89}]"
Bosnia and Herzegovina,England,Neutral,0.407,2.293,4.3,14.5,81.2,4.2,0.9,1.0,81.5,6.1,6.3,6.1,93.9,"[{""score"": ""0 - 2"", ""pct"": 17.630000000000003}, {""score"": ""0 - 1"", ""pct"": 15.89}, {""score"": ""0 - 3"", ""pct"": 14.05}]"
Bosnia and Herzegovina,Mexico,Neutral,0.486,2.214,5.7,16.0,78.3,6.1,1.1,1.7,78.0,6.3,6.7,9.0,91.0,"[{""score"": ""0 - 2"", ""pct"": 16.509999999999998}, {""score"": ""0 - 1"", ""pct"": 15.790000000000001}, {""score"": ""0 - 3"", ""pct"": 11.99}]"
Bosnia and Herzegovina,Austria,Neutral,0.709,1.991,11.2,21.1,67.8,10.9,2.0,3.0,68.2,7.5,8.3,16.0,84.0,"[{""score"": ""0 - 1"", ""pct"": 13.55}, {""score"": ""0 - 2"", ""pct"": 13.19}, {""score"": ""1 - 2"", ""pct"": 9.81}]"
Bosnia and Herzegovina,Panama,Neutral,0.644,2.056,9.2,20.0,70.8,9.9,2.2,2.5,70.3,7.3,7.9,14.6,85.4,"[{""score"": ""0 - 1"", ""pct"": 14.360000000000001}, {""score"": ""0 - 2"", ""pct"": 14.27}, {""score"": ""0 - 3"", ""pct"": 9.25}]"
Bosnia and Herzegovina,Czech Republic,Neutral,0.897,1.803,17.8,23.3,59.0,17.1,3.5,4.1,59.5,7.2,8.6,24.6,75.4,"[{""score"": ""0 - 1"", ""pct"": 11.88}, {""score"": ""1 - 1"", ""pct"": 10.57}, {""score"": ""0 - 2"", ""pct"": 10.57}]"
Bosnia and Herzegovina,Switzerland,Neutral,0.578,2.122,8.2,18.6,73.2,8.0,1.3,2.0,73.9,7.2,7.6,11.3,88.7,"[{""score"": ""0 - 1"", ""pct"": 15.310000000000002}, {""score"": ""0 - 2"", ""pct"": 14.729999999999999}, {""score"": ""0 - 3"", ""pct"": 10.190000000000001}]"
Bosnia and Herzegovina,Argentina,Neutral,0.34,2.36,3.1,12.7,84.2,3.4,0.6,0.9,83.1,5.9,6.0,4.9,95.1,"[{""score"": ""0 - 2"", ""pct"": 19.59}, {""score"": ""0 - 1"", ""pct"": 16.72}, {""score"": ""0 - 3"", ""pct"": 14.62}]"
Bosnia and Herzegovina,Uzbekistan,Neutral,0.664,2.036,9.9,20.0,70.2,9.8,2.2,2.8,69.9,7.4,7.9,14.8,85.2,"[{""score"": ""0 - 1"", ""pct"": 14.38}, {""score"": ""0 - 2"", ""pct"": 13.76}, {""score"": ""0 - 3"", ""pct"": 8.98}]"
Bosnia and Herzegovina,Belgium,Neutral,0.566,2.134,7.8,17.9,74.3,7.9,1.5,1.9,74.0,7.2,7.6,11.3,88.7,"[{""score"": ""0 - 2"", ""pct"": 15.67}, {""score"": ""0 - 1"", ""pct"": 14.77}, {""score"": ""0 - 3"", ""pct"": 10.100000000000001}]"
Bosnia and Herzegovina,Australia,Neutral,0.537,2.163,7.3,17.1,75.6,6.8,1.6,1.7,75.5,7.0,7.3,10.1,89.9,"[{""score"": ""0 - 2"", ""pct"": 15.440000000000001}, {""score"": ""0 - 1"", ""pct"": 15.120000000000001}, {""score"": ""0 - 3"", ""pct"": 10.6}]"
Bosnia and Herzegovina,Paraguay,Neutral,0.585,2.115,7.6,18.8,73.6,7.5,1.8,2.0,73.5,7.2,7.9,11.4,88.6,"[{""score"": ""0 - 1"", ""pct"": 14.719999999999999}, {""score"": ""0 - 2"", ""pct"": 14.52}, {""score"": ""0 - 3"", ""pct"": 10.0}]"
Bosnia and Herzegovina,Egypt,Neutral,0.791,1.909,13.8,22.2,63.9,13.4,2.8,3.4,64.4,7.3,8.7,19.6,80.4,"[{""score"": ""0 - 1"", ""pct"": 13.41}, {""score"": ""0 - 2"", ""pct"": 12.379999999999999}, {""score"": ""1 - 2"", ""pct"": 10.040000000000001}]"
Bosnia and Herzegovina,Ecuador,Neutral,0.45,2.25,5.3,15.6,79.1,5.1,1.2,1.4,78.4,6.8,7.1,7.7,92.3,"[{""score"": ""0 - 2"", ""pct"": 17.549999999999997}, {""score"": ""0 - 1"", ""pct"": 15.379999999999999}, {""score"": ""0 - 3"", ""pct"": 12.21}]"
Bosnia and Herzegovina,Cape Verde,Neutral,1.175,1.525,28.6,26.8,44.6,29.4,4.8,6.4,44.6,6.5,8.2,40.7,59.3,"[{""score"": ""1 - 1"", ""pct"": 12.07}, {""score"": ""0 - 1"", ""pct"": 10.620000000000001}, {""score"": ""1 - 2"", ""pct"": 8.74}]"
Bosnia and Herzegovina,Germany,Neutral,0.505,2.195,6.0,16.7,77.4,6.1,1.3,1.7,77.7,6.6,6.7,9.0,91.0,"[{""score"": ""0 - 2"", ""pct"": 16.49}, {""score"": ""0 - 1"", ""pct"": 15.21}, {""score"": ""0 - 3"", ""pct"": 11.700000000000001}]"
Bosnia and Herzegovina,DR Congo,Neutral,0.856,1.844,15.4,23.7,60.8,16.1,3.1,3.8,60.7,7.2,9.1,23.1,77.0,"[{""score"": ""0 - 1"", ""pct"": 13.13}, {""score"": ""1 - 1"", ""pct"": 11.200000000000001}, {""score"": ""0 - 2"", ""pct"": 10.93}]"
Bosnia and Herzegovina,Croatia,Neutral,0.534,2.166,7.2,16.9,75.9,6.9,1.4,1.7,76.1,7.0,6.8,10.0,90.0,"[{""score"": ""0 - 2"", ""pct"": 15.909999999999998}, {""score"": ""0 - 1"", ""pct"": 14.799999999999999}, {""score"": ""0 - 3"", ""pct"": 11.23}]"
Bosnia and Herzegovina,Turkey,Neutral,0.559,2.141,7.8,18.1,74.1,7.5,1.2,2.1,74.6,6.8,7.8,10.8,89.2,"[{""score"": ""0 - 1"", ""pct"": 15.35}, {""score"": ""0 - 2"", ""pct"": 15.22}, {""score"": ""0 - 3"", ""pct"": 10.41}]"
Bosnia and Herzegovina,Uruguay,Neutral,0.503,2.197,6.2,16.8,77.0,6.3,1.2,1.6,77.0,6.7,7.2,9.1,90.9,"[{""score"": ""0 - 2"", ""pct"": 16.25}, {""score"": ""0 - 1"", ""pct"": 15.68}, {""score"": ""0 - 3"", ""pct"": 11.49}]"
Bosnia and Herzegovina,New Zealand,Neutral,0.962,1.738,19.1,24.9,56.0,19.3,4.0,5.1,55.4,7.6,8.6,28.4,71.6,"[{""score"": ""0 - 1"", ""pct"": 12.33}, {""score"": ""1 - 1"", ""pct"": 11.5}, {""score"": ""1 - 2"", ""pct"": 9.65}]"
Bosnia and Herzegovina,United States,Neutral,0.719,1.981,11.5,21.9,66.6,11.2,2.5,2.6,67.7,7.3,8.6,16.3,83.7,"[{""score"": ""0 - 1"", ""pct"": 13.56}, {""score"": ""0 - 2"", ""pct"": 12.47}, {""score"": ""1 - 1"", ""pct"": 10.23}]"
Bosnia and Herzegovina,Senegal,Neutral,0.573,2.127,7.1,18.0,74.9,7.7,1.3,2.1,73.6,7.4,7.9,11.1,88.9,"[{""score"": ""0 - 2"", ""pct"": 16.12}, {""score"": ""0 - 1"", ""pct"": 14.81}, {""score"": ""0 - 3"", ""pct"": 10.31}]"
Bosnia and Herzegovina,Brazil,Neutral,0.418,2.282,4.3,15.3,80.4,4.3,0.9,1.2,80.9,6.3,6.4,6.4,93.6,"[{""score"": ""0 - 2"", ""pct"": 17.1}, {""score"": ""0 - 1"", ""pct"": 16.63}, {""score"": ""0 - 3"", ""pct"": 12.82}]"
Bosnia and Herzegovina,Ivory Coast,Neutral,0.761,1.939,12.8,21.5,65.7,12.7,2.6,3.2,65.2,7.7,8.6,18.5,81.5,"[{""score"": ""0 - 1"", ""pct"": 13.25}, {""score"": ""0 - 2"", ""pct"": 12.34}, {""score"": ""1 - 1"", ""pct"": 10.0}]"
Bosnia and Herzegovina,France,Neutral,0.384,2.316,3.5,14.6,81.9,4.0,0.9,1.0,81.6,6.2,6.4,5.8,94.2,"[{""score"": ""0 - 2"", ""pct"": 17.37}, {""score"": ""0 - 1"", ""pct"": 16.23}, {""score"": ""0 - 3"", ""pct"": 13.719999999999999}]"
Czech Republic,Netherlands,Neutral,0.758,1.942,13.3,21.6,65.1,12.9,2.4,3.2,65.5,7.6,8.4,18.5,81.5,"[{""score"": ""0 - 1"", ""pct"": 13.55}, {""score"": ""0 - 2"", ""pct"": 11.68}, {""score"": ""1 - 1"", ""pct"": 9.68}]"
Czech Republic,South Africa,Neutral,1.607,1.093,48.9,26.1,25.0,49.4,7.1,8.6,24.6,4.5,5.8,65.1,34.9,"[{""score"": ""1 - 1"", ""pct"": 11.73}, {""score"": ""1 - 0"", ""pct"": 11.03}, {""score"": ""2 - 1"", ""pct"": 9.42}]"
Czech Republic,Japan,Neutral,0.673,2.027,9.9,20.2,69.8,10.4,2.2,2.5,70.2,7.1,7.7,15.1,84.9,"[{""score"": ""0 - 2"", ""pct"": 14.29}, {""score"": ""0 - 1"", ""pct"": 14.11}, {""score"": ""1 - 1"", ""pct"": 9.33}]"
Czech Republic,Scotland,Neutral,1.171,1.529,28.1,26.9,45.0,27.5,5.2,6.5,45.6,6.8,8.4,39.2,60.8,"[{""score"": ""1 - 1"", ""pct"": 12.23}, {""score"": ""0 - 1"", ""pct"": 10.870000000000001}, {""score"": ""1 - 2"", ""pct"": 8.959999999999999}]"
Czech Republic,Algeria,Neutral,0.928,1.772,18.8,23.0,58.2,18.3,3.6,4.8,57.5,7.3,8.5,26.7,73.3,"[{""score"": ""0 - 1"", ""pct"": 12.61}, {""score"": ""1 - 1"", ""pct"": 10.31}, {""score"": ""0 - 2"", ""pct"": 10.12}]"
Czech Republic,Canada,Neutral,0.92,1.78,17.8,24.2,58.0,18.2,3.3,4.9,57.0,7.4,9.2,26.4,73.6,"[{""score"": ""0 - 1"", ""pct"": 12.65}, {""score"": ""1 - 1"", ""pct"": 11.31}, {""score"": ""0 - 2"", ""pct"": 10.84}]"
Czech Republic,Haiti,Neutral,1.384,1.316,38.8,26.9,34.3,37.3,6.2,7.8,34.8,6.2,7.7,51.3,48.7,"[{""score"": ""1 - 1"", ""pct"": 12.389999999999999}, {""score"": ""1 - 0"", ""pct"": 9.53}, {""score"": ""2 - 1"", ""pct"": 8.97}]"
Czech Republic,Spain,Neutral,0.438,2.262,4.8,15.9,79.3,5.2,1.0,1.3,79.3,6.0,7.1,7.5,92.5,"[{""score"": ""0 - 2"", ""pct"": 16.580000000000002}, {""score"": ""0 - 1"", ""pct"": 16.35}, {""score"": ""0 - 3"", ""pct"": 12.75}]"
Czech Republic,Saudi Arabia,Neutral,1.456,1.244,42.3,27.0,30.7,41.4,6.2,7.9,31.5,5.6,7.3,55.5,44.5,"[{""score"": ""1 - 1"", ""pct"": 12.479999999999999}, {""score"": ""1 - 0"", ""pct"": 10.11}, {""score"": ""2 - 1"", ""pct"": 9.180000000000001}]"
Czech Republic,Colombia,Neutral,0.621,2.079,9.1,19.4,71.5,9.2,1.8,2.2,71.2,7.6,7.8,13.3,86.7,"[{""score"": ""0 - 2"", ""pct"": 15.06}, {""score"": ""0 - 1"", ""pct"": 14.62}, {""score"": ""0 - 3"", ""pct"": 9.34}]"
Czech Republic,Portugal,Neutral,0.669,2.031,10.2,20.3,69.5,10.2,2.2,2.7,69.3,7.4,8.1,15.1,84.9,"[{""score"": ""0 - 1"", ""pct"": 13.96}, {""score"": ""0 - 2"", ""pct"": 13.83}, {""score"": ""1 - 2"", ""pct"": 9.569999999999999}]"
Czech Republic,Sweden,Neutral,1.463,1.237,42.3,27.5,30.2,41.8,6.3,7.7,31.4,5.8,6.9,55.9,44.1,"[{""score"": ""1 - 1"", ""pct"": 11.84}, {""score"": ""1 - 0"", ""pct"": 10.059999999999999}, {""score"": ""2 - 1"", ""pct"": 9.17}]"
Czech Republic,Jordan,Neutral,1.148,1.552,27.1,26.8,46.1,26.7,4.7,6.4,46.0,7.5,8.8,37.8,62.2,"[{""score"": ""1 - 1"", ""pct"": 12.34}, {""score"": ""0 - 1"", ""pct"": 10.81}, {""score"": ""1 - 2"", ""pct"": 9.719999999999999}]"
Czech Republic,Morocco,Neutral,0.704,1.996,11.2,21.1,67.8,11.0,2.1,2.9,68.6,7.3,8.0,16.1,83.9,"[{""score"": ""0 - 1"", ""pct"": 13.88}, {""score"": ""0 - 2"", ""pct"": 12.94}, {""score"": ""1 - 2"", ""pct"": 9.77}]"
Czech Republic,Iraq,Neutral,1.335,1.365,35.5,27.6,36.9,35.4,5.8,7.3,38.0,6.4,7.1,48.5,51.5,"[{""score"": ""1 - 1"", ""pct"": 13.29}, {""score"": ""1 - 0"", ""pct"": 9.82}, {""score"": ""0 - 1"", ""pct"": 9.31}]"
Czech Republic,Tunisia,Neutral,1.334,1.366,36.2,26.9,36.9,35.5,6.4,7.6,36.4,6.0,8.0,49.5,50.5,"[{""score"": ""1 - 1"", ""pct"": 12.01}, {""score"": ""0 - 1"", ""pct"": 9.65}, {""score"": ""1 - 0"", ""pct"": 9.27}]"
Czech Republic,Qatar,Neutral,1.849,0.851,61.2,23.4,15.5,60.6,7.7,8.9,15.9,3.0,4.0,77.1,22.9,"[{""score"": ""1 - 0"", ""pct"": 12.61}, {""score"": ""2 - 0"", ""pct"": 11.459999999999999}, {""score"": ""1 - 1"", ""pct"": 10.63}]"
Czech Republic,Curaçao,Neutral,1.711,0.989,53.6,24.7,21.7,53.1,7.5,8.9,21.3,4.0,5.1,69.6,30.4,"[{""score"": ""1 - 1"", ""pct"": 11.379999999999999}, {""score"": ""1 - 0"", ""pct"": 11.26}, {""score"": ""2 - 1"", ""pct"": 9.8}]"
Czech Republic,Iran,Neutral,0.867,1.833,17.4,23.3,59.3,16.5,3.2,4.3,60.1,7.2,8.6,24.1,75.9,"[{""score"": ""0 - 1"", ""pct"": 12.47}, {""score"": ""0 - 2"", ""pct"": 11.09}, {""score"": ""1 - 1"", ""pct"": 10.02}]"
Czech Republic,South Korea,Neutral,0.904,1.796,17.5,24.1,58.5,18.0,3.5,4.3,58.0,7.8,8.5,25.8,74.2,"[{""score"": ""0 - 1"", ""pct"": 12.57}, {""score"": ""1 - 1"", ""pct"": 10.56}, {""score"": ""0 - 2"", ""pct"": 10.52}]"
Czech Republic,Ghana,Neutral,1.691,1.009,53.5,24.7,21.8,53.6,7.3,8.4,21.5,3.9,5.4,69.2,30.8,"[{""score"": ""1 - 0"", ""pct"": 11.77}, {""score"": ""1 - 1"", ""pct"": 11.25}, {""score"": ""2 - 0"", ""pct"": 9.76}]"
Czech Republic,Norway,Neutral,0.852,1.848,15.3,23.6,61.1,15.7,3.1,3.7,62.0,7.7,7.9,22.4,77.6,"[{""score"": ""0 - 1"", ""pct"": 12.78}, {""score"": ""0 - 2"", ""pct"": 11.39}, {""score"": ""1 - 1"", ""pct"": 10.59}]"
Czech Republic,England,Neutral,0.592,2.108,8.5,18.8,72.8,8.8,1.6,2.3,72.7,6.6,8.0,12.7,87.3,"[{""score"": ""0 - 2"", ""pct"": 15.42}, {""score"": ""0 - 1"", ""pct"": 13.96}, {""score"": ""0 - 3"", ""pct"": 9.47}]"
Czech Republic,Mexico,Neutral,0.743,1.957,12.0,21.8,66.2,12.3,2.3,3.0,66.6,7.5,8.3,17.6,82.4,"[{""score"": ""0 - 1"", ""pct"": 13.66}, {""score"": ""0 - 2"", ""pct"": 12.33}, {""score"": ""1 - 1"", ""pct"": 9.78}]"
Czech Republic,Austria,Neutral,1.103,1.597,24.5,26.3,49.2,25.6,4.5,6.1,48.5,7.2,8.2,36.1,63.9,"[{""score"": ""1 - 1"", ""pct"": 11.87}, {""score"": ""0 - 1"", ""pct"": 10.94}, {""score"": ""1 - 2"", ""pct"": 9.4}]"
Czech Republic,Panama,Neutral,1.006,1.694,21.1,24.5,54.4,21.2,3.8,5.3,53.4,7.5,8.8,30.3,69.7,"[{""score"": ""0 - 1"", ""pct"": 11.92}, {""score"": ""1 - 1"", ""pct"": 10.91}, {""score"": ""1 - 2"", ""pct"": 10.43}]"
Czech Republic,Bosnia and Herzegovina,Neutral,1.803,0.897,59.2,23.6,17.2,59.1,7.5,8.2,17.2,3.4,4.6,74.9,25.1,"[{""score"": ""1 - 0"", ""pct"": 12.53}, {""score"": ""1 - 1"", ""pct"": 10.66}, {""score"": ""2 - 0"", ""pct"": 10.65}]"
Czech Republic,Switzerland,Neutral,0.902,1.798,16.7,24.1,59.3,17.3,3.5,4.5,58.2,8.1,8.5,25.2,74.8,"[{""score"": ""0 - 1"", ""pct"": 12.370000000000001}, {""score"": ""1 - 1"", ""pct"": 11.0}, {""score"": ""0 - 2"", ""pct"": 10.52}]"
Czech Republic,Argentina,Neutral,0.455,2.245,5.2,15.2,79.6,5.3,1.0,1.3,79.2,6.8,6.3,7.6,92.4,"[{""score"": ""0 - 1"", ""pct"": 16.98}, {""score"": ""0 - 2"", ""pct"": 16.220000000000002}, {""score"": ""0 - 3"", ""pct"": 11.99}]"
Czech Republic,Uzbekistan,Neutral,1.037,1.663,22.7,26.1,51.2,22.3,4.3,5.3,52.2,7.3,8.7,31.9,68.1,"[{""score"": ""1 - 1"", ""pct"": 11.799999999999999}, {""score"": ""0 - 1"", ""pct"": 11.540000000000001}, {""score"": ""0 - 2"", ""pct"": 8.84}]"
Czech Republic,Belgium,Neutral,0.882,1.818,16.2,23.9,59.9,17.0,3.2,4.3,59.5,7.6,8.3,24.6,75.4,"[{""score"": ""0 - 1"", ""pct"": 12.57}, {""score"": ""0 - 2"", ""pct"": 11.16}, {""score"": ""1 - 1"", ""pct"": 10.68}]"
Czech Republic,Australia,Neutral,0.833,1.867,14.7,22.4,62.9,15.1,3.1,3.8,62.0,7.7,8.3,22.1,78.0,"[{""score"": ""0 - 1"", ""pct"": 12.950000000000001}, {""score"": ""0 - 2"", ""pct"": 11.790000000000001}, {""score"": ""1 - 2"", ""pct"": 9.69}]"
Czech Republic,Paraguay,Neutral,0.912,1.788,18.1,24.1,57.8,17.7,3.5,4.4,58.2,7.4,8.8,25.6,74.4,"[{""score"": ""0 - 1"", ""pct"": 12.24}, {""score"": ""1 - 1"", ""pct"": 11.04}, {""score"": ""0 - 2"", ""pct"": 10.74}]"
Czech Republic,Egypt,Neutral,1.216,1.484,29.5,26.7,43.8,30.3,5.4,6.1,43.3,7.0,8.0,41.8,58.2,"[{""score"": ""1 - 1"", ""pct"": 12.120000000000001}, {""score"": ""0 - 1"", ""pct"": 10.299999999999999}, {""score"": ""1 - 2"", ""pct"": 8.63}]"
Czech Republic,Ecuador,Neutral,0.677,2.023,10.3,20.1,69.5,10.1,2.2,2.9,69.5,7.2,8.2,15.2,84.8,"[{""score"": ""0 - 1"", ""pct"": 14.48}, {""score"": ""0 - 2"", ""pct"": 13.3}, {""score"": ""1 - 2"", ""pct"": 9.43}]"
Czech Republic,Cape Verde,Neutral,1.648,1.052,51.5,25.9,22.7,51.1,7.8,8.2,23.2,4.5,5.2,67.1,32.9,"[{""score"": ""1 - 0"", ""pct"": 11.65}, {""score"": ""1 - 1"", ""pct"": 11.559999999999999}, {""score"": ""2 - 0"", ""pct"": 9.13}]"
Czech Republic,Germany,Neutral,0.777,1.923,13.6,22.4,64.1,13.0,2.4,3.1,65.4,7.4,8.6,18.5,81.5,"[{""score"": ""0 - 1"", ""pct"": 12.709999999999999}, {""score"": ""0 - 2"", ""pct"": 12.2}, {""score"": ""1 - 2"", ""pct"": 10.38}]"
Czech Republic,DR Congo,Neutral,1.299,1.401,34.5,27.4,38.1,35.0,6.2,6.9,37.9,6.0,7.9,48.1,51.9,"[{""score"": ""1 - 1"", ""pct"": 12.2}, {""score"": ""0 - 1"", ""pct"": 9.8}, {""score"": ""1 - 0"", ""pct"": 9.3}]"
Czech Republic,Croatia,Neutral,0.827,1.873,14.7,22.9,62.4,15.1,2.9,3.8,62.1,7.4,8.7,21.9,78.1,"[{""score"": ""0 - 1"", ""pct"": 13.22}, {""score"": ""0 - 2"", ""pct"": 11.18}, {""score"": ""1 - 1"", ""pct"": 10.35}]"
Czech Republic,Turkey,Neutral,0.87,1.83,16.4,24.0,59.7,16.4,3.2,4.1,60.5,6.9,8.8,23.8,76.2,"[{""score"": ""0 - 1"", ""pct"": 12.23}, {""score"": ""0 - 2"", ""pct"": 10.59}, {""score"": ""1 - 1"", ""pct"": 10.489999999999998}]"
Czech Republic,Uruguay,Neutral,0.774,1.926,13.3,21.2,65.5,13.7,2.7,3.3,64.4,7.8,8.1,19.7,80.3,"[{""score"": ""0 - 1"", ""pct"": 13.83}, {""score"": ""0 - 2"", ""pct"": 12.35}, {""score"": ""1 - 1"", ""pct"": 9.56}]"
Czech Republic,New Zealand,Neutral,1.426,1.274,39.4,27.3,33.3,40.8,6.4,7.7,32.7,5.5,7.0,54.9,45.1,"[{""score"": ""1 - 1"", ""pct"": 12.29}, {""score"": ""1 - 0"", ""pct"": 9.39}, {""score"": ""2 - 1"", ""pct"": 9.139999999999999}]"
Czech Republic,United States,Neutral,1.118,1.582,24.6,26.9,48.5,26.5,5.1,5.7,46.9,6.9,8.9,37.3,62.7,"[{""score"": ""1 - 1"", ""pct"": 12.98}, {""score"": ""0 - 1"", ""pct"": 10.780000000000001}, {""score"": ""1 - 2"", ""pct"": 9.520000000000001}]"
Czech Republic,Senegal,Neutral,0.893,1.807,17.1,23.5,59.4,17.3,3.3,4.3,59.3,7.2,8.6,24.9,75.1,"[{""score"": ""0 - 1"", ""pct"": 12.889999999999999}, {""score"": ""0 - 2"", ""pct"": 11.04}, {""score"": ""1 - 1"", ""pct"": 10.85}]"
Czech Republic,Brazil,Neutral,0.615,2.085,9.2,19.0,71.8,8.6,1.7,2.3,72.4,7.3,7.7,12.6,87.4,"[{""score"": ""0 - 2"", ""pct"": 14.649999999999999}, {""score"": ""0 - 1"", ""pct"": 14.06}, {""score"": ""0 - 3"", ""pct"": 10.09}]"
Czech Republic,Ivory Coast,Neutral,1.176,1.524,28.5,26.5,45.0,27.7,5.1,6.0,45.5,6.9,8.8,38.9,61.1,"[{""score"": ""1 - 1"", ""pct"": 12.01}, {""score"": ""0 - 1"", ""pct"": 10.620000000000001}, {""score"": ""1 - 2"", ""pct"": 9.19}]"
Czech Republic,France,Neutral,0.546,2.154,6.9,18.0,75.1,6.9,1.4,1.7,75.0,7.2,7.7,10.0,90.0,"[{""score"": ""0 - 2"", ""pct"": 15.809999999999999}, {""score"": ""0 - 1"", ""pct"": 14.879999999999999}, {""score"": ""0 - 3"", ""pct"": 10.979999999999999}]"
Switzerland,Netherlands,Neutral,1.166,1.534,27.7,27.3,45.0,28.4,5.2,6.4,44.5,7.1,8.4,40.1,59.9,"[{""score"": ""1 - 1"", ""pct"": 12.02}, {""score"": ""0 - 1"", ""pct"": 9.78}, {""score"": ""1 - 2"", ""pct"": 9.28}]"
Switzerland,South Africa,Neutral,1.994,0.706,68.5,20.8,10.7,67.8,7.3,7.8,11.7,1.9,3.4,83.0,17.0,"[{""score"": ""1 - 0"", ""pct"": 14.19}, {""score"": ""2 - 0"", ""pct"": 13.48}, {""score"": ""2 - 1"", ""pct"": 9.6}]"
Switzerland,Japan,Neutral,1.045,1.655,22.9,24.9,52.1,22.7,4.4,5.6,51.7,7.2,8.5,32.6,67.4,"[{""score"": ""0 - 1"", ""pct"": 12.0}, {""score"": ""1 - 1"", ""pct"": 10.979999999999999}, {""score"": ""1 - 2"", ""pct"": 9.82}]"
Switzerland,Scotland,Neutral,1.638,1.062,50.8,25.4,23.8,51.2,7.6,8.4,23.1,4.2,5.4,67.2,32.8,"[{""score"": ""1 - 0"", ""pct"": 11.940000000000001}, {""score"": ""1 - 1"", ""pct"": 11.379999999999999}, {""score"": ""2 - 1"", ""pct"": 9.28}]"
Switzerland,Algeria,Neutral,1.381,1.319,37.9,27.2,34.9,37.6,5.8,7.8,35.5,6.0,7.3,51.2,48.8,"[{""score"": ""1 - 1"", ""pct"": 12.31}, {""score"": ""1 - 0"", ""pct"": 9.58}, {""score"": ""0 - 1"", ""pct"": 8.92}]"
Switzerland,Canada,Neutral,1.372,1.328,36.3,27.7,36.0,37.7,6.5,7.5,34.6,6.1,7.7,51.6,48.4,"[{""score"": ""1 - 1"", ""pct"": 12.379999999999999}, {""score"": ""1 - 0"", ""pct"": 9.29}, {""score"": ""0 - 1"", ""pct"": 9.139999999999999}]"
Switzerland,Haiti,Neutral,1.826,0.874,60.4,23.1,16.5,60.2,7.2,8.8,16.1,3.4,4.2,76.3,23.7,"[{""score"": ""1 - 0"", ""pct"": 12.97}, {""score"": ""2 - 0"", ""pct"": 10.65}, {""score"": ""2 - 1"", ""pct"": 10.040000000000001}]"
Switzerland,Spain,Neutral,0.65,2.05,9.2,20.1,70.7,9.6,1.8,2.4,71.6,6.9,7.6,13.8,86.2,"[{""score"": ""0 - 1"", ""pct"": 14.66}, {""score"": ""0 - 2"", ""pct"": 13.780000000000001}, {""score"": ""0 - 3"", ""pct"": 9.370000000000001}]"
Switzerland,Saudi Arabia,Neutral,1.884,0.816,62.9,22.8,14.3,62.1,7.4,8.3,15.3,2.9,4.0,77.8,22.2,"[{""score"": ""1 - 0"", ""pct"": 12.55}, {""score"": ""2 - 0"", ""pct"": 12.31}, {""score"": ""1 - 1"", ""pct"": 10.39}]"
Switzerland,Colombia,Neutral,0.965,1.735,19.0,25.5,55.5,19.6,3.9,4.7,54.8,7.4,9.5,28.3,71.7,"[{""score"": ""0 - 1"", ""pct"": 12.07}, {""score"": ""1 - 1"", ""pct"": 11.59}, {""score"": ""1 - 2"", ""pct"": 10.17}]"
Switzerland,Portugal,Neutral,1.039,1.661,22.3,25.2,52.5,22.6,4.0,5.3,52.3,7.1,8.7,31.9,68.1,"[{""score"": ""0 - 1"", ""pct"": 11.44}, {""score"": ""1 - 1"", ""pct"": 11.200000000000001}, {""score"": ""1 - 2"", ""pct"": 9.879999999999999}]"
Switzerland,Sweden,Neutral,1.889,0.811,62.3,23.0,14.7,63.0,7.2,8.5,14.6,2.9,3.7,78.8,21.2,"[{""score"": ""1 - 0"", ""pct"": 13.28}, {""score"": ""2 - 0"", ""pct"": 11.85}, {""score"": ""1 - 1"", ""pct"": 10.86}]"
Switzerland,Jordan,Neutral,1.616,1.084,48.8,26.5,24.7,48.8,7.8,8.4,25.0,4.4,5.5,65.0,35.0,"[{""score"": ""1 - 1"", ""pct"": 12.41}, {""score"": ""1 - 0"", ""pct"": 10.56}, {""score"": ""2 - 1"", ""pct"": 9.520000000000001}]"
Switzerland,Morocco,Neutral,1.09,1.61,25.4,26.5,48.1,24.4,4.5,5.7,49.5,7.2,8.6,34.6,65.4,"[{""score"": ""1 - 1"", ""pct"": 12.73}, {""score"": ""0 - 1"", ""pct"": 10.79}, {""score"": ""1 - 2"", ""pct"": 9.6}]"
Switzerland,Iraq,Neutral,1.786,0.914,58.7,23.9,17.3,58.8,7.4,8.7,16.9,3.5,4.6,74.9,25.1,"[{""score"": ""1 - 0"", ""pct"": 12.85}, {""score"": ""2 - 0"", ""pct"": 11.07}, {""score"": ""1 - 1"", ""pct"": 11.01}]"
Switzerland,Tunisia,Neutral,1.785,0.915,57.3,24.5,18.2,57.3,7.4,8.2,19.3,3.2,4.6,72.9,27.1,"[{""score"": ""1 - 0"", ""pct"": 11.91}, {""score"": ""1 - 1"", ""pct"": 11.42}, {""score"": ""2 - 0"", ""pct"": 10.32}]"
Switzerland,Qatar,Neutral,2.15,0.55,75.3,17.3,7.4,75.1,7.1,7.3,7.2,1.4,1.9,89.5,10.5,"[{""score"": ""2 - 0"", ""pct"": 15.740000000000002}, {""score"": ""1 - 0"", ""pct"": 15.28}, {""score"": ""3 - 0"", ""pct"": 10.74}]"
Switzerland,Curaçao,Neutral,2.064,0.636,71.0,19.1,9.9,71.4,7.6,7.5,9.4,1.7,2.4,86.4,13.6,"[{""score"": ""1 - 0"", ""pct"": 14.59}, {""score"": ""2 - 0"", ""pct"": 14.06}, {""score"": ""2 - 1"", ""pct"": 9.42}]"
Switzerland,Iran,Neutral,1.308,1.392,34.7,27.8,37.5,34.3,6.2,7.1,38.4,6.1,7.8,47.6,52.3,"[{""score"": ""1 - 1"", ""pct"": 12.49}, {""score"": ""1 - 0"", ""pct"": 9.36}, {""score"": ""0 - 1"", ""pct"": 9.34}]"
Switzerland,South Korea,Neutral,1.353,1.347,36.2,26.8,36.9,36.1,5.9,7.5,37.2,5.8,7.4,49.5,50.5,"[{""score"": ""1 - 1"", ""pct"": 12.21}, {""score"": ""0 - 1"", ""pct"": 9.69}, {""score"": ""1 - 0"", ""pct"": 9.02}]"
Switzerland,Ghana,Neutral,2.051,0.649,70.2,20.1,9.8,71.1,6.9,8.0,9.3,1.8,2.9,86.0,14.0,"[{""score"": ""2 - 0"", ""pct"": 14.37}, {""score"": ""1 - 0"", ""pct"": 13.86}, {""score"": ""1 - 1"", ""pct"": 9.46}]"
Switzerland,Norway,Neutral,1.289,1.411,33.4,26.9,39.7,33.5,5.7,7.2,39.4,6.4,7.8,46.4,53.6,"[{""score"": ""1 - 1"", ""pct"": 12.32}, {""score"": ""0 - 1"", ""pct"": 9.180000000000001}, {""score"": ""1 - 2"", ""pct"": 8.95}]"
Switzerland,England,Neutral,0.919,1.781,17.9,24.9,57.2,18.0,3.7,4.8,57.4,8.0,8.2,26.5,73.5,"[{""score"": ""0 - 1"", ""pct"": 12.31}, {""score"": ""1 - 1"", ""pct"": 11.360000000000001}, {""score"": ""0 - 2"", ""pct"": 10.07}]"
Switzerland,Mexico,Neutral,1.145,1.555,27.6,25.7,46.7,26.3,5.0,5.9,47.3,6.8,8.7,37.2,62.8,"[{""score"": ""1 - 1"", ""pct"": 11.65}, {""score"": ""0 - 1"", ""pct"": 11.020000000000001}, {""score"": ""1 - 2"", ""pct"": 9.48}]"
Switzerland,Austria,Neutral,1.571,1.129,47.5,26.2,26.4,46.9,7.3,8.2,26.9,4.6,6.2,62.3,37.7,"[{""score"": ""1 - 1"", ""pct"": 11.64}, {""score"": ""1 - 0"", ""pct"": 10.63}, {""score"": ""2 - 1"", ""pct"": 9.29}]"
Switzerland,Panama,Neutral,1.47,1.23,42.1,27.5,30.4,41.6,6.8,8.0,31.4,5.1,7.1,56.4,43.6,"[{""score"": ""1 - 1"", ""pct"": 12.1}, {""score"": ""1 - 0"", ""pct"": 9.67}, {""score"": ""2 - 1"", ""pct"": 9.0}]"
Switzerland,Bosnia and Herzegovina,Neutral,2.122,0.578,74.2,18.3,7.5,73.4,7.6,7.3,7.9,1.8,2.0,88.3,11.7,"[{""score"": ""2 - 0"", ""pct"": 15.6}, {""score"": ""1 - 0"", ""pct"": 14.940000000000001}, {""score"": ""3 - 0"", ""pct"": 9.950000000000001}]"
Switzerland,Czech Republic,Neutral,1.798,0.902,59.7,23.2,17.1,59.7,7.3,8.3,16.9,3.5,4.3,75.3,24.7,"[{""score"": ""1 - 0"", ""pct"": 12.870000000000001}, {""score"": ""1 - 1"", ""pct"": 10.61}, {""score"": ""2 - 0"", ""pct"": 10.54}]"
Switzerland,Argentina,Neutral,0.681,2.019,10.6,20.0,69.3,11.1,2.1,2.9,68.9,7.2,7.8,16.1,83.9,"[{""score"": ""0 - 1"", ""pct"": 13.919999999999998}, {""score"": ""0 - 2"", ""pct"": 13.88}, {""score"": ""1 - 2"", ""pct"": 9.69}]"
Switzerland,Uzbekistan,Neutral,1.503,1.197,43.8,27.1,29.1,43.5,7.2,7.4,30.1,5.3,6.6,58.0,42.0,"[{""score"": ""1 - 1"", ""pct"": 11.77}, {""score"": ""1 - 0"", ""pct"": 10.39}, {""score"": ""2 - 1"", ""pct"": 9.229999999999999}]"
Switzerland,Belgium,Neutral,1.326,1.374,35.1,26.8,38.1,36.2,5.8,7.3,37.4,5.9,7.3,49.4,50.6,"[{""score"": ""1 - 1"", ""pct"": 12.11}, {""score"": ""0 - 1"", ""pct"": 9.41}, {""score"": ""1 - 0"", ""pct"": 9.09}]"
Switzerland,Australia,Neutral,1.265,1.435,32.0,27.7,40.3,32.3,5.3,7.3,40.6,6.5,8.0,44.9,55.1,"[{""score"": ""1 - 1"", ""pct"": 12.32}, {""score"": ""0 - 1"", ""pct"": 10.190000000000001}, {""score"": ""1 - 2"", ""pct"": 8.34}]"
Switzerland,Paraguay,Neutral,1.363,1.337,36.2,27.1,36.7,37.4,6.2,7.2,35.5,6.4,7.3,50.7,49.3,"[{""score"": ""1 - 1"", ""pct"": 12.55}, {""score"": ""1 - 0"", ""pct"": 9.44}, {""score"": ""0 - 1"", ""pct"": 9.3}]"
Switzerland,Egypt,Neutral,1.68,1.02,53.1,25.4,21.4,53.6,7.6,8.4,20.7,4.3,5.4,69.6,30.4,"[{""score"": ""1 - 1"", ""pct"": 12.02}, {""score"": ""1 - 0"", ""pct"": 11.86}, {""score"": ""2 - 1"", ""pct"": 9.98}]"
Switzerland,Ecuador,Neutral,1.051,1.649,23.4,25.6,50.9,23.8,4.0,5.4,50.9,7.8,8.1,33.2,66.8,"[{""score"": ""1 - 1"", ""pct"": 11.89}, {""score"": ""0 - 1"", ""pct"": 11.49}, {""score"": ""0 - 2"", ""pct"": 9.13}]"
Switzerland,Cape Verde,Neutral,2.022,0.678,69.9,19.7,10.4,68.5,7.8,8.2,10.7,2.2,2.6,84.5,15.5,"[{""score"": ""2 - 0"", ""pct"": 14.12}, {""score"": ""1 - 0"", ""pct"": 14.11}, {""score"": ""2 - 1"", ""pct"": 9.55}]"
Switzerland,Germany,Neutral,1.192,1.508,28.8,26.9,44.3,29.7,5.7,6.4,43.6,6.4,8.2,41.8,58.2,"[{""score"": ""1 - 1"", ""pct"": 12.25}, {""score"": ""0 - 1"", ""pct"": 10.25}, {""score"": ""1 - 2"", ""pct"": 9.06}]"
Switzerland,DR Congo,Neutral,1.755,0.945,56.8,24.6,18.6,57.1,7.1,8.9,19.1,3.5,4.3,73.1,26.9,"[{""score"": ""1 - 0"", ""pct"": 12.49}, {""score"": ""1 - 1"", ""pct"": 11.24}, {""score"": ""2 - 0"", ""pct"": 10.56}]"
Switzerland,Croatia,Neutral,1.257,1.443,31.7,26.5,41.7,32.2,5.2,7.0,41.1,6.5,7.9,44.4,55.6,"[{""score"": ""1 - 1"", ""pct"": 12.19}, {""score"": ""0 - 1"", ""pct"": 9.94}, {""score"": ""1 - 2"", ""pct"": 8.85}]"
Switzerland,Turkey,Neutral,1.311,1.389,34.5,26.4,39.1,34.7,6.2,7.3,37.9,6.3,7.6,48.2,51.8,"[{""score"": ""1 - 1"", ""pct"": 12.139999999999999}, {""score"": ""0 - 1"", ""pct"": 9.32}, {""score"": ""1 - 0"", ""pct"": 8.790000000000001}]"
Switzerland,Uruguay,Neutral,1.187,1.513,28.4,27.1,44.6,29.3,4.9,6.6,44.6,6.6,8.0,40.8,59.2,"[{""score"": ""1 - 1"", ""pct"": 12.590000000000002}, {""score"": ""0 - 1"", ""pct"": 10.81}, {""score"": ""1 - 2"", ""pct"": 9.21}]"
Switzerland,New Zealand,Neutral,1.86,0.84,61.4,23.8,14.9,62.2,7.6,8.2,15.5,3.0,3.5,78.0,22.0,"[{""score"": ""1 - 0"", ""pct"": 12.9}, {""score"": ""2 - 0"", ""pct"": 11.379999999999999}, {""score"": ""1 - 1"", ""pct"": 11.020000000000001}]"
Switzerland,United States,Neutral,1.586,1.114,48.5,25.7,25.7,49.2,6.7,8.6,25.0,4.6,5.9,64.5,35.5,"[{""score"": ""1 - 1"", ""pct"": 11.25}, {""score"": ""1 - 0"", ""pct"": 10.8}, {""score"": ""2 - 1"", ""pct"": 9.1}]"
Switzerland,Senegal,Neutral,1.34,1.36,35.4,27.2,37.4,36.0,5.9,7.3,37.0,6.1,7.7,49.2,50.8,"[{""score"": ""1 - 1"", ""pct"": 12.5}, {""score"": ""0 - 1"", ""pct"": 9.5}, {""score"": ""1 - 0"", ""pct"": 8.62}]"
Switzerland,Brazil,Neutral,0.956,1.744,20.1,23.0,56.8,19.3,3.7,5.0,56.2,7.5,8.3,28.0,72.0,"[{""score"": ""0 - 1"", ""pct"": 12.379999999999999}, {""score"": ""1 - 1"", ""pct"": 10.16}, {""score"": ""1 - 2"", ""pct"": 10.16}]"
Switzerland,Ivory Coast,Neutral,1.643,1.057,51.4,25.1,23.5,51.4,7.2,8.1,23.0,4.5,5.8,66.7,33.3,"[{""score"": ""1 - 0"", ""pct"": 11.4}, {""score"": ""1 - 1"", ""pct"": 11.25}, {""score"": ""2 - 1"", ""pct"": 9.94}]"
Switzerland,France,Neutral,0.843,1.857,15.8,22.9,61.2,16.2,2.9,4.0,60.7,7.5,8.6,23.1,76.9,"[{""score"": ""0 - 1"", ""pct"": 13.389999999999999}, {""score"": ""0 - 2"", ""pct"": 10.97}, {""score"": ""1 - 1"", ""pct"": 10.24}]"
Argentina,Netherlands,Neutral,1.89,0.81,63.7,22.6,13.7,62.9,7.8,8.3,14.4,2.9,3.6,79.0,20.9,"[{""score"": ""1 - 0"", ""pct"": 14.02}, {""score"": ""2 - 0"", ""pct"": 11.86}, {""score"": ""1 - 1"", ""pct"": 10.440000000000001}]"
Argentina,South Africa,Neutral,2.318,0.382,81.8,14.5,3.8,81.9,6.6,5.8,3.7,0.9,1.2,94.3,5.7,"[{""score"": ""2 - 0"", ""pct"": 18.21}, {""score"": ""1 - 0"", ""pct"": 16.09}, {""score"": ""3 - 0"", ""pct"": 13.62}]"
Argentina,Japan,Neutral,1.788,0.912,57.4,24.1,18.5,58.1,7.7,9.0,17.7,3.3,4.2,74.8,25.2,"[{""score"": ""1 - 0"", ""pct"": 12.280000000000001}, {""score"": ""1 - 1"", ""pct"": 11.18}, {""score"": ""2 - 0"", ""pct"": 9.8}]"
Argentina,Scotland,Neutral,2.176,0.524,76.4,16.8,6.7,75.6,6.8,7.5,7.3,1.1,1.9,89.8,10.2,"[{""score"": ""2 - 0"", ""pct"": 15.53}, {""score"": ""1 - 0"", ""pct"": 15.5}, {""score"": ""3 - 0"", ""pct"": 10.9}]"
Argentina,Algeria,Neutral,2.038,0.662,69.4,19.9,10.7,71.3,7.2,7.6,9.6,1.8,2.6,86.0,14.0,"[{""score"": ""1 - 0"", ""pct"": 13.750000000000002}, {""score"": ""2 - 0"", ""pct"": 13.69}, {""score"": ""2 - 1"", ""pct"": 9.46}]"
Argentina,Canada,Neutral,2.032,0.668,69.7,20.0,10.4,69.7,7.2,8.2,10.2,1.9,2.8,85.1,14.9,"[{""score"": ""1 - 0"", ""pct"": 14.27}, {""score"": ""2 - 0"", ""pct"": 13.62}, {""score"": ""2 - 1"", ""pct"": 9.58}]"
Argentina,Haiti,Neutral,2.256,0.444,79.8,15.3,4.9,79.0,6.4,7.4,5.2,0.7,1.2,92.8,7.2,"[{""score"": ""2 - 0"", ""pct"": 17.57}, {""score"": ""1 - 0"", ""pct"": 15.740000000000002}, {""score"": ""3 - 0"", ""pct"": 12.55}]"
Argentina,Spain,Neutral,1.299,1.401,33.9,26.7,39.4,34.1,5.6,6.9,38.9,6.5,8.0,46.6,53.4,"[{""score"": ""1 - 1"", ""pct"": 12.23}, {""score"": ""0 - 1"", ""pct"": 9.58}, {""score"": ""1 - 0"", ""pct"": 8.77}]"
Argentina,Saudi Arabia,Neutral,2.279,0.421,80.2,15.0,4.8,80.2,6.2,6.3,5.0,1.0,1.2,92.8,7.2,"[{""score"": ""2 - 0"", ""pct"": 17.29}, {""score"": ""1 - 0"", ""pct"": 16.02}, {""score"": ""3 - 0"", ""pct"": 12.78}]"
Argentina,Colombia,Neutral,1.711,0.989,54.5,25.0,20.5,54.2,7.4,8.9,20.6,4.2,4.8,70.5,29.5,"[{""score"": ""1 - 0"", ""pct"": 11.690000000000001}, {""score"": ""1 - 1"", ""pct"": 11.42}, {""score"": ""2 - 1"", ""pct"": 10.11}]"
Argentina,Portugal,Neutral,1.782,0.918,58.4,23.8,17.8,58.0,7.7,8.9,17.8,3.5,4.1,74.6,25.4,"[{""score"": ""1 - 0"", ""pct"": 12.44}, {""score"": ""1 - 1"", ""pct"": 10.95}, {""score"": ""2 - 1"", ""pct"": 10.48}]"
Argentina,Sweden,Neutral,2.28,0.42,80.8,15.0,4.2,80.3,6.4,6.7,4.5,0.9,1.2,93.4,6.6,"[{""score"": ""2 - 0"", ""pct"": 17.130000000000003}, {""score"": ""1 - 0"", ""pct"": 16.79}, {""score"": ""3 - 0"", ""pct"": 12.73}]"
Argentina,Jordan,Neutral,2.165,0.535,75.7,17.9,6.4,75.9,7.2,7.1,6.7,1.3,1.8,90.2,9.8,"[{""score"": ""2 - 0"", ""pct"": 15.690000000000001}, {""score"": ""1 - 0"", ""pct"": 14.74}, {""score"": ""3 - 0"", ""pct"": 10.86}]"
Argentina,Morocco,Neutral,1.827,0.873,60.2,22.9,16.9,60.9,7.4,8.8,15.6,3.0,4.3,77.0,23.0,"[{""score"": ""1 - 0"", ""pct"": 12.65}, {""score"": ""2 - 0"", ""pct"": 11.01}, {""score"": ""1 - 1"", ""pct"": 10.31}]"
Argentina,Iraq,Neutral,2.24,0.46,79.1,15.6,5.3,78.5,6.8,6.9,5.3,1.1,1.4,92.2,7.8,"[{""score"": ""2 - 0"", ""pct"": 17.18}, {""score"": ""1 - 0"", ""pct"": 15.160000000000002}, {""score"": ""3 - 0"", ""pct"": 12.370000000000001}]"
Argentina,Tunisia,Neutral,2.24,0.46,78.9,15.8,5.3,79.4,6.0,6.8,5.4,1.0,1.4,92.2,7.8,"[{""score"": ""2 - 0"", ""pct"": 17.72}, {""score"": ""1 - 0"", ""pct"": 15.57}, {""score"": ""3 - 0"", ""pct"": 12.379999999999999}]"
Argentina,Qatar,Neutral,2.368,0.332,83.5,13.7,2.8,83.7,6.0,6.0,3.0,0.4,0.9,95.7,4.3,"[{""score"": ""2 - 0"", ""pct"": 18.93}, {""score"": ""1 - 0"", ""pct"": 15.989999999999998}, {""score"": ""3 - 0"", ""pct"": 14.52}]"
Argentina,Curaçao,Neutral,2.342,0.358,82.9,13.6,3.6,83.0,5.7,6.2,3.4,0.7,1.0,94.9,5.1,"[{""score"": ""2 - 0"", ""pct"": 18.56}, {""score"": ""1 - 0"", ""pct"": 15.879999999999999}, {""score"": ""3 - 0"", ""pct"": 14.180000000000001}]"
Argentina,Iran,Neutral,1.992,0.708,67.8,21.0,11.2,68.5,7.0,8.2,11.2,2.1,2.9,83.7,16.3,"[{""score"": ""1 - 0"", ""pct"": 13.73}, {""score"": ""2 - 0"", ""pct"": 13.04}, {""score"": ""2 - 1"", ""pct"": 9.75}]"
Argentina,South Korea,Neutral,2.02,0.68,69.3,20.4,10.2,69.4,7.4,8.1,10.5,2.0,2.5,85.0,15.0,"[{""score"": ""2 - 0"", ""pct"": 14.02}, {""score"": ""1 - 0"", ""pct"": 13.900000000000002}, {""score"": ""2 - 1"", ""pct"": 9.58}]"
Argentina,Ghana,Neutral,2.337,0.363,82.7,13.9,3.4,82.9,5.8,6.2,3.5,0.8,0.8,94.9,5.1,"[{""score"": ""2 - 0"", ""pct"": 18.87}, {""score"": ""1 - 0"", ""pct"": 16.650000000000002}, {""score"": ""3 - 0"", ""pct"": 13.309999999999999}]"
Argentina,Norway,Neutral,1.979,0.721,67.3,21.0,11.7,67.4,7.5,8.4,11.2,2.2,3.4,83.3,16.7,"[{""score"": ""1 - 0"", ""pct"": 14.000000000000002}, {""score"": ""2 - 0"", ""pct"": 13.13}, {""score"": ""1 - 1"", ""pct"": 9.520000000000001}]"
Argentina,England,Neutral,1.662,1.038,51.5,25.7,22.8,52.4,7.1,8.8,22.8,3.8,5.0,68.4,31.6,"[{""score"": ""1 - 1"", ""pct"": 12.08}, {""score"": ""1 - 0"", ""pct"": 11.58}, {""score"": ""2 - 1"", ""pct"": 9.36}]"
Argentina,Mexico,Neutral,1.873,0.827,62.7,22.7,14.6,62.4,7.3,8.7,14.9,3.0,3.8,78.4,21.6,"[{""score"": ""1 - 0"", ""pct"": 12.97}, {""score"": ""2 - 0"", ""pct"": 11.559999999999999}, {""score"": ""1 - 1"", ""pct"": 10.11}]"
Argentina,Austria,Neutral,2.143,0.557,74.3,18.4,7.3,75.5,6.5,7.1,7.4,1.6,1.8,89.1,10.9,"[{""score"": ""2 - 0"", ""pct"": 15.36}, {""score"": ""1 - 0"", ""pct"": 14.649999999999999}, {""score"": ""3 - 0"", ""pct"": 10.93}]"
Argentina,Panama,Neutral,2.09,0.61,72.1,19.5,8.4,72.1,7.5,7.9,8.7,1.7,2.1,87.5,12.5,"[{""score"": ""2 - 0"", ""pct"": 14.78}, {""score"": ""1 - 0"", ""pct"": 14.19}, {""score"": ""3 - 0"", ""pct"": 9.969999999999999}]"
Argentina,Bosnia and Herzegovina,Neutral,2.36,0.34,83.4,13.2,3.4,83.2,5.5,6.7,3.0,0.6,0.9,95.4,4.6,"[{""score"": ""2 - 0"", ""pct"": 19.39}, {""score"": ""1 - 0"", ""pct"": 16.509999999999998}, {""score"": ""3 - 0"", ""pct"": 14.330000000000002}]"
Argentina,Czech Republic,Neutral,2.245,0.455,78.6,16.2,5.2,79.6,6.5,6.4,5.3,1.0,1.3,92.4,7.6,"[{""score"": ""2 - 0"", ""pct"": 16.79}, {""score"": ""1 - 0"", ""pct"": 15.939999999999998}, {""score"": ""3 - 0"", ""pct"": 12.2}]"
Argentina,Switzerland,Neutral,2.019,0.681,69.2,19.9,10.9,70.4,7.0,8.3,9.8,1.9,2.6,85.6,14.3,"[{""score"": ""1 - 0"", ""pct"": 14.180000000000001}, {""score"": ""2 - 0"", ""pct"": 13.26}, {""score"": ""2 - 1"", ""pct"": 9.569999999999999}]"
Argentina,Uzbekistan,Neutral,2.108,0.592,73.4,18.5,8.0,72.7,7.5,7.8,8.4,1.4,2.2,88.0,12.0,"[{""score"": ""1 - 0"", ""pct"": 15.079999999999998}, {""score"": ""2 - 0"", ""pct"": 14.96}, {""score"": ""3 - 0"", ""pct"": 9.77}]"
Argentina,Belgium,Neutral,2.004,0.696,68.4,20.6,11.1,68.7,7.5,8.2,10.7,2.2,2.8,84.4,15.6,"[{""score"": ""1 - 0"", ""pct"": 14.26}, {""score"": ""2 - 0"", ""pct"": 13.469999999999999}, {""score"": ""1 - 1"", ""pct"": 9.15}]"
Argentina,Australia,Neutral,1.963,0.737,67.5,20.6,11.8,66.3,7.5,8.2,12.7,2.4,2.9,82.0,18.0,"[{""score"": ""1 - 0"", ""pct"": 14.330000000000002}, {""score"": ""2 - 0"", ""pct"": 13.26}, {""score"": ""2 - 1"", ""pct"": 9.78}]"
Argentina,Paraguay,Neutral,2.027,0.673,69.4,20.4,10.2,70.1,7.2,7.6,10.2,1.9,2.9,85.0,15.0,"[{""score"": ""1 - 0"", ""pct"": 14.93}, {""score"": ""2 - 0"", ""pct"": 13.94}, {""score"": ""1 - 1"", ""pct"": 9.28}]"
Argentina,Egypt,Neutral,2.195,0.505,76.6,17.3,6.1,77.1,6.7,7.0,6.2,1.2,1.7,90.9,9.1,"[{""score"": ""2 - 0"", ""pct"": 16.3}, {""score"": ""1 - 0"", ""pct"": 14.97}, {""score"": ""3 - 0"", ""pct"": 11.35}]"
Argentina,Ecuador,Neutral,1.793,0.907,58.3,24.6,17.1,58.6,7.4,8.6,17.6,3.4,4.4,74.6,25.4,"[{""score"": ""1 - 0"", ""pct"": 12.590000000000002}, {""score"": ""1 - 1"", ""pct"": 11.29}, {""score"": ""2 - 0"", ""pct"": 10.459999999999999}]"
Argentina,Cape Verde,Neutral,2.328,0.372,82.4,13.8,3.8,82.0,5.9,6.7,3.6,0.8,1.0,94.6,5.4,"[{""score"": ""2 - 0"", ""pct"": 17.91}, {""score"": ""1 - 0"", ""pct"": 16.29}, {""score"": ""3 - 0"", ""pct"": 13.55}]"
Argentina,Germany,Neutral,1.909,0.791,63.6,22.6,13.8,64.3,7.5,8.4,13.6,2.8,3.4,80.2,19.8,"[{""score"": ""1 - 0"", ""pct"": 13.79}, {""score"": ""2 - 0"", ""pct"": 11.72}, {""score"": ""1 - 1"", ""pct"": 10.26}]"
Argentina,DR Congo,Neutral,2.228,0.472,78.8,16.0,5.2,78.3,6.7,6.8,5.9,1.1,1.3,91.8,8.2,"[{""score"": ""2 - 0"", ""pct"": 16.53}, {""score"": ""1 - 0"", ""pct"": 15.8}, {""score"": ""3 - 0"", ""pct"": 12.32}]"
Argentina,Croatia,Neutral,1.957,0.743,66.2,21.2,12.6,66.4,7.2,8.4,12.1,2.5,3.3,82.0,17.9,"[{""score"": ""1 - 0"", ""pct"": 13.43}, {""score"": ""2 - 0"", ""pct"": 12.809999999999999}, {""score"": ""1 - 1"", ""pct"": 9.48}]"
Argentina,Turkey,Neutral,1.994,0.706,68.3,20.6,11.1,68.0,7.6,8.3,11.0,2.2,2.7,84.0,16.0,"[{""score"": ""1 - 0"", ""pct"": 14.000000000000002}, {""score"": ""2 - 0"", ""pct"": 13.700000000000001}, {""score"": ""1 - 1"", ""pct"": 9.44}]"
Argentina,Uruguay,Neutral,1.906,0.794,64.5,22.1,13.3,63.8,7.5,8.8,13.6,2.8,3.6,80.1,19.9,"[{""score"": ""1 - 0"", ""pct"": 13.28}, {""score"": ""2 - 0"", ""pct"": 12.6}, {""score"": ""1 - 1"", ""pct"": 10.25}]"
Argentina,New Zealand,Neutral,2.27,0.43,79.9,15.7,4.4,79.8,6.6,6.5,4.9,1.0,1.2,92.9,7.1,"[{""score"": ""2 - 0"", ""pct"": 17.61}, {""score"": ""1 - 0"", ""pct"": 15.61}, {""score"": ""3 - 0"", ""pct"": 13.120000000000001}]"
Argentina,United States,Neutral,2.151,0.549,74.9,17.7,7.4,75.0,6.9,7.5,7.4,1.5,1.8,89.4,10.6,"[{""score"": ""1 - 0"", ""pct"": 15.229999999999999}, {""score"": ""2 - 0"", ""pct"": 15.1}, {""score"": ""3 - 0"", ""pct"": 10.780000000000001}]"
Argentina,Senegal,Neutral,2.013,0.687,69.4,20.1,10.5,68.6,7.4,8.5,11.2,1.8,2.4,84.6,15.4,"[{""score"": ""1 - 0"", ""pct"": 14.13}, {""score"": ""2 - 0"", ""pct"": 13.459999999999999}, {""score"": ""2 - 1"", ""pct"": 9.520000000000001}]"
Argentina,Brazil,Neutral,1.701,0.999,53.2,25.1,21.6,54.3,7.7,8.0,21.0,3.8,5.2,70.0,30.0,"[{""score"": ""1 - 0"", ""pct"": 11.51}, {""score"": ""1 - 1"", ""pct"": 11.26}, {""score"": ""2 - 1"", ""pct"": 9.629999999999999}]"
Argentina,Ivory Coast,Neutral,2.178,0.522,76.5,17.0,6.5,76.0,7.1,7.1,6.7,1.4,1.7,90.3,9.7,"[{""score"": ""2 - 0"", ""pct"": 16.21}, {""score"": ""1 - 0"", ""pct"": 15.379999999999999}, {""score"": ""3 - 0"", ""pct"": 10.74}]"
Argentina,France,Neutral,1.575,1.125,47.2,26.7,26.0,47.7,6.8,8.7,26.0,4.5,6.3,63.2,36.8,"[{""score"": ""1 - 1"", ""pct"": 12.3}, {""score"": ""1 - 0"", ""pct"": 10.35}, {""score"": ""2 - 1"", ""pct"": 9.36}]"
Uzbekistan,Netherlands,Neutral,1.021,1.679,21.7,26.1,52.2,21.9,4.1,5.2,52.0,7.8,9.0,31.2,68.9,"[{""score"": ""1 - 1"", ""pct"": 11.85}, {""score"": ""0 - 1"", ""pct"": 11.469999999999999}, {""score"": ""1 - 2"", ""pct"": 9.71}]"
Uzbekistan,South Africa,Neutral,1.885,0.815,62.7,22.7,14.6,63.1,7.9,8.5,13.9,2.5,4.0,79.6,20.4,"[{""score"": ""1 - 0"", ""pct"": 13.8}, {""score"": ""2 - 0"", ""pct"": 11.44}, {""score"": ""1 - 1"", ""pct"": 10.65}]"
Uzbekistan,Japan,Neutral,0.91,1.79,18.2,23.2,58.7,17.5,3.6,4.2,58.8,7.2,8.6,25.3,74.7,"[{""score"": ""0 - 1"", ""pct"": 13.18}, {""score"": ""1 - 1"", ""pct"": 10.639999999999999}, {""score"": ""1 - 2"", ""pct"": 10.32}]"
Uzbekistan,Scotland,Neutral,1.491,1.209,44.1,25.9,30.0,43.1,6.6,8.1,30.4,5.4,6.4,57.8,42.2,"[{""score"": ""1 - 1"", ""pct"": 12.11}, {""score"": ""1 - 0"", ""pct"": 10.57}, {""score"": ""2 - 1"", ""pct"": 9.19}]"
Uzbekistan,Algeria,Neutral,1.228,1.472,30.9,27.0,42.2,30.9,5.2,6.8,42.4,6.6,8.2,42.9,57.1,"[{""score"": ""1 - 1"", ""pct"": 12.46}, {""score"": ""0 - 1"", ""pct"": 10.280000000000001}, {""score"": ""1 - 2"", ""pct"": 8.73}]"
Uzbekistan,Canada,Neutral,1.219,1.481,29.8,27.7,42.6,30.0,5.1,6.5,43.2,7.0,8.3,41.6,58.4,"[{""score"": ""1 - 1"", ""pct"": 12.590000000000002}, {""score"": ""0 - 1"", ""pct"": 10.2}, {""score"": ""1 - 0"", ""pct"": 8.44}]"
Uzbekistan,Haiti,Neutral,1.694,1.006,53.4,24.8,21.8,52.9,7.1,8.9,21.8,3.9,5.4,68.9,31.1,"[{""score"": ""1 - 0"", ""pct"": 11.55}, {""score"": ""1 - 1"", ""pct"": 11.5}, {""score"": ""2 - 1"", ""pct"": 9.9}]"
Uzbekistan,Spain,Neutral,0.567,2.133,7.7,17.7,74.6,7.9,1.5,2.1,73.7,7.1,7.6,11.5,88.5,"[{""score"": ""0 - 2"", ""pct"": 15.17}, {""score"": ""0 - 1"", ""pct"": 14.99}, {""score"": ""0 - 3"", ""pct"": 10.620000000000001}]"
Uzbekistan,Saudi Arabia,Neutral,1.758,0.942,56.9,23.9,19.1,57.0,7.6,8.6,18.5,3.9,4.4,73.2,26.8,"[{""score"": ""1 - 0"", ""pct"": 11.89}, {""score"": ""1 - 1"", ""pct"": 11.0}, {""score"": ""2 - 0"", ""pct"": 10.34}]"
Uzbekistan,Colombia,Neutral,0.837,1.863,15.1,22.5,62.4,14.7,3.0,3.4,62.5,7.5,8.9,21.1,78.9,"[{""score"": ""0 - 1"", ""pct"": 13.350000000000001}, {""score"": ""0 - 2"", ""pct"": 11.790000000000001}, {""score"": ""1 - 2"", ""pct"": 10.01}]"
Uzbekistan,Portugal,Neutral,0.904,1.796,18.2,23.2,58.5,17.1,3.0,4.4,59.4,7.4,8.7,24.6,75.4,"[{""score"": ""0 - 1"", ""pct"": 12.27}, {""score"": ""0 - 2"", ""pct"": 10.63}, {""score"": ""1 - 2"", ""pct"": 10.459999999999999}]"
Uzbekistan,Sweden,Neutral,1.764,0.936,56.8,24.3,18.9,57.1,7.4,8.8,18.6,3.5,4.5,73.3,26.7,"[{""score"": ""1 - 0"", ""pct"": 12.31}, {""score"": ""1 - 1"", ""pct"": 10.74}, {""score"": ""2 - 1"", ""pct"": 9.98}]"
Uzbekistan,Jordan,Neutral,1.468,1.232,41.5,26.5,31.9,42.6,6.8,8.0,30.0,5.6,7.0,57.3,42.7,"[{""score"": ""1 - 1"", ""pct"": 11.959999999999999}, {""score"": ""1 - 0"", ""pct"": 9.46}, {""score"": ""2 - 1"", ""pct"": 8.93}]"
Uzbekistan,Morocco,Neutral,0.95,1.75,19.4,24.6,56.0,19.0,3.6,4.9,56.2,7.5,8.9,27.4,72.6,"[{""score"": ""0 - 1"", ""pct"": 12.0}, {""score"": ""1 - 1"", ""pct"": 11.16}, {""score"": ""0 - 2"", ""pct"": 9.94}]"
Uzbekistan,Iraq,Neutral,1.649,1.051,51.6,25.1,23.3,51.4,7.2,8.5,23.0,4.6,5.4,67.0,33.0,"[{""score"": ""1 - 0"", ""pct"": 11.98}, {""score"": ""1 - 1"", ""pct"": 11.88}, {""score"": ""2 - 1"", ""pct"": 9.98}]"
Uzbekistan,Tunisia,Neutral,1.648,1.052,50.9,26.2,22.8,50.9,6.6,8.5,23.9,4.7,5.4,66.1,33.9,"[{""score"": ""1 - 0"", ""pct"": 12.030000000000001}, {""score"": ""1 - 1"", ""pct"": 11.87}, {""score"": ""2 - 1"", ""pct"": 9.33}]"
Uzbekistan,Qatar,Neutral,2.07,0.63,72.0,19.3,8.7,71.1,7.3,8.0,9.1,2.2,2.3,86.3,13.7,"[{""score"": ""2 - 0"", ""pct"": 14.899999999999999}, {""score"": ""1 - 0"", ""pct"": 14.719999999999999}, {""score"": ""2 - 1"", ""pct"": 9.610000000000001}]"
Uzbekistan,Curaçao,Neutral,1.967,0.733,66.8,21.1,12.1,67.7,6.9,8.3,11.8,2.2,3.1,82.9,17.1,"[{""score"": ""1 - 0"", ""pct"": 14.04}, {""score"": ""2 - 0"", ""pct"": 12.41}, {""score"": ""1 - 1"", ""pct"": 9.569999999999999}]"
Uzbekistan,Iran,Neutral,1.156,1.544,27.2,26.7,46.2,27.9,4.8,6.2,45.7,7.1,8.2,39.0,61.0,"[{""score"": ""1 - 1"", ""pct"": 12.35}, {""score"": ""0 - 1"", ""pct"": 10.8}, {""score"": ""1 - 2"", ""pct"": 9.3}]"
Uzbekistan,South Korea,Neutral,1.2,1.5,29.5,26.6,43.9,29.8,5.5,6.3,42.8,7.0,8.5,41.6,58.4,"[{""score"": ""1 - 1"", ""pct"": 11.76}, {""score"": ""0 - 1"", ""pct"": 10.26}, {""score"": ""1 - 2"", ""pct"": 8.98}]"
Uzbekistan,Ghana,Neutral,1.951,0.749,66.9,20.7,12.4,66.8,7.7,7.9,12.4,2.3,2.9,82.4,17.6,"[{""score"": ""1 - 0"", ""pct"": 13.48}, {""score"": ""2 - 0"", ""pct"": 12.91}, {""score"": ""1 - 1"", ""pct"": 9.520000000000001}]"
Uzbekistan,Norway,Neutral,1.138,1.562,27.0,26.0,46.9,26.8,4.9,5.9,46.9,7.1,8.4,37.6,62.4,"[{""score"": ""1 - 1"", ""pct"": 12.389999999999999}, {""score"": ""0 - 1"", ""pct"": 11.19}, {""score"": ""1 - 2"", ""pct"": 9.28}]"
Uzbekistan,England,Neutral,0.797,1.903,13.9,22.3,63.8,14.0,2.7,3.2,64.6,7.0,8.5,19.9,80.1,"[{""score"": ""0 - 1"", ""pct"": 13.43}, {""score"": ""0 - 2"", ""pct"": 11.51}, {""score"": ""1 - 2"", ""pct"": 9.959999999999999}]"
Uzbekistan,Mexico,Neutral,1.001,1.699,21.4,24.2,54.3,21.1,4.0,5.2,53.5,7.2,9.0,30.2,69.8,"[{""score"": ""0 - 1"", ""pct"": 11.82}, {""score"": ""1 - 1"", ""pct"": 11.21}, {""score"": ""1 - 2"", ""pct"": 9.45}]"
Uzbekistan,Austria,Neutral,1.421,1.279,39.0,27.5,33.5,39.0,6.1,7.7,34.1,6.1,7.0,52.8,47.2,"[{""score"": ""1 - 1"", ""pct"": 12.13}, {""score"": ""1 - 0"", ""pct"": 9.71}, {""score"": ""0 - 1"", ""pct"": 8.7}]"
Uzbekistan,Panama,Neutral,1.317,1.383,34.8,27.4,37.8,35.6,6.0,7.2,37.5,6.1,7.6,48.8,51.2,"[{""score"": ""1 - 1"", ""pct"": 12.379999999999999}, {""score"": ""0 - 1"", ""pct"": 9.32}, {""score"": ""1 - 0"", ""pct"": 8.77}]"
Uzbekistan,Bosnia and Herzegovina,Neutral,2.036,0.664,69.4,20.2,10.4,69.8,7.5,7.8,9.9,2.1,2.8,85.2,14.8,"[{""score"": ""1 - 0"", ""pct"": 14.14}, {""score"": ""2 - 0"", ""pct"": 13.450000000000001}, {""score"": ""2 - 1"", ""pct"": 9.69}]"
Uzbekistan,Czech Republic,Neutral,1.663,1.037,52.5,25.5,22.0,51.8,7.8,8.4,22.5,4.1,5.3,68.0,32.0,"[{""score"": ""1 - 0"", ""pct"": 11.75}, {""score"": ""1 - 1"", ""pct"": 11.200000000000001}, {""score"": ""2 - 1"", ""pct"": 9.87}]"
Uzbekistan,Switzerland,Neutral,1.197,1.503,29.1,26.9,44.1,29.4,5.6,6.3,44.0,6.7,8.0,41.3,58.7,"[{""score"": ""1 - 1"", ""pct"": 12.27}, {""score"": ""0 - 1"", ""pct"": 10.48}, {""score"": ""1 - 2"", ""pct"": 8.99}]"
Uzbekistan,Argentina,Neutral,0.592,2.108,7.9,18.4,73.7,8.4,1.5,2.0,73.2,7.3,7.5,11.9,88.1,"[{""score"": ""0 - 2"", ""pct"": 15.55}, {""score"": ""0 - 1"", ""pct"": 14.92}, {""score"": ""0 - 3"", ""pct"": 9.91}]"
Uzbekistan,Belgium,Neutral,1.174,1.526,27.6,27.5,44.9,27.9,5.5,6.4,45.1,7.0,8.2,39.7,60.3,"[{""score"": ""1 - 1"", ""pct"": 12.6}, {""score"": ""0 - 1"", ""pct"": 10.489999999999998}, {""score"": ""1 - 2"", ""pct"": 9.3}]"
Uzbekistan,Australia,Neutral,1.115,1.585,25.4,26.4,48.2,25.3,4.6,6.2,48.2,7.2,8.4,36.1,63.9,"[{""score"": ""1 - 1"", ""pct"": 11.88}, {""score"": ""0 - 1"", ""pct"": 10.77}, {""score"": ""1 - 2"", ""pct"": 9.569999999999999}]"
Uzbekistan,Paraguay,Neutral,1.21,1.49,29.9,27.0,43.0,28.8,5.3,6.7,44.1,6.8,8.2,40.8,59.2,"[{""score"": ""1 - 1"", ""pct"": 12.32}, {""score"": ""0 - 1"", ""pct"": 9.98}, {""score"": ""1 - 2"", ""pct"": 9.4}]"
Uzbekistan,Egypt,Neutral,1.535,1.165,45.8,26.7,27.5,45.8,6.9,8.0,28.0,5.0,6.3,60.8,39.2,"[{""score"": ""1 - 1"", ""pct"": 12.23}, {""score"": ""1 - 0"", ""pct"": 10.66}, {""score"": ""2 - 1"", ""pct"": 9.64}]"
Uzbekistan,Ecuador,Neutral,0.914,1.786,18.3,23.8,57.9,18.7,3.2,4.4,58.3,7.5,7.9,26.2,73.8,"[{""score"": ""0 - 1"", ""pct"": 11.66}, {""score"": ""0 - 2"", ""pct"": 11.1}, {""score"": ""1 - 1"", ""pct"": 10.47}]"
Uzbekistan,Cape Verde,Neutral,1.917,0.783,65.3,21.7,13.0,65.3,7.3,8.1,13.2,2.9,3.2,80.7,19.3,"[{""score"": ""1 - 0"", ""pct"": 13.919999999999998}, {""score"": ""2 - 0"", ""pct"": 11.98}, {""score"": ""2 - 1"", ""pct"": 10.08}]"
Uzbekistan,Germany,Neutral,1.045,1.655,22.8,25.4,51.8,23.1,4.0,5.4,52.4,7.0,8.1,32.5,67.5,"[{""score"": ""1 - 1"", ""pct"": 11.360000000000001}, {""score"": ""0 - 1"", ""pct"": 11.26}, {""score"": ""1 - 2"", ""pct"": 10.280000000000001}]"
Uzbekistan,DR Congo,Neutral,1.616,1.084,50.2,24.8,25.0,49.9,7.4,8.7,24.0,4.4,5.6,66.0,34.0,"[{""score"": ""1 - 0"", ""pct"": 11.379999999999999}, {""score"": ""1 - 1"", ""pct"": 11.28}, {""score"": ""2 - 1"", ""pct"": 9.69}]"
Uzbekistan,Croatia,Neutral,1.107,1.593,25.1,26.2,48.7,25.1,4.5,5.9,49.3,7.3,7.8,35.5,64.5,"[{""score"": ""1 - 1"", ""pct"": 12.04}, {""score"": ""0 - 1"", ""pct"": 11.17}, {""score"": ""1 - 2"", ""pct"": 9.71}]"
Uzbekistan,Turkey,Neutral,1.159,1.541,26.8,27.6,45.6,26.5,5.1,6.6,46.3,6.9,8.6,38.1,61.9,"[{""score"": ""1 - 1"", ""pct"": 12.44}, {""score"": ""0 - 1"", ""pct"": 10.620000000000001}, {""score"": ""1 - 2"", ""pct"": 9.58}]"
Uzbekistan,Uruguay,Neutral,1.041,1.659,23.0,25.2,51.8,22.7,3.9,5.5,52.2,7.3,8.4,32.1,67.9,"[{""score"": ""0 - 1"", ""pct"": 11.49}, {""score"": ""1 - 1"", ""pct"": 11.25}, {""score"": ""1 - 2"", ""pct"": 9.48}]"
Uzbekistan,New Zealand,Neutral,1.732,0.968,54.7,25.0,20.2,55.4,7.6,8.7,19.5,3.9,4.9,71.7,28.3,"[{""score"": ""1 - 0"", ""pct"": 12.15}, {""score"": ""1 - 1"", ""pct"": 11.41}, {""score"": ""2 - 0"", ""pct"": 9.67}]"
Uzbekistan,United States,Neutral,1.436,1.264,40.5,27.4,32.2,40.8,6.7,8.0,31.8,5.5,7.3,55.4,44.5,"[{""score"": ""1 - 1"", ""pct"": 12.42}, {""score"": ""1 - 0"", ""pct"": 10.12}, {""score"": ""2 - 1"", ""pct"": 8.83}]"
Uzbekistan,Senegal,Neutral,1.188,1.512,29.4,26.8,43.8,28.9,5.2,6.5,44.1,6.8,8.5,40.6,59.4,"[{""score"": ""1 - 1"", ""pct"": 12.24}, {""score"": ""0 - 1"", ""pct"": 10.31}, {""score"": ""1 - 2"", ""pct"": 9.29}]"
Uzbekistan,Brazil,Neutral,0.829,1.871,15.0,23.6,61.3,14.9,2.8,3.5,62.1,7.9,8.8,21.2,78.8,"[{""score"": ""0 - 1"", ""pct"": 12.370000000000001}, {""score"": ""0 - 2"", ""pct"": 11.81}, {""score"": ""1 - 1"", ""pct"": 10.61}]"
Uzbekistan,Ivory Coast,Neutral,1.496,1.204,43.6,26.2,30.3,44.1,6.8,8.3,29.1,5.2,6.5,59.1,40.9,"[{""score"": ""1 - 1"", ""pct"": 11.940000000000001}, {""score"": ""1 - 0"", ""pct"": 10.12}, {""score"": ""2 - 1"", ""pct"": 8.88}]"
Uzbekistan,France,Neutral,0.73,1.97,11.6,21.3,67.1,12.0,2.2,2.7,66.3,8.0,8.7,16.9,83.1,"[{""score"": ""0 - 1"", ""pct"": 13.68}, {""score"": ""0 - 2"", ""pct"": 12.889999999999999}, {""score"": ""1 - 1"", ""pct"": 9.950000000000001}]"
Belgium,Netherlands,Neutral,1.189,1.511,29.6,26.7,43.7,29.1,5.3,6.7,44.1,6.7,8.2,41.0,59.0,"[{""score"": ""1 - 1"", ""pct"": 12.72}, {""score"": ""0 - 1"", ""pct"": 10.68}, {""score"": ""1 - 2"", ""pct"": 8.51}]"
Belgium,South Africa,Neutral,2.01,0.69,69.0,20.3,10.7,68.4,7.2,8.5,11.2,1.9,2.8,84.1,15.9,"[{""score"": ""1 - 0"", ""pct"": 13.900000000000002}, {""score"": ""2 - 0"", ""pct"": 13.33}, {""score"": ""2 - 1"", ""pct"": 9.94}]"
Belgium,Japan,Neutral,1.067,1.633,23.2,25.5,51.3,23.4,4.7,5.8,50.2,7.4,8.4,34.0,66.0,"[{""score"": ""0 - 1"", ""pct"": 11.64}, {""score"": ""1 - 1"", ""pct"": 11.129999999999999}, {""score"": ""1 - 2"", ""pct"": 9.879999999999999}]"
Belgium,Scotland,Neutral,1.66,1.04,51.5,25.6,22.9,51.3,7.6,8.8,22.8,4.2,5.4,67.6,32.4,"[{""score"": ""1 - 0"", ""pct"": 11.86}, {""score"": ""1 - 1"", ""pct"": 11.64}, {""score"": ""2 - 1"", ""pct"": 9.36}]"
Belgium,Algeria,Neutral,1.405,1.295,38.0,27.1,34.9,38.9,6.4,7.3,34.2,5.8,7.5,52.5,47.5,"[{""score"": ""1 - 1"", ""pct"": 12.45}, {""score"": ""1 - 0"", ""pct"": 9.46}, {""score"": ""0 - 1"", ""pct"": 9.19}]"
Belgium,Canada,Neutral,1.395,1.305,38.4,26.9,34.7,37.7,6.2,7.9,35.1,5.5,7.5,51.8,48.2,"[{""score"": ""1 - 1"", ""pct"": 12.280000000000001}, {""score"": ""1 - 0"", ""pct"": 9.39}, {""score"": ""0 - 1"", ""pct"": 9.02}]"
Belgium,Haiti,Neutral,1.845,0.855,61.6,23.1,15.3,61.3,7.1,8.3,16.5,2.9,3.9,76.7,23.3,"[{""score"": ""1 - 0"", ""pct"": 12.379999999999999}, {""score"": ""2 - 0"", ""pct"": 11.86}, {""score"": ""1 - 1"", ""pct"": 10.18}]"
Belgium,Spain,Neutral,0.664,2.036,10.2,19.6,70.2,9.5,1.9,2.6,70.4,7.5,8.1,14.0,86.0,"[{""score"": ""0 - 1"", ""pct"": 14.180000000000001}, {""score"": ""0 - 2"", ""pct"": 13.55}, {""score"": ""1 - 2"", ""pct"": 9.610000000000001}]"
Belgium,Saudi Arabia,Neutral,1.902,0.798,63.9,22.0,14.0,64.6,7.1,8.3,14.2,2.3,3.6,80.0,20.0,"[{""score"": ""1 - 0"", ""pct"": 13.18}, {""score"": ""2 - 0"", ""pct"": 11.97}, {""score"": ""2 - 1"", ""pct"": 9.86}]"
Belgium,Colombia,Neutral,0.986,1.714,19.8,24.8,55.4,20.5,4.1,5.1,54.1,7.2,9.0,29.7,70.3,"[{""score"": ""0 - 1"", ""pct"": 11.95}, {""score"": ""1 - 1"", ""pct"": 11.08}, {""score"": ""1 - 2"", ""pct"": 10.52}]"
Belgium,Portugal,Neutral,1.061,1.639,23.3,25.2,51.5,23.8,4.2,5.6,50.6,7.0,8.8,33.5,66.5,"[{""score"": ""0 - 1"", ""pct"": 11.799999999999999}, {""score"": ""1 - 1"", ""pct"": 11.19}, {""score"": ""1 - 2"", ""pct"": 9.83}]"
Belgium,Sweden,Neutral,1.906,0.794,63.8,22.4,13.8,64.1,7.5,8.2,13.9,2.8,3.5,79.8,20.2,"[{""score"": ""1 - 0"", ""pct"": 13.01}, {""score"": ""2 - 0"", ""pct"": 11.83}, {""score"": ""2 - 1"", ""pct"": 10.15}]"
Belgium,Jordan,Neutral,1.638,1.062,51.4,25.4,23.2,50.4,7.9,8.6,23.4,4.2,5.5,67.0,33.0,"[{""score"": ""1 - 0"", ""pct"": 11.67}, {""score"": ""1 - 1"", ""pct"": 11.51}, {""score"": ""2 - 1"", ""pct"": 9.959999999999999}]"
Belgium,Morocco,Neutral,1.112,1.588,25.9,26.0,48.1,26.4,4.8,5.8,48.2,6.8,8.0,37.0,63.0,"[{""score"": ""1 - 1"", ""pct"": 11.35}, {""score"": ""0 - 1"", ""pct"": 10.85}, {""score"": ""1 - 2"", ""pct"": 10.040000000000001}]"
Belgium,Iraq,Neutral,1.805,0.895,59.5,23.6,16.9,58.7,7.8,8.2,17.1,3.6,4.5,74.8,25.2,"[{""score"": ""1 - 0"", ""pct"": 12.58}, {""score"": ""2 - 0"", ""pct"": 10.97}, {""score"": ""1 - 1"", ""pct"": 10.52}]"
Belgium,Tunisia,Neutral,1.805,0.895,59.5,23.2,17.4,58.8,7.4,8.6,17.5,3.3,4.5,74.8,25.2,"[{""score"": ""1 - 0"", ""pct"": 12.959999999999999}, {""score"": ""2 - 0"", ""pct"": 10.5}, {""score"": ""1 - 1"", ""pct"": 10.34}]"
Belgium,Qatar,Neutral,2.161,0.539,75.9,17.5,6.6,75.8,6.8,7.4,6.7,1.4,1.8,90.1,9.9,"[{""score"": ""1 - 0"", ""pct"": 15.36}, {""score"": ""2 - 0"", ""pct"": 15.21}, {""score"": ""3 - 0"", ""pct"": 10.61}]"
Belgium,Curaçao,Neutral,2.078,0.622,70.8,19.9,9.3,72.2,7.0,7.7,9.4,1.7,2.1,86.8,13.2,"[{""score"": ""1 - 0"", ""pct"": 14.32}, {""score"": ""2 - 0"", ""pct"": 14.069999999999999}, {""score"": ""3 - 0"", ""pct"": 9.6}]"
Belgium,Iran,Neutral,1.331,1.369,35.7,26.9,37.4,35.0,6.0,7.5,37.6,6.3,7.6,48.5,51.5,"[{""score"": ""1 - 1"", ""pct"": 11.89}, {""score"": ""0 - 1"", ""pct"": 9.48}, {""score"": ""1 - 0"", ""pct"": 9.1}]"
Belgium,South Korea,Neutral,1.376,1.324,38.2,26.8,35.0,38.4,6.0,7.2,34.8,5.9,7.6,51.7,48.3,"[{""score"": ""1 - 1"", ""pct"": 12.27}, {""score"": ""1 - 0"", ""pct"": 9.180000000000001}, {""score"": ""2 - 1"", ""pct"": 8.89}]"
Belgium,Ghana,Neutral,2.064,0.636,71.2,19.9,8.9,71.5,7.5,8.1,8.7,1.8,2.5,87.1,12.9,"[{""score"": ""1 - 0"", ""pct"": 14.35}, {""score"": ""2 - 0"", ""pct"": 14.35}, {""score"": ""3 - 0"", ""pct"": 9.520000000000001}]"
Belgium,Norway,Neutral,1.313,1.387,34.2,27.8,38.0,34.5,6.0,7.1,38.4,6.8,7.2,47.6,52.4,"[{""score"": ""1 - 1"", ""pct"": 12.15}, {""score"": ""0 - 1"", ""pct"": 9.719999999999999}, {""score"": ""1 - 0"", ""pct"": 8.870000000000001}]"
Belgium,England,Neutral,0.939,1.761,18.2,24.3,57.5,19.2,3.6,4.8,55.8,7.6,9.0,27.6,72.3,"[{""score"": ""0 - 1"", ""pct"": 12.629999999999999}, {""score"": ""1 - 1"", ""pct"": 11.16}, {""score"": ""1 - 2"", ""pct"": 10.190000000000001}]"
Belgium,Mexico,Neutral,1.168,1.532,27.7,27.0,45.3,27.8,5.3,6.3,45.3,7.0,8.2,39.4,60.6,"[{""score"": ""1 - 1"", ""pct"": 12.139999999999999}, {""score"": ""0 - 1"", ""pct"": 10.81}, {""score"": ""1 - 2"", ""pct"": 9.42}]"
Belgium,Austria,Neutral,1.594,1.106,48.3,26.0,25.7,48.2,7.1,8.2,25.6,4.8,6.0,63.6,36.4,"[{""score"": ""1 - 1"", ""pct"": 11.84}, {""score"": ""1 - 0"", ""pct"": 10.6}, {""score"": ""2 - 1"", ""pct"": 9.27}]"
Belgium,Panama,Neutral,1.493,1.207,43.7,27.0,29.3,44.6,6.6,8.0,29.2,5.2,6.5,59.2,40.8,"[{""score"": ""1 - 1"", ""pct"": 11.75}, {""score"": ""1 - 0"", ""pct"": 10.15}, {""score"": ""2 - 1"", ""pct"": 9.56}]"
Belgium,Bosnia and Herzegovina,Neutral,2.134,0.566,74.8,17.6,7.6,74.4,6.9,7.4,7.8,1.5,2.0,88.7,11.3,"[{""score"": ""2 - 0"", ""pct"": 15.620000000000001}, {""score"": ""1 - 0"", ""pct"": 15.52}, {""score"": ""3 - 0"", ""pct"": 10.37}]"
Belgium,Czech Republic,Neutral,1.818,0.882,58.8,23.7,17.5,60.3,7.1,8.5,17.1,3.1,3.9,75.9,24.1,"[{""score"": ""1 - 0"", ""pct"": 13.41}, {""score"": ""1 - 1"", ""pct"": 10.51}, {""score"": ""2 - 0"", ""pct"": 10.24}]"
Belgium,Switzerland,Neutral,1.374,1.326,36.8,27.2,36.0,37.2,6.2,7.7,35.5,5.9,7.5,51.1,48.9,"[{""score"": ""1 - 1"", ""pct"": 12.11}, {""score"": ""0 - 1"", ""pct"": 8.799999999999999}, {""score"": ""1 - 0"", ""pct"": 8.780000000000001}]"
Belgium,Argentina,Neutral,0.696,2.004,10.3,20.5,69.2,10.9,2.1,3.3,67.9,7.7,8.1,16.3,83.7,"[{""score"": ""0 - 1"", ""pct"": 14.32}, {""score"": ""0 - 2"", ""pct"": 13.51}, {""score"": ""1 - 2"", ""pct"": 9.62}]"
Belgium,Uzbekistan,Neutral,1.526,1.174,45.1,26.0,29.0,45.3,7.3,8.0,28.1,5.1,6.2,60.5,39.5,"[{""score"": ""1 - 1"", ""pct"": 11.67}, {""score"": ""1 - 0"", ""pct"": 10.43}, {""score"": ""2 - 1"", ""pct"": 9.42}]"
Belgium,Australia,Neutral,1.289,1.411,33.3,27.4,39.4,33.8,6.0,7.2,39.1,6.4,7.6,47.0,53.0,"[{""score"": ""1 - 1"", ""pct"": 13.18}, {""score"": ""0 - 1"", ""pct"": 9.8}, {""score"": ""1 - 2"", ""pct"": 8.97}]"
Belgium,Paraguay,Neutral,1.386,1.314,38.4,27.1,34.5,38.1,6.2,7.5,34.2,6.1,7.7,51.9,48.1,"[{""score"": ""1 - 1"", ""pct"": 12.33}, {""score"": ""1 - 0"", ""pct"": 9.43}, {""score"": ""0 - 1"", ""pct"": 8.95}]"
Belgium,Egypt,Neutral,1.702,0.998,54.1,24.5,21.4,53.6,7.3,8.4,21.2,4.1,5.5,69.2,30.8,"[{""score"": ""1 - 0"", ""pct"": 11.959999999999999}, {""score"": ""1 - 1"", ""pct"": 10.79}, {""score"": ""2 - 0"", ""pct"": 10.26}]"
Belgium,Ecuador,Neutral,1.073,1.627,24.5,26.3,49.2,23.8,4.7,5.4,50.3,7.0,8.6,34.0,66.0,"[{""score"": ""1 - 1"", ""pct"": 11.76}, {""score"": ""0 - 1"", ""pct"": 10.879999999999999}, {""score"": ""1 - 2"", ""pct"": 9.24}]"
Belgium,Cape Verde,Neutral,2.037,0.663,70.7,19.7,9.6,70.6,7.5,7.8,9.5,1.9,2.7,86.0,14.1,"[{""score"": ""1 - 0"", ""pct"": 14.549999999999999}, {""score"": ""2 - 0"", ""pct"": 14.14}, {""score"": ""2 - 1"", ""pct"": 9.39}]"
Belgium,Germany,Neutral,1.215,1.485,29.8,27.3,42.9,30.2,5.5,6.5,42.8,6.5,8.4,42.3,57.7,"[{""score"": ""1 - 1"", ""pct"": 12.61}, {""score"": ""0 - 1"", ""pct"": 9.81}, {""score"": ""1 - 2"", ""pct"": 9.0}]"
Belgium,DR Congo,Neutral,1.776,0.924,57.4,24.7,17.9,57.6,7.5,9.0,18.1,3.5,4.4,74.1,25.9,"[{""score"": ""1 - 0"", ""pct"": 12.49}, {""score"": ""1 - 1"", ""pct"": 11.16}, {""score"": ""2 - 1"", ""pct"": 10.31}]"
Belgium,Croatia,Neutral,1.28,1.42,33.7,26.8,39.5,32.9,5.8,7.1,39.6,6.7,7.9,45.8,54.2,"[{""score"": ""1 - 1"", ""pct"": 11.93}, {""score"": ""0 - 1"", ""pct"": 9.98}, {""score"": ""1 - 0"", ""pct"": 9.049999999999999}]"
Belgium,Turkey,Neutral,1.335,1.365,36.0,27.4,36.6,35.5,6.2,6.9,37.4,6.4,7.5,48.6,51.4,"[{""score"": ""1 - 1"", ""pct"": 12.41}, {""score"": ""0 - 1"", ""pct"": 9.28}, {""score"": ""1 - 0"", ""pct"": 9.11}]"
Belgium,Uruguay,Neutral,1.21,1.49,29.7,26.6,43.7,29.9,5.2,6.6,43.4,7.0,7.8,41.7,58.3,"[{""score"": ""1 - 1"", ""pct"": 12.479999999999999}, {""score"": ""0 - 1"", ""pct"": 10.22}, {""score"": ""1 - 2"", ""pct"": 9.48}]"
Belgium,New Zealand,Neutral,1.879,0.821,63.5,22.4,14.1,62.3,7.3,8.7,15.4,2.6,3.8,78.2,21.8,"[{""score"": ""1 - 0"", ""pct"": 13.930000000000001}, {""score"": ""2 - 0"", ""pct"": 12.02}, {""score"": ""1 - 1"", ""pct"": 10.03}]"
Belgium,United States,Neutral,1.609,1.091,49.8,26.2,24.0,49.4,7.3,8.6,24.1,4.8,5.8,65.4,34.6,"[{""score"": ""1 - 1"", ""pct"": 11.62}, {""score"": ""1 - 0"", ""pct"": 11.360000000000001}, {""score"": ""2 - 1"", ""pct"": 9.719999999999999}]"
Belgium,Senegal,Neutral,1.364,1.336,37.4,27.1,35.5,36.9,6.0,7.3,36.4,6.2,7.2,50.2,49.8,"[{""score"": ""1 - 1"", ""pct"": 11.87}, {""score"": ""1 - 0"", ""pct"": 9.31}, {""score"": ""0 - 1"", ""pct"": 8.780000000000001}]"
Belgium,Brazil,Neutral,0.977,1.723,19.9,25.6,54.5,20.1,3.5,5.1,55.2,7.7,8.4,28.7,71.3,"[{""score"": ""0 - 1"", ""pct"": 11.83}, {""score"": ""1 - 1"", ""pct"": 11.600000000000001}, {""score"": ""0 - 2"", ""pct"": 9.74}]"
Belgium,Ivory Coast,Neutral,1.665,1.035,52.0,25.6,22.4,51.4,7.7,8.5,22.9,4.0,5.6,67.5,32.5,"[{""score"": ""1 - 0"", ""pct"": 11.37}, {""score"": ""1 - 1"", ""pct"": 11.200000000000001}, {""score"": ""2 - 0"", ""pct"": 9.3}]"
Belgium,France,Neutral,0.862,1.838,16.4,23.6,60.1,16.2,3.3,4.0,60.1,7.7,8.7,23.5,76.5,"[{""score"": ""0 - 1"", ""pct"": 12.67}, {""score"": ""0 - 2"", ""pct"": 11.41}, {""score"": ""1 - 1"", ""pct"": 10.51}]"
Australia,Netherlands,Neutral,1.25,1.45,32.4,26.6,41.0,31.6,5.7,7.2,41.9,6.1,7.6,44.5,55.6,"[{""score"": ""1 - 1"", ""pct"": 12.11}, {""score"": ""0 - 1"", ""pct"": 10.02}, {""score"": ""1 - 0"", ""pct"": 9.16}]"
Australia,South Africa,Neutral,2.048,0.652,71.5,19.5,9.0,69.6,7.6,8.3,9.9,2.2,2.3,85.6,14.4,"[{""score"": ""2 - 0"", ""pct"": 14.59}, {""score"": ""1 - 0"", ""pct"": 14.31}, {""score"": ""3 - 0"", ""pct"": 9.48}]"
Australia,Japan,Neutral,1.126,1.574,25.6,27.4,47.0,26.9,4.6,6.4,46.8,7.1,8.2,37.9,62.1,"[{""score"": ""1 - 1"", ""pct"": 12.139999999999999}, {""score"": ""0 - 1"", ""pct"": 10.76}, {""score"": ""1 - 2"", ""pct"": 9.78}]"
Australia,Scotland,Neutral,1.716,0.984,55.4,24.0,20.7,55.2,7.6,9.4,19.6,3.6,4.6,72.1,27.9,"[{""score"": ""1 - 0"", ""pct"": 11.48}, {""score"": ""1 - 1"", ""pct"": 11.03}, {""score"": ""2 - 0"", ""pct"": 10.14}]"
Australia,Algeria,Neutral,1.466,1.234,42.0,26.9,31.1,41.8,6.8,8.0,31.4,5.4,6.5,56.6,43.4,"[{""score"": ""1 - 1"", ""pct"": 12.49}, {""score"": ""1 - 0"", ""pct"": 10.12}, {""score"": ""2 - 1"", ""pct"": 8.63}]"
Australia,Canada,Neutral,1.456,1.244,42.9,26.2,30.8,42.2,6.8,8.0,31.0,5.1,6.9,57.0,43.0,"[{""score"": ""1 - 1"", ""pct"": 11.469999999999999}, {""score"": ""1 - 0"", ""pct"": 9.86}, {""score"": ""2 - 1"", ""pct"": 8.98}]"
Australia,Haiti,Neutral,1.893,0.807,63.1,22.2,14.7,62.5,7.4,8.6,15.1,2.6,3.7,78.5,21.5,"[{""score"": ""1 - 0"", ""pct"": 13.83}, {""score"": ""2 - 0"", ""pct"": 11.64}, {""score"": ""1 - 1"", ""pct"": 10.05}]"
Australia,Spain,Neutral,0.703,1.997,10.9,21.1,68.0,11.2,2.3,2.8,68.1,7.2,8.4,16.3,83.7,"[{""score"": ""0 - 1"", ""pct"": 13.700000000000001}, {""score"": ""0 - 2"", ""pct"": 12.94}, {""score"": ""1 - 2"", ""pct"": 9.66}]"
Australia,Saudi Arabia,Neutral,1.946,0.754,66.0,20.9,13.1,65.7,7.7,8.0,13.1,2.2,3.3,81.4,18.6,"[{""score"": ""1 - 0"", ""pct"": 13.930000000000001}, {""score"": ""2 - 0"", ""pct"": 12.09}, {""score"": ""2 - 1"", ""pct"": 9.569999999999999}]"
Australia,Colombia,Neutral,1.042,1.658,21.9,26.5,51.5,23.1,4.1,5.5,51.8,6.9,8.6,32.7,67.3,"[{""score"": ""1 - 1"", ""pct"": 12.22}, {""score"": ""0 - 1"", ""pct"": 11.53}, {""score"": ""1 - 2"", ""pct"": 9.74}]"
Australia,Portugal,Neutral,1.119,1.581,25.4,27.0,47.6,26.1,4.9,6.0,47.8,7.0,8.2,37.1,62.9,"[{""score"": ""1 - 1"", ""pct"": 12.22}, {""score"": ""0 - 1"", ""pct"": 11.25}, {""score"": ""1 - 2"", ""pct"": 9.25}]"
Australia,Sweden,Neutral,1.951,0.749,66.3,21.5,12.3,66.7,7.5,8.5,11.9,2.2,3.1,82.8,17.2,"[{""score"": ""1 - 0"", ""pct"": 14.030000000000001}, {""score"": ""2 - 0"", ""pct"": 13.28}, {""score"": ""2 - 1"", ""pct"": 9.54}]"
Australia,Jordan,Neutral,1.695,1.005,54.1,24.9,21.0,53.7,7.2,8.9,21.7,3.6,4.9,69.8,30.2,"[{""score"": ""1 - 1"", ""pct"": 11.75}, {""score"": ""1 - 0"", ""pct"": 11.57}, {""score"": ""2 - 0"", ""pct"": 9.85}]"
Australia,Morocco,Neutral,1.171,1.529,28.5,26.4,45.1,28.1,5.2,6.6,44.8,7.1,8.3,39.8,60.2,"[{""score"": ""1 - 1"", ""pct"": 12.389999999999999}, {""score"": ""0 - 1"", ""pct"": 10.8}, {""score"": ""1 - 2"", ""pct"": 9.35}]"
Australia,Iraq,Neutral,1.855,0.845,61.2,23.2,15.6,61.6,7.5,8.7,15.7,3.0,3.6,77.7,22.3,"[{""score"": ""1 - 0"", ""pct"": 12.379999999999999}, {""score"": ""2 - 0"", ""pct"": 11.21}, {""score"": ""1 - 1"", ""pct"": 10.82}]"
Australia,Tunisia,Neutral,1.854,0.846,61.7,23.4,14.9,60.9,8.0,8.6,15.6,3.0,3.9,77.5,22.5,"[{""score"": ""1 - 0"", ""pct"": 13.200000000000001}, {""score"": ""2 - 0"", ""pct"": 11.23}, {""score"": ""1 - 1"", ""pct"": 10.93}]"
Australia,Qatar,Neutral,2.188,0.512,76.6,16.9,6.6,77.0,6.6,7.5,6.3,1.1,1.5,91.1,8.9,"[{""score"": ""2 - 0"", ""pct"": 16.0}, {""score"": ""1 - 0"", ""pct"": 15.35}, {""score"": ""3 - 0"", ""pct"": 11.28}]"
Australia,Curaçao,Neutral,2.111,0.589,73.1,18.6,8.2,73.8,7.0,7.3,8.1,1.5,2.3,88.1,11.9,"[{""score"": ""2 - 0"", ""pct"": 15.52}, {""score"": ""1 - 0"", ""pct"": 14.81}, {""score"": ""3 - 0"", ""pct"": 10.08}]"
Australia,Iran,Neutral,1.393,1.307,39.0,27.1,33.9,38.5,6.6,7.6,34.6,5.8,7.0,52.6,47.4,"[{""score"": ""1 - 1"", ""pct"": 12.1}, {""score"": ""1 - 0"", ""pct"": 10.2}, {""score"": ""2 - 1"", ""pct"": 8.780000000000001}]"
Australia,South Korea,Neutral,1.438,1.262,41.1,26.7,32.2,41.2,6.3,8.0,31.8,5.4,7.2,55.5,44.5,"[{""score"": ""1 - 1"", ""pct"": 12.370000000000001}, {""score"": ""1 - 0"", ""pct"": 10.07}, {""score"": ""0 - 1"", ""pct"": 8.780000000000001}]"
Australia,Ghana,Neutral,2.099,0.601,73.1,18.5,8.4,72.6,7.0,7.9,8.3,1.7,2.5,87.5,12.5,"[{""score"": ""1 - 0"", ""pct"": 15.370000000000001}, {""score"": ""2 - 0"", ""pct"": 14.66}, {""score"": ""3 - 0"", ""pct"": 9.71}]"
Australia,Norway,Neutral,1.374,1.326,37.6,26.4,35.9,37.4,5.9,7.4,35.7,5.9,7.6,50.8,49.2,"[{""score"": ""1 - 1"", ""pct"": 11.95}, {""score"": ""0 - 1"", ""pct"": 9.629999999999999}, {""score"": ""1 - 0"", ""pct"": 9.370000000000001}]"
Australia,England,Neutral,0.993,1.707,21.1,24.5,54.4,21.1,3.9,4.8,54.6,7.1,8.5,29.8,70.2,"[{""score"": ""0 - 1"", ""pct"": 12.11}, {""score"": ""1 - 1"", ""pct"": 11.03}, {""score"": ""1 - 2"", ""pct"": 10.02}]"
Australia,Mexico,Neutral,1.228,1.472,30.4,26.7,42.9,31.4,5.4,6.3,42.5,6.6,7.9,43.1,56.9,"[{""score"": ""1 - 1"", ""pct"": 12.1}, {""score"": ""0 - 1"", ""pct"": 10.32}, {""score"": ""1 - 2"", ""pct"": 8.72}]"
Australia,Austria,Neutral,1.652,1.048,51.6,25.5,23.0,50.3,7.4,8.5,24.0,4.3,5.5,66.3,33.7,"[{""score"": ""1 - 1"", ""pct"": 11.959999999999999}, {""score"": ""1 - 0"", ""pct"": 11.709999999999999}, {""score"": ""2 - 1"", ""pct"": 9.74}]"
Australia,Panama,Neutral,1.553,1.147,46.6,26.8,26.7,46.6,7.9,8.1,26.9,4.8,5.9,62.5,37.5,"[{""score"": ""1 - 1"", ""pct"": 12.31}, {""score"": ""1 - 0"", ""pct"": 10.57}, {""score"": ""2 - 1"", ""pct"": 9.54}]"
Australia,Bosnia and Herzegovina,Neutral,2.163,0.537,75.8,17.3,6.9,75.4,7.0,6.7,7.5,1.4,1.9,89.2,10.8,"[{""score"": ""2 - 0"", ""pct"": 15.620000000000001}, {""score"": ""1 - 0"", ""pct"": 15.590000000000002}, {""score"": ""3 - 0"", ""pct"": 10.8}]"
Australia,Czech Republic,Neutral,1.867,0.833,62.4,22.7,14.9,62.1,7.5,8.4,15.0,3.1,3.9,78.1,21.9,"[{""score"": ""1 - 0"", ""pct"": 13.089999999999998}, {""score"": ""2 - 0"", ""pct"": 11.65}, {""score"": ""1 - 1"", ""pct"": 10.43}]"
Australia,Switzerland,Neutral,1.435,1.265,41.1,27.2,31.7,40.8,6.6,7.5,32.4,5.8,6.9,54.9,45.1,"[{""score"": ""1 - 1"", ""pct"": 12.64}, {""score"": ""1 - 0"", ""pct"": 9.74}, {""score"": ""2 - 1"", ""pct"": 9.06}]"
Australia,Argentina,Neutral,0.737,1.963,11.4,20.8,67.8,11.8,2.7,3.3,67.6,6.8,7.8,17.8,82.2,"[{""score"": ""0 - 1"", ""pct"": 13.56}, {""score"": ""0 - 2"", ""pct"": 13.36}, {""score"": ""1 - 2"", ""pct"": 9.62}]"
Australia,Uzbekistan,Neutral,1.585,1.115,47.9,26.6,25.5,48.9,6.9,7.8,25.2,5.1,6.0,63.7,36.3,"[{""score"": ""1 - 1"", ""pct"": 11.86}, {""score"": ""1 - 0"", ""pct"": 10.89}, {""score"": ""2 - 1"", ""pct"": 9.35}]"
Australia,Belgium,Neutral,1.411,1.289,39.9,26.4,33.7,39.3,5.9,7.9,33.4,5.9,7.6,53.0,47.0,"[{""score"": ""1 - 1"", ""pct"": 11.790000000000001}, {""score"": ""1 - 0"", ""pct"": 9.71}, {""score"": ""0 - 1"", ""pct"": 9.31}]"
Australia,Paraguay,Neutral,1.448,1.252,40.9,27.8,31.3,41.0,6.7,8.0,31.8,5.7,6.7,55.8,44.2,"[{""score"": ""1 - 1"", ""pct"": 12.790000000000001}, {""score"": ""1 - 0"", ""pct"": 9.59}, {""score"": ""2 - 1"", ""pct"": 9.08}]"
Australia,Egypt,Neutral,1.756,0.944,56.7,24.1,19.3,57.0,7.5,8.5,18.9,3.4,4.7,73.0,27.0,"[{""score"": ""1 - 0"", ""pct"": 12.67}, {""score"": ""1 - 1"", ""pct"": 10.9}, {""score"": ""2 - 1"", ""pct"": 9.87}]"
Australia,Ecuador,Neutral,1.131,1.569,27.3,25.9,46.8,26.7,5.0,6.1,47.5,6.6,8.2,37.8,62.2,"[{""score"": ""1 - 1"", ""pct"": 11.62}, {""score"": ""0 - 1"", ""pct"": 10.15}, {""score"": ""1 - 2"", ""pct"": 9.8}]"
Australia,Cape Verde,Neutral,2.073,0.627,72.1,18.8,9.1,71.3,7.1,8.1,9.0,2.0,2.5,86.5,13.5,"[{""score"": ""1 - 0"", ""pct"": 15.160000000000002}, {""score"": ""2 - 0"", ""pct"": 14.05}, {""score"": ""2 - 1"", ""pct"": 9.74}]"
Australia,Germany,Neutral,1.276,1.424,33.4,27.1,39.5,32.9,5.4,7.2,39.6,7.1,7.9,45.5,54.5,"[{""score"": ""1 - 1"", ""pct"": 12.540000000000001}, {""score"": ""0 - 1"", ""pct"": 9.379999999999999}, {""score"": ""1 - 2"", ""pct"": 9.11}]"
Australia,DR Congo,Neutral,1.827,0.873,59.4,23.6,17.0,59.9,7.7,8.6,16.4,3.4,4.0,76.2,23.8,"[{""score"": ""1 - 0"", ""pct"": 12.8}, {""score"": ""1 - 1"", ""pct"": 11.020000000000001}, {""score"": ""2 - 0"", ""pct"": 10.9}]"
Australia,Croatia,Neutral,1.342,1.358,36.2,27.5,36.3,35.2,5.7,8.0,36.8,6.5,7.8,48.9,51.1,"[{""score"": ""1 - 1"", ""pct"": 12.26}, {""score"": ""1 - 0"", ""pct"": 9.180000000000001}, {""score"": ""0 - 1"", ""pct"": 9.04}]"
Australia,Turkey,Neutral,1.396,1.304,38.4,27.6,34.0,38.7,6.1,7.6,34.0,5.7,8.0,52.3,47.7,"[{""score"": ""1 - 1"", ""pct"": 12.08}, {""score"": ""0 - 1"", ""pct"": 8.97}, {""score"": ""2 - 1"", ""pct"": 8.93}]"
Australia,Uruguay,Neutral,1.271,1.429,33.4,25.9,40.8,33.1,5.9,7.5,39.5,6.3,7.7,46.5,53.5,"[{""score"": ""1 - 1"", ""pct"": 11.43}, {""score"": ""0 - 1"", ""pct"": 9.969999999999999}, {""score"": ""1 - 2"", ""pct"": 8.98}]"
Australia,New Zealand,Neutral,1.925,0.775,64.3,22.6,13.2,64.3,7.5,8.2,13.9,2.9,3.2,80.0,20.0,"[{""score"": ""1 - 0"", ""pct"": 12.889999999999999}, {""score"": ""2 - 0"", ""pct"": 12.32}, {""score"": ""1 - 1"", ""pct"": 10.440000000000001}]"
Australia,United States,Neutral,1.666,1.034,52.1,25.2,22.7,52.0,7.6,8.4,22.6,4.2,5.3,67.9,32.1,"[{""score"": ""1 - 0"", ""pct"": 11.690000000000001}, {""score"": ""1 - 1"", ""pct"": 11.61}, {""score"": ""2 - 1"", ""pct"": 9.86}]"
Australia,Senegal,Neutral,1.425,1.275,40.2,26.9,32.8,39.9,6.4,7.9,33.2,5.7,7.0,54.2,45.8,"[{""score"": ""1 - 1"", ""pct"": 11.88}, {""score"": ""1 - 0"", ""pct"": 10.09}, {""score"": ""2 - 1"", ""pct"": 8.99}]"
Australia,Brazil,Neutral,1.032,1.668,21.4,26.1,52.6,22.3,3.9,5.4,52.8,7.0,8.6,31.5,68.5,"[{""score"": ""1 - 1"", ""pct"": 11.91}, {""score"": ""0 - 1"", ""pct"": 11.66}, {""score"": ""1 - 2"", ""pct"": 10.02}]"
Australia,Ivory Coast,Neutral,1.72,0.98,54.7,25.1,20.3,55.5,7.7,8.6,19.2,3.9,5.2,71.8,28.2,"[{""score"": ""1 - 0"", ""pct"": 11.709999999999999}, {""score"": ""1 - 1"", ""pct"": 11.32}, {""score"": ""2 - 0"", ""pct"": 10.7}]"
Australia,France,Neutral,0.913,1.787,17.5,24.0,58.5,17.4,3.7,4.3,58.2,7.5,8.8,25.4,74.6,"[{""score"": ""0 - 1"", ""pct"": 12.45}, {""score"": ""1 - 1"", ""pct"": 10.549999999999999}, {""score"": ""0 - 2"", ""pct"": 10.489999999999998}]"
Paraguay,Netherlands,Neutral,1.154,1.546,27.7,26.1,46.2,27.7,4.8,6.2,46.1,7.1,8.1,38.6,61.4,"[{""score"": ""1 - 1"", ""pct"": 12.370000000000001}, {""score"": ""0 - 1"", ""pct"": 10.99}, {""score"": ""1 - 2"", ""pct"": 9.69}]"
Paraguay,South Africa,Neutral,1.986,0.714,67.8,20.5,11.6,68.2,7.4,7.8,11.6,2.2,2.9,83.3,16.7,"[{""score"": ""1 - 0"", ""pct"": 14.12}, {""score"": ""2 - 0"", ""pct"": 13.3}, {""score"": ""2 - 1"", ""pct"": 9.370000000000001}]"
Paraguay,Japan,Neutral,1.034,1.666,22.6,25.6,51.8,22.5,3.9,5.5,52.2,7.5,8.4,31.9,68.1,"[{""score"": ""1 - 1"", ""pct"": 11.77}, {""score"": ""0 - 1"", ""pct"": 11.67}, {""score"": ""1 - 2"", ""pct"": 9.9}]"
Paraguay,Scotland,Neutral,1.626,1.074,49.6,26.3,24.1,50.6,7.1,8.1,24.2,4.3,5.8,65.8,34.2,"[{""score"": ""1 - 1"", ""pct"": 11.92}, {""score"": ""1 - 0"", ""pct"": 11.53}, {""score"": ""2 - 1"", ""pct"": 9.29}]"
Paraguay,Algeria,Neutral,1.368,1.332,36.3,27.9,35.8,37.6,5.7,8.2,35.5,6.0,7.1,51.5,48.5,"[{""score"": ""1 - 1"", ""pct"": 12.33}, {""score"": ""1 - 0"", ""pct"": 9.07}, {""score"": ""0 - 1"", ""pct"": 9.04}]"
Paraguay,Canada,Neutral,1.359,1.341,36.4,27.5,36.1,36.6,6.2,7.8,36.3,5.6,7.5,50.6,49.4,"[{""score"": ""1 - 1"", ""pct"": 12.22}, {""score"": ""0 - 1"", ""pct"": 9.02}, {""score"": ""1 - 0"", ""pct"": 8.9}]"
Paraguay,Haiti,Neutral,1.816,0.884,60.4,23.3,16.4,59.4,7.6,8.7,17.0,3.2,4.0,75.8,24.2,"[{""score"": ""1 - 0"", ""pct"": 13.320000000000002}, {""score"": ""2 - 0"", ""pct"": 10.9}, {""score"": ""1 - 1"", ""pct"": 10.57}]"
Paraguay,Spain,Neutral,0.643,2.057,9.4,19.4,71.1,9.3,2.0,2.4,71.7,7.0,7.6,13.7,86.3,"[{""score"": ""0 - 1"", ""pct"": 14.330000000000002}, {""score"": ""0 - 2"", ""pct"": 14.17}, {""score"": ""0 - 3"", ""pct"": 9.45}]"
Paraguay,Saudi Arabia,Neutral,1.874,0.826,63.4,22.0,14.6,61.9,7.9,8.9,14.7,2.8,3.8,78.7,21.3,"[{""score"": ""1 - 0"", ""pct"": 13.489999999999998}, {""score"": ""2 - 0"", ""pct"": 11.799999999999999}, {""score"": ""1 - 1"", ""pct"": 9.89}]"
Paraguay,Colombia,Neutral,0.954,1.746,20.1,24.7,55.2,19.5,3.8,4.5,55.9,7.4,8.9,27.8,72.2,"[{""score"": ""0 - 1"", ""pct"": 11.74}, {""score"": ""1 - 1"", ""pct"": 11.25}, {""score"": ""0 - 2"", ""pct"": 10.12}]"
Paraguay,Portugal,Neutral,1.027,1.673,21.9,25.5,52.6,21.8,4.0,5.7,52.4,7.4,8.7,31.5,68.5,"[{""score"": ""0 - 1"", ""pct"": 11.75}, {""score"": ""1 - 1"", ""pct"": 10.979999999999999}, {""score"": ""1 - 2"", ""pct"": 9.719999999999999}]"
Paraguay,Sweden,Neutral,1.879,0.821,62.2,23.4,14.4,62.7,7.8,8.6,14.4,3.0,3.6,79.0,21.0,"[{""score"": ""1 - 0"", ""pct"": 13.059999999999999}, {""score"": ""2 - 0"", ""pct"": 11.72}, {""score"": ""1 - 1"", ""pct"": 10.74}]"
Paraguay,Jordan,Neutral,1.604,1.096,49.0,26.6,24.4,48.9,6.8,8.8,25.1,4.5,5.9,64.5,35.5,"[{""score"": ""1 - 1"", ""pct"": 12.04}, {""score"": ""1 - 0"", ""pct"": 11.27}, {""score"": ""2 - 1"", ""pct"": 9.45}]"
Paraguay,Morocco,Neutral,1.078,1.622,24.2,26.1,49.7,24.4,4.3,5.8,49.3,7.5,8.7,34.5,65.5,"[{""score"": ""1 - 1"", ""pct"": 12.11}, {""score"": ""0 - 1"", ""pct"": 11.86}, {""score"": ""1 - 2"", ""pct"": 9.959999999999999}]"
Paraguay,Iraq,Neutral,1.775,0.925,57.6,24.4,17.9,57.9,7.4,8.1,18.5,3.6,4.4,73.4,26.6,"[{""score"": ""1 - 0"", ""pct"": 12.629999999999999}, {""score"": ""1 - 1"", ""pct"": 11.33}, {""score"": ""2 - 0"", ""pct"": 10.51}]"
Paraguay,Tunisia,Neutral,1.774,0.926,56.7,23.8,19.4,57.8,7.5,8.5,18.2,3.4,4.5,73.9,26.1,"[{""score"": ""1 - 0"", ""pct"": 12.47}, {""score"": ""1 - 1"", ""pct"": 10.67}, {""score"": ""2 - 0"", ""pct"": 10.05}]"
Paraguay,Qatar,Neutral,2.144,0.556,74.3,18.6,7.2,75.2,6.8,7.4,7.2,1.3,2.0,89.5,10.5,"[{""score"": ""2 - 0"", ""pct"": 15.120000000000001}, {""score"": ""1 - 0"", ""pct"": 14.96}, {""score"": ""3 - 0"", ""pct"": 10.33}]"
Paraguay,Curaçao,Neutral,2.057,0.643,71.4,19.4,9.2,71.0,7.1,7.8,9.6,1.8,2.7,85.9,14.1,"[{""score"": ""2 - 0"", ""pct"": 14.610000000000001}, {""score"": ""1 - 0"", ""pct"": 13.969999999999999}, {""score"": ""2 - 1"", ""pct"": 9.1}]"
Paraguay,Iran,Neutral,1.295,1.405,34.0,27.0,38.9,33.8,6.0,6.8,39.2,6.2,8.0,46.6,53.4,"[{""score"": ""1 - 1"", ""pct"": 12.049999999999999}, {""score"": ""0 - 1"", ""pct"": 9.62}, {""score"": ""1 - 0"", ""pct"": 8.81}]"
Paraguay,South Korea,Neutral,1.34,1.36,35.7,27.0,37.3,36.3,5.7,7.9,36.6,6.0,7.4,49.9,50.1,"[{""score"": ""1 - 1"", ""pct"": 12.32}, {""score"": ""0 - 1"", ""pct"": 9.520000000000001}, {""score"": ""1 - 0"", ""pct"": 8.95}]"
Paraguay,Ghana,Neutral,2.043,0.657,70.0,20.2,9.8,69.9,7.7,8.0,9.8,1.9,2.8,85.5,14.5,"[{""score"": ""1 - 0"", ""pct"": 14.610000000000001}, {""score"": ""2 - 0"", ""pct"": 13.8}, {""score"": ""2 - 1"", ""pct"": 9.379999999999999}]"
Paraguay,Norway,Neutral,1.277,1.423,33.9,26.8,39.3,32.6,6.0,7.4,39.6,6.2,8.1,46.1,53.9,"[{""score"": ""1 - 1"", ""pct"": 12.030000000000001}, {""score"": ""0 - 1"", ""pct"": 9.66}, {""score"": ""1 - 0"", ""pct"": 8.61}]"
Paraguay,England,Neutral,0.908,1.792,18.1,24.5,57.4,17.3,3.3,4.1,58.9,7.6,8.8,24.7,75.3,"[{""score"": ""0 - 1"", ""pct"": 11.73}, {""score"": ""1 - 1"", ""pct"": 11.03}, {""score"": ""1 - 2"", ""pct"": 10.09}]"
Paraguay,Mexico,Neutral,1.133,1.567,25.7,26.4,47.9,26.6,4.8,5.9,47.2,7.2,8.3,37.3,62.7,"[{""score"": ""1 - 1"", ""pct"": 11.74}, {""score"": ""0 - 1"", ""pct"": 11.19}, {""score"": ""1 - 2"", ""pct"": 9.030000000000001}]"
Paraguay,Austria,Neutral,1.559,1.141,47.1,26.0,26.9,46.7,7.1,8.4,27.0,5.0,5.8,62.2,37.8,"[{""score"": ""1 - 1"", ""pct"": 11.64}, {""score"": ""1 - 0"", ""pct"": 10.79}, {""score"": ""2 - 1"", ""pct"": 9.370000000000001}]"
Paraguay,Panama,Neutral,1.457,1.243,42.4,26.3,31.2,41.4,6.7,7.7,31.2,5.7,7.3,55.8,44.2,"[{""score"": ""1 - 1"", ""pct"": 11.93}, {""score"": ""1 - 0"", ""pct"": 10.059999999999999}, {""score"": ""2 - 1"", ""pct"": 9.51}]"
Paraguay,Bosnia and Herzegovina,Neutral,2.115,0.585,73.7,18.4,7.9,73.5,7.2,7.6,7.9,1.4,2.3,88.4,11.6,"[{""score"": ""2 - 0"", ""pct"": 15.24}, {""score"": ""1 - 0"", ""pct"": 14.899999999999999}, {""score"": ""3 - 0"", ""pct"": 10.190000000000001}]"
Paraguay,Czech Republic,Neutral,1.788,0.912,58.3,23.7,18.0,57.6,7.6,8.4,18.2,3.5,4.6,73.7,26.3,"[{""score"": ""1 - 0"", ""pct"": 12.75}, {""score"": ""1 - 1"", ""pct"": 10.85}, {""score"": ""2 - 1"", ""pct"": 10.5}]"
Paraguay,Switzerland,Neutral,1.337,1.363,36.5,26.5,37.0,35.6,5.9,7.5,37.1,6.2,7.7,49.0,51.0,"[{""score"": ""1 - 1"", ""pct"": 11.82}, {""score"": ""1 - 0"", ""pct"": 9.62}, {""score"": ""0 - 1"", ""pct"": 9.229999999999999}]"
Paraguay,Argentina,Neutral,0.673,2.027,10.8,19.9,69.3,10.7,2.0,2.4,69.3,7.5,8.1,15.1,84.9,"[{""score"": ""0 - 1"", ""pct"": 14.069999999999999}, {""score"": ""0 - 2"", ""pct"": 13.850000000000001}, {""score"": ""1 - 2"", ""pct"": 9.24}]"
Paraguay,Uzbekistan,Neutral,1.49,1.21,42.9,27.7,29.4,43.5,6.8,8.7,30.0,5.0,6.1,58.9,41.1,"[{""score"": ""1 - 1"", ""pct"": 12.47}, {""score"": ""1 - 0"", ""pct"": 9.74}, {""score"": ""2 - 1"", ""pct"": 9.39}]"
Paraguay,Belgium,Neutral,1.314,1.386,35.0,27.0,38.0,34.9,5.9,6.9,38.0,6.8,7.5,47.7,52.3,"[{""score"": ""1 - 1"", ""pct"": 12.45}, {""score"": ""0 - 1"", ""pct"": 9.58}, {""score"": ""1 - 0"", ""pct"": 9.180000000000001}]"
Paraguay,Australia,Neutral,1.252,1.448,32.6,27.0,40.4,32.7,5.8,6.6,40.5,6.8,7.6,45.1,54.9,"[{""score"": ""1 - 1"", ""pct"": 12.36}, {""score"": ""0 - 1"", ""pct"": 9.790000000000001}, {""score"": ""1 - 2"", ""pct"": 8.42}]"
Paraguay,Egypt,Neutral,1.669,1.031,52.0,25.0,23.0,52.4,7.2,8.4,22.6,4.2,5.3,68.0,32.0,"[{""score"": ""1 - 0"", ""pct"": 11.91}, {""score"": ""1 - 1"", ""pct"": 11.05}, {""score"": ""2 - 1"", ""pct"": 9.17}]"
Paraguay,Ecuador,Neutral,1.039,1.661,22.9,24.9,52.2,21.6,4.3,5.4,52.0,7.6,9.0,31.3,68.7,"[{""score"": ""0 - 1"", ""pct"": 11.44}, {""score"": ""1 - 1"", ""pct"": 11.14}, {""score"": ""1 - 2"", ""pct"": 9.78}]"
Paraguay,Cape Verde,Neutral,2.014,0.686,68.5,20.8,10.7,68.4,7.5,8.4,10.5,2.1,3.1,84.3,15.7,"[{""score"": ""1 - 0"", ""pct"": 14.21}, {""score"": ""2 - 0"", ""pct"": 13.58}, {""score"": ""1 - 1"", ""pct"": 9.44}]"
Paraguay,Germany,Neutral,1.179,1.521,28.4,26.9,44.7,27.5,5.2,6.2,45.4,7.0,8.7,38.9,61.1,"[{""score"": ""1 - 1"", ""pct"": 11.86}, {""score"": ""0 - 1"", ""pct"": 10.440000000000001}, {""score"": ""1 - 2"", ""pct"": 9.28}]"
Paraguay,DR Congo,Neutral,1.744,0.956,55.7,24.1,20.2,55.9,7.5,9.2,18.7,3.8,4.7,72.7,27.3,"[{""score"": ""1 - 0"", ""pct"": 12.31}, {""score"": ""1 - 1"", ""pct"": 11.08}, {""score"": ""2 - 0"", ""pct"": 10.040000000000001}]"
Paraguay,Croatia,Neutral,1.244,1.456,31.6,27.0,41.4,32.2,5.3,7.3,40.4,7.0,7.8,44.8,55.2,"[{""score"": ""1 - 1"", ""pct"": 12.09}, {""score"": ""0 - 1"", ""pct"": 9.69}, {""score"": ""1 - 2"", ""pct"": 9.19}]"
Paraguay,Turkey,Neutral,1.298,1.402,33.9,27.2,38.9,33.8,5.9,7.3,38.7,6.6,7.8,47.0,53.0,"[{""score"": ""1 - 1"", ""pct"": 12.33}, {""score"": ""0 - 1"", ""pct"": 9.54}, {""score"": ""1 - 2"", ""pct"": 8.91}]"
Paraguay,Uruguay,Neutral,1.175,1.525,28.0,26.6,45.5,28.4,4.7,6.5,45.2,6.9,8.2,39.7,60.3,"[{""score"": ""1 - 1"", ""pct"": 12.6}, {""score"": ""0 - 1"", ""pct"": 10.48}, {""score"": ""1 - 2"", ""pct"": 9.56}]"
Paraguay,New Zealand,Neutral,1.85,0.85,61.7,22.8,15.4,61.8,7.3,8.6,15.3,3.0,3.9,77.7,22.3,"[{""score"": ""1 - 0"", ""pct"": 13.04}, {""score"": ""2 - 0"", ""pct"": 11.48}, {""score"": ""1 - 1"", ""pct"": 10.22}]"
Paraguay,United States,Neutral,1.574,1.126,47.4,26.2,26.5,47.1,7.1,8.7,26.0,4.8,6.4,62.9,37.1,"[{""score"": ""1 - 1"", ""pct"": 11.78}, {""score"": ""1 - 0"", ""pct"": 10.65}, {""score"": ""2 - 1"", ""pct"": 9.610000000000001}]"
Paraguay,Senegal,Neutral,1.327,1.373,35.3,27.4,37.3,35.8,6.1,7.2,37.7,6.0,7.2,49.1,50.9,"[{""score"": ""1 - 1"", ""pct"": 12.790000000000001}, {""score"": ""0 - 1"", ""pct"": 9.36}, {""score"": ""1 - 0"", ""pct"": 8.98}]"
Paraguay,Brazil,Neutral,0.945,1.755,19.4,24.2,56.4,18.7,3.7,4.6,56.6,7.8,8.7,27.0,73.0,"[{""score"": ""0 - 1"", ""pct"": 12.35}, {""score"": ""1 - 1"", ""pct"": 11.1}, {""score"": ""1 - 2"", ""pct"": 9.93}]"
Paraguay,Ivory Coast,Neutral,1.631,1.069,49.6,26.0,24.4,50.0,6.9,8.3,24.7,4.4,5.8,65.2,34.8,"[{""score"": ""1 - 0"", ""pct"": 11.600000000000001}, {""score"": ""1 - 1"", ""pct"": 11.48}, {""score"": ""2 - 1"", ""pct"": 9.25}]"
Paraguay,France,Neutral,0.833,1.867,14.9,23.0,62.0,15.6,2.9,3.6,61.9,7.7,8.3,22.1,77.9,"[{""score"": ""0 - 1"", ""pct"": 12.4}, {""score"": ""0 - 2"", ""pct"": 11.68}, {""score"": ""1 - 1"", ""pct"": 10.67}]"
Egypt,Netherlands,Neutral,0.86,1.84,15.4,23.5,61.1,15.9,3.1,4.0,60.7,7.8,8.4,23.1,76.9,"[{""score"": ""0 - 1"", ""pct"": 13.04}, {""score"": ""0 - 2"", ""pct"": 11.12}, {""score"": ""1 - 1"", ""pct"": 10.76}]"
Egypt,South Africa,Neutral,1.731,0.969,55.8,24.5,19.8,56.0,7.2,8.5,19.9,3.5,4.9,71.7,28.3,"[{""score"": ""1 - 0"", ""pct"": 12.65}, {""score"": ""1 - 1"", ""pct"": 10.58}, {""score"": ""2 - 0"", ""pct"": 10.12}]"
Egypt,Japan,Neutral,0.764,1.936,13.1,22.2,64.8,12.5,2.3,3.4,65.3,8.0,8.6,18.2,81.8,"[{""score"": ""0 - 1"", ""pct"": 13.36}, {""score"": ""0 - 2"", ""pct"": 12.13}, {""score"": ""1 - 1"", ""pct"": 9.790000000000001}]"
Egypt,Scotland,Neutral,1.304,1.396,34.3,26.7,38.9,34.4,5.9,7.1,38.5,6.0,8.2,47.4,52.6,"[{""score"": ""1 - 1"", ""pct"": 12.11}, {""score"": ""0 - 1"", ""pct"": 9.47}, {""score"": ""1 - 0"", ""pct"": 9.08}]"
Egypt,Algeria,Neutral,1.048,1.652,22.6,26.1,51.3,23.2,4.1,5.3,51.5,7.3,8.5,32.7,67.3,"[{""score"": ""1 - 1"", ""pct"": 11.37}, {""score"": ""0 - 1"", ""pct"": 11.35}, {""score"": ""1 - 2"", ""pct"": 9.99}]"
Egypt,Canada,Neutral,1.039,1.661,24.1,25.3,50.6,22.8,4.2,5.4,51.8,7.1,8.7,32.4,67.5,"[{""score"": ""1 - 1"", ""pct"": 11.67}, {""score"": ""0 - 1"", ""pct"": 11.33}, {""score"": ""1 - 2"", ""pct"": 9.26}]"
Egypt,Haiti,Neutral,1.518,1.182,45.2,26.5,28.3,45.1,7.0,8.5,28.2,5.1,6.0,60.6,39.4,"[{""score"": ""1 - 1"", ""pct"": 12.02}, {""score"": ""1 - 0"", ""pct"": 10.58}, {""score"": ""2 - 1"", ""pct"": 8.68}]"
Egypt,Spain,Neutral,0.485,2.215,6.1,16.7,77.3,6.0,1.2,1.8,77.3,6.3,7.3,9.1,90.9,"[{""score"": ""0 - 2"", ""pct"": 16.64}, {""score"": ""0 - 1"", ""pct"": 15.310000000000002}, {""score"": ""0 - 3"", ""pct"": 11.78}]"
Egypt,Saudi Arabia,Neutral,1.588,1.112,47.7,26.5,25.8,48.9,7.3,8.8,24.2,4.8,5.9,65.1,34.9,"[{""score"": ""1 - 1"", ""pct"": 11.940000000000001}, {""score"": ""1 - 0"", ""pct"": 10.61}, {""score"": ""2 - 1"", ""pct"": 9.78}]"
Egypt,Colombia,Neutral,0.703,1.997,10.9,20.5,68.7,10.7,2.2,3.2,68.4,7.3,8.1,16.1,83.9,"[{""score"": ""0 - 1"", ""pct"": 14.01}, {""score"": ""0 - 2"", ""pct"": 13.52}, {""score"": ""1 - 2"", ""pct"": 9.31}]"
Egypt,Portugal,Neutral,0.759,1.941,12.8,21.9,65.3,12.8,2.3,3.6,64.9,7.9,8.5,18.7,81.3,"[{""score"": ""0 - 1"", ""pct"": 14.05}, {""score"": ""0 - 2"", ""pct"": 12.19}, {""score"": ""1 - 2"", ""pct"": 10.09}]"
Egypt,Sweden,Neutral,1.594,1.106,49.0,25.7,25.3,48.7,7.1,8.4,25.3,4.6,5.9,64.2,35.8,"[{""score"": ""1 - 1"", ""pct"": 11.64}, {""score"": ""1 - 0"", ""pct"": 10.59}, {""score"": ""2 - 1"", ""pct"": 9.51}]"
Egypt,Jordan,Neutral,1.281,1.419,33.2,27.5,39.3,33.1,5.9,7.2,39.1,6.9,7.8,46.2,53.8,"[{""score"": ""1 - 1"", ""pct"": 12.770000000000001}, {""score"": ""0 - 1"", ""pct"": 9.22}, {""score"": ""1 - 2"", ""pct"": 8.82}]"
Egypt,Morocco,Neutral,0.798,1.902,14.5,21.1,64.5,13.9,2.9,3.5,64.2,7.4,8.2,20.2,79.8,"[{""score"": ""0 - 1"", ""pct"": 13.44}, {""score"": ""0 - 2"", ""pct"": 11.57}, {""score"": ""1 - 2"", ""pct"": 9.85}]"
Egypt,Iraq,Neutral,1.469,1.231,41.9,26.9,31.2,42.5,6.7,8.1,30.9,5.2,6.7,57.3,42.7,"[{""score"": ""1 - 1"", ""pct"": 12.479999999999999}, {""score"": ""1 - 0"", ""pct"": 10.38}, {""score"": ""2 - 1"", ""pct"": 8.84}]"
Egypt,Tunisia,Neutral,1.468,1.232,42.4,26.9,30.7,42.1,6.9,8.1,30.8,5.6,6.5,57.1,42.9,"[{""score"": ""1 - 1"", ""pct"": 12.18}, {""score"": ""1 - 0"", ""pct"": 10.209999999999999}, {""score"": ""2 - 1"", ""pct"": 8.73}]"
Egypt,Qatar,Neutral,1.951,0.749,65.5,21.7,12.8,66.4,7.3,8.2,12.4,2.5,3.2,81.9,18.0,"[{""score"": ""1 - 0"", ""pct"": 13.25}, {""score"": ""2 - 0"", ""pct"": 12.43}, {""score"": ""1 - 1"", ""pct"": 9.719999999999999}]"
Egypt,Curaçao,Neutral,1.827,0.873,60.5,22.8,16.7,60.1,7.0,9.0,16.5,3.0,4.2,76.2,23.8,"[{""score"": ""1 - 0"", ""pct"": 12.93}, {""score"": ""2 - 0"", ""pct"": 11.07}, {""score"": ""1 - 1"", ""pct"": 10.299999999999999}]"
Egypt,Iran,Neutral,0.982,1.718,20.3,25.0,54.7,20.4,4.2,4.9,54.7,6.9,8.8,29.5,70.5,"[{""score"": ""0 - 1"", ""pct"": 12.45}, {""score"": ""1 - 1"", ""pct"": 10.96}, {""score"": ""1 - 2"", ""pct"": 9.86}]"
Egypt,South Korea,Neutral,1.022,1.678,22.4,24.6,52.9,21.6,4.7,5.0,52.3,7.4,9.0,31.3,68.7,"[{""score"": ""0 - 1"", ""pct"": 11.600000000000001}, {""score"": ""1 - 1"", ""pct"": 11.04}, {""score"": ""0 - 2"", ""pct"": 9.6}]"
Egypt,Ghana,Neutral,1.808,0.892,58.8,23.3,17.9,58.7,7.3,8.9,17.7,3.1,4.3,74.8,25.2,"[{""score"": ""1 - 0"", ""pct"": 12.78}, {""score"": ""2 - 0"", ""pct"": 10.68}, {""score"": ""1 - 1"", ""pct"": 10.42}]"
Egypt,Norway,Neutral,0.965,1.735,19.6,24.9,55.5,20.2,3.6,5.2,56.1,7.2,7.7,29.0,71.0,"[{""score"": ""0 - 1"", ""pct"": 12.3}, {""score"": ""1 - 1"", ""pct"": 11.23}, {""score"": ""1 - 2"", ""pct"": 9.78}]"
Egypt,England,Neutral,0.669,2.031,10.5,20.3,69.2,10.4,2.1,2.9,69.9,7.3,7.4,15.3,84.7,"[{""score"": ""0 - 1"", ""pct"": 14.26}, {""score"": ""0 - 2"", ""pct"": 13.420000000000002}, {""score"": ""0 - 3"", ""pct"": 9.29}]"
Egypt,Mexico,Neutral,0.843,1.857,15.9,23.8,60.4,15.6,3.1,3.9,61.7,7.5,8.2,22.6,77.4,"[{""score"": ""0 - 1"", ""pct"": 12.509999999999998}, {""score"": ""0 - 2"", ""pct"": 11.43}, {""score"": ""1 - 1"", ""pct"": 10.96}]"
Egypt,Austria,Neutral,1.234,1.466,31.1,27.1,41.8,31.7,5.1,6.9,42.0,6.2,8.0,43.8,56.2,"[{""score"": ""1 - 1"", ""pct"": 12.16}, {""score"": ""0 - 1"", ""pct"": 9.879999999999999}, {""score"": ""1 - 2"", ""pct"": 9.120000000000001}]"
Egypt,Panama,Neutral,1.132,1.568,27.0,26.5,46.5,26.8,5.1,5.9,46.5,7.3,8.4,37.8,62.2,"[{""score"": ""1 - 1"", ""pct"": 11.64}, {""score"": ""0 - 1"", ""pct"": 10.14}, {""score"": ""1 - 2"", ""pct"": 9.33}]"
Egypt,Bosnia and Herzegovina,Neutral,1.909,0.791,63.9,21.9,14.2,64.7,7.6,8.1,13.5,2.6,3.6,80.4,19.6,"[{""score"": ""1 - 0"", ""pct"": 13.29}, {""score"": ""2 - 0"", ""pct"": 11.05}, {""score"": ""1 - 1"", ""pct"": 10.15}]"
Egypt,Czech Republic,Neutral,1.484,1.216,43.3,27.1,29.7,43.4,6.8,8.0,29.5,5.2,7.1,58.2,41.8,"[{""score"": ""1 - 1"", ""pct"": 12.02}, {""score"": ""1 - 0"", ""pct"": 10.24}, {""score"": ""2 - 1"", ""pct"": 8.88}]"
Egypt,Switzerland,Neutral,1.02,1.68,21.6,25.5,52.9,21.4,4.2,5.3,52.2,7.4,9.4,31.0,69.0,"[{""score"": ""1 - 1"", ""pct"": 11.459999999999999}, {""score"": ""0 - 1"", ""pct"": 11.44}, {""score"": ""1 - 2"", ""pct"": 9.75}]"
Egypt,Argentina,Neutral,0.505,2.195,6.6,17.3,76.2,6.3,1.4,1.8,76.6,6.9,7.0,9.5,90.5,"[{""score"": ""0 - 2"", ""pct"": 15.690000000000001}, {""score"": ""0 - 1"", ""pct"": 15.190000000000001}, {""score"": ""0 - 3"", ""pct"": 11.709999999999999}]"
Egypt,Uzbekistan,Neutral,1.165,1.535,27.9,26.4,45.7,27.6,5.1,6.8,44.9,7.1,8.5,39.4,60.6,"[{""score"": ""1 - 1"", ""pct"": 11.790000000000001}, {""score"": ""0 - 1"", ""pct"": 10.41}, {""score"": ""1 - 2"", ""pct"": 9.22}]"
Egypt,Belgium,Neutral,0.998,1.702,21.1,25.2,53.6,21.4,3.6,4.9,53.8,7.4,8.9,30.0,70.0,"[{""score"": ""0 - 1"", ""pct"": 11.39}, {""score"": ""1 - 1"", ""pct"": 11.03}, {""score"": ""0 - 2"", ""pct"": 9.67}]"
Egypt,Australia,Neutral,0.944,1.756,19.8,24.0,56.2,19.0,3.7,4.7,57.0,7.1,8.5,27.4,72.6,"[{""score"": ""0 - 1"", ""pct"": 12.45}, {""score"": ""1 - 1"", ""pct"": 11.24}, {""score"": ""0 - 2"", ""pct"": 10.15}]"
Egypt,Paraguay,Neutral,1.031,1.669,21.7,25.7,52.6,22.3,4.3,5.1,52.4,7.0,8.9,31.7,68.3,"[{""score"": ""0 - 1"", ""pct"": 11.68}, {""score"": ""1 - 1"", ""pct"": 11.450000000000001}, {""score"": ""1 - 2"", ""pct"": 10.0}]"
Egypt,Ecuador,Neutral,0.768,1.932,12.9,22.3,64.9,12.9,2.3,3.5,65.4,7.6,8.3,18.7,81.3,"[{""score"": ""0 - 1"", ""pct"": 13.62}, {""score"": ""0 - 2"", ""pct"": 12.46}, {""score"": ""1 - 1"", ""pct"": 10.290000000000001}]"
Egypt,Cape Verde,Neutral,1.768,0.932,57.2,23.8,19.0,58.0,7.7,8.4,18.2,3.4,4.2,74.2,25.8,"[{""score"": ""1 - 0"", ""pct"": 12.82}, {""score"": ""1 - 1"", ""pct"": 10.639999999999999}, {""score"": ""2 - 0"", ""pct"": 10.100000000000001}]"
Egypt,Germany,Neutral,0.881,1.819,16.2,23.3,60.5,16.8,3.1,4.1,59.7,7.8,8.6,24.0,76.0,"[{""score"": ""0 - 1"", ""pct"": 12.83}, {""score"": ""0 - 2"", ""pct"": 10.65}, {""score"": ""1 - 1"", ""pct"": 10.52}]"
Egypt,DR Congo,Neutral,1.434,1.266,40.4,26.7,32.9,40.9,6.3,7.7,32.6,5.4,7.1,54.9,45.1,"[{""score"": ""1 - 1"", ""pct"": 12.1}, {""score"": ""1 - 0"", ""pct"": 10.36}, {""score"": ""0 - 1"", ""pct"": 8.64}]"
Egypt,Croatia,Neutral,0.937,1.763,18.4,24.7,56.9,18.1,4.0,4.7,56.8,7.8,8.5,26.8,73.2,"[{""score"": ""0 - 1"", ""pct"": 12.29}, {""score"": ""1 - 1"", ""pct"": 10.67}, {""score"": ""1 - 2"", ""pct"": 10.12}]"
Egypt,Turkey,Neutral,0.985,1.715,20.4,24.9,54.7,20.7,4.0,5.0,54.6,7.4,8.3,29.7,70.3,"[{""score"": ""0 - 1"", ""pct"": 11.559999999999999}, {""score"": ""1 - 1"", ""pct"": 11.020000000000001}, {""score"": ""1 - 2"", ""pct"": 10.07}]"
Egypt,Uruguay,Neutral,0.878,1.822,16.0,24.0,60.0,16.4,3.4,4.1,59.8,7.6,8.7,23.9,76.1,"[{""score"": ""0 - 1"", ""pct"": 12.73}, {""score"": ""0 - 2"", ""pct"": 11.07}, {""score"": ""1 - 1"", ""pct"": 10.75}]"
Egypt,New Zealand,Neutral,1.559,1.141,46.7,26.6,26.7,45.8,7.2,8.5,27.1,4.7,6.7,61.5,38.5,"[{""score"": ""1 - 1"", ""pct"": 12.22}, {""score"": ""1 - 0"", ""pct"": 10.51}, {""score"": ""2 - 1"", ""pct"": 9.68}]"
Egypt,United States,Neutral,1.25,1.45,31.9,26.6,41.5,31.0,5.3,7.6,41.6,6.5,7.9,43.9,56.1,"[{""score"": ""1 - 1"", ""pct"": 11.83}, {""score"": ""0 - 1"", ""pct"": 9.69}, {""score"": ""1 - 2"", ""pct"": 9.16}]"
Egypt,Senegal,Neutral,1.011,1.689,21.5,25.3,53.2,21.2,4.0,5.4,53.6,7.1,8.7,30.6,69.4,"[{""score"": ""1 - 1"", ""pct"": 11.61}, {""score"": ""0 - 1"", ""pct"": 11.53}, {""score"": ""1 - 2"", ""pct"": 10.02}]"
Egypt,Brazil,Neutral,0.696,2.004,10.4,20.5,69.1,11.1,2.0,2.7,68.8,7.3,8.0,15.9,84.1,"[{""score"": ""0 - 1"", ""pct"": 14.08}, {""score"": ""0 - 2"", ""pct"": 13.86}, {""score"": ""1 - 2"", ""pct"": 9.25}]"
Egypt,Ivory Coast,Neutral,1.309,1.391,34.0,27.0,39.0,34.4,5.9,7.3,38.4,6.5,7.6,47.6,52.4,"[{""score"": ""1 - 1"", ""pct"": 12.08}, {""score"": ""0 - 1"", ""pct"": 9.77}, {""score"": ""1 - 0"", ""pct"": 8.97}]"
Egypt,France,Neutral,0.615,2.085,8.8,19.4,71.8,8.8,1.7,2.5,72.2,6.9,7.8,13.0,87.0,"[{""score"": ""0 - 1"", ""pct"": 14.799999999999999}, {""score"": ""0 - 2"", ""pct"": 14.64}, {""score"": ""0 - 3"", ""pct"": 9.879999999999999}]"
Ecuador,Netherlands,Neutral,1.471,1.229,42.3,26.5,31.2,42.4,6.5,8.0,30.8,5.5,6.9,56.8,43.2,"[{""score"": ""1 - 1"", ""pct"": 11.81}, {""score"": ""1 - 0"", ""pct"": 10.5}, {""score"": ""2 - 1"", ""pct"": 8.68}]"
Ecuador,South Africa,Neutral,2.164,0.536,75.7,17.5,6.8,75.4,7.0,7.4,6.9,1.4,2.0,89.7,10.3,"[{""score"": ""2 - 0"", ""pct"": 15.76}, {""score"": ""1 - 0"", ""pct"": 14.82}, {""score"": ""3 - 0"", ""pct"": 11.379999999999999}]"
Ecuador,Japan,Neutral,1.344,1.356,36.4,26.1,37.5,36.4,6.2,7.6,35.9,5.9,8.0,50.2,49.8,"[{""score"": ""1 - 1"", ""pct"": 11.72}, {""score"": ""1 - 0"", ""pct"": 9.68}, {""score"": ""0 - 1"", ""pct"": 9.030000000000001}]"
Ecuador,Scotland,Neutral,1.899,0.801,63.1,23.1,13.8,63.8,7.3,8.6,14.2,2.5,3.6,79.8,20.2,"[{""score"": ""1 - 0"", ""pct"": 13.389999999999999}, {""score"": ""2 - 0"", ""pct"": 11.59}, {""score"": ""2 - 1"", ""pct"": 10.63}]"
Ecuador,Algeria,Neutral,1.678,1.022,51.7,25.5,22.8,52.9,7.7,9.1,21.3,4.2,4.8,69.7,30.3,"[{""score"": ""1 - 1"", ""pct"": 11.83}, {""score"": ""1 - 0"", ""pct"": 11.26}, {""score"": ""2 - 1"", ""pct"": 9.790000000000001}]"
Ecuador,Canada,Neutral,1.669,1.031,52.8,25.2,21.9,52.0,7.8,7.9,22.4,4.3,5.6,67.6,32.4,"[{""score"": ""1 - 0"", ""pct"": 11.77}, {""score"": ""1 - 1"", ""pct"": 11.55}, {""score"": ""2 - 1"", ""pct"": 10.24}]"
Ecuador,Haiti,Neutral,2.044,0.656,70.3,20.0,9.7,70.5,7.1,8.1,9.9,2.0,2.4,85.7,14.3,"[{""score"": ""1 - 0"", ""pct"": 14.219999999999999}, {""score"": ""2 - 0"", ""pct"": 13.389999999999999}, {""score"": ""3 - 0"", ""pct"": 9.41}]"
Ecuador,Spain,Neutral,0.866,1.834,16.2,23.3,60.5,16.5,3.4,4.2,59.6,7.5,8.8,24.1,75.9,"[{""score"": ""0 - 1"", ""pct"": 13.780000000000001}, {""score"": ""0 - 2"", ""pct"": 11.18}, {""score"": ""1 - 1"", ""pct"": 10.47}]"
Ecuador,Saudi Arabia,Neutral,2.086,0.614,72.0,19.3,8.7,71.8,7.2,8.1,8.9,1.9,2.1,87.1,12.9,"[{""score"": ""2 - 0"", ""pct"": 15.190000000000001}, {""score"": ""1 - 0"", ""pct"": 14.75}, {""score"": ""3 - 0"", ""pct"": 9.66}]"
Ecuador,Colombia,Neutral,1.256,1.444,32.4,27.3,40.3,31.4,5.3,7.0,41.7,6.6,7.9,43.8,56.2,"[{""score"": ""1 - 1"", ""pct"": 12.41}, {""score"": ""0 - 1"", ""pct"": 9.5}, {""score"": ""1 - 2"", ""pct"": 8.52}]"
Ecuador,Portugal,Neutral,1.338,1.362,35.9,27.6,36.4,35.3,6.3,7.4,37.8,5.9,7.3,49.0,51.0,"[{""score"": ""1 - 1"", ""pct"": 12.590000000000002}, {""score"": ""1 - 0"", ""pct"": 9.1}, {""score"": ""0 - 1"", ""pct"": 8.93}]"
Ecuador,Sweden,Neutral,2.089,0.611,71.5,19.8,8.7,71.6,7.0,8.2,9.0,1.7,2.5,86.8,13.1,"[{""score"": ""2 - 0"", ""pct"": 15.07}, {""score"": ""1 - 0"", ""pct"": 14.56}, {""score"": ""3 - 0"", ""pct"": 9.569999999999999}]"
Ecuador,Jordan,Neutral,1.881,0.819,62.7,22.5,14.9,62.5,7.5,8.8,15.0,2.7,3.5,78.8,21.2,"[{""score"": ""1 - 0"", ""pct"": 13.66}, {""score"": ""2 - 0"", ""pct"": 11.52}, {""score"": ""1 - 1"", ""pct"": 10.07}]"
Ecuador,Morocco,Neutral,1.392,1.308,37.4,27.4,35.2,37.3,6.3,7.9,35.1,6.1,7.2,51.6,48.5,"[{""score"": ""1 - 1"", ""pct"": 12.29}, {""score"": ""0 - 1"", ""pct"": 9.22}, {""score"": ""1 - 0"", ""pct"": 9.180000000000001}]"
Ecuador,Iraq,Neutral,2.014,0.686,69.1,20.5,10.4,69.9,6.6,7.9,10.4,2.1,3.1,84.4,15.6,"[{""score"": ""1 - 0"", ""pct"": 14.52}, {""score"": ""2 - 0"", ""pct"": 13.15}, {""score"": ""2 - 1"", ""pct"": 9.89}]"
Ecuador,Tunisia,Neutral,2.013,0.687,68.9,20.4,10.7,68.0,7.8,8.6,10.9,1.8,3.0,84.3,15.7,"[{""score"": ""1 - 0"", ""pct"": 14.069999999999999}, {""score"": ""2 - 0"", ""pct"": 13.850000000000001}, {""score"": ""1 - 1"", ""pct"": 9.33}]"
Ecuador,Qatar,Neutral,2.268,0.432,79.4,15.5,5.1,79.6,6.7,6.7,4.9,1.0,1.1,93.0,7.0,"[{""score"": ""2 - 0"", ""pct"": 17.51}, {""score"": ""1 - 0"", ""pct"": 15.709999999999999}, {""score"": ""3 - 0"", ""pct"": 12.61}]"
Ecuador,Curaçao,Neutral,2.211,0.489,78.4,16.1,5.5,78.1,6.7,7.1,5.4,1.2,1.5,91.9,8.1,"[{""score"": ""2 - 0"", ""pct"": 16.6}, {""score"": ""1 - 0"", ""pct"": 15.65}, {""score"": ""3 - 0"", ""pct"": 12.04}]"
Ecuador,Iran,Neutral,1.61,1.09,49.8,25.5,24.8,49.1,7.0,8.4,24.9,4.6,6.1,64.4,35.6,"[{""score"": ""1 - 0"", ""pct"": 11.52}, {""score"": ""1 - 1"", ""pct"": 11.200000000000001}, {""score"": ""2 - 1"", ""pct"": 9.81}]"
Ecuador,South Korea,Neutral,1.652,1.048,51.3,25.5,23.2,51.8,7.3,8.5,22.9,4.1,5.4,67.7,32.3,"[{""score"": ""1 - 0"", ""pct"": 11.87}, {""score"": ""1 - 1"", ""pct"": 11.450000000000001}, {""score"": ""2 - 1"", ""pct"": 9.56}]"
Ecuador,Ghana,Neutral,2.202,0.498,77.5,16.4,6.0,77.1,6.9,7.0,6.3,1.1,1.6,91.0,9.0,"[{""score"": ""2 - 0"", ""pct"": 16.66}, {""score"": ""1 - 0"", ""pct"": 15.65}, {""score"": ""3 - 0"", ""pct"": 11.17}]"
Ecuador,Norway,Neutral,1.592,1.108,47.5,26.5,26.0,48.7,7.1,8.8,24.5,4.6,6.3,64.6,35.4,"[{""score"": ""1 - 1"", ""pct"": 11.65}, {""score"": ""1 - 0"", ""pct"": 10.66}, {""score"": ""2 - 1"", ""pct"": 9.27}]"
Ecuador,England,Neutral,1.203,1.497,29.7,26.5,43.8,29.8,5.5,6.5,43.4,6.7,8.1,41.8,58.2,"[{""score"": ""1 - 1"", ""pct"": 12.479999999999999}, {""score"": ""0 - 1"", ""pct"": 9.93}, {""score"": ""1 - 2"", ""pct"": 9.31}]"
Ecuador,Mexico,Neutral,1.45,1.25,41.0,27.4,31.7,42.0,6.6,7.9,31.2,5.5,6.8,56.5,43.5,"[{""score"": ""1 - 1"", ""pct"": 12.2}, {""score"": ""1 - 0"", ""pct"": 9.6}, {""score"": ""2 - 1"", ""pct"": 8.780000000000001}]"
Ecuador,Austria,Neutral,1.844,0.856,61.6,22.7,15.7,62.0,7.8,8.6,15.4,2.8,3.5,78.3,21.7,"[{""score"": ""1 - 0"", ""pct"": 13.58}, {""score"": ""2 - 0"", ""pct"": 11.09}, {""score"": ""1 - 1"", ""pct"": 10.23}]"
Ecuador,Panama,Neutral,1.757,0.943,57.1,24.0,18.9,57.0,8.0,8.1,18.9,3.6,4.4,73.1,26.9,"[{""score"": ""1 - 0"", ""pct"": 12.53}, {""score"": ""1 - 1"", ""pct"": 10.66}, {""score"": ""2 - 1"", ""pct"": 10.05}]"
Ecuador,Bosnia and Herzegovina,Neutral,2.25,0.45,78.9,15.8,5.3,79.7,6.6,6.5,4.9,1.0,1.4,92.7,7.3,"[{""score"": ""2 - 0"", ""pct"": 16.78}, {""score"": ""1 - 0"", ""pct"": 15.82}, {""score"": ""3 - 0"", ""pct"": 12.09}]"
Ecuador,Czech Republic,Neutral,2.023,0.677,70.2,19.5,10.2,69.8,7.1,7.8,10.6,2.1,2.7,84.6,15.4,"[{""score"": ""1 - 0"", ""pct"": 14.330000000000002}, {""score"": ""2 - 0"", ""pct"": 13.719999999999999}, {""score"": ""2 - 1"", ""pct"": 9.39}]"
Ecuador,Switzerland,Neutral,1.649,1.051,51.8,24.9,23.3,51.3,7.6,8.5,23.0,4.4,5.2,67.4,32.6,"[{""score"": ""1 - 0"", ""pct"": 11.57}, {""score"": ""1 - 1"", ""pct"": 11.360000000000001}, {""score"": ""2 - 0"", ""pct"": 9.41}]"
Ecuador,Argentina,Neutral,0.907,1.793,17.4,23.9,58.6,17.6,3.5,4.2,59.0,7.2,8.4,25.4,74.6,"[{""score"": ""0 - 1"", ""pct"": 12.17}, {""score"": ""1 - 1"", ""pct"": 10.52}, {""score"": ""0 - 2"", ""pct"": 10.35}]"
Ecuador,Uzbekistan,Neutral,1.786,0.914,58.7,23.4,17.9,58.3,7.1,8.6,17.9,3.8,4.3,74.0,26.0,"[{""score"": ""1 - 0"", ""pct"": 12.920000000000002}, {""score"": ""2 - 0"", ""pct"": 10.57}, {""score"": ""1 - 1"", ""pct"": 10.15}]"
Ecuador,Belgium,Neutral,1.627,1.073,50.3,25.4,24.3,50.5,7.0,8.5,24.3,4.5,5.2,66.0,34.0,"[{""score"": ""1 - 1"", ""pct"": 11.37}, {""score"": ""1 - 0"", ""pct"": 11.31}, {""score"": ""2 - 1"", ""pct"": 9.66}]"
Ecuador,Australia,Neutral,1.569,1.131,48.2,25.6,26.2,47.2,6.9,8.4,26.2,5.0,6.3,62.6,37.4,"[{""score"": ""1 - 1"", ""pct"": 11.64}, {""score"": ""1 - 0"", ""pct"": 10.76}, {""score"": ""2 - 1"", ""pct"": 9.520000000000001}]"
Ecuador,Paraguay,Neutral,1.661,1.039,51.8,25.3,22.9,51.7,7.0,8.9,22.2,4.4,5.8,67.6,32.4,"[{""score"": ""1 - 0"", ""pct"": 12.15}, {""score"": ""1 - 1"", ""pct"": 11.34}, {""score"": ""2 - 1"", ""pct"": 9.73}]"
Ecuador,Egypt,Neutral,1.932,0.768,65.0,21.6,13.5,65.2,7.6,8.3,12.9,2.6,3.4,81.1,18.9,"[{""score"": ""1 - 0"", ""pct"": 13.4}, {""score"": ""2 - 0"", ""pct"": 12.7}, {""score"": ""2 - 1"", ""pct"": 10.12}]"
Ecuador,Cape Verde,Neutral,2.183,0.517,76.0,17.1,7.0,76.6,6.6,7.1,6.7,1.4,1.7,90.3,9.7,"[{""score"": ""2 - 0"", ""pct"": 16.13}, {""score"": ""1 - 0"", ""pct"": 15.43}, {""score"": ""3 - 0"", ""pct"": 11.62}]"
Ecuador,Germany,Neutral,1.497,1.203,44.2,26.2,29.6,43.4,6.8,8.2,29.7,5.4,6.6,58.3,41.7,"[{""score"": ""1 - 1"", ""pct"": 11.940000000000001}, {""score"": ""1 - 0"", ""pct"": 10.77}, {""score"": ""2 - 1"", ""pct"": 9.370000000000001}]"
Ecuador,DR Congo,Neutral,1.991,0.709,68.0,21.1,11.0,68.3,7.2,8.1,11.5,2.2,2.7,83.7,16.4,"[{""score"": ""1 - 0"", ""pct"": 13.700000000000001}, {""score"": ""2 - 0"", ""pct"": 12.68}, {""score"": ""2 - 1"", ""pct"": 9.75}]"
Ecuador,Croatia,Neutral,1.561,1.139,46.5,26.0,27.5,46.6,6.9,8.5,26.8,4.9,6.3,62.0,38.0,"[{""score"": ""1 - 1"", ""pct"": 11.51}, {""score"": ""1 - 0"", ""pct"": 10.75}, {""score"": ""2 - 1"", ""pct"": 8.99}]"
Ecuador,Turkey,Neutral,1.613,1.087,49.2,26.2,24.6,48.4,7.1,8.6,25.0,4.8,6.2,64.1,35.9,"[{""score"": ""1 - 1"", ""pct"": 12.0}, {""score"": ""1 - 0"", ""pct"": 11.3}, {""score"": ""2 - 1"", ""pct"": 9.59}]"
Ecuador,Uruguay,Neutral,1.492,1.208,44.5,26.8,28.7,43.2,6.9,8.0,29.5,5.8,6.6,58.1,41.9,"[{""score"": ""1 - 1"", ""pct"": 11.73}, {""score"": ""1 - 0"", ""pct"": 10.35}, {""score"": ""2 - 1"", ""pct"": 9.31}]"
Ecuador,New Zealand,Neutral,2.069,0.631,70.7,20.1,9.2,71.2,7.4,7.8,9.2,1.8,2.6,86.4,13.6,"[{""score"": ""2 - 0"", ""pct"": 13.930000000000001}, {""score"": ""1 - 0"", ""pct"": 13.850000000000001}, {""score"": ""3 - 0"", ""pct"": 9.49}]"
Ecuador,United States,Neutral,1.856,0.844,60.9,23.2,15.8,61.6,7.2,8.8,15.8,3.0,3.6,77.5,22.5,"[{""score"": ""1 - 0"", ""pct"": 13.43}, {""score"": ""2 - 0"", ""pct"": 10.94}, {""score"": ""1 - 1"", ""pct"": 10.68}]"
Ecuador,Senegal,Neutral,1.64,1.06,51.1,25.5,23.4,50.2,7.8,8.3,23.5,4.6,5.5,66.4,33.6,"[{""score"": ""1 - 1"", ""pct"": 11.85}, {""score"": ""1 - 0"", ""pct"": 11.690000000000001}, {""score"": ""2 - 1"", ""pct"": 9.53}]"
Ecuador,Brazil,Neutral,1.245,1.455,31.5,26.7,41.8,31.2,5.9,6.9,41.3,6.6,8.0,44.1,55.9,"[{""score"": ""1 - 1"", ""pct"": 12.29}, {""score"": ""0 - 1"", ""pct"": 10.15}, {""score"": ""1 - 2"", ""pct"": 9.030000000000001}]"
Ecuador,Ivory Coast,Neutral,1.902,0.798,64.2,21.7,14.0,62.6,8.1,8.5,14.5,2.8,3.5,79.2,20.8,"[{""score"": ""1 - 0"", ""pct"": 13.43}, {""score"": ""2 - 0"", ""pct"": 11.86}, {""score"": ""1 - 1"", ""pct"": 10.040000000000001}]"
Ecuador,France,Neutral,1.113,1.587,25.4,26.4,48.2,25.3,4.7,5.9,48.4,7.3,8.4,35.9,64.1,"[{""score"": ""1 - 1"", ""pct"": 11.92}, {""score"": ""0 - 1"", ""pct"": 10.74}, {""score"": ""1 - 2"", ""pct"": 9.35}]"
Cape Verde,Netherlands,Neutral,0.573,2.127,7.5,18.8,73.7,8.2,1.6,1.9,73.0,7.2,8.0,11.7,88.3,"[{""score"": ""0 - 2"", ""pct"": 15.049999999999999}, {""score"": ""0 - 1"", ""pct"": 14.899999999999999}, {""score"": ""0 - 3"", ""pct"": 10.09}]"
Cape Verde,South Africa,Neutral,1.307,1.393,34.6,26.6,38.8,35.0,6.1,6.8,38.4,6.2,7.4,47.9,52.1,"[{""score"": ""1 - 1"", ""pct"": 12.120000000000001}, {""score"": ""0 - 1"", ""pct"": 9.8}, {""score"": ""1 - 0"", ""pct"": 8.790000000000001}]"
Cape Verde,Japan,Neutral,0.515,2.185,6.3,16.6,77.1,6.0,1.2,1.7,76.8,7.0,7.3,8.9,91.1,"[{""score"": ""0 - 2"", ""pct"": 15.58}, {""score"": ""0 - 1"", ""pct"": 15.509999999999998}, {""score"": ""0 - 3"", ""pct"": 11.78}]"
Cape Verde,Scotland,Neutral,0.893,1.807,17.2,23.4,59.4,17.4,3.2,4.3,59.2,7.4,8.5,24.9,75.1,"[{""score"": ""0 - 1"", ""pct"": 12.8}, {""score"": ""0 - 2"", ""pct"": 10.89}, {""score"": ""1 - 1"", ""pct"": 10.5}]"
Cape Verde,Algeria,Neutral,0.698,2.002,10.9,20.5,68.6,11.7,2.2,2.8,67.7,7.5,8.2,16.6,83.4,"[{""score"": ""0 - 1"", ""pct"": 13.5}, {""score"": ""0 - 2"", ""pct"": 13.489999999999998}, {""score"": ""1 - 2"", ""pct"": 9.520000000000001}]"
Cape Verde,Canada,Neutral,0.692,2.008,10.3,20.2,69.5,10.8,2.1,3.0,68.5,7.6,8.1,15.9,84.1,"[{""score"": ""0 - 1"", ""pct"": 13.98}, {""score"": ""0 - 2"", ""pct"": 13.18}, {""score"": ""1 - 2"", ""pct"": 9.379999999999999}]"
Cape Verde,Haiti,Neutral,1.084,1.616,23.4,25.7,50.8,23.9,4.6,5.7,50.1,7.3,8.4,34.2,65.8,"[{""score"": ""0 - 1"", ""pct"": 11.57}, {""score"": ""1 - 1"", ""pct"": 11.540000000000001}, {""score"": ""1 - 2"", ""pct"": 9.67}]"
Cape Verde,Spain,Neutral,0.362,2.338,3.7,13.7,82.6,3.7,0.7,1.2,82.5,6.2,5.8,5.6,94.4,"[{""score"": ""0 - 2"", ""pct"": 18.29}, {""score"": ""0 - 1"", ""pct"": 16.009999999999998}, {""score"": ""0 - 3"", ""pct"": 14.580000000000002}]"
Cape Verde,Saudi Arabia,Neutral,1.154,1.546,28.0,26.0,46.0,27.5,4.8,5.7,46.2,7.3,8.6,38.0,62.0,"[{""score"": ""1 - 1"", ""pct"": 11.87}, {""score"": ""0 - 1"", ""pct"": 10.620000000000001}, {""score"": ""1 - 2"", ""pct"": 9.139999999999999}]"
Cape Verde,Colombia,Neutral,0.479,2.221,5.5,16.1,78.3,6.0,1.1,1.6,77.9,6.5,6.9,8.6,91.4,"[{""score"": ""0 - 2"", ""pct"": 16.220000000000002}, {""score"": ""0 - 1"", ""pct"": 15.290000000000001}, {""score"": ""0 - 3"", ""pct"": 11.75}]"
Cape Verde,Portugal,Neutral,0.512,2.188,6.0,16.6,77.3,6.7,1.1,1.8,76.3,6.9,7.3,9.6,90.5,"[{""score"": ""0 - 2"", ""pct"": 16.36}, {""score"": ""0 - 1"", ""pct"": 15.909999999999998}, {""score"": ""0 - 3"", ""pct"": 10.63}]"
Cape Verde,Sweden,Neutral,1.16,1.54,27.4,26.8,45.8,28.1,4.5,6.2,45.2,7.8,8.2,38.8,61.2,"[{""score"": ""1 - 1"", ""pct"": 11.88}, {""score"": ""0 - 1"", ""pct"": 10.58}, {""score"": ""1 - 2"", ""pct"": 9.01}]"
Cape Verde,Jordan,Neutral,0.874,1.826,16.7,23.8,59.6,16.1,3.1,4.0,61.1,7.6,8.2,23.1,76.9,"[{""score"": ""0 - 1"", ""pct"": 12.389999999999999}, {""score"": ""0 - 2"", ""pct"": 11.15}, {""score"": ""1 - 1"", ""pct"": 10.59}]"
Cape Verde,Morocco,Neutral,0.536,2.164,7.3,17.6,75.1,6.7,1.4,1.9,75.8,6.8,7.5,9.9,90.1,"[{""score"": ""0 - 1"", ""pct"": 15.82}, {""score"": ""0 - 2"", ""pct"": 15.35}, {""score"": ""0 - 3"", ""pct"": 10.440000000000001}]"
Cape Verde,Iraq,Neutral,1.038,1.662,22.5,25.4,52.1,23.0,4.5,5.1,51.7,7.0,8.6,32.6,67.4,"[{""score"": ""0 - 1"", ""pct"": 11.57}, {""score"": ""1 - 1"", ""pct"": 11.42}, {""score"": ""1 - 2"", ""pct"": 9.87}]"
Cape Verde,Tunisia,Neutral,1.037,1.663,23.3,25.3,51.4,22.3,4.1,5.5,51.6,7.4,9.0,32.0,68.0,"[{""score"": ""1 - 1"", ""pct"": 11.44}, {""score"": ""0 - 1"", ""pct"": 10.97}, {""score"": ""1 - 2"", ""pct"": 9.6}]"
Cape Verde,Qatar,Neutral,1.58,1.12,48.0,26.1,25.9,47.9,7.3,8.3,25.7,4.5,6.3,63.5,36.5,"[{""score"": ""1 - 1"", ""pct"": 11.74}, {""score"": ""1 - 0"", ""pct"": 10.040000000000001}, {""score"": ""2 - 1"", ""pct"": 9.56}]"
Cape Verde,Curaçao,Neutral,1.42,1.28,39.4,27.2,33.4,40.2,6.7,7.7,32.7,5.6,7.2,54.5,45.5,"[{""score"": ""1 - 1"", ""pct"": 12.26}, {""score"": ""1 - 0"", ""pct"": 9.56}, {""score"": ""0 - 1"", ""pct"": 8.709999999999999}]"
Cape Verde,Iran,Neutral,0.652,2.048,9.6,19.6,70.8,9.5,1.8,2.3,70.8,7.6,8.0,13.6,86.4,"[{""score"": ""0 - 1"", ""pct"": 14.27}, {""score"": ""0 - 2"", ""pct"": 13.889999999999999}, {""score"": ""1 - 2"", ""pct"": 9.49}]"
Cape Verde,South Korea,Neutral,0.68,2.02,10.8,20.1,69.1,10.9,2.2,2.9,68.7,7.4,7.8,16.1,84.0,"[{""score"": ""0 - 1"", ""pct"": 14.26}, {""score"": ""0 - 2"", ""pct"": 13.530000000000001}, {""score"": ""1 - 2"", ""pct"": 9.75}]"
Cape Verde,Ghana,Neutral,1.397,1.303,38.9,26.7,34.4,38.7,6.7,8.0,33.9,5.6,7.1,53.4,46.6,"[{""score"": ""1 - 1"", ""pct"": 11.64}, {""score"": ""1 - 0"", ""pct"": 9.719999999999999}, {""score"": ""2 - 1"", ""pct"": 8.74}]"
Cape Verde,Norway,Neutral,0.641,2.059,9.3,19.7,71.0,9.5,1.8,2.4,71.4,7.3,7.7,13.6,86.4,"[{""score"": ""0 - 2"", ""pct"": 14.11}, {""score"": ""0 - 1"", ""pct"": 13.79}, {""score"": ""0 - 3"", ""pct"": 9.81}]"
Cape Verde,England,Neutral,0.46,2.24,5.0,16.2,78.8,5.5,1.2,1.5,79.1,6.0,6.7,8.2,91.8,"[{""score"": ""0 - 2"", ""pct"": 17.61}, {""score"": ""0 - 1"", ""pct"": 16.18}, {""score"": ""0 - 3"", ""pct"": 11.83}]"
Cape Verde,Mexico,Neutral,0.563,2.137,7.6,17.9,74.6,7.8,1.4,2.1,74.3,7.2,7.3,11.2,88.8,"[{""score"": ""0 - 2"", ""pct"": 15.58}, {""score"": ""0 - 1"", ""pct"": 15.07}, {""score"": ""0 - 3"", ""pct"": 10.38}]"
Cape Verde,Austria,Neutral,0.836,1.864,14.7,23.3,62.0,15.6,2.9,4.0,61.7,7.6,8.2,22.5,77.5,"[{""score"": ""0 - 1"", ""pct"": 13.01}, {""score"": ""0 - 2"", ""pct"": 11.41}, {""score"": ""1 - 1"", ""pct"": 10.84}]"
Cape Verde,Panama,Neutral,0.759,1.941,12.4,21.9,65.7,12.9,2.6,2.9,65.5,8.0,8.2,18.4,81.6,"[{""score"": ""0 - 1"", ""pct"": 13.389999999999999}, {""score"": ""0 - 2"", ""pct"": 12.45}, {""score"": ""1 - 1"", ""pct"": 10.05}]"
Cape Verde,Bosnia and Herzegovina,Neutral,1.525,1.175,44.8,26.9,28.3,44.4,6.8,8.1,28.9,5.3,6.5,59.3,40.7,"[{""score"": ""1 - 1"", ""pct"": 12.58}, {""score"": ""1 - 0"", ""pct"": 10.83}, {""score"": ""2 - 1"", ""pct"": 9.379999999999999}]"
Cape Verde,Czech Republic,Neutral,1.052,1.648,23.3,26.1,50.6,24.0,4.3,5.2,51.3,6.7,8.4,33.5,66.5,"[{""score"": ""1 - 1"", ""pct"": 11.81}, {""score"": ""0 - 1"", ""pct"": 11.450000000000001}, {""score"": ""1 - 2"", ""pct"": 9.67}]"
Cape Verde,Switzerland,Neutral,0.678,2.022,10.3,20.1,69.6,10.7,2.1,2.8,68.8,7.3,8.2,15.6,84.4,"[{""score"": ""0 - 1"", ""pct"": 14.680000000000001}, {""score"": ""0 - 2"", ""pct"": 13.719999999999999}, {""score"": ""1 - 2"", ""pct"": 9.180000000000001}]"
Cape Verde,Argentina,Neutral,0.372,2.328,3.9,13.9,82.2,3.9,0.8,1.0,81.8,6.4,6.0,5.8,94.2,"[{""score"": ""0 - 2"", ""pct"": 17.69}, {""score"": ""0 - 1"", ""pct"": 16.6}, {""score"": ""0 - 3"", ""pct"": 13.81}]"
Cape Verde,Uzbekistan,Neutral,0.783,1.917,13.0,22.2,64.8,13.3,2.8,3.1,64.4,7.8,8.6,19.1,80.9,"[{""score"": ""0 - 1"", ""pct"": 13.33}, {""score"": ""0 - 2"", ""pct"": 11.91}, {""score"": ""1 - 1"", ""pct"": 9.98}]"
Cape Verde,Belgium,Neutral,0.663,2.037,10.0,19.8,70.3,10.1,1.9,2.6,70.1,6.9,8.5,14.6,85.4,"[{""score"": ""0 - 1"", ""pct"": 14.430000000000001}, {""score"": ""0 - 2"", ""pct"": 14.11}, {""score"": ""1 - 2"", ""pct"": 9.030000000000001}]"
Cape Verde,Australia,Neutral,0.627,2.073,9.4,19.2,71.4,8.8,1.6,2.3,71.7,7.6,7.9,12.8,87.2,"[{""score"": ""0 - 1"", ""pct"": 14.530000000000001}, {""score"": ""0 - 2"", ""pct"": 14.030000000000001}, {""score"": ""1 - 2"", ""pct"": 9.39}]"
Cape Verde,Paraguay,Neutral,0.686,2.014,11.3,20.1,68.6,10.9,1.9,3.2,69.1,7.0,8.0,16.0,84.0,"[{""score"": ""0 - 1"", ""pct"": 14.21}, {""score"": ""0 - 2"", ""pct"": 12.8}, {""score"": ""0 - 3"", ""pct"": 9.17}]"
Cape Verde,Egypt,Neutral,0.932,1.768,18.8,24.9,56.4,18.6,3.8,4.3,57.0,7.8,8.5,26.7,73.3,"[{""score"": ""0 - 1"", ""pct"": 12.49}, {""score"": ""1 - 1"", ""pct"": 11.27}, {""score"": ""0 - 2"", ""pct"": 10.56}]"
Cape Verde,Ecuador,Neutral,0.517,2.183,6.5,16.8,76.7,6.7,1.4,1.6,76.3,7.0,7.0,9.7,90.3,"[{""score"": ""0 - 2"", ""pct"": 15.98}, {""score"": ""0 - 1"", ""pct"": 15.310000000000002}, {""score"": ""0 - 3"", ""pct"": 11.41}]"
Cape Verde,Germany,Neutral,0.587,2.113,7.7,17.3,75.0,8.2,1.6,2.0,73.7,7.0,7.5,11.7,88.3,"[{""score"": ""0 - 1"", ""pct"": 15.21}, {""score"": ""0 - 2"", ""pct"": 14.95}, {""score"": ""0 - 3"", ""pct"": 10.76}]"
Cape Verde,DR Congo,Neutral,1.006,1.694,21.4,24.9,53.7,21.2,3.9,5.4,53.2,7.5,8.8,30.5,69.5,"[{""score"": ""0 - 1"", ""pct"": 11.77}, {""score"": ""1 - 1"", ""pct"": 11.18}, {""score"": ""1 - 2"", ""pct"": 9.93}]"
Cape Verde,Croatia,Neutral,0.623,2.077,9.2,19.4,71.4,9.2,1.6,2.4,72.4,6.9,7.5,13.2,86.8,"[{""score"": ""0 - 2"", ""pct"": 14.899999999999999}, {""score"": ""0 - 1"", ""pct"": 14.249999999999998}, {""score"": ""0 - 3"", ""pct"": 9.4}]"
Cape Verde,Turkey,Neutral,0.654,2.046,9.1,19.9,71.0,9.6,1.9,2.6,70.5,7.2,8.1,14.2,85.8,"[{""score"": ""0 - 1"", ""pct"": 14.219999999999999}, {""score"": ""0 - 2"", ""pct"": 14.17}, {""score"": ""0 - 3"", ""pct"": 9.47}]"
Cape Verde,Uruguay,Neutral,0.585,2.115,7.8,18.2,73.9,7.8,1.3,2.1,73.2,7.4,8.0,11.3,88.7,"[{""score"": ""0 - 2"", ""pct"": 15.15}, {""score"": ""0 - 1"", ""pct"": 14.82}, {""score"": ""0 - 3"", ""pct"": 10.09}]"
Cape Verde,New Zealand,Neutral,1.125,1.575,26.0,26.0,48.0,26.3,4.7,6.1,46.9,7.5,8.6,37.1,62.9,"[{""score"": ""1 - 1"", ""pct"": 11.99}, {""score"": ""0 - 1"", ""pct"": 10.94}, {""score"": ""1 - 2"", ""pct"": 9.19}]"
Cape Verde,United States,Neutral,0.849,1.851,15.5,22.5,62.0,15.5,2.9,4.1,61.5,7.6,8.4,22.5,77.5,"[{""score"": ""0 - 1"", ""pct"": 12.879999999999999}, {""score"": ""0 - 2"", ""pct"": 11.26}, {""score"": ""1 - 1"", ""pct"": 10.14}]"
Cape Verde,Senegal,Neutral,0.672,2.028,10.0,20.1,69.8,10.4,2.4,2.5,69.0,7.4,8.3,15.3,84.7,"[{""score"": ""0 - 2"", ""pct"": 14.360000000000001}, {""score"": ""0 - 1"", ""pct"": 14.249999999999998}, {""score"": ""1 - 2"", ""pct"": 9.09}]"
Cape Verde,Brazil,Neutral,0.476,2.224,5.7,16.8,77.5,5.4,1.2,1.4,78.6,6.5,6.8,8.0,92.0,"[{""score"": ""0 - 2"", ""pct"": 16.66}, {""score"": ""0 - 1"", ""pct"": 14.84}, {""score"": ""0 - 3"", ""pct"": 12.049999999999999}]"
Cape Verde,Ivory Coast,Neutral,0.898,1.802,17.7,24.6,57.7,17.7,3.5,3.9,58.8,7.5,8.6,25.0,75.0,"[{""score"": ""0 - 1"", ""pct"": 12.16}, {""score"": ""1 - 1"", ""pct"": 11.04}, {""score"": ""0 - 2"", ""pct"": 10.36}]"
Cape Verde,France,Neutral,0.43,2.27,4.6,15.0,80.4,4.8,0.9,1.2,79.3,6.7,7.1,6.9,93.1,"[{""score"": ""0 - 2"", ""pct"": 17.25}, {""score"": ""0 - 1"", ""pct"": 15.950000000000001}, {""score"": ""0 - 3"", ""pct"": 12.16}]"
Germany,Netherlands,Neutral,1.324,1.376,35.4,26.8,37.8,35.4,6.2,7.6,36.7,6.2,7.8,49.3,50.8,"[{""score"": ""1 - 1"", ""pct"": 12.24}, {""score"": ""0 - 1"", ""pct"": 9.5}, {""score"": ""1 - 0"", ""pct"": 9.31}]"
Germany,South Africa,Neutral,2.09,0.61,72.2,18.8,9.0,72.4,7.3,7.8,8.9,1.5,2.1,87.5,12.5,"[{""score"": ""2 - 0"", ""pct"": 14.63}, {""score"": ""1 - 0"", ""pct"": 14.27}, {""score"": ""3 - 0"", ""pct"": 9.81}]"
Germany,Japan,Neutral,1.198,1.502,29.0,27.0,44.0,29.6,5.1,6.8,43.3,6.5,8.7,41.5,58.5,"[{""score"": ""1 - 1"", ""pct"": 12.68}, {""score"": ""0 - 1"", ""pct"": 10.059999999999999}, {""score"": ""1 - 2"", ""pct"": 9.120000000000001}]"
Germany,Scotland,Neutral,1.781,0.919,57.4,24.6,18.1,57.5,7.5,9.2,17.8,3.4,4.5,74.2,25.8,"[{""score"": ""1 - 0"", ""pct"": 12.809999999999999}, {""score"": ""1 - 1"", ""pct"": 11.360000000000001}, {""score"": ""2 - 0"", ""pct"": 10.280000000000001}]"
Germany,Algeria,Neutral,1.539,1.161,46.4,26.6,27.1,46.0,6.9,7.8,27.8,4.9,6.6,60.7,39.3,"[{""score"": ""1 - 1"", ""pct"": 12.120000000000001}, {""score"": ""1 - 0"", ""pct"": 10.51}, {""score"": ""2 - 1"", ""pct"": 9.47}]"
Germany,Canada,Neutral,1.53,1.17,45.2,26.8,28.1,44.9,6.8,8.3,28.5,5.2,6.2,60.0,40.0,"[{""score"": ""1 - 1"", ""pct"": 11.78}, {""score"": ""1 - 0"", ""pct"": 10.870000000000001}, {""score"": ""2 - 1"", ""pct"": 9.42}]"
Germany,Haiti,Neutral,1.948,0.752,66.0,21.6,12.4,66.7,7.3,8.7,12.3,2.4,2.6,82.7,17.3,"[{""score"": ""1 - 0"", ""pct"": 13.22}, {""score"": ""2 - 0"", ""pct"": 12.94}, {""score"": ""2 - 1"", ""pct"": 9.6}]"
Germany,Spain,Neutral,0.754,1.946,13.2,21.3,65.6,13.2,2.8,3.1,65.9,7.0,8.0,19.1,80.9,"[{""score"": ""0 - 1"", ""pct"": 13.73}, {""score"": ""0 - 2"", ""pct"": 12.57}, {""score"": ""1 - 1"", ""pct"": 9.62}]"
Germany,Saudi Arabia,Neutral,1.997,0.703,67.3,21.3,11.4,68.2,7.3,8.1,11.4,2.2,2.9,83.6,16.4,"[{""score"": ""1 - 0"", ""pct"": 13.68}, {""score"": ""2 - 0"", ""pct"": 13.61}, {""score"": ""1 - 1"", ""pct"": 9.66}]"
Germany,Colombia,Neutral,1.112,1.588,25.1,26.3,48.6,25.8,4.2,6.3,47.9,7.4,8.4,36.3,63.7,"[{""score"": ""1 - 1"", ""pct"": 12.46}, {""score"": ""0 - 1"", ""pct"": 11.1}, {""score"": ""1 - 2"", ""pct"": 9.68}]"
Germany,Portugal,Neutral,1.191,1.509,29.3,26.5,44.1,29.5,5.6,6.5,43.1,6.8,8.5,41.6,58.4,"[{""score"": ""1 - 1"", ""pct"": 11.82}, {""score"": ""0 - 1"", ""pct"": 10.530000000000001}, {""score"": ""1 - 2"", ""pct"": 9.21}]"
Germany,Sweden,Neutral,2.001,0.699,67.9,21.1,11.0,68.4,7.1,8.2,11.4,2.3,2.6,83.7,16.3,"[{""score"": ""1 - 0"", ""pct"": 13.63}, {""score"": ""2 - 0"", ""pct"": 13.309999999999999}, {""score"": ""1 - 1"", ""pct"": 9.74}]"
Germany,Jordan,Neutral,1.76,0.94,56.6,24.4,19.0,56.5,7.9,8.6,18.2,3.8,5.0,73.0,27.0,"[{""score"": ""1 - 0"", ""pct"": 11.959999999999999}, {""score"": ""1 - 1"", ""pct"": 10.69}, {""score"": ""2 - 1"", ""pct"": 10.36}]"
Germany,Morocco,Neutral,1.245,1.455,30.6,27.5,41.9,31.8,5.1,6.8,41.5,6.7,8.1,43.7,56.3,"[{""score"": ""1 - 1"", ""pct"": 12.370000000000001}, {""score"": ""0 - 1"", ""pct"": 9.83}, {""score"": ""1 - 2"", ""pct"": 8.94}]"
Germany,Iraq,Neutral,1.912,0.788,64.7,21.7,13.6,63.9,7.2,8.5,14.2,2.9,3.3,79.6,20.4,"[{""score"": ""1 - 0"", ""pct"": 13.81}, {""score"": ""2 - 0"", ""pct"": 11.89}, {""score"": ""2 - 1"", ""pct"": 9.98}]"
Germany,Tunisia,Neutral,1.911,0.789,64.3,21.9,13.8,63.5,7.4,8.8,13.3,3.0,4.0,79.7,20.3,"[{""score"": ""1 - 0"", ""pct"": 13.44}, {""score"": ""2 - 0"", ""pct"": 12.08}, {""score"": ""1 - 1"", ""pct"": 10.299999999999999}]"
Germany,Qatar,Neutral,2.217,0.483,77.9,16.3,5.9,77.9,6.5,7.3,5.6,1.0,1.8,91.7,8.3,"[{""score"": ""2 - 0"", ""pct"": 16.63}, {""score"": ""1 - 0"", ""pct"": 15.32}, {""score"": ""3 - 0"", ""pct"": 12.09}]"
Germany,Curaçao,Neutral,2.148,0.552,74.5,18.2,7.3,74.9,7.0,7.4,7.5,1.6,1.6,89.3,10.7,"[{""score"": ""2 - 0"", ""pct"": 15.440000000000001}, {""score"": ""1 - 0"", ""pct"": 14.26}, {""score"": ""3 - 0"", ""pct"": 10.96}]"
Germany,Iran,Neutral,1.467,1.233,42.1,26.7,31.2,42.4,6.7,8.0,30.6,5.6,6.6,57.1,42.9,"[{""score"": ""1 - 1"", ""pct"": 12.16}, {""score"": ""1 - 0"", ""pct"": 9.879999999999999}, {""score"": ""2 - 1"", ""pct"": 8.85}]"
Germany,South Korea,Neutral,1.511,1.189,44.3,26.3,29.4,43.7,6.4,8.3,29.2,5.4,7.0,58.4,41.6,"[{""score"": ""1 - 1"", ""pct"": 12.13}, {""score"": ""1 - 0"", ""pct"": 10.41}, {""score"": ""2 - 1"", ""pct"": 8.790000000000001}]"
Germany,Ghana,Neutral,2.137,0.563,74.8,17.8,7.4,74.7,6.8,7.6,7.9,1.4,1.7,89.0,11.0,"[{""score"": ""1 - 0"", ""pct"": 15.509999999999998}, {""score"": ""2 - 0"", ""pct"": 14.979999999999999}, {""score"": ""3 - 0"", ""pct"": 10.6}]"
Germany,Norway,Neutral,1.449,1.251,40.7,26.9,32.4,41.4,7.2,7.6,31.4,5.7,6.8,56.2,43.8,"[{""score"": ""1 - 1"", ""pct"": 12.3}, {""score"": ""1 - 0"", ""pct"": 10.100000000000001}, {""score"": ""2 - 1"", ""pct"": 8.799999999999999}]"
Germany,England,Neutral,1.061,1.639,23.3,25.3,51.4,24.1,4.4,5.5,49.8,7.6,8.7,33.9,66.1,"[{""score"": ""1 - 1"", ""pct"": 11.67}, {""score"": ""0 - 1"", ""pct"": 11.24}, {""score"": ""1 - 2"", ""pct"": 9.74}]"
Germany,Mexico,Neutral,1.302,1.398,34.9,27.4,37.7,34.3,5.9,6.9,39.0,6.4,7.6,47.1,52.9,"[{""score"": ""1 - 1"", ""pct"": 12.31}, {""score"": ""0 - 1"", ""pct"": 9.56}, {""score"": ""1 - 0"", ""pct"": 9.24}]"
Germany,Austria,Neutral,1.719,0.981,54.8,24.8,20.4,55.1,7.6,8.6,20.2,3.9,4.6,71.3,28.7,"[{""score"": ""1 - 0"", ""pct"": 11.99}, {""score"": ""1 - 1"", ""pct"": 10.83}, {""score"": ""2 - 0"", ""pct"": 10.48}]"
Germany,Panama,Neutral,1.624,1.076,49.5,25.8,24.8,50.2,7.2,8.5,23.6,4.7,5.8,65.9,34.0,"[{""score"": ""1 - 1"", ""pct"": 11.559999999999999}, {""score"": ""1 - 0"", ""pct"": 11.110000000000001}, {""score"": ""2 - 1"", ""pct"": 9.719999999999999}]"
Germany,Bosnia and Herzegovina,Neutral,2.195,0.505,76.8,16.8,6.4,76.4,6.6,7.5,6.6,1.1,1.7,90.6,9.4,"[{""score"": ""2 - 0"", ""pct"": 16.35}, {""score"": ""1 - 0"", ""pct"": 15.479999999999999}, {""score"": ""3 - 0"", ""pct"": 11.28}]"
Germany,Czech Republic,Neutral,1.923,0.777,64.7,22.1,13.2,64.2,7.7,8.4,13.6,2.9,3.2,80.4,19.6,"[{""score"": ""1 - 0"", ""pct"": 13.69}, {""score"": ""2 - 0"", ""pct"": 12.27}, {""score"": ""2 - 1"", ""pct"": 9.879999999999999}]"
Germany,Switzerland,Neutral,1.508,1.192,44.6,26.2,29.1,43.6,6.7,8.2,28.9,5.8,6.9,58.5,41.5,"[{""score"": ""1 - 1"", ""pct"": 12.27}, {""score"": ""1 - 0"", ""pct"": 11.200000000000001}, {""score"": ""2 - 1"", ""pct"": 9.02}]"
Germany,Argentina,Neutral,0.791,1.909,14.1,22.1,63.8,13.8,2.4,3.7,64.0,7.1,9.0,19.9,80.1,"[{""score"": ""0 - 1"", ""pct"": 13.41}, {""score"": ""0 - 2"", ""pct"": 12.08}, {""score"": ""1 - 1"", ""pct"": 10.13}]"
Germany,Uzbekistan,Neutral,1.655,1.045,52.6,24.8,22.6,51.7,7.3,8.6,22.9,4.3,5.2,67.6,32.4,"[{""score"": ""1 - 0"", ""pct"": 11.73}, {""score"": ""1 - 1"", ""pct"": 10.96}, {""score"": ""2 - 1"", ""pct"": 10.17}]"
Germany,Belgium,Neutral,1.485,1.215,43.5,26.5,30.0,43.0,6.7,8.2,30.5,5.5,6.1,57.8,42.2,"[{""score"": ""1 - 1"", ""pct"": 11.92}, {""score"": ""1 - 0"", ""pct"": 10.290000000000001}, {""score"": ""2 - 1"", ""pct"": 9.26}]"
Germany,Australia,Neutral,1.424,1.276,40.5,26.5,33.0,39.7,6.3,8.2,33.0,5.9,6.9,54.2,45.8,"[{""score"": ""1 - 1"", ""pct"": 11.61}, {""score"": ""1 - 0"", ""pct"": 10.07}, {""score"": ""2 - 1"", ""pct"": 9.030000000000001}]"
Germany,Paraguay,Neutral,1.521,1.179,44.8,26.3,28.9,44.5,7.1,8.1,28.3,5.3,6.7,59.7,40.3,"[{""score"": ""1 - 1"", ""pct"": 12.21}, {""score"": ""1 - 0"", ""pct"": 10.79}, {""score"": ""2 - 1"", ""pct"": 9.049999999999999}]"
Germany,Egypt,Neutral,1.819,0.881,59.9,23.5,16.6,60.0,7.5,8.4,16.5,3.4,4.2,75.9,24.1,"[{""score"": ""1 - 0"", ""pct"": 12.94}, {""score"": ""1 - 1"", ""pct"": 10.59}, {""score"": ""2 - 0"", ""pct"": 10.43}]"
Germany,Ecuador,Neutral,1.203,1.497,29.9,26.6,43.6,29.9,4.8,6.5,43.8,7.0,7.9,41.3,58.7,"[{""score"": ""1 - 1"", ""pct"": 12.049999999999999}, {""score"": ""0 - 1"", ""pct"": 9.99}, {""score"": ""1 - 2"", ""pct"": 9.08}]"
Germany,Cape Verde,Neutral,2.113,0.587,73.5,18.4,8.1,73.3,7.0,7.5,8.4,1.7,2.1,87.8,12.2,"[{""score"": ""2 - 0"", ""pct"": 15.27}, {""score"": ""1 - 0"", ""pct"": 14.23}, {""score"": ""3 - 0"", ""pct"": 10.530000000000001}]"
Germany,DR Congo,Neutral,1.885,0.815,63.3,22.4,14.3,62.5,7.9,8.7,14.5,2.5,3.9,79.1,20.9,"[{""score"": ""1 - 0"", ""pct"": 13.16}, {""score"": ""2 - 0"", ""pct"": 12.16}, {""score"": ""2 - 1"", ""pct"": 10.209999999999999}]"
Germany,Croatia,Neutral,1.416,1.284,39.6,26.8,33.6,39.3,6.7,7.8,33.4,5.9,6.9,53.7,46.3,"[{""score"": ""1 - 1"", ""pct"": 12.280000000000001}, {""score"": ""1 - 0"", ""pct"": 9.950000000000001}, {""score"": ""0 - 1"", ""pct"": 8.89}]"
Germany,Turkey,Neutral,1.47,1.23,42.8,27.5,29.7,42.3,6.8,8.2,30.5,5.4,6.8,57.3,42.7,"[{""score"": ""1 - 1"", ""pct"": 12.690000000000001}, {""score"": ""1 - 0"", ""pct"": 10.780000000000001}, {""score"": ""2 - 1"", ""pct"": 9.13}]"
Germany,Uruguay,Neutral,1.346,1.354,36.1,27.2,36.7,35.3,6.1,7.3,37.9,5.8,7.5,48.7,51.3,"[{""score"": ""1 - 1"", ""pct"": 12.889999999999999}, {""score"": ""0 - 1"", ""pct"": 9.41}, {""score"": ""1 - 0"", ""pct"": 9.27}]"
Germany,New Zealand,Neutral,1.977,0.723,67.2,21.3,11.6,67.4,7.6,8.5,11.2,2.2,3.1,83.5,16.5,"[{""score"": ""1 - 0"", ""pct"": 13.58}, {""score"": ""2 - 0"", ""pct"": 12.41}, {""score"": ""2 - 1"", ""pct"": 9.520000000000001}]"
Germany,United States,Neutral,1.733,0.967,55.8,24.2,20.1,55.0,7.9,8.7,19.9,3.8,4.7,71.6,28.4,"[{""score"": ""1 - 0"", ""pct"": 12.21}, {""score"": ""1 - 1"", ""pct"": 10.85}, {""score"": ""2 - 0"", ""pct"": 10.0}]"
Germany,Senegal,Neutral,1.499,1.201,44.6,26.0,29.4,43.7,7.2,8.2,29.2,5.2,6.4,59.1,40.9,"[{""score"": ""1 - 1"", ""pct"": 12.18}, {""score"": ""1 - 0"", ""pct"": 10.35}, {""score"": ""2 - 1"", ""pct"": 9.55}]"
Germany,Brazil,Neutral,1.102,1.598,25.7,26.0,48.4,26.4,4.3,6.0,47.5,7.6,8.2,36.6,63.4,"[{""score"": ""1 - 1"", ""pct"": 11.899999999999999}, {""score"": ""0 - 1"", ""pct"": 10.85}, {""score"": ""1 - 2"", ""pct"": 9.13}]"
Germany,Ivory Coast,Neutral,1.785,0.915,57.1,24.8,18.1,57.2,8.0,8.9,18.2,3.2,4.5,74.1,25.9,"[{""score"": ""1 - 1"", ""pct"": 11.88}, {""score"": ""1 - 0"", ""pct"": 11.709999999999999}, {""score"": ""2 - 0"", ""pct"": 10.84}]"
Germany,France,Neutral,0.977,1.723,20.2,25.3,54.5,19.9,3.9,4.8,55.1,7.4,8.8,28.6,71.4,"[{""score"": ""0 - 1"", ""pct"": 12.33}, {""score"": ""1 - 1"", ""pct"": 11.28}, {""score"": ""1 - 2"", ""pct"": 9.58}]"
DR Congo,Netherlands,Neutral,0.795,1.905,14.2,22.1,63.7,13.3,2.7,3.6,64.0,7.9,8.4,19.7,80.3,"[{""score"": ""0 - 1"", ""pct"": 13.38}, {""score"": ""0 - 2"", ""pct"": 11.84}, {""score"": ""1 - 2"", ""pct"": 9.76}]"
DR Congo,South Africa,Neutral,1.655,1.045,51.6,25.4,23.0,51.6,7.2,8.6,23.3,4.0,5.4,67.4,32.6,"[{""score"": ""1 - 0"", ""pct"": 11.78}, {""score"": ""1 - 1"", ""pct"": 11.44}, {""score"": ""2 - 1"", ""pct"": 9.75}]"
DR Congo,Japan,Neutral,0.706,1.994,11.2,20.6,68.1,11.2,2.1,2.5,67.9,7.8,8.5,15.9,84.1,"[{""score"": ""0 - 1"", ""pct"": 14.729999999999999}, {""score"": ""0 - 2"", ""pct"": 13.089999999999998}, {""score"": ""1 - 2"", ""pct"": 9.569999999999999}]"
DR Congo,Scotland,Neutral,1.22,1.48,30.8,26.4,42.8,29.6,5.4,6.7,43.0,7.0,8.3,41.7,58.3,"[{""score"": ""1 - 1"", ""pct"": 12.18}, {""score"": ""0 - 1"", ""pct"": 10.22}, {""score"": ""1 - 2"", ""pct"": 9.030000000000001}]"
DR Congo,Algeria,Neutral,0.972,1.728,20.2,24.1,55.7,19.9,4.0,4.9,55.2,7.5,8.5,28.8,71.2,"[{""score"": ""0 - 1"", ""pct"": 11.97}, {""score"": ""1 - 1"", ""pct"": 11.14}, {""score"": ""0 - 2"", ""pct"": 10.2}]"
DR Congo,Canada,Neutral,0.963,1.737,20.2,24.8,55.0,20.1,3.7,4.8,55.7,7.2,8.5,28.6,71.5,"[{""score"": ""0 - 1"", ""pct"": 12.34}, {""score"": ""1 - 1"", ""pct"": 11.34}, {""score"": ""1 - 2"", ""pct"": 9.77}]"
DR Congo,Haiti,Neutral,1.434,1.266,40.2,26.7,33.1,41.0,6.4,7.9,32.4,5.2,7.1,55.3,44.7,"[{""score"": ""1 - 1"", ""pct"": 12.55}, {""score"": ""1 - 0"", ""pct"": 9.69}, {""score"": ""0 - 1"", ""pct"": 8.959999999999999}]"
DR Congo,Spain,Neutral,0.455,2.245,5.0,15.7,79.2,5.3,1.1,1.4,78.5,6.6,7.2,7.8,92.2,"[{""score"": ""0 - 2"", ""pct"": 17.549999999999997}, {""score"": ""0 - 1"", ""pct"": 15.459999999999999}, {""score"": ""0 - 3"", ""pct"": 12.46}]"
DR Congo,Saudi Arabia,Neutral,1.506,1.194,44.5,26.6,29.0,44.8,6.5,8.4,28.9,5.1,6.2,59.7,40.3,"[{""score"": ""1 - 1"", ""pct"": 11.88}, {""score"": ""1 - 0"", ""pct"": 10.43}, {""score"": ""2 - 1"", ""pct"": 9.39}]"
DR Congo,Colombia,Neutral,0.65,2.05,9.8,19.4,70.8,9.4,1.8,2.8,71.1,7.1,7.7,14.1,85.9,"[{""score"": ""0 - 2"", ""pct"": 14.41}, {""score"": ""0 - 1"", ""pct"": 14.04}, {""score"": ""0 - 3"", ""pct"": 9.54}]"
DR Congo,Portugal,Neutral,0.701,1.999,11.4,20.6,68.0,11.3,2.5,2.8,68.3,7.5,7.7,16.5,83.5,"[{""score"": ""0 - 1"", ""pct"": 14.23}, {""score"": ""0 - 2"", ""pct"": 13.389999999999999}, {""score"": ""1 - 1"", ""pct"": 9.34}]"
DR Congo,Sweden,Neutral,1.513,1.187,44.4,26.8,28.8,44.4,7.0,8.4,28.6,5.3,6.3,59.8,40.2,"[{""score"": ""1 - 1"", ""pct"": 12.46}, {""score"": ""1 - 0"", ""pct"": 10.91}, {""score"": ""2 - 1"", ""pct"": 9.09}]"
DR Congo,Jordan,Neutral,1.197,1.503,29.1,27.2,43.7,29.2,5.6,6.6,43.2,6.8,8.5,41.4,58.6,"[{""score"": ""1 - 1"", ""pct"": 12.61}, {""score"": ""0 - 1"", ""pct"": 10.68}, {""score"": ""1 - 2"", ""pct"": 9.01}]"
DR Congo,Morocco,Neutral,0.738,1.962,12.6,21.3,66.1,11.7,2.5,3.2,66.6,7.5,8.5,17.4,82.6,"[{""score"": ""0 - 1"", ""pct"": 13.81}, {""score"": ""0 - 2"", ""pct"": 12.839999999999998}, {""score"": ""1 - 1"", ""pct"": 9.68}]"
DR Congo,Iraq,Neutral,1.385,1.315,38.3,27.3,34.5,38.2,6.2,8.1,34.1,6.1,7.3,52.5,47.5,"[{""score"": ""1 - 1"", ""pct"": 12.7}, {""score"": ""1 - 0"", ""pct"": 9.73}, {""score"": ""0 - 1"", ""pct"": 8.76}]"
DR Congo,Tunisia,Neutral,1.384,1.316,38.3,26.2,35.5,38.2,6.5,7.6,34.4,5.8,7.5,52.3,47.7,"[{""score"": ""1 - 1"", ""pct"": 11.78}, {""score"": ""1 - 0"", ""pct"": 9.35}, {""score"": ""2 - 1"", ""pct"": 8.76}]"
DR Congo,Qatar,Neutral,1.889,0.811,63.3,22.8,14.0,63.0,7.7,8.5,14.5,2.6,3.7,79.2,20.8,"[{""score"": ""1 - 0"", ""pct"": 13.569999999999999}, {""score"": ""2 - 0"", ""pct"": 12.0}, {""score"": ""1 - 1"", ""pct"": 10.5}]"
DR Congo,Curaçao,Neutral,1.756,0.944,57.4,23.8,18.8,55.8,7.9,9.0,19.0,3.8,4.5,72.7,27.3,"[{""score"": ""1 - 0"", ""pct"": 11.99}, {""score"": ""1 - 1"", ""pct"": 10.48}, {""score"": ""2 - 1"", ""pct"": 10.33}]"
DR Congo,Iran,Neutral,0.909,1.791,18.1,24.1,57.9,17.6,3.3,4.3,58.1,8.0,8.8,25.2,74.8,"[{""score"": ""0 - 1"", ""pct"": 12.61}, {""score"": ""1 - 1"", ""pct"": 11.129999999999999}, {""score"": ""0 - 2"", ""pct"": 10.81}]"
DR Congo,South Korea,Neutral,0.947,1.753,19.5,25.2,55.3,19.1,3.4,4.8,57.2,7.3,8.2,27.3,72.7,"[{""score"": ""0 - 1"", ""pct"": 12.889999999999999}, {""score"": ""1 - 1"", ""pct"": 11.52}, {""score"": ""0 - 2"", ""pct"": 9.99}]"
DR Congo,Ghana,Neutral,1.736,0.964,55.4,24.7,20.0,55.0,7.6,8.9,19.9,3.8,4.7,71.5,28.4,"[{""score"": ""1 - 0"", ""pct"": 12.590000000000002}, {""score"": ""1 - 1"", ""pct"": 11.43}, {""score"": ""2 - 1"", ""pct"": 9.83}]"
DR Congo,Norway,Neutral,0.893,1.807,17.0,23.7,59.3,17.6,3.1,4.4,58.7,7.6,8.7,25.0,75.0,"[{""score"": ""0 - 1"", ""pct"": 13.25}, {""score"": ""0 - 2"", ""pct"": 11.1}, {""score"": ""1 - 1"", ""pct"": 10.48}]"
DR Congo,England,Neutral,0.619,2.081,8.5,19.3,72.2,8.6,1.9,2.3,72.4,7.0,7.7,12.9,87.1,"[{""score"": ""0 - 1"", ""pct"": 14.829999999999998}, {""score"": ""0 - 2"", ""pct"": 14.360000000000001}, {""score"": ""0 - 3"", ""pct"": 9.569999999999999}]"
DR Congo,Mexico,Neutral,0.779,1.921,13.7,21.6,64.7,13.7,2.7,3.1,64.3,7.6,8.6,19.5,80.5,"[{""score"": ""0 - 1"", ""pct"": 13.44}, {""score"": ""0 - 2"", ""pct"": 12.479999999999999}, {""score"": ""1 - 2"", ""pct"": 9.64}]"
DR Congo,Austria,Neutral,1.151,1.549,27.7,26.2,46.1,27.8,4.7,6.4,45.9,7.1,8.1,38.9,61.1,"[{""score"": ""1 - 1"", ""pct"": 11.83}, {""score"": ""0 - 1"", ""pct"": 10.68}, {""score"": ""1 - 2"", ""pct"": 9.82}]"
DR Congo,Panama,Neutral,1.053,1.647,23.0,25.2,51.7,23.0,4.3,5.4,51.9,6.8,8.6,32.7,67.3,"[{""score"": ""0 - 1"", ""pct"": 12.1}, {""score"": ""1 - 1"", ""pct"": 11.93}, {""score"": ""1 - 2"", ""pct"": 9.46}]"
DR Congo,Bosnia and Herzegovina,Neutral,1.844,0.856,61.5,23.2,15.3,60.9,7.6,8.4,15.7,3.3,4.2,76.8,23.2,"[{""score"": ""1 - 0"", ""pct"": 13.239999999999998}, {""score"": ""2 - 0"", ""pct"": 11.48}, {""score"": ""1 - 1"", ""pct"": 10.59}]"
DR Congo,Czech Republic,Neutral,1.401,1.299,39.4,26.8,33.8,39.3,6.4,7.6,33.3,5.9,7.6,53.2,46.8,"[{""score"": ""1 - 1"", ""pct"": 11.51}, {""score"": ""1 - 0"", ""pct"": 9.6}, {""score"": ""0 - 1"", ""pct"": 9.2}]"
DR Congo,Switzerland,Neutral,0.945,1.755,18.2,24.2,57.6,19.3,3.6,4.5,56.9,7.2,8.6,27.4,72.6,"[{""score"": ""0 - 1"", ""pct"": 11.95}, {""score"": ""1 - 1"", ""pct"": 10.85}, {""score"": ""1 - 2"", ""pct"": 10.290000000000001}]"
DR Congo,Argentina,Neutral,0.472,2.228,5.6,15.9,78.5,5.4,1.2,1.5,78.3,6.3,7.3,8.1,91.9,"[{""score"": ""0 - 2"", ""pct"": 16.71}, {""score"": ""0 - 1"", ""pct"": 14.59}, {""score"": ""0 - 3"", ""pct"": 12.32}]"
DR Congo,Uzbekistan,Neutral,1.084,1.616,24.5,26.4,49.1,24.8,4.4,5.9,49.7,7.2,8.0,35.1,64.9,"[{""score"": ""1 - 1"", ""pct"": 11.49}, {""score"": ""0 - 1"", ""pct"": 11.07}, {""score"": ""1 - 2"", ""pct"": 9.719999999999999}]"
DR Congo,Belgium,Neutral,0.924,1.776,18.3,24.0,57.7,18.3,3.4,4.5,57.8,7.3,8.8,26.1,73.9,"[{""score"": ""0 - 1"", ""pct"": 11.790000000000001}, {""score"": ""1 - 1"", ""pct"": 10.74}, {""score"": ""0 - 2"", ""pct"": 10.620000000000001}]"
DR Congo,Australia,Neutral,0.873,1.827,16.6,23.5,59.9,16.2,3.4,4.2,60.1,7.3,8.8,23.8,76.2,"[{""score"": ""0 - 1"", ""pct"": 12.44}, {""score"": ""0 - 2"", ""pct"": 11.14}, {""score"": ""1 - 1"", ""pct"": 10.52}]"
DR Congo,Paraguay,Neutral,0.956,1.744,19.9,24.5,55.5,19.6,3.5,4.7,56.5,7.0,8.7,27.7,72.3,"[{""score"": ""0 - 1"", ""pct"": 12.02}, {""score"": ""1 - 1"", ""pct"": 10.780000000000001}, {""score"": ""1 - 2"", ""pct"": 9.99}]"
DR Congo,Egypt,Neutral,1.266,1.434,31.8,27.3,40.9,33.4,5.7,7.5,39.6,6.4,7.5,46.5,53.5,"[{""score"": ""1 - 1"", ""pct"": 12.879999999999999}, {""score"": ""0 - 1"", ""pct"": 10.0}, {""score"": ""1 - 2"", ""pct"": 8.58}]"
DR Congo,Ecuador,Neutral,0.709,1.991,11.0,21.3,67.7,11.1,2.0,2.9,67.9,7.4,8.8,15.9,84.1,"[{""score"": ""0 - 1"", ""pct"": 13.83}, {""score"": ""0 - 2"", ""pct"": 13.23}, {""score"": ""1 - 2"", ""pct"": 9.5}]"
DR Congo,Cape Verde,Neutral,1.694,1.006,53.2,25.3,21.5,52.9,7.5,8.7,21.9,3.8,5.1,69.2,30.8,"[{""score"": ""1 - 0"", ""pct"": 12.0}, {""score"": ""1 - 1"", ""pct"": 11.3}, {""score"": ""2 - 0"", ""pct"": 9.379999999999999}]"
DR Congo,Germany,Neutral,0.815,1.885,14.6,22.1,63.3,15.6,2.4,3.5,62.8,7.3,8.5,21.4,78.6,"[{""score"": ""0 - 1"", ""pct"": 13.56}, {""score"": ""0 - 2"", ""pct"": 12.07}, {""score"": ""1 - 1"", ""pct"": 9.87}]"
DR Congo,Croatia,Neutral,0.867,1.833,16.5,22.7,60.8,15.8,3.0,4.0,60.6,8.1,8.5,22.8,77.2,"[{""score"": ""0 - 1"", ""pct"": 12.83}, {""score"": ""0 - 2"", ""pct"": 10.97}, {""score"": ""1 - 1"", ""pct"": 10.100000000000001}]"
DR Congo,Turkey,Neutral,0.911,1.789,17.9,23.8,58.3,17.0,3.5,4.3,59.1,7.5,8.6,24.8,75.2,"[{""score"": ""0 - 1"", ""pct"": 12.53}, {""score"": ""1 - 1"", ""pct"": 10.86}, {""score"": ""0 - 2"", ""pct"": 10.530000000000001}]"
DR Congo,Uruguay,Neutral,0.811,1.889,13.5,22.6,63.9,14.7,3.0,3.4,63.3,7.7,7.9,21.1,78.9,"[{""score"": ""0 - 1"", ""pct"": 13.29}, {""score"": ""0 - 2"", ""pct"": 11.790000000000001}, {""score"": ""1 - 1"", ""pct"": 10.24}]"
DR Congo,New Zealand,Neutral,1.477,1.223,43.4,27.4,29.2,42.6,6.9,7.8,30.2,5.5,7.0,57.3,42.7,"[{""score"": ""1 - 1"", ""pct"": 12.659999999999998}, {""score"": ""1 - 0"", ""pct"": 10.59}, {""score"": ""2 - 1"", ""pct"": 9.35}]"
DR Congo,United States,Neutral,1.166,1.534,28.6,25.9,45.4,28.3,4.9,6.7,44.6,7.2,8.2,39.9,60.1,"[{""score"": ""1 - 1"", ""pct"": 12.34}, {""score"": ""0 - 1"", ""pct"": 10.67}, {""score"": ""1 - 2"", ""pct"": 9.33}]"
DR Congo,Senegal,Neutral,0.936,1.764,18.8,24.7,56.5,18.9,3.3,4.7,57.7,7.0,8.4,26.9,73.1,"[{""score"": ""0 - 1"", ""pct"": 12.04}, {""score"": ""1 - 1"", ""pct"": 11.24}, {""score"": ""0 - 2"", ""pct"": 10.14}]"
DR Congo,Brazil,Neutral,0.644,2.056,9.2,19.8,71.0,9.2,1.9,2.4,71.1,7.4,8.0,13.6,86.4,"[{""score"": ""0 - 1"", ""pct"": 14.93}, {""score"": ""0 - 2"", ""pct"": 13.79}, {""score"": ""0 - 3"", ""pct"": 9.21}]"
DR Congo,Ivory Coast,Neutral,1.225,1.475,30.6,26.9,42.4,30.2,5.2,6.8,42.9,6.5,8.4,42.2,57.8,"[{""score"": ""1 - 1"", ""pct"": 11.82}, {""score"": ""0 - 1"", ""pct"": 10.67}, {""score"": ""1 - 2"", ""pct"": 8.93}]"
DR Congo,France,Neutral,0.57,2.13,7.4,18.8,73.8,7.4,1.4,2.0,74.1,7.4,7.7,10.8,89.2,"[{""score"": ""0 - 2"", ""pct"": 15.02}, {""score"": ""0 - 1"", ""pct"": 14.11}, {""score"": ""0 - 3"", ""pct"": 11.020000000000001}]"
Croatia,Netherlands,Neutral,1.258,1.442,32.1,26.9,41.0,32.1,5.9,6.9,40.6,6.3,8.2,44.9,55.1,"[{""score"": ""1 - 1"", ""pct"": 11.790000000000001}, {""score"": ""0 - 1"", ""pct"": 9.379999999999999}, {""score"": ""1 - 2"", ""pct"": 9.139999999999999}]"
Croatia,South Africa,Neutral,2.052,0.648,70.8,19.7,9.5,70.6,6.9,8.4,9.6,1.8,2.7,85.9,14.1,"[{""score"": ""1 - 0"", ""pct"": 14.34}, {""score"": ""2 - 0"", ""pct"": 14.280000000000001}, {""score"": ""3 - 0"", ""pct"": 9.379999999999999}]"
Croatia,Japan,Neutral,1.133,1.567,26.3,26.6,47.1,26.8,4.8,6.0,47.1,6.9,8.3,37.7,62.3,"[{""score"": ""1 - 1"", ""pct"": 12.31}, {""score"": ""0 - 1"", ""pct"": 10.85}, {""score"": ""1 - 2"", ""pct"": 9.1}]"
Croatia,Scotland,Neutral,1.723,0.977,55.0,25.1,19.9,54.8,7.3,8.9,20.1,3.7,5.2,71.0,29.0,"[{""score"": ""1 - 0"", ""pct"": 12.23}, {""score"": ""1 - 1"", ""pct"": 11.24}, {""score"": ""2 - 1"", ""pct"": 10.07}]"
Croatia,Algeria,Neutral,1.474,1.226,42.0,26.7,31.3,42.1,7.2,7.7,30.7,5.6,6.7,57.0,43.0,"[{""score"": ""1 - 1"", ""pct"": 12.06}, {""score"": ""1 - 0"", ""pct"": 10.09}, {""score"": ""2 - 1"", ""pct"": 9.04}]"
Croatia,Canada,Neutral,1.464,1.236,42.5,26.5,31.0,42.0,6.7,8.2,31.4,5.2,6.5,56.9,43.1,"[{""score"": ""1 - 1"", ""pct"": 12.4}, {""score"": ""1 - 0"", ""pct"": 10.27}, {""score"": ""2 - 1"", ""pct"": 9.29}]"
Croatia,Haiti,Neutral,1.899,0.801,63.2,22.5,14.2,62.8,7.3,8.5,15.0,2.8,3.5,78.6,21.4,"[{""score"": ""1 - 0"", ""pct"": 13.41}, {""score"": ""2 - 0"", ""pct"": 11.98}, {""score"": ""1 - 1"", ""pct"": 10.24}]"
Croatia,Spain,Neutral,0.709,1.991,11.2,19.8,69.0,11.7,2.1,3.0,67.4,7.3,8.5,16.8,83.2,"[{""score"": ""0 - 1"", ""pct"": 14.02}, {""score"": ""0 - 2"", ""pct"": 13.370000000000001}, {""score"": ""1 - 2"", ""pct"": 9.4}]"
Croatia,Saudi Arabia,Neutral,1.952,0.748,65.0,22.2,12.7,65.9,7.4,8.4,13.0,2.4,2.9,81.7,18.3,"[{""score"": ""1 - 0"", ""pct"": 13.270000000000001}, {""score"": ""2 - 0"", ""pct"": 12.07}, {""score"": ""1 - 1"", ""pct"": 9.879999999999999}]"
Croatia,Colombia,Neutral,1.049,1.651,23.2,25.1,51.7,22.9,3.7,6.0,51.6,7.2,8.7,32.6,67.4,"[{""score"": ""0 - 1"", ""pct"": 11.78}, {""score"": ""1 - 1"", ""pct"": 11.43}, {""score"": ""1 - 2"", ""pct"": 10.13}]"
Croatia,Portugal,Neutral,1.127,1.573,25.1,27.2,47.7,26.2,4.9,6.3,46.9,7.3,8.2,37.5,62.5,"[{""score"": ""1 - 1"", ""pct"": 12.809999999999999}, {""score"": ""0 - 1"", ""pct"": 11.57}, {""score"": ""1 - 2"", ""pct"": 9.6}]"
Croatia,Sweden,Neutral,1.957,0.743,66.6,21.1,12.3,65.7,7.7,8.7,12.4,2.3,3.2,82.0,18.0,"[{""score"": ""1 - 0"", ""pct"": 13.71}, {""score"": ""2 - 0"", ""pct"": 12.950000000000001}, {""score"": ""2 - 1"", ""pct"": 9.54}]"
Croatia,Jordan,Neutral,1.702,0.998,53.2,26.2,20.7,52.9,7.7,8.8,21.6,3.8,5.3,69.4,30.6,"[{""score"": ""1 - 1"", ""pct"": 11.81}, {""score"": ""1 - 0"", ""pct"": 11.25}, {""score"": ""2 - 1"", ""pct"": 9.790000000000001}]"
Croatia,Morocco,Neutral,1.179,1.521,29.2,26.2,44.6,27.9,5.6,6.3,44.5,7.2,8.5,39.8,60.2,"[{""score"": ""1 - 1"", ""pct"": 11.81}, {""score"": ""0 - 1"", ""pct"": 9.99}, {""score"": ""1 - 2"", ""pct"": 8.97}]"
Croatia,Iraq,Neutral,1.862,0.838,62.6,22.8,14.6,62.1,7.3,8.4,15.7,2.8,3.7,77.7,22.3,"[{""score"": ""1 - 0"", ""pct"": 13.04}, {""score"": ""2 - 0"", ""pct"": 11.3}, {""score"": ""1 - 1"", ""pct"": 10.69}]"
Croatia,Tunisia,Neutral,1.861,0.839,61.8,22.7,15.5,61.6,7.9,9.1,15.4,2.7,3.3,78.6,21.4,"[{""score"": ""1 - 0"", ""pct"": 13.13}, {""score"": ""2 - 0"", ""pct"": 11.23}, {""score"": ""1 - 1"", ""pct"": 10.39}]"
Croatia,Qatar,Neutral,2.191,0.509,77.2,16.8,6.0,76.5,6.6,7.7,6.3,1.2,1.8,90.8,9.2,"[{""score"": ""2 - 0"", ""pct"": 16.55}, {""score"": ""1 - 0"", ""pct"": 15.1}, {""score"": ""3 - 0"", ""pct"": 11.31}]"
Croatia,Curaçao,Neutral,2.115,0.585,73.3,18.7,8.0,73.5,7.3,7.5,8.0,1.7,2.0,88.3,11.7,"[{""score"": ""2 - 0"", ""pct"": 15.24}, {""score"": ""1 - 0"", ""pct"": 14.540000000000001}, {""score"": ""3 - 0"", ""pct"": 10.13}]"
Croatia,Iran,Neutral,1.401,1.299,39.0,28.0,33.1,39.1,6.3,7.6,33.5,6.0,7.4,53.0,47.0,"[{""score"": ""1 - 1"", ""pct"": 12.98}, {""score"": ""1 - 0"", ""pct"": 9.65}, {""score"": ""2 - 1"", ""pct"": 8.7}]"
Croatia,South Korea,Neutral,1.446,1.254,41.2,26.5,32.3,40.9,7.0,8.0,31.5,6.0,6.6,55.9,44.1,"[{""score"": ""1 - 1"", ""pct"": 11.63}, {""score"": ""1 - 0"", ""pct"": 10.11}, {""score"": ""2 - 1"", ""pct"": 8.61}]"
Croatia,Ghana,Neutral,2.103,0.597,73.2,18.0,8.8,73.2,7.0,7.5,8.2,1.8,2.3,87.7,12.3,"[{""score"": ""1 - 0"", ""pct"": 15.229999999999999}, {""score"": ""2 - 0"", ""pct"": 14.499999999999998}, {""score"": ""3 - 0"", ""pct"": 9.73}]"
Croatia,Norway,Neutral,1.383,1.317,37.6,28.0,34.4,37.5,6.8,7.2,35.5,6.0,7.0,51.5,48.5,"[{""score"": ""1 - 1"", ""pct"": 12.41}, {""score"": ""0 - 1"", ""pct"": 9.5}, {""score"": ""1 - 0"", ""pct"": 9.5}]"
Croatia,England,Neutral,1.001,1.699,21.1,25.3,53.6,20.8,4.6,4.9,53.7,7.4,8.6,30.2,69.8,"[{""score"": ""1 - 1"", ""pct"": 11.83}, {""score"": ""0 - 1"", ""pct"": 11.57}, {""score"": ""1 - 2"", ""pct"": 9.85}]"
Croatia,Mexico,Neutral,1.236,1.464,32.1,26.8,41.1,32.3,5.3,6.4,41.7,6.0,8.2,44.0,56.0,"[{""score"": ""1 - 1"", ""pct"": 11.64}, {""score"": ""0 - 1"", ""pct"": 9.73}, {""score"": ""1 - 2"", ""pct"": 8.99}]"
Croatia,Austria,Neutral,1.659,1.041,52.3,25.2,22.5,52.1,6.9,8.7,22.4,4.3,5.5,67.7,32.3,"[{""score"": ""1 - 0"", ""pct"": 11.52}, {""score"": ""1 - 1"", ""pct"": 11.3}, {""score"": ""2 - 1"", ""pct"": 9.89}]"
Croatia,Panama,Neutral,1.561,1.139,46.8,26.6,26.6,47.0,6.8,8.4,26.3,5.5,6.0,62.2,37.8,"[{""score"": ""1 - 1"", ""pct"": 12.29}, {""score"": ""1 - 0"", ""pct"": 11.379999999999999}, {""score"": ""2 - 1"", ""pct"": 9.11}]"
Croatia,Bosnia and Herzegovina,Neutral,2.166,0.534,75.7,17.9,6.5,75.7,7.0,7.2,7.1,1.3,1.7,90.0,10.0,"[{""score"": ""2 - 0"", ""pct"": 15.959999999999999}, {""score"": ""1 - 0"", ""pct"": 14.7}, {""score"": ""3 - 0"", ""pct"": 10.66}]"
Croatia,Czech Republic,Neutral,1.873,0.827,62.8,22.6,14.6,62.1,8.1,8.3,14.5,2.9,4.1,78.5,21.5,"[{""score"": ""1 - 0"", ""pct"": 12.620000000000001}, {""score"": ""2 - 0"", ""pct"": 11.899999999999999}, {""score"": ""1 - 1"", ""pct"": 10.37}]"
Croatia,Switzerland,Neutral,1.443,1.257,40.2,27.8,32.1,41.0,6.6,7.8,31.9,5.4,7.3,55.4,44.6,"[{""score"": ""1 - 1"", ""pct"": 12.45}, {""score"": ""1 - 0"", ""pct"": 9.84}, {""score"": ""2 - 1"", ""pct"": 8.780000000000001}]"
Croatia,Argentina,Neutral,0.743,1.957,12.7,21.6,65.8,12.5,2.5,3.2,66.2,7.1,8.5,18.2,81.8,"[{""score"": ""0 - 1"", ""pct"": 13.469999999999999}, {""score"": ""0 - 2"", ""pct"": 12.15}, {""score"": ""1 - 2"", ""pct"": 9.51}]"
Croatia,Uzbekistan,Neutral,1.593,1.107,47.9,26.8,25.3,47.9,7.4,8.0,25.8,4.8,6.2,63.3,36.7,"[{""score"": ""1 - 1"", ""pct"": 11.940000000000001}, {""score"": ""1 - 0"", ""pct"": 10.93}, {""score"": ""2 - 1"", ""pct"": 9.610000000000001}]"
Croatia,Belgium,Neutral,1.42,1.28,40.1,27.1,32.8,39.6,6.5,7.6,33.6,5.6,7.2,53.6,46.4,"[{""score"": ""1 - 1"", ""pct"": 12.08}, {""score"": ""1 - 0"", ""pct"": 9.62}, {""score"": ""2 - 1"", ""pct"": 8.7}]"
Croatia,Australia,Neutral,1.358,1.342,36.5,27.6,36.0,36.0,6.4,7.7,36.5,6.2,7.2,50.1,49.9,"[{""score"": ""1 - 1"", ""pct"": 12.690000000000001}, {""score"": ""0 - 1"", ""pct"": 9.049999999999999}, {""score"": ""1 - 0"", ""pct"": 8.959999999999999}]"
Croatia,Paraguay,Neutral,1.456,1.244,41.3,27.5,31.2,41.4,6.8,8.5,31.7,5.2,6.5,56.6,43.4,"[{""score"": ""1 - 1"", ""pct"": 12.33}, {""score"": ""1 - 0"", ""pct"": 9.969999999999999}, {""score"": ""2 - 1"", ""pct"": 8.7}]"
Croatia,Egypt,Neutral,1.763,0.937,57.0,23.9,19.1,57.0,7.4,8.8,18.2,3.7,4.8,73.3,26.7,"[{""score"": ""1 - 0"", ""pct"": 12.21}, {""score"": ""1 - 1"", ""pct"": 10.91}, {""score"": ""2 - 0"", ""pct"": 10.56}]"
Croatia,Ecuador,Neutral,1.139,1.561,26.6,26.5,46.9,27.2,5.0,6.2,46.8,6.7,8.1,38.4,61.6,"[{""score"": ""1 - 1"", ""pct"": 12.139999999999999}, {""score"": ""0 - 1"", ""pct"": 10.22}, {""score"": ""1 - 2"", ""pct"": 9.67}]"
Croatia,Cape Verde,Neutral,2.077,0.623,71.9,18.9,9.2,71.4,7.2,7.8,9.5,1.8,2.4,86.4,13.6,"[{""score"": ""2 - 0"", ""pct"": 14.510000000000002}, {""score"": ""1 - 0"", ""pct"": 13.86}, {""score"": ""3 - 0"", ""pct"": 9.5}]"
Croatia,Germany,Neutral,1.284,1.416,34.5,27.2,38.4,33.3,5.6,6.8,39.7,6.8,7.8,45.7,54.3,"[{""score"": ""1 - 1"", ""pct"": 12.6}, {""score"": ""0 - 1"", ""pct"": 9.44}, {""score"": ""1 - 0"", ""pct"": 8.83}]"
Croatia,DR Congo,Neutral,1.833,0.867,60.8,22.8,16.4,60.4,7.5,9.1,15.8,2.8,4.4,77.0,23.0,"[{""score"": ""1 - 0"", ""pct"": 12.659999999999998}, {""score"": ""2 - 0"", ""pct"": 11.58}, {""score"": ""2 - 1"", ""pct"": 10.39}]"
Croatia,Turkey,Neutral,1.404,1.296,39.1,26.6,34.3,38.1,6.5,8.0,33.9,5.9,7.7,52.6,47.4,"[{""score"": ""1 - 1"", ""pct"": 11.51}, {""score"": ""1 - 0"", ""pct"": 9.569999999999999}, {""score"": ""0 - 1"", ""pct"": 8.9}]"
Croatia,Uruguay,Neutral,1.279,1.421,33.0,27.2,39.8,33.3,5.6,7.0,39.4,6.7,8.1,45.8,54.2,"[{""score"": ""1 - 1"", ""pct"": 12.26}, {""score"": ""0 - 1"", ""pct"": 10.059999999999999}, {""score"": ""1 - 0"", ""pct"": 9.120000000000001}]"
Croatia,New Zealand,Neutral,1.931,0.769,64.7,22.7,12.7,65.0,7.6,8.7,12.7,2.6,3.4,81.3,18.7,"[{""score"": ""1 - 0"", ""pct"": 13.100000000000001}, {""score"": ""2 - 0"", ""pct"": 12.21}, {""score"": ""1 - 1"", ""pct"": 10.4}]"
Croatia,United States,Neutral,1.674,1.026,51.8,25.6,22.6,53.0,7.3,8.5,21.9,4.0,5.3,68.8,31.2,"[{""score"": ""1 - 1"", ""pct"": 11.63}, {""score"": ""1 - 0"", ""pct"": 11.360000000000001}, {""score"": ""2 - 1"", ""pct"": 9.65}]"
Croatia,Senegal,Neutral,1.433,1.267,40.3,27.3,32.5,40.6,6.8,7.6,32.2,5.5,7.2,55.0,45.0,"[{""score"": ""1 - 1"", ""pct"": 12.479999999999999}, {""score"": ""1 - 0"", ""pct"": 10.01}, {""score"": ""2 - 1"", ""pct"": 8.57}]"
Croatia,Brazil,Neutral,1.04,1.66,22.6,26.5,51.0,22.8,4.3,5.3,51.7,7.5,8.3,32.5,67.5,"[{""score"": ""1 - 1"", ""pct"": 11.92}, {""score"": ""0 - 1"", ""pct"": 11.15}, {""score"": ""1 - 2"", ""pct"": 9.700000000000001}]"
Croatia,Ivory Coast,Neutral,1.728,0.972,54.8,24.5,20.6,55.1,7.2,8.8,20.0,4.0,5.0,71.1,28.9,"[{""score"": ""1 - 0"", ""pct"": 11.52}, {""score"": ""1 - 1"", ""pct"": 11.08}, {""score"": ""2 - 0"", ""pct"": 10.09}]"
Croatia,France,Neutral,0.92,1.78,17.9,24.6,57.5,18.0,3.4,4.4,57.6,7.7,8.9,25.8,74.2,"[{""score"": ""0 - 1"", ""pct"": 12.75}, {""score"": ""1 - 1"", ""pct"": 11.08}, {""score"": ""0 - 2"", ""pct"": 10.32}]"
Turkey,Netherlands,Neutral,1.204,1.496,29.4,26.5,44.0,29.4,5.4,6.9,43.4,6.8,8.0,41.7,58.3,"[{""score"": ""1 - 1"", ""pct"": 12.18}, {""score"": ""0 - 1"", ""pct"": 10.22}, {""score"": ""1 - 2"", ""pct"": 9.22}]"
Turkey,South Africa,Neutral,2.019,0.681,68.8,20.5,10.7,69.9,7.1,7.8,10.6,2.0,2.6,84.8,15.2,"[{""score"": ""1 - 0"", ""pct"": 14.2}, {""score"": ""2 - 0"", ""pct"": 13.489999999999998}, {""score"": ""2 - 1"", ""pct"": 9.370000000000001}]"
Turkey,Japan,Neutral,1.082,1.618,24.3,25.8,49.9,23.6,4.4,5.6,50.7,7.1,8.7,33.6,66.4,"[{""score"": ""1 - 1"", ""pct"": 11.98}, {""score"": ""0 - 1"", ""pct"": 11.33}, {""score"": ""1 - 2"", ""pct"": 9.36}]"
Turkey,Scotland,Neutral,1.674,1.026,51.7,25.9,22.4,52.4,7.5,8.5,22.0,4.3,5.1,68.5,31.5,"[{""score"": ""1 - 0"", ""pct"": 11.74}, {""score"": ""1 - 1"", ""pct"": 11.68}, {""score"": ""2 - 1"", ""pct"": 9.87}]"
Turkey,Algeria,Neutral,1.42,1.28,39.7,27.6,32.7,40.0,6.5,7.5,33.0,5.7,7.3,54.0,46.0,"[{""score"": ""1 - 1"", ""pct"": 12.479999999999999}, {""score"": ""1 - 0"", ""pct"": 9.959999999999999}, {""score"": ""0 - 1"", ""pct"": 8.38}]"
Turkey,Canada,Neutral,1.41,1.29,39.8,27.7,32.5,38.7,6.5,8.0,34.0,5.2,7.6,53.2,46.8,"[{""score"": ""1 - 1"", ""pct"": 12.629999999999999}, {""score"": ""1 - 0"", ""pct"": 9.59}, {""score"": ""2 - 1"", ""pct"": 8.63}]"
Turkey,Haiti,Neutral,1.857,0.843,62.1,22.4,15.5,61.1,7.2,8.7,15.9,3.3,3.8,77.1,23.0,"[{""score"": ""1 - 0"", ""pct"": 13.089999999999998}, {""score"": ""2 - 0"", ""pct"": 11.37}, {""score"": ""2 - 1"", ""pct"": 9.65}]"
Turkey,Spain,Neutral,0.674,2.026,10.2,20.4,69.4,10.7,1.7,2.9,69.4,7.2,8.1,15.3,84.7,"[{""score"": ""0 - 2"", ""pct"": 14.000000000000002}, {""score"": ""0 - 1"", ""pct"": 13.76}, {""score"": ""1 - 2"", ""pct"": 9.31}]"
Turkey,Saudi Arabia,Neutral,1.913,0.787,64.0,22.3,13.8,63.7,7.6,8.5,13.9,2.9,3.5,79.8,20.2,"[{""score"": ""1 - 0"", ""pct"": 13.51}, {""score"": ""2 - 0"", ""pct"": 11.790000000000001}, {""score"": ""1 - 1"", ""pct"": 9.89}]"
Turkey,Colombia,Neutral,1.0,1.7,21.2,25.1,53.7,20.8,4.1,5.0,53.7,7.5,8.8,29.9,70.0,"[{""score"": ""0 - 1"", ""pct"": 11.74}, {""score"": ""1 - 1"", ""pct"": 11.29}, {""score"": ""1 - 2"", ""pct"": 9.77}]"
Turkey,Portugal,Neutral,1.075,1.625,24.5,26.3,49.2,24.2,4.2,5.8,49.6,7.6,8.8,34.1,65.9,"[{""score"": ""1 - 1"", ""pct"": 11.98}, {""score"": ""0 - 1"", ""pct"": 11.129999999999999}, {""score"": ""1 - 2"", ""pct"": 9.790000000000001}]"
Turkey,Sweden,Neutral,1.918,0.782,63.9,22.0,14.1,64.9,7.6,8.4,13.3,2.6,3.2,80.8,19.2,"[{""score"": ""1 - 0"", ""pct"": 12.620000000000001}, {""score"": ""2 - 0"", ""pct"": 12.33}, {""score"": ""1 - 1"", ""pct"": 10.13}]"
Turkey,Jordan,Neutral,1.653,1.047,51.0,25.6,23.5,50.0,7.4,8.5,24.3,4.0,5.8,65.9,34.1,"[{""score"": ""1 - 1"", ""pct"": 11.57}, {""score"": ""1 - 0"", ""pct"": 11.0}, {""score"": ""2 - 1"", ""pct"": 9.719999999999999}]"
Turkey,Morocco,Neutral,1.127,1.573,26.1,25.6,48.4,26.2,5.1,5.8,47.6,6.8,8.5,37.1,62.9,"[{""score"": ""1 - 1"", ""pct"": 11.82}, {""score"": ""0 - 1"", ""pct"": 10.92}, {""score"": ""1 - 2"", ""pct"": 9.55}]"
Turkey,Iraq,Neutral,1.818,0.882,59.8,22.9,17.2,59.3,7.8,8.3,17.4,3.0,4.1,75.5,24.5,"[{""score"": ""1 - 0"", ""pct"": 13.089999999999998}, {""score"": ""2 - 0"", ""pct"": 10.97}, {""score"": ""2 - 1"", ""pct"": 10.34}]"
Turkey,Tunisia,Neutral,1.817,0.883,59.5,23.8,16.7,59.4,7.5,8.5,17.5,3.0,4.2,75.3,24.7,"[{""score"": ""1 - 0"", ""pct"": 12.770000000000001}, {""score"": ""1 - 1"", ""pct"": 11.129999999999999}, {""score"": ""2 - 0"", ""pct"": 10.66}]"
Turkey,Qatar,Neutral,2.168,0.532,75.2,17.7,7.1,75.4,6.7,8.0,6.8,1.2,2.0,90.0,10.0,"[{""score"": ""2 - 0"", ""pct"": 15.89}, {""score"": ""1 - 0"", ""pct"": 15.120000000000001}, {""score"": ""3 - 0"", ""pct"": 11.05}]"
Turkey,Curaçao,Neutral,2.086,0.614,71.6,19.7,8.7,72.6,7.3,8.0,8.5,1.5,2.2,87.8,12.2,"[{""score"": ""1 - 0"", ""pct"": 15.040000000000001}, {""score"": ""2 - 0"", ""pct"": 14.099999999999998}, {""score"": ""3 - 0"", ""pct"": 9.84}]"
Turkey,Iran,Neutral,1.347,1.353,35.6,27.4,37.0,35.6,6.1,7.7,37.1,6.2,7.3,49.4,50.6,"[{""score"": ""1 - 1"", ""pct"": 12.3}, {""score"": ""1 - 0"", ""pct"": 9.11}, {""score"": ""0 - 1"", ""pct"": 8.99}]"
Turkey,South Korea,Neutral,1.391,1.309,38.6,26.8,34.6,38.6,6.5,7.7,33.6,6.2,7.4,52.8,47.2,"[{""score"": ""1 - 1"", ""pct"": 11.58}, {""score"": ""1 - 0"", ""pct"": 9.92}, {""score"": ""0 - 1"", ""pct"": 9.180000000000001}]"
Turkey,Ghana,Neutral,2.073,0.627,71.1,19.5,9.4,71.3,7.4,8.0,9.4,1.7,2.2,86.7,13.3,"[{""score"": ""1 - 0"", ""pct"": 14.82}, {""score"": ""2 - 0"", ""pct"": 14.469999999999999}, {""score"": ""3 - 0"", ""pct"": 9.86}]"
Turkey,Norway,Neutral,1.328,1.372,35.0,27.4,37.5,35.1,6.0,7.3,37.4,6.8,7.5,48.3,51.7,"[{""score"": ""1 - 1"", ""pct"": 12.23}, {""score"": ""0 - 1"", ""pct"": 9.76}, {""score"": ""1 - 0"", ""pct"": 9.47}]"
Turkey,England,Neutral,0.952,1.748,19.1,24.7,56.2,19.0,3.4,4.7,56.3,7.6,9.0,27.1,72.9,"[{""score"": ""0 - 1"", ""pct"": 12.21}, {""score"": ""1 - 1"", ""pct"": 11.3}, {""score"": ""1 - 2"", ""pct"": 9.969999999999999}]"
Turkey,Mexico,Neutral,1.183,1.517,28.6,26.9,44.5,29.1,4.6,6.8,44.2,7.0,8.3,40.5,59.5,"[{""score"": ""1 - 1"", ""pct"": 12.27}, {""score"": ""0 - 1"", ""pct"": 10.85}, {""score"": ""1 - 2"", ""pct"": 9.24}]"
Turkey,Austria,Neutral,1.608,1.092,49.3,26.5,24.2,48.8,7.1,8.2,25.2,4.8,5.9,64.1,35.9,"[{""score"": ""1 - 1"", ""pct"": 11.95}, {""score"": ""1 - 0"", ""pct"": 10.879999999999999}, {""score"": ""2 - 1"", ""pct"": 10.100000000000001}]"
Turkey,Panama,Neutral,1.508,1.192,44.7,26.3,28.9,44.8,6.6,8.1,29.0,5.1,6.4,59.5,40.5,"[{""score"": ""1 - 1"", ""pct"": 11.72}, {""score"": ""1 - 0"", ""pct"": 9.98}, {""score"": ""2 - 1"", ""pct"": 9.43}]"
Turkey,Bosnia and Herzegovina,Neutral,2.141,0.559,75.4,17.0,7.5,74.5,7.1,7.7,7.6,1.4,1.7,89.3,10.7,"[{""score"": ""2 - 0"", ""pct"": 15.35}, {""score"": ""1 - 0"", ""pct"": 14.940000000000001}, {""score"": ""3 - 0"", ""pct"": 11.0}]"
Turkey,Czech Republic,Neutral,1.83,0.87,60.2,22.7,17.1,60.5,7.3,8.4,16.4,3.2,4.2,76.2,23.8,"[{""score"": ""1 - 0"", ""pct"": 12.44}, {""score"": ""2 - 0"", ""pct"": 11.17}, {""score"": ""1 - 1"", ""pct"": 10.36}]"
Turkey,Switzerland,Neutral,1.389,1.311,38.6,27.2,34.2,38.0,6.1,8.1,34.5,5.7,7.5,52.2,47.8,"[{""score"": ""1 - 1"", ""pct"": 12.1}, {""score"": ""1 - 0"", ""pct"": 9.85}, {""score"": ""2 - 1"", ""pct"": 8.799999999999999}]"
Turkey,Argentina,Neutral,0.706,1.994,11.1,20.9,68.0,11.4,2.4,3.0,67.7,7.7,7.9,16.8,83.2,"[{""score"": ""0 - 1"", ""pct"": 14.2}, {""score"": ""0 - 2"", ""pct"": 13.34}, {""score"": ""1 - 1"", ""pct"": 9.44}]"
Turkey,Uzbekistan,Neutral,1.541,1.159,46.0,26.3,27.8,45.3,7.0,7.9,28.2,5.2,6.3,60.3,39.7,"[{""score"": ""1 - 1"", ""pct"": 11.959999999999999}, {""score"": ""1 - 0"", ""pct"": 10.71}, {""score"": ""2 - 1"", ""pct"": 9.0}]"
Turkey,Belgium,Neutral,1.365,1.335,37.1,27.1,35.8,36.6,6.3,7.7,35.9,6.1,7.4,50.6,49.4,"[{""score"": ""1 - 1"", ""pct"": 12.509999999999998}, {""score"": ""1 - 0"", ""pct"": 9.5}, {""score"": ""0 - 1"", ""pct"": 9.41}]"
Turkey,Australia,Neutral,1.304,1.396,33.5,27.7,38.7,35.0,5.8,7.2,38.5,6.2,7.2,48.1,51.9,"[{""score"": ""1 - 1"", ""pct"": 12.72}, {""score"": ""0 - 1"", ""pct"": 9.89}, {""score"": ""1 - 0"", ""pct"": 8.35}]"
Turkey,Paraguay,Neutral,1.402,1.298,38.6,27.2,34.2,38.9,6.3,8.1,33.4,5.9,7.3,53.3,46.7,"[{""score"": ""1 - 1"", ""pct"": 12.08}, {""score"": ""1 - 0"", ""pct"": 9.54}, {""score"": ""2 - 1"", ""pct"": 8.799999999999999}]"
Turkey,Egypt,Neutral,1.715,0.985,54.4,25.2,20.4,54.1,7.6,9.0,20.2,3.8,5.2,70.8,29.2,"[{""score"": ""1 - 0"", ""pct"": 11.82}, {""score"": ""1 - 1"", ""pct"": 11.77}, {""score"": ""2 - 0"", ""pct"": 9.81}]"
Turkey,Ecuador,Neutral,1.087,1.613,25.3,25.6,49.2,25.2,4.5,5.9,49.0,6.7,8.6,35.6,64.4,"[{""score"": ""1 - 1"", ""pct"": 11.53}, {""score"": ""0 - 1"", ""pct"": 10.870000000000001}, {""score"": ""1 - 2"", ""pct"": 10.040000000000001}]"
Turkey,Cape Verde,Neutral,2.046,0.654,71.0,19.4,9.6,71.0,7.2,7.5,9.8,2.0,2.4,85.7,14.3,"[{""score"": ""2 - 0"", ""pct"": 14.21}, {""score"": ""1 - 0"", ""pct"": 14.02}, {""score"": ""2 - 1"", ""pct"": 9.520000000000001}]"
Turkey,Germany,Neutral,1.23,1.47,30.9,27.2,41.9,31.5,5.1,6.9,42.1,6.7,7.7,43.5,56.4,"[{""score"": ""1 - 1"", ""pct"": 12.34}, {""score"": ""0 - 1"", ""pct"": 10.0}, {""score"": ""1 - 2"", ""pct"": 8.88}]"
Turkey,DR Congo,Neutral,1.789,0.911,57.8,24.0,18.1,58.6,7.6,8.5,17.7,3.2,4.4,74.6,25.4,"[{""score"": ""1 - 0"", ""pct"": 12.45}, {""score"": ""2 - 0"", ""pct"": 10.75}, {""score"": ""1 - 1"", ""pct"": 10.63}]"
Turkey,Croatia,Neutral,1.296,1.404,34.5,26.5,39.0,33.4,5.7,7.3,39.3,6.8,7.5,46.4,53.6,"[{""score"": ""1 - 1"", ""pct"": 12.19}, {""score"": ""0 - 1"", ""pct"": 9.22}, {""score"": ""1 - 0"", ""pct"": 8.799999999999999}]"
Turkey,Uruguay,Neutral,1.225,1.475,30.1,26.9,43.0,30.3,5.5,6.8,42.6,6.6,8.3,42.6,57.4,"[{""score"": ""1 - 1"", ""pct"": 12.32}, {""score"": ""1 - 2"", ""pct"": 9.719999999999999}, {""score"": ""0 - 1"", ""pct"": 9.520000000000001}]"
Turkey,New Zealand,Neutral,1.89,0.81,63.2,22.3,14.5,63.7,7.5,8.2,14.0,2.8,3.8,79.5,20.5,"[{""score"": ""1 - 0"", ""pct"": 13.73}, {""score"": ""2 - 0"", ""pct"": 11.98}, {""score"": ""1 - 1"", ""pct"": 10.0}]"
Turkey,United States,Neutral,1.623,1.077,50.1,25.4,24.5,49.8,7.4,8.7,24.2,4.4,5.5,65.9,34.1,"[{""score"": ""1 - 1"", ""pct"": 11.39}, {""score"": ""1 - 0"", ""pct"": 11.23}, {""score"": ""2 - 1"", ""pct"": 9.41}]"
Turkey,Senegal,Neutral,1.379,1.321,36.6,27.7,35.7,37.8,6.5,7.6,35.1,6.0,7.1,51.8,48.2,"[{""score"": ""1 - 1"", ""pct"": 12.57}, {""score"": ""0 - 1"", ""pct"": 9.34}, {""score"": ""1 - 0"", ""pct"": 9.26}]"
Turkey,Brazil,Neutral,0.99,1.71,21.2,24.2,54.5,20.8,3.9,5.3,54.3,7.0,8.6,30.1,69.9,"[{""score"": ""1 - 1"", ""pct"": 11.44}, {""score"": ""0 - 1"", ""pct"": 11.39}, {""score"": ""1 - 2"", ""pct"": 10.459999999999999}]"
Turkey,Ivory Coast,Neutral,1.679,1.021,52.5,24.8,22.7,52.1,7.5,9.1,21.6,4.7,5.0,68.8,31.2,"[{""score"": ""1 - 0"", ""pct"": 11.540000000000001}, {""score"": ""1 - 1"", ""pct"": 11.34}, {""score"": ""2 - 1"", ""pct"": 9.91}]"
Turkey,France,Neutral,0.874,1.826,16.9,22.9,60.2,16.4,3.4,4.5,60.0,7.7,8.1,24.2,75.8,"[{""score"": ""0 - 1"", ""pct"": 12.61}, {""score"": ""1 - 1"", ""pct"": 10.639999999999999}, {""score"": ""0 - 2"", ""pct"": 10.51}]"
Uruguay,Netherlands,Neutral,1.328,1.372,35.5,27.0,37.5,35.5,6.2,7.8,36.4,6.2,7.8,49.6,50.4,"[{""score"": ""1 - 1"", ""pct"": 12.49}, {""score"": ""0 - 1"", ""pct"": 9.26}, {""score"": ""1 - 0"", ""pct"": 9.17}]"
Uruguay,South Africa,Neutral,2.093,0.607,71.9,18.9,9.2,72.5,6.8,7.7,8.9,1.7,2.4,87.0,13.0,"[{""score"": ""1 - 0"", ""pct"": 14.549999999999999}, {""score"": ""2 - 0"", ""pct"": 14.499999999999998}, {""score"": ""3 - 0"", ""pct"": 9.71}]"
Uruguay,Japan,Neutral,1.202,1.498,29.4,26.9,43.7,29.6,5.6,6.8,42.4,7.0,8.6,42.0,58.0,"[{""score"": ""1 - 1"", ""pct"": 12.09}, {""score"": ""0 - 1"", ""pct"": 10.72}, {""score"": ""1 - 2"", ""pct"": 8.790000000000001}]"
Uruguay,Scotland,Neutral,1.784,0.916,58.1,23.8,18.2,58.7,7.3,8.9,18.0,2.9,4.3,74.9,25.1,"[{""score"": ""1 - 0"", ""pct"": 12.85}, {""score"": ""1 - 1"", ""pct"": 10.870000000000001}, {""score"": ""2 - 0"", ""pct"": 10.05}]"
Uruguay,Algeria,Neutral,1.543,1.157,45.8,26.6,27.6,46.0,6.5,8.2,27.5,5.2,6.6,60.8,39.2,"[{""score"": ""1 - 1"", ""pct"": 12.24}, {""score"": ""1 - 0"", ""pct"": 10.17}, {""score"": ""2 - 1"", ""pct"": 9.31}]"
Uruguay,Canada,Neutral,1.534,1.166,45.8,25.2,29.0,45.9,6.6,8.2,27.8,4.8,6.7,60.6,39.4,"[{""score"": ""1 - 1"", ""pct"": 12.13}, {""score"": ""1 - 0"", ""pct"": 11.23}, {""score"": ""2 - 1"", ""pct"": 9.15}]"
Uruguay,Haiti,Neutral,1.951,0.749,65.6,21.7,12.7,66.8,7.4,8.3,11.7,2.5,3.3,82.5,17.5,"[{""score"": ""1 - 0"", ""pct"": 14.12}, {""score"": ""2 - 0"", ""pct"": 12.520000000000001}, {""score"": ""1 - 1"", ""pct"": 9.87}]"
Uruguay,Spain,Neutral,0.757,1.943,12.6,21.9,65.5,12.9,2.3,3.5,66.0,7.0,8.4,18.6,81.4,"[{""score"": ""0 - 1"", ""pct"": 13.69}, {""score"": ""0 - 2"", ""pct"": 12.790000000000001}, {""score"": ""1 - 1"", ""pct"": 9.62}]"
Uruguay,Saudi Arabia,Neutral,2.0,0.7,67.5,21.0,11.5,68.5,7.6,8.2,10.7,2.2,2.8,84.3,15.7,"[{""score"": ""1 - 0"", ""pct"": 13.48}, {""score"": ""2 - 0"", ""pct"": 12.93}, {""score"": ""2 - 1"", ""pct"": 9.229999999999999}]"
Uruguay,Colombia,Neutral,1.116,1.584,24.9,25.5,49.6,24.7,4.9,6.2,47.9,7.6,8.6,35.8,64.2,"[{""score"": ""1 - 1"", ""pct"": 12.06}, {""score"": ""0 - 1"", ""pct"": 11.459999999999999}, {""score"": ""1 - 2"", ""pct"": 9.76}]"
Uruguay,Portugal,Neutral,1.195,1.505,28.9,27.7,43.4,28.8,5.2,6.6,44.5,7.1,7.8,40.6,59.4,"[{""score"": ""1 - 1"", ""pct"": 13.089999999999998}, {""score"": ""0 - 1"", ""pct"": 10.23}, {""score"": ""1 - 2"", ""pct"": 8.7}]"
Uruguay,Sweden,Neutral,2.004,0.696,68.0,20.3,11.6,68.8,7.1,8.5,11.0,2.1,2.6,84.3,15.7,"[{""score"": ""2 - 0"", ""pct"": 13.65}, {""score"": ""1 - 0"", ""pct"": 13.61}, {""score"": ""2 - 1"", ""pct"": 9.42}]"
Uruguay,Jordan,Neutral,1.764,0.936,58.1,24.1,17.8,57.1,7.3,9.1,18.5,3.4,4.5,73.5,26.5,"[{""score"": ""1 - 0"", ""pct"": 13.13}, {""score"": ""1 - 1"", ""pct"": 10.81}, {""score"": ""2 - 0"", ""pct"": 10.43}]"
Uruguay,Morocco,Neutral,1.249,1.451,32.1,26.8,41.1,31.8,5.4,6.7,41.2,6.8,8.2,43.8,56.2,"[{""score"": ""1 - 1"", ""pct"": 12.21}, {""score"": ""0 - 1"", ""pct"": 9.790000000000001}, {""score"": ""1 - 2"", ""pct"": 9.02}]"
Uruguay,Iraq,Neutral,1.915,0.785,64.4,22.2,13.5,62.9,7.7,9.1,14.0,2.9,3.4,79.7,20.3,"[{""score"": ""1 - 0"", ""pct"": 13.61}, {""score"": ""2 - 0"", ""pct"": 12.15}, {""score"": ""1 - 1"", ""pct"": 10.02}]"
Uruguay,Tunisia,Neutral,1.915,0.785,64.2,22.6,13.2,64.5,7.5,8.7,13.4,2.6,3.4,80.7,19.3,"[{""score"": ""1 - 0"", ""pct"": 13.25}, {""score"": ""2 - 0"", ""pct"": 12.26}, {""score"": ""2 - 1"", ""pct"": 10.299999999999999}]"
Uruguay,Qatar,Neutral,2.219,0.481,77.7,16.4,5.9,78.2,6.5,7.0,5.9,1.1,1.4,91.6,8.4,"[{""score"": ""2 - 0"", ""pct"": 16.470000000000002}, {""score"": ""1 - 0"", ""pct"": 15.1}, {""score"": ""3 - 0"", ""pct"": 11.82}]"
Uruguay,Curaçao,Neutral,2.15,0.55,74.9,18.1,7.0,75.0,7.2,7.8,6.7,1.6,1.8,90.0,10.0,"[{""score"": ""1 - 0"", ""pct"": 15.590000000000002}, {""score"": ""2 - 0"", ""pct"": 15.35}, {""score"": ""3 - 0"", ""pct"": 10.76}]"
Uruguay,Iran,Neutral,1.471,1.229,42.2,27.0,30.8,42.6,6.5,8.2,30.8,5.1,6.8,57.4,42.6,"[{""score"": ""1 - 1"", ""pct"": 12.6}, {""score"": ""1 - 0"", ""pct"": 9.85}, {""score"": ""2 - 1"", ""pct"": 8.6}]"
Uruguay,South Korea,Neutral,1.515,1.185,45.6,26.3,28.0,44.3,6.9,8.1,29.1,5.1,6.6,59.2,40.8,"[{""score"": ""1 - 1"", ""pct"": 11.97}, {""score"": ""1 - 0"", ""pct"": 10.73}, {""score"": ""2 - 1"", ""pct"": 9.65}]"
Uruguay,Ghana,Neutral,2.139,0.561,74.5,18.2,7.3,74.8,6.8,7.7,7.3,1.5,1.9,89.2,10.8,"[{""score"": ""2 - 0"", ""pct"": 15.21}, {""score"": ""1 - 0"", ""pct"": 14.829999999999998}, {""score"": ""3 - 0"", ""pct"": 10.52}]"
Uruguay,Norway,Neutral,1.453,1.247,40.6,27.0,32.4,41.5,6.6,8.0,31.7,5.4,7.0,56.0,44.0,"[{""score"": ""1 - 1"", ""pct"": 12.34}, {""score"": ""1 - 0"", ""pct"": 9.99}, {""score"": ""2 - 1"", ""pct"": 8.58}]"
Uruguay,England,Neutral,1.065,1.635,22.7,26.4,50.9,23.6,4.5,5.8,50.5,6.9,8.8,33.9,66.2,"[{""score"": ""0 - 1"", ""pct"": 12.120000000000001}, {""score"": ""1 - 1"", ""pct"": 11.690000000000001}, {""score"": ""1 - 2"", ""pct"": 9.71}]"
Uruguay,Mexico,Neutral,1.307,1.393,34.3,27.0,38.7,34.3,5.7,7.6,38.1,6.6,7.7,47.6,52.4,"[{""score"": ""1 - 1"", ""pct"": 12.35}, {""score"": ""0 - 1"", ""pct"": 9.56}, {""score"": ""1 - 0"", ""pct"": 8.84}]"
Uruguay,Austria,Neutral,1.723,0.977,55.6,24.5,20.0,54.5,7.2,9.1,20.5,3.7,5.0,70.8,29.2,"[{""score"": ""1 - 0"", ""pct"": 12.75}, {""score"": ""1 - 1"", ""pct"": 11.0}, {""score"": ""2 - 0"", ""pct"": 9.75}]"
Uruguay,Panama,Neutral,1.628,1.072,49.7,25.5,24.8,50.0,7.2,8.2,24.3,4.5,5.8,65.4,34.6,"[{""score"": ""1 - 0"", ""pct"": 11.379999999999999}, {""score"": ""1 - 1"", ""pct"": 11.35}, {""score"": ""2 - 1"", ""pct"": 9.59}]"
Uruguay,Bosnia and Herzegovina,Neutral,2.197,0.503,77.4,16.4,6.2,77.9,6.5,6.9,6.0,1.2,1.5,91.3,8.7,"[{""score"": ""2 - 0"", ""pct"": 16.12}, {""score"": ""1 - 0"", ""pct"": 15.190000000000001}, {""score"": ""3 - 0"", ""pct"": 11.84}]"
Uruguay,Czech Republic,Neutral,1.926,0.774,65.0,21.6,13.4,65.1,7.2,8.7,13.2,2.6,3.2,81.1,18.9,"[{""score"": ""1 - 0"", ""pct"": 13.65}, {""score"": ""2 - 0"", ""pct"": 12.379999999999999}, {""score"": ""2 - 1"", ""pct"": 10.08}]"
Uruguay,Switzerland,Neutral,1.513,1.187,43.8,27.3,28.9,44.2,6.9,8.1,28.6,5.2,6.9,59.2,40.8,"[{""score"": ""1 - 1"", ""pct"": 11.899999999999999}, {""score"": ""1 - 0"", ""pct"": 9.81}, {""score"": ""2 - 1"", ""pct"": 9.29}]"
Uruguay,Argentina,Neutral,0.794,1.906,13.9,22.3,63.8,13.9,2.6,3.5,63.9,7.6,8.5,20.0,80.0,"[{""score"": ""0 - 1"", ""pct"": 12.740000000000002}, {""score"": ""0 - 2"", ""pct"": 11.98}, {""score"": ""1 - 1"", ""pct"": 10.11}]"
Uruguay,Uzbekistan,Neutral,1.659,1.041,51.6,25.8,22.6,52.7,7.0,8.8,22.3,4.1,5.1,68.5,31.6,"[{""score"": ""1 - 0"", ""pct"": 11.74}, {""score"": ""1 - 1"", ""pct"": 11.66}, {""score"": ""2 - 1"", ""pct"": 9.3}]"
Uruguay,Belgium,Neutral,1.49,1.21,43.5,26.2,30.2,42.8,6.9,8.1,30.1,5.4,6.7,57.8,42.2,"[{""score"": ""1 - 1"", ""pct"": 11.85}, {""score"": ""1 - 0"", ""pct"": 10.13}, {""score"": ""2 - 1"", ""pct"": 9.879999999999999}]"
Uruguay,Australia,Neutral,1.429,1.271,40.4,27.0,32.6,40.0,7.1,7.4,33.0,5.3,7.0,54.6,45.4,"[{""score"": ""1 - 1"", ""pct"": 11.65}, {""score"": ""1 - 0"", ""pct"": 9.35}, {""score"": ""2 - 1"", ""pct"": 8.81}]"
Uruguay,Paraguay,Neutral,1.525,1.175,44.9,26.0,29.1,45.4,7.3,8.1,28.1,4.9,6.2,60.8,39.2,"[{""score"": ""1 - 1"", ""pct"": 12.1}, {""score"": ""1 - 0"", ""pct"": 10.56}, {""score"": ""2 - 1"", ""pct"": 8.99}]"
Uruguay,Egypt,Neutral,1.822,0.878,59.4,24.0,16.5,60.1,7.4,9.3,16.3,3.1,3.7,76.8,23.2,"[{""score"": ""1 - 0"", ""pct"": 12.75}, {""score"": ""2 - 0"", ""pct"": 10.97}, {""score"": ""1 - 1"", ""pct"": 10.74}]"
Uruguay,Ecuador,Neutral,1.208,1.492,29.5,27.3,43.2,29.3,5.2,6.7,43.2,7.5,8.0,41.2,58.8,"[{""score"": ""1 - 1"", ""pct"": 12.44}, {""score"": ""0 - 1"", ""pct"": 9.9}, {""score"": ""1 - 2"", ""pct"": 8.780000000000001}]"
Uruguay,Cape Verde,Neutral,2.115,0.585,73.3,18.5,8.1,72.7,7.1,8.1,8.2,1.4,2.5,87.9,12.1,"[{""score"": ""2 - 0"", ""pct"": 14.96}, {""score"": ""1 - 0"", ""pct"": 14.000000000000002}, {""score"": ""3 - 0"", ""pct"": 10.4}]"
Uruguay,Germany,Neutral,1.354,1.346,36.5,27.1,36.4,37.1,5.9,7.3,35.9,6.4,7.4,50.3,49.7,"[{""score"": ""1 - 1"", ""pct"": 12.620000000000001}, {""score"": ""0 - 1"", ""pct"": 9.29}, {""score"": ""1 - 0"", ""pct"": 8.82}]"
Uruguay,DR Congo,Neutral,1.889,0.811,62.8,22.9,14.3,63.5,7.5,8.4,14.2,2.6,3.8,79.4,20.6,"[{""score"": ""1 - 0"", ""pct"": 12.91}, {""score"": ""2 - 0"", ""pct"": 11.83}, {""score"": ""1 - 1"", ""pct"": 10.51}]"
Uruguay,Croatia,Neutral,1.421,1.279,40.9,26.1,33.0,39.6,6.5,7.9,33.2,6.1,6.8,54.0,46.0,"[{""score"": ""1 - 1"", ""pct"": 11.85}, {""score"": ""1 - 0"", ""pct"": 10.32}, {""score"": ""2 - 1"", ""pct"": 8.81}]"
Uruguay,Turkey,Neutral,1.475,1.225,42.8,27.0,30.2,42.3,7.1,8.1,30.0,5.4,7.1,57.5,42.5,"[{""score"": ""1 - 1"", ""pct"": 12.57}, {""score"": ""1 - 0"", ""pct"": 10.05}, {""score"": ""2 - 1"", ""pct"": 9.48}]"
Uruguay,New Zealand,Neutral,1.98,0.72,67.5,20.4,12.1,67.8,7.3,8.7,11.0,2.2,2.9,83.8,16.2,"[{""score"": ""1 - 0"", ""pct"": 13.450000000000001}, {""score"": ""2 - 0"", ""pct"": 13.0}, {""score"": ""2 - 1"", ""pct"": 9.77}]"
Uruguay,United States,Neutral,1.737,0.963,55.2,24.8,19.9,55.3,7.1,9.0,19.4,3.8,5.4,71.4,28.6,"[{""score"": ""1 - 0"", ""pct"": 11.66}, {""score"": ""1 - 1"", ""pct"": 11.5}, {""score"": ""2 - 1"", ""pct"": 9.950000000000001}]"
Uruguay,Senegal,Neutral,1.503,1.197,44.3,27.3,28.4,43.9,6.5,8.7,29.3,5.0,6.8,59.0,41.0,"[{""score"": ""1 - 1"", ""pct"": 12.13}, {""score"": ""1 - 0"", ""pct"": 11.17}, {""score"": ""2 - 1"", ""pct"": 8.870000000000001}]"
Uruguay,Brazil,Neutral,1.106,1.594,25.5,26.4,48.0,25.6,4.8,6.1,47.5,7.6,8.3,36.5,63.5,"[{""score"": ""1 - 1"", ""pct"": 12.15}, {""score"": ""0 - 1"", ""pct"": 10.85}, {""score"": ""1 - 2"", ""pct"": 9.36}]"
Uruguay,Ivory Coast,Neutral,1.789,0.911,59.0,23.4,17.6,58.1,7.5,8.4,18.2,3.2,4.6,74.0,26.0,"[{""score"": ""1 - 0"", ""pct"": 12.57}, {""score"": ""2 - 0"", ""pct"": 10.69}, {""score"": ""1 - 1"", ""pct"": 10.51}]"
Uruguay,France,Neutral,0.981,1.719,20.8,25.6,53.7,20.4,3.6,4.7,54.7,7.7,8.8,28.8,71.2,"[{""score"": ""1 - 1"", ""pct"": 11.85}, {""score"": ""0 - 1"", ""pct"": 11.84}, {""score"": ""1 - 2"", ""pct"": 10.24}]"
New Zealand,Netherlands,Neutral,0.706,1.994,10.7,20.6,68.7,11.2,2.2,2.7,68.6,7.1,8.2,16.1,84.0,"[{""score"": ""0 - 1"", ""pct"": 14.610000000000001}, {""score"": ""0 - 2"", ""pct"": 13.22}, {""score"": ""1 - 2"", ""pct"": 9.54}]"
New Zealand,South Africa,Neutral,1.534,1.166,45.9,26.6,27.6,45.2,7.0,8.3,28.1,5.1,6.4,60.4,39.6,"[{""score"": ""1 - 1"", ""pct"": 12.139999999999999}, {""score"": ""1 - 0"", ""pct"": 10.57}, {""score"": ""2 - 1"", ""pct"": 9.51}]"
New Zealand,Japan,Neutral,0.628,2.072,9.1,19.3,71.5,9.6,2.0,2.3,71.0,6.9,8.2,13.9,86.1,"[{""score"": ""0 - 2"", ""pct"": 14.42}, {""score"": ""0 - 1"", ""pct"": 14.32}, {""score"": ""1 - 2"", ""pct"": 9.33}]"
New Zealand,Scotland,Neutral,1.097,1.603,24.0,25.8,50.2,25.0,4.4,5.9,49.2,6.7,8.8,35.4,64.6,"[{""score"": ""1 - 1"", ""pct"": 11.51}, {""score"": ""0 - 1"", ""pct"": 11.26}, {""score"": ""1 - 2"", ""pct"": 9.73}]"
New Zealand,Algeria,Neutral,0.864,1.836,16.0,23.8,60.1,16.4,2.9,4.4,59.7,8.1,8.5,23.7,76.3,"[{""score"": ""0 - 1"", ""pct"": 12.08}, {""score"": ""0 - 2"", ""pct"": 11.020000000000001}, {""score"": ""1 - 1"", ""pct"": 10.66}]"
New Zealand,Canada,Neutral,0.857,1.843,15.8,23.6,60.6,16.7,2.8,3.7,61.1,7.3,8.4,23.2,76.8,"[{""score"": ""0 - 1"", ""pct"": 12.25}, {""score"": ""0 - 2"", ""pct"": 11.020000000000001}, {""score"": ""1 - 1"", ""pct"": 10.81}]"
New Zealand,Haiti,Neutral,1.308,1.392,33.7,27.5,38.9,33.5,5.9,7.4,39.4,6.2,7.7,46.7,53.3,"[{""score"": ""1 - 1"", ""pct"": 12.5}, {""score"": ""0 - 1"", ""pct"": 9.56}, {""score"": ""1 - 0"", ""pct"": 8.85}]"
New Zealand,Spain,Neutral,0.416,2.284,4.7,15.0,80.3,4.5,0.8,1.2,80.5,6.1,6.8,6.6,93.4,"[{""score"": ""0 - 2"", ""pct"": 17.24}, {""score"": ""0 - 1"", ""pct"": 15.98}, {""score"": ""0 - 3"", ""pct"": 13.08}]"
New Zealand,Saudi Arabia,Neutral,1.38,1.32,38.3,26.7,35.0,38.5,6.2,7.7,34.4,5.8,7.4,52.4,47.6,"[{""score"": ""1 - 1"", ""pct"": 12.26}, {""score"": ""0 - 1"", ""pct"": 9.17}, {""score"": ""1 - 0"", ""pct"": 9.1}]"
New Zealand,Colombia,Neutral,0.58,2.12,7.8,18.6,73.6,7.7,1.6,1.9,74.0,7.3,7.4,11.2,88.8,"[{""score"": ""0 - 2"", ""pct"": 15.629999999999999}, {""score"": ""0 - 1"", ""pct"": 15.21}, {""score"": ""0 - 3"", ""pct"": 10.16}]"
New Zealand,Portugal,Neutral,0.624,2.076,9.1,18.7,72.2,9.0,1.7,2.2,72.0,7.4,7.7,12.9,87.1,"[{""score"": ""0 - 2"", ""pct"": 15.110000000000001}, {""score"": ""0 - 1"", ""pct"": 14.45}, {""score"": ""0 - 3"", ""pct"": 9.969999999999999}]"
New Zealand,Sweden,Neutral,1.387,1.313,38.3,26.1,35.6,38.4,6.3,7.3,34.7,6.2,7.1,52.1,47.9,"[{""score"": ""1 - 1"", ""pct"": 11.72}, {""score"": ""0 - 1"", ""pct"": 9.5}, {""score"": ""1 - 0"", ""pct"": 9.36}]"
New Zealand,Jordan,Neutral,1.075,1.625,24.1,25.2,50.6,23.8,4.8,5.8,49.8,7.4,8.4,34.4,65.6,"[{""score"": ""1 - 1"", ""pct"": 11.86}, {""score"": ""0 - 1"", ""pct"": 11.49}, {""score"": ""0 - 2"", ""pct"": 9.36}]"
New Zealand,Morocco,Neutral,0.656,2.044,9.9,19.9,70.2,10.0,2.1,2.5,70.1,7.4,7.9,14.6,85.4,"[{""score"": ""0 - 2"", ""pct"": 14.21}, {""score"": ""0 - 1"", ""pct"": 14.04}, {""score"": ""1 - 2"", ""pct"": 9.67}]"
New Zealand,Iraq,Neutral,1.258,1.442,31.9,27.8,40.2,32.1,5.3,7.2,40.8,6.7,7.9,44.7,55.3,"[{""score"": ""1 - 1"", ""pct"": 12.91}, {""score"": ""0 - 1"", ""pct"": 9.64}, {""score"": ""1 - 0"", ""pct"": 9.11}]"
New Zealand,Tunisia,Neutral,1.258,1.442,32.1,26.2,41.6,32.0,5.3,6.8,40.6,7.0,8.3,44.0,56.0,"[{""score"": ""1 - 1"", ""pct"": 11.72}, {""score"": ""0 - 1"", ""pct"": 10.02}, {""score"": ""1 - 2"", ""pct"": 9.43}]"
New Zealand,Qatar,Neutral,1.787,0.913,57.7,24.4,17.9,57.9,7.6,8.8,18.0,3.6,4.1,74.3,25.7,"[{""score"": ""1 - 0"", ""pct"": 12.509999999999998}, {""score"": ""1 - 1"", ""pct"": 11.3}, {""score"": ""2 - 1"", ""pct"": 10.33}]"
New Zealand,Curaçao,Neutral,1.642,1.058,50.6,26.3,23.1,51.3,6.8,8.8,23.2,4.3,5.6,66.9,33.1,"[{""score"": ""1 - 1"", ""pct"": 11.76}, {""score"": ""1 - 0"", ""pct"": 11.15}, {""score"": ""2 - 1"", ""pct"": 9.32}]"
New Zealand,Iran,Neutral,0.807,1.893,14.3,22.4,63.3,13.9,2.9,3.7,63.2,8.2,8.2,20.4,79.6,"[{""score"": ""0 - 1"", ""pct"": 13.4}, {""score"": ""0 - 2"", ""pct"": 11.53}, {""score"": ""1 - 1"", ""pct"": 10.25}]"
New Zealand,South Korea,Neutral,0.842,1.858,15.8,22.3,61.9,15.6,3.0,3.7,62.2,7.4,8.2,22.2,77.8,"[{""score"": ""0 - 1"", ""pct"": 12.76}, {""score"": ""0 - 2"", ""pct"": 11.540000000000001}, {""score"": ""1 - 1"", ""pct"": 10.24}]"
New Zealand,Ghana,Neutral,1.62,1.08,49.7,26.1,24.2,49.5,7.5,9.2,24.3,4.1,5.3,66.3,33.7,"[{""score"": ""1 - 1"", ""pct"": 12.17}, {""score"": ""1 - 0"", ""pct"": 11.29}, {""score"": ""2 - 1"", ""pct"": 9.66}]"
New Zealand,Norway,Neutral,0.793,1.907,13.6,22.0,64.4,13.6,2.5,3.7,64.2,7.3,8.7,19.8,80.2,"[{""score"": ""0 - 1"", ""pct"": 13.65}, {""score"": ""0 - 2"", ""pct"": 12.23}, {""score"": ""1 - 1"", ""pct"": 9.85}]"
New Zealand,England,Neutral,0.554,2.146,7.7,16.8,75.5,7.3,1.4,2.0,74.9,7.1,7.3,10.7,89.3,"[{""score"": ""0 - 2"", ""pct"": 16.11}, {""score"": ""0 - 1"", ""pct"": 14.84}, {""score"": ""0 - 3"", ""pct"": 10.4}]"
New Zealand,Mexico,Neutral,0.692,2.008,10.8,20.3,68.8,11.2,2.1,2.7,69.6,6.8,7.7,16.0,84.0,"[{""score"": ""0 - 1"", ""pct"": 14.11}, {""score"": ""0 - 2"", ""pct"": 13.38}, {""score"": ""1 - 2"", ""pct"": 9.67}]"
New Zealand,Austria,Neutral,1.031,1.669,22.3,25.7,52.0,21.9,4.3,5.1,52.7,7.4,8.6,31.3,68.7,"[{""score"": ""1 - 1"", ""pct"": 11.799999999999999}, {""score"": ""0 - 1"", ""pct"": 11.65}, {""score"": ""1 - 2"", ""pct"": 9.98}]"
New Zealand,Panama,Neutral,0.939,1.761,18.8,25.1,56.2,18.1,3.9,4.5,57.2,7.6,8.7,26.5,73.5,"[{""score"": ""0 - 1"", ""pct"": 11.959999999999999}, {""score"": ""1 - 1"", ""pct"": 11.360000000000001}, {""score"": ""0 - 2"", ""pct"": 10.31}]"
New Zealand,Bosnia and Herzegovina,Neutral,1.738,0.962,56.1,24.2,19.7,55.1,8.2,8.2,20.2,3.5,4.9,71.5,28.5,"[{""score"": ""1 - 0"", ""pct"": 12.44}, {""score"": ""1 - 1"", ""pct"": 10.82}, {""score"": ""2 - 1"", ""pct"": 10.33}]"
New Zealand,Czech Republic,Neutral,1.274,1.426,32.2,28.1,39.7,32.9,5.8,7.0,39.8,6.6,7.9,45.7,54.3,"[{""score"": ""1 - 1"", ""pct"": 12.72}, {""score"": ""0 - 1"", ""pct"": 9.78}, {""score"": ""1 - 2"", ""pct"": 8.98}]"
New Zealand,Switzerland,Neutral,0.84,1.86,15.6,22.9,61.5,15.1,3.0,3.9,62.3,7.4,8.3,22.0,78.0,"[{""score"": ""0 - 1"", ""pct"": 12.989999999999998}, {""score"": ""0 - 2"", ""pct"": 11.700000000000001}, {""score"": ""1 - 1"", ""pct"": 10.489999999999998}]"
New Zealand,Argentina,Neutral,0.43,2.27,4.5,15.8,79.6,5.0,0.7,1.2,79.7,6.6,6.8,7.0,93.0,"[{""score"": ""0 - 2"", ""pct"": 17.37}, {""score"": ""0 - 1"", ""pct"": 15.22}, {""score"": ""0 - 3"", ""pct"": 12.97}]"
New Zealand,Uzbekistan,Neutral,0.968,1.732,19.6,24.6,55.8,19.4,3.5,4.9,56.1,7.5,8.6,27.8,72.2,"[{""score"": ""0 - 1"", ""pct"": 11.73}, {""score"": ""1 - 1"", ""pct"": 11.020000000000001}, {""score"": ""1 - 2"", ""pct"": 10.0}]"
New Zealand,Belgium,Neutral,0.821,1.879,14.4,22.6,62.9,14.8,2.8,3.8,63.0,7.2,8.4,21.4,78.6,"[{""score"": ""0 - 1"", ""pct"": 13.81}, {""score"": ""0 - 2"", ""pct"": 11.27}, {""score"": ""1 - 1"", ""pct"": 10.17}]"
New Zealand,Australia,Neutral,0.775,1.925,13.1,22.0,64.9,13.9,2.7,3.3,63.5,7.6,9.0,19.9,80.1,"[{""score"": ""0 - 1"", ""pct"": 13.58}, {""score"": ""0 - 2"", ""pct"": 13.059999999999999}, {""score"": ""1 - 2"", ""pct"": 9.8}]"
New Zealand,Paraguay,Neutral,0.85,1.85,16.3,22.9,60.8,15.8,2.8,4.2,60.6,7.6,9.1,22.8,77.2,"[{""score"": ""0 - 1"", ""pct"": 12.590000000000002}, {""score"": ""0 - 2"", ""pct"": 10.780000000000001}, {""score"": ""1 - 1"", ""pct"": 10.05}]"
New Zealand,Egypt,Neutral,1.141,1.559,26.7,26.7,46.6,27.0,4.6,6.1,46.3,7.6,8.4,37.7,62.3,"[{""score"": ""1 - 1"", ""pct"": 12.07}, {""score"": ""0 - 1"", ""pct"": 10.65}, {""score"": ""1 - 2"", ""pct"": 9.47}]"
New Zealand,Ecuador,Neutral,0.631,2.069,9.0,19.0,72.0,9.3,1.7,2.2,71.9,7.0,7.9,13.3,86.7,"[{""score"": ""0 - 2"", ""pct"": 14.829999999999998}, {""score"": ""0 - 1"", ""pct"": 14.44}, {""score"": ""0 - 3"", ""pct"": 9.370000000000001}]"
New Zealand,Cape Verde,Neutral,1.575,1.125,47.9,25.8,26.4,47.3,7.0,8.1,26.5,5.1,6.1,62.4,37.6,"[{""score"": ""1 - 1"", ""pct"": 12.120000000000001}, {""score"": ""1 - 0"", ""pct"": 11.29}, {""score"": ""2 - 1"", ""pct"": 9.17}]"
New Zealand,Germany,Neutral,0.723,1.977,11.5,20.9,67.6,11.8,2.1,3.0,67.4,7.4,8.3,16.8,83.2,"[{""score"": ""0 - 1"", ""pct"": 13.469999999999999}, {""score"": ""0 - 2"", ""pct"": 13.18}, {""score"": ""1 - 1"", ""pct"": 10.07}]"
New Zealand,DR Congo,Neutral,1.223,1.477,30.2,27.1,42.8,31.0,5.5,7.0,41.8,6.5,8.2,43.4,56.6,"[{""score"": ""1 - 1"", ""pct"": 11.75}, {""score"": ""0 - 1"", ""pct"": 10.16}, {""score"": ""1 - 2"", ""pct"": 8.7}]"
New Zealand,Croatia,Neutral,0.769,1.931,12.8,22.0,65.2,13.0,2.4,3.3,65.7,7.4,8.2,18.7,81.3,"[{""score"": ""0 - 1"", ""pct"": 13.139999999999999}, {""score"": ""0 - 2"", ""pct"": 12.44}, {""score"": ""1 - 1"", ""pct"": 9.62}]"
New Zealand,Turkey,Neutral,0.81,1.89,14.4,23.1,62.5,14.4,2.7,3.7,62.8,7.8,8.6,20.8,79.2,"[{""score"": ""0 - 1"", ""pct"": 12.8}, {""score"": ""0 - 2"", ""pct"": 11.75}, {""score"": ""1 - 1"", ""pct"": 10.69}]"
New Zealand,Uruguay,Neutral,0.72,1.98,11.2,20.9,67.9,11.1,2.1,3.1,68.3,7.2,8.2,16.3,83.7,"[{""score"": ""0 - 1"", ""pct"": 14.180000000000001}, {""score"": ""0 - 2"", ""pct"": 13.16}, {""score"": ""1 - 2"", ""pct"": 9.610000000000001}]"
New Zealand,United States,Neutral,1.046,1.654,22.4,25.5,52.1,22.7,4.5,5.6,52.0,7.0,8.2,32.8,67.2,"[{""score"": ""1 - 1"", ""pct"": 11.83}, {""score"": ""0 - 1"", ""pct"": 11.77}, {""score"": ""1 - 2"", ""pct"": 9.27}]"
New Zealand,Senegal,Neutral,0.832,1.868,15.0,22.8,62.2,15.3,3.0,3.6,62.3,7.3,8.4,21.9,78.1,"[{""score"": ""0 - 1"", ""pct"": 13.28}, {""score"": ""0 - 2"", ""pct"": 11.31}, {""score"": ""1 - 1"", ""pct"": 10.65}]"
New Zealand,Brazil,Neutral,0.575,2.125,8.1,18.7,73.2,8.0,1.8,2.1,73.6,7.1,7.5,11.9,88.1,"[{""score"": ""0 - 2"", ""pct"": 15.2}, {""score"": ""0 - 1"", ""pct"": 14.67}, {""score"": ""0 - 3"", ""pct"": 10.36}]"
New Zealand,Ivory Coast,Neutral,1.102,1.598,26.0,25.9,48.1,25.5,4.7,5.6,48.2,7.1,8.9,35.8,64.2,"[{""score"": ""1 - 1"", ""pct"": 11.93}, {""score"": ""0 - 1"", ""pct"": 10.89}, {""score"": ""1 - 2"", ""pct"": 9.55}]"
New Zealand,France,Neutral,0.512,2.188,6.5,16.4,77.1,6.6,1.1,1.8,77.1,6.5,7.0,9.4,90.6,"[{""score"": ""0 - 2"", ""pct"": 16.59}, {""score"": ""0 - 1"", ""pct"": 14.760000000000002}, {""score"": ""0 - 3"", ""pct"": 11.790000000000001}]"
United States,Netherlands,Neutral,0.944,1.756,19.4,24.9,55.7,19.4,3.3,4.7,56.0,7.9,8.7,27.4,72.6,"[{""score"": ""1 - 1"", ""pct"": 11.32}, {""score"": ""0 - 1"", ""pct"": 11.19}, {""score"": ""0 - 2"", ""pct"": 10.67}]"
United States,South Africa,Neutral,1.817,0.883,59.7,23.3,17.0,59.6,7.2,9.0,17.0,3.2,4.1,75.8,24.2,"[{""score"": ""1 - 0"", ""pct"": 12.709999999999999}, {""score"": ""1 - 1"", ""pct"": 10.82}, {""score"": ""2 - 1"", ""pct"": 10.77}]"
United States,Japan,Neutral,0.839,1.861,15.2,23.5,61.3,15.4,2.7,3.9,61.1,7.9,9.0,22.0,78.0,"[{""score"": ""0 - 1"", ""pct"": 12.559999999999999}, {""score"": ""0 - 2"", ""pct"": 11.41}, {""score"": ""1 - 1"", ""pct"": 10.620000000000001}]"
United States,Scotland,Neutral,1.405,1.295,38.5,27.1,34.4,38.9,6.2,7.6,34.4,6.1,6.9,52.7,47.3,"[{""score"": ""1 - 1"", ""pct"": 11.76}, {""score"": ""1 - 0"", ""pct"": 9.75}, {""score"": ""0 - 1"", ""pct"": 8.91}]"
United States,Algeria,Neutral,1.144,1.556,26.7,26.2,47.1,27.0,5.3,5.9,46.7,6.9,8.2,38.2,61.8,"[{""score"": ""1 - 1"", ""pct"": 12.030000000000001}, {""score"": ""0 - 1"", ""pct"": 10.72}, {""score"": ""1 - 2"", ""pct"": 9.33}]"
United States,Canada,Neutral,1.134,1.566,26.4,27.1,46.5,27.2,4.7,5.4,46.9,7.5,8.2,37.4,62.6,"[{""score"": ""1 - 1"", ""pct"": 11.540000000000001}, {""score"": ""0 - 1"", ""pct"": 10.96}, {""score"": ""1 - 2"", ""pct"": 9.0}]"
United States,Haiti,Neutral,1.615,1.085,49.8,25.0,25.2,49.5,7.1,8.6,24.7,4.4,5.7,65.2,34.8,"[{""score"": ""1 - 0"", ""pct"": 11.44}, {""score"": ""1 - 1"", ""pct"": 11.41}, {""score"": ""2 - 1"", ""pct"": 10.0}]"
United States,Spain,Neutral,0.526,2.174,6.9,17.2,75.9,6.2,1.2,1.7,76.8,6.6,7.5,9.1,90.9,"[{""score"": ""0 - 1"", ""pct"": 15.229999999999999}, {""score"": ""0 - 2"", ""pct"": 15.1}, {""score"": ""0 - 3"", ""pct"": 11.03}]"
United States,Saudi Arabia,Neutral,1.682,1.018,52.8,26.3,20.9,53.3,7.4,8.5,21.3,4.1,5.4,69.2,30.8,"[{""score"": ""1 - 1"", ""pct"": 11.63}, {""score"": ""1 - 0"", ""pct"": 11.459999999999999}, {""score"": ""2 - 1"", ""pct"": 9.629999999999999}]"
United States,Colombia,Neutral,0.772,1.928,12.8,22.0,65.2,13.5,2.4,3.4,65.2,7.1,8.4,19.2,80.8,"[{""score"": ""0 - 1"", ""pct"": 13.76}, {""score"": ""0 - 2"", ""pct"": 12.23}, {""score"": ""1 - 1"", ""pct"": 9.9}]"
United States,Portugal,Neutral,0.834,1.866,15.1,22.9,62.0,15.0,2.9,4.0,62.5,7.2,8.3,21.9,78.1,"[{""score"": ""0 - 1"", ""pct"": 13.389999999999999}, {""score"": ""0 - 2"", ""pct"": 11.72}, {""score"": ""1 - 1"", ""pct"": 10.17}]"
United States,Sweden,Neutral,1.688,1.012,53.5,25.2,21.3,53.2,7.1,9.1,21.2,3.6,5.7,69.4,30.6,"[{""score"": ""1 - 0"", ""pct"": 12.02}, {""score"": ""1 - 1"", ""pct"": 11.57}, {""score"": ""2 - 0"", ""pct"": 9.41}]"
United States,Jordan,Neutral,1.382,1.318,38.0,26.7,35.3,37.3,6.7,7.8,35.3,5.4,7.4,51.8,48.2,"[{""score"": ""1 - 1"", ""pct"": 12.01}, {""score"": ""1 - 0"", ""pct"": 9.62}, {""score"": ""0 - 1"", ""pct"": 8.91}]"
United States,Morocco,Neutral,0.877,1.823,16.6,23.5,59.9,16.9,3.1,4.0,59.7,7.5,8.8,24.0,76.0,"[{""score"": ""0 - 1"", ""pct"": 12.83}, {""score"": ""0 - 2"", ""pct"": 10.59}, {""score"": ""1 - 1"", ""pct"": 10.280000000000001}]"
United States,Iraq,Neutral,1.568,1.132,47.3,26.6,26.1,47.6,6.8,8.6,26.3,4.6,6.1,62.9,37.1,"[{""score"": ""1 - 1"", ""pct"": 12.42}, {""score"": ""1 - 0"", ""pct"": 10.94}, {""score"": ""2 - 1"", ""pct"": 9.3}]"
United States,Tunisia,Neutral,1.567,1.133,47.4,25.8,26.8,46.3,6.9,8.4,27.0,4.9,6.5,61.5,38.5,"[{""score"": ""1 - 1"", ""pct"": 11.65}, {""score"": ""1 - 0"", ""pct"": 11.110000000000001}, {""score"": ""2 - 1"", ""pct"": 9.21}]"
United States,Qatar,Neutral,2.018,0.682,68.4,20.7,10.9,69.1,7.2,8.2,10.8,2.0,2.7,84.5,15.5,"[{""score"": ""1 - 0"", ""pct"": 14.149999999999999}, {""score"": ""2 - 0"", ""pct"": 13.719999999999999}, {""score"": ""1 - 1"", ""pct"": 9.11}]"
United States,Curaçao,Neutral,1.905,0.795,63.5,22.1,14.3,64.2,7.2,8.8,13.6,2.5,3.7,80.2,19.8,"[{""score"": ""1 - 0"", ""pct"": 13.74}, {""score"": ""2 - 0"", ""pct"": 12.08}, {""score"": ""1 - 1"", ""pct"": 10.39}]"
United States,Iran,Neutral,1.074,1.626,23.5,25.9,50.6,23.8,4.3,5.8,50.7,7.2,8.3,33.8,66.2,"[{""score"": ""1 - 1"", ""pct"": 11.31}, {""score"": ""0 - 1"", ""pct"": 11.29}, {""score"": ""1 - 2"", ""pct"": 10.17}]"
United States,South Korea,Neutral,1.116,1.584,25.4,26.7,47.9,26.1,4.5,5.5,47.8,7.3,8.9,36.1,63.9,"[{""score"": ""1 - 1"", ""pct"": 11.959999999999999}, {""score"": ""0 - 1"", ""pct"": 10.5}, {""score"": ""1 - 2"", ""pct"": 9.62}]"
United States,Ghana,Neutral,1.888,0.812,62.8,22.5,14.7,62.3,7.9,8.9,14.5,2.7,3.7,79.1,20.9,"[{""score"": ""1 - 0"", ""pct"": 12.920000000000002}, {""score"": ""2 - 0"", ""pct"": 11.39}, {""score"": ""1 - 1"", ""pct"": 10.12}]"
United States,Norway,Neutral,1.056,1.644,23.3,25.9,50.8,24.0,4.2,5.4,50.2,7.5,8.8,33.6,66.4,"[{""score"": ""1 - 1"", ""pct"": 11.92}, {""score"": ""0 - 1"", ""pct"": 11.03}, {""score"": ""1 - 2"", ""pct"": 10.11}]"
United States,England,Neutral,0.735,1.965,12.0,21.4,66.6,12.6,2.5,3.5,65.8,7.3,8.3,18.6,81.4,"[{""score"": ""0 - 2"", ""pct"": 13.469999999999999}, {""score"": ""0 - 1"", ""pct"": 13.389999999999999}, {""score"": ""1 - 2"", ""pct"": 9.35}]"
United States,Mexico,Neutral,0.926,1.774,18.6,24.7,56.8,18.5,3.5,4.5,57.5,7.8,8.1,26.5,73.5,"[{""score"": ""0 - 1"", ""pct"": 12.15}, {""score"": ""1 - 1"", ""pct"": 11.14}, {""score"": ""0 - 2"", ""pct"": 10.35}]"
United States,Austria,Neutral,1.334,1.366,36.3,26.8,36.9,36.3,5.7,7.4,36.8,6.4,7.4,49.4,50.6,"[{""score"": ""1 - 1"", ""pct"": 12.23}, {""score"": ""1 - 0"", ""pct"": 9.569999999999999}, {""score"": ""0 - 1"", ""pct"": 9.45}]"
United States,Panama,Neutral,1.231,1.469,30.1,27.1,42.7,30.7,5.3,6.7,42.1,7.1,8.2,42.6,57.4,"[{""score"": ""1 - 1"", ""pct"": 12.6}, {""score"": ""0 - 1"", ""pct"": 9.87}, {""score"": ""1 - 2"", ""pct"": 9.27}]"
United States,Bosnia and Herzegovina,Neutral,1.981,0.719,67.6,21.0,11.5,67.6,7.3,8.7,11.1,2.4,2.9,83.6,16.4,"[{""score"": ""1 - 0"", ""pct"": 13.780000000000001}, {""score"": ""2 - 0"", ""pct"": 13.26}, {""score"": ""1 - 1"", ""pct"": 9.54}]"
United States,Czech Republic,Neutral,1.582,1.118,47.6,26.9,25.6,48.3,7.1,8.6,25.8,4.2,6.0,64.0,36.0,"[{""score"": ""1 - 1"", ""pct"": 12.26}, {""score"": ""1 - 0"", ""pct"": 10.84}, {""score"": ""2 - 1"", ""pct"": 9.719999999999999}]"
United States,Switzerland,Neutral,1.114,1.586,25.5,26.2,48.3,25.7,5.1,6.1,47.6,7.2,8.3,36.9,63.1,"[{""score"": ""1 - 1"", ""pct"": 12.25}, {""score"": ""0 - 1"", ""pct"": 10.84}, {""score"": ""1 - 2"", ""pct"": 9.67}]"
United States,Argentina,Neutral,0.549,2.151,6.7,17.7,75.5,7.1,1.4,2.1,74.9,6.9,7.7,10.5,89.5,"[{""score"": ""0 - 2"", ""pct"": 15.6}, {""score"": ""0 - 1"", ""pct"": 15.58}, {""score"": ""0 - 3"", ""pct"": 10.13}]"
United States,Uzbekistan,Neutral,1.264,1.436,32.7,27.6,39.7,32.2,5.6,6.5,41.3,6.6,7.7,44.4,55.6,"[{""score"": ""1 - 1"", ""pct"": 12.4}, {""score"": ""0 - 1"", ""pct"": 9.59}, {""score"": ""1 - 0"", ""pct"": 8.540000000000001}]"
United States,Belgium,Neutral,1.091,1.609,24.8,26.1,49.1,24.9,4.8,5.7,48.6,7.5,8.4,35.5,64.5,"[{""score"": ""1 - 1"", ""pct"": 11.959999999999999}, {""score"": ""0 - 1"", ""pct"": 11.14}, {""score"": ""1 - 2"", ""pct"": 9.24}]"
United States,Australia,Neutral,1.034,1.666,22.4,24.7,52.9,22.0,4.4,5.2,52.9,7.0,8.6,31.5,68.5,"[{""score"": ""0 - 1"", ""pct"": 11.73}, {""score"": ""1 - 1"", ""pct"": 10.979999999999999}, {""score"": ""1 - 2"", ""pct"": 10.11}]"
United States,Paraguay,Neutral,1.126,1.574,26.5,26.3,47.2,25.6,5.0,5.9,47.6,7.4,8.4,36.5,63.5,"[{""score"": ""1 - 1"", ""pct"": 12.07}, {""score"": ""0 - 1"", ""pct"": 10.63}, {""score"": ""1 - 2"", ""pct"": 9.36}]"
United States,Egypt,Neutral,1.45,1.25,40.4,27.4,32.2,41.2,6.8,8.1,31.7,5.7,6.5,56.0,44.0,"[{""score"": ""1 - 1"", ""pct"": 12.47}, {""score"": ""1 - 0"", ""pct"": 9.610000000000001}, {""score"": ""2 - 1"", ""pct"": 8.62}]"
United States,Ecuador,Neutral,0.844,1.856,15.4,23.0,61.6,15.5,3.0,3.8,61.8,7.6,8.3,22.3,77.7,"[{""score"": ""0 - 1"", ""pct"": 13.350000000000001}, {""score"": ""0 - 2"", ""pct"": 11.379999999999999}, {""score"": ""1 - 1"", ""pct"": 10.2}]"
United States,Cape Verde,Neutral,1.851,0.849,61.4,23.4,15.1,61.2,7.4,9.2,15.6,2.9,3.7,77.8,22.2,"[{""score"": ""1 - 0"", ""pct"": 13.170000000000002}, {""score"": ""2 - 0"", ""pct"": 11.09}, {""score"": ""1 - 1"", ""pct"": 10.4}]"
United States,Germany,Neutral,0.967,1.733,19.6,25.5,54.9,20.1,4.0,4.6,55.1,7.8,8.3,28.7,71.3,"[{""score"": ""0 - 1"", ""pct"": 12.67}, {""score"": ""1 - 1"", ""pct"": 12.01}, {""score"": ""0 - 2"", ""pct"": 9.73}]"
United States,DR Congo,Neutral,1.534,1.166,44.8,26.8,28.4,45.6,6.9,8.2,28.1,5.0,6.2,60.8,39.2,"[{""score"": ""1 - 1"", ""pct"": 12.41}, {""score"": ""1 - 0"", ""pct"": 10.32}, {""score"": ""2 - 1"", ""pct"": 9.17}]"
United States,Croatia,Neutral,1.026,1.674,21.8,26.0,52.3,23.1,4.2,4.8,51.6,7.3,9.0,32.1,67.9,"[{""score"": ""0 - 1"", ""pct"": 11.57}, {""score"": ""1 - 1"", ""pct"": 11.41}, {""score"": ""1 - 2"", ""pct"": 10.12}]"
United States,Turkey,Neutral,1.077,1.623,24.3,26.1,49.6,24.4,4.6,5.6,49.7,7.3,8.5,34.5,65.5,"[{""score"": ""1 - 1"", ""pct"": 12.2}, {""score"": ""0 - 1"", ""pct"": 11.06}, {""score"": ""1 - 2"", ""pct"": 9.45}]"
United States,Uruguay,Neutral,0.963,1.737,19.9,24.4,55.6,20.0,3.6,4.6,55.1,8.0,8.7,28.2,71.8,"[{""score"": ""0 - 1"", ""pct"": 12.139999999999999}, {""score"": ""1 - 1"", ""pct"": 10.79}, {""score"": ""0 - 2"", ""pct"": 9.67}]"
United States,New Zealand,Neutral,1.654,1.046,51.8,25.2,22.9,50.8,7.5,9.0,23.0,4.3,5.5,67.2,32.8,"[{""score"": ""1 - 1"", ""pct"": 11.48}, {""score"": ""1 - 0"", ""pct"": 11.04}, {""score"": ""2 - 1"", ""pct"": 9.83}]"
United States,Senegal,Neutral,1.104,1.596,25.4,25.8,48.8,25.7,4.7,5.9,48.4,7.0,8.4,36.2,63.8,"[{""score"": ""0 - 1"", ""pct"": 11.77}, {""score"": ""1 - 1"", ""pct"": 11.57}, {""score"": ""1 - 2"", ""pct"": 9.370000000000001}]"
United States,Brazil,Neutral,0.765,1.935,12.7,22.1,65.2,13.5,2.7,3.4,64.8,7.3,8.3,19.5,80.5,"[{""score"": ""0 - 1"", ""pct"": 13.04}, {""score"": ""0 - 2"", ""pct"": 12.78}, {""score"": ""1 - 1"", ""pct"": 10.040000000000001}]"
United States,Ivory Coast,Neutral,1.41,1.29,39.7,26.7,33.7,39.7,6.3,8.0,33.1,5.7,7.2,54.0,46.0,"[{""score"": ""1 - 1"", ""pct"": 12.1}, {""score"": ""1 - 0"", ""pct"": 9.48}, {""score"": ""2 - 1"", ""pct"": 8.93}]"
United States,France,Neutral,0.674,2.026,10.2,21.1,68.7,9.7,1.9,2.7,70.6,7.0,8.0,14.3,85.7,"[{""score"": ""0 - 1"", ""pct"": 13.63}, {""score"": ""0 - 2"", ""pct"": 13.58}, {""score"": ""1 - 2"", ""pct"": 9.29}]"
Senegal,Netherlands,Neutral,1.176,1.524,28.3,26.2,45.5,28.4,5.0,6.5,45.0,6.7,8.4,39.9,60.1,"[{""score"": ""1 - 1"", ""pct"": 12.11}, {""score"": ""0 - 1"", ""pct"": 10.69}, {""score"": ""1 - 2"", ""pct"": 9.28}]"
Senegal,South Africa,Neutral,2.001,0.699,68.0,21.1,11.0,68.5,7.5,8.1,10.9,2.3,2.6,84.1,15.9,"[{""score"": ""1 - 0"", ""pct"": 13.62}, {""score"": ""2 - 0"", ""pct"": 13.38}, {""score"": ""2 - 1"", ""pct"": 9.520000000000001}]"
Senegal,Japan,Neutral,1.054,1.646,22.9,25.4,51.7,23.6,3.9,5.8,50.9,7.1,8.5,33.4,66.6,"[{""score"": ""0 - 1"", ""pct"": 11.95}, {""score"": ""1 - 1"", ""pct"": 11.52}, {""score"": ""1 - 2"", ""pct"": 10.03}]"
Senegal,Scotland,Neutral,1.647,1.053,51.3,25.7,22.9,51.2,7.1,9.1,23.2,4.1,5.1,67.5,32.5,"[{""score"": ""1 - 1"", ""pct"": 11.84}, {""score"": ""1 - 0"", ""pct"": 11.35}, {""score"": ""2 - 1"", ""pct"": 9.48}]"
Senegal,Algeria,Neutral,1.391,1.309,37.6,26.9,35.5,37.7,6.3,8.0,35.2,5.7,7.1,52.0,48.0,"[{""score"": ""1 - 1"", ""pct"": 12.0}, {""score"": ""1 - 0"", ""pct"": 9.27}, {""score"": ""0 - 1"", ""pct"": 8.959999999999999}]"
Senegal,Canada,Neutral,1.381,1.319,38.4,27.3,34.3,38.1,6.2,7.8,34.1,6.2,7.7,52.0,48.0,"[{""score"": ""1 - 1"", ""pct"": 12.540000000000001}, {""score"": ""1 - 0"", ""pct"": 9.16}, {""score"": ""0 - 1"", ""pct"": 8.92}]"
Senegal,Haiti,Neutral,1.834,0.866,60.8,22.7,16.4,60.3,7.6,8.9,16.1,3.3,3.8,76.9,23.2,"[{""score"": ""1 - 0"", ""pct"": 13.309999999999999}, {""score"": ""2 - 0"", ""pct"": 11.08}, {""score"": ""1 - 1"", ""pct"": 10.43}]"
Senegal,Spain,Neutral,0.656,2.044,9.3,19.7,71.0,9.3,1.8,2.5,71.2,7.0,8.1,13.6,86.4,"[{""score"": ""0 - 1"", ""pct"": 14.430000000000001}, {""score"": ""0 - 2"", ""pct"": 14.17}, {""score"": ""1 - 2"", ""pct"": 9.27}]"
Senegal,Saudi Arabia,Neutral,1.891,0.809,63.4,22.7,13.9,63.6,7.4,8.6,13.9,2.6,3.8,79.7,20.3,"[{""score"": ""1 - 0"", ""pct"": 13.23}, {""score"": ""2 - 0"", ""pct"": 11.73}, {""score"": ""1 - 1"", ""pct"": 10.39}]"
Senegal,Colombia,Neutral,0.974,1.726,20.7,24.3,55.0,20.3,3.9,5.3,54.5,7.6,8.4,29.5,70.5,"[{""score"": ""0 - 1"", ""pct"": 12.47}, {""score"": ""1 - 1"", ""pct"": 10.979999999999999}, {""score"": ""0 - 2"", ""pct"": 10.67}]"
Senegal,Portugal,Neutral,1.048,1.652,23.7,25.1,51.2,22.7,4.2,5.1,51.3,7.9,8.7,32.1,67.9,"[{""score"": ""1 - 1"", ""pct"": 11.68}, {""score"": ""0 - 1"", ""pct"": 11.379999999999999}, {""score"": ""1 - 2"", ""pct"": 9.59}]"
Senegal,Sweden,Neutral,1.896,0.804,63.7,22.0,14.3,63.1,7.2,8.5,14.4,3.1,3.7,78.8,21.2,"[{""score"": ""1 - 0"", ""pct"": 12.72}, {""score"": ""2 - 0"", ""pct"": 12.16}, {""score"": ""2 - 1"", ""pct"": 9.98}]"
Senegal,Jordan,Neutral,1.625,1.075,49.5,25.8,24.7,49.2,7.7,8.7,24.2,4.2,5.9,65.6,34.4,"[{""score"": ""1 - 1"", ""pct"": 11.559999999999999}, {""score"": ""1 - 0"", ""pct"": 11.28}, {""score"": ""2 - 1"", ""pct"": 9.75}]"
Senegal,Morocco,Neutral,1.099,1.601,24.3,26.3,49.4,25.3,4.6,6.1,48.8,7.0,8.1,36.1,63.9,"[{""score"": ""1 - 1"", ""pct"": 11.84}, {""score"": ""0 - 1"", ""pct"": 11.0}, {""score"": ""1 - 2"", ""pct"": 9.67}]"
Senegal,Iraq,Neutral,1.794,0.906,58.8,23.7,17.5,58.1,7.5,9.2,17.6,3.5,4.2,74.8,25.2,"[{""score"": ""1 - 0"", ""pct"": 12.94}, {""score"": ""1 - 1"", ""pct"": 10.79}, {""score"": ""2 - 0"", ""pct"": 10.45}]"
Senegal,Tunisia,Neutral,1.793,0.907,58.4,23.6,18.0,58.4,8.2,8.6,17.2,3.2,4.4,75.2,24.8,"[{""score"": ""1 - 0"", ""pct"": 12.520000000000001}, {""score"": ""1 - 1"", ""pct"": 10.979999999999999}, {""score"": ""2 - 0"", ""pct"": 10.59}]"
Senegal,Qatar,Neutral,2.154,0.546,74.3,18.3,7.4,75.3,7.1,7.3,6.9,1.4,2.0,89.7,10.3,"[{""score"": ""2 - 0"", ""pct"": 15.840000000000002}, {""score"": ""1 - 0"", ""pct"": 14.549999999999999}, {""score"": ""3 - 0"", ""pct"": 10.81}]"
Senegal,Curaçao,Neutral,2.07,0.63,70.6,20.5,8.8,71.0,7.2,8.2,9.3,1.8,2.5,86.4,13.6,"[{""score"": ""2 - 0"", ""pct"": 14.330000000000002}, {""score"": ""1 - 0"", ""pct"": 14.149999999999999}, {""score"": ""1 - 1"", ""pct"": 9.33}]"
Senegal,Iran,Neutral,1.318,1.382,34.4,27.3,38.3,34.1,5.9,7.3,38.0,7.0,7.7,47.3,52.7,"[{""score"": ""1 - 1"", ""pct"": 12.57}, {""score"": ""0 - 1"", ""pct"": 9.28}, {""score"": ""1 - 2"", ""pct"": 9.07}]"
Senegal,South Korea,Neutral,1.362,1.338,37.6,26.8,35.6,37.4,6.1,7.5,35.2,6.3,7.5,51.0,49.0,"[{""score"": ""1 - 1"", ""pct"": 11.87}, {""score"": ""1 - 0"", ""pct"": 9.32}, {""score"": ""0 - 1"", ""pct"": 9.16}]"
Senegal,Ghana,Neutral,2.056,0.644,70.5,20.0,9.4,70.5,7.3,8.2,9.9,1.6,2.5,86.0,14.0,"[{""score"": ""1 - 0"", ""pct"": 14.57}, {""score"": ""2 - 0"", ""pct"": 14.249999999999998}, {""score"": ""3 - 0"", ""pct"": 9.32}]"
Senegal,Norway,Neutral,1.299,1.401,34.4,26.7,38.9,35.3,5.6,7.3,37.7,6.6,7.5,48.2,51.8,"[{""score"": ""1 - 1"", ""pct"": 11.93}, {""score"": ""0 - 1"", ""pct"": 10.16}, {""score"": ""1 - 0"", ""pct"": 8.7}]"
Senegal,England,Neutral,0.927,1.773,19.2,23.8,57.0,17.8,3.7,4.5,58.1,7.6,8.3,26.0,74.0,"[{""score"": ""0 - 1"", ""pct"": 11.95}, {""score"": ""0 - 2"", ""pct"": 10.38}, {""score"": ""1 - 1"", ""pct"": 10.290000000000001}]"
Senegal,Mexico,Neutral,1.155,1.545,27.4,27.0,45.6,27.5,5.0,5.8,46.1,6.6,9.0,38.3,61.7,"[{""score"": ""1 - 1"", ""pct"": 12.73}, {""score"": ""0 - 1"", ""pct"": 10.75}, {""score"": ""1 - 2"", ""pct"": 9.43}]"
Senegal,Austria,Neutral,1.581,1.119,48.5,25.0,26.5,48.1,7.2,8.2,25.6,4.6,6.3,63.5,36.5,"[{""score"": ""1 - 1"", ""pct"": 11.62}, {""score"": ""1 - 0"", ""pct"": 11.26}, {""score"": ""2 - 1"", ""pct"": 9.8}]"
Senegal,Panama,Neutral,1.48,1.22,41.9,27.3,30.8,43.2,6.6,7.9,30.3,5.2,6.7,57.7,42.3,"[{""score"": ""1 - 1"", ""pct"": 12.85}, {""score"": ""1 - 0"", ""pct"": 9.69}, {""score"": ""2 - 1"", ""pct"": 8.790000000000001}]"
Senegal,Bosnia and Herzegovina,Neutral,2.127,0.573,74.2,18.0,7.8,74.4,7.0,7.5,7.4,1.7,1.9,88.9,11.1,"[{""score"": ""2 - 0"", ""pct"": 14.91}, {""score"": ""1 - 0"", ""pct"": 14.680000000000001}, {""score"": ""3 - 0"", ""pct"": 10.67}]"
Senegal,Czech Republic,Neutral,1.807,0.893,59.2,23.7,17.1,58.8,7.7,8.9,17.3,3.3,4.1,75.3,24.6,"[{""score"": ""1 - 0"", ""pct"": 12.98}, {""score"": ""2 - 0"", ""pct"": 10.72}, {""score"": ""1 - 1"", ""pct"": 10.47}]"
Senegal,Switzerland,Neutral,1.36,1.34,36.7,27.2,36.1,36.8,6.8,7.2,35.5,6.5,7.1,50.9,49.1,"[{""score"": ""1 - 1"", ""pct"": 12.25}, {""score"": ""1 - 0"", ""pct"": 9.15}, {""score"": ""0 - 1"", ""pct"": 9.11}]"
Senegal,Argentina,Neutral,0.687,2.013,10.3,20.6,69.1,10.2,2.2,2.8,69.3,7.1,8.3,15.2,84.8,"[{""score"": ""0 - 1"", ""pct"": 13.84}, {""score"": ""0 - 2"", ""pct"": 13.36}, {""score"": ""1 - 2"", ""pct"": 9.45}]"
Senegal,Uzbekistan,Neutral,1.512,1.188,44.4,26.7,29.0,45.2,6.6,8.2,28.6,5.0,6.3,60.0,40.0,"[{""score"": ""1 - 1"", ""pct"": 12.04}, {""score"": ""1 - 0"", ""pct"": 10.100000000000001}, {""score"": ""2 - 1"", ""pct"": 9.629999999999999}]"
Senegal,Belgium,Neutral,1.336,1.364,35.9,27.0,37.1,35.5,5.7,7.5,37.8,6.1,7.4,48.7,51.3,"[{""score"": ""1 - 1"", ""pct"": 12.1}, {""score"": ""1 - 0"", ""pct"": 9.55}, {""score"": ""0 - 1"", ""pct"": 8.95}]"
Senegal,Australia,Neutral,1.275,1.425,32.8,26.7,40.5,33.7,5.3,6.8,39.7,6.7,7.8,45.8,54.2,"[{""score"": ""1 - 1"", ""pct"": 12.44}, {""score"": ""0 - 1"", ""pct"": 9.569999999999999}, {""score"": ""1 - 2"", ""pct"": 8.82}]"
Senegal,Paraguay,Neutral,1.373,1.327,37.6,27.7,34.7,37.6,6.2,7.7,35.5,6.0,7.0,51.5,48.5,"[{""score"": ""1 - 1"", ""pct"": 12.35}, {""score"": ""1 - 0"", ""pct"": 9.58}, {""score"": ""0 - 1"", ""pct"": 9.229999999999999}]"
Senegal,Egypt,Neutral,1.689,1.011,53.3,25.2,21.5,52.4,7.6,9.3,21.3,4.2,5.1,69.4,30.6,"[{""score"": ""1 - 0"", ""pct"": 11.84}, {""score"": ""1 - 1"", ""pct"": 11.16}, {""score"": ""2 - 1"", ""pct"": 9.9}]"
Senegal,Ecuador,Neutral,1.06,1.64,24.0,25.3,50.8,23.3,4.4,5.5,50.8,7.5,8.4,33.2,66.8,"[{""score"": ""0 - 1"", ""pct"": 11.28}, {""score"": ""1 - 1"", ""pct"": 11.04}, {""score"": ""1 - 2"", ""pct"": 10.14}]"
Senegal,Cape Verde,Neutral,2.028,0.672,69.2,20.8,10.0,68.7,7.9,8.2,10.0,2.5,2.7,84.9,15.1,"[{""score"": ""1 - 0"", ""pct"": 14.08}, {""score"": ""2 - 0"", ""pct"": 13.239999999999998}, {""score"": ""1 - 1"", ""pct"": 9.49}]"
Senegal,Germany,Neutral,1.201,1.499,29.0,27.4,43.6,29.3,5.3,6.6,43.6,6.8,8.4,41.2,58.8,"[{""score"": ""1 - 1"", ""pct"": 12.47}, {""score"": ""0 - 1"", ""pct"": 10.209999999999999}, {""score"": ""1 - 2"", ""pct"": 8.89}]"
Senegal,DR Congo,Neutral,1.764,0.936,56.8,24.7,18.5,57.3,7.4,8.2,19.1,3.5,4.4,73.0,27.1,"[{""score"": ""1 - 0"", ""pct"": 12.35}, {""score"": ""1 - 1"", ""pct"": 11.19}, {""score"": ""2 - 0"", ""pct"": 10.58}]"
Senegal,Croatia,Neutral,1.267,1.433,32.2,27.1,40.7,32.6,6.0,6.8,40.7,6.2,7.8,45.3,54.7,"[{""score"": ""1 - 1"", ""pct"": 12.16}, {""score"": ""0 - 1"", ""pct"": 9.9}, {""score"": ""1 - 2"", ""pct"": 9.06}]"
Senegal,Turkey,Neutral,1.321,1.379,35.5,26.6,37.9,35.0,5.7,7.3,38.0,6.5,7.5,48.0,52.0,"[{""score"": ""1 - 1"", ""pct"": 11.97}, {""score"": ""0 - 1"", ""pct"": 9.35}, {""score"": ""1 - 0"", ""pct"": 9.04}]"
Senegal,Uruguay,Neutral,1.197,1.503,30.1,27.2,42.7,29.3,5.3,6.6,43.8,6.6,8.4,41.3,58.7,"[{""score"": ""1 - 1"", ""pct"": 12.030000000000001}, {""score"": ""0 - 1"", ""pct"": 10.27}, {""score"": ""1 - 0"", ""pct"": 8.62}]"
Senegal,New Zealand,Neutral,1.868,0.832,62.9,22.6,14.5,62.3,7.7,8.7,14.6,2.9,3.8,78.7,21.3,"[{""score"": ""1 - 0"", ""pct"": 13.23}, {""score"": ""2 - 0"", ""pct"": 11.17}, {""score"": ""2 - 1"", ""pct"": 10.24}]"
Senegal,United States,Neutral,1.596,1.104,48.2,26.7,25.0,48.5,7.3,8.8,24.9,4.6,5.9,64.6,35.4,"[{""score"": ""1 - 1"", ""pct"": 12.16}, {""score"": ""1 - 0"", ""pct"": 11.25}, {""score"": ""2 - 1"", ""pct"": 9.17}]"
Senegal,Brazil,Neutral,0.965,1.735,19.8,24.4,55.8,20.2,3.7,4.7,54.7,7.9,8.8,28.6,71.4,"[{""score"": ""0 - 1"", ""pct"": 11.66}, {""score"": ""1 - 1"", ""pct"": 11.1}, {""score"": ""0 - 2"", ""pct"": 10.08}]"
Senegal,Ivory Coast,Neutral,1.652,1.048,51.5,25.2,23.2,51.1,7.6,9.1,22.9,4.0,5.2,67.8,32.2,"[{""score"": ""1 - 0"", ""pct"": 11.75}, {""score"": ""1 - 1"", ""pct"": 11.41}, {""score"": ""2 - 1"", ""pct"": 9.99}]"
Senegal,France,Neutral,0.851,1.849,16.2,22.6,61.2,16.5,3.0,3.6,60.8,7.2,9.0,23.1,77.0,"[{""score"": ""0 - 1"", ""pct"": 12.83}, {""score"": ""0 - 2"", ""pct"": 11.24}, {""score"": ""1 - 1"", ""pct"": 10.08}]"
Brazil,Netherlands,Neutral,1.573,1.127,47.6,26.6,25.8,47.1,7.4,8.7,26.3,4.7,5.8,63.2,36.8,"[{""score"": ""1 - 1"", ""pct"": 11.95}, {""score"": ""1 - 0"", ""pct"": 11.200000000000001}, {""score"": ""2 - 1"", ""pct"": 9.520000000000001}]"
Brazil,South Africa,Neutral,2.208,0.492,77.8,16.6,5.6,77.0,6.6,7.5,6.0,1.3,1.6,91.1,8.9,"[{""score"": ""2 - 0"", ""pct"": 15.64}, {""score"": ""1 - 0"", ""pct"": 15.629999999999999}, {""score"": ""3 - 0"", ""pct"": 12.049999999999999}]"
Brazil,Japan,Neutral,1.449,1.251,40.6,27.3,32.1,41.5,7.0,8.2,31.2,5.4,6.7,56.7,43.3,"[{""score"": ""1 - 1"", ""pct"": 12.370000000000001}, {""score"": ""1 - 0"", ""pct"": 9.56}, {""score"": ""2 - 1"", ""pct"": 8.649999999999999}]"
Brazil,Scotland,Neutral,1.974,0.726,67.3,20.6,12.0,67.0,7.2,8.2,12.2,2.5,2.9,82.3,17.7,"[{""score"": ""1 - 0"", ""pct"": 14.099999999999998}, {""score"": ""2 - 0"", ""pct"": 12.809999999999999}, {""score"": ""2 - 1"", ""pct"": 9.51}]"
Brazil,Algeria,Neutral,1.771,0.929,57.0,24.5,18.4,56.6,7.2,8.8,19.2,3.5,4.6,72.7,27.3,"[{""score"": ""1 - 0"", ""pct"": 12.7}, {""score"": ""1 - 1"", ""pct"": 11.34}, {""score"": ""2 - 0"", ""pct"": 10.73}]"
Brazil,Canada,Neutral,1.763,0.937,57.1,24.0,18.9,56.7,7.4,8.8,18.8,3.6,4.8,72.9,27.1,"[{""score"": ""1 - 0"", ""pct"": 12.280000000000001}, {""score"": ""1 - 1"", ""pct"": 11.219999999999999}, {""score"": ""2 - 1"", ""pct"": 10.16}]"
Brazil,Haiti,Neutral,2.103,0.597,73.4,18.4,8.3,72.9,7.1,7.9,8.0,1.6,2.4,88.0,12.0,"[{""score"": ""2 - 0"", ""pct"": 14.719999999999999}, {""score"": ""1 - 0"", ""pct"": 14.29}, {""score"": ""3 - 0"", ""pct"": 10.52}]"
Brazil,Spain,Neutral,0.954,1.746,19.5,24.5,56.0,19.3,3.4,4.6,56.2,7.6,9.0,27.2,72.8,"[{""score"": ""0 - 1"", ""pct"": 11.77}, {""score"": ""1 - 1"", ""pct"": 10.86}, {""score"": ""0 - 2"", ""pct"": 9.969999999999999}]"
Brazil,Saudi Arabia,Neutral,2.14,0.56,74.5,17.8,7.7,74.9,6.5,7.5,7.7,1.6,1.8,88.9,11.1,"[{""score"": ""2 - 0"", ""pct"": 15.28}, {""score"": ""1 - 0"", ""pct"": 14.49}, {""score"": ""3 - 0"", ""pct"": 10.57}]"
Brazil,Colombia,Neutral,1.36,1.34,36.4,28.1,35.5,37.7,6.5,6.9,35.1,6.2,7.6,51.1,48.9,"[{""score"": ""1 - 1"", ""pct"": 12.8}, {""score"": ""1 - 0"", ""pct"": 9.59}, {""score"": ""0 - 1"", ""pct"": 8.89}]"
Brazil,Portugal,Neutral,1.442,1.258,41.3,26.5,32.2,40.5,6.5,8.2,32.6,5.1,7.1,55.2,44.8,"[{""score"": ""1 - 1"", ""pct"": 12.36}, {""score"": ""1 - 0"", ""pct"": 9.84}, {""score"": ""2 - 1"", ""pct"": 9.370000000000001}]"
Brazil,Sweden,Neutral,2.143,0.557,74.8,18.0,7.2,74.7,7.0,7.2,7.4,1.3,2.4,88.9,11.1,"[{""score"": ""1 - 0"", ""pct"": 15.09}, {""score"": ""2 - 0"", ""pct"": 15.09}, {""score"": ""3 - 0"", ""pct"": 10.83}]"
Brazil,Jordan,Neutral,1.957,0.743,66.8,21.1,12.0,66.8,7.3,8.3,12.2,2.3,3.1,82.4,17.6,"[{""score"": ""1 - 0"", ""pct"": 13.530000000000001}, {""score"": ""2 - 0"", ""pct"": 13.15}, {""score"": ""2 - 1"", ""pct"": 9.85}]"
Brazil,Morocco,Neutral,1.496,1.204,44.1,26.2,29.6,43.2,6.9,8.4,30.2,5.2,6.1,58.5,41.5,"[{""score"": ""1 - 1"", ""pct"": 12.3}, {""score"": ""1 - 0"", ""pct"": 9.950000000000001}, {""score"": ""2 - 1"", ""pct"": 9.65}]"
Brazil,Iraq,Neutral,2.076,0.624,72.0,19.2,8.8,72.0,7.1,7.4,9.1,1.9,2.5,86.6,13.4,"[{""score"": ""1 - 0"", ""pct"": 14.510000000000002}, {""score"": ""2 - 0"", ""pct"": 14.330000000000002}, {""score"": ""3 - 0"", ""pct"": 9.42}]"
Brazil,Tunisia,Neutral,2.076,0.624,72.2,19.3,8.6,72.1,6.9,7.6,9.4,1.7,2.2,86.7,13.3,"[{""score"": ""1 - 0"", ""pct"": 14.75}, {""score"": ""2 - 0"", ""pct"": 14.649999999999999}, {""score"": ""3 - 0"", ""pct"": 9.6}]"
Brazil,Qatar,Neutral,2.297,0.403,81.1,14.3,4.5,81.3,6.2,6.4,4.2,0.8,1.1,93.9,6.1,"[{""score"": ""2 - 0"", ""pct"": 18.17}, {""score"": ""1 - 0"", ""pct"": 16.09}, {""score"": ""3 - 0"", ""pct"": 13.28}]"
Brazil,Curaçao,Neutral,2.249,0.451,79.0,15.7,5.3,80.2,6.4,6.1,4.9,1.1,1.2,92.7,7.3,"[{""score"": ""2 - 0"", ""pct"": 17.64}, {""score"": ""1 - 0"", ""pct"": 15.42}, {""score"": ""3 - 0"", ""pct"": 11.91}]"
Brazil,Iran,Neutral,1.706,0.994,54.4,25.1,20.6,53.5,7.6,8.1,21.4,4.2,5.2,69.2,30.8,"[{""score"": ""1 - 1"", ""pct"": 11.72}, {""score"": ""1 - 0"", ""pct"": 11.469999999999999}, {""score"": ""2 - 1"", ""pct"": 9.82}]"
Brazil,South Korea,Neutral,1.746,0.954,55.3,25.2,19.5,56.2,7.5,9.2,18.9,3.7,4.6,72.8,27.2,"[{""score"": ""1 - 0"", ""pct"": 12.23}, {""score"": ""1 - 1"", ""pct"": 11.32}, {""score"": ""2 - 0"", ""pct"": 9.959999999999999}]"
Brazil,Ghana,Neutral,2.241,0.459,79.1,15.6,5.3,78.8,6.2,6.9,5.7,0.9,1.4,91.9,8.1,"[{""score"": ""2 - 0"", ""pct"": 17.46}, {""score"": ""1 - 0"", ""pct"": 15.36}, {""score"": ""3 - 0"", ""pct"": 11.559999999999999}]"
Brazil,Norway,Neutral,1.69,1.01,53.3,25.2,21.5,52.7,7.8,8.9,21.6,3.9,5.1,69.4,30.6,"[{""score"": ""1 - 0"", ""pct"": 12.15}, {""score"": ""1 - 1"", ""pct"": 11.12}, {""score"": ""2 - 1"", ""pct"": 9.77}]"
Brazil,England,Neutral,1.307,1.393,34.7,27.4,37.9,34.1,6.1,7.0,38.6,6.3,8.0,47.2,52.8,"[{""score"": ""1 - 1"", ""pct"": 12.75}, {""score"": ""0 - 1"", ""pct"": 9.48}, {""score"": ""1 - 0"", ""pct"": 8.88}]"
Brazil,Mexico,Neutral,1.552,1.148,47.0,25.8,27.2,46.2,7.0,8.7,27.0,5.1,6.1,61.8,38.2,"[{""score"": ""1 - 1"", ""pct"": 12.07}, {""score"": ""1 - 0"", ""pct"": 11.25}, {""score"": ""2 - 1"", ""pct"": 9.11}]"
Brazil,Austria,Neutral,1.924,0.776,65.3,21.5,13.2,64.4,7.7,8.3,13.5,2.5,3.6,80.4,19.6,"[{""score"": ""1 - 0"", ""pct"": 13.530000000000001}, {""score"": ""2 - 0"", ""pct"": 12.770000000000001}, {""score"": ""2 - 1"", ""pct"": 9.86}]"
Brazil,Panama,Neutral,1.844,0.856,60.9,22.9,16.1,60.7,7.8,9.1,15.6,2.9,3.9,77.6,22.4,"[{""score"": ""1 - 0"", ""pct"": 13.18}, {""score"": ""2 - 0"", ""pct"": 11.07}, {""score"": ""1 - 1"", ""pct"": 10.43}]"
Brazil,Bosnia and Herzegovina,Neutral,2.282,0.418,80.4,14.9,4.8,81.0,6.2,5.7,4.9,1.0,1.1,92.9,7.1,"[{""score"": ""2 - 0"", ""pct"": 17.46}, {""score"": ""1 - 0"", ""pct"": 15.770000000000001}, {""score"": ""3 - 0"", ""pct"": 13.08}]"
Brazil,Czech Republic,Neutral,2.085,0.615,72.1,19.1,8.8,72.5,7.0,8.2,8.6,1.5,2.0,87.8,12.2,"[{""score"": ""2 - 0"", ""pct"": 14.719999999999999}, {""score"": ""1 - 0"", ""pct"": 14.610000000000001}, {""score"": ""3 - 0"", ""pct"": 9.78}]"
Brazil,Switzerland,Neutral,1.744,0.956,56.6,24.8,18.6,56.0,7.5,8.5,19.6,3.7,4.7,72.0,28.0,"[{""score"": ""1 - 0"", ""pct"": 12.01}, {""score"": ""1 - 1"", ""pct"": 11.459999999999999}, {""score"": ""2 - 1"", ""pct"": 10.299999999999999}]"
Brazil,Argentina,Neutral,0.999,1.701,20.6,25.4,53.9,21.8,3.7,4.8,53.8,7.5,8.4,30.4,69.7,"[{""score"": ""0 - 1"", ""pct"": 12.08}, {""score"": ""1 - 1"", ""pct"": 11.31}, {""score"": ""0 - 2"", ""pct"": 9.81}]"
Brazil,Uzbekistan,Neutral,1.871,0.829,62.4,22.5,15.1,62.2,7.6,8.3,15.2,2.8,3.9,78.1,21.9,"[{""score"": ""1 - 0"", ""pct"": 13.059999999999999}, {""score"": ""2 - 0"", ""pct"": 11.52}, {""score"": ""1 - 1"", ""pct"": 10.08}]"
Brazil,Belgium,Neutral,1.723,0.977,54.7,25.1,20.2,54.9,7.5,8.6,20.3,3.6,5.1,71.0,29.0,"[{""score"": ""1 - 0"", ""pct"": 11.940000000000001}, {""score"": ""1 - 1"", ""pct"": 11.559999999999999}, {""score"": ""2 - 0"", ""pct"": 9.719999999999999}]"
Brazil,Australia,Neutral,1.668,1.032,51.5,25.4,23.1,52.2,7.2,8.4,22.1,4.6,5.5,67.8,32.2,"[{""score"": ""1 - 1"", ""pct"": 11.379999999999999}, {""score"": ""1 - 0"", ""pct"": 11.32}, {""score"": ""2 - 1"", ""pct"": 9.98}]"
Brazil,Paraguay,Neutral,1.755,0.945,56.2,24.9,18.9,56.2,7.6,8.9,19.7,3.4,4.2,72.8,27.2,"[{""score"": ""1 - 0"", ""pct"": 12.61}, {""score"": ""1 - 1"", ""pct"": 11.110000000000001}, {""score"": ""2 - 1"", ""pct"": 9.78}]"
Brazil,Egypt,Neutral,2.004,0.696,68.8,20.3,10.9,68.4,7.4,8.3,11.0,2.1,2.9,84.1,15.9,"[{""score"": ""1 - 0"", ""pct"": 14.360000000000001}, {""score"": ""2 - 0"", ""pct"": 13.59}, {""score"": ""2 - 1"", ""pct"": 9.32}]"
Brazil,Ecuador,Neutral,1.455,1.245,40.5,27.8,31.6,42.4,6.4,7.9,31.2,5.5,6.6,56.7,43.3,"[{""score"": ""1 - 1"", ""pct"": 12.540000000000001}, {""score"": ""1 - 0"", ""pct"": 9.76}, {""score"": ""2 - 1"", ""pct"": 8.690000000000001}]"
Brazil,Cape Verde,Neutral,2.224,0.476,78.1,16.4,5.5,77.4,7.3,6.9,5.8,1.1,1.6,91.6,8.4,"[{""score"": ""2 - 0"", ""pct"": 17.0}, {""score"": ""1 - 0"", ""pct"": 15.310000000000002}, {""score"": ""3 - 0"", ""pct"": 12.049999999999999}]"
Brazil,Germany,Neutral,1.598,1.102,48.5,25.4,26.1,48.3,7.2,8.4,25.8,4.5,5.7,63.9,36.1,"[{""score"": ""1 - 1"", ""pct"": 11.469999999999999}, {""score"": ""1 - 0"", ""pct"": 11.1}, {""score"": ""2 - 1"", ""pct"": 9.520000000000001}]"
Brazil,DR Congo,Neutral,2.056,0.644,71.7,19.0,9.3,70.8,7.1,8.1,9.5,2.1,2.5,86.0,14.0,"[{""score"": ""1 - 0"", ""pct"": 14.360000000000001}, {""score"": ""2 - 0"", ""pct"": 13.239999999999998}, {""score"": ""2 - 1"", ""pct"": 9.69}]"
Brazil,Croatia,Neutral,1.66,1.04,51.4,25.5,23.1,51.2,6.9,8.5,23.4,4.3,5.6,66.7,33.3,"[{""score"": ""1 - 1"", ""pct"": 11.73}, {""score"": ""1 - 0"", ""pct"": 11.61}, {""score"": ""2 - 1"", ""pct"": 9.83}]"
Brazil,Turkey,Neutral,1.71,0.99,54.7,24.9,20.5,54.0,7.9,8.7,20.7,3.8,4.9,70.5,29.5,"[{""score"": ""1 - 0"", ""pct"": 11.959999999999999}, {""score"": ""1 - 1"", ""pct"": 11.709999999999999}, {""score"": ""2 - 0"", ""pct"": 10.23}]"
Brazil,Uruguay,Neutral,1.594,1.106,48.1,26.9,25.0,48.8,7.2,8.2,25.1,4.7,5.9,64.2,35.8,"[{""score"": ""1 - 1"", ""pct"": 12.24}, {""score"": ""1 - 0"", ""pct"": 11.04}, {""score"": ""2 - 1"", ""pct"": 9.69}]"
Brazil,New Zealand,Neutral,2.125,0.575,73.9,18.3,7.8,73.5,7.4,8.0,7.7,1.3,2.1,88.9,11.2,"[{""score"": ""2 - 0"", ""pct"": 15.39}, {""score"": ""1 - 0"", ""pct"": 14.67}, {""score"": ""3 - 0"", ""pct"": 10.15}]"
Brazil,United States,Neutral,1.935,0.765,65.0,22.2,12.8,65.1,7.4,8.6,12.6,2.7,3.6,81.1,18.9,"[{""score"": ""1 - 0"", ""pct"": 13.38}, {""score"": ""2 - 0"", ""pct"": 12.620000000000001}, {""score"": ""1 - 1"", ""pct"": 10.11}]"
Brazil,Senegal,Neutral,1.735,0.965,55.0,25.7,19.3,54.9,7.8,8.9,19.9,3.7,4.7,71.7,28.3,"[{""score"": ""1 - 0"", ""pct"": 11.959999999999999}, {""score"": ""1 - 1"", ""pct"": 11.74}, {""score"": ""2 - 1"", ""pct"": 9.86}]"
Brazil,Ivory Coast,Neutral,1.977,0.723,67.0,21.4,11.6,67.0,7.5,8.3,12.2,2.3,2.8,82.7,17.3,"[{""score"": ""1 - 0"", ""pct"": 14.11}, {""score"": ""2 - 0"", ""pct"": 13.389999999999999}, {""score"": ""1 - 1"", ""pct"": 9.4}]"
Brazil,France,Neutral,1.215,1.485,29.4,27.2,43.4,29.5,5.0,7.2,43.0,6.7,8.6,41.8,58.3,"[{""score"": ""1 - 1"", ""pct"": 12.29}, {""score"": ""0 - 1"", ""pct"": 10.459999999999999}, {""score"": ""1 - 2"", ""pct"": 8.93}]"
Ivory Coast,Netherlands,Neutral,0.893,1.807,17.1,23.6,59.3,17.3,3.3,4.0,58.9,7.4,9.1,24.5,75.5,"[{""score"": ""0 - 1"", ""pct"": 12.43}, {""score"": ""0 - 2"", ""pct"": 10.48}, {""score"": ""1 - 2"", ""pct"": 10.38}]"
Ivory Coast,South Africa,Neutral,1.766,0.934,57.1,23.7,19.2,56.3,8.0,8.6,19.3,3.6,4.2,72.9,27.1,"[{""score"": ""1 - 0"", ""pct"": 12.1}, {""score"": ""1 - 1"", ""pct"": 10.91}, {""score"": ""2 - 0"", ""pct"": 10.91}]"
Ivory Coast,Japan,Neutral,0.793,1.907,13.6,21.8,64.5,13.4,2.8,3.4,63.7,7.9,8.8,19.6,80.4,"[{""score"": ""0 - 1"", ""pct"": 13.3}, {""score"": ""0 - 2"", ""pct"": 12.24}, {""score"": ""1 - 2"", ""pct"": 9.93}]"
Ivory Coast,Scotland,Neutral,1.345,1.355,35.5,27.1,37.4,36.0,6.0,7.4,36.9,6.2,7.5,49.4,50.6,"[{""score"": ""1 - 1"", ""pct"": 12.58}, {""score"": ""0 - 1"", ""pct"": 9.47}, {""score"": ""1 - 0"", ""pct"": 9.0}]"
Ivory Coast,Algeria,Neutral,1.086,1.614,23.5,26.2,50.3,23.8,4.7,5.7,49.9,7.1,8.8,34.2,65.8,"[{""score"": ""1 - 1"", ""pct"": 12.16}, {""score"": ""0 - 1"", ""pct"": 11.62}, {""score"": ""1 - 2"", ""pct"": 9.91}]"
Ivory Coast,Canada,Neutral,1.077,1.623,24.6,25.5,49.9,23.9,4.2,5.6,50.1,7.6,8.5,33.8,66.2,"[{""score"": ""1 - 1"", ""pct"": 11.34}, {""score"": ""0 - 1"", ""pct"": 11.16}, {""score"": ""0 - 2"", ""pct"": 9.07}]"
Ivory Coast,Haiti,Neutral,1.557,1.143,46.6,26.2,27.1,47.0,7.2,8.3,27.0,4.7,5.8,62.5,37.5,"[{""score"": ""1 - 1"", ""pct"": 11.81}, {""score"": ""1 - 0"", ""pct"": 10.93}, {""score"": ""2 - 1"", ""pct"": 9.09}]"
Ivory Coast,Spain,Neutral,0.501,2.199,5.8,17.0,77.1,6.2,1.2,1.7,77.1,6.2,7.5,9.2,90.8,"[{""score"": ""0 - 2"", ""pct"": 15.5}, {""score"": ""0 - 1"", ""pct"": 15.440000000000001}, {""score"": ""0 - 3"", ""pct"": 11.48}]"
Ivory Coast,Saudi Arabia,Neutral,1.626,1.074,50.7,25.8,23.6,50.6,6.8,8.8,24.0,4.4,5.4,66.2,33.8,"[{""score"": ""1 - 1"", ""pct"": 12.1}, {""score"": ""1 - 0"", ""pct"": 12.09}, {""score"": ""2 - 1"", ""pct"": 9.36}]"
Ivory Coast,Colombia,Neutral,0.73,1.97,11.3,21.4,67.2,11.8,2.2,3.0,67.3,7.3,8.4,17.0,83.0,"[{""score"": ""0 - 1"", ""pct"": 13.94}, {""score"": ""0 - 2"", ""pct"": 13.19}, {""score"": ""1 - 1"", ""pct"": 9.379999999999999}]"
Ivory Coast,Portugal,Neutral,0.788,1.912,13.5,22.4,64.0,13.8,2.7,3.6,63.5,7.8,8.5,20.1,79.9,"[{""score"": ""0 - 1"", ""pct"": 13.239999999999998}, {""score"": ""0 - 2"", ""pct"": 11.52}, {""score"": ""1 - 1"", ""pct"": 10.39}]"
Ivory Coast,Sweden,Neutral,1.632,1.068,51.4,25.6,23.0,51.1,6.7,8.7,23.8,4.1,5.7,66.4,33.6,"[{""score"": ""1 - 0"", ""pct"": 11.67}, {""score"": ""1 - 1"", ""pct"": 11.57}, {""score"": ""2 - 1"", ""pct"": 10.02}]"
Ivory Coast,Jordan,Neutral,1.321,1.379,34.4,28.1,37.5,35.2,5.9,7.1,38.7,6.2,6.9,48.2,51.8,"[{""score"": ""1 - 1"", ""pct"": 12.83}, {""score"": ""0 - 1"", ""pct"": 9.59}, {""score"": ""1 - 0"", ""pct"": 8.59}]"
Ivory Coast,Morocco,Neutral,0.829,1.871,14.8,23.4,61.8,15.4,3.1,3.9,61.6,7.8,8.2,22.4,77.6,"[{""score"": ""0 - 1"", ""pct"": 13.139999999999999}, {""score"": ""0 - 2"", ""pct"": 11.200000000000001}, {""score"": ""1 - 1"", ""pct"": 10.71}]"
Ivory Coast,Iraq,Neutral,1.509,1.191,44.1,27.1,28.8,43.8,7.0,8.3,29.2,5.4,6.3,59.2,40.9,"[{""score"": ""1 - 1"", ""pct"": 12.540000000000001}, {""score"": ""1 - 0"", ""pct"": 10.290000000000001}, {""score"": ""2 - 1"", ""pct"": 9.27}]"
Ivory Coast,Tunisia,Neutral,1.508,1.192,43.8,26.6,29.5,44.3,6.4,8.2,29.9,4.9,6.3,58.9,41.1,"[{""score"": ""1 - 1"", ""pct"": 12.629999999999999}, {""score"": ""1 - 0"", ""pct"": 10.059999999999999}, {""score"": ""2 - 1"", ""pct"": 9.44}]"
Ivory Coast,Qatar,Neutral,1.979,0.721,67.7,20.7,11.5,67.1,7.5,7.7,12.0,2.2,3.4,82.4,17.6,"[{""score"": ""1 - 0"", ""pct"": 13.59}, {""score"": ""2 - 0"", ""pct"": 12.809999999999999}, {""score"": ""2 - 1"", ""pct"": 9.9}]"
Ivory Coast,Curaçao,Neutral,1.859,0.841,61.2,23.3,15.6,62.2,7.2,8.5,15.6,3.0,3.5,77.9,22.1,"[{""score"": ""1 - 0"", ""pct"": 12.879999999999999}, {""score"": ""2 - 0"", ""pct"": 11.540000000000001}, {""score"": ""1 - 1"", ""pct"": 9.93}]"
Ivory Coast,Iran,Neutral,1.018,1.682,21.1,24.7,54.2,22.0,4.4,5.2,52.7,7.3,8.3,31.6,68.4,"[{""score"": ""0 - 1"", ""pct"": 11.83}, {""score"": ""1 - 1"", ""pct"": 10.93}, {""score"": ""0 - 2"", ""pct"": 9.77}]"
Ivory Coast,South Korea,Neutral,1.059,1.641,23.1,26.2,50.7,23.9,4.7,5.7,50.2,7.2,8.3,34.2,65.8,"[{""score"": ""1 - 1"", ""pct"": 12.049999999999999}, {""score"": ""0 - 1"", ""pct"": 11.35}, {""score"": ""1 - 2"", ""pct"": 10.040000000000001}]"
Ivory Coast,Ghana,Neutral,1.841,0.859,60.5,23.8,15.7,60.2,7.8,8.8,16.0,3.1,4.1,76.8,23.2,"[{""score"": ""1 - 0"", ""pct"": 13.29}, {""score"": ""1 - 1"", ""pct"": 10.72}, {""score"": ""2 - 0"", ""pct"": 10.530000000000001}]"
Ivory Coast,Norway,Neutral,1.001,1.699,21.1,25.3,53.6,21.2,3.9,5.0,53.5,7.5,8.9,30.1,69.9,"[{""score"": ""0 - 1"", ""pct"": 11.68}, {""score"": ""1 - 1"", ""pct"": 11.379999999999999}, {""score"": ""0 - 2"", ""pct"": 9.42}]"
Ivory Coast,England,Neutral,0.694,2.006,11.0,20.8,68.1,11.1,1.9,3.0,69.2,7.3,7.5,15.9,84.1,"[{""score"": ""0 - 1"", ""pct"": 13.750000000000002}, {""score"": ""0 - 2"", ""pct"": 13.33}, {""score"": ""1 - 2"", ""pct"": 9.65}]"
Ivory Coast,Mexico,Neutral,0.876,1.824,16.1,24.0,59.9,15.9,3.1,3.5,61.2,7.8,8.4,22.6,77.4,"[{""score"": ""0 - 1"", ""pct"": 12.94}, {""score"": ""0 - 2"", ""pct"": 11.09}, {""score"": ""1 - 1"", ""pct"": 11.08}]"
Ivory Coast,Austria,Neutral,1.274,1.426,33.4,27.1,39.5,32.7,5.8,6.9,40.4,6.6,7.6,45.4,54.6,"[{""score"": ""1 - 1"", ""pct"": 12.18}, {""score"": ""0 - 1"", ""pct"": 9.629999999999999}, {""score"": ""1 - 0"", ""pct"": 8.7}]"
Ivory Coast,Panama,Neutral,1.172,1.528,28.7,26.8,44.5,28.2,5.2,6.7,44.3,6.9,8.7,40.1,59.9,"[{""score"": ""1 - 1"", ""pct"": 11.99}, {""score"": ""0 - 1"", ""pct"": 10.57}, {""score"": ""1 - 2"", ""pct"": 8.89}]"
Ivory Coast,Bosnia and Herzegovina,Neutral,1.939,0.761,65.3,21.4,13.2,65.4,7.5,8.3,12.8,2.5,3.5,81.2,18.8,"[{""score"": ""1 - 0"", ""pct"": 14.16}, {""score"": ""2 - 0"", ""pct"": 12.22}, {""score"": ""1 - 1"", ""pct"": 9.719999999999999}]"
Ivory Coast,Czech Republic,Neutral,1.524,1.176,44.4,27.4,28.2,44.8,6.6,8.5,28.4,5.4,6.3,59.9,40.1,"[{""score"": ""1 - 1"", ""pct"": 12.1}, {""score"": ""1 - 0"", ""pct"": 10.15}, {""score"": ""2 - 1"", ""pct"": 9.15}]"
Ivory Coast,Switzerland,Neutral,1.057,1.643,22.5,26.3,51.2,23.9,4.4,5.3,50.9,7.0,8.5,33.6,66.4,"[{""score"": ""1 - 1"", ""pct"": 11.99}, {""score"": ""0 - 1"", ""pct"": 11.39}, {""score"": ""1 - 2"", ""pct"": 9.83}]"
Ivory Coast,Argentina,Neutral,0.522,2.178,6.6,17.8,75.6,6.5,1.2,1.9,76.2,6.5,7.7,9.6,90.4,"[{""score"": ""0 - 1"", ""pct"": 15.82}, {""score"": ""0 - 2"", ""pct"": 15.1}, {""score"": ""0 - 3"", ""pct"": 10.780000000000001}]"
Ivory Coast,Uzbekistan,Neutral,1.204,1.496,30.3,26.1,43.6,29.5,5.7,6.5,42.6,6.9,8.8,41.6,58.4,"[{""score"": ""1 - 1"", ""pct"": 11.68}, {""score"": ""0 - 1"", ""pct"": 10.2}, {""score"": ""1 - 2"", ""pct"": 9.120000000000001}]"
Ivory Coast,Belgium,Neutral,1.035,1.665,22.3,25.4,52.3,22.6,3.9,5.2,52.4,7.3,8.6,31.7,68.3,"[{""score"": ""0 - 1"", ""pct"": 11.41}, {""score"": ""1 - 1"", ""pct"": 11.1}, {""score"": ""1 - 2"", ""pct"": 9.77}]"
Ivory Coast,Australia,Neutral,0.98,1.72,20.5,24.5,55.0,20.5,3.6,4.7,55.5,7.2,8.5,28.8,71.2,"[{""score"": ""0 - 1"", ""pct"": 11.99}, {""score"": ""1 - 1"", ""pct"": 10.91}, {""score"": ""1 - 2"", ""pct"": 10.059999999999999}]"
Ivory Coast,Paraguay,Neutral,1.069,1.631,24.1,25.7,50.2,23.2,4.3,5.8,50.8,7.0,8.9,33.2,66.8,"[{""score"": ""1 - 1"", ""pct"": 11.64}, {""score"": ""0 - 1"", ""pct"": 11.31}, {""score"": ""1 - 2"", ""pct"": 9.790000000000001}]"
Ivory Coast,Egypt,Neutral,1.391,1.309,38.9,26.7,34.4,37.7,6.3,7.9,34.3,5.7,8.1,51.9,48.1,"[{""score"": ""1 - 1"", ""pct"": 12.09}, {""score"": ""1 - 0"", ""pct"": 10.41}, {""score"": ""0 - 1"", ""pct"": 9.2}]"
Ivory Coast,Ecuador,Neutral,0.798,1.902,14.0,23.1,63.0,14.1,2.5,3.4,64.8,6.9,8.2,20.1,79.9,"[{""score"": ""0 - 1"", ""pct"": 13.139999999999999}, {""score"": ""0 - 2"", ""pct"": 11.92}, {""score"": ""1 - 1"", ""pct"": 10.059999999999999}]"
Ivory Coast,Cape Verde,Neutral,1.802,0.898,58.6,24.4,17.0,59.5,7.3,9.2,16.9,3.1,4.0,76.0,24.0,"[{""score"": ""1 - 0"", ""pct"": 11.940000000000001}, {""score"": ""1 - 1"", ""pct"": 11.020000000000001}, {""score"": ""2 - 0"", ""pct"": 10.73}]"
Ivory Coast,Germany,Neutral,0.915,1.785,16.9,24.0,59.1,18.1,3.4,4.4,57.9,7.4,8.7,25.9,74.1,"[{""score"": ""0 - 1"", ""pct"": 12.31}, {""score"": ""1 - 1"", ""pct"": 11.17}, {""score"": ""0 - 2"", ""pct"": 10.51}]"
Ivory Coast,DR Congo,Neutral,1.475,1.225,42.1,27.4,30.5,42.6,6.8,8.4,30.2,5.5,6.6,57.8,42.2,"[{""score"": ""1 - 1"", ""pct"": 12.959999999999999}, {""score"": ""1 - 0"", ""pct"": 9.969999999999999}, {""score"": ""2 - 1"", ""pct"": 8.76}]"
Ivory Coast,Croatia,Neutral,0.972,1.728,19.9,24.6,55.5,20.5,3.8,5.1,54.9,7.2,8.5,29.4,70.6,"[{""score"": ""0 - 1"", ""pct"": 12.21}, {""score"": ""1 - 1"", ""pct"": 11.28}, {""score"": ""1 - 2"", ""pct"": 10.35}]"
Ivory Coast,Turkey,Neutral,1.021,1.679,22.0,25.7,52.3,22.0,4.1,5.4,52.5,7.0,9.0,31.5,68.5,"[{""score"": ""1 - 1"", ""pct"": 11.87}, {""score"": ""0 - 1"", ""pct"": 11.799999999999999}, {""score"": ""1 - 2"", ""pct"": 9.78}]"
Ivory Coast,Uruguay,Neutral,0.911,1.789,17.4,24.5,58.1,17.4,3.4,4.7,58.9,7.1,8.4,25.6,74.4,"[{""score"": ""0 - 1"", ""pct"": 12.11}, {""score"": ""1 - 1"", ""pct"": 11.05}, {""score"": ""0 - 2"", ""pct"": 10.17}]"
Ivory Coast,New Zealand,Neutral,1.598,1.102,48.0,26.0,26.0,48.2,7.1,8.4,25.4,4.8,6.1,63.8,36.2,"[{""score"": ""1 - 1"", ""pct"": 12.01}, {""score"": ""1 - 0"", ""pct"": 10.94}, {""score"": ""2 - 1"", ""pct"": 9.34}]"
Ivory Coast,United States,Neutral,1.29,1.41,33.6,27.0,39.3,33.2,5.3,7.4,39.5,6.4,8.2,46.0,54.0,"[{""score"": ""1 - 1"", ""pct"": 12.02}, {""score"": ""0 - 1"", ""pct"": 10.09}, {""score"": ""1 - 0"", ""pct"": 8.64}]"
Ivory Coast,Senegal,Neutral,1.048,1.652,22.0,26.3,51.7,22.6,4.2,5.2,51.7,7.5,8.8,32.0,68.0,"[{""score"": ""1 - 1"", ""pct"": 11.97}, {""score"": ""0 - 1"", ""pct"": 11.64}, {""score"": ""1 - 2"", ""pct"": 9.68}]"
Ivory Coast,Brazil,Neutral,0.723,1.977,11.4,20.8,67.8,11.5,2.4,3.2,67.1,7.7,8.1,17.0,83.0,"[{""score"": ""0 - 1"", ""pct"": 14.13}, {""score"": ""0 - 2"", ""pct"": 13.11}, {""score"": ""1 - 2"", ""pct"": 9.58}]"
Ivory Coast,France,Neutral,0.638,2.062,9.2,19.8,71.0,9.2,1.6,2.4,71.9,7.0,7.9,13.2,86.8,"[{""score"": ""0 - 1"", ""pct"": 14.680000000000001}, {""score"": ""0 - 2"", ""pct"": 14.149999999999999}, {""score"": ""0 - 3"", ""pct"": 9.610000000000001}]"
France,Netherlands,Neutral,1.7,1.0,53.7,25.6,20.7,54.5,7.1,8.7,20.5,4.0,5.2,70.3,29.7,"[{""score"": ""1 - 1"", ""pct"": 11.73}, {""score"": ""1 - 0"", ""pct"": 11.63}, {""score"": ""2 - 0"", ""pct"": 10.0}]"
France,South Africa,Neutral,2.256,0.444,79.1,15.8,5.1,79.5,6.7,6.6,5.1,1.0,1.1,92.8,7.2,"[{""score"": ""2 - 0"", ""pct"": 16.35}, {""score"": ""1 - 0"", ""pct"": 15.86}, {""score"": ""3 - 0"", ""pct"": 12.23}]"
France,Japan,Neutral,1.582,1.118,47.0,26.5,26.6,48.4,6.5,8.4,26.1,4.4,6.2,63.3,36.7,"[{""score"": ""1 - 1"", ""pct"": 11.700000000000001}, {""score"": ""1 - 0"", ""pct"": 10.6}, {""score"": ""2 - 1"", ""pct"": 9.39}]"
France,Scotland,Neutral,2.059,0.641,71.5,19.5,9.0,71.0,7.2,8.2,9.3,1.8,2.6,86.3,13.7,"[{""score"": ""1 - 0"", ""pct"": 15.06}, {""score"": ""2 - 0"", ""pct"": 14.219999999999999}, {""score"": ""2 - 1"", ""pct"": 9.31}]"
France,Algeria,Neutral,1.881,0.819,63.0,22.5,14.5,62.9,7.2,8.2,14.9,2.9,3.9,78.3,21.7,"[{""score"": ""1 - 0"", ""pct"": 13.8}, {""score"": ""2 - 0"", ""pct"": 11.82}, {""score"": ""1 - 1"", ""pct"": 10.459999999999999}]"
France,Canada,Neutral,1.874,0.826,61.7,23.7,14.7,62.0,7.3,8.9,14.9,2.8,4.1,78.2,21.8,"[{""score"": ""1 - 0"", ""pct"": 12.53}, {""score"": ""2 - 0"", ""pct"": 11.29}, {""score"": ""1 - 1"", ""pct"": 10.67}]"
France,Haiti,Neutral,2.17,0.53,76.4,17.1,6.5,76.3,6.8,6.8,7.0,1.2,1.8,89.9,10.1,"[{""score"": ""2 - 0"", ""pct"": 16.46}, {""score"": ""1 - 0"", ""pct"": 15.15}, {""score"": ""3 - 0"", ""pct"": 11.34}]"
France,Spain,Neutral,1.077,1.623,24.0,25.3,50.7,24.3,4.0,5.5,50.0,7.4,8.7,33.8,66.2,"[{""score"": ""1 - 1"", ""pct"": 11.87}, {""score"": ""0 - 1"", ""pct"": 11.76}, {""score"": ""1 - 2"", ""pct"": 9.45}]"
France,Saudi Arabia,Neutral,2.2,0.5,77.2,16.8,6.0,76.9,6.8,7.0,6.5,1.1,1.7,90.7,9.3,"[{""score"": ""2 - 0"", ""pct"": 16.36}, {""score"": ""1 - 0"", ""pct"": 15.809999999999999}, {""score"": ""3 - 0"", ""pct"": 11.87}]"
France,Colombia,Neutral,1.495,1.205,44.4,26.9,28.7,43.5,6.5,8.2,29.4,5.4,7.0,58.2,41.8,"[{""score"": ""1 - 1"", ""pct"": 11.540000000000001}, {""score"": ""1 - 0"", ""pct"": 10.24}, {""score"": ""2 - 1"", ""pct"": 9.77}]"
France,Portugal,Neutral,1.575,1.125,47.6,26.2,26.2,47.6,6.9,8.7,26.2,4.8,5.8,63.2,36.8,"[{""score"": ""1 - 1"", ""pct"": 11.899999999999999}, {""score"": ""1 - 0"", ""pct"": 11.18}, {""score"": ""2 - 1"", ""pct"": 8.92}]"
France,Sweden,Neutral,2.203,0.497,77.6,16.6,5.8,76.9,6.5,7.7,6.1,1.1,1.7,91.1,8.9,"[{""score"": ""2 - 0"", ""pct"": 17.0}, {""score"": ""1 - 0"", ""pct"": 15.47}, {""score"": ""3 - 0"", ""pct"": 11.49}]"
France,Jordan,Neutral,2.045,0.655,70.2,20.2,9.7,69.6,8.1,7.9,10.1,1.9,2.4,85.6,14.4,"[{""score"": ""1 - 0"", ""pct"": 14.75}, {""score"": ""2 - 0"", ""pct"": 14.180000000000001}, {""score"": ""1 - 1"", ""pct"": 9.19}]"
France,Morocco,Neutral,1.627,1.073,50.2,25.9,23.9,49.7,7.4,8.2,24.7,4.1,5.8,65.4,34.6,"[{""score"": ""1 - 1"", ""pct"": 11.65}, {""score"": ""1 - 0"", ""pct"": 11.459999999999999}, {""score"": ""2 - 1"", ""pct"": 9.53}]"
France,Iraq,Neutral,2.147,0.553,74.8,17.8,7.4,75.1,7.1,7.6,6.9,1.4,2.0,89.8,10.2,"[{""score"": ""2 - 0"", ""pct"": 15.509999999999998}, {""score"": ""1 - 0"", ""pct"": 14.7}, {""score"": ""3 - 0"", ""pct"": 11.04}]"
France,Tunisia,Neutral,2.147,0.553,74.7,17.9,7.4,74.6,7.5,7.5,7.2,1.3,1.9,89.6,10.4,"[{""score"": ""1 - 0"", ""pct"": 15.03}, {""score"": ""2 - 0"", ""pct"": 14.879999999999999}, {""score"": ""3 - 0"", ""pct"": 11.48}]"
France,Qatar,Neutral,2.329,0.371,82.2,14.2,3.6,82.1,6.2,6.0,3.9,0.7,1.1,94.3,5.7,"[{""score"": ""2 - 0"", ""pct"": 18.15}, {""score"": ""1 - 0"", ""pct"": 15.509999999999998}, {""score"": ""3 - 0"", ""pct"": 13.74}]"
France,Curaçao,Neutral,2.29,0.41,80.9,14.8,4.3,81.2,6.3,6.0,4.4,0.8,1.3,93.5,6.5,"[{""score"": ""2 - 0"", ""pct"": 18.13}, {""score"": ""1 - 0"", ""pct"": 15.629999999999999}, {""score"": ""3 - 0"", ""pct"": 12.91}]"
France,Iran,Neutral,1.823,0.877,60.0,23.7,16.3,59.9,8.0,9.0,16.0,3.2,3.9,76.9,23.1,"[{""score"": ""1 - 0"", ""pct"": 13.100000000000001}, {""score"": ""2 - 0"", ""pct"": 11.06}, {""score"": ""1 - 1"", ""pct"": 10.52}]"
France,South Korea,Neutral,1.859,0.841,61.4,22.6,16.0,61.7,7.8,8.2,15.3,3.0,4.0,77.7,22.3,"[{""score"": ""1 - 0"", ""pct"": 13.23}, {""score"": ""2 - 0"", ""pct"": 11.5}, {""score"": ""1 - 1"", ""pct"": 10.17}]"
France,Ghana,Neutral,2.283,0.417,80.2,15.2,4.7,79.5,6.8,7.3,4.5,0.9,1.1,93.6,6.4,"[{""score"": ""2 - 0"", ""pct"": 17.169999999999998}, {""score"": ""1 - 0"", ""pct"": 15.989999999999998}, {""score"": ""3 - 0"", ""pct"": 12.629999999999999}]"
France,Norway,Neutral,1.808,0.892,59.3,23.5,17.2,59.3,7.3,8.6,17.2,3.2,4.4,75.1,24.9,"[{""score"": ""1 - 0"", ""pct"": 13.170000000000002}, {""score"": ""1 - 1"", ""pct"": 11.05}, {""score"": ""2 - 0"", ""pct"": 10.7}]"
France,England,Neutral,1.443,1.257,41.3,27.0,31.7,41.4,6.4,8.1,31.7,5.4,7.0,56.0,44.1,"[{""score"": ""1 - 1"", ""pct"": 12.6}, {""score"": ""1 - 0"", ""pct"": 9.69}, {""score"": ""2 - 1"", ""pct"": 9.04}]"
France,Mexico,Neutral,1.68,1.02,52.8,25.4,21.8,52.5,7.4,8.2,22.5,4.2,5.1,68.2,31.8,"[{""score"": ""1 - 0"", ""pct"": 11.690000000000001}, {""score"": ""1 - 1"", ""pct"": 11.57}, {""score"": ""2 - 1"", ""pct"": 9.71}]"
France,Austria,Neutral,2.016,0.684,69.3,20.5,10.1,68.6,7.8,8.2,10.7,1.8,2.9,84.7,15.3,"[{""score"": ""1 - 0"", ""pct"": 13.99}, {""score"": ""2 - 0"", ""pct"": 13.26}, {""score"": ""2 - 1"", ""pct"": 9.83}]"
France,Panama,Neutral,1.947,0.753,65.9,21.8,12.3,66.0,7.5,8.3,12.5,2.4,3.2,81.8,18.2,"[{""score"": ""1 - 0"", ""pct"": 13.389999999999999}, {""score"": ""2 - 0"", ""pct"": 12.35}, {""score"": ""1 - 1"", ""pct"": 9.8}]"
France,Bosnia and Herzegovina,Neutral,2.316,0.384,81.6,14.3,4.0,81.9,6.2,6.1,3.9,0.8,1.1,94.2,5.8,"[{""score"": ""2 - 0"", ""pct"": 18.25}, {""score"": ""1 - 0"", ""pct"": 15.82}, {""score"": ""3 - 0"", ""pct"": 13.69}]"
France,Czech Republic,Neutral,2.154,0.546,75.4,17.2,7.3,74.8,7.2,7.5,7.2,1.3,1.9,89.5,10.5,"[{""score"": ""2 - 0"", ""pct"": 15.049999999999999}, {""score"": ""1 - 0"", ""pct"": 14.85}, {""score"": ""3 - 0"", ""pct"": 11.21}]"
France,Switzerland,Neutral,1.857,0.843,61.6,23.0,15.4,61.4,7.7,8.6,15.8,2.7,3.9,77.7,22.3,"[{""score"": ""1 - 0"", ""pct"": 13.38}, {""score"": ""2 - 0"", ""pct"": 11.09}, {""score"": ""1 - 1"", ""pct"": 10.01}]"
France,Argentina,Neutral,1.125,1.575,26.1,26.2,47.7,26.7,4.7,5.6,47.9,7.1,8.0,37.0,63.0,"[{""score"": ""1 - 1"", ""pct"": 12.02}, {""score"": ""0 - 1"", ""pct"": 11.16}, {""score"": ""1 - 2"", ""pct"": 9.71}]"
France,Uzbekistan,Neutral,1.97,0.73,67.4,21.0,11.6,67.2,7.3,8.3,11.9,2.1,3.0,82.9,17.1,"[{""score"": ""1 - 0"", ""pct"": 14.2}, {""score"": ""2 - 0"", ""pct"": 12.920000000000002}, {""score"": ""2 - 1"", ""pct"": 9.58}]"
France,Belgium,Neutral,1.838,0.862,60.2,23.2,16.6,60.5,7.3,8.7,16.5,2.8,4.2,76.5,23.5,"[{""score"": ""1 - 0"", ""pct"": 12.11}, {""score"": ""2 - 0"", ""pct"": 11.23}, {""score"": ""1 - 1"", ""pct"": 10.74}]"
France,Australia,Neutral,1.787,0.913,58.8,23.8,17.4,58.0,7.7,8.2,18.1,3.6,4.6,73.8,26.2,"[{""score"": ""1 - 0"", ""pct"": 12.83}, {""score"": ""1 - 1"", ""pct"": 10.73}, {""score"": ""2 - 0"", ""pct"": 10.24}]"
France,Paraguay,Neutral,1.867,0.833,63.0,22.8,14.2,61.1,7.9,8.6,15.5,3.2,3.7,77.6,22.4,"[{""score"": ""1 - 0"", ""pct"": 14.24}, {""score"": ""2 - 0"", ""pct"": 11.74}, {""score"": ""1 - 1"", ""pct"": 10.209999999999999}]"
France,Egypt,Neutral,2.085,0.615,72.1,19.3,8.6,71.8,7.3,7.9,9.0,1.7,2.3,87.0,13.0,"[{""score"": ""2 - 0"", ""pct"": 14.89}, {""score"": ""1 - 0"", ""pct"": 13.969999999999999}, {""score"": ""3 - 0"", ""pct"": 9.65}]"
France,Ecuador,Neutral,1.587,1.113,47.9,26.1,26.1,48.3,6.9,8.6,25.4,4.8,6.0,63.9,36.1,"[{""score"": ""1 - 1"", ""pct"": 11.74}, {""score"": ""1 - 0"", ""pct"": 11.15}, {""score"": ""2 - 1"", ""pct"": 9.58}]"
France,Cape Verde,Neutral,2.27,0.43,79.7,15.5,4.9,80.5,6.0,6.6,4.7,1.0,1.2,93.1,6.9,"[{""score"": ""2 - 0"", ""pct"": 17.91}, {""score"": ""1 - 0"", ""pct"": 15.329999999999998}, {""score"": ""3 - 0"", ""pct"": 12.620000000000001}]"
France,Germany,Neutral,1.723,0.977,54.7,25.0,20.3,54.4,7.6,8.6,20.2,4.0,5.1,70.7,29.3,"[{""score"": ""1 - 0"", ""pct"": 12.18}, {""score"": ""1 - 1"", ""pct"": 11.600000000000001}, {""score"": ""2 - 1"", ""pct"": 9.58}]"
France,DR Congo,Neutral,2.13,0.57,74.3,18.1,7.5,74.7,7.0,7.3,7.3,1.5,2.1,89.0,11.0,"[{""score"": ""2 - 0"", ""pct"": 15.540000000000001}, {""score"": ""1 - 0"", ""pct"": 14.69}, {""score"": ""3 - 0"", ""pct"": 10.71}]"
France,Croatia,Neutral,1.78,0.92,57.8,23.4,18.8,58.4,7.8,8.4,18.0,3.3,4.1,74.6,25.4,"[{""score"": ""1 - 0"", ""pct"": 12.61}, {""score"": ""1 - 1"", ""pct"": 10.73}, {""score"": ""2 - 0"", ""pct"": 10.66}]"
France,Turkey,Neutral,1.826,0.874,60.6,23.0,16.4,60.2,7.0,9.1,16.1,3.3,4.3,76.3,23.7,"[{""score"": ""1 - 0"", ""pct"": 12.8}, {""score"": ""2 - 0"", ""pct"": 10.72}, {""score"": ""1 - 1"", ""pct"": 10.57}]"
France,Uruguay,Neutral,1.719,0.981,55.2,24.4,20.4,54.8,7.5,8.9,20.6,3.6,4.6,71.1,28.9,"[{""score"": ""1 - 0"", ""pct"": 12.44}, {""score"": ""1 - 1"", ""pct"": 10.69}, {""score"": ""2 - 0"", ""pct"": 10.2}]"
France,New Zealand,Neutral,2.188,0.512,77.2,16.8,6.1,76.7,7.0,7.0,6.2,1.3,1.8,90.7,9.3,"[{""score"": ""2 - 0"", ""pct"": 16.14}, {""score"": ""1 - 0"", ""pct"": 15.690000000000001}, {""score"": ""3 - 0"", ""pct"": 11.31}]"
France,United States,Neutral,2.026,0.674,69.7,20.3,10.0,69.7,7.2,7.7,10.4,2.4,2.6,84.6,15.4,"[{""score"": ""2 - 0"", ""pct"": 14.030000000000001}, {""score"": ""1 - 0"", ""pct"": 13.930000000000001}, {""score"": ""2 - 1"", ""pct"": 9.51}]"
France,Senegal,Neutral,1.849,0.851,61.3,23.6,15.1,60.8,7.4,8.8,16.1,2.9,4.0,77.0,23.0,"[{""score"": ""1 - 0"", ""pct"": 13.020000000000001}, {""score"": ""2 - 0"", ""pct"": 11.129999999999999}, {""score"": ""2 - 1"", ""pct"": 10.72}]"
France,Brazil,Neutral,1.485,1.215,43.3,26.9,29.7,42.5,7.2,8.4,29.7,5.4,6.8,58.1,41.9,"[{""score"": ""1 - 1"", ""pct"": 12.13}, {""score"": ""1 - 0"", ""pct"": 10.66}, {""score"": ""2 - 1"", ""pct"": 8.94}]"
France,Ivory Coast,Neutral,2.062,0.638,71.4,19.1,9.5,71.1,7.4,7.9,9.2,1.9,2.5,86.4,13.6,"[{""score"": ""1 - 0"", ""pct"": 14.219999999999999}, {""score"": ""2 - 0"", ""pct"": 13.850000000000001}, {""score"": ""3 - 0"", ""pct"": 9.55}]"
United States,Netherlands,United States,1.241,1.459,31.4,26.8,41.8,30.6,5.3,6.8,42.6,6.4,8.2,42.8,57.2,"[{""score"": ""1 - 1"", ""pct"": 12.16}, {""score"": ""0 - 1"", ""pct"": 10.37}, {""score"": ""1 - 0"", ""pct"": 8.51}]"
United States,South Africa,United States,2.042,0.658,69.4,20.1,10.5,70.7,7.2,7.9,9.7,1.9,2.6,85.8,14.2,"[{""score"": ""1 - 0"", ""pct"": 13.98}, {""score"": ""2 - 0"", ""pct"": 13.29}, {""score"": ""2 - 1"", ""pct"": 9.45}]"
United States,Japan,United States,1.117,1.583,25.8,25.7,48.5,25.8,4.5,5.8,47.6,7.3,8.9,36.1,63.9,"[{""score"": ""1 - 1"", ""pct"": 11.85}, {""score"": ""0 - 1"", ""pct"": 10.77}, {""score"": ""1 - 2"", ""pct"": 9.59}]"
United States,Scotland,United States,1.708,0.992,53.7,25.3,21.0,54.4,7.6,9.1,20.4,3.8,4.6,71.1,28.9,"[{""score"": ""1 - 0"", ""pct"": 11.91}, {""score"": ""1 - 1"", ""pct"": 11.51}, {""score"": ""2 - 0"", ""pct"": 9.4}]"
United States,Algeria,United States,1.457,1.243,41.9,26.4,31.7,42.7,6.3,8.1,30.3,5.7,6.9,57.1,42.9,"[{""score"": ""1 - 1"", ""pct"": 11.959999999999999}, {""score"": ""1 - 0"", ""pct"": 10.059999999999999}, {""score"": ""2 - 1"", ""pct"": 9.22}]"
United States,Canada,United States,1.448,1.252,41.3,27.4,31.2,41.1,6.4,8.0,31.7,5.6,7.2,55.5,44.5,"[{""score"": ""1 - 1"", ""pct"": 12.479999999999999}, {""score"": ""1 - 0"", ""pct"": 10.17}, {""score"": ""2 - 1"", ""pct"": 8.73}]"
United States,Haiti,United States,1.887,0.813,62.7,22.9,14.4,63.4,7.5,8.2,14.4,2.6,3.9,79.1,20.9,"[{""score"": ""1 - 0"", ""pct"": 13.459999999999999}, {""score"": ""2 - 0"", ""pct"": 11.41}, {""score"": ""1 - 1"", ""pct"": 10.69}]"
United States,Spain,United States,0.698,2.002,11.0,20.8,68.1,11.0,2.2,3.3,68.2,7.8,7.6,16.5,83.5,"[{""score"": ""0 - 1"", ""pct"": 14.48}, {""score"": ""0 - 2"", ""pct"": 13.19}, {""score"": ""1 - 1"", ""pct"": 9.379999999999999}]"
United States,Saudi Arabia,United States,1.94,0.76,65.8,21.4,12.8,65.2,8.2,8.2,12.9,2.2,3.3,81.6,18.4,"[{""score"": ""1 - 0"", ""pct"": 13.26}, {""score"": ""2 - 0"", ""pct"": 12.280000000000001}, {""score"": ""2 - 1"", ""pct"": 9.85}]"
United States,Colombia,United States,1.034,1.666,22.2,25.2,52.6,22.8,4.2,5.3,51.7,7.1,8.8,32.4,67.6,"[{""score"": ""0 - 1"", ""pct"": 11.799999999999999}, {""score"": ""1 - 1"", ""pct"": 11.3}, {""score"": ""1 - 2"", ""pct"": 9.55}]"
United States,Portugal,United States,1.111,1.589,26.3,25.8,47.9,26.0,4.7,6.0,47.8,7.0,8.5,36.7,63.3,"[{""score"": ""1 - 1"", ""pct"": 11.74}, {""score"": ""0 - 1"", ""pct"": 11.32}, {""score"": ""1 - 2"", ""pct"": 9.31}]"
United States,Sweden,United States,1.945,0.755,66.3,21.2,12.5,65.9,7.4,8.6,12.5,2.4,3.2,81.9,18.1,"[{""score"": ""1 - 0"", ""pct"": 13.569999999999999}, {""score"": ""2 - 0"", ""pct"": 13.089999999999998}, {""score"": ""1 - 1"", ""pct"": 9.700000000000001}]"
United States,Jordan,United States,1.687,1.013,52.8,25.1,22.1,52.8,7.8,8.6,21.7,4.1,5.1,69.1,30.9,"[{""score"": ""1 - 0"", ""pct"": 12.3}, {""score"": ""1 - 1"", ""pct"": 11.5}, {""score"": ""2 - 1"", ""pct"": 9.31}]"
United States,Morocco,United States,1.163,1.537,27.3,27.3,45.4,28.1,4.9,6.6,45.5,6.7,8.2,39.6,60.4,"[{""score"": ""1 - 1"", ""pct"": 12.41}, {""score"": ""0 - 1"", ""pct"": 10.34}, {""score"": ""1 - 2"", ""pct"": 9.29}]"
United States,Iraq,United States,1.848,0.852,60.9,23.1,16.0,61.2,7.5,8.4,15.6,3.1,4.2,77.1,22.9,"[{""score"": ""1 - 0"", ""pct"": 13.0}, {""score"": ""2 - 0"", ""pct"": 11.05}, {""score"": ""2 - 1"", ""pct"": 10.47}]"
United States,Tunisia,United States,1.847,0.853,60.9,22.9,16.2,60.7,7.8,8.3,15.6,3.4,4.2,76.8,23.2,"[{""score"": ""1 - 0"", ""pct"": 13.01}, {""score"": ""2 - 0"", ""pct"": 10.85}, {""score"": ""1 - 1"", ""pct"": 10.54}]"
United States,Qatar,United States,2.184,0.516,76.5,16.9,6.6,76.8,7.1,6.9,6.1,1.3,1.8,90.7,9.3,"[{""score"": ""2 - 0"", ""pct"": 15.52}, {""score"": ""1 - 0"", ""pct"": 15.35}, {""score"": ""3 - 0"", ""pct"": 11.68}]"
United States,Curaçao,United States,2.106,0.594,73.0,18.7,8.3,73.2,7.3,7.5,8.1,1.6,2.2,88.1,11.9,"[{""score"": ""1 - 0"", ""pct"": 15.229999999999999}, {""score"": ""2 - 0"", ""pct"": 14.719999999999999}, {""score"": ""3 - 0"", ""pct"": 9.790000000000001}]"
United States,Iran,United States,1.384,1.316,37.6,27.8,34.6,37.7,6.4,7.7,34.6,6.2,7.4,51.8,48.2,"[{""score"": ""1 - 1"", ""pct"": 12.91}, {""score"": ""0 - 1"", ""pct"": 9.120000000000001}, {""score"": ""1 - 0"", ""pct"": 9.049999999999999}]"
United States,South Korea,United States,1.429,1.271,39.7,27.3,33.0,40.7,6.1,8.1,33.0,5.3,6.8,54.9,45.1,"[{""score"": ""1 - 1"", ""pct"": 12.120000000000001}, {""score"": ""1 - 0"", ""pct"": 9.9}, {""score"": ""0 - 1"", ""pct"": 8.85}]"
United States,Ghana,United States,2.094,0.606,72.3,19.1,8.5,72.6,7.5,8.0,8.2,1.8,1.9,88.0,11.9,"[{""score"": ""2 - 0"", ""pct"": 14.430000000000001}, {""score"": ""1 - 0"", ""pct"": 14.21}, {""score"": ""3 - 0"", ""pct"": 9.959999999999999}]"
United States,Norway,United States,1.366,1.334,37.4,26.7,35.9,37.4,5.8,6.8,36.8,6.1,7.1,49.9,50.1,"[{""score"": ""1 - 1"", ""pct"": 12.1}, {""score"": ""1 - 0"", ""pct"": 9.139999999999999}, {""score"": ""2 - 1"", ""pct"": 8.85}]"
United States,England,United States,0.986,1.714,21.0,24.6,54.4,20.8,3.6,5.0,54.4,7.7,8.5,29.4,70.6,"[{""score"": ""0 - 1"", ""pct"": 11.709999999999999}, {""score"": ""1 - 1"", ""pct"": 11.08}, {""score"": ""1 - 2"", ""pct"": 9.77}]"
United States,Mexico,United States,1.22,1.48,30.9,27.5,41.6,30.1,5.5,6.3,43.5,6.6,8.0,41.8,58.2,"[{""score"": ""1 - 1"", ""pct"": 12.139999999999999}, {""score"": ""0 - 1"", ""pct"": 10.42}, {""score"": ""1 - 2"", ""pct"": 8.799999999999999}]"
United States,Austria,United States,1.644,1.056,51.3,25.7,23.0,50.2,7.1,8.9,23.4,4.7,5.7,66.3,33.7,"[{""score"": ""1 - 1"", ""pct"": 11.51}, {""score"": ""1 - 0"", ""pct"": 11.4}, {""score"": ""2 - 1"", ""pct"": 9.83}]"
United States,Panama,United States,1.545,1.155,46.0,25.8,28.2,46.2,6.8,8.4,27.2,5.0,6.5,61.4,38.6,"[{""score"": ""1 - 1"", ""pct"": 11.74}, {""score"": ""1 - 0"", ""pct"": 11.129999999999999}, {""score"": ""2 - 1"", ""pct"": 9.44}]"
United States,Bosnia and Herzegovina,United States,2.159,0.541,74.8,18.4,6.8,75.1,7.0,7.7,7.0,1.4,1.8,89.8,10.2,"[{""score"": ""1 - 0"", ""pct"": 15.43}, {""score"": ""2 - 0"", ""pct"": 15.260000000000002}, {""score"": ""3 - 0"", ""pct"": 10.8}]"
United States,Czech Republic,United States,1.86,0.84,61.4,23.4,15.1,61.7,7.1,8.9,15.8,2.7,3.7,77.8,22.2,"[{""score"": ""1 - 0"", ""pct"": 13.0}, {""score"": ""2 - 0"", ""pct"": 11.12}, {""score"": ""1 - 1"", ""pct"": 10.530000000000001}]"
United States,Switzerland,United States,1.426,1.274,40.3,26.2,33.6,39.6,6.5,7.6,33.8,5.4,7.2,53.7,46.3,"[{""score"": ""1 - 1"", ""pct"": 11.58}, {""score"": ""1 - 0"", ""pct"": 10.13}, {""score"": ""0 - 1"", ""pct"": 8.82}]"
United States,Argentina,United States,0.731,1.969,11.9,21.6,66.5,11.8,2.4,3.3,66.5,7.6,8.5,17.4,82.6,"[{""score"": ""0 - 1"", ""pct"": 13.8}, {""score"": ""0 - 2"", ""pct"": 12.740000000000002}, {""score"": ""1 - 1"", ""pct"": 9.790000000000001}]"
United States,Uzbekistan,United States,1.577,1.123,48.0,25.9,26.1,47.9,7.4,8.2,25.6,5.0,5.8,63.6,36.4,"[{""score"": ""1 - 1"", ""pct"": 11.86}, {""score"": ""1 - 0"", ""pct"": 10.93}, {""score"": ""2 - 1"", ""pct"": 9.48}]"
United States,Belgium,United States,1.403,1.297,38.7,27.0,34.4,38.2,6.2,7.9,34.6,6.0,7.1,52.4,47.6,"[{""score"": ""1 - 1"", ""pct"": 12.16}, {""score"": ""1 - 0"", ""pct"": 9.55}, {""score"": ""0 - 1"", ""pct"": 8.92}]"
United States,Australia,United States,1.341,1.359,35.9,26.9,37.1,34.8,5.9,7.8,37.6,6.4,7.5,48.5,51.5,"[{""score"": ""1 - 1"", ""pct"": 12.049999999999999}, {""score"": ""1 - 0"", ""pct"": 9.19}, {""score"": ""0 - 1"", ""pct"": 8.86}]"
United States,Paraguay,United States,1.439,1.261,40.4,26.8,32.8,41.1,6.5,7.7,32.8,5.4,6.6,55.2,44.8,"[{""score"": ""1 - 1"", ""pct"": 12.379999999999999}, {""score"": ""1 - 0"", ""pct"": 9.379999999999999}, {""score"": ""2 - 1"", ""pct"": 8.86}]"
United States,Egypt,United States,1.748,0.952,56.1,24.7,19.2,56.5,7.5,8.7,18.7,3.6,4.9,72.8,27.2,"[{""score"": ""1 - 0"", ""pct"": 11.93}, {""score"": ""1 - 1"", ""pct"": 10.97}, {""score"": ""2 - 1"", ""pct"": 9.98}]"
United States,Ecuador,United States,1.123,1.577,25.7,26.5,47.8,26.0,5.1,6.2,47.1,7.0,8.6,37.3,62.7,"[{""score"": ""1 - 1"", ""pct"": 12.55}, {""score"": ""0 - 1"", ""pct"": 10.56}, {""score"": ""1 - 2"", ""pct"": 9.56}]"
United States,Cape Verde,United States,2.068,0.632,71.8,19.6,8.6,71.2,7.3,8.0,9.1,1.9,2.5,86.5,13.5,"[{""score"": ""1 - 0"", ""pct"": 15.06}, {""score"": ""2 - 0"", ""pct"": 14.06}, {""score"": ""3 - 0"", ""pct"": 9.629999999999999}]"
United States,Germany,United States,1.267,1.433,32.5,25.9,41.7,32.4,5.8,7.3,40.3,6.4,7.8,45.5,54.5,"[{""score"": ""1 - 1"", ""pct"": 11.75}, {""score"": ""0 - 1"", ""pct"": 10.13}, {""score"": ""1 - 0"", ""pct"": 9.02}]"
United States,DR Congo,United States,1.82,0.88,60.5,23.1,16.5,59.5,8.0,9.0,16.5,3.0,4.0,76.5,23.5,"[{""score"": ""1 - 0"", ""pct"": 12.920000000000002}, {""score"": ""2 - 0"", ""pct"": 10.870000000000001}, {""score"": ""1 - 1"", ""pct"": 10.780000000000001}]"
United States,Croatia,United States,1.333,1.367,36.3,26.8,37.0,34.9,5.6,7.8,37.7,6.0,8.1,48.2,51.8,"[{""score"": ""1 - 1"", ""pct"": 11.66}, {""score"": ""1 - 0"", ""pct"": 9.719999999999999}, {""score"": ""0 - 1"", ""pct"": 9.36}]"
United States,Turkey,United States,1.388,1.312,38.9,27.0,34.2,37.4,6.2,8.2,34.6,5.8,7.8,51.8,48.2,"[{""score"": ""1 - 1"", ""pct"": 12.5}, {""score"": ""1 - 0"", ""pct"": 9.77}, {""score"": ""0 - 1"", ""pct"": 8.51}]"
United States,Uruguay,United States,1.263,1.437,32.0,26.9,41.1,32.6,5.9,7.0,39.9,6.7,7.9,45.5,54.4,"[{""score"": ""1 - 1"", ""pct"": 12.33}, {""score"": ""0 - 1"", ""pct"": 10.25}, {""score"": ""1 - 2"", ""pct"": 8.72}]"
United States,New Zealand,United States,1.918,0.782,64.5,22.2,13.3,64.6,7.5,8.4,13.1,2.5,3.8,80.5,19.5,"[{""score"": ""1 - 0"", ""pct"": 13.05}, {""score"": ""2 - 0"", ""pct"": 12.76}, {""score"": ""2 - 1"", ""pct"": 9.87}]"
United States,Senegal,United States,1.417,1.283,39.8,27.1,33.1,38.6,6.4,7.8,34.3,5.8,7.0,52.9,47.1,"[{""score"": ""1 - 1"", ""pct"": 12.049999999999999}, {""score"": ""1 - 0"", ""pct"": 9.969999999999999}, {""score"": ""0 - 1"", ""pct"": 8.709999999999999}]"
United States,Brazil,United States,1.024,1.676,21.5,25.8,52.7,22.1,4.2,5.5,52.1,7.2,8.8,31.8,68.2,"[{""score"": ""1 - 1"", ""pct"": 12.02}, {""score"": ""0 - 1"", ""pct"": 11.89}, {""score"": ""1 - 2"", ""pct"": 9.85}]"
United States,Ivory Coast,United States,1.713,0.987,54.5,25.5,20.0,54.4,7.3,8.7,20.7,3.7,5.1,70.5,29.5,"[{""score"": ""1 - 0"", ""pct"": 12.35}, {""score"": ""1 - 1"", ""pct"": 11.37}, {""score"": ""2 - 1"", ""pct"": 9.75}]"
United States,France,United States,0.905,1.795,17.6,24.3,58.1,17.5,3.6,4.0,58.8,7.3,8.8,25.1,74.9,"[{""score"": ""0 - 1"", ""pct"": 12.35}, {""score"": ""1 - 1"", ""pct"": 10.84}, {""score"": ""0 - 2"", ""pct"": 10.42}]"
Netherlands,United States,United States,1.997,0.703,67.7,20.8,11.5,67.5,7.6,8.4,11.4,2.0,3.1,83.5,16.5,"[{""score"": ""1 - 0"", ""pct"": 13.96}, {""score"": ""2 - 0"", ""pct"": 12.479999999999999}, {""score"": ""2 - 1"", ""pct"": 9.99}]"
South Africa,United States,United States,1.17,1.53,27.9,26.4,45.7,28.5,5.1,6.6,45.6,6.3,7.8,40.2,59.8,"[{""score"": ""1 - 1"", ""pct"": 12.44}, {""score"": ""0 - 1"", ""pct"": 10.74}, {""score"": ""1 - 2"", ""pct"": 9.2}]"
Japan,United States,United States,2.075,0.625,71.6,19.6,8.9,71.6,7.3,8.0,9.1,1.6,2.4,86.9,13.1,"[{""score"": ""1 - 0"", ""pct"": 14.66}, {""score"": ""2 - 0"", ""pct"": 14.08}, {""score"": ""3 - 0"", ""pct"": 9.92}]"
Scotland,United States,United States,1.607,1.093,49.5,25.5,25.0,49.3,7.0,8.3,24.5,4.9,6.0,64.7,35.3,"[{""score"": ""1 - 1"", ""pct"": 11.55}, {""score"": ""1 - 0"", ""pct"": 10.89}, {""score"": ""2 - 1"", ""pct"": 9.879999999999999}]"
Algeria,United States,United States,1.839,0.861,60.7,23.1,16.2,60.5,8.0,8.5,16.2,2.9,4.0,76.9,23.1,"[{""score"": ""1 - 0"", ""pct"": 12.73}, {""score"": ""2 - 0"", ""pct"": 11.34}, {""score"": ""1 - 1"", ""pct"": 10.530000000000001}]"
Canada,United States,United States,1.847,0.853,60.7,23.1,16.2,60.2,8.1,9.1,15.8,2.9,4.1,77.3,22.7,"[{""score"": ""1 - 0"", ""pct"": 13.13}, {""score"": ""2 - 0"", ""pct"": 11.07}, {""score"": ""1 - 1"", ""pct"": 10.24}]"
Haiti,United States,United States,1.397,1.303,38.2,27.8,34.0,39.2,6.6,7.8,33.3,5.6,7.5,53.6,46.4,"[{""score"": ""1 - 1"", ""pct"": 12.46}, {""score"": ""1 - 0"", ""pct"": 9.21}, {""score"": ""0 - 1"", ""pct"": 8.799999999999999}]"
Spain,United States,United States,2.286,0.414,80.1,15.6,4.3,81.3,6.2,6.0,4.5,0.9,1.1,93.5,6.5,"[{""score"": ""2 - 0"", ""pct"": 17.57}, {""score"": ""1 - 0"", ""pct"": 16.14}, {""score"": ""3 - 0"", ""pct"": 12.790000000000001}]"
Saudi Arabia,United States,United States,1.324,1.376,35.2,26.3,38.5,34.8,5.9,7.4,38.2,5.8,8.0,48.0,52.0,"[{""score"": ""1 - 1"", ""pct"": 12.030000000000001}, {""score"": ""0 - 1"", ""pct"": 9.46}, {""score"": ""1 - 0"", ""pct"": 9.229999999999999}]"
Colombia,United States,United States,2.122,0.578,73.6,18.7,7.7,73.9,7.1,7.3,7.9,1.6,2.2,88.4,11.6,"[{""score"": ""2 - 0"", ""pct"": 15.25}, {""score"": ""1 - 0"", ""pct"": 14.82}, {""score"": ""3 - 0"", ""pct"": 10.63}]"
Portugal,United States,United States,2.078,0.622,71.8,19.0,9.2,71.9,7.3,7.9,8.9,1.9,2.1,87.1,12.9,"[{""score"": ""2 - 0"", ""pct"": 14.799999999999999}, {""score"": ""1 - 0"", ""pct"": 14.360000000000001}, {""score"": ""3 - 0"", ""pct"": 10.190000000000001}]"
Sweden,United States,United States,1.318,1.382,34.3,27.3,38.3,35.2,5.7,7.2,37.9,6.3,7.8,48.1,51.9,"[{""score"": ""1 - 1"", ""pct"": 11.959999999999999}, {""score"": ""0 - 1"", ""pct"": 9.610000000000001}, {""score"": ""1 - 0"", ""pct"": 8.88}]"
Jordan,United States,United States,1.629,1.071,49.5,26.5,24.0,50.4,7.1,8.5,24.1,4.4,5.5,66.0,34.0,"[{""score"": ""1 - 1"", ""pct"": 11.81}, {""score"": ""1 - 0"", ""pct"": 10.96}, {""score"": ""2 - 1"", ""pct"": 9.75}]"
Morocco,United States,United States,2.047,0.653,70.2,19.9,10.0,70.9,7.3,8.2,9.1,1.9,2.6,86.4,13.6,"[{""score"": ""1 - 0"", ""pct"": 14.13}, {""score"": ""2 - 0"", ""pct"": 13.91}, {""score"": ""3 - 0"", ""pct"": 9.17}]"
Iraq,United States,United States,1.446,1.254,42.1,26.0,31.9,40.9,6.3,8.1,32.2,5.7,6.8,55.3,44.7,"[{""score"": ""1 - 1"", ""pct"": 11.940000000000001}, {""score"": ""1 - 0"", ""pct"": 10.36}, {""score"": ""2 - 1"", ""pct"": 9.120000000000001}]"
Tunisia,United States,United States,1.447,1.253,41.8,26.5,31.7,40.9,6.7,7.9,31.9,5.6,7.0,55.5,44.5,"[{""score"": ""1 - 1"", ""pct"": 11.86}, {""score"": ""1 - 0"", ""pct"": 10.24}, {""score"": ""2 - 1"", ""pct"": 8.9}]"
Qatar,United States,United States,0.917,1.783,18.4,23.7,57.8,17.6,3.2,4.7,58.1,7.6,8.7,25.6,74.4,"[{""score"": ""0 - 1"", ""pct"": 11.84}, {""score"": ""1 - 1"", ""pct"": 10.620000000000001}, {""score"": ""0 - 2"", ""pct"": 10.59}]"
Curaçao,United States,United States,1.062,1.638,23.4,26.1,50.4,23.6,4.4,5.7,50.9,6.9,8.4,33.7,66.3,"[{""score"": ""1 - 1"", ""pct"": 11.75}, {""score"": ""0 - 1"", ""pct"": 11.700000000000001}, {""score"": ""1 - 2"", ""pct"": 9.09}]"
Iran,United States,United States,1.896,0.804,63.8,22.2,14.1,63.6,7.8,8.2,13.9,2.6,3.9,79.6,20.4,"[{""score"": ""1 - 0"", ""pct"": 13.309999999999999}, {""score"": ""2 - 0"", ""pct"": 11.87}, {""score"": ""2 - 1"", ""pct"": 10.03}]"
South Korea,United States,United States,1.862,0.838,61.4,23.5,15.1,61.6,7.3,8.9,15.5,3.0,3.6,77.9,22.1,"[{""score"": ""1 - 0"", ""pct"": 12.920000000000002}, {""score"": ""2 - 0"", ""pct"": 11.24}, {""score"": ""1 - 1"", ""pct"": 10.38}]"
Ghana,United States,United States,1.084,1.616,25.3,26.4,48.3,24.8,4.5,5.5,49.7,6.9,8.6,34.8,65.2,"[{""score"": ""1 - 1"", ""pct"": 12.17}, {""score"": ""0 - 1"", ""pct"": 10.879999999999999}, {""score"": ""1 - 2"", ""pct"": 9.1}]"
Norway,United States,United States,1.91,0.79,63.9,21.9,14.1,63.4,7.2,8.8,14.4,2.9,3.2,79.5,20.5,"[{""score"": ""1 - 0"", ""pct"": 12.879999999999999}, {""score"": ""2 - 0"", ""pct"": 11.899999999999999}, {""score"": ""2 - 1"", ""pct"": 10.17}]"
England,United States,United States,2.148,0.552,75.0,17.5,7.4,74.9,6.7,7.6,7.0,1.4,2.3,89.2,10.8,"[{""score"": ""2 - 0"", ""pct"": 15.590000000000002}, {""score"": ""1 - 0"", ""pct"": 14.42}, {""score"": ""3 - 0"", ""pct"": 11.33}]"
Mexico,United States,United States,2.011,0.689,68.1,21.2,10.8,68.7,7.3,8.1,11.1,1.9,2.9,84.1,15.9,"[{""score"": ""1 - 0"", ""pct"": 13.71}, {""score"": ""2 - 0"", ""pct"": 13.54}, {""score"": ""1 - 1"", ""pct"": 9.229999999999999}]"
Austria,United States,United States,1.672,1.028,52.8,25.5,21.7,53.2,7.2,8.3,22.1,4.0,5.2,68.7,31.3,"[{""score"": ""1 - 0"", ""pct"": 11.81}, {""score"": ""1 - 1"", ""pct"": 11.04}, {""score"": ""2 - 1"", ""pct"": 9.83}]"
Panama,United States,United States,1.765,0.935,57.5,24.3,18.3,56.4,8.0,9.2,18.4,3.6,4.4,73.6,26.4,"[{""score"": ""1 - 0"", ""pct"": 12.5}, {""score"": ""1 - 1"", ""pct"": 11.05}, {""score"": ""2 - 1"", ""pct"": 10.37}]"
Bosnia and Herzegovina,United States,United States,0.966,1.734,19.9,25.4,54.7,18.8,3.8,4.8,56.2,7.5,8.8,27.4,72.5,"[{""score"": ""0 - 1"", ""pct"": 12.0}, {""score"": ""1 - 1"", ""pct"": 11.469999999999999}, {""score"": ""0 - 2"", ""pct"": 9.9}]"
Czech Republic,United States,United States,1.431,1.269,40.5,27.2,32.3,40.4,6.8,7.7,32.6,5.5,7.0,54.9,45.1,"[{""score"": ""1 - 1"", ""pct"": 12.64}, {""score"": ""1 - 0"", ""pct"": 10.03}, {""score"": ""2 - 1"", ""pct"": 8.68}]"
Switzerland,United States,United States,1.864,0.836,61.7,22.6,15.8,62.5,7.3,8.8,14.7,2.8,3.7,78.7,21.3,"[{""score"": ""1 - 0"", ""pct"": 12.870000000000001}, {""score"": ""2 - 0"", ""pct"": 11.43}, {""score"": ""1 - 1"", ""pct"": 10.33}]"
Argentina,United States,United States,2.271,0.429,80.8,14.4,4.9,80.3,6.2,6.8,4.6,0.9,1.2,93.3,6.7,"[{""score"": ""2 - 0"", ""pct"": 17.41}, {""score"": ""1 - 0"", ""pct"": 16.54}, {""score"": ""3 - 0"", ""pct"": 12.709999999999999}]"
Uzbekistan,United States,United States,1.736,0.964,55.9,23.7,20.4,55.4,7.9,8.8,19.5,3.7,4.7,72.1,27.9,"[{""score"": ""1 - 0"", ""pct"": 12.83}, {""score"": ""1 - 1"", ""pct"": 10.85}, {""score"": ""2 - 0"", ""pct"": 10.0}]"
Belgium,United States,United States,1.882,0.818,63.0,22.6,14.4,62.9,7.4,9.2,14.2,2.7,3.5,79.6,20.4,"[{""score"": ""1 - 0"", ""pct"": 13.469999999999999}, {""score"": ""2 - 0"", ""pct"": 11.379999999999999}, {""score"": ""1 - 1"", ""pct"": 10.03}]"
Australia,United States,United States,1.928,0.772,64.9,22.8,12.3,65.0,7.7,8.1,13.2,2.6,3.4,80.8,19.2,"[{""score"": ""1 - 0"", ""pct"": 13.900000000000002}, {""score"": ""2 - 0"", ""pct"": 12.139999999999999}, {""score"": ""1 - 1"", ""pct"": 10.59}]"
Paraguay,United States,United States,1.854,0.846,61.3,23.4,15.3,61.1,7.4,8.7,15.9,3.0,3.9,77.2,22.8,"[{""score"": ""1 - 0"", ""pct"": 13.15}, {""score"": ""2 - 0"", ""pct"": 11.44}, {""score"": ""1 - 1"", ""pct"": 11.01}]"
Egypt,United States,United States,1.563,1.137,46.9,26.2,26.8,47.2,7.0,8.4,26.9,4.5,5.9,62.7,37.3,"[{""score"": ""1 - 1"", ""pct"": 12.049999999999999}, {""score"": ""1 - 0"", ""pct"": 11.67}, {""score"": ""2 - 1"", ""pct"": 8.6}]"
Ecuador,United States,United States,2.071,0.629,71.5,19.3,9.2,71.7,7.4,7.5,9.0,2.0,2.4,86.6,13.4,"[{""score"": ""2 - 0"", ""pct"": 14.44}, {""score"": ""1 - 0"", ""pct"": 14.17}, {""score"": ""3 - 0"", ""pct"": 9.959999999999999}]"
Cape Verde,United States,United States,1.129,1.571,26.0,26.6,47.5,26.5,5.0,6.2,46.7,7.0,8.6,37.7,62.3,"[{""score"": ""1 - 1"", ""pct"": 12.27}, {""score"": ""0 - 1"", ""pct"": 10.52}, {""score"": ""1 - 2"", ""pct"": 9.82}]"
Germany,United States,United States,1.98,0.72,67.6,20.7,11.7,67.7,7.4,8.1,11.7,2.2,2.9,83.2,16.8,"[{""score"": ""2 - 0"", ""pct"": 13.63}, {""score"": ""1 - 0"", ""pct"": 13.26}, {""score"": ""2 - 1"", ""pct"": 9.629999999999999}]"
DR Congo,United States,United States,1.481,1.219,43.1,27.0,29.9,41.7,6.3,8.6,30.9,5.6,6.8,56.7,43.3,"[{""score"": ""1 - 1"", ""pct"": 11.790000000000001}, {""score"": ""1 - 0"", ""pct"": 10.39}, {""score"": ""2 - 1"", ""pct"": 9.26}]"
Croatia,United States,United States,1.934,0.766,65.1,21.9,12.9,65.6,7.3,8.4,13.0,2.4,3.2,81.3,18.7,"[{""score"": ""1 - 0"", ""pct"": 13.59}, {""score"": ""2 - 0"", ""pct"": 12.139999999999999}, {""score"": ""1 - 1"", ""pct"": 9.950000000000001}]"
Turkey,United States,United States,1.893,0.807,62.6,22.7,14.7,63.2,7.7,8.1,14.3,2.7,3.9,79.1,20.9,"[{""score"": ""1 - 0"", ""pct"": 13.07}, {""score"": ""2 - 0"", ""pct"": 11.4}, {""score"": ""1 - 1"", ""pct"": 10.65}]"
Uruguay,United States,United States,1.983,0.717,67.2,21.4,11.4,67.0,7.3,8.9,11.6,2.0,3.2,83.2,16.8,"[{""score"": ""1 - 0"", ""pct"": 13.84}, {""score"": ""2 - 0"", ""pct"": 13.489999999999998}, {""score"": ""1 - 1"", ""pct"": 9.43}]"
New Zealand,United States,United States,1.354,1.346,36.1,27.6,36.3,37.4,6.1,7.7,35.1,6.3,7.5,51.2,48.8,"[{""score"": ""1 - 1"", ""pct"": 12.61}, {""score"": ""1 - 0"", ""pct"": 9.04}, {""score"": ""0 - 1"", ""pct"": 9.04}]"
Senegal,United States,United States,1.871,0.829,62.0,22.9,15.2,62.1,7.3,8.4,14.9,3.2,4.1,77.8,22.2,"[{""score"": ""1 - 0"", ""pct"": 13.34}, {""score"": ""2 - 0"", ""pct"": 11.51}, {""score"": ""1 - 1"", ""pct"": 10.69}]"
Brazil,United States,United States,2.127,0.573,74.2,17.8,7.9,73.3,7.4,7.9,7.8,1.6,1.9,88.6,11.4,"[{""score"": ""2 - 0"", ""pct"": 15.590000000000002}, {""score"": ""1 - 0"", ""pct"": 14.549999999999999}, {""score"": ""3 - 0"", ""pct"": 10.37}]"
Ivory Coast,United States,United States,1.602,1.098,48.6,26.2,25.2,48.6,7.5,8.7,24.9,4.7,5.7,64.8,35.2,"[{""score"": ""1 - 1"", ""pct"": 11.99}, {""score"": ""1 - 0"", ""pct"": 10.780000000000001}, {""score"": ""2 - 1"", ""pct"": 9.16}]"
France,United States,United States,2.19,0.51,77.4,16.5,6.1,76.2,6.9,7.5,6.4,1.3,1.7,90.6,9.4,"[{""score"": ""2 - 0"", ""pct"": 16.74}, {""score"": ""1 - 0"", ""pct"": 15.509999999999998}, {""score"": ""3 - 0"", ""pct"": 11.379999999999999}]"
Mexico,Netherlands,Mexico,1.678,1.022,52.1,25.5,22.4,53.3,7.3,8.7,21.5,4.1,5.1,69.3,30.7,"[{""score"": ""1 - 1"", ""pct"": 11.77}, {""score"": ""1 - 0"", ""pct"": 11.129999999999999}, {""score"": ""2 - 0"", ""pct"": 9.67}]"
Mexico,South Africa,Mexico,2.249,0.451,79.0,15.7,5.3,79.0,6.5,6.8,5.3,0.9,1.6,92.2,7.8,"[{""score"": ""2 - 0"", ""pct"": 17.02}, {""score"": ""1 - 0"", ""pct"": 15.67}, {""score"": ""3 - 0"", ""pct"": 12.21}]"
Mexico,Japan,Mexico,1.559,1.141,46.6,27.1,26.4,46.5,6.9,8.4,26.3,5.5,6.4,61.8,38.2,"[{""score"": ""1 - 1"", ""pct"": 12.22}, {""score"": ""1 - 0"", ""pct"": 10.85}, {""score"": ""2 - 1"", ""pct"": 9.22}]"
Mexico,Scotland,Mexico,2.045,0.655,70.0,20.1,9.8,70.9,6.9,8.0,9.6,2.2,2.4,85.8,14.2,"[{""score"": ""1 - 0"", ""pct"": 14.45}, {""score"": ""2 - 0"", ""pct"": 14.030000000000001}, {""score"": ""2 - 1"", ""pct"": 9.55}]"
Mexico,Algeria,Mexico,1.862,0.838,61.8,22.9,15.3,61.4,7.7,8.8,15.4,2.8,3.9,77.9,22.1,"[{""score"": ""1 - 0"", ""pct"": 12.620000000000001}, {""score"": ""2 - 0"", ""pct"": 11.64}, {""score"": ""1 - 1"", ""pct"": 10.15}]"
Mexico,Canada,Mexico,1.855,0.845,61.6,22.7,15.8,61.1,7.2,9.1,15.7,3.1,3.8,77.5,22.5,"[{""score"": ""1 - 0"", ""pct"": 12.68}, {""score"": ""2 - 0"", ""pct"": 11.790000000000001}, {""score"": ""1 - 1"", ""pct"": 10.209999999999999}]"
Mexico,Haiti,Mexico,2.159,0.541,76.0,17.0,7.0,75.1,7.0,8.0,6.7,1.4,1.9,90.1,9.9,"[{""score"": ""2 - 0"", ""pct"": 15.459999999999999}, {""score"": ""1 - 0"", ""pct"": 14.78}, {""score"": ""3 - 0"", ""pct"": 11.07}]"
Mexico,Spain,Mexico,1.054,1.646,23.3,26.2,50.5,23.6,4.7,5.4,50.7,7.5,8.2,33.7,66.3,"[{""score"": ""1 - 1"", ""pct"": 11.83}, {""score"": ""0 - 1"", ""pct"": 11.26}, {""score"": ""1 - 2"", ""pct"": 9.35}]"
Mexico,Saudi Arabia,Mexico,2.191,0.509,76.8,17.1,6.0,77.0,6.7,7.4,6.2,1.1,1.6,91.1,8.9,"[{""score"": ""2 - 0"", ""pct"": 16.38}, {""score"": ""1 - 0"", ""pct"": 15.190000000000001}, {""score"": ""3 - 0"", ""pct"": 11.21}]"
Mexico,Colombia,Mexico,1.472,1.228,41.9,27.7,30.4,42.5,6.9,7.6,31.0,5.3,6.7,57.0,43.0,"[{""score"": ""1 - 1"", ""pct"": 12.379999999999999}, {""score"": ""1 - 0"", ""pct"": 9.790000000000001}, {""score"": ""2 - 1"", ""pct"": 8.870000000000001}]"
Mexico,Portugal,Mexico,1.552,1.148,46.2,26.8,27.0,46.3,7.0,8.3,27.3,5.0,6.2,61.6,38.4,"[{""score"": ""1 - 1"", ""pct"": 11.78}, {""score"": ""1 - 0"", ""pct"": 10.459999999999999}, {""score"": ""2 - 1"", ""pct"": 9.36}]"
Mexico,Sweden,Mexico,2.193,0.507,76.8,17.0,6.2,76.7,7.1,7.3,6.3,1.1,1.5,91.1,8.9,"[{""score"": ""2 - 0"", ""pct"": 15.68}, {""score"": ""1 - 0"", ""pct"": 15.620000000000001}, {""score"": ""3 - 0"", ""pct"": 11.540000000000001}]"
Mexico,Jordan,Mexico,2.031,0.669,69.7,20.0,10.3,70.0,7.5,8.0,9.7,2.0,2.8,85.5,14.5,"[{""score"": ""1 - 0"", ""pct"": 14.02}, {""score"": ""2 - 0"", ""pct"": 13.239999999999998}, {""score"": ""2 - 1"", ""pct"": 9.46}]"
Mexico,Morocco,Mexico,1.604,1.096,48.1,26.4,25.5,50.1,7.5,8.2,24.3,4.2,5.6,65.8,34.2,"[{""score"": ""1 - 1"", ""pct"": 11.91}, {""score"": ""1 - 0"", ""pct"": 11.07}, {""score"": ""2 - 1"", ""pct"": 9.08}]"
Mexico,Iraq,Mexico,2.135,0.565,74.5,17.5,8.0,74.5,6.7,7.6,7.7,1.5,2.1,88.8,11.2,"[{""score"": ""1 - 0"", ""pct"": 15.52}, {""score"": ""2 - 0"", ""pct"": 15.299999999999999}, {""score"": ""3 - 0"", ""pct"": 10.22}]"
Mexico,Tunisia,Mexico,2.135,0.565,74.7,18.4,6.9,74.8,6.8,7.7,7.2,1.4,2.1,89.3,10.7,"[{""score"": ""2 - 0"", ""pct"": 15.7}, {""score"": ""1 - 0"", ""pct"": 15.2}, {""score"": ""3 - 0"", ""pct"": 10.209999999999999}]"
Mexico,Qatar,Mexico,2.324,0.376,82.1,14.1,3.8,82.1,5.9,6.2,4.1,0.7,1.1,94.1,5.9,"[{""score"": ""2 - 0"", ""pct"": 18.08}, {""score"": ""1 - 0"", ""pct"": 16.02}, {""score"": ""3 - 0"", ""pct"": 13.700000000000001}]"
Mexico,Curaçao,Mexico,2.283,0.417,79.9,15.2,4.9,81.1,6.2,6.2,4.5,0.9,1.1,93.4,6.6,"[{""score"": ""2 - 0"", ""pct"": 17.1}, {""score"": ""1 - 0"", ""pct"": 15.73}, {""score"": ""3 - 0"", ""pct"": 13.4}]"
Mexico,Iran,Mexico,1.803,0.897,58.8,23.6,17.6,58.4,7.7,8.8,17.2,3.5,4.4,75.0,25.0,"[{""score"": ""1 - 0"", ""pct"": 11.88}, {""score"": ""1 - 1"", ""pct"": 11.06}, {""score"": ""2 - 0"", ""pct"": 10.86}]"
Mexico,South Korea,Mexico,1.84,0.86,61.3,22.6,16.1,60.5,7.8,8.3,16.2,3.2,4.1,76.5,23.5,"[{""score"": ""1 - 0"", ""pct"": 13.420000000000002}, {""score"": ""2 - 0"", ""pct"": 11.23}, {""score"": ""1 - 1"", ""pct"": 10.03}]"
Mexico,Ghana,Mexico,2.277,0.423,80.5,15.0,4.4,80.4,7.0,6.2,4.6,0.8,1.1,93.5,6.5,"[{""score"": ""2 - 0"", ""pct"": 17.34}, {""score"": ""1 - 0"", ""pct"": 15.809999999999999}, {""score"": ""3 - 0"", ""pct"": 13.07}]"
Mexico,Norway,Mexico,1.788,0.912,57.7,24.7,17.6,58.2,7.4,8.7,17.2,3.7,4.7,74.4,25.6,"[{""score"": ""1 - 0"", ""pct"": 12.35}, {""score"": ""1 - 1"", ""pct"": 11.219999999999999}, {""score"": ""2 - 0"", ""pct"": 10.74}]"
Mexico,England,Mexico,1.419,1.281,40.1,27.5,32.4,39.8,6.7,7.7,32.5,6.0,7.2,54.3,45.7,"[{""score"": ""1 - 1"", ""pct"": 12.65}, {""score"": ""1 - 0"", ""pct"": 10.190000000000001}, {""score"": ""2 - 1"", ""pct"": 8.690000000000001}]"
Mexico,Austria,Mexico,2.001,0.699,68.5,20.5,11.0,67.8,7.4,8.1,11.5,2.2,3.1,83.2,16.8,"[{""score"": ""1 - 0"", ""pct"": 14.05}, {""score"": ""2 - 0"", ""pct"": 13.84}, {""score"": ""2 - 1"", ""pct"": 10.07}]"
Mexico,Panama,Mexico,1.93,0.77,65.2,21.6,13.2,65.5,7.6,8.1,12.9,2.7,3.2,81.2,18.8,"[{""score"": ""1 - 0"", ""pct"": 13.11}, {""score"": ""2 - 0"", ""pct"": 12.94}, {""score"": ""1 - 1"", ""pct"": 10.09}]"
Mexico,Bosnia and Herzegovina,Mexico,2.311,0.389,81.8,14.2,4.0,82.0,6.0,6.2,3.7,0.9,1.1,94.2,5.8,"[{""score"": ""2 - 0"", ""pct"": 18.01}, {""score"": ""1 - 0"", ""pct"": 16.16}, {""score"": ""3 - 0"", ""pct"": 13.4}]"
Mexico,Czech Republic,Mexico,2.143,0.557,74.7,17.8,7.5,74.8,7.3,7.4,7.4,1.3,1.8,89.5,10.5,"[{""score"": ""2 - 0"", ""pct"": 15.82}, {""score"": ""1 - 0"", ""pct"": 14.829999999999998}, {""score"": ""3 - 0"", ""pct"": 10.39}]"
Mexico,Switzerland,Mexico,1.838,0.862,60.3,23.3,16.4,61.3,7.6,8.5,16.0,3.0,3.5,77.4,22.6,"[{""score"": ""1 - 0"", ""pct"": 12.809999999999999}, {""score"": ""2 - 0"", ""pct"": 11.48}, {""score"": ""1 - 1"", ""pct"": 10.13}]"
Mexico,Argentina,Mexico,1.102,1.598,25.8,26.7,47.4,25.3,4.8,5.4,48.7,7.4,8.4,35.5,64.5,"[{""score"": ""1 - 1"", ""pct"": 11.5}, {""score"": ""0 - 1"", ""pct"": 10.59}, {""score"": ""1 - 2"", ""pct"": 9.8}]"
Mexico,Uzbekistan,Mexico,1.953,0.747,66.0,21.4,12.5,66.1,7.0,8.7,12.8,2.2,3.1,81.9,18.1,"[{""score"": ""1 - 0"", ""pct"": 13.59}, {""score"": ""2 - 0"", ""pct"": 12.889999999999999}, {""score"": ""1 - 1"", ""pct"": 9.81}]"
Mexico,Belgium,Mexico,1.818,0.882,58.5,24.4,17.0,59.9,7.4,8.6,16.9,3.1,4.2,75.8,24.2,"[{""score"": ""1 - 0"", ""pct"": 12.1}, {""score"": ""1 - 1"", ""pct"": 11.559999999999999}, {""score"": ""2 - 0"", ""pct"": 10.209999999999999}]"
Mexico,Australia,Mexico,1.767,0.933,57.6,24.1,18.2,56.1,7.4,8.8,19.7,3.4,4.5,72.3,27.7,"[{""score"": ""1 - 0"", ""pct"": 12.690000000000001}, {""score"": ""1 - 1"", ""pct"": 10.83}, {""score"": ""2 - 0"", ""pct"": 10.27}]"
Mexico,Paraguay,Mexico,1.848,0.852,61.2,23.0,15.8,60.5,7.2,8.9,16.2,3.0,4.0,76.7,23.3,"[{""score"": ""1 - 0"", ""pct"": 12.989999999999998}, {""score"": ""2 - 0"", ""pct"": 11.26}, {""score"": ""1 - 1"", ""pct"": 10.47}]"
Mexico,Egypt,Mexico,2.072,0.628,71.8,18.9,9.3,71.8,7.4,7.8,8.9,1.7,2.3,87.1,12.9,"[{""score"": ""1 - 0"", ""pct"": 14.580000000000002}, {""score"": ""2 - 0"", ""pct"": 14.04}, {""score"": ""3 - 0"", ""pct"": 8.870000000000001}]"
Mexico,Ecuador,Mexico,1.564,1.136,47.1,26.0,26.9,46.6,7.1,8.5,26.4,5.0,6.3,62.3,37.7,"[{""score"": ""1 - 1"", ""pct"": 11.82}, {""score"": ""1 - 0"", ""pct"": 10.37}, {""score"": ""2 - 1"", ""pct"": 9.13}]"
Mexico,Cape Verde,Mexico,2.262,0.438,79.7,15.4,4.9,79.8,6.4,6.8,5.0,0.7,1.3,93.0,7.0,"[{""score"": ""2 - 0"", ""pct"": 17.57}, {""score"": ""1 - 0"", ""pct"": 15.82}, {""score"": ""3 - 0"", ""pct"": 12.68}]"
Mexico,Germany,Mexico,1.702,0.998,54.1,24.7,21.2,53.6,7.3,8.3,21.9,3.8,5.1,69.2,30.8,"[{""score"": ""1 - 0"", ""pct"": 12.43}, {""score"": ""1 - 1"", ""pct"": 11.07}, {""score"": ""2 - 0"", ""pct"": 9.49}]"
Mexico,DR Congo,Mexico,2.118,0.582,74.0,17.9,8.1,74.5,7.0,6.9,7.8,1.7,2.2,88.3,11.7,"[{""score"": ""2 - 0"", ""pct"": 15.36}, {""score"": ""1 - 0"", ""pct"": 15.22}, {""score"": ""3 - 0"", ""pct"": 10.47}]"
Mexico,Croatia,Mexico,1.76,0.94,56.6,24.6,18.8,56.5,7.8,9.3,18.4,3.5,4.5,73.6,26.4,"[{""score"": ""1 - 0"", ""pct"": 12.870000000000001}, {""score"": ""1 - 1"", ""pct"": 11.68}, {""score"": ""2 - 0"", ""pct"": 10.34}]"
Mexico,Turkey,Mexico,1.806,0.894,59.2,23.6,17.2,59.1,7.6,8.7,16.9,3.2,4.4,75.5,24.5,"[{""score"": ""1 - 0"", ""pct"": 12.35}, {""score"": ""2 - 0"", ""pct"": 10.81}, {""score"": ""1 - 1"", ""pct"": 10.65}]"
Mexico,Uruguay,Mexico,1.698,1.002,53.7,24.8,21.4,53.9,7.2,8.3,21.5,4.1,5.0,69.5,30.5,"[{""score"": ""1 - 0"", ""pct"": 11.77}, {""score"": ""1 - 1"", ""pct"": 11.18}, {""score"": ""2 - 1"", ""pct"": 10.059999999999999}]"
Mexico,New Zealand,Mexico,2.178,0.522,76.6,16.5,6.9,76.6,6.5,7.1,6.6,1.4,1.8,90.1,9.9,"[{""score"": ""2 - 0"", ""pct"": 16.17}, {""score"": ""1 - 0"", ""pct"": 15.58}, {""score"": ""3 - 0"", ""pct"": 11.709999999999999}]"
Mexico,United States,Mexico,2.011,0.689,68.3,21.2,10.5,68.6,8.1,7.8,10.7,2.0,2.8,84.5,15.5,"[{""score"": ""1 - 0"", ""pct"": 14.05}, {""score"": ""2 - 0"", ""pct"": 13.56}, {""score"": ""1 - 1"", ""pct"": 9.569999999999999}]"
Mexico,Senegal,Mexico,1.83,0.87,60.1,23.7,16.2,60.4,7.3,8.5,16.6,3.2,4.0,76.2,23.8,"[{""score"": ""1 - 0"", ""pct"": 12.78}, {""score"": ""2 - 0"", ""pct"": 10.68}, {""score"": ""2 - 1"", ""pct"": 10.36}]"
Mexico,Brazil,Mexico,1.462,1.238,42.4,26.6,31.1,41.5,6.4,8.0,31.7,5.7,6.7,55.9,44.1,"[{""score"": ""1 - 1"", ""pct"": 12.32}, {""score"": ""1 - 0"", ""pct"": 10.31}, {""score"": ""2 - 1"", ""pct"": 9.41}]"
Mexico,Ivory Coast,Mexico,2.048,0.652,70.1,19.5,10.4,70.5,7.5,7.9,9.7,2.0,2.5,85.9,14.1,"[{""score"": ""2 - 0"", ""pct"": 14.24}, {""score"": ""1 - 0"", ""pct"": 14.06}, {""score"": ""2 - 1"", ""pct"": 9.29}]"
Mexico,France,Mexico,1.326,1.374,35.4,26.9,37.7,35.9,5.9,7.5,36.8,6.1,7.7,49.4,50.6,"[{""score"": ""1 - 1"", ""pct"": 12.29}, {""score"": ""0 - 1"", ""pct"": 9.370000000000001}, {""score"": ""1 - 0"", ""pct"": 9.02}]"
Netherlands,Mexico,Mexico,1.638,1.062,50.1,25.6,24.3,51.5,7.2,8.9,22.5,4.3,5.6,67.7,32.3,"[{""score"": ""1 - 0"", ""pct"": 11.88}, {""score"": ""1 - 1"", ""pct"": 11.200000000000001}, {""score"": ""2 - 1"", ""pct"": 9.46}]"
South Africa,Mexico,Mexico,0.782,1.918,13.3,21.6,65.1,12.8,2.6,3.4,65.2,7.7,8.2,18.9,81.1,"[{""score"": ""0 - 1"", ""pct"": 13.459999999999999}, {""score"": ""0 - 2"", ""pct"": 12.15}, {""score"": ""1 - 2"", ""pct"": 10.48}]"
Japan,Mexico,Mexico,1.753,0.947,55.9,24.5,19.5,56.2,7.6,9.2,18.7,3.7,4.5,73.0,27.0,"[{""score"": ""1 - 0"", ""pct"": 12.22}, {""score"": ""1 - 1"", ""pct"": 10.94}, {""score"": ""2 - 1"", ""pct"": 10.42}]"
Scotland,Mexico,Mexico,1.166,1.534,27.7,26.3,46.1,28.2,5.0,6.2,45.4,7.0,8.1,39.5,60.5,"[{""score"": ""1 - 1"", ""pct"": 12.18}, {""score"": ""0 - 1"", ""pct"": 10.459999999999999}, {""score"": ""1 - 2"", ""pct"": 9.16}]"
Algeria,Mexico,Mexico,1.428,1.272,40.8,26.8,32.4,40.5,6.5,7.8,33.0,5.2,7.0,54.8,45.2,"[{""score"": ""1 - 1"", ""pct"": 12.02}, {""score"": ""1 - 0"", ""pct"": 9.82}, {""score"": ""2 - 1"", ""pct"": 8.6}]"
Canada,Mexico,Mexico,1.437,1.263,39.8,27.4,32.8,40.7,7.0,7.9,32.0,5.4,6.9,55.6,44.3,"[{""score"": ""1 - 1"", ""pct"": 12.61}, {""score"": ""1 - 0"", ""pct"": 9.98}, {""score"": ""0 - 1"", ""pct"": 8.649999999999999}]"
Haiti,Mexico,Mexico,0.966,1.734,20.4,24.0,55.6,20.2,3.8,4.9,54.9,7.6,8.7,28.8,71.2,"[{""score"": ""0 - 1"", ""pct"": 11.33}, {""score"": ""1 - 1"", ""pct"": 11.17}, {""score"": ""0 - 2"", ""pct"": 10.100000000000001}]"
Spain,Mexico,Mexico,2.111,0.589,72.4,19.4,8.3,73.8,6.9,7.3,8.1,1.6,2.3,88.0,12.0,"[{""score"": ""2 - 0"", ""pct"": 14.82}, {""score"": ""1 - 0"", ""pct"": 14.299999999999999}, {""score"": ""3 - 0"", ""pct"": 10.23}]"
Saudi Arabia,Mexico,Mexico,0.904,1.796,17.2,24.2,58.6,17.2,3.7,4.5,58.4,7.6,8.6,25.4,74.6,"[{""score"": ""0 - 1"", ""pct"": 12.139999999999999}, {""score"": ""1 - 1"", ""pct"": 10.48}, {""score"": ""0 - 2"", ""pct"": 10.26}]"
Colombia,Mexico,Mexico,1.827,0.873,60.2,23.9,15.9,60.0,7.8,8.8,16.2,3.2,4.2,76.5,23.5,"[{""score"": ""1 - 0"", ""pct"": 12.36}, {""score"": ""2 - 0"", ""pct"": 10.8}, {""score"": ""1 - 1"", ""pct"": 10.52}]"
Portugal,Mexico,Mexico,1.758,0.942,56.2,24.6,19.2,56.6,7.1,8.4,19.1,3.7,4.9,72.2,27.8,"[{""score"": ""1 - 0"", ""pct"": 11.66}, {""score"": ""1 - 1"", ""pct"": 10.979999999999999}, {""score"": ""2 - 0"", ""pct"": 10.58}]"
Sweden,Mexico,Mexico,0.898,1.802,16.6,23.9,59.5,16.9,3.5,4.8,58.6,7.5,8.7,25.2,74.8,"[{""score"": ""0 - 1"", ""pct"": 12.36}, {""score"": ""0 - 2"", ""pct"": 10.6}, {""score"": ""1 - 1"", ""pct"": 10.57}]"
Jordan,Mexico,Mexico,1.189,1.511,29.0,26.5,44.5,29.2,5.2,6.7,44.8,6.2,7.8,41.2,58.9,"[{""score"": ""1 - 1"", ""pct"": 12.23}, {""score"": ""0 - 1"", ""pct"": 10.440000000000001}, {""score"": ""1 - 2"", ""pct"": 9.47}]"
Morocco,Mexico,Mexico,1.711,0.989,55.1,24.4,20.5,54.2,7.5,8.8,20.8,3.6,5.1,70.5,29.5,"[{""score"": ""1 - 0"", ""pct"": 12.57}, {""score"": ""1 - 1"", ""pct"": 11.09}, {""score"": ""2 - 1"", ""pct"": 9.84}]"
Iraq,Mexico,Mexico,1.01,1.69,21.1,24.8,54.2,22.2,4.0,4.9,53.0,7.3,8.6,31.1,68.9,"[{""score"": ""0 - 1"", ""pct"": 12.08}, {""score"": ""1 - 1"", ""pct"": 11.42}, {""score"": ""1 - 2"", ""pct"": 9.99}]"
Tunisia,Mexico,Mexico,1.011,1.689,21.7,25.0,53.3,21.2,4.3,5.1,53.6,6.9,8.8,30.6,69.4,"[{""score"": ""0 - 1"", ""pct"": 11.87}, {""score"": ""1 - 1"", ""pct"": 11.39}, {""score"": ""1 - 2"", ""pct"": 9.77}]"
Qatar,Mexico,Mexico,0.605,2.095,8.7,19.0,72.4,8.3,1.6,2.2,73.2,7.1,7.6,12.1,87.9,"[{""score"": ""0 - 1"", ""pct"": 14.77}, {""score"": ""0 - 2"", ""pct"": 13.86}, {""score"": ""0 - 3"", ""pct"": 10.15}]"
Curaçao,Mexico,Mexico,0.703,1.997,10.7,20.9,68.5,11.3,2.2,3.1,67.8,7.3,8.3,16.6,83.4,"[{""score"": ""0 - 1"", ""pct"": 13.91}, {""score"": ""0 - 2"", ""pct"": 13.74}, {""score"": ""1 - 2"", ""pct"": 9.76}]"
Iran,Mexico,Mexico,1.501,1.199,43.6,26.6,29.8,43.1,6.8,8.2,29.5,5.6,6.7,58.2,41.8,"[{""score"": ""1 - 1"", ""pct"": 12.24}, {""score"": ""1 - 0"", ""pct"": 10.07}, {""score"": ""2 - 1"", ""pct"": 9.08}]"
South Korea,Mexico,Mexico,1.456,1.244,41.2,27.1,31.6,42.6,6.5,8.1,30.4,5.4,7.0,57.2,42.8,"[{""score"": ""1 - 1"", ""pct"": 11.83}, {""score"": ""1 - 0"", ""pct"": 9.87}, {""score"": ""0 - 1"", ""pct"": 8.89}]"
Ghana,Mexico,Mexico,0.719,1.981,11.3,21.5,67.2,11.2,2.3,3.1,67.7,7.8,7.9,16.6,83.4,"[{""score"": ""0 - 1"", ""pct"": 14.04}, {""score"": ""0 - 2"", ""pct"": 12.879999999999999}, {""score"": ""1 - 1"", ""pct"": 9.69}]"
Norway,Mexico,Mexico,1.519,1.181,45.5,26.4,28.1,44.3,6.9,8.3,29.3,5.1,6.1,59.5,40.5,"[{""score"": ""1 - 1"", ""pct"": 12.3}, {""score"": ""1 - 0"", ""pct"": 11.200000000000001}, {""score"": ""2 - 1"", ""pct"": 9.59}]"
England,Mexico,Mexico,1.87,0.83,62.7,23.0,14.3,61.9,7.4,8.9,15.1,3.0,3.7,78.1,21.9,"[{""score"": ""1 - 0"", ""pct"": 13.459999999999999}, {""score"": ""2 - 0"", ""pct"": 11.76}, {""score"": ""2 - 1"", ""pct"": 10.33}]"
Austria,Mexico,Mexico,1.235,1.465,31.6,26.7,41.7,31.4,5.1,6.8,41.9,6.8,8.1,43.2,56.8,"[{""score"": ""1 - 1"", ""pct"": 12.32}, {""score"": ""0 - 1"", ""pct"": 9.74}, {""score"": ""1 - 2"", ""pct"": 9.04}]"
Panama,Mexico,Mexico,1.339,1.361,36.0,27.0,37.0,36.0,6.1,7.1,36.8,6.5,7.4,49.3,50.7,"[{""score"": ""1 - 1"", ""pct"": 12.22}, {""score"": ""0 - 1"", ""pct"": 9.74}, {""score"": ""1 - 0"", ""pct"": 9.19}]"
Bosnia and Herzegovina,Mexico,Mexico,0.637,2.063,9.2,19.7,71.1,9.0,2.1,2.4,71.4,7.1,8.0,13.5,86.5,"[{""score"": ""0 - 1"", ""pct"": 14.799999999999999}, {""score"": ""0 - 2"", ""pct"": 14.04}, {""score"": ""0 - 3"", ""pct"": 9.28}]"
Czech Republic,Mexico,Mexico,0.996,1.704,20.8,25.6,53.6,20.5,4.2,5.3,53.6,7.8,8.6,30.0,70.0,"[{""score"": ""0 - 1"", ""pct"": 12.02}, {""score"": ""1 - 1"", ""pct"": 11.57}, {""score"": ""0 - 2"", ""pct"": 9.520000000000001}]"
Switzerland,Mexico,Mexico,1.459,1.241,41.6,27.2,31.2,42.4,6.5,8.1,30.7,5.4,6.9,57.0,43.0,"[{""score"": ""1 - 1"", ""pct"": 12.68}, {""score"": ""1 - 0"", ""pct"": 9.98}, {""score"": ""0 - 1"", ""pct"": 8.52}]"
Argentina,Mexico,Mexico,2.084,0.616,71.7,19.1,9.1,72.8,7.3,7.2,8.8,1.6,2.3,87.3,12.7,"[{""score"": ""2 - 0"", ""pct"": 14.6}, {""score"": ""1 - 0"", ""pct"": 14.27}, {""score"": ""3 - 0"", ""pct"": 9.73}]"
Uzbekistan,Mexico,Mexico,1.306,1.394,34.4,26.7,38.9,34.7,5.7,7.3,38.6,6.2,7.5,47.7,52.3,"[{""score"": ""1 - 1"", ""pct"": 11.899999999999999}, {""score"": ""0 - 1"", ""pct"": 9.950000000000001}, {""score"": ""1 - 2"", ""pct"": 8.92}]"
Belgium,Mexico,Mexico,1.482,1.218,42.7,27.3,30.0,43.0,6.5,8.0,30.4,5.2,7.0,57.5,42.5,"[{""score"": ""1 - 1"", ""pct"": 12.620000000000001}, {""score"": ""1 - 0"", ""pct"": 9.89}, {""score"": ""2 - 1"", ""pct"": 9.8}]"
Australia,Mexico,Mexico,1.542,1.158,46.1,26.0,27.9,46.2,6.9,8.3,27.5,4.9,6.3,61.3,38.7,"[{""score"": ""1 - 1"", ""pct"": 11.72}, {""score"": ""1 - 0"", ""pct"": 11.200000000000001}, {""score"": ""2 - 1"", ""pct"": 9.07}]"
Paraguay,Mexico,Mexico,1.446,1.254,41.3,26.9,31.8,40.8,6.8,7.7,32.4,5.4,6.9,55.2,44.8,"[{""score"": ""1 - 1"", ""pct"": 12.559999999999999}, {""score"": ""1 - 0"", ""pct"": 9.98}, {""score"": ""2 - 1"", ""pct"": 8.41}]"
Egypt,Mexico,Mexico,1.122,1.578,26.3,26.3,47.4,25.8,4.8,5.6,48.1,7.4,8.2,36.1,63.8,"[{""score"": ""1 - 1"", ""pct"": 11.55}, {""score"": ""0 - 1"", ""pct"": 11.21}, {""score"": ""1 - 2"", ""pct"": 9.41}]"
Ecuador,Mexico,Mexico,1.748,0.952,56.3,24.0,19.7,56.6,7.5,8.5,19.0,3.9,4.6,72.5,27.5,"[{""score"": ""1 - 0"", ""pct"": 12.590000000000002}, {""score"": ""1 - 1"", ""pct"": 10.94}, {""score"": ""2 - 1"", ""pct"": 10.059999999999999}]"
Cape Verde,Mexico,Mexico,0.751,1.949,13.0,21.4,65.6,12.2,2.3,3.2,66.7,7.2,8.4,17.7,82.3,"[{""score"": ""0 - 1"", ""pct"": 13.66}, {""score"": ""0 - 2"", ""pct"": 12.7}, {""score"": ""1 - 2"", ""pct"": 9.56}]"
Germany,Mexico,Mexico,1.614,1.086,49.6,25.8,24.6,49.4,7.3,8.5,24.3,5.0,5.5,65.1,34.9,"[{""score"": ""1 - 0"", ""pct"": 11.52}, {""score"": ""1 - 1"", ""pct"": 11.52}, {""score"": ""2 - 1"", ""pct"": 9.27}]"
DR Congo,Mexico,Mexico,1.042,1.658,22.8,27.0,50.2,22.6,4.0,5.6,51.7,7.4,8.8,32.1,67.9,"[{""score"": ""1 - 1"", ""pct"": 12.43}, {""score"": ""0 - 1"", ""pct"": 10.96}, {""score"": ""1 - 2"", ""pct"": 9.08}]"
Croatia,Mexico,Mexico,1.55,1.15,46.1,26.5,27.5,46.1,6.9,8.6,27.4,4.9,6.1,61.6,38.4,"[{""score"": ""1 - 1"", ""pct"": 12.75}, {""score"": ""1 - 0"", ""pct"": 10.76}, {""score"": ""2 - 1"", ""pct"": 9.139999999999999}]"
Turkey,Mexico,Mexico,1.497,1.203,44.1,26.7,29.2,43.7,6.7,8.7,28.8,5.3,6.8,59.1,40.9,"[{""score"": ""1 - 1"", ""pct"": 12.27}, {""score"": ""1 - 0"", ""pct"": 10.23}, {""score"": ""2 - 1"", ""pct"": 8.77}]"
Uruguay,Mexico,Mexico,1.618,1.082,49.5,26.3,24.1,49.4,7.6,8.3,24.4,4.4,5.9,65.3,34.7,"[{""score"": ""1 - 1"", ""pct"": 12.3}, {""score"": ""1 - 0"", ""pct"": 11.3}, {""score"": ""2 - 1"", ""pct"": 9.59}]"
New Zealand,Mexico,Mexico,0.929,1.771,19.0,24.5,56.5,18.0,3.8,4.5,57.8,7.3,8.6,26.3,73.7,"[{""score"": ""0 - 1"", ""pct"": 12.049999999999999}, {""score"": ""1 - 1"", ""pct"": 11.129999999999999}, {""score"": ""1 - 2"", ""pct"": 10.16}]"
United States,Mexico,Mexico,1.22,1.48,30.3,27.0,42.7,29.8,5.4,6.9,42.9,6.5,8.5,42.1,57.9,"[{""score"": ""1 - 1"", ""pct"": 12.049999999999999}, {""score"": ""0 - 1"", ""pct"": 9.69}, {""score"": ""1 - 2"", ""pct"": 8.870000000000001}]"
Senegal,Mexico,Mexico,1.469,1.231,41.7,26.9,31.4,42.5,6.3,7.9,31.1,5.6,6.5,56.8,43.2,"[{""score"": ""1 - 1"", ""pct"": 11.78}, {""score"": ""1 - 0"", ""pct"": 10.489999999999998}, {""score"": ""2 - 1"", ""pct"": 8.790000000000001}]"
Brazil,Mexico,Mexico,1.835,0.865,61.2,22.6,16.2,60.7,7.5,8.4,16.3,3.0,4.1,76.6,23.4,"[{""score"": ""1 - 0"", ""pct"": 13.63}, {""score"": ""2 - 0"", ""pct"": 11.379999999999999}, {""score"": ""1 - 1"", ""pct"": 9.91}]"
Ivory Coast,Mexico,Mexico,1.161,1.539,27.3,26.0,46.8,28.4,4.9,6.1,45.6,6.6,8.4,39.4,60.6,"[{""score"": ""1 - 1"", ""pct"": 11.61}, {""score"": ""0 - 1"", ""pct"": 10.39}, {""score"": ""1 - 2"", ""pct"": 9.569999999999999}]"
France,Mexico,Mexico,1.939,0.761,65.4,21.1,13.4,65.8,7.3,9.2,12.3,2.4,3.0,82.3,17.7,"[{""score"": ""1 - 0"", ""pct"": 13.139999999999999}, {""score"": ""2 - 0"", ""pct"": 12.21}, {""score"": ""2 - 1"", ""pct"": 9.54}]"
Canada,Netherlands,Canada,1.459,1.241,42.0,26.6,31.4,42.6,6.5,7.7,31.3,5.5,6.4,56.8,43.2,"[{""score"": ""1 - 1"", ""pct"": 12.25}, {""score"": ""1 - 0"", ""pct"": 10.2}, {""score"": ""2 - 1"", ""pct"": 9.1}]"
Canada,South Africa,Canada,2.158,0.542,75.3,17.6,7.1,75.7,6.3,7.3,7.3,1.5,1.9,89.4,10.6,"[{""score"": ""2 - 0"", ""pct"": 15.290000000000001}, {""score"": ""1 - 0"", ""pct"": 14.469999999999999}, {""score"": ""3 - 0"", ""pct"": 10.459999999999999}]"
Canada,Japan,Canada,1.332,1.368,35.8,27.0,37.2,36.2,5.6,7.6,36.6,6.0,7.9,49.5,50.5,"[{""score"": ""1 - 1"", ""pct"": 12.61}, {""score"": ""0 - 1"", ""pct"": 9.59}, {""score"": ""1 - 0"", ""pct"": 9.22}]"
Canada,Scotland,Canada,1.889,0.811,62.6,22.6,14.8,62.9,7.5,8.0,14.7,2.9,4.0,78.4,21.6,"[{""score"": ""1 - 0"", ""pct"": 13.33}, {""score"": ""2 - 0"", ""pct"": 12.11}, {""score"": ""1 - 1"", ""pct"": 10.34}]"
Canada,Algeria,Canada,1.667,1.033,51.1,25.9,23.0,52.3,7.5,8.6,21.8,4.4,5.4,68.4,31.6,"[{""score"": ""1 - 0"", ""pct"": 11.61}, {""score"": ""1 - 1"", ""pct"": 11.51}, {""score"": ""2 - 1"", ""pct"": 9.569999999999999}]"
Canada,Haiti,Canada,2.037,0.663,71.0,19.2,9.9,70.7,7.3,7.7,9.9,2.1,2.3,85.6,14.3,"[{""score"": ""1 - 0"", ""pct"": 14.63}, {""score"": ""2 - 0"", ""pct"": 14.09}, {""score"": ""2 - 1"", ""pct"": 9.53}]"
Canada,Spain,Canada,0.856,1.844,14.6,23.3,62.1,15.9,3.1,4.4,60.9,7.3,8.5,23.3,76.7,"[{""score"": ""0 - 1"", ""pct"": 13.25}, {""score"": ""0 - 2"", ""pct"": 11.61}, {""score"": ""1 - 1"", ""pct"": 10.15}]"
Canada,Saudi Arabia,Canada,2.079,0.621,72.0,19.4,8.6,72.6,6.8,8.1,8.8,1.7,2.1,87.4,12.6,"[{""score"": ""1 - 0"", ""pct"": 14.44}, {""score"": ""2 - 0"", ""pct"": 14.299999999999999}, {""score"": ""3 - 0"", ""pct"": 9.47}]"
Canada,Colombia,Canada,1.244,1.456,32.1,26.5,41.4,31.7,5.2,6.7,42.1,6.5,7.8,43.6,56.4,"[{""score"": ""1 - 1"", ""pct"": 11.72}, {""score"": ""0 - 1"", ""pct"": 9.86}, {""score"": ""1 - 2"", ""pct"": 8.790000000000001}]"
Canada,Portugal,Canada,1.325,1.375,35.6,26.8,37.6,35.5,6.0,7.2,37.8,5.7,7.8,48.7,51.3,"[{""score"": ""1 - 1"", ""pct"": 12.030000000000001}, {""score"": ""0 - 1"", ""pct"": 9.33}, {""score"": ""1 - 0"", ""pct"": 8.64}]"
Canada,Sweden,Canada,2.083,0.617,72.6,18.5,8.9,72.1,7.2,7.8,8.9,1.8,2.4,87.0,13.0,"[{""score"": ""2 - 0"", ""pct"": 14.729999999999999}, {""score"": ""1 - 0"", ""pct"": 14.430000000000001}, {""score"": ""2 - 1"", ""pct"": 9.48}]"
Canada,Jordan,Canada,1.871,0.829,62.7,22.7,14.7,61.6,8.0,8.5,14.9,3.1,3.8,78.1,21.9,"[{""score"": ""1 - 0"", ""pct"": 13.13}, {""score"": ""2 - 0"", ""pct"": 11.37}, {""score"": ""1 - 1"", ""pct"": 10.4}]"
Canada,Morocco,Canada,1.38,1.32,37.1,28.1,34.8,38.2,5.8,7.7,36.1,5.4,6.9,51.7,48.4,"[{""score"": ""1 - 1"", ""pct"": 12.9}, {""score"": ""1 - 0"", ""pct"": 9.15}, {""score"": ""0 - 1"", ""pct"": 8.97}]"
Canada,Iraq,Canada,2.006,0.694,68.2,20.8,11.0,69.4,6.9,7.8,10.6,2.1,3.3,84.1,15.9,"[{""score"": ""2 - 0"", ""pct"": 14.23}, {""score"": ""1 - 0"", ""pct"": 13.84}, {""score"": ""1 - 1"", ""pct"": 9.120000000000001}]"
Canada,Tunisia,Canada,2.005,0.695,68.7,20.3,11.0,69.0,7.3,8.1,11.0,1.8,2.8,84.4,15.6,"[{""score"": ""1 - 0"", ""pct"": 13.700000000000001}, {""score"": ""2 - 0"", ""pct"": 12.8}, {""score"": ""2 - 1"", ""pct"": 9.700000000000001}]"
Canada,Qatar,Canada,2.264,0.436,80.0,15.0,4.9,79.9,6.3,6.4,5.0,1.0,1.4,92.6,7.4,"[{""score"": ""2 - 0"", ""pct"": 17.630000000000003}, {""score"": ""1 - 0"", ""pct"": 14.95}, {""score"": ""3 - 0"", ""pct"": 13.08}]"
Canada,Curaçao,Canada,2.207,0.493,77.8,16.1,6.1,77.5,6.5,7.3,5.8,1.3,1.6,91.3,8.7,"[{""score"": ""2 - 0"", ""pct"": 15.93}, {""score"": ""1 - 0"", ""pct"": 15.36}, {""score"": ""3 - 0"", ""pct"": 12.15}]"
Canada,Iran,Canada,1.598,1.102,48.4,26.1,25.6,49.2,6.9,8.4,24.9,4.5,6.1,64.5,35.5,"[{""score"": ""1 - 1"", ""pct"": 12.02}, {""score"": ""1 - 0"", ""pct"": 11.1}, {""score"": ""2 - 1"", ""pct"": 9.55}]"
Canada,South Korea,Canada,1.641,1.059,50.4,26.3,23.3,50.1,7.8,8.0,23.9,4.5,5.7,66.0,34.0,"[{""score"": ""1 - 1"", ""pct"": 12.25}, {""score"": ""1 - 0"", ""pct"": 11.83}, {""score"": ""2 - 1"", ""pct"": 9.41}]"
Canada,Ghana,Canada,2.197,0.503,77.1,17.0,5.9,77.6,6.6,7.0,5.8,1.3,1.6,91.2,8.8,"[{""score"": ""2 - 0"", ""pct"": 16.08}, {""score"": ""1 - 0"", ""pct"": 15.36}, {""score"": ""3 - 0"", ""pct"": 11.37}]"
Canada,Norway,Canada,1.581,1.119,47.5,26.2,26.4,48.1,7.3,8.3,25.9,4.8,5.6,63.7,36.3,"[{""score"": ""1 - 1"", ""pct"": 11.81}, {""score"": ""1 - 0"", ""pct"": 10.73}, {""score"": ""2 - 1"", ""pct"": 9.2}]"
Canada,England,Canada,1.191,1.509,29.2,25.9,45.0,29.3,4.8,6.1,44.2,7.1,8.5,40.2,59.8,"[{""score"": ""1 - 1"", ""pct"": 11.600000000000001}, {""score"": ""0 - 1"", ""pct"": 10.73}, {""score"": ""1 - 2"", ""pct"": 9.54}]"
Canada,Mexico,Canada,1.437,1.263,40.7,26.5,32.8,41.3,6.5,7.6,31.7,5.9,6.9,55.5,44.5,"[{""score"": ""1 - 1"", ""pct"": 12.11}, {""score"": ""1 - 0"", ""pct"": 9.83}, {""score"": ""0 - 1"", ""pct"": 9.0}]"
Canada,Austria,Canada,1.834,0.866,59.9,23.5,16.5,60.2,7.5,8.8,16.2,3.2,4.0,76.6,23.4,"[{""score"": ""1 - 0"", ""pct"": 12.870000000000001}, {""score"": ""2 - 0"", ""pct"": 10.82}, {""score"": ""1 - 1"", ""pct"": 10.61}]"
Canada,Panama,Canada,1.747,0.953,55.4,25.0,19.6,56.5,7.7,8.6,18.6,3.7,4.9,72.9,27.1,"[{""score"": ""1 - 0"", ""pct"": 12.1}, {""score"": ""1 - 1"", ""pct"": 11.559999999999999}, {""score"": ""2 - 0"", ""pct"": 9.92}]"
Canada,Bosnia and Herzegovina,Canada,2.245,0.455,79.2,15.6,5.2,78.5,6.9,6.7,5.4,0.9,1.6,92.1,7.9,"[{""score"": ""2 - 0"", ""pct"": 17.11}, {""score"": ""1 - 0"", ""pct"": 15.82}, {""score"": ""3 - 0"", ""pct"": 12.49}]"
Canada,Czech Republic,Canada,2.015,0.685,68.8,20.3,10.9,69.4,7.4,8.3,10.4,1.9,2.7,85.0,14.9,"[{""score"": ""1 - 0"", ""pct"": 14.26}, {""score"": ""2 - 0"", ""pct"": 13.99}, {""score"": ""2 - 1"", ""pct"": 9.45}]"
Canada,Switzerland,Canada,1.638,1.062,50.8,26.3,22.9,50.4,7.4,8.6,24.0,4.1,5.5,66.4,33.6,"[{""score"": ""1 - 1"", ""pct"": 12.15}, {""score"": ""1 - 0"", ""pct"": 11.379999999999999}, {""score"": ""2 - 1"", ""pct"": 9.47}]"
Canada,Argentina,Canada,0.897,1.803,17.7,23.9,58.4,17.8,3.4,4.5,58.1,7.8,8.4,25.7,74.3,"[{""score"": ""0 - 1"", ""pct"": 12.11}, {""score"": ""1 - 1"", ""pct"": 11.29}, {""score"": ""0 - 2"", ""pct"": 10.9}]"
Canada,Uzbekistan,Canada,1.775,0.925,56.7,24.5,18.8,57.6,7.7,8.3,18.2,3.8,4.4,73.6,26.4,"[{""score"": ""1 - 0"", ""pct"": 12.0}, {""score"": ""1 - 1"", ""pct"": 10.92}, {""score"": ""2 - 1"", ""pct"": 10.39}]"
Canada,Belgium,Canada,1.616,1.084,50.2,25.5,24.3,49.1,7.5,8.4,24.6,4.8,5.6,65.0,35.0,"[{""score"": ""1 - 1"", ""pct"": 11.540000000000001}, {""score"": ""1 - 0"", ""pct"": 11.450000000000001}, {""score"": ""2 - 1"", ""pct"": 9.969999999999999}]"
Canada,Australia,Canada,1.557,1.143,46.2,26.7,27.1,47.4,6.8,8.0,27.2,4.6,6.0,62.2,37.8,"[{""score"": ""1 - 1"", ""pct"": 12.520000000000001}, {""score"": ""1 - 0"", ""pct"": 10.41}, {""score"": ""2 - 1"", ""pct"": 9.16}]"
Canada,Paraguay,Canada,1.65,1.05,51.4,25.4,23.2,50.8,6.8,8.8,23.4,4.5,5.7,66.3,33.6,"[{""score"": ""1 - 1"", ""pct"": 11.42}, {""score"": ""1 - 0"", ""pct"": 11.07}, {""score"": ""2 - 1"", ""pct"": 9.67}]"
Canada,Egypt,Canada,1.923,0.777,64.9,21.9,13.2,64.6,7.8,9.0,13.2,2.5,3.0,81.3,18.7,"[{""score"": ""1 - 0"", ""pct"": 13.089999999999998}, {""score"": ""2 - 0"", ""pct"": 12.72}, {""score"": ""1 - 1"", ""pct"": 9.99}]"
Canada,Ecuador,Canada,1.338,1.362,36.0,27.0,37.0,35.3,5.9,7.5,37.8,5.9,7.6,48.8,51.2,"[{""score"": ""1 - 1"", ""pct"": 12.709999999999999}, {""score"": ""0 - 1"", ""pct"": 9.39}, {""score"": ""1 - 0"", ""pct"": 8.95}]"
Canada,Cape Verde,Canada,2.178,0.522,77.2,16.4,6.4,76.0,7.2,7.0,6.8,1.3,1.8,90.1,9.9,"[{""score"": ""2 - 0"", ""pct"": 16.72}, {""score"": ""1 - 0"", ""pct"": 14.899999999999999}, {""score"": ""3 - 0"", ""pct"": 11.33}]"
Canada,Germany,Canada,1.485,1.215,42.7,27.4,29.9,42.8,6.9,8.0,30.6,5.2,6.6,57.6,42.4,"[{""score"": ""1 - 1"", ""pct"": 12.370000000000001}, {""score"": ""1 - 0"", ""pct"": 10.190000000000001}, {""score"": ""2 - 1"", ""pct"": 8.61}]"
Canada,DR Congo,Canada,1.982,0.718,68.1,20.8,11.1,67.2,7.7,8.3,11.2,2.3,3.2,83.3,16.7,"[{""score"": ""2 - 0"", ""pct"": 13.459999999999999}, {""score"": ""1 - 0"", ""pct"": 13.370000000000001}, {""score"": ""2 - 1"", ""pct"": 9.35}]"
Canada,Croatia,Canada,1.549,1.151,46.0,26.4,27.6,46.9,6.5,8.2,27.8,4.5,6.1,61.6,38.4,"[{""score"": ""1 - 1"", ""pct"": 11.99}, {""score"": ""1 - 0"", ""pct"": 10.69}, {""score"": ""2 - 1"", ""pct"": 8.92}]"
Canada,Turkey,Canada,1.602,1.098,49.0,25.9,25.1,49.4,7.3,8.4,24.8,4.4,5.8,65.1,34.9,"[{""score"": ""1 - 1"", ""pct"": 11.84}, {""score"": ""1 - 0"", ""pct"": 11.06}, {""score"": ""2 - 1"", ""pct"": 9.2}]"
Canada,Uruguay,Canada,1.48,1.22,43.2,27.3,29.4,42.3,6.8,7.9,30.7,5.2,7.1,57.0,43.0,"[{""score"": ""1 - 1"", ""pct"": 12.06}, {""score"": ""1 - 0"", ""pct"": 10.5}, {""score"": ""2 - 1"", ""pct"": 8.709999999999999}]"
Canada,New Zealand,Canada,2.062,0.638,71.0,19.5,9.5,71.9,7.1,7.9,9.0,1.7,2.4,86.9,13.1,"[{""score"": ""2 - 0"", ""pct"": 14.580000000000002}, {""score"": ""1 - 0"", ""pct"": 14.31}, {""score"": ""2 - 1"", ""pct"": 9.610000000000001}]"
Canada,United States,Canada,1.847,0.853,60.9,23.0,16.1,61.3,7.5,8.8,15.4,3.2,3.8,77.5,22.5,"[{""score"": ""1 - 0"", ""pct"": 12.8}, {""score"": ""2 - 0"", ""pct"": 10.95}, {""score"": ""1 - 1"", ""pct"": 10.36}]"
Canada,Senegal,Canada,1.629,1.071,49.5,26.3,24.2,50.5,7.1,8.5,23.8,4.3,5.8,66.1,33.9,"[{""score"": ""1 - 1"", ""pct"": 11.61}, {""score"": ""1 - 0"", ""pct"": 11.04}, {""score"": ""2 - 1"", ""pct"": 9.030000000000001}]"
Canada,Brazil,Canada,1.233,1.467,30.3,27.6,42.1,32.4,5.0,6.9,41.2,6.8,7.8,44.2,55.8,"[{""score"": ""1 - 1"", ""pct"": 12.1}, {""score"": ""0 - 1"", ""pct"": 10.63}, {""score"": ""1 - 2"", ""pct"": 9.41}]"
Canada,Ivory Coast,Canada,1.893,0.807,64.0,22.6,13.5,63.3,7.4,8.7,13.9,3.0,3.8,79.4,20.6,"[{""score"": ""1 - 0"", ""pct"": 13.08}, {""score"": ""2 - 0"", ""pct"": 11.66}, {""score"": ""1 - 1"", ""pct"": 10.620000000000001}]"
Canada,France,Canada,1.101,1.599,24.4,26.4,49.3,24.9,4.6,5.9,49.2,7.1,8.2,35.5,64.5,"[{""score"": ""1 - 1"", ""pct"": 11.84}, {""score"": ""0 - 1"", ""pct"": 11.39}, {""score"": ""1 - 2"", ""pct"": 9.229999999999999}]"
Netherlands,Canada,Canada,1.838,0.862,60.4,23.4,16.2,60.5,7.8,8.1,16.6,3.2,3.9,76.4,23.6,"[{""score"": ""1 - 0"", ""pct"": 12.78}, {""score"": ""2 - 0"", ""pct"": 10.870000000000001}, {""score"": ""1 - 1"", ""pct"": 10.71}]"
South Africa,Canada,Canada,0.967,1.733,20.4,24.2,55.4,19.8,3.8,4.6,55.3,7.7,8.8,28.2,71.8,"[{""score"": ""0 - 1"", ""pct"": 12.5}, {""score"": ""1 - 1"", ""pct"": 10.879999999999999}, {""score"": ""0 - 2"", ""pct"": 9.790000000000001}]"
Japan,Canada,Canada,1.934,0.766,64.9,22.5,12.6,65.6,7.4,8.1,12.7,2.5,3.6,81.2,18.8,"[{""score"": ""1 - 0"", ""pct"": 13.489999999999998}, {""score"": ""2 - 0"", ""pct"": 12.45}, {""score"": ""1 - 1"", ""pct"": 10.09}]"
Scotland,Canada,Canada,1.393,1.307,38.9,26.6,34.4,39.0,6.1,8.0,34.3,5.6,7.0,53.1,46.9,"[{""score"": ""1 - 1"", ""pct"": 12.030000000000001}, {""score"": ""1 - 0"", ""pct"": 9.379999999999999}, {""score"": ""0 - 1"", ""pct"": 8.84}]"
Algeria,Canada,Canada,1.649,1.051,51.2,25.5,23.4,51.9,7.6,8.9,22.3,4.3,5.0,68.4,31.6,"[{""score"": ""1 - 1"", ""pct"": 11.89}, {""score"": ""1 - 0"", ""pct"": 11.09}, {""score"": ""2 - 1"", ""pct"": 9.69}]"
Haiti,Canada,Canada,1.18,1.52,28.8,27.0,44.1,28.5,5.0,6.8,44.1,6.8,8.8,40.2,59.8,"[{""score"": ""1 - 1"", ""pct"": 12.23}, {""score"": ""0 - 1"", ""pct"": 10.66}, {""score"": ""1 - 2"", ""pct"": 8.86}]"
Spain,Canada,Canada,2.214,0.486,78.1,16.0,5.9,77.8,6.5,7.4,5.9,1.1,1.4,91.7,8.3,"[{""score"": ""2 - 0"", ""pct"": 16.7}, {""score"": ""1 - 0"", ""pct"": 15.879999999999999}, {""score"": ""3 - 0"", ""pct"": 11.17}]"
Saudi Arabia,Canada,Canada,1.109,1.591,25.1,25.9,49.0,26.0,4.3,5.7,48.3,7.1,8.6,36.0,64.0,"[{""score"": ""0 - 1"", ""pct"": 11.49}, {""score"": ""1 - 1"", ""pct"": 11.48}, {""score"": ""1 - 2"", ""pct"": 9.82}]"
Colombia,Canada,Canada,1.995,0.705,69.0,20.1,10.9,68.6,7.2,8.3,10.6,2.3,3.0,84.1,15.9,"[{""score"": ""1 - 0"", ""pct"": 14.41}, {""score"": ""2 - 0"", ""pct"": 13.450000000000001}, {""score"": ""2 - 1"", ""pct"": 9.69}]"
Portugal,Canada,Canada,1.939,0.761,65.4,22.1,12.5,65.7,7.5,8.2,12.4,2.5,3.7,81.4,18.6,"[{""score"": ""1 - 0"", ""pct"": 13.089999999999998}, {""score"": ""2 - 0"", ""pct"": 12.7}, {""score"": ""1 - 1"", ""pct"": 10.17}]"
Sweden,Canada,Canada,1.103,1.597,25.2,25.8,49.0,25.2,4.4,5.5,48.5,7.4,9.0,35.1,64.9,"[{""score"": ""1 - 1"", ""pct"": 11.65}, {""score"": ""0 - 1"", ""pct"": 11.1}, {""score"": ""1 - 2"", ""pct"": 9.700000000000001}]"
Jordan,Canada,Canada,1.416,1.284,40.5,26.5,33.0,39.9,6.8,8.0,32.6,5.8,7.0,54.7,45.3,"[{""score"": ""1 - 1"", ""pct"": 12.030000000000001}, {""score"": ""1 - 0"", ""pct"": 9.78}, {""score"": ""2 - 1"", ""pct"": 8.67}]"
Morocco,Canada,Canada,1.9,0.8,63.7,22.6,13.7,63.8,7.4,8.6,13.9,2.6,3.7,79.8,20.2,"[{""score"": ""1 - 0"", ""pct"": 13.020000000000001}, {""score"": ""2 - 0"", ""pct"": 12.389999999999999}, {""score"": ""1 - 1"", ""pct"": 10.31}]"
Iraq,Canada,Canada,1.228,1.472,31.2,25.8,43.0,30.7,5.6,6.8,42.1,7.0,7.8,43.0,57.0,"[{""score"": ""1 - 1"", ""pct"": 11.559999999999999}, {""score"": ""0 - 1"", ""pct"": 10.489999999999998}, {""score"": ""1 - 2"", ""pct"": 9.25}]"
Tunisia,Canada,Canada,1.229,1.471,30.2,27.1,42.7,30.9,5.5,6.5,42.7,6.7,7.6,42.9,57.1,"[{""score"": ""1 - 1"", ""pct"": 11.92}, {""score"": ""0 - 1"", ""pct"": 10.5}, {""score"": ""1 - 2"", ""pct"": 9.15}]"
Qatar,Canada,Canada,0.747,1.953,12.5,21.4,66.1,12.1,2.5,3.0,67.2,7.2,8.0,17.6,82.4,"[{""score"": ""0 - 1"", ""pct"": 13.61}, {""score"": ""0 - 2"", ""pct"": 12.659999999999998}, {""score"": ""1 - 2"", ""pct"": 9.93}]"
Curaçao,Canada,Canada,0.871,1.829,16.6,22.9,60.6,16.2,3.2,4.1,60.7,7.5,8.3,23.5,76.5,"[{""score"": ""0 - 1"", ""pct"": 12.6}, {""score"": ""0 - 2"", ""pct"": 11.64}, {""score"": ""1 - 2"", ""pct"": 10.18}]"
Iran,Canada,Canada,1.716,0.984,54.4,25.2,20.5,54.4,7.3,9.1,20.4,4.0,4.8,70.8,29.2,"[{""score"": ""1 - 0"", ""pct"": 11.75}, {""score"": ""1 - 1"", ""pct"": 11.04}, {""score"": ""2 - 1"", ""pct"": 9.82}]"
South Korea,Canada,Canada,1.676,1.024,53.1,24.8,22.1,52.1,7.5,9.2,21.9,3.9,5.5,68.7,31.3,"[{""score"": ""1 - 0"", ""pct"": 11.85}, {""score"": ""1 - 1"", ""pct"": 11.05}, {""score"": ""2 - 1"", ""pct"": 10.11}]"
Ghana,Canada,Canada,0.89,1.81,17.2,23.7,59.0,17.3,3.2,4.5,58.6,7.8,8.6,25.0,75.0,"[{""score"": ""0 - 1"", ""pct"": 12.389999999999999}, {""score"": ""1 - 1"", ""pct"": 11.12}, {""score"": ""0 - 2"", ""pct"": 10.77}]"
Norway,Canada,Canada,1.732,0.968,54.1,26.1,19.9,55.3,7.6,8.8,19.6,3.5,5.2,71.7,28.3,"[{""score"": ""1 - 1"", ""pct"": 11.89}, {""score"": ""1 - 0"", ""pct"": 11.459999999999999}, {""score"": ""2 - 0"", ""pct"": 10.05}]"
England,Canada,Canada,2.029,0.671,69.7,19.7,10.6,69.5,7.3,8.2,10.2,2.0,2.7,85.0,15.0,"[{""score"": ""1 - 0"", ""pct"": 13.87}, {""score"": ""2 - 0"", ""pct"": 13.54}, {""score"": ""2 - 1"", ""pct"": 9.46}]"
Mexico,Canada,Canada,1.855,0.845,61.8,23.1,15.2,61.1,7.3,8.9,15.6,3.1,4.1,77.3,22.7,"[{""score"": ""1 - 0"", ""pct"": 13.239999999999998}, {""score"": ""2 - 0"", ""pct"": 11.59}, {""score"": ""1 - 1"", ""pct"": 10.34}]"
Austria,Canada,Canada,1.463,1.237,42.7,26.0,31.3,41.4,6.9,7.9,31.5,5.6,6.8,56.2,43.9,"[{""score"": ""1 - 1"", ""pct"": 11.91}, {""score"": ""1 - 0"", ""pct"": 10.38}, {""score"": ""2 - 1"", ""pct"": 9.09}]"
Panama,Canada,Canada,1.565,1.135,46.7,26.3,27.0,46.6,7.1,8.8,26.7,4.8,5.9,62.5,37.5,"[{""score"": ""1 - 1"", ""pct"": 11.65}, {""score"": ""1 - 0"", ""pct"": 10.61}, {""score"": ""2 - 1"", ""pct"": 9.4}]"
Bosnia and Herzegovina,Canada,Canada,0.789,1.911,14.0,22.4,63.7,13.2,2.5,3.4,64.7,7.7,8.5,19.1,80.9,"[{""score"": ""0 - 1"", ""pct"": 13.52}, {""score"": ""0 - 2"", ""pct"": 11.68}, {""score"": ""1 - 1"", ""pct"": 10.4}]"
Czech Republic,Canada,Canada,1.213,1.487,29.5,27.1,43.4,30.1,5.1,7.0,42.9,7.2,7.8,42.1,57.9,"[{""score"": ""1 - 1"", ""pct"": 12.57}, {""score"": ""0 - 1"", ""pct"": 10.16}, {""score"": ""1 - 2"", ""pct"": 8.7}]"
Switzerland,Canada,Canada,1.678,1.022,52.3,25.1,22.6,52.1,7.8,7.9,22.7,4.2,5.3,67.8,32.2,"[{""score"": ""1 - 1"", ""pct"": 11.4}, {""score"": ""1 - 0"", ""pct"": 10.97}, {""score"": ""2 - 1"", ""pct"": 9.75}]"
Argentina,Canada,Canada,2.194,0.506,77.1,16.9,6.0,77.0,6.8,7.0,6.4,1.1,1.6,90.9,9.1,"[{""score"": ""2 - 0"", ""pct"": 16.509999999999998}, {""score"": ""1 - 0"", ""pct"": 15.42}, {""score"": ""3 - 0"", ""pct"": 11.03}]"
Uzbekistan,Canada,Canada,1.533,1.167,45.0,26.6,28.4,45.0,6.8,8.2,28.4,5.3,6.4,60.0,40.0,"[{""score"": ""1 - 1"", ""pct"": 12.2}, {""score"": ""1 - 0"", ""pct"": 11.06}, {""score"": ""2 - 1"", ""pct"": 9.29}]"
Belgium,Canada,Canada,1.699,1.001,53.1,25.0,21.8,54.2,7.5,8.4,20.7,3.8,5.4,70.0,30.0,"[{""score"": ""1 - 0"", ""pct"": 11.700000000000001}, {""score"": ""1 - 1"", ""pct"": 11.469999999999999}, {""score"": ""2 - 1"", ""pct"": 10.0}]"
Australia,Canada,Canada,1.754,0.946,56.4,24.9,18.7,56.5,7.3,8.7,19.3,3.7,4.4,72.6,27.4,"[{""score"": ""1 - 0"", ""pct"": 12.01}, {""score"": ""1 - 1"", ""pct"": 11.04}, {""score"": ""2 - 1"", ""pct"": 10.16}]"
Paraguay,Canada,Canada,1.666,1.034,51.8,25.7,22.5,52.3,7.2,8.4,23.0,4.2,5.0,67.8,32.2,"[{""score"": ""1 - 1"", ""pct"": 11.74}, {""score"": ""1 - 0"", ""pct"": 11.41}, {""score"": ""2 - 1"", ""pct"": 9.81}]"
Egypt,Canada,Canada,1.347,1.353,36.2,27.0,36.9,36.5,6.0,7.5,36.4,5.9,7.7,49.9,50.1,"[{""score"": ""1 - 1"", ""pct"": 12.24}, {""score"": ""0 - 1"", ""pct"": 9.76}, {""score"": ""1 - 0"", ""pct"": 9.06}]"
Ecuador,Canada,Canada,1.93,0.77,64.7,22.0,13.3,65.6,7.6,8.0,12.5,2.7,3.6,81.2,18.8,"[{""score"": ""1 - 0"", ""pct"": 12.9}, {""score"": ""2 - 0"", ""pct"": 12.65}, {""score"": ""2 - 1"", ""pct"": 9.93}]"
Cape Verde,Canada,Canada,0.929,1.771,18.8,24.1,57.1,18.4,3.4,4.7,57.5,7.3,8.7,26.5,73.5,"[{""score"": ""0 - 1"", ""pct"": 11.91}, {""score"": ""1 - 1"", ""pct"": 10.93}, {""score"": ""0 - 2"", ""pct"": 10.75}]"
Germany,Canada,Canada,1.816,0.884,59.2,23.6,17.2,59.0,7.7,8.8,17.2,2.9,4.4,75.5,24.5,"[{""score"": ""1 - 0"", ""pct"": 12.740000000000002}, {""score"": ""2 - 0"", ""pct"": 11.07}, {""score"": ""1 - 1"", ""pct"": 10.32}]"
DR Congo,Canada,Canada,1.263,1.437,32.2,27.6,40.2,32.3,5.5,7.0,40.3,7.0,7.9,44.8,55.2,"[{""score"": ""1 - 1"", ""pct"": 12.85}, {""score"": ""0 - 1"", ""pct"": 10.09}, {""score"": ""1 - 2"", ""pct"": 8.959999999999999}]"
Croatia,Canada,Canada,1.761,0.939,56.6,24.8,18.7,56.8,7.7,8.4,18.7,3.4,4.9,72.9,27.1,"[{""score"": ""1 - 0"", ""pct"": 12.35}, {""score"": ""1 - 1"", ""pct"": 11.59}, {""score"": ""2 - 1"", ""pct"": 9.87}]"
Turkey,Canada,Canada,1.713,0.987,52.9,25.8,21.3,54.4,7.4,8.5,21.0,4.0,4.7,70.3,29.7,"[{""score"": ""1 - 1"", ""pct"": 12.030000000000001}, {""score"": ""1 - 0"", ""pct"": 11.19}, {""score"": ""2 - 1"", ""pct"": 9.89}]"
Uruguay,Canada,Canada,1.82,0.88,59.8,23.7,16.5,59.8,7.6,8.1,16.7,3.4,4.4,75.4,24.6,"[{""score"": ""1 - 0"", ""pct"": 12.82}, {""score"": ""2 - 0"", ""pct"": 11.23}, {""score"": ""1 - 1"", ""pct"": 10.47}]"
New Zealand,Canada,Canada,1.138,1.562,27.6,25.9,46.6,26.2,4.6,6.0,47.2,7.0,9.1,36.8,63.2,"[{""score"": ""1 - 1"", ""pct"": 12.18}, {""score"": ""0 - 1"", ""pct"": 10.489999999999998}, {""score"": ""1 - 2"", ""pct"": 9.46}]"
United States,Canada,Canada,1.448,1.252,41.4,27.0,31.6,41.0,6.8,7.9,31.5,5.7,7.1,55.7,44.3,"[{""score"": ""1 - 1"", ""pct"": 12.35}, {""score"": ""1 - 0"", ""pct"": 10.280000000000001}, {""score"": ""2 - 1"", ""pct"": 8.91}]"
Senegal,Canada,Canada,1.687,1.013,53.4,25.7,21.0,53.1,7.1,9.0,21.3,3.9,5.5,69.3,30.7,"[{""score"": ""1 - 1"", ""pct"": 11.81}, {""score"": ""1 - 0"", ""pct"": 11.59}, {""score"": ""2 - 1"", ""pct"": 10.36}]"
Brazil,Canada,Canada,2.002,0.698,68.3,20.1,11.6,68.4,7.4,8.2,10.9,2.2,2.9,84.1,15.9,"[{""score"": ""1 - 0"", ""pct"": 13.569999999999999}, {""score"": ""2 - 0"", ""pct"": 13.38}, {""score"": ""2 - 1"", ""pct"": 9.520000000000001}]"
Ivory Coast,Canada,Canada,1.388,1.312,37.9,28.1,34.0,38.5,6.3,7.6,34.8,6.3,6.6,52.4,47.6,"[{""score"": ""1 - 1"", ""pct"": 13.170000000000002}, {""score"": ""1 - 0"", ""pct"": 9.3}, {""score"": ""2 - 1"", ""pct"": 9.0}]"
France,Canada,Canada,2.084,0.616,72.4,18.8,8.8,72.7,7.0,8.0,8.5,1.6,2.2,87.6,12.4,"[{""score"": ""1 - 0"", ""pct"": 14.649999999999999}, {""score"": ""2 - 0"", ""pct"": 14.469999999999999}, {""score"": ""3 - 0"", ""pct"": 9.719999999999999}]"
