home_team,away_team,venue_country,ensemble_lambda_home,ensemble_lambda_away,grp_win_home,grp_draw,grp_win_away,ko_win_90_home_pct,ko_win_120_home_pct,ko_win_pen_home_pct,ko_win_90_away_pct,ko_win_120_away_pct,ko_win_pen_away_pct,ko_win_home,ko_win_away,top_scorelines_json
Saudi Arabia,England,Neutral,0.707,1.866,12.2,22.2,65.6,11.9,2.4,3.4,66.1,7.6,8.6,17.7,82.3,"[{""score"": ""0 - 1"", ""pct"": 15.040000000000001}, {""score"": ""0 - 2"", ""pct"": 12.790000000000001}, {""score"": ""1 - 2"", ""pct"": 9.719999999999999}]"
Saudi Arabia,Uzbekistan,Neutral,0.99,1.58,22.0,26.6,51.3,22.4,4.1,5.6,51.7,7.4,8.7,32.1,67.9,"[{""score"": ""0 - 1"", ""pct"": 12.989999999999998}, {""score"": ""1 - 1"", ""pct"": 12.21}, {""score"": ""1 - 2"", ""pct"": 9.73}]"
Saudi Arabia,Austria,Neutral,0.956,1.534,23.0,26.2,50.8,21.9,4.4,5.9,50.8,7.4,9.5,32.2,67.8,"[{""score"": ""0 - 1"", ""pct"": 13.0}, {""score"": ""1 - 1"", ""pct"": 11.940000000000001}, {""score"": ""0 - 2"", ""pct"": 9.44}]"
Saudi Arabia,Turkey,Neutral,0.876,1.768,17.0,23.3,59.8,17.6,3.7,4.6,58.1,7.6,8.3,25.9,74.1,"[{""score"": ""0 - 1"", ""pct"": 12.770000000000001}, {""score"": ""1 - 2"", ""pct"": 10.99}, {""score"": ""0 - 2"", ""pct"": 10.93}]"
Saudi Arabia,Morocco,Neutral,0.703,1.901,12.5,21.4,66.0,12.0,2.4,3.2,65.6,7.6,9.2,17.5,82.5,"[{""score"": ""0 - 1"", ""pct"": 14.92}, {""score"": ""0 - 2"", ""pct"": 13.07}, {""score"": ""1 - 1"", ""pct"": 9.229999999999999}]"
Saudi Arabia,DR Congo,Neutral,1.001,1.197,29.8,30.4,39.8,30.1,5.3,8.6,39.5,6.4,10.1,44.0,56.0,"[{""score"": ""1 - 1"", ""pct"": 13.62}, {""score"": ""0 - 1"", ""pct"": 13.139999999999999}, {""score"": ""0 - 0"", ""pct"": 11.97}]"
Saudi Arabia,Japan,Neutral,0.699,1.822,12.9,22.6,64.5,12.7,2.5,3.2,64.6,7.2,9.8,18.4,81.6,"[{""score"": ""0 - 1"", ""pct"": 15.310000000000002}, {""score"": ""0 - 2"", ""pct"": 13.07}, {""score"": ""1 - 1"", ""pct"": 10.08}]"
Saudi Arabia,Canada,Neutral,0.933,1.616,20.6,25.8,53.6,20.8,4.2,5.6,52.2,7.9,9.3,30.6,69.4,"[{""score"": ""0 - 1"", ""pct"": 13.209999999999999}, {""score"": ""1 - 1"", ""pct"": 11.67}, {""score"": ""1 - 2"", ""pct"": 9.81}]"
Saudi Arabia,Argentina,Neutral,0.636,2.298,7.5,16.5,76.0,7.7,1.3,1.9,75.8,6.7,6.6,10.9,89.1,"[{""score"": ""0 - 2"", ""pct"": 14.46}, {""score"": ""0 - 1"", ""pct"": 13.87}, {""score"": ""0 - 3"", ""pct"": 10.100000000000001}]"
Saudi Arabia,Tunisia,Neutral,1.103,1.292,30.8,29.6,39.6,31.3,5.8,7.5,39.6,6.7,9.0,44.7,55.3,"[{""score"": ""1 - 1"", ""pct"": 13.450000000000001}, {""score"": ""0 - 1"", ""pct"": 11.85}, {""score"": ""0 - 0"", ""pct"": 10.54}]"
Saudi Arabia,Brazil,Neutral,0.759,2.016,12.4,21.0,66.7,12.2,2.5,3.4,67.3,6.9,7.8,18.0,82.0,"[{""score"": ""0 - 1"", ""pct"": 12.889999999999999}, {""score"": ""0 - 2"", ""pct"": 12.86}, {""score"": ""1 - 2"", ""pct"": 9.700000000000001}]"
Saudi Arabia,Iraq,Neutral,1.071,1.245,30.5,29.6,39.9,30.6,5.4,7.4,40.3,7.2,9.1,43.4,56.6,"[{""score"": ""1 - 1"", ""pct"": 13.239999999999998}, {""score"": ""0 - 1"", ""pct"": 11.81}, {""score"": ""0 - 0"", ""pct"": 11.17}]"
Saudi Arabia,Sweden,Neutral,1.259,1.254,35.3,29.0,35.7,36.1,5.8,8.1,35.8,6.5,7.7,50.1,49.9,"[{""score"": ""1 - 1"", ""pct"": 13.15}, {""score"": ""0 - 1"", ""pct"": 9.84}, {""score"": ""1 - 0"", ""pct"": 9.83}]"
Saudi Arabia,Senegal,Neutral,0.902,1.721,18.8,25.2,56.0,18.5,3.3,5.2,56.2,7.9,8.9,27.0,73.0,"[{""score"": ""0 - 1"", ""pct"": 12.370000000000001}, {""score"": ""1 - 1"", ""pct"": 10.979999999999999}, {""score"": ""0 - 2"", ""pct"": 9.98}]"
Saudi Arabia,Spain,Neutral,0.666,2.281,8.3,16.9,74.9,7.9,1.6,2.0,75.0,6.5,7.0,11.5,88.5,"[{""score"": ""0 - 2"", ""pct"": 13.99}, {""score"": ""0 - 1"", ""pct"": 12.16}, {""score"": ""0 - 3"", ""pct"": 9.67}]"
Saudi Arabia,Paraguay,Neutral,0.921,1.664,19.7,25.5,54.8,19.9,3.6,5.1,54.6,7.6,9.2,28.6,71.4,"[{""score"": ""0 - 1"", ""pct"": 12.61}, {""score"": ""1 - 1"", ""pct"": 11.32}, {""score"": ""0 - 2"", ""pct"": 10.15}]"
Saudi Arabia,New Zealand,Neutral,1.215,1.239,34.6,29.0,36.4,35.4,5.8,8.0,36.3,6.4,8.2,49.1,50.9,"[{""score"": ""1 - 1"", ""pct"": 13.350000000000001}, {""score"": ""0 - 1"", ""pct"": 10.51}, {""score"": ""1 - 0"", ""pct"": 10.290000000000001}]"
Saudi Arabia,Qatar,Neutral,1.678,0.962,54.2,26.1,19.8,53.6,7.6,9.2,20.7,3.8,5.0,70.5,29.5,"[{""score"": ""1 - 0"", ""pct"": 12.82}, {""score"": ""1 - 1"", ""pct"": 11.78}, {""score"": ""2 - 0"", ""pct"": 9.75}]"
Saudi Arabia,Norway,Neutral,0.923,1.772,18.2,24.2,57.6,18.0,3.8,4.5,57.3,7.7,8.8,26.2,73.8,"[{""score"": ""0 - 1"", ""pct"": 12.43}, {""score"": ""1 - 1"", ""pct"": 11.25}, {""score"": ""1 - 2"", ""pct"": 10.01}]"
Saudi Arabia,Bosnia and Herzegovina,Neutral,1.485,1.022,47.8,27.4,24.8,47.6,7.1,9.9,24.7,4.6,6.1,64.6,35.4,"[{""score"": ""1 - 0"", ""pct"": 12.6}, {""score"": ""1 - 1"", ""pct"": 12.22}, {""score"": ""0 - 0"", ""pct"": 9.16}]"
Saudi Arabia,Curaçao,Neutral,1.507,1.076,46.3,27.3,26.5,47.1,6.9,8.9,26.4,4.7,6.0,62.9,37.1,"[{""score"": ""1 - 1"", ""pct"": 12.08}, {""score"": ""1 - 0"", ""pct"": 11.57}, {""score"": ""2 - 1"", ""pct"": 9.21}]"
Saudi Arabia,Belgium,Neutral,0.879,1.729,18.4,24.3,57.2,17.9,3.8,4.7,57.3,7.1,9.2,26.4,73.6,"[{""score"": ""0 - 1"", ""pct"": 13.370000000000001}, {""score"": ""1 - 1"", ""pct"": 11.09}, {""score"": ""0 - 2"", ""pct"": 10.639999999999999}]"
Saudi Arabia,Switzerland,Neutral,0.908,1.747,18.2,25.0,56.8,18.2,3.3,4.6,57.3,7.5,9.2,26.1,73.9,"[{""score"": ""0 - 1"", ""pct"": 12.35}, {""score"": ""1 - 1"", ""pct"": 11.14}, {""score"": ""0 - 2"", ""pct"": 10.57}]"
Saudi Arabia,Germany,Neutral,0.876,1.892,15.8,22.8,61.4,15.3,3.0,3.6,62.4,7.1,8.6,21.9,78.0,"[{""score"": ""0 - 1"", ""pct"": 12.21}, {""score"": ""0 - 2"", ""pct"": 10.99}, {""score"": ""1 - 1"", ""pct"": 10.39}]"
Saudi Arabia,Egypt,Neutral,0.964,1.461,24.4,27.7,47.9,24.4,4.4,6.0,48.4,7.7,9.1,34.8,65.2,"[{""score"": ""0 - 1"", ""pct"": 13.350000000000001}, {""score"": ""1 - 1"", ""pct"": 12.280000000000001}, {""score"": ""0 - 0"", ""pct"": 9.69}]"
Saudi Arabia,Jordan,Neutral,1.196,1.54,28.4,26.7,44.9,28.7,5.1,6.2,45.2,6.7,8.1,40.1,59.9,"[{""score"": ""1 - 1"", ""pct"": 12.55}, {""score"": ""0 - 1"", ""pct"": 10.100000000000001}, {""score"": ""1 - 2"", ""pct"": 9.28}]"
Saudi Arabia,South Africa,Neutral,1.259,1.145,38.4,28.5,33.1,37.7,6.5,8.7,32.8,6.2,8.1,52.9,47.1,"[{""score"": ""1 - 1"", ""pct"": 13.0}, {""score"": ""1 - 0"", ""pct"": 11.37}, {""score"": ""0 - 1"", ""pct"": 10.25}]"
Saudi Arabia,Croatia,Neutral,0.914,1.764,18.7,24.1,57.3,17.7,3.0,4.5,58.3,7.6,8.8,25.2,74.8,"[{""score"": ""0 - 1"", ""pct"": 12.19}, {""score"": ""1 - 1"", ""pct"": 10.73}, {""score"": ""0 - 2"", ""pct"": 10.57}]"
Saudi Arabia,Haiti,Neutral,1.098,1.328,30.3,29.0,40.7,30.6,5.4,7.5,40.8,6.5,9.2,43.5,56.5,"[{""score"": ""1 - 1"", ""pct"": 12.82}, {""score"": ""0 - 1"", ""pct"": 12.58}, {""score"": ""0 - 0"", ""pct"": 9.99}]"
Saudi Arabia,United States,Neutral,1.037,1.555,24.2,26.6,49.2,24.1,4.4,5.9,48.3,8.0,9.4,34.3,65.7,"[{""score"": ""1 - 1"", ""pct"": 12.33}, {""score"": ""0 - 1"", ""pct"": 12.120000000000001}, {""score"": ""1 - 2"", ""pct"": 9.48}]"
Saudi Arabia,Uruguay,Neutral,0.815,1.722,17.2,23.7,59.1,16.3,3.3,4.1,59.4,7.8,9.2,23.7,76.3,"[{""score"": ""0 - 1"", ""pct"": 13.88}, {""score"": ""0 - 2"", ""pct"": 11.03}, {""score"": ""1 - 1"", ""pct"": 10.299999999999999}]"
Saudi Arabia,South Korea,Neutral,0.91,1.713,18.0,25.3,56.7,18.9,3.6,4.7,56.6,7.5,8.7,27.1,72.9,"[{""score"": ""0 - 1"", ""pct"": 12.709999999999999}, {""score"": ""1 - 1"", ""pct"": 11.74}, {""score"": ""0 - 2"", ""pct"": 10.870000000000001}]"
Saudi Arabia,Australia,Neutral,0.897,1.738,18.3,24.9,56.8,18.0,3.6,4.6,57.3,7.3,9.1,26.2,73.8,"[{""score"": ""0 - 1"", ""pct"": 12.75}, {""score"": ""1 - 1"", ""pct"": 11.29}, {""score"": ""0 - 2"", ""pct"": 10.549999999999999}]"
Saudi Arabia,Czech Republic,Neutral,1.135,1.351,30.8,27.6,41.5,31.0,5.4,7.4,41.5,6.7,8.0,43.8,56.2,"[{""score"": ""1 - 1"", ""pct"": 12.73}, {""score"": ""0 - 1"", ""pct"": 11.1}, {""score"": ""1 - 0"", ""pct"": 9.64}]"
Saudi Arabia,Cape Verde,Neutral,1.392,1.09,42.9,28.5,28.6,43.2,6.6,8.9,29.0,5.2,7.1,58.7,41.3,"[{""score"": ""1 - 1"", ""pct"": 12.53}, {""score"": ""1 - 0"", ""pct"": 12.16}, {""score"": ""0 - 0"", ""pct"": 10.03}]"
Saudi Arabia,Ghana,Neutral,1.428,1.019,46.5,27.4,26.1,46.9,7.2,8.8,25.9,4.7,6.6,62.9,37.1,"[{""score"": ""1 - 0"", ""pct"": 13.270000000000001}, {""score"": ""1 - 1"", ""pct"": 12.13}, {""score"": ""0 - 0"", ""pct"": 9.58}]"
Saudi Arabia,Netherlands,Neutral,0.804,1.795,15.1,23.4,61.6,15.3,3.0,4.0,60.8,7.6,9.2,22.3,77.7,"[{""score"": ""0 - 1"", ""pct"": 13.600000000000001}, {""score"": ""0 - 2"", ""pct"": 11.89}, {""score"": ""1 - 1"", ""pct"": 10.35}]"
Saudi Arabia,Ivory Coast,Neutral,0.97,1.53,23.4,27.0,49.6,22.7,4.6,6.4,50.1,6.8,9.4,33.7,66.3,"[{""score"": ""0 - 1"", ""pct"": 12.540000000000001}, {""score"": ""1 - 1"", ""pct"": 12.09}, {""score"": ""1 - 2"", ""pct"": 9.71}]"
Saudi Arabia,Scotland,Neutral,1.043,1.516,25.9,27.2,46.9,25.1,4.7,6.0,47.5,7.4,9.4,35.7,64.3,"[{""score"": ""1 - 1"", ""pct"": 12.659999999999998}, {""score"": ""0 - 1"", ""pct"": 11.540000000000001}, {""score"": ""1 - 2"", ""pct"": 9.229999999999999}]"
Saudi Arabia,Ecuador,Neutral,0.73,1.722,14.9,24.3,60.9,14.5,3.1,4.2,61.3,7.4,9.6,21.7,78.3,"[{""score"": ""0 - 1"", ""pct"": 14.799999999999999}, {""score"": ""0 - 2"", ""pct"": 12.65}, {""score"": ""1 - 1"", ""pct"": 10.38}]"
Saudi Arabia,Iran,Neutral,0.888,1.774,17.7,24.5,57.7,16.7,3.5,4.8,58.7,7.2,9.1,25.0,75.0,"[{""score"": ""0 - 1"", ""pct"": 12.86}, {""score"": ""1 - 1"", ""pct"": 11.35}, {""score"": ""0 - 2"", ""pct"": 10.89}]"
Saudi Arabia,Mexico,Neutral,0.764,1.724,15.2,25.2,59.6,14.8,3.1,4.2,60.8,7.8,9.2,22.1,77.9,"[{""score"": ""0 - 1"", ""pct"": 14.13}, {""score"": ""0 - 2"", ""pct"": 11.799999999999999}, {""score"": ""1 - 1"", ""pct"": 11.469999999999999}]"
Saudi Arabia,France,Neutral,0.739,2.066,11.7,19.9,68.3,10.9,2.2,2.8,68.7,7.5,8.0,15.8,84.2,"[{""score"": ""0 - 2"", ""pct"": 12.9}, {""score"": ""0 - 1"", ""pct"": 12.590000000000002}, {""score"": ""1 - 1"", ""pct"": 9.36}]"
Saudi Arabia,Algeria,Neutral,0.926,1.68,20.1,24.5,55.4,18.8,4.2,4.9,55.7,7.2,9.2,27.8,72.2,"[{""score"": ""0 - 1"", ""pct"": 12.989999999999998}, {""score"": ""1 - 1"", ""pct"": 10.63}, {""score"": ""0 - 2"", ""pct"": 10.15}]"
Saudi Arabia,Panama,Neutral,1.053,1.631,23.5,25.8,50.8,23.4,4.6,5.5,51.0,6.7,8.7,33.6,66.4,"[{""score"": ""1 - 1"", ""pct"": 12.13}, {""score"": ""0 - 1"", ""pct"": 11.37}, {""score"": ""1 - 2"", ""pct"": 10.040000000000001}]"
Saudi Arabia,Colombia,Neutral,0.738,1.879,13.3,21.6,65.1,12.9,2.6,3.3,64.5,7.3,9.3,18.9,81.1,"[{""score"": ""0 - 1"", ""pct"": 14.35}, {""score"": ""0 - 2"", ""pct"": 12.509999999999998}, {""score"": ""1 - 2"", ""pct"": 10.15}]"
Saudi Arabia,Portugal,Neutral,0.74,1.866,12.3,23.8,63.9,13.2,2.5,3.4,64.2,7.9,8.8,19.1,80.9,"[{""score"": ""0 - 1"", ""pct"": 13.86}, {""score"": ""0 - 2"", ""pct"": 12.34}, {""score"": ""1 - 1"", ""pct"": 10.71}]"
England,Saudi Arabia,Neutral,1.866,0.707,65.5,22.6,11.9,64.9,7.8,9.1,12.7,2.5,3.0,81.8,18.2,"[{""score"": ""1 - 0"", ""pct"": 14.879999999999999}, {""score"": ""2 - 0"", ""pct"": 11.940000000000001}, {""score"": ""1 - 1"", ""pct"": 10.11}]"
England,Uzbekistan,Neutral,1.579,0.884,53.9,26.5,19.6,52.9,7.6,10.2,20.3,3.8,5.3,70.7,29.3,"[{""score"": ""1 - 0"", ""pct"": 13.450000000000001}, {""score"": ""1 - 1"", ""pct"": 11.76}, {""score"": ""2 - 0"", ""pct"": 10.52}]"
England,Austria,Neutral,1.614,0.9,53.7,25.8,20.5,54.1,7.4,9.0,20.3,3.8,5.4,70.5,29.5,"[{""score"": ""1 - 0"", ""pct"": 12.920000000000002}, {""score"": ""1 - 1"", ""pct"": 11.93}, {""score"": ""2 - 0"", ""pct"": 10.34}]"
England,Turkey,Neutral,1.518,1.027,48.4,27.7,23.9,48.0,7.6,9.5,24.1,4.5,6.2,65.2,34.8,"[{""score"": ""1 - 0"", ""pct"": 12.25}, {""score"": ""1 - 1"", ""pct"": 11.92}, {""score"": ""2 - 1"", ""pct"": 9.35}]"
England,Morocco,Neutral,1.285,1.095,40.7,29.0,30.3,39.6,6.3,9.1,31.7,5.1,8.1,55.1,44.9,"[{""score"": ""1 - 1"", ""pct"": 13.120000000000001}, {""score"": ""1 - 0"", ""pct"": 12.25}, {""score"": ""0 - 0"", ""pct"": 10.37}]"
England,DR Congo,Neutral,1.63,0.699,60.7,25.1,14.2,60.0,7.7,10.3,14.2,2.9,4.8,78.0,22.0,"[{""score"": ""1 - 0"", ""pct"": 15.840000000000002}, {""score"": ""2 - 0"", ""pct"": 13.200000000000001}, {""score"": ""1 - 1"", ""pct"": 10.96}]"
England,Japan,Neutral,1.259,1.093,39.2,29.5,31.3,39.2,6.6,9.1,31.2,5.4,8.4,55.0,45.0,"[{""score"": ""1 - 1"", ""pct"": 13.209999999999999}, {""score"": ""1 - 0"", ""pct"": 12.29}, {""score"": ""0 - 0"", ""pct"": 10.38}]"
England,Canada,Neutral,1.495,0.97,48.8,28.9,22.3,48.9,7.5,9.7,23.3,4.3,6.4,66.0,34.0,"[{""score"": ""1 - 1"", ""pct"": 13.13}, {""score"": ""1 - 0"", ""pct"": 12.770000000000001}, {""score"": ""0 - 0"", ""pct"": 9.91}]"
England,Argentina,Neutral,1.06,1.417,26.7,27.8,45.4,27.0,5.3,6.7,45.7,7.1,8.3,39.0,61.0,"[{""score"": ""1 - 1"", ""pct"": 12.690000000000001}, {""score"": ""0 - 1"", ""pct"": 12.45}, {""score"": ""0 - 0"", ""pct"": 9.049999999999999}]"
England,Tunisia,Neutral,1.72,0.712,61.1,24.9,14.1,61.4,7.8,10.5,13.6,2.6,4.0,79.8,20.2,"[{""score"": ""1 - 0"", ""pct"": 15.28}, {""score"": ""2 - 0"", ""pct"": 12.58}, {""score"": ""1 - 1"", ""pct"": 11.33}]"
England,Brazil,Neutral,1.339,1.171,40.3,28.4,31.4,40.9,6.5,8.3,31.4,5.4,7.5,55.7,44.3,"[{""score"": ""1 - 1"", ""pct"": 12.509999999999998}, {""score"": ""1 - 0"", ""pct"": 11.06}, {""score"": ""0 - 1"", ""pct"": 9.31}]"
England,Iraq,Neutral,1.697,0.695,61.3,25.1,13.7,61.4,7.9,9.4,14.1,3.1,4.1,78.7,21.3,"[{""score"": ""1 - 0"", ""pct"": 15.72}, {""score"": ""2 - 0"", ""pct"": 13.16}, {""score"": ""0 - 0"", ""pct"": 10.69}]"
England,Sweden,Neutral,1.958,0.749,66.0,21.8,12.2,65.4,7.7,8.3,12.7,2.6,3.4,81.4,18.6,"[{""score"": ""1 - 0"", ""pct"": 13.969999999999999}, {""score"": ""2 - 0"", ""pct"": 12.709999999999999}, {""score"": ""1 - 1"", ""pct"": 9.65}]"
England,Senegal,Neutral,1.562,1.037,48.8,26.2,25.0,49.2,7.6,8.7,23.7,4.5,6.3,65.5,34.5,"[{""score"": ""1 - 0"", ""pct"": 12.17}, {""score"": ""1 - 1"", ""pct"": 11.72}, {""score"": ""2 - 1"", ""pct"": 9.28}]"
England,Spain,Neutral,1.082,1.446,26.9,27.7,45.4,28.1,5.4,6.4,44.5,6.8,8.8,39.9,60.1,"[{""score"": ""1 - 1"", ""pct"": 12.709999999999999}, {""score"": ""0 - 1"", ""pct"": 11.74}, {""score"": ""1 - 2"", ""pct"": 9.54}]"
England,Paraguay,Neutral,1.592,0.976,51.4,26.0,22.6,50.8,7.4,9.3,22.7,4.2,5.5,67.5,32.5,"[{""score"": ""1 - 0"", ""pct"": 12.1}, {""score"": ""1 - 1"", ""pct"": 11.19}, {""score"": ""2 - 1"", ""pct"": 9.49}]"
England,New Zealand,Neutral,1.901,0.722,66.2,21.9,11.9,65.3,7.7,8.9,12.2,2.3,3.5,82.0,18.0,"[{""score"": ""1 - 0"", ""pct"": 14.280000000000001}, {""score"": ""2 - 0"", ""pct"": 13.23}, {""score"": ""1 - 1"", ""pct"": 10.280000000000001}]"
England,Qatar,Neutral,2.634,0.616,80.5,13.7,5.9,81.3,5.4,5.1,5.5,1.4,1.3,91.8,8.2,"[{""score"": ""2 - 0"", ""pct"": 13.900000000000002}, {""score"": ""3 - 0"", ""pct"": 11.29}, {""score"": ""1 - 0"", ""pct"": 10.9}]"
England,Norway,Neutral,1.519,1.051,47.6,26.9,25.6,48.2,7.1,9.0,25.1,4.2,6.5,64.3,35.7,"[{""score"": ""1 - 1"", ""pct"": 12.559999999999999}, {""score"": ""1 - 0"", ""pct"": 11.709999999999999}, {""score"": ""2 - 1"", ""pct"": 9.700000000000001}]"
England,Bosnia and Herzegovina,Neutral,2.338,0.663,75.9,16.5,7.6,75.8,6.8,6.1,8.1,1.5,1.7,88.7,11.3,"[{""score"": ""2 - 0"", ""pct"": 13.84}, {""score"": ""1 - 0"", ""pct"": 12.3}, {""score"": ""3 - 0"", ""pct"": 9.93}]"
England,Curaçao,Neutral,2.372,0.653,75.7,16.6,7.7,76.8,6.4,6.1,7.4,1.6,1.7,89.3,10.7,"[{""score"": ""2 - 0"", ""pct"": 13.41}, {""score"": ""1 - 0"", ""pct"": 11.92}, {""score"": ""3 - 0"", ""pct"": 10.59}]"
England,Belgium,Neutral,1.538,1.033,49.5,26.5,24.1,48.9,7.2,9.8,24.0,4.3,5.8,65.9,34.1,"[{""score"": ""1 - 1"", ""pct"": 12.36}, {""score"": ""1 - 0"", ""pct"": 12.3}, {""score"": ""2 - 1"", ""pct"": 9.370000000000001}]"
England,Switzerland,Neutral,1.612,1.039,50.8,25.6,23.6,50.8,7.2,8.8,23.2,4.4,5.6,66.8,33.2,"[{""score"": ""1 - 1"", ""pct"": 12.24}, {""score"": ""1 - 0"", ""pct"": 11.690000000000001}, {""score"": ""2 - 1"", ""pct"": 10.0}]"
England,Germany,Neutral,1.45,1.057,46.8,27.1,26.1,46.0,7.1,9.4,25.9,4.9,6.8,62.5,37.5,"[{""score"": ""1 - 1"", ""pct"": 12.42}, {""score"": ""1 - 0"", ""pct"": 11.98}, {""score"": ""2 - 1"", ""pct"": 9.58}]"
England,Egypt,Neutral,1.584,0.759,57.0,25.8,17.2,57.4,7.1,10.7,16.2,3.5,5.1,75.2,24.8,"[{""score"": ""1 - 0"", ""pct"": 15.25}, {""score"": ""2 - 0"", ""pct"": 11.89}, {""score"": ""1 - 1"", ""pct"": 11.25}]"
England,Jordan,Neutral,1.855,0.925,59.1,23.4,17.5,58.8,7.5,9.2,17.3,3.1,4.0,75.5,24.5,"[{""score"": ""1 - 0"", ""pct"": 11.97}, {""score"": ""1 - 1"", ""pct"": 10.41}, {""score"": ""2 - 0"", ""pct"": 10.31}]"
England,South Africa,Neutral,1.97,0.684,69.0,20.4,10.7,68.2,7.0,8.5,10.7,2.3,3.3,83.7,16.2,"[{""score"": ""1 - 0"", ""pct"": 14.75}, {""score"": ""2 - 0"", ""pct"": 13.77}, {""score"": ""2 - 1"", ""pct"": 9.34}]"
England,Croatia,Neutral,1.506,1.024,48.5,26.7,24.8,47.0,7.3,9.2,24.8,4.9,6.9,63.5,36.5,"[{""score"": ""1 - 1"", ""pct"": 12.030000000000001}, {""score"": ""1 - 0"", ""pct"": 11.97}, {""score"": ""2 - 1"", ""pct"": 9.36}]"
England,Haiti,Neutral,1.775,0.743,63.0,23.7,13.2,62.4,8.1,9.1,13.7,2.9,3.9,79.5,20.5,"[{""score"": ""1 - 0"", ""pct"": 14.899999999999999}, {""score"": ""2 - 0"", ""pct"": 12.629999999999999}, {""score"": ""1 - 1"", ""pct"": 10.5}]"
England,United States,Neutral,1.813,0.921,58.7,22.9,18.4,58.7,7.6,8.4,17.2,3.6,4.4,74.8,25.2,"[{""score"": ""1 - 0"", ""pct"": 12.030000000000001}, {""score"": ""2 - 0"", ""pct"": 10.97}, {""score"": ""1 - 1"", ""pct"": 10.440000000000001}]"
England,Uruguay,Neutral,1.441,0.976,47.4,28.1,24.4,47.3,7.6,9.7,24.4,4.5,6.6,64.5,35.5,"[{""score"": ""1 - 0"", ""pct"": 13.239999999999998}, {""score"": ""1 - 1"", ""pct"": 12.57}, {""score"": ""0 - 0"", ""pct"": 10.14}]"
England,South Korea,Neutral,1.544,1.019,48.5,27.1,24.4,49.5,7.4,9.1,23.7,4.7,5.7,65.9,34.1,"[{""score"": ""1 - 1"", ""pct"": 12.67}, {""score"": ""1 - 0"", ""pct"": 11.85}, {""score"": ""2 - 1"", ""pct"": 9.55}]"
England,Australia,Neutral,1.44,0.991,46.7,27.7,25.6,48.1,6.7,9.3,24.5,5.0,6.4,64.0,36.0,"[{""score"": ""1 - 0"", ""pct"": 12.76}, {""score"": ""1 - 1"", ""pct"": 12.15}, {""score"": ""0 - 0"", ""pct"": 9.700000000000001}]"
England,Czech Republic,Neutral,1.825,0.803,61.7,23.4,14.9,62.4,7.7,8.8,14.7,2.6,3.9,78.9,21.1,"[{""score"": ""1 - 0"", ""pct"": 13.139999999999999}, {""score"": ""2 - 0"", ""pct"": 12.0}, {""score"": ""1 - 1"", ""pct"": 10.290000000000001}]"
England,Cape Verde,Neutral,2.076,0.662,71.4,19.3,9.3,71.6,7.0,7.4,9.6,1.7,2.7,86.0,14.0,"[{""score"": ""1 - 0"", ""pct"": 14.27}, {""score"": ""2 - 0"", ""pct"": 14.2}, {""score"": ""2 - 1"", ""pct"": 9.49}]"
England,Ghana,Neutral,2.284,0.62,76.0,16.4,7.5,75.4,6.6,6.5,7.7,1.6,2.1,88.5,11.4,"[{""score"": ""2 - 0"", ""pct"": 14.510000000000002}, {""score"": ""1 - 0"", ""pct"": 13.66}, {""score"": ""3 - 0"", ""pct"": 10.440000000000001}]"
England,Netherlands,Neutral,1.428,1.04,45.1,28.2,26.7,46.3,6.9,9.3,26.4,4.5,6.6,62.5,37.5,"[{""score"": ""1 - 1"", ""pct"": 12.55}, {""score"": ""1 - 0"", ""pct"": 12.42}, {""score"": ""0 - 0"", ""pct"": 10.0}]"
England,Ivory Coast,Neutral,1.662,0.825,55.7,26.3,18.0,57.8,7.8,9.8,16.9,3.0,4.7,75.4,24.6,"[{""score"": ""1 - 0"", ""pct"": 13.01}, {""score"": ""1 - 1"", ""pct"": 11.88}, {""score"": ""2 - 0"", ""pct"": 10.65}]"
England,Scotland,Neutral,1.773,0.824,59.6,24.2,16.2,59.4,7.9,9.0,16.3,2.9,4.5,76.3,23.7,"[{""score"": ""1 - 0"", ""pct"": 13.469999999999999}, {""score"": ""2 - 0"", ""pct"": 12.5}, {""score"": ""1 - 1"", ""pct"": 11.07}]"
England,Ecuador,Neutral,1.296,1.041,41.1,29.2,29.8,42.3,6.2,9.3,29.2,5.3,7.7,57.8,42.2,"[{""score"": ""1 - 1"", ""pct"": 13.03}, {""score"": ""1 - 0"", ""pct"": 12.3}, {""score"": ""0 - 0"", ""pct"": 10.780000000000001}]"
England,Iran,Neutral,1.48,1.024,47.9,27.5,24.6,47.3,7.0,9.3,25.4,4.5,6.5,63.6,36.4,"[{""score"": ""1 - 0"", ""pct"": 13.18}, {""score"": ""1 - 1"", ""pct"": 12.7}, {""score"": ""2 - 1"", ""pct"": 9.3}]"
England,Mexico,Neutral,1.37,1.004,43.7,28.9,27.4,44.6,6.7,9.8,26.7,5.0,7.3,61.0,39.0,"[{""score"": ""1 - 1"", ""pct"": 13.3}, {""score"": ""1 - 0"", ""pct"": 12.72}, {""score"": ""0 - 0"", ""pct"": 10.18}]"
England,France,Neutral,1.223,1.257,35.6,28.6,35.9,34.7,5.6,8.3,36.7,6.4,8.3,48.6,51.4,"[{""score"": ""1 - 1"", ""pct"": 13.370000000000001}, {""score"": ""1 - 0"", ""pct"": 10.67}, {""score"": ""0 - 1"", ""pct"": 10.38}]"
England,Algeria,Neutral,1.483,1.027,47.1,26.6,26.2,46.6,7.3,9.3,25.8,4.7,6.3,63.2,36.8,"[{""score"": ""1 - 0"", ""pct"": 12.21}, {""score"": ""1 - 1"", ""pct"": 11.690000000000001}, {""score"": ""0 - 0"", ""pct"": 9.09}]"
England,Panama,Neutral,1.752,0.942,57.5,23.9,18.6,56.7,7.5,8.6,18.7,3.8,4.8,72.8,27.2,"[{""score"": ""1 - 0"", ""pct"": 12.5}, {""score"": ""1 - 1"", ""pct"": 10.780000000000001}, {""score"": ""2 - 1"", ""pct"": 10.15}]"
England,Colombia,Neutral,1.297,1.171,39.3,28.4,32.2,38.6,6.2,8.9,32.8,5.7,7.9,53.7,46.3,"[{""score"": ""1 - 1"", ""pct"": 12.8}, {""score"": ""1 - 0"", ""pct"": 11.63}, {""score"": ""0 - 1"", ""pct"": 9.44}]"
England,Portugal,Neutral,1.311,1.153,39.4,29.3,31.3,38.3,6.5,8.6,33.0,5.8,7.8,53.4,46.6,"[{""score"": ""1 - 1"", ""pct"": 13.05}, {""score"": ""1 - 0"", ""pct"": 11.39}, {""score"": ""0 - 0"", ""pct"": 10.059999999999999}]"
Uzbekistan,Saudi Arabia,Neutral,1.58,0.99,51.2,26.3,22.5,51.5,7.8,8.1,22.4,4.2,5.9,67.5,32.5,"[{""score"": ""1 - 0"", ""pct"": 12.55}, {""score"": ""1 - 1"", ""pct"": 11.64}, {""score"": ""2 - 1"", ""pct"": 9.520000000000001}]"
Uzbekistan,England,Neutral,0.884,1.579,19.4,25.9,54.7,19.6,3.9,5.8,54.1,7.6,9.1,29.3,70.7,"[{""score"": ""0 - 1"", ""pct"": 14.19}, {""score"": ""1 - 1"", ""pct"": 11.53}, {""score"": ""0 - 2"", ""pct"": 10.7}]"
Uzbekistan,Austria,Neutral,1.219,1.139,38.2,29.7,32.1,37.9,6.4,8.5,32.9,5.9,8.5,52.7,47.3,"[{""score"": ""1 - 1"", ""pct"": 13.55}, {""score"": ""1 - 0"", ""pct"": 11.83}, {""score"": ""0 - 0"", ""pct"": 10.57}]"
Uzbekistan,Turkey,Neutral,1.088,1.311,30.8,28.0,41.2,29.9,5.6,8.0,40.6,6.4,9.6,43.4,56.6,"[{""score"": ""1 - 1"", ""pct"": 12.690000000000001}, {""score"": ""0 - 1"", ""pct"": 11.899999999999999}, {""score"": ""0 - 0"", ""pct"": 9.9}]"
Uzbekistan,Morocco,Neutral,0.981,1.469,24.2,27.0,48.8,24.2,4.5,6.4,47.8,7.0,10.1,35.2,64.8,"[{""score"": ""0 - 1"", ""pct"": 13.100000000000001}, {""score"": ""1 - 1"", ""pct"": 12.24}, {""score"": ""0 - 2"", ""pct"": 9.43}]"
Uzbekistan,DR Congo,Neutral,1.306,0.957,43.8,29.9,26.3,44.2,6.6,10.9,25.9,5.0,7.4,61.7,38.3,"[{""score"": ""1 - 1"", ""pct"": 13.719999999999999}, {""score"": ""1 - 0"", ""pct"": 13.420000000000002}, {""score"": ""0 - 0"", ""pct"": 11.58}]"
Uzbekistan,Japan,Neutral,0.965,1.457,23.6,28.3,48.1,23.7,4.3,6.6,48.7,7.0,9.7,34.6,65.4,"[{""score"": ""0 - 1"", ""pct"": 13.08}, {""score"": ""1 - 1"", ""pct"": 12.389999999999999}, {""score"": ""0 - 0"", ""pct"": 10.27}]"
Uzbekistan,Canada,Neutral,1.086,1.197,31.2,30.8,38.0,31.3,5.8,8.7,38.1,6.4,9.6,45.9,54.1,"[{""score"": ""1 - 1"", ""pct"": 14.180000000000001}, {""score"": ""0 - 1"", ""pct"": 11.92}, {""score"": ""0 - 0"", ""pct"": 11.39}]"
Uzbekistan,Argentina,Neutral,0.711,1.717,13.8,24.3,62.0,14.0,2.9,3.9,62.1,7.8,9.3,20.8,79.2,"[{""score"": ""0 - 1"", ""pct"": 16.16}, {""score"": ""0 - 2"", ""pct"": 12.75}, {""score"": ""1 - 1"", ""pct"": 10.96}]"
Uzbekistan,Tunisia,Neutral,1.396,1.001,46.1,28.6,25.3,45.8,7.3,9.4,25.7,5.0,6.8,62.5,37.5,"[{""score"": ""1 - 0"", ""pct"": 13.23}, {""score"": ""1 - 1"", ""pct"": 12.65}, {""score"": ""0 - 0"", ""pct"": 10.209999999999999}]"
Uzbekistan,Brazil,Neutral,1.028,1.635,22.7,25.7,51.6,22.4,4.3,5.4,51.9,7.2,8.8,32.1,67.9,"[{""score"": ""0 - 1"", ""pct"": 11.76}, {""score"": ""1 - 1"", ""pct"": 11.39}, {""score"": ""1 - 2"", ""pct"": 9.66}]"
Uzbekistan,Iraq,Neutral,1.365,0.971,45.7,29.0,25.3,45.7,7.2,9.6,25.4,4.7,7.3,62.5,37.5,"[{""score"": ""1 - 1"", ""pct"": 13.489999999999998}, {""score"": ""1 - 0"", ""pct"": 13.469999999999999}, {""score"": ""0 - 0"", ""pct"": 10.43}]"
Uzbekistan,Sweden,Neutral,1.685,1.045,52.8,24.9,22.3,51.4,7.2,9.0,22.7,4.2,5.5,67.6,32.4,"[{""score"": ""1 - 0"", ""pct"": 11.78}, {""score"": ""1 - 1"", ""pct"": 11.200000000000001}, {""score"": ""2 - 1"", ""pct"": 10.47}]"
Uzbekistan,Senegal,Neutral,1.136,1.319,31.4,28.5,40.1,30.9,5.4,8.0,40.6,6.5,8.6,44.3,55.7,"[{""score"": ""1 - 1"", ""pct"": 12.98}, {""score"": ""0 - 1"", ""pct"": 11.37}, {""score"": ""1 - 0"", ""pct"": 10.08}]"
Uzbekistan,Spain,Neutral,0.755,1.729,15.3,24.0,60.7,14.4,2.9,4.3,61.1,7.9,9.4,21.6,78.4,"[{""score"": ""0 - 1"", ""pct"": 14.729999999999999}, {""score"": ""0 - 2"", ""pct"": 12.629999999999999}, {""score"": ""1 - 1"", ""pct"": 10.67}]"
Uzbekistan,Paraguay,Neutral,1.149,1.25,32.6,29.2,38.2,33.5,5.5,8.0,37.8,6.4,8.7,47.0,53.0,"[{""score"": ""1 - 1"", ""pct"": 13.69}, {""score"": ""0 - 1"", ""pct"": 11.85}, {""score"": ""1 - 0"", ""pct"": 10.56}]"
Uzbekistan,New Zealand,Neutral,1.594,0.998,50.7,26.5,22.8,50.8,7.5,9.2,22.9,4.0,5.5,67.5,32.4,"[{""score"": ""1 - 0"", ""pct"": 12.540000000000001}, {""score"": ""1 - 1"", ""pct"": 12.120000000000001}, {""score"": ""2 - 1"", ""pct"": 9.87}]"
Uzbekistan,Qatar,Neutral,1.987,0.691,67.7,21.2,11.2,68.5,7.1,8.4,11.2,2.1,2.6,84.1,15.9,"[{""score"": ""1 - 0"", ""pct"": 14.19}, {""score"": ""2 - 0"", ""pct"": 12.8}, {""score"": ""2 - 1"", ""pct"": 9.62}]"
Uzbekistan,Norway,Neutral,1.101,1.341,30.3,28.0,41.7,29.6,5.6,7.5,40.8,7.3,9.2,42.7,57.3,"[{""score"": ""0 - 1"", ""pct"": 12.3}, {""score"": ""1 - 1"", ""pct"": 11.97}, {""score"": ""1 - 0"", ""pct"": 9.83}]"
Uzbekistan,Bosnia and Herzegovina,Neutral,1.81,0.775,63.0,22.7,14.4,61.9,7.9,8.7,14.5,2.9,4.0,78.5,21.5,"[{""score"": ""1 - 0"", ""pct"": 14.719999999999999}, {""score"": ""2 - 0"", ""pct"": 12.27}, {""score"": ""1 - 1"", ""pct"": 10.33}]"
Uzbekistan,Curaçao,Neutral,1.845,0.794,62.6,22.6,14.8,61.9,7.8,8.6,15.0,2.8,4.0,78.2,21.8,"[{""score"": ""1 - 0"", ""pct"": 13.25}, {""score"": ""2 - 0"", ""pct"": 12.09}, {""score"": ""1 - 1"", ""pct"": 10.13}]"
Uzbekistan,Belgium,Neutral,1.1,1.337,29.6,28.6,41.8,29.2,5.2,7.0,42.3,7.3,9.0,41.5,58.6,"[{""score"": ""1 - 1"", ""pct"": 13.170000000000002}, {""score"": ""0 - 1"", ""pct"": 11.68}, {""score"": ""0 - 0"", ""pct"": 9.94}]"
Uzbekistan,Switzerland,Neutral,1.149,1.329,31.4,28.1,40.6,31.1,5.6,7.3,40.7,6.9,8.5,43.9,56.1,"[{""score"": ""1 - 1"", ""pct"": 12.920000000000002}, {""score"": ""0 - 1"", ""pct"": 11.26}, {""score"": ""1 - 0"", ""pct"": 9.64}]"
Uzbekistan,Germany,Neutral,1.03,1.472,25.4,27.0,47.6,26.3,4.8,6.9,46.5,6.8,8.8,37.9,62.1,"[{""score"": ""0 - 1"", ""pct"": 12.839999999999998}, {""score"": ""1 - 1"", ""pct"": 12.53}, {""score"": ""1 - 2"", ""pct"": 9.36}]"
Uzbekistan,Egypt,Neutral,1.3,1.011,42.8,29.3,28.0,42.2,6.6,9.7,28.7,5.3,7.4,58.5,41.5,"[{""score"": ""1 - 0"", ""pct"": 13.38}, {""score"": ""1 - 1"", ""pct"": 13.0}, {""score"": ""0 - 0"", ""pct"": 10.85}]"
Uzbekistan,Jordan,Neutral,1.406,1.121,42.2,28.9,28.9,43.1,7.0,8.5,28.8,5.5,7.1,58.6,41.4,"[{""score"": ""1 - 1"", ""pct"": 12.94}, {""score"": ""1 - 0"", ""pct"": 11.48}, {""score"": ""0 - 0"", ""pct"": 9.39}]"
Uzbekistan,South Africa,Neutral,1.622,0.89,54.3,26.3,19.3,55.5,7.3,9.0,19.6,3.9,4.8,71.8,28.2,"[{""score"": ""1 - 0"", ""pct"": 13.73}, {""score"": ""1 - 1"", ""pct"": 11.469999999999999}, {""score"": ""2 - 0"", ""pct"": 10.24}]"
Uzbekistan,Croatia,Neutral,1.078,1.436,27.8,27.5,44.7,27.7,4.8,6.9,44.8,7.0,8.8,39.4,60.6,"[{""score"": ""1 - 1"", ""pct"": 12.950000000000001}, {""score"": ""0 - 1"", ""pct"": 11.15}, {""score"": ""1 - 2"", ""pct"": 9.34}]"
Uzbekistan,Haiti,Neutral,1.446,1.028,46.1,28.3,25.6,46.1,7.0,9.3,26.6,4.6,6.4,62.5,37.5,"[{""score"": ""1 - 1"", ""pct"": 12.98}, {""score"": ""1 - 0"", ""pct"": 11.42}, {""score"": ""0 - 0"", ""pct"": 9.54}]"
Uzbekistan,United States,Neutral,1.37,1.168,41.3,28.0,30.7,40.4,7.3,8.0,31.6,5.6,7.1,55.7,44.3,"[{""score"": ""1 - 1"", ""pct"": 12.44}, {""score"": ""1 - 0"", ""pct"": 11.700000000000001}, {""score"": ""0 - 0"", ""pct"": 9.29}]"
Uzbekistan,Uruguay,Neutral,1.047,1.382,27.0,28.5,44.6,27.7,5.1,7.3,43.9,7.2,8.7,40.1,59.9,"[{""score"": ""1 - 1"", ""pct"": 13.239999999999998}, {""score"": ""0 - 1"", ""pct"": 12.370000000000001}, {""score"": ""0 - 0"", ""pct"": 9.55}]"
Uzbekistan,South Korea,Neutral,1.126,1.307,31.1,28.7,40.1,31.3,5.4,7.3,40.4,6.7,8.9,44.0,56.0,"[{""score"": ""1 - 1"", ""pct"": 13.0}, {""score"": ""0 - 1"", ""pct"": 11.61}, {""score"": ""1 - 0"", ""pct"": 10.280000000000001}]"
Uzbekistan,Australia,Neutral,1.058,1.311,29.6,29.0,41.4,28.7,5.1,7.8,42.4,6.9,9.2,41.5,58.5,"[{""score"": ""1 - 1"", ""pct"": 13.44}, {""score"": ""0 - 1"", ""pct"": 12.35}, {""score"": ""1 - 0"", ""pct"": 10.0}]"
Uzbekistan,Czech Republic,Neutral,1.466,1.031,47.4,27.2,25.4,47.3,6.4,9.1,26.3,4.3,6.7,62.7,37.3,"[{""score"": ""1 - 0"", ""pct"": 12.740000000000002}, {""score"": ""1 - 1"", ""pct"": 11.84}, {""score"": ""0 - 0"", ""pct"": 9.09}]"
Uzbekistan,Cape Verde,Neutral,1.694,0.883,56.5,24.6,18.9,56.5,7.6,9.0,18.5,3.6,4.8,73.1,26.9,"[{""score"": ""1 - 0"", ""pct"": 12.959999999999999}, {""score"": ""2 - 0"", ""pct"": 11.0}, {""score"": ""1 - 1"", ""pct"": 10.75}]"
Uzbekistan,Ghana,Neutral,1.732,0.839,59.5,24.1,16.4,58.9,7.4,9.1,16.5,3.4,4.8,75.3,24.7,"[{""score"": ""1 - 0"", ""pct"": 13.639999999999999}, {""score"": ""2 - 0"", ""pct"": 11.17}, {""score"": ""1 - 1"", ""pct"": 11.110000000000001}]"
Uzbekistan,Netherlands,Neutral,1.028,1.439,26.3,27.6,46.1,26.2,4.7,6.7,45.9,6.9,9.6,37.6,62.3,"[{""score"": ""1 - 1"", ""pct"": 12.659999999999998}, {""score"": ""0 - 1"", ""pct"": 12.64}, {""score"": ""0 - 0"", ""pct"": 9.180000000000001}]"
Uzbekistan,Ivory Coast,Neutral,1.243,1.113,38.1,30.1,31.8,39.6,6.3,8.6,31.8,5.5,8.0,54.6,45.3,"[{""score"": ""1 - 1"", ""pct"": 13.139999999999999}, {""score"": ""1 - 0"", ""pct"": 12.2}, {""score"": ""0 - 0"", ""pct"": 10.84}]"
Uzbekistan,Scotland,Neutral,1.351,1.128,40.6,28.6,30.8,41.5,6.4,8.5,30.7,5.2,7.5,56.5,43.5,"[{""score"": ""1 - 1"", ""pct"": 12.67}, {""score"": ""1 - 0"", ""pct"": 11.0}, {""score"": ""0 - 0"", ""pct"": 9.39}]"
Uzbekistan,Ecuador,Neutral,1.0,1.393,26.2,28.0,45.8,25.7,4.6,6.7,46.2,7.3,9.4,37.0,63.0,"[{""score"": ""0 - 1"", ""pct"": 13.819999999999999}, {""score"": ""1 - 1"", ""pct"": 12.659999999999998}, {""score"": ""0 - 0"", ""pct"": 9.969999999999999}]"
Uzbekistan,Iran,Neutral,1.086,1.316,29.8,28.5,41.6,29.4,5.6,7.8,41.3,7.0,8.9,42.8,57.2,"[{""score"": ""1 - 1"", ""pct"": 12.76}, {""score"": ""0 - 1"", ""pct"": 12.3}, {""score"": ""1 - 0"", ""pct"": 10.0}]"
Uzbekistan,Mexico,Neutral,0.966,1.371,25.6,29.3,45.1,25.6,4.5,7.1,45.4,7.3,10.1,37.2,62.8,"[{""score"": ""0 - 1"", ""pct"": 13.170000000000002}, {""score"": ""1 - 1"", ""pct"": 12.879999999999999}, {""score"": ""0 - 0"", ""pct"": 11.07}]"
Uzbekistan,France,Neutral,0.937,1.654,20.5,25.5,54.0,20.0,3.6,5.0,54.1,7.4,9.8,28.7,71.3,"[{""score"": ""0 - 1"", ""pct"": 12.07}, {""score"": ""1 - 1"", ""pct"": 11.72}, {""score"": ""0 - 2"", ""pct"": 9.94}]"
Uzbekistan,Algeria,Neutral,1.072,1.257,29.8,30.3,39.9,31.0,5.9,8.0,39.0,6.4,9.7,44.9,55.1,"[{""score"": ""1 - 1"", ""pct"": 13.25}, {""score"": ""0 - 1"", ""pct"": 12.42}, {""score"": ""0 - 0"", ""pct"": 11.219999999999999}]"
Uzbekistan,Panama,Neutral,1.275,1.218,37.2,28.4,34.4,37.6,6.5,8.3,33.8,5.9,8.0,52.4,47.6,"[{""score"": ""1 - 1"", ""pct"": 12.65}, {""score"": ""1 - 0"", ""pct"": 10.84}, {""score"": ""0 - 1"", ""pct"": 9.89}]"
Uzbekistan,Colombia,Neutral,1.028,1.572,23.2,26.6,50.3,23.4,4.6,5.9,50.1,7.1,8.9,33.9,66.1,"[{""score"": ""0 - 1"", ""pct"": 12.790000000000001}, {""score"": ""1 - 1"", ""pct"": 12.04}, {""score"": ""1 - 2"", ""pct"": 8.95}]"
Uzbekistan,Portugal,Neutral,1.04,1.536,24.0,26.9,49.1,24.9,4.4,6.0,48.7,7.1,8.9,35.3,64.7,"[{""score"": ""1 - 1"", ""pct"": 12.09}, {""score"": ""0 - 1"", ""pct"": 11.799999999999999}, {""score"": ""1 - 2"", ""pct"": 9.6}]"
Austria,Saudi Arabia,Neutral,1.534,0.956,50.8,26.9,22.2,50.7,7.6,9.3,22.1,4.3,6.0,67.6,32.4,"[{""score"": ""1 - 0"", ""pct"": 13.139999999999999}, {""score"": ""1 - 1"", ""pct"": 11.89}, {""score"": ""2 - 1"", ""pct"": 9.81}]"
Austria,England,Neutral,0.9,1.614,20.3,26.1,53.7,19.7,3.7,5.5,53.8,7.8,9.6,28.8,71.2,"[{""score"": ""0 - 1"", ""pct"": 13.56}, {""score"": ""1 - 1"", ""pct"": 11.77}, {""score"": ""0 - 2"", ""pct"": 9.84}]"
Austria,Uzbekistan,Neutral,1.139,1.219,33.7,29.0,37.3,32.6,5.9,8.0,38.2,6.2,9.2,46.4,53.5,"[{""score"": ""1 - 1"", ""pct"": 12.989999999999998}, {""score"": ""0 - 1"", ""pct"": 11.219999999999999}, {""score"": ""1 - 0"", ""pct"": 10.47}]"
Austria,Turkey,Neutral,1.044,1.432,27.7,27.8,44.5,25.8,5.0,6.9,45.3,7.5,9.4,37.8,62.2,"[{""score"": ""1 - 1"", ""pct"": 12.370000000000001}, {""score"": ""0 - 1"", ""pct"": 11.52}, {""score"": ""0 - 0"", ""pct"": 9.47}]"
Austria,Morocco,Neutral,1.002,1.562,23.4,25.0,51.6,24.2,4.0,5.6,50.2,7.0,8.9,33.9,66.1,"[{""score"": ""0 - 1"", ""pct"": 12.55}, {""score"": ""1 - 1"", ""pct"": 11.06}, {""score"": ""1 - 2"", ""pct"": 10.07}]"
Austria,DR Congo,Neutral,1.233,0.97,41.7,30.0,28.3,42.7,6.8,9.6,27.4,5.6,7.9,59.1,40.9,"[{""score"": ""1 - 0"", ""pct"": 13.669999999999998}, {""score"": ""1 - 1"", ""pct"": 12.989999999999998}, {""score"": ""0 - 0"", ""pct"": 12.24}]"
Austria,Japan,Neutral,0.997,1.561,23.4,26.9,49.7,22.1,4.3,5.8,51.0,7.4,9.3,32.3,67.7,"[{""score"": ""0 - 1"", ""pct"": 12.22}, {""score"": ""1 - 1"", ""pct"": 12.19}, {""score"": ""1 - 2"", ""pct"": 9.15}]"
Austria,Canada,Neutral,1.065,1.229,31.2,29.9,38.9,31.3,5.7,8.2,39.1,6.4,9.4,45.1,54.9,"[{""score"": ""1 - 1"", ""pct"": 13.489999999999998}, {""score"": ""0 - 1"", ""pct"": 12.18}, {""score"": ""0 - 0"", ""pct"": 11.08}]"
Austria,Argentina,Neutral,0.754,1.705,15.3,25.2,59.5,14.8,3.0,4.2,60.2,7.5,10.3,22.0,78.0,"[{""score"": ""0 - 1"", ""pct"": 15.25}, {""score"": ""0 - 2"", ""pct"": 12.2}, {""score"": ""1 - 1"", ""pct"": 11.14}]"
Austria,Tunisia,Neutral,1.418,0.988,46.6,28.1,25.3,46.3,6.9,10.1,25.7,4.6,6.4,63.3,36.7,"[{""score"": ""1 - 0"", ""pct"": 13.29}, {""score"": ""1 - 1"", ""pct"": 12.34}, {""score"": ""0 - 0"", ""pct"": 9.84}]"
Austria,Brazil,Neutral,0.988,1.685,20.2,25.0,54.8,20.5,4.0,5.1,54.1,7.2,9.1,29.6,70.4,"[{""score"": ""0 - 1"", ""pct"": 12.44}, {""score"": ""1 - 1"", ""pct"": 11.67}, {""score"": ""1 - 2"", ""pct"": 10.34}]"
Austria,Iraq,Neutral,1.404,0.956,46.6,28.5,24.9,47.2,7.0,10.5,23.8,4.6,6.8,64.8,35.2,"[{""score"": ""1 - 0"", ""pct"": 14.23}, {""score"": ""1 - 1"", ""pct"": 12.9}, {""score"": ""0 - 0"", ""pct"": 10.25}]"
Austria,Sweden,Neutral,1.591,1.029,50.2,25.7,24.1,50.0,7.3,8.6,23.5,4.7,5.9,65.9,34.1,"[{""score"": ""1 - 0"", ""pct"": 11.95}, {""score"": ""1 - 1"", ""pct"": 11.899999999999999}, {""score"": ""2 - 1"", ""pct"": 9.48}]"
Austria,Senegal,Neutral,1.08,1.42,27.5,27.8,44.7,27.8,5.1,6.8,44.1,7.1,9.2,39.6,60.4,"[{""score"": ""1 - 1"", ""pct"": 12.709999999999999}, {""score"": ""0 - 1"", ""pct"": 11.709999999999999}, {""score"": ""1 - 2"", ""pct"": 9.520000000000001}]"
Austria,Spain,Neutral,0.805,1.712,16.2,24.9,59.0,15.4,3.1,5.0,59.6,7.0,9.8,23.6,76.4,"[{""score"": ""0 - 1"", ""pct"": 14.75}, {""score"": ""0 - 2"", ""pct"": 11.66}, {""score"": ""1 - 1"", ""pct"": 11.5}]"
Austria,Paraguay,Neutral,1.087,1.341,29.2,28.7,42.1,29.0,5.7,7.1,42.1,6.9,9.2,41.8,58.2,"[{""score"": ""1 - 1"", ""pct"": 12.82}, {""score"": ""0 - 1"", ""pct"": 11.86}, {""score"": ""0 - 0"", ""pct"": 10.040000000000001}]"
Austria,New Zealand,Neutral,1.556,0.974,49.5,27.2,23.3,50.3,7.6,9.2,22.6,4.7,5.8,67.0,33.0,"[{""score"": ""1 - 1"", ""pct"": 12.47}, {""score"": ""1 - 0"", ""pct"": 12.18}, {""score"": ""2 - 1"", ""pct"": 9.28}]"
Austria,Qatar,Neutral,1.936,0.739,66.0,22.1,11.9,66.0,7.1,8.5,13.1,2.4,3.0,81.6,18.4,"[{""score"": ""1 - 0"", ""pct"": 14.37}, {""score"": ""2 - 0"", ""pct"": 13.19}, {""score"": ""1 - 1"", ""pct"": 10.4}]"
Austria,Norway,Neutral,1.055,1.427,26.2,27.7,46.1,27.1,4.7,7.1,45.6,6.5,9.0,38.9,61.1,"[{""score"": ""1 - 1"", ""pct"": 12.67}, {""score"": ""0 - 1"", ""pct"": 11.899999999999999}, {""score"": ""1 - 2"", ""pct"": 9.27}]"
Austria,Bosnia and Herzegovina,Neutral,1.85,0.824,62.2,22.9,14.9,61.3,7.7,9.0,15.0,3.1,3.8,78.0,21.9,"[{""score"": ""1 - 0"", ""pct"": 13.350000000000001}, {""score"": ""2 - 0"", ""pct"": 11.92}, {""score"": ""1 - 1"", ""pct"": 10.75}]"
Austria,Curaçao,Neutral,1.834,0.861,60.5,23.3,16.2,60.5,7.9,8.5,16.0,3.1,4.0,76.9,23.1,"[{""score"": ""1 - 0"", ""pct"": 13.26}, {""score"": ""2 - 0"", ""pct"": 11.23}, {""score"": ""1 - 1"", ""pct"": 10.36}]"
Austria,Belgium,Neutral,1.052,1.429,27.1,27.6,45.3,27.7,4.6,6.7,45.3,6.9,8.8,39.0,61.0,"[{""score"": ""0 - 1"", ""pct"": 12.55}, {""score"": ""1 - 1"", ""pct"": 12.44}, {""score"": ""0 - 0"", ""pct"": 9.43}]"
Austria,Switzerland,Neutral,1.076,1.436,27.0,27.4,45.5,27.4,5.4,7.0,44.8,6.7,8.7,39.8,60.2,"[{""score"": ""1 - 1"", ""pct"": 12.23}, {""score"": ""0 - 1"", ""pct"": 11.99}, {""score"": ""1 - 2"", ""pct"": 9.629999999999999}]"
Austria,Germany,Neutral,1.04,1.464,26.3,27.3,46.4,25.5,5.0,6.5,47.0,6.7,9.4,36.9,63.1,"[{""score"": ""0 - 1"", ""pct"": 12.740000000000002}, {""score"": ""1 - 1"", ""pct"": 12.25}, {""score"": ""0 - 0"", ""pct"": 9.11}]"
Austria,Egypt,Neutral,1.222,1.05,40.2,30.6,29.1,39.5,6.3,9.6,30.1,5.7,8.7,55.5,44.5,"[{""score"": ""1 - 1"", ""pct"": 13.350000000000001}, {""score"": ""1 - 0"", ""pct"": 13.15}, {""score"": ""0 - 0"", ""pct"": 11.81}]"
Austria,Jordan,Neutral,1.364,1.154,41.3,27.9,30.8,40.9,6.6,8.7,30.9,5.5,7.4,56.2,43.8,"[{""score"": ""1 - 1"", ""pct"": 12.24}, {""score"": ""1 - 0"", ""pct"": 10.99}, {""score"": ""0 - 1"", ""pct"": 9.35}]"
Austria,South Africa,Neutral,1.597,0.945,52.9,26.4,20.7,52.8,7.6,9.4,21.4,3.8,5.0,69.8,30.2,"[{""score"": ""1 - 0"", ""pct"": 13.639999999999999}, {""score"": ""1 - 1"", ""pct"": 11.75}, {""score"": ""2 - 1"", ""pct"": 9.950000000000001}]"
Austria,Croatia,Neutral,1.085,1.422,27.7,28.0,44.3,27.4,5.1,7.0,44.4,7.2,8.8,39.6,60.4,"[{""score"": ""1 - 1"", ""pct"": 12.770000000000001}, {""score"": ""0 - 1"", ""pct"": 11.87}, {""score"": ""0 - 0"", ""pct"": 9.29}]"
Austria,Haiti,Neutral,1.45,1.014,46.9,27.0,26.1,47.2,6.7,9.3,25.3,4.9,6.6,63.2,36.8,"[{""score"": ""1 - 1"", ""pct"": 12.520000000000001}, {""score"": ""1 - 0"", ""pct"": 12.44}, {""score"": ""2 - 1"", ""pct"": 9.07}]"
Austria,United States,Neutral,1.302,1.2,37.7,28.8,33.5,38.9,6.3,8.7,33.0,5.7,7.5,53.8,46.2,"[{""score"": ""1 - 1"", ""pct"": 12.68}, {""score"": ""1 - 0"", ""pct"": 10.620000000000001}, {""score"": ""0 - 1"", ""pct"": 10.280000000000001}]"
Austria,Uruguay,Neutral,1.056,1.406,27.6,27.8,44.5,27.4,5.0,7.1,44.2,7.0,9.2,39.6,60.4,"[{""score"": ""1 - 1"", ""pct"": 12.41}, {""score"": ""0 - 1"", ""pct"": 12.389999999999999}, {""score"": ""0 - 0"", ""pct"": 9.69}]"
Austria,South Korea,Neutral,1.081,1.421,27.7,28.3,44.0,27.9,5.0,6.8,44.8,6.6,8.9,39.7,60.3,"[{""score"": ""1 - 1"", ""pct"": 12.61}, {""score"": ""0 - 1"", ""pct"": 11.86}, {""score"": ""0 - 0"", ""pct"": 9.36}]"
Austria,Australia,Neutral,1.047,1.382,27.5,27.9,44.6,27.5,5.0,7.2,43.7,7.3,9.3,39.7,60.3,"[{""score"": ""1 - 1"", ""pct"": 12.590000000000002}, {""score"": ""0 - 1"", ""pct"": 12.33}, {""score"": ""0 - 0"", ""pct"": 9.34}]"
Austria,Czech Republic,Neutral,1.406,1.066,44.5,27.6,27.9,44.3,6.9,9.7,27.2,4.9,7.0,60.9,39.1,"[{""score"": ""1 - 1"", ""pct"": 12.3}, {""score"": ""1 - 0"", ""pct"": 12.29}, {""score"": ""0 - 0"", ""pct"": 9.15}]"
Austria,Cape Verde,Neutral,1.684,0.879,56.6,24.8,18.6,55.9,7.8,9.3,17.9,3.9,5.2,73.0,27.0,"[{""score"": ""1 - 0"", ""pct"": 13.48}, {""score"": ""1 - 1"", ""pct"": 10.870000000000001}, {""score"": ""2 - 0"", ""pct"": 10.38}]"
Austria,Ghana,Neutral,1.701,0.839,57.7,25.3,17.0,58.4,7.5,9.5,16.6,3.4,4.6,75.4,24.6,"[{""score"": ""1 - 0"", ""pct"": 13.83}, {""score"": ""1 - 1"", ""pct"": 11.92}, {""score"": ""2 - 0"", ""pct"": 10.95}]"
Austria,Netherlands,Neutral,1.044,1.452,26.7,27.2,46.1,26.6,4.6,6.0,46.2,7.1,9.5,37.1,62.9,"[{""score"": ""0 - 1"", ""pct"": 12.58}, {""score"": ""1 - 1"", ""pct"": 12.08}, {""score"": ""1 - 2"", ""pct"": 9.2}]"
Austria,Ivory Coast,Neutral,1.249,1.136,38.8,28.6,32.6,38.1,6.2,9.0,33.0,5.5,8.2,53.3,46.7,"[{""score"": ""1 - 1"", ""pct"": 12.540000000000001}, {""score"": ""1 - 0"", ""pct"": 11.52}, {""score"": ""0 - 1"", ""pct"": 10.36}]"
Austria,Scotland,Neutral,1.357,1.157,40.7,28.7,30.6,40.9,6.9,9.0,30.7,5.1,7.4,56.8,43.2,"[{""score"": ""1 - 1"", ""pct"": 12.690000000000001}, {""score"": ""1 - 0"", ""pct"": 10.76}, {""score"": ""0 - 0"", ""pct"": 9.56}]"
Austria,Ecuador,Neutral,1.021,1.456,25.2,27.5,47.3,25.6,4.9,6.8,46.7,6.9,9.1,37.3,62.7,"[{""score"": ""0 - 1"", ""pct"": 12.86}, {""score"": ""1 - 1"", ""pct"": 12.09}, {""score"": ""0 - 0"", ""pct"": 9.58}]"
Austria,Iran,Neutral,1.049,1.416,26.1,27.7,46.2,26.9,4.7,7.0,45.2,6.7,9.4,38.6,61.4,"[{""score"": ""1 - 1"", ""pct"": 12.870000000000001}, {""score"": ""0 - 1"", ""pct"": 12.280000000000001}, {""score"": ""0 - 0"", ""pct"": 9.56}]"
Austria,Mexico,Neutral,0.997,1.417,25.4,28.0,46.7,25.0,4.7,7.2,46.3,6.7,10.1,36.8,63.2,"[{""score"": ""0 - 1"", ""pct"": 12.86}, {""score"": ""1 - 1"", ""pct"": 12.32}, {""score"": ""0 - 0"", ""pct"": 9.99}]"
Austria,France,Neutral,0.865,1.638,18.0,26.9,55.1,18.9,3.7,4.8,55.5,7.6,9.6,27.3,72.7,"[{""score"": ""0 - 1"", ""pct"": 13.76}, {""score"": ""1 - 1"", ""pct"": 12.33}, {""score"": ""0 - 2"", ""pct"": 10.280000000000001}]"
Austria,Algeria,Neutral,1.056,1.299,28.8,29.1,42.1,28.5,5.7,7.2,42.1,7.0,9.4,41.5,58.5,"[{""score"": ""1 - 1"", ""pct"": 13.16}, {""score"": ""0 - 1"", ""pct"": 12.7}, {""score"": ""0 - 0"", ""pct"": 10.22}]"
Austria,Panama,Neutral,1.252,1.261,35.5,28.4,36.0,35.2,6.2,8.3,35.6,6.2,8.5,49.7,50.3,"[{""score"": ""1 - 1"", ""pct"": 12.91}, {""score"": ""0 - 1"", ""pct"": 10.02}, {""score"": ""1 - 0"", ""pct"": 9.89}]"
Austria,Colombia,Neutral,0.959,1.629,21.5,25.9,52.7,21.0,4.2,5.2,52.9,7.7,9.0,30.4,69.6,"[{""score"": ""0 - 1"", ""pct"": 12.520000000000001}, {""score"": ""1 - 1"", ""pct"": 11.73}, {""score"": ""1 - 2"", ""pct"": 9.58}]"
Austria,Portugal,Neutral,0.976,1.584,21.8,26.8,51.3,22.6,4.0,5.4,51.1,7.5,9.4,32.0,68.0,"[{""score"": ""0 - 1"", ""pct"": 12.870000000000001}, {""score"": ""1 - 1"", ""pct"": 11.85}, {""score"": ""0 - 2"", ""pct"": 9.54}]"
Turkey,Saudi Arabia,Neutral,1.768,0.876,58.4,24.7,17.0,59.0,7.8,8.6,16.8,3.3,4.5,75.4,24.6,"[{""score"": ""1 - 0"", ""pct"": 12.86}, {""score"": ""1 - 1"", ""pct"": 10.99}, {""score"": ""2 - 0"", ""pct"": 10.76}]"
Turkey,England,Neutral,1.027,1.518,24.9,25.8,49.2,24.9,4.3,6.4,47.8,7.4,9.3,35.6,64.4,"[{""score"": ""0 - 1"", ""pct"": 12.34}, {""score"": ""1 - 1"", ""pct"": 11.32}, {""score"": ""1 - 2"", ""pct"": 9.75}]"
Turkey,Uzbekistan,Neutral,1.311,1.088,40.9,29.5,29.6,40.9,6.6,9.0,30.6,5.3,7.7,56.5,43.5,"[{""score"": ""1 - 1"", ""pct"": 12.809999999999999}, {""score"": ""1 - 0"", ""pct"": 12.030000000000001}, {""score"": ""0 - 0"", ""pct"": 10.7}]"
Turkey,Austria,Neutral,1.432,1.044,46.0,28.7,25.3,45.4,7.0,8.5,26.9,4.9,7.3,61.0,39.0,"[{""score"": ""1 - 1"", ""pct"": 13.059999999999999}, {""score"": ""1 - 0"", ""pct"": 12.49}, {""score"": ""0 - 0"", ""pct"": 10.040000000000001}]"
Turkey,Morocco,Neutral,1.081,1.451,27.5,28.2,44.3,27.4,5.2,6.8,44.5,7.0,9.1,39.4,60.6,"[{""score"": ""1 - 1"", ""pct"": 12.64}, {""score"": ""0 - 1"", ""pct"": 11.44}, {""score"": ""1 - 0"", ""pct"": 9.139999999999999}]"
Turkey,DR Congo,Neutral,1.46,0.939,49.0,27.6,23.4,48.9,7.6,9.8,23.0,4.3,6.4,66.3,33.7,"[{""score"": ""1 - 0"", ""pct"": 13.489999999999998}, {""score"": ""1 - 1"", ""pct"": 12.04}, {""score"": ""0 - 0"", ""pct"": 9.8}]"
Turkey,Japan,Neutral,1.061,1.458,26.4,27.4,46.2,26.9,4.7,6.5,46.1,7.1,8.6,38.1,61.9,"[{""score"": ""1 - 1"", ""pct"": 12.36}, {""score"": ""0 - 1"", ""pct"": 11.790000000000001}, {""score"": ""1 - 2"", ""pct"": 9.11}]"
Turkey,Canada,Neutral,1.242,1.108,38.2,30.0,31.9,39.1,6.3,9.3,31.3,5.8,8.1,54.7,45.3,"[{""score"": ""1 - 1"", ""pct"": 13.56}, {""score"": ""1 - 0"", ""pct"": 12.26}, {""score"": ""0 - 1"", ""pct"": 10.66}]"
Turkey,Argentina,Neutral,0.875,1.71,18.1,25.0,56.9,18.1,3.7,4.7,57.1,7.8,8.6,26.5,73.5,"[{""score"": ""0 - 1"", ""pct"": 13.780000000000001}, {""score"": ""1 - 1"", ""pct"": 11.37}, {""score"": ""0 - 2"", ""pct"": 10.58}]"
Turkey,Tunisia,Neutral,1.574,0.972,50.7,26.7,22.6,51.7,7.1,9.6,21.8,4.1,5.6,68.4,31.6,"[{""score"": ""1 - 0"", ""pct"": 12.67}, {""score"": ""1 - 1"", ""pct"": 11.700000000000001}, {""score"": ""2 - 0"", ""pct"": 9.11}]"
Turkey,Brazil,Neutral,1.096,1.567,25.1,26.6,48.4,25.3,4.9,5.8,48.4,6.8,8.8,36.0,64.0,"[{""score"": ""1 - 1"", ""pct"": 11.81}, {""score"": ""0 - 1"", ""pct"": 11.49}, {""score"": ""1 - 2"", ""pct"": 9.55}]"
Turkey,Iraq,Neutral,1.559,0.939,52.2,26.1,21.6,51.6,7.2,9.3,21.8,4.4,5.7,68.1,31.9,"[{""score"": ""1 - 0"", ""pct"": 13.19}, {""score"": ""1 - 1"", ""pct"": 11.37}, {""score"": ""2 - 1"", ""pct"": 9.69}]"
Turkey,Sweden,Neutral,1.863,0.946,59.9,22.7,17.5,59.0,7.5,8.5,17.3,3.3,4.5,74.9,25.1,"[{""score"": ""1 - 0"", ""pct"": 11.83}, {""score"": ""2 - 0"", ""pct"": 10.73}, {""score"": ""1 - 1"", ""pct"": 10.52}]"
Turkey,Senegal,Neutral,1.267,1.239,35.4,29.3,35.3,36.3,6.2,8.2,35.2,5.6,8.6,50.6,49.3,"[{""score"": ""1 - 1"", ""pct"": 13.61}, {""score"": ""1 - 0"", ""pct"": 10.209999999999999}, {""score"": ""0 - 1"", ""pct"": 9.67}]"
Turkey,Spain,Neutral,0.91,1.729,18.3,24.3,57.4,19.3,3.4,5.2,55.6,7.8,8.7,27.9,72.1,"[{""score"": ""0 - 1"", ""pct"": 12.58}, {""score"": ""1 - 1"", ""pct"": 10.76}, {""score"": ""0 - 2"", ""pct"": 10.59}]"
Turkey,Paraguay,Neutral,1.304,1.15,39.6,29.2,31.2,39.5,6.5,8.7,31.9,5.8,7.6,54.7,45.3,"[{""score"": ""1 - 1"", ""pct"": 13.469999999999999}, {""score"": ""1 - 0"", ""pct"": 11.52}, {""score"": ""0 - 1"", ""pct"": 9.94}]"
Turkey,New Zealand,Neutral,1.777,0.892,58.7,23.8,17.5,58.3,7.6,8.4,17.6,3.3,4.9,74.2,25.8,"[{""score"": ""1 - 0"", ""pct"": 13.29}, {""score"": ""2 - 0"", ""pct"": 10.9}, {""score"": ""1 - 1"", ""pct"": 10.63}]"
Turkey,Qatar,Neutral,2.087,0.666,71.1,19.3,9.6,70.8,7.5,7.7,9.6,1.9,2.5,86.0,14.0,"[{""score"": ""1 - 0"", ""pct"": 13.950000000000001}, {""score"": ""2 - 0"", ""pct"": 13.76}, {""score"": ""2 - 1"", ""pct"": 9.379999999999999}]"
Turkey,Norway,Neutral,1.262,1.25,35.9,28.3,35.8,36.3,6.1,8.4,35.4,5.8,8.1,50.7,49.3,"[{""score"": ""1 - 1"", ""pct"": 12.509999999999998}, {""score"": ""1 - 0"", ""pct"": 10.299999999999999}, {""score"": ""0 - 1"", ""pct"": 10.26}]"
Turkey,Bosnia and Herzegovina,Neutral,1.969,0.684,67.8,20.8,11.3,68.2,7.5,8.6,10.7,2.0,3.0,84.3,15.7,"[{""score"": ""1 - 0"", ""pct"": 14.680000000000001}, {""score"": ""2 - 0"", ""pct"": 13.58}, {""score"": ""1 - 1"", ""pct"": 9.33}]"
Turkey,Curaçao,Neutral,1.969,0.704,67.8,21.2,11.1,67.1,7.6,8.4,11.4,2.3,3.2,83.2,16.8,"[{""score"": ""1 - 0"", ""pct"": 14.45}, {""score"": ""2 - 0"", ""pct"": 13.13}, {""score"": ""2 - 1"", ""pct"": 9.51}]"
Turkey,Belgium,Neutral,1.25,1.24,35.4,29.0,35.6,35.7,6.3,8.5,35.1,6.4,8.0,50.5,49.5,"[{""score"": ""1 - 1"", ""pct"": 13.22}, {""score"": ""0 - 1"", ""pct"": 10.24}, {""score"": ""1 - 0"", ""pct"": 9.91}]"
Turkey,Switzerland,Neutral,1.323,1.228,38.0,27.8,34.2,38.1,6.6,8.6,33.4,6.0,7.4,53.2,46.8,"[{""score"": ""1 - 1"", ""pct"": 12.94}, {""score"": ""1 - 0"", ""pct"": 10.08}, {""score"": ""0 - 1"", ""pct"": 9.84}]"
Turkey,Germany,Neutral,1.182,1.345,32.0,27.9,40.0,31.7,5.5,7.3,40.5,6.5,8.6,44.4,55.5,"[{""score"": ""1 - 1"", ""pct"": 12.389999999999999}, {""score"": ""0 - 1"", ""pct"": 11.12}, {""score"": ""1 - 0"", ""pct"": 9.520000000000001}]"
Turkey,Egypt,Neutral,1.419,0.998,46.7,28.4,24.9,45.6,7.3,9.7,25.6,5.0,6.7,62.6,37.4,"[{""score"": ""1 - 1"", ""pct"": 13.04}, {""score"": ""1 - 0"", ""pct"": 12.97}, {""score"": ""0 - 0"", ""pct"": 9.67}]"
Turkey,Jordan,Neutral,1.603,1.041,50.0,26.5,23.5,50.6,7.6,8.8,23.5,3.6,5.8,67.0,33.0,"[{""score"": ""1 - 0"", ""pct"": 12.02}, {""score"": ""1 - 1"", ""pct"": 11.91}, {""score"": ""2 - 1"", ""pct"": 8.88}]"
Turkey,South Africa,Neutral,1.733,0.779,60.0,25.1,14.8,60.2,7.4,9.2,16.0,2.9,4.2,76.9,23.1,"[{""score"": ""1 - 0"", ""pct"": 14.06}, {""score"": ""2 - 0"", ""pct"": 12.16}, {""score"": ""1 - 1"", ""pct"": 11.17}]"
Turkey,Croatia,Neutral,1.246,1.309,35.1,27.8,37.1,34.0,6.1,8.1,36.6,6.5,8.6,48.2,51.8,"[{""score"": ""1 - 1"", ""pct"": 12.44}, {""score"": ""0 - 1"", ""pct"": 10.2}, {""score"": ""1 - 0"", ""pct"": 9.92}]"
Turkey,Haiti,Neutral,1.655,0.98,52.8,25.9,21.2,53.4,7.0,8.9,21.1,4.1,5.3,69.4,30.6,"[{""score"": ""1 - 0"", ""pct"": 11.91}, {""score"": ""1 - 1"", ""pct"": 11.42}, {""score"": ""2 - 0"", ""pct"": 9.48}]"
Turkey,United States,Neutral,1.578,1.078,49.0,26.5,24.5,48.0,7.2,8.9,25.4,4.7,5.7,64.2,35.8,"[{""score"": ""1 - 1"", ""pct"": 12.0}, {""score"": ""1 - 0"", ""pct"": 11.18}, {""score"": ""2 - 1"", ""pct"": 9.370000000000001}]"
Turkey,Uruguay,Neutral,1.17,1.255,33.2,28.8,37.9,34.1,5.7,7.7,37.0,6.2,9.2,47.6,52.4,"[{""score"": ""1 - 1"", ""pct"": 13.209999999999999}, {""score"": ""0 - 1"", ""pct"": 11.59}, {""score"": ""1 - 0"", ""pct"": 10.83}]"
Turkey,South Korea,Neutral,1.244,1.227,36.2,28.2,35.5,36.1,6.1,8.5,35.3,5.7,8.2,50.7,49.3,"[{""score"": ""1 - 1"", ""pct"": 12.53}, {""score"": ""1 - 0"", ""pct"": 10.299999999999999}, {""score"": ""0 - 1"", ""pct"": 10.27}]"
Turkey,Australia,Neutral,1.202,1.236,34.5,28.8,36.7,35.3,6.4,7.8,36.0,6.2,8.3,49.5,50.5,"[{""score"": ""1 - 1"", ""pct"": 13.089999999999998}, {""score"": ""0 - 1"", ""pct"": 11.32}, {""score"": ""1 - 0"", ""pct"": 10.66}]"
Turkey,Czech Republic,Neutral,1.658,1.018,52.2,25.1,22.6,51.0,7.8,8.3,23.1,4.4,5.3,67.2,32.8,"[{""score"": ""1 - 0"", ""pct"": 11.4}, {""score"": ""1 - 1"", ""pct"": 10.86}, {""score"": ""2 - 1"", ""pct"": 10.25}]"
Turkey,Cape Verde,Neutral,1.813,0.743,62.6,23.2,14.2,62.9,7.7,8.6,14.1,2.4,4.2,79.2,20.8,"[{""score"": ""1 - 0"", ""pct"": 14.299999999999999}, {""score"": ""2 - 0"", ""pct"": 12.21}, {""score"": ""1 - 1"", ""pct"": 9.98}]"
Turkey,Ghana,Neutral,1.829,0.686,64.7,23.1,12.2,65.5,7.5,9.1,12.5,2.3,3.2,82.1,17.9,"[{""score"": ""1 - 0"", ""pct"": 15.52}, {""score"": ""2 - 0"", ""pct"": 12.920000000000002}, {""score"": ""1 - 1"", ""pct"": 9.99}]"
Turkey,Netherlands,Neutral,1.176,1.315,32.2,29.1,38.7,33.0,5.5,8.0,38.9,6.1,8.5,46.5,53.6,"[{""score"": ""1 - 1"", ""pct"": 12.540000000000001}, {""score"": ""0 - 1"", ""pct"": 10.780000000000001}, {""score"": ""1 - 0"", ""pct"": 9.700000000000001}]"
Turkey,Ivory Coast,Neutral,1.456,1.023,46.6,27.5,25.9,46.4,7.4,9.3,25.8,4.9,6.3,63.1,36.9,"[{""score"": ""1 - 1"", ""pct"": 12.809999999999999}, {""score"": ""1 - 0"", ""pct"": 12.35}, {""score"": ""2 - 1"", ""pct"": 9.06}]"
Turkey,Scotland,Neutral,1.547,1.037,49.4,26.0,24.7,48.9,7.6,9.2,24.1,4.4,5.9,65.6,34.4,"[{""score"": ""1 - 0"", ""pct"": 12.120000000000001}, {""score"": ""1 - 1"", ""pct"": 11.64}, {""score"": ""2 - 1"", ""pct"": 9.4}]"
Turkey,Ecuador,Neutral,1.084,1.367,29.1,27.6,43.3,28.1,5.2,6.9,43.0,6.9,10.0,40.2,59.8,"[{""score"": ""1 - 1"", ""pct"": 12.26}, {""score"": ""0 - 1"", ""pct"": 12.0}, {""score"": ""0 - 0"", ""pct"": 9.32}]"
Turkey,Iran,Neutral,1.229,1.234,34.6,29.4,36.0,35.6,5.9,8.1,35.8,6.2,8.3,49.7,50.3,"[{""score"": ""1 - 1"", ""pct"": 12.76}, {""score"": ""0 - 1"", ""pct"": 10.5}, {""score"": ""1 - 0"", ""pct"": 10.13}]"
Turkey,Mexico,Neutral,1.106,1.269,31.7,28.6,39.7,31.8,5.7,8.0,38.6,6.6,9.4,45.4,54.6,"[{""score"": ""1 - 1"", ""pct"": 12.479999999999999}, {""score"": ""0 - 1"", ""pct"": 11.85}, {""score"": ""0 - 0"", ""pct"": 10.77}]"
Turkey,France,Neutral,1.105,1.613,24.9,25.9,49.2,25.0,4.6,5.5,49.5,7.2,8.1,35.2,64.8,"[{""score"": ""1 - 1"", ""pct"": 11.899999999999999}, {""score"": ""0 - 1"", ""pct"": 11.3}, {""score"": ""1 - 2"", ""pct"": 9.46}]"
Turkey,Algeria,Neutral,1.228,1.172,37.3,29.3,33.4,36.4,6.4,8.4,34.6,6.3,7.9,51.2,48.8,"[{""score"": ""1 - 1"", ""pct"": 12.770000000000001}, {""score"": ""1 - 0"", ""pct"": 11.23}, {""score"": ""0 - 0"", ""pct"": 10.7}]"
Turkey,Panama,Neutral,1.445,1.129,43.8,27.9,28.3,43.2,7.1,8.5,29.3,5.2,6.6,58.9,41.1,"[{""score"": ""1 - 1"", ""pct"": 12.85}, {""score"": ""1 - 0"", ""pct"": 11.43}, {""score"": ""2 - 1"", ""pct"": 9.07}]"
Turkey,Colombia,Neutral,1.094,1.494,27.0,27.5,45.5,26.6,5.0,6.7,45.8,7.0,8.8,38.4,61.6,"[{""score"": ""1 - 1"", ""pct"": 13.089999999999998}, {""score"": ""0 - 1"", ""pct"": 11.459999999999999}, {""score"": ""1 - 2"", ""pct"": 9.34}]"
Turkey,Portugal,Neutral,1.085,1.497,26.4,27.1,46.6,26.9,5.0,6.8,45.1,7.3,8.9,38.7,61.3,"[{""score"": ""1 - 1"", ""pct"": 12.25}, {""score"": ""0 - 1"", ""pct"": 11.799999999999999}, {""score"": ""1 - 2"", ""pct"": 9.13}]"
Morocco,Saudi Arabia,Neutral,1.901,0.703,65.7,21.8,12.5,66.4,7.4,8.4,12.5,2.1,3.2,82.2,17.8,"[{""score"": ""1 - 0"", ""pct"": 14.799999999999999}, {""score"": ""2 - 0"", ""pct"": 13.0}, {""score"": ""1 - 1"", ""pct"": 9.610000000000001}]"
Morocco,England,Neutral,1.095,1.285,31.5,29.1,39.4,30.6,5.7,7.3,40.2,6.4,9.7,43.7,56.3,"[{""score"": ""1 - 1"", ""pct"": 13.569999999999999}, {""score"": ""0 - 1"", ""pct"": 12.120000000000001}, {""score"": ""1 - 0"", ""pct"": 10.77}]"
Morocco,Uzbekistan,Neutral,1.469,0.981,48.2,27.6,24.1,47.8,7.4,9.1,25.1,4.5,6.2,64.3,35.7,"[{""score"": ""1 - 0"", ""pct"": 12.94}, {""score"": ""1 - 1"", ""pct"": 12.34}, {""score"": ""2 - 1"", ""pct"": 9.700000000000001}]"
Morocco,Austria,Neutral,1.562,1.002,50.2,26.0,23.7,50.2,7.4,9.1,22.7,4.5,6.0,66.8,33.2,"[{""score"": ""1 - 1"", ""pct"": 12.280000000000001}, {""score"": ""1 - 0"", ""pct"": 12.07}, {""score"": ""2 - 1"", ""pct"": 9.85}]"
Morocco,Turkey,Neutral,1.451,1.081,45.8,27.0,27.3,45.7,7.0,9.1,26.9,4.8,6.6,61.8,38.2,"[{""score"": ""1 - 1"", ""pct"": 12.22}, {""score"": ""1 - 0"", ""pct"": 11.72}, {""score"": ""2 - 1"", ""pct"": 9.07}]"
Morocco,DR Congo,Neutral,1.623,0.818,57.0,25.6,17.4,56.0,8.1,10.0,17.4,3.5,5.0,74.1,25.9,"[{""score"": ""1 - 0"", ""pct"": 15.040000000000001}, {""score"": ""1 - 1"", ""pct"": 11.84}, {""score"": ""2 - 0"", ""pct"": 10.86}]"
Morocco,Japan,Neutral,1.181,1.231,33.9,29.1,37.0,34.4,6.0,7.8,37.5,6.1,8.2,48.2,51.8,"[{""score"": ""1 - 1"", ""pct"": 13.15}, {""score"": ""1 - 0"", ""pct"": 10.97}, {""score"": ""0 - 1"", ""pct"": 10.83}]"
Morocco,Canada,Neutral,1.369,0.991,45.2,28.3,26.5,45.6,6.7,10.2,26.0,4.8,6.8,62.5,37.5,"[{""score"": ""1 - 0"", ""pct"": 13.73}, {""score"": ""1 - 1"", ""pct"": 12.889999999999999}, {""score"": ""0 - 0"", ""pct"": 10.07}]"
Morocco,Argentina,Neutral,1.063,1.575,24.7,26.6,48.7,25.0,4.6,5.8,48.7,7.0,8.9,35.4,64.6,"[{""score"": ""1 - 1"", ""pct"": 11.66}, {""score"": ""0 - 1"", ""pct"": 11.129999999999999}, {""score"": ""1 - 2"", ""pct"": 9.82}]"
Morocco,Tunisia,Neutral,1.685,0.768,60.4,25.0,14.6,60.2,7.6,9.3,15.6,3.1,4.2,77.1,22.9,"[{""score"": ""1 - 0"", ""pct"": 15.0}, {""score"": ""2 - 0"", ""pct"": 11.81}, {""score"": ""1 - 1"", ""pct"": 10.97}]"
Morocco,Brazil,Neutral,1.227,1.347,33.1,28.3,38.6,33.1,5.8,7.8,39.1,6.2,8.1,46.7,53.3,"[{""score"": ""1 - 1"", ""pct"": 12.55}, {""score"": ""0 - 1"", ""pct"": 10.530000000000001}, {""score"": ""1 - 0"", ""pct"": 9.47}]"
Morocco,Iraq,Neutral,1.667,0.746,59.9,24.9,15.2,59.2,7.9,9.8,15.3,3.1,4.8,76.8,23.2,"[{""score"": ""1 - 0"", ""pct"": 15.55}, {""score"": ""2 - 0"", ""pct"": 12.5}, {""score"": ""1 - 1"", ""pct"": 10.51}]"
Morocco,Sweden,Neutral,2.008,0.738,66.5,21.1,12.4,68.4,7.6,7.5,11.2,2.4,3.0,83.4,16.6,"[{""score"": ""1 - 0"", ""pct"": 13.089999999999998}, {""score"": ""2 - 0"", ""pct"": 12.53}, {""score"": ""1 - 1"", ""pct"": 9.46}]"
Morocco,Senegal,Neutral,1.489,1.053,46.5,28.2,25.3,46.6,7.4,9.0,25.5,5.0,6.5,63.1,36.9,"[{""score"": ""1 - 0"", ""pct"": 12.53}, {""score"": ""1 - 1"", ""pct"": 12.509999999999998}, {""score"": ""0 - 0"", ""pct"": 9.139999999999999}]"
Morocco,Spain,Neutral,1.085,1.625,24.1,26.3,49.5,24.6,4.4,5.6,50.0,7.2,8.2,34.6,65.4,"[{""score"": ""1 - 1"", ""pct"": 11.68}, {""score"": ""0 - 1"", ""pct"": 11.27}, {""score"": ""1 - 2"", ""pct"": 9.36}]"
Morocco,Paraguay,Neutral,1.502,0.993,48.1,28.2,23.7,48.4,7.6,9.8,23.4,4.4,6.4,65.8,34.2,"[{""score"": ""1 - 1"", ""pct"": 12.950000000000001}, {""score"": ""1 - 0"", ""pct"": 12.32}, {""score"": ""0 - 0"", ""pct"": 9.3}]"
Morocco,New Zealand,Neutral,1.928,0.721,67.1,21.1,11.8,65.5,7.4,8.7,12.2,2.6,3.5,81.6,18.4,"[{""score"": ""1 - 0"", ""pct"": 14.17}, {""score"": ""2 - 0"", ""pct"": 12.83}, {""score"": ""2 - 1"", ""pct"": 9.76}]"
Morocco,Qatar,Neutral,2.645,0.61,81.2,13.3,5.5,80.8,5.9,5.3,5.6,1.0,1.3,92.0,8.0,"[{""score"": ""2 - 0"", ""pct"": 13.450000000000001}, {""score"": ""3 - 0"", ""pct"": 11.29}, {""score"": ""1 - 0"", ""pct"": 11.110000000000001}]"
Morocco,Norway,Neutral,1.487,1.084,45.9,27.3,26.8,46.2,7.5,8.8,26.0,4.8,6.7,62.5,37.5,"[{""score"": ""1 - 1"", ""pct"": 12.45}, {""score"": ""1 - 0"", ""pct"": 11.09}, {""score"": ""2 - 1"", ""pct"": 8.92}]"
Morocco,Bosnia and Herzegovina,Neutral,2.319,0.654,75.0,17.1,8.0,75.4,6.3,7.0,8.0,1.5,1.7,88.8,11.2,"[{""score"": ""2 - 0"", ""pct"": 13.66}, {""score"": ""1 - 0"", ""pct"": 12.479999999999999}, {""score"": ""3 - 0"", ""pct"": 10.16}]"
Morocco,Curaçao,Neutral,2.269,0.701,73.7,17.3,9.1,73.5,7.1,7.5,8.0,1.9,2.1,88.1,11.9,"[{""score"": ""2 - 0"", ""pct"": 13.200000000000001}, {""score"": ""1 - 0"", ""pct"": 12.139999999999999}, {""score"": ""3 - 0"", ""pct"": 10.01}]"
Morocco,Belgium,Neutral,1.458,1.07,45.5,28.6,25.8,45.6,7.3,8.8,27.1,4.8,6.4,61.7,38.3,"[{""score"": ""1 - 1"", ""pct"": 12.83}, {""score"": ""1 - 0"", ""pct"": 11.700000000000001}, {""score"": ""2 - 1"", ""pct"": 9.33}]"
Morocco,Switzerland,Neutral,1.519,1.058,46.9,27.3,25.9,47.5,7.1,8.6,26.1,4.6,6.1,63.2,36.8,"[{""score"": ""1 - 1"", ""pct"": 12.02}, {""score"": ""1 - 0"", ""pct"": 11.540000000000001}, {""score"": ""2 - 1"", ""pct"": 9.569999999999999}]"
Morocco,Germany,Neutral,1.35,1.175,40.4,28.4,31.1,39.4,7.0,8.3,32.6,5.6,7.1,54.7,45.3,"[{""score"": ""1 - 1"", ""pct"": 13.089999999999998}, {""score"": ""1 - 0"", ""pct"": 11.15}, {""score"": ""0 - 1"", ""pct"": 9.180000000000001}]"
Morocco,Egypt,Neutral,1.581,0.878,53.8,26.4,19.8,52.9,7.7,10.1,19.7,4.0,5.6,70.7,29.3,"[{""score"": ""1 - 0"", ""pct"": 13.77}, {""score"": ""1 - 1"", ""pct"": 11.99}, {""score"": ""2 - 0"", ""pct"": 10.77}]"
Morocco,Jordan,Neutral,1.852,0.938,58.0,23.8,18.2,58.1,7.5,8.2,17.9,3.9,4.4,73.9,26.1,"[{""score"": ""1 - 0"", ""pct"": 11.44}, {""score"": ""1 - 1"", ""pct"": 11.15}, {""score"": ""2 - 0"", ""pct"": 10.440000000000001}]"
Morocco,South Africa,Neutral,1.85,0.698,65.6,21.9,12.4,65.3,7.7,9.7,11.6,2.3,3.5,82.6,17.4,"[{""score"": ""1 - 0"", ""pct"": 15.53}, {""score"": ""2 - 0"", ""pct"": 13.459999999999999}, {""score"": ""2 - 1"", ""pct"": 9.54}]"
Morocco,Croatia,Neutral,1.411,1.11,42.3,27.9,29.8,43.4,7.1,9.0,28.9,5.1,6.6,59.4,40.6,"[{""score"": ""1 - 1"", ""pct"": 12.72}, {""score"": ""1 - 0"", ""pct"": 11.23}, {""score"": ""0 - 1"", ""pct"": 9.15}]"
Morocco,Haiti,Neutral,1.748,0.803,60.2,24.0,15.8,59.7,7.6,9.5,15.8,3.2,4.2,76.8,23.2,"[{""score"": ""1 - 0"", ""pct"": 13.79}, {""score"": ""2 - 0"", ""pct"": 11.700000000000001}, {""score"": ""1 - 1"", ""pct"": 10.67}]"
Morocco,United States,Neutral,1.786,1.022,55.0,24.6,20.3,55.2,7.4,8.1,20.3,4.1,4.9,70.7,29.3,"[{""score"": ""1 - 0"", ""pct"": 11.68}, {""score"": ""1 - 1"", ""pct"": 11.39}, {""score"": ""2 - 1"", ""pct"": 9.92}]"
Morocco,Uruguay,Neutral,1.315,1.081,40.8,29.0,30.2,41.4,6.6,9.1,29.8,5.5,7.6,57.1,42.9,"[{""score"": ""1 - 1"", ""pct"": 12.959999999999999}, {""score"": ""1 - 0"", ""pct"": 12.07}, {""score"": ""0 - 0"", ""pct"": 10.34}]"
Morocco,South Korea,Neutral,1.465,1.054,46.2,27.4,26.4,46.6,6.7,9.6,25.9,4.6,6.6,62.9,37.1,"[{""score"": ""1 - 1"", ""pct"": 12.68}, {""score"": ""1 - 0"", ""pct"": 12.5}, {""score"": ""0 - 0"", ""pct"": 9.17}]"
Morocco,Australia,Neutral,1.347,1.051,43.3,29.0,27.7,43.6,6.7,9.3,27.9,5.1,7.4,59.6,40.4,"[{""score"": ""1 - 1"", ""pct"": 13.3}, {""score"": ""1 - 0"", ""pct"": 12.64}, {""score"": ""0 - 0"", ""pct"": 10.16}]"
Morocco,Czech Republic,Neutral,1.868,0.909,61.0,22.5,16.5,59.8,7.7,8.8,16.8,3.2,3.7,76.3,23.7,"[{""score"": ""1 - 0"", ""pct"": 12.34}, {""score"": ""2 - 0"", ""pct"": 11.03}, {""score"": ""1 - 1"", ""pct"": 10.33}]"
Morocco,Cape Verde,Neutral,2.072,0.726,68.9,20.3,10.9,69.4,7.2,7.9,10.7,1.9,2.9,84.5,15.5,"[{""score"": ""2 - 0"", ""pct"": 13.170000000000002}, {""score"": ""1 - 0"", ""pct"": 12.94}, {""score"": ""2 - 1"", ""pct"": 9.1}]"
Morocco,Ghana,Neutral,2.153,0.662,71.4,19.2,9.4,72.7,7.2,7.4,8.6,1.7,2.3,87.3,12.7,"[{""score"": ""1 - 0"", ""pct"": 13.209999999999999}, {""score"": ""2 - 0"", ""pct"": 13.01}, {""score"": ""3 - 0"", ""pct"": 9.379999999999999}]"
Morocco,Netherlands,Neutral,1.32,1.137,40.0,28.7,31.4,40.9,6.2,8.8,31.2,5.4,7.5,55.8,44.1,"[{""score"": ""1 - 1"", ""pct"": 12.57}, {""score"": ""1 - 0"", ""pct"": 11.26}, {""score"": ""0 - 0"", ""pct"": 10.11}]"
Morocco,Ivory Coast,Neutral,1.618,0.915,54.1,26.1,19.9,53.8,7.3,9.6,20.1,3.8,5.4,70.8,29.2,"[{""score"": ""1 - 0"", ""pct"": 13.020000000000001}, {""score"": ""1 - 1"", ""pct"": 11.88}, {""score"": ""2 - 1"", ""pct"": 9.76}]"
Morocco,Scotland,Neutral,1.771,0.916,57.8,24.3,17.9,57.5,7.8,8.6,18.0,3.6,4.6,73.8,26.2,"[{""score"": ""1 - 0"", ""pct"": 12.42}, {""score"": ""1 - 1"", ""pct"": 11.450000000000001}, {""score"": ""2 - 0"", ""pct"": 10.11}]"
Morocco,Ecuador,Neutral,1.216,1.139,36.7,29.3,33.9,37.9,6.2,8.6,33.2,6.0,8.2,52.6,47.4,"[{""score"": ""1 - 1"", ""pct"": 13.3}, {""score"": ""1 - 0"", ""pct"": 11.459999999999999}, {""score"": ""0 - 1"", ""pct"": 10.66}]"
Morocco,Iran,Neutral,1.434,1.068,44.2,27.6,28.1,45.5,6.8,9.0,27.1,4.9,6.7,61.3,38.7,"[{""score"": ""1 - 1"", ""pct"": 13.0}, {""score"": ""1 - 0"", ""pct"": 11.58}, {""score"": ""2 - 1"", ""pct"": 9.06}]"
Morocco,Mexico,Neutral,1.234,1.105,38.7,29.0,32.3,38.4,6.5,9.1,32.4,5.3,8.2,54.0,46.0,"[{""score"": ""1 - 1"", ""pct"": 12.83}, {""score"": ""1 - 0"", ""pct"": 12.53}, {""score"": ""0 - 1"", ""pct"": 10.63}]"
Morocco,France,Neutral,1.154,1.466,28.2,27.9,43.9,28.5,5.3,6.6,44.1,6.7,8.8,40.5,59.5,"[{""score"": ""1 - 1"", ""pct"": 12.42}, {""score"": ""0 - 1"", ""pct"": 11.12}, {""score"": ""0 - 0"", ""pct"": 8.780000000000001}]"
Morocco,Algeria,Neutral,1.354,1.07,43.9,27.6,28.5,42.2,6.9,9.0,29.0,5.2,7.8,58.1,41.9,"[{""score"": ""1 - 0"", ""pct"": 12.42}, {""score"": ""1 - 1"", ""pct"": 12.15}, {""score"": ""0 - 0"", ""pct"": 10.09}]"
Morocco,Panama,Neutral,1.712,1.043,53.0,24.9,22.1,53.5,7.2,8.7,21.9,3.9,4.8,69.4,30.6,"[{""score"": ""1 - 0"", ""pct"": 11.92}, {""score"": ""1 - 1"", ""pct"": 11.790000000000001}, {""score"": ""2 - 1"", ""pct"": 9.35}]"
Morocco,Colombia,Neutral,1.203,1.315,33.3,28.5,38.2,33.7,5.5,7.3,38.7,6.5,8.3,46.6,53.4,"[{""score"": ""1 - 1"", ""pct"": 13.459999999999999}, {""score"": ""0 - 1"", ""pct"": 10.56}, {""score"": ""1 - 0"", ""pct"": 9.47}]"
Morocco,Portugal,Neutral,1.208,1.31,33.4,28.1,38.4,33.9,5.8,7.7,38.0,6.2,8.4,47.5,52.5,"[{""score"": ""1 - 1"", ""pct"": 12.83}, {""score"": ""0 - 1"", ""pct"": 10.72}, {""score"": ""1 - 0"", ""pct"": 9.74}]"
DR Congo,Saudi Arabia,Neutral,1.197,1.001,40.2,30.3,29.4,39.2,6.6,10.5,29.4,5.6,8.6,56.3,43.7,"[{""score"": ""1 - 1"", ""pct"": 13.089999999999998}, {""score"": ""0 - 0"", ""pct"": 12.520000000000001}, {""score"": ""1 - 0"", ""pct"": 12.479999999999999}]"
DR Congo,England,Neutral,0.699,1.63,14.8,25.9,59.4,14.3,3.0,4.5,60.3,7.8,10.1,21.8,78.2,"[{""score"": ""0 - 1"", ""pct"": 16.150000000000002}, {""score"": ""0 - 2"", ""pct"": 12.659999999999998}, {""score"": ""1 - 1"", ""pct"": 10.99}]"
DR Congo,Uzbekistan,Neutral,0.957,1.306,27.1,29.8,43.1,26.2,4.7,7.7,44.6,6.7,10.1,38.6,61.4,"[{""score"": ""0 - 1"", ""pct"": 13.61}, {""score"": ""1 - 1"", ""pct"": 13.41}, {""score"": ""0 - 0"", ""pct"": 11.53}]"
DR Congo,Austria,Neutral,0.97,1.233,28.5,29.9,41.6,28.2,5.5,8.1,40.9,7.2,10.1,41.8,58.2,"[{""score"": ""0 - 1"", ""pct"": 13.48}, {""score"": ""1 - 1"", ""pct"": 12.879999999999999}, {""score"": ""0 - 0"", ""pct"": 11.84}]"
DR Congo,Turkey,Neutral,0.939,1.46,23.3,27.3,49.4,23.0,4.4,6.6,49.1,7.3,9.6,34.0,66.0,"[{""score"": ""0 - 1"", ""pct"": 13.639999999999999}, {""score"": ""1 - 1"", ""pct"": 12.049999999999999}, {""score"": ""0 - 0"", ""pct"": 9.94}]"
DR Congo,Morocco,Neutral,0.818,1.623,17.4,25.8,56.8,17.9,3.4,4.8,56.3,7.6,9.9,26.1,73.9,"[{""score"": ""0 - 1"", ""pct"": 14.87}, {""score"": ""1 - 1"", ""pct"": 11.18}, {""score"": ""0 - 2"", ""pct"": 11.18}]"
DR Congo,Japan,Neutral,0.82,1.619,17.4,26.3,56.2,17.8,3.4,5.0,56.3,7.6,9.9,26.1,73.9,"[{""score"": ""0 - 1"", ""pct"": 14.510000000000002}, {""score"": ""1 - 1"", ""pct"": 11.790000000000001}, {""score"": ""0 - 2"", ""pct"": 11.19}]"
DR Congo,Canada,Neutral,0.904,1.324,25.0,29.2,45.9,24.9,4.4,7.3,45.6,7.1,10.6,36.7,63.3,"[{""score"": ""0 - 1"", ""pct"": 14.57}, {""score"": ""1 - 1"", ""pct"": 12.72}, {""score"": ""0 - 0"", ""pct"": 11.95}]"
DR Congo,Argentina,Neutral,0.65,1.915,10.3,21.4,68.3,10.3,2.3,3.1,68.3,7.5,8.5,15.7,84.3,"[{""score"": ""0 - 1"", ""pct"": 15.409999999999998}, {""score"": ""0 - 2"", ""pct"": 14.2}, {""score"": ""1 - 1"", ""pct"": 9.43}]"
DR Congo,Tunisia,Neutral,1.129,1.034,36.3,31.0,32.7,36.7,6.4,9.8,32.6,5.5,9.1,52.9,47.1,"[{""score"": ""1 - 1"", ""pct"": 13.51}, {""score"": ""1 - 0"", ""pct"": 13.4}, {""score"": ""0 - 1"", ""pct"": 12.479999999999999}]"
DR Congo,Brazil,Neutral,0.816,1.676,16.9,25.4,57.7,16.8,3.8,4.7,57.5,7.5,9.6,25.3,74.7,"[{""score"": ""0 - 1"", ""pct"": 14.35}, {""score"": ""1 - 1"", ""pct"": 11.4}, {""score"": ""0 - 2"", ""pct"": 11.09}]"
DR Congo,Iraq,Neutral,1.105,1.021,36.3,30.9,32.8,36.2,6.4,9.6,32.7,5.7,9.4,52.2,47.8,"[{""score"": ""1 - 1"", ""pct"": 13.36}, {""score"": ""0 - 0"", ""pct"": 12.97}, {""score"": ""1 - 0"", ""pct"": 12.9}]"
DR Congo,Sweden,Neutral,1.273,1.033,41.5,29.5,29.0,43.0,6.3,9.2,29.0,5.2,7.2,58.5,41.5,"[{""score"": ""1 - 0"", ""pct"": 13.22}, {""score"": ""1 - 1"", ""pct"": 12.879999999999999}, {""score"": ""0 - 0"", ""pct"": 11.06}]"
DR Congo,Senegal,Neutral,0.974,1.424,24.1,28.3,47.6,24.1,4.5,6.7,48.0,6.9,9.7,35.4,64.6,"[{""score"": ""0 - 1"", ""pct"": 13.530000000000001}, {""score"": ""1 - 1"", ""pct"": 12.58}, {""score"": ""0 - 0"", ""pct"": 10.280000000000001}]"
DR Congo,Spain,Neutral,0.688,1.877,11.3,22.4,66.3,12.0,2.1,3.3,66.2,7.4,8.9,17.5,82.5,"[{""score"": ""0 - 1"", ""pct"": 15.590000000000002}, {""score"": ""0 - 2"", ""pct"": 12.91}, {""score"": ""1 - 2"", ""pct"": 9.65}]"
DR Congo,Paraguay,Neutral,0.971,1.337,25.5,29.6,44.9,26.1,4.9,7.5,44.9,7.0,9.5,38.5,61.5,"[{""score"": ""0 - 1"", ""pct"": 13.83}, {""score"": ""1 - 1"", ""pct"": 13.25}, {""score"": ""0 - 0"", ""pct"": 11.1}]"
DR Congo,New Zealand,Neutral,1.213,1.022,39.1,30.2,30.7,40.0,6.6,10.2,29.3,5.4,8.4,56.9,43.1,"[{""score"": ""1 - 0"", ""pct"": 13.11}, {""score"": ""1 - 1"", ""pct"": 13.04}, {""score"": ""0 - 0"", ""pct"": 12.049999999999999}]"
DR Congo,Qatar,Neutral,1.671,0.811,57.8,25.1,17.1,57.8,8.0,9.5,16.9,3.4,4.4,75.3,24.7,"[{""score"": ""1 - 0"", ""pct"": 14.069999999999999}, {""score"": ""1 - 1"", ""pct"": 11.3}, {""score"": ""2 - 0"", ""pct"": 11.05}]"
DR Congo,Norway,Neutral,0.948,1.47,24.3,26.9,48.8,22.2,4.3,6.4,49.9,7.7,9.4,33.0,67.0,"[{""score"": ""0 - 1"", ""pct"": 13.29}, {""score"": ""1 - 1"", ""pct"": 12.35}, {""score"": ""0 - 0"", ""pct"": 9.65}]"
DR Congo,Bosnia and Herzegovina,Neutral,1.51,0.895,51.6,27.1,21.3,51.5,7.4,9.2,21.8,4.0,6.1,68.2,31.8,"[{""score"": ""1 - 0"", ""pct"": 13.62}, {""score"": ""1 - 1"", ""pct"": 12.049999999999999}, {""score"": ""2 - 0"", ""pct"": 10.290000000000001}]"
DR Congo,Curaçao,Neutral,1.544,0.922,51.2,27.3,21.5,51.2,7.4,9.5,21.9,3.8,6.2,68.1,31.9,"[{""score"": ""1 - 0"", ""pct"": 12.73}, {""score"": ""1 - 1"", ""pct"": 12.120000000000001}, {""score"": ""2 - 0"", ""pct"": 9.99}]"
DR Congo,Belgium,Neutral,0.947,1.452,23.4,28.2,48.4,23.7,4.4,6.2,49.4,7.0,9.5,34.2,65.8,"[{""score"": ""0 - 1"", ""pct"": 13.5}, {""score"": ""1 - 1"", ""pct"": 12.370000000000001}, {""score"": ""0 - 0"", ""pct"": 10.25}]"
DR Congo,Switzerland,Neutral,0.96,1.42,24.4,28.6,47.0,25.2,4.5,6.6,46.5,6.6,10.5,36.4,63.7,"[{""score"": ""0 - 1"", ""pct"": 13.370000000000001}, {""score"": ""1 - 1"", ""pct"": 13.07}, {""score"": ""0 - 0"", ""pct"": 10.26}]"
DR Congo,Germany,Neutral,0.926,1.554,21.1,27.1,51.8,21.2,4.1,5.8,52.3,7.2,9.3,31.2,68.8,"[{""score"": ""0 - 1"", ""pct"": 13.239999999999998}, {""score"": ""1 - 1"", ""pct"": 11.899999999999999}, {""score"": ""0 - 2"", ""pct"": 9.9}]"
DR Congo,Egypt,Neutral,1.011,1.084,32.1,32.2,35.7,32.3,5.7,9.4,36.5,6.2,9.9,47.4,52.6,"[{""score"": ""1 - 1"", ""pct"": 14.06}, {""score"": ""0 - 0"", ""pct"": 13.48}, {""score"": ""0 - 1"", ""pct"": 13.05}]"
DR Congo,Jordan,Neutral,1.112,1.249,31.9,30.2,37.9,32.0,5.9,8.2,38.1,6.8,9.0,46.1,53.9,"[{""score"": ""1 - 1"", ""pct"": 13.51}, {""score"": ""0 - 1"", ""pct"": 11.84}, {""score"": ""0 - 0"", ""pct"": 10.54}]"
DR Congo,South Africa,Neutral,1.302,0.925,45.2,29.6,25.2,44.3,7.0,10.9,25.7,5.0,7.1,62.2,37.8,"[{""score"": ""1 - 0"", ""pct"": 14.27}, {""score"": ""1 - 1"", ""pct"": 12.83}, {""score"": ""0 - 0"", ""pct"": 11.62}]"
DR Congo,Croatia,Neutral,0.962,1.498,23.3,27.0,49.7,22.9,4.4,5.8,50.4,7.5,8.9,33.2,66.8,"[{""score"": ""0 - 1"", ""pct"": 13.389999999999999}, {""score"": ""1 - 1"", ""pct"": 12.24}, {""score"": ""1 - 2"", ""pct"": 9.520000000000001}]"
DR Congo,Haiti,Neutral,1.14,1.07,36.8,29.5,33.8,35.9,6.5,9.3,33.6,5.8,8.9,51.8,48.2,"[{""score"": ""1 - 0"", ""pct"": 12.86}, {""score"": ""1 - 1"", ""pct"": 12.86}, {""score"": ""0 - 1"", ""pct"": 11.82}]"
DR Congo,United States,Neutral,1.027,1.26,29.1,29.3,41.6,29.8,5.3,7.8,40.8,6.6,9.7,42.9,57.1,"[{""score"": ""0 - 1"", ""pct"": 13.25}, {""score"": ""1 - 1"", ""pct"": 12.98}, {""score"": ""0 - 0"", ""pct"": 11.04}]"
DR Congo,Uruguay,Neutral,0.88,1.462,21.4,28.3,50.3,22.2,4.3,6.4,49.9,7.5,9.7,32.9,67.1,"[{""score"": ""0 - 1"", ""pct"": 14.34}, {""score"": ""1 - 1"", ""pct"": 12.6}, {""score"": ""0 - 0"", ""pct"": 10.89}]"
DR Congo,South Korea,Neutral,0.954,1.436,23.6,28.0,48.4,22.9,4.7,6.4,48.4,7.3,10.3,34.1,65.9,"[{""score"": ""0 - 1"", ""pct"": 13.370000000000001}, {""score"": ""1 - 1"", ""pct"": 12.33}, {""score"": ""0 - 0"", ""pct"": 10.41}]"
DR Congo,Australia,Neutral,0.948,1.446,24.0,28.3,47.8,24.0,4.2,6.4,48.5,7.0,9.9,34.6,65.4,"[{""score"": ""0 - 1"", ""pct"": 13.55}, {""score"": ""1 - 1"", ""pct"": 12.29}, {""score"": ""0 - 0"", ""pct"": 10.26}]"
DR Congo,Czech Republic,Neutral,1.129,1.105,36.1,29.2,34.7,35.3,6.4,9.4,33.9,6.0,8.9,51.1,48.9,"[{""score"": ""1 - 1"", ""pct"": 13.11}, {""score"": ""1 - 0"", ""pct"": 12.47}, {""score"": ""0 - 1"", ""pct"": 11.82}]"
DR Congo,Cape Verde,Neutral,1.372,0.935,46.4,28.9,24.7,46.2,7.3,10.8,24.6,4.3,6.7,64.4,35.6,"[{""score"": ""1 - 0"", ""pct"": 14.000000000000002}, {""score"": ""1 - 1"", ""pct"": 13.05}, {""score"": ""0 - 0"", ""pct"": 10.91}]"
DR Congo,Ghana,Neutral,1.379,0.892,48.2,28.4,23.4,47.6,7.7,10.5,23.1,4.4,6.7,65.8,34.2,"[{""score"": ""1 - 0"", ""pct"": 13.99}, {""score"": ""1 - 1"", ""pct"": 12.2}, {""score"": ""0 - 0"", ""pct"": 11.31}]"
DR Congo,Netherlands,Neutral,0.874,1.543,20.4,26.7,53.0,19.8,4.5,5.5,52.7,7.8,9.7,29.8,70.2,"[{""score"": ""0 - 1"", ""pct"": 14.48}, {""score"": ""1 - 1"", ""pct"": 11.799999999999999}, {""score"": ""0 - 2"", ""pct"": 10.08}]"
DR Congo,Ivory Coast,Neutral,0.995,1.203,29.6,30.4,40.0,29.3,5.7,7.9,40.5,6.6,10.0,42.9,57.1,"[{""score"": ""0 - 1"", ""pct"": 13.33}, {""score"": ""1 - 1"", ""pct"": 12.94}, {""score"": ""0 - 0"", ""pct"": 12.55}]"
DR Congo,Scotland,Neutral,1.035,1.229,30.3,29.9,39.8,30.3,5.6,8.1,39.2,6.7,10.0,44.0,56.0,"[{""score"": ""1 - 1"", ""pct"": 13.23}, {""score"": ""0 - 1"", ""pct"": 12.870000000000001}, {""score"": ""0 - 0"", ""pct"": 11.51}]"
DR Congo,Ecuador,Neutral,0.837,1.51,19.4,27.0,53.6,20.0,4.1,5.7,52.5,7.8,10.0,29.7,70.3,"[{""score"": ""0 - 1"", ""pct"": 15.27}, {""score"": ""1 - 1"", ""pct"": 12.030000000000001}, {""score"": ""0 - 2"", ""pct"": 10.25}]"
DR Congo,Iran,Neutral,0.943,1.473,23.1,27.8,49.1,23.3,4.2,6.2,50.0,6.9,9.4,33.7,66.3,"[{""score"": ""0 - 1"", ""pct"": 13.389999999999999}, {""score"": ""1 - 1"", ""pct"": 12.65}, {""score"": ""0 - 0"", ""pct"": 10.11}]"
DR Congo,Mexico,Neutral,0.833,1.475,20.2,27.5,52.3,20.1,3.7,5.9,52.2,7.5,10.6,29.7,70.3,"[{""score"": ""0 - 1"", ""pct"": 15.049999999999999}, {""score"": ""1 - 1"", ""pct"": 12.41}, {""score"": ""0 - 2"", ""pct"": 10.51}]"
DR Congo,France,Neutral,0.728,1.671,14.9,24.9,60.2,15.2,2.7,4.8,59.5,7.6,10.2,22.7,77.3,"[{""score"": ""0 - 1"", ""pct"": 15.370000000000001}, {""score"": ""0 - 2"", ""pct"": 12.7}, {""score"": ""1 - 1"", ""pct"": 10.879999999999999}]"
DR Congo,Algeria,Neutral,0.904,1.405,22.9,28.8,48.3,22.7,4.6,6.9,47.7,7.8,10.3,34.2,65.8,"[{""score"": ""0 - 1"", ""pct"": 14.87}, {""score"": ""1 - 1"", ""pct"": 12.3}, {""score"": ""0 - 0"", ""pct"": 11.39}]"
DR Congo,Panama,Neutral,1.013,1.389,26.9,27.6,45.6,27.3,4.7,7.5,44.8,6.9,8.8,39.5,60.5,"[{""score"": ""0 - 1"", ""pct"": 13.19}, {""score"": ""1 - 1"", ""pct"": 12.55}, {""score"": ""0 - 0"", ""pct"": 9.520000000000001}]"
DR Congo,Colombia,Neutral,0.793,1.63,17.2,24.7,58.1,17.2,3.4,4.6,57.2,7.8,9.7,25.2,74.8,"[{""score"": ""0 - 1"", ""pct"": 15.28}, {""score"": ""0 - 2"", ""pct"": 11.59}, {""score"": ""1 - 1"", ""pct"": 10.780000000000001}]"
DR Congo,Portugal,Neutral,0.8,1.622,17.0,25.4,57.6,17.3,3.2,4.8,57.0,7.7,10.0,25.3,74.7,"[{""score"": ""0 - 1"", ""pct"": 14.680000000000001}, {""score"": ""0 - 2"", ""pct"": 11.61}, {""score"": ""1 - 1"", ""pct"": 11.31}]"
Japan,Saudi Arabia,Neutral,1.822,0.699,65.5,22.4,12.1,64.9,7.6,9.0,12.8,2.5,3.2,81.5,18.5,"[{""score"": ""1 - 0"", ""pct"": 15.290000000000001}, {""score"": ""2 - 0"", ""pct"": 13.350000000000001}, {""score"": ""1 - 1"", ""pct"": 10.09}]"
Japan,England,Neutral,1.093,1.259,30.8,30.1,39.1,30.4,5.6,8.1,39.0,6.8,10.1,44.1,55.9,"[{""score"": ""1 - 1"", ""pct"": 13.66}, {""score"": ""0 - 1"", ""pct"": 11.899999999999999}, {""score"": ""1 - 0"", ""pct"": 10.780000000000001}]"
Japan,Uzbekistan,Neutral,1.457,0.965,49.1,27.4,23.5,48.4,6.9,9.4,24.8,4.2,6.3,64.7,35.3,"[{""score"": ""1 - 0"", ""pct"": 13.13}, {""score"": ""1 - 1"", ""pct"": 12.47}, {""score"": ""0 - 0"", ""pct"": 9.569999999999999}]"
Japan,Austria,Neutral,1.561,0.997,49.9,26.9,23.2,50.4,7.2,8.9,23.0,4.6,5.9,66.5,33.5,"[{""score"": ""1 - 0"", ""pct"": 12.520000000000001}, {""score"": ""1 - 1"", ""pct"": 11.4}, {""score"": ""2 - 1"", ""pct"": 9.08}]"
Japan,Turkey,Neutral,1.458,1.061,46.5,27.1,26.4,46.3,7.2,9.2,25.9,4.9,6.4,62.8,37.2,"[{""score"": ""1 - 1"", ""pct"": 12.19}, {""score"": ""1 - 0"", ""pct"": 11.88}, {""score"": ""2 - 1"", ""pct"": 9.4}]"
Japan,Morocco,Neutral,1.231,1.181,36.6,28.6,34.8,36.1,6.5,8.6,34.5,5.9,8.3,51.2,48.8,"[{""score"": ""1 - 1"", ""pct"": 12.78}, {""score"": ""0 - 1"", ""pct"": 11.110000000000001}, {""score"": ""1 - 0"", ""pct"": 10.8}]"
Japan,DR Congo,Neutral,1.619,0.82,56.3,25.4,18.2,57.1,7.2,9.8,17.5,3.6,4.8,74.1,25.9,"[{""score"": ""1 - 0"", ""pct"": 14.530000000000001}, {""score"": ""1 - 1"", ""pct"": 11.690000000000001}, {""score"": ""2 - 0"", ""pct"": 11.01}]"
Japan,Canada,Neutral,1.384,0.975,46.9,28.1,24.9,46.0,7.1,10.1,25.2,4.8,6.7,63.2,36.8,"[{""score"": ""1 - 0"", ""pct"": 14.05}, {""score"": ""1 - 1"", ""pct"": 12.6}, {""score"": ""0 - 0"", ""pct"": 10.780000000000001}]"
Japan,Argentina,Neutral,1.057,1.564,24.6,26.3,49.1,24.2,4.5,5.7,49.5,7.2,8.9,34.5,65.5,"[{""score"": ""0 - 1"", ""pct"": 12.139999999999999}, {""score"": ""1 - 1"", ""pct"": 11.93}, {""score"": ""1 - 2"", ""pct"": 9.31}]"
Japan,Tunisia,Neutral,1.658,0.769,59.1,25.4,15.5,58.8,7.9,9.9,16.1,3.0,4.3,76.5,23.5,"[{""score"": ""1 - 0"", ""pct"": 15.47}, {""score"": ""2 - 0"", ""pct"": 11.64}, {""score"": ""1 - 1"", ""pct"": 11.34}]"
Japan,Brazil,Neutral,1.213,1.307,33.0,28.6,38.4,33.1,5.7,8.1,39.0,6.1,7.9,47.0,53.0,"[{""score"": ""1 - 1"", ""pct"": 13.11}, {""score"": ""0 - 1"", ""pct"": 10.74}, {""score"": ""1 - 0"", ""pct"": 9.43}]"
Japan,Iraq,Neutral,1.664,0.754,59.3,25.3,15.4,59.2,7.8,10.0,15.3,3.2,4.5,77.0,23.0,"[{""score"": ""1 - 0"", ""pct"": 15.64}, {""score"": ""2 - 0"", ""pct"": 11.82}, {""score"": ""1 - 1"", ""pct"": 10.86}]"
Japan,Sweden,Neutral,1.915,0.738,65.7,21.7,12.6,65.3,7.3,8.7,12.9,2.5,3.3,81.3,18.7,"[{""score"": ""1 - 0"", ""pct"": 13.969999999999999}, {""score"": ""2 - 0"", ""pct"": 12.790000000000001}, {""score"": ""1 - 1"", ""pct"": 9.68}]"
Japan,Senegal,Neutral,1.471,1.041,47.5,26.9,25.7,47.1,7.3,9.1,25.1,5.0,6.5,63.4,36.5,"[{""score"": ""1 - 0"", ""pct"": 12.55}, {""score"": ""1 - 1"", ""pct"": 12.370000000000001}, {""score"": ""2 - 1"", ""pct"": 9.2}]"
Japan,Spain,Neutral,1.064,1.584,24.7,26.1,49.3,23.9,4.7,6.0,49.5,7.2,8.8,34.6,65.4,"[{""score"": ""0 - 1"", ""pct"": 11.63}, {""score"": ""1 - 1"", ""pct"": 11.52}, {""score"": ""1 - 2"", ""pct"": 9.610000000000001}]"
Japan,Paraguay,Neutral,1.484,0.982,49.2,27.4,23.5,49.0,7.1,9.4,23.3,5.0,6.2,65.5,34.5,"[{""score"": ""1 - 0"", ""pct"": 12.950000000000001}, {""score"": ""1 - 1"", ""pct"": 12.889999999999999}, {""score"": ""2 - 1"", ""pct"": 9.29}]"
Japan,New Zealand,Neutral,1.843,0.725,65.1,22.3,12.6,64.5,7.5,8.9,13.2,2.6,3.2,81.0,19.0,"[{""score"": ""1 - 0"", ""pct"": 14.879999999999999}, {""score"": ""2 - 0"", ""pct"": 12.67}, {""score"": ""1 - 1"", ""pct"": 9.9}]"
Japan,Qatar,Neutral,2.551,0.615,80.0,14.2,5.8,79.9,6.2,5.5,6.0,1.2,1.3,91.5,8.5,"[{""score"": ""2 - 0"", ""pct"": 13.83}, {""score"": ""1 - 0"", ""pct"": 11.540000000000001}, {""score"": ""3 - 0"", ""pct"": 11.16}]"
Japan,Norway,Neutral,1.476,1.064,45.2,27.6,27.2,44.9,7.4,9.2,27.2,4.6,6.7,61.6,38.5,"[{""score"": ""1 - 1"", ""pct"": 12.23}, {""score"": ""1 - 0"", ""pct"": 10.94}, {""score"": ""2 - 1"", ""pct"": 9.66}]"
Japan,Bosnia and Herzegovina,Neutral,2.281,0.65,75.0,17.1,7.9,74.3,7.4,6.8,8.0,1.6,2.0,88.4,11.6,"[{""score"": ""2 - 0"", ""pct"": 13.99}, {""score"": ""1 - 0"", ""pct"": 12.58}, {""score"": ""3 - 0"", ""pct"": 10.35}]"
Japan,Curaçao,Neutral,2.192,0.703,71.7,18.6,9.7,71.8,7.1,7.0,9.9,1.9,2.3,85.8,14.2,"[{""score"": ""1 - 0"", ""pct"": 13.3}, {""score"": ""2 - 0"", ""pct"": 12.950000000000001}, {""score"": ""2 - 1"", ""pct"": 8.870000000000001}]"
Japan,Belgium,Neutral,1.468,1.039,46.5,26.9,26.6,46.2,6.5,9.6,26.2,4.9,6.6,62.3,37.7,"[{""score"": ""1 - 0"", ""pct"": 12.02}, {""score"": ""1 - 1"", ""pct"": 12.01}, {""score"": ""2 - 1"", ""pct"": 9.34}]"
Japan,Switzerland,Neutral,1.5,1.036,48.5,26.8,24.7,47.6,7.0,9.1,25.6,4.6,6.2,63.6,36.4,"[{""score"": ""1 - 0"", ""pct"": 12.65}, {""score"": ""1 - 1"", ""pct"": 12.33}, {""score"": ""2 - 1"", ""pct"": 9.229999999999999}]"
Japan,Germany,Neutral,1.34,1.139,40.6,28.6,30.8,40.9,7.0,8.9,30.9,4.9,7.3,56.9,43.1,"[{""score"": ""1 - 1"", ""pct"": 12.75}, {""score"": ""1 - 0"", ""pct"": 11.51}, {""score"": ""0 - 1"", ""pct"": 9.77}]"
Japan,Egypt,Neutral,1.577,0.874,54.6,26.6,18.8,54.4,8.0,9.7,18.8,3.6,5.4,72.1,27.9,"[{""score"": ""1 - 0"", ""pct"": 14.19}, {""score"": ""1 - 1"", ""pct"": 11.940000000000001}, {""score"": ""2 - 0"", ""pct"": 10.84}]"
Japan,Jordan,Neutral,1.778,0.95,56.8,24.4,18.8,56.4,7.6,9.0,18.9,3.7,4.4,73.0,27.0,"[{""score"": ""1 - 0"", ""pct"": 12.09}, {""score"": ""1 - 1"", ""pct"": 11.04}, {""score"": ""2 - 0"", ""pct"": 10.280000000000001}]"
Japan,South Africa,Neutral,1.787,0.699,62.4,24.9,12.7,63.1,7.4,9.6,13.6,2.6,3.6,80.2,19.9,"[{""score"": ""1 - 0"", ""pct"": 15.18}, {""score"": ""2 - 0"", ""pct"": 12.93}, {""score"": ""1 - 1"", ""pct"": 11.17}]"
Japan,Croatia,Neutral,1.403,1.094,43.6,27.6,28.8,44.5,6.6,9.0,28.2,4.9,6.7,60.2,39.8,"[{""score"": ""1 - 1"", ""pct"": 12.01}, {""score"": ""1 - 0"", ""pct"": 11.78}, {""score"": ""0 - 0"", ""pct"": 9.46}]"
Japan,Haiti,Neutral,1.735,0.799,59.6,24.1,16.3,60.5,7.6,9.1,15.2,3.2,4.5,77.1,22.9,"[{""score"": ""1 - 0"", ""pct"": 14.46}, {""score"": ""2 - 0"", ""pct"": 11.3}, {""score"": ""1 - 1"", ""pct"": 11.21}]"
Japan,United States,Neutral,1.715,1.012,53.1,25.5,21.4,54.3,7.4,8.4,20.7,4.0,5.1,70.2,29.9,"[{""score"": ""1 - 0"", ""pct"": 11.72}, {""score"": ""1 - 1"", ""pct"": 11.360000000000001}, {""score"": ""2 - 1"", ""pct"": 9.41}]"
Japan,Uruguay,Neutral,1.306,1.063,41.5,29.8,28.8,42.1,6.8,9.3,28.7,5.6,7.5,58.2,41.8,"[{""score"": ""1 - 1"", ""pct"": 13.309999999999999}, {""score"": ""1 - 0"", ""pct"": 12.5}, {""score"": ""0 - 0"", ""pct"": 10.93}]"
Japan,South Korea,Neutral,1.447,1.035,45.8,27.6,26.7,46.1,7.4,9.1,26.6,4.6,6.3,62.5,37.5,"[{""score"": ""1 - 1"", ""pct"": 12.78}, {""score"": ""1 - 0"", ""pct"": 12.5}, {""score"": ""0 - 0"", ""pct"": 9.16}]"
Japan,Australia,Neutral,1.427,1.02,45.5,28.2,26.4,46.2,7.0,9.8,25.3,5.1,6.8,62.9,37.1,"[{""score"": ""1 - 0"", ""pct"": 12.53}, {""score"": ""1 - 1"", ""pct"": 12.32}, {""score"": ""0 - 0"", ""pct"": 9.85}]"
Japan,Czech Republic,Neutral,1.805,0.911,58.4,24.2,17.5,59.3,7.3,8.6,16.9,3.3,4.6,75.2,24.8,"[{""score"": ""1 - 0"", ""pct"": 12.82}, {""score"": ""1 - 1"", ""pct"": 11.219999999999999}, {""score"": ""2 - 0"", ""pct"": 10.4}]"
Japan,Cape Verde,Neutral,1.995,0.729,67.4,21.1,11.5,67.6,7.8,7.9,11.3,2.3,3.1,83.3,16.7,"[{""score"": ""1 - 0"", ""pct"": 13.48}, {""score"": ""2 - 0"", ""pct"": 12.83}, {""score"": ""2 - 1"", ""pct"": 9.49}]"
Japan,Ghana,Neutral,2.067,0.667,70.4,19.8,9.9,69.7,7.6,8.0,9.9,1.8,2.9,85.4,14.6,"[{""score"": ""1 - 0"", ""pct"": 14.11}, {""score"": ""2 - 0"", ""pct"": 13.469999999999999}, {""score"": ""3 - 0"", ""pct"": 9.09}]"
Japan,Netherlands,Neutral,1.324,1.119,40.7,28.5,30.8,40.3,6.9,8.7,30.4,5.6,8.0,56.0,44.0,"[{""score"": ""1 - 1"", ""pct"": 12.950000000000001}, {""score"": ""1 - 0"", ""pct"": 11.52}, {""score"": ""0 - 1"", ""pct"": 9.8}]"
Japan,Ivory Coast,Neutral,1.611,0.907,53.0,26.3,20.8,53.9,7.5,9.1,20.2,3.9,5.5,70.4,29.6,"[{""score"": ""1 - 0"", ""pct"": 12.950000000000001}, {""score"": ""1 - 1"", ""pct"": 11.41}, {""score"": ""2 - 1"", ""pct"": 9.98}]"
Japan,Scotland,Neutral,1.71,0.918,56.8,24.2,19.0,55.8,7.4,9.2,19.1,3.8,4.8,72.3,27.7,"[{""score"": ""1 - 0"", ""pct"": 13.59}, {""score"": ""1 - 1"", ""pct"": 11.17}, {""score"": ""2 - 0"", ""pct"": 10.26}]"
Japan,Ecuador,Neutral,1.212,1.115,37.5,30.2,32.3,37.0,6.6,9.1,32.8,6.1,8.6,52.6,47.4,"[{""score"": ""1 - 1"", ""pct"": 13.66}, {""score"": ""1 - 0"", ""pct"": 12.049999999999999}, {""score"": ""0 - 1"", ""pct"": 10.67}]"
Japan,Iran,Neutral,1.425,1.05,45.5,27.4,27.1,45.2,6.9,9.7,26.9,4.9,6.4,61.9,38.1,"[{""score"": ""1 - 1"", ""pct"": 12.44}, {""score"": ""1 - 0"", ""pct"": 12.139999999999999}, {""score"": ""0 - 0"", ""pct"": 9.180000000000001}]"
Japan,Mexico,Neutral,1.242,1.084,39.5,29.6,30.9,39.9,6.2,9.6,31.0,5.4,8.0,55.7,44.3,"[{""score"": ""1 - 1"", ""pct"": 13.450000000000001}, {""score"": ""1 - 0"", ""pct"": 12.07}, {""score"": ""0 - 0"", ""pct"": 10.9}]"
Japan,France,Neutral,1.129,1.424,28.7,28.2,43.1,28.2,5.0,7.0,44.0,7.1,8.7,40.2,59.8,"[{""score"": ""1 - 1"", ""pct"": 12.709999999999999}, {""score"": ""0 - 1"", ""pct"": 11.32}, {""score"": ""0 - 0"", ""pct"": 9.25}]"
Japan,Algeria,Neutral,1.369,1.047,43.8,28.6,27.5,43.6,7.1,9.7,27.4,4.8,7.4,60.4,39.6,"[{""score"": ""1 - 1"", ""pct"": 13.100000000000001}, {""score"": ""1 - 0"", ""pct"": 11.65}, {""score"": ""0 - 0"", ""pct"": 9.51}]"
Japan,Panama,Neutral,1.646,1.034,52.2,25.1,22.7,51.8,7.6,8.6,22.6,4.0,5.3,68.0,32.0,"[{""score"": ""1 - 0"", ""pct"": 11.78}, {""score"": ""1 - 1"", ""pct"": 11.14}, {""score"": ""2 - 1"", ""pct"": 10.36}]"
Japan,Colombia,Neutral,1.212,1.285,34.5,27.7,37.8,33.6,6.0,7.6,37.5,6.3,8.8,47.3,52.7,"[{""score"": ""1 - 1"", ""pct"": 12.520000000000001}, {""score"": ""0 - 1"", ""pct"": 10.72}, {""score"": ""1 - 0"", ""pct"": 10.100000000000001}]"
Japan,Portugal,Neutral,1.207,1.26,34.7,28.0,37.3,34.0,5.7,8.0,38.0,6.0,8.4,47.6,52.4,"[{""score"": ""1 - 1"", ""pct"": 12.43}, {""score"": ""0 - 1"", ""pct"": 10.73}, {""score"": ""1 - 0"", ""pct"": 10.15}]"
Canada,Saudi Arabia,Neutral,1.616,0.933,53.8,25.9,20.3,54.6,7.0,8.9,20.1,3.7,5.8,70.5,29.5,"[{""score"": ""1 - 0"", ""pct"": 12.989999999999998}, {""score"": ""1 - 1"", ""pct"": 11.68}, {""score"": ""2 - 0"", ""pct"": 10.040000000000001}]"
Canada,England,Neutral,0.97,1.495,24.3,26.4,49.3,24.1,4.1,6.6,49.0,7.3,8.9,34.8,65.2,"[{""score"": ""0 - 1"", ""pct"": 13.51}, {""score"": ""1 - 1"", ""pct"": 11.63}, {""score"": ""1 - 2"", ""pct"": 9.139999999999999}]"
Canada,Uzbekistan,Neutral,1.197,1.086,37.1,29.9,32.9,37.5,6.7,8.9,32.2,6.1,8.6,53.1,46.9,"[{""score"": ""1 - 1"", ""pct"": 13.370000000000001}, {""score"": ""1 - 0"", ""pct"": 11.700000000000001}, {""score"": ""0 - 1"", ""pct"": 11.61}]"
Canada,Austria,Neutral,1.229,1.065,38.9,30.0,31.1,39.0,6.3,9.9,31.0,5.6,8.2,55.2,44.8,"[{""score"": ""1 - 1"", ""pct"": 13.239999999999998}, {""score"": ""1 - 0"", ""pct"": 11.97}, {""score"": ""0 - 0"", ""pct"": 11.690000000000001}]"
Canada,Turkey,Neutral,1.108,1.242,31.6,29.3,39.0,31.7,5.2,8.2,39.1,6.5,9.3,45.1,54.9,"[{""score"": ""1 - 1"", ""pct"": 12.57}, {""score"": ""0 - 1"", ""pct"": 12.57}, {""score"": ""0 - 0"", ""pct"": 10.780000000000001}]"
Canada,Morocco,Neutral,0.991,1.369,26.3,29.5,44.2,26.3,4.5,7.0,45.3,7.0,10.0,37.8,62.2,"[{""score"": ""1 - 1"", ""pct"": 13.07}, {""score"": ""0 - 1"", ""pct"": 13.020000000000001}, {""score"": ""0 - 0"", ""pct"": 10.71}]"
Canada,DR Congo,Neutral,1.324,0.904,46.2,29.8,24.0,46.0,6.9,10.9,23.9,4.9,7.4,63.8,36.2,"[{""score"": ""1 - 0"", ""pct"": 13.99}, {""score"": ""1 - 1"", ""pct"": 13.170000000000002}, {""score"": ""0 - 0"", ""pct"": 11.89}]"
Canada,Japan,Neutral,0.975,1.384,25.1,29.3,45.6,26.3,4.9,6.6,45.6,7.0,9.7,37.7,62.3,"[{""score"": ""0 - 1"", ""pct"": 13.25}, {""score"": ""1 - 1"", ""pct"": 13.07}, {""score"": ""0 - 0"", ""pct"": 10.84}]"
Canada,Argentina,Neutral,0.733,1.627,15.2,26.3,58.5,15.1,3.3,4.4,59.7,7.6,9.8,22.9,77.1,"[{""score"": ""0 - 1"", ""pct"": 15.03}, {""score"": ""0 - 2"", ""pct"": 12.41}, {""score"": ""1 - 1"", ""pct"": 11.29}]"
Canada,Tunisia,Neutral,1.437,0.941,47.8,28.3,23.9,47.7,6.7,9.9,24.6,4.9,6.1,64.4,35.6,"[{""score"": ""1 - 0"", ""pct"": 13.8}, {""score"": ""1 - 1"", ""pct"": 13.0}, {""score"": ""0 - 0"", ""pct"": 10.059999999999999}]"
Canada,Brazil,Neutral,1.03,1.537,24.3,26.6,49.0,24.2,4.3,5.8,49.8,7.1,8.7,34.4,65.6,"[{""score"": ""0 - 1"", ""pct"": 12.15}, {""score"": ""1 - 1"", ""pct"": 12.0}, {""score"": ""1 - 2"", ""pct"": 9.59}]"
Canada,Iraq,Neutral,1.394,0.917,48.1,27.9,23.9,48.3,6.7,10.2,23.7,4.5,6.5,65.2,34.8,"[{""score"": ""1 - 0"", ""pct"": 14.11}, {""score"": ""1 - 1"", ""pct"": 12.34}, {""score"": ""0 - 0"", ""pct"": 10.32}]"
Canada,Sweden,Neutral,1.713,1.003,54.2,24.9,20.9,53.6,8.0,8.3,21.0,4.0,5.1,70.0,30.0,"[{""score"": ""1 - 0"", ""pct"": 11.559999999999999}, {""score"": ""1 - 1"", ""pct"": 11.3}, {""score"": ""2 - 1"", ""pct"": 9.5}]"
Canada,Senegal,Neutral,1.158,1.235,32.7,29.5,37.8,33.8,5.9,8.0,37.5,6.0,8.8,47.7,52.3,"[{""score"": ""1 - 1"", ""pct"": 13.309999999999999}, {""score"": ""0 - 1"", ""pct"": 11.57}, {""score"": ""1 - 0"", ""pct"": 10.4}]"
Canada,Spain,Neutral,0.783,1.643,16.4,26.0,57.6,16.5,3.5,4.8,58.2,7.4,9.6,24.8,75.2,"[{""score"": ""0 - 1"", ""pct"": 14.540000000000001}, {""score"": ""0 - 2"", ""pct"": 11.5}, {""score"": ""1 - 1"", ""pct"": 11.29}]"
Canada,Paraguay,Neutral,1.163,1.129,35.7,29.9,34.4,35.8,6.2,9.4,34.3,5.6,8.7,51.4,48.6,"[{""score"": ""1 - 1"", ""pct"": 13.52}, {""score"": ""1 - 0"", ""pct"": 12.19}, {""score"": ""0 - 1"", ""pct"": 11.65}]"
Canada,New Zealand,Neutral,1.658,0.956,53.6,25.7,20.6,53.8,7.5,8.7,21.1,3.8,5.1,70.0,30.0,"[{""score"": ""1 - 0"", ""pct"": 12.520000000000001}, {""score"": ""1 - 1"", ""pct"": 11.459999999999999}, {""score"": ""2 - 1"", ""pct"": 10.22}]"
Canada,Qatar,Neutral,2.032,0.669,69.3,20.3,10.4,69.9,7.2,8.1,10.3,2.0,2.5,85.2,14.8,"[{""score"": ""1 - 0"", ""pct"": 14.149999999999999}, {""score"": ""2 - 0"", ""pct"": 13.87}, {""score"": ""1 - 1"", ""pct"": 9.34}]"
Canada,Norway,Neutral,1.115,1.255,32.3,29.4,38.3,31.8,5.9,8.5,38.2,6.7,8.9,46.1,53.9,"[{""score"": ""1 - 1"", ""pct"": 13.459999999999999}, {""score"": ""0 - 1"", ""pct"": 11.82}, {""score"": ""0 - 0"", ""pct"": 10.620000000000001}]"
Canada,Bosnia and Herzegovina,Neutral,1.836,0.72,64.3,22.8,12.8,63.9,7.8,8.7,13.0,2.9,3.6,80.5,19.5,"[{""score"": ""1 - 0"", ""pct"": 14.82}, {""score"": ""2 - 0"", ""pct"": 12.920000000000002}, {""score"": ""2 - 1"", ""pct"": 9.64}]"
Canada,Curaçao,Neutral,1.871,0.765,63.9,22.6,13.5,63.8,7.8,8.9,13.5,2.6,3.4,80.5,19.5,"[{""score"": ""1 - 0"", ""pct"": 13.77}, {""score"": ""2 - 0"", ""pct"": 12.58}, {""score"": ""1 - 1"", ""pct"": 9.959999999999999}]"
Canada,Belgium,Neutral,1.128,1.258,32.4,28.9,38.7,32.0,5.7,8.1,38.6,6.9,8.8,45.8,54.2,"[{""score"": ""1 - 1"", ""pct"": 13.270000000000001}, {""score"": ""0 - 1"", ""pct"": 11.219999999999999}, {""score"": ""1 - 0"", ""pct"": 10.81}]"
Canada,Switzerland,Neutral,1.172,1.197,34.7,29.6,35.7,34.9,5.9,8.0,36.4,6.2,8.6,48.8,51.1,"[{""score"": ""1 - 1"", ""pct"": 13.3}, {""score"": ""0 - 1"", ""pct"": 10.8}, {""score"": ""1 - 0"", ""pct"": 10.65}]"
Canada,Germany,Neutral,1.035,1.389,26.8,27.7,45.4,27.8,4.9,6.7,44.8,7.1,8.7,39.3,60.7,"[{""score"": ""0 - 1"", ""pct"": 12.83}, {""score"": ""1 - 1"", ""pct"": 11.97}, {""score"": ""0 - 0"", ""pct"": 10.15}]"
Canada,Egypt,Neutral,1.313,0.954,43.9,30.2,25.9,44.4,6.8,9.8,26.4,5.1,7.5,61.0,39.0,"[{""score"": ""1 - 0"", ""pct"": 13.900000000000002}, {""score"": ""1 - 1"", ""pct"": 13.700000000000001}, {""score"": ""0 - 0"", ""pct"": 11.459999999999999}]"
Canada,Jordan,Neutral,1.534,1.035,48.1,27.6,24.2,48.5,7.0,8.9,24.7,4.5,6.3,64.5,35.5,"[{""score"": ""1 - 1"", ""pct"": 12.36}, {""score"": ""1 - 0"", ""pct"": 12.29}, {""score"": ""2 - 1"", ""pct"": 9.06}]"
Canada,South Africa,Neutral,1.653,0.843,56.1,25.8,18.1,55.8,7.7,9.7,18.1,3.7,5.0,73.3,26.7,"[{""score"": ""1 - 0"", ""pct"": 13.969999999999999}, {""score"": ""2 - 0"", ""pct"": 11.16}, {""score"": ""1 - 1"", ""pct"": 11.12}]"
Canada,Croatia,Neutral,1.124,1.246,32.4,29.5,38.1,32.3,5.5,8.0,38.2,6.8,9.2,45.8,54.2,"[{""score"": ""1 - 1"", ""pct"": 13.11}, {""score"": ""0 - 1"", ""pct"": 11.28}, {""score"": ""0 - 0"", ""pct"": 10.81}]"
Canada,Haiti,Neutral,1.515,0.975,49.9,27.5,22.6,50.2,7.5,9.6,22.8,4.3,5.5,67.3,32.7,"[{""score"": ""1 - 0"", ""pct"": 12.98}, {""score"": ""1 - 1"", ""pct"": 12.75}, {""score"": ""2 - 0"", ""pct"": 9.43}]"
Canada,United States,Neutral,1.377,1.092,42.4,28.6,29.0,42.1,6.5,9.2,29.0,5.2,7.8,57.9,42.1,"[{""score"": ""1 - 1"", ""pct"": 12.68}, {""score"": ""1 - 0"", ""pct"": 11.39}, {""score"": ""0 - 0"", ""pct"": 9.569999999999999}]"
Canada,Uruguay,Neutral,1.052,1.316,29.3,28.6,42.0,28.1,5.1,7.6,42.8,7.3,9.2,40.7,59.3,"[{""score"": ""1 - 1"", ""pct"": 13.020000000000001}, {""score"": ""0 - 1"", ""pct"": 12.41}, {""score"": ""0 - 0"", ""pct"": 10.15}]"
Canada,South Korea,Neutral,1.15,1.216,34.2,29.7,36.1,33.7,5.8,8.0,36.6,6.6,9.2,47.6,52.4,"[{""score"": ""1 - 1"", ""pct"": 13.15}, {""score"": ""0 - 1"", ""pct"": 11.33}, {""score"": ""1 - 0"", ""pct"": 11.219999999999999}]"
Canada,Australia,Neutral,1.091,1.214,31.6,29.6,38.8,32.0,6.2,8.7,37.7,6.3,9.0,47.0,53.0,"[{""score"": ""1 - 1"", ""pct"": 13.239999999999998}, {""score"": ""0 - 1"", ""pct"": 12.18}, {""score"": ""0 - 0"", ""pct"": 10.979999999999999}]"
Canada,Czech Republic,Neutral,1.493,0.992,48.2,27.9,24.0,49.0,7.2,9.5,24.1,4.4,5.9,65.7,34.3,"[{""score"": ""1 - 1"", ""pct"": 12.889999999999999}, {""score"": ""1 - 0"", ""pct"": 11.98}, {""score"": ""0 - 0"", ""pct"": 9.62}]"
Canada,Cape Verde,Neutral,1.715,0.791,59.3,24.8,15.9,59.6,7.4,9.8,15.6,3.0,4.5,76.9,23.1,"[{""score"": ""1 - 0"", ""pct"": 14.44}, {""score"": ""2 - 0"", ""pct"": 12.15}, {""score"": ""1 - 1"", ""pct"": 10.95}]"
Canada,Ghana,Neutral,1.744,0.743,60.9,23.9,15.2,60.6,7.8,9.7,14.7,3.0,4.2,78.1,21.9,"[{""score"": ""1 - 0"", ""pct"": 14.78}, {""score"": ""2 - 0"", ""pct"": 12.770000000000001}, {""score"": ""1 - 1"", ""pct"": 10.91}]"
Canada,Netherlands,Neutral,1.038,1.373,27.6,28.8,43.6,27.2,5.4,7.0,43.9,7.0,9.4,39.6,60.4,"[{""score"": ""1 - 1"", ""pct"": 13.07}, {""score"": ""0 - 1"", ""pct"": 11.77}, {""score"": ""0 - 0"", ""pct"": 10.11}]"
Canada,Ivory Coast,Neutral,1.351,1.011,44.0,28.9,27.1,43.8,7.0,10.1,26.6,5.2,7.3,60.9,39.1,"[{""score"": ""1 - 1"", ""pct"": 13.270000000000001}, {""score"": ""1 - 0"", ""pct"": 12.959999999999999}, {""score"": ""0 - 0"", ""pct"": 10.25}]"
Canada,Scotland,Neutral,1.458,1.033,46.4,27.3,26.3,46.0,7.5,9.1,25.7,5.3,6.4,62.6,37.4,"[{""score"": ""1 - 0"", ""pct"": 12.950000000000001}, {""score"": ""1 - 1"", ""pct"": 12.740000000000002}, {""score"": ""0 - 0"", ""pct"": 8.94}]"
Canada,Ecuador,Neutral,1.005,1.301,27.7,29.3,43.0,28.3,5.0,7.6,42.5,6.8,9.9,40.9,59.1,"[{""score"": ""0 - 1"", ""pct"": 13.139999999999999}, {""score"": ""1 - 1"", ""pct"": 12.520000000000001}, {""score"": ""0 - 0"", ""pct"": 11.3}]"
Canada,Iran,Neutral,1.1,1.243,31.2,30.0,38.8,30.8,5.7,8.3,39.7,6.7,8.8,44.8,55.2,"[{""score"": ""1 - 1"", ""pct"": 13.54}, {""score"": ""0 - 1"", ""pct"": 12.139999999999999}, {""score"": ""0 - 0"", ""pct"": 10.74}]"
Canada,Mexico,Neutral,0.99,1.31,26.9,29.4,43.7,27.4,5.2,7.5,42.8,6.9,10.1,40.1,59.8,"[{""score"": ""0 - 1"", ""pct"": 13.08}, {""score"": ""1 - 1"", ""pct"": 13.05}, {""score"": ""0 - 0"", ""pct"": 11.219999999999999}]"
Canada,France,Neutral,0.937,1.541,21.6,27.4,50.9,21.9,4.3,5.6,51.1,7.6,9.6,31.8,68.2,"[{""score"": ""0 - 1"", ""pct"": 13.43}, {""score"": ""1 - 1"", ""pct"": 12.479999999999999}, {""score"": ""1 - 2"", ""pct"": 9.85}]"
Canada,Algeria,Neutral,1.088,1.162,32.6,30.6,36.8,33.0,6.2,8.6,36.5,6.2,9.5,47.8,52.2,"[{""score"": ""1 - 1"", ""pct"": 12.82}, {""score"": ""0 - 0"", ""pct"": 12.4}, {""score"": ""0 - 1"", ""pct"": 12.16}]"
Canada,Panama,Neutral,1.35,1.137,40.8,28.1,31.1,41.8,6.7,8.8,29.7,5.5,7.5,57.3,42.7,"[{""score"": ""1 - 1"", ""pct"": 12.870000000000001}, {""score"": ""1 - 0"", ""pct"": 11.5}, {""score"": ""0 - 1"", ""pct"": 9.3}]"
Canada,Colombia,Neutral,1.031,1.507,25.7,27.3,47.0,24.8,4.5,5.9,48.0,7.4,9.4,35.2,64.8,"[{""score"": ""1 - 1"", ""pct"": 12.43}, {""score"": ""0 - 1"", ""pct"": 11.540000000000001}, {""score"": ""1 - 2"", ""pct"": 9.09}]"
Canada,Portugal,Neutral,1.055,1.44,26.2,27.2,46.6,26.4,5.2,6.6,45.4,7.2,9.1,38.2,61.8,"[{""score"": ""0 - 1"", ""pct"": 12.34}, {""score"": ""1 - 1"", ""pct"": 12.17}, {""score"": ""0 - 0"", ""pct"": 9.26}]"
Argentina,Saudi Arabia,Neutral,2.298,0.636,76.3,16.3,7.4,75.3,7.1,6.6,7.8,1.5,1.7,89.0,10.9,"[{""score"": ""2 - 0"", ""pct"": 13.600000000000001}, {""score"": ""1 - 0"", ""pct"": 13.100000000000001}, {""score"": ""3 - 0"", ""pct"": 10.459999999999999}]"
Argentina,England,Neutral,1.417,1.06,45.0,27.8,27.2,44.5,7.3,8.9,27.7,4.8,6.7,60.7,39.2,"[{""score"": ""1 - 0"", ""pct"": 12.04}, {""score"": ""1 - 1"", ""pct"": 11.99}, {""score"": ""0 - 0"", ""pct"": 9.82}]"
Argentina,Uzbekistan,Neutral,1.717,0.711,62.4,23.8,13.8,61.7,7.6,9.7,14.4,2.8,3.8,79.0,21.0,"[{""score"": ""1 - 0"", ""pct"": 16.1}, {""score"": ""2 - 0"", ""pct"": 12.479999999999999}, {""score"": ""1 - 1"", ""pct"": 10.52}]"
Argentina,Austria,Neutral,1.705,0.754,60.8,24.8,14.4,60.0,7.7,9.5,15.7,2.9,4.3,77.1,22.9,"[{""score"": ""1 - 0"", ""pct"": 15.64}, {""score"": ""2 - 0"", ""pct"": 12.26}, {""score"": ""1 - 1"", ""pct"": 10.99}]"
Argentina,Turkey,Neutral,1.71,0.875,57.3,24.4,18.4,56.7,7.7,9.6,17.8,3.4,4.8,74.0,25.9,"[{""score"": ""1 - 0"", ""pct"": 14.01}, {""score"": ""1 - 1"", ""pct"": 11.37}, {""score"": ""2 - 0"", ""pct"": 10.97}]"
Argentina,Morocco,Neutral,1.575,1.063,48.4,26.8,24.8,49.5,7.6,9.1,23.8,4.4,5.6,66.2,33.8,"[{""score"": ""1 - 1"", ""pct"": 12.18}, {""score"": ""1 - 0"", ""pct"": 10.74}, {""score"": ""2 - 1"", ""pct"": 9.67}]"
Argentina,DR Congo,Neutral,1.915,0.65,68.1,21.0,10.9,68.2,7.5,8.2,10.8,2.3,3.1,83.8,16.2,"[{""score"": ""1 - 0"", ""pct"": 15.35}, {""score"": ""2 - 0"", ""pct"": 13.81}, {""score"": ""2 - 1"", ""pct"": 9.35}]"
Argentina,Japan,Neutral,1.564,1.057,48.9,26.5,24.6,48.1,6.7,8.5,26.0,4.3,6.3,63.4,36.6,"[{""score"": ""1 - 1"", ""pct"": 12.08}, {""score"": ""1 - 0"", ""pct"": 11.58}, {""score"": ""2 - 1"", ""pct"": 9.51}]"
Argentina,Canada,Neutral,1.627,0.733,59.5,25.5,15.0,58.5,7.6,10.3,16.1,2.9,4.6,76.4,23.6,"[{""score"": ""1 - 0"", ""pct"": 15.49}, {""score"": ""2 - 0"", ""pct"": 12.57}, {""score"": ""1 - 1"", ""pct"": 10.780000000000001}]"
Argentina,Tunisia,Neutral,2.007,0.643,70.4,20.0,9.5,70.8,6.5,8.3,9.6,2.0,2.8,85.7,14.3,"[{""score"": ""1 - 0"", ""pct"": 15.25}, {""score"": ""2 - 0"", ""pct"": 14.12}, {""score"": ""3 - 0"", ""pct"": 9.6}]"
Argentina,Brazil,Neutral,1.602,1.092,48.5,26.7,24.8,49.2,6.7,8.6,24.9,4.9,5.7,64.5,35.6,"[{""score"": ""1 - 1"", ""pct"": 11.959999999999999}, {""score"": ""1 - 0"", ""pct"": 10.89}, {""score"": ""2 - 1"", ""pct"": 9.629999999999999}]"
Argentina,Iraq,Neutral,1.962,0.623,69.3,20.7,9.9,69.5,7.4,8.5,9.7,2.1,2.8,85.4,14.5,"[{""score"": ""1 - 0"", ""pct"": 15.7}, {""score"": ""2 - 0"", ""pct"": 14.180000000000001}, {""score"": ""3 - 0"", ""pct"": 9.07}]"
Argentina,Sweden,Neutral,2.411,0.684,75.8,16.6,7.7,76.0,6.8,6.1,7.7,1.6,1.8,88.9,11.1,"[{""score"": ""2 - 0"", ""pct"": 13.469999999999999}, {""score"": ""1 - 0"", ""pct"": 11.73}, {""score"": ""3 - 0"", ""pct"": 10.7}]"
Argentina,Senegal,Neutral,1.723,0.874,57.5,25.3,17.2,57.7,7.1,9.0,17.9,3.7,4.6,73.8,26.2,"[{""score"": ""1 - 0"", ""pct"": 12.839999999999998}, {""score"": ""1 - 1"", ""pct"": 11.68}, {""score"": ""2 - 0"", ""pct"": 11.18}]"
Argentina,Spain,Neutral,1.206,1.207,35.2,29.0,35.7,35.0,6.2,8.8,35.2,6.5,8.3,50.1,49.9,"[{""score"": ""1 - 1"", ""pct"": 13.420000000000002}, {""score"": ""0 - 1"", ""pct"": 11.37}, {""score"": ""1 - 0"", ""pct"": 11.09}]"
Argentina,Paraguay,Neutral,1.751,0.764,61.9,23.6,14.5,61.2,7.5,9.4,14.9,3.0,4.0,78.1,21.9,"[{""score"": ""1 - 0"", ""pct"": 13.94}, {""score"": ""2 - 0"", ""pct"": 12.479999999999999}, {""score"": ""1 - 1"", ""pct"": 10.34}]"
Argentina,New Zealand,Neutral,2.386,0.656,76.4,16.0,7.6,77.0,6.6,6.1,7.3,1.2,1.8,89.7,10.3,"[{""score"": ""2 - 0"", ""pct"": 14.280000000000001}, {""score"": ""1 - 0"", ""pct"": 11.81}, {""score"": ""3 - 0"", ""pct"": 10.4}]"
Argentina,Qatar,Neutral,3.042,0.534,87.7,9.0,3.3,87.5,4.8,3.2,3.3,0.6,0.6,95.5,4.5,"[{""score"": ""2 - 0"", ""pct"": 13.209999999999999}, {""score"": ""3 - 0"", ""pct"": 13.03}, {""score"": ""4 - 0"", ""pct"": 9.75}]"
Argentina,Norway,Neutral,1.739,0.876,57.1,25.4,17.5,58.3,7.1,9.3,17.7,3.2,4.5,74.7,25.3,"[{""score"": ""1 - 0"", ""pct"": 13.020000000000001}, {""score"": ""1 - 1"", ""pct"": 11.450000000000001}, {""score"": ""2 - 0"", ""pct"": 10.7}]"
Argentina,Bosnia and Herzegovina,Neutral,2.604,0.595,81.7,13.2,5.1,81.4,6.0,5.1,5.2,1.0,1.2,92.6,7.4,"[{""score"": ""2 - 0"", ""pct"": 14.27}, {""score"": ""3 - 0"", ""pct"": 11.67}, {""score"": ""1 - 0"", ""pct"": 11.24}]"
Argentina,Curaçao,Neutral,2.653,0.56,82.3,13.2,4.5,82.7,5.7,4.5,5.1,0.9,1.1,92.8,7.2,"[{""score"": ""2 - 0"", ""pct"": 14.44}, {""score"": ""3 - 0"", ""pct"": 12.1}, {""score"": ""1 - 0"", ""pct"": 11.06}]"
Argentina,Belgium,Neutral,1.708,0.858,57.8,24.7,17.5,56.2,7.7,9.7,18.4,3.2,4.8,73.6,26.4,"[{""score"": ""1 - 0"", ""pct"": 13.58}, {""score"": ""2 - 0"", ""pct"": 11.85}, {""score"": ""1 - 1"", ""pct"": 10.870000000000001}]"
Argentina,Switzerland,Neutral,1.766,0.839,59.1,24.1,16.8,59.5,8.0,8.9,16.5,3.1,4.0,76.4,23.6,"[{""score"": ""1 - 0"", ""pct"": 13.23}, {""score"": ""2 - 0"", ""pct"": 11.62}, {""score"": ""1 - 1"", ""pct"": 11.25}]"
Argentina,Germany,Neutral,1.72,1.045,52.6,25.2,22.2,52.7,7.6,8.1,22.2,3.9,5.5,68.5,31.6,"[{""score"": ""1 - 0"", ""pct"": 11.55}, {""score"": ""1 - 1"", ""pct"": 11.200000000000001}, {""score"": ""2 - 0"", ""pct"": 9.22}]"
Argentina,Egypt,Neutral,1.783,0.701,63.1,24.1,12.8,63.9,7.1,9.5,13.3,2.3,3.9,80.5,19.4,"[{""score"": ""1 - 0"", ""pct"": 15.64}, {""score"": ""2 - 0"", ""pct"": 12.65}, {""score"": ""1 - 1"", ""pct"": 10.14}]"
Argentina,Jordan,Neutral,2.075,0.81,66.3,21.1,12.6,67.3,6.9,7.3,12.6,2.4,3.5,81.5,18.5,"[{""score"": ""2 - 0"", ""pct"": 11.93}, {""score"": ""1 - 0"", ""pct"": 11.82}, {""score"": ""1 - 1"", ""pct"": 10.05}]"
Argentina,South Africa,Neutral,2.158,0.593,74.4,17.7,8.0,74.7,6.7,7.0,7.8,1.7,2.2,88.3,11.7,"[{""score"": ""2 - 0"", ""pct"": 14.729999999999999}, {""score"": ""1 - 0"", ""pct"": 14.69}, {""score"": ""3 - 0"", ""pct"": 10.5}]"
Argentina,Croatia,Neutral,1.755,0.899,57.2,24.8,18.0,57.5,7.6,8.9,17.8,3.5,4.6,74.1,25.9,"[{""score"": ""1 - 0"", ""pct"": 12.389999999999999}, {""score"": ""1 - 1"", ""pct"": 10.9}, {""score"": ""2 - 0"", ""pct"": 10.73}]"
Argentina,Haiti,Neutral,2.033,0.693,69.9,19.7,10.4,70.2,7.3,8.3,10.2,1.8,2.1,85.8,14.2,"[{""score"": ""1 - 0"", ""pct"": 14.149999999999999}, {""score"": ""2 - 0"", ""pct"": 13.54}, {""score"": ""2 - 1"", ""pct"": 9.92}]"
Argentina,United States,Neutral,1.888,0.763,64.6,21.7,13.7,64.5,7.7,8.4,13.2,2.6,3.6,80.6,19.4,"[{""score"": ""1 - 0"", ""pct"": 14.219999999999999}, {""score"": ""2 - 0"", ""pct"": 12.72}, {""score"": ""1 - 1"", ""pct"": 9.75}]"
Argentina,Uruguay,Neutral,1.67,0.926,55.1,25.1,19.8,54.5,7.4,9.1,20.0,3.9,5.0,71.0,29.0,"[{""score"": ""1 - 0"", ""pct"": 12.8}, {""score"": ""1 - 1"", ""pct"": 11.14}, {""score"": ""2 - 0"", ""pct"": 10.08}]"
Argentina,South Korea,Neutral,1.711,0.829,57.5,25.8,16.7,57.5,7.6,9.6,17.1,3.6,4.7,74.6,25.4,"[{""score"": ""1 - 0"", ""pct"": 13.459999999999999}, {""score"": ""2 - 0"", ""pct"": 11.469999999999999}, {""score"": ""1 - 1"", ""pct"": 11.27}]"
Argentina,Australia,Neutral,1.665,0.862,56.3,25.9,17.8,57.2,7.3,9.2,18.0,3.6,4.7,73.8,26.2,"[{""score"": ""1 - 0"", ""pct"": 13.819999999999999}, {""score"": ""1 - 1"", ""pct"": 11.93}, {""score"": ""2 - 0"", ""pct"": 10.43}]"
Argentina,Czech Republic,Neutral,2.09,0.759,68.9,20.0,11.1,68.4,7.9,7.2,11.6,2.3,2.5,83.5,16.4,"[{""score"": ""1 - 0"", ""pct"": 12.590000000000002}, {""score"": ""2 - 0"", ""pct"": 12.24}, {""score"": ""2 - 1"", ""pct"": 9.82}]"
Argentina,Cape Verde,Neutral,2.262,0.65,74.6,17.3,8.1,75.5,6.1,6.6,8.6,1.3,1.9,88.2,11.8,"[{""score"": ""2 - 0"", ""pct"": 13.91}, {""score"": ""1 - 0"", ""pct"": 13.450000000000001}, {""score"": ""3 - 0"", ""pct"": 9.74}]"
Argentina,Ghana,Neutral,2.488,0.538,80.3,14.3,5.3,81.1,5.5,5.9,5.3,1.0,1.3,92.5,7.5,"[{""score"": ""2 - 0"", ""pct"": 15.43}, {""score"": ""1 - 0"", ""pct"": 12.45}, {""score"": ""3 - 0"", ""pct"": 11.62}]"
Argentina,Netherlands,Neutral,1.66,0.998,53.1,25.9,21.0,52.9,7.3,8.5,21.6,4.4,5.3,68.8,31.2,"[{""score"": ""1 - 0"", ""pct"": 12.04}, {""score"": ""1 - 1"", ""pct"": 11.74}, {""score"": ""2 - 1"", ""pct"": 9.92}]"
Argentina,Ivory Coast,Neutral,1.888,0.76,65.1,21.7,13.1,64.3,7.3,8.8,13.3,2.5,3.8,80.4,19.6,"[{""score"": ""1 - 0"", ""pct"": 13.52}, {""score"": ""2 - 0"", ""pct"": 12.659999999999998}, {""score"": ""2 - 1"", ""pct"": 10.07}]"
Argentina,Scotland,Neutral,2.035,0.754,67.4,20.5,12.2,67.1,7.3,8.1,12.2,2.5,2.7,82.5,17.5,"[{""score"": ""1 - 0"", ""pct"": 13.08}, {""score"": ""2 - 0"", ""pct"": 12.879999999999999}, {""score"": ""1 - 1"", ""pct"": 9.45}]"
Argentina,Ecuador,Neutral,1.563,0.985,50.9,26.2,22.8,50.2,7.2,8.9,23.4,4.2,5.9,66.4,33.6,"[{""score"": ""1 - 0"", ""pct"": 12.629999999999999}, {""score"": ""1 - 1"", ""pct"": 11.92}, {""score"": ""2 - 0"", ""pct"": 9.78}]"
Argentina,Iran,Neutral,1.657,0.834,56.6,25.6,17.7,57.4,7.3,9.3,17.5,3.4,5.0,74.0,26.0,"[{""score"": ""1 - 0"", ""pct"": 14.62}, {""score"": ""1 - 1"", ""pct"": 11.459999999999999}, {""score"": ""2 - 0"", ""pct"": 10.93}]"
Argentina,Mexico,Neutral,1.566,0.961,51.6,26.1,22.3,51.6,7.1,9.4,21.5,4.4,5.9,68.2,31.8,"[{""score"": ""1 - 0"", ""pct"": 12.65}, {""score"": ""1 - 1"", ""pct"": 11.84}, {""score"": ""2 - 1"", ""pct"": 9.68}]"
Argentina,France,Neutral,1.557,1.083,48.4,26.5,25.1,47.1,7.3,8.7,26.0,4.7,6.2,63.0,37.0,"[{""score"": ""1 - 1"", ""pct"": 12.3}, {""score"": ""1 - 0"", ""pct"": 11.85}, {""score"": ""2 - 1"", ""pct"": 9.87}]"
Argentina,Algeria,Neutral,1.605,0.793,56.9,25.8,17.3,56.8,7.3,10.0,17.6,3.2,5.1,74.1,25.9,"[{""score"": ""1 - 0"", ""pct"": 15.260000000000002}, {""score"": ""2 - 0"", ""pct"": 11.219999999999999}, {""score"": ""1 - 1"", ""pct"": 10.95}]"
Argentina,Panama,Neutral,1.926,0.792,64.4,22.2,13.4,63.9,7.2,8.4,14.1,2.7,3.7,79.4,20.6,"[{""score"": ""1 - 0"", ""pct"": 13.01}, {""score"": ""2 - 0"", ""pct"": 12.22}, {""score"": ""2 - 1"", ""pct"": 9.99}]"
Argentina,Colombia,Neutral,1.591,1.075,48.7,25.8,25.5,49.2,7.5,8.8,24.3,4.3,5.9,65.5,34.5,"[{""score"": ""1 - 1"", ""pct"": 11.81}, {""score"": ""1 - 0"", ""pct"": 11.65}, {""score"": ""2 - 1"", ""pct"": 9.32}]"
Argentina,Portugal,Neutral,1.599,1.071,49.9,26.1,24.0,49.0,7.4,8.5,24.7,4.6,5.7,64.9,35.1,"[{""score"": ""1 - 1"", ""pct"": 11.99}, {""score"": ""1 - 0"", ""pct"": 11.92}, {""score"": ""2 - 1"", ""pct"": 9.28}]"
Tunisia,Saudi Arabia,Neutral,1.292,1.103,39.7,29.0,31.4,39.9,6.4,9.4,30.5,5.9,7.9,55.7,44.3,"[{""score"": ""1 - 1"", ""pct"": 13.04}, {""score"": ""1 - 0"", ""pct"": 11.799999999999999}, {""score"": ""0 - 1"", ""pct"": 10.43}]"
Tunisia,England,Neutral,0.712,1.72,13.7,24.4,61.9,14.1,2.7,4.1,60.7,8.1,10.4,20.9,79.1,"[{""score"": ""0 - 1"", ""pct"": 15.4}, {""score"": ""0 - 2"", ""pct"": 12.870000000000001}, {""score"": ""1 - 1"", ""pct"": 10.45}]"
Tunisia,Uzbekistan,Neutral,1.001,1.396,26.6,28.5,44.9,25.6,4.9,7.0,45.6,7.6,9.4,37.4,62.6,"[{""score"": ""0 - 1"", ""pct"": 12.82}, {""score"": ""1 - 1"", ""pct"": 12.76}, {""score"": ""0 - 0"", ""pct"": 10.24}]"
Tunisia,Austria,Neutral,0.988,1.418,24.7,28.6,46.7,25.3,4.7,7.1,45.9,7.0,10.0,37.1,62.9,"[{""score"": ""1 - 1"", ""pct"": 13.11}, {""score"": ""0 - 1"", ""pct"": 12.91}, {""score"": ""0 - 0"", ""pct"": 10.07}]"
Tunisia,Turkey,Neutral,0.972,1.574,22.5,26.4,51.1,21.9,4.3,6.0,51.4,7.6,8.8,32.2,67.8,"[{""score"": ""0 - 1"", ""pct"": 12.47}, {""score"": ""1 - 1"", ""pct"": 12.01}, {""score"": ""0 - 2"", ""pct"": 9.34}]"
Tunisia,Morocco,Neutral,0.768,1.685,15.9,23.7,60.4,15.7,3.3,4.6,59.2,8.1,9.1,23.6,76.4,"[{""score"": ""0 - 1"", ""pct"": 14.790000000000001}, {""score"": ""0 - 2"", ""pct"": 12.58}, {""score"": ""1 - 1"", ""pct"": 10.37}]"
Tunisia,DR Congo,Neutral,1.034,1.129,32.4,30.8,36.9,31.3,5.5,9.1,37.9,6.4,9.8,45.9,54.1,"[{""score"": ""1 - 1"", ""pct"": 13.350000000000001}, {""score"": ""0 - 1"", ""pct"": 13.01}, {""score"": ""0 - 0"", ""pct"": 12.64}]"
Tunisia,Japan,Neutral,0.769,1.658,16.0,25.4,58.6,15.8,3.1,4.6,58.8,7.6,10.2,23.4,76.6,"[{""score"": ""0 - 1"", ""pct"": 15.36}, {""score"": ""0 - 2"", ""pct"": 12.09}, {""score"": ""1 - 1"", ""pct"": 11.559999999999999}]"
Tunisia,Canada,Neutral,0.941,1.437,24.5,27.6,47.9,23.8,4.4,6.7,48.2,7.1,9.8,34.9,65.1,"[{""score"": ""0 - 1"", ""pct"": 12.709999999999999}, {""score"": ""1 - 1"", ""pct"": 12.24}, {""score"": ""0 - 0"", ""pct"": 10.12}]"
Tunisia,Argentina,Neutral,0.643,2.007,9.6,20.6,69.8,9.4,2.0,3.1,70.1,7.1,8.3,14.5,85.5,"[{""score"": ""0 - 1"", ""pct"": 14.63}, {""score"": ""0 - 2"", ""pct"": 13.51}, {""score"": ""1 - 2"", ""pct"": 9.21}]"
Tunisia,Brazil,Neutral,0.763,1.805,13.9,23.5,62.5,14.4,2.8,4.1,61.7,7.7,9.2,21.4,78.6,"[{""score"": ""0 - 1"", ""pct"": 14.549999999999999}, {""score"": ""0 - 2"", ""pct"": 12.49}, {""score"": ""1 - 1"", ""pct"": 10.209999999999999}]"
Tunisia,Iraq,Neutral,1.123,1.11,34.5,30.4,35.1,34.7,6.2,9.5,34.1,6.5,8.9,50.4,49.6,"[{""score"": ""1 - 1"", ""pct"": 13.33}, {""score"": ""0 - 1"", ""pct"": 12.590000000000002}, {""score"": ""0 - 0"", ""pct"": 11.77}]"
Tunisia,Sweden,Neutral,1.351,1.136,41.6,27.6,30.7,41.8,6.6,8.8,30.0,5.4,7.4,57.2,42.8,"[{""score"": ""1 - 1"", ""pct"": 12.58}, {""score"": ""1 - 0"", ""pct"": 11.379999999999999}, {""score"": ""0 - 1"", ""pct"": 9.54}]"
Tunisia,Senegal,Neutral,1.008,1.564,23.2,27.6,49.2,24.2,4.3,6.1,49.4,7.3,8.6,34.6,65.4,"[{""score"": ""0 - 1"", ""pct"": 12.53}, {""score"": ""1 - 1"", ""pct"": 12.34}, {""score"": ""0 - 2"", ""pct"": 9.16}]"
Tunisia,Spain,Neutral,0.666,2.002,10.2,20.4,69.4,10.5,2.2,2.8,68.5,7.9,8.1,15.5,84.5,"[{""score"": ""0 - 1"", ""pct"": 14.37}, {""score"": ""0 - 2"", ""pct"": 13.700000000000001}, {""score"": ""0 - 3"", ""pct"": 9.370000000000001}]"
Tunisia,Paraguay,Neutral,1.011,1.498,25.3,26.4,48.3,25.2,5.0,6.3,47.1,6.8,9.5,36.5,63.5,"[{""score"": ""0 - 1"", ""pct"": 12.8}, {""score"": ""1 - 1"", ""pct"": 12.11}, {""score"": ""1 - 2"", ""pct"": 9.6}]"
Tunisia,New Zealand,Neutral,1.315,1.112,41.9,27.4,30.6,41.4,6.4,8.9,30.4,5.4,7.4,56.7,43.3,"[{""score"": ""1 - 1"", ""pct"": 13.07}, {""score"": ""1 - 0"", ""pct"": 12.15}, {""score"": ""0 - 1"", ""pct"": 9.39}]"
Tunisia,Qatar,Neutral,1.745,0.933,56.1,25.3,18.6,57.4,7.8,8.6,18.2,3.4,4.6,73.8,26.2,"[{""score"": ""1 - 0"", ""pct"": 12.25}, {""score"": ""1 - 1"", ""pct"": 11.61}, {""score"": ""2 - 0"", ""pct"": 9.94}]"
Tunisia,Norway,Neutral,0.996,1.583,23.0,26.4,50.5,22.6,4.3,5.9,50.3,7.4,9.4,32.8,67.2,"[{""score"": ""0 - 1"", ""pct"": 12.770000000000001}, {""score"": ""1 - 1"", ""pct"": 12.18}, {""score"": ""1 - 2"", ""pct"": 9.42}]"
Tunisia,Bosnia and Herzegovina,Neutral,1.526,0.947,50.4,27.5,22.1,51.0,7.3,9.5,22.2,4.1,5.8,67.8,32.2,"[{""score"": ""1 - 0"", ""pct"": 13.13}, {""score"": ""1 - 1"", ""pct"": 12.36}, {""score"": ""0 - 0"", ""pct"": 9.55}]"
Tunisia,Curaçao,Neutral,1.538,0.974,49.6,27.4,23.0,50.1,7.1,9.5,23.5,4.1,5.7,66.7,33.3,"[{""score"": ""1 - 0"", ""pct"": 12.57}, {""score"": ""1 - 1"", ""pct"": 12.45}, {""score"": ""2 - 0"", ""pct"": 9.120000000000001}]"
Tunisia,Belgium,Neutral,0.98,1.577,22.2,26.8,51.0,22.6,4.1,5.4,51.7,7.3,8.9,32.1,67.9,"[{""score"": ""0 - 1"", ""pct"": 12.709999999999999}, {""score"": ""1 - 1"", ""pct"": 12.17}, {""score"": ""1 - 2"", ""pct"": 9.3}]"
Tunisia,Switzerland,Neutral,0.999,1.578,22.5,27.5,50.0,22.6,4.2,6.1,50.6,7.3,9.2,32.9,67.1,"[{""score"": ""1 - 1"", ""pct"": 12.280000000000001}, {""score"": ""0 - 1"", ""pct"": 12.23}, {""score"": ""1 - 2"", ""pct"": 9.46}]"
Tunisia,Germany,Neutral,0.92,1.702,19.1,25.6,55.3,18.8,3.6,4.9,55.3,7.4,9.9,27.3,72.7,"[{""score"": ""0 - 1"", ""pct"": 13.120000000000001}, {""score"": ""1 - 1"", ""pct"": 11.68}, {""score"": ""0 - 2"", ""pct"": 10.03}]"
Tunisia,Egypt,Neutral,1.024,1.226,29.9,30.2,39.9,29.8,5.6,8.3,40.0,6.6,9.7,43.7,56.3,"[{""score"": ""1 - 1"", ""pct"": 13.44}, {""score"": ""0 - 1"", ""pct"": 13.389999999999999}, {""score"": ""0 - 0"", ""pct"": 11.97}]"
Tunisia,Jordan,Neutral,1.2,1.422,31.4,27.5,41.1,31.4,5.5,6.9,41.5,6.3,8.4,43.8,56.2,"[{""score"": ""1 - 1"", ""pct"": 12.98}, {""score"": ""0 - 1"", ""pct"": 10.2}, {""score"": ""1 - 2"", ""pct"": 8.95}]"
Tunisia,South Africa,Neutral,1.393,1.001,45.4,28.9,25.7,45.6,7.0,9.8,26.1,4.8,6.7,62.4,37.6,"[{""score"": ""1 - 0"", ""pct"": 13.100000000000001}, {""score"": ""1 - 1"", ""pct"": 12.94}, {""score"": ""0 - 0"", ""pct"": 10.32}]"
Tunisia,Croatia,Neutral,0.933,1.6,20.9,26.3,52.8,21.3,4.0,5.8,51.9,7.4,9.5,31.1,68.9,"[{""score"": ""0 - 1"", ""pct"": 13.120000000000001}, {""score"": ""1 - 1"", ""pct"": 11.87}, {""score"": ""0 - 2"", ""pct"": 10.61}]"
Tunisia,Haiti,Neutral,1.149,1.175,34.8,29.2,36.0,35.2,6.1,8.7,35.1,6.1,8.7,50.0,50.0,"[{""score"": ""1 - 1"", ""pct"": 13.089999999999998}, {""score"": ""0 - 1"", ""pct"": 11.34}, {""score"": ""1 - 0"", ""pct"": 11.05}]"
Tunisia,United States,Neutral,1.066,1.433,27.1,27.9,45.1,26.7,4.6,6.6,46.2,6.9,8.9,37.9,62.1,"[{""score"": ""1 - 1"", ""pct"": 12.690000000000001}, {""score"": ""0 - 1"", ""pct"": 11.940000000000001}, {""score"": ""0 - 0"", ""pct"": 9.180000000000001}]"
Tunisia,Uruguay,Neutral,0.91,1.589,20.8,25.7,53.6,20.8,4.0,5.5,52.9,7.5,9.3,30.3,69.7,"[{""score"": ""0 - 1"", ""pct"": 13.81}, {""score"": ""1 - 1"", ""pct"": 11.600000000000001}, {""score"": ""0 - 2"", ""pct"": 10.34}]"
Tunisia,South Korea,Neutral,1.008,1.566,23.7,26.4,49.9,23.3,4.1,6.1,50.1,7.5,9.0,33.4,66.6,"[{""score"": ""1 - 1"", ""pct"": 12.13}, {""score"": ""0 - 1"", ""pct"": 11.940000000000001}, {""score"": ""1 - 2"", ""pct"": 9.56}]"
Tunisia,Australia,Neutral,0.922,1.555,20.9,26.9,52.1,21.5,4.0,5.3,52.2,7.4,9.6,30.8,69.2,"[{""score"": ""0 - 1"", ""pct"": 13.63}, {""score"": ""1 - 1"", ""pct"": 12.21}, {""score"": ""1 - 2"", ""pct"": 9.629999999999999}]"
Tunisia,Czech Republic,Neutral,1.195,1.23,34.0,28.7,37.3,34.1,6.2,8.3,36.8,6.0,8.5,48.6,51.4,"[{""score"": ""1 - 1"", ""pct"": 13.01}, {""score"": ""0 - 1"", ""pct"": 11.020000000000001}, {""score"": ""1 - 0"", ""pct"": 9.99}]"
Tunisia,Cape Verde,Neutral,1.42,0.981,47.0,28.3,24.7,46.6,7.2,9.9,25.3,4.5,6.5,63.7,36.3,"[{""score"": ""1 - 0"", ""pct"": 13.020000000000001}, {""score"": ""1 - 1"", ""pct"": 12.379999999999999}, {""score"": ""0 - 0"", ""pct"": 10.68}]"
Tunisia,Ghana,Neutral,1.453,0.948,47.7,28.3,24.1,48.9,7.2,9.9,23.2,4.4,6.3,66.1,33.9,"[{""score"": ""1 - 0"", ""pct"": 13.209999999999999}, {""score"": ""1 - 1"", ""pct"": 12.76}, {""score"": ""0 - 0"", ""pct"": 9.83}]"
Tunisia,Netherlands,Neutral,0.896,1.657,18.6,26.2,55.2,19.9,3.8,4.8,54.5,7.4,9.6,28.5,71.5,"[{""score"": ""0 - 1"", ""pct"": 13.200000000000001}, {""score"": ""1 - 1"", ""pct"": 12.06}, {""score"": ""0 - 2"", ""pct"": 10.54}]"
Tunisia,Ivory Coast,Neutral,1.04,1.303,29.1,29.1,41.9,28.6,5.1,7.4,42.4,6.7,9.8,41.1,58.9,"[{""score"": ""1 - 1"", ""pct"": 13.270000000000001}, {""score"": ""0 - 1"", ""pct"": 12.690000000000001}, {""score"": ""0 - 0"", ""pct"": 10.27}]"
Tunisia,Scotland,Neutral,1.118,1.321,30.3,28.3,41.4,30.8,5.1,7.6,40.3,6.6,9.5,43.5,56.5,"[{""score"": ""1 - 1"", ""pct"": 12.950000000000001}, {""score"": ""0 - 1"", ""pct"": 11.3}, {""score"": ""1 - 0"", ""pct"": 9.75}]"
Tunisia,Ecuador,Neutral,0.798,1.587,17.6,25.3,57.1,17.4,3.1,5.1,56.6,7.8,9.9,25.7,74.3,"[{""score"": ""0 - 1"", ""pct"": 15.55}, {""score"": ""0 - 2"", ""pct"": 11.49}, {""score"": ""1 - 1"", ""pct"": 11.379999999999999}]"
Tunisia,Iran,Neutral,0.989,1.582,22.5,26.0,51.5,22.3,4.3,5.8,51.4,7.1,9.1,32.3,67.7,"[{""score"": ""0 - 1"", ""pct"": 12.85}, {""score"": ""1 - 1"", ""pct"": 11.64}, {""score"": ""1 - 2"", ""pct"": 9.92}]"
Tunisia,Mexico,Neutral,0.847,1.588,19.4,26.9,53.7,17.9,3.8,5.5,55.4,7.6,9.9,27.2,72.8,"[{""score"": ""0 - 1"", ""pct"": 14.17}, {""score"": ""1 - 1"", ""pct"": 12.41}, {""score"": ""0 - 2"", ""pct"": 10.65}]"
Tunisia,France,Neutral,0.747,1.762,14.3,23.3,62.4,13.7,2.6,3.9,61.8,8.1,10.0,20.2,79.8,"[{""score"": ""0 - 1"", ""pct"": 15.120000000000001}, {""score"": ""0 - 2"", ""pct"": 12.2}, {""score"": ""1 - 1"", ""pct"": 10.639999999999999}]"
Tunisia,Algeria,Neutral,0.935,1.505,21.9,27.8,50.4,22.0,4.5,6.3,50.2,7.3,9.7,32.7,67.3,"[{""score"": ""0 - 1"", ""pct"": 13.900000000000002}, {""score"": ""1 - 1"", ""pct"": 12.43}, {""score"": ""0 - 0"", ""pct"": 9.98}]"
Tunisia,Panama,Neutral,1.071,1.447,26.7,28.6,44.7,26.8,4.8,6.7,45.5,7.2,9.1,38.2,61.8,"[{""score"": ""1 - 1"", ""pct"": 13.23}, {""score"": ""0 - 1"", ""pct"": 12.46}, {""score"": ""0 - 0"", ""pct"": 8.95}]"
Tunisia,Colombia,Neutral,0.744,1.728,14.7,23.9,61.4,14.3,2.8,4.3,60.9,7.8,9.8,21.4,78.5,"[{""score"": ""0 - 1"", ""pct"": 15.06}, {""score"": ""0 - 2"", ""pct"": 12.620000000000001}, {""score"": ""1 - 1"", ""pct"": 10.89}]"
Tunisia,Portugal,Neutral,0.787,1.682,16.6,24.1,59.4,16.3,2.9,4.6,59.1,7.4,9.7,23.8,76.2,"[{""score"": ""0 - 1"", ""pct"": 14.499999999999998}, {""score"": ""0 - 2"", ""pct"": 12.21}, {""score"": ""1 - 1"", ""pct"": 10.61}]"
Brazil,Saudi Arabia,Neutral,2.016,0.759,66.1,21.5,12.5,66.5,7.1,8.2,12.1,2.6,3.5,81.8,18.2,"[{""score"": ""2 - 0"", ""pct"": 12.770000000000001}, {""score"": ""1 - 0"", ""pct"": 12.49}, {""score"": ""1 - 1"", ""pct"": 9.34}]"
Brazil,England,Neutral,1.171,1.339,31.6,28.4,40.1,32.8,5.5,7.7,39.5,6.2,8.3,45.9,54.1,"[{""score"": ""1 - 1"", ""pct"": 12.64}, {""score"": ""0 - 1"", ""pct"": 10.780000000000001}, {""score"": ""1 - 0"", ""pct"": 9.62}]"
Brazil,Uzbekistan,Neutral,1.635,1.028,50.8,25.9,23.2,51.3,7.5,9.4,21.8,4.4,5.6,68.3,31.7,"[{""score"": ""1 - 1"", ""pct"": 12.049999999999999}, {""score"": ""1 - 0"", ""pct"": 11.540000000000001}, {""score"": ""2 - 1"", ""pct"": 9.77}]"
Brazil,Austria,Neutral,1.685,0.988,53.1,26.1,20.8,54.0,8.0,8.5,21.2,3.6,4.7,70.5,29.5,"[{""score"": ""1 - 1"", ""pct"": 12.030000000000001}, {""score"": ""1 - 0"", ""pct"": 11.61}, {""score"": ""2 - 1"", ""pct"": 9.54}]"
Brazil,Turkey,Neutral,1.567,1.096,48.8,25.7,25.5,47.5,7.0,9.0,26.3,4.4,5.7,63.6,36.4,"[{""score"": ""1 - 1"", ""pct"": 11.88}, {""score"": ""1 - 0"", ""pct"": 11.83}, {""score"": ""2 - 1"", ""pct"": 9.180000000000001}]"
Brazil,Morocco,Neutral,1.347,1.227,38.7,28.4,32.9,39.0,6.5,8.3,33.2,5.7,7.3,53.8,46.2,"[{""score"": ""1 - 1"", ""pct"": 13.22}, {""score"": ""1 - 0"", ""pct"": 10.22}, {""score"": ""0 - 1"", ""pct"": 9.09}]"
Brazil,DR Congo,Neutral,1.676,0.816,58.7,23.9,17.4,58.5,7.7,9.3,16.7,3.6,4.2,75.5,24.5,"[{""score"": ""1 - 0"", ""pct"": 14.719999999999999}, {""score"": ""2 - 0"", ""pct"": 11.31}, {""score"": ""1 - 1"", ""pct"": 10.5}]"
Brazil,Japan,Neutral,1.307,1.213,38.3,28.5,33.1,37.4,6.6,8.3,33.8,5.9,8.0,52.3,47.7,"[{""score"": ""1 - 1"", ""pct"": 12.879999999999999}, {""score"": ""1 - 0"", ""pct"": 10.549999999999999}, {""score"": ""0 - 1"", ""pct"": 9.85}]"
Brazil,Canada,Neutral,1.537,1.03,49.0,27.6,23.4,48.3,7.5,9.1,24.2,4.6,6.3,65.0,35.0,"[{""score"": ""1 - 0"", ""pct"": 12.61}, {""score"": ""1 - 1"", ""pct"": 12.509999999999998}, {""score"": ""2 - 1"", ""pct"": 9.41}]"
Brazil,Argentina,Neutral,1.092,1.602,25.0,26.3,48.7,24.8,4.8,5.8,48.8,7.4,8.6,35.3,64.7,"[{""score"": ""1 - 1"", ""pct"": 12.11}, {""score"": ""0 - 1"", ""pct"": 10.83}, {""score"": ""1 - 2"", ""pct"": 9.86}]"
Brazil,Tunisia,Neutral,1.805,0.763,62.2,24.0,13.8,62.9,8.2,8.7,13.8,2.7,3.8,79.7,20.3,"[{""score"": ""1 - 0"", ""pct"": 13.98}, {""score"": ""2 - 0"", ""pct"": 11.74}, {""score"": ""1 - 1"", ""pct"": 11.110000000000001}]"
Brazil,Iraq,Neutral,1.759,0.757,61.3,24.0,14.7,60.7,7.8,9.6,14.8,2.8,4.3,78.1,21.9,"[{""score"": ""1 - 0"", ""pct"": 14.78}, {""score"": ""2 - 0"", ""pct"": 12.09}, {""score"": ""1 - 1"", ""pct"": 10.79}]"
Brazil,Sweden,Neutral,2.108,0.791,67.9,20.4,11.7,68.8,7.3,7.3,11.7,2.1,2.8,83.4,16.6,"[{""score"": ""1 - 0"", ""pct"": 12.590000000000002}, {""score"": ""2 - 0"", ""pct"": 12.23}, {""score"": ""2 - 1"", ""pct"": 9.629999999999999}]"
Brazil,Senegal,Neutral,1.606,1.102,48.9,25.4,25.7,49.2,7.1,8.6,25.4,4.6,5.1,64.9,35.1,"[{""score"": ""1 - 1"", ""pct"": 11.85}, {""score"": ""1 - 0"", ""pct"": 11.27}, {""score"": ""2 - 1"", ""pct"": 10.02}]"
Brazil,Spain,Neutral,1.111,1.592,25.4,26.5,48.1,25.1,4.3,5.9,48.9,7.4,8.3,35.4,64.6,"[{""score"": ""1 - 1"", ""pct"": 11.790000000000001}, {""score"": ""0 - 1"", ""pct"": 10.99}, {""score"": ""1 - 2"", ""pct"": 9.39}]"
Brazil,Paraguay,Neutral,1.624,1.05,51.4,25.3,23.3,49.7,7.9,8.6,24.2,4.4,5.2,66.1,33.9,"[{""score"": ""1 - 1"", ""pct"": 11.48}, {""score"": ""1 - 0"", ""pct"": 11.469999999999999}, {""score"": ""2 - 1"", ""pct"": 9.92}]"
Brazil,New Zealand,Neutral,2.022,0.77,67.3,20.6,12.1,66.9,6.9,7.9,12.6,2.4,3.3,81.7,18.3,"[{""score"": ""2 - 0"", ""pct"": 13.26}, {""score"": ""1 - 0"", ""pct"": 12.559999999999999}, {""score"": ""2 - 1"", ""pct"": 9.54}]"
Brazil,Qatar,Neutral,2.731,0.628,82.1,12.5,5.4,82.1,5.9,5.1,4.8,1.0,1.0,93.2,6.8,"[{""score"": ""2 - 0"", ""pct"": 13.600000000000001}, {""score"": ""3 - 0"", ""pct"": 11.41}, {""score"": ""1 - 0"", ""pct"": 9.78}]"
Brazil,Norway,Neutral,1.61,1.119,48.7,25.8,25.5,48.2,6.9,8.2,25.9,4.9,5.9,63.3,36.7,"[{""score"": ""1 - 1"", ""pct"": 11.24}, {""score"": ""1 - 0"", ""pct"": 11.24}, {""score"": ""2 - 1"", ""pct"": 9.41}]"
Brazil,Bosnia and Herzegovina,Neutral,2.409,0.694,76.1,16.3,7.6,76.2,6.6,6.0,7.7,1.6,1.9,88.8,11.2,"[{""score"": ""2 - 0"", ""pct"": 13.889999999999999}, {""score"": ""1 - 0"", ""pct"": 10.94}, {""score"": ""3 - 0"", ""pct"": 10.100000000000001}]"
Brazil,Curaçao,Neutral,2.43,0.704,76.5,16.2,7.3,76.4,7.0,5.6,7.7,1.4,1.8,89.1,10.9,"[{""score"": ""2 - 0"", ""pct"": 13.209999999999999}, {""score"": ""1 - 0"", ""pct"": 11.59}, {""score"": ""3 - 0"", ""pct"": 10.43}]"
Brazil,Belgium,Neutral,1.582,1.097,47.6,26.0,26.4,47.5,7.2,8.6,26.2,4.8,5.8,63.3,36.7,"[{""score"": ""1 - 1"", ""pct"": 11.469999999999999}, {""score"": ""1 - 0"", ""pct"": 10.37}, {""score"": ""2 - 1"", ""pct"": 9.15}]"
Brazil,Switzerland,Neutral,1.653,1.101,50.0,26.0,24.0,49.6,7.2,8.8,24.7,4.2,5.4,65.7,34.3,"[{""score"": ""1 - 1"", ""pct"": 12.1}, {""score"": ""1 - 0"", ""pct"": 10.67}, {""score"": ""2 - 1"", ""pct"": 9.55}]"
Brazil,Germany,Neutral,1.567,1.15,46.2,26.7,27.2,45.8,7.6,8.2,27.2,4.9,6.4,61.5,38.5,"[{""score"": ""1 - 1"", ""pct"": 12.1}, {""score"": ""1 - 0"", ""pct"": 10.07}, {""score"": ""2 - 1"", ""pct"": 9.58}]"
Brazil,Egypt,Neutral,1.642,0.867,56.4,24.7,18.9,56.7,7.4,9.3,18.2,3.4,5.0,73.4,26.6,"[{""score"": ""1 - 0"", ""pct"": 13.65}, {""score"": ""2 - 0"", ""pct"": 10.97}, {""score"": ""1 - 1"", ""pct"": 10.91}]"
Brazil,Jordan,Neutral,2.003,0.996,60.9,22.0,17.2,60.8,7.3,7.5,17.1,3.4,3.9,75.6,24.4,"[{""score"": ""1 - 0"", ""pct"": 11.07}, {""score"": ""1 - 1"", ""pct"": 10.2}, {""score"": ""2 - 1"", ""pct"": 9.959999999999999}]"
Brazil,South Africa,Neutral,2.026,0.761,67.6,20.4,12.0,68.0,7.0,7.8,11.9,2.4,2.9,82.8,17.2,"[{""score"": ""1 - 0"", ""pct"": 13.239999999999998}, {""score"": ""2 - 0"", ""pct"": 12.91}, {""score"": ""2 - 1"", ""pct"": 9.51}]"
Brazil,Croatia,Neutral,1.602,1.098,49.1,25.8,25.1,48.6,7.0,8.6,25.9,4.4,5.6,64.1,35.9,"[{""score"": ""1 - 1"", ""pct"": 11.690000000000001}, {""score"": ""1 - 0"", ""pct"": 11.29}, {""score"": ""2 - 1"", ""pct"": 9.950000000000001}]"
Brazil,Haiti,Neutral,1.858,0.795,62.4,23.5,14.1,62.4,7.8,8.8,14.1,3.0,3.9,79.0,21.0,"[{""score"": ""1 - 0"", ""pct"": 13.11}, {""score"": ""2 - 0"", ""pct"": 11.88}, {""score"": ""1 - 1"", ""pct"": 10.290000000000001}]"
Brazil,United States,Neutral,1.891,1.011,58.4,23.4,18.2,57.3,7.4,7.8,19.6,3.6,4.2,72.5,27.5,"[{""score"": ""1 - 0"", ""pct"": 10.639999999999999}, {""score"": ""2 - 1"", ""pct"": 10.48}, {""score"": ""1 - 1"", ""pct"": 10.31}]"
Brazil,Uruguay,Neutral,1.527,1.061,48.0,26.5,25.5,48.1,7.4,9.0,24.8,4.7,6.0,64.5,35.5,"[{""score"": ""1 - 1"", ""pct"": 12.1}, {""score"": ""1 - 0"", ""pct"": 11.379999999999999}, {""score"": ""2 - 1"", ""pct"": 9.46}]"
Brazil,South Korea,Neutral,1.577,1.076,49.3,26.0,24.7,49.1,7.3,8.9,24.2,4.4,6.1,65.3,34.7,"[{""score"": ""1 - 0"", ""pct"": 11.600000000000001}, {""score"": ""1 - 1"", ""pct"": 11.57}, {""score"": ""2 - 1"", ""pct"": 9.959999999999999}]"
Brazil,Australia,Neutral,1.514,1.065,47.9,26.9,25.2,47.0,7.0,8.7,25.8,4.8,6.6,62.7,37.3,"[{""score"": ""1 - 1"", ""pct"": 12.0}, {""score"": ""1 - 0"", ""pct"": 11.83}, {""score"": ""2 - 1"", ""pct"": 8.97}]"
Brazil,Czech Republic,Neutral,1.934,0.903,61.3,22.6,16.1,62.3,7.9,8.1,15.1,2.9,3.8,78.3,21.7,"[{""score"": ""1 - 0"", ""pct"": 11.72}, {""score"": ""2 - 0"", ""pct"": 10.549999999999999}, {""score"": ""1 - 1"", ""pct"": 10.26}]"
Brazil,Cape Verde,Neutral,2.142,0.723,69.9,19.3,10.8,71.3,6.7,7.4,9.9,2.2,2.6,85.4,14.6,"[{""score"": ""1 - 0"", ""pct"": 13.05}, {""score"": ""2 - 0"", ""pct"": 13.01}, {""score"": ""2 - 1"", ""pct"": 9.78}]"
Brazil,Ghana,Neutral,2.369,0.671,75.8,16.6,7.5,76.2,7.1,5.8,7.7,1.4,1.7,89.2,10.8,"[{""score"": ""2 - 0"", ""pct"": 13.96}, {""score"": ""1 - 0"", ""pct"": 11.66}, {""score"": ""3 - 0"", ""pct"": 10.52}]"
Brazil,Netherlands,Neutral,1.525,1.115,46.7,26.3,27.0,46.4,7.0,8.9,26.9,4.9,6.0,62.3,37.7,"[{""score"": ""1 - 1"", ""pct"": 11.88}, {""score"": ""1 - 0"", ""pct"": 11.49}, {""score"": ""2 - 1"", ""pct"": 9.34}]"
Brazil,Ivory Coast,Neutral,1.767,0.975,56.8,23.9,19.2,56.0,7.2,8.8,19.8,3.6,4.7,71.9,28.1,"[{""score"": ""1 - 0"", ""pct"": 12.43}, {""score"": ""1 - 1"", ""pct"": 10.979999999999999}, {""score"": ""2 - 1"", ""pct"": 9.969999999999999}]"
Brazil,Scotland,Neutral,1.919,0.973,60.2,22.0,17.8,60.0,7.7,7.7,17.4,3.5,3.8,75.3,24.7,"[{""score"": ""1 - 0"", ""pct"": 11.65}, {""score"": ""2 - 0"", ""pct"": 10.2}, {""score"": ""1 - 1"", ""pct"": 10.09}]"
Brazil,Ecuador,Neutral,1.351,1.154,40.8,28.1,31.1,40.2,6.8,8.6,31.0,5.8,7.5,55.6,44.4,"[{""score"": ""1 - 1"", ""pct"": 12.67}, {""score"": ""1 - 0"", ""pct"": 11.26}, {""score"": ""0 - 0"", ""pct"": 9.27}]"
Brazil,Iran,Neutral,1.539,1.081,48.0,26.4,25.6,47.5,7.4,8.7,25.4,4.7,6.2,63.7,36.3,"[{""score"": ""1 - 1"", ""pct"": 12.33}, {""score"": ""1 - 0"", ""pct"": 12.01}, {""score"": ""2 - 1"", ""pct"": 8.73}]"
Brazil,Mexico,Neutral,1.338,1.114,40.7,28.9,30.4,40.7,6.9,8.7,30.5,5.5,7.8,56.3,43.7,"[{""score"": ""1 - 1"", ""pct"": 12.870000000000001}, {""score"": ""1 - 0"", ""pct"": 11.07}, {""score"": ""0 - 1"", ""pct"": 9.700000000000001}]"
Brazil,France,Neutral,1.267,1.397,32.5,27.0,40.5,33.3,6.1,7.7,39.0,6.2,7.7,47.1,52.9,"[{""score"": ""1 - 1"", ""pct"": 12.58}, {""score"": ""0 - 1"", ""pct"": 10.37}, {""score"": ""1 - 0"", ""pct"": 9.120000000000001}]"
Brazil,Algeria,Neutral,1.497,1.087,46.2,27.4,26.4,45.8,6.8,8.8,26.8,5.0,6.7,61.5,38.5,"[{""score"": ""1 - 1"", ""pct"": 12.42}, {""score"": ""1 - 0"", ""pct"": 11.58}, {""score"": ""2 - 1"", ""pct"": 9.51}]"
Brazil,Panama,Neutral,1.854,1.08,55.3,24.1,20.6,56.7,7.1,7.9,20.2,3.6,4.6,71.6,28.4,"[{""score"": ""1 - 1"", ""pct"": 10.99}, {""score"": ""1 - 0"", ""pct"": 10.68}, {""score"": ""2 - 1"", ""pct"": 9.74}]"
Brazil,Colombia,Neutral,1.33,1.298,37.0,28.3,34.8,37.4,6.5,8.1,34.9,5.7,7.3,52.0,48.0,"[{""score"": ""1 - 1"", ""pct"": 12.76}, {""score"": ""0 - 1"", ""pct"": 9.89}, {""score"": ""1 - 0"", ""pct"": 9.790000000000001}]"
Brazil,Portugal,Neutral,1.345,1.277,37.5,27.8,34.7,37.3,6.3,7.8,34.9,6.0,7.6,51.5,48.5,"[{""score"": ""1 - 1"", ""pct"": 12.94}, {""score"": ""1 - 0"", ""pct"": 9.370000000000001}, {""score"": ""0 - 1"", ""pct"": 8.780000000000001}]"
Iraq,Saudi Arabia,Neutral,1.245,1.071,39.7,29.2,31.1,40.2,6.3,9.3,31.0,5.5,7.7,55.8,44.2,"[{""score"": ""1 - 1"", ""pct"": 12.83}, {""score"": ""1 - 0"", ""pct"": 12.520000000000001}, {""score"": ""0 - 0"", ""pct"": 10.75}]"
Iraq,England,Neutral,0.695,1.697,14.3,23.6,62.1,13.9,2.8,3.9,61.9,7.6,10.1,20.5,79.5,"[{""score"": ""0 - 1"", ""pct"": 16.0}, {""score"": ""0 - 2"", ""pct"": 12.709999999999999}, {""score"": ""1 - 1"", ""pct"": 10.66}]"
Iraq,Uzbekistan,Neutral,0.971,1.365,25.9,29.3,44.8,25.8,5.0,7.0,45.3,7.3,9.6,37.8,62.2,"[{""score"": ""1 - 1"", ""pct"": 13.11}, {""score"": ""0 - 1"", ""pct"": 12.46}, {""score"": ""0 - 0"", ""pct"": 10.91}]"
Iraq,Austria,Neutral,0.956,1.404,24.5,28.0,47.5,24.7,4.7,7.1,46.4,7.2,9.8,36.5,63.5,"[{""score"": ""0 - 1"", ""pct"": 13.68}, {""score"": ""1 - 1"", ""pct"": 12.31}, {""score"": ""0 - 0"", ""pct"": 10.09}]"
Iraq,Turkey,Neutral,0.939,1.559,22.0,26.1,51.9,22.1,4.1,5.7,50.8,7.5,9.7,32.0,68.0,"[{""score"": ""0 - 1"", ""pct"": 13.0}, {""score"": ""1 - 1"", ""pct"": 11.93}, {""score"": ""0 - 2"", ""pct"": 9.700000000000001}]"
Iraq,Morocco,Neutral,0.746,1.667,15.1,25.2,59.6,15.1,2.8,3.9,60.6,7.5,10.0,21.9,78.1,"[{""score"": ""0 - 1"", ""pct"": 15.229999999999999}, {""score"": ""0 - 2"", ""pct"": 12.32}, {""score"": ""1 - 1"", ""pct"": 10.92}]"
Iraq,DR Congo,Neutral,1.021,1.105,31.4,31.8,36.8,31.5,5.5,9.7,36.4,6.4,10.4,46.7,53.3,"[{""score"": ""1 - 1"", ""pct"": 13.780000000000001}, {""score"": ""0 - 0"", ""pct"": 13.11}, {""score"": ""0 - 1"", ""pct"": 12.690000000000001}]"
Iraq,Japan,Neutral,0.754,1.664,15.6,24.7,59.7,15.7,3.1,4.3,59.2,7.6,10.1,23.1,76.9,"[{""score"": ""0 - 1"", ""pct"": 15.379999999999999}, {""score"": ""0 - 2"", ""pct"": 12.23}, {""score"": ""1 - 1"", ""pct"": 11.129999999999999}]"
Iraq,Canada,Neutral,0.917,1.394,23.4,28.7,47.9,24.4,4.7,6.9,46.6,7.6,9.9,36.0,64.0,"[{""score"": ""0 - 1"", ""pct"": 14.06}, {""score"": ""1 - 1"", ""pct"": 12.76}, {""score"": ""0 - 0"", ""pct"": 11.01}]"
Iraq,Argentina,Neutral,0.623,1.962,9.7,20.8,69.5,10.1,1.9,2.6,68.8,7.8,8.8,14.7,85.3,"[{""score"": ""0 - 1"", ""pct"": 15.920000000000002}, {""score"": ""0 - 2"", ""pct"": 14.35}, {""score"": ""0 - 3"", ""pct"": 9.36}]"
Iraq,Tunisia,Neutral,1.11,1.123,34.9,29.9,35.2,34.8,5.9,9.1,34.7,6.3,9.2,49.8,50.2,"[{""score"": ""1 - 1"", ""pct"": 13.38}, {""score"": ""1 - 0"", ""pct"": 12.27}, {""score"": ""0 - 1"", ""pct"": 11.959999999999999}]"
Iraq,Brazil,Neutral,0.757,1.759,15.2,24.1,60.7,13.8,3.2,4.0,61.7,7.9,9.5,21.0,79.0,"[{""score"": ""0 - 1"", ""pct"": 14.32}, {""score"": ""0 - 2"", ""pct"": 11.77}, {""score"": ""1 - 1"", ""pct"": 10.6}]"
Iraq,Sweden,Neutral,1.315,1.133,41.0,28.2,30.8,40.6,6.7,9.1,30.3,5.3,7.9,56.4,43.6,"[{""score"": ""1 - 1"", ""pct"": 12.93}, {""score"": ""1 - 0"", ""pct"": 11.53}, {""score"": ""0 - 0"", ""pct"": 9.41}]"
Iraq,Senegal,Neutral,0.981,1.541,23.3,27.2,49.5,23.1,4.3,6.0,50.7,6.9,8.9,33.4,66.6,"[{""score"": ""0 - 1"", ""pct"": 12.46}, {""score"": ""1 - 1"", ""pct"": 12.030000000000001}, {""score"": ""0 - 0"", ""pct"": 9.520000000000001}]"
Iraq,Spain,Neutral,0.669,1.968,10.6,20.8,68.6,10.9,2.4,2.6,68.2,7.1,8.8,15.8,84.2,"[{""score"": ""0 - 1"", ""pct"": 14.24}, {""score"": ""0 - 2"", ""pct"": 13.86}, {""score"": ""1 - 2"", ""pct"": 9.53}]"
Iraq,Paraguay,Neutral,0.976,1.426,24.8,27.8,47.4,25.2,4.8,6.5,46.2,7.1,10.2,36.5,63.5,"[{""score"": ""0 - 1"", ""pct"": 12.959999999999999}, {""score"": ""1 - 1"", ""pct"": 12.29}, {""score"": ""0 - 0"", ""pct"": 10.15}]"
Iraq,New Zealand,Neutral,1.258,1.083,40.3,29.4,30.3,39.7,6.6,9.3,30.6,5.5,8.3,55.6,44.4,"[{""score"": ""1 - 1"", ""pct"": 12.809999999999999}, {""score"": ""1 - 0"", ""pct"": 12.3}, {""score"": ""0 - 0"", ""pct"": 11.110000000000001}]"
Iraq,Qatar,Neutral,1.697,0.903,55.4,25.7,18.9,56.4,7.4,9.1,18.9,3.3,4.9,73.0,27.0,"[{""score"": ""1 - 0"", ""pct"": 13.089999999999998}, {""score"": ""1 - 1"", ""pct"": 11.469999999999999}, {""score"": ""2 - 0"", ""pct"": 10.42}]"
Iraq,Norway,Neutral,0.965,1.565,22.7,26.4,50.9,21.4,4.5,5.8,52.0,7.1,9.3,31.7,68.3,"[{""score"": ""0 - 1"", ""pct"": 12.049999999999999}, {""score"": ""1 - 1"", ""pct"": 12.04}, {""score"": ""0 - 2"", ""pct"": 9.62}]"
Iraq,Bosnia and Herzegovina,Neutral,1.52,0.928,51.2,27.2,21.6,51.0,7.3,10.0,21.7,4.4,5.6,68.3,31.7,"[{""score"": ""1 - 0"", ""pct"": 13.86}, {""score"": ""1 - 1"", ""pct"": 12.389999999999999}, {""score"": ""2 - 0"", ""pct"": 9.42}]"
Iraq,Curaçao,Neutral,1.526,0.957,50.6,27.1,22.3,49.1,8.0,9.8,22.7,4.4,5.9,66.9,33.1,"[{""score"": ""1 - 0"", ""pct"": 13.209999999999999}, {""score"": ""1 - 1"", ""pct"": 12.45}, {""score"": ""2 - 1"", ""pct"": 9.8}]"
Iraq,Belgium,Neutral,0.946,1.552,21.6,26.2,52.1,22.2,4.2,5.4,51.9,7.2,9.2,31.8,68.2,"[{""score"": ""0 - 1"", ""pct"": 13.98}, {""score"": ""1 - 1"", ""pct"": 11.72}, {""score"": ""0 - 2"", ""pct"": 9.8}]"
Iraq,Switzerland,Neutral,0.966,1.52,23.0,27.2,49.8,23.3,4.5,6.0,48.9,7.7,9.6,33.8,66.2,"[{""score"": ""0 - 1"", ""pct"": 13.3}, {""score"": ""1 - 1"", ""pct"": 11.940000000000001}, {""score"": ""1 - 2"", ""pct"": 9.33}]"
Iraq,Germany,Neutral,0.891,1.681,18.0,25.9,56.1,18.8,3.6,4.9,56.1,7.3,9.2,27.4,72.6,"[{""score"": ""0 - 1"", ""pct"": 13.23}, {""score"": ""1 - 1"", ""pct"": 11.469999999999999}, {""score"": ""0 - 2"", ""pct"": 10.95}]"
Iraq,Egypt,Neutral,1.015,1.205,30.8,30.8,38.4,30.0,5.7,7.9,39.5,6.7,10.2,43.7,56.3,"[{""score"": ""1 - 1"", ""pct"": 13.18}, {""score"": ""0 - 0"", ""pct"": 12.9}, {""score"": ""0 - 1"", ""pct"": 12.72}]"
Iraq,Jordan,Neutral,1.184,1.307,32.7,29.2,38.1,32.3,5.9,7.9,39.1,6.5,8.3,46.1,53.9,"[{""score"": ""1 - 1"", ""pct"": 13.61}, {""score"": ""0 - 1"", ""pct"": 11.09}, {""score"": ""1 - 0"", ""pct"": 9.569999999999999}]"
Iraq,South Africa,Neutral,1.337,0.975,44.8,29.1,26.1,44.4,6.9,9.9,26.3,5.2,7.4,61.1,38.9,"[{""score"": ""1 - 0"", ""pct"": 13.94}, {""score"": ""1 - 1"", ""pct"": 12.790000000000001}, {""score"": ""0 - 0"", ""pct"": 10.81}]"
Iraq,Croatia,Neutral,0.916,1.573,21.3,26.1,52.6,20.6,3.7,5.6,52.9,7.2,10.1,29.8,70.2,"[{""score"": ""0 - 1"", ""pct"": 12.91}, {""score"": ""1 - 1"", ""pct"": 11.799999999999999}, {""score"": ""0 - 2"", ""pct"": 9.959999999999999}]"
Iraq,Haiti,Neutral,1.148,1.15,34.9,29.4,35.6,35.0,6.4,9.3,34.8,5.7,8.7,50.8,49.2,"[{""score"": ""1 - 1"", ""pct"": 12.889999999999999}, {""score"": ""0 - 1"", ""pct"": 11.72}, {""score"": ""1 - 0"", ""pct"": 11.1}]"
Iraq,United States,Neutral,1.026,1.421,26.4,27.9,45.7,26.2,5.1,7.2,44.9,7.2,9.4,38.5,61.5,"[{""score"": ""1 - 1"", ""pct"": 12.889999999999999}, {""score"": ""0 - 1"", ""pct"": 11.86}, {""score"": ""0 - 0"", ""pct"": 9.47}]"
Iraq,Uruguay,Neutral,0.889,1.547,20.6,27.3,52.1,20.4,4.1,5.6,52.7,7.3,9.9,30.0,70.0,"[{""score"": ""0 - 1"", ""pct"": 13.04}, {""score"": ""1 - 1"", ""pct"": 12.790000000000001}, {""score"": ""0 - 2"", ""pct"": 10.25}]"
Iraq,South Korea,Neutral,0.975,1.548,22.7,27.5,49.9,23.1,4.3,5.8,50.6,7.4,8.8,33.2,66.8,"[{""score"": ""0 - 1"", ""pct"": 12.379999999999999}, {""score"": ""1 - 1"", ""pct"": 12.26}, {""score"": ""0 - 2"", ""pct"": 9.6}]"
Iraq,Australia,Neutral,0.953,1.5,22.4,27.3,50.2,22.7,4.4,6.2,49.7,7.4,9.7,33.2,66.8,"[{""score"": ""0 - 1"", ""pct"": 13.139999999999999}, {""score"": ""1 - 1"", ""pct"": 12.5}, {""score"": ""0 - 0"", ""pct"": 9.56}]"
Iraq,Czech Republic,Neutral,1.165,1.195,34.3,30.2,35.5,34.8,5.7,8.7,35.8,6.4,8.6,49.2,50.8,"[{""score"": ""1 - 1"", ""pct"": 13.48}, {""score"": ""0 - 1"", ""pct"": 11.08}, {""score"": ""1 - 0"", ""pct"": 10.8}]"
Iraq,Cape Verde,Neutral,1.368,0.972,45.5,30.0,24.5,46.0,7.1,9.8,25.0,5.0,7.1,62.8,37.2,"[{""score"": ""1 - 0"", ""pct"": 13.59}, {""score"": ""1 - 1"", ""pct"": 13.309999999999999}, {""score"": ""0 - 0"", ""pct"": 11.450000000000001}]"
Iraq,Ghana,Neutral,1.396,0.932,47.1,28.7,24.2,48.0,7.1,10.2,23.5,4.6,6.7,65.3,34.7,"[{""score"": ""1 - 0"", ""pct"": 13.54}, {""score"": ""1 - 1"", ""pct"": 12.590000000000002}, {""score"": ""0 - 0"", ""pct"": 10.83}]"
Iraq,Netherlands,Neutral,0.878,1.628,18.6,26.0,55.4,19.0,3.7,4.7,55.6,7.1,10.0,27.4,72.6,"[{""score"": ""0 - 1"", ""pct"": 13.54}, {""score"": ""1 - 1"", ""pct"": 11.59}, {""score"": ""0 - 2"", ""pct"": 10.59}]"
Iraq,Ivory Coast,Neutral,1.003,1.28,27.6,29.7,42.7,27.8,5.3,7.7,42.2,7.1,9.8,40.9,59.1,"[{""score"": ""0 - 1"", ""pct"": 13.0}, {""score"": ""1 - 1"", ""pct"": 12.65}, {""score"": ""0 - 0"", ""pct"": 11.49}]"
Iraq,Scotland,Neutral,1.071,1.294,29.8,29.2,41.0,29.9,5.6,7.8,40.7,6.7,9.3,43.3,56.7,"[{""score"": ""1 - 1"", ""pct"": 13.07}, {""score"": ""0 - 1"", ""pct"": 11.51}, {""score"": ""0 - 0"", ""pct"": 10.33}]"
Iraq,Ecuador,Neutral,0.773,1.552,16.9,26.4,56.7,17.2,3.4,5.3,56.1,7.6,10.3,25.9,74.1,"[{""score"": ""0 - 1"", ""pct"": 15.85}, {""score"": ""1 - 1"", ""pct"": 11.61}, {""score"": ""0 - 2"", ""pct"": 11.49}]"
Iraq,Iran,Neutral,0.96,1.554,22.3,26.7,51.0,22.4,4.4,5.7,50.3,7.6,9.6,32.5,67.5,"[{""score"": ""0 - 1"", ""pct"": 13.309999999999999}, {""score"": ""1 - 1"", ""pct"": 12.29}, {""score"": ""1 - 2"", ""pct"": 9.569999999999999}]"
Iraq,Mexico,Neutral,0.829,1.562,19.3,26.0,54.6,18.1,4.0,5.3,55.3,7.8,9.5,27.4,72.6,"[{""score"": ""0 - 1"", ""pct"": 14.77}, {""score"": ""1 - 1"", ""pct"": 11.35}, {""score"": ""0 - 2"", ""pct"": 10.77}]"
Iraq,France,Neutral,0.727,1.729,14.8,24.6,60.6,13.7,2.7,4.1,62.4,7.5,9.6,20.5,79.5,"[{""score"": ""0 - 1"", ""pct"": 15.160000000000002}, {""score"": ""0 - 2"", ""pct"": 12.46}, {""score"": ""1 - 1"", ""pct"": 11.25}]"
Iraq,Algeria,Neutral,0.915,1.476,22.0,27.5,50.6,22.1,4.3,6.1,50.0,7.3,10.2,32.5,67.5,"[{""score"": ""0 - 1"", ""pct"": 14.35}, {""score"": ""1 - 1"", ""pct"": 12.31}, {""score"": ""0 - 0"", ""pct"": 10.12}]"
Iraq,Panama,Neutral,1.023,1.436,25.7,28.5,45.7,26.0,4.7,6.4,46.2,7.5,9.2,37.0,63.0,"[{""score"": ""1 - 1"", ""pct"": 12.91}, {""score"": ""0 - 1"", ""pct"": 12.479999999999999}, {""score"": ""0 - 0"", ""pct"": 9.84}]"
Iraq,Colombia,Neutral,0.73,1.686,14.4,24.4,61.2,14.2,3.1,4.2,61.1,7.6,9.8,21.4,78.6,"[{""score"": ""0 - 1"", ""pct"": 16.21}, {""score"": ""0 - 2"", ""pct"": 12.18}, {""score"": ""1 - 1"", ""pct"": 10.7}]"
Iraq,Portugal,Neutral,0.799,1.658,16.7,25.4,57.9,17.1,3.2,4.7,57.2,7.8,10.0,25.0,75.0,"[{""score"": ""0 - 1"", ""pct"": 13.91}, {""score"": ""0 - 2"", ""pct"": 11.74}, {""score"": ""1 - 1"", ""pct"": 11.65}]"
Sweden,Saudi Arabia,Neutral,1.254,1.259,36.0,28.2,35.8,35.6,5.7,8.1,36.2,6.4,8.0,49.4,50.6,"[{""score"": ""1 - 1"", ""pct"": 13.170000000000002}, {""score"": ""1 - 0"", ""pct"": 10.01}, {""score"": ""0 - 1"", ""pct"": 10.0}]"
Sweden,England,Neutral,0.749,1.958,12.0,22.1,65.9,12.6,2.5,3.4,65.5,7.5,8.5,18.5,81.5,"[{""score"": ""0 - 1"", ""pct"": 13.07}, {""score"": ""0 - 2"", ""pct"": 12.16}, {""score"": ""1 - 1"", ""pct"": 10.02}]"
Sweden,Uzbekistan,Neutral,1.045,1.685,23.5,25.1,51.4,22.4,4.2,5.3,52.5,7.5,8.0,32.0,68.0,"[{""score"": ""1 - 1"", ""pct"": 11.77}, {""score"": ""0 - 1"", ""pct"": 11.4}, {""score"": ""1 - 2"", ""pct"": 9.36}]"
Sweden,Austria,Neutral,1.029,1.591,23.2,26.9,49.9,23.2,4.0,6.1,50.4,7.0,9.2,33.3,66.7,"[{""score"": ""0 - 1"", ""pct"": 12.42}, {""score"": ""1 - 1"", ""pct"": 12.23}, {""score"": ""1 - 2"", ""pct"": 9.51}]"
Sweden,Turkey,Neutral,0.946,1.863,17.7,22.7,59.6,17.6,3.2,4.0,59.2,7.6,8.4,24.8,75.2,"[{""score"": ""0 - 1"", ""pct"": 12.479999999999999}, {""score"": ""1 - 2"", ""pct"": 10.05}, {""score"": ""1 - 1"", ""pct"": 9.8}]"
Sweden,Morocco,Neutral,0.738,2.008,11.7,20.8,67.5,11.9,2.2,2.8,68.1,7.1,8.0,16.8,83.2,"[{""score"": ""0 - 1"", ""pct"": 13.52}, {""score"": ""0 - 2"", ""pct"": 13.16}, {""score"": ""1 - 2"", ""pct"": 10.16}]"
Sweden,DR Congo,Neutral,1.033,1.273,28.9,29.7,41.4,29.2,5.2,8.5,41.2,6.2,9.7,42.9,57.1,"[{""score"": ""0 - 1"", ""pct"": 13.29}, {""score"": ""1 - 1"", ""pct"": 13.139999999999999}, {""score"": ""0 - 0"", ""pct"": 11.03}]"
Sweden,Japan,Neutral,0.738,1.915,12.8,21.7,65.5,13.1,2.5,3.3,64.7,7.3,9.0,18.9,81.1,"[{""score"": ""0 - 1"", ""pct"": 14.19}, {""score"": ""0 - 2"", ""pct"": 12.25}, {""score"": ""1 - 1"", ""pct"": 9.74}]"
Sweden,Canada,Neutral,1.003,1.713,21.1,24.8,54.1,21.0,4.0,5.3,54.1,7.1,8.5,30.3,69.7,"[{""score"": ""0 - 1"", ""pct"": 11.73}, {""score"": ""1 - 1"", ""pct"": 11.26}, {""score"": ""1 - 2"", ""pct"": 9.77}]"
Sweden,Argentina,Neutral,0.684,2.411,7.6,15.4,77.1,7.2,1.5,1.7,76.8,6.5,6.3,10.4,89.6,"[{""score"": ""0 - 2"", ""pct"": 13.669999999999998}, {""score"": ""0 - 1"", ""pct"": 12.09}, {""score"": ""0 - 3"", ""pct"": 9.98}]"
Sweden,Tunisia,Neutral,1.136,1.351,29.4,28.5,42.1,30.7,5.4,7.2,40.8,7.1,8.8,43.3,56.7,"[{""score"": ""1 - 1"", ""pct"": 13.100000000000001}, {""score"": ""0 - 1"", ""pct"": 11.65}, {""score"": ""1 - 0"", ""pct"": 9.030000000000001}]"
Sweden,Brazil,Neutral,0.791,2.108,11.8,20.0,68.1,12.1,2.1,2.4,68.0,7.5,7.8,16.6,83.4,"[{""score"": ""0 - 2"", ""pct"": 12.07}, {""score"": ""0 - 1"", ""pct"": 12.02}, {""score"": ""1 - 2"", ""pct"": 9.610000000000001}]"
Sweden,Iraq,Neutral,1.133,1.315,30.5,28.3,41.2,31.0,5.4,7.7,40.0,7.0,8.9,44.1,55.9,"[{""score"": ""1 - 1"", ""pct"": 12.91}, {""score"": ""0 - 1"", ""pct"": 11.68}, {""score"": ""1 - 0"", ""pct"": 9.53}]"
Sweden,Senegal,Neutral,0.959,1.818,18.4,24.7,56.9,18.4,3.4,4.4,58.0,7.3,8.5,26.2,73.8,"[{""score"": ""0 - 1"", ""pct"": 11.66}, {""score"": ""1 - 1"", ""pct"": 11.0}, {""score"": ""0 - 2"", ""pct"": 9.98}]"
Sweden,Spain,Neutral,0.717,2.428,7.6,16.1,76.2,7.7,1.2,1.8,76.8,6.6,5.8,10.7,89.3,"[{""score"": ""0 - 2"", ""pct"": 12.82}, {""score"": ""0 - 1"", ""pct"": 11.33}, {""score"": ""0 - 3"", ""pct"": 10.12}]"
Sweden,Paraguay,Neutral,0.977,1.768,20.0,24.9,55.1,19.2,3.7,4.7,56.1,7.5,8.8,27.7,72.3,"[{""score"": ""1 - 1"", ""pct"": 11.559999999999999}, {""score"": ""0 - 1"", ""pct"": 11.44}, {""score"": ""1 - 2"", ""pct"": 9.89}]"
Sweden,New Zealand,Neutral,1.262,1.295,34.6,28.9,36.5,34.6,6.0,8.2,36.9,6.6,7.7,48.8,51.2,"[{""score"": ""1 - 1"", ""pct"": 13.73}, {""score"": ""0 - 1"", ""pct"": 10.08}, {""score"": ""1 - 0"", ""pct"": 9.48}]"
Sweden,Qatar,Neutral,1.671,0.997,53.7,25.3,21.1,53.7,6.8,8.8,21.4,4.0,5.3,69.3,30.7,"[{""score"": ""1 - 0"", ""pct"": 12.379999999999999}, {""score"": ""1 - 1"", ""pct"": 11.469999999999999}, {""score"": ""2 - 0"", ""pct"": 9.62}]"
Sweden,Norway,Neutral,0.987,1.866,18.2,23.3,58.5,18.6,3.5,4.0,58.5,7.1,8.1,26.2,73.8,"[{""score"": ""0 - 1"", ""pct"": 11.39}, {""score"": ""1 - 1"", ""pct"": 11.05}, {""score"": ""1 - 2"", ""pct"": 10.190000000000001}]"
Sweden,Bosnia and Herzegovina,Neutral,1.512,1.066,47.5,27.0,25.5,47.2,7.0,9.2,25.3,5.0,6.3,63.4,36.6,"[{""score"": ""1 - 1"", ""pct"": 12.44}, {""score"": ""1 - 0"", ""pct"": 11.87}, {""score"": ""2 - 1"", ""pct"": 9.22}]"
Sweden,Curaçao,Neutral,1.543,1.108,47.6,26.2,26.2,47.6,7.3,8.4,25.4,4.9,6.3,63.4,36.6,"[{""score"": ""1 - 1"", ""pct"": 12.17}, {""score"": ""1 - 0"", ""pct"": 11.23}, {""score"": ""2 - 1"", ""pct"": 9.700000000000001}]"
Sweden,Belgium,Neutral,0.949,1.873,17.6,23.2,59.2,18.1,3.2,4.1,58.5,7.5,8.6,25.4,74.6,"[{""score"": ""0 - 1"", ""pct"": 11.59}, {""score"": ""0 - 2"", ""pct"": 10.5}, {""score"": ""1 - 1"", ""pct"": 10.459999999999999}]"
Sweden,Switzerland,Neutral,0.968,1.845,17.9,23.8,58.4,17.8,3.6,4.4,58.7,7.3,8.3,25.8,74.2,"[{""score"": ""0 - 1"", ""pct"": 11.799999999999999}, {""score"": ""1 - 1"", ""pct"": 10.47}, {""score"": ""0 - 2"", ""pct"": 10.290000000000001}]"
Sweden,Germany,Neutral,0.877,1.983,14.3,21.8,63.9,14.4,2.9,3.6,63.5,7.3,8.3,20.9,79.1,"[{""score"": ""0 - 1"", ""pct"": 12.09}, {""score"": ""0 - 2"", ""pct"": 11.0}, {""score"": ""1 - 1"", ""pct"": 10.14}]"
Sweden,Egypt,Neutral,1.017,1.515,24.0,27.1,48.9,23.2,4.3,6.0,49.8,7.1,9.5,33.6,66.4,"[{""score"": ""0 - 1"", ""pct"": 12.27}, {""score"": ""1 - 1"", ""pct"": 12.15}, {""score"": ""1 - 2"", ""pct"": 9.3}]"
Sweden,Jordan,Neutral,1.252,1.605,29.5,25.9,44.6,29.3,5.3,6.0,44.7,7.0,7.8,40.6,59.4,"[{""score"": ""1 - 1"", ""pct"": 11.85}, {""score"": ""0 - 1"", ""pct"": 9.07}, {""score"": ""1 - 2"", ""pct"": 9.01}]"
Sweden,South Africa,Neutral,1.296,1.194,38.9,27.6,33.5,38.2,6.5,8.8,33.2,6.0,7.3,53.5,46.5,"[{""score"": ""1 - 1"", ""pct"": 12.5}, {""score"": ""1 - 0"", ""pct"": 11.14}, {""score"": ""0 - 1"", ""pct"": 9.71}]"
Sweden,Croatia,Neutral,0.959,1.851,18.1,23.3,58.6,17.8,3.2,4.0,59.3,7.4,8.3,25.0,75.0,"[{""score"": ""0 - 1"", ""pct"": 11.93}, {""score"": ""1 - 1"", ""pct"": 10.530000000000001}, {""score"": ""0 - 2"", ""pct"": 10.280000000000001}]"
Sweden,Haiti,Neutral,1.153,1.373,30.0,27.4,42.6,30.6,5.5,7.1,41.3,6.6,8.8,43.3,56.7,"[{""score"": ""1 - 1"", ""pct"": 12.83}, {""score"": ""0 - 1"", ""pct"": 11.73}, {""score"": ""1 - 2"", ""pct"": 8.89}]"
Sweden,United States,Neutral,1.093,1.63,24.3,25.6,50.1,25.0,4.3,5.7,49.8,7.0,8.2,35.0,65.0,"[{""score"": ""1 - 1"", ""pct"": 11.690000000000001}, {""score"": ""0 - 1"", ""pct"": 11.23}, {""score"": ""1 - 2"", ""pct"": 10.11}]"
Sweden,Uruguay,Neutral,0.861,1.832,15.3,23.8,61.0,16.1,3.3,4.1,60.0,7.8,8.8,23.4,76.6,"[{""score"": ""0 - 1"", ""pct"": 12.94}, {""score"": ""1 - 1"", ""pct"": 11.28}, {""score"": ""0 - 2"", ""pct"": 11.14}]"
Sweden,South Korea,Neutral,0.971,1.803,19.3,24.1,56.6,18.9,3.4,4.7,57.2,7.8,8.1,27.0,73.0,"[{""score"": ""0 - 1"", ""pct"": 11.799999999999999}, {""score"": ""1 - 1"", ""pct"": 11.12}, {""score"": ""0 - 2"", ""pct"": 9.700000000000001}]"
Sweden,Australia,Neutral,0.954,1.838,18.5,22.6,58.9,18.3,3.3,4.3,58.0,7.8,8.2,26.0,74.0,"[{""score"": ""0 - 1"", ""pct"": 11.97}, {""score"": ""1 - 1"", ""pct"": 10.209999999999999}, {""score"": ""1 - 2"", ""pct"": 10.16}]"
Sweden,Czech Republic,Neutral,1.198,1.41,29.7,27.8,42.5,32.0,5.8,6.7,41.1,6.6,7.9,44.5,55.5,"[{""score"": ""1 - 1"", ""pct"": 12.85}, {""score"": ""0 - 1"", ""pct"": 10.76}, {""score"": ""1 - 0"", ""pct"": 8.72}]"
Sweden,Cape Verde,Neutral,1.442,1.122,44.2,28.2,27.6,44.0,7.1,8.7,28.4,4.9,6.9,59.7,40.3,"[{""score"": ""1 - 1"", ""pct"": 12.49}, {""score"": ""1 - 0"", ""pct"": 10.97}, {""score"": ""0 - 0"", ""pct"": 9.2}]"
Sweden,Ghana,Neutral,1.469,1.062,46.2,27.4,26.4,45.6,7.1,9.4,26.7,5.0,6.3,62.1,37.9,"[{""score"": ""1 - 1"", ""pct"": 12.34}, {""score"": ""1 - 0"", ""pct"": 12.049999999999999}, {""score"": ""2 - 1"", ""pct"": 8.86}]"
Sweden,Netherlands,Neutral,0.868,1.895,15.4,22.1,62.4,15.2,3.0,3.8,62.2,7.4,8.3,22.0,78.0,"[{""score"": ""0 - 1"", ""pct"": 11.940000000000001}, {""score"": ""0 - 2"", ""pct"": 11.200000000000001}, {""score"": ""1 - 2"", ""pct"": 10.440000000000001}]"
Sweden,Ivory Coast,Neutral,1.043,1.588,23.8,26.1,50.1,23.9,4.3,6.2,49.9,7.3,8.4,34.4,65.6,"[{""score"": ""0 - 1"", ""pct"": 11.83}, {""score"": ""1 - 1"", ""pct"": 11.64}, {""score"": ""0 - 2"", ""pct"": 9.22}]"
Sweden,Scotland,Neutral,1.102,1.573,26.3,26.3,47.4,25.2,4.9,6.0,48.5,7.3,8.2,36.0,64.0,"[{""score"": ""1 - 1"", ""pct"": 11.31}, {""score"": ""0 - 1"", ""pct"": 11.31}, {""score"": ""1 - 2"", ""pct"": 9.64}]"
Sweden,Ecuador,Neutral,0.76,1.839,14.4,23.4,62.1,14.2,2.9,3.7,62.5,7.7,9.0,20.8,79.2,"[{""score"": ""0 - 1"", ""pct"": 14.069999999999999}, {""score"": ""0 - 2"", ""pct"": 13.020000000000001}, {""score"": ""1 - 1"", ""pct"": 10.100000000000001}]"
Sweden,Iran,Neutral,0.96,1.869,18.1,23.4,58.6,18.4,3.2,4.2,58.7,7.1,8.4,25.9,74.1,"[{""score"": ""0 - 1"", ""pct"": 11.28}, {""score"": ""1 - 1"", ""pct"": 10.8}, {""score"": ""1 - 2"", ""pct"": 10.34}]"
Sweden,Mexico,Neutral,0.828,1.83,15.8,24.2,60.0,15.5,3.0,3.9,60.9,7.5,9.3,22.3,77.7,"[{""score"": ""0 - 1"", ""pct"": 13.530000000000001}, {""score"": ""0 - 2"", ""pct"": 11.53}, {""score"": ""1 - 1"", ""pct"": 10.6}]"
Sweden,France,Neutral,0.78,2.173,10.8,20.2,69.0,10.9,1.9,2.8,70.2,7.1,7.2,15.5,84.5,"[{""score"": ""0 - 2"", ""pct"": 12.19}, {""score"": ""0 - 1"", ""pct"": 11.690000000000001}, {""score"": ""1 - 2"", ""pct"": 9.879999999999999}]"
Sweden,Algeria,Neutral,0.996,1.767,19.5,24.1,56.4,19.6,3.9,4.8,55.8,7.3,8.5,28.3,71.7,"[{""score"": ""0 - 1"", ""pct"": 11.459999999999999}, {""score"": ""1 - 1"", ""pct"": 10.99}, {""score"": ""1 - 2"", ""pct"": 10.47}]"
Sweden,Panama,Neutral,1.11,1.731,23.2,25.0,51.8,23.3,4.2,5.2,51.9,6.9,8.5,32.7,67.3,"[{""score"": ""1 - 1"", ""pct"": 11.39}, {""score"": ""0 - 1"", ""pct"": 11.07}, {""score"": ""1 - 2"", ""pct"": 9.64}]"
Sweden,Colombia,Neutral,0.775,1.976,12.6,21.1,66.3,12.9,2.5,2.9,66.2,7.5,7.9,18.3,81.7,"[{""score"": ""0 - 1"", ""pct"": 12.98}, {""score"": ""0 - 2"", ""pct"": 12.91}, {""score"": ""1 - 2"", ""pct"": 9.67}]"
Sweden,Portugal,Neutral,0.767,1.961,12.8,21.2,65.9,12.6,2.4,3.4,65.6,7.8,8.2,18.4,81.6,"[{""score"": ""0 - 1"", ""pct"": 13.59}, {""score"": ""0 - 2"", ""pct"": 12.049999999999999}, {""score"": ""1 - 2"", ""pct"": 9.87}]"
Senegal,Saudi Arabia,Neutral,1.721,0.902,57.0,25.1,17.9,57.3,7.3,8.7,18.1,3.7,4.9,73.3,26.7,"[{""score"": ""1 - 0"", ""pct"": 13.020000000000001}, {""score"": ""1 - 1"", ""pct"": 11.55}, {""score"": ""2 - 0"", ""pct"": 10.209999999999999}]"
Senegal,England,Neutral,1.037,1.562,24.1,26.3,49.6,24.3,4.7,5.6,49.7,6.9,8.8,34.7,65.3,"[{""score"": ""0 - 1"", ""pct"": 11.95}, {""score"": ""1 - 1"", ""pct"": 11.87}, {""score"": ""1 - 2"", ""pct"": 9.9}]"
Senegal,Uzbekistan,Neutral,1.319,1.136,40.1,28.2,31.7,40.0,6.2,9.0,31.5,6.0,7.3,55.2,44.8,"[{""score"": ""1 - 1"", ""pct"": 13.0}, {""score"": ""1 - 0"", ""pct"": 11.52}, {""score"": ""0 - 1"", ""pct"": 9.86}]"
Senegal,Austria,Neutral,1.42,1.08,44.5,27.9,27.7,44.3,7.0,9.2,27.9,4.7,6.9,60.5,39.5,"[{""score"": ""1 - 1"", ""pct"": 12.65}, {""score"": ""1 - 0"", ""pct"": 11.700000000000001}, {""score"": ""0 - 0"", ""pct"": 9.22}]"
Senegal,Turkey,Neutral,1.239,1.267,35.4,27.8,36.8,36.5,6.2,8.0,35.6,6.0,7.8,50.6,49.4,"[{""score"": ""1 - 1"", ""pct"": 12.509999999999998}, {""score"": ""1 - 0"", ""pct"": 10.620000000000001}, {""score"": ""0 - 1"", ""pct"": 10.459999999999999}]"
Senegal,Morocco,Neutral,1.053,1.489,25.8,27.3,46.9,25.6,4.7,6.4,46.5,7.1,9.7,36.7,63.3,"[{""score"": ""1 - 1"", ""pct"": 12.3}, {""score"": ""0 - 1"", ""pct"": 11.93}, {""score"": ""1 - 2"", ""pct"": 9.19}]"
Senegal,DR Congo,Neutral,1.424,0.974,46.8,28.1,25.1,47.4,6.9,9.6,25.3,4.2,6.6,63.9,36.1,"[{""score"": ""1 - 0"", ""pct"": 13.120000000000001}, {""score"": ""1 - 1"", ""pct"": 12.22}, {""score"": ""0 - 0"", ""pct"": 10.56}]"
Senegal,Japan,Neutral,1.041,1.471,25.7,27.2,47.1,25.7,4.6,6.5,47.0,7.4,8.8,36.7,63.3,"[{""score"": ""1 - 1"", ""pct"": 12.370000000000001}, {""score"": ""0 - 1"", ""pct"": 12.11}, {""score"": ""1 - 2"", ""pct"": 9.180000000000001}]"
Senegal,Canada,Neutral,1.235,1.158,37.9,28.7,33.4,37.9,6.2,8.6,32.9,6.5,8.0,52.6,47.4,"[{""score"": ""1 - 1"", ""pct"": 12.58}, {""score"": ""1 - 0"", ""pct"": 11.86}, {""score"": ""0 - 1"", ""pct"": 10.58}]"
Senegal,Argentina,Neutral,0.874,1.723,17.4,24.4,58.3,18.4,3.1,4.9,57.3,7.2,9.2,26.3,73.7,"[{""score"": ""0 - 1"", ""pct"": 13.88}, {""score"": ""1 - 1"", ""pct"": 11.020000000000001}, {""score"": ""0 - 2"", ""pct"": 10.76}]"
Senegal,Tunisia,Neutral,1.564,1.008,50.5,26.2,23.3,49.4,7.5,8.9,23.5,4.6,6.1,65.8,34.2,"[{""score"": ""1 - 0"", ""pct"": 12.46}, {""score"": ""1 - 1"", ""pct"": 11.89}, {""score"": ""2 - 1"", ""pct"": 9.42}]"
Senegal,Brazil,Neutral,1.102,1.606,25.0,26.4,48.6,25.6,4.9,5.8,48.2,7.1,8.4,36.3,63.7,"[{""score"": ""1 - 1"", ""pct"": 11.97}, {""score"": ""0 - 1"", ""pct"": 10.780000000000001}, {""score"": ""1 - 2"", ""pct"": 9.5}]"
Senegal,Iraq,Neutral,1.541,0.981,50.0,27.1,22.9,50.6,7.1,9.2,22.7,4.2,6.2,66.9,33.1,"[{""score"": ""1 - 0"", ""pct"": 12.709999999999999}, {""score"": ""1 - 1"", ""pct"": 12.34}, {""score"": ""2 - 1"", ""pct"": 9.46}]"
Senegal,Sweden,Neutral,1.818,0.959,59.2,23.4,17.3,57.4,7.6,8.1,18.6,3.4,4.9,73.1,26.9,"[{""score"": ""1 - 0"", ""pct"": 12.520000000000001}, {""score"": ""1 - 1"", ""pct"": 10.549999999999999}, {""score"": ""2 - 0"", ""pct"": 10.05}]"
Senegal,Spain,Neutral,0.924,1.741,18.6,25.1,56.3,18.7,3.6,4.8,56.5,7.5,9.0,27.0,73.0,"[{""score"": ""0 - 1"", ""pct"": 12.6}, {""score"": ""1 - 1"", ""pct"": 11.27}, {""score"": ""0 - 2"", ""pct"": 10.22}]"
Senegal,Paraguay,Neutral,1.259,1.223,36.5,28.9,34.7,37.0,6.2,8.1,34.7,6.1,8.0,51.2,48.8,"[{""score"": ""1 - 1"", ""pct"": 13.03}, {""score"": ""1 - 0"", ""pct"": 10.92}, {""score"": ""0 - 1"", ""pct"": 10.23}]"
Senegal,New Zealand,Neutral,1.75,0.927,56.7,24.2,19.1,56.4,7.8,8.8,18.5,3.8,4.8,72.9,27.1,"[{""score"": ""1 - 0"", ""pct"": 12.889999999999999}, {""score"": ""1 - 1"", ""pct"": 10.85}, {""score"": ""2 - 0"", ""pct"": 10.45}]"
Senegal,Qatar,Neutral,2.051,0.683,70.1,19.5,10.4,70.1,7.0,7.8,10.3,2.1,2.7,84.9,15.1,"[{""score"": ""1 - 0"", ""pct"": 14.330000000000002}, {""score"": ""2 - 0"", ""pct"": 13.370000000000001}, {""score"": ""1 - 1"", ""pct"": 9.08}]"
Senegal,Norway,Neutral,1.236,1.333,33.2,27.7,39.1,33.4,5.6,7.7,38.4,6.8,8.1,46.7,53.3,"[{""score"": ""1 - 1"", ""pct"": 12.379999999999999}, {""score"": ""0 - 1"", ""pct"": 10.22}, {""score"": ""1 - 0"", ""pct"": 8.93}]"
Senegal,Bosnia and Herzegovina,Neutral,1.947,0.71,66.7,21.0,12.3,67.7,7.3,8.3,11.6,2.0,3.1,83.3,16.7,"[{""score"": ""1 - 0"", ""pct"": 13.930000000000001}, {""score"": ""2 - 0"", ""pct"": 12.78}, {""score"": ""2 - 1"", ""pct"": 9.87}]"
Senegal,Curaçao,Neutral,1.927,0.735,65.4,22.2,12.4,65.1,7.8,8.7,12.6,2.6,3.2,81.5,18.5,"[{""score"": ""1 - 0"", ""pct"": 13.639999999999999}, {""score"": ""2 - 0"", ""pct"": 12.879999999999999}, {""score"": ""1 - 1"", ""pct"": 10.059999999999999}]"
Senegal,Belgium,Neutral,1.245,1.288,34.2,28.5,37.2,34.3,5.9,8.2,36.9,6.3,8.3,48.4,51.6,"[{""score"": ""1 - 1"", ""pct"": 12.91}, {""score"": ""0 - 1"", ""pct"": 10.280000000000001}, {""score"": ""1 - 0"", ""pct"": 9.74}]"
Senegal,Switzerland,Neutral,1.28,1.297,34.8,28.5,36.6,36.4,6.0,7.9,35.8,6.3,7.7,50.3,49.7,"[{""score"": ""1 - 1"", ""pct"": 12.91}, {""score"": ""0 - 1"", ""pct"": 10.33}, {""score"": ""1 - 0"", ""pct"": 9.719999999999999}]"
Senegal,Germany,Neutral,1.174,1.393,31.1,27.4,41.5,30.8,5.1,7.5,41.5,6.9,8.2,43.4,56.6,"[{""score"": ""1 - 1"", ""pct"": 12.2}, {""score"": ""0 - 1"", ""pct"": 10.97}, {""score"": ""1 - 0"", ""pct"": 9.049999999999999}]"
Senegal,Egypt,Neutral,1.393,1.036,44.9,28.8,26.4,43.9,7.2,9.6,27.1,5.0,7.2,60.7,39.3,"[{""score"": ""1 - 1"", ""pct"": 13.170000000000002}, {""score"": ""1 - 0"", ""pct"": 13.13}, {""score"": ""0 - 0"", ""pct"": 10.05}]"
Senegal,Jordan,Neutral,1.592,1.074,49.4,26.2,24.4,48.6,7.3,8.4,25.0,5.0,5.6,64.4,35.6,"[{""score"": ""1 - 1"", ""pct"": 12.06}, {""score"": ""1 - 0"", ""pct"": 11.469999999999999}, {""score"": ""2 - 1"", ""pct"": 9.59}]"
Senegal,South Africa,Neutral,1.723,0.805,58.7,24.7,16.6,59.5,7.5,9.6,15.8,3.4,4.4,76.5,23.5,"[{""score"": ""1 - 0"", ""pct"": 13.56}, {""score"": ""2 - 0"", ""pct"": 11.58}, {""score"": ""1 - 1"", ""pct"": 11.31}]"
Senegal,Croatia,Neutral,1.238,1.333,33.8,28.5,37.7,33.5,5.6,7.9,38.9,6.2,7.8,47.0,53.0,"[{""score"": ""1 - 1"", ""pct"": 12.740000000000002}, {""score"": ""0 - 1"", ""pct"": 9.78}, {""score"": ""1 - 0"", ""pct"": 9.48}]"
Senegal,Haiti,Neutral,1.635,1.033,51.1,26.1,22.8,50.9,7.4,8.7,22.9,4.4,5.7,67.0,33.0,"[{""score"": ""1 - 1"", ""pct"": 12.2}, {""score"": ""1 - 0"", ""pct"": 11.76}, {""score"": ""2 - 1"", ""pct"": 9.71}]"
Senegal,United States,Neutral,1.574,1.11,48.1,26.3,25.6,48.0,7.0,8.5,25.5,4.8,6.3,63.4,36.6,"[{""score"": ""1 - 1"", ""pct"": 11.84}, {""score"": ""1 - 0"", ""pct"": 11.21}, {""score"": ""2 - 1"", ""pct"": 9.25}]"
Senegal,Uruguay,Neutral,1.165,1.304,31.8,28.4,39.8,33.2,5.6,8.0,38.4,6.2,8.6,46.8,53.2,"[{""score"": ""1 - 1"", ""pct"": 12.73}, {""score"": ""0 - 1"", ""pct"": 10.92}, {""score"": ""1 - 0"", ""pct"": 9.75}]"
Senegal,South Korea,Neutral,1.245,1.264,34.9,28.4,36.7,35.9,6.0,8.0,36.0,5.9,8.2,50.0,50.0,"[{""score"": ""1 - 1"", ""pct"": 13.13}, {""score"": ""0 - 1"", ""pct"": 10.549999999999999}, {""score"": ""1 - 0"", ""pct"": 9.959999999999999}]"
Senegal,Australia,Neutral,1.201,1.317,34.0,27.8,38.2,34.1,5.9,8.0,37.8,6.4,7.9,47.9,52.1,"[{""score"": ""1 - 1"", ""pct"": 12.559999999999999}, {""score"": ""0 - 1"", ""pct"": 10.68}, {""score"": ""1 - 0"", ""pct"": 9.93}]"
Senegal,Czech Republic,Neutral,1.626,1.055,50.3,26.1,23.5,51.2,7.5,8.9,22.9,4.2,5.3,67.6,32.4,"[{""score"": ""1 - 1"", ""pct"": 11.72}, {""score"": ""1 - 0"", ""pct"": 11.19}, {""score"": ""2 - 1"", ""pct"": 9.65}]"
Senegal,Cape Verde,Neutral,1.799,0.798,61.9,23.6,14.6,61.7,7.5,9.5,14.6,2.5,4.1,78.8,21.2,"[{""score"": ""1 - 0"", ""pct"": 14.280000000000001}, {""score"": ""2 - 0"", ""pct"": 11.959999999999999}, {""score"": ""1 - 1"", ""pct"": 10.17}]"
Senegal,Ghana,Neutral,1.822,0.745,63.1,23.2,13.7,63.3,8.2,9.3,12.8,2.8,3.7,80.7,19.3,"[{""score"": ""1 - 0"", ""pct"": 14.499999999999998}, {""score"": ""2 - 0"", ""pct"": 13.209999999999999}, {""score"": ""1 - 1"", ""pct"": 10.34}]"
Senegal,Netherlands,Neutral,1.158,1.348,31.1,27.6,41.3,31.6,5.4,7.5,40.2,6.5,8.8,44.5,55.5,"[{""score"": ""1 - 1"", ""pct"": 12.27}, {""score"": ""0 - 1"", ""pct"": 11.12}, {""score"": ""0 - 0"", ""pct"": 9.27}]"
Senegal,Ivory Coast,Neutral,1.448,1.058,44.8,28.6,26.6,45.4,7.0,9.1,27.4,4.7,6.3,61.5,38.5,"[{""score"": ""1 - 1"", ""pct"": 13.29}, {""score"": ""1 - 0"", ""pct"": 11.61}, {""score"": ""2 - 1"", ""pct"": 9.53}]"
Senegal,Scotland,Neutral,1.549,1.07,48.1,26.9,25.0,47.0,7.4,9.1,25.7,4.5,6.2,63.6,36.4,"[{""score"": ""1 - 1"", ""pct"": 12.47}, {""score"": ""1 - 0"", ""pct"": 11.98}, {""score"": ""2 - 1"", ""pct"": 9.030000000000001}]"
Senegal,Ecuador,Neutral,1.067,1.407,27.1,28.5,44.4,27.8,4.9,7.1,43.9,6.9,9.2,39.9,60.1,"[{""score"": ""1 - 1"", ""pct"": 12.889999999999999}, {""score"": ""0 - 1"", ""pct"": 12.36}, {""score"": ""0 - 0"", ""pct"": 9.610000000000001}]"
Senegal,Iran,Neutral,1.211,1.269,34.4,27.9,37.7,34.2,5.9,8.3,37.2,6.2,8.1,48.4,51.6,"[{""score"": ""1 - 1"", ""pct"": 12.790000000000001}, {""score"": ""0 - 1"", ""pct"": 10.85}, {""score"": ""1 - 0"", ""pct"": 9.85}]"
Senegal,Mexico,Neutral,1.104,1.32,29.9,28.6,41.5,30.1,5.4,7.4,41.1,6.4,9.5,43.0,57.0,"[{""score"": ""1 - 1"", ""pct"": 12.25}, {""score"": ""0 - 1"", ""pct"": 12.17}, {""score"": ""0 - 0"", ""pct"": 10.22}]"
Senegal,France,Neutral,1.109,1.643,25.2,26.3,48.5,24.2,4.7,5.6,49.6,7.3,8.5,34.6,65.4,"[{""score"": ""1 - 1"", ""pct"": 11.75}, {""score"": ""0 - 1"", ""pct"": 10.84}, {""score"": ""1 - 2"", ""pct"": 8.99}]"
Senegal,Algeria,Neutral,1.206,1.215,36.0,28.2,35.8,35.8,5.9,9.0,35.2,6.0,8.1,50.7,49.3,"[{""score"": ""1 - 1"", ""pct"": 12.740000000000002}, {""score"": ""1 - 0"", ""pct"": 11.19}, {""score"": ""0 - 1"", ""pct"": 10.69}]"
Senegal,Panama,Neutral,1.431,1.176,43.1,27.2,29.7,42.1,7.1,8.5,29.6,6.0,6.7,57.7,42.3,"[{""score"": ""1 - 1"", ""pct"": 12.5}, {""score"": ""1 - 0"", ""pct"": 11.19}, {""score"": ""2 - 1"", ""pct"": 9.049999999999999}]"
Senegal,Colombia,Neutral,1.1,1.533,26.1,26.6,47.3,24.9,5.0,6.3,47.5,7.4,8.9,36.2,63.8,"[{""score"": ""1 - 1"", ""pct"": 12.120000000000001}, {""score"": ""0 - 1"", ""pct"": 10.85}, {""score"": ""1 - 2"", ""pct"": 9.44}]"
Senegal,Portugal,Neutral,1.108,1.533,25.8,27.4,46.8,26.0,4.8,6.4,47.0,6.9,8.9,37.2,62.8,"[{""score"": ""1 - 1"", ""pct"": 12.389999999999999}, {""score"": ""0 - 1"", ""pct"": 11.43}, {""score"": ""1 - 2"", ""pct"": 9.19}]"
Spain,Saudi Arabia,Neutral,2.281,0.666,73.7,17.8,8.5,75.0,6.7,6.9,7.8,1.7,1.8,88.6,11.4,"[{""score"": ""2 - 0"", ""pct"": 13.43}, {""score"": ""1 - 0"", ""pct"": 12.67}, {""score"": ""3 - 0"", ""pct"": 10.08}]"
Spain,England,Neutral,1.446,1.082,44.9,27.9,27.2,44.4,6.8,9.4,28.2,4.5,6.7,60.6,39.4,"[{""score"": ""1 - 1"", ""pct"": 12.78}, {""score"": ""1 - 0"", ""pct"": 11.57}, {""score"": ""2 - 1"", ""pct"": 9.48}]"
Spain,Uzbekistan,Neutral,1.729,0.755,61.2,24.4,14.4,60.0,7.9,10.0,14.8,2.9,4.3,77.9,22.1,"[{""score"": ""1 - 0"", ""pct"": 15.129999999999999}, {""score"": ""2 - 0"", ""pct"": 12.620000000000001}, {""score"": ""1 - 1"", ""pct"": 10.7}]"
Spain,Austria,Neutral,1.712,0.805,59.1,25.1,15.7,59.4,7.6,9.2,16.0,3.3,4.6,76.1,23.9,"[{""score"": ""1 - 0"", ""pct"": 14.330000000000002}, {""score"": ""2 - 0"", ""pct"": 11.21}, {""score"": ""1 - 1"", ""pct"": 10.92}]"
Spain,Turkey,Neutral,1.729,0.91,56.3,24.1,19.6,57.3,7.2,8.9,18.7,3.3,4.6,73.4,26.6,"[{""score"": ""1 - 0"", ""pct"": 12.770000000000001}, {""score"": ""1 - 1"", ""pct"": 11.01}, {""score"": ""2 - 0"", ""pct"": 10.299999999999999}]"
Spain,Morocco,Neutral,1.625,1.085,50.8,25.6,23.7,50.0,6.5,8.6,24.6,4.5,5.7,65.1,34.9,"[{""score"": ""1 - 1"", ""pct"": 11.360000000000001}, {""score"": ""1 - 0"", ""pct"": 11.33}, {""score"": ""2 - 1"", ""pct"": 9.68}]"
Spain,DR Congo,Neutral,1.877,0.688,66.6,21.4,11.9,66.2,7.3,9.1,12.2,2.4,2.9,82.6,17.4,"[{""score"": ""1 - 0"", ""pct"": 15.790000000000001}, {""score"": ""2 - 0"", ""pct"": 13.58}, {""score"": ""2 - 1"", ""pct"": 9.56}]"
Spain,Japan,Neutral,1.584,1.064,49.1,26.9,24.0,49.0,7.5,8.7,24.4,4.7,5.7,65.2,34.8,"[{""score"": ""1 - 1"", ""pct"": 12.22}, {""score"": ""1 - 0"", ""pct"": 11.31}, {""score"": ""2 - 1"", ""pct"": 9.21}]"
Spain,Canada,Neutral,1.643,0.783,56.9,25.7,17.3,58.3,7.8,9.8,16.0,3.2,4.9,75.9,24.1,"[{""score"": ""1 - 0"", ""pct"": 14.41}, {""score"": ""1 - 1"", ""pct"": 11.57}, {""score"": ""2 - 0"", ""pct"": 11.200000000000001}]"
Spain,Argentina,Neutral,1.207,1.206,35.4,29.8,34.8,35.8,6.2,8.5,34.9,6.2,8.3,50.6,49.4,"[{""score"": ""1 - 1"", ""pct"": 12.989999999999998}, {""score"": ""0 - 1"", ""pct"": 10.780000000000001}, {""score"": ""1 - 0"", ""pct"": 10.15}]"
Spain,Tunisia,Neutral,2.002,0.666,69.0,20.9,10.1,69.2,7.3,8.2,10.6,1.8,2.9,84.7,15.3,"[{""score"": ""1 - 0"", ""pct"": 14.41}, {""score"": ""2 - 0"", ""pct"": 13.469999999999999}, {""score"": ""2 - 1"", ""pct"": 9.569999999999999}]"
Spain,Brazil,Neutral,1.592,1.111,48.6,26.0,25.4,48.9,7.2,8.5,25.1,4.8,5.6,64.5,35.5,"[{""score"": ""1 - 1"", ""pct"": 11.68}, {""score"": ""1 - 0"", ""pct"": 10.879999999999999}, {""score"": ""2 - 1"", ""pct"": 10.14}]"
Spain,Iraq,Neutral,1.968,0.669,68.8,20.3,10.9,68.3,7.6,8.0,11.0,2.1,3.0,83.9,16.1,"[{""score"": ""1 - 0"", ""pct"": 14.97}, {""score"": ""2 - 0"", ""pct"": 14.069999999999999}, {""score"": ""2 - 1"", ""pct"": 8.959999999999999}]"
Spain,Sweden,Neutral,2.428,0.717,75.9,15.7,8.3,75.8,7.1,5.9,7.8,1.5,1.8,88.9,11.1,"[{""score"": ""2 - 0"", ""pct"": 12.53}, {""score"": ""1 - 0"", ""pct"": 10.85}, {""score"": ""3 - 0"", ""pct"": 10.16}]"
Spain,Senegal,Neutral,1.741,0.924,58.0,23.8,18.2,57.0,7.6,8.8,18.7,3.3,4.6,73.3,26.7,"[{""score"": ""1 - 0"", ""pct"": 13.100000000000001}, {""score"": ""1 - 1"", ""pct"": 10.97}, {""score"": ""2 - 0"", ""pct"": 10.299999999999999}]"
Spain,Paraguay,Neutral,1.758,0.805,60.0,24.4,15.7,60.6,7.1,9.0,16.2,2.9,4.2,76.7,23.3,"[{""score"": ""1 - 0"", ""pct"": 13.68}, {""score"": ""2 - 0"", ""pct"": 11.43}, {""score"": ""1 - 1"", ""pct"": 10.870000000000001}]"
Spain,New Zealand,Neutral,2.357,0.673,76.3,15.9,7.8,75.0,7.0,6.3,8.5,1.3,1.8,88.3,11.7,"[{""score"": ""2 - 0"", ""pct"": 13.469999999999999}, {""score"": ""1 - 0"", ""pct"": 12.559999999999999}, {""score"": ""3 - 0"", ""pct"": 10.12}]"
Spain,Qatar,Neutral,3.012,0.548,87.0,9.5,3.5,87.2,4.8,3.4,3.5,0.5,0.6,95.4,4.6,"[{""score"": ""2 - 0"", ""pct"": 13.309999999999999}, {""score"": ""3 - 0"", ""pct"": 12.5}, {""score"": ""1 - 0"", ""pct"": 9.89}]"
Spain,Norway,Neutral,1.756,0.929,57.6,23.7,18.8,57.4,7.6,8.7,18.4,3.6,4.3,73.7,26.2,"[{""score"": ""1 - 0"", ""pct"": 12.959999999999999}, {""score"": ""1 - 1"", ""pct"": 10.76}, {""score"": ""2 - 1"", ""pct"": 10.22}]"
Spain,Bosnia and Herzegovina,Neutral,2.612,0.62,81.0,13.6,5.5,80.8,6.0,4.9,5.7,1.2,1.3,91.8,8.2,"[{""score"": ""2 - 0"", ""pct"": 13.819999999999999}, {""score"": ""3 - 0"", ""pct"": 11.43}, {""score"": ""1 - 0"", ""pct"": 10.52}]"
Spain,Curaçao,Neutral,2.636,0.583,82.0,12.7,5.3,81.9,5.9,5.2,4.9,1.0,1.1,93.0,7.0,"[{""score"": ""2 - 0"", ""pct"": 14.180000000000001}, {""score"": ""3 - 0"", ""pct"": 12.49}, {""score"": ""1 - 0"", ""pct"": 10.96}]"
Spain,Belgium,Neutral,1.726,0.908,57.4,24.2,18.4,57.1,7.5,8.9,18.0,3.9,4.7,73.5,26.5,"[{""score"": ""1 - 0"", ""pct"": 13.100000000000001}, {""score"": ""1 - 1"", ""pct"": 11.16}, {""score"": ""2 - 1"", ""pct"": 10.0}]"
Spain,Switzerland,Neutral,1.774,0.892,58.4,23.7,17.9,57.9,7.7,8.9,17.9,3.2,4.4,74.5,25.5,"[{""score"": ""1 - 0"", ""pct"": 12.620000000000001}, {""score"": ""2 - 0"", ""pct"": 10.72}, {""score"": ""1 - 1"", ""pct"": 10.38}]"
Spain,Germany,Neutral,1.73,1.1,51.9,24.6,23.5,51.8,7.6,8.2,22.9,4.3,5.2,67.5,32.5,"[{""score"": ""1 - 1"", ""pct"": 10.92}, {""score"": ""1 - 0"", ""pct"": 10.34}, {""score"": ""2 - 1"", ""pct"": 9.84}]"
Spain,Egypt,Neutral,1.804,0.76,62.8,23.6,13.6,62.2,8.1,9.2,14.0,2.6,4.0,79.5,20.5,"[{""score"": ""1 - 0"", ""pct"": 14.59}, {""score"": ""2 - 0"", ""pct"": 12.3}, {""score"": ""1 - 1"", ""pct"": 10.77}]"
Spain,Jordan,Neutral,1.985,0.851,64.8,21.8,13.5,64.6,8.0,8.0,13.9,2.3,3.2,80.6,19.4,"[{""score"": ""1 - 0"", ""pct"": 12.55}, {""score"": ""2 - 0"", ""pct"": 11.31}, {""score"": ""2 - 1"", ""pct"": 10.01}]"
Spain,South Africa,Neutral,2.158,0.663,72.5,18.4,9.0,72.6,7.2,7.1,9.0,1.9,2.1,86.9,13.1,"[{""score"": ""2 - 0"", ""pct"": 13.639999999999999}, {""score"": ""1 - 0"", ""pct"": 13.23}, {""score"": ""3 - 0"", ""pct"": 9.700000000000001}]"
Spain,Croatia,Neutral,1.773,0.966,56.1,24.2,19.7,56.6,7.6,8.8,19.0,3.5,4.5,73.0,27.0,"[{""score"": ""1 - 0"", ""pct"": 11.32}, {""score"": ""1 - 1"", ""pct"": 11.020000000000001}, {""score"": ""2 - 1"", ""pct"": 9.94}]"
Spain,Haiti,Neutral,2.042,0.726,68.4,20.1,11.6,69.3,7.3,7.7,11.1,1.9,2.7,84.4,15.6,"[{""score"": ""1 - 0"", ""pct"": 13.700000000000001}, {""score"": ""2 - 0"", ""pct"": 13.33}, {""score"": ""2 - 1"", ""pct"": 9.139999999999999}]"
Spain,United States,Neutral,1.904,0.814,62.9,22.6,14.5,63.3,7.1,8.4,15.1,2.7,3.3,78.8,21.2,"[{""score"": ""1 - 0"", ""pct"": 12.86}, {""score"": ""2 - 0"", ""pct"": 11.65}, {""score"": ""1 - 1"", ""pct"": 10.15}]"
Spain,Uruguay,Neutral,1.691,0.983,53.9,24.6,21.5,54.1,7.5,8.2,21.2,4.2,4.9,69.8,30.2,"[{""score"": ""1 - 0"", ""pct"": 12.139999999999999}, {""score"": ""1 - 1"", ""pct"": 10.879999999999999}, {""score"": ""2 - 1"", ""pct"": 9.64}]"
Spain,South Korea,Neutral,1.733,0.882,57.6,24.1,18.3,58.2,7.1,9.0,17.9,3.4,4.4,74.3,25.7,"[{""score"": ""1 - 0"", ""pct"": 12.839999999999998}, {""score"": ""2 - 0"", ""pct"": 10.82}, {""score"": ""1 - 1"", ""pct"": 10.58}]"
Spain,Australia,Neutral,1.687,0.918,54.6,24.9,20.4,55.2,7.6,9.3,19.1,3.9,4.9,72.0,27.9,"[{""score"": ""1 - 0"", ""pct"": 12.82}, {""score"": ""1 - 1"", ""pct"": 11.07}, {""score"": ""2 - 0"", ""pct"": 10.48}]"
Spain,Czech Republic,Neutral,2.101,0.792,68.6,20.0,11.4,67.4,7.2,7.8,12.0,2.7,2.9,82.4,17.6,"[{""score"": ""1 - 0"", ""pct"": 12.44}, {""score"": ""2 - 0"", ""pct"": 12.42}, {""score"": ""2 - 1"", ""pct"": 9.71}]"
Spain,Cape Verde,Neutral,2.266,0.68,73.8,17.8,8.5,74.4,6.8,6.7,8.7,1.6,1.9,87.9,12.1,"[{""score"": ""2 - 0"", ""pct"": 13.8}, {""score"": ""1 - 0"", ""pct"": 12.690000000000001}, {""score"": ""3 - 0"", ""pct"": 9.5}]"
Spain,Ghana,Neutral,2.51,0.563,80.4,13.9,5.7,80.6,6.2,5.5,5.5,1.0,1.2,92.3,7.7,"[{""score"": ""2 - 0"", ""pct"": 14.66}, {""score"": ""3 - 0"", ""pct"": 12.2}, {""score"": ""1 - 0"", ""pct"": 12.16}]"
Spain,Netherlands,Neutral,1.682,1.058,52.1,25.5,22.5,51.7,7.3,8.6,23.1,4.0,5.2,67.6,32.4,"[{""score"": ""1 - 1"", ""pct"": 11.37}, {""score"": ""1 - 0"", ""pct"": 11.200000000000001}, {""score"": ""2 - 1"", ""pct"": 9.73}]"
Spain,Ivory Coast,Neutral,1.912,0.808,64.4,21.9,13.7,64.1,7.4,8.6,13.9,2.7,3.2,80.1,19.9,"[{""score"": ""1 - 0"", ""pct"": 13.4}, {""score"": ""2 - 0"", ""pct"": 12.21}, {""score"": ""2 - 1"", ""pct"": 10.27}]"
Spain,Scotland,Neutral,2.003,0.801,66.1,20.8,13.1,65.4,7.8,8.2,12.5,2.4,3.8,81.3,18.7,"[{""score"": ""1 - 0"", ""pct"": 12.68}, {""score"": ""2 - 0"", ""pct"": 11.83}, {""score"": ""2 - 1"", ""pct"": 9.98}]"
Spain,Ecuador,Neutral,1.585,1.005,51.0,26.1,22.9,50.6,7.7,8.9,22.9,4.1,5.7,67.3,32.7,"[{""score"": ""1 - 0"", ""pct"": 12.13}, {""score"": ""1 - 1"", ""pct"": 11.72}, {""score"": ""2 - 1"", ""pct"": 9.62}]"
Spain,Iran,Neutral,1.677,0.885,56.3,25.2,18.5,56.7,7.4,8.6,18.7,3.5,5.2,72.6,27.4,"[{""score"": ""1 - 0"", ""pct"": 13.459999999999999}, {""score"": ""1 - 1"", ""pct"": 11.27}, {""score"": ""2 - 0"", ""pct"": 10.74}]"
Spain,Mexico,Neutral,1.583,0.995,50.7,26.1,23.2,50.0,7.1,9.5,23.0,4.4,6.0,66.6,33.4,"[{""score"": ""1 - 0"", ""pct"": 12.629999999999999}, {""score"": ""1 - 1"", ""pct"": 11.219999999999999}, {""score"": ""2 - 1"", ""pct"": 10.39}]"
Spain,France,Neutral,1.583,1.111,48.1,26.7,25.2,49.0,6.8,8.5,25.2,4.5,6.0,64.3,35.7,"[{""score"": ""1 - 1"", ""pct"": 12.22}, {""score"": ""1 - 0"", ""pct"": 11.43}, {""score"": ""2 - 1"", ""pct"": 9.3}]"
Spain,Algeria,Neutral,1.63,0.839,56.6,25.6,17.7,55.9,7.3,9.5,18.7,3.5,5.0,72.7,27.3,"[{""score"": ""1 - 0"", ""pct"": 14.399999999999999}, {""score"": ""1 - 1"", ""pct"": 11.21}, {""score"": ""2 - 0"", ""pct"": 11.21}]"
Spain,Panama,Neutral,1.94,0.833,64.1,21.4,14.4,63.5,7.7,7.8,14.6,2.8,3.5,79.0,21.0,"[{""score"": ""1 - 0"", ""pct"": 13.0}, {""score"": ""2 - 0"", ""pct"": 12.29}, {""score"": ""2 - 1"", ""pct"": 10.23}]"
Spain,Colombia,Neutral,1.591,1.098,49.1,25.3,25.6,48.7,7.1,8.9,25.1,4.4,5.8,64.7,35.3,"[{""score"": ""1 - 0"", ""pct"": 11.37}, {""score"": ""1 - 1"", ""pct"": 11.33}, {""score"": ""2 - 1"", ""pct"": 9.64}]"
Spain,Portugal,Neutral,1.6,1.093,48.5,26.2,25.3,49.1,6.8,8.8,25.1,4.4,5.7,64.8,35.2,"[{""score"": ""1 - 1"", ""pct"": 11.49}, {""score"": ""1 - 0"", ""pct"": 10.94}, {""score"": ""2 - 1"", ""pct"": 9.15}]"
Paraguay,Saudi Arabia,Neutral,1.664,0.921,56.2,24.5,19.3,54.9,7.4,8.9,20.3,3.6,4.9,71.2,28.8,"[{""score"": ""1 - 0"", ""pct"": 12.86}, {""score"": ""1 - 1"", ""pct"": 10.95}, {""score"": ""2 - 0"", ""pct"": 10.51}]"
Paraguay,England,Neutral,0.976,1.592,22.9,26.5,50.6,22.9,4.0,5.9,50.8,7.4,8.9,32.9,67.1,"[{""score"": ""0 - 1"", ""pct"": 12.2}, {""score"": ""1 - 1"", ""pct"": 11.81}, {""score"": ""0 - 2"", ""pct"": 9.28}]"
Paraguay,Uzbekistan,Neutral,1.25,1.149,37.8,29.5,32.6,37.8,6.1,8.9,33.2,5.4,8.7,52.8,47.2,"[{""score"": ""1 - 1"", ""pct"": 13.34}, {""score"": ""1 - 0"", ""pct"": 11.55}, {""score"": ""0 - 1"", ""pct"": 10.5}]"
Paraguay,Austria,Neutral,1.341,1.087,41.4,28.6,30.0,41.3,7.2,9.5,28.8,5.5,7.6,58.0,42.0,"[{""score"": ""1 - 1"", ""pct"": 12.740000000000002}, {""score"": ""1 - 0"", ""pct"": 11.86}, {""score"": ""0 - 0"", ""pct"": 10.14}]"
Paraguay,Turkey,Neutral,1.15,1.304,31.9,27.6,40.5,32.0,5.2,7.6,39.6,6.5,9.0,44.8,55.2,"[{""score"": ""1 - 1"", ""pct"": 12.540000000000001}, {""score"": ""0 - 1"", ""pct"": 11.89}, {""score"": ""1 - 0"", ""pct"": 9.71}]"
Paraguay,Morocco,Neutral,0.993,1.502,24.8,27.0,48.3,23.8,4.4,6.3,49.2,7.0,9.3,34.5,65.5,"[{""score"": ""1 - 1"", ""pct"": 12.740000000000002}, {""score"": ""0 - 1"", ""pct"": 12.659999999999998}, {""score"": ""1 - 2"", ""pct"": 9.49}]"
Paraguay,DR Congo,Neutral,1.337,0.971,44.0,29.8,26.2,44.6,7.3,9.8,25.9,5.0,7.3,61.7,38.3,"[{""score"": ""1 - 0"", ""pct"": 13.100000000000001}, {""score"": ""1 - 1"", ""pct"": 12.93}, {""score"": ""0 - 0"", ""pct"": 11.34}]"
Paraguay,Japan,Neutral,0.982,1.484,23.9,27.3,48.8,24.1,3.9,6.2,49.4,7.3,9.1,34.2,65.8,"[{""score"": ""0 - 1"", ""pct"": 13.18}, {""score"": ""1 - 1"", ""pct"": 12.55}, {""score"": ""0 - 0"", ""pct"": 9.139999999999999}]"
Paraguay,Canada,Neutral,1.129,1.163,34.0,29.6,36.4,34.2,5.9,8.8,35.8,6.1,9.2,48.9,51.1,"[{""score"": ""1 - 1"", ""pct"": 13.420000000000002}, {""score"": ""0 - 1"", ""pct"": 11.81}, {""score"": ""1 - 0"", ""pct"": 11.39}]"
Paraguay,Argentina,Neutral,0.764,1.751,14.7,24.4,60.9,15.0,3.0,4.1,61.2,7.7,9.0,22.1,77.9,"[{""score"": ""0 - 1"", ""pct"": 14.95}, {""score"": ""0 - 2"", ""pct"": 12.04}, {""score"": ""1 - 1"", ""pct"": 10.51}]"
Paraguay,Tunisia,Neutral,1.498,1.011,47.3,27.7,25.1,47.0,7.5,9.2,25.4,4.7,6.2,63.7,36.3,"[{""score"": ""1 - 0"", ""pct"": 12.53}, {""score"": ""1 - 1"", ""pct"": 12.02}, {""score"": ""0 - 0"", ""pct"": 9.53}]"
Paraguay,Brazil,Neutral,1.05,1.624,23.1,26.9,50.0,23.6,4.4,5.8,50.8,6.9,8.5,33.9,66.1,"[{""score"": ""1 - 1"", ""pct"": 12.049999999999999}, {""score"": ""0 - 1"", ""pct"": 11.77}, {""score"": ""1 - 2"", ""pct"": 9.35}]"
Paraguay,Iraq,Neutral,1.426,0.976,48.1,28.1,23.8,47.2,7.0,10.0,24.0,5.0,6.7,64.3,35.7,"[{""score"": ""1 - 0"", ""pct"": 13.41}, {""score"": ""1 - 1"", ""pct"": 12.43}, {""score"": ""0 - 0"", ""pct"": 10.31}]"
Paraguay,Sweden,Neutral,1.768,0.977,56.1,24.3,19.7,56.4,7.5,8.1,19.8,3.6,4.6,72.0,28.0,"[{""score"": ""1 - 0"", ""pct"": 12.030000000000001}, {""score"": ""1 - 1"", ""pct"": 10.94}, {""score"": ""2 - 0"", ""pct"": 9.71}]"
Paraguay,Senegal,Neutral,1.223,1.259,34.6,28.9,36.4,34.5,6.3,8.5,35.7,6.6,8.5,49.3,50.7,"[{""score"": ""1 - 1"", ""pct"": 13.23}, {""score"": ""0 - 1"", ""pct"": 10.780000000000001}, {""score"": ""1 - 0"", ""pct"": 10.620000000000001}]"
Paraguay,Spain,Neutral,0.805,1.758,15.6,23.6,60.9,15.9,3.3,4.3,60.2,7.7,8.7,23.4,76.6,"[{""score"": ""0 - 1"", ""pct"": 14.42}, {""score"": ""0 - 2"", ""pct"": 12.2}, {""score"": ""1 - 1"", ""pct"": 10.52}]"
Paraguay,New Zealand,Neutral,1.673,1.015,52.9,25.9,21.1,53.2,7.2,8.3,21.7,4.1,5.4,68.7,31.3,"[{""score"": ""1 - 1"", ""pct"": 11.93}, {""score"": ""1 - 0"", ""pct"": 11.379999999999999}, {""score"": ""2 - 1"", ""pct"": 9.99}]"
Paraguay,Qatar,Neutral,2.009,0.687,70.0,19.8,10.1,69.7,7.1,7.9,10.7,1.9,2.7,84.7,15.3,"[{""score"": ""1 - 0"", ""pct"": 15.079999999999998}, {""score"": ""2 - 0"", ""pct"": 13.530000000000001}, {""score"": ""2 - 1"", ""pct"": 9.48}]"
Paraguay,Norway,Neutral,1.173,1.381,30.9,27.1,42.0,30.7,5.5,7.9,41.1,6.2,8.6,44.1,55.9,"[{""score"": ""1 - 1"", ""pct"": 12.280000000000001}, {""score"": ""0 - 1"", ""pct"": 10.9}, {""score"": ""1 - 0"", ""pct"": 9.25}]"
Paraguay,Bosnia and Herzegovina,Neutral,1.875,0.717,64.6,22.2,13.2,65.2,7.5,8.8,12.0,2.8,3.6,81.6,18.4,"[{""score"": ""1 - 0"", ""pct"": 14.59}, {""score"": ""2 - 0"", ""pct"": 12.8}, {""score"": ""1 - 1"", ""pct"": 9.6}]"
Paraguay,Curaçao,Neutral,1.873,0.778,64.5,21.8,13.8,63.2,7.5,9.2,14.0,2.6,3.5,79.9,20.1,"[{""score"": ""1 - 0"", ""pct"": 14.05}, {""score"": ""2 - 0"", ""pct"": 12.770000000000001}, {""score"": ""2 - 1"", ""pct"": 10.03}]"
Paraguay,Belgium,Neutral,1.156,1.288,32.3,29.1,38.6,32.1,5.8,7.8,39.2,6.4,8.6,45.7,54.3,"[{""score"": ""1 - 1"", ""pct"": 13.320000000000002}, {""score"": ""0 - 1"", ""pct"": 10.97}, {""score"": ""1 - 0"", ""pct"": 10.47}]"
Paraguay,Switzerland,Neutral,1.227,1.285,34.9,28.4,36.7,34.5,6.1,8.3,36.5,6.0,8.6,48.9,51.1,"[{""score"": ""1 - 1"", ""pct"": 12.94}, {""score"": ""0 - 1"", ""pct"": 10.8}, {""score"": ""1 - 0"", ""pct"": 10.02}]"
Paraguay,Germany,Neutral,1.098,1.398,28.4,27.6,44.0,28.3,5.1,7.0,43.3,6.6,9.7,40.4,59.6,"[{""score"": ""1 - 1"", ""pct"": 12.83}, {""score"": ""0 - 1"", ""pct"": 12.34}, {""score"": ""1 - 2"", ""pct"": 9.15}]"
Paraguay,Egypt,Neutral,1.33,1.036,42.7,28.8,28.5,43.2,6.8,9.3,28.0,5.2,7.6,59.2,40.8,"[{""score"": ""1 - 0"", ""pct"": 12.659999999999998}, {""score"": ""1 - 1"", ""pct"": 12.33}, {""score"": ""0 - 0"", ""pct"": 10.71}]"
Paraguay,Jordan,Neutral,1.544,1.092,47.4,26.5,26.1,47.7,7.2,8.7,25.3,4.9,6.2,63.7,36.4,"[{""score"": ""1 - 1"", ""pct"": 12.4}, {""score"": ""1 - 0"", ""pct"": 11.360000000000001}, {""score"": ""2 - 1"", ""pct"": 9.68}]"
Paraguay,South Africa,Neutral,1.669,0.878,56.9,24.8,18.3,56.5,7.1,9.9,18.6,3.7,4.2,73.5,26.5,"[{""score"": ""1 - 0"", ""pct"": 13.850000000000001}, {""score"": ""1 - 1"", ""pct"": 11.379999999999999}, {""score"": ""2 - 0"", ""pct"": 10.37}]"
Paraguay,Croatia,Neutral,1.172,1.338,30.9,28.9,40.2,31.6,5.4,8.1,40.1,6.6,8.2,45.1,54.9,"[{""score"": ""1 - 1"", ""pct"": 12.889999999999999}, {""score"": ""0 - 1"", ""pct"": 10.81}, {""score"": ""1 - 0"", ""pct"": 9.51}]"
Paraguay,Haiti,Neutral,1.558,1.035,49.0,26.3,24.7,49.5,7.2,9.0,23.7,4.7,5.9,65.7,34.3,"[{""score"": ""1 - 1"", ""pct"": 12.17}, {""score"": ""1 - 0"", ""pct"": 12.030000000000001}, {""score"": ""2 - 1"", ""pct"": 9.950000000000001}]"
Paraguay,United States,Neutral,1.435,1.13,44.0,27.3,28.6,43.8,6.6,8.2,29.0,5.3,7.0,58.6,41.4,"[{""score"": ""1 - 1"", ""pct"": 12.13}, {""score"": ""1 - 0"", ""pct"": 11.68}, {""score"": ""2 - 1"", ""pct"": 9.09}]"
Paraguay,Uruguay,Neutral,1.089,1.34,29.7,27.8,42.5,29.9,4.9,7.4,41.9,6.9,9.1,42.1,57.9,"[{""score"": ""1 - 1"", ""pct"": 12.67}, {""score"": ""0 - 1"", ""pct"": 11.85}, {""score"": ""1 - 0"", ""pct"": 9.49}]"
Paraguay,South Korea,Neutral,1.199,1.257,34.1,28.8,37.1,34.3,6.3,8.0,37.0,6.2,8.1,48.6,51.4,"[{""score"": ""1 - 1"", ""pct"": 12.8}, {""score"": ""0 - 1"", ""pct"": 10.45}, {""score"": ""1 - 0"", ""pct"": 10.31}]"
Paraguay,Australia,Neutral,1.133,1.297,31.0,29.3,39.8,30.9,5.7,7.9,40.0,6.6,9.0,44.4,55.6,"[{""score"": ""1 - 1"", ""pct"": 12.879999999999999}, {""score"": ""0 - 1"", ""pct"": 12.15}, {""score"": ""0 - 0"", ""pct"": 10.24}]"
Paraguay,Czech Republic,Neutral,1.522,1.06,48.4,27.0,24.6,47.3,6.9,9.1,25.4,5.0,6.4,63.3,36.7,"[{""score"": ""1 - 0"", ""pct"": 11.98}, {""score"": ""1 - 1"", ""pct"": 11.89}, {""score"": ""2 - 1"", ""pct"": 9.64}]"
Paraguay,Cape Verde,Neutral,1.726,0.829,58.9,25.1,16.0,58.6,7.8,9.8,16.3,2.8,4.7,76.2,23.8,"[{""score"": ""1 - 0"", ""pct"": 13.8}, {""score"": ""2 - 0"", ""pct"": 11.25}, {""score"": ""1 - 1"", ""pct"": 11.09}]"
Paraguay,Ghana,Neutral,1.761,0.776,61.5,23.7,14.8,59.9,8.0,10.1,15.2,3.0,3.9,77.9,22.1,"[{""score"": ""1 - 0"", ""pct"": 14.82}, {""score"": ""2 - 0"", ""pct"": 11.89}, {""score"": ""1 - 1"", ""pct"": 10.15}]"
Paraguay,Netherlands,Neutral,1.08,1.375,28.8,27.6,43.7,28.7,5.0,7.2,43.3,7.0,8.8,40.9,59.1,"[{""score"": ""0 - 1"", ""pct"": 12.8}, {""score"": ""1 - 1"", ""pct"": 12.22}, {""score"": ""1 - 0"", ""pct"": 9.62}]"
Paraguay,Ivory Coast,Neutral,1.365,1.068,42.2,28.6,29.2,42.6,7.0,9.5,28.7,5.1,7.1,59.1,40.9,"[{""score"": ""1 - 1"", ""pct"": 12.57}, {""score"": ""1 - 0"", ""pct"": 11.81}, {""score"": ""0 - 1"", ""pct"": 9.790000000000001}]"
Paraguay,Scotland,Neutral,1.48,1.084,45.7,28.1,26.2,45.9,7.2,9.0,26.5,4.9,6.6,62.1,37.9,"[{""score"": ""1 - 1"", ""pct"": 12.889999999999999}, {""score"": ""1 - 0"", ""pct"": 11.59}, {""score"": ""2 - 1"", ""pct"": 9.39}]"
Paraguay,Ecuador,Neutral,1.014,1.415,26.5,28.0,45.5,25.9,4.6,6.8,46.1,7.3,9.3,37.3,62.7,"[{""score"": ""0 - 1"", ""pct"": 12.690000000000001}, {""score"": ""1 - 1"", ""pct"": 12.42}, {""score"": ""0 - 0"", ""pct"": 9.569999999999999}]"
Paraguay,Iran,Neutral,1.148,1.33,30.9,28.6,40.5,31.8,5.2,7.3,40.6,6.6,8.6,44.3,55.7,"[{""score"": ""1 - 1"", ""pct"": 12.46}, {""score"": ""0 - 1"", ""pct"": 11.469999999999999}, {""score"": ""0 - 0"", ""pct"": 9.62}]"
Paraguay,Mexico,Neutral,1.006,1.413,25.9,27.9,46.2,25.5,4.8,7.0,46.4,6.7,9.5,37.4,62.6,"[{""score"": ""1 - 1"", ""pct"": 12.67}, {""score"": ""0 - 1"", ""pct"": 12.520000000000001}, {""score"": ""0 - 0"", ""pct"": 9.74}]"
Paraguay,France,Neutral,0.961,1.676,20.8,24.8,54.4,20.0,3.7,5.3,54.4,7.5,9.0,29.0,71.0,"[{""score"": ""0 - 1"", ""pct"": 12.32}, {""score"": ""1 - 1"", ""pct"": 11.41}, {""score"": ""1 - 2"", ""pct"": 9.87}]"
Paraguay,Algeria,Neutral,1.112,1.232,32.7,29.7,37.5,32.6,5.9,8.0,38.5,6.2,8.9,46.4,53.6,"[{""score"": ""1 - 1"", ""pct"": 13.209999999999999}, {""score"": ""0 - 1"", ""pct"": 11.76}, {""score"": ""1 - 0"", ""pct"": 11.17}]"
Paraguay,Panama,Neutral,1.393,1.185,42.2,26.8,30.9,41.3,6.8,8.1,31.7,5.0,7.0,56.2,43.8,"[{""score"": ""1 - 1"", ""pct"": 12.19}, {""score"": ""1 - 0"", ""pct"": 11.16}, {""score"": ""0 - 1"", ""pct"": 8.77}]"
Paraguay,Colombia,Neutral,1.051,1.571,24.2,27.0,48.8,25.0,4.7,6.2,48.5,6.9,8.6,35.9,64.1,"[{""score"": ""1 - 1"", ""pct"": 12.24}, {""score"": ""0 - 1"", ""pct"": 11.790000000000001}, {""score"": ""1 - 2"", ""pct"": 9.83}]"
Paraguay,Portugal,Neutral,1.061,1.531,24.6,27.2,48.1,24.9,4.6,6.2,48.8,7.0,8.6,35.6,64.4,"[{""score"": ""1 - 1"", ""pct"": 12.22}, {""score"": ""0 - 1"", ""pct"": 11.74}, {""score"": ""1 - 2"", ""pct"": 9.969999999999999}]"
New Zealand,Saudi Arabia,Neutral,1.239,1.215,36.6,28.6,34.8,36.2,5.8,8.6,35.5,5.9,8.0,50.6,49.4,"[{""score"": ""1 - 1"", ""pct"": 12.790000000000001}, {""score"": ""1 - 0"", ""pct"": 10.99}, {""score"": ""0 - 1"", ""pct"": 10.36}]"
New Zealand,England,Neutral,0.722,1.901,12.0,21.6,66.4,11.9,2.3,3.3,66.2,7.5,8.9,17.4,82.6,"[{""score"": ""0 - 1"", ""pct"": 14.790000000000001}, {""score"": ""0 - 2"", ""pct"": 13.059999999999999}, {""score"": ""1 - 1"", ""pct"": 9.520000000000001}]"
New Zealand,Uzbekistan,Neutral,0.998,1.594,22.6,26.5,50.9,22.2,3.9,5.8,51.6,7.3,9.2,31.9,68.1,"[{""score"": ""0 - 1"", ""pct"": 12.35}, {""score"": ""1 - 1"", ""pct"": 11.83}, {""score"": ""1 - 2"", ""pct"": 9.26}]"
New Zealand,Austria,Neutral,0.974,1.556,22.4,26.6,51.1,22.6,4.4,5.4,51.2,7.4,9.0,32.4,67.6,"[{""score"": ""0 - 1"", ""pct"": 12.44}, {""score"": ""1 - 1"", ""pct"": 11.78}, {""score"": ""1 - 2"", ""pct"": 9.84}]"
New Zealand,Turkey,Neutral,0.892,1.777,17.4,23.8,58.8,17.1,3.2,4.7,58.5,7.5,9.0,25.0,75.0,"[{""score"": ""0 - 1"", ""pct"": 12.98}, {""score"": ""1 - 1"", ""pct"": 11.020000000000001}, {""score"": ""0 - 2"", ""pct"": 10.92}]"
New Zealand,Morocco,Neutral,0.721,1.928,12.7,21.6,65.8,12.6,2.2,3.5,65.4,7.4,8.9,18.3,81.7,"[{""score"": ""0 - 1"", ""pct"": 14.09}, {""score"": ""0 - 2"", ""pct"": 13.389999999999999}, {""score"": ""1 - 1"", ""pct"": 9.84}]"
New Zealand,DR Congo,Neutral,1.022,1.213,30.0,29.5,40.5,29.7,5.4,8.2,40.4,6.6,9.7,43.4,56.7,"[{""score"": ""1 - 1"", ""pct"": 13.26}, {""score"": ""0 - 1"", ""pct"": 12.950000000000001}, {""score"": ""0 - 0"", ""pct"": 11.5}]"
New Zealand,Japan,Neutral,0.725,1.843,12.6,22.6,64.8,12.7,2.6,3.5,64.7,7.3,9.2,18.8,81.2,"[{""score"": ""0 - 1"", ""pct"": 15.079999999999998}, {""score"": ""0 - 2"", ""pct"": 13.01}, {""score"": ""1 - 2"", ""pct"": 9.879999999999999}]"
New Zealand,Canada,Neutral,0.956,1.658,19.9,26.1,54.1,20.4,4.1,5.3,53.1,7.9,9.2,29.8,70.2,"[{""score"": ""0 - 1"", ""pct"": 12.809999999999999}, {""score"": ""1 - 1"", ""pct"": 11.58}, {""score"": ""1 - 2"", ""pct"": 10.0}]"
New Zealand,Argentina,Neutral,0.656,2.386,7.8,16.6,75.6,7.6,1.5,1.7,76.5,6.6,6.1,10.8,89.2,"[{""score"": ""0 - 2"", ""pct"": 13.750000000000002}, {""score"": ""0 - 1"", ""pct"": 12.57}, {""score"": ""0 - 3"", ""pct"": 9.700000000000001}]"
New Zealand,Tunisia,Neutral,1.112,1.315,30.8,28.9,40.3,30.7,5.9,7.9,40.1,6.5,8.9,44.5,55.5,"[{""score"": ""1 - 1"", ""pct"": 12.8}, {""score"": ""0 - 1"", ""pct"": 11.87}, {""score"": ""1 - 0"", ""pct"": 10.01}]"
New Zealand,Brazil,Neutral,0.77,2.022,11.9,21.0,67.1,11.9,2.3,3.2,67.5,7.3,7.8,17.4,82.6,"[{""score"": ""0 - 2"", ""pct"": 13.059999999999999}, {""score"": ""0 - 1"", ""pct"": 12.8}, {""score"": ""1 - 2"", ""pct"": 9.71}]"
New Zealand,Iraq,Neutral,1.083,1.258,30.2,29.5,40.2,30.0,5.4,8.2,39.9,7.0,9.5,43.6,56.4,"[{""score"": ""1 - 1"", ""pct"": 13.36}, {""score"": ""0 - 1"", ""pct"": 12.55}, {""score"": ""0 - 0"", ""pct"": 10.83}]"
New Zealand,Sweden,Neutral,1.295,1.262,37.2,27.9,34.9,37.3,6.2,8.0,35.2,5.7,7.4,51.6,48.4,"[{""score"": ""1 - 1"", ""pct"": 12.620000000000001}, {""score"": ""1 - 0"", ""pct"": 10.22}, {""score"": ""0 - 1"", ""pct"": 9.67}]"
New Zealand,Senegal,Neutral,0.927,1.75,18.7,24.1,57.2,18.5,3.8,4.4,56.5,8.0,8.8,26.8,73.2,"[{""score"": ""0 - 1"", ""pct"": 12.4}, {""score"": ""1 - 1"", ""pct"": 10.57}, {""score"": ""0 - 2"", ""pct"": 10.33}]"
New Zealand,Spain,Neutral,0.673,2.357,7.4,17.1,75.5,7.7,1.5,1.9,75.9,6.9,6.1,11.2,88.8,"[{""score"": ""0 - 2"", ""pct"": 14.06}, {""score"": ""0 - 1"", ""pct"": 11.75}, {""score"": ""0 - 3"", ""pct"": 10.05}]"
New Zealand,Paraguay,Neutral,1.015,1.673,22.4,25.5,52.1,21.8,4.0,5.1,53.1,7.4,8.6,30.9,69.1,"[{""score"": ""1 - 1"", ""pct"": 11.35}, {""score"": ""0 - 1"", ""pct"": 10.94}, {""score"": ""1 - 2"", ""pct"": 10.08}]"
New Zealand,Qatar,Neutral,1.718,0.971,54.7,24.4,20.8,54.7,7.8,8.6,20.1,3.7,5.1,71.1,28.9,"[{""score"": ""1 - 0"", ""pct"": 11.73}, {""score"": ""1 - 1"", ""pct"": 10.74}, {""score"": ""2 - 1"", ""pct"": 10.2}]"
New Zealand,Norway,Neutral,0.934,1.801,17.8,23.7,58.5,18.1,3.6,4.3,58.2,7.2,8.5,26.0,74.0,"[{""score"": ""0 - 1"", ""pct"": 12.19}, {""score"": ""1 - 1"", ""pct"": 10.77}, {""score"": ""0 - 2"", ""pct"": 10.47}]"
New Zealand,Bosnia and Herzegovina,Neutral,1.512,1.034,48.8,26.7,24.5,48.7,6.7,9.0,24.8,4.5,6.2,64.4,35.6,"[{""score"": ""1 - 0"", ""pct"": 12.389999999999999}, {""score"": ""1 - 1"", ""pct"": 11.97}, {""score"": ""2 - 1"", ""pct"": 9.55}]"
New Zealand,Curaçao,Neutral,1.528,1.081,46.7,27.6,25.8,47.5,7.4,9.2,24.8,4.7,6.3,64.2,35.8,"[{""score"": ""1 - 1"", ""pct"": 12.55}, {""score"": ""1 - 0"", ""pct"": 11.26}, {""score"": ""2 - 1"", ""pct"": 9.42}]"
New Zealand,Belgium,Neutral,0.895,1.772,17.5,23.9,58.6,18.5,3.5,4.8,56.7,7.6,8.9,26.7,73.3,"[{""score"": ""0 - 1"", ""pct"": 13.23}, {""score"": ""1 - 1"", ""pct"": 10.92}, {""score"": ""0 - 2"", ""pct"": 10.42}]"
New Zealand,Switzerland,Neutral,1.003,1.743,20.4,24.8,54.8,20.8,3.9,4.9,54.2,7.5,8.6,29.6,70.4,"[{""score"": ""0 - 1"", ""pct"": 11.899999999999999}, {""score"": ""1 - 1"", ""pct"": 10.93}, {""score"": ""1 - 2"", ""pct"": 9.98}]"
New Zealand,Germany,Neutral,0.892,1.921,15.4,23.1,61.5,15.9,2.9,3.9,61.3,7.7,8.2,22.8,77.2,"[{""score"": ""0 - 1"", ""pct"": 12.42}, {""score"": ""0 - 2"", ""pct"": 10.84}, {""score"": ""1 - 1"", ""pct"": 10.69}]"
New Zealand,Egypt,Neutral,0.998,1.401,26.1,28.3,45.6,25.1,4.6,6.8,45.8,7.4,10.3,36.6,63.4,"[{""score"": ""0 - 1"", ""pct"": 13.05}, {""score"": ""1 - 1"", ""pct"": 12.44}, {""score"": ""0 - 0"", ""pct"": 9.99}]"
New Zealand,Jordan,Neutral,1.232,1.541,29.4,27.0,43.6,29.7,5.1,6.5,44.1,6.5,8.1,41.3,58.7,"[{""score"": ""1 - 1"", ""pct"": 12.120000000000001}, {""score"": ""0 - 1"", ""pct"": 9.78}, {""score"": ""1 - 2"", ""pct"": 8.85}]"
New Zealand,South Africa,Neutral,1.288,1.143,39.3,28.7,32.0,39.3,6.0,9.2,31.7,6.1,7.7,54.5,45.5,"[{""score"": ""1 - 1"", ""pct"": 12.8}, {""score"": ""1 - 0"", ""pct"": 11.379999999999999}, {""score"": ""0 - 1"", ""pct"": 10.209999999999999}]"
New Zealand,Croatia,Neutral,0.934,1.784,18.9,24.1,57.1,18.4,4.0,4.5,57.1,7.8,8.3,26.9,73.1,"[{""score"": ""0 - 1"", ""pct"": 11.68}, {""score"": ""1 - 1"", ""pct"": 11.06}, {""score"": ""0 - 2"", ""pct"": 10.31}]"
New Zealand,Haiti,Neutral,1.137,1.312,31.6,28.8,39.6,31.1,5.5,7.6,39.7,7.1,9.1,44.2,55.8,"[{""score"": ""1 - 1"", ""pct"": 12.98}, {""score"": ""0 - 1"", ""pct"": 11.01}, {""score"": ""0 - 0"", ""pct"": 9.85}]"
New Zealand,United States,Neutral,1.065,1.583,24.2,27.0,48.9,24.0,4.5,5.6,49.5,7.7,8.6,34.2,65.8,"[{""score"": ""1 - 1"", ""pct"": 12.36}, {""score"": ""0 - 1"", ""pct"": 11.09}, {""score"": ""1 - 2"", ""pct"": 9.31}]"
New Zealand,Uruguay,Neutral,0.822,1.764,15.9,23.8,60.3,15.8,3.4,4.2,60.2,7.3,9.1,23.4,76.6,"[{""score"": ""0 - 1"", ""pct"": 13.63}, {""score"": ""0 - 2"", ""pct"": 11.799999999999999}, {""score"": ""1 - 1"", ""pct"": 10.33}]"
New Zealand,South Korea,Neutral,0.936,1.745,19.1,25.0,55.9,18.8,3.4,4.6,56.8,8.0,8.4,26.8,73.2,"[{""score"": ""0 - 1"", ""pct"": 12.36}, {""score"": ""1 - 1"", ""pct"": 11.5}, {""score"": ""0 - 2"", ""pct"": 10.280000000000001}]"
New Zealand,Australia,Neutral,0.915,1.762,19.4,24.2,56.4,18.6,3.4,4.8,57.4,7.1,8.7,26.8,73.2,"[{""score"": ""0 - 1"", ""pct"": 11.97}, {""score"": ""1 - 1"", ""pct"": 10.75}, {""score"": ""0 - 2"", ""pct"": 10.32}]"
New Zealand,Czech Republic,Neutral,1.188,1.374,30.7,28.2,41.1,30.5,5.6,7.8,40.8,6.8,8.6,43.9,56.1,"[{""score"": ""1 - 1"", ""pct"": 12.959999999999999}, {""score"": ""0 - 1"", ""pct"": 10.81}, {""score"": ""1 - 0"", ""pct"": 9.11}]"
New Zealand,Cape Verde,Neutral,1.421,1.098,43.4,27.2,29.4,44.2,7.3,8.8,27.7,5.4,6.7,60.3,39.7,"[{""score"": ""1 - 1"", ""pct"": 12.58}, {""score"": ""1 - 0"", ""pct"": 11.42}, {""score"": ""2 - 1"", ""pct"": 9.13}]"
New Zealand,Ghana,Neutral,1.459,1.024,47.7,27.4,24.9,47.7,7.2,8.8,24.8,4.7,6.7,63.8,36.2,"[{""score"": ""1 - 0"", ""pct"": 12.540000000000001}, {""score"": ""1 - 1"", ""pct"": 12.18}, {""score"": ""0 - 0"", ""pct"": 9.370000000000001}]"
New Zealand,Netherlands,Neutral,0.872,1.818,16.7,24.1,59.2,16.5,3.4,3.9,60.4,7.3,8.6,23.8,76.2,"[{""score"": ""0 - 1"", ""pct"": 12.709999999999999}, {""score"": ""0 - 2"", ""pct"": 11.020000000000001}, {""score"": ""1 - 1"", ""pct"": 10.97}]"
New Zealand,Ivory Coast,Neutral,0.994,1.549,22.9,27.2,49.9,22.4,4.1,5.8,50.6,7.3,9.8,32.2,67.8,"[{""score"": ""1 - 1"", ""pct"": 12.509999999999998}, {""score"": ""0 - 1"", ""pct"": 12.0}, {""score"": ""1 - 2"", ""pct"": 9.48}]"
New Zealand,Scotland,Neutral,1.079,1.539,24.7,27.4,48.0,26.1,4.8,5.9,47.7,7.0,8.6,36.8,63.2,"[{""score"": ""1 - 1"", ""pct"": 12.11}, {""score"": ""0 - 1"", ""pct"": 11.57}, {""score"": ""1 - 2"", ""pct"": 9.89}]"
New Zealand,Ecuador,Neutral,0.746,1.756,14.0,24.1,61.9,14.2,2.6,3.9,63.0,7.1,9.1,20.7,79.3,"[{""score"": ""0 - 1"", ""pct"": 14.729999999999999}, {""score"": ""0 - 2"", ""pct"": 12.44}, {""score"": ""1 - 1"", ""pct"": 10.66}]"
New Zealand,Iran,Neutral,0.898,1.767,17.5,24.3,58.2,17.6,3.5,4.5,57.4,7.7,9.3,25.5,74.5,"[{""score"": ""0 - 1"", ""pct"": 13.11}, {""score"": ""0 - 2"", ""pct"": 11.05}, {""score"": ""1 - 1"", ""pct"": 10.68}]"
New Zealand,Mexico,Neutral,0.782,1.787,14.1,24.0,61.9,15.0,2.9,3.6,61.9,7.4,9.1,21.5,78.5,"[{""score"": ""0 - 1"", ""pct"": 14.32}, {""score"": ""0 - 2"", ""pct"": 11.98}, {""score"": ""1 - 1"", ""pct"": 10.25}]"
New Zealand,France,Neutral,0.753,2.125,10.7,19.2,70.1,11.1,2.1,2.6,69.2,7.2,7.8,15.8,84.2,"[{""score"": ""0 - 1"", ""pct"": 12.61}, {""score"": ""0 - 2"", ""pct"": 12.46}, {""score"": ""1 - 2"", ""pct"": 9.94}]"
New Zealand,Algeria,Neutral,0.95,1.719,19.9,24.8,55.3,19.5,3.9,5.3,55.2,7.4,8.7,28.7,71.3,"[{""score"": ""0 - 1"", ""pct"": 13.020000000000001}, {""score"": ""1 - 1"", ""pct"": 11.06}, {""score"": ""1 - 2"", ""pct"": 9.73}]"
New Zealand,Panama,Neutral,1.086,1.639,23.9,25.3,50.8,24.1,4.6,5.5,49.8,7.5,8.4,34.2,65.8,"[{""score"": ""1 - 1"", ""pct"": 11.51}, {""score"": ""0 - 1"", ""pct"": 11.17}, {""score"": ""1 - 2"", ""pct"": 9.77}]"
New Zealand,Colombia,Neutral,0.751,1.904,13.3,21.9,64.8,12.7,2.4,3.2,65.3,7.4,8.9,18.3,81.7,"[{""score"": ""0 - 1"", ""pct"": 14.06}, {""score"": ""0 - 2"", ""pct"": 12.389999999999999}, {""score"": ""1 - 1"", ""pct"": 9.77}]"
New Zealand,Portugal,Neutral,0.748,1.879,13.0,22.6,64.5,13.8,2.5,3.4,63.5,7.6,9.2,19.8,80.2,"[{""score"": ""0 - 1"", ""pct"": 14.08}, {""score"": ""0 - 2"", ""pct"": 12.49}, {""score"": ""1 - 1"", ""pct"": 9.81}]"
Qatar,Saudi Arabia,Neutral,0.962,1.678,20.6,24.8,54.6,21.3,3.9,5.1,53.4,7.5,8.8,30.3,69.7,"[{""score"": ""0 - 1"", ""pct"": 12.540000000000001}, {""score"": ""1 - 1"", ""pct"": 11.4}, {""score"": ""0 - 2"", ""pct"": 9.73}]"
Qatar,England,Neutral,0.616,2.634,5.5,13.7,80.8,5.5,1.1,1.0,80.7,6.5,5.2,7.7,92.3,"[{""score"": ""0 - 2"", ""pct"": 13.84}, {""score"": ""0 - 3"", ""pct"": 11.24}, {""score"": ""0 - 1"", ""pct"": 10.74}]"
Qatar,Uzbekistan,Neutral,0.691,1.987,10.8,20.9,68.3,11.1,2.1,2.7,69.0,7.1,8.0,15.8,84.2,"[{""score"": ""0 - 1"", ""pct"": 14.31}, {""score"": ""0 - 2"", ""pct"": 13.28}, {""score"": ""1 - 2"", ""pct"": 9.5}]"
Qatar,Austria,Neutral,0.739,1.936,12.2,21.7,66.1,11.7,2.6,3.3,66.2,7.2,9.0,17.5,82.5,"[{""score"": ""0 - 1"", ""pct"": 14.099999999999998}, {""score"": ""0 - 2"", ""pct"": 12.72}, {""score"": ""1 - 1"", ""pct"": 9.82}]"
Qatar,Turkey,Neutral,0.666,2.087,9.7,19.2,71.1,9.5,1.9,2.4,70.8,7.2,8.3,13.8,86.2,"[{""score"": ""0 - 1"", ""pct"": 13.639999999999999}, {""score"": ""0 - 2"", ""pct"": 13.54}, {""score"": ""0 - 3"", ""pct"": 9.629999999999999}]"
Qatar,Morocco,Neutral,0.61,2.645,5.4,13.6,81.0,5.3,1.0,1.3,81.5,5.9,5.0,7.6,92.4,"[{""score"": ""0 - 2"", ""pct"": 13.669999999999998}, {""score"": ""0 - 3"", ""pct"": 11.559999999999999}, {""score"": ""0 - 1"", ""pct"": 11.129999999999999}]"
Qatar,DR Congo,Neutral,0.811,1.671,17.0,25.1,57.9,16.7,3.2,4.7,58.5,7.5,9.4,24.7,75.3,"[{""score"": ""0 - 1"", ""pct"": 14.23}, {""score"": ""1 - 1"", ""pct"": 11.25}, {""score"": ""0 - 2"", ""pct"": 11.23}]"
Qatar,Japan,Neutral,0.615,2.551,6.0,14.7,79.2,6.0,1.2,1.1,79.5,6.5,5.6,8.3,91.7,"[{""score"": ""0 - 2"", ""pct"": 13.900000000000002}, {""score"": ""0 - 3"", ""pct"": 10.96}, {""score"": ""0 - 1"", ""pct"": 10.91}]"
Qatar,Canada,Neutral,0.669,2.032,10.1,20.2,69.8,9.9,1.9,2.5,70.3,7.5,7.9,14.4,85.6,"[{""score"": ""0 - 1"", ""pct"": 13.459999999999999}, {""score"": ""0 - 2"", ""pct"": 13.420000000000002}, {""score"": ""1 - 2"", ""pct"": 9.66}]"
Qatar,Argentina,Neutral,0.534,3.042,3.4,9.5,87.2,3.1,0.5,0.6,88.2,4.3,3.3,4.2,95.8,"[{""score"": ""0 - 2"", ""pct"": 13.84}, {""score"": ""0 - 3"", ""pct"": 12.839999999999998}, {""score"": ""0 - 4"", ""pct"": 9.120000000000001}]"
Qatar,Tunisia,Neutral,0.933,1.745,18.6,24.8,56.5,18.9,3.6,4.6,56.9,7.6,8.4,27.2,72.8,"[{""score"": ""0 - 1"", ""pct"": 12.27}, {""score"": ""1 - 1"", ""pct"": 11.4}, {""score"": ""0 - 2"", ""pct"": 10.15}]"
Qatar,Brazil,Neutral,0.628,2.731,5.1,12.5,82.4,5.6,1.2,1.1,81.6,6.1,4.6,7.8,92.2,"[{""score"": ""0 - 2"", ""pct"": 13.18}, {""score"": ""0 - 3"", ""pct"": 11.72}, {""score"": ""0 - 1"", ""pct"": 10.48}]"
Qatar,Iraq,Neutral,0.903,1.697,18.6,25.2,56.2,19.1,3.6,4.9,56.1,7.7,8.6,27.6,72.4,"[{""score"": ""0 - 1"", ""pct"": 13.22}, {""score"": ""1 - 1"", ""pct"": 11.219999999999999}, {""score"": ""0 - 2"", ""pct"": 10.23}]"
Qatar,Sweden,Neutral,0.997,1.671,21.4,25.3,53.3,21.8,3.9,5.0,52.8,7.8,8.7,30.7,69.3,"[{""score"": ""0 - 1"", ""pct"": 11.85}, {""score"": ""1 - 1"", ""pct"": 11.34}, {""score"": ""1 - 2"", ""pct"": 9.610000000000001}]"
Qatar,Senegal,Neutral,0.683,2.051,10.3,19.7,70.0,9.9,2.0,3.1,69.8,7.1,8.2,15.0,85.1,"[{""score"": ""0 - 2"", ""pct"": 13.719999999999999}, {""score"": ""0 - 1"", ""pct"": 13.200000000000001}, {""score"": ""1 - 2"", ""pct"": 9.33}]"
Qatar,Spain,Neutral,0.548,3.012,3.6,9.6,86.8,3.5,0.5,0.8,87.1,4.5,3.6,4.8,95.2,"[{""score"": ""0 - 2"", ""pct"": 13.450000000000001}, {""score"": ""0 - 3"", ""pct"": 12.870000000000001}, {""score"": ""0 - 4"", ""pct"": 9.120000000000001}]"
Qatar,Paraguay,Neutral,0.687,2.009,11.2,20.5,68.3,10.4,2.4,2.6,69.8,6.9,7.8,15.5,84.5,"[{""score"": ""0 - 1"", ""pct"": 13.99}, {""score"": ""0 - 2"", ""pct"": 13.889999999999999}, {""score"": ""1 - 1"", ""pct"": 9.08}]"
Qatar,New Zealand,Neutral,0.971,1.718,20.1,24.4,55.6,20.1,3.8,4.7,55.3,7.3,8.8,28.6,71.4,"[{""score"": ""0 - 1"", ""pct"": 12.2}, {""score"": ""1 - 1"", ""pct"": 10.77}, {""score"": ""0 - 2"", ""pct"": 10.0}]"
Qatar,Norway,Neutral,0.696,2.131,9.6,18.7,71.7,9.6,2.0,2.5,71.2,7.2,7.6,14.1,85.9,"[{""score"": ""0 - 1"", ""pct"": 13.81}, {""score"": ""0 - 2"", ""pct"": 13.03}, {""score"": ""1 - 2"", ""pct"": 9.77}]"
Qatar,Bosnia and Herzegovina,Neutral,1.115,1.424,29.0,27.8,43.2,28.8,5.1,7.1,42.6,7.3,9.2,41.0,59.0,"[{""score"": ""1 - 1"", ""pct"": 13.05}, {""score"": ""0 - 1"", ""pct"": 11.709999999999999}, {""score"": ""1 - 0"", ""pct"": 8.62}]"
Qatar,Curaçao,Neutral,1.13,1.479,29.0,27.0,44.0,28.9,5.0,6.4,44.7,6.7,8.4,40.2,59.8,"[{""score"": ""1 - 1"", ""pct"": 11.469999999999999}, {""score"": ""0 - 1"", ""pct"": 10.35}, {""score"": ""1 - 2"", ""pct"": 8.799999999999999}]"
Qatar,Belgium,Neutral,0.673,2.102,9.2,19.2,71.5,9.6,1.8,2.5,71.5,7.0,7.5,13.9,86.1,"[{""score"": ""0 - 2"", ""pct"": 13.91}, {""score"": ""0 - 1"", ""pct"": 13.88}, {""score"": ""1 - 2"", ""pct"": 9.520000000000001}]"
Qatar,Switzerland,Neutral,0.678,2.16,9.0,18.6,72.4,9.8,1.9,2.5,71.7,6.6,7.4,14.3,85.7,"[{""score"": ""0 - 2"", ""pct"": 13.750000000000002}, {""score"": ""0 - 1"", ""pct"": 12.839999999999998}, {""score"": ""1 - 2"", ""pct"": 9.8}]"
Qatar,Germany,Neutral,0.676,2.448,7.6,15.5,76.9,7.1,1.6,1.7,77.3,6.3,5.9,10.4,89.6,"[{""score"": ""0 - 2"", ""pct"": 13.170000000000002}, {""score"": ""0 - 1"", ""pct"": 10.92}, {""score"": ""0 - 3"", ""pct"": 10.12}]"
Qatar,Egypt,Neutral,0.825,1.824,15.7,23.2,61.1,15.2,2.9,4.2,61.2,7.7,8.8,22.3,77.7,"[{""score"": ""0 - 1"", ""pct"": 13.34}, {""score"": ""0 - 2"", ""pct"": 12.030000000000001}, {""score"": ""1 - 1"", ""pct"": 10.11}]"
Qatar,Jordan,Neutral,0.969,1.95,16.8,21.9,61.3,17.4,3.0,3.9,60.2,7.6,7.8,24.4,75.6,"[{""score"": ""0 - 1"", ""pct"": 10.93}, {""score"": ""0 - 2"", ""pct"": 10.09}, {""score"": ""1 - 2"", ""pct"": 9.98}]"
Qatar,South Africa,Neutral,0.968,1.609,22.0,25.5,52.5,21.9,4.0,5.4,52.0,7.6,9.1,31.3,68.7,"[{""score"": ""0 - 1"", ""pct"": 12.26}, {""score"": ""1 - 1"", ""pct"": 11.49}, {""score"": ""1 - 2"", ""pct"": 9.719999999999999}]"
Qatar,Croatia,Neutral,0.686,2.237,8.6,17.6,73.9,9.1,1.6,1.9,73.3,6.9,7.2,12.6,87.4,"[{""score"": ""0 - 2"", ""pct"": 14.02}, {""score"": ""0 - 1"", ""pct"": 12.509999999999998}, {""score"": ""1 - 2"", ""pct"": 9.370000000000001}]"
Qatar,Haiti,Neutral,0.91,1.748,18.5,25.1,56.3,18.0,3.5,5.0,56.7,7.6,9.2,26.5,73.5,"[{""score"": ""0 - 1"", ""pct"": 12.26}, {""score"": ""1 - 1"", ""pct"": 10.97}, {""score"": ""0 - 2"", ""pct"": 10.57}]"
Qatar,United States,Neutral,0.762,2.076,11.4,20.2,68.4,11.3,2.2,2.7,68.8,7.2,7.9,16.1,83.9,"[{""score"": ""0 - 1"", ""pct"": 12.94}, {""score"": ""0 - 2"", ""pct"": 12.740000000000002}, {""score"": ""1 - 2"", ""pct"": 9.42}]"
Qatar,Uruguay,Neutral,0.659,2.343,7.9,16.7,75.4,7.8,1.4,1.9,75.3,6.9,6.6,11.2,88.8,"[{""score"": ""0 - 2"", ""pct"": 13.639999999999999}, {""score"": ""0 - 1"", ""pct"": 11.959999999999999}, {""score"": ""0 - 3"", ""pct"": 10.530000000000001}]"
Qatar,South Korea,Neutral,0.687,2.041,9.3,21.0,69.7,10.8,1.8,2.8,69.5,7.3,7.8,15.4,84.6,"[{""score"": ""0 - 1"", ""pct"": 14.219999999999999}, {""score"": ""0 - 2"", ""pct"": 13.320000000000002}, {""score"": ""1 - 2"", ""pct"": 9.4}]"
Qatar,Australia,Neutral,0.685,2.16,9.4,19.0,71.6,9.5,1.8,2.2,72.6,7.0,6.9,13.5,86.5,"[{""score"": ""0 - 2"", ""pct"": 13.489999999999998}, {""score"": ""0 - 1"", ""pct"": 13.239999999999998}, {""score"": ""0 - 3"", ""pct"": 9.65}]"
Qatar,Czech Republic,Neutral,0.859,1.811,16.5,22.7,60.8,16.7,3.2,4.2,59.9,7.4,8.5,24.2,75.8,"[{""score"": ""0 - 1"", ""pct"": 12.770000000000001}, {""score"": ""0 - 2"", ""pct"": 11.39}, {""score"": ""1 - 1"", ""pct"": 10.26}]"
Qatar,Cape Verde,Neutral,1.036,1.496,24.9,27.8,47.3,25.4,4.6,6.3,47.1,7.0,9.5,36.3,63.7,"[{""score"": ""1 - 1"", ""pct"": 13.05}, {""score"": ""0 - 1"", ""pct"": 12.64}, {""score"": ""1 - 2"", ""pct"": 9.22}]"
Qatar,Ghana,Neutral,1.051,1.438,25.3,28.2,46.5,26.9,4.8,6.7,45.7,6.9,9.1,38.4,61.6,"[{""score"": ""0 - 1"", ""pct"": 12.49}, {""score"": ""1 - 1"", ""pct"": 12.35}, {""score"": ""0 - 0"", ""pct"": 9.6}]"
Qatar,Netherlands,Neutral,0.66,2.276,8.3,17.2,74.5,8.1,1.6,2.0,74.7,6.9,6.7,11.7,88.3,"[{""score"": ""0 - 2"", ""pct"": 13.62}, {""score"": ""0 - 1"", ""pct"": 12.83}, {""score"": ""0 - 3"", ""pct"": 9.969999999999999}]"
Qatar,Ivory Coast,Neutral,0.807,1.92,13.4,22.0,64.6,14.4,3.1,3.2,63.5,7.4,8.4,20.7,79.3,"[{""score"": ""0 - 1"", ""pct"": 13.15}, {""score"": ""0 - 2"", ""pct"": 11.469999999999999}, {""score"": ""1 - 2"", ""pct"": 10.24}]"
Qatar,Scotland,Neutral,0.833,1.935,14.1,22.1,63.8,14.6,2.9,3.4,63.0,7.8,8.4,20.9,79.1,"[{""score"": ""0 - 1"", ""pct"": 12.620000000000001}, {""score"": ""0 - 2"", ""pct"": 11.82}, {""score"": ""1 - 1"", ""pct"": 9.99}]"
Qatar,Ecuador,Neutral,0.628,2.412,6.7,14.5,78.8,7.2,1.3,1.6,77.5,6.2,6.1,10.1,89.9,"[{""score"": ""0 - 2"", ""pct"": 14.219999999999999}, {""score"": ""0 - 1"", ""pct"": 12.36}, {""score"": ""0 - 3"", ""pct"": 11.19}]"
Qatar,Iran,Neutral,0.678,2.076,9.8,19.9,70.3,9.4,2.3,2.7,70.8,7.0,7.9,14.3,85.6,"[{""score"": ""0 - 1"", ""pct"": 13.8}, {""score"": ""0 - 2"", ""pct"": 13.780000000000001}, {""score"": ""1 - 2"", ""pct"": 9.1}]"
Qatar,Mexico,Neutral,0.629,2.424,6.8,15.6,77.6,7.3,1.4,1.5,77.2,6.4,6.2,10.2,89.8,"[{""score"": ""0 - 2"", ""pct"": 14.49}, {""score"": ""0 - 1"", ""pct"": 11.66}, {""score"": ""0 - 3"", ""pct"": 11.34}]"
Qatar,France,Neutral,0.583,2.7,4.6,12.5,82.9,4.8,0.9,1.0,82.8,5.6,4.8,6.8,93.2,"[{""score"": ""0 - 2"", ""pct"": 13.91}, {""score"": ""0 - 3"", ""pct"": 12.280000000000001}, {""score"": ""0 - 1"", ""pct"": 10.57}]"
Qatar,Algeria,Neutral,0.671,2.06,10.2,19.2,70.7,9.8,1.8,2.4,70.8,7.2,8.0,14.1,86.0,"[{""score"": ""0 - 1"", ""pct"": 14.06}, {""score"": ""0 - 2"", ""pct"": 13.61}, {""score"": ""0 - 3"", ""pct"": 9.45}]"
Qatar,Panama,Neutral,0.7,2.011,11.1,20.3,68.6,11.2,2.0,2.5,69.1,7.3,7.8,15.8,84.2,"[{""score"": ""0 - 1"", ""pct"": 13.850000000000001}, {""score"": ""0 - 2"", ""pct"": 13.36}, {""score"": ""1 - 2"", ""pct"": 9.56}]"
Qatar,Colombia,Neutral,0.63,2.669,5.6,13.3,81.1,5.9,0.9,1.2,81.0,5.8,5.3,7.9,92.1,"[{""score"": ""0 - 2"", ""pct"": 13.59}, {""score"": ""0 - 3"", ""pct"": 11.690000000000001}, {""score"": ""0 - 1"", ""pct"": 10.42}]"
Qatar,Portugal,Neutral,0.63,2.653,5.9,13.7,80.4,5.2,1.1,1.4,81.4,6.0,4.9,7.7,92.4,"[{""score"": ""0 - 2"", ""pct"": 12.98}, {""score"": ""0 - 3"", ""pct"": 11.52}, {""score"": ""0 - 1"", ""pct"": 10.47}]"
Norway,Saudi Arabia,Neutral,1.772,0.923,57.5,24.3,18.2,57.3,7.4,8.5,18.7,3.5,4.6,73.2,26.8,"[{""score"": ""1 - 0"", ""pct"": 12.64}, {""score"": ""1 - 1"", ""pct"": 10.65}, {""score"": ""2 - 0"", ""pct"": 10.11}]"
Norway,England,Neutral,1.051,1.519,24.8,27.4,47.8,25.6,4.7,5.9,47.6,7.4,8.9,36.2,63.8,"[{""score"": ""1 - 1"", ""pct"": 12.34}, {""score"": ""0 - 1"", ""pct"": 11.790000000000001}, {""score"": ""1 - 2"", ""pct"": 9.370000000000001}]"
Norway,Uzbekistan,Neutral,1.341,1.101,40.4,29.1,30.5,42.0,6.9,9.2,29.1,5.4,7.5,58.0,42.0,"[{""score"": ""1 - 1"", ""pct"": 12.740000000000002}, {""score"": ""1 - 0"", ""pct"": 11.5}, {""score"": ""0 - 1"", ""pct"": 10.280000000000001}]"
Norway,Austria,Neutral,1.427,1.055,45.8,27.5,26.8,44.9,7.2,9.2,26.9,4.9,6.9,61.3,38.7,"[{""score"": ""1 - 1"", ""pct"": 12.5}, {""score"": ""1 - 0"", ""pct"": 12.139999999999999}, {""score"": ""2 - 1"", ""pct"": 9.24}]"
Norway,Turkey,Neutral,1.25,1.262,36.0,28.0,35.9,35.5,6.3,8.2,36.1,5.9,7.9,50.0,50.0,"[{""score"": ""1 - 1"", ""pct"": 12.030000000000001}, {""score"": ""1 - 0"", ""pct"": 10.41}, {""score"": ""0 - 1"", ""pct"": 10.25}]"
Norway,Morocco,Neutral,1.084,1.487,26.6,27.3,46.1,27.0,5.0,6.1,46.2,6.9,8.8,38.1,61.9,"[{""score"": ""1 - 1"", ""pct"": 12.58}, {""score"": ""0 - 1"", ""pct"": 11.360000000000001}, {""score"": ""1 - 2"", ""pct"": 9.3}]"
Norway,DR Congo,Neutral,1.47,0.948,49.3,27.5,23.2,48.7,7.1,9.6,23.4,4.4,6.8,65.5,34.5,"[{""score"": ""1 - 0"", ""pct"": 12.75}, {""score"": ""1 - 1"", ""pct"": 12.3}, {""score"": ""0 - 0"", ""pct"": 10.03}]"
Norway,Japan,Neutral,1.064,1.476,26.4,27.8,45.8,26.6,4.5,7.1,45.4,7.2,9.2,38.1,61.9,"[{""score"": ""1 - 1"", ""pct"": 12.75}, {""score"": ""0 - 1"", ""pct"": 12.23}, {""score"": ""0 - 0"", ""pct"": 9.1}]"
Norway,Canada,Neutral,1.255,1.115,38.5,30.1,31.4,38.4,6.5,9.4,32.2,5.7,7.7,54.3,45.7,"[{""score"": ""1 - 1"", ""pct"": 13.389999999999999}, {""score"": ""1 - 0"", ""pct"": 11.68}, {""score"": ""0 - 1"", ""pct"": 10.7}]"
Norway,Argentina,Neutral,0.876,1.739,17.4,24.4,58.2,17.3,3.6,4.6,57.8,7.7,9.0,25.5,74.5,"[{""score"": ""0 - 1"", ""pct"": 13.03}, {""score"": ""1 - 1"", ""pct"": 11.09}, {""score"": ""0 - 2"", ""pct"": 10.92}]"
Norway,Tunisia,Neutral,1.583,0.996,51.8,25.7,22.5,51.3,7.3,9.3,22.2,4.1,5.7,68.0,32.0,"[{""score"": ""1 - 0"", ""pct"": 12.43}, {""score"": ""1 - 1"", ""pct"": 11.55}, {""score"": ""2 - 1"", ""pct"": 9.99}]"
Norway,Brazil,Neutral,1.119,1.61,26.2,25.1,48.7,25.9,4.6,6.0,48.0,7.3,8.3,36.5,63.5,"[{""score"": ""1 - 1"", ""pct"": 11.4}, {""score"": ""0 - 1"", ""pct"": 10.82}, {""score"": ""1 - 2"", ""pct"": 9.77}]"
Norway,Iraq,Neutral,1.565,0.965,51.1,26.9,22.0,51.2,7.5,8.8,22.0,4.3,6.1,67.5,32.5,"[{""score"": ""1 - 0"", ""pct"": 12.58}, {""score"": ""1 - 1"", ""pct"": 12.4}, {""score"": ""2 - 0"", ""pct"": 9.58}]"
Norway,Sweden,Neutral,1.866,0.987,57.9,23.5,18.6,58.9,7.6,8.0,18.1,3.3,4.1,74.5,25.5,"[{""score"": ""1 - 0"", ""pct"": 11.219999999999999}, {""score"": ""1 - 1"", ""pct"": 10.25}, {""score"": ""2 - 1"", ""pct"": 9.62}]"
Norway,Senegal,Neutral,1.333,1.236,38.4,28.1,33.6,38.6,6.2,8.0,33.9,5.3,8.0,52.9,47.1,"[{""score"": ""1 - 1"", ""pct"": 12.65}, {""score"": ""1 - 0"", ""pct"": 10.040000000000001}, {""score"": ""0 - 1"", ""pct"": 8.870000000000001}]"
Norway,Spain,Neutral,0.929,1.756,18.4,24.8,56.7,18.5,3.5,4.7,56.8,7.6,9.0,26.6,73.4,"[{""score"": ""0 - 1"", ""pct"": 12.36}, {""score"": ""1 - 1"", ""pct"": 11.17}, {""score"": ""0 - 2"", ""pct"": 10.56}]"
Norway,Paraguay,Neutral,1.381,1.173,40.8,28.5,30.6,41.1,6.5,8.7,30.8,5.7,7.2,56.4,43.6,"[{""score"": ""1 - 1"", ""pct"": 12.629999999999999}, {""score"": ""1 - 0"", ""pct"": 11.110000000000001}, {""score"": ""0 - 0"", ""pct"": 8.91}]"
Norway,New Zealand,Neutral,1.801,0.934,58.2,24.5,17.3,57.9,7.3,8.4,17.9,3.9,4.6,73.7,26.3,"[{""score"": ""1 - 0"", ""pct"": 12.120000000000001}, {""score"": ""1 - 1"", ""pct"": 11.21}, {""score"": ""2 - 0"", ""pct"": 10.7}]"
Norway,Qatar,Neutral,2.131,0.696,71.5,18.6,9.9,71.1,7.2,7.3,10.0,2.1,2.3,85.5,14.5,"[{""score"": ""2 - 0"", ""pct"": 13.69}, {""score"": ""1 - 0"", ""pct"": 13.19}, {""score"": ""3 - 0"", ""pct"": 9.04}]"
Norway,Bosnia and Herzegovina,Neutral,1.965,0.729,67.5,21.1,11.3,67.2,7.2,8.1,11.9,2.4,3.2,82.5,17.5,"[{""score"": ""1 - 0"", ""pct"": 14.16}, {""score"": ""2 - 0"", ""pct"": 12.47}, {""score"": ""2 - 1"", ""pct"": 9.4}]"
Norway,Curaçao,Neutral,1.949,0.752,66.3,21.7,12.0,65.7,7.4,8.2,12.7,2.4,3.6,81.3,18.7,"[{""score"": ""1 - 0"", ""pct"": 13.83}, {""score"": ""2 - 0"", ""pct"": 12.559999999999999}, {""score"": ""1 - 1"", ""pct"": 9.82}]"
Norway,Belgium,Neutral,1.275,1.253,35.8,28.6,35.6,35.8,6.2,8.5,35.5,6.1,8.0,50.4,49.6,"[{""score"": ""1 - 1"", ""pct"": 13.07}, {""score"": ""0 - 1"", ""pct"": 10.530000000000001}, {""score"": ""1 - 0"", ""pct"": 9.93}]"
Norway,Switzerland,Neutral,1.422,1.243,40.0,27.4,32.7,40.0,6.5,8.6,32.3,5.6,7.0,55.1,44.9,"[{""score"": ""1 - 1"", ""pct"": 12.22}, {""score"": ""1 - 0"", ""pct"": 10.31}, {""score"": ""0 - 1"", ""pct"": 9.120000000000001}]"
Norway,Germany,Neutral,1.207,1.372,32.4,27.0,40.6,31.9,5.6,7.2,40.6,6.5,8.2,44.7,55.3,"[{""score"": ""1 - 1"", ""pct"": 12.65}, {""score"": ""0 - 1"", ""pct"": 10.59}, {""score"": ""1 - 0"", ""pct"": 9.21}]"
Norway,Egypt,Neutral,1.439,1.005,46.8,28.2,25.1,46.6,7.7,8.9,25.5,4.6,6.8,63.2,36.8,"[{""score"": ""1 - 1"", ""pct"": 12.989999999999998}, {""score"": ""1 - 0"", ""pct"": 12.540000000000001}, {""score"": ""0 - 0"", ""pct"": 9.42}]"
Norway,Jordan,Neutral,1.641,1.068,51.2,25.8,23.1,51.1,7.1,8.3,22.9,4.7,5.9,66.5,33.5,"[{""score"": ""1 - 0"", ""pct"": 11.33}, {""score"": ""1 - 1"", ""pct"": 11.26}, {""score"": ""2 - 1"", ""pct"": 9.62}]"
Norway,South Africa,Neutral,1.736,0.823,60.0,23.8,16.2,59.0,7.7,9.1,16.6,3.2,4.3,75.8,24.1,"[{""score"": ""1 - 0"", ""pct"": 13.96}, {""score"": ""1 - 1"", ""pct"": 11.05}, {""score"": ""2 - 0"", ""pct"": 11.04}]"
Norway,Croatia,Neutral,1.288,1.303,35.5,28.0,36.5,35.7,6.0,7.9,37.0,5.8,7.5,49.6,50.4,"[{""score"": ""1 - 1"", ""pct"": 13.22}, {""score"": ""0 - 1"", ""pct"": 10.059999999999999}, {""score"": ""1 - 0"", ""pct"": 9.55}]"
Norway,Haiti,Neutral,1.679,0.964,54.0,25.3,20.7,54.4,7.5,9.2,20.3,3.9,4.7,71.2,28.9,"[{""score"": ""1 - 0"", ""pct"": 12.86}, {""score"": ""1 - 1"", ""pct"": 11.57}, {""score"": ""2 - 0"", ""pct"": 9.569999999999999}]"
Norway,United States,Neutral,1.599,1.078,49.9,25.9,24.2,49.3,7.1,8.8,24.0,4.8,6.0,65.2,34.8,"[{""score"": ""1 - 1"", ""pct"": 12.0}, {""score"": ""1 - 0"", ""pct"": 11.42}, {""score"": ""2 - 1"", ""pct"": 9.969999999999999}]"
Norway,Uruguay,Neutral,1.204,1.295,33.3,28.6,38.0,33.7,5.9,8.1,38.3,6.1,7.9,47.7,52.3,"[{""score"": ""1 - 1"", ""pct"": 12.76}, {""score"": ""0 - 1"", ""pct"": 10.59}, {""score"": ""1 - 0"", ""pct"": 9.969999999999999}]"
Norway,South Korea,Neutral,1.32,1.228,37.9,28.1,34.1,37.9,6.2,8.1,33.8,5.9,8.2,52.1,47.9,"[{""score"": ""1 - 1"", ""pct"": 12.85}, {""score"": ""0 - 1"", ""pct"": 10.190000000000001}, {""score"": ""1 - 0"", ""pct"": 10.16}]"
Norway,Australia,Neutral,1.238,1.227,36.2,28.1,35.7,35.8,6.2,8.6,35.0,6.1,8.2,50.6,49.3,"[{""score"": ""1 - 1"", ""pct"": 12.91}, {""score"": ""1 - 0"", ""pct"": 10.9}, {""score"": ""0 - 1"", ""pct"": 10.15}]"
Norway,Czech Republic,Neutral,1.701,1.038,53.6,24.2,22.2,52.5,7.4,8.3,22.3,4.2,5.4,68.2,31.8,"[{""score"": ""1 - 0"", ""pct"": 11.379999999999999}, {""score"": ""1 - 1"", ""pct"": 11.21}, {""score"": ""2 - 1"", ""pct"": 9.92}]"
Norway,Cape Verde,Neutral,1.827,0.777,62.4,23.1,14.4,62.9,7.6,8.8,14.3,2.5,3.9,79.3,20.7,"[{""score"": ""1 - 0"", ""pct"": 14.38}, {""score"": ""2 - 0"", ""pct"": 12.57}, {""score"": ""1 - 1"", ""pct"": 9.969999999999999}]"
Norway,Ghana,Neutral,1.863,0.724,64.5,22.7,12.8,64.4,7.4,8.7,13.4,2.5,3.6,80.5,19.5,"[{""score"": ""1 - 0"", ""pct"": 14.399999999999999}, {""score"": ""2 - 0"", ""pct"": 12.93}, {""score"": ""1 - 1"", ""pct"": 10.280000000000001}]"
Norway,Netherlands,Neutral,1.205,1.35,33.0,27.3,39.7,32.8,5.6,7.2,40.0,6.3,8.2,45.5,54.5,"[{""score"": ""1 - 1"", ""pct"": 12.65}, {""score"": ""0 - 1"", ""pct"": 10.89}, {""score"": ""1 - 0"", ""pct"": 9.48}]"
Norway,Ivory Coast,Neutral,1.456,1.045,46.9,27.4,25.8,45.9,7.3,9.3,26.2,4.8,6.4,62.5,37.5,"[{""score"": ""1 - 0"", ""pct"": 12.9}, {""score"": ""1 - 1"", ""pct"": 12.21}, {""score"": ""0 - 0"", ""pct"": 9.31}]"
Norway,Scotland,Neutral,1.574,1.053,48.9,26.3,24.8,49.0,7.0,9.0,24.3,4.6,6.2,65.0,35.0,"[{""score"": ""1 - 0"", ""pct"": 11.77}, {""score"": ""1 - 1"", ""pct"": 11.58}, {""score"": ""2 - 1"", ""pct"": 9.62}]"
Norway,Ecuador,Neutral,1.1,1.408,28.7,27.5,43.8,28.4,5.7,7.1,43.2,6.9,8.7,41.1,58.9,"[{""score"": ""1 - 1"", ""pct"": 12.55}, {""score"": ""0 - 1"", ""pct"": 12.07}, {""score"": ""0 - 0"", ""pct"": 9.049999999999999}]"
Norway,Iran,Neutral,1.252,1.26,35.5,27.7,36.9,36.3,5.9,8.2,35.3,6.3,8.0,50.4,49.6,"[{""score"": ""1 - 1"", ""pct"": 12.57}, {""score"": ""0 - 1"", ""pct"": 10.74}, {""score"": ""1 - 0"", ""pct"": 10.48}]"
Norway,Mexico,Neutral,1.134,1.285,31.3,29.0,39.7,32.5,5.2,8.1,39.1,6.6,8.5,45.8,54.2,"[{""score"": ""1 - 1"", ""pct"": 13.350000000000001}, {""score"": ""0 - 1"", ""pct"": 12.139999999999999}, {""score"": ""0 - 0"", ""pct"": 9.719999999999999}]"
Norway,France,Neutral,1.138,1.634,24.9,25.6,49.5,26.4,4.8,5.9,47.7,6.9,8.3,37.1,62.9,"[{""score"": ""1 - 1"", ""pct"": 11.58}, {""score"": ""0 - 1"", ""pct"": 11.08}, {""score"": ""1 - 2"", ""pct"": 9.81}]"
Norway,Algeria,Neutral,1.239,1.169,37.3,28.4,34.3,37.0,6.2,9.0,33.9,5.7,8.3,52.2,47.8,"[{""score"": ""1 - 1"", ""pct"": 12.85}, {""score"": ""1 - 0"", ""pct"": 11.5}, {""score"": ""0 - 1"", ""pct"": 10.52}]"
Norway,Panama,Neutral,1.496,1.127,44.9,27.6,27.6,45.2,6.9,8.8,27.8,5.0,6.2,60.9,39.1,"[{""score"": ""1 - 1"", ""pct"": 12.709999999999999}, {""score"": ""1 - 0"", ""pct"": 11.03}, {""score"": ""2 - 1"", ""pct"": 9.16}]"
Norway,Colombia,Neutral,1.117,1.534,26.8,26.6,46.6,26.7,4.9,6.2,47.3,6.7,8.2,37.8,62.2,"[{""score"": ""1 - 1"", ""pct"": 12.280000000000001}, {""score"": ""0 - 1"", ""pct"": 11.469999999999999}, {""score"": ""1 - 2"", ""pct"": 8.76}]"
Norway,Portugal,Neutral,1.121,1.523,27.1,27.4,45.5,26.8,5.0,6.5,46.2,7.0,8.5,38.3,61.7,"[{""score"": ""1 - 1"", ""pct"": 12.120000000000001}, {""score"": ""0 - 1"", ""pct"": 11.129999999999999}, {""score"": ""1 - 2"", ""pct"": 8.66}]"
Bosnia and Herzegovina,Saudi Arabia,Neutral,1.022,1.485,24.7,26.7,48.6,25.1,4.4,6.2,47.7,7.1,9.4,35.8,64.2,"[{""score"": ""0 - 1"", ""pct"": 12.5}, {""score"": ""1 - 1"", ""pct"": 11.899999999999999}, {""score"": ""1 - 2"", ""pct"": 9.44}]"
Bosnia and Herzegovina,England,Neutral,0.663,2.338,7.5,16.7,75.8,8.2,1.5,1.7,76.0,6.8,5.8,11.4,88.6,"[{""score"": ""0 - 2"", ""pct"": 13.68}, {""score"": ""0 - 1"", ""pct"": 12.1}, {""score"": ""0 - 3"", ""pct"": 10.280000000000001}]"
Bosnia and Herzegovina,Uzbekistan,Neutral,0.775,1.81,14.2,23.2,62.6,14.7,2.9,4.0,61.9,7.3,9.2,21.6,78.4,"[{""score"": ""0 - 1"", ""pct"": 14.680000000000001}, {""score"": ""0 - 2"", ""pct"": 11.940000000000001}, {""score"": ""1 - 1"", ""pct"": 10.31}]"
Bosnia and Herzegovina,Austria,Neutral,0.824,1.85,15.0,22.8,62.1,14.9,2.9,3.9,61.4,7.6,9.3,21.7,78.3,"[{""score"": ""0 - 1"", ""pct"": 13.33}, {""score"": ""0 - 2"", ""pct"": 11.53}, {""score"": ""1 - 1"", ""pct"": 10.16}]"
Bosnia and Herzegovina,Turkey,Neutral,0.684,1.969,11.1,21.1,67.8,11.2,2.0,3.0,68.1,7.4,8.2,16.2,83.8,"[{""score"": ""0 - 1"", ""pct"": 14.59}, {""score"": ""0 - 2"", ""pct"": 13.4}, {""score"": ""1 - 1"", ""pct"": 9.5}]"
Bosnia and Herzegovina,Morocco,Neutral,0.654,2.319,8.2,15.8,76.0,8.0,1.6,1.7,75.8,6.5,6.3,11.3,88.7,"[{""score"": ""0 - 2"", ""pct"": 13.969999999999999}, {""score"": ""0 - 1"", ""pct"": 12.27}, {""score"": ""0 - 3"", ""pct"": 10.35}]"
Bosnia and Herzegovina,DR Congo,Neutral,0.895,1.51,20.0,27.6,52.4,20.8,4.0,5.9,51.8,7.2,10.3,30.7,69.3,"[{""score"": ""0 - 1"", ""pct"": 13.94}, {""score"": ""1 - 1"", ""pct"": 12.379999999999999}, {""score"": ""0 - 0"", ""pct"": 10.07}]"
Bosnia and Herzegovina,Japan,Neutral,0.65,2.281,8.1,17.1,74.8,8.0,1.7,1.8,74.8,7.0,6.7,11.5,88.5,"[{""score"": ""0 - 2"", ""pct"": 14.04}, {""score"": ""0 - 1"", ""pct"": 12.26}, {""score"": ""0 - 3"", ""pct"": 10.08}]"
Bosnia and Herzegovina,Canada,Neutral,0.72,1.836,12.8,22.3,64.9,12.3,2.9,3.8,63.8,8.1,9.2,19.0,81.0,"[{""score"": ""0 - 1"", ""pct"": 14.84}, {""score"": ""0 - 2"", ""pct"": 12.67}, {""score"": ""1 - 2"", ""pct"": 10.65}]"
Bosnia and Herzegovina,Argentina,Neutral,0.595,2.604,5.5,13.3,81.2,5.6,1.2,1.1,81.0,6.0,5.0,8.0,92.0,"[{""score"": ""0 - 2"", ""pct"": 13.88}, {""score"": ""0 - 3"", ""pct"": 12.120000000000001}, {""score"": ""0 - 1"", ""pct"": 11.35}]"
Bosnia and Herzegovina,Tunisia,Neutral,0.947,1.526,22.3,26.5,51.1,22.8,4.4,6.1,50.1,7.2,9.4,33.3,66.7,"[{""score"": ""0 - 1"", ""pct"": 13.29}, {""score"": ""1 - 1"", ""pct"": 12.13}, {""score"": ""1 - 2"", ""pct"": 9.950000000000001}]"
Bosnia and Herzegovina,Brazil,Neutral,0.694,2.409,7.9,15.7,76.3,8.0,1.3,1.9,76.3,6.5,6.0,11.2,88.8,"[{""score"": ""0 - 2"", ""pct"": 13.0}, {""score"": ""0 - 1"", ""pct"": 11.540000000000001}, {""score"": ""0 - 3"", ""pct"": 10.93}]"
Bosnia and Herzegovina,Iraq,Neutral,0.928,1.52,22.0,27.1,50.9,22.1,4.3,5.8,50.3,7.2,10.3,32.2,67.8,"[{""score"": ""0 - 1"", ""pct"": 13.62}, {""score"": ""1 - 1"", ""pct"": 11.77}, {""score"": ""0 - 0"", ""pct"": 9.83}]"
Bosnia and Herzegovina,Sweden,Neutral,1.066,1.512,25.7,27.0,47.3,24.8,4.7,6.3,48.0,6.7,9.6,35.8,64.2,"[{""score"": ""1 - 1"", ""pct"": 12.27}, {""score"": ""0 - 1"", ""pct"": 11.700000000000001}, {""score"": ""1 - 2"", ""pct"": 9.09}]"
Bosnia and Herzegovina,Senegal,Neutral,0.71,1.947,11.6,21.3,67.1,11.6,2.3,3.3,67.2,7.3,8.3,17.1,82.8,"[{""score"": ""0 - 1"", ""pct"": 14.17}, {""score"": ""0 - 2"", ""pct"": 13.44}, {""score"": ""1 - 2"", ""pct"": 9.75}]"
Bosnia and Herzegovina,Spain,Neutral,0.62,2.612,5.7,13.7,80.7,6.0,1.0,1.2,80.7,6.1,5.1,8.1,91.9,"[{""score"": ""0 - 2"", ""pct"": 14.13}, {""score"": ""0 - 3"", ""pct"": 11.799999999999999}, {""score"": ""0 - 1"", ""pct"": 10.37}]"
Bosnia and Herzegovina,Paraguay,Neutral,0.717,1.875,12.4,22.1,65.5,12.4,2.2,3.5,65.5,7.4,9.0,18.1,81.9,"[{""score"": ""0 - 1"", ""pct"": 15.010000000000002}, {""score"": ""0 - 2"", ""pct"": 12.950000000000001}, {""score"": ""1 - 1"", ""pct"": 10.13}]"
Bosnia and Herzegovina,New Zealand,Neutral,1.034,1.512,24.7,27.2,48.1,24.7,4.6,6.2,48.3,6.9,9.3,35.5,64.5,"[{""score"": ""0 - 1"", ""pct"": 12.629999999999999}, {""score"": ""1 - 1"", ""pct"": 11.85}, {""score"": ""1 - 2"", ""pct"": 9.01}]"
Bosnia and Herzegovina,Qatar,Neutral,1.424,1.115,43.6,28.0,28.4,43.1,7.5,9.2,28.0,5.2,7.0,59.8,40.2,"[{""score"": ""1 - 1"", ""pct"": 12.959999999999999}, {""score"": ""1 - 0"", ""pct"": 11.85}, {""score"": ""2 - 1"", ""pct"": 9.030000000000001}]"
Bosnia and Herzegovina,Norway,Neutral,0.729,1.965,12.2,21.3,66.5,12.0,2.3,3.4,66.7,7.4,8.4,17.6,82.4,"[{""score"": ""0 - 1"", ""pct"": 14.149999999999999}, {""score"": ""0 - 2"", ""pct"": 12.34}, {""score"": ""1 - 2"", ""pct"": 9.77}]"
Bosnia and Herzegovina,Curaçao,Neutral,1.212,1.283,34.0,27.9,38.1,34.6,5.8,7.7,37.2,5.9,8.8,48.1,51.9,"[{""score"": ""1 - 1"", ""pct"": 12.75}, {""score"": ""0 - 1"", ""pct"": 10.77}, {""score"": ""1 - 0"", ""pct"": 9.93}]"
Bosnia and Herzegovina,Belgium,Neutral,0.69,1.974,11.2,20.4,68.4,11.2,2.1,3.0,68.0,7.4,8.5,16.2,83.8,"[{""score"": ""0 - 1"", ""pct"": 14.12}, {""score"": ""0 - 2"", ""pct"": 13.08}, {""score"": ""1 - 2"", ""pct"": 10.18}]"
Bosnia and Herzegovina,Switzerland,Neutral,0.707,2.002,10.8,21.1,68.1,11.5,2.2,2.7,68.8,6.9,7.8,16.4,83.6,"[{""score"": ""0 - 1"", ""pct"": 13.79}, {""score"": ""0 - 2"", ""pct"": 13.530000000000001}, {""score"": ""1 - 2"", ""pct"": 9.69}]"
Bosnia and Herzegovina,Germany,Neutral,0.715,2.141,10.0,19.0,71.0,10.1,2.0,2.5,70.6,7.6,7.2,14.5,85.5,"[{""score"": ""0 - 1"", ""pct"": 13.170000000000002}, {""score"": ""0 - 2"", ""pct"": 13.07}, {""score"": ""1 - 2"", ""pct"": 9.31}]"
Bosnia and Herzegovina,Egypt,Neutral,0.898,1.668,18.5,25.3,56.2,18.4,3.5,5.1,56.3,7.9,8.9,27.0,73.0,"[{""score"": ""0 - 1"", ""pct"": 13.5}, {""score"": ""1 - 1"", ""pct"": 11.39}, {""score"": ""0 - 2"", ""pct"": 10.41}]"
Bosnia and Herzegovina,Jordan,Neutral,1.09,1.855,21.3,23.5,55.2,21.3,3.9,4.8,55.0,7.2,7.8,29.9,70.1,"[{""score"": ""1 - 1"", ""pct"": 10.72}, {""score"": ""0 - 1"", ""pct"": 10.13}, {""score"": ""1 - 2"", ""pct"": 9.87}]"
Bosnia and Herzegovina,South Africa,Neutral,1.054,1.332,28.3,29.0,42.7,28.1,5.4,7.6,42.8,6.8,9.3,41.0,59.0,"[{""score"": ""1 - 1"", ""pct"": 13.38}, {""score"": ""0 - 1"", ""pct"": 12.26}, {""score"": ""0 - 0"", ""pct"": 9.92}]"
Bosnia and Herzegovina,Croatia,Neutral,0.734,1.933,12.4,22.0,65.6,12.1,2.4,3.2,66.5,7.9,8.0,17.7,82.3,"[{""score"": ""0 - 1"", ""pct"": 14.180000000000001}, {""score"": ""0 - 2"", ""pct"": 12.47}, {""score"": ""1 - 1"", ""pct"": 9.33}]"
Bosnia and Herzegovina,Haiti,Neutral,0.935,1.543,21.1,27.0,51.9,21.5,4.3,5.5,52.5,7.0,9.1,31.4,68.7,"[{""score"": ""0 - 1"", ""pct"": 13.29}, {""score"": ""1 - 1"", ""pct"": 11.690000000000001}, {""score"": ""1 - 2"", ""pct"": 9.91}]"
Bosnia and Herzegovina,United States,Neutral,0.884,1.912,15.8,22.9,61.3,15.9,2.9,3.6,62.1,7.2,8.3,22.4,77.6,"[{""score"": ""0 - 1"", ""pct"": 12.09}, {""score"": ""0 - 2"", ""pct"": 10.56}, {""score"": ""1 - 1"", ""pct"": 10.37}]"
Bosnia and Herzegovina,Uruguay,Neutral,0.714,1.979,11.7,21.2,67.1,11.9,2.1,3.1,67.0,7.3,8.6,17.1,82.9,"[{""score"": ""0 - 1"", ""pct"": 13.66}, {""score"": ""0 - 2"", ""pct"": 13.270000000000001}, {""score"": ""1 - 1"", ""pct"": 9.53}]"
Bosnia and Herzegovina,South Korea,Neutral,0.72,1.941,11.9,20.9,67.3,12.2,2.5,3.3,66.3,7.5,8.2,17.9,82.1,"[{""score"": ""0 - 1"", ""pct"": 13.81}, {""score"": ""0 - 2"", ""pct"": 13.469999999999999}, {""score"": ""1 - 2"", ""pct"": 9.74}]"
Bosnia and Herzegovina,Australia,Neutral,0.718,1.927,12.1,21.2,66.7,11.7,2.3,3.1,66.9,7.5,8.6,17.1,83.0,"[{""score"": ""0 - 1"", ""pct"": 14.39}, {""score"": ""0 - 2"", ""pct"": 12.91}, {""score"": ""1 - 1"", ""pct"": 9.610000000000001}]"
Bosnia and Herzegovina,Czech Republic,Neutral,1.01,1.663,22.4,25.2,52.4,22.7,4.3,5.2,51.6,7.5,8.7,32.2,67.8,"[{""score"": ""1 - 1"", ""pct"": 11.37}, {""score"": ""0 - 1"", ""pct"": 11.17}, {""score"": ""1 - 2"", ""pct"": 9.85}]"
Bosnia and Herzegovina,Cape Verde,Neutral,1.102,1.322,30.7,27.3,42.0,30.5,5.1,7.5,41.4,6.7,8.8,43.1,56.9,"[{""score"": ""0 - 1"", ""pct"": 12.36}, {""score"": ""1 - 1"", ""pct"": 12.25}, {""score"": ""1 - 0"", ""pct"": 9.87}]"
Bosnia and Herzegovina,Ghana,Neutral,1.141,1.261,33.0,28.4,38.6,32.9,5.1,7.9,38.4,6.5,9.2,45.9,54.1,"[{""score"": ""1 - 1"", ""pct"": 12.540000000000001}, {""score"": ""0 - 1"", ""pct"": 11.83}, {""score"": ""1 - 0"", ""pct"": 10.18}]"
Bosnia and Herzegovina,Netherlands,Neutral,0.709,2.109,10.3,20.2,69.5,10.0,2.1,2.7,70.2,7.4,7.7,14.7,85.3,"[{""score"": ""0 - 1"", ""pct"": 13.28}, {""score"": ""0 - 2"", ""pct"": 12.790000000000001}, {""score"": ""1 - 1"", ""pct"": 9.3}]"
Bosnia and Herzegovina,Ivory Coast,Neutral,0.829,1.786,15.6,24.2,60.2,15.2,3.0,4.0,60.6,7.7,9.4,22.2,77.8,"[{""score"": ""0 - 1"", ""pct"": 13.5}, {""score"": ""0 - 2"", ""pct"": 11.379999999999999}, {""score"": ""1 - 1"", ""pct"": 11.16}]"
Bosnia and Herzegovina,Scotland,Neutral,0.892,1.757,17.7,25.0,57.3,17.6,3.2,4.5,58.4,7.3,8.9,25.4,74.6,"[{""score"": ""0 - 1"", ""pct"": 12.75}, {""score"": ""1 - 1"", ""pct"": 11.4}, {""score"": ""0 - 2"", ""pct"": 10.4}]"
Bosnia and Herzegovina,Ecuador,Neutral,0.678,2.058,10.2,19.9,69.9,9.7,2.0,2.6,70.1,7.5,8.0,14.4,85.6,"[{""score"": ""0 - 1"", ""pct"": 13.919999999999998}, {""score"": ""0 - 2"", ""pct"": 12.93}, {""score"": ""1 - 2"", ""pct"": 9.28}]"
Bosnia and Herzegovina,Iran,Neutral,0.701,1.969,11.3,20.7,68.0,11.5,2.4,2.9,68.3,7.1,7.9,16.7,83.3,"[{""score"": ""0 - 1"", ""pct"": 14.2}, {""score"": ""0 - 2"", ""pct"": 13.68}, {""score"": ""1 - 2"", ""pct"": 9.55}]"
Bosnia and Herzegovina,Mexico,Neutral,0.681,2.051,10.0,19.1,71.0,10.2,2.1,2.6,70.0,7.6,7.5,14.9,85.1,"[{""score"": ""0 - 2"", ""pct"": 14.16}, {""score"": ""0 - 1"", ""pct"": 13.950000000000001}, {""score"": ""1 - 2"", ""pct"": 9.27}]"
Bosnia and Herzegovina,France,Neutral,0.685,2.377,8.1,17.0,75.0,7.6,1.3,1.8,76.3,6.5,6.5,10.7,89.3,"[{""score"": ""0 - 2"", ""pct"": 13.889999999999999}, {""score"": ""0 - 1"", ""pct"": 11.48}, {""score"": ""0 - 3"", ""pct"": 9.66}]"
Bosnia and Herzegovina,Algeria,Neutral,0.697,1.937,11.3,22.0,66.7,10.9,2.4,3.0,67.5,7.2,9.1,16.2,83.8,"[{""score"": ""0 - 1"", ""pct"": 13.639999999999999}, {""score"": ""0 - 2"", ""pct"": 13.309999999999999}, {""score"": ""1 - 1"", ""pct"": 9.43}]"
Bosnia and Herzegovina,Panama,Neutral,0.822,1.901,15.0,22.1,62.9,14.3,2.8,3.9,63.2,7.1,8.7,21.0,79.0,"[{""score"": ""0 - 1"", ""pct"": 12.94}, {""score"": ""0 - 2"", ""pct"": 11.88}, {""score"": ""1 - 2"", ""pct"": 9.959999999999999}]"
Bosnia and Herzegovina,Colombia,Neutral,0.687,2.333,8.2,16.9,74.9,8.0,1.5,2.0,75.8,6.2,6.5,11.6,88.4,"[{""score"": ""0 - 2"", ""pct"": 13.73}, {""score"": ""0 - 1"", ""pct"": 11.379999999999999}, {""score"": ""0 - 3"", ""pct"": 9.56}]"
Bosnia and Herzegovina,Portugal,Neutral,0.677,2.303,7.9,17.1,75.0,8.6,1.6,1.9,74.9,6.8,6.1,12.2,87.8,"[{""score"": ""0 - 2"", ""pct"": 13.850000000000001}, {""score"": ""0 - 1"", ""pct"": 12.93}, {""score"": ""0 - 3"", ""pct"": 9.790000000000001}]"
Curaçao,Saudi Arabia,Neutral,1.076,1.507,25.8,27.3,46.9,25.9,4.8,6.4,46.7,7.4,8.9,37.0,63.0,"[{""score"": ""0 - 1"", ""pct"": 12.08}, {""score"": ""1 - 1"", ""pct"": 11.93}, {""score"": ""1 - 2"", ""pct"": 9.370000000000001}]"
Curaçao,England,Neutral,0.653,2.372,7.2,15.8,77.0,7.5,1.5,1.6,77.0,6.3,6.0,10.7,89.3,"[{""score"": ""0 - 2"", ""pct"": 14.099999999999998}, {""score"": ""0 - 1"", ""pct"": 12.540000000000001}, {""score"": ""0 - 3"", ""pct"": 10.47}]"
Curaçao,Uzbekistan,Neutral,0.794,1.845,14.5,22.8,62.7,14.9,2.8,3.9,61.6,7.8,9.0,21.5,78.5,"[{""score"": ""0 - 1"", ""pct"": 13.99}, {""score"": ""0 - 2"", ""pct"": 11.77}, {""score"": ""1 - 2"", ""pct"": 10.36}]"
Curaçao,Austria,Neutral,0.861,1.834,16.4,23.5,60.2,15.2,2.9,3.9,61.7,7.8,8.4,22.0,78.0,"[{""score"": ""0 - 1"", ""pct"": 12.42}, {""score"": ""0 - 2"", ""pct"": 11.129999999999999}, {""score"": ""1 - 1"", ""pct"": 10.51}]"
Curaçao,Turkey,Neutral,0.704,1.969,10.9,20.6,68.5,11.7,2.2,3.1,67.0,7.8,8.2,17.0,83.0,"[{""score"": ""0 - 1"", ""pct"": 14.44}, {""score"": ""0 - 2"", ""pct"": 13.51}, {""score"": ""1 - 2"", ""pct"": 9.5}]"
Curaçao,Morocco,Neutral,0.701,2.269,9.3,18.1,72.6,9.1,1.5,2.1,73.3,7.0,7.0,12.7,87.3,"[{""score"": ""0 - 2"", ""pct"": 13.25}, {""score"": ""0 - 1"", ""pct"": 11.88}, {""score"": ""1 - 2"", ""pct"": 9.74}]"
Curaçao,DR Congo,Neutral,0.922,1.544,21.9,26.6,51.5,21.3,4.2,5.8,51.5,7.4,9.7,31.3,68.7,"[{""score"": ""0 - 1"", ""pct"": 13.28}, {""score"": ""1 - 1"", ""pct"": 12.07}, {""score"": ""0 - 2"", ""pct"": 9.700000000000001}]"
Curaçao,Japan,Neutral,0.703,2.192,9.8,18.0,72.2,9.4,2.0,2.1,72.3,7.2,6.9,13.6,86.4,"[{""score"": ""0 - 2"", ""pct"": 13.100000000000001}, {""score"": ""0 - 1"", ""pct"": 12.950000000000001}, {""score"": ""1 - 2"", ""pct"": 9.629999999999999}]"
Curaçao,Canada,Neutral,0.765,1.871,13.7,22.4,63.9,13.2,2.6,3.7,63.7,7.9,8.9,19.5,80.5,"[{""score"": ""0 - 1"", ""pct"": 13.15}, {""score"": ""0 - 2"", ""pct"": 12.620000000000001}, {""score"": ""1 - 1"", ""pct"": 10.040000000000001}]"
Curaçao,Argentina,Neutral,0.56,2.653,5.1,12.4,82.5,4.6,0.8,1.0,82.1,6.2,5.3,6.4,93.6,"[{""score"": ""0 - 2"", ""pct"": 14.82}, {""score"": ""0 - 3"", ""pct"": 11.85}, {""score"": ""0 - 1"", ""pct"": 11.27}]"
Curaçao,Tunisia,Neutral,0.974,1.538,23.0,27.0,50.1,23.4,4.6,5.9,50.1,7.2,8.8,33.9,66.1,"[{""score"": ""0 - 1"", ""pct"": 12.76}, {""score"": ""1 - 1"", ""pct"": 11.81}, {""score"": ""1 - 2"", ""pct"": 9.87}]"
Curaçao,Brazil,Neutral,0.704,2.43,7.9,15.9,76.2,8.1,1.4,1.8,75.6,6.7,6.3,11.4,88.6,"[{""score"": ""0 - 2"", ""pct"": 12.540000000000001}, {""score"": ""0 - 1"", ""pct"": 11.21}, {""score"": ""0 - 3"", ""pct"": 10.37}]"
Curaçao,Iraq,Neutral,0.957,1.526,23.7,27.2,49.1,23.1,3.9,5.8,51.1,7.1,9.0,32.8,67.2,"[{""score"": ""0 - 1"", ""pct"": 12.479999999999999}, {""score"": ""1 - 1"", ""pct"": 12.09}, {""score"": ""0 - 0"", ""pct"": 9.34}]"
Curaçao,Sweden,Neutral,1.108,1.543,26.6,26.4,47.0,26.0,5.0,6.2,47.2,6.7,9.0,37.1,62.9,"[{""score"": ""1 - 1"", ""pct"": 12.01}, {""score"": ""0 - 1"", ""pct"": 11.0}, {""score"": ""1 - 2"", ""pct"": 9.24}]"
Curaçao,Senegal,Neutral,0.735,1.927,13.1,21.8,65.1,12.6,2.4,3.1,65.6,7.6,8.7,18.1,81.9,"[{""score"": ""0 - 1"", ""pct"": 13.459999999999999}, {""score"": ""0 - 2"", ""pct"": 12.49}, {""score"": ""1 - 1"", ""pct"": 9.9}]"
Curaçao,Spain,Neutral,0.583,2.636,5.2,13.0,81.8,5.3,1.0,1.3,81.2,6.0,5.2,7.6,92.4,"[{""score"": ""0 - 2"", ""pct"": 14.23}, {""score"": ""0 - 3"", ""pct"": 12.280000000000001}, {""score"": ""0 - 1"", ""pct"": 11.73}]"
Curaçao,Paraguay,Neutral,0.778,1.873,13.5,22.5,63.9,13.9,2.6,3.4,63.6,7.5,9.0,19.9,80.1,"[{""score"": ""0 - 1"", ""pct"": 13.86}, {""score"": ""0 - 2"", ""pct"": 11.82}, {""score"": ""1 - 2"", ""pct"": 10.24}]"
Curaçao,New Zealand,Neutral,1.081,1.528,26.3,26.6,47.2,26.0,4.5,6.1,47.4,7.2,8.8,36.6,63.4,"[{""score"": ""1 - 1"", ""pct"": 12.35}, {""score"": ""0 - 1"", ""pct"": 11.459999999999999}, {""score"": ""1 - 2"", ""pct"": 8.98}]"
Curaçao,Qatar,Neutral,1.479,1.13,45.1,27.9,27.1,44.6,7.1,8.6,27.5,5.5,6.8,60.3,39.7,"[{""score"": ""1 - 1"", ""pct"": 12.53}, {""score"": ""1 - 0"", ""pct"": 10.99}, {""score"": ""2 - 1"", ""pct"": 8.95}]"
Curaçao,Norway,Neutral,0.752,1.949,12.6,21.8,65.5,13.1,2.2,3.3,65.7,7.2,8.5,18.7,81.3,"[{""score"": ""0 - 1"", ""pct"": 13.350000000000001}, {""score"": ""0 - 2"", ""pct"": 12.41}, {""score"": ""1 - 1"", ""pct"": 10.03}]"
Curaçao,Bosnia and Herzegovina,Neutral,1.283,1.212,38.4,28.4,33.1,37.1,6.1,8.2,34.5,6.0,8.2,51.3,48.7,"[{""score"": ""1 - 1"", ""pct"": 12.65}, {""score"": ""1 - 0"", ""pct"": 10.75}, {""score"": ""0 - 1"", ""pct"": 9.379999999999999}]"
Curaçao,Belgium,Neutral,0.709,1.961,10.8,20.9,68.3,11.0,2.4,2.9,68.2,7.4,8.1,16.3,83.7,"[{""score"": ""0 - 1"", ""pct"": 14.44}, {""score"": ""0 - 2"", ""pct"": 13.23}, {""score"": ""1 - 2"", ""pct"": 9.790000000000001}]"
Curaçao,Switzerland,Neutral,0.767,1.947,13.0,21.8,65.2,13.4,2.4,3.3,65.2,7.3,8.3,19.1,80.9,"[{""score"": ""0 - 1"", ""pct"": 13.309999999999999}, {""score"": ""0 - 2"", ""pct"": 11.97}, {""score"": ""1 - 1"", ""pct"": 9.84}]"
Curaçao,Germany,Neutral,0.738,2.097,11.2,19.4,69.3,10.6,2.2,2.5,69.8,7.7,7.2,15.3,84.7,"[{""score"": ""0 - 2"", ""pct"": 13.23}, {""score"": ""0 - 1"", ""pct"": 12.44}, {""score"": ""1 - 2"", ""pct"": 9.3}]"
Curaçao,Egypt,Neutral,0.929,1.699,19.7,24.4,55.9,18.8,3.4,5.0,56.2,7.5,9.2,27.1,72.9,"[{""score"": ""0 - 1"", ""pct"": 13.33}, {""score"": ""1 - 1"", ""pct"": 11.26}, {""score"": ""0 - 2"", ""pct"": 10.12}]"
Curaçao,Jordan,Neutral,1.147,1.814,22.4,24.1,53.4,22.8,4.1,5.1,52.5,7.3,8.2,32.0,68.0,"[{""score"": ""1 - 1"", ""pct"": 10.639999999999999}, {""score"": ""1 - 2"", ""pct"": 10.040000000000001}, {""score"": ""0 - 1"", ""pct"": 9.44}]"
Curaçao,South Africa,Neutral,1.104,1.377,28.9,27.8,43.3,29.6,5.5,7.0,42.2,6.7,9.0,42.1,57.9,"[{""score"": ""1 - 1"", ""pct"": 12.57}, {""score"": ""0 - 1"", ""pct"": 11.76}, {""score"": ""1 - 2"", ""pct"": 9.09}]"
Curaçao,Croatia,Neutral,0.757,1.935,13.1,22.3,64.6,12.6,2.6,3.0,66.4,7.5,7.8,18.3,81.7,"[{""score"": ""0 - 1"", ""pct"": 13.55}, {""score"": ""0 - 2"", ""pct"": 12.57}, {""score"": ""1 - 1"", ""pct"": 10.13}]"
Curaçao,Haiti,Neutral,0.969,1.557,22.5,26.9,50.5,22.6,4.2,5.3,51.1,7.5,9.3,32.1,67.9,"[{""score"": ""0 - 1"", ""pct"": 12.58}, {""score"": ""1 - 1"", ""pct"": 12.07}, {""score"": ""0 - 2"", ""pct"": 9.26}]"
Curaçao,United States,Neutral,0.937,1.894,16.9,23.3,59.9,17.0,3.3,3.9,60.2,7.6,8.0,24.2,75.8,"[{""score"": ""0 - 1"", ""pct"": 12.08}, {""score"": ""1 - 1"", ""pct"": 10.2}, {""score"": ""0 - 2"", ""pct"": 9.75}]"
Curaçao,Uruguay,Neutral,0.735,1.924,12.5,22.4,65.1,12.6,2.5,3.2,65.4,7.7,8.5,18.4,81.6,"[{""score"": ""0 - 1"", ""pct"": 14.44}, {""score"": ""0 - 2"", ""pct"": 12.620000000000001}, {""score"": ""1 - 1"", ""pct"": 10.05}]"
Curaçao,South Korea,Neutral,0.743,1.917,12.6,21.8,65.6,13.0,2.4,3.3,65.4,7.3,8.6,18.7,81.3,"[{""score"": ""0 - 1"", ""pct"": 14.02}, {""score"": ""0 - 2"", ""pct"": 12.709999999999999}, {""score"": ""1 - 1"", ""pct"": 9.77}]"
Curaçao,Australia,Neutral,0.733,1.929,11.7,22.3,66.0,12.2,2.4,3.1,66.5,7.3,8.5,17.7,82.3,"[{""score"": ""0 - 1"", ""pct"": 14.299999999999999}, {""score"": ""0 - 2"", ""pct"": 12.86}, {""score"": ""1 - 2"", ""pct"": 9.77}]"
Curaçao,Czech Republic,Neutral,1.044,1.663,22.5,26.3,51.2,22.5,4.1,5.1,52.6,7.3,8.3,31.7,68.3,"[{""score"": ""1 - 1"", ""pct"": 11.97}, {""score"": ""0 - 1"", ""pct"": 10.86}, {""score"": ""1 - 2"", ""pct"": 9.98}]"
Curaçao,Cape Verde,Neutral,1.15,1.314,31.6,28.7,39.6,31.6,5.2,8.1,39.7,6.5,8.9,45.0,55.0,"[{""score"": ""1 - 1"", ""pct"": 13.200000000000001}, {""score"": ""0 - 1"", ""pct"": 11.08}, {""score"": ""1 - 0"", ""pct"": 9.89}]"
Curaçao,Ghana,Neutral,1.203,1.235,35.7,28.4,36.0,35.0,6.3,8.6,35.1,6.7,8.4,49.9,50.1,"[{""score"": ""1 - 1"", ""pct"": 12.86}, {""score"": ""1 - 0"", ""pct"": 10.95}, {""score"": ""0 - 1"", ""pct"": 10.780000000000001}]"
Curaçao,Netherlands,Neutral,0.726,1.971,11.6,21.4,67.0,11.5,2.1,3.3,67.2,7.2,8.6,16.9,83.1,"[{""score"": ""0 - 1"", ""pct"": 14.23}, {""score"": ""0 - 2"", ""pct"": 12.879999999999999}, {""score"": ""1 - 1"", ""pct"": 9.790000000000001}]"
Curaçao,Ivory Coast,Neutral,0.913,1.767,17.9,25.1,57.0,17.9,3.3,4.5,58.1,7.6,8.6,25.7,74.3,"[{""score"": ""0 - 1"", ""pct"": 12.479999999999999}, {""score"": ""1 - 1"", ""pct"": 11.51}, {""score"": ""0 - 2"", ""pct"": 10.77}]"
Curaçao,Scotland,Neutral,0.948,1.776,19.1,24.0,57.0,18.4,3.8,4.7,56.6,7.8,8.6,26.9,73.1,"[{""score"": ""0 - 1"", ""pct"": 11.89}, {""score"": ""1 - 1"", ""pct"": 11.07}, {""score"": ""0 - 2"", ""pct"": 10.0}]"
Curaçao,Ecuador,Neutral,0.725,2.068,10.7,19.8,69.5,10.6,2.0,2.7,70.2,7.1,7.4,15.4,84.6,"[{""score"": ""0 - 2"", ""pct"": 13.889999999999999}, {""score"": ""0 - 1"", ""pct"": 13.48}, {""score"": ""1 - 2"", ""pct"": 9.700000000000001}]"
Curaçao,Iran,Neutral,0.717,1.947,13.1,21.0,65.9,11.9,2.3,3.2,67.0,7.5,8.2,17.4,82.6,"[{""score"": ""0 - 1"", ""pct"": 14.41}, {""score"": ""0 - 2"", ""pct"": 12.45}, {""score"": ""1 - 2"", ""pct"": 9.78}]"
Curaçao,Mexico,Neutral,0.707,1.959,12.0,21.4,66.6,12.0,2.5,3.1,67.1,7.1,8.3,17.5,82.5,"[{""score"": ""0 - 1"", ""pct"": 14.52}, {""score"": ""0 - 2"", ""pct"": 12.61}, {""score"": ""1 - 2"", ""pct"": 9.65}]"
Curaçao,France,Neutral,0.679,2.441,7.5,15.7,76.7,7.9,1.3,1.8,76.3,6.5,6.3,11.0,89.0,"[{""score"": ""0 - 2"", ""pct"": 13.569999999999999}, {""score"": ""0 - 1"", ""pct"": 11.200000000000001}, {""score"": ""0 - 3"", ""pct"": 10.870000000000001}]"
Curaçao,Algeria,Neutral,0.759,1.923,12.8,22.9,64.4,13.1,2.8,3.1,65.1,7.3,8.5,19.1,80.9,"[{""score"": ""0 - 1"", ""pct"": 13.320000000000002}, {""score"": ""0 - 2"", ""pct"": 12.29}, {""score"": ""1 - 1"", ""pct"": 10.42}]"
Curaçao,Panama,Neutral,0.919,1.89,16.4,22.9,60.7,16.8,3.2,3.8,61.0,7.1,8.1,23.8,76.2,"[{""score"": ""0 - 1"", ""pct"": 12.16}, {""score"": ""0 - 2"", ""pct"": 10.63}, {""score"": ""1 - 1"", ""pct"": 10.54}]"
Curaçao,Colombia,Neutral,0.692,2.385,8.1,16.2,75.7,7.9,1.8,2.0,75.2,7.0,6.2,11.6,88.4,"[{""score"": ""0 - 2"", ""pct"": 13.36}, {""score"": ""0 - 1"", ""pct"": 12.049999999999999}, {""score"": ""0 - 3"", ""pct"": 9.9}]"
Curaçao,Portugal,Neutral,0.696,2.363,8.1,16.5,75.4,8.3,1.4,2.0,75.0,7.0,6.3,11.7,88.3,"[{""score"": ""0 - 2"", ""pct"": 13.3}, {""score"": ""0 - 1"", ""pct"": 12.27}, {""score"": ""0 - 3"", ""pct"": 9.790000000000001}]"
Belgium,Saudi Arabia,Neutral,1.729,0.879,57.8,24.4,17.9,57.5,7.5,9.4,18.0,3.2,4.4,74.3,25.7,"[{""score"": ""1 - 0"", ""pct"": 13.43}, {""score"": ""1 - 1"", ""pct"": 11.14}, {""score"": ""2 - 0"", ""pct"": 10.77}]"
Belgium,England,Neutral,1.033,1.538,24.6,26.9,48.5,24.9,4.5,5.6,48.5,7.2,9.4,35.0,65.0,"[{""score"": ""1 - 1"", ""pct"": 12.02}, {""score"": ""0 - 1"", ""pct"": 11.459999999999999}, {""score"": ""1 - 2"", ""pct"": 9.56}]"
Belgium,Uzbekistan,Neutral,1.337,1.1,40.6,28.6,30.7,41.6,6.9,9.2,29.3,5.4,7.7,57.6,42.4,"[{""score"": ""1 - 1"", ""pct"": 13.309999999999999}, {""score"": ""1 - 0"", ""pct"": 11.25}, {""score"": ""0 - 1"", ""pct"": 9.83}]"
Belgium,Austria,Neutral,1.429,1.052,44.9,28.1,27.0,45.2,6.9,9.3,26.6,5.5,6.4,61.5,38.5,"[{""score"": ""1 - 1"", ""pct"": 12.5}, {""score"": ""1 - 0"", ""pct"": 11.75}, {""score"": ""0 - 0"", ""pct"": 9.73}]"
Belgium,Turkey,Neutral,1.24,1.25,35.2,28.7,36.0,35.5,6.3,7.8,36.2,6.2,8.0,49.7,50.3,"[{""score"": ""1 - 1"", ""pct"": 12.8}, {""score"": ""0 - 1"", ""pct"": 10.79}, {""score"": ""1 - 0"", ""pct"": 10.56}]"
Belgium,Morocco,Neutral,1.07,1.458,27.1,27.5,45.4,27.4,4.8,6.7,45.3,6.8,8.9,38.9,61.1,"[{""score"": ""1 - 1"", ""pct"": 12.790000000000001}, {""score"": ""0 - 1"", ""pct"": 12.120000000000001}, {""score"": ""1 - 2"", ""pct"": 8.99}]"
Belgium,DR Congo,Neutral,1.452,0.947,48.7,27.9,23.4,48.7,7.1,10.0,23.4,4.3,6.5,65.8,34.2,"[{""score"": ""1 - 0"", ""pct"": 13.719999999999999}, {""score"": ""1 - 1"", ""pct"": 12.629999999999999}, {""score"": ""0 - 0"", ""pct"": 9.98}]"
Belgium,Japan,Neutral,1.039,1.468,25.2,28.2,46.7,25.8,4.5,6.4,46.9,7.2,9.2,36.8,63.2,"[{""score"": ""1 - 1"", ""pct"": 12.709999999999999}, {""score"": ""0 - 1"", ""pct"": 12.139999999999999}, {""score"": ""0 - 0"", ""pct"": 9.6}]"
Belgium,Canada,Neutral,1.258,1.128,38.3,29.6,32.1,38.5,6.7,8.9,31.9,5.8,8.2,54.0,46.0,"[{""score"": ""1 - 1"", ""pct"": 13.11}, {""score"": ""1 - 0"", ""pct"": 11.62}, {""score"": ""0 - 1"", ""pct"": 10.56}]"
Belgium,Argentina,Neutral,0.858,1.708,17.8,25.0,57.2,17.4,3.6,4.8,57.4,7.5,9.3,25.8,74.2,"[{""score"": ""0 - 1"", ""pct"": 13.089999999999998}, {""score"": ""1 - 1"", ""pct"": 11.65}, {""score"": ""0 - 2"", ""pct"": 11.62}]"
Belgium,Tunisia,Neutral,1.577,0.98,50.4,27.1,22.5,50.9,7.4,9.4,22.2,4.0,5.9,67.8,32.2,"[{""score"": ""1 - 1"", ""pct"": 12.09}, {""score"": ""1 - 0"", ""pct"": 12.09}, {""score"": ""2 - 1"", ""pct"": 9.719999999999999}]"
Belgium,Brazil,Neutral,1.097,1.582,24.7,26.5,48.8,25.8,4.5,5.9,47.9,6.9,9.0,36.2,63.8,"[{""score"": ""1 - 1"", ""pct"": 12.46}, {""score"": ""0 - 1"", ""pct"": 11.14}, {""score"": ""1 - 2"", ""pct"": 9.85}]"
Belgium,Iraq,Neutral,1.552,0.946,51.2,26.6,22.2,51.7,7.1,9.6,21.5,4.2,5.9,68.4,31.6,"[{""score"": ""1 - 0"", ""pct"": 13.059999999999999}, {""score"": ""1 - 1"", ""pct"": 12.29}, {""score"": ""2 - 0"", ""pct"": 9.56}]"
Belgium,Sweden,Neutral,1.873,0.949,59.1,23.4,17.6,59.1,7.3,8.1,17.3,3.8,4.3,74.6,25.4,"[{""score"": ""1 - 0"", ""pct"": 11.459999999999999}, {""score"": ""2 - 0"", ""pct"": 10.440000000000001}, {""score"": ""2 - 1"", ""pct"": 10.36}]"
Belgium,Senegal,Neutral,1.288,1.245,36.6,28.5,34.9,37.4,6.3,8.1,34.5,5.6,8.2,51.7,48.3,"[{""score"": ""1 - 1"", ""pct"": 12.7}, {""score"": ""0 - 1"", ""pct"": 10.549999999999999}, {""score"": ""1 - 0"", ""pct"": 10.5}]"
Belgium,Spain,Neutral,0.908,1.726,19.1,24.7,56.2,19.2,3.4,4.9,56.1,7.5,8.9,27.5,72.5,"[{""score"": ""0 - 1"", ""pct"": 12.590000000000002}, {""score"": ""1 - 1"", ""pct"": 10.97}, {""score"": ""0 - 2"", ""pct"": 10.51}]"
Belgium,Paraguay,Neutral,1.288,1.156,38.4,29.1,32.5,39.2,6.5,9.2,31.8,5.7,7.6,54.9,45.1,"[{""score"": ""1 - 1"", ""pct"": 13.61}, {""score"": ""1 - 0"", ""pct"": 10.440000000000001}, {""score"": ""0 - 1"", ""pct"": 10.22}]"
Belgium,New Zealand,Neutral,1.772,0.895,58.7,23.5,17.8,58.6,7.2,9.0,17.4,3.3,4.5,74.8,25.2,"[{""score"": ""1 - 0"", ""pct"": 12.86}, {""score"": ""2 - 0"", ""pct"": 10.77}, {""score"": ""1 - 1"", ""pct"": 10.61}]"
Belgium,Qatar,Neutral,2.102,0.673,70.4,19.6,9.9,71.3,7.1,7.7,9.9,1.8,2.2,86.2,13.8,"[{""score"": ""1 - 0"", ""pct"": 13.719999999999999}, {""score"": ""2 - 0"", ""pct"": 13.370000000000001}, {""score"": ""3 - 0"", ""pct"": 9.139999999999999}]"
Belgium,Norway,Neutral,1.253,1.275,35.6,28.0,36.4,35.5,5.8,7.9,36.6,6.3,7.9,49.2,50.8,"[{""score"": ""1 - 1"", ""pct"": 12.590000000000002}, {""score"": ""0 - 1"", ""pct"": 10.620000000000001}, {""score"": ""1 - 0"", ""pct"": 10.58}]"
Belgium,Bosnia and Herzegovina,Neutral,1.974,0.69,68.1,20.9,10.9,67.9,7.2,8.6,11.2,2.1,3.0,83.7,16.3,"[{""score"": ""1 - 0"", ""pct"": 14.08}, {""score"": ""2 - 0"", ""pct"": 13.62}, {""score"": ""2 - 1"", ""pct"": 9.5}]"
Belgium,Curaçao,Neutral,1.961,0.709,66.8,21.6,11.5,66.8,7.8,8.3,11.8,2.1,3.1,83.0,17.0,"[{""score"": ""1 - 0"", ""pct"": 13.96}, {""score"": ""2 - 0"", ""pct"": 12.870000000000001}, {""score"": ""1 - 1"", ""pct"": 9.64}]"
Belgium,Switzerland,Neutral,1.308,1.24,37.5,27.7,34.8,37.3,6.4,8.4,34.3,5.9,7.7,52.1,48.0,"[{""score"": ""1 - 1"", ""pct"": 12.6}, {""score"": ""1 - 0"", ""pct"": 10.190000000000001}, {""score"": ""0 - 1"", ""pct"": 10.03}]"
Belgium,Germany,Neutral,1.19,1.363,31.5,28.9,39.5,31.5,5.4,7.5,40.6,6.6,8.4,44.4,55.6,"[{""score"": ""1 - 1"", ""pct"": 13.239999999999998}, {""score"": ""0 - 1"", ""pct"": 11.06}, {""score"": ""1 - 0"", ""pct"": 9.3}]"
Belgium,Egypt,Neutral,1.397,1.001,45.4,28.4,26.2,45.2,7.1,10.2,26.2,4.5,6.7,62.6,37.4,"[{""score"": ""1 - 1"", ""pct"": 13.020000000000001}, {""score"": ""1 - 0"", ""pct"": 12.43}, {""score"": ""0 - 0"", ""pct"": 9.879999999999999}]"
Belgium,Jordan,Neutral,1.63,1.042,51.7,26.1,22.2,51.3,7.5,9.2,22.2,4.3,5.5,68.0,32.0,"[{""score"": ""1 - 0"", ""pct"": 11.52}, {""score"": ""1 - 1"", ""pct"": 11.48}, {""score"": ""2 - 1"", ""pct"": 9.82}]"
Belgium,South Africa,Neutral,1.735,0.78,59.7,24.8,15.5,60.1,8.1,9.3,15.3,3.2,4.1,77.4,22.6,"[{""score"": ""1 - 0"", ""pct"": 14.35}, {""score"": ""2 - 0"", ""pct"": 11.940000000000001}, {""score"": ""1 - 1"", ""pct"": 10.8}]"
Belgium,Croatia,Neutral,1.26,1.3,34.5,27.8,37.7,35.7,5.9,8.0,36.0,6.3,8.1,49.6,50.4,"[{""score"": ""1 - 1"", ""pct"": 12.870000000000001}, {""score"": ""0 - 1"", ""pct"": 9.99}, {""score"": ""1 - 0"", ""pct"": 9.950000000000001}]"
Belgium,Haiti,Neutral,1.645,1.01,51.8,26.4,21.8,51.8,7.3,8.9,21.9,4.6,5.5,68.0,32.0,"[{""score"": ""1 - 0"", ""pct"": 12.24}, {""score"": ""1 - 1"", ""pct"": 11.64}, {""score"": ""2 - 1"", ""pct"": 9.700000000000001}]"
Belgium,United States,Neutral,1.605,1.083,50.1,25.5,24.4,49.8,7.4,8.6,23.9,4.6,5.6,65.9,34.1,"[{""score"": ""1 - 1"", ""pct"": 11.85}, {""score"": ""1 - 0"", ""pct"": 11.33}, {""score"": ""2 - 1"", ""pct"": 9.78}]"
Belgium,Uruguay,Neutral,1.178,1.264,33.9,29.0,37.1,33.2,6.0,8.1,38.2,6.5,8.0,47.3,52.7,"[{""score"": ""1 - 1"", ""pct"": 13.08}, {""score"": ""0 - 1"", ""pct"": 11.23}, {""score"": ""1 - 0"", ""pct"": 10.82}]"
Belgium,South Korea,Neutral,1.266,1.237,36.3,28.9,34.8,36.6,6.0,8.3,35.3,6.0,7.8,50.9,49.1,"[{""score"": ""1 - 1"", ""pct"": 13.120000000000001}, {""score"": ""0 - 1"", ""pct"": 10.12}, {""score"": ""1 - 0"", ""pct"": 10.05}]"
Belgium,Australia,Neutral,1.218,1.275,34.0,29.3,36.7,34.7,6.1,7.9,36.7,6.1,8.4,48.7,51.3,"[{""score"": ""1 - 1"", ""pct"": 13.07}, {""score"": ""1 - 0"", ""pct"": 10.26}, {""score"": ""0 - 1"", ""pct"": 10.059999999999999}]"
Belgium,Czech Republic,Neutral,1.658,1.019,51.9,25.7,22.4,52.7,7.4,8.5,22.0,4.1,5.3,68.6,31.4,"[{""score"": ""1 - 1"", ""pct"": 11.959999999999999}, {""score"": ""1 - 0"", ""pct"": 11.85}, {""score"": ""2 - 1"", ""pct"": 9.65}]"
Belgium,Cape Verde,Neutral,1.811,0.775,62.0,24.2,13.7,62.3,7.9,8.9,14.4,2.9,3.6,79.1,20.9,"[{""score"": ""1 - 0"", ""pct"": 14.67}, {""score"": ""2 - 0"", ""pct"": 11.459999999999999}, {""score"": ""1 - 1"", ""pct"": 10.52}]"
Belgium,Ghana,Neutral,1.847,0.698,65.3,22.5,12.1,65.2,7.5,9.2,11.9,2.7,3.4,81.9,18.1,"[{""score"": ""1 - 0"", ""pct"": 15.160000000000002}, {""score"": ""2 - 0"", ""pct"": 12.770000000000001}, {""score"": ""1 - 1"", ""pct"": 10.190000000000001}]"
Belgium,Netherlands,Neutral,1.172,1.324,31.6,29.0,39.5,32.1,5.2,7.6,39.7,6.7,8.6,45.0,55.0,"[{""score"": ""1 - 1"", ""pct"": 12.920000000000002}, {""score"": ""0 - 1"", ""pct"": 10.77}, {""score"": ""1 - 0"", ""pct"": 9.73}]"
Belgium,Ivory Coast,Neutral,1.457,1.029,46.5,27.6,25.9,46.4,7.2,10.0,25.6,4.6,6.3,63.6,36.4,"[{""score"": ""1 - 0"", ""pct"": 12.540000000000001}, {""score"": ""1 - 1"", ""pct"": 12.389999999999999}, {""score"": ""0 - 0"", ""pct"": 9.5}]"
Belgium,Scotland,Neutral,1.578,1.039,49.6,26.3,24.1,50.0,7.4,8.9,23.6,4.5,5.6,66.3,33.7,"[{""score"": ""1 - 1"", ""pct"": 12.2}, {""score"": ""1 - 0"", ""pct"": 11.600000000000001}, {""score"": ""2 - 1"", ""pct"": 9.43}]"
Belgium,Ecuador,Neutral,1.084,1.374,29.3,27.5,43.2,29.5,5.0,7.3,42.5,6.5,9.3,41.7,58.3,"[{""score"": ""0 - 1"", ""pct"": 12.45}, {""score"": ""1 - 1"", ""pct"": 12.389999999999999}, {""score"": ""1 - 0"", ""pct"": 9.4}]"
Belgium,Iran,Neutral,1.24,1.246,35.4,28.7,35.9,35.7,6.1,7.8,35.8,6.2,8.3,49.7,50.3,"[{""score"": ""1 - 1"", ""pct"": 12.9}, {""score"": ""0 - 1"", ""pct"": 10.61}, {""score"": ""1 - 0"", ""pct"": 10.35}]"
Belgium,Mexico,Neutral,1.108,1.288,30.6,28.8,40.6,30.4,5.7,8.0,39.8,6.9,9.2,44.2,55.8,"[{""score"": ""1 - 1"", ""pct"": 12.8}, {""score"": ""0 - 1"", ""pct"": 12.09}, {""score"": ""1 - 0"", ""pct"": 10.43}]"
Belgium,France,Neutral,1.114,1.614,24.8,26.8,48.5,25.3,4.5,5.6,49.1,7.0,8.5,35.4,64.6,"[{""score"": ""1 - 1"", ""pct"": 11.95}, {""score"": ""1 - 2"", ""pct"": 10.47}, {""score"": ""0 - 1"", ""pct"": 10.299999999999999}]"
Belgium,Algeria,Neutral,1.241,1.199,36.0,28.6,35.4,37.1,6.0,7.9,35.1,5.6,8.3,51.0,49.0,"[{""score"": ""1 - 1"", ""pct"": 12.9}, {""score"": ""0 - 1"", ""pct"": 10.91}, {""score"": ""1 - 0"", ""pct"": 10.620000000000001}]"
Belgium,Panama,Neutral,1.458,1.136,43.4,28.1,28.5,44.1,6.8,8.9,29.0,4.9,6.4,59.7,40.3,"[{""score"": ""1 - 1"", ""pct"": 12.93}, {""score"": ""1 - 0"", ""pct"": 10.16}, {""score"": ""0 - 1"", ""pct"": 8.95}]"
Belgium,Colombia,Neutral,1.095,1.505,27.0,27.2,45.8,26.4,5.0,6.4,46.3,7.0,8.8,37.9,62.2,"[{""score"": ""1 - 1"", ""pct"": 12.01}, {""score"": ""0 - 1"", ""pct"": 11.41}, {""score"": ""0 - 0"", ""pct"": 8.959999999999999}]"
Belgium,Portugal,Neutral,1.103,1.505,26.7,26.7,46.6,27.6,5.0,5.7,46.8,6.5,8.5,38.2,61.8,"[{""score"": ""1 - 1"", ""pct"": 12.2}, {""score"": ""0 - 1"", ""pct"": 11.99}, {""score"": ""1 - 2"", ""pct"": 9.22}]"
Switzerland,Saudi Arabia,Neutral,1.747,0.908,57.9,24.2,17.9,56.7,7.4,9.3,18.2,3.4,4.9,73.4,26.6,"[{""score"": ""1 - 0"", ""pct"": 12.790000000000001}, {""score"": ""1 - 1"", ""pct"": 11.14}, {""score"": ""2 - 0"", ""pct"": 10.45}]"
Switzerland,England,Neutral,1.039,1.612,23.2,25.8,51.0,24.6,4.7,5.5,49.6,7.1,8.3,34.9,65.1,"[{""score"": ""1 - 1"", ""pct"": 11.72}, {""score"": ""0 - 1"", ""pct"": 11.63}, {""score"": ""1 - 2"", ""pct"": 9.66}]"
Switzerland,Uzbekistan,Neutral,1.329,1.149,40.5,28.5,31.0,40.4,6.5,8.5,31.3,5.7,7.6,55.4,44.6,"[{""score"": ""1 - 1"", ""pct"": 12.82}, {""score"": ""1 - 0"", ""pct"": 11.82}, {""score"": ""0 - 0"", ""pct"": 9.56}]"
Switzerland,Austria,Neutral,1.436,1.076,45.5,27.2,27.4,43.9,6.8,9.2,27.7,5.2,7.2,59.9,40.1,"[{""score"": ""1 - 1"", ""pct"": 12.64}, {""score"": ""1 - 0"", ""pct"": 12.479999999999999}, {""score"": ""2 - 1"", ""pct"": 9.41}]"
Switzerland,Turkey,Neutral,1.228,1.323,33.8,27.8,38.3,33.8,5.9,7.7,37.8,6.4,8.3,47.5,52.5,"[{""score"": ""1 - 1"", ""pct"": 12.36}, {""score"": ""0 - 1"", ""pct"": 10.59}, {""score"": ""1 - 0"", ""pct"": 9.45}]"
Switzerland,Morocco,Neutral,1.058,1.519,25.5,27.6,47.0,24.9,4.7,5.9,47.7,7.4,9.5,35.5,64.5,"[{""score"": ""1 - 1"", ""pct"": 12.61}, {""score"": ""0 - 1"", ""pct"": 11.78}, {""score"": ""1 - 2"", ""pct"": 9.180000000000001}]"
Switzerland,DR Congo,Neutral,1.42,0.96,46.9,28.5,24.5,47.5,7.3,9.7,24.4,4.3,6.8,64.5,35.5,"[{""score"": ""1 - 0"", ""pct"": 13.74}, {""score"": ""1 - 1"", ""pct"": 12.25}, {""score"": ""0 - 0"", ""pct"": 10.95}]"
Switzerland,Japan,Neutral,1.036,1.5,25.2,26.8,48.0,25.9,5.1,5.9,47.6,6.6,8.9,36.9,63.1,"[{""score"": ""0 - 1"", ""pct"": 12.479999999999999}, {""score"": ""1 - 1"", ""pct"": 12.16}, {""score"": ""1 - 2"", ""pct"": 9.41}]"
Switzerland,Canada,Neutral,1.197,1.172,34.8,29.6,35.5,36.8,6.0,8.4,34.6,5.6,8.6,51.2,48.8,"[{""score"": ""1 - 1"", ""pct"": 13.51}, {""score"": ""0 - 1"", ""pct"": 10.89}, {""score"": ""0 - 0"", ""pct"": 10.81}]"
Switzerland,Argentina,Neutral,0.839,1.766,16.5,24.0,59.5,17.3,3.2,4.5,58.9,7.4,8.8,24.9,75.1,"[{""score"": ""0 - 1"", ""pct"": 13.36}, {""score"": ""0 - 2"", ""pct"": 11.24}, {""score"": ""1 - 1"", ""pct"": 10.47}]"
Switzerland,Tunisia,Neutral,1.578,0.999,50.7,25.9,23.4,50.5,7.4,9.2,23.2,4.5,5.2,67.1,32.9,"[{""score"": ""1 - 1"", ""pct"": 12.19}, {""score"": ""1 - 0"", ""pct"": 12.139999999999999}, {""score"": ""2 - 1"", ""pct"": 9.58}]"
Switzerland,Brazil,Neutral,1.101,1.653,24.5,25.8,49.7,24.2,4.3,5.5,50.1,7.9,8.1,34.0,66.0,"[{""score"": ""1 - 1"", ""pct"": 11.35}, {""score"": ""0 - 1"", ""pct"": 10.979999999999999}, {""score"": ""1 - 2"", ""pct"": 9.959999999999999}]"
Switzerland,Iraq,Neutral,1.52,0.966,50.4,26.4,23.2,49.2,7.3,9.5,23.5,4.4,6.0,66.0,34.0,"[{""score"": ""1 - 0"", ""pct"": 12.839999999999998}, {""score"": ""1 - 1"", ""pct"": 12.02}, {""score"": ""2 - 1"", ""pct"": 9.719999999999999}]"
Switzerland,Sweden,Neutral,1.845,0.968,58.0,23.9,18.1,58.3,7.6,8.0,18.5,3.4,4.2,73.9,26.1,"[{""score"": ""1 - 0"", ""pct"": 11.91}, {""score"": ""1 - 1"", ""pct"": 10.56}, {""score"": ""2 - 0"", ""pct"": 10.290000000000001}]"
Switzerland,Senegal,Neutral,1.297,1.28,36.2,27.5,36.3,36.3,6.4,8.2,35.5,6.1,7.4,50.9,49.1,"[{""score"": ""1 - 1"", ""pct"": 12.58}, {""score"": ""0 - 1"", ""pct"": 10.01}, {""score"": ""1 - 0"", ""pct"": 9.33}]"
Switzerland,Spain,Neutral,0.892,1.774,17.5,24.5,58.0,17.2,3.6,4.4,58.9,7.2,8.6,25.2,74.8,"[{""score"": ""0 - 1"", ""pct"": 12.46}, {""score"": ""1 - 1"", ""pct"": 11.37}, {""score"": ""0 - 2"", ""pct"": 11.01}]"
Switzerland,Paraguay,Neutral,1.285,1.227,37.4,28.3,34.3,36.4,6.7,8.2,34.6,6.1,7.9,51.4,48.6,"[{""score"": ""1 - 1"", ""pct"": 12.709999999999999}, {""score"": ""1 - 0"", ""pct"": 10.61}, {""score"": ""0 - 1"", ""pct"": 10.040000000000001}]"
Switzerland,New Zealand,Neutral,1.743,1.003,54.0,25.0,21.0,54.8,7.8,8.3,20.2,3.7,5.2,70.9,29.1,"[{""score"": ""1 - 0"", ""pct"": 11.74}, {""score"": ""1 - 1"", ""pct"": 11.18}, {""score"": ""2 - 1"", ""pct"": 9.950000000000001}]"
Switzerland,Qatar,Neutral,2.16,0.678,71.9,18.5,9.6,72.0,7.3,7.2,9.3,2.0,2.2,86.5,13.5,"[{""score"": ""1 - 0"", ""pct"": 13.600000000000001}, {""score"": ""2 - 0"", ""pct"": 13.43}, {""score"": ""3 - 0"", ""pct"": 9.2}]"
Switzerland,Norway,Neutral,1.243,1.422,32.5,26.9,40.6,31.5,5.7,7.2,40.7,6.7,8.2,44.4,55.6,"[{""score"": ""1 - 1"", ""pct"": 12.06}, {""score"": ""0 - 1"", ""pct"": 9.969999999999999}, {""score"": ""1 - 0"", ""pct"": 8.48}]"
Switzerland,Bosnia and Herzegovina,Neutral,2.002,0.707,68.2,20.8,11.0,68.2,7.5,8.4,10.5,2.4,3.0,84.0,16.0,"[{""score"": ""1 - 0"", ""pct"": 14.09}, {""score"": ""2 - 0"", ""pct"": 12.920000000000002}, {""score"": ""2 - 1"", ""pct"": 9.74}]"
Switzerland,Curaçao,Neutral,1.947,0.767,65.8,21.8,12.5,65.8,7.3,8.5,12.5,2.5,3.4,81.6,18.4,"[{""score"": ""1 - 0"", ""pct"": 13.569999999999999}, {""score"": ""2 - 0"", ""pct"": 12.709999999999999}, {""score"": ""2 - 1"", ""pct"": 9.42}]"
Switzerland,Belgium,Neutral,1.24,1.308,33.9,28.4,37.7,34.5,5.8,7.5,37.7,6.0,8.4,47.8,52.2,"[{""score"": ""1 - 1"", ""pct"": 12.770000000000001}, {""score"": ""0 - 1"", ""pct"": 10.61}, {""score"": ""1 - 0"", ""pct"": 9.66}]"
Switzerland,Germany,Neutral,1.18,1.418,30.2,27.8,42.0,31.2,5.1,7.2,41.6,6.6,8.2,43.5,56.5,"[{""score"": ""1 - 1"", ""pct"": 12.540000000000001}, {""score"": ""0 - 1"", ""pct"": 11.1}, {""score"": ""1 - 0"", ""pct"": 8.81}]"
Switzerland,Egypt,Neutral,1.406,1.024,45.4,28.3,26.3,45.4,6.7,9.5,26.6,4.8,7.2,61.5,38.5,"[{""score"": ""1 - 1"", ""pct"": 12.520000000000001}, {""score"": ""1 - 0"", ""pct"": 12.27}, {""score"": ""0 - 0"", ""pct"": 10.08}]"
Switzerland,Jordan,Neutral,1.627,1.081,49.7,26.0,24.3,50.3,7.4,8.8,23.5,4.7,5.4,66.5,33.5,"[{""score"": ""1 - 1"", ""pct"": 11.78}, {""score"": ""1 - 0"", ""pct"": 11.3}, {""score"": ""2 - 1"", ""pct"": 9.13}]"
Switzerland,South Africa,Neutral,1.748,0.868,58.5,24.2,17.3,57.9,7.7,9.3,17.3,3.5,4.2,74.9,25.0,"[{""score"": ""1 - 0"", ""pct"": 13.38}, {""score"": ""1 - 1"", ""pct"": 11.24}, {""score"": ""2 - 0"", ""pct"": 10.69}]"
Switzerland,Croatia,Neutral,1.241,1.355,32.6,27.7,39.8,33.4,5.5,7.5,39.7,6.1,7.9,46.3,53.7,"[{""score"": ""1 - 1"", ""pct"": 12.45}, {""score"": ""0 - 1"", ""pct"": 10.4}, {""score"": ""1 - 0"", ""pct"": 9.29}]"
Switzerland,Haiti,Neutral,1.638,1.023,51.0,26.2,22.9,51.7,7.5,8.3,22.8,4.2,5.5,67.6,32.4,"[{""score"": ""1 - 1"", ""pct"": 12.11}, {""score"": ""1 - 0"", ""pct"": 11.16}, {""score"": ""2 - 0"", ""pct"": 9.520000000000001}]"
Switzerland,United States,Neutral,1.514,1.128,45.8,27.3,26.9,45.5,7.0,8.2,27.7,5.0,6.5,60.8,39.2,"[{""score"": ""1 - 1"", ""pct"": 12.0}, {""score"": ""1 - 0"", ""pct"": 10.76}, {""score"": ""2 - 1"", ""pct"": 9.16}]"
Switzerland,Uruguay,Neutral,1.147,1.341,30.6,28.7,40.7,31.5,5.5,7.3,40.2,6.8,8.7,44.2,55.8,"[{""score"": ""1 - 1"", ""pct"": 12.91}, {""score"": ""0 - 1"", ""pct"": 11.28}, {""score"": ""1 - 0"", ""pct"": 9.68}]"
Switzerland,South Korea,Neutral,1.269,1.269,36.5,27.9,35.7,35.2,6.2,8.2,36.8,5.7,7.8,49.6,50.4,"[{""score"": ""1 - 1"", ""pct"": 13.15}, {""score"": ""1 - 0"", ""pct"": 10.549999999999999}, {""score"": ""0 - 1"", ""pct"": 9.78}]"
Switzerland,Australia,Neutral,1.199,1.313,33.0,28.0,39.0,34.1,5.7,7.3,38.2,6.7,8.1,47.0,53.0,"[{""score"": ""1 - 1"", ""pct"": 12.93}, {""score"": ""0 - 1"", ""pct"": 11.25}, {""score"": ""1 - 0"", ""pct"": 10.190000000000001}]"
Switzerland,Czech Republic,Neutral,1.61,1.048,50.0,26.9,23.1,49.7,7.1,9.1,23.9,4.3,5.9,65.9,34.1,"[{""score"": ""1 - 1"", ""pct"": 11.87}, {""score"": ""1 - 0"", ""pct"": 11.43}, {""score"": ""2 - 1"", ""pct"": 9.35}]"
Switzerland,Cape Verde,Neutral,1.82,0.818,62.0,23.1,14.9,61.6,7.1,8.7,15.4,3.3,3.9,77.4,22.6,"[{""score"": ""1 - 0"", ""pct"": 13.950000000000001}, {""score"": ""2 - 0"", ""pct"": 11.77}, {""score"": ""1 - 1"", ""pct"": 10.43}]"
Switzerland,Ghana,Neutral,1.833,0.766,63.2,23.0,13.8,63.7,7.2,9.2,13.5,2.8,3.5,80.1,19.9,"[{""score"": ""1 - 0"", ""pct"": 14.04}, {""score"": ""2 - 0"", ""pct"": 12.540000000000001}, {""score"": ""1 - 1"", ""pct"": 10.07}]"
Switzerland,Netherlands,Neutral,1.151,1.395,29.2,28.5,42.3,30.6,5.3,6.6,42.1,6.8,8.7,42.5,57.5,"[{""score"": ""1 - 1"", ""pct"": 13.28}, {""score"": ""0 - 1"", ""pct"": 11.32}, {""score"": ""0 - 0"", ""pct"": 8.9}]"
Switzerland,Ivory Coast,Neutral,1.461,1.059,46.2,27.9,25.9,46.2,7.2,9.2,26.0,4.9,6.4,62.7,37.4,"[{""score"": ""1 - 1"", ""pct"": 12.68}, {""score"": ""1 - 0"", ""pct"": 12.559999999999999}, {""score"": ""0 - 0"", ""pct"": 9.15}]"
Switzerland,Scotland,Neutral,1.561,1.066,48.9,26.1,25.0,48.5,7.4,9.0,24.1,5.0,6.0,64.9,35.1,"[{""score"": ""1 - 0"", ""pct"": 12.1}, {""score"": ""1 - 1"", ""pct"": 12.09}, {""score"": ""2 - 1"", ""pct"": 9.5}]"
Switzerland,Ecuador,Neutral,1.071,1.427,26.8,29.0,44.2,27.5,5.1,7.0,44.9,6.6,8.9,39.6,60.4,"[{""score"": ""1 - 1"", ""pct"": 13.29}, {""score"": ""0 - 1"", ""pct"": 11.98}, {""score"": ""0 - 0"", ""pct"": 9.48}]"
Switzerland,Iran,Neutral,1.226,1.369,33.5,26.7,39.8,31.8,5.7,7.4,40.2,6.7,8.2,44.9,55.1,"[{""score"": ""1 - 1"", ""pct"": 12.120000000000001}, {""score"": ""0 - 1"", ""pct"": 10.879999999999999}, {""score"": ""1 - 0"", ""pct"": 9.370000000000001}]"
Switzerland,Mexico,Neutral,1.068,1.429,27.7,27.8,44.5,27.5,4.9,6.7,45.3,7.0,8.7,39.0,61.0,"[{""score"": ""1 - 1"", ""pct"": 11.93}, {""score"": ""0 - 1"", ""pct"": 11.73}, {""score"": ""0 - 0"", ""pct"": 9.43}]"
Switzerland,France,Neutral,1.023,1.699,21.2,24.3,54.5,21.7,3.6,5.2,54.1,7.0,8.3,30.6,69.4,"[{""score"": ""0 - 1"", ""pct"": 11.98}, {""score"": ""1 - 1"", ""pct"": 10.81}, {""score"": ""1 - 2"", ""pct"": 10.02}]"
Switzerland,Algeria,Neutral,1.179,1.249,32.9,29.4,37.7,33.8,6.2,8.5,36.2,6.5,8.8,48.5,51.5,"[{""score"": ""1 - 1"", ""pct"": 13.569999999999999}, {""score"": ""0 - 1"", ""pct"": 11.23}, {""score"": ""1 - 0"", ""pct"": 10.059999999999999}]"
Switzerland,Panama,Neutral,1.464,1.182,43.4,26.4,30.3,43.6,6.6,8.7,29.1,5.0,7.0,58.9,41.1,"[{""score"": ""1 - 1"", ""pct"": 12.370000000000001}, {""score"": ""1 - 0"", ""pct"": 10.84}, {""score"": ""2 - 1"", ""pct"": 9.1}]"
Switzerland,Colombia,Neutral,1.099,1.598,25.5,26.1,48.4,24.8,4.7,6.1,48.7,7.3,8.4,35.6,64.4,"[{""score"": ""1 - 1"", ""pct"": 11.81}, {""score"": ""0 - 1"", ""pct"": 11.23}, {""score"": ""1 - 2"", ""pct"": 8.92}]"
Switzerland,Portugal,Neutral,1.108,1.55,27.4,26.4,46.3,25.4,5.1,6.3,47.7,6.7,8.7,36.8,63.2,"[{""score"": ""1 - 1"", ""pct"": 11.959999999999999}, {""score"": ""0 - 1"", ""pct"": 11.200000000000001}, {""score"": ""1 - 2"", ""pct"": 9.44}]"
Germany,Saudi Arabia,Neutral,1.892,0.876,61.8,22.3,15.9,62.4,7.4,7.9,15.6,3.0,3.8,77.7,22.3,"[{""score"": ""1 - 0"", ""pct"": 12.36}, {""score"": ""2 - 0"", ""pct"": 10.280000000000001}, {""score"": ""1 - 1"", ""pct"": 10.24}]"
Germany,England,Neutral,1.057,1.45,26.3,27.9,45.8,25.7,5.4,7.0,45.9,7.0,8.9,38.1,61.9,"[{""score"": ""0 - 1"", ""pct"": 12.690000000000001}, {""score"": ""1 - 1"", ""pct"": 12.53}, {""score"": ""0 - 0"", ""pct"": 9.15}]"
Germany,Uzbekistan,Neutral,1.472,1.03,47.0,27.4,25.6,47.9,7.6,9.1,24.6,4.7,6.1,64.5,35.5,"[{""score"": ""1 - 1"", ""pct"": 12.659999999999998}, {""score"": ""1 - 0"", ""pct"": 12.24}, {""score"": ""2 - 1"", ""pct"": 9.15}]"
Germany,Austria,Neutral,1.464,1.04,46.7,27.6,25.7,46.1,7.0,9.2,25.9,4.9,6.9,62.4,37.6,"[{""score"": ""1 - 1"", ""pct"": 12.42}, {""score"": ""1 - 0"", ""pct"": 11.92}, {""score"": ""2 - 1"", ""pct"": 9.520000000000001}]"
Germany,Turkey,Neutral,1.345,1.182,39.4,27.8,32.9,40.0,6.3,8.3,32.5,5.5,7.5,54.6,45.4,"[{""score"": ""1 - 1"", ""pct"": 12.23}, {""score"": ""1 - 0"", ""pct"": 10.639999999999999}, {""score"": ""0 - 1"", ""pct"": 9.68}]"
Germany,Morocco,Neutral,1.175,1.35,30.9,28.4,40.8,31.4,5.1,7.5,40.8,6.5,8.6,44.0,56.0,"[{""score"": ""1 - 1"", ""pct"": 12.709999999999999}, {""score"": ""0 - 1"", ""pct"": 10.879999999999999}, {""score"": ""1 - 0"", ""pct"": 9.04}]"
Germany,DR Congo,Neutral,1.554,0.926,51.9,26.1,21.9,51.1,7.1,9.5,22.1,4.4,5.8,67.7,32.3,"[{""score"": ""1 - 0"", ""pct"": 13.19}, {""score"": ""1 - 1"", ""pct"": 11.89}, {""score"": ""2 - 1"", ""pct"": 9.62}]"
Germany,Japan,Neutral,1.139,1.34,31.6,27.7,40.7,31.6,5.4,7.2,40.0,6.9,8.8,44.3,55.7,"[{""score"": ""1 - 1"", ""pct"": 12.93}, {""score"": ""0 - 1"", ""pct"": 11.51}, {""score"": ""1 - 0"", ""pct"": 9.49}]"
Germany,Canada,Neutral,1.389,1.035,44.8,27.8,27.5,44.5,7.0,9.3,27.1,5.2,7.0,60.8,39.2,"[{""score"": ""1 - 0"", ""pct"": 12.509999999999998}, {""score"": ""1 - 1"", ""pct"": 12.370000000000001}, {""score"": ""0 - 0"", ""pct"": 9.81}]"
Germany,Argentina,Neutral,1.045,1.72,21.7,25.0,53.4,21.3,4.1,5.1,53.4,7.8,8.3,30.6,69.4,"[{""score"": ""0 - 1"", ""pct"": 11.19}, {""score"": ""1 - 1"", ""pct"": 11.04}, {""score"": ""1 - 2"", ""pct"": 9.46}]"
Germany,Tunisia,Neutral,1.702,0.92,56.5,24.4,19.1,56.2,7.4,9.0,18.8,3.5,5.1,72.6,27.4,"[{""score"": ""1 - 0"", ""pct"": 13.54}, {""score"": ""1 - 1"", ""pct"": 10.95}, {""score"": ""2 - 0"", ""pct"": 10.299999999999999}]"
Germany,Brazil,Neutral,1.15,1.567,27.3,25.6,47.1,26.7,4.9,6.1,47.1,6.9,8.2,37.7,62.3,"[{""score"": ""1 - 1"", ""pct"": 11.72}, {""score"": ""0 - 1"", ""pct"": 10.68}, {""score"": ""1 - 2"", ""pct"": 9.53}]"
Germany,Iraq,Neutral,1.681,0.891,56.4,25.4,18.2,56.6,7.7,9.0,18.1,3.6,5.0,73.3,26.7,"[{""score"": ""1 - 0"", ""pct"": 13.819999999999999}, {""score"": ""1 - 1"", ""pct"": 11.37}, {""score"": ""2 - 0"", ""pct"": 9.629999999999999}]"
Germany,Sweden,Neutral,1.983,0.877,63.7,22.1,14.2,63.5,7.3,7.8,15.1,2.7,3.6,78.6,21.4,"[{""score"": ""1 - 0"", ""pct"": 12.04}, {""score"": ""2 - 0"", ""pct"": 11.53}, {""score"": ""1 - 1"", ""pct"": 10.100000000000001}]"
Germany,Senegal,Neutral,1.393,1.174,42.2,28.1,29.7,41.8,6.7,8.1,30.9,5.2,7.4,56.5,43.5,"[{""score"": ""1 - 1"", ""pct"": 12.379999999999999}, {""score"": ""1 - 0"", ""pct"": 10.76}, {""score"": ""2 - 1"", ""pct"": 8.73}]"
Germany,Spain,Neutral,1.1,1.73,23.0,25.1,52.0,23.5,4.3,5.2,52.2,7.4,7.5,32.9,67.1,"[{""score"": ""1 - 1"", ""pct"": 11.43}, {""score"": ""0 - 1"", ""pct"": 10.059999999999999}, {""score"": ""1 - 2"", ""pct"": 10.059999999999999}]"
Germany,Paraguay,Neutral,1.398,1.098,44.0,27.3,28.7,43.0,6.8,8.8,29.0,5.3,7.1,58.6,41.4,"[{""score"": ""1 - 1"", ""pct"": 12.280000000000001}, {""score"": ""1 - 0"", ""pct"": 11.709999999999999}, {""score"": ""2 - 1"", ""pct"": 9.229999999999999}]"
Germany,New Zealand,Neutral,1.921,0.892,61.9,23.3,14.8,62.7,7.2,8.0,15.2,3.0,3.8,77.9,22.1,"[{""score"": ""1 - 0"", ""pct"": 11.700000000000001}, {""score"": ""2 - 0"", ""pct"": 11.09}, {""score"": ""1 - 1"", ""pct"": 10.18}]"
Germany,Qatar,Neutral,2.448,0.676,77.0,15.9,7.1,76.3,6.9,6.1,7.6,1.4,1.7,89.3,10.7,"[{""score"": ""2 - 0"", ""pct"": 13.38}, {""score"": ""1 - 0"", ""pct"": 11.29}, {""score"": ""3 - 0"", ""pct"": 10.209999999999999}]"
Germany,Norway,Neutral,1.372,1.207,40.0,27.5,32.5,39.6,6.6,8.1,33.0,5.6,7.2,54.2,45.8,"[{""score"": ""1 - 1"", ""pct"": 12.29}, {""score"": ""1 - 0"", ""pct"": 10.05}, {""score"": ""0 - 1"", ""pct"": 9.98}]"
Germany,Bosnia and Herzegovina,Neutral,2.141,0.715,70.7,19.0,10.3,70.8,6.9,7.7,10.0,2.1,2.5,85.4,14.6,"[{""score"": ""2 - 0"", ""pct"": 13.469999999999999}, {""score"": ""1 - 0"", ""pct"": 12.43}, {""score"": ""2 - 1"", ""pct"": 9.520000000000001}]"
Germany,Curaçao,Neutral,2.097,0.738,70.2,19.7,10.2,69.2,7.2,7.5,11.2,2.0,2.9,83.9,16.1,"[{""score"": ""2 - 0"", ""pct"": 13.87}, {""score"": ""1 - 0"", ""pct"": 12.8}, {""score"": ""2 - 1"", ""pct"": 9.17}]"
Germany,Belgium,Neutral,1.363,1.19,39.8,28.6,31.6,39.9,6.6,8.2,31.7,5.7,8.0,54.6,45.4,"[{""score"": ""1 - 1"", ""pct"": 12.85}, {""score"": ""1 - 0"", ""pct"": 10.45}, {""score"": ""0 - 1"", ""pct"": 9.21}]"
Germany,Switzerland,Neutral,1.418,1.18,42.4,27.8,29.8,41.7,6.6,8.7,30.5,5.5,7.0,57.0,43.0,"[{""score"": ""1 - 1"", ""pct"": 12.47}, {""score"": ""1 - 0"", ""pct"": 10.85}, {""score"": ""2 - 1"", ""pct"": 8.75}]"
Germany,Egypt,Neutral,1.545,1.003,50.4,26.8,22.8,49.7,7.3,9.2,23.7,4.3,5.9,66.1,33.9,"[{""score"": ""1 - 0"", ""pct"": 12.280000000000001}, {""score"": ""1 - 1"", ""pct"": 12.25}, {""score"": ""2 - 1"", ""pct"": 9.58}]"
Germany,Jordan,Neutral,1.795,1.047,54.9,24.4,20.7,55.1,7.4,8.4,21.0,3.6,4.6,70.8,29.1,"[{""score"": ""1 - 1"", ""pct"": 10.92}, {""score"": ""1 - 0"", ""pct"": 10.54}, {""score"": ""2 - 1"", ""pct"": 10.05}]"
Germany,South Africa,Neutral,1.871,0.743,64.7,21.7,13.6,64.6,8.0,8.7,12.4,2.7,3.6,81.2,18.8,"[{""score"": ""1 - 0"", ""pct"": 14.680000000000001}, {""score"": ""2 - 0"", ""pct"": 12.91}, {""score"": ""1 - 1"", ""pct"": 9.54}]"
Germany,Croatia,Neutral,1.381,1.2,40.0,28.3,31.7,40.2,6.9,8.6,31.6,5.6,7.1,55.7,44.3,"[{""score"": ""1 - 1"", ""pct"": 13.08}, {""score"": ""1 - 0"", ""pct"": 10.57}, {""score"": ""0 - 1"", ""pct"": 9.139999999999999}]"
Germany,Haiti,Neutral,1.778,0.946,56.9,24.3,18.8,57.1,7.8,8.6,18.2,3.5,4.9,73.5,26.5,"[{""score"": ""1 - 0"", ""pct"": 12.33}, {""score"": ""1 - 1"", ""pct"": 10.82}, {""score"": ""2 - 0"", ""pct"": 10.32}]"
Germany,United States,Neutral,1.685,1.06,52.1,25.6,22.3,51.0,7.5,8.4,23.5,4.0,5.6,66.9,33.1,"[{""score"": ""1 - 1"", ""pct"": 11.34}, {""score"": ""1 - 0"", ""pct"": 11.129999999999999}, {""score"": ""2 - 1"", ""pct"": 10.03}]"
Germany,Uruguay,Neutral,1.272,1.185,37.7,28.9,33.4,37.9,6.2,8.7,33.3,5.8,8.1,52.8,47.2,"[{""score"": ""1 - 1"", ""pct"": 12.94}, {""score"": ""1 - 0"", ""pct"": 10.59}, {""score"": ""0 - 1"", ""pct"": 10.43}]"
Germany,South Korea,Neutral,1.374,1.165,41.5,27.3,31.2,41.0,6.5,8.8,30.9,5.4,7.5,56.2,43.8,"[{""score"": ""1 - 1"", ""pct"": 12.370000000000001}, {""score"": ""1 - 0"", ""pct"": 11.1}, {""score"": ""0 - 1"", ""pct"": 9.21}]"
Germany,Australia,Neutral,1.34,1.159,39.8,28.4,31.8,40.3,6.7,8.9,31.0,5.6,7.6,55.9,44.2,"[{""score"": ""1 - 1"", ""pct"": 12.65}, {""score"": ""1 - 0"", ""pct"": 10.66}, {""score"": ""0 - 1"", ""pct"": 9.8}]"
Germany,Czech Republic,Neutral,1.833,0.965,57.8,23.7,18.5,58.6,7.2,8.4,18.4,3.4,4.1,74.2,25.8,"[{""score"": ""1 - 0"", ""pct"": 12.04}, {""score"": ""1 - 1"", ""pct"": 10.42}, {""score"": ""2 - 1"", ""pct"": 10.23}]"
Germany,Cape Verde,Neutral,1.981,0.759,66.4,21.8,11.8,66.7,7.4,8.2,12.2,2.4,3.1,82.3,17.6,"[{""score"": ""1 - 0"", ""pct"": 13.819999999999999}, {""score"": ""2 - 0"", ""pct"": 12.23}, {""score"": ""2 - 1"", ""pct"": 9.719999999999999}]"
Germany,Ghana,Neutral,2.014,0.71,68.3,20.8,10.9,67.8,7.5,8.7,10.7,2.4,2.8,84.0,16.0,"[{""score"": ""1 - 0"", ""pct"": 13.750000000000002}, {""score"": ""2 - 0"", ""pct"": 13.03}, {""score"": ""2 - 1"", ""pct"": 9.59}]"
Germany,Netherlands,Neutral,1.263,1.239,36.9,28.6,34.4,37.0,5.8,8.3,35.1,6.0,7.8,51.1,48.9,"[{""score"": ""1 - 1"", ""pct"": 13.28}, {""score"": ""1 - 0"", ""pct"": 10.59}, {""score"": ""0 - 1"", ""pct"": 9.93}]"
Germany,Ivory Coast,Neutral,1.569,1.034,49.1,27.1,23.8,49.5,7.1,9.2,23.9,4.6,5.7,65.8,34.2,"[{""score"": ""1 - 1"", ""pct"": 12.36}, {""score"": ""1 - 0"", ""pct"": 11.84}, {""score"": ""2 - 1"", ""pct"": 9.73}]"
Germany,Scotland,Neutral,1.737,1.044,53.2,25.3,21.5,53.3,7.5,8.6,21.3,4.2,5.1,69.4,30.6,"[{""score"": ""1 - 1"", ""pct"": 11.25}, {""score"": ""1 - 0"", ""pct"": 10.89}, {""score"": ""2 - 1"", ""pct"": 9.89}]"
Germany,Ecuador,Neutral,1.174,1.267,32.3,29.1,38.6,33.5,5.6,8.4,37.7,6.0,8.7,47.6,52.4,"[{""score"": ""1 - 1"", ""pct"": 12.989999999999998}, {""score"": ""0 - 1"", ""pct"": 11.42}, {""score"": ""1 - 0"", ""pct"": 10.32}]"
Germany,Iran,Neutral,1.33,1.179,39.6,28.2,32.2,38.9,6.7,8.6,33.3,5.2,7.3,54.2,45.8,"[{""score"": ""1 - 1"", ""pct"": 13.059999999999999}, {""score"": ""1 - 0"", ""pct"": 10.52}, {""score"": ""0 - 1"", ""pct"": 9.15}]"
Germany,Mexico,Neutral,1.169,1.221,33.2,29.0,37.7,34.3,6.0,8.2,36.2,6.2,9.1,48.5,51.5,"[{""score"": ""1 - 1"", ""pct"": 13.07}, {""score"": ""0 - 1"", ""pct"": 11.600000000000001}, {""score"": ""1 - 0"", ""pct"": 10.440000000000001}]"
Germany,France,Neutral,1.161,1.539,27.6,26.7,45.7,27.5,5.1,6.5,45.8,6.7,8.5,39.1,60.9,"[{""score"": ""1 - 1"", ""pct"": 12.09}, {""score"": ""0 - 1"", ""pct"": 10.4}, {""score"": ""1 - 2"", ""pct"": 9.07}]"
Germany,Algeria,Neutral,1.362,1.095,42.6,28.2,29.2,42.2,6.5,9.3,29.8,5.2,7.0,58.0,42.0,"[{""score"": ""1 - 1"", ""pct"": 12.43}, {""score"": ""1 - 0"", ""pct"": 11.21}, {""score"": ""0 - 0"", ""pct"": 9.9}]"
Germany,Panama,Neutral,1.653,1.072,50.5,25.5,24.0,51.6,7.3,8.2,23.2,4.2,5.5,67.1,32.9,"[{""score"": ""1 - 0"", ""pct"": 11.42}, {""score"": ""1 - 1"", ""pct"": 11.34}, {""score"": ""2 - 1"", ""pct"": 9.969999999999999}]"
Germany,Colombia,Neutral,1.148,1.505,27.9,26.6,45.5,28.5,4.7,6.4,45.5,6.9,8.1,39.5,60.5,"[{""score"": ""1 - 1"", ""pct"": 12.27}, {""score"": ""0 - 1"", ""pct"": 10.89}, {""score"": ""1 - 2"", ""pct"": 9.17}]"
Germany,Portugal,Neutral,1.19,1.405,30.4,27.6,42.0,31.1,5.7,7.0,41.3,6.4,8.5,43.8,56.2,"[{""score"": ""1 - 1"", ""pct"": 12.04}, {""score"": ""0 - 1"", ""pct"": 11.01}, {""score"": ""1 - 0"", ""pct"": 9.06}]"
Egypt,Saudi Arabia,Neutral,1.461,0.964,47.8,28.1,24.1,48.4,7.8,9.7,23.3,4.4,6.4,65.9,34.1,"[{""score"": ""1 - 0"", ""pct"": 13.34}, {""score"": ""1 - 1"", ""pct"": 12.76}, {""score"": ""0 - 0"", ""pct"": 9.82}]"
Egypt,England,Neutral,0.759,1.584,17.3,25.7,56.9,16.7,3.3,5.0,57.2,8.0,9.8,25.0,75.0,"[{""score"": ""0 - 1"", ""pct"": 15.55}, {""score"": ""0 - 2"", ""pct"": 11.33}, {""score"": ""1 - 1"", ""pct"": 11.23}]"
Egypt,Uzbekistan,Neutral,1.011,1.3,27.7,29.3,43.0,27.7,5.2,7.3,43.4,7.0,9.4,40.2,59.8,"[{""score"": ""1 - 1"", ""pct"": 12.97}, {""score"": ""0 - 1"", ""pct"": 12.6}, {""score"": ""0 - 0"", ""pct"": 11.12}]"
Egypt,Austria,Neutral,1.05,1.222,30.8,29.1,40.1,30.3,5.7,8.0,39.4,6.8,9.8,44.0,56.0,"[{""score"": ""1 - 1"", ""pct"": 12.57}, {""score"": ""0 - 1"", ""pct"": 12.479999999999999}, {""score"": ""0 - 0"", ""pct"": 11.72}]"
Egypt,Turkey,Neutral,0.998,1.419,25.5,27.1,47.4,25.6,4.7,6.8,46.8,6.8,9.3,37.1,62.9,"[{""score"": ""0 - 1"", ""pct"": 12.740000000000002}, {""score"": ""1 - 1"", ""pct"": 12.0}, {""score"": ""0 - 0"", ""pct"": 9.879999999999999}]"
Egypt,Morocco,Neutral,0.878,1.581,20.1,25.7,54.2,19.7,3.5,5.3,54.4,7.6,9.6,28.4,71.6,"[{""score"": ""0 - 1"", ""pct"": 13.58}, {""score"": ""1 - 1"", ""pct"": 11.19}, {""score"": ""0 - 2"", ""pct"": 10.58}]"
Egypt,DR Congo,Neutral,1.084,1.011,36.2,31.6,32.3,36.7,6.2,10.0,31.5,6.2,9.4,52.9,47.1,"[{""score"": ""1 - 1"", ""pct"": 13.61}, {""score"": ""1 - 0"", ""pct"": 13.530000000000001}, {""score"": ""0 - 0"", ""pct"": 13.469999999999999}]"
Egypt,Japan,Neutral,0.874,1.577,19.6,26.7,53.7,19.3,4.0,5.4,54.1,7.5,9.7,28.7,71.3,"[{""score"": ""0 - 1"", ""pct"": 14.02}, {""score"": ""1 - 1"", ""pct"": 11.29}, {""score"": ""0 - 2"", ""pct"": 10.190000000000001}]"
Egypt,Canada,Neutral,0.954,1.313,24.9,29.9,45.2,26.0,4.8,7.4,44.7,6.9,10.1,38.2,61.8,"[{""score"": ""0 - 1"", ""pct"": 13.87}, {""score"": ""1 - 1"", ""pct"": 12.889999999999999}, {""score"": ""0 - 0"", ""pct"": 12.08}]"
Egypt,Argentina,Neutral,0.701,1.783,12.6,24.1,63.2,12.7,2.8,3.7,63.7,7.7,9.4,19.2,80.8,"[{""score"": ""0 - 1"", ""pct"": 15.18}, {""score"": ""0 - 2"", ""pct"": 12.879999999999999}, {""score"": ""1 - 1"", ""pct"": 10.040000000000001}]"
Egypt,Tunisia,Neutral,1.226,1.024,40.8,30.0,29.2,40.5,6.3,9.8,29.6,5.3,8.4,56.6,43.4,"[{""score"": ""1 - 1"", ""pct"": 13.48}, {""score"": ""1 - 0"", ""pct"": 13.13}, {""score"": ""0 - 0"", ""pct"": 11.61}]"
Egypt,Brazil,Neutral,0.867,1.642,18.3,25.5,56.3,18.9,3.5,5.0,55.9,7.7,9.0,27.4,72.6,"[{""score"": ""0 - 1"", ""pct"": 14.17}, {""score"": ""1 - 1"", ""pct"": 11.21}, {""score"": ""0 - 2"", ""pct"": 10.83}]"
Egypt,Iraq,Neutral,1.205,1.015,39.2,29.9,30.9,39.5,6.3,9.9,30.3,5.2,8.8,55.7,44.3,"[{""score"": ""1 - 1"", ""pct"": 12.920000000000002}, {""score"": ""1 - 0"", ""pct"": 12.25}, {""score"": ""0 - 0"", ""pct"": 11.93}]"
Egypt,Sweden,Neutral,1.515,1.017,48.7,27.0,24.3,49.0,7.3,8.8,24.5,4.5,6.0,65.1,34.9,"[{""score"": ""1 - 0"", ""pct"": 12.41}, {""score"": ""1 - 1"", ""pct"": 11.95}, {""score"": ""2 - 1"", ""pct"": 9.9}]"
Egypt,Senegal,Neutral,1.036,1.393,27.1,28.7,44.2,27.4,5.1,7.1,44.4,6.7,9.4,39.6,60.5,"[{""score"": ""0 - 1"", ""pct"": 12.73}, {""score"": ""1 - 1"", ""pct"": 12.629999999999999}, {""score"": ""0 - 0"", ""pct"": 10.03}]"
Egypt,Spain,Neutral,0.76,1.804,15.0,23.4,61.7,14.3,2.7,4.2,61.9,7.6,9.4,21.1,78.9,"[{""score"": ""0 - 1"", ""pct"": 13.43}, {""score"": ""0 - 2"", ""pct"": 12.64}, {""score"": ""1 - 1"", ""pct"": 10.4}]"
Egypt,Paraguay,Neutral,1.036,1.33,28.5,28.7,42.8,27.9,5.3,7.2,42.8,6.8,10.0,40.4,59.7,"[{""score"": ""1 - 1"", ""pct"": 12.68}, {""score"": ""0 - 1"", ""pct"": 12.17}, {""score"": ""0 - 0"", ""pct"": 10.440000000000001}]"
Egypt,New Zealand,Neutral,1.401,0.998,45.4,28.6,25.9,46.4,7.1,9.4,26.3,4.1,6.8,62.8,37.1,"[{""score"": ""1 - 1"", ""pct"": 12.65}, {""score"": ""1 - 0"", ""pct"": 12.590000000000002}, {""score"": ""0 - 0"", ""pct"": 10.32}]"
Egypt,Qatar,Neutral,1.824,0.825,61.2,23.5,15.3,61.5,8.0,8.3,15.2,3.1,3.9,77.8,22.2,"[{""score"": ""1 - 0"", ""pct"": 13.51}, {""score"": ""2 - 0"", ""pct"": 12.07}, {""score"": ""1 - 1"", ""pct"": 10.8}]"
Egypt,Norway,Neutral,1.005,1.439,24.8,28.6,46.6,25.5,4.6,6.4,46.7,7.3,9.6,36.5,63.5,"[{""score"": ""1 - 1"", ""pct"": 13.62}, {""score"": ""0 - 1"", ""pct"": 12.97}, {""score"": ""1 - 2"", ""pct"": 9.49}]"
Egypt,Bosnia and Herzegovina,Neutral,1.668,0.898,56.5,24.6,18.9,55.8,7.1,8.9,20.1,3.7,4.5,71.8,28.2,"[{""score"": ""1 - 0"", ""pct"": 13.15}, {""score"": ""1 - 1"", ""pct"": 11.48}, {""score"": ""2 - 0"", ""pct"": 11.110000000000001}]"
Egypt,Curaçao,Neutral,1.699,0.929,55.5,24.7,19.9,55.9,7.2,8.6,19.7,3.7,4.9,71.8,28.2,"[{""score"": ""1 - 0"", ""pct"": 12.78}, {""score"": ""1 - 1"", ""pct"": 11.29}, {""score"": ""2 - 0"", ""pct"": 10.01}]"
Egypt,Belgium,Neutral,1.001,1.397,25.7,28.8,45.5,25.8,4.5,7.0,45.9,6.9,10.1,37.2,62.8,"[{""score"": ""1 - 1"", ""pct"": 13.16}, {""score"": ""0 - 1"", ""pct"": 12.78}, {""score"": ""0 - 0"", ""pct"": 10.100000000000001}]"
Egypt,Switzerland,Neutral,1.024,1.406,26.3,28.7,45.0,26.5,5.0,7.0,44.9,6.9,9.7,38.5,61.5,"[{""score"": ""1 - 1"", ""pct"": 13.139999999999999}, {""score"": ""0 - 1"", ""pct"": 12.19}, {""score"": ""0 - 0"", ""pct"": 9.700000000000001}]"
Egypt,Germany,Neutral,1.003,1.545,23.5,26.0,50.5,24.2,4.5,5.8,49.5,7.0,8.9,34.5,65.5,"[{""score"": ""0 - 1"", ""pct"": 12.82}, {""score"": ""1 - 1"", ""pct"": 11.87}, {""score"": ""1 - 2"", ""pct"": 9.68}]"
Egypt,Jordan,Neutral,1.297,1.223,37.9,28.2,33.9,36.9,6.3,8.1,35.2,5.7,7.8,51.3,48.7,"[{""score"": ""1 - 1"", ""pct"": 13.04}, {""score"": ""1 - 0"", ""pct"": 10.870000000000001}, {""score"": ""0 - 1"", ""pct"": 9.9}]"
Egypt,South Africa,Neutral,1.428,0.931,48.4,28.2,23.4,47.6,7.3,10.3,24.0,4.1,6.6,65.2,34.8,"[{""score"": ""1 - 0"", ""pct"": 14.399999999999999}, {""score"": ""1 - 1"", ""pct"": 12.49}, {""score"": ""0 - 0"", ""pct"": 10.639999999999999}]"
Egypt,Croatia,Neutral,1.043,1.48,26.6,27.3,46.0,25.3,4.3,6.3,48.1,6.6,9.3,36.0,64.0,"[{""score"": ""1 - 1"", ""pct"": 12.379999999999999}, {""score"": ""0 - 1"", ""pct"": 12.02}, {""score"": ""1 - 2"", ""pct"": 9.15}]"
Egypt,Haiti,Neutral,1.256,1.061,39.5,30.2,30.3,40.4,6.8,9.5,29.5,5.7,8.1,56.7,43.3,"[{""score"": ""1 - 1"", ""pct"": 13.34}, {""score"": ""1 - 0"", ""pct"": 12.120000000000001}, {""score"": ""0 - 0"", ""pct"": 11.3}]"
Egypt,United States,Neutral,1.162,1.244,34.0,29.0,36.9,33.1,5.9,8.0,37.9,6.6,8.5,47.0,53.0,"[{""score"": ""1 - 1"", ""pct"": 13.22}, {""score"": ""0 - 1"", ""pct"": 10.74}, {""score"": ""1 - 0"", ""pct"": 10.549999999999999}]"
Egypt,Uruguay,Neutral,1.011,1.435,25.4,28.4,46.3,26.0,4.8,6.6,46.2,7.0,9.3,37.5,62.5,"[{""score"": ""1 - 1"", ""pct"": 12.620000000000001}, {""score"": ""0 - 1"", ""pct"": 12.6}, {""score"": ""0 - 0"", ""pct"": 9.89}]"
Egypt,South Korea,Neutral,1.018,1.4,26.7,28.2,45.2,26.4,5.0,6.9,45.1,7.2,9.5,38.2,61.8,"[{""score"": ""1 - 1"", ""pct"": 12.47}, {""score"": ""0 - 1"", ""pct"": 12.3}, {""score"": ""0 - 0"", ""pct"": 9.84}]"
Egypt,Australia,Neutral,0.997,1.41,25.5,28.0,46.5,26.3,4.7,6.9,45.4,7.2,9.6,37.8,62.1,"[{""score"": ""1 - 1"", ""pct"": 12.78}, {""score"": ""0 - 1"", ""pct"": 12.740000000000002}, {""score"": ""0 - 0"", ""pct"": 10.05}]"
Egypt,Czech Republic,Neutral,1.302,1.092,41.0,29.2,29.8,41.6,6.6,8.6,30.0,5.3,7.9,56.8,43.2,"[{""score"": ""1 - 1"", ""pct"": 13.01}, {""score"": ""1 - 0"", ""pct"": 11.98}, {""score"": ""0 - 0"", ""pct"": 10.32}]"
Egypt,Cape Verde,Neutral,1.518,0.936,50.9,28.1,21.0,50.0,7.3,10.0,22.3,4.2,6.2,67.3,32.7,"[{""score"": ""1 - 0"", ""pct"": 13.76}, {""score"": ""1 - 1"", ""pct"": 12.67}, {""score"": ""0 - 0"", ""pct"": 9.99}]"
Egypt,Ghana,Neutral,1.578,0.901,53.3,26.2,20.5,52.8,8.0,9.5,20.8,3.8,5.1,70.3,29.7,"[{""score"": ""1 - 0"", ""pct"": 13.239999999999998}, {""score"": ""1 - 1"", ""pct"": 11.42}, {""score"": ""2 - 0"", ""pct"": 10.71}]"
Egypt,Netherlands,Neutral,0.994,1.508,24.1,27.3,48.7,23.7,4.6,6.1,48.8,7.5,9.3,34.4,65.6,"[{""score"": ""0 - 1"", ""pct"": 12.770000000000001}, {""score"": ""1 - 1"", ""pct"": 12.25}, {""score"": ""0 - 2"", ""pct"": 9.16}]"
Egypt,Ivory Coast,Neutral,1.083,1.194,31.9,29.8,38.2,31.7,5.5,8.6,37.8,6.5,9.9,45.8,54.2,"[{""score"": ""1 - 1"", ""pct"": 13.4}, {""score"": ""0 - 1"", ""pct"": 12.58}, {""score"": ""0 - 0"", ""pct"": 11.27}]"
Egypt,Scotland,Neutral,1.182,1.218,34.3,28.4,37.3,34.3,5.9,9.0,36.0,5.8,9.0,49.2,50.8,"[{""score"": ""1 - 1"", ""pct"": 13.350000000000001}, {""score"": ""0 - 1"", ""pct"": 11.700000000000001}, {""score"": ""1 - 0"", ""pct"": 11.08}]"
Egypt,Ecuador,Neutral,0.899,1.484,21.0,28.3,50.6,22.1,4.1,5.9,50.8,7.2,9.8,32.1,67.9,"[{""score"": ""0 - 1"", ""pct"": 14.2}, {""score"": ""1 - 1"", ""pct"": 12.25}, {""score"": ""0 - 0"", ""pct"": 10.71}]"
Egypt,Iran,Neutral,0.998,1.442,24.6,27.6,47.8,25.9,4.7,6.5,46.7,6.8,9.4,37.1,62.9,"[{""score"": ""0 - 1"", ""pct"": 13.18}, {""score"": ""1 - 1"", ""pct"": 12.7}, {""score"": ""0 - 0"", ""pct"": 9.33}]"
Egypt,Mexico,Neutral,0.891,1.471,21.6,28.4,50.0,22.4,4.0,6.1,50.2,7.4,9.9,32.5,67.5,"[{""score"": ""0 - 1"", ""pct"": 14.34}, {""score"": ""1 - 1"", ""pct"": 12.25}, {""score"": ""0 - 0"", ""pct"": 10.81}]"
Egypt,France,Neutral,0.773,1.625,16.8,25.7,57.6,16.8,3.2,4.9,57.2,7.6,10.3,24.9,75.2,"[{""score"": ""0 - 1"", ""pct"": 15.02}, {""score"": ""0 - 2"", ""pct"": 11.76}, {""score"": ""1 - 1"", ""pct"": 11.39}]"
Egypt,Algeria,Neutral,0.948,1.384,25.2,28.7,46.1,24.2,4.7,7.1,46.5,7.3,10.1,36.1,63.9,"[{""score"": ""0 - 1"", ""pct"": 14.180000000000001}, {""score"": ""1 - 1"", ""pct"": 12.43}, {""score"": ""0 - 0"", ""pct"": 10.73}]"
Egypt,Panama,Neutral,1.109,1.375,29.2,28.9,41.9,29.2,5.2,7.3,42.4,6.7,9.2,41.7,58.3,"[{""score"": ""1 - 1"", ""pct"": 12.770000000000001}, {""score"": ""0 - 1"", ""pct"": 10.99}, {""score"": ""0 - 0"", ""pct"": 9.68}]"
Egypt,Colombia,Neutral,0.842,1.598,18.8,25.6,55.5,18.6,3.7,5.1,54.9,7.6,10.0,27.4,72.6,"[{""score"": ""0 - 1"", ""pct"": 14.360000000000001}, {""score"": ""1 - 1"", ""pct"": 11.28}, {""score"": ""0 - 2"", ""pct"": 10.89}]"
Egypt,Portugal,Neutral,0.909,1.588,19.7,26.5,53.8,20.5,3.6,5.5,53.7,7.5,9.2,29.6,70.4,"[{""score"": ""0 - 1"", ""pct"": 13.170000000000002}, {""score"": ""1 - 1"", ""pct"": 12.0}, {""score"": ""0 - 2"", ""pct"": 10.489999999999998}]"
Jordan,Saudi Arabia,Neutral,1.54,1.196,45.0,26.6,28.4,44.2,7.3,8.2,28.6,5.5,6.1,59.8,40.2,"[{""score"": ""1 - 1"", ""pct"": 12.11}, {""score"": ""1 - 0"", ""pct"": 10.209999999999999}, {""score"": ""2 - 1"", ""pct"": 9.610000000000001}]"
Jordan,England,Neutral,0.925,1.855,16.9,23.3,59.8,17.1,3.8,4.2,59.4,7.3,8.2,25.1,74.9,"[{""score"": ""0 - 1"", ""pct"": 11.53}, {""score"": ""0 - 2"", ""pct"": 10.92}, {""score"": ""1 - 1"", ""pct"": 10.299999999999999}]"
Jordan,Uzbekistan,Neutral,1.121,1.406,29.3,28.1,42.6,28.0,5.3,7.3,43.4,7.0,9.0,40.6,59.4,"[{""score"": ""1 - 1"", ""pct"": 12.75}, {""score"": ""0 - 1"", ""pct"": 10.95}, {""score"": ""0 - 0"", ""pct"": 9.030000000000001}]"
Jordan,Austria,Neutral,1.154,1.364,30.8,27.9,41.3,30.2,5.6,7.4,41.6,6.9,8.4,43.2,56.8,"[{""score"": ""1 - 1"", ""pct"": 12.709999999999999}, {""score"": ""0 - 1"", ""pct"": 11.42}, {""score"": ""1 - 0"", ""pct"": 9.48}]"
Jordan,Turkey,Neutral,1.041,1.603,23.3,25.8,50.9,22.8,4.3,5.8,50.6,7.5,9.0,32.9,67.1,"[{""score"": ""0 - 1"", ""pct"": 12.17}, {""score"": ""1 - 1"", ""pct"": 11.91}, {""score"": ""1 - 2"", ""pct"": 10.16}]"
Jordan,Morocco,Neutral,0.938,1.852,17.6,23.5,59.0,17.6,3.4,4.3,59.0,7.7,8.1,25.3,74.7,"[{""score"": ""0 - 1"", ""pct"": 11.52}, {""score"": ""1 - 1"", ""pct"": 10.51}, {""score"": ""0 - 2"", ""pct"": 10.34}]"
Jordan,DR Congo,Neutral,1.249,1.112,38.7,29.9,31.4,39.9,6.1,8.9,31.5,5.7,8.0,54.8,45.2,"[{""score"": ""1 - 1"", ""pct"": 13.270000000000001}, {""score"": ""1 - 0"", ""pct"": 12.15}, {""score"": ""0 - 0"", ""pct"": 10.81}]"
Jordan,Japan,Neutral,0.95,1.778,19.0,24.3,56.7,18.7,3.4,4.7,57.4,7.3,8.4,26.9,73.2,"[{""score"": ""0 - 1"", ""pct"": 11.540000000000001}, {""score"": ""1 - 1"", ""pct"": 10.85}, {""score"": ""1 - 2"", ""pct"": 10.43}]"
Jordan,Canada,Neutral,1.035,1.534,25.4,26.4,48.2,24.8,4.5,6.3,48.2,7.2,9.1,35.6,64.4,"[{""score"": ""0 - 1"", ""pct"": 12.4}, {""score"": ""1 - 1"", ""pct"": 12.06}, {""score"": ""1 - 2"", ""pct"": 9.28}]"
Jordan,Argentina,Neutral,0.81,2.075,12.0,20.7,67.3,12.4,2.3,3.0,67.0,7.5,7.7,17.8,82.2,"[{""score"": ""0 - 2"", ""pct"": 12.590000000000002}, {""score"": ""0 - 1"", ""pct"": 12.26}, {""score"": ""1 - 1"", ""pct"": 9.700000000000001}]"
Jordan,Tunisia,Neutral,1.422,1.2,41.1,27.6,31.4,42.1,6.7,8.0,31.4,5.2,6.6,56.8,43.2,"[{""score"": ""1 - 1"", ""pct"": 12.44}, {""score"": ""1 - 0"", ""pct"": 10.57}, {""score"": ""0 - 1"", ""pct"": 8.89}]"
Jordan,Brazil,Neutral,0.996,2.003,17.3,21.6,61.1,17.1,3.4,4.0,60.2,7.4,8.0,24.4,75.6,"[{""score"": ""0 - 1"", ""pct"": 10.68}, {""score"": ""0 - 2"", ""pct"": 10.4}, {""score"": ""1 - 2"", ""pct"": 9.89}]"
Jordan,Iraq,Neutral,1.307,1.184,39.7,28.1,32.2,38.6,6.7,8.4,33.1,5.7,7.5,53.7,46.3,"[{""score"": ""1 - 1"", ""pct"": 12.770000000000001}, {""score"": ""1 - 0"", ""pct"": 10.69}, {""score"": ""0 - 1"", ""pct"": 10.190000000000001}]"
Jordan,Sweden,Neutral,1.605,1.252,45.5,25.9,28.6,44.7,6.5,8.1,29.4,5.1,6.3,59.3,40.7,"[{""score"": ""1 - 1"", ""pct"": 11.88}, {""score"": ""2 - 1"", ""pct"": 9.66}, {""score"": ""1 - 0"", ""pct"": 9.229999999999999}]"
Jordan,Senegal,Neutral,1.074,1.592,24.3,26.7,49.0,24.1,4.6,5.9,50.0,6.9,8.4,34.7,65.3,"[{""score"": ""1 - 1"", ""pct"": 11.58}, {""score"": ""0 - 1"", ""pct"": 11.25}, {""score"": ""1 - 2"", ""pct"": 9.84}]"
Jordan,Spain,Neutral,0.851,1.985,14.5,21.2,64.3,14.2,3.0,3.3,64.4,7.5,7.6,20.5,79.5,"[{""score"": ""0 - 1"", ""pct"": 12.23}, {""score"": ""0 - 2"", ""pct"": 11.21}, {""score"": ""1 - 2"", ""pct"": 10.07}]"
Jordan,Paraguay,Neutral,1.092,1.544,25.7,26.7,47.6,25.5,5.2,5.9,47.3,7.1,9.0,36.5,63.5,"[{""score"": ""1 - 1"", ""pct"": 11.65}, {""score"": ""0 - 1"", ""pct"": 11.4}, {""score"": ""1 - 2"", ""pct"": 9.01}]"
Jordan,New Zealand,Neutral,1.541,1.232,44.9,25.8,29.4,43.7,6.8,7.7,30.2,5.1,6.4,58.2,41.8,"[{""score"": ""1 - 1"", ""pct"": 11.52}, {""score"": ""1 - 0"", ""pct"": 9.99}, {""score"": ""2 - 1"", ""pct"": 9.8}]"
Jordan,Qatar,Neutral,1.95,0.969,60.3,22.4,17.3,60.9,7.6,7.8,16.7,3.2,3.9,76.2,23.8,"[{""score"": ""1 - 0"", ""pct"": 11.27}, {""score"": ""2 - 1"", ""pct"": 10.36}, {""score"": ""1 - 1"", ""pct"": 9.78}]"
Jordan,Norway,Neutral,1.068,1.641,23.4,25.7,50.9,24.5,4.2,5.7,50.3,7.1,8.3,34.3,65.7,"[{""score"": ""1 - 1"", ""pct"": 11.559999999999999}, {""score"": ""0 - 1"", ""pct"": 11.32}, {""score"": ""1 - 2"", ""pct"": 9.3}]"
Jordan,Bosnia and Herzegovina,Neutral,1.855,1.09,55.0,24.6,20.4,55.4,7.1,7.8,20.9,3.9,4.9,70.3,29.7,"[{""score"": ""1 - 1"", ""pct"": 11.07}, {""score"": ""1 - 0"", ""pct"": 10.2}, {""score"": ""2 - 1"", ""pct"": 10.14}]"
Jordan,Curaçao,Neutral,1.814,1.147,53.4,24.4,22.2,52.8,7.4,7.2,23.3,4.1,5.1,67.5,32.5,"[{""score"": ""1 - 1"", ""pct"": 10.69}, {""score"": ""2 - 1"", ""pct"": 10.040000000000001}, {""score"": ""1 - 0"", ""pct"": 9.55}]"
Jordan,Belgium,Neutral,1.042,1.63,22.6,26.3,51.1,23.5,4.6,5.6,50.6,6.9,8.7,33.7,66.3,"[{""score"": ""1 - 1"", ""pct"": 11.65}, {""score"": ""0 - 1"", ""pct"": 11.19}, {""score"": ""1 - 2"", ""pct"": 10.39}]"
Jordan,Switzerland,Neutral,1.081,1.627,24.7,25.1,50.2,23.9,4.6,5.5,50.2,7.1,8.7,34.0,66.0,"[{""score"": ""1 - 1"", ""pct"": 11.600000000000001}, {""score"": ""0 - 1"", ""pct"": 11.59}, {""score"": ""1 - 2"", ""pct"": 9.65}]"
Jordan,Germany,Neutral,1.047,1.795,20.6,23.8,55.6,21.4,3.7,5.0,54.3,7.3,8.3,30.1,69.9,"[{""score"": ""0 - 1"", ""pct"": 11.04}, {""score"": ""1 - 1"", ""pct"": 10.84}, {""score"": ""1 - 2"", ""pct"": 10.32}]"
Jordan,Egypt,Neutral,1.223,1.297,33.8,28.1,38.1,33.8,5.7,7.7,37.9,6.2,8.8,47.2,52.8,"[{""score"": ""1 - 1"", ""pct"": 12.93}, {""score"": ""0 - 1"", ""pct"": 10.22}, {""score"": ""1 - 0"", ""pct"": 10.11}]"
Jordan,South Africa,Neutral,1.617,1.185,46.9,25.6,27.5,47.4,6.9,7.9,26.9,4.9,6.0,62.2,37.8,"[{""score"": ""1 - 1"", ""pct"": 11.32}, {""score"": ""1 - 0"", ""pct"": 9.84}, {""score"": ""2 - 1"", ""pct"": 9.1}]"
Jordan,Croatia,Neutral,1.094,1.598,25.2,26.4,48.4,24.8,4.4,5.9,49.1,7.1,8.7,35.0,65.0,"[{""score"": ""1 - 1"", ""pct"": 11.92}, {""score"": ""0 - 1"", ""pct"": 10.51}, {""score"": ""1 - 2"", ""pct"": 9.21}]"
Jordan,Haiti,Neutral,1.451,1.201,42.4,27.6,30.1,42.5,6.6,8.2,30.6,5.4,6.8,57.2,42.8,"[{""score"": ""1 - 1"", ""pct"": 12.1}, {""score"": ""1 - 0"", ""pct"": 10.31}, {""score"": ""2 - 1"", ""pct"": 8.81}]"
Jordan,United States,Neutral,1.264,1.454,32.1,27.5,40.4,31.2,5.6,7.0,41.9,6.6,7.7,43.9,56.1,"[{""score"": ""1 - 1"", ""pct"": 12.740000000000002}, {""score"": ""0 - 1"", ""pct"": 9.58}, {""score"": ""1 - 2"", ""pct"": 8.67}]"
Jordan,Uruguay,Neutral,1.065,1.63,23.4,25.8,50.8,23.4,4.0,5.7,50.6,7.3,8.9,33.1,66.9,"[{""score"": ""1 - 1"", ""pct"": 11.37}, {""score"": ""0 - 1"", ""pct"": 11.34}, {""score"": ""1 - 2"", ""pct"": 9.58}]"
Jordan,South Korea,Neutral,1.076,1.588,24.8,26.0,49.2,25.1,4.3,5.9,49.1,7.2,8.2,35.4,64.6,"[{""score"": ""1 - 1"", ""pct"": 11.77}, {""score"": ""0 - 1"", ""pct"": 11.690000000000001}, {""score"": ""1 - 2"", ""pct"": 9.62}]"
Jordan,Australia,Neutral,1.058,1.586,24.0,26.3,49.7,24.0,4.7,6.3,49.3,7.1,8.5,35.0,65.0,"[{""score"": ""1 - 1"", ""pct"": 12.26}, {""score"": ""0 - 1"", ""pct"": 11.709999999999999}, {""score"": ""1 - 2"", ""pct"": 9.76}]"
Jordan,Czech Republic,Neutral,1.386,1.313,38.5,27.3,34.2,37.8,6.3,8.0,35.0,5.8,7.1,52.1,47.9,"[{""score"": ""1 - 1"", ""pct"": 12.04}, {""score"": ""1 - 0"", ""pct"": 9.07}, {""score"": ""0 - 1"", ""pct"": 8.99}]"
Jordan,Cape Verde,Neutral,1.685,1.143,50.0,25.2,24.8,49.8,7.2,8.8,24.6,4.4,5.1,65.8,34.2,"[{""score"": ""1 - 1"", ""pct"": 11.1}, {""score"": ""1 - 0"", ""pct"": 10.86}, {""score"": ""2 - 1"", ""pct"": 9.47}]"
Jordan,Ghana,Neutral,1.687,1.11,50.4,25.1,24.5,50.7,7.4,8.4,23.4,4.2,5.9,66.5,33.5,"[{""score"": ""1 - 1"", ""pct"": 11.63}, {""score"": ""1 - 0"", ""pct"": 11.0}, {""score"": ""2 - 1"", ""pct"": 9.86}]"
Jordan,Netherlands,Neutral,1.053,1.695,22.4,25.4,52.3,22.7,4.5,5.4,51.9,7.7,7.8,32.6,67.4,"[{""score"": ""1 - 1"", ""pct"": 11.469999999999999}, {""score"": ""0 - 1"", ""pct"": 11.25}, {""score"": ""1 - 2"", ""pct"": 9.84}]"
Jordan,Ivory Coast,Neutral,1.183,1.369,32.0,27.6,40.4,31.7,5.2,7.5,40.5,6.8,8.2,44.4,55.6,"[{""score"": ""1 - 1"", ""pct"": 12.620000000000001}, {""score"": ""0 - 1"", ""pct"": 10.99}, {""score"": ""1 - 0"", ""pct"": 8.790000000000001}]"
Jordan,Scotland,Neutral,1.278,1.39,33.9,28.0,38.0,33.4,5.7,7.4,39.1,6.6,7.8,46.4,53.5,"[{""score"": ""1 - 1"", ""pct"": 12.43}, {""score"": ""0 - 1"", ""pct"": 9.26}, {""score"": ""1 - 0"", ""pct"": 9.0}]"
Jordan,Ecuador,Neutral,0.957,1.678,20.1,25.1,54.8,19.7,3.9,5.0,55.0,7.5,9.0,28.6,71.4,"[{""score"": ""0 - 1"", ""pct"": 12.55}, {""score"": ""1 - 1"", ""pct"": 11.450000000000001}, {""score"": ""1 - 2"", ""pct"": 9.94}]"
Jordan,Iran,Neutral,1.054,1.611,23.8,26.4,49.7,23.5,4.3,5.7,50.9,7.2,8.3,33.6,66.4,"[{""score"": ""1 - 1"", ""pct"": 11.53}, {""score"": ""0 - 1"", ""pct"": 11.44}, {""score"": ""1 - 2"", ""pct"": 9.53}]"
Jordan,Mexico,Neutral,1.015,1.658,21.4,26.5,52.1,21.6,4.2,5.3,52.9,7.2,8.8,31.2,68.8,"[{""score"": ""1 - 1"", ""pct"": 12.23}, {""score"": ""0 - 1"", ""pct"": 11.97}, {""score"": ""1 - 2"", ""pct"": 9.91}]"
Jordan,France,Neutral,0.88,1.894,15.9,23.1,61.1,15.8,3.1,4.0,61.8,7.3,8.1,22.9,77.1,"[{""score"": ""0 - 1"", ""pct"": 12.26}, {""score"": ""0 - 2"", ""pct"": 11.18}, {""score"": ""1 - 1"", ""pct"": 10.36}]"
Jordan,Algeria,Neutral,1.025,1.579,24.0,25.6,50.3,23.0,4.7,5.7,50.2,7.3,9.2,33.4,66.6,"[{""score"": ""0 - 1"", ""pct"": 12.01}, {""score"": ""1 - 1"", ""pct"": 11.35}, {""score"": ""1 - 2"", ""pct"": 9.91}]"
Jordan,Panama,Neutral,1.22,1.455,31.6,26.8,41.6,31.1,5.1,6.7,41.5,7.1,8.5,43.0,57.0,"[{""score"": ""1 - 1"", ""pct"": 11.83}, {""score"": ""0 - 1"", ""pct"": 9.91}, {""score"": ""1 - 0"", ""pct"": 8.870000000000001}]"
Jordan,Colombia,Neutral,0.972,1.87,19.6,22.9,57.5,18.0,3.6,4.4,58.5,6.9,8.5,26.1,73.9,"[{""score"": ""0 - 1"", ""pct"": 10.97}, {""score"": ""1 - 1"", ""pct"": 10.12}, {""score"": ""1 - 2"", ""pct"": 10.040000000000001}]"
Jordan,Portugal,Neutral,0.979,1.856,18.3,23.9,57.9,17.8,3.7,4.6,57.7,7.7,8.5,26.2,73.8,"[{""score"": ""0 - 1"", ""pct"": 11.200000000000001}, {""score"": ""1 - 1"", ""pct"": 10.92}, {""score"": ""1 - 2"", ""pct"": 9.959999999999999}]"
South Africa,Saudi Arabia,Neutral,1.145,1.259,32.2,29.6,38.1,33.0,5.5,8.3,38.1,6.3,8.8,46.7,53.3,"[{""score"": ""1 - 1"", ""pct"": 13.15}, {""score"": ""0 - 1"", ""pct"": 11.43}, {""score"": ""0 - 0"", ""pct"": 10.489999999999998}]"
South Africa,England,Neutral,0.684,1.97,10.7,21.2,68.1,11.2,2.2,2.9,68.8,7.0,7.9,16.3,83.7,"[{""score"": ""0 - 2"", ""pct"": 14.11}, {""score"": ""0 - 1"", ""pct"": 13.83}, {""score"": ""1 - 2"", ""pct"": 9.55}]"
South Africa,Uzbekistan,Neutral,0.89,1.622,19.2,26.8,54.0,19.8,3.8,5.7,53.8,7.0,10.0,29.3,70.7,"[{""score"": ""0 - 1"", ""pct"": 13.07}, {""score"": ""1 - 1"", ""pct"": 12.24}, {""score"": ""0 - 2"", ""pct"": 10.17}]"
South Africa,Austria,Neutral,0.945,1.597,21.0,26.9,52.0,21.4,3.8,5.6,52.2,7.8,9.1,30.8,69.2,"[{""score"": ""0 - 1"", ""pct"": 13.01}, {""score"": ""1 - 1"", ""pct"": 11.92}, {""score"": ""0 - 0"", ""pct"": 9.42}]"
South Africa,Turkey,Neutral,0.779,1.733,15.1,24.8,60.1,15.2,2.7,4.0,60.8,7.6,9.7,21.9,78.1,"[{""score"": ""0 - 1"", ""pct"": 14.510000000000002}, {""score"": ""0 - 2"", ""pct"": 12.25}, {""score"": ""1 - 1"", ""pct"": 11.04}]"
South Africa,Morocco,Neutral,0.698,1.85,12.2,22.9,64.8,12.2,2.5,3.4,65.4,7.3,9.2,18.1,81.9,"[{""score"": ""0 - 1"", ""pct"": 15.010000000000002}, {""score"": ""0 - 2"", ""pct"": 13.350000000000001}, {""score"": ""1 - 1"", ""pct"": 10.16}]"
South Africa,DR Congo,Neutral,0.925,1.302,25.6,29.2,45.2,25.8,5.1,7.8,44.0,7.2,10.2,38.6,61.4,"[{""score"": ""0 - 1"", ""pct"": 14.78}, {""score"": ""1 - 1"", ""pct"": 12.26}, {""score"": ""0 - 0"", ""pct"": 11.98}]"
South Africa,Japan,Neutral,0.699,1.787,12.7,23.2,64.1,12.9,2.9,3.5,63.9,7.4,9.4,19.3,80.7,"[{""score"": ""0 - 1"", ""pct"": 15.47}, {""score"": ""0 - 2"", ""pct"": 13.28}, {""score"": ""1 - 1"", ""pct"": 10.100000000000001}]"
South Africa,Canada,Neutral,0.843,1.653,17.8,26.1,56.0,18.8,3.3,5.0,56.0,7.4,9.4,27.1,72.9,"[{""score"": ""0 - 1"", ""pct"": 14.2}, {""score"": ""1 - 1"", ""pct"": 11.77}, {""score"": ""0 - 2"", ""pct"": 10.51}]"
South Africa,Argentina,Neutral,0.593,2.158,7.8,18.0,74.2,7.8,1.5,1.9,73.8,7.4,7.6,11.2,88.8,"[{""score"": ""0 - 2"", ""pct"": 14.97}, {""score"": ""0 - 1"", ""pct"": 14.249999999999998}, {""score"": ""0 - 3"", ""pct"": 10.54}]"
South Africa,Tunisia,Neutral,1.001,1.393,26.7,27.4,45.9,25.3,5.2,7.4,45.8,6.8,9.5,37.9,62.1,"[{""score"": ""0 - 1"", ""pct"": 12.950000000000001}, {""score"": ""1 - 1"", ""pct"": 12.4}, {""score"": ""0 - 0"", ""pct"": 9.569999999999999}]"
South Africa,Brazil,Neutral,0.761,2.026,12.1,20.5,67.3,11.9,2.3,3.0,67.3,7.6,7.8,17.3,82.7,"[{""score"": ""0 - 1"", ""pct"": 13.450000000000001}, {""score"": ""0 - 2"", ""pct"": 12.690000000000001}, {""score"": ""1 - 1"", ""pct"": 9.47}]"
South Africa,Iraq,Neutral,0.975,1.337,26.2,29.4,44.4,25.8,4.5,7.3,44.9,7.0,10.4,37.7,62.3,"[{""score"": ""0 - 1"", ""pct"": 13.420000000000002}, {""score"": ""1 - 1"", ""pct"": 12.389999999999999}, {""score"": ""0 - 0"", ""pct"": 11.91}]"
South Africa,Sweden,Neutral,1.194,1.296,33.1,28.3,38.6,33.5,5.3,8.4,38.1,6.2,8.4,47.3,52.7,"[{""score"": ""1 - 1"", ""pct"": 12.76}, {""score"": ""0 - 1"", ""pct"": 11.03}, {""score"": ""1 - 0"", ""pct"": 9.91}]"
South Africa,Senegal,Neutral,0.805,1.723,16.4,25.0,58.6,16.1,3.1,4.4,58.9,7.8,9.7,23.6,76.4,"[{""score"": ""0 - 1"", ""pct"": 13.81}, {""score"": ""0 - 2"", ""pct"": 11.55}, {""score"": ""1 - 1"", ""pct"": 11.04}]"
South Africa,Spain,Neutral,0.663,2.158,9.0,18.6,72.4,9.2,1.6,2.3,71.8,7.3,7.8,13.0,87.0,"[{""score"": ""0 - 2"", ""pct"": 13.81}, {""score"": ""0 - 1"", ""pct"": 13.489999999999998}, {""score"": ""0 - 3"", ""pct"": 9.17}]"
South Africa,Paraguay,Neutral,0.878,1.669,18.1,25.9,56.0,18.3,3.3,4.6,56.9,7.4,9.4,26.3,73.7,"[{""score"": ""0 - 1"", ""pct"": 12.950000000000001}, {""score"": ""1 - 1"", ""pct"": 11.459999999999999}, {""score"": ""0 - 2"", ""pct"": 10.41}]"
South Africa,New Zealand,Neutral,1.143,1.288,31.8,28.9,39.4,32.6,5.4,7.9,38.7,6.3,9.2,45.8,54.2,"[{""score"": ""1 - 1"", ""pct"": 13.600000000000001}, {""score"": ""0 - 1"", ""pct"": 10.91}, {""score"": ""1 - 0"", ""pct"": 9.65}]"
South Africa,Qatar,Neutral,1.609,0.968,53.0,25.0,22.0,52.5,7.5,8.8,21.9,4.2,5.1,68.7,31.3,"[{""score"": ""1 - 0"", ""pct"": 11.790000000000001}, {""score"": ""1 - 1"", ""pct"": 11.01}, {""score"": ""2 - 0"", ""pct"": 9.83}]"
South Africa,Norway,Neutral,0.823,1.736,16.1,24.4,59.5,16.6,3.0,4.3,58.6,7.5,10.0,23.9,76.1,"[{""score"": ""0 - 1"", ""pct"": 14.01}, {""score"": ""0 - 2"", ""pct"": 11.19}, {""score"": ""1 - 1"", ""pct"": 11.1}]"
South Africa,Bosnia and Herzegovina,Neutral,1.332,1.054,43.5,28.1,28.4,41.8,7.1,9.4,29.4,5.0,7.3,58.3,41.7,"[{""score"": ""1 - 0"", ""pct"": 12.659999999999998}, {""score"": ""1 - 1"", ""pct"": 12.559999999999999}, {""score"": ""0 - 1"", ""pct"": 9.81}]"
South Africa,Curaçao,Neutral,1.377,1.104,43.0,28.0,28.9,42.2,6.7,9.3,29.5,5.2,7.2,58.2,41.8,"[{""score"": ""1 - 1"", ""pct"": 12.44}, {""score"": ""1 - 0"", ""pct"": 11.66}, {""score"": ""0 - 0"", ""pct"": 9.59}]"
South Africa,Belgium,Neutral,0.78,1.735,15.4,24.7,59.9,15.5,2.9,4.7,60.1,7.4,9.4,23.1,76.9,"[{""score"": ""0 - 1"", ""pct"": 14.549999999999999}, {""score"": ""0 - 2"", ""pct"": 11.24}, {""score"": ""1 - 1"", ""pct"": 10.56}]"
South Africa,Switzerland,Neutral,0.868,1.748,17.1,24.4,58.6,17.8,3.3,4.6,58.2,7.4,8.7,25.7,74.3,"[{""score"": ""0 - 1"", ""pct"": 13.83}, {""score"": ""1 - 1"", ""pct"": 10.99}, {""score"": ""0 - 2"", ""pct"": 10.33}]"
South Africa,Germany,Neutral,0.743,1.871,12.9,22.2,64.8,13.5,2.8,3.3,64.4,7.2,8.9,19.5,80.5,"[{""score"": ""0 - 1"", ""pct"": 14.11}, {""score"": ""0 - 2"", ""pct"": 12.42}, {""score"": ""1 - 1"", ""pct"": 9.82}]"
South Africa,Egypt,Neutral,0.931,1.428,22.5,28.4,49.1,23.5,4.1,6.4,48.5,7.3,10.3,34.0,66.0,"[{""score"": ""0 - 1"", ""pct"": 14.430000000000001}, {""score"": ""1 - 1"", ""pct"": 12.42}, {""score"": ""0 - 0"", ""pct"": 10.77}]"
South Africa,Jordan,Neutral,1.185,1.617,27.7,25.3,47.0,26.9,4.8,6.1,47.4,6.9,7.9,37.7,62.3,"[{""score"": ""1 - 1"", ""pct"": 11.33}, {""score"": ""0 - 1"", ""pct"": 10.31}, {""score"": ""1 - 2"", ""pct"": 9.51}]"
South Africa,Croatia,Neutral,0.799,1.727,16.4,24.6,59.1,15.9,3.1,4.2,60.3,7.3,9.2,23.1,76.9,"[{""score"": ""0 - 1"", ""pct"": 14.39}, {""score"": ""0 - 2"", ""pct"": 10.95}, {""score"": ""1 - 1"", ""pct"": 10.81}]"
South Africa,Haiti,Neutral,1.001,1.432,25.0,28.2,46.8,25.2,4.8,6.2,47.3,7.3,9.1,36.3,63.7,"[{""score"": ""0 - 1"", ""pct"": 12.540000000000001}, {""score"": ""1 - 1"", ""pct"": 12.2}, {""score"": ""0 - 0"", ""pct"": 10.08}]"
South Africa,United States,Neutral,1.044,1.642,23.3,25.8,50.9,22.9,4.5,5.2,51.0,7.4,8.9,32.7,67.3,"[{""score"": ""1 - 1"", ""pct"": 11.72}, {""score"": ""0 - 1"", ""pct"": 11.709999999999999}, {""score"": ""1 - 2"", ""pct"": 9.55}]"
South Africa,Uruguay,Neutral,0.741,1.703,14.9,24.1,61.0,14.7,3.0,3.9,61.1,7.8,9.6,21.6,78.4,"[{""score"": ""0 - 1"", ""pct"": 15.68}, {""score"": ""0 - 2"", ""pct"": 11.81}, {""score"": ""1 - 1"", ""pct"": 10.85}]"
South Africa,South Korea,Neutral,0.871,1.727,17.7,24.0,58.2,17.2,3.2,4.6,58.1,7.6,9.3,25.0,75.0,"[{""score"": ""0 - 1"", ""pct"": 12.94}, {""score"": ""1 - 1"", ""pct"": 11.06}, {""score"": ""0 - 2"", ""pct"": 10.7}]"
South Africa,Australia,Neutral,0.779,1.694,16.7,24.4,58.9,15.4,3.0,4.6,59.4,7.8,9.7,23.0,77.0,"[{""score"": ""0 - 1"", ""pct"": 14.469999999999999}, {""score"": ""0 - 2"", ""pct"": 11.68}, {""score"": ""1 - 1"", ""pct"": 10.99}]"
South Africa,Czech Republic,Neutral,1.054,1.435,27.5,27.7,44.8,26.1,4.8,6.6,45.9,7.1,9.6,37.5,62.5,"[{""score"": ""1 - 1"", ""pct"": 12.389999999999999}, {""score"": ""0 - 1"", ""pct"": 11.899999999999999}, {""score"": ""1 - 2"", ""pct"": 9.26}]"
South Africa,Cape Verde,Neutral,1.246,1.125,38.7,28.8,32.5,38.7,6.6,9.2,31.6,5.7,8.2,54.5,45.5,"[{""score"": ""1 - 1"", ""pct"": 13.239999999999998}, {""score"": ""1 - 0"", ""pct"": 11.92}, {""score"": ""0 - 1"", ""pct"": 10.549999999999999}]"
South Africa,Ghana,Neutral,1.301,1.078,41.3,28.8,30.0,41.2,6.9,9.5,29.7,5.4,7.4,57.5,42.5,"[{""score"": ""1 - 0"", ""pct"": 12.33}, {""score"": ""1 - 1"", ""pct"": 12.13}, {""score"": ""0 - 0"", ""pct"": 10.86}]"
South Africa,Netherlands,Neutral,0.732,1.775,13.4,23.4,63.2,13.7,2.7,3.9,62.5,8.2,9.0,20.2,79.8,"[{""score"": ""0 - 1"", ""pct"": 14.799999999999999}, {""score"": ""0 - 2"", ""pct"": 12.83}, {""score"": ""1 - 1"", ""pct"": 10.35}]"
South Africa,Ivory Coast,Neutral,0.951,1.555,21.8,27.3,50.9,21.7,4.8,5.6,51.6,7.0,9.2,32.1,67.9,"[{""score"": ""0 - 1"", ""pct"": 13.469999999999999}, {""score"": ""1 - 1"", ""pct"": 12.09}, {""score"": ""1 - 2"", ""pct"": 9.62}]"
South Africa,Scotland,Neutral,1.035,1.545,24.0,26.8,49.1,24.1,4.6,5.9,49.1,7.3,8.9,34.7,65.3,"[{""score"": ""1 - 1"", ""pct"": 12.5}, {""score"": ""0 - 1"", ""pct"": 12.19}, {""score"": ""1 - 2"", ""pct"": 8.959999999999999}]"
South Africa,Ecuador,Neutral,0.721,1.715,14.0,25.1,60.9,14.3,2.9,4.0,61.4,7.6,9.7,21.2,78.8,"[{""score"": ""0 - 1"", ""pct"": 15.21}, {""score"": ""0 - 2"", ""pct"": 13.0}, {""score"": ""1 - 1"", ""pct"": 10.95}]"
South Africa,Iran,Neutral,0.792,1.736,15.3,23.8,60.8,15.3,3.2,4.2,60.4,7.3,9.6,22.7,77.3,"[{""score"": ""0 - 1"", ""pct"": 14.84}, {""score"": ""0 - 2"", ""pct"": 12.07}, {""score"": ""1 - 1"", ""pct"": 10.040000000000001}]"
South Africa,Mexico,Neutral,0.706,1.717,13.7,24.4,62.0,13.7,2.7,4.2,62.0,7.7,9.8,20.6,79.4,"[{""score"": ""0 - 1"", ""pct"": 15.8}, {""score"": ""0 - 2"", ""pct"": 12.839999999999998}, {""score"": ""1 - 1"", ""pct"": 10.93}]"
South Africa,France,Neutral,0.682,2.07,10.4,19.5,70.1,10.6,2.1,2.5,69.8,7.4,7.6,15.2,84.8,"[{""score"": ""0 - 1"", ""pct"": 14.38}, {""score"": ""0 - 2"", ""pct"": 13.71}, {""score"": ""0 - 3"", ""pct"": 9.34}]"
South Africa,Algeria,Neutral,0.836,1.715,16.7,25.0,58.3,16.6,3.1,4.5,59.0,7.2,9.5,24.3,75.7,"[{""score"": ""0 - 1"", ""pct"": 13.669999999999998}, {""score"": ""1 - 1"", ""pct"": 11.51}, {""score"": ""0 - 2"", ""pct"": 11.08}]"
South Africa,Panama,Neutral,0.953,1.668,20.3,25.9,53.7,20.1,3.8,5.2,54.6,7.3,9.0,29.1,70.9,"[{""score"": ""0 - 1"", ""pct"": 12.86}, {""score"": ""1 - 1"", ""pct"": 11.83}, {""score"": ""0 - 2"", ""pct"": 10.0}]"
South Africa,Colombia,Neutral,0.743,1.96,12.4,21.3,66.3,12.4,2.4,3.1,66.8,7.1,8.2,17.9,82.1,"[{""score"": ""0 - 1"", ""pct"": 14.37}, {""score"": ""0 - 2"", ""pct"": 12.82}, {""score"": ""1 - 2"", ""pct"": 9.78}]"
South Africa,Portugal,Neutral,0.737,1.94,11.7,21.5,66.7,12.1,2.5,3.0,66.6,6.9,8.8,17.7,82.3,"[{""score"": ""0 - 1"", ""pct"": 13.56}, {""score"": ""0 - 2"", ""pct"": 12.61}, {""score"": ""1 - 2"", ""pct"": 10.13}]"
Croatia,Saudi Arabia,Neutral,1.764,0.914,57.8,23.9,18.3,58.1,7.6,8.7,17.5,3.4,4.7,74.4,25.6,"[{""score"": ""1 - 0"", ""pct"": 13.0}, {""score"": ""1 - 1"", ""pct"": 10.91}, {""score"": ""2 - 0"", ""pct"": 10.42}]"
Croatia,England,Neutral,1.024,1.506,24.2,27.9,48.0,24.7,4.5,6.6,47.9,7.0,9.3,35.9,64.1,"[{""score"": ""1 - 1"", ""pct"": 12.24}, {""score"": ""0 - 1"", ""pct"": 11.72}, {""score"": ""0 - 0"", ""pct"": 9.46}]"
Croatia,Uzbekistan,Neutral,1.436,1.078,45.4,27.4,27.2,44.3,7.3,9.0,27.8,4.8,6.8,60.6,39.4,"[{""score"": ""1 - 1"", ""pct"": 12.19}, {""score"": ""1 - 0"", ""pct"": 11.65}, {""score"": ""2 - 1"", ""pct"": 9.44}]"
Croatia,Austria,Neutral,1.422,1.085,43.2,28.8,27.9,44.5,7.1,8.7,27.7,5.0,7.1,60.2,39.8,"[{""score"": ""1 - 1"", ""pct"": 13.44}, {""score"": ""1 - 0"", ""pct"": 11.44}, {""score"": ""0 - 0"", ""pct"": 9.610000000000001}]"
Croatia,Turkey,Neutral,1.309,1.246,37.4,28.1,34.5,36.6,6.4,8.3,34.6,6.4,7.8,51.3,48.7,"[{""score"": ""1 - 1"", ""pct"": 12.83}, {""score"": ""1 - 0"", ""pct"": 10.31}, {""score"": ""0 - 1"", ""pct"": 9.87}]"
Croatia,Morocco,Neutral,1.11,1.411,28.6,28.1,43.3,28.7,5.0,7.0,44.0,6.5,8.8,40.7,59.3,"[{""score"": ""1 - 1"", ""pct"": 12.27}, {""score"": ""0 - 1"", ""pct"": 11.790000000000001}, {""score"": ""0 - 0"", ""pct"": 9.54}]"
Croatia,DR Congo,Neutral,1.498,0.962,49.7,26.5,23.8,50.2,7.7,9.1,22.7,4.0,6.3,66.9,33.1,"[{""score"": ""1 - 0"", ""pct"": 13.28}, {""score"": ""1 - 1"", ""pct"": 12.0}, {""score"": ""2 - 1"", ""pct"": 9.44}]"
Croatia,Japan,Neutral,1.094,1.403,29.2,28.2,42.6,27.7,5.0,7.0,44.0,6.8,9.6,39.6,60.4,"[{""score"": ""1 - 1"", ""pct"": 12.76}, {""score"": ""0 - 1"", ""pct"": 11.200000000000001}, {""score"": ""0 - 0"", ""pct"": 9.34}]"
Croatia,Canada,Neutral,1.246,1.124,38.4,29.0,32.6,37.5,6.5,9.2,33.1,6.1,7.6,53.1,46.9,"[{""score"": ""1 - 1"", ""pct"": 12.68}, {""score"": ""1 - 0"", ""pct"": 11.55}, {""score"": ""0 - 1"", ""pct"": 10.48}]"
Croatia,Argentina,Neutral,0.899,1.755,17.6,24.2,58.2,18.0,3.4,4.5,57.1,7.7,9.2,25.9,74.0,"[{""score"": ""0 - 1"", ""pct"": 13.0}, {""score"": ""0 - 2"", ""pct"": 10.75}, {""score"": ""1 - 1"", ""pct"": 10.72}]"
Croatia,Tunisia,Neutral,1.6,0.933,53.0,26.3,20.7,53.2,7.3,9.3,20.9,4.1,5.3,69.8,30.2,"[{""score"": ""1 - 0"", ""pct"": 12.509999999999998}, {""score"": ""1 - 1"", ""pct"": 11.700000000000001}, {""score"": ""2 - 0"", ""pct"": 9.959999999999999}]"
Croatia,Brazil,Neutral,1.098,1.602,24.5,26.1,49.4,25.0,4.9,5.8,48.3,7.2,8.7,35.8,64.2,"[{""score"": ""1 - 1"", ""pct"": 12.18}, {""score"": ""0 - 1"", ""pct"": 11.559999999999999}, {""score"": ""1 - 2"", ""pct"": 9.24}]"
Croatia,Iraq,Neutral,1.573,0.916,53.6,25.9,20.5,52.7,7.6,9.2,21.0,3.9,5.6,69.5,30.5,"[{""score"": ""1 - 0"", ""pct"": 13.26}, {""score"": ""1 - 1"", ""pct"": 11.469999999999999}, {""score"": ""2 - 0"", ""pct"": 10.07}]"
Croatia,Sweden,Neutral,1.851,0.959,60.0,22.8,17.1,58.7,7.3,8.6,17.8,3.3,4.3,74.6,25.4,"[{""score"": ""1 - 0"", ""pct"": 11.74}, {""score"": ""2 - 0"", ""pct"": 10.52}, {""score"": ""2 - 1"", ""pct"": 10.32}]"
Croatia,Senegal,Neutral,1.333,1.238,38.7,27.7,33.6,38.1,6.4,8.2,33.7,6.1,7.6,52.7,47.4,"[{""score"": ""1 - 1"", ""pct"": 13.08}, {""score"": ""1 - 0"", ""pct"": 10.54}, {""score"": ""0 - 1"", ""pct"": 9.49}]"
Croatia,Spain,Neutral,0.966,1.773,19.9,23.9,56.2,18.8,3.8,4.6,56.9,7.6,8.4,27.1,72.9,"[{""score"": ""0 - 1"", ""pct"": 11.690000000000001}, {""score"": ""1 - 1"", ""pct"": 11.110000000000001}, {""score"": ""0 - 2"", ""pct"": 10.12}]"
Croatia,Paraguay,Neutral,1.338,1.172,40.5,27.9,31.6,41.1,6.2,8.3,31.2,5.5,7.6,55.7,44.3,"[{""score"": ""1 - 1"", ""pct"": 12.42}, {""score"": ""1 - 0"", ""pct"": 11.05}, {""score"": ""0 - 1"", ""pct"": 9.71}]"
Croatia,New Zealand,Neutral,1.784,0.934,57.3,24.1,18.7,57.9,7.7,8.5,18.1,3.3,4.5,74.2,25.8,"[{""score"": ""1 - 0"", ""pct"": 12.540000000000001}, {""score"": ""1 - 1"", ""pct"": 11.12}, {""score"": ""2 - 0"", ""pct"": 9.969999999999999}]"
Croatia,Qatar,Neutral,2.237,0.686,73.3,17.9,8.8,73.1,6.8,7.2,8.9,1.8,2.2,87.1,12.9,"[{""score"": ""2 - 0"", ""pct"": 13.020000000000001}, {""score"": ""1 - 0"", ""pct"": 12.34}, {""score"": ""3 - 0"", ""pct"": 9.78}]"
Croatia,Norway,Neutral,1.303,1.288,36.6,28.0,35.4,36.0,6.3,7.8,35.5,6.8,7.7,50.0,50.0,"[{""score"": ""1 - 1"", ""pct"": 12.590000000000002}, {""score"": ""1 - 0"", ""pct"": 10.03}, {""score"": ""0 - 1"", ""pct"": 9.65}]"
Croatia,Bosnia and Herzegovina,Neutral,1.933,0.734,66.6,21.1,12.3,66.8,7.9,8.0,12.2,2.1,3.0,82.7,17.3,"[{""score"": ""1 - 0"", ""pct"": 14.49}, {""score"": ""2 - 0"", ""pct"": 12.58}, {""score"": ""2 - 1"", ""pct"": 9.46}]"
Croatia,Curaçao,Neutral,1.935,0.757,65.4,21.5,13.1,65.1,7.6,8.6,13.0,2.5,3.2,81.3,18.7,"[{""score"": ""1 - 0"", ""pct"": 13.76}, {""score"": ""2 - 0"", ""pct"": 12.629999999999999}, {""score"": ""1 - 1"", ""pct"": 9.9}]"
Croatia,Belgium,Neutral,1.3,1.26,37.1,28.7,34.2,36.0,5.9,8.4,35.8,6.0,8.0,50.3,49.7,"[{""score"": ""1 - 1"", ""pct"": 13.200000000000001}, {""score"": ""1 - 0"", ""pct"": 9.89}, {""score"": ""0 - 1"", ""pct"": 9.78}]"
Croatia,Switzerland,Neutral,1.355,1.241,39.1,27.9,33.0,39.4,6.0,8.1,33.7,5.6,7.2,53.4,46.6,"[{""score"": ""1 - 1"", ""pct"": 13.270000000000001}, {""score"": ""1 - 0"", ""pct"": 10.43}, {""score"": ""0 - 1"", ""pct"": 8.94}]"
Croatia,Germany,Neutral,1.2,1.381,32.6,27.7,39.7,32.0,5.5,7.3,40.2,6.9,8.0,44.9,55.1,"[{""score"": ""1 - 1"", ""pct"": 12.790000000000001}, {""score"": ""0 - 1"", ""pct"": 10.47}, {""score"": ""1 - 0"", ""pct"": 9.58}]"
Croatia,Egypt,Neutral,1.48,1.043,47.3,27.2,25.5,47.5,7.2,9.1,25.0,4.5,6.7,63.8,36.2,"[{""score"": ""1 - 1"", ""pct"": 12.47}, {""score"": ""1 - 0"", ""pct"": 11.78}, {""score"": ""2 - 1"", ""pct"": 9.120000000000001}]"
Croatia,Jordan,Neutral,1.598,1.094,49.5,26.0,24.6,48.8,7.2,8.9,24.4,4.6,6.2,64.9,35.1,"[{""score"": ""1 - 1"", ""pct"": 11.57}, {""score"": ""1 - 0"", ""pct"": 11.200000000000001}, {""score"": ""2 - 1"", ""pct"": 9.41}]"
Croatia,South Africa,Neutral,1.727,0.799,59.5,24.5,16.0,59.0,7.7,9.5,16.0,3.4,4.4,76.2,23.8,"[{""score"": ""1 - 0"", ""pct"": 13.639999999999999}, {""score"": ""2 - 0"", ""pct"": 11.85}, {""score"": ""1 - 1"", ""pct"": 10.96}]"
Croatia,Haiti,Neutral,1.693,0.96,53.6,26.1,20.3,54.2,7.5,9.1,20.2,3.9,5.0,70.9,29.1,"[{""score"": ""1 - 1"", ""pct"": 11.959999999999999}, {""score"": ""1 - 0"", ""pct"": 11.64}, {""score"": ""2 - 1"", ""pct"": 9.85}]"
Croatia,United States,Neutral,1.568,1.104,48.2,26.4,25.5,47.5,7.5,8.4,26.1,4.5,6.0,63.4,36.6,"[{""score"": ""1 - 1"", ""pct"": 11.899999999999999}, {""score"": ""1 - 0"", ""pct"": 11.55}, {""score"": ""2 - 1"", ""pct"": 9.62}]"
Croatia,Uruguay,Neutral,1.201,1.296,33.7,28.0,38.2,33.6,5.9,7.5,37.8,6.7,8.4,47.1,52.9,"[{""score"": ""1 - 1"", ""pct"": 12.479999999999999}, {""score"": ""0 - 1"", ""pct"": 11.07}, {""score"": ""1 - 0"", ""pct"": 10.37}]"
Croatia,South Korea,Neutral,1.31,1.21,37.5,28.5,34.0,38.6,6.1,8.2,33.6,5.9,7.7,52.8,47.2,"[{""score"": ""1 - 1"", ""pct"": 12.94}, {""score"": ""1 - 0"", ""pct"": 10.290000000000001}, {""score"": ""0 - 1"", ""pct"": 9.89}]"
Croatia,Australia,Neutral,1.224,1.246,35.2,28.7,36.1,35.3,6.0,8.4,36.8,5.9,7.5,49.8,50.2,"[{""score"": ""1 - 1"", ""pct"": 13.36}, {""score"": ""0 - 1"", ""pct"": 10.639999999999999}, {""score"": ""1 - 0"", ""pct"": 10.43}]"
Croatia,Czech Republic,Neutral,1.682,1.082,50.7,25.5,23.8,51.6,7.3,8.6,22.8,4.5,5.3,67.4,32.5,"[{""score"": ""1 - 1"", ""pct"": 11.73}, {""score"": ""1 - 0"", ""pct"": 10.440000000000001}, {""score"": ""2 - 1"", ""pct"": 9.790000000000001}]"
Croatia,Cape Verde,Neutral,1.838,0.78,62.2,23.8,14.1,62.5,7.8,8.6,14.3,2.6,4.2,78.9,21.1,"[{""score"": ""1 - 0"", ""pct"": 13.139999999999999}, {""score"": ""2 - 0"", ""pct"": 12.379999999999999}, {""score"": ""1 - 1"", ""pct"": 10.59}]"
Croatia,Ghana,Neutral,1.852,0.722,65.1,22.4,12.5,64.5,7.7,9.0,12.8,2.5,3.5,81.2,18.8,"[{""score"": ""1 - 0"", ""pct"": 14.64}, {""score"": ""2 - 0"", ""pct"": 13.54}, {""score"": ""1 - 1"", ""pct"": 9.86}]"
Croatia,Netherlands,Neutral,1.193,1.355,31.4,28.4,40.2,32.5,5.2,7.0,40.4,6.4,8.5,44.8,55.2,"[{""score"": ""1 - 1"", ""pct"": 12.75}, {""score"": ""0 - 1"", ""pct"": 10.68}, {""score"": ""0 - 0"", ""pct"": 8.88}]"
Croatia,Ivory Coast,Neutral,1.466,1.085,45.4,28.0,26.6,45.2,7.3,8.9,27.6,4.4,6.6,61.4,38.6,"[{""score"": ""1 - 1"", ""pct"": 12.22}, {""score"": ""1 - 0"", ""pct"": 12.17}, {""score"": ""0 - 0"", ""pct"": 9.13}]"
Croatia,Scotland,Neutral,1.57,1.088,47.6,26.9,25.6,48.5,7.1,8.8,24.6,5.0,5.9,64.5,35.5,"[{""score"": ""1 - 1"", ""pct"": 12.58}, {""score"": ""1 - 0"", ""pct"": 11.14}, {""score"": ""2 - 1"", ""pct"": 9.17}]"
Croatia,Ecuador,Neutral,1.122,1.315,30.7,28.2,41.1,30.4,5.5,7.6,40.7,6.8,9.0,43.5,56.5,"[{""score"": ""1 - 1"", ""pct"": 12.73}, {""score"": ""0 - 1"", ""pct"": 11.82}, {""score"": ""0 - 0"", ""pct"": 9.74}]"
Croatia,Iran,Neutral,1.265,1.25,36.2,28.3,35.4,36.5,5.9,8.7,34.8,5.8,8.2,51.2,48.8,"[{""score"": ""1 - 1"", ""pct"": 12.629999999999999}, {""score"": ""1 - 0"", ""pct"": 10.38}, {""score"": ""0 - 1"", ""pct"": 9.969999999999999}]"
Croatia,Mexico,Neutral,1.13,1.295,31.9,28.3,39.8,31.6,5.6,8.0,39.0,6.5,9.3,45.3,54.7,"[{""score"": ""1 - 1"", ""pct"": 12.690000000000001}, {""score"": ""0 - 1"", ""pct"": 11.89}, {""score"": ""1 - 0"", ""pct"": 9.85}]"
Croatia,France,Neutral,1.099,1.625,24.4,27.0,48.7,24.8,4.5,6.0,48.1,7.1,9.4,35.3,64.7,"[{""score"": ""1 - 1"", ""pct"": 12.049999999999999}, {""score"": ""0 - 1"", ""pct"": 11.07}, {""score"": ""1 - 2"", ""pct"": 9.379999999999999}]"
Croatia,Algeria,Neutral,1.232,1.173,37.1,29.7,33.1,37.5,6.1,8.5,34.3,5.8,7.8,52.1,47.9,"[{""score"": ""1 - 1"", ""pct"": 13.99}, {""score"": ""1 - 0"", ""pct"": 11.0}, {""score"": ""0 - 1"", ""pct"": 10.489999999999998}]"
Croatia,Panama,Neutral,1.56,1.126,46.7,26.1,27.2,47.2,6.9,8.8,26.3,4.8,5.9,63.0,37.0,"[{""score"": ""1 - 1"", ""pct"": 11.65}, {""score"": ""1 - 0"", ""pct"": 10.82}, {""score"": ""2 - 1"", ""pct"": 9.34}]"
Croatia,Colombia,Neutral,1.099,1.538,25.9,27.1,47.0,26.2,4.7,6.3,47.0,7.2,8.6,37.2,62.8,"[{""score"": ""1 - 1"", ""pct"": 11.95}, {""score"": ""0 - 1"", ""pct"": 11.03}, {""score"": ""1 - 2"", ""pct"": 9.0}]"
Croatia,Portugal,Neutral,1.114,1.548,26.1,25.8,48.0,26.6,4.6,6.2,47.0,7.0,8.7,37.3,62.6,"[{""score"": ""1 - 1"", ""pct"": 11.64}, {""score"": ""0 - 1"", ""pct"": 11.53}, {""score"": ""1 - 2"", ""pct"": 9.89}]"
Haiti,Saudi Arabia,Neutral,1.328,1.098,41.4,29.0,29.5,41.5,6.7,8.9,29.7,5.5,7.7,57.0,43.0,"[{""score"": ""1 - 1"", ""pct"": 13.239999999999998}, {""score"": ""1 - 0"", ""pct"": 12.2}, {""score"": ""0 - 0"", ""pct"": 9.91}]"
Haiti,England,Neutral,0.743,1.775,13.7,24.1,62.2,14.0,2.8,3.7,62.6,7.7,9.1,20.5,79.5,"[{""score"": ""0 - 1"", ""pct"": 15.45}, {""score"": ""0 - 2"", ""pct"": 12.21}, {""score"": ""1 - 1"", ""pct"": 10.780000000000001}]"
Haiti,Uzbekistan,Neutral,1.028,1.446,26.2,27.2,46.7,26.6,5.0,6.4,46.2,7.2,8.7,37.9,62.1,"[{""score"": ""0 - 1"", ""pct"": 12.78}, {""score"": ""1 - 1"", ""pct"": 12.65}, {""score"": ""0 - 0"", ""pct"": 9.15}]"
Haiti,Austria,Neutral,1.014,1.45,25.2,27.7,47.1,25.0,4.9,6.6,46.6,7.2,9.7,36.4,63.6,"[{""score"": ""1 - 1"", ""pct"": 12.559999999999999}, {""score"": ""0 - 1"", ""pct"": 12.5}, {""score"": ""1 - 2"", ""pct"": 9.43}]"
Haiti,Turkey,Neutral,0.98,1.655,21.2,25.1,53.7,20.9,3.8,5.2,53.1,7.6,9.3,29.9,70.1,"[{""score"": ""0 - 1"", ""pct"": 12.0}, {""score"": ""1 - 1"", ""pct"": 11.12}, {""score"": ""0 - 2"", ""pct"": 9.82}]"
Haiti,Morocco,Neutral,0.803,1.748,15.4,23.4,61.2,15.9,3.1,4.2,60.3,7.4,9.1,23.2,76.8,"[{""score"": ""0 - 1"", ""pct"": 14.99}, {""score"": ""0 - 2"", ""pct"": 11.74}, {""score"": ""1 - 1"", ""pct"": 10.31}]"
Haiti,DR Congo,Neutral,1.07,1.14,32.9,30.8,36.2,32.7,6.0,8.9,36.6,6.6,9.2,47.6,52.4,"[{""score"": ""1 - 1"", ""pct"": 13.420000000000002}, {""score"": ""0 - 1"", ""pct"": 12.590000000000002}, {""score"": ""0 - 0"", ""pct"": 12.46}]"
Haiti,Japan,Neutral,0.799,1.735,15.5,24.7,59.8,15.6,3.5,4.2,60.0,7.8,8.9,23.4,76.6,"[{""score"": ""0 - 1"", ""pct"": 14.32}, {""score"": ""0 - 2"", ""pct"": 11.76}, {""score"": ""1 - 1"", ""pct"": 11.04}]"
Haiti,Canada,Neutral,0.975,1.515,22.8,27.1,50.1,23.3,4.8,6.5,49.9,6.6,8.9,34.6,65.4,"[{""score"": ""0 - 1"", ""pct"": 12.85}, {""score"": ""1 - 1"", ""pct"": 12.35}, {""score"": ""1 - 2"", ""pct"": 9.9}]"
Haiti,Argentina,Neutral,0.693,2.033,10.6,20.0,69.4,10.7,2.3,2.8,68.7,7.2,8.2,15.8,84.2,"[{""score"": ""0 - 1"", ""pct"": 14.52}, {""score"": ""0 - 2"", ""pct"": 13.100000000000001}, {""score"": ""1 - 2"", ""pct"": 9.73}]"
Haiti,Tunisia,Neutral,1.175,1.149,35.6,29.9,34.5,35.6,6.4,8.5,35.1,5.8,8.7,50.5,49.5,"[{""score"": ""1 - 1"", ""pct"": 13.29}, {""score"": ""0 - 1"", ""pct"": 11.08}, {""score"": ""1 - 0"", ""pct"": 11.08}]"
Haiti,Brazil,Neutral,0.795,1.858,14.7,21.9,63.4,14.1,2.7,3.8,62.6,7.4,9.4,20.6,79.4,"[{""score"": ""0 - 1"", ""pct"": 13.200000000000001}, {""score"": ""0 - 2"", ""pct"": 12.36}, {""score"": ""1 - 2"", ""pct"": 10.09}]"
Haiti,Iraq,Neutral,1.15,1.148,35.6,29.4,35.0,35.7,6.2,8.3,35.1,6.2,8.4,50.3,49.7,"[{""score"": ""1 - 1"", ""pct"": 13.05}, {""score"": ""1 - 0"", ""pct"": 11.64}, {""score"": ""0 - 1"", ""pct"": 11.58}]"
Haiti,Sweden,Neutral,1.373,1.153,41.7,27.9,30.4,41.2,6.3,9.2,31.1,5.0,7.1,56.8,43.2,"[{""score"": ""1 - 1"", ""pct"": 12.5}, {""score"": ""1 - 0"", ""pct"": 11.48}, {""score"": ""0 - 0"", ""pct"": 9.229999999999999}]"
Haiti,Senegal,Neutral,1.033,1.635,22.9,25.5,51.5,23.7,3.8,5.3,51.4,7.1,8.6,32.8,67.2,"[{""score"": ""0 - 1"", ""pct"": 11.59}, {""score"": ""1 - 1"", ""pct"": 11.59}, {""score"": ""1 - 2"", ""pct"": 9.6}]"
Haiti,Spain,Neutral,0.726,2.042,11.5,20.0,68.6,11.5,2.2,3.0,67.9,7.5,7.8,16.7,83.3,"[{""score"": ""0 - 1"", ""pct"": 14.11}, {""score"": ""0 - 2"", ""pct"": 12.45}, {""score"": ""1 - 2"", ""pct"": 9.25}]"
Haiti,Paraguay,Neutral,1.035,1.558,23.8,26.9,49.3,23.9,4.3,5.8,49.9,7.2,8.9,34.0,66.0,"[{""score"": ""0 - 1"", ""pct"": 11.93}, {""score"": ""1 - 1"", ""pct"": 11.76}, {""score"": ""1 - 2"", ""pct"": 9.700000000000001}]"
Haiti,New Zealand,Neutral,1.312,1.137,39.5,28.1,32.4,39.6,6.6,9.4,31.5,5.5,7.6,55.5,44.5,"[{""score"": ""1 - 1"", ""pct"": 12.9}, {""score"": ""1 - 0"", ""pct"": 11.37}, {""score"": ""0 - 1"", ""pct"": 9.86}]"
Haiti,Qatar,Neutral,1.748,0.91,56.9,25.4,17.7,57.4,7.2,8.8,18.3,3.5,4.8,73.4,26.6,"[{""score"": ""1 - 0"", ""pct"": 12.520000000000001}, {""score"": ""1 - 1"", ""pct"": 11.690000000000001}, {""score"": ""2 - 0"", ""pct"": 10.34}]"
Haiti,Norway,Neutral,0.964,1.679,19.7,25.8,54.4,21.3,3.9,5.2,53.5,7.5,8.7,30.3,69.6,"[{""score"": ""0 - 1"", ""pct"": 12.790000000000001}, {""score"": ""1 - 1"", ""pct"": 12.11}, {""score"": ""1 - 2"", ""pct"": 9.91}]"
Haiti,Bosnia and Herzegovina,Neutral,1.543,0.935,51.1,26.9,22.0,51.6,7.2,9.4,21.4,4.3,6.0,68.2,31.8,"[{""score"": ""1 - 0"", ""pct"": 13.51}, {""score"": ""1 - 1"", ""pct"": 11.82}, {""score"": ""2 - 1"", ""pct"": 9.74}]"
Haiti,Curaçao,Neutral,1.557,0.969,51.6,26.1,22.3,51.1,7.1,9.3,22.3,4.7,5.5,67.5,32.5,"[{""score"": ""1 - 0"", ""pct"": 13.08}, {""score"": ""1 - 1"", ""pct"": 11.65}, {""score"": ""2 - 1"", ""pct"": 9.77}]"
Haiti,Belgium,Neutral,1.01,1.645,21.8,25.0,53.2,22.9,4.0,5.4,52.3,7.1,8.4,32.2,67.8,"[{""score"": ""0 - 1"", ""pct"": 11.700000000000001}, {""score"": ""1 - 1"", ""pct"": 11.24}, {""score"": ""1 - 2"", ""pct"": 10.040000000000001}]"
Haiti,Switzerland,Neutral,1.023,1.638,22.7,25.5,51.8,22.3,4.2,5.6,51.2,7.8,8.9,32.1,67.9,"[{""score"": ""0 - 1"", ""pct"": 12.1}, {""score"": ""1 - 1"", ""pct"": 11.940000000000001}, {""score"": ""1 - 2"", ""pct"": 9.520000000000001}]"
Haiti,Germany,Neutral,0.946,1.778,19.2,23.5,57.3,18.5,3.4,4.7,57.3,7.5,8.6,26.5,73.5,"[{""score"": ""0 - 1"", ""pct"": 12.44}, {""score"": ""1 - 1"", ""pct"": 10.489999999999998}, {""score"": ""0 - 2"", ""pct"": 10.040000000000001}]"
Haiti,Egypt,Neutral,1.061,1.256,30.4,28.8,40.8,30.4,5.1,7.7,41.0,6.4,9.3,43.3,56.7,"[{""score"": ""0 - 1"", ""pct"": 13.139999999999999}, {""score"": ""1 - 1"", ""pct"": 12.4}, {""score"": ""0 - 0"", ""pct"": 11.06}]"
Haiti,Jordan,Neutral,1.201,1.451,30.1,27.4,42.5,30.6,5.1,6.8,42.9,6.5,8.2,42.5,57.5,"[{""score"": ""1 - 1"", ""pct"": 12.44}, {""score"": ""0 - 1"", ""pct"": 10.440000000000001}, {""score"": ""1 - 2"", ""pct"": 9.06}]"
Haiti,South Africa,Neutral,1.432,1.001,46.6,27.9,25.5,47.2,7.1,9.5,24.9,4.5,6.7,63.8,36.2,"[{""score"": ""1 - 0"", ""pct"": 12.43}, {""score"": ""1 - 1"", ""pct"": 12.31}, {""score"": ""0 - 0"", ""pct"": 9.73}]"
Haiti,Croatia,Neutral,0.96,1.693,20.4,24.6,55.1,20.0,4.0,4.5,55.1,7.5,8.9,28.5,71.5,"[{""score"": ""0 - 1"", ""pct"": 12.44}, {""score"": ""1 - 1"", ""pct"": 10.8}, {""score"": ""1 - 2"", ""pct"": 10.32}]"
Haiti,United States,Neutral,1.086,1.468,26.4,27.6,46.1,27.2,4.8,6.5,45.8,7.3,8.5,38.4,61.6,"[{""score"": ""1 - 1"", ""pct"": 12.49}, {""score"": ""0 - 1"", ""pct"": 11.99}, {""score"": ""1 - 2"", ""pct"": 9.43}]"
Haiti,Uruguay,Neutral,0.924,1.648,20.4,25.7,53.9,19.9,3.9,5.5,53.8,7.3,9.5,29.4,70.6,"[{""score"": ""0 - 1"", ""pct"": 12.590000000000002}, {""score"": ""1 - 1"", ""pct"": 11.29}, {""score"": ""0 - 2"", ""pct"": 10.05}]"
Haiti,South Korea,Neutral,1.033,1.641,23.6,25.3,51.1,22.7,4.1,5.5,51.4,7.3,9.1,32.2,67.8,"[{""score"": ""1 - 1"", ""pct"": 11.75}, {""score"": ""0 - 1"", ""pct"": 11.709999999999999}, {""score"": ""1 - 2"", ""pct"": 9.370000000000001}]"
Haiti,Australia,Neutral,0.94,1.623,20.7,26.0,53.3,20.5,3.8,5.3,53.5,7.6,9.3,29.6,70.4,"[{""score"": ""0 - 1"", ""pct"": 12.879999999999999}, {""score"": ""1 - 1"", ""pct"": 11.92}, {""score"": ""0 - 2"", ""pct"": 10.27}]"
Haiti,Czech Republic,Neutral,1.233,1.247,35.4,28.4,36.2,34.8,5.8,8.2,37.4,6.0,8.0,48.7,51.3,"[{""score"": ""1 - 1"", ""pct"": 12.709999999999999}, {""score"": ""0 - 1"", ""pct"": 11.07}, {""score"": ""1 - 0"", ""pct"": 10.11}]"
Haiti,Cape Verde,Neutral,1.451,0.989,47.7,28.0,24.3,47.3,7.0,9.9,24.9,4.4,6.5,64.2,35.8,"[{""score"": ""1 - 0"", ""pct"": 12.889999999999999}, {""score"": ""1 - 1"", ""pct"": 12.78}, {""score"": ""0 - 0"", ""pct"": 9.5}]"
Haiti,Ghana,Neutral,1.494,0.933,50.1,27.3,22.6,49.9,7.4,9.5,22.5,4.2,6.5,66.8,33.2,"[{""score"": ""1 - 0"", ""pct"": 13.600000000000001}, {""score"": ""1 - 1"", ""pct"": 12.4}, {""score"": ""0 - 0"", ""pct"": 9.85}]"
Haiti,Netherlands,Neutral,0.922,1.721,19.3,25.1,55.7,19.0,3.6,4.7,56.5,7.6,8.5,27.3,72.7,"[{""score"": ""0 - 1"", ""pct"": 12.55}, {""score"": ""1 - 1"", ""pct"": 11.24}, {""score"": ""1 - 2"", ""pct"": 10.02}]"
Haiti,Ivory Coast,Neutral,1.033,1.451,25.4,28.1,46.5,25.9,4.9,6.4,46.7,7.0,9.1,37.1,62.9,"[{""score"": ""0 - 1"", ""pct"": 12.6}, {""score"": ""1 - 1"", ""pct"": 12.3}, {""score"": ""0 - 0"", ""pct"": 9.73}]"
Haiti,Scotland,Neutral,1.103,1.45,26.2,28.0,45.8,28.1,4.9,7.0,44.5,6.9,8.6,40.0,60.0,"[{""score"": ""1 - 1"", ""pct"": 12.690000000000001}, {""score"": ""0 - 1"", ""pct"": 11.53}, {""score"": ""1 - 2"", ""pct"": 9.229999999999999}]"
Haiti,Ecuador,Neutral,0.822,1.641,17.0,25.7,57.3,17.8,3.2,4.9,56.7,7.7,9.7,25.9,74.1,"[{""score"": ""0 - 1"", ""pct"": 14.91}, {""score"": ""1 - 1"", ""pct"": 11.1}, {""score"": ""0 - 2"", ""pct"": 10.85}]"
Haiti,Iran,Neutral,0.94,1.678,20.2,25.2,54.6,20.2,3.8,5.1,54.6,7.5,8.8,29.1,70.9,"[{""score"": ""0 - 1"", ""pct"": 13.08}, {""score"": ""1 - 1"", ""pct"": 11.74}, {""score"": ""0 - 2"", ""pct"": 9.84}]"
Haiti,Mexico,Neutral,0.87,1.665,18.7,25.2,56.1,17.9,3.5,4.7,56.9,7.4,9.6,26.1,73.9,"[{""score"": ""0 - 1"", ""pct"": 13.780000000000001}, {""score"": ""1 - 1"", ""pct"": 11.200000000000001}, {""score"": ""0 - 2"", ""pct"": 10.27}]"
Haiti,France,Neutral,0.781,1.83,13.9,22.7,63.4,14.2,2.9,3.6,62.8,8.2,8.4,20.7,79.3,"[{""score"": ""0 - 1"", ""pct"": 14.549999999999999}, {""score"": ""0 - 2"", ""pct"": 12.19}, {""score"": ""1 - 1"", ""pct"": 10.100000000000001}]"
Haiti,Algeria,Neutral,0.969,1.616,21.8,26.0,52.2,21.2,4.1,5.7,52.2,7.9,8.9,31.0,69.0,"[{""score"": ""0 - 1"", ""pct"": 12.4}, {""score"": ""1 - 1"", ""pct"": 11.28}, {""score"": ""1 - 2"", ""pct"": 9.78}]"
Haiti,Panama,Neutral,1.096,1.476,27.2,27.1,45.7,27.3,4.9,6.9,45.4,6.9,8.6,39.1,60.9,"[{""score"": ""1 - 1"", ""pct"": 12.44}, {""score"": ""0 - 1"", ""pct"": 11.219999999999999}, {""score"": ""1 - 2"", ""pct"": 9.58}]"
Haiti,Colombia,Neutral,0.773,1.774,15.0,23.5,61.5,14.9,3.0,4.1,61.0,8.1,9.0,22.0,78.0,"[{""score"": ""0 - 1"", ""pct"": 14.32}, {""score"": ""0 - 2"", ""pct"": 12.139999999999999}, {""score"": ""1 - 1"", ""pct"": 10.190000000000001}]"
Haiti,Portugal,Neutral,0.777,1.758,15.0,24.0,61.0,15.1,2.8,4.0,61.4,7.2,9.5,21.9,78.1,"[{""score"": ""0 - 1"", ""pct"": 14.499999999999998}, {""score"": ""0 - 2"", ""pct"": 12.1}, {""score"": ""1 - 1"", ""pct"": 10.65}]"
United States,Saudi Arabia,Neutral,1.555,1.037,49.1,26.1,24.8,48.6,7.2,9.7,23.6,4.9,6.0,65.5,34.5,"[{""score"": ""1 - 0"", ""pct"": 11.91}, {""score"": ""1 - 1"", ""pct"": 11.74}, {""score"": ""2 - 1"", ""pct"": 9.520000000000001}]"
United States,England,Neutral,0.921,1.813,17.7,23.9,58.4,18.1,3.4,4.3,58.1,7.4,8.7,25.8,74.2,"[{""score"": ""0 - 1"", ""pct"": 12.520000000000001}, {""score"": ""0 - 2"", ""pct"": 10.74}, {""score"": ""1 - 1"", ""pct"": 10.65}]"
United States,Uzbekistan,Neutral,1.168,1.37,31.7,27.6,40.7,31.9,5.3,7.4,40.3,6.5,8.5,44.6,55.4,"[{""score"": ""1 - 1"", ""pct"": 12.57}, {""score"": ""0 - 1"", ""pct"": 11.0}, {""score"": ""1 - 0"", ""pct"": 9.520000000000001}]"
United States,Austria,Neutral,1.2,1.302,33.7,27.9,38.5,33.7,5.8,7.4,37.9,6.6,8.6,47.0,53.0,"[{""score"": ""1 - 1"", ""pct"": 12.44}, {""score"": ""0 - 1"", ""pct"": 11.34}, {""score"": ""1 - 0"", ""pct"": 9.82}]"
United States,Turkey,Neutral,1.078,1.578,25.1,25.3,49.6,25.3,4.7,5.8,48.5,7.3,8.5,35.8,64.2,"[{""score"": ""1 - 1"", ""pct"": 11.85}, {""score"": ""0 - 1"", ""pct"": 11.66}, {""score"": ""1 - 2"", ""pct"": 9.4}]"
United States,Morocco,Neutral,1.022,1.786,20.4,25.0,54.6,20.3,4.0,4.5,55.2,7.5,8.5,28.8,71.2,"[{""score"": ""1 - 1"", ""pct"": 11.219999999999999}, {""score"": ""0 - 1"", ""pct"": 10.76}, {""score"": ""1 - 2"", ""pct"": 10.01}]"
United States,DR Congo,Neutral,1.26,1.027,41.0,29.2,29.8,40.7,7.2,9.4,28.7,5.4,8.5,57.3,42.7,"[{""score"": ""1 - 0"", ""pct"": 12.959999999999999}, {""score"": ""1 - 1"", ""pct"": 12.839999999999998}, {""score"": ""0 - 0"", ""pct"": 11.07}]"
United States,Japan,Neutral,1.012,1.715,21.0,24.7,54.3,21.4,4.0,5.2,53.6,7.3,8.4,30.7,69.3,"[{""score"": ""0 - 1"", ""pct"": 12.09}, {""score"": ""1 - 1"", ""pct"": 11.39}, {""score"": ""1 - 2"", ""pct"": 9.94}]"
United States,Canada,Neutral,1.092,1.377,29.2,27.7,43.1,27.8,5.4,7.1,43.9,6.9,8.9,40.2,59.8,"[{""score"": ""0 - 1"", ""pct"": 12.16}, {""score"": ""1 - 1"", ""pct"": 11.89}, {""score"": ""0 - 0"", ""pct"": 9.82}]"
United States,Argentina,Neutral,0.763,1.888,13.3,21.6,65.1,13.2,2.4,3.3,64.6,7.6,8.9,18.9,81.1,"[{""score"": ""0 - 1"", ""pct"": 14.149999999999999}, {""score"": ""0 - 2"", ""pct"": 12.53}, {""score"": ""1 - 2"", ""pct"": 9.94}]"
United States,Tunisia,Neutral,1.433,1.066,46.0,27.5,26.5,45.2,6.9,8.9,27.2,4.6,7.1,61.1,38.9,"[{""score"": ""1 - 1"", ""pct"": 12.45}, {""score"": ""1 - 0"", ""pct"": 11.690000000000001}, {""score"": ""2 - 1"", ""pct"": 9.75}]"
United States,Brazil,Neutral,1.011,1.891,18.8,22.7,58.5,19.2,3.3,4.1,58.3,7.3,7.7,26.6,73.4,"[{""score"": ""0 - 1"", ""pct"": 10.31}, {""score"": ""1 - 1"", ""pct"": 10.23}, {""score"": ""0 - 2"", ""pct"": 9.959999999999999}]"
United States,Iraq,Neutral,1.421,1.026,46.0,29.0,25.0,46.0,6.9,9.2,26.3,5.0,6.6,62.1,37.9,"[{""score"": ""1 - 1"", ""pct"": 13.44}, {""score"": ""1 - 0"", ""pct"": 12.55}, {""score"": ""0 - 0"", ""pct"": 9.68}]"
United States,Sweden,Neutral,1.63,1.093,49.8,25.1,25.1,49.6,6.7,8.2,24.9,4.5,5.9,64.6,35.4,"[{""score"": ""1 - 1"", ""pct"": 11.690000000000001}, {""score"": ""1 - 0"", ""pct"": 11.1}, {""score"": ""2 - 1"", ""pct"": 9.2}]"
United States,Senegal,Neutral,1.11,1.574,26.5,26.1,47.4,25.7,4.4,5.8,48.0,7.3,8.9,35.8,64.2,"[{""score"": ""1 - 1"", ""pct"": 11.55}, {""score"": ""0 - 1"", ""pct"": 11.24}, {""score"": ""1 - 2"", ""pct"": 9.24}]"
United States,Spain,Neutral,0.814,1.904,14.4,21.5,64.0,14.1,2.7,3.9,63.1,7.7,8.5,20.7,79.3,"[{""score"": ""0 - 1"", ""pct"": 13.34}, {""score"": ""0 - 2"", ""pct"": 12.17}, {""score"": ""1 - 1"", ""pct"": 9.969999999999999}]"
United States,Paraguay,Neutral,1.13,1.435,27.9,28.3,43.7,28.4,5.2,7.0,44.3,6.7,8.4,40.6,59.4,"[{""score"": ""1 - 1"", ""pct"": 12.73}, {""score"": ""0 - 1"", ""pct"": 11.0}, {""score"": ""1 - 2"", ""pct"": 9.180000000000001}]"
United States,New Zealand,Neutral,1.583,1.065,48.3,27.0,24.7,48.5,7.4,8.7,25.2,4.5,5.8,64.5,35.5,"[{""score"": ""1 - 1"", ""pct"": 12.27}, {""score"": ""1 - 0"", ""pct"": 11.44}, {""score"": ""2 - 1"", ""pct"": 9.42}]"
United States,Qatar,Neutral,2.076,0.762,67.8,20.5,11.7,68.0,7.2,8.0,11.3,2.5,3.1,83.1,16.9,"[{""score"": ""1 - 0"", ""pct"": 12.690000000000001}, {""score"": ""2 - 0"", ""pct"": 12.33}, {""score"": ""2 - 1"", ""pct"": 9.86}]"
United States,Norway,Neutral,1.078,1.599,23.9,27.0,49.1,24.2,4.5,6.3,49.6,7.0,8.4,35.1,64.9,"[{""score"": ""1 - 1"", ""pct"": 12.65}, {""score"": ""0 - 1"", ""pct"": 11.33}, {""score"": ""1 - 2"", ""pct"": 9.87}]"
United States,Bosnia and Herzegovina,Neutral,1.912,0.884,62.2,22.1,15.7,61.3,8.0,8.1,15.9,2.9,3.8,77.4,22.6,"[{""score"": ""1 - 0"", ""pct"": 11.82}, {""score"": ""2 - 0"", ""pct"": 11.790000000000001}, {""score"": ""1 - 1"", ""pct"": 10.01}]"
United States,Curaçao,Neutral,1.894,0.937,60.5,22.3,17.2,60.0,7.8,8.0,17.0,3.2,4.0,75.8,24.2,"[{""score"": ""1 - 0"", ""pct"": 11.81}, {""score"": ""2 - 0"", ""pct"": 10.67}, {""score"": ""1 - 1"", ""pct"": 10.37}]"
United States,Belgium,Neutral,1.083,1.605,25.5,25.4,49.1,25.0,4.8,5.2,49.5,7.3,8.2,35.0,65.0,"[{""score"": ""1 - 1"", ""pct"": 11.01}, {""score"": ""0 - 1"", ""pct"": 10.86}, {""score"": ""1 - 2"", ""pct"": 10.33}]"
United States,Switzerland,Neutral,1.128,1.514,27.7,26.3,46.0,27.2,4.9,6.2,45.9,7.1,8.6,38.4,61.6,"[{""score"": ""1 - 1"", ""pct"": 11.88}, {""score"": ""0 - 1"", ""pct"": 11.42}, {""score"": ""1 - 2"", ""pct"": 9.87}]"
United States,Germany,Neutral,1.06,1.685,23.3,25.2,51.5,22.9,4.3,5.5,51.7,7.4,8.1,32.8,67.2,"[{""score"": ""1 - 1"", ""pct"": 11.63}, {""score"": ""0 - 1"", ""pct"": 11.360000000000001}, {""score"": ""1 - 2"", ""pct"": 9.83}]"
United States,Egypt,Neutral,1.244,1.162,37.0,29.1,33.9,37.4,6.5,8.9,33.7,5.5,8.1,52.8,47.2,"[{""score"": ""1 - 1"", ""pct"": 13.25}, {""score"": ""1 - 0"", ""pct"": 11.110000000000001}, {""score"": ""0 - 1"", ""pct"": 10.68}]"
United States,Jordan,Neutral,1.454,1.264,41.6,26.5,31.9,41.7,6.0,8.1,31.8,5.4,6.9,55.8,44.2,"[{""score"": ""1 - 1"", ""pct"": 12.18}, {""score"": ""1 - 0"", ""pct"": 10.45}, {""score"": ""2 - 1"", ""pct"": 8.81}]"
United States,South Africa,Neutral,1.642,1.044,50.3,26.1,23.6,51.1,7.5,8.4,23.1,4.4,5.5,67.0,33.0,"[{""score"": ""1 - 1"", ""pct"": 11.95}, {""score"": ""1 - 0"", ""pct"": 11.93}, {""score"": ""2 - 1"", ""pct"": 9.48}]"
United States,Croatia,Neutral,1.104,1.568,25.8,25.7,48.5,25.8,4.8,5.7,47.9,7.0,8.7,36.3,63.7,"[{""score"": ""1 - 1"", ""pct"": 11.709999999999999}, {""score"": ""0 - 1"", ""pct"": 11.43}, {""score"": ""1 - 2"", ""pct"": 9.71}]"
United States,Haiti,Neutral,1.468,1.086,44.9,26.7,28.4,44.5,7.3,8.7,28.0,4.9,6.6,60.5,39.5,"[{""score"": ""1 - 0"", ""pct"": 11.64}, {""score"": ""1 - 1"", ""pct"": 11.63}, {""score"": ""0 - 0"", ""pct"": 9.120000000000001}]"
United States,Uruguay,Neutral,1.073,1.554,25.3,26.9,47.8,24.7,4.6,6.2,48.2,7.2,9.1,35.5,64.5,"[{""score"": ""1 - 1"", ""pct"": 11.95}, {""score"": ""0 - 1"", ""pct"": 11.07}, {""score"": ""1 - 2"", ""pct"": 9.19}]"
United States,South Korea,Neutral,1.107,1.571,25.8,25.6,48.6,26.3,5.0,5.9,47.1,6.9,8.8,37.2,62.8,"[{""score"": ""1 - 1"", ""pct"": 12.04}, {""score"": ""0 - 1"", ""pct"": 11.469999999999999}, {""score"": ""1 - 2"", ""pct"": 9.75}]"
United States,Australia,Neutral,1.072,1.533,25.6,26.5,47.9,25.8,4.7,6.2,47.6,7.0,8.8,36.7,63.3,"[{""score"": ""1 - 1"", ""pct"": 12.18}, {""score"": ""0 - 1"", ""pct"": 11.42}, {""score"": ""1 - 2"", ""pct"": 9.370000000000001}]"
United States,Czech Republic,Neutral,1.443,1.148,43.0,27.7,29.4,43.3,6.6,8.4,29.9,5.4,6.4,58.3,41.7,"[{""score"": ""1 - 1"", ""pct"": 12.520000000000001}, {""score"": ""1 - 0"", ""pct"": 11.37}, {""score"": ""2 - 1"", ""pct"": 9.17}]"
United States,Cape Verde,Neutral,1.735,0.95,56.1,24.8,19.1,55.1,7.5,8.9,19.8,3.7,5.1,71.5,28.5,"[{""score"": ""1 - 0"", ""pct"": 12.120000000000001}, {""score"": ""1 - 1"", ""pct"": 10.91}, {""score"": ""2 - 1"", ""pct"": 9.86}]"
United States,Ghana,Neutral,1.745,0.886,58.2,24.5,17.2,58.9,7.0,9.0,17.4,3.2,4.4,74.9,25.1,"[{""score"": ""1 - 0"", ""pct"": 13.469999999999999}, {""score"": ""2 - 0"", ""pct"": 11.05}, {""score"": ""1 - 1"", ""pct"": 11.03}]"
United States,Netherlands,Neutral,1.061,1.612,24.1,25.1,50.8,23.5,4.7,6.3,49.4,7.3,8.9,34.4,65.6,"[{""score"": ""1 - 1"", ""pct"": 11.27}, {""score"": ""0 - 1"", ""pct"": 11.18}, {""score"": ""1 - 2"", ""pct"": 9.53}]"
United States,Ivory Coast,Neutral,1.279,1.241,36.7,28.0,35.3,37.8,6.3,7.8,34.7,5.7,7.7,51.9,48.1,"[{""score"": ""1 - 1"", ""pct"": 12.58}, {""score"": ""0 - 1"", ""pct"": 10.54}, {""score"": ""1 - 0"", ""pct"": 10.42}]"
United States,Scotland,Neutral,1.387,1.246,39.6,27.3,33.1,39.6,6.2,8.2,33.1,5.7,7.2,54.0,45.9,"[{""score"": ""1 - 1"", ""pct"": 12.08}, {""score"": ""1 - 0"", ""pct"": 10.0}, {""score"": ""0 - 1"", ""pct"": 9.45}]"
United States,Ecuador,Neutral,1.036,1.63,23.1,25.2,51.7,23.2,4.3,5.4,51.4,7.1,8.6,32.9,67.1,"[{""score"": ""0 - 1"", ""pct"": 11.98}, {""score"": ""1 - 1"", ""pct"": 11.48}, {""score"": ""1 - 2"", ""pct"": 9.42}]"
United States,Iran,Neutral,1.077,1.579,24.7,26.7,48.5,24.1,4.4,6.3,49.2,7.2,8.9,34.7,65.3,"[{""score"": ""1 - 1"", ""pct"": 12.509999999999998}, {""score"": ""0 - 1"", ""pct"": 11.34}, {""score"": ""1 - 2"", ""pct"": 9.46}]"
United States,Mexico,Neutral,1.012,1.596,22.9,26.7,50.4,22.8,4.3,5.7,50.9,7.3,9.0,32.8,67.2,"[{""score"": ""0 - 1"", ""pct"": 12.2}, {""score"": ""1 - 1"", ""pct"": 11.99}, {""score"": ""1 - 2"", ""pct"": 10.100000000000001}]"
United States,France,Neutral,0.881,1.835,16.3,23.4,60.3,16.8,3.4,4.1,60.0,7.4,8.3,24.2,75.8,"[{""score"": ""0 - 1"", ""pct"": 12.75}, {""score"": ""0 - 2"", ""pct"": 11.020000000000001}, {""score"": ""1 - 1"", ""pct"": 10.92}]"
United States,Algeria,Neutral,1.083,1.419,28.4,27.3,44.3,27.9,4.9,7.0,44.1,7.0,9.2,39.7,60.3,"[{""score"": ""1 - 1"", ""pct"": 12.09}, {""score"": ""0 - 1"", ""pct"": 11.200000000000001}, {""score"": ""0 - 0"", ""pct"": 9.17}]"
United States,Panama,Neutral,1.29,1.402,34.3,27.3,38.4,33.6,5.5,7.0,39.2,7.0,7.7,46.1,53.9,"[{""score"": ""1 - 1"", ""pct"": 12.58}, {""score"": ""1 - 0"", ""pct"": 9.22}, {""score"": ""0 - 1"", ""pct"": 9.21}]"
United States,Colombia,Neutral,0.981,1.818,19.2,24.1,56.6,18.7,3.5,4.8,56.8,7.7,8.5,27.0,73.0,"[{""score"": ""0 - 1"", ""pct"": 11.49}, {""score"": ""1 - 1"", ""pct"": 10.780000000000001}, {""score"": ""1 - 2"", ""pct"": 10.31}]"
United States,Portugal,Neutral,1.0,1.774,19.8,24.6,55.7,19.4,3.7,5.0,56.0,7.3,8.6,28.1,71.9,"[{""score"": ""1 - 1"", ""pct"": 11.21}, {""score"": ""0 - 1"", ""pct"": 10.79}, {""score"": ""1 - 2"", ""pct"": 9.959999999999999}]"
Uruguay,Saudi Arabia,Neutral,1.722,0.815,59.6,24.5,15.9,59.1,7.3,9.0,16.7,3.2,4.5,75.5,24.5,"[{""score"": ""1 - 0"", ""pct"": 14.42}, {""score"": ""2 - 0"", ""pct"": 11.67}, {""score"": ""1 - 1"", ""pct"": 11.360000000000001}]"
Uruguay,England,Neutral,0.976,1.441,24.7,27.9,47.4,23.8,4.7,6.9,47.5,7.1,10.0,35.4,64.6,"[{""score"": ""0 - 1"", ""pct"": 13.44}, {""score"": ""1 - 1"", ""pct"": 12.53}, {""score"": ""0 - 0"", ""pct"": 10.17}]"
Uruguay,Uzbekistan,Neutral,1.382,1.047,44.8,27.3,27.9,44.1,6.7,9.3,27.4,5.2,7.1,60.2,39.8,"[{""score"": ""1 - 0"", ""pct"": 12.33}, {""score"": ""1 - 1"", ""pct"": 11.98}, {""score"": ""0 - 0"", ""pct"": 9.62}]"
Uruguay,Austria,Neutral,1.406,1.056,44.0,28.2,27.8,43.6,6.9,9.0,28.1,5.6,6.8,59.6,40.4,"[{""score"": ""1 - 1"", ""pct"": 12.47}, {""score"": ""1 - 0"", ""pct"": 11.91}, {""score"": ""0 - 0"", ""pct"": 9.66}]"
Uruguay,Turkey,Neutral,1.255,1.17,37.5,28.7,33.8,37.5,6.2,8.7,33.4,5.6,8.6,52.4,47.6,"[{""score"": ""1 - 1"", ""pct"": 12.989999999999998}, {""score"": ""1 - 0"", ""pct"": 11.3}, {""score"": ""0 - 1"", ""pct"": 10.39}]"
Uruguay,Morocco,Neutral,1.081,1.315,29.3,29.3,41.3,28.6,5.4,7.6,41.9,6.7,9.7,41.7,58.3,"[{""score"": ""1 - 1"", ""pct"": 13.48}, {""score"": ""0 - 1"", ""pct"": 11.99}, {""score"": ""0 - 0"", ""pct"": 10.489999999999998}]"
Uruguay,DR Congo,Neutral,1.462,0.88,49.9,27.8,22.3,51.0,7.3,10.0,21.6,4.1,6.0,68.3,31.7,"[{""score"": ""1 - 0"", ""pct"": 14.08}, {""score"": ""1 - 1"", ""pct"": 12.509999999999998}, {""score"": ""0 - 0"", ""pct"": 10.4}]"
Uruguay,Japan,Neutral,1.063,1.306,29.1,29.4,41.4,28.6,5.8,7.8,41.3,6.9,9.6,42.2,57.8,"[{""score"": ""1 - 1"", ""pct"": 13.420000000000002}, {""score"": ""0 - 1"", ""pct"": 12.379999999999999}, {""score"": ""0 - 0"", ""pct"": 10.489999999999998}]"
Uruguay,Canada,Neutral,1.316,1.052,41.8,29.2,29.0,42.6,6.6,9.2,28.5,5.4,7.6,58.5,41.5,"[{""score"": ""1 - 1"", ""pct"": 13.270000000000001}, {""score"": ""1 - 0"", ""pct"": 12.11}, {""score"": ""0 - 0"", ""pct"": 10.549999999999999}]"
Uruguay,Argentina,Neutral,0.926,1.67,19.5,25.0,55.5,19.3,4.1,4.9,54.9,7.9,8.9,28.3,71.7,"[{""score"": ""0 - 1"", ""pct"": 13.930000000000001}, {""score"": ""1 - 1"", ""pct"": 10.97}, {""score"": ""0 - 2"", ""pct"": 10.47}]"
Uruguay,Tunisia,Neutral,1.589,0.91,54.1,25.6,20.3,53.1,7.7,9.8,20.1,3.9,5.4,70.6,29.4,"[{""score"": ""1 - 0"", ""pct"": 13.700000000000001}, {""score"": ""1 - 1"", ""pct"": 11.020000000000001}, {""score"": ""2 - 0"", ""pct"": 10.25}]"
Uruguay,Brazil,Neutral,1.061,1.527,25.8,26.5,47.7,25.2,4.6,6.4,48.5,6.9,8.5,36.2,63.8,"[{""score"": ""1 - 1"", ""pct"": 11.81}, {""score"": ""0 - 1"", ""pct"": 11.72}, {""score"": ""1 - 2"", ""pct"": 9.28}]"
Uruguay,Iraq,Neutral,1.547,0.889,52.7,27.0,20.4,52.6,7.5,9.9,20.8,3.8,5.5,70.0,30.0,"[{""score"": ""1 - 0"", ""pct"": 13.5}, {""score"": ""1 - 1"", ""pct"": 12.11}, {""score"": ""2 - 0"", ""pct"": 10.0}]"
Uruguay,Sweden,Neutral,1.832,0.861,60.2,23.7,16.1,61.3,7.3,8.4,16.2,2.8,3.9,77.0,23.0,"[{""score"": ""1 - 0"", ""pct"": 13.23}, {""score"": ""2 - 0"", ""pct"": 10.93}, {""score"": ""1 - 1"", ""pct"": 10.82}]"
Uruguay,Senegal,Neutral,1.304,1.165,38.8,29.3,31.9,39.3,6.1,8.5,32.6,5.9,7.6,53.9,46.1,"[{""score"": ""1 - 1"", ""pct"": 13.469999999999999}, {""score"": ""1 - 0"", ""pct"": 11.32}, {""score"": ""0 - 1"", ""pct"": 9.91}]"
Uruguay,Spain,Neutral,0.983,1.691,21.0,25.5,53.5,21.1,3.9,5.1,53.7,7.5,8.6,30.2,69.8,"[{""score"": ""0 - 1"", ""pct"": 11.95}, {""score"": ""1 - 1"", ""pct"": 11.49}, {""score"": ""1 - 2"", ""pct"": 10.0}]"
Uruguay,Paraguay,Neutral,1.34,1.089,41.8,28.8,29.4,42.0,6.6,9.4,29.6,5.1,7.3,58.0,42.0,"[{""score"": ""1 - 1"", ""pct"": 12.72}, {""score"": ""1 - 0"", ""pct"": 11.92}, {""score"": ""0 - 0"", ""pct"": 10.01}]"
Uruguay,New Zealand,Neutral,1.764,0.822,59.5,24.6,15.9,60.6,7.6,8.9,15.6,3.0,4.2,77.2,22.8,"[{""score"": ""1 - 0"", ""pct"": 14.05}, {""score"": ""2 - 0"", ""pct"": 11.15}, {""score"": ""1 - 1"", ""pct"": 10.54}]"
Uruguay,Qatar,Neutral,2.343,0.659,75.4,16.9,7.8,76.5,6.8,6.0,7.5,1.5,1.8,89.3,10.7,"[{""score"": ""2 - 0"", ""pct"": 13.87}, {""score"": ""1 - 0"", ""pct"": 12.23}, {""score"": ""3 - 0"", ""pct"": 10.54}]"
Uruguay,Norway,Neutral,1.295,1.204,38.6,28.8,32.6,37.7,6.3,8.8,34.0,5.6,7.6,52.8,47.2,"[{""score"": ""1 - 1"", ""pct"": 12.889999999999999}, {""score"": ""1 - 0"", ""pct"": 10.23}, {""score"": ""0 - 1"", ""pct"": 10.15}]"
Uruguay,Bosnia and Herzegovina,Neutral,1.979,0.714,67.6,21.2,11.2,67.2,7.4,8.3,11.5,2.5,3.2,82.8,17.2,"[{""score"": ""1 - 0"", ""pct"": 14.05}, {""score"": ""2 - 0"", ""pct"": 13.15}, {""score"": ""2 - 1"", ""pct"": 9.35}]"
Uruguay,Curaçao,Neutral,1.924,0.735,65.7,21.4,12.9,65.5,7.9,8.9,11.8,2.6,3.4,82.2,17.8,"[{""score"": ""1 - 0"", ""pct"": 14.280000000000001}, {""score"": ""2 - 0"", ""pct"": 13.03}, {""score"": ""1 - 1"", ""pct"": 9.64}]"
Uruguay,Belgium,Neutral,1.264,1.178,36.4,29.6,34.0,37.9,6.2,9.0,33.2,5.8,7.9,53.1,46.8,"[{""score"": ""1 - 1"", ""pct"": 13.36}, {""score"": ""0 - 1"", ""pct"": 11.12}, {""score"": ""1 - 0"", ""pct"": 10.639999999999999}]"
Uruguay,Switzerland,Neutral,1.341,1.147,41.0,28.5,30.5,39.8,6.6,8.8,31.9,5.6,7.3,55.2,44.8,"[{""score"": ""1 - 1"", ""pct"": 13.03}, {""score"": ""1 - 0"", ""pct"": 11.379999999999999}, {""score"": ""0 - 1"", ""pct"": 9.39}]"
Uruguay,Germany,Neutral,1.185,1.272,33.1,28.6,38.4,33.0,5.9,8.0,37.4,6.9,8.8,46.9,53.1,"[{""score"": ""1 - 1"", ""pct"": 13.08}, {""score"": ""0 - 1"", ""pct"": 11.15}, {""score"": ""1 - 0"", ""pct"": 9.92}]"
Uruguay,Egypt,Neutral,1.435,1.011,46.1,28.2,25.7,46.3,7.5,9.5,25.8,4.7,6.2,63.2,36.8,"[{""score"": ""1 - 0"", ""pct"": 12.879999999999999}, {""score"": ""1 - 1"", ""pct"": 12.709999999999999}, {""score"": ""0 - 0"", ""pct"": 9.69}]"
Uruguay,Jordan,Neutral,1.63,1.065,50.9,25.8,23.3,51.4,7.1,8.6,23.3,4.0,5.7,67.0,33.0,"[{""score"": ""1 - 1"", ""pct"": 11.63}, {""score"": ""1 - 0"", ""pct"": 11.07}, {""score"": ""2 - 1"", ""pct"": 10.059999999999999}]"
Uruguay,South Africa,Neutral,1.703,0.741,60.3,25.2,14.6,60.2,7.7,10.0,14.9,2.9,4.2,78.0,22.1,"[{""score"": ""1 - 0"", ""pct"": 15.5}, {""score"": ""2 - 0"", ""pct"": 11.62}, {""score"": ""1 - 1"", ""pct"": 11.26}]"
Uruguay,Croatia,Neutral,1.296,1.201,37.4,29.2,33.4,38.9,6.3,8.3,32.7,6.1,7.6,53.6,46.4,"[{""score"": ""1 - 1"", ""pct"": 12.740000000000002}, {""score"": ""1 - 0"", ""pct"": 10.190000000000001}, {""score"": ""0 - 0"", ""pct"": 9.75}]"
Uruguay,Haiti,Neutral,1.648,0.924,54.6,24.9,20.4,53.5,7.6,9.5,20.6,3.9,5.0,70.5,29.5,"[{""score"": ""1 - 0"", ""pct"": 12.57}, {""score"": ""1 - 1"", ""pct"": 11.05}, {""score"": ""2 - 0"", ""pct"": 10.33}]"
Uruguay,United States,Neutral,1.554,1.073,48.3,26.2,25.5,48.5,7.4,8.6,24.5,4.6,6.4,64.5,35.5,"[{""score"": ""1 - 1"", ""pct"": 12.17}, {""score"": ""1 - 0"", ""pct"": 11.15}, {""score"": ""2 - 1"", ""pct"": 9.790000000000001}]"
Uruguay,South Korea,Neutral,1.283,1.156,39.5,29.4,31.1,38.4,6.1,9.2,32.9,6.0,7.4,53.7,46.3,"[{""score"": ""1 - 1"", ""pct"": 13.370000000000001}, {""score"": ""1 - 0"", ""pct"": 11.88}, {""score"": ""0 - 1"", ""pct"": 10.08}]"
Uruguay,Australia,Neutral,1.244,1.166,37.1,28.7,34.2,37.1,6.4,9.1,33.8,5.7,8.0,52.6,47.4,"[{""score"": ""1 - 1"", ""pct"": 13.05}, {""score"": ""1 - 0"", ""pct"": 11.01}, {""score"": ""0 - 1"", ""pct"": 10.22}]"
Uruguay,Czech Republic,Neutral,1.648,0.961,53.4,25.9,20.7,53.2,7.3,8.9,21.1,4.0,5.4,69.5,30.5,"[{""score"": ""1 - 0"", ""pct"": 11.940000000000001}, {""score"": ""1 - 1"", ""pct"": 11.76}, {""score"": ""2 - 1"", ""pct"": 10.23}]"
Uruguay,Cape Verde,Neutral,1.785,0.758,61.9,23.9,14.2,62.7,7.6,9.2,14.0,2.8,3.8,79.5,20.5,"[{""score"": ""1 - 0"", ""pct"": 14.69}, {""score"": ""2 - 0"", ""pct"": 12.280000000000001}, {""score"": ""1 - 1"", ""pct"": 10.48}]"
Uruguay,Ghana,Neutral,1.815,0.707,64.6,23.2,12.1,64.9,7.2,9.3,12.5,2.7,3.4,81.4,18.6,"[{""score"": ""1 - 0"", ""pct"": 15.32}, {""score"": ""2 - 0"", ""pct"": 12.920000000000002}, {""score"": ""1 - 1"", ""pct"": 10.39}]"
Uruguay,Netherlands,Neutral,1.172,1.236,33.2,29.3,37.5,34.2,5.9,8.6,36.5,6.1,8.6,48.8,51.2,"[{""score"": ""1 - 1"", ""pct"": 13.19}, {""score"": ""0 - 1"", ""pct"": 11.28}, {""score"": ""1 - 0"", ""pct"": 10.31}]"
Uruguay,Ivory Coast,Neutral,1.474,1.051,47.2,27.4,25.4,46.1,6.9,9.7,25.7,4.9,6.7,62.7,37.3,"[{""score"": ""1 - 1"", ""pct"": 12.58}, {""score"": ""1 - 0"", ""pct"": 12.04}, {""score"": ""2 - 1"", ""pct"": 9.120000000000001}]"
Uruguay,Scotland,Neutral,1.597,1.059,49.6,26.0,24.4,49.5,7.3,8.6,24.2,4.5,5.9,65.4,34.6,"[{""score"": ""1 - 1"", ""pct"": 11.93}, {""score"": ""1 - 0"", ""pct"": 11.92}, {""score"": ""2 - 1"", ""pct"": 9.700000000000001}]"
Uruguay,Ecuador,Neutral,1.1,1.253,31.0,30.2,38.8,31.9,5.6,7.9,38.6,6.5,9.4,45.4,54.6,"[{""score"": ""1 - 1"", ""pct"": 13.38}, {""score"": ""0 - 1"", ""pct"": 11.690000000000001}, {""score"": ""0 - 0"", ""pct"": 10.870000000000001}]"
Uruguay,Iran,Neutral,1.25,1.174,36.7,29.5,33.9,37.8,6.2,8.4,33.4,6.2,8.1,52.4,47.6,"[{""score"": ""1 - 1"", ""pct"": 12.770000000000001}, {""score"": ""1 - 0"", ""pct"": 10.56}, {""score"": ""0 - 1"", ""pct"": 10.15}]"
Uruguay,Mexico,Neutral,1.11,1.181,33.2,30.1,36.6,33.4,5.6,8.6,37.1,6.0,9.4,47.5,52.4,"[{""score"": ""1 - 1"", ""pct"": 13.120000000000001}, {""score"": ""0 - 1"", ""pct"": 11.89}, {""score"": ""0 - 0"", ""pct"": 11.59}]"
Uruguay,France,Neutral,1.052,1.506,25.4,27.4,47.2,25.1,5.0,6.4,47.0,7.2,9.3,36.5,63.5,"[{""score"": ""1 - 1"", ""pct"": 12.540000000000001}, {""score"": ""0 - 1"", ""pct"": 11.57}, {""score"": ""1 - 2"", ""pct"": 9.16}]"
Uruguay,Algeria,Neutral,1.301,1.092,39.6,29.4,31.0,40.8,6.4,9.0,30.8,5.4,7.6,56.2,43.8,"[{""score"": ""1 - 1"", ""pct"": 13.38}, {""score"": ""1 - 0"", ""pct"": 11.84}, {""score"": ""0 - 1"", ""pct"": 10.34}]"
Uruguay,Panama,Neutral,1.531,1.087,46.6,27.7,25.7,47.2,7.0,8.7,26.1,4.7,6.3,63.0,37.0,"[{""score"": ""1 - 1"", ""pct"": 12.53}, {""score"": ""1 - 0"", ""pct"": 11.57}, {""score"": ""2 - 1"", ""pct"": 9.64}]"
Uruguay,Colombia,Neutral,1.061,1.486,25.8,27.2,47.0,26.4,4.7,6.5,46.9,6.8,8.8,37.5,62.5,"[{""score"": ""1 - 1"", ""pct"": 11.97}, {""score"": ""0 - 1"", ""pct"": 11.81}, {""score"": ""1 - 2"", ""pct"": 9.59}]"
Uruguay,Portugal,Neutral,1.114,1.367,30.2,28.1,41.7,30.5,5.6,7.3,40.6,6.9,9.1,43.4,56.6,"[{""score"": ""1 - 1"", ""pct"": 12.31}, {""score"": ""0 - 1"", ""pct"": 11.51}, {""score"": ""0 - 0"", ""pct"": 9.520000000000001}]"
South Korea,Saudi Arabia,Neutral,1.713,0.91,57.2,24.2,18.6,55.9,7.4,9.0,19.4,3.6,4.7,72.3,27.7,"[{""score"": ""1 - 0"", ""pct"": 13.700000000000001}, {""score"": ""1 - 1"", ""pct"": 11.020000000000001}, {""score"": ""2 - 1"", ""pct"": 9.77}]"
South Korea,England,Neutral,1.019,1.544,23.9,27.1,49.1,24.0,4.2,6.0,49.0,7.6,9.2,34.2,65.8,"[{""score"": ""1 - 1"", ""pct"": 12.01}, {""score"": ""0 - 1"", ""pct"": 11.690000000000001}, {""score"": ""1 - 2"", ""pct"": 10.0}]"
South Korea,Uzbekistan,Neutral,1.307,1.126,40.6,28.8,30.6,39.7,6.3,9.4,31.2,5.4,8.0,55.4,44.6,"[{""score"": ""1 - 1"", ""pct"": 12.67}, {""score"": ""1 - 0"", ""pct"": 12.280000000000001}, {""score"": ""0 - 0"", ""pct"": 10.16}]"
South Korea,Austria,Neutral,1.421,1.081,43.9,28.2,27.9,44.6,6.5,9.1,28.0,5.1,6.8,60.1,39.9,"[{""score"": ""1 - 1"", ""pct"": 12.47}, {""score"": ""1 - 0"", ""pct"": 11.73}, {""score"": ""0 - 0"", ""pct"": 9.24}]"
South Korea,Turkey,Neutral,1.227,1.244,34.4,29.6,36.0,35.6,6.2,8.5,35.5,6.2,8.1,50.2,49.8,"[{""score"": ""1 - 1"", ""pct"": 13.420000000000002}, {""score"": ""0 - 1"", ""pct"": 10.37}, {""score"": ""1 - 0"", ""pct"": 10.03}]"
South Korea,Morocco,Neutral,1.054,1.465,26.6,27.6,45.9,26.8,4.8,6.4,45.9,7.3,8.8,37.9,62.1,"[{""score"": ""0 - 1"", ""pct"": 12.47}, {""score"": ""1 - 1"", ""pct"": 12.139999999999999}, {""score"": ""1 - 2"", ""pct"": 9.370000000000001}]"
South Korea,DR Congo,Neutral,1.436,0.954,48.4,28.1,23.6,48.6,7.0,10.2,23.6,4.5,6.1,65.8,34.2,"[{""score"": ""1 - 0"", ""pct"": 13.469999999999999}, {""score"": ""1 - 1"", ""pct"": 12.35}, {""score"": ""0 - 0"", ""pct"": 10.290000000000001}]"
South Korea,Japan,Neutral,1.035,1.447,26.5,27.4,46.1,26.8,4.4,6.4,45.7,7.5,9.1,37.7,62.3,"[{""score"": ""0 - 1"", ""pct"": 12.370000000000001}, {""score"": ""1 - 1"", ""pct"": 12.18}, {""score"": ""0 - 0"", ""pct"": 9.51}]"
South Korea,Canada,Neutral,1.216,1.15,36.2,30.1,33.7,36.7,6.2,9.0,33.7,5.8,8.6,52.0,48.0,"[{""score"": ""1 - 1"", ""pct"": 13.700000000000001}, {""score"": ""1 - 0"", ""pct"": 11.450000000000001}, {""score"": ""0 - 1"", ""pct"": 10.41}]"
South Korea,Argentina,Neutral,0.829,1.711,16.7,25.4,57.9,17.3,2.9,4.7,58.0,7.7,9.3,25.0,75.0,"[{""score"": ""0 - 1"", ""pct"": 13.99}, {""score"": ""0 - 2"", ""pct"": 11.44}, {""score"": ""1 - 1"", ""pct"": 11.379999999999999}]"
South Korea,Tunisia,Neutral,1.566,1.008,49.5,27.3,23.2,51.2,6.9,8.7,23.5,4.0,5.8,66.7,33.3,"[{""score"": ""1 - 1"", ""pct"": 12.46}, {""score"": ""1 - 0"", ""pct"": 12.02}, {""score"": ""2 - 0"", ""pct"": 9.19}]"
South Korea,Brazil,Neutral,1.076,1.577,24.6,25.8,49.6,25.4,4.9,5.8,48.4,7.2,8.4,36.0,64.0,"[{""score"": ""0 - 1"", ""pct"": 11.81}, {""score"": ""1 - 1"", ""pct"": 11.799999999999999}, {""score"": ""1 - 2"", ""pct"": 9.92}]"
South Korea,Iraq,Neutral,1.548,0.975,50.6,26.6,22.9,49.5,7.5,9.3,23.1,4.3,6.2,66.3,33.7,"[{""score"": ""1 - 0"", ""pct"": 12.24}, {""score"": ""1 - 1"", ""pct"": 11.92}, {""score"": ""2 - 1"", ""pct"": 9.879999999999999}]"
South Korea,Sweden,Neutral,1.803,0.971,56.6,24.7,18.7,57.1,7.8,8.2,18.8,3.5,4.5,73.1,26.9,"[{""score"": ""1 - 0"", ""pct"": 11.600000000000001}, {""score"": ""1 - 1"", ""pct"": 11.49}, {""score"": ""2 - 1"", ""pct"": 9.959999999999999}]"
South Korea,Senegal,Neutral,1.264,1.245,35.5,29.0,35.5,36.1,6.4,8.5,34.8,6.0,8.2,51.0,49.0,"[{""score"": ""1 - 1"", ""pct"": 13.66}, {""score"": ""0 - 1"", ""pct"": 10.639999999999999}, {""score"": ""1 - 0"", ""pct"": 10.100000000000001}]"
South Korea,Spain,Neutral,0.882,1.733,17.8,24.6,57.6,17.9,3.7,5.0,56.9,7.5,8.9,26.6,73.4,"[{""score"": ""0 - 1"", ""pct"": 12.64}, {""score"": ""1 - 2"", ""pct"": 10.95}, {""score"": ""1 - 1"", ""pct"": 10.84}]"
South Korea,Paraguay,Neutral,1.257,1.199,37.3,28.8,33.9,37.6,6.4,8.4,33.2,6.2,8.2,52.4,47.6,"[{""score"": ""1 - 1"", ""pct"": 13.08}, {""score"": ""1 - 0"", ""pct"": 11.01}, {""score"": ""0 - 1"", ""pct"": 10.39}]"
South Korea,New Zealand,Neutral,1.745,0.936,56.6,24.3,19.1,57.0,7.4,8.7,18.6,3.6,4.6,73.2,26.8,"[{""score"": ""1 - 0"", ""pct"": 12.6}, {""score"": ""1 - 1"", ""pct"": 10.69}, {""score"": ""2 - 0"", ""pct"": 10.4}]"
South Korea,Qatar,Neutral,2.041,0.687,69.2,20.2,10.6,69.3,7.1,8.4,10.5,1.9,2.7,84.9,15.1,"[{""score"": ""1 - 0"", ""pct"": 13.66}, {""score"": ""2 - 0"", ""pct"": 13.420000000000002}, {""score"": ""2 - 1"", ""pct"": 9.56}]"
South Korea,Norway,Neutral,1.228,1.32,33.8,27.5,38.6,33.6,5.9,7.9,38.3,6.4,7.8,47.5,52.5,"[{""score"": ""1 - 1"", ""pct"": 12.2}, {""score"": ""0 - 1"", ""pct"": 11.1}, {""score"": ""1 - 0"", ""pct"": 10.040000000000001}]"
South Korea,Bosnia and Herzegovina,Neutral,1.941,0.72,66.5,21.3,12.2,66.7,7.9,8.2,11.9,2.3,3.0,82.7,17.3,"[{""score"": ""1 - 0"", ""pct"": 14.56}, {""score"": ""2 - 0"", ""pct"": 12.870000000000001}, {""score"": ""1 - 1"", ""pct"": 9.56}]"
South Korea,Curaçao,Neutral,1.917,0.743,65.8,22.2,12.0,65.8,7.8,8.3,12.4,2.4,3.3,81.8,18.1,"[{""score"": ""1 - 0"", ""pct"": 14.2}, {""score"": ""2 - 0"", ""pct"": 12.509999999999998}, {""score"": ""1 - 1"", ""pct"": 9.85}]"
South Korea,Belgium,Neutral,1.237,1.266,35.1,28.4,36.5,35.1,5.8,8.1,36.6,6.2,8.2,49.0,51.0,"[{""score"": ""1 - 1"", ""pct"": 12.590000000000002}, {""score"": ""0 - 1"", ""pct"": 10.489999999999998}, {""score"": ""1 - 0"", ""pct"": 10.0}]"
South Korea,Switzerland,Neutral,1.269,1.269,35.7,28.4,35.9,35.4,6.2,8.4,35.9,6.1,7.9,50.1,49.9,"[{""score"": ""1 - 1"", ""pct"": 13.16}, {""score"": ""1 - 0"", ""pct"": 10.25}, {""score"": ""0 - 1"", ""pct"": 10.209999999999999}]"
South Korea,Germany,Neutral,1.165,1.374,31.3,28.5,40.2,30.9,5.4,7.7,40.8,6.9,8.3,44.0,56.0,"[{""score"": ""1 - 1"", ""pct"": 12.590000000000002}, {""score"": ""0 - 1"", ""pct"": 10.03}, {""score"": ""0 - 0"", ""pct"": 9.370000000000001}]"
South Korea,Egypt,Neutral,1.4,1.018,44.7,28.7,26.6,45.2,7.2,9.5,26.2,5.0,6.9,61.9,38.1,"[{""score"": ""1 - 1"", ""pct"": 12.7}, {""score"": ""1 - 0"", ""pct"": 11.83}, {""score"": ""0 - 0"", ""pct"": 10.42}]"
South Korea,Jordan,Neutral,1.588,1.076,47.7,26.7,25.6,48.0,7.1,8.9,25.0,4.6,6.3,64.1,35.9,"[{""score"": ""1 - 1"", ""pct"": 12.139999999999999}, {""score"": ""1 - 0"", ""pct"": 11.219999999999999}, {""score"": ""2 - 1"", ""pct"": 9.39}]"
South Korea,South Africa,Neutral,1.727,0.871,57.9,23.9,18.1,57.2,7.9,9.1,17.3,3.7,4.8,74.2,25.8,"[{""score"": ""1 - 0"", ""pct"": 13.120000000000001}, {""score"": ""2 - 0"", ""pct"": 10.93}, {""score"": ""1 - 1"", ""pct"": 10.45}]"
South Korea,Croatia,Neutral,1.21,1.31,33.4,28.5,38.0,33.4,5.8,7.8,38.6,6.2,8.3,47.0,53.0,"[{""score"": ""1 - 1"", ""pct"": 12.590000000000002}, {""score"": ""0 - 1"", ""pct"": 10.71}, {""score"": ""1 - 0"", ""pct"": 9.86}]"
South Korea,Haiti,Neutral,1.641,1.033,51.7,25.3,23.0,51.8,6.8,8.6,23.1,4.3,5.5,67.2,32.8,"[{""score"": ""1 - 0"", ""pct"": 11.76}, {""score"": ""1 - 1"", ""pct"": 11.540000000000001}, {""score"": ""2 - 1"", ""pct"": 9.44}]"
South Korea,United States,Neutral,1.571,1.107,48.0,26.1,25.9,48.8,6.4,8.3,25.8,4.8,6.0,63.5,36.5,"[{""score"": ""1 - 1"", ""pct"": 11.92}, {""score"": ""1 - 0"", ""pct"": 11.29}, {""score"": ""2 - 1"", ""pct"": 9.42}]"
South Korea,Uruguay,Neutral,1.156,1.283,32.5,28.5,39.0,32.4,5.5,8.2,39.1,6.3,8.4,46.2,53.8,"[{""score"": ""1 - 1"", ""pct"": 12.870000000000001}, {""score"": ""0 - 1"", ""pct"": 11.23}, {""score"": ""0 - 0"", ""pct"": 9.790000000000001}]"
South Korea,Australia,Neutral,1.186,1.284,33.8,28.6,37.6,32.2,6.1,8.2,38.4,6.7,8.5,46.4,53.6,"[{""score"": ""1 - 1"", ""pct"": 12.49}, {""score"": ""0 - 1"", ""pct"": 10.620000000000001}, {""score"": ""1 - 0"", ""pct"": 10.33}]"
South Korea,Czech Republic,Neutral,1.626,1.056,49.4,27.0,23.6,50.9,6.9,8.3,23.9,4.2,5.8,66.2,33.9,"[{""score"": ""1 - 1"", ""pct"": 12.23}, {""score"": ""1 - 0"", ""pct"": 11.23}, {""score"": ""2 - 1"", ""pct"": 9.42}]"
South Korea,Cape Verde,Neutral,1.79,0.802,60.6,24.6,14.8,61.3,7.5,9.0,15.2,2.9,4.2,77.8,22.2,"[{""score"": ""1 - 0"", ""pct"": 13.76}, {""score"": ""2 - 0"", ""pct"": 11.75}, {""score"": ""1 - 1"", ""pct"": 11.020000000000001}]"
South Korea,Ghana,Neutral,1.815,0.748,63.6,22.9,13.5,63.0,7.8,9.3,13.3,2.8,3.6,80.2,19.8,"[{""score"": ""1 - 0"", ""pct"": 14.75}, {""score"": ""2 - 0"", ""pct"": 12.879999999999999}, {""score"": ""1 - 1"", ""pct"": 10.16}]"
South Korea,Netherlands,Neutral,1.15,1.337,31.5,28.1,40.4,30.9,5.2,7.2,40.7,6.9,9.1,43.3,56.7,"[{""score"": ""1 - 1"", ""pct"": 12.6}, {""score"": ""0 - 1"", ""pct"": 11.379999999999999}, {""score"": ""1 - 0"", ""pct"": 9.719999999999999}]"
South Korea,Ivory Coast,Neutral,1.436,1.064,45.0,27.9,27.1,44.7,7.3,9.4,26.9,4.8,6.8,61.5,38.5,"[{""score"": ""1 - 1"", ""pct"": 12.75}, {""score"": ""1 - 0"", ""pct"": 11.97}, {""score"": ""0 - 0"", ""pct"": 9.139999999999999}]"
South Korea,Scotland,Neutral,1.534,1.074,49.0,25.6,25.4,47.1,7.1,8.7,26.1,4.5,6.5,62.9,37.1,"[{""score"": ""1 - 0"", ""pct"": 11.78}, {""score"": ""1 - 1"", ""pct"": 11.48}, {""score"": ""2 - 1"", ""pct"": 9.78}]"
South Korea,Ecuador,Neutral,1.063,1.391,27.5,29.2,43.3,27.9,5.2,7.6,43.7,6.8,8.7,40.8,59.2,"[{""score"": ""1 - 1"", ""pct"": 13.23}, {""score"": ""0 - 1"", ""pct"": 12.280000000000001}, {""score"": ""0 - 0"", ""pct"": 9.64}]"
South Korea,Iran,Neutral,1.201,1.283,34.1,28.3,37.6,33.2,6.1,8.1,37.5,6.2,8.8,47.5,52.5,"[{""score"": ""1 - 1"", ""pct"": 12.61}, {""score"": ""0 - 1"", ""pct"": 10.85}, {""score"": ""1 - 0"", ""pct"": 10.59}]"
South Korea,Mexico,Neutral,1.067,1.308,29.8,28.8,41.4,29.3,5.2,7.4,42.0,6.5,9.6,41.9,58.1,"[{""score"": ""1 - 1"", ""pct"": 13.020000000000001}, {""score"": ""0 - 1"", ""pct"": 12.959999999999999}, {""score"": ""1 - 0"", ""pct"": 10.03}]"
South Korea,France,Neutral,1.086,1.632,24.3,25.3,50.3,23.9,4.2,5.7,50.5,6.6,9.0,33.9,66.1,"[{""score"": ""1 - 1"", ""pct"": 11.469999999999999}, {""score"": ""0 - 1"", ""pct"": 11.34}, {""score"": ""1 - 2"", ""pct"": 10.01}]"
South Korea,Algeria,Neutral,1.203,1.197,36.2,28.6,35.2,35.3,6.2,8.4,35.3,6.0,8.8,49.9,50.1,"[{""score"": ""1 - 1"", ""pct"": 12.75}, {""score"": ""1 - 0"", ""pct"": 10.95}, {""score"": ""0 - 1"", ""pct"": 10.66}]"
South Korea,Panama,Neutral,1.422,1.166,42.9,27.2,30.0,42.0,6.7,8.1,30.6,5.3,7.3,56.7,43.3,"[{""score"": ""1 - 1"", ""pct"": 12.479999999999999}, {""score"": ""1 - 0"", ""pct"": 11.28}, {""score"": ""2 - 1"", ""pct"": 9.47}]"
South Korea,Colombia,Neutral,1.077,1.525,26.8,26.3,46.9,25.3,5.2,6.2,47.2,7.0,9.1,36.7,63.3,"[{""score"": ""1 - 1"", ""pct"": 11.959999999999999}, {""score"": ""0 - 1"", ""pct"": 11.75}, {""score"": ""1 - 2"", ""pct"": 9.01}]"
South Korea,Portugal,Neutral,1.099,1.512,26.6,27.4,46.0,27.1,4.9,5.9,46.4,7.1,8.6,37.9,62.1,"[{""score"": ""1 - 1"", ""pct"": 13.04}, {""score"": ""0 - 1"", ""pct"": 11.72}, {""score"": ""1 - 2"", ""pct"": 9.030000000000001}]"
Australia,Saudi Arabia,Neutral,1.738,0.897,57.1,24.9,18.0,57.7,7.8,8.5,17.5,3.6,5.0,74.0,26.0,"[{""score"": ""1 - 0"", ""pct"": 12.83}, {""score"": ""1 - 1"", ""pct"": 10.83}, {""score"": ""2 - 0"", ""pct"": 10.48}]"
Australia,England,Neutral,0.991,1.44,24.0,28.5,47.5,25.1,4.6,6.8,46.0,7.7,9.7,36.5,63.5,"[{""score"": ""0 - 1"", ""pct"": 12.989999999999998}, {""score"": ""1 - 1"", ""pct"": 12.950000000000001}, {""score"": ""0 - 0"", ""pct"": 10.040000000000001}]"
Australia,Uzbekistan,Neutral,1.311,1.058,41.6,29.1,29.3,41.3,6.5,9.3,29.2,5.7,7.9,57.2,42.8,"[{""score"": ""1 - 1"", ""pct"": 13.11}, {""score"": ""1 - 0"", ""pct"": 12.46}, {""score"": ""0 - 0"", ""pct"": 10.22}]"
Australia,Austria,Neutral,1.382,1.047,44.3,27.9,27.8,44.5,7.2,9.5,27.3,4.7,6.7,61.2,38.8,"[{""score"": ""1 - 0"", ""pct"": 12.53}, {""score"": ""1 - 1"", ""pct"": 12.379999999999999}, {""score"": ""0 - 0"", ""pct"": 9.9}]"
Australia,Turkey,Neutral,1.236,1.202,35.6,28.6,35.8,36.9,6.3,9.0,33.8,5.9,8.0,52.3,47.7,"[{""score"": ""1 - 1"", ""pct"": 12.86}, {""score"": ""1 - 0"", ""pct"": 10.71}, {""score"": ""0 - 1"", ""pct"": 10.620000000000001}]"
Australia,Morocco,Neutral,1.051,1.347,28.6,28.7,42.8,28.9,5.1,7.6,42.6,6.8,9.0,41.6,58.4,"[{""score"": ""1 - 1"", ""pct"": 12.959999999999999}, {""score"": ""0 - 1"", ""pct"": 12.01}, {""score"": ""0 - 0"", ""pct"": 9.959999999999999}]"
Australia,DR Congo,Neutral,1.446,0.948,49.0,28.0,23.0,48.2,7.2,9.6,23.6,4.7,6.6,65.1,34.9,"[{""score"": ""1 - 0"", ""pct"": 14.000000000000002}, {""score"": ""1 - 1"", ""pct"": 12.58}, {""score"": ""2 - 0"", ""pct"": 9.87}]"
Australia,Japan,Neutral,1.02,1.427,26.6,27.2,46.2,26.4,4.7,6.6,45.6,7.2,9.4,37.7,62.3,"[{""score"": ""0 - 1"", ""pct"": 12.53}, {""score"": ""1 - 1"", ""pct"": 12.27}, {""score"": ""1 - 2"", ""pct"": 9.21}]"
Australia,Canada,Neutral,1.214,1.091,38.1,29.5,32.3,38.6,6.1,9.1,32.2,5.9,8.2,53.8,46.2,"[{""score"": ""1 - 1"", ""pct"": 13.120000000000001}, {""score"": ""1 - 0"", ""pct"": 12.509999999999998}, {""score"": ""0 - 0"", ""pct"": 10.91}]"
Australia,Argentina,Neutral,0.862,1.665,18.1,25.6,56.3,18.6,3.5,4.9,55.9,7.5,9.7,26.9,73.1,"[{""score"": ""0 - 1"", ""pct"": 14.280000000000001}, {""score"": ""1 - 1"", ""pct"": 11.29}, {""score"": ""0 - 2"", ""pct"": 10.41}]"
Australia,Tunisia,Neutral,1.555,0.922,51.8,26.9,21.3,51.6,7.5,9.2,21.6,4.2,5.9,68.3,31.7,"[{""score"": ""1 - 0"", ""pct"": 13.459999999999999}, {""score"": ""1 - 1"", ""pct"": 11.77}, {""score"": ""2 - 0"", ""pct"": 9.69}]"
Australia,Brazil,Neutral,1.065,1.514,25.7,26.9,47.4,24.6,5.0,6.1,47.7,7.4,9.2,35.7,64.3,"[{""score"": ""1 - 1"", ""pct"": 11.72}, {""score"": ""0 - 1"", ""pct"": 11.58}, {""score"": ""1 - 2"", ""pct"": 9.180000000000001}]"
Australia,Iraq,Neutral,1.5,0.953,48.6,28.0,23.4,49.7,7.3,9.4,23.2,4.3,6.0,66.4,33.6,"[{""score"": ""1 - 0"", ""pct"": 12.76}, {""score"": ""1 - 1"", ""pct"": 12.7}, {""score"": ""0 - 0"", ""pct"": 9.71}]"
Australia,Sweden,Neutral,1.838,0.954,58.2,23.5,18.3,59.1,7.6,7.9,18.1,3.2,4.1,74.6,25.4,"[{""score"": ""1 - 0"", ""pct"": 11.700000000000001}, {""score"": ""1 - 1"", ""pct"": 10.32}, {""score"": ""2 - 1"", ""pct"": 10.07}]"
Australia,Senegal,Neutral,1.317,1.201,38.5,29.0,32.5,38.4,6.8,8.4,32.9,5.6,7.8,53.6,46.4,"[{""score"": ""1 - 1"", ""pct"": 13.16}, {""score"": ""1 - 0"", ""pct"": 10.65}, {""score"": ""0 - 0"", ""pct"": 9.4}]"
Australia,Spain,Neutral,0.918,1.687,18.8,25.4,55.7,19.3,3.5,4.8,56.0,7.3,9.3,27.5,72.5,"[{""score"": ""0 - 1"", ""pct"": 12.91}, {""score"": ""1 - 1"", ""pct"": 11.59}, {""score"": ""0 - 2"", ""pct"": 9.959999999999999}]"
Australia,Paraguay,Neutral,1.297,1.133,40.2,29.0,30.8,39.4,7.1,9.0,31.1,5.9,7.6,55.5,44.5,"[{""score"": ""1 - 1"", ""pct"": 13.3}, {""score"": ""1 - 0"", ""pct"": 11.14}, {""score"": ""0 - 1"", ""pct"": 9.86}]"
Australia,New Zealand,Neutral,1.762,0.915,57.9,23.8,18.3,57.1,7.6,8.8,18.4,3.5,4.7,73.5,26.5,"[{""score"": ""1 - 0"", ""pct"": 12.32}, {""score"": ""2 - 0"", ""pct"": 10.58}, {""score"": ""1 - 1"", ""pct"": 10.489999999999998}]"
Australia,Qatar,Neutral,2.16,0.685,72.2,18.5,9.3,72.3,7.4,7.2,9.2,1.8,2.1,86.8,13.2,"[{""score"": ""1 - 0"", ""pct"": 13.8}, {""score"": ""2 - 0"", ""pct"": 13.270000000000001}, {""score"": ""3 - 0"", ""pct"": 9.74}]"
Australia,Norway,Neutral,1.227,1.238,35.6,28.8,35.6,35.2,6.0,8.6,35.6,6.0,8.6,49.8,50.2,"[{""score"": ""1 - 1"", ""pct"": 13.23}, {""score"": ""1 - 0"", ""pct"": 10.39}, {""score"": ""0 - 1"", ""pct"": 10.27}]"
Australia,Bosnia and Herzegovina,Neutral,1.927,0.718,65.9,21.8,12.3,66.0,7.5,8.1,12.3,2.6,3.4,81.7,18.4,"[{""score"": ""1 - 0"", ""pct"": 14.69}, {""score"": ""2 - 0"", ""pct"": 12.790000000000001}, {""score"": ""1 - 1"", ""pct"": 9.700000000000001}]"
Australia,Curaçao,Neutral,1.929,0.733,65.8,21.6,12.5,66.2,7.4,8.4,12.2,2.4,3.3,82.1,17.9,"[{""score"": ""1 - 0"", ""pct"": 13.63}, {""score"": ""2 - 0"", ""pct"": 12.94}, {""score"": ""2 - 1"", ""pct"": 9.790000000000001}]"
Australia,Belgium,Neutral,1.275,1.218,36.8,29.0,34.2,37.0,6.2,8.3,34.6,5.8,8.1,51.5,48.5,"[{""score"": ""1 - 1"", ""pct"": 13.639999999999999}, {""score"": ""1 - 0"", ""pct"": 10.83}, {""score"": ""0 - 1"", ""pct"": 9.87}]"
Australia,Switzerland,Neutral,1.313,1.199,38.6,28.5,32.9,38.6,6.6,8.4,33.1,5.7,7.6,53.6,46.4,"[{""score"": ""1 - 1"", ""pct"": 12.78}, {""score"": ""1 - 0"", ""pct"": 11.31}, {""score"": ""0 - 1"", ""pct"": 10.0}]"
Australia,Germany,Neutral,1.159,1.34,31.4,29.3,39.3,32.1,5.8,7.2,40.4,6.3,8.3,45.1,54.9,"[{""score"": ""1 - 1"", ""pct"": 13.420000000000002}, {""score"": ""0 - 1"", ""pct"": 10.71}, {""score"": ""1 - 0"", ""pct"": 9.78}]"
Australia,Egypt,Neutral,1.41,0.997,46.2,28.1,25.6,45.5,7.2,9.4,26.2,4.9,6.8,62.2,37.8,"[{""score"": ""1 - 0"", ""pct"": 13.139999999999999}, {""score"": ""1 - 1"", ""pct"": 12.61}, {""score"": ""0 - 0"", ""pct"": 9.94}]"
Australia,Jordan,Neutral,1.586,1.058,49.3,26.6,24.1,49.8,7.1,8.4,24.6,4.7,5.4,65.3,34.7,"[{""score"": ""1 - 1"", ""pct"": 11.91}, {""score"": ""1 - 0"", ""pct"": 11.5}, {""score"": ""2 - 1"", ""pct"": 9.51}]"
Australia,South Africa,Neutral,1.694,0.779,59.9,24.4,15.7,59.9,7.9,9.6,15.2,3.0,4.4,77.4,22.6,"[{""score"": ""1 - 0"", ""pct"": 14.799999999999999}, {""score"": ""2 - 0"", ""pct"": 12.26}, {""score"": ""1 - 1"", ""pct"": 10.73}]"
Australia,Croatia,Neutral,1.246,1.224,36.4,28.7,34.9,37.0,5.9,8.2,34.4,6.2,8.2,51.2,48.8,"[{""score"": ""1 - 1"", ""pct"": 12.870000000000001}, {""score"": ""1 - 0"", ""pct"": 10.489999999999998}, {""score"": ""0 - 1"", ""pct"": 10.43}]"
Australia,Haiti,Neutral,1.623,0.94,53.7,25.9,20.4,54.0,7.1,9.0,20.9,3.7,5.3,70.2,29.8,"[{""score"": ""1 - 0"", ""pct"": 12.65}, {""score"": ""1 - 1"", ""pct"": 11.48}, {""score"": ""2 - 0"", ""pct"": 9.86}]"
Australia,United States,Neutral,1.533,1.072,47.0,27.4,25.6,48.4,7.2,8.8,24.3,5.1,6.1,64.5,35.5,"[{""score"": ""1 - 1"", ""pct"": 12.0}, {""score"": ""1 - 0"", ""pct"": 10.92}, {""score"": ""2 - 1"", ""pct"": 9.790000000000001}]"
Australia,Uruguay,Neutral,1.166,1.244,33.3,28.6,38.0,32.5,5.8,8.1,38.3,6.9,8.3,46.4,53.6,"[{""score"": ""1 - 1"", ""pct"": 13.209999999999999}, {""score"": ""0 - 1"", ""pct"": 11.61}, {""score"": ""1 - 0"", ""pct"": 10.059999999999999}]"
Australia,South Korea,Neutral,1.284,1.186,38.2,29.3,32.4,38.1,6.4,8.5,32.2,6.2,8.5,53.0,47.0,"[{""score"": ""1 - 1"", ""pct"": 13.54}, {""score"": ""1 - 0"", ""pct"": 10.81}, {""score"": ""0 - 0"", ""pct"": 9.81}]"
Australia,Czech Republic,Neutral,1.649,1.037,51.8,25.1,23.1,52.2,7.6,8.2,22.1,4.2,5.6,68.1,31.9,"[{""score"": ""1 - 0"", ""pct"": 11.32}, {""score"": ""1 - 1"", ""pct"": 11.16}, {""score"": ""2 - 1"", ""pct"": 9.86}]"
Australia,Cape Verde,Neutral,1.793,0.756,62.5,23.7,13.9,62.6,7.9,8.7,14.3,2.7,3.8,79.2,20.8,"[{""score"": ""1 - 0"", ""pct"": 14.78}, {""score"": ""2 - 0"", ""pct"": 12.7}, {""score"": ""1 - 1"", ""pct"": 10.75}]"
Australia,Ghana,Neutral,1.825,0.709,64.3,23.0,12.8,64.6,7.5,9.1,12.5,2.5,3.6,81.3,18.7,"[{""score"": ""1 - 0"", ""pct"": 14.97}, {""score"": ""2 - 0"", ""pct"": 13.270000000000001}, {""score"": ""1 - 1"", ""pct"": 9.950000000000001}]"
Australia,Netherlands,Neutral,1.15,1.296,32.0,29.4,38.6,31.8,5.7,8.3,38.2,6.6,9.4,45.8,54.2,"[{""score"": ""1 - 1"", ""pct"": 13.530000000000001}, {""score"": ""0 - 1"", ""pct"": 11.360000000000001}, {""score"": ""1 - 0"", ""pct"": 9.91}]"
Australia,Ivory Coast,Neutral,1.397,1.045,43.9,28.8,27.3,44.7,6.9,9.3,26.7,5.2,7.2,61.0,39.0,"[{""score"": ""1 - 1"", ""pct"": 13.28}, {""score"": ""1 - 0"", ""pct"": 11.790000000000001}, {""score"": ""0 - 0"", ""pct"": 9.6}]"
Australia,Scotland,Neutral,1.519,1.053,47.4,26.8,25.8,48.2,7.5,8.9,24.5,4.6,6.3,64.6,35.4,"[{""score"": ""1 - 0"", ""pct"": 11.91}, {""score"": ""1 - 1"", ""pct"": 11.86}, {""score"": ""2 - 1"", ""pct"": 9.229999999999999}]"
Australia,Ecuador,Neutral,1.058,1.284,28.9,29.6,41.5,30.3,5.0,8.4,40.5,6.8,9.0,43.6,56.4,"[{""score"": ""1 - 1"", ""pct"": 13.23}, {""score"": ""0 - 1"", ""pct"": 12.85}, {""score"": ""0 - 0"", ""pct"": 10.86}]"
Australia,Iran,Neutral,1.191,1.206,34.8,29.1,36.1,35.4,6.5,8.3,35.5,5.7,8.5,50.3,49.7,"[{""score"": ""1 - 1"", ""pct"": 13.309999999999999}, {""score"": ""0 - 1"", ""pct"": 11.08}, {""score"": ""1 - 0"", ""pct"": 10.79}]"
Australia,Mexico,Neutral,1.085,1.239,31.2,29.3,39.5,31.3,5.8,8.1,38.9,6.5,9.4,45.2,54.8,"[{""score"": ""1 - 1"", ""pct"": 13.089999999999998}, {""score"": ""0 - 1"", ""pct"": 12.33}, {""score"": ""0 - 0"", ""pct"": 10.879999999999999}]"
Australia,France,Neutral,1.065,1.573,24.9,26.3,48.8,25.1,4.7,5.9,48.0,7.2,9.0,35.8,64.2,"[{""score"": ""1 - 1"", ""pct"": 11.73}, {""score"": ""0 - 1"", ""pct"": 10.96}, {""score"": ""1 - 2"", ""pct"": 9.76}]"
Australia,Algeria,Neutral,1.201,1.145,36.9,28.5,34.6,37.1,6.4,8.9,33.6,5.9,8.2,52.3,47.7,"[{""score"": ""1 - 1"", ""pct"": 12.91}, {""score"": ""1 - 0"", ""pct"": 11.29}, {""score"": ""0 - 1"", ""pct"": 11.21}]"
Australia,Panama,Neutral,1.543,1.096,46.4,27.2,26.4,47.6,7.2,8.7,25.6,5.0,5.9,63.5,36.5,"[{""score"": ""1 - 1"", ""pct"": 12.25}, {""score"": ""1 - 0"", ""pct"": 11.21}, {""score"": ""2 - 1"", ""pct"": 8.85}]"
Australia,Colombia,Neutral,1.056,1.486,26.2,27.1,46.7,25.6,4.8,6.6,47.3,6.8,8.9,37.0,63.0,"[{""score"": ""1 - 1"", ""pct"": 12.25}, {""score"": ""0 - 1"", ""pct"": 11.899999999999999}, {""score"": ""1 - 2"", ""pct"": 9.2}]"
Australia,Portugal,Neutral,1.084,1.477,27.4,27.1,45.5,27.2,5.0,6.3,45.2,7.0,9.3,38.4,61.6,"[{""score"": ""1 - 1"", ""pct"": 12.09}, {""score"": ""0 - 1"", ""pct"": 11.450000000000001}, {""score"": ""1 - 2"", ""pct"": 9.030000000000001}]"
Czech Republic,Saudi Arabia,Neutral,1.351,1.135,41.8,28.0,30.2,42.0,6.7,9.4,29.1,5.3,7.5,58.1,41.9,"[{""score"": ""1 - 1"", ""pct"": 12.950000000000001}, {""score"": ""1 - 0"", ""pct"": 11.25}, {""score"": ""0 - 1"", ""pct"": 9.39}]"
Czech Republic,England,Neutral,0.803,1.825,14.6,23.2,62.2,14.7,3.0,3.9,61.8,7.8,8.8,21.6,78.4,"[{""score"": ""0 - 1"", ""pct"": 13.569999999999999}, {""score"": ""0 - 2"", ""pct"": 11.57}, {""score"": ""1 - 1"", ""pct"": 10.059999999999999}]"
Czech Republic,Uzbekistan,Neutral,1.031,1.466,25.1,28.6,46.3,25.3,4.6,6.2,47.2,7.1,9.6,36.2,63.8,"[{""score"": ""1 - 1"", ""pct"": 13.08}, {""score"": ""0 - 1"", ""pct"": 12.26}, {""score"": ""0 - 0"", ""pct"": 9.229999999999999}]"
Czech Republic,Austria,Neutral,1.066,1.406,27.4,29.0,43.6,27.9,5.3,6.8,44.0,6.7,9.2,40.0,60.0,"[{""score"": ""1 - 1"", ""pct"": 13.38}, {""score"": ""0 - 1"", ""pct"": 11.360000000000001}, {""score"": ""0 - 0"", ""pct"": 9.71}]"
Czech Republic,Turkey,Neutral,1.018,1.658,22.2,25.6,52.2,22.2,4.0,5.4,51.9,7.8,8.8,31.5,68.5,"[{""score"": ""1 - 1"", ""pct"": 11.540000000000001}, {""score"": ""0 - 1"", ""pct"": 11.14}, {""score"": ""1 - 2"", ""pct"": 9.87}]"
Czech Republic,Morocco,Neutral,0.909,1.868,17.0,23.0,60.0,17.3,3.3,3.6,60.5,7.0,8.3,24.3,75.7,"[{""score"": ""0 - 1"", ""pct"": 12.32}, {""score"": ""0 - 2"", ""pct"": 11.29}, {""score"": ""1 - 1"", ""pct"": 10.41}]"
Czech Republic,DR Congo,Neutral,1.105,1.129,34.3,30.2,35.5,34.7,6.2,9.1,35.2,5.7,9.1,50.0,50.0,"[{""score"": ""1 - 1"", ""pct"": 13.270000000000001}, {""score"": ""0 - 1"", ""pct"": 12.030000000000001}, {""score"": ""1 - 0"", ""pct"": 11.78}]"
Czech Republic,Japan,Neutral,0.911,1.805,17.7,23.5,58.7,17.2,3.3,4.5,58.6,7.3,9.1,25.0,75.0,"[{""score"": ""0 - 1"", ""pct"": 12.5}, {""score"": ""0 - 2"", ""pct"": 10.530000000000001}, {""score"": ""1 - 1"", ""pct"": 10.43}]"
Czech Republic,Canada,Neutral,0.992,1.493,24.3,27.0,48.6,23.5,4.9,6.3,48.1,7.4,9.7,34.8,65.2,"[{""score"": ""0 - 1"", ""pct"": 12.73}, {""score"": ""1 - 1"", ""pct"": 12.31}, {""score"": ""1 - 2"", ""pct"": 9.5}]"
Czech Republic,Argentina,Neutral,0.759,2.09,11.4,19.6,69.0,11.4,2.2,3.0,68.5,7.5,7.5,16.6,83.4,"[{""score"": ""0 - 2"", ""pct"": 13.18}, {""score"": ""0 - 1"", ""pct"": 12.770000000000001}, {""score"": ""1 - 2"", ""pct"": 9.9}]"
Czech Republic,Tunisia,Neutral,1.23,1.195,36.7,28.9,34.5,36.6,6.0,8.3,34.4,6.2,8.5,50.9,49.1,"[{""score"": ""1 - 1"", ""pct"": 13.15}, {""score"": ""1 - 0"", ""pct"": 11.49}, {""score"": ""0 - 1"", ""pct"": 11.21}]"
Czech Republic,Brazil,Neutral,0.903,1.934,15.5,22.2,62.3,15.8,2.8,3.6,61.7,7.7,8.4,22.2,77.8,"[{""score"": ""0 - 1"", ""pct"": 11.86}, {""score"": ""0 - 2"", ""pct"": 10.51}, {""score"": ""1 - 2"", ""pct"": 10.39}]"
Czech Republic,Iraq,Neutral,1.195,1.165,34.8,30.3,34.9,35.5,6.5,8.6,34.7,6.2,8.6,50.5,49.5,"[{""score"": ""1 - 1"", ""pct"": 13.459999999999999}, {""score"": ""0 - 1"", ""pct"": 11.09}, {""score"": ""1 - 0"", ""pct"": 10.97}]"
Czech Republic,Sweden,Neutral,1.41,1.198,41.5,27.6,30.9,41.4,6.6,8.6,30.8,5.5,7.2,56.6,43.4,"[{""score"": ""1 - 1"", ""pct"": 12.790000000000001}, {""score"": ""1 - 0"", ""pct"": 10.2}, {""score"": ""0 - 1"", ""pct"": 9.030000000000001}]"
Czech Republic,Senegal,Neutral,1.055,1.626,23.2,25.3,51.6,23.1,4.6,5.8,50.5,7.3,8.6,33.5,66.5,"[{""score"": ""0 - 1"", ""pct"": 11.88}, {""score"": ""1 - 1"", ""pct"": 11.540000000000001}, {""score"": ""1 - 2"", ""pct"": 9.54}]"
Czech Republic,Spain,Neutral,0.792,2.101,12.6,19.3,68.0,11.6,2.1,2.8,68.4,7.5,7.5,16.6,83.4,"[{""score"": ""0 - 1"", ""pct"": 12.17}, {""score"": ""0 - 2"", ""pct"": 11.99}, {""score"": ""1 - 2"", ""pct"": 9.51}]"
Czech Republic,Paraguay,Neutral,1.06,1.522,25.3,26.5,48.2,25.8,4.6,6.3,47.5,7.1,8.7,36.7,63.3,"[{""score"": ""1 - 1"", ""pct"": 11.88}, {""score"": ""0 - 1"", ""pct"": 11.48}, {""score"": ""1 - 2"", ""pct"": 9.790000000000001}]"
Czech Republic,New Zealand,Neutral,1.374,1.188,40.4,28.0,31.6,40.9,6.7,8.0,31.5,5.2,7.7,55.6,44.4,"[{""score"": ""1 - 1"", ""pct"": 12.24}, {""score"": ""1 - 0"", ""pct"": 10.85}, {""score"": ""0 - 1"", ""pct"": 9.5}]"
Czech Republic,Qatar,Neutral,1.811,0.859,60.1,24.0,15.9,60.0,7.6,9.0,15.9,3.4,4.0,76.7,23.4,"[{""score"": ""1 - 0"", ""pct"": 13.100000000000001}, {""score"": ""2 - 0"", ""pct"": 11.559999999999999}, {""score"": ""1 - 1"", ""pct"": 11.26}]"
Czech Republic,Norway,Neutral,1.038,1.701,22.3,24.8,52.9,22.0,4.3,5.6,52.4,7.0,8.6,32.0,68.0,"[{""score"": ""0 - 1"", ""pct"": 11.42}, {""score"": ""1 - 1"", ""pct"": 10.83}, {""score"": ""1 - 2"", ""pct"": 9.67}]"
Czech Republic,Bosnia and Herzegovina,Neutral,1.663,1.01,52.1,26.0,21.9,51.8,7.6,8.5,22.5,4.1,5.4,68.0,32.0,"[{""score"": ""1 - 0"", ""pct"": 11.93}, {""score"": ""1 - 1"", ""pct"": 11.379999999999999}, {""score"": ""2 - 1"", ""pct"": 9.85}]"
Czech Republic,Curaçao,Neutral,1.663,1.044,50.6,25.9,23.5,51.9,7.0,8.3,23.2,4.3,5.3,67.2,32.8,"[{""score"": ""1 - 0"", ""pct"": 11.78}, {""score"": ""1 - 1"", ""pct"": 11.65}, {""score"": ""2 - 1"", ""pct"": 9.6}]"
Czech Republic,Belgium,Neutral,1.019,1.658,21.7,25.3,52.9,22.7,4.0,5.8,51.7,7.5,8.4,32.4,67.6,"[{""score"": ""0 - 1"", ""pct"": 12.2}, {""score"": ""1 - 1"", ""pct"": 11.23}, {""score"": ""1 - 2"", ""pct"": 9.71}]"
Czech Republic,Switzerland,Neutral,1.048,1.61,23.2,26.6,50.2,23.2,4.2,5.9,50.5,7.1,9.1,33.3,66.7,"[{""score"": ""1 - 1"", ""pct"": 12.0}, {""score"": ""0 - 1"", ""pct"": 11.48}, {""score"": ""1 - 2"", ""pct"": 9.68}]"
Czech Republic,Germany,Neutral,0.965,1.833,18.3,23.7,58.0,17.9,3.9,4.5,58.2,7.6,7.8,26.3,73.7,"[{""score"": ""0 - 1"", ""pct"": 11.66}, {""score"": ""1 - 1"", ""pct"": 10.459999999999999}, {""score"": ""1 - 2"", ""pct"": 9.98}]"
Czech Republic,Egypt,Neutral,1.092,1.302,30.3,28.8,40.9,29.2,5.6,7.9,41.7,6.7,8.9,42.7,57.3,"[{""score"": ""1 - 1"", ""pct"": 13.05}, {""score"": ""0 - 1"", ""pct"": 11.85}, {""score"": ""0 - 0"", ""pct"": 10.22}]"
Czech Republic,Jordan,Neutral,1.313,1.386,34.6,27.5,38.0,34.2,5.9,7.8,38.0,6.3,7.7,48.0,52.0,"[{""score"": ""1 - 1"", ""pct"": 12.57}, {""score"": ""0 - 1"", ""pct"": 9.19}, {""score"": ""1 - 0"", ""pct"": 8.98}]"
Czech Republic,South Africa,Neutral,1.435,1.054,46.0,27.7,26.3,45.7,6.9,9.4,26.6,4.9,6.5,62.0,38.0,"[{""score"": ""1 - 0"", ""pct"": 12.49}, {""score"": ""1 - 1"", ""pct"": 12.46}, {""score"": ""0 - 0"", ""pct"": 9.36}]"
Czech Republic,Croatia,Neutral,1.082,1.682,23.1,25.5,51.4,23.8,4.1,4.8,51.5,7.3,8.5,32.7,67.3,"[{""score"": ""1 - 1"", ""pct"": 11.91}, {""score"": ""0 - 1"", ""pct"": 11.07}, {""score"": ""1 - 2"", ""pct"": 9.73}]"
Czech Republic,Haiti,Neutral,1.247,1.233,36.0,28.8,35.1,35.9,6.1,8.2,35.2,6.2,8.4,50.2,49.8,"[{""score"": ""1 - 1"", ""pct"": 13.170000000000002}, {""score"": ""0 - 1"", ""pct"": 10.32}, {""score"": ""1 - 0"", ""pct"": 10.27}]"
Czech Republic,United States,Neutral,1.148,1.443,29.6,26.9,43.5,28.8,5.0,6.9,44.1,6.4,8.8,40.7,59.3,"[{""score"": ""1 - 1"", ""pct"": 12.389999999999999}, {""score"": ""0 - 1"", ""pct"": 11.1}, {""score"": ""1 - 2"", ""pct"": 9.27}]"
Czech Republic,Uruguay,Neutral,0.961,1.648,20.6,26.0,53.4,21.4,3.8,5.2,53.3,7.6,8.7,30.4,69.6,"[{""score"": ""0 - 1"", ""pct"": 11.87}, {""score"": ""1 - 1"", ""pct"": 11.72}, {""score"": ""0 - 2"", ""pct"": 10.47}]"
Czech Republic,South Korea,Neutral,1.056,1.626,23.2,26.2,50.6,23.9,4.6,5.5,50.1,7.3,8.6,34.1,66.0,"[{""score"": ""1 - 1"", ""pct"": 11.74}, {""score"": ""0 - 1"", ""pct"": 11.24}, {""score"": ""1 - 2"", ""pct"": 9.719999999999999}]"
Czech Republic,Australia,Neutral,1.037,1.649,22.9,25.0,52.1,22.3,4.4,5.4,51.6,8.3,8.1,32.1,67.9,"[{""score"": ""0 - 1"", ""pct"": 12.1}, {""score"": ""1 - 1"", ""pct"": 11.379999999999999}, {""score"": ""1 - 2"", ""pct"": 9.51}]"
Czech Republic,Cape Verde,Neutral,1.481,1.057,46.6,27.1,26.3,46.7,7.7,9.2,24.9,4.9,6.8,63.5,36.5,"[{""score"": ""1 - 1"", ""pct"": 12.32}, {""score"": ""1 - 0"", ""pct"": 12.049999999999999}, {""score"": ""0 - 0"", ""pct"": 9.2}]"
Czech Republic,Ghana,Neutral,1.518,1.01,48.7,27.2,24.2,48.9,7.0,9.6,23.7,4.9,6.0,65.4,34.6,"[{""score"": ""1 - 0"", ""pct"": 12.68}, {""score"": ""1 - 1"", ""pct"": 12.370000000000001}, {""score"": ""2 - 1"", ""pct"": 9.66}]"
Czech Republic,Netherlands,Neutral,0.953,1.731,19.2,25.1,55.7,18.9,3.4,4.9,56.3,7.7,8.8,27.2,72.8,"[{""score"": ""0 - 1"", ""pct"": 12.57}, {""score"": ""1 - 1"", ""pct"": 11.59}, {""score"": ""0 - 2"", ""pct"": 10.25}]"
Czech Republic,Ivory Coast,Neutral,1.092,1.387,28.6,28.0,43.4,28.0,4.9,7.6,43.7,6.9,9.0,40.4,59.6,"[{""score"": ""1 - 1"", ""pct"": 12.26}, {""score"": ""0 - 1"", ""pct"": 11.799999999999999}, {""score"": ""0 - 0"", ""pct"": 9.84}]"
Czech Republic,Scotland,Neutral,1.186,1.39,31.8,28.1,40.1,29.9,5.7,7.3,41.8,6.7,8.7,42.8,57.2,"[{""score"": ""1 - 1"", ""pct"": 12.839999999999998}, {""score"": ""0 - 1"", ""pct"": 10.91}, {""score"": ""1 - 0"", ""pct"": 9.26}]"
Czech Republic,Ecuador,Neutral,0.929,1.696,19.0,25.4,55.6,19.9,3.5,4.7,55.5,7.6,8.9,28.0,72.0,"[{""score"": ""0 - 1"", ""pct"": 13.089999999999998}, {""score"": ""1 - 1"", ""pct"": 11.690000000000001}, {""score"": ""0 - 2"", ""pct"": 10.52}]"
Czech Republic,Iran,Neutral,1.033,1.682,22.1,25.8,52.0,21.3,4.3,5.1,53.5,7.2,8.6,30.7,69.3,"[{""score"": ""1 - 1"", ""pct"": 11.99}, {""score"": ""0 - 1"", ""pct"": 11.89}, {""score"": ""1 - 2"", ""pct"": 9.86}]"
Czech Republic,Mexico,Neutral,0.908,1.713,18.8,24.9,56.3,18.9,3.6,4.8,56.9,7.4,8.5,27.2,72.8,"[{""score"": ""0 - 1"", ""pct"": 12.86}, {""score"": ""1 - 1"", ""pct"": 11.020000000000001}, {""score"": ""0 - 2"", ""pct"": 10.209999999999999}]"
Czech Republic,France,Neutral,0.838,1.876,14.8,22.6,62.6,14.6,2.9,4.0,63.0,7.2,8.3,21.5,78.5,"[{""score"": ""0 - 1"", ""pct"": 12.709999999999999}, {""score"": ""0 - 2"", ""pct"": 11.89}, {""score"": ""1 - 1"", ""pct"": 10.39}]"
Czech Republic,Algeria,Neutral,0.984,1.552,22.5,26.9,50.6,23.0,4.0,5.6,50.2,7.8,9.4,32.6,67.3,"[{""score"": ""1 - 1"", ""pct"": 12.809999999999999}, {""score"": ""0 - 1"", ""pct"": 12.35}, {""score"": ""1 - 2"", ""pct"": 9.28}]"
Czech Republic,Panama,Neutral,1.126,1.526,27.5,26.8,45.7,27.0,5.1,6.2,46.8,6.8,8.0,38.3,61.7,"[{""score"": ""1 - 1"", ""pct"": 12.32}, {""score"": ""0 - 1"", ""pct"": 10.870000000000001}, {""score"": ""1 - 2"", ""pct"": 9.33}]"
Czech Republic,Colombia,Neutral,0.866,1.825,16.4,23.6,60.0,16.2,3.5,4.2,60.3,7.1,8.7,23.9,76.1,"[{""score"": ""0 - 1"", ""pct"": 13.389999999999999}, {""score"": ""1 - 1"", ""pct"": 10.35}, {""score"": ""0 - 2"", ""pct"": 10.299999999999999}]"
Czech Republic,Portugal,Neutral,0.898,1.824,16.6,23.5,59.9,17.2,3.1,4.1,60.1,7.2,8.4,24.4,75.7,"[{""score"": ""0 - 1"", ""pct"": 12.870000000000001}, {""score"": ""0 - 2"", ""pct"": 10.58}, {""score"": ""1 - 1"", ""pct"": 10.48}]"
Cape Verde,Saudi Arabia,Neutral,1.09,1.392,28.9,27.8,43.3,28.5,5.1,7.1,43.5,6.4,9.2,40.8,59.2,"[{""score"": ""1 - 1"", ""pct"": 12.13}, {""score"": ""0 - 1"", ""pct"": 11.78}, {""score"": ""0 - 0"", ""pct"": 9.55}]"
Cape Verde,England,Neutral,0.662,2.076,9.8,19.4,70.8,9.5,1.8,2.5,71.1,7.2,7.8,13.9,86.1,"[{""score"": ""0 - 1"", ""pct"": 14.16}, {""score"": ""0 - 2"", ""pct"": 13.81}, {""score"": ""1 - 2"", ""pct"": 9.39}]"
Cape Verde,Uzbekistan,Neutral,0.883,1.694,18.4,24.6,57.0,18.7,3.5,4.6,56.8,7.4,9.1,26.8,73.2,"[{""score"": ""0 - 1"", ""pct"": 13.71}, {""score"": ""1 - 1"", ""pct"": 11.129999999999999}, {""score"": ""0 - 2"", ""pct"": 10.37}]"
Cape Verde,Austria,Neutral,0.879,1.684,18.2,25.7,56.1,19.0,3.9,4.3,56.0,7.6,9.2,27.2,72.8,"[{""score"": ""0 - 1"", ""pct"": 13.100000000000001}, {""score"": ""1 - 1"", ""pct"": 11.690000000000001}, {""score"": ""0 - 2"", ""pct"": 10.6}]"
Cape Verde,Turkey,Neutral,0.743,1.813,13.5,23.8,62.7,13.9,2.8,3.9,62.7,7.5,9.2,20.6,79.4,"[{""score"": ""0 - 1"", ""pct"": 14.729999999999999}, {""score"": ""0 - 2"", ""pct"": 12.22}, {""score"": ""1 - 1"", ""pct"": 10.68}]"
Cape Verde,Morocco,Neutral,0.726,2.072,10.6,20.2,69.2,11.4,2.2,2.7,69.1,7.7,7.0,16.2,83.8,"[{""score"": ""0 - 1"", ""pct"": 13.209999999999999}, {""score"": ""0 - 2"", ""pct"": 12.920000000000002}, {""score"": ""1 - 2"", ""pct"": 9.41}]"
Cape Verde,DR Congo,Neutral,0.935,1.372,25.1,28.3,46.6,25.3,4.2,7.1,45.6,7.4,10.5,36.6,63.4,"[{""score"": ""0 - 1"", ""pct"": 14.24}, {""score"": ""1 - 1"", ""pct"": 12.32}, {""score"": ""0 - 0"", ""pct"": 10.780000000000001}]"
Cape Verde,Japan,Neutral,0.729,1.995,11.5,21.0,67.5,11.2,2.3,2.7,68.6,7.0,8.2,16.2,83.8,"[{""score"": ""0 - 1"", ""pct"": 13.750000000000002}, {""score"": ""0 - 2"", ""pct"": 13.29}, {""score"": ""1 - 2"", ""pct"": 9.65}]"
Cape Verde,Canada,Neutral,0.791,1.715,15.6,24.4,59.9,15.2,3.3,4.2,59.3,7.9,10.1,22.7,77.3,"[{""score"": ""0 - 1"", ""pct"": 14.860000000000001}, {""score"": ""0 - 2"", ""pct"": 11.48}, {""score"": ""1 - 1"", ""pct"": 10.69}]"
Cape Verde,Argentina,Neutral,0.65,2.262,7.8,17.6,74.6,8.1,1.5,1.9,74.7,6.9,6.9,11.5,88.5,"[{""score"": ""0 - 2"", ""pct"": 14.14}, {""score"": ""0 - 1"", ""pct"": 12.920000000000002}, {""score"": ""0 - 3"", ""pct"": 9.700000000000001}]"
Cape Verde,Tunisia,Neutral,0.981,1.42,25.2,28.2,46.7,24.6,4.7,7.0,47.0,7.3,9.4,36.3,63.7,"[{""score"": ""0 - 1"", ""pct"": 12.989999999999998}, {""score"": ""1 - 1"", ""pct"": 12.72}, {""score"": ""0 - 0"", ""pct"": 10.39}]"
Cape Verde,Brazil,Neutral,0.723,2.142,10.7,18.6,70.8,10.0,2.1,2.4,71.2,7.0,7.2,14.5,85.5,"[{""score"": ""0 - 2"", ""pct"": 13.18}, {""score"": ""0 - 1"", ""pct"": 12.83}, {""score"": ""1 - 2"", ""pct"": 9.19}]"
Cape Verde,Iraq,Neutral,0.972,1.368,26.2,28.6,45.3,24.9,5.1,7.1,46.1,6.8,10.0,37.2,62.8,"[{""score"": ""0 - 1"", ""pct"": 13.8}, {""score"": ""1 - 1"", ""pct"": 12.5}, {""score"": ""0 - 0"", ""pct"": 10.59}]"
Cape Verde,Sweden,Neutral,1.122,1.442,29.1,27.2,43.7,28.5,5.3,6.9,43.7,6.6,9.0,40.7,59.3,"[{""score"": ""1 - 1"", ""pct"": 12.23}, {""score"": ""0 - 1"", ""pct"": 11.18}, {""score"": ""1 - 0"", ""pct"": 9.2}]"
Cape Verde,Senegal,Neutral,0.798,1.799,15.1,23.6,61.3,15.6,3.2,4.0,61.0,7.7,8.4,22.8,77.2,"[{""score"": ""0 - 1"", ""pct"": 13.819999999999999}, {""score"": ""0 - 2"", ""pct"": 11.82}, {""score"": ""1 - 1"", ""pct"": 10.82}]"
Cape Verde,Spain,Neutral,0.68,2.266,8.8,17.1,74.1,8.7,1.9,2.2,73.9,6.5,6.9,12.7,87.3,"[{""score"": ""0 - 2"", ""pct"": 13.200000000000001}, {""score"": ""0 - 1"", ""pct"": 12.370000000000001}, {""score"": ""0 - 3"", ""pct"": 10.47}]"
Cape Verde,Paraguay,Neutral,0.829,1.726,16.4,24.7,58.9,16.5,3.3,4.5,58.7,7.7,9.3,24.2,75.8,"[{""score"": ""0 - 1"", ""pct"": 13.309999999999999}, {""score"": ""0 - 2"", ""pct"": 11.62}, {""score"": ""1 - 1"", ""pct"": 10.83}]"
Cape Verde,New Zealand,Neutral,1.098,1.421,27.9,28.1,44.0,27.9,5.1,6.9,43.6,7.4,9.1,39.9,60.1,"[{""score"": ""1 - 1"", ""pct"": 12.31}, {""score"": ""0 - 1"", ""pct"": 11.790000000000001}, {""score"": ""0 - 0"", ""pct"": 9.29}]"
Cape Verde,Qatar,Neutral,1.496,1.036,47.9,27.4,24.7,47.6,7.6,9.2,24.9,4.4,6.3,64.4,35.6,"[{""score"": ""1 - 1"", ""pct"": 12.389999999999999}, {""score"": ""1 - 0"", ""pct"": 12.379999999999999}, {""score"": ""0 - 0"", ""pct"": 9.19}]"
Cape Verde,Norway,Neutral,0.777,1.827,14.5,23.3,62.2,14.1,2.8,3.8,62.8,7.5,9.0,20.8,79.2,"[{""score"": ""0 - 1"", ""pct"": 13.780000000000001}, {""score"": ""0 - 2"", ""pct"": 12.43}, {""score"": ""1 - 1"", ""pct"": 10.48}]"
Cape Verde,Bosnia and Herzegovina,Neutral,1.322,1.102,41.4,28.7,29.9,41.1,6.7,8.7,30.6,5.5,7.4,56.5,43.5,"[{""score"": ""1 - 1"", ""pct"": 12.8}, {""score"": ""1 - 0"", ""pct"": 11.600000000000001}, {""score"": ""0 - 0"", ""pct"": 10.05}]"
Cape Verde,Curaçao,Neutral,1.314,1.15,39.9,28.6,31.4,39.8,6.3,8.8,32.0,5.5,7.6,54.9,45.1,"[{""score"": ""1 - 1"", ""pct"": 12.82}, {""score"": ""1 - 0"", ""pct"": 11.3}, {""score"": ""0 - 0"", ""pct"": 9.62}]"
Cape Verde,Belgium,Neutral,0.775,1.811,14.5,23.1,62.5,14.3,2.9,3.9,62.2,7.7,9.0,21.1,78.9,"[{""score"": ""0 - 1"", ""pct"": 14.540000000000001}, {""score"": ""0 - 2"", ""pct"": 11.99}, {""score"": ""1 - 1"", ""pct"": 10.32}]"
Cape Verde,Switzerland,Neutral,0.818,1.82,15.6,23.7,60.7,14.8,2.9,3.7,61.9,7.3,9.4,21.4,78.6,"[{""score"": ""0 - 1"", ""pct"": 13.34}, {""score"": ""0 - 2"", ""pct"": 11.59}, {""score"": ""1 - 1"", ""pct"": 11.09}]"
Cape Verde,Germany,Neutral,0.759,1.981,12.7,21.0,66.3,12.4,2.1,3.3,66.8,7.3,8.1,17.8,82.2,"[{""score"": ""0 - 1"", ""pct"": 13.270000000000001}, {""score"": ""0 - 2"", ""pct"": 12.379999999999999}, {""score"": ""1 - 1"", ""pct"": 9.84}]"
Cape Verde,Egypt,Neutral,0.936,1.518,22.2,27.0,50.8,21.8,4.4,5.8,50.4,7.6,10.0,31.9,68.1,"[{""score"": ""0 - 1"", ""pct"": 13.52}, {""score"": ""1 - 1"", ""pct"": 12.0}, {""score"": ""0 - 0"", ""pct"": 9.53}]"
Cape Verde,Jordan,Neutral,1.143,1.685,24.6,25.9,49.5,25.1,4.4,5.5,49.2,7.5,8.3,35.1,64.9,"[{""score"": ""1 - 1"", ""pct"": 11.91}, {""score"": ""0 - 1"", ""pct"": 10.51}, {""score"": ""1 - 2"", ""pct"": 9.56}]"
Cape Verde,South Africa,Neutral,1.125,1.246,31.5,30.0,38.5,32.0,5.7,8.5,37.9,6.7,9.3,46.2,53.8,"[{""score"": ""1 - 1"", ""pct"": 13.65}, {""score"": ""0 - 1"", ""pct"": 11.33}, {""score"": ""0 - 0"", ""pct"": 10.52}]"
Cape Verde,Croatia,Neutral,0.78,1.838,14.5,23.7,61.8,14.3,2.6,3.5,62.6,7.8,9.2,20.4,79.6,"[{""score"": ""0 - 1"", ""pct"": 13.68}, {""score"": ""0 - 2"", ""pct"": 11.600000000000001}, {""score"": ""1 - 1"", ""pct"": 10.879999999999999}]"
Cape Verde,Haiti,Neutral,0.989,1.451,24.2,28.0,47.7,25.2,4.7,6.7,46.7,6.9,9.7,36.7,63.3,"[{""score"": ""0 - 1"", ""pct"": 12.61}, {""score"": ""1 - 1"", ""pct"": 12.49}, {""score"": ""0 - 0"", ""pct"": 10.059999999999999}]"
Cape Verde,United States,Neutral,0.95,1.735,19.3,23.8,56.8,19.8,3.7,4.4,56.3,7.2,8.5,27.9,72.1,"[{""score"": ""0 - 1"", ""pct"": 13.020000000000001}, {""score"": ""1 - 1"", ""pct"": 10.85}, {""score"": ""0 - 2"", ""pct"": 9.8}]"
Cape Verde,Uruguay,Neutral,0.758,1.785,14.1,23.8,62.1,14.5,2.6,3.9,61.9,7.9,9.2,21.0,79.0,"[{""score"": ""0 - 1"", ""pct"": 14.71}, {""score"": ""0 - 2"", ""pct"": 12.01}, {""score"": ""1 - 1"", ""pct"": 10.41}]"
Cape Verde,South Korea,Neutral,0.802,1.79,15.2,23.9,60.9,15.4,3.0,3.9,60.3,8.0,9.5,22.2,77.8,"[{""score"": ""0 - 1"", ""pct"": 13.469999999999999}, {""score"": ""0 - 2"", ""pct"": 11.940000000000001}, {""score"": ""1 - 1"", ""pct"": 10.58}]"
Cape Verde,Australia,Neutral,0.756,1.793,14.0,23.3,62.7,15.0,3.1,3.8,61.3,7.7,9.2,21.9,78.1,"[{""score"": ""0 - 1"", ""pct"": 15.0}, {""score"": ""0 - 2"", ""pct"": 12.43}, {""score"": ""1 - 1"", ""pct"": 10.07}]"
Cape Verde,Czech Republic,Neutral,1.057,1.481,26.2,26.9,46.9,25.9,4.7,5.9,47.2,7.0,9.2,36.5,63.5,"[{""score"": ""1 - 1"", ""pct"": 12.6}, {""score"": ""0 - 1"", ""pct"": 12.13}, {""score"": ""1 - 2"", ""pct"": 9.030000000000001}]"
Cape Verde,Ghana,Neutral,1.219,1.13,37.7,29.5,32.8,38.3,6.0,9.1,33.0,5.5,8.1,53.3,46.6,"[{""score"": ""1 - 1"", ""pct"": 13.4}, {""score"": ""1 - 0"", ""pct"": 11.600000000000001}, {""score"": ""0 - 0"", ""pct"": 10.68}]"
Cape Verde,Netherlands,Neutral,0.754,1.864,13.6,22.5,63.9,13.4,2.8,3.5,63.8,8.0,8.4,19.7,80.3,"[{""score"": ""0 - 1"", ""pct"": 14.21}, {""score"": ""0 - 2"", ""pct"": 12.19}, {""score"": ""1 - 1"", ""pct"": 10.37}]"
Cape Verde,Ivory Coast,Neutral,0.96,1.657,20.7,25.9,53.3,20.7,4.1,5.5,53.9,6.7,9.1,30.3,69.7,"[{""score"": ""0 - 1"", ""pct"": 12.870000000000001}, {""score"": ""1 - 1"", ""pct"": 11.64}, {""score"": ""0 - 2"", ""pct"": 9.610000000000001}]"
Cape Verde,Scotland,Neutral,1.041,1.654,22.8,25.7,51.5,22.6,4.1,5.2,52.2,7.0,9.0,31.8,68.2,"[{""score"": ""0 - 1"", ""pct"": 11.540000000000001}, {""score"": ""1 - 1"", ""pct"": 11.41}, {""score"": ""1 - 2"", ""pct"": 9.790000000000001}]"
Cape Verde,Ecuador,Neutral,0.744,1.886,13.1,22.2,64.8,13.2,2.5,3.2,64.5,7.6,9.0,18.9,81.1,"[{""score"": ""0 - 1"", ""pct"": 13.88}, {""score"": ""0 - 2"", ""pct"": 12.97}, {""score"": ""1 - 1"", ""pct"": 9.82}]"
Cape Verde,Iran,Neutral,0.748,1.817,13.7,23.3,63.0,13.9,2.5,3.7,63.3,7.7,8.9,20.0,80.0,"[{""score"": ""0 - 1"", ""pct"": 14.46}, {""score"": ""0 - 2"", ""pct"": 12.24}, {""score"": ""1 - 1"", ""pct"": 10.09}]"
Cape Verde,Mexico,Neutral,0.725,1.778,14.3,23.6,62.1,13.9,2.9,3.7,63.0,7.3,9.2,20.5,79.5,"[{""score"": ""0 - 1"", ""pct"": 15.07}, {""score"": ""0 - 2"", ""pct"": 12.46}, {""score"": ""1 - 1"", ""pct"": 10.82}]"
Cape Verde,France,Neutral,0.691,2.146,10.1,18.0,71.9,9.4,1.7,2.2,72.0,7.4,7.3,13.3,86.7,"[{""score"": ""0 - 2"", ""pct"": 13.96}, {""score"": ""0 - 1"", ""pct"": 13.19}, {""score"": ""1 - 2"", ""pct"": 9.610000000000001}]"
Cape Verde,Algeria,Neutral,0.787,1.789,14.5,23.7,61.8,15.0,2.9,4.0,61.1,7.6,9.2,22.0,78.0,"[{""score"": ""0 - 1"", ""pct"": 14.24}, {""score"": ""0 - 2"", ""pct"": 12.31}, {""score"": ""1 - 1"", ""pct"": 10.9}]"
Cape Verde,Panama,Neutral,0.961,1.795,18.1,24.3,57.5,18.7,3.8,4.8,56.7,7.8,8.3,27.2,72.8,"[{""score"": ""0 - 1"", ""pct"": 11.78}, {""score"": ""1 - 1"", ""pct"": 10.96}, {""score"": ""0 - 2"", ""pct"": 10.14}]"
Cape Verde,Colombia,Neutral,0.718,2.089,10.7,19.9,69.4,10.4,2.2,2.9,70.1,7.2,7.1,15.5,84.5,"[{""score"": ""0 - 2"", ""pct"": 12.98}, {""score"": ""0 - 1"", ""pct"": 12.8}, {""score"": ""1 - 2"", ""pct"": 9.5}]"
Cape Verde,Portugal,Neutral,0.757,2.026,11.7,20.9,67.5,11.9,2.0,2.7,68.6,7.2,7.6,16.6,83.4,"[{""score"": ""0 - 1"", ""pct"": 13.059999999999999}, {""score"": ""0 - 2"", ""pct"": 12.43}, {""score"": ""1 - 2"", ""pct"": 9.64}]"
Ghana,Saudi Arabia,Neutral,1.019,1.428,25.8,28.2,46.0,25.7,4.6,7.1,46.3,7.0,9.3,37.4,62.6,"[{""score"": ""1 - 1"", ""pct"": 12.950000000000001}, {""score"": ""0 - 1"", ""pct"": 12.25}, {""score"": ""0 - 0"", ""pct"": 9.719999999999999}]"
Ghana,England,Neutral,0.62,2.284,6.8,16.7,76.5,7.8,1.7,1.7,74.9,7.0,6.9,11.2,88.8,"[{""score"": ""0 - 2"", ""pct"": 14.71}, {""score"": ""0 - 1"", ""pct"": 13.569999999999999}, {""score"": ""0 - 3"", ""pct"": 10.81}]"
Ghana,Uzbekistan,Neutral,0.839,1.732,17.6,24.4,58.1,17.0,3.4,4.3,58.7,7.6,9.0,24.7,75.3,"[{""score"": ""0 - 1"", ""pct"": 13.459999999999999}, {""score"": ""0 - 2"", ""pct"": 11.44}, {""score"": ""1 - 1"", ""pct"": 10.96}]"
Ghana,Austria,Neutral,0.839,1.701,17.1,25.7,57.2,17.1,3.4,4.2,58.0,7.6,9.8,24.6,75.4,"[{""score"": ""0 - 1"", ""pct"": 13.13}, {""score"": ""1 - 1"", ""pct"": 11.58}, {""score"": ""0 - 2"", ""pct"": 11.08}]"
Ghana,Turkey,Neutral,0.686,1.829,12.2,22.0,65.8,12.4,2.4,3.2,65.3,7.7,9.0,18.0,82.0,"[{""score"": ""0 - 1"", ""pct"": 15.790000000000001}, {""score"": ""0 - 2"", ""pct"": 13.5}, {""score"": ""1 - 1"", ""pct"": 9.67}]"
Ghana,Morocco,Neutral,0.662,2.153,8.9,18.7,72.4,9.3,1.9,2.2,72.5,7.2,6.9,13.4,86.6,"[{""score"": ""0 - 2"", ""pct"": 14.27}, {""score"": ""0 - 1"", ""pct"": 12.97}, {""score"": ""0 - 3"", ""pct"": 9.68}]"
Ghana,DR Congo,Neutral,0.892,1.379,22.8,28.6,48.7,23.6,4.3,7.0,47.4,6.8,10.9,34.9,65.1,"[{""score"": ""0 - 1"", ""pct"": 14.580000000000002}, {""score"": ""1 - 1"", ""pct"": 12.65}, {""score"": ""0 - 0"", ""pct"": 11.05}]"
Ghana,Japan,Neutral,0.667,2.067,9.8,19.6,70.6,9.9,2.0,2.7,70.6,7.2,7.6,14.6,85.4,"[{""score"": ""0 - 2"", ""pct"": 13.71}, {""score"": ""0 - 1"", ""pct"": 13.459999999999999}, {""score"": ""1 - 2"", ""pct"": 9.32}]"
Ghana,Canada,Neutral,0.743,1.744,15.1,24.0,60.9,14.5,2.9,4.1,61.3,7.9,9.4,21.5,78.5,"[{""score"": ""0 - 1"", ""pct"": 15.22}, {""score"": ""0 - 2"", ""pct"": 12.19}, {""score"": ""1 - 1"", ""pct"": 10.45}]"
Ghana,Argentina,Neutral,0.538,2.488,5.0,13.8,81.1,5.1,0.9,1.1,80.8,6.5,5.5,7.2,92.8,"[{""score"": ""0 - 2"", ""pct"": 15.459999999999999}, {""score"": ""0 - 3"", ""pct"": 12.3}, {""score"": ""0 - 1"", ""pct"": 12.29}]"
Ghana,Tunisia,Neutral,0.948,1.453,23.4,28.1,48.5,23.3,4.4,6.7,48.3,7.2,10.1,34.4,65.6,"[{""score"": ""0 - 1"", ""pct"": 13.389999999999999}, {""score"": ""1 - 1"", ""pct"": 12.93}, {""score"": ""0 - 0"", ""pct"": 9.68}]"
Ghana,Brazil,Neutral,0.671,2.369,7.5,16.8,75.6,7.9,1.6,1.8,76.5,6.3,5.9,11.3,88.7,"[{""score"": ""0 - 2"", ""pct"": 14.12}, {""score"": ""0 - 1"", ""pct"": 11.690000000000001}, {""score"": ""0 - 3"", ""pct"": 10.209999999999999}]"
Ghana,Iraq,Neutral,0.932,1.396,23.8,28.8,47.4,24.2,4.5,6.4,47.7,7.3,9.9,35.1,64.9,"[{""score"": ""0 - 1"", ""pct"": 13.11}, {""score"": ""1 - 1"", ""pct"": 12.76}, {""score"": ""0 - 0"", ""pct"": 10.94}]"
Ghana,Sweden,Neutral,1.062,1.469,27.3,27.5,45.2,26.0,5.0,6.5,46.5,7.2,8.8,37.5,62.5,"[{""score"": ""1 - 1"", ""pct"": 12.23}, {""score"": ""0 - 1"", ""pct"": 11.61}, {""score"": ""1 - 2"", ""pct"": 8.99}]"
Ghana,Senegal,Neutral,0.745,1.822,13.5,22.9,63.6,13.5,2.9,3.9,63.3,7.5,8.8,20.4,79.6,"[{""score"": ""0 - 1"", ""pct"": 14.56}, {""score"": ""0 - 2"", ""pct"": 12.33}, {""score"": ""1 - 1"", ""pct"": 10.41}]"
Ghana,Spain,Neutral,0.563,2.51,5.4,13.9,80.7,5.4,1.1,1.3,80.6,6.2,5.4,7.8,92.2,"[{""score"": ""0 - 2"", ""pct"": 14.56}, {""score"": ""0 - 3"", ""pct"": 12.139999999999999}, {""score"": ""0 - 1"", ""pct"": 11.86}]"
Ghana,Paraguay,Neutral,0.776,1.761,15.1,23.8,61.1,15.3,2.9,3.7,61.3,7.7,9.1,21.9,78.1,"[{""score"": ""0 - 1"", ""pct"": 14.31}, {""score"": ""0 - 2"", ""pct"": 12.25}, {""score"": ""1 - 1"", ""pct"": 10.6}]"
Ghana,New Zealand,Neutral,1.024,1.459,25.6,27.8,46.6,25.5,4.8,6.2,46.9,7.2,9.3,36.6,63.4,"[{""score"": ""0 - 1"", ""pct"": 12.509999999999998}, {""score"": ""1 - 1"", ""pct"": 12.379999999999999}, {""score"": ""1 - 2"", ""pct"": 9.82}]"
Ghana,Qatar,Neutral,1.438,1.051,45.8,27.7,26.5,45.7,7.2,8.7,26.6,4.9,6.9,61.6,38.4,"[{""score"": ""1 - 0"", ""pct"": 12.23}, {""score"": ""1 - 1"", ""pct"": 11.95}, {""score"": ""0 - 0"", ""pct"": 9.77}]"
Ghana,Norway,Neutral,0.724,1.863,12.8,23.0,64.2,12.2,2.6,3.4,65.4,7.4,9.1,18.1,81.9,"[{""score"": ""0 - 1"", ""pct"": 14.01}, {""score"": ""0 - 2"", ""pct"": 12.47}, {""score"": ""1 - 2"", ""pct"": 9.78}]"
Ghana,Bosnia and Herzegovina,Neutral,1.261,1.141,38.9,28.6,32.5,39.0,6.6,8.6,32.2,5.7,7.9,54.2,45.8,"[{""score"": ""1 - 1"", ""pct"": 13.020000000000001}, {""score"": ""1 - 0"", ""pct"": 11.600000000000001}, {""score"": ""0 - 1"", ""pct"": 10.51}]"
Ghana,Curaçao,Neutral,1.235,1.203,36.8,28.8,34.4,36.1,6.6,8.6,35.1,5.9,7.8,51.3,48.7,"[{""score"": ""1 - 1"", ""pct"": 12.889999999999999}, {""score"": ""1 - 0"", ""pct"": 11.01}, {""score"": ""0 - 1"", ""pct"": 10.5}]"
Ghana,Belgium,Neutral,0.698,1.847,11.9,22.6,65.5,12.4,2.5,3.2,64.8,7.6,9.4,18.2,81.8,"[{""score"": ""0 - 1"", ""pct"": 14.499999999999998}, {""score"": ""0 - 2"", ""pct"": 12.72}, {""score"": ""1 - 1"", ""pct"": 10.17}]"
Ghana,Switzerland,Neutral,0.766,1.833,13.9,23.3,62.8,14.1,2.4,4.0,62.8,7.4,9.4,20.4,79.6,"[{""score"": ""0 - 1"", ""pct"": 14.360000000000001}, {""score"": ""0 - 2"", ""pct"": 12.58}, {""score"": ""1 - 1"", ""pct"": 9.83}]"
Ghana,Germany,Neutral,0.71,2.014,11.1,20.9,67.9,11.4,2.1,2.6,68.3,7.5,8.2,16.0,84.0,"[{""score"": ""0 - 1"", ""pct"": 13.100000000000001}, {""score"": ""0 - 2"", ""pct"": 12.879999999999999}, {""score"": ""1 - 2"", ""pct"": 9.950000000000001}]"
Ghana,Egypt,Neutral,0.901,1.578,20.8,25.9,53.3,20.8,3.5,5.5,53.2,7.5,9.5,29.8,70.2,"[{""score"": ""0 - 1"", ""pct"": 13.43}, {""score"": ""1 - 1"", ""pct"": 11.61}, {""score"": ""0 - 2"", ""pct"": 10.14}]"
Ghana,Jordan,Neutral,1.11,1.687,24.8,25.3,49.9,23.8,4.7,5.3,50.0,7.2,9.0,33.8,66.2,"[{""score"": ""1 - 1"", ""pct"": 11.55}, {""score"": ""0 - 1"", ""pct"": 10.65}, {""score"": ""1 - 2"", ""pct"": 9.62}]"
Ghana,South Africa,Neutral,1.078,1.301,30.5,28.5,41.1,29.4,5.5,7.7,41.3,6.7,9.3,42.6,57.4,"[{""score"": ""1 - 1"", ""pct"": 12.78}, {""score"": ""0 - 1"", ""pct"": 11.99}, {""score"": ""0 - 0"", ""pct"": 10.41}]"
Ghana,Croatia,Neutral,0.722,1.852,12.9,22.2,64.9,12.9,2.4,3.2,65.0,7.3,9.2,18.5,81.5,"[{""score"": ""0 - 1"", ""pct"": 14.35}, {""score"": ""0 - 2"", ""pct"": 13.07}, {""score"": ""1 - 1"", ""pct"": 9.719999999999999}]"
Ghana,Haiti,Neutral,0.933,1.494,22.1,27.5,50.4,22.1,4.4,6.1,50.5,7.2,9.7,32.6,67.4,"[{""score"": ""0 - 1"", ""pct"": 13.22}, {""score"": ""1 - 1"", ""pct"": 12.16}, {""score"": ""0 - 0"", ""pct"": 10.01}]"
Ghana,United States,Neutral,0.886,1.745,17.9,24.4,57.8,17.7,3.5,4.4,57.3,8.1,8.9,25.7,74.3,"[{""score"": ""0 - 1"", ""pct"": 13.55}, {""score"": ""0 - 2"", ""pct"": 10.870000000000001}, {""score"": ""1 - 1"", ""pct"": 10.81}]"
Ghana,Uruguay,Neutral,0.707,1.815,13.2,22.6,64.2,12.8,2.9,4.0,63.7,7.6,9.1,19.6,80.4,"[{""score"": ""0 - 1"", ""pct"": 15.010000000000002}, {""score"": ""0 - 2"", ""pct"": 13.41}, {""score"": ""1 - 1"", ""pct"": 10.12}]"
Ghana,South Korea,Neutral,0.748,1.815,13.8,22.8,63.4,13.7,2.7,3.7,63.2,7.7,9.0,20.1,79.9,"[{""score"": ""0 - 1"", ""pct"": 14.84}, {""score"": ""0 - 2"", ""pct"": 12.26}, {""score"": ""1 - 2"", ""pct"": 10.32}]"
Ghana,Australia,Neutral,0.709,1.825,13.1,22.5,64.4,13.1,2.2,3.7,65.1,7.0,8.9,18.9,81.1,"[{""score"": ""0 - 1"", ""pct"": 14.56}, {""score"": ""0 - 2"", ""pct"": 13.33}, {""score"": ""1 - 1"", ""pct"": 9.92}]"
Ghana,Czech Republic,Neutral,1.01,1.518,24.3,26.8,48.9,24.0,4.9,6.4,48.9,6.9,8.9,35.3,64.7,"[{""score"": ""0 - 1"", ""pct"": 12.690000000000001}, {""score"": ""1 - 1"", ""pct"": 11.540000000000001}, {""score"": ""1 - 2"", ""pct"": 9.39}]"
Ghana,Cape Verde,Neutral,1.13,1.219,32.4,29.7,37.9,32.9,6.2,8.0,37.3,6.4,9.3,47.0,53.0,"[{""score"": ""1 - 1"", ""pct"": 13.16}, {""score"": ""0 - 1"", ""pct"": 12.0}, {""score"": ""1 - 0"", ""pct"": 10.5}]"
Ghana,Netherlands,Neutral,0.703,1.892,11.5,22.0,66.5,12.2,2.5,3.0,66.8,7.3,8.4,17.6,82.4,"[{""score"": ""0 - 1"", ""pct"": 14.26}, {""score"": ""0 - 2"", ""pct"": 13.44}, {""score"": ""1 - 1"", ""pct"": 10.27}]"
Ghana,Ivory Coast,Neutral,0.92,1.679,19.2,25.3,55.5,19.9,3.5,4.9,55.2,7.5,9.0,28.3,71.7,"[{""score"": ""0 - 1"", ""pct"": 12.91}, {""score"": ""1 - 1"", ""pct"": 11.25}, {""score"": ""0 - 2"", ""pct"": 10.08}]"
Ghana,Scotland,Neutral,0.978,1.654,21.6,26.0,52.3,21.0,3.9,5.1,52.6,7.6,9.8,30.0,70.0,"[{""score"": ""0 - 1"", ""pct"": 11.83}, {""score"": ""1 - 1"", ""pct"": 11.41}, {""score"": ""1 - 2"", ""pct"": 9.370000000000001}]"
Ghana,Ecuador,Neutral,0.684,1.959,11.0,20.7,68.3,11.5,2.1,3.1,67.1,7.8,8.4,16.7,83.3,"[{""score"": ""0 - 1"", ""pct"": 14.62}, {""score"": ""0 - 2"", ""pct"": 14.069999999999999}, {""score"": ""1 - 2"", ""pct"": 9.47}]"
Ghana,Iran,Neutral,0.697,1.853,11.8,22.7,65.5,12.2,2.5,3.2,65.0,7.9,9.2,17.9,82.1,"[{""score"": ""0 - 1"", ""pct"": 15.299999999999999}, {""score"": ""0 - 2"", ""pct"": 13.51}, {""score"": ""1 - 1"", ""pct"": 10.24}]"
Ghana,Mexico,Neutral,0.676,1.815,12.3,22.6,65.0,11.6,2.4,3.5,65.1,8.1,9.3,17.5,82.5,"[{""score"": ""0 - 1"", ""pct"": 15.690000000000001}, {""score"": ""0 - 2"", ""pct"": 13.56}, {""score"": ""1 - 1"", ""pct"": 9.85}]"
Ghana,France,Neutral,0.645,2.373,7.3,16.0,76.8,6.9,1.4,1.9,76.9,6.6,6.2,10.2,89.8,"[{""score"": ""0 - 2"", ""pct"": 13.4}, {""score"": ""0 - 1"", ""pct"": 12.870000000000001}, {""score"": ""0 - 3"", ""pct"": 10.14}]"
Ghana,Algeria,Neutral,0.744,1.805,13.4,23.8,62.9,13.8,2.6,3.2,64.3,7.3,8.8,19.6,80.4,"[{""score"": ""0 - 1"", ""pct"": 14.610000000000001}, {""score"": ""0 - 2"", ""pct"": 12.23}, {""score"": ""1 - 1"", ""pct"": 10.47}]"
Ghana,Panama,Neutral,0.885,1.8,17.4,24.3,58.2,16.8,3.5,4.2,59.2,7.8,8.5,24.5,75.5,"[{""score"": ""0 - 1"", ""pct"": 12.139999999999999}, {""score"": ""1 - 1"", ""pct"": 10.93}, {""score"": ""0 - 2"", ""pct"": 9.950000000000001}]"
Ghana,Colombia,Neutral,0.662,2.293,8.3,16.4,75.2,8.0,1.6,1.7,75.3,6.7,6.7,11.3,88.7,"[{""score"": ""0 - 2"", ""pct"": 13.73}, {""score"": ""0 - 1"", ""pct"": 12.740000000000002}, {""score"": ""0 - 3"", ""pct"": 9.8}]"
Ghana,Portugal,Neutral,0.698,2.106,10.0,19.5,70.5,10.0,1.7,2.2,70.8,7.5,7.8,13.9,86.1,"[{""score"": ""0 - 2"", ""pct"": 13.530000000000001}, {""score"": ""0 - 1"", ""pct"": 13.0}, {""score"": ""1 - 2"", ""pct"": 9.32}]"
Netherlands,Saudi Arabia,Neutral,1.795,0.804,61.0,24.0,15.0,60.8,7.9,8.5,15.5,3.1,4.2,77.2,22.8,"[{""score"": ""1 - 0"", ""pct"": 13.88}, {""score"": ""2 - 0"", ""pct"": 11.790000000000001}, {""score"": ""1 - 1"", ""pct"": 10.33}]"
Netherlands,England,Neutral,1.04,1.428,26.4,27.4,46.2,25.7,4.7,6.7,45.8,7.4,9.7,37.1,62.9,"[{""score"": ""0 - 1"", ""pct"": 13.18}, {""score"": ""1 - 1"", ""pct"": 12.590000000000002}, {""score"": ""1 - 2"", ""pct"": 9.6}]"
Netherlands,Uzbekistan,Neutral,1.439,1.028,46.4,27.8,25.7,46.1,6.7,9.5,26.5,4.9,6.2,62.3,37.7,"[{""score"": ""1 - 0"", ""pct"": 12.629999999999999}, {""score"": ""1 - 1"", ""pct"": 12.11}, {""score"": ""0 - 0"", ""pct"": 9.75}]"
Netherlands,Austria,Neutral,1.452,1.044,47.1,27.2,25.7,46.4,7.2,9.3,25.9,4.9,6.2,62.9,37.1,"[{""score"": ""1 - 0"", ""pct"": 12.42}, {""score"": ""1 - 1"", ""pct"": 11.959999999999999}, {""score"": ""0 - 0"", ""pct"": 9.9}]"
Netherlands,Turkey,Neutral,1.315,1.176,40.2,28.2,31.6,38.9,6.6,9.4,31.9,5.7,7.5,55.0,45.0,"[{""score"": ""1 - 1"", ""pct"": 12.67}, {""score"": ""1 - 0"", ""pct"": 11.129999999999999}, {""score"": ""0 - 1"", ""pct"": 9.35}]"
Netherlands,Morocco,Neutral,1.137,1.32,30.9,28.3,40.8,31.3,5.6,7.2,40.7,6.3,8.8,44.2,55.8,"[{""score"": ""1 - 1"", ""pct"": 12.57}, {""score"": ""0 - 1"", ""pct"": 11.74}, {""score"": ""0 - 0"", ""pct"": 10.15}]"
Netherlands,DR Congo,Neutral,1.543,0.874,52.1,27.0,21.0,52.7,7.9,9.4,20.3,3.7,6.0,70.0,30.0,"[{""score"": ""1 - 0"", ""pct"": 13.750000000000002}, {""score"": ""1 - 1"", ""pct"": 12.18}, {""score"": ""2 - 0"", ""pct"": 10.61}]"
Netherlands,Japan,Neutral,1.119,1.324,31.1,28.8,40.1,30.3,5.4,7.3,41.1,6.7,9.2,43.0,57.0,"[{""score"": ""1 - 1"", ""pct"": 12.82}, {""score"": ""0 - 1"", ""pct"": 10.870000000000001}, {""score"": ""1 - 0"", ""pct"": 9.85}]"
Netherlands,Canada,Neutral,1.373,1.038,45.0,27.7,27.3,43.9,6.9,9.5,27.7,5.0,7.0,60.3,39.7,"[{""score"": ""1 - 0"", ""pct"": 12.83}, {""score"": ""1 - 1"", ""pct"": 12.15}, {""score"": ""0 - 0"", ""pct"": 9.78}]"
Netherlands,Argentina,Neutral,0.998,1.66,22.0,25.2,52.8,21.4,3.9,5.2,53.2,7.8,8.5,30.5,69.5,"[{""score"": ""0 - 1"", ""pct"": 11.99}, {""score"": ""1 - 1"", ""pct"": 11.86}, {""score"": ""1 - 2"", ""pct"": 10.13}]"
Netherlands,Tunisia,Neutral,1.657,0.896,54.8,26.1,19.2,55.5,7.5,9.1,19.2,3.6,5.0,72.2,27.8,"[{""score"": ""1 - 0"", ""pct"": 13.26}, {""score"": ""1 - 1"", ""pct"": 11.59}, {""score"": ""2 - 0"", ""pct"": 10.27}]"
Netherlands,Brazil,Neutral,1.115,1.525,27.0,26.4,46.6,26.2,5.3,6.3,46.5,7.4,8.3,37.9,62.1,"[{""score"": ""1 - 1"", ""pct"": 12.3}, {""score"": ""0 - 1"", ""pct"": 11.39}, {""score"": ""1 - 2"", ""pct"": 9.16}]"
Netherlands,Iraq,Neutral,1.628,0.878,55.2,25.4,19.4,55.4,7.4,9.6,19.0,3.6,5.0,72.4,27.6,"[{""score"": ""1 - 0"", ""pct"": 13.350000000000001}, {""score"": ""1 - 1"", ""pct"": 11.32}, {""score"": ""2 - 0"", ""pct"": 10.58}]"
Netherlands,Sweden,Neutral,1.895,0.868,61.3,23.1,15.6,61.2,7.3,8.6,16.0,2.8,4.0,77.2,22.8,"[{""score"": ""1 - 0"", ""pct"": 12.659999999999998}, {""score"": ""2 - 0"", ""pct"": 10.76}, {""score"": ""1 - 1"", ""pct"": 10.6}]"
Netherlands,Senegal,Neutral,1.348,1.158,40.1,28.6,31.3,41.2,6.7,8.3,31.0,5.7,7.2,56.2,43.8,"[{""score"": ""1 - 1"", ""pct"": 12.620000000000001}, {""score"": ""1 - 0"", ""pct"": 10.65}, {""score"": ""0 - 1"", ""pct"": 9.44}]"
Netherlands,Spain,Neutral,1.058,1.682,23.3,24.6,52.1,22.7,4.3,5.4,51.9,7.3,8.4,32.4,67.6,"[{""score"": ""0 - 1"", ""pct"": 11.42}, {""score"": ""1 - 1"", ""pct"": 11.16}, {""score"": ""1 - 2"", ""pct"": 9.35}]"
Netherlands,Paraguay,Neutral,1.375,1.08,43.8,27.9,28.4,43.3,6.9,8.9,28.4,5.3,7.1,59.1,40.9,"[{""score"": ""1 - 1"", ""pct"": 12.94}, {""score"": ""1 - 0"", ""pct"": 11.97}, {""score"": ""2 - 1"", ""pct"": 9.34}]"
Netherlands,New Zealand,Neutral,1.818,0.872,59.6,24.3,16.2,60.5,7.4,8.4,16.4,3.0,4.3,76.4,23.6,"[{""score"": ""1 - 0"", ""pct"": 11.98}, {""score"": ""2 - 0"", ""pct"": 11.24}, {""score"": ""1 - 1"", ""pct"": 10.99}]"
Netherlands,Qatar,Neutral,2.276,0.66,74.2,17.6,8.2,73.5,7.0,7.1,8.5,1.8,2.0,87.7,12.3,"[{""score"": ""2 - 0"", ""pct"": 14.030000000000001}, {""score"": ""1 - 0"", ""pct"": 12.620000000000001}, {""score"": ""3 - 0"", ""pct"": 10.23}]"
Netherlands,Norway,Neutral,1.35,1.205,39.0,27.6,33.4,40.0,6.6,8.1,32.1,5.6,7.5,54.8,45.2,"[{""score"": ""1 - 1"", ""pct"": 12.45}, {""score"": ""1 - 0"", ""pct"": 10.37}, {""score"": ""0 - 1"", ""pct"": 9.55}]"
Netherlands,Bosnia and Herzegovina,Neutral,2.109,0.709,70.3,19.2,10.5,70.4,7.3,7.8,9.8,2.1,2.6,85.5,14.4,"[{""score"": ""2 - 0"", ""pct"": 13.3}, {""score"": ""1 - 0"", ""pct"": 13.05}, {""score"": ""2 - 1"", ""pct"": 8.92}]"
Netherlands,Curaçao,Neutral,1.971,0.726,66.9,21.0,12.1,66.9,7.6,8.4,11.9,2.3,3.0,82.9,17.1,"[{""score"": ""1 - 0"", ""pct"": 14.19}, {""score"": ""2 - 0"", ""pct"": 12.889999999999999}, {""score"": ""2 - 1"", ""pct"": 9.45}]"
Netherlands,Belgium,Neutral,1.324,1.172,39.5,28.3,32.2,39.9,6.2,8.6,32.2,5.5,7.6,54.7,45.4,"[{""score"": ""1 - 1"", ""pct"": 12.5}, {""score"": ""1 - 0"", ""pct"": 11.04}, {""score"": ""0 - 1"", ""pct"": 9.969999999999999}]"
Netherlands,Switzerland,Neutral,1.395,1.151,42.0,28.2,29.8,42.0,6.8,8.8,29.8,5.5,7.1,57.6,42.4,"[{""score"": ""1 - 1"", ""pct"": 12.959999999999999}, {""score"": ""1 - 0"", ""pct"": 11.1}, {""score"": ""0 - 1"", ""pct"": 9.520000000000001}]"
Netherlands,Germany,Neutral,1.239,1.263,34.9,28.6,36.4,35.1,5.7,8.1,36.6,6.3,8.3,48.8,51.2,"[{""score"": ""1 - 1"", ""pct"": 12.73}, {""score"": ""0 - 1"", ""pct"": 10.41}, {""score"": ""1 - 0"", ""pct"": 10.22}]"
Netherlands,Egypt,Neutral,1.508,0.994,48.8,27.8,23.4,49.2,7.3,9.4,23.5,4.6,5.9,66.0,34.0,"[{""score"": ""1 - 0"", ""pct"": 12.379999999999999}, {""score"": ""1 - 1"", ""pct"": 12.280000000000001}, {""score"": ""2 - 1"", ""pct"": 9.48}]"
Netherlands,Jordan,Neutral,1.695,1.053,52.7,25.1,22.3,52.7,7.0,8.3,22.6,4.5,4.9,68.0,32.0,"[{""score"": ""1 - 0"", ""pct"": 11.83}, {""score"": ""1 - 1"", ""pct"": 11.26}, {""score"": ""2 - 1"", ""pct"": 10.13}]"
Netherlands,South Africa,Neutral,1.775,0.732,63.1,23.2,13.7,62.5,7.3,9.5,14.3,2.8,3.6,79.2,20.8,"[{""score"": ""1 - 0"", ""pct"": 15.590000000000002}, {""score"": ""2 - 0"", ""pct"": 12.659999999999998}, {""score"": ""1 - 1"", ""pct"": 9.89}]"
Netherlands,Croatia,Neutral,1.355,1.193,40.5,27.7,31.7,40.6,6.9,8.0,31.3,5.6,7.6,55.4,44.5,"[{""score"": ""1 - 1"", ""pct"": 12.8}, {""score"": ""1 - 0"", ""pct"": 10.639999999999999}, {""score"": ""0 - 1"", ""pct"": 9.33}]"
Netherlands,Haiti,Neutral,1.721,0.922,55.8,25.1,19.1,55.5,7.5,9.5,18.8,3.6,5.1,72.4,27.6,"[{""score"": ""1 - 0"", ""pct"": 12.15}, {""score"": ""1 - 1"", ""pct"": 11.459999999999999}, {""score"": ""2 - 0"", ""pct"": 10.100000000000001}]"
Netherlands,United States,Neutral,1.612,1.061,49.9,26.9,23.2,49.7,7.0,8.9,24.1,4.7,5.6,65.6,34.4,"[{""score"": ""1 - 1"", ""pct"": 12.1}, {""score"": ""1 - 0"", ""pct"": 11.35}, {""score"": ""2 - 1"", ""pct"": 9.46}]"
Netherlands,Uruguay,Neutral,1.236,1.172,37.5,28.3,34.2,37.2,6.0,9.1,33.6,5.7,8.5,52.2,47.8,"[{""score"": ""1 - 1"", ""pct"": 13.22}, {""score"": ""0 - 1"", ""pct"": 10.97}, {""score"": ""1 - 0"", ""pct"": 10.91}]"
Netherlands,South Korea,Neutral,1.337,1.15,40.4,28.1,31.4,40.0,6.5,8.7,31.8,5.6,7.4,55.2,44.8,"[{""score"": ""1 - 1"", ""pct"": 13.139999999999999}, {""score"": ""1 - 0"", ""pct"": 10.65}, {""score"": ""0 - 1"", ""pct"": 9.46}]"
Netherlands,Australia,Neutral,1.296,1.15,39.4,29.2,31.4,39.2,6.5,8.8,31.5,5.6,8.5,54.5,45.6,"[{""score"": ""1 - 1"", ""pct"": 13.44}, {""score"": ""1 - 0"", ""pct"": 11.219999999999999}, {""score"": ""0 - 0"", ""pct"": 9.67}]"
Netherlands,Czech Republic,Neutral,1.731,0.953,55.9,24.9,19.2,55.1,7.2,8.8,20.1,3.6,5.1,71.2,28.8,"[{""score"": ""1 - 0"", ""pct"": 12.85}, {""score"": ""1 - 1"", ""pct"": 11.3}, {""score"": ""2 - 0"", ""pct"": 10.2}]"
Netherlands,Cape Verde,Neutral,1.864,0.754,64.4,22.1,13.4,63.8,7.7,9.0,13.2,2.8,3.6,80.5,19.5,"[{""score"": ""1 - 0"", ""pct"": 14.24}, {""score"": ""2 - 0"", ""pct"": 12.870000000000001}, {""score"": ""1 - 1"", ""pct"": 9.85}]"
Netherlands,Ghana,Neutral,1.892,0.703,65.6,22.7,11.7,66.4,7.2,8.8,12.0,2.2,3.3,82.5,17.5,"[{""score"": ""1 - 0"", ""pct"": 14.85}, {""score"": ""2 - 0"", ""pct"": 13.780000000000001}, {""score"": ""1 - 1"", ""pct"": 10.17}]"
Netherlands,Ivory Coast,Neutral,1.555,1.038,48.7,27.0,24.3,49.1,7.4,8.9,24.5,4.3,5.7,65.5,34.5,"[{""score"": ""1 - 1"", ""pct"": 12.06}, {""score"": ""1 - 0"", ""pct"": 11.940000000000001}, {""score"": ""2 - 1"", ""pct"": 9.51}]"
Netherlands,Scotland,Neutral,1.672,1.048,52.6,25.0,22.3,52.0,7.7,8.9,21.4,4.4,5.6,68.6,31.4,"[{""score"": ""1 - 0"", ""pct"": 11.67}, {""score"": ""1 - 1"", ""pct"": 11.459999999999999}, {""score"": ""2 - 1"", ""pct"": 10.16}]"
Netherlands,Ecuador,Neutral,1.149,1.248,33.6,29.3,37.1,32.6,6.0,8.4,37.4,6.4,9.2,47.0,53.0,"[{""score"": ""1 - 1"", ""pct"": 13.239999999999998}, {""score"": ""0 - 1"", ""pct"": 11.540000000000001}, {""score"": ""1 - 0"", ""pct"": 10.84}]"
Netherlands,Iran,Neutral,1.305,1.175,39.6,28.5,31.9,39.1,6.7,8.5,32.0,5.9,7.9,54.3,45.8,"[{""score"": ""1 - 1"", ""pct"": 12.64}, {""score"": ""1 - 0"", ""pct"": 11.020000000000001}, {""score"": ""0 - 0"", ""pct"": 9.879999999999999}]"
Netherlands,Mexico,Neutral,1.163,1.172,35.6,28.9,35.5,34.4,6.1,8.5,35.8,6.1,9.1,48.9,51.1,"[{""score"": ""1 - 1"", ""pct"": 13.18}, {""score"": ""0 - 1"", ""pct"": 11.12}, {""score"": ""1 - 0"", ""pct"": 10.96}]"
Netherlands,France,Neutral,1.12,1.5,27.1,27.4,45.5,27.2,5.1,6.2,46.0,6.9,8.7,38.5,61.5,"[{""score"": ""1 - 1"", ""pct"": 12.520000000000001}, {""score"": ""0 - 1"", ""pct"": 11.41}, {""score"": ""1 - 2"", ""pct"": 9.34}]"
Netherlands,Algeria,Neutral,1.355,1.094,42.7,28.6,28.6,42.4,7.3,9.4,28.7,4.9,7.3,59.2,40.9,"[{""score"": ""1 - 1"", ""pct"": 12.620000000000001}, {""score"": ""1 - 0"", ""pct"": 11.77}, {""score"": ""0 - 0"", ""pct"": 9.790000000000001}]"
Netherlands,Panama,Neutral,1.587,1.077,49.2,26.0,24.8,48.8,7.1,8.7,25.3,4.7,5.5,64.5,35.5,"[{""score"": ""1 - 1"", ""pct"": 11.86}, {""score"": ""1 - 0"", ""pct"": 11.39}, {""score"": ""2 - 1"", ""pct"": 9.44}]"
Netherlands,Colombia,Neutral,1.111,1.483,26.6,27.4,46.0,26.8,4.7,6.6,45.6,7.1,9.1,38.2,61.8,"[{""score"": ""1 - 1"", ""pct"": 12.659999999999998}, {""score"": ""0 - 1"", ""pct"": 11.83}, {""score"": ""1 - 2"", ""pct"": 9.049999999999999}]"
Netherlands,Portugal,Neutral,1.161,1.37,31.4,27.6,41.0,31.6,5.0,7.2,40.8,6.2,9.3,43.7,56.3,"[{""score"": ""1 - 1"", ""pct"": 12.25}, {""score"": ""0 - 1"", ""pct"": 10.47}, {""score"": ""1 - 0"", ""pct"": 9.139999999999999}]"
Ivory Coast,Saudi Arabia,Neutral,1.53,0.97,50.0,27.3,22.7,49.3,7.5,9.9,23.3,4.1,5.9,66.7,33.3,"[{""score"": ""1 - 0"", ""pct"": 12.94}, {""score"": ""1 - 1"", ""pct"": 11.97}, {""score"": ""0 - 0"", ""pct"": 9.53}]"
Ivory Coast,England,Neutral,0.825,1.662,17.1,25.5,57.4,17.5,3.5,4.9,56.8,7.2,10.2,25.8,74.2,"[{""score"": ""0 - 1"", ""pct"": 14.39}, {""score"": ""1 - 1"", ""pct"": 11.219999999999999}, {""score"": ""0 - 2"", ""pct"": 10.99}]"
Ivory Coast,Uzbekistan,Neutral,1.113,1.243,32.2,29.5,38.3,32.1,5.9,8.3,38.2,6.2,9.2,46.3,53.7,"[{""score"": ""1 - 1"", ""pct"": 12.91}, {""score"": ""0 - 1"", ""pct"": 12.36}, {""score"": ""0 - 0"", ""pct"": 10.69}]"
Ivory Coast,Austria,Neutral,1.136,1.249,32.6,28.8,38.6,32.2,6.1,7.7,38.0,6.8,9.1,46.1,53.9,"[{""score"": ""1 - 1"", ""pct"": 12.67}, {""score"": ""0 - 1"", ""pct"": 12.04}, {""score"": ""0 - 0"", ""pct"": 10.5}]"
Ivory Coast,Turkey,Neutral,1.023,1.456,24.9,27.6,47.5,25.5,4.5,6.4,46.8,7.9,8.9,36.4,63.6,"[{""score"": ""0 - 1"", ""pct"": 12.06}, {""score"": ""1 - 1"", ""pct"": 12.02}, {""score"": ""0 - 0"", ""pct"": 9.71}]"
Ivory Coast,Morocco,Neutral,0.915,1.618,20.6,25.8,53.6,19.9,4.4,5.5,52.9,7.8,9.5,29.8,70.2,"[{""score"": ""0 - 1"", ""pct"": 13.139999999999999}, {""score"": ""1 - 1"", ""pct"": 11.53}, {""score"": ""0 - 2"", ""pct"": 10.280000000000001}]"
Ivory Coast,DR Congo,Neutral,1.203,0.995,40.3,30.0,29.8,40.1,6.7,10.2,28.8,5.5,8.7,57.0,43.0,"[{""score"": ""1 - 0"", ""pct"": 13.28}, {""score"": ""1 - 1"", ""pct"": 12.620000000000001}, {""score"": ""0 - 0"", ""pct"": 12.08}]"
Ivory Coast,Japan,Neutral,0.907,1.611,20.5,26.4,53.1,20.2,3.8,5.2,53.7,7.4,9.8,29.1,70.9,"[{""score"": ""0 - 1"", ""pct"": 12.9}, {""score"": ""1 - 1"", ""pct"": 11.700000000000001}, {""score"": ""0 - 2"", ""pct"": 10.100000000000001}]"
Ivory Coast,Canada,Neutral,1.011,1.351,27.1,28.6,44.2,26.8,4.8,6.7,45.1,7.1,9.5,38.3,61.7,"[{""score"": ""0 - 1"", ""pct"": 12.85}, {""score"": ""1 - 1"", ""pct"": 12.709999999999999}, {""score"": ""0 - 0"", ""pct"": 10.73}]"
Ivory Coast,Argentina,Neutral,0.76,1.888,12.9,22.0,65.1,13.6,2.7,3.7,64.0,7.8,8.2,20.0,80.0,"[{""score"": ""0 - 1"", ""pct"": 14.45}, {""score"": ""0 - 2"", ""pct"": 12.23}, {""score"": ""1 - 2"", ""pct"": 9.82}]"
Ivory Coast,Tunisia,Neutral,1.303,1.04,41.6,29.0,29.4,42.3,6.8,9.5,28.7,5.0,7.6,58.6,41.4,"[{""score"": ""1 - 1"", ""pct"": 12.83}, {""score"": ""1 - 0"", ""pct"": 12.08}, {""score"": ""0 - 0"", ""pct"": 10.59}]"
Ivory Coast,Brazil,Neutral,0.975,1.767,19.5,23.9,56.6,19.0,3.8,4.4,56.9,7.8,8.1,27.2,72.7,"[{""score"": ""0 - 1"", ""pct"": 12.13}, {""score"": ""1 - 1"", ""pct"": 10.81}, {""score"": ""1 - 2"", ""pct"": 9.99}]"
Ivory Coast,Iraq,Neutral,1.28,1.003,41.5,29.7,28.8,42.8,7.0,9.4,27.9,5.2,7.7,59.1,40.9,"[{""score"": ""1 - 0"", ""pct"": 13.58}, {""score"": ""1 - 1"", ""pct"": 12.91}, {""score"": ""0 - 0"", ""pct"": 11.3}]"
Ivory Coast,Sweden,Neutral,1.588,1.043,51.4,26.0,22.6,49.8,7.5,8.9,23.7,4.5,5.5,66.3,33.7,"[{""score"": ""1 - 0"", ""pct"": 12.3}, {""score"": ""1 - 1"", ""pct"": 12.01}, {""score"": ""2 - 1"", ""pct"": 10.05}]"
Ivory Coast,Senegal,Neutral,1.058,1.448,27.1,27.2,45.8,26.9,5.1,6.3,45.0,7.1,9.7,38.3,61.7,"[{""score"": ""1 - 1"", ""pct"": 12.57}, {""score"": ""0 - 1"", ""pct"": 11.82}, {""score"": ""1 - 2"", ""pct"": 9.13}]"
Ivory Coast,Spain,Neutral,0.808,1.912,14.3,22.5,63.2,14.1,2.9,3.5,64.4,7.3,7.8,20.6,79.4,"[{""score"": ""0 - 1"", ""pct"": 12.959999999999999}, {""score"": ""0 - 2"", ""pct"": 11.75}, {""score"": ""1 - 1"", ""pct"": 10.12}]"
Ivory Coast,Paraguay,Neutral,1.068,1.365,28.5,28.1,43.4,28.7,5.3,7.2,42.1,7.3,9.3,41.3,58.7,"[{""score"": ""1 - 1"", ""pct"": 12.790000000000001}, {""score"": ""0 - 1"", ""pct"": 12.34}, {""score"": ""0 - 0"", ""pct"": 9.93}]"
Ivory Coast,New Zealand,Neutral,1.549,0.994,50.2,26.8,23.0,49.9,7.0,9.5,23.3,4.3,5.9,66.4,33.6,"[{""score"": ""1 - 0"", ""pct"": 12.540000000000001}, {""score"": ""1 - 1"", ""pct"": 11.95}, {""score"": ""2 - 1"", ""pct"": 9.4}]"
Ivory Coast,Qatar,Neutral,1.92,0.807,64.0,21.9,14.1,63.7,8.0,8.6,13.6,2.7,3.4,80.3,19.7,"[{""score"": ""1 - 0"", ""pct"": 13.58}, {""score"": ""2 - 0"", ""pct"": 11.83}, {""score"": ""1 - 1"", ""pct"": 9.629999999999999}]"
Ivory Coast,Norway,Neutral,1.045,1.456,26.4,27.3,46.3,25.9,4.9,6.5,46.2,6.9,9.6,37.3,62.7,"[{""score"": ""0 - 1"", ""pct"": 11.81}, {""score"": ""1 - 1"", ""pct"": 11.790000000000001}, {""score"": ""0 - 0"", ""pct"": 9.370000000000001}]"
Ivory Coast,Bosnia and Herzegovina,Neutral,1.786,0.829,60.2,24.3,15.5,59.7,7.4,9.7,16.2,3.0,4.0,76.8,23.2,"[{""score"": ""1 - 0"", ""pct"": 13.719999999999999}, {""score"": ""2 - 0"", ""pct"": 11.01}, {""score"": ""1 - 1"", ""pct"": 11.0}]"
Ivory Coast,Curaçao,Neutral,1.767,0.913,57.7,23.6,18.7,57.4,7.5,8.8,18.3,3.5,4.6,73.6,26.4,"[{""score"": ""1 - 0"", ""pct"": 13.139999999999999}, {""score"": ""1 - 1"", ""pct"": 10.59}, {""score"": ""2 - 0"", ""pct"": 10.34}]"
Ivory Coast,Belgium,Neutral,1.029,1.457,25.7,27.7,46.6,25.9,4.6,6.6,46.5,7.2,9.2,37.1,62.9,"[{""score"": ""0 - 1"", ""pct"": 12.36}, {""score"": ""1 - 1"", ""pct"": 12.2}, {""score"": ""0 - 0"", ""pct"": 9.4}]"
Ivory Coast,Switzerland,Neutral,1.059,1.461,26.4,27.9,45.7,26.3,5.3,6.3,46.0,7.2,9.0,37.8,62.2,"[{""score"": ""1 - 1"", ""pct"": 12.950000000000001}, {""score"": ""0 - 1"", ""pct"": 12.2}, {""score"": ""0 - 0"", ""pct"": 9.229999999999999}]"
Ivory Coast,Germany,Neutral,1.034,1.569,24.3,25.9,49.8,24.5,4.5,6.2,48.6,7.3,8.9,35.2,64.8,"[{""score"": ""0 - 1"", ""pct"": 12.06}, {""score"": ""1 - 1"", ""pct"": 11.48}, {""score"": ""1 - 2"", ""pct"": 9.75}]"
Ivory Coast,Egypt,Neutral,1.194,1.083,37.2,30.9,31.9,37.3,6.4,9.1,32.8,6.0,8.5,52.8,47.2,"[{""score"": ""1 - 1"", ""pct"": 13.389999999999999}, {""score"": ""0 - 0"", ""pct"": 11.85}, {""score"": ""1 - 0"", ""pct"": 11.68}]"
Ivory Coast,Jordan,Neutral,1.369,1.183,40.8,27.5,31.6,40.6,6.3,8.6,31.4,5.8,7.3,55.5,44.5,"[{""score"": ""1 - 1"", ""pct"": 12.620000000000001}, {""score"": ""1 - 0"", ""pct"": 11.08}, {""score"": ""0 - 1"", ""pct"": 9.65}]"
Ivory Coast,South Africa,Neutral,1.555,0.951,50.8,27.1,22.1,50.7,7.5,9.3,22.0,4.3,6.1,67.6,32.4,"[{""score"": ""1 - 0"", ""pct"": 13.239999999999998}, {""score"": ""1 - 1"", ""pct"": 12.07}, {""score"": ""2 - 0"", ""pct"": 9.790000000000001}]"
Ivory Coast,Croatia,Neutral,1.085,1.466,26.4,27.5,46.1,27.4,4.9,6.7,45.0,7.4,8.6,39.0,61.0,"[{""score"": ""1 - 1"", ""pct"": 12.4}, {""score"": ""0 - 1"", ""pct"": 11.95}, {""score"": ""0 - 0"", ""pct"": 8.89}]"
Ivory Coast,Haiti,Neutral,1.451,1.033,46.3,27.7,25.9,46.7,7.3,8.8,25.7,4.7,6.7,62.8,37.2,"[{""score"": ""1 - 1"", ""pct"": 12.86}, {""score"": ""1 - 0"", ""pct"": 12.24}, {""score"": ""0 - 0"", ""pct"": 9.55}]"
Ivory Coast,United States,Neutral,1.241,1.279,35.2,28.2,36.6,35.2,5.8,7.7,36.8,6.5,8.1,48.7,51.3,"[{""score"": ""1 - 1"", ""pct"": 12.27}, {""score"": ""1 - 0"", ""pct"": 10.08}, {""score"": ""0 - 1"", ""pct"": 9.93}]"
Ivory Coast,Uruguay,Neutral,1.051,1.474,25.7,26.8,47.4,25.7,4.8,6.3,47.1,6.9,9.2,36.8,63.2,"[{""score"": ""0 - 1"", ""pct"": 12.709999999999999}, {""score"": ""1 - 1"", ""pct"": 12.29}, {""score"": ""1 - 2"", ""pct"": 9.629999999999999}]"
Ivory Coast,South Korea,Neutral,1.064,1.436,26.7,28.5,44.9,26.7,5.0,6.7,45.5,7.2,8.9,38.4,61.6,"[{""score"": ""1 - 1"", ""pct"": 12.91}, {""score"": ""0 - 1"", ""pct"": 12.53}, {""score"": ""0 - 0"", ""pct"": 9.31}]"
Ivory Coast,Australia,Neutral,1.045,1.397,27.4,28.5,44.0,27.2,4.8,7.4,44.7,6.7,9.2,39.4,60.6,"[{""score"": ""1 - 1"", ""pct"": 12.959999999999999}, {""score"": ""0 - 1"", ""pct"": 11.99}, {""score"": ""0 - 0"", ""pct"": 9.44}]"
Ivory Coast,Czech Republic,Neutral,1.387,1.092,42.9,28.6,28.6,43.9,6.7,8.8,28.4,5.1,7.1,59.3,40.6,"[{""score"": ""1 - 1"", ""pct"": 12.4}, {""score"": ""1 - 0"", ""pct"": 11.709999999999999}, {""score"": ""0 - 0"", ""pct"": 9.75}]"
Ivory Coast,Cape Verde,Neutral,1.657,0.96,53.2,26.0,20.8,53.2,7.2,8.9,21.3,4.0,5.3,69.4,30.6,"[{""score"": ""1 - 1"", ""pct"": 12.17}, {""score"": ""1 - 0"", ""pct"": 12.09}, {""score"": ""2 - 0"", ""pct"": 9.66}]"
Ivory Coast,Ghana,Neutral,1.679,0.92,55.8,24.9,19.3,55.4,7.8,9.0,19.3,3.5,5.0,72.2,27.8,"[{""score"": ""1 - 0"", ""pct"": 13.239999999999998}, {""score"": ""1 - 1"", ""pct"": 11.04}, {""score"": ""2 - 1"", ""pct"": 9.91}]"
Ivory Coast,Netherlands,Neutral,1.038,1.555,24.8,26.4,48.8,24.2,4.6,5.8,49.3,7.3,8.8,34.6,65.4,"[{""score"": ""1 - 1"", ""pct"": 12.389999999999999}, {""score"": ""0 - 1"", ""pct"": 11.97}, {""score"": ""1 - 2"", ""pct"": 9.67}]"
Ivory Coast,Scotland,Neutral,1.271,1.195,37.9,28.5,33.6,37.4,6.1,8.5,34.1,5.8,8.1,52.0,48.0,"[{""score"": ""1 - 1"", ""pct"": 13.170000000000002}, {""score"": ""1 - 0"", ""pct"": 11.16}, {""score"": ""0 - 1"", ""pct"": 9.86}]"
Ivory Coast,Ecuador,Neutral,0.929,1.501,22.4,27.0,50.6,21.5,4.1,5.9,51.4,7.5,9.5,31.5,68.5,"[{""score"": ""0 - 1"", ""pct"": 13.65}, {""score"": ""1 - 1"", ""pct"": 11.99}, {""score"": ""0 - 0"", ""pct"": 9.75}]"
Ivory Coast,Iran,Neutral,1.04,1.445,26.4,27.0,46.6,26.0,4.9,6.8,46.6,7.2,8.5,37.7,62.3,"[{""score"": ""0 - 1"", ""pct"": 13.200000000000001}, {""score"": ""1 - 1"", ""pct"": 12.370000000000001}, {""score"": ""1 - 2"", ""pct"": 9.25}]"
Ivory Coast,Mexico,Neutral,0.991,1.49,23.9,27.1,49.1,23.4,4.5,6.5,48.9,7.5,9.2,34.4,65.6,"[{""score"": ""0 - 1"", ""pct"": 12.479999999999999}, {""score"": ""1 - 1"", ""pct"": 12.44}, {""score"": ""1 - 2"", ""pct"": 9.520000000000001}]"
Ivory Coast,France,Neutral,0.814,1.709,16.7,24.9,58.5,16.4,3.6,4.6,58.1,7.8,9.5,24.6,75.4,"[{""score"": ""0 - 1"", ""pct"": 14.05}, {""score"": ""0 - 2"", ""pct"": 11.66}, {""score"": ""1 - 1"", ""pct"": 11.35}]"
Ivory Coast,Algeria,Neutral,1.002,1.435,26.1,27.9,46.0,25.2,5.0,6.7,46.0,7.4,9.7,36.9,63.1,"[{""score"": ""0 - 1"", ""pct"": 12.7}, {""score"": ""1 - 1"", ""pct"": 12.64}, {""score"": ""0 - 0"", ""pct"": 9.45}]"
Ivory Coast,Panama,Neutral,1.204,1.286,33.9,28.9,37.2,34.0,5.7,7.4,38.0,6.3,8.5,47.1,52.9,"[{""score"": ""1 - 1"", ""pct"": 12.9}, {""score"": ""0 - 1"", ""pct"": 10.4}, {""score"": ""1 - 0"", ""pct"": 10.01}]"
Ivory Coast,Colombia,Neutral,0.945,1.697,18.8,25.3,55.9,20.9,3.8,5.1,54.2,7.0,8.9,29.9,70.1,"[{""score"": ""0 - 1"", ""pct"": 12.26}, {""score"": ""1 - 1"", ""pct"": 12.0}, {""score"": ""0 - 2"", ""pct"": 10.34}]"
Ivory Coast,Portugal,Neutral,0.973,1.664,21.0,26.0,53.0,20.2,4.2,5.4,53.7,7.4,9.1,29.8,70.2,"[{""score"": ""1 - 1"", ""pct"": 12.17}, {""score"": ""0 - 1"", ""pct"": 12.06}, {""score"": ""1 - 2"", ""pct"": 9.66}]"
Scotland,Saudi Arabia,Neutral,1.516,1.043,47.1,26.8,26.1,48.2,6.9,8.7,24.9,4.6,6.8,63.8,36.2,"[{""score"": ""1 - 1"", ""pct"": 12.65}, {""score"": ""1 - 0"", ""pct"": 11.82}, {""score"": ""2 - 1"", ""pct"": 9.58}]"
Scotland,England,Neutral,0.824,1.773,15.8,23.8,60.4,15.8,3.2,4.3,60.1,7.5,9.1,23.2,76.7,"[{""score"": ""0 - 1"", ""pct"": 13.69}, {""score"": ""0 - 2"", ""pct"": 11.66}, {""score"": ""1 - 1"", ""pct"": 10.77}]"
Scotland,Uzbekistan,Neutral,1.128,1.351,28.7,28.1,43.2,31.0,5.7,7.4,40.9,6.6,8.4,44.1,55.9,"[{""score"": ""1 - 1"", ""pct"": 12.4}, {""score"": ""0 - 1"", ""pct"": 12.11}, {""score"": ""0 - 0"", ""pct"": 9.51}]"
Scotland,Austria,Neutral,1.157,1.357,30.7,27.8,41.5,31.0,5.7,7.4,40.8,6.1,8.9,44.1,55.9,"[{""score"": ""1 - 1"", ""pct"": 12.2}, {""score"": ""0 - 1"", ""pct"": 11.379999999999999}, {""score"": ""0 - 0"", ""pct"": 9.41}]"
Scotland,Turkey,Neutral,1.037,1.547,23.2,27.1,49.7,24.2,4.9,5.6,48.8,7.5,9.0,34.8,65.2,"[{""score"": ""0 - 1"", ""pct"": 12.559999999999999}, {""score"": ""1 - 1"", ""pct"": 12.120000000000001}, {""score"": ""1 - 2"", ""pct"": 9.969999999999999}]"
Scotland,Morocco,Neutral,0.916,1.771,18.4,23.9,57.7,18.0,3.1,4.1,57.9,7.7,9.1,25.3,74.7,"[{""score"": ""0 - 1"", ""pct"": 13.170000000000002}, {""score"": ""1 - 1"", ""pct"": 11.219999999999999}, {""score"": ""0 - 2"", ""pct"": 10.4}]"
Scotland,DR Congo,Neutral,1.229,1.035,39.3,30.3,30.3,40.2,6.6,9.3,30.0,6.0,8.0,56.0,44.0,"[{""score"": ""1 - 1"", ""pct"": 13.52}, {""score"": ""1 - 0"", ""pct"": 12.73}, {""score"": ""0 - 0"", ""pct"": 11.27}]"
Scotland,Japan,Neutral,0.918,1.71,19.5,24.4,56.0,19.1,4.0,5.1,55.7,7.5,8.6,28.2,71.8,"[{""score"": ""0 - 1"", ""pct"": 12.91}, {""score"": ""1 - 1"", ""pct"": 10.82}, {""score"": ""1 - 2"", ""pct"": 10.25}]"
Scotland,Canada,Neutral,1.033,1.458,26.0,27.2,46.8,26.5,4.8,6.9,45.3,7.2,9.3,38.2,61.8,"[{""score"": ""0 - 1"", ""pct"": 13.15}, {""score"": ""1 - 1"", ""pct"": 11.77}, {""score"": ""0 - 0"", ""pct"": 9.3}]"
Scotland,Argentina,Neutral,0.754,2.035,12.6,19.5,67.9,11.5,2.3,2.9,67.5,7.5,8.2,16.8,83.2,"[{""score"": ""0 - 1"", ""pct"": 13.26}, {""score"": ""0 - 2"", ""pct"": 12.559999999999999}, {""score"": ""1 - 2"", ""pct"": 9.93}]"
Scotland,Tunisia,Neutral,1.321,1.118,40.8,28.8,30.4,41.0,6.7,8.9,30.3,5.2,7.8,56.6,43.4,"[{""score"": ""1 - 1"", ""pct"": 13.04}, {""score"": ""1 - 0"", ""pct"": 11.81}, {""score"": ""0 - 0"", ""pct"": 9.44}]"
Scotland,Brazil,Neutral,0.973,1.919,17.3,22.5,60.2,17.7,3.4,3.5,59.5,7.7,8.2,24.6,75.4,"[{""score"": ""0 - 1"", ""pct"": 11.98}, {""score"": ""0 - 2"", ""pct"": 10.13}, {""score"": ""1 - 2"", ""pct"": 10.08}]"
Scotland,Iraq,Neutral,1.294,1.071,41.1,29.3,29.6,40.8,7.0,8.9,29.8,5.9,7.6,56.6,43.4,"[{""score"": ""1 - 1"", ""pct"": 13.34}, {""score"": ""1 - 0"", ""pct"": 12.659999999999998}, {""score"": ""0 - 0"", ""pct"": 10.58}]"
Scotland,Sweden,Neutral,1.573,1.102,47.8,27.1,25.2,47.8,7.1,8.5,26.2,4.6,5.9,63.4,36.6,"[{""score"": ""1 - 1"", ""pct"": 12.32}, {""score"": ""1 - 0"", ""pct"": 11.44}, {""score"": ""2 - 1"", ""pct"": 9.16}]"
Scotland,Senegal,Neutral,1.07,1.549,25.3,26.2,48.5,24.4,4.5,6.2,48.5,7.1,9.3,35.1,64.9,"[{""score"": ""1 - 1"", ""pct"": 12.21}, {""score"": ""0 - 1"", ""pct"": 12.09}, {""score"": ""1 - 2"", ""pct"": 9.229999999999999}]"
Scotland,Spain,Neutral,0.801,2.003,12.9,21.0,66.1,13.0,2.8,3.3,65.4,7.4,8.1,19.1,80.9,"[{""score"": ""0 - 1"", ""pct"": 13.350000000000001}, {""score"": ""0 - 2"", ""pct"": 11.84}, {""score"": ""1 - 2"", ""pct"": 9.84}]"
Scotland,Paraguay,Neutral,1.084,1.48,26.5,27.2,46.3,26.5,4.9,6.2,46.6,7.2,8.6,37.6,62.4,"[{""score"": ""1 - 1"", ""pct"": 12.26}, {""score"": ""0 - 1"", ""pct"": 12.030000000000001}, {""score"": ""1 - 2"", ""pct"": 9.27}]"
Scotland,New Zealand,Neutral,1.539,1.079,46.7,26.8,26.5,47.3,6.9,8.9,26.7,4.3,5.9,63.1,36.9,"[{""score"": ""1 - 1"", ""pct"": 12.0}, {""score"": ""1 - 0"", ""pct"": 11.61}, {""score"": ""2 - 1"", ""pct"": 9.049999999999999}]"
Scotland,Qatar,Neutral,1.935,0.833,63.3,22.1,14.6,63.5,7.9,8.3,13.9,2.7,3.7,79.7,20.3,"[{""score"": ""1 - 0"", ""pct"": 13.059999999999999}, {""score"": ""2 - 0"", ""pct"": 11.85}, {""score"": ""1 - 1"", ""pct"": 9.98}]"
Scotland,Norway,Neutral,1.053,1.574,23.6,26.9,49.4,24.5,4.3,5.8,49.5,6.8,9.1,34.5,65.5,"[{""score"": ""1 - 1"", ""pct"": 12.740000000000002}, {""score"": ""0 - 1"", ""pct"": 11.85}, {""score"": ""1 - 2"", ""pct"": 9.56}]"
Scotland,Bosnia and Herzegovina,Neutral,1.757,0.892,58.2,24.3,17.5,57.8,8.2,8.5,17.5,3.4,4.6,74.6,25.4,"[{""score"": ""1 - 0"", ""pct"": 12.49}, {""score"": ""2 - 0"", ""pct"": 11.14}, {""score"": ""1 - 1"", ""pct"": 11.03}]"
Scotland,Curaçao,Neutral,1.776,0.948,56.3,25.1,18.6,56.7,6.9,8.9,19.0,3.6,4.8,72.5,27.5,"[{""score"": ""1 - 0"", ""pct"": 12.91}, {""score"": ""1 - 1"", ""pct"": 10.92}, {""score"": ""2 - 0"", ""pct"": 10.0}]"
Scotland,Belgium,Neutral,1.039,1.578,24.6,26.5,48.9,23.6,4.5,6.0,50.1,7.2,8.5,34.2,65.8,"[{""score"": ""1 - 1"", ""pct"": 11.81}, {""score"": ""0 - 1"", ""pct"": 11.78}, {""score"": ""1 - 2"", ""pct"": 9.58}]"
Scotland,Switzerland,Neutral,1.066,1.561,24.8,26.5,48.8,24.7,4.7,6.1,47.9,7.5,8.9,35.6,64.4,"[{""score"": ""1 - 1"", ""pct"": 12.04}, {""score"": ""0 - 1"", ""pct"": 11.86}, {""score"": ""1 - 2"", ""pct"": 9.879999999999999}]"
Scotland,Germany,Neutral,1.044,1.737,22.4,24.6,53.0,21.8,3.9,5.3,53.1,7.2,8.6,31.0,69.0,"[{""score"": ""1 - 1"", ""pct"": 11.24}, {""score"": ""0 - 1"", ""pct"": 11.21}, {""score"": ""1 - 2"", ""pct"": 9.959999999999999}]"
Scotland,Egypt,Neutral,1.218,1.182,36.2,29.4,34.4,36.6,6.5,9.0,34.4,5.6,8.0,52.0,48.0,"[{""score"": ""1 - 1"", ""pct"": 13.469999999999999}, {""score"": ""1 - 0"", ""pct"": 11.01}, {""score"": ""0 - 1"", ""pct"": 10.95}]"
Scotland,Jordan,Neutral,1.39,1.278,39.1,27.3,33.6,38.6,6.7,7.9,34.1,5.8,6.8,53.2,46.8,"[{""score"": ""1 - 1"", ""pct"": 12.65}, {""score"": ""1 - 0"", ""pct"": 9.71}, {""score"": ""0 - 1"", ""pct"": 9.13}]"
Scotland,South Africa,Neutral,1.545,1.035,49.1,26.2,24.7,48.8,7.3,8.9,24.4,4.8,5.8,65.0,35.0,"[{""score"": ""1 - 0"", ""pct"": 12.19}, {""score"": ""1 - 1"", ""pct"": 12.04}, {""score"": ""2 - 1"", ""pct"": 9.46}]"
Scotland,Croatia,Neutral,1.088,1.57,25.6,26.7,47.7,25.8,4.5,5.8,47.4,7.7,8.8,36.1,63.9,"[{""score"": ""1 - 1"", ""pct"": 11.65}, {""score"": ""0 - 1"", ""pct"": 11.129999999999999}, {""score"": ""1 - 2"", ""pct"": 9.34}]"
Scotland,Haiti,Neutral,1.45,1.103,44.6,27.4,28.0,45.4,7.0,9.2,26.8,4.9,6.7,61.6,38.4,"[{""score"": ""1 - 1"", ""pct"": 12.09}, {""score"": ""1 - 0"", ""pct"": 11.89}, {""score"": ""2 - 1"", ""pct"": 9.16}]"
Scotland,United States,Neutral,1.246,1.387,32.6,28.5,38.9,33.1,5.7,6.9,39.7,6.6,8.0,45.8,54.2,"[{""score"": ""1 - 1"", ""pct"": 13.370000000000001}, {""score"": ""0 - 1"", ""pct"": 10.08}, {""score"": ""1 - 0"", ""pct"": 8.649999999999999}]"
Scotland,Uruguay,Neutral,1.059,1.597,24.9,26.3,48.9,24.6,4.5,5.6,49.0,7.5,8.8,34.6,65.4,"[{""score"": ""1 - 1"", ""pct"": 12.11}, {""score"": ""0 - 1"", ""pct"": 11.31}, {""score"": ""1 - 2"", ""pct"": 9.59}]"
Scotland,South Korea,Neutral,1.074,1.534,25.4,25.8,48.8,25.6,5.0,6.5,47.1,7.6,8.2,37.0,63.0,"[{""score"": ""0 - 1"", ""pct"": 11.62}, {""score"": ""1 - 1"", ""pct"": 11.559999999999999}, {""score"": ""1 - 2"", ""pct"": 9.99}]"
Scotland,Australia,Neutral,1.053,1.519,25.2,26.7,48.0,24.6,4.9,5.8,48.1,7.3,9.3,35.3,64.7,"[{""score"": ""1 - 1"", ""pct"": 11.99}, {""score"": ""0 - 1"", ""pct"": 11.81}, {""score"": ""1 - 2"", ""pct"": 9.45}]"
Scotland,Czech Republic,Neutral,1.39,1.186,41.1,27.7,31.3,40.9,6.6,8.8,31.4,5.3,7.0,56.3,43.7,"[{""score"": ""1 - 1"", ""pct"": 12.94}, {""score"": ""1 - 0"", ""pct"": 10.99}, {""score"": ""2 - 1"", ""pct"": 8.94}]"
Scotland,Cape Verde,Neutral,1.654,1.041,50.3,26.4,23.4,52.1,7.2,8.8,22.6,4.0,5.2,68.2,31.8,"[{""score"": ""1 - 1"", ""pct"": 11.74}, {""score"": ""1 - 0"", ""pct"": 11.379999999999999}, {""score"": ""2 - 1"", ""pct"": 9.22}]"
Scotland,Ghana,Neutral,1.654,0.978,52.6,26.3,21.1,52.8,7.6,9.1,21.5,3.8,5.3,69.4,30.6,"[{""score"": ""1 - 0"", ""pct"": 12.34}, {""score"": ""1 - 1"", ""pct"": 11.67}, {""score"": ""2 - 0"", ""pct"": 9.69}]"
Scotland,Netherlands,Neutral,1.048,1.672,22.7,25.6,51.8,22.8,4.3,5.5,51.4,7.5,8.6,32.6,67.4,"[{""score"": ""1 - 1"", ""pct"": 11.33}, {""score"": ""0 - 1"", ""pct"": 11.32}, {""score"": ""1 - 2"", ""pct"": 9.569999999999999}]"
Scotland,Ivory Coast,Neutral,1.195,1.271,32.9,29.3,37.9,33.7,6.2,8.2,37.5,5.9,8.5,48.1,51.9,"[{""score"": ""1 - 1"", ""pct"": 12.98}, {""score"": ""0 - 1"", ""pct"": 10.61}, {""score"": ""0 - 0"", ""pct"": 9.99}]"
Scotland,Ecuador,Neutral,0.939,1.624,20.1,25.5,54.4,20.4,3.8,5.3,53.5,8.0,9.1,29.5,70.5,"[{""score"": ""0 - 1"", ""pct"": 12.879999999999999}, {""score"": ""1 - 1"", ""pct"": 11.51}, {""score"": ""0 - 2"", ""pct"": 10.03}]"
Scotland,Iran,Neutral,1.048,1.554,24.2,26.8,49.0,24.4,4.3,6.4,48.4,7.3,9.0,35.2,64.8,"[{""score"": ""1 - 1"", ""pct"": 12.13}, {""score"": ""0 - 1"", ""pct"": 11.86}, {""score"": ""1 - 2"", ""pct"": 9.77}]"
Scotland,Mexico,Neutral,1.004,1.604,22.8,26.4,50.8,22.7,4.1,5.8,50.7,7.4,9.4,32.5,67.5,"[{""score"": ""0 - 1"", ""pct"": 12.389999999999999}, {""score"": ""1 - 1"", ""pct"": 12.29}, {""score"": ""0 - 2"", ""pct"": 9.370000000000001}]"
Scotland,France,Neutral,0.805,1.819,15.0,23.1,61.9,14.4,3.1,3.6,62.1,7.7,9.1,21.1,78.9,"[{""score"": ""0 - 1"", ""pct"": 13.850000000000001}, {""score"": ""0 - 2"", ""pct"": 11.23}, {""score"": ""1 - 1"", ""pct"": 10.59}]"
Scotland,Algeria,Neutral,1.023,1.518,24.7,27.1,48.3,25.3,4.4,6.0,48.2,7.3,8.7,35.8,64.2,"[{""score"": ""0 - 1"", ""pct"": 12.509999999999998}, {""score"": ""1 - 1"", ""pct"": 11.959999999999999}, {""score"": ""1 - 2"", ""pct"": 9.45}]"
Scotland,Panama,Neutral,1.211,1.382,32.0,27.4,40.6,32.5,5.6,7.2,39.9,6.3,8.5,45.3,54.7,"[{""score"": ""1 - 1"", ""pct"": 12.29}, {""score"": ""0 - 1"", ""pct"": 10.5}, {""score"": ""1 - 2"", ""pct"": 9.120000000000001}]"
Scotland,Colombia,Neutral,0.944,1.8,18.5,24.2,57.2,18.8,3.4,4.3,57.8,7.7,8.0,26.5,73.5,"[{""score"": ""0 - 1"", ""pct"": 12.07}, {""score"": ""1 - 1"", ""pct"": 10.879999999999999}, {""score"": ""0 - 2"", ""pct"": 10.07}]"
Scotland,Portugal,Neutral,0.969,1.782,18.9,24.9,56.2,19.3,3.8,4.3,56.8,7.1,8.6,27.4,72.6,"[{""score"": ""0 - 1"", ""pct"": 11.92}, {""score"": ""1 - 1"", ""pct"": 10.86}, {""score"": ""0 - 2"", ""pct"": 9.959999999999999}]"
Ecuador,Saudi Arabia,Neutral,1.722,0.73,61.5,24.2,14.3,61.6,7.8,9.1,14.4,2.8,4.3,78.5,21.5,"[{""score"": ""1 - 0"", ""pct"": 15.39}, {""score"": ""2 - 0"", ""pct"": 12.559999999999999}, {""score"": ""1 - 1"", ""pct"": 10.67}]"
Ecuador,England,Neutral,1.041,1.296,28.9,29.0,42.1,29.1,5.2,7.3,42.5,6.6,9.3,41.6,58.4,"[{""score"": ""1 - 1"", ""pct"": 13.01}, {""score"": ""0 - 1"", ""pct"": 12.65}, {""score"": ""0 - 0"", ""pct"": 10.65}]"
Ecuador,Uzbekistan,Neutral,1.393,1.0,45.2,28.0,26.7,45.6,7.3,9.7,25.3,4.6,7.5,62.6,37.5,"[{""score"": ""1 - 0"", ""pct"": 12.950000000000001}, {""score"": ""1 - 1"", ""pct"": 12.520000000000001}, {""score"": ""0 - 0"", ""pct"": 10.12}]"
Ecuador,Austria,Neutral,1.456,1.021,46.4,27.6,25.9,47.0,7.5,9.4,24.8,4.7,6.7,63.9,36.1,"[{""score"": ""1 - 0"", ""pct"": 12.45}, {""score"": ""1 - 1"", ""pct"": 12.35}, {""score"": ""0 - 0"", ""pct"": 9.47}]"
Ecuador,Turkey,Neutral,1.367,1.084,43.3,28.5,28.1,42.5,7.1,9.1,28.7,5.3,7.4,58.6,41.4,"[{""score"": ""1 - 1"", ""pct"": 12.94}, {""score"": ""1 - 0"", ""pct"": 12.21}, {""score"": ""0 - 0"", ""pct"": 9.629999999999999}]"
Ecuador,Morocco,Neutral,1.139,1.216,33.3,29.6,37.1,33.6,5.7,8.2,36.8,6.3,9.4,47.5,52.5,"[{""score"": ""1 - 1"", ""pct"": 13.0}, {""score"": ""0 - 1"", ""pct"": 11.84}, {""score"": ""1 - 0"", ""pct"": 11.16}]"
Ecuador,DR Congo,Neutral,1.51,0.837,53.9,26.9,19.2,53.7,7.2,10.6,19.2,3.9,5.5,71.5,28.5,"[{""score"": ""1 - 0"", ""pct"": 15.17}, {""score"": ""1 - 1"", ""pct"": 11.98}, {""score"": ""2 - 0"", ""pct"": 11.08}]"
Ecuador,Japan,Neutral,1.115,1.212,32.7,29.8,37.5,33.0,6.0,8.5,37.4,6.1,9.1,47.4,52.6,"[{""score"": ""1 - 1"", ""pct"": 12.85}, {""score"": ""0 - 1"", ""pct"": 12.06}, {""score"": ""0 - 0"", ""pct"": 11.26}]"
Ecuador,Canada,Neutral,1.301,1.005,43.3,29.4,27.3,43.6,6.4,9.5,27.8,5.1,7.6,59.5,40.5,"[{""score"": ""1 - 0"", ""pct"": 13.3}, {""score"": ""1 - 1"", ""pct"": 12.7}, {""score"": ""0 - 0"", ""pct"": 11.24}]"
Ecuador,Argentina,Neutral,0.985,1.563,22.8,26.0,51.2,22.8,4.2,5.9,50.8,7.2,9.0,32.9,67.1,"[{""score"": ""0 - 1"", ""pct"": 12.870000000000001}, {""score"": ""1 - 1"", ""pct"": 11.82}, {""score"": ""0 - 2"", ""pct"": 9.700000000000001}]"
Ecuador,Tunisia,Neutral,1.587,0.798,55.9,26.1,18.0,56.3,7.5,9.8,17.9,3.4,5.0,73.6,26.4,"[{""score"": ""1 - 0"", ""pct"": 14.899999999999999}, {""score"": ""1 - 1"", ""pct"": 11.600000000000001}, {""score"": ""2 - 0"", ""pct"": 11.129999999999999}]"
Ecuador,Brazil,Neutral,1.154,1.351,30.6,28.4,41.0,30.9,5.6,7.4,41.0,6.4,8.6,43.9,56.1,"[{""score"": ""1 - 1"", ""pct"": 13.209999999999999}, {""score"": ""0 - 1"", ""pct"": 11.32}, {""score"": ""1 - 0"", ""pct"": 9.4}]"
Ecuador,Iraq,Neutral,1.552,0.773,55.3,27.4,17.3,56.2,7.8,10.7,16.8,3.4,5.1,74.8,25.2,"[{""score"": ""1 - 0"", ""pct"": 15.120000000000001}, {""score"": ""1 - 1"", ""pct"": 12.1}, {""score"": ""2 - 0"", ""pct"": 11.16}]"
Ecuador,Sweden,Neutral,1.839,0.76,63.6,22.9,13.5,62.8,7.7,9.0,13.8,2.8,3.8,79.5,20.4,"[{""score"": ""1 - 0"", ""pct"": 13.639999999999999}, {""score"": ""2 - 0"", ""pct"": 12.879999999999999}, {""score"": ""2 - 1"", ""pct"": 10.059999999999999}]"
Ecuador,Senegal,Neutral,1.407,1.067,44.9,27.4,27.7,43.9,7.2,9.4,27.8,5.0,6.7,60.5,39.5,"[{""score"": ""1 - 1"", ""pct"": 12.5}, {""score"": ""1 - 0"", ""pct"": 12.04}, {""score"": ""0 - 1"", ""pct"": 9.27}]"
Ecuador,Spain,Neutral,1.005,1.585,22.5,26.3,51.2,23.0,4.1,5.6,51.4,6.8,9.2,32.7,67.3,"[{""score"": ""1 - 1"", ""pct"": 12.15}, {""score"": ""0 - 1"", ""pct"": 11.99}, {""score"": ""1 - 2"", ""pct"": 9.86}]"
Ecuador,Paraguay,Neutral,1.415,1.014,44.9,28.5,26.6,46.1,6.9,9.7,25.7,4.8,6.9,62.6,37.4,"[{""score"": ""1 - 1"", ""pct"": 13.19}, {""score"": ""1 - 0"", ""pct"": 12.709999999999999}, {""score"": ""0 - 0"", ""pct"": 9.85}]"
Ecuador,New Zealand,Neutral,1.756,0.746,61.7,23.6,14.7,62.0,7.5,9.3,14.0,3.1,4.0,78.8,21.2,"[{""score"": ""1 - 0"", ""pct"": 15.14}, {""score"": ""2 - 0"", ""pct"": 12.55}, {""score"": ""1 - 1"", ""pct"": 10.52}]"
Ecuador,Qatar,Neutral,2.412,0.628,78.1,15.0,6.9,78.2,6.3,6.2,6.6,1.3,1.4,90.8,9.2,"[{""score"": ""2 - 0"", ""pct"": 14.87}, {""score"": ""1 - 0"", ""pct"": 12.65}, {""score"": ""3 - 0"", ""pct"": 10.89}]"
Ecuador,Norway,Neutral,1.408,1.1,43.0,28.1,28.9,42.3,7.0,10.1,28.5,5.2,6.9,59.3,40.7,"[{""score"": ""1 - 1"", ""pct"": 12.370000000000001}, {""score"": ""1 - 0"", ""pct"": 11.1}, {""score"": ""0 - 0"", ""pct"": 9.56}]"
Ecuador,Bosnia and Herzegovina,Neutral,2.058,0.678,70.2,19.8,10.0,70.6,7.1,7.7,10.0,2.0,2.6,85.4,14.6,"[{""score"": ""2 - 0"", ""pct"": 13.58}, {""score"": ""1 - 0"", ""pct"": 13.51}, {""score"": ""2 - 1"", ""pct"": 9.47}]"
Ecuador,Curaçao,Neutral,2.068,0.725,68.6,19.7,11.8,69.5,7.2,7.7,10.6,2.2,2.9,84.4,15.6,"[{""score"": ""1 - 0"", ""pct"": 13.43}, {""score"": ""2 - 0"", ""pct"": 12.68}, {""score"": ""2 - 1"", ""pct"": 9.31}]"
Ecuador,Belgium,Neutral,1.374,1.084,43.2,28.4,28.3,42.9,6.7,9.7,28.7,5.0,7.1,59.2,40.8,"[{""score"": ""1 - 1"", ""pct"": 12.950000000000001}, {""score"": ""1 - 0"", ""pct"": 11.64}, {""score"": ""0 - 0"", ""pct"": 9.24}]"
Ecuador,Switzerland,Neutral,1.427,1.071,44.7,28.3,27.0,45.0,7.0,8.8,27.1,4.8,7.3,60.9,39.1,"[{""score"": ""1 - 1"", ""pct"": 12.82}, {""score"": ""1 - 0"", ""pct"": 11.360000000000001}, {""score"": ""0 - 0"", ""pct"": 9.53}]"
Ecuador,Germany,Neutral,1.267,1.174,37.8,29.3,32.9,38.1,5.9,8.6,33.3,6.0,8.1,52.7,47.3,"[{""score"": ""1 - 1"", ""pct"": 12.9}, {""score"": ""1 - 0"", ""pct"": 11.219999999999999}, {""score"": ""0 - 0"", ""pct"": 10.100000000000001}]"
Ecuador,Egypt,Neutral,1.484,0.899,50.7,27.8,21.5,50.5,7.9,9.9,21.3,4.2,6.3,68.2,31.8,"[{""score"": ""1 - 0"", ""pct"": 14.499999999999998}, {""score"": ""1 - 1"", ""pct"": 12.31}, {""score"": ""0 - 0"", ""pct"": 10.0}]"
Ecuador,Jordan,Neutral,1.678,0.957,54.5,25.4,20.1,54.6,7.8,9.1,20.1,3.8,4.6,71.6,28.4,"[{""score"": ""1 - 0"", ""pct"": 12.590000000000002}, {""score"": ""1 - 1"", ""pct"": 11.62}, {""score"": ""2 - 0"", ""pct"": 10.24}]"
Ecuador,South Africa,Neutral,1.715,0.721,61.3,25.1,13.6,60.8,8.2,9.8,14.3,2.8,4.1,78.8,21.2,"[{""score"": ""1 - 0"", ""pct"": 15.39}, {""score"": ""2 - 0"", ""pct"": 12.98}, {""score"": ""1 - 1"", ""pct"": 11.200000000000001}]"
Ecuador,Croatia,Neutral,1.315,1.122,39.8,29.3,30.8,40.0,6.6,8.9,31.5,5.2,7.8,55.5,44.5,"[{""score"": ""1 - 1"", ""pct"": 13.59}, {""score"": ""1 - 0"", ""pct"": 12.19}, {""score"": ""0 - 1"", ""pct"": 9.76}]"
Ecuador,Haiti,Neutral,1.641,0.822,56.9,25.9,17.3,57.4,7.9,9.7,17.1,3.3,4.6,75.0,25.0,"[{""score"": ""1 - 0"", ""pct"": 14.57}, {""score"": ""1 - 1"", ""pct"": 11.35}, {""score"": ""2 - 0"", ""pct"": 11.12}]"
Ecuador,United States,Neutral,1.63,1.036,51.4,26.2,22.4,51.3,7.3,8.7,22.4,4.5,5.8,67.3,32.7,"[{""score"": ""1 - 0"", ""pct"": 12.030000000000001}, {""score"": ""1 - 1"", ""pct"": 11.790000000000001}, {""score"": ""2 - 1"", ""pct"": 10.190000000000001}]"
Ecuador,Uruguay,Neutral,1.253,1.1,39.2,29.8,31.0,39.7,6.1,9.2,31.1,5.9,8.1,54.9,45.1,"[{""score"": ""1 - 1"", ""pct"": 13.71}, {""score"": ""1 - 0"", ""pct"": 12.06}, {""score"": ""0 - 1"", ""pct"": 10.31}]"
Ecuador,South Korea,Neutral,1.391,1.063,44.0,27.3,28.7,44.3,6.7,9.0,28.0,4.9,7.2,60.0,40.0,"[{""score"": ""1 - 0"", ""pct"": 12.16}, {""score"": ""1 - 1"", ""pct"": 11.600000000000001}, {""score"": ""0 - 0"", ""pct"": 9.54}]"
Ecuador,Australia,Neutral,1.284,1.058,41.4,29.1,29.5,41.2,6.7,9.7,29.5,5.1,7.8,57.6,42.4,"[{""score"": ""1 - 1"", ""pct"": 13.209999999999999}, {""score"": ""1 - 0"", ""pct"": 12.2}, {""score"": ""0 - 0"", ""pct"": 10.67}]"
Ecuador,Czech Republic,Neutral,1.696,0.929,54.8,25.8,19.3,55.0,7.7,9.1,19.8,3.6,4.8,71.9,28.1,"[{""score"": ""1 - 0"", ""pct"": 12.32}, {""score"": ""1 - 1"", ""pct"": 11.799999999999999}, {""score"": ""2 - 0"", ""pct"": 10.22}]"
Ecuador,Cape Verde,Neutral,1.886,0.744,66.2,21.1,12.8,65.1,7.3,8.9,12.7,2.7,3.2,81.4,18.6,"[{""score"": ""1 - 0"", ""pct"": 14.680000000000001}, {""score"": ""2 - 0"", ""pct"": 12.950000000000001}, {""score"": ""1 - 1"", ""pct"": 9.33}]"
Ecuador,Ghana,Neutral,1.959,0.684,68.8,20.3,10.8,67.9,7.2,8.7,11.1,2.1,3.0,83.8,16.2,"[{""score"": ""1 - 0"", ""pct"": 14.6}, {""score"": ""2 - 0"", ""pct"": 13.88}, {""score"": ""2 - 1"", ""pct"": 9.33}]"
Ecuador,Netherlands,Neutral,1.248,1.149,38.0,28.9,33.1,39.0,6.2,8.8,32.5,5.6,7.9,54.0,46.0,"[{""score"": ""1 - 1"", ""pct"": 13.29}, {""score"": ""1 - 0"", ""pct"": 11.72}, {""score"": ""0 - 1"", ""pct"": 11.07}]"
Ecuador,Ivory Coast,Neutral,1.501,0.929,51.3,26.6,22.1,50.5,7.4,9.0,22.4,4.2,6.4,67.0,33.0,"[{""score"": ""1 - 0"", ""pct"": 13.889999999999999}, {""score"": ""1 - 1"", ""pct"": 11.540000000000001}, {""score"": ""0 - 0"", ""pct"": 9.87}]"
Ecuador,Scotland,Neutral,1.624,0.939,53.3,25.4,21.3,52.2,7.3,9.8,21.1,3.8,5.8,69.3,30.7,"[{""score"": ""1 - 0"", ""pct"": 13.420000000000002}, {""score"": ""1 - 1"", ""pct"": 11.55}, {""score"": ""2 - 0"", ""pct"": 9.790000000000001}]"
Ecuador,Iran,Neutral,1.354,1.078,42.4,28.9,28.7,42.2,6.6,9.5,28.5,5.6,7.6,58.3,41.7,"[{""score"": ""1 - 1"", ""pct"": 12.690000000000001}, {""score"": ""1 - 0"", ""pct"": 11.64}, {""score"": ""0 - 0"", ""pct"": 10.16}]"
Ecuador,Mexico,Neutral,1.162,1.11,36.6,29.2,34.2,36.4,6.0,9.3,33.3,6.0,8.9,51.7,48.3,"[{""score"": ""1 - 1"", ""pct"": 13.01}, {""score"": ""1 - 0"", ""pct"": 12.389999999999999}, {""score"": ""0 - 1"", ""pct"": 11.64}]"
Ecuador,France,Neutral,1.098,1.458,27.4,27.2,45.4,27.3,5.5,6.6,45.1,6.8,8.7,39.4,60.6,"[{""score"": ""1 - 1"", ""pct"": 12.08}, {""score"": ""0 - 1"", ""pct"": 11.78}, {""score"": ""1 - 2"", ""pct"": 9.32}]"
Ecuador,Algeria,Neutral,1.287,1.072,40.9,29.5,29.6,42.1,6.3,9.3,29.4,5.2,7.7,57.7,42.3,"[{""score"": ""1 - 1"", ""pct"": 13.22}, {""score"": ""1 - 0"", ""pct"": 12.0}, {""score"": ""0 - 0"", ""pct"": 10.41}]"
Ecuador,Panama,Neutral,1.568,1.06,49.2,26.8,24.0,48.4,7.4,8.8,25.1,4.7,5.6,64.5,35.5,"[{""score"": ""1 - 1"", ""pct"": 12.68}, {""score"": ""1 - 0"", ""pct"": 11.93}, {""score"": ""2 - 1"", ""pct"": 9.629999999999999}]"
Ecuador,Colombia,Neutral,1.137,1.322,30.6,28.6,40.8,30.9,5.5,7.6,40.5,6.6,8.8,44.1,55.9,"[{""score"": ""1 - 1"", ""pct"": 13.489999999999998}, {""score"": ""0 - 1"", ""pct"": 11.16}, {""score"": ""1 - 0"", ""pct"": 10.209999999999999}]"
Ecuador,Portugal,Neutral,1.161,1.302,31.7,29.3,39.0,33.1,5.5,7.7,38.6,6.8,8.3,46.2,53.8,"[{""score"": ""1 - 1"", ""pct"": 12.950000000000001}, {""score"": ""0 - 1"", ""pct"": 10.79}, {""score"": ""0 - 0"", ""pct"": 9.85}]"
Iran,Saudi Arabia,Neutral,1.774,0.888,58.1,24.5,17.3,58.2,7.3,9.0,17.6,3.5,4.5,74.5,25.5,"[{""score"": ""1 - 0"", ""pct"": 13.139999999999999}, {""score"": ""1 - 1"", ""pct"": 10.85}, {""score"": ""2 - 0"", ""pct"": 10.6}]"
Iran,England,Neutral,1.024,1.48,26.1,27.5,46.4,25.3,4.7,6.5,46.9,6.9,9.8,36.4,63.6,"[{""score"": ""0 - 1"", ""pct"": 12.620000000000001}, {""score"": ""1 - 1"", ""pct"": 12.26}, {""score"": ""1 - 2"", ""pct"": 9.54}]"
Iran,Uzbekistan,Neutral,1.316,1.086,41.4,29.1,29.5,41.2,6.6,9.1,29.8,5.3,8.0,56.9,43.1,"[{""score"": ""1 - 1"", ""pct"": 13.23}, {""score"": ""1 - 0"", ""pct"": 12.15}, {""score"": ""0 - 0"", ""pct"": 10.18}]"
Iran,Austria,Neutral,1.416,1.049,45.7,27.7,26.6,44.4,7.1,9.4,27.3,4.7,7.2,60.8,39.2,"[{""score"": ""1 - 1"", ""pct"": 12.68}, {""score"": ""1 - 0"", ""pct"": 12.47}, {""score"": ""0 - 0"", ""pct"": 9.11}]"
Iran,Turkey,Neutral,1.234,1.229,36.0,28.7,35.3,35.9,5.9,8.0,35.9,6.0,8.2,49.8,50.2,"[{""score"": ""1 - 1"", ""pct"": 13.48}, {""score"": ""0 - 1"", ""pct"": 10.97}, {""score"": ""1 - 0"", ""pct"": 10.280000000000001}]"
Iran,Morocco,Neutral,1.068,1.434,26.8,27.8,45.5,26.9,4.9,6.4,46.1,6.9,8.8,38.2,61.8,"[{""score"": ""1 - 1"", ""pct"": 12.9}, {""score"": ""0 - 1"", ""pct"": 12.53}, {""score"": ""1 - 2"", ""pct"": 9.19}]"
Iran,DR Congo,Neutral,1.473,0.943,50.1,27.7,22.2,50.0,7.1,9.5,22.2,4.7,6.4,66.7,33.3,"[{""score"": ""1 - 0"", ""pct"": 13.63}, {""score"": ""1 - 1"", ""pct"": 12.15}, {""score"": ""0 - 0"", ""pct"": 10.0}]"
Iran,Japan,Neutral,1.05,1.425,26.7,27.3,46.0,27.5,5.0,7.2,44.3,7.0,9.0,39.7,60.3,"[{""score"": ""0 - 1"", ""pct"": 12.65}, {""score"": ""1 - 1"", ""pct"": 12.49}, {""score"": ""1 - 0"", ""pct"": 9.02}]"
Iran,Canada,Neutral,1.243,1.1,38.8,30.2,30.9,38.6,6.7,9.3,32.0,5.3,8.1,54.6,45.4,"[{""score"": ""1 - 1"", ""pct"": 13.370000000000001}, {""score"": ""1 - 0"", ""pct"": 11.72}, {""score"": ""0 - 0"", ""pct"": 11.200000000000001}]"
Iran,Argentina,Neutral,0.834,1.657,17.0,26.2,56.8,18.1,3.4,4.6,55.9,8.1,9.9,26.1,73.9,"[{""score"": ""0 - 1"", ""pct"": 13.96}, {""score"": ""1 - 1"", ""pct"": 11.5}, {""score"": ""0 - 2"", ""pct"": 10.84}]"
Iran,Tunisia,Neutral,1.582,0.989,51.9,25.9,22.2,50.5,7.1,9.2,23.2,4.2,5.7,66.9,33.1,"[{""score"": ""1 - 0"", ""pct"": 12.9}, {""score"": ""1 - 1"", ""pct"": 11.72}, {""score"": ""2 - 1"", ""pct"": 9.54}]"
Iran,Brazil,Neutral,1.081,1.539,25.9,26.6,47.5,25.7,4.8,6.4,47.2,7.4,8.6,36.8,63.2,"[{""score"": ""1 - 1"", ""pct"": 11.940000000000001}, {""score"": ""0 - 1"", ""pct"": 11.07}, {""score"": ""1 - 2"", ""pct"": 9.1}]"
Iran,Iraq,Neutral,1.554,0.96,51.1,26.3,22.6,50.2,7.4,9.8,22.8,4.2,5.6,67.4,32.6,"[{""score"": ""1 - 0"", ""pct"": 12.73}, {""score"": ""1 - 1"", ""pct"": 11.93}, {""score"": ""2 - 1"", ""pct"": 9.49}]"
Iran,Sweden,Neutral,1.869,0.96,59.3,23.5,17.2,59.1,7.3,8.6,17.7,3.0,4.3,74.9,25.1,"[{""score"": ""1 - 0"", ""pct"": 12.09}, {""score"": ""1 - 1"", ""pct"": 10.4}, {""score"": ""2 - 0"", ""pct"": 10.15}]"
Iran,Senegal,Neutral,1.269,1.211,37.2,28.8,34.1,37.2,6.4,8.2,34.1,6.0,8.1,51.8,48.2,"[{""score"": ""1 - 1"", ""pct"": 12.91}, {""score"": ""1 - 0"", ""pct"": 10.4}, {""score"": ""0 - 1"", ""pct"": 10.09}]"
Iran,Spain,Neutral,0.885,1.677,17.9,25.9,56.2,19.2,3.4,4.7,55.9,7.1,9.6,27.4,72.7,"[{""score"": ""0 - 1"", ""pct"": 13.389999999999999}, {""score"": ""1 - 1"", ""pct"": 11.559999999999999}, {""score"": ""0 - 2"", ""pct"": 10.67}]"
Iran,Paraguay,Neutral,1.33,1.148,40.6,29.0,30.3,40.1,6.5,8.8,31.3,5.3,8.0,55.4,44.6,"[{""score"": ""1 - 1"", ""pct"": 13.350000000000001}, {""score"": ""1 - 0"", ""pct"": 10.86}, {""score"": ""0 - 1"", ""pct"": 9.56}]"
Iran,New Zealand,Neutral,1.767,0.898,57.6,24.4,18.0,57.3,7.2,9.6,17.9,3.4,4.7,74.1,25.9,"[{""score"": ""1 - 0"", ""pct"": 12.47}, {""score"": ""1 - 1"", ""pct"": 11.200000000000001}, {""score"": ""2 - 0"", ""pct"": 10.5}]"
Iran,Qatar,Neutral,2.076,0.678,70.2,19.9,9.8,71.0,7.2,7.7,9.8,1.8,2.5,85.8,14.2,"[{""score"": ""2 - 0"", ""pct"": 13.719999999999999}, {""score"": ""1 - 0"", ""pct"": 13.270000000000001}, {""score"": ""3 - 0"", ""pct"": 9.180000000000001}]"
Iran,Norway,Neutral,1.26,1.252,36.1,28.2,35.7,36.5,6.5,8.4,34.9,6.2,7.5,51.4,48.6,"[{""score"": ""1 - 1"", ""pct"": 13.11}, {""score"": ""0 - 1"", ""pct"": 10.82}, {""score"": ""1 - 0"", ""pct"": 10.08}]"
Iran,Bosnia and Herzegovina,Neutral,1.969,0.701,67.4,20.9,11.7,67.0,8.1,8.3,11.5,2.2,2.9,83.4,16.6,"[{""score"": ""1 - 0"", ""pct"": 13.900000000000002}, {""score"": ""2 - 0"", ""pct"": 13.139999999999999}, {""score"": ""2 - 1"", ""pct"": 10.209999999999999}]"
Iran,Curaçao,Neutral,1.947,0.717,67.2,20.8,12.0,67.5,7.7,8.2,11.4,2.2,2.9,83.5,16.5,"[{""score"": ""1 - 0"", ""pct"": 14.32}, {""score"": ""2 - 0"", ""pct"": 13.309999999999999}, {""score"": ""2 - 1"", ""pct"": 9.22}]"
Iran,Belgium,Neutral,1.246,1.24,36.8,28.3,34.9,36.1,6.2,8.4,35.1,6.1,8.1,50.7,49.3,"[{""score"": ""1 - 1"", ""pct"": 13.020000000000001}, {""score"": ""1 - 0"", ""pct"": 10.7}, {""score"": ""0 - 1"", ""pct"": 10.18}]"
Iran,Switzerland,Neutral,1.369,1.226,39.0,28.3,32.7,38.5,6.7,8.2,33.5,5.9,7.2,53.4,46.5,"[{""score"": ""1 - 1"", ""pct"": 12.76}, {""score"": ""1 - 0"", ""pct"": 10.530000000000001}, {""score"": ""0 - 1"", ""pct"": 9.27}]"
Iran,Germany,Neutral,1.179,1.33,31.6,28.6,39.9,32.3,5.9,7.5,39.4,6.2,8.7,45.7,54.3,"[{""score"": ""1 - 1"", ""pct"": 12.58}, {""score"": ""0 - 1"", ""pct"": 11.23}, {""score"": ""0 - 0"", ""pct"": 9.22}]"
Iran,Egypt,Neutral,1.442,0.998,47.4,27.6,25.0,47.3,7.1,9.2,25.1,4.7,6.6,63.6,36.4,"[{""score"": ""1 - 0"", ""pct"": 12.46}, {""score"": ""1 - 1"", ""pct"": 12.280000000000001}, {""score"": ""0 - 0"", ""pct"": 9.41}]"
Iran,Jordan,Neutral,1.611,1.054,49.4,26.4,24.3,50.9,7.4,8.2,23.5,4.6,5.5,66.5,33.5,"[{""score"": ""1 - 1"", ""pct"": 12.08}, {""score"": ""1 - 0"", ""pct"": 11.110000000000001}, {""score"": ""2 - 1"", ""pct"": 9.6}]"
Iran,South Africa,Neutral,1.736,0.792,59.7,25.0,15.3,60.5,7.3,9.7,15.0,3.3,4.1,77.5,22.5,"[{""score"": ""1 - 0"", ""pct"": 14.12}, {""score"": ""2 - 0"", ""pct"": 11.940000000000001}, {""score"": ""1 - 1"", ""pct"": 11.03}]"
Iran,Croatia,Neutral,1.25,1.265,35.8,27.7,36.5,35.1,6.0,8.5,36.7,6.1,7.6,49.5,50.5,"[{""score"": ""1 - 1"", ""pct"": 12.34}, {""score"": ""0 - 1"", ""pct"": 10.73}, {""score"": ""1 - 0"", ""pct"": 9.879999999999999}]"
Iran,Haiti,Neutral,1.678,0.94,54.2,26.1,19.7,54.9,7.5,9.1,19.9,3.8,4.8,71.5,28.5,"[{""score"": ""1 - 0"", ""pct"": 12.540000000000001}, {""score"": ""1 - 1"", ""pct"": 11.31}, {""score"": ""2 - 0"", ""pct"": 9.93}]"
Iran,United States,Neutral,1.579,1.077,48.6,26.7,24.7,49.4,6.7,8.6,24.6,4.5,6.2,64.7,35.3,"[{""score"": ""1 - 1"", ""pct"": 12.26}, {""score"": ""1 - 0"", ""pct"": 11.32}, {""score"": ""2 - 1"", ""pct"": 9.42}]"
Iran,Uruguay,Neutral,1.174,1.25,32.9,29.8,37.4,33.2,5.8,8.3,37.2,6.7,8.8,47.3,52.6,"[{""score"": ""1 - 1"", ""pct"": 13.26}, {""score"": ""0 - 1"", ""pct"": 11.700000000000001}, {""score"": ""1 - 0"", ""pct"": 10.040000000000001}]"
Iran,South Korea,Neutral,1.283,1.201,38.0,27.9,34.2,37.4,6.7,8.5,33.2,6.1,8.2,52.5,47.5,"[{""score"": ""1 - 1"", ""pct"": 12.33}, {""score"": ""1 - 0"", ""pct"": 11.540000000000001}, {""score"": ""0 - 1"", ""pct"": 10.31}]"
Iran,Australia,Neutral,1.206,1.191,35.1,29.1,35.8,35.7,6.0,8.8,35.0,6.1,8.4,50.6,49.4,"[{""score"": ""1 - 1"", ""pct"": 12.83}, {""score"": ""1 - 0"", ""pct"": 10.879999999999999}, {""score"": ""0 - 1"", ""pct"": 10.52}]"
Iran,Czech Republic,Neutral,1.682,1.033,52.1,25.8,22.1,52.8,7.4,8.3,22.6,4.0,4.9,68.5,31.5,"[{""score"": ""1 - 1"", ""pct"": 11.75}, {""score"": ""1 - 0"", ""pct"": 11.63}, {""score"": ""2 - 1"", ""pct"": 9.610000000000001}]"
Iran,Cape Verde,Neutral,1.817,0.748,63.5,22.3,14.2,63.3,7.5,9.2,13.7,2.7,3.7,80.0,20.0,"[{""score"": ""1 - 0"", ""pct"": 14.11}, {""score"": ""2 - 0"", ""pct"": 12.49}, {""score"": ""1 - 1"", ""pct"": 10.39}]"
Iran,Ghana,Neutral,1.853,0.697,64.9,23.0,12.1,65.7,7.4,8.8,12.3,2.4,3.3,82.0,18.0,"[{""score"": ""1 - 0"", ""pct"": 15.24}, {""score"": ""2 - 0"", ""pct"": 13.320000000000002}, {""score"": ""1 - 1"", ""pct"": 10.13}]"
Iran,Netherlands,Neutral,1.175,1.305,33.2,28.6,38.1,31.6,5.6,8.0,39.5,6.5,8.7,45.2,54.8,"[{""score"": ""1 - 1"", ""pct"": 12.82}, {""score"": ""0 - 1"", ""pct"": 10.69}, {""score"": ""1 - 0"", ""pct"": 10.639999999999999}]"
Iran,Ivory Coast,Neutral,1.445,1.04,46.7,28.6,24.8,46.4,7.1,9.0,26.3,4.7,6.5,62.5,37.5,"[{""score"": ""1 - 1"", ""pct"": 12.98}, {""score"": ""1 - 0"", ""pct"": 12.73}, {""score"": ""0 - 0"", ""pct"": 9.69}]"
Iran,Scotland,Neutral,1.554,1.048,49.6,25.9,24.5,48.4,7.3,9.4,24.4,4.9,5.6,65.1,34.9,"[{""score"": ""1 - 0"", ""pct"": 12.24}, {""score"": ""1 - 1"", ""pct"": 12.06}, {""score"": ""2 - 1"", ""pct"": 10.209999999999999}]"
Iran,Ecuador,Neutral,1.078,1.354,29.1,27.9,43.0,29.3,5.6,7.3,41.9,7.0,8.8,42.3,57.7,"[{""score"": ""1 - 1"", ""pct"": 12.26}, {""score"": ""0 - 1"", ""pct"": 12.04}, {""score"": ""0 - 0"", ""pct"": 9.98}]"
Iran,Mexico,Neutral,1.099,1.243,32.3,29.4,38.3,31.7,5.7,8.5,38.0,6.7,9.4,46.0,54.0,"[{""score"": ""1 - 1"", ""pct"": 13.36}, {""score"": ""0 - 1"", ""pct"": 12.25}, {""score"": ""1 - 0"", ""pct"": 10.82}]"
Iran,France,Neutral,1.089,1.572,24.6,27.1,48.3,24.9,4.7,6.5,48.0,7.1,8.9,36.0,64.1,"[{""score"": ""1 - 1"", ""pct"": 11.91}, {""score"": ""0 - 1"", ""pct"": 10.84}, {""score"": ""1 - 2"", ""pct"": 9.21}]"
Iran,Algeria,Neutral,1.225,1.173,36.4,28.5,35.0,36.5,6.2,8.9,34.1,6.0,8.3,51.6,48.4,"[{""score"": ""1 - 1"", ""pct"": 12.94}, {""score"": ""1 - 0"", ""pct"": 11.08}, {""score"": ""0 - 1"", ""pct"": 11.0}]"
Iran,Panama,Neutral,1.454,1.141,43.7,27.2,29.0,43.8,7.0,8.9,28.3,5.0,7.0,59.7,40.3,"[{""score"": ""1 - 1"", ""pct"": 12.06}, {""score"": ""1 - 0"", ""pct"": 10.870000000000001}, {""score"": ""2 - 1"", ""pct"": 9.1}]"
Iran,Colombia,Neutral,1.078,1.475,26.6,27.6,45.9,26.3,5.4,6.2,46.5,6.9,8.7,37.9,62.1,"[{""score"": ""1 - 1"", ""pct"": 12.15}, {""score"": ""0 - 1"", ""pct"": 11.66}, {""score"": ""1 - 2"", ""pct"": 9.13}]"
Iran,Portugal,Neutral,1.098,1.467,27.0,27.5,45.5,27.5,5.2,6.6,45.5,6.7,8.5,39.3,60.7,"[{""score"": ""1 - 1"", ""pct"": 12.47}, {""score"": ""0 - 1"", ""pct"": 12.13}, {""score"": ""1 - 2"", ""pct"": 8.89}]"
Mexico,Saudi Arabia,Neutral,1.724,0.764,60.3,24.9,14.7,60.8,7.2,9.6,15.3,3.2,4.0,77.5,22.5,"[{""score"": ""1 - 0"", ""pct"": 14.35}, {""score"": ""2 - 0"", ""pct"": 12.3}, {""score"": ""1 - 1"", ""pct"": 10.83}]"
Mexico,England,Neutral,1.004,1.37,27.3,28.2,44.5,26.2,5.1,7.5,44.5,6.8,9.9,38.7,61.3,"[{""score"": ""0 - 1"", ""pct"": 13.05}, {""score"": ""1 - 1"", ""pct"": 12.870000000000001}, {""score"": ""0 - 0"", ""pct"": 9.959999999999999}]"
Mexico,Uzbekistan,Neutral,1.371,0.966,46.3,29.1,24.6,45.1,7.4,10.3,25.7,4.5,7.1,62.8,37.2,"[{""score"": ""1 - 0"", ""pct"": 13.16}, {""score"": ""1 - 1"", ""pct"": 12.8}, {""score"": ""0 - 0"", ""pct"": 10.97}]"
Mexico,Austria,Neutral,1.417,0.997,47.3,28.2,24.5,45.9,7.1,9.5,25.6,5.0,6.9,62.5,37.5,"[{""score"": ""1 - 0"", ""pct"": 12.889999999999999}, {""score"": ""1 - 1"", ""pct"": 12.6}, {""score"": ""0 - 0"", ""pct"": 9.78}]"
Mexico,Turkey,Neutral,1.269,1.106,40.8,29.4,29.8,39.0,6.5,9.3,31.1,5.9,8.3,54.8,45.2,"[{""score"": ""1 - 1"", ""pct"": 13.850000000000001}, {""score"": ""1 - 0"", ""pct"": 12.23}, {""score"": ""0 - 0"", ""pct"": 9.879999999999999}]"
Mexico,Morocco,Neutral,1.105,1.234,32.1,29.1,38.8,32.0,5.7,8.2,37.7,6.5,9.8,46.0,54.0,"[{""score"": ""1 - 1"", ""pct"": 12.97}, {""score"": ""0 - 1"", ""pct"": 11.899999999999999}, {""score"": ""0 - 0"", ""pct"": 10.59}]"
Mexico,DR Congo,Neutral,1.475,0.833,51.9,27.7,20.4,51.9,7.5,10.6,20.3,3.7,6.1,69.9,30.1,"[{""score"": ""1 - 0"", ""pct"": 15.049999999999999}, {""score"": ""1 - 1"", ""pct"": 12.16}, {""score"": ""0 - 0"", ""pct"": 11.27}]"
Mexico,Japan,Neutral,1.084,1.242,31.1,29.9,39.1,31.3,5.6,8.1,39.1,6.5,9.4,45.0,55.0,"[{""score"": ""1 - 1"", ""pct"": 13.719999999999999}, {""score"": ""0 - 1"", ""pct"": 11.86}, {""score"": ""0 - 0"", ""pct"": 10.75}]"
Mexico,Canada,Neutral,1.31,0.99,43.8,30.3,25.9,43.7,7.0,10.1,26.7,5.0,7.5,60.8,39.2,"[{""score"": ""1 - 0"", ""pct"": 13.420000000000002}, {""score"": ""1 - 1"", ""pct"": 13.41}, {""score"": ""0 - 0"", ""pct"": 11.33}]"
Mexico,Argentina,Neutral,0.961,1.566,21.5,26.4,52.1,22.2,3.9,5.5,51.7,7.3,9.3,31.7,68.3,"[{""score"": ""0 - 1"", ""pct"": 13.38}, {""score"": ""1 - 1"", ""pct"": 11.87}, {""score"": ""1 - 2"", ""pct"": 9.879999999999999}]"
Mexico,Tunisia,Neutral,1.588,0.847,55.4,26.0,18.6,54.2,7.9,10.0,19.3,3.8,4.9,72.0,28.0,"[{""score"": ""1 - 0"", ""pct"": 14.48}, {""score"": ""1 - 1"", ""pct"": 11.379999999999999}, {""score"": ""2 - 0"", ""pct"": 10.97}]"
Mexico,Brazil,Neutral,1.114,1.338,29.9,28.7,41.4,30.6,5.0,7.8,41.3,6.8,8.5,43.4,56.6,"[{""score"": ""1 - 1"", ""pct"": 12.520000000000001}, {""score"": ""0 - 1"", ""pct"": 11.53}, {""score"": ""0 - 0"", ""pct"": 10.09}]"
Mexico,Iraq,Neutral,1.562,0.829,54.9,26.9,18.2,54.8,8.0,10.1,18.2,3.7,5.2,72.9,27.1,"[{""score"": ""1 - 0"", ""pct"": 13.969999999999999}, {""score"": ""2 - 0"", ""pct"": 11.5}, {""score"": ""1 - 1"", ""pct"": 11.42}]"
Mexico,Sweden,Neutral,1.83,0.828,61.2,23.2,15.6,60.5,7.6,9.2,15.6,3.1,4.0,77.2,22.8,"[{""score"": ""1 - 0"", ""pct"": 13.68}, {""score"": ""2 - 0"", ""pct"": 11.08}, {""score"": ""1 - 1"", ""pct"": 10.82}]"
Mexico,Senegal,Neutral,1.32,1.104,41.7,28.4,29.9,41.4,6.7,9.1,29.6,5.7,7.6,57.2,42.9,"[{""score"": ""1 - 1"", ""pct"": 12.68}, {""score"": ""1 - 0"", ""pct"": 12.33}, {""score"": ""0 - 0"", ""pct"": 10.08}]"
Mexico,Spain,Neutral,0.995,1.583,22.5,27.3,50.2,22.9,4.5,5.5,51.0,7.0,9.1,32.9,67.1,"[{""score"": ""1 - 1"", ""pct"": 12.55}, {""score"": ""0 - 1"", ""pct"": 12.46}, {""score"": ""1 - 2"", ""pct"": 9.78}]"
Mexico,Paraguay,Neutral,1.413,1.006,46.8,27.9,25.3,46.5,7.6,9.7,24.9,4.7,6.6,63.8,36.2,"[{""score"": ""1 - 0"", ""pct"": 12.94}, {""score"": ""1 - 1"", ""pct"": 12.629999999999999}, {""score"": ""0 - 0"", ""pct"": 9.610000000000001}]"
Mexico,New Zealand,Neutral,1.787,0.782,61.0,23.9,15.1,61.7,7.7,8.8,15.1,3.0,3.6,78.2,21.8,"[{""score"": ""1 - 0"", ""pct"": 13.91}, {""score"": ""2 - 0"", ""pct"": 11.709999999999999}, {""score"": ""1 - 1"", ""pct"": 10.84}]"
Mexico,Qatar,Neutral,2.424,0.629,77.9,15.5,6.6,77.8,6.5,6.2,6.7,1.3,1.5,90.5,9.5,"[{""score"": ""2 - 0"", ""pct"": 13.81}, {""score"": ""1 - 0"", ""pct"": 11.799999999999999}, {""score"": ""3 - 0"", ""pct"": 11.03}]"
Mexico,Norway,Neutral,1.285,1.134,39.9,28.0,32.1,39.8,6.6,8.8,31.2,5.4,8.2,55.2,44.8,"[{""score"": ""1 - 0"", ""pct"": 12.58}, {""score"": ""1 - 1"", ""pct"": 12.29}, {""score"": ""0 - 1"", ""pct"": 10.43}]"
Mexico,Bosnia and Herzegovina,Neutral,2.051,0.681,69.7,19.8,10.5,69.5,7.6,7.8,10.6,2.0,2.6,84.9,15.1,"[{""score"": ""1 - 0"", ""pct"": 13.88}, {""score"": ""2 - 0"", ""pct"": 13.43}, {""score"": ""2 - 1"", ""pct"": 9.64}]"
Mexico,Curaçao,Neutral,1.959,0.707,66.7,21.0,12.3,67.0,7.9,8.3,11.1,2.5,3.2,83.2,16.8,"[{""score"": ""1 - 0"", ""pct"": 14.38}, {""score"": ""2 - 0"", ""pct"": 12.55}, {""score"": ""2 - 1"", ""pct"": 9.51}]"
Mexico,Belgium,Neutral,1.288,1.108,39.6,29.0,31.4,39.9,6.2,9.4,31.1,5.3,8.1,55.5,44.6,"[{""score"": ""1 - 1"", ""pct"": 13.19}, {""score"": ""1 - 0"", ""pct"": 11.97}, {""score"": ""0 - 1"", ""pct"": 10.02}]"
Mexico,Switzerland,Neutral,1.429,1.068,45.3,27.3,27.4,44.7,6.8,8.9,28.1,4.9,6.7,60.4,39.6,"[{""score"": ""1 - 1"", ""pct"": 12.13}, {""score"": ""1 - 0"", ""pct"": 11.68}, {""score"": ""2 - 1"", ""pct"": 9.24}]"
Mexico,Germany,Neutral,1.221,1.169,37.0,29.1,33.9,36.8,6.5,8.7,33.8,5.7,8.4,52.0,48.0,"[{""score"": ""1 - 1"", ""pct"": 12.839999999999998}, {""score"": ""1 - 0"", ""pct"": 11.39}, {""score"": ""0 - 1"", ""pct"": 10.73}]"
Mexico,Egypt,Neutral,1.471,0.891,50.4,27.4,22.1,51.2,7.2,9.9,21.6,3.8,6.3,68.3,31.7,"[{""score"": ""1 - 0"", ""pct"": 14.26}, {""score"": ""1 - 1"", ""pct"": 12.07}, {""score"": ""2 - 0"", ""pct"": 10.14}]"
Mexico,Jordan,Neutral,1.658,1.015,52.4,25.5,22.1,51.3,8.0,8.9,22.4,4.1,5.3,68.2,31.8,"[{""score"": ""1 - 1"", ""pct"": 12.02}, {""score"": ""1 - 0"", ""pct"": 11.91}, {""score"": ""2 - 1"", ""pct"": 9.370000000000001}]"
Mexico,South Africa,Neutral,1.717,0.706,61.9,24.3,13.8,62.2,7.3,9.8,13.8,2.9,3.9,79.4,20.6,"[{""score"": ""1 - 0"", ""pct"": 15.22}, {""score"": ""2 - 0"", ""pct"": 12.370000000000001}, {""score"": ""1 - 1"", ""pct"": 10.75}]"
Mexico,Croatia,Neutral,1.295,1.13,39.2,29.1,31.8,39.4,6.5,8.9,32.1,5.6,7.6,54.7,45.3,"[{""score"": ""1 - 1"", ""pct"": 12.91}, {""score"": ""1 - 0"", ""pct"": 11.52}, {""score"": ""0 - 1"", ""pct"": 10.03}]"
Mexico,Haiti,Neutral,1.665,0.87,56.7,24.9,18.4,56.0,7.6,9.4,18.5,3.6,4.9,73.0,27.0,"[{""score"": ""1 - 0"", ""pct"": 13.25}, {""score"": ""1 - 1"", ""pct"": 10.91}, {""score"": ""2 - 0"", ""pct"": 10.59}]"
Mexico,United States,Neutral,1.596,1.012,50.9,26.1,22.9,51.2,7.1,9.1,22.9,4.0,5.7,67.4,32.6,"[{""score"": ""1 - 1"", ""pct"": 12.55}, {""score"": ""1 - 0"", ""pct"": 12.18}, {""score"": ""2 - 1"", ""pct"": 9.46}]"
Mexico,Uruguay,Neutral,1.181,1.11,36.7,29.7,33.6,36.3,6.3,9.2,33.7,5.3,9.2,51.8,48.2,"[{""score"": ""1 - 1"", ""pct"": 12.879999999999999}, {""score"": ""1 - 0"", ""pct"": 11.81}, {""score"": ""0 - 0"", ""pct"": 11.37}]"
Mexico,South Korea,Neutral,1.308,1.067,41.2,28.5,30.3,40.8,6.8,9.7,29.9,5.5,7.3,57.3,42.7,"[{""score"": ""1 - 1"", ""pct"": 12.53}, {""score"": ""1 - 0"", ""pct"": 12.24}, {""score"": ""0 - 1"", ""pct"": 10.45}]"
Mexico,Australia,Neutral,1.239,1.085,39.4,29.6,30.9,38.8,6.5,9.1,31.7,5.8,8.2,54.4,45.6,"[{""score"": ""1 - 1"", ""pct"": 13.969999999999999}, {""score"": ""1 - 0"", ""pct"": 12.46}, {""score"": ""0 - 0"", ""pct"": 10.6}]"
Mexico,Czech Republic,Neutral,1.713,0.908,55.5,25.7,18.8,57.1,7.6,8.3,18.9,3.6,4.5,73.0,27.1,"[{""score"": ""1 - 0"", ""pct"": 12.959999999999999}, {""score"": ""1 - 1"", ""pct"": 11.99}, {""score"": ""2 - 0"", ""pct"": 9.73}]"
Mexico,Cape Verde,Neutral,1.778,0.725,63.1,23.8,13.1,62.6,7.8,9.2,14.0,2.7,3.8,79.6,20.4,"[{""score"": ""1 - 0"", ""pct"": 14.82}, {""score"": ""2 - 0"", ""pct"": 12.790000000000001}, {""score"": ""1 - 1"", ""pct"": 10.209999999999999}]"
Mexico,Ghana,Neutral,1.815,0.676,64.8,22.6,12.6,64.8,8.2,9.4,11.6,2.4,3.7,82.4,17.7,"[{""score"": ""1 - 0"", ""pct"": 15.18}, {""score"": ""2 - 0"", ""pct"": 12.67}, {""score"": ""1 - 1"", ""pct"": 9.91}]"
Mexico,Netherlands,Neutral,1.172,1.163,36.4,29.4,34.2,35.5,6.4,9.0,34.2,5.9,9.0,50.9,49.1,"[{""score"": ""1 - 1"", ""pct"": 12.83}, {""score"": ""1 - 0"", ""pct"": 11.95}, {""score"": ""0 - 1"", ""pct"": 11.09}]"
Mexico,Ivory Coast,Neutral,1.49,0.991,48.5,27.7,23.7,47.8,7.7,9.3,24.1,4.7,6.3,64.8,35.2,"[{""score"": ""1 - 0"", ""pct"": 13.13}, {""score"": ""1 - 1"", ""pct"": 11.95}, {""score"": ""0 - 0"", ""pct"": 9.86}]"
Mexico,Scotland,Neutral,1.604,1.004,51.6,25.5,22.9,50.9,7.4,8.9,22.5,4.1,6.0,67.3,32.7,"[{""score"": ""1 - 0"", ""pct"": 12.4}, {""score"": ""1 - 1"", ""pct"": 11.43}, {""score"": ""2 - 1"", ""pct"": 9.62}]"
Mexico,Ecuador,Neutral,1.11,1.162,34.0,30.0,36.0,33.4,5.5,8.9,36.7,6.4,9.1,47.8,52.2,"[{""score"": ""1 - 1"", ""pct"": 13.69}, {""score"": ""0 - 1"", ""pct"": 11.959999999999999}, {""score"": ""1 - 0"", ""pct"": 11.91}]"
Mexico,Iran,Neutral,1.243,1.099,38.8,29.6,31.6,39.1,6.7,9.2,31.6,5.1,8.3,55.1,44.9,"[{""score"": ""1 - 1"", ""pct"": 13.86}, {""score"": ""1 - 0"", ""pct"": 11.72}, {""score"": ""0 - 1"", ""pct"": 10.879999999999999}]"
Mexico,France,Neutral,1.077,1.42,27.3,28.6,44.1,27.2,5.1,7.4,44.4,7.0,8.9,39.6,60.4,"[{""score"": ""1 - 1"", ""pct"": 12.61}, {""score"": ""0 - 1"", ""pct"": 11.98}, {""score"": ""0 - 0"", ""pct"": 9.51}]"
Mexico,Algeria,Neutral,1.295,1.052,41.2,29.4,29.3,41.4,6.7,8.9,29.7,5.4,8.0,56.9,43.1,"[{""score"": ""1 - 1"", ""pct"": 13.33}, {""score"": ""1 - 0"", ""pct"": 12.64}, {""score"": ""0 - 0"", ""pct"": 10.18}]"
Mexico,Panama,Neutral,1.53,1.038,47.2,27.9,24.9,49.0,6.9,9.2,24.3,4.4,6.1,65.2,34.8,"[{""score"": ""1 - 1"", ""pct"": 12.36}, {""score"": ""1 - 0"", ""pct"": 11.09}, {""score"": ""0 - 0"", ""pct"": 9.22}]"
Mexico,Colombia,Neutral,1.115,1.32,31.2,28.2,40.6,30.7,5.8,7.6,40.1,6.5,9.4,44.0,56.0,"[{""score"": ""1 - 1"", ""pct"": 12.78}, {""score"": ""0 - 1"", ""pct"": 12.18}, {""score"": ""1 - 0"", ""pct"": 9.950000000000001}]"
Mexico,Portugal,Neutral,1.126,1.295,31.3,28.4,40.3,31.5,5.8,7.8,39.7,6.6,8.6,45.1,54.9,"[{""score"": ""1 - 1"", ""pct"": 12.76}, {""score"": ""0 - 1"", ""pct"": 11.91}, {""score"": ""1 - 0"", ""pct"": 10.35}]"
France,Saudi Arabia,Neutral,2.066,0.739,68.8,19.5,11.7,68.3,7.2,7.8,11.6,2.1,2.9,83.4,16.6,"[{""score"": ""1 - 0"", ""pct"": 13.13}, {""score"": ""2 - 0"", ""pct"": 12.790000000000001}, {""score"": ""2 - 1"", ""pct"": 9.64}]"
France,England,Neutral,1.257,1.223,36.9,28.0,35.1,36.8,6.2,8.2,34.4,6.1,8.5,51.1,48.9,"[{""score"": ""1 - 1"", ""pct"": 12.770000000000001}, {""score"": ""1 - 0"", ""pct"": 10.5}, {""score"": ""0 - 1"", ""pct"": 10.209999999999999}]"
France,Uzbekistan,Neutral,1.654,0.937,53.4,26.3,20.3,53.6,7.0,9.6,20.9,3.8,5.2,70.1,29.9,"[{""score"": ""1 - 0"", ""pct"": 12.43}, {""score"": ""1 - 1"", ""pct"": 12.06}, {""score"": ""2 - 0"", ""pct"": 9.83}]"
France,Austria,Neutral,1.638,0.865,55.4,25.8,18.8,55.5,7.3,9.7,18.9,3.5,5.0,72.5,27.5,"[{""score"": ""1 - 0"", ""pct"": 14.12}, {""score"": ""1 - 1"", ""pct"": 11.32}, {""score"": ""2 - 0"", ""pct"": 10.870000000000001}]"
France,Turkey,Neutral,1.613,1.105,49.3,25.2,25.5,48.0,7.5,8.5,25.9,4.6,5.5,63.9,36.1,"[{""score"": ""1 - 1"", ""pct"": 11.62}, {""score"": ""1 - 0"", ""pct"": 10.979999999999999}, {""score"": ""2 - 1"", ""pct"": 9.56}]"
France,Morocco,Neutral,1.466,1.154,44.2,27.3,28.5,44.1,7.0,8.8,28.4,4.9,6.7,60.0,40.0,"[{""score"": ""1 - 1"", ""pct"": 12.120000000000001}, {""score"": ""1 - 0"", ""pct"": 10.9}, {""score"": ""2 - 1"", ""pct"": 9.22}]"
France,DR Congo,Neutral,1.671,0.728,60.0,25.0,14.9,59.8,7.5,10.3,15.2,2.9,4.4,77.6,22.4,"[{""score"": ""1 - 0"", ""pct"": 15.409999999999998}, {""score"": ""2 - 0"", ""pct"": 11.68}, {""score"": ""1 - 1"", ""pct"": 10.99}]"
France,Japan,Neutral,1.424,1.129,42.9,28.1,29.0,42.9,7.1,8.5,29.3,5.5,6.7,58.5,41.5,"[{""score"": ""1 - 1"", ""pct"": 12.740000000000002}, {""score"": ""1 - 0"", ""pct"": 11.27}, {""score"": ""0 - 0"", ""pct"": 8.9}]"
France,Canada,Neutral,1.541,0.937,51.8,26.6,21.6,51.0,7.4,9.2,22.0,4.0,6.3,67.6,32.4,"[{""score"": ""1 - 0"", ""pct"": 13.270000000000001}, {""score"": ""1 - 1"", ""pct"": 12.19}, {""score"": ""2 - 0"", ""pct"": 9.84}]"
France,Argentina,Neutral,1.083,1.557,25.8,26.2,48.0,25.7,4.7,5.9,48.1,7.2,8.3,36.3,63.7,"[{""score"": ""1 - 1"", ""pct"": 11.97}, {""score"": ""0 - 1"", ""pct"": 11.49}, {""score"": ""1 - 2"", ""pct"": 9.86}]"
France,Tunisia,Neutral,1.762,0.747,61.9,23.7,14.4,62.4,7.7,9.0,14.1,2.8,4.0,79.0,21.0,"[{""score"": ""1 - 0"", ""pct"": 14.649999999999999}, {""score"": ""2 - 0"", ""pct"": 12.26}, {""score"": ""1 - 1"", ""pct"": 10.56}]"
France,Brazil,Neutral,1.397,1.267,39.4,27.5,33.1,39.3,6.3,7.8,33.7,5.8,7.0,53.4,46.6,"[{""score"": ""1 - 1"", ""pct"": 12.659999999999998}, {""score"": ""1 - 0"", ""pct"": 9.83}, {""score"": ""0 - 1"", ""pct"": 9.229999999999999}]"
France,Iraq,Neutral,1.729,0.727,61.7,23.8,14.4,61.8,7.3,9.2,14.5,3.1,4.1,78.3,21.7,"[{""score"": ""1 - 0"", ""pct"": 15.129999999999999}, {""score"": ""2 - 0"", ""pct"": 12.879999999999999}, {""score"": ""1 - 1"", ""pct"": 10.530000000000001}]"
France,Sweden,Neutral,2.173,0.78,68.9,19.6,11.5,70.0,7.3,7.2,10.6,2.2,2.6,84.6,15.5,"[{""score"": ""2 - 0"", ""pct"": 11.88}, {""score"": ""1 - 0"", ""pct"": 11.84}, {""score"": ""1 - 1"", ""pct"": 9.139999999999999}]"
France,Senegal,Neutral,1.643,1.109,49.9,25.4,24.8,49.7,7.3,8.9,23.8,4.6,5.6,66.0,34.0,"[{""score"": ""1 - 1"", ""pct"": 11.44}, {""score"": ""1 - 0"", ""pct"": 10.47}, {""score"": ""2 - 1"", ""pct"": 10.11}]"
France,Spain,Neutral,1.111,1.583,24.9,25.7,49.5,25.5,5.0,5.8,48.4,7.6,7.7,36.3,63.7,"[{""score"": ""1 - 1"", ""pct"": 11.899999999999999}, {""score"": ""0 - 1"", ""pct"": 11.41}, {""score"": ""1 - 2"", ""pct"": 9.78}]"
France,Paraguay,Neutral,1.676,0.961,54.6,25.1,20.3,53.8,7.7,9.0,20.8,3.6,5.0,70.5,29.5,"[{""score"": ""1 - 0"", ""pct"": 12.44}, {""score"": ""1 - 1"", ""pct"": 11.17}, {""score"": ""2 - 0"", ""pct"": 10.17}]"
France,New Zealand,Neutral,2.125,0.753,70.2,19.1,10.7,69.3,7.6,7.3,10.7,2.3,2.8,84.2,15.8,"[{""score"": ""2 - 0"", ""pct"": 13.13}, {""score"": ""1 - 0"", ""pct"": 12.27}, {""score"": ""2 - 1"", ""pct"": 9.93}]"
France,Qatar,Neutral,2.7,0.583,82.5,12.5,5.0,82.3,6.2,4.6,4.9,0.9,1.1,93.0,7.0,"[{""score"": ""2 - 0"", ""pct"": 13.81}, {""score"": ""3 - 0"", ""pct"": 12.26}, {""score"": ""1 - 0"", ""pct"": 10.86}]"
France,Norway,Neutral,1.634,1.138,48.9,25.7,25.4,47.7,7.1,8.9,25.6,4.7,5.9,63.7,36.3,"[{""score"": ""1 - 1"", ""pct"": 11.73}, {""score"": ""1 - 0"", ""pct"": 10.18}, {""score"": ""2 - 1"", ""pct"": 9.11}]"
France,Bosnia and Herzegovina,Neutral,2.377,0.685,75.2,16.9,7.8,75.9,7.0,6.0,7.5,1.6,1.9,89.0,11.0,"[{""score"": ""2 - 0"", ""pct"": 13.59}, {""score"": ""1 - 0"", ""pct"": 12.09}, {""score"": ""3 - 0"", ""pct"": 10.12}]"
France,Curaçao,Neutral,2.441,0.679,77.8,15.0,7.2,76.5,7.0,5.6,7.7,1.4,1.9,89.1,10.9,"[{""score"": ""2 - 0"", ""pct"": 13.0}, {""score"": ""1 - 0"", ""pct"": 11.48}, {""score"": ""3 - 0"", ""pct"": 10.209999999999999}]"
France,Belgium,Neutral,1.614,1.114,48.7,26.0,25.3,48.3,7.5,8.3,25.1,4.8,6.0,64.1,35.9,"[{""score"": ""1 - 1"", ""pct"": 12.08}, {""score"": ""1 - 0"", ""pct"": 10.879999999999999}, {""score"": ""2 - 1"", ""pct"": 9.719999999999999}]"
France,Switzerland,Neutral,1.699,1.023,52.4,25.5,22.1,53.3,7.4,8.6,21.5,3.9,5.4,69.2,30.8,"[{""score"": ""1 - 0"", ""pct"": 12.27}, {""score"": ""1 - 1"", ""pct"": 11.23}, {""score"": ""2 - 1"", ""pct"": 9.5}]"
France,Germany,Neutral,1.539,1.161,46.0,26.5,27.5,45.9,6.7,8.3,28.0,5.0,6.1,60.9,39.1,"[{""score"": ""1 - 1"", ""pct"": 11.58}, {""score"": ""1 - 0"", ""pct"": 10.34}, {""score"": ""2 - 1"", ""pct"": 9.11}]"
France,Egypt,Neutral,1.625,0.773,57.5,25.9,16.6,58.3,7.5,9.8,16.2,3.2,5.0,75.6,24.4,"[{""score"": ""1 - 0"", ""pct"": 15.129999999999999}, {""score"": ""1 - 1"", ""pct"": 11.540000000000001}, {""score"": ""2 - 0"", ""pct"": 11.52}]"
France,Jordan,Neutral,1.894,0.88,61.7,22.4,16.0,62.5,7.6,8.1,15.4,3.0,3.4,78.1,21.9,"[{""score"": ""1 - 0"", ""pct"": 12.44}, {""score"": ""2 - 0"", ""pct"": 11.05}, {""score"": ""1 - 1"", ""pct"": 9.969999999999999}]"
France,South Africa,Neutral,2.07,0.682,70.6,19.3,10.1,69.1,7.5,8.3,10.5,2.0,2.6,85.0,15.0,"[{""score"": ""2 - 0"", ""pct"": 14.06}, {""score"": ""1 - 0"", ""pct"": 13.55}, {""score"": ""2 - 1"", ""pct"": 9.959999999999999}]"
France,Croatia,Neutral,1.625,1.099,48.2,27.0,24.8,49.6,7.3,8.4,24.3,4.5,5.9,65.4,34.6,"[{""score"": ""1 - 1"", ""pct"": 12.4}, {""score"": ""1 - 0"", ""pct"": 11.0}, {""score"": ""2 - 1"", ""pct"": 9.43}]"
France,Haiti,Neutral,1.83,0.781,62.7,22.9,14.5,62.4,7.5,8.7,14.9,2.8,3.7,78.6,21.4,"[{""score"": ""1 - 0"", ""pct"": 14.44}, {""score"": ""2 - 0"", ""pct"": 12.06}, {""score"": ""1 - 1"", ""pct"": 10.290000000000001}]"
France,United States,Neutral,1.835,0.881,60.2,23.6,16.2,59.7,7.8,8.6,16.5,3.1,4.3,76.1,23.9,"[{""score"": ""1 - 0"", ""pct"": 12.6}, {""score"": ""2 - 0"", ""pct"": 11.28}, {""score"": ""1 - 1"", ""pct"": 10.51}]"
France,Uruguay,Neutral,1.506,1.052,46.7,27.7,25.6,47.0,7.4,8.9,26.0,4.3,6.3,63.4,36.6,"[{""score"": ""1 - 1"", ""pct"": 12.41}, {""score"": ""1 - 0"", ""pct"": 12.11}, {""score"": ""2 - 1"", ""pct"": 9.07}]"
France,South Korea,Neutral,1.632,1.086,50.2,25.7,24.1,49.1,7.4,8.4,25.0,4.5,5.6,64.9,35.1,"[{""score"": ""1 - 1"", ""pct"": 11.48}, {""score"": ""1 - 0"", ""pct"": 10.95}, {""score"": ""2 - 1"", ""pct"": 9.68}]"
France,Australia,Neutral,1.573,1.065,48.9,26.3,24.8,49.0,7.3,8.7,24.7,4.2,6.1,65.0,35.0,"[{""score"": ""1 - 1"", ""pct"": 12.120000000000001}, {""score"": ""1 - 0"", ""pct"": 11.93}, {""score"": ""2 - 1"", ""pct"": 9.39}]"
France,Czech Republic,Neutral,1.876,0.838,62.5,22.8,14.7,62.1,7.3,8.7,15.4,2.7,3.8,78.1,21.9,"[{""score"": ""1 - 0"", ""pct"": 13.33}, {""score"": ""2 - 0"", ""pct"": 11.03}, {""score"": ""2 - 1"", ""pct"": 10.27}]"
France,Cape Verde,Neutral,2.146,0.691,71.7,18.5,9.8,71.7,7.6,7.7,9.2,1.6,2.2,87.0,13.0,"[{""score"": ""2 - 0"", ""pct"": 13.819999999999999}, {""score"": ""1 - 0"", ""pct"": 13.65}, {""score"": ""3 - 0"", ""pct"": 8.83}]"
France,Ghana,Neutral,2.373,0.645,76.1,15.9,8.0,76.8,6.3,6.3,7.5,1.3,1.8,89.4,10.6,"[{""score"": ""2 - 0"", ""pct"": 13.52}, {""score"": ""1 - 0"", ""pct"": 12.120000000000001}, {""score"": ""3 - 0"", ""pct"": 10.4}]"
France,Netherlands,Neutral,1.5,1.12,46.4,27.0,26.6,45.7,7.3,8.3,26.9,5.1,6.8,61.2,38.8,"[{""score"": ""1 - 1"", ""pct"": 12.19}, {""score"": ""1 - 0"", ""pct"": 11.48}, {""score"": ""2 - 1"", ""pct"": 9.02}]"
France,Ivory Coast,Neutral,1.709,0.814,59.3,24.8,15.9,59.0,7.9,9.5,16.1,3.1,4.5,76.3,23.7,"[{""score"": ""1 - 0"", ""pct"": 14.49}, {""score"": ""2 - 0"", ""pct"": 12.08}, {""score"": ""1 - 1"", ""pct"": 10.94}]"
France,Scotland,Neutral,1.819,0.805,61.2,23.4,15.4,61.2,7.6,9.1,15.0,3.1,3.9,77.9,22.1,"[{""score"": ""1 - 0"", ""pct"": 13.91}, {""score"": ""2 - 0"", ""pct"": 12.06}, {""score"": ""1 - 1"", ""pct"": 10.43}]"
France,Ecuador,Neutral,1.458,1.098,45.4,26.9,27.7,45.0,7.4,9.1,26.5,5.5,6.6,61.5,38.5,"[{""score"": ""1 - 1"", ""pct"": 11.89}, {""score"": ""1 - 0"", ""pct"": 11.5}, {""score"": ""2 - 1"", ""pct"": 9.74}]"
France,Iran,Neutral,1.572,1.089,48.2,26.7,25.2,48.6,6.9,8.8,25.3,4.5,5.9,64.3,35.7,"[{""score"": ""1 - 1"", ""pct"": 12.1}, {""score"": ""1 - 0"", ""pct"": 11.09}, {""score"": ""2 - 1"", ""pct"": 8.98}]"
France,Mexico,Neutral,1.42,1.077,44.9,28.0,27.1,44.5,7.1,8.4,28.0,5.1,6.9,60.0,40.0,"[{""score"": ""1 - 1"", ""pct"": 12.55}, {""score"": ""1 - 0"", ""pct"": 12.0}, {""score"": ""2 - 1"", ""pct"": 9.43}]"
France,Algeria,Neutral,1.529,0.993,49.5,27.2,23.3,49.2,7.3,9.2,23.8,4.1,6.3,65.8,34.2,"[{""score"": ""1 - 0"", ""pct"": 12.659999999999998}, {""score"": ""1 - 1"", ""pct"": 12.120000000000001}, {""score"": ""2 - 1"", ""pct"": 9.41}]"
France,Panama,Neutral,1.847,0.998,57.1,23.5,19.4,57.0,7.6,8.5,19.5,3.1,4.3,73.1,26.9,"[{""score"": ""1 - 0"", ""pct"": 11.0}, {""score"": ""1 - 1"", ""pct"": 10.59}, {""score"": ""2 - 1"", ""pct"": 10.17}]"
France,Colombia,Neutral,1.395,1.242,39.5,27.2,33.3,40.6,6.3,8.0,31.1,6.4,7.6,54.9,45.1,"[{""score"": ""1 - 1"", ""pct"": 12.690000000000001}, {""score"": ""1 - 0"", ""pct"": 10.57}, {""score"": ""0 - 1"", ""pct"": 8.85}]"
France,Portugal,Neutral,1.486,1.182,44.6,26.6,28.8,43.4,7.1,8.0,29.6,5.4,6.6,58.5,41.5,"[{""score"": ""1 - 1"", ""pct"": 11.86}, {""score"": ""1 - 0"", ""pct"": 11.17}, {""score"": ""2 - 1"", ""pct"": 9.379999999999999}]"
Algeria,Saudi Arabia,Neutral,1.68,0.926,54.2,25.4,20.3,55.5,7.5,8.9,19.3,3.9,4.9,71.9,28.1,"[{""score"": ""1 - 0"", ""pct"": 12.42}, {""score"": ""1 - 1"", ""pct"": 11.459999999999999}, {""score"": ""2 - 0"", ""pct"": 10.26}]"
Algeria,England,Neutral,1.027,1.483,25.5,27.8,46.7,24.6,4.8,6.3,48.1,7.0,9.0,35.8,64.2,"[{""score"": ""1 - 1"", ""pct"": 12.78}, {""score"": ""0 - 1"", ""pct"": 12.08}, {""score"": ""0 - 0"", ""pct"": 8.870000000000001}]"
Algeria,Uzbekistan,Neutral,1.257,1.072,39.8,29.5,30.6,39.6,6.8,9.5,30.3,5.5,8.2,55.9,44.1,"[{""score"": ""1 - 1"", ""pct"": 12.98}, {""score"": ""1 - 0"", ""pct"": 12.11}, {""score"": ""0 - 0"", ""pct"": 10.979999999999999}]"
Algeria,Austria,Neutral,1.299,1.056,41.3,29.7,29.0,41.5,6.6,10.1,29.1,5.5,7.2,58.1,41.9,"[{""score"": ""1 - 1"", ""pct"": 13.719999999999999}, {""score"": ""1 - 0"", ""pct"": 12.47}, {""score"": ""0 - 0"", ""pct"": 10.39}]"
Algeria,Turkey,Neutral,1.172,1.228,33.9,29.5,36.6,34.5,6.0,8.1,36.5,6.6,8.3,48.6,51.4,"[{""score"": ""1 - 1"", ""pct"": 13.5}, {""score"": ""0 - 1"", ""pct"": 11.35}, {""score"": ""1 - 0"", ""pct"": 10.92}]"
Algeria,Morocco,Neutral,1.07,1.354,28.9,28.3,42.8,28.6,5.1,7.2,42.8,6.9,9.3,41.0,59.0,"[{""score"": ""1 - 1"", ""pct"": 12.770000000000001}, {""score"": ""0 - 1"", ""pct"": 12.02}, {""score"": ""0 - 0"", ""pct"": 9.94}]"
Algeria,DR Congo,Neutral,1.405,0.904,48.8,28.0,23.2,48.0,7.6,10.6,22.6,4.6,6.6,66.2,33.9,"[{""score"": ""1 - 0"", ""pct"": 14.38}, {""score"": ""1 - 1"", ""pct"": 12.26}, {""score"": ""0 - 0"", ""pct"": 11.0}]"
Algeria,Japan,Neutral,1.047,1.369,28.1,28.6,43.3,27.0,5.0,7.6,44.2,6.8,9.4,39.6,60.4,"[{""score"": ""0 - 1"", ""pct"": 12.709999999999999}, {""score"": ""1 - 1"", ""pct"": 12.620000000000001}, {""score"": ""0 - 0"", ""pct"": 10.299999999999999}]"
Algeria,Canada,Neutral,1.162,1.088,37.0,30.3,32.7,37.5,6.5,9.5,32.5,5.6,8.3,53.5,46.5,"[{""score"": ""1 - 1"", ""pct"": 13.18}, {""score"": ""1 - 0"", ""pct"": 12.47}, {""score"": ""0 - 0"", ""pct"": 11.959999999999999}]"
Algeria,Argentina,Neutral,0.793,1.605,17.2,26.4,56.5,17.5,3.4,4.9,55.1,8.4,10.6,25.9,74.1,"[{""score"": ""0 - 1"", ""pct"": 14.64}, {""score"": ""1 - 1"", ""pct"": 11.469999999999999}, {""score"": ""0 - 2"", ""pct"": 11.18}]"
Algeria,Tunisia,Neutral,1.505,0.935,50.5,27.1,22.4,50.5,7.2,9.6,22.3,4.3,6.1,67.3,32.7,"[{""score"": ""1 - 0"", ""pct"": 13.700000000000001}, {""score"": ""1 - 1"", ""pct"": 11.89}, {""score"": ""0 - 0"", ""pct"": 10.0}]"
Algeria,Brazil,Neutral,1.087,1.497,26.3,27.1,46.6,27.1,5.1,6.2,46.2,6.8,8.6,38.4,61.7,"[{""score"": ""1 - 1"", ""pct"": 12.389999999999999}, {""score"": ""0 - 1"", ""pct"": 11.72}, {""score"": ""1 - 2"", ""pct"": 9.83}]"
Algeria,Iraq,Neutral,1.476,0.915,49.8,28.2,22.0,50.2,7.3,10.0,22.4,4.3,5.9,67.4,32.6,"[{""score"": ""1 - 0"", ""pct"": 14.19}, {""score"": ""1 - 1"", ""pct"": 12.34}, {""score"": ""0 - 0"", ""pct"": 10.68}]"
Algeria,Sweden,Neutral,1.767,0.996,56.0,23.8,20.2,56.1,7.6,8.2,19.6,3.8,4.7,71.8,28.2,"[{""score"": ""1 - 0"", ""pct"": 11.84}, {""score"": ""1 - 1"", ""pct"": 10.6}, {""score"": ""2 - 0"", ""pct"": 9.68}]"
Algeria,Senegal,Neutral,1.215,1.206,35.6,29.1,35.3,35.8,6.1,8.2,35.3,5.6,9.0,50.1,49.9,"[{""score"": ""1 - 1"", ""pct"": 13.59}, {""score"": ""0 - 1"", ""pct"": 10.780000000000001}, {""score"": ""1 - 0"", ""pct"": 10.25}]"
Algeria,Spain,Neutral,0.839,1.63,18.6,25.7,55.7,17.7,3.6,4.7,56.3,7.8,9.9,26.0,74.0,"[{""score"": ""0 - 1"", ""pct"": 13.389999999999999}, {""score"": ""1 - 1"", ""pct"": 11.59}, {""score"": ""0 - 2"", ""pct"": 11.0}]"
Algeria,Paraguay,Neutral,1.232,1.112,38.4,29.7,31.8,38.2,6.4,9.7,32.5,5.5,7.7,54.3,45.7,"[{""score"": ""1 - 1"", ""pct"": 13.5}, {""score"": ""1 - 0"", ""pct"": 11.459999999999999}, {""score"": ""0 - 1"", ""pct"": 10.48}]"
Algeria,New Zealand,Neutral,1.719,0.95,56.0,24.7,19.3,55.2,7.7,9.4,19.1,3.7,4.9,72.3,27.7,"[{""score"": ""1 - 0"", ""pct"": 12.33}, {""score"": ""1 - 1"", ""pct"": 11.34}, {""score"": ""2 - 0"", ""pct"": 10.27}]"
Algeria,Qatar,Neutral,2.06,0.671,70.2,19.7,10.1,70.5,7.3,7.5,10.1,2.0,2.6,85.3,14.7,"[{""score"": ""1 - 0"", ""pct"": 13.87}, {""score"": ""2 - 0"", ""pct"": 13.719999999999999}, {""score"": ""2 - 1"", ""pct"": 9.520000000000001}]"
Algeria,Norway,Neutral,1.169,1.239,34.0,29.0,37.0,33.4,5.5,8.5,37.7,6.6,8.2,47.4,52.6,"[{""score"": ""1 - 1"", ""pct"": 13.320000000000002}, {""score"": ""0 - 1"", ""pct"": 10.83}, {""score"": ""1 - 0"", ""pct"": 10.45}]"
Algeria,Bosnia and Herzegovina,Neutral,1.937,0.697,67.4,21.4,11.2,67.8,7.5,8.2,11.3,2.2,3.0,83.4,16.6,"[{""score"": ""1 - 0"", ""pct"": 14.87}, {""score"": ""2 - 0"", ""pct"": 13.3}, {""score"": ""1 - 1"", ""pct"": 9.48}]"
Algeria,Curaçao,Neutral,1.923,0.759,65.6,21.3,13.2,65.2,7.9,8.4,13.1,2.3,3.1,81.5,18.5,"[{""score"": ""1 - 0"", ""pct"": 13.420000000000002}, {""score"": ""2 - 0"", ""pct"": 12.64}, {""score"": ""2 - 1"", ""pct"": 9.58}]"
Algeria,Belgium,Neutral,1.199,1.241,34.8,29.0,36.2,35.1,5.8,8.0,36.5,6.2,8.4,48.9,51.1,"[{""score"": ""1 - 1"", ""pct"": 12.6}, {""score"": ""0 - 1"", ""pct"": 11.24}, {""score"": ""1 - 0"", ""pct"": 10.65}]"
Algeria,Switzerland,Neutral,1.249,1.179,36.7,29.2,34.1,37.1,6.7,8.7,34.5,5.6,7.4,52.5,47.5,"[{""score"": ""1 - 1"", ""pct"": 13.07}, {""score"": ""1 - 0"", ""pct"": 10.75}, {""score"": ""0 - 1"", ""pct"": 10.42}]"
Algeria,Germany,Neutral,1.095,1.362,29.2,29.0,41.8,29.0,5.3,7.6,42.0,7.0,9.2,41.8,58.2,"[{""score"": ""1 - 1"", ""pct"": 13.61}, {""score"": ""0 - 1"", ""pct"": 12.01}, {""score"": ""1 - 0"", ""pct"": 9.73}]"
Algeria,Egypt,Neutral,1.384,0.948,46.2,28.8,25.0,47.6,6.7,9.9,24.3,4.3,7.2,64.3,35.7,"[{""score"": ""1 - 0"", ""pct"": 13.919999999999998}, {""score"": ""1 - 1"", ""pct"": 12.740000000000002}, {""score"": ""0 - 0"", ""pct"": 10.79}]"
Algeria,Jordan,Neutral,1.579,1.025,48.8,26.5,24.7,50.5,7.2,8.6,23.6,4.2,5.8,66.3,33.7,"[{""score"": ""1 - 1"", ""pct"": 11.98}, {""score"": ""1 - 0"", ""pct"": 11.74}, {""score"": ""2 - 1"", ""pct"": 9.24}]"
Algeria,South Africa,Neutral,1.715,0.836,58.9,24.5,16.6,58.2,7.4,9.4,17.0,3.5,4.5,75.0,25.0,"[{""score"": ""1 - 0"", ""pct"": 14.299999999999999}, {""score"": ""2 - 0"", ""pct"": 11.16}, {""score"": ""1 - 1"", ""pct"": 11.16}]"
Algeria,Croatia,Neutral,1.173,1.232,34.3,28.9,36.8,33.9,5.7,8.2,37.2,5.9,9.1,47.7,52.3,"[{""score"": ""1 - 1"", ""pct"": 13.03}, {""score"": ""0 - 1"", ""pct"": 11.58}, {""score"": ""1 - 0"", ""pct"": 10.36}]"
Algeria,Haiti,Neutral,1.616,0.969,53.0,25.8,21.2,53.1,7.3,9.0,21.0,4.2,5.4,69.4,30.6,"[{""score"": ""1 - 0"", ""pct"": 12.740000000000002}, {""score"": ""1 - 1"", ""pct"": 11.77}, {""score"": ""2 - 1"", ""pct"": 9.700000000000001}]"
Algeria,United States,Neutral,1.419,1.083,44.4,28.3,27.3,44.4,7.0,8.8,27.5,5.3,7.0,60.3,39.7,"[{""score"": ""1 - 1"", ""pct"": 12.959999999999999}, {""score"": ""1 - 0"", ""pct"": 11.82}, {""score"": ""0 - 0"", ""pct"": 9.32}]"
Algeria,Uruguay,Neutral,1.092,1.301,30.1,29.2,40.6,30.3,5.4,8.0,40.5,6.9,9.0,43.7,56.3,"[{""score"": ""1 - 1"", ""pct"": 13.200000000000001}, {""score"": ""0 - 1"", ""pct"": 11.57}, {""score"": ""0 - 0"", ""pct"": 10.38}]"
Algeria,South Korea,Neutral,1.197,1.203,35.6,29.6,34.8,35.2,6.6,8.7,34.9,6.0,8.6,50.5,49.5,"[{""score"": ""1 - 1"", ""pct"": 13.71}, {""score"": ""1 - 0"", ""pct"": 11.01}, {""score"": ""0 - 0"", ""pct"": 10.26}]"
Algeria,Australia,Neutral,1.145,1.201,33.5,30.1,36.3,33.0,6.3,8.3,37.1,6.2,9.1,47.6,52.4,"[{""score"": ""1 - 1"", ""pct"": 13.34}, {""score"": ""0 - 1"", ""pct"": 11.39}, {""score"": ""0 - 0"", ""pct"": 11.15}]"
Algeria,Czech Republic,Neutral,1.552,0.984,49.2,27.0,23.8,51.0,7.0,9.3,22.9,4.1,5.7,67.3,32.7,"[{""score"": ""1 - 1"", ""pct"": 12.55}, {""score"": ""1 - 0"", ""pct"": 12.32}, {""score"": ""2 - 1"", ""pct"": 9.53}]"
Algeria,Cape Verde,Neutral,1.789,0.787,61.7,23.1,15.2,61.4,7.6,8.7,15.5,2.9,3.8,77.7,22.3,"[{""score"": ""1 - 0"", ""pct"": 14.23}, {""score"": ""2 - 0"", ""pct"": 11.899999999999999}, {""score"": ""1 - 1"", ""pct"": 10.37}]"
Algeria,Ghana,Neutral,1.805,0.744,63.5,22.6,14.0,63.6,7.5,9.1,13.5,2.6,3.7,80.2,19.8,"[{""score"": ""1 - 0"", ""pct"": 14.940000000000001}, {""score"": ""2 - 0"", ""pct"": 12.44}, {""score"": ""1 - 1"", ""pct"": 10.09}]"
Algeria,Netherlands,Neutral,1.094,1.355,28.8,28.8,42.4,28.9,5.3,7.3,42.5,6.4,9.7,41.5,58.5,"[{""score"": ""1 - 1"", ""pct"": 12.98}, {""score"": ""0 - 1"", ""pct"": 12.1}, {""score"": ""0 - 0"", ""pct"": 10.059999999999999}]"
Algeria,Ivory Coast,Neutral,1.435,1.002,46.9,27.6,25.6,47.2,7.6,9.2,24.6,4.9,6.6,64.0,36.0,"[{""score"": ""1 - 0"", ""pct"": 13.170000000000002}, {""score"": ""1 - 1"", ""pct"": 12.389999999999999}, {""score"": ""0 - 0"", ""pct"": 9.64}]"
Algeria,Scotland,Neutral,1.518,1.023,47.9,27.3,24.8,48.4,7.0,9.4,24.3,4.5,6.5,64.8,35.2,"[{""score"": ""1 - 1"", ""pct"": 12.11}, {""score"": ""1 - 0"", ""pct"": 11.98}, {""score"": ""2 - 1"", ""pct"": 9.44}]"
Algeria,Ecuador,Neutral,1.072,1.287,29.5,29.5,41.0,30.1,5.6,7.7,40.2,6.4,10.0,43.4,56.6,"[{""score"": ""1 - 1"", ""pct"": 13.3}, {""score"": ""0 - 1"", ""pct"": 12.5}, {""score"": ""0 - 0"", ""pct"": 10.67}]"
Algeria,Iran,Neutral,1.173,1.225,34.3,29.4,36.2,34.0,6.0,8.6,36.4,6.7,8.5,48.5,51.5,"[{""score"": ""1 - 1"", ""pct"": 13.05}, {""score"": ""0 - 1"", ""pct"": 11.459999999999999}, {""score"": ""1 - 0"", ""pct"": 10.58}]"
Algeria,Mexico,Neutral,1.052,1.295,29.0,29.9,41.0,29.3,5.5,8.0,41.0,7.0,9.1,42.8,57.2,"[{""score"": ""1 - 1"", ""pct"": 13.28}, {""score"": ""0 - 1"", ""pct"": 12.13}, {""score"": ""0 - 0"", ""pct"": 10.81}]"
Algeria,France,Neutral,0.993,1.529,23.5,27.8,48.6,23.8,4.6,5.8,49.6,7.3,8.9,34.1,65.9,"[{""score"": ""0 - 1"", ""pct"": 12.75}, {""score"": ""1 - 1"", ""pct"": 12.15}, {""score"": ""0 - 0"", ""pct"": 9.48}]"
Algeria,Panama,Neutral,1.394,1.127,42.7,28.4,28.9,43.0,6.4,9.2,29.3,5.1,7.0,58.6,41.4,"[{""score"": ""1 - 1"", ""pct"": 13.05}, {""score"": ""1 - 0"", ""pct"": 11.200000000000001}, {""score"": ""2 - 1"", ""pct"": 9.0}]"
Algeria,Colombia,Neutral,1.085,1.463,26.8,27.7,45.6,27.5,4.8,5.8,45.5,7.4,8.9,38.1,61.9,"[{""score"": ""1 - 1"", ""pct"": 12.68}, {""score"": ""0 - 1"", ""pct"": 11.4}, {""score"": ""1 - 2"", ""pct"": 8.97}]"
Algeria,Portugal,Neutral,1.093,1.42,27.8,27.6,44.6,27.1,5.1,6.8,44.8,7.1,9.0,39.1,60.9,"[{""score"": ""1 - 1"", ""pct"": 12.479999999999999}, {""score"": ""0 - 1"", ""pct"": 11.89}, {""score"": ""1 - 2"", ""pct"": 9.27}]"
Panama,Saudi Arabia,Neutral,1.631,1.053,51.6,25.3,23.1,50.3,7.2,8.7,23.8,4.3,5.7,66.1,33.9,"[{""score"": ""1 - 0"", ""pct"": 11.78}, {""score"": ""1 - 1"", ""pct"": 11.64}, {""score"": ""2 - 1"", ""pct"": 9.700000000000001}]"
Panama,England,Neutral,0.942,1.752,18.2,24.1,57.8,18.8,3.5,5.0,56.7,7.6,8.4,27.3,72.7,"[{""score"": ""0 - 1"", ""pct"": 12.839999999999998}, {""score"": ""1 - 1"", ""pct"": 11.04}, {""score"": ""0 - 2"", ""pct"": 10.09}]"
Panama,Uzbekistan,Neutral,1.218,1.275,34.1,29.2,36.7,34.1,6.2,7.7,37.1,6.0,8.9,48.0,52.0,"[{""score"": ""1 - 1"", ""pct"": 13.25}, {""score"": ""0 - 1"", ""pct"": 10.57}, {""score"": ""1 - 0"", ""pct"": 10.0}]"
Panama,Austria,Neutral,1.261,1.252,37.4,28.3,34.2,35.7,6.2,8.0,35.9,6.2,7.9,49.9,50.1,"[{""score"": ""1 - 1"", ""pct"": 12.9}, {""score"": ""1 - 0"", ""pct"": 10.59}, {""score"": ""0 - 1"", ""pct"": 9.43}]"
Panama,Turkey,Neutral,1.129,1.445,28.5,27.2,44.2,28.7,5.5,6.6,43.4,7.0,8.8,40.8,59.2,"[{""score"": ""1 - 1"", ""pct"": 11.81}, {""score"": ""0 - 1"", ""pct"": 11.58}, {""score"": ""1 - 2"", ""pct"": 9.01}]"
Panama,Morocco,Neutral,1.043,1.712,22.0,24.6,53.4,22.3,3.9,5.2,53.2,6.9,8.5,31.3,68.7,"[{""score"": ""0 - 1"", ""pct"": 11.19}, {""score"": ""1 - 1"", ""pct"": 10.8}, {""score"": ""1 - 2"", ""pct"": 10.18}]"
Panama,DR Congo,Neutral,1.389,1.013,44.6,28.8,26.6,45.1,7.1,9.4,26.6,4.9,6.8,61.7,38.3,"[{""score"": ""1 - 1"", ""pct"": 12.770000000000001}, {""score"": ""1 - 0"", ""pct"": 12.64}, {""score"": ""0 - 0"", ""pct"": 10.290000000000001}]"
Panama,Japan,Neutral,1.034,1.646,23.1,25.9,51.0,22.7,4.6,5.6,51.8,7.1,8.2,32.9,67.2,"[{""score"": ""0 - 1"", ""pct"": 11.59}, {""score"": ""1 - 1"", ""pct"": 11.5}, {""score"": ""1 - 2"", ""pct"": 9.5}]"
Panama,Canada,Neutral,1.137,1.35,30.0,28.6,41.3,31.1,5.9,7.1,40.6,6.7,8.7,44.1,55.9,"[{""score"": ""1 - 1"", ""pct"": 12.659999999999998}, {""score"": ""0 - 1"", ""pct"": 10.8}, {""score"": ""0 - 0"", ""pct"": 9.8}]"
Panama,Argentina,Neutral,0.792,1.926,13.5,22.7,63.8,13.3,2.1,3.4,65.9,7.4,7.9,18.8,81.2,"[{""score"": ""0 - 1"", ""pct"": 13.389999999999999}, {""score"": ""0 - 2"", ""pct"": 11.57}, {""score"": ""1 - 1"", ""pct"": 10.35}]"
Panama,Tunisia,Neutral,1.447,1.071,45.3,28.1,26.6,44.6,7.1,9.7,27.0,5.3,6.3,61.4,38.6,"[{""score"": ""1 - 1"", ""pct"": 12.53}, {""score"": ""1 - 0"", ""pct"": 11.899999999999999}, {""score"": ""0 - 0"", ""pct"": 9.26}]"
Panama,Brazil,Neutral,1.08,1.854,20.8,24.1,55.0,20.2,4.0,4.8,55.9,7.4,7.7,28.9,71.1,"[{""score"": ""1 - 1"", ""pct"": 10.94}, {""score"": ""0 - 1"", ""pct"": 10.190000000000001}, {""score"": ""1 - 2"", ""pct"": 9.77}]"
Panama,Iraq,Neutral,1.436,1.023,46.7,27.7,25.6,45.7,6.8,9.4,26.9,4.7,6.5,61.9,38.1,"[{""score"": ""1 - 0"", ""pct"": 12.76}, {""score"": ""1 - 1"", ""pct"": 11.899999999999999}, {""score"": ""0 - 0"", ""pct"": 10.27}]"
Panama,Sweden,Neutral,1.731,1.11,51.7,25.3,23.0,51.1,7.5,8.2,24.1,3.9,5.2,66.8,33.2,"[{""score"": ""1 - 1"", ""pct"": 11.379999999999999}, {""score"": ""1 - 0"", ""pct"": 10.95}, {""score"": ""2 - 1"", ""pct"": 9.15}]"
Panama,Senegal,Neutral,1.176,1.431,30.0,27.5,42.5,30.3,5.4,6.7,42.4,6.6,8.4,42.5,57.5,"[{""score"": ""1 - 1"", ""pct"": 12.36}, {""score"": ""0 - 1"", ""pct"": 11.07}, {""score"": ""0 - 0"", ""pct"": 8.6}]"
Panama,Spain,Neutral,0.833,1.94,14.5,21.9,63.6,13.5,2.7,3.5,64.6,7.3,8.4,19.7,80.3,"[{""score"": ""0 - 1"", ""pct"": 12.770000000000001}, {""score"": ""0 - 2"", ""pct"": 11.469999999999999}, {""score"": ""1 - 2"", ""pct"": 9.8}]"
Panama,Paraguay,Neutral,1.185,1.393,30.3,27.5,42.1,31.4,5.1,7.3,41.2,6.9,8.2,43.8,56.2,"[{""score"": ""1 - 1"", ""pct"": 12.479999999999999}, {""score"": ""0 - 1"", ""pct"": 11.08}, {""score"": ""1 - 2"", ""pct"": 9.25}]"
Panama,New Zealand,Neutral,1.639,1.086,49.7,26.3,24.0,49.3,7.5,8.9,24.7,4.5,5.1,65.7,34.3,"[{""score"": ""1 - 1"", ""pct"": 11.61}, {""score"": ""1 - 0"", ""pct"": 11.51}, {""score"": ""2 - 1"", ""pct"": 9.56}]"
Panama,Qatar,Neutral,2.011,0.7,68.8,20.5,10.7,68.7,7.2,7.9,11.0,2.2,3.0,83.8,16.2,"[{""score"": ""1 - 0"", ""pct"": 14.35}, {""score"": ""2 - 0"", ""pct"": 13.79}, {""score"": ""2 - 1"", ""pct"": 9.6}]"
Panama,Norway,Neutral,1.127,1.496,27.9,26.9,45.2,27.6,4.8,6.6,45.5,7.0,8.6,38.9,61.1,"[{""score"": ""1 - 1"", ""pct"": 12.2}, {""score"": ""0 - 1"", ""pct"": 11.219999999999999}, {""score"": ""1 - 2"", ""pct"": 8.85}]"
Panama,Bosnia and Herzegovina,Neutral,1.901,0.822,62.7,22.6,14.7,63.5,7.5,8.4,14.4,2.5,3.5,79.5,20.5,"[{""score"": ""1 - 0"", ""pct"": 12.98}, {""score"": ""2 - 0"", ""pct"": 11.469999999999999}, {""score"": ""1 - 1"", ""pct"": 10.43}]"
Panama,Curaçao,Neutral,1.89,0.919,61.1,22.0,16.9,60.9,7.4,8.1,16.6,3.1,3.9,76.4,23.6,"[{""score"": ""1 - 0"", ""pct"": 11.959999999999999}, {""score"": ""2 - 0"", ""pct"": 10.66}, {""score"": ""2 - 1"", ""pct"": 9.92}]"
Panama,Belgium,Neutral,1.136,1.458,28.0,28.1,43.9,29.2,4.9,6.5,44.2,6.5,8.7,40.6,59.4,"[{""score"": ""1 - 1"", ""pct"": 12.590000000000002}, {""score"": ""0 - 1"", ""pct"": 10.82}, {""score"": ""1 - 2"", ""pct"": 9.11}]"
Panama,Switzerland,Neutral,1.182,1.464,29.6,26.6,43.8,29.5,5.0,7.0,44.0,6.6,8.0,41.5,58.5,"[{""score"": ""1 - 1"", ""pct"": 12.02}, {""score"": ""0 - 1"", ""pct"": 10.6}, {""score"": ""1 - 2"", ""pct"": 8.9}]"
Panama,Germany,Neutral,1.072,1.653,23.6,25.9,50.4,23.5,4.8,5.5,50.4,7.4,8.4,33.8,66.2,"[{""score"": ""1 - 1"", ""pct"": 11.57}, {""score"": ""0 - 1"", ""pct"": 11.33}, {""score"": ""1 - 2"", ""pct"": 9.98}]"
Panama,Egypt,Neutral,1.375,1.109,43.1,27.6,29.3,42.8,6.1,9.2,30.0,5.0,6.8,58.2,41.8,"[{""score"": ""1 - 1"", ""pct"": 12.45}, {""score"": ""1 - 0"", ""pct"": 11.93}, {""score"": ""2 - 1"", ""pct"": 9.01}]"
Panama,Jordan,Neutral,1.455,1.22,42.2,27.1,30.7,42.6,6.4,8.3,30.4,5.3,6.9,57.4,42.7,"[{""score"": ""1 - 1"", ""pct"": 12.590000000000002}, {""score"": ""1 - 0"", ""pct"": 10.16}, {""score"": ""2 - 1"", ""pct"": 8.74}]"
Panama,South Africa,Neutral,1.668,0.953,54.4,25.3,20.3,54.8,7.4,8.9,20.1,4.0,4.8,71.1,28.9,"[{""score"": ""1 - 0"", ""pct"": 12.23}, {""score"": ""1 - 1"", ""pct"": 11.43}, {""score"": ""2 - 0"", ""pct"": 9.950000000000001}]"
Panama,Croatia,Neutral,1.126,1.56,27.1,25.9,47.0,26.6,5.2,6.1,46.8,7.2,8.2,37.8,62.2,"[{""score"": ""1 - 1"", ""pct"": 12.1}, {""score"": ""0 - 1"", ""pct"": 11.29}, {""score"": ""1 - 2"", ""pct"": 9.34}]"
Panama,Haiti,Neutral,1.476,1.096,44.9,27.4,27.7,45.5,6.8,8.3,27.8,5.0,6.6,60.6,39.4,"[{""score"": ""1 - 1"", ""pct"": 12.83}, {""score"": ""1 - 0"", ""pct"": 10.95}, {""score"": ""2 - 1"", ""pct"": 9.41}]"
Panama,United States,Neutral,1.402,1.29,40.3,26.5,33.2,39.8,6.2,7.5,33.5,6.0,7.1,53.4,46.6,"[{""score"": ""1 - 1"", ""pct"": 11.55}, {""score"": ""1 - 0"", ""pct"": 9.64}, {""score"": ""2 - 1"", ""pct"": 9.1}]"
Panama,Uruguay,Neutral,1.087,1.531,26.1,27.7,46.2,26.0,4.8,5.8,47.8,6.9,8.6,36.7,63.3,"[{""score"": ""1 - 1"", ""pct"": 12.16}, {""score"": ""0 - 1"", ""pct"": 11.37}, {""score"": ""0 - 0"", ""pct"": 8.84}]"
Panama,South Korea,Neutral,1.166,1.422,28.9,27.0,44.0,30.4,5.4,6.6,41.6,7.0,9.1,42.3,57.7,"[{""score"": ""1 - 1"", ""pct"": 11.98}, {""score"": ""0 - 1"", ""pct"": 11.5}, {""score"": ""1 - 2"", ""pct"": 9.2}]"
Panama,Australia,Neutral,1.096,1.543,25.8,26.6,47.6,26.1,4.3,6.7,46.6,7.7,8.6,37.0,63.0,"[{""score"": ""1 - 1"", ""pct"": 11.99}, {""score"": ""0 - 1"", ""pct"": 11.459999999999999}, {""score"": ""1 - 2"", ""pct"": 9.700000000000001}]"
Panama,Czech Republic,Neutral,1.526,1.126,45.6,27.4,27.1,45.4,7.4,8.9,26.8,5.2,6.2,61.7,38.3,"[{""score"": ""1 - 1"", ""pct"": 12.520000000000001}, {""score"": ""1 - 0"", ""pct"": 11.129999999999999}, {""score"": ""2 - 1"", ""pct"": 8.9}]"
Panama,Cape Verde,Neutral,1.795,0.961,57.5,23.7,18.8,57.0,7.6,8.9,18.8,3.4,4.3,73.5,26.5,"[{""score"": ""1 - 0"", ""pct"": 11.76}, {""score"": ""1 - 1"", ""pct"": 10.68}, {""score"": ""2 - 0"", ""pct"": 10.43}]"
Panama,Ghana,Neutral,1.8,0.885,58.5,24.9,16.7,59.2,7.4,9.0,17.0,3.0,4.3,75.7,24.3,"[{""score"": ""1 - 0"", ""pct"": 12.75}, {""score"": ""1 - 1"", ""pct"": 11.219999999999999}, {""score"": ""2 - 0"", ""pct"": 10.51}]"
Panama,Netherlands,Neutral,1.077,1.587,24.4,25.8,49.8,24.8,4.5,5.6,48.7,7.6,8.8,34.9,65.1,"[{""score"": ""1 - 1"", ""pct"": 11.799999999999999}, {""score"": ""0 - 1"", ""pct"": 11.4}, {""score"": ""0 - 2"", ""pct"": 9.27}]"
Panama,Ivory Coast,Neutral,1.286,1.204,37.5,28.5,34.1,37.5,6.2,8.4,34.2,6.1,7.5,52.1,47.9,"[{""score"": ""1 - 1"", ""pct"": 12.65}, {""score"": ""0 - 1"", ""pct"": 10.2}, {""score"": ""1 - 0"", ""pct"": 10.01}]"
Panama,Scotland,Neutral,1.382,1.211,40.6,27.6,31.8,40.7,6.7,8.2,31.4,5.5,7.6,55.6,44.5,"[{""score"": ""1 - 1"", ""pct"": 12.68}, {""score"": ""1 - 0"", ""pct"": 10.280000000000001}, {""score"": ""0 - 1"", ""pct"": 9.790000000000001}]"
Panama,Ecuador,Neutral,1.06,1.568,24.0,26.9,49.0,24.9,4.4,5.8,49.0,7.0,8.8,35.1,64.9,"[{""score"": ""1 - 1"", ""pct"": 12.35}, {""score"": ""0 - 1"", ""pct"": 12.06}, {""score"": ""1 - 2"", ""pct"": 9.06}]"
Panama,Iran,Neutral,1.141,1.454,27.9,28.3,43.8,29.3,5.2,6.8,43.0,7.0,8.6,41.3,58.7,"[{""score"": ""1 - 1"", ""pct"": 12.509999999999998}, {""score"": ""0 - 1"", ""pct"": 11.37}, {""score"": ""0 - 0"", ""pct"": 9.15}]"
Panama,Mexico,Neutral,1.038,1.53,24.1,27.6,48.4,24.5,5.0,5.5,48.7,7.2,9.1,34.9,65.1,"[{""score"": ""0 - 1"", ""pct"": 12.509999999999998}, {""score"": ""1 - 1"", ""pct"": 12.379999999999999}, {""score"": ""1 - 2"", ""pct"": 9.3}]"
Panama,France,Neutral,0.998,1.847,19.2,24.5,56.2,18.4,4.0,4.5,57.7,6.9,8.3,27.0,73.0,"[{""score"": ""0 - 1"", ""pct"": 11.59}, {""score"": ""1 - 1"", ""pct"": 11.41}, {""score"": ""0 - 2"", ""pct"": 9.45}]"
Panama,Algeria,Neutral,1.127,1.394,29.6,28.5,41.8,28.6,5.4,7.5,43.1,6.9,8.5,41.5,58.5,"[{""score"": ""1 - 1"", ""pct"": 12.5}, {""score"": ""0 - 1"", ""pct"": 11.17}, {""score"": ""0 - 0"", ""pct"": 9.3}]"
Panama,Colombia,Neutral,1.079,1.737,22.7,24.1,53.2,22.9,4.1,5.1,52.6,7.3,8.0,32.1,67.9,"[{""score"": ""0 - 1"", ""pct"": 10.95}, {""score"": ""1 - 1"", ""pct"": 10.75}, {""score"": ""1 - 2"", ""pct"": 9.8}]"
Panama,Portugal,Neutral,1.09,1.719,22.7,24.6,52.6,23.8,4.2,4.7,52.3,7.2,7.9,32.6,67.4,"[{""score"": ""1 - 1"", ""pct"": 11.34}, {""score"": ""0 - 1"", ""pct"": 11.12}, {""score"": ""1 - 2"", ""pct"": 9.68}]"
Colombia,Saudi Arabia,Neutral,1.879,0.738,64.7,22.7,12.6,64.3,7.3,8.8,13.2,2.8,3.5,80.4,19.6,"[{""score"": ""1 - 0"", ""pct"": 14.39}, {""score"": ""2 - 0"", ""pct"": 12.889999999999999}, {""score"": ""1 - 1"", ""pct"": 9.790000000000001}]"
Colombia,England,Neutral,1.171,1.297,32.5,28.7,38.9,32.2,5.6,7.9,39.3,6.3,8.7,45.7,54.4,"[{""score"": ""1 - 1"", ""pct"": 13.01}, {""score"": ""0 - 1"", ""pct"": 11.559999999999999}, {""score"": ""1 - 0"", ""pct"": 9.89}]"
Colombia,Uzbekistan,Neutral,1.572,1.028,49.3,26.6,24.1,49.0,7.2,9.1,23.8,5.0,5.9,65.4,34.6,"[{""score"": ""1 - 1"", ""pct"": 12.17}, {""score"": ""1 - 0"", ""pct"": 11.64}, {""score"": ""2 - 1"", ""pct"": 9.5}]"
Colombia,Austria,Neutral,1.629,0.959,53.0,26.6,20.4,53.4,6.9,9.5,20.8,4.0,5.5,69.8,30.2,"[{""score"": ""1 - 0"", ""pct"": 12.34}, {""score"": ""1 - 1"", ""pct"": 11.84}, {""score"": ""2 - 0"", ""pct"": 9.94}]"
Colombia,Turkey,Neutral,1.494,1.094,46.4,27.2,26.4,45.9,7.0,8.5,27.5,5.0,6.2,61.4,38.6,"[{""score"": ""1 - 1"", ""pct"": 12.18}, {""score"": ""1 - 0"", ""pct"": 11.4}, {""score"": ""2 - 1"", ""pct"": 9.879999999999999}]"
Colombia,Morocco,Neutral,1.315,1.203,38.3,28.3,33.4,39.7,6.5,8.6,31.9,5.9,7.5,54.8,45.2,"[{""score"": ""1 - 1"", ""pct"": 12.46}, {""score"": ""1 - 0"", ""pct"": 10.42}, {""score"": ""0 - 1"", ""pct"": 10.290000000000001}]"
Colombia,DR Congo,Neutral,1.63,0.793,57.4,25.7,16.9,57.9,7.6,10.2,16.6,3.3,4.5,75.6,24.4,"[{""score"": ""1 - 0"", ""pct"": 15.370000000000001}, {""score"": ""1 - 1"", ""pct"": 11.48}, {""score"": ""2 - 0"", ""pct"": 10.7}]"
Colombia,Japan,Neutral,1.285,1.212,37.0,28.3,34.8,38.3,6.6,8.2,33.4,5.6,7.9,53.1,46.9,"[{""score"": ""1 - 1"", ""pct"": 13.36}, {""score"": ""1 - 0"", ""pct"": 10.69}, {""score"": ""0 - 1"", ""pct"": 10.14}]"
Colombia,Canada,Neutral,1.507,1.031,48.0,27.2,24.8,48.1,7.7,9.2,24.2,4.6,6.2,65.0,35.0,"[{""score"": ""1 - 0"", ""pct"": 12.32}, {""score"": ""1 - 1"", ""pct"": 12.0}, {""score"": ""0 - 0"", ""pct"": 9.29}]"
Colombia,Argentina,Neutral,1.075,1.591,24.0,25.5,50.5,24.6,4.7,5.9,49.0,7.0,8.8,35.2,64.8,"[{""score"": ""0 - 1"", ""pct"": 11.73}, {""score"": ""1 - 1"", ""pct"": 11.52}, {""score"": ""1 - 2"", ""pct"": 9.520000000000001}]"
Colombia,Tunisia,Neutral,1.728,0.744,61.5,24.2,14.2,60.5,7.6,9.9,14.8,2.7,4.5,78.0,22.0,"[{""score"": ""1 - 0"", ""pct"": 14.82}, {""score"": ""2 - 0"", ""pct"": 12.32}, {""score"": ""1 - 1"", ""pct"": 10.5}]"
Colombia,Brazil,Neutral,1.298,1.33,35.2,27.9,36.9,35.4,6.0,7.2,37.7,6.1,7.6,48.6,51.4,"[{""score"": ""1 - 1"", ""pct"": 12.36}, {""score"": ""0 - 1"", ""pct"": 9.84}, {""score"": ""1 - 0"", ""pct"": 9.58}]"
Colombia,Iraq,Neutral,1.686,0.73,60.9,24.5,14.6,60.2,7.8,9.5,14.8,3.0,4.6,77.5,22.5,"[{""score"": ""1 - 0"", ""pct"": 15.260000000000002}, {""score"": ""2 - 0"", ""pct"": 12.950000000000001}, {""score"": ""1 - 1"", ""pct"": 11.020000000000001}]"
Colombia,Sweden,Neutral,1.976,0.775,66.0,21.2,12.7,66.0,7.9,8.0,12.6,2.2,3.4,81.9,18.1,"[{""score"": ""1 - 0"", ""pct"": 13.16}, {""score"": ""2 - 0"", ""pct"": 12.690000000000001}, {""score"": ""2 - 1"", ""pct"": 9.82}]"
Colombia,Senegal,Neutral,1.533,1.1,46.3,26.5,27.2,47.0,6.8,8.6,26.2,5.0,6.4,62.4,37.6,"[{""score"": ""1 - 1"", ""pct"": 11.74}, {""score"": ""1 - 0"", ""pct"": 10.95}, {""score"": ""2 - 1"", ""pct"": 9.049999999999999}]"
Colombia,Spain,Neutral,1.098,1.591,25.4,25.8,48.8,24.6,4.5,5.9,49.0,7.4,8.6,35.0,65.0,"[{""score"": ""1 - 1"", ""pct"": 11.73}, {""score"": ""0 - 1"", ""pct"": 11.18}, {""score"": ""1 - 2"", ""pct"": 9.4}]"
Colombia,Paraguay,Neutral,1.571,1.051,49.8,25.6,24.6,48.9,7.7,8.9,24.1,4.4,5.9,65.5,34.4,"[{""score"": ""1 - 1"", ""pct"": 12.08}, {""score"": ""1 - 0"", ""pct"": 11.85}, {""score"": ""2 - 1"", ""pct"": 9.370000000000001}]"
Colombia,New Zealand,Neutral,1.904,0.751,64.5,21.9,13.7,64.1,7.8,9.2,13.1,2.4,3.4,81.0,19.0,"[{""score"": ""1 - 0"", ""pct"": 13.750000000000002}, {""score"": ""2 - 0"", ""pct"": 12.31}, {""score"": ""2 - 1"", ""pct"": 10.22}]"
Colombia,Qatar,Neutral,2.669,0.63,81.0,13.4,5.7,81.1,5.7,5.1,5.8,1.1,1.2,92.0,8.0,"[{""score"": ""2 - 0"", ""pct"": 13.850000000000001}, {""score"": ""3 - 0"", ""pct"": 11.08}, {""score"": ""1 - 0"", ""pct"": 10.66}]"
Colombia,Norway,Neutral,1.534,1.117,45.9,27.0,27.1,47.0,7.0,8.5,26.6,4.7,6.2,62.5,37.5,"[{""score"": ""1 - 1"", ""pct"": 12.24}, {""score"": ""1 - 0"", ""pct"": 10.69}, {""score"": ""2 - 1"", ""pct"": 8.959999999999999}]"
Colombia,Bosnia and Herzegovina,Neutral,2.333,0.687,75.3,16.6,8.1,75.0,6.9,6.3,8.4,1.6,1.9,88.2,11.8,"[{""score"": ""2 - 0"", ""pct"": 12.959999999999999}, {""score"": ""1 - 0"", ""pct"": 12.030000000000001}, {""score"": ""3 - 0"", ""pct"": 10.42}]"
Colombia,Curaçao,Neutral,2.385,0.692,75.2,16.9,7.8,75.1,6.9,6.6,7.9,1.5,1.9,88.6,11.4,"[{""score"": ""2 - 0"", ""pct"": 13.68}, {""score"": ""1 - 0"", ""pct"": 11.129999999999999}, {""score"": ""3 - 0"", ""pct"": 10.15}]"
Colombia,Belgium,Neutral,1.505,1.095,45.9,27.7,26.4,46.2,7.1,8.7,27.2,4.7,6.1,62.0,38.0,"[{""score"": ""1 - 1"", ""pct"": 12.370000000000001}, {""score"": ""1 - 0"", ""pct"": 11.940000000000001}, {""score"": ""2 - 1"", ""pct"": 9.049999999999999}]"
Colombia,Switzerland,Neutral,1.598,1.099,48.7,26.2,25.1,48.7,6.8,8.4,25.3,4.9,6.0,63.8,36.2,"[{""score"": ""1 - 1"", ""pct"": 11.78}, {""score"": ""1 - 0"", ""pct"": 11.26}, {""score"": ""2 - 1"", ""pct"": 9.56}]"
Colombia,Germany,Neutral,1.505,1.148,45.2,27.0,27.8,44.1,7.3,8.6,27.7,5.3,6.9,60.1,40.0,"[{""score"": ""1 - 1"", ""pct"": 12.479999999999999}, {""score"": ""1 - 0"", ""pct"": 10.51}, {""score"": ""2 - 1"", ""pct"": 9.62}]"
Colombia,Egypt,Neutral,1.598,0.842,55.2,26.0,18.8,55.0,7.8,9.8,18.4,3.7,5.3,72.6,27.4,"[{""score"": ""1 - 0"", ""pct"": 14.7}, {""score"": ""1 - 1"", ""pct"": 11.81}, {""score"": ""2 - 0"", ""pct"": 10.71}]"
Colombia,Jordan,Neutral,1.87,0.972,59.3,23.1,17.6,59.1,7.0,8.3,18.1,3.5,4.0,74.5,25.5,"[{""score"": ""1 - 0"", ""pct"": 12.09}, {""score"": ""2 - 1"", ""pct"": 10.66}, {""score"": ""1 - 1"", ""pct"": 9.99}]"
Colombia,South Africa,Neutral,1.96,0.743,66.3,21.2,12.5,65.8,7.6,8.3,12.6,2.5,3.2,81.7,18.3,"[{""score"": ""1 - 0"", ""pct"": 14.01}, {""score"": ""2 - 0"", ""pct"": 12.45}, {""score"": ""1 - 1"", ""pct"": 9.8}]"
Colombia,Croatia,Neutral,1.538,1.099,47.4,26.9,25.7,47.4,6.8,8.5,26.4,4.9,6.0,62.8,37.2,"[{""score"": ""1 - 1"", ""pct"": 12.29}, {""score"": ""1 - 0"", ""pct"": 11.89}, {""score"": ""2 - 1"", ""pct"": 9.2}]"
Colombia,Haiti,Neutral,1.774,0.773,62.4,23.0,14.6,62.0,7.2,9.7,14.1,3.1,3.8,79.0,21.0,"[{""score"": ""1 - 0"", ""pct"": 14.12}, {""score"": ""2 - 0"", ""pct"": 12.31}, {""score"": ""1 - 1"", ""pct"": 10.25}]"
Colombia,United States,Neutral,1.818,0.981,56.6,23.6,19.8,57.3,7.6,8.4,19.2,3.3,4.2,73.3,26.7,"[{""score"": ""1 - 0"", ""pct"": 11.33}, {""score"": ""1 - 1"", ""pct"": 10.69}, {""score"": ""2 - 1"", ""pct"": 9.77}]"
Colombia,Uruguay,Neutral,1.486,1.061,47.2,27.1,25.8,46.7,6.6,8.8,26.2,4.8,6.9,62.1,37.9,"[{""score"": ""1 - 1"", ""pct"": 12.1}, {""score"": ""1 - 0"", ""pct"": 11.77}, {""score"": ""2 - 1"", ""pct"": 9.13}]"
Colombia,South Korea,Neutral,1.525,1.077,47.5,26.5,25.9,46.9,6.9,9.0,26.1,4.8,6.2,62.9,37.1,"[{""score"": ""1 - 1"", ""pct"": 12.09}, {""score"": ""1 - 0"", ""pct"": 11.459999999999999}, {""score"": ""2 - 1"", ""pct"": 9.520000000000001}]"
Colombia,Australia,Neutral,1.486,1.056,46.0,27.5,26.6,46.0,7.2,9.0,26.4,5.1,6.3,62.2,37.8,"[{""score"": ""1 - 1"", ""pct"": 12.540000000000001}, {""score"": ""1 - 0"", ""pct"": 11.24}, {""score"": ""2 - 1"", ""pct"": 8.82}]"
Colombia,Czech Republic,Neutral,1.825,0.866,59.7,23.5,16.8,59.6,8.0,9.2,16.0,3.1,4.1,76.8,23.2,"[{""score"": ""1 - 0"", ""pct"": 12.709999999999999}, {""score"": ""2 - 0"", ""pct"": 10.74}, {""score"": ""1 - 1"", ""pct"": 10.459999999999999}]"
Colombia,Cape Verde,Neutral,2.089,0.718,70.0,19.7,10.4,69.5,6.9,7.8,11.0,2.2,2.6,84.2,15.8,"[{""score"": ""1 - 0"", ""pct"": 13.13}, {""score"": ""2 - 0"", ""pct"": 12.520000000000001}, {""score"": ""2 - 1"", ""pct"": 10.17}]"
Colombia,Ghana,Neutral,2.293,0.662,75.3,16.8,7.9,75.5,6.6,6.6,8.0,1.5,1.8,88.7,11.3,"[{""score"": ""2 - 0"", ""pct"": 13.469999999999999}, {""score"": ""1 - 0"", ""pct"": 12.53}, {""score"": ""3 - 0"", ""pct"": 10.73}]"
Colombia,Netherlands,Neutral,1.483,1.111,45.2,27.3,27.5,45.0,6.9,9.2,27.5,4.8,6.6,61.1,38.9,"[{""score"": ""1 - 1"", ""pct"": 12.5}, {""score"": ""1 - 0"", ""pct"": 11.4}, {""score"": ""2 - 1"", ""pct"": 8.98}]"
Colombia,Ivory Coast,Neutral,1.697,0.945,55.2,25.4,19.4,55.2,7.6,8.7,19.6,3.7,5.2,71.5,28.5,"[{""score"": ""1 - 0"", ""pct"": 12.73}, {""score"": ""1 - 1"", ""pct"": 11.53}, {""score"": ""2 - 0"", ""pct"": 9.68}]"
Colombia,Scotland,Neutral,1.8,0.944,57.6,24.1,18.4,57.9,7.3,8.5,18.2,3.4,4.8,73.6,26.4,"[{""score"": ""1 - 0"", ""pct"": 11.99}, {""score"": ""2 - 0"", ""pct"": 10.27}, {""score"": ""1 - 1"", ""pct"": 10.27}]"
Colombia,Ecuador,Neutral,1.322,1.137,40.3,28.3,31.4,39.6,6.4,9.2,31.3,5.6,7.9,55.2,44.8,"[{""score"": ""1 - 1"", ""pct"": 12.44}, {""score"": ""1 - 0"", ""pct"": 11.05}, {""score"": ""0 - 1"", ""pct"": 9.85}]"
Colombia,Iran,Neutral,1.475,1.078,45.8,27.2,27.0,46.8,7.0,8.6,27.1,4.2,6.4,62.4,37.6,"[{""score"": ""1 - 1"", ""pct"": 12.15}, {""score"": ""1 - 0"", ""pct"": 11.85}, {""score"": ""2 - 1"", ""pct"": 8.91}]"
Colombia,Mexico,Neutral,1.32,1.115,40.4,29.1,30.5,40.1,6.6,9.2,31.2,5.5,7.4,55.8,44.2,"[{""score"": ""1 - 1"", ""pct"": 13.469999999999999}, {""score"": ""1 - 0"", ""pct"": 11.55}, {""score"": ""0 - 1"", ""pct"": 9.77}]"
Colombia,France,Neutral,1.242,1.395,32.2,27.4,40.3,32.2,5.9,6.8,40.5,6.5,8.1,45.0,55.0,"[{""score"": ""1 - 1"", ""pct"": 12.07}, {""score"": ""0 - 1"", ""pct"": 9.54}, {""score"": ""1 - 0"", ""pct"": 9.22}]"
Colombia,Algeria,Neutral,1.463,1.085,45.7,26.9,27.4,45.6,6.9,8.7,27.2,4.9,6.8,61.1,38.9,"[{""score"": ""1 - 1"", ""pct"": 12.17}, {""score"": ""1 - 0"", ""pct"": 12.07}, {""score"": ""2 - 1"", ""pct"": 9.24}]"
Colombia,Panama,Neutral,1.737,1.079,53.4,24.5,22.1,52.5,7.5,7.8,23.1,4.0,5.1,67.8,32.2,"[{""score"": ""1 - 1"", ""pct"": 11.129999999999999}, {""score"": ""1 - 0"", ""pct"": 11.07}, {""score"": ""2 - 1"", ""pct"": 9.58}]"
Colombia,Portugal,Neutral,1.324,1.278,38.1,26.9,35.0,36.9,6.0,8.4,35.0,6.3,7.4,51.2,48.8,"[{""score"": ""1 - 1"", ""pct"": 12.2}, {""score"": ""1 - 0"", ""pct"": 10.05}, {""score"": ""0 - 1"", ""pct"": 9.43}]"
Portugal,Saudi Arabia,Neutral,1.866,0.74,64.5,22.0,13.5,64.3,7.8,8.9,12.9,2.4,3.6,81.1,18.9,"[{""score"": ""1 - 0"", ""pct"": 13.76}, {""score"": ""2 - 0"", ""pct"": 12.93}, {""score"": ""2 - 1"", ""pct"": 10.13}]"
Portugal,England,Neutral,1.153,1.311,32.2,28.2,39.6,31.8,6.0,7.4,39.7,6.3,8.7,45.2,54.8,"[{""score"": ""1 - 1"", ""pct"": 12.690000000000001}, {""score"": ""0 - 1"", ""pct"": 11.559999999999999}, {""score"": ""1 - 0"", ""pct"": 10.22}]"
Portugal,Uzbekistan,Neutral,1.536,1.04,48.5,27.2,24.2,47.5,7.7,9.2,25.1,4.6,5.8,64.4,35.6,"[{""score"": ""1 - 1"", ""pct"": 12.6}, {""score"": ""1 - 0"", ""pct"": 12.479999999999999}, {""score"": ""2 - 1"", ""pct"": 9.120000000000001}]"
Portugal,Austria,Neutral,1.584,0.976,51.1,26.5,22.4,50.9,7.5,9.1,22.4,4.3,5.8,67.5,32.5,"[{""score"": ""1 - 0"", ""pct"": 12.950000000000001}, {""score"": ""1 - 1"", ""pct"": 11.62}, {""score"": ""2 - 0"", ""pct"": 9.06}]"
Portugal,Turkey,Neutral,1.497,1.085,46.5,27.3,26.2,47.5,6.9,8.4,26.2,4.6,6.3,62.9,37.1,"[{""score"": ""1 - 1"", ""pct"": 12.659999999999998}, {""score"": ""1 - 0"", ""pct"": 11.28}, {""score"": ""2 - 1"", ""pct"": 9.629999999999999}]"
Portugal,Morocco,Neutral,1.31,1.208,38.7,28.2,33.0,38.6,6.5,8.4,33.1,5.7,7.8,53.5,46.5,"[{""score"": ""1 - 1"", ""pct"": 12.97}, {""score"": ""1 - 0"", ""pct"": 10.72}, {""score"": ""0 - 0"", ""pct"": 9.180000000000001}]"
Portugal,DR Congo,Neutral,1.622,0.8,56.6,26.0,17.4,56.2,8.0,10.4,17.3,3.3,4.8,74.6,25.4,"[{""score"": ""1 - 0"", ""pct"": 14.62}, {""score"": ""1 - 1"", ""pct"": 11.61}, {""score"": ""2 - 0"", ""pct"": 11.44}]"
Portugal,Japan,Neutral,1.26,1.207,36.7,29.6,33.7,37.2,6.5,8.6,33.9,6.0,7.9,52.2,47.8,"[{""score"": ""1 - 1"", ""pct"": 13.25}, {""score"": ""1 - 0"", ""pct"": 10.94}, {""score"": ""0 - 1"", ""pct"": 10.33}]"
Portugal,Canada,Neutral,1.44,1.055,45.8,27.5,26.7,45.5,7.4,9.2,26.7,4.7,6.4,62.1,37.9,"[{""score"": ""1 - 1"", ""pct"": 12.479999999999999}, {""score"": ""1 - 0"", ""pct"": 12.27}, {""score"": ""0 - 0"", ""pct"": 9.27}]"
Portugal,Argentina,Neutral,1.071,1.599,23.5,26.9,49.6,24.4,4.4,5.6,49.6,7.5,8.5,34.4,65.6,"[{""score"": ""1 - 1"", ""pct"": 11.95}, {""score"": ""0 - 1"", ""pct"": 11.44}, {""score"": ""1 - 2"", ""pct"": 9.520000000000001}]"
Portugal,Tunisia,Neutral,1.682,0.787,58.6,25.1,16.3,59.1,7.9,9.1,16.4,3.1,4.4,76.1,23.9,"[{""score"": ""1 - 0"", ""pct"": 14.030000000000001}, {""score"": ""2 - 0"", ""pct"": 11.67}, {""score"": ""1 - 1"", ""pct"": 11.4}]"
Portugal,Brazil,Neutral,1.277,1.345,34.0,27.8,38.2,33.6,6.0,8.1,37.4,6.4,8.4,47.7,52.3,"[{""score"": ""1 - 1"", ""pct"": 12.24}, {""score"": ""0 - 1"", ""pct"": 10.299999999999999}, {""score"": ""1 - 0"", ""pct"": 9.31}]"
Portugal,Iraq,Neutral,1.658,0.799,57.2,25.8,17.0,58.1,7.5,9.2,17.2,3.3,4.7,74.8,25.2,"[{""score"": ""1 - 0"", ""pct"": 14.430000000000001}, {""score"": ""1 - 1"", ""pct"": 11.58}, {""score"": ""2 - 0"", ""pct"": 11.110000000000001}]"
Portugal,Sweden,Neutral,1.961,0.767,65.9,21.3,12.8,65.4,7.6,8.3,12.8,2.6,3.2,81.3,18.7,"[{""score"": ""1 - 0"", ""pct"": 13.780000000000001}, {""score"": ""2 - 0"", ""pct"": 12.13}, {""score"": ""2 - 1"", ""pct"": 9.91}]"
Portugal,Senegal,Neutral,1.533,1.108,47.2,26.5,26.2,46.3,6.8,8.8,27.5,4.5,6.2,61.9,38.1,"[{""score"": ""1 - 1"", ""pct"": 11.92}, {""score"": ""1 - 0"", ""pct"": 11.31}, {""score"": ""2 - 1"", ""pct"": 9.629999999999999}]"
Portugal,Spain,Neutral,1.093,1.6,24.8,26.2,48.9,24.7,4.3,5.6,49.3,7.5,8.6,34.6,65.4,"[{""score"": ""1 - 1"", ""pct"": 11.959999999999999}, {""score"": ""0 - 1"", ""pct"": 11.33}, {""score"": ""1 - 2"", ""pct"": 9.950000000000001}]"
Portugal,Paraguay,Neutral,1.531,1.061,48.1,26.8,25.1,48.6,7.1,8.7,25.3,4.3,6.0,64.4,35.6,"[{""score"": ""1 - 1"", ""pct"": 12.08}, {""score"": ""1 - 0"", ""pct"": 11.35}, {""score"": ""2 - 1"", ""pct"": 9.629999999999999}]"
Portugal,New Zealand,Neutral,1.879,0.748,65.1,22.0,13.0,65.2,7.8,8.9,12.2,2.5,3.4,81.9,18.1,"[{""score"": ""1 - 0"", ""pct"": 14.860000000000001}, {""score"": ""2 - 0"", ""pct"": 12.8}, {""score"": ""2 - 1"", ""pct"": 10.059999999999999}]"
Portugal,Qatar,Neutral,2.653,0.63,80.6,13.6,5.8,81.0,5.9,5.4,5.4,1.1,1.1,92.4,7.6,"[{""score"": ""2 - 0"", ""pct"": 12.58}, {""score"": ""3 - 0"", ""pct"": 12.18}, {""score"": ""1 - 0"", ""pct"": 10.620000000000001}]"
Portugal,Norway,Neutral,1.523,1.121,46.3,27.2,26.5,46.1,7.5,8.5,27.0,4.9,6.0,62.2,37.8,"[{""score"": ""1 - 1"", ""pct"": 12.21}, {""score"": ""1 - 0"", ""pct"": 11.29}, {""score"": ""2 - 1"", ""pct"": 9.32}]"
Portugal,Bosnia and Herzegovina,Neutral,2.303,0.677,75.7,16.3,8.0,75.0,6.3,6.6,8.4,1.5,2.0,88.0,12.0,"[{""score"": ""2 - 0"", ""pct"": 14.2}, {""score"": ""1 - 0"", ""pct"": 12.44}, {""score"": ""3 - 0"", ""pct"": 10.32}]"
Portugal,Curaçao,Neutral,2.363,0.696,75.5,16.3,8.2,75.0,7.1,6.2,8.2,1.4,1.9,88.4,11.6,"[{""score"": ""2 - 0"", ""pct"": 13.059999999999999}, {""score"": ""1 - 0"", ""pct"": 11.65}, {""score"": ""3 - 0"", ""pct"": 10.040000000000001}]"
Portugal,Belgium,Neutral,1.505,1.103,47.0,27.0,26.0,46.7,7.1,8.7,26.4,4.8,6.4,62.5,37.5,"[{""score"": ""1 - 1"", ""pct"": 12.22}, {""score"": ""1 - 0"", ""pct"": 11.85}, {""score"": ""2 - 1"", ""pct"": 9.09}]"
Portugal,Switzerland,Neutral,1.55,1.108,48.5,25.6,25.8,47.1,7.7,8.3,25.9,4.9,6.2,63.0,37.0,"[{""score"": ""1 - 0"", ""pct"": 11.66}, {""score"": ""1 - 1"", ""pct"": 11.52}, {""score"": ""2 - 1"", ""pct"": 9.51}]"
Portugal,Germany,Neutral,1.405,1.19,40.9,28.0,31.1,41.6,6.6,8.7,31.0,5.2,6.9,56.9,43.1,"[{""score"": ""1 - 1"", ""pct"": 12.879999999999999}, {""score"": ""1 - 0"", ""pct"": 10.48}, {""score"": ""0 - 1"", ""pct"": 9.28}]"
Portugal,Egypt,Neutral,1.588,0.909,54.0,25.9,20.1,53.0,7.8,9.8,20.1,4.0,5.4,70.6,29.4,"[{""score"": ""1 - 0"", ""pct"": 14.08}, {""score"": ""1 - 1"", ""pct"": 11.88}, {""score"": ""2 - 0"", ""pct"": 9.969999999999999}]"
Portugal,Jordan,Neutral,1.856,0.979,58.1,23.5,18.4,57.3,7.5,8.3,19.1,3.3,4.6,73.0,26.9,"[{""score"": ""1 - 0"", ""pct"": 11.4}, {""score"": ""1 - 1"", ""pct"": 10.67}, {""score"": ""2 - 1"", ""pct"": 10.39}]"
Portugal,South Africa,Neutral,1.94,0.737,66.3,21.2,12.5,66.1,7.7,8.3,12.6,2.4,2.9,82.1,17.9,"[{""score"": ""1 - 0"", ""pct"": 13.94}, {""score"": ""2 - 0"", ""pct"": 12.33}, {""score"": ""2 - 1"", ""pct"": 10.07}]"
Portugal,Croatia,Neutral,1.548,1.114,47.0,27.1,25.9,47.5,7.1,8.6,25.8,4.8,6.1,63.2,36.8,"[{""score"": ""1 - 1"", ""pct"": 12.58}, {""score"": ""1 - 0"", ""pct"": 11.0}, {""score"": ""2 - 1"", ""pct"": 9.39}]"
Portugal,Haiti,Neutral,1.758,0.777,61.9,23.4,14.7,60.3,8.0,9.6,15.3,2.8,4.0,77.8,22.1,"[{""score"": ""1 - 0"", ""pct"": 14.78}, {""score"": ""2 - 0"", ""pct"": 12.389999999999999}, {""score"": ""1 - 1"", ""pct"": 10.39}]"
Portugal,United States,Neutral,1.774,1.0,55.8,24.3,19.9,56.0,7.1,8.2,19.9,3.4,5.4,71.3,28.7,"[{""score"": ""1 - 0"", ""pct"": 11.67}, {""score"": ""1 - 1"", ""pct"": 11.23}, {""score"": ""2 - 1"", ""pct"": 9.87}]"
Portugal,Uruguay,Neutral,1.367,1.114,41.1,29.3,29.6,42.8,7.0,8.4,29.5,5.0,7.2,58.2,41.8,"[{""score"": ""1 - 1"", ""pct"": 13.170000000000002}, {""score"": ""1 - 0"", ""pct"": 11.690000000000001}, {""score"": ""0 - 0"", ""pct"": 9.700000000000001}]"
Portugal,South Korea,Neutral,1.512,1.099,46.8,27.1,26.1,46.2,6.8,8.8,26.5,4.9,6.7,61.9,38.1,"[{""score"": ""1 - 1"", ""pct"": 12.32}, {""score"": ""1 - 0"", ""pct"": 11.23}, {""score"": ""2 - 1"", ""pct"": 9.54}]"
Portugal,Australia,Neutral,1.477,1.084,45.6,27.7,26.7,45.8,7.1,8.4,27.1,4.9,6.7,61.3,38.7,"[{""score"": ""1 - 1"", ""pct"": 13.089999999999998}, {""score"": ""1 - 0"", ""pct"": 11.77}, {""score"": ""2 - 1"", ""pct"": 9.27}]"
Portugal,Czech Republic,Neutral,1.824,0.898,59.0,23.9,17.1,59.5,7.7,8.7,16.8,3.0,4.2,76.0,24.0,"[{""score"": ""1 - 0"", ""pct"": 12.629999999999999}, {""score"": ""1 - 1"", ""pct"": 11.0}, {""score"": ""2 - 1"", ""pct"": 10.47}]"
Portugal,Cape Verde,Neutral,2.026,0.757,67.1,20.6,12.3,68.3,6.6,8.0,11.8,2.4,2.9,82.9,17.1,"[{""score"": ""2 - 0"", ""pct"": 12.53}, {""score"": ""1 - 0"", ""pct"": 12.479999999999999}, {""score"": ""2 - 1"", ""pct"": 9.53}]"
Portugal,Ghana,Neutral,2.106,0.698,70.7,19.2,10.1,70.5,7.4,7.0,10.6,1.9,2.6,84.9,15.1,"[{""score"": ""2 - 0"", ""pct"": 13.469999999999999}, {""score"": ""1 - 0"", ""pct"": 13.25}, {""score"": ""2 - 1"", ""pct"": 9.67}]"
Portugal,Netherlands,Neutral,1.37,1.161,41.5,27.7,30.9,40.7,6.7,8.7,31.5,5.3,7.1,56.1,43.9,"[{""score"": ""1 - 1"", ""pct"": 12.479999999999999}, {""score"": ""1 - 0"", ""pct"": 10.86}, {""score"": ""0 - 1"", ""pct"": 9.44}]"
Portugal,Ivory Coast,Neutral,1.664,0.973,53.9,25.2,20.8,54.0,7.1,8.9,20.7,3.9,5.4,69.9,30.1,"[{""score"": ""1 - 0"", ""pct"": 12.49}, {""score"": ""1 - 1"", ""pct"": 11.31}, {""score"": ""2 - 0"", ""pct"": 10.4}]"
Portugal,Scotland,Neutral,1.782,0.969,56.1,24.2,19.7,56.0,7.8,8.4,19.4,3.8,4.6,72.2,27.8,"[{""score"": ""1 - 0"", ""pct"": 11.63}, {""score"": ""1 - 1"", ""pct"": 11.110000000000001}, {""score"": ""2 - 1"", ""pct"": 9.81}]"
Portugal,Ecuador,Neutral,1.302,1.161,39.3,28.5,32.2,39.1,6.5,8.8,32.2,6.2,7.2,54.3,45.7,"[{""score"": ""1 - 1"", ""pct"": 12.44}, {""score"": ""1 - 0"", ""pct"": 11.03}, {""score"": ""0 - 1"", ""pct"": 9.969999999999999}]"
Portugal,Iran,Neutral,1.467,1.098,44.8,27.4,27.8,45.2,7.3,9.2,27.1,4.8,6.5,61.6,38.4,"[{""score"": ""1 - 1"", ""pct"": 12.23}, {""score"": ""1 - 0"", ""pct"": 11.65}, {""score"": ""0 - 0"", ""pct"": 8.75}]"
Portugal,Mexico,Neutral,1.295,1.126,39.9,28.6,31.6,39.5,6.4,9.6,31.2,5.7,7.7,55.4,44.6,"[{""score"": ""1 - 1"", ""pct"": 12.82}, {""score"": ""1 - 0"", ""pct"": 11.85}, {""score"": ""0 - 1"", ""pct"": 10.190000000000001}]"
Portugal,France,Neutral,1.182,1.486,29.5,27.1,43.4,29.6,4.9,6.4,43.8,6.8,8.5,40.9,59.1,"[{""score"": ""1 - 1"", ""pct"": 11.97}, {""score"": ""0 - 1"", ""pct"": 10.6}, {""score"": ""1 - 2"", ""pct"": 9.28}]"
Portugal,Algeria,Neutral,1.42,1.093,45.0,26.9,28.0,43.1,7.2,9.1,28.6,5.2,6.8,59.4,40.6,"[{""score"": ""1 - 0"", ""pct"": 12.33}, {""score"": ""1 - 1"", ""pct"": 12.139999999999999}, {""score"": ""0 - 0"", ""pct"": 9.139999999999999}]"
Portugal,Panama,Neutral,1.719,1.09,52.0,25.0,23.1,51.1,7.2,8.9,22.9,4.5,5.3,67.3,32.7,"[{""score"": ""1 - 1"", ""pct"": 11.469999999999999}, {""score"": ""1 - 0"", ""pct"": 10.979999999999999}, {""score"": ""2 - 1"", ""pct"": 9.6}]"
Portugal,Colombia,Neutral,1.278,1.324,35.4,27.7,37.0,35.6,5.7,7.3,36.8,6.2,8.4,48.6,51.4,"[{""score"": ""1 - 1"", ""pct"": 12.55}, {""score"": ""0 - 1"", ""pct"": 9.879999999999999}, {""score"": ""1 - 0"", ""pct"": 9.43}]"
United States,Saudi Arabia,United States,1.805,0.897,59.5,23.9,16.7,58.9,8.1,8.9,16.6,3.2,4.4,75.8,24.2,"[{""score"": ""1 - 0"", ""pct"": 12.11}, {""score"": ""2 - 0"", ""pct"": 11.33}, {""score"": ""1 - 1"", ""pct"": 10.76}]"
United States,England,United States,1.128,1.628,25.1,25.9,48.9,25.1,4.7,5.8,49.4,6.9,8.1,35.6,64.4,"[{""score"": ""1 - 1"", ""pct"": 11.61}, {""score"": ""0 - 1"", ""pct"": 10.66}, {""score"": ""1 - 2"", ""pct"": 9.43}]"
United States,Uzbekistan,United States,1.381,1.298,37.6,27.0,35.3,38.5,6.5,7.5,34.3,5.8,7.3,52.5,47.5,"[{""score"": ""1 - 1"", ""pct"": 12.659999999999998}, {""score"": ""0 - 1"", ""pct"": 9.54}, {""score"": ""1 - 0"", ""pct"": 9.19}]"
United States,Austria,United States,1.388,1.277,38.8,27.6,33.5,39.8,6.0,7.8,32.9,5.7,7.8,53.6,46.4,"[{""score"": ""1 - 1"", ""pct"": 12.61}, {""score"": ""1 - 0"", ""pct"": 9.879999999999999}, {""score"": ""0 - 1"", ""pct"": 8.799999999999999}]"
United States,Turkey,United States,1.313,1.431,33.9,26.2,39.9,33.8,5.4,7.5,39.5,6.0,7.8,46.7,53.3,"[{""score"": ""1 - 1"", ""pct"": 11.87}, {""score"": ""0 - 1"", ""pct"": 9.73}, {""score"": ""1 - 0"", ""pct"": 8.72}]"
United States,Morocco,United States,1.219,1.668,26.8,25.1,48.1,27.1,4.7,5.8,48.0,6.6,7.9,37.5,62.5,"[{""score"": ""1 - 1"", ""pct"": 11.540000000000001}, {""score"": ""1 - 2"", ""pct"": 9.9}, {""score"": ""0 - 1"", ""pct"": 9.610000000000001}]"
United States,DR Congo,United States,1.455,0.854,51.8,27.5,20.7,50.9,7.5,10.7,20.8,4.0,6.2,69.1,30.9,"[{""score"": ""1 - 0"", ""pct"": 14.6}, {""score"": ""1 - 1"", ""pct"": 12.04}, {""score"": ""0 - 0"", ""pct"": 10.9}]"
United States,Japan,United States,1.188,1.52,28.9,27.3,43.8,28.8,5.0,6.3,44.6,7.0,8.3,40.1,59.9,"[{""score"": ""1 - 1"", ""pct"": 12.06}, {""score"": ""0 - 1"", ""pct"": 10.68}, {""score"": ""1 - 2"", ""pct"": 8.780000000000001}]"
United States,Canada,United States,1.29,1.345,35.1,27.4,37.5,35.1,6.2,7.6,37.3,6.2,7.6,48.9,51.1,"[{""score"": ""1 - 1"", ""pct"": 12.379999999999999}, {""score"": ""0 - 1"", ""pct"": 9.69}, {""score"": ""1 - 0"", ""pct"": 9.09}]"
United States,Argentina,United States,0.822,1.68,16.7,25.9,57.4,16.9,3.5,4.4,58.3,7.8,9.0,24.8,75.2,"[{""score"": ""0 - 1"", ""pct"": 13.68}, {""score"": ""1 - 1"", ""pct"": 11.49}, {""score"": ""0 - 2"", ""pct"": 11.450000000000001}]"
United States,Tunisia,United States,1.742,0.927,57.9,23.7,18.4,56.3,7.6,8.7,18.9,3.8,4.8,72.6,27.4,"[{""score"": ""1 - 0"", ""pct"": 12.55}, {""score"": ""1 - 1"", ""pct"": 10.58}, {""score"": ""2 - 0"", ""pct"": 10.4}]"
United States,Brazil,United States,1.186,1.771,24.1,24.2,51.7,24.3,4.4,5.4,50.5,7.7,7.7,34.1,65.9,"[{""score"": ""1 - 1"", ""pct"": 11.14}, {""score"": ""1 - 2"", ""pct"": 9.67}, {""score"": ""0 - 1"", ""pct"": 9.66}]"
United States,Iraq,United States,1.706,0.89,56.7,25.2,18.1,56.0,7.4,8.9,19.0,3.6,5.0,72.4,27.6,"[{""score"": ""1 - 0"", ""pct"": 13.11}, {""score"": ""1 - 1"", ""pct"": 11.41}, {""score"": ""2 - 0"", ""pct"": 10.25}]"
United States,Sweden,United States,1.898,0.939,60.0,22.6,17.4,60.7,7.4,8.0,16.7,3.1,4.1,76.1,23.9,"[{""score"": ""1 - 0"", ""pct"": 11.62}, {""score"": ""2 - 0"", ""pct"": 10.72}, {""score"": ""1 - 1"", ""pct"": 10.16}]"
United States,Senegal,United States,1.334,1.414,34.6,27.0,38.5,34.2,5.8,7.2,39.2,5.9,7.7,47.2,52.8,"[{""score"": ""1 - 1"", ""pct"": 11.940000000000001}, {""score"": ""0 - 1"", ""pct"": 9.2}, {""score"": ""1 - 0"", ""pct"": 8.63}]"
United States,Spain,United States,0.872,1.702,18.5,24.8,56.7,17.8,3.6,4.8,56.9,7.6,9.2,26.2,73.8,"[{""score"": ""0 - 1"", ""pct"": 12.809999999999999}, {""score"": ""1 - 1"", ""pct"": 11.03}, {""score"": ""0 - 2"", ""pct"": 10.99}]"
United States,Paraguay,United States,1.31,1.355,35.1,27.2,37.7,35.6,5.8,7.4,37.6,6.1,7.6,48.8,51.2,"[{""score"": ""1 - 1"", ""pct"": 11.81}, {""score"": ""1 - 0"", ""pct"": 9.45}, {""score"": ""0 - 1"", ""pct"": 9.43}]"
United States,New Zealand,United States,1.86,0.944,57.7,23.9,18.4,59.3,7.6,7.8,17.5,3.5,4.3,74.7,25.3,"[{""score"": ""1 - 0"", ""pct"": 11.92}, {""score"": ""1 - 1"", ""pct"": 10.870000000000001}, {""score"": ""2 - 1"", ""pct"": 9.62}]"
United States,Qatar,United States,2.38,0.622,76.7,15.9,7.4,76.2,7.1,6.5,7.1,1.5,1.6,89.7,10.3,"[{""score"": ""2 - 0"", ""pct"": 13.54}, {""score"": ""1 - 0"", ""pct"": 12.76}, {""score"": ""3 - 0"", ""pct"": 10.75}]"
United States,Norway,United States,1.291,1.46,32.2,27.2,40.6,32.5,5.6,7.4,40.6,6.4,7.5,45.5,54.5,"[{""score"": ""1 - 1"", ""pct"": 12.41}, {""score"": ""0 - 1"", ""pct"": 9.93}, {""score"": ""1 - 2"", ""pct"": 8.89}]"
United States,Bosnia and Herzegovina,United States,2.191,0.712,72.6,17.6,9.9,71.2,6.9,7.1,10.5,2.0,2.3,85.2,14.7,"[{""score"": ""1 - 0"", ""pct"": 13.530000000000001}, {""score"": ""2 - 0"", ""pct"": 13.18}, {""score"": ""2 - 1"", ""pct"": 9.54}]"
United States,Curaçao,United States,2.206,0.78,70.9,18.7,10.4,70.4,7.4,7.2,10.4,2.1,2.6,85.0,15.0,"[{""score"": ""2 - 0"", ""pct"": 12.61}, {""score"": ""1 - 0"", ""pct"": 11.52}, {""score"": ""2 - 1"", ""pct"": 9.56}]"
United States,Belgium,United States,1.305,1.47,32.9,26.4,40.7,32.9,5.7,6.2,41.0,6.7,7.5,44.8,55.2,"[{""score"": ""1 - 1"", ""pct"": 12.11}, {""score"": ""0 - 1"", ""pct"": 9.87}, {""score"": ""1 - 2"", ""pct"": 8.469999999999999}]"
United States,Switzerland,United States,1.29,1.458,32.7,26.8,40.6,32.9,5.9,6.3,40.6,6.5,7.8,45.0,55.0,"[{""score"": ""1 - 1"", ""pct"": 12.29}, {""score"": ""0 - 1"", ""pct"": 9.53}, {""score"": ""1 - 0"", ""pct"": 8.49}]"
United States,Germany,United States,1.278,1.652,28.3,25.6,46.0,29.6,4.7,5.7,46.1,6.8,7.2,40.0,60.0,"[{""score"": ""1 - 1"", ""pct"": 11.5}, {""score"": ""0 - 1"", ""pct"": 9.26}, {""score"": ""1 - 2"", ""pct"": 9.09}]"
United States,Egypt,United States,1.462,1.079,45.1,27.8,27.1,46.5,6.6,9.0,26.3,4.7,7.0,62.0,38.0,"[{""score"": ""1 - 1"", ""pct"": 12.27}, {""score"": ""1 - 0"", ""pct"": 11.67}, {""score"": ""0 - 0"", ""pct"": 9.36}]"
United States,Jordan,United States,1.627,1.186,47.6,25.1,27.3,47.9,7.3,8.2,25.9,4.9,5.8,63.5,36.5,"[{""score"": ""1 - 1"", ""pct"": 11.63}, {""score"": ""1 - 0"", ""pct"": 10.530000000000001}, {""score"": ""2 - 1"", ""pct"": 9.21}]"
United States,South Africa,United States,1.941,0.929,61.3,22.4,16.2,61.7,7.5,8.0,16.2,3.0,3.5,77.3,22.7,"[{""score"": ""1 - 0"", ""pct"": 11.32}, {""score"": ""2 - 0"", ""pct"": 10.77}, {""score"": ""1 - 1"", ""pct"": 10.17}]"
United States,Croatia,United States,1.293,1.418,34.1,26.8,39.1,33.2,5.9,7.2,40.1,6.1,7.4,46.3,53.7,"[{""score"": ""1 - 1"", ""pct"": 12.31}, {""score"": ""0 - 1"", ""pct"": 9.47}, {""score"": ""1 - 0"", ""pct"": 8.99}]"
United States,Haiti,United States,1.803,0.946,57.0,24.4,18.6,58.2,8.0,8.2,18.0,3.2,4.4,74.4,25.6,"[{""score"": ""1 - 0"", ""pct"": 11.55}, {""score"": ""1 - 1"", ""pct"": 10.94}, {""score"": ""2 - 0"", ""pct"": 10.59}]"
United States,Uruguay,United States,1.265,1.373,33.5,28.1,38.4,34.0,6.2,7.2,38.6,6.2,8.0,47.3,52.7,"[{""score"": ""1 - 1"", ""pct"": 12.559999999999999}, {""score"": ""0 - 1"", ""pct"": 9.87}, {""score"": ""1 - 0"", ""pct"": 9.19}]"
United States,South Korea,United States,1.297,1.421,32.9,27.6,39.6,33.4,5.7,7.0,39.6,6.3,8.0,46.0,53.9,"[{""score"": ""1 - 1"", ""pct"": 12.58}, {""score"": ""0 - 1"", ""pct"": 9.93}, {""score"": ""1 - 2"", ""pct"": 8.57}]"
United States,Australia,United States,1.296,1.377,35.3,27.1,37.6,35.4,5.9,7.4,37.9,5.9,7.5,48.8,51.2,"[{""score"": ""1 - 1"", ""pct"": 12.509999999999998}, {""score"": ""0 - 1"", ""pct"": 9.25}, {""score"": ""1 - 0"", ""pct"": 9.24}]"
United States,Czech Republic,United States,1.666,1.073,50.8,25.4,23.8,50.7,7.6,8.6,23.6,4.0,5.4,67.0,33.0,"[{""score"": ""1 - 1"", ""pct"": 11.450000000000001}, {""score"": ""1 - 0"", ""pct"": 10.89}, {""score"": ""2 - 1"", ""pct"": 9.700000000000001}]"
United States,Cape Verde,United States,2.111,0.805,67.7,19.9,12.4,68.5,7.5,7.4,11.9,2.2,2.5,83.4,16.6,"[{""score"": ""1 - 0"", ""pct"": 11.690000000000001}, {""score"": ""2 - 0"", ""pct"": 11.68}, {""score"": ""2 - 1"", ""pct"": 10.13}]"
United States,Ghana,United States,2.06,0.709,68.9,20.3,10.8,69.2,7.4,7.8,11.0,1.9,2.7,84.4,15.6,"[{""score"": ""1 - 0"", ""pct"": 13.33}, {""score"": ""2 - 0"", ""pct"": 12.97}, {""score"": ""2 - 1"", ""pct"": 9.33}]"
United States,Netherlands,United States,1.258,1.444,31.9,26.7,41.4,32.2,5.9,7.1,40.8,6.7,7.4,45.1,54.9,"[{""score"": ""1 - 1"", ""pct"": 12.11}, {""score"": ""0 - 1"", ""pct"": 9.89}, {""score"": ""1 - 2"", ""pct"": 8.99}]"
United States,Ivory Coast,United States,1.49,1.165,44.6,27.0,28.3,44.1,6.7,7.9,29.8,4.9,6.6,58.7,41.3,"[{""score"": ""1 - 1"", ""pct"": 12.21}, {""score"": ""1 - 0"", ""pct"": 10.58}, {""score"": ""2 - 1"", ""pct"": 9.3}]"
United States,Scotland,United States,1.535,1.161,46.0,26.4,27.6,45.6,6.7,8.2,27.7,5.5,6.3,60.5,39.5,"[{""score"": ""1 - 1"", ""pct"": 12.22}, {""score"": ""1 - 0"", ""pct"": 10.66}, {""score"": ""2 - 1"", ""pct"": 8.959999999999999}]"
United States,Ecuador,United States,1.207,1.447,30.9,27.1,42.0,31.9,5.5,6.8,40.9,6.8,8.1,44.3,55.7,"[{""score"": ""1 - 1"", ""pct"": 12.139999999999999}, {""score"": ""0 - 1"", ""pct"": 10.31}, {""score"": ""1 - 2"", ""pct"": 9.22}]"
United States,Iran,United States,1.274,1.428,33.1,27.0,40.0,32.6,5.7,7.4,40.0,6.1,8.1,45.7,54.3,"[{""score"": ""1 - 1"", ""pct"": 11.95}, {""score"": ""0 - 1"", ""pct"": 9.44}, {""score"": ""1 - 2"", ""pct"": 8.66}]"
United States,Mexico,United States,1.184,1.465,29.5,26.8,43.7,29.9,5.2,7.0,42.8,7.1,8.1,42.0,58.0,"[{""score"": ""1 - 1"", ""pct"": 11.690000000000001}, {""score"": ""0 - 1"", ""pct"": 10.66}, {""score"": ""1 - 2"", ""pct"": 9.01}]"
United States,France,United States,1.011,1.644,22.3,25.6,52.1,22.3,4.3,5.2,51.8,7.5,8.8,31.8,68.2,"[{""score"": ""0 - 1"", ""pct"": 11.85}, {""score"": ""1 - 1"", ""pct"": 11.42}, {""score"": ""1 - 2"", ""pct"": 9.83}]"
United States,Algeria,United States,1.28,1.372,33.8,27.6,38.6,33.7,5.3,7.3,39.3,6.2,8.2,46.3,53.7,"[{""score"": ""1 - 1"", ""pct"": 12.46}, {""score"": ""0 - 1"", ""pct"": 9.25}, {""score"": ""1 - 0"", ""pct"": 9.049999999999999}]"
United States,Panama,United States,1.5,1.359,40.1,26.3,33.5,39.8,6.7,7.3,33.1,6.2,6.8,53.9,46.1,"[{""score"": ""1 - 1"", ""pct"": 12.19}, {""score"": ""1 - 0"", ""pct"": 8.780000000000001}, {""score"": ""2 - 1"", ""pct"": 8.469999999999999}]"
United States,Colombia,United States,1.181,1.651,25.5,26.2,48.3,25.9,4.6,5.9,48.5,6.8,8.3,36.3,63.7,"[{""score"": ""1 - 1"", ""pct"": 11.75}, {""score"": ""0 - 1"", ""pct"": 10.5}, {""score"": ""1 - 2"", ""pct"": 9.29}]"
United States,Portugal,United States,1.173,1.564,28.0,26.0,46.0,27.3,4.7,6.1,47.1,6.6,8.2,38.0,62.0,"[{""score"": ""1 - 1"", ""pct"": 11.86}, {""score"": ""0 - 1"", ""pct"": 10.74}, {""score"": ""1 - 2"", ""pct"": 8.74}]"
Saudi Arabia,United States,United States,0.897,1.805,17.3,23.3,59.4,16.7,3.3,4.3,59.1,7.7,8.8,24.3,75.7,"[{""score"": ""0 - 1"", ""pct"": 12.44}, {""score"": ""0 - 2"", ""pct"": 11.219999999999999}, {""score"": ""1 - 1"", ""pct"": 10.54}]"
England,United States,United States,1.628,1.128,48.9,26.6,24.5,48.9,7.4,8.3,25.1,4.8,5.5,64.6,35.4,"[{""score"": ""1 - 1"", ""pct"": 12.01}, {""score"": ""1 - 0"", ""pct"": 10.42}, {""score"": ""2 - 1"", ""pct"": 9.92}]"
Uzbekistan,United States,United States,1.298,1.381,33.7,27.7,38.6,34.4,5.6,8.0,38.2,6.4,7.5,48.0,52.0,"[{""score"": ""1 - 1"", ""pct"": 12.809999999999999}, {""score"": ""0 - 1"", ""pct"": 9.93}, {""score"": ""1 - 0"", ""pct"": 8.82}]"
Austria,United States,United States,1.277,1.388,34.2,27.5,38.4,33.8,5.4,7.2,39.0,6.3,8.3,46.4,53.6,"[{""score"": ""1 - 1"", ""pct"": 12.620000000000001}, {""score"": ""0 - 1"", ""pct"": 9.43}, {""score"": ""1 - 0"", ""pct"": 9.24}]"
Turkey,United States,United States,1.431,1.313,40.0,27.1,32.9,40.7,6.3,7.7,32.8,5.2,7.2,54.7,45.3,"[{""score"": ""1 - 1"", ""pct"": 11.68}, {""score"": ""1 - 0"", ""pct"": 9.68}, {""score"": ""2 - 1"", ""pct"": 8.780000000000001}]"
Morocco,United States,United States,1.668,1.219,47.1,25.0,28.0,47.6,7.2,7.5,27.0,4.8,6.0,62.2,37.8,"[{""score"": ""1 - 1"", ""pct"": 11.63}, {""score"": ""1 - 0"", ""pct"": 9.6}, {""score"": ""2 - 1"", ""pct"": 9.5}]"
DR Congo,United States,United States,0.854,1.455,20.4,27.5,52.1,20.9,4.0,6.5,51.3,7.5,9.8,31.4,68.6,"[{""score"": ""0 - 1"", ""pct"": 15.55}, {""score"": ""1 - 1"", ""pct"": 11.940000000000001}, {""score"": ""0 - 0"", ""pct"": 11.110000000000001}]"
Japan,United States,United States,1.52,1.188,44.6,26.5,28.9,44.8,6.9,7.7,29.3,4.8,6.3,59.5,40.5,"[{""score"": ""1 - 1"", ""pct"": 12.49}, {""score"": ""1 - 0"", ""pct"": 10.52}, {""score"": ""2 - 1"", ""pct"": 8.780000000000001}]"
Canada,United States,United States,1.345,1.29,37.8,27.5,34.7,37.2,6.3,8.1,35.1,6.0,7.3,51.6,48.4,"[{""score"": ""1 - 1"", ""pct"": 11.78}, {""score"": ""0 - 1"", ""pct"": 9.81}, {""score"": ""1 - 0"", ""pct"": 9.629999999999999}]"
Argentina,United States,United States,1.68,0.822,57.4,25.3,17.3,57.8,7.5,9.8,17.0,3.3,4.7,75.1,24.9,"[{""score"": ""1 - 0"", ""pct"": 13.83}, {""score"": ""1 - 1"", ""pct"": 11.09}, {""score"": ""2 - 0"", ""pct"": 11.05}]"
Tunisia,United States,United States,0.927,1.742,18.2,25.1,56.7,19.1,3.7,4.3,56.3,7.5,9.0,27.1,72.9,"[{""score"": ""0 - 1"", ""pct"": 12.75}, {""score"": ""1 - 1"", ""pct"": 11.32}, {""score"": ""0 - 2"", ""pct"": 10.2}]"
Brazil,United States,United States,1.771,1.186,50.4,24.5,25.1,51.1,7.3,7.8,24.1,4.4,5.3,66.2,33.8,"[{""score"": ""1 - 1"", ""pct"": 10.73}, {""score"": ""1 - 0"", ""pct"": 9.959999999999999}, {""score"": ""2 - 1"", ""pct"": 9.22}]"
Iraq,United States,United States,0.89,1.706,18.6,25.0,56.4,18.7,3.6,4.6,56.1,7.4,9.5,26.9,73.1,"[{""score"": ""0 - 1"", ""pct"": 12.98}, {""score"": ""1 - 1"", ""pct"": 11.25}, {""score"": ""0 - 2"", ""pct"": 10.31}]"
Sweden,United States,United States,0.939,1.898,17.2,22.9,59.9,17.0,3.0,4.0,60.5,7.4,8.1,24.0,76.0,"[{""score"": ""0 - 1"", ""pct"": 11.48}, {""score"": ""1 - 1"", ""pct"": 10.37}, {""score"": ""0 - 2"", ""pct"": 10.25}]"
Senegal,United States,United States,1.414,1.334,37.9,27.2,34.9,38.6,6.6,7.4,34.3,5.9,7.1,52.7,47.3,"[{""score"": ""1 - 1"", ""pct"": 12.690000000000001}, {""score"": ""1 - 0"", ""pct"": 9.15}, {""score"": ""0 - 1"", ""pct"": 8.84}]"
Spain,United States,United States,1.702,0.872,56.5,25.5,18.0,56.9,7.3,9.3,18.3,3.6,4.7,73.4,26.6,"[{""score"": ""1 - 0"", ""pct"": 13.08}, {""score"": ""1 - 1"", ""pct"": 11.959999999999999}, {""score"": ""2 - 0"", ""pct"": 10.81}]"
Paraguay,United States,United States,1.355,1.31,37.7,28.0,34.2,37.7,5.8,7.7,35.6,5.8,7.3,51.2,48.8,"[{""score"": ""1 - 1"", ""pct"": 12.53}, {""score"": ""1 - 0"", ""pct"": 9.520000000000001}, {""score"": ""0 - 1"", ""pct"": 9.39}]"
New Zealand,United States,United States,0.944,1.86,17.2,23.1,59.7,17.2,3.6,4.0,58.7,7.9,8.6,24.8,75.2,"[{""score"": ""0 - 1"", ""pct"": 11.73}, {""score"": ""1 - 1"", ""pct"": 10.549999999999999}, {""score"": ""0 - 2"", ""pct"": 10.280000000000001}]"
Qatar,United States,United States,0.622,2.38,6.6,15.7,77.6,7.0,1.3,1.5,77.6,6.5,6.1,9.8,90.2,"[{""score"": ""0 - 2"", ""pct"": 14.45}, {""score"": ""0 - 1"", ""pct"": 12.879999999999999}, {""score"": ""0 - 3"", ""pct"": 10.75}]"
Norway,United States,United States,1.46,1.291,41.0,26.8,32.2,40.1,6.3,8.1,32.9,5.7,6.9,54.5,45.5,"[{""score"": ""1 - 1"", ""pct"": 12.07}, {""score"": ""1 - 0"", ""pct"": 9.76}, {""score"": ""2 - 1"", ""pct"": 8.75}]"
Bosnia and Herzegovina,United States,United States,0.712,2.191,9.9,18.6,71.5,9.4,1.8,2.4,72.5,7.2,6.7,13.6,86.4,"[{""score"": ""0 - 2"", ""pct"": 12.98}, {""score"": ""0 - 1"", ""pct"": 12.22}, {""score"": ""1 - 2"", ""pct"": 9.67}]"
Curaçao,United States,United States,0.78,2.206,10.3,18.7,70.9,10.6,2.0,2.8,70.2,7.4,7.1,15.3,84.7,"[{""score"": ""0 - 2"", ""pct"": 12.889999999999999}, {""score"": ""0 - 1"", ""pct"": 12.120000000000001}, {""score"": ""1 - 2"", ""pct"": 9.520000000000001}]"
Belgium,United States,United States,1.47,1.305,40.5,26.8,32.7,40.4,6.6,7.7,32.7,5.6,7.0,54.6,45.4,"[{""score"": ""1 - 1"", ""pct"": 11.91}, {""score"": ""1 - 0"", ""pct"": 9.4}, {""score"": ""2 - 1"", ""pct"": 8.72}]"
Switzerland,United States,United States,1.458,1.29,40.9,26.5,32.6,40.4,6.2,7.9,32.7,5.7,7.2,54.4,45.6,"[{""score"": ""1 - 1"", ""pct"": 11.68}, {""score"": ""1 - 0"", ""pct"": 9.91}, {""score"": ""2 - 1"", ""pct"": 9.139999999999999}]"
Germany,United States,United States,1.652,1.278,45.6,25.1,29.3,45.2,6.9,7.6,29.2,5.2,6.0,59.7,40.3,"[{""score"": ""1 - 1"", ""pct"": 11.469999999999999}, {""score"": ""2 - 1"", ""pct"": 9.08}, {""score"": ""1 - 0"", ""pct"": 8.97}]"
Egypt,United States,United States,1.079,1.462,27.5,27.9,44.6,26.3,5.2,6.5,45.9,7.3,8.8,38.1,61.9,"[{""score"": ""1 - 1"", ""pct"": 12.58}, {""score"": ""0 - 1"", ""pct"": 11.81}, {""score"": ""1 - 2"", ""pct"": 9.13}]"
Jordan,United States,United States,1.186,1.627,27.3,25.3,47.4,27.5,4.5,5.4,48.1,6.5,8.1,37.4,62.6,"[{""score"": ""1 - 1"", ""pct"": 11.200000000000001}, {""score"": ""0 - 1"", ""pct"": 10.36}, {""score"": ""1 - 2"", ""pct"": 9.790000000000001}]"
South Africa,United States,United States,0.929,1.941,16.3,21.9,61.8,16.5,3.1,3.6,61.1,7.6,8.1,23.2,76.8,"[{""score"": ""0 - 1"", ""pct"": 11.67}, {""score"": ""0 - 2"", ""pct"": 10.47}, {""score"": ""1 - 2"", ""pct"": 10.02}]"
Croatia,United States,United States,1.418,1.293,40.1,26.8,33.1,39.3,6.3,8.3,32.9,5.5,7.7,53.9,46.1,"[{""score"": ""1 - 1"", ""pct"": 12.32}, {""score"": ""1 - 0"", ""pct"": 9.84}, {""score"": ""2 - 1"", ""pct"": 9.030000000000001}]"
Haiti,United States,United States,0.946,1.803,18.6,23.7,57.7,18.1,3.8,4.3,58.4,7.1,8.5,26.1,73.9,"[{""score"": ""0 - 1"", ""pct"": 11.690000000000001}, {""score"": ""1 - 1"", ""pct"": 11.31}, {""score"": ""0 - 2"", ""pct"": 10.290000000000001}]"
Uruguay,United States,United States,1.373,1.265,38.4,27.7,33.9,38.0,6.5,8.1,34.2,6.0,7.2,52.6,47.4,"[{""score"": ""1 - 1"", ""pct"": 12.45}, {""score"": ""1 - 0"", ""pct"": 9.47}, {""score"": ""0 - 1"", ""pct"": 9.07}]"
South Korea,United States,United States,1.421,1.297,39.5,26.5,34.0,40.0,6.1,7.3,33.8,5.8,7.0,53.4,46.6,"[{""score"": ""1 - 1"", ""pct"": 12.18}, {""score"": ""1 - 0"", ""pct"": 9.69}, {""score"": ""0 - 1"", ""pct"": 8.77}]"
Australia,United States,United States,1.377,1.296,38.1,26.8,35.1,38.3,6.8,7.7,33.9,5.9,7.5,52.7,47.3,"[{""score"": ""1 - 1"", ""pct"": 12.46}, {""score"": ""1 - 0"", ""pct"": 9.120000000000001}, {""score"": ""0 - 1"", ""pct"": 9.09}]"
Czech Republic,United States,United States,1.073,1.666,23.1,26.3,50.6,23.9,4.5,5.4,50.6,7.2,8.4,33.8,66.2,"[{""score"": ""1 - 1"", ""pct"": 11.97}, {""score"": ""0 - 1"", ""pct"": 10.85}, {""score"": ""1 - 2"", ""pct"": 9.69}]"
Cape Verde,United States,United States,0.805,2.111,11.9,19.6,68.5,12.4,2.1,2.6,68.5,7.0,7.4,17.2,82.8,"[{""score"": ""0 - 2"", ""pct"": 11.959999999999999}, {""score"": ""0 - 1"", ""pct"": 11.93}, {""score"": ""1 - 2"", ""pct"": 10.040000000000001}]"
Ghana,United States,United States,0.709,2.06,11.1,20.0,68.9,10.4,2.0,2.7,69.3,8.0,7.6,15.1,84.9,"[{""score"": ""0 - 1"", ""pct"": 13.77}, {""score"": ""0 - 2"", ""pct"": 12.55}, {""score"": ""1 - 2"", ""pct"": 9.700000000000001}]"
Netherlands,United States,United States,1.444,1.258,41.5,27.2,31.4,40.8,6.7,7.8,32.2,5.5,7.0,55.3,44.7,"[{""score"": ""1 - 1"", ""pct"": 11.92}, {""score"": ""1 - 0"", ""pct"": 10.040000000000001}, {""score"": ""2 - 1"", ""pct"": 8.57}]"
Ivory Coast,United States,United States,1.165,1.49,28.8,26.7,44.5,29.3,5.0,6.7,44.3,6.6,8.0,41.0,59.0,"[{""score"": ""1 - 1"", ""pct"": 12.3}, {""score"": ""0 - 1"", ""pct"": 10.54}, {""score"": ""1 - 2"", ""pct"": 9.44}]"
Scotland,United States,United States,1.161,1.535,27.7,27.1,45.2,27.8,5.1,6.5,45.3,6.9,8.5,39.3,60.7,"[{""score"": ""1 - 1"", ""pct"": 11.709999999999999}, {""score"": ""0 - 1"", ""pct"": 11.19}, {""score"": ""1 - 2"", ""pct"": 8.89}]"
Ecuador,United States,United States,1.447,1.207,43.1,26.8,30.1,42.8,6.9,8.0,30.6,5.0,6.7,57.7,42.3,"[{""score"": ""1 - 1"", ""pct"": 12.22}, {""score"": ""1 - 0"", ""pct"": 10.54}, {""score"": ""2 - 1"", ""pct"": 9.030000000000001}]"
Iran,United States,United States,1.428,1.274,39.7,27.5,32.8,40.2,6.2,7.9,32.8,5.6,7.3,54.3,45.7,"[{""score"": ""1 - 1"", ""pct"": 12.629999999999999}, {""score"": ""1 - 0"", ""pct"": 9.610000000000001}, {""score"": ""2 - 1"", ""pct"": 8.72}]"
Mexico,United States,United States,1.465,1.184,42.8,27.8,29.4,43.5,7.1,9.0,28.9,4.9,6.7,59.5,40.5,"[{""score"": ""1 - 1"", ""pct"": 12.64}, {""score"": ""1 - 0"", ""pct"": 11.14}, {""score"": ""2 - 1"", ""pct"": 9.030000000000001}]"
France,United States,United States,1.644,1.011,51.5,26.0,22.5,52.4,7.2,9.0,21.9,4.2,5.4,68.6,31.4,"[{""score"": ""1 - 1"", ""pct"": 11.86}, {""score"": ""1 - 0"", ""pct"": 11.33}, {""score"": ""2 - 0"", ""pct"": 9.790000000000001}]"
Algeria,United States,United States,1.372,1.28,37.9,28.5,33.6,38.4,6.6,8.0,34.4,5.4,7.2,53.0,47.0,"[{""score"": ""1 - 1"", ""pct"": 12.68}, {""score"": ""1 - 0"", ""pct"": 9.719999999999999}, {""score"": ""0 - 1"", ""pct"": 8.81}]"
Panama,United States,United States,1.359,1.5,34.1,25.7,40.2,34.6,5.9,6.8,38.7,6.4,7.5,47.3,52.7,"[{""score"": ""1 - 1"", ""pct"": 11.74}, {""score"": ""0 - 1"", ""pct"": 8.9}, {""score"": ""1 - 2"", ""pct"": 8.88}]"
Colombia,United States,United States,1.651,1.181,47.9,25.8,26.2,47.8,7.1,7.7,26.3,5.2,6.0,62.5,37.5,"[{""score"": ""1 - 1"", ""pct"": 11.74}, {""score"": ""1 - 0"", ""pct"": 9.93}, {""score"": ""2 - 1"", ""pct"": 9.24}]"
Portugal,United States,United States,1.564,1.173,46.6,26.8,26.6,45.8,6.6,8.8,27.7,4.8,6.2,61.3,38.7,"[{""score"": ""1 - 1"", ""pct"": 12.06}, {""score"": ""1 - 0"", ""pct"": 10.48}, {""score"": ""2 - 1"", ""pct"": 9.41}]"
Mexico,Saudi Arabia,Mexico,2.004,0.64,69.9,20.2,9.9,69.8,7.6,8.3,10.0,1.8,2.5,85.7,14.3,"[{""score"": ""1 - 0"", ""pct"": 15.36}, {""score"": ""2 - 0"", ""pct"": 14.249999999999998}, {""score"": ""2 - 1"", ""pct"": 9.33}]"
Mexico,England,Mexico,1.183,1.148,36.8,29.6,33.6,35.8,6.4,8.4,35.0,5.8,8.6,50.5,49.5,"[{""score"": ""1 - 1"", ""pct"": 13.38}, {""score"": ""1 - 0"", ""pct"": 11.92}, {""score"": ""0 - 1"", ""pct"": 10.780000000000001}]"
Mexico,Uzbekistan,Mexico,1.634,0.815,57.2,25.4,17.4,58.0,7.2,9.8,17.2,3.2,4.7,74.9,25.1,"[{""score"": ""1 - 0"", ""pct"": 14.330000000000002}, {""score"": ""1 - 1"", ""pct"": 11.68}, {""score"": ""2 - 0"", ""pct"": 11.379999999999999}]"
Mexico,Austria,Mexico,1.671,0.849,56.9,25.4,17.7,56.8,7.8,9.4,17.5,3.5,4.9,74.1,25.9,"[{""score"": ""1 - 0"", ""pct"": 13.71}, {""score"": ""2 - 0"", ""pct"": 11.06}, {""score"": ""1 - 1"", ""pct"": 10.77}]"
Mexico,Turkey,Mexico,1.508,1.012,49.1,26.7,24.3,47.9,7.4,9.6,24.5,4.5,6.1,64.9,35.1,"[{""score"": ""1 - 0"", ""pct"": 12.53}, {""score"": ""1 - 1"", ""pct"": 11.72}, {""score"": ""2 - 1"", ""pct"": 9.67}]"
Mexico,Morocco,Mexico,1.295,1.147,38.9,29.3,31.8,40.0,6.7,9.0,31.3,5.5,7.5,55.6,44.4,"[{""score"": ""1 - 1"", ""pct"": 13.55}, {""score"": ""1 - 0"", ""pct"": 11.19}, {""score"": ""0 - 0"", ""pct"": 10.040000000000001}]"
Mexico,DR Congo,Mexico,1.768,0.652,64.2,23.2,12.6,64.4,7.8,9.8,11.7,2.4,3.8,82.1,17.9,"[{""score"": ""1 - 0"", ""pct"": 16.14}, {""score"": ""2 - 0"", ""pct"": 13.34}, {""score"": ""0 - 0"", ""pct"": 9.969999999999999}]"
Mexico,Japan,Mexico,1.266,1.144,39.2,29.0,31.8,38.9,6.6,9.1,31.8,5.9,7.8,54.6,45.4,"[{""score"": ""1 - 1"", ""pct"": 12.91}, {""score"": ""1 - 0"", ""pct"": 11.35}, {""score"": ""0 - 1"", ""pct"": 10.16}]"
Mexico,Canada,Mexico,1.597,0.866,53.9,26.2,19.9,53.8,7.6,10.4,18.7,4.0,5.4,71.8,28.2,"[{""score"": ""1 - 0"", ""pct"": 13.530000000000001}, {""score"": ""1 - 1"", ""pct"": 11.78}, {""score"": ""2 - 0"", ""pct"": 10.33}]"
Mexico,Argentina,Mexico,1.075,1.3,29.6,28.3,42.1,29.7,5.7,7.8,41.0,6.8,9.1,43.2,56.8,"[{""score"": ""0 - 1"", ""pct"": 12.41}, {""score"": ""1 - 1"", ""pct"": 11.89}, {""score"": ""0 - 0"", ""pct"": 10.870000000000001}]"
Mexico,Tunisia,Mexico,1.905,0.666,67.2,20.9,11.8,67.0,7.8,8.4,11.5,2.1,3.2,83.2,16.8,"[{""score"": ""1 - 0"", ""pct"": 14.57}, {""score"": ""2 - 0"", ""pct"": 13.77}, {""score"": ""1 - 1"", ""pct"": 9.2}]"
Mexico,Brazil,Mexico,1.301,1.209,39.5,27.9,32.6,38.2,6.1,8.5,33.5,6.0,7.8,52.7,47.3,"[{""score"": ""1 - 1"", ""pct"": 12.73}, {""score"": ""1 - 0"", ""pct"": 11.01}, {""score"": ""0 - 1"", ""pct"": 9.68}]"
Mexico,Iraq,Mexico,1.814,0.648,66.1,22.2,11.7,65.2,8.0,9.1,12.3,2.2,3.3,82.2,17.8,"[{""score"": ""1 - 0"", ""pct"": 16.650000000000002}, {""score"": ""2 - 0"", ""pct"": 13.88}, {""score"": ""1 - 1"", ""pct"": 9.92}]"
Mexico,Sweden,Mexico,2.128,0.69,71.2,18.9,9.8,71.5,6.9,7.4,10.1,1.9,2.2,85.8,14.2,"[{""score"": ""2 - 0"", ""pct"": 13.68}, {""score"": ""1 - 0"", ""pct"": 13.530000000000001}, {""score"": ""3 - 0"", ""pct"": 9.1}]"
Mexico,Senegal,Mexico,1.553,0.976,50.9,26.6,22.5,50.8,7.4,9.0,22.8,4.1,5.9,67.2,32.8,"[{""score"": ""1 - 0"", ""pct"": 12.33}, {""score"": ""1 - 1"", ""pct"": 11.91}, {""score"": ""2 - 0"", ""pct"": 9.51}]"
Mexico,Spain,Mexico,1.118,1.328,30.9,28.3,40.8,30.1,5.7,7.4,41.5,6.6,8.8,43.2,56.8,"[{""score"": ""1 - 1"", ""pct"": 12.08}, {""score"": ""0 - 1"", ""pct"": 11.64}, {""score"": ""0 - 0"", ""pct"": 9.98}]"
Mexico,Paraguay,Mexico,1.69,0.878,55.9,25.5,18.6,57.7,7.2,9.6,17.5,3.4,4.5,74.5,25.5,"[{""score"": ""1 - 0"", ""pct"": 13.15}, {""score"": ""1 - 1"", ""pct"": 11.15}, {""score"": ""2 - 0"", ""pct"": 10.58}]"
Mexico,New Zealand,Mexico,2.133,0.657,72.4,18.2,9.3,70.9,7.4,7.8,9.5,2.0,2.4,86.1,13.9,"[{""score"": ""2 - 0"", ""pct"": 14.280000000000001}, {""score"": ""1 - 0"", ""pct"": 13.87}, {""score"": ""3 - 0"", ""pct"": 9.180000000000001}]"
Mexico,Qatar,Mexico,2.712,0.455,85.0,11.5,3.6,84.8,5.4,4.7,3.7,0.6,0.7,94.9,5.1,"[{""score"": ""2 - 0"", ""pct"": 15.5}, {""score"": ""3 - 0"", ""pct"": 14.04}, {""score"": ""1 - 0"", ""pct"": 11.44}]"
Mexico,Norway,Mexico,1.462,1.015,47.5,27.7,24.9,47.1,6.9,9.2,25.8,4.6,6.4,63.2,36.8,"[{""score"": ""1 - 1"", ""pct"": 13.020000000000001}, {""score"": ""1 - 0"", ""pct"": 12.18}, {""score"": ""2 - 1"", ""pct"": 9.53}]"
Mexico,Bosnia and Herzegovina,Mexico,2.406,0.548,79.5,14.7,5.9,79.7,6.1,6.2,5.6,1.1,1.3,91.9,8.1,"[{""score"": ""2 - 0"", ""pct"": 14.719999999999999}, {""score"": ""1 - 0"", ""pct"": 13.139999999999999}, {""score"": ""3 - 0"", ""pct"": 12.55}]"
Mexico,Curaçao,Mexico,2.392,0.602,77.9,15.7,6.5,77.3,6.3,6.4,7.2,1.4,1.4,90.0,10.0,"[{""score"": ""2 - 0"", ""pct"": 14.360000000000001}, {""score"": ""1 - 0"", ""pct"": 12.35}, {""score"": ""3 - 0"", ""pct"": 11.469999999999999}]"
Mexico,Belgium,Mexico,1.491,1.006,48.3,27.1,24.6,48.3,7.0,8.9,24.5,4.7,6.6,64.3,35.7,"[{""score"": ""1 - 0"", ""pct"": 12.7}, {""score"": ""1 - 1"", ""pct"": 12.34}, {""score"": ""2 - 1"", ""pct"": 9.520000000000001}]"
Mexico,Switzerland,Mexico,1.662,0.953,54.4,25.0,20.6,53.9,7.9,9.0,20.3,3.7,5.2,70.7,29.3,"[{""score"": ""1 - 0"", ""pct"": 13.04}, {""score"": ""1 - 1"", ""pct"": 11.450000000000001}, {""score"": ""2 - 1"", ""pct"": 9.83}]"
Mexico,Germany,Mexico,1.443,1.084,45.0,28.0,27.1,44.8,6.6,9.1,27.3,5.3,6.8,60.5,39.5,"[{""score"": ""1 - 1"", ""pct"": 12.46}, {""score"": ""1 - 0"", ""pct"": 11.84}, {""score"": ""2 - 1"", ""pct"": 9.26}]"
Mexico,Egypt,Mexico,1.794,0.745,62.9,23.0,14.1,63.2,7.8,9.3,13.5,2.6,3.6,80.2,19.8,"[{""score"": ""1 - 0"", ""pct"": 14.360000000000001}, {""score"": ""2 - 0"", ""pct"": 12.31}, {""score"": ""1 - 1"", ""pct"": 10.13}]"
Mexico,Jordan,Mexico,1.882,0.843,61.2,23.3,15.5,62.6,7.4,8.6,14.5,3.1,3.7,78.6,21.4,"[{""score"": ""1 - 0"", ""pct"": 12.47}, {""score"": ""2 - 0"", ""pct"": 11.51}, {""score"": ""1 - 1"", ""pct"": 10.209999999999999}]"
Mexico,South Africa,Mexico,2.086,0.599,73.2,18.7,8.2,72.9,7.0,7.9,8.1,1.7,2.5,87.7,12.3,"[{""score"": ""2 - 0"", ""pct"": 15.25}, {""score"": ""1 - 0"", ""pct"": 14.6}, {""score"": ""3 - 0"", ""pct"": 9.62}]"
Mexico,Croatia,Mexico,1.459,0.99,48.0,27.9,24.0,47.8,6.9,9.5,25.2,4.2,6.3,64.2,35.8,"[{""score"": ""1 - 0"", ""pct"": 12.790000000000001}, {""score"": ""1 - 1"", ""pct"": 12.75}, {""score"": ""2 - 1"", ""pct"": 9.55}]"
Mexico,Haiti,Mexico,2.042,0.692,69.2,20.2,10.6,68.2,7.2,8.4,11.1,2.4,2.7,83.8,16.2,"[{""score"": ""1 - 0"", ""pct"": 14.16}, {""score"": ""2 - 0"", ""pct"": 13.459999999999999}, {""score"": ""2 - 1"", ""pct"": 9.120000000000001}]"
Mexico,United States,Mexico,1.774,0.857,59.4,23.8,16.7,59.2,7.6,9.1,17.0,3.1,4.0,75.9,24.1,"[{""score"": ""1 - 0"", ""pct"": 12.879999999999999}, {""score"": ""2 - 0"", ""pct"": 10.76}, {""score"": ""1 - 1"", ""pct"": 10.69}]"
Mexico,Uruguay,Mexico,1.35,0.981,44.3,29.2,26.5,44.8,6.7,10.2,25.8,5.1,7.4,61.7,38.4,"[{""score"": ""1 - 1"", ""pct"": 13.15}, {""score"": ""1 - 0"", ""pct"": 13.05}, {""score"": ""0 - 0"", ""pct"": 10.620000000000001}]"
Mexico,South Korea,Mexico,1.558,0.963,50.0,27.7,22.4,51.5,7.3,9.3,22.5,3.9,5.5,68.1,31.9,"[{""score"": ""1 - 1"", ""pct"": 12.82}, {""score"": ""1 - 0"", ""pct"": 12.740000000000002}, {""score"": ""0 - 0"", ""pct"": 9.27}]"
Mexico,Australia,Mexico,1.468,0.935,48.9,27.8,23.3,49.6,7.3,10.1,22.5,4.4,6.1,67.0,33.0,"[{""score"": ""1 - 0"", ""pct"": 13.62}, {""score"": ""1 - 1"", ""pct"": 12.509999999999998}, {""score"": ""0 - 0"", ""pct"": 10.040000000000001}]"
Mexico,Czech Republic,Mexico,1.928,0.713,65.0,22.9,12.1,66.8,7.5,8.4,12.0,2.2,3.1,82.7,17.3,"[{""score"": ""1 - 0"", ""pct"": 13.719999999999999}, {""score"": ""2 - 0"", ""pct"": 13.38}, {""score"": ""1 - 1"", ""pct"": 10.290000000000001}]"
Mexico,Cape Verde,Mexico,2.164,0.639,73.6,17.9,8.5,72.8,6.9,7.4,8.6,1.8,2.5,87.1,12.9,"[{""score"": ""1 - 0"", ""pct"": 13.88}, {""score"": ""2 - 0"", ""pct"": 13.55}, {""score"": ""3 - 0"", ""pct"": 10.26}]"
Mexico,Ghana,Mexico,2.183,0.571,74.6,18.1,7.3,75.9,6.6,7.2,6.9,1.6,1.9,89.7,10.3,"[{""score"": ""2 - 0"", ""pct"": 14.6}, {""score"": ""1 - 0"", ""pct"": 14.37}, {""score"": ""3 - 0"", ""pct"": 11.14}]"
Mexico,Netherlands,Mexico,1.354,1.044,42.6,29.3,28.1,43.4,7.1,9.4,27.5,5.3,7.3,59.9,40.1,"[{""score"": ""1 - 1"", ""pct"": 12.94}, {""score"": ""1 - 0"", ""pct"": 12.22}, {""score"": ""0 - 0"", ""pct"": 10.24}]"
Mexico,Ivory Coast,Mexico,1.778,0.845,60.3,24.0,15.7,59.6,7.6,8.8,16.4,3.2,4.4,76.0,24.0,"[{""score"": ""1 - 0"", ""pct"": 13.350000000000001}, {""score"": ""2 - 0"", ""pct"": 11.219999999999999}, {""score"": ""1 - 1"", ""pct"": 10.86}]"
Mexico,Scotland,Mexico,1.832,0.851,62.1,22.2,15.7,61.8,7.2,8.8,15.0,3.0,4.2,77.8,22.2,"[{""score"": ""1 - 0"", ""pct"": 12.709999999999999}, {""score"": ""2 - 0"", ""pct"": 11.23}, {""score"": ""2 - 1"", ""pct"": 10.299999999999999}]"
Mexico,Ecuador,Mexico,1.294,1.01,42.9,29.5,27.6,42.2,6.8,10.0,27.8,5.1,8.2,58.9,41.1,"[{""score"": ""1 - 0"", ""pct"": 12.86}, {""score"": ""1 - 1"", ""pct"": 12.659999999999998}, {""score"": ""0 - 0"", ""pct"": 11.21}]"
Mexico,Iran,Mexico,1.438,0.977,47.9,27.9,24.3,47.3,7.6,9.9,24.5,4.5,6.2,64.8,35.2,"[{""score"": ""1 - 0"", ""pct"": 12.920000000000002}, {""score"": ""1 - 1"", ""pct"": 12.32}, {""score"": ""0 - 0"", ""pct"": 10.11}]"
Mexico,France,Mexico,1.258,1.202,36.8,28.8,34.4,37.7,6.4,8.4,33.6,5.7,8.1,52.5,47.5,"[{""score"": ""1 - 1"", ""pct"": 12.67}, {""score"": ""0 - 1"", ""pct"": 10.75}, {""score"": ""1 - 0"", ""pct"": 10.75}]"
Mexico,Algeria,Mexico,1.583,0.942,51.9,26.5,21.6,52.6,7.5,9.1,21.1,4.0,5.6,69.2,30.8,"[{""score"": ""1 - 0"", ""pct"": 13.34}, {""score"": ""1 - 1"", ""pct"": 12.08}, {""score"": ""2 - 1"", ""pct"": 9.629999999999999}]"
Mexico,Panama,Mexico,1.79,0.872,59.2,23.9,16.8,59.0,7.6,8.8,17.0,3.1,4.4,75.5,24.5,"[{""score"": ""1 - 0"", ""pct"": 13.3}, {""score"": ""1 - 1"", ""pct"": 11.16}, {""score"": ""2 - 0"", ""pct"": 11.0}]"
Mexico,Colombia,Mexico,1.297,1.161,38.9,29.0,32.1,38.8,6.3,8.6,31.9,6.3,8.2,53.7,46.3,"[{""score"": ""1 - 1"", ""pct"": 13.0}, {""score"": ""1 - 0"", ""pct"": 11.03}, {""score"": ""0 - 1"", ""pct"": 9.82}]"
Mexico,Portugal,Mexico,1.307,1.183,39.5,27.9,32.6,38.5,6.3,8.5,33.5,5.5,7.7,53.4,46.6,"[{""score"": ""1 - 1"", ""pct"": 12.690000000000001}, {""score"": ""1 - 0"", ""pct"": 11.67}, {""score"": ""0 - 1"", ""pct"": 9.62}]"
Saudi Arabia,Mexico,Mexico,0.64,2.004,9.8,19.9,70.3,9.9,2.2,2.9,69.5,7.1,8.3,15.1,84.9,"[{""score"": ""0 - 1"", ""pct"": 15.5}, {""score"": ""0 - 2"", ""pct"": 14.399999999999999}, {""score"": ""0 - 3"", ""pct"": 9.2}]"
England,Mexico,Mexico,1.148,1.183,34.3,29.8,35.9,34.2,5.7,8.4,36.0,6.4,9.3,48.3,51.7,"[{""score"": ""1 - 1"", ""pct"": 13.750000000000002}, {""score"": ""1 - 0"", ""pct"": 11.74}, {""score"": ""0 - 1"", ""pct"": 11.57}]"
Uzbekistan,Mexico,Mexico,0.815,1.634,17.9,25.2,56.9,17.8,3.2,4.8,56.4,7.9,10.0,25.8,74.2,"[{""score"": ""0 - 1"", ""pct"": 14.92}, {""score"": ""1 - 1"", ""pct"": 11.21}, {""score"": ""0 - 2"", ""pct"": 10.93}]"
Austria,Mexico,Mexico,0.849,1.671,17.7,25.1,57.1,17.9,3.4,4.7,56.4,7.8,9.7,26.0,74.0,"[{""score"": ""0 - 1"", ""pct"": 13.44}, {""score"": ""1 - 1"", ""pct"": 11.4}, {""score"": ""0 - 2"", ""pct"": 10.52}]"
Turkey,Mexico,Mexico,1.012,1.508,23.8,26.8,49.5,24.2,4.5,6.2,48.3,7.6,9.1,35.0,65.0,"[{""score"": ""0 - 1"", ""pct"": 12.98}, {""score"": ""1 - 1"", ""pct"": 11.82}, {""score"": ""1 - 2"", ""pct"": 9.71}]"
Morocco,Mexico,Mexico,1.147,1.295,32.1,29.0,38.9,32.7,5.6,7.3,39.1,6.7,8.6,45.6,54.4,"[{""score"": ""1 - 1"", ""pct"": 13.62}, {""score"": ""0 - 1"", ""pct"": 11.18}, {""score"": ""1 - 0"", ""pct"": 10.15}]"
DR Congo,Mexico,Mexico,0.652,1.768,12.0,22.8,65.2,10.7,2.4,3.8,64.8,8.3,9.9,16.9,83.1,"[{""score"": ""0 - 1"", ""pct"": 16.689999999999998}, {""score"": ""0 - 2"", ""pct"": 13.62}, {""score"": ""0 - 0"", ""pct"": 9.68}]"
Japan,Mexico,Mexico,1.144,1.266,32.5,28.8,38.7,33.0,5.5,7.8,38.2,6.5,9.1,46.3,53.7,"[{""score"": ""1 - 1"", ""pct"": 13.309999999999999}, {""score"": ""0 - 1"", ""pct"": 11.21}, {""score"": ""1 - 0"", ""pct"": 10.75}]"
Canada,Mexico,Mexico,0.866,1.597,19.5,26.3,54.2,19.4,4.1,5.7,53.9,7.4,9.6,29.2,70.9,"[{""score"": ""0 - 1"", ""pct"": 13.719999999999999}, {""score"": ""1 - 1"", ""pct"": 11.52}, {""score"": ""0 - 2"", ""pct"": 10.059999999999999}]"
Argentina,Mexico,Mexico,1.3,1.075,41.4,28.3,30.3,41.4,6.6,9.2,29.5,5.5,7.8,57.2,42.8,"[{""score"": ""1 - 1"", ""pct"": 12.809999999999999}, {""score"": ""1 - 0"", ""pct"": 12.58}, {""score"": ""0 - 1"", ""pct"": 10.09}]"
Tunisia,Mexico,Mexico,0.666,1.905,11.1,22.0,66.9,10.8,2.1,3.2,66.8,8.1,9.1,16.0,84.0,"[{""score"": ""0 - 1"", ""pct"": 15.459999999999999}, {""score"": ""0 - 2"", ""pct"": 13.420000000000002}, {""score"": ""1 - 1"", ""pct"": 9.77}]"
Brazil,Mexico,Mexico,1.209,1.301,34.0,28.0,38.0,32.6,5.7,8.0,38.8,6.5,8.4,46.3,53.6,"[{""score"": ""1 - 1"", ""pct"": 12.41}, {""score"": ""0 - 1"", ""pct"": 10.72}, {""score"": ""1 - 0"", ""pct"": 10.23}]"
Iraq,Mexico,Mexico,0.648,1.814,12.1,22.9,65.0,11.3,2.5,3.4,65.5,7.7,9.7,17.2,82.8,"[{""score"": ""0 - 1"", ""pct"": 15.9}, {""score"": ""0 - 2"", ""pct"": 13.639999999999999}, {""score"": ""1 - 1"", ""pct"": 10.18}]"
Sweden,Mexico,Mexico,0.69,2.128,9.6,18.8,71.5,9.3,1.9,2.5,71.9,7.5,7.0,13.7,86.3,"[{""score"": ""0 - 1"", ""pct"": 13.600000000000001}, {""score"": ""0 - 2"", ""pct"": 12.950000000000001}, {""score"": ""1 - 2"", ""pct"": 9.629999999999999}]"
Senegal,Mexico,Mexico,0.976,1.553,22.0,26.5,51.5,21.9,4.4,6.2,51.5,7.0,9.1,32.5,67.5,"[{""score"": ""0 - 1"", ""pct"": 13.120000000000001}, {""score"": ""1 - 1"", ""pct"": 12.5}, {""score"": ""0 - 2"", ""pct"": 9.56}]"
Spain,Mexico,Mexico,1.328,1.118,41.4,28.1,30.4,40.7,6.6,9.1,30.2,5.7,7.7,56.4,43.6,"[{""score"": ""1 - 1"", ""pct"": 12.659999999999998}, {""score"": ""1 - 0"", ""pct"": 11.61}, {""score"": ""0 - 1"", ""pct"": 9.51}]"
Paraguay,Mexico,Mexico,0.878,1.69,18.6,24.5,56.9,16.9,3.3,5.4,57.6,7.6,9.2,25.6,74.4,"[{""score"": ""0 - 1"", ""pct"": 13.700000000000001}, {""score"": ""1 - 1"", ""pct"": 11.0}, {""score"": ""0 - 2"", ""pct"": 10.32}]"
New Zealand,Mexico,Mexico,0.657,2.133,8.9,18.7,72.4,9.2,1.4,2.4,72.2,7.3,7.6,12.9,87.1,"[{""score"": ""0 - 1"", ""pct"": 13.819999999999999}, {""score"": ""0 - 2"", ""pct"": 13.73}, {""score"": ""0 - 3"", ""pct"": 9.969999999999999}]"
Qatar,Mexico,Mexico,0.455,2.712,3.7,11.1,85.2,3.5,0.7,1.0,84.9,5.5,4.4,5.1,94.8,"[{""score"": ""0 - 2"", ""pct"": 15.35}, {""score"": ""0 - 3"", ""pct"": 13.84}, {""score"": ""0 - 1"", ""pct"": 11.85}]"
Norway,Mexico,Mexico,1.015,1.462,25.7,27.2,47.2,25.4,4.8,6.6,47.1,6.6,9.5,36.8,63.2,"[{""score"": ""1 - 1"", ""pct"": 12.34}, {""score"": ""0 - 1"", ""pct"": 12.049999999999999}, {""score"": ""1 - 2"", ""pct"": 9.4}]"
Bosnia and Herzegovina,Mexico,Mexico,0.548,2.406,5.7,15.3,79.0,5.7,0.9,1.3,79.9,6.2,6.0,7.9,92.2,"[{""score"": ""0 - 2"", ""pct"": 15.7}, {""score"": ""0 - 1"", ""pct"": 13.07}, {""score"": ""0 - 3"", ""pct"": 11.790000000000001}]"
Curaçao,Mexico,Mexico,0.602,2.392,6.2,15.8,78.0,6.5,1.3,1.3,78.3,6.1,6.4,9.1,90.9,"[{""score"": ""0 - 2"", ""pct"": 15.17}, {""score"": ""0 - 1"", ""pct"": 12.29}, {""score"": ""0 - 3"", ""pct"": 11.360000000000001}]"
Belgium,Mexico,Mexico,1.006,1.491,24.1,27.8,48.2,24.7,4.4,6.2,48.6,6.9,9.3,35.3,64.7,"[{""score"": ""1 - 1"", ""pct"": 12.94}, {""score"": ""0 - 1"", ""pct"": 12.629999999999999}, {""score"": ""1 - 2"", ""pct"": 9.049999999999999}]"
Switzerland,Mexico,Mexico,0.953,1.662,20.2,25.2,54.6,21.0,3.9,5.5,53.4,7.3,8.9,30.4,69.6,"[{""score"": ""0 - 1"", ""pct"": 12.53}, {""score"": ""1 - 1"", ""pct"": 11.06}, {""score"": ""0 - 2"", ""pct"": 9.71}]"
Germany,Mexico,Mexico,1.084,1.443,28.0,27.3,44.7,27.5,5.0,6.8,44.5,7.3,9.1,39.2,60.8,"[{""score"": ""1 - 1"", ""pct"": 12.18}, {""score"": ""0 - 1"", ""pct"": 11.88}, {""score"": ""1 - 2"", ""pct"": 9.33}]"
Egypt,Mexico,Mexico,0.745,1.794,13.6,23.6,62.8,14.0,3.1,4.2,61.8,7.6,9.3,21.3,78.7,"[{""score"": ""0 - 1"", ""pct"": 14.37}, {""score"": ""0 - 2"", ""pct"": 12.959999999999999}, {""score"": ""1 - 1"", ""pct"": 10.48}]"
Jordan,Mexico,Mexico,0.843,1.882,15.9,22.8,61.3,15.0,3.0,3.8,61.7,7.6,8.9,21.8,78.2,"[{""score"": ""0 - 1"", ""pct"": 12.53}, {""score"": ""0 - 2"", ""pct"": 11.19}, {""score"": ""1 - 1"", ""pct"": 10.02}]"
South Africa,Mexico,Mexico,0.599,2.086,8.2,19.1,72.7,8.2,1.7,2.4,73.0,6.9,7.7,12.4,87.6,"[{""score"": ""0 - 1"", ""pct"": 15.379999999999999}, {""score"": ""0 - 2"", ""pct"": 14.85}, {""score"": ""0 - 3"", ""pct"": 9.98}]"
Croatia,Mexico,Mexico,0.99,1.459,24.8,27.9,47.3,24.2,4.8,6.9,47.3,6.9,9.8,35.9,64.1,"[{""score"": ""0 - 1"", ""pct"": 12.76}, {""score"": ""1 - 1"", ""pct"": 12.23}, {""score"": ""0 - 0"", ""pct"": 9.92}]"
Haiti,Mexico,Mexico,0.692,2.042,10.4,20.7,68.9,10.7,2.0,2.6,69.7,7.3,7.6,15.3,84.7,"[{""score"": ""0 - 1"", ""pct"": 13.19}, {""score"": ""0 - 2"", ""pct"": 12.93}, {""score"": ""1 - 2"", ""pct"": 9.71}]"
United States,Mexico,Mexico,0.857,1.774,16.6,23.9,59.5,16.9,3.3,4.6,58.7,7.5,9.1,24.7,75.3,"[{""score"": ""0 - 1"", ""pct"": 13.51}, {""score"": ""1 - 1"", ""pct"": 11.12}, {""score"": ""0 - 2"", ""pct"": 10.83}]"
Uruguay,Mexico,Mexico,0.981,1.35,26.2,29.3,44.5,26.1,4.8,7.2,44.7,6.7,10.5,38.1,61.9,"[{""score"": ""1 - 1"", ""pct"": 13.270000000000001}, {""score"": ""0 - 1"", ""pct"": 13.15}, {""score"": ""0 - 0"", ""pct"": 10.79}]"
South Korea,Mexico,Mexico,0.963,1.558,22.2,26.3,51.6,22.2,4.3,5.7,51.4,7.0,9.5,32.2,67.8,"[{""score"": ""0 - 1"", ""pct"": 13.320000000000002}, {""score"": ""1 - 1"", ""pct"": 12.049999999999999}, {""score"": ""0 - 2"", ""pct"": 9.34}]"
Australia,Mexico,Mexico,0.935,1.468,23.5,27.4,49.1,22.5,4.4,6.4,49.5,7.8,9.5,33.2,66.8,"[{""score"": ""0 - 1"", ""pct"": 13.850000000000001}, {""score"": ""1 - 1"", ""pct"": 12.32}, {""score"": ""1 - 2"", ""pct"": 9.790000000000001}]"
Czech Republic,Mexico,Mexico,0.713,1.928,11.2,21.0,67.8,11.8,2.3,3.0,66.8,7.4,8.7,17.1,82.9,"[{""score"": ""0 - 1"", ""pct"": 14.540000000000001}, {""score"": ""0 - 2"", ""pct"": 13.450000000000001}, {""score"": ""1 - 2"", ""pct"": 9.65}]"
Cape Verde,Mexico,Mexico,0.639,2.164,8.6,17.6,73.8,8.4,1.6,2.1,73.1,7.2,7.5,12.2,87.8,"[{""score"": ""0 - 2"", ""pct"": 14.530000000000001}, {""score"": ""0 - 1"", ""pct"": 13.62}, {""score"": ""0 - 3"", ""pct"": 9.99}]"
Ghana,Mexico,Mexico,0.571,2.183,7.4,17.4,75.2,6.9,1.4,1.6,75.9,6.7,7.4,9.9,90.1,"[{""score"": ""0 - 2"", ""pct"": 15.49}, {""score"": ""0 - 1"", ""pct"": 14.530000000000001}, {""score"": ""0 - 3"", ""pct"": 10.27}]"
Netherlands,Mexico,Mexico,1.044,1.354,27.7,29.1,43.2,27.7,4.8,7.3,44.0,7.0,9.2,39.8,60.2,"[{""score"": ""1 - 1"", ""pct"": 13.200000000000001}, {""score"": ""0 - 1"", ""pct"": 12.42}, {""score"": ""0 - 0"", ""pct"": 10.549999999999999}]"
Ivory Coast,Mexico,Mexico,0.845,1.778,16.3,24.0,59.7,16.8,3.0,4.2,59.0,7.8,9.2,24.0,76.0,"[{""score"": ""0 - 1"", ""pct"": 13.41}, {""score"": ""0 - 2"", ""pct"": 11.48}, {""score"": ""1 - 1"", ""pct"": 10.83}]"
Scotland,Mexico,Mexico,0.851,1.832,15.5,23.5,61.0,15.6,2.9,3.8,62.0,7.3,8.5,22.2,77.8,"[{""score"": ""0 - 1"", ""pct"": 13.200000000000001}, {""score"": ""0 - 2"", ""pct"": 10.83}, {""score"": ""1 - 1"", ""pct"": 10.8}]"
Ecuador,Mexico,Mexico,1.01,1.294,28.1,29.3,42.6,28.0,5.2,7.7,42.3,6.9,10.0,40.9,59.1,"[{""score"": ""1 - 1"", ""pct"": 13.4}, {""score"": ""0 - 1"", ""pct"": 12.98}, {""score"": ""0 - 0"", ""pct"": 10.71}]"
Iran,Mexico,Mexico,0.977,1.438,23.8,28.0,48.3,24.1,4.6,6.7,47.3,7.3,9.9,35.4,64.6,"[{""score"": ""0 - 1"", ""pct"": 13.4}, {""score"": ""1 - 1"", ""pct"": 12.55}, {""score"": ""0 - 0"", ""pct"": 10.22}]"
France,Mexico,Mexico,1.202,1.258,34.2,28.6,37.2,34.7,5.7,8.3,36.8,6.3,8.2,48.7,51.3,"[{""score"": ""1 - 1"", ""pct"": 12.68}, {""score"": ""0 - 1"", ""pct"": 10.86}, {""score"": ""1 - 0"", ""pct"": 10.059999999999999}]"
Algeria,Mexico,Mexico,0.942,1.583,20.8,26.3,52.9,21.1,4.4,5.7,51.8,7.4,9.5,31.2,68.8,"[{""score"": ""0 - 1"", ""pct"": 13.420000000000002}, {""score"": ""1 - 1"", ""pct"": 11.73}, {""score"": ""1 - 2"", ""pct"": 9.92}]"
Panama,Mexico,Mexico,0.872,1.79,16.9,23.4,59.7,17.4,3.3,4.2,58.6,7.7,8.7,25.0,75.0,"[{""score"": ""0 - 1"", ""pct"": 12.809999999999999}, {""score"": ""1 - 1"", ""pct"": 10.42}, {""score"": ""0 - 2"", ""pct"": 10.4}]"
Colombia,Mexico,Mexico,1.161,1.297,31.5,28.6,39.9,32.1,5.5,7.9,39.5,6.5,8.6,45.5,54.5,"[{""score"": ""1 - 1"", ""pct"": 12.8}, {""score"": ""0 - 1"", ""pct"": 11.61}, {""score"": ""0 - 0"", ""pct"": 9.74}]"
Portugal,Mexico,Mexico,1.183,1.307,32.7,28.2,39.1,32.7,5.5,7.8,39.5,6.1,8.3,46.0,54.0,"[{""score"": ""1 - 1"", ""pct"": 12.61}, {""score"": ""0 - 1"", ""pct"": 11.17}, {""score"": ""1 - 0"", ""pct"": 10.0}]"
Canada,Saudi Arabia,Canada,1.853,0.758,63.4,22.6,14.0,64.0,7.9,8.8,13.1,2.7,3.5,80.7,19.3,"[{""score"": ""1 - 0"", ""pct"": 14.31}, {""score"": ""2 - 0"", ""pct"": 12.389999999999999}, {""score"": ""1 - 1"", ""pct"": 9.950000000000001}]"
Canada,England,Canada,1.126,1.217,33.3,29.5,37.2,33.8,5.7,8.1,37.0,6.4,9.0,47.7,52.3,"[{""score"": ""1 - 1"", ""pct"": 13.420000000000002}, {""score"": ""0 - 1"", ""pct"": 11.66}, {""score"": ""1 - 0"", ""pct"": 10.81}]"
Canada,Uzbekistan,Canada,1.413,0.92,48.7,27.9,23.4,47.8,7.6,9.8,24.0,4.4,6.4,65.3,34.7,"[{""score"": ""1 - 0"", ""pct"": 14.45}, {""score"": ""1 - 1"", ""pct"": 12.33}, {""score"": ""0 - 0"", ""pct"": 10.65}]"
Canada,Austria,Canada,1.453,0.913,49.8,27.4,22.8,49.3,7.4,9.9,23.1,4.1,6.2,66.6,33.4,"[{""score"": ""1 - 0"", ""pct"": 13.98}, {""score"": ""1 - 1"", ""pct"": 12.02}, {""score"": ""0 - 0"", ""pct"": 9.92}]"
Canada,Turkey,Canada,1.328,1.11,41.3,28.5,30.2,40.9,7.0,8.9,30.2,5.2,7.7,56.9,43.1,"[{""score"": ""1 - 1"", ""pct"": 12.509999999999998}, {""score"": ""1 - 0"", ""pct"": 11.97}, {""score"": ""0 - 0"", ""pct"": 10.07}]"
Canada,Morocco,Canada,1.183,1.149,36.3,30.1,33.6,35.9,6.2,9.0,34.5,6.0,8.3,51.2,48.8,"[{""score"": ""1 - 1"", ""pct"": 13.350000000000001}, {""score"": ""1 - 0"", ""pct"": 11.29}, {""score"": ""0 - 0"", ""pct"": 11.129999999999999}]"
Canada,DR Congo,Canada,1.567,0.728,57.6,25.9,16.4,57.6,8.0,10.7,15.7,3.2,4.7,76.3,23.7,"[{""score"": ""1 - 0"", ""pct"": 16.75}, {""score"": ""2 - 0"", ""pct"": 12.07}, {""score"": ""1 - 1"", ""pct"": 10.99}]"
Canada,Japan,Canada,1.143,1.158,34.2,30.3,35.5,34.5,6.0,9.2,35.4,5.8,9.2,49.7,50.3,"[{""score"": ""1 - 1"", ""pct"": 13.04}, {""score"": ""0 - 1"", ""pct"": 11.97}, {""score"": ""0 - 0"", ""pct"": 11.700000000000001}]"
Canada,Argentina,Canada,0.809,1.356,21.7,29.2,49.1,22.1,3.7,6.7,49.0,7.6,10.9,32.5,67.5,"[{""score"": ""0 - 1"", ""pct"": 15.740000000000002}, {""score"": ""1 - 1"", ""pct"": 12.45}, {""score"": ""0 - 0"", ""pct"": 12.43}]"
Canada,Tunisia,Canada,1.696,0.774,59.0,25.5,15.6,59.0,7.6,9.3,16.5,3.2,4.4,75.9,24.1,"[{""score"": ""1 - 0"", ""pct"": 14.69}, {""score"": ""2 - 0"", ""pct"": 11.57}, {""score"": ""1 - 1"", ""pct"": 11.08}]"
Canada,Brazil,Canada,1.181,1.311,32.6,28.1,39.3,32.1,6.0,7.3,38.9,6.8,8.9,45.4,54.6,"[{""score"": ""1 - 1"", ""pct"": 12.72}, {""score"": ""0 - 1"", ""pct"": 11.37}, {""score"": ""1 - 0"", ""pct"": 9.520000000000001}]"
Canada,Iraq,Canada,1.644,0.754,59.0,25.0,16.1,58.3,7.2,10.6,15.6,3.5,4.8,76.1,23.9,"[{""score"": ""1 - 0"", ""pct"": 15.310000000000002}, {""score"": ""2 - 0"", ""pct"": 11.65}, {""score"": ""1 - 1"", ""pct"": 10.47}]"
Canada,Sweden,Canada,1.969,0.803,64.5,22.0,13.5,65.1,7.1,7.8,14.1,2.4,3.5,80.1,19.9,"[{""score"": ""1 - 0"", ""pct"": 13.320000000000002}, {""score"": ""2 - 0"", ""pct"": 12.09}, {""score"": ""1 - 1"", ""pct"": 10.12}]"
Canada,Senegal,Canada,1.35,1.077,43.0,28.0,29.0,43.5,6.9,9.2,28.4,4.8,7.3,59.5,40.5,"[{""score"": ""1 - 0"", ""pct"": 12.4}, {""score"": ""1 - 1"", ""pct"": 12.11}, {""score"": ""0 - 1"", ""pct"": 9.77}]"
Canada,Spain,Canada,0.856,1.398,21.4,28.8,49.8,21.4,4.5,6.5,49.0,7.9,10.8,32.4,67.6,"[{""score"": ""0 - 1"", ""pct"": 15.09}, {""score"": ""1 - 1"", ""pct"": 12.509999999999998}, {""score"": ""0 - 0"", ""pct"": 11.59}]"
Canada,Paraguay,Canada,1.332,0.982,43.4,29.0,27.6,44.3,7.0,9.8,26.4,5.1,7.4,61.1,38.9,"[{""score"": ""1 - 0"", ""pct"": 13.170000000000002}, {""score"": ""1 - 1"", ""pct"": 12.740000000000002}, {""score"": ""0 - 0"", ""pct"": 11.04}]"
Canada,New Zealand,Canada,1.954,0.772,65.0,22.0,13.0,65.5,7.7,8.9,12.4,2.3,3.2,82.1,17.9,"[{""score"": ""1 - 0"", ""pct"": 12.98}, {""score"": ""2 - 0"", ""pct"": 12.9}, {""score"": ""1 - 1"", ""pct"": 9.82}]"
Canada,Qatar,Canada,2.408,0.539,79.5,14.8,5.7,79.3,6.1,6.6,5.4,1.3,1.3,92.0,8.0,"[{""score"": ""2 - 0"", ""pct"": 15.959999999999999}, {""score"": ""1 - 0"", ""pct"": 13.120000000000001}, {""score"": ""3 - 0"", ""pct"": 11.75}]"
Canada,Norway,Canada,1.308,1.096,40.9,29.0,30.1,41.2,6.7,9.3,30.0,5.3,7.5,57.2,42.8,"[{""score"": ""1 - 1"", ""pct"": 13.38}, {""score"": ""1 - 0"", ""pct"": 11.49}, {""score"": ""0 - 0"", ""pct"": 9.790000000000001}]"
Canada,Bosnia and Herzegovina,Canada,2.118,0.58,73.6,18.6,7.7,74.4,6.9,7.3,7.6,1.7,2.2,88.6,11.4,"[{""score"": ""2 - 0"", ""pct"": 14.96}, {""score"": ""1 - 0"", ""pct"": 14.580000000000002}, {""score"": ""3 - 0"", ""pct"": 10.530000000000001}]"
Canada,Curaçao,Canada,2.226,0.644,74.2,17.4,8.4,74.6,7.0,7.1,7.7,1.7,2.0,88.7,11.3,"[{""score"": ""2 - 0"", ""pct"": 13.969999999999999}, {""score"": ""1 - 0"", ""pct"": 13.03}, {""score"": ""3 - 0"", ""pct"": 10.15}]"
Canada,Belgium,Canada,1.313,1.127,40.4,28.8,30.8,40.8,6.7,9.0,30.5,5.4,7.7,56.4,43.6,"[{""score"": ""1 - 1"", ""pct"": 12.75}, {""score"": ""1 - 0"", ""pct"": 11.700000000000001}, {""score"": ""0 - 0"", ""pct"": 9.81}]"
Canada,Switzerland,Canada,1.31,1.069,41.6,28.3,30.1,41.6,7.0,9.7,29.0,5.2,7.5,58.3,41.7,"[{""score"": ""1 - 1"", ""pct"": 12.98}, {""score"": ""1 - 0"", ""pct"": 12.17}, {""score"": ""0 - 1"", ""pct"": 10.190000000000001}]"
Canada,Germany,Canada,1.235,1.171,37.0,28.7,34.2,36.7,6.3,8.7,33.9,6.2,8.2,51.7,48.3,"[{""score"": ""1 - 1"", ""pct"": 12.870000000000001}, {""score"": ""1 - 0"", ""pct"": 11.1}, {""score"": ""0 - 1"", ""pct"": 10.91}]"
Canada,Egypt,Canada,1.586,0.807,56.0,25.7,18.4,55.6,7.4,10.0,17.9,3.6,5.5,73.1,26.9,"[{""score"": ""1 - 0"", ""pct"": 14.92}, {""score"": ""2 - 0"", ""pct"": 11.459999999999999}, {""score"": ""1 - 1"", ""pct"": 11.41}]"
Canada,Jordan,Canada,1.759,0.86,59.2,24.5,16.3,58.3,8.2,9.1,16.9,3.4,4.2,75.6,24.4,"[{""score"": ""1 - 0"", ""pct"": 13.26}, {""score"": ""1 - 1"", ""pct"": 11.35}, {""score"": ""2 - 0"", ""pct"": 10.86}]"
Canada,South Africa,Canada,1.943,0.657,68.4,20.9,10.7,67.5,7.9,8.5,11.0,2.2,2.9,83.9,16.1,"[{""score"": ""1 - 0"", ""pct"": 15.740000000000002}, {""score"": ""2 - 0"", ""pct"": 14.34}, {""score"": ""1 - 1"", ""pct"": 9.1}]"
Canada,Croatia,Canada,1.296,1.075,40.9,29.4,29.7,41.5,6.5,9.1,29.9,5.5,7.6,57.1,42.9,"[{""score"": ""1 - 1"", ""pct"": 13.07}, {""score"": ""1 - 0"", ""pct"": 12.11}, {""score"": ""0 - 0"", ""pct"": 10.51}]"
Canada,Haiti,Canada,1.827,0.809,61.9,23.1,15.0,61.3,7.6,9.2,15.1,2.9,3.8,78.1,21.9,"[{""score"": ""1 - 0"", ""pct"": 13.19}, {""score"": ""2 - 0"", ""pct"": 11.86}, {""score"": ""2 - 1"", ""pct"": 10.7}]"
Canada,United States,Canada,1.49,0.931,50.5,27.1,22.4,49.8,7.4,10.1,21.8,4.6,6.3,67.3,32.7,"[{""score"": ""1 - 0"", ""pct"": 13.65}, {""score"": ""1 - 1"", ""pct"": 12.389999999999999}, {""score"": ""2 - 0"", ""pct"": 9.8}]"
Canada,Uruguay,Canada,1.226,1.044,39.5,30.1,30.3,39.0,6.8,9.6,30.8,5.7,8.0,55.5,44.5,"[{""score"": ""1 - 1"", ""pct"": 12.989999999999998}, {""score"": ""1 - 0"", ""pct"": 12.889999999999999}, {""score"": ""0 - 0"", ""pct"": 11.87}]"
Canada,South Korea,Canada,1.329,1.037,43.8,28.2,28.0,43.0,6.8,9.7,28.1,5.0,7.4,59.5,40.5,"[{""score"": ""1 - 0"", ""pct"": 12.920000000000002}, {""score"": ""1 - 1"", ""pct"": 12.55}, {""score"": ""0 - 0"", ""pct"": 10.4}]"
Canada,Australia,Canada,1.3,1.042,42.6,28.9,28.5,41.4,6.8,9.7,29.1,5.5,7.5,57.9,42.1,"[{""score"": ""1 - 0"", ""pct"": 13.01}, {""score"": ""1 - 1"", ""pct"": 12.620000000000001}, {""score"": ""0 - 0"", ""pct"": 11.09}]"
Canada,Czech Republic,Canada,1.738,0.809,59.6,24.0,16.4,58.8,7.6,9.2,16.9,3.1,4.4,75.6,24.4,"[{""score"": ""1 - 0"", ""pct"": 14.23}, {""score"": ""2 - 0"", ""pct"": 11.59}, {""score"": ""1 - 1"", ""pct"": 10.489999999999998}]"
Canada,Cape Verde,Canada,2.049,0.687,69.5,19.9,10.6,69.7,7.3,8.1,10.1,2.2,2.5,85.1,14.9,"[{""score"": ""1 - 0"", ""pct"": 13.94}, {""score"": ""2 - 0"", ""pct"": 13.23}, {""score"": ""3 - 0"", ""pct"": 9.31}]"
Canada,Ghana,Canada,2.054,0.622,71.0,19.9,9.1,71.2,7.3,8.2,9.2,1.7,2.3,86.8,13.2,"[{""score"": ""1 - 0"", ""pct"": 14.330000000000002}, {""score"": ""2 - 0"", ""pct"": 14.2}, {""score"": ""3 - 0"", ""pct"": 9.379999999999999}]"
Canada,Netherlands,Canada,1.217,1.119,37.9,29.4,32.6,37.3,6.2,9.3,33.4,5.8,8.0,52.9,47.1,"[{""score"": ""1 - 1"", ""pct"": 13.56}, {""score"": ""1 - 0"", ""pct"": 11.95}, {""score"": ""0 - 0"", ""pct"": 10.76}]"
Canada,Ivory Coast,Canada,1.632,0.862,55.8,25.5,18.7,55.4,7.7,9.2,18.6,3.9,5.2,72.4,27.6,"[{""score"": ""1 - 0"", ""pct"": 14.16}, {""score"": ""1 - 1"", ""pct"": 11.17}, {""score"": ""2 - 0"", ""pct"": 10.59}]"
Canada,Scotland,Canada,1.681,0.866,56.9,25.1,18.0,56.7,7.6,9.4,18.2,3.4,4.7,73.7,26.3,"[{""score"": ""1 - 0"", ""pct"": 14.299999999999999}, {""score"": ""1 - 1"", ""pct"": 11.24}, {""score"": ""2 - 1"", ""pct"": 10.100000000000001}]"
Canada,Ecuador,Canada,1.17,1.041,38.1,30.1,31.8,37.6,6.6,9.9,31.4,5.8,8.7,54.0,46.0,"[{""score"": ""1 - 1"", ""pct"": 13.52}, {""score"": ""1 - 0"", ""pct"": 13.26}, {""score"": ""0 - 0"", ""pct"": 11.78}]"
Canada,Iran,Canada,1.288,1.088,40.5,29.6,29.8,41.0,7.0,9.5,29.7,5.3,7.6,57.4,42.6,"[{""score"": ""1 - 1"", ""pct"": 13.59}, {""score"": ""1 - 0"", ""pct"": 12.19}, {""score"": ""0 - 0"", ""pct"": 10.39}]"
Canada,Mexico,Canada,1.164,1.07,37.4,30.0,32.6,37.6,6.2,9.4,32.5,5.5,8.8,53.2,46.8,"[{""score"": ""1 - 1"", ""pct"": 13.25}, {""score"": ""1 - 0"", ""pct"": 12.709999999999999}, {""score"": ""0 - 1"", ""pct"": 11.65}]"
Canada,France,Canada,1.134,1.235,32.6,29.6,37.9,33.3,5.6,8.4,37.2,6.7,8.8,47.3,52.7,"[{""score"": ""1 - 1"", ""pct"": 13.05}, {""score"": ""0 - 1"", ""pct"": 11.82}, {""score"": ""0 - 0"", ""pct"": 10.69}]"
Canada,Algeria,Canada,1.259,1.036,40.1,29.8,30.1,41.4,6.3,10.0,29.4,5.3,7.6,57.7,42.3,"[{""score"": ""1 - 1"", ""pct"": 13.139999999999999}, {""score"": ""1 - 0"", ""pct"": 12.16}, {""score"": ""0 - 0"", ""pct"": 11.49}]"
Canada,Panama,Canada,1.517,0.974,49.7,27.4,22.9,50.0,7.3,9.6,22.6,4.1,6.4,66.9,33.1,"[{""score"": ""1 - 0"", ""pct"": 12.67}, {""score"": ""1 - 1"", ""pct"": 12.64}, {""score"": ""2 - 1"", ""pct"": 9.64}]"
Canada,Colombia,Canada,1.178,1.251,34.1,29.5,36.4,34.3,6.1,7.8,37.3,5.9,8.6,48.2,51.8,"[{""score"": ""1 - 1"", ""pct"": 13.65}, {""score"": ""0 - 1"", ""pct"": 10.68}, {""score"": ""1 - 0"", ""pct"": 10.56}]"
Canada,Portugal,Canada,1.189,1.211,35.2,28.4,36.4,34.4,5.5,8.8,36.1,6.4,8.7,48.8,51.2,"[{""score"": ""1 - 1"", ""pct"": 12.93}, {""score"": ""0 - 1"", ""pct"": 10.94}, {""score"": ""1 - 0"", ""pct"": 10.39}]"
Saudi Arabia,Canada,Canada,0.758,1.853,13.5,23.1,63.4,13.9,2.5,4.0,62.8,7.6,9.2,20.4,79.6,"[{""score"": ""0 - 1"", ""pct"": 14.2}, {""score"": ""0 - 2"", ""pct"": 11.68}, {""score"": ""1 - 1"", ""pct"": 10.65}]"
England,Canada,Canada,1.217,1.126,37.4,30.0,32.5,37.0,6.2,9.0,33.9,5.6,8.2,52.2,47.8,"[{""score"": ""1 - 1"", ""pct"": 13.03}, {""score"": ""1 - 0"", ""pct"": 11.62}, {""score"": ""0 - 0"", ""pct"": 11.459999999999999}]"
Uzbekistan,Canada,Canada,0.92,1.413,23.7,27.6,48.7,24.0,4.3,6.5,48.0,6.9,10.3,34.8,65.2,"[{""score"": ""0 - 1"", ""pct"": 14.13}, {""score"": ""1 - 1"", ""pct"": 12.479999999999999}, {""score"": ""0 - 0"", ""pct"": 10.23}]"
Austria,Canada,Canada,0.913,1.453,23.4,28.1,48.5,23.2,4.4,6.4,48.9,7.1,10.0,34.0,66.0,"[{""score"": ""0 - 1"", ""pct"": 13.919999999999998}, {""score"": ""1 - 1"", ""pct"": 12.4}, {""score"": ""0 - 0"", ""pct"": 10.24}]"
Turkey,Canada,Canada,1.11,1.328,29.9,28.4,41.7,30.1,5.5,7.4,41.4,6.3,9.3,43.0,57.0,"[{""score"": ""1 - 1"", ""pct"": 12.709999999999999}, {""score"": ""0 - 1"", ""pct"": 12.3}, {""score"": ""0 - 0"", ""pct"": 9.91}]"
Morocco,Canada,Canada,1.149,1.183,34.5,29.7,35.8,34.1,5.8,8.2,37.0,6.0,9.0,48.0,52.0,"[{""score"": ""1 - 1"", ""pct"": 13.33}, {""score"": ""0 - 1"", ""pct"": 11.44}, {""score"": ""1 - 0"", ""pct"": 11.24}]"
DR Congo,Canada,Canada,0.728,1.567,15.9,26.2,57.9,15.9,3.4,5.4,57.1,7.8,10.4,24.6,75.4,"[{""score"": ""0 - 1"", ""pct"": 16.56}, {""score"": ""0 - 2"", ""pct"": 12.15}, {""score"": ""1 - 1"", ""pct"": 11.43}]"
Japan,Canada,Canada,1.158,1.143,35.8,29.7,34.6,35.2,6.3,9.1,34.4,5.9,9.2,50.6,49.4,"[{""score"": ""1 - 1"", ""pct"": 13.0}, {""score"": ""1 - 0"", ""pct"": 11.959999999999999}, {""score"": ""0 - 1"", ""pct"": 11.76}]"
Argentina,Canada,Canada,1.356,0.809,49.1,29.7,21.2,49.4,7.6,11.4,20.8,4.3,6.5,68.3,31.7,"[{""score"": ""1 - 0"", ""pct"": 15.57}, {""score"": ""1 - 1"", ""pct"": 12.959999999999999}, {""score"": ""0 - 0"", ""pct"": 12.55}]"
Tunisia,Canada,Canada,0.774,1.696,15.1,25.1,59.8,15.8,2.8,4.4,59.6,7.6,9.6,23.1,76.9,"[{""score"": ""0 - 1"", ""pct"": 15.27}, {""score"": ""0 - 2"", ""pct"": 12.049999999999999}, {""score"": ""1 - 1"", ""pct"": 11.53}]"
Brazil,Canada,Canada,1.311,1.181,39.2,28.2,32.6,39.5,6.7,8.6,31.9,5.7,7.6,54.8,45.2,"[{""score"": ""1 - 1"", ""pct"": 12.879999999999999}, {""score"": ""1 - 0"", ""pct"": 11.06}, {""score"": ""0 - 1"", ""pct"": 10.61}]"
Iraq,Canada,Canada,0.754,1.644,15.5,24.7,59.8,15.7,3.1,4.6,58.1,8.5,9.9,23.5,76.6,"[{""score"": ""0 - 1"", ""pct"": 15.68}, {""score"": ""0 - 2"", ""pct"": 12.44}, {""score"": ""1 - 1"", ""pct"": 10.59}]"
Sweden,Canada,Canada,0.803,1.969,13.5,21.9,64.6,13.6,2.6,3.4,64.7,7.5,8.2,19.5,80.5,"[{""score"": ""0 - 1"", ""pct"": 12.86}, {""score"": ""0 - 2"", ""pct"": 11.62}, {""score"": ""1 - 1"", ""pct"": 9.520000000000001}]"
Senegal,Canada,Canada,1.077,1.35,29.3,28.5,42.2,28.4,5.5,7.5,42.7,6.6,9.3,41.4,58.6,"[{""score"": ""1 - 1"", ""pct"": 12.23}, {""score"": ""0 - 1"", ""pct"": 11.53}, {""score"": ""0 - 0"", ""pct"": 10.41}]"
Spain,Canada,Canada,1.398,0.856,49.0,28.3,22.7,49.4,7.5,10.7,21.9,4.1,6.6,67.5,32.5,"[{""score"": ""1 - 0"", ""pct"": 15.27}, {""score"": ""1 - 1"", ""pct"": 12.030000000000001}, {""score"": ""0 - 0"", ""pct"": 11.57}]"
Paraguay,Canada,Canada,0.982,1.332,27.4,29.8,42.7,25.9,5.0,7.4,44.4,7.2,10.1,38.3,61.7,"[{""score"": ""0 - 1"", ""pct"": 13.23}, {""score"": ""1 - 1"", ""pct"": 13.200000000000001}, {""score"": ""0 - 0"", ""pct"": 11.450000000000001}]"
New Zealand,Canada,Canada,0.772,1.954,12.8,21.7,65.5,12.2,2.6,3.2,65.7,7.5,8.7,18.1,81.9,"[{""score"": ""0 - 1"", ""pct"": 12.97}, {""score"": ""0 - 2"", ""pct"": 12.27}, {""score"": ""1 - 2"", ""pct"": 9.610000000000001}]"
Qatar,Canada,Canada,0.539,2.408,5.6,15.3,79.1,5.5,1.1,1.4,79.5,6.6,5.8,8.1,91.9,"[{""score"": ""0 - 2"", ""pct"": 15.25}, {""score"": ""0 - 1"", ""pct"": 13.62}, {""score"": ""0 - 3"", ""pct"": 11.4}]"
Norway,Canada,Canada,1.096,1.308,29.8,29.1,41.1,30.4,5.1,7.6,40.9,6.7,9.3,43.1,56.9,"[{""score"": ""1 - 1"", ""pct"": 12.75}, {""score"": ""0 - 1"", ""pct"": 12.139999999999999}, {""score"": ""0 - 0"", ""pct"": 10.32}]"
Bosnia and Herzegovina,Canada,Canada,0.58,2.118,7.8,18.3,73.9,7.9,1.5,1.9,74.2,7.0,7.5,11.3,88.7,"[{""score"": ""0 - 2"", ""pct"": 15.24}, {""score"": ""0 - 1"", ""pct"": 14.799999999999999}, {""score"": ""0 - 3"", ""pct"": 10.09}]"
Curaçao,Canada,Canada,0.644,2.226,8.3,17.6,74.0,8.1,1.6,2.1,74.2,7.0,7.0,11.8,88.2,"[{""score"": ""0 - 2"", ""pct"": 13.930000000000001}, {""score"": ""0 - 1"", ""pct"": 12.64}, {""score"": ""0 - 3"", ""pct"": 10.440000000000001}]"
Belgium,Canada,Canada,1.127,1.313,31.1,28.6,40.3,31.1,5.1,8.1,39.6,6.8,9.3,44.3,55.7,"[{""score"": ""1 - 1"", ""pct"": 12.809999999999999}, {""score"": ""0 - 1"", ""pct"": 11.39}, {""score"": ""1 - 0"", ""pct"": 10.33}]"
Switzerland,Canada,Canada,1.069,1.31,28.8,29.4,41.8,29.1,5.0,8.4,41.3,6.8,9.4,42.5,57.5,"[{""score"": ""1 - 1"", ""pct"": 13.059999999999999}, {""score"": ""0 - 1"", ""pct"": 12.19}, {""score"": ""0 - 0"", ""pct"": 10.69}]"
Germany,Canada,Canada,1.171,1.235,35.0,28.1,37.0,33.5,5.8,8.1,37.8,5.9,8.9,47.4,52.6,"[{""score"": ""1 - 1"", ""pct"": 12.790000000000001}, {""score"": ""0 - 1"", ""pct"": 11.08}, {""score"": ""1 - 0"", ""pct"": 10.43}]"
Egypt,Canada,Canada,0.807,1.586,18.1,26.6,55.3,18.1,3.5,4.5,56.0,7.5,10.5,26.1,73.9,"[{""score"": ""0 - 1"", ""pct"": 14.6}, {""score"": ""1 - 1"", ""pct"": 11.799999999999999}, {""score"": ""0 - 2"", ""pct"": 10.77}]"
Jordan,Canada,Canada,0.86,1.759,16.7,24.6,58.7,17.7,3.4,4.2,58.0,7.5,9.3,25.2,74.7,"[{""score"": ""0 - 1"", ""pct"": 13.100000000000001}, {""score"": ""1 - 1"", ""pct"": 10.91}, {""score"": ""0 - 2"", ""pct"": 10.43}]"
South Africa,Canada,Canada,0.657,1.943,11.1,21.5,67.3,10.7,2.4,2.9,67.7,7.6,8.7,15.9,84.1,"[{""score"": ""0 - 1"", ""pct"": 14.860000000000001}, {""score"": ""0 - 2"", ""pct"": 13.15}, {""score"": ""1 - 1"", ""pct"": 9.959999999999999}]"
Croatia,Canada,Canada,1.075,1.296,29.8,29.2,40.9,29.6,5.4,8.2,40.7,6.7,9.3,43.2,56.8,"[{""score"": ""1 - 1"", ""pct"": 13.420000000000002}, {""score"": ""0 - 1"", ""pct"": 12.6}, {""score"": ""1 - 0"", ""pct"": 10.54}]"
Haiti,Canada,Canada,0.809,1.827,14.6,23.6,61.8,15.6,3.0,4.1,61.1,7.6,8.6,22.7,77.3,"[{""score"": ""0 - 1"", ""pct"": 13.87}, {""score"": ""0 - 2"", ""pct"": 11.68}, {""score"": ""1 - 1"", ""pct"": 10.34}]"
United States,Canada,Canada,0.931,1.49,22.2,27.6,50.2,22.6,4.2,5.8,50.5,7.3,9.7,32.6,67.4,"[{""score"": ""0 - 1"", ""pct"": 13.56}, {""score"": ""1 - 1"", ""pct"": 12.21}, {""score"": ""0 - 0"", ""pct"": 9.87}]"
Uruguay,Canada,Canada,1.044,1.226,30.9,30.2,38.9,30.4,5.1,7.9,39.6,6.7,10.3,43.4,56.6,"[{""score"": ""1 - 1"", ""pct"": 13.58}, {""score"": ""0 - 1"", ""pct"": 12.57}, {""score"": ""0 - 0"", ""pct"": 11.53}]"
South Korea,Canada,Canada,1.037,1.329,27.5,29.0,43.5,28.3,5.5,7.5,42.2,7.1,9.3,41.3,58.7,"[{""score"": ""1 - 1"", ""pct"": 13.389999999999999}, {""score"": ""0 - 1"", ""pct"": 12.72}, {""score"": ""0 - 0"", ""pct"": 10.25}]"
Australia,Canada,Canada,1.042,1.3,29.1,29.5,41.3,29.2,5.2,7.6,41.5,6.8,9.7,42.0,58.0,"[{""score"": ""1 - 1"", ""pct"": 13.089999999999998}, {""score"": ""0 - 1"", ""pct"": 12.18}, {""score"": ""0 - 0"", ""pct"": 10.79}]"
Czech Republic,Canada,Canada,0.809,1.738,15.7,24.0,60.3,16.0,3.0,4.2,60.2,7.7,8.8,23.2,76.8,"[{""score"": ""0 - 1"", ""pct"": 14.48}, {""score"": ""0 - 2"", ""pct"": 11.74}, {""score"": ""1 - 1"", ""pct"": 10.100000000000001}]"
Cape Verde,Canada,Canada,0.687,2.049,10.2,20.0,69.8,10.0,2.1,2.9,69.8,7.1,8.2,14.9,85.1,"[{""score"": ""0 - 2"", ""pct"": 14.099999999999998}, {""score"": ""0 - 1"", ""pct"": 13.91}, {""score"": ""1 - 2"", ""pct"": 9.42}]"
Ghana,Canada,Canada,0.622,2.054,8.5,19.5,72.0,9.2,2.0,2.4,71.5,7.2,7.6,13.6,86.4,"[{""score"": ""0 - 1"", ""pct"": 15.120000000000001}, {""score"": ""0 - 2"", ""pct"": 13.88}, {""score"": ""0 - 3"", ""pct"": 9.959999999999999}]"
Netherlands,Canada,Canada,1.119,1.217,33.1,29.7,37.2,33.1,5.7,8.6,37.5,6.1,9.0,47.5,52.5,"[{""score"": ""1 - 1"", ""pct"": 13.669999999999998}, {""score"": ""0 - 1"", ""pct"": 12.02}, {""score"": ""0 - 0"", ""pct"": 10.47}]"
Ivory Coast,Canada,Canada,0.862,1.632,18.2,26.1,55.8,18.7,3.5,4.7,56.4,7.5,9.2,26.9,73.1,"[{""score"": ""0 - 1"", ""pct"": 14.2}, {""score"": ""1 - 1"", ""pct"": 11.899999999999999}, {""score"": ""0 - 2"", ""pct"": 10.43}]"
Scotland,Canada,Canada,0.866,1.681,18.1,24.8,57.1,17.6,3.2,4.8,57.7,7.4,9.3,25.6,74.4,"[{""score"": ""0 - 1"", ""pct"": 13.58}, {""score"": ""1 - 1"", ""pct"": 11.33}, {""score"": ""0 - 2"", ""pct"": 10.7}]"
Ecuador,Canada,Canada,1.041,1.17,31.2,30.1,38.7,30.8,5.7,8.6,38.6,6.4,9.8,45.1,54.9,"[{""score"": ""1 - 1"", ""pct"": 13.639999999999999}, {""score"": ""0 - 1"", ""pct"": 12.959999999999999}, {""score"": ""0 - 0"", ""pct"": 11.61}]"
Iran,Canada,Canada,1.088,1.288,30.5,29.6,39.9,30.6,5.6,8.4,40.3,6.2,9.0,44.5,55.5,"[{""score"": ""1 - 1"", ""pct"": 13.530000000000001}, {""score"": ""0 - 1"", ""pct"": 11.67}, {""score"": ""0 - 0"", ""pct"": 10.41}]"
Mexico,Canada,Canada,1.07,1.164,32.8,30.4,36.8,32.7,5.6,8.8,37.2,6.6,9.0,47.2,52.8,"[{""score"": ""1 - 1"", ""pct"": 13.43}, {""score"": ""0 - 1"", ""pct"": 12.620000000000001}, {""score"": ""1 - 0"", ""pct"": 11.83}]"
France,Canada,Canada,1.235,1.134,38.6,29.4,32.1,37.9,6.2,8.5,33.6,6.1,7.8,52.5,47.5,"[{""score"": ""1 - 1"", ""pct"": 13.28}, {""score"": ""1 - 0"", ""pct"": 12.31}, {""score"": ""0 - 0"", ""pct"": 10.489999999999998}]"
Algeria,Canada,Canada,1.036,1.259,29.4,30.1,40.5,29.8,5.3,8.0,40.1,7.0,9.8,43.1,56.9,"[{""score"": ""1 - 1"", ""pct"": 13.03}, {""score"": ""0 - 1"", ""pct"": 12.770000000000001}, {""score"": ""0 - 0"", ""pct"": 11.61}]"
Panama,Canada,Canada,0.974,1.517,22.6,27.6,49.8,22.9,4.2,6.4,50.1,7.1,9.4,33.5,66.5,"[{""score"": ""0 - 1"", ""pct"": 12.959999999999999}, {""score"": ""1 - 1"", ""pct"": 12.34}, {""score"": ""0 - 0"", ""pct"": 9.75}]"
Colombia,Canada,Canada,1.251,1.178,37.5,29.7,32.8,36.4,6.6,8.3,34.4,6.1,8.3,51.2,48.8,"[{""score"": ""1 - 1"", ""pct"": 13.120000000000001}, {""score"": ""1 - 0"", ""pct"": 11.25}, {""score"": ""0 - 0"", ""pct"": 10.38}]"
Portugal,Canada,Canada,1.211,1.189,36.1,29.0,34.9,35.5,6.2,8.7,35.1,5.7,8.9,50.4,49.6,"[{""score"": ""1 - 1"", ""pct"": 13.01}, {""score"": ""1 - 0"", ""pct"": 10.76}, {""score"": ""0 - 1"", ""pct"": 10.620000000000001}]"
