home_team,away_team,venue_country,ensemble_lambda_home,ensemble_lambda_away,grp_win_home,grp_draw,grp_win_away,ko_win_90_home_pct,ko_win_120_home_pct,ko_win_pen_home_pct,ko_win_90_away_pct,ko_win_120_away_pct,ko_win_pen_away_pct,ko_win_home,ko_win_away,top_scorelines_json
Ecuador,Curaçao,Neutral,2.21,0.49,77.2,16.9,5.9,77.8,6.4,7.4,5.7,1.0,1.8,91.5,8.5,"[{""score"": ""2 - 0"", ""pct"": 17.23}, {""score"": ""1 - 0"", ""pct"": 14.89}, {""score"": ""3 - 0"", ""pct"": 11.65}]"
Ecuador,Saudi Arabia,Neutral,2.08,0.62,71.9,19.2,8.9,71.9,7.0,7.8,9.0,1.9,2.4,86.7,13.3,"[{""score"": ""1 - 0"", ""pct"": 15.22}, {""score"": ""2 - 0"", ""pct"": 14.56}, {""score"": ""3 - 0"", ""pct"": 9.26}]"
Ecuador,South Africa,Neutral,2.156,0.544,76.3,17.2,6.5,75.6,6.5,7.3,7.4,1.4,1.8,89.4,10.6,"[{""score"": ""1 - 0"", ""pct"": 15.790000000000001}, {""score"": ""2 - 0"", ""pct"": 15.09}, {""score"": ""3 - 0"", ""pct"": 10.68}]"
Ecuador,Brazil,Neutral,1.251,1.449,31.4,27.7,40.9,32.1,5.7,6.9,40.8,6.4,8.1,44.8,55.2,"[{""score"": ""1 - 1"", ""pct"": 12.590000000000002}, {""score"": ""0 - 1"", ""pct"": 10.299999999999999}, {""score"": ""1 - 2"", ""pct"": 8.57}]"
Ecuador,Switzerland,Neutral,1.653,1.047,51.6,25.3,23.1,51.7,6.9,8.7,23.2,4.4,5.1,67.3,32.7,"[{""score"": ""1 - 0"", ""pct"": 11.88}, {""score"": ""1 - 1"", ""pct"": 11.83}, {""score"": ""2 - 1"", ""pct"": 9.45}]"
Ecuador,Algeria,Neutral,1.683,1.017,53.3,25.0,21.8,53.5,7.6,9.0,21.2,4.0,4.5,70.2,29.8,"[{""score"": ""1 - 0"", ""pct"": 11.68}, {""score"": ""1 - 1"", ""pct"": 11.09}, {""score"": ""2 - 1"", ""pct"": 9.8}]"
Ecuador,Cape Verde,Neutral,2.193,0.507,76.0,17.4,6.5,77.2,6.7,6.9,6.0,1.4,1.8,90.8,9.2,"[{""score"": ""2 - 0"", ""pct"": 16.259999999999998}, {""score"": ""1 - 0"", ""pct"": 15.160000000000002}, {""score"": ""3 - 0"", ""pct"": 11.0}]"
Ecuador,Haiti,Neutral,2.038,0.662,70.3,20.2,9.5,71.2,7.3,7.2,9.8,1.9,2.6,85.7,14.3,"[{""score"": ""1 - 0"", ""pct"": 14.11}, {""score"": ""2 - 0"", ""pct"": 13.930000000000001}, {""score"": ""2 - 1"", ""pct"": 9.47}]"
Ecuador,Colombia,Neutral,1.243,1.457,31.4,26.9,41.7,30.5,5.7,7.1,42.1,6.7,7.8,43.4,56.6,"[{""score"": ""1 - 1"", ""pct"": 11.98}, {""score"": ""0 - 1"", ""pct"": 10.47}, {""score"": ""1 - 2"", ""pct"": 8.67}]"
Ecuador,Belgium,Neutral,1.618,1.082,48.9,26.3,24.8,49.5,7.1,9.1,24.1,4.3,5.9,65.8,34.2,"[{""score"": ""1 - 1"", ""pct"": 11.4}, {""score"": ""1 - 0"", ""pct"": 10.85}, {""score"": ""2 - 1"", ""pct"": 9.629999999999999}]"
Ecuador,Sweden,Neutral,2.085,0.615,72.2,19.2,8.6,72.8,7.2,7.8,8.4,1.7,2.1,87.8,12.2,"[{""score"": ""1 - 0"", ""pct"": 14.6}, {""score"": ""2 - 0"", ""pct"": 14.17}, {""score"": ""3 - 0"", ""pct"": 10.02}]"
Ecuador,Norway,Neutral,1.584,1.116,47.5,27.0,25.5,48.4,7.4,8.5,24.6,4.8,6.3,64.3,35.7,"[{""score"": ""1 - 1"", ""pct"": 12.32}, {""score"": ""1 - 0"", ""pct"": 10.85}, {""score"": ""2 - 1"", ""pct"": 9.43}]"
Ecuador,Egypt,Neutral,1.942,0.758,65.1,22.1,12.7,66.0,7.5,7.9,12.7,2.7,3.2,81.4,18.6,"[{""score"": ""1 - 0"", ""pct"": 13.669999999999998}, {""score"": ""2 - 0"", ""pct"": 12.86}, {""score"": ""1 - 1"", ""pct"": 9.959999999999999}]"
Ecuador,Jordan,Neutral,1.869,0.831,63.1,22.2,14.6,62.1,7.4,8.8,15.0,3.0,3.7,78.3,21.7,"[{""score"": ""1 - 0"", ""pct"": 13.36}, {""score"": ""2 - 0"", ""pct"": 11.66}, {""score"": ""1 - 1"", ""pct"": 10.27}]"
Ecuador,Iraq,Neutral,2.003,0.697,69.4,20.3,10.3,68.0,7.7,8.1,11.3,2.1,2.7,83.9,16.1,"[{""score"": ""1 - 0"", ""pct"": 13.919999999999998}, {""score"": ""2 - 0"", ""pct"": 13.54}, {""score"": ""2 - 1"", ""pct"": 9.54}]"
Ecuador,Ivory Coast,Neutral,1.892,0.808,63.3,22.7,13.9,64.2,7.3,8.1,14.0,2.5,3.9,79.6,20.4,"[{""score"": ""1 - 0"", ""pct"": 12.790000000000001}, {""score"": ""2 - 0"", ""pct"": 12.19}, {""score"": ""1 - 1"", ""pct"": 10.02}]"
Ecuador,Mexico,Neutral,1.436,1.264,40.8,26.3,32.8,40.1,6.9,8.0,32.7,5.8,6.6,54.9,45.1,"[{""score"": ""1 - 1"", ""pct"": 11.81}, {""score"": ""1 - 0"", ""pct"": 10.26}, {""score"": ""0 - 1"", ""pct"": 8.86}]"
Ecuador,Tunisia,Neutral,2.023,0.677,69.7,20.1,10.3,69.5,7.4,7.9,10.3,2.2,2.8,84.8,15.2,"[{""score"": ""1 - 0"", ""pct"": 14.06}, {""score"": ""2 - 0"", ""pct"": 13.600000000000001}, {""score"": ""2 - 1"", ""pct"": 9.610000000000001}]"
Ecuador,Portugal,Neutral,1.299,1.401,33.8,27.9,38.3,34.1,6.1,7.2,38.8,6.2,7.6,47.4,52.6,"[{""score"": ""1 - 1"", ""pct"": 12.690000000000001}, {""score"": ""0 - 1"", ""pct"": 9.35}, {""score"": ""1 - 0"", ""pct"": 8.84}]"
Ecuador,Morocco,Neutral,1.35,1.35,37.5,27.5,35.1,36.2,6.1,7.8,36.2,6.2,7.6,50.0,50.0,"[{""score"": ""1 - 1"", ""pct"": 12.659999999999998}, {""score"": ""1 - 0"", ""pct"": 9.969999999999999}, {""score"": ""0 - 1"", ""pct"": 8.81}]"
Ecuador,Germany,Neutral,1.485,1.215,43.0,26.7,30.4,42.8,6.7,8.3,30.1,5.1,7.0,57.8,42.2,"[{""score"": ""1 - 1"", ""pct"": 11.87}, {""score"": ""1 - 0"", ""pct"": 10.5}, {""score"": ""2 - 1"", ""pct"": 8.690000000000001}]"
Ecuador,Argentina,Neutral,0.862,1.838,15.9,23.9,60.2,16.0,3.2,3.8,60.8,7.7,8.5,23.0,77.0,"[{""score"": ""0 - 1"", ""pct"": 12.98}, {""score"": ""0 - 2"", ""pct"": 11.27}, {""score"": ""1 - 1"", ""pct"": 10.67}]"
Ecuador,Qatar,Neutral,2.261,0.439,79.7,15.3,5.1,79.1,6.6,6.9,4.9,1.1,1.4,92.6,7.4,"[{""score"": ""2 - 0"", ""pct"": 16.64}, {""score"": ""1 - 0"", ""pct"": 15.83}, {""score"": ""3 - 0"", ""pct"": 12.45}]"
Ecuador,Czech Republic,Neutral,1.975,0.725,66.8,21.4,11.7,67.0,7.5,8.2,11.9,2.4,2.9,82.8,17.2,"[{""score"": ""1 - 0"", ""pct"": 14.27}, {""score"": ""2 - 0"", ""pct"": 13.38}, {""score"": ""1 - 1"", ""pct"": 9.68}]"
Ecuador,New Zealand,Neutral,2.068,0.632,71.3,19.3,9.4,71.3,7.7,8.2,8.7,1.8,2.3,87.2,12.8,"[{""score"": ""1 - 0"", ""pct"": 14.41}, {""score"": ""2 - 0"", ""pct"": 13.969999999999999}, {""score"": ""3 - 0"", ""pct"": 9.48}]"
Ecuador,Japan,Neutral,1.342,1.358,35.6,27.8,36.6,36.3,6.2,7.7,36.0,5.9,7.8,50.2,49.8,"[{""score"": ""1 - 1"", ""pct"": 12.68}, {""score"": ""1 - 0"", ""pct"": 9.62}, {""score"": ""0 - 1"", ""pct"": 8.94}]"
Ecuador,DR Congo,Neutral,1.964,0.736,66.6,21.3,12.1,66.2,7.4,8.2,12.6,2.5,3.0,81.9,18.1,"[{""score"": ""1 - 0"", ""pct"": 13.58}, {""score"": ""2 - 0"", ""pct"": 12.25}, {""score"": ""2 - 1"", ""pct"": 10.299999999999999}]"
Ecuador,Iran,Neutral,1.59,1.11,47.8,26.1,26.1,48.4,7.0,7.8,25.8,4.7,6.3,63.3,36.7,"[{""score"": ""1 - 1"", ""pct"": 11.379999999999999}, {""score"": ""1 - 0"", ""pct"": 10.57}, {""score"": ""2 - 1"", ""pct"": 9.32}]"
Ecuador,Croatia,Neutral,1.534,1.166,44.7,26.6,28.7,44.6,6.8,8.4,28.9,4.8,6.5,59.8,40.2,"[{""score"": ""1 - 1"", ""pct"": 11.97}, {""score"": ""1 - 0"", ""pct"": 10.89}, {""score"": ""2 - 1"", ""pct"": 8.81}]"
Ecuador,Bosnia and Herzegovina,Neutral,2.226,0.474,78.6,16.0,5.4,78.3,6.7,6.7,5.7,1.1,1.5,91.7,8.3,"[{""score"": ""2 - 0"", ""pct"": 16.8}, {""score"": ""1 - 0"", ""pct"": 15.64}, {""score"": ""3 - 0"", ""pct"": 12.520000000000001}]"
Ecuador,Ghana,Neutral,2.197,0.503,77.4,16.5,6.1,77.1,7.0,7.3,6.1,1.1,1.4,91.4,8.6,"[{""score"": ""1 - 0"", ""pct"": 16.189999999999998}, {""score"": ""2 - 0"", ""pct"": 15.989999999999998}, {""score"": ""3 - 0"", ""pct"": 11.600000000000001}]"
Ecuador,Netherlands,Neutral,1.465,1.235,42.0,27.3,30.7,41.3,6.9,8.1,31.3,5.5,6.9,56.3,43.7,"[{""score"": ""1 - 1"", ""pct"": 12.6}, {""score"": ""1 - 0"", ""pct"": 9.879999999999999}, {""score"": ""2 - 1"", ""pct"": 8.83}]"
Ecuador,Senegal,Neutral,1.624,1.076,50.3,25.9,23.8,50.1,6.9,8.6,24.2,4.4,5.8,65.6,34.4,"[{""score"": ""1 - 1"", ""pct"": 12.18}, {""score"": ""1 - 0"", ""pct"": 11.26}, {""score"": ""2 - 1"", ""pct"": 9.45}]"
Ecuador,Uzbekistan,Neutral,1.737,0.963,56.0,24.2,19.9,55.3,7.5,8.9,19.5,3.7,5.0,71.8,28.2,"[{""score"": ""1 - 0"", ""pct"": 11.89}, {""score"": ""1 - 1"", ""pct"": 11.03}, {""score"": ""2 - 0"", ""pct"": 10.07}]"
Ecuador,Scotland,Neutral,1.891,0.809,62.8,22.1,15.0,62.1,7.8,9.3,14.4,2.7,3.7,79.1,20.9,"[{""score"": ""1 - 0"", ""pct"": 12.9}, {""score"": ""2 - 0"", ""pct"": 11.19}, {""score"": ""2 - 1"", ""pct"": 10.02}]"
Ecuador,Spain,Neutral,0.875,1.825,16.7,23.4,59.9,15.9,3.4,4.2,60.4,7.7,8.4,23.5,76.5,"[{""score"": ""0 - 1"", ""pct"": 12.82}, {""score"": ""0 - 2"", ""pct"": 10.85}, {""score"": ""1 - 1"", ""pct"": 10.16}]"
Ecuador,Uruguay,Neutral,1.457,1.243,42.1,26.1,31.8,41.8,6.5,7.9,31.2,5.7,6.8,56.2,43.8,"[{""score"": ""1 - 1"", ""pct"": 11.700000000000001}, {""score"": ""1 - 0"", ""pct"": 10.07}, {""score"": ""2 - 1"", ""pct"": 8.99}]"
Ecuador,Turkey,Neutral,1.604,1.096,50.0,26.7,23.4,49.4,6.9,8.6,24.2,4.7,6.3,64.8,35.1,"[{""score"": ""1 - 1"", ""pct"": 12.19}, {""score"": ""1 - 0"", ""pct"": 11.12}, {""score"": ""2 - 1"", ""pct"": 9.68}]"
Ecuador,United States,Neutral,1.829,0.871,59.9,24.1,16.1,60.5,7.6,9.1,15.9,2.9,4.0,77.2,22.8,"[{""score"": ""1 - 0"", ""pct"": 12.21}, {""score"": ""2 - 0"", ""pct"": 10.96}, {""score"": ""1 - 1"", ""pct"": 10.93}]"
Ecuador,Austria,Neutral,1.838,0.862,60.8,23.4,15.8,60.2,8.2,8.4,15.8,3.3,4.2,76.8,23.2,"[{""score"": ""1 - 0"", ""pct"": 13.55}, {""score"": ""2 - 0"", ""pct"": 11.03}, {""score"": ""1 - 1"", ""pct"": 10.5}]"
Ecuador,Australia,Neutral,1.552,1.148,45.8,26.6,27.5,46.0,7.3,8.7,27.0,4.8,6.2,62.0,38.0,"[{""score"": ""1 - 1"", ""pct"": 11.88}, {""score"": ""1 - 0"", ""pct"": 10.59}, {""score"": ""2 - 1"", ""pct"": 9.27}]"
Ecuador,Canada,Neutral,1.69,1.01,54.0,24.9,21.1,53.1,7.4,8.8,21.5,4.0,5.2,69.3,30.7,"[{""score"": ""1 - 1"", ""pct"": 11.84}, {""score"": ""1 - 0"", ""pct"": 11.600000000000001}, {""score"": ""2 - 1"", ""pct"": 10.33}]"
Ecuador,Paraguay,Neutral,1.654,1.046,52.8,24.4,22.8,51.8,7.0,9.0,22.8,4.4,5.1,67.8,32.2,"[{""score"": ""1 - 0"", ""pct"": 11.87}, {""score"": ""1 - 1"", ""pct"": 11.17}, {""score"": ""2 - 1"", ""pct"": 9.520000000000001}]"
Ecuador,France,Neutral,1.095,1.605,24.8,25.1,50.1,24.6,4.6,5.8,49.2,7.3,8.5,35.0,65.0,"[{""score"": ""1 - 1"", ""pct"": 11.67}, {""score"": ""0 - 1"", ""pct"": 11.0}, {""score"": ""1 - 2"", ""pct"": 10.290000000000001}]"
Ecuador,England,Neutral,1.18,1.52,28.5,26.3,45.2,28.8,5.2,6.7,43.7,6.9,8.7,40.7,59.3,"[{""score"": ""1 - 1"", ""pct"": 12.01}, {""score"": ""0 - 1"", ""pct"": 10.73}, {""score"": ""1 - 2"", ""pct"": 9.379999999999999}]"
Ecuador,Panama,Neutral,1.762,0.938,56.0,25.0,18.9,57.0,7.3,8.4,19.1,3.5,4.7,72.6,27.4,"[{""score"": ""1 - 0"", ""pct"": 11.700000000000001}, {""score"": ""1 - 1"", ""pct"": 11.379999999999999}, {""score"": ""2 - 0"", ""pct"": 10.549999999999999}]"
Ecuador,South Korea,Neutral,1.63,1.07,50.2,25.3,24.5,49.6,7.1,8.5,24.1,4.9,5.7,65.3,34.7,"[{""score"": ""1 - 0"", ""pct"": 11.5}, {""score"": ""1 - 1"", ""pct"": 11.37}, {""score"": ""2 - 1"", ""pct"": 9.59}]"
Curaçao,Ecuador,Neutral,0.49,2.21,6.0,16.6,77.3,6.1,1.2,1.6,77.2,6.6,7.4,8.9,91.1,"[{""score"": ""0 - 2"", ""pct"": 16.02}, {""score"": ""0 - 1"", ""pct"": 15.459999999999999}, {""score"": ""0 - 3"", ""pct"": 11.86}]"
Curaçao,Saudi Arabia,Neutral,1.079,1.621,23.8,26.4,49.8,24.1,4.5,5.6,49.6,7.6,8.6,34.2,65.8,"[{""score"": ""1 - 1"", ""pct"": 11.81}, {""score"": ""0 - 1"", ""pct"": 11.17}, {""score"": ""1 - 2"", ""pct"": 9.31}]"
Curaçao,South Africa,Neutral,1.224,1.476,29.7,27.0,43.3,30.3,5.6,6.8,43.0,6.6,7.7,42.7,57.3,"[{""score"": ""1 - 1"", ""pct"": 12.36}, {""score"": ""0 - 1"", ""pct"": 10.639999999999999}, {""score"": ""1 - 2"", ""pct"": 9.13}]"
Curaçao,Brazil,Neutral,0.454,2.246,5.2,16.0,78.8,5.2,1.1,1.4,79.3,6.8,6.2,7.7,92.3,"[{""score"": ""0 - 2"", ""pct"": 16.97}, {""score"": ""0 - 1"", ""pct"": 15.659999999999998}, {""score"": ""0 - 3"", ""pct"": 11.709999999999999}]"
Curaçao,Switzerland,Neutral,0.64,2.06,9.9,19.0,71.1,9.5,1.9,2.5,71.0,7.4,7.7,13.9,86.1,"[{""score"": ""0 - 1"", ""pct"": 15.36}, {""score"": ""0 - 2"", ""pct"": 14.16}, {""score"": ""0 - 3"", ""pct"": 9.11}]"
Curaçao,Algeria,Neutral,0.659,2.041,9.9,19.8,70.3,10.4,1.8,2.8,69.4,7.5,8.1,15.0,85.0,"[{""score"": ""0 - 1"", ""pct"": 14.49}, {""score"": ""0 - 2"", ""pct"": 13.819999999999999}, {""score"": ""0 - 3"", ""pct"": 9.139999999999999}]"
Curaçao,Cape Verde,Neutral,1.307,1.393,34.1,27.9,38.0,33.8,6.3,7.4,38.2,6.4,8.0,47.4,52.6,"[{""score"": ""1 - 1"", ""pct"": 12.6}, {""score"": ""0 - 1"", ""pct"": 9.34}, {""score"": ""1 - 2"", ""pct"": 9.0}]"
Curaçao,Haiti,Neutral,1.013,1.687,21.2,24.8,54.0,21.8,4.1,5.0,53.4,6.9,8.6,31.0,69.0,"[{""score"": ""0 - 1"", ""pct"": 12.5}, {""score"": ""1 - 1"", ""pct"": 11.43}, {""score"": ""1 - 2"", ""pct"": 9.969999999999999}]"
Curaçao,Colombia,Neutral,0.451,2.249,4.9,16.1,79.1,5.1,1.0,1.4,78.6,6.8,7.0,7.5,92.5,"[{""score"": ""0 - 2"", ""pct"": 17.94}, {""score"": ""0 - 1"", ""pct"": 15.64}, {""score"": ""0 - 3"", ""pct"": 12.41}]"
Curaçao,Belgium,Neutral,0.619,2.081,8.4,19.7,71.9,8.7,1.9,2.1,71.9,7.6,7.8,12.7,87.3,"[{""score"": ""0 - 1"", ""pct"": 15.310000000000002}, {""score"": ""0 - 2"", ""pct"": 14.96}, {""score"": ""0 - 3"", ""pct"": 9.32}]"
Curaçao,Sweden,Neutral,1.088,1.612,24.3,26.2,49.5,24.5,4.7,5.9,48.9,7.0,9.0,35.0,65.0,"[{""score"": ""0 - 1"", ""pct"": 11.68}, {""score"": ""1 - 1"", ""pct"": 11.55}, {""score"": ""1 - 2"", ""pct"": 9.33}]"
Curaçao,Norway,Neutral,0.599,2.101,8.7,19.2,72.1,9.0,1.6,2.1,72.5,7.0,7.7,12.7,87.3,"[{""score"": ""0 - 2"", ""pct"": 14.510000000000002}, {""score"": ""0 - 1"", ""pct"": 14.42}, {""score"": ""0 - 3"", ""pct"": 10.16}]"
Curaçao,Egypt,Neutral,0.887,1.813,16.3,24.5,59.2,16.8,3.5,4.2,59.3,7.5,8.8,24.4,75.6,"[{""score"": ""0 - 1"", ""pct"": 12.86}, {""score"": ""0 - 2"", ""pct"": 10.870000000000001}, {""score"": ""1 - 1"", ""pct"": 10.780000000000001}]"
Curaçao,Jordan,Neutral,0.81,1.89,14.7,21.9,63.3,14.4,2.9,3.7,63.4,7.2,8.3,21.0,79.0,"[{""score"": ""0 - 1"", ""pct"": 13.270000000000001}, {""score"": ""0 - 2"", ""pct"": 12.06}, {""score"": ""1 - 1"", ""pct"": 9.950000000000001}]"
Curaçao,Iraq,Neutral,0.964,1.736,19.8,24.2,56.0,19.7,3.8,4.7,55.4,7.5,8.9,28.1,71.9,"[{""score"": ""0 - 1"", ""pct"": 12.659999999999998}, {""score"": ""1 - 1"", ""pct"": 11.42}, {""score"": ""0 - 2"", ""pct"": 9.950000000000001}]"
Curaçao,Ivory Coast,Neutral,0.832,1.868,15.0,22.8,62.2,15.3,2.7,3.5,62.1,7.8,8.6,21.6,78.4,"[{""score"": ""0 - 1"", ""pct"": 13.25}, {""score"": ""0 - 2"", ""pct"": 10.71}, {""score"": ""1 - 1"", ""pct"": 10.52}]"
Curaçao,Mexico,Neutral,0.525,2.175,6.7,17.8,75.5,6.2,1.2,1.9,76.8,6.7,7.3,9.2,90.8,"[{""score"": ""0 - 2"", ""pct"": 15.4}, {""score"": ""0 - 1"", ""pct"": 15.32}, {""score"": ""0 - 3"", ""pct"": 10.73}]"
Curaçao,Tunisia,Neutral,0.992,1.708,20.6,25.0,54.4,20.3,3.8,5.0,54.7,7.4,8.6,29.2,70.8,"[{""score"": ""0 - 1"", ""pct"": 11.82}, {""score"": ""1 - 1"", ""pct"": 11.49}, {""score"": ""1 - 2"", ""pct"": 10.52}]"
Curaçao,Portugal,Neutral,0.471,2.229,5.2,16.6,78.1,6.0,1.1,1.5,77.5,6.7,7.2,8.6,91.4,"[{""score"": ""0 - 2"", ""pct"": 16.520000000000003}, {""score"": ""0 - 1"", ""pct"": 15.35}, {""score"": ""0 - 3"", ""pct"": 12.2}]"
Curaçao,Morocco,Neutral,0.49,2.21,5.5,16.6,77.9,6.0,1.2,1.6,77.5,6.5,7.3,8.8,91.2,"[{""score"": ""0 - 2"", ""pct"": 16.45}, {""score"": ""0 - 1"", ""pct"": 14.84}, {""score"": ""0 - 3"", ""pct"": 11.899999999999999}]"
Curaçao,Germany,Neutral,0.548,2.152,7.4,17.5,75.1,6.9,1.3,2.0,75.1,7.0,7.8,10.2,89.8,"[{""score"": ""0 - 2"", ""pct"": 15.45}, {""score"": ""0 - 1"", ""pct"": 14.89}, {""score"": ""0 - 3"", ""pct"": 10.65}]"
Curaçao,Argentina,Neutral,0.349,2.351,3.1,13.4,83.5,3.3,0.7,0.8,83.1,5.9,6.2,4.8,95.2,"[{""score"": ""0 - 2"", ""pct"": 18.57}, {""score"": ""0 - 1"", ""pct"": 16.48}, {""score"": ""0 - 3"", ""pct"": 14.069999999999999}]"
Curaçao,Qatar,Neutral,1.495,1.205,44.3,26.8,28.9,43.8,6.6,8.6,29.1,5.4,6.4,59.1,41.0,"[{""score"": ""1 - 1"", ""pct"": 12.370000000000001}, {""score"": ""1 - 0"", ""pct"": 10.66}, {""score"": ""2 - 1"", ""pct"": 9.09}]"
Curaçao,Czech Republic,Neutral,0.927,1.773,18.2,24.2,57.6,18.9,3.5,4.3,57.4,7.2,8.8,26.6,73.4,"[{""score"": ""0 - 1"", ""pct"": 12.73}, {""score"": ""1 - 1"", ""pct"": 11.0}, {""score"": ""0 - 2"", ""pct"": 10.549999999999999}]"
Curaçao,New Zealand,Neutral,1.059,1.641,24.4,26.0,49.6,24.0,4.4,5.5,50.2,7.6,8.3,33.8,66.2,"[{""score"": ""1 - 1"", ""pct"": 12.09}, {""score"": ""0 - 1"", ""pct"": 10.23}, {""score"": ""1 - 2"", ""pct"": 9.2}]"
Curaçao,Japan,Neutral,0.487,2.213,6.1,16.4,77.6,5.5,1.3,1.6,76.8,6.7,8.1,8.5,91.5,"[{""score"": ""0 - 2"", ""pct"": 16.63}, {""score"": ""0 - 1"", ""pct"": 15.03}, {""score"": ""0 - 3"", ""pct"": 11.65}]"
Curaçao,DR Congo,Neutral,0.913,1.787,17.7,23.1,59.2,17.4,3.0,4.3,59.2,7.4,8.6,24.8,75.2,"[{""score"": ""0 - 1"", ""pct"": 12.11}, {""score"": ""0 - 2"", ""pct"": 10.440000000000001}, {""score"": ""1 - 1"", ""pct"": 10.36}]"
Curaçao,Iran,Neutral,0.602,2.098,8.4,18.5,73.0,8.6,1.9,2.1,72.5,7.1,7.9,12.6,87.4,"[{""score"": ""0 - 2"", ""pct"": 15.17}, {""score"": ""0 - 1"", ""pct"": 14.29}, {""score"": ""0 - 3"", ""pct"": 10.38}]"
Curaçao,Croatia,Neutral,0.572,2.128,7.8,17.5,74.6,7.9,1.6,2.0,73.7,6.8,8.0,11.5,88.5,"[{""score"": ""0 - 2"", ""pct"": 15.299999999999999}, {""score"": ""0 - 1"", ""pct"": 15.129999999999999}, {""score"": ""0 - 3"", ""pct"": 10.24}]"
Curaçao,Bosnia and Herzegovina,Neutral,1.391,1.309,37.8,26.8,35.5,38.3,6.0,7.7,34.6,6.1,7.3,52.0,48.0,"[{""score"": ""1 - 1"", ""pct"": 12.3}, {""score"": ""1 - 0"", ""pct"": 9.2}, {""score"": ""0 - 1"", ""pct"": 8.72}]"
Curaçao,Ghana,Neutral,1.316,1.384,35.0,26.6,38.4,34.7,5.8,6.8,39.0,6.4,7.3,47.3,52.7,"[{""score"": ""1 - 1"", ""pct"": 11.58}, {""score"": ""0 - 1"", ""pct"": 9.379999999999999}, {""score"": ""1 - 0"", ""pct"": 9.09}]"
Curaçao,Netherlands,Neutral,0.539,2.161,6.9,17.1,76.0,6.7,1.4,1.8,75.5,7.1,7.3,10.0,90.0,"[{""score"": ""0 - 1"", ""pct"": 15.540000000000001}, {""score"": ""0 - 2"", ""pct"": 15.39}, {""score"": ""0 - 3"", ""pct"": 11.24}]"
Curaçao,Senegal,Neutral,0.622,2.078,8.7,18.5,72.8,9.3,1.9,2.3,72.7,6.7,7.2,13.4,86.6,"[{""score"": ""0 - 2"", ""pct"": 15.010000000000002}, {""score"": ""0 - 1"", ""pct"": 14.96}, {""score"": ""0 - 3"", ""pct"": 9.46}]"
Curaçao,Uzbekistan,Neutral,0.697,2.003,10.7,20.8,68.5,10.7,2.2,2.8,68.6,7.6,8.1,15.7,84.3,"[{""score"": ""0 - 1"", ""pct"": 13.48}, {""score"": ""0 - 2"", ""pct"": 13.18}, {""score"": ""1 - 1"", ""pct"": 9.48}]"
Curaçao,Scotland,Neutral,0.831,1.869,14.8,23.0,62.2,14.9,2.9,3.7,61.9,7.9,8.8,21.4,78.5,"[{""score"": ""0 - 1"", ""pct"": 12.97}, {""score"": ""0 - 2"", ""pct"": 11.77}, {""score"": ""1 - 1"", ""pct"": 10.489999999999998}]"
Curaçao,Spain,Neutral,0.352,2.348,3.6,13.3,83.0,3.6,0.7,0.9,83.0,5.6,6.2,5.2,94.8,"[{""score"": ""0 - 2"", ""pct"": 19.43}, {""score"": ""0 - 1"", ""pct"": 16.189999999999998}, {""score"": ""0 - 3"", ""pct"": 14.42}]"
Curaçao,Uruguay,Neutral,0.535,2.165,6.4,17.5,76.1,7.0,1.4,2.0,76.2,6.4,7.1,10.3,89.7,"[{""score"": ""0 - 2"", ""pct"": 15.709999999999999}, {""score"": ""0 - 1"", ""pct"": 14.06}, {""score"": ""0 - 3"", ""pct"": 11.43}]"
Curaçao,Turkey,Neutral,0.61,2.09,8.3,18.6,73.1,8.9,1.7,2.4,71.5,7.5,7.9,13.1,86.9,"[{""score"": ""0 - 1"", ""pct"": 15.21}, {""score"": ""0 - 2"", ""pct"": 14.34}, {""score"": ""0 - 3"", ""pct"": 10.13}]"
Curaçao,United States,Neutral,0.772,1.928,13.4,21.2,65.4,12.8,2.7,3.4,64.6,7.9,8.6,18.9,81.1,"[{""score"": ""0 - 1"", ""pct"": 13.28}, {""score"": ""0 - 2"", ""pct"": 12.33}, {""score"": ""1 - 2"", ""pct"": 9.41}]"
Curaçao,Austria,Neutral,0.78,1.92,13.4,21.9,64.7,13.3,2.6,3.4,65.2,7.4,8.2,19.3,80.7,"[{""score"": ""0 - 1"", ""pct"": 13.700000000000001}, {""score"": ""0 - 2"", ""pct"": 11.82}, {""score"": ""1 - 1"", ""pct"": 10.03}]"
Curaçao,Australia,Neutral,0.582,2.118,7.7,17.9,74.5,8.2,1.5,2.1,74.2,6.9,7.0,11.9,88.1,"[{""score"": ""0 - 1"", ""pct"": 15.120000000000001}, {""score"": ""0 - 2"", ""pct"": 15.07}, {""score"": ""0 - 3"", ""pct"": 10.05}]"
Curaçao,Canada,Neutral,0.664,2.036,10.2,19.4,70.3,10.1,1.9,2.6,70.3,7.3,7.8,14.5,85.5,"[{""score"": ""0 - 1"", ""pct"": 14.510000000000002}, {""score"": ""0 - 2"", ""pct"": 14.02}, {""score"": ""1 - 2"", ""pct"": 9.4}]"
Curaçao,Paraguay,Neutral,0.641,2.059,9.2,19.3,71.5,8.8,2.0,2.7,71.6,7.0,7.9,13.5,86.5,"[{""score"": ""0 - 1"", ""pct"": 14.099999999999998}, {""score"": ""0 - 2"", ""pct"": 13.669999999999998}, {""score"": ""0 - 3"", ""pct"": 9.69}]"
Curaçao,France,Neutral,0.406,2.294,4.0,14.9,81.1,4.7,0.7,1.3,80.1,6.2,7.0,6.7,93.3,"[{""score"": ""0 - 2"", ""pct"": 17.72}, {""score"": ""0 - 1"", ""pct"": 16.43}, {""score"": ""0 - 3"", ""pct"": 13.11}]"
Curaçao,England,Neutral,0.431,2.269,5.1,14.3,80.5,4.4,1.0,1.2,80.7,6.0,6.7,6.6,93.4,"[{""score"": ""0 - 2"", ""pct"": 16.98}, {""score"": ""0 - 1"", ""pct"": 16.39}, {""score"": ""0 - 3"", ""pct"": 12.5}]"
Curaçao,Panama,Neutral,0.716,1.984,11.7,21.1,67.2,11.3,2.4,2.9,68.0,7.3,8.1,16.6,83.4,"[{""score"": ""0 - 1"", ""pct"": 14.09}, {""score"": ""0 - 2"", ""pct"": 13.0}, {""score"": ""1 - 1"", ""pct"": 9.48}]"
Curaçao,South Korea,Neutral,0.626,2.074,8.9,18.9,72.2,8.5,1.5,2.4,72.1,7.0,8.4,12.5,87.5,"[{""score"": ""0 - 1"", ""pct"": 14.64}, {""score"": ""0 - 2"", ""pct"": 13.77}, {""score"": ""0 - 3"", ""pct"": 9.71}]"
Saudi Arabia,Ecuador,Neutral,0.62,2.08,8.9,19.5,71.6,8.9,1.9,2.1,72.4,7.1,7.5,13.0,87.0,"[{""score"": ""0 - 2"", ""pct"": 14.71}, {""score"": ""0 - 1"", ""pct"": 14.31}, {""score"": ""0 - 3"", ""pct"": 9.47}]"
Saudi Arabia,Curaçao,Neutral,1.621,1.079,49.4,26.4,24.2,49.9,7.4,8.7,23.7,4.6,5.7,66.0,34.0,"[{""score"": ""1 - 1"", ""pct"": 12.049999999999999}, {""score"": ""1 - 0"", ""pct"": 10.38}, {""score"": ""2 - 1"", ""pct"": 10.100000000000001}]"
Saudi Arabia,South Africa,Neutral,1.499,1.201,44.4,26.4,29.2,44.2,7.0,7.5,29.5,5.4,6.4,58.7,41.3,"[{""score"": ""1 - 1"", ""pct"": 11.4}, {""score"": ""1 - 0"", ""pct"": 10.56}, {""score"": ""2 - 1"", ""pct"": 8.98}]"
Saudi Arabia,Brazil,Neutral,0.568,2.132,7.8,18.0,74.2,7.3,1.5,1.9,75.2,6.7,7.5,10.7,89.4,"[{""score"": ""0 - 2"", ""pct"": 16.02}, {""score"": ""0 - 1"", ""pct"": 15.049999999999999}, {""score"": ""0 - 3"", ""pct"": 10.23}]"
Saudi Arabia,Switzerland,Neutral,0.828,1.872,15.6,23.1,61.3,14.7,3.3,3.8,62.4,7.5,8.3,21.7,78.3,"[{""score"": ""0 - 1"", ""pct"": 12.989999999999998}, {""score"": ""0 - 2"", ""pct"": 11.19}, {""score"": ""1 - 1"", ""pct"": 10.280000000000001}]"
Saudi Arabia,Algeria,Neutral,0.854,1.846,16.5,22.9,60.6,16.2,3.2,3.8,60.7,7.3,8.8,23.2,76.8,"[{""score"": ""0 - 1"", ""pct"": 13.020000000000001}, {""score"": ""0 - 2"", ""pct"": 11.360000000000001}, {""score"": ""1 - 1"", ""pct"": 10.15}]"
Saudi Arabia,Cape Verde,Neutral,1.58,1.12,48.3,26.5,25.3,47.3,7.6,8.3,26.3,4.7,5.8,63.2,36.8,"[{""score"": ""1 - 1"", ""pct"": 12.0}, {""score"": ""1 - 0"", ""pct"": 11.23}, {""score"": ""2 - 1"", ""pct"": 9.22}]"
Saudi Arabia,Haiti,Neutral,1.279,1.421,32.4,28.5,39.1,33.6,6.2,6.9,39.5,6.1,7.6,46.8,53.2,"[{""score"": ""1 - 1"", ""pct"": 13.020000000000001}, {""score"": ""0 - 1"", ""pct"": 9.47}, {""score"": ""1 - 2"", ""pct"": 8.67}]"
Saudi Arabia,Colombia,Neutral,0.564,2.136,7.4,17.8,74.8,7.1,1.6,2.0,75.0,7.1,7.2,10.7,89.3,"[{""score"": ""0 - 1"", ""pct"": 15.43}, {""score"": ""0 - 2"", ""pct"": 14.93}, {""score"": ""0 - 3"", ""pct"": 10.92}]"
Saudi Arabia,Belgium,Neutral,0.799,1.901,13.5,21.8,64.7,13.5,2.5,3.8,64.7,7.0,8.5,19.8,80.2,"[{""score"": ""0 - 1"", ""pct"": 13.780000000000001}, {""score"": ""0 - 2"", ""pct"": 11.89}, {""score"": ""1 - 2"", ""pct"": 10.290000000000001}]"
Saudi Arabia,Sweden,Neutral,1.36,1.34,36.2,27.6,36.2,36.8,6.1,8.0,35.8,5.7,7.7,50.9,49.1,"[{""score"": ""1 - 1"", ""pct"": 12.31}, {""score"": ""0 - 1"", ""pct"": 9.51}, {""score"": ""1 - 0"", ""pct"": 9.45}]"
Saudi Arabia,Norway,Neutral,0.773,1.927,13.5,21.9,64.7,13.6,2.6,3.6,64.2,7.6,8.5,19.8,80.2,"[{""score"": ""0 - 1"", ""pct"": 13.850000000000001}, {""score"": ""0 - 2"", ""pct"": 12.6}, {""score"": ""1 - 1"", ""pct"": 10.07}]"
Saudi Arabia,Egypt,Neutral,1.135,1.565,26.4,27.2,46.4,26.7,5.0,6.4,46.2,6.8,8.8,38.1,61.9,"[{""score"": ""1 - 1"", ""pct"": 12.18}, {""score"": ""0 - 1"", ""pct"": 10.76}, {""score"": ""1 - 2"", ""pct"": 9.0}]"
Saudi Arabia,Jordan,Neutral,1.044,1.656,23.2,25.3,51.5,23.2,4.3,5.5,51.7,7.0,8.3,33.0,67.0,"[{""score"": ""1 - 1"", ""pct"": 11.81}, {""score"": ""0 - 1"", ""pct"": 11.799999999999999}, {""score"": ""1 - 2"", ""pct"": 9.4}]"
Saudi Arabia,Iraq,Neutral,1.224,1.476,30.8,26.9,42.3,29.9,5.1,7.0,43.0,6.7,8.2,42.0,58.0,"[{""score"": ""1 - 1"", ""pct"": 11.91}, {""score"": ""0 - 1"", ""pct"": 10.13}, {""score"": ""1 - 2"", ""pct"": 8.870000000000001}]"
Saudi Arabia,Ivory Coast,Neutral,1.071,1.629,23.2,26.0,50.8,23.7,4.3,5.9,50.6,7.1,8.5,33.9,66.1,"[{""score"": ""1 - 1"", ""pct"": 11.65}, {""score"": ""0 - 1"", ""pct"": 11.41}, {""score"": ""1 - 2"", ""pct"": 10.15}]"
Saudi Arabia,Mexico,Neutral,0.671,2.029,9.7,19.7,70.5,10.5,1.9,2.6,69.5,7.6,8.0,15.0,85.0,"[{""score"": ""0 - 1"", ""pct"": 14.099999999999998}, {""score"": ""0 - 2"", ""pct"": 13.83}, {""score"": ""1 - 2"", ""pct"": 9.790000000000001}]"
Saudi Arabia,Tunisia,Neutral,1.255,1.445,31.6,27.2,41.2,30.8,5.3,6.7,41.8,6.6,8.8,42.8,57.2,"[{""score"": ""1 - 1"", ""pct"": 12.370000000000001}, {""score"": ""0 - 1"", ""pct"": 10.4}, {""score"": ""1 - 2"", ""pct"": 8.93}]"
Saudi Arabia,Portugal,Neutral,0.593,2.107,7.9,18.6,73.5,8.4,2.0,2.0,73.5,7.2,6.9,12.4,87.6,"[{""score"": ""0 - 1"", ""pct"": 15.290000000000001}, {""score"": ""0 - 2"", ""pct"": 14.399999999999999}, {""score"": ""0 - 3"", ""pct"": 9.81}]"
Saudi Arabia,Morocco,Neutral,0.621,2.079,8.4,18.7,72.9,8.9,1.8,2.7,71.2,7.7,7.8,13.4,86.6,"[{""score"": ""0 - 1"", ""pct"": 15.129999999999999}, {""score"": ""0 - 2"", ""pct"": 14.149999999999999}, {""score"": ""0 - 3"", ""pct"": 10.190000000000001}]"
Saudi Arabia,Germany,Neutral,0.703,1.997,11.2,20.9,67.9,11.4,2.2,2.8,68.5,7.0,8.2,16.4,83.6,"[{""score"": ""0 - 1"", ""pct"": 14.32}, {""score"": ""0 - 2"", ""pct"": 12.889999999999999}, {""score"": ""1 - 2"", ""pct"": 9.75}]"
Saudi Arabia,Argentina,Neutral,0.409,2.291,4.1,15.4,80.6,4.2,0.9,1.3,80.9,6.1,6.7,6.3,93.7,"[{""score"": ""0 - 2"", ""pct"": 17.96}, {""score"": ""0 - 1"", ""pct"": 16.02}, {""score"": ""0 - 3"", ""pct"": 12.64}]"
Saudi Arabia,Qatar,Neutral,1.753,0.947,55.3,24.9,19.8,56.3,7.1,8.9,19.4,3.5,4.8,72.3,27.7,"[{""score"": ""1 - 0"", ""pct"": 12.22}, {""score"": ""1 - 1"", ""pct"": 11.57}, {""score"": ""2 - 0"", ""pct"": 9.87}]"
Saudi Arabia,Czech Republic,Neutral,1.183,1.517,29.2,26.6,44.2,28.3,5.2,6.3,45.2,6.9,8.2,39.7,60.3,"[{""score"": ""1 - 1"", ""pct"": 12.02}, {""score"": ""0 - 1"", ""pct"": 10.040000000000001}, {""score"": ""1 - 2"", ""pct"": 9.07}]"
Saudi Arabia,New Zealand,Neutral,1.329,1.371,36.1,26.6,37.3,35.3,5.7,7.5,37.6,6.2,7.7,48.5,51.5,"[{""score"": ""1 - 1"", ""pct"": 12.29}, {""score"": ""0 - 1"", ""pct"": 9.98}, {""score"": ""1 - 0"", ""pct"": 9.25}]"
Saudi Arabia,Japan,Neutral,0.616,2.084,8.8,19.2,72.0,9.0,1.8,2.5,72.2,6.6,7.8,13.3,86.7,"[{""score"": ""0 - 2"", ""pct"": 14.829999999999998}, {""score"": ""0 - 1"", ""pct"": 14.7}, {""score"": ""0 - 3"", ""pct"": 9.3}]"
Saudi Arabia,DR Congo,Neutral,1.166,1.534,27.5,26.4,46.1,28.1,4.9,6.2,45.3,7.1,8.4,39.2,60.8,"[{""score"": ""1 - 1"", ""pct"": 11.540000000000001}, {""score"": ""0 - 1"", ""pct"": 10.43}, {""score"": ""1 - 2"", ""pct"": 9.3}]"
Saudi Arabia,Iran,Neutral,0.778,1.922,13.3,21.5,65.3,13.2,2.6,3.0,64.6,8.1,8.5,18.8,81.2,"[{""score"": ""0 - 1"", ""pct"": 13.94}, {""score"": ""0 - 2"", ""pct"": 12.35}, {""score"": ""1 - 1"", ""pct"": 9.86}]"
Saudi Arabia,Croatia,Neutral,0.736,1.964,13.2,20.6,66.1,11.7,2.5,2.6,67.4,7.7,8.1,16.8,83.2,"[{""score"": ""0 - 1"", ""pct"": 13.3}, {""score"": ""0 - 2"", ""pct"": 12.989999999999998}, {""score"": ""1 - 2"", ""pct"": 9.71}]"
Saudi Arabia,Bosnia and Herzegovina,Neutral,1.659,1.041,52.5,25.2,22.3,52.2,7.2,9.1,21.8,4.2,5.4,68.6,31.4,"[{""score"": ""1 - 1"", ""pct"": 11.360000000000001}, {""score"": ""1 - 0"", ""pct"": 11.23}, {""score"": ""2 - 1"", ""pct"": 9.91}]"
Saudi Arabia,Ghana,Neutral,1.589,1.111,47.8,26.4,25.8,48.0,6.9,8.6,25.5,5.0,6.0,63.5,36.5,"[{""score"": ""1 - 1"", ""pct"": 12.15}, {""score"": ""1 - 0"", ""pct"": 10.51}, {""score"": ""2 - 1"", ""pct"": 8.870000000000001}]"
Saudi Arabia,Netherlands,Neutral,0.69,2.01,10.3,20.6,69.0,10.8,2.4,2.7,69.0,7.1,8.1,15.8,84.2,"[{""score"": ""0 - 1"", ""pct"": 14.16}, {""score"": ""0 - 2"", ""pct"": 13.26}, {""score"": ""1 - 2"", ""pct"": 9.55}]"
Saudi Arabia,Senegal,Neutral,0.805,1.895,14.0,22.7,63.3,14.0,3.0,3.8,63.1,7.2,8.9,20.8,79.2,"[{""score"": ""0 - 1"", ""pct"": 13.270000000000001}, {""score"": ""0 - 2"", ""pct"": 12.09}, {""score"": ""1 - 1"", ""pct"": 10.5}]"
Saudi Arabia,Uzbekistan,Neutral,0.903,1.797,17.9,24.6,57.5,17.1,3.5,4.4,58.6,7.6,8.8,25.0,75.0,"[{""score"": ""0 - 1"", ""pct"": 12.23}, {""score"": ""1 - 1"", ""pct"": 11.27}, {""score"": ""0 - 2"", ""pct"": 10.36}]"
Saudi Arabia,Scotland,Neutral,1.07,1.63,24.0,26.0,50.0,23.4,4.5,5.6,50.2,7.4,8.7,33.6,66.4,"[{""score"": ""1 - 1"", ""pct"": 11.88}, {""score"": ""0 - 1"", ""pct"": 11.74}, {""score"": ""1 - 2"", ""pct"": 9.31}]"
Saudi Arabia,Spain,Neutral,0.414,2.286,4.3,14.9,80.8,4.3,0.9,1.2,80.7,6.2,6.7,6.4,93.6,"[{""score"": ""0 - 2"", ""pct"": 16.64}, {""score"": ""0 - 1"", ""pct"": 16.03}, {""score"": ""0 - 3"", ""pct"": 13.209999999999999}]"
Saudi Arabia,Uruguay,Neutral,0.685,2.015,10.8,20.5,68.7,10.6,1.9,2.9,68.8,7.6,8.1,15.5,84.5,"[{""score"": ""0 - 1"", ""pct"": 14.219999999999999}, {""score"": ""0 - 2"", ""pct"": 12.9}, {""score"": ""1 - 2"", ""pct"": 9.33}]"
Saudi Arabia,Turkey,Neutral,0.788,1.912,13.3,22.5,64.3,13.6,2.4,3.3,64.8,7.5,8.3,19.3,80.7,"[{""score"": ""0 - 1"", ""pct"": 13.100000000000001}, {""score"": ""0 - 2"", ""pct"": 12.06}, {""score"": ""1 - 1"", ""pct"": 10.23}]"
Saudi Arabia,United States,Neutral,0.998,1.702,21.2,25.1,53.8,20.3,3.9,5.1,54.3,7.4,9.0,29.4,70.6,"[{""score"": ""0 - 1"", ""pct"": 11.700000000000001}, {""score"": ""1 - 1"", ""pct"": 11.66}, {""score"": ""1 - 2"", ""pct"": 10.07}]"
Saudi Arabia,Austria,Neutral,1.007,1.693,21.9,25.4,52.7,21.3,3.9,5.2,53.5,7.6,8.5,30.4,69.6,"[{""score"": ""1 - 1"", ""pct"": 11.84}, {""score"": ""0 - 1"", ""pct"": 11.68}, {""score"": ""0 - 2"", ""pct"": 9.66}]"
Saudi Arabia,Australia,Neutral,0.749,1.951,12.4,21.6,66.0,12.4,2.4,3.3,66.1,7.4,8.5,18.1,81.9,"[{""score"": ""0 - 1"", ""pct"": 13.69}, {""score"": ""0 - 2"", ""pct"": 12.68}, {""score"": ""1 - 2"", ""pct"": 9.53}]"
Saudi Arabia,Canada,Neutral,0.86,1.84,15.2,24.0,60.8,15.7,2.9,3.9,61.2,8.0,8.3,22.6,77.4,"[{""score"": ""0 - 1"", ""pct"": 12.91}, {""score"": ""0 - 2"", ""pct"": 10.86}, {""score"": ""1 - 1"", ""pct"": 10.47}]"
Saudi Arabia,Paraguay,Neutral,0.829,1.871,14.9,22.8,62.3,14.9,3.1,4.0,61.3,8.2,8.4,22.1,77.9,"[{""score"": ""0 - 1"", ""pct"": 13.38}, {""score"": ""0 - 2"", ""pct"": 12.07}, {""score"": ""1 - 1"", ""pct"": 10.32}]"
Saudi Arabia,France,Neutral,0.497,2.203,6.4,16.4,77.3,6.3,1.1,1.6,77.0,6.6,7.3,9.1,90.9,"[{""score"": ""0 - 2"", ""pct"": 16.79}, {""score"": ""0 - 1"", ""pct"": 15.6}, {""score"": ""0 - 3"", ""pct"": 11.66}]"
Saudi Arabia,England,Neutral,0.534,2.166,6.5,18.0,75.5,6.6,1.5,1.8,75.6,6.8,7.7,9.9,90.1,"[{""score"": ""0 - 1"", ""pct"": 15.340000000000002}, {""score"": ""0 - 2"", ""pct"": 15.049999999999999}, {""score"": ""0 - 3"", ""pct"": 10.99}]"
Saudi Arabia,Panama,Neutral,0.928,1.772,18.6,24.4,57.0,18.4,3.6,4.6,57.3,7.8,8.4,26.5,73.5,"[{""score"": ""0 - 1"", ""pct"": 11.42}, {""score"": ""1 - 1"", ""pct"": 11.26}, {""score"": ""0 - 2"", ""pct"": 10.100000000000001}]"
Saudi Arabia,South Korea,Neutral,0.809,1.891,14.6,21.6,63.8,14.2,2.7,3.8,63.4,7.3,8.5,20.8,79.2,"[{""score"": ""0 - 1"", ""pct"": 13.4}, {""score"": ""0 - 2"", ""pct"": 12.32}, {""score"": ""1 - 1"", ""pct"": 10.209999999999999}]"
South Africa,Ecuador,Neutral,0.544,2.156,7.0,17.7,75.3,6.9,1.5,1.6,75.9,6.8,7.2,10.0,90.0,"[{""score"": ""0 - 2"", ""pct"": 15.5}, {""score"": ""0 - 1"", ""pct"": 15.28}, {""score"": ""0 - 3"", ""pct"": 10.77}]"
South Africa,Curaçao,Neutral,1.476,1.224,41.8,27.2,30.9,42.0,7.0,8.5,31.3,4.9,6.3,57.5,42.5,"[{""score"": ""1 - 1"", ""pct"": 12.5}, {""score"": ""1 - 0"", ""pct"": 9.610000000000001}, {""score"": ""2 - 1"", ""pct"": 9.43}]"
South Africa,Saudi Arabia,Neutral,1.201,1.499,28.9,26.8,44.3,29.9,5.1,6.7,43.8,6.7,7.9,41.7,58.3,"[{""score"": ""1 - 1"", ""pct"": 12.3}, {""score"": ""0 - 1"", ""pct"": 10.01}, {""score"": ""1 - 2"", ""pct"": 9.55}]"
South Africa,Brazil,Neutral,0.501,2.199,6.0,16.6,77.4,6.1,1.3,1.4,77.7,6.6,6.8,8.8,91.2,"[{""score"": ""0 - 1"", ""pct"": 15.740000000000002}, {""score"": ""0 - 2"", ""pct"": 15.72}, {""score"": ""0 - 3"", ""pct"": 11.42}]"
South Africa,Switzerland,Neutral,0.72,1.98,12.1,21.0,66.9,11.7,2.1,3.1,67.1,7.4,8.5,16.9,83.1,"[{""score"": ""0 - 1"", ""pct"": 13.54}, {""score"": ""0 - 2"", ""pct"": 12.76}, {""score"": ""1 - 2"", ""pct"": 9.78}]"
South Africa,Algeria,Neutral,0.742,1.958,12.6,21.2,66.3,12.1,2.5,3.5,66.6,6.9,8.3,18.2,81.8,"[{""score"": ""0 - 2"", ""pct"": 13.3}, {""score"": ""0 - 1"", ""pct"": 13.209999999999999}, {""score"": ""1 - 1"", ""pct"": 10.01}]"
South Africa,Cape Verde,Neutral,1.433,1.267,39.5,27.0,33.5,41.7,6.9,8.1,30.9,5.5,6.8,56.7,43.3,"[{""score"": ""1 - 1"", ""pct"": 12.19}, {""score"": ""1 - 0"", ""pct"": 9.81}, {""score"": ""2 - 1"", ""pct"": 8.61}]"
South Africa,Haiti,Neutral,1.131,1.569,25.8,26.6,47.6,26.6,4.6,5.8,46.7,7.4,8.8,37.1,62.9,"[{""score"": ""1 - 1"", ""pct"": 12.5}, {""score"": ""0 - 1"", ""pct"": 10.16}, {""score"": ""1 - 2"", ""pct"": 10.02}]"
South Africa,Colombia,Neutral,0.497,2.203,6.2,16.4,77.4,5.8,1.2,1.5,77.8,7.0,6.7,8.5,91.5,"[{""score"": ""0 - 2"", ""pct"": 16.73}, {""score"": ""0 - 1"", ""pct"": 15.32}, {""score"": ""0 - 3"", ""pct"": 11.68}]"
South Africa,Belgium,Neutral,0.695,2.005,11.3,20.8,67.9,11.3,2.0,2.9,68.0,8.0,7.8,16.2,83.8,"[{""score"": ""0 - 1"", ""pct"": 13.59}, {""score"": ""0 - 2"", ""pct"": 12.950000000000001}, {""score"": ""1 - 2"", ""pct"": 9.46}]"
South Africa,Sweden,Neutral,1.211,1.489,29.4,26.7,43.9,30.7,5.2,6.6,43.0,6.6,8.0,42.5,57.5,"[{""score"": ""1 - 1"", ""pct"": 11.940000000000001}, {""score"": ""0 - 1"", ""pct"": 10.01}, {""score"": ""1 - 2"", ""pct"": 9.6}]"
South Africa,Norway,Neutral,0.672,2.028,10.6,20.3,69.1,10.2,1.9,2.8,69.8,7.1,8.2,14.9,85.1,"[{""score"": ""0 - 2"", ""pct"": 13.889999999999999}, {""score"": ""0 - 1"", ""pct"": 13.63}, {""score"": ""0 - 3"", ""pct"": 9.370000000000001}]"
South Africa,Egypt,Neutral,0.996,1.704,21.0,25.1,53.9,21.2,3.7,4.7,54.1,7.2,9.0,29.7,70.3,"[{""score"": ""0 - 1"", ""pct"": 12.0}, {""score"": ""1 - 1"", ""pct"": 11.29}, {""score"": ""1 - 2"", ""pct"": 9.629999999999999}]"
South Africa,Jordan,Neutral,0.911,1.789,17.8,23.8,58.3,17.8,3.4,4.6,58.2,7.4,8.5,25.9,74.1,"[{""score"": ""0 - 1"", ""pct"": 12.4}, {""score"": ""1 - 1"", ""pct"": 10.92}, {""score"": ""0 - 2"", ""pct"": 10.77}]"
South Africa,Iraq,Neutral,1.079,1.621,23.5,26.4,50.1,24.3,4.7,5.3,49.3,7.6,8.7,34.3,65.7,"[{""score"": ""1 - 1"", ""pct"": 11.940000000000001}, {""score"": ""0 - 1"", ""pct"": 10.65}, {""score"": ""1 - 2"", ""pct"": 10.14}]"
South Africa,Ivory Coast,Neutral,0.936,1.764,18.3,24.8,57.0,19.1,3.4,4.3,56.7,7.5,9.0,26.7,73.3,"[{""score"": ""0 - 1"", ""pct"": 12.389999999999999}, {""score"": ""1 - 1"", ""pct"": 11.37}, {""score"": ""1 - 2"", ""pct"": 9.969999999999999}]"
South Africa,Mexico,Neutral,0.586,2.114,8.0,17.8,74.2,8.4,1.6,2.3,72.9,7.1,7.8,12.2,87.8,"[{""score"": ""0 - 1"", ""pct"": 15.1}, {""score"": ""0 - 2"", ""pct"": 14.719999999999999}, {""score"": ""0 - 3"", ""pct"": 10.34}]"
South Africa,Tunisia,Neutral,1.109,1.591,24.8,26.4,48.8,25.2,5.0,5.9,48.3,7.4,8.2,36.1,63.9,"[{""score"": ""1 - 1"", ""pct"": 11.790000000000001}, {""score"": ""0 - 1"", ""pct"": 11.709999999999999}, {""score"": ""1 - 2"", ""pct"": 9.26}]"
South Africa,Portugal,Neutral,0.521,2.179,6.5,16.6,77.0,6.8,1.3,1.8,76.0,6.6,7.5,9.9,90.1,"[{""score"": ""0 - 2"", ""pct"": 16.05}, {""score"": ""0 - 1"", ""pct"": 15.85}, {""score"": ""0 - 3"", ""pct"": 11.450000000000001}]"
South Africa,Morocco,Neutral,0.544,2.156,7.1,17.6,75.3,6.8,1.3,1.9,75.3,7.2,7.5,10.0,90.0,"[{""score"": ""0 - 2"", ""pct"": 15.4}, {""score"": ""0 - 1"", ""pct"": 15.110000000000001}, {""score"": ""0 - 3"", ""pct"": 10.91}]"
South Africa,Germany,Neutral,0.613,2.087,8.6,19.2,72.2,8.7,1.5,2.2,72.6,7.6,7.5,12.4,87.6,"[{""score"": ""0 - 1"", ""pct"": 15.129999999999999}, {""score"": ""0 - 2"", ""pct"": 14.48}, {""score"": ""0 - 3"", ""pct"": 9.66}]"
South Africa,Argentina,Neutral,0.373,2.327,3.8,13.1,83.1,4.0,0.8,0.9,82.0,6.1,6.2,5.7,94.3,"[{""score"": ""0 - 2"", ""pct"": 18.67}, {""score"": ""0 - 1"", ""pct"": 16.06}, {""score"": ""0 - 3"", ""pct"": 14.14}]"
South Africa,Qatar,Neutral,1.617,1.083,49.9,26.1,24.0,49.5,6.6,9.3,24.3,4.7,5.6,65.4,34.6,"[{""score"": ""1 - 1"", ""pct"": 11.66}, {""score"": ""1 - 0"", ""pct"": 11.559999999999999}, {""score"": ""2 - 1"", ""pct"": 9.5}]"
South Africa,Czech Republic,Neutral,1.04,1.66,22.8,25.8,51.4,22.1,4.2,5.3,52.4,7.1,8.7,31.7,68.3,"[{""score"": ""1 - 1"", ""pct"": 12.0}, {""score"": ""0 - 1"", ""pct"": 11.559999999999999}, {""score"": ""1 - 2"", ""pct"": 9.77}]"
South Africa,New Zealand,Neutral,1.18,1.52,28.5,26.5,45.0,28.7,5.0,6.4,43.9,7.1,8.9,40.1,59.9,"[{""score"": ""1 - 1"", ""pct"": 12.0}, {""score"": ""0 - 1"", ""pct"": 10.71}, {""score"": ""1 - 2"", ""pct"": 8.97}]"
South Africa,Japan,Neutral,0.54,2.16,7.0,17.2,75.8,7.3,1.3,2.0,74.6,7.1,7.7,10.6,89.4,"[{""score"": ""0 - 2"", ""pct"": 16.55}, {""score"": ""0 - 1"", ""pct"": 14.899999999999999}, {""score"": ""0 - 3"", ""pct"": 10.489999999999998}]"
South Africa,DR Congo,Neutral,1.025,1.675,21.9,25.4,52.7,22.1,4.2,5.2,52.8,7.4,8.3,31.5,68.5,"[{""score"": ""0 - 1"", ""pct"": 11.67}, {""score"": ""1 - 1"", ""pct"": 11.21}, {""score"": ""1 - 2"", ""pct"": 10.08}]"
South Africa,Iran,Neutral,0.676,2.024,10.6,21.0,68.4,10.6,2.1,2.4,69.0,7.5,8.2,15.2,84.8,"[{""score"": ""0 - 1"", ""pct"": 13.68}, {""score"": ""0 - 2"", ""pct"": 13.420000000000002}, {""score"": ""1 - 1"", ""pct"": 9.51}]"
South Africa,Croatia,Neutral,0.641,2.059,9.2,20.8,69.9,9.2,1.8,2.5,71.3,7.2,7.9,13.5,86.5,"[{""score"": ""0 - 1"", ""pct"": 14.510000000000002}, {""score"": ""0 - 2"", ""pct"": 13.850000000000001}, {""score"": ""1 - 1"", ""pct"": 9.19}]"
South Africa,Bosnia and Herzegovina,Neutral,1.517,1.183,44.0,26.7,29.2,44.8,7.0,8.2,28.3,5.0,6.7,60.0,40.0,"[{""score"": ""1 - 1"", ""pct"": 11.799999999999999}, {""score"": ""1 - 0"", ""pct"": 10.299999999999999}, {""score"": ""2 - 1"", ""pct"": 9.520000000000001}]"
South Africa,Ghana,Neutral,1.443,1.257,40.7,27.6,31.7,41.1,6.2,8.3,32.0,5.4,6.9,55.7,44.3,"[{""score"": ""1 - 1"", ""pct"": 12.65}, {""score"": ""1 - 0"", ""pct"": 10.299999999999999}, {""score"": ""2 - 1"", ""pct"": 9.1}]"
South Africa,Netherlands,Neutral,0.602,2.098,8.7,18.4,73.0,8.4,1.7,2.5,73.0,7.1,7.2,12.6,87.4,"[{""score"": ""0 - 1"", ""pct"": 15.15}, {""score"": ""0 - 2"", ""pct"": 14.87}, {""score"": ""0 - 3"", ""pct"": 9.4}]"
South Africa,Senegal,Neutral,0.699,2.001,10.7,20.5,68.8,10.7,2.1,2.9,68.3,7.8,8.2,15.7,84.3,"[{""score"": ""0 - 1"", ""pct"": 14.13}, {""score"": ""0 - 2"", ""pct"": 13.389999999999999}, {""score"": ""1 - 2"", ""pct"": 9.43}]"
South Africa,Uzbekistan,Neutral,0.785,1.915,13.2,22.3,64.4,13.9,2.7,3.3,64.1,7.5,8.5,19.9,80.1,"[{""score"": ""0 - 1"", ""pct"": 13.68}, {""score"": ""0 - 2"", ""pct"": 12.15}, {""score"": ""1 - 1"", ""pct"": 10.290000000000001}]"
South Africa,Scotland,Neutral,0.935,1.765,18.8,24.0,57.2,18.5,3.6,4.5,57.2,7.2,8.9,26.6,73.4,"[{""score"": ""0 - 1"", ""pct"": 12.1}, {""score"": ""1 - 1"", ""pct"": 10.979999999999999}, {""score"": ""0 - 2"", ""pct"": 9.93}]"
South Africa,Spain,Neutral,0.377,2.323,4.2,14.0,81.8,3.9,0.8,1.0,82.3,6.0,6.0,5.7,94.3,"[{""score"": ""0 - 2"", ""pct"": 18.32}, {""score"": ""0 - 1"", ""pct"": 16.05}, {""score"": ""0 - 3"", ""pct"": 13.81}]"
South Africa,Uruguay,Neutral,0.597,2.103,8.6,19.0,72.4,7.9,1.6,2.0,73.8,6.8,7.8,11.5,88.5,"[{""score"": ""0 - 2"", ""pct"": 15.229999999999999}, {""score"": ""0 - 1"", ""pct"": 13.94}, {""score"": ""0 - 3"", ""pct"": 10.01}]"
South Africa,Turkey,Neutral,0.685,2.015,10.8,20.7,68.4,10.9,1.9,2.4,69.3,7.5,7.9,15.3,84.7,"[{""score"": ""0 - 1"", ""pct"": 14.469999999999999}, {""score"": ""0 - 2"", ""pct"": 12.870000000000001}, {""score"": ""1 - 2"", ""pct"": 9.31}]"
South Africa,United States,Neutral,0.869,1.831,16.4,23.6,60.0,16.9,3.0,4.3,60.0,7.4,8.4,24.2,75.8,"[{""score"": ""0 - 1"", ""pct"": 13.04}, {""score"": ""0 - 2"", ""pct"": 11.14}, {""score"": ""1 - 1"", ""pct"": 10.66}]"
South Africa,Austria,Neutral,0.878,1.822,16.3,24.3,59.4,16.6,3.3,4.1,60.6,7.0,8.4,24.0,76.0,"[{""score"": ""0 - 1"", ""pct"": 12.43}, {""score"": ""1 - 1"", ""pct"": 11.0}, {""score"": ""0 - 2"", ""pct"": 10.979999999999999}]"
South Africa,Australia,Neutral,0.652,2.048,9.6,20.1,70.2,9.5,2.2,2.2,70.9,6.9,8.3,13.9,86.1,"[{""score"": ""0 - 1"", ""pct"": 14.42}, {""score"": ""0 - 2"", ""pct"": 13.889999999999999}, {""score"": ""1 - 2"", ""pct"": 9.19}]"
South Africa,Canada,Neutral,0.747,1.953,12.7,21.2,66.1,12.6,2.3,3.3,66.3,7.5,8.1,18.2,81.8,"[{""score"": ""0 - 1"", ""pct"": 14.05}, {""score"": ""0 - 2"", ""pct"": 12.590000000000002}, {""score"": ""1 - 2"", ""pct"": 10.01}]"
South Africa,Paraguay,Neutral,0.721,1.979,11.3,21.9,66.8,11.7,2.4,3.0,67.3,7.0,8.5,17.2,82.8,"[{""score"": ""0 - 1"", ""pct"": 13.84}, {""score"": ""0 - 2"", ""pct"": 12.78}, {""score"": ""1 - 1"", ""pct"": 9.84}]"
South Africa,France,Neutral,0.443,2.257,5.0,15.3,79.6,5.1,1.0,1.2,79.2,6.6,7.0,7.3,92.7,"[{""score"": ""0 - 2"", ""pct"": 17.16}, {""score"": ""0 - 1"", ""pct"": 15.939999999999998}, {""score"": ""0 - 3"", ""pct"": 12.379999999999999}]"
South Africa,England,Neutral,0.473,2.227,5.7,15.7,78.6,5.1,1.0,1.6,78.7,6.6,6.9,7.8,92.2,"[{""score"": ""0 - 2"", ""pct"": 16.43}, {""score"": ""0 - 1"", ""pct"": 15.909999999999998}, {""score"": ""0 - 3"", ""pct"": 12.379999999999999}]"
South Africa,Panama,Neutral,0.807,1.893,14.5,21.9,63.5,14.7,2.4,3.6,63.2,7.5,8.6,20.7,79.3,"[{""score"": ""0 - 1"", ""pct"": 13.139999999999999}, {""score"": ""0 - 2"", ""pct"": 12.06}, {""score"": ""1 - 2"", ""pct"": 9.68}]"
South Africa,South Korea,Neutral,0.703,1.997,11.1,20.1,68.7,10.1,2.3,2.8,69.4,7.4,8.0,15.2,84.8,"[{""score"": ""0 - 2"", ""pct"": 13.669999999999998}, {""score"": ""0 - 1"", ""pct"": 13.63}, {""score"": ""1 - 2"", ""pct"": 9.66}]"
Brazil,Ecuador,Neutral,1.449,1.251,40.9,27.3,31.7,40.9,6.7,7.8,32.1,5.9,6.6,55.4,44.6,"[{""score"": ""1 - 1"", ""pct"": 11.93}, {""score"": ""1 - 0"", ""pct"": 9.84}, {""score"": ""2 - 1"", ""pct"": 8.72}]"
Brazil,Curaçao,Neutral,2.246,0.454,78.4,16.3,5.3,78.5,6.5,7.1,5.7,1.0,1.2,92.2,7.8,"[{""score"": ""2 - 0"", ""pct"": 17.06}, {""score"": ""1 - 0"", ""pct"": 15.18}, {""score"": ""3 - 0"", ""pct"": 12.5}]"
Brazil,Saudi Arabia,Neutral,2.132,0.568,74.5,17.9,7.5,74.1,7.0,7.5,7.7,1.8,1.9,88.6,11.4,"[{""score"": ""2 - 0"", ""pct"": 15.36}, {""score"": ""1 - 0"", ""pct"": 15.120000000000001}, {""score"": ""3 - 0"", ""pct"": 10.35}]"
Brazil,South Africa,Neutral,2.199,0.501,76.9,17.1,6.0,77.6,6.8,6.8,6.1,1.1,1.5,91.2,8.8,"[{""score"": ""2 - 0"", ""pct"": 17.14}, {""score"": ""1 - 0"", ""pct"": 14.41}, {""score"": ""3 - 0"", ""pct"": 11.469999999999999}]"
Brazil,Switzerland,Neutral,1.742,0.958,55.8,24.5,19.7,56.0,7.6,9.2,19.3,3.5,4.3,72.8,27.2,"[{""score"": ""1 - 0"", ""pct"": 12.21}, {""score"": ""1 - 1"", ""pct"": 11.200000000000001}, {""score"": ""2 - 0"", ""pct"": 9.8}]"
Brazil,Algeria,Neutral,1.77,0.93,57.2,24.6,18.2,57.8,7.1,9.0,18.1,3.4,4.6,73.9,26.1,"[{""score"": ""1 - 0"", ""pct"": 11.85}, {""score"": ""1 - 1"", ""pct"": 10.99}, {""score"": ""2 - 0"", ""pct"": 10.65}]"
Brazil,Cape Verde,Neutral,2.231,0.469,79.1,15.6,5.3,78.9,6.4,6.5,5.7,1.1,1.4,91.8,8.2,"[{""score"": ""2 - 0"", ""pct"": 17.0}, {""score"": ""1 - 0"", ""pct"": 16.220000000000002}, {""score"": ""3 - 0"", ""pct"": 11.23}]"
Brazil,Haiti,Neutral,2.095,0.605,72.6,19.2,8.2,72.2,7.0,8.0,9.1,1.6,2.1,87.2,12.8,"[{""score"": ""1 - 0"", ""pct"": 14.96}, {""score"": ""2 - 0"", ""pct"": 14.67}, {""score"": ""3 - 0"", ""pct"": 9.89}]"
Brazil,Colombia,Neutral,1.341,1.359,34.6,27.3,38.1,36.1,6.0,7.8,36.5,5.9,7.7,49.9,50.1,"[{""score"": ""1 - 1"", ""pct"": 12.67}, {""score"": ""0 - 1"", ""pct"": 9.610000000000001}, {""score"": ""1 - 0"", ""pct"": 8.62}]"
Brazil,Belgium,Neutral,1.709,0.991,54.1,24.7,21.2,53.5,7.4,8.8,21.6,3.7,5.0,69.8,30.2,"[{""score"": ""1 - 0"", ""pct"": 11.52}, {""score"": ""1 - 1"", ""pct"": 11.21}, {""score"": ""2 - 1"", ""pct"": 9.969999999999999}]"
Brazil,Sweden,Neutral,2.137,0.563,74.6,18.2,7.2,74.3,6.7,7.8,7.6,1.4,2.3,88.8,11.2,"[{""score"": ""2 - 0"", ""pct"": 15.35}, {""score"": ""1 - 0"", ""pct"": 14.67}, {""score"": ""3 - 0"", ""pct"": 10.54}]"
Brazil,Norway,Neutral,1.676,1.024,52.3,25.6,22.1,52.9,7.4,9.1,20.8,4.1,5.7,69.3,30.7,"[{""score"": ""1 - 0"", ""pct"": 11.790000000000001}, {""score"": ""1 - 1"", ""pct"": 11.709999999999999}, {""score"": ""2 - 1"", ""pct"": 9.4}]"
Brazil,Egypt,Neutral,2.008,0.692,69.2,20.3,10.4,68.8,7.4,8.2,10.8,2.1,2.7,84.4,15.6,"[{""score"": ""2 - 0"", ""pct"": 14.01}, {""score"": ""1 - 0"", ""pct"": 13.639999999999999}, {""score"": ""2 - 1"", ""pct"": 9.45}]"
Brazil,Jordan,Neutral,1.943,0.757,66.2,21.4,12.5,66.1,7.2,8.4,12.5,2.5,3.3,81.7,18.3,"[{""score"": ""1 - 0"", ""pct"": 13.889999999999999}, {""score"": ""2 - 0"", ""pct"": 13.239999999999998}, {""score"": ""2 - 1"", ""pct"": 9.91}]"
Brazil,Iraq,Neutral,2.064,0.636,71.9,18.9,9.2,71.1,7.3,7.7,9.7,1.8,2.5,86.0,14.0,"[{""score"": ""2 - 0"", ""pct"": 14.649999999999999}, {""score"": ""1 - 0"", ""pct"": 14.649999999999999}, {""score"": ""2 - 1"", ""pct"": 9.4}]"
Brazil,Ivory Coast,Neutral,1.963,0.737,66.4,21.7,11.9,66.6,7.5,8.2,12.0,2.4,3.2,82.4,17.6,"[{""score"": ""1 - 0"", ""pct"": 13.91}, {""score"": ""2 - 0"", ""pct"": 12.27}, {""score"": ""1 - 1"", ""pct"": 9.98}]"
Brazil,Mexico,Neutral,1.533,1.167,44.9,27.1,28.0,46.4,6.6,8.3,27.2,5.2,6.3,61.3,38.7,"[{""score"": ""1 - 1"", ""pct"": 12.809999999999999}, {""score"": ""1 - 0"", ""pct"": 10.18}, {""score"": ""2 - 1"", ""pct"": 9.379999999999999}]"
Brazil,Tunisia,Neutral,2.082,0.618,72.8,18.8,8.4,72.4,7.0,7.7,8.9,1.6,2.4,87.1,12.9,"[{""score"": ""1 - 0"", ""pct"": 14.91}, {""score"": ""2 - 0"", ""pct"": 14.399999999999999}, {""score"": ""3 - 0"", ""pct"": 9.53}]"
Brazil,Portugal,Neutral,1.398,1.302,39.0,27.4,33.6,38.0,6.4,8.0,34.5,6.0,7.2,52.3,47.7,"[{""score"": ""1 - 1"", ""pct"": 12.04}, {""score"": ""1 - 0"", ""pct"": 9.58}, {""score"": ""0 - 1"", ""pct"": 8.72}]"
Brazil,Morocco,Neutral,1.449,1.251,41.0,27.7,31.4,41.3,6.5,8.0,32.0,5.2,6.9,55.8,44.1,"[{""score"": ""1 - 1"", ""pct"": 13.139999999999999}, {""score"": ""1 - 0"", ""pct"": 9.69}, {""score"": ""2 - 1"", ""pct"": 8.39}]"
Brazil,Germany,Neutral,1.581,1.119,47.6,26.9,25.5,48.6,7.0,8.5,25.1,4.8,6.0,64.1,35.9,"[{""score"": ""1 - 1"", ""pct"": 11.81}, {""score"": ""1 - 0"", ""pct"": 11.01}, {""score"": ""2 - 1"", ""pct"": 9.790000000000001}]"
Brazil,Argentina,Neutral,0.945,1.755,18.5,24.8,56.7,18.4,3.7,5.0,56.4,7.4,9.1,27.1,72.9,"[{""score"": ""0 - 1"", ""pct"": 11.91}, {""score"": ""1 - 1"", ""pct"": 10.68}, {""score"": ""0 - 2"", ""pct"": 10.23}]"
Brazil,Qatar,Neutral,2.29,0.41,81.3,14.3,4.5,80.9,5.7,6.8,4.5,0.9,1.2,93.4,6.6,"[{""score"": ""2 - 0"", ""pct"": 18.09}, {""score"": ""1 - 0"", ""pct"": 16.16}, {""score"": ""3 - 0"", ""pct"": 13.83}]"
Brazil,Czech Republic,Neutral,2.039,0.661,69.8,20.3,9.8,69.8,7.4,8.1,9.8,2.2,2.7,85.3,14.7,"[{""score"": ""1 - 0"", ""pct"": 14.38}, {""score"": ""2 - 0"", ""pct"": 13.850000000000001}, {""score"": ""2 - 1"", ""pct"": 9.139999999999999}]"
Brazil,New Zealand,Neutral,2.121,0.579,73.6,18.9,7.5,73.7,6.8,7.5,8.2,1.6,2.2,88.1,11.9,"[{""score"": ""2 - 0"", ""pct"": 14.77}, {""score"": ""1 - 0"", ""pct"": 14.499999999999998}, {""score"": ""3 - 0"", ""pct"": 10.15}]"
Brazil,Japan,Neutral,1.44,1.26,40.7,27.2,32.1,41.2,6.5,7.2,32.2,5.7,7.1,55.0,45.0,"[{""score"": ""1 - 1"", ""pct"": 12.42}, {""score"": ""1 - 0"", ""pct"": 9.34}, {""score"": ""2 - 1"", ""pct"": 8.799999999999999}]"
Brazil,DR Congo,Neutral,2.029,0.671,69.2,20.6,10.2,69.5,7.8,8.0,10.4,1.8,2.5,85.2,14.8,"[{""score"": ""1 - 0"", ""pct"": 14.06}, {""score"": ""2 - 0"", ""pct"": 13.52}, {""score"": ""2 - 1"", ""pct"": 9.879999999999999}]"
Brazil,Iran,Neutral,1.682,1.018,52.8,25.5,21.7,52.6,7.5,8.7,22.1,4.0,5.1,68.8,31.2,"[{""score"": ""1 - 0"", ""pct"": 11.790000000000001}, {""score"": ""1 - 1"", ""pct"": 11.5}, {""score"": ""2 - 1"", ""pct"": 9.78}]"
Brazil,Croatia,Neutral,1.629,1.071,50.4,26.1,23.5,49.9,7.3,8.2,24.1,4.8,5.7,65.4,34.6,"[{""score"": ""1 - 1"", ""pct"": 11.98}, {""score"": ""1 - 0"", ""pct"": 11.53}, {""score"": ""2 - 1"", ""pct"": 9.62}]"
Brazil,Bosnia and Herzegovina,Neutral,2.259,0.441,79.6,15.4,5.0,79.9,6.4,6.3,4.9,1.1,1.4,92.6,7.4,"[{""score"": ""2 - 0"", ""pct"": 16.99}, {""score"": ""1 - 0"", ""pct"": 16.33}, {""score"": ""3 - 0"", ""pct"": 12.94}]"
Brazil,Ghana,Neutral,2.234,0.466,78.8,15.8,5.4,78.8,6.4,7.0,5.2,1.1,1.5,92.2,7.8,"[{""score"": ""1 - 0"", ""pct"": 16.71}, {""score"": ""2 - 0"", ""pct"": 15.97}, {""score"": ""3 - 0"", ""pct"": 11.99}]"
Brazil,Netherlands,Neutral,1.562,1.138,46.6,26.4,27.0,46.4,7.1,8.2,27.1,4.8,6.5,61.6,38.4,"[{""score"": ""1 - 1"", ""pct"": 11.82}, {""score"": ""1 - 0"", ""pct"": 10.8}, {""score"": ""2 - 1"", ""pct"": 8.68}]"
Brazil,Senegal,Neutral,1.715,0.985,54.1,25.0,20.9,53.6,7.6,9.3,20.4,3.9,5.2,70.5,29.5,"[{""score"": ""1 - 0"", ""pct"": 11.91}, {""score"": ""1 - 1"", ""pct"": 11.65}, {""score"": ""2 - 1"", ""pct"": 10.190000000000001}]"
Brazil,Uzbekistan,Neutral,1.82,0.88,59.5,23.1,17.5,59.2,7.4,8.6,17.1,3.1,4.6,75.2,24.8,"[{""score"": ""1 - 0"", ""pct"": 12.65}, {""score"": ""2 - 0"", ""pct"": 10.89}, {""score"": ""1 - 1"", ""pct"": 10.299999999999999}]"
Brazil,Scotland,Neutral,1.962,0.738,66.4,21.8,11.8,66.4,7.8,8.3,11.9,2.3,3.3,82.4,17.6,"[{""score"": ""1 - 0"", ""pct"": 13.780000000000001}, {""score"": ""2 - 0"", ""pct"": 12.889999999999999}, {""score"": ""1 - 1"", ""pct"": 9.879999999999999}]"
Brazil,Spain,Neutral,0.958,1.742,19.3,24.7,56.0,19.2,3.7,5.2,56.1,7.2,8.6,28.0,72.0,"[{""score"": ""0 - 1"", ""pct"": 12.45}, {""score"": ""1 - 1"", ""pct"": 11.35}, {""score"": ""0 - 2"", ""pct"": 9.66}]"
Brazil,Uruguay,Neutral,1.554,1.146,46.8,26.7,26.6,46.8,7.0,7.8,27.5,5.0,6.0,61.5,38.5,"[{""score"": ""1 - 1"", ""pct"": 12.31}, {""score"": ""1 - 0"", ""pct"": 10.620000000000001}, {""score"": ""2 - 1"", ""pct"": 9.77}]"
Brazil,Turkey,Neutral,1.695,1.005,53.8,24.9,21.3,54.1,7.3,8.5,21.3,4.0,4.9,69.9,30.1,"[{""score"": ""1 - 0"", ""pct"": 11.64}, {""score"": ""1 - 1"", ""pct"": 11.09}, {""score"": ""2 - 1"", ""pct"": 9.83}]"
Brazil,United States,Neutral,1.906,0.794,63.0,23.2,13.8,63.7,7.8,8.6,13.7,2.8,3.5,80.1,19.9,"[{""score"": ""1 - 0"", ""pct"": 13.0}, {""score"": ""2 - 0"", ""pct"": 11.899999999999999}, {""score"": ""1 - 1"", ""pct"": 10.48}]"
Brazil,Austria,Neutral,1.914,0.786,64.5,21.7,13.9,62.9,7.9,8.8,13.8,3.1,3.5,79.6,20.4,"[{""score"": ""1 - 0"", ""pct"": 12.65}, {""score"": ""2 - 0"", ""pct"": 12.620000000000001}, {""score"": ""2 - 1"", ""pct"": 10.12}]"
Brazil,Australia,Neutral,1.646,1.054,50.4,25.7,23.9,51.1,7.0,8.5,23.7,4.7,5.1,66.5,33.5,"[{""score"": ""1 - 1"", ""pct"": 11.3}, {""score"": ""1 - 0"", ""pct"": 10.79}, {""score"": ""2 - 1"", ""pct"": 9.180000000000001}]"
Brazil,Canada,Neutral,1.777,0.923,57.2,24.2,18.5,58.2,7.7,8.7,17.3,3.5,4.7,74.5,25.5,"[{""score"": ""1 - 0"", ""pct"": 12.21}, {""score"": ""1 - 1"", ""pct"": 11.34}, {""score"": ""2 - 0"", ""pct"": 10.74}]"
Brazil,Paraguay,Neutral,1.743,0.957,56.9,24.3,18.8,55.5,7.1,8.9,19.7,3.8,5.0,71.5,28.5,"[{""score"": ""1 - 0"", ""pct"": 11.91}, {""score"": ""1 - 1"", ""pct"": 10.4}, {""score"": ""2 - 1"", ""pct"": 10.39}]"
Brazil,France,Neutral,1.191,1.509,28.6,26.9,44.5,28.4,5.3,6.4,44.6,6.6,8.7,40.1,59.9,"[{""score"": ""1 - 1"", ""pct"": 12.26}, {""score"": ""0 - 1"", ""pct"": 10.43}, {""score"": ""1 - 2"", ""pct"": 9.0}]"
Brazil,England,Neutral,1.278,1.422,32.7,27.2,40.1,32.4,5.5,7.0,40.8,6.4,7.8,44.9,55.1,"[{""score"": ""1 - 1"", ""pct"": 12.07}, {""score"": ""0 - 1"", ""pct"": 9.86}, {""score"": ""1 - 2"", ""pct"": 8.89}]"
Brazil,Panama,Neutral,1.844,0.856,60.9,23.0,16.1,60.9,7.3,8.3,15.8,3.1,4.6,76.5,23.5,"[{""score"": ""1 - 0"", ""pct"": 12.32}, {""score"": ""2 - 0"", ""pct"": 11.21}, {""score"": ""1 - 1"", ""pct"": 10.58}]"
Brazil,South Korea,Neutral,1.72,0.98,54.4,25.2,20.5,55.0,7.3,8.5,20.2,3.8,5.2,70.8,29.2,"[{""score"": ""1 - 0"", ""pct"": 11.64}, {""score"": ""1 - 1"", ""pct"": 10.82}, {""score"": ""2 - 1"", ""pct"": 9.76}]"
Switzerland,Ecuador,Neutral,1.047,1.653,23.5,25.2,51.3,23.6,4.4,5.4,50.5,7.1,9.0,33.4,66.6,"[{""score"": ""0 - 1"", ""pct"": 11.200000000000001}, {""score"": ""1 - 1"", ""pct"": 10.780000000000001}, {""score"": ""1 - 2"", ""pct"": 9.91}]"
Switzerland,Curaçao,Neutral,2.06,0.64,71.3,19.3,9.5,71.1,7.4,7.7,9.5,1.8,2.5,86.2,13.8,"[{""score"": ""1 - 0"", ""pct"": 14.85}, {""score"": ""2 - 0"", ""pct"": 14.14}, {""score"": ""2 - 1"", ""pct"": 9.35}]"
Switzerland,Saudi Arabia,Neutral,1.872,0.828,62.4,23.0,14.6,63.0,7.7,8.5,14.3,2.8,3.6,79.2,20.8,"[{""score"": ""1 - 0"", ""pct"": 13.36}, {""score"": ""2 - 0"", ""pct"": 11.82}, {""score"": ""1 - 1"", ""pct"": 10.45}]"
Switzerland,South Africa,Neutral,1.98,0.72,67.6,21.3,11.2,67.8,7.2,8.2,11.6,2.3,2.9,83.2,16.8,"[{""score"": ""1 - 0"", ""pct"": 13.44}, {""score"": ""2 - 0"", ""pct"": 13.05}, {""score"": ""2 - 1"", ""pct"": 9.92}]"
Switzerland,Brazil,Neutral,0.958,1.742,19.9,24.6,55.6,19.3,3.8,4.9,56.0,7.6,8.4,28.0,72.0,"[{""score"": ""0 - 1"", ""pct"": 12.11}, {""score"": ""1 - 1"", ""pct"": 10.86}, {""score"": ""1 - 2"", ""pct"": 10.13}]"
Switzerland,Algeria,Neutral,1.383,1.317,37.5,27.5,34.9,36.8,6.2,7.9,35.8,6.0,7.3,50.9,49.1,"[{""score"": ""1 - 1"", ""pct"": 12.4}, {""score"": ""1 - 0"", ""pct"": 9.790000000000001}, {""score"": ""0 - 1"", ""pct"": 8.82}]"
Switzerland,Cape Verde,Neutral,2.034,0.666,70.0,20.0,10.0,70.2,7.3,8.0,10.0,2.1,2.5,85.5,14.5,"[{""score"": ""1 - 0"", ""pct"": 14.77}, {""score"": ""2 - 0"", ""pct"": 13.65}, {""score"": ""2 - 1"", ""pct"": 9.64}]"
Switzerland,Haiti,Neutral,1.815,0.885,59.4,23.6,17.0,60.1,7.7,8.5,16.6,3.2,4.0,76.3,23.7,"[{""score"": ""1 - 0"", ""pct"": 12.44}, {""score"": ""2 - 0"", ""pct"": 11.19}, {""score"": ""1 - 1"", ""pct"": 10.79}]"
Switzerland,Colombia,Neutral,0.95,1.75,19.2,24.3,56.5,19.4,3.6,4.7,56.2,7.7,8.4,27.8,72.2,"[{""score"": ""0 - 1"", ""pct"": 12.49}, {""score"": ""1 - 1"", ""pct"": 11.05}, {""score"": ""0 - 2"", ""pct"": 10.12}]"
Switzerland,Belgium,Neutral,1.312,1.388,33.9,27.9,38.2,34.1,5.8,7.5,38.9,6.0,7.8,47.4,52.6,"[{""score"": ""1 - 1"", ""pct"": 12.64}, {""score"": ""0 - 1"", ""pct"": 9.48}, {""score"": ""1 - 2"", ""pct"": 8.43}]"
Switzerland,Sweden,Neutral,1.88,0.82,63.2,22.3,14.5,62.2,7.5,8.7,15.0,2.8,3.8,78.5,21.5,"[{""score"": ""1 - 0"", ""pct"": 12.76}, {""score"": ""2 - 0"", ""pct"": 12.139999999999999}, {""score"": ""2 - 1"", ""pct"": 9.81}]"
Switzerland,Norway,Neutral,1.276,1.424,33.2,27.5,39.3,33.6,5.9,7.2,39.4,6.3,7.6,46.7,53.3,"[{""score"": ""1 - 1"", ""pct"": 12.73}, {""score"": ""0 - 1"", ""pct"": 9.51}, {""score"": ""1 - 2"", ""pct"": 8.64}]"
Switzerland,Egypt,Neutral,1.688,1.012,53.4,25.1,21.5,53.5,7.3,8.9,20.8,4.0,5.5,69.7,30.3,"[{""score"": ""1 - 0"", ""pct"": 11.82}, {""score"": ""1 - 1"", ""pct"": 11.4}, {""score"": ""2 - 1"", ""pct"": 10.290000000000001}]"
Switzerland,Jordan,Neutral,1.599,1.101,48.8,26.2,25.0,48.3,7.2,8.6,25.5,4.7,5.6,64.2,35.8,"[{""score"": ""1 - 1"", ""pct"": 11.959999999999999}, {""score"": ""1 - 0"", ""pct"": 11.360000000000001}, {""score"": ""2 - 1"", ""pct"": 9.28}]"
Switzerland,Iraq,Neutral,1.768,0.932,57.0,24.4,18.6,57.6,7.2,8.7,18.6,3.2,4.7,73.5,26.5,"[{""score"": ""1 - 0"", ""pct"": 12.57}, {""score"": ""1 - 1"", ""pct"": 11.1}, {""score"": ""2 - 0"", ""pct"": 10.13}]"
Switzerland,Ivory Coast,Neutral,1.626,1.074,50.3,25.2,24.4,50.3,7.1,8.5,24.1,4.7,5.3,65.9,34.1,"[{""score"": ""1 - 1"", ""pct"": 11.33}, {""score"": ""1 - 0"", ""pct"": 11.25}, {""score"": ""2 - 1"", ""pct"": 9.69}]"
Switzerland,Mexico,Neutral,1.128,1.572,26.4,26.1,47.6,25.8,4.6,6.5,47.9,6.9,8.4,36.9,63.1,"[{""score"": ""1 - 1"", ""pct"": 11.64}, {""score"": ""0 - 1"", ""pct"": 11.200000000000001}, {""score"": ""1 - 2"", ""pct"": 9.51}]"
Switzerland,Tunisia,Neutral,1.795,0.905,59.4,23.5,17.1,59.1,6.7,8.7,17.9,3.1,4.5,74.4,25.6,"[{""score"": ""1 - 0"", ""pct"": 13.450000000000001}, {""score"": ""1 - 1"", ""pct"": 10.51}, {""score"": ""2 - 0"", ""pct"": 10.45}]"
Switzerland,Portugal,Neutral,1.0,1.7,20.8,25.1,54.0,21.3,4.1,5.0,53.5,7.4,8.6,30.4,69.6,"[{""score"": ""0 - 1"", ""pct"": 11.81}, {""score"": ""1 - 1"", ""pct"": 11.21}, {""score"": ""1 - 2"", ""pct"": 9.790000000000001}]"
Switzerland,Morocco,Neutral,1.047,1.653,22.6,26.1,51.3,22.9,4.2,5.3,51.3,7.4,8.8,32.5,67.5,"[{""score"": ""1 - 1"", ""pct"": 11.81}, {""score"": ""0 - 1"", ""pct"": 11.66}, {""score"": ""1 - 2"", ""pct"": 9.66}]"
Switzerland,Germany,Neutral,1.176,1.524,28.4,26.9,44.7,29.2,4.7,6.4,44.5,7.0,8.3,40.3,59.7,"[{""score"": ""1 - 1"", ""pct"": 12.379999999999999}, {""score"": ""0 - 1"", ""pct"": 10.69}, {""score"": ""1 - 2"", ""pct"": 9.049999999999999}]"
Switzerland,Argentina,Neutral,0.645,2.055,9.6,20.3,70.1,9.8,1.9,2.5,69.9,7.6,8.4,14.2,85.9,"[{""score"": ""0 - 2"", ""pct"": 14.32}, {""score"": ""0 - 1"", ""pct"": 13.819999999999999}, {""score"": ""0 - 3"", ""pct"": 9.07}]"
Switzerland,Qatar,Neutral,2.138,0.562,74.5,18.1,7.4,74.5,7.3,7.8,7.2,1.3,1.9,89.6,10.4,"[{""score"": ""2 - 0"", ""pct"": 15.1}, {""score"": ""1 - 0"", ""pct"": 14.46}, {""score"": ""3 - 0"", ""pct"": 11.21}]"
Switzerland,Czech Republic,Neutral,1.732,0.968,54.8,25.1,20.1,54.8,7.9,8.4,20.6,3.7,4.6,71.1,28.9,"[{""score"": ""1 - 0"", ""pct"": 11.89}, {""score"": ""1 - 1"", ""pct"": 11.29}, {""score"": ""2 - 1"", ""pct"": 10.15}]"
Switzerland,New Zealand,Neutral,1.855,0.845,61.6,23.5,14.9,61.3,7.7,9.0,15.2,3.2,3.6,78.0,22.0,"[{""score"": ""1 - 0"", ""pct"": 12.790000000000001}, {""score"": ""2 - 0"", ""pct"": 10.92}, {""score"": ""1 - 1"", ""pct"": 10.52}]"
Switzerland,Japan,Neutral,1.039,1.661,22.2,26.3,51.5,22.5,4.3,5.7,51.4,7.7,8.3,32.6,67.4,"[{""score"": ""1 - 1"", ""pct"": 11.85}, {""score"": ""0 - 1"", ""pct"": 11.559999999999999}, {""score"": ""1 - 2"", ""pct"": 9.64}]"
Switzerland,DR Congo,Neutral,1.717,0.983,55.2,24.4,20.4,55.3,7.3,8.8,20.0,3.8,4.8,71.4,28.6,"[{""score"": ""1 - 0"", ""pct"": 12.049999999999999}, {""score"": ""1 - 1"", ""pct"": 11.1}, {""score"": ""2 - 1"", ""pct"": 9.91}]"
Switzerland,Iran,Neutral,1.283,1.417,33.0,27.5,39.5,33.9,5.6,6.8,39.0,7.0,7.7,46.3,53.7,"[{""score"": ""1 - 1"", ""pct"": 12.36}, {""score"": ""0 - 1"", ""pct"": 9.82}, {""score"": ""1 - 2"", ""pct"": 8.89}]"
Switzerland,Croatia,Neutral,1.225,1.475,29.3,27.6,43.1,30.9,5.6,6.7,42.0,6.7,8.1,43.2,56.8,"[{""score"": ""1 - 1"", ""pct"": 12.32}, {""score"": ""0 - 1"", ""pct"": 10.85}, {""score"": ""1 - 2"", ""pct"": 9.44}]"
Switzerland,Bosnia and Herzegovina,Neutral,2.083,0.617,72.3,19.1,8.6,72.0,7.0,8.1,8.7,1.8,2.5,87.1,12.9,"[{""score"": ""1 - 0"", ""pct"": 14.860000000000001}, {""score"": ""2 - 0"", ""pct"": 14.31}, {""score"": ""3 - 0"", ""pct"": 9.33}]"
Switzerland,Ghana,Neutral,2.04,0.66,70.1,19.9,10.1,68.8,7.8,8.3,10.2,2.2,2.7,84.9,15.1,"[{""score"": ""2 - 0"", ""pct"": 14.44}, {""score"": ""1 - 0"", ""pct"": 14.06}, {""score"": ""2 - 1"", ""pct"": 9.29}]"
Switzerland,Netherlands,Neutral,1.157,1.543,27.8,26.2,46.0,27.0,5.4,6.0,46.5,6.9,8.2,38.4,61.6,"[{""score"": ""1 - 1"", ""pct"": 11.5}, {""score"": ""0 - 1"", ""pct"": 10.66}, {""score"": ""1 - 2"", ""pct"": 9.1}]"
Switzerland,Senegal,Neutral,1.319,1.381,35.6,26.5,37.9,34.2,5.9,7.1,38.9,6.2,7.7,47.3,52.7,"[{""score"": ""1 - 1"", ""pct"": 11.68}, {""score"": ""0 - 1"", ""pct"": 9.85}, {""score"": ""1 - 0"", ""pct"": 9.36}]"
Switzerland,Uzbekistan,Neutral,1.442,1.258,40.9,27.1,32.0,41.0,6.5,8.3,31.8,5.3,7.1,55.8,44.2,"[{""score"": ""1 - 1"", ""pct"": 12.35}, {""score"": ""1 - 0"", ""pct"": 9.719999999999999}, {""score"": ""2 - 1"", ""pct"": 8.86}]"
Switzerland,Scotland,Neutral,1.625,1.075,50.0,26.2,23.9,49.8,7.0,8.7,24.0,4.5,5.9,65.5,34.5,"[{""score"": ""1 - 1"", ""pct"": 11.52}, {""score"": ""1 - 0"", ""pct"": 11.41}, {""score"": ""2 - 1"", ""pct"": 9.68}]"
Switzerland,Spain,Neutral,0.654,2.046,9.3,19.3,71.4,9.8,2.2,2.8,70.4,7.0,7.8,14.8,85.2,"[{""score"": ""0 - 1"", ""pct"": 14.39}, {""score"": ""0 - 2"", ""pct"": 14.17}, {""score"": ""0 - 3"", ""pct"": 9.36}]"
Switzerland,Uruguay,Neutral,1.149,1.551,27.2,26.2,46.5,27.3,5.0,6.2,46.3,7.1,8.1,38.5,61.5,"[{""score"": ""1 - 1"", ""pct"": 11.600000000000001}, {""score"": ""0 - 1"", ""pct"": 10.48}, {""score"": ""1 - 2"", ""pct"": 8.870000000000001}]"
Switzerland,Turkey,Neutral,1.297,1.403,34.2,26.8,39.0,33.6,5.8,7.0,38.7,6.6,8.2,46.5,53.5,"[{""score"": ""1 - 1"", ""pct"": 12.24}, {""score"": ""0 - 1"", ""pct"": 9.68}, {""score"": ""1 - 0"", ""pct"": 9.11}]"
Switzerland,United States,Neutral,1.55,1.15,45.4,26.7,27.9,46.2,6.4,8.3,27.9,5.1,6.1,60.9,39.1,"[{""score"": ""1 - 1"", ""pct"": 12.370000000000001}, {""score"": ""1 - 0"", ""pct"": 10.290000000000001}, {""score"": ""2 - 1"", ""pct"": 8.9}]"
Switzerland,Austria,Neutral,1.56,1.14,46.8,26.0,27.2,47.2,6.8,8.5,26.3,4.7,6.4,62.5,37.5,"[{""score"": ""1 - 1"", ""pct"": 12.01}, {""score"": ""1 - 0"", ""pct"": 10.7}, {""score"": ""2 - 1"", ""pct"": 9.36}]"
Switzerland,Australia,Neutral,1.243,1.457,31.2,26.9,41.8,31.6,5.2,6.5,41.9,6.7,8.1,43.3,56.7,"[{""score"": ""1 - 1"", ""pct"": 11.77}, {""score"": ""0 - 1"", ""pct"": 10.190000000000001}, {""score"": ""1 - 2"", ""pct"": 8.709999999999999}]"
Switzerland,Canada,Neutral,1.39,1.31,38.4,26.6,34.9,38.0,6.2,7.7,35.1,6.0,6.9,52.0,48.0,"[{""score"": ""1 - 1"", ""pct"": 11.78}, {""score"": ""1 - 0"", ""pct"": 9.0}, {""score"": ""0 - 1"", ""pct"": 8.75}]"
Switzerland,Paraguay,Neutral,1.351,1.349,36.9,26.9,36.2,36.6,6.1,7.8,35.8,6.0,7.8,50.5,49.5,"[{""score"": ""1 - 1"", ""pct"": 11.959999999999999}, {""score"": ""0 - 1"", ""pct"": 9.44}, {""score"": ""1 - 0"", ""pct"": 9.4}]"
Switzerland,France,Neutral,0.826,1.874,14.6,23.4,62.0,14.9,3.0,3.9,62.5,7.5,8.2,21.8,78.2,"[{""score"": ""0 - 1"", ""pct"": 12.989999999999998}, {""score"": ""0 - 2"", ""pct"": 11.23}, {""score"": ""1 - 1"", ""pct"": 10.489999999999998}]"
Switzerland,England,Neutral,0.896,1.804,16.8,24.3,58.9,17.8,3.3,4.0,58.7,7.2,9.1,25.0,75.0,"[{""score"": ""0 - 1"", ""pct"": 12.31}, {""score"": ""1 - 1"", ""pct"": 11.200000000000001}, {""score"": ""0 - 2"", ""pct"": 10.549999999999999}]"
Switzerland,Panama,Neutral,1.472,1.228,41.7,26.6,31.7,42.5,6.5,8.1,30.9,5.4,6.7,57.1,42.9,"[{""score"": ""1 - 1"", ""pct"": 11.899999999999999}, {""score"": ""1 - 0"", ""pct"": 9.87}, {""score"": ""2 - 1"", ""pct"": 8.55}]"
Switzerland,South Korea,Neutral,1.325,1.375,35.3,28.0,36.7,35.1,6.0,7.2,37.6,6.2,7.9,48.4,51.6,"[{""score"": ""1 - 1"", ""pct"": 12.989999999999998}, {""score"": ""0 - 1"", ""pct"": 9.51}, {""score"": ""1 - 0"", ""pct"": 9.49}]"
Algeria,Ecuador,Neutral,1.017,1.683,22.2,24.7,53.2,22.1,4.2,5.3,52.4,7.2,8.7,31.7,68.3,"[{""score"": ""0 - 1"", ""pct"": 11.91}, {""score"": ""1 - 1"", ""pct"": 11.74}, {""score"": ""1 - 2"", ""pct"": 10.0}]"
Algeria,Curaçao,Neutral,2.041,0.659,70.7,19.6,9.7,69.8,6.8,8.3,10.3,2.0,2.8,84.9,15.1,"[{""score"": ""1 - 0"", ""pct"": 14.81}, {""score"": ""2 - 0"", ""pct"": 13.63}, {""score"": ""3 - 0"", ""pct"": 9.46}]"
Algeria,Saudi Arabia,Neutral,1.846,0.854,61.2,23.3,15.5,60.8,7.9,8.3,15.9,3.1,4.1,77.0,23.0,"[{""score"": ""1 - 0"", ""pct"": 12.7}, {""score"": ""2 - 0"", ""pct"": 11.61}, {""score"": ""1 - 1"", ""pct"": 10.38}]"
Algeria,South Africa,Neutral,1.958,0.742,66.1,21.4,12.4,65.7,7.6,8.4,12.5,2.6,3.2,81.7,18.3,"[{""score"": ""1 - 0"", ""pct"": 13.930000000000001}, {""score"": ""2 - 0"", ""pct"": 12.47}, {""score"": ""2 - 1"", ""pct"": 9.66}]"
Algeria,Brazil,Neutral,0.93,1.77,18.2,24.7,57.0,19.3,3.6,4.7,56.3,7.6,8.5,27.6,72.4,"[{""score"": ""0 - 1"", ""pct"": 11.65}, {""score"": ""1 - 1"", ""pct"": 11.41}, {""score"": ""0 - 2"", ""pct"": 10.18}]"
Algeria,Switzerland,Neutral,1.317,1.383,34.7,27.6,37.7,35.1,6.1,7.0,38.0,6.2,7.6,48.1,51.9,"[{""score"": ""1 - 1"", ""pct"": 12.3}, {""score"": ""1 - 0"", ""pct"": 9.44}, {""score"": ""0 - 1"", ""pct"": 9.35}]"
Algeria,Cape Verde,Neutral,2.014,0.686,68.6,20.8,10.6,69.5,7.5,7.8,10.5,1.8,2.9,84.8,15.2,"[{""score"": ""1 - 0"", ""pct"": 14.149999999999999}, {""score"": ""2 - 0"", ""pct"": 13.05}, {""score"": ""2 - 1"", ""pct"": 9.16}]"
Algeria,Haiti,Neutral,1.788,0.912,57.4,24.4,18.3,58.8,7.5,8.6,17.6,3.2,4.2,74.9,25.1,"[{""score"": ""1 - 0"", ""pct"": 12.4}, {""score"": ""1 - 1"", ""pct"": 10.97}, {""score"": ""2 - 0"", ""pct"": 10.620000000000001}]"
Algeria,Colombia,Neutral,0.922,1.778,18.3,24.1,57.6,18.3,3.4,4.4,57.7,7.9,8.2,26.1,73.9,"[{""score"": ""0 - 1"", ""pct"": 12.45}, {""score"": ""1 - 1"", ""pct"": 11.31}, {""score"": ""0 - 2"", ""pct"": 10.17}]"
Algeria,Belgium,Neutral,1.28,1.42,33.6,26.2,40.2,32.9,5.7,7.2,40.1,6.2,7.8,45.9,54.1,"[{""score"": ""1 - 1"", ""pct"": 12.27}, {""score"": ""0 - 1"", ""pct"": 10.09}, {""score"": ""1 - 0"", ""pct"": 9.04}]"
Algeria,Sweden,Neutral,1.854,0.846,62.4,22.2,15.4,61.6,7.4,8.3,15.7,3.3,3.8,77.3,22.7,"[{""score"": ""1 - 0"", ""pct"": 12.93}, {""score"": ""2 - 0"", ""pct"": 11.63}, {""score"": ""1 - 1"", ""pct"": 10.23}]"
Algeria,Norway,Neutral,1.244,1.456,31.3,27.8,41.0,31.3,5.4,7.3,41.2,6.7,8.1,44.0,56.0,"[{""score"": ""1 - 1"", ""pct"": 12.690000000000001}, {""score"": ""0 - 1"", ""pct"": 10.02}, {""score"": ""1 - 2"", ""pct"": 8.61}]"
Algeria,Egypt,Neutral,1.659,1.041,51.5,26.1,22.4,51.6,7.1,8.5,23.0,4.4,5.4,67.2,32.8,"[{""score"": ""1 - 1"", ""pct"": 12.139999999999999}, {""score"": ""1 - 0"", ""pct"": 11.65}, {""score"": ""2 - 1"", ""pct"": 9.4}]"
Algeria,Jordan,Neutral,1.567,1.133,46.7,26.5,26.9,47.1,7.0,8.3,26.7,5.0,5.9,62.4,37.6,"[{""score"": ""1 - 1"", ""pct"": 11.73}, {""score"": ""1 - 0"", ""pct"": 10.8}, {""score"": ""2 - 1"", ""pct"": 9.01}]"
Algeria,Iraq,Neutral,1.74,0.96,56.3,24.4,19.3,56.3,7.2,8.3,19.5,3.8,5.0,71.8,28.2,"[{""score"": ""1 - 0"", ""pct"": 12.42}, {""score"": ""1 - 1"", ""pct"": 10.83}, {""score"": ""2 - 0"", ""pct"": 10.26}]"
Algeria,Ivory Coast,Neutral,1.595,1.105,48.6,25.9,25.5,48.5,7.0,8.3,25.5,5.0,5.7,63.8,36.2,"[{""score"": ""1 - 1"", ""pct"": 11.91}, {""score"": ""1 - 0"", ""pct"": 11.540000000000001}, {""score"": ""2 - 1"", ""pct"": 9.55}]"
Algeria,Mexico,Neutral,1.097,1.603,25.1,25.9,49.0,25.6,4.8,5.9,49.1,6.9,7.7,36.3,63.7,"[{""score"": ""1 - 1"", ""pct"": 11.459999999999999}, {""score"": ""0 - 1"", ""pct"": 10.59}, {""score"": ""1 - 2"", ""pct"": 9.84}]"
Algeria,Tunisia,Neutral,1.768,0.932,57.2,24.4,18.4,56.6,7.4,8.9,18.9,3.7,4.5,72.9,27.1,"[{""score"": ""1 - 0"", ""pct"": 12.690000000000001}, {""score"": ""1 - 1"", ""pct"": 11.0}, {""score"": ""2 - 0"", ""pct"": 10.11}]"
Algeria,Portugal,Neutral,0.971,1.729,19.8,25.0,55.2,19.8,3.5,5.0,54.9,7.5,9.3,28.3,71.7,"[{""score"": ""0 - 1"", ""pct"": 11.51}, {""score"": ""1 - 1"", ""pct"": 11.129999999999999}, {""score"": ""1 - 2"", ""pct"": 9.85}]"
Algeria,Morocco,Neutral,1.017,1.683,23.0,25.6,51.4,22.4,4.0,5.0,52.0,7.7,8.8,31.4,68.6,"[{""score"": ""1 - 1"", ""pct"": 11.540000000000001}, {""score"": ""0 - 1"", ""pct"": 11.219999999999999}, {""score"": ""1 - 2"", ""pct"": 9.8}]"
Algeria,Germany,Neutral,1.144,1.556,26.6,27.2,46.2,27.4,4.8,6.2,46.2,7.1,8.4,38.3,61.7,"[{""score"": ""1 - 1"", ""pct"": 12.15}, {""score"": ""0 - 1"", ""pct"": 10.979999999999999}, {""score"": ""1 - 2"", ""pct"": 9.15}]"
Algeria,Argentina,Neutral,0.626,2.074,8.9,19.3,71.8,8.8,1.8,2.2,72.2,7.2,7.7,12.9,87.1,"[{""score"": ""0 - 1"", ""pct"": 14.67}, {""score"": ""0 - 2"", ""pct"": 14.42}, {""score"": ""0 - 3"", ""pct"": 9.47}]"
Algeria,Qatar,Neutral,2.122,0.578,74.1,18.1,7.9,73.4,7.4,7.5,7.9,1.5,2.4,88.2,11.8,"[{""score"": ""2 - 0"", ""pct"": 15.049999999999999}, {""score"": ""1 - 0"", ""pct"": 14.63}, {""score"": ""3 - 0"", ""pct"": 10.0}]"
Algeria,Czech Republic,Neutral,1.703,0.997,53.9,24.8,21.3,54.2,7.8,8.7,20.6,3.8,5.0,70.7,29.3,"[{""score"": ""1 - 0"", ""pct"": 11.4}, {""score"": ""1 - 1"", ""pct"": 11.219999999999999}, {""score"": ""2 - 1"", ""pct"": 9.86}]"
Algeria,New Zealand,Neutral,1.829,0.871,60.4,23.4,16.2,60.4,7.6,8.4,16.3,3.2,4.0,76.4,23.6,"[{""score"": ""1 - 0"", ""pct"": 12.73}, {""score"": ""2 - 0"", ""pct"": 11.12}, {""score"": ""1 - 1"", ""pct"": 10.59}]"
Algeria,Japan,Neutral,1.009,1.691,21.0,25.8,53.3,21.7,4.0,5.5,52.2,7.8,8.7,31.2,68.8,"[{""score"": ""0 - 1"", ""pct"": 12.2}, {""score"": ""1 - 1"", ""pct"": 11.559999999999999}, {""score"": ""1 - 2"", ""pct"": 9.82}]"
Algeria,DR Congo,Neutral,1.688,1.012,52.3,25.7,22.0,53.6,7.1,8.6,21.7,3.8,5.2,69.2,30.8,"[{""score"": ""1 - 1"", ""pct"": 11.51}, {""score"": ""1 - 0"", ""pct"": 11.379999999999999}, {""score"": ""2 - 1"", ""pct"": 10.07}]"
Algeria,Iran,Neutral,1.25,1.45,31.9,26.5,41.6,31.0,5.3,7.1,41.2,6.9,8.4,43.4,56.6,"[{""score"": ""1 - 1"", ""pct"": 11.450000000000001}, {""score"": ""0 - 1"", ""pct"": 9.64}, {""score"": ""1 - 2"", ""pct"": 8.63}]"
Algeria,Croatia,Neutral,1.193,1.507,28.5,26.7,44.8,30.0,5.0,6.1,44.1,6.7,8.1,41.1,58.9,"[{""score"": ""1 - 1"", ""pct"": 11.85}, {""score"": ""0 - 1"", ""pct"": 10.63}, {""score"": ""1 - 2"", ""pct"": 9.43}]"
Algeria,Bosnia and Herzegovina,Neutral,2.065,0.635,71.4,19.4,9.2,71.5,7.0,7.7,9.5,1.8,2.5,86.1,13.8,"[{""score"": ""2 - 0"", ""pct"": 14.06}, {""score"": ""1 - 0"", ""pct"": 13.819999999999999}, {""score"": ""3 - 0"", ""pct"": 9.84}]"
Algeria,Ghana,Neutral,2.02,0.68,69.2,20.0,10.9,68.9,7.3,8.9,10.2,2.0,2.8,85.1,14.9,"[{""score"": ""1 - 0"", ""pct"": 14.01}, {""score"": ""2 - 0"", ""pct"": 14.000000000000002}, {""score"": ""2 - 1"", ""pct"": 9.09}]"
Algeria,Netherlands,Neutral,1.125,1.575,26.2,25.6,48.2,26.8,4.7,5.9,47.6,7.0,8.0,37.4,62.6,"[{""score"": ""1 - 1"", ""pct"": 11.72}, {""score"": ""0 - 1"", ""pct"": 10.94}, {""score"": ""1 - 2"", ""pct"": 9.5}]"
Algeria,Senegal,Neutral,1.287,1.413,34.0,27.0,39.0,33.7,5.8,7.0,39.9,6.0,7.7,46.5,53.5,"[{""score"": ""1 - 1"", ""pct"": 12.07}, {""score"": ""0 - 1"", ""pct"": 9.46}, {""score"": ""1 - 0"", ""pct"": 8.790000000000001}]"
Algeria,Uzbekistan,Neutral,1.41,1.29,40.1,26.7,33.1,38.9,6.5,7.7,33.7,6.0,7.2,53.1,46.9,"[{""score"": ""1 - 1"", ""pct"": 12.13}, {""score"": ""1 - 0"", ""pct"": 9.65}, {""score"": ""2 - 1"", ""pct"": 9.09}]"
Algeria,Scotland,Neutral,1.594,1.106,48.3,27.2,24.6,47.8,7.7,8.2,25.7,4.4,6.2,63.6,36.4,"[{""score"": ""1 - 1"", ""pct"": 11.95}, {""score"": ""1 - 0"", ""pct"": 10.92}, {""score"": ""2 - 1"", ""pct"": 9.34}]"
Algeria,Spain,Neutral,0.635,2.065,9.2,19.9,70.9,9.1,1.9,2.6,71.2,7.3,8.0,13.5,86.5,"[{""score"": ""0 - 1"", ""pct"": 14.27}, {""score"": ""0 - 2"", ""pct"": 14.26}, {""score"": ""0 - 3"", ""pct"": 9.41}]"
Algeria,Uruguay,Neutral,1.117,1.583,25.1,27.1,47.8,25.6,4.5,6.2,48.3,7.0,8.5,36.2,63.8,"[{""score"": ""1 - 1"", ""pct"": 12.379999999999999}, {""score"": ""0 - 1"", ""pct"": 11.29}, {""score"": ""1 - 2"", ""pct"": 9.43}]"
Algeria,Turkey,Neutral,1.265,1.435,31.8,27.6,40.6,33.1,5.8,6.9,40.3,6.5,7.4,45.8,54.2,"[{""score"": ""1 - 1"", ""pct"": 12.479999999999999}, {""score"": ""0 - 1"", ""pct"": 10.0}, {""score"": ""1 - 2"", ""pct"": 8.94}]"
Algeria,United States,Neutral,1.518,1.182,43.8,26.6,29.6,44.1,7.4,8.1,28.1,5.5,6.8,59.6,40.4,"[{""score"": ""1 - 1"", ""pct"": 12.13}, {""score"": ""1 - 0"", ""pct"": 10.280000000000001}, {""score"": ""2 - 1"", ""pct"": 9.06}]"
Algeria,Austria,Neutral,1.529,1.171,45.3,26.5,28.2,46.0,6.4,8.3,28.4,4.9,6.0,60.6,39.4,"[{""score"": ""1 - 1"", ""pct"": 11.82}, {""score"": ""1 - 0"", ""pct"": 10.4}, {""score"": ""2 - 1"", ""pct"": 9.22}]"
Algeria,Australia,Neutral,1.211,1.489,30.2,26.2,43.6,29.8,5.5,6.9,42.8,7.0,8.1,42.1,57.8,"[{""score"": ""1 - 1"", ""pct"": 11.87}, {""score"": ""0 - 1"", ""pct"": 10.27}, {""score"": ""1 - 2"", ""pct"": 8.690000000000001}]"
Algeria,Canada,Neutral,1.358,1.342,36.4,27.3,36.3,36.4,6.4,7.3,36.2,6.2,7.4,50.2,49.8,"[{""score"": ""1 - 1"", ""pct"": 12.709999999999999}, {""score"": ""1 - 0"", ""pct"": 9.3}, {""score"": ""0 - 1"", ""pct"": 9.26}]"
Algeria,Paraguay,Neutral,1.319,1.381,35.3,26.8,37.9,35.4,6.0,7.5,37.2,6.2,7.7,48.9,51.1,"[{""score"": ""1 - 1"", ""pct"": 11.89}, {""score"": ""0 - 1"", ""pct"": 9.66}, {""score"": ""1 - 0"", ""pct"": 9.21}]"
Algeria,France,Neutral,0.801,1.899,13.7,22.6,63.7,14.2,2.9,3.2,63.4,7.9,8.4,20.3,79.7,"[{""score"": ""0 - 1"", ""pct"": 13.08}, {""score"": ""0 - 2"", ""pct"": 12.139999999999999}, {""score"": ""1 - 1"", ""pct"": 10.280000000000001}]"
Algeria,England,Neutral,0.87,1.83,16.6,22.9,60.5,16.4,3.0,3.8,60.5,7.6,8.7,23.2,76.8,"[{""score"": ""0 - 1"", ""pct"": 13.16}, {""score"": ""0 - 2"", ""pct"": 11.26}, {""score"": ""1 - 1"", ""pct"": 9.85}]"
Algeria,Panama,Neutral,1.439,1.261,40.8,27.2,32.0,41.0,6.7,7.7,31.8,5.8,7.1,55.4,44.6,"[{""score"": ""1 - 1"", ""pct"": 12.4}, {""score"": ""1 - 0"", ""pct"": 9.610000000000001}, {""score"": ""2 - 1"", ""pct"": 8.72}]"
Algeria,South Korea,Neutral,1.293,1.407,33.3,27.4,39.3,33.7,6.0,7.2,39.4,6.3,7.5,46.8,53.2,"[{""score"": ""1 - 1"", ""pct"": 12.559999999999999}, {""score"": ""0 - 1"", ""pct"": 10.440000000000001}, {""score"": ""1 - 0"", ""pct"": 8.690000000000001}]"
Cape Verde,Ecuador,Neutral,0.507,2.193,6.1,16.8,77.1,6.2,1.2,1.7,76.4,6.9,7.5,9.2,90.8,"[{""score"": ""0 - 2"", ""pct"": 16.2}, {""score"": ""0 - 1"", ""pct"": 15.120000000000001}, {""score"": ""0 - 3"", ""pct"": 11.5}]"
Cape Verde,Curaçao,Neutral,1.393,1.307,38.6,27.0,34.4,38.9,6.4,7.8,34.4,5.7,6.8,53.1,46.9,"[{""score"": ""1 - 1"", ""pct"": 12.629999999999999}, {""score"": ""1 - 0"", ""pct"": 9.610000000000001}, {""score"": ""0 - 1"", ""pct"": 9.3}]"
Cape Verde,Saudi Arabia,Neutral,1.12,1.58,25.8,26.2,48.0,25.2,4.9,6.1,47.9,7.3,8.5,36.3,63.7,"[{""score"": ""1 - 1"", ""pct"": 11.98}, {""score"": ""0 - 1"", ""pct"": 11.17}, {""score"": ""1 - 2"", ""pct"": 9.21}]"
Cape Verde,South Africa,Neutral,1.267,1.433,32.3,27.6,40.1,32.2,5.3,7.2,41.6,5.9,7.7,44.8,55.2,"[{""score"": ""1 - 1"", ""pct"": 12.620000000000001}, {""score"": ""0 - 1"", ""pct"": 9.69}, {""score"": ""1 - 0"", ""pct"": 8.53}]"
Cape Verde,Brazil,Neutral,0.469,2.231,5.7,16.4,77.9,5.2,1.1,1.6,78.7,6.4,7.0,8.0,92.0,"[{""score"": ""0 - 2"", ""pct"": 16.85}, {""score"": ""0 - 1"", ""pct"": 15.079999999999998}, {""score"": ""0 - 3"", ""pct"": 12.65}]"
Cape Verde,Switzerland,Neutral,0.666,2.034,10.2,19.8,70.0,10.0,1.9,2.5,70.6,7.2,7.7,14.5,85.5,"[{""score"": ""0 - 1"", ""pct"": 14.38}, {""score"": ""0 - 2"", ""pct"": 13.919999999999998}, {""score"": ""1 - 2"", ""pct"": 8.99}]"
Cape Verde,Algeria,Neutral,0.686,2.014,10.8,19.9,69.4,10.1,2.3,2.8,69.5,7.4,8.0,15.2,84.8,"[{""score"": ""0 - 1"", ""pct"": 14.19}, {""score"": ""0 - 2"", ""pct"": 13.43}, {""score"": ""0 - 3"", ""pct"": 9.04}]"
Cape Verde,Haiti,Neutral,1.053,1.647,24.0,25.6,50.4,23.1,4.1,5.6,51.0,7.7,8.6,32.8,67.2,"[{""score"": ""1 - 1"", ""pct"": 11.450000000000001}, {""score"": ""0 - 1"", ""pct"": 11.16}, {""score"": ""1 - 2"", ""pct"": 9.120000000000001}]"
Cape Verde,Colombia,Neutral,0.466,2.234,5.5,16.2,78.3,5.6,1.0,1.4,78.9,6.4,6.7,8.0,92.0,"[{""score"": ""0 - 2"", ""pct"": 16.619999999999997}, {""score"": ""0 - 1"", ""pct"": 15.9}, {""score"": ""0 - 3"", ""pct"": 11.64}]"
Cape Verde,Belgium,Neutral,0.643,2.057,9.3,19.2,71.5,9.8,1.8,2.6,70.7,7.0,8.2,14.2,85.8,"[{""score"": ""0 - 1"", ""pct"": 14.399999999999999}, {""score"": ""0 - 2"", ""pct"": 14.23}, {""score"": ""1 - 2"", ""pct"": 9.36}]"
Cape Verde,Sweden,Neutral,1.13,1.57,27.0,25.8,47.2,26.4,4.9,6.3,46.6,7.2,8.6,37.5,62.5,"[{""score"": ""1 - 1"", ""pct"": 11.81}, {""score"": ""0 - 1"", ""pct"": 10.34}, {""score"": ""1 - 2"", ""pct"": 9.21}]"
Cape Verde,Norway,Neutral,0.623,2.077,8.8,19.3,71.9,9.1,1.7,2.3,72.3,7.1,7.4,13.1,86.9,"[{""score"": ""0 - 2"", ""pct"": 14.879999999999999}, {""score"": ""0 - 1"", ""pct"": 14.64}, {""score"": ""1 - 2"", ""pct"": 9.2}]"
Cape Verde,Egypt,Neutral,0.923,1.777,18.4,23.7,58.0,18.8,3.4,4.5,57.1,7.3,8.9,26.7,73.3,"[{""score"": ""0 - 1"", ""pct"": 12.33}, {""score"": ""1 - 1"", ""pct"": 10.639999999999999}, {""score"": ""0 - 2"", ""pct"": 10.59}]"
Cape Verde,Jordan,Neutral,0.843,1.857,15.7,22.6,61.7,15.1,3.0,3.5,62.0,7.8,8.6,21.6,78.4,"[{""score"": ""0 - 1"", ""pct"": 12.61}, {""score"": ""0 - 2"", ""pct"": 11.92}, {""score"": ""1 - 1"", ""pct"": 9.71}]"
Cape Verde,Iraq,Neutral,1.002,1.698,21.4,25.7,52.8,21.8,3.7,5.3,53.1,7.4,8.6,30.8,69.2,"[{""score"": ""0 - 1"", ""pct"": 11.84}, {""score"": ""1 - 1"", ""pct"": 11.61}, {""score"": ""1 - 2"", ""pct"": 9.610000000000001}]"
Cape Verde,Ivory Coast,Neutral,0.867,1.833,16.3,23.4,60.3,16.5,3.2,4.0,60.5,7.1,8.6,23.8,76.2,"[{""score"": ""0 - 1"", ""pct"": 12.83}, {""score"": ""0 - 2"", ""pct"": 11.0}, {""score"": ""1 - 1"", ""pct"": 10.97}]"
Cape Verde,Mexico,Neutral,0.545,2.155,6.7,17.3,76.1,7.1,1.5,1.9,75.8,6.7,7.0,10.5,89.5,"[{""score"": ""0 - 2"", ""pct"": 15.7}, {""score"": ""0 - 1"", ""pct"": 15.290000000000001}, {""score"": ""0 - 3"", ""pct"": 11.020000000000001}]"
Cape Verde,Tunisia,Neutral,1.031,1.669,22.6,25.6,51.8,22.5,4.5,5.2,51.9,7.5,8.4,32.2,67.8,"[{""score"": ""0 - 1"", ""pct"": 11.700000000000001}, {""score"": ""1 - 1"", ""pct"": 11.690000000000001}, {""score"": ""1 - 2"", ""pct"": 9.64}]"
Cape Verde,Portugal,Neutral,0.487,2.213,5.8,16.2,78.0,5.9,1.1,1.5,77.7,7.1,6.6,8.6,91.4,"[{""score"": ""0 - 2"", ""pct"": 16.28}, {""score"": ""0 - 1"", ""pct"": 16.189999999999998}, {""score"": ""0 - 3"", ""pct"": 11.709999999999999}]"
Cape Verde,Morocco,Neutral,0.507,2.193,6.4,16.9,76.7,6.4,1.4,1.7,77.0,6.6,6.9,9.5,90.5,"[{""score"": ""0 - 2"", ""pct"": 16.7}, {""score"": ""0 - 1"", ""pct"": 15.25}, {""score"": ""0 - 3"", ""pct"": 11.19}]"
Cape Verde,Germany,Neutral,0.569,2.131,7.4,18.2,74.3,7.5,1.5,1.9,74.1,7.0,8.0,10.9,89.1,"[{""score"": ""0 - 2"", ""pct"": 15.65}, {""score"": ""0 - 1"", ""pct"": 14.360000000000001}, {""score"": ""0 - 3"", ""pct"": 10.41}]"
Cape Verde,Argentina,Neutral,0.357,2.343,3.7,14.0,82.3,3.9,0.7,1.0,82.7,5.9,5.8,5.7,94.3,"[{""score"": ""0 - 2"", ""pct"": 18.96}, {""score"": ""0 - 1"", ""pct"": 16.04}, {""score"": ""0 - 3"", ""pct"": 14.12}]"
Cape Verde,Qatar,Neutral,1.538,1.162,45.2,26.9,28.0,45.3,7.0,8.6,27.8,5.0,6.3,60.9,39.1,"[{""score"": ""1 - 1"", ""pct"": 11.49}, {""score"": ""1 - 0"", ""pct"": 9.91}, {""score"": ""2 - 1"", ""pct"": 9.700000000000001}]"
Cape Verde,Czech Republic,Neutral,0.965,1.735,19.8,24.7,55.5,19.8,3.8,4.8,55.2,7.4,8.9,28.5,71.5,"[{""score"": ""0 - 1"", ""pct"": 12.32}, {""score"": ""1 - 1"", ""pct"": 11.04}, {""score"": ""1 - 2"", ""pct"": 10.36}]"
Cape Verde,New Zealand,Neutral,1.1,1.6,25.4,25.6,49.0,25.2,4.4,6.3,48.3,7.1,8.7,35.9,64.1,"[{""score"": ""1 - 1"", ""pct"": 11.459999999999999}, {""score"": ""0 - 1"", ""pct"": 10.92}, {""score"": ""1 - 2"", ""pct"": 9.58}]"
Cape Verde,Japan,Neutral,0.504,2.196,6.2,16.9,76.8,6.1,1.2,1.8,76.5,7.1,7.3,9.0,91.0,"[{""score"": ""0 - 2"", ""pct"": 15.72}, {""score"": ""0 - 1"", ""pct"": 15.52}, {""score"": ""0 - 3"", ""pct"": 11.82}]"
Cape Verde,DR Congo,Neutral,0.95,1.75,18.9,25.2,55.9,19.0,3.5,5.1,56.2,7.6,8.6,27.6,72.4,"[{""score"": ""0 - 1"", ""pct"": 12.82}, {""score"": ""1 - 1"", ""pct"": 11.55}, {""score"": ""0 - 2"", ""pct"": 9.83}]"
Cape Verde,Iran,Neutral,0.626,2.074,9.1,20.1,70.8,9.0,1.6,2.4,71.6,7.4,8.0,13.0,87.0,"[{""score"": ""0 - 1"", ""pct"": 14.41}, {""score"": ""0 - 2"", ""pct"": 14.219999999999999}, {""score"": ""0 - 3"", ""pct"": 9.76}]"
Cape Verde,Croatia,Neutral,0.594,2.106,8.5,19.2,72.4,8.4,1.6,2.1,72.4,7.7,7.9,12.1,87.9,"[{""score"": ""0 - 1"", ""pct"": 14.399999999999999}, {""score"": ""0 - 2"", ""pct"": 14.29}, {""score"": ""0 - 3"", ""pct"": 10.100000000000001}]"
Cape Verde,Bosnia and Herzegovina,Neutral,1.434,1.266,40.8,27.1,32.1,39.7,6.6,8.1,32.5,5.9,7.2,54.5,45.5,"[{""score"": ""1 - 1"", ""pct"": 11.87}, {""score"": ""1 - 0"", ""pct"": 10.24}, {""score"": ""0 - 1"", ""pct"": 8.86}]"
Cape Verde,Ghana,Neutral,1.36,1.34,36.9,27.2,35.9,36.9,6.2,7.9,35.2,6.4,7.5,50.9,49.1,"[{""score"": ""1 - 1"", ""pct"": 12.78}, {""score"": ""0 - 1"", ""pct"": 9.07}, {""score"": ""1 - 0"", ""pct"": 9.06}]"
Cape Verde,Netherlands,Neutral,0.559,2.141,7.7,17.5,74.8,7.3,1.4,2.0,74.8,6.8,7.7,10.7,89.3,"[{""score"": ""0 - 2"", ""pct"": 15.5}, {""score"": ""0 - 1"", ""pct"": 15.03}, {""score"": ""0 - 3"", ""pct"": 10.56}]"
Cape Verde,Senegal,Neutral,0.647,2.053,9.6,19.7,70.7,10.2,2.0,2.5,70.5,7.0,7.8,14.7,85.3,"[{""score"": ""0 - 2"", ""pct"": 14.360000000000001}, {""score"": ""0 - 1"", ""pct"": 14.249999999999998}, {""score"": ""1 - 2"", ""pct"": 9.4}]"
Cape Verde,Uzbekistan,Neutral,0.726,1.974,11.7,20.4,67.8,12.0,2.3,3.2,67.0,7.5,8.0,17.5,82.5,"[{""score"": ""0 - 1"", ""pct"": 13.73}, {""score"": ""0 - 2"", ""pct"": 13.120000000000001}, {""score"": ""1 - 2"", ""pct"": 10.08}]"
Cape Verde,Scotland,Neutral,0.865,1.835,15.8,22.8,61.4,15.8,3.0,4.3,60.2,7.8,8.9,23.1,76.9,"[{""score"": ""0 - 1"", ""pct"": 12.98}, {""score"": ""0 - 2"", ""pct"": 11.48}, {""score"": ""1 - 1"", ""pct"": 10.43}]"
Cape Verde,Spain,Neutral,0.36,2.34,3.4,13.5,83.2,3.6,0.7,0.9,82.1,6.1,6.6,5.2,94.8,"[{""score"": ""0 - 2"", ""pct"": 18.11}, {""score"": ""0 - 1"", ""pct"": 17.080000000000002}, {""score"": ""0 - 3"", ""pct"": 13.569999999999999}]"
Cape Verde,Uruguay,Neutral,0.555,2.145,7.3,17.6,75.1,7.3,1.4,1.9,75.0,6.9,7.5,10.6,89.4,"[{""score"": ""0 - 2"", ""pct"": 15.53}, {""score"": ""0 - 1"", ""pct"": 15.24}, {""score"": ""0 - 3"", ""pct"": 10.74}]"
Cape Verde,Turkey,Neutral,0.635,2.065,8.9,19.4,71.6,8.9,1.7,2.6,71.5,7.3,8.1,13.2,86.8,"[{""score"": ""0 - 2"", ""pct"": 14.540000000000001}, {""score"": ""0 - 1"", ""pct"": 14.29}, {""score"": ""0 - 3"", ""pct"": 9.91}]"
Cape Verde,United States,Neutral,0.804,1.896,14.0,22.8,63.3,14.0,2.6,3.7,63.4,7.4,9.0,20.2,79.8,"[{""score"": ""0 - 1"", ""pct"": 12.68}, {""score"": ""0 - 2"", ""pct"": 12.120000000000001}, {""score"": ""1 - 1"", ""pct"": 10.58}]"
Cape Verde,Austria,Neutral,0.812,1.888,13.8,22.4,63.9,14.0,2.8,3.3,63.7,7.7,8.5,20.1,79.9,"[{""score"": ""0 - 1"", ""pct"": 13.320000000000002}, {""score"": ""0 - 2"", ""pct"": 12.11}, {""score"": ""1 - 1"", ""pct"": 10.17}]"
Cape Verde,Australia,Neutral,0.604,2.096,8.6,18.8,72.6,8.2,1.6,2.4,73.5,7.0,7.3,12.2,87.8,"[{""score"": ""0 - 1"", ""pct"": 14.82}, {""score"": ""0 - 2"", ""pct"": 14.08}, {""score"": ""0 - 3"", ""pct"": 10.16}]"
Cape Verde,Canada,Neutral,0.691,2.009,10.5,20.3,69.2,10.3,2.2,3.0,69.5,7.2,7.8,15.5,84.5,"[{""score"": ""0 - 1"", ""pct"": 14.01}, {""score"": ""0 - 2"", ""pct"": 13.639999999999999}, {""score"": ""1 - 2"", ""pct"": 9.5}]"
Cape Verde,Paraguay,Neutral,0.667,2.033,10.1,19.2,70.7,9.5,2.0,2.7,70.2,7.3,8.3,14.2,85.8,"[{""score"": ""0 - 1"", ""pct"": 14.34}, {""score"": ""0 - 2"", ""pct"": 13.34}, {""score"": ""1 - 2"", ""pct"": 9.6}]"
Cape Verde,France,Neutral,0.418,2.282,4.6,14.9,80.6,4.5,0.9,1.2,79.7,6.4,7.4,6.6,93.4,"[{""score"": ""0 - 2"", ""pct"": 17.22}, {""score"": ""0 - 1"", ""pct"": 16.63}, {""score"": ""0 - 3"", ""pct"": 12.82}]"
Cape Verde,England,Neutral,0.445,2.255,4.8,15.7,79.5,5.2,1.2,1.2,78.9,6.4,7.0,7.7,92.3,"[{""score"": ""0 - 2"", ""pct"": 16.76}, {""score"": ""0 - 1"", ""pct"": 16.03}, {""score"": ""0 - 3"", ""pct"": 12.73}]"
Cape Verde,Panama,Neutral,0.746,1.954,12.8,21.4,65.8,12.1,2.5,3.5,66.2,7.2,8.5,18.1,81.9,"[{""score"": ""0 - 1"", ""pct"": 13.69}, {""score"": ""0 - 2"", ""pct"": 12.659999999999998}, {""score"": ""1 - 2"", ""pct"": 9.629999999999999}]"
Cape Verde,South Korea,Neutral,0.651,2.049,9.6,19.6,70.8,9.8,1.7,2.4,71.3,7.0,7.8,13.8,86.2,"[{""score"": ""0 - 1"", ""pct"": 14.82}, {""score"": ""0 - 2"", ""pct"": 14.499999999999998}, {""score"": ""1 - 2"", ""pct"": 9.55}]"
Haiti,Ecuador,Neutral,0.662,2.038,9.7,19.4,70.9,9.8,2.0,2.3,70.4,7.3,8.2,14.1,85.9,"[{""score"": ""0 - 1"", ""pct"": 14.75}, {""score"": ""0 - 2"", ""pct"": 13.84}, {""score"": ""1 - 2"", ""pct"": 9.31}]"
Haiti,Curaçao,Neutral,1.687,1.013,52.8,25.7,21.5,53.3,7.4,8.6,21.9,3.9,5.0,69.3,30.7,"[{""score"": ""1 - 0"", ""pct"": 11.82}, {""score"": ""1 - 1"", ""pct"": 11.73}, {""score"": ""2 - 1"", ""pct"": 9.74}]"
Haiti,Saudi Arabia,Neutral,1.421,1.279,39.1,27.6,33.3,40.2,6.1,7.6,32.8,6.2,6.9,54.0,46.0,"[{""score"": ""1 - 1"", ""pct"": 12.44}, {""score"": ""1 - 0"", ""pct"": 9.59}, {""score"": ""0 - 1"", ""pct"": 8.91}]"
Haiti,South Africa,Neutral,1.569,1.131,46.6,27.1,26.4,46.8,7.0,8.8,26.3,5.0,6.2,62.5,37.5,"[{""score"": ""1 - 1"", ""pct"": 12.45}, {""score"": ""1 - 0"", ""pct"": 10.79}, {""score"": ""2 - 1"", ""pct"": 9.66}]"
Haiti,Brazil,Neutral,0.605,2.095,8.7,18.4,72.8,8.2,1.7,2.2,73.0,7.5,7.4,12.1,87.9,"[{""score"": ""0 - 1"", ""pct"": 14.78}, {""score"": ""0 - 2"", ""pct"": 14.71}, {""score"": ""0 - 3"", ""pct"": 9.85}]"
Haiti,Switzerland,Neutral,0.885,1.815,17.3,23.8,58.9,16.2,3.3,4.4,59.9,7.4,8.8,24.0,76.0,"[{""score"": ""0 - 1"", ""pct"": 12.15}, {""score"": ""1 - 1"", ""pct"": 11.05}, {""score"": ""0 - 2"", ""pct"": 10.6}]"
Haiti,Algeria,Neutral,0.912,1.788,18.3,24.2,57.6,16.9,3.3,4.5,58.6,7.6,9.0,24.8,75.2,"[{""score"": ""0 - 1"", ""pct"": 12.41}, {""score"": ""1 - 1"", ""pct"": 10.879999999999999}, {""score"": ""0 - 2"", ""pct"": 10.290000000000001}]"
Haiti,Cape Verde,Neutral,1.647,1.053,50.9,26.4,22.7,50.7,7.0,8.7,23.5,4.2,5.9,66.4,33.6,"[{""score"": ""1 - 1"", ""pct"": 12.61}, {""score"": ""1 - 0"", ""pct"": 11.44}, {""score"": ""2 - 1"", ""pct"": 9.76}]"
Haiti,Colombia,Neutral,0.6,2.1,8.3,18.7,73.0,7.8,1.8,2.2,72.1,7.6,8.5,11.8,88.2,"[{""score"": ""0 - 1"", ""pct"": 15.32}, {""score"": ""0 - 2"", ""pct"": 15.0}, {""score"": ""0 - 3"", ""pct"": 10.07}]"
Haiti,Belgium,Neutral,0.855,1.845,15.6,23.8,60.6,16.5,2.9,4.0,60.5,7.9,8.2,23.4,76.6,"[{""score"": ""0 - 1"", ""pct"": 13.13}, {""score"": ""1 - 1"", ""pct"": 10.95}, {""score"": ""0 - 2"", ""pct"": 10.639999999999999}]"
Haiti,Sweden,Neutral,1.431,1.269,40.1,26.8,33.2,39.4,6.2,8.5,32.9,5.9,7.1,54.1,45.9,"[{""score"": ""1 - 1"", ""pct"": 12.049999999999999}, {""score"": ""1 - 0"", ""pct"": 9.229999999999999}, {""score"": ""0 - 1"", ""pct"": 8.86}]"
Haiti,Norway,Neutral,0.826,1.874,15.1,22.6,62.3,15.3,2.9,3.6,62.7,7.4,8.1,21.8,78.2,"[{""score"": ""0 - 1"", ""pct"": 13.43}, {""score"": ""0 - 2"", ""pct"": 10.9}, {""score"": ""1 - 2"", ""pct"": 10.299999999999999}]"
Haiti,Egypt,Neutral,1.205,1.495,29.4,27.1,43.5,30.2,5.1,6.5,43.2,7.2,7.9,41.7,58.3,"[{""score"": ""1 - 1"", ""pct"": 12.23}, {""score"": ""0 - 1"", ""pct"": 10.26}, {""score"": ""1 - 2"", ""pct"": 9.0}]"
Haiti,Jordan,Neutral,1.111,1.589,26.6,25.8,47.5,25.4,4.8,5.8,48.2,7.0,8.8,36.0,64.0,"[{""score"": ""1 - 1"", ""pct"": 11.49}, {""score"": ""0 - 1"", ""pct"": 10.95}, {""score"": ""1 - 2"", ""pct"": 9.180000000000001}]"
Haiti,Iraq,Neutral,1.295,1.405,34.2,26.9,38.9,33.3,5.9,6.8,39.6,6.8,7.7,45.9,54.1,"[{""score"": ""1 - 1"", ""pct"": 12.620000000000001}, {""score"": ""0 - 1"", ""pct"": 9.790000000000001}, {""score"": ""1 - 0"", ""pct"": 8.780000000000001}]"
Haiti,Ivory Coast,Neutral,1.139,1.561,27.4,26.6,46.0,27.0,4.8,6.0,46.6,7.0,8.7,37.7,62.3,"[{""score"": ""1 - 1"", ""pct"": 12.44}, {""score"": ""0 - 1"", ""pct"": 10.24}, {""score"": ""1 - 2"", ""pct"": 9.2}]"
Haiti,Mexico,Neutral,0.717,1.983,11.4,20.8,67.8,12.1,2.5,2.7,67.4,7.8,7.5,17.3,82.7,"[{""score"": ""0 - 1"", ""pct"": 13.84}, {""score"": ""0 - 2"", ""pct"": 13.0}, {""score"": ""1 - 2"", ""pct"": 9.9}]"
Haiti,Tunisia,Neutral,1.327,1.373,35.8,26.3,37.9,35.1,5.9,7.7,37.6,6.2,7.5,48.7,51.3,"[{""score"": ""1 - 1"", ""pct"": 12.11}, {""score"": ""1 - 0"", ""pct"": 9.69}, {""score"": ""0 - 1"", ""pct"": 9.030000000000001}]"
Haiti,Portugal,Neutral,0.632,2.068,9.0,19.4,71.6,9.2,2.0,2.7,71.0,7.2,8.0,13.9,86.1,"[{""score"": ""0 - 1"", ""pct"": 15.02}, {""score"": ""0 - 2"", ""pct"": 14.38}, {""score"": ""0 - 3"", ""pct"": 9.5}]"
Haiti,Morocco,Neutral,0.662,2.038,10.1,19.5,70.4,9.7,1.9,2.5,70.5,7.3,8.1,14.1,85.9,"[{""score"": ""0 - 1"", ""pct"": 14.41}, {""score"": ""0 - 2"", ""pct"": 13.4}, {""score"": ""1 - 2"", ""pct"": 9.84}]"
Haiti,Germany,Neutral,0.751,1.949,12.8,20.8,66.4,12.9,2.2,3.2,66.0,7.6,8.2,18.3,81.7,"[{""score"": ""0 - 1"", ""pct"": 13.489999999999998}, {""score"": ""0 - 2"", ""pct"": 12.479999999999999}, {""score"": ""1 - 2"", ""pct"": 9.82}]"
Haiti,Argentina,Neutral,0.43,2.27,4.8,15.9,79.3,4.6,0.9,1.3,80.2,6.5,6.6,6.7,93.3,"[{""score"": ""0 - 2"", ""pct"": 17.66}, {""score"": ""0 - 1"", ""pct"": 14.6}, {""score"": ""0 - 3"", ""pct"": 13.170000000000002}]"
Haiti,Qatar,Neutral,1.814,0.886,59.9,23.5,16.6,59.1,7.2,8.6,17.2,3.2,4.7,75.0,25.0,"[{""score"": ""1 - 0"", ""pct"": 12.8}, {""score"": ""2 - 0"", ""pct"": 10.94}, {""score"": ""1 - 1"", ""pct"": 10.59}]"
Haiti,Czech Republic,Neutral,1.253,1.447,31.6,26.5,41.9,31.7,5.5,7.0,41.0,6.5,8.4,44.1,55.9,"[{""score"": ""1 - 1"", ""pct"": 11.72}, {""score"": ""0 - 1"", ""pct"": 10.040000000000001}, {""score"": ""1 - 2"", ""pct"": 9.120000000000001}]"
Haiti,New Zealand,Neutral,1.4,1.3,37.9,28.2,33.9,38.2,6.2,7.8,34.8,5.5,7.4,52.3,47.8,"[{""score"": ""1 - 1"", ""pct"": 12.590000000000002}, {""score"": ""1 - 0"", ""pct"": 9.33}, {""score"": ""2 - 1"", ""pct"": 8.559999999999999}]"
Haiti,Japan,Neutral,0.657,2.043,9.9,19.2,70.9,9.6,1.9,2.5,70.4,7.5,8.1,14.0,86.0,"[{""score"": ""0 - 1"", ""pct"": 14.069999999999999}, {""score"": ""0 - 2"", ""pct"": 14.000000000000002}, {""score"": ""1 - 2"", ""pct"": 9.85}]"
Haiti,DR Congo,Neutral,1.237,1.463,31.0,26.8,42.3,31.3,5.6,7.1,41.4,6.3,8.2,44.1,55.9,"[{""score"": ""1 - 1"", ""pct"": 12.23}, {""score"": ""0 - 1"", ""pct"": 10.41}, {""score"": ""1 - 2"", ""pct"": 9.0}]"
Haiti,Iran,Neutral,0.832,1.868,15.1,23.1,61.8,15.3,3.0,4.1,61.4,7.4,8.8,22.4,77.6,"[{""score"": ""0 - 1"", ""pct"": 12.8}, {""score"": ""0 - 2"", ""pct"": 11.85}, {""score"": ""1 - 1"", ""pct"": 10.36}]"
Haiti,Croatia,Neutral,0.787,1.913,13.4,22.0,64.6,13.5,2.6,3.7,64.1,7.6,8.5,19.8,80.2,"[{""score"": ""0 - 1"", ""pct"": 13.48}, {""score"": ""0 - 2"", ""pct"": 11.72}, {""score"": ""1 - 2"", ""pct"": 10.209999999999999}]"
Haiti,Bosnia and Herzegovina,Neutral,1.724,0.976,55.7,23.8,20.5,55.4,7.2,8.9,19.8,3.6,5.2,71.4,28.6,"[{""score"": ""1 - 0"", ""pct"": 12.31}, {""score"": ""1 - 1"", ""pct"": 10.95}, {""score"": ""2 - 1"", ""pct"": 9.86}]"
Haiti,Ghana,Neutral,1.656,1.044,51.7,26.0,22.2,51.2,7.5,8.4,23.6,3.9,5.3,67.1,32.9,"[{""score"": ""1 - 1"", ""pct"": 11.98}, {""score"": ""1 - 0"", ""pct"": 11.59}, {""score"": ""2 - 1"", ""pct"": 10.059999999999999}]"
Haiti,Netherlands,Neutral,0.737,1.963,12.1,21.8,66.1,12.3,2.5,2.9,66.2,7.6,8.6,17.6,82.4,"[{""score"": ""0 - 1"", ""pct"": 13.34}, {""score"": ""0 - 2"", ""pct"": 12.36}, {""score"": ""1 - 1"", ""pct"": 10.059999999999999}]"
Haiti,Senegal,Neutral,0.86,1.84,15.8,23.2,61.0,16.0,3.2,3.9,60.6,7.5,8.8,23.1,77.0,"[{""score"": ""0 - 1"", ""pct"": 13.089999999999998}, {""score"": ""0 - 2"", ""pct"": 11.27}, {""score"": ""1 - 1"", ""pct"": 10.37}]"
Haiti,Uzbekistan,Neutral,0.964,1.736,19.7,24.7,55.6,19.9,3.5,5.1,55.5,7.5,8.5,28.5,71.5,"[{""score"": ""0 - 1"", ""pct"": 12.709999999999999}, {""score"": ""1 - 1"", ""pct"": 11.17}, {""score"": ""1 - 2"", ""pct"": 10.02}]"
Haiti,Scotland,Neutral,1.137,1.563,27.7,26.2,46.2,26.6,4.8,6.1,47.6,6.7,8.2,37.5,62.5,"[{""score"": ""1 - 1"", ""pct"": 11.85}, {""score"": ""0 - 1"", ""pct"": 11.06}, {""score"": ""1 - 2"", ""pct"": 9.25}]"
Haiti,Spain,Neutral,0.434,2.266,4.7,15.9,79.5,4.7,1.1,1.1,79.6,6.5,7.1,6.8,93.2,"[{""score"": ""0 - 2"", ""pct"": 16.64}, {""score"": ""0 - 1"", ""pct"": 15.809999999999999}, {""score"": ""0 - 3"", ""pct"": 12.389999999999999}]"
Haiti,Uruguay,Neutral,0.732,1.968,12.2,21.6,66.2,11.5,2.4,3.3,66.6,7.6,8.6,17.2,82.8,"[{""score"": ""0 - 2"", ""pct"": 13.51}, {""score"": ""0 - 1"", ""pct"": 13.459999999999999}, {""score"": ""1 - 1"", ""pct"": 9.67}]"
Haiti,Turkey,Neutral,0.843,1.857,15.8,22.5,61.7,15.5,2.9,4.0,61.2,7.5,8.8,22.4,77.6,"[{""score"": ""0 - 1"", ""pct"": 12.46}, {""score"": ""0 - 2"", ""pct"": 11.459999999999999}, {""score"": ""1 - 2"", ""pct"": 10.26}]"
Haiti,United States,Neutral,1.063,1.637,23.4,26.2,50.4,23.8,3.9,5.4,51.5,7.1,8.3,33.2,66.8,"[{""score"": ""1 - 1"", ""pct"": 11.5}, {""score"": ""0 - 1"", ""pct"": 11.01}, {""score"": ""1 - 2"", ""pct"": 9.51}]"
Haiti,Austria,Neutral,1.073,1.627,24.1,27.0,48.9,24.1,3.8,5.6,50.1,7.5,8.9,33.5,66.5,"[{""score"": ""1 - 1"", ""pct"": 12.1}, {""score"": ""0 - 1"", ""pct"": 10.95}, {""score"": ""1 - 2"", ""pct"": 9.379999999999999}]"
Haiti,Australia,Neutral,0.801,1.899,13.8,22.0,64.2,13.7,2.8,3.6,63.6,7.3,9.0,20.1,79.9,"[{""score"": ""0 - 1"", ""pct"": 13.51}, {""score"": ""0 - 2"", ""pct"": 12.030000000000001}, {""score"": ""1 - 1"", ""pct"": 9.81}]"
Haiti,Canada,Neutral,0.919,1.781,18.2,23.9,57.9,18.0,3.2,4.5,58.1,7.8,8.4,25.7,74.3,"[{""score"": ""0 - 1"", ""pct"": 12.21}, {""score"": ""1 - 1"", ""pct"": 10.879999999999999}, {""score"": ""0 - 2"", ""pct"": 10.209999999999999}]"
Haiti,Paraguay,Neutral,0.886,1.814,16.9,24.0,59.0,16.7,3.2,4.3,59.2,7.8,8.8,24.2,75.8,"[{""score"": ""0 - 1"", ""pct"": 12.58}, {""score"": ""1 - 1"", ""pct"": 11.31}, {""score"": ""0 - 2"", ""pct"": 10.37}]"
Haiti,France,Neutral,0.527,2.173,6.6,17.0,76.4,6.7,1.2,1.8,76.2,6.9,7.2,9.8,90.2,"[{""score"": ""0 - 1"", ""pct"": 15.8}, {""score"": ""0 - 2"", ""pct"": 15.67}, {""score"": ""0 - 3"", ""pct"": 10.94}]"
Haiti,England,Neutral,0.568,2.132,7.3,18.4,74.3,7.5,1.6,2.1,74.5,6.9,7.4,11.2,88.8,"[{""score"": ""0 - 2"", ""pct"": 15.040000000000001}, {""score"": ""0 - 1"", ""pct"": 14.44}, {""score"": ""0 - 3"", ""pct"": 10.780000000000001}]"
Haiti,Panama,Neutral,0.99,1.71,20.5,24.8,54.7,21.4,3.9,4.5,54.2,7.2,8.7,29.8,70.2,"[{""score"": ""0 - 1"", ""pct"": 11.92}, {""score"": ""1 - 1"", ""pct"": 11.62}, {""score"": ""0 - 2"", ""pct"": 9.81}]"
Haiti,South Korea,Neutral,0.865,1.835,16.3,23.5,60.3,15.9,2.9,4.3,60.7,7.7,8.5,23.1,76.8,"[{""score"": ""0 - 1"", ""pct"": 12.44}, {""score"": ""0 - 2"", ""pct"": 11.27}, {""score"": ""1 - 1"", ""pct"": 11.09}]"
Colombia,Ecuador,Neutral,1.457,1.243,42.8,26.4,30.8,41.0,6.6,7.8,32.1,5.6,6.9,55.4,44.6,"[{""score"": ""1 - 1"", ""pct"": 12.18}, {""score"": ""1 - 0"", ""pct"": 10.18}, {""score"": ""2 - 1"", ""pct"": 9.27}]"
Colombia,Curaçao,Neutral,2.249,0.451,79.7,15.3,5.0,78.5,6.5,7.1,5.3,1.0,1.6,92.1,7.9,"[{""score"": ""2 - 0"", ""pct"": 16.84}, {""score"": ""1 - 0"", ""pct"": 16.38}, {""score"": ""3 - 0"", ""pct"": 12.45}]"
Colombia,Saudi Arabia,Neutral,2.136,0.564,74.7,18.1,7.2,74.9,7.0,7.5,7.3,1.4,1.9,89.4,10.6,"[{""score"": ""1 - 0"", ""pct"": 15.479999999999999}, {""score"": ""2 - 0"", ""pct"": 14.81}, {""score"": ""3 - 0"", ""pct"": 10.77}]"
Colombia,South Africa,Neutral,2.203,0.497,77.3,16.6,6.0,76.6,7.2,7.3,6.0,1.4,1.6,91.0,8.9,"[{""score"": ""2 - 0"", ""pct"": 16.85}, {""score"": ""1 - 0"", ""pct"": 16.11}, {""score"": ""3 - 0"", ""pct"": 11.17}]"
Colombia,Brazil,Neutral,1.359,1.341,36.3,27.5,36.2,37.4,5.9,7.6,35.5,6.1,7.5,50.9,49.1,"[{""score"": ""1 - 1"", ""pct"": 12.29}, {""score"": ""1 - 0"", ""pct"": 9.51}, {""score"": ""0 - 1"", ""pct"": 9.26}]"
Colombia,Switzerland,Neutral,1.75,0.95,57.6,23.8,18.6,56.2,7.8,8.8,19.2,3.6,4.3,72.9,27.1,"[{""score"": ""1 - 0"", ""pct"": 12.6}, {""score"": ""1 - 1"", ""pct"": 10.83}, {""score"": ""2 - 1"", ""pct"": 10.32}]"
Colombia,Algeria,Neutral,1.778,0.922,57.1,24.5,18.4,58.1,8.0,7.9,18.4,3.6,4.1,73.9,26.1,"[{""score"": ""1 - 0"", ""pct"": 12.23}, {""score"": ""1 - 1"", ""pct"": 10.639999999999999}, {""score"": ""2 - 0"", ""pct"": 10.38}]"
Colombia,Cape Verde,Neutral,2.234,0.466,78.6,15.8,5.6,78.3,7.0,7.2,5.2,1.0,1.4,92.5,7.5,"[{""score"": ""2 - 0"", ""pct"": 17.28}, {""score"": ""1 - 0"", ""pct"": 15.21}, {""score"": ""3 - 0"", ""pct"": 11.959999999999999}]"
Colombia,Haiti,Neutral,2.1,0.6,73.9,17.4,8.7,73.0,6.9,7.7,8.6,1.7,2.0,87.7,12.3,"[{""score"": ""1 - 0"", ""pct"": 14.69}, {""score"": ""2 - 0"", ""pct"": 14.44}, {""score"": ""3 - 0"", ""pct"": 10.36}]"
Colombia,Belgium,Neutral,1.717,0.983,54.4,25.1,20.6,54.4,7.5,8.4,20.2,4.0,5.5,70.3,29.7,"[{""score"": ""1 - 0"", ""pct"": 12.47}, {""score"": ""1 - 1"", ""pct"": 11.459999999999999}, {""score"": ""2 - 1"", ""pct"": 9.54}]"
Colombia,Sweden,Neutral,2.141,0.559,75.6,17.4,7.0,74.7,7.0,7.6,7.2,1.5,2.0,89.3,10.7,"[{""score"": ""1 - 0"", ""pct"": 15.06}, {""score"": ""2 - 0"", ""pct"": 14.799999999999999}, {""score"": ""3 - 0"", ""pct"": 10.73}]"
Colombia,Norway,Neutral,1.684,1.016,53.2,25.6,21.2,52.9,7.7,8.7,21.5,4.1,5.1,69.2,30.8,"[{""score"": ""1 - 0"", ""pct"": 11.73}, {""score"": ""1 - 1"", ""pct"": 11.200000000000001}, {""score"": ""2 - 0"", ""pct"": 9.58}]"
Colombia,Egypt,Neutral,2.014,0.686,68.2,20.7,11.1,69.1,7.3,7.8,10.6,2.1,3.1,84.2,15.8,"[{""score"": ""1 - 0"", ""pct"": 13.850000000000001}, {""score"": ""2 - 0"", ""pct"": 13.52}, {""score"": ""1 - 1"", ""pct"": 9.54}]"
Colombia,Jordan,Neutral,1.949,0.751,66.1,21.6,12.3,65.5,7.6,8.5,12.9,2.3,3.2,81.6,18.4,"[{""score"": ""1 - 0"", ""pct"": 13.420000000000002}, {""score"": ""2 - 0"", ""pct"": 12.34}, {""score"": ""1 - 1"", ""pct"": 9.77}]"
Colombia,Iraq,Neutral,2.069,0.631,70.9,20.2,8.8,71.6,7.2,7.9,9.1,1.8,2.4,86.7,13.3,"[{""score"": ""1 - 0"", ""pct"": 14.149999999999999}, {""score"": ""2 - 0"", ""pct"": 14.05}, {""score"": ""2 - 1"", ""pct"": 9.370000000000001}]"
Colombia,Ivory Coast,Neutral,1.969,0.731,67.5,20.8,11.7,67.4,7.4,8.3,12.1,1.8,3.0,83.0,16.9,"[{""score"": ""2 - 0"", ""pct"": 13.54}, {""score"": ""1 - 0"", ""pct"": 13.320000000000002}, {""score"": ""2 - 1"", ""pct"": 10.440000000000001}]"
Colombia,Mexico,Neutral,1.542,1.158,46.4,26.5,27.1,45.4,6.8,8.9,27.4,4.7,6.8,61.1,38.9,"[{""score"": ""1 - 0"", ""pct"": 11.600000000000001}, {""score"": ""1 - 1"", ""pct"": 11.25}, {""score"": ""2 - 1"", ""pct"": 9.41}]"
Colombia,Tunisia,Neutral,2.087,0.613,73.0,18.6,8.4,72.0,7.6,8.2,8.0,1.5,2.6,87.9,12.1,"[{""score"": ""1 - 0"", ""pct"": 14.649999999999999}, {""score"": ""2 - 0"", ""pct"": 14.63}, {""score"": ""3 - 0"", ""pct"": 9.81}]"
Colombia,Portugal,Neutral,1.407,1.293,39.6,26.9,33.5,39.0,6.4,8.1,33.6,5.9,7.1,53.5,46.5,"[{""score"": ""1 - 1"", ""pct"": 12.24}, {""score"": ""1 - 0"", ""pct"": 9.66}, {""score"": ""0 - 1"", ""pct"": 8.58}]"
Colombia,Morocco,Neutral,1.458,1.242,42.0,27.2,30.8,42.4,6.2,7.7,31.6,5.4,6.7,56.3,43.7,"[{""score"": ""1 - 1"", ""pct"": 12.46}, {""score"": ""1 - 0"", ""pct"": 10.290000000000001}, {""score"": ""2 - 1"", ""pct"": 8.93}]"
Colombia,Germany,Neutral,1.59,1.11,48.4,26.7,24.9,47.9,7.2,8.6,25.8,4.6,5.9,63.7,36.3,"[{""score"": ""1 - 1"", ""pct"": 12.06}, {""score"": ""1 - 0"", ""pct"": 10.75}, {""score"": ""2 - 1"", ""pct"": 9.76}]"
Colombia,Argentina,Neutral,0.952,1.748,18.6,24.5,56.9,19.8,3.6,4.5,56.0,7.3,8.8,27.9,72.0,"[{""score"": ""0 - 1"", ""pct"": 11.85}, {""score"": ""1 - 1"", ""pct"": 11.52}, {""score"": ""1 - 2"", ""pct"": 10.26}]"
Colombia,Qatar,Neutral,2.292,0.408,80.3,15.1,4.6,81.1,6.4,6.4,4.2,0.8,1.2,93.9,6.2,"[{""score"": ""2 - 0"", ""pct"": 17.49}, {""score"": ""1 - 0"", ""pct"": 15.620000000000001}, {""score"": ""3 - 0"", ""pct"": 13.59}]"
Colombia,Czech Republic,Neutral,2.044,0.656,70.4,19.8,9.8,70.6,7.6,7.7,9.4,2.1,2.5,85.9,14.1,"[{""score"": ""1 - 0"", ""pct"": 13.83}, {""score"": ""2 - 0"", ""pct"": 13.8}, {""score"": ""3 - 0"", ""pct"": 9.53}]"
Colombia,New Zealand,Neutral,2.126,0.574,74.5,18.1,7.3,73.4,7.1,8.2,7.8,1.5,2.1,88.7,11.3,"[{""score"": ""1 - 0"", ""pct"": 15.659999999999998}, {""score"": ""2 - 0"", ""pct"": 14.860000000000001}, {""score"": ""3 - 0"", ""pct"": 10.39}]"
Colombia,Japan,Neutral,1.449,1.251,41.1,27.2,31.7,42.1,6.5,7.7,30.7,5.8,7.2,56.3,43.7,"[{""score"": ""1 - 1"", ""pct"": 12.3}, {""score"": ""2 - 1"", ""pct"": 9.4}, {""score"": ""1 - 0"", ""pct"": 9.39}]"
Colombia,DR Congo,Neutral,2.034,0.666,70.3,19.7,10.0,70.1,7.3,8.3,9.9,1.7,2.7,85.7,14.3,"[{""score"": ""1 - 0"", ""pct"": 14.430000000000001}, {""score"": ""2 - 0"", ""pct"": 14.249999999999998}, {""score"": ""3 - 0"", ""pct"": 8.99}]"
Colombia,Iran,Neutral,1.69,1.01,53.4,24.8,21.8,54.6,7.6,8.0,21.0,4.0,4.9,70.2,29.8,"[{""score"": ""1 - 1"", ""pct"": 11.58}, {""score"": ""1 - 0"", ""pct"": 11.360000000000001}, {""score"": ""2 - 1"", ""pct"": 9.9}]"
Colombia,Croatia,Neutral,1.637,1.063,50.0,25.2,24.8,51.2,7.2,8.4,23.7,4.0,5.5,66.8,33.2,"[{""score"": ""1 - 1"", ""pct"": 11.59}, {""score"": ""1 - 0"", ""pct"": 10.95}, {""score"": ""2 - 1"", ""pct"": 9.91}]"
Colombia,Bosnia and Herzegovina,Neutral,2.262,0.438,80.5,14.6,5.0,79.5,6.6,6.9,5.0,0.8,1.2,92.9,7.1,"[{""score"": ""2 - 0"", ""pct"": 16.8}, {""score"": ""1 - 0"", ""pct"": 16.17}, {""score"": ""3 - 0"", ""pct"": 12.68}]"
Colombia,Ghana,Neutral,2.237,0.463,78.5,16.1,5.4,78.0,6.6,7.1,5.5,1.1,1.7,91.8,8.2,"[{""score"": ""2 - 0"", ""pct"": 17.299999999999997}, {""score"": ""1 - 0"", ""pct"": 14.99}, {""score"": ""3 - 0"", ""pct"": 12.29}]"
Colombia,Netherlands,Neutral,1.571,1.129,46.9,26.7,26.4,47.3,7.1,8.2,26.5,4.9,6.1,62.6,37.4,"[{""score"": ""1 - 1"", ""pct"": 11.68}, {""score"": ""1 - 0"", ""pct"": 10.34}, {""score"": ""2 - 1"", ""pct"": 9.370000000000001}]"
Colombia,Senegal,Neutral,1.723,0.977,54.2,25.1,20.7,54.8,7.1,8.6,20.5,4.2,4.7,70.6,29.4,"[{""score"": ""1 - 0"", ""pct"": 11.85}, {""score"": ""1 - 1"", ""pct"": 11.43}, {""score"": ""2 - 0"", ""pct"": 9.91}]"
Colombia,Uzbekistan,Neutral,1.828,0.872,60.0,23.2,16.8,60.6,7.2,8.5,16.3,3.1,4.2,76.4,23.6,"[{""score"": ""1 - 0"", ""pct"": 12.35}, {""score"": ""2 - 0"", ""pct"": 11.55}, {""score"": ""2 - 1"", ""pct"": 10.280000000000001}]"
Colombia,Scotland,Neutral,1.968,0.732,66.8,20.8,12.4,67.5,7.3,8.4,11.5,2.5,2.8,83.2,16.8,"[{""score"": ""1 - 0"", ""pct"": 13.450000000000001}, {""score"": ""2 - 0"", ""pct"": 13.33}, {""score"": ""2 - 1"", ""pct"": 9.3}]"
Colombia,Spain,Neutral,0.966,1.734,19.9,24.2,56.0,20.0,3.9,4.8,55.0,7.3,9.0,28.7,71.3,"[{""score"": ""0 - 1"", ""pct"": 12.120000000000001}, {""score"": ""1 - 1"", ""pct"": 10.879999999999999}, {""score"": ""0 - 2"", ""pct"": 10.11}]"
Colombia,Uruguay,Neutral,1.563,1.137,46.6,26.2,27.2,46.7,7.4,8.6,26.6,5.1,5.7,62.6,37.4,"[{""score"": ""1 - 1"", ""pct"": 11.97}, {""score"": ""1 - 0"", ""pct"": 10.42}, {""score"": ""2 - 1"", ""pct"": 9.53}]"
Colombia,Turkey,Neutral,1.703,0.997,53.9,25.0,21.1,53.9,7.1,9.0,21.0,4.0,4.9,70.1,29.9,"[{""score"": ""1 - 0"", ""pct"": 11.62}, {""score"": ""1 - 1"", ""pct"": 11.49}, {""score"": ""2 - 1"", ""pct"": 9.84}]"
Colombia,United States,Neutral,1.913,0.787,64.8,22.2,12.9,65.0,7.9,8.4,13.4,2.3,3.0,81.3,18.7,"[{""score"": ""1 - 0"", ""pct"": 13.83}, {""score"": ""2 - 0"", ""pct"": 11.58}, {""score"": ""1 - 1"", ""pct"": 10.18}]"
Colombia,Austria,Neutral,1.921,0.779,64.9,21.6,13.5,64.8,7.5,8.5,13.3,2.7,3.2,80.8,19.2,"[{""score"": ""1 - 0"", ""pct"": 14.01}, {""score"": ""2 - 0"", ""pct"": 12.46}, {""score"": ""1 - 1"", ""pct"": 9.74}]"
Colombia,Australia,Neutral,1.654,1.046,51.6,25.6,22.8,51.9,7.4,8.3,22.3,4.3,5.7,67.7,32.3,"[{""score"": ""1 - 1"", ""pct"": 11.58}, {""score"": ""1 - 0"", ""pct"": 11.42}, {""score"": ""2 - 1"", ""pct"": 9.629999999999999}]"
Colombia,Canada,Neutral,1.785,0.915,58.1,23.6,18.2,57.4,7.6,8.5,18.7,3.5,4.4,73.4,26.6,"[{""score"": ""1 - 0"", ""pct"": 13.01}, {""score"": ""2 - 0"", ""pct"": 10.91}, {""score"": ""2 - 1"", ""pct"": 10.65}]"
Colombia,Paraguay,Neutral,1.751,0.949,56.1,25.2,18.6,56.9,7.5,8.6,18.8,3.5,4.8,73.0,27.0,"[{""score"": ""1 - 0"", ""pct"": 12.23}, {""score"": ""1 - 1"", ""pct"": 11.709999999999999}, {""score"": ""2 - 1"", ""pct"": 10.14}]"
Colombia,France,Neutral,1.199,1.501,29.1,27.3,43.6,29.1,5.5,6.1,44.8,6.6,7.9,40.8,59.2,"[{""score"": ""1 - 1"", ""pct"": 12.08}, {""score"": ""0 - 1"", ""pct"": 10.11}, {""score"": ""1 - 2"", ""pct"": 9.56}]"
Colombia,England,Neutral,1.287,1.413,33.8,26.8,39.5,33.6,5.7,6.9,39.2,6.7,7.9,46.2,53.8,"[{""score"": ""1 - 1"", ""pct"": 11.899999999999999}, {""score"": ""0 - 1"", ""pct"": 9.59}, {""score"": ""1 - 0"", ""pct"": 9.13}]"
Colombia,Panama,Neutral,1.851,0.849,61.1,23.2,15.7,62.1,7.8,8.5,15.1,2.8,3.7,78.4,21.6,"[{""score"": ""1 - 0"", ""pct"": 13.100000000000001}, {""score"": ""2 - 0"", ""pct"": 11.55}, {""score"": ""1 - 1"", ""pct"": 10.95}]"
Colombia,South Korea,Neutral,1.728,0.972,55.6,24.9,19.5,54.9,7.7,8.3,20.3,3.7,5.0,71.0,29.0,"[{""score"": ""1 - 0"", ""pct"": 12.19}, {""score"": ""1 - 1"", ""pct"": 11.28}, {""score"": ""2 - 0"", ""pct"": 10.16}]"
Belgium,Ecuador,Neutral,1.082,1.618,24.3,26.8,49.0,24.1,4.4,5.9,49.5,7.6,8.6,34.3,65.7,"[{""score"": ""1 - 1"", ""pct"": 12.44}, {""score"": ""0 - 1"", ""pct"": 11.31}, {""score"": ""1 - 2"", ""pct"": 9.35}]"
Belgium,Curaçao,Neutral,2.081,0.619,71.9,19.4,8.8,72.8,7.0,7.4,8.7,1.7,2.4,87.3,12.7,"[{""score"": ""1 - 0"", ""pct"": 14.92}, {""score"": ""2 - 0"", ""pct"": 14.24}, {""score"": ""2 - 1"", ""pct"": 9.229999999999999}]"
Belgium,Saudi Arabia,Neutral,1.901,0.799,63.6,22.2,14.1,63.2,7.4,8.7,14.6,2.6,3.5,79.4,20.6,"[{""score"": ""1 - 0"", ""pct"": 13.28}, {""score"": ""2 - 0"", ""pct"": 12.09}, {""score"": ""1 - 1"", ""pct"": 9.73}]"
Belgium,South Africa,Neutral,2.005,0.695,68.7,20.7,10.6,68.3,7.5,8.0,11.3,2.2,2.7,83.8,16.2,"[{""score"": ""1 - 0"", ""pct"": 14.46}, {""score"": ""2 - 0"", ""pct"": 13.16}, {""score"": ""2 - 1"", ""pct"": 9.84}]"
Belgium,Brazil,Neutral,0.991,1.709,21.6,25.1,53.3,20.7,3.6,4.9,54.1,7.6,9.0,29.3,70.7,"[{""score"": ""0 - 1"", ""pct"": 11.87}, {""score"": ""1 - 1"", ""pct"": 11.06}, {""score"": ""1 - 2"", ""pct"": 9.8}]"
Belgium,Switzerland,Neutral,1.388,1.312,38.4,27.1,34.6,37.8,6.2,7.9,35.3,5.6,7.2,51.9,48.1,"[{""score"": ""1 - 1"", ""pct"": 12.559999999999999}, {""score"": ""1 - 0"", ""pct"": 9.4}, {""score"": ""2 - 1"", ""pct"": 9.01}]"
Belgium,Algeria,Neutral,1.42,1.28,39.2,27.3,33.4,40.2,6.3,7.8,32.3,6.1,7.4,54.3,45.8,"[{""score"": ""1 - 1"", ""pct"": 11.86}, {""score"": ""1 - 0"", ""pct"": 9.959999999999999}, {""score"": ""0 - 1"", ""pct"": 8.88}]"
Belgium,Cape Verde,Neutral,2.057,0.643,70.9,19.5,9.6,70.7,7.5,8.0,9.5,1.7,2.6,86.2,13.8,"[{""score"": ""1 - 0"", ""pct"": 14.71}, {""score"": ""2 - 0"", ""pct"": 13.91}, {""score"": ""2 - 1"", ""pct"": 9.5}]"
Belgium,Haiti,Neutral,1.845,0.855,60.5,23.1,16.4,61.1,7.7,8.6,15.8,2.9,4.0,77.3,22.6,"[{""score"": ""1 - 0"", ""pct"": 13.200000000000001}, {""score"": ""2 - 0"", ""pct"": 11.020000000000001}, {""score"": ""1 - 1"", ""pct"": 10.059999999999999}]"
Belgium,Colombia,Neutral,0.983,1.717,19.8,24.3,56.0,20.4,3.6,5.3,54.9,7.4,8.5,29.3,70.7,"[{""score"": ""0 - 1"", ""pct"": 11.83}, {""score"": ""1 - 1"", ""pct"": 11.06}, {""score"": ""1 - 2"", ""pct"": 10.24}]"
Belgium,Sweden,Neutral,1.908,0.792,63.1,22.9,14.0,64.1,7.2,8.3,14.1,2.8,3.5,79.6,20.4,"[{""score"": ""1 - 0"", ""pct"": 13.41}, {""score"": ""2 - 0"", ""pct"": 11.82}, {""score"": ""1 - 1"", ""pct"": 10.37}]"
Belgium,Norway,Neutral,1.314,1.386,34.8,26.9,38.3,35.4,6.0,7.2,37.5,6.5,7.3,48.7,51.3,"[{""score"": ""1 - 1"", ""pct"": 11.67}, {""score"": ""0 - 1"", ""pct"": 9.81}, {""score"": ""1 - 0"", ""pct"": 9.06}]"
Belgium,Egypt,Neutral,1.722,0.978,56.0,23.6,20.3,54.6,7.2,8.9,20.3,4.0,5.0,70.7,29.3,"[{""score"": ""1 - 0"", ""pct"": 12.45}, {""score"": ""1 - 1"", ""pct"": 10.45}, {""score"": ""2 - 1"", ""pct"": 9.879999999999999}]"
Belgium,Jordan,Neutral,1.634,1.066,50.4,26.1,23.5,50.9,7.4,8.2,23.5,4.5,5.5,66.5,33.5,"[{""score"": ""1 - 1"", ""pct"": 11.97}, {""score"": ""1 - 0"", ""pct"": 11.59}, {""score"": ""2 - 1"", ""pct"": 9.47}]"
Belgium,Iraq,Neutral,1.8,0.9,58.8,24.4,16.8,60.2,7.6,7.9,16.8,3.1,4.3,75.7,24.3,"[{""score"": ""1 - 0"", ""pct"": 12.879999999999999}, {""score"": ""2 - 0"", ""pct"": 10.84}, {""score"": ""1 - 1"", ""pct"": 10.8}]"
Belgium,Ivory Coast,Neutral,1.661,1.039,51.0,25.1,23.9,52.1,7.3,8.9,22.4,4.0,5.3,68.4,31.6,"[{""score"": ""1 - 1"", ""pct"": 11.4}, {""score"": ""1 - 0"", ""pct"": 10.95}, {""score"": ""2 - 1"", ""pct"": 9.56}]"
Belgium,Mexico,Neutral,1.164,1.536,27.5,27.2,45.4,27.3,5.1,6.0,45.7,7.4,8.5,38.4,61.5,"[{""score"": ""1 - 1"", ""pct"": 12.32}, {""score"": ""0 - 1"", ""pct"": 10.61}, {""score"": ""1 - 2"", ""pct"": 9.16}]"
Belgium,Tunisia,Neutral,1.826,0.874,60.0,23.4,16.6,60.3,7.9,8.4,16.4,3.0,4.0,76.6,23.4,"[{""score"": ""1 - 0"", ""pct"": 12.68}, {""score"": ""1 - 1"", ""pct"": 11.05}, {""score"": ""2 - 0"", ""pct"": 11.01}]"
Belgium,Portugal,Neutral,1.034,1.666,23.0,25.4,51.5,22.9,4.2,5.2,52.7,7.1,7.8,32.4,67.6,"[{""score"": ""1 - 1"", ""pct"": 11.72}, {""score"": ""0 - 1"", ""pct"": 11.06}, {""score"": ""1 - 2"", ""pct"": 9.91}]"
Belgium,Morocco,Neutral,1.082,1.618,24.8,25.4,49.9,24.3,4.8,5.9,49.4,7.0,8.5,35.0,65.0,"[{""score"": ""1 - 1"", ""pct"": 11.29}, {""score"": ""0 - 1"", ""pct"": 11.19}, {""score"": ""1 - 2"", ""pct"": 9.67}]"
Belgium,Germany,Neutral,1.213,1.487,29.8,26.9,43.3,29.9,5.5,6.4,43.4,6.8,8.0,41.8,58.2,"[{""score"": ""1 - 1"", ""pct"": 12.370000000000001}, {""score"": ""0 - 1"", ""pct"": 10.59}, {""score"": ""1 - 2"", ""pct"": 8.76}]"
Belgium,Argentina,Neutral,0.668,2.032,9.7,20.3,70.1,9.7,1.7,2.6,70.0,7.4,8.5,14.1,85.9,"[{""score"": ""0 - 1"", ""pct"": 14.35}, {""score"": ""0 - 2"", ""pct"": 14.21}, {""score"": ""1 - 1"", ""pct"": 8.94}]"
Belgium,Qatar,Neutral,2.156,0.544,75.5,17.3,7.2,75.4,6.7,7.4,7.2,1.2,2.0,89.6,10.4,"[{""score"": ""2 - 0"", ""pct"": 15.36}, {""score"": ""1 - 0"", ""pct"": 15.09}, {""score"": ""3 - 0"", ""pct"": 10.459999999999999}]"
Belgium,Czech Republic,Neutral,1.765,0.935,56.6,24.5,18.9,57.6,7.3,8.2,18.4,3.5,4.9,73.2,26.8,"[{""score"": ""1 - 0"", ""pct"": 11.899999999999999}, {""score"": ""1 - 1"", ""pct"": 11.540000000000001}, {""score"": ""2 - 1"", ""pct"": 10.0}]"
Belgium,New Zealand,Neutral,1.884,0.816,62.9,22.7,14.4,62.5,8.0,8.2,14.8,2.8,3.7,78.7,21.3,"[{""score"": ""1 - 0"", ""pct"": 13.309999999999999}, {""score"": ""2 - 0"", ""pct"": 11.85}, {""score"": ""1 - 1"", ""pct"": 10.27}]"
Belgium,Japan,Neutral,1.074,1.626,23.8,26.5,49.8,23.8,4.2,5.7,50.6,7.1,8.7,33.7,66.3,"[{""score"": ""1 - 1"", ""pct"": 11.78}, {""score"": ""0 - 1"", ""pct"": 11.49}, {""score"": ""1 - 2"", ""pct"": 9.569999999999999}]"
Belgium,DR Congo,Neutral,1.75,0.95,56.5,24.1,19.4,56.8,7.1,8.4,19.9,4.0,3.8,72.3,27.7,"[{""score"": ""1 - 0"", ""pct"": 12.15}, {""score"": ""1 - 1"", ""pct"": 11.39}, {""score"": ""2 - 1"", ""pct"": 10.51}]"
Belgium,Iran,Neutral,1.32,1.38,34.0,27.2,38.8,35.8,6.2,7.6,36.0,6.4,8.0,49.6,50.4,"[{""score"": ""1 - 1"", ""pct"": 12.709999999999999}, {""score"": ""0 - 1"", ""pct"": 9.74}, {""score"": ""1 - 0"", ""pct"": 8.68}]"
Belgium,Croatia,Neutral,1.262,1.438,31.7,27.5,40.9,32.6,5.8,7.0,40.6,6.5,7.5,45.4,54.6,"[{""score"": ""1 - 1"", ""pct"": 12.32}, {""score"": ""0 - 1"", ""pct"": 10.14}, {""score"": ""1 - 2"", ""pct"": 8.81}]"
Belgium,Bosnia and Herzegovina,Neutral,2.104,0.596,73.8,18.0,8.2,72.6,7.2,7.6,8.6,1.7,2.3,87.5,12.5,"[{""score"": ""2 - 0"", ""pct"": 15.329999999999998}, {""score"": ""1 - 0"", ""pct"": 14.790000000000001}, {""score"": ""3 - 0"", ""pct"": 9.98}]"
Belgium,Ghana,Neutral,2.062,0.638,70.5,20.5,9.0,71.5,7.0,7.9,9.4,1.7,2.5,86.4,13.6,"[{""score"": ""2 - 0"", ""pct"": 14.48}, {""score"": ""1 - 0"", ""pct"": 13.76}, {""score"": ""2 - 1"", ""pct"": 9.379999999999999}]"
Belgium,Netherlands,Neutral,1.193,1.507,29.2,26.7,44.1,29.3,5.0,6.5,44.1,6.7,8.3,40.8,59.2,"[{""score"": ""1 - 1"", ""pct"": 11.68}, {""score"": ""0 - 1"", ""pct"": 10.43}, {""score"": ""1 - 2"", ""pct"": 9.58}]"
Belgium,Senegal,Neutral,1.357,1.343,36.5,27.4,36.1,36.6,6.2,7.8,36.0,5.9,7.4,50.6,49.4,"[{""score"": ""1 - 1"", ""pct"": 12.540000000000001}, {""score"": ""1 - 0"", ""pct"": 9.86}, {""score"": ""0 - 1"", ""pct"": 9.09}]"
Belgium,Uzbekistan,Neutral,1.48,1.22,42.8,27.6,29.6,42.8,7.1,8.4,29.9,5.1,6.6,58.3,41.7,"[{""score"": ""1 - 1"", ""pct"": 12.98}, {""score"": ""1 - 0"", ""pct"": 10.17}, {""score"": ""2 - 1"", ""pct"": 8.99}]"
Belgium,Scotland,Neutral,1.66,1.04,52.6,25.1,22.3,52.0,6.9,8.4,23.3,4.3,5.1,67.2,32.8,"[{""score"": ""1 - 0"", ""pct"": 12.04}, {""score"": ""1 - 1"", ""pct"": 11.48}, {""score"": ""2 - 1"", ""pct"": 9.77}]"
Belgium,Spain,Neutral,0.678,2.022,10.4,19.8,69.8,11.1,1.8,2.5,69.5,7.0,8.0,15.4,84.5,"[{""score"": ""0 - 1"", ""pct"": 14.41}, {""score"": ""0 - 2"", ""pct"": 13.54}, {""score"": ""1 - 2"", ""pct"": 9.99}]"
Belgium,Uruguay,Neutral,1.185,1.515,29.2,25.6,45.3,28.7,5.5,6.2,44.4,6.9,8.4,40.4,59.6,"[{""score"": ""1 - 1"", ""pct"": 11.63}, {""score"": ""0 - 1"", ""pct"": 10.85}, {""score"": ""1 - 2"", ""pct"": 9.16}]"
Belgium,Turkey,Neutral,1.335,1.365,35.7,27.5,36.9,35.8,6.0,7.1,37.2,6.0,7.9,48.9,51.1,"[{""score"": ""1 - 1"", ""pct"": 12.3}, {""score"": ""0 - 1"", ""pct"": 9.32}, {""score"": ""1 - 0"", ""pct"": 8.780000000000001}]"
Belgium,United States,Neutral,1.586,1.114,48.5,26.0,25.5,48.8,7.1,8.2,25.5,4.6,5.8,64.1,35.9,"[{""score"": ""1 - 1"", ""pct"": 11.82}, {""score"": ""1 - 0"", ""pct"": 11.44}, {""score"": ""2 - 1"", ""pct"": 9.0}]"
Belgium,Austria,Neutral,1.596,1.104,48.3,26.5,25.2,48.0,7.1,8.8,25.6,4.3,6.2,63.8,36.2,"[{""score"": ""1 - 1"", ""pct"": 11.99}, {""score"": ""1 - 0"", ""pct"": 10.86}, {""score"": ""2 - 1"", ""pct"": 9.2}]"
Belgium,Australia,Neutral,1.281,1.419,32.1,26.8,41.1,33.0,5.9,7.1,40.1,6.7,7.2,46.0,54.0,"[{""score"": ""1 - 1"", ""pct"": 11.99}, {""score"": ""0 - 1"", ""pct"": 10.43}, {""score"": ""1 - 2"", ""pct"": 9.17}]"
Belgium,Canada,Neutral,1.428,1.272,40.4,27.8,31.9,41.0,6.5,7.5,32.8,5.5,6.7,55.0,45.0,"[{""score"": ""1 - 1"", ""pct"": 12.27}, {""score"": ""1 - 0"", ""pct"": 10.24}, {""score"": ""2 - 1"", ""pct"": 8.63}]"
Belgium,Paraguay,Neutral,1.389,1.311,38.2,27.3,34.4,38.2,6.1,7.4,34.7,6.1,7.5,51.7,48.3,"[{""score"": ""1 - 1"", ""pct"": 12.46}, {""score"": ""1 - 0"", ""pct"": 9.8}, {""score"": ""0 - 1"", ""pct"": 8.73}]"
Belgium,France,Neutral,0.855,1.845,15.4,23.7,60.9,15.5,3.0,4.0,61.2,7.8,8.5,22.5,77.5,"[{""score"": ""0 - 1"", ""pct"": 12.870000000000001}, {""score"": ""0 - 2"", ""pct"": 11.15}, {""score"": ""1 - 1"", ""pct"": 10.35}]"
Belgium,England,Neutral,0.928,1.772,19.1,23.4,57.5,18.5,3.6,4.2,58.1,7.2,8.4,26.3,73.7,"[{""score"": ""0 - 1"", ""pct"": 12.139999999999999}, {""score"": ""0 - 2"", ""pct"": 10.8}, {""score"": ""1 - 1"", ""pct"": 10.59}]"
Belgium,Panama,Neutral,1.509,1.191,44.2,26.5,29.3,43.7,7.2,8.5,28.8,5.1,6.7,59.4,40.6,"[{""score"": ""1 - 1"", ""pct"": 12.29}, {""score"": ""1 - 0"", ""pct"": 10.5}, {""score"": ""2 - 1"", ""pct"": 9.01}]"
Belgium,South Korea,Neutral,1.363,1.337,37.0,27.4,35.6,36.8,6.5,7.6,35.4,6.3,7.4,51.0,49.0,"[{""score"": ""1 - 1"", ""pct"": 12.13}, {""score"": ""0 - 1"", ""pct"": 9.48}, {""score"": ""1 - 0"", ""pct"": 9.31}]"
Sweden,Ecuador,Neutral,0.615,2.085,8.7,20.1,71.2,8.7,1.6,2.4,72.0,7.5,7.8,12.7,87.3,"[{""score"": ""0 - 1"", ""pct"": 14.510000000000002}, {""score"": ""0 - 2"", ""pct"": 14.069999999999999}, {""score"": ""0 - 3"", ""pct"": 9.42}]"
Sweden,Curaçao,Neutral,1.612,1.088,49.3,26.0,24.7,49.6,7.6,8.5,24.2,4.3,5.7,65.8,34.2,"[{""score"": ""1 - 1"", ""pct"": 12.08}, {""score"": ""1 - 0"", ""pct"": 11.18}, {""score"": ""2 - 1"", ""pct"": 9.17}]"
Sweden,Saudi Arabia,Neutral,1.34,1.36,35.8,27.9,36.4,35.5,5.8,7.8,36.8,6.2,7.9,49.1,50.9,"[{""score"": ""1 - 1"", ""pct"": 12.58}, {""score"": ""0 - 1"", ""pct"": 9.2}, {""score"": ""1 - 0"", ""pct"": 8.67}]"
Sweden,South Africa,Neutral,1.489,1.211,42.8,27.2,30.0,43.2,6.6,8.2,30.3,5.1,6.5,58.1,41.9,"[{""score"": ""1 - 1"", ""pct"": 12.78}, {""score"": ""1 - 0"", ""pct"": 10.040000000000001}, {""score"": ""2 - 1"", ""pct"": 9.15}]"
Sweden,Brazil,Neutral,0.563,2.137,7.4,18.2,74.3,7.1,1.3,1.9,75.6,6.6,7.4,10.4,89.6,"[{""score"": ""0 - 2"", ""pct"": 15.14}, {""score"": ""0 - 1"", ""pct"": 14.89}, {""score"": ""0 - 3"", ""pct"": 10.08}]"
Sweden,Switzerland,Neutral,0.82,1.88,14.2,22.5,63.3,14.4,2.9,3.5,62.9,7.7,8.6,20.8,79.2,"[{""score"": ""0 - 1"", ""pct"": 13.320000000000002}, {""score"": ""0 - 2"", ""pct"": 11.88}, {""score"": ""1 - 1"", ""pct"": 10.18}]"
Sweden,Algeria,Neutral,0.846,1.854,15.3,23.5,61.2,15.3,2.9,4.1,61.5,7.7,8.5,22.4,77.6,"[{""score"": ""0 - 1"", ""pct"": 13.08}, {""score"": ""1 - 1"", ""pct"": 11.03}, {""score"": ""0 - 2"", ""pct"": 10.56}]"
Sweden,Cape Verde,Neutral,1.57,1.13,48.2,26.4,25.4,46.9,6.9,8.3,26.4,5.1,6.3,62.2,37.8,"[{""score"": ""1 - 1"", ""pct"": 11.86}, {""score"": ""1 - 0"", ""pct"": 10.85}, {""score"": ""2 - 1"", ""pct"": 9.71}]"
Sweden,Haiti,Neutral,1.269,1.431,32.9,27.3,39.8,32.3,5.0,7.2,40.7,6.7,8.1,44.5,55.5,"[{""score"": ""1 - 1"", ""pct"": 12.45}, {""score"": ""0 - 1"", ""pct"": 10.2}, {""score"": ""1 - 2"", ""pct"": 8.6}]"
Sweden,Colombia,Neutral,0.559,2.141,7.0,18.3,74.7,7.3,1.5,1.7,75.2,6.8,7.5,10.4,89.5,"[{""score"": ""0 - 1"", ""pct"": 15.559999999999999}, {""score"": ""0 - 2"", ""pct"": 15.190000000000001}, {""score"": ""0 - 3"", ""pct"": 10.79}]"
Sweden,Belgium,Neutral,0.792,1.908,14.0,21.7,64.3,13.7,2.6,3.7,64.0,7.4,8.6,20.0,80.0,"[{""score"": ""0 - 1"", ""pct"": 13.669999999999998}, {""score"": ""0 - 2"", ""pct"": 11.97}, {""score"": ""1 - 2"", ""pct"": 9.89}]"
Sweden,Norway,Neutral,0.765,1.935,12.7,22.2,65.1,12.4,2.6,3.5,65.6,7.4,8.4,18.5,81.5,"[{""score"": ""0 - 1"", ""pct"": 14.32}, {""score"": ""0 - 2"", ""pct"": 12.53}, {""score"": ""1 - 1"", ""pct"": 9.91}]"
Sweden,Egypt,Neutral,1.126,1.574,26.3,26.7,47.0,26.1,4.4,6.1,48.9,6.3,8.2,36.6,63.4,"[{""score"": ""1 - 1"", ""pct"": 12.21}, {""score"": ""0 - 1"", ""pct"": 10.47}, {""score"": ""1 - 2"", ""pct"": 9.02}]"
Sweden,Jordan,Neutral,1.035,1.665,23.1,25.1,51.9,22.2,4.2,5.5,52.0,7.4,8.6,31.9,68.0,"[{""score"": ""1 - 1"", ""pct"": 11.540000000000001}, {""score"": ""0 - 1"", ""pct"": 11.52}, {""score"": ""1 - 2"", ""pct"": 9.700000000000001}]"
Sweden,Iraq,Neutral,1.214,1.486,29.8,27.3,42.9,29.9,5.3,7.1,42.6,6.7,8.4,42.3,57.7,"[{""score"": ""1 - 1"", ""pct"": 12.33}, {""score"": ""0 - 1"", ""pct"": 10.52}, {""score"": ""1 - 2"", ""pct"": 8.58}]"
Sweden,Ivory Coast,Neutral,1.062,1.638,23.8,25.8,50.4,24.0,4.6,5.7,49.8,7.2,8.6,34.4,65.6,"[{""score"": ""1 - 1"", ""pct"": 11.559999999999999}, {""score"": ""0 - 1"", ""pct"": 11.39}, {""score"": ""1 - 2"", ""pct"": 9.36}]"
Sweden,Mexico,Neutral,0.665,2.035,10.1,19.9,70.0,10.4,1.8,2.4,69.4,7.5,8.4,14.6,85.4,"[{""score"": ""0 - 1"", ""pct"": 14.26}, {""score"": ""0 - 2"", ""pct"": 13.750000000000002}, {""score"": ""1 - 2"", ""pct"": 9.51}]"
Sweden,Tunisia,Neutral,1.245,1.455,31.6,26.9,41.4,31.0,5.8,7.3,41.5,6.5,7.9,44.1,55.9,"[{""score"": ""1 - 1"", ""pct"": 12.590000000000002}, {""score"": ""0 - 1"", ""pct"": 10.0}, {""score"": ""1 - 2"", ""pct"": 8.57}]"
Sweden,Portugal,Neutral,0.587,2.113,8.1,19.1,72.8,8.3,1.7,1.8,74.0,6.7,7.5,11.8,88.2,"[{""score"": ""0 - 1"", ""pct"": 14.84}, {""score"": ""0 - 2"", ""pct"": 14.64}, {""score"": ""0 - 3"", ""pct"": 10.299999999999999}]"
Sweden,Morocco,Neutral,0.615,2.085,8.8,18.8,72.4,8.1,1.8,2.2,73.0,7.2,7.8,12.1,87.9,"[{""score"": ""0 - 2"", ""pct"": 15.010000000000002}, {""score"": ""0 - 1"", ""pct"": 14.96}, {""score"": ""1 - 2"", ""pct"": 9.02}]"
Sweden,Germany,Neutral,0.696,2.004,11.0,20.7,68.4,11.4,2.3,2.9,68.2,6.9,8.3,16.6,83.4,"[{""score"": ""0 - 1"", ""pct"": 13.780000000000001}, {""score"": ""0 - 2"", ""pct"": 13.370000000000001}, {""score"": ""1 - 1"", ""pct"": 9.45}]"
Sweden,Argentina,Neutral,0.407,2.293,4.2,14.5,81.3,4.2,0.9,1.0,81.2,6.5,6.2,6.1,93.9,"[{""score"": ""0 - 2"", ""pct"": 17.36}, {""score"": ""0 - 1"", ""pct"": 15.939999999999998}, {""score"": ""0 - 3"", ""pct"": 13.450000000000001}]"
Sweden,Qatar,Neutral,1.744,0.956,55.8,24.9,19.3,55.6,7.4,8.3,20.3,3.8,4.6,71.4,28.6,"[{""score"": ""1 - 0"", ""pct"": 11.86}, {""score"": ""1 - 1"", ""pct"": 11.129999999999999}, {""score"": ""2 - 0"", ""pct"": 10.47}]"
Sweden,Czech Republic,Neutral,1.173,1.527,28.3,25.9,45.8,28.2,5.4,6.4,45.2,6.5,8.2,40.1,59.9,"[{""score"": ""1 - 1"", ""pct"": 11.75}, {""score"": ""0 - 1"", ""pct"": 11.25}, {""score"": ""1 - 2"", ""pct"": 9.27}]"
Sweden,New Zealand,Neutral,1.319,1.381,34.9,26.8,38.3,34.8,5.7,6.9,37.4,7.0,8.2,47.4,52.6,"[{""score"": ""1 - 1"", ""pct"": 12.04}, {""score"": ""0 - 1"", ""pct"": 9.969999999999999}, {""score"": ""1 - 0"", ""pct"": 8.83}]"
Sweden,Japan,Neutral,0.61,2.09,8.7,19.2,72.1,8.5,2.0,2.5,71.8,7.1,8.2,12.9,87.0,"[{""score"": ""0 - 1"", ""pct"": 14.97}, {""score"": ""0 - 2"", ""pct"": 14.39}, {""score"": ""0 - 3"", ""pct"": 9.39}]"
Sweden,DR Congo,Neutral,1.157,1.543,27.2,26.9,45.9,27.5,5.0,6.6,46.1,6.5,8.3,39.1,60.9,"[{""score"": ""1 - 1"", ""pct"": 11.59}, {""score"": ""0 - 1"", ""pct"": 10.43}, {""score"": ""1 - 2"", ""pct"": 9.59}]"
Sweden,Iran,Neutral,0.77,1.93,12.9,22.0,65.0,13.3,2.5,3.3,64.9,7.4,8.7,19.0,81.0,"[{""score"": ""0 - 1"", ""pct"": 13.969999999999999}, {""score"": ""0 - 2"", ""pct"": 12.04}, {""score"": ""1 - 1"", ""pct"": 9.66}]"
Sweden,Croatia,Neutral,0.729,1.971,12.2,21.4,66.4,12.0,2.5,3.3,66.5,7.4,8.3,17.8,82.2,"[{""score"": ""0 - 1"", ""pct"": 13.370000000000001}, {""score"": ""0 - 2"", ""pct"": 13.29}, {""score"": ""1 - 2"", ""pct"": 10.01}]"
Sweden,Bosnia and Herzegovina,Neutral,1.65,1.05,51.6,25.1,23.3,51.0,7.4,8.8,23.1,4.2,5.6,67.1,32.9,"[{""score"": ""1 - 0"", ""pct"": 11.559999999999999}, {""score"": ""1 - 1"", ""pct"": 11.18}, {""score"": ""2 - 1"", ""pct"": 10.01}]"
Sweden,Ghana,Neutral,1.58,1.12,47.9,26.4,25.7,47.5,7.0,9.3,25.7,4.5,5.9,63.9,36.1,"[{""score"": ""1 - 0"", ""pct"": 11.81}, {""score"": ""1 - 1"", ""pct"": 11.19}, {""score"": ""2 - 1"", ""pct"": 9.35}]"
Sweden,Netherlands,Neutral,0.683,2.017,10.4,20.5,69.1,10.5,2.0,2.6,69.8,7.3,7.9,15.1,84.9,"[{""score"": ""0 - 1"", ""pct"": 14.08}, {""score"": ""0 - 2"", ""pct"": 12.97}, {""score"": ""1 - 2"", ""pct"": 9.87}]"
Sweden,Senegal,Neutral,0.797,1.903,13.9,21.8,64.4,14.2,2.8,3.5,63.3,7.5,8.7,20.4,79.6,"[{""score"": ""0 - 1"", ""pct"": 14.099999999999998}, {""score"": ""0 - 2"", ""pct"": 11.73}, {""score"": ""1 - 1"", ""pct"": 9.83}]"
Sweden,Uzbekistan,Neutral,0.894,1.806,17.0,24.1,58.9,16.6,3.3,4.2,60.1,7.3,8.6,24.1,75.9,"[{""score"": ""0 - 1"", ""pct"": 12.959999999999999}, {""score"": ""1 - 1"", ""pct"": 10.620000000000001}, {""score"": ""0 - 2"", ""pct"": 10.37}]"
Sweden,Scotland,Neutral,1.06,1.64,22.6,26.7,50.7,23.5,4.3,5.4,50.9,7.2,8.7,33.2,66.8,"[{""score"": ""1 - 1"", ""pct"": 12.04}, {""score"": ""0 - 1"", ""pct"": 11.05}, {""score"": ""1 - 2"", ""pct"": 9.6}]"
Sweden,Spain,Neutral,0.411,2.289,4.4,14.6,81.0,4.1,0.8,1.4,80.5,6.6,6.7,6.2,93.8,"[{""score"": ""0 - 2"", ""pct"": 17.7}, {""score"": ""0 - 1"", ""pct"": 15.09}, {""score"": ""0 - 3"", ""pct"": 13.41}]"
Sweden,Uruguay,Neutral,0.678,2.022,10.0,20.4,69.6,10.6,2.2,2.5,69.6,7.3,7.8,15.3,84.7,"[{""score"": ""0 - 1"", ""pct"": 14.17}, {""score"": ""0 - 2"", ""pct"": 13.969999999999999}, {""score"": ""1 - 2"", ""pct"": 9.5}]"
Sweden,Turkey,Neutral,0.781,1.919,13.4,22.1,64.5,13.0,2.7,3.4,64.8,7.3,8.9,19.0,81.0,"[{""score"": ""0 - 1"", ""pct"": 13.63}, {""score"": ""0 - 2"", ""pct"": 11.959999999999999}, {""score"": ""1 - 1"", ""pct"": 9.950000000000001}]"
Sweden,United States,Neutral,0.989,1.711,19.8,25.3,54.9,20.4,4.1,4.7,54.6,7.5,8.7,29.3,70.7,"[{""score"": ""0 - 1"", ""pct"": 12.46}, {""score"": ""1 - 1"", ""pct"": 11.219999999999999}, {""score"": ""1 - 2"", ""pct"": 9.610000000000001}]"
Sweden,Austria,Neutral,0.998,1.702,21.1,25.5,53.4,21.1,4.1,5.3,53.4,7.3,8.8,30.5,69.5,"[{""score"": ""0 - 1"", ""pct"": 11.88}, {""score"": ""1 - 1"", ""pct"": 11.28}, {""score"": ""1 - 2"", ""pct"": 9.74}]"
Sweden,Australia,Neutral,0.742,1.958,12.0,21.3,66.7,12.2,2.4,3.3,66.2,7.4,8.4,18.0,82.0,"[{""score"": ""0 - 1"", ""pct"": 13.780000000000001}, {""score"": ""0 - 2"", ""pct"": 12.53}, {""score"": ""1 - 2"", ""pct"": 9.69}]"
Sweden,Canada,Neutral,0.852,1.848,15.8,23.3,60.9,15.7,2.9,4.2,61.0,8.1,8.1,22.8,77.2,"[{""score"": ""0 - 1"", ""pct"": 12.520000000000001}, {""score"": ""0 - 2"", ""pct"": 11.33}, {""score"": ""1 - 1"", ""pct"": 10.77}]"
Sweden,Paraguay,Neutral,0.821,1.879,14.4,23.2,62.4,14.7,2.8,3.5,62.8,7.5,8.7,21.0,79.0,"[{""score"": ""0 - 1"", ""pct"": 12.93}, {""score"": ""0 - 2"", ""pct"": 11.81}, {""score"": ""1 - 1"", ""pct"": 10.440000000000001}]"
Sweden,France,Neutral,0.493,2.207,6.6,15.9,77.5,5.6,1.1,1.5,77.5,7.2,7.1,8.2,91.8,"[{""score"": ""0 - 2"", ""pct"": 15.620000000000001}, {""score"": ""0 - 1"", ""pct"": 15.2}, {""score"": ""0 - 3"", ""pct"": 12.479999999999999}]"
Sweden,England,Neutral,0.53,2.17,6.9,16.9,76.2,6.5,1.3,1.7,75.8,7.0,7.7,9.4,90.6,"[{""score"": ""0 - 2"", ""pct"": 16.25}, {""score"": ""0 - 1"", ""pct"": 14.78}, {""score"": ""0 - 3"", ""pct"": 10.51}]"
Sweden,Panama,Neutral,0.919,1.781,17.7,24.2,58.1,18.7,3.3,4.4,57.5,7.4,8.7,26.4,73.6,"[{""score"": ""0 - 1"", ""pct"": 12.3}, {""score"": ""0 - 2"", ""pct"": 10.780000000000001}, {""score"": ""1 - 1"", ""pct"": 10.68}]"
Sweden,South Korea,Neutral,0.801,1.899,14.3,21.6,64.0,14.3,2.9,3.8,63.2,7.5,8.3,21.0,79.0,"[{""score"": ""0 - 1"", ""pct"": 13.84}, {""score"": ""0 - 2"", ""pct"": 11.72}, {""score"": ""1 - 2"", ""pct"": 9.8}]"
Norway,Ecuador,Neutral,1.116,1.584,25.3,26.5,48.1,26.4,4.9,6.2,47.0,6.9,8.6,37.5,62.5,"[{""score"": ""1 - 1"", ""pct"": 11.91}, {""score"": ""0 - 1"", ""pct"": 11.450000000000001}, {""score"": ""1 - 2"", ""pct"": 9.47}]"
Norway,Curaçao,Neutral,2.101,0.599,73.5,17.8,8.7,73.3,7.3,7.6,8.2,1.6,2.0,88.2,11.8,"[{""score"": ""1 - 0"", ""pct"": 15.47}, {""score"": ""2 - 0"", ""pct"": 14.7}, {""score"": ""3 - 0"", ""pct"": 10.02}]"
Norway,Saudi Arabia,Neutral,1.927,0.773,64.9,21.7,13.3,64.8,7.6,8.4,13.1,2.6,3.5,80.8,19.2,"[{""score"": ""1 - 0"", ""pct"": 13.239999999999998}, {""score"": ""2 - 0"", ""pct"": 12.11}, {""score"": ""1 - 1"", ""pct"": 9.89}]"
Norway,South Africa,Neutral,2.028,0.672,69.9,19.9,10.2,69.0,7.3,8.0,10.9,2.1,2.8,84.2,15.8,"[{""score"": ""2 - 0"", ""pct"": 14.219999999999999}, {""score"": ""1 - 0"", ""pct"": 14.04}, {""score"": ""2 - 1"", ""pct"": 9.77}]"
Norway,Brazil,Neutral,1.024,1.676,22.2,25.3,52.5,22.4,4.3,5.4,52.1,7.2,8.6,32.1,67.9,"[{""score"": ""1 - 1"", ""pct"": 11.78}, {""score"": ""0 - 1"", ""pct"": 11.700000000000001}, {""score"": ""1 - 2"", ""pct"": 9.69}]"
Norway,Switzerland,Neutral,1.424,1.276,40.7,27.1,32.2,39.9,6.6,7.7,33.0,5.7,7.1,54.2,45.8,"[{""score"": ""1 - 1"", ""pct"": 12.35}, {""score"": ""1 - 0"", ""pct"": 9.950000000000001}, {""score"": ""0 - 1"", ""pct"": 8.780000000000001}]"
Norway,Algeria,Neutral,1.456,1.244,41.1,26.7,32.2,41.8,6.6,8.4,30.8,5.7,6.7,56.9,43.1,"[{""score"": ""1 - 1"", ""pct"": 12.389999999999999}, {""score"": ""1 - 0"", ""pct"": 9.9}, {""score"": ""2 - 1"", ""pct"": 8.959999999999999}]"
Norway,Cape Verde,Neutral,2.077,0.623,71.9,19.0,9.1,70.8,7.5,8.1,9.3,1.7,2.5,86.4,13.6,"[{""score"": ""2 - 0"", ""pct"": 14.719999999999999}, {""score"": ""1 - 0"", ""pct"": 14.69}, {""score"": ""3 - 0"", ""pct"": 9.569999999999999}]"
Norway,Haiti,Neutral,1.874,0.826,62.4,22.8,14.8,63.6,7.5,7.9,14.7,2.8,3.5,79.0,21.0,"[{""score"": ""1 - 0"", ""pct"": 13.65}, {""score"": ""2 - 0"", ""pct"": 10.89}, {""score"": ""1 - 1"", ""pct"": 10.23}]"
Norway,Colombia,Neutral,1.016,1.684,21.6,24.9,53.5,21.0,4.3,4.7,53.6,7.5,8.9,30.0,70.0,"[{""score"": ""0 - 1"", ""pct"": 11.77}, {""score"": ""1 - 1"", ""pct"": 11.41}, {""score"": ""1 - 2"", ""pct"": 9.78}]"
Norway,Belgium,Neutral,1.386,1.314,38.4,26.9,34.7,37.6,6.2,8.3,35.2,5.6,7.2,52.0,48.0,"[{""score"": ""1 - 1"", ""pct"": 12.64}, {""score"": ""1 - 0"", ""pct"": 9.08}, {""score"": ""1 - 2"", ""pct"": 8.540000000000001}]"
Norway,Sweden,Neutral,1.935,0.765,64.8,22.1,13.1,65.2,7.6,8.7,13.0,2.5,3.0,81.5,18.5,"[{""score"": ""2 - 0"", ""pct"": 13.100000000000001}, {""score"": ""1 - 0"", ""pct"": 13.0}, {""score"": ""1 - 1"", ""pct"": 9.66}]"
Norway,Egypt,Neutral,1.754,0.946,56.9,24.0,19.2,56.2,7.8,8.0,19.5,3.6,4.9,72.0,28.0,"[{""score"": ""1 - 0"", ""pct"": 12.49}, {""score"": ""1 - 1"", ""pct"": 10.6}, {""score"": ""2 - 0"", ""pct"": 10.15}]"
Norway,Jordan,Neutral,1.668,1.032,52.3,25.3,22.4,52.3,7.5,8.2,22.4,4.0,5.5,68.1,31.9,"[{""score"": ""1 - 0"", ""pct"": 11.55}, {""score"": ""1 - 1"", ""pct"": 11.53}, {""score"": ""2 - 1"", ""pct"": 10.0}]"
Norway,Iraq,Neutral,1.83,0.87,60.5,23.7,15.8,59.3,7.7,9.3,16.3,3.1,4.2,76.3,23.6,"[{""score"": ""1 - 0"", ""pct"": 12.809999999999999}, {""score"": ""2 - 0"", ""pct"": 10.74}, {""score"": ""1 - 1"", ""pct"": 10.72}]"
Norway,Ivory Coast,Neutral,1.694,1.006,53.6,25.3,21.1,53.2,7.8,8.8,21.2,3.9,4.9,69.9,30.1,"[{""score"": ""1 - 0"", ""pct"": 11.65}, {""score"": ""1 - 1"", ""pct"": 10.95}, {""score"": ""2 - 0"", ""pct"": 9.46}]"
Norway,Mexico,Neutral,1.2,1.5,29.7,26.3,44.0,29.3,5.3,6.6,44.1,6.6,8.1,41.1,58.9,"[{""score"": ""1 - 1"", ""pct"": 11.33}, {""score"": ""0 - 1"", ""pct"": 10.07}, {""score"": ""1 - 2"", ""pct"": 8.72}]"
Norway,Tunisia,Neutral,1.855,0.845,61.9,23.2,14.9,61.2,7.8,9.0,15.2,2.8,4.0,78.0,22.0,"[{""score"": ""1 - 0"", ""pct"": 12.78}, {""score"": ""2 - 0"", ""pct"": 11.51}, {""score"": ""1 - 1"", ""pct"": 10.74}]"
Norway,Portugal,Neutral,1.068,1.632,23.5,26.9,49.5,24.0,4.2,5.5,50.7,7.3,8.3,33.7,66.3,"[{""score"": ""1 - 1"", ""pct"": 12.540000000000001}, {""score"": ""0 - 1"", ""pct"": 11.1}, {""score"": ""1 - 2"", ""pct"": 9.81}]"
Norway,Morocco,Neutral,1.117,1.583,25.7,26.4,47.9,26.1,4.3,5.9,47.5,7.4,8.8,36.3,63.7,"[{""score"": ""1 - 1"", ""pct"": 11.67}, {""score"": ""0 - 1"", ""pct"": 11.07}, {""score"": ""1 - 2"", ""pct"": 9.24}]"
Norway,Germany,Neutral,1.249,1.451,31.7,27.7,40.6,31.6,5.5,6.8,41.5,6.4,8.1,44.0,56.0,"[{""score"": ""1 - 1"", ""pct"": 12.379999999999999}, {""score"": ""0 - 1"", ""pct"": 9.9}, {""score"": ""1 - 0"", ""pct"": 8.95}]"
Norway,Argentina,Neutral,0.691,2.009,10.4,20.5,69.0,10.2,2.2,3.0,69.5,7.0,8.2,15.4,84.6,"[{""score"": ""0 - 1"", ""pct"": 13.700000000000001}, {""score"": ""0 - 2"", ""pct"": 13.420000000000002}, {""score"": ""1 - 2"", ""pct"": 9.6}]"
Norway,Qatar,Neutral,2.172,0.528,76.0,17.2,6.8,76.3,7.1,6.9,6.8,1.1,1.8,90.2,9.8,"[{""score"": ""2 - 0"", ""pct"": 16.08}, {""score"": ""1 - 0"", ""pct"": 15.129999999999999}, {""score"": ""3 - 0"", ""pct"": 11.5}]"
Norway,Czech Republic,Neutral,1.795,0.905,58.9,23.5,17.6,59.6,7.3,8.0,17.8,3.2,4.1,75.0,25.0,"[{""score"": ""1 - 0"", ""pct"": 12.690000000000001}, {""score"": ""1 - 1"", ""pct"": 10.61}, {""score"": ""2 - 0"", ""pct"": 10.290000000000001}]"
Norway,New Zealand,Neutral,1.912,0.788,64.6,22.1,13.3,65.0,7.3,8.3,13.4,2.5,3.3,80.7,19.3,"[{""score"": ""1 - 0"", ""pct"": 12.86}, {""score"": ""2 - 0"", ""pct"": 12.32}, {""score"": ""2 - 1"", ""pct"": 10.01}]"
Norway,Japan,Neutral,1.108,1.592,24.6,27.0,48.4,25.6,4.7,5.8,48.1,7.1,8.8,36.1,64.0,"[{""score"": ""1 - 1"", ""pct"": 12.16}, {""score"": ""0 - 1"", ""pct"": 11.32}, {""score"": ""1 - 2"", ""pct"": 9.47}]"
Norway,DR Congo,Neutral,1.782,0.918,57.1,23.9,19.0,57.4,7.3,9.0,17.9,3.6,4.7,73.8,26.2,"[{""score"": ""1 - 0"", ""pct"": 12.139999999999999}, {""score"": ""1 - 1"", ""pct"": 10.51}, {""score"": ""2 - 1"", ""pct"": 10.12}]"
Norway,Iran,Neutral,1.357,1.343,37.6,27.3,35.2,37.0,6.2,7.2,35.7,6.4,7.5,50.4,49.6,"[{""score"": ""1 - 1"", ""pct"": 12.3}, {""score"": ""1 - 0"", ""pct"": 10.0}, {""score"": ""0 - 1"", ""pct"": 8.57}]"
Norway,Croatia,Neutral,1.298,1.402,34.4,27.5,38.1,32.7,6.0,6.8,40.3,6.5,7.8,45.4,54.6,"[{""score"": ""1 - 1"", ""pct"": 12.629999999999999}, {""score"": ""0 - 1"", ""pct"": 9.27}, {""score"": ""1 - 0"", ""pct"": 8.799999999999999}]"
Norway,Bosnia and Herzegovina,Neutral,2.123,0.577,74.3,17.9,7.8,74.4,7.1,7.3,7.6,1.4,2.2,88.8,11.2,"[{""score"": ""2 - 0"", ""pct"": 15.24}, {""score"": ""1 - 0"", ""pct"": 14.99}, {""score"": ""3 - 0"", ""pct"": 10.209999999999999}]"
Norway,Ghana,Neutral,2.083,0.617,71.3,19.7,9.0,72.5,7.6,7.5,8.3,1.8,2.2,87.7,12.3,"[{""score"": ""1 - 0"", ""pct"": 15.049999999999999}, {""score"": ""2 - 0"", ""pct"": 14.46}, {""score"": ""3 - 0"", ""pct"": 9.24}]"
Norway,Netherlands,Neutral,1.229,1.471,30.1,27.2,42.7,31.0,5.3,6.6,42.0,6.8,8.3,42.9,57.1,"[{""score"": ""1 - 1"", ""pct"": 12.04}, {""score"": ""0 - 1"", ""pct"": 9.969999999999999}, {""score"": ""1 - 2"", ""pct"": 8.98}]"
Norway,Senegal,Neutral,1.393,1.307,37.9,27.2,34.9,37.6,6.0,8.2,35.1,5.8,7.3,51.7,48.3,"[{""score"": ""1 - 1"", ""pct"": 12.5}, {""score"": ""0 - 1"", ""pct"": 9.1}, {""score"": ""1 - 0"", ""pct"": 9.07}]"
Norway,Uzbekistan,Neutral,1.515,1.185,44.3,27.3,28.4,44.9,6.7,7.8,29.2,5.0,6.4,59.4,40.6,"[{""score"": ""1 - 1"", ""pct"": 12.11}, {""score"": ""1 - 0"", ""pct"": 10.5}, {""score"": ""2 - 1"", ""pct"": 8.83}]"
Norway,Scotland,Neutral,1.693,1.007,54.6,24.7,20.7,51.8,7.6,8.3,22.3,4.1,5.8,67.8,32.2,"[{""score"": ""1 - 0"", ""pct"": 11.49}, {""score"": ""1 - 1"", ""pct"": 10.96}, {""score"": ""2 - 1"", ""pct"": 10.12}]"
Norway,Spain,Neutral,0.701,1.999,11.0,20.7,68.3,11.2,1.9,2.7,69.3,7.2,7.7,15.8,84.2,"[{""score"": ""0 - 1"", ""pct"": 13.81}, {""score"": ""0 - 2"", ""pct"": 12.889999999999999}, {""score"": ""1 - 2"", ""pct"": 9.45}]"
Norway,Uruguay,Neutral,1.221,1.479,30.4,26.6,43.0,30.7,5.4,6.6,42.1,6.8,8.4,42.7,57.3,"[{""score"": ""1 - 1"", ""pct"": 11.73}, {""score"": ""0 - 1"", ""pct"": 10.05}, {""score"": ""1 - 2"", ""pct"": 9.62}]"
Norway,Turkey,Neutral,1.371,1.329,36.7,27.2,36.1,37.3,6.0,7.9,35.1,6.1,7.6,51.2,48.8,"[{""score"": ""1 - 1"", ""pct"": 13.07}, {""score"": ""1 - 0"", ""pct"": 9.58}, {""score"": ""0 - 1"", ""pct"": 9.28}]"
Norway,United States,Neutral,1.62,1.08,49.9,25.9,24.2,50.3,7.3,8.3,23.4,4.7,5.9,65.9,34.1,"[{""score"": ""1 - 0"", ""pct"": 11.48}, {""score"": ""1 - 1"", ""pct"": 11.41}, {""score"": ""2 - 1"", ""pct"": 9.65}]"
Norway,Austria,Neutral,1.631,1.069,49.8,26.4,23.8,50.5,7.1,8.7,23.9,4.4,5.4,66.3,33.7,"[{""score"": ""1 - 1"", ""pct"": 11.99}, {""score"": ""1 - 0"", ""pct"": 11.61}, {""score"": ""2 - 1"", ""pct"": 9.81}]"
Norway,Australia,Neutral,1.317,1.383,35.1,27.3,37.6,35.0,6.3,7.5,37.4,6.3,7.5,48.8,51.2,"[{""score"": ""1 - 1"", ""pct"": 12.139999999999999}, {""score"": ""0 - 1"", ""pct"": 9.91}, {""score"": ""1 - 0"", ""pct"": 9.08}]"
Norway,Canada,Neutral,1.464,1.236,42.2,26.9,30.9,42.3,6.6,8.2,30.9,5.4,6.5,57.1,42.9,"[{""score"": ""1 - 1"", ""pct"": 11.88}, {""score"": ""1 - 0"", ""pct"": 10.26}, {""score"": ""2 - 1"", ""pct"": 9.36}]"
Norway,Paraguay,Neutral,1.425,1.275,40.1,26.9,33.0,39.6,7.0,7.9,32.8,5.9,6.9,54.4,45.6,"[{""score"": ""1 - 1"", ""pct"": 11.73}, {""score"": ""1 - 0"", ""pct"": 9.71}, {""score"": ""0 - 1"", ""pct"": 9.02}]"
Norway,France,Neutral,0.885,1.815,16.8,23.6,59.6,16.5,3.3,4.7,59.4,7.3,9.0,24.4,75.6,"[{""score"": ""0 - 1"", ""pct"": 12.740000000000002}, {""score"": ""0 - 2"", ""pct"": 11.09}, {""score"": ""1 - 1"", ""pct"": 10.8}]"
Norway,England,Neutral,0.959,1.741,19.4,24.7,56.0,19.3,3.6,5.0,56.2,7.3,8.5,27.9,72.1,"[{""score"": ""0 - 1"", ""pct"": 11.690000000000001}, {""score"": ""1 - 1"", ""pct"": 11.37}, {""score"": ""0 - 2"", ""pct"": 10.02}]"
Norway,Panama,Neutral,1.544,1.156,46.2,26.4,27.4,45.1,7.2,7.9,28.6,4.6,6.6,60.2,39.8,"[{""score"": ""1 - 1"", ""pct"": 11.99}, {""score"": ""1 - 0"", ""pct"": 10.71}, {""score"": ""2 - 1"", ""pct"": 9.71}]"
Norway,South Korea,Neutral,1.399,1.301,39.2,26.7,34.1,39.0,6.7,7.5,33.8,5.9,7.2,53.2,46.8,"[{""score"": ""1 - 1"", ""pct"": 12.25}, {""score"": ""1 - 0"", ""pct"": 9.56}, {""score"": ""0 - 1"", ""pct"": 8.83}]"
Egypt,Ecuador,Neutral,0.758,1.942,12.9,22.2,64.9,12.4,2.5,3.2,66.5,7.4,8.0,18.1,81.9,"[{""score"": ""0 - 1"", ""pct"": 13.04}, {""score"": ""0 - 2"", ""pct"": 11.66}, {""score"": ""1 - 2"", ""pct"": 9.86}]"
Egypt,Curaçao,Neutral,1.813,0.887,59.2,24.1,16.8,59.6,7.5,8.5,17.0,3.5,4.0,75.6,24.4,"[{""score"": ""1 - 0"", ""pct"": 12.709999999999999}, {""score"": ""2 - 0"", ""pct"": 10.71}, {""score"": ""1 - 1"", ""pct"": 10.54}]"
Egypt,Saudi Arabia,Neutral,1.565,1.135,47.6,25.6,26.8,46.5,7.2,9.1,26.6,5.1,5.6,62.8,37.2,"[{""score"": ""1 - 1"", ""pct"": 11.43}, {""score"": ""1 - 0"", ""pct"": 11.29}, {""score"": ""2 - 1"", ""pct"": 9.4}]"
Egypt,South Africa,Neutral,1.704,0.996,54.6,24.9,20.4,53.6,7.2,9.1,20.8,4.4,4.9,70.0,30.0,"[{""score"": ""1 - 0"", ""pct"": 11.92}, {""score"": ""1 - 1"", ""pct"": 11.59}, {""score"": ""2 - 1"", ""pct"": 10.27}]"
Egypt,Brazil,Neutral,0.692,2.008,10.6,19.9,69.6,11.2,2.0,2.9,68.3,7.5,8.0,16.1,83.9,"[{""score"": ""0 - 1"", ""pct"": 14.52}, {""score"": ""0 - 2"", ""pct"": 13.59}, {""score"": ""1 - 2"", ""pct"": 9.71}]"
Egypt,Switzerland,Neutral,1.012,1.688,22.0,25.3,52.7,21.7,3.9,5.5,52.3,7.6,9.0,31.1,68.9,"[{""score"": ""1 - 1"", ""pct"": 11.790000000000001}, {""score"": ""0 - 1"", ""pct"": 11.75}, {""score"": ""1 - 2"", ""pct"": 9.59}]"
Egypt,Algeria,Neutral,1.041,1.659,22.8,25.4,51.9,22.8,4.4,5.5,52.1,7.3,7.9,32.7,67.3,"[{""score"": ""0 - 1"", ""pct"": 11.58}, {""score"": ""1 - 1"", ""pct"": 11.52}, {""score"": ""1 - 2"", ""pct"": 9.85}]"
Egypt,Cape Verde,Neutral,1.777,0.923,56.7,24.6,18.6,57.7,7.6,8.3,18.4,3.3,4.6,73.6,26.4,"[{""score"": ""1 - 0"", ""pct"": 12.22}, {""score"": ""1 - 1"", ""pct"": 11.08}, {""score"": ""2 - 0"", ""pct"": 10.67}]"
Egypt,Haiti,Neutral,1.495,1.205,43.6,27.1,29.4,43.5,6.7,8.5,29.4,5.1,6.8,58.7,41.3,"[{""score"": ""1 - 1"", ""pct"": 12.08}, {""score"": ""1 - 0"", ""pct"": 10.16}, {""score"": ""2 - 1"", ""pct"": 8.88}]"
Egypt,Colombia,Neutral,0.686,2.014,9.5,20.3,70.2,10.8,1.8,2.9,69.0,7.2,8.2,15.6,84.4,"[{""score"": ""0 - 1"", ""pct"": 14.35}, {""score"": ""0 - 2"", ""pct"": 14.249999999999998}, {""score"": ""1 - 2"", ""pct"": 9.36}]"
Egypt,Belgium,Neutral,0.978,1.722,20.8,25.0,54.3,20.1,3.8,4.7,55.3,7.5,8.6,28.5,71.5,"[{""score"": ""0 - 1"", ""pct"": 12.139999999999999}, {""score"": ""1 - 1"", ""pct"": 11.64}, {""score"": ""1 - 2"", ""pct"": 9.83}]"
Egypt,Sweden,Neutral,1.574,1.126,47.1,26.0,26.9,47.8,7.3,8.0,26.0,4.8,6.0,63.1,36.8,"[{""score"": ""1 - 1"", ""pct"": 11.84}, {""score"": ""1 - 0"", ""pct"": 10.549999999999999}, {""score"": ""2 - 1"", ""pct"": 9.22}]"
Egypt,Norway,Neutral,0.946,1.754,18.5,24.2,57.3,18.2,4.4,4.8,56.2,7.8,8.6,27.3,72.7,"[{""score"": ""0 - 1"", ""pct"": 12.44}, {""score"": ""1 - 1"", ""pct"": 10.8}, {""score"": ""0 - 2"", ""pct"": 10.190000000000001}]"
Egypt,Jordan,Neutral,1.253,1.447,32.0,27.5,40.6,33.1,5.5,7.5,39.5,6.6,7.7,46.2,53.8,"[{""score"": ""1 - 1"", ""pct"": 12.19}, {""score"": ""0 - 1"", ""pct"": 9.719999999999999}, {""score"": ""1 - 0"", ""pct"": 8.709999999999999}]"
Egypt,Iraq,Neutral,1.44,1.26,41.0,27.7,31.3,40.5,6.4,7.8,33.0,5.6,6.7,54.7,45.3,"[{""score"": ""1 - 1"", ""pct"": 12.75}, {""score"": ""1 - 0"", ""pct"": 9.719999999999999}, {""score"": ""2 - 1"", ""pct"": 8.72}]"
Egypt,Ivory Coast,Neutral,1.282,1.418,33.2,27.2,39.6,33.3,5.7,7.1,39.7,6.3,8.0,46.0,54.0,"[{""score"": ""1 - 1"", ""pct"": 12.13}, {""score"": ""0 - 1"", ""pct"": 10.0}, {""score"": ""1 - 0"", ""pct"": 8.89}]"
Egypt,Mexico,Neutral,0.822,1.878,14.9,22.9,62.3,15.1,2.6,3.9,62.6,7.3,8.5,21.6,78.4,"[{""score"": ""0 - 1"", ""pct"": 13.01}, {""score"": ""0 - 2"", ""pct"": 11.469999999999999}, {""score"": ""1 - 1"", ""pct"": 10.54}]"
Egypt,Tunisia,Neutral,1.472,1.228,42.6,26.8,30.6,42.4,6.4,8.1,31.6,5.5,6.0,57.0,43.0,"[{""score"": ""1 - 1"", ""pct"": 12.2}, {""score"": ""1 - 0"", ""pct"": 10.290000000000001}, {""score"": ""2 - 1"", ""pct"": 9.32}]"
Egypt,Portugal,Neutral,0.723,1.977,11.7,20.8,67.5,11.3,2.7,2.9,67.2,7.6,8.2,16.9,83.1,"[{""score"": ""0 - 1"", ""pct"": 14.23}, {""score"": ""0 - 2"", ""pct"": 12.93}, {""score"": ""1 - 2"", ""pct"": 9.24}]"
Egypt,Morocco,Neutral,0.759,1.941,12.7,21.9,65.5,13.2,2.6,3.5,65.2,7.3,8.2,19.2,80.8,"[{""score"": ""0 - 1"", ""pct"": 13.719999999999999}, {""score"": ""0 - 2"", ""pct"": 12.16}, {""score"": ""1 - 1"", ""pct"": 9.89}]"
Egypt,Germany,Neutral,0.861,1.839,16.6,23.6,59.9,16.3,3.5,4.0,60.6,7.0,8.6,23.8,76.2,"[{""score"": ""0 - 1"", ""pct"": 12.7}, {""score"": ""1 - 1"", ""pct"": 10.97}, {""score"": ""0 - 2"", ""pct"": 10.65}]"
Egypt,Argentina,Neutral,0.478,2.222,5.5,16.4,78.1,5.7,0.9,1.6,78.5,6.5,6.8,8.2,91.8,"[{""score"": ""0 - 2"", ""pct"": 16.79}, {""score"": ""0 - 1"", ""pct"": 15.7}, {""score"": ""0 - 3"", ""pct"": 12.17}]"
Egypt,Qatar,Neutral,1.927,0.773,65.1,21.8,13.1,64.8,7.6,8.7,13.0,2.5,3.4,81.2,18.8,"[{""score"": ""1 - 0"", ""pct"": 14.09}, {""score"": ""2 - 0"", ""pct"": 12.590000000000002}, {""score"": ""2 - 1"", ""pct"": 10.11}]"
Egypt,Czech Republic,Neutral,1.399,1.301,39.4,26.4,34.2,38.9,6.2,7.6,34.1,5.9,7.3,52.6,47.4,"[{""score"": ""1 - 1"", ""pct"": 12.23}, {""score"": ""1 - 0"", ""pct"": 9.53}, {""score"": ""0 - 1"", ""pct"": 9.229999999999999}]"
Egypt,New Zealand,Neutral,1.544,1.156,45.6,26.4,28.1,46.0,7.6,8.3,27.0,5.0,6.2,61.8,38.2,"[{""score"": ""1 - 1"", ""pct"": 11.97}, {""score"": ""1 - 0"", ""pct"": 10.66}, {""score"": ""2 - 1"", ""pct"": 9.36}]"
Egypt,Japan,Neutral,0.752,1.948,12.5,21.4,66.1,12.4,2.4,3.3,65.8,7.8,8.4,18.1,81.9,"[{""score"": ""0 - 1"", ""pct"": 13.52}, {""score"": ""0 - 2"", ""pct"": 12.29}, {""score"": ""1 - 2"", ""pct"": 9.47}]"
Egypt,DR Congo,Neutral,1.382,1.318,38.5,26.3,35.2,38.0,6.3,7.6,34.5,6.3,7.2,51.9,48.1,"[{""score"": ""1 - 1"", ""pct"": 12.26}, {""score"": ""1 - 0"", ""pct"": 9.700000000000001}, {""score"": ""0 - 1"", ""pct"": 9.09}]"
Egypt,Iran,Neutral,0.952,1.748,19.6,24.8,55.6,18.7,3.8,4.8,56.0,7.8,8.8,27.3,72.7,"[{""score"": ""0 - 1"", ""pct"": 12.01}, {""score"": ""1 - 1"", ""pct"": 11.59}, {""score"": ""0 - 2"", ""pct"": 10.280000000000001}]"
Egypt,Croatia,Neutral,0.902,1.798,17.4,23.8,58.8,17.8,3.4,4.2,59.0,7.3,8.5,25.3,74.7,"[{""score"": ""0 - 1"", ""pct"": 12.93}, {""score"": ""1 - 1"", ""pct"": 11.07}, {""score"": ""0 - 2"", ""pct"": 10.34}]"
Egypt,Bosnia and Herzegovina,Neutral,1.847,0.853,60.9,23.2,15.9,61.5,7.4,9.0,15.2,2.8,4.0,77.9,22.1,"[{""score"": ""1 - 0"", ""pct"": 12.57}, {""score"": ""2 - 0"", ""pct"": 10.52}, {""score"": ""1 - 1"", ""pct"": 10.26}]"
Egypt,Ghana,Neutral,1.785,0.915,58.5,24.0,17.4,57.6,7.7,9.3,17.9,3.4,4.2,74.6,25.4,"[{""score"": ""1 - 0"", ""pct"": 12.31}, {""score"": ""2 - 0"", ""pct"": 11.23}, {""score"": ""1 - 1"", ""pct"": 10.85}]"
Egypt,Netherlands,Neutral,0.845,1.855,15.4,23.3,61.3,15.1,2.9,3.7,62.3,7.3,8.6,21.8,78.2,"[{""score"": ""0 - 1"", ""pct"": 12.75}, {""score"": ""0 - 2"", ""pct"": 11.03}, {""score"": ""1 - 1"", ""pct"": 10.66}]"
Egypt,Senegal,Neutral,0.984,1.716,20.2,24.1,55.6,20.9,3.7,5.2,54.2,7.3,8.7,29.8,70.2,"[{""score"": ""0 - 1"", ""pct"": 12.370000000000001}, {""score"": ""1 - 1"", ""pct"": 10.780000000000001}, {""score"": ""1 - 2"", ""pct"": 10.2}]"
Egypt,Uzbekistan,Neutral,1.097,1.603,24.9,25.6,49.5,24.5,4.5,6.1,48.9,7.4,8.6,35.0,64.9,"[{""score"": ""1 - 1"", ""pct"": 11.790000000000001}, {""score"": ""0 - 1"", ""pct"": 11.53}, {""score"": ""1 - 2"", ""pct"": 9.55}]"
Egypt,Scotland,Neutral,1.281,1.419,32.5,28.1,39.4,33.0,5.8,6.8,40.1,6.6,7.7,45.6,54.4,"[{""score"": ""1 - 1"", ""pct"": 12.26}, {""score"": ""0 - 1"", ""pct"": 9.65}, {""score"": ""1 - 0"", ""pct"": 8.91}]"
Egypt,Spain,Neutral,0.484,2.216,5.8,16.4,77.9,5.7,1.3,1.3,78.6,6.4,6.7,8.3,91.7,"[{""score"": ""0 - 2"", ""pct"": 17.02}, {""score"": ""0 - 1"", ""pct"": 15.659999999999998}, {""score"": ""0 - 3"", ""pct"": 12.049999999999999}]"
Egypt,Uruguay,Neutral,0.839,1.861,14.7,22.5,62.8,15.1,3.1,3.8,62.0,7.7,8.2,22.1,77.9,"[{""score"": ""0 - 1"", ""pct"": 13.13}, {""score"": ""0 - 2"", ""pct"": 11.91}, {""score"": ""1 - 1"", ""pct"": 9.83}]"
Egypt,Turkey,Neutral,0.964,1.736,19.8,24.8,55.4,19.3,3.9,4.7,55.8,7.6,8.7,27.9,72.1,"[{""score"": ""0 - 1"", ""pct"": 11.85}, {""score"": ""1 - 1"", ""pct"": 10.81}, {""score"": ""1 - 2"", ""pct"": 10.190000000000001}]"
Egypt,United States,Neutral,1.203,1.497,29.2,27.0,43.8,29.7,4.9,6.6,44.0,6.5,8.3,41.1,58.9,"[{""score"": ""1 - 1"", ""pct"": 12.26}, {""score"": ""0 - 1"", ""pct"": 10.73}, {""score"": ""1 - 2"", ""pct"": 9.4}]"
Egypt,Austria,Neutral,1.214,1.486,29.7,26.7,43.5,30.3,5.3,6.1,43.3,6.7,8.3,41.7,58.3,"[{""score"": ""1 - 1"", ""pct"": 12.25}, {""score"": ""0 - 1"", ""pct"": 10.79}, {""score"": ""1 - 2"", ""pct"": 9.15}]"
Egypt,Australia,Neutral,0.918,1.782,17.8,23.6,58.7,18.4,3.2,4.8,57.3,7.6,8.7,26.4,73.6,"[{""score"": ""0 - 1"", ""pct"": 12.870000000000001}, {""score"": ""1 - 1"", ""pct"": 11.1}, {""score"": ""0 - 2"", ""pct"": 10.620000000000001}]"
Egypt,Canada,Neutral,1.049,1.651,23.5,25.7,50.8,23.1,4.5,5.2,51.9,7.0,8.4,32.7,67.3,"[{""score"": ""1 - 1"", ""pct"": 11.53}, {""score"": ""0 - 1"", ""pct"": 11.42}, {""score"": ""1 - 2"", ""pct"": 9.66}]"
Egypt,Paraguay,Neutral,1.013,1.687,22.1,24.8,53.1,21.2,4.2,5.2,53.5,7.5,8.5,30.6,69.4,"[{""score"": ""0 - 1"", ""pct"": 12.31}, {""score"": ""1 - 1"", ""pct"": 11.12}, {""score"": ""1 - 2"", ""pct"": 9.73}]"
Egypt,France,Neutral,0.598,2.102,8.5,17.9,73.6,8.1,1.8,2.4,73.3,7.0,7.3,12.3,87.7,"[{""score"": ""0 - 1"", ""pct"": 15.540000000000001}, {""score"": ""0 - 2"", ""pct"": 14.81}, {""score"": ""0 - 3"", ""pct"": 9.46}]"
Egypt,England,Neutral,0.647,2.053,9.8,19.4,70.8,9.5,1.9,2.5,70.6,7.4,8.1,13.9,86.1,"[{""score"": ""0 - 2"", ""pct"": 14.26}, {""score"": ""0 - 1"", ""pct"": 14.02}, {""score"": ""0 - 3"", ""pct"": 9.28}]"
Egypt,Panama,Neutral,1.125,1.575,25.6,26.4,48.1,26.2,4.5,5.3,47.6,7.3,9.0,36.0,64.0,"[{""score"": ""1 - 1"", ""pct"": 11.87}, {""score"": ""0 - 1"", ""pct"": 11.08}, {""score"": ""1 - 2"", ""pct"": 9.46}]"
Egypt,South Korea,Neutral,0.989,1.711,20.8,24.2,55.0,19.9,4.0,5.1,54.9,7.5,8.6,29.0,71.0,"[{""score"": ""0 - 1"", ""pct"": 11.49}, {""score"": ""1 - 1"", ""pct"": 11.12}, {""score"": ""0 - 2"", ""pct"": 9.959999999999999}]"
Jordan,Ecuador,Neutral,0.831,1.869,14.7,23.2,62.1,15.0,3.1,3.8,62.4,7.6,8.1,21.9,78.1,"[{""score"": ""0 - 1"", ""pct"": 12.509999999999998}, {""score"": ""0 - 2"", ""pct"": 11.709999999999999}, {""score"": ""1 - 1"", ""pct"": 10.52}]"
Jordan,Curaçao,Neutral,1.89,0.81,62.9,23.2,13.9,62.7,7.7,8.9,14.0,2.9,3.8,79.3,20.7,"[{""score"": ""1 - 0"", ""pct"": 12.559999999999999}, {""score"": ""2 - 0"", ""pct"": 11.67}, {""score"": ""1 - 1"", ""pct"": 10.8}]"
Jordan,Saudi Arabia,Neutral,1.656,1.044,51.3,25.4,23.3,51.8,7.2,8.8,22.8,4.2,5.2,67.8,32.2,"[{""score"": ""1 - 1"", ""pct"": 11.899999999999999}, {""score"": ""1 - 0"", ""pct"": 11.55}, {""score"": ""2 - 1"", ""pct"": 9.34}]"
Jordan,South Africa,Neutral,1.789,0.911,58.3,24.0,17.7,59.0,7.0,8.3,17.6,3.7,4.5,74.3,25.7,"[{""score"": ""1 - 0"", ""pct"": 12.870000000000001}, {""score"": ""1 - 1"", ""pct"": 10.83}, {""score"": ""2 - 0"", ""pct"": 10.440000000000001}]"
Jordan,Brazil,Neutral,0.757,1.943,12.4,21.0,66.7,12.8,2.5,3.2,66.0,7.5,8.1,18.5,81.5,"[{""score"": ""0 - 1"", ""pct"": 13.11}, {""score"": ""0 - 2"", ""pct"": 12.58}, {""score"": ""1 - 2"", ""pct"": 9.629999999999999}]"
Jordan,Switzerland,Neutral,1.101,1.599,25.5,25.5,49.0,25.4,4.9,6.0,48.5,6.6,8.5,36.3,63.7,"[{""score"": ""1 - 1"", ""pct"": 11.57}, {""score"": ""0 - 1"", ""pct"": 11.29}, {""score"": ""1 - 2"", ""pct"": 9.93}]"
Jordan,Algeria,Neutral,1.133,1.567,26.3,25.8,47.9,26.9,4.9,5.9,46.6,7.0,8.7,37.6,62.3,"[{""score"": ""1 - 1"", ""pct"": 11.28}, {""score"": ""0 - 1"", ""pct"": 10.780000000000001}, {""score"": ""1 - 2"", ""pct"": 9.45}]"
Jordan,Cape Verde,Neutral,1.857,0.843,61.6,22.5,15.9,60.9,7.4,8.8,15.2,3.3,4.4,77.1,22.9,"[{""score"": ""1 - 0"", ""pct"": 12.94}, {""score"": ""2 - 0"", ""pct"": 11.34}, {""score"": ""1 - 1"", ""pct"": 10.100000000000001}]"
Jordan,Haiti,Neutral,1.589,1.111,47.4,26.5,26.2,48.2,7.3,8.5,25.6,4.8,5.7,64.0,36.0,"[{""score"": ""1 - 1"", ""pct"": 11.98}, {""score"": ""1 - 0"", ""pct"": 10.77}, {""score"": ""2 - 1"", ""pct"": 10.07}]"
Jordan,Colombia,Neutral,0.751,1.949,12.7,21.0,66.3,12.5,2.7,3.1,65.6,7.3,8.8,18.3,81.7,"[{""score"": ""0 - 1"", ""pct"": 13.96}, {""score"": ""0 - 2"", ""pct"": 12.68}, {""score"": ""1 - 2"", ""pct"": 10.040000000000001}]"
Jordan,Belgium,Neutral,1.066,1.634,23.5,25.9,50.6,23.7,4.4,5.4,50.3,7.4,8.7,33.5,66.5,"[{""score"": ""1 - 1"", ""pct"": 11.59}, {""score"": ""0 - 1"", ""pct"": 10.870000000000001}, {""score"": ""1 - 2"", ""pct"": 9.86}]"
Jordan,Sweden,Neutral,1.665,1.035,52.2,25.4,22.4,51.5,7.3,8.7,22.9,4.3,5.3,67.5,32.5,"[{""score"": ""1 - 1"", ""pct"": 11.63}, {""score"": ""1 - 0"", ""pct"": 11.62}, {""score"": ""2 - 1"", ""pct"": 9.94}]"
Jordan,Norway,Neutral,1.032,1.668,22.8,25.4,51.8,22.3,4.2,5.5,52.0,7.0,9.0,32.0,68.0,"[{""score"": ""0 - 1"", ""pct"": 11.78}, {""score"": ""1 - 1"", ""pct"": 11.690000000000001}, {""score"": ""1 - 2"", ""pct"": 9.5}]"
Jordan,Egypt,Neutral,1.447,1.253,40.7,27.9,31.5,41.9,6.3,7.7,32.0,5.4,6.8,55.9,44.1,"[{""score"": ""1 - 1"", ""pct"": 12.959999999999999}, {""score"": ""1 - 0"", ""pct"": 10.0}, {""score"": ""2 - 1"", ""pct"": 8.73}]"
Jordan,Iraq,Neutral,1.536,1.164,45.6,26.3,28.1,45.3,7.0,8.1,28.0,5.1,6.5,60.4,39.6,"[{""score"": ""1 - 1"", ""pct"": 11.97}, {""score"": ""1 - 0"", ""pct"": 10.42}, {""score"": ""2 - 1"", ""pct"": 9.98}]"
Jordan,Ivory Coast,Neutral,1.379,1.321,37.5,27.9,34.6,37.6,5.9,8.0,35.2,6.1,7.2,51.5,48.5,"[{""score"": ""1 - 1"", ""pct"": 12.49}, {""score"": ""0 - 1"", ""pct"": 8.98}, {""score"": ""1 - 0"", ""pct"": 8.97}]"
Jordan,Mexico,Neutral,0.9,1.8,16.9,23.8,59.3,17.4,3.4,4.4,58.8,7.3,8.7,25.1,74.9,"[{""score"": ""0 - 1"", ""pct"": 12.82}, {""score"": ""0 - 2"", ""pct"": 10.61}, {""score"": ""1 - 1"", ""pct"": 10.489999999999998}]"
Jordan,Tunisia,Neutral,1.567,1.133,46.5,27.0,26.5,47.7,6.5,8.2,26.9,4.9,5.9,62.4,37.6,"[{""score"": ""1 - 1"", ""pct"": 11.82}, {""score"": ""1 - 0"", ""pct"": 10.84}, {""score"": ""2 - 1"", ""pct"": 9.07}]"
Jordan,Portugal,Neutral,0.792,1.908,13.7,21.6,64.6,13.7,2.5,3.9,63.6,7.5,8.8,20.1,79.9,"[{""score"": ""0 - 1"", ""pct"": 13.51}, {""score"": ""0 - 2"", ""pct"": 12.120000000000001}, {""score"": ""1 - 2"", ""pct"": 9.9}]"
Jordan,Morocco,Neutral,0.831,1.869,15.3,22.9,61.7,15.0,2.9,3.8,62.4,7.9,7.9,21.7,78.3,"[{""score"": ""0 - 1"", ""pct"": 12.7}, {""score"": ""0 - 2"", ""pct"": 11.14}, {""score"": ""1 - 1"", ""pct"": 10.58}]"
Jordan,Germany,Neutral,0.942,1.758,18.8,24.1,57.1,18.8,3.6,4.8,56.4,7.7,8.7,27.2,72.8,"[{""score"": ""0 - 1"", ""pct"": 12.3}, {""score"": ""1 - 1"", ""pct"": 10.99}, {""score"": ""0 - 2"", ""pct"": 10.280000000000001}]"
Jordan,Argentina,Neutral,0.517,2.183,6.2,17.3,76.5,6.0,1.3,1.8,76.6,6.7,7.5,9.2,90.8,"[{""score"": ""0 - 2"", ""pct"": 16.36}, {""score"": ""0 - 1"", ""pct"": 15.409999999999998}, {""score"": ""0 - 3"", ""pct"": 11.25}]"
Jordan,Qatar,Neutral,1.994,0.706,68.7,20.0,11.3,67.4,7.7,8.4,11.4,2.3,2.9,83.5,16.5,"[{""score"": ""1 - 0"", ""pct"": 14.069999999999999}, {""score"": ""2 - 0"", ""pct"": 13.530000000000001}, {""score"": ""2 - 1"", ""pct"": 9.610000000000001}]"
Jordan,Czech Republic,Neutral,1.495,1.205,43.4,27.0,29.7,44.3,6.8,8.3,29.3,5.1,6.3,59.3,40.7,"[{""score"": ""1 - 1"", ""pct"": 12.46}, {""score"": ""1 - 0"", ""pct"": 9.89}, {""score"": ""2 - 1"", ""pct"": 9.36}]"
Jordan,New Zealand,Neutral,1.636,1.064,50.6,25.6,23.8,50.3,7.5,8.4,24.0,4.1,5.6,66.3,33.7,"[{""score"": ""1 - 0"", ""pct"": 11.64}, {""score"": ""1 - 1"", ""pct"": 11.540000000000001}, {""score"": ""2 - 1"", ""pct"": 9.49}]"
Jordan,Japan,Neutral,0.824,1.876,14.8,22.5,62.7,14.1,3.0,3.7,63.1,7.5,8.6,20.8,79.2,"[{""score"": ""0 - 1"", ""pct"": 12.94}, {""score"": ""0 - 2"", ""pct"": 11.78}, {""score"": ""1 - 1"", ""pct"": 10.39}]"
Jordan,DR Congo,Neutral,1.478,1.222,42.8,26.7,30.4,42.6,6.9,8.0,30.4,5.5,6.6,57.5,42.6,"[{""score"": ""1 - 1"", ""pct"": 11.89}, {""score"": ""1 - 0"", ""pct"": 10.61}, {""score"": ""2 - 1"", ""pct"": 9.07}]"
Jordan,Iran,Neutral,1.039,1.661,22.3,25.6,52.1,22.7,3.9,5.2,52.8,7.3,8.1,31.8,68.2,"[{""score"": ""0 - 1"", ""pct"": 11.53}, {""score"": ""1 - 1"", ""pct"": 11.450000000000001}, {""score"": ""1 - 2"", ""pct"": 9.68}]"
Jordan,Croatia,Neutral,0.986,1.714,19.7,25.4,54.9,20.7,3.5,4.8,55.0,7.2,8.7,29.1,70.9,"[{""score"": ""0 - 1"", ""pct"": 12.22}, {""score"": ""1 - 1"", ""pct"": 10.96}, {""score"": ""1 - 2"", ""pct"": 9.950000000000001}]"
Jordan,Bosnia and Herzegovina,Neutral,1.921,0.779,63.9,22.5,13.5,65.0,7.5,8.2,13.3,2.5,3.5,80.7,19.3,"[{""score"": ""1 - 0"", ""pct"": 13.48}, {""score"": ""2 - 0"", ""pct"": 11.700000000000001}, {""score"": ""1 - 1"", ""pct"": 10.17}]"
Jordan,Ghana,Neutral,1.864,0.836,61.1,22.9,16.0,62.3,7.4,8.5,15.2,2.7,3.8,78.2,21.8,"[{""score"": ""1 - 0"", ""pct"": 13.15}, {""score"": ""2 - 0"", ""pct"": 11.09}, {""score"": ""1 - 1"", ""pct"": 10.549999999999999}]"
Jordan,Netherlands,Neutral,0.925,1.775,18.5,24.0,57.5,18.9,3.5,4.4,56.7,7.8,8.7,26.7,73.3,"[{""score"": ""0 - 1"", ""pct"": 11.82}, {""score"": ""1 - 1"", ""pct"": 10.81}, {""score"": ""0 - 2"", ""pct"": 10.34}]"
Jordan,Senegal,Neutral,1.072,1.628,24.6,25.5,50.0,24.2,4.2,5.1,50.4,7.4,8.7,33.5,66.5,"[{""score"": ""1 - 1"", ""pct"": 11.459999999999999}, {""score"": ""0 - 1"", ""pct"": 11.24}, {""score"": ""1 - 2"", ""pct"": 9.47}]"
Jordan,Uzbekistan,Neutral,1.191,1.509,28.6,27.2,44.2,29.1,5.2,6.6,44.4,6.9,7.8,40.8,59.2,"[{""score"": ""1 - 1"", ""pct"": 12.620000000000001}, {""score"": ""0 - 1"", ""pct"": 10.94}, {""score"": ""1 - 2"", ""pct"": 9.19}]"
Jordan,Scotland,Neutral,1.377,1.323,37.7,27.4,34.9,38.2,6.3,7.3,34.9,6.1,7.2,51.8,48.2,"[{""score"": ""1 - 1"", ""pct"": 12.47}, {""score"": ""1 - 0"", ""pct"": 9.31}, {""score"": ""0 - 1"", ""pct"": 8.89}]"
Jordan,Spain,Neutral,0.524,2.176,6.4,17.2,76.4,6.5,1.5,1.8,76.1,7.2,7.0,9.7,90.3,"[{""score"": ""0 - 2"", ""pct"": 15.73}, {""score"": ""0 - 1"", ""pct"": 14.75}, {""score"": ""0 - 3"", ""pct"": 11.27}]"
Jordan,Uruguay,Neutral,0.918,1.782,18.4,23.8,57.9,18.0,3.7,4.5,56.9,8.0,8.9,26.3,73.7,"[{""score"": ""0 - 1"", ""pct"": 12.47}, {""score"": ""0 - 2"", ""pct"": 10.57}, {""score"": ""1 - 1"", ""pct"": 10.51}]"
Jordan,Turkey,Neutral,1.052,1.648,22.7,25.0,52.3,23.1,4.3,5.6,50.9,7.3,8.7,33.0,67.0,"[{""score"": ""0 - 1"", ""pct"": 11.78}, {""score"": ""1 - 1"", ""pct"": 11.29}, {""score"": ""1 - 2"", ""pct"": 9.87}]"
Jordan,United States,Neutral,1.299,1.401,33.7,27.2,39.1,33.9,5.7,7.3,39.0,6.3,7.8,47.0,53.0,"[{""score"": ""1 - 1"", ""pct"": 12.44}, {""score"": ""0 - 1"", ""pct"": 10.03}, {""score"": ""1 - 2"", ""pct"": 8.93}]"
Jordan,Austria,Neutral,1.31,1.39,34.7,27.6,37.7,34.2,5.9,7.3,38.4,6.4,7.8,47.5,52.5,"[{""score"": ""1 - 1"", ""pct"": 12.690000000000001}, {""score"": ""0 - 1"", ""pct"": 9.76}, {""score"": ""1 - 0"", ""pct"": 8.92}]"
Jordan,Australia,Neutral,1.002,1.698,21.3,25.1,53.6,21.5,4.0,5.2,53.4,7.3,8.7,30.6,69.4,"[{""score"": ""0 - 1"", ""pct"": 11.93}, {""score"": ""1 - 1"", ""pct"": 11.219999999999999}, {""score"": ""0 - 2"", ""pct"": 9.53}]"
Jordan,Canada,Neutral,1.14,1.56,27.3,25.8,47.0,26.8,4.8,6.7,47.0,6.6,8.0,38.3,61.7,"[{""score"": ""1 - 1"", ""pct"": 11.55}, {""score"": ""0 - 1"", ""pct"": 10.34}, {""score"": ""1 - 2"", ""pct"": 9.24}]"
Jordan,Paraguay,Neutral,1.103,1.597,26.1,25.9,48.0,25.5,4.6,5.9,48.7,6.8,8.5,36.0,64.0,"[{""score"": ""1 - 1"", ""pct"": 11.469999999999999}, {""score"": ""0 - 1"", ""pct"": 10.4}, {""score"": ""1 - 2"", ""pct"": 9.81}]"
Jordan,France,Neutral,0.652,2.048,10.2,20.0,69.8,9.6,2.3,2.7,70.3,7.0,8.1,14.6,85.4,"[{""score"": ""0 - 1"", ""pct"": 14.44}, {""score"": ""0 - 2"", ""pct"": 13.99}, {""score"": ""1 - 2"", ""pct"": 9.15}]"
Jordan,England,Neutral,0.708,1.992,11.4,21.1,67.6,11.7,1.9,2.8,67.7,7.6,8.3,16.4,83.6,"[{""score"": ""0 - 1"", ""pct"": 13.969999999999999}, {""score"": ""0 - 2"", ""pct"": 13.18}, {""score"": ""1 - 2"", ""pct"": 9.29}]"
Jordan,Panama,Neutral,1.22,1.48,30.5,26.2,43.3,30.1,5.2,6.3,43.2,7.2,8.0,41.6,58.4,"[{""score"": ""1 - 1"", ""pct"": 11.59}, {""score"": ""0 - 1"", ""pct"": 10.14}, {""score"": ""1 - 2"", ""pct"": 9.19}]"
Jordan,South Korea,Neutral,1.078,1.622,24.4,25.6,50.0,23.7,4.7,5.7,49.8,7.2,8.9,34.1,65.9,"[{""score"": ""1 - 1"", ""pct"": 11.99}, {""score"": ""0 - 1"", ""pct"": 11.51}, {""score"": ""1 - 2"", ""pct"": 9.24}]"
Iraq,Ecuador,Neutral,0.697,2.003,11.2,20.9,67.9,10.9,2.2,2.5,69.1,7.2,8.1,15.6,84.4,"[{""score"": ""0 - 1"", ""pct"": 14.05}, {""score"": ""0 - 2"", ""pct"": 13.5}, {""score"": ""1 - 1"", ""pct"": 9.5}]"
Iraq,Curaçao,Neutral,1.736,0.964,56.1,24.7,19.2,55.4,7.8,8.6,20.1,3.8,4.4,71.7,28.3,"[{""score"": ""1 - 0"", ""pct"": 12.9}, {""score"": ""1 - 1"", ""pct"": 11.09}, {""score"": ""2 - 0"", ""pct"": 9.969999999999999}]"
Iraq,Saudi Arabia,Neutral,1.476,1.224,42.6,26.6,30.8,42.1,7.6,8.6,30.3,5.3,6.1,58.3,41.7,"[{""score"": ""1 - 1"", ""pct"": 12.26}, {""score"": ""1 - 0"", ""pct"": 10.4}, {""score"": ""2 - 1"", ""pct"": 9.49}]"
Iraq,South Africa,Neutral,1.621,1.079,49.8,25.6,24.7,49.9,7.3,9.0,23.9,4.3,5.6,66.2,33.9,"[{""score"": ""1 - 1"", ""pct"": 11.600000000000001}, {""score"": ""1 - 0"", ""pct"": 11.3}, {""score"": ""2 - 1"", ""pct"": 9.84}]"
Iraq,Brazil,Neutral,0.636,2.064,9.0,18.5,72.5,9.2,1.8,2.2,71.4,7.2,8.2,13.2,86.8,"[{""score"": ""0 - 1"", ""pct"": 14.66}, {""score"": ""0 - 2"", ""pct"": 14.63}, {""score"": ""0 - 3"", ""pct"": 10.31}]"
Iraq,Switzerland,Neutral,0.932,1.768,18.3,25.0,56.8,18.6,3.2,4.4,57.3,7.9,8.7,26.1,73.9,"[{""score"": ""0 - 1"", ""pct"": 12.15}, {""score"": ""1 - 1"", ""pct"": 10.99}, {""score"": ""0 - 2"", ""pct"": 10.32}]"
Iraq,Algeria,Neutral,0.96,1.74,20.2,24.8,55.0,19.6,3.5,5.1,55.6,7.5,8.6,28.2,71.8,"[{""score"": ""0 - 1"", ""pct"": 12.22}, {""score"": ""1 - 1"", ""pct"": 11.379999999999999}, {""score"": ""0 - 2"", ""pct"": 9.94}]"
Iraq,Cape Verde,Neutral,1.698,1.002,53.3,25.3,21.4,53.3,7.5,8.6,21.6,3.8,5.2,69.4,30.6,"[{""score"": ""1 - 0"", ""pct"": 11.83}, {""score"": ""1 - 1"", ""pct"": 11.48}, {""score"": ""2 - 1"", ""pct"": 9.99}]"
Iraq,Haiti,Neutral,1.405,1.295,39.6,26.6,33.8,40.1,6.1,7.3,33.3,6.0,7.2,53.5,46.5,"[{""score"": ""1 - 1"", ""pct"": 11.91}, {""score"": ""1 - 0"", ""pct"": 9.379999999999999}, {""score"": ""2 - 1"", ""pct"": 8.82}]"
Iraq,Colombia,Neutral,0.631,2.069,8.9,19.9,71.2,9.0,1.7,2.3,72.3,6.9,7.9,13.0,87.0,"[{""score"": ""0 - 2"", ""pct"": 14.21}, {""score"": ""0 - 1"", ""pct"": 14.17}, {""score"": ""0 - 3"", ""pct"": 9.569999999999999}]"
Iraq,Belgium,Neutral,0.9,1.8,16.7,24.6,58.8,17.7,3.4,4.4,58.7,7.4,8.4,25.5,74.5,"[{""score"": ""0 - 1"", ""pct"": 12.32}, {""score"": ""1 - 1"", ""pct"": 11.540000000000001}, {""score"": ""0 - 2"", ""pct"": 10.34}]"
Iraq,Sweden,Neutral,1.486,1.214,43.2,26.9,29.9,43.1,6.6,8.2,30.1,5.3,6.8,57.8,42.2,"[{""score"": ""1 - 1"", ""pct"": 12.370000000000001}, {""score"": ""1 - 0"", ""pct"": 10.51}, {""score"": ""2 - 1"", ""pct"": 8.92}]"
Iraq,Norway,Neutral,0.87,1.83,15.9,24.1,60.0,16.0,3.0,4.2,60.4,7.7,8.6,23.2,76.7,"[{""score"": ""0 - 1"", ""pct"": 12.809999999999999}, {""score"": ""1 - 1"", ""pct"": 10.72}, {""score"": ""0 - 2"", ""pct"": 10.67}]"
Iraq,Egypt,Neutral,1.26,1.44,32.6,27.9,39.6,31.8,5.8,7.0,40.9,6.6,8.0,44.5,55.5,"[{""score"": ""1 - 1"", ""pct"": 12.64}, {""score"": ""0 - 1"", ""pct"": 9.719999999999999}, {""score"": ""1 - 0"", ""pct"": 8.59}]"
Iraq,Jordan,Neutral,1.164,1.536,27.6,26.5,45.9,27.7,4.8,6.5,45.8,6.6,8.6,39.0,61.0,"[{""score"": ""1 - 1"", ""pct"": 11.899999999999999}, {""score"": ""0 - 1"", ""pct"": 10.97}, {""score"": ""1 - 2"", ""pct"": 9.34}]"
Iraq,Ivory Coast,Neutral,1.193,1.507,29.3,26.7,44.0,28.9,5.2,6.8,44.5,6.5,8.1,40.9,59.1,"[{""score"": ""1 - 1"", ""pct"": 12.36}, {""score"": ""0 - 1"", ""pct"": 10.280000000000001}, {""score"": ""1 - 2"", ""pct"": 9.2}]"
Iraq,Mexico,Neutral,0.755,1.945,12.3,21.8,66.0,12.0,2.6,3.2,66.6,7.5,8.1,17.8,82.2,"[{""score"": ""0 - 1"", ""pct"": 13.76}, {""score"": ""0 - 2"", ""pct"": 12.659999999999998}, {""score"": ""1 - 1"", ""pct"": 9.78}]"
Iraq,Tunisia,Neutral,1.382,1.318,38.5,26.4,35.2,37.5,6.3,7.6,35.3,6.1,7.2,51.4,48.6,"[{""score"": ""1 - 1"", ""pct"": 12.19}, {""score"": ""1 - 0"", ""pct"": 8.799999999999999}, {""score"": ""0 - 1"", ""pct"": 8.66}]"
Iraq,Portugal,Neutral,0.665,2.035,10.5,20.0,69.5,9.9,1.9,3.0,70.1,7.1,8.0,14.8,85.2,"[{""score"": ""0 - 1"", ""pct"": 14.760000000000002}, {""score"": ""0 - 2"", ""pct"": 13.01}, {""score"": ""1 - 2"", ""pct"": 9.33}]"
Iraq,Morocco,Neutral,0.697,2.003,10.8,20.6,68.6,11.0,2.3,2.8,68.8,7.4,7.7,16.1,83.9,"[{""score"": ""0 - 1"", ""pct"": 14.249999999999998}, {""score"": ""0 - 2"", ""pct"": 13.209999999999999}, {""score"": ""1 - 1"", ""pct"": 9.66}]"
Iraq,Germany,Neutral,0.791,1.909,13.1,22.9,64.0,13.8,3.0,3.3,64.1,7.7,8.2,20.0,80.0,"[{""score"": ""0 - 1"", ""pct"": 13.63}, {""score"": ""0 - 2"", ""pct"": 12.31}, {""score"": ""1 - 1"", ""pct"": 10.530000000000001}]"
Iraq,Argentina,Neutral,0.447,2.253,5.5,15.8,78.7,4.7,1.0,1.3,79.4,6.6,7.0,7.0,93.0,"[{""score"": ""0 - 2"", ""pct"": 17.349999999999998}, {""score"": ""0 - 1"", ""pct"": 15.590000000000002}, {""score"": ""0 - 3"", ""pct"": 12.06}]"
Iraq,Qatar,Neutral,1.858,0.842,61.5,23.4,15.1,61.7,7.3,8.3,15.9,2.8,4.0,77.3,22.7,"[{""score"": ""1 - 0"", ""pct"": 12.540000000000001}, {""score"": ""2 - 0"", ""pct"": 11.52}, {""score"": ""1 - 1"", ""pct"": 10.48}]"
Iraq,Czech Republic,Neutral,1.308,1.392,34.3,27.0,38.8,34.6,5.9,7.1,38.2,6.1,8.1,47.6,52.4,"[{""score"": ""1 - 1"", ""pct"": 12.3}, {""score"": ""0 - 1"", ""pct"": 9.959999999999999}, {""score"": ""1 - 0"", ""pct"": 9.11}]"
Iraq,New Zealand,Neutral,1.455,1.245,41.8,27.0,31.2,41.7,6.7,7.8,31.6,5.5,6.8,56.1,43.9,"[{""score"": ""1 - 1"", ""pct"": 12.53}, {""score"": ""1 - 0"", ""pct"": 9.53}, {""score"": ""2 - 1"", ""pct"": 9.180000000000001}]"
Iraq,Japan,Neutral,0.691,2.009,11.0,21.0,68.0,11.1,1.9,2.8,68.7,7.3,8.1,15.8,84.2,"[{""score"": ""0 - 1"", ""pct"": 13.88}, {""score"": ""0 - 2"", ""pct"": 13.01}, {""score"": ""1 - 2"", ""pct"": 9.34}]"
Iraq,DR Congo,Neutral,1.292,1.408,33.4,28.0,38.6,34.0,5.7,6.8,39.2,6.6,7.8,46.5,53.5,"[{""score"": ""1 - 1"", ""pct"": 12.85}, {""score"": ""0 - 1"", ""pct"": 9.28}, {""score"": ""1 - 0"", ""pct"": 8.62}]"
Iraq,Iran,Neutral,0.876,1.824,16.7,23.5,59.8,16.7,3.0,3.9,60.7,7.5,8.3,23.6,76.4,"[{""score"": ""0 - 1"", ""pct"": 12.36}, {""score"": ""0 - 2"", ""pct"": 11.200000000000001}, {""score"": ""1 - 1"", ""pct"": 10.81}]"
Iraq,Croatia,Neutral,0.829,1.871,15.0,22.4,62.6,15.3,3.1,3.8,61.7,7.4,8.7,22.1,77.9,"[{""score"": ""0 - 1"", ""pct"": 13.059999999999999}, {""score"": ""0 - 2"", ""pct"": 11.35}, {""score"": ""1 - 2"", ""pct"": 10.15}]"
Iraq,Bosnia and Herzegovina,Neutral,1.772,0.928,57.8,24.1,18.2,56.9,7.7,9.0,17.9,3.7,4.8,73.6,26.4,"[{""score"": ""1 - 0"", ""pct"": 12.5}, {""score"": ""2 - 0"", ""pct"": 10.530000000000001}, {""score"": ""1 - 1"", ""pct"": 10.459999999999999}]"
Iraq,Ghana,Neutral,1.707,0.993,54.4,25.3,20.4,54.1,7.4,8.2,20.8,4.1,5.2,69.8,30.2,"[{""score"": ""1 - 0"", ""pct"": 11.76}, {""score"": ""1 - 1"", ""pct"": 11.32}, {""score"": ""2 - 1"", ""pct"": 10.05}]"
Iraq,Netherlands,Neutral,0.777,1.923,14.1,21.8,64.1,13.2,2.5,3.3,65.3,7.4,8.1,19.1,80.9,"[{""score"": ""0 - 1"", ""pct"": 13.489999999999998}, {""score"": ""0 - 2"", ""pct"": 12.36}, {""score"": ""1 - 2"", ""pct"": 9.81}]"
Iraq,Senegal,Neutral,0.906,1.794,17.6,24.2,58.2,17.8,3.2,4.6,57.7,7.6,9.1,25.6,74.4,"[{""score"": ""0 - 1"", ""pct"": 12.379999999999999}, {""score"": ""1 - 1"", ""pct"": 10.91}, {""score"": ""0 - 2"", ""pct"": 10.54}]"
Iraq,Uzbekistan,Neutral,1.013,1.687,21.0,25.4,53.6,22.1,4.0,5.3,52.5,7.4,8.6,31.4,68.6,"[{""score"": ""0 - 1"", ""pct"": 12.02}, {""score"": ""1 - 1"", ""pct"": 11.42}, {""score"": ""1 - 2"", ""pct"": 9.85}]"
Iraq,Scotland,Neutral,1.191,1.509,29.3,27.0,43.7,29.5,5.0,6.4,44.5,6.7,7.9,40.9,59.1,"[{""score"": ""1 - 1"", ""pct"": 12.629999999999999}, {""score"": ""0 - 1"", ""pct"": 9.93}, {""score"": ""1 - 2"", ""pct"": 9.15}]"
Iraq,Spain,Neutral,0.452,2.248,5.4,15.8,78.8,5.2,0.9,1.4,79.3,6.5,6.7,7.5,92.5,"[{""score"": ""0 - 2"", ""pct"": 17.130000000000003}, {""score"": ""0 - 1"", ""pct"": 15.559999999999999}, {""score"": ""0 - 3"", ""pct"": 11.99}]"
Iraq,Uruguay,Neutral,0.771,1.929,13.4,20.7,65.9,12.8,2.6,3.6,65.1,7.4,8.6,19.0,81.0,"[{""score"": ""0 - 1"", ""pct"": 13.62}, {""score"": ""0 - 2"", ""pct"": 13.15}, {""score"": ""1 - 2"", ""pct"": 9.75}]"
Iraq,Turkey,Neutral,0.887,1.813,16.8,24.2,59.0,17.2,3.0,4.4,59.3,7.1,9.1,24.6,75.4,"[{""score"": ""0 - 1"", ""pct"": 12.53}, {""score"": ""1 - 1"", ""pct"": 11.129999999999999}, {""score"": ""0 - 2"", ""pct"": 10.76}]"
Iraq,United States,Neutral,1.115,1.585,25.4,26.8,47.7,26.3,4.6,5.9,47.4,6.9,9.0,36.8,63.2,"[{""score"": ""0 - 1"", ""pct"": 11.940000000000001}, {""score"": ""1 - 1"", ""pct"": 11.540000000000001}, {""score"": ""1 - 2"", ""pct"": 9.62}]"
Iraq,Austria,Neutral,1.126,1.574,26.9,25.6,47.6,26.3,4.5,5.9,47.6,7.4,8.3,36.8,63.2,"[{""score"": ""0 - 1"", ""pct"": 11.44}, {""score"": ""1 - 1"", ""pct"": 11.18}, {""score"": ""1 - 2"", ""pct"": 9.09}]"
Iraq,Australia,Neutral,0.844,1.856,15.1,23.0,61.9,15.2,3.0,3.9,61.4,7.5,8.9,22.2,77.8,"[{""score"": ""0 - 1"", ""pct"": 12.57}, {""score"": ""0 - 2"", ""pct"": 11.39}, {""score"": ""1 - 1"", ""pct"": 10.41}]"
Iraq,Canada,Neutral,0.967,1.733,19.8,25.5,54.7,19.5,3.8,5.0,55.2,7.8,8.7,28.3,71.7,"[{""score"": ""0 - 1"", ""pct"": 12.21}, {""score"": ""1 - 1"", ""pct"": 11.55}, {""score"": ""1 - 2"", ""pct"": 9.47}]"
Iraq,Paraguay,Neutral,0.933,1.767,19.0,23.8,57.2,18.5,3.6,4.4,56.9,7.4,9.2,26.5,73.5,"[{""score"": ""0 - 1"", ""pct"": 12.18}, {""score"": ""1 - 1"", ""pct"": 10.43}, {""score"": ""0 - 2"", ""pct"": 10.34}]"
Iraq,France,Neutral,0.552,2.148,7.3,18.6,74.1,7.2,1.7,1.9,75.0,7.2,7.0,10.8,89.2,"[{""score"": ""0 - 2"", ""pct"": 15.129999999999999}, {""score"": ""0 - 1"", ""pct"": 14.799999999999999}, {""score"": ""0 - 3"", ""pct"": 10.100000000000001}]"
Iraq,England,Neutral,0.596,2.104,8.2,18.2,73.6,8.4,1.6,2.2,73.0,7.2,7.6,12.2,87.8,"[{""score"": ""0 - 2"", ""pct"": 15.24}, {""score"": ""0 - 1"", ""pct"": 14.719999999999999}, {""score"": ""0 - 3"", ""pct"": 10.27}]"
Iraq,Panama,Neutral,1.04,1.66,22.1,26.4,51.6,22.6,4.4,5.4,51.7,7.4,8.5,32.5,67.5,"[{""score"": ""1 - 1"", ""pct"": 11.899999999999999}, {""score"": ""0 - 1"", ""pct"": 11.690000000000001}, {""score"": ""1 - 2"", ""pct"": 9.790000000000001}]"
Iraq,South Korea,Neutral,0.911,1.789,17.9,23.4,58.7,17.4,3.3,4.4,58.7,7.7,8.5,25.1,74.9,"[{""score"": ""0 - 1"", ""pct"": 12.67}, {""score"": ""1 - 1"", ""pct"": 10.489999999999998}, {""score"": ""0 - 2"", ""pct"": 10.280000000000001}]"
Ivory Coast,Ecuador,Neutral,0.808,1.892,14.0,22.5,63.6,14.1,2.9,3.3,63.6,7.4,8.7,20.2,79.8,"[{""score"": ""0 - 1"", ""pct"": 13.459999999999999}, {""score"": ""0 - 2"", ""pct"": 11.62}, {""score"": ""1 - 1"", ""pct"": 10.09}]"
Ivory Coast,Curaçao,Neutral,1.868,0.832,61.7,23.0,15.3,62.4,8.0,8.7,14.5,2.9,3.6,79.0,20.9,"[{""score"": ""1 - 0"", ""pct"": 13.36}, {""score"": ""2 - 0"", ""pct"": 11.450000000000001}, {""score"": ""1 - 1"", ""pct"": 10.37}]"
Ivory Coast,Saudi Arabia,Neutral,1.629,1.071,50.1,25.8,24.1,51.1,7.3,7.7,23.9,4.6,5.4,66.0,34.0,"[{""score"": ""1 - 1"", ""pct"": 12.07}, {""score"": ""1 - 0"", ""pct"": 10.979999999999999}, {""score"": ""2 - 1"", ""pct"": 10.39}]"
Ivory Coast,South Africa,Neutral,1.764,0.936,57.1,24.0,19.0,57.3,7.1,8.2,19.0,3.6,4.7,72.6,27.4,"[{""score"": ""1 - 0"", ""pct"": 12.55}, {""score"": ""1 - 1"", ""pct"": 10.549999999999999}, {""score"": ""2 - 0"", ""pct"": 10.35}]"
Ivory Coast,Brazil,Neutral,0.737,1.963,12.2,21.3,66.5,11.7,2.2,3.0,67.5,7.4,8.1,17.0,83.0,"[{""score"": ""0 - 1"", ""pct"": 14.09}, {""score"": ""0 - 2"", ""pct"": 12.58}, {""score"": ""1 - 2"", ""pct"": 9.8}]"
Ivory Coast,Switzerland,Neutral,1.074,1.626,23.7,26.1,50.2,24.2,4.3,5.8,49.9,6.8,8.9,34.4,65.6,"[{""score"": ""1 - 1"", ""pct"": 11.559999999999999}, {""score"": ""0 - 1"", ""pct"": 11.12}, {""score"": ""1 - 2"", ""pct"": 9.58}]"
Ivory Coast,Algeria,Neutral,1.105,1.595,25.2,26.0,48.8,24.7,4.6,5.8,49.2,7.2,8.5,35.1,64.9,"[{""score"": ""1 - 1"", ""pct"": 11.65}, {""score"": ""0 - 1"", ""pct"": 11.17}, {""score"": ""1 - 2"", ""pct"": 9.4}]"
Ivory Coast,Cape Verde,Neutral,1.833,0.867,60.2,23.2,16.6,60.0,7.8,8.6,16.5,3.0,4.0,76.4,23.5,"[{""score"": ""1 - 0"", ""pct"": 12.920000000000002}, {""score"": ""2 - 0"", ""pct"": 10.74}, {""score"": ""1 - 1"", ""pct"": 10.27}]"
Ivory Coast,Haiti,Neutral,1.561,1.139,47.2,26.3,26.4,47.6,6.8,8.2,26.7,5.0,5.7,62.6,37.4,"[{""score"": ""1 - 1"", ""pct"": 11.64}, {""score"": ""1 - 0"", ""pct"": 10.56}, {""score"": ""2 - 1"", ""pct"": 9.43}]"
Ivory Coast,Colombia,Neutral,0.731,1.969,11.3,21.0,67.7,12.0,2.3,3.2,67.1,7.6,7.8,17.5,82.5,"[{""score"": ""0 - 1"", ""pct"": 14.7}, {""score"": ""0 - 2"", ""pct"": 13.4}, {""score"": ""1 - 2"", ""pct"": 9.75}]"
Ivory Coast,Belgium,Neutral,1.039,1.661,22.0,25.5,52.5,22.8,4.1,5.6,50.8,7.8,9.0,32.4,67.6,"[{""score"": ""0 - 1"", ""pct"": 11.53}, {""score"": ""1 - 1"", ""pct"": 11.39}, {""score"": ""1 - 2"", ""pct"": 9.8}]"
Ivory Coast,Sweden,Neutral,1.638,1.062,50.9,25.6,23.5,50.6,7.2,8.7,23.8,4.1,5.7,66.4,33.6,"[{""score"": ""1 - 0"", ""pct"": 11.469999999999999}, {""score"": ""1 - 1"", ""pct"": 11.219999999999999}, {""score"": ""2 - 1"", ""pct"": 9.6}]"
Ivory Coast,Norway,Neutral,1.006,1.694,22.3,25.6,52.1,21.1,4.1,5.1,53.9,7.4,8.6,30.2,69.8,"[{""score"": ""0 - 1"", ""pct"": 11.790000000000001}, {""score"": ""1 - 1"", ""pct"": 11.61}, {""score"": ""1 - 2"", ""pct"": 9.64}]"
Ivory Coast,Egypt,Neutral,1.418,1.282,39.5,26.8,33.7,39.3,6.3,7.7,33.5,6.0,7.2,53.3,46.7,"[{""score"": ""1 - 1"", ""pct"": 12.41}, {""score"": ""1 - 0"", ""pct"": 9.700000000000001}, {""score"": ""2 - 1"", ""pct"": 8.42}]"
Ivory Coast,Jordan,Neutral,1.321,1.379,34.9,27.3,37.8,34.2,6.4,7.5,37.9,6.3,7.7,48.1,51.9,"[{""score"": ""1 - 1"", ""pct"": 12.32}, {""score"": ""0 - 1"", ""pct"": 9.520000000000001}, {""score"": ""1 - 0"", ""pct"": 8.98}]"
Ivory Coast,Iraq,Neutral,1.507,1.193,45.2,26.2,28.7,43.9,6.9,8.3,29.3,5.3,6.3,59.1,40.9,"[{""score"": ""1 - 1"", ""pct"": 11.89}, {""score"": ""1 - 0"", ""pct"": 10.33}, {""score"": ""2 - 1"", ""pct"": 9.51}]"
Ivory Coast,Mexico,Neutral,0.876,1.824,16.4,23.2,60.4,16.9,3.1,4.2,59.4,7.2,9.3,24.2,75.8,"[{""score"": ""0 - 1"", ""pct"": 12.55}, {""score"": ""0 - 2"", ""pct"": 10.85}, {""score"": ""1 - 2"", ""pct"": 10.48}]"
Ivory Coast,Tunisia,Neutral,1.538,1.162,45.8,27.0,27.3,45.6,7.0,7.9,27.9,4.9,6.7,60.6,39.4,"[{""score"": ""1 - 1"", ""pct"": 12.09}, {""score"": ""1 - 0"", ""pct"": 10.95}, {""score"": ""2 - 1"", ""pct"": 9.370000000000001}]"
Ivory Coast,Portugal,Neutral,0.77,1.93,12.9,21.6,65.5,12.3,2.4,3.4,65.4,7.7,8.7,18.2,81.8,"[{""score"": ""0 - 1"", ""pct"": 13.459999999999999}, {""score"": ""0 - 2"", ""pct"": 12.49}, {""score"": ""1 - 1"", ""pct"": 10.2}]"
Ivory Coast,Morocco,Neutral,0.808,1.892,14.0,22.4,63.6,14.5,2.5,3.5,63.2,7.4,8.8,20.6,79.4,"[{""score"": ""0 - 1"", ""pct"": 12.879999999999999}, {""score"": ""0 - 2"", ""pct"": 12.13}, {""score"": ""1 - 1"", ""pct"": 10.45}]"
Ivory Coast,Germany,Neutral,0.917,1.783,18.0,24.1,57.9,17.6,3.4,4.5,58.1,7.9,8.5,25.5,74.5,"[{""score"": ""0 - 1"", ""pct"": 13.05}, {""score"": ""1 - 1"", ""pct"": 11.21}, {""score"": ""0 - 2"", ""pct"": 10.17}]"
Ivory Coast,Argentina,Neutral,0.505,2.195,6.2,16.9,76.9,6.0,1.3,1.8,76.8,6.8,7.3,9.1,90.9,"[{""score"": ""0 - 2"", ""pct"": 16.189999999999998}, {""score"": ""0 - 1"", ""pct"": 15.709999999999999}, {""score"": ""0 - 3"", ""pct"": 11.110000000000001}]"
Ivory Coast,Qatar,Neutral,1.974,0.726,67.6,21.3,11.2,66.1,7.9,8.6,12.0,2.5,2.9,82.6,17.4,"[{""score"": ""1 - 0"", ""pct"": 13.66}, {""score"": ""2 - 0"", ""pct"": 13.420000000000002}, {""score"": ""1 - 1"", ""pct"": 9.69}]"
Ivory Coast,Czech Republic,Neutral,1.466,1.234,42.3,27.0,30.8,42.5,6.3,8.3,30.5,5.8,6.6,57.1,42.9,"[{""score"": ""1 - 1"", ""pct"": 12.030000000000001}, {""score"": ""1 - 0"", ""pct"": 10.459999999999999}, {""score"": ""2 - 1"", ""pct"": 8.61}]"
Ivory Coast,New Zealand,Neutral,1.609,1.091,49.0,25.9,25.1,50.4,6.9,8.0,24.2,4.6,5.9,65.3,34.7,"[{""score"": ""1 - 1"", ""pct"": 11.62}, {""score"": ""1 - 0"", ""pct"": 11.0}, {""score"": ""2 - 1"", ""pct"": 9.51}]"
Ivory Coast,Japan,Neutral,0.802,1.898,12.8,22.4,64.7,14.1,2.6,3.3,64.5,7.0,8.5,20.0,80.0,"[{""score"": ""0 - 1"", ""pct"": 13.370000000000001}, {""score"": ""0 - 2"", ""pct"": 12.030000000000001}, {""score"": ""1 - 1"", ""pct"": 10.22}]"
Ivory Coast,DR Congo,Neutral,1.45,1.25,40.6,27.2,32.1,41.0,6.5,7.8,31.9,5.7,7.2,55.2,44.8,"[{""score"": ""1 - 1"", ""pct"": 12.16}, {""score"": ""1 - 0"", ""pct"": 10.11}, {""score"": ""2 - 1"", ""pct"": 8.91}]"
Ivory Coast,Iran,Neutral,1.012,1.688,21.4,25.4,53.2,21.1,4.0,5.2,53.9,7.2,8.7,30.2,69.8,"[{""score"": ""0 - 1"", ""pct"": 11.940000000000001}, {""score"": ""1 - 1"", ""pct"": 11.41}, {""score"": ""1 - 2"", ""pct"": 9.87}]"
Ivory Coast,Croatia,Neutral,0.96,1.74,19.4,25.4,55.1,19.2,3.5,4.7,56.7,7.4,8.6,27.4,72.6,"[{""score"": ""0 - 1"", ""pct"": 12.15}, {""score"": ""1 - 1"", ""pct"": 11.559999999999999}, {""score"": ""1 - 2"", ""pct"": 9.75}]"
Ivory Coast,Bosnia and Herzegovina,Neutral,1.899,0.801,63.6,22.3,14.1,64.0,7.2,8.4,13.6,2.8,3.9,79.6,20.4,"[{""score"": ""1 - 0"", ""pct"": 13.38}, {""score"": ""2 - 0"", ""pct"": 11.559999999999999}, {""score"": ""1 - 1"", ""pct"": 9.89}]"
Ivory Coast,Ghana,Neutral,1.841,0.859,60.3,23.9,15.8,59.9,7.7,8.8,16.5,3.2,3.9,76.4,23.6,"[{""score"": ""1 - 0"", ""pct"": 12.11}, {""score"": ""2 - 0"", ""pct"": 10.99}, {""score"": ""1 - 1"", ""pct"": 10.59}]"
Ivory Coast,Netherlands,Neutral,0.9,1.8,17.1,23.7,59.2,16.1,3.5,4.0,60.3,7.8,8.3,23.7,76.3,"[{""score"": ""0 - 1"", ""pct"": 12.030000000000001}, {""score"": ""0 - 2"", ""pct"": 11.15}, {""score"": ""1 - 1"", ""pct"": 10.7}]"
Ivory Coast,Senegal,Neutral,1.045,1.655,22.9,25.3,51.8,22.8,3.7,5.4,51.5,7.8,8.7,31.9,68.0,"[{""score"": ""0 - 1"", ""pct"": 12.08}, {""score"": ""1 - 1"", ""pct"": 11.73}, {""score"": ""1 - 2"", ""pct"": 9.71}]"
Ivory Coast,Uzbekistan,Neutral,1.162,1.538,26.9,26.8,46.3,28.0,5.5,6.2,45.0,7.0,8.2,39.7,60.3,"[{""score"": ""1 - 1"", ""pct"": 11.959999999999999}, {""score"": ""0 - 1"", ""pct"": 11.27}, {""score"": ""1 - 2"", ""pct"": 9.46}]"
Ivory Coast,Scotland,Neutral,1.348,1.352,36.4,26.8,36.8,37.2,6.1,7.3,36.2,5.7,7.4,50.7,49.3,"[{""score"": ""1 - 1"", ""pct"": 12.139999999999999}, {""score"": ""1 - 0"", ""pct"": 9.379999999999999}, {""score"": ""0 - 1"", ""pct"": 9.030000000000001}]"
Ivory Coast,Spain,Neutral,0.512,2.188,5.9,16.7,77.3,6.4,1.2,1.5,77.0,6.7,7.1,9.1,90.9,"[{""score"": ""0 - 2"", ""pct"": 16.25}, {""score"": ""0 - 1"", ""pct"": 15.290000000000001}, {""score"": ""0 - 3"", ""pct"": 11.379999999999999}]"
Ivory Coast,Uruguay,Neutral,0.894,1.806,16.8,23.9,59.3,17.3,3.5,4.3,58.7,7.6,8.6,25.2,74.8,"[{""score"": ""0 - 1"", ""pct"": 13.01}, {""score"": ""1 - 1"", ""pct"": 11.31}, {""score"": ""0 - 2"", ""pct"": 10.459999999999999}]"
Ivory Coast,Turkey,Neutral,1.025,1.675,22.2,25.4,52.3,22.5,3.9,5.3,51.8,7.6,8.8,31.7,68.3,"[{""score"": ""0 - 1"", ""pct"": 12.139999999999999}, {""score"": ""1 - 1"", ""pct"": 11.59}, {""score"": ""1 - 2"", ""pct"": 9.55}]"
Ivory Coast,United States,Neutral,1.27,1.43,32.1,27.6,40.3,33.0,5.5,7.1,39.7,6.5,8.2,45.6,54.4,"[{""score"": ""1 - 1"", ""pct"": 12.959999999999999}, {""score"": ""1 - 2"", ""pct"": 9.180000000000001}, {""score"": ""0 - 1"", ""pct"": 9.1}]"
Ivory Coast,Austria,Neutral,1.281,1.419,34.1,26.5,39.5,33.1,5.8,7.0,40.2,6.3,7.6,45.9,54.1,"[{""score"": ""1 - 1"", ""pct"": 12.16}, {""score"": ""0 - 1"", ""pct"": 9.719999999999999}, {""score"": ""1 - 2"", ""pct"": 8.81}]"
Ivory Coast,Australia,Neutral,0.976,1.724,20.2,24.6,55.2,20.1,3.8,4.7,55.1,7.5,8.8,28.5,71.5,"[{""score"": ""0 - 1"", ""pct"": 11.67}, {""score"": ""1 - 1"", ""pct"": 11.200000000000001}, {""score"": ""0 - 2"", ""pct"": 10.299999999999999}]"
Ivory Coast,Canada,Neutral,1.112,1.588,25.4,26.8,47.8,25.1,4.9,5.9,48.2,7.0,8.9,35.9,64.1,"[{""score"": ""1 - 1"", ""pct"": 12.45}, {""score"": ""0 - 1"", ""pct"": 11.23}, {""score"": ""1 - 2"", ""pct"": 9.73}]"
Ivory Coast,Paraguay,Neutral,1.075,1.625,23.9,26.1,49.9,23.9,4.1,5.7,50.3,7.3,8.7,33.7,66.3,"[{""score"": ""1 - 1"", ""pct"": 12.19}, {""score"": ""0 - 1"", ""pct"": 11.06}, {""score"": ""1 - 2"", ""pct"": 9.09}]"
Ivory Coast,France,Neutral,0.635,2.065,9.3,19.8,71.0,8.7,1.9,2.5,71.6,7.1,8.2,13.1,86.9,"[{""score"": ""0 - 2"", ""pct"": 14.219999999999999}, {""score"": ""0 - 1"", ""pct"": 14.08}, {""score"": ""0 - 3"", ""pct"": 9.33}]"
Ivory Coast,England,Neutral,0.689,2.011,10.8,20.2,68.9,10.9,2.0,3.0,68.3,7.5,8.4,15.8,84.2,"[{""score"": ""0 - 1"", ""pct"": 13.84}, {""score"": ""0 - 2"", ""pct"": 13.719999999999999}, {""score"": ""1 - 2"", ""pct"": 9.67}]"
Ivory Coast,Panama,Neutral,1.191,1.509,28.7,26.7,44.6,29.5,5.2,6.1,44.6,6.8,7.8,40.8,59.2,"[{""score"": ""1 - 1"", ""pct"": 12.64}, {""score"": ""0 - 1"", ""pct"": 10.79}, {""score"": ""1 - 2"", ""pct"": 9.39}]"
Ivory Coast,South Korea,Neutral,1.051,1.649,22.5,26.0,51.5,23.3,4.4,5.5,50.7,7.6,8.4,33.2,66.8,"[{""score"": ""1 - 1"", ""pct"": 11.86}, {""score"": ""0 - 1"", ""pct"": 11.25}, {""score"": ""1 - 2"", ""pct"": 10.07}]"
Mexico,Ecuador,Neutral,1.264,1.436,32.5,26.7,40.8,32.5,5.7,6.7,41.0,6.4,7.6,44.9,55.1,"[{""score"": ""1 - 1"", ""pct"": 12.32}, {""score"": ""0 - 1"", ""pct"": 10.02}, {""score"": ""1 - 0"", ""pct"": 8.89}]"
Mexico,Curaçao,Neutral,2.175,0.525,76.0,17.4,6.6,75.6,7.1,7.3,6.7,1.3,2.0,90.0,10.0,"[{""score"": ""2 - 0"", ""pct"": 15.61}, {""score"": ""1 - 0"", ""pct"": 14.96}, {""score"": ""3 - 0"", ""pct"": 11.3}]"
Mexico,Saudi Arabia,Neutral,2.029,0.671,70.1,20.0,9.9,69.8,7.2,7.8,10.3,2.0,2.9,84.8,15.1,"[{""score"": ""1 - 0"", ""pct"": 14.12}, {""score"": ""2 - 0"", ""pct"": 13.99}, {""score"": ""2 - 1"", ""pct"": 9.26}]"
Mexico,South Africa,Neutral,2.114,0.586,74.0,18.4,7.5,74.0,6.6,7.8,8.0,1.4,2.2,88.5,11.5,"[{""score"": ""2 - 0"", ""pct"": 15.09}, {""score"": ""1 - 0"", ""pct"": 14.84}, {""score"": ""3 - 0"", ""pct"": 10.639999999999999}]"
Mexico,Brazil,Neutral,1.167,1.533,27.6,26.7,45.7,27.8,5.1,6.7,44.8,7.1,8.5,39.6,60.4,"[{""score"": ""1 - 1"", ""pct"": 12.22}, {""score"": ""0 - 1"", ""pct"": 10.74}, {""score"": ""1 - 2"", ""pct"": 9.56}]"
Mexico,Switzerland,Neutral,1.572,1.128,47.6,25.7,26.7,47.0,7.8,8.8,25.9,4.6,5.9,63.6,36.4,"[{""score"": ""1 - 1"", ""pct"": 11.42}, {""score"": ""1 - 0"", ""pct"": 10.66}, {""score"": ""2 - 1"", ""pct"": 9.379999999999999}]"
Mexico,Algeria,Neutral,1.603,1.097,49.2,25.5,25.3,48.7,7.1,8.7,25.3,4.5,5.6,64.5,35.5,"[{""score"": ""1 - 1"", ""pct"": 11.559999999999999}, {""score"": ""1 - 0"", ""pct"": 11.25}, {""score"": ""2 - 1"", ""pct"": 9.74}]"
Mexico,Cape Verde,Neutral,2.155,0.545,75.6,17.9,6.5,75.6,6.6,7.7,7.0,1.3,1.9,89.8,10.2,"[{""score"": ""2 - 0"", ""pct"": 16.04}, {""score"": ""1 - 0"", ""pct"": 15.18}, {""score"": ""3 - 0"", ""pct"": 10.9}]"
Mexico,Haiti,Neutral,1.983,0.717,66.9,21.5,11.6,68.5,7.1,8.5,10.9,2.0,3.0,84.1,15.9,"[{""score"": ""1 - 0"", ""pct"": 13.56}, {""score"": ""2 - 0"", ""pct"": 12.91}, {""score"": ""1 - 1"", ""pct"": 9.47}]"
Mexico,Colombia,Neutral,1.158,1.542,28.1,27.1,44.9,27.9,5.0,6.0,45.6,7.1,8.4,38.9,61.1,"[{""score"": ""1 - 1"", ""pct"": 12.65}, {""score"": ""0 - 1"", ""pct"": 10.37}, {""score"": ""1 - 2"", ""pct"": 9.44}]"
Mexico,Belgium,Neutral,1.536,1.164,45.5,25.7,28.8,46.1,7.2,7.9,27.3,5.2,6.3,61.2,38.8,"[{""score"": ""1 - 1"", ""pct"": 11.23}, {""score"": ""1 - 0"", ""pct"": 10.489999999999998}, {""score"": ""2 - 1"", ""pct"": 8.91}]"
Mexico,Sweden,Neutral,2.035,0.665,70.3,19.3,10.3,69.4,7.4,8.3,9.9,2.1,2.8,85.2,14.8,"[{""score"": ""2 - 0"", ""pct"": 14.66}, {""score"": ""1 - 0"", ""pct"": 13.86}, {""score"": ""3 - 0"", ""pct"": 9.33}]"
Mexico,Norway,Neutral,1.5,1.2,43.7,26.7,29.6,43.2,6.9,7.8,29.7,5.6,6.8,57.9,42.1,"[{""score"": ""1 - 1"", ""pct"": 12.41}, {""score"": ""1 - 0"", ""pct"": 10.45}, {""score"": ""2 - 1"", ""pct"": 9.16}]"
Mexico,Egypt,Neutral,1.878,0.822,63.1,22.4,14.5,62.2,7.5,8.9,14.6,3.0,3.8,78.7,21.3,"[{""score"": ""1 - 0"", ""pct"": 13.370000000000001}, {""score"": ""2 - 0"", ""pct"": 11.84}, {""score"": ""1 - 1"", ""pct"": 10.52}]"
Mexico,Jordan,Neutral,1.8,0.9,58.8,24.0,17.2,59.0,7.4,8.8,17.3,3.1,4.4,75.2,24.8,"[{""score"": ""1 - 0"", ""pct"": 12.9}, {""score"": ""1 - 1"", ""pct"": 11.0}, {""score"": ""2 - 0"", ""pct"": 10.83}]"
Mexico,Iraq,Neutral,1.945,0.755,66.5,21.0,12.5,65.3,7.6,7.9,13.3,2.6,3.3,80.8,19.2,"[{""score"": ""1 - 0"", ""pct"": 13.94}, {""score"": ""2 - 0"", ""pct"": 12.620000000000001}, {""score"": ""2 - 1"", ""pct"": 9.629999999999999}]"
Mexico,Ivory Coast,Neutral,1.824,0.876,60.5,23.4,16.1,59.9,7.4,8.7,16.5,3.2,4.4,75.9,24.1,"[{""score"": ""1 - 0"", ""pct"": 12.659999999999998}, {""score"": ""2 - 0"", ""pct"": 11.25}, {""score"": ""1 - 1"", ""pct"": 10.8}]"
Mexico,Tunisia,Neutral,1.967,0.733,66.2,21.4,12.4,67.7,7.6,8.1,11.3,2.2,3.1,83.3,16.7,"[{""score"": ""1 - 0"", ""pct"": 13.270000000000001}, {""score"": ""2 - 0"", ""pct"": 12.659999999999998}, {""score"": ""2 - 1"", ""pct"": 9.69}]"
Mexico,Portugal,Neutral,1.214,1.486,29.9,27.5,42.6,29.9,4.9,6.7,43.3,6.9,8.4,41.5,58.5,"[{""score"": ""1 - 1"", ""pct"": 12.35}, {""score"": ""0 - 1"", ""pct"": 10.059999999999999}, {""score"": ""1 - 2"", ""pct"": 9.45}]"
Mexico,Morocco,Neutral,1.264,1.436,33.4,27.0,39.6,33.0,5.7,6.6,40.8,6.5,7.5,45.2,54.8,"[{""score"": ""1 - 1"", ""pct"": 11.84}, {""score"": ""0 - 1"", ""pct"": 9.59}, {""score"": ""1 - 0"", ""pct"": 8.780000000000001}]"
Mexico,Germany,Neutral,1.4,1.3,39.2,27.0,33.8,39.6,5.6,7.7,34.2,6.0,6.8,53.0,47.0,"[{""score"": ""1 - 1"", ""pct"": 12.15}, {""score"": ""1 - 0"", ""pct"": 9.66}, {""score"": ""2 - 1"", ""pct"": 8.5}]"
Mexico,Argentina,Neutral,0.795,1.905,13.8,22.1,64.1,13.7,3.0,3.7,63.6,7.5,8.6,20.3,79.6,"[{""score"": ""0 - 1"", ""pct"": 13.26}, {""score"": ""0 - 2"", ""pct"": 12.49}, {""score"": ""1 - 2"", ""pct"": 10.01}]"
Mexico,Qatar,Neutral,2.232,0.468,77.6,16.7,5.7,77.8,6.8,7.2,5.6,1.2,1.4,91.8,8.2,"[{""score"": ""2 - 0"", ""pct"": 16.619999999999997}, {""score"": ""1 - 0"", ""pct"": 14.99}, {""score"": ""3 - 0"", ""pct"": 11.63}]"
Mexico,Czech Republic,Neutral,1.914,0.786,64.3,22.1,13.5,64.0,8.0,8.8,13.1,2.7,3.4,80.8,19.2,"[{""score"": ""1 - 0"", ""pct"": 13.600000000000001}, {""score"": ""2 - 0"", ""pct"": 12.21}, {""score"": ""1 - 1"", ""pct"": 9.86}]"
Mexico,New Zealand,Neutral,2.015,0.685,69.1,20.5,10.4,67.7,8.3,8.5,10.6,2.1,2.7,84.5,15.5,"[{""score"": ""1 - 0"", ""pct"": 14.299999999999999}, {""score"": ""2 - 0"", ""pct"": 13.750000000000002}, {""score"": ""2 - 1"", ""pct"": 9.58}]"
Mexico,Japan,Neutral,1.256,1.444,30.7,27.6,41.7,32.0,5.6,7.1,40.4,6.5,8.4,44.7,55.3,"[{""score"": ""1 - 1"", ""pct"": 12.61}, {""score"": ""0 - 1"", ""pct"": 9.99}, {""score"": ""1 - 2"", ""pct"": 9.049999999999999}]"
Mexico,DR Congo,Neutral,1.902,0.798,64.0,22.3,13.7,63.7,7.5,8.7,13.9,2.7,3.6,79.8,20.2,"[{""score"": ""1 - 0"", ""pct"": 13.52}, {""score"": ""2 - 0"", ""pct"": 12.15}, {""score"": ""1 - 1"", ""pct"": 10.100000000000001}]"
Mexico,Iran,Neutral,1.507,1.193,44.4,27.7,28.0,43.5,6.1,8.5,29.7,5.8,6.5,58.1,41.9,"[{""score"": ""1 - 1"", ""pct"": 12.620000000000001}, {""score"": ""1 - 0"", ""pct"": 10.5}, {""score"": ""2 - 1"", ""pct"": 8.64}]"
Mexico,Croatia,Neutral,1.449,1.251,41.1,26.7,32.3,41.4,6.9,7.6,30.9,5.5,7.6,56.0,44.0,"[{""score"": ""1 - 1"", ""pct"": 12.41}, {""score"": ""1 - 0"", ""pct"": 9.87}, {""score"": ""0 - 1"", ""pct"": 8.81}]"
Mexico,Bosnia and Herzegovina,Neutral,2.192,0.508,77.0,16.5,6.5,77.2,6.3,7.1,6.3,1.4,1.8,90.5,9.5,"[{""score"": ""2 - 0"", ""pct"": 16.48}, {""score"": ""1 - 0"", ""pct"": 15.079999999999998}, {""score"": ""3 - 0"", ""pct"": 11.559999999999999}]"
Mexico,Ghana,Neutral,2.159,0.541,74.9,17.7,7.4,75.3,6.9,7.8,6.7,1.5,1.7,90.1,9.9,"[{""score"": ""2 - 0"", ""pct"": 15.290000000000001}, {""score"": ""1 - 0"", ""pct"": 14.000000000000002}, {""score"": ""3 - 0"", ""pct"": 11.110000000000001}]"
Mexico,Netherlands,Neutral,1.38,1.32,37.1,27.1,35.9,37.9,6.1,7.4,35.0,6.0,7.5,51.4,48.5,"[{""score"": ""1 - 1"", ""pct"": 12.3}, {""score"": ""1 - 0"", ""pct"": 9.34}, {""score"": ""0 - 1"", ""pct"": 9.27}]"
Mexico,Senegal,Neutral,1.542,1.158,45.8,27.1,27.1,46.5,7.3,8.2,27.4,4.7,5.8,62.0,38.0,"[{""score"": ""1 - 1"", ""pct"": 12.46}, {""score"": ""1 - 0"", ""pct"": 10.85}, {""score"": ""2 - 1"", ""pct"": 9.35}]"
Mexico,Uzbekistan,Neutral,1.659,1.041,51.8,25.6,22.6,51.6,7.6,8.6,22.7,4.2,5.2,67.8,32.2,"[{""score"": ""1 - 0"", ""pct"": 11.88}, {""score"": ""1 - 1"", ""pct"": 11.41}, {""score"": ""2 - 1"", ""pct"": 9.969999999999999}]"
Mexico,Scotland,Neutral,1.823,0.877,60.4,23.6,16.0,60.5,7.6,8.6,16.1,3.4,3.8,76.7,23.3,"[{""score"": ""1 - 0"", ""pct"": 13.0}, {""score"": ""1 - 1"", ""pct"": 10.780000000000001}, {""score"": ""2 - 0"", ""pct"": 10.37}]"
Mexico,Spain,Neutral,0.807,1.893,14.0,22.4,63.6,14.5,2.6,3.7,62.5,7.9,8.8,20.8,79.2,"[{""score"": ""0 - 1"", ""pct"": 13.34}, {""score"": ""0 - 2"", ""pct"": 11.78}, {""score"": ""1 - 2"", ""pct"": 9.719999999999999}]"
Mexico,Uruguay,Neutral,1.371,1.329,37.2,27.6,35.2,37.8,6.1,7.6,35.4,5.9,7.3,51.5,48.5,"[{""score"": ""1 - 1"", ""pct"": 12.659999999999998}, {""score"": ""1 - 0"", ""pct"": 9.45}, {""score"": ""0 - 1"", ""pct"": 9.17}]"
Mexico,Turkey,Neutral,1.521,1.179,44.4,26.8,28.9,44.6,7.1,8.5,28.3,5.2,6.3,60.2,39.8,"[{""score"": ""1 - 1"", ""pct"": 12.35}, {""score"": ""1 - 0"", ""pct"": 10.6}, {""score"": ""2 - 1"", ""pct"": 8.790000000000001}]"
Mexico,United States,Neutral,1.757,0.943,57.3,24.0,18.7,56.2,7.6,8.5,19.6,3.3,4.9,72.3,27.7,"[{""score"": ""1 - 0"", ""pct"": 12.36}, {""score"": ""1 - 1"", ""pct"": 10.58}, {""score"": ""2 - 0"", ""pct"": 10.15}]"
Mexico,Austria,Neutral,1.766,0.934,58.4,22.9,18.8,57.2,7.2,8.6,18.6,3.7,4.7,73.0,27.0,"[{""score"": ""1 - 0"", ""pct"": 12.82}, {""score"": ""2 - 1"", ""pct"": 10.32}, {""score"": ""2 - 0"", ""pct"": 10.299999999999999}]"
Mexico,Australia,Neutral,1.468,1.232,41.5,27.4,31.1,42.0,6.9,8.4,30.3,5.5,7.0,57.3,42.7,"[{""score"": ""1 - 1"", ""pct"": 12.73}, {""score"": ""1 - 0"", ""pct"": 9.53}, {""score"": ""2 - 1"", ""pct"": 9.21}]"
Mexico,Canada,Neutral,1.611,1.089,49.3,26.3,24.4,49.5,7.3,8.4,24.6,4.3,5.9,65.2,34.8,"[{""score"": ""1 - 1"", ""pct"": 11.89}, {""score"": ""1 - 0"", ""pct"": 10.8}, {""score"": ""2 - 1"", ""pct"": 9.569999999999999}]"
Mexico,Paraguay,Neutral,1.573,1.127,47.9,26.0,26.1,47.0,7.3,8.4,26.5,4.8,6.0,62.7,37.3,"[{""score"": ""1 - 1"", ""pct"": 11.61}, {""score"": ""1 - 0"", ""pct"": 11.01}, {""score"": ""2 - 1"", ""pct"": 9.5}]"
Mexico,France,Neutral,1.015,1.685,22.1,25.4,52.5,21.6,4.1,5.3,53.0,7.0,9.0,31.1,68.9,"[{""score"": ""1 - 1"", ""pct"": 11.52}, {""score"": ""0 - 1"", ""pct"": 11.09}, {""score"": ""0 - 2"", ""pct"": 9.700000000000001}]"
Mexico,England,Neutral,1.097,1.603,25.1,25.9,49.1,25.0,4.6,5.5,49.4,7.1,8.5,35.0,65.0,"[{""score"": ""1 - 1"", ""pct"": 11.72}, {""score"": ""0 - 1"", ""pct"": 10.74}, {""score"": ""1 - 2"", ""pct"": 9.59}]"
Mexico,Panama,Neutral,1.686,1.014,53.1,25.1,21.8,53.1,7.4,9.2,21.7,3.8,4.8,69.7,30.3,"[{""score"": ""1 - 0"", ""pct"": 11.87}, {""score"": ""1 - 1"", ""pct"": 11.07}, {""score"": ""2 - 1"", ""pct"": 9.82}]"
Mexico,South Korea,Neutral,1.548,1.152,46.0,26.8,27.2,45.7,7.0,8.6,27.2,4.9,6.6,61.3,38.7,"[{""score"": ""1 - 1"", ""pct"": 12.02}, {""score"": ""1 - 0"", ""pct"": 10.7}, {""score"": ""2 - 1"", ""pct"": 9.120000000000001}]"
Tunisia,Ecuador,Neutral,0.677,2.023,10.1,19.5,70.4,10.2,2.1,2.7,69.8,7.2,8.0,15.0,85.0,"[{""score"": ""0 - 1"", ""pct"": 14.549999999999999}, {""score"": ""0 - 2"", ""pct"": 13.33}, {""score"": ""1 - 2"", ""pct"": 9.83}]"
Tunisia,Curaçao,Neutral,1.708,0.992,54.0,25.1,20.9,54.1,7.1,8.8,20.8,4.2,5.1,69.9,30.1,"[{""score"": ""1 - 0"", ""pct"": 12.04}, {""score"": ""1 - 1"", ""pct"": 11.74}, {""score"": ""2 - 1"", ""pct"": 9.68}]"
Tunisia,Saudi Arabia,Neutral,1.445,1.255,41.0,27.4,31.6,40.3,6.9,7.9,32.0,5.5,7.4,55.1,44.9,"[{""score"": ""1 - 1"", ""pct"": 12.32}, {""score"": ""1 - 0"", ""pct"": 9.53}, {""score"": ""2 - 1"", ""pct"": 8.75}]"
Tunisia,South Africa,Neutral,1.591,1.109,48.6,26.1,25.3,48.4,6.9,8.5,24.8,4.9,6.5,63.8,36.2,"[{""score"": ""1 - 1"", ""pct"": 12.030000000000001}, {""score"": ""1 - 0"", ""pct"": 11.72}, {""score"": ""2 - 1"", ""pct"": 9.879999999999999}]"
Tunisia,Brazil,Neutral,0.618,2.082,8.7,19.3,72.0,8.7,1.7,2.7,71.4,7.7,7.8,13.1,86.9,"[{""score"": ""0 - 1"", ""pct"": 14.99}, {""score"": ""0 - 2"", ""pct"": 14.549999999999999}, {""score"": ""0 - 3"", ""pct"": 9.879999999999999}]"
Tunisia,Switzerland,Neutral,0.905,1.795,17.7,24.2,58.1,18.1,3.5,4.3,57.4,7.8,8.9,25.9,74.1,"[{""score"": ""0 - 1"", ""pct"": 12.6}, {""score"": ""1 - 1"", ""pct"": 10.65}, {""score"": ""1 - 2"", ""pct"": 10.07}]"
Tunisia,Algeria,Neutral,0.932,1.768,18.4,24.4,57.2,18.2,3.2,4.8,58.1,7.8,7.9,26.2,73.8,"[{""score"": ""0 - 1"", ""pct"": 12.659999999999998}, {""score"": ""1 - 1"", ""pct"": 11.14}, {""score"": ""0 - 2"", ""pct"": 9.99}]"
Tunisia,Cape Verde,Neutral,1.669,1.031,52.2,25.6,22.3,52.6,7.0,8.5,22.4,4.2,5.3,68.1,31.9,"[{""score"": ""1 - 1"", ""pct"": 11.78}, {""score"": ""1 - 0"", ""pct"": 11.43}, {""score"": ""2 - 1"", ""pct"": 9.92}]"
Tunisia,Haiti,Neutral,1.373,1.327,37.3,27.7,35.0,37.3,6.3,8.1,35.4,6.0,7.0,51.6,48.4,"[{""score"": ""1 - 1"", ""pct"": 12.46}, {""score"": ""1 - 0"", ""pct"": 9.229999999999999}, {""score"": ""0 - 1"", ""pct"": 8.959999999999999}]"
Tunisia,Colombia,Neutral,0.613,2.087,9.0,19.3,71.7,8.4,1.9,2.3,72.2,7.1,8.2,12.6,87.4,"[{""score"": ""0 - 1"", ""pct"": 14.430000000000001}, {""score"": ""0 - 2"", ""pct"": 13.969999999999999}, {""score"": ""0 - 3"", ""pct"": 9.94}]"
Tunisia,Belgium,Neutral,0.874,1.826,16.6,23.9,59.5,16.8,2.9,4.1,60.3,7.7,8.2,23.8,76.2,"[{""score"": ""0 - 1"", ""pct"": 12.83}, {""score"": ""0 - 2"", ""pct"": 10.91}, {""score"": ""1 - 1"", ""pct"": 10.5}]"
Tunisia,Sweden,Neutral,1.455,1.245,41.5,26.5,32.1,42.1,6.5,7.8,31.5,5.3,6.8,56.5,43.5,"[{""score"": ""1 - 1"", ""pct"": 11.559999999999999}, {""score"": ""1 - 0"", ""pct"": 10.209999999999999}, {""score"": ""2 - 1"", ""pct"": 9.139999999999999}]"
Tunisia,Norway,Neutral,0.845,1.855,15.4,23.1,61.5,15.1,3.2,4.0,60.8,7.8,9.0,22.4,77.6,"[{""score"": ""0 - 1"", ""pct"": 12.57}, {""score"": ""0 - 2"", ""pct"": 11.219999999999999}, {""score"": ""1 - 1"", ""pct"": 10.549999999999999}]"
Tunisia,Egypt,Neutral,1.228,1.472,31.0,27.4,41.5,30.8,5.6,6.2,42.8,6.4,8.3,42.5,57.5,"[{""score"": ""1 - 1"", ""pct"": 11.98}, {""score"": ""0 - 1"", ""pct"": 10.4}, {""score"": ""1 - 2"", ""pct"": 8.59}]"
Tunisia,Jordan,Neutral,1.133,1.567,27.4,26.4,46.3,26.9,5.0,5.9,47.3,6.5,8.4,37.8,62.2,"[{""score"": ""1 - 1"", ""pct"": 11.78}, {""score"": ""0 - 1"", ""pct"": 10.97}, {""score"": ""1 - 2"", ""pct"": 8.77}]"
Tunisia,Iraq,Neutral,1.318,1.382,35.0,27.5,37.5,34.4,5.6,7.6,38.0,6.5,7.8,47.6,52.4,"[{""score"": ""1 - 1"", ""pct"": 12.04}, {""score"": ""0 - 1"", ""pct"": 9.6}, {""score"": ""1 - 0"", ""pct"": 8.9}]"
Tunisia,Ivory Coast,Neutral,1.162,1.538,27.7,25.9,46.4,27.7,4.9,6.4,45.6,6.7,8.8,39.0,61.0,"[{""score"": ""1 - 1"", ""pct"": 11.95}, {""score"": ""0 - 1"", ""pct"": 11.21}, {""score"": ""1 - 2"", ""pct"": 9.3}]"
Tunisia,Mexico,Neutral,0.733,1.967,12.3,21.5,66.1,11.7,2.5,3.2,66.8,7.3,8.4,17.4,82.6,"[{""score"": ""0 - 1"", ""pct"": 13.569999999999999}, {""score"": ""0 - 2"", ""pct"": 12.49}, {""score"": ""1 - 1"", ""pct"": 9.74}]"
Tunisia,Portugal,Neutral,0.646,2.054,9.8,19.7,70.6,9.5,1.9,2.4,70.9,7.2,8.1,13.9,86.1,"[{""score"": ""0 - 2"", ""pct"": 14.13}, {""score"": ""0 - 1"", ""pct"": 13.96}, {""score"": ""1 - 2"", ""pct"": 9.41}]"
Tunisia,Morocco,Neutral,0.677,2.023,10.4,20.3,69.3,10.1,2.0,2.6,69.7,7.3,8.2,14.8,85.2,"[{""score"": ""0 - 1"", ""pct"": 13.919999999999998}, {""score"": ""0 - 2"", ""pct"": 13.68}, {""score"": ""1 - 2"", ""pct"": 9.36}]"
Tunisia,Germany,Neutral,0.768,1.932,13.3,21.9,64.7,12.3,2.5,3.7,65.7,7.5,8.3,18.4,81.6,"[{""score"": ""0 - 1"", ""pct"": 13.4}, {""score"": ""0 - 2"", ""pct"": 12.18}, {""score"": ""1 - 1"", ""pct"": 10.18}]"
Tunisia,Argentina,Neutral,0.437,2.263,4.7,15.6,79.7,4.5,0.9,1.1,80.1,6.5,7.0,6.4,93.6,"[{""score"": ""0 - 2"", ""pct"": 16.71}, {""score"": ""0 - 1"", ""pct"": 15.35}, {""score"": ""0 - 3"", ""pct"": 13.0}]"
Tunisia,Qatar,Neutral,1.833,0.867,60.7,23.0,16.3,60.7,7.1,8.9,15.9,3.1,4.3,76.7,23.3,"[{""score"": ""1 - 0"", ""pct"": 13.25}, {""score"": ""2 - 0"", ""pct"": 10.74}, {""score"": ""1 - 1"", ""pct"": 9.91}]"
Tunisia,Czech Republic,Neutral,1.276,1.424,33.1,27.2,39.7,33.2,5.9,6.9,39.3,6.4,8.5,45.9,54.1,"[{""score"": ""1 - 1"", ""pct"": 12.139999999999999}, {""score"": ""0 - 1"", ""pct"": 9.45}, {""score"": ""1 - 2"", ""pct"": 8.99}]"
Tunisia,New Zealand,Neutral,1.423,1.277,40.0,26.9,33.1,40.4,6.3,7.4,33.2,5.6,7.0,54.1,45.9,"[{""score"": ""1 - 1"", ""pct"": 11.899999999999999}, {""score"": ""1 - 0"", ""pct"": 9.47}, {""score"": ""0 - 1"", ""pct"": 9.229999999999999}]"
Tunisia,Japan,Neutral,0.671,2.029,10.0,20.5,69.5,9.9,2.0,2.8,69.3,7.7,8.4,14.6,85.4,"[{""score"": ""0 - 2"", ""pct"": 14.04}, {""score"": ""0 - 1"", ""pct"": 14.000000000000002}, {""score"": ""1 - 1"", ""pct"": 9.42}]"
Tunisia,DR Congo,Neutral,1.26,1.44,32.0,27.1,40.8,32.4,5.4,6.7,40.8,6.4,8.2,44.6,55.4,"[{""score"": ""1 - 1"", ""pct"": 12.07}, {""score"": ""0 - 1"", ""pct"": 9.77}, {""score"": ""1 - 2"", ""pct"": 8.64}]"
Tunisia,Iran,Neutral,0.85,1.85,15.7,23.0,61.3,15.3,3.0,3.9,61.1,7.8,8.9,22.2,77.8,"[{""score"": ""0 - 1"", ""pct"": 12.6}, {""score"": ""0 - 2"", ""pct"": 11.53}, {""score"": ""1 - 1"", ""pct"": 10.56}]"
Tunisia,Croatia,Neutral,0.805,1.895,13.8,22.7,63.5,14.4,2.8,3.6,63.4,7.6,8.1,20.9,79.1,"[{""score"": ""0 - 1"", ""pct"": 13.18}, {""score"": ""0 - 2"", ""pct"": 11.5}, {""score"": ""1 - 1"", ""pct"": 10.290000000000001}]"
Tunisia,Bosnia and Herzegovina,Neutral,1.744,0.956,55.0,25.1,19.8,56.3,7.4,8.5,19.4,3.5,4.9,72.2,27.9,"[{""score"": ""1 - 0"", ""pct"": 11.73}, {""score"": ""1 - 1"", ""pct"": 11.360000000000001}, {""score"": ""2 - 0"", ""pct"": 9.86}]"
Tunisia,Ghana,Neutral,1.678,1.022,52.2,25.6,22.3,52.6,7.8,9.3,21.0,4.2,5.1,69.7,30.3,"[{""score"": ""1 - 0"", ""pct"": 11.83}, {""score"": ""1 - 1"", ""pct"": 11.790000000000001}, {""score"": ""2 - 1"", ""pct"": 9.700000000000001}]"
Tunisia,Netherlands,Neutral,0.754,1.946,12.4,21.6,66.1,12.5,2.5,3.2,65.6,7.7,8.4,18.2,81.8,"[{""score"": ""0 - 1"", ""pct"": 13.84}, {""score"": ""0 - 2"", ""pct"": 12.790000000000001}, {""score"": ""1 - 1"", ""pct"": 9.64}]"
Tunisia,Senegal,Neutral,0.879,1.821,17.2,24.4,58.5,16.6,3.1,4.4,60.0,7.5,8.4,24.1,75.9,"[{""score"": ""0 - 1"", ""pct"": 12.620000000000001}, {""score"": ""1 - 1"", ""pct"": 10.979999999999999}, {""score"": ""0 - 2"", ""pct"": 10.52}]"
Tunisia,Uzbekistan,Neutral,0.985,1.715,20.4,25.2,54.4,20.3,3.8,4.6,54.7,7.8,8.9,28.7,71.3,"[{""score"": ""0 - 1"", ""pct"": 11.700000000000001}, {""score"": ""1 - 1"", ""pct"": 11.219999999999999}, {""score"": ""0 - 2"", ""pct"": 9.33}]"
Tunisia,Scotland,Neutral,1.16,1.54,27.7,26.2,46.1,27.1,5.3,6.8,45.3,7.0,8.5,39.2,60.8,"[{""score"": ""1 - 1"", ""pct"": 11.82}, {""score"": ""0 - 1"", ""pct"": 10.35}, {""score"": ""1 - 2"", ""pct"": 9.47}]"
Tunisia,Spain,Neutral,0.442,2.258,5.2,15.4,79.4,5.5,0.9,1.2,79.2,6.3,6.8,7.6,92.4,"[{""score"": ""0 - 2"", ""pct"": 17.1}, {""score"": ""0 - 1"", ""pct"": 15.58}, {""score"": ""0 - 3"", ""pct"": 12.629999999999999}]"
Tunisia,Uruguay,Neutral,0.748,1.952,12.2,21.1,66.6,12.5,2.4,3.4,65.7,7.4,8.7,18.3,81.7,"[{""score"": ""0 - 1"", ""pct"": 13.68}, {""score"": ""0 - 2"", ""pct"": 12.989999999999998}, {""score"": ""1 - 1"", ""pct"": 9.74}]"
Tunisia,Turkey,Neutral,0.861,1.839,15.6,24.1,60.3,16.6,3.1,3.6,61.1,7.5,8.0,23.3,76.7,"[{""score"": ""0 - 1"", ""pct"": 12.4}, {""score"": ""0 - 2"", ""pct"": 11.29}, {""score"": ""1 - 1"", ""pct"": 11.25}]"
Tunisia,United States,Neutral,1.085,1.615,24.4,25.8,49.8,24.8,4.3,5.9,49.6,6.7,8.7,35.0,65.0,"[{""score"": ""1 - 1"", ""pct"": 11.39}, {""score"": ""0 - 1"", ""pct"": 11.28}, {""score"": ""1 - 2"", ""pct"": 9.520000000000001}]"
Tunisia,Austria,Neutral,1.095,1.605,25.3,25.7,49.0,25.1,4.2,5.8,49.1,7.2,8.7,35.0,65.0,"[{""score"": ""1 - 1"", ""pct"": 12.06}, {""score"": ""0 - 1"", ""pct"": 10.77}, {""score"": ""1 - 2"", ""pct"": 9.229999999999999}]"
Tunisia,Australia,Neutral,0.819,1.881,14.9,22.7,62.3,14.2,2.9,3.8,63.4,7.5,8.1,21.0,79.0,"[{""score"": ""0 - 1"", ""pct"": 12.920000000000002}, {""score"": ""0 - 2"", ""pct"": 11.92}, {""score"": ""1 - 1"", ""pct"": 10.05}]"
Tunisia,Canada,Neutral,0.939,1.761,19.1,24.4,56.5,18.7,3.8,4.8,56.5,7.5,8.7,27.2,72.8,"[{""score"": ""0 - 1"", ""pct"": 12.32}, {""score"": ""1 - 1"", ""pct"": 10.74}, {""score"": ""1 - 2"", ""pct"": 10.09}]"
Tunisia,Paraguay,Neutral,0.906,1.794,17.2,24.9,57.9,17.6,3.1,4.5,58.3,7.4,9.1,25.2,74.8,"[{""score"": ""0 - 1"", ""pct"": 12.690000000000001}, {""score"": ""1 - 1"", ""pct"": 11.51}, {""score"": ""0 - 2"", ""pct"": 10.31}]"
Tunisia,France,Neutral,0.537,2.163,6.7,17.6,75.7,7.1,1.3,1.7,75.6,6.6,7.7,10.1,89.9,"[{""score"": ""0 - 1"", ""pct"": 15.24}, {""score"": ""0 - 2"", ""pct"": 15.09}, {""score"": ""0 - 3"", ""pct"": 11.51}]"
Tunisia,England,Neutral,0.58,2.12,8.3,18.8,73.0,7.7,1.6,2.2,73.7,7.1,7.7,11.5,88.5,"[{""score"": ""0 - 2"", ""pct"": 15.14}, {""score"": ""0 - 1"", ""pct"": 15.110000000000001}, {""score"": ""0 - 3"", ""pct"": 9.379999999999999}]"
Tunisia,Panama,Neutral,1.011,1.689,21.2,25.7,53.1,21.2,4.0,5.1,53.5,7.5,8.8,30.3,69.7,"[{""score"": ""0 - 1"", ""pct"": 12.280000000000001}, {""score"": ""1 - 1"", ""pct"": 11.84}, {""score"": ""1 - 2"", ""pct"": 9.69}]"
Tunisia,South Korea,Neutral,0.884,1.816,17.2,23.4,59.5,15.8,3.1,4.3,60.3,7.6,8.8,23.3,76.7,"[{""score"": ""0 - 1"", ""pct"": 12.76}, {""score"": ""0 - 2"", ""pct"": 11.110000000000001}, {""score"": ""1 - 1"", ""pct"": 10.75}]"
Portugal,Ecuador,Neutral,1.401,1.299,39.3,26.8,33.9,38.5,6.3,7.6,34.2,5.9,7.5,52.3,47.7,"[{""score"": ""1 - 1"", ""pct"": 11.91}, {""score"": ""1 - 0"", ""pct"": 9.950000000000001}, {""score"": ""0 - 1"", ""pct"": 9.180000000000001}]"
Portugal,Curaçao,Neutral,2.229,0.471,77.7,17.0,5.3,77.7,7.0,7.2,5.5,1.1,1.6,91.8,8.2,"[{""score"": ""2 - 0"", ""pct"": 16.38}, {""score"": ""1 - 0"", ""pct"": 15.260000000000002}, {""score"": ""3 - 0"", ""pct"": 12.55}]"
Portugal,Saudi Arabia,Neutral,2.107,0.593,72.4,19.1,8.4,72.8,7.7,7.5,8.2,1.7,2.2,87.9,12.1,"[{""score"": ""2 - 0"", ""pct"": 14.499999999999998}, {""score"": ""1 - 0"", ""pct"": 14.45}, {""score"": ""3 - 0"", ""pct"": 9.77}]"
Portugal,South Africa,Neutral,2.179,0.521,76.4,17.2,6.4,76.6,6.8,7.0,6.5,1.5,1.6,90.4,9.6,"[{""score"": ""2 - 0"", ""pct"": 15.89}, {""score"": ""1 - 0"", ""pct"": 15.340000000000002}, {""score"": ""3 - 0"", ""pct"": 11.39}]"
Portugal,Brazil,Neutral,1.302,1.398,34.3,27.5,38.2,33.6,5.9,7.0,38.8,6.8,7.8,46.6,53.4,"[{""score"": ""1 - 1"", ""pct"": 12.15}, {""score"": ""0 - 1"", ""pct"": 9.54}, {""score"": ""1 - 0"", ""pct"": 8.649999999999999}]"
Portugal,Switzerland,Neutral,1.7,1.0,53.9,25.1,20.9,54.1,7.4,8.6,21.1,3.9,4.9,70.1,29.9,"[{""score"": ""1 - 0"", ""pct"": 11.52}, {""score"": ""1 - 1"", ""pct"": 11.44}, {""score"": ""2 - 1"", ""pct"": 9.76}]"
Portugal,Algeria,Neutral,1.729,0.971,54.0,26.1,19.9,55.3,7.7,8.4,20.1,4.1,4.5,71.4,28.6,"[{""score"": ""1 - 1"", ""pct"": 12.18}, {""score"": ""1 - 0"", ""pct"": 11.91}, {""score"": ""2 - 1"", ""pct"": 9.69}]"
Portugal,Cape Verde,Neutral,2.213,0.487,78.3,15.8,5.9,77.8,6.8,6.8,5.7,1.2,1.7,91.4,8.6,"[{""score"": ""2 - 0"", ""pct"": 16.05}, {""score"": ""1 - 0"", ""pct"": 15.61}, {""score"": ""3 - 0"", ""pct"": 11.58}]"
Portugal,Haiti,Neutral,2.068,0.632,71.7,19.1,9.3,71.7,7.5,7.4,9.1,1.7,2.6,86.6,13.4,"[{""score"": ""2 - 0"", ""pct"": 14.84}, {""score"": ""1 - 0"", ""pct"": 14.37}, {""score"": ""3 - 0"", ""pct"": 9.629999999999999}]"
Portugal,Colombia,Neutral,1.293,1.407,34.2,26.7,39.1,34.2,5.8,6.9,39.1,5.9,8.1,46.9,53.0,"[{""score"": ""1 - 1"", ""pct"": 11.73}, {""score"": ""0 - 1"", ""pct"": 9.71}, {""score"": ""1 - 0"", ""pct"": 8.94}]"
Portugal,Belgium,Neutral,1.666,1.034,52.7,25.4,21.9,52.3,7.4,8.6,22.1,4.4,5.2,68.4,31.6,"[{""score"": ""1 - 0"", ""pct"": 12.31}, {""score"": ""1 - 1"", ""pct"": 11.51}, {""score"": ""2 - 0"", ""pct"": 9.030000000000001}]"
Portugal,Sweden,Neutral,2.113,0.587,73.4,18.4,8.2,73.6,7.0,7.9,7.7,1.5,2.4,88.5,11.5,"[{""score"": ""2 - 0"", ""pct"": 15.329999999999998}, {""score"": ""1 - 0"", ""pct"": 14.540000000000001}, {""score"": ""3 - 0"", ""pct"": 10.05}]"
Portugal,Norway,Neutral,1.632,1.068,50.0,26.5,23.5,50.1,6.9,9.1,24.4,3.8,5.7,66.1,33.9,"[{""score"": ""1 - 1"", ""pct"": 12.08}, {""score"": ""1 - 0"", ""pct"": 11.25}, {""score"": ""2 - 1"", ""pct"": 9.5}]"
Portugal,Egypt,Neutral,1.977,0.723,68.5,20.3,11.2,67.1,7.8,8.0,11.7,2.5,3.0,82.9,17.2,"[{""score"": ""1 - 0"", ""pct"": 14.42}, {""score"": ""2 - 0"", ""pct"": 12.97}, {""score"": ""2 - 1"", ""pct"": 9.35}]"
Portugal,Jordan,Neutral,1.908,0.792,63.6,22.4,14.0,63.7,7.8,8.6,13.7,2.7,3.6,80.0,20.0,"[{""score"": ""1 - 0"", ""pct"": 13.469999999999999}, {""score"": ""2 - 0"", ""pct"": 12.01}, {""score"": ""1 - 1"", ""pct"": 10.11}]"
Portugal,Iraq,Neutral,2.035,0.665,70.9,19.7,9.3,70.5,7.2,7.8,9.6,2.0,2.8,85.5,14.5,"[{""score"": ""1 - 0"", ""pct"": 14.899999999999999}, {""score"": ""2 - 0"", ""pct"": 13.719999999999999}, {""score"": ""2 - 1"", ""pct"": 9.77}]"
Portugal,Ivory Coast,Neutral,1.93,0.77,65.6,21.8,12.6,65.0,7.4,8.9,13.4,2.1,3.2,81.4,18.6,"[{""score"": ""1 - 0"", ""pct"": 13.59}, {""score"": ""2 - 0"", ""pct"": 12.57}, {""score"": ""2 - 1"", ""pct"": 10.17}]"
Portugal,Mexico,Neutral,1.486,1.214,43.7,26.1,30.2,43.1,6.6,8.5,29.9,5.5,6.5,58.1,41.9,"[{""score"": ""1 - 1"", ""pct"": 12.19}, {""score"": ""1 - 0"", ""pct"": 10.41}, {""score"": ""2 - 1"", ""pct"": 9.16}]"
Portugal,Tunisia,Neutral,2.054,0.646,70.8,19.6,9.7,70.7,7.5,8.0,9.5,1.7,2.6,86.2,13.8,"[{""score"": ""1 - 0"", ""pct"": 14.899999999999999}, {""score"": ""2 - 0"", ""pct"": 13.77}, {""score"": ""2 - 1"", ""pct"": 9.5}]"
Portugal,Morocco,Neutral,1.401,1.299,38.5,28.0,33.5,38.9,6.5,8.0,34.0,5.6,7.0,53.4,46.6,"[{""score"": ""1 - 1"", ""pct"": 12.65}, {""score"": ""1 - 0"", ""pct"": 9.49}, {""score"": ""0 - 1"", ""pct"": 8.9}]"
Portugal,Germany,Neutral,1.535,1.165,45.3,27.4,27.3,45.1,7.1,8.3,28.0,5.2,6.2,60.6,39.4,"[{""score"": ""1 - 1"", ""pct"": 12.46}, {""score"": ""1 - 0"", ""pct"": 10.440000000000001}, {""score"": ""2 - 1"", ""pct"": 9.27}]"
Portugal,Argentina,Neutral,0.904,1.796,17.8,24.1,58.0,17.6,3.2,4.8,58.5,7.5,8.4,25.6,74.4,"[{""score"": ""0 - 1"", ""pct"": 12.65}, {""score"": ""1 - 1"", ""pct"": 11.41}, {""score"": ""0 - 2"", ""pct"": 10.38}]"
Portugal,Qatar,Neutral,2.277,0.423,80.3,15.1,4.6,81.2,6.0,6.5,4.6,0.7,1.0,93.7,6.3,"[{""score"": ""2 - 0"", ""pct"": 18.02}, {""score"": ""1 - 0"", ""pct"": 15.870000000000001}, {""score"": ""3 - 0"", ""pct"": 12.620000000000001}]"
Portugal,Czech Republic,Neutral,2.009,0.691,69.4,19.9,10.7,69.0,7.2,8.0,11.0,2.2,2.7,84.1,15.9,"[{""score"": ""1 - 0"", ""pct"": 14.649999999999999}, {""score"": ""2 - 0"", ""pct"": 13.43}, {""score"": ""2 - 1"", ""pct"": 9.92}]"
Portugal,New Zealand,Neutral,2.096,0.604,72.9,18.9,8.2,73.3,6.9,7.3,8.6,1.7,2.2,87.5,12.5,"[{""score"": ""2 - 0"", ""pct"": 15.079999999999998}, {""score"": ""1 - 0"", ""pct"": 14.499999999999998}, {""score"": ""3 - 0"", ""pct"": 9.520000000000001}]"
Portugal,Japan,Neutral,1.393,1.307,38.0,27.4,34.6,38.9,6.6,7.3,34.3,6.0,7.0,52.8,47.2,"[{""score"": ""1 - 1"", ""pct"": 11.959999999999999}, {""score"": ""1 - 0"", ""pct"": 9.700000000000001}, {""score"": ""0 - 1"", ""pct"": 9.04}]"
Portugal,DR Congo,Neutral,1.998,0.702,68.4,20.0,11.6,68.2,7.5,8.4,10.8,2.2,2.9,84.1,15.9,"[{""score"": ""1 - 0"", ""pct"": 14.14}, {""score"": ""2 - 0"", ""pct"": 12.98}, {""score"": ""2 - 1"", ""pct"": 9.47}]"
Portugal,Iran,Neutral,1.638,1.062,50.1,26.4,23.4,51.3,6.9,8.1,23.6,4.5,5.5,66.3,33.7,"[{""score"": ""1 - 1"", ""pct"": 12.43}, {""score"": ""1 - 0"", ""pct"": 11.559999999999999}, {""score"": ""2 - 1"", ""pct"": 9.629999999999999}]"
Portugal,Croatia,Neutral,1.583,1.117,47.3,26.7,26.0,48.1,7.0,8.7,25.0,5.1,6.0,63.8,36.2,"[{""score"": ""1 - 1"", ""pct"": 12.509999999999998}, {""score"": ""1 - 0"", ""pct"": 10.67}, {""score"": ""2 - 1"", ""pct"": 9.07}]"
Portugal,Bosnia and Herzegovina,Neutral,2.244,0.456,79.1,15.8,5.1,79.6,6.3,6.8,5.1,0.8,1.4,92.7,7.3,"[{""score"": ""2 - 0"", ""pct"": 16.619999999999997}, {""score"": ""1 - 0"", ""pct"": 15.989999999999998}, {""score"": ""3 - 0"", ""pct"": 12.44}]"
Portugal,Ghana,Neutral,2.217,0.483,78.2,16.0,5.8,77.9,6.9,7.2,5.8,1.0,1.2,92.0,8.0,"[{""score"": ""2 - 0"", ""pct"": 16.84}, {""score"": ""1 - 0"", ""pct"": 15.17}, {""score"": ""3 - 0"", ""pct"": 11.93}]"
Portugal,Netherlands,Neutral,1.516,1.184,45.2,26.3,28.5,44.8,6.8,8.4,28.3,5.1,6.5,60.0,39.9,"[{""score"": ""1 - 1"", ""pct"": 11.75}, {""score"": ""1 - 0"", ""pct"": 10.85}, {""score"": ""2 - 1"", ""pct"": 9.13}]"
Portugal,Senegal,Neutral,1.672,1.028,52.2,25.3,22.5,51.9,7.2,8.7,22.6,4.1,5.5,67.8,32.2,"[{""score"": ""1 - 1"", ""pct"": 11.899999999999999}, {""score"": ""1 - 0"", ""pct"": 11.72}, {""score"": ""2 - 1"", ""pct"": 9.31}]"
Portugal,Uzbekistan,Neutral,1.781,0.919,58.2,23.8,18.0,58.1,7.3,8.4,18.1,3.6,4.5,73.8,26.2,"[{""score"": ""1 - 0"", ""pct"": 12.75}, {""score"": ""1 - 1"", ""pct"": 10.99}, {""score"": ""2 - 0"", ""pct"": 10.61}]"
Portugal,Scotland,Neutral,1.928,0.772,64.4,22.5,13.1,65.2,7.5,8.3,13.0,2.6,3.4,81.0,19.0,"[{""score"": ""1 - 0"", ""pct"": 13.309999999999999}, {""score"": ""2 - 0"", ""pct"": 12.509999999999998}, {""score"": ""1 - 1"", ""pct"": 10.13}]"
Portugal,Spain,Neutral,0.917,1.783,18.4,23.7,57.9,18.1,3.6,4.2,58.2,7.4,8.5,25.8,74.2,"[{""score"": ""0 - 1"", ""pct"": 12.590000000000002}, {""score"": ""1 - 1"", ""pct"": 10.91}, {""score"": ""0 - 2"", ""pct"": 10.86}]"
Portugal,Uruguay,Neutral,1.508,1.192,44.0,27.0,29.0,44.3,6.7,8.4,28.7,5.3,6.6,59.4,40.6,"[{""score"": ""1 - 1"", ""pct"": 11.82}, {""score"": ""1 - 0"", ""pct"": 9.91}, {""score"": ""2 - 1"", ""pct"": 9.65}]"
Portugal,Turkey,Neutral,1.652,1.048,51.2,25.9,22.9,51.0,7.9,8.1,23.7,4.0,5.3,67.0,32.9,"[{""score"": ""1 - 1"", ""pct"": 11.92}, {""score"": ""1 - 0"", ""pct"": 11.58}, {""score"": ""2 - 1"", ""pct"": 9.629999999999999}]"
Portugal,United States,Neutral,1.87,0.83,62.6,22.8,14.6,62.5,7.9,8.8,14.6,2.8,3.5,79.2,20.8,"[{""score"": ""1 - 0"", ""pct"": 13.15}, {""score"": ""2 - 0"", ""pct"": 12.01}, {""score"": ""1 - 1"", ""pct"": 10.01}]"
Portugal,Austria,Neutral,1.878,0.822,62.7,22.3,15.0,63.8,7.4,8.3,14.0,3.0,3.5,79.5,20.5,"[{""score"": ""1 - 0"", ""pct"": 12.82}, {""score"": ""2 - 0"", ""pct"": 11.73}, {""score"": ""2 - 1"", ""pct"": 10.290000000000001}]"
Portugal,Australia,Neutral,1.601,1.099,48.9,26.1,24.9,48.5,7.0,8.6,25.3,4.7,5.9,64.1,35.9,"[{""score"": ""1 - 1"", ""pct"": 12.32}, {""score"": ""1 - 0"", ""pct"": 11.15}, {""score"": ""2 - 1"", ""pct"": 9.64}]"
Portugal,Canada,Neutral,1.736,0.964,55.7,25.3,19.0,55.2,7.4,8.8,19.6,3.9,5.0,71.5,28.5,"[{""score"": ""1 - 0"", ""pct"": 11.98}, {""score"": ""1 - 1"", ""pct"": 11.43}, {""score"": ""2 - 0"", ""pct"": 10.040000000000001}]"
Portugal,Paraguay,Neutral,1.701,0.999,54.4,25.2,20.4,54.1,7.2,8.8,20.5,4.1,5.3,70.1,29.9,"[{""score"": ""1 - 0"", ""pct"": 12.280000000000001}, {""score"": ""1 - 1"", ""pct"": 11.66}, {""score"": ""2 - 1"", ""pct"": 9.969999999999999}]"
Portugal,France,Neutral,1.144,1.556,26.0,26.9,47.1,27.9,4.8,6.0,46.2,6.7,8.3,38.7,61.3,"[{""score"": ""1 - 1"", ""pct"": 11.5}, {""score"": ""0 - 1"", ""pct"": 10.91}, {""score"": ""1 - 2"", ""pct"": 9.22}]"
Portugal,England,Neutral,1.231,1.469,30.4,27.0,42.6,31.1,5.5,6.5,41.6,7.1,8.2,43.1,56.9,"[{""score"": ""1 - 1"", ""pct"": 12.17}, {""score"": ""0 - 1"", ""pct"": 10.639999999999999}, {""score"": ""1 - 2"", ""pct"": 8.55}]"
Portugal,Panama,Neutral,1.805,0.895,59.1,23.4,17.5,59.0,7.4,8.7,17.2,3.1,4.6,75.1,24.9,"[{""score"": ""1 - 0"", ""pct"": 12.04}, {""score"": ""2 - 0"", ""pct"": 11.32}, {""score"": ""1 - 1"", ""pct"": 10.879999999999999}]"
Portugal,South Korea,Neutral,1.677,1.023,53.4,25.0,21.6,51.7,7.8,8.7,22.4,4.1,5.2,68.3,31.7,"[{""score"": ""1 - 0"", ""pct"": 11.66}, {""score"": ""1 - 1"", ""pct"": 11.16}, {""score"": ""2 - 1"", ""pct"": 9.9}]"
Morocco,Ecuador,Neutral,1.35,1.35,36.0,27.0,37.0,37.2,5.8,7.1,36.2,6.1,7.6,50.1,49.9,"[{""score"": ""1 - 1"", ""pct"": 12.049999999999999}, {""score"": ""1 - 0"", ""pct"": 9.700000000000001}, {""score"": ""0 - 1"", ""pct"": 9.55}]"
Morocco,Curaçao,Neutral,2.21,0.49,77.5,16.3,6.3,77.5,6.9,7.0,6.0,1.0,1.5,91.5,8.5,"[{""score"": ""2 - 0"", ""pct"": 15.939999999999998}, {""score"": ""1 - 0"", ""pct"": 15.870000000000001}, {""score"": ""3 - 0"", ""pct"": 11.33}]"
Morocco,Saudi Arabia,Neutral,2.079,0.621,72.5,18.9,8.6,71.6,7.0,7.8,9.2,2.0,2.4,86.4,13.6,"[{""score"": ""1 - 0"", ""pct"": 15.260000000000002}, {""score"": ""2 - 0"", ""pct"": 14.38}, {""score"": ""3 - 0"", ""pct"": 9.51}]"
Morocco,South Africa,Neutral,2.156,0.544,75.4,17.5,7.0,75.1,7.4,7.3,6.9,1.4,1.8,89.9,10.1,"[{""score"": ""2 - 0"", ""pct"": 15.52}, {""score"": ""1 - 0"", ""pct"": 15.479999999999999}, {""score"": ""3 - 0"", ""pct"": 11.32}]"
Morocco,Brazil,Neutral,1.251,1.449,31.7,27.7,40.5,30.9,5.3,7.1,42.2,6.4,8.0,43.4,56.6,"[{""score"": ""1 - 1"", ""pct"": 12.2}, {""score"": ""0 - 1"", ""pct"": 9.89}, {""score"": ""1 - 2"", ""pct"": 8.82}]"
Morocco,Switzerland,Neutral,1.653,1.047,51.0,26.2,22.8,51.6,7.1,8.1,23.2,4.5,5.5,66.8,33.2,"[{""score"": ""1 - 1"", ""pct"": 12.280000000000001}, {""score"": ""1 - 0"", ""pct"": 10.96}, {""score"": ""2 - 1"", ""pct"": 9.47}]"
Morocco,Algeria,Neutral,1.683,1.017,53.0,25.2,21.8,52.6,7.3,8.4,22.4,4.1,5.3,68.3,31.7,"[{""score"": ""1 - 0"", ""pct"": 12.120000000000001}, {""score"": ""1 - 1"", ""pct"": 11.39}, {""score"": ""2 - 1"", ""pct"": 9.790000000000001}]"
Morocco,Cape Verde,Neutral,2.193,0.507,76.3,17.2,6.5,76.4,6.9,7.2,6.6,1.2,1.6,90.6,9.4,"[{""score"": ""2 - 0"", ""pct"": 16.009999999999998}, {""score"": ""1 - 0"", ""pct"": 15.629999999999999}, {""score"": ""3 - 0"", ""pct"": 11.14}]"
Morocco,Haiti,Neutral,2.038,0.662,70.1,19.8,10.1,70.1,7.1,8.0,9.9,2.1,2.9,85.1,14.8,"[{""score"": ""1 - 0"", ""pct"": 14.34}, {""score"": ""2 - 0"", ""pct"": 13.389999999999999}, {""score"": ""3 - 0"", ""pct"": 9.35}]"
Morocco,Colombia,Neutral,1.242,1.458,31.0,27.1,41.9,31.6,5.4,6.9,41.5,6.6,7.9,43.9,56.1,"[{""score"": ""1 - 1"", ""pct"": 11.88}, {""score"": ""0 - 1"", ""pct"": 10.01}, {""score"": ""1 - 2"", ""pct"": 8.64}]"
Morocco,Belgium,Neutral,1.618,1.082,49.1,26.7,24.2,49.6,6.7,8.7,24.5,4.6,5.9,65.0,35.0,"[{""score"": ""1 - 1"", ""pct"": 11.95}, {""score"": ""1 - 0"", ""pct"": 11.33}, {""score"": ""2 - 1"", ""pct"": 8.99}]"
Morocco,Sweden,Neutral,2.085,0.615,71.3,19.8,8.9,72.1,7.5,7.5,8.8,1.9,2.2,87.1,12.9,"[{""score"": ""1 - 0"", ""pct"": 15.09}, {""score"": ""2 - 0"", ""pct"": 14.17}, {""score"": ""3 - 0"", ""pct"": 9.58}]"
Morocco,Norway,Neutral,1.583,1.117,47.6,26.4,26.0,47.0,7.2,8.2,26.7,4.6,6.2,62.4,37.6,"[{""score"": ""1 - 1"", ""pct"": 12.370000000000001}, {""score"": ""1 - 0"", ""pct"": 10.68}, {""score"": ""2 - 1"", ""pct"": 9.48}]"
Morocco,Egypt,Neutral,1.941,0.759,65.2,21.5,13.3,65.3,7.4,8.3,13.2,2.6,3.2,81.0,19.0,"[{""score"": ""1 - 0"", ""pct"": 14.01}, {""score"": ""2 - 0"", ""pct"": 12.18}, {""score"": ""1 - 1"", ""pct"": 9.69}]"
Morocco,Jordan,Neutral,1.869,0.831,62.5,22.5,15.1,61.8,7.6,8.6,15.0,2.9,4.0,78.0,22.0,"[{""score"": ""1 - 0"", ""pct"": 13.489999999999998}, {""score"": ""2 - 0"", ""pct"": 11.129999999999999}, {""score"": ""1 - 1"", ""pct"": 10.23}]"
Morocco,Iraq,Neutral,2.003,0.697,68.0,20.9,11.1,68.4,7.3,8.0,11.2,2.1,3.0,83.7,16.3,"[{""score"": ""2 - 0"", ""pct"": 13.44}, {""score"": ""1 - 0"", ""pct"": 13.370000000000001}, {""score"": ""2 - 1"", ""pct"": 9.84}]"
Morocco,Ivory Coast,Neutral,1.892,0.808,62.8,22.4,14.8,62.8,7.5,8.8,14.5,2.7,3.8,79.1,20.9,"[{""score"": ""1 - 0"", ""pct"": 12.68}, {""score"": ""2 - 0"", ""pct"": 11.76}, {""score"": ""1 - 1"", ""pct"": 10.09}]"
Morocco,Mexico,Neutral,1.436,1.264,40.2,27.6,32.2,41.0,6.3,8.2,32.7,5.3,6.6,55.5,44.5,"[{""score"": ""1 - 1"", ""pct"": 12.379999999999999}, {""score"": ""1 - 0"", ""pct"": 9.78}, {""score"": ""0 - 1"", ""pct"": 8.97}]"
Morocco,Tunisia,Neutral,2.023,0.677,69.3,20.6,10.1,69.9,7.2,8.2,9.9,2.1,2.7,85.3,14.7,"[{""score"": ""1 - 0"", ""pct"": 14.42}, {""score"": ""2 - 0"", ""pct"": 13.28}, {""score"": ""2 - 1"", ""pct"": 9.29}]"
Morocco,Portugal,Neutral,1.299,1.401,33.7,27.9,38.5,33.6,6.0,7.3,39.2,6.0,7.9,46.9,53.1,"[{""score"": ""1 - 1"", ""pct"": 12.41}, {""score"": ""0 - 1"", ""pct"": 9.51}, {""score"": ""1 - 2"", ""pct"": 8.41}]"
Morocco,Germany,Neutral,1.485,1.215,42.8,26.8,30.4,43.1,7.1,8.8,29.2,5.4,6.4,59.0,41.0,"[{""score"": ""1 - 1"", ""pct"": 11.97}, {""score"": ""1 - 0"", ""pct"": 10.040000000000001}, {""score"": ""2 - 1"", ""pct"": 9.02}]"
Morocco,Argentina,Neutral,0.862,1.838,15.5,23.9,60.6,16.1,3.0,3.8,60.6,7.9,8.6,22.9,77.1,"[{""score"": ""0 - 1"", ""pct"": 13.239999999999998}, {""score"": ""0 - 2"", ""pct"": 11.74}, {""score"": ""1 - 1"", ""pct"": 10.97}]"
Morocco,Qatar,Neutral,2.261,0.439,80.1,15.0,5.0,79.8,6.5,6.7,4.8,0.9,1.3,93.0,7.0,"[{""score"": ""2 - 0"", ""pct"": 17.2}, {""score"": ""1 - 0"", ""pct"": 16.34}, {""score"": ""3 - 0"", ""pct"": 12.590000000000002}]"
Morocco,Czech Republic,Neutral,1.975,0.725,67.3,21.1,11.6,67.9,7.3,8.2,11.3,2.4,2.9,83.4,16.6,"[{""score"": ""1 - 0"", ""pct"": 13.38}, {""score"": ""2 - 0"", ""pct"": 13.11}, {""score"": ""2 - 1"", ""pct"": 9.85}]"
Morocco,New Zealand,Neutral,2.067,0.633,71.1,19.6,9.3,71.6,7.1,7.9,9.1,1.8,2.5,86.5,13.5,"[{""score"": ""1 - 0"", ""pct"": 14.829999999999998}, {""score"": ""2 - 0"", ""pct"": 13.919999999999998}, {""score"": ""2 - 1"", ""pct"": 9.66}]"
Morocco,Japan,Neutral,1.341,1.359,36.1,26.7,37.2,36.5,5.9,7.8,35.9,6.4,7.5,50.3,49.7,"[{""score"": ""1 - 1"", ""pct"": 12.27}, {""score"": ""1 - 0"", ""pct"": 9.2}, {""score"": ""0 - 1"", ""pct"": 9.04}]"
Morocco,DR Congo,Neutral,1.964,0.736,65.7,22.2,12.0,66.3,7.8,8.3,12.2,2.3,3.0,82.4,17.6,"[{""score"": ""1 - 0"", ""pct"": 13.489999999999998}, {""score"": ""2 - 0"", ""pct"": 12.870000000000001}, {""score"": ""1 - 1"", ""pct"": 9.64}]"
Morocco,Iran,Neutral,1.59,1.11,48.1,26.2,25.6,48.4,7.0,9.1,25.3,4.5,5.8,64.4,35.6,"[{""score"": ""1 - 1"", ""pct"": 11.62}, {""score"": ""1 - 0"", ""pct"": 11.110000000000001}, {""score"": ""2 - 1"", ""pct"": 9.180000000000001}]"
Morocco,Croatia,Neutral,1.534,1.166,45.0,27.2,27.8,46.2,7.2,8.5,26.8,4.8,6.5,62.0,38.0,"[{""score"": ""1 - 1"", ""pct"": 12.65}, {""score"": ""1 - 0"", ""pct"": 10.68}, {""score"": ""2 - 1"", ""pct"": 8.85}]"
Morocco,Bosnia and Herzegovina,Neutral,2.225,0.475,78.0,16.5,5.5,78.6,6.5,6.9,5.9,1.0,1.2,92.0,8.0,"[{""score"": ""2 - 0"", ""pct"": 16.91}, {""score"": ""1 - 0"", ""pct"": 15.43}, {""score"": ""3 - 0"", ""pct"": 11.68}]"
Morocco,Ghana,Neutral,2.197,0.503,76.9,16.9,6.2,77.6,6.9,6.8,6.2,1.1,1.3,91.4,8.7,"[{""score"": ""2 - 0"", ""pct"": 16.18}, {""score"": ""1 - 0"", ""pct"": 15.14}, {""score"": ""3 - 0"", ""pct"": 11.41}]"
Morocco,Netherlands,Neutral,1.465,1.235,42.2,26.5,31.2,41.6,6.8,8.1,30.4,5.4,7.7,56.5,43.5,"[{""score"": ""1 - 1"", ""pct"": 11.93}, {""score"": ""1 - 0"", ""pct"": 10.23}, {""score"": ""2 - 1"", ""pct"": 8.81}]"
Morocco,Senegal,Neutral,1.624,1.076,49.8,26.4,23.8,50.4,7.1,8.6,24.2,4.0,5.8,66.0,34.0,"[{""score"": ""1 - 1"", ""pct"": 12.11}, {""score"": ""1 - 0"", ""pct"": 11.42}, {""score"": ""2 - 1"", ""pct"": 9.27}]"
Morocco,Uzbekistan,Neutral,1.736,0.964,55.3,24.6,20.1,56.6,7.2,8.8,19.1,3.5,4.7,72.7,27.3,"[{""score"": ""1 - 0"", ""pct"": 11.940000000000001}, {""score"": ""1 - 1"", ""pct"": 10.93}, {""score"": ""2 - 0"", ""pct"": 9.879999999999999}]"
Morocco,Scotland,Neutral,1.89,0.81,64.1,21.7,14.2,62.7,7.4,8.9,14.7,2.5,3.8,79.0,21.0,"[{""score"": ""1 - 0"", ""pct"": 13.530000000000001}, {""score"": ""2 - 0"", ""pct"": 11.75}, {""score"": ""2 - 1"", ""pct"": 10.26}]"
Morocco,Spain,Neutral,0.875,1.825,16.4,23.2,60.4,16.3,3.2,4.5,60.2,7.3,8.6,24.0,76.0,"[{""score"": ""0 - 1"", ""pct"": 12.620000000000001}, {""score"": ""0 - 2"", ""pct"": 10.92}, {""score"": ""1 - 1"", ""pct"": 10.489999999999998}]"
Morocco,Uruguay,Neutral,1.457,1.243,41.9,27.0,31.1,41.4,6.2,8.4,31.9,5.2,6.8,56.1,44.0,"[{""score"": ""1 - 1"", ""pct"": 12.809999999999999}, {""score"": ""1 - 0"", ""pct"": 9.77}, {""score"": ""2 - 1"", ""pct"": 9.04}]"
Morocco,Turkey,Neutral,1.604,1.096,48.4,26.5,25.1,48.3,7.5,8.6,25.1,4.9,5.6,64.5,35.5,"[{""score"": ""1 - 1"", ""pct"": 11.97}, {""score"": ""1 - 0"", ""pct"": 11.16}, {""score"": ""2 - 1"", ""pct"": 8.68}]"
Morocco,United States,Neutral,1.829,0.871,60.7,23.2,16.1,60.3,7.3,9.0,16.4,3.0,4.0,76.5,23.5,"[{""score"": ""1 - 0"", ""pct"": 12.31}, {""score"": ""2 - 0"", ""pct"": 11.28}, {""score"": ""1 - 1"", ""pct"": 10.489999999999998}]"
Morocco,Austria,Neutral,1.838,0.862,60.6,23.4,16.0,60.6,7.4,8.5,16.1,3.2,4.2,76.4,23.6,"[{""score"": ""1 - 0"", ""pct"": 12.61}, {""score"": ""2 - 0"", ""pct"": 11.42}, {""score"": ""1 - 1"", ""pct"": 10.61}]"
Morocco,Australia,Neutral,1.552,1.148,46.5,25.9,27.6,46.4,7.2,8.6,27.1,4.6,6.2,62.2,37.8,"[{""score"": ""1 - 1"", ""pct"": 11.52}, {""score"": ""1 - 0"", ""pct"": 10.95}, {""score"": ""2 - 1"", ""pct"": 8.97}]"
Morocco,Canada,Neutral,1.69,1.01,53.2,25.6,21.2,52.8,7.3,8.6,22.3,3.9,5.2,68.7,31.3,"[{""score"": ""1 - 0"", ""pct"": 12.07}, {""score"": ""1 - 1"", ""pct"": 11.790000000000001}, {""score"": ""2 - 1"", ""pct"": 9.950000000000001}]"
Morocco,Paraguay,Neutral,1.654,1.046,51.8,25.3,22.9,51.5,7.6,8.6,22.6,4.4,5.3,67.8,32.2,"[{""score"": ""1 - 0"", ""pct"": 11.37}, {""score"": ""1 - 1"", ""pct"": 10.99}, {""score"": ""2 - 1"", ""pct"": 10.13}]"
Morocco,France,Neutral,1.095,1.605,24.8,25.7,49.5,24.6,4.9,5.6,48.8,7.5,8.7,35.1,64.9,"[{""score"": ""1 - 1"", ""pct"": 11.76}, {""score"": ""0 - 1"", ""pct"": 10.92}, {""score"": ""1 - 2"", ""pct"": 9.89}]"
Morocco,England,Neutral,1.18,1.52,28.3,26.3,45.4,28.2,5.3,6.2,44.8,7.0,8.5,39.7,60.3,"[{""score"": ""1 - 1"", ""pct"": 12.16}, {""score"": ""0 - 1"", ""pct"": 10.8}, {""score"": ""1 - 2"", ""pct"": 9.34}]"
Morocco,Panama,Neutral,1.762,0.938,57.2,23.8,19.0,56.9,7.5,8.5,18.9,3.4,4.7,73.0,27.0,"[{""score"": ""1 - 0"", ""pct"": 12.58}, {""score"": ""1 - 1"", ""pct"": 11.17}, {""score"": ""2 - 0"", ""pct"": 9.969999999999999}]"
Morocco,South Korea,Neutral,1.63,1.07,49.7,26.0,24.3,51.7,6.9,8.4,23.5,4.2,5.3,67.0,33.0,"[{""score"": ""1 - 1"", ""pct"": 11.62}, {""score"": ""1 - 0"", ""pct"": 10.7}, {""score"": ""2 - 1"", ""pct"": 9.950000000000001}]"
Germany,Ecuador,Neutral,1.215,1.485,30.6,25.8,43.5,30.4,5.3,6.5,43.0,7.0,7.8,42.2,57.8,"[{""score"": ""1 - 1"", ""pct"": 11.73}, {""score"": ""0 - 1"", ""pct"": 10.56}, {""score"": ""1 - 2"", ""pct"": 8.74}]"
Germany,Curaçao,Neutral,2.152,0.548,75.1,17.5,7.3,75.3,7.0,7.4,7.0,1.4,1.9,89.7,10.3,"[{""score"": ""2 - 0"", ""pct"": 15.310000000000002}, {""score"": ""1 - 0"", ""pct"": 14.940000000000001}, {""score"": ""3 - 0"", ""pct"": 11.23}]"
Germany,Saudi Arabia,Neutral,1.997,0.703,68.5,20.3,11.2,67.7,7.9,8.2,11.0,2.4,2.8,83.8,16.2,"[{""score"": ""1 - 0"", ""pct"": 13.99}, {""score"": ""2 - 0"", ""pct"": 13.38}, {""score"": ""2 - 1"", ""pct"": 9.58}]"
Germany,South Africa,Neutral,2.087,0.613,71.8,19.4,8.8,73.0,7.1,7.8,8.3,1.7,2.2,87.9,12.1,"[{""score"": ""2 - 0"", ""pct"": 14.75}, {""score"": ""1 - 0"", ""pct"": 14.46}, {""score"": ""3 - 0"", ""pct"": 9.49}]"
Germany,Brazil,Neutral,1.119,1.581,26.8,26.1,47.1,25.7,4.6,6.2,47.9,7.5,8.1,36.4,63.6,"[{""score"": ""1 - 1"", ""pct"": 11.91}, {""score"": ""0 - 1"", ""pct"": 10.7}, {""score"": ""1 - 2"", ""pct"": 9.33}]"
Germany,Switzerland,Neutral,1.524,1.176,45.7,26.0,28.3,45.4,6.8,8.0,28.5,5.1,6.2,60.3,39.7,"[{""score"": ""1 - 1"", ""pct"": 11.66}, {""score"": ""1 - 0"", ""pct"": 11.1}, {""score"": ""2 - 1"", ""pct"": 9.33}]"
Germany,Algeria,Neutral,1.556,1.144,45.9,26.6,27.5,47.2,7.2,8.7,26.1,4.8,6.0,63.0,36.9,"[{""score"": ""1 - 1"", ""pct"": 12.139999999999999}, {""score"": ""1 - 0"", ""pct"": 10.7}, {""score"": ""2 - 1"", ""pct"": 9.81}]"
Germany,Cape Verde,Neutral,2.131,0.569,73.7,18.8,7.6,75.2,7.1,7.0,7.3,1.6,1.8,89.3,10.7,"[{""score"": ""1 - 0"", ""pct"": 15.07}, {""score"": ""2 - 0"", ""pct"": 14.330000000000002}, {""score"": ""3 - 0"", ""pct"": 10.2}]"
Germany,Haiti,Neutral,1.949,0.751,65.1,22.0,12.9,66.0,7.2,8.2,12.9,2.5,3.2,81.5,18.5,"[{""score"": ""1 - 0"", ""pct"": 13.450000000000001}, {""score"": ""2 - 0"", ""pct"": 12.479999999999999}, {""score"": ""1 - 1"", ""pct"": 10.14}]"
Germany,Colombia,Neutral,1.11,1.59,25.0,26.4,48.6,25.2,4.5,5.7,48.8,6.8,9.0,35.4,64.6,"[{""score"": ""1 - 1"", ""pct"": 11.690000000000001}, {""score"": ""0 - 1"", ""pct"": 11.03}, {""score"": ""1 - 2"", ""pct"": 8.85}]"
Germany,Belgium,Neutral,1.487,1.213,42.8,27.2,30.0,43.2,7.1,7.8,29.7,5.0,7.1,58.1,41.9,"[{""score"": ""1 - 1"", ""pct"": 12.120000000000001}, {""score"": ""1 - 0"", ""pct"": 9.91}, {""score"": ""2 - 1"", ""pct"": 9.120000000000001}]"
Germany,Sweden,Neutral,2.004,0.696,69.2,20.1,10.7,69.2,7.1,8.3,10.3,1.9,3.1,84.6,15.4,"[{""score"": ""1 - 0"", ""pct"": 13.99}, {""score"": ""2 - 0"", ""pct"": 13.81}, {""score"": ""2 - 1"", ""pct"": 9.25}]"
Germany,Norway,Neutral,1.451,1.249,40.9,26.7,32.4,41.9,6.7,8.1,31.4,5.3,6.6,56.7,43.3,"[{""score"": ""1 - 1"", ""pct"": 12.22}, {""score"": ""1 - 0"", ""pct"": 10.25}, {""score"": ""0 - 1"", ""pct"": 9.04}]"
Germany,Egypt,Neutral,1.839,0.861,60.0,23.9,16.1,60.1,7.5,8.9,16.2,3.2,4.1,76.4,23.6,"[{""score"": ""1 - 0"", ""pct"": 13.23}, {""score"": ""2 - 0"", ""pct"": 10.85}, {""score"": ""1 - 1"", ""pct"": 10.69}]"
Germany,Jordan,Neutral,1.758,0.942,56.5,24.4,19.2,56.2,7.5,8.6,19.2,3.5,5.0,72.3,27.7,"[{""score"": ""1 - 0"", ""pct"": 12.45}, {""score"": ""1 - 1"", ""pct"": 11.08}, {""score"": ""2 - 1"", ""pct"": 10.22}]"
Germany,Iraq,Neutral,1.909,0.791,64.4,21.7,13.9,64.6,7.4,8.5,13.5,2.5,3.4,80.5,19.5,"[{""score"": ""1 - 0"", ""pct"": 13.320000000000002}, {""score"": ""2 - 0"", ""pct"": 11.709999999999999}, {""score"": ""2 - 1"", ""pct"": 10.25}]"
Germany,Ivory Coast,Neutral,1.783,0.917,58.0,24.0,18.0,58.1,7.7,8.4,18.0,3.6,4.1,74.3,25.7,"[{""score"": ""1 - 0"", ""pct"": 12.43}, {""score"": ""1 - 1"", ""pct"": 10.52}, {""score"": ""2 - 0"", ""pct"": 10.5}]"
Germany,Mexico,Neutral,1.3,1.4,34.1,26.7,39.2,35.2,5.9,7.1,37.8,6.4,7.6,48.2,51.8,"[{""score"": ""1 - 1"", ""pct"": 12.16}, {""score"": ""0 - 1"", ""pct"": 9.64}, {""score"": ""1 - 0"", ""pct"": 9.21}]"
Germany,Tunisia,Neutral,1.932,0.768,65.2,21.7,13.1,65.6,7.8,8.2,12.8,2.4,3.1,81.6,18.4,"[{""score"": ""1 - 0"", ""pct"": 13.66}, {""score"": ""2 - 0"", ""pct"": 12.520000000000001}, {""score"": ""1 - 1"", ""pct"": 9.91}]"
Germany,Portugal,Neutral,1.165,1.535,28.1,27.3,44.6,28.2,4.9,6.3,46.1,6.7,7.8,39.4,60.6,"[{""score"": ""1 - 1"", ""pct"": 12.01}, {""score"": ""0 - 1"", ""pct"": 10.56}, {""score"": ""1 - 2"", ""pct"": 8.94}]"
Germany,Morocco,Neutral,1.215,1.485,30.5,27.1,42.4,29.8,5.7,6.4,43.0,6.7,8.3,42.0,58.0,"[{""score"": ""1 - 1"", ""pct"": 12.01}, {""score"": ""0 - 1"", ""pct"": 10.190000000000001}, {""score"": ""1 - 2"", ""pct"": 9.04}]"
Germany,Argentina,Neutral,0.759,1.941,12.9,22.0,65.1,12.2,2.3,3.3,65.7,7.8,8.6,17.9,82.1,"[{""score"": ""0 - 1"", ""pct"": 13.8}, {""score"": ""0 - 2"", ""pct"": 12.09}, {""score"": ""1 - 2"", ""pct"": 9.92}]"
Germany,Qatar,Neutral,2.214,0.486,78.4,16.0,5.6,77.8,6.6,7.3,5.9,1.0,1.5,91.6,8.3,"[{""score"": ""2 - 0"", ""pct"": 16.06}, {""score"": ""1 - 0"", ""pct"": 15.47}, {""score"": ""3 - 0"", ""pct"": 11.97}]"
Germany,Czech Republic,Neutral,1.877,0.823,63.2,22.7,14.1,62.8,7.3,8.4,14.9,2.8,3.7,78.6,21.4,"[{""score"": ""1 - 0"", ""pct"": 13.469999999999999}, {""score"": ""2 - 0"", ""pct"": 11.700000000000001}, {""score"": ""1 - 1"", ""pct"": 10.26}]"
Germany,New Zealand,Neutral,1.983,0.717,67.7,21.2,11.2,67.9,7.3,8.6,11.2,2.0,3.0,83.8,16.2,"[{""score"": ""1 - 0"", ""pct"": 14.21}, {""score"": ""2 - 0"", ""pct"": 13.459999999999999}, {""score"": ""1 - 1"", ""pct"": 9.629999999999999}]"
Germany,Japan,Neutral,1.207,1.493,30.6,27.0,42.4,30.6,5.2,6.4,42.9,7.1,7.8,42.2,57.8,"[{""score"": ""1 - 1"", ""pct"": 12.25}, {""score"": ""0 - 1"", ""pct"": 9.719999999999999}, {""score"": ""1 - 0"", ""pct"": 8.62}]"
Germany,DR Congo,Neutral,1.864,0.836,61.3,23.1,15.6,62.3,7.6,8.6,14.9,3.1,3.4,78.5,21.5,"[{""score"": ""1 - 0"", ""pct"": 12.83}, {""score"": ""2 - 0"", ""pct"": 11.43}, {""score"": ""1 - 1"", ""pct"": 10.54}]"
Germany,Iran,Neutral,1.458,1.242,41.7,27.4,30.9,41.2,6.7,8.0,31.6,5.7,6.9,55.8,44.2,"[{""score"": ""1 - 1"", ""pct"": 12.18}, {""score"": ""1 - 0"", ""pct"": 10.27}, {""score"": ""2 - 1"", ""pct"": 8.7}]"
Germany,Croatia,Neutral,1.4,1.3,39.1,26.7,34.1,38.8,6.0,8.1,34.0,5.7,7.4,52.9,47.1,"[{""score"": ""1 - 1"", ""pct"": 12.21}, {""score"": ""1 - 0"", ""pct"": 9.68}, {""score"": ""2 - 1"", ""pct"": 8.67}]"
Germany,Bosnia and Herzegovina,Neutral,2.171,0.529,76.4,17.2,6.5,76.1,6.5,7.4,7.0,1.1,1.8,90.0,10.0,"[{""score"": ""2 - 0"", ""pct"": 15.89}, {""score"": ""1 - 0"", ""pct"": 14.96}, {""score"": ""3 - 0"", ""pct"": 10.92}]"
Germany,Ghana,Neutral,2.136,0.564,75.0,18.1,6.9,75.2,6.4,7.5,7.3,1.6,2.0,89.0,11.0,"[{""score"": ""2 - 0"", ""pct"": 15.76}, {""score"": ""1 - 0"", ""pct"": 14.530000000000001}, {""score"": ""3 - 0"", ""pct"": 10.61}]"
Germany,Netherlands,Neutral,1.33,1.37,35.4,26.9,37.7,34.9,5.8,7.7,38.5,5.7,7.3,48.5,51.5,"[{""score"": ""1 - 1"", ""pct"": 12.24}, {""score"": ""0 - 1"", ""pct"": 9.02}, {""score"": ""1 - 0"", ""pct"": 8.870000000000001}]"
Germany,Senegal,Neutral,1.494,1.206,44.3,26.4,29.4,44.0,7.2,8.2,29.3,5.1,6.2,59.4,40.6,"[{""score"": ""1 - 1"", ""pct"": 11.73}, {""score"": ""1 - 0"", ""pct"": 9.99}, {""score"": ""2 - 1"", ""pct"": 9.27}]"
Germany,Uzbekistan,Neutral,1.613,1.087,50.7,25.8,23.5,49.1,7.3,8.5,24.6,4.6,5.8,65.0,35.0,"[{""score"": ""1 - 0"", ""pct"": 12.0}, {""score"": ""1 - 1"", ""pct"": 11.83}, {""score"": ""2 - 1"", ""pct"": 9.47}]"
Germany,Scotland,Neutral,1.781,0.919,56.8,25.1,18.1,58.0,7.3,8.4,18.4,3.2,4.6,73.7,26.3,"[{""score"": ""1 - 0"", ""pct"": 12.989999999999998}, {""score"": ""1 - 1"", ""pct"": 11.66}, {""score"": ""2 - 0"", ""pct"": 9.89}]"
Germany,Spain,Neutral,0.771,1.929,13.6,21.7,64.8,13.2,2.6,3.5,64.9,7.3,8.6,19.3,80.7,"[{""score"": ""0 - 1"", ""pct"": 13.44}, {""score"": ""0 - 2"", ""pct"": 12.83}, {""score"": ""1 - 2"", ""pct"": 9.65}]"
Germany,Uruguay,Neutral,1.322,1.378,34.8,27.8,37.4,35.3,6.0,7.5,37.1,6.0,8.0,48.9,51.1,"[{""score"": ""1 - 1"", ""pct"": 13.0}, {""score"": ""0 - 1"", ""pct"": 9.21}, {""score"": ""1 - 0"", ""pct"": 8.97}]"
Germany,Turkey,Neutral,1.472,1.228,42.4,26.9,30.8,41.8,6.8,8.6,31.2,4.9,6.7,57.1,42.9,"[{""score"": ""1 - 1"", ""pct"": 12.23}, {""score"": ""1 - 0"", ""pct"": 10.190000000000001}, {""score"": ""2 - 1"", ""pct"": 9.1}]"
Germany,United States,Neutral,1.713,0.987,54.2,25.0,20.8,53.8,7.0,8.8,21.3,4.0,5.1,69.6,30.4,"[{""score"": ""1 - 1"", ""pct"": 11.459999999999999}, {""score"": ""1 - 0"", ""pct"": 11.14}, {""score"": ""2 - 1"", ""pct"": 10.38}]"
Germany,Austria,Neutral,1.723,0.977,53.8,25.6,20.6,54.9,7.2,9.1,19.8,4.1,5.0,71.2,28.8,"[{""score"": ""1 - 0"", ""pct"": 12.0}, {""score"": ""1 - 1"", ""pct"": 11.84}, {""score"": ""2 - 0"", ""pct"": 9.28}]"
Germany,Australia,Neutral,1.418,1.282,39.4,28.2,32.4,39.4,6.5,8.0,33.6,5.7,6.8,53.9,46.1,"[{""score"": ""1 - 1"", ""pct"": 12.46}, {""score"": ""1 - 0"", ""pct"": 9.56}, {""score"": ""0 - 1"", ""pct"": 8.58}]"
Germany,Canada,Neutral,1.563,1.137,47.0,26.2,26.8,47.2,6.8,7.9,27.0,5.0,6.1,61.9,38.1,"[{""score"": ""1 - 1"", ""pct"": 12.17}, {""score"": ""1 - 0"", ""pct"": 11.16}, {""score"": ""2 - 1"", ""pct"": 9.379999999999999}]"
Germany,Paraguay,Neutral,1.525,1.175,45.4,26.5,28.1,44.5,7.0,8.6,28.3,5.7,5.9,60.1,39.9,"[{""score"": ""1 - 1"", ""pct"": 11.97}, {""score"": ""1 - 0"", ""pct"": 10.39}, {""score"": ""2 - 1"", ""pct"": 9.45}]"
Germany,France,Neutral,0.971,1.729,20.5,24.5,55.0,20.2,3.5,5.0,55.1,7.4,8.7,28.7,71.3,"[{""score"": ""0 - 1"", ""pct"": 11.899999999999999}, {""score"": ""1 - 1"", ""pct"": 10.43}, {""score"": ""1 - 2"", ""pct"": 10.100000000000001}]"
Germany,England,Neutral,1.051,1.649,23.1,25.6,51.3,22.3,4.2,5.7,51.5,7.1,9.1,32.2,67.8,"[{""score"": ""1 - 1"", ""pct"": 11.91}, {""score"": ""0 - 1"", ""pct"": 11.709999999999999}, {""score"": ""1 - 2"", ""pct"": 9.34}]"
Germany,Panama,Neutral,1.64,1.06,50.5,26.3,23.2,50.2,7.3,8.6,23.7,4.5,5.7,66.1,33.9,"[{""score"": ""1 - 1"", ""pct"": 12.18}, {""score"": ""1 - 0"", ""pct"": 11.450000000000001}, {""score"": ""2 - 1"", ""pct"": 9.610000000000001}]"
Germany,South Korea,Neutral,1.5,1.2,44.6,26.5,28.9,43.5,7.4,7.7,29.4,5.1,6.9,58.6,41.4,"[{""score"": ""1 - 1"", ""pct"": 12.09}, {""score"": ""1 - 0"", ""pct"": 10.41}, {""score"": ""2 - 1"", ""pct"": 9.43}]"
Argentina,Ecuador,Neutral,1.838,0.862,59.9,23.7,16.4,60.3,7.8,8.2,16.1,3.4,4.2,76.3,23.7,"[{""score"": ""1 - 0"", ""pct"": 13.120000000000001}, {""score"": ""2 - 0"", ""pct"": 11.14}, {""score"": ""1 - 1"", ""pct"": 10.56}]"
Argentina,Curaçao,Neutral,2.351,0.349,83.5,13.2,3.3,83.2,6.0,6.0,3.3,0.7,0.9,95.1,4.9,"[{""score"": ""2 - 0"", ""pct"": 18.94}, {""score"": ""1 - 0"", ""pct"": 16.54}, {""score"": ""3 - 0"", ""pct"": 13.68}]"
Argentina,Saudi Arabia,Neutral,2.291,0.409,80.4,15.5,4.1,80.9,6.4,6.5,4.2,0.9,1.1,93.9,6.1,"[{""score"": ""2 - 0"", ""pct"": 17.98}, {""score"": ""1 - 0"", ""pct"": 15.8}, {""score"": ""3 - 0"", ""pct"": 12.45}]"
Argentina,South Africa,Neutral,2.327,0.373,82.2,13.9,3.9,83.0,5.4,6.4,3.6,0.6,1.0,94.8,5.2,"[{""score"": ""2 - 0"", ""pct"": 18.81}, {""score"": ""1 - 0"", ""pct"": 16.41}, {""score"": ""3 - 0"", ""pct"": 12.8}]"
Argentina,Brazil,Neutral,1.755,0.945,56.6,24.1,19.2,56.6,7.3,8.5,19.2,3.8,4.5,72.5,27.5,"[{""score"": ""1 - 0"", ""pct"": 11.77}, {""score"": ""1 - 1"", ""pct"": 11.08}, {""score"": ""2 - 0"", ""pct"": 10.299999999999999}]"
Argentina,Switzerland,Neutral,2.055,0.645,70.8,20.1,9.2,70.3,6.8,8.4,9.8,2.1,2.6,85.6,14.4,"[{""score"": ""1 - 0"", ""pct"": 14.38}, {""score"": ""2 - 0"", ""pct"": 14.330000000000002}, {""score"": ""2 - 1"", ""pct"": 9.629999999999999}]"
Argentina,Algeria,Neutral,2.074,0.626,72.1,18.8,9.1,71.9,7.2,8.0,9.0,1.7,2.2,87.1,12.9,"[{""score"": ""1 - 0"", ""pct"": 14.760000000000002}, {""score"": ""2 - 0"", ""pct"": 14.59}, {""score"": ""3 - 0"", ""pct"": 10.0}]"
Argentina,Cape Verde,Neutral,2.343,0.357,82.5,13.8,3.8,83.0,5.5,6.3,3.6,0.8,0.8,94.8,5.2,"[{""score"": ""2 - 0"", ""pct"": 18.19}, {""score"": ""1 - 0"", ""pct"": 16.42}, {""score"": ""3 - 0"", ""pct"": 13.88}]"
Argentina,Haiti,Neutral,2.27,0.43,79.8,15.4,4.8,80.0,6.2,6.8,4.8,0.7,1.4,93.1,6.9,"[{""score"": ""2 - 0"", ""pct"": 17.53}, {""score"": ""1 - 0"", ""pct"": 15.47}, {""score"": ""3 - 0"", ""pct"": 13.020000000000001}]"
Argentina,Colombia,Neutral,1.748,0.952,56.3,24.3,19.4,56.7,7.6,8.9,18.8,3.5,4.5,73.1,26.9,"[{""score"": ""1 - 0"", ""pct"": 12.15}, {""score"": ""1 - 1"", ""pct"": 10.71}, {""score"": ""2 - 1"", ""pct"": 9.83}]"
Argentina,Belgium,Neutral,2.032,0.668,68.8,20.7,10.5,70.4,7.1,8.2,9.4,2.0,2.9,85.8,14.2,"[{""score"": ""1 - 0"", ""pct"": 14.680000000000001}, {""score"": ""2 - 0"", ""pct"": 13.65}, {""score"": ""1 - 1"", ""pct"": 9.27}]"
Argentina,Sweden,Neutral,2.293,0.407,80.8,15.0,4.1,81.3,6.3,6.3,4.1,0.8,1.2,93.9,6.1,"[{""score"": ""2 - 0"", ""pct"": 18.240000000000002}, {""score"": ""1 - 0"", ""pct"": 15.65}, {""score"": ""3 - 0"", ""pct"": 12.920000000000002}]"
Argentina,Norway,Neutral,2.009,0.691,69.0,20.2,10.8,69.4,7.4,7.7,10.5,2.1,2.8,84.6,15.4,"[{""score"": ""1 - 0"", ""pct"": 14.57}, {""score"": ""2 - 0"", ""pct"": 13.450000000000001}, {""score"": ""2 - 1"", ""pct"": 9.44}]"
Argentina,Egypt,Neutral,2.222,0.478,78.5,15.8,5.7,77.0,7.1,7.4,5.9,1.1,1.5,91.4,8.6,"[{""score"": ""2 - 0"", ""pct"": 16.580000000000002}, {""score"": ""1 - 0"", ""pct"": 15.2}, {""score"": ""3 - 0"", ""pct"": 11.85}]"
Argentina,Jordan,Neutral,2.183,0.517,76.6,16.7,6.7,76.9,6.9,6.9,6.4,1.4,1.6,90.6,9.4,"[{""score"": ""2 - 0"", ""pct"": 16.5}, {""score"": ""1 - 0"", ""pct"": 15.1}, {""score"": ""3 - 0"", ""pct"": 11.52}]"
Argentina,Iraq,Neutral,2.253,0.447,79.9,15.1,5.0,79.5,6.5,6.7,5.2,1.0,1.2,92.6,7.4,"[{""score"": ""2 - 0"", ""pct"": 17.86}, {""score"": ""1 - 0"", ""pct"": 16.35}, {""score"": ""3 - 0"", ""pct"": 12.41}]"
Argentina,Ivory Coast,Neutral,2.195,0.505,76.8,17.2,6.0,77.2,6.8,6.8,6.0,1.4,1.7,90.8,9.2,"[{""score"": ""2 - 0"", ""pct"": 16.869999999999997}, {""score"": ""1 - 0"", ""pct"": 14.49}, {""score"": ""3 - 0"", ""pct"": 11.48}]"
Argentina,Mexico,Neutral,1.905,0.795,63.3,22.7,14.0,63.5,7.7,8.6,13.6,2.8,3.8,79.8,20.2,"[{""score"": ""1 - 0"", ""pct"": 13.420000000000002}, {""score"": ""2 - 0"", ""pct"": 12.17}, {""score"": ""1 - 1"", ""pct"": 10.17}]"
Argentina,Tunisia,Neutral,2.263,0.437,79.6,15.7,4.7,79.6,6.6,6.7,5.0,0.8,1.4,92.9,7.1,"[{""score"": ""2 - 0"", ""pct"": 17.169999999999998}, {""score"": ""1 - 0"", ""pct"": 15.49}, {""score"": ""3 - 0"", ""pct"": 13.089999999999998}]"
Argentina,Portugal,Neutral,1.796,0.904,58.1,24.2,17.7,58.3,7.3,8.8,17.6,3.4,4.6,74.4,25.6,"[{""score"": ""1 - 0"", ""pct"": 12.280000000000001}, {""score"": ""1 - 1"", ""pct"": 10.92}, {""score"": ""2 - 0"", ""pct"": 10.33}]"
Argentina,Morocco,Neutral,1.838,0.862,61.1,23.2,15.7,60.6,7.6,8.5,16.0,3.1,4.2,76.7,23.3,"[{""score"": ""1 - 0"", ""pct"": 13.05}, {""score"": ""2 - 0"", ""pct"": 11.4}, {""score"": ""1 - 1"", ""pct"": 10.16}]"
Argentina,Germany,Neutral,1.941,0.759,65.4,21.6,13.0,65.9,7.4,8.1,13.1,2.5,3.0,81.4,18.6,"[{""score"": ""1 - 0"", ""pct"": 13.669999999999998}, {""score"": ""2 - 0"", ""pct"": 12.629999999999999}, {""score"": ""1 - 1"", ""pct"": 9.629999999999999}]"
Argentina,Qatar,Neutral,2.373,0.327,84.2,13.0,2.8,84.0,6.0,5.5,2.9,0.6,0.9,95.6,4.4,"[{""score"": ""2 - 0"", ""pct"": 18.86}, {""score"": ""1 - 0"", ""pct"": 15.770000000000001}, {""score"": ""3 - 0"", ""pct"": 15.18}]"
Argentina,Czech Republic,Neutral,2.239,0.461,78.9,16.0,5.1,78.8,6.6,6.6,5.4,1.2,1.4,91.9,8.1,"[{""score"": ""2 - 0"", ""pct"": 17.25}, {""score"": ""1 - 0"", ""pct"": 16.05}, {""score"": ""3 - 0"", ""pct"": 13.03}]"
Argentina,New Zealand,Neutral,2.285,0.415,80.5,15.0,4.6,81.3,6.2,6.5,4.3,0.9,0.9,94.0,6.0,"[{""score"": ""2 - 0"", ""pct"": 17.37}, {""score"": ""1 - 0"", ""pct"": 16.520000000000003}, {""score"": ""3 - 0"", ""pct"": 12.09}]"
Argentina,Japan,Neutral,1.831,0.869,59.8,23.4,16.8,60.4,7.2,9.0,16.0,3.1,4.2,76.6,23.4,"[{""score"": ""1 - 0"", ""pct"": 12.27}, {""score"": ""2 - 0"", ""pct"": 10.63}, {""score"": ""1 - 1"", ""pct"": 10.31}]"
Argentina,DR Congo,Neutral,2.233,0.467,77.9,16.2,5.9,77.6,6.7,7.5,5.9,1.0,1.2,91.8,8.2,"[{""score"": ""2 - 0"", ""pct"": 17.119999999999997}, {""score"": ""1 - 0"", ""pct"": 15.110000000000001}, {""score"": ""3 - 0"", ""pct"": 12.280000000000001}]"
Argentina,Iran,Neutral,2.014,0.686,69.0,20.5,10.5,68.5,7.1,8.3,10.9,2.2,3.0,83.9,16.1,"[{""score"": ""1 - 0"", ""pct"": 14.35}, {""score"": ""2 - 0"", ""pct"": 13.28}, {""score"": ""2 - 1"", ""pct"": 9.06}]"
Argentina,Croatia,Neutral,1.975,0.725,67.2,20.8,12.0,67.2,7.5,8.6,11.0,2.4,3.3,83.3,16.7,"[{""score"": ""1 - 0"", ""pct"": 13.850000000000001}, {""score"": ""2 - 0"", ""pct"": 12.9}, {""score"": ""2 - 1"", ""pct"": 9.35}]"
Argentina,Bosnia and Herzegovina,Neutral,2.358,0.342,83.1,13.7,3.1,83.3,5.4,6.2,3.5,0.7,0.8,95.0,5.0,"[{""score"": ""2 - 0"", ""pct"": 18.57}, {""score"": ""1 - 0"", ""pct"": 16.64}, {""score"": ""3 - 0"", ""pct"": 14.12}]"
Argentina,Ghana,Neutral,2.345,0.355,82.3,14.0,3.6,82.4,6.1,6.5,3.3,0.7,1.0,95.0,5.0,"[{""score"": ""2 - 0"", ""pct"": 18.4}, {""score"": ""1 - 0"", ""pct"": 16.56}, {""score"": ""3 - 0"", ""pct"": 13.36}]"
Argentina,Netherlands,Neutral,1.926,0.774,64.9,21.8,13.4,65.9,7.4,8.0,12.5,2.7,3.5,81.3,18.7,"[{""score"": ""1 - 0"", ""pct"": 13.639999999999999}, {""score"": ""2 - 0"", ""pct"": 12.2}, {""score"": ""1 - 1"", ""pct"": 9.65}]"
Argentina,Senegal,Neutral,2.036,0.664,69.5,20.4,10.1,70.3,7.4,8.0,10.0,1.8,2.6,85.7,14.3,"[{""score"": ""1 - 0"", ""pct"": 14.05}, {""score"": ""2 - 0"", ""pct"": 13.459999999999999}, {""score"": ""2 - 1"", ""pct"": 9.26}]"
Argentina,Uzbekistan,Neutral,2.106,0.594,73.5,17.9,8.5,73.4,7.1,7.4,8.3,1.6,2.1,88.0,12.0,"[{""score"": ""2 - 0"", ""pct"": 15.290000000000001}, {""score"": ""1 - 0"", ""pct"": 15.14}, {""score"": ""3 - 0"", ""pct"": 9.36}]"
Argentina,Scotland,Neutral,2.194,0.506,76.7,17.0,6.3,76.7,6.7,6.9,6.5,1.4,1.8,90.3,9.7,"[{""score"": ""2 - 0"", ""pct"": 15.97}, {""score"": ""1 - 0"", ""pct"": 15.370000000000001}, {""score"": ""3 - 0"", ""pct"": 11.01}]"
Argentina,Spain,Neutral,1.366,1.334,37.7,26.5,35.8,37.7,6.2,8.1,35.3,5.6,7.2,52.0,48.0,"[{""score"": ""1 - 1"", ""pct"": 11.66}, {""score"": ""1 - 0"", ""pct"": 9.51}, {""score"": ""0 - 1"", ""pct"": 9.19}]"
Argentina,Uruguay,Neutral,1.92,0.78,64.5,21.8,13.6,64.6,7.2,8.4,13.2,2.7,3.9,80.2,19.8,"[{""score"": ""1 - 0"", ""pct"": 13.700000000000001}, {""score"": ""2 - 0"", ""pct"": 11.93}, {""score"": ""1 - 1"", ""pct"": 9.74}]"
Argentina,Turkey,Neutral,2.023,0.677,70.0,19.9,10.1,69.0,7.5,8.3,10.4,2.2,2.7,84.8,15.2,"[{""score"": ""1 - 0"", ""pct"": 14.66}, {""score"": ""2 - 0"", ""pct"": 14.180000000000001}, {""score"": ""2 - 1"", ""pct"": 9.53}]"
Argentina,United States,Neutral,2.16,0.54,75.6,17.6,6.8,75.5,6.6,7.7,6.9,1.4,1.9,89.8,10.2,"[{""score"": ""2 - 0"", ""pct"": 16.08}, {""score"": ""1 - 0"", ""pct"": 14.299999999999999}, {""score"": ""3 - 0"", ""pct"": 10.92}]"
Argentina,Austria,Neutral,2.165,0.535,76.1,16.9,7.0,75.9,6.3,7.3,7.0,1.5,2.0,89.6,10.4,"[{""score"": ""2 - 0"", ""pct"": 15.370000000000001}, {""score"": ""1 - 0"", ""pct"": 15.1}, {""score"": ""3 - 0"", ""pct"": 11.15}]"
Argentina,Australia,Neutral,1.988,0.712,67.6,21.0,11.4,67.8,7.6,8.5,11.1,2.0,3.0,83.9,16.1,"[{""score"": ""1 - 0"", ""pct"": 14.35}, {""score"": ""2 - 0"", ""pct"": 12.950000000000001}, {""score"": ""2 - 1"", ""pct"": 9.67}]"
Argentina,Canada,Neutral,2.078,0.622,72.0,18.7,9.3,72.7,6.5,7.9,8.6,1.7,2.5,87.1,12.9,"[{""score"": ""1 - 0"", ""pct"": 15.02}, {""score"": ""2 - 0"", ""pct"": 14.46}, {""score"": ""2 - 1"", ""pct"": 9.58}]"
Argentina,Paraguay,Neutral,2.056,0.644,70.6,20.2,9.3,70.5,7.6,8.3,9.4,1.8,2.3,86.4,13.6,"[{""score"": ""1 - 0"", ""pct"": 14.44}, {""score"": ""2 - 0"", ""pct"": 13.43}, {""score"": ""2 - 1"", ""pct"": 9.3}]"
Argentina,France,Neutral,1.61,1.09,49.3,26.2,24.4,49.8,7.1,8.4,24.3,4.6,5.8,65.3,34.7,"[{""score"": ""1 - 1"", ""pct"": 12.13}, {""score"": ""1 - 0"", ""pct"": 11.129999999999999}, {""score"": ""2 - 1"", ""pct"": 9.959999999999999}]"
Argentina,England,Neutral,1.692,1.008,53.6,25.0,21.3,53.4,7.1,8.4,21.9,4.0,5.3,68.9,31.1,"[{""score"": ""1 - 0"", ""pct"": 12.120000000000001}, {""score"": ""1 - 1"", ""pct"": 11.690000000000001}, {""score"": ""2 - 1"", ""pct"": 10.059999999999999}]"
Argentina,Panama,Neutral,2.122,0.578,74.1,17.9,8.0,73.6,7.4,7.4,8.0,1.5,2.1,88.4,11.6,"[{""score"": ""2 - 0"", ""pct"": 15.28}, {""score"": ""1 - 0"", ""pct"": 15.18}, {""score"": ""3 - 0"", ""pct"": 10.639999999999999}]"
Argentina,South Korea,Neutral,2.04,0.66,71.0,19.2,9.8,69.7,7.7,8.0,9.6,2.0,2.9,85.5,14.5,"[{""score"": ""1 - 0"", ""pct"": 14.680000000000001}, {""score"": ""2 - 0"", ""pct"": 14.05}, {""score"": ""2 - 1"", ""pct"": 9.41}]"
Qatar,Ecuador,Neutral,0.439,2.261,5.1,15.6,79.4,4.7,1.0,1.3,79.7,6.5,6.7,7.1,92.9,"[{""score"": ""0 - 2"", ""pct"": 17.49}, {""score"": ""0 - 1"", ""pct"": 16.29}, {""score"": ""0 - 3"", ""pct"": 12.01}]"
Qatar,Curaçao,Neutral,1.205,1.495,30.7,27.3,42.0,29.6,5.3,6.5,43.2,6.9,8.4,41.4,58.6,"[{""score"": ""1 - 1"", ""pct"": 12.58}, {""score"": ""0 - 1"", ""pct"": 10.57}, {""score"": ""1 - 0"", ""pct"": 8.66}]"
Qatar,Saudi Arabia,Neutral,0.947,1.753,18.7,24.3,57.0,19.6,3.8,4.5,55.8,7.6,8.8,27.8,72.2,"[{""score"": ""0 - 1"", ""pct"": 12.3}, {""score"": ""1 - 1"", ""pct"": 11.09}, {""score"": ""0 - 2"", ""pct"": 10.489999999999998}]"
Qatar,South Africa,Neutral,1.083,1.617,24.9,25.9,49.1,24.2,4.4,5.7,50.4,7.1,8.2,34.3,65.7,"[{""score"": ""1 - 1"", ""pct"": 11.68}, {""score"": ""0 - 1"", ""pct"": 10.77}, {""score"": ""1 - 2"", ""pct"": 9.46}]"
Qatar,Brazil,Neutral,0.41,2.29,4.2,15.0,80.8,4.3,0.8,1.2,80.8,6.3,6.7,6.2,93.8,"[{""score"": ""0 - 2"", ""pct"": 17.53}, {""score"": ""0 - 1"", ""pct"": 16.42}, {""score"": ""0 - 3"", ""pct"": 12.950000000000001}]"
Qatar,Switzerland,Neutral,0.562,2.138,7.7,18.1,74.2,7.6,1.4,1.8,74.6,7.1,7.5,10.8,89.2,"[{""score"": ""0 - 1"", ""pct"": 15.120000000000001}, {""score"": ""0 - 2"", ""pct"": 14.77}, {""score"": ""0 - 3"", ""pct"": 10.74}]"
Qatar,Algeria,Neutral,0.578,2.122,7.9,18.6,73.5,7.9,1.5,2.2,73.8,6.9,7.7,11.6,88.4,"[{""score"": ""0 - 2"", ""pct"": 14.729999999999999}, {""score"": ""0 - 1"", ""pct"": 14.430000000000001}, {""score"": ""0 - 3"", ""pct"": 10.280000000000001}]"
Qatar,Cape Verde,Neutral,1.162,1.538,28.3,26.8,44.9,28.0,4.9,6.4,45.5,6.7,8.5,39.3,60.7,"[{""score"": ""1 - 1"", ""pct"": 12.31}, {""score"": ""0 - 1"", ""pct"": 10.69}, {""score"": ""1 - 2"", ""pct"": 9.2}]"
Qatar,Haiti,Neutral,0.886,1.814,17.1,23.6,59.3,17.3,3.2,4.2,59.3,7.6,8.3,24.7,75.3,"[{""score"": ""0 - 1"", ""pct"": 12.889999999999999}, {""score"": ""1 - 1"", ""pct"": 11.0}, {""score"": ""0 - 2"", ""pct"": 10.86}]"
Qatar,Colombia,Neutral,0.408,2.292,4.1,14.9,81.0,4.6,0.7,1.3,80.9,6.0,6.5,6.6,93.4,"[{""score"": ""0 - 2"", ""pct"": 17.419999999999998}, {""score"": ""0 - 1"", ""pct"": 15.68}, {""score"": ""0 - 3"", ""pct"": 14.030000000000001}]"
Qatar,Belgium,Neutral,0.544,2.156,6.9,17.3,75.8,7.5,1.3,1.7,75.7,6.8,7.2,10.4,89.6,"[{""score"": ""0 - 2"", ""pct"": 15.98}, {""score"": ""0 - 1"", ""pct"": 15.18}, {""score"": ""0 - 3"", ""pct"": 11.24}]"
Qatar,Sweden,Neutral,0.956,1.744,18.9,24.7,56.4,19.6,3.4,4.8,56.2,7.7,8.3,27.8,72.2,"[{""score"": ""0 - 1"", ""pct"": 12.379999999999999}, {""score"": ""1 - 1"", ""pct"": 11.219999999999999}, {""score"": ""0 - 2"", ""pct"": 10.31}]"
Qatar,Norway,Neutral,0.528,2.172,6.4,17.8,75.8,6.8,1.2,1.9,76.0,7.0,7.1,9.9,90.1,"[{""score"": ""0 - 2"", ""pct"": 16.38}, {""score"": ""0 - 1"", ""pct"": 15.129999999999999}, {""score"": ""0 - 3"", ""pct"": 10.79}]"
Qatar,Egypt,Neutral,0.773,1.927,12.9,22.1,65.0,13.3,2.6,3.2,65.0,7.4,8.4,19.1,80.9,"[{""score"": ""0 - 1"", ""pct"": 13.56}, {""score"": ""0 - 2"", ""pct"": 12.58}, {""score"": ""1 - 1"", ""pct"": 9.89}]"
Qatar,Jordan,Neutral,0.706,1.994,11.3,20.5,68.2,11.1,2.3,2.7,68.3,7.6,8.0,16.1,84.0,"[{""score"": ""0 - 1"", ""pct"": 14.790000000000001}, {""score"": ""0 - 2"", ""pct"": 12.64}, {""score"": ""1 - 1"", ""pct"": 9.25}]"
Qatar,Iraq,Neutral,0.842,1.858,15.3,23.2,61.5,15.9,3.0,3.7,60.7,7.6,9.2,22.5,77.5,"[{""score"": ""0 - 1"", ""pct"": 13.48}, {""score"": ""0 - 2"", ""pct"": 11.59}, {""score"": ""1 - 1"", ""pct"": 10.2}]"
Qatar,Ivory Coast,Neutral,0.726,1.974,11.6,21.2,67.2,12.0,2.2,2.9,67.7,6.9,8.3,17.1,82.9,"[{""score"": ""0 - 1"", ""pct"": 14.17}, {""score"": ""0 - 2"", ""pct"": 13.58}, {""score"": ""1 - 1"", ""pct"": 9.11}]"
Qatar,Mexico,Neutral,0.468,2.232,5.4,16.3,78.3,5.7,1.0,1.4,78.3,7.0,6.7,8.1,91.9,"[{""score"": ""0 - 2"", ""pct"": 17.29}, {""score"": ""0 - 1"", ""pct"": 14.77}, {""score"": ""0 - 3"", ""pct"": 12.13}]"
Qatar,Tunisia,Neutral,0.867,1.833,15.9,23.4,60.7,15.5,3.2,4.1,60.8,7.4,8.9,22.8,77.2,"[{""score"": ""0 - 1"", ""pct"": 12.989999999999998}, {""score"": ""0 - 2"", ""pct"": 10.95}, {""score"": ""1 - 1"", ""pct"": 10.59}]"
Qatar,Portugal,Neutral,0.423,2.277,4.5,15.5,80.0,4.3,1.0,1.1,80.6,6.4,6.5,6.5,93.5,"[{""score"": ""0 - 2"", ""pct"": 17.21}, {""score"": ""0 - 1"", ""pct"": 16.12}, {""score"": ""0 - 3"", ""pct"": 12.479999999999999}]"
Qatar,Morocco,Neutral,0.439,2.261,4.9,15.3,79.8,4.7,0.8,1.4,79.5,6.5,7.2,6.8,93.2,"[{""score"": ""0 - 2"", ""pct"": 17.57}, {""score"": ""0 - 1"", ""pct"": 16.36}, {""score"": ""0 - 3"", ""pct"": 12.3}]"
Qatar,Germany,Neutral,0.486,2.214,5.8,17.2,77.1,5.6,1.2,1.4,77.7,7.1,7.0,8.2,91.8,"[{""score"": ""0 - 1"", ""pct"": 15.89}, {""score"": ""0 - 2"", ""pct"": 15.840000000000002}, {""score"": ""0 - 3"", ""pct"": 12.22}]"
Qatar,Argentina,Neutral,0.327,2.373,3.0,13.6,83.4,2.9,0.6,1.0,84.2,5.7,5.7,4.4,95.6,"[{""score"": ""0 - 2"", ""pct"": 18.83}, {""score"": ""0 - 1"", ""pct"": 16.2}, {""score"": ""0 - 3"", ""pct"": 14.41}]"
Qatar,Czech Republic,Neutral,0.81,1.89,14.9,22.3,62.7,14.1,2.8,3.8,63.8,7.2,8.3,20.7,79.3,"[{""score"": ""0 - 1"", ""pct"": 13.48}, {""score"": ""0 - 2"", ""pct"": 11.540000000000001}, {""score"": ""1 - 1"", ""pct"": 9.98}]"
Qatar,New Zealand,Neutral,0.928,1.772,18.3,24.2,57.5,18.5,3.7,4.5,57.0,7.6,8.7,26.7,73.3,"[{""score"": ""0 - 1"", ""pct"": 12.15}, {""score"": ""1 - 1"", ""pct"": 10.9}, {""score"": ""0 - 2"", ""pct"": 10.549999999999999}]"
Qatar,Japan,Neutral,0.436,2.264,4.8,16.0,79.2,5.0,1.0,1.3,79.5,6.6,6.7,7.2,92.8,"[{""score"": ""0 - 2"", ""pct"": 17.44}, {""score"": ""0 - 1"", ""pct"": 15.86}, {""score"": ""0 - 3"", ""pct"": 12.91}]"
Qatar,DR Congo,Neutral,0.797,1.903,13.0,22.8,64.2,13.8,2.7,3.6,64.0,7.3,8.6,20.1,79.9,"[{""score"": ""0 - 1"", ""pct"": 12.86}, {""score"": ""0 - 2"", ""pct"": 12.0}, {""score"": ""1 - 2"", ""pct"": 10.43}]"
Qatar,Iran,Neutral,0.531,2.169,6.5,18.3,75.3,6.3,1.5,1.7,76.0,7.3,7.3,9.4,90.6,"[{""score"": ""0 - 1"", ""pct"": 15.42}, {""score"": ""0 - 2"", ""pct"": 15.290000000000001}, {""score"": ""0 - 3"", ""pct"": 10.82}]"
Qatar,Croatia,Neutral,0.506,2.194,5.9,16.0,78.0,6.4,1.2,1.5,77.1,6.8,7.0,9.1,90.9,"[{""score"": ""0 - 2"", ""pct"": 16.06}, {""score"": ""0 - 1"", ""pct"": 15.36}, {""score"": ""0 - 3"", ""pct"": 12.3}]"
Qatar,Bosnia and Herzegovina,Neutral,1.245,1.455,31.3,28.0,40.7,31.4,5.9,7.3,40.8,6.7,8.0,44.5,55.5,"[{""score"": ""1 - 1"", ""pct"": 12.49}, {""score"": ""0 - 1"", ""pct"": 9.62}, {""score"": ""1 - 2"", ""pct"": 8.82}]"
Qatar,Ghana,Neutral,1.172,1.528,28.3,25.9,45.8,28.6,5.1,6.3,44.9,7.1,8.0,40.0,60.0,"[{""score"": ""1 - 1"", ""pct"": 11.31}, {""score"": ""0 - 1"", ""pct"": 10.59}, {""score"": ""1 - 2"", ""pct"": 9.46}]"
Qatar,Netherlands,Neutral,0.478,2.222,6.0,16.1,77.9,5.4,1.1,1.6,79.0,6.1,6.9,8.1,91.9,"[{""score"": ""0 - 2"", ""pct"": 16.470000000000002}, {""score"": ""0 - 1"", ""pct"": 15.52}, {""score"": ""0 - 3"", ""pct"": 11.66}]"
Qatar,Senegal,Neutral,0.547,2.153,7.2,17.4,75.3,7.4,1.5,1.6,75.7,6.5,7.4,10.5,89.5,"[{""score"": ""0 - 2"", ""pct"": 15.4}, {""score"": ""0 - 1"", ""pct"": 14.89}, {""score"": ""0 - 3"", ""pct"": 10.91}]"
Qatar,Uzbekistan,Neutral,0.61,2.09,9.0,19.0,72.0,8.5,1.8,2.4,72.5,7.2,7.6,12.7,87.3,"[{""score"": ""0 - 1"", ""pct"": 14.940000000000001}, {""score"": ""0 - 2"", ""pct"": 14.32}, {""score"": ""0 - 3"", ""pct"": 10.52}]"
Qatar,Scotland,Neutral,0.725,1.975,12.5,20.8,66.7,11.8,2.3,3.2,66.8,7.3,8.5,17.4,82.6,"[{""score"": ""0 - 1"", ""pct"": 13.8}, {""score"": ""0 - 2"", ""pct"": 13.139999999999999}, {""score"": ""1 - 2"", ""pct"": 9.28}]"
Qatar,Spain,Neutral,0.329,2.371,3.0,13.2,83.8,3.2,0.6,0.7,83.4,5.8,6.3,4.5,95.5,"[{""score"": ""0 - 2"", ""pct"": 19.939999999999998}, {""score"": ""0 - 1"", ""pct"": 15.809999999999999}, {""score"": ""0 - 3"", ""pct"": 14.35}]"
Qatar,Uruguay,Neutral,0.475,2.225,5.5,16.2,78.3,5.6,1.2,1.8,78.0,6.3,7.3,8.5,91.5,"[{""score"": ""0 - 2"", ""pct"": 16.78}, {""score"": ""0 - 1"", ""pct"": 15.47}, {""score"": ""0 - 3"", ""pct"": 12.09}]"
Qatar,Turkey,Neutral,0.537,2.163,6.8,16.9,76.2,7.0,1.2,1.9,75.7,6.7,7.5,10.1,89.9,"[{""score"": ""0 - 2"", ""pct"": 16.09}, {""score"": ""0 - 1"", ""pct"": 14.649999999999999}, {""score"": ""0 - 3"", ""pct"": 11.52}]"
Qatar,United States,Neutral,0.674,2.026,10.3,20.1,69.6,10.3,2.3,3.0,69.0,7.3,8.2,15.6,84.4,"[{""score"": ""0 - 2"", ""pct"": 13.919999999999998}, {""score"": ""0 - 1"", ""pct"": 13.84}, {""score"": ""1 - 2"", ""pct"": 9.45}]"
Qatar,Austria,Neutral,0.681,2.019,10.5,20.1,69.4,10.5,2.0,3.0,69.2,7.0,8.3,15.5,84.5,"[{""score"": ""0 - 1"", ""pct"": 14.24}, {""score"": ""0 - 2"", ""pct"": 13.51}, {""score"": ""1 - 2"", ""pct"": 9.34}]"
Qatar,Australia,Neutral,0.513,2.187,6.2,17.2,76.6,6.2,1.1,1.7,76.5,6.9,7.6,9.0,91.0,"[{""score"": ""0 - 2"", ""pct"": 15.75}, {""score"": ""0 - 1"", ""pct"": 15.21}, {""score"": ""0 - 3"", ""pct"": 11.91}]"
Qatar,Canada,Neutral,0.582,2.118,7.6,17.9,74.4,7.8,1.7,2.2,73.7,6.8,7.8,11.6,88.4,"[{""score"": ""0 - 1"", ""pct"": 15.28}, {""score"": ""0 - 2"", ""pct"": 15.14}, {""score"": ""0 - 3"", ""pct"": 10.27}]"
Qatar,Paraguay,Neutral,0.563,2.137,7.4,17.6,75.0,7.4,1.6,1.9,74.8,7.1,7.2,10.9,89.1,"[{""score"": ""0 - 1"", ""pct"": 15.21}, {""score"": ""0 - 2"", ""pct"": 15.14}, {""score"": ""0 - 3"", ""pct"": 10.13}]"
Qatar,France,Neutral,0.372,2.328,3.6,13.7,82.7,3.6,0.8,0.9,83.2,5.5,6.0,5.2,94.8,"[{""score"": ""0 - 2"", ""pct"": 18.67}, {""score"": ""0 - 1"", ""pct"": 16.02}, {""score"": ""0 - 3"", ""pct"": 13.41}]"
Qatar,England,Neutral,0.392,2.308,4.0,14.4,81.6,4.2,0.8,1.1,81.8,5.9,6.3,6.0,94.0,"[{""score"": ""0 - 2"", ""pct"": 18.6}, {""score"": ""0 - 1"", ""pct"": 15.7}, {""score"": ""0 - 3"", ""pct"": 13.63}]"
Qatar,Panama,Neutral,0.626,2.074,9.1,19.3,71.6,9.0,1.8,2.5,71.8,6.7,8.2,13.3,86.7,"[{""score"": ""0 - 1"", ""pct"": 14.52}, {""score"": ""0 - 2"", ""pct"": 14.29}, {""score"": ""0 - 3"", ""pct"": 9.54}]"
Qatar,South Korea,Neutral,0.55,2.15,7.1,18.0,74.9,7.2,1.5,1.9,75.5,7.0,7.0,10.6,89.4,"[{""score"": ""0 - 2"", ""pct"": 15.2}, {""score"": ""0 - 1"", ""pct"": 14.85}, {""score"": ""0 - 3"", ""pct"": 10.99}]"
Czech Republic,Ecuador,Neutral,0.725,1.975,11.8,21.3,66.9,12.0,2.6,3.2,66.6,7.4,8.1,17.9,82.1,"[{""score"": ""0 - 1"", ""pct"": 13.99}, {""score"": ""0 - 2"", ""pct"": 13.120000000000001}, {""score"": ""1 - 1"", ""pct"": 9.719999999999999}]"
Czech Republic,Curaçao,Neutral,1.773,0.927,57.0,24.4,18.6,56.9,7.5,9.1,18.3,3.6,4.6,73.4,26.6,"[{""score"": ""1 - 0"", ""pct"": 12.17}, {""score"": ""1 - 1"", ""pct"": 11.03}, {""score"": ""2 - 0"", ""pct"": 10.03}]"
Czech Republic,Saudi Arabia,Neutral,1.517,1.183,44.2,27.3,28.5,44.9,6.6,8.2,28.6,5.4,6.2,59.7,40.3,"[{""score"": ""1 - 1"", ""pct"": 12.0}, {""score"": ""1 - 0"", ""pct"": 10.36}, {""score"": ""2 - 1"", ""pct"": 8.92}]"
Czech Republic,South Africa,Neutral,1.66,1.04,51.9,25.7,22.4,52.1,7.4,8.4,22.6,4.3,5.3,67.8,32.2,"[{""score"": ""1 - 1"", ""pct"": 11.83}, {""score"": ""1 - 0"", ""pct"": 11.559999999999999}, {""score"": ""2 - 1"", ""pct"": 9.54}]"
Czech Republic,Brazil,Neutral,0.661,2.039,9.7,20.4,69.9,9.8,1.8,2.9,69.3,7.9,8.3,14.5,85.5,"[{""score"": ""0 - 1"", ""pct"": 14.149999999999999}, {""score"": ""0 - 2"", ""pct"": 13.350000000000001}, {""score"": ""1 - 2"", ""pct"": 9.17}]"
Czech Republic,Switzerland,Neutral,0.968,1.732,20.0,24.7,55.4,18.9,3.8,5.1,55.2,7.7,9.2,27.9,72.2,"[{""score"": ""0 - 1"", ""pct"": 11.85}, {""score"": ""1 - 1"", ""pct"": 11.43}, {""score"": ""1 - 2"", ""pct"": 10.36}]"
Czech Republic,Algeria,Neutral,0.997,1.703,21.1,24.6,54.2,20.8,3.8,5.3,53.6,7.6,8.9,29.8,70.2,"[{""score"": ""0 - 1"", ""pct"": 12.7}, {""score"": ""1 - 1"", ""pct"": 11.200000000000001}, {""score"": ""0 - 2"", ""pct"": 10.14}]"
Czech Republic,Cape Verde,Neutral,1.735,0.965,54.6,25.6,19.8,54.7,7.8,8.8,20.0,3.8,4.9,71.3,28.7,"[{""score"": ""1 - 0"", ""pct"": 11.700000000000001}, {""score"": ""1 - 1"", ""pct"": 11.26}, {""score"": ""2 - 0"", ""pct"": 10.100000000000001}]"
Czech Republic,Haiti,Neutral,1.447,1.253,41.1,27.0,31.9,40.5,7.1,8.3,31.8,5.5,6.7,56.0,44.0,"[{""score"": ""1 - 1"", ""pct"": 12.049999999999999}, {""score"": ""1 - 0"", ""pct"": 9.47}, {""score"": ""0 - 1"", ""pct"": 8.67}]"
Czech Republic,Colombia,Neutral,0.656,2.044,9.9,19.8,70.2,10.3,1.8,2.5,70.4,7.1,7.9,14.6,85.4,"[{""score"": ""0 - 1"", ""pct"": 14.08}, {""score"": ""0 - 2"", ""pct"": 14.02}, {""score"": ""1 - 2"", ""pct"": 9.569999999999999}]"
Czech Republic,Belgium,Neutral,0.935,1.765,18.6,24.1,57.3,18.6,3.4,4.5,57.4,7.5,8.6,26.5,73.5,"[{""score"": ""0 - 1"", ""pct"": 12.0}, {""score"": ""1 - 1"", ""pct"": 11.110000000000001}, {""score"": ""0 - 2"", ""pct"": 10.17}]"
Czech Republic,Sweden,Neutral,1.527,1.173,44.6,26.8,28.6,43.7,7.0,8.8,28.8,4.9,6.7,59.6,40.4,"[{""score"": ""1 - 1"", ""pct"": 12.030000000000001}, {""score"": ""1 - 0"", ""pct"": 10.12}, {""score"": ""2 - 1"", ""pct"": 9.27}]"
Czech Republic,Norway,Neutral,0.905,1.795,17.9,24.3,57.8,17.7,3.4,4.3,58.8,7.4,8.4,25.4,74.6,"[{""score"": ""0 - 1"", ""pct"": 13.020000000000001}, {""score"": ""1 - 1"", ""pct"": 10.79}, {""score"": ""0 - 2"", ""pct"": 10.33}]"
Czech Republic,Egypt,Neutral,1.301,1.399,33.7,27.6,38.7,33.8,5.7,7.1,38.5,6.2,8.6,46.7,53.3,"[{""score"": ""1 - 1"", ""pct"": 12.72}, {""score"": ""0 - 1"", ""pct"": 9.86}, {""score"": ""1 - 0"", ""pct"": 8.52}]"
Czech Republic,Jordan,Neutral,1.205,1.495,28.8,27.5,43.7,30.5,5.2,6.7,43.2,6.6,7.9,42.3,57.7,"[{""score"": ""1 - 1"", ""pct"": 12.57}, {""score"": ""0 - 1"", ""pct"": 10.530000000000001}, {""score"": ""1 - 2"", ""pct"": 9.21}]"
Czech Republic,Iraq,Neutral,1.392,1.308,38.2,26.7,35.1,39.7,6.2,7.9,33.5,5.9,6.7,53.9,46.1,"[{""score"": ""1 - 1"", ""pct"": 11.92}, {""score"": ""0 - 1"", ""pct"": 9.91}, {""score"": ""1 - 0"", ""pct"": 9.32}]"
Czech Republic,Ivory Coast,Neutral,1.234,1.466,31.0,27.0,42.1,31.8,5.2,6.7,41.4,6.6,8.3,43.8,56.2,"[{""score"": ""1 - 1"", ""pct"": 11.98}, {""score"": ""0 - 1"", ""pct"": 10.190000000000001}, {""score"": ""1 - 2"", ""pct"": 8.780000000000001}]"
Czech Republic,Mexico,Neutral,0.786,1.914,13.6,22.1,64.3,13.7,2.8,3.7,63.9,7.9,7.9,20.3,79.7,"[{""score"": ""0 - 1"", ""pct"": 13.19}, {""score"": ""0 - 2"", ""pct"": 11.690000000000001}, {""score"": ""1 - 2"", ""pct"": 10.47}]"
Czech Republic,Tunisia,Neutral,1.424,1.276,39.1,27.3,33.6,40.3,6.8,7.9,32.5,5.6,7.0,54.9,45.1,"[{""score"": ""1 - 1"", ""pct"": 12.280000000000001}, {""score"": ""1 - 0"", ""pct"": 9.8}, {""score"": ""0 - 1"", ""pct"": 8.709999999999999}]"
Czech Republic,Portugal,Neutral,0.691,2.009,10.9,20.5,68.6,11.2,2.0,2.6,69.0,7.3,7.8,15.9,84.1,"[{""score"": ""0 - 1"", ""pct"": 14.280000000000001}, {""score"": ""0 - 2"", ""pct"": 12.91}, {""score"": ""1 - 2"", ""pct"": 9.42}]"
Czech Republic,Morocco,Neutral,0.725,1.975,12.2,20.2,67.6,12.0,2.4,2.9,66.9,7.4,8.4,17.3,82.7,"[{""score"": ""0 - 1"", ""pct"": 14.44}, {""score"": ""0 - 2"", ""pct"": 12.5}, {""score"": ""1 - 2"", ""pct"": 9.6}]"
Czech Republic,Germany,Neutral,0.823,1.877,14.9,23.3,61.8,14.6,2.7,3.6,62.4,7.9,8.7,21.0,79.0,"[{""score"": ""0 - 1"", ""pct"": 13.16}, {""score"": ""0 - 2"", ""pct"": 11.28}, {""score"": ""1 - 1"", ""pct"": 10.530000000000001}]"
Czech Republic,Argentina,Neutral,0.461,2.239,5.0,15.8,79.3,5.4,1.1,1.4,79.3,6.1,6.7,7.9,92.1,"[{""score"": ""0 - 2"", ""pct"": 16.46}, {""score"": ""0 - 1"", ""pct"": 15.120000000000001}, {""score"": ""0 - 3"", ""pct"": 12.559999999999999}]"
Czech Republic,Qatar,Neutral,1.89,0.81,62.7,23.0,14.2,63.6,7.4,8.3,14.0,2.8,3.9,79.3,20.7,"[{""score"": ""1 - 0"", ""pct"": 13.489999999999998}, {""score"": ""2 - 0"", ""pct"": 12.15}, {""score"": ""1 - 1"", ""pct"": 9.81}]"
Czech Republic,New Zealand,Neutral,1.496,1.204,44.0,26.8,29.2,42.8,6.8,8.1,30.3,5.2,6.8,57.7,42.3,"[{""score"": ""1 - 1"", ""pct"": 12.17}, {""score"": ""1 - 0"", ""pct"": 10.47}, {""score"": ""2 - 1"", ""pct"": 9.33}]"
Czech Republic,Japan,Neutral,0.719,1.981,11.7,21.2,67.1,11.7,2.1,3.0,67.8,7.2,8.2,16.7,83.3,"[{""score"": ""0 - 1"", ""pct"": 13.96}, {""score"": ""0 - 2"", ""pct"": 12.36}, {""score"": ""1 - 1"", ""pct"": 9.6}]"
Czech Republic,DR Congo,Neutral,1.333,1.367,35.9,25.8,38.3,35.1,5.8,7.8,37.7,6.5,7.0,48.8,51.2,"[{""score"": ""1 - 1"", ""pct"": 11.58}, {""score"": ""0 - 1"", ""pct"": 9.91}, {""score"": ""1 - 0"", ""pct"": 9.55}]"
Czech Republic,Iran,Neutral,0.91,1.79,16.8,24.2,59.0,17.8,3.5,4.1,58.6,7.4,8.6,25.4,74.6,"[{""score"": ""0 - 1"", ""pct"": 12.65}, {""score"": ""1 - 1"", ""pct"": 10.85}, {""score"": ""0 - 2"", ""pct"": 10.620000000000001}]"
Czech Republic,Croatia,Neutral,0.862,1.838,16.0,22.9,61.1,16.3,3.1,4.2,60.3,7.6,8.4,23.7,76.3,"[{""score"": ""0 - 1"", ""pct"": 13.370000000000001}, {""score"": ""0 - 2"", ""pct"": 11.129999999999999}, {""score"": ""1 - 1"", ""pct"": 10.52}]"
Czech Republic,Bosnia and Herzegovina,Neutral,1.807,0.893,59.5,23.9,16.6,59.3,7.9,8.8,16.6,3.3,4.1,75.9,24.1,"[{""score"": ""1 - 0"", ""pct"": 13.26}, {""score"": ""1 - 1"", ""pct"": 10.58}, {""score"": ""2 - 0"", ""pct"": 9.93}]"
Czech Republic,Ghana,Neutral,1.744,0.956,56.3,24.6,19.1,55.9,7.3,8.7,19.7,3.7,4.7,71.9,28.1,"[{""score"": ""1 - 0"", ""pct"": 12.58}, {""score"": ""1 - 1"", ""pct"": 11.360000000000001}, {""score"": ""2 - 0"", ""pct"": 10.13}]"
Czech Republic,Netherlands,Neutral,0.808,1.892,14.7,23.3,62.0,14.8,2.7,3.7,63.0,7.4,8.3,21.2,78.8,"[{""score"": ""0 - 1"", ""pct"": 12.45}, {""score"": ""0 - 2"", ""pct"": 11.42}, {""score"": ""1 - 1"", ""pct"": 10.94}]"
Czech Republic,Senegal,Neutral,0.941,1.759,19.0,24.9,56.1,18.2,3.5,5.0,56.9,7.5,8.9,26.8,73.2,"[{""score"": ""0 - 1"", ""pct"": 12.55}, {""score"": ""1 - 1"", ""pct"": 11.0}, {""score"": ""1 - 2"", ""pct"": 9.64}]"
Czech Republic,Uzbekistan,Neutral,1.052,1.648,22.9,27.0,50.1,23.4,4.1,5.3,51.3,7.2,8.7,32.8,67.2,"[{""score"": ""1 - 1"", ""pct"": 12.11}, {""score"": ""0 - 1"", ""pct"": 11.39}, {""score"": ""1 - 2"", ""pct"": 9.379999999999999}]"
Czech Republic,Scotland,Neutral,1.232,1.468,31.2,27.7,41.1,31.2,5.7,6.8,41.7,6.5,8.2,43.7,56.3,"[{""score"": ""1 - 1"", ""pct"": 12.53}, {""score"": ""0 - 1"", ""pct"": 10.18}, {""score"": ""1 - 2"", ""pct"": 8.33}]"
Czech Republic,Spain,Neutral,0.466,2.234,5.5,15.7,78.8,5.5,1.0,1.4,78.2,6.6,7.3,7.9,92.1,"[{""score"": ""0 - 2"", ""pct"": 17.169999999999998}, {""score"": ""0 - 1"", ""pct"": 15.590000000000002}, {""score"": ""0 - 3"", ""pct"": 12.27}]"
Czech Republic,Uruguay,Neutral,0.801,1.899,14.5,21.4,64.0,14.4,2.8,3.7,63.2,7.5,8.4,20.8,79.2,"[{""score"": ""0 - 1"", ""pct"": 13.120000000000001}, {""score"": ""0 - 2"", ""pct"": 11.97}, {""score"": ""1 - 2"", ""pct"": 10.190000000000001}]"
Czech Republic,Turkey,Neutral,0.922,1.778,18.1,25.1,56.8,18.0,3.4,4.5,58.2,7.2,8.7,25.9,74.1,"[{""score"": ""0 - 1"", ""pct"": 12.6}, {""score"": ""1 - 1"", ""pct"": 11.52}, {""score"": ""1 - 2"", ""pct"": 10.040000000000001}]"
Czech Republic,United States,Neutral,1.155,1.545,27.4,25.7,46.9,28.0,5.1,5.9,46.2,7.0,7.9,38.9,61.1,"[{""score"": ""1 - 1"", ""pct"": 11.62}, {""score"": ""0 - 1"", ""pct"": 10.620000000000001}, {""score"": ""1 - 2"", ""pct"": 10.15}]"
Czech Republic,Austria,Neutral,1.166,1.534,27.7,26.6,45.7,27.4,5.2,6.2,45.3,7.1,8.9,38.7,61.3,"[{""score"": ""1 - 1"", ""pct"": 12.44}, {""score"": ""0 - 1"", ""pct"": 11.08}, {""score"": ""1 - 2"", ""pct"": 9.32}]"
Czech Republic,Australia,Neutral,0.877,1.823,16.7,23.4,59.9,16.5,3.3,4.1,59.3,8.2,8.6,23.8,76.2,"[{""score"": ""0 - 1"", ""pct"": 12.6}, {""score"": ""0 - 2"", ""pct"": 11.04}, {""score"": ""1 - 1"", ""pct"": 10.38}]"
Czech Republic,Canada,Neutral,1.004,1.696,21.6,24.7,53.7,21.5,4.1,5.2,53.0,7.4,8.8,30.8,69.2,"[{""score"": ""0 - 1"", ""pct"": 11.469999999999999}, {""score"": ""1 - 1"", ""pct"": 11.25}, {""score"": ""1 - 2"", ""pct"": 10.620000000000001}]"
Czech Republic,Paraguay,Neutral,0.969,1.731,20.5,24.8,54.7,19.8,3.6,5.0,55.4,7.3,8.9,28.4,71.6,"[{""score"": ""0 - 1"", ""pct"": 11.74}, {""score"": ""1 - 1"", ""pct"": 11.04}, {""score"": ""1 - 2"", ""pct"": 10.01}]"
Czech Republic,France,Neutral,0.572,2.128,7.5,18.4,74.1,7.9,1.6,2.0,73.5,7.0,8.0,11.5,88.5,"[{""score"": ""0 - 1"", ""pct"": 15.58}, {""score"": ""0 - 2"", ""pct"": 14.84}, {""score"": ""0 - 3"", ""pct"": 10.37}]"
Czech Republic,England,Neutral,0.619,2.081,8.6,19.1,72.3,9.1,1.9,2.4,71.2,7.6,7.8,13.4,86.6,"[{""score"": ""0 - 2"", ""pct"": 14.77}, {""score"": ""0 - 1"", ""pct"": 14.510000000000002}, {""score"": ""0 - 3"", ""pct"": 9.700000000000001}]"
Czech Republic,Panama,Neutral,1.079,1.621,24.4,25.3,50.3,24.1,4.1,5.9,51.3,6.9,7.7,34.1,65.9,"[{""score"": ""1 - 1"", ""pct"": 11.86}, {""score"": ""0 - 1"", ""pct"": 11.540000000000001}, {""score"": ""1 - 2"", ""pct"": 9.49}]"
Czech Republic,South Korea,Neutral,0.946,1.754,19.2,24.5,56.3,19.5,3.8,4.8,55.7,7.0,9.3,28.0,72.0,"[{""score"": ""1 - 1"", ""pct"": 11.77}, {""score"": ""0 - 1"", ""pct"": 11.37}, {""score"": ""1 - 2"", ""pct"": 10.489999999999998}]"
New Zealand,Ecuador,Neutral,0.632,2.068,9.8,18.7,71.5,9.2,1.8,2.4,71.3,7.4,7.9,13.4,86.6,"[{""score"": ""0 - 1"", ""pct"": 14.52}, {""score"": ""0 - 2"", ""pct"": 14.469999999999999}, {""score"": ""0 - 3"", ""pct"": 9.569999999999999}]"
New Zealand,Curaçao,Neutral,1.641,1.059,50.8,26.0,23.2,50.5,7.5,8.4,23.8,4.1,5.7,66.4,33.6,"[{""score"": ""1 - 1"", ""pct"": 12.15}, {""score"": ""1 - 0"", ""pct"": 11.39}, {""score"": ""2 - 1"", ""pct"": 9.34}]"
New Zealand,Saudi Arabia,Neutral,1.371,1.329,37.1,28.1,34.8,37.5,5.8,7.6,35.5,6.3,7.3,50.9,49.1,"[{""score"": ""1 - 1"", ""pct"": 12.959999999999999}, {""score"": ""0 - 1"", ""pct"": 9.43}, {""score"": ""1 - 0"", ""pct"": 9.07}]"
New Zealand,South Africa,Neutral,1.52,1.18,44.1,27.7,28.2,44.6,6.6,8.5,28.9,5.1,6.4,59.6,40.4,"[{""score"": ""1 - 1"", ""pct"": 12.49}, {""score"": ""1 - 0"", ""pct"": 10.91}, {""score"": ""2 - 1"", ""pct"": 9.370000000000001}]"
New Zealand,Brazil,Neutral,0.579,2.121,7.6,19.0,73.3,7.8,1.4,2.1,74.4,6.9,7.4,11.3,88.7,"[{""score"": ""0 - 1"", ""pct"": 14.82}, {""score"": ""0 - 2"", ""pct"": 14.35}, {""score"": ""0 - 3"", ""pct"": 10.25}]"
New Zealand,Switzerland,Neutral,0.845,1.855,15.6,22.9,61.6,15.6,2.8,3.9,62.2,7.3,8.3,22.2,77.8,"[{""score"": ""0 - 1"", ""pct"": 12.97}, {""score"": ""0 - 2"", ""pct"": 11.62}, {""score"": ""1 - 1"", ""pct"": 10.41}]"
New Zealand,Algeria,Neutral,0.871,1.829,16.4,23.1,60.5,16.9,3.2,4.0,59.6,7.8,8.5,24.1,75.9,"[{""score"": ""0 - 1"", ""pct"": 12.24}, {""score"": ""0 - 2"", ""pct"": 10.91}, {""score"": ""1 - 1"", ""pct"": 10.71}]"
New Zealand,Cape Verde,Neutral,1.6,1.1,48.6,26.1,25.3,48.6,7.1,8.6,25.2,4.6,5.9,64.3,35.7,"[{""score"": ""1 - 1"", ""pct"": 12.16}, {""score"": ""1 - 0"", ""pct"": 11.04}, {""score"": ""2 - 1"", ""pct"": 9.58}]"
New Zealand,Haiti,Neutral,1.3,1.4,34.7,26.4,38.9,34.6,6.0,6.7,38.3,6.7,7.8,47.3,52.7,"[{""score"": ""1 - 1"", ""pct"": 11.97}, {""score"": ""0 - 1"", ""pct"": 9.71}, {""score"": ""1 - 0"", ""pct"": 9.049999999999999}]"
New Zealand,Colombia,Neutral,0.574,2.126,7.9,18.0,74.1,7.4,1.5,1.8,74.8,6.8,7.6,10.8,89.2,"[{""score"": ""0 - 1"", ""pct"": 15.47}, {""score"": ""0 - 2"", ""pct"": 14.84}, {""score"": ""0 - 3"", ""pct"": 10.290000000000001}]"
New Zealand,Belgium,Neutral,0.816,1.884,15.2,22.0,62.8,14.6,2.6,3.8,63.1,7.3,8.6,21.1,79.0,"[{""score"": ""0 - 1"", ""pct"": 13.3}, {""score"": ""0 - 2"", ""pct"": 11.450000000000001}, {""score"": ""1 - 2"", ""pct"": 10.5}]"
New Zealand,Sweden,Neutral,1.381,1.319,38.1,27.6,34.3,38.1,6.3,7.5,34.9,6.1,7.2,51.9,48.1,"[{""score"": ""1 - 1"", ""pct"": 12.659999999999998}, {""score"": ""1 - 0"", ""pct"": 10.14}, {""score"": ""0 - 1"", ""pct"": 9.120000000000001}]"
New Zealand,Norway,Neutral,0.788,1.912,13.5,22.5,63.9,13.5,3.0,3.5,63.2,7.9,8.8,20.1,79.9,"[{""score"": ""0 - 1"", ""pct"": 12.839999999999998}, {""score"": ""0 - 2"", ""pct"": 12.75}, {""score"": ""1 - 1"", ""pct"": 10.45}]"
New Zealand,Egypt,Neutral,1.156,1.544,27.9,26.9,45.2,28.0,5.1,6.1,45.1,7.2,8.5,39.2,60.8,"[{""score"": ""1 - 1"", ""pct"": 12.5}, {""score"": ""0 - 1"", ""pct"": 10.43}, {""score"": ""1 - 2"", ""pct"": 9.25}]"
New Zealand,Jordan,Neutral,1.064,1.636,23.3,25.8,50.9,22.8,4.5,6.0,50.8,7.5,8.5,33.2,66.8,"[{""score"": ""1 - 1"", ""pct"": 11.59}, {""score"": ""0 - 1"", ""pct"": 11.18}, {""score"": ""1 - 2"", ""pct"": 9.36}]"
New Zealand,Iraq,Neutral,1.245,1.455,31.4,27.4,41.3,31.5,5.2,6.8,41.9,6.6,8.0,43.6,56.4,"[{""score"": ""1 - 1"", ""pct"": 12.920000000000002}, {""score"": ""0 - 1"", ""pct"": 9.98}, {""score"": ""1 - 2"", ""pct"": 8.82}]"
New Zealand,Ivory Coast,Neutral,1.091,1.609,25.1,25.4,49.4,23.3,4.8,6.2,50.0,7.0,8.7,34.3,65.7,"[{""score"": ""1 - 1"", ""pct"": 11.43}, {""score"": ""0 - 1"", ""pct"": 11.110000000000001}, {""score"": ""1 - 2"", ""pct"": 9.78}]"
New Zealand,Mexico,Neutral,0.685,2.015,10.4,20.8,68.8,10.5,1.9,2.7,69.0,7.7,8.2,15.1,84.9,"[{""score"": ""0 - 1"", ""pct"": 13.87}, {""score"": ""0 - 2"", ""pct"": 13.600000000000001}, {""score"": ""1 - 2"", ""pct"": 9.59}]"
New Zealand,Tunisia,Neutral,1.277,1.423,33.3,27.9,38.8,33.0,5.6,7.3,39.6,6.3,8.2,45.9,54.1,"[{""score"": ""1 - 1"", ""pct"": 12.58}, {""score"": ""0 - 1"", ""pct"": 9.49}, {""score"": ""1 - 0"", ""pct"": 8.73}]"
New Zealand,Portugal,Neutral,0.604,2.096,8.9,18.9,72.2,8.6,1.6,2.1,72.8,7.0,7.9,12.3,87.7,"[{""score"": ""0 - 2"", ""pct"": 15.14}, {""score"": ""0 - 1"", ""pct"": 14.399999999999999}, {""score"": ""0 - 3"", ""pct"": 9.75}]"
New Zealand,Morocco,Neutral,0.633,2.067,9.4,18.6,72.0,9.4,1.9,2.4,71.2,7.4,7.6,13.7,86.3,"[{""score"": ""0 - 1"", ""pct"": 14.64}, {""score"": ""0 - 2"", ""pct"": 13.919999999999998}, {""score"": ""0 - 3"", ""pct"": 9.69}]"
New Zealand,Germany,Neutral,0.717,1.983,11.8,20.8,67.3,11.6,2.5,2.9,68.0,7.5,7.6,16.9,83.1,"[{""score"": ""0 - 1"", ""pct"": 14.56}, {""score"": ""0 - 2"", ""pct"": 12.73}, {""score"": ""1 - 2"", ""pct"": 9.370000000000001}]"
New Zealand,Argentina,Neutral,0.415,2.285,4.6,15.1,80.3,4.8,0.9,1.2,80.5,6.0,6.6,6.9,93.1,"[{""score"": ""0 - 2"", ""pct"": 17.44}, {""score"": ""0 - 1"", ""pct"": 16.13}, {""score"": ""0 - 3"", ""pct"": 12.790000000000001}]"
New Zealand,Qatar,Neutral,1.772,0.928,56.5,24.9,18.6,56.8,7.7,8.8,18.3,3.7,4.7,73.2,26.8,"[{""score"": ""1 - 0"", ""pct"": 12.24}, {""score"": ""1 - 1"", ""pct"": 11.78}, {""score"": ""2 - 0"", ""pct"": 9.82}]"
New Zealand,Czech Republic,Neutral,1.204,1.496,29.1,27.0,43.9,30.2,5.3,7.1,43.0,6.5,8.0,42.5,57.5,"[{""score"": ""1 - 1"", ""pct"": 12.4}, {""score"": ""0 - 1"", ""pct"": 10.299999999999999}, {""score"": ""1 - 2"", ""pct"": 9.51}]"
New Zealand,Japan,Neutral,0.628,2.072,9.1,19.3,71.7,8.9,1.7,2.4,71.9,7.1,8.1,13.0,87.0,"[{""score"": ""0 - 1"", ""pct"": 14.899999999999999}, {""score"": ""0 - 2"", ""pct"": 14.69}, {""score"": ""0 - 3"", ""pct"": 9.15}]"
New Zealand,DR Congo,Neutral,1.187,1.513,28.2,26.9,44.9,28.8,5.4,6.4,43.9,7.1,8.4,40.6,59.4,"[{""score"": ""1 - 1"", ""pct"": 12.509999999999998}, {""score"": ""0 - 1"", ""pct"": 10.66}, {""score"": ""1 - 2"", ""pct"": 9.07}]"
New Zealand,Iran,Neutral,0.793,1.907,13.5,22.6,63.9,13.2,2.7,3.6,64.0,7.9,8.5,19.6,80.4,"[{""score"": ""0 - 1"", ""pct"": 13.5}, {""score"": ""0 - 2"", ""pct"": 12.5}, {""score"": ""1 - 1"", ""pct"": 10.2}]"
New Zealand,Croatia,Neutral,0.751,1.949,13.1,21.6,65.4,12.9,2.3,3.2,65.9,7.4,8.2,18.5,81.5,"[{""score"": ""0 - 1"", ""pct"": 13.459999999999999}, {""score"": ""0 - 2"", ""pct"": 13.0}, {""score"": ""1 - 1"", ""pct"": 9.86}]"
New Zealand,Bosnia and Herzegovina,Neutral,1.679,1.021,52.7,25.1,22.2,52.9,7.3,8.4,22.0,4.3,5.0,68.6,31.4,"[{""score"": ""1 - 1"", ""pct"": 11.690000000000001}, {""score"": ""1 - 0"", ""pct"": 11.559999999999999}, {""score"": ""2 - 1"", ""pct"": 9.53}]"
New Zealand,Ghana,Neutral,1.609,1.091,48.5,26.2,25.4,48.2,7.3,8.9,24.9,4.5,6.2,64.3,35.7,"[{""score"": ""1 - 1"", ""pct"": 12.01}, {""score"": ""1 - 0"", ""pct"": 10.41}, {""score"": ""2 - 1"", ""pct"": 9.56}]"
New Zealand,Netherlands,Neutral,0.704,1.996,11.3,20.1,68.6,10.9,2.1,3.5,68.4,7.0,8.1,16.5,83.5,"[{""score"": ""0 - 1"", ""pct"": 13.54}, {""score"": ""0 - 2"", ""pct"": 13.4}, {""score"": ""1 - 2"", ""pct"": 9.87}]"
New Zealand,Senegal,Neutral,0.821,1.879,14.0,22.9,63.0,14.9,3.2,4.1,61.6,7.6,8.7,22.1,77.9,"[{""score"": ""0 - 1"", ""pct"": 13.850000000000001}, {""score"": ""0 - 2"", ""pct"": 11.379999999999999}, {""score"": ""1 - 1"", ""pct"": 10.13}]"
New Zealand,Uzbekistan,Neutral,0.921,1.779,18.7,24.4,56.9,18.0,3.3,4.2,58.3,7.6,8.6,25.5,74.5,"[{""score"": ""0 - 1"", ""pct"": 11.84}, {""score"": ""1 - 1"", ""pct"": 10.93}, {""score"": ""0 - 2"", ""pct"": 10.58}]"
New Zealand,Scotland,Neutral,1.09,1.61,24.2,26.2,49.5,23.8,4.7,6.0,49.6,7.5,8.3,34.6,65.4,"[{""score"": ""1 - 1"", ""pct"": 11.89}, {""score"": ""0 - 1"", ""pct"": 11.219999999999999}, {""score"": ""1 - 2"", ""pct"": 9.719999999999999}]"
New Zealand,Spain,Neutral,0.42,2.28,4.7,15.0,80.3,4.3,1.0,1.3,80.3,6.3,6.8,6.6,93.4,"[{""score"": ""0 - 2"", ""pct"": 17.119999999999997}, {""score"": ""0 - 1"", ""pct"": 16.38}, {""score"": ""0 - 3"", ""pct"": 12.809999999999999}]"
New Zealand,Uruguay,Neutral,0.698,2.002,10.5,20.8,68.8,10.7,2.3,3.0,68.8,7.5,7.7,16.0,84.0,"[{""score"": ""0 - 1"", ""pct"": 13.96}, {""score"": ""0 - 2"", ""pct"": 13.61}, {""score"": ""1 - 2"", ""pct"": 9.65}]"
New Zealand,Turkey,Neutral,0.804,1.896,13.9,22.4,63.7,13.8,2.8,3.5,63.4,7.8,8.6,20.1,79.8,"[{""score"": ""0 - 1"", ""pct"": 13.469999999999999}, {""score"": ""0 - 2"", ""pct"": 11.74}, {""score"": ""1 - 1"", ""pct"": 10.71}]"
New Zealand,United States,Neutral,1.017,1.683,22.3,25.1,52.5,21.6,4.2,5.3,52.6,7.1,9.2,31.1,68.9,"[{""score"": ""0 - 1"", ""pct"": 11.27}, {""score"": ""1 - 1"", ""pct"": 11.21}, {""score"": ""1 - 2"", ""pct"": 9.87}]"
New Zealand,Austria,Neutral,1.027,1.673,22.5,25.4,52.2,22.1,3.8,5.3,52.4,7.3,9.1,31.2,68.8,"[{""score"": ""1 - 1"", ""pct"": 11.21}, {""score"": ""0 - 1"", ""pct"": 11.110000000000001}, {""score"": ""1 - 2"", ""pct"": 10.0}]"
New Zealand,Australia,Neutral,0.764,1.936,12.3,21.8,65.9,13.0,2.5,3.2,65.1,7.5,8.6,18.8,81.2,"[{""score"": ""0 - 1"", ""pct"": 13.55}, {""score"": ""0 - 2"", ""pct"": 12.889999999999999}, {""score"": ""1 - 2"", ""pct"": 10.489999999999998}]"
New Zealand,Canada,Neutral,0.877,1.823,16.7,23.5,59.8,16.5,3.4,4.1,60.0,7.6,8.5,24.0,76.0,"[{""score"": ""0 - 1"", ""pct"": 12.42}, {""score"": ""0 - 2"", ""pct"": 11.17}, {""score"": ""1 - 1"", ""pct"": 10.63}]"
New Zealand,Paraguay,Neutral,0.846,1.854,15.3,22.2,62.5,16.1,3.1,3.9,61.2,7.8,8.0,23.1,76.9,"[{""score"": ""0 - 1"", ""pct"": 13.370000000000001}, {""score"": ""0 - 2"", ""pct"": 11.98}, {""score"": ""1 - 1"", ""pct"": 10.39}]"
New Zealand,France,Neutral,0.505,2.195,6.2,17.1,76.7,6.4,1.1,1.6,77.7,6.6,6.7,9.1,91.0,"[{""score"": ""0 - 2"", ""pct"": 16.13}, {""score"": ""0 - 1"", ""pct"": 15.790000000000001}, {""score"": ""0 - 3"", ""pct"": 11.16}]"
New Zealand,England,Neutral,0.544,2.156,6.5,17.1,76.3,7.2,1.4,1.9,75.0,6.9,7.7,10.5,89.5,"[{""score"": ""0 - 1"", ""pct"": 16.0}, {""score"": ""0 - 2"", ""pct"": 15.770000000000001}, {""score"": ""0 - 3"", ""pct"": 10.36}]"
New Zealand,Panama,Neutral,0.946,1.754,19.6,24.4,56.0,19.2,3.5,4.7,56.4,7.6,8.7,27.3,72.7,"[{""score"": ""0 - 1"", ""pct"": 11.959999999999999}, {""score"": ""1 - 1"", ""pct"": 11.23}, {""score"": ""1 - 2"", ""pct"": 10.11}]"
New Zealand,South Korea,Neutral,0.825,1.875,15.1,22.4,62.5,14.8,2.9,4.0,61.7,7.8,8.8,21.7,78.3,"[{""score"": ""0 - 1"", ""pct"": 12.82}, {""score"": ""0 - 2"", ""pct"": 11.29}, {""score"": ""1 - 2"", ""pct"": 9.969999999999999}]"
Japan,Ecuador,Neutral,1.358,1.342,37.7,27.1,35.3,37.2,6.2,7.6,35.8,6.1,7.1,51.0,49.0,"[{""score"": ""1 - 1"", ""pct"": 12.509999999999998}, {""score"": ""1 - 0"", ""pct"": 9.55}, {""score"": ""0 - 1"", ""pct"": 9.07}]"
Japan,Curaçao,Neutral,2.213,0.487,77.0,16.7,6.3,77.1,6.8,7.5,5.9,1.1,1.6,91.4,8.6,"[{""score"": ""2 - 0"", ""pct"": 16.5}, {""score"": ""1 - 0"", ""pct"": 15.260000000000002}, {""score"": ""3 - 0"", ""pct"": 11.790000000000001}]"
Japan,Saudi Arabia,Neutral,2.084,0.616,73.0,18.9,8.1,72.6,7.2,7.8,8.4,1.6,2.4,87.6,12.4,"[{""score"": ""1 - 0"", ""pct"": 15.97}, {""score"": ""2 - 0"", ""pct"": 14.08}, {""score"": ""3 - 0"", ""pct"": 9.43}]"
Japan,South Africa,Neutral,2.16,0.54,75.9,17.4,6.7,75.6,7.0,7.0,7.1,1.4,1.9,89.6,10.4,"[{""score"": ""1 - 0"", ""pct"": 15.340000000000002}, {""score"": ""2 - 0"", ""pct"": 14.99}, {""score"": ""3 - 0"", ""pct"": 10.76}]"
Japan,Brazil,Neutral,1.26,1.44,33.5,27.1,39.5,32.3,5.9,6.9,40.5,6.5,7.8,45.1,54.8,"[{""score"": ""1 - 1"", ""pct"": 12.4}, {""score"": ""0 - 1"", ""pct"": 9.25}, {""score"": ""1 - 0"", ""pct"": 8.799999999999999}]"
Japan,Switzerland,Neutral,1.661,1.039,51.4,25.8,22.8,52.0,7.5,9.0,22.0,4.0,5.6,68.4,31.6,"[{""score"": ""1 - 1"", ""pct"": 11.93}, {""score"": ""1 - 0"", ""pct"": 11.37}, {""score"": ""2 - 1"", ""pct"": 9.719999999999999}]"
Japan,Algeria,Neutral,1.691,1.009,53.1,25.4,21.5,53.2,7.6,8.8,21.0,4.3,5.1,69.6,30.4,"[{""score"": ""1 - 0"", ""pct"": 11.98}, {""score"": ""1 - 1"", ""pct"": 11.78}, {""score"": ""2 - 1"", ""pct"": 9.66}]"
Japan,Cape Verde,Neutral,2.196,0.504,77.1,16.9,6.0,77.3,6.8,7.0,6.1,1.2,1.6,91.1,8.9,"[{""score"": ""2 - 0"", ""pct"": 16.24}, {""score"": ""1 - 0"", ""pct"": 15.690000000000001}, {""score"": ""3 - 0"", ""pct"": 11.77}]"
Japan,Haiti,Neutral,2.043,0.657,70.5,19.7,9.8,70.4,7.0,8.1,9.9,1.9,2.7,85.5,14.5,"[{""score"": ""1 - 0"", ""pct"": 14.56}, {""score"": ""2 - 0"", ""pct"": 13.96}, {""score"": ""2 - 1"", ""pct"": 9.370000000000001}]"
Japan,Colombia,Neutral,1.251,1.449,31.8,26.7,41.5,31.6,5.3,7.0,41.4,6.4,8.2,43.9,56.1,"[{""score"": ""1 - 1"", ""pct"": 12.1}, {""score"": ""0 - 1"", ""pct"": 9.84}, {""score"": ""1 - 2"", ""pct"": 8.81}]"
Japan,Belgium,Neutral,1.626,1.074,50.4,26.2,23.3,50.1,7.2,8.6,24.0,4.3,5.6,66.0,34.0,"[{""score"": ""1 - 1"", ""pct"": 12.0}, {""score"": ""1 - 0"", ""pct"": 11.55}, {""score"": ""2 - 1"", ""pct"": 9.42}]"
Japan,Sweden,Neutral,2.09,0.61,73.0,18.6,8.3,72.3,7.4,7.6,8.8,1.7,2.2,87.3,12.7,"[{""score"": ""1 - 0"", ""pct"": 14.63}, {""score"": ""2 - 0"", ""pct"": 14.62}, {""score"": ""3 - 0"", ""pct"": 9.700000000000001}]"
Japan,Norway,Neutral,1.592,1.108,48.8,25.7,25.5,48.5,6.6,9.4,25.1,4.6,5.8,64.5,35.5,"[{""score"": ""1 - 1"", ""pct"": 11.469999999999999}, {""score"": ""1 - 0"", ""pct"": 10.91}, {""score"": ""2 - 1"", ""pct"": 10.07}]"
Japan,Egypt,Neutral,1.948,0.752,66.6,21.1,12.2,66.3,7.6,8.1,12.2,2.5,3.2,82.1,17.9,"[{""score"": ""1 - 0"", ""pct"": 13.639999999999999}, {""score"": ""2 - 0"", ""pct"": 12.97}, {""score"": ""2 - 1"", ""pct"": 10.209999999999999}]"
Japan,Jordan,Neutral,1.876,0.824,62.9,22.6,14.4,62.7,7.8,8.6,14.2,2.9,3.8,79.1,20.9,"[{""score"": ""1 - 0"", ""pct"": 12.91}, {""score"": ""2 - 0"", ""pct"": 12.04}, {""score"": ""1 - 1"", ""pct"": 10.15}]"
Japan,Iraq,Neutral,2.009,0.691,69.0,20.2,10.8,69.4,7.0,8.2,10.5,1.8,3.0,84.7,15.3,"[{""score"": ""1 - 0"", ""pct"": 14.940000000000001}, {""score"": ""2 - 0"", ""pct"": 12.76}, {""score"": ""2 - 1"", ""pct"": 8.98}]"
Japan,Ivory Coast,Neutral,1.898,0.802,64.3,21.9,13.8,63.4,7.6,8.7,14.3,2.7,3.4,79.6,20.4,"[{""score"": ""1 - 0"", ""pct"": 12.97}, {""score"": ""2 - 0"", ""pct"": 12.55}, {""score"": ""1 - 1"", ""pct"": 9.790000000000001}]"
Japan,Mexico,Neutral,1.444,1.256,41.3,25.7,33.0,42.0,6.6,8.4,31.0,5.5,6.5,57.0,43.0,"[{""score"": ""1 - 1"", ""pct"": 11.5}, {""score"": ""1 - 0"", ""pct"": 9.77}, {""score"": ""2 - 1"", ""pct"": 8.95}]"
Japan,Tunisia,Neutral,2.029,0.671,68.6,21.1,10.3,69.6,7.0,8.3,10.4,1.9,2.7,84.9,15.1,"[{""score"": ""1 - 0"", ""pct"": 13.65}, {""score"": ""2 - 0"", ""pct"": 13.639999999999999}, {""score"": ""1 - 1"", ""pct"": 9.3}]"
Japan,Portugal,Neutral,1.307,1.393,33.7,27.4,38.9,33.9,6.2,7.3,38.5,5.8,8.3,47.4,52.6,"[{""score"": ""1 - 1"", ""pct"": 12.26}, {""score"": ""0 - 1"", ""pct"": 9.8}, {""score"": ""1 - 0"", ""pct"": 8.83}]"
Japan,Morocco,Neutral,1.359,1.341,36.4,27.1,36.5,36.9,5.3,8.0,36.2,6.2,7.5,50.1,49.9,"[{""score"": ""1 - 1"", ""pct"": 12.29}, {""score"": ""1 - 0"", ""pct"": 9.49}, {""score"": ""0 - 1"", ""pct"": 9.28}]"
Japan,Germany,Neutral,1.493,1.207,44.1,26.7,29.2,43.7,6.6,8.2,29.5,5.2,6.9,58.4,41.6,"[{""score"": ""1 - 1"", ""pct"": 12.04}, {""score"": ""1 - 0"", ""pct"": 10.39}, {""score"": ""2 - 1"", ""pct"": 9.71}]"
Japan,Argentina,Neutral,0.869,1.831,16.4,22.8,60.8,16.6,3.1,4.0,60.4,7.5,8.5,23.7,76.4,"[{""score"": ""0 - 1"", ""pct"": 13.55}, {""score"": ""0 - 2"", ""pct"": 10.979999999999999}, {""score"": ""1 - 1"", ""pct"": 10.4}]"
Japan,Qatar,Neutral,2.264,0.436,79.5,15.7,4.8,79.5,6.3,6.8,4.9,1.1,1.4,92.7,7.4,"[{""score"": ""2 - 0"", ""pct"": 16.99}, {""score"": ""1 - 0"", ""pct"": 15.75}, {""score"": ""3 - 0"", ""pct"": 12.47}]"
Japan,Czech Republic,Neutral,1.981,0.719,67.0,20.8,12.2,67.9,7.7,8.2,11.1,2.1,3.0,83.8,16.2,"[{""score"": ""1 - 0"", ""pct"": 13.62}, {""score"": ""2 - 0"", ""pct"": 13.03}, {""score"": ""1 - 1"", ""pct"": 9.32}]"
Japan,New Zealand,Neutral,2.072,0.628,71.5,19.4,9.1,72.9,7.1,6.8,9.3,1.7,2.2,86.8,13.2,"[{""score"": ""2 - 0"", ""pct"": 14.37}, {""score"": ""1 - 0"", ""pct"": 13.96}, {""score"": ""3 - 0"", ""pct"": 9.34}]"
Japan,DR Congo,Neutral,1.97,0.73,67.6,20.6,11.8,67.0,7.5,8.6,11.5,2.4,3.0,83.1,16.9,"[{""score"": ""1 - 0"", ""pct"": 13.74}, {""score"": ""2 - 0"", ""pct"": 12.590000000000002}, {""score"": ""2 - 1"", ""pct"": 9.69}]"
Japan,Iran,Neutral,1.598,1.102,49.3,26.2,24.4,48.6,7.2,8.7,25.7,4.5,5.4,64.4,35.6,"[{""score"": ""1 - 1"", ""pct"": 11.99}, {""score"": ""1 - 0"", ""pct"": 11.1}, {""score"": ""2 - 1"", ""pct"": 9.65}]"
Japan,Croatia,Neutral,1.542,1.158,45.0,27.3,27.7,45.6,7.1,8.4,27.8,4.8,6.4,61.1,38.9,"[{""score"": ""1 - 1"", ""pct"": 12.889999999999999}, {""score"": ""1 - 0"", ""pct"": 10.34}, {""score"": ""2 - 1"", ""pct"": 9.1}]"
Japan,Bosnia and Herzegovina,Neutral,2.229,0.471,78.2,16.4,5.4,78.8,6.5,6.7,5.6,1.1,1.4,91.9,8.1,"[{""score"": ""2 - 0"", ""pct"": 16.7}, {""score"": ""1 - 0"", ""pct"": 15.78}, {""score"": ""3 - 0"", ""pct"": 11.59}]"
Japan,Ghana,Neutral,2.2,0.5,77.2,16.7,6.1,76.2,7.2,7.4,6.4,1.3,1.5,90.9,9.1,"[{""score"": ""2 - 0"", ""pct"": 15.89}, {""score"": ""1 - 0"", ""pct"": 15.65}, {""score"": ""3 - 0"", ""pct"": 11.25}]"
Japan,Netherlands,Neutral,1.474,1.226,42.9,26.3,30.8,43.0,6.4,7.7,30.3,5.8,6.7,57.1,42.9,"[{""score"": ""1 - 1"", ""pct"": 11.76}, {""score"": ""1 - 0"", ""pct"": 9.91}, {""score"": ""2 - 1"", ""pct"": 9.26}]"
Japan,Senegal,Neutral,1.632,1.068,50.7,25.9,23.4,50.0,7.4,8.8,23.9,4.5,5.3,66.3,33.7,"[{""score"": ""1 - 1"", ""pct"": 11.959999999999999}, {""score"": ""1 - 0"", ""pct"": 11.3}, {""score"": ""2 - 1"", ""pct"": 9.969999999999999}]"
Japan,Uzbekistan,Neutral,1.744,0.956,56.2,24.3,19.5,55.7,7.3,8.5,20.1,3.9,4.5,71.5,28.5,"[{""score"": ""1 - 0"", ""pct"": 12.1}, {""score"": ""1 - 1"", ""pct"": 11.58}, {""score"": ""2 - 1"", ""pct"": 10.33}]"
Japan,Scotland,Neutral,1.897,0.803,64.0,22.2,13.7,64.0,7.4,8.6,13.7,2.8,3.5,80.0,20.0,"[{""score"": ""1 - 0"", ""pct"": 13.459999999999999}, {""score"": ""2 - 0"", ""pct"": 12.27}, {""score"": ""1 - 1"", ""pct"": 10.66}]"
Japan,Spain,Neutral,0.882,1.818,16.7,23.4,59.9,16.7,3.2,4.0,59.8,7.4,8.9,23.9,76.1,"[{""score"": ""0 - 1"", ""pct"": 12.889999999999999}, {""score"": ""0 - 2"", ""pct"": 10.77}, {""score"": ""1 - 1"", ""pct"": 10.26}]"
Japan,Uruguay,Neutral,1.466,1.234,41.8,26.8,31.4,41.9,6.6,7.8,31.4,5.5,6.8,56.3,43.7,"[{""score"": ""1 - 1"", ""pct"": 12.280000000000001}, {""score"": ""1 - 0"", ""pct"": 10.5}, {""score"": ""2 - 1"", ""pct"": 9.049999999999999}]"
Japan,Turkey,Neutral,1.612,1.088,49.9,26.3,23.8,49.4,7.6,8.0,24.6,4.3,6.1,65.0,35.0,"[{""score"": ""1 - 1"", ""pct"": 11.73}, {""score"": ""1 - 0"", ""pct"": 11.32}, {""score"": ""2 - 1"", ""pct"": 9.520000000000001}]"
Japan,United States,Neutral,1.836,0.864,60.2,23.9,15.9,61.6,7.3,8.2,15.7,3.2,4.0,77.1,22.9,"[{""score"": ""1 - 0"", ""pct"": 13.170000000000002}, {""score"": ""2 - 0"", ""pct"": 10.77}, {""score"": ""1 - 1"", ""pct"": 10.52}]"
Japan,Austria,Neutral,1.845,0.855,61.3,23.2,15.4,61.1,7.5,8.8,15.9,3.0,3.7,77.4,22.6,"[{""score"": ""1 - 0"", ""pct"": 13.15}, {""score"": ""2 - 0"", ""pct"": 11.65}, {""score"": ""1 - 1"", ""pct"": 10.91}]"
Japan,Australia,Neutral,1.56,1.14,46.6,26.6,26.8,46.2,7.4,8.1,27.2,4.9,6.3,61.6,38.4,"[{""score"": ""1 - 1"", ""pct"": 12.18}, {""score"": ""1 - 0"", ""pct"": 10.76}, {""score"": ""2 - 1"", ""pct"": 8.86}]"
Japan,Canada,Neutral,1.698,1.002,53.9,24.7,21.4,53.2,7.5,8.8,21.4,4.0,5.0,69.6,30.4,"[{""score"": ""1 - 0"", ""pct"": 12.19}, {""score"": ""1 - 1"", ""pct"": 11.020000000000001}, {""score"": ""2 - 1"", ""pct"": 10.01}]"
Japan,Paraguay,Neutral,1.662,1.038,51.8,25.7,22.4,51.5,7.2,8.9,22.8,4.0,5.6,67.6,32.4,"[{""score"": ""1 - 1"", ""pct"": 12.06}, {""score"": ""1 - 0"", ""pct"": 11.43}, {""score"": ""2 - 1"", ""pct"": 9.51}]"
Japan,France,Neutral,1.103,1.597,25.1,26.5,48.4,24.5,4.7,5.6,49.2,7.4,8.6,34.8,65.2,"[{""score"": ""1 - 1"", ""pct"": 12.030000000000001}, {""score"": ""0 - 1"", ""pct"": 10.96}, {""score"": ""1 - 2"", ""pct"": 9.65}]"
Japan,England,Neutral,1.189,1.511,28.8,26.7,44.5,29.1,5.3,6.8,43.8,6.8,8.2,41.2,58.9,"[{""score"": ""1 - 1"", ""pct"": 11.98}, {""score"": ""0 - 1"", ""pct"": 10.63}, {""score"": ""1 - 2"", ""pct"": 9.46}]"
Japan,Panama,Neutral,1.769,0.931,57.3,24.7,18.1,56.9,7.3,8.9,18.8,3.6,4.5,73.0,27.0,"[{""score"": ""1 - 0"", ""pct"": 12.58}, {""score"": ""1 - 1"", ""pct"": 11.129999999999999}, {""score"": ""2 - 0"", ""pct"": 10.27}]"
Japan,South Korea,Neutral,1.638,1.062,50.5,25.9,23.6,51.4,6.8,8.5,23.7,4.0,5.5,66.7,33.3,"[{""score"": ""1 - 1"", ""pct"": 11.62}, {""score"": ""1 - 0"", ""pct"": 11.09}, {""score"": ""2 - 1"", ""pct"": 9.950000000000001}]"
DR Congo,Ecuador,Neutral,0.736,1.964,11.9,20.8,67.3,11.6,2.5,3.2,67.0,7.3,8.4,17.3,82.7,"[{""score"": ""0 - 1"", ""pct"": 14.45}, {""score"": ""0 - 2"", ""pct"": 13.120000000000001}, {""score"": ""1 - 2"", ""pct"": 9.15}]"
DR Congo,Curaçao,Neutral,1.787,0.913,58.2,24.2,17.6,58.1,7.7,8.6,17.8,3.4,4.4,74.3,25.7,"[{""score"": ""1 - 0"", ""pct"": 12.72}, {""score"": ""1 - 1"", ""pct"": 10.91}, {""score"": ""2 - 0"", ""pct"": 10.25}]"
DR Congo,Saudi Arabia,Neutral,1.534,1.166,45.0,26.8,28.2,45.6,7.1,8.6,27.5,5.0,6.2,61.3,38.7,"[{""score"": ""1 - 1"", ""pct"": 12.16}, {""score"": ""1 - 0"", ""pct"": 10.85}, {""score"": ""2 - 1"", ""pct"": 8.97}]"
DR Congo,South Africa,Neutral,1.675,1.025,52.9,25.0,22.1,51.7,7.3,8.5,22.5,4.3,5.6,67.6,32.4,"[{""score"": ""1 - 0"", ""pct"": 12.1}, {""score"": ""1 - 1"", ""pct"": 11.27}, {""score"": ""2 - 1"", ""pct"": 9.92}]"
DR Congo,Brazil,Neutral,0.671,2.029,10.4,20.2,69.3,10.1,2.0,2.5,70.1,7.5,7.8,14.5,85.5,"[{""score"": ""0 - 1"", ""pct"": 14.48}, {""score"": ""0 - 2"", ""pct"": 14.26}, {""score"": ""1 - 1"", ""pct"": 8.89}]"
DR Congo,Switzerland,Neutral,0.983,1.717,20.1,25.8,54.1,20.6,4.2,5.0,54.0,7.8,8.5,29.7,70.3,"[{""score"": ""0 - 1"", ""pct"": 12.389999999999999}, {""score"": ""1 - 1"", ""pct"": 11.48}, {""score"": ""1 - 2"", ""pct"": 9.49}]"
DR Congo,Algeria,Neutral,1.012,1.688,21.4,24.7,53.9,22.1,4.1,4.9,53.3,6.9,8.6,31.2,68.8,"[{""score"": ""0 - 1"", ""pct"": 12.01}, {""score"": ""1 - 1"", ""pct"": 10.99}, {""score"": ""1 - 2"", ""pct"": 9.99}]"
DR Congo,Cape Verde,Neutral,1.75,0.95,55.8,25.1,19.1,56.4,7.4,8.8,18.8,3.6,5.0,72.6,27.4,"[{""score"": ""1 - 1"", ""pct"": 11.540000000000001}, {""score"": ""1 - 0"", ""pct"": 11.28}, {""score"": ""2 - 0"", ""pct"": 10.77}]"
DR Congo,Haiti,Neutral,1.463,1.237,42.2,26.4,31.4,40.9,7.0,7.8,31.4,5.7,7.2,55.7,44.3,"[{""score"": ""1 - 1"", ""pct"": 11.58}, {""score"": ""1 - 0"", ""pct"": 10.0}, {""score"": ""2 - 1"", ""pct"": 8.93}]"
DR Congo,Colombia,Neutral,0.666,2.034,10.4,20.6,69.0,10.3,1.9,2.5,70.3,7.4,7.5,14.7,85.3,"[{""score"": ""0 - 1"", ""pct"": 14.06}, {""score"": ""0 - 2"", ""pct"": 13.370000000000001}, {""score"": ""1 - 2"", ""pct"": 9.74}]"
DR Congo,Belgium,Neutral,0.95,1.75,19.6,24.5,55.9,19.4,3.5,4.3,56.6,7.6,8.8,27.1,72.9,"[{""score"": ""0 - 1"", ""pct"": 12.33}, {""score"": ""1 - 1"", ""pct"": 10.71}, {""score"": ""1 - 2"", ""pct"": 10.05}]"
DR Congo,Sweden,Neutral,1.543,1.157,46.2,26.2,27.6,45.6,7.3,8.2,27.6,5.0,6.4,61.1,38.9,"[{""score"": ""1 - 1"", ""pct"": 11.62}, {""score"": ""1 - 0"", ""pct"": 10.9}, {""score"": ""2 - 1"", ""pct"": 9.629999999999999}]"
DR Congo,Norway,Neutral,0.918,1.782,17.9,24.3,57.8,18.4,3.8,4.5,56.9,7.7,8.7,26.6,73.4,"[{""score"": ""0 - 1"", ""pct"": 12.389999999999999}, {""score"": ""1 - 1"", ""pct"": 10.979999999999999}, {""score"": ""0 - 2"", ""pct"": 10.72}]"
DR Congo,Egypt,Neutral,1.318,1.382,35.1,27.3,37.6,34.4,6.2,7.7,37.4,6.6,7.7,48.3,51.7,"[{""score"": ""1 - 1"", ""pct"": 12.559999999999999}, {""score"": ""0 - 1"", ""pct"": 10.100000000000001}, {""score"": ""1 - 0"", ""pct"": 9.69}]"
DR Congo,Jordan,Neutral,1.222,1.478,30.4,26.7,42.9,30.4,5.5,6.6,42.3,7.3,7.8,42.5,57.5,"[{""score"": ""1 - 1"", ""pct"": 11.88}, {""score"": ""0 - 1"", ""pct"": 10.459999999999999}, {""score"": ""1 - 2"", ""pct"": 8.92}]"
DR Congo,Iraq,Neutral,1.408,1.292,38.6,27.6,33.8,39.0,6.7,7.6,33.7,5.8,7.2,53.3,46.7,"[{""score"": ""1 - 1"", ""pct"": 12.770000000000001}, {""score"": ""1 - 0"", ""pct"": 9.700000000000001}, {""score"": ""0 - 1"", ""pct"": 8.57}]"
DR Congo,Ivory Coast,Neutral,1.25,1.45,31.3,26.4,42.3,31.7,5.5,6.8,41.4,6.8,7.9,43.9,56.1,"[{""score"": ""1 - 1"", ""pct"": 11.88}, {""score"": ""0 - 1"", ""pct"": 10.209999999999999}, {""score"": ""1 - 2"", ""pct"": 9.0}]"
DR Congo,Mexico,Neutral,0.798,1.902,14.0,21.8,64.2,14.9,2.8,3.6,62.7,7.5,8.4,21.3,78.7,"[{""score"": ""0 - 1"", ""pct"": 12.93}, {""score"": ""0 - 2"", ""pct"": 12.31}, {""score"": ""1 - 2"", ""pct"": 10.24}]"
DR Congo,Tunisia,Neutral,1.44,1.26,40.9,26.8,32.3,41.2,6.9,8.0,31.7,5.6,6.6,56.1,43.9,"[{""score"": ""1 - 1"", ""pct"": 12.15}, {""score"": ""1 - 0"", ""pct"": 9.93}, {""score"": ""2 - 1"", ""pct"": 8.57}]"
DR Congo,Portugal,Neutral,0.702,1.998,11.1,20.7,68.2,11.5,2.3,3.2,67.7,7.0,8.3,17.0,83.0,"[{""score"": ""0 - 1"", ""pct"": 13.950000000000001}, {""score"": ""0 - 2"", ""pct"": 13.639999999999999}, {""score"": ""1 - 1"", ""pct"": 9.520000000000001}]"
DR Congo,Morocco,Neutral,0.736,1.964,11.7,21.6,66.6,11.8,2.3,3.2,67.2,7.1,8.4,17.3,82.7,"[{""score"": ""0 - 1"", ""pct"": 13.669999999999998}, {""score"": ""0 - 2"", ""pct"": 12.94}, {""score"": ""1 - 1"", ""pct"": 9.43}]"
DR Congo,Germany,Neutral,0.836,1.864,15.1,23.0,61.9,15.1,3.2,3.7,61.2,7.7,9.0,22.1,77.9,"[{""score"": ""0 - 1"", ""pct"": 12.83}, {""score"": ""0 - 2"", ""pct"": 11.91}, {""score"": ""1 - 1"", ""pct"": 10.57}]"
DR Congo,Argentina,Neutral,0.467,2.233,5.7,15.6,78.7,5.1,1.1,1.5,78.8,6.6,7.0,7.6,92.4,"[{""score"": ""0 - 2"", ""pct"": 16.03}, {""score"": ""0 - 1"", ""pct"": 15.690000000000001}, {""score"": ""0 - 3"", ""pct"": 12.22}]"
DR Congo,Qatar,Neutral,1.903,0.797,63.8,22.2,14.0,63.3,7.8,8.1,14.8,2.7,3.3,79.2,20.8,"[{""score"": ""1 - 0"", ""pct"": 13.03}, {""score"": ""2 - 0"", ""pct"": 12.23}, {""score"": ""2 - 1"", ""pct"": 9.9}]"
DR Congo,Czech Republic,Neutral,1.367,1.333,37.5,26.6,35.9,37.5,6.4,6.9,35.6,6.0,7.7,50.7,49.3,"[{""score"": ""1 - 1"", ""pct"": 12.15}, {""score"": ""0 - 1"", ""pct"": 9.46}, {""score"": ""1 - 0"", ""pct"": 9.28}]"
DR Congo,New Zealand,Neutral,1.513,1.187,45.1,26.1,28.8,43.9,6.8,8.2,29.5,5.0,6.5,59.0,41.0,"[{""score"": ""1 - 1"", ""pct"": 12.17}, {""score"": ""1 - 0"", ""pct"": 10.12}, {""score"": ""2 - 1"", ""pct"": 9.64}]"
DR Congo,Japan,Neutral,0.73,1.97,11.6,20.4,68.1,11.6,2.5,3.3,66.9,7.4,8.3,17.4,82.6,"[{""score"": ""0 - 1"", ""pct"": 13.750000000000002}, {""score"": ""0 - 2"", ""pct"": 12.959999999999999}, {""score"": ""1 - 2"", ""pct"": 9.9}]"
DR Congo,Iran,Neutral,0.924,1.776,18.3,23.8,57.9,18.1,3.6,4.7,57.2,7.8,8.6,26.4,73.6,"[{""score"": ""0 - 1"", ""pct"": 12.93}, {""score"": ""0 - 2"", ""pct"": 10.66}, {""score"": ""1 - 1"", ""pct"": 10.530000000000001}]"
DR Congo,Croatia,Neutral,0.876,1.824,16.9,23.4,59.7,16.1,3.3,3.9,60.5,7.6,8.7,23.3,76.7,"[{""score"": ""0 - 1"", ""pct"": 12.86}, {""score"": ""1 - 1"", ""pct"": 10.77}, {""score"": ""0 - 2"", ""pct"": 10.12}]"
DR Congo,Bosnia and Herzegovina,Neutral,1.821,0.879,59.2,24.0,16.8,60.2,7.3,9.0,16.5,3.1,4.0,76.5,23.5,"[{""score"": ""1 - 0"", ""pct"": 12.53}, {""score"": ""2 - 0"", ""pct"": 10.66}, {""score"": ""1 - 1"", ""pct"": 10.45}]"
DR Congo,Ghana,Neutral,1.758,0.942,57.1,24.0,18.8,56.4,7.1,9.3,18.5,3.7,5.0,72.9,27.1,"[{""score"": ""1 - 0"", ""pct"": 12.75}, {""score"": ""1 - 1"", ""pct"": 10.93}, {""score"": ""2 - 0"", ""pct"": 10.18}]"
DR Congo,Netherlands,Neutral,0.82,1.88,14.9,22.8,62.3,14.2,2.9,3.4,63.5,7.7,8.2,20.5,79.5,"[{""score"": ""0 - 1"", ""pct"": 12.85}, {""score"": ""0 - 2"", ""pct"": 11.110000000000001}, {""score"": ""1 - 1"", ""pct"": 10.36}]"
DR Congo,Senegal,Neutral,0.955,1.745,18.9,24.2,56.9,19.4,3.7,4.9,56.6,7.3,8.2,28.0,72.0,"[{""score"": ""0 - 1"", ""pct"": 12.27}, {""score"": ""1 - 1"", ""pct"": 10.83}, {""score"": ""0 - 2"", ""pct"": 10.18}]"
DR Congo,Uzbekistan,Neutral,1.067,1.633,24.6,25.4,49.9,23.7,4.8,5.3,50.8,6.8,8.6,33.8,66.2,"[{""score"": ""1 - 1"", ""pct"": 11.600000000000001}, {""score"": ""0 - 1"", ""pct"": 11.27}, {""score"": ""1 - 2"", ""pct"": 9.790000000000001}]"
DR Congo,Scotland,Neutral,1.249,1.451,30.8,27.4,41.8,31.8,5.5,6.5,41.2,7.1,7.9,43.8,56.2,"[{""score"": ""1 - 1"", ""pct"": 12.44}, {""score"": ""0 - 1"", ""pct"": 9.99}, {""score"": ""1 - 2"", ""pct"": 8.57}]"
DR Congo,Spain,Neutral,0.472,2.228,5.7,16.3,78.0,5.7,1.1,1.5,78.4,6.3,6.9,8.4,91.6,"[{""score"": ""0 - 2"", ""pct"": 16.45}, {""score"": ""0 - 1"", ""pct"": 15.440000000000001}, {""score"": ""0 - 3"", ""pct"": 11.42}]"
DR Congo,Uruguay,Neutral,0.814,1.886,14.6,21.8,63.6,13.4,2.7,4.1,63.7,7.4,8.6,20.2,79.8,"[{""score"": ""0 - 1"", ""pct"": 13.34}, {""score"": ""0 - 2"", ""pct"": 11.51}, {""score"": ""1 - 2"", ""pct"": 9.92}]"
DR Congo,Turkey,Neutral,0.936,1.764,19.1,24.3,56.7,19.0,3.7,4.4,57.0,7.8,8.1,27.2,72.8,"[{""score"": ""0 - 1"", ""pct"": 12.520000000000001}, {""score"": ""1 - 1"", ""pct"": 10.489999999999998}, {""score"": ""1 - 2"", ""pct"": 10.18}]"
DR Congo,United States,Neutral,1.172,1.528,28.0,27.3,44.8,27.5,4.9,6.2,45.7,7.0,8.6,38.7,61.3,"[{""score"": ""1 - 1"", ""pct"": 12.27}, {""score"": ""0 - 1"", ""pct"": 10.870000000000001}, {""score"": ""1 - 2"", ""pct"": 8.82}]"
DR Congo,Austria,Neutral,1.182,1.518,29.3,27.0,43.8,29.8,4.9,6.3,43.8,7.2,8.1,40.9,59.1,"[{""score"": ""1 - 1"", ""pct"": 12.24}, {""score"": ""0 - 1"", ""pct"": 10.45}, {""score"": ""1 - 2"", ""pct"": 8.61}]"
DR Congo,Australia,Neutral,0.891,1.809,16.6,23.7,59.7,17.2,3.3,4.3,59.1,7.5,8.5,24.8,75.2,"[{""score"": ""0 - 1"", ""pct"": 12.58}, {""score"": ""0 - 2"", ""pct"": 10.89}, {""score"": ""1 - 1"", ""pct"": 10.79}]"
DR Congo,Canada,Neutral,1.019,1.681,21.7,25.3,53.0,21.4,4.3,5.0,52.6,8.0,8.6,30.7,69.3,"[{""score"": ""0 - 1"", ""pct"": 11.940000000000001}, {""score"": ""1 - 1"", ""pct"": 11.72}, {""score"": ""1 - 2"", ""pct"": 9.8}]"
DR Congo,Paraguay,Neutral,0.984,1.716,20.5,24.6,54.8,20.4,4.0,5.0,54.2,7.4,9.1,29.3,70.7,"[{""score"": ""0 - 1"", ""pct"": 12.43}, {""score"": ""1 - 1"", ""pct"": 10.9}, {""score"": ""0 - 2"", ""pct"": 9.73}]"
DR Congo,France,Neutral,0.581,2.119,7.9,18.4,73.7,8.2,1.8,2.0,73.5,7.1,7.4,12.0,88.0,"[{""score"": ""0 - 1"", ""pct"": 14.790000000000001}, {""score"": ""0 - 2"", ""pct"": 14.56}, {""score"": ""0 - 3"", ""pct"": 10.190000000000001}]"
DR Congo,England,Neutral,0.628,2.072,9.2,18.8,72.0,9.2,1.6,2.5,72.1,7.3,7.4,13.3,86.7,"[{""score"": ""0 - 2"", ""pct"": 15.0}, {""score"": ""0 - 1"", ""pct"": 14.87}, {""score"": ""0 - 3"", ""pct"": 9.28}]"
DR Congo,Panama,Neutral,1.095,1.605,25.0,25.9,49.0,25.4,4.3,5.8,49.0,7.0,8.4,35.5,64.5,"[{""score"": ""1 - 1"", ""pct"": 12.379999999999999}, {""score"": ""0 - 1"", ""pct"": 11.44}, {""score"": ""1 - 2"", ""pct"": 9.25}]"
DR Congo,South Korea,Neutral,0.961,1.739,19.5,25.0,55.5,19.7,4.0,4.8,55.7,7.3,8.5,28.4,71.6,"[{""score"": ""0 - 1"", ""pct"": 12.07}, {""score"": ""1 - 1"", ""pct"": 11.05}, {""score"": ""0 - 2"", ""pct"": 10.059999999999999}]"
Iran,Ecuador,Neutral,1.11,1.59,25.3,27.1,47.7,26.1,4.7,5.8,47.7,7.0,8.7,36.6,63.4,"[{""score"": ""1 - 1"", ""pct"": 12.85}, {""score"": ""0 - 1"", ""pct"": 10.65}, {""score"": ""1 - 2"", ""pct"": 9.42}]"
Iran,Curaçao,Neutral,2.098,0.602,72.7,19.0,8.4,72.2,7.2,7.8,8.6,1.7,2.6,87.2,12.8,"[{""score"": ""1 - 0"", ""pct"": 14.93}, {""score"": ""2 - 0"", ""pct"": 14.41}, {""score"": ""3 - 0"", ""pct"": 9.87}]"
Iran,Saudi Arabia,Neutral,1.922,0.778,64.8,21.6,13.6,64.9,7.2,8.4,13.5,2.7,3.3,80.5,19.5,"[{""score"": ""1 - 0"", ""pct"": 13.669999999999998}, {""score"": ""2 - 0"", ""pct"": 12.06}, {""score"": ""2 - 1"", ""pct"": 9.75}]"
Iran,South Africa,Neutral,2.024,0.676,70.0,20.1,9.9,69.5,7.5,7.8,10.5,2.2,2.6,84.7,15.3,"[{""score"": ""1 - 0"", ""pct"": 14.13}, {""score"": ""2 - 0"", ""pct"": 13.23}, {""score"": ""2 - 1"", ""pct"": 9.65}]"
Iran,Brazil,Neutral,1.018,1.682,21.7,25.2,53.1,21.0,3.7,5.7,53.4,7.5,8.6,30.4,69.6,"[{""score"": ""0 - 1"", ""pct"": 11.75}, {""score"": ""1 - 1"", ""pct"": 11.219999999999999}, {""score"": ""1 - 2"", ""pct"": 9.84}]"
Iran,Switzerland,Neutral,1.417,1.283,40.2,27.8,31.9,39.0,7.0,7.7,33.3,5.8,7.2,53.7,46.3,"[{""score"": ""1 - 1"", ""pct"": 12.590000000000002}, {""score"": ""1 - 0"", ""pct"": 9.77}, {""score"": ""2 - 1"", ""pct"": 8.64}]"
Iran,Algeria,Neutral,1.45,1.25,40.3,28.3,31.4,41.2,6.5,7.9,32.4,5.2,6.9,55.6,44.4,"[{""score"": ""1 - 1"", ""pct"": 12.879999999999999}, {""score"": ""1 - 0"", ""pct"": 9.4}, {""score"": ""2 - 1"", ""pct"": 8.51}]"
Iran,Cape Verde,Neutral,2.074,0.626,71.6,19.7,8.7,71.4,7.3,7.8,9.7,1.9,1.9,86.5,13.5,"[{""score"": ""2 - 0"", ""pct"": 14.56}, {""score"": ""1 - 0"", ""pct"": 14.29}, {""score"": ""3 - 0"", ""pct"": 9.51}]"
Iran,Haiti,Neutral,1.868,0.832,62.0,23.0,15.0,62.4,7.5,8.3,14.8,3.1,3.8,78.2,21.8,"[{""score"": ""1 - 0"", ""pct"": 13.0}, {""score"": ""2 - 0"", ""pct"": 11.51}, {""score"": ""1 - 1"", ""pct"": 10.530000000000001}]"
Iran,Colombia,Neutral,1.01,1.69,21.3,24.8,53.9,21.6,4.0,5.4,52.6,7.5,8.9,31.0,69.0,"[{""score"": ""0 - 1"", ""pct"": 11.59}, {""score"": ""1 - 1"", ""pct"": 11.16}, {""score"": ""0 - 2"", ""pct"": 9.67}]"
Iran,Belgium,Neutral,1.38,1.32,37.8,27.1,35.1,37.8,5.8,7.8,35.4,5.7,7.5,51.4,48.6,"[{""score"": ""1 - 1"", ""pct"": 12.82}, {""score"": ""1 - 0"", ""pct"": 9.22}, {""score"": ""0 - 1"", ""pct"": 9.1}]"
Iran,Sweden,Neutral,1.93,0.77,65.4,21.9,12.7,65.1,7.2,8.9,13.2,2.4,3.2,81.2,18.8,"[{""score"": ""1 - 0"", ""pct"": 13.370000000000001}, {""score"": ""2 - 0"", ""pct"": 13.01}, {""score"": ""2 - 1"", ""pct"": 10.07}]"
Iran,Norway,Neutral,1.343,1.357,36.2,27.2,36.7,37.0,5.9,7.5,36.0,6.1,7.5,50.4,49.6,"[{""score"": ""1 - 1"", ""pct"": 12.67}, {""score"": ""1 - 0"", ""pct"": 9.139999999999999}, {""score"": ""0 - 1"", ""pct"": 8.91}]"
Iran,Egypt,Neutral,1.748,0.952,55.9,24.7,19.4,56.1,8.1,8.5,19.1,3.4,4.8,72.7,27.3,"[{""score"": ""1 - 0"", ""pct"": 12.839999999999998}, {""score"": ""1 - 1"", ""pct"": 10.92}, {""score"": ""2 - 1"", ""pct"": 9.790000000000001}]"
Iran,Jordan,Neutral,1.661,1.039,51.8,25.9,22.3,50.4,7.3,9.0,23.2,4.4,5.7,66.7,33.3,"[{""score"": ""1 - 1"", ""pct"": 11.49}, {""score"": ""1 - 0"", ""pct"": 11.49}, {""score"": ""2 - 1"", ""pct"": 9.56}]"
Iran,Iraq,Neutral,1.824,0.876,59.7,23.4,16.9,59.0,7.7,8.5,17.1,3.6,4.1,75.1,24.9,"[{""score"": ""1 - 0"", ""pct"": 13.03}, {""score"": ""2 - 0"", ""pct"": 10.5}, {""score"": ""1 - 1"", ""pct"": 10.45}]"
Iran,Ivory Coast,Neutral,1.688,1.012,52.5,25.7,21.9,53.4,7.2,8.2,22.3,4.0,4.9,68.8,31.1,"[{""score"": ""1 - 0"", ""pct"": 11.59}, {""score"": ""1 - 1"", ""pct"": 11.5}, {""score"": ""2 - 1"", ""pct"": 10.12}]"
Iran,Mexico,Neutral,1.193,1.507,28.9,27.8,43.3,28.5,5.1,6.5,44.3,7.0,8.6,40.2,59.8,"[{""score"": ""1 - 1"", ""pct"": 12.58}, {""score"": ""0 - 1"", ""pct"": 10.03}, {""score"": ""1 - 2"", ""pct"": 8.99}]"
Iran,Tunisia,Neutral,1.85,0.85,60.9,23.4,15.7,60.9,7.5,8.6,16.1,3.0,3.9,76.9,23.1,"[{""score"": ""1 - 0"", ""pct"": 13.18}, {""score"": ""2 - 0"", ""pct"": 11.06}, {""score"": ""1 - 1"", ""pct"": 10.63}]"
Iran,Portugal,Neutral,1.062,1.638,23.5,25.5,51.0,23.2,4.1,5.7,50.6,7.6,8.8,33.0,67.0,"[{""score"": ""1 - 1"", ""pct"": 11.51}, {""score"": ""0 - 1"", ""pct"": 11.469999999999999}, {""score"": ""1 - 2"", ""pct"": 9.77}]"
Iran,Morocco,Neutral,1.11,1.59,25.3,26.7,48.0,25.6,4.4,6.1,49.0,6.9,8.0,36.0,64.0,"[{""score"": ""1 - 1"", ""pct"": 11.959999999999999}, {""score"": ""0 - 1"", ""pct"": 10.8}, {""score"": ""1 - 2"", ""pct"": 9.58}]"
Iran,Germany,Neutral,1.242,1.458,31.5,27.0,41.5,31.2,5.7,6.8,41.4,6.7,8.2,43.7,56.3,"[{""score"": ""1 - 1"", ""pct"": 11.99}, {""score"": ""0 - 1"", ""pct"": 9.59}, {""score"": ""1 - 2"", ""pct"": 8.49}]"
Iran,Argentina,Neutral,0.686,2.014,10.7,20.8,68.5,11.0,2.2,3.0,68.9,7.0,7.9,16.2,83.8,"[{""score"": ""0 - 2"", ""pct"": 13.81}, {""score"": ""0 - 1"", ""pct"": 13.370000000000001}, {""score"": ""1 - 2"", ""pct"": 9.32}]"
Iran,Qatar,Neutral,2.169,0.531,75.7,17.8,6.5,75.6,7.1,7.4,6.7,1.3,1.8,90.2,9.9,"[{""score"": ""2 - 0"", ""pct"": 15.82}, {""score"": ""1 - 0"", ""pct"": 14.979999999999999}, {""score"": ""3 - 0"", ""pct"": 11.129999999999999}]"
Iran,Czech Republic,Neutral,1.79,0.91,58.5,24.0,17.5,57.9,7.2,8.9,18.3,3.2,4.4,74.0,26.0,"[{""score"": ""1 - 0"", ""pct"": 12.790000000000001}, {""score"": ""1 - 1"", ""pct"": 11.32}, {""score"": ""2 - 0"", ""pct"": 10.77}]"
Iran,New Zealand,Neutral,1.907,0.793,64.1,22.5,13.4,64.0,7.2,8.6,13.9,2.6,3.6,79.9,20.1,"[{""score"": ""1 - 0"", ""pct"": 13.55}, {""score"": ""2 - 0"", ""pct"": 12.13}, {""score"": ""1 - 1"", ""pct"": 10.22}]"
Iran,Japan,Neutral,1.102,1.598,25.2,26.5,48.3,25.7,4.5,6.4,47.9,6.9,8.5,36.7,63.4,"[{""score"": ""1 - 1"", ""pct"": 11.91}, {""score"": ""0 - 1"", ""pct"": 10.69}, {""score"": ""1 - 2"", ""pct"": 8.9}]"
Iran,DR Congo,Neutral,1.776,0.924,57.6,23.8,18.6,57.7,7.3,8.8,17.9,3.5,4.8,73.8,26.2,"[{""score"": ""1 - 0"", ""pct"": 12.4}, {""score"": ""1 - 1"", ""pct"": 10.69}, {""score"": ""2 - 0"", ""pct"": 10.43}]"
Iran,Croatia,Neutral,1.292,1.408,34.5,26.3,39.2,34.2,6.0,7.1,39.0,6.0,7.6,47.3,52.7,"[{""score"": ""1 - 1"", ""pct"": 12.120000000000001}, {""score"": ""0 - 1"", ""pct"": 9.700000000000001}, {""score"": ""1 - 0"", ""pct"": 8.83}]"
Iran,Bosnia and Herzegovina,Neutral,2.119,0.581,73.3,18.9,7.8,73.7,7.0,7.4,7.9,1.6,2.3,88.2,11.8,"[{""score"": ""2 - 0"", ""pct"": 14.78}, {""score"": ""1 - 0"", ""pct"": 14.719999999999999}, {""score"": ""3 - 0"", ""pct"": 9.84}]"
Iran,Ghana,Neutral,2.079,0.621,72.0,19.2,8.8,72.2,6.9,8.1,8.5,1.9,2.3,87.3,12.7,"[{""score"": ""2 - 0"", ""pct"": 14.74}, {""score"": ""1 - 0"", ""pct"": 14.069999999999999}, {""score"": ""3 - 0"", ""pct"": 9.3}]"
Iran,Netherlands,Neutral,1.222,1.478,31.0,26.4,42.6,30.0,5.0,6.7,43.7,6.5,8.1,41.7,58.3,"[{""score"": ""1 - 1"", ""pct"": 12.08}, {""score"": ""0 - 1"", ""pct"": 10.54}, {""score"": ""1 - 2"", ""pct"": 9.139999999999999}]"
Iran,Senegal,Neutral,1.386,1.314,38.8,27.0,34.2,38.6,6.0,7.9,34.5,5.6,7.4,52.5,47.5,"[{""score"": ""1 - 1"", ""pct"": 12.389999999999999}, {""score"": ""1 - 0"", ""pct"": 9.27}, {""score"": ""0 - 1"", ""pct"": 8.93}]"
Iran,Uzbekistan,Neutral,1.509,1.191,45.0,26.6,28.4,44.8,6.6,8.5,28.4,5.0,6.7,59.9,40.1,"[{""score"": ""1 - 1"", ""pct"": 11.72}, {""score"": ""1 - 0"", ""pct"": 10.68}, {""score"": ""2 - 1"", ""pct"": 9.180000000000001}]"
Iran,Scotland,Neutral,1.687,1.013,53.0,25.8,21.2,52.7,7.5,8.4,21.9,4.2,5.3,68.6,31.4,"[{""score"": ""1 - 1"", ""pct"": 12.07}, {""score"": ""1 - 0"", ""pct"": 11.55}, {""score"": ""2 - 1"", ""pct"": 10.01}]"
Iran,Spain,Neutral,0.696,2.004,11.2,20.3,68.5,10.9,2.0,3.0,69.1,7.3,7.8,15.9,84.1,"[{""score"": ""0 - 1"", ""pct"": 13.950000000000001}, {""score"": ""0 - 2"", ""pct"": 13.489999999999998}, {""score"": ""1 - 2"", ""pct"": 9.56}]"
Iran,Uruguay,Neutral,1.214,1.486,31.0,26.8,42.2,30.0,5.0,6.8,43.2,6.9,8.1,41.8,58.2,"[{""score"": ""1 - 1"", ""pct"": 11.899999999999999}, {""score"": ""0 - 1"", ""pct"": 10.11}, {""score"": ""1 - 2"", ""pct"": 9.0}]"
Iran,Turkey,Neutral,1.364,1.336,36.0,27.9,36.1,37.4,5.9,7.6,35.8,6.1,7.2,50.9,49.1,"[{""score"": ""1 - 1"", ""pct"": 12.509999999999998}, {""score"": ""1 - 0"", ""pct"": 9.43}, {""score"": ""0 - 1"", ""pct"": 8.77}]"
Iran,United States,Neutral,1.614,1.086,49.5,25.6,24.9,49.3,7.4,8.8,24.3,4.5,5.6,65.6,34.4,"[{""score"": ""1 - 1"", ""pct"": 11.42}, {""score"": ""1 - 0"", ""pct"": 10.92}, {""score"": ""2 - 1"", ""pct"": 9.73}]"
Iran,Austria,Neutral,1.624,1.076,49.8,26.2,24.1,49.7,6.9,8.7,24.6,4.4,5.7,65.3,34.7,"[{""score"": ""1 - 1"", ""pct"": 11.790000000000001}, {""score"": ""1 - 0"", ""pct"": 11.1}, {""score"": ""2 - 1"", ""pct"": 9.78}]"
Iran,Australia,Neutral,1.31,1.39,34.9,26.9,38.1,34.3,6.3,7.7,37.9,6.4,7.4,48.3,51.7,"[{""score"": ""1 - 1"", ""pct"": 12.11}, {""score"": ""0 - 1"", ""pct"": 9.44}, {""score"": ""1 - 0"", ""pct"": 9.01}]"
Iran,Canada,Neutral,1.457,1.243,41.5,27.0,31.5,42.4,6.3,8.4,30.7,5.6,6.7,57.1,42.9,"[{""score"": ""1 - 1"", ""pct"": 12.34}, {""score"": ""1 - 0"", ""pct"": 9.370000000000001}, {""score"": ""2 - 1"", ""pct"": 9.11}]"
Iran,Paraguay,Neutral,1.418,1.282,39.6,27.3,33.1,39.0,6.7,7.8,33.4,6.0,7.1,53.5,46.5,"[{""score"": ""1 - 1"", ""pct"": 12.31}, {""score"": ""1 - 0"", ""pct"": 9.91}, {""score"": ""0 - 1"", ""pct"": 8.49}]"
Iran,France,Neutral,0.879,1.821,17.2,23.4,59.5,17.0,3.3,4.2,60.0,7.3,8.2,24.5,75.5,"[{""score"": ""0 - 1"", ""pct"": 13.020000000000001}, {""score"": ""0 - 2"", ""pct"": 10.81}, {""score"": ""1 - 1"", ""pct"": 10.23}]"
Iran,England,Neutral,0.954,1.746,18.7,24.3,57.0,19.6,3.6,4.8,56.0,7.3,8.6,28.1,71.9,"[{""score"": ""0 - 1"", ""pct"": 12.370000000000001}, {""score"": ""1 - 1"", ""pct"": 10.77}, {""score"": ""1 - 2"", ""pct"": 10.23}]"
Iran,Panama,Neutral,1.537,1.163,45.8,26.1,28.1,45.7,7.3,8.5,27.5,4.9,6.0,61.6,38.4,"[{""score"": ""1 - 1"", ""pct"": 12.06}, {""score"": ""1 - 0"", ""pct"": 10.14}, {""score"": ""2 - 1"", ""pct"": 8.91}]"
Iran,South Korea,Neutral,1.392,1.308,38.8,27.6,33.6,38.3,6.2,8.0,33.7,6.4,7.4,52.5,47.5,"[{""score"": ""1 - 1"", ""pct"": 12.34}, {""score"": ""1 - 0"", ""pct"": 9.55}, {""score"": ""2 - 1"", ""pct"": 8.67}]"
Croatia,Ecuador,Neutral,1.166,1.534,27.6,26.5,45.9,27.1,5.3,5.9,46.2,6.9,8.5,38.3,61.7,"[{""score"": ""1 - 1"", ""pct"": 12.43}, {""score"": ""0 - 1"", ""pct"": 10.82}, {""score"": ""1 - 2"", ""pct"": 9.6}]"
Croatia,Curaçao,Neutral,2.128,0.572,73.5,18.4,8.1,74.7,6.9,7.3,7.7,1.6,1.9,88.8,11.2,"[{""score"": ""2 - 0"", ""pct"": 14.97}, {""score"": ""1 - 0"", ""pct"": 14.77}, {""score"": ""3 - 0"", ""pct"": 10.26}]"
Croatia,Saudi Arabia,Neutral,1.964,0.736,66.5,21.1,12.3,66.7,7.7,8.2,12.2,2.2,3.0,82.6,17.4,"[{""score"": ""1 - 0"", ""pct"": 13.750000000000002}, {""score"": ""2 - 0"", ""pct"": 12.46}, {""score"": ""2 - 1"", ""pct"": 10.03}]"
Croatia,South Africa,Neutral,2.059,0.641,70.7,20.1,9.2,72.0,7.0,8.3,8.6,1.7,2.4,87.3,12.7,"[{""score"": ""1 - 0"", ""pct"": 14.7}, {""score"": ""2 - 0"", ""pct"": 14.04}, {""score"": ""2 - 1"", ""pct"": 9.3}]"
Croatia,Brazil,Neutral,1.071,1.629,23.5,26.2,50.3,23.6,4.3,5.2,50.4,7.2,9.3,33.0,67.0,"[{""score"": ""1 - 1"", ""pct"": 11.86}, {""score"": ""0 - 1"", ""pct"": 11.790000000000001}, {""score"": ""1 - 2"", ""pct"": 9.45}]"
Croatia,Switzerland,Neutral,1.475,1.225,42.8,27.1,30.1,41.6,7.1,8.3,30.8,5.6,6.6,57.0,43.0,"[{""score"": ""1 - 1"", ""pct"": 12.09}, {""score"": ""1 - 0"", ""pct"": 10.05}, {""score"": ""2 - 1"", ""pct"": 9.16}]"
Croatia,Algeria,Neutral,1.507,1.193,44.1,27.2,28.7,43.8,6.5,8.3,29.8,5.1,6.5,58.6,41.4,"[{""score"": ""1 - 1"", ""pct"": 12.47}, {""score"": ""1 - 0"", ""pct"": 10.63}, {""score"": ""2 - 1"", ""pct"": 9.1}]"
Croatia,Cape Verde,Neutral,2.106,0.594,73.3,18.4,8.3,73.5,6.4,7.9,8.6,1.4,2.1,87.9,12.1,"[{""score"": ""2 - 0"", ""pct"": 15.459999999999999}, {""score"": ""1 - 0"", ""pct"": 14.74}, {""score"": ""3 - 0"", ""pct"": 9.53}]"
Croatia,Haiti,Neutral,1.913,0.787,64.6,22.5,12.9,64.6,7.2,8.3,13.5,2.8,3.6,80.0,20.0,"[{""score"": ""2 - 0"", ""pct"": 12.889999999999999}, {""score"": ""1 - 0"", ""pct"": 12.64}, {""score"": ""1 - 1"", ""pct"": 10.16}]"
Croatia,Colombia,Neutral,1.063,1.637,23.7,26.2,50.2,23.8,4.3,5.8,50.7,7.2,8.2,33.9,66.1,"[{""score"": ""1 - 1"", ""pct"": 11.88}, {""score"": ""0 - 1"", ""pct"": 11.18}, {""score"": ""1 - 2"", ""pct"": 9.629999999999999}]"
Croatia,Belgium,Neutral,1.438,1.262,40.9,27.5,31.6,40.4,6.6,7.7,32.8,5.4,7.2,54.6,45.4,"[{""score"": ""1 - 1"", ""pct"": 12.36}, {""score"": ""1 - 0"", ""pct"": 10.08}, {""score"": ""2 - 1"", ""pct"": 9.0}]"
Croatia,Sweden,Neutral,1.971,0.729,67.2,21.3,11.5,67.4,7.8,8.3,11.2,2.1,3.2,83.5,16.5,"[{""score"": ""1 - 0"", ""pct"": 13.54}, {""score"": ""2 - 0"", ""pct"": 12.67}, {""score"": ""2 - 1"", ""pct"": 9.89}]"
Croatia,Norway,Neutral,1.402,1.298,39.0,26.8,34.2,39.1,6.4,7.6,33.5,5.9,7.6,53.0,47.0,"[{""score"": ""1 - 1"", ""pct"": 12.31}, {""score"": ""1 - 0"", ""pct"": 9.49}, {""score"": ""0 - 1"", ""pct"": 8.81}]"
Croatia,Egypt,Neutral,1.798,0.902,58.7,24.7,16.6,58.3,7.9,8.5,17.8,3.5,4.0,74.6,25.4,"[{""score"": ""1 - 0"", ""pct"": 12.67}, {""score"": ""1 - 1"", ""pct"": 10.94}, {""score"": ""2 - 0"", ""pct"": 10.459999999999999}]"
Croatia,Jordan,Neutral,1.714,0.986,54.0,25.2,20.8,55.5,7.4,8.2,20.3,3.6,5.1,71.0,29.0,"[{""score"": ""1 - 1"", ""pct"": 11.379999999999999}, {""score"": ""1 - 0"", ""pct"": 10.92}, {""score"": ""2 - 1"", ""pct"": 10.13}]"
Croatia,Iraq,Neutral,1.871,0.829,62.4,22.6,15.0,62.4,7.4,8.3,15.2,2.9,3.8,78.1,21.9,"[{""score"": ""1 - 0"", ""pct"": 12.920000000000002}, {""score"": ""2 - 0"", ""pct"": 11.26}, {""score"": ""2 - 1"", ""pct"": 10.6}]"
Croatia,Ivory Coast,Neutral,1.74,0.96,57.4,23.7,18.9,55.4,7.6,8.7,19.4,4.1,4.8,71.7,28.3,"[{""score"": ""1 - 0"", ""pct"": 12.72}, {""score"": ""1 - 1"", ""pct"": 11.04}, {""score"": ""2 - 0"", ""pct"": 10.09}]"
Croatia,Mexico,Neutral,1.251,1.449,32.3,26.8,40.9,31.2,5.3,7.5,41.8,6.3,8.0,44.0,56.0,"[{""score"": ""1 - 1"", ""pct"": 12.139999999999999}, {""score"": ""0 - 1"", ""pct"": 10.02}, {""score"": ""1 - 0"", ""pct"": 8.77}]"
Croatia,Tunisia,Neutral,1.895,0.805,63.4,22.3,14.3,63.5,7.4,8.2,14.3,3.0,3.5,79.2,20.9,"[{""score"": ""1 - 0"", ""pct"": 13.530000000000001}, {""score"": ""2 - 0"", ""pct"": 11.93}, {""score"": ""1 - 1"", ""pct"": 10.18}]"
Croatia,Portugal,Neutral,1.117,1.583,26.3,26.8,46.9,26.2,4.8,5.8,46.9,7.6,8.7,36.8,63.2,"[{""score"": ""1 - 1"", ""pct"": 11.88}, {""score"": ""0 - 1"", ""pct"": 11.05}, {""score"": ""1 - 2"", ""pct"": 9.139999999999999}]"
Croatia,Morocco,Neutral,1.166,1.534,27.9,26.0,46.0,27.6,4.9,6.5,46.0,6.7,8.3,39.1,61.0,"[{""score"": ""1 - 1"", ""pct"": 11.59}, {""score"": ""0 - 1"", ""pct"": 10.12}, {""score"": ""1 - 2"", ""pct"": 9.520000000000001}]"
Croatia,Germany,Neutral,1.3,1.4,33.7,26.9,39.4,34.4,5.9,6.8,38.6,6.3,8.0,47.1,52.9,"[{""score"": ""1 - 1"", ""pct"": 12.120000000000001}, {""score"": ""0 - 1"", ""pct"": 9.569999999999999}, {""score"": ""1 - 0"", ""pct"": 8.799999999999999}]"
Croatia,Argentina,Neutral,0.725,1.975,12.1,20.6,67.2,11.9,2.2,2.8,67.8,7.4,7.9,16.9,83.1,"[{""score"": ""0 - 1"", ""pct"": 13.91}, {""score"": ""0 - 2"", ""pct"": 13.0}, {""score"": ""1 - 2"", ""pct"": 9.39}]"
Croatia,Qatar,Neutral,2.194,0.506,77.0,16.6,6.4,76.3,7.5,7.4,5.8,1.1,1.8,91.3,8.7,"[{""score"": ""2 - 0"", ""pct"": 16.439999999999998}, {""score"": ""1 - 0"", ""pct"": 14.92}, {""score"": ""3 - 0"", ""pct"": 11.27}]"
Croatia,Czech Republic,Neutral,1.838,0.862,61.0,23.2,15.8,60.9,7.5,8.8,15.7,3.2,4.0,77.1,22.9,"[{""score"": ""1 - 0"", ""pct"": 12.94}, {""score"": ""2 - 0"", ""pct"": 11.53}, {""score"": ""2 - 1"", ""pct"": 10.440000000000001}]"
Croatia,New Zealand,Neutral,1.949,0.751,66.8,21.2,12.0,65.9,7.6,8.9,12.3,2.3,3.0,82.4,17.6,"[{""score"": ""1 - 0"", ""pct"": 13.88}, {""score"": ""2 - 0"", ""pct"": 12.72}, {""score"": ""2 - 1"", ""pct"": 10.01}]"
Croatia,Japan,Neutral,1.158,1.542,27.4,27.1,45.6,27.5,4.9,6.6,46.6,6.5,7.9,38.9,61.1,"[{""score"": ""1 - 1"", ""pct"": 12.590000000000002}, {""score"": ""0 - 1"", ""pct"": 10.43}, {""score"": ""1 - 2"", ""pct"": 9.719999999999999}]"
Croatia,DR Congo,Neutral,1.824,0.876,60.4,23.6,16.0,60.2,7.8,8.4,16.4,3.2,4.0,76.4,23.6,"[{""score"": ""1 - 0"", ""pct"": 12.559999999999999}, {""score"": ""2 - 0"", ""pct"": 11.14}, {""score"": ""1 - 1"", ""pct"": 10.63}]"
Croatia,Iran,Neutral,1.408,1.292,39.2,27.4,33.5,39.3,6.3,7.7,33.8,5.9,7.1,53.2,46.8,"[{""score"": ""1 - 1"", ""pct"": 12.690000000000001}, {""score"": ""1 - 0"", ""pct"": 9.77}, {""score"": ""0 - 1"", ""pct"": 8.780000000000001}]"
Croatia,Bosnia and Herzegovina,Neutral,2.148,0.552,75.0,18.1,6.9,74.8,7.4,7.5,7.1,1.5,1.7,89.7,10.3,"[{""score"": ""2 - 0"", ""pct"": 16.04}, {""score"": ""1 - 0"", ""pct"": 14.57}, {""score"": ""3 - 0"", ""pct"": 10.63}]"
Croatia,Ghana,Neutral,2.111,0.589,73.7,18.3,8.0,73.4,7.5,7.6,8.0,1.3,2.1,88.5,11.5,"[{""score"": ""1 - 0"", ""pct"": 15.22}, {""score"": ""2 - 0"", ""pct"": 14.41}, {""score"": ""3 - 0"", ""pct"": 10.17}]"
Croatia,Netherlands,Neutral,1.28,1.42,33.3,26.8,40.0,33.6,5.3,6.6,40.1,6.5,7.9,45.5,54.5,"[{""score"": ""1 - 1"", ""pct"": 12.26}, {""score"": ""0 - 1"", ""pct"": 9.91}, {""score"": ""1 - 0"", ""pct"": 8.72}]"
Croatia,Senegal,Neutral,1.444,1.256,40.8,27.6,31.7,40.4,7.1,8.1,31.6,5.7,7.1,55.7,44.3,"[{""score"": ""1 - 1"", ""pct"": 12.479999999999999}, {""score"": ""1 - 0"", ""pct"": 9.98}, {""score"": ""2 - 1"", ""pct"": 8.57}]"
Croatia,Uzbekistan,Neutral,1.565,1.135,48.1,25.8,26.1,47.7,6.4,8.1,26.9,5.0,5.9,62.2,37.8,"[{""score"": ""1 - 1"", ""pct"": 12.21}, {""score"": ""1 - 0"", ""pct"": 11.16}, {""score"": ""2 - 1"", ""pct"": 9.54}]"
Croatia,Scotland,Neutral,1.739,0.961,55.0,25.2,19.8,55.7,7.6,9.0,19.1,3.9,4.6,72.4,27.6,"[{""score"": ""1 - 0"", ""pct"": 12.18}, {""score"": ""1 - 1"", ""pct"": 11.31}, {""score"": ""2 - 0"", ""pct"": 9.950000000000001}]"
Croatia,Spain,Neutral,0.735,1.965,12.4,21.0,66.6,12.1,2.4,3.3,66.5,7.8,8.0,17.8,82.2,"[{""score"": ""0 - 1"", ""pct"": 13.54}, {""score"": ""0 - 2"", ""pct"": 12.08}, {""score"": ""1 - 1"", ""pct"": 9.879999999999999}]"
Croatia,Uruguay,Neutral,1.272,1.428,33.0,26.5,40.5,32.8,5.7,7.3,39.7,6.6,8.0,45.7,54.3,"[{""score"": ""1 - 1"", ""pct"": 11.51}, {""score"": ""0 - 1"", ""pct"": 10.03}, {""score"": ""1 - 2"", ""pct"": 8.780000000000001}]"
Croatia,Turkey,Neutral,1.423,1.277,40.5,27.2,32.3,40.4,6.4,7.5,33.1,5.6,7.0,54.3,45.6,"[{""score"": ""1 - 1"", ""pct"": 12.16}, {""score"": ""1 - 0"", ""pct"": 10.299999999999999}, {""score"": ""2 - 1"", ""pct"": 8.43}]"
Croatia,United States,Neutral,1.668,1.032,51.8,25.6,22.6,53.0,7.2,8.5,22.0,4.2,5.1,68.7,31.3,"[{""score"": ""1 - 1"", ""pct"": 11.61}, {""score"": ""1 - 0"", ""pct"": 11.21}, {""score"": ""2 - 1"", ""pct"": 9.83}]"
Croatia,Austria,Neutral,1.678,1.022,52.6,25.2,22.2,52.6,7.0,8.6,22.2,4.3,5.2,68.2,31.8,"[{""score"": ""1 - 0"", ""pct"": 11.91}, {""score"": ""1 - 1"", ""pct"": 11.27}, {""score"": ""2 - 1"", ""pct"": 10.03}]"
Croatia,Australia,Neutral,1.369,1.331,37.6,26.9,35.5,36.8,6.2,8.2,35.3,6.0,7.5,51.3,48.7,"[{""score"": ""1 - 1"", ""pct"": 12.43}, {""score"": ""1 - 0"", ""pct"": 9.84}, {""score"": ""0 - 1"", ""pct"": 9.36}]"
Croatia,Canada,Neutral,1.515,1.185,44.8,27.0,28.1,43.8,6.8,8.4,29.5,4.9,6.6,59.0,41.0,"[{""score"": ""1 - 1"", ""pct"": 12.35}, {""score"": ""1 - 0"", ""pct"": 10.5}, {""score"": ""2 - 1"", ""pct"": 9.5}]"
Croatia,Paraguay,Neutral,1.476,1.224,42.2,26.4,31.4,42.8,7.1,8.7,29.6,5.1,6.8,58.5,41.5,"[{""score"": ""1 - 1"", ""pct"": 11.76}, {""score"": ""1 - 0"", ""pct"": 10.43}, {""score"": ""2 - 1"", ""pct"": 8.97}]"
Croatia,France,Neutral,0.928,1.772,18.9,23.6,57.5,18.6,3.5,4.5,57.4,7.2,9.0,26.5,73.5,"[{""score"": ""0 - 1"", ""pct"": 11.97}, {""score"": ""0 - 2"", ""pct"": 10.54}, {""score"": ""1 - 1"", ""pct"": 10.530000000000001}]"
Croatia,England,Neutral,1.005,1.695,20.8,25.9,53.4,21.8,4.0,5.3,52.6,7.7,8.5,31.1,68.9,"[{""score"": ""0 - 1"", ""pct"": 12.15}, {""score"": ""1 - 1"", ""pct"": 11.57}, {""score"": ""1 - 2"", ""pct"": 9.719999999999999}]"
Croatia,Panama,Neutral,1.594,1.106,48.0,26.1,26.0,48.8,7.3,8.0,25.6,4.3,6.1,64.1,35.9,"[{""score"": ""1 - 1"", ""pct"": 11.83}, {""score"": ""1 - 0"", ""pct"": 10.84}, {""score"": ""2 - 1"", ""pct"": 9.33}]"
Croatia,South Korea,Neutral,1.45,1.25,41.4,27.4,31.2,41.8,6.4,7.8,31.3,5.3,7.4,56.0,44.0,"[{""score"": ""1 - 1"", ""pct"": 12.35}, {""score"": ""1 - 0"", ""pct"": 10.05}, {""score"": ""2 - 1"", ""pct"": 9.26}]"
Bosnia and Herzegovina,Ecuador,Neutral,0.474,2.226,5.8,15.7,78.5,5.4,1.2,1.5,78.5,6.6,6.8,8.1,91.9,"[{""score"": ""0 - 2"", ""pct"": 17.299999999999997}, {""score"": ""0 - 1"", ""pct"": 15.73}, {""score"": ""0 - 3"", ""pct"": 12.0}]"
Bosnia and Herzegovina,Curaçao,Neutral,1.309,1.391,34.0,27.6,38.3,35.1,5.9,7.4,38.0,6.0,7.5,48.4,51.6,"[{""score"": ""1 - 1"", ""pct"": 13.05}, {""score"": ""0 - 1"", ""pct"": 9.48}, {""score"": ""1 - 0"", ""pct"": 8.57}]"
Bosnia and Herzegovina,Saudi Arabia,Neutral,1.041,1.659,22.6,25.0,52.4,22.3,4.1,5.5,52.5,6.9,8.8,31.8,68.2,"[{""score"": ""0 - 1"", ""pct"": 11.799999999999999}, {""score"": ""1 - 1"", ""pct"": 11.18}, {""score"": ""1 - 2"", ""pct"": 9.77}]"
Bosnia and Herzegovina,South Africa,Neutral,1.183,1.517,28.9,26.5,44.6,28.8,5.1,6.7,44.2,7.0,8.3,40.6,59.4,"[{""score"": ""1 - 1"", ""pct"": 11.459999999999999}, {""score"": ""0 - 1"", ""pct"": 10.100000000000001}, {""score"": ""1 - 2"", ""pct"": 9.19}]"
Bosnia and Herzegovina,Brazil,Neutral,0.441,2.259,4.8,16.0,79.2,4.9,1.1,1.6,78.9,6.6,7.0,7.6,92.4,"[{""score"": ""0 - 2"", ""pct"": 17.44}, {""score"": ""0 - 1"", ""pct"": 15.479999999999999}, {""score"": ""0 - 3"", ""pct"": 12.22}]"
Bosnia and Herzegovina,Switzerland,Neutral,0.617,2.083,9.3,18.5,72.3,9.3,1.9,2.5,71.8,7.0,7.5,13.7,86.3,"[{""score"": ""0 - 2"", ""pct"": 14.69}, {""score"": ""0 - 1"", ""pct"": 14.26}, {""score"": ""0 - 3"", ""pct"": 10.040000000000001}]"
Bosnia and Herzegovina,Algeria,Neutral,0.635,2.065,9.2,19.3,71.5,9.3,1.9,2.5,71.2,7.1,7.9,13.8,86.2,"[{""score"": ""0 - 1"", ""pct"": 14.719999999999999}, {""score"": ""0 - 2"", ""pct"": 14.56}, {""score"": ""0 - 3"", ""pct"": 9.21}]"
Bosnia and Herzegovina,Cape Verde,Neutral,1.266,1.434,32.6,26.9,40.5,33.2,5.4,6.7,40.3,6.4,7.9,45.4,54.6,"[{""score"": ""1 - 1"", ""pct"": 12.34}, {""score"": ""0 - 1"", ""pct"": 10.18}, {""score"": ""1 - 0"", ""pct"": 8.72}]"
Bosnia and Herzegovina,Haiti,Neutral,0.976,1.724,19.9,24.6,55.5,20.3,3.4,4.9,54.9,7.7,8.7,28.7,71.3,"[{""score"": ""0 - 1"", ""pct"": 12.47}, {""score"": ""1 - 1"", ""pct"": 10.82}, {""score"": ""1 - 2"", ""pct"": 10.2}]"
Bosnia and Herzegovina,Colombia,Neutral,0.438,2.262,4.7,15.9,79.4,4.8,0.9,1.3,79.8,6.0,7.1,7.1,92.9,"[{""score"": ""0 - 2"", ""pct"": 18.08}, {""score"": ""0 - 1"", ""pct"": 15.329999999999998}, {""score"": ""0 - 3"", ""pct"": 12.32}]"
Bosnia and Herzegovina,Belgium,Neutral,0.596,2.104,8.4,18.9,72.7,8.4,1.6,2.1,72.8,7.2,7.8,12.2,87.8,"[{""score"": ""0 - 1"", ""pct"": 14.59}, {""score"": ""0 - 2"", ""pct"": 14.52}, {""score"": ""0 - 3"", ""pct"": 10.05}]"
Bosnia and Herzegovina,Sweden,Neutral,1.05,1.65,22.5,26.2,51.2,22.9,4.3,5.7,51.6,7.4,8.2,32.9,67.1,"[{""score"": ""0 - 1"", ""pct"": 11.58}, {""score"": ""1 - 1"", ""pct"": 11.39}, {""score"": ""1 - 2"", ""pct"": 9.6}]"
Bosnia and Herzegovina,Norway,Neutral,0.577,2.123,7.0,17.8,75.1,7.7,1.6,2.0,73.7,7.0,8.1,11.2,88.8,"[{""score"": ""0 - 2"", ""pct"": 15.540000000000001}, {""score"": ""0 - 1"", ""pct"": 14.75}, {""score"": ""0 - 3"", ""pct"": 11.25}]"
Bosnia and Herzegovina,Egypt,Neutral,0.853,1.847,15.2,23.1,61.7,15.8,2.9,4.1,61.0,7.8,8.4,22.8,77.2,"[{""score"": ""0 - 1"", ""pct"": 13.33}, {""score"": ""0 - 2"", ""pct"": 11.3}, {""score"": ""1 - 1"", ""pct"": 10.4}]"
Bosnia and Herzegovina,Jordan,Neutral,0.779,1.921,13.6,21.8,64.6,13.8,2.8,3.3,64.2,7.4,8.5,19.9,80.1,"[{""score"": ""0 - 1"", ""pct"": 13.780000000000001}, {""score"": ""0 - 2"", ""pct"": 12.47}, {""score"": ""1 - 1"", ""pct"": 10.17}]"
Bosnia and Herzegovina,Iraq,Neutral,0.928,1.772,18.7,24.1,57.2,18.1,3.4,4.7,57.9,7.3,8.5,26.2,73.8,"[{""score"": ""0 - 1"", ""pct"": 12.44}, {""score"": ""1 - 1"", ""pct"": 11.06}, {""score"": ""0 - 2"", ""pct"": 9.969999999999999}]"
Bosnia and Herzegovina,Ivory Coast,Neutral,0.801,1.899,14.0,22.5,63.5,14.1,2.6,3.6,63.4,7.8,8.5,20.3,79.7,"[{""score"": ""0 - 1"", ""pct"": 13.63}, {""score"": ""0 - 2"", ""pct"": 12.13}, {""score"": ""1 - 1"", ""pct"": 10.33}]"
Bosnia and Herzegovina,Mexico,Neutral,0.508,2.192,6.1,16.8,77.0,6.2,1.3,1.4,76.3,7.3,7.6,8.8,91.2,"[{""score"": ""0 - 2"", ""pct"": 15.93}, {""score"": ""0 - 1"", ""pct"": 15.459999999999999}, {""score"": ""0 - 3"", ""pct"": 10.870000000000001}]"
Bosnia and Herzegovina,Tunisia,Neutral,0.956,1.744,19.4,24.5,56.1,19.4,3.8,4.8,56.0,7.3,8.6,28.0,72.0,"[{""score"": ""0 - 1"", ""pct"": 11.82}, {""score"": ""1 - 1"", ""pct"": 10.99}, {""score"": ""1 - 2"", ""pct"": 10.549999999999999}]"
Bosnia and Herzegovina,Portugal,Neutral,0.456,2.244,5.7,15.8,78.5,5.1,1.1,1.3,79.0,6.4,7.1,7.5,92.5,"[{""score"": ""0 - 2"", ""pct"": 16.43}, {""score"": ""0 - 1"", ""pct"": 15.89}, {""score"": ""0 - 3"", ""pct"": 12.31}]"
Bosnia and Herzegovina,Morocco,Neutral,0.475,2.225,5.1,16.0,78.9,5.7,1.1,1.5,78.5,6.3,7.0,8.3,91.7,"[{""score"": ""0 - 2"", ""pct"": 16.96}, {""score"": ""0 - 1"", ""pct"": 15.47}, {""score"": ""0 - 3"", ""pct"": 11.89}]"
Bosnia and Herzegovina,Germany,Neutral,0.529,2.171,6.9,17.3,75.8,6.7,1.4,1.9,76.1,6.8,7.1,10.0,90.0,"[{""score"": ""0 - 2"", ""pct"": 15.25}, {""score"": ""0 - 1"", ""pct"": 14.610000000000001}, {""score"": ""0 - 3"", ""pct"": 11.15}]"
Bosnia and Herzegovina,Argentina,Neutral,0.342,2.358,3.3,13.8,82.9,3.0,0.7,0.9,83.4,5.7,6.3,4.6,95.4,"[{""score"": ""0 - 2"", ""pct"": 18.66}, {""score"": ""0 - 1"", ""pct"": 17.41}, {""score"": ""0 - 3"", ""pct"": 13.88}]"
Bosnia and Herzegovina,Qatar,Neutral,1.455,1.245,41.6,27.0,31.4,41.5,7.2,7.8,31.4,5.4,6.7,56.5,43.5,"[{""score"": ""1 - 1"", ""pct"": 12.65}, {""score"": ""1 - 0"", ""pct"": 9.379999999999999}, {""score"": ""2 - 1"", ""pct"": 8.86}]"
Bosnia and Herzegovina,Czech Republic,Neutral,0.893,1.807,16.8,23.5,59.7,17.4,3.2,4.4,59.5,7.2,8.3,25.1,74.9,"[{""score"": ""0 - 1"", ""pct"": 12.25}, {""score"": ""0 - 2"", ""pct"": 10.99}, {""score"": ""1 - 1"", ""pct"": 10.549999999999999}]"
Bosnia and Herzegovina,New Zealand,Neutral,1.021,1.679,22.2,25.9,51.9,21.8,4.4,5.3,51.9,7.9,8.8,31.4,68.6,"[{""score"": ""1 - 1"", ""pct"": 11.51}, {""score"": ""0 - 1"", ""pct"": 11.33}, {""score"": ""1 - 2"", ""pct"": 9.59}]"
Bosnia and Herzegovina,Japan,Neutral,0.471,2.229,5.5,16.2,78.3,5.5,0.9,1.3,79.1,6.3,6.8,7.7,92.3,"[{""score"": ""0 - 2"", ""pct"": 16.580000000000002}, {""score"": ""0 - 1"", ""pct"": 15.14}, {""score"": ""0 - 3"", ""pct"": 12.64}]"
Bosnia and Herzegovina,DR Congo,Neutral,0.879,1.821,16.7,23.4,59.9,16.0,3.4,4.4,59.9,7.7,8.6,23.8,76.2,"[{""score"": ""0 - 1"", ""pct"": 12.49}, {""score"": ""0 - 2"", ""pct"": 11.15}, {""score"": ""1 - 1"", ""pct"": 10.91}]"
Bosnia and Herzegovina,Iran,Neutral,0.581,2.119,7.6,17.8,74.6,8.2,1.3,2.1,74.0,6.9,7.6,11.6,88.4,"[{""score"": ""0 - 2"", ""pct"": 15.28}, {""score"": ""0 - 1"", ""pct"": 14.979999999999999}, {""score"": ""0 - 3"", ""pct"": 10.549999999999999}]"
Bosnia and Herzegovina,Croatia,Neutral,0.552,2.148,7.4,18.0,74.6,7.0,1.4,2.1,74.7,6.7,8.1,10.5,89.5,"[{""score"": ""0 - 2"", ""pct"": 15.43}, {""score"": ""0 - 1"", ""pct"": 14.91}, {""score"": ""0 - 3"", ""pct"": 10.639999999999999}]"
Bosnia and Herzegovina,Ghana,Neutral,1.275,1.425,33.0,26.9,40.1,32.8,6.0,7.2,39.9,6.5,7.6,46.0,54.0,"[{""score"": ""1 - 1"", ""pct"": 12.1}, {""score"": ""0 - 1"", ""pct"": 9.66}, {""score"": ""1 - 2"", ""pct"": 9.13}]"
Bosnia and Herzegovina,Netherlands,Neutral,0.521,2.179,6.4,17.3,76.3,6.6,1.4,1.8,76.6,6.6,7.1,9.7,90.3,"[{""score"": ""0 - 2"", ""pct"": 16.08}, {""score"": ""0 - 1"", ""pct"": 15.17}, {""score"": ""0 - 3"", ""pct"": 11.559999999999999}]"
Bosnia and Herzegovina,Senegal,Neutral,0.6,2.1,8.5,18.4,73.0,8.5,1.6,2.1,72.4,7.5,7.9,12.2,87.8,"[{""score"": ""0 - 1"", ""pct"": 15.28}, {""score"": ""0 - 2"", ""pct"": 14.680000000000001}, {""score"": ""0 - 3"", ""pct"": 9.67}]"
Bosnia and Herzegovina,Uzbekistan,Neutral,0.671,2.029,10.5,19.9,69.6,10.1,2.1,2.8,70.0,7.0,7.9,15.0,84.9,"[{""score"": ""0 - 1"", ""pct"": 14.08}, {""score"": ""0 - 2"", ""pct"": 13.34}, {""score"": ""1 - 2"", ""pct"": 9.379999999999999}]"
Bosnia and Herzegovina,Scotland,Neutral,0.8,1.9,13.9,23.0,63.1,13.2,2.6,4.0,63.4,7.6,9.1,19.8,80.2,"[{""score"": ""0 - 1"", ""pct"": 13.04}, {""score"": ""0 - 2"", ""pct"": 11.57}, {""score"": ""1 - 1"", ""pct"": 10.65}]"
Bosnia and Herzegovina,Spain,Neutral,0.345,2.355,3.3,13.7,83.0,3.3,0.6,0.9,83.3,5.7,6.2,4.7,95.3,"[{""score"": ""0 - 2"", ""pct"": 18.26}, {""score"": ""0 - 1"", ""pct"": 16.86}, {""score"": ""0 - 3"", ""pct"": 14.249999999999998}]"
Bosnia and Herzegovina,Uruguay,Neutral,0.517,2.183,6.5,16.7,76.8,6.2,1.3,1.6,76.8,6.7,7.3,9.1,90.9,"[{""score"": ""0 - 2"", ""pct"": 16.23}, {""score"": ""0 - 1"", ""pct"": 15.35}, {""score"": ""0 - 3"", ""pct"": 10.89}]"
Bosnia and Herzegovina,Turkey,Neutral,0.588,2.112,8.4,18.0,73.5,7.5,1.6,1.9,73.9,7.3,7.7,11.1,88.9,"[{""score"": ""0 - 1"", ""pct"": 15.310000000000002}, {""score"": ""0 - 2"", ""pct"": 14.799999999999999}, {""score"": ""0 - 3"", ""pct"": 10.17}]"
Bosnia and Herzegovina,United States,Neutral,0.743,1.957,11.7,21.0,67.3,12.2,2.4,3.5,66.7,7.5,7.6,18.2,81.8,"[{""score"": ""0 - 1"", ""pct"": 13.87}, {""score"": ""0 - 2"", ""pct"": 12.7}, {""score"": ""1 - 2"", ""pct"": 9.93}]"
Bosnia and Herzegovina,Austria,Neutral,0.751,1.949,12.4,21.6,66.0,12.2,2.4,3.4,65.9,7.6,8.6,17.9,82.1,"[{""score"": ""0 - 1"", ""pct"": 14.17}, {""score"": ""0 - 2"", ""pct"": 12.6}, {""score"": ""1 - 1"", ""pct"": 9.87}]"
Bosnia and Herzegovina,Australia,Neutral,0.561,2.139,7.8,17.3,75.0,7.1,1.5,1.9,75.3,7.0,7.2,10.6,89.5,"[{""score"": ""0 - 2"", ""pct"": 15.65}, {""score"": ""0 - 1"", ""pct"": 14.81}, {""score"": ""0 - 3"", ""pct"": 10.299999999999999}]"
Bosnia and Herzegovina,Canada,Neutral,0.64,2.06,9.0,19.5,71.5,9.2,1.8,2.8,70.9,7.4,8.0,13.8,86.2,"[{""score"": ""0 - 1"", ""pct"": 14.69}, {""score"": ""0 - 2"", ""pct"": 13.87}, {""score"": ""1 - 2"", ""pct"": 9.64}]"
Bosnia and Herzegovina,Paraguay,Neutral,0.617,2.083,8.9,19.8,71.4,9.1,1.8,2.1,72.0,7.5,7.4,13.1,86.9,"[{""score"": ""0 - 2"", ""pct"": 14.729999999999999}, {""score"": ""0 - 1"", ""pct"": 14.46}, {""score"": ""0 - 3"", ""pct"": 9.46}]"
Bosnia and Herzegovina,France,Neutral,0.396,2.304,4.2,15.0,80.8,4.2,0.9,1.0,81.1,6.5,6.4,6.0,94.0,"[{""score"": ""0 - 2"", ""pct"": 17.580000000000002}, {""score"": ""0 - 1"", ""pct"": 16.25}, {""score"": ""0 - 3"", ""pct"": 13.58}]"
Bosnia and Herzegovina,England,Neutral,0.419,2.281,4.8,15.0,80.2,4.5,0.8,1.1,79.9,7.0,6.6,6.5,93.5,"[{""score"": ""0 - 2"", ""pct"": 16.77}, {""score"": ""0 - 1"", ""pct"": 15.67}, {""score"": ""0 - 3"", ""pct"": 12.41}]"
Bosnia and Herzegovina,Panama,Neutral,0.69,2.01,10.9,20.5,68.6,10.8,2.0,2.6,69.7,7.3,7.6,15.4,84.6,"[{""score"": ""0 - 2"", ""pct"": 13.8}, {""score"": ""0 - 1"", ""pct"": 13.780000000000001}, {""score"": ""1 - 2"", ""pct"": 9.65}]"
Bosnia and Herzegovina,South Korea,Neutral,0.603,2.097,8.8,19.0,72.2,8.5,1.6,2.1,73.2,7.0,7.6,12.2,87.8,"[{""score"": ""0 - 1"", ""pct"": 15.290000000000001}, {""score"": ""0 - 2"", ""pct"": 14.499999999999998}, {""score"": ""0 - 3"", ""pct"": 9.98}]"
Ghana,Ecuador,Neutral,0.503,2.197,5.9,17.2,76.9,5.9,1.2,1.9,76.8,6.9,7.3,9.0,91.0,"[{""score"": ""0 - 2"", ""pct"": 16.009999999999998}, {""score"": ""0 - 1"", ""pct"": 15.129999999999999}, {""score"": ""0 - 3"", ""pct"": 11.559999999999999}]"
Ghana,Curaçao,Neutral,1.384,1.316,37.4,27.4,35.3,37.5,6.6,7.8,34.9,6.0,7.2,52.0,48.0,"[{""score"": ""1 - 1"", ""pct"": 12.55}, {""score"": ""0 - 1"", ""pct"": 9.24}, {""score"": ""1 - 0"", ""pct"": 9.180000000000001}]"
Ghana,Saudi Arabia,Neutral,1.111,1.589,25.8,26.5,47.8,24.9,4.8,5.7,48.7,7.2,8.6,35.5,64.5,"[{""score"": ""1 - 1"", ""pct"": 12.21}, {""score"": ""0 - 1"", ""pct"": 11.33}, {""score"": ""0 - 2"", ""pct"": 8.709999999999999}]"
Ghana,South Africa,Neutral,1.257,1.443,31.4,25.8,42.8,31.7,5.5,7.0,41.0,6.6,8.2,44.2,55.8,"[{""score"": ""1 - 1"", ""pct"": 11.559999999999999}, {""score"": ""0 - 1"", ""pct"": 10.58}, {""score"": ""1 - 2"", ""pct"": 9.520000000000001}]"
Ghana,Brazil,Neutral,0.466,2.234,5.1,16.0,78.9,5.4,1.1,1.3,79.2,6.6,6.4,7.8,92.2,"[{""score"": ""0 - 2"", ""pct"": 16.82}, {""score"": ""0 - 1"", ""pct"": 15.76}, {""score"": ""0 - 3"", ""pct"": 12.5}]"
Ghana,Switzerland,Neutral,0.66,2.04,10.0,19.7,70.3,9.9,1.8,2.8,70.0,7.6,7.9,14.5,85.5,"[{""score"": ""0 - 2"", ""pct"": 14.38}, {""score"": ""0 - 1"", ""pct"": 13.73}, {""score"": ""1 - 2"", ""pct"": 9.34}]"
Ghana,Algeria,Neutral,0.68,2.02,10.7,19.6,69.7,10.2,2.1,3.0,68.7,7.5,8.5,15.3,84.7,"[{""score"": ""0 - 1"", ""pct"": 13.780000000000001}, {""score"": ""0 - 2"", ""pct"": 13.68}, {""score"": ""1 - 2"", ""pct"": 9.77}]"
Ghana,Cape Verde,Neutral,1.34,1.36,36.4,26.7,36.9,35.9,6.0,7.5,37.0,6.3,7.3,49.4,50.6,"[{""score"": ""1 - 1"", ""pct"": 11.76}, {""score"": ""0 - 1"", ""pct"": 9.16}, {""score"": ""1 - 0"", ""pct"": 9.08}]"
Ghana,Haiti,Neutral,1.044,1.656,22.8,25.0,52.2,22.2,4.1,5.7,51.9,7.8,8.3,32.0,68.0,"[{""score"": ""0 - 1"", ""pct"": 11.84}, {""score"": ""1 - 1"", ""pct"": 11.59}, {""score"": ""1 - 2"", ""pct"": 9.879999999999999}]"
Ghana,Colombia,Neutral,0.463,2.237,4.8,16.1,79.1,5.3,1.2,1.4,78.6,6.6,6.9,7.9,92.1,"[{""score"": ""0 - 2"", ""pct"": 16.3}, {""score"": ""0 - 1"", ""pct"": 15.840000000000002}, {""score"": ""0 - 3"", ""pct"": 12.13}]"
Ghana,Belgium,Neutral,0.638,2.062,9.3,20.1,70.6,9.2,2.2,2.8,70.9,7.3,7.7,14.1,85.9,"[{""score"": ""0 - 2"", ""pct"": 14.46}, {""score"": ""0 - 1"", ""pct"": 14.23}, {""score"": ""1 - 2"", ""pct"": 9.13}]"
Ghana,Sweden,Neutral,1.12,1.58,26.8,26.4,46.9,25.7,4.6,6.1,47.5,7.1,8.9,36.5,63.5,"[{""score"": ""1 - 1"", ""pct"": 11.790000000000001}, {""score"": ""0 - 1"", ""pct"": 11.48}, {""score"": ""1 - 2"", ""pct"": 9.04}]"
Ghana,Norway,Neutral,0.617,2.083,8.6,19.4,72.0,9.0,1.7,2.1,72.2,7.1,7.8,12.8,87.2,"[{""score"": ""0 - 2"", ""pct"": 15.02}, {""score"": ""0 - 1"", ""pct"": 14.29}, {""score"": ""0 - 3"", ""pct"": 9.92}]"
Ghana,Egypt,Neutral,0.915,1.785,18.5,23.6,57.9,17.8,3.5,4.4,58.0,7.8,8.6,25.6,74.4,"[{""score"": ""0 - 1"", ""pct"": 12.46}, {""score"": ""0 - 2"", ""pct"": 10.39}, {""score"": ""1 - 1"", ""pct"": 10.34}]"
Ghana,Jordan,Neutral,0.836,1.864,15.6,22.2,62.2,15.4,2.6,3.8,62.2,7.3,8.6,21.9,78.1,"[{""score"": ""0 - 1"", ""pct"": 13.089999999999998}, {""score"": ""0 - 2"", ""pct"": 11.77}, {""score"": ""1 - 1"", ""pct"": 10.05}]"
Ghana,Iraq,Neutral,0.993,1.707,21.3,24.9,53.8,20.2,3.7,5.2,55.2,7.1,8.6,29.2,70.8,"[{""score"": ""0 - 1"", ""pct"": 12.08}, {""score"": ""1 - 1"", ""pct"": 11.31}, {""score"": ""1 - 2"", ""pct"": 9.85}]"
Ghana,Ivory Coast,Neutral,0.859,1.841,15.7,22.9,61.4,15.8,3.2,4.1,60.2,7.8,8.8,23.2,76.8,"[{""score"": ""0 - 1"", ""pct"": 12.690000000000001}, {""score"": ""0 - 2"", ""pct"": 12.09}, {""score"": ""1 - 1"", ""pct"": 10.42}]"
Ghana,Mexico,Neutral,0.541,2.159,6.6,17.9,75.5,6.6,1.5,1.8,75.5,7.0,7.6,9.9,90.1,"[{""score"": ""0 - 2"", ""pct"": 16.04}, {""score"": ""0 - 1"", ""pct"": 14.979999999999999}, {""score"": ""0 - 3"", ""pct"": 10.67}]"
Ghana,Tunisia,Neutral,1.022,1.678,22.6,25.2,52.2,22.4,4.4,5.2,52.5,7.4,8.0,32.1,67.9,"[{""score"": ""0 - 1"", ""pct"": 11.81}, {""score"": ""1 - 1"", ""pct"": 11.52}, {""score"": ""1 - 2"", ""pct"": 9.69}]"
Ghana,Portugal,Neutral,0.483,2.217,5.8,16.3,78.0,6.2,1.1,1.4,78.1,6.3,6.9,8.7,91.3,"[{""score"": ""0 - 2"", ""pct"": 16.400000000000002}, {""score"": ""0 - 1"", ""pct"": 15.909999999999998}, {""score"": ""0 - 3"", ""pct"": 11.15}]"
Ghana,Morocco,Neutral,0.503,2.197,6.0,17.1,76.9,6.2,1.1,1.3,77.4,6.8,7.2,8.6,91.4,"[{""score"": ""0 - 2"", ""pct"": 16.189999999999998}, {""score"": ""0 - 1"", ""pct"": 14.81}, {""score"": ""0 - 3"", ""pct"": 11.379999999999999}]"
Ghana,Germany,Neutral,0.564,2.136,7.7,17.6,74.7,7.2,1.2,1.9,75.4,6.7,7.6,10.3,89.7,"[{""score"": ""0 - 2"", ""pct"": 15.190000000000001}, {""score"": ""0 - 1"", ""pct"": 14.46}, {""score"": ""0 - 3"", ""pct"": 10.32}]"
Ghana,Argentina,Neutral,0.355,2.345,3.4,13.5,83.1,3.3,0.6,1.0,83.3,5.8,6.0,4.9,95.1,"[{""score"": ""0 - 2"", ""pct"": 18.91}, {""score"": ""0 - 1"", ""pct"": 15.58}, {""score"": ""0 - 3"", ""pct"": 13.719999999999999}]"
Ghana,Qatar,Neutral,1.528,1.172,45.1,27.2,27.7,45.3,6.9,7.9,28.5,4.7,6.7,60.1,39.9,"[{""score"": ""1 - 1"", ""pct"": 12.44}, {""score"": ""1 - 0"", ""pct"": 10.65}, {""score"": ""2 - 1"", ""pct"": 9.629999999999999}]"
Ghana,Czech Republic,Neutral,0.956,1.744,19.9,24.5,55.6,18.7,3.8,5.1,56.0,7.2,9.1,27.7,72.3,"[{""score"": ""0 - 1"", ""pct"": 12.32}, {""score"": ""1 - 1"", ""pct"": 11.25}, {""score"": ""0 - 2"", ""pct"": 9.85}]"
Ghana,New Zealand,Neutral,1.091,1.609,25.1,26.7,48.2,24.7,4.7,5.5,49.2,7.6,8.3,34.8,65.2,"[{""score"": ""1 - 1"", ""pct"": 11.75}, {""score"": ""0 - 1"", ""pct"": 11.61}, {""score"": ""1 - 2"", ""pct"": 9.35}]"
Ghana,Japan,Neutral,0.5,2.2,6.1,16.6,77.4,6.1,1.1,1.8,77.5,6.6,6.9,9.0,91.0,"[{""score"": ""0 - 2"", ""pct"": 16.36}, {""score"": ""0 - 1"", ""pct"": 15.129999999999999}, {""score"": ""0 - 3"", ""pct"": 11.600000000000001}]"
Ghana,DR Congo,Neutral,0.942,1.758,19.4,24.1,56.5,18.8,3.6,4.7,57.0,7.0,9.0,27.1,73.0,"[{""score"": ""0 - 1"", ""pct"": 11.65}, {""score"": ""1 - 1"", ""pct"": 10.67}, {""score"": ""0 - 2"", ""pct"": 10.37}]"
Ghana,Iran,Neutral,0.621,2.079,9.4,18.6,71.9,9.4,1.7,2.2,72.0,6.7,8.1,13.2,86.8,"[{""score"": ""0 - 1"", ""pct"": 14.85}, {""score"": ""0 - 2"", ""pct"": 14.360000000000001}, {""score"": ""0 - 3"", ""pct"": 9.73}]"
Ghana,Croatia,Neutral,0.589,2.111,8.2,19.1,72.8,7.8,1.8,2.2,73.2,7.0,8.1,11.7,88.3,"[{""score"": ""0 - 2"", ""pct"": 14.899999999999999}, {""score"": ""0 - 1"", ""pct"": 14.34}, {""score"": ""0 - 3"", ""pct"": 10.18}]"
Ghana,Bosnia and Herzegovina,Neutral,1.425,1.275,39.8,27.6,32.6,39.8,6.6,8.3,32.8,5.4,7.1,54.6,45.4,"[{""score"": ""1 - 1"", ""pct"": 12.45}, {""score"": ""1 - 0"", ""pct"": 9.59}, {""score"": ""0 - 1"", ""pct"": 8.58}]"
Ghana,Netherlands,Neutral,0.554,2.146,6.6,17.4,76.0,7.3,1.5,2.0,74.8,6.6,7.7,10.8,89.2,"[{""score"": ""0 - 2"", ""pct"": 15.559999999999999}, {""score"": ""0 - 1"", ""pct"": 15.229999999999999}, {""score"": ""0 - 3"", ""pct"": 10.47}]"
Ghana,Senegal,Neutral,0.642,2.058,9.8,19.2,71.0,8.7,1.9,2.3,71.6,7.4,8.1,12.9,87.1,"[{""score"": ""0 - 1"", ""pct"": 14.180000000000001}, {""score"": ""0 - 2"", ""pct"": 14.16}, {""score"": ""0 - 3"", ""pct"": 9.56}]"
Ghana,Uzbekistan,Neutral,0.719,1.981,11.4,21.6,67.1,11.2,2.4,2.7,67.8,7.4,8.5,16.3,83.7,"[{""score"": ""0 - 1"", ""pct"": 14.04}, {""score"": ""0 - 2"", ""pct"": 12.9}, {""score"": ""1 - 1"", ""pct"": 9.83}]"
Ghana,Scotland,Neutral,0.858,1.842,15.6,23.3,61.1,16.5,3.2,3.8,60.8,7.4,8.3,23.4,76.6,"[{""score"": ""0 - 1"", ""pct"": 12.75}, {""score"": ""0 - 2"", ""pct"": 12.17}, {""score"": ""1 - 1"", ""pct"": 10.42}]"
Ghana,Spain,Neutral,0.358,2.342,3.7,13.4,83.0,3.7,0.6,1.0,82.7,5.7,6.3,5.3,94.7,"[{""score"": ""0 - 2"", ""pct"": 18.5}, {""score"": ""0 - 1"", ""pct"": 17.580000000000002}, {""score"": ""0 - 3"", ""pct"": 13.930000000000001}]"
Ghana,Uruguay,Neutral,0.551,2.149,7.1,18.0,74.9,7.1,1.2,1.8,75.6,6.9,7.3,10.1,89.8,"[{""score"": ""0 - 2"", ""pct"": 15.340000000000002}, {""score"": ""0 - 1"", ""pct"": 15.28}, {""score"": ""0 - 3"", ""pct"": 10.51}]"
Ghana,Turkey,Neutral,0.629,2.071,8.7,19.1,72.2,9.2,1.6,2.5,70.9,7.8,8.0,13.3,86.7,"[{""score"": ""0 - 1"", ""pct"": 14.42}, {""score"": ""0 - 2"", ""pct"": 14.29}, {""score"": ""0 - 3"", ""pct"": 9.99}]"
Ghana,United States,Neutral,0.797,1.903,13.8,22.5,63.7,13.9,2.7,3.7,63.9,7.3,8.5,20.2,79.8,"[{""score"": ""0 - 1"", ""pct"": 13.19}, {""score"": ""0 - 2"", ""pct"": 11.58}, {""score"": ""1 - 2"", ""pct"": 10.190000000000001}]"
Ghana,Austria,Neutral,0.805,1.895,13.8,23.5,62.7,14.2,2.8,3.4,63.8,7.6,8.2,20.4,79.6,"[{""score"": ""0 - 1"", ""pct"": 12.989999999999998}, {""score"": ""0 - 2"", ""pct"": 12.02}, {""score"": ""1 - 1"", ""pct"": 10.6}]"
Ghana,Australia,Neutral,0.599,2.101,7.9,18.9,73.1,8.1,1.5,2.2,73.2,7.4,7.5,11.8,88.2,"[{""score"": ""0 - 2"", ""pct"": 15.36}, {""score"": ""0 - 1"", ""pct"": 14.580000000000002}, {""score"": ""0 - 3"", ""pct"": 10.24}]"
Ghana,Canada,Neutral,0.685,2.015,10.0,20.7,69.3,10.1,2.2,2.9,69.8,7.1,8.0,15.2,84.8,"[{""score"": ""0 - 1"", ""pct"": 14.41}, {""score"": ""0 - 2"", ""pct"": 13.43}, {""score"": ""1 - 2"", ""pct"": 9.77}]"
Ghana,Paraguay,Neutral,0.661,2.039,10.1,19.7,70.2,9.8,2.1,2.5,70.2,7.4,8.0,14.5,85.5,"[{""score"": ""0 - 1"", ""pct"": 14.71}, {""score"": ""0 - 2"", ""pct"": 13.350000000000001}, {""score"": ""1 - 2"", ""pct"": 9.27}]"
Ghana,France,Neutral,0.415,2.285,4.3,14.8,80.9,4.7,0.8,1.2,80.8,6.3,6.3,6.6,93.4,"[{""score"": ""0 - 2"", ""pct"": 17.87}, {""score"": ""0 - 1"", ""pct"": 16.259999999999998}, {""score"": ""0 - 3"", ""pct"": 12.950000000000001}]"
Ghana,England,Neutral,0.442,2.258,4.8,15.0,80.2,4.8,0.8,1.2,79.7,6.7,6.8,6.8,93.2,"[{""score"": ""0 - 2"", ""pct"": 17.5}, {""score"": ""0 - 1"", ""pct"": 16.259999999999998}, {""score"": ""0 - 3"", ""pct"": 12.879999999999999}]"
Ghana,Panama,Neutral,0.739,1.961,11.9,21.2,66.9,11.9,2.3,3.0,66.8,7.3,8.6,17.3,82.7,"[{""score"": ""0 - 1"", ""pct"": 13.34}, {""score"": ""0 - 2"", ""pct"": 13.100000000000001}, {""score"": ""1 - 2"", ""pct"": 9.74}]"
Ghana,South Korea,Neutral,0.645,2.055,9.5,19.5,71.0,9.3,1.9,2.5,70.9,7.2,8.2,13.7,86.3,"[{""score"": ""0 - 2"", ""pct"": 14.34}, {""score"": ""0 - 1"", ""pct"": 14.26}, {""score"": ""1 - 2"", ""pct"": 9.21}]"
Netherlands,Ecuador,Neutral,1.235,1.465,31.1,27.4,41.5,30.1,5.8,6.9,42.3,7.1,7.7,42.8,57.2,"[{""score"": ""1 - 1"", ""pct"": 12.33}, {""score"": ""0 - 1"", ""pct"": 9.700000000000001}, {""score"": ""1 - 2"", ""pct"": 8.93}]"
Netherlands,Curaçao,Neutral,2.161,0.539,75.2,17.4,7.3,76.0,7.0,7.2,6.9,1.1,1.8,90.2,9.8,"[{""score"": ""2 - 0"", ""pct"": 15.790000000000001}, {""score"": ""1 - 0"", ""pct"": 15.0}, {""score"": ""3 - 0"", ""pct"": 10.870000000000001}]"
Netherlands,Saudi Arabia,Neutral,2.01,0.69,68.1,20.8,11.1,68.3,7.5,8.3,10.8,2.3,2.7,84.2,15.9,"[{""score"": ""1 - 0"", ""pct"": 13.88}, {""score"": ""2 - 0"", ""pct"": 13.86}, {""score"": ""2 - 1"", ""pct"": 9.19}]"
Netherlands,South Africa,Neutral,2.098,0.602,73.3,18.6,8.1,73.0,6.9,7.8,8.3,1.7,2.2,87.8,12.2,"[{""score"": ""1 - 0"", ""pct"": 14.57}, {""score"": ""2 - 0"", ""pct"": 14.48}, {""score"": ""3 - 0"", ""pct"": 10.23}]"
Netherlands,Brazil,Neutral,1.138,1.562,27.3,25.9,46.9,26.6,4.8,6.3,46.5,7.5,8.4,37.7,62.3,"[{""score"": ""1 - 1"", ""pct"": 11.98}, {""score"": ""0 - 1"", ""pct"": 10.780000000000001}, {""score"": ""1 - 2"", ""pct"": 9.68}]"
Netherlands,Switzerland,Neutral,1.543,1.157,45.4,27.5,27.2,46.1,7.3,8.2,27.6,4.8,6.0,61.6,38.4,"[{""score"": ""1 - 1"", ""pct"": 12.35}, {""score"": ""1 - 0"", ""pct"": 10.489999999999998}, {""score"": ""2 - 1"", ""pct"": 9.15}]"
Netherlands,Algeria,Neutral,1.575,1.125,48.2,26.3,25.5,47.1,7.0,8.4,26.3,5.4,5.8,62.5,37.5,"[{""score"": ""1 - 1"", ""pct"": 11.91}, {""score"": ""1 - 0"", ""pct"": 11.32}, {""score"": ""2 - 1"", ""pct"": 9.55}]"
Netherlands,Cape Verde,Neutral,2.141,0.559,75.0,17.5,7.5,74.2,7.2,7.4,7.8,1.4,2.0,88.9,11.1,"[{""score"": ""2 - 0"", ""pct"": 15.8}, {""score"": ""1 - 0"", ""pct"": 15.09}, {""score"": ""3 - 0"", ""pct"": 10.18}]"
Netherlands,Haiti,Neutral,1.963,0.737,67.9,20.9,11.2,65.9,7.2,9.3,12.0,2.5,3.1,82.4,17.6,"[{""score"": ""1 - 0"", ""pct"": 14.46}, {""score"": ""2 - 0"", ""pct"": 13.29}, {""score"": ""2 - 1"", ""pct"": 9.83}]"
Netherlands,Colombia,Neutral,1.129,1.571,26.3,26.5,47.2,25.5,5.0,6.4,47.2,7.4,8.5,36.9,63.1,"[{""score"": ""1 - 1"", ""pct"": 12.1}, {""score"": ""0 - 1"", ""pct"": 10.6}, {""score"": ""1 - 2"", ""pct"": 9.67}]"
Netherlands,Belgium,Neutral,1.507,1.193,44.1,27.6,28.3,43.9,7.2,8.1,29.0,5.3,6.4,59.3,40.7,"[{""score"": ""1 - 1"", ""pct"": 12.690000000000001}, {""score"": ""1 - 0"", ""pct"": 9.99}, {""score"": ""2 - 1"", ""pct"": 9.24}]"
Netherlands,Sweden,Neutral,2.017,0.683,69.6,20.1,10.3,69.0,7.3,8.2,10.8,1.9,2.9,84.5,15.5,"[{""score"": ""2 - 0"", ""pct"": 14.08}, {""score"": ""1 - 0"", ""pct"": 13.77}, {""score"": ""3 - 0"", ""pct"": 9.08}]"
Netherlands,Norway,Neutral,1.471,1.229,42.2,27.1,30.7,42.7,6.7,8.2,30.5,5.3,6.6,57.6,42.4,"[{""score"": ""1 - 1"", ""pct"": 12.3}, {""score"": ""1 - 0"", ""pct"": 10.07}, {""score"": ""2 - 1"", ""pct"": 9.22}]"
Netherlands,Egypt,Neutral,1.855,0.845,61.9,22.6,15.5,61.5,7.2,8.9,15.5,3.2,3.8,77.6,22.4,"[{""score"": ""1 - 0"", ""pct"": 12.64}, {""score"": ""2 - 0"", ""pct"": 11.83}, {""score"": ""2 - 1"", ""pct"": 10.280000000000001}]"
Netherlands,Jordan,Neutral,1.775,0.925,57.1,24.6,18.3,57.9,7.1,9.1,18.0,3.4,4.5,74.1,25.9,"[{""score"": ""1 - 0"", ""pct"": 12.44}, {""score"": ""1 - 1"", ""pct"": 11.05}, {""score"": ""2 - 0"", ""pct"": 10.059999999999999}]"
Netherlands,Iraq,Neutral,1.923,0.777,65.0,22.4,12.6,65.6,7.3,7.8,13.2,2.5,3.6,80.7,19.3,"[{""score"": ""1 - 0"", ""pct"": 13.83}, {""score"": ""2 - 0"", ""pct"": 12.25}, {""score"": ""1 - 1"", ""pct"": 10.100000000000001}]"
Netherlands,Ivory Coast,Neutral,1.8,0.9,59.0,23.6,17.4,58.9,7.3,9.1,16.9,3.7,4.1,75.3,24.7,"[{""score"": ""1 - 0"", ""pct"": 12.7}, {""score"": ""1 - 1"", ""pct"": 10.95}, {""score"": ""2 - 0"", ""pct"": 10.66}]"
Netherlands,Mexico,Neutral,1.32,1.38,34.3,27.5,38.1,34.3,5.8,7.4,38.6,6.0,8.0,47.5,52.5,"[{""score"": ""1 - 1"", ""pct"": 11.86}, {""score"": ""0 - 1"", ""pct"": 9.030000000000001}, {""score"": ""1 - 0"", ""pct"": 8.649999999999999}]"
Netherlands,Tunisia,Neutral,1.946,0.754,65.8,21.8,12.4,66.0,7.6,8.3,12.6,2.5,3.1,81.9,18.1,"[{""score"": ""1 - 0"", ""pct"": 13.43}, {""score"": ""2 - 0"", ""pct"": 12.86}, {""score"": ""1 - 1"", ""pct"": 9.5}]"
Netherlands,Portugal,Neutral,1.184,1.516,29.3,26.2,44.5,28.8,5.3,6.8,43.8,7.0,8.3,40.9,59.1,"[{""score"": ""1 - 1"", ""pct"": 11.88}, {""score"": ""0 - 1"", ""pct"": 10.290000000000001}, {""score"": ""1 - 2"", ""pct"": 9.06}]"
Netherlands,Morocco,Neutral,1.235,1.465,31.0,27.5,41.5,30.4,5.4,6.6,42.8,7.0,7.8,42.4,57.6,"[{""score"": ""1 - 1"", ""pct"": 13.239999999999998}, {""score"": ""0 - 1"", ""pct"": 9.84}, {""score"": ""1 - 2"", ""pct"": 9.0}]"
Netherlands,Germany,Neutral,1.37,1.33,37.0,27.4,35.6,37.5,6.3,8.0,35.6,5.5,7.1,51.8,48.2,"[{""score"": ""1 - 1"", ""pct"": 12.120000000000001}, {""score"": ""0 - 1"", ""pct"": 9.700000000000001}, {""score"": ""1 - 0"", ""pct"": 8.85}]"
Netherlands,Argentina,Neutral,0.774,1.926,13.5,22.1,64.4,13.5,2.3,3.5,63.8,7.7,9.2,19.3,80.7,"[{""score"": ""0 - 1"", ""pct"": 13.25}, {""score"": ""0 - 2"", ""pct"": 12.24}, {""score"": ""1 - 1"", ""pct"": 10.07}]"
Netherlands,Qatar,Neutral,2.222,0.478,77.8,16.4,5.8,77.8,6.8,7.2,5.4,1.3,1.5,91.8,8.2,"[{""score"": ""2 - 0"", ""pct"": 16.93}, {""score"": ""1 - 0"", ""pct"": 15.340000000000002}, {""score"": ""3 - 0"", ""pct"": 11.89}]"
Netherlands,Czech Republic,Neutral,1.892,0.808,63.8,21.8,14.4,63.0,7.9,8.1,13.9,2.9,4.1,79.0,21.0,"[{""score"": ""1 - 0"", ""pct"": 12.9}, {""score"": ""2 - 0"", ""pct"": 11.600000000000001}, {""score"": ""2 - 1"", ""pct"": 10.13}]"
Netherlands,New Zealand,Neutral,1.996,0.704,67.8,20.9,11.3,68.5,8.1,7.9,10.7,1.9,3.0,84.4,15.6,"[{""score"": ""1 - 0"", ""pct"": 14.02}, {""score"": ""2 - 0"", ""pct"": 12.889999999999999}, {""score"": ""2 - 1"", ""pct"": 9.51}]"
Netherlands,Japan,Neutral,1.226,1.474,31.3,26.5,42.3,31.0,5.1,6.4,42.7,7.1,7.7,42.4,57.5,"[{""score"": ""1 - 1"", ""pct"": 11.85}, {""score"": ""0 - 1"", ""pct"": 10.39}, {""score"": ""1 - 2"", ""pct"": 8.81}]"
Netherlands,DR Congo,Neutral,1.88,0.82,62.1,23.3,14.6,62.5,7.9,8.5,14.5,2.8,3.7,79.0,21.0,"[{""score"": ""1 - 0"", ""pct"": 13.139999999999999}, {""score"": ""2 - 0"", ""pct"": 11.16}, {""score"": ""1 - 1"", ""pct"": 10.37}]"
Netherlands,Iran,Neutral,1.478,1.222,42.7,26.8,30.6,43.6,6.9,8.1,29.6,5.1,6.7,58.6,41.4,"[{""score"": ""1 - 1"", ""pct"": 11.78}, {""score"": ""1 - 0"", ""pct"": 10.15}, {""score"": ""2 - 1"", ""pct"": 8.93}]"
Netherlands,Croatia,Neutral,1.42,1.28,40.5,26.5,33.0,39.9,6.7,7.5,33.0,5.7,7.2,54.1,45.9,"[{""score"": ""1 - 1"", ""pct"": 12.22}, {""score"": ""1 - 0"", ""pct"": 9.53}, {""score"": ""2 - 1"", ""pct"": 8.98}]"
Netherlands,Bosnia and Herzegovina,Neutral,2.179,0.521,76.7,16.4,6.9,76.4,7.3,7.3,6.4,1.0,1.5,91.1,8.9,"[{""score"": ""2 - 0"", ""pct"": 16.150000000000002}, {""score"": ""1 - 0"", ""pct"": 15.299999999999999}, {""score"": ""3 - 0"", ""pct"": 10.879999999999999}]"
Netherlands,Ghana,Neutral,2.146,0.554,75.8,17.6,6.6,75.1,6.9,7.9,7.0,1.4,1.7,89.9,10.1,"[{""score"": ""1 - 0"", ""pct"": 15.440000000000001}, {""score"": ""2 - 0"", ""pct"": 15.09}, {""score"": ""3 - 0"", ""pct"": 10.93}]"
Netherlands,Senegal,Neutral,1.513,1.187,45.7,26.0,28.3,45.2,6.8,8.5,28.1,4.8,6.7,60.4,39.6,"[{""score"": ""1 - 1"", ""pct"": 11.76}, {""score"": ""1 - 0"", ""pct"": 10.979999999999999}, {""score"": ""2 - 1"", ""pct"": 9.3}]"
Netherlands,Uzbekistan,Neutral,1.631,1.069,50.1,26.5,23.4,49.8,7.6,8.6,23.5,4.5,5.9,66.0,34.0,"[{""score"": ""1 - 1"", ""pct"": 12.08}, {""score"": ""1 - 0"", ""pct"": 11.18}, {""score"": ""2 - 1"", ""pct"": 9.31}]"
Netherlands,Scotland,Neutral,1.798,0.902,59.2,23.2,17.7,60.0,7.4,8.7,16.7,2.9,4.4,76.0,23.9,"[{""score"": ""1 - 0"", ""pct"": 12.61}, {""score"": ""1 - 1"", ""pct"": 10.93}, {""score"": ""2 - 0"", ""pct"": 10.65}]"
Netherlands,Spain,Neutral,0.785,1.915,13.3,21.9,64.8,13.9,2.7,3.4,64.0,7.5,8.6,19.9,80.1,"[{""score"": ""0 - 1"", ""pct"": 13.55}, {""score"": ""0 - 2"", ""pct"": 12.870000000000001}, {""score"": ""1 - 1"", ""pct"": 9.790000000000001}]"
Netherlands,Uruguay,Neutral,1.342,1.358,36.4,27.0,36.6,36.5,6.1,7.5,36.6,6.0,7.4,50.0,50.0,"[{""score"": ""1 - 1"", ""pct"": 12.06}, {""score"": ""0 - 1"", ""pct"": 9.44}, {""score"": ""1 - 0"", ""pct"": 9.19}]"
Netherlands,Turkey,Neutral,1.492,1.208,44.0,26.4,29.6,41.9,6.6,8.7,30.9,5.4,6.5,57.2,42.8,"[{""score"": ""1 - 1"", ""pct"": 11.690000000000001}, {""score"": ""1 - 0"", ""pct"": 10.41}, {""score"": ""2 - 1"", ""pct"": 9.29}]"
Netherlands,United States,Neutral,1.731,0.969,54.8,25.4,19.8,55.9,7.3,8.3,20.0,4.0,4.5,71.5,28.5,"[{""score"": ""1 - 0"", ""pct"": 11.84}, {""score"": ""1 - 1"", ""pct"": 11.42}, {""score"": ""2 - 0"", ""pct"": 9.98}]"
Netherlands,Austria,Neutral,1.741,0.959,55.5,24.7,19.8,56.4,7.3,7.9,19.5,3.9,4.9,71.6,28.4,"[{""score"": ""1 - 0"", ""pct"": 11.92}, {""score"": ""1 - 1"", ""pct"": 11.32}, {""score"": ""2 - 1"", ""pct"": 10.059999999999999}]"
Netherlands,Australia,Neutral,1.438,1.262,41.1,27.1,31.9,41.1,6.6,7.3,32.4,5.5,7.1,55.0,45.0,"[{""score"": ""1 - 1"", ""pct"": 12.02}, {""score"": ""1 - 0"", ""pct"": 10.03}, {""score"": ""2 - 1"", ""pct"": 8.799999999999999}]"
Netherlands,Canada,Neutral,1.582,1.118,47.9,26.5,25.6,47.9,7.1,8.7,26.0,4.7,5.7,63.6,36.4,"[{""score"": ""1 - 1"", ""pct"": 11.92}, {""score"": ""1 - 0"", ""pct"": 11.08}, {""score"": ""2 - 1"", ""pct"": 9.67}]"
Netherlands,Paraguay,Neutral,1.545,1.155,45.9,26.6,27.6,46.1,7.0,8.0,28.1,4.7,6.1,61.1,38.9,"[{""score"": ""1 - 1"", ""pct"": 11.95}, {""score"": ""1 - 0"", ""pct"": 10.68}, {""score"": ""2 - 1"", ""pct"": 9.2}]"
Netherlands,France,Neutral,0.989,1.711,20.2,25.9,53.9,20.8,3.9,4.8,54.8,7.4,8.3,29.4,70.6,"[{""score"": ""0 - 1"", ""pct"": 12.139999999999999}, {""score"": ""1 - 1"", ""pct"": 11.87}, {""score"": ""0 - 2"", ""pct"": 9.520000000000001}]"
Netherlands,England,Neutral,1.069,1.631,23.8,25.3,50.9,24.1,4.6,5.5,49.1,7.6,9.1,34.2,65.8,"[{""score"": ""0 - 1"", ""pct"": 11.559999999999999}, {""score"": ""1 - 1"", ""pct"": 11.559999999999999}, {""score"": ""1 - 2"", ""pct"": 9.45}]"
Netherlands,Panama,Neutral,1.659,1.041,51.8,25.2,23.0,51.4,7.5,8.6,23.1,4.0,5.4,67.5,32.5,"[{""score"": ""1 - 1"", ""pct"": 11.34}, {""score"": ""1 - 0"", ""pct"": 11.17}, {""score"": ""2 - 1"", ""pct"": 9.91}]"
Netherlands,South Korea,Neutral,1.519,1.181,44.9,26.4,28.7,45.2,6.8,7.7,29.1,4.9,6.3,59.7,40.3,"[{""score"": ""1 - 1"", ""pct"": 11.81}, {""score"": ""1 - 0"", ""pct"": 10.52}, {""score"": ""2 - 1"", ""pct"": 8.790000000000001}]"
Senegal,Ecuador,Neutral,1.076,1.624,23.9,25.7,50.4,24.1,4.6,5.7,50.3,6.7,8.7,34.3,65.7,"[{""score"": ""1 - 1"", ""pct"": 11.82}, {""score"": ""0 - 1"", ""pct"": 11.52}, {""score"": ""1 - 2"", ""pct"": 10.16}]"
Senegal,Curaçao,Neutral,2.078,0.622,72.2,18.9,9.0,71.6,7.2,8.0,9.0,1.8,2.4,86.8,13.2,"[{""score"": ""1 - 0"", ""pct"": 15.14}, {""score"": ""2 - 0"", ""pct"": 14.099999999999998}, {""score"": ""3 - 0"", ""pct"": 9.25}]"
Senegal,Saudi Arabia,Neutral,1.895,0.805,63.8,22.5,13.6,63.9,7.7,8.7,13.4,2.6,3.7,80.4,19.6,"[{""score"": ""1 - 0"", ""pct"": 13.22}, {""score"": ""2 - 0"", ""pct"": 11.790000000000001}, {""score"": ""1 - 1"", ""pct"": 10.12}]"
Senegal,South Africa,Neutral,2.001,0.699,68.8,20.3,10.9,68.3,7.1,8.2,10.9,2.7,2.8,83.6,16.4,"[{""score"": ""1 - 0"", ""pct"": 14.39}, {""score"": ""2 - 0"", ""pct"": 12.709999999999999}, {""score"": ""2 - 1"", ""pct"": 9.5}]"
Senegal,Brazil,Neutral,0.985,1.715,20.6,25.3,54.1,20.3,3.7,5.3,54.6,7.5,8.6,29.3,70.7,"[{""score"": ""0 - 1"", ""pct"": 12.4}, {""score"": ""1 - 1"", ""pct"": 12.08}, {""score"": ""1 - 2"", ""pct"": 9.5}]"
Senegal,Switzerland,Neutral,1.381,1.319,37.8,26.4,35.8,38.3,6.2,8.0,34.8,5.4,7.3,52.5,47.5,"[{""score"": ""1 - 1"", ""pct"": 11.62}, {""score"": ""0 - 1"", ""pct"": 9.43}, {""score"": ""1 - 0"", ""pct"": 9.2}]"
Senegal,Algeria,Neutral,1.413,1.287,39.7,26.3,34.0,40.4,6.2,8.2,32.7,5.4,7.1,54.8,45.2,"[{""score"": ""1 - 1"", ""pct"": 11.95}, {""score"": ""1 - 0"", ""pct"": 9.82}, {""score"": ""0 - 1"", ""pct"": 8.649999999999999}]"
Senegal,Cape Verde,Neutral,2.053,0.647,71.2,19.6,9.2,70.9,7.1,8.4,9.3,1.9,2.4,86.4,13.6,"[{""score"": ""2 - 0"", ""pct"": 14.24}, {""score"": ""1 - 0"", ""pct"": 14.23}, {""score"": ""3 - 0"", ""pct"": 9.520000000000001}]"
Senegal,Haiti,Neutral,1.84,0.86,60.8,23.0,16.2,60.4,7.7,9.2,15.7,3.2,3.9,77.3,22.7,"[{""score"": ""1 - 0"", ""pct"": 13.07}, {""score"": ""2 - 0"", ""pct"": 10.9}, {""score"": ""1 - 1"", ""pct"": 10.42}]"
Senegal,Colombia,Neutral,0.977,1.723,20.4,24.6,55.0,20.0,3.7,5.0,55.8,7.1,8.4,28.6,71.4,"[{""score"": ""0 - 1"", ""pct"": 12.01}, {""score"": ""1 - 1"", ""pct"": 11.16}, {""score"": ""1 - 2"", ""pct"": 9.83}]"
Senegal,Belgium,Neutral,1.343,1.357,36.4,27.4,36.2,35.6,6.3,7.9,36.6,6.1,7.6,49.7,50.3,"[{""score"": ""1 - 1"", ""pct"": 12.47}, {""score"": ""1 - 0"", ""pct"": 9.26}, {""score"": ""0 - 1"", ""pct"": 8.99}]"
Senegal,Sweden,Neutral,1.903,0.797,63.4,23.1,13.5,63.3,7.7,9.0,13.2,2.7,4.1,80.0,20.1,"[{""score"": ""1 - 0"", ""pct"": 13.100000000000001}, {""score"": ""2 - 0"", ""pct"": 11.99}, {""score"": ""1 - 1"", ""pct"": 10.51}]"
Senegal,Norway,Neutral,1.307,1.393,34.7,26.2,39.1,34.0,6.1,7.0,38.6,6.7,7.7,47.0,53.0,"[{""score"": ""1 - 1"", ""pct"": 11.77}, {""score"": ""0 - 1"", ""pct"": 9.78}, {""score"": ""1 - 0"", ""pct"": 8.93}]"
Senegal,Egypt,Neutral,1.716,0.984,54.8,24.4,20.8,53.9,7.2,8.7,20.9,3.9,5.4,69.8,30.2,"[{""score"": ""1 - 0"", ""pct"": 12.02}, {""score"": ""1 - 1"", ""pct"": 11.129999999999999}, {""score"": ""2 - 1"", ""pct"": 10.059999999999999}]"
Senegal,Jordan,Neutral,1.628,1.072,50.8,25.4,23.8,50.1,7.4,8.3,24.1,4.7,5.3,65.9,34.1,"[{""score"": ""1 - 1"", ""pct"": 11.67}, {""score"": ""1 - 0"", ""pct"": 11.64}, {""score"": ""2 - 1"", ""pct"": 9.84}]"
Senegal,Iraq,Neutral,1.794,0.906,58.6,23.8,17.7,57.9,7.5,8.8,18.2,3.4,4.2,74.2,25.8,"[{""score"": ""1 - 0"", ""pct"": 13.05}, {""score"": ""1 - 1"", ""pct"": 11.08}, {""score"": ""2 - 0"", ""pct"": 10.25}]"
Senegal,Ivory Coast,Neutral,1.655,1.045,52.4,24.4,23.1,51.4,7.1,8.3,23.4,4.4,5.4,66.8,33.2,"[{""score"": ""1 - 0"", ""pct"": 11.61}, {""score"": ""1 - 1"", ""pct"": 10.780000000000001}, {""score"": ""2 - 1"", ""pct"": 10.22}]"
Senegal,Mexico,Neutral,1.158,1.542,27.2,27.5,45.3,27.6,5.2,6.7,45.4,6.9,8.2,39.5,60.5,"[{""score"": ""1 - 1"", ""pct"": 12.3}, {""score"": ""0 - 1"", ""pct"": 10.56}, {""score"": ""1 - 2"", ""pct"": 8.86}]"
Senegal,Tunisia,Neutral,1.821,0.879,60.0,23.6,16.4,58.6,7.4,9.2,17.0,3.3,4.5,75.2,24.8,"[{""score"": ""1 - 0"", ""pct"": 12.659999999999998}, {""score"": ""2 - 0"", ""pct"": 10.91}, {""score"": ""1 - 1"", ""pct"": 10.43}]"
Senegal,Portugal,Neutral,1.028,1.672,22.3,25.4,52.3,22.4,4.2,5.4,52.3,7.2,8.5,32.0,68.0,"[{""score"": ""0 - 1"", ""pct"": 12.0}, {""score"": ""1 - 1"", ""pct"": 11.72}, {""score"": ""1 - 2"", ""pct"": 9.41}]"
Senegal,Morocco,Neutral,1.076,1.624,24.1,25.4,50.5,23.9,4.7,5.7,50.4,7.3,7.9,34.4,65.6,"[{""score"": ""0 - 1"", ""pct"": 11.49}, {""score"": ""1 - 1"", ""pct"": 11.48}, {""score"": ""1 - 2"", ""pct"": 9.950000000000001}]"
Senegal,Germany,Neutral,1.206,1.494,30.9,26.7,42.3,29.5,5.5,6.7,42.9,6.8,8.6,41.7,58.3,"[{""score"": ""1 - 1"", ""pct"": 11.98}, {""score"": ""0 - 1"", ""pct"": 10.38}, {""score"": ""1 - 0"", ""pct"": 8.61}]"
Senegal,Argentina,Neutral,0.664,2.036,10.0,19.7,70.4,10.0,2.1,2.8,69.7,7.3,8.2,14.8,85.2,"[{""score"": ""0 - 1"", ""pct"": 14.57}, {""score"": ""0 - 2"", ""pct"": 13.08}, {""score"": ""1 - 2"", ""pct"": 9.75}]"
Senegal,Qatar,Neutral,2.153,0.547,74.8,18.0,7.2,75.4,6.6,7.4,7.2,1.4,1.9,89.5,10.6,"[{""score"": ""2 - 0"", ""pct"": 15.67}, {""score"": ""1 - 0"", ""pct"": 14.45}, {""score"": ""3 - 0"", ""pct"": 10.72}]"
Senegal,Czech Republic,Neutral,1.759,0.941,56.6,24.4,19.0,57.2,7.1,8.6,19.0,3.5,4.6,72.9,27.1,"[{""score"": ""1 - 0"", ""pct"": 12.280000000000001}, {""score"": ""1 - 1"", ""pct"": 10.66}, {""score"": ""2 - 0"", ""pct"": 10.17}]"
Senegal,New Zealand,Neutral,1.879,0.821,62.9,22.5,14.6,63.2,7.4,8.5,14.5,2.7,3.8,79.0,21.0,"[{""score"": ""1 - 0"", ""pct"": 13.59}, {""score"": ""2 - 0"", ""pct"": 11.93}, {""score"": ""1 - 1"", ""pct"": 9.93}]"
Senegal,Japan,Neutral,1.068,1.632,23.0,25.7,51.3,24.1,4.4,5.8,49.5,7.3,8.9,34.3,65.7,"[{""score"": ""1 - 1"", ""pct"": 11.540000000000001}, {""score"": ""0 - 1"", ""pct"": 11.52}, {""score"": ""1 - 2"", ""pct"": 9.790000000000001}]"
Senegal,DR Congo,Neutral,1.745,0.955,55.2,25.1,19.6,55.8,7.3,8.9,19.7,3.4,4.9,71.9,28.1,"[{""score"": ""1 - 0"", ""pct"": 12.34}, {""score"": ""1 - 1"", ""pct"": 11.43}, {""score"": ""2 - 0"", ""pct"": 10.15}]"
Senegal,Iran,Neutral,1.314,1.386,34.1,27.6,38.3,35.6,5.8,7.3,37.9,5.9,7.5,48.8,51.2,"[{""score"": ""1 - 1"", ""pct"": 12.509999999999998}, {""score"": ""0 - 1"", ""pct"": 9.6}, {""score"": ""1 - 0"", ""pct"": 8.89}]"
Senegal,Croatia,Neutral,1.256,1.444,31.4,27.1,41.6,32.0,5.3,6.5,41.3,6.6,8.2,43.9,56.1,"[{""score"": ""1 - 1"", ""pct"": 12.479999999999999}, {""score"": ""0 - 1"", ""pct"": 9.81}, {""score"": ""1 - 2"", ""pct"": 8.92}]"
Senegal,Bosnia and Herzegovina,Neutral,2.1,0.6,72.7,19.2,8.1,73.2,6.7,8.2,8.2,1.7,1.9,88.1,11.9,"[{""score"": ""2 - 0"", ""pct"": 15.040000000000001}, {""score"": ""1 - 0"", ""pct"": 14.56}, {""score"": ""3 - 0"", ""pct"": 10.22}]"
Senegal,Ghana,Neutral,2.058,0.642,71.2,20.1,8.8,71.3,7.6,7.9,9.2,1.8,2.3,86.7,13.3,"[{""score"": ""1 - 0"", ""pct"": 14.96}, {""score"": ""2 - 0"", ""pct"": 13.469999999999999}, {""score"": ""3 - 0"", ""pct"": 9.67}]"
Senegal,Netherlands,Neutral,1.187,1.513,30.0,27.6,42.4,29.4,5.1,6.8,43.8,6.5,8.4,41.3,58.7,"[{""score"": ""1 - 1"", ""pct"": 12.740000000000002}, {""score"": ""0 - 1"", ""pct"": 9.66}, {""score"": ""1 - 2"", ""pct"": 8.9}]"
Senegal,Uzbekistan,Neutral,1.473,1.227,42.7,26.8,30.5,42.3,6.8,7.5,31.4,5.2,6.8,56.6,43.4,"[{""score"": ""1 - 1"", ""pct"": 12.11}, {""score"": ""1 - 0"", ""pct"": 9.81}, {""score"": ""2 - 1"", ""pct"": 8.99}]"
Senegal,Scotland,Neutral,1.653,1.047,51.5,25.2,23.4,50.9,7.5,8.6,23.3,4.2,5.6,67.0,33.0,"[{""score"": ""1 - 0"", ""pct"": 11.37}, {""score"": ""1 - 1"", ""pct"": 10.65}, {""score"": ""2 - 1"", ""pct"": 9.569999999999999}]"
Senegal,Spain,Neutral,0.673,2.027,9.7,19.9,70.4,10.4,1.9,2.3,70.0,7.5,7.9,14.6,85.4,"[{""score"": ""0 - 1"", ""pct"": 14.69}, {""score"": ""0 - 2"", ""pct"": 13.5}, {""score"": ""1 - 2"", ""pct"": 9.42}]"
Senegal,Uruguay,Neutral,1.179,1.521,28.4,27.0,44.5,28.6,5.4,6.3,44.3,7.0,8.3,40.3,59.7,"[{""score"": ""1 - 1"", ""pct"": 12.379999999999999}, {""score"": ""0 - 1"", ""pct"": 10.69}, {""score"": ""1 - 2"", ""pct"": 9.049999999999999}]"
Senegal,Turkey,Neutral,1.328,1.372,35.2,27.3,37.5,35.1,6.2,7.6,37.5,6.2,7.4,48.8,51.2,"[{""score"": ""1 - 1"", ""pct"": 12.5}, {""score"": ""0 - 1"", ""pct"": 9.34}, {""score"": ""1 - 0"", ""pct"": 9.22}]"
Senegal,United States,Neutral,1.579,1.121,47.8,25.7,26.5,48.2,7.2,8.2,25.8,4.7,5.7,63.8,36.2,"[{""score"": ""1 - 1"", ""pct"": 11.29}, {""score"": ""1 - 0"", ""pct"": 11.19}, {""score"": ""2 - 1"", ""pct"": 9.35}]"
Senegal,Austria,Neutral,1.59,1.11,47.8,26.4,25.8,48.6,7.2,8.6,25.4,4.7,5.5,64.4,35.6,"[{""score"": ""1 - 1"", ""pct"": 11.540000000000001}, {""score"": ""1 - 0"", ""pct"": 10.549999999999999}, {""score"": ""2 - 1"", ""pct"": 9.13}]"
Senegal,Australia,Neutral,1.274,1.426,33.1,26.8,40.1,32.6,5.5,7.3,39.9,7.0,7.8,45.4,54.6,"[{""score"": ""1 - 1"", ""pct"": 11.64}, {""score"": ""0 - 1"", ""pct"": 9.35}, {""score"": ""1 - 0"", ""pct"": 8.709999999999999}]"
Senegal,Canada,Neutral,1.421,1.279,39.9,27.3,32.7,40.6,6.3,7.6,32.5,5.6,7.4,54.5,45.5,"[{""score"": ""1 - 1"", ""pct"": 12.67}, {""score"": ""1 - 0"", ""pct"": 9.9}, {""score"": ""2 - 1"", ""pct"": 8.92}]"
Senegal,Paraguay,Neutral,1.382,1.318,38.0,27.1,34.9,37.8,6.6,7.6,34.6,6.0,7.4,52.0,48.0,"[{""score"": ""1 - 1"", ""pct"": 11.48}, {""score"": ""1 - 0"", ""pct"": 9.98}, {""score"": ""0 - 1"", ""pct"": 8.99}]"
Senegal,France,Neutral,0.85,1.85,15.2,24.2,60.6,15.5,2.9,4.2,61.4,7.8,8.4,22.5,77.5,"[{""score"": ""0 - 1"", ""pct"": 12.590000000000002}, {""score"": ""0 - 2"", ""pct"": 11.42}, {""score"": ""1 - 1"", ""pct"": 11.110000000000001}]"
Senegal,England,Neutral,0.922,1.778,18.2,24.0,57.7,18.2,3.3,4.7,57.3,7.5,9.0,26.2,73.8,"[{""score"": ""0 - 1"", ""pct"": 12.04}, {""score"": ""1 - 1"", ""pct"": 11.01}, {""score"": ""0 - 2"", ""pct"": 10.47}]"
Senegal,Panama,Neutral,1.502,1.198,44.0,26.9,29.2,43.2,7.0,8.2,29.7,4.9,7.0,58.4,41.6,"[{""score"": ""1 - 1"", ""pct"": 11.98}, {""score"": ""1 - 0"", ""pct"": 10.66}, {""score"": ""2 - 1"", ""pct"": 9.36}]"
Senegal,South Korea,Neutral,1.356,1.344,36.9,26.9,36.3,37.1,5.9,7.6,35.7,5.9,7.9,50.6,49.4,"[{""score"": ""1 - 1"", ""pct"": 12.02}, {""score"": ""1 - 0"", ""pct"": 9.42}, {""score"": ""0 - 1"", ""pct"": 9.01}]"
Uzbekistan,Ecuador,Neutral,0.963,1.737,19.8,25.0,55.2,19.3,3.5,4.8,55.9,7.7,8.8,27.6,72.4,"[{""score"": ""0 - 1"", ""pct"": 12.25}, {""score"": ""1 - 1"", ""pct"": 11.16}, {""score"": ""0 - 2"", ""pct"": 9.58}]"
Uzbekistan,Curaçao,Neutral,2.003,0.697,69.1,20.5,10.4,68.3,7.3,8.4,11.2,2.0,2.9,84.0,16.0,"[{""score"": ""1 - 0"", ""pct"": 14.360000000000001}, {""score"": ""2 - 0"", ""pct"": 13.489999999999998}, {""score"": ""2 - 1"", ""pct"": 9.86}]"
Uzbekistan,Saudi Arabia,Neutral,1.797,0.903,58.4,24.0,17.6,59.2,7.7,8.6,17.0,3.4,4.2,75.5,24.5,"[{""score"": ""1 - 0"", ""pct"": 12.520000000000001}, {""score"": ""1 - 1"", ""pct"": 11.1}, {""score"": ""2 - 0"", ""pct"": 10.8}]"
Uzbekistan,South Africa,Neutral,1.915,0.785,64.5,21.6,13.9,64.3,7.6,8.4,13.7,2.5,3.5,80.3,19.6,"[{""score"": ""1 - 0"", ""pct"": 13.389999999999999}, {""score"": ""2 - 0"", ""pct"": 11.700000000000001}, {""score"": ""1 - 1"", ""pct"": 10.040000000000001}]"
Uzbekistan,Brazil,Neutral,0.88,1.82,16.6,23.9,59.5,16.6,3.1,4.2,60.2,7.4,8.5,23.8,76.2,"[{""score"": ""0 - 1"", ""pct"": 12.57}, {""score"": ""0 - 2"", ""pct"": 11.020000000000001}, {""score"": ""1 - 1"", ""pct"": 10.96}]"
Uzbekistan,Switzerland,Neutral,1.258,1.442,32.6,27.5,39.9,32.1,5.6,6.5,41.5,6.1,8.1,44.2,55.8,"[{""score"": ""1 - 1"", ""pct"": 12.29}, {""score"": ""0 - 1"", ""pct"": 9.700000000000001}, {""score"": ""1 - 0"", ""pct"": 9.139999999999999}]"
Uzbekistan,Algeria,Neutral,1.29,1.41,33.9,27.7,38.5,33.5,6.2,7.3,39.5,6.2,7.4,46.9,53.1,"[{""score"": ""1 - 1"", ""pct"": 12.72}, {""score"": ""0 - 1"", ""pct"": 9.73}, {""score"": ""1 - 0"", ""pct"": 8.91}]"
Uzbekistan,Cape Verde,Neutral,1.974,0.726,67.3,21.3,11.5,66.4,7.6,8.7,12.2,2.3,2.8,82.7,17.3,"[{""score"": ""1 - 0"", ""pct"": 14.000000000000002}, {""score"": ""2 - 0"", ""pct"": 13.020000000000001}, {""score"": ""1 - 1"", ""pct"": 10.100000000000001}]"
Uzbekistan,Haiti,Neutral,1.736,0.964,55.8,24.6,19.7,55.9,7.5,8.6,19.9,3.6,4.5,72.0,28.0,"[{""score"": ""1 - 0"", ""pct"": 12.33}, {""score"": ""1 - 1"", ""pct"": 11.790000000000001}, {""score"": ""2 - 0"", ""pct"": 9.879999999999999}]"
Uzbekistan,Colombia,Neutral,0.872,1.828,16.8,23.3,59.9,16.8,3.0,4.2,60.0,7.3,8.7,24.0,76.0,"[{""score"": ""0 - 1"", ""pct"": 13.23}, {""score"": ""0 - 2"", ""pct"": 10.47}, {""score"": ""1 - 1"", ""pct"": 10.25}]"
Uzbekistan,Belgium,Neutral,1.22,1.48,29.7,26.9,43.4,30.4,5.6,7.0,41.6,7.2,8.2,43.0,57.0,"[{""score"": ""1 - 1"", ""pct"": 12.32}, {""score"": ""0 - 1"", ""pct"": 11.19}, {""score"": ""1 - 2"", ""pct"": 8.53}]"
Uzbekistan,Sweden,Neutral,1.806,0.894,58.9,23.7,17.4,59.3,7.5,8.8,17.4,3.0,3.9,75.7,24.4,"[{""score"": ""1 - 0"", ""pct"": 12.620000000000001}, {""score"": ""1 - 1"", ""pct"": 10.81}, {""score"": ""2 - 0"", ""pct"": 10.620000000000001}]"
Uzbekistan,Norway,Neutral,1.185,1.515,28.6,26.8,44.6,28.3,5.2,6.4,45.0,6.8,8.3,39.9,60.1,"[{""score"": ""1 - 1"", ""pct"": 12.509999999999998}, {""score"": ""0 - 1"", ""pct"": 10.209999999999999}, {""score"": ""1 - 2"", ""pct"": 8.77}]"
Uzbekistan,Egypt,Neutral,1.603,1.097,48.6,25.9,25.5,48.8,7.4,8.4,25.2,4.5,5.7,64.5,35.5,"[{""score"": ""1 - 1"", ""pct"": 11.43}, {""score"": ""1 - 0"", ""pct"": 11.110000000000001}, {""score"": ""2 - 1"", ""pct"": 9.08}]"
Uzbekistan,Jordan,Neutral,1.509,1.191,43.9,26.0,30.1,44.1,6.7,8.3,29.5,5.3,6.2,59.0,41.0,"[{""score"": ""1 - 1"", ""pct"": 11.790000000000001}, {""score"": ""1 - 0"", ""pct"": 10.620000000000001}, {""score"": ""2 - 1"", ""pct"": 9.19}]"
Uzbekistan,Iraq,Neutral,1.687,1.013,53.9,24.4,21.7,52.8,7.9,8.6,21.0,4.3,5.5,69.2,30.8,"[{""score"": ""1 - 0"", ""pct"": 11.91}, {""score"": ""1 - 1"", ""pct"": 11.62}, {""score"": ""2 - 1"", ""pct"": 10.26}]"
Uzbekistan,Ivory Coast,Neutral,1.538,1.162,44.7,26.6,28.7,45.2,6.9,8.4,28.2,4.8,6.5,60.5,39.5,"[{""score"": ""1 - 1"", ""pct"": 11.709999999999999}, {""score"": ""1 - 0"", ""pct"": 9.81}, {""score"": ""2 - 1"", ""pct"": 9.3}]"
Uzbekistan,Mexico,Neutral,1.041,1.659,22.7,26.0,51.3,22.7,4.4,5.5,51.9,7.0,8.6,32.5,67.4,"[{""score"": ""1 - 1"", ""pct"": 12.01}, {""score"": ""0 - 1"", ""pct"": 11.07}, {""score"": ""1 - 2"", ""pct"": 9.82}]"
Uzbekistan,Tunisia,Neutral,1.715,0.985,53.8,25.5,20.7,54.4,7.5,8.5,20.6,3.7,5.2,70.5,29.5,"[{""score"": ""1 - 0"", ""pct"": 11.89}, {""score"": ""1 - 1"", ""pct"": 11.78}, {""score"": ""2 - 1"", ""pct"": 9.5}]"
Uzbekistan,Portugal,Neutral,0.919,1.781,18.4,24.5,57.1,18.2,3.3,4.6,58.1,7.4,8.5,26.1,73.9,"[{""score"": ""0 - 1"", ""pct"": 12.21}, {""score"": ""1 - 1"", ""pct"": 10.89}, {""score"": ""0 - 2"", ""pct"": 10.11}]"
Uzbekistan,Morocco,Neutral,0.964,1.736,19.7,24.8,55.6,20.3,3.6,5.0,55.5,7.1,8.5,28.9,71.1,"[{""score"": ""0 - 1"", ""pct"": 11.98}, {""score"": ""1 - 1"", ""pct"": 11.07}, {""score"": ""0 - 2"", ""pct"": 9.969999999999999}]"
Uzbekistan,Germany,Neutral,1.087,1.613,24.6,25.2,50.2,23.9,4.8,5.7,49.9,7.1,8.6,34.4,65.6,"[{""score"": ""1 - 1"", ""pct"": 11.42}, {""score"": ""0 - 1"", ""pct"": 10.48}, {""score"": ""1 - 2"", ""pct"": 9.610000000000001}]"
Uzbekistan,Argentina,Neutral,0.594,2.106,8.3,19.0,72.7,8.1,1.5,2.2,73.4,6.9,7.9,11.8,88.2,"[{""score"": ""0 - 2"", ""pct"": 14.85}, {""score"": ""0 - 1"", ""pct"": 14.84}, {""score"": ""0 - 3"", ""pct"": 9.9}]"
Uzbekistan,Qatar,Neutral,2.09,0.61,72.5,19.0,8.5,73.0,6.8,7.8,8.5,1.6,2.2,87.6,12.4,"[{""score"": ""2 - 0"", ""pct"": 14.99}, {""score"": ""1 - 0"", ""pct"": 14.67}, {""score"": ""3 - 0"", ""pct"": 9.42}]"
Uzbekistan,Czech Republic,Neutral,1.648,1.052,51.2,25.8,22.9,50.6,7.3,9.1,23.8,4.2,5.1,66.9,33.1,"[{""score"": ""1 - 1"", ""pct"": 11.64}, {""score"": ""1 - 0"", ""pct"": 11.53}, {""score"": ""2 - 1"", ""pct"": 9.0}]"
Uzbekistan,New Zealand,Neutral,1.779,0.921,57.8,24.3,17.9,58.1,7.5,8.7,18.4,3.6,3.7,74.3,25.7,"[{""score"": ""1 - 0"", ""pct"": 12.709999999999999}, {""score"": ""1 - 1"", ""pct"": 10.57}, {""score"": ""2 - 1"", ""pct"": 10.14}]"
Uzbekistan,Japan,Neutral,0.956,1.744,19.6,24.0,56.4,19.4,3.6,4.7,56.6,7.4,8.3,27.8,72.2,"[{""score"": ""0 - 1"", ""pct"": 12.030000000000001}, {""score"": ""1 - 1"", ""pct"": 10.75}, {""score"": ""0 - 2"", ""pct"": 10.22}]"
Uzbekistan,DR Congo,Neutral,1.633,1.067,50.0,25.9,24.1,50.8,7.3,8.7,23.2,4.3,5.8,66.8,33.2,"[{""score"": ""1 - 1"", ""pct"": 11.68}, {""score"": ""1 - 0"", ""pct"": 11.219999999999999}, {""score"": ""2 - 1"", ""pct"": 9.700000000000001}]"
Uzbekistan,Iran,Neutral,1.191,1.509,29.0,27.1,43.9,28.8,5.1,6.6,44.2,7.0,8.3,40.5,59.5,"[{""score"": ""1 - 1"", ""pct"": 12.41}, {""score"": ""0 - 1"", ""pct"": 10.63}, {""score"": ""1 - 2"", ""pct"": 8.85}]"
Uzbekistan,Croatia,Neutral,1.135,1.565,26.5,25.8,47.8,26.5,5.1,5.7,46.7,7.0,9.0,37.3,62.7,"[{""score"": ""1 - 1"", ""pct"": 11.24}, {""score"": ""0 - 1"", ""pct"": 11.03}, {""score"": ""1 - 2"", ""pct"": 9.55}]"
Uzbekistan,Bosnia and Herzegovina,Neutral,2.029,0.671,69.5,20.6,9.9,70.1,6.8,8.1,10.5,1.9,2.5,85.0,15.0,"[{""score"": ""1 - 0"", ""pct"": 14.2}, {""score"": ""2 - 0"", ""pct"": 12.97}, {""score"": ""2 - 1"", ""pct"": 9.33}]"
Uzbekistan,Ghana,Neutral,1.981,0.719,67.2,20.9,11.9,66.9,7.4,8.8,12.0,2.3,2.7,83.0,17.0,"[{""score"": ""1 - 0"", ""pct"": 14.299999999999999}, {""score"": ""2 - 0"", ""pct"": 13.200000000000001}, {""score"": ""1 - 1"", ""pct"": 9.700000000000001}]"
Uzbekistan,Netherlands,Neutral,1.069,1.631,24.1,24.9,51.0,24.2,4.2,5.6,50.2,7.4,8.4,34.0,66.0,"[{""score"": ""0 - 1"", ""pct"": 11.690000000000001}, {""score"": ""1 - 1"", ""pct"": 11.200000000000001}, {""score"": ""1 - 2"", ""pct"": 10.15}]"
Uzbekistan,Senegal,Neutral,1.227,1.473,30.9,27.3,41.8,29.8,5.5,6.8,42.6,7.1,8.2,42.1,57.9,"[{""score"": ""1 - 1"", ""pct"": 12.35}, {""score"": ""0 - 1"", ""pct"": 9.82}, {""score"": ""1 - 2"", ""pct"": 9.139999999999999}]"
Uzbekistan,Scotland,Neutral,1.536,1.164,45.6,27.3,27.1,45.9,7.2,8.3,26.8,5.4,6.4,61.4,38.6,"[{""score"": ""1 - 1"", ""pct"": 12.139999999999999}, {""score"": ""1 - 0"", ""pct"": 10.34}, {""score"": ""2 - 1"", ""pct"": 9.59}]"
Uzbekistan,Spain,Neutral,0.602,2.098,7.9,18.9,73.2,8.8,1.8,2.2,72.1,7.3,7.8,12.8,87.2,"[{""score"": ""0 - 2"", ""pct"": 15.379999999999999}, {""score"": ""0 - 1"", ""pct"": 14.78}, {""score"": ""0 - 3"", ""pct"": 10.290000000000001}]"
Uzbekistan,Uruguay,Neutral,1.061,1.639,23.4,26.3,50.2,24.4,4.6,5.5,49.8,7.2,8.6,34.5,65.6,"[{""score"": ""1 - 1"", ""pct"": 11.85}, {""score"": ""0 - 1"", ""pct"": 11.29}, {""score"": ""1 - 2"", ""pct"": 9.4}]"
Uzbekistan,Turkey,Neutral,1.206,1.494,30.0,26.1,43.9,29.4,5.3,6.4,44.1,7.0,7.8,41.1,58.9,"[{""score"": ""1 - 1"", ""pct"": 11.39}, {""score"": ""0 - 1"", ""pct"": 10.93}, {""score"": ""1 - 2"", ""pct"": 9.15}]"
Uzbekistan,United States,Neutral,1.459,1.241,40.9,27.6,31.5,40.8,7.2,8.1,31.2,5.7,6.9,56.2,43.8,"[{""score"": ""1 - 1"", ""pct"": 12.44}, {""score"": ""1 - 0"", ""pct"": 9.76}, {""score"": ""0 - 1"", ""pct"": 8.68}]"
Uzbekistan,Austria,Neutral,1.47,1.23,42.1,27.1,30.8,42.4,6.6,8.2,30.1,5.5,7.2,57.3,42.7,"[{""score"": ""1 - 1"", ""pct"": 12.920000000000002}, {""score"": ""1 - 0"", ""pct"": 9.78}, {""score"": ""2 - 1"", ""pct"": 9.02}]"
Uzbekistan,Australia,Neutral,1.153,1.547,27.4,25.8,46.8,26.9,5.1,6.2,46.8,7.0,8.1,38.1,61.9,"[{""score"": ""1 - 1"", ""pct"": 11.65}, {""score"": ""0 - 1"", ""pct"": 10.620000000000001}, {""score"": ""1 - 2"", ""pct"": 8.959999999999999}]"
Uzbekistan,Canada,Neutral,1.298,1.402,33.7,27.2,39.1,33.8,5.6,7.3,38.8,6.7,7.9,46.7,53.3,"[{""score"": ""1 - 1"", ""pct"": 12.01}, {""score"": ""0 - 1"", ""pct"": 9.66}, {""score"": ""1 - 0"", ""pct"": 8.690000000000001}]"
Uzbekistan,Paraguay,Neutral,1.259,1.441,33.0,27.6,39.4,32.8,5.4,7.0,40.1,6.6,8.1,45.2,54.8,"[{""score"": ""1 - 1"", ""pct"": 11.84}, {""score"": ""0 - 1"", ""pct"": 10.040000000000001}, {""score"": ""1 - 0"", ""pct"": 8.4}]"
Uzbekistan,France,Neutral,0.757,1.943,12.5,22.4,65.1,12.9,2.4,3.4,66.0,7.2,8.2,18.7,81.3,"[{""score"": ""0 - 1"", ""pct"": 13.34}, {""score"": ""0 - 2"", ""pct"": 12.920000000000002}, {""score"": ""1 - 1"", ""pct"": 9.98}]"
Uzbekistan,England,Neutral,0.822,1.878,14.5,22.2,63.2,14.6,2.8,3.6,63.7,6.8,8.5,21.0,79.0,"[{""score"": ""0 - 1"", ""pct"": 13.450000000000001}, {""score"": ""0 - 2"", ""pct"": 11.76}, {""score"": ""1 - 1"", ""pct"": 9.9}]"
Uzbekistan,Panama,Neutral,1.38,1.32,37.9,27.4,34.7,37.4,5.7,8.0,35.3,5.8,7.8,51.2,48.8,"[{""score"": ""1 - 1"", ""pct"": 12.13}, {""score"": ""1 - 0"", ""pct"": 9.56}, {""score"": ""0 - 1"", ""pct"": 8.780000000000001}]"
Uzbekistan,South Korea,Neutral,1.233,1.467,30.5,26.7,42.8,31.0,5.4,6.6,42.4,6.7,7.9,43.0,57.0,"[{""score"": ""1 - 1"", ""pct"": 12.17}, {""score"": ""0 - 1"", ""pct"": 10.870000000000001}, {""score"": ""1 - 2"", ""pct"": 8.690000000000001}]"
Scotland,Ecuador,Neutral,0.809,1.891,13.8,22.6,63.6,14.9,3.0,3.9,62.0,7.3,8.8,21.9,78.2,"[{""score"": ""0 - 1"", ""pct"": 13.73}, {""score"": ""0 - 2"", ""pct"": 11.899999999999999}, {""score"": ""1 - 1"", ""pct"": 10.24}]"
Scotland,Curaçao,Neutral,1.869,0.831,62.0,22.8,15.2,63.1,7.2,8.2,14.7,2.7,4.0,78.5,21.5,"[{""score"": ""1 - 0"", ""pct"": 13.29}, {""score"": ""2 - 0"", ""pct"": 11.59}, {""score"": ""1 - 1"", ""pct"": 10.34}]"
Scotland,Saudi Arabia,Neutral,1.63,1.07,50.3,26.0,23.7,49.8,7.7,9.2,23.8,4.2,5.3,66.7,33.3,"[{""score"": ""1 - 1"", ""pct"": 11.99}, {""score"": ""1 - 0"", ""pct"": 11.219999999999999}, {""score"": ""2 - 1"", ""pct"": 9.62}]"
Scotland,South Africa,Neutral,1.765,0.935,57.4,23.7,18.9,56.9,8.2,8.3,18.5,3.5,4.6,73.4,26.6,"[{""score"": ""1 - 0"", ""pct"": 12.590000000000002}, {""score"": ""2 - 0"", ""pct"": 10.31}, {""score"": ""1 - 1"", ""pct"": 10.209999999999999}]"
Scotland,Brazil,Neutral,0.738,1.962,12.1,21.2,66.8,11.5,2.5,3.3,66.9,7.7,8.1,17.3,82.7,"[{""score"": ""0 - 1"", ""pct"": 13.98}, {""score"": ""0 - 2"", ""pct"": 12.709999999999999}, {""score"": ""1 - 2"", ""pct"": 10.040000000000001}]"
Scotland,Switzerland,Neutral,1.075,1.625,24.0,26.5,49.5,23.9,4.4,5.9,50.0,7.3,8.6,34.1,65.9,"[{""score"": ""1 - 1"", ""pct"": 12.139999999999999}, {""score"": ""0 - 1"", ""pct"": 10.81}, {""score"": ""1 - 2"", ""pct"": 9.82}]"
Scotland,Algeria,Neutral,1.106,1.594,25.9,25.9,48.2,25.9,4.5,5.6,48.8,7.2,8.0,36.0,64.0,"[{""score"": ""1 - 1"", ""pct"": 12.049999999999999}, {""score"": ""0 - 1"", ""pct"": 10.71}, {""score"": ""1 - 2"", ""pct"": 9.139999999999999}]"
Scotland,Cape Verde,Neutral,1.835,0.865,60.1,24.0,15.9,60.8,7.8,8.7,15.5,3.0,4.1,77.4,22.6,"[{""score"": ""1 - 0"", ""pct"": 13.420000000000002}, {""score"": ""1 - 1"", ""pct"": 10.91}, {""score"": ""2 - 0"", ""pct"": 10.61}]"
Scotland,Haiti,Neutral,1.563,1.137,47.1,26.6,26.4,46.9,7.3,8.4,26.6,4.8,6.1,62.5,37.5,"[{""score"": ""1 - 1"", ""pct"": 11.95}, {""score"": ""1 - 0"", ""pct"": 10.870000000000001}, {""score"": ""2 - 1"", ""pct"": 9.82}]"
Scotland,Colombia,Neutral,0.732,1.968,11.8,20.6,67.6,12.4,2.5,3.0,66.9,7.1,8.1,18.0,82.0,"[{""score"": ""0 - 1"", ""pct"": 13.209999999999999}, {""score"": ""0 - 2"", ""pct"": 12.94}, {""score"": ""1 - 2"", ""pct"": 9.89}]"
Scotland,Belgium,Neutral,1.04,1.66,22.7,25.9,51.4,23.1,3.9,5.0,52.0,7.1,8.9,31.9,68.1,"[{""score"": ""1 - 1"", ""pct"": 11.959999999999999}, {""score"": ""0 - 1"", ""pct"": 11.19}, {""score"": ""0 - 2"", ""pct"": 9.610000000000001}]"
Scotland,Sweden,Neutral,1.64,1.06,50.7,26.1,23.2,50.3,7.2,8.4,24.2,4.7,5.3,65.9,34.1,"[{""score"": ""1 - 1"", ""pct"": 11.559999999999999}, {""score"": ""1 - 0"", ""pct"": 11.29}, {""score"": ""2 - 1"", ""pct"": 9.92}]"
Scotland,Norway,Neutral,1.007,1.693,21.6,25.1,53.4,21.2,3.7,5.2,53.4,7.9,8.6,30.1,70.0,"[{""score"": ""0 - 1"", ""pct"": 12.08}, {""score"": ""1 - 1"", ""pct"": 11.5}, {""score"": ""0 - 2"", ""pct"": 9.74}]"
Scotland,Egypt,Neutral,1.419,1.281,38.9,27.0,34.1,38.4,6.6,7.9,34.1,6.0,7.0,52.9,47.1,"[{""score"": ""1 - 1"", ""pct"": 11.75}, {""score"": ""1 - 0"", ""pct"": 9.74}, {""score"": ""0 - 1"", ""pct"": 9.11}]"
Scotland,Jordan,Neutral,1.323,1.377,34.7,27.7,37.6,34.7,6.1,7.6,37.3,6.2,8.1,48.4,51.6,"[{""score"": ""1 - 1"", ""pct"": 12.770000000000001}, {""score"": ""0 - 1"", ""pct"": 9.65}, {""score"": ""1 - 0"", ""pct"": 8.99}]"
Scotland,Iraq,Neutral,1.509,1.191,43.7,27.3,29.0,43.7,6.6,9.0,29.2,4.9,6.6,59.2,40.8,"[{""score"": ""1 - 1"", ""pct"": 12.509999999999998}, {""score"": ""1 - 0"", ""pct"": 10.280000000000001}, {""score"": ""2 - 1"", ""pct"": 8.74}]"
Scotland,Ivory Coast,Neutral,1.352,1.348,35.8,27.8,36.5,36.4,6.2,7.7,36.1,6.0,7.5,50.4,49.6,"[{""score"": ""1 - 1"", ""pct"": 12.65}, {""score"": ""1 - 0"", ""pct"": 9.07}, {""score"": ""0 - 1"", ""pct"": 9.04}]"
Scotland,Mexico,Neutral,0.877,1.823,16.7,23.1,60.2,16.8,2.8,4.0,60.3,7.4,8.7,23.6,76.4,"[{""score"": ""0 - 1"", ""pct"": 12.629999999999999}, {""score"": ""1 - 1"", ""pct"": 11.14}, {""score"": ""0 - 2"", ""pct"": 10.99}]"
Scotland,Tunisia,Neutral,1.54,1.16,45.8,26.9,27.3,45.5,6.9,8.9,28.0,4.9,5.8,61.3,38.7,"[{""score"": ""1 - 1"", ""pct"": 12.15}, {""score"": ""1 - 0"", ""pct"": 10.35}, {""score"": ""2 - 1"", ""pct"": 9.76}]"
Scotland,Portugal,Neutral,0.772,1.928,12.7,22.0,65.3,13.3,2.5,3.3,65.6,7.6,7.8,19.0,81.0,"[{""score"": ""0 - 1"", ""pct"": 13.8}, {""score"": ""0 - 2"", ""pct"": 12.389999999999999}, {""score"": ""1 - 2"", ""pct"": 9.82}]"
Scotland,Morocco,Neutral,0.81,1.89,14.1,22.7,63.2,14.0,2.5,3.9,63.7,7.4,8.4,20.5,79.5,"[{""score"": ""0 - 1"", ""pct"": 13.43}, {""score"": ""0 - 2"", ""pct"": 11.77}, {""score"": ""1 - 1"", ""pct"": 9.950000000000001}]"
Scotland,Germany,Neutral,0.919,1.781,17.7,23.9,58.4,17.9,3.1,4.4,58.9,7.0,8.7,25.4,74.6,"[{""score"": ""0 - 1"", ""pct"": 12.58}, {""score"": ""1 - 1"", ""pct"": 10.97}, {""score"": ""0 - 2"", ""pct"": 10.48}]"
Scotland,Argentina,Neutral,0.506,2.194,6.2,17.1,76.7,6.0,1.1,1.6,77.5,6.8,7.0,8.7,91.3,"[{""score"": ""0 - 1"", ""pct"": 16.28}, {""score"": ""0 - 2"", ""pct"": 15.509999999999998}, {""score"": ""0 - 3"", ""pct"": 11.48}]"
Scotland,Qatar,Neutral,1.975,0.725,67.4,21.2,11.3,67.2,7.5,8.3,11.9,2.1,3.0,83.0,17.0,"[{""score"": ""1 - 0"", ""pct"": 13.84}, {""score"": ""2 - 0"", ""pct"": 12.08}, {""score"": ""2 - 1"", ""pct"": 9.89}]"
Scotland,Czech Republic,Neutral,1.468,1.232,42.4,26.1,31.4,42.4,6.3,8.0,31.4,5.1,6.8,56.7,43.3,"[{""score"": ""1 - 1"", ""pct"": 11.62}, {""score"": ""1 - 0"", ""pct"": 10.02}, {""score"": ""2 - 1"", ""pct"": 8.790000000000001}]"
Scotland,New Zealand,Neutral,1.61,1.09,49.4,25.8,24.9,49.1,7.8,8.3,24.5,4.5,5.9,65.1,34.9,"[{""score"": ""1 - 1"", ""pct"": 11.379999999999999}, {""score"": ""1 - 0"", ""pct"": 11.15}, {""score"": ""2 - 1"", ""pct"": 9.67}]"
Scotland,Japan,Neutral,0.803,1.897,13.8,22.1,64.1,14.5,3.0,3.7,63.0,7.3,8.5,21.2,78.8,"[{""score"": ""0 - 1"", ""pct"": 13.469999999999999}, {""score"": ""0 - 2"", ""pct"": 11.77}, {""score"": ""1 - 2"", ""pct"": 9.8}]"
Scotland,DR Congo,Neutral,1.451,1.249,41.9,26.7,31.4,41.5,6.6,7.6,32.2,5.7,6.5,55.7,44.3,"[{""score"": ""1 - 1"", ""pct"": 11.92}, {""score"": ""1 - 0"", ""pct"": 9.66}, {""score"": ""2 - 1"", ""pct"": 8.82}]"
Scotland,Iran,Neutral,1.013,1.687,21.3,25.1,53.6,21.1,4.1,5.3,52.6,7.8,9.1,30.5,69.5,"[{""score"": ""0 - 1"", ""pct"": 11.92}, {""score"": ""1 - 1"", ""pct"": 11.29}, {""score"": ""1 - 2"", ""pct"": 9.9}]"
Scotland,Croatia,Neutral,0.961,1.739,19.8,24.5,55.7,19.0,3.6,4.9,56.5,7.6,8.4,27.5,72.5,"[{""score"": ""0 - 1"", ""pct"": 12.22}, {""score"": ""1 - 1"", ""pct"": 10.639999999999999}, {""score"": ""1 - 2"", ""pct"": 10.209999999999999}]"
Scotland,Bosnia and Herzegovina,Neutral,1.9,0.8,63.0,22.4,14.6,63.5,7.3,8.7,14.3,2.5,3.6,79.5,20.5,"[{""score"": ""1 - 0"", ""pct"": 13.41}, {""score"": ""2 - 0"", ""pct"": 11.379999999999999}, {""score"": ""2 - 1"", ""pct"": 9.790000000000001}]"
Scotland,Ghana,Neutral,1.842,0.858,61.5,22.1,16.5,60.8,7.2,8.6,16.2,3.0,4.2,76.6,23.4,"[{""score"": ""1 - 0"", ""pct"": 12.879999999999999}, {""score"": ""2 - 0"", ""pct"": 11.09}, {""score"": ""2 - 1"", ""pct"": 10.03}]"
Scotland,Netherlands,Neutral,0.902,1.798,17.1,23.9,59.0,18.0,3.8,4.0,58.4,7.0,8.8,25.7,74.3,"[{""score"": ""0 - 1"", ""pct"": 12.91}, {""score"": ""1 - 1"", ""pct"": 10.96}, {""score"": ""0 - 2"", ""pct"": 10.61}]"
Scotland,Senegal,Neutral,1.047,1.653,22.5,25.4,52.0,23.2,4.0,5.7,52.2,6.9,8.0,32.9,67.1,"[{""score"": ""1 - 1"", ""pct"": 11.76}, {""score"": ""0 - 1"", ""pct"": 11.51}, {""score"": ""1 - 2"", ""pct"": 9.879999999999999}]"
Scotland,Uzbekistan,Neutral,1.164,1.536,27.6,26.5,45.9,27.4,5.1,6.5,45.4,7.2,8.5,38.9,61.1,"[{""score"": ""1 - 1"", ""pct"": 11.85}, {""score"": ""0 - 1"", ""pct"": 10.73}, {""score"": ""1 - 2"", ""pct"": 9.29}]"
Scotland,Spain,Neutral,0.512,2.188,6.5,16.9,76.6,6.3,1.1,1.7,77.1,6.6,7.2,9.1,90.9,"[{""score"": ""0 - 2"", ""pct"": 16.05}, {""score"": ""0 - 1"", ""pct"": 15.659999999999998}, {""score"": ""0 - 3"", ""pct"": 10.92}]"
Scotland,Uruguay,Neutral,0.895,1.805,16.9,24.6,58.5,17.2,3.7,4.4,58.6,7.5,8.6,25.3,74.7,"[{""score"": ""0 - 1"", ""pct"": 13.34}, {""score"": ""1 - 1"", ""pct"": 11.09}, {""score"": ""0 - 2"", ""pct"": 10.4}]"
Scotland,Turkey,Neutral,1.027,1.673,22.4,24.9,52.7,21.9,4.0,5.3,52.7,7.4,8.8,31.2,68.8,"[{""score"": ""0 - 1"", ""pct"": 11.81}, {""score"": ""1 - 1"", ""pct"": 11.05}, {""score"": ""1 - 2"", ""pct"": 10.26}]"
Scotland,United States,Neutral,1.272,1.428,33.1,27.1,39.8,31.6,5.4,7.2,40.8,6.5,8.5,44.2,55.8,"[{""score"": ""1 - 1"", ""pct"": 11.92}, {""score"": ""0 - 1"", ""pct"": 10.07}, {""score"": ""1 - 2"", ""pct"": 8.469999999999999}]"
Scotland,Austria,Neutral,1.283,1.417,32.9,26.9,40.2,32.4,5.6,6.8,41.2,6.4,7.6,44.8,55.2,"[{""score"": ""1 - 1"", ""pct"": 12.08}, {""score"": ""0 - 1"", ""pct"": 9.520000000000001}, {""score"": ""1 - 2"", ""pct"": 8.799999999999999}]"
Scotland,Australia,Neutral,0.978,1.722,20.8,24.8,54.4,20.2,4.0,5.0,55.0,7.4,8.4,29.2,70.8,"[{""score"": ""0 - 1"", ""pct"": 11.68}, {""score"": ""1 - 1"", ""pct"": 11.49}, {""score"": ""1 - 2"", ""pct"": 10.059999999999999}]"
Scotland,Canada,Neutral,1.114,1.586,25.5,26.9,47.6,25.0,4.8,6.0,48.1,7.4,8.7,35.8,64.2,"[{""score"": ""1 - 1"", ""pct"": 12.22}, {""score"": ""0 - 1"", ""pct"": 10.9}, {""score"": ""1 - 2"", ""pct"": 9.77}]"
Scotland,Paraguay,Neutral,1.077,1.623,23.4,25.6,50.9,24.0,4.6,5.5,49.7,7.1,9.1,34.1,65.9,"[{""score"": ""1 - 1"", ""pct"": 11.5}, {""score"": ""0 - 1"", ""pct"": 11.48}, {""score"": ""1 - 2"", ""pct"": 9.379999999999999}]"
Scotland,France,Neutral,0.636,2.064,9.2,19.8,71.0,8.8,1.8,2.3,72.0,7.1,8.0,12.9,87.1,"[{""score"": ""0 - 2"", ""pct"": 14.610000000000001}, {""score"": ""0 - 1"", ""pct"": 14.45}, {""score"": ""0 - 3"", ""pct"": 9.32}]"
Scotland,England,Neutral,0.69,2.01,10.6,20.6,68.8,10.9,2.3,3.0,68.7,7.3,7.8,16.1,83.9,"[{""score"": ""0 - 1"", ""pct"": 14.42}, {""score"": ""0 - 2"", ""pct"": 13.48}, {""score"": ""1 - 2"", ""pct"": 9.27}]"
Scotland,Panama,Neutral,1.193,1.507,29.3,27.0,43.7,29.0,5.0,6.6,44.0,6.9,8.6,40.5,59.5,"[{""score"": ""1 - 1"", ""pct"": 12.44}, {""score"": ""0 - 1"", ""pct"": 10.56}, {""score"": ""1 - 2"", ""pct"": 9.2}]"
Scotland,South Korea,Neutral,1.052,1.648,23.2,25.7,51.1,22.9,4.3,6.0,50.3,7.3,9.2,33.2,66.8,"[{""score"": ""1 - 1"", ""pct"": 11.97}, {""score"": ""0 - 1"", ""pct"": 11.4}, {""score"": ""1 - 2"", ""pct"": 9.81}]"
Spain,Ecuador,Neutral,1.825,0.875,61.0,22.7,16.3,59.2,7.9,8.7,17.0,3.1,4.1,75.8,24.2,"[{""score"": ""1 - 0"", ""pct"": 12.55}, {""score"": ""2 - 0"", ""pct"": 10.93}, {""score"": ""2 - 1"", ""pct"": 10.34}]"
Spain,Curaçao,Neutral,2.348,0.352,83.1,13.5,3.4,82.9,5.9,6.2,3.6,0.6,0.8,95.0,5.0,"[{""score"": ""2 - 0"", ""pct"": 18.02}, {""score"": ""1 - 0"", ""pct"": 16.89}, {""score"": ""3 - 0"", ""pct"": 13.83}]"
Spain,Saudi Arabia,Neutral,2.286,0.414,80.3,15.1,4.7,81.3,6.2,6.6,4.0,0.7,1.2,94.1,5.9,"[{""score"": ""2 - 0"", ""pct"": 17.4}, {""score"": ""1 - 0"", ""pct"": 15.939999999999998}, {""score"": ""3 - 0"", ""pct"": 13.370000000000001}]"
Spain,South Africa,Neutral,2.323,0.377,81.7,14.6,3.7,82.5,6.2,6.0,3.5,0.8,1.0,94.7,5.3,"[{""score"": ""2 - 0"", ""pct"": 18.21}, {""score"": ""1 - 0"", ""pct"": 16.35}, {""score"": ""3 - 0"", ""pct"": 13.919999999999998}]"
Spain,Brazil,Neutral,1.742,0.958,56.9,24.1,19.0,56.2,7.2,8.8,19.3,3.8,4.7,72.2,27.8,"[{""score"": ""1 - 0"", ""pct"": 12.07}, {""score"": ""1 - 1"", ""pct"": 10.68}, {""score"": ""2 - 0"", ""pct"": 10.2}]"
Spain,Switzerland,Neutral,2.046,0.654,71.4,19.2,9.4,71.1,7.2,8.0,9.3,2.0,2.4,86.3,13.7,"[{""score"": ""1 - 0"", ""pct"": 15.39}, {""score"": ""2 - 0"", ""pct"": 13.69}, {""score"": ""3 - 0"", ""pct"": 9.719999999999999}]"
Spain,Algeria,Neutral,2.065,0.635,70.7,19.9,9.4,71.3,6.8,8.0,9.5,1.9,2.4,86.2,13.8,"[{""score"": ""1 - 0"", ""pct"": 14.75}, {""score"": ""2 - 0"", ""pct"": 13.79}, {""score"": ""2 - 1"", ""pct"": 9.370000000000001}]"
Spain,Cape Verde,Neutral,2.34,0.36,82.0,14.5,3.5,82.8,6.1,6.0,3.6,0.6,1.0,94.8,5.2,"[{""score"": ""2 - 0"", ""pct"": 17.810000000000002}, {""score"": ""1 - 0"", ""pct"": 15.65}, {""score"": ""3 - 0"", ""pct"": 14.030000000000001}]"
Spain,Haiti,Neutral,2.266,0.434,80.0,15.5,4.5,79.6,6.8,6.5,5.0,0.7,1.4,93.0,7.0,"[{""score"": ""2 - 0"", ""pct"": 17.4}, {""score"": ""1 - 0"", ""pct"": 15.72}, {""score"": ""3 - 0"", ""pct"": 12.6}]"
Spain,Colombia,Neutral,1.734,0.966,54.9,25.1,20.1,55.9,7.6,8.7,19.2,3.8,4.9,72.1,27.9,"[{""score"": ""1 - 0"", ""pct"": 11.59}, {""score"": ""1 - 1"", ""pct"": 11.0}, {""score"": ""2 - 0"", ""pct"": 10.38}]"
Spain,Belgium,Neutral,2.022,0.678,68.7,20.9,10.4,69.7,7.4,8.1,10.3,1.9,2.6,85.2,14.8,"[{""score"": ""1 - 0"", ""pct"": 14.219999999999999}, {""score"": ""2 - 0"", ""pct"": 13.900000000000002}, {""score"": ""1 - 1"", ""pct"": 9.0}]"
Spain,Sweden,Neutral,2.289,0.411,80.1,15.4,4.5,80.5,6.3,6.8,4.4,0.8,1.1,93.7,6.3,"[{""score"": ""2 - 0"", ""pct"": 17.96}, {""score"": ""1 - 0"", ""pct"": 16.2}, {""score"": ""3 - 0"", ""pct"": 12.18}]"
Spain,Norway,Neutral,1.999,0.701,68.3,20.3,11.4,68.8,7.1,7.9,11.3,2.1,2.8,83.8,16.2,"[{""score"": ""1 - 0"", ""pct"": 14.530000000000001}, {""score"": ""2 - 0"", ""pct"": 13.18}, {""score"": ""2 - 1"", ""pct"": 9.4}]"
Spain,Egypt,Neutral,2.216,0.484,78.0,16.1,5.9,78.2,6.4,7.2,5.4,1.1,1.7,91.8,8.2,"[{""score"": ""2 - 0"", ""pct"": 16.470000000000002}, {""score"": ""1 - 0"", ""pct"": 15.8}, {""score"": ""3 - 0"", ""pct"": 11.64}]"
Spain,Jordan,Neutral,2.176,0.524,75.5,18.0,6.5,76.0,7.2,7.2,6.3,1.4,1.8,90.4,9.6,"[{""score"": ""2 - 0"", ""pct"": 15.620000000000001}, {""score"": ""1 - 0"", ""pct"": 14.87}, {""score"": ""3 - 0"", ""pct"": 11.01}]"
Spain,Iraq,Neutral,2.248,0.452,79.3,15.1,5.5,80.1,6.2,6.6,4.7,1.1,1.4,92.8,7.2,"[{""score"": ""2 - 0"", ""pct"": 17.05}, {""score"": ""1 - 0"", ""pct"": 15.479999999999999}, {""score"": ""3 - 0"", ""pct"": 12.479999999999999}]"
Spain,Ivory Coast,Neutral,2.188,0.512,77.3,16.7,5.9,77.2,7.0,6.7,6.1,1.2,1.8,90.9,9.1,"[{""score"": ""2 - 0"", ""pct"": 15.9}, {""score"": ""1 - 0"", ""pct"": 15.55}, {""score"": ""3 - 0"", ""pct"": 11.899999999999999}]"
Spain,Mexico,Neutral,1.893,0.807,62.9,22.8,14.3,63.2,8.0,8.5,14.0,2.6,3.6,79.8,20.2,"[{""score"": ""1 - 0"", ""pct"": 13.469999999999999}, {""score"": ""2 - 0"", ""pct"": 11.92}, {""score"": ""1 - 1"", ""pct"": 10.23}]"
Spain,Tunisia,Neutral,2.258,0.442,79.2,16.1,4.7,79.7,6.5,6.9,4.8,0.9,1.2,93.1,6.9,"[{""score"": ""2 - 0"", ""pct"": 17.34}, {""score"": ""1 - 0"", ""pct"": 15.76}, {""score"": ""3 - 0"", ""pct"": 12.33}]"
Spain,Portugal,Neutral,1.783,0.917,58.0,24.3,17.6,57.9,7.9,8.2,18.2,3.6,4.3,73.9,26.1,"[{""score"": ""1 - 0"", ""pct"": 12.17}, {""score"": ""1 - 1"", ""pct"": 10.92}, {""score"": ""2 - 0"", ""pct"": 10.36}]"
Spain,Morocco,Neutral,1.825,0.875,60.2,22.9,16.8,59.8,7.5,8.8,16.6,3.1,4.3,76.0,24.0,"[{""score"": ""1 - 0"", ""pct"": 12.93}, {""score"": ""1 - 1"", ""pct"": 10.6}, {""score"": ""2 - 0"", ""pct"": 10.54}]"
Spain,Germany,Neutral,1.929,0.771,64.3,22.4,13.3,65.2,7.4,8.4,12.8,2.7,3.4,81.0,18.9,"[{""score"": ""1 - 0"", ""pct"": 13.44}, {""score"": ""2 - 0"", ""pct"": 11.89}, {""score"": ""1 - 1"", ""pct"": 9.700000000000001}]"
Spain,Argentina,Neutral,1.334,1.366,34.8,27.8,37.4,35.0,5.7,7.5,37.2,6.6,8.0,48.2,51.8,"[{""score"": ""1 - 1"", ""pct"": 12.72}, {""score"": ""0 - 1"", ""pct"": 9.35}, {""score"": ""1 - 0"", ""pct"": 9.04}]"
Spain,Qatar,Neutral,2.371,0.329,83.1,13.7,3.1,84.2,5.5,5.8,3.0,0.7,0.8,95.5,4.5,"[{""score"": ""2 - 0"", ""pct"": 19.63}, {""score"": ""1 - 0"", ""pct"": 16.09}, {""score"": ""3 - 0"", ""pct"": 14.56}]"
Spain,Czech Republic,Neutral,2.234,0.466,78.8,16.2,5.0,78.3,6.5,7.0,6.0,1.0,1.2,91.8,8.2,"[{""score"": ""2 - 0"", ""pct"": 16.74}, {""score"": ""1 - 0"", ""pct"": 16.25}, {""score"": ""3 - 0"", ""pct"": 12.07}]"
Spain,New Zealand,Neutral,2.28,0.42,80.2,15.1,4.7,80.0,6.0,6.9,5.0,0.9,1.2,92.9,7.1,"[{""score"": ""2 - 0"", ""pct"": 17.16}, {""score"": ""1 - 0"", ""pct"": 15.85}, {""score"": ""3 - 0"", ""pct"": 13.22}]"
Spain,Japan,Neutral,1.818,0.882,59.6,23.8,16.6,59.3,8.2,8.8,16.4,3.2,4.0,76.4,23.6,"[{""score"": ""1 - 0"", ""pct"": 12.7}, {""score"": ""1 - 1"", ""pct"": 10.97}, {""score"": ""2 - 0"", ""pct"": 10.82}]"
Spain,DR Congo,Neutral,2.228,0.472,78.0,16.6,5.4,78.4,6.6,6.8,5.6,1.1,1.5,91.8,8.2,"[{""score"": ""2 - 0"", ""pct"": 16.34}, {""score"": ""1 - 0"", ""pct"": 15.540000000000001}, {""score"": ""3 - 0"", ""pct"": 12.16}]"
Spain,Iran,Neutral,2.004,0.696,68.5,19.9,11.6,67.7,8.1,8.2,10.7,2.3,3.0,84.0,16.0,"[{""score"": ""1 - 0"", ""pct"": 14.499999999999998}, {""score"": ""2 - 0"", ""pct"": 13.34}, {""score"": ""1 - 1"", ""pct"": 9.229999999999999}]"
Spain,Croatia,Neutral,1.965,0.735,66.8,21.3,11.8,67.0,7.0,8.3,12.2,2.6,2.8,82.4,17.6,"[{""score"": ""1 - 0"", ""pct"": 14.08}, {""score"": ""2 - 0"", ""pct"": 12.26}, {""score"": ""2 - 1"", ""pct"": 9.53}]"
Spain,Bosnia and Herzegovina,Neutral,2.355,0.345,84.0,12.8,3.2,83.7,5.6,5.8,3.4,0.7,0.9,95.1,4.9,"[{""score"": ""2 - 0"", ""pct"": 18.92}, {""score"": ""1 - 0"", ""pct"": 16.650000000000002}, {""score"": ""3 - 0"", ""pct"": 13.91}]"
Spain,Ghana,Neutral,2.342,0.358,82.4,14.1,3.5,82.8,5.8,6.2,3.4,0.7,1.1,94.8,5.2,"[{""score"": ""2 - 0"", ""pct"": 18.13}, {""score"": ""1 - 0"", ""pct"": 16.56}, {""score"": ""3 - 0"", ""pct"": 14.000000000000002}]"
Spain,Netherlands,Neutral,1.915,0.785,64.9,21.5,13.6,64.9,7.1,8.1,13.5,2.8,3.7,80.1,19.9,"[{""score"": ""1 - 0"", ""pct"": 13.74}, {""score"": ""2 - 0"", ""pct"": 12.509999999999998}, {""score"": ""1 - 1"", ""pct"": 9.790000000000001}]"
Spain,Senegal,Neutral,2.027,0.673,69.4,20.4,10.2,69.1,7.5,8.6,10.0,2.0,2.8,85.2,14.8,"[{""score"": ""1 - 0"", ""pct"": 14.04}, {""score"": ""2 - 0"", ""pct"": 13.719999999999999}, {""score"": ""1 - 1"", ""pct"": 9.049999999999999}]"
Spain,Uzbekistan,Neutral,2.098,0.602,72.9,18.8,8.3,73.2,7.4,7.4,8.3,1.4,2.2,88.1,11.9,"[{""score"": ""2 - 0"", ""pct"": 15.43}, {""score"": ""1 - 0"", ""pct"": 14.77}, {""score"": ""3 - 0"", ""pct"": 10.27}]"
Spain,Scotland,Neutral,2.188,0.512,76.8,16.9,6.3,76.8,6.2,7.0,6.7,1.4,2.0,90.0,10.0,"[{""score"": ""2 - 0"", ""pct"": 16.76}, {""score"": ""1 - 0"", ""pct"": 14.719999999999999}, {""score"": ""3 - 0"", ""pct"": 11.379999999999999}]"
Spain,Uruguay,Neutral,1.909,0.791,63.8,22.4,13.8,64.2,7.5,8.4,13.7,2.6,3.6,80.1,19.9,"[{""score"": ""1 - 0"", ""pct"": 12.85}, {""score"": ""2 - 0"", ""pct"": 12.26}, {""score"": ""1 - 1"", ""pct"": 10.01}]"
Spain,Turkey,Neutral,2.013,0.687,69.6,20.1,10.3,68.7,7.5,8.6,10.4,2.0,2.7,84.8,15.2,"[{""score"": ""1 - 0"", ""pct"": 14.829999999999998}, {""score"": ""2 - 0"", ""pct"": 12.989999999999998}, {""score"": ""2 - 1"", ""pct"": 9.370000000000001}]"
Spain,United States,Neutral,2.153,0.547,75.8,17.0,7.2,74.7,7.2,7.4,7.2,1.5,1.9,89.3,10.7,"[{""score"": ""1 - 0"", ""pct"": 15.6}, {""score"": ""2 - 0"", ""pct"": 15.340000000000002}, {""score"": ""3 - 0"", ""pct"": 10.71}]"
Spain,Austria,Neutral,2.158,0.542,76.1,16.9,7.0,75.5,6.8,7.6,6.8,1.4,1.9,89.9,10.1,"[{""score"": ""2 - 0"", ""pct"": 15.52}, {""score"": ""1 - 0"", ""pct"": 14.91}, {""score"": ""3 - 0"", ""pct"": 11.690000000000001}]"
Spain,Australia,Neutral,1.977,0.723,67.2,21.3,11.5,68.2,7.3,8.1,11.3,2.3,2.9,83.5,16.5,"[{""score"": ""1 - 0"", ""pct"": 13.81}, {""score"": ""2 - 0"", ""pct"": 12.68}, {""score"": ""1 - 1"", ""pct"": 9.66}]"
Spain,Canada,Neutral,2.069,0.631,71.5,19.6,8.9,71.5,7.3,8.1,8.8,1.8,2.5,86.9,13.1,"[{""score"": ""1 - 0"", ""pct"": 14.48}, {""score"": ""2 - 0"", ""pct"": 13.68}, {""score"": ""3 - 0"", ""pct"": 9.370000000000001}]"
Spain,Paraguay,Neutral,2.046,0.654,70.9,19.8,9.3,70.4,7.1,8.2,9.6,2.0,2.6,85.7,14.3,"[{""score"": ""2 - 0"", ""pct"": 14.19}, {""score"": ""1 - 0"", ""pct"": 14.16}, {""score"": ""2 - 1"", ""pct"": 9.629999999999999}]"
Spain,France,Neutral,1.595,1.105,47.9,26.7,25.4,47.8,7.5,9.0,25.2,4.5,5.9,64.3,35.7,"[{""score"": ""1 - 1"", ""pct"": 12.049999999999999}, {""score"": ""1 - 0"", ""pct"": 11.23}, {""score"": ""2 - 1"", ""pct"": 9.48}]"
Spain,England,Neutral,1.677,1.023,52.2,26.3,21.5,52.7,7.4,8.8,21.6,4.0,5.6,68.8,31.2,"[{""score"": ""1 - 1"", ""pct"": 12.0}, {""score"": ""1 - 0"", ""pct"": 11.44}, {""score"": ""2 - 1"", ""pct"": 9.69}]"
Spain,Panama,Neutral,2.114,0.586,73.6,18.5,7.9,73.6,6.9,7.9,8.0,1.7,2.0,88.3,11.7,"[{""score"": ""2 - 0"", ""pct"": 15.15}, {""score"": ""1 - 0"", ""pct"": 14.180000000000001}, {""score"": ""3 - 0"", ""pct"": 10.290000000000001}]"
Spain,South Korea,Neutral,2.03,0.67,70.4,20.3,9.3,69.7,7.5,8.3,9.8,2.1,2.6,85.5,14.5,"[{""score"": ""1 - 0"", ""pct"": 14.299999999999999}, {""score"": ""2 - 0"", ""pct"": 13.81}, {""score"": ""2 - 1"", ""pct"": 9.67}]"
Uruguay,Ecuador,Neutral,1.243,1.457,32.8,26.7,40.5,31.3,5.2,7.5,41.9,6.1,7.9,44.0,56.0,"[{""score"": ""1 - 1"", ""pct"": 12.29}, {""score"": ""0 - 1"", ""pct"": 9.45}, {""score"": ""1 - 2"", ""pct"": 8.81}]"
Uruguay,Curaçao,Neutral,2.165,0.535,75.9,17.3,6.8,75.1,7.0,7.7,7.1,1.3,1.7,89.9,10.1,"[{""score"": ""2 - 0"", ""pct"": 16.0}, {""score"": ""1 - 0"", ""pct"": 15.479999999999999}, {""score"": ""3 - 0"", ""pct"": 10.99}]"
Uruguay,Saudi Arabia,Neutral,2.015,0.685,69.3,19.8,10.9,69.5,7.0,7.9,10.3,2.2,3.0,84.4,15.6,"[{""score"": ""1 - 0"", ""pct"": 14.13}, {""score"": ""2 - 0"", ""pct"": 13.200000000000001}, {""score"": ""2 - 1"", ""pct"": 9.39}]"
Uruguay,South Africa,Neutral,2.103,0.597,73.6,18.4,8.1,73.2,7.2,7.5,8.3,1.7,2.2,87.8,12.2,"[{""score"": ""2 - 0"", ""pct"": 15.32}, {""score"": ""1 - 0"", ""pct"": 14.91}, {""score"": ""3 - 0"", ""pct"": 9.93}]"
Uruguay,Brazil,Neutral,1.146,1.554,26.9,26.0,47.0,27.1,4.8,6.9,45.8,6.9,8.6,38.8,61.2,"[{""score"": ""1 - 1"", ""pct"": 11.91}, {""score"": ""0 - 1"", ""pct"": 10.96}, {""score"": ""1 - 2"", ""pct"": 9.379999999999999}]"
Uruguay,Switzerland,Neutral,1.551,1.149,46.1,27.0,26.9,46.5,7.3,8.2,27.1,4.9,6.0,62.0,38.0,"[{""score"": ""1 - 1"", ""pct"": 11.87}, {""score"": ""1 - 0"", ""pct"": 10.26}, {""score"": ""2 - 1"", ""pct"": 9.31}]"
Uruguay,Algeria,Neutral,1.583,1.117,47.3,27.1,25.6,47.5,7.3,8.4,26.7,4.3,5.8,63.2,36.8,"[{""score"": ""1 - 1"", ""pct"": 12.31}, {""score"": ""1 - 0"", ""pct"": 10.6}, {""score"": ""2 - 1"", ""pct"": 9.379999999999999}]"
Uruguay,Cape Verde,Neutral,2.145,0.555,75.5,17.5,7.0,75.0,7.0,7.1,7.4,1.6,1.9,89.1,10.9,"[{""score"": ""2 - 0"", ""pct"": 16.08}, {""score"": ""1 - 0"", ""pct"": 15.290000000000001}, {""score"": ""3 - 0"", ""pct"": 10.08}]"
Uruguay,Haiti,Neutral,1.968,0.732,67.0,22.0,11.0,67.4,7.3,8.0,11.9,2.4,3.0,82.7,17.3,"[{""score"": ""1 - 0"", ""pct"": 13.569999999999999}, {""score"": ""2 - 0"", ""pct"": 12.620000000000001}, {""score"": ""1 - 1"", ""pct"": 9.790000000000001}]"
Uruguay,Colombia,Neutral,1.137,1.563,26.8,26.4,46.8,26.3,5.0,6.1,46.6,7.0,8.9,37.5,62.5,"[{""score"": ""1 - 1"", ""pct"": 12.01}, {""score"": ""0 - 1"", ""pct"": 10.6}, {""score"": ""1 - 2"", ""pct"": 9.35}]"
Uruguay,Belgium,Neutral,1.515,1.185,44.5,26.5,29.0,43.8,7.1,8.8,28.4,5.0,6.8,59.7,40.3,"[{""score"": ""1 - 1"", ""pct"": 11.58}, {""score"": ""1 - 0"", ""pct"": 10.92}, {""score"": ""2 - 1"", ""pct"": 8.790000000000001}]"
Uruguay,Sweden,Neutral,2.022,0.678,68.1,20.8,11.2,68.9,7.3,8.2,10.5,2.4,2.7,84.4,15.6,"[{""score"": ""2 - 0"", ""pct"": 13.700000000000001}, {""score"": ""1 - 0"", ""pct"": 13.34}, {""score"": ""1 - 1"", ""pct"": 9.13}]"
Uruguay,Norway,Neutral,1.479,1.221,43.3,26.1,30.6,42.5,6.7,8.3,30.0,5.4,7.2,57.5,42.5,"[{""score"": ""1 - 1"", ""pct"": 11.33}, {""score"": ""1 - 0"", ""pct"": 10.32}, {""score"": ""2 - 1"", ""pct"": 9.07}]"
Uruguay,Egypt,Neutral,1.861,0.839,61.4,22.9,15.7,61.7,7.6,8.7,15.4,3.0,3.6,78.0,22.0,"[{""score"": ""1 - 0"", ""pct"": 12.879999999999999}, {""score"": ""2 - 0"", ""pct"": 11.559999999999999}, {""score"": ""1 - 1"", ""pct"": 10.75}]"
Uruguay,Jordan,Neutral,1.782,0.918,58.2,23.7,18.1,57.9,7.8,8.8,17.9,3.3,4.3,74.4,25.6,"[{""score"": ""1 - 0"", ""pct"": 12.44}, {""score"": ""1 - 1"", ""pct"": 10.81}, {""score"": ""2 - 0"", ""pct"": 10.15}]"
Uruguay,Iraq,Neutral,1.929,0.771,64.6,21.9,13.5,65.2,7.6,8.1,13.1,2.5,3.6,80.9,19.1,"[{""score"": ""1 - 0"", ""pct"": 13.73}, {""score"": ""2 - 0"", ""pct"": 11.61}, {""score"": ""2 - 1"", ""pct"": 9.700000000000001}]"
Uruguay,Ivory Coast,Neutral,1.806,0.894,59.1,23.6,17.3,59.0,7.5,8.7,17.2,3.0,4.4,75.3,24.7,"[{""score"": ""1 - 0"", ""pct"": 13.0}, {""score"": ""1 - 1"", ""pct"": 10.530000000000001}, {""score"": ""2 - 0"", ""pct"": 10.459999999999999}]"
Uruguay,Mexico,Neutral,1.329,1.371,35.1,27.7,37.2,34.9,5.8,7.6,38.0,6.1,7.5,48.4,51.6,"[{""score"": ""1 - 1"", ""pct"": 12.75}, {""score"": ""0 - 1"", ""pct"": 9.379999999999999}, {""score"": ""1 - 0"", ""pct"": 9.29}]"
Uruguay,Tunisia,Neutral,1.952,0.748,66.0,21.1,12.8,66.0,7.5,8.3,12.5,2.4,3.2,81.9,18.1,"[{""score"": ""1 - 0"", ""pct"": 13.639999999999999}, {""score"": ""2 - 0"", ""pct"": 12.16}, {""score"": ""2 - 1"", ""pct"": 9.39}]"
Uruguay,Portugal,Neutral,1.192,1.508,29.9,26.7,43.4,29.0,5.4,6.2,43.9,7.0,8.5,40.6,59.4,"[{""score"": ""1 - 1"", ""pct"": 12.11}, {""score"": ""0 - 1"", ""pct"": 10.2}, {""score"": ""1 - 2"", ""pct"": 8.58}]"
Uruguay,Morocco,Neutral,1.243,1.457,31.4,26.8,41.8,31.0,5.5,6.9,41.7,6.6,8.3,43.4,56.6,"[{""score"": ""1 - 1"", ""pct"": 11.67}, {""score"": ""0 - 1"", ""pct"": 9.55}, {""score"": ""1 - 2"", ""pct"": 9.229999999999999}]"
Uruguay,Germany,Neutral,1.378,1.322,37.2,27.6,35.1,37.5,6.0,8.2,35.0,5.9,7.5,51.7,48.3,"[{""score"": ""1 - 1"", ""pct"": 12.41}, {""score"": ""0 - 1"", ""pct"": 9.15}, {""score"": ""1 - 0"", ""pct"": 9.04}]"
Uruguay,Argentina,Neutral,0.78,1.92,13.0,21.7,65.2,13.0,2.6,3.6,65.5,6.9,8.4,19.2,80.7,"[{""score"": ""0 - 1"", ""pct"": 13.71}, {""score"": ""0 - 2"", ""pct"": 12.21}, {""score"": ""1 - 2"", ""pct"": 9.74}]"
Uruguay,Qatar,Neutral,2.225,0.475,77.9,16.4,5.8,78.3,6.5,6.5,6.1,1.2,1.5,91.2,8.8,"[{""score"": ""2 - 0"", ""pct"": 17.21}, {""score"": ""1 - 0"", ""pct"": 15.160000000000002}, {""score"": ""3 - 0"", ""pct"": 11.87}]"
Uruguay,Czech Republic,Neutral,1.899,0.801,63.9,21.6,14.5,64.2,7.2,8.5,13.9,2.9,3.2,79.9,20.1,"[{""score"": ""1 - 0"", ""pct"": 13.389999999999999}, {""score"": ""2 - 0"", ""pct"": 11.450000000000001}, {""score"": ""1 - 1"", ""pct"": 10.14}]"
Uruguay,New Zealand,Neutral,2.002,0.698,69.3,20.4,10.4,68.9,7.0,8.4,11.0,1.8,2.9,84.3,15.7,"[{""score"": ""1 - 0"", ""pct"": 14.42}, {""score"": ""2 - 0"", ""pct"": 13.36}, {""score"": ""2 - 1"", ""pct"": 9.43}]"
Uruguay,Japan,Neutral,1.234,1.466,31.0,26.9,42.1,31.1,5.6,6.7,41.8,6.4,8.4,43.4,56.6,"[{""score"": ""1 - 1"", ""pct"": 12.520000000000001}, {""score"": ""0 - 1"", ""pct"": 10.05}, {""score"": ""1 - 2"", ""pct"": 8.780000000000001}]"
Uruguay,DR Congo,Neutral,1.886,0.814,62.2,23.4,14.4,62.6,7.3,8.8,14.5,3.1,3.6,78.7,21.3,"[{""score"": ""1 - 0"", ""pct"": 12.690000000000001}, {""score"": ""2 - 0"", ""pct"": 11.73}, {""score"": ""1 - 1"", ""pct"": 10.76}]"
Uruguay,Iran,Neutral,1.486,1.214,43.2,26.8,30.0,43.3,6.7,8.2,29.9,5.2,6.8,58.1,41.9,"[{""score"": ""1 - 1"", ""pct"": 11.63}, {""score"": ""1 - 0"", ""pct"": 10.299999999999999}, {""score"": ""2 - 1"", ""pct"": 8.83}]"
Uruguay,Croatia,Neutral,1.428,1.272,39.9,27.6,32.5,39.5,6.1,8.0,33.2,6.0,7.2,53.6,46.4,"[{""score"": ""1 - 1"", ""pct"": 12.57}, {""score"": ""1 - 0"", ""pct"": 9.3}, {""score"": ""0 - 1"", ""pct"": 8.97}]"
Uruguay,Bosnia and Herzegovina,Neutral,2.183,0.517,76.8,16.8,6.4,76.2,6.9,7.7,6.6,1.1,1.6,90.7,9.3,"[{""score"": ""2 - 0"", ""pct"": 16.04}, {""score"": ""1 - 0"", ""pct"": 15.21}, {""score"": ""3 - 0"", ""pct"": 11.360000000000001}]"
Uruguay,Ghana,Neutral,2.149,0.551,75.3,18.4,6.4,75.6,7.0,7.3,6.6,1.4,2.0,89.9,10.1,"[{""score"": ""2 - 0"", ""pct"": 15.83}, {""score"": ""1 - 0"", ""pct"": 14.95}, {""score"": ""3 - 0"", ""pct"": 10.56}]"
Uruguay,Netherlands,Neutral,1.358,1.342,36.8,28.2,35.1,36.2,6.4,7.6,35.6,6.3,7.8,50.3,49.8,"[{""score"": ""1 - 1"", ""pct"": 12.27}, {""score"": ""1 - 0"", ""pct"": 9.55}, {""score"": ""0 - 1"", ""pct"": 8.790000000000001}]"
Uruguay,Senegal,Neutral,1.521,1.179,44.7,26.2,29.0,45.8,6.6,8.4,27.6,5.1,6.5,60.8,39.2,"[{""score"": ""1 - 1"", ""pct"": 11.690000000000001}, {""score"": ""1 - 0"", ""pct"": 10.67}, {""score"": ""2 - 1"", ""pct"": 9.030000000000001}]"
Uruguay,Uzbekistan,Neutral,1.639,1.061,50.4,26.2,23.4,51.0,7.3,9.0,23.2,4.1,5.4,67.4,32.6,"[{""score"": ""1 - 1"", ""pct"": 11.66}, {""score"": ""1 - 0"", ""pct"": 11.57}, {""score"": ""2 - 1"", ""pct"": 9.39}]"
Uruguay,Scotland,Neutral,1.805,0.895,59.2,23.9,16.8,58.9,7.5,8.6,17.1,3.6,4.4,75.0,25.0,"[{""score"": ""1 - 0"", ""pct"": 12.21}, {""score"": ""1 - 1"", ""pct"": 10.69}, {""score"": ""2 - 0"", ""pct"": 10.530000000000001}]"
Uruguay,Spain,Neutral,0.791,1.909,13.8,22.6,63.7,14.0,2.5,3.5,64.1,7.2,8.6,20.0,80.0,"[{""score"": ""0 - 1"", ""pct"": 13.819999999999999}, {""score"": ""0 - 2"", ""pct"": 11.72}, {""score"": ""1 - 1"", ""pct"": 10.17}]"
Uruguay,Turkey,Neutral,1.5,1.2,43.7,27.2,29.2,44.1,6.6,8.3,29.5,4.9,6.5,59.0,41.0,"[{""score"": ""1 - 1"", ""pct"": 12.09}, {""score"": ""1 - 0"", ""pct"": 10.549999999999999}, {""score"": ""2 - 1"", ""pct"": 9.229999999999999}]"
Uruguay,United States,Neutral,1.738,0.962,55.4,24.8,19.9,54.9,7.7,8.8,20.1,3.8,4.7,71.5,28.5,"[{""score"": ""1 - 0"", ""pct"": 12.030000000000001}, {""score"": ""1 - 1"", ""pct"": 11.64}, {""score"": ""2 - 1"", ""pct"": 9.99}]"
Uruguay,Austria,Neutral,1.748,0.952,55.6,25.3,19.1,57.4,7.3,8.4,18.9,3.4,4.7,73.1,26.9,"[{""score"": ""1 - 0"", ""pct"": 11.97}, {""score"": ""1 - 1"", ""pct"": 11.52}, {""score"": ""2 - 1"", ""pct"": 9.76}]"
Uruguay,Australia,Neutral,1.446,1.254,41.4,27.3,31.3,40.5,7.0,8.0,31.4,5.6,7.4,55.5,44.5,"[{""score"": ""1 - 1"", ""pct"": 12.17}, {""score"": ""1 - 0"", ""pct"": 9.93}, {""score"": ""2 - 1"", ""pct"": 8.52}]"
Uruguay,Canada,Neutral,1.59,1.11,48.1,26.6,25.3,47.9,7.1,8.7,26.0,4.5,5.8,63.7,36.3,"[{""score"": ""1 - 1"", ""pct"": 11.899999999999999}, {""score"": ""1 - 0"", ""pct"": 10.84}, {""score"": ""2 - 1"", ""pct"": 9.25}]"
Uruguay,Paraguay,Neutral,1.553,1.147,46.5,26.6,27.0,46.7,7.1,8.3,27.3,4.5,6.1,62.1,37.9,"[{""score"": ""1 - 1"", ""pct"": 12.280000000000001}, {""score"": ""1 - 0"", ""pct"": 11.020000000000001}, {""score"": ""2 - 1"", ""pct"": 9.16}]"
Uruguay,France,Neutral,0.996,1.704,21.6,24.9,53.4,20.6,3.8,4.9,55.0,7.3,8.4,29.3,70.7,"[{""score"": ""0 - 1"", ""pct"": 11.899999999999999}, {""score"": ""1 - 1"", ""pct"": 11.59}, {""score"": ""0 - 2"", ""pct"": 9.49}]"
Uruguay,England,Neutral,1.077,1.623,24.2,26.7,49.2,23.9,4.7,5.9,50.4,6.6,8.4,34.5,65.5,"[{""score"": ""1 - 1"", ""pct"": 12.16}, {""score"": ""0 - 1"", ""pct"": 10.92}, {""score"": ""1 - 2"", ""pct"": 9.46}]"
Uruguay,Panama,Neutral,1.667,1.033,53.2,25.0,21.8,51.6,7.3,8.9,22.3,4.1,5.8,67.8,32.2,"[{""score"": ""1 - 0"", ""pct"": 11.64}, {""score"": ""1 - 1"", ""pct"": 11.129999999999999}, {""score"": ""2 - 1"", ""pct"": 10.12}]"
Uruguay,South Korea,Neutral,1.527,1.173,44.6,27.0,28.4,46.1,6.9,8.2,27.5,5.0,6.3,61.2,38.8,"[{""score"": ""1 - 1"", ""pct"": 12.21}, {""score"": ""1 - 0"", ""pct"": 10.38}, {""score"": ""2 - 1"", ""pct"": 9.51}]"
Turkey,Ecuador,Neutral,1.096,1.604,24.6,26.5,48.9,25.3,4.6,5.5,48.9,7.0,8.6,35.5,64.5,"[{""score"": ""1 - 1"", ""pct"": 11.67}, {""score"": ""0 - 1"", ""pct"": 11.42}, {""score"": ""1 - 2"", ""pct"": 9.520000000000001}]"
Turkey,Curaçao,Neutral,2.09,0.61,72.4,19.0,8.5,73.1,7.1,7.8,8.2,1.5,2.5,87.9,12.1,"[{""score"": ""1 - 0"", ""pct"": 14.78}, {""score"": ""2 - 0"", ""pct"": 14.430000000000001}, {""score"": ""3 - 0"", ""pct"": 9.83}]"
Turkey,Saudi Arabia,Neutral,1.912,0.788,63.9,21.8,14.3,64.5,7.4,8.2,14.0,2.3,3.6,80.1,19.9,"[{""score"": ""1 - 0"", ""pct"": 13.100000000000001}, {""score"": ""2 - 0"", ""pct"": 12.21}, {""score"": ""1 - 1"", ""pct"": 9.99}]"
Turkey,South Africa,Neutral,2.015,0.685,68.9,20.1,11.0,68.6,7.6,8.2,10.8,1.9,3.0,84.3,15.7,"[{""score"": ""1 - 0"", ""pct"": 13.91}, {""score"": ""2 - 0"", ""pct"": 13.69}, {""score"": ""2 - 1"", ""pct"": 9.370000000000001}]"
Turkey,Brazil,Neutral,1.005,1.695,20.9,24.7,54.4,21.5,4.0,5.1,53.4,7.2,8.8,30.6,69.4,"[{""score"": ""0 - 1"", ""pct"": 12.19}, {""score"": ""1 - 1"", ""pct"": 11.33}, {""score"": ""1 - 2"", ""pct"": 9.93}]"
Turkey,Switzerland,Neutral,1.403,1.297,38.8,27.2,34.0,39.1,6.2,8.0,33.8,5.9,7.1,53.2,46.8,"[{""score"": ""1 - 1"", ""pct"": 12.43}, {""score"": ""1 - 0"", ""pct"": 9.58}, {""score"": ""0 - 1"", ""pct"": 8.959999999999999}]"
Turkey,Algeria,Neutral,1.435,1.265,40.5,26.8,32.8,40.0,6.3,8.0,32.2,5.9,7.6,54.3,45.7,"[{""score"": ""1 - 1"", ""pct"": 12.370000000000001}, {""score"": ""1 - 0"", ""pct"": 9.959999999999999}, {""score"": ""2 - 1"", ""pct"": 8.62}]"
Turkey,Cape Verde,Neutral,2.065,0.635,71.3,19.8,8.9,71.2,7.3,7.9,9.4,1.8,2.4,86.3,13.6,"[{""score"": ""1 - 0"", ""pct"": 14.34}, {""score"": ""2 - 0"", ""pct"": 14.280000000000001}, {""score"": ""3 - 0"", ""pct"": 9.379999999999999}]"
Turkey,Haiti,Neutral,1.857,0.843,61.4,22.9,15.7,61.4,7.4,8.7,15.3,3.1,4.1,77.5,22.5,"[{""score"": ""1 - 0"", ""pct"": 13.370000000000001}, {""score"": ""2 - 0"", ""pct"": 11.09}, {""score"": ""1 - 1"", ""pct"": 10.26}]"
Turkey,Colombia,Neutral,0.997,1.703,21.4,25.1,53.6,21.4,3.8,5.1,53.5,7.4,8.8,30.3,69.7,"[{""score"": ""0 - 1"", ""pct"": 11.74}, {""score"": ""1 - 1"", ""pct"": 11.27}, {""score"": ""1 - 2"", ""pct"": 10.03}]"
Turkey,Belgium,Neutral,1.365,1.335,38.2,26.8,35.0,36.0,6.3,7.8,35.9,6.3,7.7,50.1,49.9,"[{""score"": ""1 - 1"", ""pct"": 11.73}, {""score"": ""1 - 0"", ""pct"": 9.85}, {""score"": ""0 - 1"", ""pct"": 8.790000000000001}]"
Turkey,Sweden,Neutral,1.919,0.781,65.2,21.5,13.3,63.9,8.1,8.6,13.4,2.6,3.5,80.5,19.5,"[{""score"": ""1 - 0"", ""pct"": 13.139999999999999}, {""score"": ""2 - 0"", ""pct"": 12.17}, {""score"": ""2 - 1"", ""pct"": 9.89}]"
Turkey,Norway,Neutral,1.329,1.371,35.2,27.2,37.6,35.2,5.6,7.9,37.2,6.1,8.0,48.7,51.3,"[{""score"": ""1 - 1"", ""pct"": 12.559999999999999}, {""score"": ""0 - 1"", ""pct"": 9.45}, {""score"": ""1 - 0"", ""pct"": 9.030000000000001}]"
Turkey,Egypt,Neutral,1.736,0.964,56.2,24.6,19.1,55.9,7.5,8.7,19.6,3.8,4.4,72.1,27.9,"[{""score"": ""1 - 0"", ""pct"": 13.089999999999998}, {""score"": ""1 - 1"", ""pct"": 11.110000000000001}, {""score"": ""2 - 0"", ""pct"": 9.69}]"
Turkey,Jordan,Neutral,1.648,1.052,51.2,25.7,23.1,50.7,7.1,8.6,23.9,4.5,5.3,66.3,33.7,"[{""score"": ""1 - 1"", ""pct"": 11.799999999999999}, {""score"": ""1 - 0"", ""pct"": 11.78}, {""score"": ""2 - 1"", ""pct"": 9.69}]"
Turkey,Iraq,Neutral,1.813,0.887,60.0,23.2,16.9,58.9,7.3,8.6,17.4,3.4,4.3,74.8,25.2,"[{""score"": ""1 - 0"", ""pct"": 13.059999999999999}, {""score"": ""2 - 0"", ""pct"": 10.65}, {""score"": ""1 - 1"", ""pct"": 10.24}]"
Turkey,Ivory Coast,Neutral,1.675,1.025,52.5,25.9,21.6,53.2,7.2,8.4,21.9,3.8,5.4,68.8,31.2,"[{""score"": ""1 - 1"", ""pct"": 11.4}, {""score"": ""1 - 0"", ""pct"": 11.17}, {""score"": ""2 - 1"", ""pct"": 10.23}]"
Turkey,Mexico,Neutral,1.179,1.521,28.4,26.5,45.1,29.1,4.8,6.6,44.3,6.8,8.5,40.4,59.6,"[{""score"": ""1 - 1"", ""pct"": 12.53}, {""score"": ""0 - 1"", ""pct"": 10.58}, {""score"": ""1 - 2"", ""pct"": 9.29}]"
Turkey,Tunisia,Neutral,1.839,0.861,59.9,24.1,16.1,61.0,7.3,8.5,15.9,3.1,4.1,76.9,23.1,"[{""score"": ""1 - 0"", ""pct"": 13.059999999999999}, {""score"": ""1 - 1"", ""pct"": 10.97}, {""score"": ""2 - 0"", ""pct"": 10.84}]"
Turkey,Portugal,Neutral,1.048,1.652,23.2,26.6,50.3,22.8,4.4,5.8,50.1,7.5,9.3,33.0,67.0,"[{""score"": ""1 - 1"", ""pct"": 12.06}, {""score"": ""0 - 1"", ""pct"": 10.86}, {""score"": ""1 - 2"", ""pct"": 9.790000000000001}]"
Turkey,Morocco,Neutral,1.096,1.604,24.7,26.1,49.3,25.1,4.2,6.0,49.3,6.8,8.6,35.2,64.8,"[{""score"": ""1 - 1"", ""pct"": 12.139999999999999}, {""score"": ""0 - 1"", ""pct"": 11.26}, {""score"": ""1 - 2"", ""pct"": 9.77}]"
Turkey,Germany,Neutral,1.228,1.472,31.1,27.2,41.6,31.4,5.3,6.4,42.2,6.8,8.0,43.0,57.0,"[{""score"": ""1 - 1"", ""pct"": 12.18}, {""score"": ""0 - 1"", ""pct"": 10.03}, {""score"": ""1 - 2"", ""pct"": 8.88}]"
Turkey,Argentina,Neutral,0.677,2.023,10.8,20.7,68.5,9.8,1.9,2.8,69.3,7.6,8.6,14.5,85.6,"[{""score"": ""0 - 1"", ""pct"": 14.17}, {""score"": ""0 - 2"", ""pct"": 13.309999999999999}, {""score"": ""1 - 2"", ""pct"": 9.64}]"
Turkey,Qatar,Neutral,2.163,0.537,76.4,17.1,6.5,75.7,7.0,7.5,6.7,1.4,1.8,90.2,9.9,"[{""score"": ""2 - 0"", ""pct"": 16.16}, {""score"": ""1 - 0"", ""pct"": 15.409999999999998}, {""score"": ""3 - 0"", ""pct"": 10.58}]"
Turkey,Czech Republic,Neutral,1.778,0.922,57.9,24.4,17.7,57.6,7.5,8.9,17.7,3.7,4.6,74.0,26.0,"[{""score"": ""1 - 0"", ""pct"": 12.389999999999999}, {""score"": ""1 - 1"", ""pct"": 10.6}, {""score"": ""2 - 0"", ""pct"": 10.11}]"
Turkey,New Zealand,Neutral,1.896,0.804,63.7,22.2,14.1,63.0,7.3,8.4,14.9,2.8,3.5,78.7,21.3,"[{""score"": ""1 - 0"", ""pct"": 13.420000000000002}, {""score"": ""2 - 0"", ""pct"": 11.75}, {""score"": ""1 - 1"", ""pct"": 9.73}]"
Turkey,Japan,Neutral,1.088,1.612,24.2,25.7,50.1,24.4,4.9,5.7,49.6,6.7,8.8,35.0,65.0,"[{""score"": ""0 - 1"", ""pct"": 11.78}, {""score"": ""1 - 1"", ""pct"": 11.73}, {""score"": ""1 - 2"", ""pct"": 9.48}]"
Turkey,DR Congo,Neutral,1.764,0.936,56.7,24.3,18.9,56.9,7.5,8.6,19.2,3.5,4.2,73.0,27.0,"[{""score"": ""1 - 0"", ""pct"": 11.940000000000001}, {""score"": ""1 - 1"", ""pct"": 10.92}, {""score"": ""2 - 1"", ""pct"": 10.48}]"
Turkey,Iran,Neutral,1.336,1.364,35.8,26.2,38.0,36.0,6.1,7.5,36.7,6.5,7.3,49.5,50.4,"[{""score"": ""1 - 1"", ""pct"": 11.66}, {""score"": ""0 - 1"", ""pct"": 9.4}, {""score"": ""1 - 0"", ""pct"": 8.93}]"
Turkey,Croatia,Neutral,1.277,1.423,33.1,26.3,40.5,32.4,5.5,6.9,41.0,6.2,8.0,44.8,55.2,"[{""score"": ""1 - 1"", ""pct"": 11.84}, {""score"": ""0 - 1"", ""pct"": 9.51}, {""score"": ""1 - 2"", ""pct"": 8.870000000000001}]"
Turkey,Bosnia and Herzegovina,Neutral,2.112,0.588,73.8,17.7,8.5,74.1,7.1,6.9,7.9,1.9,2.1,88.1,11.9,"[{""score"": ""1 - 0"", ""pct"": 15.809999999999999}, {""score"": ""2 - 0"", ""pct"": 14.7}, {""score"": ""3 - 0"", ""pct"": 10.38}]"
Turkey,Ghana,Neutral,2.071,0.629,71.9,19.0,9.0,71.8,7.3,7.9,8.7,1.6,2.7,87.0,13.0,"[{""score"": ""1 - 0"", ""pct"": 15.49}, {""score"": ""2 - 0"", ""pct"": 13.84}, {""score"": ""3 - 0"", ""pct"": 9.51}]"
Turkey,Netherlands,Neutral,1.208,1.492,29.5,27.2,43.3,29.8,5.1,6.5,43.2,6.9,8.6,41.4,58.6,"[{""score"": ""1 - 1"", ""pct"": 11.88}, {""score"": ""0 - 1"", ""pct"": 9.81}, {""score"": ""1 - 2"", ""pct"": 9.32}]"
Turkey,Senegal,Neutral,1.372,1.328,36.6,27.6,35.9,37.8,6.5,7.4,35.0,5.9,7.3,51.7,48.3,"[{""score"": ""1 - 1"", ""pct"": 12.24}, {""score"": ""0 - 1"", ""pct"": 9.180000000000001}, {""score"": ""1 - 0"", ""pct"": 9.16}]"
Turkey,Uzbekistan,Neutral,1.494,1.206,43.5,26.7,29.8,43.1,6.9,7.9,30.1,5.7,6.3,57.9,42.1,"[{""score"": ""1 - 1"", ""pct"": 12.18}, {""score"": ""1 - 0"", ""pct"": 10.74}, {""score"": ""2 - 1"", ""pct"": 8.85}]"
Turkey,Scotland,Neutral,1.673,1.027,53.3,25.3,21.4,52.1,7.5,8.4,22.5,3.9,5.7,68.0,32.0,"[{""score"": ""1 - 1"", ""pct"": 11.62}, {""score"": ""1 - 0"", ""pct"": 11.35}, {""score"": ""2 - 1"", ""pct"": 9.58}]"
Turkey,Spain,Neutral,0.687,2.013,10.1,20.6,69.3,10.5,2.3,2.6,68.7,7.5,8.3,15.4,84.6,"[{""score"": ""0 - 1"", ""pct"": 14.16}, {""score"": ""0 - 2"", ""pct"": 13.889999999999999}, {""score"": ""1 - 2"", ""pct"": 9.47}]"
Turkey,Uruguay,Neutral,1.2,1.5,29.6,26.7,43.7,29.0,5.3,6.5,43.6,7.1,8.6,40.8,59.2,"[{""score"": ""1 - 1"", ""pct"": 12.15}, {""score"": ""0 - 1"", ""pct"": 10.489999999999998}, {""score"": ""1 - 0"", ""pct"": 8.58}]"
Turkey,United States,Neutral,1.6,1.1,49.2,25.6,25.1,48.5,7.7,8.3,25.4,4.4,5.8,64.5,35.5,"[{""score"": ""1 - 1"", ""pct"": 11.77}, {""score"": ""1 - 0"", ""pct"": 10.33}, {""score"": ""2 - 1"", ""pct"": 9.969999999999999}]"
Turkey,Austria,Neutral,1.611,1.089,49.2,25.7,25.1,49.1,7.6,8.8,24.2,4.4,5.9,65.5,34.5,"[{""score"": ""1 - 0"", ""pct"": 11.65}, {""score"": ""1 - 1"", ""pct"": 11.59}, {""score"": ""2 - 1"", ""pct"": 9.47}]"
Turkey,Australia,Neutral,1.296,1.404,34.3,27.3,38.4,33.9,6.0,7.0,39.2,6.6,7.3,46.9,53.1,"[{""score"": ""1 - 1"", ""pct"": 12.41}, {""score"": ""0 - 1"", ""pct"": 9.719999999999999}, {""score"": ""1 - 0"", ""pct"": 8.790000000000001}]"
Turkey,Canada,Neutral,1.443,1.257,41.2,26.2,32.5,39.7,6.9,8.1,32.0,5.9,7.4,54.7,45.3,"[{""score"": ""1 - 1"", ""pct"": 12.08}, {""score"": ""1 - 0"", ""pct"": 10.0}, {""score"": ""2 - 1"", ""pct"": 9.049999999999999}]"
Turkey,Paraguay,Neutral,1.404,1.296,38.2,28.2,33.5,38.1,6.8,7.7,33.6,6.2,7.7,52.6,47.4,"[{""score"": ""1 - 1"", ""pct"": 12.22}, {""score"": ""1 - 0"", ""pct"": 9.53}, {""score"": ""0 - 1"", ""pct"": 8.86}]"
Turkey,France,Neutral,0.867,1.833,16.6,23.7,59.7,16.9,3.1,4.2,60.1,7.5,8.2,24.2,75.8,"[{""score"": ""0 - 1"", ""pct"": 12.879999999999999}, {""score"": ""0 - 2"", ""pct"": 10.89}, {""score"": ""1 - 1"", ""pct"": 9.94}]"
Turkey,England,Neutral,0.941,1.759,18.6,24.4,57.0,18.9,3.9,4.8,56.5,7.4,8.6,27.5,72.5,"[{""score"": ""0 - 1"", ""pct"": 12.75}, {""score"": ""1 - 1"", ""pct"": 11.0}, {""score"": ""0 - 2"", ""pct"": 10.07}]"
Turkey,Panama,Neutral,1.523,1.177,45.6,25.9,28.5,44.8,6.9,7.8,28.6,5.0,6.8,59.5,40.5,"[{""score"": ""1 - 1"", ""pct"": 11.459999999999999}, {""score"": ""1 - 0"", ""pct"": 10.459999999999999}, {""score"": ""2 - 1"", ""pct"": 9.64}]"
Turkey,South Korea,Neutral,1.378,1.322,37.6,27.7,34.8,37.6,6.2,7.9,34.6,6.2,7.5,51.7,48.3,"[{""score"": ""1 - 1"", ""pct"": 12.620000000000001}, {""score"": ""1 - 0"", ""pct"": 8.86}, {""score"": ""0 - 1"", ""pct"": 8.780000000000001}]"
United States,Ecuador,Neutral,0.871,1.829,16.3,24.3,59.4,16.1,3.3,4.0,59.9,8.1,8.5,23.4,76.6,"[{""score"": ""0 - 1"", ""pct"": 13.18}, {""score"": ""0 - 2"", ""pct"": 11.17}, {""score"": ""1 - 1"", ""pct"": 10.780000000000001}]"
United States,Curaçao,Neutral,1.928,0.772,65.4,21.8,12.9,64.7,7.5,8.6,13.2,2.7,3.3,80.8,19.2,"[{""score"": ""1 - 0"", ""pct"": 13.58}, {""score"": ""2 - 0"", ""pct"": 12.57}, {""score"": ""1 - 1"", ""pct"": 9.969999999999999}]"
United States,Saudi Arabia,Neutral,1.702,0.998,53.6,25.0,21.4,53.4,7.5,8.9,21.3,4.0,4.9,69.8,30.2,"[{""score"": ""1 - 0"", ""pct"": 11.899999999999999}, {""score"": ""1 - 1"", ""pct"": 11.03}, {""score"": ""2 - 1"", ""pct"": 9.92}]"
United States,South Africa,Neutral,1.831,0.869,60.3,23.8,15.9,60.1,7.7,8.6,16.3,3.1,4.2,76.4,23.6,"[{""score"": ""1 - 0"", ""pct"": 12.41}, {""score"": ""2 - 0"", ""pct"": 10.9}, {""score"": ""1 - 1"", ""pct"": 10.77}]"
United States,Brazil,Neutral,0.794,1.906,13.9,21.9,64.2,13.8,2.7,3.7,64.0,7.8,8.1,20.1,79.9,"[{""score"": ""0 - 1"", ""pct"": 13.209999999999999}, {""score"": ""0 - 2"", ""pct"": 12.479999999999999}, {""score"": ""1 - 1"", ""pct"": 10.22}]"
United States,Switzerland,Neutral,1.15,1.55,26.9,26.4,46.7,27.6,4.7,6.1,46.7,6.7,8.3,38.4,61.6,"[{""score"": ""1 - 1"", ""pct"": 12.139999999999999}, {""score"": ""0 - 1"", ""pct"": 10.879999999999999}, {""score"": ""1 - 2"", ""pct"": 9.94}]"
United States,Algeria,Neutral,1.182,1.518,28.0,27.3,44.7,28.7,5.0,6.6,44.8,7.0,7.9,40.3,59.7,"[{""score"": ""1 - 1"", ""pct"": 11.95}, {""score"": ""0 - 1"", ""pct"": 10.75}, {""score"": ""1 - 2"", ""pct"": 9.5}]"
United States,Cape Verde,Neutral,1.896,0.804,63.6,22.0,14.4,62.7,7.9,8.2,14.6,2.7,3.9,78.8,21.2,"[{""score"": ""1 - 0"", ""pct"": 12.790000000000001}, {""score"": ""2 - 0"", ""pct"": 12.19}, {""score"": ""1 - 1"", ""pct"": 9.879999999999999}]"
United States,Haiti,Neutral,1.637,1.063,50.6,25.9,23.5,49.6,7.3,8.8,23.9,4.6,5.8,65.7,34.3,"[{""score"": ""1 - 1"", ""pct"": 11.83}, {""score"": ""1 - 0"", ""pct"": 11.35}, {""score"": ""2 - 1"", ""pct"": 9.64}]"
United States,Colombia,Neutral,0.787,1.913,13.8,22.1,64.1,12.9,2.6,3.6,64.8,7.6,8.4,19.1,80.9,"[{""score"": ""0 - 1"", ""pct"": 13.13}, {""score"": ""0 - 2"", ""pct"": 12.520000000000001}, {""score"": ""1 - 2"", ""pct"": 9.93}]"
United States,Belgium,Neutral,1.114,1.586,26.0,26.1,47.9,25.7,4.5,6.4,48.1,6.9,8.3,36.7,63.3,"[{""score"": ""1 - 1"", ""pct"": 11.790000000000001}, {""score"": ""0 - 1"", ""pct"": 10.63}, {""score"": ""1 - 2"", ""pct"": 9.56}]"
United States,Sweden,Neutral,1.711,0.989,54.1,25.6,20.3,54.5,7.6,8.4,20.3,3.7,5.5,70.5,29.5,"[{""score"": ""1 - 0"", ""pct"": 12.740000000000002}, {""score"": ""1 - 1"", ""pct"": 11.61}, {""score"": ""2 - 0"", ""pct"": 9.34}]"
United States,Norway,Neutral,1.08,1.62,24.6,25.8,49.7,23.7,4.1,5.8,50.6,7.0,8.8,33.6,66.4,"[{""score"": ""1 - 1"", ""pct"": 11.21}, {""score"": ""0 - 1"", ""pct"": 11.110000000000001}, {""score"": ""1 - 2"", ""pct"": 10.02}]"
United States,Egypt,Neutral,1.497,1.203,43.7,26.3,30.0,43.5,7.1,8.3,29.2,5.3,6.5,58.9,41.1,"[{""score"": ""1 - 1"", ""pct"": 11.690000000000001}, {""score"": ""1 - 0"", ""pct"": 10.63}, {""score"": ""2 - 1"", ""pct"": 9.19}]"
United States,Jordan,Neutral,1.401,1.299,39.5,26.4,34.1,39.1,6.2,7.7,33.4,6.0,7.6,53.1,46.9,"[{""score"": ""1 - 1"", ""pct"": 12.16}, {""score"": ""1 - 0"", ""pct"": 9.26}, {""score"": ""0 - 1"", ""pct"": 9.08}]"
United States,Iraq,Neutral,1.585,1.115,48.0,25.9,26.0,48.6,7.1,8.8,25.2,4.5,5.9,64.4,35.6,"[{""score"": ""1 - 1"", ""pct"": 11.72}, {""score"": ""1 - 0"", ""pct"": 11.04}, {""score"": ""2 - 1"", ""pct"": 9.32}]"
United States,Ivory Coast,Neutral,1.43,1.27,40.0,27.1,32.9,40.5,6.6,7.7,32.1,5.5,7.6,54.8,45.2,"[{""score"": ""1 - 1"", ""pct"": 12.479999999999999}, {""score"": ""1 - 0"", ""pct"": 9.44}, {""score"": ""2 - 1"", ""pct"": 9.07}]"
United States,Mexico,Neutral,0.943,1.757,19.0,24.8,56.2,18.7,3.5,4.7,56.7,7.3,9.0,26.9,73.1,"[{""score"": ""0 - 1"", ""pct"": 11.89}, {""score"": ""1 - 1"", ""pct"": 10.79}, {""score"": ""0 - 2"", ""pct"": 9.78}]"
United States,Tunisia,Neutral,1.615,1.085,50.0,26.3,23.7,49.4,6.8,8.7,24.6,4.4,6.0,65.0,35.0,"[{""score"": ""1 - 0"", ""pct"": 12.07}, {""score"": ""1 - 1"", ""pct"": 11.73}, {""score"": ""2 - 1"", ""pct"": 9.46}]"
United States,Portugal,Neutral,0.83,1.87,14.6,22.8,62.6,14.7,2.8,3.9,62.8,7.3,8.5,21.4,78.6,"[{""score"": ""0 - 1"", ""pct"": 12.740000000000002}, {""score"": ""0 - 2"", ""pct"": 11.899999999999999}, {""score"": ""1 - 1"", ""pct"": 10.27}]"
United States,Morocco,Neutral,0.871,1.829,16.6,23.6,59.8,16.2,3.2,4.0,60.1,7.5,8.9,23.4,76.6,"[{""score"": ""0 - 1"", ""pct"": 12.6}, {""score"": ""0 - 2"", ""pct"": 11.23}, {""score"": ""1 - 1"", ""pct"": 10.61}]"
United States,Germany,Neutral,0.987,1.713,20.0,24.7,55.3,20.8,3.6,4.7,54.8,7.5,8.6,29.1,70.9,"[{""score"": ""0 - 1"", ""pct"": 12.76}, {""score"": ""1 - 1"", ""pct"": 11.129999999999999}, {""score"": ""1 - 2"", ""pct"": 9.73}]"
United States,Argentina,Neutral,0.54,2.16,6.5,18.1,75.5,6.7,1.4,1.9,75.4,7.2,7.4,10.1,89.9,"[{""score"": ""0 - 2"", ""pct"": 15.709999999999999}, {""score"": ""0 - 1"", ""pct"": 14.57}, {""score"": ""0 - 3"", ""pct"": 10.979999999999999}]"
United States,Qatar,Neutral,2.026,0.674,69.3,20.2,10.5,70.1,6.8,7.9,10.8,2.0,2.5,84.8,15.2,"[{""score"": ""1 - 0"", ""pct"": 14.56}, {""score"": ""2 - 0"", ""pct"": 13.089999999999998}, {""score"": ""2 - 1"", ""pct"": 9.229999999999999}]"
United States,Czech Republic,Neutral,1.545,1.155,46.4,26.9,26.7,45.6,7.5,8.4,27.0,5.3,6.1,61.6,38.4,"[{""score"": ""1 - 1"", ""pct"": 11.97}, {""score"": ""1 - 0"", ""pct"": 10.639999999999999}, {""score"": ""2 - 1"", ""pct"": 9.4}]"
United States,New Zealand,Neutral,1.683,1.017,52.9,25.1,21.9,52.2,7.8,8.3,21.9,4.3,5.5,68.2,31.8,"[{""score"": ""1 - 0"", ""pct"": 11.81}, {""score"": ""1 - 1"", ""pct"": 11.29}, {""score"": ""2 - 1"", ""pct"": 10.01}]"
United States,Japan,Neutral,0.864,1.836,16.4,23.3,60.3,15.9,3.3,4.0,60.8,7.3,8.6,23.2,76.8,"[{""score"": ""0 - 1"", ""pct"": 13.059999999999999}, {""score"": ""0 - 2"", ""pct"": 10.99}, {""score"": ""1 - 1"", ""pct"": 10.67}]"
United States,DR Congo,Neutral,1.528,1.172,45.1,26.9,28.0,46.1,6.6,8.0,27.1,5.3,6.8,60.8,39.2,"[{""score"": ""1 - 1"", ""pct"": 12.09}, {""score"": ""1 - 0"", ""pct"": 10.13}, {""score"": ""2 - 1"", ""pct"": 9.55}]"
United States,Iran,Neutral,1.086,1.614,24.2,26.1,49.7,23.8,4.8,5.3,50.3,7.4,8.4,33.9,66.1,"[{""score"": ""1 - 1"", ""pct"": 12.18}, {""score"": ""0 - 1"", ""pct"": 10.870000000000001}, {""score"": ""1 - 2"", ""pct"": 9.81}]"
United States,Croatia,Neutral,1.032,1.668,21.8,25.6,52.5,22.6,4.0,5.4,52.4,7.3,8.3,32.0,68.0,"[{""score"": ""1 - 1"", ""pct"": 11.450000000000001}, {""score"": ""0 - 1"", ""pct"": 11.14}, {""score"": ""1 - 2"", ""pct"": 10.09}]"
United States,Bosnia and Herzegovina,Neutral,1.957,0.743,66.5,21.4,12.1,66.5,7.6,8.4,11.7,2.4,3.4,82.5,17.5,"[{""score"": ""1 - 0"", ""pct"": 13.87}, {""score"": ""2 - 0"", ""pct"": 12.950000000000001}, {""score"": ""1 - 1"", ""pct"": 9.29}]"
United States,Ghana,Neutral,1.903,0.797,64.4,21.6,14.0,63.7,7.6,8.9,13.9,2.9,3.0,80.2,19.8,"[{""score"": ""1 - 0"", ""pct"": 14.01}, {""score"": ""2 - 0"", ""pct"": 12.33}, {""score"": ""1 - 1"", ""pct"": 9.48}]"
United States,Netherlands,Neutral,0.969,1.731,20.1,24.4,55.5,19.6,4.0,5.1,55.6,7.4,8.4,28.7,71.3,"[{""score"": ""0 - 1"", ""pct"": 11.72}, {""score"": ""1 - 1"", ""pct"": 11.0}, {""score"": ""0 - 2"", ""pct"": 9.98}]"
United States,Senegal,Neutral,1.121,1.579,26.6,26.3,47.1,25.5,4.7,5.7,48.0,7.5,8.5,35.9,64.1,"[{""score"": ""1 - 1"", ""pct"": 11.72}, {""score"": ""0 - 1"", ""pct"": 10.67}, {""score"": ""1 - 2"", ""pct"": 9.53}]"
United States,Uzbekistan,Neutral,1.241,1.459,30.9,27.1,42.0,31.7,5.6,7.3,41.0,6.5,7.9,44.6,55.4,"[{""score"": ""1 - 1"", ""pct"": 11.88}, {""score"": ""0 - 1"", ""pct"": 10.34}, {""score"": ""1 - 2"", ""pct"": 9.09}]"
United States,Scotland,Neutral,1.428,1.272,40.0,27.6,32.5,41.0,6.5,7.9,31.5,5.9,7.1,55.5,44.5,"[{""score"": ""1 - 1"", ""pct"": 12.620000000000001}, {""score"": ""1 - 0"", ""pct"": 9.43}, {""score"": ""0 - 1"", ""pct"": 8.88}]"
United States,Spain,Neutral,0.547,2.153,6.7,17.6,75.7,7.3,1.5,1.9,74.7,7.1,7.5,10.7,89.3,"[{""score"": ""0 - 1"", ""pct"": 15.989999999999998}, {""score"": ""0 - 2"", ""pct"": 15.740000000000002}, {""score"": ""0 - 3"", ""pct"": 10.43}]"
United States,Uruguay,Neutral,0.962,1.738,19.8,24.4,55.7,19.5,3.6,4.3,55.9,7.7,9.1,27.4,72.6,"[{""score"": ""0 - 1"", ""pct"": 12.1}, {""score"": ""1 - 1"", ""pct"": 10.56}, {""score"": ""1 - 2"", ""pct"": 9.8}]"
United States,Turkey,Neutral,1.1,1.6,25.5,25.9,48.6,25.0,4.8,6.1,48.8,7.3,7.9,35.9,64.1,"[{""score"": ""1 - 1"", ""pct"": 11.91}, {""score"": ""0 - 1"", ""pct"": 10.96}, {""score"": ""1 - 2"", ""pct"": 9.78}]"
United States,Austria,Neutral,1.361,1.339,38.0,26.7,35.2,36.5,6.6,7.5,36.1,6.2,7.2,50.6,49.4,"[{""score"": ""1 - 1"", ""pct"": 12.06}, {""score"": ""1 - 0"", ""pct"": 9.92}, {""score"": ""0 - 1"", ""pct"": 8.84}]"
United States,Australia,Neutral,1.049,1.651,23.2,25.6,51.2,21.8,4.7,5.5,52.7,7.1,8.2,32.0,68.0,"[{""score"": ""1 - 1"", ""pct"": 12.08}, {""score"": ""0 - 1"", ""pct"": 11.799999999999999}, {""score"": ""1 - 2"", ""pct"": 9.78}]"
United States,Canada,Neutral,1.19,1.51,29.4,26.8,43.8,28.8,5.1,6.6,44.6,6.5,8.4,40.5,59.5,"[{""score"": ""1 - 1"", ""pct"": 12.34}, {""score"": ""0 - 1"", ""pct"": 10.61}, {""score"": ""1 - 2"", ""pct"": 9.4}]"
United States,Paraguay,Neutral,1.151,1.549,27.4,26.2,46.4,27.1,5.0,6.2,45.6,7.4,8.7,38.3,61.7,"[{""score"": ""1 - 1"", ""pct"": 12.120000000000001}, {""score"": ""0 - 1"", ""pct"": 10.94}, {""score"": ""1 - 2"", ""pct"": 9.370000000000001}]"
United States,France,Neutral,0.684,2.016,10.6,20.8,68.6,10.3,2.1,2.7,68.8,7.4,8.6,15.2,84.8,"[{""score"": ""0 - 1"", ""pct"": 14.540000000000001}, {""score"": ""0 - 2"", ""pct"": 13.59}, {""score"": ""1 - 1"", ""pct"": 9.36}]"
United States,England,Neutral,0.742,1.958,12.5,21.4,66.1,12.4,2.4,3.4,65.9,7.6,8.2,18.2,81.8,"[{""score"": ""0 - 1"", ""pct"": 14.06}, {""score"": ""0 - 2"", ""pct"": 12.4}, {""score"": ""1 - 2"", ""pct"": 9.69}]"
United States,Panama,Neutral,1.27,1.43,31.7,27.2,41.1,32.8,5.6,7.2,39.9,6.7,7.9,45.5,54.5,"[{""score"": ""1 - 1"", ""pct"": 12.31}, {""score"": ""0 - 1"", ""pct"": 10.13}, {""score"": ""1 - 2"", ""pct"": 8.82}]"
United States,South Korea,Neutral,1.126,1.574,26.1,26.4,47.6,26.2,4.6,6.0,47.2,7.3,8.7,36.9,63.1,"[{""score"": ""1 - 1"", ""pct"": 11.559999999999999}, {""score"": ""0 - 1"", ""pct"": 11.19}, {""score"": ""1 - 2"", ""pct"": 9.64}]"
Austria,Ecuador,Neutral,0.862,1.838,15.8,23.3,60.9,16.5,3.0,4.1,60.7,7.4,8.3,23.6,76.4,"[{""score"": ""0 - 1"", ""pct"": 12.83}, {""score"": ""0 - 2"", ""pct"": 11.540000000000001}, {""score"": ""1 - 1"", ""pct"": 10.37}]"
Austria,Curaçao,Neutral,1.92,0.78,64.1,22.2,13.7,64.5,7.8,8.4,13.3,2.4,3.5,80.8,19.2,"[{""score"": ""1 - 0"", ""pct"": 13.33}, {""score"": ""2 - 0"", ""pct"": 12.76}, {""score"": ""1 - 1"", ""pct"": 9.84}]"
Austria,Saudi Arabia,Neutral,1.693,1.007,53.9,24.6,21.5,52.8,7.6,9.2,21.3,3.9,5.1,69.7,30.4,"[{""score"": ""1 - 0"", ""pct"": 12.18}, {""score"": ""1 - 1"", ""pct"": 10.95}, {""score"": ""2 - 0"", ""pct"": 9.94}]"
Austria,South Africa,Neutral,1.822,0.878,59.2,23.7,17.1,60.2,7.6,8.5,16.3,3.3,4.1,76.3,23.7,"[{""score"": ""1 - 0"", ""pct"": 13.569999999999999}, {""score"": ""1 - 1"", ""pct"": 10.23}, {""score"": ""2 - 0"", ""pct"": 10.209999999999999}]"
Austria,Brazil,Neutral,0.786,1.914,14.4,22.6,63.0,13.3,2.6,3.5,64.0,7.8,8.8,19.4,80.6,"[{""score"": ""0 - 1"", ""pct"": 13.22}, {""score"": ""0 - 2"", ""pct"": 11.87}, {""score"": ""1 - 1"", ""pct"": 10.39}]"
Austria,Switzerland,Neutral,1.14,1.56,26.6,26.4,47.0,26.3,4.9,6.5,46.7,7.0,8.7,37.6,62.4,"[{""score"": ""1 - 1"", ""pct"": 12.030000000000001}, {""score"": ""0 - 1"", ""pct"": 10.780000000000001}, {""score"": ""1 - 2"", ""pct"": 9.879999999999999}]"
Austria,Algeria,Neutral,1.171,1.529,29.3,26.2,44.5,27.8,4.8,6.5,45.6,7.0,8.3,39.1,60.9,"[{""score"": ""1 - 1"", ""pct"": 12.0}, {""score"": ""0 - 1"", ""pct"": 10.59}, {""score"": ""1 - 2"", ""pct"": 9.139999999999999}]"
Austria,Cape Verde,Neutral,1.888,0.812,63.1,22.7,14.2,63.1,7.4,8.3,14.9,2.8,3.5,78.8,21.2,"[{""score"": ""1 - 0"", ""pct"": 13.450000000000001}, {""score"": ""2 - 0"", ""pct"": 12.01}, {""score"": ""1 - 1"", ""pct"": 10.31}]"
Austria,Haiti,Neutral,1.627,1.073,49.8,25.8,24.4,50.0,7.3,8.4,24.3,4.4,5.6,65.8,34.2,"[{""score"": ""1 - 1"", ""pct"": 11.67}, {""score"": ""1 - 0"", ""pct"": 11.32}, {""score"": ""2 - 1"", ""pct"": 9.64}]"
Austria,Colombia,Neutral,0.779,1.921,13.7,21.7,64.6,13.7,2.7,3.5,64.7,7.2,8.3,19.8,80.2,"[{""score"": ""0 - 1"", ""pct"": 12.91}, {""score"": ""0 - 2"", ""pct"": 12.65}, {""score"": ""1 - 1"", ""pct"": 9.65}]"
Austria,Belgium,Neutral,1.104,1.596,25.5,26.3,48.2,25.5,4.5,6.0,47.7,7.5,8.7,36.0,64.0,"[{""score"": ""1 - 1"", ""pct"": 11.53}, {""score"": ""0 - 1"", ""pct"": 10.94}, {""score"": ""1 - 2"", ""pct"": 9.45}]"
Austria,Sweden,Neutral,1.702,0.998,53.8,25.3,20.9,54.5,7.5,9.0,20.4,3.7,4.8,71.1,28.9,"[{""score"": ""1 - 0"", ""pct"": 12.25}, {""score"": ""1 - 1"", ""pct"": 11.32}, {""score"": ""2 - 1"", ""pct"": 9.8}]"
Austria,Norway,Neutral,1.069,1.631,23.9,26.3,49.8,23.2,4.8,5.6,50.2,7.4,8.8,33.6,66.4,"[{""score"": ""1 - 1"", ""pct"": 12.17}, {""score"": ""0 - 1"", ""pct"": 11.020000000000001}, {""score"": ""1 - 2"", ""pct"": 9.58}]"
Austria,Egypt,Neutral,1.486,1.214,42.3,27.1,30.6,42.7,6.8,8.0,30.6,5.4,6.5,57.5,42.5,"[{""score"": ""1 - 1"", ""pct"": 12.24}, {""score"": ""1 - 0"", ""pct"": 9.8}, {""score"": ""2 - 1"", ""pct"": 8.92}]"
Austria,Jordan,Neutral,1.39,1.31,38.0,27.7,34.3,38.7,6.2,7.9,34.6,6.0,6.5,52.9,47.1,"[{""score"": ""1 - 1"", ""pct"": 12.68}, {""score"": ""1 - 0"", ""pct"": 9.6}, {""score"": ""0 - 1"", ""pct"": 9.139999999999999}]"
Austria,Iraq,Neutral,1.574,1.126,47.7,26.6,25.7,47.4,7.1,7.9,26.8,4.9,6.0,62.4,37.6,"[{""score"": ""1 - 1"", ""pct"": 12.47}, {""score"": ""1 - 0"", ""pct"": 11.16}, {""score"": ""2 - 1"", ""pct"": 8.86}]"
Austria,Ivory Coast,Neutral,1.419,1.281,39.8,26.9,33.3,39.7,6.2,7.8,34.0,5.2,7.1,53.7,46.3,"[{""score"": ""1 - 1"", ""pct"": 12.34}, {""score"": ""1 - 0"", ""pct"": 9.9}, {""score"": ""2 - 1"", ""pct"": 8.77}]"
Austria,Mexico,Neutral,0.934,1.766,17.9,24.7,57.5,18.6,3.5,4.8,57.2,7.6,8.4,26.8,73.2,"[{""score"": ""0 - 1"", ""pct"": 12.64}, {""score"": ""1 - 1"", ""pct"": 11.39}, {""score"": ""0 - 2"", ""pct"": 10.5}]"
Austria,Tunisia,Neutral,1.605,1.095,48.3,26.6,25.1,48.4,7.0,9.1,25.4,4.4,5.8,64.5,35.5,"[{""score"": ""1 - 1"", ""pct"": 11.78}, {""score"": ""1 - 0"", ""pct"": 11.04}, {""score"": ""2 - 1"", ""pct"": 9.26}]"
Austria,Portugal,Neutral,0.822,1.878,14.5,23.2,62.3,14.6,3.2,3.9,62.5,7.3,8.5,21.7,78.3,"[{""score"": ""0 - 1"", ""pct"": 13.25}, {""score"": ""0 - 2"", ""pct"": 11.88}, {""score"": ""1 - 1"", ""pct"": 10.440000000000001}]"
Austria,Morocco,Neutral,0.862,1.838,15.8,23.8,60.4,15.3,3.2,4.2,60.9,8.0,8.3,22.8,77.2,"[{""score"": ""0 - 1"", ""pct"": 12.82}, {""score"": ""0 - 2"", ""pct"": 10.96}, {""score"": ""1 - 1"", ""pct"": 10.780000000000001}]"
Austria,Germany,Neutral,0.977,1.723,19.8,24.3,55.9,19.6,3.9,4.9,55.1,7.5,8.9,28.4,71.6,"[{""score"": ""0 - 1"", ""pct"": 12.09}, {""score"": ""1 - 1"", ""pct"": 10.99}, {""score"": ""1 - 2"", ""pct"": 10.440000000000001}]"
Austria,Argentina,Neutral,0.535,2.165,6.4,17.3,76.2,6.7,1.3,1.8,76.3,6.5,7.5,9.7,90.3,"[{""score"": ""0 - 1"", ""pct"": 16.1}, {""score"": ""0 - 2"", ""pct"": 15.25}, {""score"": ""0 - 3"", ""pct"": 10.97}]"
Austria,Qatar,Neutral,2.019,0.681,69.6,19.8,10.7,69.3,7.5,8.0,10.5,2.4,2.4,84.8,15.2,"[{""score"": ""1 - 0"", ""pct"": 13.919999999999998}, {""score"": ""2 - 0"", ""pct"": 13.669999999999998}, {""score"": ""2 - 1"", ""pct"": 9.94}]"
Austria,Czech Republic,Neutral,1.534,1.166,45.5,26.8,27.8,45.5,7.1,8.4,27.5,5.1,6.4,61.0,39.0,"[{""score"": ""1 - 1"", ""pct"": 12.01}, {""score"": ""1 - 0"", ""pct"": 10.530000000000001}, {""score"": ""2 - 1"", ""pct"": 9.75}]"
Austria,New Zealand,Neutral,1.673,1.027,52.7,25.7,21.6,53.2,7.4,8.0,22.7,3.9,4.8,68.6,31.4,"[{""score"": ""1 - 1"", ""pct"": 11.29}, {""score"": ""1 - 0"", ""pct"": 11.26}, {""score"": ""2 - 1"", ""pct"": 10.11}]"
Austria,Japan,Neutral,0.855,1.845,16.5,23.3,60.2,15.6,3.3,4.1,61.4,7.3,8.2,23.0,77.0,"[{""score"": ""0 - 1"", ""pct"": 12.709999999999999}, {""score"": ""0 - 2"", ""pct"": 10.83}, {""score"": ""1 - 1"", ""pct"": 10.280000000000001}]"
Austria,DR Congo,Neutral,1.518,1.182,45.5,26.3,28.1,44.3,7.3,7.7,29.1,5.5,6.2,59.3,40.7,"[{""score"": ""1 - 1"", ""pct"": 11.92}, {""score"": ""1 - 0"", ""pct"": 10.84}, {""score"": ""2 - 1"", ""pct"": 9.16}]"
Austria,Iran,Neutral,1.076,1.624,24.1,26.1,49.8,23.8,4.3,5.6,50.3,7.2,8.7,33.8,66.2,"[{""score"": ""1 - 1"", ""pct"": 11.66}, {""score"": ""0 - 1"", ""pct"": 10.81}, {""score"": ""1 - 2"", ""pct"": 9.379999999999999}]"
Austria,Croatia,Neutral,1.022,1.678,22.2,24.8,53.0,22.1,4.0,5.5,52.8,7.3,8.3,31.6,68.4,"[{""score"": ""0 - 1"", ""pct"": 11.78}, {""score"": ""1 - 1"", ""pct"": 11.03}, {""score"": ""1 - 2"", ""pct"": 9.610000000000001}]"
Austria,Bosnia and Herzegovina,Neutral,1.949,0.751,66.9,20.7,12.4,66.7,7.3,8.1,12.3,2.5,3.1,82.1,17.9,"[{""score"": ""1 - 0"", ""pct"": 13.930000000000001}, {""score"": ""2 - 0"", ""pct"": 13.059999999999999}, {""score"": ""1 - 1"", ""pct"": 9.62}]"
Austria,Ghana,Neutral,1.895,0.805,63.1,22.3,14.6,63.1,7.6,8.5,14.2,3.1,3.5,79.2,20.8,"[{""score"": ""1 - 0"", ""pct"": 13.44}, {""score"": ""2 - 0"", ""pct"": 11.68}, {""score"": ""1 - 1"", ""pct"": 10.27}]"
Austria,Netherlands,Neutral,0.959,1.741,19.3,24.6,56.1,19.8,4.0,5.5,54.4,7.8,8.5,29.4,70.6,"[{""score"": ""0 - 1"", ""pct"": 11.899999999999999}, {""score"": ""1 - 1"", ""pct"": 10.89}, {""score"": ""0 - 2"", ""pct"": 9.86}]"
Austria,Senegal,Neutral,1.11,1.59,25.6,26.2,48.2,26.0,4.7,6.1,47.8,7.0,8.3,36.9,63.1,"[{""score"": ""1 - 1"", ""pct"": 12.0}, {""score"": ""0 - 1"", ""pct"": 10.5}, {""score"": ""1 - 2"", ""pct"": 9.700000000000001}]"
Austria,Uzbekistan,Neutral,1.23,1.47,30.7,27.4,41.9,31.4,5.0,7.2,42.1,6.3,8.0,43.6,56.4,"[{""score"": ""1 - 1"", ""pct"": 12.19}, {""score"": ""0 - 1"", ""pct"": 9.85}, {""score"": ""1 - 2"", ""pct"": 9.07}]"
Austria,Scotland,Neutral,1.417,1.283,39.4,27.6,33.0,39.4,6.6,8.0,33.4,5.4,7.2,54.0,46.0,"[{""score"": ""1 - 1"", ""pct"": 12.47}, {""score"": ""1 - 0"", ""pct"": 9.21}, {""score"": ""2 - 1"", ""pct"": 9.0}]"
Austria,Spain,Neutral,0.542,2.158,7.2,17.1,75.7,6.9,1.3,2.0,75.1,7.1,7.5,10.2,89.8,"[{""score"": ""0 - 2"", ""pct"": 15.559999999999999}, {""score"": ""0 - 1"", ""pct"": 15.049999999999999}, {""score"": ""0 - 3"", ""pct"": 11.1}]"
Austria,Uruguay,Neutral,0.952,1.748,19.7,24.9,55.4,19.7,3.5,4.8,56.1,7.3,8.5,28.0,72.0,"[{""score"": ""0 - 1"", ""pct"": 12.45}, {""score"": ""1 - 1"", ""pct"": 11.540000000000001}, {""score"": ""0 - 2"", ""pct"": 9.84}]"
Austria,Turkey,Neutral,1.089,1.611,25.1,25.6,49.3,25.2,4.1,5.9,48.6,7.4,8.9,35.2,64.8,"[{""score"": ""1 - 1"", ""pct"": 11.57}, {""score"": ""0 - 1"", ""pct"": 11.1}, {""score"": ""1 - 2"", ""pct"": 9.39}]"
Austria,United States,Neutral,1.339,1.361,35.6,27.3,37.1,35.9,5.9,7.1,37.1,5.9,8.0,48.9,51.1,"[{""score"": ""1 - 1"", ""pct"": 12.25}, {""score"": ""0 - 1"", ""pct"": 9.29}, {""score"": ""1 - 0"", ""pct"": 8.84}]"
Austria,Australia,Neutral,1.039,1.661,22.9,26.0,51.1,22.2,4.3,5.3,52.7,7.4,8.0,31.9,68.1,"[{""score"": ""1 - 1"", ""pct"": 11.62}, {""score"": ""0 - 1"", ""pct"": 11.19}, {""score"": ""1 - 2"", ""pct"": 9.77}]"
Austria,Canada,Neutral,1.179,1.521,28.8,26.6,44.6,28.6,5.4,6.6,44.4,6.9,8.1,40.6,59.4,"[{""score"": ""1 - 1"", ""pct"": 11.83}, {""score"": ""0 - 1"", ""pct"": 10.74}, {""score"": ""1 - 2"", ""pct"": 9.02}]"
Austria,Paraguay,Neutral,1.141,1.559,26.3,26.6,47.1,27.8,4.8,6.4,45.8,7.1,8.1,38.9,61.1,"[{""score"": ""1 - 1"", ""pct"": 11.88}, {""score"": ""0 - 1"", ""pct"": 10.52}, {""score"": ""1 - 2"", ""pct"": 9.6}]"
Austria,France,Neutral,0.677,2.023,10.5,20.2,69.4,10.3,2.3,2.8,68.7,7.6,8.3,15.4,84.6,"[{""score"": ""0 - 2"", ""pct"": 14.2}, {""score"": ""0 - 1"", ""pct"": 13.96}, {""score"": ""1 - 1"", ""pct"": 8.91}]"
Austria,England,Neutral,0.735,1.965,11.7,21.3,67.0,11.9,2.2,3.2,66.4,7.8,8.4,17.4,82.6,"[{""score"": ""0 - 1"", ""pct"": 14.219999999999999}, {""score"": ""0 - 2"", ""pct"": 12.73}, {""score"": ""1 - 2"", ""pct"": 9.89}]"
Austria,Panama,Neutral,1.259,1.441,31.9,27.3,40.9,31.4,5.2,7.2,41.0,7.1,8.1,43.8,56.2,"[{""score"": ""1 - 1"", ""pct"": 12.23}, {""score"": ""0 - 1"", ""pct"": 10.2}, {""score"": ""1 - 2"", ""pct"": 8.42}]"
Austria,South Korea,Neutral,1.116,1.584,26.5,26.0,47.5,25.5,4.9,5.9,48.0,7.0,8.8,36.3,63.7,"[{""score"": ""1 - 1"", ""pct"": 12.04}, {""score"": ""0 - 1"", ""pct"": 10.6}, {""score"": ""1 - 2"", ""pct"": 9.56}]"
Australia,Ecuador,Neutral,1.148,1.552,27.3,26.4,46.3,27.0,5.0,6.3,45.8,7.4,8.5,38.3,61.7,"[{""score"": ""1 - 1"", ""pct"": 12.36}, {""score"": ""0 - 1"", ""pct"": 10.82}, {""score"": ""1 - 2"", ""pct"": 9.75}]"
Australia,Curaçao,Neutral,2.118,0.582,74.0,17.8,8.2,73.3,7.3,7.6,8.1,1.6,2.1,88.2,11.8,"[{""score"": ""2 - 0"", ""pct"": 15.329999999999998}, {""score"": ""1 - 0"", ""pct"": 14.7}, {""score"": ""3 - 0"", ""pct"": 9.89}]"
Australia,Saudi Arabia,Neutral,1.951,0.749,66.8,21.1,12.1,67.0,7.1,8.4,12.0,2.5,3.1,82.5,17.5,"[{""score"": ""1 - 0"", ""pct"": 14.08}, {""score"": ""2 - 0"", ""pct"": 12.85}, {""score"": ""2 - 1"", ""pct"": 9.6}]"
Australia,South Africa,Neutral,2.048,0.652,70.9,19.8,9.3,70.1,7.3,7.6,10.6,1.7,2.7,85.0,15.0,"[{""score"": ""2 - 0"", ""pct"": 14.19}, {""score"": ""1 - 0"", ""pct"": 14.11}, {""score"": ""3 - 0"", ""pct"": 9.569999999999999}]"
Australia,Brazil,Neutral,1.054,1.646,23.2,25.9,50.9,23.4,4.3,5.3,50.6,7.4,9.0,33.0,67.0,"[{""score"": ""1 - 1"", ""pct"": 11.95}, {""score"": ""0 - 1"", ""pct"": 11.34}, {""score"": ""1 - 2"", ""pct"": 9.229999999999999}]"
Australia,Switzerland,Neutral,1.457,1.243,41.8,26.7,31.4,42.3,6.2,7.7,31.9,4.8,7.0,56.3,43.7,"[{""score"": ""1 - 1"", ""pct"": 12.83}, {""score"": ""1 - 0"", ""pct"": 9.879999999999999}, {""score"": ""2 - 1"", ""pct"": 9.01}]"
Australia,Algeria,Neutral,1.489,1.211,43.6,27.0,29.3,42.5,6.9,8.3,29.9,5.6,6.8,57.7,42.3,"[{""score"": ""1 - 1"", ""pct"": 11.93}, {""score"": ""1 - 0"", ""pct"": 10.32}, {""score"": ""2 - 1"", ""pct"": 9.24}]"
Australia,Cape Verde,Neutral,2.096,0.604,73.5,18.6,7.9,73.2,6.9,7.5,8.5,1.7,2.2,87.6,12.4,"[{""score"": ""2 - 0"", ""pct"": 15.32}, {""score"": ""1 - 0"", ""pct"": 15.290000000000001}, {""score"": ""3 - 0"", ""pct"": 9.6}]"
Australia,Haiti,Neutral,1.899,0.801,62.9,22.8,14.3,63.4,7.7,8.4,14.5,2.5,3.4,79.5,20.5,"[{""score"": ""1 - 0"", ""pct"": 13.270000000000001}, {""score"": ""2 - 0"", ""pct"": 11.39}, {""score"": ""1 - 1"", ""pct"": 10.33}]"
Australia,Colombia,Neutral,1.046,1.654,22.2,25.9,51.9,22.2,4.4,5.6,52.3,7.4,8.2,32.2,67.8,"[{""score"": ""1 - 1"", ""pct"": 12.030000000000001}, {""score"": ""0 - 1"", ""pct"": 11.73}, {""score"": ""1 - 2"", ""pct"": 9.67}]"
Australia,Belgium,Neutral,1.419,1.281,39.6,26.8,33.6,39.9,6.0,7.5,33.5,5.9,7.2,53.4,46.6,"[{""score"": ""1 - 1"", ""pct"": 12.049999999999999}, {""score"": ""1 - 0"", ""pct"": 10.01}, {""score"": ""0 - 1"", ""pct"": 8.84}]"
Australia,Sweden,Neutral,1.958,0.742,66.7,21.1,12.1,66.4,7.5,8.4,12.1,2.7,2.9,82.3,17.7,"[{""score"": ""1 - 0"", ""pct"": 14.01}, {""score"": ""2 - 0"", ""pct"": 13.320000000000002}, {""score"": ""1 - 1"", ""pct"": 9.700000000000001}]"
Australia,Norway,Neutral,1.383,1.317,39.4,26.9,33.8,38.1,6.6,8.0,34.4,6.0,7.0,52.6,47.4,"[{""score"": ""1 - 1"", ""pct"": 12.21}, {""score"": ""1 - 0"", ""pct"": 9.62}, {""score"": ""2 - 1"", ""pct"": 9.120000000000001}]"
Australia,Egypt,Neutral,1.782,0.918,58.7,24.1,17.2,57.9,7.2,9.1,17.7,3.7,4.4,74.2,25.8,"[{""score"": ""1 - 0"", ""pct"": 13.44}, {""score"": ""1 - 1"", ""pct"": 10.83}, {""score"": ""2 - 0"", ""pct"": 10.09}]"
Australia,Jordan,Neutral,1.698,1.002,53.9,25.1,21.0,53.7,7.5,8.5,21.2,4.1,5.0,69.7,30.3,"[{""score"": ""1 - 0"", ""pct"": 12.2}, {""score"": ""1 - 1"", ""pct"": 11.27}, {""score"": ""2 - 1"", ""pct"": 9.5}]"
Australia,Iraq,Neutral,1.856,0.844,61.6,23.1,15.3,61.8,7.9,8.8,14.9,2.8,3.8,78.6,21.4,"[{""score"": ""1 - 0"", ""pct"": 12.98}, {""score"": ""2 - 0"", ""pct"": 11.26}, {""score"": ""1 - 1"", ""pct"": 10.41}]"
Australia,Ivory Coast,Neutral,1.724,0.976,55.2,24.5,20.3,54.2,7.5,8.9,20.7,4.0,4.7,70.6,29.4,"[{""score"": ""1 - 0"", ""pct"": 12.08}, {""score"": ""1 - 1"", ""pct"": 11.37}, {""score"": ""2 - 1"", ""pct"": 9.790000000000001}]"
Australia,Mexico,Neutral,1.232,1.468,30.3,26.8,42.9,31.1,5.1,6.8,42.0,6.7,8.4,42.9,57.1,"[{""score"": ""1 - 1"", ""pct"": 12.559999999999999}, {""score"": ""0 - 1"", ""pct"": 10.0}, {""score"": ""1 - 2"", ""pct"": 9.28}]"
Australia,Tunisia,Neutral,1.881,0.819,62.9,22.7,14.4,62.9,7.3,8.9,14.4,2.8,3.7,79.1,20.9,"[{""score"": ""1 - 0"", ""pct"": 13.569999999999999}, {""score"": ""2 - 0"", ""pct"": 10.94}, {""score"": ""1 - 1"", ""pct"": 10.51}]"
Australia,Portugal,Neutral,1.099,1.601,25.4,25.5,49.2,25.5,4.6,5.5,48.7,7.0,8.6,35.7,64.3,"[{""score"": ""0 - 1"", ""pct"": 11.62}, {""score"": ""1 - 1"", ""pct"": 11.5}, {""score"": ""1 - 2"", ""pct"": 9.55}]"
Australia,Morocco,Neutral,1.148,1.552,27.0,26.5,46.5,27.4,5.0,6.2,45.9,7.0,8.6,38.6,61.4,"[{""score"": ""1 - 1"", ""pct"": 11.91}, {""score"": ""0 - 1"", ""pct"": 10.190000000000001}, {""score"": ""1 - 2"", ""pct"": 9.29}]"
Australia,Germany,Neutral,1.282,1.418,32.7,27.1,40.2,33.1,5.8,6.9,39.8,6.8,7.6,45.8,54.2,"[{""score"": ""1 - 1"", ""pct"": 12.34}, {""score"": ""0 - 1"", ""pct"": 9.82}, {""score"": ""1 - 0"", ""pct"": 8.77}]"
Australia,Argentina,Neutral,0.712,1.988,10.7,20.9,68.3,11.5,2.2,3.2,67.2,7.2,8.7,16.9,83.1,"[{""score"": ""0 - 2"", ""pct"": 13.59}, {""score"": ""0 - 1"", ""pct"": 13.54}, {""score"": ""1 - 2"", ""pct"": 9.68}]"
Australia,Qatar,Neutral,2.187,0.513,76.9,16.9,6.3,76.8,6.9,7.2,6.7,1.1,1.4,90.9,9.1,"[{""score"": ""2 - 0"", ""pct"": 16.06}, {""score"": ""1 - 0"", ""pct"": 15.379999999999999}, {""score"": ""3 - 0"", ""pct"": 11.55}]"
Australia,Czech Republic,Neutral,1.823,0.877,60.0,23.5,16.4,59.0,8.0,8.6,17.1,3.0,4.4,75.6,24.4,"[{""score"": ""1 - 0"", ""pct"": 12.540000000000001}, {""score"": ""2 - 0"", ""pct"": 10.68}, {""score"": ""1 - 1"", ""pct"": 10.63}]"
Australia,New Zealand,Neutral,1.936,0.764,65.5,21.3,13.2,65.6,7.7,8.5,12.6,2.3,3.3,81.8,18.2,"[{""score"": ""1 - 0"", ""pct"": 14.14}, {""score"": ""2 - 0"", ""pct"": 12.47}, {""score"": ""1 - 1"", ""pct"": 9.35}]"
Australia,Japan,Neutral,1.14,1.56,27.6,26.1,46.3,27.5,5.0,6.6,46.2,6.6,8.2,39.0,61.0,"[{""score"": ""1 - 1"", ""pct"": 12.280000000000001}, {""score"": ""0 - 1"", ""pct"": 10.67}, {""score"": ""1 - 2"", ""pct"": 9.08}]"
Australia,DR Congo,Neutral,1.809,0.891,59.4,24.0,16.7,58.1,7.4,9.3,17.5,3.1,4.6,74.8,25.2,"[{""score"": ""1 - 0"", ""pct"": 11.77}, {""score"": ""2 - 0"", ""pct"": 11.219999999999999}, {""score"": ""1 - 1"", ""pct"": 10.5}]"
Australia,Iran,Neutral,1.39,1.31,38.2,27.3,34.5,38.1,6.6,7.8,34.8,5.4,7.4,52.4,47.6,"[{""score"": ""1 - 1"", ""pct"": 12.509999999999998}, {""score"": ""1 - 0"", ""pct"": 10.22}, {""score"": ""0 - 1"", ""pct"": 8.67}]"
Australia,Croatia,Neutral,1.331,1.369,36.9,25.8,37.3,35.4,6.1,7.5,37.3,6.3,7.5,49.0,51.0,"[{""score"": ""1 - 1"", ""pct"": 11.75}, {""score"": ""1 - 0"", ""pct"": 9.31}, {""score"": ""0 - 1"", ""pct"": 9.29}]"
Australia,Bosnia and Herzegovina,Neutral,2.139,0.561,74.0,18.1,7.9,75.0,7.1,7.4,7.1,1.5,1.9,89.6,10.4,"[{""score"": ""2 - 0"", ""pct"": 15.15}, {""score"": ""1 - 0"", ""pct"": 14.860000000000001}, {""score"": ""3 - 0"", ""pct"": 10.38}]"
Australia,Ghana,Neutral,2.101,0.599,74.0,18.0,8.0,73.3,6.8,7.7,8.0,2.0,2.1,87.8,12.2,"[{""score"": ""1 - 0"", ""pct"": 15.190000000000001}, {""score"": ""2 - 0"", ""pct"": 14.790000000000001}, {""score"": ""3 - 0"", ""pct"": 10.18}]"
Australia,Netherlands,Neutral,1.262,1.438,32.1,27.8,40.1,32.2,5.7,6.4,41.1,6.9,7.7,44.3,55.7,"[{""score"": ""1 - 1"", ""pct"": 12.740000000000002}, {""score"": ""0 - 1"", ""pct"": 9.71}, {""score"": ""1 - 2"", ""pct"": 8.59}]"
Australia,Senegal,Neutral,1.426,1.274,40.8,26.4,32.8,39.7,6.1,8.0,33.3,5.6,7.3,53.7,46.3,"[{""score"": ""1 - 1"", ""pct"": 12.16}, {""score"": ""1 - 0"", ""pct"": 10.040000000000001}, {""score"": ""2 - 1"", ""pct"": 8.77}]"
Australia,Uzbekistan,Neutral,1.547,1.153,46.1,26.8,27.2,45.9,7.0,8.4,27.2,5.2,6.2,61.3,38.7,"[{""score"": ""1 - 1"", ""pct"": 12.23}, {""score"": ""1 - 0"", ""pct"": 10.12}, {""score"": ""2 - 1"", ""pct"": 9.83}]"
Australia,Scotland,Neutral,1.722,0.978,54.4,25.8,19.8,54.3,7.6,8.9,20.2,4.3,4.8,70.8,29.2,"[{""score"": ""1 - 0"", ""pct"": 12.19}, {""score"": ""1 - 1"", ""pct"": 11.790000000000001}, {""score"": ""2 - 1"", ""pct"": 9.629999999999999}]"
Australia,Spain,Neutral,0.723,1.977,11.6,21.3,67.1,11.7,2.2,3.0,66.6,8.1,8.3,16.9,83.1,"[{""score"": ""0 - 1"", ""pct"": 14.19}, {""score"": ""0 - 2"", ""pct"": 12.3}, {""score"": ""1 - 2"", ""pct"": 9.9}]"
Australia,Uruguay,Neutral,1.254,1.446,32.0,26.2,41.8,32.5,5.6,7.3,40.5,6.6,7.5,45.4,54.6,"[{""score"": ""1 - 1"", ""pct"": 12.1}, {""score"": ""0 - 1"", ""pct"": 10.35}, {""score"": ""1 - 0"", ""pct"": 8.82}]"
Australia,Turkey,Neutral,1.404,1.296,39.3,26.4,34.3,38.7,6.6,7.9,33.9,5.6,7.4,53.1,46.9,"[{""score"": ""1 - 1"", ""pct"": 12.34}, {""score"": ""1 - 0"", ""pct"": 9.17}, {""score"": ""0 - 1"", ""pct"": 8.9}]"
Australia,United States,Neutral,1.651,1.049,51.8,25.6,22.6,51.5,7.4,8.4,22.9,4.2,5.5,67.3,32.7,"[{""score"": ""1 - 0"", ""pct"": 12.8}, {""score"": ""1 - 1"", ""pct"": 11.68}, {""score"": ""2 - 1"", ""pct"": 9.42}]"
Australia,Austria,Neutral,1.661,1.039,52.3,25.1,22.6,51.6,7.6,8.5,23.0,4.0,5.3,67.7,32.3,"[{""score"": ""1 - 0"", ""pct"": 11.57}, {""score"": ""1 - 1"", ""pct"": 11.42}, {""score"": ""2 - 1"", ""pct"": 9.75}]"
Australia,Canada,Neutral,1.497,1.203,43.7,26.5,29.8,43.8,6.9,7.9,29.2,5.4,6.8,58.6,41.4,"[{""score"": ""1 - 1"", ""pct"": 11.62}, {""score"": ""1 - 0"", ""pct"": 10.41}, {""score"": ""2 - 1"", ""pct"": 9.3}]"
Australia,Paraguay,Neutral,1.458,1.242,41.6,26.9,31.5,41.0,6.6,8.3,31.6,5.8,6.8,55.8,44.2,"[{""score"": ""1 - 1"", ""pct"": 12.13}, {""score"": ""1 - 0"", ""pct"": 9.74}, {""score"": ""2 - 1"", ""pct"": 8.89}]"
Australia,France,Neutral,0.912,1.788,17.5,24.5,58.0,18.0,3.3,4.8,57.2,7.6,9.0,26.1,73.9,"[{""score"": ""0 - 1"", ""pct"": 13.089999999999998}, {""score"": ""1 - 1"", ""pct"": 10.9}, {""score"": ""0 - 2"", ""pct"": 10.32}]"
Australia,England,Neutral,0.989,1.711,20.5,25.3,54.2,21.1,3.8,5.0,54.3,7.3,8.5,29.9,70.1,"[{""score"": ""0 - 1"", ""pct"": 11.51}, {""score"": ""1 - 1"", ""pct"": 10.96}, {""score"": ""1 - 2"", ""pct"": 10.33}]"
Australia,Panama,Neutral,1.576,1.124,47.0,26.7,26.3,48.4,6.8,8.4,26.1,4.7,5.7,63.5,36.5,"[{""score"": ""1 - 1"", ""pct"": 12.509999999999998}, {""score"": ""1 - 0"", ""pct"": 10.71}, {""score"": ""2 - 1"", ""pct"": 9.049999999999999}]"
Australia,South Korea,Neutral,1.432,1.268,40.7,26.9,32.4,39.4,6.7,8.3,32.9,5.7,7.1,54.3,45.7,"[{""score"": ""1 - 1"", ""pct"": 12.35}, {""score"": ""1 - 0"", ""pct"": 9.379999999999999}, {""score"": ""2 - 1"", ""pct"": 8.98}]"
Canada,Ecuador,Neutral,1.01,1.69,20.9,25.7,53.4,21.3,3.8,5.1,54.0,7.1,8.7,30.2,69.8,"[{""score"": ""0 - 1"", ""pct"": 12.139999999999999}, {""score"": ""1 - 1"", ""pct"": 11.53}, {""score"": ""1 - 2"", ""pct"": 9.719999999999999}]"
Canada,Curaçao,Neutral,2.036,0.664,69.6,20.6,9.8,70.5,7.1,7.9,9.9,2.0,2.6,85.5,14.5,"[{""score"": ""2 - 0"", ""pct"": 13.950000000000001}, {""score"": ""1 - 0"", ""pct"": 13.61}, {""score"": ""3 - 0"", ""pct"": 9.04}]"
Canada,Saudi Arabia,Neutral,1.84,0.86,61.2,23.0,15.8,61.8,7.5,8.5,15.5,3.2,3.6,77.8,22.2,"[{""score"": ""1 - 0"", ""pct"": 13.639999999999999}, {""score"": ""2 - 0"", ""pct"": 10.96}, {""score"": ""1 - 1"", ""pct"": 10.38}]"
Canada,South Africa,Neutral,1.953,0.747,66.1,21.3,12.6,66.5,7.7,7.8,12.3,2.3,3.3,82.0,18.0,"[{""score"": ""1 - 0"", ""pct"": 14.19}, {""score"": ""2 - 0"", ""pct"": 12.790000000000001}, {""score"": ""1 - 1"", ""pct"": 9.93}]"
Canada,Brazil,Neutral,0.923,1.777,18.3,24.4,57.4,18.3,3.5,4.5,57.0,7.7,9.0,26.4,73.6,"[{""score"": ""0 - 1"", ""pct"": 12.709999999999999}, {""score"": ""1 - 1"", ""pct"": 11.540000000000001}, {""score"": ""0 - 2"", ""pct"": 10.32}]"
Canada,Switzerland,Neutral,1.31,1.39,35.2,27.7,37.1,34.7,6.5,7.1,37.9,6.1,7.7,48.3,51.7,"[{""score"": ""1 - 1"", ""pct"": 12.67}, {""score"": ""0 - 1"", ""pct"": 9.36}, {""score"": ""1 - 0"", ""pct"": 9.09}]"
Canada,Algeria,Neutral,1.342,1.358,36.2,25.9,37.9,36.0,6.0,7.5,36.8,6.4,7.4,49.4,50.6,"[{""score"": ""1 - 1"", ""pct"": 11.55}, {""score"": ""1 - 0"", ""pct"": 9.47}, {""score"": ""0 - 1"", ""pct"": 9.32}]"
Canada,Cape Verde,Neutral,2.009,0.691,68.1,21.2,10.7,68.7,7.0,8.1,10.8,2.4,3.0,83.8,16.2,"[{""score"": ""1 - 0"", ""pct"": 13.569999999999999}, {""score"": ""2 - 0"", ""pct"": 13.489999999999998}, {""score"": ""1 - 1"", ""pct"": 9.790000000000001}]"
Canada,Haiti,Neutral,1.781,0.919,58.0,24.1,18.0,58.3,7.6,8.2,17.5,3.8,4.5,74.2,25.8,"[{""score"": ""1 - 0"", ""pct"": 12.26}, {""score"": ""1 - 1"", ""pct"": 10.97}, {""score"": ""2 - 0"", ""pct"": 10.639999999999999}]"
Canada,Colombia,Neutral,0.915,1.785,18.1,24.1,57.8,17.6,3.4,4.8,58.1,7.5,8.6,25.8,74.2,"[{""score"": ""0 - 1"", ""pct"": 13.139999999999999}, {""score"": ""1 - 1"", ""pct"": 10.83}, {""score"": ""0 - 2"", ""pct"": 10.69}]"
Canada,Belgium,Neutral,1.272,1.428,32.3,28.2,39.5,32.6,5.5,7.0,40.2,6.6,8.1,45.2,54.8,"[{""score"": ""1 - 1"", ""pct"": 12.65}, {""score"": ""0 - 1"", ""pct"": 9.139999999999999}, {""score"": ""1 - 0"", ""pct"": 8.75}]"
Canada,Sweden,Neutral,1.848,0.852,61.1,22.9,16.1,61.0,7.5,8.8,15.4,3.1,4.2,77.3,22.7,"[{""score"": ""1 - 0"", ""pct"": 12.879999999999999}, {""score"": ""2 - 0"", ""pct"": 11.61}, {""score"": ""1 - 1"", ""pct"": 9.950000000000001}]"
Canada,Norway,Neutral,1.236,1.464,31.2,26.0,42.8,30.9,5.4,7.3,41.9,6.9,7.7,43.6,56.4,"[{""score"": ""1 - 1"", ""pct"": 11.899999999999999}, {""score"": ""0 - 1"", ""pct"": 10.91}, {""score"": ""1 - 2"", ""pct"": 8.4}]"
Canada,Egypt,Neutral,1.651,1.049,50.6,26.3,23.2,51.8,7.4,8.6,23.0,4.1,5.1,67.8,32.2,"[{""score"": ""1 - 1"", ""pct"": 11.77}, {""score"": ""1 - 0"", ""pct"": 11.41}, {""score"": ""2 - 1"", ""pct"": 9.54}]"
Canada,Jordan,Neutral,1.56,1.14,46.9,27.0,26.1,46.3,7.2,8.7,26.8,5.0,6.0,62.2,37.8,"[{""score"": ""1 - 1"", ""pct"": 12.61}, {""score"": ""1 - 0"", ""pct"": 10.48}, {""score"": ""2 - 1"", ""pct"": 9.629999999999999}]"
Canada,Iraq,Neutral,1.733,0.967,55.7,24.3,20.0,55.2,7.3,8.7,20.1,3.6,5.1,71.2,28.8,"[{""score"": ""1 - 0"", ""pct"": 12.0}, {""score"": ""1 - 1"", ""pct"": 10.83}, {""score"": ""2 - 0"", ""pct"": 10.4}]"
Canada,Ivory Coast,Neutral,1.588,1.112,49.0,25.8,25.2,48.2,6.9,8.6,25.6,4.5,6.2,63.7,36.3,"[{""score"": ""1 - 1"", ""pct"": 11.93}, {""score"": ""1 - 0"", ""pct"": 11.81}, {""score"": ""2 - 1"", ""pct"": 10.05}]"
Canada,Mexico,Neutral,1.089,1.611,25.1,26.0,49.0,24.9,4.5,5.7,48.6,7.4,9.0,35.0,65.0,"[{""score"": ""1 - 1"", ""pct"": 11.73}, {""score"": ""0 - 1"", ""pct"": 11.51}, {""score"": ""1 - 2"", ""pct"": 9.51}]"
Canada,Tunisia,Neutral,1.761,0.939,56.9,24.4,18.6,57.6,7.4,8.6,18.4,3.2,4.8,73.6,26.4,"[{""score"": ""1 - 0"", ""pct"": 12.33}, {""score"": ""1 - 1"", ""pct"": 10.71}, {""score"": ""2 - 0"", ""pct"": 10.56}]"
Canada,Portugal,Neutral,0.964,1.736,20.2,24.0,55.8,20.1,3.6,4.5,56.0,7.6,8.3,28.2,71.8,"[{""score"": ""0 - 1"", ""pct"": 11.85}, {""score"": ""1 - 1"", ""pct"": 10.73}, {""score"": ""1 - 2"", ""pct"": 10.27}]"
Canada,Morocco,Neutral,1.01,1.69,21.0,25.7,53.3,21.3,4.0,5.0,53.2,7.6,8.9,30.3,69.7,"[{""score"": ""1 - 1"", ""pct"": 11.99}, {""score"": ""0 - 1"", ""pct"": 11.44}, {""score"": ""0 - 2"", ""pct"": 9.74}]"
Canada,Germany,Neutral,1.137,1.563,26.2,27.2,46.6,26.6,4.5,6.5,46.5,7.2,8.7,37.6,62.4,"[{""score"": ""1 - 1"", ""pct"": 12.46}, {""score"": ""0 - 1"", ""pct"": 10.72}, {""score"": ""1 - 2"", ""pct"": 9.13}]"
Canada,Argentina,Neutral,0.622,2.078,8.6,19.4,72.0,8.4,1.8,2.1,72.7,7.0,8.0,12.3,87.7,"[{""score"": ""0 - 1"", ""pct"": 14.549999999999999}, {""score"": ""0 - 2"", ""pct"": 14.510000000000002}, {""score"": ""1 - 2"", ""pct"": 9.9}]"
Canada,Qatar,Neutral,2.118,0.582,74.1,18.2,7.7,74.0,7.3,7.4,7.4,1.5,2.3,88.8,11.2,"[{""score"": ""2 - 0"", ""pct"": 15.36}, {""score"": ""1 - 0"", ""pct"": 14.81}, {""score"": ""3 - 0"", ""pct"": 9.959999999999999}]"
Canada,Czech Republic,Neutral,1.696,1.004,53.5,24.9,21.6,55.1,7.4,8.4,20.2,3.8,5.2,70.9,29.1,"[{""score"": ""1 - 0"", ""pct"": 11.65}, {""score"": ""1 - 1"", ""pct"": 11.5}, {""score"": ""2 - 1"", ""pct"": 9.99}]"
Canada,New Zealand,Neutral,1.823,0.877,60.9,23.0,16.1,59.7,7.4,9.2,16.5,3.0,4.3,76.2,23.8,"[{""score"": ""1 - 0"", ""pct"": 13.34}, {""score"": ""2 - 0"", ""pct"": 11.1}, {""score"": ""1 - 1"", ""pct"": 10.8}]"
Canada,Japan,Neutral,1.002,1.698,21.4,24.5,54.0,21.2,3.8,5.3,54.0,7.3,8.3,30.4,69.7,"[{""score"": ""0 - 1"", ""pct"": 11.75}, {""score"": ""1 - 1"", ""pct"": 10.979999999999999}, {""score"": ""1 - 2"", ""pct"": 10.12}]"
Canada,DR Congo,Neutral,1.681,1.019,52.5,26.0,21.5,52.9,7.1,8.7,21.6,4.3,5.4,68.7,31.3,"[{""score"": ""1 - 1"", ""pct"": 11.91}, {""score"": ""1 - 0"", ""pct"": 11.53}, {""score"": ""2 - 1"", ""pct"": 9.69}]"
Canada,Iran,Neutral,1.243,1.457,31.3,27.0,41.7,30.7,5.4,6.8,41.9,7.0,8.2,42.8,57.1,"[{""score"": ""1 - 1"", ""pct"": 11.87}, {""score"": ""0 - 1"", ""pct"": 9.94}, {""score"": ""1 - 2"", ""pct"": 9.0}]"
Canada,Croatia,Neutral,1.185,1.515,28.3,26.6,45.1,29.3,4.5,6.2,45.3,6.7,8.1,39.9,60.1,"[{""score"": ""1 - 1"", ""pct"": 11.78}, {""score"": ""0 - 1"", ""pct"": 10.68}, {""score"": ""1 - 2"", ""pct"": 9.59}]"
Canada,Bosnia and Herzegovina,Neutral,2.06,0.64,70.3,20.6,9.1,70.9,7.6,7.9,9.1,1.9,2.7,86.3,13.7,"[{""score"": ""1 - 0"", ""pct"": 14.19}, {""score"": ""2 - 0"", ""pct"": 13.62}, {""score"": ""2 - 1"", ""pct"": 9.120000000000001}]"
Canada,Ghana,Neutral,2.015,0.685,69.5,20.5,10.0,69.2,7.5,8.2,10.2,2.1,2.7,84.9,15.1,"[{""score"": ""1 - 0"", ""pct"": 14.510000000000002}, {""score"": ""2 - 0"", ""pct"": 13.65}, {""score"": ""2 - 1"", ""pct"": 9.06}]"
Canada,Netherlands,Neutral,1.118,1.582,24.6,26.7,48.7,25.9,4.5,5.7,48.1,7.3,8.6,36.0,64.0,"[{""score"": ""1 - 1"", ""pct"": 11.68}, {""score"": ""0 - 1"", ""pct"": 11.600000000000001}, {""score"": ""1 - 2"", ""pct"": 9.66}]"
Canada,Senegal,Neutral,1.279,1.421,33.2,26.9,39.9,34.1,5.7,7.0,38.8,6.5,7.8,46.8,53.2,"[{""score"": ""1 - 1"", ""pct"": 12.4}, {""score"": ""0 - 1"", ""pct"": 9.71}, {""score"": ""1 - 0"", ""pct"": 9.030000000000001}]"
Canada,Uzbekistan,Neutral,1.402,1.298,38.6,27.9,33.6,39.6,6.6,7.8,33.0,5.4,7.5,54.1,45.9,"[{""score"": ""1 - 1"", ""pct"": 12.629999999999999}, {""score"": ""1 - 0"", ""pct"": 9.24}, {""score"": ""0 - 1"", ""pct"": 8.97}]"
Canada,Scotland,Neutral,1.586,1.114,47.4,26.6,25.9,48.2,7.4,8.4,25.3,4.9,5.8,64.0,36.0,"[{""score"": ""1 - 1"", ""pct"": 12.690000000000001}, {""score"": ""1 - 0"", ""pct"": 10.9}, {""score"": ""2 - 1"", ""pct"": 9.19}]"
Canada,Spain,Neutral,0.631,2.069,9.2,19.1,71.7,9.0,1.9,2.4,71.4,7.3,7.9,13.4,86.6,"[{""score"": ""0 - 1"", ""pct"": 14.899999999999999}, {""score"": ""0 - 2"", ""pct"": 13.819999999999999}, {""score"": ""0 - 3"", ""pct"": 9.84}]"
Canada,Uruguay,Neutral,1.11,1.59,25.4,26.2,48.4,25.1,4.6,5.6,48.5,7.8,8.3,35.3,64.7,"[{""score"": ""1 - 1"", ""pct"": 11.91}, {""score"": ""0 - 1"", ""pct"": 11.110000000000001}, {""score"": ""1 - 2"", ""pct"": 9.51}]"
Canada,Turkey,Neutral,1.257,1.443,31.9,27.1,40.9,32.9,5.9,7.3,39.3,6.6,7.9,46.2,53.8,"[{""score"": ""1 - 1"", ""pct"": 11.57}, {""score"": ""0 - 1"", ""pct"": 9.229999999999999}, {""score"": ""1 - 2"", ""pct"": 8.799999999999999}]"
Canada,United States,Neutral,1.51,1.19,44.3,27.1,28.6,44.0,7.0,8.3,29.0,5.3,6.4,59.3,40.7,"[{""score"": ""1 - 1"", ""pct"": 11.899999999999999}, {""score"": ""1 - 0"", ""pct"": 10.34}, {""score"": ""2 - 1"", ""pct"": 8.73}]"
Canada,Austria,Neutral,1.521,1.179,44.8,27.1,28.2,45.3,7.1,8.2,28.5,4.9,6.0,60.6,39.4,"[{""score"": ""1 - 1"", ""pct"": 12.36}, {""score"": ""1 - 0"", ""pct"": 10.530000000000001}, {""score"": ""2 - 1"", ""pct"": 8.93}]"
Canada,Australia,Neutral,1.203,1.497,29.3,27.4,43.3,30.3,5.2,6.5,43.8,6.6,7.6,42.0,58.0,"[{""score"": ""1 - 1"", ""pct"": 12.13}, {""score"": ""0 - 1"", ""pct"": 10.290000000000001}, {""score"": ""1 - 2"", ""pct"": 9.229999999999999}]"
Canada,Paraguay,Neutral,1.311,1.389,34.3,27.6,38.1,33.6,5.9,7.8,38.5,6.3,7.9,47.3,52.7,"[{""score"": ""1 - 1"", ""pct"": 12.46}, {""score"": ""0 - 1"", ""pct"": 9.58}, {""score"": ""1 - 0"", ""pct"": 9.27}]"
Canada,France,Neutral,0.795,1.905,13.1,22.1,64.8,14.3,2.8,3.3,63.5,7.5,8.6,20.4,79.6,"[{""score"": ""0 - 1"", ""pct"": 13.96}, {""score"": ""0 - 2"", ""pct"": 11.68}, {""score"": ""1 - 2"", ""pct"": 9.93}]"
Canada,England,Neutral,0.863,1.837,16.4,22.9,60.8,16.0,2.9,3.6,61.3,7.5,8.7,22.5,77.5,"[{""score"": ""0 - 1"", ""pct"": 12.629999999999999}, {""score"": ""0 - 2"", ""pct"": 11.32}, {""score"": ""1 - 1"", ""pct"": 10.280000000000001}]"
Canada,Panama,Neutral,1.431,1.269,40.8,27.3,32.0,40.5,6.4,8.5,32.1,5.7,6.8,55.5,44.5,"[{""score"": ""1 - 1"", ""pct"": 12.370000000000001}, {""score"": ""1 - 0"", ""pct"": 10.14}, {""score"": ""2 - 1"", ""pct"": 8.91}]"
Canada,South Korea,Neutral,1.285,1.415,34.1,26.6,39.2,33.2,5.4,6.9,39.9,6.7,7.9,45.5,54.5,"[{""score"": ""1 - 1"", ""pct"": 11.89}, {""score"": ""0 - 1"", ""pct"": 10.209999999999999}, {""score"": ""1 - 0"", ""pct"": 9.1}]"
Paraguay,Ecuador,Neutral,1.046,1.654,23.4,26.0,50.6,23.4,4.5,5.8,50.4,7.2,8.8,33.6,66.4,"[{""score"": ""1 - 1"", ""pct"": 12.29}, {""score"": ""0 - 1"", ""pct"": 11.5}, {""score"": ""1 - 2"", ""pct"": 9.75}]"
Paraguay,Curaçao,Neutral,2.059,0.641,70.9,19.4,9.6,70.9,7.5,7.7,9.6,1.8,2.4,86.2,13.8,"[{""score"": ""1 - 0"", ""pct"": 14.149999999999999}, {""score"": ""2 - 0"", ""pct"": 14.02}, {""score"": ""3 - 0"", ""pct"": 9.29}]"
Paraguay,Saudi Arabia,Neutral,1.871,0.829,61.8,23.1,15.1,62.3,7.4,8.3,15.0,3.1,3.9,78.0,22.1,"[{""score"": ""1 - 0"", ""pct"": 12.6}, {""score"": ""2 - 0"", ""pct"": 11.73}, {""score"": ""1 - 1"", ""pct"": 10.22}]"
Paraguay,South Africa,Neutral,1.979,0.721,67.8,20.6,11.6,67.0,7.3,8.6,11.5,2.3,3.2,83.0,17.0,"[{""score"": ""1 - 0"", ""pct"": 14.16}, {""score"": ""2 - 0"", ""pct"": 13.420000000000002}, {""score"": ""1 - 1"", ""pct"": 9.4}]"
Paraguay,Brazil,Neutral,0.957,1.743,18.7,25.3,56.0,19.6,3.4,4.8,56.1,7.6,8.4,27.8,72.2,"[{""score"": ""0 - 1"", ""pct"": 12.389999999999999}, {""score"": ""1 - 1"", ""pct"": 11.42}, {""score"": ""1 - 2"", ""pct"": 9.87}]"
Paraguay,Switzerland,Neutral,1.349,1.351,36.2,27.7,36.1,35.6,6.1,7.2,37.4,6.2,7.4,49.0,51.0,"[{""score"": ""1 - 1"", ""pct"": 12.2}, {""score"": ""0 - 1"", ""pct"": 9.049999999999999}, {""score"": ""1 - 0"", ""pct"": 8.98}]"
Paraguay,Algeria,Neutral,1.381,1.319,38.0,27.4,34.5,38.5,6.2,8.0,34.2,6.0,7.2,52.7,47.3,"[{""score"": ""1 - 1"", ""pct"": 12.34}, {""score"": ""1 - 0"", ""pct"": 9.82}, {""score"": ""0 - 1"", ""pct"": 8.93}]"
Paraguay,Cape Verde,Neutral,2.033,0.667,69.6,20.2,10.2,69.7,7.4,8.3,9.8,2.1,2.6,85.5,14.5,"[{""score"": ""1 - 0"", ""pct"": 14.16}, {""score"": ""2 - 0"", ""pct"": 12.950000000000001}, {""score"": ""2 - 1"", ""pct"": 9.74}]"
Paraguay,Haiti,Neutral,1.814,0.886,60.1,23.4,16.5,59.8,7.8,8.8,16.4,3.3,3.9,76.3,23.7,"[{""score"": ""1 - 0"", ""pct"": 13.389999999999999}, {""score"": ""2 - 0"", ""pct"": 10.95}, {""score"": ""1 - 1"", ""pct"": 10.69}]"
Paraguay,Colombia,Neutral,0.949,1.751,19.3,24.7,56.0,20.0,3.6,4.6,55.6,7.6,8.6,28.2,71.8,"[{""score"": ""0 - 1"", ""pct"": 11.99}, {""score"": ""1 - 1"", ""pct"": 10.96}, {""score"": ""1 - 2"", ""pct"": 10.13}]"
Paraguay,Belgium,Neutral,1.311,1.389,34.5,27.5,38.0,34.6,5.8,7.6,38.3,6.3,7.4,48.0,52.0,"[{""score"": ""1 - 1"", ""pct"": 12.08}, {""score"": ""1 - 2"", ""pct"": 9.25}, {""score"": ""0 - 1"", ""pct"": 9.139999999999999}]"
Paraguay,Sweden,Neutral,1.879,0.821,63.3,22.2,14.5,62.5,7.5,8.9,14.2,3.2,3.7,78.9,21.1,"[{""score"": ""1 - 0"", ""pct"": 13.41}, {""score"": ""2 - 0"", ""pct"": 11.200000000000001}, {""score"": ""2 - 1"", ""pct"": 10.290000000000001}]"
Paraguay,Norway,Neutral,1.275,1.425,32.9,26.7,40.4,33.2,6.5,6.7,38.6,6.7,8.4,46.4,53.6,"[{""score"": ""1 - 1"", ""pct"": 12.21}, {""score"": ""0 - 1"", ""pct"": 9.93}, {""score"": ""1 - 2"", ""pct"": 9.0}]"
Paraguay,Egypt,Neutral,1.687,1.013,53.2,25.3,21.5,52.9,7.9,8.5,21.5,4.0,5.2,69.3,30.7,"[{""score"": ""1 - 1"", ""pct"": 11.67}, {""score"": ""1 - 0"", ""pct"": 11.43}, {""score"": ""2 - 1"", ""pct"": 10.48}]"
Paraguay,Jordan,Neutral,1.597,1.103,49.3,26.0,24.8,49.1,7.1,8.6,25.3,4.3,5.6,64.8,35.2,"[{""score"": ""1 - 1"", ""pct"": 11.73}, {""score"": ""1 - 0"", ""pct"": 11.12}, {""score"": ""2 - 1"", ""pct"": 9.53}]"
Paraguay,Iraq,Neutral,1.767,0.933,56.4,24.4,19.2,56.4,7.6,9.0,19.4,3.4,4.2,73.0,27.0,"[{""score"": ""1 - 0"", ""pct"": 12.15}, {""score"": ""1 - 1"", ""pct"": 10.73}, {""score"": ""2 - 0"", ""pct"": 9.91}]"
Paraguay,Ivory Coast,Neutral,1.625,1.075,49.5,25.7,24.7,49.3,7.4,8.4,24.7,4.5,5.7,65.1,34.9,"[{""score"": ""1 - 1"", ""pct"": 11.72}, {""score"": ""1 - 0"", ""pct"": 11.01}, {""score"": ""2 - 1"", ""pct"": 9.19}]"
Paraguay,Mexico,Neutral,1.127,1.573,26.1,27.3,46.6,26.7,4.7,6.2,47.5,6.8,8.1,37.5,62.5,"[{""score"": ""1 - 1"", ""pct"": 12.49}, {""score"": ""0 - 1"", ""pct"": 10.72}, {""score"": ""1 - 2"", ""pct"": 9.45}]"
Paraguay,Tunisia,Neutral,1.794,0.906,58.9,22.9,18.3,58.6,7.4,8.5,17.8,3.4,4.2,74.5,25.5,"[{""score"": ""1 - 0"", ""pct"": 13.33}, {""score"": ""2 - 0"", ""pct"": 10.530000000000001}, {""score"": ""2 - 1"", ""pct"": 10.18}]"
Paraguay,Portugal,Neutral,0.999,1.701,20.8,25.4,53.8,21.6,4.0,5.0,53.4,6.9,9.2,30.6,69.4,"[{""score"": ""1 - 1"", ""pct"": 11.87}, {""score"": ""0 - 1"", ""pct"": 11.65}, {""score"": ""1 - 2"", ""pct"": 10.31}]"
Paraguay,Morocco,Neutral,1.046,1.654,23.2,25.3,51.5,22.9,4.4,5.7,51.4,7.2,8.4,33.0,67.0,"[{""score"": ""1 - 1"", ""pct"": 11.41}, {""score"": ""0 - 1"", ""pct"": 11.31}, {""score"": ""0 - 2"", ""pct"": 9.4}]"
Paraguay,Germany,Neutral,1.175,1.525,28.8,27.0,44.2,28.6,4.8,6.2,44.9,7.1,8.4,39.7,60.3,"[{""score"": ""1 - 1"", ""pct"": 11.98}, {""score"": ""0 - 1"", ""pct"": 10.63}, {""score"": ""1 - 2"", ""pct"": 9.370000000000001}]"
Paraguay,Argentina,Neutral,0.644,2.056,9.1,20.4,70.5,9.8,1.8,2.4,70.6,7.5,7.9,14.0,86.0,"[{""score"": ""0 - 1"", ""pct"": 14.2}, {""score"": ""0 - 2"", ""pct"": 13.930000000000001}, {""score"": ""1 - 2"", ""pct"": 9.41}]"
Paraguay,Qatar,Neutral,2.137,0.563,75.2,17.3,7.5,74.1,7.3,7.4,7.6,1.6,2.0,88.8,11.2,"[{""score"": ""2 - 0"", ""pct"": 15.290000000000001}, {""score"": ""1 - 0"", ""pct"": 14.96}, {""score"": ""3 - 0"", ""pct"": 10.56}]"
Paraguay,Czech Republic,Neutral,1.731,0.969,55.4,25.2,19.4,55.5,7.7,8.6,19.8,3.6,4.8,71.8,28.2,"[{""score"": ""1 - 0"", ""pct"": 12.520000000000001}, {""score"": ""1 - 1"", ""pct"": 11.41}, {""score"": ""2 - 0"", ""pct"": 9.879999999999999}]"
Paraguay,New Zealand,Neutral,1.854,0.846,61.8,23.1,15.1,61.4,7.6,8.1,15.8,3.1,4.1,77.1,22.9,"[{""score"": ""1 - 0"", ""pct"": 13.33}, {""score"": ""2 - 0"", ""pct"": 11.37}, {""score"": ""1 - 1"", ""pct"": 10.56}]"
Paraguay,Japan,Neutral,1.038,1.662,23.1,24.6,52.3,22.2,4.0,5.8,52.2,7.2,8.6,32.0,68.0,"[{""score"": ""0 - 1"", ""pct"": 11.32}, {""score"": ""1 - 1"", ""pct"": 11.17}, {""score"": ""1 - 2"", ""pct"": 9.719999999999999}]"
Paraguay,DR Congo,Neutral,1.716,0.984,54.7,25.2,20.1,54.2,7.9,8.4,20.3,4.1,5.1,70.5,29.6,"[{""score"": ""1 - 0"", ""pct"": 11.92}, {""score"": ""1 - 1"", ""pct"": 11.48}, {""score"": ""2 - 0"", ""pct"": 9.700000000000001}]"
Paraguay,Iran,Neutral,1.282,1.418,33.1,27.3,39.6,33.0,5.8,7.1,39.8,6.5,7.8,45.9,54.1,"[{""score"": ""1 - 1"", ""pct"": 12.280000000000001}, {""score"": ""0 - 1"", ""pct"": 9.56}, {""score"": ""1 - 2"", ""pct"": 8.95}]"
Paraguay,Croatia,Neutral,1.224,1.476,30.6,26.8,42.6,31.3,5.3,6.6,42.5,6.5,7.7,43.3,56.7,"[{""score"": ""1 - 1"", ""pct"": 11.81}, {""score"": ""0 - 1"", ""pct"": 9.74}, {""score"": ""1 - 2"", ""pct"": 9.19}]"
Paraguay,Bosnia and Herzegovina,Neutral,2.083,0.617,72.0,18.9,9.0,72.2,6.7,8.1,8.4,2.0,2.5,87.1,12.9,"[{""score"": ""1 - 0"", ""pct"": 14.879999999999999}, {""score"": ""2 - 0"", ""pct"": 14.69}, {""score"": ""3 - 0"", ""pct"": 9.58}]"
Paraguay,Ghana,Neutral,2.039,0.661,70.1,19.6,10.4,69.8,7.3,7.7,10.5,1.9,2.7,84.9,15.1,"[{""score"": ""1 - 0"", ""pct"": 13.84}, {""score"": ""2 - 0"", ""pct"": 13.600000000000001}, {""score"": ""3 - 0"", ""pct"": 9.59}]"
Paraguay,Netherlands,Neutral,1.155,1.545,27.3,26.5,46.2,27.2,4.9,6.1,46.1,7.1,8.5,38.3,61.7,"[{""score"": ""1 - 1"", ""pct"": 11.67}, {""score"": ""0 - 1"", ""pct"": 11.17}, {""score"": ""1 - 2"", ""pct"": 9.11}]"
Paraguay,Senegal,Neutral,1.318,1.382,34.8,27.5,37.7,34.2,6.4,7.8,37.8,5.9,7.9,48.3,51.7,"[{""score"": ""1 - 1"", ""pct"": 12.19}, {""score"": ""0 - 1"", ""pct"": 9.56}, {""score"": ""1 - 0"", ""pct"": 9.11}]"
Paraguay,Uzbekistan,Neutral,1.441,1.259,40.8,27.4,31.8,40.6,6.6,8.1,32.5,5.2,7.2,55.2,44.8,"[{""score"": ""1 - 1"", ""pct"": 12.53}, {""score"": ""1 - 0"", ""pct"": 9.629999999999999}, {""score"": ""2 - 1"", ""pct"": 8.98}]"
Paraguay,Scotland,Neutral,1.623,1.077,48.8,26.6,24.6,49.9,7.6,8.4,23.5,4.7,5.8,66.0,34.0,"[{""score"": ""1 - 1"", ""pct"": 11.86}, {""score"": ""1 - 0"", ""pct"": 11.01}, {""score"": ""2 - 1"", ""pct"": 9.81}]"
Paraguay,Spain,Neutral,0.654,2.046,9.6,18.7,71.7,9.9,1.6,2.8,70.4,7.3,8.0,14.3,85.7,"[{""score"": ""0 - 1"", ""pct"": 15.310000000000002}, {""score"": ""0 - 2"", ""pct"": 14.09}, {""score"": ""0 - 3"", ""pct"": 9.64}]"
Paraguay,Uruguay,Neutral,1.147,1.553,27.4,26.6,46.0,26.7,5.1,6.4,46.8,6.9,8.2,38.1,61.9,"[{""score"": ""1 - 1"", ""pct"": 12.22}, {""score"": ""0 - 1"", ""pct"": 10.99}, {""score"": ""1 - 2"", ""pct"": 9.22}]"
Paraguay,Turkey,Neutral,1.296,1.404,33.8,26.9,39.2,33.8,5.4,7.3,38.9,6.6,8.0,46.5,53.5,"[{""score"": ""1 - 1"", ""pct"": 12.1}, {""score"": ""0 - 1"", ""pct"": 9.569999999999999}, {""score"": ""1 - 0"", ""pct"": 8.93}]"
Paraguay,United States,Neutral,1.549,1.151,46.6,26.4,27.1,46.0,7.0,8.1,27.5,4.9,6.6,61.0,39.0,"[{""score"": ""1 - 1"", ""pct"": 11.66}, {""score"": ""1 - 0"", ""pct"": 10.36}, {""score"": ""2 - 1"", ""pct"": 9.56}]"
Paraguay,Austria,Neutral,1.559,1.141,47.0,26.7,26.3,47.0,7.2,8.3,26.6,5.1,5.9,62.4,37.6,"[{""score"": ""1 - 1"", ""pct"": 12.21}, {""score"": ""1 - 0"", ""pct"": 10.68}, {""score"": ""2 - 1"", ""pct"": 9.3}]"
Paraguay,Australia,Neutral,1.242,1.458,31.4,27.6,40.9,31.6,5.4,6.8,41.6,6.8,7.8,43.8,56.2,"[{""score"": ""1 - 1"", ""pct"": 12.11}, {""score"": ""0 - 1"", ""pct"": 9.66}, {""score"": ""1 - 0"", ""pct"": 8.9}]"
Paraguay,Canada,Neutral,1.389,1.311,37.9,27.3,34.8,38.6,6.2,7.7,34.9,5.9,6.7,52.5,47.5,"[{""score"": ""1 - 1"", ""pct"": 12.49}, {""score"": ""1 - 0"", ""pct"": 9.36}, {""score"": ""0 - 1"", ""pct"": 9.08}]"
Paraguay,France,Neutral,0.825,1.875,14.9,22.9,62.2,14.6,3.0,3.8,62.5,7.5,8.5,21.4,78.6,"[{""score"": ""0 - 1"", ""pct"": 12.94}, {""score"": ""0 - 2"", ""pct"": 11.469999999999999}, {""score"": ""1 - 1"", ""pct"": 10.440000000000001}]"
Paraguay,England,Neutral,0.895,1.805,18.4,23.0,58.6,17.8,3.1,4.3,58.5,7.3,8.9,25.2,74.8,"[{""score"": ""0 - 1"", ""pct"": 12.17}, {""score"": ""0 - 2"", ""pct"": 10.73}, {""score"": ""1 - 1"", ""pct"": 10.14}]"
Paraguay,Panama,Neutral,1.47,1.23,43.1,26.7,30.2,42.4,6.7,8.1,30.5,5.5,6.7,57.2,42.8,"[{""score"": ""1 - 1"", ""pct"": 11.57}, {""score"": ""1 - 0"", ""pct"": 10.01}, {""score"": ""2 - 1"", ""pct"": 9.74}]"
Paraguay,South Korea,Neutral,1.324,1.376,34.0,26.5,39.5,34.5,5.6,7.1,38.4,6.4,7.9,47.2,52.8,"[{""score"": ""1 - 1"", ""pct"": 11.83}, {""score"": ""0 - 1"", ""pct"": 9.94}, {""score"": ""1 - 0"", ""pct"": 8.91}]"
France,Ecuador,Neutral,1.605,1.095,49.5,26.2,24.3,49.1,6.7,8.6,25.2,4.7,5.6,64.5,35.5,"[{""score"": ""1 - 1"", ""pct"": 11.53}, {""score"": ""1 - 0"", ""pct"": 11.01}, {""score"": ""2 - 1"", ""pct"": 9.47}]"
France,Curaçao,Neutral,2.294,0.406,81.6,14.0,4.5,80.9,6.1,6.6,4.4,0.9,1.1,93.6,6.4,"[{""score"": ""2 - 0"", ""pct"": 17.89}, {""score"": ""1 - 0"", ""pct"": 16.1}, {""score"": ""3 - 0"", ""pct"": 13.03}]"
France,Saudi Arabia,Neutral,2.203,0.497,77.0,17.0,6.0,77.4,6.3,7.6,6.1,1.1,1.5,91.3,8.7,"[{""score"": ""2 - 0"", ""pct"": 16.46}, {""score"": ""1 - 0"", ""pct"": 15.110000000000001}, {""score"": ""3 - 0"", ""pct"": 11.53}]"
France,South Africa,Neutral,2.257,0.443,78.9,16.1,5.0,79.7,6.5,6.7,4.9,1.0,1.2,92.9,7.1,"[{""score"": ""2 - 0"", ""pct"": 16.919999999999998}, {""score"": ""1 - 0"", ""pct"": 15.18}, {""score"": ""3 - 0"", ""pct"": 11.78}]"
France,Brazil,Neutral,1.509,1.191,43.5,27.0,29.6,44.5,6.7,8.1,28.9,5.2,6.6,59.3,40.7,"[{""score"": ""1 - 1"", ""pct"": 11.85}, {""score"": ""1 - 0"", ""pct"": 10.61}, {""score"": ""2 - 1"", ""pct"": 8.42}]"
France,Switzerland,Neutral,1.874,0.826,63.4,22.4,14.2,62.9,7.7,8.8,14.1,2.9,3.6,79.4,20.6,"[{""score"": ""1 - 0"", ""pct"": 12.57}, {""score"": ""2 - 0"", ""pct"": 11.58}, {""score"": ""1 - 1"", ""pct"": 10.100000000000001}]"
France,Algeria,Neutral,1.899,0.801,63.2,22.9,14.0,63.3,7.4,8.8,13.9,3.0,3.7,79.4,20.6,"[{""score"": ""1 - 0"", ""pct"": 13.309999999999999}, {""score"": ""2 - 0"", ""pct"": 11.61}, {""score"": ""1 - 1"", ""pct"": 10.72}]"
France,Cape Verde,Neutral,2.282,0.418,79.9,15.3,4.8,80.5,6.1,6.8,4.6,0.9,1.1,93.4,6.6,"[{""score"": ""2 - 0"", ""pct"": 17.39}, {""score"": ""1 - 0"", ""pct"": 16.37}, {""score"": ""3 - 0"", ""pct"": 12.709999999999999}]"
France,Haiti,Neutral,2.173,0.527,76.7,17.0,6.3,75.1,7.0,7.9,6.6,1.4,2.0,90.0,10.0,"[{""score"": ""2 - 0"", ""pct"": 16.04}, {""score"": ""1 - 0"", ""pct"": 14.729999999999999}, {""score"": ""3 - 0"", ""pct"": 11.73}]"
France,Colombia,Neutral,1.501,1.199,43.6,26.9,29.5,44.8,6.6,8.0,29.0,4.7,6.8,59.5,40.5,"[{""score"": ""1 - 1"", ""pct"": 11.72}, {""score"": ""1 - 0"", ""pct"": 10.39}, {""score"": ""2 - 1"", ""pct"": 8.88}]"
France,Belgium,Neutral,1.845,0.855,60.9,23.4,15.8,61.9,7.2,8.4,15.6,2.9,3.9,77.5,22.4,"[{""score"": ""1 - 0"", ""pct"": 13.29}, {""score"": ""2 - 0"", ""pct"": 10.96}, {""score"": ""1 - 1"", ""pct"": 10.489999999999998}]"
France,Sweden,Neutral,2.207,0.493,77.1,17.3,5.6,77.3,6.7,7.3,5.7,1.3,1.6,91.4,8.6,"[{""score"": ""2 - 0"", ""pct"": 16.38}, {""score"": ""1 - 0"", ""pct"": 15.479999999999999}, {""score"": ""3 - 0"", ""pct"": 11.05}]"
France,Norway,Neutral,1.815,0.885,58.8,23.9,17.4,59.0,7.7,8.7,17.1,3.2,4.4,75.3,24.7,"[{""score"": ""1 - 0"", ""pct"": 12.61}, {""score"": ""1 - 1"", ""pct"": 10.95}, {""score"": ""2 - 0"", ""pct"": 10.549999999999999}]"
France,Egypt,Neutral,2.102,0.598,72.8,18.7,8.5,72.8,7.0,7.8,8.5,1.6,2.4,87.5,12.5,"[{""score"": ""2 - 0"", ""pct"": 15.53}, {""score"": ""1 - 0"", ""pct"": 14.84}, {""score"": ""3 - 0"", ""pct"": 9.99}]"
France,Jordan,Neutral,2.048,0.652,70.4,19.9,9.7,70.1,7.1,8.1,9.9,2.1,2.6,85.3,14.7,"[{""score"": ""1 - 0"", ""pct"": 14.6}, {""score"": ""2 - 0"", ""pct"": 13.889999999999999}, {""score"": ""3 - 0"", ""pct"": 9.01}]"
France,Iraq,Neutral,2.148,0.552,74.8,18.2,6.9,75.1,6.6,7.5,7.3,1.6,1.9,89.2,10.8,"[{""score"": ""1 - 0"", ""pct"": 15.68}, {""score"": ""2 - 0"", ""pct"": 15.659999999999998}, {""score"": ""3 - 0"", ""pct"": 10.22}]"
France,Ivory Coast,Neutral,2.065,0.635,70.7,19.9,9.5,71.6,7.2,7.8,9.0,1.9,2.5,86.5,13.4,"[{""score"": ""1 - 0"", ""pct"": 14.330000000000002}, {""score"": ""2 - 0"", ""pct"": 13.850000000000001}, {""score"": ""2 - 1"", ""pct"": 9.15}]"
France,Mexico,Neutral,1.685,1.015,52.9,25.8,21.3,52.5,7.5,9.1,21.6,4.0,5.3,69.1,30.9,"[{""score"": ""1 - 0"", ""pct"": 11.88}, {""score"": ""1 - 1"", ""pct"": 11.82}, {""score"": ""2 - 1"", ""pct"": 9.81}]"
France,Tunisia,Neutral,2.163,0.537,76.2,16.8,7.0,75.5,7.1,7.4,6.8,1.3,2.0,90.0,10.0,"[{""score"": ""2 - 0"", ""pct"": 16.189999999999998}, {""score"": ""1 - 0"", ""pct"": 15.010000000000002}, {""score"": ""3 - 0"", ""pct"": 11.219999999999999}]"
France,Portugal,Neutral,1.556,1.144,46.8,26.0,27.3,46.2,6.7,8.7,27.2,4.9,6.3,61.6,38.4,"[{""score"": ""1 - 1"", ""pct"": 11.35}, {""score"": ""1 - 0"", ""pct"": 10.83}, {""score"": ""2 - 1"", ""pct"": 8.799999999999999}]"
France,Morocco,Neutral,1.605,1.095,48.4,26.5,25.1,50.2,7.1,8.4,24.1,4.5,5.8,65.6,34.4,"[{""score"": ""1 - 1"", ""pct"": 12.3}, {""score"": ""1 - 0"", ""pct"": 10.97}, {""score"": ""2 - 1"", ""pct"": 9.46}]"
France,Germany,Neutral,1.729,0.971,55.5,24.9,19.6,55.9,7.4,8.4,19.6,3.7,5.1,71.7,28.3,"[{""score"": ""1 - 0"", ""pct"": 12.25}, {""score"": ""1 - 1"", ""pct"": 11.09}, {""score"": ""2 - 1"", ""pct"": 10.059999999999999}]"
France,Argentina,Neutral,1.09,1.61,25.7,25.4,48.9,23.6,4.7,5.9,49.9,7.2,8.8,34.1,65.9,"[{""score"": ""1 - 1"", ""pct"": 11.129999999999999}, {""score"": ""0 - 1"", ""pct"": 11.01}, {""score"": ""1 - 2"", ""pct"": 9.31}]"
France,Qatar,Neutral,2.328,0.372,81.7,14.5,3.8,82.4,6.2,6.2,3.5,0.8,1.0,94.8,5.2,"[{""score"": ""2 - 0"", ""pct"": 18.34}, {""score"": ""1 - 0"", ""pct"": 15.950000000000001}, {""score"": ""3 - 0"", ""pct"": 14.64}]"
France,Czech Republic,Neutral,2.128,0.572,74.3,18.0,7.6,74.1,6.9,7.5,8.1,1.5,2.1,88.4,11.6,"[{""score"": ""1 - 0"", ""pct"": 15.1}, {""score"": ""2 - 0"", ""pct"": 14.799999999999999}, {""score"": ""3 - 0"", ""pct"": 10.58}]"
France,New Zealand,Neutral,2.195,0.505,76.3,17.0,6.7,77.1,6.8,7.6,5.9,1.0,1.6,91.5,8.5,"[{""score"": ""2 - 0"", ""pct"": 16.13}, {""score"": ""1 - 0"", ""pct"": 15.190000000000001}, {""score"": ""3 - 0"", ""pct"": 11.3}]"
France,Japan,Neutral,1.597,1.103,49.0,25.7,25.3,48.9,7.1,8.2,25.5,4.3,6.0,64.2,35.8,"[{""score"": ""1 - 1"", ""pct"": 11.559999999999999}, {""score"": ""1 - 0"", ""pct"": 11.219999999999999}, {""score"": ""2 - 1"", ""pct"": 9.46}]"
France,DR Congo,Neutral,2.119,0.581,74.1,18.5,7.4,74.0,6.8,7.9,8.0,1.6,1.8,88.6,11.4,"[{""score"": ""2 - 0"", ""pct"": 15.57}, {""score"": ""1 - 0"", ""pct"": 14.74}, {""score"": ""3 - 0"", ""pct"": 10.25}]"
France,Iran,Neutral,1.821,0.879,59.6,23.4,17.0,59.8,7.4,8.4,17.1,3.3,4.0,75.6,24.4,"[{""score"": ""1 - 0"", ""pct"": 12.19}, {""score"": ""2 - 0"", ""pct"": 11.58}, {""score"": ""1 - 1"", ""pct"": 10.780000000000001}]"
France,Croatia,Neutral,1.772,0.928,57.0,24.2,18.8,57.5,7.4,8.6,18.5,3.7,4.4,73.4,26.6,"[{""score"": ""1 - 0"", ""pct"": 12.72}, {""score"": ""1 - 1"", ""pct"": 10.91}, {""score"": ""2 - 0"", ""pct"": 10.24}]"
France,Bosnia and Herzegovina,Neutral,2.304,0.396,82.1,14.2,3.7,81.1,5.9,6.7,4.5,0.7,1.1,93.7,6.3,"[{""score"": ""2 - 0"", ""pct"": 17.9}, {""score"": ""1 - 0"", ""pct"": 16.5}, {""score"": ""3 - 0"", ""pct"": 13.43}]"
France,Ghana,Neutral,2.285,0.415,79.8,15.6,4.6,80.5,6.6,6.2,4.5,0.9,1.2,93.3,6.7,"[{""score"": ""2 - 0"", ""pct"": 17.05}, {""score"": ""1 - 0"", ""pct"": 15.83}, {""score"": ""3 - 0"", ""pct"": 13.489999999999998}]"
France,Netherlands,Neutral,1.711,0.989,54.7,25.1,20.2,54.8,7.8,8.9,19.7,3.8,5.1,71.4,28.6,"[{""score"": ""1 - 0"", ""pct"": 12.2}, {""score"": ""1 - 1"", ""pct"": 11.05}, {""score"": ""2 - 1"", ""pct"": 10.23}]"
France,Senegal,Neutral,1.85,0.85,61.9,22.9,15.1,61.8,7.3,8.8,15.1,3.1,3.9,77.9,22.1,"[{""score"": ""1 - 0"", ""pct"": 12.97}, {""score"": ""2 - 0"", ""pct"": 11.04}, {""score"": ""1 - 1"", ""pct"": 10.280000000000001}]"
France,Uzbekistan,Neutral,1.943,0.757,65.7,21.6,12.8,65.2,7.4,8.5,12.8,2.7,3.4,81.0,19.0,"[{""score"": ""1 - 0"", ""pct"": 14.02}, {""score"": ""2 - 0"", ""pct"": 12.590000000000002}, {""score"": ""1 - 1"", ""pct"": 9.65}]"
France,Scotland,Neutral,2.064,0.636,70.3,20.3,9.4,71.8,6.9,7.8,9.3,2.0,2.2,86.5,13.5,"[{""score"": ""1 - 0"", ""pct"": 13.91}, {""score"": ""2 - 0"", ""pct"": 13.420000000000002}, {""score"": ""3 - 0"", ""pct"": 9.74}]"
France,Spain,Neutral,1.105,1.595,25.1,26.4,48.4,26.1,4.9,5.7,48.0,6.8,8.6,36.6,63.4,"[{""score"": ""1 - 1"", ""pct"": 12.29}, {""score"": ""0 - 1"", ""pct"": 11.04}, {""score"": ""1 - 2"", ""pct"": 9.54}]"
France,Uruguay,Neutral,1.704,0.996,54.0,24.7,21.3,53.8,7.4,9.3,20.7,4.0,4.8,70.5,29.4,"[{""score"": ""1 - 0"", ""pct"": 12.02}, {""score"": ""1 - 1"", ""pct"": 11.16}, {""score"": ""2 - 1"", ""pct"": 9.68}]"
France,Turkey,Neutral,1.833,0.867,60.1,23.5,16.4,60.2,7.8,8.8,16.0,3.2,4.0,76.8,23.2,"[{""score"": ""1 - 0"", ""pct"": 13.120000000000001}, {""score"": ""2 - 0"", ""pct"": 11.12}, {""score"": ""1 - 1"", ""pct"": 10.33}]"
France,United States,Neutral,2.016,0.684,68.8,20.4,10.8,69.8,6.9,8.0,10.8,2.1,2.5,84.6,15.4,"[{""score"": ""1 - 0"", ""pct"": 14.34}, {""score"": ""2 - 0"", ""pct"": 13.19}, {""score"": ""3 - 0"", ""pct"": 9.09}]"
France,Austria,Neutral,2.023,0.677,69.3,20.8,9.9,69.8,7.4,7.9,10.1,2.3,2.5,85.1,14.9,"[{""score"": ""1 - 0"", ""pct"": 14.000000000000002}, {""score"": ""2 - 0"", ""pct"": 13.8}, {""score"": ""2 - 1"", ""pct"": 9.45}]"
France,Australia,Neutral,1.788,0.912,57.9,23.9,18.2,59.1,7.4,8.3,17.5,3.2,4.4,74.8,25.2,"[{""score"": ""1 - 0"", ""pct"": 12.879999999999999}, {""score"": ""1 - 1"", ""pct"": 10.72}, {""score"": ""2 - 0"", ""pct"": 10.2}]"
France,Canada,Neutral,1.905,0.795,63.5,22.4,14.2,64.6,7.3,8.7,13.4,2.6,3.4,80.6,19.4,"[{""score"": ""1 - 0"", ""pct"": 12.709999999999999}, {""score"": ""2 - 0"", ""pct"": 11.98}, {""score"": ""1 - 1"", ""pct"": 10.26}]"
France,Paraguay,Neutral,1.875,0.825,62.9,22.2,15.0,62.6,8.0,8.5,14.4,2.7,3.8,79.1,20.9,"[{""score"": ""1 - 0"", ""pct"": 13.320000000000002}, {""score"": ""2 - 0"", ""pct"": 12.280000000000001}, {""score"": ""1 - 1"", ""pct"": 9.959999999999999}]"
France,England,Neutral,1.438,1.262,40.1,26.9,33.1,41.2,6.4,7.9,32.0,5.7,6.8,55.5,44.5,"[{""score"": ""1 - 1"", ""pct"": 12.280000000000001}, {""score"": ""1 - 0"", ""pct"": 9.76}, {""score"": ""2 - 1"", ""pct"": 8.64}]"
France,Panama,Neutral,1.964,0.736,67.1,20.7,12.3,67.5,7.3,8.2,11.3,2.4,3.3,83.0,17.0,"[{""score"": ""1 - 0"", ""pct"": 13.88}, {""score"": ""2 - 0"", ""pct"": 12.839999999999998}, {""score"": ""2 - 1"", ""pct"": 9.27}]"
France,South Korea,Neutral,1.855,0.845,61.4,23.2,15.4,61.3,8.0,8.9,15.4,2.6,3.8,78.1,21.9,"[{""score"": ""1 - 0"", ""pct"": 12.86}, {""score"": ""2 - 0"", ""pct"": 11.51}, {""score"": ""1 - 1"", ""pct"": 10.68}]"
England,Ecuador,Neutral,1.52,1.18,45.1,27.2,27.7,44.9,6.8,8.6,27.7,5.6,6.5,60.3,39.7,"[{""score"": ""1 - 1"", ""pct"": 12.26}, {""score"": ""1 - 0"", ""pct"": 10.83}, {""score"": ""2 - 1"", ""pct"": 8.88}]"
England,Curaçao,Neutral,2.269,0.431,80.3,14.8,4.9,79.8,6.7,6.7,4.5,1.0,1.4,93.2,6.8,"[{""score"": ""2 - 0"", ""pct"": 17.630000000000003}, {""score"": ""1 - 0"", ""pct"": 15.4}, {""score"": ""3 - 0"", ""pct"": 13.26}]"
England,Saudi Arabia,Neutral,2.166,0.534,76.1,17.4,6.5,76.1,6.8,7.3,6.7,1.4,1.8,90.2,9.8,"[{""score"": ""2 - 0"", ""pct"": 16.45}, {""score"": ""1 - 0"", ""pct"": 15.14}, {""score"": ""3 - 0"", ""pct"": 11.01}]"
England,South Africa,Neutral,2.227,0.473,78.3,16.4,5.3,78.1,6.8,6.9,5.6,1.2,1.5,91.7,8.3,"[{""score"": ""2 - 0"", ""pct"": 16.900000000000002}, {""score"": ""1 - 0"", ""pct"": 15.329999999999998}, {""score"": ""3 - 0"", ""pct"": 12.78}]"
England,Brazil,Neutral,1.422,1.278,39.7,26.9,33.4,40.2,6.2,8.5,32.4,5.8,6.9,54.9,45.1,"[{""score"": ""1 - 1"", ""pct"": 12.22}, {""score"": ""1 - 0"", ""pct"": 10.25}, {""score"": ""0 - 1"", ""pct"": 8.88}]"
England,Switzerland,Neutral,1.804,0.896,58.8,23.9,17.2,59.3,7.3,8.8,17.1,3.3,4.2,75.4,24.6,"[{""score"": ""1 - 0"", ""pct"": 13.020000000000001}, {""score"": ""2 - 0"", ""pct"": 10.34}, {""score"": ""1 - 1"", ""pct"": 10.2}]"
England,Algeria,Neutral,1.83,0.87,60.5,23.2,16.3,60.8,7.0,8.5,16.7,3.0,4.0,76.3,23.7,"[{""score"": ""1 - 0"", ""pct"": 13.420000000000002}, {""score"": ""2 - 0"", ""pct"": 10.96}, {""score"": ""1 - 1"", ""pct"": 10.52}]"
England,Cape Verde,Neutral,2.255,0.445,79.7,15.4,4.9,79.3,6.5,6.7,5.2,1.1,1.3,92.4,7.6,"[{""score"": ""2 - 0"", ""pct"": 17.37}, {""score"": ""1 - 0"", ""pct"": 15.85}, {""score"": ""3 - 0"", ""pct"": 12.15}]"
England,Haiti,Neutral,2.132,0.568,75.1,17.4,7.5,75.1,6.8,7.3,7.3,1.4,2.1,89.1,10.9,"[{""score"": ""2 - 0"", ""pct"": 15.950000000000001}, {""score"": ""1 - 0"", ""pct"": 14.66}, {""score"": ""3 - 0"", ""pct"": 10.549999999999999}]"
England,Colombia,Neutral,1.413,1.287,39.5,26.5,34.0,39.2,6.9,7.3,33.4,6.0,7.2,53.4,46.6,"[{""score"": ""1 - 1"", ""pct"": 12.07}, {""score"": ""1 - 0"", ""pct"": 9.71}, {""score"": ""2 - 1"", ""pct"": 8.64}]"
England,Belgium,Neutral,1.772,0.928,57.6,24.1,18.3,57.5,7.4,9.0,18.0,3.5,4.7,73.9,26.1,"[{""score"": ""1 - 0"", ""pct"": 12.27}, {""score"": ""1 - 1"", ""pct"": 11.32}, {""score"": ""2 - 0"", ""pct"": 10.13}]"
England,Sweden,Neutral,2.17,0.53,76.2,17.2,6.6,75.4,7.3,7.8,6.5,1.3,1.6,90.6,9.4,"[{""score"": ""2 - 0"", ""pct"": 16.07}, {""score"": ""1 - 0"", ""pct"": 15.559999999999999}, {""score"": ""3 - 0"", ""pct"": 11.31}]"
England,Norway,Neutral,1.741,0.959,56.0,24.3,19.7,56.0,7.3,8.6,19.6,3.6,4.8,72.0,28.0,"[{""score"": ""1 - 0"", ""pct"": 12.32}, {""score"": ""1 - 1"", ""pct"": 10.94}, {""score"": ""2 - 0"", ""pct"": 10.03}]"
England,Egypt,Neutral,2.053,0.647,71.0,19.2,9.7,70.9,7.4,7.7,9.8,1.9,2.2,86.0,14.0,"[{""score"": ""1 - 0"", ""pct"": 14.39}, {""score"": ""2 - 0"", ""pct"": 14.26}, {""score"": ""2 - 1"", ""pct"": 9.9}]"
England,Jordan,Neutral,1.992,0.708,68.2,21.1,10.8,68.3,7.3,8.3,10.8,2.5,2.8,83.9,16.1,"[{""score"": ""1 - 0"", ""pct"": 14.12}, {""score"": ""2 - 0"", ""pct"": 12.55}, {""score"": ""2 - 1"", ""pct"": 9.83}]"
England,Iraq,Neutral,2.104,0.596,73.3,18.4,8.4,72.8,7.6,7.6,8.1,1.7,2.2,88.0,12.0,"[{""score"": ""2 - 0"", ""pct"": 15.190000000000001}, {""score"": ""1 - 0"", ""pct"": 14.19}, {""score"": ""2 - 1"", ""pct"": 9.76}]"
England,Ivory Coast,Neutral,2.011,0.689,69.1,20.4,10.5,68.5,7.5,8.1,10.9,2.1,2.8,84.1,15.9,"[{""score"": ""1 - 0"", ""pct"": 14.06}, {""score"": ""2 - 0"", ""pct"": 13.750000000000002}, {""score"": ""2 - 1"", ""pct"": 9.64}]"
England,Mexico,Neutral,1.603,1.097,49.4,25.8,24.8,49.0,7.3,8.2,25.3,4.5,5.7,64.5,35.5,"[{""score"": ""1 - 1"", ""pct"": 11.200000000000001}, {""score"": ""1 - 0"", ""pct"": 10.93}, {""score"": ""2 - 1"", ""pct"": 9.77}]"
England,Tunisia,Neutral,2.12,0.58,74.4,17.9,7.8,73.6,7.0,7.7,7.9,1.7,2.1,88.2,11.8,"[{""score"": ""2 - 0"", ""pct"": 14.95}, {""score"": ""1 - 0"", ""pct"": 14.64}, {""score"": ""3 - 0"", ""pct"": 10.59}]"
England,Portugal,Neutral,1.469,1.231,41.5,27.9,30.6,42.0,6.9,8.5,30.7,5.2,6.7,57.4,42.6,"[{""score"": ""1 - 1"", ""pct"": 12.78}, {""score"": ""1 - 0"", ""pct"": 10.2}, {""score"": ""2 - 1"", ""pct"": 8.780000000000001}]"
England,Morocco,Neutral,1.52,1.18,44.9,27.2,28.0,44.7,6.9,8.1,28.9,5.5,5.9,59.8,40.2,"[{""score"": ""1 - 1"", ""pct"": 12.36}, {""score"": ""1 - 0"", ""pct"": 11.1}, {""score"": ""2 - 1"", ""pct"": 9.15}]"
England,Germany,Neutral,1.649,1.051,51.1,26.3,22.6,51.4,7.2,8.5,22.9,4.5,5.5,67.1,32.9,"[{""score"": ""1 - 1"", ""pct"": 11.91}, {""score"": ""1 - 0"", ""pct"": 11.24}, {""score"": ""2 - 1"", ""pct"": 9.25}]"
England,Argentina,Neutral,1.008,1.692,21.8,24.6,53.6,22.0,4.0,5.0,53.4,7.1,8.6,31.0,69.0,"[{""score"": ""0 - 1"", ""pct"": 11.72}, {""score"": ""1 - 1"", ""pct"": 11.07}, {""score"": ""1 - 2"", ""pct"": 9.73}]"
England,Qatar,Neutral,2.308,0.392,81.3,14.3,4.3,81.5,6.0,6.0,4.6,0.7,1.2,93.5,6.5,"[{""score"": ""2 - 0"", ""pct"": 18.57}, {""score"": ""1 - 0"", ""pct"": 16.17}, {""score"": ""3 - 0"", ""pct"": 13.139999999999999}]"
England,Czech Republic,Neutral,2.081,0.619,71.8,18.8,9.4,72.7,7.5,7.3,8.4,1.7,2.3,87.5,12.4,"[{""score"": ""1 - 0"", ""pct"": 14.829999999999998}, {""score"": ""2 - 0"", ""pct"": 14.430000000000001}, {""score"": ""3 - 0"", ""pct"": 9.46}]"
England,New Zealand,Neutral,2.156,0.544,75.2,17.5,7.3,75.5,6.9,7.5,6.8,1.3,2.0,89.9,10.1,"[{""score"": ""2 - 0"", ""pct"": 15.870000000000001}, {""score"": ""1 - 0"", ""pct"": 15.509999999999998}, {""score"": ""3 - 0"", ""pct"": 10.780000000000001}]"
England,Japan,Neutral,1.511,1.189,44.6,26.4,29.0,44.2,6.5,8.8,29.0,5.4,6.1,59.4,40.6,"[{""score"": ""1 - 1"", ""pct"": 11.899999999999999}, {""score"": ""1 - 0"", ""pct"": 10.440000000000001}, {""score"": ""2 - 1"", ""pct"": 9.51}]"
England,DR Congo,Neutral,2.072,0.628,72.1,19.0,8.9,71.1,7.1,8.2,9.5,1.8,2.2,86.5,13.5,"[{""score"": ""1 - 0"", ""pct"": 14.899999999999999}, {""score"": ""2 - 0"", ""pct"": 14.000000000000002}, {""score"": ""3 - 0"", ""pct"": 9.9}]"
England,Iran,Neutral,1.746,0.954,56.6,24.1,19.3,56.6,7.1,8.7,19.3,3.5,4.8,72.3,27.7,"[{""score"": ""1 - 0"", ""pct"": 12.629999999999999}, {""score"": ""1 - 1"", ""pct"": 10.35}, {""score"": ""2 - 1"", ""pct"": 10.190000000000001}]"
England,Croatia,Neutral,1.695,1.005,53.2,25.6,21.3,53.2,7.1,9.2,21.6,3.6,5.2,69.6,30.4,"[{""score"": ""1 - 0"", ""pct"": 11.33}, {""score"": ""1 - 1"", ""pct"": 11.1}, {""score"": ""2 - 1"", ""pct"": 9.9}]"
England,Bosnia and Herzegovina,Neutral,2.281,0.419,80.2,15.2,4.6,81.2,6.2,6.5,4.2,0.9,1.0,93.9,6.1,"[{""score"": ""2 - 0"", ""pct"": 17.84}, {""score"": ""1 - 0"", ""pct"": 15.440000000000001}, {""score"": ""3 - 0"", ""pct"": 12.91}]"
England,Ghana,Neutral,2.258,0.442,79.1,15.9,5.0,80.1,6.1,6.5,4.9,1.0,1.3,92.8,7.2,"[{""score"": ""2 - 0"", ""pct"": 16.71}, {""score"": ""1 - 0"", ""pct"": 16.509999999999998}, {""score"": ""3 - 0"", ""pct"": 12.22}]"
England,Netherlands,Neutral,1.631,1.069,50.2,26.0,23.8,50.1,7.0,8.9,24.1,4.5,5.4,66.0,34.0,"[{""score"": ""1 - 0"", ""pct"": 11.82}, {""score"": ""1 - 1"", ""pct"": 11.72}, {""score"": ""2 - 1"", ""pct"": 9.82}]"
England,Senegal,Neutral,1.778,0.922,57.6,24.4,18.0,57.9,7.5,8.4,18.4,3.5,4.3,73.8,26.1,"[{""score"": ""1 - 0"", ""pct"": 12.29}, {""score"": ""1 - 1"", ""pct"": 10.69}, {""score"": ""2 - 1"", ""pct"": 10.23}]"
England,Uzbekistan,Neutral,1.878,0.822,62.2,22.8,14.9,62.0,8.0,8.5,15.3,2.8,3.4,78.5,21.6,"[{""score"": ""1 - 0"", ""pct"": 13.5}, {""score"": ""2 - 0"", ""pct"": 11.61}, {""score"": ""1 - 1"", ""pct"": 10.12}]"
England,Scotland,Neutral,2.01,0.69,69.1,20.6,10.3,69.0,7.5,8.2,10.5,1.9,2.8,84.7,15.3,"[{""score"": ""1 - 0"", ""pct"": 13.94}, {""score"": ""2 - 0"", ""pct"": 13.43}, {""score"": ""2 - 1"", ""pct"": 9.47}]"
England,Spain,Neutral,1.023,1.677,22.3,25.4,52.3,22.2,4.0,5.5,53.0,6.9,8.3,31.7,68.3,"[{""score"": ""0 - 1"", ""pct"": 11.72}, {""score"": ""1 - 1"", ""pct"": 11.57}, {""score"": ""1 - 2"", ""pct"": 9.53}]"
England,Uruguay,Neutral,1.623,1.077,50.2,25.7,24.1,49.5,7.2,8.9,23.9,4.4,6.2,65.5,34.5,"[{""score"": ""1 - 1"", ""pct"": 11.63}, {""score"": ""1 - 0"", ""pct"": 11.32}, {""score"": ""2 - 1"", ""pct"": 9.94}]"
England,Turkey,Neutral,1.759,0.941,56.5,23.8,19.7,57.1,7.5,8.4,18.6,3.8,4.6,73.0,27.0,"[{""score"": ""1 - 0"", ""pct"": 12.15}, {""score"": ""1 - 1"", ""pct"": 10.76}, {""score"": ""2 - 0"", ""pct"": 9.76}]"
England,United States,Neutral,1.958,0.742,66.6,21.0,12.4,66.2,7.7,8.3,12.4,2.4,3.0,82.2,17.8,"[{""score"": ""1 - 0"", ""pct"": 13.55}, {""score"": ""2 - 0"", ""pct"": 12.659999999999998}, {""score"": ""2 - 1"", ""pct"": 9.84}]"
England,Austria,Neutral,1.965,0.735,66.0,21.9,12.1,67.0,7.5,8.2,11.9,2.4,2.9,82.8,17.2,"[{""score"": ""1 - 0"", ""pct"": 13.94}, {""score"": ""2 - 0"", ""pct"": 12.61}, {""score"": ""2 - 1"", ""pct"": 9.85}]"
England,Australia,Neutral,1.711,0.989,54.8,24.9,20.2,55.0,7.3,9.0,20.2,3.6,4.9,71.3,28.7,"[{""score"": ""1 - 0"", ""pct"": 12.16}, {""score"": ""1 - 1"", ""pct"": 11.06}, {""score"": ""2 - 1"", ""pct"": 9.77}]"
England,Canada,Neutral,1.837,0.863,60.7,23.6,15.7,60.9,7.4,8.8,15.9,3.0,4.0,77.0,23.0,"[{""score"": ""1 - 0"", ""pct"": 13.059999999999999}, {""score"": ""2 - 0"", ""pct"": 10.780000000000001}, {""score"": ""1 - 1"", ""pct"": 10.25}]"
England,Paraguay,Neutral,1.805,0.895,58.3,24.0,17.6,59.1,7.2,8.3,17.6,3.4,4.5,74.5,25.5,"[{""score"": ""1 - 0"", ""pct"": 12.76}, {""score"": ""2 - 0"", ""pct"": 11.020000000000001}, {""score"": ""1 - 1"", ""pct"": 10.65}]"
England,France,Neutral,1.262,1.438,31.9,26.3,41.9,32.5,5.8,6.7,41.0,6.5,7.5,45.0,55.0,"[{""score"": ""1 - 1"", ""pct"": 12.04}, {""score"": ""0 - 1"", ""pct"": 10.549999999999999}, {""score"": ""1 - 2"", ""pct"": 9.35}]"
England,Panama,Neutral,1.9,0.8,62.3,23.1,14.6,64.2,7.0,8.6,14.0,2.5,3.6,79.9,20.1,"[{""score"": ""1 - 0"", ""pct"": 13.350000000000001}, {""score"": ""2 - 0"", ""pct"": 11.78}, {""score"": ""1 - 1"", ""pct"": 10.27}]"
England,South Korea,Neutral,1.783,0.917,57.2,24.3,18.5,57.3,7.8,9.1,18.4,3.2,4.2,74.2,25.8,"[{""score"": ""1 - 0"", ""pct"": 12.65}, {""score"": ""1 - 1"", ""pct"": 11.52}, {""score"": ""2 - 0"", ""pct"": 11.29}]"
Panama,Ecuador,Neutral,0.938,1.762,18.4,23.8,57.7,19.1,3.7,4.2,57.0,7.3,8.7,27.0,73.0,"[{""score"": ""0 - 1"", ""pct"": 12.379999999999999}, {""score"": ""1 - 1"", ""pct"": 10.81}, {""score"": ""0 - 2"", ""pct"": 10.43}]"
Panama,Curaçao,Neutral,1.984,0.716,68.0,20.6,11.4,67.8,7.5,8.1,11.2,2.5,2.9,83.5,16.5,"[{""score"": ""1 - 0"", ""pct"": 13.26}, {""score"": ""2 - 0"", ""pct"": 13.200000000000001}, {""score"": ""2 - 1"", ""pct"": 9.99}]"
Panama,Saudi Arabia,Neutral,1.772,0.928,56.4,24.3,19.3,57.2,7.4,8.3,18.7,3.6,4.7,73.0,27.0,"[{""score"": ""1 - 0"", ""pct"": 12.01}, {""score"": ""1 - 1"", ""pct"": 11.26}, {""score"": ""2 - 0"", ""pct"": 10.4}]"
Panama,South Africa,Neutral,1.893,0.807,63.0,22.6,14.5,63.5,7.8,8.3,14.3,2.8,3.3,79.6,20.4,"[{""score"": ""1 - 0"", ""pct"": 12.64}, {""score"": ""2 - 0"", ""pct"": 12.18}, {""score"": ""1 - 1"", ""pct"": 10.32}]"
Panama,Brazil,Neutral,0.856,1.844,16.0,22.8,61.2,15.2,3.3,4.3,60.3,8.1,8.8,22.7,77.3,"[{""score"": ""0 - 1"", ""pct"": 13.270000000000001}, {""score"": ""0 - 2"", ""pct"": 11.65}, {""score"": ""1 - 1"", ""pct"": 10.42}]"
Panama,Switzerland,Neutral,1.228,1.472,30.0,27.3,42.7,30.6,5.8,6.8,42.2,6.7,7.9,43.2,56.8,"[{""score"": ""1 - 1"", ""pct"": 12.36}, {""score"": ""0 - 1"", ""pct"": 9.98}, {""score"": ""1 - 2"", ""pct"": 9.229999999999999}]"
Panama,Algeria,Neutral,1.261,1.439,32.2,27.3,40.5,32.4,5.6,6.7,41.0,6.8,7.5,44.7,55.3,"[{""score"": ""1 - 1"", ""pct"": 12.34}, {""score"": ""0 - 1"", ""pct"": 9.39}, {""score"": ""1 - 0"", ""pct"": 8.9}]"
Panama,Cape Verde,Neutral,1.954,0.746,66.1,21.6,12.3,66.1,7.4,8.2,12.6,2.7,3.0,81.7,18.3,"[{""score"": ""1 - 0"", ""pct"": 13.8}, {""score"": ""2 - 0"", ""pct"": 12.989999999999998}, {""score"": ""1 - 1"", ""pct"": 9.65}]"
Panama,Haiti,Neutral,1.71,0.99,54.8,24.3,20.9,53.9,7.3,8.5,21.3,3.9,5.1,69.7,30.3,"[{""score"": ""1 - 0"", ""pct"": 11.84}, {""score"": ""1 - 1"", ""pct"": 11.01}, {""score"": ""2 - 1"", ""pct"": 10.100000000000001}]"
Panama,Colombia,Neutral,0.849,1.851,15.6,23.0,61.4,15.6,3.3,3.8,61.0,7.8,8.5,22.7,77.3,"[{""score"": ""0 - 1"", ""pct"": 12.97}, {""score"": ""0 - 2"", ""pct"": 11.99}, {""score"": ""1 - 2"", ""pct"": 9.950000000000001}]"
Panama,Belgium,Neutral,1.191,1.509,28.9,25.9,45.2,29.2,4.9,6.8,43.8,6.9,8.4,40.8,59.2,"[{""score"": ""1 - 1"", ""pct"": 11.52}, {""score"": ""0 - 1"", ""pct"": 11.12}, {""score"": ""1 - 2"", ""pct"": 9.2}]"
Panama,Sweden,Neutral,1.781,0.919,58.4,23.1,18.6,58.3,7.4,8.5,17.6,3.5,4.7,74.2,25.8,"[{""score"": ""1 - 0"", ""pct"": 12.55}, {""score"": ""2 - 0"", ""pct"": 10.89}, {""score"": ""1 - 1"", ""pct"": 10.66}]"
Panama,Norway,Neutral,1.156,1.544,28.4,26.2,45.5,27.0,5.1,7.1,45.2,7.3,8.3,39.2,60.8,"[{""score"": ""1 - 1"", ""pct"": 11.93}, {""score"": ""0 - 1"", ""pct"": 10.72}, {""score"": ""1 - 2"", ""pct"": 8.75}]"
Panama,Egypt,Neutral,1.575,1.125,47.3,26.0,26.7,47.5,6.8,8.5,26.5,4.7,5.9,62.8,37.2,"[{""score"": ""1 - 1"", ""pct"": 11.58}, {""score"": ""1 - 0"", ""pct"": 10.63}, {""score"": ""2 - 1"", ""pct"": 9.24}]"
Panama,Jordan,Neutral,1.48,1.22,43.1,27.8,29.1,42.5,6.5,8.1,30.9,5.4,6.6,57.1,42.9,"[{""score"": ""1 - 1"", ""pct"": 12.82}, {""score"": ""1 - 0"", ""pct"": 10.11}, {""score"": ""2 - 1"", ""pct"": 9.049999999999999}]"
Panama,Iraq,Neutral,1.66,1.04,51.6,25.2,23.2,51.6,7.3,8.9,22.8,4.1,5.3,67.8,32.2,"[{""score"": ""1 - 0"", ""pct"": 11.540000000000001}, {""score"": ""1 - 1"", ""pct"": 11.37}, {""score"": ""2 - 1"", ""pct"": 9.700000000000001}]"
Panama,Ivory Coast,Neutral,1.509,1.191,44.7,26.2,29.1,44.4,7.0,8.3,28.5,5.1,6.6,59.8,40.2,"[{""score"": ""1 - 1"", ""pct"": 12.06}, {""score"": ""1 - 0"", ""pct"": 11.24}, {""score"": ""2 - 1"", ""pct"": 9.09}]"
Panama,Mexico,Neutral,1.014,1.686,21.8,25.8,52.3,21.7,4.2,4.9,53.6,7.2,8.5,30.7,69.3,"[{""score"": ""1 - 1"", ""pct"": 11.48}, {""score"": ""0 - 1"", ""pct"": 11.129999999999999}, {""score"": ""1 - 2"", ""pct"": 9.6}]"
Panama,Tunisia,Neutral,1.689,1.011,54.0,24.7,21.3,53.7,7.1,8.9,21.6,3.7,5.0,69.7,30.3,"[{""score"": ""1 - 0"", ""pct"": 12.36}, {""score"": ""1 - 1"", ""pct"": 10.47}, {""score"": ""2 - 1"", ""pct"": 10.35}]"
Panama,Portugal,Neutral,0.895,1.805,17.5,23.2,59.3,17.2,3.5,3.9,59.2,7.9,8.2,24.7,75.3,"[{""score"": ""0 - 1"", ""pct"": 12.920000000000002}, {""score"": ""0 - 2"", ""pct"": 10.81}, {""score"": ""1 - 1"", ""pct"": 10.530000000000001}]"
Panama,Morocco,Neutral,0.938,1.762,18.2,24.9,56.8,19.1,3.5,4.8,56.1,7.8,8.8,27.4,72.6,"[{""score"": ""0 - 1"", ""pct"": 12.0}, {""score"": ""1 - 1"", ""pct"": 11.28}, {""score"": ""1 - 2"", ""pct"": 10.48}]"
Panama,Germany,Neutral,1.06,1.64,22.9,26.4,50.7,22.9,4.2,5.8,51.2,7.2,8.8,32.8,67.2,"[{""score"": ""1 - 1"", ""pct"": 12.07}, {""score"": ""0 - 1"", ""pct"": 11.67}, {""score"": ""1 - 2"", ""pct"": 9.25}]"
Panama,Argentina,Neutral,0.578,2.122,8.2,18.2,73.6,7.5,1.6,2.3,74.2,6.9,7.6,11.3,88.7,"[{""score"": ""0 - 2"", ""pct"": 15.32}, {""score"": ""0 - 1"", ""pct"": 14.829999999999998}, {""score"": ""0 - 3"", ""pct"": 10.17}]"
Panama,Qatar,Neutral,2.074,0.626,71.6,19.9,8.5,72.1,7.1,8.2,8.7,1.5,2.3,87.4,12.6,"[{""score"": ""1 - 0"", ""pct"": 14.84}, {""score"": ""2 - 0"", ""pct"": 14.31}, {""score"": ""3 - 0"", ""pct"": 10.02}]"
Panama,Czech Republic,Neutral,1.621,1.079,49.1,26.5,24.4,50.8,7.2,8.4,23.7,4.4,5.4,66.5,33.5,"[{""score"": ""1 - 1"", ""pct"": 11.97}, {""score"": ""1 - 0"", ""pct"": 11.05}, {""score"": ""2 - 1"", ""pct"": 9.21}]"
Panama,New Zealand,Neutral,1.754,0.946,56.6,24.8,18.6,55.9,7.7,8.6,19.2,3.7,5.0,72.2,27.8,"[{""score"": ""1 - 0"", ""pct"": 12.25}, {""score"": ""1 - 1"", ""pct"": 11.03}, {""score"": ""2 - 1"", ""pct"": 10.11}]"
Panama,Japan,Neutral,0.931,1.769,18.0,24.9,57.0,18.6,3.5,4.7,56.9,7.4,8.9,26.8,73.2,"[{""score"": ""0 - 1"", ""pct"": 12.809999999999999}, {""score"": ""1 - 1"", ""pct"": 10.89}, {""score"": ""0 - 2"", ""pct"": 10.51}]"
Panama,DR Congo,Neutral,1.605,1.095,48.8,26.3,24.9,49.5,7.2,8.7,24.5,4.4,5.6,65.5,34.5,"[{""score"": ""1 - 1"", ""pct"": 11.48}, {""score"": ""1 - 0"", ""pct"": 11.12}, {""score"": ""2 - 1"", ""pct"": 9.15}]"
Panama,Iran,Neutral,1.163,1.537,27.7,27.4,44.9,27.9,5.2,6.5,45.3,7.0,8.2,39.5,60.5,"[{""score"": ""1 - 1"", ""pct"": 12.35}, {""score"": ""0 - 1"", ""pct"": 10.489999999999998}, {""score"": ""1 - 2"", ""pct"": 8.67}]"
Panama,Croatia,Neutral,1.106,1.594,25.4,26.7,47.9,25.5,4.2,5.7,49.0,7.1,8.5,35.4,64.6,"[{""score"": ""1 - 1"", ""pct"": 11.73}, {""score"": ""0 - 1"", ""pct"": 11.32}, {""score"": ""1 - 2"", ""pct"": 9.610000000000001}]"
Panama,Bosnia and Herzegovina,Neutral,2.01,0.69,68.7,20.4,10.9,68.5,7.5,8.4,10.9,2.1,2.6,84.4,15.6,"[{""score"": ""1 - 0"", ""pct"": 13.76}, {""score"": ""2 - 0"", ""pct"": 12.94}, {""score"": ""2 - 1"", ""pct"": 9.76}]"
Panama,Ghana,Neutral,1.961,0.739,66.3,21.5,12.1,65.5,7.8,8.3,12.3,2.6,3.4,81.7,18.3,"[{""score"": ""1 - 0"", ""pct"": 13.459999999999999}, {""score"": ""2 - 0"", ""pct"": 12.07}, {""score"": ""1 - 1"", ""pct"": 9.85}]"
Panama,Netherlands,Neutral,1.041,1.659,23.5,25.0,51.4,22.2,4.3,5.5,52.0,7.2,8.7,32.1,67.9,"[{""score"": ""0 - 1"", ""pct"": 11.64}, {""score"": ""1 - 1"", ""pct"": 11.360000000000001}, {""score"": ""1 - 2"", ""pct"": 9.56}]"
Panama,Senegal,Neutral,1.198,1.502,29.2,26.8,44.0,30.0,5.0,6.6,43.6,6.9,7.9,41.6,58.4,"[{""score"": ""1 - 1"", ""pct"": 12.0}, {""score"": ""0 - 1"", ""pct"": 10.51}, {""score"": ""1 - 2"", ""pct"": 9.120000000000001}]"
Panama,Uzbekistan,Neutral,1.32,1.38,34.7,27.7,37.6,34.3,5.9,7.6,38.3,6.4,7.4,47.9,52.1,"[{""score"": ""1 - 1"", ""pct"": 12.64}, {""score"": ""1 - 0"", ""pct"": 9.06}, {""score"": ""0 - 1"", ""pct"": 9.049999999999999}]"
Panama,Scotland,Neutral,1.507,1.193,43.9,26.9,29.2,44.1,6.6,8.2,29.4,5.3,6.4,58.9,41.1,"[{""score"": ""1 - 1"", ""pct"": 12.26}, {""score"": ""1 - 0"", ""pct"": 10.56}, {""score"": ""2 - 1"", ""pct"": 9.11}]"
Panama,Spain,Neutral,0.586,2.114,8.1,17.9,74.0,7.8,1.7,1.9,74.1,6.6,7.9,11.4,88.6,"[{""score"": ""0 - 2"", ""pct"": 15.370000000000001}, {""score"": ""0 - 1"", ""pct"": 14.06}, {""score"": ""0 - 3"", ""pct"": 9.969999999999999}]"
Panama,Uruguay,Neutral,1.033,1.667,23.4,24.9,51.7,22.2,3.6,5.7,52.2,7.5,8.7,31.6,68.4,"[{""score"": ""0 - 1"", ""pct"": 11.41}, {""score"": ""1 - 1"", ""pct"": 11.04}, {""score"": ""1 - 2"", ""pct"": 9.49}]"
Panama,Turkey,Neutral,1.177,1.523,28.0,26.9,45.2,28.4,5.4,6.8,43.9,7.0,8.5,40.6,59.4,"[{""score"": ""1 - 1"", ""pct"": 12.17}, {""score"": ""0 - 1"", ""pct"": 9.92}, {""score"": ""1 - 2"", ""pct"": 9.02}]"
Panama,United States,Neutral,1.43,1.27,39.9,27.1,33.0,41.4,6.9,7.7,31.7,5.7,6.7,56.0,44.0,"[{""score"": ""1 - 1"", ""pct"": 11.940000000000001}, {""score"": ""1 - 0"", ""pct"": 9.77}, {""score"": ""0 - 1"", ""pct"": 9.02}]"
Panama,Austria,Neutral,1.441,1.259,41.2,26.3,32.4,40.5,7.0,8.2,32.0,5.6,6.7,55.7,44.3,"[{""score"": ""1 - 1"", ""pct"": 12.08}, {""score"": ""1 - 0"", ""pct"": 9.969999999999999}, {""score"": ""2 - 1"", ""pct"": 9.2}]"
Panama,Australia,Neutral,1.124,1.576,26.2,25.9,47.8,26.5,4.4,6.1,47.5,7.4,8.1,37.0,63.0,"[{""score"": ""1 - 1"", ""pct"": 11.73}, {""score"": ""0 - 1"", ""pct"": 10.92}, {""score"": ""1 - 2"", ""pct"": 9.81}]"
Panama,Canada,Neutral,1.269,1.431,32.7,26.9,40.4,32.1,6.0,7.1,40.1,6.7,7.9,45.3,54.7,"[{""score"": ""1 - 1"", ""pct"": 12.1}, {""score"": ""0 - 1"", ""pct"": 10.07}, {""score"": ""1 - 2"", ""pct"": 8.91}]"
Panama,Paraguay,Neutral,1.23,1.47,30.6,26.4,43.0,30.1,5.6,6.6,42.5,6.7,8.4,42.4,57.6,"[{""score"": ""1 - 1"", ""pct"": 12.0}, {""score"": ""0 - 1"", ""pct"": 10.54}, {""score"": ""1 - 2"", ""pct"": 8.7}]"
Panama,France,Neutral,0.736,1.964,11.9,21.1,67.0,11.3,2.3,3.4,66.8,7.7,8.5,17.0,83.0,"[{""score"": ""0 - 1"", ""pct"": 13.969999999999999}, {""score"": ""0 - 2"", ""pct"": 12.86}, {""score"": ""1 - 2"", ""pct"": 9.59}]"
Panama,England,Neutral,0.8,1.9,13.9,22.6,63.6,14.0,2.8,3.5,63.7,7.4,8.5,20.3,79.7,"[{""score"": ""0 - 1"", ""pct"": 13.71}, {""score"": ""0 - 2"", ""pct"": 12.02}, {""score"": ""1 - 1"", ""pct"": 10.35}]"
Panama,South Korea,Neutral,1.204,1.496,29.4,27.1,43.5,29.7,5.0,6.4,43.9,6.6,8.4,41.0,58.9,"[{""score"": ""1 - 1"", ""pct"": 12.540000000000001}, {""score"": ""0 - 1"", ""pct"": 10.26}, {""score"": ""1 - 2"", ""pct"": 9.31}]"
South Korea,Ecuador,Neutral,1.07,1.63,24.2,25.9,49.9,23.9,4.3,6.0,49.8,7.2,8.8,34.2,65.8,"[{""score"": ""1 - 1"", ""pct"": 12.030000000000001}, {""score"": ""0 - 1"", ""pct"": 10.77}, {""score"": ""1 - 2"", ""pct"": 9.84}]"
South Korea,Curaçao,Neutral,2.074,0.626,73.0,18.6,8.4,71.4,7.5,7.6,9.3,1.9,2.4,86.4,13.6,"[{""score"": ""1 - 0"", ""pct"": 15.15}, {""score"": ""2 - 0"", ""pct"": 14.180000000000001}, {""score"": ""3 - 0"", ""pct"": 9.81}]"
South Korea,Saudi Arabia,Neutral,1.891,0.809,63.2,22.1,14.7,63.1,7.5,8.6,14.4,2.9,3.5,79.2,20.8,"[{""score"": ""1 - 0"", ""pct"": 13.13}, {""score"": ""2 - 0"", ""pct"": 11.49}, {""score"": ""1 - 1"", ""pct"": 9.94}]"
South Korea,South Africa,Neutral,1.997,0.703,68.7,20.7,10.7,68.4,7.3,8.6,10.8,2.2,2.6,84.3,15.7,"[{""score"": ""1 - 0"", ""pct"": 14.64}, {""score"": ""2 - 0"", ""pct"": 12.6}, {""score"": ""1 - 1"", ""pct"": 9.59}]"
South Korea,Brazil,Neutral,0.98,1.72,20.2,25.7,54.1,20.4,3.6,5.1,54.5,7.6,8.9,29.0,71.0,"[{""score"": ""0 - 1"", ""pct"": 12.0}, {""score"": ""1 - 1"", ""pct"": 11.360000000000001}, {""score"": ""0 - 2"", ""pct"": 9.719999999999999}]"
South Korea,Switzerland,Neutral,1.375,1.325,37.6,27.5,34.9,37.7,6.1,7.5,35.3,5.8,7.5,51.4,48.6,"[{""score"": ""1 - 1"", ""pct"": 12.65}, {""score"": ""1 - 0"", ""pct"": 9.629999999999999}, {""score"": ""0 - 1"", ""pct"": 9.13}]"
South Korea,Algeria,Neutral,1.407,1.293,38.9,27.2,33.9,39.8,6.7,7.6,33.0,5.9,6.9,54.1,45.9,"[{""score"": ""1 - 1"", ""pct"": 12.280000000000001}, {""score"": ""1 - 0"", ""pct"": 9.69}, {""score"": ""0 - 1"", ""pct"": 8.86}]"
South Korea,Cape Verde,Neutral,2.049,0.651,70.6,19.6,9.8,70.8,7.2,8.1,9.6,1.8,2.5,86.1,13.9,"[{""score"": ""1 - 0"", ""pct"": 14.32}, {""score"": ""2 - 0"", ""pct"": 14.180000000000001}, {""score"": ""2 - 1"", ""pct"": 9.07}]"
South Korea,Haiti,Neutral,1.835,0.865,60.8,23.2,16.1,60.1,7.7,8.9,16.4,2.9,4.0,76.7,23.3,"[{""score"": ""1 - 0"", ""pct"": 12.989999999999998}, {""score"": ""2 - 0"", ""pct"": 10.89}, {""score"": ""1 - 1"", ""pct"": 10.69}]"
South Korea,Colombia,Neutral,0.972,1.728,19.3,25.3,55.4,20.4,3.8,4.6,55.1,7.1,9.0,28.7,71.3,"[{""score"": ""0 - 1"", ""pct"": 12.770000000000001}, {""score"": ""1 - 1"", ""pct"": 11.020000000000001}, {""score"": ""1 - 2"", ""pct"": 9.89}]"
South Korea,Belgium,Neutral,1.337,1.363,36.6,26.9,36.5,35.8,6.2,7.5,37.0,6.2,7.3,49.5,50.5,"[{""score"": ""1 - 1"", ""pct"": 12.11}, {""score"": ""1 - 0"", ""pct"": 9.27}, {""score"": ""0 - 1"", ""pct"": 8.91}]"
South Korea,Sweden,Neutral,1.899,0.801,64.3,22.3,13.4,62.8,7.6,8.5,14.9,2.8,3.4,78.9,21.1,"[{""score"": ""1 - 0"", ""pct"": 13.819999999999999}, {""score"": ""2 - 0"", ""pct"": 12.17}, {""score"": ""1 - 1"", ""pct"": 10.36}]"
South Korea,Norway,Neutral,1.301,1.399,33.7,27.3,39.0,34.2,5.8,7.0,38.9,6.3,7.8,47.0,53.0,"[{""score"": ""1 - 1"", ""pct"": 11.81}, {""score"": ""0 - 1"", ""pct"": 9.629999999999999}, {""score"": ""1 - 2"", ""pct"": 9.02}]"
South Korea,Egypt,Neutral,1.711,0.989,55.1,25.2,19.7,54.4,7.2,8.6,20.9,3.6,5.3,70.2,29.8,"[{""score"": ""1 - 0"", ""pct"": 12.44}, {""score"": ""1 - 1"", ""pct"": 10.99}, {""score"": ""2 - 1"", ""pct"": 10.27}]"
South Korea,Jordan,Neutral,1.622,1.078,49.2,26.5,24.3,50.0,7.1,9.2,23.5,4.5,5.6,66.3,33.7,"[{""score"": ""1 - 1"", ""pct"": 11.55}, {""score"": ""1 - 0"", ""pct"": 10.73}, {""score"": ""2 - 1"", ""pct"": 9.59}]"
South Korea,Iraq,Neutral,1.789,0.911,58.5,23.7,17.8,58.4,7.9,8.5,17.4,3.3,4.5,74.8,25.2,"[{""score"": ""1 - 0"", ""pct"": 12.280000000000001}, {""score"": ""1 - 1"", ""pct"": 10.92}, {""score"": ""2 - 0"", ""pct"": 10.459999999999999}]"
South Korea,Ivory Coast,Neutral,1.649,1.051,50.8,26.0,23.2,51.7,6.9,8.8,23.2,4.2,5.2,67.4,32.6,"[{""score"": ""1 - 1"", ""pct"": 11.64}, {""score"": ""1 - 0"", ""pct"": 11.129999999999999}, {""score"": ""2 - 1"", ""pct"": 9.07}]"
South Korea,Mexico,Neutral,1.152,1.548,28.0,25.7,46.3,27.2,4.3,6.4,46.8,6.9,8.3,38.0,62.0,"[{""score"": ""1 - 1"", ""pct"": 11.55}, {""score"": ""0 - 1"", ""pct"": 11.12}, {""score"": ""1 - 2"", ""pct"": 9.48}]"
South Korea,Tunisia,Neutral,1.816,0.884,59.4,23.6,17.0,59.5,7.7,8.3,17.2,3.3,4.0,75.4,24.6,"[{""score"": ""1 - 0"", ""pct"": 12.520000000000001}, {""score"": ""2 - 0"", ""pct"": 10.65}, {""score"": ""1 - 1"", ""pct"": 10.620000000000001}]"
South Korea,Portugal,Neutral,1.023,1.677,21.5,25.9,52.7,22.2,4.1,5.3,52.0,7.7,8.6,31.7,68.3,"[{""score"": ""0 - 1"", ""pct"": 11.32}, {""score"": ""1 - 1"", ""pct"": 11.32}, {""score"": ""1 - 2"", ""pct"": 9.81}]"
South Korea,Morocco,Neutral,1.07,1.63,24.0,26.5,49.5,23.6,4.6,5.7,50.5,7.2,8.4,33.9,66.1,"[{""score"": ""1 - 1"", ""pct"": 12.24}, {""score"": ""0 - 1"", ""pct"": 11.44}, {""score"": ""1 - 2"", ""pct"": 9.29}]"
South Korea,Germany,Neutral,1.2,1.5,30.4,26.2,43.5,29.2,5.1,6.5,44.0,6.8,8.5,40.8,59.2,"[{""score"": ""1 - 1"", ""pct"": 11.709999999999999}, {""score"": ""0 - 1"", ""pct"": 10.440000000000001}, {""score"": ""1 - 2"", ""pct"": 8.88}]"
South Korea,Argentina,Neutral,0.66,2.04,10.0,19.5,70.5,9.6,2.0,2.7,69.6,7.5,8.7,14.2,85.8,"[{""score"": ""0 - 1"", ""pct"": 14.360000000000001}, {""score"": ""0 - 2"", ""pct"": 14.35}, {""score"": ""1 - 2"", ""pct"": 9.629999999999999}]"
South Korea,Qatar,Neutral,2.15,0.55,75.5,17.5,7.0,75.9,6.9,7.0,6.9,1.4,1.8,89.8,10.2,"[{""score"": ""1 - 0"", ""pct"": 15.35}, {""score"": ""2 - 0"", ""pct"": 15.340000000000002}, {""score"": ""3 - 0"", ""pct"": 11.66}]"
South Korea,Czech Republic,Neutral,1.754,0.946,56.6,24.8,18.6,56.3,7.4,8.6,18.9,3.8,5.0,72.3,27.7,"[{""score"": ""1 - 0"", ""pct"": 12.629999999999999}, {""score"": ""1 - 1"", ""pct"": 11.64}, {""score"": ""2 - 0"", ""pct"": 10.09}]"
South Korea,New Zealand,Neutral,1.875,0.825,62.3,23.1,14.5,62.6,7.8,8.7,14.6,3.0,3.4,79.0,21.0,"[{""score"": ""1 - 0"", ""pct"": 13.139999999999999}, {""score"": ""2 - 0"", ""pct"": 11.48}, {""score"": ""1 - 1"", ""pct"": 10.31}]"
South Korea,Japan,Neutral,1.062,1.638,23.4,26.2,50.4,24.2,4.2,5.4,50.5,7.3,8.4,33.8,66.2,"[{""score"": ""1 - 1"", ""pct"": 12.23}, {""score"": ""0 - 1"", ""pct"": 11.129999999999999}, {""score"": ""1 - 2"", ""pct"": 9.33}]"
South Korea,DR Congo,Neutral,1.739,0.961,55.8,24.2,20.0,55.5,7.9,8.7,19.2,3.6,5.0,72.1,27.9,"[{""score"": ""1 - 0"", ""pct"": 11.63}, {""score"": ""1 - 1"", ""pct"": 11.05}, {""score"": ""2 - 0"", ""pct"": 9.85}]"
South Korea,Iran,Neutral,1.308,1.392,34.3,26.7,39.0,34.5,5.4,7.2,38.8,6.6,7.4,47.2,52.8,"[{""score"": ""1 - 1"", ""pct"": 11.85}, {""score"": ""0 - 1"", ""pct"": 9.83}, {""score"": ""1 - 0"", ""pct"": 8.99}]"
South Korea,Croatia,Neutral,1.25,1.45,32.2,26.6,41.2,31.9,5.7,6.6,41.8,6.2,7.8,44.1,55.9,"[{""score"": ""1 - 1"", ""pct"": 12.5}, {""score"": ""0 - 1"", ""pct"": 10.2}, {""score"": ""1 - 2"", ""pct"": 8.83}]"
South Korea,Bosnia and Herzegovina,Neutral,2.097,0.603,73.4,18.5,8.1,72.6,7.2,7.8,8.5,1.6,2.3,87.6,12.4,"[{""score"": ""1 - 0"", ""pct"": 15.740000000000002}, {""score"": ""2 - 0"", ""pct"": 14.45}, {""score"": ""3 - 0"", ""pct"": 10.190000000000001}]"
South Korea,Ghana,Neutral,2.055,0.645,71.4,19.2,9.4,71.3,6.8,8.4,9.1,1.9,2.5,86.5,13.4,"[{""score"": ""1 - 0"", ""pct"": 14.29}, {""score"": ""2 - 0"", ""pct"": 13.77}, {""score"": ""2 - 1"", ""pct"": 9.65}]"
South Korea,Netherlands,Neutral,1.181,1.519,28.5,26.9,44.5,28.7,5.0,6.3,45.0,6.9,8.2,39.9,60.1,"[{""score"": ""1 - 1"", ""pct"": 12.139999999999999}, {""score"": ""0 - 1"", ""pct"": 10.34}, {""score"": ""1 - 2"", ""pct"": 9.19}]"
South Korea,Senegal,Neutral,1.344,1.356,37.1,26.9,36.0,34.8,6.2,7.4,37.6,6.1,7.9,48.4,51.6,"[{""score"": ""1 - 1"", ""pct"": 11.98}, {""score"": ""1 - 0"", ""pct"": 9.69}, {""score"": ""0 - 1"", ""pct"": 9.06}]"
South Korea,Uzbekistan,Neutral,1.467,1.233,42.2,27.0,30.9,41.8,6.7,7.8,31.5,5.4,6.8,56.3,43.6,"[{""score"": ""1 - 1"", ""pct"": 12.45}, {""score"": ""1 - 0"", ""pct"": 10.03}, {""score"": ""2 - 1"", ""pct"": 8.66}]"
South Korea,Scotland,Neutral,1.648,1.052,51.6,25.0,23.4,51.4,7.3,8.2,23.5,4.2,5.5,66.8,33.2,"[{""score"": ""1 - 0"", ""pct"": 11.72}, {""score"": ""1 - 1"", ""pct"": 11.28}, {""score"": ""2 - 1"", ""pct"": 10.37}]"
South Korea,Spain,Neutral,0.67,2.03,10.2,19.7,70.1,10.1,2.0,2.6,70.4,7.2,7.7,14.7,85.3,"[{""score"": ""0 - 1"", ""pct"": 14.64}, {""score"": ""0 - 2"", ""pct"": 13.71}, {""score"": ""0 - 3"", ""pct"": 9.139999999999999}]"
South Korea,Uruguay,Neutral,1.173,1.527,29.6,25.4,45.1,28.0,4.8,6.5,45.1,7.1,8.5,39.3,60.7,"[{""score"": ""1 - 1"", ""pct"": 11.19}, {""score"": ""0 - 1"", ""pct"": 10.4}, {""score"": ""1 - 2"", ""pct"": 9.22}]"
South Korea,Turkey,Neutral,1.322,1.378,35.4,27.0,37.7,35.4,6.0,7.3,36.7,6.6,8.0,48.8,51.2,"[{""score"": ""1 - 1"", ""pct"": 12.479999999999999}, {""score"": ""0 - 1"", ""pct"": 9.32}, {""score"": ""1 - 0"", ""pct"": 9.15}]"
South Korea,United States,Neutral,1.574,1.126,47.6,26.3,26.1,47.9,7.1,8.0,26.0,4.7,6.2,63.1,36.9,"[{""score"": ""1 - 1"", ""pct"": 11.73}, {""score"": ""1 - 0"", ""pct"": 11.020000000000001}, {""score"": ""2 - 1"", ""pct"": 9.610000000000001}]"
South Korea,Austria,Neutral,1.584,1.116,48.3,26.5,25.2,49.0,6.8,8.1,25.4,4.7,6.1,63.8,36.2,"[{""score"": ""1 - 1"", ""pct"": 12.139999999999999}, {""score"": ""1 - 0"", ""pct"": 11.1}, {""score"": ""2 - 1"", ""pct"": 9.3}]"
South Korea,Australia,Neutral,1.268,1.432,32.4,27.3,40.4,32.6,5.9,6.9,40.2,6.7,7.8,45.3,54.7,"[{""score"": ""1 - 1"", ""pct"": 12.34}, {""score"": ""0 - 1"", ""pct"": 10.290000000000001}, {""score"": ""1 - 0"", ""pct"": 8.870000000000001}]"
South Korea,Canada,Neutral,1.415,1.285,39.8,26.7,33.5,39.5,6.0,7.6,34.0,5.8,7.1,53.1,46.9,"[{""score"": ""1 - 1"", ""pct"": 12.280000000000001}, {""score"": ""1 - 0"", ""pct"": 9.700000000000001}, {""score"": ""0 - 1"", ""pct"": 9.15}]"
South Korea,Paraguay,Neutral,1.376,1.324,37.2,27.1,35.7,37.5,6.6,7.5,34.7,5.9,7.8,51.6,48.4,"[{""score"": ""1 - 1"", ""pct"": 12.53}, {""score"": ""0 - 1"", ""pct"": 9.139999999999999}, {""score"": ""1 - 0"", ""pct"": 8.89}]"
South Korea,France,Neutral,0.845,1.855,15.4,22.9,61.8,15.5,3.1,3.7,61.2,7.8,8.7,22.3,77.7,"[{""score"": ""0 - 1"", ""pct"": 13.270000000000001}, {""score"": ""0 - 2"", ""pct"": 11.39}, {""score"": ""1 - 2"", ""pct"": 10.36}]"
South Korea,England,Neutral,0.917,1.783,17.5,24.4,58.1,18.0,3.2,4.3,58.3,7.1,9.0,25.6,74.4,"[{""score"": ""0 - 1"", ""pct"": 12.7}, {""score"": ""1 - 1"", ""pct"": 10.75}, {""score"": ""1 - 2"", ""pct"": 10.7}]"
South Korea,Panama,Neutral,1.496,1.204,43.3,26.0,30.7,43.7,6.7,8.4,29.6,5.1,6.4,58.8,41.2,"[{""score"": ""1 - 1"", ""pct"": 11.93}, {""score"": ""1 - 0"", ""pct"": 9.98}, {""score"": ""2 - 1"", ""pct"": 8.959999999999999}]"
United States,Ecuador,United States,1.155,1.545,26.9,26.4,46.7,27.7,4.9,6.0,46.7,6.9,7.7,38.7,61.3,"[{""score"": ""1 - 1"", ""pct"": 12.32}, {""score"": ""0 - 1"", ""pct"": 10.91}, {""score"": ""1 - 2"", ""pct"": 9.120000000000001}]"
United States,Curaçao,United States,2.122,0.578,74.1,18.4,7.6,73.6,6.9,7.7,7.9,1.7,2.2,88.2,11.8,"[{""score"": ""2 - 0"", ""pct"": 15.040000000000001}, {""score"": ""1 - 0"", ""pct"": 14.89}, {""score"": ""3 - 0"", ""pct"": 10.22}]"
United States,Saudi Arabia,United States,1.956,0.744,66.3,21.5,12.1,66.2,7.7,8.6,12.0,2.2,3.4,82.4,17.6,"[{""score"": ""1 - 0"", ""pct"": 13.370000000000001}, {""score"": ""2 - 0"", ""pct"": 12.31}, {""score"": ""2 - 1"", ""pct"": 9.82}]"
United States,South Africa,United States,2.053,0.647,71.0,19.7,9.3,71.3,7.1,8.0,9.4,2.0,2.2,86.3,13.7,"[{""score"": ""2 - 0"", ""pct"": 14.399999999999999}, {""score"": ""1 - 0"", ""pct"": 14.23}, {""score"": ""2 - 1"", ""pct"": 9.569999999999999}]"
United States,Brazil,United States,1.061,1.639,23.5,26.0,50.5,23.4,4.5,5.7,50.5,7.5,8.4,33.6,66.4,"[{""score"": ""1 - 1"", ""pct"": 12.02}, {""score"": ""0 - 1"", ""pct"": 10.68}, {""score"": ""1 - 2"", ""pct"": 9.790000000000001}]"
United States,Switzerland,United States,1.464,1.236,41.8,27.2,31.0,42.0,7.0,8.1,31.2,5.1,6.8,57.0,43.0,"[{""score"": ""1 - 1"", ""pct"": 11.93}, {""score"": ""1 - 0"", ""pct"": 10.02}, {""score"": ""2 - 1"", ""pct"": 9.1}]"
United States,Algeria,United States,1.496,1.204,43.1,26.7,30.1,43.5,6.6,8.1,29.4,5.3,7.0,58.3,41.7,"[{""score"": ""1 - 1"", ""pct"": 11.91}, {""score"": ""1 - 0"", ""pct"": 10.01}, {""score"": ""2 - 1"", ""pct"": 9.31}]"
United States,Cape Verde,United States,2.1,0.6,73.6,18.1,8.4,73.5,6.9,7.5,8.3,1.6,2.2,87.9,12.1,"[{""score"": ""2 - 0"", ""pct"": 15.07}, {""score"": ""1 - 0"", ""pct"": 14.99}, {""score"": ""3 - 0"", ""pct"": 10.39}]"
United States,Haiti,United States,1.905,0.795,63.8,22.5,13.7,63.8,7.6,8.6,14.1,2.5,3.4,79.9,20.1,"[{""score"": ""1 - 0"", ""pct"": 12.57}, {""score"": ""2 - 0"", ""pct"": 12.35}, {""score"": ""1 - 1"", ""pct"": 10.17}]"
United States,Colombia,United States,1.053,1.647,22.7,25.4,51.9,23.4,4.5,5.9,51.0,6.9,8.3,33.8,66.2,"[{""score"": ""1 - 1"", ""pct"": 11.450000000000001}, {""score"": ""0 - 1"", ""pct"": 11.3}, {""score"": ""1 - 2"", ""pct"": 9.71}]"
United States,Belgium,United States,1.427,1.273,40.6,27.1,32.2,40.6,6.6,7.8,32.4,5.8,6.7,55.1,44.9,"[{""score"": ""1 - 1"", ""pct"": 11.99}, {""score"": ""1 - 0"", ""pct"": 10.18}, {""score"": ""2 - 1"", ""pct"": 8.83}]"
United States,Sweden,United States,1.963,0.737,66.5,21.4,12.1,66.5,7.2,8.6,12.1,2.3,3.3,82.3,17.7,"[{""score"": ""1 - 0"", ""pct"": 13.54}, {""score"": ""2 - 0"", ""pct"": 13.34}, {""score"": ""1 - 1"", ""pct"": 9.700000000000001}]"
United States,Norway,United States,1.391,1.309,39.0,26.9,34.1,38.0,6.5,7.8,34.1,6.1,7.4,52.3,47.7,"[{""score"": ""1 - 1"", ""pct"": 12.45}, {""score"": ""1 - 0"", ""pct"": 9.84}, {""score"": ""0 - 1"", ""pct"": 9.01}]"
United States,Egypt,United States,1.789,0.911,58.4,24.3,17.3,57.6,7.6,8.7,18.4,3.1,4.6,73.9,26.1,"[{""score"": ""1 - 0"", ""pct"": 12.46}, {""score"": ""1 - 1"", ""pct"": 10.94}, {""score"": ""2 - 0"", ""pct"": 10.23}]"
United States,Jordan,United States,1.704,0.996,54.7,24.5,20.8,53.5,7.5,8.4,21.7,3.9,5.0,69.4,30.6,"[{""score"": ""1 - 0"", ""pct"": 11.93}, {""score"": ""1 - 1"", ""pct"": 11.27}, {""score"": ""2 - 1"", ""pct"": 10.51}]"
United States,Iraq,United States,1.862,0.838,61.5,23.4,15.1,61.3,7.8,8.5,15.8,2.9,3.6,77.6,22.4,"[{""score"": ""1 - 0"", ""pct"": 12.870000000000001}, {""score"": ""2 - 0"", ""pct"": 11.64}, {""score"": ""1 - 1"", ""pct"": 10.77}]"
United States,Ivory Coast,United States,1.73,0.97,55.6,24.4,20.0,55.0,7.4,9.4,19.8,3.9,4.6,71.8,28.2,"[{""score"": ""1 - 0"", ""pct"": 11.81}, {""score"": ""1 - 1"", ""pct"": 11.06}, {""score"": ""2 - 1"", ""pct"": 10.23}]"
United States,Mexico,United States,1.24,1.46,31.4,26.5,42.1,31.6,5.3,6.9,41.5,6.6,8.1,43.8,56.2,"[{""score"": ""1 - 1"", ""pct"": 12.29}, {""score"": ""0 - 1"", ""pct"": 10.45}, {""score"": ""1 - 2"", ""pct"": 8.92}]"
United States,Tunisia,United States,1.887,0.813,63.1,22.4,14.4,62.9,7.6,8.5,14.2,3.1,3.8,79.0,21.0,"[{""score"": ""1 - 0"", ""pct"": 13.54}, {""score"": ""2 - 0"", ""pct"": 11.72}, {""score"": ""2 - 1"", ""pct"": 9.81}]"
United States,Portugal,United States,1.106,1.594,25.4,26.4,48.2,25.4,4.9,6.4,47.9,7.2,8.2,36.6,63.4,"[{""score"": ""1 - 1"", ""pct"": 12.3}, {""score"": ""0 - 1"", ""pct"": 11.01}, {""score"": ""1 - 2"", ""pct"": 9.29}]"
United States,Morocco,United States,1.156,1.544,27.7,26.4,45.9,27.5,5.1,6.2,45.6,6.9,8.7,38.8,61.2,"[{""score"": ""1 - 1"", ""pct"": 12.07}, {""score"": ""0 - 1"", ""pct"": 10.66}, {""score"": ""1 - 2"", ""pct"": 9.71}]"
United States,Germany,United States,1.289,1.411,33.2,27.1,39.6,34.5,5.3,7.0,38.6,6.6,8.0,46.8,53.2,"[{""score"": ""1 - 1"", ""pct"": 12.65}, {""score"": ""0 - 1"", ""pct"": 9.700000000000001}, {""score"": ""1 - 0"", ""pct"": 8.84}]"
United States,Argentina,United States,0.717,1.983,11.6,21.1,67.3,11.4,2.5,3.4,66.6,7.6,8.5,17.3,82.7,"[{""score"": ""0 - 1"", ""pct"": 13.239999999999998}, {""score"": ""0 - 2"", ""pct"": 13.04}, {""score"": ""1 - 2"", ""pct"": 9.569999999999999}]"
United States,Qatar,United States,2.19,0.51,77.1,16.6,6.3,76.8,6.7,7.4,6.2,1.2,1.7,90.9,9.1,"[{""score"": ""2 - 0"", ""pct"": 16.1}, {""score"": ""1 - 0"", ""pct"": 15.409999999999998}, {""score"": ""3 - 0"", ""pct"": 10.86}]"
United States,Czech Republic,United States,1.829,0.871,60.0,23.6,16.4,60.5,7.2,8.5,16.7,2.9,4.2,76.1,23.9,"[{""score"": ""1 - 0"", ""pct"": 12.76}, {""score"": ""2 - 0"", ""pct"": 10.93}, {""score"": ""1 - 1"", ""pct"": 10.45}]"
United States,New Zealand,United States,1.941,0.759,65.6,21.5,12.9,64.8,8.0,8.7,12.8,2.6,3.0,81.6,18.4,"[{""score"": ""1 - 0"", ""pct"": 13.5}, {""score"": ""2 - 0"", ""pct"": 12.61}, {""score"": ""2 - 1"", ""pct"": 9.67}]"
United States,Japan,United States,1.147,1.553,27.2,26.6,46.2,27.3,4.9,6.0,46.1,7.0,8.6,38.2,61.8,"[{""score"": ""1 - 1"", ""pct"": 11.99}, {""score"": ""0 - 1"", ""pct"": 10.280000000000001}, {""score"": ""1 - 2"", ""pct"": 9.22}]"
United States,DR Congo,United States,1.815,0.885,59.3,24.2,16.5,59.2,7.8,8.5,16.7,3.5,4.2,75.6,24.4,"[{""score"": ""1 - 0"", ""pct"": 12.5}, {""score"": ""1 - 1"", ""pct"": 10.71}, {""score"": ""2 - 0"", ""pct"": 10.63}]"
United States,Iran,United States,1.397,1.303,38.1,26.6,35.3,38.8,6.2,7.8,34.0,6.1,7.1,52.9,47.1,"[{""score"": ""1 - 1"", ""pct"": 11.62}, {""score"": ""1 - 0"", ""pct"": 9.43}, {""score"": ""0 - 1"", ""pct"": 9.22}]"
United States,Croatia,United States,1.339,1.361,35.5,27.1,37.4,36.1,5.9,7.2,36.9,6.0,8.0,49.2,50.8,"[{""score"": ""1 - 1"", ""pct"": 11.92}, {""score"": ""0 - 1"", ""pct"": 9.86}, {""score"": ""1 - 0"", ""pct"": 8.98}]"
United States,Bosnia and Herzegovina,United States,2.143,0.557,74.6,17.8,7.6,75.3,6.8,7.3,7.0,1.6,2.1,89.4,10.6,"[{""score"": ""2 - 0"", ""pct"": 15.55}, {""score"": ""1 - 0"", ""pct"": 15.22}, {""score"": ""3 - 0"", ""pct"": 10.83}]"
United States,Ghana,United States,2.105,0.595,72.5,18.9,8.6,73.1,7.3,7.4,8.2,1.8,2.2,87.8,12.2,"[{""score"": ""1 - 0"", ""pct"": 15.049999999999999}, {""score"": ""2 - 0"", ""pct"": 14.12}, {""score"": ""3 - 0"", ""pct"": 9.969999999999999}]"
United States,Netherlands,United States,1.269,1.431,32.0,27.9,40.1,32.2,5.9,7.2,40.7,6.4,7.5,45.4,54.6,"[{""score"": ""1 - 1"", ""pct"": 12.61}, {""score"": ""0 - 1"", ""pct"": 10.05}, {""score"": ""1 - 0"", ""pct"": 8.67}]"
United States,Senegal,United States,1.434,1.266,41.3,25.5,33.1,40.8,6.8,8.4,31.3,5.9,6.9,56.0,44.0,"[{""score"": ""1 - 1"", ""pct"": 11.59}, {""score"": ""1 - 0"", ""pct"": 9.85}, {""score"": ""2 - 1"", ""pct"": 9.120000000000001}]"
United States,Uzbekistan,United States,1.555,1.145,46.6,27.1,26.3,47.2,7.4,8.3,25.9,5.1,6.2,62.9,37.1,"[{""score"": ""1 - 1"", ""pct"": 12.73}, {""score"": ""1 - 0"", ""pct"": 9.92}, {""score"": ""2 - 1"", ""pct"": 9.5}]"
United States,Scotland,United States,1.729,0.971,55.3,25.1,19.7,54.8,7.8,8.3,20.5,3.6,5.0,70.9,29.1,"[{""score"": ""1 - 0"", ""pct"": 11.899999999999999}, {""score"": ""1 - 1"", ""pct"": 11.29}, {""score"": ""2 - 1"", ""pct"": 9.85}]"
United States,Spain,United States,0.728,1.972,11.5,21.7,66.8,12.0,2.2,2.9,67.8,7.2,7.9,17.1,82.9,"[{""score"": ""0 - 1"", ""pct"": 13.99}, {""score"": ""0 - 2"", ""pct"": 12.379999999999999}, {""score"": ""1 - 2"", ""pct"": 9.82}]"
United States,Uruguay,United States,1.261,1.439,32.3,27.1,40.6,32.1,5.3,7.0,40.6,6.9,8.1,44.4,55.6,"[{""score"": ""1 - 1"", ""pct"": 12.15}, {""score"": ""0 - 1"", ""pct"": 9.879999999999999}, {""score"": ""1 - 2"", ""pct"": 8.73}]"
United States,Turkey,United States,1.412,1.288,39.1,27.0,33.9,38.7,5.9,7.8,34.4,5.8,7.3,52.4,47.6,"[{""score"": ""1 - 1"", ""pct"": 12.22}, {""score"": ""1 - 0"", ""pct"": 9.28}, {""score"": ""0 - 1"", ""pct"": 9.07}]"
United States,Austria,United States,1.668,1.032,51.7,25.4,22.9,52.0,7.6,8.4,22.4,3.9,5.7,68.0,32.0,"[{""score"": ""1 - 0"", ""pct"": 11.700000000000001}, {""score"": ""1 - 1"", ""pct"": 11.57}, {""score"": ""2 - 1"", ""pct"": 9.41}]"
United States,Australia,United States,1.358,1.342,36.4,27.3,36.3,37.9,6.6,7.1,35.3,5.8,7.2,51.7,48.3,"[{""score"": ""1 - 1"", ""pct"": 12.590000000000002}, {""score"": ""1 - 0"", ""pct"": 9.22}, {""score"": ""0 - 1"", ""pct"": 9.0}]"
United States,Canada,United States,1.504,1.196,44.2,26.9,28.9,44.0,7.1,7.9,28.7,5.8,6.4,59.0,41.0,"[{""score"": ""1 - 1"", ""pct"": 12.08}, {""score"": ""1 - 0"", ""pct"": 10.18}, {""score"": ""2 - 1"", ""pct"": 9.42}]"
United States,Paraguay,United States,1.465,1.235,42.4,27.4,30.2,41.8,6.5,8.2,31.4,5.1,7.0,56.5,43.5,"[{""score"": ""1 - 1"", ""pct"": 12.65}, {""score"": ""1 - 0"", ""pct"": 10.4}, {""score"": ""2 - 1"", ""pct"": 9.049999999999999}]"
United States,France,United States,0.918,1.782,18.1,23.0,58.9,18.4,3.5,4.5,57.5,7.4,8.7,26.4,73.6,"[{""score"": ""0 - 1"", ""pct"": 12.46}, {""score"": ""0 - 2"", ""pct"": 10.59}, {""score"": ""1 - 1"", ""pct"": 10.25}]"
United States,England,United States,0.995,1.705,20.7,25.4,53.9,21.6,4.2,5.4,52.5,7.3,9.0,31.2,68.8,"[{""score"": ""0 - 1"", ""pct"": 11.44}, {""score"": ""1 - 1"", ""pct"": 11.35}, {""score"": ""1 - 2"", ""pct"": 10.100000000000001}]"
United States,Panama,United States,1.583,1.117,47.8,26.5,25.7,48.1,7.1,7.8,26.2,4.7,6.2,63.0,37.0,"[{""score"": ""1 - 1"", ""pct"": 12.3}, {""score"": ""1 - 0"", ""pct"": 11.110000000000001}, {""score"": ""2 - 1"", ""pct"": 9.950000000000001}]"
United States,South Korea,United States,1.439,1.261,40.4,27.3,32.2,40.8,6.2,8.3,31.9,5.8,6.9,55.3,44.7,"[{""score"": ""1 - 1"", ""pct"": 11.78}, {""score"": ""1 - 0"", ""pct"": 9.6}, {""score"": ""2 - 1"", ""pct"": 8.959999999999999}]"
Ecuador,United States,United States,2.052,0.648,71.0,19.4,9.6,70.3,7.3,8.2,9.9,2.0,2.3,85.8,14.2,"[{""score"": ""1 - 0"", ""pct"": 14.48}, {""score"": ""2 - 0"", ""pct"": 14.280000000000001}, {""score"": ""3 - 0"", ""pct"": 9.93}]"
Curaçao,United States,United States,1.034,1.666,22.7,24.7,52.6,22.8,4.2,5.1,51.8,7.2,9.0,32.0,68.0,"[{""score"": ""0 - 1"", ""pct"": 11.709999999999999}, {""score"": ""1 - 1"", ""pct"": 10.92}, {""score"": ""1 - 2"", ""pct"": 9.64}]"
Saudi Arabia,United States,United States,1.301,1.399,34.0,27.0,39.1,34.3,5.8,7.0,38.8,6.2,7.9,47.1,52.9,"[{""score"": ""1 - 1"", ""pct"": 11.95}, {""score"": ""0 - 1"", ""pct"": 9.78}, {""score"": ""1 - 0"", ""pct"": 8.75}]"
South Africa,United States,United States,1.154,1.546,27.9,26.4,45.7,27.7,5.0,5.8,46.2,7.0,8.3,38.6,61.4,"[{""score"": ""1 - 1"", ""pct"": 11.82}, {""score"": ""0 - 1"", ""pct"": 10.56}, {""score"": ""1 - 2"", ""pct"": 9.24}]"
Brazil,United States,United States,2.107,0.593,72.4,19.4,8.2,73.1,7.0,7.6,8.2,1.6,2.4,87.7,12.3,"[{""score"": ""1 - 0"", ""pct"": 14.92}, {""score"": ""2 - 0"", ""pct"": 14.23}, {""score"": ""3 - 0"", ""pct"": 10.51}]"
Switzerland,United States,United States,1.833,0.867,59.4,24.4,16.2,60.1,7.5,8.5,16.5,3.2,4.2,76.1,23.9,"[{""score"": ""1 - 0"", ""pct"": 12.58}, {""score"": ""1 - 1"", ""pct"": 10.96}, {""score"": ""2 - 0"", ""pct"": 10.41}]"
Algeria,United States,United States,1.807,0.893,58.9,24.2,16.8,59.2,8.0,8.5,17.2,2.8,4.2,75.8,24.2,"[{""score"": ""1 - 0"", ""pct"": 12.659999999999998}, {""score"": ""1 - 1"", ""pct"": 10.92}, {""score"": ""2 - 0"", ""pct"": 10.61}]"
Cape Verde,United States,United States,1.074,1.626,24.3,26.2,49.5,24.0,4.5,5.6,49.5,7.5,9.0,34.0,66.0,"[{""score"": ""1 - 1"", ""pct"": 11.5}, {""score"": ""0 - 1"", ""pct"": 11.34}, {""score"": ""1 - 2"", ""pct"": 10.15}]"
Haiti,United States,United States,1.373,1.327,36.2,27.5,36.2,37.2,6.1,7.5,35.9,5.5,7.7,50.9,49.1,"[{""score"": ""1 - 1"", ""pct"": 12.590000000000002}, {""score"": ""0 - 1"", ""pct"": 9.3}, {""score"": ""1 - 0"", ""pct"": 8.959999999999999}]"
Colombia,United States,United States,2.112,0.588,73.2,18.2,8.6,73.4,7.1,7.8,7.9,1.9,2.0,88.2,11.8,"[{""score"": ""1 - 0"", ""pct"": 14.760000000000002}, {""score"": ""2 - 0"", ""pct"": 14.330000000000002}, {""score"": ""3 - 0"", ""pct"": 10.33}]"
Belgium,United States,United States,1.863,0.837,62.1,23.0,14.9,61.8,7.6,8.7,15.2,2.6,4.0,78.2,21.8,"[{""score"": ""1 - 0"", ""pct"": 13.07}, {""score"": ""2 - 0"", ""pct"": 11.600000000000001}, {""score"": ""1 - 1"", ""pct"": 10.65}]"
Sweden,United States,United States,1.291,1.409,34.2,27.3,38.5,33.0,5.7,7.3,39.4,6.6,8.0,46.0,54.0,"[{""score"": ""1 - 1"", ""pct"": 12.23}, {""score"": ""0 - 1"", ""pct"": 9.27}, {""score"": ""1 - 0"", ""pct"": 9.08}]"
Norway,United States,United States,1.891,0.809,63.6,22.0,14.4,63.6,8.0,8.5,13.8,2.7,3.5,80.0,20.0,"[{""score"": ""1 - 0"", ""pct"": 13.13}, {""score"": ""2 - 0"", ""pct"": 11.37}, {""score"": ""2 - 1"", ""pct"": 9.84}]"
Egypt,United States,United States,1.517,1.183,45.0,27.2,27.9,44.8,6.7,8.4,28.8,5.2,6.1,59.9,40.1,"[{""score"": ""1 - 1"", ""pct"": 12.29}, {""score"": ""1 - 0"", ""pct"": 10.620000000000001}, {""score"": ""2 - 1"", ""pct"": 9.629999999999999}]"
Jordan,United States,United States,1.611,1.089,49.5,25.4,25.0,49.7,7.1,8.6,24.1,4.6,5.9,65.4,34.6,"[{""score"": ""1 - 0"", ""pct"": 11.23}, {""score"": ""1 - 1"", ""pct"": 10.83}, {""score"": ""2 - 1"", ""pct"": 9.65}]"
Iraq,United States,United States,1.428,1.272,40.8,27.6,31.6,40.7,6.7,7.8,33.0,5.1,6.8,55.1,44.9,"[{""score"": ""1 - 1"", ""pct"": 13.209999999999999}, {""score"": ""1 - 0"", ""pct"": 10.190000000000001}, {""score"": ""2 - 1"", ""pct"": 8.709999999999999}]"
Ivory Coast,United States,United States,1.583,1.117,48.1,26.1,25.8,47.4,7.2,8.3,25.5,5.0,6.6,62.9,37.1,"[{""score"": ""1 - 1"", ""pct"": 11.459999999999999}, {""score"": ""1 - 0"", ""pct"": 11.21}, {""score"": ""2 - 1"", ""pct"": 9.56}]"
Mexico,United States,United States,1.998,0.702,68.8,20.5,10.7,68.3,7.7,7.8,11.1,2.3,2.7,83.9,16.1,"[{""score"": ""1 - 0"", ""pct"": 14.540000000000001}, {""score"": ""2 - 0"", ""pct"": 13.74}, {""score"": ""2 - 1"", ""pct"": 9.520000000000001}]"
Tunisia,United States,United States,1.396,1.304,38.6,26.7,34.7,38.1,6.4,8.1,34.0,6.1,7.2,52.7,47.3,"[{""score"": ""1 - 1"", ""pct"": 12.09}, {""score"": ""1 - 0"", ""pct"": 9.6}, {""score"": ""0 - 1"", ""pct"": 9.17}]"
Portugal,United States,United States,2.081,0.619,71.7,19.8,8.5,73.4,6.9,7.8,8.1,1.7,2.2,88.0,12.0,"[{""score"": ""2 - 0"", ""pct"": 14.71}, {""score"": ""1 - 0"", ""pct"": 14.71}, {""score"": ""3 - 0"", ""pct"": 9.16}]"
Morocco,United States,United States,2.051,0.649,70.5,20.0,9.6,71.0,7.4,8.1,9.1,2.0,2.5,86.5,13.5,"[{""score"": ""2 - 0"", ""pct"": 14.17}, {""score"": ""1 - 0"", ""pct"": 14.16}, {""score"": ""3 - 0"", ""pct"": 9.24}]"
Germany,United States,United States,1.965,0.735,66.0,21.4,12.6,66.8,7.7,8.2,12.2,2.2,2.9,82.7,17.3,"[{""score"": ""1 - 0"", ""pct"": 13.5}, {""score"": ""2 - 0"", ""pct"": 13.0}, {""score"": ""1 - 1"", ""pct"": 9.59}]"
Argentina,United States,United States,2.277,0.423,79.8,15.6,4.7,79.6,6.4,6.9,4.8,1.0,1.2,92.9,7.0,"[{""score"": ""2 - 0"", ""pct"": 18.11}, {""score"": ""1 - 0"", ""pct"": 15.57}, {""score"": ""3 - 0"", ""pct"": 12.709999999999999}]"
Qatar,United States,United States,0.905,1.795,17.7,24.5,57.8,17.3,3.6,4.4,58.2,7.5,9.0,25.3,74.7,"[{""score"": ""0 - 1"", ""pct"": 12.29}, {""score"": ""0 - 2"", ""pct"": 10.72}, {""score"": ""1 - 1"", ""pct"": 10.52}]"
Czech Republic,United States,United States,1.47,1.23,41.8,26.6,31.6,42.1,6.7,8.2,30.4,5.6,6.9,57.0,43.0,"[{""score"": ""1 - 1"", ""pct"": 11.92}, {""score"": ""1 - 0"", ""pct"": 10.0}, {""score"": ""2 - 1"", ""pct"": 8.85}]"
New Zealand,United States,United States,1.323,1.377,34.1,27.8,38.0,35.0,6.1,7.3,37.8,6.2,7.6,48.5,51.5,"[{""score"": ""1 - 1"", ""pct"": 12.790000000000001}, {""score"": ""0 - 1"", ""pct"": 9.78}, {""score"": ""1 - 0"", ""pct"": 8.35}]"
Japan,United States,United States,2.057,0.643,70.9,19.3,9.8,71.1,7.3,7.6,9.6,2.0,2.5,86.0,14.0,"[{""score"": ""2 - 0"", ""pct"": 14.549999999999999}, {""score"": ""1 - 0"", ""pct"": 13.969999999999999}, {""score"": ""2 - 1"", ""pct"": 9.33}]"
DR Congo,United States,United States,1.486,1.214,42.9,27.0,30.1,43.2,6.5,8.5,30.4,5.0,6.3,58.3,41.7,"[{""score"": ""1 - 1"", ""pct"": 11.82}, {""score"": ""1 - 0"", ""pct"": 9.54}, {""score"": ""2 - 1"", ""pct"": 9.32}]"
Iran,United States,United States,1.886,0.814,63.9,22.4,13.7,62.9,7.3,8.8,14.3,3.0,3.8,79.0,21.0,"[{""score"": ""1 - 0"", ""pct"": 13.69}, {""score"": ""2 - 0"", ""pct"": 12.32}, {""score"": ""1 - 1"", ""pct"": 10.209999999999999}]"
Croatia,United States,United States,1.929,0.771,64.9,22.7,12.4,64.6,7.5,8.8,13.4,2.5,3.1,81.0,19.1,"[{""score"": ""1 - 0"", ""pct"": 13.26}, {""score"": ""2 - 0"", ""pct"": 12.04}, {""score"": ""1 - 1"", ""pct"": 9.83}]"
Bosnia and Herzegovina,United States,United States,0.997,1.703,21.5,24.5,54.0,21.0,4.0,5.0,54.1,7.3,8.6,30.0,70.0,"[{""score"": ""0 - 1"", ""pct"": 11.78}, {""score"": ""1 - 1"", ""pct"": 10.95}, {""score"": ""0 - 2"", ""pct"": 9.629999999999999}]"
Ghana,United States,United States,1.065,1.635,23.8,26.1,50.1,23.3,4.4,5.7,50.7,7.5,8.4,33.4,66.6,"[{""score"": ""0 - 1"", ""pct"": 12.16}, {""score"": ""1 - 1"", ""pct"": 11.98}, {""score"": ""1 - 2"", ""pct"": 9.520000000000001}]"
Netherlands,United States,United States,1.978,0.722,66.8,20.9,12.3,67.4,6.9,8.6,11.7,2.5,2.9,83.0,17.0,"[{""score"": ""1 - 0"", ""pct"": 13.74}, {""score"": ""2 - 0"", ""pct"": 13.3}, {""score"": ""2 - 1"", ""pct"": 9.55}]"
Senegal,United States,United States,1.858,0.842,61.3,23.1,15.6,61.3,7.7,8.2,15.9,3.2,3.7,77.2,22.8,"[{""score"": ""1 - 0"", ""pct"": 13.58}, {""score"": ""1 - 1"", ""pct"": 10.72}, {""score"": ""2 - 0"", ""pct"": 10.59}]"
Uzbekistan,United States,United States,1.756,0.944,55.7,24.5,19.8,56.5,7.7,9.0,18.2,3.7,4.9,73.2,26.8,"[{""score"": ""1 - 0"", ""pct"": 12.4}, {""score"": ""1 - 1"", ""pct"": 10.75}, {""score"": ""2 - 0"", ""pct"": 9.950000000000001}]"
Scotland,United States,United States,1.585,1.115,47.9,26.5,25.7,48.0,7.1,8.5,25.4,4.9,6.0,63.7,36.3,"[{""score"": ""1 - 1"", ""pct"": 11.799999999999999}, {""score"": ""1 - 0"", ""pct"": 10.94}, {""score"": ""2 - 1"", ""pct"": 9.93}]"
Spain,United States,United States,2.273,0.427,80.0,15.3,4.7,79.8,6.7,6.7,4.6,1.0,1.2,93.2,6.8,"[{""score"": ""2 - 0"", ""pct"": 17.53}, {""score"": ""1 - 0"", ""pct"": 15.310000000000002}, {""score"": ""3 - 0"", ""pct"": 12.790000000000001}]"
Uruguay,United States,United States,1.984,0.716,68.2,20.2,11.6,67.6,7.6,8.2,11.4,2.1,3.1,83.5,16.5,"[{""score"": ""1 - 0"", ""pct"": 13.68}, {""score"": ""2 - 0"", ""pct"": 13.66}, {""score"": ""2 - 1"", ""pct"": 9.35}]"
Turkey,United States,United States,1.875,0.825,62.4,22.4,15.2,62.7,7.3,8.6,14.8,2.8,3.8,78.6,21.4,"[{""score"": ""1 - 0"", ""pct"": 13.209999999999999}, {""score"": ""2 - 0"", ""pct"": 11.33}, {""score"": ""2 - 1"", ""pct"": 10.38}]"
Austria,United States,United States,1.648,1.052,51.5,25.4,23.1,50.7,7.7,8.5,23.4,4.2,5.6,66.9,33.1,"[{""score"": ""1 - 1"", ""pct"": 11.459999999999999}, {""score"": ""1 - 0"", ""pct"": 10.9}, {""score"": ""2 - 1"", ""pct"": 9.32}]"
Australia,United States,United States,1.916,0.784,64.4,22.1,13.5,64.3,7.5,8.3,13.8,2.7,3.4,80.1,19.9,"[{""score"": ""1 - 0"", ""pct"": 13.55}, {""score"": ""2 - 0"", ""pct"": 11.709999999999999}, {""score"": ""2 - 1"", ""pct"": 10.38}]"
Canada,United States,United States,1.8,0.9,57.5,24.6,17.9,58.7,7.8,8.7,17.1,3.3,4.4,75.3,24.7,"[{""score"": ""1 - 0"", ""pct"": 12.27}, {""score"": ""1 - 1"", ""pct"": 11.4}, {""score"": ""2 - 0"", ""pct"": 10.620000000000001}]"
Paraguay,United States,United States,1.832,0.868,60.0,23.9,16.0,60.9,7.5,8.3,16.4,3.1,3.8,76.7,23.3,"[{""score"": ""1 - 0"", ""pct"": 12.76}, {""score"": ""1 - 1"", ""pct"": 10.7}, {""score"": ""2 - 0"", ""pct"": 10.69}]"
France,United States,United States,2.183,0.517,76.1,17.7,6.2,77.2,6.8,7.1,6.1,1.4,1.5,91.0,9.0,"[{""score"": ""2 - 0"", ""pct"": 16.439999999999998}, {""score"": ""1 - 0"", ""pct"": 14.760000000000002}, {""score"": ""3 - 0"", ""pct"": 11.4}]"
England,United States,United States,2.143,0.557,74.6,18.1,7.3,74.4,6.3,7.8,7.8,1.7,2.1,88.5,11.6,"[{""score"": ""2 - 0"", ""pct"": 15.43}, {""score"": ""1 - 0"", ""pct"": 15.260000000000002}, {""score"": ""3 - 0"", ""pct"": 10.35}]"
Panama,United States,United States,1.73,0.97,55.7,24.7,19.6,55.9,7.7,8.5,19.1,3.8,5.1,72.0,28.0,"[{""score"": ""1 - 0"", ""pct"": 12.42}, {""score"": ""1 - 1"", ""pct"": 10.92}, {""score"": ""2 - 1"", ""pct"": 10.040000000000001}]"
South Korea,United States,United States,1.853,0.847,60.8,23.6,15.6,61.7,7.5,8.5,15.5,3.0,3.8,77.7,22.3,"[{""score"": ""1 - 0"", ""pct"": 13.209999999999999}, {""score"": ""2 - 0"", ""pct"": 11.31}, {""score"": ""1 - 1"", ""pct"": 10.440000000000001}]"
Mexico,Ecuador,Mexico,1.577,1.123,47.8,26.4,25.8,47.3,6.9,8.7,26.4,5.1,5.7,62.9,37.1,"[{""score"": ""1 - 1"", ""pct"": 11.72}, {""score"": ""1 - 0"", ""pct"": 11.1}, {""score"": ""2 - 1"", ""pct"": 9.13}]"
Mexico,Curaçao,Mexico,2.286,0.414,80.8,14.8,4.3,80.9,6.6,6.2,4.7,0.8,1.0,93.6,6.4,"[{""score"": ""2 - 0"", ""pct"": 17.19}, {""score"": ""1 - 0"", ""pct"": 16.580000000000002}, {""score"": ""3 - 0"", ""pct"": 12.959999999999999}]"
Mexico,Saudi Arabia,Mexico,2.192,0.508,76.6,17.5,5.9,77.1,6.6,6.9,6.5,1.3,1.6,90.6,9.4,"[{""score"": ""2 - 0"", ""pct"": 16.7}, {""score"": ""1 - 0"", ""pct"": 15.09}, {""score"": ""3 - 0"", ""pct"": 11.15}]"
Mexico,South Africa,Mexico,2.248,0.452,78.9,15.8,5.4,79.0,6.4,6.6,5.6,1.0,1.4,92.1,7.9,"[{""score"": ""2 - 0"", ""pct"": 16.71}, {""score"": ""1 - 0"", ""pct"": 15.36}, {""score"": ""3 - 0"", ""pct"": 11.78}]"
Mexico,Brazil,Mexico,1.481,1.219,42.7,26.3,31.0,43.1,6.5,8.2,30.3,5.2,6.6,57.8,42.2,"[{""score"": ""1 - 1"", ""pct"": 11.690000000000001}, {""score"": ""1 - 0"", ""pct"": 9.98}, {""score"": ""2 - 1"", ""pct"": 8.94}]"
Mexico,Switzerland,Mexico,1.852,0.848,61.0,23.2,15.9,61.6,7.8,8.6,15.1,3.0,3.9,78.0,22.0,"[{""score"": ""1 - 0"", ""pct"": 13.139999999999999}, {""score"": ""2 - 0"", ""pct"": 10.72}, {""score"": ""1 - 1"", ""pct"": 10.05}]"
Mexico,Algeria,Mexico,1.877,0.823,62.8,22.3,14.9,62.7,7.7,8.5,14.7,2.7,3.7,78.9,21.1,"[{""score"": ""1 - 0"", ""pct"": 13.530000000000001}, {""score"": ""2 - 0"", ""pct"": 11.92}, {""score"": ""1 - 1"", ""pct"": 10.18}]"
Mexico,Cape Verde,Mexico,2.274,0.426,80.0,15.3,4.6,80.3,6.2,6.5,5.0,0.9,1.2,93.0,7.0,"[{""score"": ""2 - 0"", ""pct"": 17.549999999999997}, {""score"": ""1 - 0"", ""pct"": 15.75}, {""score"": ""3 - 0"", ""pct"": 12.64}]"
Mexico,Haiti,Mexico,2.16,0.54,75.8,17.2,7.0,76.0,7.1,6.8,7.0,1.3,1.8,89.9,10.1,"[{""score"": ""2 - 0"", ""pct"": 15.5}, {""score"": ""1 - 0"", ""pct"": 14.57}, {""score"": ""3 - 0"", ""pct"": 11.08}]"
Mexico,Colombia,Mexico,1.472,1.228,42.1,26.4,31.5,41.7,7.2,8.3,30.4,5.6,6.7,57.2,42.8,"[{""score"": ""1 - 1"", ""pct"": 11.87}, {""score"": ""1 - 0"", ""pct"": 9.68}, {""score"": ""2 - 1"", ""pct"": 9.07}]"
Mexico,Belgium,Mexico,1.822,0.878,59.7,23.4,16.9,59.4,7.5,8.9,16.7,3.3,4.2,75.8,24.2,"[{""score"": ""1 - 0"", ""pct"": 12.91}, {""score"": ""2 - 0"", ""pct"": 11.16}, {""score"": ""1 - 1"", ""pct"": 11.020000000000001}]"
Mexico,Sweden,Mexico,2.196,0.504,76.6,16.9,6.5,77.4,6.6,7.0,6.0,1.3,1.7,91.0,9.0,"[{""score"": ""2 - 0"", ""pct"": 16.09}, {""score"": ""1 - 0"", ""pct"": 15.55}, {""score"": ""3 - 0"", ""pct"": 11.58}]"
Mexico,Norway,Mexico,1.792,0.908,58.5,24.2,17.3,57.4,7.6,8.9,17.9,3.6,4.6,73.9,26.1,"[{""score"": ""1 - 0"", ""pct"": 12.67}, {""score"": ""1 - 1"", ""pct"": 11.020000000000001}, {""score"": ""2 - 0"", ""pct"": 10.9}]"
Mexico,Egypt,Mexico,2.087,0.613,72.7,19.4,7.9,72.5,7.0,7.9,8.3,1.8,2.5,87.5,12.5,"[{""score"": ""1 - 0"", ""pct"": 15.15}, {""score"": ""2 - 0"", ""pct"": 14.6}, {""score"": ""3 - 0"", ""pct"": 9.73}]"
Mexico,Jordan,Mexico,2.03,0.67,70.5,19.7,9.8,69.6,7.5,7.7,10.0,2.0,3.1,84.9,15.1,"[{""score"": ""1 - 0"", ""pct"": 14.48}, {""score"": ""2 - 0"", ""pct"": 14.34}, {""score"": ""2 - 1"", ""pct"": 9.41}]"
Mexico,Iraq,Mexico,2.134,0.566,74.6,17.9,7.4,74.2,7.1,7.7,7.3,1.8,1.8,89.1,10.9,"[{""score"": ""2 - 0"", ""pct"": 15.310000000000002}, {""score"": ""1 - 0"", ""pct"": 14.34}, {""score"": ""3 - 0"", ""pct"": 10.33}]"
Mexico,Ivory Coast,Mexico,2.048,0.652,70.5,19.8,9.8,70.8,7.4,7.4,10.0,2.0,2.4,85.6,14.4,"[{""score"": ""1 - 0"", ""pct"": 13.98}, {""score"": ""2 - 0"", ""pct"": 13.81}, {""score"": ""3 - 0"", ""pct"": 9.16}]"
Mexico,Tunisia,Mexico,2.15,0.55,76.1,17.0,6.9,75.3,6.7,7.7,6.7,1.6,2.1,89.6,10.4,"[{""score"": ""2 - 0"", ""pct"": 15.97}, {""score"": ""1 - 0"", ""pct"": 15.310000000000002}, {""score"": ""3 - 0"", ""pct"": 10.870000000000001}]"
Mexico,Portugal,Mexico,1.528,1.172,44.2,27.5,28.3,44.5,7.0,7.9,28.3,5.3,7.0,59.4,40.6,"[{""score"": ""1 - 1"", ""pct"": 12.53}, {""score"": ""1 - 0"", ""pct"": 10.17}, {""score"": ""2 - 1"", ""pct"": 8.94}]"
Mexico,Morocco,Mexico,1.577,1.123,47.2,26.4,26.4,47.6,7.4,8.7,25.9,4.7,5.7,63.7,36.3,"[{""score"": ""1 - 1"", ""pct"": 11.89}, {""score"": ""1 - 0"", ""pct"": 11.219999999999999}, {""score"": ""2 - 1"", ""pct"": 9.379999999999999}]"
Mexico,Germany,Mexico,1.703,0.997,53.7,24.9,21.4,54.1,7.3,8.8,20.6,4.1,5.2,70.1,29.9,"[{""score"": ""1 - 0"", ""pct"": 11.73}, {""score"": ""1 - 1"", ""pct"": 11.51}, {""score"": ""2 - 1"", ""pct"": 9.86}]"
Mexico,Argentina,Mexico,1.063,1.637,23.4,26.8,49.8,23.6,4.6,5.9,49.8,7.4,8.7,34.2,65.8,"[{""score"": ""1 - 1"", ""pct"": 12.46}, {""score"": ""0 - 1"", ""pct"": 10.620000000000001}, {""score"": ""1 - 2"", ""pct"": 9.76}]"
Mexico,Qatar,Mexico,2.322,0.378,82.1,14.1,3.8,82.4,6.1,6.1,3.6,0.7,1.1,94.6,5.4,"[{""score"": ""2 - 0"", ""pct"": 18.02}, {""score"": ""1 - 0"", ""pct"": 15.840000000000002}, {""score"": ""3 - 0"", ""pct"": 13.98}]"
Mexico,Czech Republic,Mexico,2.113,0.587,73.0,18.6,8.5,73.7,6.5,7.9,8.1,1.5,2.4,88.1,11.9,"[{""score"": ""2 - 0"", ""pct"": 14.97}, {""score"": ""1 - 0"", ""pct"": 14.64}, {""score"": ""3 - 0"", ""pct"": 10.12}]"
Mexico,New Zealand,Mexico,2.183,0.517,76.8,16.8,6.3,76.3,7.1,7.2,6.1,1.5,1.8,90.6,9.4,"[{""score"": ""2 - 0"", ""pct"": 16.189999999999998}, {""score"": ""1 - 0"", ""pct"": 16.05}, {""score"": ""3 - 0"", ""pct"": 11.19}]"
Mexico,Japan,Mexico,1.569,1.131,47.4,26.2,26.4,47.6,7.1,8.6,25.8,4.8,6.0,63.4,36.6,"[{""score"": ""1 - 1"", ""pct"": 12.25}, {""score"": ""1 - 0"", ""pct"": 10.75}, {""score"": ""2 - 1"", ""pct"": 9.59}]"
Mexico,DR Congo,Mexico,2.104,0.596,72.8,18.6,8.5,72.9,7.2,7.5,8.5,1.8,2.2,87.5,12.5,"[{""score"": ""1 - 0"", ""pct"": 14.469999999999999}, {""score"": ""2 - 0"", ""pct"": 14.39}, {""score"": ""3 - 0"", ""pct"": 9.950000000000001}]"
Mexico,Iran,Mexico,1.797,0.903,58.2,23.7,18.1,58.1,7.7,8.8,17.5,3.5,4.4,74.7,25.3,"[{""score"": ""1 - 0"", ""pct"": 12.42}, {""score"": ""1 - 1"", ""pct"": 10.56}, {""score"": ""2 - 0"", ""pct"": 10.52}]"
Mexico,Croatia,Mexico,1.747,0.953,56.1,24.4,19.5,55.8,7.8,8.6,19.1,3.8,5.0,72.2,27.8,"[{""score"": ""1 - 0"", ""pct"": 12.02}, {""score"": ""1 - 1"", ""pct"": 10.620000000000001}, {""score"": ""2 - 0"", ""pct"": 10.07}]"
Mexico,Bosnia and Herzegovina,Mexico,2.297,0.403,81.6,14.0,4.4,80.9,5.7,7.0,4.4,0.9,1.1,93.6,6.4,"[{""score"": ""2 - 0"", ""pct"": 17.61}, {""score"": ""1 - 0"", ""pct"": 16.36}, {""score"": ""3 - 0"", ""pct"": 13.29}]"
Mexico,Ghana,Mexico,2.277,0.423,80.6,15.1,4.3,80.1,6.1,7.0,4.7,0.8,1.4,93.2,6.8,"[{""score"": ""2 - 0"", ""pct"": 17.48}, {""score"": ""1 - 0"", ""pct"": 16.18}, {""score"": ""3 - 0"", ""pct"": 12.620000000000001}]"
Mexico,Netherlands,Mexico,1.685,1.015,52.3,25.5,22.2,53.4,7.4,8.5,21.1,4.2,5.3,69.3,30.7,"[{""score"": ""1 - 0"", ""pct"": 11.35}, {""score"": ""1 - 1"", ""pct"": 11.3}, {""score"": ""2 - 0"", ""pct"": 9.8}]"
Mexico,Senegal,Mexico,1.827,0.873,60.1,23.7,16.2,59.8,7.7,8.8,16.6,3.2,3.9,76.2,23.7,"[{""score"": ""1 - 0"", ""pct"": 12.509999999999998}, {""score"": ""2 - 0"", ""pct"": 11.110000000000001}, {""score"": ""1 - 1"", ""pct"": 10.47}]"
Mexico,Uzbekistan,Mexico,1.922,0.778,64.3,22.3,13.5,64.5,7.3,8.6,13.4,2.7,3.5,80.4,19.6,"[{""score"": ""1 - 0"", ""pct"": 13.170000000000002}, {""score"": ""2 - 0"", ""pct"": 11.93}, {""score"": ""1 - 1"", ""pct"": 10.15}]"
Mexico,Scotland,Mexico,2.047,0.653,70.5,19.3,10.2,70.3,7.8,7.7,9.6,2.1,2.6,85.8,14.2,"[{""score"": ""1 - 0"", ""pct"": 14.37}, {""score"": ""2 - 0"", ""pct"": 13.87}, {""score"": ""2 - 1"", ""pct"": 9.66}]"
Mexico,Spain,Mexico,1.078,1.622,24.5,25.6,49.9,24.6,4.5,5.8,49.3,7.3,8.5,34.9,65.1,"[{""score"": ""1 - 1"", ""pct"": 11.35}, {""score"": ""0 - 1"", ""pct"": 11.08}, {""score"": ""1 - 2"", ""pct"": 9.74}]"
Mexico,Uruguay,Mexico,1.678,1.022,52.8,24.6,22.6,52.3,7.7,8.7,21.6,4.3,5.3,68.7,31.3,"[{""score"": ""1 - 0"", ""pct"": 11.600000000000001}, {""score"": ""1 - 1"", ""pct"": 11.09}, {""score"": ""2 - 1"", ""pct"": 9.68}]"
Mexico,Turkey,Mexico,1.809,0.891,59.4,24.0,16.6,58.8,7.8,9.2,16.4,3.4,4.4,75.9,24.1,"[{""score"": ""1 - 0"", ""pct"": 12.920000000000002}, {""score"": ""1 - 1"", ""pct"": 11.110000000000001}, {""score"": ""2 - 0"", ""pct"": 10.39}]"
Mexico,United States,Mexico,1.998,0.702,68.8,20.7,10.4,68.3,7.7,7.8,11.2,2.1,2.9,83.8,16.2,"[{""score"": ""2 - 0"", ""pct"": 13.79}, {""score"": ""1 - 0"", ""pct"": 13.74}, {""score"": ""2 - 1"", ""pct"": 10.13}]"
Mexico,Austria,Mexico,2.005,0.695,68.2,21.1,10.7,68.8,7.3,8.3,10.8,2.1,2.8,84.4,15.6,"[{""score"": ""1 - 0"", ""pct"": 14.000000000000002}, {""score"": ""2 - 0"", ""pct"": 13.28}, {""score"": ""2 - 1"", ""pct"": 9.76}]"
Mexico,Australia,Mexico,1.763,0.937,57.0,24.0,18.9,55.6,7.7,9.3,19.0,3.5,4.9,72.6,27.4,"[{""score"": ""1 - 0"", ""pct"": 12.06}, {""score"": ""1 - 1"", ""pct"": 10.86}, {""score"": ""2 - 0"", ""pct"": 10.05}]"
Mexico,Canada,Mexico,1.883,0.817,63.3,22.2,14.5,62.9,8.0,8.7,14.3,2.7,3.5,79.6,20.4,"[{""score"": ""1 - 0"", ""pct"": 14.09}, {""score"": ""2 - 0"", ""pct"": 12.17}, {""score"": ""1 - 1"", ""pct"": 10.08}]"
Mexico,Paraguay,Mexico,1.853,0.847,61.5,22.9,15.6,61.2,7.3,8.5,16.3,3.0,3.8,77.0,23.0,"[{""score"": ""1 - 0"", ""pct"": 12.98}, {""score"": ""2 - 0"", ""pct"": 11.27}, {""score"": ""1 - 1"", ""pct"": 10.100000000000001}]"
Mexico,France,Mexico,1.321,1.379,35.7,26.7,37.7,35.1,6.0,7.4,37.8,6.4,7.4,48.5,51.5,"[{""score"": ""1 - 1"", ""pct"": 12.06}, {""score"": ""0 - 1"", ""pct"": 9.45}, {""score"": ""1 - 0"", ""pct"": 9.27}]"
Mexico,England,Mexico,1.409,1.291,39.2,27.7,33.2,39.2,6.1,7.8,34.0,5.8,7.1,53.2,46.8,"[{""score"": ""1 - 1"", ""pct"": 12.76}, {""score"": ""1 - 0"", ""pct"": 9.44}, {""score"": ""0 - 1"", ""pct"": 8.870000000000001}]"
Mexico,Panama,Mexico,1.943,0.757,64.7,22.7,12.6,65.5,7.3,8.2,13.3,2.4,3.2,81.1,18.9,"[{""score"": ""1 - 0"", ""pct"": 13.65}, {""score"": ""2 - 0"", ""pct"": 11.83}, {""score"": ""1 - 1"", ""pct"": 10.02}]"
Mexico,South Korea,Mexico,1.832,0.868,60.6,23.5,15.9,59.6,7.9,8.8,16.7,3.0,3.9,76.3,23.7,"[{""score"": ""1 - 0"", ""pct"": 12.64}, {""score"": ""2 - 0"", ""pct"": 10.56}, {""score"": ""1 - 1"", ""pct"": 10.13}]"
Ecuador,Mexico,Mexico,1.736,0.964,55.7,24.5,19.8,55.8,7.7,8.8,18.7,3.7,5.3,72.3,27.7,"[{""score"": ""1 - 0"", ""pct"": 11.63}, {""score"": ""1 - 1"", ""pct"": 11.12}, {""score"": ""2 - 1"", ""pct"": 10.09}]"
Curaçao,Mexico,Mexico,0.696,2.004,10.4,20.4,69.3,11.0,2.0,2.9,68.8,7.4,8.0,15.9,84.1,"[{""score"": ""0 - 1"", ""pct"": 14.399999999999999}, {""score"": ""0 - 2"", ""pct"": 13.44}, {""score"": ""1 - 2"", ""pct"": 9.66}]"
Saudi Arabia,Mexico,Mexico,0.902,1.798,18.0,23.3,58.7,17.7,3.7,4.0,58.1,7.7,8.8,25.4,74.6,"[{""score"": ""0 - 1"", ""pct"": 12.379999999999999}, {""score"": ""0 - 2"", ""pct"": 10.6}, {""score"": ""1 - 1"", ""pct"": 10.299999999999999}]"
South Africa,Mexico,Mexico,0.784,1.916,13.9,21.7,64.3,13.9,2.4,3.4,63.7,7.9,8.7,19.7,80.3,"[{""score"": ""0 - 1"", ""pct"": 13.54}, {""score"": ""0 - 2"", ""pct"": 12.08}, {""score"": ""1 - 1"", ""pct"": 10.01}]"
Brazil,Mexico,Mexico,1.82,0.88,59.3,23.5,17.1,58.9,7.8,8.9,16.9,3.3,4.3,75.6,24.4,"[{""score"": ""1 - 0"", ""pct"": 12.989999999999998}, {""score"": ""2 - 0"", ""pct"": 10.72}, {""score"": ""1 - 1"", ""pct"": 9.99}]"
Switzerland,Mexico,Mexico,1.441,1.259,40.8,27.3,31.9,41.6,6.3,8.0,31.8,5.1,7.1,55.9,44.1,"[{""score"": ""1 - 1"", ""pct"": 12.4}, {""score"": ""1 - 0"", ""pct"": 10.08}, {""score"": ""2 - 1"", ""pct"": 8.99}]"
Algeria,Mexico,Mexico,1.409,1.291,39.3,27.2,33.4,39.1,5.9,7.8,34.2,5.6,7.3,52.9,47.1,"[{""score"": ""1 - 1"", ""pct"": 12.16}, {""score"": ""1 - 0"", ""pct"": 10.08}, {""score"": ""0 - 1"", ""pct"": 8.73}]"
Cape Verde,Mexico,Mexico,0.725,1.975,11.3,21.3,67.4,11.2,2.2,3.1,67.7,7.5,8.3,16.5,83.5,"[{""score"": ""0 - 1"", ""pct"": 13.56}, {""score"": ""0 - 2"", ""pct"": 12.559999999999999}, {""score"": ""1 - 2"", ""pct"": 9.87}]"
Haiti,Mexico,Mexico,0.963,1.737,19.5,25.0,55.5,19.2,3.3,5.0,55.8,7.7,9.0,27.5,72.5,"[{""score"": ""0 - 1"", ""pct"": 12.08}, {""score"": ""1 - 1"", ""pct"": 11.55}, {""score"": ""0 - 2"", ""pct"": 9.959999999999999}]"
Colombia,Mexico,Mexico,1.827,0.873,60.7,22.9,16.5,60.3,7.4,9.0,16.0,3.2,4.2,76.7,23.3,"[{""score"": ""1 - 0"", ""pct"": 12.790000000000001}, {""score"": ""2 - 0"", ""pct"": 11.35}, {""score"": ""1 - 1"", ""pct"": 10.530000000000001}]"
Belgium,Mexico,Mexico,1.478,1.222,42.4,27.1,30.5,42.0,6.6,7.9,31.1,5.3,7.1,56.5,43.5,"[{""score"": ""1 - 1"", ""pct"": 12.42}, {""score"": ""1 - 0"", ""pct"": 9.75}, {""score"": ""2 - 1"", ""pct"": 9.28}]"
Sweden,Mexico,Mexico,0.893,1.807,17.5,23.8,58.7,17.4,3.6,4.0,59.4,7.0,8.6,25.0,75.0,"[{""score"": ""0 - 1"", ""pct"": 12.370000000000001}, {""score"": ""1 - 1"", ""pct"": 10.79}, {""score"": ""0 - 2"", ""pct"": 10.34}]"
Norway,Mexico,Mexico,1.514,1.186,45.3,26.0,28.7,44.4,6.7,8.9,28.5,5.0,6.5,60.0,40.0,"[{""score"": ""1 - 1"", ""pct"": 11.86}, {""score"": ""1 - 0"", ""pct"": 10.91}, {""score"": ""2 - 1"", ""pct"": 9.53}]"
Egypt,Mexico,Mexico,1.096,1.604,24.7,26.1,49.3,24.1,4.8,5.7,49.9,7.1,8.4,34.6,65.4,"[{""score"": ""1 - 1"", ""pct"": 11.65}, {""score"": ""0 - 1"", ""pct"": 11.25}, {""score"": ""1 - 2"", ""pct"": 9.94}]"
Jordan,Mexico,Mexico,1.19,1.51,29.8,26.6,43.6,28.2,5.2,6.6,45.0,6.8,8.2,40.0,60.0,"[{""score"": ""1 - 1"", ""pct"": 12.0}, {""score"": ""0 - 1"", ""pct"": 10.39}, {""score"": ""1 - 2"", ""pct"": 8.89}]"
Iraq,Mexico,Mexico,1.012,1.688,21.6,25.4,53.0,21.7,4.0,4.7,53.3,7.5,8.8,30.4,69.6,"[{""score"": ""0 - 1"", ""pct"": 11.540000000000001}, {""score"": ""1 - 1"", ""pct"": 11.44}, {""score"": ""1 - 2"", ""pct"": 9.81}]"
Ivory Coast,Mexico,Mexico,1.161,1.539,28.6,26.6,44.9,27.6,5.1,6.1,45.5,7.1,8.6,38.8,61.2,"[{""score"": ""1 - 1"", ""pct"": 12.31}, {""score"": ""0 - 1"", ""pct"": 10.51}, {""score"": ""1 - 2"", ""pct"": 9.569999999999999}]"
Tunisia,Mexico,Mexico,0.984,1.716,20.5,25.5,54.0,20.1,3.7,5.2,54.8,7.7,8.6,29.0,71.0,"[{""score"": ""0 - 1"", ""pct"": 11.81}, {""score"": ""1 - 1"", ""pct"": 11.44}, {""score"": ""1 - 2"", ""pct"": 9.77}]"
Portugal,Mexico,Mexico,1.78,0.92,57.1,24.6,18.3,56.9,8.0,8.4,18.8,3.5,4.4,73.3,26.7,"[{""score"": ""1 - 0"", ""pct"": 12.31}, {""score"": ""1 - 1"", ""pct"": 10.870000000000001}, {""score"": ""2 - 0"", ""pct"": 10.01}]"
Morocco,Mexico,Mexico,1.735,0.965,55.9,24.4,19.7,55.9,7.5,8.6,19.6,3.8,4.6,71.9,28.1,"[{""score"": ""1 - 0"", ""pct"": 11.81}, {""score"": ""1 - 1"", ""pct"": 11.05}, {""score"": ""2 - 1"", ""pct"": 10.440000000000001}]"
Germany,Mexico,Mexico,1.612,1.088,49.1,26.2,24.8,50.2,6.8,8.1,23.9,4.7,6.3,65.1,34.9,"[{""score"": ""1 - 1"", ""pct"": 11.88}, {""score"": ""1 - 0"", ""pct"": 11.020000000000001}, {""score"": ""2 - 1"", ""pct"": 9.29}]"
Argentina,Mexico,Mexico,2.106,0.594,72.7,19.0,8.3,73.2,6.7,7.7,8.2,1.8,2.4,87.6,12.3,"[{""score"": ""2 - 0"", ""pct"": 14.87}, {""score"": ""1 - 0"", ""pct"": 14.829999999999998}, {""score"": ""3 - 0"", ""pct"": 10.08}]"
Qatar,Mexico,Mexico,0.609,2.091,8.5,18.8,72.7,9.1,1.7,2.2,71.5,7.2,8.3,13.0,87.0,"[{""score"": ""0 - 1"", ""pct"": 14.860000000000001}, {""score"": ""0 - 2"", ""pct"": 14.330000000000002}, {""score"": ""0 - 3"", ""pct"": 9.83}]"
Czech Republic,Mexico,Mexico,1.051,1.649,22.6,26.1,51.2,23.2,4.3,5.5,51.8,6.7,8.6,33.0,67.0,"[{""score"": ""1 - 1"", ""pct"": 11.86}, {""score"": ""0 - 1"", ""pct"": 10.77}, {""score"": ""1 - 2"", ""pct"": 9.31}]"
New Zealand,Mexico,Mexico,0.92,1.78,18.2,23.6,58.2,17.9,3.5,4.7,57.8,7.2,8.9,26.1,73.9,"[{""score"": ""0 - 1"", ""pct"": 12.989999999999998}, {""score"": ""1 - 1"", ""pct"": 10.83}, {""score"": ""0 - 2"", ""pct"": 10.08}]"
Japan,Mexico,Mexico,1.743,0.957,56.0,24.7,19.3,56.1,7.6,8.8,19.1,3.5,5.0,72.5,27.5,"[{""score"": ""1 - 0"", ""pct"": 12.01}, {""score"": ""1 - 1"", ""pct"": 11.37}, {""score"": ""2 - 1"", ""pct"": 10.59}]"
DR Congo,Mexico,Mexico,1.066,1.634,24.2,25.1,50.7,23.5,4.7,5.4,50.9,7.3,8.2,33.6,66.4,"[{""score"": ""0 - 1"", ""pct"": 11.42}, {""score"": ""1 - 1"", ""pct"": 11.129999999999999}, {""score"": ""1 - 2"", ""pct"": 9.64}]"
Iran,Mexico,Mexico,1.508,1.192,44.0,27.3,28.7,43.5,6.7,8.6,29.4,5.2,6.6,58.7,41.2,"[{""score"": ""1 - 1"", ""pct"": 12.35}, {""score"": ""1 - 0"", ""pct"": 9.959999999999999}, {""score"": ""2 - 1"", ""pct"": 9.0}]"
Croatia,Mexico,Mexico,1.564,1.136,47.9,26.1,25.9,46.9,7.1,8.1,26.9,5.0,6.1,62.1,37.9,"[{""score"": ""1 - 1"", ""pct"": 11.459999999999999}, {""score"": ""1 - 0"", ""pct"": 10.66}, {""score"": ""2 - 1"", ""pct"": 10.35}]"
Bosnia and Herzegovina,Mexico,Mexico,0.67,2.03,10.5,20.0,69.5,9.8,2.2,2.4,69.9,7.4,8.3,14.4,85.6,"[{""score"": ""0 - 1"", ""pct"": 14.19}, {""score"": ""0 - 2"", ""pct"": 14.149999999999999}, {""score"": ""0 - 3"", ""pct"": 9.01}]"
Ghana,Mexico,Mexico,0.719,1.981,11.6,21.1,67.2,11.7,2.4,2.8,67.0,7.9,8.2,16.9,83.1,"[{""score"": ""0 - 1"", ""pct"": 14.12}, {""score"": ""0 - 2"", ""pct"": 12.989999999999998}, {""score"": ""1 - 1"", ""pct"": 9.28}]"
Netherlands,Mexico,Mexico,1.631,1.069,50.4,25.5,24.1,50.5,7.0,9.0,23.8,4.2,5.5,66.5,33.5,"[{""score"": ""1 - 1"", ""pct"": 11.16}, {""score"": ""1 - 0"", ""pct"": 11.15}, {""score"": ""2 - 1"", ""pct"": 9.64}]"
Senegal,Mexico,Mexico,1.472,1.228,41.6,26.8,31.5,42.7,7.0,8.3,30.4,5.1,6.6,58.0,42.0,"[{""score"": ""1 - 1"", ""pct"": 12.19}, {""score"": ""1 - 0"", ""pct"": 10.12}, {""score"": ""2 - 1"", ""pct"": 9.07}]"
Uzbekistan,Mexico,Mexico,1.349,1.351,36.9,27.3,35.8,35.8,6.1,7.6,36.7,6.5,7.3,49.5,50.5,"[{""score"": ""1 - 1"", ""pct"": 12.45}, {""score"": ""1 - 0"", ""pct"": 9.64}, {""score"": ""0 - 1"", ""pct"": 9.1}]"
Scotland,Mexico,Mexico,1.163,1.537,28.6,26.7,44.8,27.5,5.1,6.2,46.3,6.5,8.4,38.8,61.2,"[{""score"": ""1 - 1"", ""pct"": 12.86}, {""score"": ""0 - 1"", ""pct"": 10.42}, {""score"": ""1 - 2"", ""pct"": 9.2}]"
Spain,Mexico,Mexico,2.098,0.602,72.4,18.9,8.7,72.8,7.3,7.1,8.5,1.9,2.4,87.2,12.8,"[{""score"": ""2 - 0"", ""pct"": 15.64}, {""score"": ""1 - 0"", ""pct"": 14.82}, {""score"": ""3 - 0"", ""pct"": 10.059999999999999}]"
Uruguay,Mexico,Mexico,1.638,1.062,51.0,25.6,23.5,51.6,6.8,8.4,22.9,4.5,5.9,66.8,33.2,"[{""score"": ""1 - 0"", ""pct"": 12.13}, {""score"": ""1 - 1"", ""pct"": 11.98}, {""score"": ""2 - 1"", ""pct"": 9.3}]"
Turkey,Mexico,Mexico,1.493,1.207,42.6,27.1,30.2,43.3,7.1,8.0,29.6,5.4,6.5,58.4,41.6,"[{""score"": ""1 - 1"", ""pct"": 12.22}, {""score"": ""1 - 0"", ""pct"": 9.85}, {""score"": ""2 - 1"", ""pct"": 8.870000000000001}]"
United States,Mexico,Mexico,1.24,1.46,31.4,27.0,41.6,31.0,5.7,6.5,42.3,6.7,7.9,43.2,56.8,"[{""score"": ""1 - 1"", ""pct"": 12.1}, {""score"": ""0 - 1"", ""pct"": 10.03}, {""score"": ""1 - 2"", ""pct"": 8.91}]"
Austria,Mexico,Mexico,1.229,1.471,31.7,25.6,42.7,30.0,5.5,6.7,42.9,6.6,8.3,42.3,57.7,"[{""score"": ""1 - 1"", ""pct"": 11.74}, {""score"": ""0 - 1"", ""pct"": 9.87}, {""score"": ""1 - 2"", ""pct"": 8.76}]"
Australia,Mexico,Mexico,1.546,1.154,45.7,27.0,27.3,45.8,6.9,8.7,27.5,4.8,6.3,61.3,38.6,"[{""score"": ""1 - 1"", ""pct"": 12.64}, {""score"": ""1 - 0"", ""pct"": 10.35}, {""score"": ""2 - 1"", ""pct"": 9.48}]"
Canada,Mexico,Mexico,1.401,1.299,39.5,27.2,33.3,39.0,6.3,7.8,34.1,5.9,7.0,53.1,46.9,"[{""score"": ""1 - 1"", ""pct"": 12.839999999999998}, {""score"": ""1 - 0"", ""pct"": 9.94}, {""score"": ""2 - 1"", ""pct"": 8.81}]"
Paraguay,Mexico,Mexico,1.44,1.26,39.9,26.9,33.2,40.1,6.6,7.9,32.2,5.8,7.5,54.6,45.4,"[{""score"": ""1 - 1"", ""pct"": 11.73}, {""score"": ""1 - 0"", ""pct"": 9.43}, {""score"": ""0 - 1"", ""pct"": 9.030000000000001}]"
France,Mexico,Mexico,1.942,0.758,66.2,21.6,12.2,65.5,7.2,9.3,12.3,2.0,3.5,82.1,17.9,"[{""score"": ""1 - 0"", ""pct"": 13.73}, {""score"": ""2 - 0"", ""pct"": 12.889999999999999}, {""score"": ""1 - 1"", ""pct"": 9.66}]"
England,Mexico,Mexico,1.877,0.823,62.1,23.1,14.8,63.0,7.3,8.5,14.4,2.8,3.9,78.8,21.2,"[{""score"": ""1 - 0"", ""pct"": 12.8}, {""score"": ""2 - 0"", ""pct"": 11.25}, {""score"": ""1 - 1"", ""pct"": 10.2}]"
Panama,Mexico,Mexico,1.319,1.381,34.9,27.0,38.2,35.5,6.3,7.2,37.2,6.2,7.6,49.0,51.0,"[{""score"": ""1 - 1"", ""pct"": 12.09}, {""score"": ""0 - 1"", ""pct"": 9.520000000000001}, {""score"": ""1 - 0"", ""pct"": 9.0}]"
South Korea,Mexico,Mexico,1.466,1.234,42.6,26.6,30.8,41.6,7.2,7.8,31.5,5.2,6.7,56.6,43.4,"[{""score"": ""1 - 1"", ""pct"": 11.92}, {""score"": ""1 - 0"", ""pct"": 10.32}, {""score"": ""2 - 1"", ""pct"": 9.08}]"
Canada,Ecuador,Canada,1.315,1.385,35.4,25.8,38.7,35.8,5.8,7.1,37.2,6.2,7.8,48.8,51.2,"[{""score"": ""1 - 1"", ""pct"": 11.600000000000001}, {""score"": ""0 - 1"", ""pct"": 9.65}, {""score"": ""1 - 0"", ""pct"": 8.959999999999999}]"
Canada,Curaçao,Canada,2.196,0.504,77.3,16.8,5.9,77.6,6.6,6.9,6.0,1.4,1.5,91.1,8.9,"[{""score"": ""2 - 0"", ""pct"": 16.07}, {""score"": ""1 - 0"", ""pct"": 15.36}, {""score"": ""3 - 0"", ""pct"": 11.790000000000001}]"
Canada,Saudi Arabia,Canada,2.06,0.64,71.0,19.5,9.5,70.9,7.5,7.7,9.7,1.7,2.6,86.0,14.0,"[{""score"": ""2 - 0"", ""pct"": 14.27}, {""score"": ""1 - 0"", ""pct"": 14.069999999999999}, {""score"": ""3 - 0"", ""pct"": 9.46}]"
Canada,South Africa,Canada,2.14,0.56,74.2,18.3,7.5,74.3,7.1,7.8,7.6,1.4,1.9,89.2,10.8,"[{""score"": ""2 - 0"", ""pct"": 15.299999999999999}, {""score"": ""1 - 0"", ""pct"": 15.17}, {""score"": ""3 - 0"", ""pct"": 10.16}]"
Canada,Brazil,Canada,1.217,1.483,30.2,26.9,42.9,29.6,5.2,7.1,43.2,7.1,7.8,41.9,58.1,"[{""score"": ""1 - 1"", ""pct"": 11.37}, {""score"": ""0 - 1"", ""pct"": 10.15}, {""score"": ""1 - 2"", ""pct"": 9.13}]"
Canada,Switzerland,Canada,1.621,1.079,49.7,25.6,24.8,48.9,7.3,9.0,24.6,4.6,5.6,65.2,34.8,"[{""score"": ""1 - 1"", ""pct"": 11.75}, {""score"": ""1 - 0"", ""pct"": 11.0}, {""score"": ""2 - 1"", ""pct"": 9.66}]"
Canada,Algeria,Canada,1.651,1.049,51.2,25.4,23.4,51.5,7.2,8.2,23.4,4.3,5.4,66.9,33.1,"[{""score"": ""1 - 0"", ""pct"": 12.01}, {""score"": ""1 - 1"", ""pct"": 11.59}, {""score"": ""2 - 1"", ""pct"": 9.55}]"
Canada,Cape Verde,Canada,2.178,0.522,75.8,17.7,6.5,76.2,6.8,7.5,6.5,1.2,1.7,90.6,9.4,"[{""score"": ""2 - 0"", ""pct"": 15.49}, {""score"": ""1 - 0"", ""pct"": 14.87}, {""score"": ""3 - 0"", ""pct"": 11.57}]"
Canada,Haiti,Canada,2.016,0.684,69.0,20.6,10.3,69.6,6.7,8.3,10.5,2.1,2.8,84.6,15.4,"[{""score"": ""1 - 0"", ""pct"": 13.639999999999999}, {""score"": ""2 - 0"", ""pct"": 13.58}, {""score"": ""2 - 1"", ""pct"": 9.790000000000001}]"
Canada,Colombia,Canada,1.208,1.492,29.9,27.3,42.8,30.6,5.2,6.8,42.9,6.6,7.9,42.6,57.4,"[{""score"": ""1 - 1"", ""pct"": 12.23}, {""score"": ""0 - 1"", ""pct"": 9.969999999999999}, {""score"": ""1 - 2"", ""pct"": 9.229999999999999}]"
Canada,Belgium,Canada,1.585,1.115,47.8,26.8,25.5,48.0,7.1,8.8,25.6,4.6,5.8,64.0,36.0,"[{""score"": ""1 - 1"", ""pct"": 12.659999999999998}, {""score"": ""1 - 0"", ""pct"": 10.74}, {""score"": ""2 - 1"", ""pct"": 9.58}]"
Canada,Sweden,Canada,2.065,0.635,71.0,19.7,9.3,71.4,7.3,7.6,9.2,1.8,2.7,86.3,13.7,"[{""score"": ""1 - 0"", ""pct"": 14.21}, {""score"": ""2 - 0"", ""pct"": 14.12}, {""score"": ""3 - 0"", ""pct"": 9.74}]"
Canada,Norway,Canada,1.55,1.15,46.7,26.2,27.1,46.3,6.5,8.2,27.7,5.1,6.2,61.0,39.0,"[{""score"": ""1 - 1"", ""pct"": 11.39}, {""score"": ""1 - 0"", ""pct"": 10.76}, {""score"": ""2 - 1"", ""pct"": 9.16}]"
Canada,Egypt,Canada,1.916,0.784,65.3,21.1,13.6,64.5,7.6,8.4,13.6,2.6,3.3,80.6,19.5,"[{""score"": ""1 - 0"", ""pct"": 12.709999999999999}, {""score"": ""2 - 0"", ""pct"": 12.629999999999999}, {""score"": ""2 - 1"", ""pct"": 10.48}]"
Canada,Jordan,Canada,1.842,0.858,60.2,24.2,15.6,61.2,7.5,8.7,15.4,3.3,4.0,77.4,22.6,"[{""score"": ""1 - 0"", ""pct"": 12.82}, {""score"": ""2 - 0"", ""pct"": 11.03}, {""score"": ""1 - 1"", ""pct"": 10.76}]"
Canada,Iraq,Canada,1.98,0.72,67.7,20.7,11.6,67.6,7.5,8.0,11.7,2.4,2.9,83.0,17.0,"[{""score"": ""1 - 0"", ""pct"": 13.73}, {""score"": ""2 - 0"", ""pct"": 12.740000000000002}, {""score"": ""1 - 1"", ""pct"": 9.42}]"
Canada,Ivory Coast,Canada,1.865,0.835,62.3,22.9,14.8,62.3,7.4,8.4,15.2,2.6,4.1,78.1,21.9,"[{""score"": ""1 - 0"", ""pct"": 13.23}, {""score"": ""2 - 0"", ""pct"": 11.82}, {""score"": ""1 - 1"", ""pct"": 10.440000000000001}]"
Canada,Mexico,Canada,1.401,1.299,39.5,27.0,33.5,38.1,6.3,8.0,34.4,6.0,7.2,52.4,47.6,"[{""score"": ""1 - 1"", ""pct"": 11.78}, {""score"": ""1 - 0"", ""pct"": 9.73}, {""score"": ""2 - 1"", ""pct"": 8.53}]"
Canada,Tunisia,Canada,2.001,0.699,67.5,21.0,11.5,68.2,7.4,8.1,11.4,1.9,3.0,83.7,16.3,"[{""score"": ""1 - 0"", ""pct"": 13.700000000000001}, {""score"": ""2 - 0"", ""pct"": 13.05}, {""score"": ""2 - 1"", ""pct"": 9.48}]"
Canada,Portugal,Canada,1.264,1.436,32.6,26.8,40.6,32.6,5.5,7.5,40.1,6.5,7.8,45.5,54.5,"[{""score"": ""1 - 1"", ""pct"": 12.2}, {""score"": ""0 - 1"", ""pct"": 9.700000000000001}, {""score"": ""1 - 2"", ""pct"": 9.04}]"
Canada,Morocco,Canada,1.315,1.385,34.9,27.0,38.0,34.6,6.2,7.1,38.1,6.7,7.3,47.9,52.1,"[{""score"": ""1 - 1"", ""pct"": 12.53}, {""score"": ""0 - 1"", ""pct"": 9.569999999999999}, {""score"": ""1 - 0"", ""pct"": 9.11}]"
Canada,Germany,Canada,1.45,1.25,41.4,26.6,32.0,41.6,6.5,8.0,31.2,5.6,7.0,56.1,43.9,"[{""score"": ""1 - 1"", ""pct"": 12.29}, {""score"": ""1 - 0"", ""pct"": 9.91}, {""score"": ""0 - 1"", ""pct"": 8.690000000000001}]"
Canada,Argentina,Canada,0.834,1.866,15.0,22.7,62.3,14.9,3.1,3.8,62.3,7.3,8.6,21.8,78.2,"[{""score"": ""0 - 1"", ""pct"": 12.959999999999999}, {""score"": ""0 - 2"", ""pct"": 11.600000000000001}, {""score"": ""1 - 1"", ""pct"": 10.33}]"
Canada,Qatar,Canada,2.25,0.45,78.8,15.6,5.6,79.3,6.8,7.0,4.9,0.8,1.2,93.1,6.9,"[{""score"": ""2 - 0"", ""pct"": 16.96}, {""score"": ""1 - 0"", ""pct"": 16.259999999999998}, {""score"": ""3 - 0"", ""pct"": 11.92}]"
Canada,Czech Republic,Canada,1.951,0.749,66.8,21.6,11.6,66.8,7.4,8.3,12.0,2.3,3.2,82.5,17.4,"[{""score"": ""1 - 0"", ""pct"": 13.669999999999998}, {""score"": ""2 - 0"", ""pct"": 13.350000000000001}, {""score"": ""2 - 1"", ""pct"": 10.09}]"
Canada,New Zealand,Canada,2.047,0.653,69.9,20.3,9.8,69.9,7.2,8.4,10.0,1.9,2.5,85.6,14.4,"[{""score"": ""1 - 0"", ""pct"": 14.49}, {""score"": ""2 - 0"", ""pct"": 13.420000000000002}, {""score"": ""2 - 1"", ""pct"": 9.520000000000001}]"
Canada,Japan,Canada,1.306,1.394,34.5,27.1,38.4,34.1,6.1,7.0,38.6,6.3,7.9,47.2,52.8,"[{""score"": ""1 - 1"", ""pct"": 12.55}, {""score"": ""0 - 1"", ""pct"": 9.29}, {""score"": ""1 - 0"", ""pct"": 8.92}]"
Canada,DR Congo,Canada,1.939,0.761,65.3,21.9,12.8,65.8,7.6,8.7,12.6,2.5,2.8,82.1,17.9,"[{""score"": ""1 - 0"", ""pct"": 13.209999999999999}, {""score"": ""2 - 0"", ""pct"": 13.059999999999999}, {""score"": ""2 - 1"", ""pct"": 10.14}]"
Canada,Iran,Canada,1.556,1.144,47.3,26.7,26.1,46.4,7.0,8.2,27.2,4.6,6.6,61.6,38.4,"[{""score"": ""1 - 1"", ""pct"": 12.030000000000001}, {""score"": ""1 - 0"", ""pct"": 11.219999999999999}, {""score"": ""2 - 1"", ""pct"": 9.51}]"
Canada,Croatia,Canada,1.5,1.2,44.4,26.1,29.5,44.2,6.6,8.3,29.2,5.3,6.5,59.1,40.9,"[{""score"": ""1 - 1"", ""pct"": 12.04}, {""score"": ""1 - 0"", ""pct"": 10.9}, {""score"": ""2 - 1"", ""pct"": 8.86}]"
Canada,Bosnia and Herzegovina,Canada,2.212,0.488,77.5,16.4,6.1,77.3,6.4,7.3,6.0,1.2,1.7,91.0,9.0,"[{""score"": ""1 - 0"", ""pct"": 16.38}, {""score"": ""2 - 0"", ""pct"": 16.27}, {""score"": ""3 - 0"", ""pct"": 11.76}]"
Canada,Ghana,Canada,2.182,0.518,76.6,17.4,6.0,76.4,6.6,7.2,6.9,1.1,1.8,90.2,9.8,"[{""score"": ""2 - 0"", ""pct"": 16.06}, {""score"": ""1 - 0"", ""pct"": 15.22}, {""score"": ""3 - 0"", ""pct"": 11.04}]"
Canada,Netherlands,Canada,1.431,1.269,40.2,27.3,32.5,40.9,6.3,7.5,32.9,5.8,6.6,54.8,45.2,"[{""score"": ""1 - 1"", ""pct"": 12.67}, {""score"": ""1 - 0"", ""pct"": 9.67}, {""score"": ""2 - 1"", ""pct"": 8.66}]"
Canada,Senegal,Canada,1.591,1.109,48.4,25.9,25.7,48.2,7.6,8.4,25.4,4.7,5.6,64.2,35.8,"[{""score"": ""1 - 1"", ""pct"": 11.51}, {""score"": ""1 - 0"", ""pct"": 10.89}, {""score"": ""2 - 1"", ""pct"": 9.55}]"
Canada,Uzbekistan,Canada,1.705,0.995,52.6,25.7,21.6,53.6,8.0,8.4,20.7,4.0,5.3,70.0,30.0,"[{""score"": ""1 - 1"", ""pct"": 11.81}, {""score"": ""1 - 0"", ""pct"": 11.55}, {""score"": ""2 - 1"", ""pct"": 9.41}]"
Canada,Scotland,Canada,1.864,0.836,61.9,22.6,15.5,62.3,7.5,8.2,15.4,2.9,3.6,78.0,22.0,"[{""score"": ""1 - 0"", ""pct"": 13.270000000000001}, {""score"": ""2 - 0"", ""pct"": 12.0}, {""score"": ""1 - 1"", ""pct"": 10.14}]"
Canada,Spain,Canada,0.847,1.853,16.3,22.7,61.0,15.7,3.2,3.8,61.5,7.9,7.9,22.7,77.3,"[{""score"": ""0 - 1"", ""pct"": 13.569999999999999}, {""score"": ""0 - 2"", ""pct"": 11.17}, {""score"": ""1 - 1"", ""pct"": 10.11}]"
Canada,Uruguay,Canada,1.422,1.278,40.7,27.2,32.1,40.9,6.4,7.7,32.2,5.8,7.0,55.0,45.0,"[{""score"": ""1 - 1"", ""pct"": 12.72}, {""score"": ""1 - 0"", ""pct"": 10.4}, {""score"": ""2 - 1"", ""pct"": 8.97}]"
Canada,Turkey,Canada,1.57,1.13,47.0,26.4,26.6,47.3,7.1,8.2,26.3,5.0,6.1,62.6,37.4,"[{""score"": ""1 - 1"", ""pct"": 11.95}, {""score"": ""1 - 0"", ""pct"": 11.05}, {""score"": ""2 - 1"", ""pct"": 9.5}]"
Canada,United States,Canada,1.8,0.9,58.7,24.1,17.2,59.7,7.6,8.7,16.6,3.1,4.3,76.0,23.9,"[{""score"": ""1 - 0"", ""pct"": 12.06}, {""score"": ""1 - 1"", ""pct"": 11.15}, {""score"": ""2 - 0"", ""pct"": 10.9}]"
Canada,Austria,Canada,1.809,0.891,59.2,23.3,17.5,59.6,7.8,8.2,17.4,3.2,3.8,75.6,24.4,"[{""score"": ""1 - 0"", ""pct"": 12.76}, {""score"": ""1 - 1"", ""pct"": 10.7}, {""score"": ""2 - 0"", ""pct"": 10.459999999999999}]"
Canada,Australia,Canada,1.518,1.182,44.8,27.3,27.9,44.8,6.9,8.3,28.5,5.1,6.6,59.9,40.1,"[{""score"": ""1 - 1"", ""pct"": 12.26}, {""score"": ""1 - 0"", ""pct"": 10.38}, {""score"": ""2 - 1"", ""pct"": 9.569999999999999}]"
Canada,Paraguay,Canada,1.622,1.078,49.7,25.9,24.4,49.2,7.4,8.5,24.3,4.5,6.0,65.1,34.9,"[{""score"": ""1 - 1"", ""pct"": 11.89}, {""score"": ""1 - 0"", ""pct"": 11.49}, {""score"": ""2 - 1"", ""pct"": 9.91}]"
Canada,France,Canada,1.062,1.638,23.5,25.7,50.8,24.0,4.1,5.2,51.1,7.4,8.1,33.4,66.6,"[{""score"": ""0 - 1"", ""pct"": 11.44}, {""score"": ""1 - 1"", ""pct"": 11.23}, {""score"": ""1 - 2"", ""pct"": 9.77}]"
Canada,England,Canada,1.146,1.554,27.7,25.1,47.2,27.7,4.8,6.2,46.0,7.1,8.2,38.7,61.3,"[{""score"": ""1 - 1"", ""pct"": 11.25}, {""score"": ""0 - 1"", ""pct"": 10.48}, {""score"": ""1 - 2"", ""pct"": 9.77}]"
Canada,Panama,Canada,1.732,0.968,55.5,24.4,20.2,54.9,7.4,8.7,20.1,3.9,5.1,70.9,29.1,"[{""score"": ""1 - 0"", ""pct"": 11.89}, {""score"": ""1 - 1"", ""pct"": 10.86}, {""score"": ""2 - 1"", ""pct"": 10.38}]"
Canada,South Korea,Canada,1.597,1.103,48.9,26.2,24.9,48.5,6.9,8.7,25.3,4.7,5.8,64.1,35.9,"[{""score"": ""1 - 1"", ""pct"": 11.85}, {""score"": ""1 - 0"", ""pct"": 11.21}, {""score"": ""2 - 1"", ""pct"": 9.16}]"
Ecuador,Canada,Canada,1.947,0.753,66.2,21.1,12.7,65.9,7.4,8.7,12.4,2.4,3.2,82.0,18.0,"[{""score"": ""1 - 0"", ""pct"": 13.65}, {""score"": ""2 - 0"", ""pct"": 12.740000000000002}, {""score"": ""1 - 1"", ""pct"": 9.629999999999999}]"
Curaçao,Canada,Canada,0.892,1.808,17.4,23.6,59.0,16.7,3.0,4.1,59.5,7.6,9.2,23.8,76.2,"[{""score"": ""0 - 1"", ""pct"": 12.540000000000001}, {""score"": ""1 - 1"", ""pct"": 10.76}, {""score"": ""0 - 2"", ""pct"": 10.71}]"
Saudi Arabia,Canada,Canada,1.142,1.558,26.6,26.3,47.1,27.6,4.9,6.0,46.6,6.4,8.4,38.5,61.5,"[{""score"": ""1 - 1"", ""pct"": 12.1}, {""score"": ""0 - 1"", ""pct"": 10.620000000000001}, {""score"": ""1 - 2"", ""pct"": 9.74}]"
South Africa,Canada,Canada,1.002,1.698,21.8,24.9,53.4,21.4,4.2,5.1,53.1,7.5,8.8,30.6,69.4,"[{""score"": ""0 - 1"", ""pct"": 12.1}, {""score"": ""1 - 1"", ""pct"": 11.32}, {""score"": ""1 - 2"", ""pct"": 9.76}]"
Brazil,Canada,Canada,2.013,0.687,68.5,20.7,10.8,68.5,7.2,8.6,10.7,2.2,2.9,84.2,15.8,"[{""score"": ""2 - 0"", ""pct"": 13.900000000000002}, {""score"": ""1 - 0"", ""pct"": 13.69}, {""score"": ""2 - 1"", ""pct"": 9.46}]"
Switzerland,Canada,Canada,1.695,1.005,53.4,25.0,21.6,53.1,7.3,9.0,21.5,4.0,5.1,69.4,30.6,"[{""score"": ""1 - 0"", ""pct"": 12.16}, {""score"": ""1 - 1"", ""pct"": 11.200000000000001}, {""score"": ""2 - 1"", ""pct"": 10.059999999999999}]"
Algeria,Canada,Canada,1.665,1.035,51.9,25.7,22.4,52.3,7.8,8.2,22.1,4.1,5.5,68.3,31.7,"[{""score"": ""1 - 1"", ""pct"": 11.709999999999999}, {""score"": ""1 - 0"", ""pct"": 11.34}, {""score"": ""2 - 1"", ""pct"": 9.35}]"
Cape Verde,Canada,Canada,0.929,1.771,18.5,24.6,56.8,18.6,3.2,4.6,57.1,7.8,8.7,26.4,73.6,"[{""score"": ""0 - 1"", ""pct"": 12.280000000000001}, {""score"": ""1 - 1"", ""pct"": 11.0}, {""score"": ""1 - 2"", ""pct"": 9.92}]"
Haiti,Canada,Canada,1.212,1.488,29.9,26.7,43.4,30.1,5.4,6.7,43.0,6.7,8.1,42.2,57.8,"[{""score"": ""1 - 1"", ""pct"": 11.91}, {""score"": ""0 - 1"", ""pct"": 10.18}, {""score"": ""1 - 2"", ""pct"": 9.33}]"
Colombia,Canada,Canada,2.019,0.681,69.5,19.8,10.7,69.3,7.4,8.0,10.3,2.3,2.6,84.7,15.3,"[{""score"": ""1 - 0"", ""pct"": 14.08}, {""score"": ""2 - 0"", ""pct"": 13.94}, {""score"": ""2 - 1"", ""pct"": 9.32}]"
Belgium,Canada,Canada,1.729,0.971,54.6,25.2,20.2,55.9,7.3,8.5,19.6,3.5,5.2,71.7,28.3,"[{""score"": ""1 - 0"", ""pct"": 11.81}, {""score"": ""1 - 1"", ""pct"": 11.4}, {""score"": ""2 - 0"", ""pct"": 9.610000000000001}]"
Sweden,Canada,Canada,1.133,1.567,26.6,26.5,46.9,27.0,4.9,5.7,47.1,6.9,8.3,37.7,62.3,"[{""score"": ""1 - 1"", ""pct"": 12.13}, {""score"": ""0 - 1"", ""pct"": 10.91}, {""score"": ""1 - 2"", ""pct"": 9.48}]"
Norway,Canada,Canada,1.76,0.94,56.6,24.5,18.9,56.7,7.7,9.2,18.7,3.2,4.6,73.5,26.5,"[{""score"": ""1 - 0"", ""pct"": 12.540000000000001}, {""score"": ""1 - 1"", ""pct"": 10.93}, {""score"": ""2 - 1"", ""pct"": 10.11}]"
Egypt,Canada,Canada,1.357,1.343,36.1,27.7,36.2,37.0,6.2,8.0,35.8,5.9,7.1,51.2,48.8,"[{""score"": ""1 - 1"", ""pct"": 12.45}, {""score"": ""1 - 0"", ""pct"": 8.98}, {""score"": ""1 - 2"", ""pct"": 8.77}]"
Jordan,Canada,Canada,1.454,1.246,40.7,28.1,31.2,41.9,6.6,7.9,31.6,5.5,6.5,56.4,43.6,"[{""score"": ""1 - 1"", ""pct"": 12.93}, {""score"": ""1 - 0"", ""pct"": 9.9}, {""score"": ""2 - 1"", ""pct"": 8.83}]"
Iraq,Canada,Canada,1.267,1.433,32.4,27.2,40.5,32.6,5.8,6.9,40.9,6.2,7.6,45.2,54.8,"[{""score"": ""1 - 1"", ""pct"": 12.72}, {""score"": ""0 - 1"", ""pct"": 10.07}, {""score"": ""1 - 2"", ""pct"": 8.9}]"
Ivory Coast,Canada,Canada,1.425,1.275,39.4,27.3,33.4,40.2,6.4,7.8,32.7,6.0,7.0,54.4,45.6,"[{""score"": ""1 - 1"", ""pct"": 12.31}, {""score"": ""1 - 0"", ""pct"": 9.64}, {""score"": ""0 - 1"", ""pct"": 9.09}]"
Mexico,Canada,Canada,1.883,0.817,62.0,23.2,14.8,63.0,7.4,8.4,14.7,2.8,3.7,78.8,21.2,"[{""score"": ""1 - 0"", ""pct"": 12.75}, {""score"": ""2 - 0"", ""pct"": 12.06}, {""score"": ""1 - 1"", ""pct"": 10.530000000000001}]"
Tunisia,Canada,Canada,1.235,1.465,30.5,27.4,42.1,30.8,5.3,7.0,42.1,6.6,8.3,43.1,56.9,"[{""score"": ""1 - 1"", ""pct"": 12.790000000000001}, {""score"": ""0 - 1"", ""pct"": 9.81}, {""score"": ""1 - 2"", ""pct"": 9.0}]"
Portugal,Canada,Canada,1.982,0.718,67.7,20.9,11.5,68.0,7.4,8.2,11.3,2.4,2.6,83.7,16.3,"[{""score"": ""1 - 0"", ""pct"": 14.530000000000001}, {""score"": ""2 - 0"", ""pct"": 12.620000000000001}, {""score"": ""2 - 1"", ""pct"": 9.43}]"
Morocco,Canada,Canada,1.946,0.754,65.7,22.3,12.0,65.4,7.9,8.3,13.1,2.3,3.1,81.6,18.4,"[{""score"": ""1 - 0"", ""pct"": 14.030000000000001}, {""score"": ""2 - 0"", ""pct"": 12.46}, {""score"": ""1 - 1"", ""pct"": 10.03}]"
Germany,Canada,Canada,1.844,0.856,60.6,23.4,16.0,61.0,7.0,8.5,16.4,2.8,4.2,76.6,23.4,"[{""score"": ""1 - 0"", ""pct"": 13.01}, {""score"": ""2 - 0"", ""pct"": 10.99}, {""score"": ""1 - 1"", ""pct"": 10.33}]"
Argentina,Canada,Canada,2.224,0.476,78.1,16.2,5.7,78.4,7.0,6.5,5.5,1.0,1.6,92.0,8.0,"[{""score"": ""2 - 0"", ""pct"": 16.24}, {""score"": ""1 - 0"", ""pct"": 15.920000000000002}, {""score"": ""3 - 0"", ""pct"": 12.0}]"
Qatar,Canada,Canada,0.779,1.921,13.2,22.5,64.3,13.7,2.4,3.4,64.3,7.9,8.3,19.5,80.5,"[{""score"": ""0 - 1"", ""pct"": 13.350000000000001}, {""score"": ""0 - 2"", ""pct"": 12.17}, {""score"": ""1 - 1"", ""pct"": 10.040000000000001}]"
Czech Republic,Canada,Canada,1.308,1.392,34.4,27.2,38.3,34.6,5.7,7.5,38.1,6.5,7.5,47.9,52.1,"[{""score"": ""1 - 1"", ""pct"": 12.57}, {""score"": ""0 - 1"", ""pct"": 9.26}, {""score"": ""1 - 0"", ""pct"": 8.82}]"
New Zealand,Canada,Canada,1.163,1.537,27.5,26.7,45.8,27.4,5.1,6.5,45.9,6.7,8.4,38.9,61.1,"[{""score"": ""1 - 1"", ""pct"": 12.24}, {""score"": ""0 - 1"", ""pct"": 10.79}, {""score"": ""1 - 2"", ""pct"": 9.54}]"
Japan,Canada,Canada,1.953,0.747,66.0,21.5,12.6,66.2,8.2,8.1,12.1,2.2,3.2,82.5,17.5,"[{""score"": ""1 - 0"", ""pct"": 13.209999999999999}, {""score"": ""2 - 0"", ""pct"": 12.870000000000001}, {""score"": ""2 - 1"", ""pct"": 10.03}]"
DR Congo,Canada,Canada,1.325,1.375,34.6,27.0,38.4,35.2,6.0,7.4,37.5,6.4,7.5,48.6,51.4,"[{""score"": ""1 - 1"", ""pct"": 12.17}, {""score"": ""0 - 1"", ""pct"": 9.32}, {""score"": ""1 - 0"", ""pct"": 9.19}]"
Iran,Canada,Canada,1.754,0.946,56.1,24.5,19.4,56.8,7.9,8.5,19.0,3.5,4.4,73.1,26.9,"[{""score"": ""1 - 0"", ""pct"": 12.36}, {""score"": ""1 - 1"", ""pct"": 10.96}, {""score"": ""2 - 1"", ""pct"": 10.18}]"
Croatia,Canada,Canada,1.804,0.896,58.7,24.3,17.0,59.0,7.9,8.6,16.8,3.3,4.4,75.5,24.5,"[{""score"": ""1 - 0"", ""pct"": 12.41}, {""score"": ""1 - 1"", ""pct"": 10.96}, {""score"": ""2 - 0"", ""pct"": 10.530000000000001}]"
Bosnia and Herzegovina,Canada,Canada,0.859,1.841,15.9,23.2,60.9,16.4,3.2,4.0,60.3,7.6,8.5,23.6,76.4,"[{""score"": ""0 - 1"", ""pct"": 13.11}, {""score"": ""0 - 2"", ""pct"": 11.49}, {""score"": ""1 - 1"", ""pct"": 10.63}]"
Ghana,Canada,Canada,0.921,1.779,18.5,24.1,57.3,18.3,3.5,4.4,57.6,7.5,8.6,26.2,73.8,"[{""score"": ""0 - 1"", ""pct"": 12.36}, {""score"": ""1 - 1"", ""pct"": 10.95}, {""score"": ""0 - 2"", ""pct"": 10.0}]"
Netherlands,Canada,Canada,1.86,0.84,61.8,23.1,15.1,61.1,7.7,8.5,16.3,2.7,3.8,77.2,22.8,"[{""score"": ""1 - 0"", ""pct"": 13.23}, {""score"": ""2 - 0"", ""pct"": 11.0}, {""score"": ""1 - 1"", ""pct"": 10.37}]"
Senegal,Canada,Canada,1.723,0.977,54.7,25.1,20.2,54.7,7.5,8.9,20.5,3.8,4.7,71.0,29.0,"[{""score"": ""1 - 0"", ""pct"": 11.64}, {""score"": ""1 - 1"", ""pct"": 11.08}, {""score"": ""2 - 1"", ""pct"": 9.82}]"
Uzbekistan,Canada,Canada,1.61,1.09,49.4,26.3,24.4,50.1,7.0,8.6,24.1,4.5,5.6,65.7,34.3,"[{""score"": ""1 - 1"", ""pct"": 12.25}, {""score"": ""1 - 0"", ""pct"": 11.18}, {""score"": ""2 - 1"", ""pct"": 10.100000000000001}]"
Scotland,Canada,Canada,1.426,1.274,39.2,27.3,33.6,39.8,6.5,7.9,33.2,5.9,6.7,54.2,45.8,"[{""score"": ""1 - 1"", ""pct"": 12.479999999999999}, {""score"": ""1 - 0"", ""pct"": 9.520000000000001}, {""score"": ""0 - 1"", ""pct"": 8.91}]"
Spain,Canada,Canada,2.218,0.482,77.6,16.7,5.7,78.3,6.3,7.1,5.9,0.9,1.4,91.7,8.3,"[{""score"": ""2 - 0"", ""pct"": 16.650000000000002}, {""score"": ""1 - 0"", ""pct"": 15.7}, {""score"": ""3 - 0"", ""pct"": 11.450000000000001}]"
Uruguay,Canada,Canada,1.867,0.833,62.3,22.9,14.8,61.9,7.7,8.1,15.3,3.2,3.8,77.7,22.3,"[{""score"": ""1 - 0"", ""pct"": 13.55}, {""score"": ""2 - 0"", ""pct"": 12.1}, {""score"": ""1 - 1"", ""pct"": 10.71}]"
Turkey,Canada,Canada,1.742,0.958,55.8,24.7,19.5,54.6,7.8,8.5,20.1,3.9,5.1,70.9,29.1,"[{""score"": ""1 - 0"", ""pct"": 11.85}, {""score"": ""1 - 1"", ""pct"": 10.94}, {""score"": ""2 - 0"", ""pct"": 9.83}]"
United States,Canada,Canada,1.504,1.196,43.7,26.7,29.7,44.0,6.5,8.2,29.6,5.1,6.8,58.6,41.4,"[{""score"": ""1 - 1"", ""pct"": 11.959999999999999}, {""score"": ""1 - 0"", ""pct"": 10.32}, {""score"": ""2 - 1"", ""pct"": 8.98}]"
Austria,Canada,Canada,1.493,1.207,43.1,26.7,30.2,44.1,6.8,7.9,28.8,5.8,6.5,58.9,41.1,"[{""score"": ""1 - 1"", ""pct"": 12.21}, {""score"": ""1 - 0"", ""pct"": 9.83}, {""score"": ""2 - 1"", ""pct"": 9.43}]"
Australia,Canada,Canada,1.788,0.912,58.2,23.9,17.9,58.5,7.6,8.4,17.3,3.4,5.0,74.4,25.6,"[{""score"": ""1 - 0"", ""pct"": 12.889999999999999}, {""score"": ""1 - 1"", ""pct"": 10.97}, {""score"": ""2 - 0"", ""pct"": 10.22}]"
Paraguay,Canada,Canada,1.694,1.006,53.5,25.1,21.4,53.6,7.2,8.2,21.5,4.2,5.3,69.0,31.0,"[{""score"": ""1 - 0"", ""pct"": 11.85}, {""score"": ""1 - 1"", ""pct"": 11.48}, {""score"": ""2 - 1"", ""pct"": 10.27}]"
France,Canada,Canada,2.106,0.594,72.7,18.7,8.5,73.1,6.7,7.8,8.6,1.4,2.4,87.5,12.5,"[{""score"": ""1 - 0"", ""pct"": 14.66}, {""score"": ""2 - 0"", ""pct"": 14.580000000000002}, {""score"": ""3 - 0"", ""pct"": 9.9}]"
England,Canada,Canada,2.057,0.643,71.1,19.4,9.5,71.2,7.1,8.0,9.7,1.8,2.3,86.2,13.7,"[{""score"": ""1 - 0"", ""pct"": 14.92}, {""score"": ""2 - 0"", ""pct"": 13.63}, {""score"": ""2 - 1"", ""pct"": 9.81}]"
Panama,Canada,Canada,1.581,1.119,47.4,26.7,25.9,47.3,7.4,8.6,25.6,4.8,6.3,63.3,36.7,"[{""score"": ""1 - 1"", ""pct"": 12.139999999999999}, {""score"": ""1 - 0"", ""pct"": 10.290000000000001}, {""score"": ""2 - 1"", ""pct"": 10.12}]"
South Korea,Canada,Canada,1.717,0.983,54.3,25.4,20.3,54.3,7.7,8.8,20.5,4.1,4.6,70.8,29.2,"[{""score"": ""1 - 0"", ""pct"": 11.67}, {""score"": ""1 - 1"", ""pct"": 11.360000000000001}, {""score"": ""2 - 1"", ""pct"": 9.93}]"
