home_team,away_team,venue_country,ensemble_lambda_home,ensemble_lambda_away,grp_win_home,grp_draw,grp_win_away,ko_win_90_home_pct,ko_win_120_home_pct,ko_win_pen_home_pct,ko_win_90_away_pct,ko_win_120_away_pct,ko_win_pen_away_pct,ko_win_home,ko_win_away,top_scorelines_json
Jordan,Australia,Neutral,1.06,1.565,24.6,27.2,48.2,23.9,4.5,6.2,49.6,7.1,8.7,34.6,65.4,"[{""score"": ""1 - 1"", ""pct"": 12.01}, {""score"": ""0 - 1"", ""pct"": 11.35}, {""score"": ""1 - 2"", ""pct"": 9.33}]"
Jordan,Germany,Neutral,1.062,1.786,21.1,24.6,54.3,21.4,4.0,4.6,54.2,7.3,8.4,30.1,69.9,"[{""score"": ""0 - 1"", ""pct"": 11.25}, {""score"": ""1 - 1"", ""pct"": 11.18}, {""score"": ""1 - 2"", ""pct"": 9.56}]"
Jordan,Canada,Neutral,1.031,1.529,23.8,28.1,48.1,25.1,4.4,6.1,48.4,6.9,9.1,35.6,64.4,"[{""score"": ""1 - 1"", ""pct"": 12.559999999999999}, {""score"": ""0 - 1"", ""pct"": 11.74}, {""score"": ""1 - 2"", ""pct"": 9.59}]"
Jordan,Czech Republic,Neutral,1.49,1.246,42.9,26.7,30.4,42.1,7.0,8.1,31.1,5.2,6.5,57.1,42.9,"[{""score"": ""1 - 1"", ""pct"": 12.32}, {""score"": ""1 - 0"", ""pct"": 10.36}, {""score"": ""2 - 1"", ""pct"": 9.180000000000001}]"
Jordan,Saudi Arabia,Neutral,1.524,1.186,43.9,26.8,29.3,44.8,6.8,8.4,29.0,5.1,5.9,60.0,40.0,"[{""score"": ""1 - 1"", ""pct"": 12.11}, {""score"": ""1 - 0"", ""pct"": 9.6}, {""score"": ""2 - 1"", ""pct"": 9.01}]"
Jordan,Mexico,Neutral,1.018,1.673,21.9,25.3,52.9,22.4,4.2,5.2,52.3,7.3,8.7,31.8,68.2,"[{""score"": ""0 - 1"", ""pct"": 11.82}, {""score"": ""1 - 1"", ""pct"": 11.379999999999999}, {""score"": ""1 - 2"", ""pct"": 9.91}]"
Jordan,Argentina,Neutral,0.889,1.989,14.6,21.9,63.5,14.8,2.8,3.4,63.4,7.8,7.7,21.1,78.9,"[{""score"": ""0 - 1"", ""pct"": 12.2}, {""score"": ""0 - 2"", ""pct"": 10.92}, {""score"": ""1 - 1"", ""pct"": 9.84}]"
Jordan,New Zealand,Neutral,1.533,1.255,43.2,26.8,30.1,43.8,6.6,7.9,30.5,5.0,6.2,58.3,41.7,"[{""score"": ""1 - 1"", ""pct"": 12.2}, {""score"": ""1 - 0"", ""pct"": 9.46}, {""score"": ""2 - 1"", ""pct"": 9.04}]"
Jordan,Senegal,Neutral,1.075,1.592,24.6,26.2,49.2,24.5,4.5,5.8,49.6,7.3,8.3,34.8,65.2,"[{""score"": ""0 - 1"", ""pct"": 12.31}, {""score"": ""1 - 1"", ""pct"": 12.280000000000001}, {""score"": ""1 - 2"", ""pct"": 9.45}]"
Jordan,Sweden,Neutral,1.588,1.292,43.9,25.8,30.4,44.9,6.6,7.4,29.9,4.9,6.4,58.8,41.2,"[{""score"": ""1 - 1"", ""pct"": 11.87}, {""score"": ""1 - 0"", ""pct"": 9.47}, {""score"": ""2 - 1"", ""pct"": 8.99}]"
Jordan,Netherlands,Neutral,1.046,1.729,22.9,24.1,53.0,21.5,3.7,5.0,54.0,8.1,7.7,30.2,69.8,"[{""score"": ""0 - 1"", ""pct"": 11.28}, {""score"": ""1 - 1"", ""pct"": 10.639999999999999}, {""score"": ""1 - 2"", ""pct"": 10.12}]"
Jordan,Tunisia,Neutral,1.302,1.198,38.7,29.0,32.3,38.6,7.0,8.2,32.9,5.5,7.7,53.8,46.2,"[{""score"": ""1 - 1"", ""pct"": 13.420000000000002}, {""score"": ""1 - 0"", ""pct"": 11.24}, {""score"": ""0 - 1"", ""pct"": 9.56}]"
Jordan,Scotland,Neutral,1.309,1.362,35.0,27.9,37.1,35.5,5.9,7.1,37.8,6.1,7.6,48.6,51.4,"[{""score"": ""1 - 1"", ""pct"": 12.950000000000001}, {""score"": ""0 - 1"", ""pct"": 9.44}, {""score"": ""1 - 0"", ""pct"": 9.09}]"
Jordan,Colombia,Neutral,0.964,1.858,17.9,23.4,58.6,18.3,3.7,4.1,58.5,7.1,8.2,26.2,73.8,"[{""score"": ""0 - 1"", ""pct"": 12.01}, {""score"": ""1 - 2"", ""pct"": 10.33}, {""score"": ""1 - 1"", ""pct"": 10.03}]"
Jordan,Japan,Neutral,0.968,1.762,19.4,24.2,56.4,19.5,3.6,4.9,56.1,7.1,8.7,28.1,71.9,"[{""score"": ""0 - 1"", ""pct"": 11.65}, {""score"": ""1 - 1"", ""pct"": 11.41}, {""score"": ""0 - 2"", ""pct"": 10.03}]"
Jordan,France,Neutral,0.97,1.889,17.9,23.0,59.1,18.3,3.3,3.7,58.9,7.7,8.1,25.3,74.7,"[{""score"": ""0 - 1"", ""pct"": 11.600000000000001}, {""score"": ""1 - 1"", ""pct"": 10.37}, {""score"": ""1 - 2"", ""pct"": 9.969999999999999}]"
Jordan,Uzbekistan,Neutral,1.142,1.365,29.8,28.0,42.2,30.0,5.5,7.5,41.6,6.7,8.8,42.9,57.1,"[{""score"": ""1 - 1"", ""pct"": 13.16}, {""score"": ""0 - 1"", ""pct"": 11.15}, {""score"": ""1 - 2"", ""pct"": 9.35}]"
Jordan,Ecuador,Neutral,0.989,1.683,20.9,25.4,53.7,21.5,3.6,4.8,54.4,7.3,8.5,29.9,70.1,"[{""score"": ""0 - 1"", ""pct"": 12.53}, {""score"": ""1 - 1"", ""pct"": 11.61}, {""score"": ""1 - 2"", ""pct"": 9.69}]"
Jordan,Qatar,Neutral,1.947,0.968,61.5,22.2,16.4,60.6,7.7,7.8,17.0,3.5,3.4,76.1,23.9,"[{""score"": ""1 - 0"", ""pct"": 10.8}, {""score"": ""2 - 0"", ""pct"": 10.48}, {""score"": ""2 - 1"", ""pct"": 10.280000000000001}]"
Jordan,Ivory Coast,Neutral,1.231,1.338,33.8,27.8,38.4,33.7,5.4,7.4,38.4,6.1,8.9,46.6,53.4,"[{""score"": ""1 - 1"", ""pct"": 12.22}, {""score"": ""0 - 1"", ""pct"": 10.02}, {""score"": ""1 - 0"", ""pct"": 9.39}]"
Jordan,England,Neutral,0.893,1.855,16.0,23.1,60.9,16.8,3.4,4.3,59.1,7.4,9.0,24.5,75.5,"[{""score"": ""0 - 1"", ""pct"": 12.55}, {""score"": ""0 - 2"", ""pct"": 10.73}, {""score"": ""1 - 1"", ""pct"": 10.56}]"
Jordan,Cape Verde,Neutral,1.622,1.138,48.1,26.2,25.7,49.1,6.7,8.1,25.6,4.7,5.8,63.9,36.1,"[{""score"": ""1 - 1"", ""pct"": 11.85}, {""score"": ""1 - 0"", ""pct"": 10.4}, {""score"": ""2 - 1"", ""pct"": 9.41}]"
Jordan,Panama,Neutral,1.235,1.431,31.4,27.4,41.2,31.1,5.5,6.6,42.2,6.8,7.9,43.2,56.8,"[{""score"": ""1 - 1"", ""pct"": 12.19}, {""score"": ""0 - 1"", ""pct"": 10.09}, {""score"": ""1 - 2"", ""pct"": 8.67}]"
Jordan,Austria,Neutral,1.171,1.396,31.4,27.3,41.3,30.6,5.7,6.6,41.8,6.7,8.6,42.9,57.1,"[{""score"": ""1 - 1"", ""pct"": 12.78}, {""score"": ""0 - 1"", ""pct"": 10.94}, {""score"": ""1 - 0"", ""pct"": 9.24}]"
Jordan,Belgium,Neutral,1.063,1.608,24.0,26.2,49.8,24.6,4.5,5.3,50.3,6.9,8.4,34.4,65.6,"[{""score"": ""1 - 1"", ""pct"": 11.72}, {""score"": ""0 - 1"", ""pct"": 10.85}, {""score"": ""1 - 2"", ""pct"": 9.5}]"
Jordan,Egypt,Neutral,1.214,1.251,34.4,28.7,36.9,34.9,6.2,7.5,37.3,6.1,7.9,48.7,51.3,"[{""score"": ""1 - 1"", ""pct"": 13.3}, {""score"": ""0 - 1"", ""pct"": 10.639999999999999}, {""score"": ""1 - 0"", ""pct"": 10.51}]"
Jordan,Iraq,Neutral,1.277,1.155,38.4,28.3,33.2,38.4,6.8,8.6,32.8,5.6,7.9,53.7,46.3,"[{""score"": ""1 - 1"", ""pct"": 12.94}, {""score"": ""1 - 0"", ""pct"": 11.17}, {""score"": ""0 - 1"", ""pct"": 10.489999999999998}]"
Jordan,Switzerland,Neutral,1.07,1.601,24.5,26.1,49.4,23.8,4.4,5.7,50.2,7.2,8.7,33.9,66.1,"[{""score"": ""1 - 1"", ""pct"": 11.82}, {""score"": ""0 - 1"", ""pct"": 10.979999999999999}, {""score"": ""1 - 2"", ""pct"": 9.5}]"
Jordan,Brazil,Neutral,0.976,2.035,16.3,21.1,62.6,15.5,3.2,3.4,62.6,7.6,7.7,22.1,77.9,"[{""score"": ""0 - 2"", ""pct"": 10.37}, {""score"": ""0 - 1"", ""pct"": 10.11}, {""score"": ""1 - 2"", ""pct"": 9.719999999999999}]"
Jordan,United States,Neutral,1.273,1.383,33.2,27.8,38.9,33.9,5.8,7.0,38.0,6.8,8.4,46.8,53.2,"[{""score"": ""1 - 1"", ""pct"": 12.540000000000001}, {""score"": ""0 - 1"", ""pct"": 9.94}, {""score"": ""1 - 0"", ""pct"": 8.76}]"
Jordan,Ghana,Neutral,1.646,1.086,50.1,25.7,24.2,50.2,7.5,8.1,23.7,4.5,6.0,65.8,34.2,"[{""score"": ""1 - 1"", ""pct"": 11.88}, {""score"": ""1 - 0"", ""pct"": 10.780000000000001}, {""score"": ""2 - 1"", ""pct"": 9.42}]"
Jordan,Uruguay,Neutral,1.061,1.627,23.3,26.1,50.6,23.5,4.5,5.4,50.8,7.4,8.4,33.4,66.6,"[{""score"": ""0 - 1"", ""pct"": 12.08}, {""score"": ""1 - 1"", ""pct"": 11.62}, {""score"": ""1 - 2"", ""pct"": 9.86}]"
Jordan,Portugal,Neutral,1.006,1.773,20.3,24.6,55.1,20.6,3.5,4.6,55.8,7.4,8.2,28.7,71.3,"[{""score"": ""1 - 1"", ""pct"": 11.450000000000001}, {""score"": ""0 - 1"", ""pct"": 10.96}, {""score"": ""1 - 2"", ""pct"": 10.33}]"
Jordan,Algeria,Neutral,1.031,1.579,23.8,26.9,49.3,24.5,4.4,5.6,48.8,7.5,9.2,34.5,65.5,"[{""score"": ""1 - 1"", ""pct"": 12.2}, {""score"": ""0 - 1"", ""pct"": 11.78}, {""score"": ""1 - 2"", ""pct"": 9.02}]"
Jordan,Spain,Neutral,0.934,2.194,13.2,19.4,67.4,13.8,2.7,2.7,66.9,7.0,6.9,19.2,80.8,"[{""score"": ""0 - 2"", ""pct"": 10.71}, {""score"": ""0 - 1"", ""pct"": 10.61}, {""score"": ""1 - 2"", ""pct"": 9.8}]"
Jordan,Bosnia and Herzegovina,Neutral,1.808,1.097,53.8,24.2,22.0,54.5,7.0,7.7,21.9,3.9,5.0,69.2,30.8,"[{""score"": ""1 - 1"", ""pct"": 10.8}, {""score"": ""1 - 0"", ""pct"": 10.41}, {""score"": ""2 - 1"", ""pct"": 9.83}]"
Jordan,South Africa,Neutral,1.583,1.195,45.7,26.3,28.0,45.9,6.9,8.3,27.8,5.0,6.2,61.1,38.9,"[{""score"": ""1 - 1"", ""pct"": 11.690000000000001}, {""score"": ""1 - 0"", ""pct"": 10.059999999999999}, {""score"": ""2 - 1"", ""pct"": 9.31}]"
Jordan,DR Congo,Neutral,1.23,1.093,38.7,30.0,31.3,38.9,6.2,9.7,31.6,5.7,7.9,54.8,45.2,"[{""score"": ""1 - 1"", ""pct"": 13.55}, {""score"": ""1 - 0"", ""pct"": 11.74}, {""score"": ""0 - 0"", ""pct"": 10.94}]"
Jordan,Croatia,Neutral,1.091,1.588,24.7,26.5,48.8,24.7,4.6,5.8,49.5,7.0,8.4,35.1,64.9,"[{""score"": ""1 - 1"", ""pct"": 11.49}, {""score"": ""0 - 1"", ""pct"": 10.95}, {""score"": ""1 - 2"", ""pct"": 9.700000000000001}]"
Jordan,Norway,Neutral,1.059,1.611,24.3,25.5,50.2,23.8,4.1,5.7,50.2,7.3,8.8,33.6,66.4,"[{""score"": ""0 - 1"", ""pct"": 11.61}, {""score"": ""1 - 1"", ""pct"": 11.17}, {""score"": ""1 - 2"", ""pct"": 9.65}]"
Jordan,Turkey,Neutral,1.051,1.609,24.0,26.6,49.4,23.5,4.2,6.0,50.0,7.7,8.6,33.7,66.3,"[{""score"": ""1 - 1"", ""pct"": 12.25}, {""score"": ""0 - 1"", ""pct"": 11.360000000000001}, {""score"": ""1 - 2"", ""pct"": 9.379999999999999}]"
Jordan,Morocco,Neutral,1.033,1.797,20.1,24.8,55.2,21.3,4.0,5.0,54.0,7.5,8.1,30.4,69.6,"[{""score"": ""1 - 1"", ""pct"": 11.16}, {""score"": ""0 - 1"", ""pct"": 10.95}, {""score"": ""1 - 2"", ""pct"": 9.83}]"
Jordan,Haiti,Neutral,1.44,1.192,43.0,27.0,30.0,42.5,6.9,8.7,29.7,5.3,7.0,58.0,42.0,"[{""score"": ""1 - 1"", ""pct"": 12.18}, {""score"": ""1 - 0"", ""pct"": 10.36}, {""score"": ""2 - 1"", ""pct"": 9.24}]"
Jordan,South Korea,Neutral,1.089,1.583,24.5,26.5,49.0,24.9,4.6,6.3,48.2,7.1,8.9,35.8,64.2,"[{""score"": ""1 - 1"", ""pct"": 12.09}, {""score"": ""0 - 1"", ""pct"": 11.690000000000001}, {""score"": ""1 - 2"", ""pct"": 9.76}]"
Jordan,Curaçao,Neutral,1.754,1.208,49.8,24.8,25.4,50.1,7.3,7.8,25.1,4.7,5.0,65.2,34.8,"[{""score"": ""1 - 1"", ""pct"": 11.27}, {""score"": ""2 - 1"", ""pct"": 9.89}, {""score"": ""1 - 0"", ""pct"": 9.13}]"
Jordan,Paraguay,Neutral,1.082,1.55,25.1,26.9,48.0,25.6,4.5,6.0,48.1,7.1,8.7,36.1,63.9,"[{""score"": ""1 - 1"", ""pct"": 12.31}, {""score"": ""0 - 1"", ""pct"": 11.020000000000001}, {""score"": ""1 - 2"", ""pct"": 9.4}]"
Jordan,Iran,Neutral,1.046,1.607,23.0,27.6,49.4,23.9,4.7,6.0,49.1,7.4,8.8,34.6,65.4,"[{""score"": ""1 - 1"", ""pct"": 12.01}, {""score"": ""0 - 1"", ""pct"": 10.870000000000001}, {""score"": ""1 - 2"", ""pct"": 8.9}]"
Australia,Jordan,Neutral,1.565,1.06,49.6,25.3,25.0,48.9,7.4,9.3,23.9,4.6,5.9,65.6,34.4,"[{""score"": ""1 - 1"", ""pct"": 11.64}, {""score"": ""1 - 0"", ""pct"": 11.32}, {""score"": ""2 - 1"", ""pct"": 9.45}]"
Australia,Germany,Neutral,1.169,1.313,32.1,28.7,39.2,31.9,5.8,7.3,40.0,6.3,8.7,45.0,55.0,"[{""score"": ""1 - 1"", ""pct"": 12.8}, {""score"": ""0 - 1"", ""pct"": 11.25}, {""score"": ""0 - 0"", ""pct"": 9.67}]"
Australia,Canada,Neutral,1.203,1.117,37.6,28.9,33.4,37.6,6.5,8.6,33.0,5.9,8.4,52.7,47.3,"[{""score"": ""1 - 1"", ""pct"": 13.54}, {""score"": ""0 - 1"", ""pct"": 11.77}, {""score"": ""1 - 0"", ""pct"": 11.4}]"
Australia,Czech Republic,Neutral,1.666,1.008,52.8,25.4,21.8,52.1,6.9,8.8,22.5,4.6,5.1,67.8,32.2,"[{""score"": ""1 - 0"", ""pct"": 11.77}, {""score"": ""1 - 1"", ""pct"": 11.33}, {""score"": ""2 - 0"", ""pct"": 9.9}]"
Australia,Saudi Arabia,Neutral,1.727,0.889,57.3,24.6,18.1,57.8,7.6,9.0,18.0,3.0,4.5,74.4,25.6,"[{""score"": ""1 - 0"", ""pct"": 13.270000000000001}, {""score"": ""1 - 1"", ""pct"": 11.1}, {""score"": ""2 - 0"", ""pct"": 10.91}]"
Australia,Mexico,Neutral,1.083,1.242,31.0,29.8,39.2,30.9,5.5,7.8,39.3,6.8,9.6,44.2,55.8,"[{""score"": ""1 - 1"", ""pct"": 13.420000000000002}, {""score"": ""0 - 1"", ""pct"": 12.04}, {""score"": ""0 - 0"", ""pct"": 10.71}]"
Australia,Argentina,Neutral,0.879,1.684,18.0,25.0,57.0,18.4,3.6,4.5,57.2,7.3,9.0,26.5,73.5,"[{""score"": ""0 - 1"", ""pct"": 13.669999999999998}, {""score"": ""1 - 1"", ""pct"": 11.51}, {""score"": ""0 - 2"", ""pct"": 10.97}]"
Australia,New Zealand,Neutral,1.73,0.921,56.8,24.5,18.7,55.6,7.5,8.8,19.5,3.5,5.1,71.9,28.1,"[{""score"": ""1 - 0"", ""pct"": 13.15}, {""score"": ""1 - 1"", ""pct"": 11.75}, {""score"": ""2 - 0"", ""pct"": 10.24}]"
Australia,Senegal,Neutral,1.283,1.208,36.8,27.9,35.2,37.2,6.4,7.8,34.8,6.0,7.8,51.4,48.6,"[{""score"": ""1 - 1"", ""pct"": 12.620000000000001}, {""score"": ""1 - 0"", ""pct"": 10.9}, {""score"": ""0 - 1"", ""pct"": 10.39}]"
Australia,Sweden,Neutral,1.835,0.958,58.3,23.1,18.6,58.5,7.4,8.1,18.2,3.4,4.5,74.0,26.0,"[{""score"": ""1 - 0"", ""pct"": 12.280000000000001}, {""score"": ""1 - 1"", ""pct"": 10.14}, {""score"": ""2 - 0"", ""pct"": 10.03}]"
Australia,Netherlands,Neutral,1.157,1.295,32.9,28.4,38.6,32.7,5.8,7.4,39.1,6.1,8.9,45.9,54.1,"[{""score"": ""1 - 1"", ""pct"": 12.93}, {""score"": ""0 - 1"", ""pct"": 10.77}, {""score"": ""1 - 0"", ""pct"": 10.209999999999999}]"
Australia,Tunisia,Neutral,1.556,1.002,50.5,25.9,23.6,50.5,7.2,8.8,23.6,4.4,5.5,66.5,33.5,"[{""score"": ""1 - 0"", ""pct"": 12.72}, {""score"": ""1 - 1"", ""pct"": 11.39}, {""score"": ""2 - 1"", ""pct"": 9.66}]"
Australia,Scotland,Neutral,1.522,1.039,48.2,27.3,24.5,48.1,6.7,9.4,25.1,4.6,6.0,64.3,35.7,"[{""score"": ""1 - 0"", ""pct"": 12.6}, {""score"": ""1 - 1"", ""pct"": 12.19}, {""score"": ""2 - 1"", ""pct"": 9.09}]"
Australia,Colombia,Neutral,1.107,1.475,28.0,26.9,45.1,27.8,4.9,7.0,45.1,6.8,8.5,39.6,60.4,"[{""score"": ""1 - 1"", ""pct"": 12.15}, {""score"": ""0 - 1"", ""pct"": 11.59}, {""score"": ""1 - 2"", ""pct"": 8.93}]"
Australia,Japan,Neutral,1.032,1.43,26.3,28.4,45.3,25.9,4.6,6.7,46.1,7.4,9.3,37.2,62.8,"[{""score"": ""1 - 1"", ""pct"": 12.97}, {""score"": ""0 - 1"", ""pct"": 12.55}, {""score"": ""0 - 0"", ""pct"": 9.13}]"
Australia,France,Neutral,1.126,1.58,25.9,26.6,47.5,25.8,5.0,5.8,48.2,7.2,8.0,36.6,63.4,"[{""score"": ""1 - 1"", ""pct"": 12.8}, {""score"": ""0 - 1"", ""pct"": 10.7}, {""score"": ""1 - 2"", ""pct"": 9.36}]"
Australia,Uzbekistan,Neutral,1.397,1.062,43.5,28.5,28.0,44.3,7.2,9.0,27.9,4.8,6.7,60.5,39.5,"[{""score"": ""1 - 1"", ""pct"": 12.9}, {""score"": ""1 - 0"", ""pct"": 11.93}, {""score"": ""0 - 0"", ""pct"": 9.47}]"
Australia,Ecuador,Neutral,1.067,1.396,27.7,29.5,42.9,28.3,5.1,6.8,43.9,7.2,8.7,40.2,59.8,"[{""score"": ""1 - 1"", ""pct"": 13.29}, {""score"": ""0 - 1"", ""pct"": 11.65}, {""score"": ""0 - 0"", ""pct"": 9.959999999999999}]"
Australia,Qatar,Neutral,2.227,0.704,73.0,17.8,9.2,73.6,7.4,6.8,8.5,1.7,2.0,87.8,12.2,"[{""score"": ""1 - 0"", ""pct"": 13.320000000000002}, {""score"": ""2 - 0"", ""pct"": 13.059999999999999}, {""score"": ""3 - 0"", ""pct"": 9.8}]"
Australia,Ivory Coast,Neutral,1.399,1.033,46.2,27.0,26.8,44.8,6.8,9.3,26.2,5.3,7.5,61.0,39.0,"[{""score"": ""1 - 0"", ""pct"": 12.75}, {""score"": ""1 - 1"", ""pct"": 12.04}, {""score"": ""0 - 0"", ""pct"": 9.45}]"
Australia,England,Neutral,0.982,1.455,23.4,28.1,48.4,24.8,4.5,6.8,46.5,7.2,10.2,36.2,63.8,"[{""score"": ""0 - 1"", ""pct"": 12.989999999999998}, {""score"": ""1 - 1"", ""pct"": 12.709999999999999}, {""score"": ""1 - 2"", ""pct"": 9.950000000000001}]"
Australia,Cape Verde,Neutral,1.775,0.766,61.5,23.7,14.8,61.6,7.5,8.8,14.9,3.0,4.2,77.9,22.1,"[{""score"": ""1 - 0"", ""pct"": 14.649999999999999}, {""score"": ""2 - 0"", ""pct"": 11.899999999999999}, {""score"": ""1 - 1"", ""pct"": 10.54}]"
Australia,Panama,Neutral,1.513,1.119,46.8,26.6,26.6,46.3,7.2,8.8,26.2,5.0,6.5,62.3,37.7,"[{""score"": ""1 - 1"", ""pct"": 12.27}, {""score"": ""1 - 0"", ""pct"": 11.49}, {""score"": ""2 - 1"", ""pct"": 9.4}]"
Australia,Austria,Neutral,1.374,1.048,43.7,27.9,28.5,44.2,6.9,8.8,28.1,5.2,6.8,59.9,40.1,"[{""score"": ""1 - 1"", ""pct"": 12.620000000000001}, {""score"": ""1 - 0"", ""pct"": 11.84}, {""score"": ""0 - 1"", ""pct"": 10.02}]"
Australia,Belgium,Neutral,1.234,1.21,36.3,28.6,35.1,37.2,6.1,8.4,33.9,5.9,8.5,51.7,48.3,"[{""score"": ""1 - 1"", ""pct"": 12.950000000000001}, {""score"": ""1 - 0"", ""pct"": 10.68}, {""score"": ""0 - 1"", ""pct"": 10.33}]"
Australia,Egypt,Neutral,1.414,0.994,45.9,28.4,25.7,46.0,7.2,9.7,25.5,4.9,6.8,62.8,37.2,"[{""score"": ""1 - 1"", ""pct"": 12.68}, {""score"": ""1 - 0"", ""pct"": 12.33}, {""score"": ""0 - 0"", ""pct"": 10.13}]"
Australia,Iraq,Neutral,1.503,0.973,49.6,26.9,23.5,49.1,7.0,9.6,23.8,4.2,6.3,65.7,34.3,"[{""score"": ""1 - 0"", ""pct"": 12.879999999999999}, {""score"": ""1 - 1"", ""pct"": 11.98}, {""score"": ""2 - 1"", ""pct"": 9.56}]"
Australia,Switzerland,Neutral,1.314,1.2,37.8,29.5,32.7,39.2,6.6,8.5,31.8,5.8,8.2,54.3,45.7,"[{""score"": ""1 - 1"", ""pct"": 12.690000000000001}, {""score"": ""1 - 0"", ""pct"": 10.69}, {""score"": ""0 - 0"", ""pct"": 9.84}]"
Australia,Brazil,Neutral,1.111,1.488,27.6,26.8,45.6,27.5,5.0,6.5,45.3,7.0,8.7,38.9,61.1,"[{""score"": ""1 - 1"", ""pct"": 12.3}, {""score"": ""0 - 1"", ""pct"": 11.020000000000001}, {""score"": ""1 - 2"", ""pct"": 9.43}]"
Australia,United States,Neutral,1.528,1.051,48.1,26.4,25.6,47.8,7.4,9.3,25.1,4.5,5.9,64.5,35.5,"[{""score"": ""1 - 0"", ""pct"": 12.479999999999999}, {""score"": ""1 - 1"", ""pct"": 12.22}, {""score"": ""2 - 1"", ""pct"": 8.85}]"
Australia,Ghana,Neutral,1.823,0.711,64.2,22.8,13.0,63.7,7.9,9.3,13.2,2.4,3.4,80.9,19.1,"[{""score"": ""1 - 0"", ""pct"": 15.22}, {""score"": ""2 - 0"", ""pct"": 12.959999999999999}, {""score"": ""1 - 1"", ""pct"": 10.440000000000001}]"
Australia,Uruguay,Neutral,1.173,1.262,33.1,28.8,38.2,33.2,5.9,8.2,38.1,6.1,8.4,47.4,52.6,"[{""score"": ""1 - 1"", ""pct"": 12.65}, {""score"": ""0 - 1"", ""pct"": 11.26}, {""score"": ""1 - 0"", ""pct"": 10.48}]"
Australia,Portugal,Neutral,1.099,1.463,27.8,27.5,44.7,27.8,4.6,6.6,44.9,7.2,8.8,39.1,60.9,"[{""score"": ""1 - 1"", ""pct"": 12.25}, {""score"": ""0 - 1"", ""pct"": 11.200000000000001}, {""score"": ""1 - 2"", ""pct"": 9.229999999999999}]"
Australia,Algeria,Neutral,1.198,1.139,37.1,29.1,33.8,36.5,6.2,9.1,34.1,5.9,8.3,51.7,48.3,"[{""score"": ""1 - 1"", ""pct"": 13.100000000000001}, {""score"": ""1 - 0"", ""pct"": 11.92}, {""score"": ""0 - 1"", ""pct"": 11.26}]"
Australia,Spain,Neutral,0.889,1.708,17.9,24.9,57.2,18.0,3.6,4.9,57.2,7.6,8.8,26.5,73.5,"[{""score"": ""0 - 1"", ""pct"": 12.33}, {""score"": ""1 - 1"", ""pct"": 11.17}, {""score"": ""0 - 2"", ""pct"": 10.83}]"
Australia,Bosnia and Herzegovina,Neutral,1.95,0.728,66.7,21.9,11.4,65.8,7.9,8.1,12.2,2.8,3.1,81.9,18.1,"[{""score"": ""1 - 0"", ""pct"": 14.57}, {""score"": ""2 - 0"", ""pct"": 12.75}, {""score"": ""1 - 1"", ""pct"": 9.67}]"
Australia,South Africa,Neutral,1.705,0.779,59.6,24.7,15.7,58.7,7.5,9.7,16.5,3.2,4.3,75.9,24.1,"[{""score"": ""1 - 0"", ""pct"": 14.42}, {""score"": ""2 - 0"", ""pct"": 11.52}, {""score"": ""1 - 1"", ""pct"": 10.92}]"
Australia,DR Congo,Neutral,1.453,0.935,48.8,28.4,22.8,48.3,7.3,10.0,24.1,4.2,6.2,65.5,34.5,"[{""score"": ""1 - 0"", ""pct"": 13.62}, {""score"": ""1 - 1"", ""pct"": 12.76}, {""score"": ""0 - 0"", ""pct"": 10.13}]"
Australia,Croatia,Neutral,1.27,1.235,36.7,28.3,35.0,36.5,6.1,7.8,36.0,5.7,7.8,50.4,49.6,"[{""score"": ""1 - 1"", ""pct"": 12.709999999999999}, {""score"": ""0 - 1"", ""pct"": 10.56}, {""score"": ""1 - 0"", ""pct"": 10.52}]"
Australia,Norway,Neutral,1.254,1.226,36.4,28.5,35.1,36.7,5.8,8.2,35.1,5.7,8.5,50.7,49.3,"[{""score"": ""1 - 1"", ""pct"": 12.86}, {""score"": ""0 - 1"", ""pct"": 10.65}, {""score"": ""1 - 0"", ""pct"": 10.43}]"
Australia,Turkey,Neutral,1.213,1.203,36.3,29.4,34.3,35.4,5.8,8.8,35.3,6.4,8.2,50.0,50.0,"[{""score"": ""1 - 1"", ""pct"": 13.29}, {""score"": ""1 - 0"", ""pct"": 11.33}, {""score"": ""0 - 1"", ""pct"": 10.5}]"
Australia,Morocco,Neutral,1.075,1.298,30.1,28.9,41.0,30.1,5.6,7.3,40.9,6.7,9.4,43.1,56.9,"[{""score"": ""1 - 1"", ""pct"": 13.04}, {""score"": ""0 - 1"", ""pct"": 12.3}, {""score"": ""0 - 0"", ""pct"": 10.58}]"
Australia,Haiti,Neutral,1.591,0.955,51.8,26.0,22.2,51.9,7.9,9.1,22.0,3.7,5.5,68.9,31.1,"[{""score"": ""1 - 0"", ""pct"": 12.53}, {""score"": ""1 - 1"", ""pct"": 11.29}, {""score"": ""2 - 1"", ""pct"": 9.77}]"
Australia,South Korea,Neutral,1.312,1.192,38.5,27.9,33.6,38.3,6.7,8.5,32.9,5.9,7.8,53.5,46.5,"[{""score"": ""1 - 1"", ""pct"": 12.389999999999999}, {""score"": ""1 - 0"", ""pct"": 10.42}, {""score"": ""0 - 1"", ""pct"": 10.02}]"
Australia,Curaçao,Neutral,1.945,0.741,66.2,21.2,12.6,66.1,7.5,8.6,11.9,2.6,3.3,82.1,17.9,"[{""score"": ""1 - 0"", ""pct"": 14.099999999999998}, {""score"": ""2 - 0"", ""pct"": 12.65}, {""score"": ""2 - 1"", ""pct"": 9.93}]"
Australia,Paraguay,Neutral,1.299,1.16,38.5,29.3,32.2,38.4,6.4,8.9,32.8,5.6,7.8,53.7,46.3,"[{""score"": ""1 - 1"", ""pct"": 13.73}, {""score"": ""1 - 0"", ""pct"": 11.129999999999999}, {""score"": ""0 - 1"", ""pct"": 9.74}]"
Australia,Iran,Neutral,1.233,1.224,36.1,28.0,35.9,36.3,6.2,8.0,35.7,5.6,8.2,50.5,49.5,"[{""score"": ""1 - 1"", ""pct"": 12.709999999999999}, {""score"": ""0 - 1"", ""pct"": 10.73}, {""score"": ""1 - 0"", ""pct"": 10.48}]"
Germany,Jordan,Neutral,1.786,1.062,54.1,24.1,21.8,54.2,7.3,8.2,22.0,3.6,4.8,69.6,30.4,"[{""score"": ""1 - 1"", ""pct"": 11.37}, {""score"": ""1 - 0"", ""pct"": 10.99}, {""score"": ""2 - 1"", ""pct"": 9.610000000000001}]"
Germany,Australia,Neutral,1.313,1.169,39.1,28.8,32.1,39.7,6.2,8.6,32.0,5.9,7.6,54.5,45.5,"[{""score"": ""1 - 1"", ""pct"": 13.420000000000002}, {""score"": ""1 - 0"", ""pct"": 11.48}, {""score"": ""0 - 1"", ""pct"": 9.68}]"
Germany,Canada,Neutral,1.256,1.082,41.5,28.5,30.0,39.9,6.4,9.1,30.4,5.9,8.3,55.4,44.6,"[{""score"": ""1 - 1"", ""pct"": 12.68}, {""score"": ""1 - 0"", ""pct"": 12.25}, {""score"": ""0 - 0"", ""pct"": 10.36}]"
Germany,Czech Republic,Neutral,1.873,0.958,58.5,23.6,17.9,58.8,7.5,8.1,18.1,3.3,4.2,74.4,25.6,"[{""score"": ""1 - 0"", ""pct"": 10.96}, {""score"": ""1 - 1"", ""pct"": 10.76}, {""score"": ""2 - 0"", ""pct"": 10.24}]"
Germany,Saudi Arabia,Neutral,1.911,0.865,62.5,22.3,15.2,61.7,7.4,8.7,15.4,2.9,3.9,77.8,22.2,"[{""score"": ""1 - 0"", ""pct"": 12.21}, {""score"": ""2 - 0"", ""pct"": 11.52}, {""score"": ""1 - 1"", ""pct"": 10.23}]"
Germany,Mexico,Neutral,1.199,1.22,35.8,28.2,36.0,34.7,5.7,7.9,36.2,6.2,9.3,48.3,51.7,"[{""score"": ""1 - 1"", ""pct"": 12.659999999999998}, {""score"": ""0 - 1"", ""pct"": 11.200000000000001}, {""score"": ""1 - 0"", ""pct"": 11.020000000000001}]"
Germany,Argentina,Neutral,1.015,1.685,20.9,24.8,54.4,21.3,4.4,5.2,53.1,7.2,8.8,30.9,69.1,"[{""score"": ""0 - 1"", ""pct"": 12.370000000000001}, {""score"": ""1 - 1"", ""pct"": 11.690000000000001}, {""score"": ""1 - 2"", ""pct"": 10.14}]"
Germany,New Zealand,Neutral,1.942,0.917,61.2,22.2,16.6,61.5,7.1,8.3,16.4,3.0,3.6,76.9,23.1,"[{""score"": ""1 - 0"", ""pct"": 11.41}, {""score"": ""2 - 0"", ""pct"": 10.69}, {""score"": ""1 - 1"", ""pct"": 10.65}]"
Germany,Senegal,Neutral,1.342,1.175,39.5,28.4,32.1,39.3,6.6,8.8,32.1,5.8,7.4,54.7,45.3,"[{""score"": ""1 - 1"", ""pct"": 13.370000000000001}, {""score"": ""1 - 0"", ""pct"": 10.61}, {""score"": ""0 - 1"", ""pct"": 9.610000000000001}]"
Germany,Sweden,Neutral,2.024,0.861,65.0,21.2,13.8,65.2,7.3,7.5,14.2,2.6,3.2,80.0,20.0,"[{""score"": ""1 - 0"", ""pct"": 12.0}, {""score"": ""2 - 0"", ""pct"": 11.35}, {""score"": ""2 - 1"", ""pct"": 9.81}]"
Germany,Netherlands,Neutral,1.245,1.27,34.8,28.1,37.0,35.6,5.9,8.4,35.8,6.0,8.3,49.9,50.1,"[{""score"": ""1 - 1"", ""pct"": 13.239999999999998}, {""score"": ""0 - 1"", ""pct"": 10.979999999999999}, {""score"": ""1 - 0"", ""pct"": 10.09}]"
Germany,Tunisia,Neutral,1.702,0.927,54.8,25.2,20.0,56.2,7.2,8.4,19.3,3.9,5.0,71.8,28.2,"[{""score"": ""1 - 0"", ""pct"": 12.06}, {""score"": ""1 - 1"", ""pct"": 11.23}, {""score"": ""2 - 0"", ""pct"": 9.77}]"
Germany,Scotland,Neutral,1.748,1.042,52.8,25.7,21.5,54.3,7.6,8.0,21.4,3.9,4.8,69.9,30.1,"[{""score"": ""1 - 1"", ""pct"": 11.67}, {""score"": ""1 - 0"", ""pct"": 10.780000000000001}, {""score"": ""2 - 1"", ""pct"": 9.49}]"
Germany,Colombia,Neutral,1.187,1.485,29.2,27.1,43.7,29.2,5.1,6.5,43.7,7.2,8.2,40.9,59.1,"[{""score"": ""1 - 1"", ""pct"": 12.64}, {""score"": ""0 - 1"", ""pct"": 10.32}, {""score"": ""1 - 2"", ""pct"": 9.21}]"
Germany,Japan,Neutral,1.144,1.317,31.1,29.1,39.9,30.7,5.4,8.0,40.3,6.7,9.0,44.1,55.9,"[{""score"": ""1 - 1"", ""pct"": 13.43}, {""score"": ""0 - 1"", ""pct"": 11.65}, {""score"": ""1 - 0"", ""pct"": 10.209999999999999}]"
Germany,France,Neutral,1.169,1.508,29.3,26.6,44.0,27.8,5.4,6.5,45.0,6.7,8.6,39.7,60.3,"[{""score"": ""1 - 1"", ""pct"": 11.700000000000001}, {""score"": ""0 - 1"", ""pct"": 10.57}, {""score"": ""1 - 2"", ""pct"": 9.04}]"
Germany,Uzbekistan,Neutral,1.471,1.027,46.9,27.5,25.6,46.4,7.1,9.3,25.8,4.6,6.8,62.8,37.2,"[{""score"": ""1 - 0"", ""pct"": 12.57}, {""score"": ""1 - 1"", ""pct"": 12.31}, {""score"": ""0 - 0"", ""pct"": 9.46}]"
Germany,Ecuador,Neutral,1.17,1.283,33.3,29.4,37.4,33.5,5.7,8.2,38.3,6.2,8.1,47.4,52.6,"[{""score"": ""1 - 1"", ""pct"": 13.370000000000001}, {""score"": ""0 - 1"", ""pct"": 10.79}, {""score"": ""1 - 0"", ""pct"": 9.959999999999999}]"
Germany,Qatar,Neutral,2.444,0.672,77.1,16.0,6.9,77.1,7.2,5.8,7.1,1.3,1.5,90.1,9.9,"[{""score"": ""2 - 0"", ""pct"": 14.44}, {""score"": ""1 - 0"", ""pct"": 11.83}, {""score"": ""3 - 0"", ""pct"": 10.35}]"
Germany,Ivory Coast,Neutral,1.623,1.026,50.6,26.4,23.0,51.0,7.6,8.4,23.0,4.3,5.6,67.1,32.9,"[{""score"": ""1 - 0"", ""pct"": 12.520000000000001}, {""score"": ""1 - 1"", ""pct"": 12.139999999999999}, {""score"": ""2 - 1"", ""pct"": 9.58}]"
Germany,England,Neutral,1.046,1.48,26.2,27.2,46.6,25.2,4.8,6.5,47.2,7.1,9.3,36.5,63.5,"[{""score"": ""1 - 1"", ""pct"": 12.42}, {""score"": ""0 - 1"", ""pct"": 11.5}, {""score"": ""1 - 2"", ""pct"": 9.33}]"
Germany,Cape Verde,Neutral,1.94,0.771,65.7,21.2,13.1,64.7,7.7,7.8,13.5,2.9,3.5,80.2,19.8,"[{""score"": ""1 - 0"", ""pct"": 13.41}, {""score"": ""2 - 0"", ""pct"": 12.25}, {""score"": ""2 - 1"", ""pct"": 10.07}]"
Germany,Panama,Neutral,1.624,1.092,49.1,26.2,24.7,48.6,7.7,8.4,24.9,4.5,5.8,64.7,35.3,"[{""score"": ""1 - 1"", ""pct"": 11.469999999999999}, {""score"": ""1 - 0"", ""pct"": 10.82}, {""score"": ""2 - 1"", ""pct"": 9.21}]"
Germany,Austria,Neutral,1.458,1.049,47.1,26.3,26.6,46.4,6.9,8.5,26.4,5.2,6.7,61.7,38.3,"[{""score"": ""1 - 0"", ""pct"": 12.53}, {""score"": ""1 - 1"", ""pct"": 12.2}, {""score"": ""2 - 1"", ""pct"": 8.98}]"
Germany,Belgium,Neutral,1.348,1.183,38.7,28.5,32.8,39.8,6.6,8.8,32.1,5.6,7.1,55.1,44.9,"[{""score"": ""1 - 1"", ""pct"": 13.059999999999999}, {""score"": ""1 - 0"", ""pct"": 10.54}, {""score"": ""0 - 1"", ""pct"": 9.71}]"
Germany,Egypt,Neutral,1.554,0.98,50.2,27.2,22.6,51.0,7.4,8.7,23.3,4.2,5.4,67.1,32.9,"[{""score"": ""1 - 0"", ""pct"": 12.790000000000001}, {""score"": ""1 - 1"", ""pct"": 12.7}, {""score"": ""2 - 1"", ""pct"": 9.180000000000001}]"
Germany,Iraq,Neutral,1.682,0.914,56.2,24.9,18.8,55.5,7.4,9.2,19.3,3.7,4.8,72.2,27.8,"[{""score"": ""1 - 0"", ""pct"": 13.04}, {""score"": ""1 - 1"", ""pct"": 11.44}, {""score"": ""2 - 1"", ""pct"": 10.57}]"
Germany,Switzerland,Neutral,1.38,1.18,41.6,27.4,30.9,40.6,6.8,8.1,31.6,5.7,7.3,55.4,44.6,"[{""score"": ""1 - 1"", ""pct"": 12.389999999999999}, {""score"": ""1 - 0"", ""pct"": 10.97}, {""score"": ""0 - 1"", ""pct"": 9.43}]"
Germany,Brazil,Neutral,1.164,1.506,28.4,26.1,45.5,27.9,5.0,6.8,45.1,7.0,8.3,39.6,60.4,"[{""score"": ""1 - 1"", ""pct"": 11.790000000000001}, {""score"": ""0 - 1"", ""pct"": 11.03}, {""score"": ""1 - 2"", ""pct"": 9.59}]"
Germany,United States,Neutral,1.731,1.053,52.5,25.1,22.4,52.7,7.2,8.3,22.7,4.0,5.1,68.2,31.8,"[{""score"": ""1 - 1"", ""pct"": 11.34}, {""score"": ""1 - 0"", ""pct"": 11.21}, {""score"": ""2 - 1"", ""pct"": 9.81}]"
Germany,Ghana,Neutral,1.988,0.713,67.6,20.9,11.5,67.6,7.5,8.1,11.2,2.3,3.3,83.2,16.8,"[{""score"": ""1 - 0"", ""pct"": 14.06}, {""score"": ""2 - 0"", ""pct"": 13.209999999999999}, {""score"": ""1 - 1"", ""pct"": 9.34}]"
Germany,Uruguay,Neutral,1.285,1.218,38.8,26.5,34.7,36.9,6.6,8.1,34.9,5.7,7.8,51.6,48.4,"[{""score"": ""1 - 1"", ""pct"": 11.86}, {""score"": ""1 - 0"", ""pct"": 10.95}, {""score"": ""0 - 1"", ""pct"": 10.14}]"
Germany,Portugal,Neutral,1.183,1.341,31.8,27.9,40.3,32.2,5.8,8.1,39.3,6.4,8.3,46.1,53.9,"[{""score"": ""1 - 1"", ""pct"": 12.41}, {""score"": ""0 - 1"", ""pct"": 11.33}, {""score"": ""0 - 0"", ""pct"": 9.27}]"
Germany,Algeria,Neutral,1.255,1.1,39.9,28.1,32.0,40.1,6.3,8.8,31.1,5.9,7.8,55.2,44.7,"[{""score"": ""1 - 1"", ""pct"": 12.31}, {""score"": ""1 - 0"", ""pct"": 11.92}, {""score"": ""0 - 0"", ""pct"": 10.549999999999999}]"
Germany,Spain,Neutral,1.069,1.729,22.2,24.8,53.0,22.6,3.8,4.9,53.0,7.1,8.6,31.3,68.7,"[{""score"": ""1 - 1"", ""pct"": 11.39}, {""score"": ""0 - 1"", ""pct"": 10.59}, {""score"": ""1 - 2"", ""pct"": 9.68}]"
Germany,Bosnia and Herzegovina,Neutral,2.272,0.698,73.8,17.5,8.7,73.7,7.0,6.9,8.4,1.7,2.3,87.6,12.4,"[{""score"": ""2 - 0"", ""pct"": 13.36}, {""score"": ""1 - 0"", ""pct"": 12.740000000000002}, {""score"": ""3 - 0"", ""pct"": 9.520000000000001}]"
Germany,South Africa,Neutral,1.866,0.742,64.3,22.5,13.3,64.4,7.4,9.1,13.3,2.5,3.3,80.9,19.1,"[{""score"": ""1 - 0"", ""pct"": 14.48}, {""score"": ""2 - 0"", ""pct"": 12.19}, {""score"": ""1 - 1"", ""pct"": 10.209999999999999}]"
Germany,DR Congo,Neutral,1.588,0.902,54.1,25.8,20.1,53.6,7.4,9.3,20.4,3.8,5.3,70.4,29.6,"[{""score"": ""1 - 0"", ""pct"": 14.069999999999999}, {""score"": ""1 - 1"", ""pct"": 11.68}, {""score"": ""2 - 0"", ""pct"": 10.32}]"
Germany,Croatia,Neutral,1.388,1.19,41.1,27.6,31.4,41.3,6.5,8.6,31.4,5.0,7.0,56.5,43.5,"[{""score"": ""1 - 1"", ""pct"": 12.35}, {""score"": ""1 - 0"", ""pct"": 10.86}, {""score"": ""2 - 1"", ""pct"": 8.72}]"
Germany,Norway,Neutral,1.347,1.194,39.0,27.8,33.2,39.9,6.6,8.5,31.9,5.5,7.6,55.0,45.0,"[{""score"": ""1 - 1"", ""pct"": 12.559999999999999}, {""score"": ""1 - 0"", ""pct"": 10.57}, {""score"": ""0 - 1"", ""pct"": 9.83}]"
Germany,Turkey,Neutral,1.337,1.161,40.1,28.2,31.8,40.6,6.3,8.5,31.8,5.7,7.1,55.5,44.5,"[{""score"": ""1 - 1"", ""pct"": 12.740000000000002}, {""score"": ""1 - 0"", ""pct"": 11.41}, {""score"": ""0 - 1"", ""pct"": 9.93}]"
Germany,Morocco,Neutral,1.175,1.331,32.4,28.5,39.1,32.1,5.6,7.9,39.2,7.0,8.2,45.6,54.4,"[{""score"": ""1 - 1"", ""pct"": 12.18}, {""score"": ""0 - 1"", ""pct"": 10.66}, {""score"": ""1 - 0"", ""pct"": 9.78}]"
Germany,Haiti,Neutral,1.779,0.946,56.8,23.8,19.4,57.2,7.2,8.7,18.5,3.6,4.8,73.1,26.9,"[{""score"": ""1 - 0"", ""pct"": 11.97}, {""score"": ""1 - 1"", ""pct"": 11.12}, {""score"": ""2 - 1"", ""pct"": 9.94}]"
Germany,South Korea,Neutral,1.369,1.142,41.7,28.5,29.8,41.7,6.9,8.8,30.6,5.2,6.9,57.3,42.7,"[{""score"": ""1 - 1"", ""pct"": 12.53}, {""score"": ""1 - 0"", ""pct"": 10.92}, {""score"": ""0 - 0"", ""pct"": 9.76}]"
Germany,Curaçao,Neutral,2.101,0.74,69.2,20.2,10.6,69.6,7.1,7.6,10.8,2.2,2.7,84.3,15.7,"[{""score"": ""2 - 0"", ""pct"": 12.659999999999998}, {""score"": ""1 - 0"", ""pct"": 12.4}, {""score"": ""2 - 1"", ""pct"": 9.94}]"
Germany,Paraguay,Neutral,1.365,1.121,42.4,27.3,30.3,41.5,6.8,9.0,30.0,5.3,7.4,57.3,42.7,"[{""score"": ""1 - 1"", ""pct"": 12.559999999999999}, {""score"": ""1 - 0"", ""pct"": 11.600000000000001}, {""score"": ""0 - 1"", ""pct"": 9.26}]"
Germany,Iran,Neutral,1.3,1.172,38.4,28.3,33.3,38.4,6.0,9.0,32.7,5.6,8.3,53.3,46.7,"[{""score"": ""1 - 1"", ""pct"": 12.590000000000002}, {""score"": ""1 - 0"", ""pct"": 10.67}, {""score"": ""0 - 1"", ""pct"": 10.440000000000001}]"
Canada,Jordan,Neutral,1.529,1.031,48.8,26.4,24.8,48.9,7.0,9.4,24.3,4.2,6.1,65.4,34.6,"[{""score"": ""1 - 0"", ""pct"": 12.67}, {""score"": ""1 - 1"", ""pct"": 12.17}, {""score"": ""2 - 1"", ""pct"": 9.67}]"
Canada,Australia,Neutral,1.117,1.203,32.9,30.2,37.0,34.0,5.9,8.1,37.0,6.2,8.8,48.0,52.0,"[{""score"": ""1 - 1"", ""pct"": 13.489999999999998}, {""score"": ""0 - 1"", ""pct"": 11.959999999999999}, {""score"": ""1 - 0"", ""pct"": 11.0}]"
Canada,Germany,Neutral,1.082,1.256,30.1,29.8,40.1,31.1,5.4,7.9,40.3,6.1,9.2,44.4,55.6,"[{""score"": ""1 - 1"", ""pct"": 13.44}, {""score"": ""0 - 1"", ""pct"": 11.89}, {""score"": ""0 - 0"", ""pct"": 10.92}]"
Canada,Czech Republic,Neutral,1.619,0.97,52.2,26.0,21.8,51.9,7.3,9.4,21.7,4.0,5.6,68.7,31.3,"[{""score"": ""1 - 0"", ""pct"": 12.53}, {""score"": ""1 - 1"", ""pct"": 11.83}, {""score"": ""2 - 1"", ""pct"": 9.83}]"
Canada,Saudi Arabia,Neutral,1.632,0.897,54.5,26.4,19.1,54.9,7.5,9.5,18.9,3.9,5.4,71.8,28.2,"[{""score"": ""1 - 0"", ""pct"": 13.58}, {""score"": ""1 - 1"", ""pct"": 11.95}, {""score"": ""2 - 0"", ""pct"": 10.42}]"
Canada,Mexico,Neutral,0.985,1.287,28.7,29.6,41.7,27.5,5.2,7.8,42.7,6.6,10.2,40.6,59.4,"[{""score"": ""0 - 1"", ""pct"": 13.139999999999999}, {""score"": ""1 - 1"", ""pct"": 12.690000000000001}, {""score"": ""0 - 0"", ""pct"": 11.57}]"
Canada,Argentina,Neutral,0.755,1.621,15.9,26.0,58.1,16.3,3.6,4.5,57.6,8.0,9.9,24.5,75.5,"[{""score"": ""0 - 1"", ""pct"": 15.73}, {""score"": ""0 - 2"", ""pct"": 11.52}, {""score"": ""1 - 1"", ""pct"": 11.4}]"
Canada,New Zealand,Neutral,1.673,0.945,55.4,24.7,19.9,54.6,7.4,8.8,20.4,4.0,4.8,70.8,29.2,"[{""score"": ""1 - 0"", ""pct"": 13.059999999999999}, {""score"": ""1 - 1"", ""pct"": 11.18}, {""score"": ""2 - 0"", ""pct"": 10.09}]"
Canada,Senegal,Neutral,1.171,1.206,34.4,28.9,36.8,34.5,6.0,8.3,36.4,5.9,9.0,48.8,51.2,"[{""score"": ""1 - 1"", ""pct"": 13.569999999999999}, {""score"": ""0 - 1"", ""pct"": 11.18}, {""score"": ""1 - 0"", ""pct"": 10.89}]"
Canada,Sweden,Neutral,1.731,0.961,55.5,24.7,19.8,55.4,7.2,9.0,19.7,3.7,5.1,71.6,28.4,"[{""score"": ""1 - 0"", ""pct"": 12.389999999999999}, {""score"": ""1 - 1"", ""pct"": 10.92}, {""score"": ""2 - 0"", ""pct"": 9.92}]"
Canada,Netherlands,Neutral,1.041,1.356,27.6,29.1,43.4,28.2,4.9,7.1,44.1,6.4,9.2,40.2,59.8,"[{""score"": ""0 - 1"", ""pct"": 12.76}, {""score"": ""1 - 1"", ""pct"": 12.629999999999999}, {""score"": ""0 - 0"", ""pct"": 10.530000000000001}]"
Canada,Tunisia,Neutral,1.469,0.94,49.5,27.7,22.9,48.6,7.5,10.2,22.8,4.5,6.4,66.3,33.7,"[{""score"": ""1 - 0"", ""pct"": 13.34}, {""score"": ""1 - 1"", ""pct"": 12.23}, {""score"": ""0 - 0"", ""pct"": 9.98}]"
Canada,Scotland,Neutral,1.466,0.986,47.3,27.9,24.9,48.3,7.0,9.2,24.1,4.7,6.8,64.5,35.5,"[{""score"": ""1 - 1"", ""pct"": 12.4}, {""score"": ""1 - 0"", ""pct"": 12.389999999999999}, {""score"": ""0 - 0"", ""pct"": 9.54}]"
Canada,Colombia,Neutral,1.048,1.46,25.8,27.7,46.5,25.8,5.1,6.5,46.0,7.3,9.2,37.4,62.6,"[{""score"": ""0 - 1"", ""pct"": 12.839999999999998}, {""score"": ""1 - 1"", ""pct"": 12.58}, {""score"": ""0 - 0"", ""pct"": 9.0}]"
Canada,Japan,Neutral,0.952,1.391,24.0,28.7,47.3,24.2,4.7,6.6,47.2,7.0,10.3,35.5,64.5,"[{""score"": ""0 - 1"", ""pct"": 13.56}, {""score"": ""1 - 1"", ""pct"": 13.19}, {""score"": ""0 - 0"", ""pct"": 10.41}]"
Canada,France,Neutral,0.992,1.519,23.4,27.1,49.5,23.4,4.6,6.5,49.4,7.1,9.0,34.6,65.4,"[{""score"": ""0 - 1"", ""pct"": 12.659999999999998}, {""score"": ""1 - 1"", ""pct"": 12.32}, {""score"": ""1 - 2"", ""pct"": 9.29}]"
Canada,Uzbekistan,Neutral,1.235,1.049,38.8,30.2,31.0,39.6,6.7,9.6,30.6,5.9,7.6,55.9,44.1,"[{""score"": ""1 - 1"", ""pct"": 14.04}, {""score"": ""1 - 0"", ""pct"": 12.18}, {""score"": ""0 - 0"", ""pct"": 11.16}]"
Canada,Ecuador,Neutral,0.983,1.314,27.4,28.8,43.8,27.6,5.2,7.5,43.4,7.0,9.3,40.3,59.7,"[{""score"": ""0 - 1"", ""pct"": 13.489999999999998}, {""score"": ""1 - 1"", ""pct"": 13.020000000000001}, {""score"": ""0 - 0"", ""pct"": 10.7}]"
Canada,Qatar,Neutral,1.998,0.666,68.6,20.8,10.5,70.1,7.5,7.8,10.3,1.9,2.4,85.4,14.6,"[{""score"": ""1 - 0"", ""pct"": 14.829999999999998}, {""score"": ""2 - 0"", ""pct"": 13.420000000000002}, {""score"": ""1 - 1"", ""pct"": 9.36}]"
Canada,Ivory Coast,Neutral,1.345,0.976,44.7,28.8,26.5,44.2,7.2,9.9,26.5,4.7,7.5,61.3,38.7,"[{""score"": ""1 - 0"", ""pct"": 13.170000000000002}, {""score"": ""1 - 1"", ""pct"": 12.809999999999999}, {""score"": ""0 - 0"", ""pct"": 10.69}]"
Canada,England,Neutral,0.932,1.48,23.0,26.6,50.4,22.5,4.4,6.0,48.8,8.0,10.2,32.9,67.1,"[{""score"": ""0 - 1"", ""pct"": 13.79}, {""score"": ""1 - 1"", ""pct"": 11.85}, {""score"": ""0 - 0"", ""pct"": 9.78}]"
Canada,Cape Verde,Neutral,1.733,0.771,60.5,24.0,15.5,60.3,7.7,9.8,14.7,3.2,4.4,77.7,22.3,"[{""score"": ""1 - 0"", ""pct"": 13.96}, {""score"": ""2 - 0"", ""pct"": 11.83}, {""score"": ""1 - 1"", ""pct"": 10.81}]"
Canada,Panama,Neutral,1.351,1.131,41.0,28.2,30.7,40.3,7.1,8.8,31.1,5.7,7.0,56.2,43.8,"[{""score"": ""1 - 1"", ""pct"": 12.82}, {""score"": ""1 - 0"", ""pct"": 11.83}, {""score"": ""0 - 1"", ""pct"": 9.370000000000001}]"
Canada,Austria,Neutral,1.295,1.033,42.2,29.2,28.7,41.7,7.0,9.4,28.8,5.2,8.0,58.1,41.9,"[{""score"": ""1 - 1"", ""pct"": 13.020000000000001}, {""score"": ""1 - 0"", ""pct"": 12.97}, {""score"": ""0 - 0"", ""pct"": 10.780000000000001}]"
Canada,Belgium,Neutral,1.138,1.212,33.3,29.3,37.4,32.8,6.3,8.4,37.8,6.2,8.6,47.4,52.6,"[{""score"": ""1 - 1"", ""pct"": 13.22}, {""score"": ""0 - 1"", ""pct"": 11.16}, {""score"": ""1 - 0"", ""pct"": 10.6}]"
Canada,Egypt,Neutral,1.322,0.925,45.1,30.4,24.5,44.9,6.6,10.7,25.7,4.9,7.2,62.2,37.8,"[{""score"": ""1 - 0"", ""pct"": 13.719999999999999}, {""score"": ""1 - 1"", ""pct"": 13.52}, {""score"": ""0 - 0"", ""pct"": 11.95}]"
Canada,Iraq,Neutral,1.421,0.911,48.7,28.6,22.7,49.2,7.2,10.5,22.2,4.7,6.1,67.0,33.0,"[{""score"": ""1 - 0"", ""pct"": 13.84}, {""score"": ""1 - 1"", ""pct"": 13.01}, {""score"": ""0 - 0"", ""pct"": 10.48}]"
Canada,Switzerland,Neutral,1.187,1.204,35.4,28.8,35.8,34.9,6.0,8.9,36.1,5.7,8.4,49.9,50.1,"[{""score"": ""1 - 1"", ""pct"": 12.72}, {""score"": ""0 - 1"", ""pct"": 10.9}, {""score"": ""1 - 0"", ""pct"": 10.77}]"
Canada,Brazil,Neutral,1.054,1.508,25.4,27.0,47.6,25.3,4.9,6.4,47.3,7.3,8.8,36.5,63.5,"[{""score"": ""1 - 1"", ""pct"": 12.25}, {""score"": ""0 - 1"", ""pct"": 11.74}, {""score"": ""1 - 2"", ""pct"": 9.54}]"
Canada,United States,Neutral,1.484,1.028,47.7,26.3,25.9,48.0,7.3,8.8,25.2,4.6,6.0,64.1,35.9,"[{""score"": ""1 - 0"", ""pct"": 12.33}, {""score"": ""1 - 1"", ""pct"": 11.78}, {""score"": ""2 - 1"", ""pct"": 9.55}]"
Canada,Ghana,Neutral,1.75,0.719,62.8,22.8,14.4,62.5,7.8,9.4,14.2,2.4,3.8,79.6,20.4,"[{""score"": ""1 - 0"", ""pct"": 14.85}, {""score"": ""2 - 0"", ""pct"": 13.209999999999999}, {""score"": ""1 - 1"", ""pct"": 10.17}]"
Canada,Uruguay,Neutral,1.06,1.189,31.6,30.0,38.4,31.9,5.1,8.4,38.2,6.7,9.7,45.4,54.6,"[{""score"": ""1 - 1"", ""pct"": 13.350000000000001}, {""score"": ""0 - 1"", ""pct"": 12.690000000000001}, {""score"": ""0 - 0"", ""pct"": 11.540000000000001}]"
Canada,Portugal,Neutral,1.045,1.422,26.3,28.6,45.1,27.2,4.7,6.8,44.8,7.0,9.6,38.6,61.4,"[{""score"": ""1 - 1"", ""pct"": 13.15}, {""score"": ""0 - 1"", ""pct"": 12.120000000000001}, {""score"": ""0 - 0"", ""pct"": 9.48}]"
Canada,Algeria,Neutral,1.096,1.153,33.3,30.3,36.4,33.8,5.6,8.3,36.6,6.1,9.6,47.7,52.3,"[{""score"": ""1 - 1"", ""pct"": 13.58}, {""score"": ""0 - 1"", ""pct"": 12.75}, {""score"": ""1 - 0"", ""pct"": 11.68}]"
Canada,Spain,Neutral,0.768,1.644,16.1,25.4,58.6,16.6,3.2,4.5,58.0,7.5,10.2,24.3,75.7,"[{""score"": ""0 - 1"", ""pct"": 14.979999999999999}, {""score"": ""0 - 2"", ""pct"": 12.030000000000001}, {""score"": ""1 - 1"", ""pct"": 11.600000000000001}]"
Canada,Bosnia and Herzegovina,Neutral,1.878,0.679,66.0,21.8,12.2,65.6,7.5,9.0,12.1,2.3,3.5,82.1,17.9,"[{""score"": ""1 - 0"", ""pct"": 15.2}, {""score"": ""2 - 0"", ""pct"": 13.03}, {""score"": ""1 - 1"", ""pct"": 9.950000000000001}]"
Canada,South Africa,Neutral,1.669,0.812,57.5,24.9,17.5,57.7,7.8,9.5,16.4,3.4,5.2,75.0,25.0,"[{""score"": ""1 - 0"", ""pct"": 14.2}, {""score"": ""2 - 0"", ""pct"": 11.14}, {""score"": ""1 - 1"", ""pct"": 10.85}]"
Canada,DR Congo,Neutral,1.374,0.89,48.4,28.4,23.2,48.0,7.1,10.0,23.6,4.4,6.9,65.1,34.9,"[{""score"": ""1 - 0"", ""pct"": 14.41}, {""score"": ""1 - 1"", ""pct"": 12.27}, {""score"": ""0 - 0"", ""pct"": 11.66}]"
Canada,Croatia,Neutral,1.151,1.217,34.1,29.4,36.5,33.5,6.0,7.9,36.8,6.7,9.3,47.3,52.7,"[{""score"": ""1 - 1"", ""pct"": 13.270000000000001}, {""score"": ""0 - 1"", ""pct"": 11.04}, {""score"": ""0 - 0"", ""pct"": 10.68}]"
Canada,Norway,Neutral,1.142,1.236,32.8,29.4,37.8,32.9,5.5,8.6,37.3,6.4,9.3,47.0,53.0,"[{""score"": ""1 - 1"", ""pct"": 12.86}, {""score"": ""0 - 1"", ""pct"": 11.57}, {""score"": ""0 - 0"", ""pct"": 10.6}]"
Canada,Turkey,Neutral,1.112,1.204,32.7,29.4,37.9,32.9,5.8,8.6,37.3,6.2,9.3,47.3,52.7,"[{""score"": ""1 - 1"", ""pct"": 13.13}, {""score"": ""0 - 1"", ""pct"": 11.459999999999999}, {""score"": ""0 - 0"", ""pct"": 11.09}]"
Canada,Morocco,Neutral,0.972,1.375,25.1,29.3,45.6,25.3,4.5,7.2,46.4,6.5,10.1,37.0,63.0,"[{""score"": ""0 - 1"", ""pct"": 13.62}, {""score"": ""1 - 1"", ""pct"": 13.23}, {""score"": ""0 - 0"", ""pct"": 10.9}]"
Canada,Haiti,Neutral,1.558,0.953,51.8,25.8,22.4,51.7,7.3,9.6,22.0,3.8,5.7,68.5,31.5,"[{""score"": ""1 - 0"", ""pct"": 13.62}, {""score"": ""1 - 1"", ""pct"": 11.67}, {""score"": ""2 - 0"", ""pct"": 9.42}]"
Canada,South Korea,Neutral,1.191,1.204,34.8,29.5,35.7,35.2,5.9,8.2,36.2,6.1,8.5,49.3,50.7,"[{""score"": ""1 - 1"", ""pct"": 13.33}, {""score"": ""0 - 1"", ""pct"": 11.33}, {""score"": ""1 - 0"", ""pct"": 10.72}]"
Canada,Curaçao,Neutral,1.877,0.743,64.5,22.5,13.0,64.6,7.6,8.8,13.0,2.6,3.3,81.1,18.9,"[{""score"": ""1 - 0"", ""pct"": 13.86}, {""score"": ""2 - 0"", ""pct"": 12.709999999999999}, {""score"": ""1 - 1"", ""pct"": 9.78}]"
Canada,Paraguay,Neutral,1.207,1.14,36.9,29.9,33.2,37.0,6.2,9.0,33.7,5.1,8.9,52.2,47.8,"[{""score"": ""1 - 1"", ""pct"": 13.4}, {""score"": ""1 - 0"", ""pct"": 11.540000000000001}, {""score"": ""0 - 0"", ""pct"": 10.76}]"
Canada,Iran,Neutral,1.124,1.212,33.8,29.5,36.8,33.0,6.0,8.3,37.4,6.5,8.8,47.3,52.7,"[{""score"": ""1 - 1"", ""pct"": 13.63}, {""score"": ""0 - 1"", ""pct"": 11.82}, {""score"": ""1 - 0"", ""pct"": 11.49}]"
Czech Republic,Jordan,Neutral,1.246,1.49,30.7,27.3,42.0,30.0,5.5,6.6,43.0,6.7,8.2,42.1,57.9,"[{""score"": ""1 - 1"", ""pct"": 12.989999999999998}, {""score"": ""0 - 1"", ""pct"": 9.99}, {""score"": ""1 - 2"", ""pct"": 8.89}]"
Czech Republic,Australia,Neutral,1.008,1.666,21.4,25.9,52.7,22.3,4.2,5.1,52.1,7.2,9.0,31.6,68.4,"[{""score"": ""1 - 1"", ""pct"": 11.88}, {""score"": ""0 - 1"", ""pct"": 11.37}, {""score"": ""1 - 2"", ""pct"": 9.9}]"
Czech Republic,Germany,Neutral,0.958,1.873,17.7,22.6,59.7,17.3,3.5,4.4,59.3,7.8,7.6,25.3,74.7,"[{""score"": ""0 - 1"", ""pct"": 11.700000000000001}, {""score"": ""1 - 1"", ""pct"": 10.16}, {""score"": ""1 - 2"", ""pct"": 10.059999999999999}]"
Czech Republic,Canada,Neutral,0.97,1.619,21.3,26.6,52.1,21.9,3.8,5.5,51.9,7.6,9.2,31.2,68.8,"[{""score"": ""0 - 1"", ""pct"": 12.15}, {""score"": ""1 - 1"", ""pct"": 11.87}, {""score"": ""1 - 2"", ""pct"": 9.92}]"
Czech Republic,Saudi Arabia,Neutral,1.32,1.163,40.0,28.4,31.6,39.4,6.6,8.6,31.7,5.9,7.8,54.6,45.4,"[{""score"": ""1 - 1"", ""pct"": 12.82}, {""score"": ""1 - 0"", ""pct"": 11.15}, {""score"": ""0 - 1"", ""pct"": 9.76}]"
Czech Republic,Mexico,Neutral,0.914,1.735,18.5,24.8,56.7,18.5,3.4,4.6,56.8,7.9,8.8,26.5,73.5,"[{""score"": ""0 - 1"", ""pct"": 12.19}, {""score"": ""1 - 1"", ""pct"": 11.31}, {""score"": ""0 - 2"", ""pct"": 10.979999999999999}]"
Czech Republic,Argentina,Neutral,0.811,2.067,12.4,20.6,67.0,12.3,2.6,2.9,67.9,6.9,7.5,17.7,82.3,"[{""score"": ""0 - 1"", ""pct"": 12.41}, {""score"": ""0 - 2"", ""pct"": 11.709999999999999}, {""score"": ""1 - 2"", ""pct"": 9.62}]"
Czech Republic,New Zealand,Neutral,1.339,1.247,38.6,27.8,33.7,38.8,6.2,7.9,33.6,5.8,7.7,52.9,47.1,"[{""score"": ""1 - 1"", ""pct"": 12.629999999999999}, {""score"": ""1 - 0"", ""pct"": 10.549999999999999}, {""score"": ""0 - 1"", ""pct"": 9.55}]"
Czech Republic,Senegal,Neutral,1.031,1.696,22.2,24.9,52.9,21.9,4.5,5.3,52.1,7.8,8.3,31.8,68.2,"[{""score"": ""1 - 1"", ""pct"": 11.53}, {""score"": ""0 - 1"", ""pct"": 11.34}, {""score"": ""1 - 2"", ""pct"": 9.25}]"
Czech Republic,Sweden,Neutral,1.38,1.24,39.5,27.4,33.1,39.7,6.5,8.1,32.6,5.8,7.2,54.4,45.6,"[{""score"": ""1 - 1"", ""pct"": 12.47}, {""score"": ""1 - 0"", ""pct"": 10.190000000000001}, {""score"": ""0 - 1"", ""pct"": 9.25}]"
Czech Republic,Netherlands,Neutral,0.926,1.772,17.8,23.5,58.8,18.9,3.2,4.6,56.8,7.9,8.6,26.7,73.3,"[{""score"": ""0 - 1"", ""pct"": 12.690000000000001}, {""score"": ""0 - 2"", ""pct"": 10.549999999999999}, {""score"": ""1 - 1"", ""pct"": 10.530000000000001}]"
Czech Republic,Tunisia,Neutral,1.186,1.244,34.6,27.8,37.6,34.5,6.1,8.1,37.0,5.7,8.6,48.7,51.3,"[{""score"": ""1 - 1"", ""pct"": 12.94}, {""score"": ""0 - 1"", ""pct"": 11.020000000000001}, {""score"": ""1 - 0"", ""pct"": 10.72}]"
Czech Republic,Scotland,Neutral,1.136,1.365,30.4,27.9,41.7,30.4,5.1,7.5,41.5,6.6,8.8,43.0,57.0,"[{""score"": ""1 - 1"", ""pct"": 12.790000000000001}, {""score"": ""0 - 1"", ""pct"": 11.73}, {""score"": ""0 - 0"", ""pct"": 9.13}]"
Czech Republic,Colombia,Neutral,0.904,1.829,17.6,23.4,59.0,16.7,3.3,4.3,59.8,7.3,8.5,24.4,75.6,"[{""score"": ""0 - 1"", ""pct"": 12.27}, {""score"": ""1 - 1"", ""pct"": 10.66}, {""score"": ""0 - 2"", ""pct"": 10.45}]"
Czech Republic,Japan,Neutral,0.916,1.817,18.1,24.4,57.5,17.7,3.4,4.3,59.0,7.2,8.4,25.4,74.6,"[{""score"": ""0 - 1"", ""pct"": 11.76}, {""score"": ""1 - 1"", ""pct"": 11.34}, {""score"": ""0 - 2"", ""pct"": 10.2}]"
Czech Republic,France,Neutral,0.903,1.876,17.0,22.7,60.3,17.0,3.2,4.0,60.0,7.4,8.4,24.2,75.8,"[{""score"": ""0 - 1"", ""pct"": 12.25}, {""score"": ""0 - 2"", ""pct"": 10.81}, {""score"": ""1 - 1"", ""pct"": 10.59}]"
Czech Republic,Uzbekistan,Neutral,1.024,1.48,25.0,26.8,48.3,25.3,4.7,5.8,47.6,7.0,9.6,35.9,64.1,"[{""score"": ""0 - 1"", ""pct"": 13.0}, {""score"": ""1 - 1"", ""pct"": 12.1}, {""score"": ""1 - 2"", ""pct"": 9.46}]"
Czech Republic,Ecuador,Neutral,0.923,1.741,19.3,23.8,56.9,18.8,3.7,4.7,56.4,7.7,8.6,27.2,72.8,"[{""score"": ""0 - 1"", ""pct"": 12.3}, {""score"": ""0 - 2"", ""pct"": 10.85}, {""score"": ""1 - 1"", ""pct"": 10.31}]"
Czech Republic,Qatar,Neutral,1.752,0.967,55.0,24.6,20.3,56.4,7.3,8.6,19.1,3.5,5.1,72.3,27.7,"[{""score"": ""1 - 0"", ""pct"": 11.77}, {""score"": ""1 - 1"", ""pct"": 10.7}, {""score"": ""2 - 1"", ""pct"": 9.790000000000001}]"
Czech Republic,Ivory Coast,Neutral,1.068,1.365,28.4,29.0,42.5,28.0,5.3,7.1,43.4,6.7,9.6,40.3,59.7,"[{""score"": ""1 - 1"", ""pct"": 13.23}, {""score"": ""0 - 1"", ""pct"": 12.08}, {""score"": ""0 - 0"", ""pct"": 9.85}]"
Czech Republic,England,Neutral,0.86,1.861,14.8,22.5,62.6,15.8,3.0,3.8,61.1,7.4,8.9,22.5,77.5,"[{""score"": ""0 - 1"", ""pct"": 13.16}, {""score"": ""0 - 2"", ""pct"": 11.24}, {""score"": ""1 - 1"", ""pct"": 10.530000000000001}]"
Czech Republic,Cape Verde,Neutral,1.454,1.061,46.1,28.0,26.0,45.9,7.1,9.0,26.3,5.0,6.6,62.0,38.0,"[{""score"": ""1 - 1"", ""pct"": 12.950000000000001}, {""score"": ""1 - 0"", ""pct"": 12.31}, {""score"": ""0 - 0"", ""pct"": 9.08}]"
Czech Republic,Panama,Neutral,1.106,1.558,26.3,26.6,47.0,25.5,4.8,5.7,48.2,7.2,8.6,36.0,64.0,"[{""score"": ""1 - 1"", ""pct"": 12.030000000000001}, {""score"": ""0 - 1"", ""pct"": 10.94}, {""score"": ""1 - 2"", ""pct"": 9.69}]"
Czech Republic,Austria,Neutral,1.007,1.523,24.0,26.6,49.5,23.7,4.4,6.0,49.6,6.9,9.2,34.2,65.8,"[{""score"": ""0 - 1"", ""pct"": 12.42}, {""score"": ""1 - 1"", ""pct"": 11.87}, {""score"": ""0 - 2"", ""pct"": 9.379999999999999}]"
Czech Republic,Belgium,Neutral,1.022,1.698,21.6,25.2,53.2,22.1,4.1,4.8,53.2,7.3,8.6,31.0,69.0,"[{""score"": ""0 - 1"", ""pct"": 11.600000000000001}, {""score"": ""1 - 1"", ""pct"": 11.52}, {""score"": ""1 - 2"", ""pct"": 9.78}]"
Czech Republic,Egypt,Neutral,1.063,1.311,29.3,29.0,41.7,29.3,5.2,7.2,42.3,7.0,8.9,41.7,58.3,"[{""score"": ""1 - 1"", ""pct"": 13.239999999999998}, {""score"": ""0 - 1"", ""pct"": 12.9}, {""score"": ""0 - 0"", ""pct"": 10.16}]"
Czech Republic,Iraq,Neutral,1.17,1.202,33.1,30.5,36.4,35.1,5.7,8.2,37.0,5.9,8.1,49.0,51.0,"[{""score"": ""1 - 1"", ""pct"": 13.819999999999999}, {""score"": ""0 - 1"", ""pct"": 11.42}, {""score"": ""1 - 0"", ""pct"": 10.65}]"
Czech Republic,Switzerland,Neutral,1.03,1.691,22.0,25.5,52.5,22.3,3.8,5.3,52.3,7.7,8.6,31.4,68.6,"[{""score"": ""1 - 1"", ""pct"": 11.790000000000001}, {""score"": ""0 - 1"", ""pct"": 11.64}, {""score"": ""1 - 2"", ""pct"": 10.100000000000001}]"
Czech Republic,Brazil,Neutral,0.916,1.942,15.6,22.6,61.9,16.1,3.2,3.6,61.6,7.8,7.6,22.9,77.1,"[{""score"": ""0 - 1"", ""pct"": 11.92}, {""score"": ""0 - 2"", ""pct"": 10.91}, {""score"": ""1 - 1"", ""pct"": 10.32}]"
Czech Republic,United States,Neutral,1.121,1.51,27.0,26.6,46.4,27.1,4.7,6.7,45.8,7.1,8.6,38.5,61.5,"[{""score"": ""1 - 1"", ""pct"": 12.26}, {""score"": ""0 - 1"", ""pct"": 11.600000000000001}, {""score"": ""1 - 2"", ""pct"": 8.870000000000001}]"
Czech Republic,Ghana,Neutral,1.465,0.995,47.9,27.4,24.7,47.8,7.1,9.4,24.8,4.6,6.3,64.3,35.7,"[{""score"": ""1 - 1"", ""pct"": 12.65}, {""score"": ""1 - 0"", ""pct"": 12.47}, {""score"": ""2 - 1"", ""pct"": 9.42}]"
Czech Republic,Uruguay,Neutral,0.937,1.689,19.2,25.7,55.2,19.9,3.5,5.2,54.8,7.6,9.0,28.6,71.4,"[{""score"": ""0 - 1"", ""pct"": 12.83}, {""score"": ""1 - 1"", ""pct"": 11.33}, {""score"": ""1 - 2"", ""pct"": 9.81}]"
Czech Republic,Portugal,Neutral,0.941,1.834,17.7,23.5,58.8,18.7,3.3,4.3,58.0,7.2,8.6,26.3,73.7,"[{""score"": ""0 - 1"", ""pct"": 12.19}, {""score"": ""1 - 1"", ""pct"": 10.96}, {""score"": ""0 - 2"", ""pct"": 10.61}]"
Czech Republic,Algeria,Neutral,0.97,1.649,21.7,25.1,53.2,21.4,3.9,5.2,52.3,7.8,9.4,30.5,69.5,"[{""score"": ""0 - 1"", ""pct"": 12.520000000000001}, {""score"": ""1 - 1"", ""pct"": 11.65}, {""score"": ""1 - 2"", ""pct"": 9.879999999999999}]"
Czech Republic,Spain,Neutral,0.833,2.076,13.1,20.5,66.4,13.0,2.5,2.8,66.9,7.2,7.6,18.3,81.7,"[{""score"": ""0 - 1"", ""pct"": 11.959999999999999}, {""score"": ""0 - 2"", ""pct"": 11.82}, {""score"": ""1 - 2"", ""pct"": 9.64}]"
Czech Republic,Bosnia and Herzegovina,Neutral,1.646,1.015,52.1,25.4,22.4,52.6,7.3,8.8,22.0,4.0,5.3,68.7,31.3,"[{""score"": ""1 - 1"", ""pct"": 11.48}, {""score"": ""1 - 0"", ""pct"": 11.4}, {""score"": ""2 - 1"", ""pct"": 9.6}]"
Czech Republic,South Africa,Neutral,1.419,1.055,45.6,28.1,26.3,44.6,7.1,9.5,27.5,4.5,6.9,61.1,38.9,"[{""score"": ""1 - 1"", ""pct"": 12.24}, {""score"": ""1 - 0"", ""pct"": 12.23}, {""score"": ""2 - 1"", ""pct"": 9.75}]"
Czech Republic,DR Congo,Neutral,1.094,1.162,33.2,29.8,37.0,33.0,5.8,9.0,36.6,6.3,9.3,47.8,52.2,"[{""score"": ""1 - 1"", ""pct"": 13.270000000000001}, {""score"": ""0 - 1"", ""pct"": 12.31}, {""score"": ""0 - 0"", ""pct"": 11.600000000000001}]"
Czech Republic,Croatia,Neutral,1.0,1.689,20.9,25.5,53.5,21.2,3.7,5.5,53.5,7.6,8.6,30.3,69.7,"[{""score"": ""1 - 1"", ""pct"": 12.07}, {""score"": ""0 - 1"", ""pct"": 12.04}, {""score"": ""0 - 2"", ""pct"": 10.03}]"
Czech Republic,Norway,Neutral,1.016,1.711,21.5,24.4,54.1,21.1,4.1,4.8,53.6,7.6,8.8,30.0,70.0,"[{""score"": ""1 - 1"", ""pct"": 11.110000000000001}, {""score"": ""0 - 1"", ""pct"": 10.979999999999999}, {""score"": ""1 - 2"", ""pct"": 9.78}]"
Czech Republic,Turkey,Neutral,1.003,1.698,20.9,25.2,53.9,21.5,4.2,5.1,53.4,7.5,8.3,30.8,69.2,"[{""score"": ""0 - 1"", ""pct"": 11.84}, {""score"": ""1 - 1"", ""pct"": 11.27}, {""score"": ""0 - 2"", ""pct"": 9.54}]"
Czech Republic,Morocco,Neutral,0.901,1.87,17.5,22.5,60.0,17.1,3.1,4.5,60.5,7.2,7.6,24.7,75.3,"[{""score"": ""0 - 1"", ""pct"": 12.07}, {""score"": ""0 - 2"", ""pct"": 10.84}, {""score"": ""1 - 2"", ""pct"": 10.03}]"
Czech Republic,Haiti,Neutral,1.208,1.252,34.3,29.0,36.7,34.7,6.3,8.0,36.4,6.1,8.5,49.0,51.0,"[{""score"": ""1 - 1"", ""pct"": 13.530000000000001}, {""score"": ""0 - 1"", ""pct"": 10.979999999999999}, {""score"": ""1 - 0"", ""pct"": 10.489999999999998}]"
Czech Republic,South Korea,Neutral,1.049,1.683,23.4,25.0,51.6,22.3,4.2,5.3,52.2,7.7,8.3,31.8,68.2,"[{""score"": ""1 - 1"", ""pct"": 11.25}, {""score"": ""0 - 1"", ""pct"": 11.219999999999999}, {""score"": ""1 - 2"", ""pct"": 9.58}]"
Czech Republic,Curaçao,Neutral,1.585,1.055,49.1,26.3,24.6,49.9,7.5,8.6,23.5,4.5,6.0,65.9,34.1,"[{""score"": ""1 - 1"", ""pct"": 12.139999999999999}, {""score"": ""1 - 0"", ""pct"": 11.85}, {""score"": ""2 - 1"", ""pct"": 9.24}]"
Czech Republic,Paraguay,Neutral,1.041,1.632,23.0,26.5,50.5,22.6,4.3,6.0,51.1,7.4,8.7,32.8,67.2,"[{""score"": ""1 - 1"", ""pct"": 11.92}, {""score"": ""0 - 1"", ""pct"": 11.57}, {""score"": ""1 - 2"", ""pct"": 9.629999999999999}]"
Czech Republic,Iran,Neutral,1.006,1.722,20.8,24.6,54.7,20.3,3.8,5.3,55.2,7.2,8.2,29.4,70.6,"[{""score"": ""0 - 1"", ""pct"": 11.29}, {""score"": ""1 - 1"", ""pct"": 11.219999999999999}, {""score"": ""1 - 2"", ""pct"": 9.92}]"
Saudi Arabia,Jordan,Neutral,1.186,1.524,28.3,26.8,45.0,28.7,5.3,6.1,44.9,7.1,7.9,40.1,59.9,"[{""score"": ""1 - 1"", ""pct"": 12.61}, {""score"": ""0 - 1"", ""pct"": 10.23}, {""score"": ""1 - 2"", ""pct"": 8.68}]"
Saudi Arabia,Australia,Neutral,0.889,1.727,18.2,25.2,56.6,17.6,3.3,4.6,57.8,7.5,9.3,25.5,74.5,"[{""score"": ""0 - 1"", ""pct"": 13.54}, {""score"": ""1 - 1"", ""pct"": 11.63}, {""score"": ""0 - 2"", ""pct"": 10.02}]"
Saudi Arabia,Germany,Neutral,0.865,1.911,15.5,22.1,62.4,15.5,2.9,3.9,62.0,7.5,8.1,22.3,77.7,"[{""score"": ""0 - 1"", ""pct"": 12.44}, {""score"": ""0 - 2"", ""pct"": 11.15}, {""score"": ""1 - 1"", ""pct"": 10.17}]"
Saudi Arabia,Canada,Neutral,0.897,1.632,19.4,26.1,54.5,19.8,3.9,5.0,54.9,7.2,9.2,28.7,71.3,"[{""score"": ""0 - 1"", ""pct"": 13.819999999999999}, {""score"": ""1 - 1"", ""pct"": 12.1}, {""score"": ""0 - 2"", ""pct"": 10.25}]"
Saudi Arabia,Czech Republic,Neutral,1.163,1.32,33.0,27.3,39.7,33.2,5.7,7.5,38.6,6.5,8.5,46.4,53.6,"[{""score"": ""1 - 1"", ""pct"": 12.21}, {""score"": ""0 - 1"", ""pct"": 10.879999999999999}, {""score"": ""1 - 0"", ""pct"": 10.01}]"
Saudi Arabia,Mexico,Neutral,0.744,1.747,13.9,24.2,61.8,14.8,2.9,4.0,61.4,7.1,9.7,21.7,78.3,"[{""score"": ""0 - 1"", ""pct"": 14.75}, {""score"": ""0 - 2"", ""pct"": 12.4}, {""score"": ""1 - 1"", ""pct"": 10.8}]"
Saudi Arabia,Argentina,Neutral,0.64,2.208,8.3,17.8,73.9,8.3,1.6,2.2,74.2,6.8,6.9,12.1,87.9,"[{""score"": ""0 - 2"", ""pct"": 13.750000000000002}, {""score"": ""0 - 1"", ""pct"": 13.239999999999998}, {""score"": ""0 - 3"", ""pct"": 10.209999999999999}]"
Saudi Arabia,New Zealand,Neutral,1.215,1.283,34.2,28.2,37.6,34.2,5.6,7.9,37.5,6.1,8.6,47.8,52.2,"[{""score"": ""1 - 1"", ""pct"": 12.75}, {""score"": ""0 - 1"", ""pct"": 10.91}, {""score"": ""1 - 0"", ""pct"": 10.22}]"
Saudi Arabia,Senegal,Neutral,0.943,1.696,20.1,24.7,55.2,20.2,3.6,4.9,54.9,7.6,8.9,28.6,71.4,"[{""score"": ""0 - 1"", ""pct"": 12.27}, {""score"": ""1 - 1"", ""pct"": 11.020000000000001}, {""score"": ""1 - 2"", ""pct"": 10.37}]"
Saudi Arabia,Sweden,Neutral,1.264,1.293,35.5,27.8,36.7,35.0,5.6,7.8,37.2,6.4,8.0,48.4,51.6,"[{""score"": ""1 - 1"", ""pct"": 12.73}, {""score"": ""1 - 0"", ""pct"": 9.73}, {""score"": ""0 - 1"", ""pct"": 9.629999999999999}]"
Saudi Arabia,Netherlands,Neutral,0.793,1.812,15.0,23.3,61.7,15.3,3.2,4.1,61.1,7.5,8.9,22.6,77.4,"[{""score"": ""0 - 1"", ""pct"": 13.52}, {""score"": ""0 - 2"", ""pct"": 12.32}, {""score"": ""1 - 1"", ""pct"": 10.69}]"
Saudi Arabia,Tunisia,Neutral,1.074,1.301,29.9,28.1,42.0,29.7,5.5,7.8,40.6,6.7,9.7,43.0,57.0,"[{""score"": ""1 - 1"", ""pct"": 12.920000000000002}, {""score"": ""0 - 1"", ""pct"": 12.31}, {""score"": ""1 - 0"", ""pct"": 9.85}]"
Saudi Arabia,Scotland,Neutral,1.033,1.487,25.2,28.0,46.8,24.9,4.6,6.3,47.6,7.1,9.6,35.8,64.2,"[{""score"": ""0 - 1"", ""pct"": 12.520000000000001}, {""score"": ""1 - 1"", ""pct"": 12.36}, {""score"": ""0 - 0"", ""pct"": 9.55}]"
Saudi Arabia,Colombia,Neutral,0.757,1.875,13.5,22.5,64.1,13.3,2.4,3.4,64.6,7.6,8.8,19.1,80.9,"[{""score"": ""0 - 1"", ""pct"": 13.719999999999999}, {""score"": ""0 - 2"", ""pct"": 12.65}, {""score"": ""1 - 1"", ""pct"": 10.42}]"
Saudi Arabia,Japan,Neutral,0.691,1.837,12.5,22.3,65.1,12.5,2.4,3.5,64.8,7.8,9.1,18.3,81.7,"[{""score"": ""0 - 1"", ""pct"": 15.440000000000001}, {""score"": ""0 - 2"", ""pct"": 13.530000000000001}, {""score"": ""1 - 1"", ""pct"": 9.5}]"
Saudi Arabia,France,Neutral,0.731,2.076,11.2,20.1,68.6,11.0,2.1,2.7,69.1,7.5,7.6,15.8,84.2,"[{""score"": ""0 - 2"", ""pct"": 13.58}, {""score"": ""0 - 1"", ""pct"": 12.73}, {""score"": ""1 - 2"", ""pct"": 9.5}]"
Saudi Arabia,Uzbekistan,Neutral,0.986,1.547,23.5,26.7,49.8,23.4,4.4,5.7,50.7,7.1,8.8,33.4,66.6,"[{""score"": ""0 - 1"", ""pct"": 12.26}, {""score"": ""1 - 1"", ""pct"": 12.09}, {""score"": ""1 - 2"", ""pct"": 9.98}]"
Saudi Arabia,Ecuador,Neutral,0.722,1.753,13.5,23.9,62.5,13.6,2.9,4.0,62.5,7.2,9.8,20.5,79.5,"[{""score"": ""0 - 1"", ""pct"": 15.310000000000002}, {""score"": ""0 - 2"", ""pct"": 12.659999999999998}, {""score"": ""1 - 1"", ""pct"": 10.41}]"
Saudi Arabia,Qatar,Neutral,1.629,0.963,52.8,25.7,21.5,53.3,7.6,9.0,20.7,4.0,5.5,69.8,30.2,"[{""score"": ""1 - 0"", ""pct"": 12.030000000000001}, {""score"": ""1 - 1"", ""pct"": 11.64}, {""score"": ""2 - 1"", ""pct"": 9.790000000000001}]"
Saudi Arabia,Ivory Coast,Neutral,0.949,1.494,22.6,27.4,50.0,22.9,4.2,6.5,49.7,7.1,9.6,33.6,66.4,"[{""score"": ""0 - 1"", ""pct"": 13.459999999999999}, {""score"": ""1 - 1"", ""pct"": 12.41}, {""score"": ""0 - 0"", ""pct"": 9.5}]"
Saudi Arabia,England,Neutral,0.694,1.855,13.2,22.3,64.5,11.5,2.6,3.2,65.4,7.7,9.6,17.3,82.7,"[{""score"": ""0 - 1"", ""pct"": 14.510000000000002}, {""score"": ""0 - 2"", ""pct"": 12.839999999999998}, {""score"": ""1 - 1"", ""pct"": 9.82}]"
Saudi Arabia,Cape Verde,Neutral,1.246,1.106,39.1,29.1,31.8,39.3,6.2,9.3,31.4,5.4,8.3,54.8,45.2,"[{""score"": ""1 - 1"", ""pct"": 13.420000000000002}, {""score"": ""1 - 0"", ""pct"": 11.65}, {""score"": ""0 - 1"", ""pct"": 10.69}]"
Saudi Arabia,Panama,Neutral,1.046,1.643,23.1,24.8,52.1,23.0,4.0,5.1,51.9,7.3,8.7,32.1,67.9,"[{""score"": ""0 - 1"", ""pct"": 11.78}, {""score"": ""1 - 1"", ""pct"": 11.35}, {""score"": ""1 - 2"", ""pct"": 9.55}]"
Saudi Arabia,Austria,Neutral,0.943,1.542,22.8,26.5,50.7,21.3,4.3,5.6,51.9,7.5,9.5,31.2,68.8,"[{""score"": ""0 - 1"", ""pct"": 13.07}, {""score"": ""1 - 1"", ""pct"": 11.88}, {""score"": ""0 - 2"", ""pct"": 9.66}]"
Saudi Arabia,Belgium,Neutral,0.905,1.695,18.9,24.7,56.4,18.8,3.6,5.1,55.8,7.8,9.0,27.4,72.6,"[{""score"": ""0 - 1"", ""pct"": 12.78}, {""score"": ""1 - 1"", ""pct"": 11.219999999999999}, {""score"": ""0 - 2"", ""pct"": 10.97}]"
Saudi Arabia,Egypt,Neutral,0.96,1.443,24.1,27.5,48.4,23.7,4.9,6.5,48.5,7.0,9.3,35.1,64.9,"[{""score"": ""0 - 1"", ""pct"": 13.450000000000001}, {""score"": ""1 - 1"", ""pct"": 12.53}, {""score"": ""0 - 0"", ""pct"": 9.700000000000001}]"
Saudi Arabia,Iraq,Neutral,1.042,1.235,30.6,30.3,39.1,29.8,5.3,8.0,40.1,7.1,9.7,43.2,56.8,"[{""score"": ""1 - 1"", ""pct"": 13.51}, {""score"": ""0 - 1"", ""pct"": 12.83}, {""score"": ""0 - 0"", ""pct"": 11.450000000000001}]"
Saudi Arabia,Switzerland,Neutral,0.935,1.699,19.8,24.9,55.3,20.0,3.5,4.9,54.9,7.7,9.0,28.4,71.6,"[{""score"": ""0 - 1"", ""pct"": 13.100000000000001}, {""score"": ""1 - 1"", ""pct"": 11.06}, {""score"": ""0 - 2"", ""pct"": 10.100000000000001}]"
Saudi Arabia,Brazil,Neutral,0.766,1.986,12.4,21.7,65.8,13.5,2.6,3.0,65.4,7.5,8.0,19.1,80.9,"[{""score"": ""0 - 1"", ""pct"": 13.03}, {""score"": ""0 - 2"", ""pct"": 12.34}, {""score"": ""1 - 2"", ""pct"": 9.569999999999999}]"
Saudi Arabia,United States,Neutral,1.023,1.529,23.6,27.1,49.3,24.6,4.6,6.1,48.3,7.2,9.1,35.3,64.7,"[{""score"": ""0 - 1"", ""pct"": 12.870000000000001}, {""score"": ""1 - 1"", ""pct"": 12.47}, {""score"": ""1 - 2"", ""pct"": 9.28}]"
Saudi Arabia,Ghana,Neutral,1.384,1.01,45.1,28.5,26.4,45.1,6.9,9.1,26.9,5.0,7.0,61.1,38.9,"[{""score"": ""1 - 0"", ""pct"": 12.91}, {""score"": ""1 - 1"", ""pct"": 12.36}, {""score"": ""0 - 0"", ""pct"": 10.41}]"
Saudi Arabia,Uruguay,Neutral,0.797,1.741,15.3,24.2,60.5,16.1,2.8,4.3,59.3,7.5,10.0,23.3,76.7,"[{""score"": ""0 - 1"", ""pct"": 13.669999999999998}, {""score"": ""0 - 2"", ""pct"": 12.24}, {""score"": ""1 - 1"", ""pct"": 10.66}]"
Saudi Arabia,Portugal,Neutral,0.752,1.861,13.3,22.0,64.7,13.6,2.5,3.8,63.8,7.6,8.8,19.8,80.2,"[{""score"": ""0 - 1"", ""pct"": 13.900000000000002}, {""score"": ""0 - 2"", ""pct"": 12.53}, {""score"": ""1 - 2"", ""pct"": 10.24}]"
Saudi Arabia,Algeria,Neutral,0.905,1.687,19.4,25.5,55.1,18.6,3.8,5.0,56.9,6.7,9.1,27.3,72.7,"[{""score"": ""0 - 1"", ""pct"": 12.13}, {""score"": ""1 - 1"", ""pct"": 11.31}, {""score"": ""0 - 2"", ""pct"": 10.24}]"
Saudi Arabia,Spain,Neutral,0.669,2.27,8.9,16.9,74.2,8.8,1.5,2.1,73.6,7.2,6.8,12.3,87.6,"[{""score"": ""0 - 2"", ""pct"": 13.44}, {""score"": ""0 - 1"", ""pct"": 12.690000000000001}, {""score"": ""0 - 3"", ""pct"": 9.719999999999999}]"
Saudi Arabia,Bosnia and Herzegovina,Neutral,1.49,1.032,46.8,26.9,26.3,48.2,7.2,9.2,24.5,4.8,6.1,64.6,35.4,"[{""score"": ""1 - 1"", ""pct"": 11.86}, {""score"": ""1 - 0"", ""pct"": 11.23}, {""score"": ""2 - 1"", ""pct"": 9.98}]"
Saudi Arabia,South Africa,Neutral,1.232,1.139,37.8,29.2,33.0,38.3,6.3,8.6,32.4,5.8,8.6,53.1,46.9,"[{""score"": ""1 - 1"", ""pct"": 12.53}, {""score"": ""1 - 0"", ""pct"": 11.65}, {""score"": ""0 - 1"", ""pct"": 10.77}]"
Saudi Arabia,DR Congo,Neutral,0.992,1.173,29.6,31.3,39.1,30.1,5.4,8.8,39.6,6.0,10.1,44.3,55.7,"[{""score"": ""0 - 1"", ""pct"": 13.819999999999999}, {""score"": ""1 - 1"", ""pct"": 13.719999999999999}, {""score"": ""0 - 0"", ""pct"": 12.68}]"
Saudi Arabia,Croatia,Neutral,0.907,1.756,18.9,24.1,57.0,17.8,3.5,4.5,57.8,7.6,8.8,25.8,74.2,"[{""score"": ""0 - 1"", ""pct"": 12.16}, {""score"": ""1 - 1"", ""pct"": 10.9}, {""score"": ""1 - 2"", ""pct"": 10.33}]"
Saudi Arabia,Norway,Neutral,0.897,1.729,18.7,25.3,56.0,18.4,3.6,5.2,56.9,7.1,8.8,27.2,72.8,"[{""score"": ""0 - 1"", ""pct"": 13.139999999999999}, {""score"": ""1 - 1"", ""pct"": 10.99}, {""score"": ""0 - 2"", ""pct"": 10.530000000000001}]"
Saudi Arabia,Turkey,Neutral,0.881,1.725,17.5,24.9,57.6,18.4,3.4,4.6,57.2,7.7,8.9,26.3,73.7,"[{""score"": ""0 - 1"", ""pct"": 13.81}, {""score"": ""1 - 1"", ""pct"": 11.3}, {""score"": ""0 - 2"", ""pct"": 10.48}]"
Saudi Arabia,Morocco,Neutral,0.705,1.862,12.9,22.1,65.0,12.7,2.2,3.1,65.3,7.4,9.3,18.0,82.0,"[{""score"": ""0 - 1"", ""pct"": 14.74}, {""score"": ""0 - 2"", ""pct"": 13.11}, {""score"": ""1 - 1"", ""pct"": 9.82}]"
Saudi Arabia,Haiti,Neutral,1.083,1.319,29.7,28.7,41.6,29.9,5.5,7.4,41.6,6.5,9.2,42.7,57.3,"[{""score"": ""1 - 1"", ""pct"": 13.08}, {""score"": ""0 - 1"", ""pct"": 11.87}, {""score"": ""1 - 0"", ""pct"": 9.87}]"
Saudi Arabia,South Korea,Neutral,0.943,1.688,19.8,24.7,55.5,20.2,3.2,5.0,54.9,7.7,9.0,28.4,71.6,"[{""score"": ""0 - 1"", ""pct"": 12.590000000000002}, {""score"": ""1 - 1"", ""pct"": 11.24}, {""score"": ""1 - 2"", ""pct"": 9.879999999999999}]"
Saudi Arabia,Curaçao,Neutral,1.497,1.055,46.7,27.2,26.2,47.7,7.0,9.2,25.7,4.5,6.0,63.9,36.1,"[{""score"": ""1 - 1"", ""pct"": 12.58}, {""score"": ""1 - 0"", ""pct"": 12.07}, {""score"": ""2 - 0"", ""pct"": 8.690000000000001}]"
Saudi Arabia,Paraguay,Neutral,0.939,1.645,20.2,25.5,54.3,20.9,4.0,5.2,53.5,7.4,9.0,30.0,70.0,"[{""score"": ""0 - 1"", ""pct"": 12.709999999999999}, {""score"": ""1 - 1"", ""pct"": 11.53}, {""score"": ""0 - 2"", ""pct"": 10.0}]"
Saudi Arabia,Iran,Neutral,0.888,1.739,17.4,24.6,58.0,18.0,3.2,4.8,57.5,7.5,8.9,26.0,74.0,"[{""score"": ""0 - 1"", ""pct"": 12.870000000000001}, {""score"": ""1 - 1"", ""pct"": 11.5}, {""score"": ""0 - 2"", ""pct"": 10.620000000000001}]"
Mexico,Jordan,Neutral,1.673,1.018,53.4,24.8,21.8,52.3,7.3,9.0,22.1,4.1,5.1,68.7,31.3,"[{""score"": ""1 - 0"", ""pct"": 12.280000000000001}, {""score"": ""1 - 1"", ""pct"": 10.94}, {""score"": ""2 - 1"", ""pct"": 9.67}]"
Mexico,Australia,Neutral,1.242,1.083,39.7,29.4,30.9,38.7,6.6,9.4,31.6,6.0,7.8,54.7,45.3,"[{""score"": ""1 - 1"", ""pct"": 13.11}, {""score"": ""1 - 0"", ""pct"": 12.3}, {""score"": ""0 - 0"", ""pct"": 10.74}]"
Mexico,Germany,Neutral,1.22,1.199,37.1,28.9,34.0,36.0,6.0,8.5,35.8,5.6,8.2,50.4,49.6,"[{""score"": ""1 - 1"", ""pct"": 13.13}, {""score"": ""1 - 0"", ""pct"": 11.05}, {""score"": ""0 - 1"", ""pct"": 10.24}]"
Mexico,Canada,Neutral,1.287,0.985,43.2,29.5,27.3,43.0,6.9,9.4,28.0,5.3,7.4,59.3,40.7,"[{""score"": ""1 - 0"", ""pct"": 14.13}, {""score"": ""1 - 1"", ""pct"": 13.209999999999999}, {""score"": ""0 - 0"", ""pct"": 10.9}]"
Mexico,Czech Republic,Neutral,1.735,0.914,56.9,24.5,18.6,56.8,7.9,8.7,18.4,3.5,4.7,73.4,26.6,"[{""score"": ""1 - 0"", ""pct"": 12.73}, {""score"": ""1 - 1"", ""pct"": 11.81}, {""score"": ""2 - 0"", ""pct"": 10.99}]"
Mexico,Saudi Arabia,Neutral,1.747,0.744,61.4,24.1,14.5,61.8,7.5,9.7,14.1,2.8,4.0,79.1,20.9,"[{""score"": ""1 - 0"", ""pct"": 14.84}, {""score"": ""2 - 0"", ""pct"": 12.32}, {""score"": ""1 - 1"", ""pct"": 10.81}]"
Mexico,Argentina,Neutral,0.912,1.564,20.9,26.0,53.1,20.9,4.1,5.6,52.5,7.4,9.4,30.6,69.3,"[{""score"": ""0 - 1"", ""pct"": 14.39}, {""score"": ""1 - 1"", ""pct"": 11.55}, {""score"": ""0 - 2"", ""pct"": 10.18}]"
Mexico,New Zealand,Neutral,1.787,0.773,62.1,23.1,14.8,61.6,7.5,8.9,15.3,2.9,3.7,78.0,22.0,"[{""score"": ""1 - 0"", ""pct"": 14.799999999999999}, {""score"": ""2 - 0"", ""pct"": 12.049999999999999}, {""score"": ""1 - 1"", ""pct"": 10.39}]"
Mexico,Senegal,Neutral,1.262,1.095,39.4,29.6,31.0,39.3,6.3,9.4,31.5,5.3,8.2,55.0,45.0,"[{""score"": ""1 - 1"", ""pct"": 13.05}, {""score"": ""1 - 0"", ""pct"": 11.87}, {""score"": ""0 - 0"", ""pct"": 10.43}]"
Mexico,Sweden,Neutral,1.854,0.833,61.2,23.0,15.8,61.7,6.9,8.6,16.0,3.1,3.8,77.1,22.9,"[{""score"": ""1 - 0"", ""pct"": 13.04}, {""score"": ""2 - 0"", ""pct"": 11.74}, {""score"": ""1 - 1"", ""pct"": 10.620000000000001}]"
Mexico,Netherlands,Neutral,1.204,1.162,36.5,29.2,34.3,35.9,6.1,9.3,33.8,6.3,8.5,51.3,48.7,"[{""score"": ""1 - 1"", ""pct"": 13.05}, {""score"": ""1 - 0"", ""pct"": 11.28}, {""score"": ""0 - 1"", ""pct"": 11.14}]"
Mexico,Tunisia,Neutral,1.585,0.853,53.9,26.2,20.0,54.3,7.4,9.2,19.9,3.9,5.3,70.9,29.1,"[{""score"": ""1 - 0"", ""pct"": 14.12}, {""score"": ""1 - 1"", ""pct"": 11.700000000000001}, {""score"": ""2 - 0"", ""pct"": 10.35}]"
Mexico,Scotland,Neutral,1.613,0.99,52.1,25.4,22.4,52.2,7.2,9.1,22.2,3.9,5.5,68.4,31.6,"[{""score"": ""1 - 0"", ""pct"": 12.520000000000001}, {""score"": ""1 - 1"", ""pct"": 11.559999999999999}, {""score"": ""2 - 1"", ""pct"": 9.950000000000001}]"
Mexico,Colombia,Neutral,1.072,1.283,29.3,29.4,41.3,29.5,5.2,7.8,41.4,6.3,9.7,42.6,57.4,"[{""score"": ""1 - 1"", ""pct"": 13.200000000000001}, {""score"": ""0 - 1"", ""pct"": 12.559999999999999}, {""score"": ""0 - 0"", ""pct"": 10.489999999999998}]"
Mexico,Japan,Neutral,1.042,1.244,30.8,28.8,40.4,30.3,5.4,8.0,40.6,6.5,9.2,43.6,56.4,"[{""score"": ""1 - 1"", ""pct"": 13.04}, {""score"": ""0 - 1"", ""pct"": 12.32}, {""score"": ""1 - 0"", ""pct"": 10.639999999999999}]"
Mexico,France,Neutral,1.088,1.426,27.7,27.6,44.7,27.8,5.4,6.8,44.0,7.1,8.8,40.0,60.0,"[{""score"": ""1 - 1"", ""pct"": 12.61}, {""score"": ""0 - 1"", ""pct"": 12.13}, {""score"": ""1 - 2"", ""pct"": 9.13}]"
Mexico,Uzbekistan,Neutral,1.389,0.966,46.4,28.4,25.3,46.3,7.0,10.4,25.3,4.5,6.6,63.7,36.3,"[{""score"": ""1 - 0"", ""pct"": 13.780000000000001}, {""score"": ""1 - 1"", ""pct"": 12.370000000000001}, {""score"": ""0 - 0"", ""pct"": 10.75}]"
Mexico,Ecuador,Neutral,1.081,1.188,32.8,29.4,37.8,31.6,5.5,9.1,37.7,6.7,9.4,46.2,53.8,"[{""score"": ""1 - 1"", ""pct"": 12.76}, {""score"": ""0 - 1"", ""pct"": 12.19}, {""score"": ""0 - 0"", ""pct"": 11.16}]"
Mexico,Qatar,Neutral,2.357,0.62,76.9,16.2,6.9,77.3,6.8,6.1,7.2,1.1,1.5,90.2,9.8,"[{""score"": ""2 - 0"", ""pct"": 14.09}, {""score"": ""1 - 0"", ""pct"": 12.7}, {""score"": ""3 - 0"", ""pct"": 10.33}]"
Mexico,Ivory Coast,Neutral,1.489,0.982,48.6,27.8,23.6,49.1,7.0,9.2,24.4,4.4,5.9,65.3,34.7,"[{""score"": ""1 - 0"", ""pct"": 12.9}, {""score"": ""1 - 1"", ""pct"": 12.72}, {""score"": ""0 - 0"", ""pct"": 9.58}]"
Mexico,England,Neutral,0.966,1.367,26.1,28.1,45.8,25.6,4.6,6.7,46.0,7.4,9.7,36.9,63.1,"[{""score"": ""0 - 1"", ""pct"": 13.100000000000001}, {""score"": ""1 - 1"", ""pct"": 12.3}, {""score"": ""0 - 0"", ""pct"": 10.7}]"
Mexico,Cape Verde,Neutral,1.788,0.727,62.8,23.7,13.5,63.2,8.0,9.1,13.6,2.5,3.7,80.2,19.8,"[{""score"": ""1 - 0"", ""pct"": 14.93}, {""score"": ""2 - 0"", ""pct"": 12.9}, {""score"": ""1 - 1"", ""pct"": 10.61}]"
Mexico,Panama,Neutral,1.531,1.046,48.7,26.1,25.2,48.9,6.6,8.7,24.6,4.6,6.5,64.3,35.7,"[{""score"": ""1 - 0"", ""pct"": 12.2}, {""score"": ""1 - 1"", ""pct"": 12.06}, {""score"": ""2 - 1"", ""pct"": 9.0}]"
Mexico,Austria,Neutral,1.424,1.003,46.7,27.9,25.4,46.4,7.3,9.3,25.4,4.9,6.7,63.0,37.0,"[{""score"": ""1 - 0"", ""pct"": 12.959999999999999}, {""score"": ""1 - 1"", ""pct"": 12.5}, {""score"": ""0 - 0"", ""pct"": 9.94}]"
Mexico,Belgium,Neutral,1.248,1.103,39.4,29.7,31.0,38.6,6.4,8.6,32.4,5.9,8.1,53.6,46.4,"[{""score"": ""1 - 1"", ""pct"": 13.19}, {""score"": ""1 - 0"", ""pct"": 11.57}, {""score"": ""0 - 0"", ""pct"": 10.94}]"
Mexico,Egypt,Neutral,1.447,0.923,50.3,27.4,22.3,49.2,7.3,9.8,23.1,4.3,6.3,66.3,33.7,"[{""score"": ""1 - 0"", ""pct"": 14.249999999999998}, {""score"": ""1 - 1"", ""pct"": 12.45}, {""score"": ""0 - 0"", ""pct"": 10.15}]"
Mexico,Iraq,Neutral,1.548,0.834,54.5,26.7,18.8,54.6,7.6,10.0,18.7,3.7,5.3,72.3,27.7,"[{""score"": ""1 - 0"", ""pct"": 15.09}, {""score"": ""1 - 1"", ""pct"": 11.5}, {""score"": ""2 - 0"", ""pct"": 10.81}]"
Mexico,Switzerland,Neutral,1.41,1.078,44.7,27.3,28.0,43.8,7.2,9.4,27.5,4.7,7.2,60.5,39.5,"[{""score"": ""1 - 0"", ""pct"": 12.24}, {""score"": ""1 - 1"", ""pct"": 12.01}, {""score"": ""0 - 0"", ""pct"": 9.44}]"
Mexico,Brazil,Neutral,1.086,1.406,28.4,27.5,44.1,28.0,5.2,6.8,44.2,6.8,9.0,40.0,60.0,"[{""score"": ""1 - 1"", ""pct"": 12.520000000000001}, {""score"": ""0 - 1"", ""pct"": 11.700000000000001}, {""score"": ""1 - 0"", ""pct"": 9.35}]"
Mexico,United States,Neutral,1.61,1.008,50.8,26.2,23.0,50.7,7.6,9.2,22.0,4.5,6.0,67.5,32.5,"[{""score"": ""1 - 1"", ""pct"": 11.88}, {""score"": ""1 - 0"", ""pct"": 11.85}, {""score"": ""2 - 1"", ""pct"": 9.84}]"
Mexico,Ghana,Neutral,1.811,0.663,65.7,22.9,11.4,65.7,7.1,9.3,12.3,2.2,3.4,82.1,17.9,"[{""score"": ""1 - 0"", ""pct"": 16.34}, {""score"": ""2 - 0"", ""pct"": 13.700000000000001}, {""score"": ""1 - 1"", ""pct"": 10.16}]"
Mexico,Uruguay,Neutral,1.215,1.108,38.0,29.3,32.8,38.6,6.8,8.9,32.0,5.4,8.3,54.3,45.7,"[{""score"": ""1 - 1"", ""pct"": 13.350000000000001}, {""score"": ""1 - 0"", ""pct"": 12.2}, {""score"": ""0 - 1"", ""pct"": 10.620000000000001}]"
Mexico,Portugal,Neutral,1.115,1.271,31.6,29.5,39.0,32.7,5.5,7.5,38.7,6.8,8.7,45.8,54.2,"[{""score"": ""1 - 1"", ""pct"": 12.770000000000001}, {""score"": ""0 - 1"", ""pct"": 11.72}, {""score"": ""0 - 0"", ""pct"": 10.75}]"
Mexico,Algeria,Neutral,1.289,1.035,41.6,28.9,29.4,41.7,7.1,9.2,28.5,5.1,8.4,58.0,42.0,"[{""score"": ""1 - 0"", ""pct"": 12.950000000000001}, {""score"": ""1 - 1"", ""pct"": 12.55}, {""score"": ""0 - 0"", ""pct"": 10.96}]"
Mexico,Spain,Neutral,0.929,1.602,20.7,26.4,52.8,20.2,3.8,5.9,53.9,7.2,9.1,29.9,70.1,"[{""score"": ""0 - 1"", ""pct"": 12.82}, {""score"": ""1 - 1"", ""pct"": 11.52}, {""score"": ""0 - 2"", ""pct"": 9.67}]"
Mexico,Bosnia and Herzegovina,Neutral,2.117,0.658,71.9,18.7,9.4,71.3,7.0,8.1,9.5,1.7,2.4,86.4,13.6,"[{""score"": ""2 - 0"", ""pct"": 14.27}, {""score"": ""1 - 0"", ""pct"": 13.600000000000001}, {""score"": ""3 - 0"", ""pct"": 9.94}]"
Mexico,South Africa,Neutral,1.723,0.696,62.5,24.2,13.3,62.1,8.0,9.8,13.4,2.5,4.2,79.8,20.2,"[{""score"": ""1 - 0"", ""pct"": 15.42}, {""score"": ""2 - 0"", ""pct"": 12.9}, {""score"": ""1 - 1"", ""pct"": 11.09}]"
Mexico,DR Congo,Neutral,1.484,0.81,52.9,27.3,19.9,52.9,7.8,10.7,18.9,3.8,5.8,71.5,28.5,"[{""score"": ""1 - 0"", ""pct"": 15.25}, {""score"": ""1 - 1"", ""pct"": 12.1}, {""score"": ""0 - 0"", ""pct"": 10.979999999999999}]"
Mexico,Croatia,Neutral,1.291,1.096,40.6,29.6,29.8,40.0,6.3,9.0,31.0,5.7,8.0,55.3,44.7,"[{""score"": ""1 - 1"", ""pct"": 13.370000000000001}, {""score"": ""1 - 0"", ""pct"": 11.700000000000001}, {""score"": ""0 - 0"", ""pct"": 10.280000000000001}]"
Mexico,Norway,Neutral,1.274,1.131,39.0,29.2,31.8,39.6,5.9,9.2,31.9,5.5,7.9,54.7,45.3,"[{""score"": ""1 - 1"", ""pct"": 13.309999999999999}, {""score"": ""1 - 0"", ""pct"": 11.92}, {""score"": ""0 - 0"", ""pct"": 10.38}]"
Mexico,Turkey,Neutral,1.236,1.084,39.4,29.7,30.9,39.4,6.6,9.1,31.5,5.5,8.0,55.1,44.9,"[{""score"": ""1 - 1"", ""pct"": 13.22}, {""score"": ""1 - 0"", ""pct"": 12.19}, {""score"": ""0 - 0"", ""pct"": 10.86}]"
Mexico,Morocco,Neutral,1.084,1.24,30.9,29.9,39.2,31.8,5.5,8.3,38.2,6.7,9.4,45.6,54.4,"[{""score"": ""1 - 1"", ""pct"": 13.44}, {""score"": ""0 - 1"", ""pct"": 12.2}, {""score"": ""0 - 0"", ""pct"": 10.7}]"
Mexico,Haiti,Neutral,1.648,0.861,56.2,25.4,18.4,55.8,7.3,9.2,19.0,3.6,5.2,72.3,27.7,"[{""score"": ""1 - 0"", ""pct"": 14.09}, {""score"": ""1 - 1"", ""pct"": 11.48}, {""score"": ""2 - 0"", ""pct"": 11.0}]"
Mexico,South Korea,Neutral,1.412,1.066,44.8,28.2,27.0,43.4,7.2,8.9,28.8,4.8,6.9,59.5,40.6,"[{""score"": ""1 - 1"", ""pct"": 12.3}, {""score"": ""1 - 0"", ""pct"": 12.139999999999999}, {""score"": ""0 - 0"", ""pct"": 9.59}]"
Mexico,Curaçao,Neutral,1.961,0.707,67.5,21.6,10.9,66.9,8.0,8.3,11.5,2.2,3.1,83.2,16.8,"[{""score"": ""1 - 0"", ""pct"": 14.13}, {""score"": ""2 - 0"", ""pct"": 13.170000000000002}, {""score"": ""1 - 1"", ""pct"": 9.93}]"
Mexico,Paraguay,Neutral,1.413,1.026,46.1,27.4,26.5,46.0,7.3,8.9,26.7,4.6,6.5,62.2,37.9,"[{""score"": ""1 - 0"", ""pct"": 13.26}, {""score"": ""1 - 1"", ""pct"": 12.690000000000001}, {""score"": ""2 - 1"", ""pct"": 9.17}]"
Mexico,Iran,Neutral,1.228,1.093,38.6,29.4,31.9,38.4,6.4,9.2,32.6,5.3,8.2,53.9,46.1,"[{""score"": ""1 - 1"", ""pct"": 13.04}, {""score"": ""1 - 0"", ""pct"": 12.26}, {""score"": ""0 - 0"", ""pct"": 11.0}]"
Argentina,Jordan,Neutral,1.989,0.889,62.7,22.0,15.3,64.5,7.3,7.8,14.7,2.6,3.1,79.6,20.4,"[{""score"": ""1 - 0"", ""pct"": 11.49}, {""score"": ""2 - 0"", ""pct"": 10.489999999999998}, {""score"": ""1 - 1"", ""pct"": 9.89}]"
Argentina,Australia,Neutral,1.684,0.879,56.9,25.4,17.8,56.0,8.0,9.4,18.1,3.4,5.2,73.4,26.6,"[{""score"": ""1 - 0"", ""pct"": 13.420000000000002}, {""score"": ""1 - 1"", ""pct"": 11.41}, {""score"": ""2 - 0"", ""pct"": 11.34}]"
Argentina,Germany,Neutral,1.685,1.015,52.8,25.7,21.4,53.7,7.4,9.0,20.6,4.0,5.3,70.1,29.9,"[{""score"": ""1 - 1"", ""pct"": 11.5}, {""score"": ""1 - 0"", ""pct"": 11.379999999999999}, {""score"": ""2 - 1"", ""pct"": 9.950000000000001}]"
Argentina,Canada,Neutral,1.621,0.755,58.2,25.3,16.5,57.9,7.6,10.0,16.5,3.0,5.0,75.5,24.5,"[{""score"": ""1 - 0"", ""pct"": 15.45}, {""score"": ""2 - 0"", ""pct"": 11.87}, {""score"": ""1 - 1"", ""pct"": 10.979999999999999}]"
Argentina,Czech Republic,Neutral,2.067,0.811,67.2,20.4,12.4,66.3,7.5,7.8,12.8,2.3,3.3,81.7,18.3,"[{""score"": ""1 - 0"", ""pct"": 12.920000000000002}, {""score"": ""2 - 0"", ""pct"": 11.72}, {""score"": ""2 - 1"", ""pct"": 9.29}]"
Argentina,Saudi Arabia,Neutral,2.208,0.64,74.3,17.6,8.1,74.2,7.5,6.9,8.1,1.5,1.8,88.6,11.4,"[{""score"": ""2 - 0"", ""pct"": 14.030000000000001}, {""score"": ""1 - 0"", ""pct"": 12.85}, {""score"": ""3 - 0"", ""pct"": 10.0}]"
Argentina,Mexico,Neutral,1.564,0.912,52.4,26.2,21.4,52.2,8.2,10.0,20.2,4.0,5.4,70.3,29.7,"[{""score"": ""1 - 0"", ""pct"": 13.600000000000001}, {""score"": ""1 - 1"", ""pct"": 11.559999999999999}, {""score"": ""2 - 0"", ""pct"": 10.41}]"
Argentina,New Zealand,Neutral,2.309,0.654,75.9,16.4,7.7,74.8,6.8,7.0,8.1,1.5,1.8,88.6,11.4,"[{""score"": ""2 - 0"", ""pct"": 13.56}, {""score"": ""1 - 0"", ""pct"": 12.389999999999999}, {""score"": ""3 - 0"", ""pct"": 10.52}]"
Argentina,Senegal,Neutral,1.732,0.838,58.7,24.8,16.5,58.3,7.4,9.6,16.5,3.3,4.9,75.4,24.6,"[{""score"": ""1 - 0"", ""pct"": 13.29}, {""score"": ""2 - 0"", ""pct"": 11.67}, {""score"": ""1 - 1"", ""pct"": 11.21}]"
Argentina,Sweden,Neutral,2.356,0.707,74.5,16.8,8.7,74.6,6.5,6.5,8.9,1.6,1.9,87.6,12.4,"[{""score"": ""2 - 0"", ""pct"": 13.34}, {""score"": ""1 - 0"", ""pct"": 11.07}, {""score"": ""2 - 1"", ""pct"": 9.64}]"
Argentina,Netherlands,Neutral,1.635,0.981,53.1,25.3,21.6,52.0,7.8,8.5,21.9,4.2,5.6,68.3,31.7,"[{""score"": ""1 - 0"", ""pct"": 12.29}, {""score"": ""1 - 1"", ""pct"": 11.450000000000001}, {""score"": ""2 - 1"", ""pct"": 9.68}]"
Argentina,Tunisia,Neutral,1.957,0.651,68.3,21.1,10.6,69.2,7.3,8.4,10.1,2.0,2.9,85.0,15.0,"[{""score"": ""1 - 0"", ""pct"": 15.0}, {""score"": ""2 - 0"", ""pct"": 14.31}, {""score"": ""1 - 1"", ""pct"": 9.09}]"
Argentina,Scotland,Neutral,1.946,0.749,65.8,21.9,12.3,65.5,7.7,8.2,12.7,2.5,3.4,81.4,18.6,"[{""score"": ""1 - 0"", ""pct"": 13.950000000000001}, {""score"": ""2 - 0"", ""pct"": 12.36}, {""score"": ""1 - 1"", ""pct"": 9.66}]"
Argentina,Colombia,Neutral,1.517,1.031,48.5,26.9,24.6,49.0,7.4,8.6,24.4,4.5,6.0,65.0,35.0,"[{""score"": ""1 - 0"", ""pct"": 12.72}, {""score"": ""1 - 1"", ""pct"": 12.139999999999999}, {""score"": ""2 - 1"", ""pct"": 9.09}]"
Argentina,Japan,Neutral,1.554,0.996,49.1,26.9,24.0,50.1,7.5,8.8,23.5,4.2,5.9,66.4,33.6,"[{""score"": ""1 - 1"", ""pct"": 12.65}, {""score"": ""1 - 0"", ""pct"": 11.63}, {""score"": ""2 - 1"", ""pct"": 9.2}]"
Argentina,France,Neutral,1.521,1.09,46.3,27.6,26.2,47.4,6.9,8.7,26.4,4.8,5.9,63.0,37.0,"[{""score"": ""1 - 1"", ""pct"": 12.44}, {""score"": ""1 - 0"", ""pct"": 10.5}, {""score"": ""2 - 1"", ""pct"": 9.66}]"
Argentina,Uzbekistan,Neutral,1.716,0.701,62.7,23.8,13.6,62.3,7.5,9.7,13.9,2.7,3.9,79.5,20.5,"[{""score"": ""1 - 0"", ""pct"": 15.770000000000001}, {""score"": ""2 - 0"", ""pct"": 12.26}, {""score"": ""1 - 1"", ""pct"": 10.51}]"
Argentina,Ecuador,Neutral,1.575,0.966,51.2,26.7,22.1,51.3,7.4,9.3,21.9,4.1,6.0,68.0,32.0,"[{""score"": ""1 - 0"", ""pct"": 12.53}, {""score"": ""1 - 1"", ""pct"": 12.16}, {""score"": ""2 - 1"", ""pct"": 9.87}]"
Argentina,Qatar,Neutral,2.952,0.521,86.4,10.1,3.5,86.5,5.1,3.8,3.5,0.6,0.6,95.4,4.6,"[{""score"": ""2 - 0"", ""pct"": 13.819999999999999}, {""score"": ""3 - 0"", ""pct"": 13.239999999999998}, {""score"": ""4 - 0"", ""pct"": 9.85}]"
Argentina,Ivory Coast,Neutral,1.834,0.766,62.0,23.7,14.3,62.6,7.7,9.0,14.3,2.6,3.7,79.3,20.7,"[{""score"": ""1 - 0"", ""pct"": 13.700000000000001}, {""score"": ""2 - 0"", ""pct"": 11.89}, {""score"": ""1 - 1"", ""pct"": 10.81}]"
Argentina,England,Neutral,1.433,0.987,47.0,28.0,25.0,46.9,7.0,9.8,24.8,4.6,6.8,63.8,36.2,"[{""score"": ""1 - 0"", ""pct"": 13.05}, {""score"": ""1 - 1"", ""pct"": 12.540000000000001}, {""score"": ""0 - 0"", ""pct"": 10.05}]"
Argentina,Cape Verde,Neutral,2.229,0.649,73.9,17.8,8.3,74.2,6.7,6.6,8.9,1.5,2.1,87.5,12.5,"[{""score"": ""2 - 0"", ""pct"": 14.52}, {""score"": ""1 - 0"", ""pct"": 12.839999999999998}, {""score"": ""3 - 0"", ""pct"": 10.209999999999999}]"
Argentina,Panama,Neutral,1.938,0.781,64.2,22.3,13.4,63.3,7.6,8.7,14.1,2.4,3.8,79.7,20.3,"[{""score"": ""2 - 0"", ""pct"": 12.540000000000001}, {""score"": ""1 - 0"", ""pct"": 12.26}, {""score"": ""1 - 1"", ""pct"": 10.4}]"
Argentina,Austria,Neutral,1.698,0.761,60.6,24.3,15.0,60.3,7.5,9.6,15.6,3.2,3.8,77.4,22.6,"[{""score"": ""1 - 0"", ""pct"": 15.42}, {""score"": ""2 - 0"", ""pct"": 11.83}, {""score"": ""1 - 1"", ""pct"": 11.01}]"
Argentina,Belgium,Neutral,1.712,0.838,58.6,24.7,16.7,58.7,7.6,9.1,16.6,3.3,4.7,75.5,24.6,"[{""score"": ""1 - 0"", ""pct"": 13.74}, {""score"": ""2 - 0"", ""pct"": 11.700000000000001}, {""score"": ""1 - 1"", ""pct"": 11.17}]"
Argentina,Egypt,Neutral,1.809,0.686,64.8,22.8,12.4,65.0,7.3,8.9,12.7,2.7,3.3,81.2,18.8,"[{""score"": ""1 - 0"", ""pct"": 15.72}, {""score"": ""2 - 0"", ""pct"": 13.139999999999999}, {""score"": ""1 - 1"", ""pct"": 9.959999999999999}]"
Argentina,Iraq,Neutral,1.925,0.647,67.2,21.7,11.1,68.2,7.3,9.0,10.7,2.1,2.8,84.5,15.5,"[{""score"": ""1 - 0"", ""pct"": 14.7}, {""score"": ""2 - 0"", ""pct"": 14.09}, {""score"": ""1 - 1"", ""pct"": 9.93}]"
Argentina,Switzerland,Neutral,1.765,0.838,59.4,23.8,16.8,59.0,6.9,9.0,17.2,3.4,4.5,74.9,25.1,"[{""score"": ""1 - 0"", ""pct"": 13.22}, {""score"": ""2 - 0"", ""pct"": 11.15}, {""score"": ""1 - 1"", ""pct"": 10.6}]"
Argentina,Brazil,Neutral,1.516,1.034,48.8,26.7,24.5,48.9,7.2,8.5,24.9,4.2,6.2,64.7,35.4,"[{""score"": ""1 - 0"", ""pct"": 12.11}, {""score"": ""1 - 1"", ""pct"": 11.799999999999999}, {""score"": ""2 - 1"", ""pct"": 9.64}]"
Argentina,United States,Neutral,1.901,0.775,65.4,21.8,12.8,64.3,7.7,8.3,13.8,2.4,3.5,80.3,19.7,"[{""score"": ""1 - 0"", ""pct"": 13.71}, {""score"": ""2 - 0"", ""pct"": 12.32}, {""score"": ""1 - 1"", ""pct"": 10.18}]"
Argentina,Ghana,Neutral,2.518,0.535,81.5,13.3,5.2,81.3,6.0,5.3,5.0,1.1,1.2,92.7,7.3,"[{""score"": ""2 - 0"", ""pct"": 15.049999999999999}, {""score"": ""1 - 0"", ""pct"": 12.5}, {""score"": ""3 - 0"", ""pct"": 12.41}]"
Argentina,Uruguay,Neutral,1.611,0.912,54.0,25.9,20.1,54.3,7.3,9.7,19.8,3.9,5.0,71.3,28.7,"[{""score"": ""1 - 0"", ""pct"": 13.16}, {""score"": ""1 - 1"", ""pct"": 11.99}, {""score"": ""2 - 0"", ""pct"": 10.16}]"
Argentina,Portugal,Neutral,1.611,1.034,50.1,26.1,23.8,50.9,7.1,8.2,23.6,4.4,5.8,66.2,33.9,"[{""score"": ""1 - 0"", ""pct"": 12.15}, {""score"": ""1 - 1"", ""pct"": 12.049999999999999}, {""score"": ""2 - 1"", ""pct"": 9.41}]"
Argentina,Algeria,Neutral,1.62,0.809,56.5,25.8,17.7,57.5,7.9,9.6,16.7,3.3,5.0,75.0,25.0,"[{""score"": ""1 - 0"", ""pct"": 14.81}, {""score"": ""1 - 1"", ""pct"": 11.34}, {""score"": ""2 - 0"", ""pct"": 10.99}]"
Argentina,Spain,Neutral,1.156,1.214,33.0,29.4,37.6,33.5,6.0,8.4,37.2,6.3,8.5,48.0,52.0,"[{""score"": ""1 - 1"", ""pct"": 13.020000000000001}, {""score"": ""0 - 1"", ""pct"": 11.37}, {""score"": ""1 - 0"", ""pct"": 10.620000000000001}]"
Argentina,Bosnia and Herzegovina,Neutral,2.647,0.592,81.4,13.2,5.4,82.0,6.0,4.9,5.0,1.0,1.1,92.9,7.1,"[{""score"": ""2 - 0"", ""pct"": 13.66}, {""score"": ""3 - 0"", ""pct"": 12.06}, {""score"": ""1 - 0"", ""pct"": 10.52}]"
Argentina,South Africa,Neutral,2.161,0.633,72.7,18.5,8.8,73.5,6.9,7.1,8.3,1.9,2.3,87.5,12.5,"[{""score"": ""1 - 0"", ""pct"": 14.04}, {""score"": ""2 - 0"", ""pct"": 13.56}, {""score"": ""3 - 0"", ""pct"": 9.78}]"
Argentina,DR Congo,Neutral,1.906,0.64,67.8,22.0,10.2,67.9,7.2,8.9,11.1,2.1,2.8,84.1,15.9,"[{""score"": ""1 - 0"", ""pct"": 15.61}, {""score"": ""2 - 0"", ""pct"": 13.71}, {""score"": ""1 - 1"", ""pct"": 9.36}]"
Argentina,Croatia,Neutral,1.772,0.893,57.2,24.2,18.6,57.8,7.4,8.8,17.9,3.6,4.4,74.1,25.9,"[{""score"": ""1 - 0"", ""pct"": 12.36}, {""score"": ""1 - 1"", ""pct"": 10.74}, {""score"": ""2 - 0"", ""pct"": 10.45}]"
Argentina,Norway,Neutral,1.728,0.923,55.3,25.6,19.2,55.6,7.3,9.2,19.6,3.7,4.6,72.1,27.9,"[{""score"": ""1 - 0"", ""pct"": 12.23}, {""score"": ""1 - 1"", ""pct"": 11.21}, {""score"": ""2 - 0"", ""pct"": 10.15}]"
Argentina,Turkey,Neutral,1.734,0.894,58.1,24.3,17.6,57.1,7.9,8.4,18.4,3.3,4.8,73.4,26.6,"[{""score"": ""1 - 0"", ""pct"": 13.239999999999998}, {""score"": ""1 - 1"", ""pct"": 10.95}, {""score"": ""2 - 0"", ""pct"": 10.879999999999999}]"
Argentina,Morocco,Neutral,1.578,1.008,51.2,25.4,23.5,50.4,7.3,8.8,23.6,4.2,5.7,66.5,33.5,"[{""score"": ""1 - 0"", ""pct"": 12.31}, {""score"": ""1 - 1"", ""pct"": 11.23}, {""score"": ""2 - 1"", ""pct"": 9.9}]"
Argentina,Haiti,Neutral,1.966,0.691,67.8,21.5,10.7,68.7,7.1,8.2,11.0,2.2,2.6,84.1,15.9,"[{""score"": ""1 - 0"", ""pct"": 14.35}, {""score"": ""2 - 0"", ""pct"": 13.209999999999999}, {""score"": ""1 - 1"", ""pct"": 9.68}]"
Argentina,South Korea,Neutral,1.763,0.806,60.3,23.9,15.8,59.1,8.2,9.7,15.7,3.0,4.4,77.0,23.0,"[{""score"": ""1 - 0"", ""pct"": 13.61}, {""score"": ""2 - 0"", ""pct"": 11.450000000000001}, {""score"": ""1 - 1"", ""pct"": 10.91}]"
Argentina,Curaçao,Neutral,2.64,0.543,82.7,12.6,4.7,82.5,5.5,5.3,4.7,1.0,1.0,93.3,6.7,"[{""score"": ""2 - 0"", ""pct"": 14.35}, {""score"": ""3 - 0"", ""pct"": 12.389999999999999}, {""score"": ""1 - 0"", ""pct"": 11.72}]"
Argentina,Paraguay,Neutral,1.77,0.771,60.6,24.3,15.1,61.7,7.9,9.1,14.4,3.0,4.0,78.7,21.3,"[{""score"": ""1 - 0"", ""pct"": 13.780000000000001}, {""score"": ""2 - 0"", ""pct"": 12.33}, {""score"": ""1 - 1"", ""pct"": 10.22}]"
Argentina,Iran,Neutral,1.664,0.896,55.1,25.9,19.0,56.0,7.3,9.1,18.6,3.7,5.2,72.5,27.5,"[{""score"": ""1 - 0"", ""pct"": 13.200000000000001}, {""score"": ""1 - 1"", ""pct"": 11.66}, {""score"": ""2 - 0"", ""pct"": 10.6}]"
New Zealand,Jordan,Neutral,1.255,1.533,29.7,26.5,43.8,30.2,5.1,5.7,44.4,6.8,7.8,41.0,59.0,"[{""score"": ""1 - 1"", ""pct"": 11.940000000000001}, {""score"": ""0 - 1"", ""pct"": 10.18}, {""score"": ""1 - 2"", ""pct"": 9.34}]"
New Zealand,Australia,Neutral,0.921,1.73,18.9,24.9,56.2,18.8,3.6,5.0,56.3,7.3,8.9,27.4,72.6,"[{""score"": ""0 - 1"", ""pct"": 12.65}, {""score"": ""1 - 1"", ""pct"": 11.06}, {""score"": ""0 - 2"", ""pct"": 9.98}]"
New Zealand,Germany,Neutral,0.917,1.942,16.0,22.4,61.6,16.6,2.9,3.5,61.7,7.3,8.1,22.9,77.1,"[{""score"": ""0 - 1"", ""pct"": 11.55}, {""score"": ""0 - 2"", ""pct"": 10.299999999999999}, {""score"": ""1 - 2"", ""pct"": 10.2}]"
New Zealand,Canada,Neutral,0.945,1.673,19.6,25.7,54.6,19.9,3.9,5.2,54.9,7.4,8.8,29.0,71.0,"[{""score"": ""0 - 1"", ""pct"": 13.200000000000001}, {""score"": ""1 - 1"", ""pct"": 11.34}, {""score"": ""0 - 2"", ""pct"": 10.03}]"
New Zealand,Czech Republic,Neutral,1.247,1.339,34.0,27.3,38.7,33.7,6.4,7.5,37.9,6.4,8.2,47.5,52.5,"[{""score"": ""1 - 1"", ""pct"": 12.46}, {""score"": ""0 - 1"", ""pct"": 10.5}, {""score"": ""1 - 0"", ""pct"": 9.33}]"
New Zealand,Saudi Arabia,Neutral,1.283,1.215,37.5,28.2,34.3,37.9,6.5,8.0,34.5,5.5,7.6,52.4,47.6,"[{""score"": ""1 - 1"", ""pct"": 12.91}, {""score"": ""1 - 0"", ""pct"": 10.41}, {""score"": ""0 - 1"", ""pct"": 9.76}]"
New Zealand,Mexico,Neutral,0.773,1.787,14.8,24.0,61.2,14.8,2.7,4.2,61.7,7.5,9.1,21.7,78.3,"[{""score"": ""0 - 1"", ""pct"": 13.700000000000001}, {""score"": ""0 - 2"", ""pct"": 12.370000000000001}, {""score"": ""1 - 1"", ""pct"": 10.75}]"
New Zealand,Argentina,Neutral,0.654,2.309,7.4,16.9,75.6,8.2,1.5,1.8,75.6,6.6,6.2,11.5,88.5,"[{""score"": ""0 - 2"", ""pct"": 13.98}, {""score"": ""0 - 1"", ""pct"": 12.86}, {""score"": ""0 - 3"", ""pct"": 10.65}]"
New Zealand,Senegal,Neutral,0.974,1.744,19.6,24.8,55.6,20.3,3.8,4.8,55.2,7.6,8.5,28.8,71.2,"[{""score"": ""0 - 1"", ""pct"": 11.87}, {""score"": ""1 - 1"", ""pct"": 11.03}, {""score"": ""1 - 2"", ""pct"": 10.33}]"
New Zealand,Sweden,Neutral,1.324,1.289,36.7,28.4,34.9,37.6,6.0,7.7,35.0,6.0,7.7,51.3,48.7,"[{""score"": ""1 - 1"", ""pct"": 12.64}, {""score"": ""1 - 0"", ""pct"": 9.59}, {""score"": ""0 - 1"", ""pct"": 9.2}]"
New Zealand,Netherlands,Neutral,0.879,1.854,16.7,23.1,60.3,15.9,2.9,4.1,61.5,7.4,8.2,22.9,77.1,"[{""score"": ""0 - 1"", ""pct"": 12.280000000000001}, {""score"": ""0 - 2"", ""pct"": 10.73}, {""score"": ""1 - 1"", ""pct"": 10.489999999999998}]"
New Zealand,Tunisia,Neutral,1.119,1.315,30.6,28.2,41.1,30.7,5.2,7.9,41.2,6.3,8.6,43.9,56.1,"[{""score"": ""1 - 1"", ""pct"": 12.85}, {""score"": ""0 - 1"", ""pct"": 11.76}, {""score"": ""1 - 0"", ""pct"": 9.8}]"
New Zealand,Scotland,Neutral,1.073,1.519,25.6,26.5,47.9,26.5,4.6,6.1,47.2,6.9,8.7,37.2,62.8,"[{""score"": ""1 - 1"", ""pct"": 11.790000000000001}, {""score"": ""0 - 1"", ""pct"": 11.57}, {""score"": ""1 - 2"", ""pct"": 9.379999999999999}]"
New Zealand,Colombia,Neutral,0.77,1.93,13.7,21.8,64.5,13.6,2.5,3.4,64.5,7.6,8.4,19.5,80.5,"[{""score"": ""0 - 1"", ""pct"": 13.48}, {""score"": ""0 - 2"", ""pct"": 12.540000000000001}, {""score"": ""1 - 1"", ""pct"": 9.959999999999999}]"
New Zealand,Japan,Neutral,0.712,1.856,12.6,22.5,64.9,12.5,2.4,3.5,64.4,7.8,9.4,18.3,81.7,"[{""score"": ""0 - 1"", ""pct"": 14.280000000000001}, {""score"": ""0 - 2"", ""pct"": 13.23}, {""score"": ""1 - 1"", ""pct"": 9.91}]"
New Zealand,France,Neutral,0.774,2.163,11.1,19.2,69.6,10.9,2.1,2.7,70.5,6.8,7.0,15.7,84.3,"[{""score"": ""0 - 1"", ""pct"": 12.58}, {""score"": ""0 - 2"", ""pct"": 12.22}, {""score"": ""1 - 2"", ""pct"": 9.55}]"
New Zealand,Uzbekistan,Neutral,1.013,1.576,22.9,27.1,50.0,23.3,4.4,6.0,49.6,7.4,9.4,33.6,66.4,"[{""score"": ""1 - 1"", ""pct"": 12.55}, {""score"": ""0 - 1"", ""pct"": 12.25}, {""score"": ""1 - 2"", ""pct"": 9.22}]"
New Zealand,Ecuador,Neutral,0.744,1.789,13.5,23.4,63.1,14.4,2.8,4.0,62.4,7.3,9.1,21.1,78.8,"[{""score"": ""0 - 1"", ""pct"": 14.940000000000001}, {""score"": ""0 - 2"", ""pct"": 12.509999999999998}, {""score"": ""1 - 1"", ""pct"": 10.52}]"
New Zealand,Qatar,Neutral,1.737,0.979,54.7,24.4,20.9,55.1,7.5,8.6,19.9,4.0,4.9,71.2,28.8,"[{""score"": ""1 - 0"", ""pct"": 11.59}, {""score"": ""1 - 1"", ""pct"": 10.73}, {""score"": ""2 - 0"", ""pct"": 9.790000000000001}]"
New Zealand,Ivory Coast,Neutral,0.986,1.532,22.8,27.1,50.0,23.8,3.9,5.8,49.9,7.1,9.4,33.5,66.5,"[{""score"": ""0 - 1"", ""pct"": 12.46}, {""score"": ""1 - 1"", ""pct"": 12.33}, {""score"": ""1 - 2"", ""pct"": 9.790000000000001}]"
New Zealand,England,Neutral,0.712,1.906,11.6,20.7,67.7,12.1,2.3,3.3,66.7,7.0,8.6,17.8,82.2,"[{""score"": ""0 - 1"", ""pct"": 13.950000000000001}, {""score"": ""0 - 2"", ""pct"": 13.889999999999999}, {""score"": ""1 - 2"", ""pct"": 9.66}]"
New Zealand,Cape Verde,Neutral,1.431,1.12,43.4,27.7,28.9,43.8,6.7,8.6,28.7,5.3,6.9,59.1,40.9,"[{""score"": ""1 - 1"", ""pct"": 12.43}, {""score"": ""1 - 0"", ""pct"": 10.91}, {""score"": ""2 - 1"", ""pct"": 9.21}]"
New Zealand,Panama,Neutral,1.104,1.66,24.6,25.8,49.6,24.7,4.2,5.6,49.9,7.0,8.5,34.5,65.5,"[{""score"": ""1 - 1"", ""pct"": 11.74}, {""score"": ""0 - 1"", ""pct"": 10.9}, {""score"": ""1 - 2"", ""pct"": 9.31}]"
New Zealand,Austria,Neutral,0.978,1.573,22.3,26.5,51.2,22.6,4.6,6.1,50.1,7.0,9.6,33.2,66.8,"[{""score"": ""0 - 1"", ""pct"": 12.540000000000001}, {""score"": ""1 - 1"", ""pct"": 11.85}, {""score"": ""1 - 2"", ""pct"": 9.379999999999999}]"
New Zealand,Belgium,Neutral,0.948,1.744,19.3,24.0,56.7,18.9,3.5,4.6,56.6,7.5,8.8,27.0,73.0,"[{""score"": ""0 - 1"", ""pct"": 12.43}, {""score"": ""1 - 1"", ""pct"": 10.76}, {""score"": ""0 - 2"", ""pct"": 10.0}]"
New Zealand,Egypt,Neutral,0.99,1.455,25.3,27.7,47.0,24.9,4.5,6.1,47.6,7.6,9.2,35.6,64.4,"[{""score"": ""0 - 1"", ""pct"": 12.879999999999999}, {""score"": ""1 - 1"", ""pct"": 12.6}, {""score"": ""0 - 0"", ""pct"": 9.55}]"
New Zealand,Iraq,Neutral,1.094,1.246,31.6,29.2,39.2,32.1,5.7,8.0,38.9,6.3,9.0,45.8,54.2,"[{""score"": ""1 - 1"", ""pct"": 13.0}, {""score"": ""0 - 1"", ""pct"": 12.13}, {""score"": ""0 - 0"", ""pct"": 10.8}]"
New Zealand,Switzerland,Neutral,1.014,1.746,21.0,24.7,54.3,20.9,4.0,4.8,54.4,7.5,8.3,29.7,70.3,"[{""score"": ""0 - 1"", ""pct"": 11.450000000000001}, {""score"": ""1 - 1"", ""pct"": 11.39}, {""score"": ""1 - 2"", ""pct"": 9.87}]"
New Zealand,Brazil,Neutral,0.78,2.031,12.4,20.1,67.5,12.3,2.5,2.9,68.2,6.7,7.3,17.8,82.2,"[{""score"": ""0 - 1"", ""pct"": 12.43}, {""score"": ""0 - 2"", ""pct"": 12.27}, {""score"": ""1 - 2"", ""pct"": 9.51}]"
New Zealand,United States,Neutral,1.072,1.559,24.2,27.2,48.5,25.4,4.5,6.0,48.0,7.4,8.6,35.9,64.0,"[{""score"": ""1 - 1"", ""pct"": 12.34}, {""score"": ""0 - 1"", ""pct"": 11.55}, {""score"": ""1 - 2"", ""pct"": 9.65}]"
New Zealand,Ghana,Neutral,1.446,1.016,47.0,28.4,24.6,47.3,7.3,9.7,25.0,4.5,6.2,64.3,35.7,"[{""score"": ""1 - 1"", ""pct"": 13.200000000000001}, {""score"": ""1 - 0"", ""pct"": 12.09}, {""score"": ""0 - 0"", ""pct"": 9.43}]"
New Zealand,Uruguay,Neutral,0.891,1.777,17.4,23.8,58.8,17.8,3.3,4.4,58.5,7.6,8.3,25.5,74.5,"[{""score"": ""0 - 1"", ""pct"": 12.709999999999999}, {""score"": ""0 - 2"", ""pct"": 10.48}, {""score"": ""1 - 1"", ""pct"": 10.440000000000001}]"
New Zealand,Portugal,Neutral,0.765,1.885,13.6,22.4,64.0,13.0,2.7,3.6,64.5,7.6,8.5,19.3,80.7,"[{""score"": ""0 - 1"", ""pct"": 13.77}, {""score"": ""0 - 2"", ""pct"": 13.07}, {""score"": ""1 - 1"", ""pct"": 10.290000000000001}]"
New Zealand,Algeria,Neutral,0.943,1.732,19.1,24.9,56.0,20.1,3.5,4.8,54.9,7.6,9.2,28.4,71.6,"[{""score"": ""0 - 1"", ""pct"": 12.280000000000001}, {""score"": ""1 - 1"", ""pct"": 11.14}, {""score"": ""0 - 2"", ""pct"": 10.34}]"
New Zealand,Spain,Neutral,0.683,2.36,8.5,16.1,75.4,7.4,1.6,2.1,75.6,6.9,6.2,11.2,88.8,"[{""score"": ""0 - 2"", ""pct"": 13.48}, {""score"": ""0 - 1"", ""pct"": 12.15}, {""score"": ""0 - 3"", ""pct"": 9.370000000000001}]"
New Zealand,Bosnia and Herzegovina,Neutral,1.586,1.054,49.4,26.5,24.1,49.3,7.1,8.8,24.3,4.3,6.1,65.2,34.8,"[{""score"": ""1 - 1"", ""pct"": 12.04}, {""score"": ""1 - 0"", ""pct"": 11.75}, {""score"": ""2 - 1"", ""pct"": 9.28}]"
New Zealand,South Africa,Neutral,1.29,1.121,39.9,28.9,31.2,40.0,6.4,9.0,32.0,5.1,7.4,55.4,44.6,"[{""score"": ""1 - 1"", ""pct"": 12.73}, {""score"": ""1 - 0"", ""pct"": 11.31}, {""score"": ""0 - 1"", ""pct"": 10.36}]"
New Zealand,DR Congo,Neutral,1.039,1.191,30.0,31.0,39.0,30.9,5.6,8.3,39.2,6.6,9.4,44.8,55.2,"[{""score"": ""0 - 1"", ""pct"": 13.62}, {""score"": ""1 - 1"", ""pct"": 13.4}, {""score"": ""0 - 0"", ""pct"": 12.44}]"
New Zealand,Croatia,Neutral,0.944,1.759,18.7,25.3,56.0,18.9,3.6,4.7,56.9,7.2,8.6,27.2,72.8,"[{""score"": ""0 - 1"", ""pct"": 12.280000000000001}, {""score"": ""1 - 1"", ""pct"": 11.64}, {""score"": ""0 - 2"", ""pct"": 9.99}]"
New Zealand,Norway,Neutral,0.945,1.734,19.4,24.6,55.9,19.2,3.7,5.1,55.5,7.5,9.0,28.0,72.0,"[{""score"": ""0 - 1"", ""pct"": 11.59}, {""score"": ""1 - 1"", ""pct"": 11.18}, {""score"": ""0 - 2"", ""pct"": 10.299999999999999}]"
New Zealand,Turkey,Neutral,0.933,1.739,18.9,24.6,56.6,19.3,3.6,4.6,56.2,7.7,8.6,27.5,72.5,"[{""score"": ""0 - 1"", ""pct"": 13.04}, {""score"": ""1 - 1"", ""pct"": 10.93}, {""score"": ""0 - 2"", ""pct"": 10.549999999999999}]"
New Zealand,Morocco,Neutral,0.758,1.896,13.6,22.2,64.2,12.5,2.3,3.6,65.0,7.3,9.2,18.4,81.6,"[{""score"": ""0 - 1"", ""pct"": 13.98}, {""score"": ""0 - 2"", ""pct"": 12.690000000000001}, {""score"": ""1 - 1"", ""pct"": 10.4}]"
New Zealand,Haiti,Neutral,1.152,1.313,31.2,28.8,39.9,30.9,5.8,7.8,40.4,6.7,8.4,44.5,55.5,"[{""score"": ""1 - 1"", ""pct"": 13.16}, {""score"": ""0 - 1"", ""pct"": 11.469999999999999}, {""score"": ""1 - 0"", ""pct"": 9.62}]"
New Zealand,South Korea,Neutral,1.03,1.736,21.2,24.8,54.0,21.5,4.5,4.9,53.3,7.3,8.5,30.9,69.1,"[{""score"": ""0 - 1"", ""pct"": 11.41}, {""score"": ""1 - 1"", ""pct"": 11.32}, {""score"": ""1 - 2"", ""pct"": 9.94}]"
New Zealand,Curaçao,Neutral,1.566,1.071,49.2,25.5,25.2,47.5,7.5,9.0,25.3,4.8,6.0,63.9,36.1,"[{""score"": ""1 - 1"", ""pct"": 11.77}, {""score"": ""1 - 0"", ""pct"": 10.91}, {""score"": ""2 - 1"", ""pct"": 9.78}]"
New Zealand,Paraguay,Neutral,1.024,1.691,21.7,25.6,52.8,21.9,4.4,5.2,53.0,7.0,8.5,31.6,68.4,"[{""score"": ""0 - 1"", ""pct"": 12.13}, {""score"": ""1 - 1"", ""pct"": 11.23}, {""score"": ""0 - 2"", ""pct"": 8.99}]"
New Zealand,Iran,Neutral,0.93,1.749,18.8,24.7,56.5,19.0,3.3,4.6,57.2,7.6,8.4,26.9,73.1,"[{""score"": ""0 - 1"", ""pct"": 12.55}, {""score"": ""1 - 1"", ""pct"": 11.219999999999999}, {""score"": ""0 - 2"", ""pct"": 9.99}]"
Senegal,Jordan,Neutral,1.592,1.075,49.9,26.0,24.0,49.0,7.4,9.2,23.9,4.6,6.0,65.6,34.4,"[{""score"": ""1 - 1"", ""pct"": 11.91}, {""score"": ""1 - 0"", ""pct"": 11.24}, {""score"": ""2 - 1"", ""pct"": 9.48}]"
Senegal,Australia,Neutral,1.208,1.283,33.9,28.3,37.8,34.0,6.1,8.0,37.3,6.4,8.2,48.1,51.9,"[{""score"": ""1 - 1"", ""pct"": 13.100000000000001}, {""score"": ""0 - 1"", ""pct"": 10.54}, {""score"": ""1 - 0"", ""pct"": 10.33}]"
Senegal,Germany,Neutral,1.175,1.342,32.1,28.1,39.8,31.3,5.7,7.8,40.4,6.1,8.7,44.8,55.2,"[{""score"": ""1 - 1"", ""pct"": 12.58}, {""score"": ""0 - 1"", ""pct"": 10.47}, {""score"": ""1 - 0"", ""pct"": 9.31}]"
Senegal,Canada,Neutral,1.206,1.171,36.9,28.7,34.4,36.0,6.3,9.1,34.0,5.5,9.1,51.4,48.7,"[{""score"": ""1 - 1"", ""pct"": 12.91}, {""score"": ""1 - 0"", ""pct"": 11.799999999999999}, {""score"": ""0 - 1"", ""pct"": 10.47}]"
Senegal,Czech Republic,Neutral,1.696,1.031,52.8,25.1,22.1,53.6,6.8,8.3,21.8,3.8,5.6,68.7,31.3,"[{""score"": ""1 - 1"", ""pct"": 11.73}, {""score"": ""1 - 0"", ""pct"": 11.01}, {""score"": ""2 - 1"", ""pct"": 9.93}]"
Senegal,Saudi Arabia,Neutral,1.696,0.943,55.5,24.5,20.0,54.0,7.9,9.2,20.2,3.9,4.8,71.1,28.9,"[{""score"": ""1 - 0"", ""pct"": 12.4}, {""score"": ""1 - 1"", ""pct"": 11.18}, {""score"": ""2 - 0"", ""pct"": 10.38}]"
Senegal,Mexico,Neutral,1.095,1.262,31.0,28.7,40.3,30.8,5.6,8.2,39.8,6.3,9.4,44.5,55.5,"[{""score"": ""1 - 1"", ""pct"": 13.450000000000001}, {""score"": ""0 - 1"", ""pct"": 12.22}, {""score"": ""1 - 0"", ""pct"": 10.47}]"
Senegal,Argentina,Neutral,0.838,1.732,16.7,24.9,58.5,16.6,3.3,4.6,58.2,7.4,9.9,24.5,75.5,"[{""score"": ""0 - 1"", ""pct"": 13.59}, {""score"": ""1 - 1"", ""pct"": 11.16}, {""score"": ""0 - 2"", ""pct"": 10.94}]"
Senegal,New Zealand,Neutral,1.744,0.974,54.8,24.9,20.2,56.0,7.6,8.2,20.1,3.6,4.5,71.8,28.2,"[{""score"": ""1 - 0"", ""pct"": 11.48}, {""score"": ""1 - 1"", ""pct"": 11.360000000000001}, {""score"": ""2 - 0"", ""pct"": 9.879999999999999}]"
Senegal,Sweden,Neutral,1.795,0.997,56.7,23.5,19.8,55.6,7.3,7.8,20.5,4.2,4.5,70.8,29.2,"[{""score"": ""1 - 0"", ""pct"": 11.52}, {""score"": ""1 - 1"", ""pct"": 11.1}, {""score"": ""2 - 1"", ""pct"": 9.98}]"
Senegal,Netherlands,Neutral,1.146,1.316,31.4,28.8,39.8,31.1,5.2,8.0,40.4,6.6,8.8,44.2,55.8,"[{""score"": ""1 - 1"", ""pct"": 12.879999999999999}, {""score"": ""0 - 1"", ""pct"": 11.0}, {""score"": ""1 - 0"", ""pct"": 9.87}]"
Senegal,Tunisia,Neutral,1.588,1.008,51.4,25.8,22.8,50.9,7.6,8.8,22.6,4.4,5.7,67.3,32.6,"[{""score"": ""1 - 0"", ""pct"": 12.91}, {""score"": ""1 - 1"", ""pct"": 12.049999999999999}, {""score"": ""2 - 1"", ""pct"": 9.51}]"
Senegal,Scotland,Neutral,1.554,1.059,48.8,26.6,24.6,48.1,7.1,9.3,24.9,4.7,6.0,64.5,35.5,"[{""score"": ""1 - 1"", ""pct"": 11.98}, {""score"": ""1 - 0"", ""pct"": 11.52}, {""score"": ""2 - 1"", ""pct"": 9.6}]"
Senegal,Colombia,Neutral,1.112,1.511,26.3,27.0,46.7,27.5,4.8,6.4,46.0,6.9,8.5,38.6,61.4,"[{""score"": ""1 - 1"", ""pct"": 12.370000000000001}, {""score"": ""0 - 1"", ""pct"": 11.41}, {""score"": ""1 - 2"", ""pct"": 9.15}]"
Senegal,Japan,Neutral,1.05,1.471,26.1,26.6,47.3,27.2,4.8,6.5,45.6,6.7,9.2,38.4,61.6,"[{""score"": ""1 - 1"", ""pct"": 12.139999999999999}, {""score"": ""0 - 1"", ""pct"": 12.030000000000001}, {""score"": ""1 - 2"", ""pct"": 9.47}]"
Senegal,France,Neutral,1.127,1.63,24.9,25.8,49.4,25.2,4.3,5.9,49.5,7.1,8.1,35.4,64.6,"[{""score"": ""1 - 1"", ""pct"": 11.67}, {""score"": ""0 - 1"", ""pct"": 10.52}, {""score"": ""1 - 2"", ""pct"": 10.01}]"
Senegal,Uzbekistan,Neutral,1.3,1.096,40.3,28.7,31.0,40.1,6.2,9.4,30.5,5.6,8.1,55.7,44.3,"[{""score"": ""1 - 1"", ""pct"": 13.25}, {""score"": ""1 - 0"", ""pct"": 11.55}, {""score"": ""0 - 0"", ""pct"": 10.13}]"
Senegal,Ecuador,Neutral,1.074,1.42,27.7,28.7,43.6,28.0,4.6,6.7,44.3,7.1,9.2,39.4,60.6,"[{""score"": ""1 - 1"", ""pct"": 13.0}, {""score"": ""0 - 1"", ""pct"": 11.690000000000001}, {""score"": ""0 - 0"", ""pct"": 9.24}]"
Senegal,Qatar,Neutral,2.101,0.696,70.3,19.6,10.1,70.3,7.1,7.6,10.5,2.0,2.5,84.9,15.1,"[{""score"": ""1 - 0"", ""pct"": 13.089999999999998}, {""score"": ""2 - 0"", ""pct"": 12.78}, {""score"": ""2 - 1"", ""pct"": 9.379999999999999}]"
Senegal,Ivory Coast,Neutral,1.449,1.042,47.0,27.9,25.1,45.9,7.1,9.6,26.1,4.9,6.5,62.5,37.5,"[{""score"": ""1 - 0"", ""pct"": 12.61}, {""score"": ""1 - 1"", ""pct"": 12.44}, {""score"": ""0 - 0"", ""pct"": 9.24}]"
Senegal,England,Neutral,1.021,1.556,23.8,27.2,49.0,24.7,4.2,5.7,49.1,7.1,9.2,34.6,65.4,"[{""score"": ""1 - 1"", ""pct"": 12.82}, {""score"": ""0 - 1"", ""pct"": 12.47}, {""score"": ""1 - 2"", ""pct"": 8.83}]"
Senegal,Cape Verde,Neutral,1.795,0.811,60.6,23.6,15.8,61.7,6.9,8.5,15.5,3.1,4.3,77.1,22.9,"[{""score"": ""1 - 0"", ""pct"": 13.239999999999998}, {""score"": ""2 - 0"", ""pct"": 12.04}, {""score"": ""1 - 1"", ""pct"": 10.48}]"
Senegal,Panama,Neutral,1.423,1.18,42.4,27.2,30.4,41.5,6.9,8.2,31.8,5.2,6.4,56.6,43.4,"[{""score"": ""1 - 1"", ""pct"": 12.23}, {""score"": ""1 - 0"", ""pct"": 11.020000000000001}, {""score"": ""0 - 1"", ""pct"": 8.88}]"
Senegal,Austria,Neutral,1.403,1.093,42.7,27.6,29.7,43.7,6.9,8.9,28.8,4.8,7.0,59.5,40.5,"[{""score"": ""1 - 1"", ""pct"": 12.659999999999998}, {""score"": ""1 - 0"", ""pct"": 11.76}, {""score"": ""0 - 1"", ""pct"": 9.28}]"
Senegal,Belgium,Neutral,1.244,1.266,35.4,28.7,35.9,34.7,5.8,8.2,36.6,6.4,8.2,48.8,51.2,"[{""score"": ""1 - 1"", ""pct"": 13.469999999999999}, {""score"": ""1 - 0"", ""pct"": 10.31}, {""score"": ""0 - 1"", ""pct"": 10.17}]"
Senegal,Egypt,Neutral,1.401,1.001,46.4,27.8,25.9,45.9,7.0,9.6,25.9,4.6,7.1,62.4,37.6,"[{""score"": ""1 - 0"", ""pct"": 12.98}, {""score"": ""1 - 1"", ""pct"": 12.49}, {""score"": ""0 - 0"", ""pct"": 9.94}]"
Senegal,Iraq,Neutral,1.547,0.988,50.3,26.5,23.2,50.0,7.7,9.5,22.7,4.4,5.8,67.2,32.8,"[{""score"": ""1 - 0"", ""pct"": 12.76}, {""score"": ""1 - 1"", ""pct"": 12.41}, {""score"": ""2 - 1"", ""pct"": 9.45}]"
Senegal,Switzerland,Neutral,1.283,1.269,36.3,28.2,35.5,35.8,6.0,7.5,36.2,6.3,8.1,49.3,50.7,"[{""score"": ""1 - 1"", ""pct"": 12.620000000000001}, {""score"": ""1 - 0"", ""pct"": 10.280000000000001}, {""score"": ""0 - 1"", ""pct"": 10.190000000000001}]"
Senegal,Brazil,Neutral,1.117,1.633,25.2,25.4,49.4,24.9,4.5,5.9,49.2,7.1,8.5,35.2,64.8,"[{""score"": ""1 - 1"", ""pct"": 11.600000000000001}, {""score"": ""0 - 1"", ""pct"": 11.03}, {""score"": ""1 - 2"", ""pct"": 9.39}]"
Senegal,United States,Neutral,1.546,1.099,47.4,26.8,25.7,47.5,6.9,8.6,25.7,4.8,6.5,63.0,37.0,"[{""score"": ""1 - 1"", ""pct"": 12.13}, {""score"": ""1 - 0"", ""pct"": 11.62}, {""score"": ""2 - 1"", ""pct"": 9.24}]"
Senegal,Ghana,Neutral,1.825,0.742,63.8,22.4,13.9,63.8,7.3,8.6,13.6,2.6,4.2,79.7,20.3,"[{""score"": ""1 - 0"", ""pct"": 14.75}, {""score"": ""2 - 0"", ""pct"": 12.32}, {""score"": ""1 - 1"", ""pct"": 9.950000000000001}]"
Senegal,Uruguay,Neutral,1.18,1.275,33.9,28.0,38.1,33.4,5.8,8.1,37.5,6.5,8.7,47.3,52.7,"[{""score"": ""1 - 1"", ""pct"": 13.18}, {""score"": ""0 - 1"", ""pct"": 11.35}, {""score"": ""1 - 0"", ""pct"": 9.879999999999999}]"
Senegal,Portugal,Neutral,1.115,1.495,26.6,27.2,46.2,26.6,5.0,6.2,46.0,7.2,9.0,37.8,62.2,"[{""score"": ""1 - 1"", ""pct"": 12.370000000000001}, {""score"": ""0 - 1"", ""pct"": 11.39}, {""score"": ""1 - 2"", ""pct"": 9.56}]"
Senegal,Algeria,Neutral,1.208,1.202,36.0,28.9,35.1,36.1,6.6,7.9,34.8,6.5,8.1,50.7,49.3,"[{""score"": ""1 - 1"", ""pct"": 13.320000000000002}, {""score"": ""0 - 1"", ""pct"": 10.620000000000001}, {""score"": ""1 - 0"", ""pct"": 10.26}]"
Senegal,Spain,Neutral,0.886,1.743,17.3,24.6,58.1,17.8,3.1,4.1,58.1,8.0,8.7,25.1,74.9,"[{""score"": ""0 - 1"", ""pct"": 12.83}, {""score"": ""1 - 1"", ""pct"": 11.219999999999999}, {""score"": ""0 - 2"", ""pct"": 10.89}]"
Senegal,Bosnia and Herzegovina,Neutral,1.957,0.722,66.4,21.2,12.5,66.4,7.9,8.6,11.6,2.1,3.4,82.9,17.1,"[{""score"": ""1 - 0"", ""pct"": 13.84}, {""score"": ""2 - 0"", ""pct"": 13.23}, {""score"": ""1 - 1"", ""pct"": 9.26}]"
Senegal,South Africa,Neutral,1.74,0.797,60.3,23.6,16.0,60.4,7.3,9.5,15.4,3.0,4.4,77.2,22.8,"[{""score"": ""1 - 0"", ""pct"": 14.64}, {""score"": ""2 - 0"", ""pct"": 11.75}, {""score"": ""1 - 1"", ""pct"": 10.7}]"
Senegal,DR Congo,Neutral,1.471,0.964,48.5,28.4,23.2,48.6,7.5,9.4,23.9,4.3,6.3,65.6,34.4,"[{""score"": ""1 - 0"", ""pct"": 13.020000000000001}, {""score"": ""1 - 1"", ""pct"": 12.97}, {""score"": ""0 - 0"", ""pct"": 9.569999999999999}]"
Senegal,Croatia,Neutral,1.246,1.299,35.5,27.5,36.9,34.8,5.5,8.2,37.5,6.3,7.8,48.5,51.5,"[{""score"": ""1 - 1"", ""pct"": 12.45}, {""score"": ""0 - 1"", ""pct"": 10.100000000000001}, {""score"": ""1 - 0"", ""pct"": 9.93}]"
Senegal,Norway,Neutral,1.224,1.285,33.6,28.0,38.3,34.1,5.8,7.8,37.2,6.3,8.8,47.7,52.3,"[{""score"": ""1 - 1"", ""pct"": 12.78}, {""score"": ""0 - 1"", ""pct"": 10.73}, {""score"": ""1 - 0"", ""pct"": 9.969999999999999}]"
Senegal,Turkey,Neutral,1.209,1.261,34.1,28.4,37.6,34.4,6.2,8.0,36.5,6.0,8.8,48.6,51.4,"[{""score"": ""1 - 1"", ""pct"": 12.920000000000002}, {""score"": ""0 - 1"", ""pct"": 10.67}, {""score"": ""1 - 0"", ""pct"": 10.14}]"
Senegal,Morocco,Neutral,1.07,1.475,26.4,27.6,46.0,25.9,4.8,6.6,46.3,7.1,9.2,37.3,62.7,"[{""score"": ""1 - 1"", ""pct"": 12.659999999999998}, {""score"": ""0 - 1"", ""pct"": 11.72}, {""score"": ""1 - 2"", ""pct"": 8.93}]"
Senegal,Haiti,Neutral,1.641,1.018,52.9,25.3,21.8,51.8,7.6,8.8,22.5,4.0,5.2,68.2,31.8,"[{""score"": ""1 - 0"", ""pct"": 12.32}, {""score"": ""1 - 1"", ""pct"": 11.62}, {""score"": ""2 - 1"", ""pct"": 9.98}]"
Senegal,South Korea,Neutral,1.293,1.247,37.2,27.9,35.0,36.9,5.8,7.8,35.6,5.8,8.1,50.5,49.5,"[{""score"": ""1 - 1"", ""pct"": 12.9}, {""score"": ""1 - 0"", ""pct"": 10.620000000000001}, {""score"": ""0 - 1"", ""pct"": 9.8}]"
Senegal,Curaçao,Neutral,1.951,0.746,65.5,21.6,12.9,66.4,7.4,8.1,12.2,2.4,3.5,81.9,18.1,"[{""score"": ""1 - 0"", ""pct"": 13.139999999999999}, {""score"": ""2 - 0"", ""pct"": 12.76}, {""score"": ""2 - 1"", ""pct"": 9.75}]"
Senegal,Paraguay,Neutral,1.295,1.213,36.9,29.4,33.7,37.4,6.4,8.1,34.3,5.9,7.8,52.0,48.0,"[{""score"": ""1 - 1"", ""pct"": 13.320000000000002}, {""score"": ""1 - 0"", ""pct"": 10.25}, {""score"": ""0 - 1"", ""pct"": 9.78}]"
Senegal,Iran,Neutral,1.218,1.272,34.0,28.6,37.4,34.0,5.9,8.1,37.8,6.2,8.0,48.1,51.9,"[{""score"": ""1 - 1"", ""pct"": 12.520000000000001}, {""score"": ""0 - 1"", ""pct"": 10.780000000000001}, {""score"": ""1 - 0"", ""pct"": 10.12}]"
Sweden,Jordan,Neutral,1.292,1.588,29.4,25.3,45.2,30.0,5.1,5.9,44.3,6.7,8.0,41.0,59.0,"[{""score"": ""1 - 1"", ""pct"": 11.44}, {""score"": ""1 - 2"", ""pct"": 9.47}, {""score"": ""0 - 1"", ""pct"": 9.19}]"
Sweden,Australia,Neutral,0.958,1.835,17.6,23.5,58.9,18.4,3.7,4.3,58.5,6.9,8.2,26.5,73.5,"[{""score"": ""0 - 1"", ""pct"": 12.02}, {""score"": ""0 - 2"", ""pct"": 10.76}, {""score"": ""1 - 1"", ""pct"": 10.63}]"
Sweden,Germany,Neutral,0.861,2.024,14.3,21.1,64.6,14.0,2.7,3.2,65.7,7.0,7.4,19.9,80.1,"[{""score"": ""0 - 1"", ""pct"": 11.16}, {""score"": ""0 - 2"", ""pct"": 11.15}, {""score"": ""1 - 2"", ""pct"": 9.98}]"
Sweden,Canada,Neutral,0.961,1.731,20.0,25.8,54.2,19.4,3.7,4.6,56.4,6.9,9.0,27.7,72.3,"[{""score"": ""0 - 1"", ""pct"": 11.77}, {""score"": ""1 - 1"", ""pct"": 11.709999999999999}, {""score"": ""1 - 2"", ""pct"": 9.85}]"
Sweden,Czech Republic,Neutral,1.24,1.38,33.2,27.3,39.5,32.6,5.6,7.4,39.9,6.5,8.0,45.7,54.4,"[{""score"": ""1 - 1"", ""pct"": 12.3}, {""score"": ""0 - 1"", ""pct"": 10.190000000000001}, {""score"": ""1 - 0"", ""pct"": 8.99}]"
Sweden,Saudi Arabia,Neutral,1.293,1.264,36.1,28.5,35.4,37.0,6.3,7.6,35.3,5.9,8.0,50.9,49.1,"[{""score"": ""1 - 1"", ""pct"": 13.05}, {""score"": ""0 - 1"", ""pct"": 9.879999999999999}, {""score"": ""1 - 0"", ""pct"": 9.790000000000001}]"
Sweden,Mexico,Neutral,0.833,1.854,15.3,23.2,61.5,15.5,2.7,4.0,60.9,8.1,8.9,22.2,77.8,"[{""score"": ""0 - 1"", ""pct"": 12.870000000000001}, {""score"": ""0 - 2"", ""pct"": 11.49}, {""score"": ""1 - 1"", ""pct"": 10.08}]"
Sweden,Argentina,Neutral,0.707,2.356,8.1,16.4,75.5,8.3,1.6,2.3,74.7,7.1,6.1,12.1,87.9,"[{""score"": ""0 - 2"", ""pct"": 13.100000000000001}, {""score"": ""0 - 1"", ""pct"": 11.64}, {""score"": ""0 - 3"", ""pct"": 9.74}]"
Sweden,New Zealand,Neutral,1.289,1.324,35.6,27.8,36.6,35.5,5.9,7.6,36.9,6.2,8.0,49.0,51.0,"[{""score"": ""1 - 1"", ""pct"": 12.740000000000002}, {""score"": ""0 - 1"", ""pct"": 9.719999999999999}, {""score"": ""1 - 0"", ""pct"": 9.2}]"
Sweden,Senegal,Neutral,0.997,1.795,19.8,24.2,56.0,20.0,3.9,4.6,55.8,7.4,8.4,28.5,71.5,"[{""score"": ""0 - 1"", ""pct"": 11.53}, {""score"": ""1 - 1"", ""pct"": 10.69}, {""score"": ""0 - 2"", ""pct"": 9.93}]"
Sweden,Netherlands,Neutral,0.84,1.919,15.5,21.8,62.7,15.1,2.9,3.9,62.1,7.1,8.9,21.9,78.1,"[{""score"": ""0 - 1"", ""pct"": 12.41}, {""score"": ""0 - 2"", ""pct"": 11.12}, {""score"": ""1 - 2"", ""pct"": 9.969999999999999}]"
Sweden,Tunisia,Neutral,1.139,1.352,30.3,28.5,41.2,30.9,5.4,7.6,41.2,6.3,8.6,43.9,56.1,"[{""score"": ""1 - 1"", ""pct"": 13.01}, {""score"": ""0 - 1"", ""pct"": 11.57}, {""score"": ""0 - 0"", ""pct"": 9.59}]"
Sweden,Scotland,Neutral,1.094,1.569,25.8,25.9,48.3,24.9,4.8,6.5,47.7,7.8,8.4,36.1,63.9,"[{""score"": ""0 - 1"", ""pct"": 11.559999999999999}, {""score"": ""1 - 1"", ""pct"": 11.43}, {""score"": ""1 - 2"", ""pct"": 9.1}]"
Sweden,Colombia,Neutral,0.808,1.988,13.2,21.8,65.0,12.9,2.5,3.3,65.0,7.7,8.6,18.7,81.3,"[{""score"": ""0 - 1"", ""pct"": 12.7}, {""score"": ""0 - 2"", ""pct"": 12.139999999999999}, {""score"": ""1 - 1"", ""pct"": 9.87}]"
Sweden,Japan,Neutral,0.77,1.963,12.4,21.3,66.3,13.0,2.5,3.2,65.9,7.5,7.9,18.7,81.3,"[{""score"": ""0 - 1"", ""pct"": 13.5}, {""score"": ""0 - 2"", ""pct"": 12.04}, {""score"": ""1 - 2"", ""pct"": 9.92}]"
Sweden,France,Neutral,0.787,2.22,10.4,19.1,70.6,10.8,2.0,2.4,70.5,7.4,6.9,15.2,84.8,"[{""score"": ""0 - 2"", ""pct"": 12.120000000000001}, {""score"": ""0 - 1"", ""pct"": 11.75}, {""score"": ""1 - 2"", ""pct"": 9.56}]"
Sweden,Uzbekistan,Neutral,1.035,1.647,23.5,25.0,51.4,23.8,3.9,5.7,50.7,7.4,8.4,33.5,66.5,"[{""score"": ""0 - 1"", ""pct"": 11.98}, {""score"": ""1 - 1"", ""pct"": 11.59}, {""score"": ""1 - 2"", ""pct"": 9.86}]"
Sweden,Ecuador,Neutral,0.795,1.891,14.1,22.3,63.6,14.1,2.7,3.5,63.7,7.0,8.9,20.4,79.6,"[{""score"": ""0 - 1"", ""pct"": 13.120000000000001}, {""score"": ""0 - 2"", ""pct"": 11.709999999999999}, {""score"": ""1 - 2"", ""pct"": 10.54}]"
Sweden,Qatar,Neutral,1.749,0.979,54.6,25.6,19.8,55.6,7.2,8.6,20.0,3.8,4.8,71.4,28.6,"[{""score"": ""1 - 0"", ""pct"": 11.97}, {""score"": ""1 - 1"", ""pct"": 11.53}, {""score"": ""2 - 1"", ""pct"": 9.99}]"
Sweden,Ivory Coast,Neutral,1.033,1.565,24.0,26.2,49.8,24.0,4.3,5.9,48.8,7.0,10.0,34.2,65.8,"[{""score"": ""0 - 1"", ""pct"": 12.45}, {""score"": ""1 - 1"", ""pct"": 12.24}, {""score"": ""1 - 2"", ""pct"": 9.3}]"
Sweden,England,Neutral,0.773,2.011,11.8,21.2,67.0,13.1,2.7,3.0,66.5,7.2,7.5,18.8,81.2,"[{""score"": ""0 - 1"", ""pct"": 12.989999999999998}, {""score"": ""0 - 2"", ""pct"": 12.07}, {""score"": ""1 - 1"", ""pct"": 9.959999999999999}]"
Sweden,Cape Verde,Neutral,1.327,1.159,39.1,28.5,32.4,40.0,6.2,8.6,32.2,5.5,7.6,54.8,45.2,"[{""score"": ""1 - 1"", ""pct"": 12.76}, {""score"": ""1 - 0"", ""pct"": 11.29}, {""score"": ""0 - 1"", ""pct"": 9.81}]"
Sweden,Panama,Neutral,1.128,1.75,23.7,25.1,51.2,23.3,4.2,5.0,51.9,7.5,8.1,32.5,67.5,"[{""score"": ""1 - 1"", ""pct"": 11.379999999999999}, {""score"": ""0 - 1"", ""pct"": 10.03}, {""score"": ""1 - 2"", ""pct"": 9.25}]"
Sweden,Austria,Neutral,1.024,1.608,22.8,26.9,50.3,22.9,4.3,5.9,50.3,7.3,9.2,33.2,66.8,"[{""score"": ""1 - 1"", ""pct"": 12.25}, {""score"": ""0 - 1"", ""pct"": 12.01}, {""score"": ""1 - 2"", ""pct"": 9.22}]"
Sweden,Belgium,Neutral,0.97,1.799,19.6,24.0,56.4,18.6,3.6,4.6,56.6,8.0,8.6,26.8,73.2,"[{""score"": ""0 - 1"", ""pct"": 11.75}, {""score"": ""1 - 1"", ""pct"": 11.0}, {""score"": ""1 - 2"", ""pct"": 9.94}]"
Sweden,Egypt,Neutral,1.034,1.506,24.7,27.6,47.7,25.7,4.2,6.2,48.1,6.9,8.9,36.1,63.9,"[{""score"": ""1 - 1"", ""pct"": 12.53}, {""score"": ""0 - 1"", ""pct"": 11.86}, {""score"": ""1 - 2"", ""pct"": 9.51}]"
Sweden,Iraq,Neutral,1.124,1.286,31.9,29.3,38.8,32.0,5.7,7.9,38.7,6.3,9.3,45.7,54.3,"[{""score"": ""1 - 1"", ""pct"": 13.33}, {""score"": ""0 - 1"", ""pct"": 11.51}, {""score"": ""1 - 0"", ""pct"": 10.31}]"
Sweden,Switzerland,Neutral,0.995,1.799,19.7,24.3,56.1,19.9,3.5,4.8,56.6,7.1,8.0,28.3,71.7,"[{""score"": ""0 - 1"", ""pct"": 11.58}, {""score"": ""1 - 1"", ""pct"": 10.81}, {""score"": ""1 - 2"", ""pct"": 10.059999999999999}]"
Sweden,Brazil,Neutral,0.826,2.103,12.5,20.3,67.2,12.5,2.4,2.8,67.5,7.4,7.5,17.7,82.3,"[{""score"": ""0 - 1"", ""pct"": 12.09}, {""score"": ""0 - 2"", ""pct"": 11.799999999999999}, {""score"": ""1 - 2"", ""pct"": 9.59}]"
Sweden,United States,Neutral,1.084,1.599,25.3,26.6,48.1,25.2,4.3,5.7,48.7,7.0,9.1,35.2,64.8,"[{""score"": ""1 - 1"", ""pct"": 12.17}, {""score"": ""0 - 1"", ""pct"": 10.99}, {""score"": ""1 - 2"", ""pct"": 8.91}]"
Sweden,Ghana,Neutral,1.469,1.051,46.3,27.3,26.4,46.7,7.0,9.1,26.2,4.5,6.4,62.9,37.1,"[{""score"": ""1 - 1"", ""pct"": 12.520000000000001}, {""score"": ""1 - 0"", ""pct"": 11.690000000000001}, {""score"": ""0 - 0"", ""pct"": 8.799999999999999}]"
Sweden,Uruguay,Neutral,0.852,1.858,15.5,23.5,61.0,16.1,2.8,4.0,61.6,7.5,8.0,22.8,77.2,"[{""score"": ""0 - 1"", ""pct"": 13.200000000000001}, {""score"": ""0 - 2"", ""pct"": 11.59}, {""score"": ""1 - 1"", ""pct"": 10.71}]"
Sweden,Portugal,Neutral,0.797,1.973,13.2,21.9,64.9,13.6,2.8,3.3,65.0,7.6,7.8,19.6,80.4,"[{""score"": ""0 - 1"", ""pct"": 12.33}, {""score"": ""0 - 2"", ""pct"": 12.23}, {""score"": ""1 - 1"", ""pct"": 9.569999999999999}]"
Sweden,Algeria,Neutral,0.988,1.792,19.6,24.0,56.4,19.9,3.4,4.4,56.6,7.3,8.3,27.7,72.3,"[{""score"": ""0 - 1"", ""pct"": 11.48}, {""score"": ""1 - 1"", ""pct"": 10.81}, {""score"": ""1 - 2"", ""pct"": 9.93}]"
Sweden,Spain,Neutral,0.732,2.41,8.1,16.2,75.7,8.2,1.4,1.8,75.7,6.7,6.2,11.5,88.5,"[{""score"": ""0 - 2"", ""pct"": 12.42}, {""score"": ""0 - 1"", ""pct"": 10.74}, {""score"": ""0 - 3"", ""pct"": 10.03}]"
Sweden,Bosnia and Herzegovina,Neutral,1.565,1.063,49.3,25.5,25.2,49.0,7.4,8.4,24.5,4.6,6.1,64.9,35.1,"[{""score"": ""1 - 0"", ""pct"": 12.04}, {""score"": ""1 - 1"", ""pct"": 11.73}, {""score"": ""2 - 1"", ""pct"": 9.2}]"
Sweden,South Africa,Neutral,1.306,1.187,39.0,28.1,33.0,38.9,6.5,8.7,32.5,5.9,7.5,54.0,46.0,"[{""score"": ""1 - 1"", ""pct"": 13.03}, {""score"": ""1 - 0"", ""pct"": 11.39}, {""score"": ""0 - 1"", ""pct"": 10.61}]"
Sweden,DR Congo,Neutral,1.056,1.228,30.8,30.2,39.0,30.3,5.7,8.2,39.6,6.8,9.4,44.2,55.8,"[{""score"": ""1 - 1"", ""pct"": 13.34}, {""score"": ""0 - 1"", ""pct"": 12.509999999999998}, {""score"": ""0 - 0"", ""pct"": 11.540000000000001}]"
Sweden,Croatia,Neutral,0.978,1.863,18.6,24.4,57.0,18.9,3.5,3.9,58.5,7.4,7.8,26.3,73.7,"[{""score"": ""1 - 1"", ""pct"": 11.03}, {""score"": ""0 - 1"", ""pct"": 10.780000000000001}, {""score"": ""1 - 2"", ""pct"": 10.05}]"
Sweden,Norway,Neutral,0.966,1.838,18.6,23.4,58.0,18.6,3.3,4.5,57.3,7.4,8.8,26.5,73.5,"[{""score"": ""0 - 1"", ""pct"": 11.5}, {""score"": ""1 - 1"", ""pct"": 11.04}, {""score"": ""0 - 2"", ""pct"": 10.03}]"
Sweden,Turkey,Neutral,0.958,1.838,18.6,23.4,58.0,17.8,3.5,4.1,59.3,6.9,8.4,25.4,74.6,"[{""score"": ""0 - 1"", ""pct"": 11.61}, {""score"": ""1 - 1"", ""pct"": 10.9}, {""score"": ""0 - 2"", ""pct"": 10.209999999999999}]"
Sweden,Morocco,Neutral,0.786,1.974,12.8,21.2,66.0,12.5,2.6,3.2,66.3,7.3,8.0,18.4,81.6,"[{""score"": ""0 - 1"", ""pct"": 13.29}, {""score"": ""0 - 2"", ""pct"": 12.44}, {""score"": ""1 - 2"", ""pct"": 9.94}]"
Sweden,Haiti,Neutral,1.16,1.379,30.3,28.3,41.4,30.6,5.5,6.7,41.5,6.7,8.9,42.8,57.2,"[{""score"": ""1 - 1"", ""pct"": 12.8}, {""score"": ""0 - 1"", ""pct"": 10.879999999999999}, {""score"": ""0 - 0"", ""pct"": 9.06}]"
Sweden,South Korea,Neutral,1.017,1.787,19.8,24.0,56.2,20.4,4.2,5.0,55.5,6.6,8.3,29.6,70.4,"[{""score"": ""0 - 1"", ""pct"": 11.26}, {""score"": ""1 - 1"", ""pct"": 10.6}, {""score"": ""1 - 2"", ""pct"": 10.35}]"
Sweden,Curaçao,Neutral,1.577,1.086,48.8,26.3,24.9,47.8,7.3,8.9,25.6,4.2,6.2,64.0,36.0,"[{""score"": ""1 - 1"", ""pct"": 12.04}, {""score"": ""1 - 0"", ""pct"": 11.21}, {""score"": ""2 - 1"", ""pct"": 9.47}]"
Sweden,Paraguay,Neutral,1.01,1.744,20.6,24.7,54.7,20.7,3.8,4.9,55.1,7.4,8.0,29.5,70.5,"[{""score"": ""1 - 1"", ""pct"": 11.48}, {""score"": ""0 - 1"", ""pct"": 10.76}, {""score"": ""1 - 2"", ""pct"": 10.17}]"
Sweden,Iran,Neutral,0.948,1.844,17.9,23.9,58.2,18.3,3.5,4.3,58.3,7.5,8.1,26.1,73.9,"[{""score"": ""0 - 1"", ""pct"": 11.97}, {""score"": ""1 - 1"", ""pct"": 10.879999999999999}, {""score"": ""1 - 2"", ""pct"": 10.299999999999999}]"
Netherlands,Jordan,Neutral,1.729,1.046,52.8,25.5,21.7,52.6,7.9,8.2,21.9,4.4,5.0,68.7,31.3,"[{""score"": ""1 - 0"", ""pct"": 11.59}, {""score"": ""1 - 1"", ""pct"": 11.55}, {""score"": ""2 - 1"", ""pct"": 9.69}]"
Netherlands,Australia,Neutral,1.295,1.157,39.3,28.9,31.8,39.0,6.4,9.0,32.7,5.5,7.4,54.4,45.6,"[{""score"": ""1 - 1"", ""pct"": 12.86}, {""score"": ""1 - 0"", ""pct"": 11.76}, {""score"": ""0 - 0"", ""pct"": 9.84}]"
Netherlands,Germany,Neutral,1.27,1.245,36.5,27.7,35.8,36.2,5.8,8.8,35.1,5.7,8.4,50.8,49.2,"[{""score"": ""1 - 1"", ""pct"": 12.53}, {""score"": ""0 - 1"", ""pct"": 10.620000000000001}, {""score"": ""1 - 0"", ""pct"": 10.440000000000001}]"
Netherlands,Canada,Neutral,1.356,1.041,43.4,28.6,28.0,43.3,6.2,9.5,28.8,5.0,7.3,58.9,41.1,"[{""score"": ""1 - 1"", ""pct"": 12.93}, {""score"": ""1 - 0"", ""pct"": 12.33}, {""score"": ""0 - 0"", ""pct"": 9.64}]"
Netherlands,Czech Republic,Neutral,1.772,0.926,57.7,24.1,18.3,57.0,7.7,9.0,18.1,3.4,4.8,73.7,26.3,"[{""score"": ""1 - 0"", ""pct"": 12.23}, {""score"": ""1 - 1"", ""pct"": 10.77}, {""score"": ""2 - 0"", ""pct"": 10.190000000000001}]"
Netherlands,Saudi Arabia,Neutral,1.812,0.793,62.2,22.9,14.9,62.4,7.1,8.7,14.7,2.8,4.3,78.2,21.8,"[{""score"": ""1 - 0"", ""pct"": 14.09}, {""score"": ""2 - 0"", ""pct"": 12.21}, {""score"": ""1 - 1"", ""pct"": 10.27}]"
Netherlands,Mexico,Neutral,1.162,1.204,34.5,27.9,37.6,34.5,5.9,8.3,35.9,6.8,8.7,48.6,51.4,"[{""score"": ""1 - 1"", ""pct"": 12.85}, {""score"": ""0 - 1"", ""pct"": 11.84}, {""score"": ""1 - 0"", ""pct"": 10.979999999999999}]"
Netherlands,Argentina,Neutral,0.981,1.635,21.4,26.3,52.3,21.5,3.7,5.5,52.7,7.4,9.2,30.7,69.3,"[{""score"": ""0 - 1"", ""pct"": 12.5}, {""score"": ""1 - 1"", ""pct"": 12.139999999999999}, {""score"": ""1 - 2"", ""pct"": 9.9}]"
Netherlands,New Zealand,Neutral,1.854,0.879,60.7,23.2,16.1,59.8,7.6,8.0,17.2,3.1,4.2,75.4,24.6,"[{""score"": ""1 - 0"", ""pct"": 11.75}, {""score"": ""2 - 0"", ""pct"": 11.44}, {""score"": ""1 - 1"", ""pct"": 10.79}]"
Netherlands,Senegal,Neutral,1.316,1.146,39.0,29.5,31.5,39.5,6.7,8.6,32.1,5.5,7.6,54.8,45.2,"[{""score"": ""1 - 1"", ""pct"": 12.83}, {""score"": ""1 - 0"", ""pct"": 10.7}, {""score"": ""0 - 0"", ""pct"": 9.879999999999999}]"
Netherlands,Sweden,Neutral,1.919,0.84,62.2,22.6,15.2,63.1,8.0,8.3,14.4,2.9,3.4,79.4,20.6,"[{""score"": ""1 - 0"", ""pct"": 12.9}, {""score"": ""2 - 0"", ""pct"": 11.39}, {""score"": ""1 - 1"", ""pct"": 10.35}]"
Netherlands,Tunisia,Neutral,1.638,0.896,54.5,25.9,19.6,54.4,7.7,9.9,19.1,3.5,5.2,72.1,27.9,"[{""score"": ""1 - 0"", ""pct"": 12.690000000000001}, {""score"": ""1 - 1"", ""pct"": 12.09}, {""score"": ""2 - 0"", ""pct"": 10.82}]"
Netherlands,Scotland,Neutral,1.683,1.026,53.1,25.4,21.5,52.7,7.9,8.6,21.9,4.1,4.9,69.2,30.8,"[{""score"": ""1 - 1"", ""pct"": 11.75}, {""score"": ""1 - 0"", ""pct"": 11.39}, {""score"": ""2 - 1"", ""pct"": 9.68}]"
Netherlands,Colombia,Neutral,1.14,1.461,27.9,27.5,44.7,28.1,5.0,6.9,44.5,6.7,8.7,40.0,60.0,"[{""score"": ""1 - 1"", ""pct"": 12.15}, {""score"": ""0 - 1"", ""pct"": 11.43}, {""score"": ""0 - 0"", ""pct"": 8.77}]"
Netherlands,Japan,Neutral,1.113,1.302,30.9,28.6,40.5,30.7,5.4,6.8,41.1,6.9,9.1,42.9,57.1,"[{""score"": ""1 - 1"", ""pct"": 12.770000000000001}, {""score"": ""0 - 1"", ""pct"": 11.39}, {""score"": ""0 - 0"", ""pct"": 10.01}]"
Netherlands,France,Neutral,1.142,1.487,28.3,27.3,44.3,28.2,5.2,6.4,44.9,6.9,8.4,39.8,60.2,"[{""score"": ""1 - 1"", ""pct"": 12.23}, {""score"": ""0 - 1"", ""pct"": 11.34}, {""score"": ""1 - 2"", ""pct"": 8.75}]"
Netherlands,Uzbekistan,Neutral,1.462,1.023,47.3,26.9,25.8,47.8,7.0,8.8,25.5,4.7,6.1,63.6,36.4,"[{""score"": ""1 - 0"", ""pct"": 12.690000000000001}, {""score"": ""1 - 1"", ""pct"": 12.21}, {""score"": ""2 - 1"", ""pct"": 9.16}]"
Netherlands,Ecuador,Neutral,1.147,1.274,32.3,28.5,39.1,32.5,6.0,7.7,38.1,7.0,8.6,46.3,53.7,"[{""score"": ""1 - 1"", ""pct"": 12.65}, {""score"": ""0 - 1"", ""pct"": 11.37}, {""score"": ""1 - 0"", ""pct"": 10.02}]"
Netherlands,Qatar,Neutral,2.498,0.657,77.6,15.1,7.3,78.2,6.5,5.8,6.8,1.3,1.3,90.5,9.5,"[{""score"": ""2 - 0"", ""pct"": 13.04}, {""score"": ""1 - 0"", ""pct"": 11.379999999999999}, {""score"": ""3 - 0"", ""pct"": 10.6}]"
Netherlands,Ivory Coast,Neutral,1.562,1.015,49.6,26.2,24.2,49.9,6.9,9.0,24.3,4.3,5.6,65.8,34.2,"[{""score"": ""1 - 0"", ""pct"": 12.65}, {""score"": ""1 - 1"", ""pct"": 11.87}, {""score"": ""2 - 0"", ""pct"": 9.09}]"
Netherlands,England,Neutral,1.015,1.44,25.1,28.1,46.8,25.9,4.6,6.0,46.5,7.0,10.1,36.4,63.5,"[{""score"": ""1 - 1"", ""pct"": 12.690000000000001}, {""score"": ""0 - 1"", ""pct"": 12.6}, {""score"": ""1 - 2"", ""pct"": 9.610000000000001}]"
Netherlands,Cape Verde,Neutral,1.851,0.756,63.0,23.6,13.4,64.0,7.1,8.9,14.0,2.5,3.5,80.0,20.0,"[{""score"": ""1 - 0"", ""pct"": 13.19}, {""score"": ""2 - 0"", ""pct"": 12.959999999999999}, {""score"": ""1 - 1"", ""pct"": 10.36}]"
Netherlands,Panama,Neutral,1.605,1.081,49.4,26.1,24.6,49.2,7.0,8.8,24.7,4.2,6.0,65.1,34.9,"[{""score"": ""1 - 0"", ""pct"": 12.2}, {""score"": ""1 - 1"", ""pct"": 11.89}, {""score"": ""2 - 0"", ""pct"": 8.81}]"
Netherlands,Austria,Neutral,1.483,1.038,47.2,27.6,25.2,47.8,7.2,9.4,24.6,4.4,6.6,64.4,35.6,"[{""score"": ""1 - 1"", ""pct"": 12.879999999999999}, {""score"": ""1 - 0"", ""pct"": 11.690000000000001}, {""score"": ""0 - 0"", ""pct"": 9.11}]"
Netherlands,Belgium,Neutral,1.298,1.146,40.0,27.9,32.1,39.3,6.7,8.9,31.4,5.8,7.8,54.9,45.1,"[{""score"": ""1 - 1"", ""pct"": 12.5}, {""score"": ""1 - 0"", ""pct"": 11.86}, {""score"": ""0 - 1"", ""pct"": 10.43}]"
Netherlands,Egypt,Neutral,1.526,0.971,50.3,26.8,22.9,49.6,7.1,9.6,23.4,4.2,6.0,66.3,33.7,"[{""score"": ""1 - 0"", ""pct"": 13.11}, {""score"": ""1 - 1"", ""pct"": 11.85}, {""score"": ""2 - 1"", ""pct"": 9.46}]"
Netherlands,Iraq,Neutral,1.598,0.882,54.9,26.0,19.1,54.0,7.1,9.9,19.8,3.8,5.4,71.1,28.9,"[{""score"": ""1 - 0"", ""pct"": 14.280000000000001}, {""score"": ""1 - 1"", ""pct"": 12.06}, {""score"": ""2 - 0"", ""pct"": 10.51}]"
Netherlands,Switzerland,Neutral,1.347,1.13,41.8,27.4,30.8,41.4,6.5,9.3,29.8,5.8,7.2,57.2,42.8,"[{""score"": ""1 - 1"", ""pct"": 12.280000000000001}, {""score"": ""1 - 0"", ""pct"": 11.52}, {""score"": ""0 - 1"", ""pct"": 9.700000000000001}]"
Netherlands,Brazil,Neutral,1.151,1.476,29.1,27.2,43.7,29.0,5.0,6.7,44.9,6.6,7.9,40.6,59.4,"[{""score"": ""1 - 1"", ""pct"": 12.659999999999998}, {""score"": ""0 - 1"", ""pct"": 10.94}, {""score"": ""1 - 2"", ""pct"": 9.19}]"
Netherlands,United States,Neutral,1.665,1.042,51.5,25.4,23.1,52.6,7.3,8.5,22.0,4.2,5.4,68.4,31.6,"[{""score"": ""1 - 1"", ""pct"": 11.66}, {""score"": ""1 - 0"", ""pct"": 11.62}, {""score"": ""2 - 1"", ""pct"": 9.46}]"
Netherlands,Ghana,Neutral,1.881,0.712,66.2,21.4,12.4,65.1,7.5,8.7,13.1,2.6,2.9,81.3,18.7,"[{""score"": ""1 - 0"", ""pct"": 14.66}, {""score"": ""2 - 0"", ""pct"": 12.8}, {""score"": ""2 - 1"", ""pct"": 10.26}]"
Netherlands,Uruguay,Neutral,1.273,1.183,38.0,28.4,33.6,38.1,6.5,8.9,32.9,5.7,7.8,53.6,46.4,"[{""score"": ""1 - 1"", ""pct"": 12.72}, {""score"": ""1 - 0"", ""pct"": 10.71}, {""score"": ""0 - 1"", ""pct"": 10.5}]"
Netherlands,Portugal,Neutral,1.171,1.334,32.1,28.0,39.9,32.8,5.7,7.5,39.5,6.0,8.5,46.0,54.0,"[{""score"": ""1 - 1"", ""pct"": 12.55}, {""score"": ""0 - 1"", ""pct"": 10.81}, {""score"": ""1 - 0"", ""pct"": 9.25}]"
Netherlands,Algeria,Neutral,1.359,1.071,42.2,28.4,29.3,42.8,6.9,8.9,28.8,5.1,7.5,58.6,41.4,"[{""score"": ""1 - 1"", ""pct"": 12.370000000000001}, {""score"": ""1 - 0"", ""pct"": 11.4}, {""score"": ""0 - 0"", ""pct"": 10.059999999999999}]"
Netherlands,Spain,Neutral,1.002,1.676,21.3,25.9,52.8,21.3,3.8,5.4,53.2,7.5,8.8,30.4,69.6,"[{""score"": ""1 - 1"", ""pct"": 12.08}, {""score"": ""0 - 1"", ""pct"": 11.379999999999999}, {""score"": ""0 - 2"", ""pct"": 9.82}]"
Netherlands,Bosnia and Herzegovina,Neutral,2.186,0.697,71.4,18.7,9.8,72.6,7.2,6.8,9.5,1.7,2.3,86.5,13.5,"[{""score"": ""2 - 0"", ""pct"": 13.669999999999998}, {""score"": ""1 - 0"", ""pct"": 13.059999999999999}, {""score"": ""2 - 1"", ""pct"": 9.62}]"
Netherlands,South Africa,Neutral,1.779,0.738,62.9,23.9,13.2,63.3,6.8,9.1,13.8,2.8,4.2,79.2,20.8,"[{""score"": ""1 - 0"", ""pct"": 14.940000000000001}, {""score"": ""2 - 0"", ""pct"": 12.55}, {""score"": ""1 - 1"", ""pct"": 10.780000000000001}]"
Netherlands,DR Congo,Neutral,1.532,0.88,51.9,27.1,20.9,52.4,7.5,10.0,20.4,4.0,5.8,69.9,30.1,"[{""score"": ""1 - 0"", ""pct"": 13.74}, {""score"": ""1 - 1"", ""pct"": 11.99}, {""score"": ""2 - 0"", ""pct"": 10.26}]"
Netherlands,Croatia,Neutral,1.351,1.184,40.4,28.2,31.4,39.5,6.8,8.2,32.3,5.5,7.8,54.5,45.5,"[{""score"": ""1 - 1"", ""pct"": 12.5}, {""score"": ""1 - 0"", ""pct"": 10.97}, {""score"": ""0 - 0"", ""pct"": 9.35}]"
Netherlands,Norway,Neutral,1.323,1.176,40.4,27.9,31.8,39.7,6.6,8.8,31.7,5.6,7.6,55.0,44.9,"[{""score"": ""1 - 1"", ""pct"": 12.509999999999998}, {""score"": ""1 - 0"", ""pct"": 11.89}, {""score"": ""0 - 1"", ""pct"": 9.56}]"
Netherlands,Turkey,Neutral,1.291,1.156,38.9,28.7,32.4,38.8,6.8,8.7,32.2,5.8,7.7,54.2,45.8,"[{""score"": ""1 - 1"", ""pct"": 13.03}, {""score"": ""1 - 0"", ""pct"": 11.379999999999999}, {""score"": ""0 - 0"", ""pct"": 9.82}]"
Netherlands,Morocco,Neutral,1.151,1.311,31.5,28.7,39.8,31.9,5.6,8.1,39.2,6.6,8.6,45.5,54.5,"[{""score"": ""1 - 1"", ""pct"": 13.100000000000001}, {""score"": ""0 - 1"", ""pct"": 11.24}, {""score"": ""1 - 0"", ""pct"": 9.73}]"
Netherlands,Haiti,Neutral,1.721,0.905,56.7,24.8,18.6,56.4,8.0,8.8,18.6,3.3,4.9,73.2,26.8,"[{""score"": ""1 - 0"", ""pct"": 12.23}, {""score"": ""1 - 1"", ""pct"": 11.39}, {""score"": ""2 - 0"", ""pct"": 10.290000000000001}]"
Netherlands,South Korea,Neutral,1.355,1.115,42.3,28.2,29.5,41.8,7.0,9.8,29.6,5.2,6.7,58.6,41.4,"[{""score"": ""1 - 1"", ""pct"": 12.9}, {""score"": ""1 - 0"", ""pct"": 11.84}, {""score"": ""0 - 0"", ""pct"": 9.59}]"
Netherlands,Curaçao,Neutral,2.003,0.737,67.5,20.4,12.1,66.8,7.2,8.4,12.2,2.3,3.1,82.4,17.6,"[{""score"": ""1 - 0"", ""pct"": 13.68}, {""score"": ""2 - 0"", ""pct"": 13.11}, {""score"": ""2 - 1"", ""pct"": 9.36}]"
Netherlands,Paraguay,Neutral,1.337,1.097,41.8,27.6,30.6,41.1,7.0,9.1,29.9,5.3,7.6,57.2,42.8,"[{""score"": ""1 - 1"", ""pct"": 12.379999999999999}, {""score"": ""1 - 0"", ""pct"": 11.68}, {""score"": ""0 - 1"", ""pct"": 10.190000000000001}]"
Netherlands,Iran,Neutral,1.289,1.173,38.4,29.3,32.3,38.7,7.0,8.7,32.4,5.7,7.3,54.5,45.5,"[{""score"": ""1 - 1"", ""pct"": 13.420000000000002}, {""score"": ""1 - 0"", ""pct"": 11.1}, {""score"": ""0 - 1"", ""pct"": 10.36}]"
Tunisia,Jordan,Neutral,1.198,1.302,33.1,29.1,37.8,32.8,5.4,7.9,38.7,6.3,8.9,46.0,54.0,"[{""score"": ""1 - 1"", ""pct"": 13.23}, {""score"": ""0 - 1"", ""pct"": 10.780000000000001}, {""score"": ""1 - 0"", ""pct"": 9.790000000000001}]"
Tunisia,Australia,Neutral,1.002,1.556,22.8,27.2,50.0,23.2,4.3,5.9,50.5,7.3,8.9,33.4,66.6,"[{""score"": ""1 - 1"", ""pct"": 12.43}, {""score"": ""0 - 1"", ""pct"": 12.389999999999999}, {""score"": ""1 - 2"", ""pct"": 9.44}]"
Tunisia,Germany,Neutral,0.927,1.702,19.7,24.6,55.7,19.5,3.7,4.7,55.6,7.4,9.1,28.0,72.0,"[{""score"": ""0 - 1"", ""pct"": 12.64}, {""score"": ""1 - 1"", ""pct"": 11.200000000000001}, {""score"": ""0 - 2"", ""pct"": 9.98}]"
Tunisia,Canada,Neutral,0.94,1.469,23.4,27.9,48.8,23.3,4.2,6.4,49.6,7.0,9.5,33.9,66.1,"[{""score"": ""0 - 1"", ""pct"": 13.089999999999998}, {""score"": ""1 - 1"", ""pct"": 12.41}, {""score"": ""0 - 0"", ""pct"": 9.89}]"
Tunisia,Czech Republic,Neutral,1.244,1.186,38.2,27.7,34.1,37.3,6.4,8.6,34.0,6.0,7.7,52.3,47.7,"[{""score"": ""1 - 1"", ""pct"": 12.21}, {""score"": ""1 - 0"", ""pct"": 11.67}, {""score"": ""0 - 1"", ""pct"": 10.07}]"
Tunisia,Saudi Arabia,Neutral,1.301,1.074,41.0,28.9,30.1,41.1,6.7,9.5,29.8,5.3,7.6,57.3,42.7,"[{""score"": ""1 - 1"", ""pct"": 12.61}, {""score"": ""1 - 0"", ""pct"": 12.34}, {""score"": ""0 - 0"", ""pct"": 10.7}]"
Tunisia,Mexico,Neutral,0.853,1.585,18.8,26.2,55.0,19.5,3.5,5.3,54.2,7.8,9.7,28.3,71.7,"[{""score"": ""0 - 1"", ""pct"": 14.330000000000002}, {""score"": ""1 - 1"", ""pct"": 11.469999999999999}, {""score"": ""0 - 2"", ""pct"": 10.69}]"
Tunisia,Argentina,Neutral,0.651,1.957,10.2,20.5,69.2,10.6,1.5,2.8,69.1,7.7,8.4,14.8,85.1,"[{""score"": ""0 - 1"", ""pct"": 14.57}, {""score"": ""0 - 2"", ""pct"": 13.54}, {""score"": ""1 - 2"", ""pct"": 9.81}]"
Tunisia,New Zealand,Neutral,1.315,1.119,40.0,29.3,30.6,40.6,6.6,9.0,30.6,5.3,7.8,56.2,43.8,"[{""score"": ""1 - 1"", ""pct"": 13.44}, {""score"": ""1 - 0"", ""pct"": 11.4}, {""score"": ""0 - 0"", ""pct"": 9.959999999999999}]"
Tunisia,Senegal,Neutral,1.008,1.588,23.4,26.9,49.7,23.4,4.3,5.6,51.1,7.3,8.4,33.3,66.7,"[{""score"": ""1 - 1"", ""pct"": 12.04}, {""score"": ""0 - 1"", ""pct"": 11.63}, {""score"": ""1 - 2"", ""pct"": 9.56}]"
Tunisia,Sweden,Neutral,1.352,1.139,41.2,28.1,30.7,42.2,6.7,8.7,29.9,5.7,6.9,57.6,42.4,"[{""score"": ""1 - 1"", ""pct"": 12.73}, {""score"": ""1 - 0"", ""pct"": 11.219999999999999}, {""score"": ""0 - 1"", ""pct"": 9.54}]"
Tunisia,Netherlands,Neutral,0.896,1.638,19.5,25.9,54.6,20.0,3.7,5.1,54.3,7.5,9.2,28.9,71.1,"[{""score"": ""0 - 1"", ""pct"": 13.44}, {""score"": ""1 - 1"", ""pct"": 11.74}, {""score"": ""0 - 2"", ""pct"": 10.22}]"
Tunisia,Scotland,Neutral,1.111,1.278,32.1,28.5,39.4,30.8,5.9,8.0,39.8,6.3,9.2,44.6,55.4,"[{""score"": ""1 - 1"", ""pct"": 12.86}, {""score"": ""0 - 1"", ""pct"": 11.63}, {""score"": ""1 - 0"", ""pct"": 10.23}]"
Tunisia,Colombia,Neutral,0.762,1.695,15.6,25.3,59.1,16.3,2.9,4.3,58.9,7.6,10.1,23.4,76.6,"[{""score"": ""0 - 1"", ""pct"": 14.469999999999999}, {""score"": ""0 - 2"", ""pct"": 12.21}, {""score"": ""1 - 1"", ""pct"": 11.37}]"
Tunisia,Japan,Neutral,0.748,1.673,15.8,25.0,59.2,15.8,3.0,4.6,59.3,7.4,9.9,23.4,76.6,"[{""score"": ""0 - 1"", ""pct"": 14.96}, {""score"": ""0 - 2"", ""pct"": 12.27}, {""score"": ""1 - 1"", ""pct"": 10.85}]"
Tunisia,France,Neutral,0.757,1.747,14.3,24.6,61.2,14.7,2.9,4.0,61.2,7.6,9.5,21.7,78.3,"[{""score"": ""0 - 1"", ""pct"": 14.430000000000001}, {""score"": ""0 - 2"", ""pct"": 12.57}, {""score"": ""1 - 1"", ""pct"": 10.95}]"
Tunisia,Uzbekistan,Neutral,1.012,1.406,25.1,28.8,46.1,26.1,5.0,7.0,45.4,7.5,9.1,38.0,62.0,"[{""score"": ""1 - 1"", ""pct"": 12.72}, {""score"": ""0 - 1"", ""pct"": 12.540000000000001}, {""score"": ""0 - 0"", ""pct"": 10.489999999999998}]"
Tunisia,Ecuador,Neutral,0.78,1.614,16.9,26.2,56.8,17.3,3.2,4.8,56.8,7.8,10.1,25.3,74.7,"[{""score"": ""0 - 1"", ""pct"": 15.03}, {""score"": ""1 - 1"", ""pct"": 11.83}, {""score"": ""0 - 2"", ""pct"": 10.83}]"
Tunisia,Qatar,Neutral,1.747,0.908,56.7,24.9,18.4,57.2,7.5,8.8,18.4,3.8,4.2,73.5,26.5,"[{""score"": ""1 - 0"", ""pct"": 12.42}, {""score"": ""1 - 1"", ""pct"": 11.51}, {""score"": ""2 - 0"", ""pct"": 10.14}]"
Tunisia,Ivory Coast,Neutral,1.043,1.274,29.5,29.1,41.4,29.0,5.3,7.9,41.2,6.8,9.8,42.3,57.7,"[{""score"": ""1 - 1"", ""pct"": 12.91}, {""score"": ""0 - 1"", ""pct"": 12.76}, {""score"": ""0 - 0"", ""pct"": 10.73}]"
Tunisia,England,Neutral,0.703,1.713,14.4,23.7,61.9,13.7,2.7,4.0,61.9,7.7,10.1,20.4,79.6,"[{""score"": ""0 - 1"", ""pct"": 15.14}, {""score"": ""0 - 2"", ""pct"": 13.63}, {""score"": ""1 - 1"", ""pct"": 10.17}]"
Tunisia,Cape Verde,Neutral,1.423,0.991,46.4,28.4,25.2,46.4,7.4,10.0,25.0,4.8,6.4,63.8,36.2,"[{""score"": ""1 - 0"", ""pct"": 12.68}, {""score"": ""1 - 1"", ""pct"": 12.47}, {""score"": ""0 - 0"", ""pct"": 10.459999999999999}]"
Tunisia,Panama,Neutral,1.08,1.478,25.9,27.1,47.0,26.3,5.1,6.0,47.2,7.0,8.5,37.4,62.6,"[{""score"": ""0 - 1"", ""pct"": 12.23}, {""score"": ""1 - 1"", ""pct"": 12.09}, {""score"": ""1 - 2"", ""pct"": 9.01}]"
Tunisia,Austria,Neutral,0.993,1.437,25.1,28.0,46.9,25.7,4.5,6.9,46.1,7.3,9.4,37.1,62.8,"[{""score"": ""0 - 1"", ""pct"": 13.420000000000002}, {""score"": ""1 - 1"", ""pct"": 12.21}, {""score"": ""0 - 0"", ""pct"": 9.790000000000001}]"
Tunisia,Belgium,Neutral,0.98,1.596,22.4,25.9,51.7,22.2,4.2,5.9,51.4,7.2,9.1,32.3,67.7,"[{""score"": ""0 - 1"", ""pct"": 12.959999999999999}, {""score"": ""1 - 1"", ""pct"": 11.959999999999999}, {""score"": ""1 - 2"", ""pct"": 9.6}]"
Tunisia,Egypt,Neutral,1.036,1.208,30.1,29.5,40.4,30.2,5.7,8.2,39.0,7.0,9.9,44.1,55.9,"[{""score"": ""1 - 1"", ""pct"": 13.26}, {""score"": ""0 - 1"", ""pct"": 12.770000000000001}, {""score"": ""0 - 0"", ""pct"": 10.65}]"
Tunisia,Iraq,Neutral,1.137,1.135,35.6,30.0,34.4,34.8,6.0,9.3,35.2,6.1,8.6,50.0,50.0,"[{""score"": ""1 - 1"", ""pct"": 13.850000000000001}, {""score"": ""1 - 0"", ""pct"": 11.68}, {""score"": ""0 - 1"", ""pct"": 11.32}]"
Tunisia,Switzerland,Neutral,1.002,1.588,23.4,26.4,50.2,23.1,4.2,5.8,50.4,7.5,9.0,33.1,66.9,"[{""score"": ""1 - 1"", ""pct"": 12.33}, {""score"": ""0 - 1"", ""pct"": 11.98}, {""score"": ""1 - 2"", ""pct"": 9.19}]"
Tunisia,Brazil,Neutral,0.769,1.773,15.3,23.2,61.5,14.5,2.9,4.1,61.8,7.5,9.2,21.5,78.5,"[{""score"": ""0 - 1"", ""pct"": 14.23}, {""score"": ""0 - 2"", ""pct"": 11.97}, {""score"": ""1 - 1"", ""pct"": 10.51}]"
Tunisia,United States,Neutral,1.078,1.427,27.7,27.5,44.8,28.2,4.5,7.0,44.5,7.2,8.5,39.8,60.2,"[{""score"": ""1 - 1"", ""pct"": 12.49}, {""score"": ""0 - 1"", ""pct"": 11.57}, {""score"": ""1 - 2"", ""pct"": 9.22}]"
Tunisia,Ghana,Neutral,1.445,0.942,49.1,27.3,23.6,48.5,7.3,9.7,23.7,4.3,6.4,65.5,34.5,"[{""score"": ""1 - 0"", ""pct"": 13.3}, {""score"": ""1 - 1"", ""pct"": 12.479999999999999}, {""score"": ""0 - 0"", ""pct"": 9.67}]"
Tunisia,Uruguay,Neutral,0.925,1.56,22.0,26.5,51.5,21.9,3.6,5.8,52.2,7.4,9.2,31.2,68.8,"[{""score"": ""0 - 1"", ""pct"": 13.18}, {""score"": ""1 - 1"", ""pct"": 11.68}, {""score"": ""0 - 2"", ""pct"": 9.790000000000001}]"
Tunisia,Portugal,Neutral,0.816,1.7,16.8,25.1,58.1,17.0,3.3,4.8,58.1,7.6,9.2,25.1,74.9,"[{""score"": ""0 - 1"", ""pct"": 13.569999999999999}, {""score"": ""0 - 2"", ""pct"": 11.48}, {""score"": ""1 - 1"", ""pct"": 11.43}]"
Tunisia,Algeria,Neutral,0.937,1.533,21.5,27.1,51.5,22.2,4.0,6.0,51.3,7.1,9.3,32.3,67.7,"[{""score"": ""0 - 1"", ""pct"": 13.61}, {""score"": ""1 - 1"", ""pct"": 12.2}, {""score"": ""1 - 2"", ""pct"": 9.89}]"
Tunisia,Spain,Neutral,0.673,1.978,10.9,20.7,68.4,10.8,2.1,2.9,68.7,7.3,8.4,15.7,84.3,"[{""score"": ""0 - 1"", ""pct"": 14.84}, {""score"": ""0 - 2"", ""pct"": 13.83}, {""score"": ""1 - 2"", ""pct"": 9.569999999999999}]"
Tunisia,Bosnia and Herzegovina,Neutral,1.604,0.954,53.0,26.1,21.0,53.5,7.3,9.2,20.5,3.9,5.6,70.0,30.0,"[{""score"": ""1 - 0"", ""pct"": 13.33}, {""score"": ""1 - 1"", ""pct"": 11.88}, {""score"": ""2 - 0"", ""pct"": 10.059999999999999}]"
Tunisia,South Africa,Neutral,1.397,0.983,46.4,28.5,25.2,46.4,6.9,9.6,25.6,4.7,6.8,62.9,37.1,"[{""score"": ""1 - 0"", ""pct"": 12.93}, {""score"": ""1 - 1"", ""pct"": 12.540000000000001}, {""score"": ""0 - 0"", ""pct"": 10.38}]"
Tunisia,DR Congo,Neutral,1.069,1.095,33.3,31.2,35.5,33.5,5.9,9.6,35.8,6.3,8.9,49.0,51.0,"[{""score"": ""1 - 1"", ""pct"": 13.87}, {""score"": ""0 - 0"", ""pct"": 12.61}, {""score"": ""0 - 1"", ""pct"": 12.57}]"
Tunisia,Croatia,Neutral,1.019,1.584,23.3,26.4,50.3,23.3,4.2,6.0,50.4,7.1,9.0,33.5,66.5,"[{""score"": ""0 - 1"", ""pct"": 11.74}, {""score"": ""1 - 1"", ""pct"": 11.540000000000001}, {""score"": ""1 - 2"", ""pct"": 9.42}]"
Tunisia,Norway,Neutral,0.994,1.603,22.9,26.2,50.9,22.3,4.6,5.6,51.0,7.3,9.1,32.5,67.5,"[{""score"": ""1 - 1"", ""pct"": 11.75}, {""score"": ""0 - 1"", ""pct"": 11.59}, {""score"": ""1 - 2"", ""pct"": 9.700000000000001}]"
Tunisia,Turkey,Neutral,0.961,1.589,21.9,25.9,52.2,21.3,4.1,5.5,52.6,7.3,9.1,30.9,69.1,"[{""score"": ""0 - 1"", ""pct"": 13.459999999999999}, {""score"": ""1 - 1"", ""pct"": 11.34}, {""score"": ""0 - 2"", ""pct"": 9.73}]"
Tunisia,Morocco,Neutral,0.818,1.71,16.4,24.7,59.0,17.1,3.5,4.6,58.5,7.2,9.0,25.2,74.8,"[{""score"": ""0 - 1"", ""pct"": 14.06}, {""score"": ""0 - 2"", ""pct"": 11.37}, {""score"": ""1 - 1"", ""pct"": 11.23}]"
Tunisia,Haiti,Neutral,1.181,1.155,35.8,29.1,35.0,35.7,6.4,9.1,34.3,6.1,8.5,51.1,48.9,"[{""score"": ""1 - 1"", ""pct"": 13.05}, {""score"": ""0 - 1"", ""pct"": 11.24}, {""score"": ""1 - 0"", ""pct"": 11.15}]"
Tunisia,South Korea,Neutral,1.015,1.577,23.4,26.3,50.3,23.3,4.6,5.2,50.8,7.1,9.0,33.2,66.8,"[{""score"": ""0 - 1"", ""pct"": 12.0}, {""score"": ""1 - 1"", ""pct"": 11.62}, {""score"": ""0 - 2"", ""pct"": 9.07}]"
Tunisia,Curaçao,Neutral,1.573,0.972,50.6,26.2,23.3,51.2,7.1,9.6,22.4,3.9,5.8,67.9,32.1,"[{""score"": ""1 - 0"", ""pct"": 12.44}, {""score"": ""1 - 1"", ""pct"": 11.65}, {""score"": ""2 - 1"", ""pct"": 9.74}]"
Tunisia,Paraguay,Neutral,1.025,1.498,24.7,27.1,48.2,24.1,4.5,6.4,48.3,7.5,9.2,35.0,65.0,"[{""score"": ""0 - 1"", ""pct"": 12.590000000000002}, {""score"": ""1 - 1"", ""pct"": 12.5}, {""score"": ""1 - 2"", ""pct"": 9.49}]"
Tunisia,Iran,Neutral,0.982,1.598,22.3,25.6,52.1,21.5,4.1,5.8,52.0,7.4,9.2,31.4,68.6,"[{""score"": ""0 - 1"", ""pct"": 12.75}, {""score"": ""1 - 1"", ""pct"": 11.34}, {""score"": ""1 - 2"", ""pct"": 9.34}]"
Scotland,Jordan,Neutral,1.362,1.309,38.3,27.3,34.4,38.0,6.5,7.5,34.9,5.6,7.5,52.0,48.0,"[{""score"": ""1 - 1"", ""pct"": 12.5}, {""score"": ""1 - 0"", ""pct"": 9.719999999999999}, {""score"": ""0 - 1"", ""pct"": 9.16}]"
Scotland,Australia,Neutral,1.039,1.522,24.6,27.8,47.6,25.2,4.6,6.1,47.9,7.1,9.0,35.9,64.1,"[{""score"": ""1 - 1"", ""pct"": 12.57}, {""score"": ""0 - 1"", ""pct"": 12.07}, {""score"": ""1 - 2"", ""pct"": 9.379999999999999}]"
Scotland,Germany,Neutral,1.042,1.748,21.8,24.7,53.5,21.8,3.9,4.9,54.1,7.2,8.2,30.5,69.6,"[{""score"": ""0 - 1"", ""pct"": 11.200000000000001}, {""score"": ""1 - 1"", ""pct"": 11.01}, {""score"": ""1 - 2"", ""pct"": 10.040000000000001}]"
Scotland,Canada,Neutral,0.986,1.466,25.4,27.7,46.9,23.9,4.7,6.5,48.1,7.2,9.6,35.1,64.9,"[{""score"": ""0 - 1"", ""pct"": 12.770000000000001}, {""score"": ""1 - 1"", ""pct"": 12.590000000000002}, {""score"": ""0 - 0"", ""pct"": 9.02}]"
Scotland,Czech Republic,Neutral,1.365,1.136,41.3,27.7,31.0,41.5,7.0,8.5,30.2,6.0,6.8,57.0,43.0,"[{""score"": ""1 - 1"", ""pct"": 12.46}, {""score"": ""1 - 0"", ""pct"": 11.53}, {""score"": ""0 - 1"", ""pct"": 9.32}]"
Scotland,Saudi Arabia,Neutral,1.487,1.033,47.3,27.4,25.3,47.7,7.5,9.2,24.9,4.4,6.3,64.5,35.6,"[{""score"": ""1 - 1"", ""pct"": 12.07}, {""score"": ""1 - 0"", ""pct"": 11.959999999999999}, {""score"": ""2 - 1"", ""pct"": 9.29}]"
Scotland,Mexico,Neutral,0.99,1.613,22.1,26.2,51.7,22.6,4.0,5.3,51.5,7.5,9.0,32.0,68.0,"[{""score"": ""0 - 1"", ""pct"": 12.479999999999999}, {""score"": ""1 - 1"", ""pct"": 12.23}, {""score"": ""0 - 2"", ""pct"": 9.81}]"
Scotland,Argentina,Neutral,0.749,1.946,12.8,21.2,65.9,12.2,2.6,3.4,65.9,7.3,8.6,18.2,81.8,"[{""score"": ""0 - 1"", ""pct"": 13.56}, {""score"": ""0 - 2"", ""pct"": 12.72}, {""score"": ""1 - 2"", ""pct"": 9.610000000000001}]"
Scotland,New Zealand,Neutral,1.519,1.073,46.9,27.0,26.1,47.3,7.2,8.7,25.8,4.8,6.2,63.3,36.7,"[{""score"": ""1 - 1"", ""pct"": 12.3}, {""score"": ""1 - 0"", ""pct"": 11.42}, {""score"": ""2 - 1"", ""pct"": 9.39}]"
Scotland,Senegal,Neutral,1.059,1.554,25.5,26.0,48.5,25.6,4.6,5.9,48.3,7.2,8.5,36.1,63.9,"[{""score"": ""1 - 1"", ""pct"": 12.120000000000001}, {""score"": ""0 - 1"", ""pct"": 11.95}, {""score"": ""1 - 2"", ""pct"": 9.15}]"
Scotland,Sweden,Neutral,1.569,1.094,47.2,27.1,25.7,47.7,7.8,8.4,24.9,4.8,6.4,64.0,36.0,"[{""score"": ""1 - 1"", ""pct"": 12.629999999999999}, {""score"": ""1 - 0"", ""pct"": 11.469999999999999}, {""score"": ""2 - 1"", ""pct"": 8.84}]"
Scotland,Netherlands,Neutral,1.026,1.683,21.2,25.3,53.6,22.4,4.2,5.1,51.9,8.0,8.3,31.8,68.2,"[{""score"": ""1 - 1"", ""pct"": 11.53}, {""score"": ""0 - 1"", ""pct"": 11.42}, {""score"": ""1 - 2"", ""pct"": 9.82}]"
Scotland,Tunisia,Neutral,1.278,1.111,39.5,28.8,31.7,40.0,6.5,9.1,31.0,5.9,7.6,55.6,44.4,"[{""score"": ""1 - 1"", ""pct"": 13.100000000000001}, {""score"": ""1 - 0"", ""pct"": 11.39}, {""score"": ""0 - 0"", ""pct"": 10.13}]"
Scotland,Colombia,Neutral,0.946,1.806,17.9,24.3,57.9,18.4,3.4,3.9,57.8,7.7,8.7,25.7,74.3,"[{""score"": ""0 - 1"", ""pct"": 11.83}, {""score"": ""1 - 1"", ""pct"": 11.5}, {""score"": ""0 - 2"", ""pct"": 10.290000000000001}]"
Scotland,Japan,Neutral,0.931,1.696,19.5,25.9,54.6,19.5,3.6,4.6,55.9,7.7,8.7,27.8,72.2,"[{""score"": ""0 - 1"", ""pct"": 12.49}, {""score"": ""1 - 1"", ""pct"": 11.39}, {""score"": ""0 - 2"", ""pct"": 9.879999999999999}]"
Scotland,France,Neutral,0.84,1.818,15.5,23.2,61.4,15.6,3.2,4.3,60.7,7.8,8.5,23.0,77.0,"[{""score"": ""0 - 1"", ""pct"": 13.44}, {""score"": ""0 - 2"", ""pct"": 11.700000000000001}, {""score"": ""1 - 1"", ""pct"": 10.639999999999999}]"
Scotland,Uzbekistan,Neutral,1.131,1.312,30.0,29.5,40.4,31.0,5.6,7.7,40.4,6.2,9.1,44.3,55.7,"[{""score"": ""1 - 1"", ""pct"": 13.089999999999998}, {""score"": ""0 - 1"", ""pct"": 11.58}, {""score"": ""0 - 0"", ""pct"": 10.01}]"
Scotland,Ecuador,Neutral,0.959,1.632,20.5,25.7,53.7,21.1,4.0,5.2,52.9,7.5,9.4,30.2,69.8,"[{""score"": ""0 - 1"", ""pct"": 13.15}, {""score"": ""1 - 1"", ""pct"": 11.93}, {""score"": ""0 - 2"", ""pct"": 9.92}]"
Scotland,Qatar,Neutral,1.905,0.816,63.5,22.1,14.4,63.0,7.9,8.7,14.0,2.9,3.5,79.7,20.3,"[{""score"": ""1 - 0"", ""pct"": 12.57}, {""score"": ""2 - 0"", ""pct"": 11.18}, {""score"": ""2 - 1"", ""pct"": 10.47}]"
Scotland,Ivory Coast,Neutral,1.195,1.271,33.2,28.8,38.0,34.0,5.9,7.9,37.5,6.0,8.7,47.8,52.2,"[{""score"": ""1 - 1"", ""pct"": 13.73}, {""score"": ""0 - 1"", ""pct"": 11.14}, {""score"": ""1 - 0"", ""pct"": 9.82}]"
Scotland,England,Neutral,0.788,1.798,14.7,23.6,61.7,15.1,3.0,4.1,60.8,7.7,9.3,22.1,77.8,"[{""score"": ""0 - 1"", ""pct"": 13.819999999999999}, {""score"": ""0 - 2"", ""pct"": 11.799999999999999}, {""score"": ""1 - 1"", ""pct"": 10.780000000000001}]"
Scotland,Cape Verde,Neutral,1.603,1.038,50.9,25.7,23.4,50.4,7.5,9.1,22.8,4.4,5.8,67.0,33.0,"[{""score"": ""1 - 0"", ""pct"": 11.97}, {""score"": ""1 - 1"", ""pct"": 11.82}, {""score"": ""2 - 1"", ""pct"": 9.49}]"
Scotland,Panama,Neutral,1.195,1.363,31.9,27.0,41.2,31.8,5.7,7.3,40.1,6.3,8.8,44.8,55.2,"[{""score"": ""1 - 1"", ""pct"": 12.389999999999999}, {""score"": ""0 - 1"", ""pct"": 11.49}, {""score"": ""1 - 0"", ""pct"": 9.569999999999999}]"
Scotland,Austria,Neutral,1.134,1.346,30.2,28.5,41.4,30.3,5.4,7.2,41.2,6.7,9.2,42.9,57.2,"[{""score"": ""1 - 1"", ""pct"": 13.43}, {""score"": ""0 - 1"", ""pct"": 11.81}, {""score"": ""1 - 0"", ""pct"": 9.16}]"
Scotland,Belgium,Neutral,1.036,1.555,24.4,26.2,49.4,23.7,4.5,5.5,50.3,7.1,8.9,33.7,66.3,"[{""score"": ""0 - 1"", ""pct"": 12.34}, {""score"": ""1 - 1"", ""pct"": 11.87}, {""score"": ""1 - 2"", ""pct"": 9.4}]"
Scotland,Egypt,Neutral,1.171,1.184,34.6,28.7,36.7,34.6,6.4,8.5,35.8,6.3,8.4,49.5,50.5,"[{""score"": ""1 - 1"", ""pct"": 12.46}, {""score"": ""0 - 1"", ""pct"": 11.83}, {""score"": ""1 - 0"", ""pct"": 10.97}]"
Scotland,Iraq,Neutral,1.251,1.065,40.4,29.3,30.4,40.2,6.4,9.3,30.6,5.3,8.1,55.9,44.0,"[{""score"": ""1 - 1"", ""pct"": 13.08}, {""score"": ""1 - 0"", ""pct"": 12.3}, {""score"": ""0 - 0"", ""pct"": 10.9}]"
Scotland,Switzerland,Neutral,1.049,1.556,24.6,26.9,48.5,25.4,4.6,5.4,48.4,7.1,9.0,35.5,64.5,"[{""score"": ""1 - 1"", ""pct"": 12.18}, {""score"": ""0 - 1"", ""pct"": 12.030000000000001}, {""score"": ""1 - 2"", ""pct"": 8.98}]"
Scotland,Brazil,Neutral,0.968,1.937,16.8,22.9,60.3,17.7,3.1,3.9,60.5,7.3,7.5,24.7,75.3,"[{""score"": ""0 - 1"", ""pct"": 11.65}, {""score"": ""1 - 1"", ""pct"": 10.39}, {""score"": ""0 - 2"", ""pct"": 10.299999999999999}]"
Scotland,United States,Neutral,1.236,1.317,34.4,27.6,38.0,33.8,6.2,8.0,37.3,6.0,8.6,48.0,51.9,"[{""score"": ""1 - 1"", ""pct"": 12.73}, {""score"": ""0 - 1"", ""pct"": 10.56}, {""score"": ""1 - 0"", ""pct"": 9.73}]"
Scotland,Ghana,Neutral,1.63,0.96,53.3,25.8,20.8,52.5,7.6,9.0,21.7,4.0,5.3,69.1,30.9,"[{""score"": ""1 - 0"", ""pct"": 12.04}, {""score"": ""1 - 1"", ""pct"": 11.58}, {""score"": ""2 - 0"", ""pct"": 9.77}]"
Scotland,Uruguay,Neutral,1.036,1.608,23.5,25.9,50.5,23.2,4.4,5.3,51.1,7.2,8.8,33.0,67.0,"[{""score"": ""0 - 1"", ""pct"": 12.0}, {""score"": ""1 - 1"", ""pct"": 11.91}, {""score"": ""1 - 2"", ""pct"": 9.98}]"
Scotland,Portugal,Neutral,0.974,1.717,20.0,25.1,54.9,19.8,4.2,5.1,54.3,8.0,8.6,29.1,70.9,"[{""score"": ""0 - 1"", ""pct"": 12.17}, {""score"": ""1 - 1"", ""pct"": 11.49}, {""score"": ""0 - 2"", ""pct"": 9.9}]"
Scotland,Algeria,Neutral,0.984,1.514,23.9,26.2,49.9,23.7,4.7,6.6,48.8,7.2,9.0,35.0,65.0,"[{""score"": ""0 - 1"", ""pct"": 12.68}, {""score"": ""1 - 1"", ""pct"": 11.51}, {""score"": ""0 - 2"", ""pct"": 9.39}]"
Scotland,Spain,Neutral,0.78,2.069,12.5,20.4,67.1,11.8,2.2,3.1,67.3,7.9,7.8,17.0,83.0,"[{""score"": ""0 - 2"", ""pct"": 12.85}, {""score"": ""0 - 1"", ""pct"": 12.590000000000002}, {""score"": ""1 - 2"", ""pct"": 9.41}]"
Scotland,Bosnia and Herzegovina,Neutral,1.778,0.898,57.7,24.1,18.2,57.5,7.9,8.7,18.4,3.5,4.1,74.0,26.0,"[{""score"": ""1 - 0"", ""pct"": 12.7}, {""score"": ""1 - 1"", ""pct"": 10.86}, {""score"": ""2 - 0"", ""pct"": 10.25}]"
Scotland,South Africa,Neutral,1.529,1.033,47.8,27.1,25.1,49.5,7.1,8.8,24.3,4.2,6.1,65.4,34.6,"[{""score"": ""1 - 0"", ""pct"": 12.24}, {""score"": ""1 - 1"", ""pct"": 11.62}, {""score"": ""2 - 1"", ""pct"": 8.95}]"
Scotland,DR Congo,Neutral,1.202,1.025,39.4,30.6,30.0,39.7,6.3,9.8,30.5,5.6,8.0,55.9,44.1,"[{""score"": ""1 - 1"", ""pct"": 13.81}, {""score"": ""1 - 0"", ""pct"": 13.489999999999998}, {""score"": ""0 - 0"", ""pct"": 11.959999999999999}]"
Scotland,Croatia,Neutral,1.073,1.544,25.4,26.6,48.0,25.3,4.8,6.0,48.6,6.8,8.5,36.2,63.8,"[{""score"": ""1 - 1"", ""pct"": 11.87}, {""score"": ""0 - 1"", ""pct"": 11.28}, {""score"": ""1 - 2"", ""pct"": 9.049999999999999}]"
Scotland,Norway,Neutral,1.038,1.554,24.2,26.5,49.3,24.3,4.6,5.8,49.7,6.9,8.6,34.8,65.2,"[{""score"": ""0 - 1"", ""pct"": 12.13}, {""score"": ""1 - 1"", ""pct"": 11.98}, {""score"": ""1 - 2"", ""pct"": 9.66}]"
Scotland,Turkey,Neutral,1.025,1.55,24.9,26.8,48.3,24.0,4.2,5.9,49.1,7.6,9.1,34.1,65.9,"[{""score"": ""0 - 1"", ""pct"": 12.02}, {""score"": ""1 - 1"", ""pct"": 11.76}, {""score"": ""1 - 2"", ""pct"": 9.21}]"
Scotland,Morocco,Neutral,0.989,1.719,20.9,24.8,54.3,20.7,3.5,5.3,54.7,7.4,8.5,29.4,70.6,"[{""score"": ""0 - 1"", ""pct"": 11.3}, {""score"": ""1 - 1"", ""pct"": 11.26}, {""score"": ""1 - 2"", ""pct"": 10.18}]"
Scotland,Haiti,Neutral,1.419,1.104,43.9,27.5,28.7,44.6,6.9,8.8,28.4,4.8,6.5,60.3,39.7,"[{""score"": ""1 - 1"", ""pct"": 13.0}, {""score"": ""1 - 0"", ""pct"": 12.08}, {""score"": ""0 - 1"", ""pct"": 9.02}]"
Scotland,South Korea,Neutral,1.068,1.526,25.8,26.8,47.4,25.9,4.6,6.1,47.8,7.1,8.4,36.7,63.3,"[{""score"": ""1 - 1"", ""pct"": 12.4}, {""score"": ""0 - 1"", ""pct"": 11.61}, {""score"": ""1 - 2"", ""pct"": 9.54}]"
Scotland,Curaçao,Neutral,1.739,1.008,54.4,24.4,21.2,54.2,8.0,8.2,21.0,3.6,5.0,70.4,29.6,"[{""score"": ""1 - 0"", ""pct"": 11.39}, {""score"": ""1 - 1"", ""pct"": 10.89}, {""score"": ""2 - 1"", ""pct"": 10.16}]"
Scotland,Paraguay,Neutral,1.061,1.49,25.9,27.0,47.1,25.8,4.8,6.6,46.8,7.0,9.1,37.2,62.9,"[{""score"": ""1 - 1"", ""pct"": 12.25}, {""score"": ""0 - 1"", ""pct"": 11.5}, {""score"": ""1 - 2"", ""pct"": 9.55}]"
Scotland,Iran,Neutral,1.026,1.557,23.6,26.5,49.9,24.4,4.4,6.2,49.4,6.8,8.9,35.0,65.0,"[{""score"": ""0 - 1"", ""pct"": 12.09}, {""score"": ""1 - 1"", ""pct"": 11.83}, {""score"": ""1 - 2"", ""pct"": 9.82}]"
Colombia,Jordan,Neutral,1.858,0.964,58.4,23.8,17.8,58.6,8.1,8.3,17.3,3.5,4.3,75.0,25.0,"[{""score"": ""1 - 0"", ""pct"": 11.49}, {""score"": ""1 - 1"", ""pct"": 10.99}, {""score"": ""2 - 0"", ""pct"": 10.56}]"
Colombia,Australia,Neutral,1.475,1.107,45.5,27.2,27.3,45.1,6.9,8.3,27.5,5.3,6.8,60.4,39.6,"[{""score"": ""1 - 1"", ""pct"": 12.520000000000001}, {""score"": ""1 - 0"", ""pct"": 11.63}, {""score"": ""2 - 1"", ""pct"": 9.139999999999999}]"
Colombia,Germany,Neutral,1.485,1.187,43.7,27.1,29.3,43.8,6.7,8.7,29.2,5.2,6.4,59.2,40.8,"[{""score"": ""1 - 1"", ""pct"": 12.44}, {""score"": ""1 - 0"", ""pct"": 10.39}, {""score"": ""2 - 1"", ""pct"": 9.09}]"
Colombia,Canada,Neutral,1.46,1.048,46.3,27.9,25.8,45.9,7.4,9.1,26.2,4.9,6.5,62.4,37.6,"[{""score"": ""1 - 1"", ""pct"": 12.64}, {""score"": ""1 - 0"", ""pct"": 12.540000000000001}, {""score"": ""2 - 1"", ""pct"": 9.69}]"
Colombia,Czech Republic,Neutral,1.829,0.904,59.6,23.0,17.4,58.9,7.4,8.5,17.8,3.3,4.2,74.8,25.2,"[{""score"": ""1 - 0"", ""pct"": 12.46}, {""score"": ""2 - 0"", ""pct"": 10.42}, {""score"": ""1 - 1"", ""pct"": 10.209999999999999}]"
Colombia,Saudi Arabia,Neutral,1.875,0.757,65.6,21.6,12.8,63.5,7.6,8.8,14.1,2.6,3.3,80.0,20.0,"[{""score"": ""1 - 0"", ""pct"": 14.360000000000001}, {""score"": ""2 - 0"", ""pct"": 13.01}, {""score"": ""1 - 1"", ""pct"": 9.879999999999999}]"
Colombia,Mexico,Neutral,1.283,1.072,40.4,29.2,30.4,41.3,6.6,9.3,30.0,5.0,7.7,57.3,42.7,"[{""score"": ""1 - 1"", ""pct"": 12.879999999999999}, {""score"": ""1 - 0"", ""pct"": 11.84}, {""score"": ""0 - 0"", ""pct"": 10.66}]"
Colombia,Argentina,Neutral,1.031,1.517,25.0,27.2,47.8,24.8,4.8,6.5,47.5,7.1,9.3,36.1,63.9,"[{""score"": ""1 - 1"", ""pct"": 11.92}, {""score"": ""0 - 1"", ""pct"": 11.799999999999999}, {""score"": ""1 - 2"", ""pct"": 9.2}]"
Colombia,New Zealand,Neutral,1.93,0.77,64.8,22.1,13.1,65.4,7.6,8.1,13.0,2.4,3.5,81.1,18.9,"[{""score"": ""1 - 0"", ""pct"": 12.64}, {""score"": ""2 - 0"", ""pct"": 11.95}, {""score"": ""2 - 1"", ""pct"": 10.059999999999999}]"
Colombia,Senegal,Neutral,1.511,1.112,46.4,26.9,26.7,45.2,6.8,8.7,28.2,4.8,6.3,60.8,39.2,"[{""score"": ""1 - 1"", ""pct"": 12.04}, {""score"": ""1 - 0"", ""pct"": 11.129999999999999}, {""score"": ""2 - 1"", ""pct"": 9.030000000000001}]"
Colombia,Sweden,Neutral,1.988,0.808,65.4,21.6,13.0,64.7,7.8,8.0,13.6,2.6,3.3,80.5,19.5,"[{""score"": ""2 - 0"", ""pct"": 12.839999999999998}, {""score"": ""1 - 0"", ""pct"": 12.49}, {""score"": ""2 - 1"", ""pct"": 9.74}]"
Colombia,Netherlands,Neutral,1.461,1.14,42.9,27.9,29.2,43.5,7.4,8.6,28.4,5.2,6.9,59.5,40.5,"[{""score"": ""1 - 1"", ""pct"": 12.8}, {""score"": ""1 - 0"", ""pct"": 11.06}, {""score"": ""2 - 1"", ""pct"": 9.35}]"
Colombia,Tunisia,Neutral,1.695,0.762,60.2,24.5,15.3,59.8,7.4,9.6,15.7,3.3,4.3,76.7,23.3,"[{""score"": ""1 - 0"", ""pct"": 14.829999999999998}, {""score"": ""2 - 0"", ""pct"": 11.940000000000001}, {""score"": ""1 - 1"", ""pct"": 10.96}]"
Colombia,Scotland,Neutral,1.806,0.946,57.6,23.7,18.7,57.8,7.9,8.3,18.1,3.5,4.4,74.0,26.0,"[{""score"": ""1 - 0"", ""pct"": 12.15}, {""score"": ""1 - 1"", ""pct"": 10.67}, {""score"": ""2 - 0"", ""pct"": 10.42}]"
Colombia,Japan,Neutral,1.274,1.174,37.3,29.1,33.6,38.4,6.5,8.6,33.0,5.6,7.9,53.5,46.5,"[{""score"": ""1 - 1"", ""pct"": 13.29}, {""score"": ""1 - 0"", ""pct"": 10.4}, {""score"": ""0 - 0"", ""pct"": 9.94}]"
Colombia,France,Neutral,1.235,1.346,33.3,28.0,38.7,33.3,5.8,7.9,38.4,6.2,8.5,46.9,53.1,"[{""score"": ""1 - 1"", ""pct"": 12.93}, {""score"": ""0 - 1"", ""pct"": 10.549999999999999}, {""score"": ""1 - 0"", ""pct"": 9.39}]"
Colombia,Uzbekistan,Neutral,1.587,1.021,50.1,26.3,23.5,49.8,7.5,8.6,24.2,4.4,5.4,65.9,34.1,"[{""score"": ""1 - 0"", ""pct"": 12.379999999999999}, {""score"": ""1 - 1"", ""pct"": 11.75}, {""score"": ""2 - 1"", ""pct"": 9.33}]"
Colombia,Ecuador,Neutral,1.305,1.157,39.2,29.2,31.5,40.3,5.9,8.5,31.6,5.8,8.0,54.7,45.4,"[{""score"": ""1 - 1"", ""pct"": 12.61}, {""score"": ""1 - 0"", ""pct"": 11.18}, {""score"": ""0 - 0"", ""pct"": 9.99}]"
Colombia,Qatar,Neutral,2.714,0.652,81.7,12.2,6.1,81.5,6.0,4.7,5.8,1.0,1.0,92.2,7.8,"[{""score"": ""2 - 0"", ""pct"": 13.07}, {""score"": ""3 - 0"", ""pct"": 11.62}, {""score"": ""1 - 0"", ""pct"": 9.86}]"
Colombia,Ivory Coast,Neutral,1.686,0.938,55.2,24.7,20.1,55.4,7.7,8.7,20.0,3.9,4.3,71.7,28.3,"[{""score"": ""1 - 0"", ""pct"": 12.19}, {""score"": ""1 - 1"", ""pct"": 11.200000000000001}, {""score"": ""2 - 1"", ""pct"": 10.36}]"
Colombia,England,Neutral,1.151,1.282,32.8,29.4,37.7,32.2,5.9,7.8,38.7,6.6,8.8,45.9,54.1,"[{""score"": ""1 - 1"", ""pct"": 12.9}, {""score"": ""0 - 1"", ""pct"": 10.97}, {""score"": ""1 - 0"", ""pct"": 10.11}]"
Colombia,Cape Verde,Neutral,2.05,0.738,67.3,21.1,11.6,68.1,6.9,7.9,11.5,2.5,3.1,83.0,17.0,"[{""score"": ""1 - 0"", ""pct"": 13.309999999999999}, {""score"": ""2 - 0"", ""pct"": 12.85}, {""score"": ""1 - 1"", ""pct"": 9.65}]"
Colombia,Panama,Neutral,1.761,1.086,53.3,24.6,22.1,53.5,7.7,8.0,21.8,3.9,5.0,69.3,30.7,"[{""score"": ""1 - 1"", ""pct"": 10.89}, {""score"": ""1 - 0"", ""pct"": 10.72}, {""score"": ""2 - 1"", ""pct"": 9.879999999999999}]"
Colombia,Austria,Neutral,1.6,0.973,51.6,26.4,22.0,52.6,7.1,9.2,21.8,4.2,5.1,68.9,31.1,"[{""score"": ""1 - 0"", ""pct"": 12.770000000000001}, {""score"": ""1 - 1"", ""pct"": 11.89}, {""score"": ""2 - 1"", ""pct"": 9.56}]"
Colombia,Belgium,Neutral,1.499,1.105,45.6,27.0,27.4,46.4,6.3,8.6,27.3,4.9,6.4,61.4,38.6,"[{""score"": ""1 - 1"", ""pct"": 12.25}, {""score"": ""1 - 0"", ""pct"": 11.17}, {""score"": ""2 - 1"", ""pct"": 9.370000000000001}]"
Colombia,Egypt,Neutral,1.62,0.864,55.7,25.3,19.0,55.0,7.4,9.7,19.3,3.8,4.9,72.1,27.9,"[{""score"": ""1 - 0"", ""pct"": 13.719999999999999}, {""score"": ""1 - 1"", ""pct"": 10.8}, {""score"": ""2 - 0"", ""pct"": 10.76}]"
Colombia,Iraq,Neutral,1.662,0.754,59.8,24.5,15.7,58.3,7.9,9.9,16.2,3.2,4.6,76.0,24.0,"[{""score"": ""1 - 0"", ""pct"": 16.05}, {""score"": ""2 - 0"", ""pct"": 12.09}, {""score"": ""1 - 1"", ""pct"": 10.780000000000001}]"
Colombia,Switzerland,Neutral,1.591,1.108,47.4,27.2,25.5,48.2,7.1,8.3,25.8,4.8,5.9,63.6,36.4,"[{""score"": ""1 - 1"", ""pct"": 12.36}, {""score"": ""1 - 0"", ""pct"": 10.69}, {""score"": ""2 - 1"", ""pct"": 8.81}]"
Colombia,Brazil,Neutral,1.283,1.295,35.9,28.1,36.1,36.1,6.0,7.2,36.5,6.1,8.1,49.3,50.7,"[{""score"": ""1 - 1"", ""pct"": 12.91}, {""score"": ""1 - 0"", ""pct"": 10.03}, {""score"": ""0 - 1"", ""pct"": 9.93}]"
Colombia,United States,Neutral,1.762,0.98,55.5,24.4,20.1,55.4,7.5,8.2,20.1,4.0,4.8,71.2,28.8,"[{""score"": ""1 - 0"", ""pct"": 11.469999999999999}, {""score"": ""1 - 1"", ""pct"": 11.37}, {""score"": ""2 - 1"", ""pct"": 10.2}]"
Colombia,Ghana,Neutral,2.238,0.673,73.5,18.0,8.5,74.0,6.7,7.1,8.5,1.6,2.1,87.8,12.2,"[{""score"": ""2 - 0"", ""pct"": 13.81}, {""score"": ""1 - 0"", ""pct"": 12.370000000000001}, {""score"": ""3 - 0"", ""pct"": 9.71}]"
Colombia,Uruguay,Neutral,1.473,1.116,44.9,26.8,28.2,46.4,6.7,8.6,26.8,4.9,6.5,61.7,38.3,"[{""score"": ""1 - 1"", ""pct"": 12.34}, {""score"": ""1 - 0"", ""pct"": 10.95}, {""score"": ""2 - 1"", ""pct"": 9.08}]"
Colombia,Portugal,Neutral,1.327,1.224,38.4,28.6,33.0,39.0,6.3,7.8,33.4,5.9,7.5,53.1,46.9,"[{""score"": ""1 - 1"", ""pct"": 13.100000000000001}, {""score"": ""1 - 0"", ""pct"": 10.41}, {""score"": ""0 - 1"", ""pct"": 9.44}]"
Colombia,Algeria,Neutral,1.461,1.061,47.0,26.6,26.5,46.0,6.9,8.9,26.6,4.9,6.8,61.8,38.2,"[{""score"": ""1 - 0"", ""pct"": 11.89}, {""score"": ""1 - 1"", ""pct"": 11.85}, {""score"": ""2 - 1"", ""pct"": 9.379999999999999}]"
Colombia,Spain,Neutral,1.057,1.607,24.3,26.1,49.6,24.5,4.2,5.5,50.3,6.7,8.8,34.1,65.9,"[{""score"": ""1 - 1"", ""pct"": 11.65}, {""score"": ""0 - 1"", ""pct"": 10.84}, {""score"": ""1 - 2"", ""pct"": 9.29}]"
Colombia,Bosnia and Herzegovina,Neutral,2.37,0.687,75.8,16.5,7.7,75.7,6.9,6.8,7.4,1.5,1.7,89.4,10.6,"[{""score"": ""2 - 0"", ""pct"": 13.389999999999999}, {""score"": ""1 - 0"", ""pct"": 12.1}, {""score"": ""3 - 0"", ""pct"": 10.51}]"
Colombia,South Africa,Neutral,1.938,0.719,66.2,22.1,11.7,67.2,7.4,8.3,11.9,2.1,3.2,82.9,17.1,"[{""score"": ""1 - 0"", ""pct"": 13.83}, {""score"": ""2 - 0"", ""pct"": 13.38}, {""score"": ""1 - 1"", ""pct"": 9.84}]"
Colombia,DR Congo,Neutral,1.638,0.737,59.2,25.3,15.5,59.4,7.9,9.6,15.7,2.9,4.4,76.9,23.1,"[{""score"": ""1 - 0"", ""pct"": 15.620000000000001}, {""score"": ""2 - 0"", ""pct"": 12.21}, {""score"": ""1 - 1"", ""pct"": 10.82}]"
Colombia,Croatia,Neutral,1.539,1.121,46.0,27.2,26.8,46.6,7.3,8.4,27.1,5.0,5.7,62.2,37.8,"[{""score"": ""1 - 1"", ""pct"": 12.7}, {""score"": ""1 - 0"", ""pct"": 10.8}, {""score"": ""2 - 1"", ""pct"": 9.27}]"
Colombia,Norway,Neutral,1.503,1.138,45.3,27.0,27.8,44.0,7.0,8.8,28.5,4.7,6.9,59.9,40.1,"[{""score"": ""1 - 1"", ""pct"": 12.379999999999999}, {""score"": ""1 - 0"", ""pct"": 11.360000000000001}, {""score"": ""2 - 1"", ""pct"": 8.92}]"
Colombia,Turkey,Neutral,1.491,1.106,45.5,27.7,26.9,45.6,6.7,8.5,27.6,5.0,6.6,60.8,39.2,"[{""score"": ""1 - 1"", ""pct"": 12.379999999999999}, {""score"": ""1 - 0"", ""pct"": 11.07}, {""score"": ""2 - 1"", ""pct"": 9.44}]"
Colombia,Morocco,Neutral,1.298,1.166,39.7,28.4,31.9,39.6,6.3,9.0,32.3,5.3,7.4,54.9,45.1,"[{""score"": ""1 - 1"", ""pct"": 12.91}, {""score"": ""1 - 0"", ""pct"": 12.02}, {""score"": ""0 - 1"", ""pct"": 9.790000000000001}]"
Colombia,Haiti,Neutral,1.784,0.8,59.8,24.2,16.0,61.1,7.5,9.2,15.5,2.8,3.9,77.8,22.2,"[{""score"": ""1 - 0"", ""pct"": 13.94}, {""score"": ""2 - 0"", ""pct"": 11.48}, {""score"": ""1 - 1"", ""pct"": 11.129999999999999}]"
Colombia,South Korea,Neutral,1.591,1.097,48.7,25.8,25.5,49.0,7.3,8.2,25.6,4.1,5.9,64.4,35.6,"[{""score"": ""1 - 1"", ""pct"": 11.450000000000001}, {""score"": ""1 - 0"", ""pct"": 10.85}, {""score"": ""2 - 1"", ""pct"": 9.790000000000001}]"
Colombia,Curaçao,Neutral,2.309,0.691,74.3,17.1,8.6,74.7,7.4,6.7,7.8,1.5,1.9,88.8,11.2,"[{""score"": ""2 - 0"", ""pct"": 13.209999999999999}, {""score"": ""1 - 0"", ""pct"": 12.02}, {""score"": ""3 - 0"", ""pct"": 10.0}]"
Colombia,Paraguay,Neutral,1.566,1.083,49.1,26.0,24.9,49.1,6.6,8.4,25.3,4.6,6.0,64.1,35.9,"[{""score"": ""1 - 0"", ""pct"": 11.86}, {""score"": ""1 - 1"", ""pct"": 11.84}, {""score"": ""2 - 1"", ""pct"": 9.4}]"
Colombia,Iran,Neutral,1.459,1.124,44.4,27.4,28.2,43.2,7.2,8.8,28.4,5.1,7.2,59.3,40.7,"[{""score"": ""1 - 1"", ""pct"": 12.809999999999999}, {""score"": ""1 - 0"", ""pct"": 10.9}, {""score"": ""2 - 1"", ""pct"": 8.86}]"
Japan,Jordan,Neutral,1.762,0.968,56.3,23.8,19.9,55.5,7.8,9.0,19.5,3.7,4.6,72.2,27.8,"[{""score"": ""1 - 0"", ""pct"": 12.13}, {""score"": ""1 - 1"", ""pct"": 10.86}, {""score"": ""2 - 1"", ""pct"": 10.16}]"
Japan,Australia,Neutral,1.43,1.032,45.0,27.8,27.2,46.0,7.2,9.1,25.5,5.1,7.1,62.4,37.6,"[{""score"": ""1 - 1"", ""pct"": 12.370000000000001}, {""score"": ""1 - 0"", ""pct"": 11.99}, {""score"": ""0 - 0"", ""pct"": 9.54}]"
Japan,Germany,Neutral,1.317,1.144,40.2,28.9,30.9,40.0,6.6,9.1,32.0,5.4,6.9,55.7,44.3,"[{""score"": ""1 - 1"", ""pct"": 12.98}, {""score"": ""1 - 0"", ""pct"": 11.49}, {""score"": ""0 - 1"", ""pct"": 9.8}]"
Japan,Canada,Neutral,1.391,0.952,47.1,27.8,25.1,47.2,7.5,9.8,24.7,4.5,6.2,64.5,35.5,"[{""score"": ""1 - 0"", ""pct"": 13.63}, {""score"": ""1 - 1"", ""pct"": 12.68}, {""score"": ""0 - 0"", ""pct"": 9.790000000000001}]"
Japan,Czech Republic,Neutral,1.817,0.916,58.7,23.9,17.3,59.1,7.1,8.5,17.5,3.2,4.5,74.8,25.2,"[{""score"": ""1 - 0"", ""pct"": 12.42}, {""score"": ""1 - 1"", ""pct"": 10.530000000000001}, {""score"": ""2 - 1"", ""pct"": 10.34}]"
Japan,Saudi Arabia,Neutral,1.837,0.691,64.9,22.6,12.5,66.2,7.4,9.0,11.3,2.4,3.6,82.6,17.4,"[{""score"": ""1 - 0"", ""pct"": 15.459999999999999}, {""score"": ""2 - 0"", ""pct"": 13.139999999999999}, {""score"": ""1 - 1"", ""pct"": 9.719999999999999}]"
Japan,Mexico,Neutral,1.244,1.042,40.6,29.7,29.7,41.4,6.1,9.8,29.0,5.4,8.4,57.2,42.8,"[{""score"": ""1 - 1"", ""pct"": 13.420000000000002}, {""score"": ""1 - 0"", ""pct"": 12.49}, {""score"": ""0 - 0"", ""pct"": 11.05}]"
Japan,Argentina,Neutral,0.996,1.554,23.0,26.5,50.4,23.4,4.4,5.9,49.7,7.5,9.0,33.7,66.3,"[{""score"": ""0 - 1"", ""pct"": 12.53}, {""score"": ""1 - 1"", ""pct"": 11.92}, {""score"": ""1 - 2"", ""pct"": 9.58}]"
Japan,New Zealand,Neutral,1.856,0.712,65.1,22.2,12.8,64.6,7.5,9.5,12.7,2.4,3.4,81.6,18.4,"[{""score"": ""1 - 0"", ""pct"": 14.680000000000001}, {""score"": ""2 - 0"", ""pct"": 13.33}, {""score"": ""2 - 1"", ""pct"": 9.77}]"
Japan,Senegal,Neutral,1.471,1.05,46.0,26.9,27.1,47.5,7.2,9.2,25.4,4.5,6.2,63.9,36.1,"[{""score"": ""1 - 1"", ""pct"": 12.13}, {""score"": ""1 - 0"", ""pct"": 11.62}, {""score"": ""2 - 1"", ""pct"": 9.030000000000001}]"
Japan,Sweden,Neutral,1.963,0.77,66.7,20.2,13.1,65.3,7.2,8.6,13.6,2.3,3.1,81.0,19.0,"[{""score"": ""1 - 0"", ""pct"": 13.58}, {""score"": ""2 - 0"", ""pct"": 12.1}, {""score"": ""2 - 1"", ""pct"": 9.76}]"
Japan,Netherlands,Neutral,1.302,1.113,40.4,29.0,30.7,40.1,6.6,9.0,31.4,5.0,7.8,55.7,44.3,"[{""score"": ""1 - 1"", ""pct"": 12.97}, {""score"": ""1 - 0"", ""pct"": 11.899999999999999}, {""score"": ""0 - 0"", ""pct"": 10.040000000000001}]"
Japan,Tunisia,Neutral,1.673,0.748,59.6,24.8,15.7,61.0,7.2,9.2,15.4,3.1,4.2,77.4,22.6,"[{""score"": ""1 - 0"", ""pct"": 15.06}, {""score"": ""2 - 0"", ""pct"": 12.4}, {""score"": ""1 - 1"", ""pct"": 11.129999999999999}]"
Japan,Scotland,Neutral,1.696,0.931,55.5,25.3,19.2,55.1,7.8,8.7,19.7,3.8,4.9,71.6,28.4,"[{""score"": ""1 - 0"", ""pct"": 12.740000000000002}, {""score"": ""1 - 1"", ""pct"": 11.67}, {""score"": ""2 - 1"", ""pct"": 10.100000000000001}]"
Japan,Colombia,Neutral,1.174,1.274,33.3,28.8,38.0,33.3,6.1,7.8,38.0,6.2,8.7,47.1,52.9,"[{""score"": ""1 - 1"", ""pct"": 12.809999999999999}, {""score"": ""0 - 1"", ""pct"": 10.83}, {""score"": ""1 - 0"", ""pct"": 10.040000000000001}]"
Japan,France,Neutral,1.145,1.407,30.2,27.4,42.3,29.6,5.3,6.8,42.5,6.9,9.0,41.7,58.3,"[{""score"": ""1 - 1"", ""pct"": 12.8}, {""score"": ""0 - 1"", ""pct"": 10.69}, {""score"": ""1 - 2"", ""pct"": 9.379999999999999}]"
Japan,Uzbekistan,Neutral,1.55,0.954,50.9,27.0,22.1,51.4,6.7,9.4,22.3,4.2,5.9,67.5,32.5,"[{""score"": ""1 - 0"", ""pct"": 12.29}, {""score"": ""1 - 1"", ""pct"": 12.02}, {""score"": ""2 - 1"", ""pct"": 10.03}]"
Japan,Ecuador,Neutral,1.205,1.12,37.3,29.7,32.9,37.6,6.2,8.5,33.7,5.5,8.6,52.2,47.8,"[{""score"": ""1 - 1"", ""pct"": 13.100000000000001}, {""score"": ""1 - 0"", ""pct"": 12.479999999999999}, {""score"": ""0 - 0"", ""pct"": 11.08}]"
Japan,Qatar,Neutral,2.561,0.615,80.2,13.9,6.0,80.8,6.1,5.2,5.6,1.1,1.1,92.1,7.9,"[{""score"": ""2 - 0"", ""pct"": 13.69}, {""score"": ""1 - 0"", ""pct"": 11.52}, {""score"": ""3 - 0"", ""pct"": 11.49}]"
Japan,Ivory Coast,Neutral,1.593,0.926,53.3,25.4,21.2,52.8,7.4,10.1,20.3,4.0,5.3,70.4,29.6,"[{""score"": ""1 - 0"", ""pct"": 13.25}, {""score"": ""1 - 1"", ""pct"": 11.5}, {""score"": ""2 - 0"", ""pct"": 10.27}]"
Japan,England,Neutral,1.074,1.223,31.7,30.0,38.3,31.4,6.0,8.0,38.6,6.6,9.3,45.4,54.6,"[{""score"": ""1 - 1"", ""pct"": 13.11}, {""score"": ""0 - 1"", ""pct"": 11.74}, {""score"": ""0 - 0"", ""pct"": 11.26}]"
Japan,Cape Verde,Neutral,1.96,0.722,66.6,21.5,11.9,67.5,7.5,8.2,11.4,2.3,3.1,83.2,16.8,"[{""score"": ""1 - 0"", ""pct"": 13.969999999999999}, {""score"": ""2 - 0"", ""pct"": 13.16}, {""score"": ""1 - 1"", ""pct"": 10.07}]"
Japan,Panama,Neutral,1.685,1.041,52.8,24.9,22.3,52.6,7.2,8.3,22.6,4.2,5.1,68.1,31.9,"[{""score"": ""1 - 1"", ""pct"": 11.33}, {""score"": ""1 - 0"", ""pct"": 11.32}, {""score"": ""2 - 1"", ""pct"": 9.49}]"
Japan,Austria,Neutral,1.57,0.99,50.4,26.5,23.1,50.5,7.7,9.1,23.5,4.1,5.1,67.3,32.7,"[{""score"": ""1 - 0"", ""pct"": 11.99}, {""score"": ""1 - 1"", ""pct"": 11.87}, {""score"": ""2 - 0"", ""pct"": 9.62}]"
Japan,Belgium,Neutral,1.463,1.041,46.0,28.0,26.0,46.4,6.8,9.2,26.3,4.7,6.6,62.4,37.6,"[{""score"": ""1 - 1"", ""pct"": 13.19}, {""score"": ""1 - 0"", ""pct"": 11.91}, {""score"": ""2 - 1"", ""pct"": 9.19}]"
Japan,Egypt,Neutral,1.551,0.835,54.1,27.0,18.8,54.5,7.7,9.9,18.8,3.6,5.5,72.1,27.9,"[{""score"": ""1 - 0"", ""pct"": 14.719999999999999}, {""score"": ""1 - 1"", ""pct"": 11.450000000000001}, {""score"": ""2 - 0"", ""pct"": 10.9}]"
Japan,Iraq,Neutral,1.655,0.745,59.2,25.1,15.7,58.9,8.1,9.6,15.5,3.4,4.5,76.6,23.4,"[{""score"": ""1 - 0"", ""pct"": 15.160000000000002}, {""score"": ""2 - 0"", ""pct"": 11.93}, {""score"": ""1 - 1"", ""pct"": 11.020000000000001}]"
Japan,Switzerland,Neutral,1.516,1.043,47.3,27.2,25.5,47.8,6.7,9.5,25.3,4.6,6.3,63.9,36.1,"[{""score"": ""1 - 1"", ""pct"": 11.89}, {""score"": ""1 - 0"", ""pct"": 11.88}, {""score"": ""0 - 0"", ""pct"": 9.07}]"
Japan,Brazil,Neutral,1.163,1.272,32.8,28.5,38.7,32.4,5.7,8.1,38.6,6.5,8.7,46.2,53.8,"[{""score"": ""1 - 1"", ""pct"": 12.91}, {""score"": ""0 - 1"", ""pct"": 11.020000000000001}, {""score"": ""1 - 0"", ""pct"": 10.12}]"
Japan,United States,Neutral,1.734,0.996,54.3,24.2,21.5,54.8,7.4,8.3,21.0,3.8,4.7,70.6,29.4,"[{""score"": ""1 - 0"", ""pct"": 11.55}, {""score"": ""1 - 1"", ""pct"": 10.95}, {""score"": ""2 - 1"", ""pct"": 10.11}]"
Japan,Ghana,Neutral,2.108,0.639,72.0,19.0,9.0,71.1,7.5,7.6,9.4,1.8,2.5,86.2,13.8,"[{""score"": ""2 - 0"", ""pct"": 14.08}, {""score"": ""1 - 0"", ""pct"": 13.84}, {""score"": ""3 - 0"", ""pct"": 9.64}]"
Japan,Uruguay,Neutral,1.298,1.054,42.2,29.0,28.8,41.8,6.9,9.2,29.7,5.0,7.3,58.0,42.0,"[{""score"": ""1 - 1"", ""pct"": 13.0}, {""score"": ""1 - 0"", ""pct"": 12.139999999999999}, {""score"": ""0 - 0"", ""pct"": 10.48}]"
Japan,Portugal,Neutral,1.227,1.214,36.5,28.4,35.1,35.3,6.4,8.0,35.6,5.8,8.8,49.8,50.2,"[{""score"": ""1 - 1"", ""pct"": 13.01}, {""score"": ""1 - 0"", ""pct"": 11.24}, {""score"": ""0 - 1"", ""pct"": 10.459999999999999}]"
Japan,Algeria,Neutral,1.386,1.002,45.6,28.5,25.9,45.8,7.0,9.5,26.2,4.8,6.7,62.3,37.7,"[{""score"": ""1 - 0"", ""pct"": 13.139999999999999}, {""score"": ""1 - 1"", ""pct"": 13.13}, {""score"": ""0 - 0"", ""pct"": 9.67}]"
Japan,Spain,Neutral,1.017,1.587,23.6,25.7,50.6,23.3,4.1,5.8,50.3,7.7,8.8,33.2,66.8,"[{""score"": ""0 - 1"", ""pct"": 12.06}, {""score"": ""1 - 1"", ""pct"": 11.81}, {""score"": ""1 - 2"", ""pct"": 9.700000000000001}]"
Japan,Bosnia and Herzegovina,Neutral,2.308,0.645,75.8,16.4,7.8,75.3,7.0,6.5,8.0,1.3,1.9,88.8,11.2,"[{""score"": ""2 - 0"", ""pct"": 13.99}, {""score"": ""1 - 0"", ""pct"": 12.770000000000001}, {""score"": ""3 - 0"", ""pct"": 9.99}]"
Japan,South Africa,Neutral,1.819,0.686,64.5,22.8,12.7,64.6,8.0,9.2,12.2,2.5,3.4,81.8,18.2,"[{""score"": ""1 - 0"", ""pct"": 15.45}, {""score"": ""2 - 0"", ""pct"": 13.38}, {""score"": ""1 - 1"", ""pct"": 10.0}]"
Japan,DR Congo,Neutral,1.633,0.784,57.8,25.7,16.5,58.0,7.5,9.9,16.5,3.4,4.6,75.4,24.6,"[{""score"": ""1 - 0"", ""pct"": 15.120000000000001}, {""score"": ""1 - 1"", ""pct"": 12.049999999999999}, {""score"": ""2 - 0"", ""pct"": 12.0}]"
Japan,Croatia,Neutral,1.495,1.04,47.6,26.5,25.9,47.7,6.6,9.1,25.6,4.6,6.4,63.4,36.6,"[{""score"": ""1 - 0"", ""pct"": 12.19}, {""score"": ""1 - 1"", ""pct"": 11.55}, {""score"": ""2 - 1"", ""pct"": 9.58}]"
Japan,Norway,Neutral,1.471,1.062,45.8,27.4,26.8,45.9,6.9,9.4,26.1,5.2,6.4,62.3,37.7,"[{""score"": ""1 - 1"", ""pct"": 12.740000000000002}, {""score"": ""1 - 0"", ""pct"": 11.82}, {""score"": ""2 - 1"", ""pct"": 9.31}]"
Japan,Turkey,Neutral,1.457,1.034,46.4,26.6,26.9,46.6,7.0,9.4,25.9,4.7,6.4,63.0,37.0,"[{""score"": ""1 - 0"", ""pct"": 11.98}, {""score"": ""1 - 1"", ""pct"": 11.75}, {""score"": ""2 - 1"", ""pct"": 9.24}]"
Japan,Morocco,Neutral,1.235,1.156,37.2,28.5,34.3,37.4,6.4,8.4,33.4,6.2,8.2,52.2,47.8,"[{""score"": ""1 - 1"", ""pct"": 13.19}, {""score"": ""1 - 0"", ""pct"": 11.5}, {""score"": ""0 - 1"", ""pct"": 10.86}]"
Japan,Haiti,Neutral,1.727,0.785,59.2,24.6,16.2,59.4,7.7,9.3,16.2,3.2,4.2,76.4,23.6,"[{""score"": ""1 - 0"", ""pct"": 14.31}, {""score"": ""2 - 0"", ""pct"": 11.020000000000001}, {""score"": ""1 - 1"", ""pct"": 10.74}]"
Japan,South Korea,Neutral,1.507,1.025,48.4,27.2,24.4,47.6,7.3,9.5,25.4,4.1,6.1,64.3,35.7,"[{""score"": ""1 - 0"", ""pct"": 12.879999999999999}, {""score"": ""1 - 1"", ""pct"": 12.73}, {""score"": ""2 - 1"", ""pct"": 9.29}]"
Japan,Curaçao,Neutral,2.235,0.675,73.1,18.7,8.2,73.5,7.0,7.1,8.9,1.6,1.9,87.6,12.4,"[{""score"": ""2 - 0"", ""pct"": 13.29}, {""score"": ""1 - 0"", ""pct"": 12.809999999999999}, {""score"": ""2 - 1"", ""pct"": 9.700000000000001}]"
Japan,Paraguay,Neutral,1.494,0.991,48.1,28.0,24.0,48.5,7.1,8.6,24.8,4.7,6.2,64.2,35.8,"[{""score"": ""1 - 0"", ""pct"": 12.45}, {""score"": ""1 - 1"", ""pct"": 12.27}, {""score"": ""0 - 0"", ""pct"": 9.9}]"
Japan,Iran,Neutral,1.421,1.038,45.5,27.9,26.6,45.1,6.9,9.0,27.2,5.1,6.8,61.0,39.0,"[{""score"": ""1 - 0"", ""pct"": 12.590000000000002}, {""score"": ""1 - 1"", ""pct"": 12.18}, {""score"": ""0 - 0"", ""pct"": 9.44}]"
France,Jordan,Neutral,1.889,0.97,60.0,23.1,17.0,59.2,7.0,7.8,18.6,3.4,4.0,74.0,26.0,"[{""score"": ""1 - 0"", ""pct"": 10.92}, {""score"": ""2 - 0"", ""pct"": 10.68}, {""score"": ""1 - 1"", ""pct"": 10.18}]"
France,Australia,Neutral,1.58,1.126,48.0,26.7,25.3,48.0,7.5,8.1,25.9,4.6,6.0,63.6,36.4,"[{""score"": ""1 - 1"", ""pct"": 12.17}, {""score"": ""1 - 0"", ""pct"": 11.06}, {""score"": ""2 - 1"", ""pct"": 9.48}]"
France,Germany,Neutral,1.508,1.169,45.0,26.8,28.2,45.1,6.8,7.8,28.9,4.9,6.5,59.7,40.3,"[{""score"": ""1 - 1"", ""pct"": 12.509999999999998}, {""score"": ""1 - 0"", ""pct"": 10.56}, {""score"": ""2 - 1"", ""pct"": 9.139999999999999}]"
France,Canada,Neutral,1.519,0.992,50.2,26.8,23.0,49.2,7.3,9.5,23.8,4.4,5.8,66.0,34.0,"[{""score"": ""1 - 0"", ""pct"": 12.46}, {""score"": ""1 - 1"", ""pct"": 11.85}, {""score"": ""2 - 1"", ""pct"": 9.91}]"
France,Czech Republic,Neutral,1.876,0.903,61.0,23.1,16.0,60.7,7.2,8.7,16.1,3.0,4.2,76.7,23.3,"[{""score"": ""1 - 0"", ""pct"": 12.16}, {""score"": ""2 - 0"", ""pct"": 11.19}, {""score"": ""1 - 1"", ""pct"": 10.7}]"
France,Saudi Arabia,Neutral,2.076,0.731,69.2,19.9,10.9,69.3,7.1,7.7,11.1,2.1,2.7,84.1,15.9,"[{""score"": ""2 - 0"", ""pct"": 13.600000000000001}, {""score"": ""1 - 0"", ""pct"": 13.05}, {""score"": ""2 - 1"", ""pct"": 9.65}]"
France,Mexico,Neutral,1.426,1.088,44.8,27.9,27.3,44.6,7.0,9.2,27.1,5.3,6.8,60.8,39.2,"[{""score"": ""1 - 1"", ""pct"": 13.089999999999998}, {""score"": ""1 - 0"", ""pct"": 12.17}, {""score"": ""0 - 0"", ""pct"": 8.84}]"
France,Argentina,Neutral,1.09,1.521,26.3,26.2,47.5,26.5,4.7,6.3,46.4,7.0,9.1,37.5,62.5,"[{""score"": ""1 - 1"", ""pct"": 12.049999999999999}, {""score"": ""0 - 1"", ""pct"": 11.559999999999999}, {""score"": ""1 - 2"", ""pct"": 9.45}]"
France,New Zealand,Neutral,2.163,0.774,69.8,19.6,10.6,69.3,7.4,7.5,11.1,2.2,2.5,84.2,15.8,"[{""score"": ""2 - 0"", ""pct"": 12.46}, {""score"": ""1 - 0"", ""pct"": 12.16}, {""score"": ""2 - 1"", ""pct"": 9.84}]"
France,Senegal,Neutral,1.63,1.127,49.9,25.2,24.9,48.7,7.6,8.3,25.0,4.6,5.8,64.6,35.4,"[{""score"": ""1 - 1"", ""pct"": 11.63}, {""score"": ""1 - 0"", ""pct"": 11.360000000000001}, {""score"": ""2 - 1"", ""pct"": 9.569999999999999}]"
France,Sweden,Neutral,2.22,0.787,70.1,19.0,10.9,70.4,7.0,6.9,10.9,2.2,2.6,84.3,15.7,"[{""score"": ""2 - 0"", ""pct"": 12.989999999999998}, {""score"": ""1 - 0"", ""pct"": 11.01}, {""score"": ""2 - 1"", ""pct"": 9.610000000000001}]"
France,Netherlands,Neutral,1.487,1.142,44.9,26.5,28.6,44.8,7.5,8.5,28.0,4.9,6.2,60.8,39.2,"[{""score"": ""1 - 1"", ""pct"": 12.01}, {""score"": ""1 - 0"", ""pct"": 11.08}, {""score"": ""2 - 1"", ""pct"": 9.1}]"
France,Tunisia,Neutral,1.747,0.757,61.2,24.3,14.6,61.2,7.4,9.4,14.9,3.1,4.0,78.0,22.0,"[{""score"": ""1 - 0"", ""pct"": 14.35}, {""score"": ""2 - 0"", ""pct"": 12.889999999999999}, {""score"": ""1 - 1"", ""pct"": 11.08}]"
France,Scotland,Neutral,1.818,0.84,60.8,23.7,15.5,61.0,7.5,8.8,15.9,3.1,3.7,77.3,22.7,"[{""score"": ""1 - 0"", ""pct"": 12.65}, {""score"": ""2 - 0"", ""pct"": 11.88}, {""score"": ""1 - 1"", ""pct"": 10.9}]"
France,Colombia,Neutral,1.346,1.235,39.3,27.2,33.5,37.2,6.8,7.9,34.3,5.9,7.9,51.9,48.1,"[{""score"": ""1 - 1"", ""pct"": 12.4}, {""score"": ""1 - 0"", ""pct"": 10.73}, {""score"": ""0 - 1"", ""pct"": 9.51}]"
France,Japan,Neutral,1.407,1.145,41.6,28.2,30.2,41.7,7.2,9.0,29.2,5.7,7.2,57.9,42.1,"[{""score"": ""1 - 1"", ""pct"": 13.089999999999998}, {""score"": ""1 - 0"", ""pct"": 10.77}, {""score"": ""0 - 1"", ""pct"": 9.34}]"
France,Uzbekistan,Neutral,1.663,0.931,54.7,24.8,20.6,55.3,7.3,8.7,20.1,3.8,4.8,71.3,28.7,"[{""score"": ""1 - 0"", ""pct"": 13.209999999999999}, {""score"": ""1 - 1"", ""pct"": 11.39}, {""score"": ""2 - 0"", ""pct"": 10.03}]"
France,Ecuador,Neutral,1.438,1.14,43.0,27.7,29.3,43.4,7.3,9.0,28.3,5.3,6.8,59.7,40.3,"[{""score"": ""1 - 1"", ""pct"": 12.68}, {""score"": ""1 - 0"", ""pct"": 11.06}, {""score"": ""2 - 1"", ""pct"": 8.97}]"
France,Qatar,Neutral,2.783,0.568,83.8,12.1,4.1,83.3,5.8,4.5,4.4,0.9,1.0,93.6,6.4,"[{""score"": ""2 - 0"", ""pct"": 13.11}, {""score"": ""3 - 0"", ""pct"": 12.15}, {""score"": ""1 - 0"", ""pct"": 10.35}]"
France,Ivory Coast,Neutral,1.687,0.829,58.1,24.8,17.2,57.9,7.8,9.4,17.0,3.5,4.4,75.0,25.0,"[{""score"": ""1 - 0"", ""pct"": 14.38}, {""score"": ""2 - 0"", ""pct"": 11.29}, {""score"": ""1 - 1"", ""pct"": 11.24}]"
France,England,Neutral,1.241,1.192,36.7,28.8,34.5,36.5,6.7,9.1,33.8,5.8,8.2,52.3,47.7,"[{""score"": ""1 - 1"", ""pct"": 12.91}, {""score"": ""0 - 1"", ""pct"": 10.94}, {""score"": ""1 - 0"", ""pct"": 10.54}]"
France,Cape Verde,Neutral,2.062,0.708,68.7,20.2,11.2,69.1,7.2,8.0,10.8,2.2,2.6,84.3,15.7,"[{""score"": ""2 - 0"", ""pct"": 13.950000000000001}, {""score"": ""1 - 0"", ""pct"": 13.270000000000001}, {""score"": ""2 - 1"", ""pct"": 9.030000000000001}]"
France,Panama,Neutral,1.853,1.004,57.4,23.4,19.2,57.4,7.7,8.3,18.9,3.6,4.1,73.4,26.6,"[{""score"": ""1 - 0"", ""pct"": 11.05}, {""score"": ""1 - 1"", ""pct"": 10.45}, {""score"": ""2 - 0"", ""pct"": 9.69}]"
France,Austria,Neutral,1.646,0.857,56.6,24.6,18.7,56.2,7.7,9.3,18.3,3.6,4.9,73.2,26.8,"[{""score"": ""1 - 0"", ""pct"": 14.23}, {""score"": ""1 - 1"", ""pct"": 11.28}, {""score"": ""2 - 0"", ""pct"": 11.06}]"
France,Belgium,Neutral,1.634,1.113,49.3,25.7,25.0,48.8,7.5,8.4,24.9,4.2,6.1,64.8,35.2,"[{""score"": ""1 - 0"", ""pct"": 11.4}, {""score"": ""1 - 1"", ""pct"": 11.35}, {""score"": ""2 - 1"", ""pct"": 9.31}]"
France,Egypt,Neutral,1.636,0.785,57.8,25.8,16.4,57.6,7.8,9.9,16.8,3.1,4.7,75.3,24.7,"[{""score"": ""1 - 0"", ""pct"": 14.93}, {""score"": ""1 - 1"", ""pct"": 11.84}, {""score"": ""2 - 0"", ""pct"": 11.37}]"
France,Iraq,Neutral,1.716,0.752,61.6,23.4,14.9,60.3,8.0,9.8,14.9,2.9,3.9,78.2,21.8,"[{""score"": ""1 - 0"", ""pct"": 15.440000000000001}, {""score"": ""2 - 0"", ""pct"": 12.26}, {""score"": ""1 - 1"", ""pct"": 10.59}]"
France,Switzerland,Neutral,1.667,1.113,51.2,24.8,24.0,50.2,7.1,8.1,24.9,4.3,5.4,65.4,34.6,"[{""score"": ""1 - 1"", ""pct"": 11.540000000000001}, {""score"": ""1 - 0"", ""pct"": 10.71}, {""score"": ""2 - 1"", ""pct"": 9.44}]"
France,Brazil,Neutral,1.347,1.246,38.6,27.8,33.7,38.1,6.3,8.3,33.5,5.9,7.9,52.7,47.3,"[{""score"": ""1 - 1"", ""pct"": 12.41}, {""score"": ""1 - 0"", ""pct"": 10.52}, {""score"": ""0 - 1"", ""pct"": 9.27}]"
France,United States,Neutral,1.84,0.881,60.7,23.1,16.3,60.9,7.2,8.2,16.3,3.3,3.9,76.4,23.6,"[{""score"": ""1 - 0"", ""pct"": 12.43}, {""score"": ""2 - 0"", ""pct"": 10.95}, {""score"": ""2 - 1"", ""pct"": 10.65}]"
France,Ghana,Neutral,2.311,0.666,74.5,17.8,7.7,75.6,6.4,6.6,8.1,1.4,1.8,88.6,11.4,"[{""score"": ""2 - 0"", ""pct"": 13.08}, {""score"": ""1 - 0"", ""pct"": 12.479999999999999}, {""score"": ""3 - 0"", ""pct"": 9.93}]"
France,Uruguay,Neutral,1.495,1.101,46.0,27.7,26.3,45.9,7.5,8.3,27.2,4.8,6.4,61.6,38.4,"[{""score"": ""1 - 1"", ""pct"": 12.41}, {""score"": ""1 - 0"", ""pct"": 11.129999999999999}, {""score"": ""2 - 1"", ""pct"": 9.29}]"
France,Portugal,Neutral,1.468,1.202,43.4,26.3,30.3,42.3,6.8,8.3,30.3,5.8,6.5,57.4,42.6,"[{""score"": ""1 - 1"", ""pct"": 11.940000000000001}, {""score"": ""1 - 0"", ""pct"": 10.68}, {""score"": ""2 - 1"", ""pct"": 9.27}]"
France,Algeria,Neutral,1.522,1.006,48.4,27.6,24.0,49.6,6.9,9.3,24.0,4.2,5.9,65.8,34.2,"[{""score"": ""1 - 1"", ""pct"": 12.5}, {""score"": ""1 - 0"", ""pct"": 12.41}, {""score"": ""2 - 1"", ""pct"": 9.48}]"
France,Spain,Neutral,1.076,1.532,25.7,27.3,47.0,25.5,4.8,6.0,47.7,7.2,8.8,36.3,63.7,"[{""score"": ""1 - 1"", ""pct"": 12.709999999999999}, {""score"": ""0 - 1"", ""pct"": 11.450000000000001}, {""score"": ""1 - 2"", ""pct"": 8.98}]"
France,Bosnia and Herzegovina,Neutral,2.481,0.683,77.5,15.3,7.1,77.1,6.6,6.0,7.4,1.3,1.6,89.7,10.3,"[{""score"": ""2 - 0"", ""pct"": 13.05}, {""score"": ""1 - 0"", ""pct"": 11.26}, {""score"": ""3 - 0"", ""pct"": 10.67}]"
France,South Africa,Neutral,2.023,0.695,68.8,20.2,10.9,68.7,7.6,8.2,10.5,2.2,2.8,84.4,15.6,"[{""score"": ""2 - 0"", ""pct"": 14.12}, {""score"": ""1 - 0"", ""pct"": 13.71}, {""score"": ""2 - 1"", ""pct"": 9.08}]"
France,DR Congo,Neutral,1.698,0.743,60.6,25.1,14.4,60.2,7.9,9.6,15.0,3.0,4.4,77.7,22.4,"[{""score"": ""1 - 0"", ""pct"": 15.370000000000001}, {""score"": ""2 - 0"", ""pct"": 12.31}, {""score"": ""1 - 1"", ""pct"": 11.08}]"
France,Croatia,Neutral,1.65,1.137,49.3,25.7,25.0,50.4,6.9,7.8,24.4,4.7,5.7,65.2,34.8,"[{""score"": ""1 - 1"", ""pct"": 11.5}, {""score"": ""1 - 0"", ""pct"": 10.34}, {""score"": ""2 - 1"", ""pct"": 9.46}]"
France,Norway,Neutral,1.627,1.159,47.7,26.3,26.0,48.3,6.7,8.1,26.4,4.5,5.9,63.1,36.8,"[{""score"": ""1 - 1"", ""pct"": 12.2}, {""score"": ""1 - 0"", ""pct"": 10.73}, {""score"": ""2 - 1"", ""pct"": 9.39}]"
France,Turkey,Neutral,1.616,1.114,48.6,25.9,25.4,48.7,7.0,8.7,24.8,4.5,6.3,64.4,35.6,"[{""score"": ""1 - 1"", ""pct"": 11.76}, {""score"": ""1 - 0"", ""pct"": 10.7}, {""score"": ""2 - 1"", ""pct"": 9.43}]"
France,Morocco,Neutral,1.418,1.122,43.4,27.4,29.2,43.6,6.2,8.9,29.2,4.9,7.1,58.8,41.2,"[{""score"": ""1 - 1"", ""pct"": 11.89}, {""score"": ""1 - 0"", ""pct"": 11.35}, {""score"": ""2 - 1"", ""pct"": 9.049999999999999}]"
France,Haiti,Neutral,1.835,0.804,62.1,22.9,15.0,63.1,7.4,8.3,14.4,3.1,3.6,78.9,21.1,"[{""score"": ""1 - 0"", ""pct"": 13.55}, {""score"": ""2 - 0"", ""pct"": 12.07}, {""score"": ""1 - 1"", ""pct"": 10.51}]"
France,South Korea,Neutral,1.667,1.103,51.3,24.3,24.4,50.3,7.0,8.2,24.5,4.6,5.5,65.4,34.6,"[{""score"": ""1 - 0"", ""pct"": 11.219999999999999}, {""score"": ""1 - 1"", ""pct"": 10.89}, {""score"": ""2 - 1"", ""pct"": 9.610000000000001}]"
France,Curaçao,Neutral,2.449,0.694,76.7,15.9,7.4,77.1,6.0,5.8,7.8,1.6,1.7,88.8,11.2,"[{""score"": ""2 - 0"", ""pct"": 13.94}, {""score"": ""1 - 0"", ""pct"": 11.18}, {""score"": ""3 - 0"", ""pct"": 9.93}]"
France,Paraguay,Neutral,1.639,1.081,50.7,24.7,24.7,50.4,7.6,8.6,23.6,4.5,5.4,66.5,33.5,"[{""score"": ""1 - 0"", ""pct"": 10.86}, {""score"": ""1 - 1"", ""pct"": 10.84}, {""score"": ""2 - 1"", ""pct"": 9.71}]"
France,Iran,Neutral,1.569,1.131,46.7,26.3,26.9,46.7,6.8,8.8,27.3,4.5,5.9,62.3,37.7,"[{""score"": ""1 - 1"", ""pct"": 12.049999999999999}, {""score"": ""1 - 0"", ""pct"": 10.72}, {""score"": ""2 - 1"", ""pct"": 9.25}]"
Uzbekistan,Jordan,Neutral,1.365,1.142,41.3,28.3,30.4,42.1,6.5,8.8,30.4,4.9,7.2,57.4,42.5,"[{""score"": ""1 - 1"", ""pct"": 13.139999999999999}, {""score"": ""1 - 0"", ""pct"": 11.65}, {""score"": ""0 - 0"", ""pct"": 9.04}]"
Uzbekistan,Australia,Neutral,1.062,1.397,27.5,27.8,44.7,27.6,4.4,7.1,44.7,6.7,9.5,39.1,60.9,"[{""score"": ""1 - 1"", ""pct"": 12.690000000000001}, {""score"": ""0 - 1"", ""pct"": 12.370000000000001}, {""score"": ""1 - 0"", ""pct"": 9.24}]"
Uzbekistan,Germany,Neutral,1.027,1.471,25.4,27.6,47.0,26.1,4.5,6.2,46.7,7.1,9.4,36.9,63.2,"[{""score"": ""1 - 1"", ""pct"": 12.540000000000001}, {""score"": ""0 - 1"", ""pct"": 12.53}, {""score"": ""1 - 2"", ""pct"": 9.24}]"
Uzbekistan,Canada,Neutral,1.049,1.235,30.1,29.7,40.2,29.8,5.5,8.3,39.8,6.7,10.0,43.5,56.5,"[{""score"": ""0 - 1"", ""pct"": 13.16}, {""score"": ""1 - 1"", ""pct"": 12.98}, {""score"": ""0 - 0"", ""pct"": 11.43}]"
Uzbekistan,Czech Republic,Neutral,1.48,1.024,46.9,27.9,25.2,46.7,7.4,8.9,26.1,4.5,6.4,63.0,37.0,"[{""score"": ""1 - 1"", ""pct"": 12.889999999999999}, {""score"": ""1 - 0"", ""pct"": 12.590000000000002}, {""score"": ""0 - 0"", ""pct"": 9.180000000000001}]"
Uzbekistan,Saudi Arabia,Neutral,1.547,0.986,50.3,27.0,22.7,50.0,7.1,9.7,22.9,4.8,5.5,66.8,33.2,"[{""score"": ""1 - 0"", ""pct"": 12.78}, {""score"": ""1 - 1"", ""pct"": 12.0}, {""score"": ""2 - 1"", ""pct"": 9.520000000000001}]"
Uzbekistan,Mexico,Neutral,0.966,1.389,24.7,28.7,46.6,25.9,4.8,6.8,45.9,7.0,9.6,37.5,62.5,"[{""score"": ""0 - 1"", ""pct"": 13.669999999999998}, {""score"": ""1 - 1"", ""pct"": 13.25}, {""score"": ""0 - 0"", ""pct"": 10.459999999999999}]"
Uzbekistan,Argentina,Neutral,0.701,1.716,14.1,24.6,61.3,14.5,2.9,3.8,61.5,7.7,9.7,21.1,78.9,"[{""score"": ""0 - 1"", ""pct"": 15.25}, {""score"": ""0 - 2"", ""pct"": 12.58}, {""score"": ""1 - 1"", ""pct"": 10.57}]"
Uzbekistan,New Zealand,Neutral,1.576,1.013,50.6,25.2,24.1,50.2,7.1,8.8,23.0,4.7,6.1,66.2,33.9,"[{""score"": ""1 - 0"", ""pct"": 12.21}, {""score"": ""1 - 1"", ""pct"": 11.55}, {""score"": ""2 - 1"", ""pct"": 9.84}]"
Uzbekistan,Senegal,Neutral,1.096,1.3,30.9,28.9,40.2,30.0,5.2,7.8,40.9,6.8,9.3,42.9,57.1,"[{""score"": ""1 - 1"", ""pct"": 13.5}, {""score"": ""0 - 1"", ""pct"": 11.940000000000001}, {""score"": ""1 - 0"", ""pct"": 10.05}]"
Uzbekistan,Sweden,Neutral,1.647,1.035,51.9,25.0,23.1,51.6,7.2,8.6,23.0,4.1,5.5,67.4,32.6,"[{""score"": ""1 - 0"", ""pct"": 11.360000000000001}, {""score"": ""1 - 1"", ""pct"": 11.35}, {""score"": ""2 - 1"", ""pct"": 9.719999999999999}]"
Uzbekistan,Netherlands,Neutral,1.023,1.462,26.0,26.9,47.1,25.2,4.8,6.2,47.3,7.2,9.2,36.2,63.8,"[{""score"": ""0 - 1"", ""pct"": 12.16}, {""score"": ""1 - 1"", ""pct"": 11.940000000000001}, {""score"": ""1 - 2"", ""pct"": 9.13}]"
Uzbekistan,Tunisia,Neutral,1.406,1.012,45.0,28.1,27.0,45.3,7.2,8.9,27.2,4.8,6.6,61.4,38.6,"[{""score"": ""1 - 0"", ""pct"": 12.31}, {""score"": ""1 - 1"", ""pct"": 12.29}, {""score"": ""0 - 0"", ""pct"": 10.26}]"
Uzbekistan,Scotland,Neutral,1.312,1.131,39.9,29.2,30.9,40.2,6.5,9.2,31.3,5.4,7.3,56.0,44.0,"[{""score"": ""1 - 1"", ""pct"": 13.23}, {""score"": ""1 - 0"", ""pct"": 11.23}, {""score"": ""0 - 1"", ""pct"": 10.02}]"
Uzbekistan,Colombia,Neutral,1.021,1.587,23.9,26.7,49.4,23.4,4.4,6.1,50.3,7.1,8.8,33.9,66.1,"[{""score"": ""1 - 1"", ""pct"": 12.07}, {""score"": ""0 - 1"", ""pct"": 11.78}, {""score"": ""1 - 2"", ""pct"": 9.74}]"
Uzbekistan,Japan,Neutral,0.954,1.55,22.0,26.8,51.2,21.9,4.4,5.9,50.9,7.4,9.5,32.1,67.9,"[{""score"": ""0 - 1"", ""pct"": 12.839999999999998}, {""score"": ""1 - 1"", ""pct"": 11.899999999999999}, {""score"": ""1 - 2"", ""pct"": 9.65}]"
Uzbekistan,France,Neutral,0.931,1.663,20.3,25.0,54.8,19.8,3.9,5.0,54.1,8.0,9.2,28.7,71.3,"[{""score"": ""0 - 1"", ""pct"": 12.870000000000001}, {""score"": ""1 - 1"", ""pct"": 11.61}, {""score"": ""0 - 2"", ""pct"": 10.040000000000001}]"
Uzbekistan,Ecuador,Neutral,0.995,1.491,24.3,27.2,48.5,24.9,4.6,6.3,47.7,6.9,9.6,35.8,64.2,"[{""score"": ""0 - 1"", ""pct"": 12.46}, {""score"": ""1 - 1"", ""pct"": 12.1}, {""score"": ""1 - 2"", ""pct"": 9.44}]"
Uzbekistan,Qatar,Neutral,1.933,0.711,66.6,21.3,12.1,66.4,7.1,8.6,12.3,2.3,3.2,82.1,17.9,"[{""score"": ""1 - 0"", ""pct"": 14.39}, {""score"": ""2 - 0"", ""pct"": 13.020000000000001}, {""score"": ""1 - 1"", ""pct"": 9.93}]"
Uzbekistan,Ivory Coast,Neutral,1.21,1.122,37.2,28.8,33.9,37.4,6.2,9.2,32.3,6.0,8.9,52.8,47.2,"[{""score"": ""1 - 1"", ""pct"": 13.01}, {""score"": ""1 - 0"", ""pct"": 11.75}, {""score"": ""0 - 1"", ""pct"": 11.09}]"
Uzbekistan,England,Neutral,0.881,1.568,21.0,25.9,53.1,20.0,3.7,5.4,54.0,7.3,9.6,29.1,70.9,"[{""score"": ""0 - 1"", ""pct"": 13.98}, {""score"": ""1 - 1"", ""pct"": 11.87}, {""score"": ""0 - 2"", ""pct"": 10.02}]"
Uzbekistan,Cape Verde,Neutral,1.636,0.913,54.6,25.8,19.7,54.6,7.3,9.3,19.8,3.8,5.2,71.2,28.8,"[{""score"": ""1 - 0"", ""pct"": 13.3}, {""score"": ""1 - 1"", ""pct"": 11.899999999999999}, {""score"": ""2 - 1"", ""pct"": 10.23}]"
Uzbekistan,Panama,Neutral,1.263,1.259,36.5,28.1,35.4,36.1,5.9,7.6,35.9,6.2,8.3,49.6,50.4,"[{""score"": ""1 - 1"", ""pct"": 13.469999999999999}, {""score"": ""1 - 0"", ""pct"": 10.280000000000001}, {""score"": ""0 - 1"", ""pct"": 9.8}]"
Uzbekistan,Austria,Neutral,1.195,1.171,36.2,28.7,35.1,35.6,5.7,9.3,34.9,6.1,8.4,50.6,49.4,"[{""score"": ""1 - 1"", ""pct"": 13.07}, {""score"": ""1 - 0"", ""pct"": 11.459999999999999}, {""score"": ""0 - 1"", ""pct"": 10.92}]"
Uzbekistan,Belgium,Neutral,1.068,1.305,30.1,28.4,41.5,29.6,5.5,7.7,41.4,6.7,9.1,42.8,57.2,"[{""score"": ""1 - 1"", ""pct"": 12.7}, {""score"": ""0 - 1"", ""pct"": 12.389999999999999}, {""score"": ""1 - 0"", ""pct"": 10.41}]"
Uzbekistan,Egypt,Neutral,1.187,1.014,39.3,30.4,30.3,39.1,6.6,10.2,29.9,5.8,8.4,55.9,44.1,"[{""score"": ""1 - 1"", ""pct"": 13.459999999999999}, {""score"": ""1 - 0"", ""pct"": 12.9}, {""score"": ""0 - 0"", ""pct"": 11.91}]"
Uzbekistan,Iraq,Neutral,1.351,0.982,45.0,28.5,26.5,44.2,7.4,9.7,26.7,4.9,7.1,61.3,38.7,"[{""score"": ""1 - 0"", ""pct"": 12.97}, {""score"": ""1 - 1"", ""pct"": 12.959999999999999}, {""score"": ""0 - 0"", ""pct"": 10.41}]"
Uzbekistan,Switzerland,Neutral,1.124,1.303,31.5,28.7,39.8,31.5,5.8,7.7,39.0,6.7,9.3,45.0,55.0,"[{""score"": ""1 - 1"", ""pct"": 12.920000000000002}, {""score"": ""0 - 1"", ""pct"": 11.88}, {""score"": ""1 - 0"", ""pct"": 10.07}]"
Uzbekistan,Brazil,Neutral,0.982,1.672,21.1,25.4,53.4,21.0,3.9,4.9,53.8,7.2,9.1,29.8,70.2,"[{""score"": ""0 - 1"", ""pct"": 12.29}, {""score"": ""1 - 1"", ""pct"": 11.42}, {""score"": ""0 - 2"", ""pct"": 9.66}]"
Uzbekistan,United States,Neutral,1.32,1.159,39.9,28.5,31.6,40.0,6.1,8.7,31.8,5.2,8.1,54.9,45.1,"[{""score"": ""1 - 1"", ""pct"": 13.16}, {""score"": ""1 - 0"", ""pct"": 11.15}, {""score"": ""0 - 1"", ""pct"": 9.75}]"
Uzbekistan,Ghana,Neutral,1.69,0.848,58.1,24.4,17.4,56.9,7.4,10.0,17.5,3.1,5.1,74.3,25.7,"[{""score"": ""1 - 0"", ""pct"": 13.850000000000001}, {""score"": ""2 - 0"", ""pct"": 11.84}, {""score"": ""1 - 1"", ""pct"": 11.03}]"
Uzbekistan,Uruguay,Neutral,1.035,1.402,26.0,28.6,45.4,27.3,4.8,7.0,44.5,7.0,9.4,39.1,60.9,"[{""score"": ""0 - 1"", ""pct"": 12.770000000000001}, {""score"": ""1 - 1"", ""pct"": 12.61}, {""score"": ""0 - 0"", ""pct"": 10.5}]"
Uzbekistan,Portugal,Neutral,1.044,1.57,24.0,26.6,49.4,24.5,4.4,6.0,49.5,6.7,8.9,34.9,65.1,"[{""score"": ""0 - 1"", ""pct"": 12.23}, {""score"": ""1 - 1"", ""pct"": 12.120000000000001}, {""score"": ""1 - 2"", ""pct"": 9.58}]"
Uzbekistan,Algeria,Neutral,1.045,1.273,30.5,28.6,41.0,29.2,5.2,8.3,41.6,6.3,9.4,42.7,57.3,"[{""score"": ""0 - 1"", ""pct"": 12.989999999999998}, {""score"": ""1 - 1"", ""pct"": 12.47}, {""score"": ""0 - 0"", ""pct"": 10.71}]"
Uzbekistan,Spain,Neutral,0.748,1.736,14.8,23.6,61.6,14.5,2.9,4.1,61.3,7.4,9.8,21.5,78.5,"[{""score"": ""0 - 1"", ""pct"": 15.340000000000002}, {""score"": ""0 - 2"", ""pct"": 12.33}, {""score"": ""1 - 1"", ""pct"": 10.17}]"
Uzbekistan,Bosnia and Herzegovina,Neutral,1.758,0.778,61.2,23.9,14.9,60.8,7.4,9.7,15.1,2.7,4.3,77.9,22.1,"[{""score"": ""1 - 0"", ""pct"": 14.430000000000001}, {""score"": ""2 - 0"", ""pct"": 12.33}, {""score"": ""1 - 1"", ""pct"": 10.83}]"
Uzbekistan,South Africa,Neutral,1.575,0.922,53.7,25.9,20.3,52.6,7.0,9.8,21.0,4.0,5.6,69.4,30.6,"[{""score"": ""1 - 0"", ""pct"": 13.389999999999999}, {""score"": ""1 - 1"", ""pct"": 11.09}, {""score"": ""2 - 1"", ""pct"": 9.73}]"
Uzbekistan,DR Congo,Neutral,1.302,0.953,44.5,29.1,26.4,43.8,6.8,10.2,27.3,4.9,7.0,60.8,39.2,"[{""score"": ""1 - 0"", ""pct"": 14.39}, {""score"": ""1 - 1"", ""pct"": 13.270000000000001}, {""score"": ""0 - 0"", ""pct"": 10.68}]"
Uzbekistan,Croatia,Neutral,1.089,1.421,27.1,27.9,45.0,27.1,5.3,6.9,44.3,7.5,9.0,39.3,60.7,"[{""score"": ""1 - 1"", ""pct"": 12.870000000000001}, {""score"": ""0 - 1"", ""pct"": 11.790000000000001}, {""score"": ""1 - 2"", ""pct"": 9.68}]"
Uzbekistan,Norway,Neutral,1.059,1.429,27.1,27.9,45.0,27.6,4.9,6.8,45.0,6.8,8.8,39.4,60.6,"[{""score"": ""1 - 1"", ""pct"": 12.47}, {""score"": ""0 - 1"", ""pct"": 12.09}, {""score"": ""0 - 0"", ""pct"": 9.49}]"
Uzbekistan,Turkey,Neutral,1.038,1.295,29.0,30.1,40.9,28.5,5.2,7.8,42.7,6.3,9.5,41.5,58.5,"[{""score"": ""1 - 1"", ""pct"": 13.850000000000001}, {""score"": ""0 - 1"", ""pct"": 11.97}, {""score"": ""0 - 0"", ""pct"": 10.99}]"
Uzbekistan,Morocco,Neutral,0.984,1.52,23.9,26.6,49.4,23.1,5.0,5.9,49.3,7.2,9.5,34.0,66.0,"[{""score"": ""0 - 1"", ""pct"": 12.36}, {""score"": ""1 - 1"", ""pct"": 11.83}, {""score"": ""1 - 2"", ""pct"": 9.75}]"
Uzbekistan,Haiti,Neutral,1.419,1.017,45.4,28.5,26.1,46.7,6.5,9.5,25.9,4.8,6.6,62.7,37.3,"[{""score"": ""1 - 1"", ""pct"": 13.120000000000001}, {""score"": ""1 - 0"", ""pct"": 12.030000000000001}, {""score"": ""0 - 0"", ""pct"": 9.73}]"
Uzbekistan,South Korea,Neutral,1.142,1.298,32.1,28.4,39.5,31.8,5.6,7.9,39.0,6.8,9.0,45.2,54.8,"[{""score"": ""1 - 1"", ""pct"": 12.47}, {""score"": ""0 - 1"", ""pct"": 10.94}, {""score"": ""1 - 0"", ""pct"": 10.209999999999999}]"
Uzbekistan,Curaçao,Neutral,1.832,0.873,61.1,23.0,15.9,60.1,7.5,8.5,16.4,3.3,4.2,76.1,23.9,"[{""score"": ""1 - 0"", ""pct"": 13.639999999999999}, {""score"": ""2 - 0"", ""pct"": 11.03}, {""score"": ""1 - 1"", ""pct"": 10.73}]"
Uzbekistan,Paraguay,Neutral,1.138,1.269,32.1,29.2,38.7,32.6,6.0,8.0,38.4,6.4,8.6,46.6,53.4,"[{""score"": ""1 - 1"", ""pct"": 13.03}, {""score"": ""0 - 1"", ""pct"": 11.360000000000001}, {""score"": ""1 - 0"", ""pct"": 10.4}]"
Uzbekistan,Iran,Neutral,1.055,1.305,29.0,29.5,41.5,29.0,5.3,7.6,41.8,6.6,9.8,41.9,58.1,"[{""score"": ""1 - 1"", ""pct"": 13.25}, {""score"": ""0 - 1"", ""pct"": 11.95}, {""score"": ""0 - 0"", ""pct"": 10.58}]"
Ecuador,Jordan,Neutral,1.683,0.989,54.4,25.0,20.6,53.9,7.5,8.0,21.6,3.8,5.3,69.4,30.6,"[{""score"": ""1 - 0"", ""pct"": 12.01}, {""score"": ""1 - 1"", ""pct"": 11.42}, {""score"": ""2 - 0"", ""pct"": 9.94}]"
Ecuador,Australia,Neutral,1.396,1.067,44.0,27.4,28.6,44.2,7.5,8.8,27.4,4.8,7.3,60.5,39.5,"[{""score"": ""1 - 1"", ""pct"": 11.98}, {""score"": ""1 - 0"", ""pct"": 11.5}, {""score"": ""0 - 1"", ""pct"": 9.34}]"
Ecuador,Germany,Neutral,1.283,1.17,38.5,29.2,32.3,38.5,5.8,9.0,32.7,6.1,7.9,53.2,46.8,"[{""score"": ""1 - 1"", ""pct"": 12.98}, {""score"": ""1 - 0"", ""pct"": 11.110000000000001}, {""score"": ""0 - 1"", ""pct"": 10.290000000000001}]"
Ecuador,Canada,Neutral,1.314,0.983,43.9,29.2,26.9,43.2,7.1,10.3,26.9,5.1,7.4,60.5,39.5,"[{""score"": ""1 - 0"", ""pct"": 13.569999999999999}, {""score"": ""1 - 1"", ""pct"": 13.03}, {""score"": ""0 - 0"", ""pct"": 11.19}]"
Ecuador,Czech Republic,Neutral,1.741,0.923,56.4,24.7,18.9,57.2,7.1,8.7,18.7,3.6,4.6,73.1,26.9,"[{""score"": ""1 - 0"", ""pct"": 12.33}, {""score"": ""1 - 1"", ""pct"": 11.14}, {""score"": ""2 - 0"", ""pct"": 10.69}]"
Ecuador,Saudi Arabia,Neutral,1.753,0.722,62.4,23.4,14.2,63.0,7.8,9.2,13.4,2.6,3.9,80.1,19.9,"[{""score"": ""1 - 0"", ""pct"": 15.440000000000001}, {""score"": ""2 - 0"", ""pct"": 12.76}, {""score"": ""1 - 1"", ""pct"": 10.01}]"
Ecuador,Mexico,Neutral,1.188,1.081,37.5,30.3,32.2,37.8,5.9,9.7,32.9,5.3,8.4,53.3,46.7,"[{""score"": ""1 - 1"", ""pct"": 13.270000000000001}, {""score"": ""0 - 0"", ""pct"": 11.790000000000001}, {""score"": ""1 - 0"", ""pct"": 11.790000000000001}]"
Ecuador,Argentina,Neutral,0.966,1.575,22.8,26.4,50.7,21.3,4.2,5.7,51.6,8.1,9.2,31.2,68.8,"[{""score"": ""1 - 1"", ""pct"": 12.379999999999999}, {""score"": ""0 - 1"", ""pct"": 12.1}, {""score"": ""1 - 2"", ""pct"": 9.93}]"
Ecuador,New Zealand,Neutral,1.789,0.744,62.2,23.4,14.4,62.5,7.3,9.5,13.9,2.8,3.9,79.4,20.6,"[{""score"": ""1 - 0"", ""pct"": 14.180000000000001}, {""score"": ""2 - 0"", ""pct"": 12.41}, {""score"": ""1 - 1"", ""pct"": 10.36}]"
Ecuador,Senegal,Neutral,1.42,1.074,44.6,28.0,27.4,44.6,6.6,9.0,28.1,4.7,6.9,60.3,39.7,"[{""score"": ""1 - 1"", ""pct"": 13.01}, {""score"": ""1 - 0"", ""pct"": 11.95}, {""score"": ""0 - 0"", ""pct"": 9.180000000000001}]"
Ecuador,Sweden,Neutral,1.891,0.795,63.7,22.6,13.7,63.6,7.7,8.5,13.9,2.9,3.4,79.8,20.2,"[{""score"": ""1 - 0"", ""pct"": 13.69}, {""score"": ""2 - 0"", ""pct"": 12.120000000000001}, {""score"": ""1 - 1"", ""pct"": 9.94}]"
Ecuador,Netherlands,Neutral,1.274,1.147,38.1,28.7,33.1,39.5,6.4,8.6,31.6,5.9,8.1,54.4,45.6,"[{""score"": ""1 - 1"", ""pct"": 13.089999999999998}, {""score"": ""1 - 0"", ""pct"": 11.16}, {""score"": ""0 - 1"", ""pct"": 10.14}]"
Ecuador,Tunisia,Neutral,1.614,0.78,57.4,25.9,16.7,56.5,7.9,10.3,17.1,3.2,5.0,74.8,25.2,"[{""score"": ""1 - 0"", ""pct"": 14.48}, {""score"": ""2 - 0"", ""pct"": 11.76}, {""score"": ""1 - 1"", ""pct"": 11.42}]"
Ecuador,Scotland,Neutral,1.632,0.959,53.4,25.4,21.1,52.6,7.2,8.9,21.6,4.1,5.6,68.8,31.2,"[{""score"": ""1 - 0"", ""pct"": 12.08}, {""score"": ""1 - 1"", ""pct"": 11.32}, {""score"": ""2 - 1"", ""pct"": 10.03}]"
Ecuador,Colombia,Neutral,1.157,1.305,31.9,29.0,39.0,32.4,5.3,8.0,39.0,6.9,8.4,45.7,54.3,"[{""score"": ""1 - 1"", ""pct"": 13.34}, {""score"": ""0 - 1"", ""pct"": 10.74}, {""score"": ""1 - 0"", ""pct"": 9.56}]"
Ecuador,Japan,Neutral,1.12,1.205,32.7,29.7,37.6,33.2,5.3,8.7,37.6,6.1,9.1,47.2,52.8,"[{""score"": ""1 - 1"", ""pct"": 13.23}, {""score"": ""0 - 1"", ""pct"": 11.899999999999999}, {""score"": ""0 - 0"", ""pct"": 10.83}]"
Ecuador,France,Neutral,1.14,1.438,28.7,27.6,43.7,29.2,5.2,6.8,43.5,6.5,8.8,41.2,58.8,"[{""score"": ""1 - 1"", ""pct"": 12.41}, {""score"": ""0 - 1"", ""pct"": 11.1}, {""score"": ""1 - 2"", ""pct"": 9.2}]"
Ecuador,Uzbekistan,Neutral,1.491,0.995,47.8,28.4,23.8,48.0,7.1,9.8,24.0,4.7,6.3,65.0,35.0,"[{""score"": ""1 - 0"", ""pct"": 13.08}, {""score"": ""1 - 1"", ""pct"": 12.93}, {""score"": ""0 - 0"", ""pct"": 9.5}]"
Ecuador,Qatar,Neutral,2.441,0.635,78.7,15.2,6.1,78.1,6.8,5.8,6.3,1.4,1.7,90.7,9.3,"[{""score"": ""2 - 0"", ""pct"": 14.099999999999998}, {""score"": ""1 - 0"", ""pct"": 12.67}, {""score"": ""3 - 0"", ""pct"": 10.68}]"
Ecuador,Ivory Coast,Neutral,1.492,0.956,49.5,27.4,23.1,50.4,7.1,9.4,23.2,4.1,5.8,66.9,33.1,"[{""score"": ""1 - 0"", ""pct"": 13.239999999999998}, {""score"": ""1 - 1"", ""pct"": 12.07}, {""score"": ""0 - 0"", ""pct"": 9.64}]"
Ecuador,England,Neutral,1.042,1.28,29.0,29.8,41.2,28.9,5.2,7.6,41.8,6.7,9.9,41.6,58.4,"[{""score"": ""1 - 1"", ""pct"": 13.0}, {""score"": ""0 - 1"", ""pct"": 12.45}, {""score"": ""0 - 0"", ""pct"": 11.08}]"
Ecuador,Cape Verde,Neutral,1.848,0.735,65.2,22.2,12.6,64.7,7.1,9.0,13.3,2.5,3.5,80.7,19.3,"[{""score"": ""1 - 0"", ""pct"": 15.049999999999999}, {""score"": ""2 - 0"", ""pct"": 12.6}, {""score"": ""1 - 1"", ""pct"": 9.76}]"
Ecuador,Panama,Neutral,1.614,1.064,49.2,25.8,25.0,50.9,7.1,8.7,23.4,4.4,5.5,66.6,33.4,"[{""score"": ""1 - 1"", ""pct"": 11.799999999999999}, {""score"": ""1 - 0"", ""pct"": 11.01}, {""score"": ""2 - 1"", ""pct"": 9.28}]"
Ecuador,Austria,Neutral,1.478,1.021,47.0,27.8,25.2,47.4,6.9,9.5,25.1,4.8,6.4,63.7,36.3,"[{""score"": ""1 - 0"", ""pct"": 12.46}, {""score"": ""1 - 1"", ""pct"": 12.32}, {""score"": ""0 - 0"", ""pct"": 9.16}]"
Ecuador,Belgium,Neutral,1.39,1.065,44.2,27.8,28.0,44.0,6.9,9.0,28.2,5.0,6.9,59.9,40.1,"[{""score"": ""1 - 1"", ""pct"": 12.3}, {""score"": ""1 - 0"", ""pct"": 12.030000000000001}, {""score"": ""0 - 0"", ""pct"": 9.53}]"
Ecuador,Egypt,Neutral,1.469,0.859,51.0,27.7,21.2,52.1,7.1,10.2,20.7,4.2,5.7,69.3,30.7,"[{""score"": ""1 - 0"", ""pct"": 14.6}, {""score"": ""1 - 1"", ""pct"": 12.24}, {""score"": ""0 - 0"", ""pct"": 10.39}]"
Ecuador,Iraq,Neutral,1.565,0.763,56.6,26.4,17.0,56.8,7.6,10.6,16.8,3.2,5.2,74.9,25.1,"[{""score"": ""1 - 0"", ""pct"": 15.690000000000001}, {""score"": ""2 - 0"", ""pct"": 11.709999999999999}, {""score"": ""1 - 1"", ""pct"": 11.64}]"
Ecuador,Switzerland,Neutral,1.458,1.065,45.6,27.5,26.8,46.0,7.2,9.2,25.9,5.0,6.8,62.4,37.6,"[{""score"": ""1 - 1"", ""pct"": 12.540000000000001}, {""score"": ""1 - 0"", ""pct"": 11.82}, {""score"": ""2 - 1"", ""pct"": 9.180000000000001}]"
Ecuador,Brazil,Neutral,1.154,1.311,31.8,28.9,39.3,31.4,5.2,7.8,40.3,6.3,8.8,44.5,55.5,"[{""score"": ""1 - 1"", ""pct"": 12.7}, {""score"": ""0 - 1"", ""pct"": 11.58}, {""score"": ""1 - 0"", ""pct"": 9.92}]"
Ecuador,United States,Neutral,1.663,1.028,51.5,26.1,22.4,52.5,7.3,8.3,22.3,4.3,5.3,68.1,31.9,"[{""score"": ""1 - 1"", ""pct"": 11.93}, {""score"": ""1 - 0"", ""pct"": 10.85}, {""score"": ""2 - 1"", ""pct"": 9.53}]"
Ecuador,Ghana,Neutral,2.033,0.662,69.7,20.0,10.3,70.2,7.2,8.4,9.5,1.9,2.8,85.8,14.2,"[{""score"": ""1 - 0"", ""pct"": 14.57}, {""score"": ""2 - 0"", ""pct"": 13.320000000000002}, {""score"": ""2 - 1"", ""pct"": 9.3}]"
Ecuador,Uruguay,Neutral,1.28,1.102,39.0,29.9,31.1,39.9,6.8,9.4,30.5,5.6,8.0,56.0,44.0,"[{""score"": ""1 - 1"", ""pct"": 12.85}, {""score"": ""1 - 0"", ""pct"": 11.55}, {""score"": ""0 - 0"", ""pct"": 10.83}]"
Ecuador,Portugal,Neutral,1.214,1.258,34.5,28.5,37.0,34.6,6.2,7.8,37.0,5.9,8.5,48.5,51.5,"[{""score"": ""1 - 1"", ""pct"": 13.05}, {""score"": ""0 - 1"", ""pct"": 11.06}, {""score"": ""1 - 0"", ""pct"": 10.48}]"
Ecuador,Algeria,Neutral,1.311,1.026,41.1,30.3,28.6,42.3,6.7,10.0,28.0,5.0,7.9,59.1,40.9,"[{""score"": ""1 - 1"", ""pct"": 13.52}, {""score"": ""1 - 0"", ""pct"": 12.41}, {""score"": ""0 - 0"", ""pct"": 10.79}]"
Ecuador,Spain,Neutral,0.986,1.612,21.0,25.9,53.1,22.4,4.0,5.5,51.8,7.3,9.2,31.8,68.2,"[{""score"": ""0 - 1"", ""pct"": 12.620000000000001}, {""score"": ""1 - 1"", ""pct"": 11.709999999999999}, {""score"": ""0 - 2"", ""pct"": 9.68}]"
Ecuador,Bosnia and Herzegovina,Neutral,2.2,0.679,71.9,18.9,9.2,72.4,7.0,7.2,9.4,2.0,2.1,86.5,13.5,"[{""score"": ""2 - 0"", ""pct"": 13.34}, {""score"": ""1 - 0"", ""pct"": 13.270000000000001}, {""score"": ""3 - 0"", ""pct"": 9.13}]"
Ecuador,South Africa,Neutral,1.758,0.719,61.9,23.9,14.1,63.3,7.3,9.2,13.6,2.7,3.9,79.8,20.2,"[{""score"": ""1 - 0"", ""pct"": 15.24}, {""score"": ""2 - 0"", ""pct"": 12.78}, {""score"": ""1 - 1"", ""pct"": 10.71}]"
Ecuador,DR Congo,Neutral,1.53,0.793,54.9,26.9,18.1,54.3,7.8,10.1,18.6,3.6,5.5,72.3,27.7,"[{""score"": ""1 - 0"", ""pct"": 15.709999999999999}, {""score"": ""1 - 1"", ""pct"": 11.75}, {""score"": ""2 - 0"", ""pct"": 11.27}]"
Ecuador,Croatia,Neutral,1.441,1.093,44.1,28.0,27.9,45.5,6.8,8.6,27.6,4.7,6.9,60.9,39.2,"[{""score"": ""1 - 1"", ""pct"": 12.690000000000001}, {""score"": ""1 - 0"", ""pct"": 11.559999999999999}, {""score"": ""2 - 1"", ""pct"": 9.19}]"
Ecuador,Norway,Neutral,1.427,1.12,43.3,27.6,29.1,43.6,6.5,8.9,28.9,5.2,6.9,59.1,40.9,"[{""score"": ""1 - 1"", ""pct"": 12.23}, {""score"": ""1 - 0"", ""pct"": 11.29}, {""score"": ""0 - 1"", ""pct"": 8.91}]"
Ecuador,Turkey,Neutral,1.381,1.051,44.6,27.9,27.5,44.0,7.0,9.6,27.2,4.8,7.3,60.6,39.4,"[{""score"": ""1 - 1"", ""pct"": 13.23}, {""score"": ""1 - 0"", ""pct"": 12.1}, {""score"": ""0 - 0"", ""pct"": 9.120000000000001}]"
Ecuador,Morocco,Neutral,1.181,1.186,35.1,28.7,36.2,34.9,6.3,8.4,35.4,6.6,8.4,49.6,50.4,"[{""score"": ""1 - 1"", ""pct"": 13.639999999999999}, {""score"": ""0 - 1"", ""pct"": 11.379999999999999}, {""score"": ""1 - 0"", ""pct"": 11.06}]"
Ecuador,Haiti,Neutral,1.641,0.794,58.2,25.9,16.0,57.8,7.3,9.5,17.5,3.1,4.7,74.7,25.3,"[{""score"": ""1 - 0"", ""pct"": 15.17}, {""score"": ""2 - 0"", ""pct"": 11.32}, {""score"": ""1 - 1"", ""pct"": 11.3}]"
Ecuador,South Korea,Neutral,1.456,1.059,46.5,26.7,26.8,45.7,7.0,9.5,26.4,4.9,6.5,62.3,37.7,"[{""score"": ""1 - 0"", ""pct"": 12.11}, {""score"": ""1 - 1"", ""pct"": 11.93}, {""score"": ""2 - 1"", ""pct"": 9.07}]"
Ecuador,Curaçao,Neutral,2.144,0.701,70.9,19.2,9.8,71.7,7.1,7.1,9.8,1.7,2.6,85.9,14.1,"[{""score"": ""2 - 0"", ""pct"": 13.59}, {""score"": ""1 - 0"", ""pct"": 12.559999999999999}, {""score"": ""2 - 1"", ""pct"": 9.49}]"
Ecuador,Paraguay,Neutral,1.447,1.028,46.8,27.4,25.8,45.5,7.3,9.6,26.6,4.5,6.6,62.3,37.7,"[{""score"": ""1 - 1"", ""pct"": 12.709999999999999}, {""score"": ""1 - 0"", ""pct"": 12.35}, {""score"": ""2 - 1"", ""pct"": 9.26}]"
Ecuador,Iran,Neutral,1.38,1.073,44.0,28.7,27.3,43.8,6.9,8.6,28.6,4.9,7.3,59.2,40.8,"[{""score"": ""1 - 1"", ""pct"": 12.950000000000001}, {""score"": ""1 - 0"", ""pct"": 11.799999999999999}, {""score"": ""0 - 0"", ""pct"": 9.719999999999999}]"
Qatar,Jordan,Neutral,0.968,1.947,17.0,22.7,60.4,16.8,3.6,3.9,60.6,7.0,8.1,24.3,75.7,"[{""score"": ""0 - 1"", ""pct"": 11.31}, {""score"": ""0 - 2"", ""pct"": 10.6}, {""score"": ""1 - 1"", ""pct"": 9.99}]"
Qatar,Australia,Neutral,0.704,2.227,9.5,17.9,72.6,9.6,1.9,2.2,72.6,6.8,7.0,13.7,86.3,"[{""score"": ""0 - 2"", ""pct"": 13.04}, {""score"": ""0 - 1"", ""pct"": 13.01}, {""score"": ""1 - 2"", ""pct"": 9.33}]"
Qatar,Germany,Neutral,0.672,2.444,7.3,15.4,77.3,7.4,1.5,1.6,77.0,6.8,5.7,10.5,89.5,"[{""score"": ""0 - 2"", ""pct"": 13.43}, {""score"": ""0 - 1"", ""pct"": 11.37}, {""score"": ""0 - 3"", ""pct"": 10.07}]"
Qatar,Canada,Neutral,0.666,1.998,10.4,20.5,69.1,10.6,2.1,2.8,68.6,7.7,8.2,15.5,84.5,"[{""score"": ""0 - 1"", ""pct"": 14.37}, {""score"": ""0 - 2"", ""pct"": 13.88}, {""score"": ""1 - 2"", ""pct"": 9.35}]"
Qatar,Czech Republic,Neutral,0.967,1.752,19.9,24.2,55.9,20.3,3.6,4.7,55.5,7.6,8.3,28.6,71.4,"[{""score"": ""0 - 1"", ""pct"": 12.02}, {""score"": ""1 - 1"", ""pct"": 10.95}, {""score"": ""0 - 2"", ""pct"": 10.22}]"
Qatar,Saudi Arabia,Neutral,0.963,1.629,21.1,25.6,53.3,21.6,4.3,5.3,52.6,7.3,9.0,31.1,68.9,"[{""score"": ""0 - 1"", ""pct"": 12.83}, {""score"": ""1 - 1"", ""pct"": 11.42}, {""score"": ""0 - 2"", ""pct"": 9.89}]"
Qatar,Mexico,Neutral,0.62,2.357,7.5,16.1,76.4,7.2,1.3,1.9,77.0,6.5,6.1,10.4,89.6,"[{""score"": ""0 - 2"", ""pct"": 13.969999999999999}, {""score"": ""0 - 1"", ""pct"": 12.740000000000002}, {""score"": ""0 - 3"", ""pct"": 10.02}]"
Qatar,Argentina,Neutral,0.521,2.952,3.3,9.8,86.9,3.5,0.6,0.7,86.5,5.0,3.7,4.8,95.2,"[{""score"": ""0 - 2"", ""pct"": 13.850000000000001}, {""score"": ""0 - 3"", ""pct"": 12.989999999999998}, {""score"": ""0 - 1"", ""pct"": 10.02}]"
Qatar,New Zealand,Neutral,0.979,1.737,19.6,24.6,55.9,20.4,3.9,4.9,54.6,7.6,8.6,29.2,70.8,"[{""score"": ""0 - 1"", ""pct"": 11.72}, {""score"": ""1 - 1"", ""pct"": 10.9}, {""score"": ""1 - 2"", ""pct"": 10.57}]"
Qatar,Senegal,Neutral,0.696,2.101,10.5,19.3,70.2,9.9,1.9,2.3,70.9,7.6,7.4,14.1,85.9,"[{""score"": ""0 - 2"", ""pct"": 13.530000000000001}, {""score"": ""0 - 1"", ""pct"": 13.489999999999998}, {""score"": ""1 - 2"", ""pct"": 9.59}]"
Qatar,Sweden,Neutral,0.979,1.749,19.7,25.0,55.3,20.0,3.8,4.6,56.1,7.3,8.1,28.4,71.6,"[{""score"": ""0 - 1"", ""pct"": 12.43}, {""score"": ""1 - 1"", ""pct"": 11.58}, {""score"": ""0 - 2"", ""pct"": 10.02}]"
Qatar,Netherlands,Neutral,0.657,2.498,6.9,14.7,78.4,7.0,1.4,1.6,77.9,6.6,5.5,10.0,90.0,"[{""score"": ""0 - 2"", ""pct"": 13.669999999999998}, {""score"": ""0 - 1"", ""pct"": 11.4}, {""score"": ""0 - 3"", ""pct"": 11.110000000000001}]"
Qatar,Tunisia,Neutral,0.908,1.747,18.2,25.2,56.6,18.1,3.6,4.6,57.5,7.6,8.6,26.3,73.7,"[{""score"": ""0 - 1"", ""pct"": 12.509999999999998}, {""score"": ""1 - 1"", ""pct"": 11.219999999999999}, {""score"": ""0 - 2"", ""pct"": 9.87}]"
Qatar,Scotland,Neutral,0.816,1.905,13.9,22.9,63.1,14.0,2.8,3.6,63.5,7.8,8.4,20.3,79.7,"[{""score"": ""0 - 1"", ""pct"": 12.629999999999999}, {""score"": ""0 - 2"", ""pct"": 11.81}, {""score"": ""1 - 1"", ""pct"": 10.63}]"
Qatar,Colombia,Neutral,0.652,2.714,5.6,13.2,81.2,5.3,1.0,1.3,81.7,5.6,5.1,7.6,92.4,"[{""score"": ""0 - 2"", ""pct"": 12.78}, {""score"": ""0 - 3"", ""pct"": 11.76}, {""score"": ""0 - 1"", ""pct"": 10.040000000000001}]"
Qatar,Japan,Neutral,0.615,2.561,5.7,14.4,79.9,5.4,1.2,1.3,80.8,5.9,5.4,7.8,92.2,"[{""score"": ""0 - 2"", ""pct"": 14.02}, {""score"": ""0 - 3"", ""pct"": 11.87}, {""score"": ""0 - 1"", ""pct"": 11.21}]"
Qatar,France,Neutral,0.568,2.783,4.7,11.5,83.8,4.3,0.9,0.9,84.5,5.1,4.3,6.1,93.9,"[{""score"": ""0 - 2"", ""pct"": 14.08}, {""score"": ""0 - 3"", ""pct"": 12.24}, {""score"": ""0 - 1"", ""pct"": 9.98}]"
Qatar,Uzbekistan,Neutral,0.711,1.933,11.7,21.1,67.3,12.2,2.2,3.1,66.1,7.4,8.9,17.6,82.4,"[{""score"": ""0 - 1"", ""pct"": 13.819999999999999}, {""score"": ""0 - 2"", ""pct"": 13.4}, {""score"": ""1 - 1"", ""pct"": 9.66}]"
Qatar,Ecuador,Neutral,0.635,2.441,6.9,15.4,77.7,6.9,1.5,1.3,77.6,6.8,5.9,9.7,90.3,"[{""score"": ""0 - 2"", ""pct"": 14.16}, {""score"": ""0 - 1"", ""pct"": 11.91}, {""score"": ""0 - 3"", ""pct"": 10.7}]"
Qatar,Ivory Coast,Neutral,0.816,1.955,14.0,20.8,65.2,13.9,2.5,3.6,64.3,7.2,8.3,20.1,79.9,"[{""score"": ""0 - 1"", ""pct"": 12.7}, {""score"": ""0 - 2"", ""pct"": 11.68}, {""score"": ""1 - 2"", ""pct"": 9.82}]"
Qatar,England,Neutral,0.618,2.663,5.3,12.8,81.8,5.9,1.1,0.9,80.9,6.2,5.0,7.9,92.1,"[{""score"": ""0 - 2"", ""pct"": 13.930000000000001}, {""score"": ""0 - 3"", ""pct"": 11.81}, {""score"": ""0 - 1"", ""pct"": 10.530000000000001}]"
Qatar,Cape Verde,Neutral,0.965,1.584,21.8,26.2,52.0,22.5,3.8,5.7,51.9,6.9,9.2,32.0,68.0,"[{""score"": ""0 - 1"", ""pct"": 12.950000000000001}, {""score"": ""1 - 1"", ""pct"": 11.31}, {""score"": ""1 - 2"", ""pct"": 9.32}]"
Qatar,Panama,Neutral,0.704,2.074,10.5,19.6,69.9,10.4,2.1,2.5,69.8,7.4,7.7,15.1,84.9,"[{""score"": ""0 - 2"", ""pct"": 13.43}, {""score"": ""0 - 1"", ""pct"": 13.19}, {""score"": ""1 - 2"", ""pct"": 10.02}]"
Qatar,Austria,Neutral,0.736,1.981,11.4,21.5,67.1,11.7,2.4,3.2,66.5,7.7,8.6,17.3,82.7,"[{""score"": ""0 - 1"", ""pct"": 13.569999999999999}, {""score"": ""0 - 2"", ""pct"": 12.72}, {""score"": ""1 - 1"", ""pct"": 9.42}]"
Qatar,Belgium,Neutral,0.693,2.164,9.9,18.7,71.4,9.6,1.8,2.3,72.2,7.1,7.0,13.7,86.3,"[{""score"": ""0 - 1"", ""pct"": 13.18}, {""score"": ""0 - 2"", ""pct"": 13.04}, {""score"": ""0 - 3"", ""pct"": 9.5}]"
Qatar,Egypt,Neutral,0.824,1.819,15.5,23.1,61.4,14.8,2.9,4.1,61.4,7.5,9.3,21.9,78.2,"[{""score"": ""0 - 1"", ""pct"": 13.700000000000001}, {""score"": ""0 - 2"", ""pct"": 11.5}, {""score"": ""1 - 1"", ""pct"": 10.65}]"
Qatar,Iraq,Neutral,0.909,1.679,19.7,24.4,55.8,18.8,3.6,4.9,55.6,7.8,9.2,27.3,72.7,"[{""score"": ""0 - 1"", ""pct"": 13.16}, {""score"": ""1 - 1"", ""pct"": 11.05}, {""score"": ""0 - 2"", ""pct"": 10.059999999999999}]"
Qatar,Switzerland,Neutral,0.694,2.12,9.8,18.8,71.4,9.9,2.2,2.5,70.9,7.2,7.4,14.6,85.4,"[{""score"": ""0 - 1"", ""pct"": 13.530000000000001}, {""score"": ""0 - 2"", ""pct"": 13.05}, {""score"": ""1 - 2"", ""pct"": 9.77}]"
Qatar,Brazil,Neutral,0.656,2.763,5.2,12.8,82.0,5.5,1.1,1.1,82.3,5.6,4.3,7.7,92.3,"[{""score"": ""0 - 2"", ""pct"": 12.5}, {""score"": ""0 - 3"", ""pct"": 11.28}, {""score"": ""0 - 1"", ""pct"": 9.36}]"
Qatar,United States,Neutral,0.754,1.979,12.1,20.5,67.4,12.2,2.2,3.1,66.8,7.5,8.2,17.5,82.5,"[{""score"": ""0 - 1"", ""pct"": 13.83}, {""score"": ""0 - 2"", ""pct"": 12.839999999999998}, {""score"": ""1 - 2"", ""pct"": 10.07}]"
Qatar,Ghana,Neutral,1.011,1.448,25.2,27.8,47.0,25.1,5.2,6.9,46.2,6.5,9.9,37.3,62.7,"[{""score"": ""1 - 1"", ""pct"": 12.920000000000002}, {""score"": ""0 - 1"", ""pct"": 12.870000000000001}, {""score"": ""1 - 2"", ""pct"": 9.36}]"
Qatar,Uruguay,Neutral,0.667,2.267,8.1,17.1,74.8,8.2,1.5,2.1,74.6,7.2,6.5,11.7,88.3,"[{""score"": ""0 - 2"", ""pct"": 14.530000000000001}, {""score"": ""0 - 1"", ""pct"": 12.31}, {""score"": ""0 - 3"", ""pct"": 10.51}]"
Qatar,Portugal,Neutral,0.653,2.623,5.7,13.9,80.4,6.0,1.3,1.3,80.4,5.8,5.3,8.5,91.5,"[{""score"": ""0 - 2"", ""pct"": 13.459999999999999}, {""score"": ""0 - 3"", ""pct"": 11.42}, {""score"": ""0 - 1"", ""pct"": 10.59}]"
Qatar,Algeria,Neutral,0.662,2.077,9.6,19.8,70.7,9.9,1.9,2.4,70.3,7.5,8.1,14.2,85.8,"[{""score"": ""0 - 1"", ""pct"": 14.06}, {""score"": ""0 - 2"", ""pct"": 13.23}, {""score"": ""1 - 2"", ""pct"": 9.48}]"
Qatar,Spain,Neutral,0.54,3.063,3.0,9.1,87.9,3.2,0.5,0.8,87.8,4.4,3.3,4.5,95.5,"[{""score"": ""0 - 2"", ""pct"": 13.22}, {""score"": ""0 - 3"", ""pct"": 12.73}, {""score"": ""0 - 4"", ""pct"": 9.73}]"
Qatar,Bosnia and Herzegovina,Neutral,1.138,1.421,29.6,27.5,42.9,29.7,5.0,6.9,43.3,6.4,8.8,41.5,58.5,"[{""score"": ""1 - 1"", ""pct"": 12.83}, {""score"": ""0 - 1"", ""pct"": 11.95}, {""score"": ""1 - 2"", ""pct"": 8.89}]"
Qatar,South Africa,Neutral,0.949,1.584,22.1,25.9,52.0,22.0,4.1,5.6,51.9,6.9,9.4,31.7,68.3,"[{""score"": ""0 - 1"", ""pct"": 13.51}, {""score"": ""1 - 1"", ""pct"": 11.25}, {""score"": ""1 - 2"", ""pct"": 9.73}]"
Qatar,DR Congo,Neutral,0.837,1.648,17.3,26.5,56.3,17.8,3.5,4.8,56.9,8.0,9.0,26.0,74.0,"[{""score"": ""0 - 1"", ""pct"": 13.8}, {""score"": ""1 - 1"", ""pct"": 11.51}, {""score"": ""0 - 2"", ""pct"": 11.48}]"
Qatar,Croatia,Neutral,0.708,2.272,8.8,17.5,73.7,8.9,1.6,2.1,73.7,7.1,6.7,12.6,87.4,"[{""score"": ""0 - 2"", ""pct"": 12.94}, {""score"": ""0 - 1"", ""pct"": 12.44}, {""score"": ""0 - 3"", ""pct"": 9.92}]"
Qatar,Norway,Neutral,0.708,2.202,9.5,18.7,71.8,9.5,1.9,2.3,71.7,7.7,6.9,13.7,86.3,"[{""score"": ""0 - 2"", ""pct"": 13.600000000000001}, {""score"": ""0 - 1"", ""pct"": 12.21}, {""score"": ""0 - 3"", ""pct"": 9.62}]"
Qatar,Turkey,Neutral,0.674,2.14,9.4,18.8,71.8,9.2,1.8,2.2,72.1,7.4,7.3,13.2,86.8,"[{""score"": ""0 - 2"", ""pct"": 14.04}, {""score"": ""0 - 1"", ""pct"": 13.58}, {""score"": ""0 - 3"", ""pct"": 9.0}]"
Qatar,Morocco,Neutral,0.621,2.58,6.1,13.5,80.4,6.1,1.3,1.4,79.8,6.2,5.2,8.8,91.2,"[{""score"": ""0 - 2"", ""pct"": 13.87}, {""score"": ""0 - 3"", ""pct"": 11.34}, {""score"": ""0 - 1"", ""pct"": 11.15}]"
Qatar,Haiti,Neutral,0.896,1.725,18.6,24.8,56.5,18.2,3.6,4.8,57.1,7.1,9.1,26.6,73.4,"[{""score"": ""0 - 1"", ""pct"": 12.790000000000001}, {""score"": ""1 - 1"", ""pct"": 11.34}, {""score"": ""0 - 2"", ""pct"": 10.38}]"
Qatar,South Korea,Neutral,0.693,2.054,10.7,19.3,70.0,10.8,1.9,2.8,69.3,7.4,7.8,15.5,84.5,"[{""score"": ""0 - 1"", ""pct"": 13.569999999999999}, {""score"": ""0 - 2"", ""pct"": 13.3}, {""score"": ""1 - 2"", ""pct"": 9.36}]"
Qatar,Curaçao,Neutral,1.083,1.467,27.0,27.2,45.8,26.5,5.1,6.7,45.2,7.0,9.5,38.2,61.8,"[{""score"": ""1 - 1"", ""pct"": 12.64}, {""score"": ""0 - 1"", ""pct"": 11.65}, {""score"": ""1 - 2"", ""pct"": 9.39}]"
Qatar,Paraguay,Neutral,0.696,2.02,10.8,20.2,69.0,10.7,1.9,2.8,69.8,7.6,7.3,15.3,84.7,"[{""score"": ""0 - 1"", ""pct"": 14.219999999999999}, {""score"": ""0 - 2"", ""pct"": 13.33}, {""score"": ""1 - 2"", ""pct"": 9.09}]"
Qatar,Iran,Neutral,0.687,2.151,9.8,18.6,71.7,9.8,1.5,2.5,72.1,7.0,7.0,13.8,86.2,"[{""score"": ""0 - 2"", ""pct"": 13.91}, {""score"": ""0 - 1"", ""pct"": 13.059999999999999}, {""score"": ""1 - 2"", ""pct"": 9.64}]"
Ivory Coast,Jordan,Neutral,1.338,1.231,38.6,27.7,33.6,38.9,6.4,7.7,33.5,5.6,8.0,53.0,47.0,"[{""score"": ""1 - 1"", ""pct"": 12.049999999999999}, {""score"": ""1 - 0"", ""pct"": 9.81}, {""score"": ""0 - 1"", ""pct"": 9.27}]"
Ivory Coast,Australia,Neutral,1.033,1.399,26.3,28.3,45.4,27.1,4.4,6.4,45.4,7.1,9.6,37.8,62.2,"[{""score"": ""1 - 1"", ""pct"": 12.809999999999999}, {""score"": ""0 - 1"", ""pct"": 12.58}, {""score"": ""0 - 0"", ""pct"": 9.719999999999999}]"
Ivory Coast,Germany,Neutral,1.026,1.623,23.0,25.0,52.0,23.3,4.2,5.5,51.1,7.2,8.8,33.0,67.0,"[{""score"": ""1 - 1"", ""pct"": 12.01}, {""score"": ""0 - 1"", ""pct"": 11.84}, {""score"": ""1 - 2"", ""pct"": 9.74}]"
Ivory Coast,Canada,Neutral,0.976,1.345,26.1,29.4,44.5,26.3,4.4,7.0,45.4,7.3,9.7,37.6,62.4,"[{""score"": ""0 - 1"", ""pct"": 13.11}, {""score"": ""1 - 1"", ""pct"": 12.46}, {""score"": ""0 - 0"", ""pct"": 11.25}]"
Ivory Coast,Czech Republic,Neutral,1.365,1.068,43.5,27.7,28.8,43.8,6.5,9.3,28.1,5.1,7.1,59.6,40.4,"[{""score"": ""1 - 1"", ""pct"": 12.520000000000001}, {""score"": ""1 - 0"", ""pct"": 12.120000000000001}, {""score"": ""0 - 0"", ""pct"": 9.33}]"
Ivory Coast,Saudi Arabia,Neutral,1.494,0.949,49.6,27.2,23.3,49.5,7.4,9.2,23.0,4.4,6.5,66.1,33.9,"[{""score"": ""1 - 0"", ""pct"": 13.100000000000001}, {""score"": ""1 - 1"", ""pct"": 12.53}, {""score"": ""2 - 1"", ""pct"": 9.59}]"
Ivory Coast,Mexico,Neutral,0.982,1.489,24.4,27.3,48.4,24.8,4.5,6.1,47.9,6.9,9.8,35.4,64.6,"[{""score"": ""0 - 1"", ""pct"": 12.889999999999999}, {""score"": ""1 - 1"", ""pct"": 12.18}, {""score"": ""0 - 0"", ""pct"": 9.55}]"
Ivory Coast,Argentina,Neutral,0.766,1.834,14.3,23.3,62.4,13.9,2.7,3.7,63.2,7.8,8.6,20.3,79.7,"[{""score"": ""0 - 1"", ""pct"": 13.350000000000001}, {""score"": ""0 - 2"", ""pct"": 12.04}, {""score"": ""1 - 1"", ""pct"": 10.18}]"
Ivory Coast,New Zealand,Neutral,1.532,0.986,49.7,27.1,23.3,49.9,7.2,9.3,23.1,4.4,6.1,66.4,33.6,"[{""score"": ""1 - 0"", ""pct"": 12.879999999999999}, {""score"": ""1 - 1"", ""pct"": 12.02}, {""score"": ""2 - 1"", ""pct"": 9.92}]"
Ivory Coast,Senegal,Neutral,1.042,1.449,25.6,27.7,46.8,26.5,4.6,6.5,45.9,7.2,9.2,37.6,62.4,"[{""score"": ""0 - 1"", ""pct"": 12.920000000000002}, {""score"": ""1 - 1"", ""pct"": 12.08}, {""score"": ""0 - 0"", ""pct"": 9.49}]"
Ivory Coast,Sweden,Neutral,1.565,1.033,50.0,26.4,23.6,49.7,7.3,9.4,23.7,4.1,5.7,66.5,33.5,"[{""score"": ""1 - 1"", ""pct"": 12.389999999999999}, {""score"": ""1 - 0"", ""pct"": 12.33}, {""score"": ""2 - 0"", ""pct"": 9.21}]"
Ivory Coast,Netherlands,Neutral,1.015,1.562,23.6,26.5,49.9,23.9,4.4,5.7,49.6,7.5,8.9,34.0,66.0,"[{""score"": ""0 - 1"", ""pct"": 12.09}, {""score"": ""1 - 1"", ""pct"": 11.62}, {""score"": ""0 - 2"", ""pct"": 9.629999999999999}]"
Ivory Coast,Tunisia,Neutral,1.274,1.043,41.5,29.7,28.8,41.3,6.9,9.6,29.0,5.2,8.0,57.7,42.2,"[{""score"": ""1 - 1"", ""pct"": 13.28}, {""score"": ""1 - 0"", ""pct"": 12.620000000000001}, {""score"": ""0 - 0"", ""pct"": 11.110000000000001}]"
Ivory Coast,Scotland,Neutral,1.271,1.195,37.4,28.4,34.2,36.5,6.1,8.4,34.6,6.2,8.2,51.0,49.0,"[{""score"": ""1 - 1"", ""pct"": 12.91}, {""score"": ""0 - 1"", ""pct"": 10.780000000000001}, {""score"": ""1 - 0"", ""pct"": 10.71}]"
Ivory Coast,Colombia,Neutral,0.938,1.686,19.9,24.8,55.3,19.8,3.9,4.6,54.8,7.7,9.2,28.3,71.7,"[{""score"": ""0 - 1"", ""pct"": 12.72}, {""score"": ""1 - 1"", ""pct"": 11.43}, {""score"": ""1 - 2"", ""pct"": 10.14}]"
Ivory Coast,Japan,Neutral,0.926,1.593,21.1,26.2,52.7,21.2,3.9,5.5,52.8,7.3,9.2,30.7,69.3,"[{""score"": ""0 - 1"", ""pct"": 13.919999999999998}, {""score"": ""1 - 1"", ""pct"": 12.13}, {""score"": ""1 - 2"", ""pct"": 9.98}]"
Ivory Coast,France,Neutral,0.829,1.687,16.8,24.9,58.3,17.1,3.3,4.3,58.4,7.7,9.2,24.7,75.3,"[{""score"": ""0 - 1"", ""pct"": 13.94}, {""score"": ""0 - 2"", ""pct"": 11.66}, {""score"": ""1 - 1"", ""pct"": 11.07}]"
Ivory Coast,Uzbekistan,Neutral,1.122,1.21,33.8,28.9,37.3,32.9,5.8,8.3,37.7,6.3,9.0,47.0,53.0,"[{""score"": ""1 - 1"", ""pct"": 13.08}, {""score"": ""0 - 1"", ""pct"": 11.799999999999999}, {""score"": ""1 - 0"", ""pct"": 10.780000000000001}]"
Ivory Coast,Ecuador,Neutral,0.956,1.492,23.4,27.4,49.2,22.9,4.6,6.2,49.5,7.1,9.7,33.7,66.3,"[{""score"": ""0 - 1"", ""pct"": 12.879999999999999}, {""score"": ""1 - 1"", ""pct"": 12.559999999999999}, {""score"": ""1 - 2"", ""pct"": 9.69}]"
Ivory Coast,Qatar,Neutral,1.955,0.816,64.5,21.7,13.8,64.6,7.2,8.1,13.9,2.8,3.4,79.9,20.1,"[{""score"": ""2 - 0"", ""pct"": 12.3}, {""score"": ""1 - 0"", ""pct"": 12.139999999999999}, {""score"": ""2 - 1"", ""pct"": 9.87}]"
Ivory Coast,England,Neutral,0.795,1.656,16.9,24.8,58.2,16.7,3.3,4.7,58.1,7.7,9.6,24.7,75.3,"[{""score"": ""0 - 1"", ""pct"": 14.829999999999998}, {""score"": ""0 - 2"", ""pct"": 10.94}, {""score"": ""1 - 1"", ""pct"": 10.93}]"
Ivory Coast,Cape Verde,Neutral,1.621,0.966,52.3,26.0,21.7,53.2,6.9,9.1,21.4,4.2,5.2,69.2,30.8,"[{""score"": ""1 - 0"", ""pct"": 12.4}, {""score"": ""1 - 1"", ""pct"": 11.88}, {""score"": ""2 - 1"", ""pct"": 9.93}]"
Ivory Coast,Panama,Neutral,1.191,1.293,33.4,27.7,38.9,33.5,5.8,8.2,38.2,6.2,8.0,47.5,52.5,"[{""score"": ""1 - 1"", ""pct"": 13.209999999999999}, {""score"": ""0 - 1"", ""pct"": 11.29}, {""score"": ""1 - 0"", ""pct"": 10.190000000000001}]"
Ivory Coast,Austria,Neutral,1.123,1.258,32.5,29.3,38.2,31.8,5.6,7.8,39.1,6.2,9.4,45.2,54.8,"[{""score"": ""1 - 1"", ""pct"": 12.8}, {""score"": ""0 - 1"", ""pct"": 11.39}, {""score"": ""1 - 0"", ""pct"": 10.68}]"
Ivory Coast,Belgium,Neutral,1.025,1.447,25.1,28.5,46.4,25.6,4.7,6.5,46.1,7.3,9.7,36.8,63.2,"[{""score"": ""1 - 1"", ""pct"": 13.170000000000002}, {""score"": ""0 - 1"", ""pct"": 12.27}, {""score"": ""0 - 0"", ""pct"": 9.83}]"
Ivory Coast,Egypt,Neutral,1.158,1.086,36.8,30.3,32.9,36.7,6.1,9.4,33.2,5.6,9.0,52.2,47.8,"[{""score"": ""1 - 1"", ""pct"": 13.23}, {""score"": ""1 - 0"", ""pct"": 12.25}, {""score"": ""0 - 0"", ""pct"": 11.74}]"
Ivory Coast,Iraq,Neutral,1.246,1.016,40.6,29.8,29.5,41.1,6.7,10.0,28.8,5.5,7.9,57.8,42.2,"[{""score"": ""1 - 0"", ""pct"": 13.350000000000001}, {""score"": ""1 - 1"", ""pct"": 12.55}, {""score"": ""0 - 0"", ""pct"": 11.78}]"
Ivory Coast,Switzerland,Neutral,1.038,1.446,26.2,28.0,45.8,26.5,4.9,6.5,45.8,6.6,9.7,37.9,62.1,"[{""score"": ""0 - 1"", ""pct"": 12.86}, {""score"": ""1 - 1"", ""pct"": 12.58}, {""score"": ""0 - 0"", ""pct"": 9.15}]"
Ivory Coast,Brazil,Neutral,0.961,1.789,18.7,23.4,57.9,18.8,3.9,4.9,56.5,7.6,8.3,27.6,72.5,"[{""score"": ""0 - 1"", ""pct"": 11.92}, {""score"": ""1 - 1"", ""pct"": 11.14}, {""score"": ""0 - 2"", ""pct"": 9.92}]"
Ivory Coast,United States,Neutral,1.226,1.232,34.9,29.0,36.1,35.2,6.1,8.2,36.1,5.9,8.4,49.5,50.5,"[{""score"": ""1 - 1"", ""pct"": 13.0}, {""score"": ""0 - 1"", ""pct"": 10.7}, {""score"": ""1 - 0"", ""pct"": 10.12}]"
Ivory Coast,Ghana,Neutral,1.652,0.903,55.2,25.3,19.5,54.9,7.9,8.9,19.2,3.9,5.2,71.7,28.3,"[{""score"": ""1 - 0"", ""pct"": 13.459999999999999}, {""score"": ""1 - 1"", ""pct"": 11.450000000000001}, {""score"": ""2 - 0"", ""pct"": 10.65}]"
Ivory Coast,Uruguay,Neutral,1.028,1.464,26.2,27.7,46.0,25.3,4.6,6.2,47.4,7.0,9.6,36.1,63.9,"[{""score"": ""1 - 1"", ""pct"": 12.83}, {""score"": ""0 - 1"", ""pct"": 12.36}, {""score"": ""0 - 0"", ""pct"": 9.17}]"
Ivory Coast,Portugal,Neutral,0.974,1.635,21.6,25.5,52.9,22.1,3.9,5.5,52.5,7.1,8.9,31.5,68.5,"[{""score"": ""0 - 1"", ""pct"": 12.49}, {""score"": ""1 - 1"", ""pct"": 11.15}, {""score"": ""0 - 2"", ""pct"": 9.64}]"
Ivory Coast,Algeria,Neutral,0.975,1.414,26.2,28.0,45.8,24.8,4.8,6.6,47.4,6.9,9.5,36.2,63.8,"[{""score"": ""0 - 1"", ""pct"": 13.270000000000001}, {""score"": ""1 - 1"", ""pct"": 12.8}, {""score"": ""0 - 0"", ""pct"": 9.66}]"
Ivory Coast,Spain,Neutral,0.798,1.877,14.8,22.6,62.7,14.3,2.5,3.5,62.9,7.6,9.0,20.4,79.6,"[{""score"": ""0 - 1"", ""pct"": 13.04}, {""score"": ""0 - 2"", ""pct"": 12.2}, {""score"": ""1 - 1"", ""pct"": 10.43}]"
Ivory Coast,Bosnia and Herzegovina,Neutral,1.773,0.841,59.2,24.4,16.5,58.8,7.6,8.9,16.8,3.4,4.5,75.4,24.6,"[{""score"": ""1 - 0"", ""pct"": 13.3}, {""score"": ""2 - 0"", ""pct"": 11.04}, {""score"": ""1 - 1"", ""pct"": 10.8}]"
Ivory Coast,South Africa,Neutral,1.543,0.948,51.0,26.7,22.3,51.0,7.2,9.6,21.6,4.5,6.0,67.8,32.2,"[{""score"": ""1 - 0"", ""pct"": 12.93}, {""score"": ""1 - 1"", ""pct"": 11.66}, {""score"": ""0 - 0"", ""pct"": 9.84}]"
Ivory Coast,DR Congo,Neutral,1.21,0.976,41.9,29.9,28.3,41.3,6.6,10.0,28.4,5.2,8.4,57.9,42.1,"[{""score"": ""1 - 0"", ""pct"": 14.24}, {""score"": ""1 - 1"", ""pct"": 13.059999999999999}, {""score"": ""0 - 0"", ""pct"": 11.99}]"
Ivory Coast,Croatia,Neutral,1.068,1.438,27.6,27.3,45.2,27.0,4.5,6.6,45.3,6.9,9.6,38.2,61.8,"[{""score"": ""1 - 1"", ""pct"": 12.57}, {""score"": ""0 - 1"", ""pct"": 11.41}, {""score"": ""1 - 2"", ""pct"": 9.45}]"
Ivory Coast,Norway,Neutral,1.029,1.446,26.3,27.3,46.4,25.1,4.4,6.7,47.7,7.2,9.0,36.2,63.8,"[{""score"": ""1 - 1"", ""pct"": 12.6}, {""score"": ""0 - 1"", ""pct"": 12.590000000000002}, {""score"": ""0 - 0"", ""pct"": 9.2}]"
Ivory Coast,Turkey,Neutral,1.012,1.456,25.4,27.7,47.0,25.0,4.4,6.6,48.3,7.0,8.7,36.1,63.9,"[{""score"": ""1 - 1"", ""pct"": 12.19}, {""score"": ""0 - 1"", ""pct"": 12.04}, {""score"": ""0 - 0"", ""pct"": 9.62}]"
Ivory Coast,Morocco,Neutral,0.943,1.624,20.5,26.5,53.0,21.1,3.9,5.5,53.1,7.2,9.3,30.5,69.5,"[{""score"": ""0 - 1"", ""pct"": 12.920000000000002}, {""score"": ""1 - 1"", ""pct"": 12.1}, {""score"": ""1 - 2"", ""pct"": 9.92}]"
Ivory Coast,Haiti,Neutral,1.409,1.032,45.2,27.6,27.3,44.3,7.2,9.2,27.8,4.8,6.7,60.7,39.3,"[{""score"": ""1 - 0"", ""pct"": 12.29}, {""score"": ""1 - 1"", ""pct"": 12.120000000000001}, {""score"": ""0 - 0"", ""pct"": 10.0}]"
Ivory Coast,South Korea,Neutral,1.06,1.438,26.8,27.8,45.4,27.0,4.9,6.6,44.8,7.2,9.4,38.5,61.5,"[{""score"": ""1 - 1"", ""pct"": 12.75}, {""score"": ""0 - 1"", ""pct"": 12.44}, {""score"": ""1 - 2"", ""pct"": 9.01}]"
Ivory Coast,Curaçao,Neutral,1.765,0.933,57.2,23.9,18.9,56.6,7.1,9.4,19.2,3.4,4.3,73.1,26.9,"[{""score"": ""1 - 0"", ""pct"": 12.01}, {""score"": ""1 - 1"", ""pct"": 10.77}, {""score"": ""2 - 1"", ""pct"": 10.209999999999999}]"
Ivory Coast,Paraguay,Neutral,1.052,1.364,28.2,28.1,43.7,28.2,5.2,7.3,43.2,6.8,9.2,40.7,59.3,"[{""score"": ""1 - 1"", ""pct"": 13.44}, {""score"": ""0 - 1"", ""pct"": 12.33}, {""score"": ""1 - 0"", ""pct"": 9.59}]"
Ivory Coast,Iran,Neutral,1.015,1.448,25.4,27.6,47.0,25.4,4.5,6.7,46.3,7.6,9.5,36.6,63.4,"[{""score"": ""0 - 1"", ""pct"": 12.85}, {""score"": ""1 - 1"", ""pct"": 11.88}, {""score"": ""0 - 0"", ""pct"": 9.879999999999999}]"
England,Jordan,Neutral,1.855,0.893,60.6,23.0,16.4,59.2,7.9,8.6,17.1,2.9,4.2,75.7,24.3,"[{""score"": ""1 - 0"", ""pct"": 12.389999999999999}, {""score"": ""2 - 0"", ""pct"": 10.81}, {""score"": ""1 - 1"", ""pct"": 10.57}]"
England,Australia,Neutral,1.455,0.982,47.7,28.2,24.1,48.9,7.1,9.4,23.8,4.4,6.5,65.3,34.6,"[{""score"": ""1 - 0"", ""pct"": 12.709999999999999}, {""score"": ""1 - 1"", ""pct"": 12.629999999999999}, {""score"": ""0 - 0"", ""pct"": 10.299999999999999}]"
England,Germany,Neutral,1.48,1.046,47.5,26.6,25.9,46.3,7.2,9.0,26.6,4.6,6.3,62.5,37.5,"[{""score"": ""1 - 0"", ""pct"": 12.509999999999998}, {""score"": ""1 - 1"", ""pct"": 11.88}, {""score"": ""2 - 1"", ""pct"": 10.05}]"
England,Canada,Neutral,1.48,0.932,49.4,27.8,22.9,50.8,7.1,9.2,22.7,4.2,6.1,67.1,32.9,"[{""score"": ""1 - 0"", ""pct"": 13.74}, {""score"": ""1 - 1"", ""pct"": 12.91}, {""score"": ""0 - 0"", ""pct"": 9.69}]"
England,Czech Republic,Neutral,1.861,0.86,61.1,23.3,15.6,61.9,7.1,8.4,15.6,3.1,3.9,77.4,22.6,"[{""score"": ""1 - 0"", ""pct"": 12.659999999999998}, {""score"": ""2 - 0"", ""pct"": 11.219999999999999}, {""score"": ""1 - 1"", ""pct"": 10.639999999999999}]"
England,Saudi Arabia,Neutral,1.855,0.694,65.8,22.4,11.9,65.6,7.4,8.9,12.5,2.2,3.4,81.9,18.1,"[{""score"": ""1 - 0"", ""pct"": 15.07}, {""score"": ""2 - 0"", ""pct"": 13.15}, {""score"": ""1 - 1"", ""pct"": 9.54}]"
England,Mexico,Neutral,1.367,0.966,46.7,28.3,25.0,45.4,7.5,10.0,25.1,4.9,7.1,62.9,37.1,"[{""score"": ""1 - 0"", ""pct"": 13.56}, {""score"": ""1 - 1"", ""pct"": 13.120000000000001}, {""score"": ""0 - 0"", ""pct"": 10.07}]"
England,Argentina,Neutral,0.987,1.433,24.9,28.0,47.1,24.5,4.9,6.4,47.2,7.0,9.9,35.9,64.1,"[{""score"": ""0 - 1"", ""pct"": 12.870000000000001}, {""score"": ""1 - 1"", ""pct"": 12.31}, {""score"": ""0 - 0"", ""pct"": 9.82}]"
England,New Zealand,Neutral,1.906,0.712,66.4,21.9,11.7,66.7,7.5,8.4,12.1,2.1,3.3,82.5,17.5,"[{""score"": ""1 - 0"", ""pct"": 14.14}, {""score"": ""2 - 0"", ""pct"": 13.309999999999999}, {""score"": ""1 - 1"", ""pct"": 9.87}]"
England,Senegal,Neutral,1.556,1.021,49.9,26.3,23.9,50.1,7.2,8.8,23.6,4.2,6.1,66.1,33.9,"[{""score"": ""1 - 1"", ""pct"": 12.36}, {""score"": ""1 - 0"", ""pct"": 12.04}, {""score"": ""2 - 1"", ""pct"": 9.54}]"
England,Sweden,Neutral,2.011,0.773,67.0,21.1,12.0,67.0,7.3,8.1,12.2,2.4,3.0,82.5,17.5,"[{""score"": ""1 - 0"", ""pct"": 13.469999999999999}, {""score"": ""2 - 0"", ""pct"": 12.73}, {""score"": ""1 - 1"", ""pct"": 9.569999999999999}]"
England,Netherlands,Neutral,1.44,1.015,47.6,27.0,25.4,47.0,7.3,9.2,24.6,4.5,7.3,63.5,36.5,"[{""score"": ""1 - 0"", ""pct"": 13.04}, {""score"": ""1 - 1"", ""pct"": 12.32}, {""score"": ""2 - 1"", ""pct"": 8.99}]"
England,Tunisia,Neutral,1.713,0.703,61.3,24.0,14.7,61.9,7.6,9.9,13.8,2.7,4.1,79.4,20.6,"[{""score"": ""1 - 0"", ""pct"": 15.43}, {""score"": ""2 - 0"", ""pct"": 12.559999999999999}, {""score"": ""1 - 1"", ""pct"": 10.47}]"
England,Scotland,Neutral,1.798,0.788,61.9,23.3,14.9,61.6,7.5,9.5,15.1,2.6,3.9,78.5,21.5,"[{""score"": ""1 - 0"", ""pct"": 13.69}, {""score"": ""2 - 0"", ""pct"": 12.02}, {""score"": ""1 - 1"", ""pct"": 10.47}]"
England,Colombia,Neutral,1.282,1.151,40.3,28.0,31.6,38.3,6.2,9.0,32.4,5.9,8.3,53.5,46.5,"[{""score"": ""1 - 1"", ""pct"": 13.03}, {""score"": ""1 - 0"", ""pct"": 11.959999999999999}, {""score"": ""0 - 1"", ""pct"": 9.64}]"
England,Japan,Neutral,1.223,1.074,39.3,30.3,30.5,39.8,6.3,8.9,31.9,5.5,7.6,55.0,45.0,"[{""score"": ""1 - 1"", ""pct"": 13.19}, {""score"": ""1 - 0"", ""pct"": 12.2}, {""score"": ""0 - 0"", ""pct"": 11.39}]"
England,France,Neutral,1.192,1.241,35.0,29.0,36.0,34.4,5.8,8.2,36.9,6.3,8.3,48.5,51.5,"[{""score"": ""1 - 1"", ""pct"": 13.58}, {""score"": ""0 - 1"", ""pct"": 10.459999999999999}, {""score"": ""1 - 0"", ""pct"": 10.43}]"
England,Uzbekistan,Neutral,1.568,0.881,52.7,26.9,20.5,53.1,7.4,9.6,20.7,3.6,5.6,70.2,29.8,"[{""score"": ""1 - 0"", ""pct"": 13.87}, {""score"": ""1 - 1"", ""pct"": 11.72}, {""score"": ""0 - 0"", ""pct"": 10.36}]"
England,Ecuador,Neutral,1.28,1.042,41.4,29.1,29.5,42.6,6.4,10.0,28.7,5.3,7.0,59.0,41.0,"[{""score"": ""1 - 1"", ""pct"": 13.489999999999998}, {""score"": ""1 - 0"", ""pct"": 12.540000000000001}, {""score"": ""0 - 0"", ""pct"": 10.290000000000001}]"
England,Qatar,Neutral,2.663,0.618,80.7,13.4,5.9,81.8,5.9,4.6,5.8,0.9,1.1,92.3,7.7,"[{""score"": ""2 - 0"", ""pct"": 13.08}, {""score"": ""3 - 0"", ""pct"": 11.75}, {""score"": ""1 - 0"", ""pct"": 10.7}]"
England,Ivory Coast,Neutral,1.656,0.795,56.9,25.8,17.4,58.0,7.9,9.5,16.5,3.5,4.6,75.4,24.6,"[{""score"": ""1 - 0"", ""pct"": 14.32}, {""score"": ""1 - 1"", ""pct"": 11.55}, {""score"": ""2 - 0"", ""pct"": 11.53}]"
England,Cape Verde,Neutral,2.032,0.666,69.5,20.2,10.3,69.5,7.4,7.9,10.6,1.9,2.8,84.8,15.2,"[{""score"": ""1 - 0"", ""pct"": 14.37}, {""score"": ""2 - 0"", ""pct"": 13.450000000000001}, {""score"": ""3 - 0"", ""pct"": 9.19}]"
England,Panama,Neutral,1.739,0.962,55.9,24.4,19.7,55.0,7.5,8.6,20.4,3.7,4.8,71.1,28.9,"[{""score"": ""1 - 0"", ""pct"": 11.98}, {""score"": ""1 - 1"", ""pct"": 10.86}, {""score"": ""2 - 1"", ""pct"": 10.190000000000001}]"
England,Austria,Neutral,1.606,0.886,54.4,25.7,19.9,53.9,7.1,9.9,20.5,3.5,5.0,71.0,29.1,"[{""score"": ""1 - 0"", ""pct"": 13.5}, {""score"": ""1 - 1"", ""pct"": 11.690000000000001}, {""score"": ""2 - 0"", ""pct"": 10.4}]"
England,Belgium,Neutral,1.544,1.012,49.4,26.9,23.7,49.2,7.4,9.1,23.8,4.5,6.0,65.7,34.3,"[{""score"": ""1 - 0"", ""pct"": 12.590000000000002}, {""score"": ""1 - 1"", ""pct"": 12.32}, {""score"": ""2 - 0"", ""pct"": 9.35}]"
England,Egypt,Neutral,1.594,0.741,57.7,26.0,16.3,57.8,7.9,10.0,16.0,3.2,5.1,75.7,24.3,"[{""score"": ""1 - 0"", ""pct"": 15.959999999999999}, {""score"": ""2 - 0"", ""pct"": 11.81}, {""score"": ""1 - 1"", ""pct"": 11.41}]"
England,Iraq,Neutral,1.676,0.691,61.3,24.6,14.1,60.2,7.8,10.4,14.6,2.8,4.1,78.5,21.5,"[{""score"": ""1 - 0"", ""pct"": 16.509999999999998}, {""score"": ""2 - 0"", ""pct"": 12.75}, {""score"": ""1 - 1"", ""pct"": 10.530000000000001}]"
England,Switzerland,Neutral,1.638,1.014,52.2,25.6,22.2,51.4,7.6,8.5,22.8,4.0,5.8,67.5,32.5,"[{""score"": ""1 - 0"", ""pct"": 12.049999999999999}, {""score"": ""1 - 1"", ""pct"": 11.87}, {""score"": ""2 - 1"", ""pct"": 9.54}]"
England,Brazil,Neutral,1.274,1.15,39.4,28.5,32.1,38.5,6.9,8.7,32.4,5.5,8.0,54.1,45.9,"[{""score"": ""1 - 1"", ""pct"": 13.11}, {""score"": ""1 - 0"", ""pct"": 11.53}, {""score"": ""0 - 0"", ""pct"": 9.67}]"
England,United States,Neutral,1.81,0.905,59.2,23.0,17.8,58.9,7.4,8.4,17.4,3.3,4.6,74.7,25.3,"[{""score"": ""1 - 0"", ""pct"": 12.520000000000001}, {""score"": ""2 - 0"", ""pct"": 10.4}, {""score"": ""1 - 1"", ""pct"": 10.38}]"
England,Ghana,Neutral,2.227,0.613,74.8,17.3,7.8,73.4,7.0,7.6,8.2,1.5,2.2,88.0,12.0,"[{""score"": ""2 - 0"", ""pct"": 14.67}, {""score"": ""1 - 0"", ""pct"": 13.79}, {""score"": ""3 - 0"", ""pct"": 10.17}]"
England,Uruguay,Neutral,1.444,0.965,47.8,28.2,24.0,46.9,7.8,9.7,24.4,4.7,6.5,64.4,35.6,"[{""score"": ""1 - 0"", ""pct"": 13.11}, {""score"": ""1 - 1"", ""pct"": 12.44}, {""score"": ""0 - 0"", ""pct"": 10.31}]"
England,Portugal,Neutral,1.3,1.116,40.2,28.5,31.2,40.1,6.5,9.2,30.6,5.8,7.9,55.8,44.2,"[{""score"": ""1 - 1"", ""pct"": 13.139999999999999}, {""score"": ""1 - 0"", ""pct"": 11.78}, {""score"": ""0 - 1"", ""pct"": 9.82}]"
England,Algeria,Neutral,1.484,0.977,48.1,27.5,24.3,50.1,7.0,9.2,23.0,4.5,6.2,66.3,33.7,"[{""score"": ""1 - 0"", ""pct"": 12.86}, {""score"": ""1 - 1"", ""pct"": 12.72}, {""score"": ""0 - 0"", ""pct"": 9.35}]"
England,Spain,Neutral,1.007,1.456,25.2,28.1,46.6,24.9,4.6,6.4,47.8,6.9,9.3,35.9,64.1,"[{""score"": ""1 - 1"", ""pct"": 12.78}, {""score"": ""0 - 1"", ""pct"": 12.34}, {""score"": ""0 - 0"", ""pct"": 9.24}]"
England,Bosnia and Herzegovina,Neutral,2.42,0.652,77.1,16.1,6.8,77.0,6.8,5.8,7.2,1.5,1.5,89.7,10.3,"[{""score"": ""2 - 0"", ""pct"": 13.83}, {""score"": ""1 - 0"", ""pct"": 11.940000000000001}, {""score"": ""3 - 0"", ""pct"": 10.280000000000001}]"
England,South Africa,Neutral,1.991,0.67,68.7,20.5,10.8,69.9,7.0,8.0,10.3,2.2,2.6,84.9,15.1,"[{""score"": ""1 - 0"", ""pct"": 14.66}, {""score"": ""2 - 0"", ""pct"": 13.059999999999999}, {""score"": ""1 - 1"", ""pct"": 9.22}]"
England,DR Congo,Neutral,1.64,0.676,61.7,25.0,13.4,60.4,8.0,10.7,13.9,3.0,4.0,79.1,20.9,"[{""score"": ""1 - 0"", ""pct"": 16.46}, {""score"": ""2 - 0"", ""pct"": 13.200000000000001}, {""score"": ""1 - 1"", ""pct"": 10.89}]"
England,Croatia,Neutral,1.515,0.988,48.8,26.8,24.4,48.9,7.1,9.8,24.2,4.3,5.6,65.9,34.1,"[{""score"": ""1 - 0"", ""pct"": 12.35}, {""score"": ""1 - 1"", ""pct"": 11.87}, {""score"": ""2 - 1"", ""pct"": 9.66}]"
England,Norway,Neutral,1.513,1.032,48.4,26.8,24.9,48.8,7.6,8.9,24.1,4.5,6.1,65.3,34.7,"[{""score"": ""1 - 1"", ""pct"": 12.049999999999999}, {""score"": ""1 - 0"", ""pct"": 12.04}, {""score"": ""2 - 1"", ""pct"": 9.55}]"
England,Turkey,Neutral,1.526,1.006,49.3,27.3,23.4,48.1,7.4,9.4,24.0,4.7,6.4,65.0,35.0,"[{""score"": ""1 - 1"", ""pct"": 12.36}, {""score"": ""1 - 0"", ""pct"": 12.32}, {""score"": ""2 - 0"", ""pct"": 9.19}]"
England,Morocco,Neutral,1.263,1.023,41.9,29.7,28.5,41.2,6.7,9.9,29.5,5.1,7.5,57.8,42.2,"[{""score"": ""1 - 1"", ""pct"": 13.19}, {""score"": ""1 - 0"", ""pct"": 13.139999999999999}, {""score"": ""0 - 0"", ""pct"": 11.26}]"
England,Haiti,Neutral,1.768,0.749,62.3,23.4,14.3,60.7,8.0,9.7,14.8,2.8,4.0,78.4,21.6,"[{""score"": ""1 - 0"", ""pct"": 14.48}, {""score"": ""2 - 0"", ""pct"": 12.83}, {""score"": ""1 - 1"", ""pct"": 10.36}]"
England,South Korea,Neutral,1.619,0.999,51.8,25.6,22.6,50.8,7.4,9.0,23.0,4.1,5.6,67.3,32.7,"[{""score"": ""1 - 0"", ""pct"": 12.46}, {""score"": ""1 - 1"", ""pct"": 11.85}, {""score"": ""2 - 1"", ""pct"": 9.49}]"
England,Curaçao,Neutral,2.339,0.652,75.9,16.8,7.3,75.6,6.6,6.6,7.7,1.6,1.9,88.9,11.2,"[{""score"": ""2 - 0"", ""pct"": 13.83}, {""score"": ""1 - 0"", ""pct"": 12.73}, {""score"": ""3 - 0"", ""pct"": 10.16}]"
England,Paraguay,Neutral,1.6,0.962,52.2,26.6,21.2,52.2,7.5,9.1,21.3,4.3,5.5,68.9,31.1,"[{""score"": ""1 - 0"", ""pct"": 12.75}, {""score"": ""1 - 1"", ""pct"": 12.16}, {""score"": ""2 - 1"", ""pct"": 9.78}]"
England,Iran,Neutral,1.494,1.015,47.5,27.2,25.2,48.2,7.1,9.0,24.4,4.9,6.4,64.3,35.7,"[{""score"": ""1 - 1"", ""pct"": 12.42}, {""score"": ""1 - 0"", ""pct"": 12.36}, {""score"": ""2 - 1"", ""pct"": 9.15}]"
Cape Verde,Jordan,Neutral,1.138,1.622,25.4,26.1,48.5,26.6,4.6,5.6,48.3,7.3,7.6,36.7,63.3,"[{""score"": ""1 - 1"", ""pct"": 11.78}, {""score"": ""0 - 1"", ""pct"": 10.91}, {""score"": ""1 - 2"", ""pct"": 10.12}]"
Cape Verde,Australia,Neutral,0.766,1.775,15.0,23.5,61.4,15.1,3.0,4.0,61.1,7.5,9.4,22.0,78.0,"[{""score"": ""0 - 1"", ""pct"": 14.29}, {""score"": ""0 - 2"", ""pct"": 12.1}, {""score"": ""1 - 1"", ""pct"": 10.32}]"
Cape Verde,Germany,Neutral,0.771,1.94,13.1,21.3,65.5,13.7,2.7,2.9,64.8,7.6,8.3,19.3,80.7,"[{""score"": ""0 - 1"", ""pct"": 13.36}, {""score"": ""0 - 2"", ""pct"": 12.709999999999999}, {""score"": ""1 - 2"", ""pct"": 9.55}]"
Cape Verde,Canada,Neutral,0.771,1.733,15.3,24.4,60.4,15.3,3.2,4.0,60.2,7.8,9.6,22.4,77.6,"[{""score"": ""0 - 1"", ""pct"": 14.49}, {""score"": ""0 - 2"", ""pct"": 11.61}, {""score"": ""1 - 1"", ""pct"": 10.77}]"
Cape Verde,Czech Republic,Neutral,1.061,1.454,26.5,28.2,45.3,26.5,4.9,6.6,45.7,7.0,9.3,38.0,62.0,"[{""score"": ""0 - 1"", ""pct"": 12.4}, {""score"": ""1 - 1"", ""pct"": 12.25}, {""score"": ""0 - 0"", ""pct"": 9.36}]"
Cape Verde,Saudi Arabia,Neutral,1.106,1.246,32.5,29.7,37.8,31.8,5.5,8.5,38.7,6.3,9.1,45.9,54.1,"[{""score"": ""1 - 1"", ""pct"": 12.64}, {""score"": ""0 - 1"", ""pct"": 11.64}, {""score"": ""0 - 0"", ""pct"": 11.200000000000001}]"
Cape Verde,Mexico,Neutral,0.727,1.788,14.1,23.0,62.9,13.0,2.9,3.8,63.6,7.8,8.9,19.7,80.3,"[{""score"": ""0 - 1"", ""pct"": 14.940000000000001}, {""score"": ""0 - 2"", ""pct"": 12.379999999999999}, {""score"": ""1 - 1"", ""pct"": 10.549999999999999}]"
Cape Verde,Argentina,Neutral,0.649,2.229,8.4,17.9,73.7,8.3,1.9,2.2,74.0,6.8,6.9,12.3,87.6,"[{""score"": ""0 - 2"", ""pct"": 13.43}, {""score"": ""0 - 1"", ""pct"": 12.879999999999999}, {""score"": ""1 - 2"", ""pct"": 9.68}]"
Cape Verde,New Zealand,Neutral,1.12,1.431,27.9,27.4,44.7,28.1,5.2,6.8,44.3,6.7,8.9,40.2,59.9,"[{""score"": ""1 - 1"", ""pct"": 12.659999999999998}, {""score"": ""0 - 1"", ""pct"": 11.63}, {""score"": ""1 - 2"", ""pct"": 9.55}]"
Cape Verde,Senegal,Neutral,0.811,1.795,15.1,23.7,61.1,15.8,2.5,4.0,61.7,7.1,8.9,22.2,77.8,"[{""score"": ""0 - 1"", ""pct"": 13.54}, {""score"": ""0 - 2"", ""pct"": 11.89}, {""score"": ""1 - 1"", ""pct"": 10.63}]"
Cape Verde,Sweden,Neutral,1.159,1.327,32.9,28.0,39.0,32.4,5.5,7.5,39.5,6.6,8.5,45.4,54.6,"[{""score"": ""1 - 1"", ""pct"": 12.75}, {""score"": ""0 - 1"", ""pct"": 11.18}, {""score"": ""1 - 0"", ""pct"": 10.38}]"
Cape Verde,Netherlands,Neutral,0.756,1.851,14.4,22.6,62.9,13.9,2.9,3.5,62.9,7.6,9.1,20.3,79.7,"[{""score"": ""0 - 1"", ""pct"": 13.350000000000001}, {""score"": ""0 - 2"", ""pct"": 12.8}, {""score"": ""1 - 2"", ""pct"": 9.92}]"
Cape Verde,Tunisia,Neutral,0.991,1.423,25.1,28.1,46.8,25.0,4.7,6.8,47.0,7.3,9.4,36.4,63.6,"[{""score"": ""0 - 1"", ""pct"": 13.54}, {""score"": ""1 - 1"", ""pct"": 12.33}, {""score"": ""0 - 0"", ""pct"": 10.47}]"
Cape Verde,Scotland,Neutral,1.038,1.603,24.2,26.0,49.8,23.3,4.7,5.6,50.7,7.3,8.5,33.5,66.5,"[{""score"": ""1 - 1"", ""pct"": 12.139999999999999}, {""score"": ""0 - 1"", ""pct"": 12.030000000000001}, {""score"": ""1 - 2"", ""pct"": 9.43}]"
Cape Verde,Colombia,Neutral,0.738,2.05,11.6,20.4,68.0,11.8,2.3,2.7,67.9,8.0,7.4,16.8,83.2,"[{""score"": ""0 - 1"", ""pct"": 13.38}, {""score"": ""0 - 2"", ""pct"": 13.33}, {""score"": ""1 - 2"", ""pct"": 9.02}]"
Cape Verde,Japan,Neutral,0.722,1.96,11.9,20.8,67.3,11.8,2.3,3.0,67.4,7.2,8.3,17.0,83.0,"[{""score"": ""0 - 1"", ""pct"": 13.86}, {""score"": ""0 - 2"", ""pct"": 13.639999999999999}, {""score"": ""1 - 1"", ""pct"": 9.520000000000001}]"
Cape Verde,France,Neutral,0.708,2.062,11.1,19.6,69.3,10.8,2.2,2.7,68.9,7.3,8.1,15.8,84.2,"[{""score"": ""0 - 2"", ""pct"": 14.05}, {""score"": ""0 - 1"", ""pct"": 13.66}, {""score"": ""1 - 2"", ""pct"": 9.28}]"
Cape Verde,Uzbekistan,Neutral,0.913,1.636,19.5,26.4,54.1,20.3,4.0,5.1,54.2,7.2,9.1,29.4,70.6,"[{""score"": ""0 - 1"", ""pct"": 13.11}, {""score"": ""1 - 1"", ""pct"": 11.93}, {""score"": ""0 - 2"", ""pct"": 10.05}]"
Cape Verde,Ecuador,Neutral,0.735,1.848,13.4,22.9,63.7,13.3,2.7,3.6,64.1,7.3,9.0,19.6,80.4,"[{""score"": ""0 - 1"", ""pct"": 14.11}, {""score"": ""0 - 2"", ""pct"": 12.26}, {""score"": ""1 - 1"", ""pct"": 10.14}]"
Cape Verde,Qatar,Neutral,1.584,0.965,51.3,26.5,22.2,51.6,7.2,8.8,22.8,4.1,5.5,67.7,32.4,"[{""score"": ""1 - 0"", ""pct"": 13.13}, {""score"": ""1 - 1"", ""pct"": 12.19}, {""score"": ""2 - 1"", ""pct"": 9.29}]"
Cape Verde,Ivory Coast,Neutral,0.966,1.621,21.6,25.5,52.9,21.3,4.3,5.5,52.4,7.1,9.4,31.1,68.9,"[{""score"": ""0 - 1"", ""pct"": 12.26}, {""score"": ""1 - 1"", ""pct"": 11.85}, {""score"": ""0 - 2"", ""pct"": 9.71}]"
Cape Verde,England,Neutral,0.666,2.032,9.9,19.8,70.3,9.9,2.2,2.8,69.6,7.6,8.0,14.9,85.1,"[{""score"": ""0 - 1"", ""pct"": 14.149999999999999}, {""score"": ""0 - 2"", ""pct"": 13.8}, {""score"": ""1 - 2"", ""pct"": 9.28}]"
Cape Verde,Panama,Neutral,0.962,1.726,20.5,24.1,55.4,19.6,3.6,4.7,56.4,7.5,8.2,27.9,72.1,"[{""score"": ""0 - 1"", ""pct"": 12.3}, {""score"": ""1 - 1"", ""pct"": 10.84}, {""score"": ""0 - 2"", ""pct"": 10.08}]"
Cape Verde,Austria,Neutral,0.946,1.662,20.9,25.5,53.6,21.1,4.0,5.3,52.5,7.6,9.4,30.4,69.6,"[{""score"": ""0 - 1"", ""pct"": 11.97}, {""score"": ""1 - 1"", ""pct"": 11.5}, {""score"": ""0 - 2"", ""pct"": 9.76}]"
Cape Verde,Belgium,Neutral,0.802,1.794,15.1,23.8,61.1,14.7,3.0,4.0,61.9,7.4,9.1,21.7,78.3,"[{""score"": ""0 - 1"", ""pct"": 13.350000000000001}, {""score"": ""0 - 2"", ""pct"": 11.600000000000001}, {""score"": ""1 - 1"", ""pct"": 10.95}]"
Cape Verde,Egypt,Neutral,0.94,1.516,22.6,27.8,49.6,21.8,3.9,5.9,51.5,7.2,9.6,31.7,68.3,"[{""score"": ""0 - 1"", ""pct"": 13.420000000000002}, {""score"": ""1 - 1"", ""pct"": 12.47}, {""score"": ""0 - 0"", ""pct"": 9.55}]"
Cape Verde,Iraq,Neutral,0.977,1.378,25.4,28.4,46.2,25.6,4.9,7.4,45.4,7.1,9.7,37.8,62.2,"[{""score"": ""0 - 1"", ""pct"": 13.4}, {""score"": ""1 - 1"", ""pct"": 13.209999999999999}, {""score"": ""0 - 0"", ""pct"": 9.959999999999999}]"
Cape Verde,Switzerland,Neutral,0.816,1.804,15.8,24.2,60.0,15.2,3.0,4.2,61.1,7.2,9.2,22.4,77.6,"[{""score"": ""0 - 1"", ""pct"": 13.0}, {""score"": ""0 - 2"", ""pct"": 11.899999999999999}, {""score"": ""1 - 1"", ""pct"": 11.21}]"
Cape Verde,Brazil,Neutral,0.753,2.102,10.9,19.9,69.2,11.0,2.1,2.8,69.6,7.4,7.2,15.8,84.2,"[{""score"": ""0 - 2"", ""pct"": 12.44}, {""score"": ""0 - 1"", ""pct"": 12.09}, {""score"": ""1 - 2"", ""pct"": 9.85}]"
Cape Verde,United States,Neutral,1.036,1.646,22.5,25.3,52.2,22.9,5.0,5.1,51.2,7.5,8.2,33.0,67.0,"[{""score"": ""0 - 1"", ""pct"": 12.01}, {""score"": ""1 - 1"", ""pct"": 11.4}, {""score"": ""1 - 2"", ""pct"": 10.07}]"
Cape Verde,Ghana,Neutral,1.259,1.103,39.5,29.4,31.1,39.4,6.0,8.5,32.3,5.5,8.2,54.0,46.0,"[{""score"": ""1 - 1"", ""pct"": 13.71}, {""score"": ""1 - 0"", ""pct"": 11.73}, {""score"": ""0 - 1"", ""pct"": 10.14}]"
Cape Verde,Uruguay,Neutral,0.761,1.776,15.0,24.0,61.1,14.4,3.0,4.1,62.0,7.6,8.9,21.5,78.5,"[{""score"": ""0 - 1"", ""pct"": 14.469999999999999}, {""score"": ""0 - 2"", ""pct"": 11.959999999999999}, {""score"": ""1 - 1"", ""pct"": 10.41}]"
Cape Verde,Portugal,Neutral,0.751,1.997,12.4,21.7,65.9,12.1,2.4,3.0,66.6,7.3,8.6,17.5,82.5,"[{""score"": ""0 - 1"", ""pct"": 13.700000000000001}, {""score"": ""0 - 2"", ""pct"": 12.61}, {""score"": ""1 - 1"", ""pct"": 10.23}]"
Cape Verde,Algeria,Neutral,0.771,1.794,14.9,23.4,61.7,14.4,2.9,3.6,62.4,7.5,9.1,20.9,79.1,"[{""score"": ""0 - 1"", ""pct"": 14.399999999999999}, {""score"": ""0 - 2"", ""pct"": 12.32}, {""score"": ""1 - 1"", ""pct"": 10.47}]"
Cape Verde,Spain,Neutral,0.682,2.252,8.8,17.7,73.6,8.5,1.6,2.2,74.3,6.7,6.8,12.2,87.8,"[{""score"": ""0 - 2"", ""pct"": 13.44}, {""score"": ""0 - 1"", ""pct"": 12.620000000000001}, {""score"": ""0 - 3"", ""pct"": 9.93}]"
Cape Verde,Bosnia and Herzegovina,Neutral,1.321,1.043,42.2,29.3,28.5,43.3,6.6,9.6,27.9,5.2,7.3,59.6,40.4,"[{""score"": ""1 - 1"", ""pct"": 12.85}, {""score"": ""1 - 0"", ""pct"": 12.73}, {""score"": ""0 - 0"", ""pct"": 10.59}]"
Cape Verde,South Africa,Neutral,1.166,1.209,34.3,28.8,36.9,34.5,6.0,8.3,36.7,6.6,7.9,48.8,51.2,"[{""score"": ""1 - 1"", ""pct"": 12.740000000000002}, {""score"": ""1 - 0"", ""pct"": 11.379999999999999}, {""score"": ""0 - 1"", ""pct"": 11.27}]"
Cape Verde,DR Congo,Neutral,0.936,1.339,25.1,29.2,45.7,26.0,4.7,6.9,44.9,7.3,10.0,37.7,62.3,"[{""score"": ""0 - 1"", ""pct"": 13.81}, {""score"": ""1 - 1"", ""pct"": 12.78}, {""score"": ""0 - 0"", ""pct"": 11.4}]"
Cape Verde,Croatia,Neutral,0.794,1.807,15.8,22.5,61.7,15.0,2.8,4.1,61.9,7.7,8.5,21.9,78.1,"[{""score"": ""0 - 1"", ""pct"": 14.13}, {""score"": ""0 - 2"", ""pct"": 11.709999999999999}, {""score"": ""1 - 1"", ""pct"": 10.39}]"
Cape Verde,Norway,Neutral,0.796,1.786,15.4,23.0,61.6,15.5,2.9,3.9,61.2,7.8,8.8,22.2,77.8,"[{""score"": ""0 - 1"", ""pct"": 14.280000000000001}, {""score"": ""0 - 2"", ""pct"": 11.940000000000001}, {""score"": ""1 - 1"", ""pct"": 10.71}]"
Cape Verde,Turkey,Neutral,0.786,1.792,14.4,23.6,62.0,14.9,3.1,4.0,61.7,7.8,8.5,22.0,78.0,"[{""score"": ""0 - 1"", ""pct"": 14.430000000000001}, {""score"": ""0 - 2"", ""pct"": 11.77}, {""score"": ""1 - 1"", ""pct"": 10.94}]"
Cape Verde,Morocco,Neutral,0.726,1.944,11.7,21.5,66.8,12.5,2.5,2.9,66.5,7.4,8.2,17.9,82.1,"[{""score"": ""0 - 1"", ""pct"": 14.48}, {""score"": ""0 - 2"", ""pct"": 13.19}, {""score"": ""1 - 1"", ""pct"": 10.0}]"
Cape Verde,Haiti,Neutral,0.99,1.443,24.6,27.6,47.7,24.6,4.8,6.3,47.3,7.5,9.4,35.7,64.3,"[{""score"": ""0 - 1"", ""pct"": 13.08}, {""score"": ""1 - 1"", ""pct"": 12.55}, {""score"": ""0 - 0"", ""pct"": 9.36}]"
Cape Verde,South Korea,Neutral,0.832,1.801,15.8,23.1,61.2,16.3,3.1,3.9,60.6,7.4,8.7,23.3,76.7,"[{""score"": ""0 - 1"", ""pct"": 13.13}, {""score"": ""0 - 2"", ""pct"": 11.25}, {""score"": ""1 - 1"", ""pct"": 10.76}]"
Cape Verde,Curaçao,Neutral,1.364,1.136,41.6,28.7,29.8,41.0,6.5,9.3,30.6,5.1,7.5,56.7,43.3,"[{""score"": ""1 - 1"", ""pct"": 12.520000000000001}, {""score"": ""1 - 0"", ""pct"": 11.23}, {""score"": ""0 - 0"", ""pct"": 9.569999999999999}]"
Cape Verde,Paraguay,Neutral,0.818,1.749,16.0,24.1,60.0,16.2,3.5,4.4,59.4,7.4,9.0,24.1,75.9,"[{""score"": ""0 - 1"", ""pct"": 14.469999999999999}, {""score"": ""0 - 2"", ""pct"": 11.62}, {""score"": ""1 - 1"", ""pct"": 10.57}]"
Cape Verde,Iran,Neutral,0.779,1.806,14.6,22.5,62.9,14.9,2.6,3.9,62.1,7.4,9.1,21.4,78.6,"[{""score"": ""0 - 1"", ""pct"": 14.44}, {""score"": ""0 - 2"", ""pct"": 12.770000000000001}, {""score"": ""1 - 1"", ""pct"": 9.969999999999999}]"
Panama,Jordan,Neutral,1.431,1.235,41.0,26.4,32.6,41.4,6.5,8.2,31.1,5.5,7.2,56.2,43.9,"[{""score"": ""1 - 1"", ""pct"": 12.07}, {""score"": ""1 - 0"", ""pct"": 10.67}, {""score"": ""0 - 1"", ""pct"": 9.17}]"
Panama,Australia,Neutral,1.119,1.513,27.3,27.0,45.7,28.0,4.8,6.1,46.1,6.7,8.4,38.9,61.1,"[{""score"": ""1 - 1"", ""pct"": 12.01}, {""score"": ""0 - 1"", ""pct"": 10.79}, {""score"": ""1 - 2"", ""pct"": 9.32}]"
Panama,Germany,Neutral,1.092,1.624,24.3,25.2,50.5,24.5,4.3,5.5,50.1,7.0,8.6,34.3,65.7,"[{""score"": ""1 - 1"", ""pct"": 11.3}, {""score"": ""0 - 1"", ""pct"": 11.110000000000001}, {""score"": ""1 - 2"", ""pct"": 10.040000000000001}]"
Panama,Canada,Neutral,1.131,1.351,30.4,28.5,41.1,30.1,5.5,7.2,41.6,6.8,8.8,42.7,57.3,"[{""score"": ""1 - 1"", ""pct"": 13.3}, {""score"": ""0 - 1"", ""pct"": 10.91}, {""score"": ""1 - 0"", ""pct"": 9.35}]"
Panama,Czech Republic,Neutral,1.558,1.106,47.6,26.1,26.3,47.7,7.3,8.6,25.8,4.6,6.0,63.5,36.5,"[{""score"": ""1 - 1"", ""pct"": 12.04}, {""score"": ""1 - 0"", ""pct"": 11.24}, {""score"": ""2 - 1"", ""pct"": 9.16}]"
Panama,Saudi Arabia,Neutral,1.643,1.046,50.5,26.1,23.4,51.7,7.2,8.2,23.2,4.2,5.5,67.1,32.9,"[{""score"": ""1 - 0"", ""pct"": 11.53}, {""score"": ""1 - 1"", ""pct"": 11.32}, {""score"": ""2 - 1"", ""pct"": 9.33}]"
Panama,Mexico,Neutral,1.046,1.531,24.6,27.1,48.4,25.8,4.9,6.1,47.5,7.0,8.7,36.8,63.2,"[{""score"": ""1 - 1"", ""pct"": 12.24}, {""score"": ""0 - 1"", ""pct"": 12.16}, {""score"": ""1 - 2"", ""pct"": 9.47}]"
Panama,Argentina,Neutral,0.781,1.938,13.6,21.6,64.9,13.4,2.7,3.5,64.5,7.2,8.7,19.6,80.4,"[{""score"": ""0 - 1"", ""pct"": 13.54}, {""score"": ""0 - 2"", ""pct"": 11.88}, {""score"": ""1 - 2"", ""pct"": 9.719999999999999}]"
Panama,New Zealand,Neutral,1.66,1.104,50.8,25.4,23.7,50.4,7.4,8.2,24.1,4.7,5.2,66.0,34.0,"[{""score"": ""1 - 1"", ""pct"": 11.57}, {""score"": ""1 - 0"", ""pct"": 10.620000000000001}, {""score"": ""2 - 1"", ""pct"": 9.21}]"
Panama,Senegal,Neutral,1.18,1.423,30.3,27.0,42.7,30.2,5.5,6.7,42.6,6.7,8.4,42.4,57.6,"[{""score"": ""1 - 1"", ""pct"": 12.379999999999999}, {""score"": ""0 - 1"", ""pct"": 10.81}, {""score"": ""1 - 2"", ""pct"": 8.870000000000001}]"
Panama,Sweden,Neutral,1.75,1.128,52.2,24.5,23.4,51.6,7.2,7.7,23.8,4.3,5.5,66.4,33.6,"[{""score"": ""1 - 1"", ""pct"": 11.58}, {""score"": ""1 - 0"", ""pct"": 10.27}, {""score"": ""2 - 1"", ""pct"": 10.22}]"
Panama,Netherlands,Neutral,1.081,1.605,24.9,26.0,49.1,24.6,4.1,5.9,49.9,7.1,8.5,34.5,65.5,"[{""score"": ""1 - 1"", ""pct"": 11.75}, {""score"": ""0 - 1"", ""pct"": 10.94}, {""score"": ""1 - 2"", ""pct"": 9.39}]"
Panama,Tunisia,Neutral,1.478,1.08,45.7,27.0,27.3,45.7,7.0,8.9,26.8,5.1,6.6,61.6,38.4,"[{""score"": ""1 - 1"", ""pct"": 12.6}, {""score"": ""1 - 0"", ""pct"": 11.21}, {""score"": ""2 - 1"", ""pct"": 9.33}]"
Panama,Scotland,Neutral,1.363,1.195,40.2,27.4,32.5,40.2,6.5,8.7,31.9,5.5,7.3,55.4,44.6,"[{""score"": ""1 - 1"", ""pct"": 12.5}, {""score"": ""1 - 0"", ""pct"": 10.22}, {""score"": ""0 - 1"", ""pct"": 9.4}]"
Panama,Colombia,Neutral,1.086,1.761,22.0,24.1,53.9,22.6,4.7,5.4,52.0,7.3,8.0,32.6,67.3,"[{""score"": ""1 - 1"", ""pct"": 10.92}, {""score"": ""0 - 1"", ""pct"": 10.72}, {""score"": ""1 - 2"", ""pct"": 10.27}]"
Panama,Japan,Neutral,1.041,1.685,22.1,25.5,52.4,22.4,3.9,4.9,52.8,7.3,8.6,31.3,68.7,"[{""score"": ""0 - 1"", ""pct"": 11.28}, {""score"": ""1 - 1"", ""pct"": 11.15}, {""score"": ""1 - 2"", ""pct"": 9.94}]"
Panama,France,Neutral,1.004,1.853,19.1,23.2,57.7,19.3,3.7,4.2,57.4,7.2,8.2,27.2,72.8,"[{""score"": ""0 - 1"", ""pct"": 11.39}, {""score"": ""1 - 1"", ""pct"": 10.47}, {""score"": ""0 - 2"", ""pct"": 9.790000000000001}]"
Panama,Uzbekistan,Neutral,1.259,1.263,36.0,28.2,35.8,36.2,6.2,8.2,36.2,5.6,7.6,50.6,49.4,"[{""score"": ""1 - 1"", ""pct"": 13.11}, {""score"": ""0 - 1"", ""pct"": 10.26}, {""score"": ""1 - 0"", ""pct"": 10.15}]"
Panama,Ecuador,Neutral,1.064,1.614,24.6,25.9,49.5,24.2,4.5,5.6,50.0,7.5,8.2,34.3,65.7,"[{""score"": ""1 - 1"", ""pct"": 11.799999999999999}, {""score"": ""0 - 1"", ""pct"": 11.3}, {""score"": ""1 - 2"", ""pct"": 9.9}]"
Panama,Qatar,Neutral,2.074,0.704,69.4,20.1,10.5,70.2,7.0,8.3,9.6,2.3,2.5,85.5,14.5,"[{""score"": ""1 - 0"", ""pct"": 13.669999999999998}, {""score"": ""2 - 0"", ""pct"": 13.239999999999998}, {""score"": ""2 - 1"", ""pct"": 9.21}]"
Panama,Ivory Coast,Neutral,1.293,1.191,38.7,29.0,32.3,38.3,6.1,8.7,33.5,5.5,8.0,53.1,46.9,"[{""score"": ""1 - 1"", ""pct"": 13.170000000000002}, {""score"": ""1 - 0"", ""pct"": 11.29}, {""score"": ""0 - 1"", ""pct"": 9.89}]"
Panama,England,Neutral,0.962,1.739,19.5,24.6,55.8,19.9,3.7,4.8,55.1,7.6,8.9,28.4,71.6,"[{""score"": ""0 - 1"", ""pct"": 11.63}, {""score"": ""1 - 1"", ""pct"": 10.96}, {""score"": ""0 - 2"", ""pct"": 10.34}]"
Panama,Cape Verde,Neutral,1.726,0.962,55.7,24.9,19.4,55.6,7.6,8.5,20.4,3.5,4.4,71.7,28.3,"[{""score"": ""1 - 0"", ""pct"": 11.81}, {""score"": ""1 - 1"", ""pct"": 11.64}, {""score"": ""2 - 1"", ""pct"": 10.17}]"
Panama,Austria,Neutral,1.264,1.249,35.4,28.6,36.0,36.4,5.9,8.5,35.6,5.9,7.6,50.8,49.2,"[{""score"": ""1 - 1"", ""pct"": 13.03}, {""score"": ""0 - 1"", ""pct"": 10.13}, {""score"": ""1 - 0"", ""pct"": 9.83}]"
Panama,Belgium,Neutral,1.162,1.423,30.0,27.0,42.9,30.7,5.2,6.9,42.4,6.5,8.4,42.8,57.2,"[{""score"": ""1 - 1"", ""pct"": 12.02}, {""score"": ""0 - 1"", ""pct"": 11.34}, {""score"": ""1 - 0"", ""pct"": 9.120000000000001}]"
Panama,Egypt,Neutral,1.368,1.095,43.1,28.3,28.5,43.2,7.1,8.3,28.9,5.2,7.4,58.5,41.5,"[{""score"": ""1 - 1"", ""pct"": 12.98}, {""score"": ""1 - 0"", ""pct"": 11.959999999999999}, {""score"": ""0 - 0"", ""pct"": 9.47}]"
Panama,Iraq,Neutral,1.444,1.028,45.7,27.2,27.1,46.6,6.6,9.0,26.7,4.5,6.8,62.1,37.9,"[{""score"": ""1 - 1"", ""pct"": 12.770000000000001}, {""score"": ""1 - 0"", ""pct"": 12.36}, {""score"": ""2 - 1"", ""pct"": 8.89}]"
Panama,Switzerland,Neutral,1.187,1.426,30.8,26.9,42.4,30.6,5.1,6.6,42.6,6.6,8.5,42.3,57.8,"[{""score"": ""1 - 1"", ""pct"": 11.99}, {""score"": ""0 - 1"", ""pct"": 10.97}, {""score"": ""1 - 2"", ""pct"": 9.21}]"
Panama,Brazil,Neutral,1.09,1.908,20.3,23.6,56.1,20.3,3.6,3.9,57.2,7.3,7.7,27.8,72.2,"[{""score"": ""1 - 1"", ""pct"": 10.91}, {""score"": ""0 - 1"", ""pct"": 10.02}, {""score"": ""1 - 2"", ""pct"": 9.700000000000001}]"
Panama,United States,Neutral,1.377,1.238,39.2,28.0,32.8,39.7,6.8,8.1,32.6,5.8,6.9,54.7,45.3,"[{""score"": ""1 - 1"", ""pct"": 12.45}, {""score"": ""1 - 0"", ""pct"": 9.94}, {""score"": ""2 - 1"", ""pct"": 8.649999999999999}]"
Panama,Ghana,Neutral,1.784,0.872,60.1,23.9,16.1,59.1,7.2,8.6,17.2,3.2,4.7,74.9,25.1,"[{""score"": ""1 - 0"", ""pct"": 13.48}, {""score"": ""2 - 0"", ""pct"": 11.31}, {""score"": ""1 - 1"", ""pct"": 11.05}]"
Panama,Uruguay,Neutral,1.089,1.521,26.3,26.7,47.1,25.6,4.7,6.4,46.7,7.9,8.7,36.7,63.3,"[{""score"": ""1 - 1"", ""pct"": 12.139999999999999}, {""score"": ""0 - 1"", ""pct"": 11.49}, {""score"": ""1 - 2"", ""pct"": 8.790000000000001}]"
Panama,Portugal,Neutral,1.091,1.703,23.4,25.3,51.3,23.2,4.3,5.2,52.0,7.2,8.0,32.7,67.3,"[{""score"": ""1 - 1"", ""pct"": 11.04}, {""score"": ""0 - 1"", ""pct"": 10.979999999999999}, {""score"": ""1 - 2"", ""pct"": 9.28}]"
Panama,Algeria,Neutral,1.131,1.389,30.1,28.9,41.0,29.8,5.3,7.1,42.6,7.1,8.2,42.2,57.8,"[{""score"": ""1 - 1"", ""pct"": 13.059999999999999}, {""score"": ""0 - 1"", ""pct"": 11.110000000000001}, {""score"": ""1 - 0"", ""pct"": 9.21}]"
Panama,Spain,Neutral,0.845,1.953,14.8,21.4,63.8,14.5,2.8,3.3,63.6,7.2,8.5,20.6,79.4,"[{""score"": ""0 - 1"", ""pct"": 12.23}, {""score"": ""0 - 2"", ""pct"": 11.68}, {""score"": ""1 - 1"", ""pct"": 10.02}]"
Panama,Bosnia and Herzegovina,Neutral,1.844,0.794,61.6,23.8,14.6,62.2,7.8,9.0,14.1,3.0,3.9,79.0,21.0,"[{""score"": ""1 - 0"", ""pct"": 13.139999999999999}, {""score"": ""2 - 0"", ""pct"": 12.540000000000001}, {""score"": ""2 - 1"", ""pct"": 10.190000000000001}]"
Panama,South Africa,Neutral,1.67,0.965,54.4,25.0,20.6,53.9,7.3,9.1,20.3,3.9,5.4,70.4,29.6,"[{""score"": ""1 - 0"", ""pct"": 13.05}, {""score"": ""1 - 1"", ""pct"": 11.459999999999999}, {""score"": ""2 - 1"", ""pct"": 9.94}]"
Panama,DR Congo,Neutral,1.402,0.977,46.9,28.4,24.7,46.3,7.2,10.1,24.9,4.7,6.8,63.6,36.4,"[{""score"": ""1 - 0"", ""pct"": 13.600000000000001}, {""score"": ""1 - 1"", ""pct"": 12.94}, {""score"": ""0 - 0"", ""pct"": 10.03}]"
Panama,Croatia,Neutral,1.151,1.541,26.7,26.2,47.1,28.0,4.7,5.9,45.9,7.3,8.3,38.6,61.4,"[{""score"": ""1 - 1"", ""pct"": 11.58}, {""score"": ""0 - 1"", ""pct"": 11.24}, {""score"": ""1 - 2"", ""pct"": 9.56}]"
Panama,Norway,Neutral,1.142,1.426,29.3,27.8,42.9,29.4,5.2,6.7,42.9,6.7,9.2,41.3,58.7,"[{""score"": ""1 - 1"", ""pct"": 12.43}, {""score"": ""0 - 1"", ""pct"": 11.26}, {""score"": ""1 - 2"", ""pct"": 9.030000000000001}]"
Panama,Turkey,Neutral,1.151,1.413,29.9,27.3,42.8,30.0,5.3,7.2,42.5,6.6,8.3,42.6,57.5,"[{""score"": ""1 - 1"", ""pct"": 12.01}, {""score"": ""0 - 1"", ""pct"": 11.18}, {""score"": ""1 - 0"", ""pct"": 8.91}]"
Panama,Morocco,Neutral,1.058,1.631,23.5,25.9,50.6,24.1,4.5,5.3,50.3,7.2,8.5,34.0,66.0,"[{""score"": ""0 - 1"", ""pct"": 12.18}, {""score"": ""1 - 1"", ""pct"": 11.66}, {""score"": ""1 - 2"", ""pct"": 9.229999999999999}]"
Panama,Haiti,Neutral,1.511,1.101,46.4,26.9,26.7,46.5,7.2,8.9,25.9,5.1,6.2,62.7,37.3,"[{""score"": ""1 - 1"", ""pct"": 12.32}, {""score"": ""1 - 0"", ""pct"": 11.57}, {""score"": ""2 - 1"", ""pct"": 9.32}]"
Panama,South Korea,Neutral,1.207,1.41,31.7,26.8,41.5,32.2,5.4,7.6,40.3,6.3,8.2,45.2,54.8,"[{""score"": ""1 - 1"", ""pct"": 12.06}, {""score"": ""0 - 1"", ""pct"": 10.549999999999999}, {""score"": ""1 - 0"", ""pct"": 9.21}]"
Panama,Curaçao,Neutral,1.906,0.911,60.4,23.0,16.6,61.6,7.5,7.7,16.2,3.2,3.8,76.8,23.2,"[{""score"": ""1 - 0"", ""pct"": 11.91}, {""score"": ""2 - 0"", ""pct"": 10.89}, {""score"": ""1 - 1"", ""pct"": 10.620000000000001}]"
Panama,Paraguay,Neutral,1.205,1.385,31.2,28.4,40.4,32.0,5.6,7.4,40.2,6.5,8.2,45.1,54.9,"[{""score"": ""1 - 1"", ""pct"": 12.73}, {""score"": ""0 - 1"", ""pct"": 10.67}, {""score"": ""1 - 0"", ""pct"": 8.64}]"
Panama,Iran,Neutral,1.13,1.419,29.2,27.8,43.0,28.3,5.1,7.3,43.3,7.1,8.9,40.8,59.2,"[{""score"": ""1 - 1"", ""pct"": 12.509999999999998}, {""score"": ""0 - 1"", ""pct"": 10.67}, {""score"": ""1 - 2"", ""pct"": 8.9}]"
Austria,Jordan,Neutral,1.396,1.171,41.7,27.4,30.9,41.0,6.5,8.9,30.8,5.8,7.0,56.4,43.6,"[{""score"": ""1 - 1"", ""pct"": 12.41}, {""score"": ""1 - 0"", ""pct"": 11.03}, {""score"": ""0 - 1"", ""pct"": 9.11}]"
Austria,Australia,Neutral,1.048,1.374,28.5,27.8,43.6,27.8,5.1,6.9,44.1,6.9,9.2,39.8,60.2,"[{""score"": ""1 - 1"", ""pct"": 12.879999999999999}, {""score"": ""0 - 1"", ""pct"": 12.43}, {""score"": ""1 - 0"", ""pct"": 9.62}]"
Austria,Germany,Neutral,1.049,1.458,26.5,28.1,45.5,25.6,5.0,6.8,46.6,7.0,9.0,37.4,62.6,"[{""score"": ""1 - 1"", ""pct"": 13.170000000000002}, {""score"": ""0 - 1"", ""pct"": 12.0}, {""score"": ""0 - 0"", ""pct"": 8.89}]"
Austria,Canada,Neutral,1.033,1.295,29.6,29.2,41.2,28.7,5.1,7.8,41.4,7.2,9.8,41.6,58.4,"[{""score"": ""1 - 1"", ""pct"": 13.059999999999999}, {""score"": ""0 - 1"", ""pct"": 12.55}, {""score"": ""0 - 0"", ""pct"": 10.85}]"
Austria,Czech Republic,Neutral,1.523,1.007,48.6,27.1,24.3,48.2,7.5,9.3,24.3,4.5,6.2,65.0,35.0,"[{""score"": ""1 - 1"", ""pct"": 12.22}, {""score"": ""1 - 0"", ""pct"": 12.18}, {""score"": ""2 - 1"", ""pct"": 9.24}]"
Austria,Saudi Arabia,Neutral,1.542,0.943,50.7,27.3,22.0,51.4,7.5,9.1,22.0,4.1,5.9,68.0,32.0,"[{""score"": ""1 - 0"", ""pct"": 13.639999999999999}, {""score"": ""1 - 1"", ""pct"": 11.75}, {""score"": ""0 - 0"", ""pct"": 10.040000000000001}]"
Austria,Mexico,Neutral,1.003,1.424,25.6,28.2,46.1,25.4,4.6,6.6,47.0,7.0,9.4,36.6,63.4,"[{""score"": ""0 - 1"", ""pct"": 12.879999999999999}, {""score"": ""1 - 1"", ""pct"": 12.25}, {""score"": ""0 - 0"", ""pct"": 10.0}]"
Austria,Argentina,Neutral,0.761,1.698,15.4,24.9,59.7,15.2,3.1,4.2,60.4,7.8,9.2,22.5,77.5,"[{""score"": ""0 - 1"", ""pct"": 14.59}, {""score"": ""0 - 2"", ""pct"": 12.15}, {""score"": ""1 - 1"", ""pct"": 10.870000000000001}]"
Austria,New Zealand,Neutral,1.573,0.978,50.4,26.3,23.3,50.4,7.4,9.3,23.0,4.1,5.7,67.1,32.9,"[{""score"": ""1 - 0"", ""pct"": 12.7}, {""score"": ""1 - 1"", ""pct"": 11.57}, {""score"": ""2 - 0"", ""pct"": 9.4}]"
Austria,Senegal,Neutral,1.093,1.403,28.3,27.7,44.0,28.3,5.0,6.8,44.5,6.7,8.8,40.0,60.0,"[{""score"": ""1 - 1"", ""pct"": 12.4}, {""score"": ""0 - 1"", ""pct"": 11.68}, {""score"": ""0 - 0"", ""pct"": 9.31}]"
Austria,Sweden,Neutral,1.608,1.024,50.9,26.0,23.1,51.4,7.3,8.8,22.3,4.6,5.6,67.5,32.5,"[{""score"": ""1 - 0"", ""pct"": 12.04}, {""score"": ""1 - 1"", ""pct"": 11.72}, {""score"": ""2 - 1"", ""pct"": 9.39}]"
Austria,Netherlands,Neutral,1.038,1.483,26.0,27.5,46.5,25.4,5.0,6.5,47.0,7.0,9.2,36.8,63.2,"[{""score"": ""1 - 1"", ""pct"": 12.02}, {""score"": ""0 - 1"", ""pct"": 11.73}, {""score"": ""1 - 2"", ""pct"": 9.44}]"
Austria,Tunisia,Neutral,1.437,0.993,47.6,27.1,25.3,46.3,6.8,9.8,25.9,4.8,6.5,62.9,37.1,"[{""score"": ""1 - 0"", ""pct"": 12.959999999999999}, {""score"": ""1 - 1"", ""pct"": 12.01}, {""score"": ""2 - 1"", ""pct"": 9.64}]"
Austria,Scotland,Neutral,1.346,1.134,41.3,28.0,30.7,41.1,6.5,9.2,30.9,5.0,7.3,56.8,43.2,"[{""score"": ""1 - 1"", ""pct"": 12.76}, {""score"": ""1 - 0"", ""pct"": 11.129999999999999}, {""score"": ""0 - 1"", ""pct"": 9.28}]"
Austria,Colombia,Neutral,0.973,1.6,21.5,27.0,51.5,21.7,4.1,5.3,52.5,7.6,8.8,31.1,68.9,"[{""score"": ""0 - 1"", ""pct"": 12.659999999999998}, {""score"": ""1 - 1"", ""pct"": 12.22}, {""score"": ""0 - 2"", ""pct"": 9.49}]"
Austria,Japan,Neutral,0.99,1.57,22.9,27.0,50.1,23.1,4.1,5.5,50.9,7.5,8.9,32.6,67.4,"[{""score"": ""0 - 1"", ""pct"": 12.4}, {""score"": ""1 - 1"", ""pct"": 12.0}, {""score"": ""1 - 2"", ""pct"": 9.19}]"
Austria,France,Neutral,0.857,1.646,18.4,24.8,56.8,18.4,3.2,5.1,56.7,7.4,9.2,26.7,73.3,"[{""score"": ""0 - 1"", ""pct"": 13.74}, {""score"": ""1 - 1"", ""pct"": 11.32}, {""score"": ""0 - 2"", ""pct"": 11.3}]"
Austria,Uzbekistan,Neutral,1.171,1.195,34.6,29.2,36.2,35.2,5.9,8.6,35.3,6.4,8.6,49.7,50.3,"[{""score"": ""1 - 1"", ""pct"": 13.059999999999999}, {""score"": ""0 - 1"", ""pct"": 11.790000000000001}, {""score"": ""1 - 0"", ""pct"": 10.77}]"
Austria,Ecuador,Neutral,1.021,1.478,25.5,26.7,47.8,25.4,4.6,6.3,47.5,7.3,8.9,36.3,63.7,"[{""score"": ""1 - 1"", ""pct"": 12.34}, {""score"": ""0 - 1"", ""pct"": 12.139999999999999}, {""score"": ""1 - 2"", ""pct"": 9.31}]"
Austria,Qatar,Neutral,1.981,0.736,66.2,21.9,11.9,67.0,7.4,8.6,11.7,2.4,2.9,83.0,17.0,"[{""score"": ""1 - 0"", ""pct"": 13.309999999999999}, {""score"": ""2 - 0"", ""pct"": 12.42}, {""score"": ""1 - 1"", ""pct"": 9.84}]"
Austria,Ivory Coast,Neutral,1.258,1.123,39.4,27.9,32.7,38.9,7.0,9.2,31.3,5.4,8.2,55.1,44.9,"[{""score"": ""1 - 1"", ""pct"": 12.49}, {""score"": ""1 - 0"", ""pct"": 11.87}, {""score"": ""0 - 1"", ""pct"": 10.290000000000001}]"
Austria,England,Neutral,0.886,1.606,20.3,25.9,53.8,20.0,3.9,5.4,53.6,7.5,9.6,29.3,70.7,"[{""score"": ""0 - 1"", ""pct"": 13.28}, {""score"": ""1 - 1"", ""pct"": 12.34}, {""score"": ""0 - 2"", ""pct"": 10.56}]"
Austria,Cape Verde,Neutral,1.662,0.946,54.1,25.6,20.2,54.5,7.4,9.4,20.0,3.4,5.3,71.3,28.7,"[{""score"": ""1 - 0"", ""pct"": 12.559999999999999}, {""score"": ""1 - 1"", ""pct"": 11.86}, {""score"": ""2 - 1"", ""pct"": 10.190000000000001}]"
Austria,Panama,Neutral,1.249,1.264,35.3,28.0,36.7,35.6,6.5,8.1,36.1,6.3,7.5,50.1,49.9,"[{""score"": ""1 - 1"", ""pct"": 12.65}, {""score"": ""0 - 1"", ""pct"": 10.489999999999998}, {""score"": ""1 - 0"", ""pct"": 9.54}]"
Austria,Belgium,Neutral,1.07,1.41,27.3,28.0,44.7,27.9,5.2,6.8,43.7,7.0,9.3,40.0,60.0,"[{""score"": ""1 - 1"", ""pct"": 12.959999999999999}, {""score"": ""0 - 1"", ""pct"": 12.33}, {""score"": ""0 - 0"", ""pct"": 9.34}]"
Austria,Egypt,Neutral,1.219,1.035,39.5,29.9,30.6,39.4,6.7,10.1,30.1,5.1,8.5,56.2,43.8,"[{""score"": ""1 - 1"", ""pct"": 13.209999999999999}, {""score"": ""1 - 0"", ""pct"": 12.91}, {""score"": ""0 - 0"", ""pct"": 11.44}]"
Austria,Iraq,Neutral,1.395,0.963,46.5,28.7,24.8,46.0,7.1,9.6,25.9,4.5,6.8,62.8,37.2,"[{""score"": ""1 - 0"", ""pct"": 13.22}, {""score"": ""1 - 1"", ""pct"": 12.24}, {""score"": ""0 - 0"", ""pct"": 10.84}]"
Austria,Switzerland,Neutral,1.084,1.406,27.7,27.4,45.0,27.5,5.5,7.0,43.3,7.3,9.4,39.9,60.1,"[{""score"": ""1 - 1"", ""pct"": 12.42}, {""score"": ""0 - 1"", ""pct"": 11.91}, {""score"": ""1 - 2"", ""pct"": 9.28}]"
Austria,Brazil,Neutral,0.975,1.705,20.7,25.2,54.1,20.3,3.7,4.9,55.1,7.2,8.7,28.9,71.1,"[{""score"": ""0 - 1"", ""pct"": 12.8}, {""score"": ""1 - 1"", ""pct"": 11.48}, {""score"": ""1 - 2"", ""pct"": 9.66}]"
Austria,United States,Neutral,1.301,1.182,37.8,29.3,32.9,38.4,6.3,8.5,32.8,5.9,8.0,53.2,46.8,"[{""score"": ""1 - 1"", ""pct"": 12.86}, {""score"": ""1 - 0"", ""pct"": 10.82}, {""score"": ""0 - 1"", ""pct"": 10.01}]"
Austria,Ghana,Neutral,1.668,0.843,56.1,25.4,18.4,57.2,7.6,9.3,17.8,3.3,4.8,74.1,25.9,"[{""score"": ""1 - 0"", ""pct"": 13.930000000000001}, {""score"": ""1 - 1"", ""pct"": 11.540000000000001}, {""score"": ""2 - 0"", ""pct"": 10.95}]"
Austria,Uruguay,Neutral,1.046,1.363,28.0,28.7,43.3,27.6,5.0,7.1,43.4,7.1,9.7,39.7,60.3,"[{""score"": ""1 - 1"", ""pct"": 12.559999999999999}, {""score"": ""0 - 1"", ""pct"": 12.2}, {""score"": ""0 - 0"", ""pct"": 10.2}]"
Austria,Portugal,Neutral,1.043,1.583,25.1,25.9,48.9,24.4,4.5,5.6,49.7,7.3,8.5,34.5,65.5,"[{""score"": ""1 - 1"", ""pct"": 11.86}, {""score"": ""0 - 1"", ""pct"": 11.559999999999999}, {""score"": ""1 - 2"", ""pct"": 9.28}]"
Austria,Algeria,Neutral,1.034,1.26,28.8,29.9,41.2,29.0,5.2,8.0,41.2,6.9,9.7,42.2,57.8,"[{""score"": ""1 - 1"", ""pct"": 13.43}, {""score"": ""0 - 1"", ""pct"": 13.11}, {""score"": ""0 - 0"", ""pct"": 11.03}]"
Austria,Spain,Neutral,0.819,1.739,16.5,24.1,59.4,16.3,3.0,4.2,59.8,7.5,9.2,23.5,76.5,"[{""score"": ""0 - 1"", ""pct"": 13.73}, {""score"": ""0 - 2"", ""pct"": 11.4}, {""score"": ""1 - 1"", ""pct"": 10.41}]"
Austria,Bosnia and Herzegovina,Neutral,1.837,0.81,62.0,23.1,14.9,62.6,7.2,8.6,15.4,2.6,3.5,78.5,21.5,"[{""score"": ""1 - 0"", ""pct"": 13.4}, {""score"": ""2 - 0"", ""pct"": 12.02}, {""score"": ""1 - 1"", ""pct"": 10.17}]"
Austria,South Africa,Neutral,1.608,0.934,53.3,25.8,20.9,53.4,7.3,9.5,20.7,3.8,5.3,70.2,29.8,"[{""score"": ""1 - 0"", ""pct"": 12.93}, {""score"": ""1 - 1"", ""pct"": 11.700000000000001}, {""score"": ""2 - 0"", ""pct"": 9.56}]"
Austria,DR Congo,Neutral,1.327,0.921,45.4,30.0,24.7,45.7,7.1,10.3,25.0,4.8,7.1,63.1,36.9,"[{""score"": ""1 - 0"", ""pct"": 13.900000000000002}, {""score"": ""1 - 1"", ""pct"": 13.309999999999999}, {""score"": ""0 - 0"", ""pct"": 11.98}]"
Austria,Croatia,Neutral,1.08,1.4,28.2,28.0,43.8,28.9,5.1,6.8,43.4,7.0,8.8,40.8,59.2,"[{""score"": ""1 - 1"", ""pct"": 13.29}, {""score"": ""0 - 1"", ""pct"": 11.85}, {""score"": ""1 - 2"", ""pct"": 9.3}]"
Austria,Norway,Neutral,1.047,1.409,27.6,27.8,44.6,26.7,4.6,6.8,44.9,7.3,9.6,38.1,61.9,"[{""score"": ""0 - 1"", ""pct"": 12.770000000000001}, {""score"": ""1 - 1"", ""pct"": 12.64}, {""score"": ""1 - 0"", ""pct"": 9.47}]"
Austria,Turkey,Neutral,1.032,1.413,26.4,28.2,45.4,26.6,4.4,7.3,45.1,7.1,9.5,38.3,61.7,"[{""score"": ""1 - 1"", ""pct"": 12.479999999999999}, {""score"": ""0 - 1"", ""pct"": 11.99}, {""score"": ""0 - 0"", ""pct"": 9.629999999999999}]"
Austria,Morocco,Neutral,1.01,1.575,23.0,26.3,50.7,23.2,3.9,5.8,50.7,7.4,9.0,33.0,67.0,"[{""score"": ""0 - 1"", ""pct"": 12.1}, {""score"": ""1 - 1"", ""pct"": 11.85}, {""score"": ""1 - 2"", ""pct"": 9.5}]"
Austria,Haiti,Neutral,1.456,0.994,47.1,27.6,25.3,47.2,6.7,9.9,25.1,4.5,6.7,63.8,36.2,"[{""score"": ""1 - 0"", ""pct"": 12.35}, {""score"": ""1 - 1"", ""pct"": 12.06}, {""score"": ""0 - 0"", ""pct"": 9.92}]"
Austria,South Korea,Neutral,1.104,1.396,28.9,28.7,42.4,28.7,5.4,6.8,43.2,7.1,8.8,40.9,59.1,"[{""score"": ""1 - 1"", ""pct"": 13.020000000000001}, {""score"": ""0 - 1"", ""pct"": 11.12}, {""score"": ""0 - 0"", ""pct"": 9.16}]"
Austria,Curaçao,Neutral,1.814,0.87,59.9,23.9,16.2,58.8,7.6,9.3,16.5,3.2,4.6,75.7,24.3,"[{""score"": ""1 - 0"", ""pct"": 12.64}, {""score"": ""2 - 0"", ""pct"": 11.42}, {""score"": ""1 - 1"", ""pct"": 10.979999999999999}]"
Austria,Paraguay,Neutral,1.098,1.336,30.2,28.3,41.5,29.9,5.8,7.0,41.4,6.9,9.0,42.7,57.3,"[{""score"": ""1 - 1"", ""pct"": 12.21}, {""score"": ""0 - 1"", ""pct"": 11.64}, {""score"": ""0 - 0"", ""pct"": 10.11}]"
Austria,Iran,Neutral,1.033,1.405,27.1,27.7,45.2,27.7,4.7,7.2,43.9,7.2,9.2,39.7,60.3,"[{""score"": ""1 - 1"", ""pct"": 12.58}, {""score"": ""0 - 1"", ""pct"": 12.389999999999999}, {""score"": ""0 - 0"", ""pct"": 9.41}]"
Belgium,Jordan,Neutral,1.608,1.063,50.0,25.7,24.2,49.5,7.4,8.6,24.3,4.5,5.7,65.4,34.6,"[{""score"": ""1 - 0"", ""pct"": 11.82}, {""score"": ""1 - 1"", ""pct"": 11.35}, {""score"": ""2 - 1"", ""pct"": 9.28}]"
Belgium,Australia,Neutral,1.21,1.234,34.6,28.5,36.9,34.9,5.9,8.6,36.6,6.1,8.0,49.3,50.7,"[{""score"": ""1 - 1"", ""pct"": 13.01}, {""score"": ""0 - 1"", ""pct"": 10.83}, {""score"": ""1 - 0"", ""pct"": 10.040000000000001}]"
Belgium,Germany,Neutral,1.183,1.348,32.2,28.2,39.5,32.3,5.2,7.3,40.6,6.3,8.3,44.9,55.2,"[{""score"": ""1 - 1"", ""pct"": 12.94}, {""score"": ""0 - 1"", ""pct"": 10.97}, {""score"": ""1 - 0"", ""pct"": 9.46}]"
Belgium,Canada,Neutral,1.212,1.138,37.3,29.4,33.3,37.5,6.3,8.9,33.2,5.9,8.2,52.8,47.2,"[{""score"": ""1 - 1"", ""pct"": 13.48}, {""score"": ""1 - 0"", ""pct"": 12.04}, {""score"": ""0 - 0"", ""pct"": 10.5}]"
Belgium,Czech Republic,Neutral,1.698,1.022,53.0,25.2,21.8,52.9,7.7,8.3,21.2,4.2,5.6,69.0,31.0,"[{""score"": ""1 - 1"", ""pct"": 11.81}, {""score"": ""1 - 0"", ""pct"": 11.52}, {""score"": ""2 - 1"", ""pct"": 9.58}]"
Belgium,Saudi Arabia,Neutral,1.695,0.905,56.7,24.9,18.4,56.4,7.2,9.0,18.9,3.6,5.0,72.6,27.4,"[{""score"": ""1 - 0"", ""pct"": 13.569999999999999}, {""score"": ""1 - 1"", ""pct"": 11.18}, {""score"": ""2 - 0"", ""pct"": 10.059999999999999}]"
Belgium,Mexico,Neutral,1.103,1.248,31.1,29.7,39.3,32.5,5.4,8.1,38.6,6.5,8.9,46.0,54.0,"[{""score"": ""1 - 1"", ""pct"": 13.56}, {""score"": ""0 - 1"", ""pct"": 11.67}, {""score"": ""0 - 0"", ""pct"": 10.48}]"
Belgium,Argentina,Neutral,0.838,1.712,16.2,24.6,59.2,16.6,3.2,4.8,58.3,7.9,9.3,24.6,75.4,"[{""score"": ""0 - 1"", ""pct"": 14.680000000000001}, {""score"": ""1 - 1"", ""pct"": 11.34}, {""score"": ""0 - 2"", ""pct"": 11.3}]"
Belgium,New Zealand,Neutral,1.744,0.948,55.9,24.4,19.7,56.0,7.5,8.6,19.9,3.6,4.5,72.0,27.9,"[{""score"": ""1 - 0"", ""pct"": 12.09}, {""score"": ""1 - 1"", ""pct"": 11.03}, {""score"": ""2 - 0"", ""pct"": 9.93}]"
Belgium,Senegal,Neutral,1.266,1.244,36.7,28.0,35.4,36.6,5.7,8.0,36.2,5.8,7.6,50.4,49.6,"[{""score"": ""1 - 1"", ""pct"": 12.790000000000001}, {""score"": ""0 - 1"", ""pct"": 10.48}, {""score"": ""1 - 0"", ""pct"": 10.24}]"
Belgium,Sweden,Neutral,1.799,0.97,57.4,23.2,19.4,56.1,7.4,8.4,19.6,3.9,4.6,71.8,28.1,"[{""score"": ""1 - 0"", ""pct"": 11.07}, {""score"": ""1 - 1"", ""pct"": 10.73}, {""score"": ""2 - 0"", ""pct"": 10.24}]"
Belgium,Netherlands,Neutral,1.146,1.298,31.6,28.7,39.8,30.9,5.5,8.0,40.0,6.2,9.4,44.4,55.6,"[{""score"": ""1 - 1"", ""pct"": 12.91}, {""score"": ""0 - 1"", ""pct"": 11.81}, {""score"": ""1 - 0"", ""pct"": 9.719999999999999}]"
Belgium,Tunisia,Neutral,1.596,0.98,52.2,26.0,21.8,52.1,7.0,9.2,22.2,3.9,5.6,68.3,31.7,"[{""score"": ""1 - 0"", ""pct"": 12.379999999999999}, {""score"": ""1 - 1"", ""pct"": 11.75}, {""score"": ""2 - 1"", ""pct"": 9.700000000000001}]"
Belgium,Scotland,Neutral,1.555,1.036,49.1,26.7,24.2,49.6,7.0,8.7,24.2,4.3,6.1,65.4,34.6,"[{""score"": ""1 - 1"", ""pct"": 11.93}, {""score"": ""1 - 0"", ""pct"": 11.37}, {""score"": ""2 - 1"", ""pct"": 9.81}]"
Belgium,Colombia,Neutral,1.105,1.499,27.2,26.7,46.2,27.6,5.0,6.1,45.3,6.8,9.2,38.7,61.3,"[{""score"": ""1 - 1"", ""pct"": 12.55}, {""score"": ""0 - 1"", ""pct"": 11.51}, {""score"": ""1 - 2"", ""pct"": 8.97}]"
Belgium,Japan,Neutral,1.041,1.463,25.6,28.2,46.2,25.8,4.9,6.7,46.8,7.0,8.8,37.4,62.6,"[{""score"": ""1 - 1"", ""pct"": 12.91}, {""score"": ""0 - 1"", ""pct"": 12.43}, {""score"": ""0 - 0"", ""pct"": 9.11}]"
Belgium,France,Neutral,1.113,1.634,25.8,25.1,49.0,24.8,4.5,5.6,49.4,7.0,8.7,34.9,65.1,"[{""score"": ""1 - 1"", ""pct"": 11.459999999999999}, {""score"": ""0 - 1"", ""pct"": 10.68}, {""score"": ""1 - 2"", ""pct"": 9.28}]"
Belgium,Uzbekistan,Neutral,1.305,1.068,41.4,28.7,29.9,40.6,7.3,9.5,29.7,5.5,7.4,57.4,42.6,"[{""score"": ""1 - 1"", ""pct"": 12.97}, {""score"": ""1 - 0"", ""pct"": 12.29}, {""score"": ""0 - 0"", ""pct"": 9.950000000000001}]"
Belgium,Ecuador,Neutral,1.065,1.39,28.1,28.0,43.9,28.3,5.2,6.7,43.7,7.0,9.1,40.2,59.8,"[{""score"": ""1 - 1"", ""pct"": 12.46}, {""score"": ""0 - 1"", ""pct"": 12.41}, {""score"": ""0 - 0"", ""pct"": 9.53}]"
Belgium,Qatar,Neutral,2.164,0.693,71.1,18.6,10.3,72.1,7.0,7.1,9.8,1.8,2.2,86.1,13.9,"[{""score"": ""2 - 0"", ""pct"": 13.69}, {""score"": ""1 - 0"", ""pct"": 12.83}, {""score"": ""3 - 0"", ""pct"": 9.44}]"
Belgium,Ivory Coast,Neutral,1.447,1.025,46.7,26.8,26.5,46.4,7.1,9.7,25.9,4.5,6.5,63.2,36.8,"[{""score"": ""1 - 0"", ""pct"": 12.67}, {""score"": ""1 - 1"", ""pct"": 12.18}, {""score"": ""0 - 1"", ""pct"": 9.3}]"
Belgium,England,Neutral,1.012,1.544,23.8,26.4,49.8,23.9,4.5,6.4,48.8,7.0,9.4,34.8,65.2,"[{""score"": ""0 - 1"", ""pct"": 12.73}, {""score"": ""1 - 1"", ""pct"": 11.93}, {""score"": ""1 - 2"", ""pct"": 9.16}]"
Belgium,Cape Verde,Neutral,1.794,0.802,61.2,23.9,14.8,61.7,7.2,9.0,15.2,2.9,4.0,77.9,22.1,"[{""score"": ""1 - 0"", ""pct"": 13.76}, {""score"": ""2 - 0"", ""pct"": 11.89}, {""score"": ""1 - 1"", ""pct"": 10.63}]"
Belgium,Panama,Neutral,1.423,1.162,42.8,27.1,30.1,43.6,6.4,8.3,29.5,5.3,6.9,58.3,41.7,"[{""score"": ""1 - 1"", ""pct"": 12.25}, {""score"": ""1 - 0"", ""pct"": 10.56}, {""score"": ""2 - 1"", ""pct"": 8.690000000000001}]"
Belgium,Austria,Neutral,1.41,1.07,44.8,28.0,27.2,44.0,7.1,9.1,27.7,5.2,6.8,60.3,39.7,"[{""score"": ""1 - 1"", ""pct"": 13.05}, {""score"": ""1 - 0"", ""pct"": 12.91}, {""score"": ""0 - 0"", ""pct"": 9.21}]"
Belgium,Egypt,Neutral,1.401,0.975,47.2,28.7,24.1,46.6,7.2,10.1,24.6,4.3,7.2,63.9,36.1,"[{""score"": ""1 - 0"", ""pct"": 13.52}, {""score"": ""1 - 1"", ""pct"": 12.839999999999998}, {""score"": ""0 - 0"", ""pct"": 10.549999999999999}]"
Belgium,Iraq,Neutral,1.552,0.967,51.1,26.5,22.4,50.8,7.3,8.9,23.3,4.0,5.6,67.0,33.0,"[{""score"": ""1 - 0"", ""pct"": 13.44}, {""score"": ""1 - 1"", ""pct"": 11.91}, {""score"": ""2 - 0"", ""pct"": 9.39}]"
Belgium,Switzerland,Neutral,1.309,1.226,37.9,28.6,33.5,38.8,6.6,8.1,33.1,5.9,7.5,53.5,46.5,"[{""score"": ""1 - 1"", ""pct"": 12.889999999999999}, {""score"": ""1 - 0"", ""pct"": 10.34}, {""score"": ""0 - 0"", ""pct"": 9.22}]"
Belgium,Brazil,Neutral,1.11,1.52,26.9,26.1,47.0,26.4,4.8,6.4,47.0,6.7,8.7,37.6,62.4,"[{""score"": ""1 - 1"", ""pct"": 11.790000000000001}, {""score"": ""0 - 1"", ""pct"": 11.5}, {""score"": ""1 - 2"", ""pct"": 9.33}]"
Belgium,United States,Neutral,1.56,1.053,49.4,25.9,24.7,49.2,7.2,8.6,25.0,4.2,5.7,65.0,35.0,"[{""score"": ""1 - 0"", ""pct"": 12.19}, {""score"": ""1 - 1"", ""pct"": 11.93}, {""score"": ""2 - 1"", ""pct"": 9.56}]"
Belgium,Ghana,Neutral,1.829,0.702,65.0,22.4,12.6,64.3,8.1,9.0,12.6,2.4,3.5,81.4,18.6,"[{""score"": ""1 - 0"", ""pct"": 15.229999999999999}, {""score"": ""2 - 0"", ""pct"": 13.270000000000001}, {""score"": ""1 - 1"", ""pct"": 9.950000000000001}]"
Belgium,Uruguay,Neutral,1.186,1.262,34.3,28.5,37.2,34.3,5.7,8.1,36.7,6.5,8.8,48.0,52.0,"[{""score"": ""1 - 1"", ""pct"": 13.23}, {""score"": ""0 - 1"", ""pct"": 10.93}, {""score"": ""1 - 0"", ""pct"": 10.61}]"
Belgium,Portugal,Neutral,1.108,1.496,27.2,26.5,46.3,26.2,4.7,7.1,45.7,7.1,9.1,38.1,61.9,"[{""score"": ""1 - 1"", ""pct"": 11.899999999999999}, {""score"": ""0 - 1"", ""pct"": 11.709999999999999}, {""score"": ""1 - 2"", ""pct"": 9.04}]"
Belgium,Algeria,Neutral,1.207,1.173,36.3,28.7,35.0,36.4,6.1,8.5,34.4,5.9,8.6,51.0,49.0,"[{""score"": ""1 - 1"", ""pct"": 12.920000000000002}, {""score"": ""1 - 0"", ""pct"": 11.360000000000001}, {""score"": ""0 - 1"", ""pct"": 10.61}]"
Belgium,Spain,Neutral,0.897,1.724,17.9,24.7,57.3,18.3,3.5,4.5,57.0,7.7,9.1,26.2,73.8,"[{""score"": ""0 - 1"", ""pct"": 13.270000000000001}, {""score"": ""1 - 1"", ""pct"": 11.14}, {""score"": ""0 - 2"", ""pct"": 10.31}]"
Belgium,Bosnia and Herzegovina,Neutral,1.967,0.703,67.6,21.0,11.3,67.7,7.7,8.2,11.2,2.3,2.9,83.7,16.3,"[{""score"": ""1 - 0"", ""pct"": 13.900000000000002}, {""score"": ""2 - 0"", ""pct"": 13.56}, {""score"": ""1 - 1"", ""pct"": 9.47}]"
Belgium,South Africa,Neutral,1.745,0.774,60.5,24.4,15.2,61.1,7.9,9.6,14.6,2.9,3.8,78.7,21.4,"[{""score"": ""1 - 0"", ""pct"": 14.549999999999999}, {""score"": ""2 - 0"", ""pct"": 12.11}, {""score"": ""1 - 1"", ""pct"": 10.89}]"
Belgium,DR Congo,Neutral,1.473,0.955,49.5,27.9,22.6,48.9,7.0,10.0,23.6,4.6,6.0,65.8,34.2,"[{""score"": ""1 - 0"", ""pct"": 13.81}, {""score"": ""1 - 1"", ""pct"": 12.42}, {""score"": ""0 - 0"", ""pct"": 10.02}]"
Belgium,Croatia,Neutral,1.257,1.278,35.5,28.2,36.2,35.2,6.4,7.6,36.2,6.2,8.4,49.2,50.8,"[{""score"": ""1 - 1"", ""pct"": 13.200000000000001}, {""score"": ""1 - 0"", ""pct"": 10.18}, {""score"": ""0 - 1"", ""pct"": 10.02}]"
Belgium,Norway,Neutral,1.24,1.275,34.1,28.8,37.1,36.2,6.2,7.8,35.7,5.9,8.1,50.2,49.8,"[{""score"": ""1 - 1"", ""pct"": 13.11}, {""score"": ""0 - 1"", ""pct"": 10.58}, {""score"": ""1 - 0"", ""pct"": 9.92}]"
Belgium,Turkey,Neutral,1.237,1.246,35.7,28.9,35.5,35.9,6.0,8.3,35.7,5.9,8.2,50.2,49.8,"[{""score"": ""1 - 1"", ""pct"": 13.52}, {""score"": ""1 - 0"", ""pct"": 10.65}, {""score"": ""0 - 1"", ""pct"": 9.8}]"
Belgium,Morocco,Neutral,1.09,1.481,26.9,27.7,45.4,27.1,4.9,6.5,45.4,6.9,9.2,38.5,61.5,"[{""score"": ""1 - 1"", ""pct"": 12.23}, {""score"": ""0 - 1"", ""pct"": 10.91}, {""score"": ""1 - 2"", ""pct"": 9.04}]"
Belgium,Haiti,Neutral,1.639,1.004,52.3,25.3,22.3,52.9,7.3,8.8,21.6,4.2,5.3,69.0,31.0,"[{""score"": ""1 - 0"", ""pct"": 11.84}, {""score"": ""1 - 1"", ""pct"": 11.27}, {""score"": ""2 - 1"", ""pct"": 9.86}]"
Belgium,South Korea,Neutral,1.309,1.211,38.5,28.2,33.3,39.1,6.2,8.2,33.0,5.6,7.9,53.5,46.5,"[{""score"": ""1 - 1"", ""pct"": 12.9}, {""score"": ""1 - 0"", ""pct"": 10.459999999999999}, {""score"": ""0 - 1"", ""pct"": 9.13}]"
Belgium,Curaçao,Neutral,1.963,0.723,66.8,21.7,11.5,67.7,7.4,7.9,11.6,2.2,3.3,82.9,17.1,"[{""score"": ""1 - 0"", ""pct"": 13.13}, {""score"": ""2 - 0"", ""pct"": 13.01}, {""score"": ""1 - 1"", ""pct"": 10.05}]"
Belgium,Paraguay,Neutral,1.295,1.172,39.2,28.6,32.2,39.0,6.0,8.8,32.3,6.0,7.8,53.9,46.1,"[{""score"": ""1 - 1"", ""pct"": 12.879999999999999}, {""score"": ""1 - 0"", ""pct"": 11.34}, {""score"": ""0 - 1"", ""pct"": 9.879999999999999}]"
Belgium,Iran,Neutral,1.218,1.263,34.4,27.9,37.7,34.2,6.1,8.4,37.1,6.0,8.2,48.6,51.4,"[{""score"": ""1 - 1"", ""pct"": 12.8}, {""score"": ""0 - 1"", ""pct"": 11.020000000000001}, {""score"": ""1 - 0"", ""pct"": 10.35}]"
Egypt,Jordan,Neutral,1.251,1.214,36.6,27.8,35.6,36.4,6.4,8.2,34.5,6.2,8.3,51.0,49.0,"[{""score"": ""1 - 1"", ""pct"": 12.73}, {""score"": ""1 - 0"", ""pct"": 11.129999999999999}, {""score"": ""0 - 1"", ""pct"": 10.4}]"
Egypt,Australia,Neutral,0.994,1.414,24.8,28.9,46.2,26.0,5.2,6.5,45.2,7.4,9.7,37.6,62.4,"[{""score"": ""1 - 1"", ""pct"": 13.22}, {""score"": ""0 - 1"", ""pct"": 12.950000000000001}, {""score"": ""0 - 0"", ""pct"": 10.34}]"
Egypt,Germany,Neutral,0.98,1.554,23.4,26.5,50.1,23.0,4.0,6.2,50.6,7.4,8.9,33.2,66.8,"[{""score"": ""0 - 1"", ""pct"": 12.6}, {""score"": ""1 - 1"", ""pct"": 11.74}, {""score"": ""1 - 2"", ""pct"": 9.49}]"
Egypt,Canada,Neutral,0.925,1.322,25.2,29.6,45.2,25.5,4.7,7.5,45.0,7.4,10.0,37.6,62.4,"[{""score"": ""0 - 1"", ""pct"": 13.62}, {""score"": ""1 - 1"", ""pct"": 13.059999999999999}, {""score"": ""0 - 0"", ""pct"": 11.459999999999999}]"
Egypt,Czech Republic,Neutral,1.311,1.063,42.0,28.8,29.2,41.3,6.7,9.6,29.9,4.9,7.7,57.5,42.5,"[{""score"": ""1 - 1"", ""pct"": 13.239999999999998}, {""score"": ""1 - 0"", ""pct"": 12.8}, {""score"": ""0 - 0"", ""pct"": 10.209999999999999}]"
Egypt,Saudi Arabia,Neutral,1.443,0.96,48.8,27.5,23.7,48.0,7.0,9.5,24.9,4.4,6.2,64.5,35.5,"[{""score"": ""1 - 0"", ""pct"": 13.170000000000002}, {""score"": ""1 - 1"", ""pct"": 12.44}, {""score"": ""0 - 0"", ""pct"": 9.950000000000001}]"
Egypt,Mexico,Neutral,0.923,1.447,23.0,27.4,49.5,23.1,4.1,5.9,49.2,7.2,10.6,33.0,67.0,"[{""score"": ""0 - 1"", ""pct"": 13.44}, {""score"": ""1 - 1"", ""pct"": 12.33}, {""score"": ""0 - 0"", ""pct"": 10.17}]"
Egypt,Argentina,Neutral,0.686,1.809,12.3,23.3,64.4,12.8,2.8,3.5,64.0,7.6,9.3,19.1,80.9,"[{""score"": ""0 - 1"", ""pct"": 15.559999999999999}, {""score"": ""0 - 2"", ""pct"": 13.450000000000001}, {""score"": ""1 - 1"", ""pct"": 10.52}]"
Egypt,New Zealand,Neutral,1.455,0.99,47.2,28.0,24.8,47.1,7.0,9.7,24.7,4.6,6.8,63.9,36.1,"[{""score"": ""1 - 0"", ""pct"": 12.839999999999998}, {""score"": ""1 - 1"", ""pct"": 12.520000000000001}, {""score"": ""0 - 0"", ""pct"": 9.84}]"
Egypt,Senegal,Neutral,1.001,1.401,25.0,29.0,46.0,26.6,4.6,6.9,45.5,6.8,9.7,38.0,62.0,"[{""score"": ""1 - 1"", ""pct"": 12.870000000000001}, {""score"": ""0 - 1"", ""pct"": 12.53}, {""score"": ""0 - 0"", ""pct"": 10.41}]"
Egypt,Sweden,Neutral,1.506,1.034,47.3,27.3,25.4,48.1,7.2,9.3,25.0,4.5,5.9,64.6,35.4,"[{""score"": ""1 - 1"", ""pct"": 12.58}, {""score"": ""1 - 0"", ""pct"": 11.89}, {""score"": ""2 - 1"", ""pct"": 9.44}]"
Egypt,Netherlands,Neutral,0.971,1.526,23.1,26.9,50.0,22.9,4.4,5.9,50.1,7.7,9.0,33.2,66.8,"[{""score"": ""0 - 1"", ""pct"": 12.889999999999999}, {""score"": ""1 - 1"", ""pct"": 12.509999999999998}, {""score"": ""0 - 0"", ""pct"": 9.22}]"
Egypt,Tunisia,Neutral,1.208,1.036,39.4,30.0,30.6,39.0,6.9,10.0,30.6,5.8,7.9,55.8,44.2,"[{""score"": ""1 - 1"", ""pct"": 13.309999999999999}, {""score"": ""1 - 0"", ""pct"": 12.72}, {""score"": ""0 - 0"", ""pct"": 11.74}]"
Egypt,Scotland,Neutral,1.184,1.171,35.3,29.1,35.6,35.8,5.9,9.2,34.6,6.0,8.3,51.0,49.0,"[{""score"": ""1 - 1"", ""pct"": 13.15}, {""score"": ""0 - 1"", ""pct"": 11.200000000000001}, {""score"": ""1 - 0"", ""pct"": 11.15}]"
Egypt,Colombia,Neutral,0.864,1.62,19.0,25.8,55.2,18.8,3.7,5.4,54.8,7.8,9.5,27.9,72.1,"[{""score"": ""0 - 1"", ""pct"": 13.819999999999999}, {""score"": ""1 - 1"", ""pct"": 11.78}, {""score"": ""0 - 2"", ""pct"": 10.67}]"
Egypt,Japan,Neutral,0.835,1.551,18.5,27.1,54.4,19.1,3.4,5.5,54.3,7.5,10.2,28.0,72.0,"[{""score"": ""0 - 1"", ""pct"": 15.15}, {""score"": ""1 - 1"", ""pct"": 11.76}, {""score"": ""0 - 2"", ""pct"": 10.89}]"
Egypt,France,Neutral,0.785,1.636,16.9,25.1,58.0,16.5,3.4,4.9,57.2,7.7,10.3,24.8,75.2,"[{""score"": ""0 - 1"", ""pct"": 14.84}, {""score"": ""0 - 2"", ""pct"": 11.76}, {""score"": ""1 - 1"", ""pct"": 11.469999999999999}]"
Egypt,Uzbekistan,Neutral,1.014,1.187,30.0,30.9,39.1,30.1,5.7,8.1,39.1,6.8,10.3,43.8,56.2,"[{""score"": ""1 - 1"", ""pct"": 13.270000000000001}, {""score"": ""0 - 1"", ""pct"": 12.870000000000001}, {""score"": ""0 - 0"", ""pct"": 12.740000000000002}]"
Egypt,Ecuador,Neutral,0.859,1.469,21.6,27.5,50.8,20.9,4.1,5.9,51.4,7.7,10.0,30.9,69.1,"[{""score"": ""0 - 1"", ""pct"": 14.39}, {""score"": ""1 - 1"", ""pct"": 11.92}, {""score"": ""0 - 0"", ""pct"": 11.05}]"
Egypt,Qatar,Neutral,1.819,0.824,60.5,23.6,15.9,60.8,8.0,9.2,15.1,2.8,4.0,78.0,21.9,"[{""score"": ""1 - 0"", ""pct"": 13.03}, {""score"": ""2 - 0"", ""pct"": 11.690000000000001}, {""score"": ""1 - 1"", ""pct"": 10.86}]"
Egypt,Ivory Coast,Neutral,1.086,1.158,32.6,30.1,37.4,33.0,5.9,9.3,36.7,5.9,9.2,48.1,51.9,"[{""score"": ""1 - 1"", ""pct"": 13.170000000000002}, {""score"": ""0 - 1"", ""pct"": 12.370000000000001}, {""score"": ""0 - 0"", ""pct"": 11.92}]"
Egypt,England,Neutral,0.741,1.594,16.4,26.3,57.3,16.9,3.2,4.7,57.8,7.5,9.9,24.8,75.2,"[{""score"": ""0 - 1"", ""pct"": 15.229999999999999}, {""score"": ""0 - 2"", ""pct"": 11.67}, {""score"": ""1 - 1"", ""pct"": 11.62}]"
Egypt,Cape Verde,Neutral,1.516,0.94,49.9,27.8,22.3,50.1,7.2,9.8,22.5,4.2,6.2,67.1,32.9,"[{""score"": ""1 - 0"", ""pct"": 13.100000000000001}, {""score"": ""1 - 1"", ""pct"": 13.04}, {""score"": ""2 - 0"", ""pct"": 9.49}]"
Egypt,Panama,Neutral,1.095,1.368,28.5,28.7,42.8,28.6,5.0,7.8,42.4,7.2,9.0,41.4,58.6,"[{""score"": ""1 - 1"", ""pct"": 12.709999999999999}, {""score"": ""0 - 1"", ""pct"": 12.120000000000001}, {""score"": ""0 - 0"", ""pct"": 9.55}]"
Egypt,Austria,Neutral,1.035,1.219,30.6,30.0,39.4,30.8,5.6,8.2,39.9,6.4,9.1,44.5,55.5,"[{""score"": ""1 - 1"", ""pct"": 13.07}, {""score"": ""0 - 1"", ""pct"": 12.709999999999999}, {""score"": ""0 - 0"", ""pct"": 11.95}]"
Egypt,Belgium,Neutral,0.975,1.401,24.6,28.2,47.2,25.4,4.4,6.8,46.3,7.4,9.9,36.5,63.5,"[{""score"": ""0 - 1"", ""pct"": 13.700000000000001}, {""score"": ""1 - 1"", ""pct"": 12.58}, {""score"": ""0 - 0"", ""pct"": 10.33}]"
Egypt,Iraq,Neutral,1.187,1.003,39.3,30.9,29.9,39.4,6.8,9.9,29.7,5.5,8.7,56.1,43.9,"[{""score"": ""1 - 1"", ""pct"": 13.15}, {""score"": ""0 - 0"", ""pct"": 12.790000000000001}, {""score"": ""1 - 0"", ""pct"": 12.73}]"
Egypt,Switzerland,Neutral,1.0,1.4,26.0,27.9,46.1,25.3,4.9,6.9,46.0,7.4,9.4,37.1,62.9,"[{""score"": ""0 - 1"", ""pct"": 13.350000000000001}, {""score"": ""1 - 1"", ""pct"": 12.85}, {""score"": ""0 - 0"", ""pct"": 9.48}]"
Egypt,Brazil,Neutral,0.811,1.69,16.5,25.1,58.4,16.9,3.3,4.4,58.5,7.2,9.7,24.6,75.4,"[{""score"": ""0 - 1"", ""pct"": 14.760000000000002}, {""score"": ""0 - 2"", ""pct"": 11.360000000000001}, {""score"": ""1 - 1"", ""pct"": 11.219999999999999}]"
Egypt,United States,Neutral,1.149,1.215,33.3,29.6,37.1,33.6,6.3,8.2,37.5,6.0,8.4,48.1,51.9,"[{""score"": ""1 - 1"", ""pct"": 13.04}, {""score"": ""0 - 1"", ""pct"": 10.96}, {""score"": ""1 - 0"", ""pct"": 10.94}]"
Egypt,Ghana,Neutral,1.566,0.892,53.0,27.0,20.0,52.7,7.7,9.7,20.3,4.2,5.4,70.1,29.9,"[{""score"": ""1 - 0"", ""pct"": 13.69}, {""score"": ""1 - 1"", ""pct"": 12.25}, {""score"": ""2 - 0"", ""pct"": 10.38}]"
Egypt,Uruguay,Neutral,0.984,1.427,25.1,28.9,46.0,25.1,4.7,7.1,46.3,7.2,9.6,36.9,63.1,"[{""score"": ""0 - 1"", ""pct"": 13.0}, {""score"": ""1 - 1"", ""pct"": 12.43}, {""score"": ""0 - 0"", ""pct"": 10.41}]"
Egypt,Portugal,Neutral,0.9,1.57,21.1,26.1,52.8,20.5,3.7,5.1,52.8,7.4,10.5,29.3,70.7,"[{""score"": ""0 - 1"", ""pct"": 13.239999999999998}, {""score"": ""1 - 1"", ""pct"": 11.76}, {""score"": ""0 - 2"", ""pct"": 10.489999999999998}]"
Egypt,Algeria,Neutral,0.921,1.385,24.5,28.5,47.0,24.4,4.7,7.0,46.5,7.1,10.2,36.2,63.8,"[{""score"": ""0 - 1"", ""pct"": 13.309999999999999}, {""score"": ""1 - 1"", ""pct"": 12.879999999999999}, {""score"": ""0 - 0"", ""pct"": 10.74}]"
Egypt,Spain,Neutral,0.724,1.84,13.2,23.4,63.4,12.8,2.6,3.4,63.9,7.7,9.5,18.9,81.2,"[{""score"": ""0 - 1"", ""pct"": 14.09}, {""score"": ""0 - 2"", ""pct"": 12.78}, {""score"": ""1 - 1"", ""pct"": 10.16}]"
Egypt,Bosnia and Herzegovina,Neutral,1.684,0.84,57.5,25.1,17.4,58.0,7.9,9.3,17.1,3.1,4.6,75.2,24.8,"[{""score"": ""1 - 0"", ""pct"": 13.29}, {""score"": ""1 - 1"", ""pct"": 11.58}, {""score"": ""2 - 0"", ""pct"": 11.24}]"
Egypt,South Africa,Neutral,1.463,0.934,50.4,26.7,22.9,49.3,7.5,10.1,22.3,4.6,6.2,67.0,33.0,"[{""score"": ""1 - 0"", ""pct"": 13.239999999999998}, {""score"": ""1 - 1"", ""pct"": 12.11}, {""score"": ""2 - 0"", ""pct"": 10.08}]"
Egypt,DR Congo,Neutral,1.151,0.968,39.1,30.8,30.2,39.0,7.0,10.6,29.3,5.3,8.7,56.6,43.4,"[{""score"": ""1 - 0"", ""pct"": 13.850000000000001}, {""score"": ""1 - 1"", ""pct"": 13.68}, {""score"": ""0 - 0"", ""pct"": 12.78}]"
Egypt,Croatia,Neutral,1.028,1.433,26.1,27.6,46.3,25.4,5.4,6.6,46.2,7.2,9.2,37.4,62.6,"[{""score"": ""1 - 1"", ""pct"": 12.9}, {""score"": ""0 - 1"", ""pct"": 12.540000000000001}, {""score"": ""0 - 0"", ""pct"": 9.04}]"
Egypt,Norway,Neutral,0.991,1.441,24.7,28.6,46.7,24.5,4.5,6.7,46.8,7.4,10.1,35.7,64.3,"[{""score"": ""0 - 1"", ""pct"": 13.4}, {""score"": ""1 - 1"", ""pct"": 13.11}, {""score"": ""0 - 0"", ""pct"": 10.13}]"
Egypt,Turkey,Neutral,0.964,1.403,24.9,28.0,47.1,24.6,4.5,6.6,46.5,7.6,10.3,35.7,64.3,"[{""score"": ""0 - 1"", ""pct"": 13.459999999999999}, {""score"": ""1 - 1"", ""pct"": 12.590000000000002}, {""score"": ""0 - 0"", ""pct"": 10.35}]"
Egypt,Morocco,Neutral,0.883,1.535,21.2,26.6,52.2,20.8,3.7,5.6,52.6,7.3,10.0,30.1,70.0,"[{""score"": ""0 - 1"", ""pct"": 14.12}, {""score"": ""1 - 1"", ""pct"": 12.2}, {""score"": ""0 - 2"", ""pct"": 9.82}]"
Egypt,Haiti,Neutral,1.225,1.026,39.1,29.7,31.2,40.3,6.7,9.8,30.1,5.2,8.0,56.7,43.3,"[{""score"": ""1 - 1"", ""pct"": 13.209999999999999}, {""score"": ""1 - 0"", ""pct"": 12.1}, {""score"": ""0 - 0"", ""pct"": 11.360000000000001}]"
Egypt,South Korea,Neutral,1.015,1.399,26.7,27.7,45.6,27.8,4.5,6.5,45.2,7.0,9.0,38.8,61.2,"[{""score"": ""1 - 1"", ""pct"": 12.8}, {""score"": ""0 - 1"", ""pct"": 12.540000000000001}, {""score"": ""0 - 0"", ""pct"": 9.41}]"
Egypt,Curaçao,Neutral,1.677,0.937,54.8,25.4,19.8,55.4,7.7,8.8,19.9,3.7,4.5,71.9,28.1,"[{""score"": ""1 - 0"", ""pct"": 12.559999999999999}, {""score"": ""1 - 1"", ""pct"": 11.44}, {""score"": ""2 - 0"", ""pct"": 10.23}]"
Egypt,Paraguay,Neutral,1.011,1.338,27.1,28.9,44.0,27.4,5.2,7.3,43.3,6.8,9.9,40.0,60.1,"[{""score"": ""1 - 1"", ""pct"": 12.93}, {""score"": ""0 - 1"", ""pct"": 12.91}, {""score"": ""0 - 0"", ""pct"": 10.75}]"
Egypt,Iran,Neutral,0.975,1.406,25.2,28.5,46.2,24.9,4.6,6.5,47.3,7.4,9.3,36.0,64.0,"[{""score"": ""0 - 1"", ""pct"": 13.22}, {""score"": ""1 - 1"", ""pct"": 12.7}, {""score"": ""0 - 0"", ""pct"": 10.4}]"
Iraq,Jordan,Neutral,1.155,1.277,32.7,29.2,38.1,33.4,5.5,8.0,38.4,6.4,8.4,46.9,53.1,"[{""score"": ""1 - 1"", ""pct"": 13.77}, {""score"": ""0 - 1"", ""pct"": 11.07}, {""score"": ""1 - 0"", ""pct"": 10.22}]"
Iraq,Australia,Neutral,0.973,1.503,23.3,27.9,48.9,23.5,4.3,6.3,49.3,7.1,9.6,34.0,66.0,"[{""score"": ""0 - 1"", ""pct"": 12.68}, {""score"": ""1 - 1"", ""pct"": 12.559999999999999}, {""score"": ""0 - 0"", ""pct"": 9.55}]"
Iraq,Germany,Neutral,0.914,1.682,18.7,25.2,56.1,19.4,3.6,4.8,55.5,8.0,8.7,27.8,72.2,"[{""score"": ""0 - 1"", ""pct"": 12.91}, {""score"": ""0 - 2"", ""pct"": 11.1}, {""score"": ""1 - 1"", ""pct"": 11.020000000000001}]"
Iraq,Canada,Neutral,0.911,1.421,23.2,29.1,47.7,23.4,4.2,6.3,48.5,7.3,10.3,33.8,66.2,"[{""score"": ""0 - 1"", ""pct"": 13.719999999999999}, {""score"": ""1 - 1"", ""pct"": 13.07}, {""score"": ""0 - 0"", ""pct"": 10.82}]"
Iraq,Czech Republic,Neutral,1.202,1.17,36.8,28.7,34.5,36.0,5.8,8.8,34.6,6.0,8.7,50.7,49.3,"[{""score"": ""1 - 1"", ""pct"": 12.989999999999998}, {""score"": ""1 - 0"", ""pct"": 11.48}, {""score"": ""0 - 1"", ""pct"": 10.81}]"
Iraq,Saudi Arabia,Neutral,1.235,1.042,39.5,30.2,30.3,40.5,6.5,9.3,29.8,5.3,8.6,56.3,43.7,"[{""score"": ""1 - 1"", ""pct"": 13.569999999999999}, {""score"": ""1 - 0"", ""pct"": 12.659999999999998}, {""score"": ""0 - 0"", ""pct"": 11.32}]"
Iraq,Mexico,Neutral,0.834,1.548,19.5,26.7,53.8,19.2,3.5,5.1,54.2,7.7,10.3,27.8,72.2,"[{""score"": ""0 - 1"", ""pct"": 14.99}, {""score"": ""1 - 1"", ""pct"": 11.57}, {""score"": ""0 - 2"", ""pct"": 10.17}]"
Iraq,Argentina,Neutral,0.647,1.925,10.3,21.4,68.3,11.0,2.3,3.0,67.7,7.3,8.7,16.3,83.7,"[{""score"": ""0 - 1"", ""pct"": 15.120000000000001}, {""score"": ""0 - 2"", ""pct"": 14.17}, {""score"": ""1 - 1"", ""pct"": 9.139999999999999}]"
Iraq,New Zealand,Neutral,1.246,1.094,39.3,28.9,31.9,39.0,6.7,9.1,31.2,5.5,8.5,54.8,45.2,"[{""score"": ""1 - 1"", ""pct"": 13.489999999999998}, {""score"": ""1 - 0"", ""pct"": 12.32}, {""score"": ""0 - 1"", ""pct"": 10.58}]"
Iraq,Senegal,Neutral,0.988,1.547,22.9,27.7,49.5,23.1,4.4,5.8,50.2,7.4,9.2,33.3,66.7,"[{""score"": ""1 - 1"", ""pct"": 12.67}, {""score"": ""0 - 1"", ""pct"": 12.65}, {""score"": ""0 - 0"", ""pct"": 9.36}]"
Iraq,Sweden,Neutral,1.286,1.124,38.9,29.1,32.0,40.0,6.7,8.7,31.7,5.5,7.4,55.4,44.6,"[{""score"": ""1 - 1"", ""pct"": 12.94}, {""score"": ""1 - 0"", ""pct"": 11.26}, {""score"": ""0 - 0"", ""pct"": 10.31}]"
Iraq,Netherlands,Neutral,0.882,1.598,19.8,25.7,54.5,20.0,3.7,5.2,54.5,6.8,9.8,28.9,71.1,"[{""score"": ""0 - 1"", ""pct"": 14.19}, {""score"": ""1 - 1"", ""pct"": 11.37}, {""score"": ""0 - 2"", ""pct"": 10.82}]"
Iraq,Tunisia,Neutral,1.135,1.137,35.1,29.7,35.2,34.8,6.2,9.1,35.3,6.0,8.5,50.1,49.9,"[{""score"": ""1 - 1"", ""pct"": 13.089999999999998}, {""score"": ""0 - 1"", ""pct"": 11.709999999999999}, {""score"": ""1 - 0"", ""pct"": 11.5}]"
Iraq,Scotland,Neutral,1.065,1.251,30.9,29.1,39.9,30.6,5.2,7.7,40.6,6.6,9.2,43.6,56.4,"[{""score"": ""1 - 1"", ""pct"": 13.08}, {""score"": ""0 - 1"", ""pct"": 12.36}, {""score"": ""0 - 0"", ""pct"": 10.79}]"
Iraq,Colombia,Neutral,0.754,1.662,15.4,25.5,59.1,15.6,3.0,4.0,60.0,7.7,9.7,22.6,77.4,"[{""score"": ""0 - 1"", ""pct"": 14.67}, {""score"": ""0 - 2"", ""pct"": 11.790000000000001}, {""score"": ""1 - 1"", ""pct"": 11.01}]"
Iraq,Japan,Neutral,0.745,1.655,16.1,24.8,59.1,15.3,3.0,4.5,59.6,7.6,9.9,22.8,77.2,"[{""score"": ""0 - 1"", ""pct"": 15.76}, {""score"": ""0 - 2"", ""pct"": 11.87}, {""score"": ""1 - 1"", ""pct"": 10.47}]"
Iraq,France,Neutral,0.752,1.716,15.7,23.8,60.5,15.0,2.8,4.2,60.9,7.4,9.6,22.1,77.9,"[{""score"": ""0 - 1"", ""pct"": 15.310000000000002}, {""score"": ""0 - 2"", ""pct"": 11.88}, {""score"": ""1 - 1"", ""pct"": 10.9}]"
Iraq,Uzbekistan,Neutral,0.982,1.351,26.8,28.2,45.0,26.8,4.9,7.0,44.5,7.0,9.9,38.6,61.4,"[{""score"": ""0 - 1"", ""pct"": 13.719999999999999}, {""score"": ""1 - 1"", ""pct"": 12.8}, {""score"": ""0 - 0"", ""pct"": 10.57}]"
Iraq,Ecuador,Neutral,0.763,1.565,17.7,26.7,55.6,16.8,3.4,4.8,57.1,7.5,10.5,24.9,75.1,"[{""score"": ""0 - 1"", ""pct"": 15.010000000000002}, {""score"": ""1 - 1"", ""pct"": 12.01}, {""score"": ""0 - 2"", ""pct"": 11.98}]"
Iraq,Qatar,Neutral,1.679,0.909,56.3,24.7,19.0,55.0,7.3,9.3,19.4,3.9,5.2,71.5,28.5,"[{""score"": ""1 - 0"", ""pct"": 12.94}, {""score"": ""1 - 1"", ""pct"": 11.14}, {""score"": ""2 - 0"", ""pct"": 10.36}]"
Iraq,Ivory Coast,Neutral,1.016,1.246,28.9,30.4,40.7,29.4,5.2,8.2,41.4,6.4,9.4,42.8,57.2,"[{""score"": ""1 - 1"", ""pct"": 13.569999999999999}, {""score"": ""0 - 1"", ""pct"": 12.959999999999999}, {""score"": ""0 - 0"", ""pct"": 11.31}]"
Iraq,England,Neutral,0.691,1.676,13.6,24.9,61.5,14.3,3.0,4.3,61.0,7.6,9.7,21.7,78.3,"[{""score"": ""0 - 1"", ""pct"": 16.39}, {""score"": ""0 - 2"", ""pct"": 12.629999999999999}, {""score"": ""1 - 1"", ""pct"": 11.08}]"
Iraq,Cape Verde,Neutral,1.378,0.977,45.8,28.6,25.6,45.3,7.4,10.0,25.5,4.5,7.3,62.7,37.3,"[{""score"": ""1 - 0"", ""pct"": 13.420000000000002}, {""score"": ""1 - 1"", ""pct"": 12.57}, {""score"": ""0 - 0"", ""pct"": 10.75}]"
Iraq,Panama,Neutral,1.028,1.444,25.2,27.5,47.3,26.1,4.5,6.7,45.6,7.4,9.6,37.4,62.6,"[{""score"": ""0 - 1"", ""pct"": 12.520000000000001}, {""score"": ""1 - 1"", ""pct"": 12.34}, {""score"": ""0 - 0"", ""pct"": 9.719999999999999}]"
Iraq,Austria,Neutral,0.963,1.395,24.4,29.1,46.5,25.2,4.1,7.1,46.6,7.1,9.9,36.4,63.6,"[{""score"": ""0 - 1"", ""pct"": 13.15}, {""score"": ""1 - 1"", ""pct"": 12.989999999999998}, {""score"": ""0 - 0"", ""pct"": 10.459999999999999}]"
Iraq,Belgium,Neutral,0.967,1.552,23.0,27.0,50.1,22.5,4.1,6.0,50.8,7.1,9.5,32.6,67.4,"[{""score"": ""0 - 1"", ""pct"": 12.8}, {""score"": ""1 - 1"", ""pct"": 12.22}, {""score"": ""1 - 2"", ""pct"": 9.370000000000001}]"
Iraq,Egypt,Neutral,1.003,1.187,29.4,30.7,39.8,30.2,5.7,8.8,39.2,6.6,9.5,44.7,55.3,"[{""score"": ""0 - 1"", ""pct"": 13.530000000000001}, {""score"": ""1 - 1"", ""pct"": 13.18}, {""score"": ""0 - 0"", ""pct"": 12.76}]"
Iraq,Switzerland,Neutral,0.982,1.54,23.4,27.3,49.3,22.9,4.5,6.3,49.4,7.4,9.4,33.8,66.2,"[{""score"": ""1 - 1"", ""pct"": 12.33}, {""score"": ""0 - 1"", ""pct"": 11.84}, {""score"": ""1 - 2"", ""pct"": 9.28}]"
Iraq,Brazil,Neutral,0.762,1.748,15.4,24.0,60.6,14.8,2.8,3.9,61.2,7.7,9.7,21.4,78.6,"[{""score"": ""0 - 1"", ""pct"": 14.66}, {""score"": ""0 - 2"", ""pct"": 11.57}, {""score"": ""1 - 1"", ""pct"": 11.09}]"
Iraq,United States,Neutral,1.03,1.384,26.5,28.3,45.1,26.3,5.4,7.0,44.7,6.9,9.7,38.7,61.3,"[{""score"": ""1 - 1"", ""pct"": 12.93}, {""score"": ""0 - 1"", ""pct"": 12.32}, {""score"": ""0 - 0"", ""pct"": 9.59}]"
Iraq,Ghana,Neutral,1.371,0.922,47.3,28.3,24.4,47.3,6.9,9.7,24.7,4.5,6.9,64.0,36.0,"[{""score"": ""1 - 0"", ""pct"": 13.950000000000001}, {""score"": ""1 - 1"", ""pct"": 12.61}, {""score"": ""0 - 0"", ""pct"": 10.7}]"
Iraq,Uruguay,Neutral,0.901,1.51,21.9,26.4,51.8,21.1,4.0,5.9,51.4,7.6,10.1,31.0,69.0,"[{""score"": ""0 - 1"", ""pct"": 13.74}, {""score"": ""1 - 1"", ""pct"": 11.940000000000001}, {""score"": ""0 - 2"", ""pct"": 9.8}]"
Iraq,Portugal,Neutral,0.807,1.67,16.7,25.7,57.6,16.7,2.7,4.6,58.7,7.7,9.6,24.1,75.9,"[{""score"": ""0 - 1"", ""pct"": 14.87}, {""score"": ""1 - 1"", ""pct"": 11.59}, {""score"": ""0 - 2"", ""pct"": 11.25}]"
Iraq,Algeria,Neutral,0.91,1.501,21.6,27.6,50.8,21.8,4.0,5.7,51.0,7.4,10.1,31.5,68.5,"[{""score"": ""0 - 1"", ""pct"": 13.530000000000001}, {""score"": ""1 - 1"", ""pct"": 12.04}, {""score"": ""0 - 0"", ""pct"": 10.12}]"
Iraq,Spain,Neutral,0.667,1.939,10.8,21.9,67.3,10.8,2.3,3.0,68.0,7.5,8.4,16.1,83.9,"[{""score"": ""0 - 1"", ""pct"": 15.260000000000002}, {""score"": ""0 - 2"", ""pct"": 13.350000000000001}, {""score"": ""1 - 1"", ""pct"": 10.24}]"
Iraq,Bosnia and Herzegovina,Neutral,1.568,0.933,52.2,27.1,20.7,51.9,7.5,10.0,20.7,4.3,5.5,69.4,30.6,"[{""score"": ""1 - 0"", ""pct"": 13.59}, {""score"": ""1 - 1"", ""pct"": 12.36}, {""score"": ""2 - 1"", ""pct"": 9.76}]"
Iraq,South Africa,Neutral,1.343,0.956,45.5,28.2,26.2,44.5,7.3,9.8,26.6,4.9,6.9,61.6,38.4,"[{""score"": ""1 - 0"", ""pct"": 13.62}, {""score"": ""1 - 1"", ""pct"": 12.58}, {""score"": ""0 - 0"", ""pct"": 10.7}]"
Iraq,DR Congo,Neutral,1.032,1.079,32.9,32.1,34.9,32.9,5.7,9.2,35.5,6.4,10.3,47.8,52.2,"[{""score"": ""0 - 0"", ""pct"": 14.04}, {""score"": ""1 - 1"", ""pct"": 13.29}, {""score"": ""0 - 1"", ""pct"": 12.57}]"
Iraq,Croatia,Neutral,0.972,1.529,22.4,27.4,50.2,23.0,4.1,5.8,49.6,7.3,10.1,32.9,67.1,"[{""score"": ""0 - 1"", ""pct"": 13.100000000000001}, {""score"": ""1 - 1"", ""pct"": 12.139999999999999}, {""score"": ""0 - 2"", ""pct"": 9.46}]"
Iraq,Norway,Neutral,0.977,1.559,22.9,27.0,50.2,22.0,3.9,6.0,51.4,7.1,9.6,31.9,68.1,"[{""score"": ""0 - 1"", ""pct"": 12.31}, {""score"": ""1 - 1"", ""pct"": 11.99}, {""score"": ""1 - 2"", ""pct"": 9.48}]"
Iraq,Turkey,Neutral,0.945,1.557,21.9,26.7,51.3,22.0,4.1,5.5,51.2,7.3,9.8,31.7,68.3,"[{""score"": ""0 - 1"", ""pct"": 13.370000000000001}, {""score"": ""1 - 1"", ""pct"": 11.77}, {""score"": ""0 - 2"", ""pct"": 9.64}]"
Iraq,Morocco,Neutral,0.815,1.709,16.2,24.5,59.3,17.0,3.3,4.7,58.4,7.8,8.8,24.9,75.1,"[{""score"": ""0 - 1"", ""pct"": 14.499999999999998}, {""score"": ""0 - 2"", ""pct"": 11.459999999999999}, {""score"": ""1 - 1"", ""pct"": 11.27}]"
Iraq,Haiti,Neutral,1.138,1.132,35.4,30.5,34.1,34.9,5.9,9.0,34.7,6.4,9.2,49.7,50.3,"[{""score"": ""1 - 1"", ""pct"": 13.600000000000001}, {""score"": ""0 - 1"", ""pct"": 11.790000000000001}, {""score"": ""1 - 0"", ""pct"": 11.690000000000001}]"
Iraq,South Korea,Neutral,0.986,1.532,24.0,26.2,49.8,23.4,4.5,5.9,49.8,7.5,8.9,33.8,66.2,"[{""score"": ""0 - 1"", ""pct"": 13.309999999999999}, {""score"": ""1 - 1"", ""pct"": 12.06}, {""score"": ""1 - 2"", ""pct"": 9.02}]"
Iraq,Curaçao,Neutral,1.496,0.949,50.1,27.2,22.7,49.2,7.4,9.8,23.1,4.4,6.0,66.4,33.6,"[{""score"": ""1 - 0"", ""pct"": 12.9}, {""score"": ""1 - 1"", ""pct"": 11.89}, {""score"": ""2 - 1"", ""pct"": 9.99}]"
Iraq,Paraguay,Neutral,0.991,1.436,24.8,27.8,47.3,25.0,4.5,6.1,47.7,6.9,9.8,35.7,64.3,"[{""score"": ""0 - 1"", ""pct"": 12.709999999999999}, {""score"": ""1 - 1"", ""pct"": 12.68}, {""score"": ""1 - 2"", ""pct"": 9.77}]"
Iraq,Iran,Neutral,0.956,1.55,22.1,27.1,50.8,22.1,4.4,5.7,50.7,7.4,9.7,32.2,67.8,"[{""score"": ""0 - 1"", ""pct"": 12.839999999999998}, {""score"": ""1 - 1"", ""pct"": 12.16}, {""score"": ""0 - 2"", ""pct"": 9.43}]"
Switzerland,Jordan,Neutral,1.601,1.07,49.6,25.7,24.7,49.1,6.8,9.2,24.4,4.2,6.2,65.1,34.9,"[{""score"": ""1 - 1"", ""pct"": 11.19}, {""score"": ""1 - 0"", ""pct"": 10.879999999999999}, {""score"": ""2 - 1"", ""pct"": 9.89}]"
Switzerland,Australia,Neutral,1.2,1.314,32.7,29.2,38.1,33.7,5.8,7.5,38.3,6.3,8.4,47.0,53.0,"[{""score"": ""1 - 1"", ""pct"": 13.450000000000001}, {""score"": ""0 - 1"", ""pct"": 10.48}, {""score"": ""1 - 0"", ""pct"": 9.950000000000001}]"
Switzerland,Germany,Neutral,1.18,1.38,31.5,28.2,40.3,30.9,4.9,7.0,42.0,6.5,8.7,42.8,57.2,"[{""score"": ""1 - 1"", ""pct"": 13.530000000000001}, {""score"": ""0 - 1"", ""pct"": 10.549999999999999}, {""score"": ""1 - 0"", ""pct"": 9.58}]"
Switzerland,Canada,Neutral,1.204,1.187,36.1,29.2,34.7,35.0,6.1,8.7,35.9,5.8,8.4,49.8,50.2,"[{""score"": ""1 - 1"", ""pct"": 13.04}, {""score"": ""1 - 0"", ""pct"": 11.57}, {""score"": ""0 - 1"", ""pct"": 10.76}]"
Switzerland,Czech Republic,Neutral,1.691,1.03,53.5,24.7,21.8,53.9,7.3,8.4,21.2,4.0,5.1,69.6,30.4,"[{""score"": ""1 - 0"", ""pct"": 12.07}, {""score"": ""1 - 1"", ""pct"": 11.469999999999999}, {""score"": ""2 - 1"", ""pct"": 9.28}]"
Switzerland,Saudi Arabia,Neutral,1.699,0.935,56.0,24.6,19.4,55.8,7.6,8.6,19.5,3.7,4.9,71.9,28.1,"[{""score"": ""1 - 0"", ""pct"": 13.55}, {""score"": ""1 - 1"", ""pct"": 11.07}, {""score"": ""2 - 1"", ""pct"": 10.040000000000001}]"
Switzerland,Mexico,Neutral,1.078,1.41,27.8,28.2,44.0,28.1,5.1,7.1,44.7,6.5,8.4,40.3,59.7,"[{""score"": ""1 - 1"", ""pct"": 12.55}, {""score"": ""0 - 1"", ""pct"": 11.55}, {""score"": ""0 - 0"", ""pct"": 9.31}]"
Switzerland,Argentina,Neutral,0.838,1.765,16.2,23.7,60.1,16.9,3.1,4.3,59.0,7.8,8.9,24.3,75.7,"[{""score"": ""0 - 1"", ""pct"": 13.68}, {""score"": ""0 - 2"", ""pct"": 11.23}, {""score"": ""1 - 1"", ""pct"": 10.51}]"
Switzerland,New Zealand,Neutral,1.746,1.014,54.9,24.0,21.1,55.1,7.0,8.1,20.7,4.0,5.1,70.2,29.8,"[{""score"": ""1 - 1"", ""pct"": 11.16}, {""score"": ""1 - 0"", ""pct"": 11.03}, {""score"": ""2 - 0"", ""pct"": 9.93}]"
Switzerland,Senegal,Neutral,1.269,1.283,35.3,27.5,37.3,35.5,5.6,7.5,36.5,6.8,8.0,48.6,51.4,"[{""score"": ""1 - 1"", ""pct"": 12.46}, {""score"": ""0 - 1"", ""pct"": 10.73}, {""score"": ""1 - 0"", ""pct"": 10.08}]"
Switzerland,Sweden,Neutral,1.799,0.995,57.0,23.7,19.3,56.5,7.4,8.4,19.4,3.6,4.7,72.3,27.7,"[{""score"": ""1 - 0"", ""pct"": 11.74}, {""score"": ""1 - 1"", ""pct"": 10.66}, {""score"": ""2 - 1"", ""pct"": 9.950000000000001}]"
Switzerland,Netherlands,Neutral,1.13,1.347,30.3,28.6,41.1,31.5,5.5,7.0,41.4,6.2,8.5,43.9,56.1,"[{""score"": ""1 - 1"", ""pct"": 13.089999999999998}, {""score"": ""0 - 1"", ""pct"": 11.559999999999999}, {""score"": ""1 - 0"", ""pct"": 9.64}]"
Switzerland,Tunisia,Neutral,1.588,1.002,50.8,26.5,22.7,51.6,7.0,9.0,22.4,4.2,5.8,67.6,32.4,"[{""score"": ""1 - 0"", ""pct"": 12.21}, {""score"": ""1 - 1"", ""pct"": 12.21}, {""score"": ""2 - 1"", ""pct"": 10.15}]"
Switzerland,Scotland,Neutral,1.556,1.049,48.8,26.4,24.8,50.0,7.5,8.3,24.3,4.4,5.6,65.8,34.2,"[{""score"": ""1 - 0"", ""pct"": 12.16}, {""score"": ""1 - 1"", ""pct"": 11.799999999999999}, {""score"": ""2 - 1"", ""pct"": 9.26}]"
Switzerland,Colombia,Neutral,1.108,1.591,25.4,25.9,48.7,25.5,4.6,6.1,48.7,6.5,8.6,36.2,63.8,"[{""score"": ""1 - 1"", ""pct"": 11.88}, {""score"": ""0 - 1"", ""pct"": 10.99}, {""score"": ""1 - 2"", ""pct"": 9.31}]"
Switzerland,Japan,Neutral,1.043,1.516,25.9,26.4,47.7,24.5,4.5,6.3,48.0,7.6,9.0,35.4,64.6,"[{""score"": ""0 - 1"", ""pct"": 11.97}, {""score"": ""1 - 1"", ""pct"": 11.84}, {""score"": ""1 - 2"", ""pct"": 9.53}]"
Switzerland,France,Neutral,1.113,1.667,23.8,25.4,50.9,23.8,4.6,5.6,49.9,7.4,8.8,34.0,66.0,"[{""score"": ""1 - 1"", ""pct"": 11.51}, {""score"": ""0 - 1"", ""pct"": 10.48}, {""score"": ""1 - 2"", ""pct"": 9.77}]"
Switzerland,Uzbekistan,Neutral,1.303,1.124,39.5,29.0,31.6,40.0,6.6,9.1,31.1,5.0,8.1,55.8,44.2,"[{""score"": ""1 - 1"", ""pct"": 13.639999999999999}, {""score"": ""1 - 0"", ""pct"": 11.65}, {""score"": ""0 - 1"", ""pct"": 10.41}]"
Switzerland,Ecuador,Neutral,1.065,1.458,26.7,27.4,46.0,26.2,5.0,6.9,45.9,6.9,9.1,38.1,61.9,"[{""score"": ""1 - 1"", ""pct"": 12.379999999999999}, {""score"": ""0 - 1"", ""pct"": 11.959999999999999}, {""score"": ""1 - 2"", ""pct"": 9.11}]"
Switzerland,Qatar,Neutral,2.12,0.694,70.7,19.6,9.7,71.4,7.1,7.4,9.9,1.8,2.4,85.9,14.1,"[{""score"": ""2 - 0"", ""pct"": 13.43}, {""score"": ""1 - 0"", ""pct"": 12.690000000000001}, {""score"": ""3 - 0"", ""pct"": 10.01}]"
Switzerland,Ivory Coast,Neutral,1.446,1.038,45.8,27.7,26.4,46.4,7.0,9.0,26.5,4.9,6.2,62.4,37.6,"[{""score"": ""1 - 1"", ""pct"": 12.47}, {""score"": ""1 - 0"", ""pct"": 12.19}, {""score"": ""0 - 0"", ""pct"": 9.43}]"
Switzerland,England,Neutral,1.014,1.638,22.8,25.4,51.8,22.4,4.1,5.5,52.0,7.3,8.7,32.0,68.0,"[{""score"": ""0 - 1"", ""pct"": 12.68}, {""score"": ""1 - 1"", ""pct"": 11.67}, {""score"": ""0 - 2"", ""pct"": 9.17}]"
Switzerland,Cape Verde,Neutral,1.804,0.816,61.4,23.2,15.4,61.4,7.8,8.6,14.9,3.0,4.3,77.8,22.2,"[{""score"": ""1 - 0"", ""pct"": 13.63}, {""score"": ""2 - 0"", ""pct"": 11.65}, {""score"": ""2 - 1"", ""pct"": 10.209999999999999}]"
Switzerland,Panama,Neutral,1.426,1.187,43.0,27.2,29.8,42.5,6.7,7.9,30.3,5.4,7.3,57.1,42.9,"[{""score"": ""1 - 1"", ""pct"": 12.590000000000002}, {""score"": ""1 - 0"", ""pct"": 10.79}, {""score"": ""2 - 1"", ""pct"": 8.73}]"
Switzerland,Austria,Neutral,1.406,1.084,43.7,27.7,28.7,44.2,6.4,9.3,28.7,4.8,6.6,59.9,40.1,"[{""score"": ""1 - 1"", ""pct"": 12.75}, {""score"": ""1 - 0"", ""pct"": 11.469999999999999}, {""score"": ""2 - 1"", ""pct"": 9.28}]"
Switzerland,Belgium,Neutral,1.226,1.309,34.0,28.5,37.5,33.0,6.0,7.8,38.2,6.5,8.5,46.8,53.2,"[{""score"": ""1 - 1"", ""pct"": 13.34}, {""score"": ""0 - 1"", ""pct"": 10.85}, {""score"": ""1 - 0"", ""pct"": 9.629999999999999}]"
Switzerland,Egypt,Neutral,1.4,1.0,46.4,27.5,26.0,45.7,6.8,9.9,25.7,4.7,7.2,62.4,37.6,"[{""score"": ""1 - 0"", ""pct"": 12.790000000000001}, {""score"": ""1 - 1"", ""pct"": 12.33}, {""score"": ""0 - 0"", ""pct"": 9.969999999999999}]"
Switzerland,Iraq,Neutral,1.54,0.982,49.4,27.0,23.5,50.0,7.1,9.2,23.2,4.6,5.9,66.3,33.7,"[{""score"": ""1 - 0"", ""pct"": 12.57}, {""score"": ""1 - 1"", ""pct"": 11.93}, {""score"": ""0 - 0"", ""pct"": 9.21}]"
Switzerland,Brazil,Neutral,1.112,1.66,24.8,25.4,49.8,24.5,4.5,5.5,49.5,7.5,8.6,34.5,65.5,"[{""score"": ""1 - 1"", ""pct"": 11.62}, {""score"": ""0 - 1"", ""pct"": 10.31}, {""score"": ""1 - 2"", ""pct"": 9.569999999999999}]"
Switzerland,United States,Neutral,1.563,1.1,47.9,25.8,26.3,47.9,7.0,8.6,25.1,4.8,6.5,63.6,36.4,"[{""score"": ""1 - 0"", ""pct"": 11.82}, {""score"": ""1 - 1"", ""pct"": 11.62}, {""score"": ""2 - 1"", ""pct"": 9.22}]"
Switzerland,Ghana,Neutral,1.84,0.739,63.4,22.9,13.7,63.7,7.5,8.9,13.4,2.9,3.7,80.0,20.0,"[{""score"": ""1 - 0"", ""pct"": 13.98}, {""score"": ""2 - 0"", ""pct"": 13.059999999999999}, {""score"": ""1 - 1"", ""pct"": 10.34}]"
Switzerland,Uruguay,Neutral,1.157,1.31,32.0,27.9,40.1,32.1,6.0,7.9,38.6,6.7,8.7,46.0,54.0,"[{""score"": ""1 - 1"", ""pct"": 12.83}, {""score"": ""0 - 1"", ""pct"": 11.26}, {""score"": ""1 - 0"", ""pct"": 9.9}]"
Switzerland,Portugal,Neutral,1.108,1.533,26.4,26.5,47.1,26.8,4.6,6.3,47.1,7.0,8.1,37.7,62.3,"[{""score"": ""1 - 1"", ""pct"": 11.959999999999999}, {""score"": ""0 - 1"", ""pct"": 11.59}, {""score"": ""1 - 2"", ""pct"": 9.42}]"
Switzerland,Algeria,Neutral,1.2,1.216,34.6,29.5,35.8,35.7,6.1,8.6,35.9,5.4,8.3,50.4,49.6,"[{""score"": ""1 - 1"", ""pct"": 13.71}, {""score"": ""0 - 1"", ""pct"": 11.04}, {""score"": ""1 - 0"", ""pct"": 10.24}]"
Switzerland,Spain,Neutral,0.895,1.774,17.8,24.1,58.2,17.2,3.2,4.5,58.4,7.9,8.9,24.9,75.1,"[{""score"": ""0 - 1"", ""pct"": 12.8}, {""score"": ""1 - 1"", ""pct"": 10.76}, {""score"": ""0 - 2"", ""pct"": 10.58}]"
Switzerland,Bosnia and Herzegovina,Neutral,1.978,0.721,67.1,20.7,12.2,66.9,7.9,8.2,11.7,2.2,3.2,82.9,17.1,"[{""score"": ""1 - 0"", ""pct"": 14.000000000000002}, {""score"": ""2 - 0"", ""pct"": 12.520000000000001}, {""score"": ""2 - 1"", ""pct"": 9.6}]"
Switzerland,South Africa,Neutral,1.758,0.859,59.6,24.1,16.4,58.3,7.6,9.2,16.7,3.7,4.5,75.1,24.9,"[{""score"": ""1 - 0"", ""pct"": 13.600000000000001}, {""score"": ""1 - 1"", ""pct"": 11.35}, {""score"": ""2 - 0"", ""pct"": 11.32}]"
Switzerland,DR Congo,Neutral,1.472,0.964,48.7,26.8,24.5,49.1,7.4,9.4,23.9,4.2,5.9,66.0,34.0,"[{""score"": ""1 - 0"", ""pct"": 12.83}, {""score"": ""1 - 1"", ""pct"": 12.21}, {""score"": ""2 - 0"", ""pct"": 9.47}]"
Switzerland,Croatia,Neutral,1.24,1.326,33.4,28.1,38.5,33.4,6.4,7.3,38.5,6.2,8.2,47.2,52.8,"[{""score"": ""1 - 1"", ""pct"": 12.73}, {""score"": ""0 - 1"", ""pct"": 10.12}, {""score"": ""1 - 0"", ""pct"": 9.47}]"
Switzerland,Norway,Neutral,1.223,1.317,33.5,28.6,37.9,34.2,6.0,7.9,37.3,6.2,8.5,48.1,51.9,"[{""score"": ""1 - 1"", ""pct"": 13.13}, {""score"": ""0 - 1"", ""pct"": 10.15}, {""score"": ""1 - 0"", ""pct"": 9.75}]"
Switzerland,Turkey,Neutral,1.215,1.29,33.9,28.3,37.8,34.5,6.5,8.1,36.0,6.8,8.2,49.1,50.9,"[{""score"": ""1 - 1"", ""pct"": 12.8}, {""score"": ""0 - 1"", ""pct"": 10.36}, {""score"": ""1 - 0"", ""pct"": 9.21}]"
Switzerland,Morocco,Neutral,1.052,1.511,25.9,26.9,47.2,26.1,4.7,6.1,47.0,7.1,8.9,37.0,63.0,"[{""score"": ""1 - 1"", ""pct"": 12.18}, {""score"": ""0 - 1"", ""pct"": 11.959999999999999}, {""score"": ""1 - 2"", ""pct"": 9.01}]"
Switzerland,Haiti,Neutral,1.623,1.018,51.6,26.1,22.3,50.5,7.5,8.9,23.1,4.2,5.8,66.9,33.1,"[{""score"": ""1 - 0"", ""pct"": 11.91}, {""score"": ""1 - 1"", ""pct"": 11.89}, {""score"": ""2 - 1"", ""pct"": 9.77}]"
Switzerland,South Korea,Neutral,1.296,1.278,36.0,28.2,35.8,37.2,6.1,8.1,34.6,6.3,7.6,51.4,48.6,"[{""score"": ""1 - 1"", ""pct"": 12.85}, {""score"": ""1 - 0"", ""pct"": 10.190000000000001}, {""score"": ""0 - 1"", ""pct"": 10.08}]"
Switzerland,Curaçao,Neutral,1.963,0.746,66.1,21.9,12.0,66.7,7.7,8.1,12.0,2.4,3.0,82.5,17.5,"[{""score"": ""1 - 0"", ""pct"": 13.28}, {""score"": ""2 - 0"", ""pct"": 13.11}, {""score"": ""1 - 1"", ""pct"": 9.950000000000001}]"
Switzerland,Paraguay,Neutral,1.282,1.25,36.8,28.1,35.1,36.6,5.7,7.8,36.1,5.8,8.0,50.2,49.8,"[{""score"": ""1 - 1"", ""pct"": 12.43}, {""score"": ""1 - 0"", ""pct"": 10.75}, {""score"": ""0 - 1"", ""pct"": 9.69}]"
Switzerland,Iran,Neutral,1.22,1.302,34.4,27.4,38.1,34.4,5.6,7.7,37.8,6.0,8.5,47.7,52.3,"[{""score"": ""1 - 1"", ""pct"": 12.17}, {""score"": ""0 - 1"", ""pct"": 10.96}, {""score"": ""1 - 0"", ""pct"": 10.08}]"
Brazil,Jordan,Neutral,2.035,0.976,62.5,21.1,16.4,62.8,7.3,7.4,15.9,2.8,3.7,77.6,22.4,"[{""score"": ""1 - 0"", ""pct"": 10.73}, {""score"": ""2 - 0"", ""pct"": 10.35}, {""score"": ""2 - 1"", ""pct"": 9.6}]"
Brazil,Australia,Neutral,1.488,1.111,46.4,26.2,27.4,45.9,7.0,8.4,27.0,5.1,6.5,61.4,38.6,"[{""score"": ""1 - 1"", ""pct"": 11.940000000000001}, {""score"": ""1 - 0"", ""pct"": 11.85}, {""score"": ""2 - 1"", ""pct"": 9.75}]"
Brazil,Germany,Neutral,1.506,1.164,44.4,27.0,28.6,45.4,7.1,8.0,27.8,5.4,6.2,60.5,39.5,"[{""score"": ""1 - 1"", ""pct"": 12.06}, {""score"": ""1 - 0"", ""pct"": 10.879999999999999}, {""score"": ""2 - 1"", ""pct"": 8.93}]"
Brazil,Canada,Neutral,1.508,1.054,47.4,27.5,25.1,47.6,7.1,8.9,25.2,4.6,6.6,63.6,36.4,"[{""score"": ""1 - 1"", ""pct"": 12.540000000000001}, {""score"": ""1 - 0"", ""pct"": 11.99}, {""score"": ""2 - 1"", ""pct"": 9.35}]"
Brazil,Czech Republic,Neutral,1.942,0.916,62.4,22.2,15.4,61.1,7.9,8.5,16.0,2.8,3.7,77.5,22.5,"[{""score"": ""1 - 0"", ""pct"": 11.37}, {""score"": ""2 - 0"", ""pct"": 10.73}, {""score"": ""2 - 1"", ""pct"": 10.34}]"
Brazil,Saudi Arabia,Neutral,1.986,0.766,66.4,21.1,12.5,66.1,8.0,8.0,12.5,2.5,3.0,82.0,18.0,"[{""score"": ""1 - 0"", ""pct"": 13.69}, {""score"": ""2 - 0"", ""pct"": 12.58}, {""score"": ""1 - 1"", ""pct"": 10.01}]"
Brazil,Mexico,Neutral,1.406,1.086,44.1,28.3,27.5,43.2,7.0,9.5,28.4,5.1,6.9,59.6,40.4,"[{""score"": ""1 - 1"", ""pct"": 12.42}, {""score"": ""1 - 0"", ""pct"": 12.15}, {""score"": ""2 - 1"", ""pct"": 9.55}]"
Brazil,Argentina,Neutral,1.034,1.516,24.7,26.5,48.8,24.1,4.3,6.3,49.1,6.9,9.3,34.8,65.2,"[{""score"": ""0 - 1"", ""pct"": 13.0}, {""score"": ""1 - 1"", ""pct"": 12.0}, {""score"": ""1 - 2"", ""pct"": 9.16}]"
Brazil,New Zealand,Neutral,2.031,0.78,66.6,20.3,13.1,67.0,7.0,7.9,12.5,2.6,3.0,81.9,18.1,"[{""score"": ""1 - 0"", ""pct"": 12.72}, {""score"": ""2 - 0"", ""pct"": 12.29}, {""score"": ""2 - 1"", ""pct"": 9.82}]"
Brazil,Senegal,Neutral,1.633,1.117,48.2,26.2,25.6,49.3,7.2,8.8,24.8,4.3,5.6,65.3,34.7,"[{""score"": ""1 - 1"", ""pct"": 11.83}, {""score"": ""1 - 0"", ""pct"": 10.38}, {""score"": ""2 - 1"", ""pct"": 9.8}]"
Brazil,Sweden,Neutral,2.103,0.826,67.6,20.2,12.3,67.8,7.0,7.6,12.2,2.4,3.1,82.4,17.6,"[{""score"": ""2 - 0"", ""pct"": 12.09}, {""score"": ""1 - 0"", ""pct"": 11.690000000000001}, {""score"": ""2 - 1"", ""pct"": 10.33}]"
Brazil,Netherlands,Neutral,1.476,1.151,44.0,27.0,29.1,43.6,7.1,8.8,29.2,4.9,6.5,59.5,40.5,"[{""score"": ""1 - 1"", ""pct"": 12.07}, {""score"": ""1 - 0"", ""pct"": 11.29}, {""score"": ""2 - 1"", ""pct"": 9.25}]"
Brazil,Tunisia,Neutral,1.773,0.769,62.3,22.7,15.0,61.6,7.5,9.1,15.0,2.8,4.0,78.2,21.8,"[{""score"": ""1 - 0"", ""pct"": 14.219999999999999}, {""score"": ""2 - 0"", ""pct"": 12.86}, {""score"": ""1 - 1"", ""pct"": 9.98}]"
Brazil,Scotland,Neutral,1.937,0.968,60.4,22.0,17.5,60.3,7.1,8.0,17.6,3.1,3.8,75.4,24.6,"[{""score"": ""1 - 0"", ""pct"": 11.32}, {""score"": ""2 - 0"", ""pct"": 10.59}, {""score"": ""1 - 1"", ""pct"": 10.280000000000001}]"
Brazil,Colombia,Neutral,1.295,1.283,36.2,27.6,36.3,36.6,6.0,8.0,35.7,5.8,7.8,50.6,49.4,"[{""score"": ""1 - 1"", ""pct"": 12.23}, {""score"": ""0 - 1"", ""pct"": 10.03}, {""score"": ""1 - 0"", ""pct"": 9.520000000000001}]"
Brazil,Japan,Neutral,1.272,1.163,39.2,28.9,31.9,38.1,6.0,8.9,33.6,5.5,8.0,52.9,47.1,"[{""score"": ""1 - 1"", ""pct"": 13.03}, {""score"": ""1 - 0"", ""pct"": 11.600000000000001}, {""score"": ""0 - 1"", ""pct"": 10.57}]"
Brazil,France,Neutral,1.246,1.347,33.5,28.7,37.8,32.7,6.2,7.4,39.6,6.5,7.6,46.3,53.7,"[{""score"": ""1 - 1"", ""pct"": 13.139999999999999}, {""score"": ""0 - 1"", ""pct"": 9.86}, {""score"": ""1 - 0"", ""pct"": 9.33}]"
Brazil,Uzbekistan,Neutral,1.672,0.982,53.1,25.7,21.1,53.6,7.3,8.7,21.5,3.8,5.0,69.6,30.4,"[{""score"": ""1 - 1"", ""pct"": 11.84}, {""score"": ""1 - 0"", ""pct"": 11.600000000000001}, {""score"": ""2 - 0"", ""pct"": 9.93}]"
Brazil,Ecuador,Neutral,1.311,1.154,39.8,28.4,31.8,40.0,6.6,8.8,31.8,5.4,7.5,55.3,44.7,"[{""score"": ""1 - 1"", ""pct"": 13.22}, {""score"": ""1 - 0"", ""pct"": 10.97}, {""score"": ""0 - 1"", ""pct"": 9.43}]"
Brazil,Qatar,Neutral,2.763,0.656,82.1,12.1,5.8,81.6,5.7,4.7,5.9,1.0,1.1,91.9,8.1,"[{""score"": ""2 - 0"", ""pct"": 13.29}, {""score"": ""3 - 0"", ""pct"": 12.08}, {""score"": ""1 - 0"", ""pct"": 9.5}]"
Brazil,Ivory Coast,Neutral,1.789,0.961,57.1,23.6,19.3,57.6,7.4,8.2,18.7,3.5,4.7,73.2,26.8,"[{""score"": ""1 - 0"", ""pct"": 12.04}, {""score"": ""1 - 1"", ""pct"": 10.63}, {""score"": ""2 - 1"", ""pct"": 10.43}]"
Brazil,England,Neutral,1.15,1.274,32.3,28.8,38.9,32.4,5.4,8.2,38.6,6.7,8.6,46.1,53.9,"[{""score"": ""1 - 1"", ""pct"": 13.25}, {""score"": ""0 - 1"", ""pct"": 11.62}, {""score"": ""1 - 0"", ""pct"": 9.56}]"
Brazil,Cape Verde,Neutral,2.102,0.753,69.1,19.9,11.0,68.8,7.5,7.3,11.3,2.1,2.9,83.7,16.3,"[{""score"": ""1 - 0"", ""pct"": 12.809999999999999}, {""score"": ""2 - 0"", ""pct"": 12.41}, {""score"": ""2 - 1"", ""pct"": 9.71}]"
Brazil,Panama,Neutral,1.908,1.09,55.8,23.4,20.8,57.0,7.5,7.7,20.1,3.6,4.2,72.2,27.8,"[{""score"": ""1 - 1"", ""pct"": 10.879999999999999}, {""score"": ""1 - 0"", ""pct"": 10.290000000000001}, {""score"": ""2 - 1"", ""pct"": 9.67}]"
Brazil,Austria,Neutral,1.705,0.975,54.4,25.4,20.2,53.7,7.7,8.9,20.7,3.8,5.1,70.3,29.7,"[{""score"": ""1 - 0"", ""pct"": 11.86}, {""score"": ""1 - 1"", ""pct"": 11.72}, {""score"": ""2 - 1"", ""pct"": 9.950000000000001}]"
Brazil,Belgium,Neutral,1.52,1.11,47.1,26.2,26.7,46.3,6.7,8.8,27.1,4.8,6.2,61.9,38.1,"[{""score"": ""1 - 1"", ""pct"": 12.22}, {""score"": ""1 - 0"", ""pct"": 11.28}, {""score"": ""2 - 1"", ""pct"": 9.54}]"
Brazil,Egypt,Neutral,1.69,0.811,58.4,24.4,17.2,58.1,7.5,9.6,17.0,3.2,4.6,75.1,24.9,"[{""score"": ""1 - 0"", ""pct"": 13.99}, {""score"": ""1 - 1"", ""pct"": 11.459999999999999}, {""score"": ""2 - 0"", ""pct"": 11.24}]"
Brazil,Iraq,Neutral,1.748,0.762,60.3,24.2,15.5,60.5,7.8,9.5,15.4,2.8,4.1,77.8,22.2,"[{""score"": ""1 - 0"", ""pct"": 14.81}, {""score"": ""2 - 0"", ""pct"": 12.4}, {""score"": ""1 - 1"", ""pct"": 10.8}]"
Brazil,Switzerland,Neutral,1.66,1.112,50.2,25.0,24.8,49.8,7.1,8.4,24.4,4.8,5.5,65.3,34.7,"[{""score"": ""1 - 1"", ""pct"": 11.379999999999999}, {""score"": ""1 - 0"", ""pct"": 10.95}, {""score"": ""2 - 1"", ""pct"": 9.16}]"
Brazil,United States,Neutral,1.928,1.004,59.3,22.9,17.8,58.8,7.3,7.9,18.6,3.7,3.7,74.0,26.0,"[{""score"": ""1 - 0"", ""pct"": 11.01}, {""score"": ""2 - 1"", ""pct"": 10.27}, {""score"": ""1 - 1"", ""pct"": 10.16}]"
Brazil,Ghana,Neutral,2.294,0.677,74.4,17.4,8.3,74.9,6.3,6.8,8.2,1.7,2.1,88.0,12.0,"[{""score"": ""2 - 0"", ""pct"": 13.120000000000001}, {""score"": ""1 - 0"", ""pct"": 12.34}, {""score"": ""3 - 0"", ""pct"": 10.26}]"
Brazil,Uruguay,Neutral,1.515,1.116,46.1,26.9,27.1,46.3,7.0,8.4,27.0,5.0,6.3,61.7,38.3,"[{""score"": ""1 - 1"", ""pct"": 12.83}, {""score"": ""1 - 0"", ""pct"": 11.26}, {""score"": ""2 - 1"", ""pct"": 9.02}]"
Brazil,Portugal,Neutral,1.331,1.219,38.4,28.8,32.8,38.7,6.4,8.6,33.5,5.8,7.1,53.6,46.4,"[{""score"": ""1 - 1"", ""pct"": 13.350000000000001}, {""score"": ""1 - 0"", ""pct"": 10.36}, {""score"": ""0 - 1"", ""pct"": 9.25}]"
Brazil,Algeria,Neutral,1.51,1.065,47.2,27.0,25.8,47.5,7.1,9.0,25.6,4.5,6.3,63.6,36.4,"[{""score"": ""1 - 1"", ""pct"": 12.590000000000002}, {""score"": ""1 - 0"", ""pct"": 11.73}, {""score"": ""2 - 1"", ""pct"": 9.44}]"
Brazil,Spain,Neutral,1.065,1.594,24.2,26.1,49.7,24.6,4.9,5.7,48.1,7.8,8.9,35.2,64.8,"[{""score"": ""1 - 1"", ""pct"": 12.02}, {""score"": ""0 - 1"", ""pct"": 11.07}, {""score"": ""1 - 2"", ""pct"": 9.71}]"
Brazil,Bosnia and Herzegovina,Neutral,2.418,0.69,76.0,15.9,8.1,76.2,6.8,5.9,7.8,1.6,1.7,88.9,11.1,"[{""score"": ""2 - 0"", ""pct"": 13.059999999999999}, {""score"": ""1 - 0"", ""pct"": 11.469999999999999}, {""score"": ""3 - 0"", ""pct"": 9.969999999999999}]"
Brazil,South Africa,Neutral,1.979,0.726,65.8,21.4,12.9,67.3,7.3,8.6,11.4,2.3,3.1,83.2,16.8,"[{""score"": ""1 - 0"", ""pct"": 13.34}, {""score"": ""2 - 0"", ""pct"": 12.45}, {""score"": ""2 - 1"", ""pct"": 9.67}]"
Brazil,DR Congo,Neutral,1.695,0.74,60.2,24.6,15.2,60.9,7.5,9.5,15.1,2.8,4.1,77.9,22.1,"[{""score"": ""1 - 0"", ""pct"": 15.45}, {""score"": ""2 - 0"", ""pct"": 12.559999999999999}, {""score"": ""1 - 1"", ""pct"": 11.29}]"
Brazil,Croatia,Neutral,1.589,1.121,48.3,26.4,25.4,48.0,7.1,8.0,26.2,4.9,6.0,63.0,37.0,"[{""score"": ""1 - 1"", ""pct"": 11.790000000000001}, {""score"": ""1 - 0"", ""pct"": 11.04}, {""score"": ""2 - 1"", ""pct"": 9.67}]"
Brazil,Norway,Neutral,1.518,1.142,45.5,26.7,27.9,45.9,6.8,8.2,27.7,5.1,6.2,61.0,39.0,"[{""score"": ""1 - 1"", ""pct"": 11.899999999999999}, {""score"": ""1 - 0"", ""pct"": 10.89}, {""score"": ""2 - 1"", ""pct"": 9.17}]"
Brazil,Turkey,Neutral,1.514,1.11,46.2,26.6,27.2,46.6,7.0,8.5,26.5,4.9,6.5,62.1,37.9,"[{""score"": ""1 - 1"", ""pct"": 12.590000000000002}, {""score"": ""1 - 0"", ""pct"": 11.700000000000001}, {""score"": ""2 - 1"", ""pct"": 9.139999999999999}]"
Brazil,Morocco,Neutral,1.293,1.163,39.3,28.7,32.1,38.1,6.5,8.6,32.8,5.6,8.3,53.2,46.8,"[{""score"": ""1 - 1"", ""pct"": 13.089999999999998}, {""score"": ""1 - 0"", ""pct"": 11.459999999999999}, {""score"": ""0 - 1"", ""pct"": 9.93}]"
Brazil,Haiti,Neutral,1.867,0.818,63.2,22.1,14.7,63.1,7.7,8.5,14.6,2.5,3.5,79.3,20.7,"[{""score"": ""1 - 0"", ""pct"": 12.7}, {""score"": ""2 - 0"", ""pct"": 12.15}, {""score"": ""1 - 1"", ""pct"": 10.33}]"
Brazil,South Korea,Neutral,1.649,1.102,50.4,25.3,24.2,49.2,7.4,8.3,24.8,4.8,5.6,64.9,35.1,"[{""score"": ""1 - 1"", ""pct"": 11.21}, {""score"": ""1 - 0"", ""pct"": 10.58}, {""score"": ""2 - 1"", ""pct"": 9.53}]"
Brazil,Curaçao,Neutral,2.366,0.695,75.8,16.1,8.1,75.3,7.0,6.3,8.3,1.2,1.9,88.5,11.5,"[{""score"": ""2 - 0"", ""pct"": 12.8}, {""score"": ""1 - 0"", ""pct"": 12.04}, {""score"": ""3 - 0"", ""pct"": 10.37}]"
Brazil,Paraguay,Neutral,1.652,1.088,50.9,24.8,24.3,49.6,7.2,8.9,23.7,4.8,5.9,65.7,34.3,"[{""score"": ""1 - 1"", ""pct"": 11.55}, {""score"": ""1 - 0"", ""pct"": 11.12}, {""score"": ""2 - 1"", ""pct"": 9.49}]"
Brazil,Iran,Neutral,1.476,1.128,44.9,27.4,27.7,44.8,6.9,8.5,27.8,5.3,6.8,60.1,39.9,"[{""score"": ""1 - 1"", ""pct"": 12.509999999999998}, {""score"": ""1 - 0"", ""pct"": 11.29}, {""score"": ""2 - 1"", ""pct"": 8.780000000000001}]"
United States,Jordan,Neutral,1.383,1.273,38.8,27.9,33.3,39.6,6.6,7.6,32.9,5.8,7.6,53.8,46.2,"[{""score"": ""1 - 1"", ""pct"": 12.740000000000002}, {""score"": ""1 - 0"", ""pct"": 9.64}, {""score"": ""0 - 1"", ""pct"": 8.76}]"
United States,Australia,Neutral,1.051,1.528,24.9,26.5,48.5,25.5,4.4,6.0,48.1,7.0,9.0,35.9,64.1,"[{""score"": ""1 - 1"", ""pct"": 11.799999999999999}, {""score"": ""0 - 1"", ""pct"": 11.55}, {""score"": ""1 - 2"", ""pct"": 9.68}]"
United States,Germany,Neutral,1.053,1.731,21.8,24.2,53.9,22.7,4.2,4.9,52.5,7.9,7.7,31.9,68.2,"[{""score"": ""1 - 1"", ""pct"": 11.18}, {""score"": ""0 - 1"", ""pct"": 11.020000000000001}, {""score"": ""1 - 2"", ""pct"": 10.059999999999999}]"
United States,Canada,Neutral,1.028,1.484,25.1,27.4,47.5,25.2,5.0,6.2,47.6,7.0,9.0,36.4,63.6,"[{""score"": ""1 - 1"", ""pct"": 12.57}, {""score"": ""0 - 1"", ""pct"": 12.2}, {""score"": ""0 - 0"", ""pct"": 9.17}]"
United States,Czech Republic,Neutral,1.51,1.121,45.5,27.1,27.5,45.9,6.7,8.3,27.9,4.9,6.4,60.8,39.2,"[{""score"": ""1 - 1"", ""pct"": 12.280000000000001}, {""score"": ""1 - 0"", ""pct"": 11.41}, {""score"": ""2 - 1"", ""pct"": 8.74}]"
United States,Saudi Arabia,Neutral,1.529,1.023,48.7,27.2,24.2,48.7,7.4,9.2,24.1,4.8,5.8,65.3,34.7,"[{""score"": ""1 - 1"", ""pct"": 12.49}, {""score"": ""1 - 0"", ""pct"": 12.34}, {""score"": ""2 - 1"", ""pct"": 9.51}]"
United States,Mexico,Neutral,1.008,1.61,23.0,26.3,50.7,22.6,4.0,5.4,52.1,7.2,8.7,32.0,68.0,"[{""score"": ""0 - 1"", ""pct"": 12.58}, {""score"": ""1 - 1"", ""pct"": 12.17}, {""score"": ""1 - 2"", ""pct"": 9.04}]"
United States,Argentina,Neutral,0.775,1.901,13.6,22.2,64.2,13.1,2.8,3.4,64.0,8.0,8.8,19.3,80.7,"[{""score"": ""0 - 1"", ""pct"": 12.97}, {""score"": ""0 - 2"", ""pct"": 12.75}, {""score"": ""1 - 1"", ""pct"": 10.17}]"
United States,New Zealand,Neutral,1.559,1.072,48.7,26.3,25.0,48.4,7.3,8.1,25.5,4.7,6.1,63.8,36.2,"[{""score"": ""1 - 1"", ""pct"": 12.049999999999999}, {""score"": ""1 - 0"", ""pct"": 11.34}, {""score"": ""2 - 1"", ""pct"": 9.790000000000001}]"
United States,Senegal,Neutral,1.099,1.546,26.0,26.1,47.9,25.8,4.8,6.3,47.2,7.1,8.8,37.0,63.0,"[{""score"": ""1 - 1"", ""pct"": 11.89}, {""score"": ""0 - 1"", ""pct"": 11.41}, {""score"": ""1 - 2"", ""pct"": 9.67}]"
United States,Sweden,Neutral,1.599,1.084,49.8,25.6,24.6,49.7,7.2,8.4,24.4,4.5,5.8,65.2,34.8,"[{""score"": ""1 - 1"", ""pct"": 12.21}, {""score"": ""1 - 0"", ""pct"": 10.84}, {""score"": ""2 - 1"", ""pct"": 10.09}]"
United States,Netherlands,Neutral,1.042,1.665,22.4,24.4,53.2,23.0,4.3,5.2,52.4,6.9,8.2,32.5,67.5,"[{""score"": ""0 - 1"", ""pct"": 11.35}, {""score"": ""1 - 1"", ""pct"": 11.21}, {""score"": ""1 - 2"", ""pct"": 10.37}]"
United States,Tunisia,Neutral,1.427,1.078,44.1,27.3,28.6,45.2,6.6,9.1,27.5,4.8,6.9,60.8,39.2,"[{""score"": ""1 - 1"", ""pct"": 12.42}, {""score"": ""1 - 0"", ""pct"": 11.98}, {""score"": ""0 - 1"", ""pct"": 9.26}]"
United States,Scotland,Neutral,1.317,1.236,38.1,28.1,33.7,37.4,6.0,8.5,34.8,5.7,7.6,51.9,48.1,"[{""score"": ""1 - 1"", ""pct"": 12.82}, {""score"": ""1 - 0"", ""pct"": 10.58}, {""score"": ""0 - 1"", ""pct"": 9.93}]"
United States,Colombia,Neutral,0.98,1.762,18.7,24.8,56.5,19.2,3.8,4.7,55.5,8.0,8.8,27.7,72.3,"[{""score"": ""0 - 1"", ""pct"": 12.120000000000001}, {""score"": ""1 - 1"", ""pct"": 11.200000000000001}, {""score"": ""1 - 2"", ""pct"": 10.39}]"
United States,Japan,Neutral,0.996,1.734,20.6,23.9,55.5,20.7,3.6,4.7,55.5,6.9,8.5,29.1,70.9,"[{""score"": ""0 - 1"", ""pct"": 12.370000000000001}, {""score"": ""1 - 1"", ""pct"": 11.19}, {""score"": ""1 - 2"", ""pct"": 9.56}]"
United States,France,Neutral,0.881,1.84,16.2,23.0,60.8,16.0,3.1,4.4,61.0,7.5,8.1,23.5,76.5,"[{""score"": ""0 - 1"", ""pct"": 12.509999999999998}, {""score"": ""0 - 2"", ""pct"": 11.23}, {""score"": ""1 - 1"", ""pct"": 10.37}]"
United States,Uzbekistan,Neutral,1.159,1.32,31.5,28.4,40.1,32.8,5.4,8.0,38.6,6.7,8.6,46.1,53.9,"[{""score"": ""1 - 1"", ""pct"": 13.020000000000001}, {""score"": ""0 - 1"", ""pct"": 10.97}, {""score"": ""1 - 0"", ""pct"": 10.040000000000001}]"
United States,Ecuador,Neutral,1.028,1.663,22.3,26.1,51.5,23.1,4.2,5.3,51.8,7.0,8.5,32.7,67.3,"[{""score"": ""0 - 1"", ""pct"": 11.62}, {""score"": ""1 - 1"", ""pct"": 11.52}, {""score"": ""1 - 2"", ""pct"": 9.67}]"
United States,Qatar,Neutral,1.979,0.754,67.2,21.0,11.8,66.3,7.9,7.6,12.4,2.5,3.3,81.8,18.2,"[{""score"": ""1 - 0"", ""pct"": 12.97}, {""score"": ""2 - 0"", ""pct"": 12.709999999999999}, {""score"": ""2 - 1"", ""pct"": 10.489999999999998}]"
United States,Ivory Coast,Neutral,1.232,1.226,36.5,28.7,34.7,36.0,5.9,8.2,35.8,6.1,8.0,50.1,49.9,"[{""score"": ""1 - 1"", ""pct"": 12.959999999999999}, {""score"": ""1 - 0"", ""pct"": 11.1}, {""score"": ""0 - 1"", ""pct"": 10.05}]"
United States,England,Neutral,0.905,1.81,17.5,23.2,59.3,17.3,3.4,3.9,58.9,7.6,8.9,24.6,75.4,"[{""score"": ""0 - 1"", ""pct"": 12.740000000000002}, {""score"": ""0 - 2"", ""pct"": 10.639999999999999}, {""score"": ""1 - 1"", ""pct"": 10.4}]"
United States,Cape Verde,Neutral,1.646,1.036,52.0,25.6,22.4,51.6,6.9,8.8,23.1,4.2,5.4,67.3,32.7,"[{""score"": ""1 - 0"", ""pct"": 12.02}, {""score"": ""1 - 1"", ""pct"": 11.459999999999999}, {""score"": ""2 - 1"", ""pct"": 9.8}]"
United States,Panama,Neutral,1.238,1.377,32.1,27.8,40.1,32.1,5.7,7.2,39.5,6.9,8.6,45.0,55.0,"[{""score"": ""1 - 1"", ""pct"": 12.32}, {""score"": ""0 - 1"", ""pct"": 10.03}, {""score"": ""1 - 0"", ""pct"": 9.030000000000001}]"
United States,Austria,Neutral,1.182,1.301,33.2,27.6,39.1,33.5,5.9,8.0,37.6,6.5,8.6,47.3,52.7,"[{""score"": ""1 - 1"", ""pct"": 12.3}, {""score"": ""0 - 1"", ""pct"": 11.4}, {""score"": ""1 - 0"", ""pct"": 10.38}]"
United States,Belgium,Neutral,1.053,1.56,23.9,25.8,50.3,24.6,4.7,5.5,49.4,7.3,8.4,34.9,65.1,"[{""score"": ""0 - 1"", ""pct"": 12.06}, {""score"": ""1 - 1"", ""pct"": 11.58}, {""score"": ""1 - 2"", ""pct"": 10.0}]"
United States,Egypt,Neutral,1.215,1.149,36.5,28.8,34.6,37.2,6.3,8.7,33.9,5.8,8.2,52.2,47.8,"[{""score"": ""1 - 1"", ""pct"": 13.66}, {""score"": ""0 - 1"", ""pct"": 11.27}, {""score"": ""1 - 0"", ""pct"": 11.27}]"
United States,Iraq,Neutral,1.384,1.03,43.6,28.2,28.3,43.2,7.2,9.5,27.9,5.1,7.0,59.9,40.1,"[{""score"": ""1 - 1"", ""pct"": 12.43}, {""score"": ""1 - 0"", ""pct"": 12.19}, {""score"": ""0 - 0"", ""pct"": 10.32}]"
United States,Switzerland,Neutral,1.1,1.563,26.3,26.5,47.2,25.8,4.8,6.3,47.7,6.8,8.7,36.9,63.1,"[{""score"": ""1 - 1"", ""pct"": 12.1}, {""score"": ""0 - 1"", ""pct"": 10.61}, {""score"": ""1 - 2"", ""pct"": 9.5}]"
United States,Brazil,Neutral,1.004,1.928,18.5,22.7,58.7,19.1,3.4,4.2,58.1,7.3,8.0,26.6,73.4,"[{""score"": ""0 - 1"", ""pct"": 10.33}, {""score"": ""1 - 1"", ""pct"": 10.27}, {""score"": ""0 - 2"", ""pct"": 10.09}]"
United States,Ghana,Neutral,1.656,0.905,56.0,24.6,19.4,55.5,7.3,9.2,19.6,3.4,5.1,72.0,28.0,"[{""score"": ""1 - 0"", ""pct"": 13.469999999999999}, {""score"": ""1 - 1"", ""pct"": 11.35}, {""score"": ""2 - 0"", ""pct"": 10.37}]"
United States,Uruguay,Neutral,1.053,1.588,23.2,26.3,50.5,24.2,4.3,5.8,49.4,7.6,8.6,34.4,65.6,"[{""score"": ""0 - 1"", ""pct"": 11.88}, {""score"": ""1 - 1"", ""pct"": 11.87}, {""score"": ""1 - 2"", ""pct"": 9.879999999999999}]"
United States,Portugal,Neutral,1.042,1.74,21.7,24.3,54.0,21.5,3.8,5.3,53.2,7.6,8.6,30.5,69.5,"[{""score"": ""0 - 1"", ""pct"": 11.52}, {""score"": ""1 - 1"", ""pct"": 10.73}, {""score"": ""1 - 2"", ""pct"": 9.66}]"
United States,Algeria,Neutral,1.026,1.511,24.9,26.9,48.2,25.0,4.9,6.3,48.0,7.1,8.7,36.2,63.8,"[{""score"": ""1 - 1"", ""pct"": 12.24}, {""score"": ""0 - 1"", ""pct"": 12.04}, {""score"": ""1 - 2"", ""pct"": 9.62}]"
United States,Spain,Neutral,0.844,1.974,13.9,21.5,64.6,14.1,2.9,3.2,63.6,7.8,8.3,20.2,79.8,"[{""score"": ""0 - 2"", ""pct"": 11.88}, {""score"": ""0 - 1"", ""pct"": 11.68}, {""score"": ""1 - 2"", ""pct"": 9.71}]"
United States,Bosnia and Herzegovina,Neutral,1.831,0.866,60.0,23.4,16.6,60.7,7.6,8.3,16.1,3.0,4.4,76.6,23.4,"[{""score"": ""1 - 0"", ""pct"": 12.509999999999998}, {""score"": ""2 - 0"", ""pct"": 10.879999999999999}, {""score"": ""1 - 1"", ""pct"": 10.84}]"
United States,South Africa,Neutral,1.595,1.023,51.1,25.5,23.4,50.9,6.5,9.0,23.7,4.0,5.9,66.3,33.7,"[{""score"": ""1 - 0"", ""pct"": 12.57}, {""score"": ""1 - 1"", ""pct"": 11.799999999999999}, {""score"": ""2 - 0"", ""pct"": 9.379999999999999}]"
United States,DR Congo,Neutral,1.225,0.984,40.8,30.3,28.9,40.9,6.6,9.8,29.4,5.3,8.1,57.3,42.7,"[{""score"": ""1 - 0"", ""pct"": 13.900000000000002}, {""score"": ""1 - 1"", ""pct"": 13.05}, {""score"": ""0 - 0"", ""pct"": 12.13}]"
United States,Croatia,Neutral,1.087,1.551,25.6,26.3,48.1,25.0,5.0,6.2,48.0,7.1,8.7,36.2,63.8,"[{""score"": ""1 - 1"", ""pct"": 12.31}, {""score"": ""0 - 1"", ""pct"": 11.44}, {""score"": ""1 - 2"", ""pct"": 9.51}]"
United States,Norway,Neutral,1.053,1.569,25.0,26.5,48.5,23.9,4.8,5.8,49.2,7.2,9.1,34.5,65.5,"[{""score"": ""1 - 1"", ""pct"": 12.0}, {""score"": ""0 - 1"", ""pct"": 11.690000000000001}, {""score"": ""1 - 2"", ""pct"": 10.01}]"
United States,Turkey,Neutral,1.039,1.555,23.9,26.8,49.2,25.2,4.3,6.0,48.4,7.1,8.9,35.6,64.4,"[{""score"": ""1 - 1"", ""pct"": 12.25}, {""score"": ""0 - 1"", ""pct"": 11.48}, {""score"": ""1 - 2"", ""pct"": 9.55}]"
United States,Morocco,Neutral,1.022,1.749,21.8,24.0,54.3,21.1,4.0,5.1,54.0,7.6,8.1,30.2,69.8,"[{""score"": ""0 - 1"", ""pct"": 10.85}, {""score"": ""1 - 1"", ""pct"": 10.82}, {""score"": ""1 - 2"", ""pct"": 9.94}]"
United States,Haiti,Neutral,1.448,1.078,45.9,27.0,27.1,45.5,7.0,8.9,27.2,4.6,6.8,61.4,38.6,"[{""score"": ""1 - 1"", ""pct"": 12.33}, {""score"": ""1 - 0"", ""pct"": 12.21}, {""score"": ""2 - 1"", ""pct"": 9.06}]"
United States,South Korea,Neutral,1.113,1.537,27.0,26.8,46.2,26.9,5.0,6.2,46.3,7.0,8.5,38.1,61.9,"[{""score"": ""1 - 1"", ""pct"": 12.44}, {""score"": ""0 - 1"", ""pct"": 10.870000000000001}, {""score"": ""1 - 2"", ""pct"": 9.51}]"
United States,Curaçao,Neutral,1.765,0.951,56.9,23.8,19.3,56.3,7.6,8.6,19.4,3.4,4.7,72.5,27.5,"[{""score"": ""1 - 0"", ""pct"": 11.49}, {""score"": ""1 - 1"", ""pct"": 11.01}, {""score"": ""2 - 0"", ""pct"": 10.05}]"
United States,Paraguay,Neutral,1.107,1.506,26.5,26.9,46.7,27.4,5.2,6.3,45.5,7.0,8.6,38.9,61.1,"[{""score"": ""1 - 1"", ""pct"": 12.839999999999998}, {""score"": ""0 - 1"", ""pct"": 11.18}, {""score"": ""1 - 2"", ""pct"": 9.69}]"
United States,Iran,Neutral,1.037,1.545,24.7,26.0,49.3,24.0,4.7,6.4,48.8,6.8,9.2,35.2,64.8,"[{""score"": ""0 - 1"", ""pct"": 12.44}, {""score"": ""1 - 1"", ""pct"": 12.02}, {""score"": ""0 - 2"", ""pct"": 9.27}]"
Ghana,Jordan,Neutral,1.086,1.646,24.2,25.1,50.8,24.6,4.3,5.7,49.9,7.3,8.2,34.5,65.5,"[{""score"": ""1 - 1"", ""pct"": 11.39}, {""score"": ""0 - 1"", ""pct"": 11.04}, {""score"": ""1 - 2"", ""pct"": 9.4}]"
Ghana,Australia,Neutral,0.711,1.823,13.2,22.7,64.2,12.4,2.7,3.5,64.3,7.6,9.4,18.6,81.4,"[{""score"": ""0 - 1"", ""pct"": 14.87}, {""score"": ""0 - 2"", ""pct"": 12.540000000000001}, {""score"": ""1 - 1"", ""pct"": 10.03}]"
Ghana,Germany,Neutral,0.713,1.988,11.5,21.7,66.8,11.7,2.2,3.1,67.3,7.5,8.3,17.0,83.0,"[{""score"": ""0 - 1"", ""pct"": 13.48}, {""score"": ""0 - 2"", ""pct"": 12.590000000000002}, {""score"": ""1 - 2"", ""pct"": 9.87}]"
Ghana,Canada,Neutral,0.719,1.75,14.1,23.7,62.3,13.8,2.7,4.1,63.1,7.8,8.5,20.6,79.4,"[{""score"": ""0 - 1"", ""pct"": 15.540000000000001}, {""score"": ""0 - 2"", ""pct"": 12.7}, {""score"": ""1 - 1"", ""pct"": 10.42}]"
Ghana,Czech Republic,Neutral,0.995,1.465,24.9,27.7,47.3,24.1,4.9,6.3,48.6,6.9,9.2,35.3,64.7,"[{""score"": ""0 - 1"", ""pct"": 12.559999999999999}, {""score"": ""1 - 1"", ""pct"": 12.45}, {""score"": ""0 - 0"", ""pct"": 9.379999999999999}]"
Ghana,Saudi Arabia,Neutral,1.01,1.384,26.6,28.5,44.9,26.2,4.7,7.5,44.2,7.2,10.2,38.4,61.6,"[{""score"": ""1 - 1"", ""pct"": 12.879999999999999}, {""score"": ""0 - 1"", ""pct"": 12.6}, {""score"": ""0 - 0"", ""pct"": 10.05}]"
Ghana,Mexico,Neutral,0.663,1.811,12.2,23.6,64.2,12.3,2.5,3.4,65.4,7.1,9.4,18.1,81.8,"[{""score"": ""0 - 1"", ""pct"": 16.150000000000002}, {""score"": ""0 - 2"", ""pct"": 13.19}, {""score"": ""1 - 1"", ""pct"": 10.6}]"
Ghana,Argentina,Neutral,0.535,2.518,4.9,13.3,81.8,5.1,1.1,1.1,81.8,5.9,5.0,7.3,92.7,"[{""score"": ""0 - 2"", ""pct"": 15.21}, {""score"": ""0 - 1"", ""pct"": 12.690000000000001}, {""score"": ""0 - 3"", ""pct"": 12.68}]"
Ghana,New Zealand,Neutral,1.016,1.446,25.4,28.4,46.2,25.6,4.6,6.7,46.4,7.1,9.6,36.9,63.1,"[{""score"": ""1 - 1"", ""pct"": 12.49}, {""score"": ""0 - 1"", ""pct"": 12.45}, {""score"": ""0 - 0"", ""pct"": 9.76}]"
Ghana,Senegal,Neutral,0.742,1.825,13.1,23.4,63.5,14.1,2.8,3.2,64.0,7.3,8.6,20.1,79.9,"[{""score"": ""0 - 1"", ""pct"": 14.02}, {""score"": ""0 - 2"", ""pct"": 13.38}, {""score"": ""1 - 1"", ""pct"": 10.54}]"
Ghana,Sweden,Neutral,1.051,1.469,25.8,26.6,47.5,25.8,4.9,6.5,46.3,7.0,9.4,37.2,62.8,"[{""score"": ""1 - 1"", ""pct"": 12.8}, {""score"": ""0 - 1"", ""pct"": 12.44}, {""score"": ""1 - 2"", ""pct"": 9.44}]"
Ghana,Netherlands,Neutral,0.712,1.881,12.3,22.4,65.3,12.4,2.2,3.6,65.4,7.3,9.1,18.2,81.8,"[{""score"": ""0 - 1"", ""pct"": 14.6}, {""score"": ""0 - 2"", ""pct"": 12.68}, {""score"": ""1 - 1"", ""pct"": 10.09}]"
Ghana,Tunisia,Neutral,0.942,1.445,23.4,28.4,48.2,23.6,4.5,6.2,48.9,7.4,9.4,34.3,65.7,"[{""score"": ""0 - 1"", ""pct"": 13.41}, {""score"": ""1 - 1"", ""pct"": 13.089999999999998}, {""score"": ""0 - 0"", ""pct"": 10.13}]"
Ghana,Scotland,Neutral,0.96,1.63,20.7,25.3,54.0,21.3,4.2,5.6,52.3,7.4,9.2,31.0,69.0,"[{""score"": ""0 - 1"", ""pct"": 12.41}, {""score"": ""1 - 1"", ""pct"": 11.360000000000001}, {""score"": ""1 - 2"", ""pct"": 10.27}]"
Ghana,Colombia,Neutral,0.673,2.238,8.4,17.7,73.8,8.4,1.7,1.9,74.0,6.9,7.2,12.0,88.0,"[{""score"": ""0 - 2"", ""pct"": 14.219999999999999}, {""score"": ""0 - 1"", ""pct"": 12.49}, {""score"": ""0 - 3"", ""pct"": 9.69}]"
Ghana,Japan,Neutral,0.639,2.108,8.7,18.7,72.6,8.9,1.7,2.3,72.1,7.1,7.9,12.9,87.1,"[{""score"": ""0 - 1"", ""pct"": 14.399999999999999}, {""score"": ""0 - 2"", ""pct"": 14.13}, {""score"": ""0 - 3"", ""pct"": 10.09}]"
Ghana,France,Neutral,0.666,2.311,7.4,16.8,75.9,8.2,1.6,1.9,75.1,6.7,6.5,11.7,88.2,"[{""score"": ""0 - 2"", ""pct"": 13.26}, {""score"": ""0 - 1"", ""pct"": 12.740000000000002}, {""score"": ""0 - 3"", ""pct"": 9.71}]"
Ghana,Uzbekistan,Neutral,0.848,1.69,17.9,25.2,56.9,17.4,3.6,4.9,56.6,8.0,9.6,25.8,74.2,"[{""score"": ""0 - 1"", ""pct"": 13.38}, {""score"": ""1 - 1"", ""pct"": 11.32}, {""score"": ""0 - 2"", ""pct"": 10.39}]"
Ghana,Ecuador,Neutral,0.662,2.033,9.8,19.8,70.4,10.3,2.0,2.4,70.0,7.1,8.2,14.7,85.3,"[{""score"": ""0 - 2"", ""pct"": 13.88}, {""score"": ""0 - 1"", ""pct"": 13.65}, {""score"": ""1 - 2"", ""pct"": 9.49}]"
Ghana,Qatar,Neutral,1.448,1.011,47.1,27.3,25.6,46.0,7.2,9.5,26.0,4.6,6.7,62.6,37.4,"[{""score"": ""1 - 0"", ""pct"": 12.86}, {""score"": ""1 - 1"", ""pct"": 12.02}, {""score"": ""2 - 1"", ""pct"": 9.26}]"
Ghana,Ivory Coast,Neutral,0.903,1.652,19.7,24.9,55.3,18.8,3.9,5.1,55.8,7.2,9.2,27.8,72.2,"[{""score"": ""0 - 1"", ""pct"": 13.3}, {""score"": ""1 - 1"", ""pct"": 11.29}, {""score"": ""0 - 2"", ""pct"": 10.27}]"
Ghana,England,Neutral,0.613,2.227,7.9,17.4,74.8,7.6,1.5,1.9,74.6,7.0,7.5,10.9,89.1,"[{""score"": ""0 - 2"", ""pct"": 14.45}, {""score"": ""0 - 1"", ""pct"": 13.94}, {""score"": ""0 - 3"", ""pct"": 10.4}]"
Ghana,Cape Verde,Neutral,1.103,1.259,30.8,29.6,39.6,31.4,5.5,8.4,39.4,6.3,9.0,45.3,54.7,"[{""score"": ""1 - 1"", ""pct"": 13.15}, {""score"": ""0 - 1"", ""pct"": 12.26}, {""score"": ""0 - 0"", ""pct"": 10.299999999999999}]"
Ghana,Panama,Neutral,0.872,1.784,16.7,23.4,59.9,16.6,3.4,4.2,60.0,7.6,8.2,24.2,75.8,"[{""score"": ""0 - 1"", ""pct"": 13.63}, {""score"": ""1 - 1"", ""pct"": 11.17}, {""score"": ""0 - 2"", ""pct"": 10.82}]"
Ghana,Austria,Neutral,0.843,1.668,17.2,25.7,57.1,17.3,3.5,4.9,57.7,7.5,9.1,25.7,74.3,"[{""score"": ""0 - 1"", ""pct"": 14.01}, {""score"": ""1 - 1"", ""pct"": 11.75}, {""score"": ""0 - 2"", ""pct"": 10.89}]"
Ghana,Belgium,Neutral,0.702,1.829,12.2,22.9,64.9,12.8,2.4,3.9,64.1,7.7,9.1,19.1,80.9,"[{""score"": ""0 - 1"", ""pct"": 14.95}, {""score"": ""0 - 2"", ""pct"": 13.0}, {""score"": ""1 - 1"", ""pct"": 10.280000000000001}]"
Ghana,Egypt,Neutral,0.892,1.566,21.0,26.0,53.0,19.9,4.1,5.6,53.0,7.5,9.9,29.6,70.4,"[{""score"": ""0 - 1"", ""pct"": 12.920000000000002}, {""score"": ""1 - 1"", ""pct"": 11.89}, {""score"": ""0 - 2"", ""pct"": 10.25}]"
Ghana,Iraq,Neutral,0.922,1.371,25.2,27.9,46.8,24.8,4.8,7.3,46.1,7.0,9.9,36.9,63.1,"[{""score"": ""0 - 1"", ""pct"": 14.030000000000001}, {""score"": ""1 - 1"", ""pct"": 12.16}, {""score"": ""0 - 0"", ""pct"": 11.07}]"
Ghana,Switzerland,Neutral,0.739,1.84,13.7,22.1,64.3,13.4,2.7,3.5,64.7,7.5,8.3,19.5,80.5,"[{""score"": ""0 - 1"", ""pct"": 14.64}, {""score"": ""0 - 2"", ""pct"": 12.91}, {""score"": ""1 - 1"", ""pct"": 9.719999999999999}]"
Ghana,Brazil,Neutral,0.677,2.294,8.1,17.2,74.7,8.3,1.6,1.9,75.0,7.0,6.2,11.8,88.2,"[{""score"": ""0 - 2"", ""pct"": 13.79}, {""score"": ""0 - 1"", ""pct"": 11.99}, {""score"": ""0 - 3"", ""pct"": 9.81}]"
Ghana,United States,Neutral,0.905,1.656,19.0,26.1,54.9,19.3,3.7,5.5,55.3,7.0,9.2,28.5,71.5,"[{""score"": ""0 - 1"", ""pct"": 13.08}, {""score"": ""1 - 1"", ""pct"": 11.5}, {""score"": ""0 - 2"", ""pct"": 10.57}]"
Ghana,Uruguay,Neutral,0.709,1.813,12.8,23.1,64.1,13.1,2.6,3.8,64.4,6.9,9.2,19.5,80.5,"[{""score"": ""0 - 1"", ""pct"": 14.87}, {""score"": ""0 - 2"", ""pct"": 13.25}, {""score"": ""1 - 1"", ""pct"": 10.290000000000001}]"
Ghana,Portugal,Neutral,0.688,2.147,9.4,19.1,71.5,10.3,1.9,2.7,70.5,7.2,7.5,14.9,85.2,"[{""score"": ""0 - 2"", ""pct"": 13.320000000000002}, {""score"": ""0 - 1"", ""pct"": 13.100000000000001}, {""score"": ""1 - 2"", ""pct"": 9.41}]"
Ghana,Algeria,Neutral,0.718,1.81,13.1,23.2,63.7,13.2,2.3,3.5,64.2,7.7,9.0,19.1,80.9,"[{""score"": ""0 - 1"", ""pct"": 14.67}, {""score"": ""0 - 2"", ""pct"": 12.73}, {""score"": ""1 - 1"", ""pct"": 10.18}]"
Ghana,Spain,Neutral,0.545,2.547,5.0,13.3,81.7,4.9,1.0,1.1,82.1,5.5,5.3,7.1,92.9,"[{""score"": ""0 - 2"", ""pct"": 15.310000000000002}, {""score"": ""0 - 3"", ""pct"": 12.629999999999999}, {""score"": ""0 - 1"", ""pct"": 12.0}]"
Ghana,Bosnia and Herzegovina,Neutral,1.258,1.118,39.0,28.9,32.1,38.6,6.4,9.6,31.8,5.8,7.8,54.6,45.4,"[{""score"": ""1 - 1"", ""pct"": 13.11}, {""score"": ""1 - 0"", ""pct"": 11.73}, {""score"": ""0 - 1"", ""pct"": 10.63}]"
Ghana,South Africa,Neutral,1.073,1.279,30.1,29.3,40.6,30.0,5.7,8.0,40.7,6.3,9.4,43.7,56.3,"[{""score"": ""1 - 1"", ""pct"": 13.19}, {""score"": ""0 - 1"", ""pct"": 12.11}, {""score"": ""0 - 0"", ""pct"": 10.01}]"
Ghana,DR Congo,Neutral,0.882,1.356,24.2,29.0,46.8,23.5,4.2,7.4,47.5,7.0,10.4,35.1,64.9,"[{""score"": ""0 - 1"", ""pct"": 14.27}, {""score"": ""1 - 1"", ""pct"": 12.879999999999999}, {""score"": ""0 - 0"", ""pct"": 11.32}]"
Ghana,Croatia,Neutral,0.721,1.849,13.0,22.3,64.7,13.2,2.6,3.6,63.7,7.7,9.2,19.4,80.6,"[{""score"": ""0 - 1"", ""pct"": 14.499999999999998}, {""score"": ""0 - 2"", ""pct"": 13.04}, {""score"": ""1 - 1"", ""pct"": 10.11}]"
Ghana,Norway,Neutral,0.723,1.834,13.1,22.6,64.3,12.9,3.0,3.8,64.0,7.9,8.4,19.6,80.3,"[{""score"": ""0 - 1"", ""pct"": 14.67}, {""score"": ""0 - 2"", ""pct"": 12.73}, {""score"": ""1 - 1"", ""pct"": 9.92}]"
Ghana,Turkey,Neutral,0.685,1.826,12.9,21.5,65.6,12.3,2.4,3.3,65.1,7.8,9.2,18.0,82.0,"[{""score"": ""0 - 1"", ""pct"": 14.860000000000001}, {""score"": ""0 - 2"", ""pct"": 13.850000000000001}, {""score"": ""1 - 2"", ""pct"": 9.59}]"
Ghana,Morocco,Neutral,0.666,2.042,10.2,19.6,70.3,10.2,2.3,2.6,70.0,7.1,7.8,15.1,84.9,"[{""score"": ""0 - 2"", ""pct"": 14.49}, {""score"": ""0 - 1"", ""pct"": 13.94}, {""score"": ""1 - 2"", ""pct"": 9.8}]"
Ghana,Haiti,Neutral,0.925,1.468,22.4,28.1,49.5,22.6,4.2,6.5,49.1,7.3,10.3,33.4,66.6,"[{""score"": ""0 - 1"", ""pct"": 13.669999999999998}, {""score"": ""1 - 1"", ""pct"": 12.41}, {""score"": ""0 - 0"", ""pct"": 10.42}]"
Ghana,South Korea,Neutral,0.742,1.819,13.6,23.4,63.1,13.5,2.8,3.7,63.2,7.2,9.5,20.1,79.9,"[{""score"": ""0 - 1"", ""pct"": 14.37}, {""score"": ""0 - 2"", ""pct"": 12.64}, {""score"": ""1 - 1"", ""pct"": 10.5}]"
Ghana,Curaçao,Neutral,1.244,1.209,36.3,28.9,34.9,36.6,5.8,8.3,34.8,6.2,8.2,50.8,49.2,"[{""score"": ""1 - 1"", ""pct"": 12.8}, {""score"": ""1 - 0"", ""pct"": 10.41}, {""score"": ""0 - 1"", ""pct"": 10.05}]"
Ghana,Paraguay,Neutral,0.749,1.776,14.6,23.3,62.1,14.6,2.8,3.9,61.4,7.9,9.4,21.3,78.7,"[{""score"": ""0 - 1"", ""pct"": 14.49}, {""score"": ""0 - 2"", ""pct"": 12.6}, {""score"": ""1 - 1"", ""pct"": 10.03}]"
Ghana,Iran,Neutral,0.699,1.838,12.2,22.8,65.0,12.3,2.4,3.7,65.7,7.4,8.7,18.3,81.7,"[{""score"": ""0 - 1"", ""pct"": 15.010000000000002}, {""score"": ""0 - 2"", ""pct"": 13.25}, {""score"": ""1 - 1"", ""pct"": 10.31}]"
Uruguay,Jordan,Neutral,1.627,1.061,50.4,26.3,23.3,50.7,7.6,8.4,23.2,4.3,5.8,66.7,33.3,"[{""score"": ""1 - 1"", ""pct"": 11.82}, {""score"": ""1 - 0"", ""pct"": 11.12}, {""score"": ""2 - 1"", ""pct"": 10.02}]"
Uruguay,Australia,Neutral,1.262,1.173,38.1,28.0,34.0,38.3,6.2,8.5,33.7,5.6,7.7,53.0,47.0,"[{""score"": ""1 - 1"", ""pct"": 12.97}, {""score"": ""1 - 0"", ""pct"": 11.0}, {""score"": ""0 - 1"", ""pct"": 10.26}]"
Uruguay,Germany,Neutral,1.218,1.285,33.9,28.3,37.8,33.6,5.7,8.2,37.7,6.0,8.7,47.5,52.5,"[{""score"": ""1 - 1"", ""pct"": 12.73}, {""score"": ""0 - 1"", ""pct"": 10.530000000000001}, {""score"": ""1 - 0"", ""pct"": 9.68}]"
Uruguay,Canada,Neutral,1.189,1.06,37.5,30.7,31.8,39.1,6.5,10.0,31.0,5.3,8.1,55.6,44.4,"[{""score"": ""1 - 1"", ""pct"": 13.700000000000001}, {""score"": ""1 - 0"", ""pct"": 12.479999999999999}, {""score"": ""0 - 0"", ""pct"": 11.78}]"
Uruguay,Czech Republic,Neutral,1.689,0.937,54.4,25.1,20.5,54.6,7.6,9.0,20.1,3.6,5.1,71.3,28.7,"[{""score"": ""1 - 0"", ""pct"": 12.509999999999998}, {""score"": ""1 - 1"", ""pct"": 11.540000000000001}, {""score"": ""2 - 0"", ""pct"": 10.05}]"
Uruguay,Saudi Arabia,Neutral,1.741,0.797,59.5,24.6,15.9,60.2,7.4,9.2,16.4,3.0,3.8,76.7,23.3,"[{""score"": ""1 - 0"", ""pct"": 13.719999999999999}, {""score"": ""2 - 0"", ""pct"": 11.78}, {""score"": ""1 - 1"", ""pct"": 11.34}]"
Uruguay,Mexico,Neutral,1.108,1.215,33.1,29.3,37.6,32.7,5.9,8.5,37.9,6.3,8.8,47.0,53.0,"[{""score"": ""1 - 1"", ""pct"": 13.22}, {""score"": ""0 - 1"", ""pct"": 11.959999999999999}, {""score"": ""1 - 0"", ""pct"": 10.780000000000001}]"
Uruguay,Argentina,Neutral,0.912,1.611,19.4,26.3,54.2,20.5,3.7,5.5,53.8,7.2,9.3,29.7,70.3,"[{""score"": ""0 - 1"", ""pct"": 13.65}, {""score"": ""1 - 1"", ""pct"": 11.5}, {""score"": ""0 - 2"", ""pct"": 10.35}]"
Uruguay,New Zealand,Neutral,1.777,0.891,58.1,24.4,17.5,59.1,7.3,8.5,17.6,3.7,3.8,74.9,25.1,"[{""score"": ""1 - 0"", ""pct"": 12.49}, {""score"": ""1 - 1"", ""pct"": 11.0}, {""score"": ""2 - 0"", ""pct"": 10.39}]"
Uruguay,Senegal,Neutral,1.275,1.18,38.5,28.9,32.6,37.9,6.0,8.8,33.1,6.0,8.2,52.7,47.3,"[{""score"": ""1 - 1"", ""pct"": 12.85}, {""score"": ""1 - 0"", ""pct"": 10.780000000000001}, {""score"": ""0 - 1"", ""pct"": 10.07}]"
Uruguay,Sweden,Neutral,1.858,0.852,61.4,23.2,15.4,60.8,7.5,8.8,15.6,3.0,4.3,77.1,22.9,"[{""score"": ""1 - 0"", ""pct"": 13.270000000000001}, {""score"": ""2 - 0"", ""pct"": 11.35}, {""score"": ""1 - 1"", ""pct"": 10.48}]"
Uruguay,Netherlands,Neutral,1.183,1.273,33.9,28.7,37.4,33.1,5.9,7.9,38.2,6.0,8.9,47.0,53.1,"[{""score"": ""1 - 1"", ""pct"": 13.41}, {""score"": ""0 - 1"", ""pct"": 10.620000000000001}, {""score"": ""1 - 0"", ""pct"": 10.190000000000001}]"
Uruguay,Tunisia,Neutral,1.56,0.925,51.9,26.7,21.4,52.0,7.5,9.3,21.1,4.2,5.9,68.9,31.1,"[{""score"": ""1 - 0"", ""pct"": 13.389999999999999}, {""score"": ""1 - 1"", ""pct"": 12.27}, {""score"": ""2 - 0"", ""pct"": 10.33}]"
Uruguay,Scotland,Neutral,1.608,1.036,50.6,26.5,22.9,50.2,7.3,8.9,24.1,4.1,5.4,66.4,33.6,"[{""score"": ""1 - 0"", ""pct"": 12.16}, {""score"": ""1 - 1"", ""pct"": 12.13}, {""score"": ""2 - 0"", ""pct"": 9.17}]"
Uruguay,Colombia,Neutral,1.116,1.473,28.7,27.2,44.1,27.3,5.1,6.4,44.9,7.5,8.7,38.8,61.2,"[{""score"": ""1 - 1"", ""pct"": 12.35}, {""score"": ""0 - 1"", ""pct"": 11.03}, {""score"": ""1 - 2"", ""pct"": 8.98}]"
Uruguay,Japan,Neutral,1.054,1.298,29.4,28.8,41.8,29.0,5.7,7.9,41.3,7.0,9.0,42.6,57.4,"[{""score"": ""1 - 1"", ""pct"": 13.41}, {""score"": ""0 - 1"", ""pct"": 12.18}, {""score"": ""0 - 0"", ""pct"": 9.959999999999999}]"
Uruguay,France,Neutral,1.101,1.495,27.3,26.4,46.3,26.8,5.1,6.5,45.7,7.0,8.9,38.4,61.6,"[{""score"": ""1 - 1"", ""pct"": 11.83}, {""score"": ""0 - 1"", ""pct"": 11.52}, {""score"": ""1 - 2"", ""pct"": 9.07}]"
Uruguay,Uzbekistan,Neutral,1.402,1.035,44.4,28.1,27.6,45.0,6.9,9.5,26.8,5.1,6.7,61.4,38.6,"[{""score"": ""1 - 1"", ""pct"": 12.64}, {""score"": ""1 - 0"", ""pct"": 12.509999999999998}, {""score"": ""0 - 0"", ""pct"": 9.610000000000001}]"
Uruguay,Ecuador,Neutral,1.102,1.28,31.2,28.4,40.4,31.1,5.8,7.6,39.9,6.6,8.9,44.5,55.5,"[{""score"": ""1 - 1"", ""pct"": 12.53}, {""score"": ""0 - 1"", ""pct"": 12.31}, {""score"": ""1 - 0"", ""pct"": 10.459999999999999}]"
Uruguay,Qatar,Neutral,2.267,0.667,74.3,17.4,8.3,74.1,6.8,6.8,8.6,1.8,2.0,87.7,12.3,"[{""score"": ""2 - 0"", ""pct"": 13.36}, {""score"": ""1 - 0"", ""pct"": 12.86}, {""score"": ""2 - 1"", ""pct"": 9.91}]"
Uruguay,Ivory Coast,Neutral,1.464,1.028,47.0,27.9,25.0,47.2,6.8,9.5,25.5,4.7,6.4,63.5,36.5,"[{""score"": ""1 - 1"", ""pct"": 12.690000000000001}, {""score"": ""1 - 0"", ""pct"": 12.379999999999999}, {""score"": ""0 - 0"", ""pct"": 9.54}]"
Uruguay,England,Neutral,0.965,1.444,23.8,28.3,47.9,24.3,4.2,6.1,48.2,7.3,9.8,34.7,65.3,"[{""score"": ""0 - 1"", ""pct"": 13.089999999999998}, {""score"": ""1 - 1"", ""pct"": 12.22}, {""score"": ""0 - 0"", ""pct"": 10.620000000000001}]"
Uruguay,Cape Verde,Neutral,1.776,0.761,61.9,23.9,14.2,61.4,7.8,9.2,14.5,2.8,4.2,78.4,21.6,"[{""score"": ""1 - 0"", ""pct"": 14.81}, {""score"": ""2 - 0"", ""pct"": 12.35}, {""score"": ""1 - 1"", ""pct"": 10.67}]"
Uruguay,Panama,Neutral,1.521,1.089,47.5,26.6,26.0,47.1,7.5,8.8,25.6,4.4,6.6,63.4,36.6,"[{""score"": ""1 - 1"", ""pct"": 11.76}, {""score"": ""1 - 0"", ""pct"": 10.68}, {""score"": ""2 - 1"", ""pct"": 9.77}]"
Uruguay,Austria,Neutral,1.363,1.046,43.1,29.2,27.6,44.1,6.7,9.2,27.9,5.3,6.8,60.0,40.0,"[{""score"": ""1 - 1"", ""pct"": 13.450000000000001}, {""score"": ""1 - 0"", ""pct"": 12.82}, {""score"": ""0 - 0"", ""pct"": 9.98}]"
Uruguay,Belgium,Neutral,1.262,1.186,36.8,28.9,34.3,36.8,6.4,8.4,34.5,6.1,7.7,51.7,48.4,"[{""score"": ""1 - 1"", ""pct"": 12.64}, {""score"": ""1 - 0"", ""pct"": 10.9}, {""score"": ""0 - 1"", ""pct"": 10.52}]"
Uruguay,Egypt,Neutral,1.427,0.984,47.1,28.1,24.8,46.4,7.4,9.4,25.0,4.8,7.0,63.2,36.8,"[{""score"": ""1 - 0"", ""pct"": 13.28}, {""score"": ""1 - 1"", ""pct"": 12.58}, {""score"": ""0 - 0"", ""pct"": 10.17}]"
Uruguay,Iraq,Neutral,1.51,0.901,51.2,26.9,21.9,52.2,7.2,9.6,21.2,3.8,6.0,69.0,31.0,"[{""score"": ""1 - 0"", ""pct"": 13.98}, {""score"": ""1 - 1"", ""pct"": 12.06}, {""score"": ""0 - 0"", ""pct"": 10.14}]"
Uruguay,Switzerland,Neutral,1.31,1.157,39.9,28.4,31.7,39.8,6.8,8.1,32.1,5.6,7.5,54.7,45.3,"[{""score"": ""1 - 1"", ""pct"": 12.889999999999999}, {""score"": ""1 - 0"", ""pct"": 11.540000000000001}, {""score"": ""0 - 0"", ""pct"": 9.46}]"
Uruguay,Brazil,Neutral,1.116,1.515,27.5,26.8,45.6,27.9,4.7,6.2,46.0,6.6,8.6,38.8,61.2,"[{""score"": ""1 - 1"", ""pct"": 11.89}, {""score"": ""0 - 1"", ""pct"": 11.16}, {""score"": ""1 - 2"", ""pct"": 8.76}]"
Uruguay,United States,Neutral,1.588,1.053,49.8,26.2,24.0,49.9,7.5,8.5,23.6,4.4,6.1,65.9,34.1,"[{""score"": ""1 - 1"", ""pct"": 11.73}, {""score"": ""1 - 0"", ""pct"": 11.32}, {""score"": ""2 - 1"", ""pct"": 9.49}]"
Uruguay,Ghana,Neutral,1.813,0.709,64.1,22.5,13.3,64.2,7.5,9.1,12.9,2.4,3.9,80.8,19.2,"[{""score"": ""1 - 0"", ""pct"": 14.89}, {""score"": ""2 - 0"", ""pct"": 13.48}, {""score"": ""1 - 1"", ""pct"": 10.18}]"
Uruguay,Portugal,Neutral,1.142,1.335,31.1,28.2,40.6,31.0,5.2,7.4,41.2,6.3,8.9,43.6,56.4,"[{""score"": ""1 - 1"", ""pct"": 12.770000000000001}, {""score"": ""0 - 1"", ""pct"": 11.459999999999999}, {""score"": ""1 - 0"", ""pct"": 9.78}]"
Uruguay,Algeria,Neutral,1.184,1.092,37.5,29.7,32.8,37.1,6.2,9.5,33.0,5.7,8.6,52.8,47.2,"[{""score"": ""1 - 1"", ""pct"": 13.34}, {""score"": ""1 - 0"", ""pct"": 12.120000000000001}, {""score"": ""0 - 0"", ""pct"": 11.07}]"
Uruguay,Spain,Neutral,0.939,1.69,19.5,25.2,55.3,19.6,3.6,5.1,54.6,7.9,9.1,28.4,71.6,"[{""score"": ""0 - 1"", ""pct"": 13.170000000000002}, {""score"": ""1 - 1"", ""pct"": 11.72}, {""score"": ""1 - 2"", ""pct"": 9.77}]"
Uruguay,Bosnia and Herzegovina,Neutral,2.077,0.7,70.8,19.0,10.2,70.5,6.5,7.9,10.4,1.9,2.7,84.9,15.1,"[{""score"": ""1 - 0"", ""pct"": 14.11}, {""score"": ""2 - 0"", ""pct"": 13.139999999999999}, {""score"": ""2 - 1"", ""pct"": 9.969999999999999}]"
Uruguay,South Africa,Neutral,1.713,0.744,60.7,24.5,14.7,60.2,7.2,9.6,15.7,2.9,4.5,77.0,23.0,"[{""score"": ""1 - 0"", ""pct"": 15.14}, {""score"": ""2 - 0"", ""pct"": 12.509999999999998}, {""score"": ""1 - 1"", ""pct"": 11.06}]"
Uruguay,DR Congo,Neutral,1.445,0.896,49.3,28.7,22.0,49.1,7.2,10.5,22.3,4.6,6.3,66.8,33.2,"[{""score"": ""1 - 0"", ""pct"": 13.83}, {""score"": ""1 - 1"", ""pct"": 12.41}, {""score"": ""0 - 0"", ""pct"": 10.93}]"
Uruguay,Croatia,Neutral,1.308,1.198,38.7,28.4,32.9,38.9,7.0,8.3,32.4,5.9,7.6,54.2,45.8,"[{""score"": ""1 - 1"", ""pct"": 12.920000000000002}, {""score"": ""1 - 0"", ""pct"": 10.65}, {""score"": ""0 - 1"", ""pct"": 9.85}]"
Uruguay,Norway,Neutral,1.289,1.194,38.0,28.7,33.3,36.9,6.6,9.0,34.1,5.9,7.5,52.5,47.5,"[{""score"": ""1 - 1"", ""pct"": 13.26}, {""score"": ""1 - 0"", ""pct"": 10.75}, {""score"": ""0 - 1"", ""pct"": 10.23}]"
Uruguay,Turkey,Neutral,1.247,1.16,38.3,28.4,33.3,37.8,6.3,8.6,33.0,5.6,8.7,52.7,47.3,"[{""score"": ""1 - 1"", ""pct"": 13.28}, {""score"": ""1 - 0"", ""pct"": 11.29}, {""score"": ""0 - 1"", ""pct"": 10.74}]"
Uruguay,Morocco,Neutral,1.092,1.308,30.2,29.0,40.8,29.9,5.6,8.1,40.7,6.5,9.2,43.6,56.4,"[{""score"": ""1 - 1"", ""pct"": 13.450000000000001}, {""score"": ""0 - 1"", ""pct"": 12.29}, {""score"": ""0 - 0"", ""pct"": 9.99}]"
Uruguay,Haiti,Neutral,1.627,0.931,54.4,25.4,20.2,53.6,7.3,9.4,20.5,3.9,5.3,70.3,29.7,"[{""score"": ""1 - 0"", ""pct"": 13.100000000000001}, {""score"": ""1 - 1"", ""pct"": 11.200000000000001}, {""score"": ""2 - 0"", ""pct"": 10.27}]"
Uruguay,South Korea,Neutral,1.298,1.146,39.4,28.7,31.9,39.1,6.7,9.1,31.6,5.6,8.0,54.9,45.1,"[{""score"": ""1 - 1"", ""pct"": 13.04}, {""score"": ""1 - 0"", ""pct"": 11.709999999999999}, {""score"": ""0 - 1"", ""pct"": 9.629999999999999}]"
Uruguay,Curaçao,Neutral,1.933,0.74,65.9,21.7,12.4,66.0,7.4,8.4,12.5,2.5,3.2,81.8,18.2,"[{""score"": ""1 - 0"", ""pct"": 13.309999999999999}, {""score"": ""2 - 0"", ""pct"": 12.9}, {""score"": ""1 - 1"", ""pct"": 9.56}]"
Uruguay,Paraguay,Neutral,1.296,1.125,39.6,29.3,31.0,39.9,6.6,8.6,31.3,6.0,7.6,55.0,45.0,"[{""score"": ""1 - 1"", ""pct"": 13.33}, {""score"": ""1 - 0"", ""pct"": 11.88}, {""score"": ""0 - 0"", ""pct"": 9.94}]"
Uruguay,Iran,Neutral,1.252,1.181,37.1,28.7,34.1,36.6,6.4,8.8,34.8,5.9,7.6,51.8,48.2,"[{""score"": ""1 - 1"", ""pct"": 12.9}, {""score"": ""1 - 0"", ""pct"": 10.77}, {""score"": ""0 - 1"", ""pct"": 10.2}]"
Portugal,Jordan,Neutral,1.773,1.006,55.0,24.8,20.2,56.3,7.1,8.3,19.8,3.9,4.5,71.7,28.3,"[{""score"": ""1 - 1"", ""pct"": 11.43}, {""score"": ""1 - 0"", ""pct"": 11.27}, {""score"": ""2 - 1"", ""pct"": 9.959999999999999}]"
Portugal,Australia,Neutral,1.463,1.099,44.6,28.3,27.0,45.0,6.8,9.1,27.8,4.9,6.5,60.9,39.1,"[{""score"": ""1 - 1"", ""pct"": 12.93}, {""score"": ""1 - 0"", ""pct"": 11.97}, {""score"": ""0 - 0"", ""pct"": 9.01}]"
Portugal,Germany,Neutral,1.341,1.183,39.9,28.0,32.2,39.7,6.2,8.4,33.0,5.6,7.1,54.3,45.7,"[{""score"": ""1 - 1"", ""pct"": 12.61}, {""score"": ""1 - 0"", ""pct"": 10.89}, {""score"": ""0 - 1"", ""pct"": 9.64}]"
Portugal,Canada,Neutral,1.422,1.045,45.6,27.8,26.7,45.1,7.4,9.1,27.0,4.9,6.6,61.6,38.4,"[{""score"": ""1 - 0"", ""pct"": 12.68}, {""score"": ""1 - 1"", ""pct"": 12.44}, {""score"": ""0 - 0"", ""pct"": 9.610000000000001}]"
Portugal,Czech Republic,Neutral,1.834,0.941,58.5,23.5,18.0,59.1,7.3,8.5,17.3,3.5,4.3,75.0,25.0,"[{""score"": ""1 - 0"", ""pct"": 12.1}, {""score"": ""1 - 1"", ""pct"": 10.85}, {""score"": ""2 - 0"", ""pct"": 10.48}]"
Portugal,Saudi Arabia,Neutral,1.861,0.752,65.2,22.4,12.4,63.3,7.8,9.0,13.6,2.8,3.5,80.1,19.9,"[{""score"": ""1 - 0"", ""pct"": 14.610000000000001}, {""score"": ""2 - 0"", ""pct"": 12.55}, {""score"": ""1 - 1"", ""pct"": 10.67}]"
Portugal,Mexico,Neutral,1.271,1.115,39.9,28.4,31.7,40.4,6.4,9.4,30.4,5.5,7.9,56.2,43.8,"[{""score"": ""1 - 1"", ""pct"": 12.770000000000001}, {""score"": ""1 - 0"", ""pct"": 12.049999999999999}, {""score"": ""0 - 1"", ""pct"": 10.33}]"
Portugal,Argentina,Neutral,1.034,1.611,23.4,26.3,50.3,22.9,4.2,5.8,51.1,7.1,8.8,33.0,67.0,"[{""score"": ""0 - 1"", ""pct"": 12.23}, {""score"": ""1 - 1"", ""pct"": 11.76}, {""score"": ""1 - 2"", ""pct"": 9.84}]"
Portugal,New Zealand,Neutral,1.885,0.765,64.1,22.4,13.4,64.3,7.2,8.5,13.6,2.7,3.7,80.1,19.9,"[{""score"": ""1 - 0"", ""pct"": 13.52}, {""score"": ""2 - 0"", ""pct"": 12.26}, {""score"": ""1 - 1"", ""pct"": 9.91}]"
Portugal,Senegal,Neutral,1.495,1.115,45.7,26.7,27.6,44.9,7.0,8.5,28.1,5.2,6.2,60.4,39.6,"[{""score"": ""1 - 1"", ""pct"": 12.11}, {""score"": ""1 - 0"", ""pct"": 11.41}, {""score"": ""2 - 1"", ""pct"": 8.649999999999999}]"
Portugal,Sweden,Neutral,1.973,0.797,64.8,21.8,13.4,65.0,7.1,8.4,13.6,2.4,3.4,80.5,19.5,"[{""score"": ""1 - 0"", ""pct"": 12.61}, {""score"": ""2 - 0"", ""pct"": 12.15}, {""score"": ""2 - 1"", ""pct"": 9.82}]"
Portugal,Netherlands,Neutral,1.334,1.171,39.5,28.5,32.0,40.2,6.5,8.5,31.7,5.5,7.7,55.2,44.8,"[{""score"": ""1 - 1"", ""pct"": 13.07}, {""score"": ""1 - 0"", ""pct"": 10.86}, {""score"": ""0 - 1"", ""pct"": 9.569999999999999}]"
Portugal,Tunisia,Neutral,1.7,0.816,58.2,25.6,16.2,59.0,7.3,9.6,16.2,3.2,4.8,75.8,24.2,"[{""score"": ""1 - 0"", ""pct"": 14.360000000000001}, {""score"": ""1 - 1"", ""pct"": 11.78}, {""score"": ""2 - 0"", ""pct"": 11.29}]"
Portugal,Scotland,Neutral,1.717,0.974,55.0,25.2,19.8,54.4,7.6,9.1,20.1,3.8,5.1,71.1,28.9,"[{""score"": ""1 - 0"", ""pct"": 12.22}, {""score"": ""1 - 1"", ""pct"": 11.08}, {""score"": ""2 - 0"", ""pct"": 9.8}]"
Portugal,Colombia,Neutral,1.224,1.327,33.9,28.0,38.2,33.2,5.9,7.6,38.9,6.4,8.0,46.7,53.3,"[{""score"": ""1 - 1"", ""pct"": 12.53}, {""score"": ""0 - 1"", ""pct"": 10.26}, {""score"": ""1 - 0"", ""pct"": 9.86}]"
Portugal,Japan,Neutral,1.214,1.227,35.3,28.3,36.4,35.8,6.2,8.6,35.2,6.3,8.0,50.5,49.5,"[{""score"": ""1 - 1"", ""pct"": 12.709999999999999}, {""score"": ""0 - 1"", ""pct"": 11.12}, {""score"": ""1 - 0"", ""pct"": 10.299999999999999}]"
Portugal,France,Neutral,1.202,1.468,30.5,26.9,42.6,30.2,5.4,6.7,42.6,6.9,8.1,42.4,57.6,"[{""score"": ""1 - 1"", ""pct"": 12.379999999999999}, {""score"": ""0 - 1"", ""pct"": 10.57}, {""score"": ""1 - 0"", ""pct"": 8.82}]"
Portugal,Uzbekistan,Neutral,1.57,1.044,49.2,26.6,24.2,49.3,7.0,8.9,24.8,4.3,5.7,65.2,34.8,"[{""score"": ""1 - 1"", ""pct"": 12.049999999999999}, {""score"": ""1 - 0"", ""pct"": 11.959999999999999}, {""score"": ""2 - 1"", ""pct"": 9.180000000000001}]"
Portugal,Ecuador,Neutral,1.258,1.214,37.3,28.6,34.0,36.7,6.3,8.5,34.3,5.7,8.5,51.5,48.5,"[{""score"": ""1 - 1"", ""pct"": 13.320000000000002}, {""score"": ""1 - 0"", ""pct"": 10.74}, {""score"": ""0 - 1"", ""pct"": 9.879999999999999}]"
Portugal,Qatar,Neutral,2.623,0.653,80.6,13.4,6.0,79.6,6.4,5.2,6.2,1.1,1.4,91.2,8.8,"[{""score"": ""2 - 0"", ""pct"": 13.76}, {""score"": ""1 - 0"", ""pct"": 10.72}, {""score"": ""3 - 0"", ""pct"": 10.71}]"
Portugal,Ivory Coast,Neutral,1.635,0.974,52.8,25.2,22.1,53.0,7.3,9.0,21.9,4.0,4.9,69.2,30.8,"[{""score"": ""1 - 0"", ""pct"": 12.31}, {""score"": ""1 - 1"", ""pct"": 11.27}, {""score"": ""2 - 1"", ""pct"": 9.75}]"
Portugal,England,Neutral,1.116,1.3,30.7,28.9,40.4,31.4,5.1,7.4,40.4,6.8,8.8,44.0,56.0,"[{""score"": ""1 - 1"", ""pct"": 13.089999999999998}, {""score"": ""0 - 1"", ""pct"": 11.64}, {""score"": ""0 - 0"", ""pct"": 9.81}]"
Portugal,Cape Verde,Neutral,1.997,0.751,67.5,20.7,11.8,66.8,7.0,8.3,12.4,2.6,2.8,82.1,17.9,"[{""score"": ""1 - 0"", ""pct"": 13.59}, {""score"": ""2 - 0"", ""pct"": 13.309999999999999}, {""score"": ""2 - 1"", ""pct"": 9.84}]"
Portugal,Panama,Neutral,1.703,1.091,51.4,25.1,23.4,52.2,7.2,8.7,22.3,4.2,5.4,68.1,31.9,"[{""score"": ""1 - 1"", ""pct"": 11.58}, {""score"": ""1 - 0"", ""pct"": 10.94}, {""score"": ""2 - 1"", ""pct"": 9.629999999999999}]"
Portugal,Austria,Neutral,1.583,1.043,50.8,25.9,23.3,49.2,7.0,8.6,24.7,4.3,6.2,64.8,35.2,"[{""score"": ""1 - 0"", ""pct"": 12.1}, {""score"": ""1 - 1"", ""pct"": 11.88}, {""score"": ""2 - 1"", ""pct"": 9.99}]"
Portugal,Belgium,Neutral,1.496,1.108,45.3,27.3,27.5,45.8,7.2,8.6,27.4,4.6,6.5,61.5,38.5,"[{""score"": ""1 - 1"", ""pct"": 12.740000000000002}, {""score"": ""1 - 0"", ""pct"": 10.73}, {""score"": ""2 - 1"", ""pct"": 9.29}]"
Portugal,Egypt,Neutral,1.57,0.9,52.8,26.5,20.6,52.4,7.6,9.8,20.6,3.7,5.8,69.8,30.2,"[{""score"": ""1 - 0"", ""pct"": 13.87}, {""score"": ""1 - 1"", ""pct"": 11.469999999999999}, {""score"": ""2 - 0"", ""pct"": 9.85}]"
Portugal,Iraq,Neutral,1.67,0.807,59.1,24.8,16.1,57.9,7.7,9.5,16.7,3.7,4.6,75.0,25.0,"[{""score"": ""1 - 0"", ""pct"": 14.6}, {""score"": ""2 - 0"", ""pct"": 11.44}, {""score"": ""1 - 1"", ""pct"": 11.16}]"
Portugal,Switzerland,Neutral,1.533,1.108,46.5,26.5,27.0,47.0,7.1,8.7,26.7,4.7,5.8,62.8,37.2,"[{""score"": ""1 - 1"", ""pct"": 12.47}, {""score"": ""1 - 0"", ""pct"": 10.639999999999999}, {""score"": ""2 - 1"", ""pct"": 9.58}]"
Portugal,Brazil,Neutral,1.219,1.331,33.7,27.8,38.6,33.5,5.9,7.6,38.1,6.6,8.3,47.0,53.0,"[{""score"": ""1 - 1"", ""pct"": 12.68}, {""score"": ""0 - 1"", ""pct"": 10.59}, {""score"": ""1 - 0"", ""pct"": 9.49}]"
Portugal,United States,Neutral,1.74,1.042,53.4,24.8,21.8,53.2,7.4,8.1,22.1,4.3,4.7,68.8,31.2,"[{""score"": ""1 - 0"", ""pct"": 11.35}, {""score"": ""1 - 1"", ""pct"": 11.26}, {""score"": ""2 - 0"", ""pct"": 9.229999999999999}]"
Portugal,Ghana,Neutral,2.147,0.688,71.5,19.1,9.4,72.2,6.9,7.2,9.4,1.8,2.5,86.2,13.8,"[{""score"": ""2 - 0"", ""pct"": 13.780000000000001}, {""score"": ""1 - 0"", ""pct"": 13.62}, {""score"": ""3 - 0"", ""pct"": 10.02}]"
Portugal,Uruguay,Neutral,1.335,1.142,40.6,28.2,31.2,40.8,6.6,8.5,31.5,5.4,7.2,56.0,44.0,"[{""score"": ""1 - 1"", ""pct"": 12.950000000000001}, {""score"": ""1 - 0"", ""pct"": 11.03}, {""score"": ""0 - 1"", ""pct"": 9.48}]"
Portugal,Algeria,Neutral,1.415,1.059,45.0,28.7,26.3,44.9,7.4,9.7,26.2,4.9,6.9,62.0,38.0,"[{""score"": ""1 - 1"", ""pct"": 12.989999999999998}, {""score"": ""1 - 0"", ""pct"": 11.99}, {""score"": ""0 - 0"", ""pct"": 9.6}]"
Portugal,Spain,Neutral,1.057,1.63,23.8,25.6,50.6,24.2,4.5,5.0,51.4,7.0,8.0,33.6,66.4,"[{""score"": ""0 - 1"", ""pct"": 11.52}, {""score"": ""1 - 1"", ""pct"": 11.219999999999999}, {""score"": ""1 - 2"", ""pct"": 9.27}]"
Portugal,Bosnia and Herzegovina,Neutral,2.325,0.684,74.1,17.3,8.6,74.8,7.2,6.5,8.2,1.6,1.8,88.5,11.5,"[{""score"": ""2 - 0"", ""pct"": 13.26}, {""score"": ""1 - 0"", ""pct"": 12.770000000000001}, {""score"": ""3 - 0"", ""pct"": 10.190000000000001}]"
Portugal,South Africa,Neutral,1.831,0.739,63.9,23.2,12.8,64.0,7.4,8.6,13.3,2.8,3.9,80.0,20.0,"[{""score"": ""1 - 0"", ""pct"": 14.57}, {""score"": ""2 - 0"", ""pct"": 13.020000000000001}, {""score"": ""1 - 1"", ""pct"": 10.33}]"
Portugal,DR Congo,Neutral,1.628,0.773,57.0,25.5,17.5,58.0,7.6,9.8,16.5,3.1,4.9,75.5,24.5,"[{""score"": ""1 - 0"", ""pct"": 14.7}, {""score"": ""1 - 1"", ""pct"": 11.58}, {""score"": ""2 - 0"", ""pct"": 11.379999999999999}]"
Portugal,Croatia,Neutral,1.524,1.115,46.4,27.0,26.6,46.1,7.0,8.7,27.2,5.1,6.0,61.8,38.2,"[{""score"": ""1 - 1"", ""pct"": 12.46}, {""score"": ""1 - 0"", ""pct"": 11.61}, {""score"": ""2 - 1"", ""pct"": 9.66}]"
Portugal,Norway,Neutral,1.487,1.128,45.2,27.2,27.6,45.0,7.3,8.0,27.7,5.2,7.0,60.2,39.8,"[{""score"": ""1 - 1"", ""pct"": 12.49}, {""score"": ""1 - 0"", ""pct"": 10.9}, {""score"": ""2 - 1"", ""pct"": 9.030000000000001}]"
Portugal,Turkey,Neutral,1.468,1.092,45.5,27.4,27.1,45.3,7.2,8.6,27.0,5.0,6.9,61.1,38.9,"[{""score"": ""1 - 1"", ""pct"": 12.509999999999998}, {""score"": ""1 - 0"", ""pct"": 11.01}, {""score"": ""2 - 1"", ""pct"": 8.98}]"
Portugal,Morocco,Neutral,1.26,1.181,37.8,28.1,34.2,38.0,6.4,8.3,33.8,5.9,7.6,52.7,47.3,"[{""score"": ""1 - 1"", ""pct"": 12.47}, {""score"": ""1 - 0"", ""pct"": 11.68}, {""score"": ""0 - 1"", ""pct"": 10.43}]"
Portugal,Haiti,Neutral,1.751,0.812,59.7,24.4,15.9,60.3,7.4,9.1,15.8,2.9,4.4,76.8,23.2,"[{""score"": ""1 - 0"", ""pct"": 12.97}, {""score"": ""2 - 0"", ""pct"": 11.37}, {""score"": ""1 - 1"", ""pct"": 11.01}]"
Portugal,South Korea,Neutral,1.536,1.098,46.6,26.6,26.8,46.7,7.3,9.0,25.9,4.8,6.3,63.0,37.0,"[{""score"": ""1 - 1"", ""pct"": 12.15}, {""score"": ""1 - 0"", ""pct"": 10.59}, {""score"": ""2 - 1"", ""pct"": 8.99}]"
Portugal,Curaçao,Neutral,2.25,0.708,72.9,17.7,9.4,72.9,7.2,6.7,9.3,1.8,2.1,86.7,13.3,"[{""score"": ""2 - 0"", ""pct"": 12.620000000000001}, {""score"": ""1 - 0"", ""pct"": 12.34}, {""score"": ""3 - 0"", ""pct"": 9.66}]"
Portugal,Paraguay,Neutral,1.523,1.088,46.3,27.3,26.3,46.9,7.3,8.2,26.6,4.6,6.5,62.4,37.6,"[{""score"": ""1 - 1"", ""pct"": 12.26}, {""score"": ""1 - 0"", ""pct"": 11.49}, {""score"": ""2 - 1"", ""pct"": 9.21}]"
Portugal,Iran,Neutral,1.447,1.112,44.9,27.0,28.2,44.6,6.7,8.5,27.9,5.4,6.8,59.9,40.1,"[{""score"": ""1 - 1"", ""pct"": 11.97}, {""score"": ""1 - 0"", ""pct"": 11.84}, {""score"": ""2 - 1"", ""pct"": 8.98}]"
Algeria,Jordan,Neutral,1.579,1.031,49.9,25.4,24.7,49.1,7.0,9.0,24.1,4.8,6.0,65.1,34.9,"[{""score"": ""1 - 1"", ""pct"": 12.120000000000001}, {""score"": ""1 - 0"", ""pct"": 11.91}, {""score"": ""2 - 1"", ""pct"": 9.629999999999999}]"
Algeria,Australia,Neutral,1.139,1.198,34.0,29.0,37.0,34.2,6.0,8.6,36.4,5.9,8.8,48.8,51.1,"[{""score"": ""1 - 1"", ""pct"": 13.05}, {""score"": ""0 - 1"", ""pct"": 11.19}, {""score"": ""1 - 0"", ""pct"": 10.93}]"
Algeria,Germany,Neutral,1.1,1.255,31.1,29.5,39.4,31.7,5.7,8.0,38.9,6.1,9.7,45.4,54.6,"[{""score"": ""1 - 1"", ""pct"": 13.100000000000001}, {""score"": ""0 - 1"", ""pct"": 11.81}, {""score"": ""0 - 0"", ""pct"": 10.639999999999999}]"
Algeria,Canada,Neutral,1.153,1.096,36.9,30.2,32.8,36.8,6.1,9.0,33.7,5.9,8.5,52.0,48.0,"[{""score"": ""1 - 1"", ""pct"": 13.270000000000001}, {""score"": ""1 - 0"", ""pct"": 12.540000000000001}, {""score"": ""0 - 0"", ""pct"": 11.799999999999999}]"
Algeria,Czech Republic,Neutral,1.649,0.97,53.2,25.6,21.1,52.8,7.5,9.1,21.4,4.0,5.1,69.5,30.5,"[{""score"": ""1 - 0"", ""pct"": 12.389999999999999}, {""score"": ""1 - 1"", ""pct"": 11.82}, {""score"": ""2 - 1"", ""pct"": 9.58}]"
Algeria,Saudi Arabia,Neutral,1.687,0.905,55.2,25.3,19.5,56.0,7.5,8.8,19.2,3.6,4.8,72.4,27.6,"[{""score"": ""1 - 0"", ""pct"": 12.68}, {""score"": ""1 - 1"", ""pct"": 11.39}, {""score"": ""2 - 0"", ""pct"": 10.48}]"
Algeria,Mexico,Neutral,1.035,1.289,29.3,29.1,41.6,28.8,5.3,7.4,42.3,6.8,9.3,41.6,58.4,"[{""score"": ""1 - 1"", ""pct"": 13.700000000000001}, {""score"": ""0 - 1"", ""pct"": 12.65}, {""score"": ""0 - 0"", ""pct"": 10.52}]"
Algeria,Argentina,Neutral,0.809,1.62,16.8,25.9,57.3,17.4,3.5,4.7,56.7,7.7,10.1,25.5,74.5,"[{""score"": ""0 - 1"", ""pct"": 14.760000000000002}, {""score"": ""0 - 2"", ""pct"": 11.77}, {""score"": ""1 - 1"", ""pct"": 11.44}]"
Algeria,New Zealand,Neutral,1.732,0.943,57.0,24.4,18.6,54.7,8.0,8.8,19.5,3.6,5.3,71.5,28.5,"[{""score"": ""1 - 0"", ""pct"": 12.26}, {""score"": ""1 - 1"", ""pct"": 11.51}, {""score"": ""2 - 0"", ""pct"": 10.56}]"
Algeria,Senegal,Neutral,1.202,1.208,34.7,29.4,35.9,35.7,5.6,8.4,35.3,6.1,8.9,49.7,50.3,"[{""score"": ""1 - 1"", ""pct"": 13.270000000000001}, {""score"": ""1 - 0"", ""pct"": 10.65}, {""score"": ""0 - 1"", ""pct"": 10.43}]"
Algeria,Sweden,Neutral,1.792,0.988,56.0,23.7,20.3,56.2,7.3,8.1,20.4,3.5,4.5,71.6,28.4,"[{""score"": ""1 - 0"", ""pct"": 11.48}, {""score"": ""1 - 1"", ""pct"": 10.33}, {""score"": ""2 - 1"", ""pct"": 10.32}]"
Algeria,Netherlands,Neutral,1.071,1.359,28.3,28.3,43.4,27.9,5.0,7.3,43.0,6.7,10.0,40.2,59.8,"[{""score"": ""0 - 1"", ""pct"": 12.479999999999999}, {""score"": ""1 - 1"", ""pct"": 12.46}, {""score"": ""0 - 0"", ""pct"": 9.99}]"
Algeria,Tunisia,Neutral,1.533,0.937,50.3,27.5,22.2,51.0,7.4,9.7,22.3,4.3,5.3,68.1,31.9,"[{""score"": ""1 - 0"", ""pct"": 13.86}, {""score"": ""1 - 1"", ""pct"": 12.07}, {""score"": ""0 - 0"", ""pct"": 9.81}]"
Algeria,Scotland,Neutral,1.514,0.984,49.7,27.1,23.2,49.0,7.4,9.7,23.3,4.8,5.9,66.1,33.9,"[{""score"": ""1 - 0"", ""pct"": 12.709999999999999}, {""score"": ""1 - 1"", ""pct"": 12.559999999999999}, {""score"": ""2 - 1"", ""pct"": 9.520000000000001}]"
Algeria,Colombia,Neutral,1.061,1.461,26.4,27.3,46.3,26.9,5.0,6.7,46.0,6.6,8.9,38.6,61.5,"[{""score"": ""1 - 1"", ""pct"": 12.1}, {""score"": ""0 - 1"", ""pct"": 12.09}, {""score"": ""0 - 0"", ""pct"": 9.370000000000001}]"
Algeria,Japan,Neutral,1.002,1.386,25.9,28.2,45.9,26.1,5.0,7.2,44.9,6.8,10.0,38.2,61.8,"[{""score"": ""1 - 1"", ""pct"": 12.989999999999998}, {""score"": ""0 - 1"", ""pct"": 12.97}, {""score"": ""0 - 0"", ""pct"": 9.879999999999999}]"
Algeria,France,Neutral,1.006,1.522,24.0,27.7,48.3,24.6,4.5,5.7,49.3,7.1,8.7,34.9,65.2,"[{""score"": ""0 - 1"", ""pct"": 12.47}, {""score"": ""1 - 1"", ""pct"": 12.43}, {""score"": ""0 - 2"", ""pct"": 9.049999999999999}]"
Algeria,Uzbekistan,Neutral,1.273,1.045,41.1,28.9,30.0,40.7,6.9,9.9,29.1,5.3,8.1,57.4,42.6,"[{""score"": ""1 - 1"", ""pct"": 12.78}, {""score"": ""1 - 0"", ""pct"": 12.479999999999999}, {""score"": ""0 - 0"", ""pct"": 10.75}]"
Algeria,Ecuador,Neutral,1.026,1.311,28.2,28.4,43.3,28.4,4.9,7.6,42.5,6.7,9.9,40.9,59.1,"[{""score"": ""0 - 1"", ""pct"": 12.950000000000001}, {""score"": ""1 - 1"", ""pct"": 12.73}, {""score"": ""0 - 0"", ""pct"": 10.620000000000001}]"
Algeria,Qatar,Neutral,2.077,0.662,70.8,19.4,9.8,70.8,7.3,7.5,10.0,1.9,2.4,85.6,14.4,"[{""score"": ""1 - 0"", ""pct"": 13.8}, {""score"": ""2 - 0"", ""pct"": 13.74}, {""score"": ""2 - 1"", ""pct"": 9.44}]"
Algeria,Ivory Coast,Neutral,1.414,0.975,47.3,28.0,24.6,46.3,7.2,9.3,25.4,4.5,7.1,62.9,37.1,"[{""score"": ""1 - 0"", ""pct"": 13.81}, {""score"": ""1 - 1"", ""pct"": 12.46}, {""score"": ""0 - 0"", ""pct"": 10.09}]"
Algeria,England,Neutral,0.977,1.484,24.5,27.9,47.6,24.0,4.2,5.9,48.6,7.0,10.3,34.0,66.0,"[{""score"": ""1 - 1"", ""pct"": 12.590000000000002}, {""score"": ""0 - 1"", ""pct"": 12.379999999999999}, {""score"": ""0 - 0"", ""pct"": 9.84}]"
Algeria,Cape Verde,Neutral,1.794,0.771,62.3,22.9,14.7,61.5,8.0,9.1,14.3,3.0,4.1,78.5,21.5,"[{""score"": ""1 - 0"", ""pct"": 14.39}, {""score"": ""2 - 0"", ""pct"": 12.31}, {""score"": ""2 - 1"", ""pct"": 9.99}]"
Algeria,Panama,Neutral,1.389,1.131,41.8,28.0,30.2,42.3,6.6,9.0,30.0,5.4,6.7,57.9,42.1,"[{""score"": ""1 - 1"", ""pct"": 12.98}, {""score"": ""1 - 0"", ""pct"": 11.44}, {""score"": ""0 - 1"", ""pct"": 9.02}]"
Algeria,Austria,Neutral,1.26,1.034,40.6,29.8,29.6,41.0,6.7,9.7,29.5,5.3,7.8,57.4,42.6,"[{""score"": ""1 - 1"", ""pct"": 13.56}, {""score"": ""1 - 0"", ""pct"": 12.559999999999999}, {""score"": ""0 - 0"", ""pct"": 11.110000000000001}]"
Algeria,Belgium,Neutral,1.173,1.207,34.1,29.6,36.3,34.8,6.2,8.7,35.8,6.2,8.3,49.7,50.3,"[{""score"": ""1 - 1"", ""pct"": 13.059999999999999}, {""score"": ""1 - 0"", ""pct"": 10.91}, {""score"": ""0 - 1"", ""pct"": 10.84}]"
Algeria,Egypt,Neutral,1.385,0.921,46.4,29.5,24.1,48.0,7.4,10.9,23.4,3.9,6.4,66.3,33.7,"[{""score"": ""1 - 0"", ""pct"": 13.41}, {""score"": ""1 - 1"", ""pct"": 12.4}, {""score"": ""0 - 0"", ""pct"": 11.48}]"
Algeria,Iraq,Neutral,1.501,0.91,50.9,27.2,21.9,50.8,8.0,9.7,21.4,4.1,6.0,68.5,31.5,"[{""score"": ""1 - 0"", ""pct"": 13.86}, {""score"": ""1 - 1"", ""pct"": 12.18}, {""score"": ""0 - 0"", ""pct"": 9.790000000000001}]"
Algeria,Switzerland,Neutral,1.216,1.2,36.3,29.1,34.6,35.9,5.8,8.5,34.7,6.1,9.0,50.2,49.8,"[{""score"": ""1 - 1"", ""pct"": 12.9}, {""score"": ""1 - 0"", ""pct"": 11.28}, {""score"": ""0 - 1"", ""pct"": 10.41}]"
Algeria,Brazil,Neutral,1.065,1.51,25.0,27.1,47.9,26.1,4.6,6.4,47.2,7.2,8.4,37.2,62.8,"[{""score"": ""1 - 1"", ""pct"": 12.41}, {""score"": ""0 - 1"", ""pct"": 12.1}, {""score"": ""1 - 2"", ""pct"": 9.11}]"
Algeria,United States,Neutral,1.511,1.026,47.2,27.9,24.9,47.8,7.8,9.4,24.3,4.5,6.3,64.9,35.1,"[{""score"": ""1 - 0"", ""pct"": 12.27}, {""score"": ""1 - 1"", ""pct"": 12.27}, {""score"": ""0 - 0"", ""pct"": 9.68}]"
Algeria,Ghana,Neutral,1.81,0.718,63.0,23.5,13.5,62.9,7.8,8.9,13.9,2.6,3.9,79.6,20.4,"[{""score"": ""1 - 0"", ""pct"": 14.799999999999999}, {""score"": ""2 - 0"", ""pct"": 12.559999999999999}, {""score"": ""1 - 1"", ""pct"": 10.100000000000001}]"
Algeria,Uruguay,Neutral,1.092,1.184,32.3,29.7,38.0,32.9,5.7,8.4,37.3,6.3,9.3,47.1,52.9,"[{""score"": ""1 - 1"", ""pct"": 13.059999999999999}, {""score"": ""0 - 1"", ""pct"": 12.479999999999999}, {""score"": ""0 - 0"", ""pct"": 11.459999999999999}]"
Algeria,Portugal,Neutral,1.059,1.415,26.4,28.2,45.4,27.3,4.7,7.6,44.7,6.6,9.2,39.5,60.5,"[{""score"": ""0 - 1"", ""pct"": 12.620000000000001}, {""score"": ""1 - 1"", ""pct"": 12.58}, {""score"": ""0 - 0"", ""pct"": 9.719999999999999}]"
Algeria,Spain,Neutral,0.833,1.644,17.8,25.7,56.5,17.4,3.4,4.7,57.0,7.8,9.8,25.5,74.5,"[{""score"": ""0 - 1"", ""pct"": 14.62}, {""score"": ""1 - 1"", ""pct"": 11.35}, {""score"": ""0 - 2"", ""pct"": 10.8}]"
Algeria,Bosnia and Herzegovina,Neutral,1.918,0.678,67.1,22.0,10.9,66.7,7.4,8.9,11.6,2.4,3.0,83.0,17.0,"[{""score"": ""2 - 0"", ""pct"": 14.01}, {""score"": ""1 - 0"", ""pct"": 13.850000000000001}, {""score"": ""2 - 1"", ""pct"": 9.950000000000001}]"
Algeria,South Africa,Neutral,1.736,0.831,59.6,24.3,16.2,58.4,7.8,9.1,17.4,3.0,4.3,75.3,24.7,"[{""score"": ""1 - 0"", ""pct"": 13.69}, {""score"": ""2 - 0"", ""pct"": 11.16}, {""score"": ""1 - 1"", ""pct"": 10.95}]"
Algeria,DR Congo,Neutral,1.42,0.886,48.8,28.2,23.0,49.3,7.4,10.0,22.9,4.2,6.3,66.6,33.4,"[{""score"": ""1 - 0"", ""pct"": 14.6}, {""score"": ""1 - 1"", ""pct"": 12.19}, {""score"": ""0 - 0"", ""pct"": 11.19}]"
Algeria,Croatia,Neutral,1.186,1.218,33.6,29.5,37.0,34.2,6.0,8.1,36.1,6.3,9.3,48.2,51.8,"[{""score"": ""1 - 1"", ""pct"": 13.56}, {""score"": ""0 - 1"", ""pct"": 11.129999999999999}, {""score"": ""1 - 0"", ""pct"": 10.530000000000001}]"
Algeria,Norway,Neutral,1.17,1.231,33.6,28.8,37.6,33.1,5.6,8.2,37.6,6.6,8.8,47.0,53.0,"[{""score"": ""1 - 1"", ""pct"": 13.239999999999998}, {""score"": ""0 - 1"", ""pct"": 11.600000000000001}, {""score"": ""1 - 0"", ""pct"": 10.37}]"
Algeria,Turkey,Neutral,1.158,1.221,33.7,29.6,36.8,33.7,5.8,8.1,37.0,6.6,8.8,47.6,52.4,"[{""score"": ""1 - 1"", ""pct"": 13.25}, {""score"": ""0 - 1"", ""pct"": 11.75}, {""score"": ""1 - 0"", ""pct"": 11.18}]"
Algeria,Morocco,Neutral,1.019,1.383,26.5,28.7,44.8,26.8,4.6,7.4,44.6,6.6,10.1,38.8,61.2,"[{""score"": ""0 - 1"", ""pct"": 12.55}, {""score"": ""1 - 1"", ""pct"": 12.44}, {""score"": ""0 - 0"", ""pct"": 10.36}]"
Algeria,Haiti,Neutral,1.626,0.953,53.1,25.9,21.1,53.0,7.0,9.2,21.1,4.2,5.4,69.3,30.7,"[{""score"": ""1 - 0"", ""pct"": 12.27}, {""score"": ""1 - 1"", ""pct"": 11.940000000000001}, {""score"": ""2 - 0"", ""pct"": 10.280000000000001}]"
Algeria,South Korea,Neutral,1.224,1.199,35.0,30.1,34.9,37.3,5.9,7.9,34.5,5.8,8.5,51.1,48.9,"[{""score"": ""1 - 1"", ""pct"": 13.26}, {""score"": ""0 - 1"", ""pct"": 10.61}, {""score"": ""0 - 0"", ""pct"": 10.059999999999999}]"
Algeria,Curaçao,Neutral,1.944,0.754,65.5,22.2,12.2,65.6,7.4,8.1,13.1,2.4,3.4,81.1,18.9,"[{""score"": ""1 - 0"", ""pct"": 13.11}, {""score"": ""2 - 0"", ""pct"": 12.540000000000001}, {""score"": ""1 - 1"", ""pct"": 10.02}]"
Algeria,Paraguay,Neutral,1.214,1.151,37.8,28.9,33.3,36.2,6.4,8.7,34.3,6.5,7.9,51.4,48.6,"[{""score"": ""1 - 1"", ""pct"": 13.04}, {""score"": ""1 - 0"", ""pct"": 11.63}, {""score"": ""0 - 0"", ""pct"": 10.27}]"
Algeria,Iran,Neutral,1.157,1.23,33.6,28.7,37.7,33.8,5.7,8.7,36.4,6.6,8.9,48.1,51.9,"[{""score"": ""1 - 1"", ""pct"": 12.9}, {""score"": ""0 - 1"", ""pct"": 11.49}, {""score"": ""1 - 0"", ""pct"": 10.67}]"
Spain,Jordan,Neutral,2.194,0.934,67.2,19.4,13.4,66.7,7.2,6.6,13.4,2.8,3.2,80.5,19.4,"[{""score"": ""2 - 0"", ""pct"": 10.4}, {""score"": ""1 - 0"", ""pct"": 10.0}, {""score"": ""2 - 1"", ""pct"": 9.8}]"
Spain,Australia,Neutral,1.708,0.889,56.9,24.8,18.3,56.9,7.5,8.7,18.6,3.5,4.7,73.2,26.8,"[{""score"": ""1 - 0"", ""pct"": 12.82}, {""score"": ""1 - 1"", ""pct"": 11.24}, {""score"": ""2 - 0"", ""pct"": 11.05}]"
Spain,Germany,Neutral,1.729,1.069,54.0,23.4,22.6,53.2,6.9,7.9,22.8,4.2,4.8,68.1,31.9,"[{""score"": ""1 - 0"", ""pct"": 11.32}, {""score"": ""1 - 1"", ""pct"": 10.43}, {""score"": ""2 - 1"", ""pct"": 10.34}]"
Spain,Canada,Neutral,1.644,0.768,59.0,24.8,16.2,58.6,7.4,9.9,16.5,3.0,4.5,76.0,24.0,"[{""score"": ""1 - 0"", ""pct"": 15.39}, {""score"": ""2 - 0"", ""pct"": 12.07}, {""score"": ""1 - 1"", ""pct"": 10.36}]"
Spain,Czech Republic,Neutral,2.076,0.833,66.6,20.0,13.4,66.9,7.7,7.8,12.2,2.5,3.0,82.3,17.7,"[{""score"": ""1 - 0"", ""pct"": 11.68}, {""score"": ""2 - 0"", ""pct"": 11.59}, {""score"": ""2 - 1"", ""pct"": 9.54}]"
Spain,Saudi Arabia,Neutral,2.27,0.669,74.1,17.6,8.3,73.8,7.1,7.1,8.1,1.7,2.2,88.0,12.0,"[{""score"": ""2 - 0"", ""pct"": 13.900000000000002}, {""score"": ""1 - 0"", ""pct"": 12.58}, {""score"": ""3 - 0"", ""pct"": 10.07}]"
Spain,Mexico,Neutral,1.602,0.929,52.6,26.4,21.1,52.9,6.9,9.6,21.1,4.0,5.5,69.4,30.6,"[{""score"": ""1 - 0"", ""pct"": 13.13}, {""score"": ""1 - 1"", ""pct"": 12.18}, {""score"": ""2 - 0"", ""pct"": 9.790000000000001}]"
Spain,Argentina,Neutral,1.214,1.156,36.4,29.4,34.2,36.7,6.2,8.9,33.9,5.9,8.3,51.9,48.1,"[{""score"": ""1 - 1"", ""pct"": 13.58}, {""score"": ""1 - 0"", ""pct"": 11.5}, {""score"": ""0 - 1"", ""pct"": 10.84}]"
Spain,New Zealand,Neutral,2.36,0.683,75.2,16.4,8.4,75.4,7.0,6.2,7.8,1.6,2.0,88.6,11.4,"[{""score"": ""2 - 0"", ""pct"": 13.389999999999999}, {""score"": ""1 - 0"", ""pct"": 12.16}, {""score"": ""3 - 0"", ""pct"": 10.07}]"
Spain,Senegal,Neutral,1.743,0.886,57.3,24.6,18.1,57.5,7.7,9.0,17.6,3.4,4.7,74.3,25.7,"[{""score"": ""1 - 0"", ""pct"": 13.04}, {""score"": ""1 - 1"", ""pct"": 10.73}, {""score"": ""2 - 0"", ""pct"": 10.280000000000001}]"
Spain,Sweden,Neutral,2.41,0.732,75.7,16.1,8.2,75.0,6.9,6.2,8.4,1.8,1.7,88.1,11.9,"[{""score"": ""2 - 0"", ""pct"": 12.06}, {""score"": ""1 - 0"", ""pct"": 11.24}, {""score"": ""3 - 0"", ""pct"": 10.08}]"
Spain,Netherlands,Neutral,1.676,1.002,52.0,26.4,21.6,52.8,7.2,8.6,22.0,4.4,5.0,68.7,31.4,"[{""score"": ""1 - 1"", ""pct"": 11.75}, {""score"": ""1 - 0"", ""pct"": 11.07}, {""score"": ""2 - 1"", ""pct"": 9.44}]"
Spain,Tunisia,Neutral,1.978,0.673,68.3,21.5,10.2,68.3,7.0,8.9,10.5,2.1,3.1,84.2,15.8,"[{""score"": ""1 - 0"", ""pct"": 14.59}, {""score"": ""2 - 0"", ""pct"": 13.61}, {""score"": ""1 - 1"", ""pct"": 9.54}]"
Spain,Scotland,Neutral,2.069,0.78,68.1,20.5,11.4,68.8,7.2,7.3,12.1,2.0,2.7,83.2,16.8,"[{""score"": ""2 - 0"", ""pct"": 12.11}, {""score"": ""1 - 0"", ""pct"": 12.049999999999999}, {""score"": ""2 - 1"", ""pct"": 9.66}]"
Spain,Colombia,Neutral,1.607,1.057,50.0,25.9,24.1,49.8,7.1,9.1,23.7,4.6,5.7,66.0,34.0,"[{""score"": ""1 - 1"", ""pct"": 11.53}, {""score"": ""1 - 0"", ""pct"": 11.24}, {""score"": ""2 - 0"", ""pct"": 9.31}]"
Spain,Japan,Neutral,1.587,1.017,50.1,26.2,23.7,50.7,7.3,8.7,23.4,4.2,5.7,66.8,33.2,"[{""score"": ""1 - 1"", ""pct"": 12.1}, {""score"": ""1 - 0"", ""pct"": 11.91}, {""score"": ""2 - 1"", ""pct"": 9.51}]"
Spain,France,Neutral,1.532,1.076,47.9,26.5,25.6,47.5,7.2,8.6,25.7,4.9,6.1,63.2,36.8,"[{""score"": ""1 - 1"", ""pct"": 11.81}, {""score"": ""1 - 0"", ""pct"": 11.27}, {""score"": ""2 - 1"", ""pct"": 9.65}]"
Spain,Uzbekistan,Neutral,1.736,0.748,61.1,24.1,14.8,61.0,8.0,9.2,14.4,3.1,4.3,78.2,21.8,"[{""score"": ""1 - 0"", ""pct"": 15.590000000000002}, {""score"": ""2 - 0"", ""pct"": 12.16}, {""score"": ""1 - 1"", ""pct"": 10.77}]"
Spain,Ecuador,Neutral,1.612,0.986,51.7,26.2,22.1,51.2,7.3,8.9,22.6,4.4,5.6,67.4,32.6,"[{""score"": ""1 - 0"", ""pct"": 12.620000000000001}, {""score"": ""1 - 1"", ""pct"": 12.01}, {""score"": ""2 - 1"", ""pct"": 9.49}]"
Spain,Qatar,Neutral,3.063,0.54,87.3,9.5,3.2,87.4,4.9,3.2,3.4,0.4,0.6,95.6,4.4,"[{""score"": ""2 - 0"", ""pct"": 13.239999999999998}, {""score"": ""3 - 0"", ""pct"": 12.76}, {""score"": ""4 - 0"", ""pct"": 9.45}]"
Spain,Ivory Coast,Neutral,1.877,0.798,63.6,22.6,13.8,63.7,7.0,8.6,14.4,2.8,3.5,79.3,20.7,"[{""score"": ""1 - 0"", ""pct"": 13.73}, {""score"": ""2 - 0"", ""pct"": 11.77}, {""score"": ""1 - 1"", ""pct"": 10.549999999999999}]"
Spain,England,Neutral,1.456,1.007,46.8,27.9,25.3,47.2,7.0,9.5,25.4,4.5,6.5,63.7,36.3,"[{""score"": ""1 - 0"", ""pct"": 12.5}, {""score"": ""1 - 1"", ""pct"": 12.47}, {""score"": ""0 - 0"", ""pct"": 9.66}]"
Spain,Cape Verde,Neutral,2.252,0.682,72.6,17.8,9.6,73.7,6.4,7.0,8.8,1.8,2.2,87.1,12.9,"[{""score"": ""2 - 0"", ""pct"": 13.69}, {""score"": ""1 - 0"", ""pct"": 12.280000000000001}, {""score"": ""3 - 0"", ""pct"": 9.41}]"
Spain,Panama,Neutral,1.953,0.845,64.2,21.6,14.2,63.8,7.0,8.4,14.8,2.6,3.5,79.1,20.9,"[{""score"": ""1 - 0"", ""pct"": 12.6}, {""score"": ""2 - 0"", ""pct"": 12.0}, {""score"": ""2 - 1"", ""pct"": 10.56}]"
Spain,Austria,Neutral,1.739,0.819,59.7,23.9,16.3,59.3,7.5,9.3,16.1,3.4,4.3,76.1,23.9,"[{""score"": ""1 - 0"", ""pct"": 13.780000000000001}, {""score"": ""2 - 0"", ""pct"": 11.35}, {""score"": ""1 - 1"", ""pct"": 10.66}]"
Spain,Belgium,Neutral,1.724,0.897,57.2,24.2,18.6,58.0,7.5,8.6,17.9,3.5,4.6,74.1,25.9,"[{""score"": ""1 - 0"", ""pct"": 13.420000000000002}, {""score"": ""1 - 1"", ""pct"": 10.92}, {""score"": ""2 - 0"", ""pct"": 10.72}]"
Spain,Egypt,Neutral,1.84,0.724,64.2,22.4,13.4,64.3,7.7,8.8,13.0,2.8,3.4,80.8,19.2,"[{""score"": ""1 - 0"", ""pct"": 14.860000000000001}, {""score"": ""2 - 0"", ""pct"": 13.04}, {""score"": ""1 - 1"", ""pct"": 10.39}]"
Spain,Iraq,Neutral,1.939,0.667,67.6,21.4,11.0,68.2,7.3,8.3,11.4,2.0,2.8,83.8,16.2,"[{""score"": ""1 - 0"", ""pct"": 14.180000000000001}, {""score"": ""2 - 0"", ""pct"": 13.489999999999998}, {""score"": ""2 - 1"", ""pct"": 9.700000000000001}]"
Spain,Switzerland,Neutral,1.774,0.895,58.7,23.3,17.9,58.3,8.0,8.3,17.4,3.6,4.3,74.6,25.4,"[{""score"": ""1 - 0"", ""pct"": 12.34}, {""score"": ""2 - 0"", ""pct"": 11.01}, {""score"": ""1 - 1"", ""pct"": 10.77}]"
Spain,Brazil,Neutral,1.594,1.065,49.8,26.0,24.2,49.3,7.1,8.8,25.2,4.1,5.5,65.2,34.8,"[{""score"": ""1 - 1"", ""pct"": 12.04}, {""score"": ""1 - 0"", ""pct"": 11.72}, {""score"": ""2 - 1"", ""pct"": 9.09}]"
Spain,United States,Neutral,1.974,0.844,63.6,22.2,14.1,64.2,7.6,7.9,14.5,2.5,3.4,79.7,20.3,"[{""score"": ""1 - 0"", ""pct"": 12.22}, {""score"": ""2 - 0"", ""pct"": 11.64}, {""score"": ""2 - 1"", ""pct"": 9.82}]"
Spain,Ghana,Neutral,2.547,0.545,81.0,14.0,4.9,81.1,6.0,5.5,5.2,1.1,1.2,92.5,7.5,"[{""score"": ""2 - 0"", ""pct"": 15.07}, {""score"": ""1 - 0"", ""pct"": 12.65}, {""score"": ""3 - 0"", ""pct"": 12.33}]"
Spain,Uruguay,Neutral,1.69,0.939,54.7,25.2,20.1,55.6,7.8,8.4,19.7,3.7,4.8,71.8,28.2,"[{""score"": ""1 - 0"", ""pct"": 12.49}, {""score"": ""1 - 1"", ""pct"": 11.19}, {""score"": ""2 - 0"", ""pct"": 10.32}]"
Spain,Portugal,Neutral,1.63,1.057,50.4,26.3,23.2,51.0,7.3,8.6,23.3,4.3,5.4,66.9,33.1,"[{""score"": ""1 - 1"", ""pct"": 11.32}, {""score"": ""1 - 0"", ""pct"": 11.24}, {""score"": ""2 - 1"", ""pct"": 9.59}]"
Spain,Algeria,Neutral,1.644,0.833,56.1,25.8,18.1,56.7,7.9,9.3,17.7,3.3,5.0,74.0,26.0,"[{""score"": ""1 - 0"", ""pct"": 14.67}, {""score"": ""1 - 1"", ""pct"": 11.62}, {""score"": ""2 - 0"", ""pct"": 10.75}]"
Spain,Bosnia and Herzegovina,Neutral,2.617,0.62,81.2,13.1,5.7,81.4,6.1,5.3,5.2,1.0,1.1,92.7,7.3,"[{""score"": ""2 - 0"", ""pct"": 13.52}, {""score"": ""3 - 0"", ""pct"": 11.61}, {""score"": ""1 - 0"", ""pct"": 10.48}]"
Spain,South Africa,Neutral,2.174,0.583,75.0,17.3,7.8,74.8,6.9,7.4,7.3,1.7,1.9,89.1,10.9,"[{""score"": ""2 - 0"", ""pct"": 14.940000000000001}, {""score"": ""1 - 0"", ""pct"": 14.08}, {""score"": ""3 - 0"", ""pct"": 10.89}]"
Spain,DR Congo,Neutral,1.905,0.667,66.6,21.8,11.6,67.6,7.7,8.7,10.9,2.1,3.1,83.9,16.1,"[{""score"": ""1 - 0"", ""pct"": 15.1}, {""score"": ""2 - 0"", ""pct"": 13.51}, {""score"": ""1 - 1"", ""pct"": 9.31}]"
Spain,Croatia,Neutral,1.791,0.909,58.9,23.4,17.7,58.7,7.6,9.0,17.2,3.5,4.0,75.3,24.7,"[{""score"": ""1 - 0"", ""pct"": 12.870000000000001}, {""score"": ""1 - 1"", ""pct"": 11.08}, {""score"": ""2 - 0"", ""pct"": 10.65}]"
Spain,Norway,Neutral,1.738,0.914,56.6,25.1,18.2,57.2,7.4,8.5,18.9,3.5,4.5,73.2,26.8,"[{""score"": ""1 - 0"", ""pct"": 12.02}, {""score"": ""1 - 1"", ""pct"": 11.26}, {""score"": ""2 - 0"", ""pct"": 10.489999999999998}]"
Spain,Turkey,Neutral,1.747,0.891,58.1,23.9,18.0,57.1,8.0,8.8,18.1,3.5,4.5,73.9,26.1,"[{""score"": ""1 - 0"", ""pct"": 12.85}, {""score"": ""1 - 1"", ""pct"": 11.07}, {""score"": ""2 - 0"", ""pct"": 10.8}]"
Spain,Morocco,Neutral,1.601,1.02,50.3,26.8,22.9,50.6,7.1,9.1,23.4,4.4,5.4,66.9,33.1,"[{""score"": ""1 - 0"", ""pct"": 12.120000000000001}, {""score"": ""1 - 1"", ""pct"": 11.68}, {""score"": ""2 - 1"", ""pct"": 8.959999999999999}]"
Spain,Haiti,Neutral,1.985,0.722,67.3,21.5,11.2,67.1,7.2,7.9,12.5,2.2,3.1,82.2,17.8,"[{""score"": ""1 - 0"", ""pct"": 13.889999999999999}, {""score"": ""2 - 0"", ""pct"": 13.58}, {""score"": ""1 - 1"", ""pct"": 9.42}]"
Spain,South Korea,Neutral,1.774,0.846,58.5,24.6,16.8,59.8,7.8,9.0,16.2,3.0,4.2,76.6,23.4,"[{""score"": ""1 - 0"", ""pct"": 13.669999999999998}, {""score"": ""2 - 0"", ""pct"": 11.450000000000001}, {""score"": ""1 - 1"", ""pct"": 11.42}]"
Spain,Curaçao,Neutral,2.656,0.56,82.6,12.7,4.7,82.4,5.7,4.9,5.1,0.9,1.0,93.0,7.0,"[{""score"": ""2 - 0"", ""pct"": 13.819999999999999}, {""score"": ""3 - 0"", ""pct"": 13.020000000000001}, {""score"": ""1 - 0"", ""pct"": 11.67}]"
Spain,Paraguay,Neutral,1.781,0.792,60.6,24.0,15.4,61.7,7.5,9.2,14.8,2.9,3.9,78.3,21.7,"[{""score"": ""1 - 0"", ""pct"": 13.44}, {""score"": ""2 - 0"", ""pct"": 11.66}, {""score"": ""1 - 1"", ""pct"": 10.83}]"
Spain,Iran,Neutral,1.672,0.887,56.2,24.8,18.9,55.9,7.5,9.2,19.0,3.9,4.6,72.5,27.5,"[{""score"": ""1 - 0"", ""pct"": 13.48}, {""score"": ""1 - 1"", ""pct"": 11.26}, {""score"": ""2 - 0"", ""pct"": 10.530000000000001}]"
Bosnia and Herzegovina,Jordan,Neutral,1.097,1.808,21.9,24.5,53.6,22.7,3.9,5.0,53.5,7.1,7.7,31.6,68.4,"[{""score"": ""1 - 1"", ""pct"": 10.780000000000001}, {""score"": ""0 - 1"", ""pct"": 10.08}, {""score"": ""1 - 2"", ""pct"": 9.86}]"
Bosnia and Herzegovina,Australia,Neutral,0.728,1.95,11.9,21.3,66.8,12.1,2.5,3.3,66.9,7.1,8.1,17.9,82.1,"[{""score"": ""0 - 1"", ""pct"": 13.950000000000001}, {""score"": ""0 - 2"", ""pct"": 13.77}, {""score"": ""1 - 1"", ""pct"": 9.74}]"
Bosnia and Herzegovina,Germany,Neutral,0.698,2.272,9.6,17.2,73.2,8.8,1.6,2.0,73.3,7.1,7.1,12.4,87.6,"[{""score"": ""0 - 2"", ""pct"": 13.23}, {""score"": ""0 - 1"", ""pct"": 11.99}, {""score"": ""0 - 3"", ""pct"": 9.969999999999999}]"
Bosnia and Herzegovina,Canada,Neutral,0.679,1.878,12.2,21.9,65.9,11.8,2.5,3.1,66.5,7.3,8.8,17.4,82.6,"[{""score"": ""0 - 1"", ""pct"": 15.0}, {""score"": ""0 - 2"", ""pct"": 14.27}, {""score"": ""1 - 1"", ""pct"": 9.98}]"
Bosnia and Herzegovina,Czech Republic,Neutral,1.015,1.646,21.8,25.7,52.5,22.8,4.0,5.4,51.4,7.3,9.1,32.2,67.8,"[{""score"": ""0 - 1"", ""pct"": 12.120000000000001}, {""score"": ""1 - 1"", ""pct"": 11.78}, {""score"": ""1 - 2"", ""pct"": 9.51}]"
Bosnia and Herzegovina,Saudi Arabia,Neutral,1.032,1.49,25.1,27.8,47.1,24.8,4.7,6.4,47.3,7.3,9.5,35.9,64.1,"[{""score"": ""1 - 1"", ""pct"": 12.620000000000001}, {""score"": ""0 - 1"", ""pct"": 11.940000000000001}, {""score"": ""1 - 2"", ""pct"": 9.83}]"
Bosnia and Herzegovina,Mexico,Neutral,0.658,2.117,9.3,18.9,71.8,9.0,1.8,2.6,71.8,7.2,7.6,13.4,86.6,"[{""score"": ""0 - 2"", ""pct"": 13.889999999999999}, {""score"": ""0 - 1"", ""pct"": 13.88}, {""score"": ""0 - 3"", ""pct"": 9.07}]"
Bosnia and Herzegovina,Argentina,Neutral,0.592,2.647,5.1,13.5,81.5,4.8,1.1,1.1,81.8,6.0,5.3,6.9,93.1,"[{""score"": ""0 - 2"", ""pct"": 14.49}, {""score"": ""0 - 3"", ""pct"": 11.65}, {""score"": ""0 - 1"", ""pct"": 11.1}]"
Bosnia and Herzegovina,New Zealand,Neutral,1.054,1.586,24.3,26.3,49.4,24.2,4.5,5.7,49.1,7.3,9.3,34.3,65.7,"[{""score"": ""1 - 1"", ""pct"": 11.74}, {""score"": ""0 - 1"", ""pct"": 11.4}, {""score"": ""1 - 2"", ""pct"": 9.43}]"
Bosnia and Herzegovina,Senegal,Neutral,0.722,1.957,12.2,21.2,66.6,11.9,2.3,3.1,66.4,7.5,8.8,17.3,82.7,"[{""score"": ""0 - 1"", ""pct"": 14.719999999999999}, {""score"": ""0 - 2"", ""pct"": 12.93}, {""score"": ""1 - 1"", ""pct"": 9.55}]"
Bosnia and Herzegovina,Sweden,Neutral,1.063,1.565,24.5,26.5,49.0,25.1,4.6,6.0,48.0,7.3,8.9,35.8,64.2,"[{""score"": ""1 - 1"", ""pct"": 12.22}, {""score"": ""0 - 1"", ""pct"": 11.77}, {""score"": ""1 - 2"", ""pct"": 9.610000000000001}]"
Bosnia and Herzegovina,Netherlands,Neutral,0.697,2.186,9.8,18.4,71.8,9.6,1.7,2.1,72.6,6.8,7.2,13.4,86.6,"[{""score"": ""0 - 2"", ""pct"": 13.639999999999999}, {""score"": ""0 - 1"", ""pct"": 12.53}, {""score"": ""1 - 2"", ""pct"": 9.58}]"
Bosnia and Herzegovina,Tunisia,Neutral,0.954,1.604,21.6,26.6,51.8,22.7,4.1,5.0,51.9,7.4,9.0,31.8,68.2,"[{""score"": ""0 - 1"", ""pct"": 12.98}, {""score"": ""1 - 1"", ""pct"": 12.01}, {""score"": ""0 - 2"", ""pct"": 9.67}]"
Bosnia and Herzegovina,Scotland,Neutral,0.898,1.778,18.0,24.3,57.7,17.4,3.3,4.3,59.6,7.4,8.0,24.9,75.0,"[{""score"": ""0 - 1"", ""pct"": 12.44}, {""score"": ""1 - 1"", ""pct"": 10.85}, {""score"": ""1 - 2"", ""pct"": 9.959999999999999}]"
Bosnia and Herzegovina,Colombia,Neutral,0.687,2.37,8.1,16.7,75.2,7.9,1.4,1.6,75.6,7.0,6.5,10.9,89.1,"[{""score"": ""0 - 2"", ""pct"": 13.56}, {""score"": ""0 - 1"", ""pct"": 11.33}, {""score"": ""0 - 3"", ""pct"": 9.84}]"
Bosnia and Herzegovina,Japan,Neutral,0.645,2.308,7.8,16.4,75.9,7.8,1.4,1.9,75.8,6.8,6.2,11.2,88.8,"[{""score"": ""0 - 2"", ""pct"": 13.819999999999999}, {""score"": ""0 - 1"", ""pct"": 12.41}, {""score"": ""0 - 3"", ""pct"": 10.41}]"
Bosnia and Herzegovina,France,Neutral,0.683,2.481,7.2,15.6,77.2,7.7,1.3,1.9,77.1,6.5,5.5,10.9,89.1,"[{""score"": ""0 - 2"", ""pct"": 13.13}, {""score"": ""0 - 1"", ""pct"": 11.18}, {""score"": ""0 - 3"", ""pct"": 10.61}]"
Bosnia and Herzegovina,Uzbekistan,Neutral,0.778,1.758,15.7,23.7,60.6,15.0,3.0,4.3,60.3,8.2,9.1,22.4,77.6,"[{""score"": ""0 - 1"", ""pct"": 13.76}, {""score"": ""0 - 2"", ""pct"": 12.23}, {""score"": ""1 - 1"", ""pct"": 10.489999999999998}]"
Bosnia and Herzegovina,Ecuador,Neutral,0.679,2.2,9.6,18.7,71.7,9.6,1.8,2.0,72.6,6.8,7.1,13.5,86.5,"[{""score"": ""0 - 1"", ""pct"": 12.94}, {""score"": ""0 - 2"", ""pct"": 12.620000000000001}, {""score"": ""0 - 3"", ""pct"": 9.58}]"
Bosnia and Herzegovina,Qatar,Neutral,1.421,1.138,43.3,27.3,29.4,43.4,6.7,8.7,29.1,5.3,6.8,58.9,41.1,"[{""score"": ""1 - 1"", ""pct"": 12.0}, {""score"": ""1 - 0"", ""pct"": 11.12}, {""score"": ""2 - 1"", ""pct"": 9.29}]"
Bosnia and Herzegovina,Ivory Coast,Neutral,0.841,1.773,16.3,25.0,58.7,16.4,3.2,4.1,60.5,7.1,8.7,23.7,76.3,"[{""score"": ""0 - 1"", ""pct"": 13.08}, {""score"": ""0 - 2"", ""pct"": 11.32}, {""score"": ""1 - 1"", ""pct"": 11.04}]"
Bosnia and Herzegovina,England,Neutral,0.652,2.42,7.2,15.7,77.0,7.1,1.4,1.6,77.8,6.5,5.6,10.1,89.9,"[{""score"": ""0 - 2"", ""pct"": 13.5}, {""score"": ""0 - 1"", ""pct"": 11.88}, {""score"": ""0 - 3"", ""pct"": 10.530000000000001}]"
Bosnia and Herzegovina,Cape Verde,Neutral,1.043,1.321,28.5,29.0,42.5,28.8,5.1,7.9,42.0,6.6,9.7,41.8,58.2,"[{""score"": ""1 - 1"", ""pct"": 13.530000000000001}, {""score"": ""0 - 1"", ""pct"": 12.06}, {""score"": ""0 - 0"", ""pct"": 10.22}]"
Bosnia and Herzegovina,Panama,Neutral,0.794,1.844,14.7,22.8,62.5,14.7,2.9,4.1,62.2,7.3,8.8,21.8,78.2,"[{""score"": ""0 - 1"", ""pct"": 13.69}, {""score"": ""0 - 2"", ""pct"": 12.42}, {""score"": ""1 - 1"", ""pct"": 9.719999999999999}]"
Bosnia and Herzegovina,Austria,Neutral,0.81,1.837,15.1,23.6,61.3,14.5,2.9,4.0,61.9,7.8,8.8,21.4,78.6,"[{""score"": ""0 - 1"", ""pct"": 13.170000000000002}, {""score"": ""0 - 2"", ""pct"": 11.27}, {""score"": ""1 - 1"", ""pct"": 10.43}]"
Bosnia and Herzegovina,Belgium,Neutral,0.703,1.967,11.3,20.9,67.8,11.2,2.1,3.0,67.4,7.5,8.7,16.4,83.7,"[{""score"": ""0 - 1"", ""pct"": 14.62}, {""score"": ""0 - 2"", ""pct"": 13.100000000000001}, {""score"": ""1 - 1"", ""pct"": 9.569999999999999}]"
Bosnia and Herzegovina,Egypt,Neutral,0.84,1.684,17.1,24.7,58.1,17.4,3.2,4.6,57.5,8.1,9.1,25.2,74.8,"[{""score"": ""0 - 1"", ""pct"": 13.48}, {""score"": ""0 - 2"", ""pct"": 11.01}, {""score"": ""1 - 1"", ""pct"": 10.489999999999998}]"
Bosnia and Herzegovina,Iraq,Neutral,0.933,1.568,21.1,26.6,52.3,21.2,3.9,5.6,52.5,7.3,9.5,30.7,69.3,"[{""score"": ""0 - 1"", ""pct"": 13.55}, {""score"": ""1 - 1"", ""pct"": 11.92}, {""score"": ""0 - 2"", ""pct"": 9.700000000000001}]"
Bosnia and Herzegovina,Switzerland,Neutral,0.721,1.978,11.6,20.9,67.5,11.3,2.2,3.0,67.8,7.3,8.5,16.4,83.5,"[{""score"": ""0 - 1"", ""pct"": 14.56}, {""score"": ""0 - 2"", ""pct"": 12.690000000000001}, {""score"": ""1 - 1"", ""pct"": 9.56}]"
Bosnia and Herzegovina,Brazil,Neutral,0.69,2.418,7.6,16.0,76.4,7.8,1.4,1.8,76.2,6.7,6.2,10.9,89.1,"[{""score"": ""0 - 2"", ""pct"": 13.209999999999999}, {""score"": ""0 - 1"", ""pct"": 11.29}, {""score"": ""0 - 3"", ""pct"": 10.639999999999999}]"
Bosnia and Herzegovina,United States,Neutral,0.866,1.831,16.3,23.4,60.4,16.5,3.2,4.0,59.5,8.3,8.5,23.7,76.3,"[{""score"": ""0 - 1"", ""pct"": 12.67}, {""score"": ""0 - 2"", ""pct"": 11.58}, {""score"": ""1 - 1"", ""pct"": 10.42}]"
Bosnia and Herzegovina,Ghana,Neutral,1.118,1.258,31.9,29.1,38.9,31.8,5.6,8.1,38.8,6.5,9.1,45.6,54.4,"[{""score"": ""1 - 1"", ""pct"": 13.15}, {""score"": ""0 - 1"", ""pct"": 12.06}, {""score"": ""1 - 0"", ""pct"": 10.4}]"
Bosnia and Herzegovina,Uruguay,Neutral,0.7,2.077,10.7,19.7,69.6,10.2,1.9,2.7,70.7,6.9,7.7,14.8,85.2,"[{""score"": ""0 - 1"", ""pct"": 13.420000000000002}, {""score"": ""0 - 2"", ""pct"": 13.270000000000001}, {""score"": ""1 - 2"", ""pct"": 9.94}]"
Bosnia and Herzegovina,Portugal,Neutral,0.684,2.325,8.5,16.6,74.9,8.8,1.6,2.1,74.1,6.8,6.6,12.5,87.5,"[{""score"": ""0 - 2"", ""pct"": 13.5}, {""score"": ""0 - 1"", ""pct"": 12.01}, {""score"": ""0 - 3"", ""pct"": 10.489999999999998}]"
Bosnia and Herzegovina,Algeria,Neutral,0.678,1.918,11.3,21.5,67.2,11.1,2.3,3.0,67.4,7.1,9.1,16.4,83.6,"[{""score"": ""0 - 1"", ""pct"": 14.92}, {""score"": ""0 - 2"", ""pct"": 13.4}, {""score"": ""1 - 1"", ""pct"": 9.55}]"
Bosnia and Herzegovina,Spain,Neutral,0.62,2.617,5.8,13.3,81.0,5.7,1.3,1.1,81.0,6.1,4.8,8.1,91.9,"[{""score"": ""0 - 2"", ""pct"": 14.41}, {""score"": ""0 - 3"", ""pct"": 11.34}, {""score"": ""0 - 1"", ""pct"": 10.93}]"
Bosnia and Herzegovina,South Africa,Neutral,1.013,1.435,26.6,27.3,46.1,25.2,4.8,6.4,46.4,7.5,9.7,36.4,63.6,"[{""score"": ""0 - 1"", ""pct"": 12.67}, {""score"": ""1 - 1"", ""pct"": 12.34}, {""score"": ""0 - 0"", ""pct"": 9.700000000000001}]"
Bosnia and Herzegovina,DR Congo,Neutral,0.894,1.547,20.4,27.2,52.4,20.3,3.8,5.4,52.6,8.0,9.9,29.4,70.5,"[{""score"": ""0 - 1"", ""pct"": 13.51}, {""score"": ""1 - 1"", ""pct"": 12.509999999999998}, {""score"": ""0 - 2"", ""pct"": 10.190000000000001}]"
Bosnia and Herzegovina,Croatia,Neutral,0.748,1.965,12.6,21.6,65.8,12.1,2.4,3.1,66.5,7.4,8.5,17.6,82.4,"[{""score"": ""0 - 1"", ""pct"": 13.88}, {""score"": ""0 - 2"", ""pct"": 12.17}, {""score"": ""1 - 1"", ""pct"": 9.56}]"
Bosnia and Herzegovina,Norway,Neutral,0.733,1.955,12.7,20.7,66.6,12.6,2.5,3.1,66.1,7.5,8.3,18.1,81.9,"[{""score"": ""0 - 1"", ""pct"": 13.79}, {""score"": ""0 - 2"", ""pct"": 12.58}, {""score"": ""1 - 1"", ""pct"": 9.43}]"
Bosnia and Herzegovina,Turkey,Neutral,0.686,1.957,11.0,21.1,67.9,11.1,2.2,2.8,68.2,7.4,8.4,16.1,84.0,"[{""score"": ""0 - 1"", ""pct"": 14.41}, {""score"": ""0 - 2"", ""pct"": 13.58}, {""score"": ""1 - 2"", ""pct"": 9.49}]"
Bosnia and Herzegovina,Morocco,Neutral,0.637,2.374,7.5,15.8,76.6,6.9,1.3,1.8,77.1,6.6,6.2,10.1,89.9,"[{""score"": ""0 - 2"", ""pct"": 14.05}, {""score"": ""0 - 1"", ""pct"": 11.41}, {""score"": ""0 - 3"", ""pct"": 10.489999999999998}]"
Bosnia and Herzegovina,Haiti,Neutral,0.938,1.611,20.7,25.8,53.5,21.0,3.9,5.4,52.7,7.9,9.1,30.3,69.7,"[{""score"": ""0 - 1"", ""pct"": 12.839999999999998}, {""score"": ""1 - 1"", ""pct"": 11.43}, {""score"": ""0 - 2"", ""pct"": 10.48}]"
Bosnia and Herzegovina,South Korea,Neutral,0.731,1.936,11.8,22.0,66.2,12.5,2.3,3.4,66.0,7.3,8.5,18.2,81.8,"[{""score"": ""0 - 1"", ""pct"": 14.37}, {""score"": ""0 - 2"", ""pct"": 13.16}, {""score"": ""1 - 2"", ""pct"": 9.78}]"
Bosnia and Herzegovina,Curaçao,Neutral,1.19,1.302,33.0,28.7,38.3,33.8,5.8,7.6,37.9,6.1,8.8,47.2,52.8,"[{""score"": ""1 - 1"", ""pct"": 13.08}, {""score"": ""0 - 1"", ""pct"": 10.86}, {""score"": ""1 - 0"", ""pct"": 9.879999999999999}]"
Bosnia and Herzegovina,Paraguay,Neutral,0.727,1.896,12.3,21.9,65.9,12.7,2.5,3.5,65.5,6.9,8.9,18.7,81.3,"[{""score"": ""0 - 1"", ""pct"": 13.639999999999999}, {""score"": ""0 - 2"", ""pct"": 12.94}, {""score"": ""1 - 2"", ""pct"": 10.0}]"
Bosnia and Herzegovina,Iran,Neutral,0.713,1.962,12.0,21.0,67.1,11.7,2.3,3.3,67.2,7.6,7.8,17.3,82.7,"[{""score"": ""0 - 1"", ""pct"": 14.16}, {""score"": ""0 - 2"", ""pct"": 13.4}, {""score"": ""1 - 1"", ""pct"": 9.62}]"
South Africa,Jordan,Neutral,1.195,1.583,28.0,26.1,46.0,27.3,5.2,6.3,45.8,7.1,8.3,38.8,61.2,"[{""score"": ""1 - 1"", ""pct"": 11.76}, {""score"": ""0 - 1"", ""pct"": 9.56}, {""score"": ""1 - 2"", ""pct"": 9.4}]"
South Africa,Australia,Neutral,0.779,1.705,15.6,24.5,60.0,15.4,3.1,4.7,60.1,7.6,9.2,23.1,76.9,"[{""score"": ""0 - 1"", ""pct"": 14.48}, {""score"": ""0 - 2"", ""pct"": 11.55}, {""score"": ""1 - 1"", ""pct"": 10.79}]"
South Africa,Germany,Neutral,0.742,1.866,13.3,22.4,64.2,13.4,2.5,3.6,64.5,7.0,9.0,19.5,80.5,"[{""score"": ""0 - 1"", ""pct"": 13.900000000000002}, {""score"": ""0 - 2"", ""pct"": 12.770000000000001}, {""score"": ""1 - 1"", ""pct"": 10.01}]"
South Africa,Canada,Neutral,0.812,1.669,17.0,25.5,57.6,17.2,3.5,4.7,56.8,8.0,9.9,25.3,74.7,"[{""score"": ""0 - 1"", ""pct"": 14.829999999999998}, {""score"": ""0 - 2"", ""pct"": 11.48}, {""score"": ""1 - 1"", ""pct"": 11.06}]"
South Africa,Czech Republic,Neutral,1.055,1.419,26.9,27.6,45.6,27.9,5.4,6.4,44.3,6.7,9.3,39.7,60.3,"[{""score"": ""1 - 1"", ""pct"": 12.57}, {""score"": ""0 - 1"", ""pct"": 12.049999999999999}, {""score"": ""1 - 2"", ""pct"": 8.94}]"
South Africa,Saudi Arabia,Neutral,1.139,1.232,32.2,30.4,37.5,33.1,6.0,7.6,38.4,6.2,8.7,46.7,53.3,"[{""score"": ""1 - 1"", ""pct"": 13.33}, {""score"": ""0 - 1"", ""pct"": 11.690000000000001}, {""score"": ""0 - 0"", ""pct"": 11.020000000000001}]"
South Africa,Mexico,Neutral,0.696,1.723,13.6,24.5,61.8,13.3,2.5,4.1,62.7,7.6,9.8,19.9,80.1,"[{""score"": ""0 - 1"", ""pct"": 16.13}, {""score"": ""0 - 2"", ""pct"": 12.839999999999998}, {""score"": ""0 - 0"", ""pct"": 10.38}]"
South Africa,Argentina,Neutral,0.633,2.161,8.4,18.3,73.3,8.2,1.7,2.3,72.3,7.8,7.8,12.2,87.8,"[{""score"": ""0 - 2"", ""pct"": 14.52}, {""score"": ""0 - 1"", ""pct"": 13.77}, {""score"": ""1 - 2"", ""pct"": 9.53}]"
South Africa,New Zealand,Neutral,1.121,1.29,30.9,29.2,39.9,31.7,5.9,7.4,39.7,6.6,8.6,45.1,54.9,"[{""score"": ""1 - 1"", ""pct"": 13.089999999999998}, {""score"": ""0 - 1"", ""pct"": 11.559999999999999}, {""score"": ""0 - 0"", ""pct"": 10.280000000000001}]"
South Africa,Senegal,Neutral,0.797,1.74,16.8,24.4,58.7,15.6,2.9,4.5,60.2,7.5,9.2,23.0,76.9,"[{""score"": ""0 - 1"", ""pct"": 13.5}, {""score"": ""0 - 2"", ""pct"": 11.690000000000001}, {""score"": ""1 - 1"", ""pct"": 10.56}]"
South Africa,Sweden,Neutral,1.187,1.306,33.5,28.1,38.5,32.6,5.9,7.8,38.9,6.4,8.3,46.3,53.7,"[{""score"": ""1 - 1"", ""pct"": 13.08}, {""score"": ""0 - 1"", ""pct"": 10.39}, {""score"": ""1 - 0"", ""pct"": 10.12}]"
South Africa,Netherlands,Neutral,0.738,1.779,14.4,22.9,62.7,14.2,2.8,3.8,62.3,7.5,9.4,20.9,79.1,"[{""score"": ""0 - 1"", ""pct"": 15.160000000000002}, {""score"": ""0 - 2"", ""pct"": 12.49}, {""score"": ""1 - 1"", ""pct"": 9.93}]"
South Africa,Tunisia,Neutral,0.983,1.397,25.8,28.5,45.7,25.8,4.6,6.9,45.2,7.4,10.1,37.3,62.7,"[{""score"": ""0 - 1"", ""pct"": 13.43}, {""score"": ""1 - 1"", ""pct"": 13.0}, {""score"": ""0 - 0"", ""pct"": 10.12}]"
South Africa,Scotland,Neutral,1.033,1.529,24.3,27.6,48.1,24.2,4.4,5.7,49.6,7.4,8.6,34.4,65.6,"[{""score"": ""1 - 1"", ""pct"": 12.72}, {""score"": ""0 - 1"", ""pct"": 12.06}, {""score"": ""1 - 2"", ""pct"": 9.76}]"
South Africa,Colombia,Neutral,0.719,1.938,11.7,21.5,66.8,11.6,2.3,3.0,67.5,7.5,8.0,16.9,83.1,"[{""score"": ""0 - 1"", ""pct"": 14.34}, {""score"": ""0 - 2"", ""pct"": 13.370000000000001}, {""score"": ""1 - 2"", ""pct"": 9.66}]"
South Africa,Japan,Neutral,0.686,1.819,12.7,22.8,64.5,12.2,2.4,3.6,65.1,7.4,9.4,18.1,81.9,"[{""score"": ""0 - 1"", ""pct"": 15.160000000000002}, {""score"": ""0 - 2"", ""pct"": 13.0}, {""score"": ""1 - 1"", ""pct"": 10.36}]"
South Africa,France,Neutral,0.695,2.023,10.5,20.2,69.4,10.3,2.1,2.9,69.0,7.4,8.3,15.2,84.7,"[{""score"": ""0 - 1"", ""pct"": 14.430000000000001}, {""score"": ""0 - 2"", ""pct"": 13.29}, {""score"": ""1 - 2"", ""pct"": 9.520000000000001}]"
South Africa,Uzbekistan,Neutral,0.922,1.575,20.3,26.9,52.8,21.5,3.9,5.1,52.9,7.4,9.2,30.5,69.5,"[{""score"": ""0 - 1"", ""pct"": 13.79}, {""score"": ""1 - 1"", ""pct"": 12.02}, {""score"": ""0 - 2"", ""pct"": 9.99}]"
South Africa,Ecuador,Neutral,0.719,1.758,14.2,23.1,62.7,13.9,2.8,3.9,63.0,7.6,8.9,20.5,79.5,"[{""score"": ""0 - 1"", ""pct"": 15.35}, {""score"": ""0 - 2"", ""pct"": 12.920000000000002}, {""score"": ""1 - 1"", ""pct"": 9.8}]"
South Africa,Qatar,Neutral,1.584,0.949,52.8,26.0,21.1,52.3,7.6,9.1,21.6,4.0,5.4,69.0,31.0,"[{""score"": ""1 - 0"", ""pct"": 13.74}, {""score"": ""1 - 1"", ""pct"": 11.75}, {""score"": ""2 - 0"", ""pct"": 9.86}]"
South Africa,Ivory Coast,Neutral,0.948,1.543,21.9,26.5,51.5,22.9,4.2,5.8,51.3,6.8,9.0,32.8,67.2,"[{""score"": ""0 - 1"", ""pct"": 13.05}, {""score"": ""1 - 1"", ""pct"": 11.81}, {""score"": ""0 - 2"", ""pct"": 9.94}]"
South Africa,England,Neutral,0.67,1.991,11.0,20.4,68.5,10.6,2.1,2.8,69.0,7.1,8.5,15.4,84.6,"[{""score"": ""0 - 1"", ""pct"": 14.75}, {""score"": ""0 - 2"", ""pct"": 13.79}, {""score"": ""1 - 2"", ""pct"": 9.47}]"
South Africa,Cape Verde,Neutral,1.209,1.166,36.9,29.5,33.6,36.3,6.2,8.5,34.6,6.1,8.1,51.1,48.9,"[{""score"": ""1 - 1"", ""pct"": 13.530000000000001}, {""score"": ""1 - 0"", ""pct"": 11.83}, {""score"": ""0 - 1"", ""pct"": 10.979999999999999}]"
South Africa,Panama,Neutral,0.965,1.67,20.8,25.1,54.1,20.7,3.7,4.8,54.8,7.1,9.0,29.2,70.8,"[{""score"": ""0 - 1"", ""pct"": 12.72}, {""score"": ""1 - 1"", ""pct"": 11.21}, {""score"": ""1 - 2"", ""pct"": 9.87}]"
South Africa,Austria,Neutral,0.934,1.608,20.8,25.6,53.6,20.4,4.1,5.4,53.4,7.3,9.4,29.9,70.1,"[{""score"": ""0 - 1"", ""pct"": 13.309999999999999}, {""score"": ""1 - 1"", ""pct"": 11.39}, {""score"": ""0 - 2"", ""pct"": 10.190000000000001}]"
South Africa,Belgium,Neutral,0.774,1.745,15.3,24.4,60.3,15.0,2.6,4.1,60.4,8.3,9.7,21.7,78.3,"[{""score"": ""0 - 1"", ""pct"": 14.59}, {""score"": ""0 - 2"", ""pct"": 12.11}, {""score"": ""1 - 1"", ""pct"": 11.42}]"
South Africa,Egypt,Neutral,0.934,1.463,23.3,27.9,48.9,23.1,4.6,6.2,49.1,7.5,9.5,33.9,66.1,"[{""score"": ""0 - 1"", ""pct"": 13.51}, {""score"": ""1 - 1"", ""pct"": 12.58}, {""score"": ""0 - 0"", ""pct"": 9.76}]"
South Africa,Iraq,Neutral,0.956,1.343,25.3,29.1,45.6,25.2,4.5,7.5,45.2,7.3,10.2,37.2,62.8,"[{""score"": ""0 - 1"", ""pct"": 13.81}, {""score"": ""1 - 1"", ""pct"": 12.950000000000001}, {""score"": ""0 - 0"", ""pct"": 10.82}]"
South Africa,Switzerland,Neutral,0.859,1.758,17.4,24.3,58.3,17.2,3.3,4.5,58.6,7.5,8.9,25.0,75.0,"[{""score"": ""0 - 1"", ""pct"": 12.73}, {""score"": ""1 - 1"", ""pct"": 11.29}, {""score"": ""0 - 2"", ""pct"": 10.95}]"
South Africa,Brazil,Neutral,0.726,1.979,11.9,20.9,67.1,11.9,2.4,3.0,67.8,6.9,7.9,17.4,82.6,"[{""score"": ""0 - 1"", ""pct"": 13.450000000000001}, {""score"": ""0 - 2"", ""pct"": 13.05}, {""score"": ""1 - 1"", ""pct"": 9.69}]"
South Africa,United States,Neutral,1.023,1.595,22.9,25.6,51.5,23.0,4.0,6.2,49.9,7.4,9.5,33.2,66.8,"[{""score"": ""0 - 1"", ""pct"": 12.520000000000001}, {""score"": ""1 - 1"", ""pct"": 11.42}, {""score"": ""1 - 2"", ""pct"": 9.85}]"
South Africa,Ghana,Neutral,1.279,1.073,40.1,29.6,30.3,40.6,6.7,9.1,30.3,5.7,7.6,56.5,43.5,"[{""score"": ""1 - 1"", ""pct"": 13.05}, {""score"": ""1 - 0"", ""pct"": 12.07}, {""score"": ""0 - 0"", ""pct"": 10.97}]"
South Africa,Uruguay,Neutral,0.744,1.713,14.5,24.6,60.9,15.1,2.9,4.3,59.8,7.7,10.2,22.3,77.7,"[{""score"": ""0 - 1"", ""pct"": 15.72}, {""score"": ""0 - 2"", ""pct"": 12.24}, {""score"": ""1 - 1"", ""pct"": 10.94}]"
South Africa,Portugal,Neutral,0.739,1.831,13.8,22.9,63.3,13.7,2.7,3.4,63.2,7.8,9.1,19.8,80.2,"[{""score"": ""0 - 1"", ""pct"": 14.97}, {""score"": ""0 - 2"", ""pct"": 12.58}, {""score"": ""1 - 1"", ""pct"": 10.35}]"
South Africa,Algeria,Neutral,0.831,1.736,16.2,25.1,58.8,15.9,3.4,4.5,59.0,7.7,9.5,23.8,76.2,"[{""score"": ""0 - 1"", ""pct"": 14.01}, {""score"": ""1 - 1"", ""pct"": 11.12}, {""score"": ""0 - 2"", ""pct"": 10.76}]"
South Africa,Spain,Neutral,0.583,2.174,7.8,17.6,74.6,7.8,1.5,1.9,74.4,7.0,7.4,11.2,88.8,"[{""score"": ""0 - 2"", ""pct"": 15.010000000000002}, {""score"": ""0 - 1"", ""pct"": 14.610000000000001}, {""score"": ""0 - 3"", ""pct"": 10.42}]"
South Africa,Bosnia and Herzegovina,Neutral,1.435,1.013,46.4,27.8,25.9,46.5,7.3,9.2,25.3,4.9,6.9,63.0,37.0,"[{""score"": ""1 - 1"", ""pct"": 12.629999999999999}, {""score"": ""1 - 0"", ""pct"": 12.36}, {""score"": ""0 - 0"", ""pct"": 9.22}]"
South Africa,DR Congo,Neutral,0.922,1.312,25.3,29.8,45.0,25.3,4.9,7.6,44.8,7.2,10.1,37.9,62.1,"[{""score"": ""0 - 1"", ""pct"": 13.750000000000002}, {""score"": ""1 - 1"", ""pct"": 13.370000000000001}, {""score"": ""0 - 0"", ""pct"": 11.77}]"
South Africa,Croatia,Neutral,0.789,1.726,16.3,24.3,59.4,15.8,3.0,4.3,59.6,7.8,9.5,23.0,77.0,"[{""score"": ""0 - 1"", ""pct"": 13.8}, {""score"": ""0 - 2"", ""pct"": 12.11}, {""score"": ""1 - 1"", ""pct"": 11.1}]"
South Africa,Norway,Neutral,0.796,1.734,15.9,24.9,59.2,15.9,3.1,4.3,59.9,7.4,9.4,23.3,76.7,"[{""score"": ""0 - 1"", ""pct"": 14.93}, {""score"": ""0 - 2"", ""pct"": 11.61}, {""score"": ""1 - 1"", ""pct"": 11.24}]"
South Africa,Turkey,Neutral,0.766,1.739,14.7,24.4,60.9,15.7,2.9,4.2,59.5,7.9,9.8,22.8,77.2,"[{""score"": ""0 - 1"", ""pct"": 14.92}, {""score"": ""0 - 2"", ""pct"": 12.280000000000001}, {""score"": ""1 - 1"", ""pct"": 10.780000000000001}]"
South Africa,Morocco,Neutral,0.694,1.836,12.3,22.0,65.7,12.8,2.7,3.5,64.6,7.5,8.9,19.0,81.0,"[{""score"": ""0 - 1"", ""pct"": 15.52}, {""score"": ""0 - 2"", ""pct"": 13.58}, {""score"": ""1 - 1"", ""pct"": 9.82}]"
South Africa,Haiti,Neutral,1.006,1.412,25.8,28.4,45.8,25.9,4.7,6.9,45.6,7.4,9.4,37.5,62.5,"[{""score"": ""1 - 1"", ""pct"": 12.86}, {""score"": ""0 - 1"", ""pct"": 12.770000000000001}, {""score"": ""0 - 0"", ""pct"": 10.22}]"
South Africa,South Korea,Neutral,0.878,1.742,17.8,23.7,58.4,17.3,3.5,4.5,57.7,7.5,9.5,25.4,74.6,"[{""score"": ""0 - 1"", ""pct"": 13.51}, {""score"": ""0 - 2"", ""pct"": 10.69}, {""score"": ""1 - 1"", ""pct"": 10.48}]"
South Africa,Curaçao,Neutral,1.351,1.105,41.5,28.8,29.8,41.7,6.6,9.2,29.6,5.4,7.5,57.5,42.5,"[{""score"": ""1 - 1"", ""pct"": 13.43}, {""score"": ""1 - 0"", ""pct"": 11.62}, {""score"": ""0 - 0"", ""pct"": 9.62}]"
South Africa,Paraguay,Neutral,0.867,1.691,17.8,24.7,57.5,18.5,3.4,4.7,57.1,7.3,9.0,26.5,73.5,"[{""score"": ""0 - 1"", ""pct"": 13.79}, {""score"": ""1 - 1"", ""pct"": 11.48}, {""score"": ""0 - 2"", ""pct"": 10.84}]"
South Africa,Iran,Neutral,0.78,1.748,15.5,24.0,60.5,15.0,2.7,4.3,61.0,7.6,9.3,22.1,77.9,"[{""score"": ""0 - 1"", ""pct"": 14.06}, {""score"": ""0 - 2"", ""pct"": 12.22}, {""score"": ""1 - 1"", ""pct"": 10.76}]"
DR Congo,Jordan,Neutral,1.093,1.23,31.7,29.7,38.6,32.1,5.8,8.2,38.4,6.1,9.5,46.0,54.0,"[{""score"": ""1 - 1"", ""pct"": 12.690000000000001}, {""score"": ""0 - 1"", ""pct"": 12.57}, {""score"": ""0 - 0"", ""pct"": 11.27}]"
DR Congo,Australia,Neutral,0.935,1.453,22.8,28.0,49.2,23.3,4.3,6.0,49.8,6.9,9.7,33.6,66.4,"[{""score"": ""0 - 1"", ""pct"": 13.07}, {""score"": ""1 - 1"", ""pct"": 12.26}, {""score"": ""0 - 0"", ""pct"": 10.35}]"
DR Congo,Germany,Neutral,0.902,1.588,20.0,25.7,54.3,20.2,3.9,5.4,52.7,7.3,10.5,29.5,70.5,"[{""score"": ""0 - 1"", ""pct"": 13.28}, {""score"": ""1 - 1"", ""pct"": 11.77}, {""score"": ""0 - 2"", ""pct"": 10.18}]"
DR Congo,Canada,Neutral,0.89,1.374,23.7,28.7,47.6,23.4,4.3,6.7,47.7,6.9,11.0,34.4,65.6,"[{""score"": ""0 - 1"", ""pct"": 13.350000000000001}, {""score"": ""1 - 1"", ""pct"": 12.35}, {""score"": ""0 - 0"", ""pct"": 11.52}]"
DR Congo,Czech Republic,Neutral,1.162,1.094,36.8,30.6,32.6,36.6,6.3,9.6,32.9,5.8,8.7,52.5,47.5,"[{""score"": ""1 - 1"", ""pct"": 14.05}, {""score"": ""1 - 0"", ""pct"": 12.520000000000001}, {""score"": ""0 - 0"", ""pct"": 11.59}]"
DR Congo,Saudi Arabia,Neutral,1.173,0.992,40.0,30.7,29.4,38.4,6.1,10.3,30.9,5.5,8.8,54.8,45.2,"[{""score"": ""1 - 0"", ""pct"": 13.320000000000002}, {""score"": ""1 - 1"", ""pct"": 13.0}, {""score"": ""0 - 0"", ""pct"": 12.76}]"
DR Congo,Mexico,Neutral,0.81,1.484,19.2,28.6,52.2,19.4,3.7,6.1,52.8,7.1,11.0,29.2,70.8,"[{""score"": ""0 - 1"", ""pct"": 14.48}, {""score"": ""1 - 1"", ""pct"": 12.93}, {""score"": ""0 - 2"", ""pct"": 10.879999999999999}]"
DR Congo,Argentina,Neutral,0.64,1.906,11.0,21.4,67.7,10.6,2.3,3.1,68.1,7.5,8.5,16.0,84.0,"[{""score"": ""0 - 1"", ""pct"": 15.47}, {""score"": ""0 - 2"", ""pct"": 14.41}, {""score"": ""1 - 1"", ""pct"": 9.71}]"
DR Congo,New Zealand,Neutral,1.191,1.039,38.6,29.8,31.7,37.8,6.7,9.2,31.5,5.6,9.2,53.7,46.3,"[{""score"": ""1 - 0"", ""pct"": 13.03}, {""score"": ""1 - 1"", ""pct"": 12.950000000000001}, {""score"": ""0 - 0"", ""pct"": 12.01}]"
DR Congo,Senegal,Neutral,0.964,1.471,24.4,27.6,48.0,24.2,4.3,6.0,48.5,7.3,9.6,34.6,65.4,"[{""score"": ""0 - 1"", ""pct"": 12.91}, {""score"": ""1 - 1"", ""pct"": 12.26}, {""score"": ""0 - 0"", ""pct"": 9.73}]"
DR Congo,Sweden,Neutral,1.228,1.056,39.8,29.5,30.7,40.4,6.9,8.7,31.0,5.3,7.6,56.0,44.0,"[{""score"": ""1 - 1"", ""pct"": 13.16}, {""score"": ""1 - 0"", ""pct"": 12.19}, {""score"": ""0 - 0"", ""pct"": 11.24}]"
DR Congo,Netherlands,Neutral,0.88,1.532,21.0,26.8,52.2,20.4,4.2,4.7,53.5,7.2,10.1,29.3,70.7,"[{""score"": ""0 - 1"", ""pct"": 14.219999999999999}, {""score"": ""1 - 1"", ""pct"": 11.83}, {""score"": ""0 - 2"", ""pct"": 10.09}]"
DR Congo,Tunisia,Neutral,1.095,1.069,36.0,30.9,33.1,35.0,6.3,9.7,33.5,6.0,9.6,50.9,49.1,"[{""score"": ""1 - 1"", ""pct"": 13.41}, {""score"": ""1 - 0"", ""pct"": 13.18}, {""score"": ""0 - 0"", ""pct"": 12.83}]"
DR Congo,Scotland,Neutral,1.025,1.202,30.4,30.0,39.6,30.1,5.4,8.8,39.8,6.3,9.6,44.3,55.7,"[{""score"": ""1 - 1"", ""pct"": 13.26}, {""score"": ""0 - 1"", ""pct"": 12.68}, {""score"": ""0 - 0"", ""pct"": 11.81}]"
DR Congo,Colombia,Neutral,0.737,1.638,15.1,26.2,58.7,15.6,3.2,4.7,58.1,8.0,10.4,23.5,76.5,"[{""score"": ""0 - 1"", ""pct"": 15.42}, {""score"": ""0 - 2"", ""pct"": 12.53}, {""score"": ""1 - 1"", ""pct"": 11.41}]"
DR Congo,Japan,Neutral,0.784,1.633,17.0,25.9,57.1,17.2,3.3,4.7,57.4,7.3,9.9,25.3,74.7,"[{""score"": ""0 - 1"", ""pct"": 15.260000000000002}, {""score"": ""1 - 1"", ""pct"": 11.469999999999999}, {""score"": ""0 - 2"", ""pct"": 11.44}]"
DR Congo,France,Neutral,0.743,1.698,15.2,23.9,61.0,15.0,2.9,4.2,61.0,7.7,9.1,22.2,77.8,"[{""score"": ""0 - 1"", ""pct"": 15.659999999999998}, {""score"": ""0 - 2"", ""pct"": 12.42}, {""score"": ""1 - 1"", ""pct"": 10.7}]"
DR Congo,Uzbekistan,Neutral,0.953,1.302,26.2,30.3,43.4,26.0,5.2,7.8,44.0,6.9,10.2,39.0,61.0,"[{""score"": ""0 - 1"", ""pct"": 13.54}, {""score"": ""1 - 1"", ""pct"": 13.34}, {""score"": ""0 - 0"", ""pct"": 12.01}]"
DR Congo,Ecuador,Neutral,0.793,1.53,17.7,27.8,54.6,18.1,3.6,5.0,54.3,8.0,10.9,26.8,73.2,"[{""score"": ""0 - 1"", ""pct"": 15.24}, {""score"": ""1 - 1"", ""pct"": 12.15}, {""score"": ""0 - 0"", ""pct"": 11.37}]"
DR Congo,Qatar,Neutral,1.648,0.837,56.4,26.0,17.7,57.1,6.9,9.6,17.7,3.6,5.3,73.5,26.5,"[{""score"": ""1 - 0"", ""pct"": 13.66}, {""score"": ""1 - 1"", ""pct"": 11.55}, {""score"": ""2 - 0"", ""pct"": 10.56}]"
DR Congo,Ivory Coast,Neutral,0.976,1.21,28.7,30.6,40.8,28.7,5.1,8.3,41.5,6.1,10.3,42.1,57.9,"[{""score"": ""0 - 1"", ""pct"": 14.12}, {""score"": ""1 - 1"", ""pct"": 13.669999999999998}, {""score"": ""0 - 0"", ""pct"": 12.25}]"
DR Congo,England,Neutral,0.676,1.64,14.0,25.5,60.5,13.5,3.1,4.4,60.4,7.8,10.8,21.0,79.0,"[{""score"": ""0 - 1"", ""pct"": 16.5}, {""score"": ""0 - 2"", ""pct"": 12.76}, {""score"": ""1 - 1"", ""pct"": 11.110000000000001}]"
DR Congo,Cape Verde,Neutral,1.339,0.936,45.2,29.1,25.8,46.6,6.9,10.0,25.4,4.6,6.6,63.4,36.6,"[{""score"": ""1 - 0"", ""pct"": 13.76}, {""score"": ""1 - 1"", ""pct"": 13.33}, {""score"": ""0 - 0"", ""pct"": 10.89}]"
DR Congo,Panama,Neutral,0.977,1.402,25.0,28.3,46.7,25.4,4.8,7.3,45.6,7.0,9.9,37.5,62.5,"[{""score"": ""0 - 1"", ""pct"": 13.83}, {""score"": ""1 - 1"", ""pct"": 13.0}, {""score"": ""0 - 0"", ""pct"": 10.209999999999999}]"
DR Congo,Austria,Neutral,0.921,1.327,24.6,30.2,45.2,25.0,4.6,7.0,46.1,6.6,10.8,36.6,63.4,"[{""score"": ""0 - 1"", ""pct"": 14.180000000000001}, {""score"": ""1 - 1"", ""pct"": 13.38}, {""score"": ""0 - 0"", ""pct"": 11.63}]"
DR Congo,Belgium,Neutral,0.955,1.473,23.9,27.8,48.4,22.8,4.3,6.4,49.6,7.6,9.4,33.5,66.5,"[{""score"": ""0 - 1"", ""pct"": 13.74}, {""score"": ""1 - 1"", ""pct"": 13.04}, {""score"": ""0 - 0"", ""pct"": 9.48}]"
DR Congo,Egypt,Neutral,0.968,1.151,29.2,31.5,39.2,29.5,5.4,8.7,39.0,6.8,10.6,43.6,56.4,"[{""score"": ""0 - 0"", ""pct"": 13.569999999999999}, {""score"": ""0 - 1"", ""pct"": 13.270000000000001}, {""score"": ""1 - 1"", ""pct"": 13.239999999999998}]"
DR Congo,Iraq,Neutral,1.079,1.032,35.4,31.3,33.3,35.6,6.4,9.9,33.2,5.7,9.3,51.9,48.1,"[{""score"": ""1 - 1"", ""pct"": 13.51}, {""score"": ""0 - 0"", ""pct"": 13.100000000000001}, {""score"": ""1 - 0"", ""pct"": 12.9}]"
DR Congo,Switzerland,Neutral,0.964,1.472,23.9,27.6,48.4,23.7,4.3,6.0,48.7,7.6,9.6,34.1,65.9,"[{""score"": ""0 - 1"", ""pct"": 12.959999999999999}, {""score"": ""1 - 1"", ""pct"": 12.57}, {""score"": ""0 - 0"", ""pct"": 9.5}]"
DR Congo,Brazil,Neutral,0.74,1.695,14.8,24.9,60.4,14.5,3.0,4.8,60.2,7.6,9.8,22.3,77.7,"[{""score"": ""0 - 1"", ""pct"": 15.39}, {""score"": ""0 - 2"", ""pct"": 12.15}, {""score"": ""1 - 1"", ""pct"": 11.15}]"
DR Congo,United States,Neutral,0.984,1.225,28.9,30.0,41.1,29.0,5.8,7.1,40.6,6.9,10.6,41.9,58.1,"[{""score"": ""1 - 1"", ""pct"": 13.52}, {""score"": ""0 - 1"", ""pct"": 13.459999999999999}, {""score"": ""0 - 0"", ""pct"": 11.959999999999999}]"
DR Congo,Ghana,Neutral,1.356,0.882,47.3,29.8,22.9,46.7,7.3,10.6,23.1,5.3,7.0,64.6,35.4,"[{""score"": ""1 - 0"", ""pct"": 14.48}, {""score"": ""1 - 1"", ""pct"": 13.059999999999999}, {""score"": ""0 - 0"", ""pct"": 12.06}]"
DR Congo,Uruguay,Neutral,0.896,1.445,22.6,27.7,49.7,22.0,4.3,6.6,49.0,7.8,10.3,32.9,67.1,"[{""score"": ""0 - 1"", ""pct"": 13.71}, {""score"": ""1 - 1"", ""pct"": 12.06}, {""score"": ""0 - 0"", ""pct"": 10.73}]"
DR Congo,Portugal,Neutral,0.773,1.628,16.6,24.8,58.6,16.2,3.3,5.0,57.6,7.8,10.1,24.5,75.5,"[{""score"": ""0 - 1"", ""pct"": 15.479999999999999}, {""score"": ""0 - 2"", ""pct"": 11.34}, {""score"": ""1 - 1"", ""pct"": 10.979999999999999}]"
DR Congo,Algeria,Neutral,0.886,1.42,22.2,28.3,49.5,22.3,4.1,6.4,49.6,6.8,10.8,32.8,67.2,"[{""score"": ""0 - 1"", ""pct"": 14.08}, {""score"": ""1 - 1"", ""pct"": 12.49}, {""score"": ""0 - 0"", ""pct"": 10.94}]"
DR Congo,Spain,Neutral,0.667,1.905,11.2,21.9,66.9,11.4,2.1,3.0,67.0,7.7,8.7,16.6,83.4,"[{""score"": ""0 - 1"", ""pct"": 14.879999999999999}, {""score"": ""0 - 2"", ""pct"": 13.900000000000002}, {""score"": ""1 - 2"", ""pct"": 9.6}]"
DR Congo,Bosnia and Herzegovina,Neutral,1.547,0.894,52.4,26.7,20.9,53.3,7.3,9.5,20.5,4.0,5.4,70.2,29.8,"[{""score"": ""1 - 0"", ""pct"": 13.69}, {""score"": ""1 - 1"", ""pct"": 11.82}, {""score"": ""2 - 0"", ""pct"": 10.01}]"
DR Congo,South Africa,Neutral,1.312,0.922,44.8,29.7,25.6,45.6,6.7,11.3,24.8,4.4,7.3,63.5,36.5,"[{""score"": ""1 - 0"", ""pct"": 13.69}, {""score"": ""1 - 1"", ""pct"": 13.43}, {""score"": ""0 - 0"", ""pct"": 11.540000000000001}]"
DR Congo,Croatia,Neutral,0.942,1.482,23.0,27.8,49.1,22.9,4.3,6.3,48.9,7.6,10.0,33.5,66.5,"[{""score"": ""0 - 1"", ""pct"": 13.389999999999999}, {""score"": ""1 - 1"", ""pct"": 12.04}, {""score"": ""0 - 0"", ""pct"": 10.11}]"
DR Congo,Norway,Neutral,0.955,1.505,23.1,27.7,49.2,23.0,4.1,6.1,49.9,7.7,9.1,33.2,66.8,"[{""score"": ""0 - 1"", ""pct"": 12.64}, {""score"": ""1 - 1"", ""pct"": 12.35}, {""score"": ""0 - 0"", ""pct"": 10.0}]"
DR Congo,Turkey,Neutral,0.926,1.503,22.0,27.7,50.3,22.7,4.3,5.5,50.7,7.2,9.6,32.5,67.5,"[{""score"": ""0 - 1"", ""pct"": 13.38}, {""score"": ""1 - 1"", ""pct"": 12.91}, {""score"": ""0 - 2"", ""pct"": 9.58}]"
DR Congo,Morocco,Neutral,0.821,1.657,17.1,25.7,57.2,17.1,3.6,5.1,57.0,7.6,9.7,25.7,74.3,"[{""score"": ""0 - 1"", ""pct"": 14.069999999999999}, {""score"": ""1 - 1"", ""pct"": 11.75}, {""score"": ""0 - 2"", ""pct"": 11.020000000000001}]"
DR Congo,Haiti,Neutral,1.129,1.066,36.7,30.9,32.4,37.7,6.0,9.7,32.3,5.7,8.5,53.4,46.6,"[{""score"": ""1 - 1"", ""pct"": 13.22}, {""score"": ""1 - 0"", ""pct"": 12.790000000000001}, {""score"": ""0 - 0"", ""pct"": 12.509999999999998}]"
DR Congo,South Korea,Neutral,0.965,1.463,24.0,27.8,48.2,24.7,4.4,6.4,47.4,7.1,10.1,35.4,64.6,"[{""score"": ""1 - 1"", ""pct"": 12.870000000000001}, {""score"": ""0 - 1"", ""pct"": 12.6}, {""score"": ""0 - 0"", ""pct"": 9.700000000000001}]"
DR Congo,Curaçao,Neutral,1.51,0.933,50.6,27.2,22.2,50.7,6.9,9.5,22.7,4.4,5.8,67.0,32.9,"[{""score"": ""1 - 0"", ""pct"": 13.22}, {""score"": ""1 - 1"", ""pct"": 12.520000000000001}, {""score"": ""2 - 1"", ""pct"": 9.83}]"
DR Congo,Paraguay,Neutral,0.956,1.381,25.3,28.6,46.2,25.3,4.8,6.9,46.5,7.0,9.5,37.0,63.0,"[{""score"": ""0 - 1"", ""pct"": 14.000000000000002}, {""score"": ""1 - 1"", ""pct"": 13.22}, {""score"": ""0 - 0"", ""pct"": 9.85}]"
DR Congo,Iran,Neutral,0.933,1.505,22.7,27.1,50.2,22.6,4.3,6.0,50.3,7.7,9.1,32.9,67.1,"[{""score"": ""0 - 1"", ""pct"": 13.700000000000001}, {""score"": ""1 - 1"", ""pct"": 12.13}, {""score"": ""0 - 0"", ""pct"": 9.24}]"
Croatia,Jordan,Neutral,1.588,1.091,47.9,26.3,25.8,48.8,7.0,8.5,25.3,4.6,5.8,64.4,35.6,"[{""score"": ""1 - 1"", ""pct"": 11.940000000000001}, {""score"": ""1 - 0"", ""pct"": 11.1}, {""score"": ""2 - 1"", ""pct"": 9.32}]"
Croatia,Australia,Neutral,1.235,1.27,35.5,27.8,36.7,34.6,5.8,8.4,36.2,6.7,8.2,48.9,51.1,"[{""score"": ""1 - 1"", ""pct"": 12.5}, {""score"": ""0 - 1"", ""pct"": 10.22}, {""score"": ""1 - 0"", ""pct"": 10.13}]"
Croatia,Germany,Neutral,1.19,1.388,31.6,27.3,41.1,31.5,5.7,7.3,41.2,6.3,8.0,44.5,55.5,"[{""score"": ""1 - 1"", ""pct"": 12.659999999999998}, {""score"": ""0 - 1"", ""pct"": 10.9}, {""score"": ""1 - 0"", ""pct"": 9.48}]"
Croatia,Canada,Neutral,1.217,1.151,37.1,29.6,33.4,36.5,6.5,8.7,34.1,5.7,8.6,51.6,48.4,"[{""score"": ""1 - 1"", ""pct"": 12.93}, {""score"": ""1 - 0"", ""pct"": 11.34}, {""score"": ""0 - 0"", ""pct"": 10.73}]"
Croatia,Czech Republic,Neutral,1.689,1.0,53.4,25.3,21.4,52.7,7.4,9.0,21.5,4.3,5.1,69.1,30.9,"[{""score"": ""1 - 1"", ""pct"": 11.77}, {""score"": ""1 - 0"", ""pct"": 11.61}, {""score"": ""2 - 1"", ""pct"": 10.03}]"
Croatia,Saudi Arabia,Neutral,1.756,0.907,57.2,24.2,18.6,57.8,7.2,8.9,18.4,3.2,4.5,73.9,26.1,"[{""score"": ""1 - 0"", ""pct"": 12.7}, {""score"": ""1 - 1"", ""pct"": 10.95}, {""score"": ""2 - 0"", ""pct"": 10.47}]"
Croatia,Mexico,Neutral,1.096,1.291,31.1,28.4,40.5,31.2,5.2,7.4,39.9,7.0,9.2,43.8,56.2,"[{""score"": ""1 - 1"", ""pct"": 12.389999999999999}, {""score"": ""0 - 1"", ""pct"": 11.32}, {""score"": ""1 - 0"", ""pct"": 10.440000000000001}]"
Croatia,Argentina,Neutral,0.893,1.772,17.3,25.0,57.7,18.4,3.1,4.2,58.2,8.0,8.1,25.7,74.3,"[{""score"": ""0 - 1"", ""pct"": 12.83}, {""score"": ""0 - 2"", ""pct"": 11.21}, {""score"": ""1 - 1"", ""pct"": 11.1}]"
Croatia,New Zealand,Neutral,1.759,0.944,56.8,23.5,19.6,56.0,7.6,9.0,19.1,3.7,4.7,72.6,27.4,"[{""score"": ""1 - 0"", ""pct"": 12.139999999999999}, {""score"": ""1 - 1"", ""pct"": 10.47}, {""score"": ""2 - 1"", ""pct"": 9.82}]"
Croatia,Senegal,Neutral,1.299,1.246,37.5,28.4,34.1,37.8,6.4,7.8,34.7,5.4,8.0,52.0,48.0,"[{""score"": ""1 - 1"", ""pct"": 13.15}, {""score"": ""1 - 0"", ""pct"": 10.56}, {""score"": ""0 - 1"", ""pct"": 9.64}]"
Croatia,Sweden,Neutral,1.863,0.978,58.6,23.3,18.1,59.2,7.2,8.1,18.2,3.2,4.1,74.5,25.5,"[{""score"": ""1 - 0"", ""pct"": 11.03}, {""score"": ""2 - 1"", ""pct"": 10.56}, {""score"": ""1 - 1"", ""pct"": 10.4}]"
Croatia,Netherlands,Neutral,1.184,1.351,32.4,27.9,39.7,31.8,5.7,7.4,40.0,6.9,8.3,44.9,55.1,"[{""score"": ""1 - 1"", ""pct"": 12.280000000000001}, {""score"": ""0 - 1"", ""pct"": 10.71}, {""score"": ""1 - 0"", ""pct"": 9.3}]"
Croatia,Tunisia,Neutral,1.584,1.019,50.4,26.3,23.3,50.1,7.6,8.6,23.4,4.3,5.9,66.4,33.6,"[{""score"": ""1 - 0"", ""pct"": 12.509999999999998}, {""score"": ""1 - 1"", ""pct"": 11.77}, {""score"": ""2 - 1"", ""pct"": 9.68}]"
Croatia,Scotland,Neutral,1.544,1.073,47.3,27.0,25.7,47.4,7.3,8.9,25.6,4.6,6.1,63.7,36.3,"[{""score"": ""1 - 1"", ""pct"": 12.120000000000001}, {""score"": ""1 - 0"", ""pct"": 11.64}, {""score"": ""2 - 1"", ""pct"": 9.47}]"
Croatia,Colombia,Neutral,1.121,1.539,26.5,26.3,47.2,27.3,4.7,5.8,46.9,6.8,8.6,37.8,62.2,"[{""score"": ""1 - 1"", ""pct"": 11.940000000000001}, {""score"": ""0 - 1"", ""pct"": 10.97}, {""score"": ""1 - 2"", ""pct"": 9.58}]"
Croatia,Japan,Neutral,1.04,1.495,25.9,26.9,47.1,25.8,4.5,6.1,47.0,7.3,9.4,36.4,63.7,"[{""score"": ""1 - 1"", ""pct"": 12.22}, {""score"": ""0 - 1"", ""pct"": 11.700000000000001}, {""score"": ""1 - 2"", ""pct"": 9.19}]"
Croatia,France,Neutral,1.137,1.65,25.8,25.4,48.8,25.4,4.5,5.5,49.4,7.0,8.2,35.4,64.6,"[{""score"": ""1 - 1"", ""pct"": 11.67}, {""score"": ""0 - 1"", ""pct"": 10.040000000000001}, {""score"": ""1 - 2"", ""pct"": 9.55}]"
Croatia,Uzbekistan,Neutral,1.421,1.089,43.3,28.9,27.7,43.6,6.5,9.4,28.6,5.1,6.8,59.5,40.5,"[{""score"": ""1 - 1"", ""pct"": 13.04}, {""score"": ""1 - 0"", ""pct"": 11.18}, {""score"": ""0 - 0"", ""pct"": 9.49}]"
Croatia,Ecuador,Neutral,1.093,1.441,27.7,27.7,44.6,27.4,5.0,6.2,45.6,7.0,8.8,38.6,61.4,"[{""score"": ""1 - 1"", ""pct"": 12.46}, {""score"": ""0 - 1"", ""pct"": 12.030000000000001}, {""score"": ""0 - 0"", ""pct"": 9.2}]"
Croatia,Qatar,Neutral,2.272,0.708,73.3,17.9,8.8,73.3,6.8,7.0,9.2,1.6,2.1,87.1,12.9,"[{""score"": ""2 - 0"", ""pct"": 13.91}, {""score"": ""1 - 0"", ""pct"": 11.799999999999999}, {""score"": ""3 - 0"", ""pct"": 9.43}]"
Croatia,Ivory Coast,Neutral,1.438,1.068,45.4,27.7,27.0,45.3,6.8,9.4,26.8,4.9,6.9,61.4,38.6,"[{""score"": ""1 - 1"", ""pct"": 12.770000000000001}, {""score"": ""1 - 0"", ""pct"": 11.899999999999999}, {""score"": ""2 - 1"", ""pct"": 9.139999999999999}]"
Croatia,England,Neutral,0.988,1.515,23.6,26.7,49.7,22.8,4.9,6.4,49.3,7.2,9.3,34.1,65.9,"[{""score"": ""0 - 1"", ""pct"": 13.22}, {""score"": ""1 - 1"", ""pct"": 12.120000000000001}, {""score"": ""0 - 2"", ""pct"": 9.47}]"
Croatia,Cape Verde,Neutral,1.807,0.794,62.4,23.2,14.4,61.1,8.0,9.1,15.5,2.7,3.6,78.2,21.9,"[{""score"": ""1 - 0"", ""pct"": 14.49}, {""score"": ""2 - 0"", ""pct"": 12.46}, {""score"": ""1 - 1"", ""pct"": 10.8}]"
Croatia,Panama,Neutral,1.541,1.151,46.0,26.5,27.5,45.4,7.3,8.4,28.0,4.7,6.2,61.1,38.9,"[{""score"": ""1 - 1"", ""pct"": 12.590000000000002}, {""score"": ""1 - 0"", ""pct"": 10.77}, {""score"": ""2 - 1"", ""pct"": 9.08}]"
Croatia,Austria,Neutral,1.4,1.08,44.9,27.7,27.4,44.5,6.9,9.2,27.5,5.1,6.8,60.7,39.3,"[{""score"": ""1 - 0"", ""pct"": 12.659999999999998}, {""score"": ""1 - 1"", ""pct"": 12.44}, {""score"": ""2 - 1"", ""pct"": 9.379999999999999}]"
Croatia,Belgium,Neutral,1.278,1.257,36.9,28.0,35.1,36.0,6.0,7.9,36.0,6.1,7.9,50.0,50.0,"[{""score"": ""1 - 1"", ""pct"": 12.27}, {""score"": ""1 - 0"", ""pct"": 10.27}, {""score"": ""0 - 1"", ""pct"": 9.59}]"
Croatia,Egypt,Neutral,1.433,1.028,46.3,27.6,26.0,46.1,7.3,9.2,26.3,4.3,6.9,62.5,37.5,"[{""score"": ""1 - 0"", ""pct"": 13.01}, {""score"": ""1 - 1"", ""pct"": 12.389999999999999}, {""score"": ""0 - 0"", ""pct"": 9.56}]"
Croatia,Iraq,Neutral,1.529,0.972,49.7,26.9,23.4,49.8,7.2,9.4,23.2,4.5,6.1,66.3,33.7,"[{""score"": ""1 - 0"", ""pct"": 12.58}, {""score"": ""1 - 1"", ""pct"": 12.06}, {""score"": ""2 - 1"", ""pct"": 9.66}]"
Croatia,Switzerland,Neutral,1.326,1.24,37.6,28.4,34.0,38.2,6.1,8.2,34.2,5.7,7.7,52.4,47.6,"[{""score"": ""1 - 1"", ""pct"": 12.9}, {""score"": ""1 - 0"", ""pct"": 10.11}, {""score"": ""0 - 1"", ""pct"": 9.58}]"
Croatia,Brazil,Neutral,1.121,1.589,25.6,26.6,47.8,26.0,4.9,6.2,47.8,7.1,8.0,37.1,62.9,"[{""score"": ""1 - 1"", ""pct"": 11.709999999999999}, {""score"": ""0 - 1"", ""pct"": 11.020000000000001}, {""score"": ""1 - 2"", ""pct"": 9.229999999999999}]"
Croatia,United States,Neutral,1.551,1.087,48.1,26.3,25.6,47.3,7.1,9.3,25.1,5.0,6.3,63.7,36.3,"[{""score"": ""1 - 1"", ""pct"": 11.68}, {""score"": ""1 - 0"", ""pct"": 11.459999999999999}, {""score"": ""2 - 1"", ""pct"": 9.45}]"
Croatia,Ghana,Neutral,1.849,0.721,64.0,23.2,12.8,64.8,7.4,8.8,12.8,2.5,3.6,81.1,18.9,"[{""score"": ""1 - 0"", ""pct"": 15.0}, {""score"": ""2 - 0"", ""pct"": 12.559999999999999}, {""score"": ""1 - 1"", ""pct"": 10.02}]"
Croatia,Uruguay,Neutral,1.198,1.308,33.3,28.2,38.6,33.1,5.6,7.4,38.4,6.6,8.9,46.1,53.9,"[{""score"": ""1 - 1"", ""pct"": 12.41}, {""score"": ""0 - 1"", ""pct"": 10.879999999999999}, {""score"": ""1 - 0"", ""pct"": 9.59}]"
Croatia,Portugal,Neutral,1.115,1.524,27.3,26.8,45.9,26.8,4.7,6.5,46.9,6.1,8.9,38.0,62.0,"[{""score"": ""1 - 1"", ""pct"": 12.25}, {""score"": ""0 - 1"", ""pct"": 11.33}, {""score"": ""1 - 2"", ""pct"": 9.42}]"
Croatia,Algeria,Neutral,1.218,1.186,36.3,29.3,34.4,36.5,5.9,8.2,34.8,6.2,8.4,50.6,49.4,"[{""score"": ""1 - 1"", ""pct"": 13.320000000000002}, {""score"": ""1 - 0"", ""pct"": 11.21}, {""score"": ""0 - 0"", ""pct"": 10.33}]"
Croatia,Spain,Neutral,0.909,1.791,17.8,24.0,58.2,17.4,3.3,4.3,58.3,7.6,9.2,24.9,75.0,"[{""score"": ""0 - 1"", ""pct"": 12.19}, {""score"": ""1 - 1"", ""pct"": 10.979999999999999}, {""score"": ""0 - 2"", ""pct"": 10.9}]"
Croatia,Bosnia and Herzegovina,Neutral,1.965,0.748,66.5,21.5,12.0,66.6,7.6,7.7,12.2,2.5,3.3,81.9,18.1,"[{""score"": ""1 - 0"", ""pct"": 13.3}, {""score"": ""2 - 0"", ""pct"": 13.209999999999999}, {""score"": ""2 - 1"", ""pct"": 9.790000000000001}]"
Croatia,South Africa,Neutral,1.726,0.789,59.3,24.5,16.2,59.6,7.6,9.4,16.1,3.2,4.2,76.6,23.4,"[{""score"": ""1 - 0"", ""pct"": 14.729999999999999}, {""score"": ""2 - 0"", ""pct"": 12.030000000000001}, {""score"": ""1 - 1"", ""pct"": 11.03}]"
Croatia,DR Congo,Neutral,1.482,0.942,49.8,27.5,22.7,50.1,7.4,9.4,22.5,4.4,6.2,67.0,33.0,"[{""score"": ""1 - 0"", ""pct"": 13.15}, {""score"": ""1 - 1"", ""pct"": 12.27}, {""score"": ""0 - 0"", ""pct"": 9.92}]"
Croatia,Norway,Neutral,1.27,1.276,35.9,28.3,35.9,35.5,6.3,7.7,36.5,6.1,7.9,49.5,50.5,"[{""score"": ""1 - 1"", ""pct"": 12.950000000000001}, {""score"": ""0 - 1"", ""pct"": 10.79}, {""score"": ""1 - 0"", ""pct"": 9.92}]"
Croatia,Turkey,Neutral,1.235,1.238,35.8,27.9,36.3,35.3,6.3,8.3,35.5,6.2,8.4,50.0,50.1,"[{""score"": ""1 - 1"", ""pct"": 12.870000000000001}, {""score"": ""0 - 1"", ""pct"": 10.45}, {""score"": ""1 - 0"", ""pct"": 10.38}]"
Croatia,Morocco,Neutral,1.086,1.362,29.0,27.9,43.0,28.7,5.3,7.3,42.3,6.9,9.6,41.2,58.8,"[{""score"": ""1 - 1"", ""pct"": 12.36}, {""score"": ""0 - 1"", ""pct"": 12.120000000000001}, {""score"": ""0 - 0"", ""pct"": 9.82}]"
Croatia,Haiti,Neutral,1.612,0.982,52.0,25.9,22.0,52.5,7.2,9.0,21.9,4.0,5.3,68.8,31.2,"[{""score"": ""1 - 0"", ""pct"": 12.790000000000001}, {""score"": ""1 - 1"", ""pct"": 12.139999999999999}, {""score"": ""2 - 1"", ""pct"": 9.28}]"
Croatia,South Korea,Neutral,1.331,1.23,37.8,28.0,34.2,38.9,6.4,8.5,33.3,5.5,7.3,53.8,46.2,"[{""score"": ""1 - 1"", ""pct"": 13.15}, {""score"": ""1 - 0"", ""pct"": 10.11}, {""score"": ""0 - 1"", ""pct"": 9.969999999999999}]"
Croatia,Curaçao,Neutral,1.975,0.764,66.6,21.1,12.3,66.9,7.9,7.7,12.2,2.5,2.9,82.4,17.5,"[{""score"": ""1 - 0"", ""pct"": 13.58}, {""score"": ""2 - 0"", ""pct"": 12.590000000000002}, {""score"": ""2 - 1"", ""pct"": 9.83}]"
Croatia,Paraguay,Neutral,1.313,1.205,39.2,27.9,32.9,38.6,6.5,8.2,33.6,5.6,7.5,53.2,46.8,"[{""score"": ""1 - 1"", ""pct"": 12.53}, {""score"": ""1 - 0"", ""pct"": 10.96}, {""score"": ""0 - 1"", ""pct"": 9.43}]"
Croatia,Iran,Neutral,1.255,1.265,35.6,29.0,35.4,36.0,6.0,7.8,36.0,6.2,8.1,49.7,50.3,"[{""score"": ""1 - 1"", ""pct"": 12.740000000000002}, {""score"": ""0 - 1"", ""pct"": 10.07}, {""score"": ""1 - 0"", ""pct"": 9.86}]"
Norway,Jordan,Neutral,1.611,1.059,49.8,25.9,24.2,50.0,6.9,9.0,24.0,4.1,6.0,65.9,34.1,"[{""score"": ""1 - 1"", ""pct"": 11.62}, {""score"": ""1 - 0"", ""pct"": 11.450000000000001}, {""score"": ""2 - 1"", ""pct"": 9.42}]"
Norway,Australia,Neutral,1.226,1.254,35.6,28.3,36.1,36.0,6.1,7.8,35.6,6.2,8.2,49.9,50.1,"[{""score"": ""1 - 1"", ""pct"": 12.6}, {""score"": ""0 - 1"", ""pct"": 10.459999999999999}, {""score"": ""1 - 0"", ""pct"": 10.45}]"
Norway,Germany,Neutral,1.194,1.347,32.0,28.0,40.0,32.7,5.9,7.3,39.9,6.5,7.8,45.8,54.2,"[{""score"": ""1 - 1"", ""pct"": 12.520000000000001}, {""score"": ""0 - 1"", ""pct"": 10.190000000000001}, {""score"": ""1 - 0"", ""pct"": 9.34}]"
Norway,Canada,Neutral,1.236,1.142,37.8,29.0,33.2,36.9,6.0,9.1,33.4,6.2,8.4,52.0,48.0,"[{""score"": ""1 - 1"", ""pct"": 13.209999999999999}, {""score"": ""1 - 0"", ""pct"": 11.04}, {""score"": ""0 - 1"", ""pct"": 10.31}]"
Norway,Czech Republic,Neutral,1.711,1.016,53.1,25.3,21.6,54.2,7.1,8.6,20.7,4.2,5.3,69.9,30.1,"[{""score"": ""1 - 1"", ""pct"": 11.379999999999999}, {""score"": ""1 - 0"", ""pct"": 11.0}, {""score"": ""2 - 0"", ""pct"": 9.569999999999999}]"
Norway,Saudi Arabia,Neutral,1.729,0.897,57.2,25.2,17.6,56.5,7.5,9.3,18.7,3.3,4.7,73.3,26.7,"[{""score"": ""1 - 0"", ""pct"": 13.120000000000001}, {""score"": ""1 - 1"", ""pct"": 11.34}, {""score"": ""2 - 0"", ""pct"": 10.41}]"
Norway,Mexico,Neutral,1.131,1.274,31.6,29.4,39.0,32.2,5.8,7.8,39.0,6.4,8.8,45.9,54.1,"[{""score"": ""1 - 1"", ""pct"": 13.120000000000001}, {""score"": ""0 - 1"", ""pct"": 11.53}, {""score"": ""0 - 0"", ""pct"": 10.14}]"
Norway,Argentina,Neutral,0.923,1.728,19.1,25.0,55.9,19.4,3.8,4.6,56.0,7.2,9.0,27.8,72.2,"[{""score"": ""0 - 1"", ""pct"": 12.1}, {""score"": ""1 - 1"", ""pct"": 11.37}, {""score"": ""0 - 2"", ""pct"": 10.18}]"
Norway,New Zealand,Neutral,1.734,0.945,56.0,25.3,18.7,57.1,7.1,9.3,18.5,3.2,4.8,73.5,26.5,"[{""score"": ""1 - 0"", ""pct"": 12.08}, {""score"": ""1 - 1"", ""pct"": 11.600000000000001}, {""score"": ""2 - 1"", ""pct"": 9.950000000000001}]"
Norway,Senegal,Neutral,1.285,1.224,38.1,27.2,34.8,36.7,6.3,8.6,35.3,5.7,7.4,51.6,48.4,"[{""score"": ""1 - 1"", ""pct"": 12.41}, {""score"": ""0 - 1"", ""pct"": 10.5}, {""score"": ""1 - 0"", ""pct"": 10.38}]"
Norway,Sweden,Neutral,1.838,0.966,57.8,23.9,18.3,57.7,7.9,8.6,18.2,3.2,4.4,74.2,25.8,"[{""score"": ""1 - 0"", ""pct"": 11.31}, {""score"": ""1 - 1"", ""pct"": 10.89}, {""score"": ""2 - 0"", ""pct"": 10.13}]"
Norway,Netherlands,Neutral,1.176,1.323,32.0,28.8,39.2,31.8,5.6,7.6,39.8,6.4,8.7,45.0,55.0,"[{""score"": ""1 - 1"", ""pct"": 12.86}, {""score"": ""0 - 1"", ""pct"": 10.76}, {""score"": ""1 - 0"", ""pct"": 9.56}]"
Norway,Tunisia,Neutral,1.603,0.994,51.3,25.5,23.1,52.4,6.8,8.8,22.0,4.4,5.6,68.0,32.0,"[{""score"": ""1 - 0"", ""pct"": 12.47}, {""score"": ""1 - 1"", ""pct"": 11.99}, {""score"": ""2 - 1"", ""pct"": 9.34}]"
Norway,Scotland,Neutral,1.554,1.038,48.9,27.1,24.0,49.5,6.9,8.9,24.8,4.1,5.8,65.3,34.7,"[{""score"": ""1 - 1"", ""pct"": 12.65}, {""score"": ""1 - 0"", ""pct"": 11.91}, {""score"": ""2 - 1"", ""pct"": 9.45}]"
Norway,Colombia,Neutral,1.138,1.503,27.3,26.7,45.9,28.5,4.9,6.1,45.4,7.1,8.0,39.5,60.5,"[{""score"": ""1 - 1"", ""pct"": 11.65}, {""score"": ""0 - 1"", ""pct"": 11.32}, {""score"": ""1 - 2"", ""pct"": 9.13}]"
Norway,Japan,Neutral,1.062,1.471,25.9,27.8,46.3,26.4,4.9,6.5,46.7,7.1,8.3,37.8,62.2,"[{""score"": ""1 - 1"", ""pct"": 12.839999999999998}, {""score"": ""0 - 1"", ""pct"": 11.93}, {""score"": ""1 - 2"", ""pct"": 9.44}]"
Norway,France,Neutral,1.159,1.627,25.7,25.7,48.5,26.0,4.3,5.9,49.0,6.8,8.0,36.3,63.7,"[{""score"": ""1 - 1"", ""pct"": 11.53}, {""score"": ""0 - 1"", ""pct"": 10.71}, {""score"": ""1 - 2"", ""pct"": 9.41}]"
Norway,Uzbekistan,Neutral,1.429,1.059,44.9,28.1,27.0,45.4,6.6,9.2,27.1,5.1,6.6,61.2,38.8,"[{""score"": ""1 - 1"", ""pct"": 12.24}, {""score"": ""1 - 0"", ""pct"": 11.35}, {""score"": ""0 - 0"", ""pct"": 9.6}]"
Norway,Ecuador,Neutral,1.12,1.427,28.3,27.9,43.8,28.6,5.3,6.5,44.3,6.4,8.9,40.4,59.6,"[{""score"": ""1 - 1"", ""pct"": 12.790000000000001}, {""score"": ""0 - 1"", ""pct"": 11.85}, {""score"": ""1 - 2"", ""pct"": 8.89}]"
Norway,Qatar,Neutral,2.202,0.708,72.3,18.2,9.5,71.6,7.2,7.1,10.1,1.6,2.4,85.9,14.1,"[{""score"": ""2 - 0"", ""pct"": 13.3}, {""score"": ""1 - 0"", ""pct"": 12.33}, {""score"": ""3 - 0"", ""pct"": 9.53}]"
Norway,Ivory Coast,Neutral,1.446,1.029,45.5,28.4,26.2,46.5,7.0,9.4,25.1,4.9,7.1,62.9,37.1,"[{""score"": ""1 - 1"", ""pct"": 12.34}, {""score"": ""1 - 0"", ""pct"": 12.030000000000001}, {""score"": ""0 - 0"", ""pct"": 9.84}]"
Norway,England,Neutral,1.032,1.513,25.0,27.6,47.4,24.5,4.8,5.9,48.2,7.3,9.2,35.2,64.8,"[{""score"": ""1 - 1"", ""pct"": 12.46}, {""score"": ""0 - 1"", ""pct"": 12.18}, {""score"": ""1 - 2"", ""pct"": 8.91}]"
Norway,Cape Verde,Neutral,1.786,0.796,61.3,23.4,15.2,61.7,7.7,8.6,14.9,3.1,4.1,78.0,22.1,"[{""score"": ""1 - 0"", ""pct"": 14.2}, {""score"": ""2 - 0"", ""pct"": 11.62}, {""score"": ""1 - 1"", ""pct"": 10.75}]"
Norway,Panama,Neutral,1.426,1.142,42.9,27.8,29.3,42.8,7.0,8.8,29.3,5.2,7.0,58.5,41.5,"[{""score"": ""1 - 1"", ""pct"": 12.379999999999999}, {""score"": ""1 - 0"", ""pct"": 11.08}, {""score"": ""2 - 1"", ""pct"": 9.34}]"
Norway,Austria,Neutral,1.409,1.047,45.6,28.0,26.5,44.6,7.2,9.3,26.8,4.9,7.1,61.2,38.8,"[{""score"": ""1 - 1"", ""pct"": 12.49}, {""score"": ""1 - 0"", ""pct"": 12.49}, {""score"": ""0 - 0"", ""pct"": 9.77}]"
Norway,Belgium,Neutral,1.275,1.24,36.1,29.3,34.5,36.6,6.1,8.1,35.5,6.1,7.6,50.8,49.2,"[{""score"": ""1 - 1"", ""pct"": 13.73}, {""score"": ""1 - 0"", ""pct"": 10.66}, {""score"": ""0 - 1"", ""pct"": 9.74}]"
Norway,Egypt,Neutral,1.441,0.991,47.0,27.6,25.4,46.4,6.8,9.7,26.2,4.6,6.3,62.9,37.1,"[{""score"": ""1 - 0"", ""pct"": 12.65}, {""score"": ""1 - 1"", ""pct"": 12.280000000000001}, {""score"": ""0 - 0"", ""pct"": 9.78}]"
Norway,Iraq,Neutral,1.559,0.977,50.4,27.2,22.4,51.0,7.2,9.5,22.7,4.3,5.3,67.7,32.3,"[{""score"": ""1 - 0"", ""pct"": 12.629999999999999}, {""score"": ""1 - 1"", ""pct"": 12.47}, {""score"": ""2 - 0"", ""pct"": 9.719999999999999}]"
Norway,Switzerland,Neutral,1.317,1.223,38.5,28.0,33.5,38.4,6.7,8.3,33.6,5.4,7.5,53.5,46.5,"[{""score"": ""1 - 1"", ""pct"": 12.620000000000001}, {""score"": ""1 - 0"", ""pct"": 10.92}, {""score"": ""0 - 1"", ""pct"": 9.46}]"
Norway,Brazil,Neutral,1.142,1.518,28.0,27.1,44.9,27.4,4.6,6.5,45.6,7.0,8.9,38.5,61.5,"[{""score"": ""1 - 1"", ""pct"": 12.31}, {""score"": ""0 - 1"", ""pct"": 10.459999999999999}, {""score"": ""1 - 2"", ""pct"": 9.02}]"
Norway,United States,Neutral,1.569,1.053,50.0,26.4,23.6,49.1,7.2,9.3,24.1,4.7,5.6,65.6,34.4,"[{""score"": ""1 - 0"", ""pct"": 12.18}, {""score"": ""1 - 1"", ""pct"": 12.049999999999999}, {""score"": ""2 - 1"", ""pct"": 9.29}]"
Norway,Ghana,Neutral,1.834,0.723,64.9,22.5,12.7,64.1,7.5,9.3,12.9,2.6,3.6,80.9,19.1,"[{""score"": ""1 - 0"", ""pct"": 14.52}, {""score"": ""2 - 0"", ""pct"": 13.68}, {""score"": ""1 - 1"", ""pct"": 10.299999999999999}]"
Norway,Uruguay,Neutral,1.194,1.289,34.0,27.0,39.0,33.3,5.4,8.0,39.0,5.9,8.5,46.6,53.4,"[{""score"": ""1 - 1"", ""pct"": 12.17}, {""score"": ""0 - 1"", ""pct"": 11.57}, {""score"": ""1 - 0"", ""pct"": 10.03}]"
Norway,Portugal,Neutral,1.128,1.487,28.1,27.3,44.6,27.3,5.6,6.6,45.1,6.7,8.6,39.5,60.5,"[{""score"": ""1 - 1"", ""pct"": 12.25}, {""score"": ""0 - 1"", ""pct"": 10.870000000000001}, {""score"": ""1 - 2"", ""pct"": 8.91}]"
Norway,Algeria,Neutral,1.231,1.17,36.8,29.4,33.8,37.0,6.3,8.6,33.7,6.0,8.4,51.9,48.1,"[{""score"": ""1 - 1"", ""pct"": 12.64}, {""score"": ""1 - 0"", ""pct"": 10.95}, {""score"": ""0 - 0"", ""pct"": 10.639999999999999}]"
Norway,Spain,Neutral,0.914,1.738,18.6,25.0,56.4,19.5,3.5,4.4,56.3,7.4,8.9,27.4,72.6,"[{""score"": ""0 - 1"", ""pct"": 13.059999999999999}, {""score"": ""1 - 1"", ""pct"": 11.07}, {""score"": ""0 - 2"", ""pct"": 10.36}]"
Norway,Bosnia and Herzegovina,Neutral,1.955,0.733,67.2,20.7,12.1,65.5,7.7,8.6,12.3,2.6,3.3,81.8,18.2,"[{""score"": ""1 - 0"", ""pct"": 14.09}, {""score"": ""2 - 0"", ""pct"": 12.709999999999999}, {""score"": ""2 - 1"", ""pct"": 9.82}]"
Norway,South Africa,Neutral,1.734,0.796,60.1,24.3,15.7,60.1,7.4,9.0,15.8,3.2,4.6,76.5,23.5,"[{""score"": ""1 - 0"", ""pct"": 14.219999999999999}, {""score"": ""2 - 0"", ""pct"": 11.68}, {""score"": ""1 - 1"", ""pct"": 10.91}]"
Norway,DR Congo,Neutral,1.505,0.955,49.8,27.6,22.7,50.7,6.7,9.2,22.8,4.4,6.1,66.6,33.4,"[{""score"": ""1 - 0"", ""pct"": 13.18}, {""score"": ""1 - 1"", ""pct"": 12.36}, {""score"": ""0 - 0"", ""pct"": 9.6}]"
Norway,Croatia,Neutral,1.276,1.27,35.9,28.1,36.0,36.4,5.9,7.9,35.6,6.0,8.1,50.3,49.7,"[{""score"": ""1 - 1"", ""pct"": 12.75}, {""score"": ""0 - 1"", ""pct"": 10.16}, {""score"": ""1 - 0"", ""pct"": 9.9}]"
Norway,Turkey,Neutral,1.264,1.216,36.6,28.7,34.6,37.0,5.9,8.8,34.5,6.0,7.9,51.6,48.4,"[{""score"": ""1 - 1"", ""pct"": 12.67}, {""score"": ""0 - 1"", ""pct"": 10.91}, {""score"": ""1 - 0"", ""pct"": 10.58}]"
Norway,Morocco,Neutral,1.119,1.457,27.9,27.4,44.7,27.6,4.9,6.6,45.1,6.8,9.0,39.1,60.9,"[{""score"": ""1 - 1"", ""pct"": 12.76}, {""score"": ""0 - 1"", ""pct"": 11.41}, {""score"": ""1 - 2"", ""pct"": 9.27}]"
Norway,Haiti,Neutral,1.633,0.972,53.6,25.3,21.0,52.4,7.6,9.0,21.5,4.3,5.2,69.0,31.0,"[{""score"": ""1 - 0"", ""pct"": 13.16}, {""score"": ""1 - 1"", ""pct"": 11.33}, {""score"": ""2 - 0"", ""pct"": 9.71}]"
Norway,South Korea,Neutral,1.321,1.208,38.6,27.3,34.0,39.0,6.8,8.4,33.0,5.3,7.6,54.1,45.9,"[{""score"": ""1 - 1"", ""pct"": 12.540000000000001}, {""score"": ""1 - 0"", ""pct"": 11.06}, {""score"": ""0 - 1"", ""pct"": 10.0}]"
Norway,Curaçao,Neutral,1.997,0.748,67.4,20.8,11.8,68.3,7.3,7.6,11.7,2.0,3.2,83.2,16.8,"[{""score"": ""1 - 0"", ""pct"": 12.959999999999999}, {""score"": ""2 - 0"", ""pct"": 12.540000000000001}, {""score"": ""2 - 1"", ""pct"": 9.85}]"
Norway,Paraguay,Neutral,1.325,1.188,38.9,28.0,33.1,39.6,6.4,8.6,32.4,5.3,7.7,54.6,45.4,"[{""score"": ""1 - 1"", ""pct"": 12.3}, {""score"": ""1 - 0"", ""pct"": 10.979999999999999}, {""score"": ""0 - 1"", ""pct"": 9.39}]"
Norway,Iran,Neutral,1.255,1.228,35.8,29.1,35.0,36.6,6.5,8.4,34.5,5.8,8.3,51.4,48.5,"[{""score"": ""1 - 1"", ""pct"": 12.790000000000001}, {""score"": ""1 - 0"", ""pct"": 10.43}, {""score"": ""0 - 1"", ""pct"": 10.290000000000001}]"
Turkey,Jordan,Neutral,1.609,1.051,50.8,25.5,23.7,49.1,7.4,8.8,24.5,4.4,5.8,65.2,34.8,"[{""score"": ""1 - 0"", ""pct"": 12.33}, {""score"": ""1 - 1"", ""pct"": 11.93}, {""score"": ""2 - 1"", ""pct"": 9.21}]"
Turkey,Australia,Neutral,1.203,1.213,36.0,28.7,35.3,35.0,6.0,8.6,36.8,5.6,8.0,49.6,50.4,"[{""score"": ""1 - 1"", ""pct"": 13.19}, {""score"": ""1 - 0"", ""pct"": 11.200000000000001}, {""score"": ""0 - 1"", ""pct"": 10.24}]"
Turkey,Germany,Neutral,1.161,1.337,31.0,28.9,40.1,31.7,5.7,7.0,40.8,6.4,8.4,44.4,55.6,"[{""score"": ""1 - 1"", ""pct"": 13.530000000000001}, {""score"": ""0 - 1"", ""pct"": 10.73}, {""score"": ""1 - 0"", ""pct"": 9.76}]"
Turkey,Canada,Neutral,1.204,1.112,37.6,29.7,32.7,37.8,6.7,9.1,32.5,5.4,8.5,53.6,46.4,"[{""score"": ""1 - 1"", ""pct"": 13.03}, {""score"": ""1 - 0"", ""pct"": 12.11}, {""score"": ""0 - 0"", ""pct"": 10.95}]"
Turkey,Czech Republic,Neutral,1.698,1.003,53.4,25.1,21.5,53.5,7.8,8.2,21.2,4.4,4.9,69.5,30.5,"[{""score"": ""1 - 1"", ""pct"": 11.5}, {""score"": ""1 - 0"", ""pct"": 11.49}, {""score"": ""2 - 1"", ""pct"": 9.85}]"
Turkey,Saudi Arabia,Neutral,1.725,0.881,57.8,24.1,18.0,56.8,7.7,9.2,17.7,3.6,5.0,73.7,26.3,"[{""score"": ""1 - 0"", ""pct"": 13.34}, {""score"": ""2 - 0"", ""pct"": 11.15}, {""score"": ""1 - 1"", ""pct"": 10.8}]"
Turkey,Mexico,Neutral,1.084,1.236,30.4,30.3,39.2,31.9,5.3,8.4,38.3,6.9,9.3,45.6,54.4,"[{""score"": ""1 - 1"", ""pct"": 13.44}, {""score"": ""0 - 1"", ""pct"": 12.58}, {""score"": ""0 - 0"", ""pct"": 11.51}]"
Turkey,Argentina,Neutral,0.894,1.734,18.1,25.1,56.8,18.0,3.2,4.7,57.5,7.6,8.9,25.9,74.1,"[{""score"": ""0 - 1"", ""pct"": 13.209999999999999}, {""score"": ""1 - 1"", ""pct"": 10.979999999999999}, {""score"": ""0 - 2"", ""pct"": 10.52}]"
Turkey,New Zealand,Neutral,1.739,0.933,56.8,24.1,19.1,56.6,7.7,8.8,18.5,3.5,4.8,73.2,26.8,"[{""score"": ""1 - 0"", ""pct"": 12.509999999999998}, {""score"": ""1 - 1"", ""pct"": 11.32}, {""score"": ""2 - 0"", ""pct"": 10.040000000000001}]"
Turkey,Senegal,Neutral,1.261,1.209,36.3,28.8,34.9,36.4,6.3,8.2,34.4,6.0,8.7,51.0,49.0,"[{""score"": ""1 - 1"", ""pct"": 12.91}, {""score"": ""1 - 0"", ""pct"": 10.56}, {""score"": ""0 - 1"", ""pct"": 10.08}]"
Turkey,Sweden,Neutral,1.838,0.958,58.0,23.5,18.5,58.3,7.4,8.1,18.0,3.7,4.4,73.8,26.2,"[{""score"": ""1 - 0"", ""pct"": 11.99}, {""score"": ""1 - 1"", ""pct"": 10.42}, {""score"": ""2 - 1"", ""pct"": 9.98}]"
Turkey,Netherlands,Neutral,1.156,1.291,31.5,28.5,40.0,32.0,6.1,7.5,39.2,6.5,8.7,45.6,54.4,"[{""score"": ""1 - 1"", ""pct"": 13.5}, {""score"": ""0 - 1"", ""pct"": 11.09}, {""score"": ""0 - 0"", ""pct"": 9.42}]"
Turkey,Tunisia,Neutral,1.589,0.961,52.4,25.9,21.7,51.7,7.2,9.0,21.9,4.4,5.8,67.9,32.1,"[{""score"": ""1 - 0"", ""pct"": 12.53}, {""score"": ""1 - 1"", ""pct"": 11.77}, {""score"": ""2 - 0"", ""pct"": 9.75}]"
Turkey,Scotland,Neutral,1.55,1.025,48.4,27.1,24.5,49.2,7.2,8.5,24.5,4.5,6.2,64.8,35.2,"[{""score"": ""1 - 1"", ""pct"": 12.33}, {""score"": ""1 - 0"", ""pct"": 11.73}, {""score"": ""2 - 1"", ""pct"": 9.62}]"
Turkey,Colombia,Neutral,1.106,1.491,27.2,27.2,45.6,27.8,4.9,6.1,45.5,6.9,8.7,38.9,61.1,"[{""score"": ""1 - 1"", ""pct"": 12.34}, {""score"": ""0 - 1"", ""pct"": 11.12}, {""score"": ""1 - 2"", ""pct"": 8.73}]"
Turkey,Japan,Neutral,1.034,1.457,25.9,27.8,46.3,25.3,4.8,6.5,46.6,7.2,9.7,36.6,63.4,"[{""score"": ""1 - 1"", ""pct"": 12.690000000000001}, {""score"": ""0 - 1"", ""pct"": 11.72}, {""score"": ""1 - 2"", ""pct"": 9.139999999999999}]"
Turkey,France,Neutral,1.114,1.616,26.3,25.2,48.5,25.8,4.6,5.6,48.3,7.1,8.7,35.9,64.1,"[{""score"": ""1 - 1"", ""pct"": 11.52}, {""score"": ""0 - 1"", ""pct"": 10.83}, {""score"": ""1 - 2"", ""pct"": 9.47}]"
Turkey,Uzbekistan,Neutral,1.295,1.038,41.6,29.4,29.0,41.0,6.9,10.2,29.3,4.9,7.7,58.1,41.9,"[{""score"": ""1 - 1"", ""pct"": 13.11}, {""score"": ""1 - 0"", ""pct"": 12.590000000000002}, {""score"": ""0 - 0"", ""pct"": 10.870000000000001}]"
Turkey,Ecuador,Neutral,1.051,1.381,27.8,27.8,44.4,28.0,4.9,7.1,43.6,7.0,9.4,40.0,60.0,"[{""score"": ""1 - 1"", ""pct"": 12.72}, {""score"": ""0 - 1"", ""pct"": 12.21}, {""score"": ""0 - 0"", ""pct"": 9.629999999999999}]"
Turkey,Qatar,Neutral,2.14,0.674,72.5,18.0,9.6,71.8,7.2,7.3,9.3,1.8,2.6,86.3,13.7,"[{""score"": ""2 - 0"", ""pct"": 13.94}, {""score"": ""1 - 0"", ""pct"": 13.66}, {""score"": ""2 - 1"", ""pct"": 9.520000000000001}]"
Turkey,Ivory Coast,Neutral,1.456,1.012,48.3,27.2,24.5,46.2,7.5,9.2,25.8,4.9,6.5,62.9,37.1,"[{""score"": ""1 - 1"", ""pct"": 12.659999999999998}, {""score"": ""1 - 0"", ""pct"": 12.5}, {""score"": ""2 - 1"", ""pct"": 9.25}]"
Turkey,England,Neutral,1.006,1.526,24.1,26.3,49.7,23.9,4.5,6.2,48.7,7.5,9.2,34.6,65.4,"[{""score"": ""0 - 1"", ""pct"": 12.790000000000001}, {""score"": ""1 - 1"", ""pct"": 11.77}, {""score"": ""1 - 2"", ""pct"": 9.39}]"
Turkey,Cape Verde,Neutral,1.792,0.786,62.0,23.3,14.7,62.2,7.2,9.2,14.5,2.7,4.2,78.6,21.4,"[{""score"": ""1 - 0"", ""pct"": 14.04}, {""score"": ""2 - 0"", ""pct"": 12.57}, {""score"": ""1 - 1"", ""pct"": 10.6}]"
Turkey,Panama,Neutral,1.413,1.151,42.5,27.5,29.9,42.5,6.8,8.6,29.8,5.2,7.2,57.8,42.2,"[{""score"": ""1 - 1"", ""pct"": 12.4}, {""score"": ""1 - 0"", ""pct"": 11.21}, {""score"": ""0 - 1"", ""pct"": 8.7}]"
Turkey,Austria,Neutral,1.413,1.032,44.8,28.4,26.8,45.3,6.9,9.9,26.1,4.9,6.9,62.1,37.9,"[{""score"": ""1 - 1"", ""pct"": 12.82}, {""score"": ""1 - 0"", ""pct"": 12.24}, {""score"": ""0 - 0"", ""pct"": 9.43}]"
Turkey,Belgium,Neutral,1.246,1.237,35.0,29.0,36.0,37.2,5.9,8.1,34.8,6.0,8.0,51.2,48.8,"[{""score"": ""1 - 1"", ""pct"": 12.97}, {""score"": ""0 - 1"", ""pct"": 10.440000000000001}, {""score"": ""1 - 0"", ""pct"": 9.99}]"
Turkey,Egypt,Neutral,1.403,0.964,45.5,28.8,25.7,45.6,7.2,9.8,25.4,4.7,7.3,62.6,37.4,"[{""score"": ""1 - 0"", ""pct"": 13.77}, {""score"": ""1 - 1"", ""pct"": 12.690000000000001}, {""score"": ""0 - 0"", ""pct"": 10.42}]"
Turkey,Iraq,Neutral,1.557,0.945,52.4,26.5,21.1,50.6,7.5,9.5,21.9,4.3,6.2,67.6,32.4,"[{""score"": ""1 - 0"", ""pct"": 13.11}, {""score"": ""1 - 1"", ""pct"": 11.459999999999999}, {""score"": ""2 - 0"", ""pct"": 10.2}]"
Turkey,Switzerland,Neutral,1.29,1.215,37.9,28.7,33.4,38.1,6.0,8.1,34.5,5.8,7.6,52.2,47.8,"[{""score"": ""1 - 1"", ""pct"": 13.370000000000001}, {""score"": ""1 - 0"", ""pct"": 11.020000000000001}, {""score"": ""0 - 1"", ""pct"": 9.91}]"
Turkey,Brazil,Neutral,1.11,1.514,27.3,26.3,46.4,26.6,4.8,6.2,47.1,7.0,8.4,37.6,62.4,"[{""score"": ""0 - 1"", ""pct"": 11.65}, {""score"": ""1 - 1"", ""pct"": 11.61}, {""score"": ""1 - 2"", ""pct"": 8.9}]"
Turkey,United States,Neutral,1.555,1.039,49.2,26.7,24.1,48.8,6.8,9.0,24.3,5.0,6.1,64.6,35.4,"[{""score"": ""1 - 1"", ""pct"": 11.82}, {""score"": ""1 - 0"", ""pct"": 11.58}, {""score"": ""2 - 1"", ""pct"": 9.83}]"
Turkey,Ghana,Neutral,1.826,0.685,65.3,22.8,11.8,66.0,7.6,9.0,11.8,2.4,3.2,82.6,17.4,"[{""score"": ""1 - 0"", ""pct"": 15.329999999999998}, {""score"": ""2 - 0"", ""pct"": 13.020000000000001}, {""score"": ""1 - 1"", ""pct"": 10.16}]"
Turkey,Uruguay,Neutral,1.16,1.247,33.0,29.0,38.0,33.6,5.6,7.8,38.6,5.9,8.5,47.1,52.9,"[{""score"": ""1 - 1"", ""pct"": 13.420000000000002}, {""score"": ""0 - 1"", ""pct"": 11.16}, {""score"": ""0 - 0"", ""pct"": 10.0}]"
Turkey,Portugal,Neutral,1.092,1.468,26.9,28.0,45.2,27.8,5.2,6.5,44.4,7.1,8.9,39.5,60.5,"[{""score"": ""1 - 1"", ""pct"": 12.7}, {""score"": ""0 - 1"", ""pct"": 11.12}, {""score"": ""1 - 2"", ""pct"": 9.46}]"
Turkey,Algeria,Neutral,1.221,1.158,37.1,29.6,33.2,36.6,5.9,8.9,34.1,6.2,8.4,51.4,48.6,"[{""score"": ""1 - 1"", ""pct"": 13.29}, {""score"": ""1 - 0"", ""pct"": 11.24}, {""score"": ""0 - 0"", ""pct"": 10.65}]"
Turkey,Spain,Neutral,0.891,1.747,18.3,24.1,57.5,17.7,3.6,4.5,57.5,7.4,9.2,25.9,74.1,"[{""score"": ""0 - 1"", ""pct"": 12.839999999999998}, {""score"": ""1 - 1"", ""pct"": 11.129999999999999}, {""score"": ""0 - 2"", ""pct"": 10.82}]"
Turkey,Bosnia and Herzegovina,Neutral,1.957,0.686,67.5,21.4,11.2,67.9,7.2,8.3,11.2,2.4,3.0,83.4,16.6,"[{""score"": ""2 - 0"", ""pct"": 13.51}, {""score"": ""1 - 0"", ""pct"": 13.459999999999999}, {""score"": ""2 - 1"", ""pct"": 9.719999999999999}]"
Turkey,South Africa,Neutral,1.739,0.766,61.1,23.9,15.0,60.7,7.3,9.4,15.4,2.9,4.2,77.5,22.6,"[{""score"": ""1 - 0"", ""pct"": 14.77}, {""score"": ""2 - 0"", ""pct"": 12.520000000000001}, {""score"": ""1 - 1"", ""pct"": 10.47}]"
Turkey,DR Congo,Neutral,1.503,0.926,50.7,27.5,21.8,50.5,7.0,10.0,22.4,4.5,5.7,67.4,32.6,"[{""score"": ""1 - 0"", ""pct"": 13.370000000000001}, {""score"": ""1 - 1"", ""pct"": 12.31}, {""score"": ""2 - 0"", ""pct"": 10.18}]"
Turkey,Croatia,Neutral,1.238,1.235,35.8,28.5,35.8,36.3,5.7,8.0,35.3,6.5,8.2,50.0,50.0,"[{""score"": ""1 - 1"", ""pct"": 12.790000000000001}, {""score"": ""1 - 0"", ""pct"": 10.51}, {""score"": ""0 - 1"", ""pct"": 10.489999999999998}]"
Turkey,Norway,Neutral,1.216,1.264,34.9,29.3,35.8,34.4,5.7,7.9,37.5,6.1,8.5,47.9,52.1,"[{""score"": ""1 - 1"", ""pct"": 13.58}, {""score"": ""1 - 0"", ""pct"": 10.45}, {""score"": ""0 - 1"", ""pct"": 10.15}]"
Turkey,Morocco,Neutral,1.084,1.466,27.0,27.7,45.4,26.5,4.7,6.8,45.8,7.2,9.0,38.0,62.0,"[{""score"": ""1 - 1"", ""pct"": 12.35}, {""score"": ""0 - 1"", ""pct"": 11.34}, {""score"": ""1 - 2"", ""pct"": 9.26}]"
Turkey,Haiti,Neutral,1.644,0.987,52.7,25.9,21.4,52.6,7.7,8.7,21.5,3.8,5.7,69.0,31.0,"[{""score"": ""1 - 0"", ""pct"": 12.47}, {""score"": ""1 - 1"", ""pct"": 11.73}, {""score"": ""2 - 1"", ""pct"": 9.34}]"
Turkey,South Korea,Neutral,1.295,1.2,38.2,28.6,33.1,39.0,6.3,7.9,33.2,5.6,7.9,53.3,46.7,"[{""score"": ""1 - 1"", ""pct"": 12.27}, {""score"": ""1 - 0"", ""pct"": 11.020000000000001}, {""score"": ""0 - 1"", ""pct"": 9.78}]"
Turkey,Curaçao,Neutral,1.969,0.706,67.9,20.7,11.5,67.3,7.4,8.5,11.5,2.3,3.1,83.2,16.8,"[{""score"": ""1 - 0"", ""pct"": 14.21}, {""score"": ""2 - 0"", ""pct"": 13.01}, {""score"": ""2 - 1"", ""pct"": 9.86}]"
Turkey,Paraguay,Neutral,1.293,1.156,38.9,28.8,32.3,38.7,6.5,8.4,32.9,5.5,8.0,53.6,46.4,"[{""score"": ""1 - 1"", ""pct"": 12.509999999999998}, {""score"": ""1 - 0"", ""pct"": 10.96}, {""score"": ""0 - 0"", ""pct"": 9.94}]"
Turkey,Iran,Neutral,1.218,1.232,34.8,28.9,36.3,35.2,5.9,8.0,36.5,6.0,8.5,49.0,51.0,"[{""score"": ""1 - 1"", ""pct"": 12.85}, {""score"": ""0 - 1"", ""pct"": 11.21}, {""score"": ""1 - 0"", ""pct"": 10.16}]"
Morocco,Jordan,Neutral,1.797,1.033,55.3,23.8,20.9,54.9,7.4,8.6,20.3,4.3,4.5,71.0,29.0,"[{""score"": ""1 - 0"", ""pct"": 11.01}, {""score"": ""1 - 1"", ""pct"": 10.89}, {""score"": ""2 - 1"", ""pct"": 9.68}]"
Morocco,Australia,Neutral,1.298,1.075,41.3,28.5,30.2,41.6,6.7,9.2,29.7,5.2,7.6,57.4,42.6,"[{""score"": ""1 - 1"", ""pct"": 12.809999999999999}, {""score"": ""1 - 0"", ""pct"": 12.13}, {""score"": ""0 - 1"", ""pct"": 10.2}]"
Morocco,Germany,Neutral,1.331,1.175,39.0,28.6,32.3,40.6,6.2,8.6,30.7,5.9,8.0,55.4,44.6,"[{""score"": ""1 - 1"", ""pct"": 13.270000000000001}, {""score"": ""1 - 0"", ""pct"": 11.200000000000001}, {""score"": ""0 - 1"", ""pct"": 9.51}]"
Morocco,Canada,Neutral,1.375,0.972,45.7,28.2,26.1,46.8,6.9,10.0,25.0,4.5,6.8,63.7,36.3,"[{""score"": ""1 - 0"", ""pct"": 13.79}, {""score"": ""1 - 1"", ""pct"": 12.58}, {""score"": ""0 - 0"", ""pct"": 10.290000000000001}]"
Morocco,Czech Republic,Neutral,1.87,0.901,60.5,22.8,16.8,61.4,7.4,8.6,15.8,3.1,3.9,77.3,22.7,"[{""score"": ""1 - 0"", ""pct"": 12.04}, {""score"": ""2 - 0"", ""pct"": 10.79}, {""score"": ""1 - 1"", ""pct"": 10.42}]"
Morocco,Saudi Arabia,Neutral,1.862,0.705,65.0,22.4,12.6,65.7,7.4,8.4,12.4,2.7,3.4,81.5,18.6,"[{""score"": ""1 - 0"", ""pct"": 14.91}, {""score"": ""2 - 0"", ""pct"": 12.91}, {""score"": ""1 - 1"", ""pct"": 10.36}]"
Morocco,Mexico,Neutral,1.24,1.084,38.5,29.5,32.0,39.2,6.9,9.2,31.3,5.4,8.1,55.2,44.8,"[{""score"": ""1 - 1"", ""pct"": 13.139999999999999}, {""score"": ""1 - 0"", ""pct"": 11.66}, {""score"": ""0 - 0"", ""pct"": 11.03}]"
Morocco,Argentina,Neutral,1.008,1.578,23.2,26.1,50.7,22.5,4.1,5.8,50.7,7.7,9.1,32.4,67.6,"[{""score"": ""0 - 1"", ""pct"": 12.31}, {""score"": ""1 - 1"", ""pct"": 11.89}, {""score"": ""1 - 2"", ""pct"": 9.49}]"
Morocco,New Zealand,Neutral,1.896,0.758,64.5,21.9,13.6,66.1,7.6,8.1,12.4,2.4,3.5,81.8,18.2,"[{""score"": ""1 - 0"", ""pct"": 13.01}, {""score"": ""2 - 0"", ""pct"": 12.65}, {""score"": ""1 - 1"", ""pct"": 9.85}]"
Morocco,Senegal,Neutral,1.475,1.07,45.3,27.3,27.4,45.8,7.1,8.8,26.4,5.0,7.0,61.7,38.3,"[{""score"": ""1 - 1"", ""pct"": 12.45}, {""score"": ""1 - 0"", ""pct"": 11.360000000000001}, {""score"": ""2 - 1"", ""pct"": 8.59}]"
Morocco,Sweden,Neutral,1.974,0.786,65.2,22.1,12.7,66.0,7.4,8.3,13.0,2.3,3.0,81.7,18.3,"[{""score"": ""1 - 0"", ""pct"": 12.65}, {""score"": ""2 - 0"", ""pct"": 12.32}, {""score"": ""1 - 1"", ""pct"": 10.209999999999999}]"
Morocco,Netherlands,Neutral,1.311,1.151,39.4,28.8,31.7,39.2,6.2,9.0,31.9,5.7,7.9,54.5,45.5,"[{""score"": ""1 - 1"", ""pct"": 12.97}, {""score"": ""1 - 0"", ""pct"": 11.14}, {""score"": ""0 - 1"", ""pct"": 9.87}]"
Morocco,Tunisia,Neutral,1.71,0.818,58.6,24.5,16.9,58.7,7.8,9.2,17.0,3.0,4.3,75.7,24.3,"[{""score"": ""1 - 0"", ""pct"": 14.21}, {""score"": ""2 - 0"", ""pct"": 11.4}, {""score"": ""1 - 1"", ""pct"": 10.95}]"
Morocco,Scotland,Neutral,1.719,0.989,55.0,24.3,20.7,54.5,7.5,9.2,20.0,3.8,5.0,71.2,28.8,"[{""score"": ""1 - 0"", ""pct"": 12.25}, {""score"": ""1 - 1"", ""pct"": 11.709999999999999}, {""score"": ""2 - 0"", ""pct"": 9.89}]"
Morocco,Colombia,Neutral,1.166,1.298,32.8,28.0,39.2,32.5,5.2,7.7,39.2,6.8,8.6,45.4,54.6,"[{""score"": ""1 - 1"", ""pct"": 12.709999999999999}, {""score"": ""0 - 1"", ""pct"": 11.28}, {""score"": ""1 - 0"", ""pct"": 10.27}]"
Morocco,Japan,Neutral,1.156,1.235,34.2,29.0,36.8,33.9,5.8,8.4,37.1,6.3,8.5,48.1,51.9,"[{""score"": ""1 - 1"", ""pct"": 13.170000000000002}, {""score"": ""0 - 1"", ""pct"": 11.33}, {""score"": ""1 - 0"", ""pct"": 10.43}]"
Morocco,France,Neutral,1.122,1.418,28.4,27.1,44.4,29.6,5.0,6.7,43.1,7.1,8.5,41.3,58.7,"[{""score"": ""1 - 1"", ""pct"": 12.41}, {""score"": ""0 - 1"", ""pct"": 11.200000000000001}, {""score"": ""1 - 2"", ""pct"": 9.06}]"
Morocco,Uzbekistan,Neutral,1.52,0.984,50.1,27.2,22.7,50.0,7.8,9.1,22.8,4.4,5.9,66.9,33.1,"[{""score"": ""1 - 0"", ""pct"": 12.7}, {""score"": ""1 - 1"", ""pct"": 12.389999999999999}, {""score"": ""2 - 1"", ""pct"": 9.66}]"
Morocco,Ecuador,Neutral,1.186,1.181,35.4,29.3,35.3,35.6,6.0,8.5,35.6,6.0,8.2,50.2,49.8,"[{""score"": ""1 - 1"", ""pct"": 12.97}, {""score"": ""1 - 0"", ""pct"": 11.17}, {""score"": ""0 - 1"", ""pct"": 10.74}]"
Morocco,Qatar,Neutral,2.58,0.621,80.0,13.8,6.2,79.9,6.0,5.7,6.0,1.0,1.3,91.7,8.3,"[{""score"": ""2 - 0"", ""pct"": 14.02}, {""score"": ""3 - 0"", ""pct"": 11.57}, {""score"": ""1 - 0"", ""pct"": 10.6}]"
Morocco,Ivory Coast,Neutral,1.624,0.943,53.5,25.1,21.3,53.5,7.5,9.3,20.0,4.0,5.6,70.4,29.6,"[{""score"": ""1 - 0"", ""pct"": 12.76}, {""score"": ""1 - 1"", ""pct"": 10.83}, {""score"": ""2 - 1"", ""pct"": 9.73}]"
Morocco,England,Neutral,1.023,1.263,28.7,30.0,41.3,29.4,5.0,7.6,41.8,6.9,9.3,42.0,58.0,"[{""score"": ""0 - 1"", ""pct"": 13.28}, {""score"": ""1 - 1"", ""pct"": 12.989999999999998}, {""score"": ""0 - 0"", ""pct"": 11.28}]"
Morocco,Cape Verde,Neutral,1.944,0.726,66.6,21.1,12.3,66.1,7.7,8.1,12.5,2.4,3.3,81.8,18.2,"[{""score"": ""1 - 0"", ""pct"": 14.280000000000001}, {""score"": ""2 - 0"", ""pct"": 13.15}, {""score"": ""1 - 1"", ""pct"": 9.35}]"
Morocco,Panama,Neutral,1.631,1.058,51.6,25.2,23.2,51.0,7.2,8.7,23.1,4.5,5.5,66.9,33.1,"[{""score"": ""1 - 0"", ""pct"": 11.87}, {""score"": ""1 - 1"", ""pct"": 11.44}, {""score"": ""2 - 1"", ""pct"": 10.0}]"
Morocco,Austria,Neutral,1.575,1.01,50.4,27.0,22.7,50.0,7.0,9.3,23.7,4.3,5.6,66.3,33.7,"[{""score"": ""1 - 0"", ""pct"": 12.889999999999999}, {""score"": ""1 - 1"", ""pct"": 12.26}, {""score"": ""2 - 1"", ""pct"": 9.39}]"
Morocco,Belgium,Neutral,1.481,1.09,45.6,27.1,27.3,44.9,7.5,9.5,27.0,4.9,6.2,61.9,38.1,"[{""score"": ""1 - 1"", ""pct"": 12.23}, {""score"": ""1 - 0"", ""pct"": 11.4}, {""score"": ""2 - 1"", ""pct"": 9.39}]"
Morocco,Egypt,Neutral,1.535,0.883,52.1,27.4,20.5,52.4,7.7,9.9,20.6,3.7,5.7,70.0,30.0,"[{""score"": ""1 - 0"", ""pct"": 13.389999999999999}, {""score"": ""1 - 1"", ""pct"": 12.389999999999999}, {""score"": ""2 - 0"", ""pct"": 10.190000000000001}]"
Morocco,Iraq,Neutral,1.709,0.815,58.8,24.3,16.9,58.6,8.0,9.3,16.4,3.4,4.3,75.9,24.1,"[{""score"": ""1 - 0"", ""pct"": 14.05}, {""score"": ""2 - 0"", ""pct"": 11.44}, {""score"": ""1 - 1"", ""pct"": 11.32}]"
Morocco,Switzerland,Neutral,1.511,1.052,47.9,27.2,24.9,47.3,7.5,9.1,25.2,4.7,6.4,63.8,36.2,"[{""score"": ""1 - 1"", ""pct"": 12.86}, {""score"": ""1 - 0"", ""pct"": 11.92}, {""score"": ""2 - 1"", ""pct"": 9.07}]"
Morocco,Brazil,Neutral,1.163,1.293,32.0,28.8,39.2,32.5,5.8,7.9,38.8,6.4,8.6,46.2,53.8,"[{""score"": ""1 - 1"", ""pct"": 13.15}, {""score"": ""0 - 1"", ""pct"": 11.110000000000001}, {""score"": ""0 - 0"", ""pct"": 9.22}]"
Morocco,United States,Neutral,1.749,1.022,54.7,24.4,21.0,53.6,7.5,8.7,21.0,4.1,5.1,69.8,30.2,"[{""score"": ""1 - 0"", ""pct"": 11.37}, {""score"": ""1 - 1"", ""pct"": 11.3}, {""score"": ""2 - 1"", ""pct"": 10.26}]"
Morocco,Ghana,Neutral,2.042,0.666,70.1,20.0,9.9,70.2,7.4,7.7,10.0,2.1,2.6,85.3,14.7,"[{""score"": ""1 - 0"", ""pct"": 14.46}, {""score"": ""2 - 0"", ""pct"": 14.180000000000001}, {""score"": ""2 - 1"", ""pct"": 9.48}]"
Morocco,Uruguay,Neutral,1.308,1.092,40.1,29.2,30.7,40.4,6.4,9.6,30.7,5.2,7.8,56.3,43.7,"[{""score"": ""1 - 1"", ""pct"": 12.740000000000002}, {""score"": ""1 - 0"", ""pct"": 12.16}, {""score"": ""0 - 0"", ""pct"": 10.61}]"
Morocco,Portugal,Neutral,1.181,1.26,33.4,28.3,38.3,33.7,5.9,7.9,37.9,6.0,8.5,47.6,52.4,"[{""score"": ""1 - 1"", ""pct"": 12.94}, {""score"": ""0 - 1"", ""pct"": 11.600000000000001}, {""score"": ""1 - 0"", ""pct"": 10.42}]"
Morocco,Algeria,Neutral,1.383,1.019,44.7,28.3,27.1,44.4,6.8,9.9,27.0,4.6,7.3,61.2,38.8,"[{""score"": ""1 - 1"", ""pct"": 12.389999999999999}, {""score"": ""1 - 0"", ""pct"": 12.139999999999999}, {""score"": ""0 - 0"", ""pct"": 10.6}]"
Morocco,Spain,Neutral,1.02,1.601,23.6,25.9,50.5,23.1,4.5,6.1,49.6,7.5,9.1,33.7,66.3,"[{""score"": ""1 - 1"", ""pct"": 11.74}, {""score"": ""0 - 1"", ""pct"": 11.64}, {""score"": ""1 - 2"", ""pct"": 9.58}]"
Morocco,Bosnia and Herzegovina,Neutral,2.374,0.637,76.8,16.0,7.3,76.5,6.3,6.6,7.5,1.5,1.6,89.3,10.7,"[{""score"": ""2 - 0"", ""pct"": 14.23}, {""score"": ""1 - 0"", ""pct"": 11.87}, {""score"": ""3 - 0"", ""pct"": 10.57}]"
Morocco,South Africa,Neutral,1.836,0.694,64.5,22.7,12.8,65.1,7.4,9.3,12.4,2.3,3.4,81.8,18.2,"[{""score"": ""1 - 0"", ""pct"": 14.510000000000002}, {""score"": ""2 - 0"", ""pct"": 13.54}, {""score"": ""1 - 1"", ""pct"": 10.190000000000001}]"
Morocco,DR Congo,Neutral,1.657,0.821,57.7,24.8,17.5,57.3,7.8,9.1,17.7,3.3,4.7,74.2,25.8,"[{""score"": ""1 - 0"", ""pct"": 14.24}, {""score"": ""2 - 0"", ""pct"": 11.15}, {""score"": ""1 - 1"", ""pct"": 10.84}]"
Morocco,Croatia,Neutral,1.362,1.086,43.5,28.4,28.1,42.6,6.8,8.9,28.9,5.1,7.7,58.3,41.7,"[{""score"": ""1 - 1"", ""pct"": 12.67}, {""score"": ""1 - 0"", ""pct"": 12.25}, {""score"": ""0 - 0"", ""pct"": 9.69}]"
Morocco,Norway,Neutral,1.457,1.119,44.9,27.2,27.9,45.4,7.0,8.5,28.1,4.7,6.4,60.9,39.1,"[{""score"": ""1 - 1"", ""pct"": 12.44}, {""score"": ""1 - 0"", ""pct"": 11.33}, {""score"": ""2 - 1"", ""pct"": 9.31}]"
Morocco,Turkey,Neutral,1.466,1.084,45.7,27.4,27.0,45.9,7.1,9.2,26.2,4.9,6.6,62.2,37.8,"[{""score"": ""1 - 1"", ""pct"": 12.35}, {""score"": ""1 - 0"", ""pct"": 11.78}, {""score"": ""2 - 1"", ""pct"": 9.27}]"
Morocco,Haiti,Neutral,1.76,0.79,60.1,23.9,16.0,61.2,7.6,8.8,15.2,3.0,4.2,77.6,22.4,"[{""score"": ""1 - 0"", ""pct"": 14.469999999999999}, {""score"": ""2 - 0"", ""pct"": 11.17}, {""score"": ""1 - 1"", ""pct"": 10.67}]"
Morocco,South Korea,Neutral,1.505,1.044,47.5,27.0,25.5,47.4,7.3,9.3,24.9,4.9,6.2,64.0,36.0,"[{""score"": ""1 - 1"", ""pct"": 12.34}, {""score"": ""1 - 0"", ""pct"": 11.97}, {""score"": ""2 - 1"", ""pct"": 9.59}]"
Morocco,Curaçao,Neutral,2.263,0.681,73.9,17.2,8.8,74.1,7.1,7.1,8.2,1.6,1.9,88.3,11.7,"[{""score"": ""2 - 0"", ""pct"": 13.74}, {""score"": ""1 - 0"", ""pct"": 12.629999999999999}, {""score"": ""3 - 0"", ""pct"": 9.51}]"
Morocco,Paraguay,Neutral,1.498,1.014,48.0,27.4,24.6,48.0,7.1,9.2,24.6,4.7,6.6,64.2,35.8,"[{""score"": ""1 - 1"", ""pct"": 12.690000000000001}, {""score"": ""1 - 0"", ""pct"": 12.19}, {""score"": ""2 - 1"", ""pct"": 9.22}]"
Morocco,Iran,Neutral,1.421,1.084,44.9,27.5,27.6,44.7,6.6,9.2,27.7,4.8,6.9,60.6,39.4,"[{""score"": ""1 - 1"", ""pct"": 12.58}, {""score"": ""1 - 0"", ""pct"": 11.84}, {""score"": ""0 - 0"", ""pct"": 9.229999999999999}]"
Haiti,Jordan,Neutral,1.192,1.44,30.3,27.1,42.5,30.9,5.2,6.9,41.9,6.8,8.3,43.0,57.0,"[{""score"": ""1 - 1"", ""pct"": 12.370000000000001}, {""score"": ""0 - 1"", ""pct"": 11.020000000000001}, {""score"": ""1 - 0"", ""pct"": 8.91}]"
Haiti,Australia,Neutral,0.955,1.591,21.2,26.1,52.6,21.7,3.9,5.1,52.8,7.4,9.2,30.6,69.4,"[{""score"": ""0 - 1"", ""pct"": 12.389999999999999}, {""score"": ""1 - 1"", ""pct"": 11.940000000000001}, {""score"": ""0 - 2"", ""pct"": 9.87}]"
Haiti,Germany,Neutral,0.946,1.779,18.4,24.4,57.2,19.1,3.5,4.8,56.9,7.0,8.7,27.4,72.6,"[{""score"": ""0 - 1"", ""pct"": 12.26}, {""score"": ""1 - 1"", ""pct"": 11.64}, {""score"": ""0 - 2"", ""pct"": 10.07}]"
Haiti,Canada,Neutral,0.953,1.558,22.1,26.1,51.8,21.6,4.2,5.4,52.0,7.3,9.5,31.2,68.8,"[{""score"": ""0 - 1"", ""pct"": 13.459999999999999}, {""score"": ""1 - 1"", ""pct"": 11.78}, {""score"": ""0 - 2"", ""pct"": 10.24}]"
Haiti,Czech Republic,Neutral,1.252,1.208,36.0,29.3,34.7,36.4,5.7,8.3,35.7,6.1,7.8,50.4,49.6,"[{""score"": ""1 - 1"", ""pct"": 13.239999999999998}, {""score"": ""1 - 0"", ""pct"": 10.8}, {""score"": ""0 - 1"", ""pct"": 10.14}]"
Haiti,Saudi Arabia,Neutral,1.319,1.083,41.0,28.0,31.0,40.5,6.6,9.5,30.3,5.3,7.7,56.6,43.4,"[{""score"": ""1 - 1"", ""pct"": 13.01}, {""score"": ""1 - 0"", ""pct"": 11.899999999999999}, {""score"": ""0 - 1"", ""pct"": 10.08}]"
Haiti,Mexico,Neutral,0.861,1.648,18.5,25.6,55.9,18.3,3.8,4.9,55.5,7.7,9.9,27.0,73.0,"[{""score"": ""0 - 1"", ""pct"": 14.05}, {""score"": ""1 - 1"", ""pct"": 11.44}, {""score"": ""0 - 2"", ""pct"": 11.07}]"
Haiti,Argentina,Neutral,0.691,1.966,11.4,21.2,67.5,11.3,2.0,3.2,67.8,7.2,8.6,16.5,83.5,"[{""score"": ""0 - 1"", ""pct"": 14.16}, {""score"": ""0 - 2"", ""pct"": 13.41}, {""score"": ""1 - 2"", ""pct"": 9.54}]"
Haiti,New Zealand,Neutral,1.313,1.152,39.6,28.4,32.0,39.9,6.2,8.8,32.3,5.2,7.6,54.9,45.1,"[{""score"": ""1 - 1"", ""pct"": 13.01}, {""score"": ""1 - 0"", ""pct"": 10.89}, {""score"": ""0 - 1"", ""pct"": 9.71}]"
Haiti,Senegal,Neutral,1.018,1.641,21.8,26.5,51.7,22.3,4.6,5.8,51.2,7.2,8.8,32.8,67.2,"[{""score"": ""1 - 1"", ""pct"": 12.049999999999999}, {""score"": ""0 - 1"", ""pct"": 11.07}, {""score"": ""1 - 2"", ""pct"": 9.629999999999999}]"
Haiti,Sweden,Neutral,1.379,1.16,41.1,28.7,30.2,41.6,6.5,8.5,31.1,5.3,7.0,56.7,43.3,"[{""score"": ""1 - 1"", ""pct"": 13.19}, {""score"": ""1 - 0"", ""pct"": 10.870000000000001}, {""score"": ""0 - 0"", ""pct"": 9.07}]"
Haiti,Netherlands,Neutral,0.905,1.721,19.1,24.4,56.5,18.6,3.7,4.5,56.2,7.8,9.2,26.8,73.2,"[{""score"": ""0 - 1"", ""pct"": 12.520000000000001}, {""score"": ""1 - 1"", ""pct"": 11.110000000000001}, {""score"": ""0 - 2"", ""pct"": 10.25}]"
Haiti,Tunisia,Neutral,1.155,1.181,34.7,29.2,36.1,35.0,6.2,8.8,35.7,5.9,8.4,49.9,50.1,"[{""score"": ""1 - 1"", ""pct"": 12.97}, {""score"": ""0 - 1"", ""pct"": 11.97}, {""score"": ""1 - 0"", ""pct"": 11.03}]"
Haiti,Scotland,Neutral,1.104,1.419,28.1,28.1,43.8,28.8,5.2,6.6,43.6,7.1,8.8,40.5,59.5,"[{""score"": ""1 - 1"", ""pct"": 12.61}, {""score"": ""0 - 1"", ""pct"": 11.85}, {""score"": ""1 - 0"", ""pct"": 9.07}]"
Haiti,Colombia,Neutral,0.8,1.784,15.3,23.7,61.0,15.5,2.9,4.2,60.5,7.3,9.5,22.7,77.3,"[{""score"": ""0 - 1"", ""pct"": 14.17}, {""score"": ""0 - 2"", ""pct"": 11.459999999999999}, {""score"": ""1 - 1"", ""pct"": 10.32}]"
Haiti,Japan,Neutral,0.785,1.727,15.0,25.0,60.0,16.0,2.9,4.3,60.0,7.2,9.5,23.3,76.7,"[{""score"": ""0 - 1"", ""pct"": 14.06}, {""score"": ""0 - 2"", ""pct"": 11.53}, {""score"": ""1 - 1"", ""pct"": 11.110000000000001}]"
Haiti,France,Neutral,0.804,1.835,15.0,22.7,62.3,14.8,3.0,3.8,62.4,7.0,8.9,21.7,78.3,"[{""score"": ""0 - 1"", ""pct"": 13.62}, {""score"": ""0 - 2"", ""pct"": 12.58}, {""score"": ""1 - 1"", ""pct"": 10.01}]"
Haiti,Uzbekistan,Neutral,1.017,1.419,26.2,28.2,45.7,26.5,4.7,5.9,46.0,7.3,9.5,37.1,62.9,"[{""score"": ""1 - 1"", ""pct"": 12.5}, {""score"": ""0 - 1"", ""pct"": 12.23}, {""score"": ""0 - 0"", ""pct"": 9.629999999999999}]"
Haiti,Ecuador,Neutral,0.794,1.641,16.6,25.5,57.9,16.6,3.3,4.8,57.5,7.4,10.4,24.7,75.3,"[{""score"": ""0 - 1"", ""pct"": 14.540000000000001}, {""score"": ""0 - 2"", ""pct"": 11.49}, {""score"": ""1 - 1"", ""pct"": 11.25}]"
Haiti,Qatar,Neutral,1.725,0.896,57.2,24.8,18.0,56.4,7.8,9.1,18.4,3.4,4.9,73.4,26.6,"[{""score"": ""1 - 0"", ""pct"": 12.86}, {""score"": ""1 - 1"", ""pct"": 11.360000000000001}, {""score"": ""2 - 0"", ""pct"": 10.48}]"
Haiti,Ivory Coast,Neutral,1.032,1.409,26.6,27.7,45.7,26.4,4.6,7.2,45.4,6.9,9.6,38.2,61.8,"[{""score"": ""0 - 1"", ""pct"": 12.73}, {""score"": ""1 - 1"", ""pct"": 12.620000000000001}, {""score"": ""0 - 0"", ""pct"": 9.520000000000001}]"
Haiti,England,Neutral,0.749,1.768,15.1,23.8,61.1,14.7,2.6,3.8,62.4,7.7,8.8,21.1,78.9,"[{""score"": ""0 - 1"", ""pct"": 14.430000000000001}, {""score"": ""0 - 2"", ""pct"": 12.26}, {""score"": ""1 - 1"", ""pct"": 11.03}]"
Haiti,Cape Verde,Neutral,1.443,0.99,47.5,28.4,24.1,46.8,7.5,9.7,24.7,4.6,6.7,64.0,36.0,"[{""score"": ""1 - 1"", ""pct"": 13.03}, {""score"": ""1 - 0"", ""pct"": 12.7}, {""score"": ""0 - 0"", ""pct"": 9.53}]"
Haiti,Panama,Neutral,1.101,1.511,26.3,27.1,46.6,26.2,5.1,6.3,46.3,7.1,9.0,37.7,62.3,"[{""score"": ""1 - 1"", ""pct"": 12.06}, {""score"": ""0 - 1"", ""pct"": 11.58}, {""score"": ""1 - 2"", ""pct"": 8.92}]"
Haiti,Austria,Neutral,0.994,1.456,25.0,27.9,47.1,25.6,4.5,5.8,47.1,7.2,9.8,35.9,64.1,"[{""score"": ""0 - 1"", ""pct"": 12.97}, {""score"": ""1 - 1"", ""pct"": 12.08}, {""score"": ""0 - 0"", ""pct"": 9.62}]"
Haiti,Belgium,Neutral,1.004,1.639,22.8,24.7,52.5,22.4,4.1,5.6,52.2,7.4,8.2,32.1,67.9,"[{""score"": ""0 - 1"", ""pct"": 12.520000000000001}, {""score"": ""1 - 1"", ""pct"": 11.07}, {""score"": ""1 - 2"", ""pct"": 9.53}]"
Haiti,Egypt,Neutral,1.026,1.225,29.9,30.0,40.1,29.4,5.2,8.3,40.5,6.5,10.0,43.0,57.0,"[{""score"": ""1 - 1"", ""pct"": 12.790000000000001}, {""score"": ""0 - 1"", ""pct"": 12.58}, {""score"": ""0 - 0"", ""pct"": 11.73}]"
Haiti,Iraq,Neutral,1.132,1.138,36.0,30.1,33.9,34.7,5.9,8.8,35.5,5.9,9.1,49.5,50.5,"[{""score"": ""1 - 1"", ""pct"": 13.22}, {""score"": ""1 - 0"", ""pct"": 12.27}, {""score"": ""0 - 0"", ""pct"": 11.48}]"
Haiti,Switzerland,Neutral,1.018,1.623,22.4,25.6,51.9,22.2,4.3,5.6,51.4,7.6,9.0,32.0,68.0,"[{""score"": ""0 - 1"", ""pct"": 12.44}, {""score"": ""1 - 1"", ""pct"": 11.19}, {""score"": ""1 - 2"", ""pct"": 9.48}]"
Haiti,Brazil,Neutral,0.818,1.867,15.2,23.1,61.7,15.2,3.2,3.5,62.2,7.2,8.6,21.9,78.0,"[{""score"": ""0 - 1"", ""pct"": 13.450000000000001}, {""score"": ""0 - 2"", ""pct"": 11.49}, {""score"": ""1 - 1"", ""pct"": 10.33}]"
Haiti,United States,Neutral,1.078,1.448,26.3,28.1,45.6,27.3,4.9,6.8,45.0,7.0,9.1,38.9,61.1,"[{""score"": ""1 - 1"", ""pct"": 12.72}, {""score"": ""0 - 1"", ""pct"": 11.62}, {""score"": ""1 - 2"", ""pct"": 9.33}]"
Haiti,Ghana,Neutral,1.468,0.925,49.4,27.7,22.9,49.3,7.0,10.3,22.6,4.5,6.3,66.5,33.5,"[{""score"": ""1 - 0"", ""pct"": 13.96}, {""score"": ""1 - 1"", ""pct"": 12.58}, {""score"": ""0 - 0"", ""pct"": 10.07}]"
Haiti,Uruguay,Neutral,0.931,1.627,20.3,26.4,53.3,20.8,3.7,5.4,53.4,7.2,9.5,29.9,70.2,"[{""score"": ""0 - 1"", ""pct"": 12.65}, {""score"": ""1 - 1"", ""pct"": 11.64}, {""score"": ""0 - 2"", ""pct"": 10.31}]"
Haiti,Portugal,Neutral,0.812,1.751,15.8,23.1,61.1,15.3,2.9,4.4,60.6,7.7,9.1,22.6,77.5,"[{""score"": ""0 - 1"", ""pct"": 14.39}, {""score"": ""0 - 2"", ""pct"": 11.97}, {""score"": ""1 - 1"", ""pct"": 10.38}]"
Haiti,Algeria,Neutral,0.953,1.626,22.0,25.6,52.4,21.3,4.1,5.0,53.2,7.4,9.0,30.4,69.6,"[{""score"": ""0 - 1"", ""pct"": 12.540000000000001}, {""score"": ""1 - 1"", ""pct"": 11.62}, {""score"": ""1 - 2"", ""pct"": 9.62}]"
Haiti,Spain,Neutral,0.722,1.985,11.5,21.5,67.0,12.1,2.5,2.8,66.8,7.3,8.6,17.3,82.7,"[{""score"": ""0 - 1"", ""pct"": 14.000000000000002}, {""score"": ""0 - 2"", ""pct"": 12.7}, {""score"": ""1 - 1"", ""pct"": 9.58}]"
Haiti,Bosnia and Herzegovina,Neutral,1.611,0.938,52.5,26.9,20.6,53.9,7.0,9.7,20.3,3.9,5.3,70.6,29.4,"[{""score"": ""1 - 0"", ""pct"": 12.94}, {""score"": ""1 - 1"", ""pct"": 12.13}, {""score"": ""2 - 0"", ""pct"": 9.54}]"
Haiti,South Africa,Neutral,1.412,1.006,46.4,27.6,26.0,46.7,6.7,9.5,25.6,4.8,6.7,62.9,37.1,"[{""score"": ""1 - 0"", ""pct"": 12.920000000000002}, {""score"": ""1 - 1"", ""pct"": 12.629999999999999}, {""score"": ""0 - 0"", ""pct"": 9.520000000000001}]"
Haiti,DR Congo,Neutral,1.066,1.129,33.7,30.0,36.2,33.5,6.2,8.7,35.8,6.3,9.5,48.4,51.6,"[{""score"": ""1 - 1"", ""pct"": 13.22}, {""score"": ""1 - 0"", ""pct"": 12.21}, {""score"": ""0 - 1"", ""pct"": 11.99}]"
Haiti,Croatia,Neutral,0.982,1.612,21.7,26.0,52.3,21.9,4.4,5.8,52.1,6.9,8.9,32.0,68.0,"[{""score"": ""0 - 1"", ""pct"": 12.540000000000001}, {""score"": ""1 - 1"", ""pct"": 11.81}, {""score"": ""1 - 2"", ""pct"": 9.74}]"
Haiti,Norway,Neutral,0.972,1.633,21.3,26.1,52.6,21.1,4.1,5.5,52.5,7.5,9.2,30.7,69.3,"[{""score"": ""0 - 1"", ""pct"": 12.379999999999999}, {""score"": ""1 - 1"", ""pct"": 11.459999999999999}, {""score"": ""1 - 2"", ""pct"": 9.969999999999999}]"
Haiti,Turkey,Neutral,0.987,1.644,21.7,25.9,52.4,22.3,4.0,5.6,52.3,7.1,8.7,31.9,68.1,"[{""score"": ""0 - 1"", ""pct"": 12.3}, {""score"": ""1 - 1"", ""pct"": 12.02}, {""score"": ""0 - 2"", ""pct"": 9.629999999999999}]"
Haiti,Morocco,Neutral,0.79,1.76,16.1,23.8,60.1,15.0,3.2,4.2,60.9,7.4,9.2,22.4,77.5,"[{""score"": ""0 - 1"", ""pct"": 14.23}, {""score"": ""0 - 2"", ""pct"": 11.48}, {""score"": ""1 - 1"", ""pct"": 10.979999999999999}]"
Haiti,South Korea,Neutral,1.038,1.623,23.4,25.4,51.1,22.9,4.3,5.7,50.6,7.5,9.0,32.9,67.1,"[{""score"": ""0 - 1"", ""pct"": 12.23}, {""score"": ""1 - 1"", ""pct"": 11.62}, {""score"": ""1 - 2"", ""pct"": 9.629999999999999}]"
Haiti,Curaçao,Neutral,1.587,0.964,51.8,26.1,22.0,51.5,7.0,9.3,22.7,4.1,5.3,67.8,32.2,"[{""score"": ""1 - 0"", ""pct"": 13.020000000000001}, {""score"": ""1 - 1"", ""pct"": 11.86}, {""score"": ""2 - 0"", ""pct"": 9.47}]"
Haiti,Paraguay,Neutral,1.034,1.56,24.6,25.9,49.4,24.0,4.2,6.0,49.6,7.3,8.9,34.3,65.7,"[{""score"": ""0 - 1"", ""pct"": 11.89}, {""score"": ""1 - 1"", ""pct"": 11.17}, {""score"": ""1 - 2"", ""pct"": 9.610000000000001}]"
Haiti,Iran,Neutral,0.994,1.649,21.3,26.5,52.2,21.1,4.0,5.2,53.8,7.1,8.8,30.3,69.7,"[{""score"": ""0 - 1"", ""pct"": 12.04}, {""score"": ""1 - 1"", ""pct"": 11.92}, {""score"": ""1 - 2"", ""pct"": 9.55}]"
South Korea,Jordan,Neutral,1.583,1.089,48.7,26.4,25.0,48.2,7.4,8.7,25.2,4.5,5.9,64.3,35.7,"[{""score"": ""1 - 1"", ""pct"": 12.16}, {""score"": ""1 - 0"", ""pct"": 10.97}, {""score"": ""2 - 1"", ""pct"": 9.76}]"
South Korea,Australia,Neutral,1.192,1.312,33.6,28.0,38.5,33.3,5.8,7.7,38.3,6.3,8.7,46.8,53.2,"[{""score"": ""1 - 1"", ""pct"": 12.520000000000001}, {""score"": ""0 - 1"", ""pct"": 10.38}, {""score"": ""1 - 0"", ""pct"": 9.879999999999999}]"
South Korea,Germany,Neutral,1.142,1.369,30.8,28.1,41.1,29.5,5.3,7.4,42.1,7.0,8.7,42.2,57.8,"[{""score"": ""1 - 1"", ""pct"": 12.509999999999998}, {""score"": ""0 - 1"", ""pct"": 11.64}, {""score"": ""1 - 0"", ""pct"": 9.39}]"
South Korea,Canada,Neutral,1.204,1.191,35.9,29.4,34.7,35.7,6.2,8.4,34.9,6.0,8.8,50.3,49.7,"[{""score"": ""1 - 1"", ""pct"": 13.120000000000001}, {""score"": ""1 - 0"", ""pct"": 11.58}, {""score"": ""0 - 1"", ""pct"": 10.39}]"
South Korea,Czech Republic,Neutral,1.683,1.049,52.5,24.6,22.9,52.1,8.0,8.2,22.1,4.1,5.4,68.4,31.6,"[{""score"": ""1 - 0"", ""pct"": 11.540000000000001}, {""score"": ""1 - 1"", ""pct"": 11.19}, {""score"": ""2 - 1"", ""pct"": 9.77}]"
South Korea,Saudi Arabia,Neutral,1.688,0.943,54.5,25.2,20.3,54.6,7.5,9.0,19.5,4.1,5.3,71.2,28.8,"[{""score"": ""1 - 0"", ""pct"": 12.49}, {""score"": ""1 - 1"", ""pct"": 11.73}, {""score"": ""2 - 0"", ""pct"": 9.629999999999999}]"
South Korea,Mexico,Neutral,1.066,1.412,26.9,28.8,44.3,27.2,5.1,6.5,45.4,6.7,9.1,38.8,61.2,"[{""score"": ""1 - 1"", ""pct"": 12.989999999999998}, {""score"": ""0 - 1"", ""pct"": 11.85}, {""score"": ""0 - 0"", ""pct"": 9.5}]"
South Korea,Argentina,Neutral,0.806,1.763,16.1,24.1,59.8,15.9,3.1,4.0,60.0,7.9,9.0,23.1,76.9,"[{""score"": ""0 - 1"", ""pct"": 13.79}, {""score"": ""0 - 2"", ""pct"": 11.700000000000001}, {""score"": ""1 - 1"", ""pct"": 10.77}]"
South Korea,New Zealand,Neutral,1.736,1.03,54.4,24.7,20.9,53.5,7.6,8.2,21.1,4.6,5.0,69.3,30.7,"[{""score"": ""1 - 1"", ""pct"": 11.37}, {""score"": ""1 - 0"", ""pct"": 11.33}, {""score"": ""2 - 1"", ""pct"": 10.38}]"
South Korea,Senegal,Neutral,1.247,1.293,35.4,27.1,37.4,34.6,5.9,7.9,37.6,5.7,8.2,48.4,51.6,"[{""score"": ""1 - 1"", ""pct"": 12.540000000000001}, {""score"": ""0 - 1"", ""pct"": 10.37}, {""score"": ""1 - 0"", ""pct"": 9.53}]"
South Korea,Sweden,Neutral,1.787,1.017,55.7,23.4,20.9,55.2,7.4,8.1,20.8,3.9,4.5,70.8,29.2,"[{""score"": ""1 - 0"", ""pct"": 10.94}, {""score"": ""1 - 1"", ""pct"": 10.639999999999999}, {""score"": ""2 - 0"", ""pct"": 9.84}]"
South Korea,Netherlands,Neutral,1.115,1.355,29.7,28.7,41.6,29.9,5.5,7.1,41.9,7.0,8.6,42.5,57.5,"[{""score"": ""1 - 1"", ""pct"": 12.78}, {""score"": ""0 - 1"", ""pct"": 12.01}, {""score"": ""0 - 0"", ""pct"": 9.67}]"
South Korea,Tunisia,Neutral,1.577,1.015,50.1,26.7,23.2,49.9,7.6,8.8,23.1,4.8,5.8,66.3,33.7,"[{""score"": ""1 - 0"", ""pct"": 12.45}, {""score"": ""1 - 1"", ""pct"": 11.700000000000001}, {""score"": ""2 - 1"", ""pct"": 9.370000000000001}]"
South Korea,Scotland,Neutral,1.526,1.068,48.2,27.0,24.8,47.2,7.4,8.8,26.2,4.5,5.9,63.4,36.6,"[{""score"": ""1 - 1"", ""pct"": 12.3}, {""score"": ""1 - 0"", ""pct"": 12.23}, {""score"": ""2 - 1"", ""pct"": 9.25}]"
South Korea,Colombia,Neutral,1.097,1.591,25.6,25.2,49.2,25.2,4.1,5.9,49.0,6.8,8.9,35.3,64.7,"[{""score"": ""1 - 1"", ""pct"": 11.559999999999999}, {""score"": ""0 - 1"", ""pct"": 10.879999999999999}, {""score"": ""1 - 2"", ""pct"": 9.6}]"
South Korea,Japan,Neutral,1.025,1.507,24.6,27.5,47.9,25.6,4.5,6.3,47.0,7.1,9.5,36.4,63.6,"[{""score"": ""1 - 1"", ""pct"": 12.43}, {""score"": ""0 - 1"", ""pct"": 11.77}, {""score"": ""1 - 2"", ""pct"": 9.4}]"
South Korea,France,Neutral,1.103,1.667,24.1,25.3,50.7,24.8,4.7,5.6,49.7,7.0,8.2,35.1,64.9,"[{""score"": ""1 - 1"", ""pct"": 11.29}, {""score"": ""0 - 1"", ""pct"": 10.38}, {""score"": ""1 - 2"", ""pct"": 9.69}]"
South Korea,Uzbekistan,Neutral,1.298,1.142,40.3,28.0,31.6,40.6,6.5,8.4,31.0,5.4,8.1,55.5,44.5,"[{""score"": ""1 - 1"", ""pct"": 12.6}, {""score"": ""1 - 0"", ""pct"": 11.82}, {""score"": ""0 - 1"", ""pct"": 10.24}]"
South Korea,Ecuador,Neutral,1.059,1.456,26.5,27.8,45.8,26.2,5.2,7.0,45.9,7.0,8.6,38.5,61.5,"[{""score"": ""1 - 1"", ""pct"": 12.75}, {""score"": ""0 - 1"", ""pct"": 12.08}, {""score"": ""1 - 2"", ""pct"": 8.93}]"
South Korea,Qatar,Neutral,2.054,0.693,69.4,20.1,10.5,70.6,6.8,8.1,9.9,2.1,2.5,85.5,14.5,"[{""score"": ""1 - 0"", ""pct"": 13.600000000000001}, {""score"": ""2 - 0"", ""pct"": 13.04}, {""score"": ""2 - 1"", ""pct"": 10.459999999999999}]"
South Korea,Ivory Coast,Neutral,1.438,1.06,44.8,27.6,27.6,45.5,6.7,9.0,27.0,4.9,7.0,61.2,38.8,"[{""score"": ""1 - 1"", ""pct"": 12.43}, {""score"": ""1 - 0"", ""pct"": 11.93}, {""score"": ""0 - 1"", ""pct"": 9.26}]"
South Korea,England,Neutral,0.999,1.619,22.0,26.9,51.1,22.8,4.3,6.2,50.1,7.5,9.0,33.4,66.6,"[{""score"": ""1 - 1"", ""pct"": 12.22}, {""score"": ""0 - 1"", ""pct"": 11.700000000000001}, {""score"": ""1 - 2"", ""pct"": 9.44}]"
South Korea,Cape Verde,Neutral,1.801,0.832,60.8,23.4,15.9,60.8,7.6,9.1,15.6,3.1,4.0,77.4,22.6,"[{""score"": ""1 - 0"", ""pct"": 13.38}, {""score"": ""2 - 0"", ""pct"": 11.58}, {""score"": ""1 - 1"", ""pct"": 10.63}]"
South Korea,Panama,Neutral,1.41,1.207,42.0,27.3,30.7,41.8,6.7,8.2,31.0,5.3,7.0,56.6,43.4,"[{""score"": ""1 - 1"", ""pct"": 12.65}, {""score"": ""1 - 0"", ""pct"": 10.76}, {""score"": ""0 - 1"", ""pct"": 8.6}]"
South Korea,Austria,Neutral,1.396,1.104,43.6,28.0,28.4,42.4,7.1,8.9,29.1,5.5,7.0,58.4,41.6,"[{""score"": ""1 - 1"", ""pct"": 12.93}, {""score"": ""1 - 0"", ""pct"": 11.129999999999999}, {""score"": ""0 - 0"", ""pct"": 8.959999999999999}]"
South Korea,Belgium,Neutral,1.211,1.309,33.9,28.7,37.5,32.8,5.9,8.0,38.9,5.9,8.6,46.6,53.4,"[{""score"": ""1 - 1"", ""pct"": 13.309999999999999}, {""score"": ""0 - 1"", ""pct"": 10.58}, {""score"": ""1 - 0"", ""pct"": 9.43}]"
South Korea,Egypt,Neutral,1.399,1.015,44.6,28.3,27.1,44.1,7.2,9.2,27.5,5.1,6.9,60.6,39.4,"[{""score"": ""1 - 1"", ""pct"": 12.5}, {""score"": ""1 - 0"", ""pct"": 12.049999999999999}, {""score"": ""0 - 0"", ""pct"": 10.02}]"
South Korea,Iraq,Neutral,1.532,0.986,50.0,25.8,24.2,49.8,7.3,9.0,23.4,4.4,6.2,66.0,34.0,"[{""score"": ""1 - 0"", ""pct"": 13.08}, {""score"": ""1 - 1"", ""pct"": 11.459999999999999}, {""score"": ""2 - 0"", ""pct"": 9.6}]"
South Korea,Switzerland,Neutral,1.278,1.296,35.4,27.4,37.2,35.4,5.8,8.2,36.5,6.0,8.0,49.5,50.5,"[{""score"": ""1 - 1"", ""pct"": 11.959999999999999}, {""score"": ""0 - 1"", ""pct"": 10.09}, {""score"": ""1 - 0"", ""pct"": 9.66}]"
South Korea,Brazil,Neutral,1.102,1.649,24.0,25.5,50.5,24.8,4.7,5.6,49.8,7.0,8.2,35.1,64.9,"[{""score"": ""0 - 1"", ""pct"": 11.129999999999999}, {""score"": ""1 - 1"", ""pct"": 11.12}, {""score"": ""1 - 2"", ""pct"": 9.62}]"
South Korea,United States,Neutral,1.537,1.113,47.4,25.7,26.9,46.8,7.3,8.7,26.6,4.7,6.0,62.8,37.2,"[{""score"": ""1 - 1"", ""pct"": 11.97}, {""score"": ""1 - 0"", ""pct"": 10.95}, {""score"": ""2 - 1"", ""pct"": 9.74}]"
South Korea,Ghana,Neutral,1.819,0.742,63.0,23.0,14.0,64.0,7.5,8.7,13.5,2.7,3.5,80.3,19.8,"[{""score"": ""1 - 0"", ""pct"": 14.530000000000001}, {""score"": ""2 - 0"", ""pct"": 13.420000000000002}, {""score"": ""1 - 1"", ""pct"": 10.14}]"
South Korea,Uruguay,Neutral,1.146,1.298,32.6,27.8,39.6,32.6,5.7,8.2,38.7,6.1,8.7,46.5,53.5,"[{""score"": ""1 - 1"", ""pct"": 12.43}, {""score"": ""0 - 1"", ""pct"": 11.55}, {""score"": ""1 - 0"", ""pct"": 10.07}]"
South Korea,Portugal,Neutral,1.098,1.536,26.6,26.4,47.1,25.9,4.7,6.5,47.3,7.0,8.7,37.1,62.9,"[{""score"": ""1 - 1"", ""pct"": 12.18}, {""score"": ""0 - 1"", ""pct"": 11.03}, {""score"": ""1 - 2"", ""pct"": 8.95}]"
South Korea,Algeria,Neutral,1.199,1.224,34.7,29.1,36.2,34.1,5.7,8.1,37.4,6.5,8.2,47.9,52.1,"[{""score"": ""1 - 1"", ""pct"": 13.23}, {""score"": ""0 - 1"", ""pct"": 11.04}, {""score"": ""1 - 0"", ""pct"": 10.92}]"
South Korea,Spain,Neutral,0.846,1.774,16.5,23.7,59.8,16.7,3.2,4.1,59.0,7.9,9.1,24.0,76.0,"[{""score"": ""0 - 1"", ""pct"": 13.26}, {""score"": ""0 - 2"", ""pct"": 11.18}, {""score"": ""1 - 1"", ""pct"": 10.66}]"
South Korea,Bosnia and Herzegovina,Neutral,1.936,0.731,66.1,21.8,12.2,66.5,7.2,8.5,12.2,2.4,3.1,82.3,17.7,"[{""score"": ""1 - 0"", ""pct"": 13.5}, {""score"": ""2 - 0"", ""pct"": 12.989999999999998}, {""score"": ""1 - 1"", ""pct"": 9.26}]"
South Korea,South Africa,Neutral,1.742,0.878,58.2,24.3,17.6,57.9,7.7,9.4,16.9,3.5,4.6,75.0,25.0,"[{""score"": ""1 - 0"", ""pct"": 13.05}, {""score"": ""1 - 1"", ""pct"": 11.16}, {""score"": ""2 - 0"", ""pct"": 10.7}]"
South Korea,DR Congo,Neutral,1.463,0.965,48.3,28.3,23.4,47.5,7.4,9.7,24.1,4.7,6.5,64.6,35.4,"[{""score"": ""1 - 0"", ""pct"": 12.85}, {""score"": ""1 - 1"", ""pct"": 12.36}, {""score"": ""0 - 0"", ""pct"": 10.34}]"
South Korea,Croatia,Neutral,1.23,1.331,33.8,28.5,37.7,33.5,5.6,7.7,38.2,6.8,8.2,46.7,53.3,"[{""score"": ""1 - 1"", ""pct"": 12.98}, {""score"": ""0 - 1"", ""pct"": 10.03}, {""score"": ""1 - 0"", ""pct"": 9.44}]"
South Korea,Norway,Neutral,1.208,1.321,33.4,28.2,38.3,33.0,5.4,7.7,38.6,6.6,8.6,46.1,53.9,"[{""score"": ""1 - 1"", ""pct"": 12.870000000000001}, {""score"": ""0 - 1"", ""pct"": 10.59}, {""score"": ""1 - 0"", ""pct"": 9.370000000000001}]"
South Korea,Turkey,Neutral,1.2,1.295,33.2,28.3,38.6,34.1,5.7,7.6,38.2,6.0,8.4,47.3,52.7,"[{""score"": ""1 - 1"", ""pct"": 12.989999999999998}, {""score"": ""0 - 1"", ""pct"": 11.110000000000001}, {""score"": ""1 - 0"", ""pct"": 9.25}]"
South Korea,Morocco,Neutral,1.044,1.505,25.6,26.6,47.9,25.0,4.9,5.8,48.1,7.0,9.2,35.7,64.3,"[{""score"": ""0 - 1"", ""pct"": 12.2}, {""score"": ""1 - 1"", ""pct"": 12.15}, {""score"": ""1 - 2"", ""pct"": 9.15}]"
South Korea,Haiti,Neutral,1.623,1.038,50.9,25.9,23.1,50.6,7.6,8.8,23.4,4.0,5.5,67.1,32.9,"[{""score"": ""1 - 1"", ""pct"": 12.04}, {""score"": ""1 - 0"", ""pct"": 11.26}, {""score"": ""2 - 1"", ""pct"": 10.22}]"
South Korea,Curaçao,Neutral,1.944,0.757,65.3,21.8,12.8,65.9,7.3,8.3,12.7,2.4,3.4,81.5,18.5,"[{""score"": ""1 - 0"", ""pct"": 13.700000000000001}, {""score"": ""2 - 0"", ""pct"": 12.36}, {""score"": ""1 - 1"", ""pct"": 9.73}]"
South Korea,Paraguay,Neutral,1.273,1.264,36.3,28.1,35.6,35.6,5.9,7.9,36.0,6.1,8.5,49.4,50.6,"[{""score"": ""1 - 1"", ""pct"": 12.740000000000002}, {""score"": ""0 - 1"", ""pct"": 9.77}, {""score"": ""1 - 0"", ""pct"": 9.6}]"
South Korea,Iran,Neutral,1.213,1.31,34.2,27.8,38.0,33.9,5.8,7.9,38.4,6.0,8.0,47.6,52.4,"[{""score"": ""1 - 1"", ""pct"": 12.72}, {""score"": ""0 - 1"", ""pct"": 10.54}, {""score"": ""1 - 0"", ""pct"": 9.959999999999999}]"
Curaçao,Jordan,Neutral,1.208,1.754,24.9,25.2,50.0,25.6,4.7,4.6,50.3,7.1,7.7,34.9,65.1,"[{""score"": ""1 - 1"", ""pct"": 10.82}, {""score"": ""1 - 2"", ""pct"": 9.76}, {""score"": ""0 - 1"", ""pct"": 9.19}]"
Curaçao,Australia,Neutral,0.741,1.945,12.9,20.7,66.4,11.9,2.4,3.3,66.1,7.3,9.0,17.6,82.4,"[{""score"": ""0 - 1"", ""pct"": 14.05}, {""score"": ""0 - 2"", ""pct"": 12.68}, {""score"": ""1 - 2"", ""pct"": 10.23}]"
Curaçao,Germany,Neutral,0.74,2.101,11.4,19.2,69.4,10.7,2.2,2.5,69.6,7.0,7.9,15.4,84.6,"[{""score"": ""0 - 1"", ""pct"": 12.790000000000001}, {""score"": ""0 - 2"", ""pct"": 12.13}, {""score"": ""1 - 2"", ""pct"": 9.700000000000001}]"
Curaçao,Canada,Neutral,0.743,1.877,13.1,22.4,64.4,13.2,2.7,3.6,64.8,7.6,8.2,19.4,80.6,"[{""score"": ""0 - 1"", ""pct"": 14.35}, {""score"": ""0 - 2"", ""pct"": 12.72}, {""score"": ""1 - 1"", ""pct"": 10.24}]"
Curaçao,Czech Republic,Neutral,1.055,1.585,24.2,27.1,48.7,24.0,4.3,5.9,49.7,7.1,9.0,34.1,65.9,"[{""score"": ""1 - 1"", ""pct"": 12.41}, {""score"": ""0 - 1"", ""pct"": 11.0}, {""score"": ""1 - 2"", ""pct"": 9.22}]"
Curaçao,Saudi Arabia,Neutral,1.055,1.497,26.3,27.3,46.4,25.7,4.5,6.3,47.7,6.9,8.9,36.6,63.4,"[{""score"": ""0 - 1"", ""pct"": 12.120000000000001}, {""score"": ""1 - 1"", ""pct"": 12.04}, {""score"": ""1 - 2"", ""pct"": 9.049999999999999}]"
Curaçao,Mexico,Neutral,0.707,1.961,12.0,21.4,66.6,11.1,2.1,3.2,67.5,6.9,9.2,16.4,83.6,"[{""score"": ""0 - 1"", ""pct"": 13.900000000000002}, {""score"": ""0 - 2"", ""pct"": 12.73}, {""score"": ""1 - 1"", ""pct"": 10.02}]"
Curaçao,Argentina,Neutral,0.543,2.64,4.8,12.9,82.3,4.6,0.9,1.1,82.4,5.9,5.1,6.6,93.4,"[{""score"": ""0 - 2"", ""pct"": 14.280000000000001}, {""score"": ""0 - 3"", ""pct"": 12.690000000000001}, {""score"": ""0 - 1"", ""pct"": 11.67}]"
Curaçao,New Zealand,Neutral,1.071,1.566,25.0,25.9,49.1,25.3,4.9,5.8,48.2,7.2,8.6,36.0,64.0,"[{""score"": ""1 - 1"", ""pct"": 11.73}, {""score"": ""0 - 1"", ""pct"": 11.52}, {""score"": ""1 - 2"", ""pct"": 9.87}]"
Curaçao,Senegal,Neutral,0.746,1.951,12.6,21.1,66.3,12.7,2.4,3.2,65.9,7.7,8.1,18.3,81.7,"[{""score"": ""0 - 1"", ""pct"": 13.68}, {""score"": ""0 - 2"", ""pct"": 12.31}, {""score"": ""1 - 2"", ""pct"": 9.76}]"
Curaçao,Sweden,Neutral,1.086,1.577,25.4,26.1,48.5,25.3,4.2,6.0,49.6,6.9,8.0,35.5,64.5,"[{""score"": ""1 - 1"", ""pct"": 12.31}, {""score"": ""0 - 1"", ""pct"": 11.59}, {""score"": ""1 - 2"", ""pct"": 9.42}]"
Curaçao,Netherlands,Neutral,0.737,2.003,12.3,20.6,67.0,11.9,2.1,3.1,67.1,7.5,8.2,17.1,82.8,"[{""score"": ""0 - 1"", ""pct"": 13.52}, {""score"": ""0 - 2"", ""pct"": 12.389999999999999}, {""score"": ""1 - 1"", ""pct"": 9.51}]"
Curaçao,Tunisia,Neutral,0.972,1.573,22.0,26.8,51.2,22.2,4.1,5.7,51.4,7.2,9.4,32.0,68.0,"[{""score"": ""0 - 1"", ""pct"": 13.100000000000001}, {""score"": ""1 - 1"", ""pct"": 12.740000000000002}, {""score"": ""1 - 2"", ""pct"": 9.29}]"
Curaçao,Scotland,Neutral,1.008,1.739,20.3,24.7,55.0,20.9,3.8,4.7,55.1,7.1,8.3,29.4,70.6,"[{""score"": ""0 - 1"", ""pct"": 11.75}, {""score"": ""1 - 1"", ""pct"": 11.08}, {""score"": ""1 - 2"", ""pct"": 9.91}]"
Curaçao,Colombia,Neutral,0.691,2.309,8.3,17.5,74.2,8.5,1.5,2.0,74.4,6.9,6.8,12.0,88.0,"[{""score"": ""0 - 2"", ""pct"": 13.56}, {""score"": ""0 - 1"", ""pct"": 12.23}, {""score"": ""0 - 3"", ""pct"": 9.93}]"
Curaçao,Japan,Neutral,0.675,2.235,8.8,18.0,73.3,8.6,1.6,2.3,74.0,6.9,6.6,12.5,87.5,"[{""score"": ""0 - 2"", ""pct"": 13.73}, {""score"": ""0 - 1"", ""pct"": 13.08}, {""score"": ""0 - 3"", ""pct"": 9.610000000000001}]"
Curaçao,France,Neutral,0.694,2.449,7.5,15.4,77.1,7.8,1.4,1.7,76.9,6.4,5.9,10.8,89.2,"[{""score"": ""0 - 2"", ""pct"": 13.51}, {""score"": ""0 - 1"", ""pct"": 11.85}, {""score"": ""0 - 3"", ""pct"": 10.280000000000001}]"
Curaçao,Uzbekistan,Neutral,0.873,1.832,16.1,22.5,61.5,16.5,2.7,4.3,59.9,8.2,8.3,23.5,76.5,"[{""score"": ""0 - 1"", ""pct"": 13.0}, {""score"": ""0 - 2"", ""pct"": 11.49}, {""score"": ""1 - 1"", ""pct"": 10.11}]"
Curaçao,Ecuador,Neutral,0.701,2.144,9.7,18.8,71.5,10.0,2.0,2.3,71.3,7.0,7.4,14.3,85.7,"[{""score"": ""0 - 2"", ""pct"": 13.489999999999998}, {""score"": ""0 - 1"", ""pct"": 13.270000000000001}, {""score"": ""1 - 2"", ""pct"": 9.4}]"
Curaçao,Qatar,Neutral,1.467,1.083,45.6,27.2,27.3,45.7,7.0,8.9,27.3,4.7,6.4,61.6,38.4,"[{""score"": ""1 - 1"", ""pct"": 12.370000000000001}, {""score"": ""1 - 0"", ""pct"": 11.83}, {""score"": ""2 - 1"", ""pct"": 9.33}]"
Curaçao,Ivory Coast,Neutral,0.933,1.765,19.1,24.0,56.9,18.5,3.5,4.3,57.5,7.7,8.5,26.3,73.7,"[{""score"": ""0 - 1"", ""pct"": 12.82}, {""score"": ""1 - 1"", ""pct"": 10.8}, {""score"": ""0 - 2"", ""pct"": 10.100000000000001}]"
Curaçao,England,Neutral,0.652,2.339,7.5,16.8,75.7,7.4,1.2,1.7,76.1,7.1,6.5,10.2,89.8,"[{""score"": ""0 - 2"", ""pct"": 13.239999999999998}, {""score"": ""0 - 1"", ""pct"": 12.43}, {""score"": ""0 - 3"", ""pct"": 10.879999999999999}]"
Curaçao,Cape Verde,Neutral,1.136,1.364,30.2,28.7,41.0,31.4,5.4,7.0,40.8,6.6,8.8,43.8,56.2,"[{""score"": ""1 - 1"", ""pct"": 13.239999999999998}, {""score"": ""0 - 1"", ""pct"": 11.05}, {""score"": ""1 - 0"", ""pct"": 9.28}]"
Curaçao,Panama,Neutral,0.911,1.906,16.1,22.7,61.1,16.9,3.0,3.9,60.5,7.4,8.4,23.7,76.3,"[{""score"": ""0 - 1"", ""pct"": 11.42}, {""score"": ""0 - 2"", ""pct"": 10.77}, {""score"": ""1 - 1"", ""pct"": 10.13}]"
Curaçao,Austria,Neutral,0.87,1.814,16.5,23.8,59.7,16.3,3.5,4.2,60.4,7.3,8.3,24.0,76.0,"[{""score"": ""0 - 1"", ""pct"": 13.389999999999999}, {""score"": ""0 - 2"", ""pct"": 11.19}, {""score"": ""1 - 1"", ""pct"": 10.83}]"
Curaçao,Belgium,Neutral,0.723,1.963,11.6,21.2,67.3,12.2,2.2,3.2,66.9,7.4,8.1,17.6,82.4,"[{""score"": ""0 - 2"", ""pct"": 13.320000000000002}, {""score"": ""0 - 1"", ""pct"": 13.28}, {""score"": ""1 - 2"", ""pct"": 10.12}]"
Curaçao,Egypt,Neutral,0.937,1.677,19.9,25.3,54.7,19.2,4.0,5.1,55.8,6.9,9.0,28.3,71.7,"[{""score"": ""0 - 1"", ""pct"": 12.509999999999998}, {""score"": ""1 - 1"", ""pct"": 11.29}, {""score"": ""0 - 2"", ""pct"": 9.58}]"
Curaçao,Iraq,Neutral,0.949,1.496,22.7,27.8,49.5,23.8,4.1,6.0,49.4,7.0,9.6,34.0,66.0,"[{""score"": ""0 - 1"", ""pct"": 13.530000000000001}, {""score"": ""1 - 1"", ""pct"": 12.370000000000001}, {""score"": ""0 - 0"", ""pct"": 9.84}]"
Curaçao,Switzerland,Neutral,0.746,1.963,12.3,21.6,66.0,12.3,2.4,3.1,66.1,7.3,8.7,17.8,82.2,"[{""score"": ""0 - 1"", ""pct"": 13.58}, {""score"": ""0 - 2"", ""pct"": 12.32}, {""score"": ""1 - 1"", ""pct"": 9.65}]"
Curaçao,Brazil,Neutral,0.695,2.366,8.3,16.6,75.1,8.3,1.5,1.6,75.2,6.9,6.4,11.5,88.5,"[{""score"": ""0 - 2"", ""pct"": 13.320000000000002}, {""score"": ""0 - 1"", ""pct"": 12.04}, {""score"": ""0 - 3"", ""pct"": 9.78}]"
Curaçao,United States,Neutral,0.951,1.765,18.9,24.5,56.5,19.2,3.3,5.1,55.9,7.5,8.9,27.6,72.4,"[{""score"": ""0 - 1"", ""pct"": 11.76}, {""score"": ""1 - 1"", ""pct"": 10.54}, {""score"": ""0 - 2"", ""pct"": 10.4}]"
Curaçao,Ghana,Neutral,1.209,1.244,34.8,29.0,36.1,35.6,5.8,7.8,36.0,6.3,8.4,49.3,50.7,"[{""score"": ""1 - 1"", ""pct"": 13.18}, {""score"": ""1 - 0"", ""pct"": 10.75}, {""score"": ""0 - 1"", ""pct"": 10.74}]"
Curaçao,Uruguay,Neutral,0.74,1.933,12.6,22.6,64.8,12.2,2.5,3.4,66.5,7.0,8.4,18.1,81.9,"[{""score"": ""0 - 1"", ""pct"": 13.48}, {""score"": ""0 - 2"", ""pct"": 12.76}, {""score"": ""1 - 1"", ""pct"": 9.98}]"
Curaçao,Portugal,Neutral,0.708,2.25,8.8,18.8,72.4,9.8,1.8,1.9,72.9,7.0,6.6,13.5,86.5,"[{""score"": ""0 - 2"", ""pct"": 13.04}, {""score"": ""0 - 1"", ""pct"": 11.83}, {""score"": ""1 - 2"", ""pct"": 9.569999999999999}]"
Curaçao,Algeria,Neutral,0.754,1.944,13.2,21.3,65.4,12.9,2.3,3.5,65.6,7.1,8.5,18.8,81.2,"[{""score"": ""0 - 1"", ""pct"": 13.3}, {""score"": ""0 - 2"", ""pct"": 12.65}, {""score"": ""1 - 1"", ""pct"": 9.91}]"
Curaçao,Spain,Neutral,0.56,2.656,5.1,13.0,81.9,5.1,1.0,1.1,82.1,5.7,5.0,7.1,92.9,"[{""score"": ""0 - 2"", ""pct"": 14.469999999999999}, {""score"": ""0 - 3"", ""pct"": 12.24}, {""score"": ""0 - 1"", ""pct"": 10.89}]"
Curaçao,Bosnia and Herzegovina,Neutral,1.302,1.19,38.4,28.5,33.1,38.9,6.4,8.1,32.7,5.9,8.1,53.3,46.7,"[{""score"": ""1 - 1"", ""pct"": 12.690000000000001}, {""score"": ""1 - 0"", ""pct"": 11.0}, {""score"": ""0 - 1"", ""pct"": 9.94}]"
Curaçao,South Africa,Neutral,1.105,1.351,30.4,28.0,41.6,28.9,5.1,8.0,41.8,6.9,9.4,42.0,58.0,"[{""score"": ""1 - 1"", ""pct"": 12.620000000000001}, {""score"": ""0 - 1"", ""pct"": 11.53}, {""score"": ""1 - 0"", ""pct"": 9.86}]"
Curaçao,DR Congo,Neutral,0.933,1.51,22.7,26.8,50.4,22.3,4.2,5.8,51.1,6.8,9.8,32.4,67.6,"[{""score"": ""0 - 1"", ""pct"": 13.13}, {""score"": ""1 - 1"", ""pct"": 11.92}, {""score"": ""1 - 2"", ""pct"": 9.85}]"
Curaçao,Croatia,Neutral,0.764,1.975,12.5,21.6,65.9,13.1,2.4,3.4,65.6,7.5,8.1,18.8,81.2,"[{""score"": ""0 - 1"", ""pct"": 13.28}, {""score"": ""0 - 2"", ""pct"": 11.76}, {""score"": ""1 - 2"", ""pct"": 10.23}]"
Curaçao,Norway,Neutral,0.748,1.997,11.7,21.0,67.3,11.6,2.3,3.0,68.2,7.1,7.8,16.9,83.1,"[{""score"": ""0 - 1"", ""pct"": 13.4}, {""score"": ""0 - 2"", ""pct"": 12.58}, {""score"": ""1 - 2"", ""pct"": 9.8}]"
Curaçao,Turkey,Neutral,0.706,1.969,11.6,20.7,67.7,11.6,2.2,2.8,67.3,7.7,8.4,16.6,83.4,"[{""score"": ""0 - 2"", ""pct"": 13.489999999999998}, {""score"": ""0 - 1"", ""pct"": 13.44}, {""score"": ""1 - 2"", ""pct"": 9.66}]"
Curaçao,Morocco,Neutral,0.681,2.263,8.5,17.9,73.6,8.8,1.6,1.9,74.1,6.7,6.9,12.3,87.7,"[{""score"": ""0 - 2"", ""pct"": 13.52}, {""score"": ""0 - 1"", ""pct"": 12.67}, {""score"": ""0 - 3"", ""pct"": 9.15}]"
Curaçao,Haiti,Neutral,0.964,1.587,21.4,25.9,52.7,21.7,4.3,5.7,52.1,7.3,8.8,31.7,68.3,"[{""score"": ""0 - 1"", ""pct"": 12.520000000000001}, {""score"": ""1 - 1"", ""pct"": 11.73}, {""score"": ""1 - 2"", ""pct"": 9.77}]"
Curaçao,South Korea,Neutral,0.757,1.944,12.8,21.6,65.6,12.9,2.6,3.6,64.5,7.7,8.7,19.0,81.0,"[{""score"": ""0 - 1"", ""pct"": 13.58}, {""score"": ""0 - 2"", ""pct"": 13.05}, {""score"": ""1 - 1"", ""pct"": 9.45}]"
Curaçao,Paraguay,Neutral,0.771,1.894,13.0,22.0,65.0,13.7,2.6,4.0,63.9,7.1,8.8,20.2,79.8,"[{""score"": ""0 - 1"", ""pct"": 13.700000000000001}, {""score"": ""0 - 2"", ""pct"": 12.6}, {""score"": ""1 - 1"", ""pct"": 9.790000000000001}]"
Curaçao,Iran,Neutral,0.722,1.97,11.8,20.5,67.7,11.3,2.4,3.2,67.1,7.5,8.5,16.8,83.2,"[{""score"": ""0 - 1"", ""pct"": 14.299999999999999}, {""score"": ""0 - 2"", ""pct"": 13.569999999999999}, {""score"": ""1 - 2"", ""pct"": 9.65}]"
Paraguay,Jordan,Neutral,1.55,1.082,47.9,26.7,25.4,47.9,7.0,8.6,25.1,4.9,6.5,63.5,36.5,"[{""score"": ""1 - 1"", ""pct"": 12.479999999999999}, {""score"": ""1 - 0"", ""pct"": 11.709999999999999}, {""score"": ""2 - 1"", ""pct"": 9.33}]"
Paraguay,Australia,Neutral,1.16,1.299,33.0,28.4,38.6,32.6,5.6,7.6,39.5,6.4,8.3,45.8,54.2,"[{""score"": ""1 - 1"", ""pct"": 12.629999999999999}, {""score"": ""0 - 1"", ""pct"": 10.99}, {""score"": ""1 - 0"", ""pct"": 10.41}]"
Paraguay,Germany,Neutral,1.121,1.365,29.3,28.2,42.4,29.5,5.4,7.0,42.4,6.7,9.0,41.9,58.1,"[{""score"": ""1 - 1"", ""pct"": 12.870000000000001}, {""score"": ""0 - 1"", ""pct"": 11.4}, {""score"": ""0 - 0"", ""pct"": 9.2}]"
Paraguay,Canada,Neutral,1.14,1.207,33.4,29.7,36.9,33.8,5.8,8.0,37.0,6.9,8.5,47.6,52.4,"[{""score"": ""1 - 1"", ""pct"": 13.48}, {""score"": ""0 - 1"", ""pct"": 11.48}, {""score"": ""1 - 0"", ""pct"": 10.440000000000001}]"
Paraguay,Czech Republic,Neutral,1.632,1.041,49.9,26.6,23.5,51.0,7.2,8.9,23.2,4.0,5.7,67.1,32.9,"[{""score"": ""1 - 1"", ""pct"": 12.139999999999999}, {""score"": ""1 - 0"", ""pct"": 11.3}, {""score"": ""2 - 1"", ""pct"": 10.23}]"
Paraguay,Saudi Arabia,Neutral,1.645,0.939,54.7,25.2,20.1,54.1,7.1,9.3,20.8,3.8,4.9,70.6,29.4,"[{""score"": ""1 - 0"", ""pct"": 12.8}, {""score"": ""1 - 1"", ""pct"": 11.24}, {""score"": ""2 - 0"", ""pct"": 10.459999999999999}]"
Paraguay,Mexico,Neutral,1.026,1.413,26.3,28.3,45.4,25.8,5.2,6.9,44.8,7.0,10.2,37.9,62.1,"[{""score"": ""0 - 1"", ""pct"": 12.85}, {""score"": ""1 - 1"", ""pct"": 12.68}, {""score"": ""0 - 0"", ""pct"": 9.73}]"
Paraguay,Argentina,Neutral,0.771,1.77,14.8,23.6,61.6,14.9,2.9,4.0,61.4,7.7,9.2,21.8,78.2,"[{""score"": ""0 - 1"", ""pct"": 14.37}, {""score"": ""0 - 2"", ""pct"": 11.83}, {""score"": ""1 - 1"", ""pct"": 10.489999999999998}]"
Paraguay,New Zealand,Neutral,1.691,1.024,52.3,25.6,22.1,53.1,7.7,8.2,21.7,4.1,5.2,69.0,31.0,"[{""score"": ""1 - 1"", ""pct"": 11.86}, {""score"": ""1 - 0"", ""pct"": 11.64}, {""score"": ""2 - 1"", ""pct"": 9.24}]"
Paraguay,Senegal,Neutral,1.213,1.295,34.3,28.1,37.7,33.1,5.8,8.2,38.4,6.2,8.4,47.0,53.0,"[{""score"": ""1 - 1"", ""pct"": 12.6}, {""score"": ""0 - 1"", ""pct"": 10.97}, {""score"": ""1 - 0"", ""pct"": 9.84}]"
Paraguay,Sweden,Neutral,1.744,1.01,55.2,24.8,20.0,54.3,7.7,8.3,20.9,4.0,4.7,70.3,29.7,"[{""score"": ""1 - 0"", ""pct"": 12.08}, {""score"": ""1 - 1"", ""pct"": 11.83}, {""score"": ""2 - 1"", ""pct"": 9.59}]"
Paraguay,Netherlands,Neutral,1.097,1.337,29.0,28.7,42.3,30.0,4.8,7.5,41.7,6.6,9.3,42.4,57.7,"[{""score"": ""1 - 1"", ""pct"": 12.98}, {""score"": ""0 - 1"", ""pct"": 12.379999999999999}, {""score"": ""0 - 0"", ""pct"": 9.73}]"
Paraguay,Tunisia,Neutral,1.498,1.025,47.6,27.3,25.1,48.3,6.8,8.9,25.2,4.8,6.1,64.0,36.0,"[{""score"": ""1 - 1"", ""pct"": 12.509999999999998}, {""score"": ""1 - 0"", ""pct"": 12.33}, {""score"": ""2 - 1"", ""pct"": 9.4}]"
Paraguay,Scotland,Neutral,1.49,1.061,46.7,27.7,25.6,47.2,7.0,9.0,25.9,4.7,6.2,63.3,36.7,"[{""score"": ""1 - 0"", ""pct"": 12.379999999999999}, {""score"": ""1 - 1"", ""pct"": 12.36}, {""score"": ""2 - 1"", ""pct"": 9.11}]"
Paraguay,Colombia,Neutral,1.083,1.566,24.6,26.2,49.2,25.6,4.6,6.2,48.1,7.1,8.3,36.4,63.6,"[{""score"": ""1 - 1"", ""pct"": 12.07}, {""score"": ""0 - 1"", ""pct"": 11.72}, {""score"": ""1 - 2"", ""pct"": 9.719999999999999}]"
Paraguay,Japan,Neutral,0.991,1.494,24.2,28.0,47.8,24.0,4.3,6.3,48.3,7.7,9.4,34.6,65.4,"[{""score"": ""1 - 1"", ""pct"": 12.559999999999999}, {""score"": ""0 - 1"", ""pct"": 11.74}, {""score"": ""0 - 0"", ""pct"": 9.53}]"
Paraguay,France,Neutral,1.081,1.639,24.4,25.3,50.2,24.6,4.3,6.0,49.5,7.1,8.4,35.0,65.0,"[{""score"": ""1 - 1"", ""pct"": 11.81}, {""score"": ""0 - 1"", ""pct"": 11.15}, {""score"": ""1 - 2"", ""pct"": 9.77}]"
Paraguay,Uzbekistan,Neutral,1.269,1.138,38.4,29.1,32.5,39.3,6.5,8.5,32.4,5.5,7.8,54.3,45.7,"[{""score"": ""1 - 1"", ""pct"": 12.6}, {""score"": ""1 - 0"", ""pct"": 11.74}, {""score"": ""0 - 1"", ""pct"": 10.459999999999999}]"
Paraguay,Ecuador,Neutral,1.028,1.447,25.7,27.9,46.4,26.0,4.5,6.3,47.0,7.1,9.0,36.9,63.1,"[{""score"": ""1 - 1"", ""pct"": 12.83}, {""score"": ""0 - 1"", ""pct"": 12.46}, {""score"": ""1 - 2"", ""pct"": 9.28}]"
Paraguay,Qatar,Neutral,2.02,0.696,68.4,20.5,11.0,68.6,7.6,8.2,10.4,2.1,2.9,84.5,15.5,"[{""score"": ""1 - 0"", ""pct"": 13.4}, {""score"": ""2 - 0"", ""pct"": 13.11}, {""score"": ""2 - 1"", ""pct"": 10.09}]"
Paraguay,Ivory Coast,Neutral,1.364,1.052,43.9,27.8,28.3,43.2,6.5,9.2,28.7,4.9,7.5,58.8,41.2,"[{""score"": ""1 - 1"", ""pct"": 12.64}, {""score"": ""1 - 0"", ""pct"": 12.6}, {""score"": ""0 - 0"", ""pct"": 9.77}]"
Paraguay,England,Neutral,0.962,1.6,21.2,25.8,53.0,21.9,4.3,5.1,51.6,8.0,9.0,31.3,68.7,"[{""score"": ""0 - 1"", ""pct"": 12.67}, {""score"": ""1 - 1"", ""pct"": 11.68}, {""score"": ""1 - 2"", ""pct"": 9.98}]"
Paraguay,Cape Verde,Neutral,1.749,0.818,59.5,25.1,15.5,60.5,7.4,9.0,15.8,3.3,4.2,76.8,23.2,"[{""score"": ""1 - 0"", ""pct"": 14.219999999999999}, {""score"": ""1 - 1"", ""pct"": 11.58}, {""score"": ""2 - 0"", ""pct"": 11.04}]"
Paraguay,Panama,Neutral,1.385,1.205,41.0,27.9,31.1,39.7,6.6,8.0,33.2,5.6,6.9,54.3,45.7,"[{""score"": ""1 - 1"", ""pct"": 12.35}, {""score"": ""1 - 0"", ""pct"": 11.15}, {""score"": ""0 - 1"", ""pct"": 8.780000000000001}]"
Paraguay,Austria,Neutral,1.336,1.098,42.4,28.3,29.3,41.4,6.7,9.0,30.0,5.5,7.4,57.0,43.0,"[{""score"": ""1 - 1"", ""pct"": 12.53}, {""score"": ""1 - 0"", ""pct"": 12.23}, {""score"": ""0 - 0"", ""pct"": 9.76}]"
Paraguay,Belgium,Neutral,1.172,1.295,33.1,28.0,38.9,33.2,5.4,7.9,38.5,6.4,8.5,46.5,53.5,"[{""score"": ""1 - 1"", ""pct"": 12.559999999999999}, {""score"": ""0 - 1"", ""pct"": 10.72}, {""score"": ""1 - 0"", ""pct"": 10.24}]"
Paraguay,Egypt,Neutral,1.338,1.011,43.4,29.6,27.0,43.2,7.0,9.8,27.4,5.4,7.2,60.0,40.0,"[{""score"": ""1 - 1"", ""pct"": 13.459999999999999}, {""score"": ""1 - 0"", ""pct"": 13.18}, {""score"": ""0 - 0"", ""pct"": 10.9}]"
Paraguay,Iraq,Neutral,1.436,0.991,47.6,27.5,24.9,46.4,6.8,9.6,25.7,4.6,6.8,62.9,37.1,"[{""score"": ""1 - 0"", ""pct"": 13.66}, {""score"": ""1 - 1"", ""pct"": 12.770000000000001}, {""score"": ""0 - 0"", ""pct"": 9.55}]"
Paraguay,Switzerland,Neutral,1.25,1.282,34.0,28.6,37.4,35.4,6.0,8.3,36.7,5.8,7.8,49.7,50.4,"[{""score"": ""1 - 1"", ""pct"": 13.139999999999999}, {""score"": ""0 - 1"", ""pct"": 10.549999999999999}, {""score"": ""1 - 0"", ""pct"": 10.07}]"
Paraguay,Brazil,Neutral,1.088,1.652,24.4,25.0,50.6,24.0,4.4,5.7,50.6,6.9,8.4,34.1,65.9,"[{""score"": ""1 - 1"", ""pct"": 11.35}, {""score"": ""0 - 1"", ""pct"": 10.91}, {""score"": ""1 - 2"", ""pct"": 9.53}]"
Paraguay,United States,Neutral,1.506,1.107,46.2,26.6,27.2,45.8,7.6,8.4,27.1,5.1,6.0,61.9,38.1,"[{""score"": ""1 - 1"", ""pct"": 11.799999999999999}, {""score"": ""1 - 0"", ""pct"": 11.5}, {""score"": ""2 - 1"", ""pct"": 9.35}]"
Paraguay,Ghana,Neutral,1.776,0.749,62.0,24.0,14.0,63.0,7.8,9.4,13.8,2.6,3.5,80.1,19.9,"[{""score"": ""1 - 0"", ""pct"": 15.260000000000002}, {""score"": ""2 - 0"", ""pct"": 12.65}, {""score"": ""1 - 1"", ""pct"": 10.51}]"
Paraguay,Uruguay,Neutral,1.125,1.296,31.6,27.5,41.0,31.5,5.3,7.7,39.9,6.6,9.1,44.5,55.5,"[{""score"": ""1 - 1"", ""pct"": 12.32}, {""score"": ""0 - 1"", ""pct"": 11.63}, {""score"": ""1 - 0"", ""pct"": 9.8}]"
Paraguay,Portugal,Neutral,1.088,1.523,26.5,26.5,47.1,25.9,4.9,6.3,46.6,7.2,9.2,37.1,62.9,"[{""score"": ""1 - 1"", ""pct"": 11.790000000000001}, {""score"": ""0 - 1"", ""pct"": 11.25}, {""score"": ""1 - 2"", ""pct"": 8.73}]"
Paraguay,Algeria,Neutral,1.151,1.214,34.2,29.1,36.7,33.8,6.0,8.6,36.7,5.9,9.0,48.4,51.6,"[{""score"": ""1 - 1"", ""pct"": 13.41}, {""score"": ""0 - 1"", ""pct"": 11.690000000000001}, {""score"": ""1 - 0"", ""pct"": 10.94}]"
Paraguay,Spain,Neutral,0.792,1.781,15.4,23.7,60.8,15.4,3.1,4.1,60.7,7.4,9.3,22.6,77.4,"[{""score"": ""0 - 1"", ""pct"": 13.73}, {""score"": ""0 - 2"", ""pct"": 11.940000000000001}, {""score"": ""1 - 1"", ""pct"": 10.85}]"
Paraguay,Bosnia and Herzegovina,Neutral,1.896,0.727,65.8,21.6,12.6,65.3,7.4,8.7,12.7,2.5,3.3,81.5,18.5,"[{""score"": ""1 - 0"", ""pct"": 13.950000000000001}, {""score"": ""2 - 0"", ""pct"": 13.170000000000002}, {""score"": ""2 - 1"", ""pct"": 10.01}]"
Paraguay,South Africa,Neutral,1.691,0.867,56.2,26.0,17.9,57.7,6.7,9.3,17.9,3.5,4.9,73.8,26.3,"[{""score"": ""1 - 0"", ""pct"": 13.15}, {""score"": ""1 - 1"", ""pct"": 12.13}, {""score"": ""2 - 0"", ""pct"": 10.63}]"
Paraguay,DR Congo,Neutral,1.381,0.956,46.5,28.6,24.9,46.3,7.2,10.2,25.2,4.5,6.6,63.7,36.3,"[{""score"": ""1 - 0"", ""pct"": 13.59}, {""score"": ""1 - 1"", ""pct"": 12.620000000000001}, {""score"": ""0 - 0"", ""pct"": 10.42}]"
Paraguay,Croatia,Neutral,1.205,1.313,32.9,27.8,39.4,34.7,5.4,7.6,38.0,6.3,8.0,47.7,52.3,"[{""score"": ""1 - 1"", ""pct"": 12.509999999999998}, {""score"": ""0 - 1"", ""pct"": 11.3}, {""score"": ""1 - 0"", ""pct"": 9.78}]"
Paraguay,Norway,Neutral,1.188,1.325,32.5,28.3,39.2,33.2,5.9,7.0,39.2,6.2,8.6,46.1,53.9,"[{""score"": ""1 - 1"", ""pct"": 12.93}, {""score"": ""0 - 1"", ""pct"": 10.93}, {""score"": ""1 - 0"", ""pct"": 9.58}]"
Paraguay,Turkey,Neutral,1.156,1.293,31.9,28.7,39.4,32.4,5.8,8.0,39.3,6.3,8.3,46.1,53.9,"[{""score"": ""1 - 1"", ""pct"": 12.8}, {""score"": ""0 - 1"", ""pct"": 10.99}, {""score"": ""1 - 0"", ""pct"": 9.75}]"
Paraguay,Morocco,Neutral,1.014,1.498,25.0,26.2,48.7,24.6,4.6,6.1,48.7,7.3,8.8,35.2,64.8,"[{""score"": ""0 - 1"", ""pct"": 13.07}, {""score"": ""1 - 1"", ""pct"": 11.4}, {""score"": ""1 - 2"", ""pct"": 9.3}]"
Paraguay,Haiti,Neutral,1.56,1.034,49.2,26.4,24.4,48.6,7.2,8.9,24.7,4.5,6.1,64.7,35.3,"[{""score"": ""1 - 1"", ""pct"": 12.36}, {""score"": ""1 - 0"", ""pct"": 12.139999999999999}, {""score"": ""2 - 1"", ""pct"": 9.719999999999999}]"
Paraguay,South Korea,Neutral,1.264,1.273,36.7,27.5,35.8,36.1,6.0,7.6,36.3,6.0,8.0,49.7,50.3,"[{""score"": ""1 - 1"", ""pct"": 12.709999999999999}, {""score"": ""0 - 1"", ""pct"": 10.52}, {""score"": ""1 - 0"", ""pct"": 10.45}]"
Paraguay,Curaçao,Neutral,1.894,0.771,64.0,22.1,13.9,64.6,7.3,8.2,13.8,2.8,3.2,80.2,19.8,"[{""score"": ""1 - 0"", ""pct"": 12.920000000000002}, {""score"": ""2 - 0"", ""pct"": 12.58}, {""score"": ""1 - 1"", ""pct"": 10.14}]"
Paraguay,Iran,Neutral,1.168,1.301,32.2,29.0,38.8,32.6,5.9,7.5,39.1,6.4,8.5,46.0,54.0,"[{""score"": ""1 - 1"", ""pct"": 12.75}, {""score"": ""0 - 1"", ""pct"": 10.91}, {""score"": ""1 - 0"", ""pct"": 9.91}]"
Iran,Jordan,Neutral,1.607,1.046,50.6,26.2,23.2,50.1,7.1,8.7,24.0,4.3,5.8,65.9,34.1,"[{""score"": ""1 - 0"", ""pct"": 12.479999999999999}, {""score"": ""1 - 1"", ""pct"": 11.88}, {""score"": ""2 - 0"", ""pct"": 9.04}]"
Iran,Australia,Neutral,1.224,1.233,35.4,28.7,35.9,35.1,6.5,8.0,35.6,6.4,8.4,49.6,50.4,"[{""score"": ""1 - 1"", ""pct"": 13.03}, {""score"": ""0 - 1"", ""pct"": 10.57}, {""score"": ""1 - 0"", ""pct"": 10.03}]"
Iran,Germany,Neutral,1.172,1.3,32.2,28.1,39.6,33.0,5.5,7.8,38.6,6.4,8.7,46.3,53.7,"[{""score"": ""1 - 1"", ""pct"": 12.13}, {""score"": ""0 - 1"", ""pct"": 11.020000000000001}, {""score"": ""1 - 0"", ""pct"": 9.58}]"
Iran,Canada,Neutral,1.212,1.124,36.9,30.0,33.1,38.8,6.2,8.8,31.9,5.7,8.6,53.8,46.2,"[{""score"": ""1 - 1"", ""pct"": 13.600000000000001}, {""score"": ""1 - 0"", ""pct"": 11.61}, {""score"": ""0 - 0"", ""pct"": 10.74}]"
Iran,Czech Republic,Neutral,1.722,1.006,54.5,24.6,20.8,53.5,8.0,8.6,21.1,3.7,5.1,70.1,29.9,"[{""score"": ""1 - 0"", ""pct"": 11.91}, {""score"": ""1 - 1"", ""pct"": 11.110000000000001}, {""score"": ""2 - 1"", ""pct"": 9.66}]"
Iran,Saudi Arabia,Neutral,1.739,0.888,57.8,24.3,17.9,58.2,7.3,8.5,18.4,3.2,4.4,74.1,25.9,"[{""score"": ""1 - 0"", ""pct"": 12.809999999999999}, {""score"": ""1 - 1"", ""pct"": 11.23}, {""score"": ""2 - 0"", ""pct"": 11.03}]"
Iran,Mexico,Neutral,1.093,1.228,31.4,30.1,38.5,32.0,5.3,8.5,38.6,6.5,9.1,45.8,54.2,"[{""score"": ""1 - 1"", ""pct"": 13.389999999999999}, {""score"": ""0 - 1"", ""pct"": 11.790000000000001}, {""score"": ""0 - 0"", ""pct"": 11.559999999999999}]"
Iran,Argentina,Neutral,0.896,1.664,19.0,25.6,55.3,19.1,3.4,4.8,55.3,7.7,9.6,27.4,72.7,"[{""score"": ""0 - 1"", ""pct"": 13.41}, {""score"": ""1 - 1"", ""pct"": 12.02}, {""score"": ""0 - 2"", ""pct"": 10.54}]"
Iran,New Zealand,Neutral,1.749,0.93,56.0,25.2,18.9,55.7,7.4,9.2,19.4,3.5,4.8,72.3,27.7,"[{""score"": ""1 - 0"", ""pct"": 12.29}, {""score"": ""1 - 1"", ""pct"": 11.700000000000001}, {""score"": ""2 - 0"", ""pct"": 10.35}]"
Iran,Senegal,Neutral,1.272,1.218,36.3,28.5,35.2,37.4,6.3,8.1,34.4,6.1,7.8,51.8,48.2,"[{""score"": ""1 - 1"", ""pct"": 12.86}, {""score"": ""1 - 0"", ""pct"": 10.620000000000001}, {""score"": ""0 - 1"", ""pct"": 10.37}]"
Iran,Sweden,Neutral,1.844,0.948,59.1,23.5,17.4,58.6,7.3,8.1,18.3,3.5,4.2,74.0,26.0,"[{""score"": ""1 - 0"", ""pct"": 11.66}, {""score"": ""2 - 0"", ""pct"": 10.459999999999999}, {""score"": ""1 - 1"", ""pct"": 10.459999999999999}]"
Iran,Netherlands,Neutral,1.173,1.289,32.9,28.1,39.0,33.1,5.4,7.5,38.7,6.7,8.6,46.0,54.1,"[{""score"": ""1 - 1"", ""pct"": 12.959999999999999}, {""score"": ""0 - 1"", ""pct"": 11.129999999999999}, {""score"": ""1 - 0"", ""pct"": 9.91}]"
Iran,Tunisia,Neutral,1.598,0.982,51.2,26.9,21.9,51.1,7.4,9.5,22.1,4.5,5.5,67.9,32.1,"[{""score"": ""1 - 1"", ""pct"": 12.590000000000002}, {""score"": ""1 - 0"", ""pct"": 12.07}, {""score"": ""2 - 1"", ""pct"": 9.81}]"
Iran,Scotland,Neutral,1.557,1.026,49.0,26.2,24.9,49.7,7.6,9.1,23.7,4.1,5.9,66.3,33.6,"[{""score"": ""1 - 1"", ""pct"": 12.139999999999999}, {""score"": ""1 - 0"", ""pct"": 11.97}, {""score"": ""2 - 1"", ""pct"": 9.46}]"
Iran,Colombia,Neutral,1.124,1.459,28.3,27.7,44.0,28.4,5.3,6.6,44.3,6.6,8.8,40.2,59.8,"[{""score"": ""1 - 1"", ""pct"": 12.55}, {""score"": ""0 - 1"", ""pct"": 11.129999999999999}, {""score"": ""1 - 2"", ""pct"": 9.229999999999999}]"
Iran,Japan,Neutral,1.038,1.421,27.2,27.9,44.9,26.6,4.5,6.7,45.6,7.2,9.4,37.8,62.2,"[{""score"": ""1 - 1"", ""pct"": 12.86}, {""score"": ""0 - 1"", ""pct"": 12.139999999999999}, {""score"": ""0 - 0"", ""pct"": 9.19}]"
Iran,France,Neutral,1.131,1.569,26.5,26.7,46.9,26.4,5.0,6.0,47.2,7.0,8.4,37.4,62.6,"[{""score"": ""1 - 1"", ""pct"": 11.83}, {""score"": ""0 - 1"", ""pct"": 10.76}, {""score"": ""1 - 2"", ""pct"": 9.48}]"
Iran,Uzbekistan,Neutral,1.305,1.055,42.2,28.3,29.4,42.5,6.1,9.2,28.7,5.0,8.5,57.8,42.2,"[{""score"": ""1 - 1"", ""pct"": 12.98}, {""score"": ""1 - 0"", ""pct"": 12.620000000000001}, {""score"": ""0 - 0"", ""pct"": 9.91}]"
Iran,Ecuador,Neutral,1.073,1.38,28.8,29.0,42.2,28.8,5.2,6.9,43.3,6.6,9.2,40.9,59.1,"[{""score"": ""1 - 1"", ""pct"": 13.03}, {""score"": ""0 - 1"", ""pct"": 11.690000000000001}, {""score"": ""0 - 0"", ""pct"": 9.47}]"
Iran,Qatar,Neutral,2.151,0.687,71.7,18.5,9.8,71.1,7.4,7.6,10.1,1.7,2.1,86.1,13.9,"[{""score"": ""1 - 0"", ""pct"": 13.79}, {""score"": ""2 - 0"", ""pct"": 13.18}, {""score"": ""3 - 0"", ""pct"": 9.25}]"
Iran,Ivory Coast,Neutral,1.448,1.015,46.4,27.3,26.3,46.8,7.2,9.4,25.1,4.7,6.9,63.4,36.6,"[{""score"": ""1 - 1"", ""pct"": 12.389999999999999}, {""score"": ""1 - 0"", ""pct"": 12.13}, {""score"": ""0 - 0"", ""pct"": 9.22}]"
Iran,England,Neutral,1.015,1.494,25.0,26.8,48.2,25.4,4.4,6.2,47.5,7.1,9.4,36.0,64.0,"[{""score"": ""0 - 1"", ""pct"": 12.41}, {""score"": ""1 - 1"", ""pct"": 12.19}, {""score"": ""1 - 2"", ""pct"": 9.87}]"
Iran,Cape Verde,Neutral,1.806,0.779,62.4,23.2,14.4,61.8,7.2,9.5,14.8,3.0,3.8,78.4,21.6,"[{""score"": ""1 - 0"", ""pct"": 13.65}, {""score"": ""2 - 0"", ""pct"": 12.740000000000002}, {""score"": ""1 - 1"", ""pct"": 10.61}]"
Iran,Panama,Neutral,1.419,1.13,43.8,28.1,28.1,43.5,6.4,8.5,29.1,5.3,7.1,58.4,41.6,"[{""score"": ""1 - 1"", ""pct"": 12.83}, {""score"": ""1 - 0"", ""pct"": 11.55}, {""score"": ""0 - 0"", ""pct"": 9.0}]"
Iran,Austria,Neutral,1.405,1.033,46.0,27.7,26.4,45.4,6.7,8.8,27.0,4.8,7.3,60.9,39.1,"[{""score"": ""1 - 0"", ""pct"": 12.889999999999999}, {""score"": ""1 - 1"", ""pct"": 12.790000000000001}, {""score"": ""0 - 0"", ""pct"": 9.520000000000001}]"
Iran,Belgium,Neutral,1.263,1.218,36.8,29.0,34.2,36.2,6.1,8.0,35.2,6.3,8.2,50.3,49.7,"[{""score"": ""1 - 1"", ""pct"": 13.08}, {""score"": ""1 - 0"", ""pct"": 10.5}, {""score"": ""0 - 1"", ""pct"": 10.14}]"
Iran,Egypt,Neutral,1.406,0.975,46.0,28.9,25.1,46.0,7.3,9.7,25.1,4.9,7.0,63.0,37.0,"[{""score"": ""1 - 1"", ""pct"": 12.839999999999998}, {""score"": ""1 - 0"", ""pct"": 12.49}, {""score"": ""0 - 0"", ""pct"": 10.23}]"
Iran,Iraq,Neutral,1.55,0.956,51.0,26.5,22.5,50.6,7.0,9.8,22.9,4.0,5.6,67.5,32.5,"[{""score"": ""1 - 0"", ""pct"": 12.91}, {""score"": ""1 - 1"", ""pct"": 12.26}, {""score"": ""2 - 1"", ""pct"": 9.87}]"
Iran,Switzerland,Neutral,1.302,1.22,37.8,27.5,34.6,37.5,6.1,8.2,34.2,6.0,8.0,51.9,48.1,"[{""score"": ""1 - 1"", ""pct"": 12.85}, {""score"": ""1 - 0"", ""pct"": 10.26}, {""score"": ""0 - 1"", ""pct"": 9.65}]"
Iran,Brazil,Neutral,1.128,1.476,27.8,27.2,45.0,27.8,5.1,6.7,45.2,7.2,8.0,39.6,60.4,"[{""score"": ""1 - 1"", ""pct"": 12.839999999999998}, {""score"": ""0 - 1"", ""pct"": 11.219999999999999}, {""score"": ""1 - 2"", ""pct"": 9.19}]"
Iran,United States,Neutral,1.545,1.037,48.8,26.8,24.4,48.4,6.8,9.1,25.0,4.5,6.3,64.3,35.7,"[{""score"": ""1 - 1"", ""pct"": 11.940000000000001}, {""score"": ""1 - 0"", ""pct"": 11.81}, {""score"": ""2 - 1"", ""pct"": 9.16}]"
Iran,Ghana,Neutral,1.838,0.699,65.4,21.9,12.7,65.6,7.2,8.9,12.2,2.3,3.6,81.8,18.2,"[{""score"": ""1 - 0"", ""pct"": 15.17}, {""score"": ""2 - 0"", ""pct"": 13.28}, {""score"": ""2 - 1"", ""pct"": 9.59}]"
Iran,Uruguay,Neutral,1.181,1.252,33.4,29.1,37.5,34.2,5.8,7.9,38.1,5.7,8.3,47.9,52.1,"[{""score"": ""1 - 1"", ""pct"": 12.67}, {""score"": ""0 - 1"", ""pct"": 11.219999999999999}, {""score"": ""1 - 0"", ""pct"": 10.51}]"
Iran,Portugal,Neutral,1.112,1.447,28.4,27.7,43.9,27.8,5.1,6.7,44.1,7.3,9.1,39.6,60.4,"[{""score"": ""1 - 1"", ""pct"": 12.509999999999998}, {""score"": ""0 - 1"", ""pct"": 11.76}, {""score"": ""0 - 0"", ""pct"": 9.06}]"
Iran,Algeria,Neutral,1.23,1.157,37.6,29.2,33.2,36.8,6.3,8.3,34.5,5.5,8.6,51.4,48.6,"[{""score"": ""1 - 1"", ""pct"": 13.44}, {""score"": ""1 - 0"", ""pct"": 11.39}, {""score"": ""0 - 1"", ""pct"": 10.35}]"
Iran,Spain,Neutral,0.887,1.672,18.7,25.3,56.0,19.0,3.6,5.1,56.0,7.5,8.8,27.8,72.2,"[{""score"": ""0 - 1"", ""pct"": 13.13}, {""score"": ""1 - 1"", ""pct"": 11.43}, {""score"": ""0 - 2"", ""pct"": 10.549999999999999}]"
Iran,Bosnia and Herzegovina,Neutral,1.962,0.713,67.6,20.8,11.7,66.9,7.4,8.3,11.9,2.4,3.1,82.7,17.4,"[{""score"": ""1 - 0"", ""pct"": 14.01}, {""score"": ""2 - 0"", ""pct"": 13.200000000000001}, {""score"": ""2 - 1"", ""pct"": 9.41}]"
Iran,South Africa,Neutral,1.748,0.78,61.7,23.4,14.9,60.6,8.1,9.3,15.0,2.8,4.2,78.0,22.0,"[{""score"": ""1 - 0"", ""pct"": 14.469999999999999}, {""score"": ""2 - 0"", ""pct"": 12.76}, {""score"": ""1 - 1"", ""pct"": 10.459999999999999}]"
Iran,DR Congo,Neutral,1.505,0.933,50.6,26.5,22.9,50.5,7.5,9.7,22.1,4.2,6.0,67.6,32.4,"[{""score"": ""1 - 0"", ""pct"": 13.28}, {""score"": ""1 - 1"", ""pct"": 11.68}, {""score"": ""0 - 0"", ""pct"": 9.67}]"
Iran,Croatia,Neutral,1.265,1.255,35.1,28.4,36.4,35.9,6.0,8.1,35.5,6.2,8.2,50.1,49.9,"[{""score"": ""1 - 1"", ""pct"": 12.98}, {""score"": ""0 - 1"", ""pct"": 10.190000000000001}, {""score"": ""1 - 0"", ""pct"": 9.84}]"
Iran,Norway,Neutral,1.228,1.255,34.7,28.0,37.4,35.2,5.7,8.3,36.9,5.8,8.1,49.2,50.8,"[{""score"": ""1 - 1"", ""pct"": 12.870000000000001}, {""score"": ""0 - 1"", ""pct"": 10.65}, {""score"": ""1 - 0"", ""pct"": 10.209999999999999}]"
Iran,Turkey,Neutral,1.232,1.218,36.0,28.4,35.6,36.0,6.3,8.5,35.4,5.8,8.0,50.8,49.2,"[{""score"": ""1 - 1"", ""pct"": 12.27}, {""score"": ""1 - 0"", ""pct"": 10.870000000000001}, {""score"": ""0 - 1"", ""pct"": 10.31}]"
Iran,Morocco,Neutral,1.084,1.421,28.2,27.6,44.2,27.3,5.6,6.8,44.7,6.9,8.7,39.7,60.3,"[{""score"": ""1 - 1"", ""pct"": 12.45}, {""score"": ""0 - 1"", ""pct"": 11.78}, {""score"": ""0 - 0"", ""pct"": 8.89}]"
Iran,Haiti,Neutral,1.649,0.994,52.4,25.6,22.0,52.0,7.7,8.6,22.2,4.0,5.6,68.2,31.8,"[{""score"": ""1 - 0"", ""pct"": 12.25}, {""score"": ""1 - 1"", ""pct"": 11.35}, {""score"": ""2 - 1"", ""pct"": 9.78}]"
Iran,South Korea,Neutral,1.31,1.213,38.7,27.9,33.5,37.5,6.7,8.3,34.4,5.8,7.4,52.5,47.5,"[{""score"": ""1 - 1"", ""pct"": 12.870000000000001}, {""score"": ""1 - 0"", ""pct"": 11.19}, {""score"": ""0 - 1"", ""pct"": 9.54}]"
Iran,Curaçao,Neutral,1.97,0.722,67.3,20.9,11.8,67.0,7.5,8.4,11.8,2.4,2.9,82.9,17.1,"[{""score"": ""1 - 0"", ""pct"": 13.8}, {""score"": ""2 - 0"", ""pct"": 13.200000000000001}, {""score"": ""2 - 1"", ""pct"": 9.4}]"
Iran,Paraguay,Neutral,1.301,1.168,39.0,28.1,32.9,39.1,6.4,8.2,32.7,5.6,7.9,53.7,46.3,"[{""score"": ""1 - 1"", ""pct"": 13.08}, {""score"": ""1 - 0"", ""pct"": 11.200000000000001}, {""score"": ""0 - 1"", ""pct"": 10.0}]"
United States,Jordan,United States,1.57,1.166,47.6,25.5,26.9,46.5,6.6,8.5,27.2,5.1,6.2,61.6,38.4,"[{""score"": ""1 - 1"", ""pct"": 11.459999999999999}, {""score"": ""1 - 0"", ""pct"": 10.95}, {""score"": ""2 - 1"", ""pct"": 9.85}]"
United States,Australia,United States,1.276,1.37,33.7,27.5,38.8,34.3,6.1,7.3,38.3,5.9,8.0,47.7,52.3,"[{""score"": ""1 - 1"", ""pct"": 12.659999999999998}, {""score"": ""0 - 1"", ""pct"": 9.569999999999999}, {""score"": ""1 - 0"", ""pct"": 9.19}]"
United States,Germany,United States,1.251,1.671,27.9,26.0,46.1,27.5,5.1,6.0,46.4,7.1,8.1,38.5,61.5,"[{""score"": ""1 - 1"", ""pct"": 11.4}, {""score"": ""0 - 1"", ""pct"": 9.56}, {""score"": ""1 - 2"", ""pct"": 9.39}]"
United States,Canada,United States,1.228,1.306,33.6,27.4,39.0,33.9,5.8,7.8,37.9,6.5,8.1,47.5,52.5,"[{""score"": ""1 - 1"", ""pct"": 12.2}, {""score"": ""0 - 1"", ""pct"": 10.75}, {""score"": ""1 - 0"", ""pct"": 10.16}]"
United States,Czech Republic,United States,1.817,1.042,56.2,23.7,20.1,55.1,7.6,7.9,20.7,3.8,4.9,70.6,29.4,"[{""score"": ""1 - 1"", ""pct"": 10.86}, {""score"": ""2 - 1"", ""pct"": 10.57}, {""score"": ""1 - 0"", ""pct"": 10.56}]"
United States,Saudi Arabia,United States,1.785,0.88,58.4,24.2,17.4,58.9,7.5,9.4,17.0,3.2,4.0,75.8,24.2,"[{""score"": ""1 - 0"", ""pct"": 12.5}, {""score"": ""2 - 0"", ""pct"": 11.469999999999999}, {""score"": ""1 - 1"", ""pct"": 10.83}]"
United States,Mexico,United States,1.183,1.482,29.0,27.8,43.2,29.2,4.8,7.3,43.9,6.6,8.1,41.4,58.6,"[{""score"": ""1 - 1"", ""pct"": 12.540000000000001}, {""score"": ""0 - 1"", ""pct"": 10.549999999999999}, {""score"": ""1 - 2"", ""pct"": 8.97}]"
United States,Argentina,United States,0.815,1.678,16.6,25.2,58.2,16.9,3.3,4.6,58.2,7.5,9.6,24.7,75.3,"[{""score"": ""0 - 1"", ""pct"": 14.02}, {""score"": ""0 - 2"", ""pct"": 11.540000000000001}, {""score"": ""1 - 1"", ""pct"": 10.95}]"
United States,New Zealand,United States,1.843,0.937,59.2,23.2,17.7,59.6,7.9,8.2,16.9,3.3,4.1,75.7,24.3,"[{""score"": ""1 - 0"", ""pct"": 11.87}, {""score"": ""1 - 1"", ""pct"": 10.54}, {""score"": ""2 - 1"", ""pct"": 10.209999999999999}]"
United States,Senegal,United States,1.299,1.343,35.8,26.5,37.7,34.9,5.9,7.7,37.6,6.5,7.4,48.5,51.5,"[{""score"": ""1 - 1"", ""pct"": 12.09}, {""score"": ""0 - 1"", ""pct"": 9.700000000000001}, {""score"": ""1 - 0"", ""pct"": 9.520000000000001}]"
United States,Sweden,United States,1.858,0.933,58.9,23.6,17.5,59.6,7.3,8.3,17.2,3.5,4.2,75.2,24.8,"[{""score"": ""1 - 0"", ""pct"": 11.91}, {""score"": ""2 - 0"", ""pct"": 10.76}, {""score"": ""1 - 1"", ""pct"": 10.530000000000001}]"
United States,Netherlands,United States,1.238,1.523,31.0,26.2,42.8,30.2,5.2,6.1,43.8,7.0,7.8,41.5,58.5,"[{""score"": ""1 - 1"", ""pct"": 12.15}, {""score"": ""0 - 1"", ""pct"": 9.39}, {""score"": ""1 - 2"", ""pct"": 9.08}]"
United States,Tunisia,United States,1.766,0.972,56.6,24.1,19.3,55.9,7.5,8.5,19.9,3.8,4.5,71.8,28.1,"[{""score"": ""1 - 0"", ""pct"": 12.13}, {""score"": ""1 - 1"", ""pct"": 10.89}, {""score"": ""2 - 0"", ""pct"": 9.969999999999999}]"
United States,Scotland,United States,1.521,1.145,46.1,26.5,27.4,46.1,7.2,8.2,27.2,5.3,6.1,61.5,38.5,"[{""score"": ""1 - 1"", ""pct"": 12.21}, {""score"": ""1 - 0"", ""pct"": 11.219999999999999}, {""score"": ""2 - 1"", ""pct"": 9.22}]"
United States,Colombia,United States,1.21,1.615,27.1,26.0,46.9,28.2,4.7,5.6,46.9,6.8,7.9,38.4,61.6,"[{""score"": ""1 - 1"", ""pct"": 12.04}, {""score"": ""0 - 1"", ""pct"": 10.100000000000001}, {""score"": ""1 - 2"", ""pct"": 9.370000000000001}]"
United States,Japan,United States,1.157,1.566,26.8,26.1,47.0,27.4,4.7,6.0,46.3,7.1,8.6,38.1,61.9,"[{""score"": ""1 - 1"", ""pct"": 11.33}, {""score"": ""0 - 1"", ""pct"": 10.35}, {""score"": ""1 - 2"", ""pct"": 9.370000000000001}]"
United States,France,United States,0.985,1.614,22.3,26.0,51.6,21.8,4.2,5.4,52.1,7.3,9.3,31.3,68.7,"[{""score"": ""0 - 1"", ""pct"": 11.66}, {""score"": ""1 - 1"", ""pct"": 11.51}, {""score"": ""1 - 2"", ""pct"": 10.100000000000001}]"
United States,Uzbekistan,United States,1.395,1.224,40.0,27.3,32.6,39.9,6.8,8.7,32.2,5.6,6.9,55.4,44.6,"[{""score"": ""1 - 1"", ""pct"": 12.3}, {""score"": ""1 - 0"", ""pct"": 10.27}, {""score"": ""2 - 1"", ""pct"": 8.67}]"
United States,Ecuador,United States,1.2,1.479,29.3,27.2,43.5,30.3,5.3,6.5,43.2,6.5,8.2,42.1,57.9,"[{""score"": ""1 - 1"", ""pct"": 12.15}, {""score"": ""0 - 1"", ""pct"": 10.34}, {""score"": ""1 - 2"", ""pct"": 9.049999999999999}]"
United States,Qatar,United States,2.355,0.621,76.1,16.6,7.3,76.7,6.6,6.0,7.5,1.6,1.6,89.3,10.7,"[{""score"": ""2 - 0"", ""pct"": 13.750000000000002}, {""score"": ""1 - 0"", ""pct"": 12.58}, {""score"": ""3 - 0"", ""pct"": 10.63}]"
United States,Ivory Coast,United States,1.478,1.16,43.9,27.1,29.0,44.8,7.1,8.1,28.1,5.3,6.6,60.0,40.0,"[{""score"": ""1 - 1"", ""pct"": 11.940000000000001}, {""score"": ""1 - 0"", ""pct"": 10.879999999999999}, {""score"": ""2 - 1"", ""pct"": 8.66}]"
United States,England,United States,1.152,1.624,26.0,26.4,47.6,25.7,4.8,5.5,49.0,6.8,8.2,36.0,64.0,"[{""score"": ""1 - 1"", ""pct"": 12.33}, {""score"": ""0 - 1"", ""pct"": 10.39}, {""score"": ""1 - 2"", ""pct"": 9.43}]"
United States,Cape Verde,United States,1.959,0.93,61.4,22.4,16.2,62.0,7.3,7.5,16.4,3.0,3.8,76.8,23.1,"[{""score"": ""1 - 0"", ""pct"": 11.44}, {""score"": ""2 - 0"", ""pct"": 10.96}, {""score"": ""2 - 1"", ""pct"": 9.78}]"
United States,Panama,United States,1.466,1.299,40.8,25.7,33.5,40.6,6.8,7.6,32.7,5.7,6.6,55.0,45.0,"[{""score"": ""1 - 1"", ""pct"": 11.700000000000001}, {""score"": ""1 - 0"", ""pct"": 9.24}, {""score"": ""2 - 1"", ""pct"": 8.74}]"
United States,Austria,United States,1.397,1.249,39.6,27.9,32.5,39.9,6.9,7.8,32.4,5.6,7.4,54.5,45.5,"[{""score"": ""1 - 1"", ""pct"": 12.61}, {""score"": ""1 - 0"", ""pct"": 10.280000000000001}, {""score"": ""0 - 1"", ""pct"": 9.049999999999999}]"
United States,Belgium,United States,1.288,1.365,34.7,26.9,38.4,35.4,5.6,7.3,37.6,6.2,7.8,48.4,51.6,"[{""score"": ""1 - 1"", ""pct"": 12.02}, {""score"": ""0 - 1"", ""pct"": 10.01}, {""score"": ""1 - 0"", ""pct"": 9.19}]"
United States,Egypt,United States,1.443,1.073,45.2,27.7,27.2,45.6,6.9,9.1,26.8,5.0,6.5,61.6,38.3,"[{""score"": ""1 - 1"", ""pct"": 12.19}, {""score"": ""1 - 0"", ""pct"": 11.81}, {""score"": ""2 - 1"", ""pct"": 9.34}]"
United States,Iraq,United States,1.681,0.905,54.7,25.9,19.3,55.7,7.4,8.7,19.2,3.7,5.2,71.8,28.2,"[{""score"": ""1 - 0"", ""pct"": 12.23}, {""score"": ""1 - 1"", ""pct"": 11.51}, {""score"": ""2 - 0"", ""pct"": 10.290000000000001}]"
United States,Switzerland,United States,1.27,1.364,33.6,27.1,39.4,34.6,5.7,7.4,38.0,6.7,7.5,47.7,52.3,"[{""score"": ""1 - 1"", ""pct"": 12.620000000000001}, {""score"": ""0 - 1"", ""pct"": 10.100000000000001}, {""score"": ""1 - 0"", ""pct"": 9.24}]"
United States,Brazil,United States,1.211,1.802,25.1,24.4,50.4,25.1,4.3,4.9,51.5,6.5,7.7,34.4,65.6,"[{""score"": ""1 - 1"", ""pct"": 10.7}, {""score"": ""1 - 2"", ""pct"": 9.520000000000001}, {""score"": ""0 - 1"", ""pct"": 9.15}]"
United States,Ghana,United States,1.922,0.747,65.2,22.0,12.8,65.3,7.3,9.0,12.7,2.2,3.5,81.6,18.4,"[{""score"": ""1 - 0"", ""pct"": 13.919999999999998}, {""score"": ""2 - 0"", ""pct"": 12.82}, {""score"": ""1 - 1"", ""pct"": 9.81}]"
United States,Uruguay,United States,1.274,1.442,32.9,26.4,40.7,32.9,5.4,6.7,41.0,6.6,7.5,44.9,55.1,"[{""score"": ""1 - 1"", ""pct"": 11.67}, {""score"": ""0 - 1"", ""pct"": 9.69}, {""score"": ""1 - 2"", ""pct"": 8.41}]"
United States,Portugal,United States,1.191,1.57,27.2,26.6,46.2,27.6,4.8,6.2,45.6,7.2,8.5,38.6,61.4,"[{""score"": ""1 - 1"", ""pct"": 11.75}, {""score"": ""0 - 1"", ""pct"": 10.09}, {""score"": ""1 - 2"", ""pct"": 9.34}]"
United States,Algeria,United States,1.222,1.337,33.8,27.9,38.3,33.6,5.6,7.5,38.7,6.9,7.8,46.7,53.3,"[{""score"": ""1 - 1"", ""pct"": 13.170000000000002}, {""score"": ""0 - 1"", ""pct"": 10.69}, {""score"": ""1 - 0"", ""pct"": 9.3}]"
United States,Spain,United States,0.854,1.71,17.1,25.1,57.8,17.6,3.4,5.1,57.1,7.6,9.2,26.1,73.9,"[{""score"": ""0 - 1"", ""pct"": 13.68}, {""score"": ""0 - 2"", ""pct"": 11.08}, {""score"": ""1 - 1"", ""pct"": 10.96}]"
United States,Bosnia and Herzegovina,United States,2.179,0.72,71.2,18.5,10.3,71.3,7.0,7.1,10.4,1.8,2.3,85.4,14.6,"[{""score"": ""2 - 0"", ""pct"": 13.15}, {""score"": ""1 - 0"", ""pct"": 12.15}, {""score"": ""2 - 1"", ""pct"": 9.58}]"
United States,South Africa,United States,1.925,0.917,61.2,22.2,16.6,61.3,7.5,7.7,16.2,3.3,4.0,76.4,23.6,"[{""score"": ""1 - 0"", ""pct"": 12.06}, {""score"": ""2 - 1"", ""pct"": 10.43}, {""score"": ""1 - 1"", ""pct"": 10.01}]"
United States,DR Congo,United States,1.433,0.846,49.9,29.0,21.1,50.7,7.5,10.2,21.4,4.2,6.0,68.5,31.6,"[{""score"": ""1 - 0"", ""pct"": 14.92}, {""score"": ""1 - 1"", ""pct"": 12.690000000000001}, {""score"": ""0 - 0"", ""pct"": 11.58}]"
United States,Croatia,United States,1.285,1.401,33.8,26.9,39.3,33.1,5.9,7.3,39.4,6.3,8.0,46.3,53.7,"[{""score"": ""1 - 1"", ""pct"": 11.91}, {""score"": ""0 - 1"", ""pct"": 9.36}, {""score"": ""1 - 0"", ""pct"": 8.95}]"
United States,Norway,United States,1.258,1.397,33.1,26.7,40.2,33.5,5.3,7.2,39.4,6.7,7.9,46.0,54.0,"[{""score"": ""1 - 1"", ""pct"": 12.3}, {""score"": ""0 - 1"", ""pct"": 10.23}, {""score"": ""1 - 0"", ""pct"": 8.91}]"
United States,Turkey,United States,1.272,1.365,34.6,27.2,38.2,34.2,5.6,7.6,39.2,5.7,7.6,47.4,52.6,"[{""score"": ""1 - 1"", ""pct"": 12.09}, {""score"": ""1 - 0"", ""pct"": 9.09}, {""score"": ""0 - 1"", ""pct"": 8.98}]"
United States,Morocco,United States,1.227,1.59,28.5,25.9,45.6,28.4,4.6,6.0,45.9,6.7,8.3,39.1,60.9,"[{""score"": ""1 - 1"", ""pct"": 11.84}, {""score"": ""0 - 1"", ""pct"": 10.11}, {""score"": ""1 - 2"", ""pct"": 9.35}]"
United States,Haiti,United States,1.819,0.958,58.1,23.7,18.2,57.7,7.2,8.7,18.5,3.5,4.3,73.6,26.4,"[{""score"": ""1 - 0"", ""pct"": 11.72}, {""score"": ""1 - 1"", ""pct"": 10.879999999999999}, {""score"": ""2 - 0"", ""pct"": 10.27}]"
United States,South Korea,United States,1.291,1.346,35.2,26.9,37.9,34.5,6.3,7.5,37.0,6.3,8.3,48.4,51.6,"[{""score"": ""1 - 1"", ""pct"": 12.25}, {""score"": ""0 - 1"", ""pct"": 10.22}, {""score"": ""1 - 0"", ""pct"": 9.16}]"
United States,Curaçao,United States,2.037,0.812,66.2,21.1,12.7,67.4,7.3,7.8,12.0,2.4,3.1,82.6,17.5,"[{""score"": ""1 - 0"", ""pct"": 12.65}, {""score"": ""2 - 0"", ""pct"": 12.25}, {""score"": ""1 - 1"", ""pct"": 9.71}]"
United States,Paraguay,United States,1.311,1.327,36.0,27.1,36.8,36.1,5.5,7.5,36.8,6.1,8.0,49.1,50.9,"[{""score"": ""1 - 1"", ""pct"": 12.07}, {""score"": ""1 - 0"", ""pct"": 9.790000000000001}, {""score"": ""0 - 1"", ""pct"": 9.5}]"
United States,Iran,United States,1.238,1.346,32.8,28.0,39.1,32.7,5.9,7.5,39.6,6.0,8.2,46.1,53.9,"[{""score"": ""1 - 1"", ""pct"": 12.41}, {""score"": ""0 - 1"", ""pct"": 10.08}, {""score"": ""1 - 0"", ""pct"": 9.27}]"
Jordan,United States,United States,1.166,1.57,27.5,25.5,46.9,27.1,4.9,6.1,46.4,7.1,8.4,38.1,61.9,"[{""score"": ""1 - 1"", ""pct"": 11.16}, {""score"": ""0 - 1"", ""pct"": 10.26}, {""score"": ""1 - 2"", ""pct"": 9.33}]"
Australia,United States,United States,1.37,1.276,38.5,27.4,34.1,37.7,6.0,8.1,34.7,6.0,7.5,51.8,48.2,"[{""score"": ""1 - 1"", ""pct"": 12.32}, {""score"": ""1 - 0"", ""pct"": 10.37}, {""score"": ""0 - 1"", ""pct"": 9.51}]"
Germany,United States,United States,1.671,1.251,47.3,24.9,27.8,46.9,6.9,7.6,27.8,4.9,5.8,61.5,38.5,"[{""score"": ""1 - 1"", ""pct"": 11.34}, {""score"": ""2 - 1"", ""pct"": 9.4}, {""score"": ""1 - 0"", ""pct"": 8.82}]"
Canada,United States,United States,1.306,1.228,38.6,27.6,33.8,38.0,6.2,8.1,33.9,6.0,7.8,52.3,47.7,"[{""score"": ""1 - 1"", ""pct"": 12.709999999999999}, {""score"": ""1 - 0"", ""pct"": 10.61}, {""score"": ""0 - 1"", ""pct"": 10.23}]"
Czech Republic,United States,United States,1.042,1.817,19.8,24.2,56.0,20.4,3.6,5.0,55.2,7.3,8.5,29.0,71.0,"[{""score"": ""1 - 1"", ""pct"": 10.96}, {""score"": ""0 - 1"", ""pct"": 10.73}, {""score"": ""1 - 2"", ""pct"": 10.33}]"
Saudi Arabia,United States,United States,0.88,1.785,17.8,23.9,58.4,17.0,3.4,4.1,59.5,7.0,9.0,24.5,75.5,"[{""score"": ""0 - 1"", ""pct"": 12.13}, {""score"": ""0 - 2"", ""pct"": 10.61}, {""score"": ""1 - 1"", ""pct"": 10.52}]"
Mexico,United States,United States,1.482,1.183,43.7,26.8,29.6,43.5,6.7,8.3,29.8,5.3,6.4,58.5,41.5,"[{""score"": ""1 - 1"", ""pct"": 11.88}, {""score"": ""1 - 0"", ""pct"": 10.7}, {""score"": ""2 - 1"", ""pct"": 9.030000000000001}]"
Argentina,United States,United States,1.678,0.815,57.9,25.4,16.7,57.4,7.6,9.7,17.2,3.4,4.6,74.7,25.3,"[{""score"": ""1 - 0"", ""pct"": 15.02}, {""score"": ""1 - 1"", ""pct"": 11.459999999999999}, {""score"": ""2 - 0"", ""pct"": 11.32}]"
New Zealand,United States,United States,0.937,1.843,18.0,23.2,58.8,17.7,3.5,4.0,59.3,7.2,8.3,25.2,74.8,"[{""score"": ""0 - 1"", ""pct"": 11.48}, {""score"": ""1 - 1"", ""pct"": 10.61}, {""score"": ""0 - 2"", ""pct"": 10.5}]"
Senegal,United States,United States,1.343,1.299,38.3,26.3,35.4,37.9,6.5,8.1,34.3,6.0,7.1,52.5,47.5,"[{""score"": ""1 - 1"", ""pct"": 11.799999999999999}, {""score"": ""1 - 0"", ""pct"": 10.14}, {""score"": ""0 - 1"", ""pct"": 9.51}]"
Sweden,United States,United States,0.933,1.858,17.6,23.2,59.3,17.5,3.5,4.2,59.0,7.6,8.2,25.1,74.8,"[{""score"": ""0 - 1"", ""pct"": 11.59}, {""score"": ""0 - 2"", ""pct"": 10.8}, {""score"": ""1 - 1"", ""pct"": 10.15}]"
Netherlands,United States,United States,1.523,1.238,43.0,27.2,29.8,43.4,6.8,8.0,30.3,5.0,6.6,58.1,41.9,"[{""score"": ""1 - 1"", ""pct"": 12.370000000000001}, {""score"": ""1 - 0"", ""pct"": 9.629999999999999}, {""score"": ""2 - 1"", ""pct"": 9.07}]"
Tunisia,United States,United States,0.972,1.766,19.2,24.6,56.2,19.2,3.7,4.9,55.9,7.5,8.8,27.7,72.3,"[{""score"": ""0 - 1"", ""pct"": 11.81}, {""score"": ""1 - 1"", ""pct"": 11.31}, {""score"": ""0 - 2"", ""pct"": 9.92}]"
Scotland,United States,United States,1.145,1.521,28.5,26.6,44.9,27.4,5.4,5.9,46.2,6.7,8.5,38.7,61.3,"[{""score"": ""1 - 1"", ""pct"": 12.120000000000001}, {""score"": ""0 - 1"", ""pct"": 11.020000000000001}, {""score"": ""1 - 2"", ""pct"": 8.77}]"
Colombia,United States,United States,1.615,1.21,46.3,25.6,28.1,46.0,7.2,8.0,28.0,5.0,5.9,61.1,38.9,"[{""score"": ""1 - 1"", ""pct"": 12.09}, {""score"": ""1 - 0"", ""pct"": 10.0}, {""score"": ""2 - 1"", ""pct"": 9.6}]"
Japan,United States,United States,1.566,1.157,46.3,26.9,26.8,46.2,7.0,8.2,27.6,4.8,6.2,61.4,38.6,"[{""score"": ""1 - 1"", ""pct"": 12.35}, {""score"": ""1 - 0"", ""pct"": 10.86}, {""score"": ""2 - 1"", ""pct"": 9.11}]"
France,United States,United States,1.614,0.985,51.5,26.1,22.4,52.9,7.0,9.2,21.6,3.8,5.3,69.2,30.8,"[{""score"": ""1 - 0"", ""pct"": 12.45}, {""score"": ""1 - 1"", ""pct"": 11.92}, {""score"": ""2 - 0"", ""pct"": 9.45}]"
Uzbekistan,United States,United States,1.224,1.395,32.3,27.0,40.7,32.4,5.5,7.3,40.2,6.6,8.1,45.2,54.8,"[{""score"": ""1 - 1"", ""pct"": 12.389999999999999}, {""score"": ""0 - 1"", ""pct"": 10.25}, {""score"": ""1 - 0"", ""pct"": 9.2}]"
Ecuador,United States,United States,1.479,1.2,43.5,26.6,29.9,42.9,7.0,8.2,30.1,4.9,6.9,58.2,41.8,"[{""score"": ""1 - 1"", ""pct"": 11.86}, {""score"": ""1 - 0"", ""pct"": 10.48}, {""score"": ""2 - 1"", ""pct"": 9.17}]"
Qatar,United States,United States,0.621,2.355,6.7,15.9,77.4,7.1,1.4,1.7,77.1,6.3,6.4,10.2,89.8,"[{""score"": ""0 - 2"", ""pct"": 13.73}, {""score"": ""0 - 1"", ""pct"": 12.889999999999999}, {""score"": ""0 - 3"", ""pct"": 10.549999999999999}]"
Ivory Coast,United States,United States,1.16,1.478,28.0,27.4,44.6,29.0,5.4,6.7,44.3,6.6,8.0,41.1,58.9,"[{""score"": ""1 - 1"", ""pct"": 12.770000000000001}, {""score"": ""0 - 1"", ""pct"": 10.68}, {""score"": ""1 - 2"", ""pct"": 9.29}]"
England,United States,United States,1.624,1.152,48.6,25.5,25.9,47.9,6.8,8.2,26.6,4.9,5.5,63.0,37.0,"[{""score"": ""1 - 1"", ""pct"": 11.97}, {""score"": ""1 - 0"", ""pct"": 9.92}, {""score"": ""2 - 1"", ""pct"": 9.6}]"
Cape Verde,United States,United States,0.93,1.959,16.1,22.4,61.5,16.4,2.8,4.1,61.3,7.6,7.9,23.3,76.7,"[{""score"": ""0 - 1"", ""pct"": 11.59}, {""score"": ""0 - 2"", ""pct"": 10.66}, {""score"": ""1 - 1"", ""pct"": 10.34}]"
Panama,United States,United States,1.299,1.466,32.3,26.7,41.0,33.1,5.8,6.9,40.3,6.5,7.4,45.8,54.2,"[{""score"": ""1 - 1"", ""pct"": 12.24}, {""score"": ""0 - 1"", ""pct"": 9.78}, {""score"": ""1 - 2"", ""pct"": 8.43}]"
Austria,United States,United States,1.249,1.397,32.4,27.7,39.9,32.7,5.8,7.1,39.7,6.4,8.3,45.6,54.4,"[{""score"": ""1 - 1"", ""pct"": 12.41}, {""score"": ""0 - 1"", ""pct"": 10.33}, {""score"": ""1 - 0"", ""pct"": 8.48}]"
Belgium,United States,United States,1.365,1.288,37.7,26.9,35.5,39.1,6.1,7.5,34.0,5.8,7.5,52.7,47.3,"[{""score"": ""1 - 1"", ""pct"": 11.92}, {""score"": ""1 - 0"", ""pct"": 9.790000000000001}, {""score"": ""0 - 1"", ""pct"": 9.64}]"
Egypt,United States,United States,1.073,1.443,26.9,27.5,45.6,27.3,4.8,6.6,45.3,6.8,9.3,38.6,61.4,"[{""score"": ""1 - 1"", ""pct"": 12.65}, {""score"": ""0 - 1"", ""pct"": 11.99}, {""score"": ""1 - 2"", ""pct"": 9.030000000000001}]"
Iraq,United States,United States,0.905,1.681,19.6,24.1,56.2,19.1,3.3,4.7,55.9,7.7,9.3,27.1,72.9,"[{""score"": ""0 - 1"", ""pct"": 13.16}, {""score"": ""0 - 2"", ""pct"": 10.5}, {""score"": ""1 - 1"", ""pct"": 10.489999999999998}]"
Switzerland,United States,United States,1.364,1.27,39.0,27.0,34.1,39.4,6.5,7.7,33.2,5.7,7.6,53.6,46.4,"[{""score"": ""1 - 1"", ""pct"": 12.16}, {""score"": ""1 - 0"", ""pct"": 10.48}, {""score"": ""0 - 1"", ""pct"": 9.24}]"
Brazil,United States,United States,1.802,1.211,51.8,24.2,24.0,51.2,7.3,7.7,24.7,4.4,4.8,66.2,33.8,"[{""score"": ""1 - 1"", ""pct"": 10.57}, {""score"": ""2 - 1"", ""pct"": 9.94}, {""score"": ""1 - 0"", ""pct"": 9.28}]"
Ghana,United States,United States,0.747,1.922,12.1,21.3,66.5,13.2,2.4,3.2,66.0,7.3,7.9,18.8,81.2,"[{""score"": ""0 - 1"", ""pct"": 14.01}, {""score"": ""0 - 2"", ""pct"": 13.51}, {""score"": ""1 - 2"", ""pct"": 9.74}]"
Uruguay,United States,United States,1.442,1.274,40.7,26.8,32.6,40.5,6.6,8.0,32.3,5.5,7.1,55.0,45.0,"[{""score"": ""1 - 1"", ""pct"": 11.74}, {""score"": ""1 - 0"", ""pct"": 10.03}, {""score"": ""2 - 1"", ""pct"": 9.22}]"
Portugal,United States,United States,1.57,1.191,46.2,25.6,28.2,45.0,7.7,7.7,28.5,5.0,6.2,60.3,39.7,"[{""score"": ""1 - 1"", ""pct"": 11.42}, {""score"": ""1 - 0"", ""pct"": 10.33}, {""score"": ""2 - 1"", ""pct"": 9.32}]"
Algeria,United States,United States,1.337,1.222,38.7,28.2,33.1,39.4,6.5,8.0,33.1,5.7,7.4,53.8,46.2,"[{""score"": ""1 - 1"", ""pct"": 12.839999999999998}, {""score"": ""1 - 0"", ""pct"": 10.27}, {""score"": ""0 - 1"", ""pct"": 9.32}]"
Spain,United States,United States,1.71,0.854,58.2,23.8,18.0,57.5,7.2,9.4,17.4,3.6,5.1,74.0,26.0,"[{""score"": ""1 - 0"", ""pct"": 13.87}, {""score"": ""2 - 0"", ""pct"": 10.96}, {""score"": ""1 - 1"", ""pct"": 10.63}]"
Bosnia and Herzegovina,United States,United States,0.72,2.179,10.3,18.2,71.5,10.5,2.0,2.5,71.0,7.3,6.8,15.0,85.0,"[{""score"": ""0 - 2"", ""pct"": 13.25}, {""score"": ""0 - 1"", ""pct"": 12.509999999999998}, {""score"": ""1 - 2"", ""pct"": 9.75}]"
South Africa,United States,United States,0.917,1.925,16.4,21.9,61.6,16.4,3.2,3.3,61.6,7.8,7.8,22.9,77.1,"[{""score"": ""0 - 1"", ""pct"": 11.86}, {""score"": ""0 - 2"", ""pct"": 11.12}, {""score"": ""1 - 2"", ""pct"": 9.98}]"
DR Congo,United States,United States,0.846,1.433,21.7,27.8,50.5,21.2,4.0,6.1,51.1,7.2,10.5,31.2,68.8,"[{""score"": ""0 - 1"", ""pct"": 14.879999999999999}, {""score"": ""1 - 1"", ""pct"": 12.2}, {""score"": ""0 - 0"", ""pct"": 10.95}]"
Croatia,United States,United States,1.401,1.285,38.8,27.4,33.9,39.2,6.2,7.7,33.9,6.0,7.1,53.1,46.9,"[{""score"": ""1 - 1"", ""pct"": 12.4}, {""score"": ""1 - 0"", ""pct"": 9.68}, {""score"": ""0 - 1"", ""pct"": 8.9}]"
Norway,United States,United States,1.397,1.258,39.5,27.7,32.8,41.4,6.6,7.9,31.6,5.6,6.8,55.9,44.1,"[{""score"": ""1 - 1"", ""pct"": 12.78}, {""score"": ""1 - 0"", ""pct"": 10.27}, {""score"": ""0 - 1"", ""pct"": 8.57}]"
Turkey,United States,United States,1.365,1.272,39.1,27.0,33.9,38.1,6.6,7.8,33.9,5.9,7.6,52.6,47.4,"[{""score"": ""1 - 1"", ""pct"": 11.959999999999999}, {""score"": ""1 - 0"", ""pct"": 10.03}, {""score"": ""0 - 1"", ""pct"": 9.25}]"
Morocco,United States,United States,1.59,1.227,45.5,25.9,28.6,45.3,6.7,8.1,29.0,4.9,6.0,60.0,40.0,"[{""score"": ""1 - 1"", ""pct"": 11.57}, {""score"": ""1 - 0"", ""pct"": 9.969999999999999}, {""score"": ""2 - 1"", ""pct"": 8.99}]"
Haiti,United States,United States,0.958,1.819,19.0,23.8,57.2,19.0,2.9,4.1,58.1,7.6,8.3,26.0,74.0,"[{""score"": ""0 - 1"", ""pct"": 11.469999999999999}, {""score"": ""1 - 1"", ""pct"": 10.95}, {""score"": ""0 - 2"", ""pct"": 9.83}]"
South Korea,United States,United States,1.346,1.291,37.7,27.3,35.0,37.7,6.3,7.9,34.6,5.7,7.8,51.9,48.1,"[{""score"": ""1 - 1"", ""pct"": 12.34}, {""score"": ""1 - 0"", ""pct"": 9.99}, {""score"": ""0 - 1"", ""pct"": 9.53}]"
Curaçao,United States,United States,0.812,2.037,12.9,20.3,66.7,13.3,2.6,3.0,65.7,7.2,8.1,18.9,81.1,"[{""score"": ""0 - 1"", ""pct"": 13.25}, {""score"": ""0 - 2"", ""pct"": 11.93}, {""score"": ""1 - 2"", ""pct"": 9.26}]"
Paraguay,United States,United States,1.327,1.311,37.1,27.3,35.6,36.7,6.0,7.5,36.5,5.9,7.4,50.2,49.8,"[{""score"": ""1 - 1"", ""pct"": 12.280000000000001}, {""score"": ""1 - 0"", ""pct"": 9.46}, {""score"": ""0 - 1"", ""pct"": 9.15}]"
Iran,United States,United States,1.346,1.238,37.9,28.1,34.1,38.6,6.7,8.3,33.1,5.6,7.8,53.5,46.5,"[{""score"": ""1 - 1"", ""pct"": 13.07}, {""score"": ""1 - 0"", ""pct"": 10.03}, {""score"": ""0 - 1"", ""pct"": 9.32}]"
Mexico,Jordan,Mexico,1.916,0.86,63.5,21.6,14.9,62.1,7.1,8.7,15.0,3.0,4.0,77.9,22.1,"[{""score"": ""1 - 0"", ""pct"": 12.61}, {""score"": ""2 - 0"", ""pct"": 11.99}, {""score"": ""2 - 1"", ""pct"": 10.209999999999999}]"
Mexico,Australia,Mexico,1.466,0.932,48.5,28.1,23.4,49.9,7.8,9.5,22.6,4.3,6.0,67.2,32.8,"[{""score"": ""1 - 0"", ""pct"": 13.23}, {""score"": ""1 - 1"", ""pct"": 12.479999999999999}, {""score"": ""0 - 0"", ""pct"": 10.43}]"
Mexico,Germany,Mexico,1.385,1.099,41.4,29.4,29.1,43.2,7.0,8.7,29.2,5.0,6.9,58.9,41.2,"[{""score"": ""1 - 1"", ""pct"": 13.120000000000001}, {""score"": ""1 - 0"", ""pct"": 11.450000000000001}, {""score"": ""0 - 0"", ""pct"": 9.87}]"
Mexico,Canada,Mexico,1.574,0.925,53.2,26.4,20.4,52.0,7.6,9.4,21.1,4.3,5.5,69.1,30.9,"[{""score"": ""1 - 0"", ""pct"": 13.43}, {""score"": ""1 - 1"", ""pct"": 12.13}, {""score"": ""2 - 0"", ""pct"": 10.03}]"
Mexico,Czech Republic,Mexico,1.977,0.73,67.6,20.5,11.9,67.2,7.2,8.2,11.8,2.5,3.1,82.6,17.4,"[{""score"": ""1 - 0"", ""pct"": 13.719999999999999}, {""score"": ""2 - 0"", ""pct"": 12.98}, {""score"": ""2 - 1"", ""pct"": 9.58}]"
Mexico,Saudi Arabia,Mexico,2.046,0.622,71.0,19.8,9.2,71.5,7.2,8.0,8.7,2.2,2.5,86.7,13.3,"[{""score"": ""2 - 0"", ""pct"": 14.940000000000001}, {""score"": ""1 - 0"", ""pct"": 14.649999999999999}, {""score"": ""3 - 0"", ""pct"": 9.969999999999999}]"
Mexico,Argentina,Mexico,1.042,1.306,28.4,29.5,42.1,28.8,4.9,7.9,42.6,6.5,9.3,41.7,58.3,"[{""score"": ""0 - 1"", ""pct"": 12.72}, {""score"": ""1 - 1"", ""pct"": 12.67}, {""score"": ""0 - 0"", ""pct"": 11.35}]"
Mexico,New Zealand,Mexico,2.145,0.636,73.3,18.4,8.3,72.9,7.2,7.7,8.4,1.6,2.2,87.8,12.2,"[{""score"": ""2 - 0"", ""pct"": 14.45}, {""score"": ""1 - 0"", ""pct"": 13.919999999999998}, {""score"": ""3 - 0"", ""pct"": 9.69}]"
Mexico,Senegal,Mexico,1.459,0.978,48.8,27.2,24.0,49.2,7.1,9.4,23.5,4.4,6.5,65.7,34.3,"[{""score"": ""1 - 0"", ""pct"": 13.07}, {""score"": ""1 - 1"", ""pct"": 12.17}, {""score"": ""0 - 0"", ""pct"": 9.790000000000001}]"
Mexico,Sweden,Mexico,2.162,0.683,72.1,18.4,9.5,71.9,7.5,7.3,9.5,1.6,2.2,86.7,13.3,"[{""score"": ""2 - 0"", ""pct"": 13.55}, {""score"": ""1 - 0"", ""pct"": 13.48}, {""score"": ""2 - 1"", ""pct"": 9.71}]"
Mexico,Netherlands,Mexico,1.373,1.043,43.5,29.1,27.4,43.7,7.0,9.6,27.4,5.2,7.1,60.3,39.7,"[{""score"": ""1 - 1"", ""pct"": 12.989999999999998}, {""score"": ""1 - 0"", ""pct"": 12.49}, {""score"": ""0 - 0"", ""pct"": 10.16}]"
Mexico,Tunisia,Mexico,1.913,0.648,67.5,20.9,11.6,68.2,7.4,8.8,10.7,2.0,2.9,84.4,15.6,"[{""score"": ""1 - 0"", ""pct"": 15.120000000000001}, {""score"": ""2 - 0"", ""pct"": 13.22}, {""score"": ""1 - 1"", ""pct"": 9.01}]"
Mexico,Scotland,Mexico,1.853,0.846,60.8,23.8,15.3,61.5,7.5,8.7,15.4,3.0,3.9,77.7,22.3,"[{""score"": ""1 - 0"", ""pct"": 13.059999999999999}, {""score"": ""2 - 0"", ""pct"": 10.95}, {""score"": ""1 - 1"", ""pct"": 10.83}]"
Mexico,Colombia,Mexico,1.2,1.145,36.2,30.3,33.5,36.2,6.4,9.5,33.8,5.9,8.1,52.2,47.8,"[{""score"": ""1 - 1"", ""pct"": 14.09}, {""score"": ""1 - 0"", ""pct"": 11.21}, {""score"": ""0 - 1"", ""pct"": 11.14}]"
Mexico,Japan,Mexico,1.215,1.123,37.4,29.4,33.3,36.8,6.5,8.9,33.8,5.7,8.3,52.2,47.8,"[{""score"": ""1 - 1"", ""pct"": 12.9}, {""score"": ""1 - 0"", ""pct"": 11.790000000000001}, {""score"": ""0 - 1"", ""pct"": 11.16}]"
Mexico,France,Mexico,1.183,1.186,35.0,29.0,36.0,35.0,6.6,8.4,36.2,5.6,8.3,49.9,50.1,"[{""score"": ""1 - 1"", ""pct"": 12.7}, {""score"": ""0 - 1"", ""pct"": 11.4}, {""score"": ""1 - 0"", ""pct"": 11.39}]"
Mexico,Uzbekistan,Mexico,1.656,0.815,57.7,25.0,17.3,56.8,8.1,10.0,17.2,3.3,4.5,74.9,25.1,"[{""score"": ""1 - 0"", ""pct"": 15.06}, {""score"": ""2 - 0"", ""pct"": 11.37}, {""score"": ""1 - 1"", ""pct"": 11.24}]"
Mexico,Ecuador,Mexico,1.241,1.034,41.5,28.5,30.1,40.4,6.5,9.2,30.9,5.2,7.8,56.0,44.0,"[{""score"": ""1 - 0"", ""pct"": 13.239999999999998}, {""score"": ""1 - 1"", ""pct"": 12.53}, {""score"": ""0 - 0"", ""pct"": 10.92}]"
Mexico,Qatar,Mexico,2.738,0.44,84.9,11.7,3.4,86.1,5.2,4.3,3.1,0.6,0.7,95.6,4.4,"[{""score"": ""2 - 0"", ""pct"": 15.89}, {""score"": ""3 - 0"", ""pct"": 14.16}, {""score"": ""1 - 0"", ""pct"": 11.49}]"
Mexico,Ivory Coast,Mexico,1.768,0.851,59.1,23.9,17.0,58.9,7.9,8.5,17.1,3.1,4.6,75.2,24.8,"[{""score"": ""1 - 0"", ""pct"": 13.91}, {""score"": ""1 - 1"", ""pct"": 10.84}, {""score"": ""2 - 0"", ""pct"": 10.530000000000001}]"
Mexico,England,Mexico,1.106,1.11,34.0,30.6,35.4,35.7,6.3,9.2,33.8,5.9,9.1,51.2,48.8,"[{""score"": ""1 - 1"", ""pct"": 13.69}, {""score"": ""0 - 1"", ""pct"": 12.32}, {""score"": ""0 - 0"", ""pct"": 11.72}]"
Mexico,Cape Verde,Mexico,2.162,0.629,73.6,17.7,8.7,73.1,7.1,7.3,8.6,1.8,2.1,87.5,12.5,"[{""score"": ""2 - 0"", ""pct"": 14.34}, {""score"": ""1 - 0"", ""pct"": 13.569999999999999}, {""score"": ""3 - 0"", ""pct"": 10.209999999999999}]"
Mexico,Panama,Mexico,1.779,0.897,58.9,23.8,17.3,58.3,7.6,8.6,18.0,3.2,4.3,74.5,25.5,"[{""score"": ""1 - 0"", ""pct"": 13.41}, {""score"": ""2 - 0"", ""pct"": 10.93}, {""score"": ""1 - 1"", ""pct"": 10.54}]"
Mexico,Austria,Mexico,1.67,0.863,57.4,24.8,17.9,57.1,6.8,9.3,18.4,3.4,5.1,73.1,26.9,"[{""score"": ""1 - 0"", ""pct"": 13.469999999999999}, {""score"": ""1 - 1"", ""pct"": 11.559999999999999}, {""score"": ""2 - 0"", ""pct"": 11.16}]"
Mexico,Belgium,Mexico,1.446,0.984,48.3,27.7,24.0,47.6,7.1,9.6,24.8,4.7,6.2,64.2,35.8,"[{""score"": ""1 - 0"", ""pct"": 13.33}, {""score"": ""1 - 1"", ""pct"": 13.11}, {""score"": ""2 - 1"", ""pct"": 9.89}]"
Mexico,Egypt,Mexico,1.722,0.825,59.5,24.2,16.3,59.3,7.4,9.4,16.4,3.0,4.6,76.1,23.9,"[{""score"": ""1 - 0"", ""pct"": 14.06}, {""score"": ""2 - 0"", ""pct"": 11.89}, {""score"": ""1 - 1"", ""pct"": 11.15}]"
Mexico,Iraq,Mexico,1.819,0.631,66.9,22.0,11.1,65.3,7.5,9.9,12.0,2.1,3.2,82.8,17.2,"[{""score"": ""1 - 0"", ""pct"": 16.21}, {""score"": ""2 - 0"", ""pct"": 14.249999999999998}, {""score"": ""1 - 1"", ""pct"": 9.35}]"
Mexico,Switzerland,Mexico,1.65,0.979,53.2,25.5,21.3,53.2,7.5,9.2,20.8,4.1,5.3,69.8,30.2,"[{""score"": ""1 - 0"", ""pct"": 12.509999999999998}, {""score"": ""1 - 1"", ""pct"": 11.91}, {""score"": ""2 - 1"", ""pct"": 9.99}]"
Mexico,Brazil,Mexico,1.186,1.156,35.9,29.3,34.7,36.0,6.1,8.7,34.3,5.8,9.1,50.8,49.2,"[{""score"": ""1 - 1"", ""pct"": 13.239999999999998}, {""score"": ""1 - 0"", ""pct"": 11.27}, {""score"": ""0 - 1"", ""pct"": 10.89}]"
Mexico,United States,Mexico,1.748,0.857,58.6,23.7,17.7,58.1,7.6,9.3,17.1,3.4,4.5,75.0,25.0,"[{""score"": ""1 - 0"", ""pct"": 13.05}, {""score"": ""1 - 1"", ""pct"": 10.96}, {""score"": ""2 - 0"", ""pct"": 10.71}]"
Mexico,Ghana,Mexico,2.165,0.55,74.5,17.8,7.8,75.0,7.1,6.9,7.6,1.5,1.9,89.0,11.0,"[{""score"": ""2 - 0"", ""pct"": 15.379999999999999}, {""score"": ""1 - 0"", ""pct"": 14.7}, {""score"": ""3 - 0"", ""pct"": 10.51}]"
Mexico,Uruguay,Mexico,1.425,0.992,46.3,27.9,25.8,47.1,7.2,9.2,24.9,4.8,6.7,63.5,36.5,"[{""score"": ""1 - 1"", ""pct"": 12.91}, {""score"": ""1 - 0"", ""pct"": 12.24}, {""score"": ""0 - 0"", ""pct"": 9.700000000000001}]"
Mexico,Portugal,Mexico,1.291,1.156,39.0,28.5,32.6,38.2,6.4,9.2,32.8,5.3,8.1,53.8,46.2,"[{""score"": ""1 - 1"", ""pct"": 12.590000000000002}, {""score"": ""1 - 0"", ""pct"": 10.93}, {""score"": ""0 - 1"", ""pct"": 10.0}]"
Mexico,Algeria,Mexico,1.568,0.978,50.3,27.2,22.6,50.3,7.7,9.5,23.1,3.7,5.7,67.5,32.5,"[{""score"": ""1 - 0"", ""pct"": 12.53}, {""score"": ""1 - 1"", ""pct"": 12.479999999999999}, {""score"": ""2 - 0"", ""pct"": 9.27}]"
Mexico,Spain,Mexico,1.061,1.424,27.7,27.4,44.9,26.7,4.9,6.9,45.2,6.7,9.7,38.5,61.5,"[{""score"": ""1 - 1"", ""pct"": 12.889999999999999}, {""score"": ""0 - 1"", ""pct"": 12.280000000000001}, {""score"": ""1 - 2"", ""pct"": 9.24}]"
Mexico,Bosnia and Herzegovina,Mexico,2.429,0.538,79.7,14.8,5.5,79.4,6.6,5.9,5.5,1.3,1.3,91.9,8.1,"[{""score"": ""2 - 0"", ""pct"": 15.5}, {""score"": ""1 - 0"", ""pct"": 12.959999999999999}, {""score"": ""3 - 0"", ""pct"": 11.51}]"
Mexico,South Africa,Mexico,2.093,0.586,73.2,18.4,8.5,72.6,7.5,7.4,8.8,1.6,2.1,87.5,12.5,"[{""score"": ""1 - 0"", ""pct"": 15.120000000000001}, {""score"": ""2 - 0"", ""pct"": 14.530000000000001}, {""score"": ""3 - 0"", ""pct"": 10.12}]"
Mexico,DR Congo,Mexico,1.715,0.662,63.4,24.1,12.5,62.5,8.1,10.3,13.1,2.3,3.6,80.9,19.1,"[{""score"": ""1 - 0"", ""pct"": 16.439999999999998}, {""score"": ""2 - 0"", ""pct"": 13.51}, {""score"": ""1 - 1"", ""pct"": 10.459999999999999}]"
Mexico,Croatia,Mexico,1.472,0.947,48.6,28.4,22.9,48.9,7.0,10.1,23.4,4.1,6.5,66.0,34.0,"[{""score"": ""1 - 0"", ""pct"": 13.23}, {""score"": ""1 - 1"", ""pct"": 12.379999999999999}, {""score"": ""0 - 0"", ""pct"": 10.39}]"
Mexico,Norway,Mexico,1.445,0.985,47.1,27.8,25.0,48.5,7.1,9.6,23.6,4.5,6.8,65.1,34.9,"[{""score"": ""1 - 0"", ""pct"": 13.020000000000001}, {""score"": ""1 - 1"", ""pct"": 12.509999999999998}, {""score"": ""0 - 0"", ""pct"": 9.75}]"
Mexico,Turkey,Mexico,1.464,0.998,47.5,27.3,25.1,48.6,6.9,9.3,24.2,4.8,6.2,64.7,35.3,"[{""score"": ""1 - 0"", ""pct"": 13.11}, {""score"": ""1 - 1"", ""pct"": 12.45}, {""score"": ""2 - 1"", ""pct"": 9.26}]"
Mexico,Morocco,Mexico,1.238,1.116,38.0,30.0,32.0,38.6,6.2,8.9,32.2,6.1,7.9,53.8,46.2,"[{""score"": ""1 - 1"", ""pct"": 13.91}, {""score"": ""1 - 0"", ""pct"": 11.74}, {""score"": ""0 - 1"", ""pct"": 10.81}]"
Mexico,Haiti,Mexico,2.014,0.685,69.5,20.0,10.5,68.8,7.4,7.8,11.0,2.1,2.9,84.0,16.0,"[{""score"": ""1 - 0"", ""pct"": 14.38}, {""score"": ""2 - 0"", ""pct"": 13.38}, {""score"": ""1 - 1"", ""pct"": 9.59}]"
Mexico,South Korea,Mexico,1.703,0.97,54.9,24.5,20.6,54.5,7.7,8.6,20.5,3.8,4.8,70.9,29.1,"[{""score"": ""1 - 0"", ""pct"": 11.95}, {""score"": ""1 - 1"", ""pct"": 10.96}, {""score"": ""2 - 0"", ""pct"": 10.07}]"
Mexico,Curaçao,Mexico,2.376,0.585,77.9,15.9,6.2,77.6,6.5,6.7,6.5,1.2,1.6,90.8,9.2,"[{""score"": ""2 - 0"", ""pct"": 14.549999999999999}, {""score"": ""1 - 0"", ""pct"": 12.53}, {""score"": ""3 - 0"", ""pct"": 11.65}]"
Mexico,Paraguay,Mexico,1.707,0.92,56.5,24.4,19.1,56.3,7.6,8.5,19.4,3.5,4.8,72.3,27.7,"[{""score"": ""1 - 0"", ""pct"": 13.11}, {""score"": ""1 - 1"", ""pct"": 11.08}, {""score"": ""2 - 0"", ""pct"": 10.63}]"
Mexico,Iran,Mexico,1.415,0.975,47.5,27.3,25.2,46.5,7.3,9.8,25.4,4.7,6.3,63.6,36.4,"[{""score"": ""1 - 0"", ""pct"": 13.3}, {""score"": ""1 - 1"", ""pct"": 12.31}, {""score"": ""0 - 0"", ""pct"": 9.62}]"
Jordan,Mexico,Mexico,0.86,1.916,15.1,21.7,63.2,16.0,3.2,3.6,61.9,7.4,8.0,22.7,77.3,"[{""score"": ""0 - 1"", ""pct"": 12.920000000000002}, {""score"": ""0 - 2"", ""pct"": 11.92}, {""score"": ""1 - 1"", ""pct"": 9.85}]"
Australia,Mexico,Mexico,0.932,1.466,23.0,27.9,49.1,23.0,4.1,6.3,48.8,7.6,10.3,33.4,66.6,"[{""score"": ""0 - 1"", ""pct"": 14.14}, {""score"": ""1 - 1"", ""pct"": 12.6}, {""score"": ""0 - 0"", ""pct"": 10.190000000000001}]"
Germany,Mexico,Mexico,1.099,1.385,28.9,27.1,44.1,29.0,5.5,7.1,42.4,6.9,9.2,41.5,58.5,"[{""score"": ""0 - 1"", ""pct"": 12.379999999999999}, {""score"": ""1 - 1"", ""pct"": 12.21}, {""score"": ""1 - 0"", ""pct"": 9.15}]"
Canada,Mexico,Mexico,0.925,1.574,21.7,26.6,51.7,21.0,4.2,5.9,52.4,7.1,9.4,31.0,69.0,"[{""score"": ""0 - 1"", ""pct"": 13.33}, {""score"": ""1 - 1"", ""pct"": 12.08}, {""score"": ""0 - 2"", ""pct"": 9.94}]"
Czech Republic,Mexico,Mexico,0.73,1.977,11.7,21.2,67.0,11.2,2.1,3.1,67.9,7.4,8.3,16.4,83.6,"[{""score"": ""0 - 1"", ""pct"": 13.370000000000001}, {""score"": ""0 - 2"", ""pct"": 12.76}, {""score"": ""1 - 2"", ""pct"": 9.6}]"
Saudi Arabia,Mexico,Mexico,0.622,2.046,8.9,18.9,72.2,9.7,1.8,2.3,70.6,7.3,8.3,13.8,86.2,"[{""score"": ""0 - 2"", ""pct"": 15.040000000000001}, {""score"": ""0 - 1"", ""pct"": 15.0}, {""score"": ""0 - 3"", ""pct"": 9.379999999999999}]"
Argentina,Mexico,Mexico,1.306,1.042,43.0,29.1,27.9,42.2,6.6,9.5,29.0,4.9,7.7,58.3,41.7,"[{""score"": ""1 - 1"", ""pct"": 13.44}, {""score"": ""1 - 0"", ""pct"": 12.93}, {""score"": ""0 - 0"", ""pct"": 10.74}]"
New Zealand,Mexico,Mexico,0.636,2.145,8.6,18.3,73.2,8.9,1.9,2.1,72.4,7.1,7.7,12.9,87.1,"[{""score"": ""0 - 1"", ""pct"": 14.26}, {""score"": ""0 - 2"", ""pct"": 13.969999999999999}, {""score"": ""0 - 3"", ""pct"": 9.959999999999999}]"
Senegal,Mexico,Mexico,0.978,1.459,24.9,27.3,47.8,24.7,4.1,6.1,47.9,7.4,9.8,34.9,65.1,"[{""score"": ""0 - 1"", ""pct"": 12.889999999999999}, {""score"": ""1 - 1"", ""pct"": 12.46}, {""score"": ""1 - 2"", ""pct"": 9.26}]"
Sweden,Mexico,Mexico,0.683,2.162,10.0,18.4,71.6,9.4,1.9,2.2,72.4,7.0,7.1,13.5,86.5,"[{""score"": ""0 - 1"", ""pct"": 13.819999999999999}, {""score"": ""0 - 2"", ""pct"": 13.56}, {""score"": ""0 - 3"", ""pct"": 8.92}]"
Netherlands,Mexico,Mexico,1.043,1.373,27.5,28.8,43.7,28.0,5.1,7.5,43.4,6.8,9.2,40.6,59.3,"[{""score"": ""1 - 1"", ""pct"": 12.629999999999999}, {""score"": ""0 - 1"", ""pct"": 12.44}, {""score"": ""0 - 0"", ""pct"": 10.4}]"
Tunisia,Mexico,Mexico,0.648,1.913,10.7,21.9,67.4,10.4,2.2,2.9,68.5,7.2,8.8,15.4,84.6,"[{""score"": ""0 - 1"", ""pct"": 14.67}, {""score"": ""0 - 2"", ""pct"": 14.42}, {""score"": ""1 - 1"", ""pct"": 9.53}]"
Scotland,Mexico,Mexico,0.846,1.853,15.9,22.4,61.7,16.1,3.0,4.2,60.2,7.9,8.6,23.2,76.8,"[{""score"": ""0 - 1"", ""pct"": 13.469999999999999}, {""score"": ""0 - 2"", ""pct"": 11.25}, {""score"": ""1 - 1"", ""pct"": 10.15}]"
Colombia,Mexico,Mexico,1.145,1.2,34.2,29.6,36.2,34.4,5.8,8.6,36.3,5.9,9.1,48.8,51.2,"[{""score"": ""1 - 1"", ""pct"": 13.089999999999998}, {""score"": ""0 - 1"", ""pct"": 11.1}, {""score"": ""1 - 0"", ""pct"": 10.92}]"
Japan,Mexico,Mexico,1.123,1.215,32.6,29.9,37.5,32.5,5.7,7.8,38.2,6.4,9.4,46.0,54.0,"[{""score"": ""1 - 1"", ""pct"": 13.139999999999999}, {""score"": ""0 - 1"", ""pct"": 11.39}, {""score"": ""0 - 0"", ""pct"": 10.84}]"
France,Mexico,Mexico,1.186,1.183,35.5,29.2,35.2,36.0,6.1,8.6,34.8,6.2,8.2,50.8,49.2,"[{""score"": ""1 - 1"", ""pct"": 13.01}, {""score"": ""0 - 1"", ""pct"": 11.57}, {""score"": ""1 - 0"", ""pct"": 11.4}]"
Uzbekistan,Mexico,Mexico,0.815,1.656,17.3,25.3,57.4,17.2,3.2,4.5,57.5,8.0,9.6,24.9,75.1,"[{""score"": ""0 - 1"", ""pct"": 14.499999999999998}, {""score"": ""0 - 2"", ""pct"": 11.44}, {""score"": ""1 - 1"", ""pct"": 11.33}]"
Ecuador,Mexico,Mexico,1.034,1.241,29.4,30.1,40.5,29.3,5.3,8.2,40.9,6.5,9.9,42.8,57.2,"[{""score"": ""1 - 1"", ""pct"": 13.76}, {""score"": ""0 - 1"", ""pct"": 13.309999999999999}, {""score"": ""0 - 0"", ""pct"": 10.85}]"
Qatar,Mexico,Mexico,0.44,2.738,3.5,10.5,86.0,3.2,0.8,0.6,85.8,5.3,4.2,4.7,95.3,"[{""score"": ""0 - 2"", ""pct"": 15.89}, {""score"": ""0 - 3"", ""pct"": 14.580000000000002}, {""score"": ""0 - 1"", ""pct"": 11.95}]"
Ivory Coast,Mexico,Mexico,0.851,1.768,16.8,24.2,59.0,17.4,3.1,4.3,59.0,7.6,8.6,24.8,75.2,"[{""score"": ""0 - 1"", ""pct"": 13.22}, {""score"": ""0 - 2"", ""pct"": 11.35}, {""score"": ""1 - 1"", ""pct"": 11.32}]"
England,Mexico,Mexico,1.11,1.106,35.2,30.7,34.1,34.9,6.4,8.4,35.1,5.7,9.5,49.7,50.3,"[{""score"": ""1 - 1"", ""pct"": 13.74}, {""score"": ""0 - 1"", ""pct"": 12.21}, {""score"": ""0 - 0"", ""pct"": 11.89}]"
Cape Verde,Mexico,Mexico,0.629,2.162,9.0,18.8,72.2,8.2,1.8,2.0,73.4,7.4,7.3,12.0,88.0,"[{""score"": ""0 - 2"", ""pct"": 14.219999999999999}, {""score"": ""0 - 1"", ""pct"": 13.719999999999999}, {""score"": ""0 - 3"", ""pct"": 10.17}]"
Panama,Mexico,Mexico,0.897,1.779,17.3,24.4,58.2,17.5,3.4,4.3,58.1,7.6,9.1,25.2,74.8,"[{""score"": ""0 - 1"", ""pct"": 12.4}, {""score"": ""1 - 1"", ""pct"": 11.06}, {""score"": ""0 - 2"", ""pct"": 10.91}]"
Austria,Mexico,Mexico,0.863,1.67,18.4,25.4,56.3,18.9,3.6,4.8,56.2,7.5,9.0,27.3,72.7,"[{""score"": ""0 - 1"", ""pct"": 13.44}, {""score"": ""1 - 1"", ""pct"": 11.52}, {""score"": ""0 - 2"", ""pct"": 11.28}]"
Belgium,Mexico,Mexico,0.984,1.446,25.7,27.1,47.2,25.1,4.6,6.2,47.8,6.9,9.4,35.9,64.1,"[{""score"": ""0 - 1"", ""pct"": 12.93}, {""score"": ""1 - 1"", ""pct"": 11.65}, {""score"": ""0 - 0"", ""pct"": 9.87}]"
Egypt,Mexico,Mexico,0.825,1.722,16.1,24.9,59.1,16.4,3.5,4.3,58.9,7.4,9.6,24.2,75.8,"[{""score"": ""0 - 1"", ""pct"": 13.950000000000001}, {""score"": ""0 - 2"", ""pct"": 11.52}, {""score"": ""1 - 1"", ""pct"": 10.93}]"
Iraq,Mexico,Mexico,0.631,1.819,11.1,23.0,65.9,11.9,2.1,2.9,66.5,7.5,9.0,17.0,83.0,"[{""score"": ""0 - 1"", ""pct"": 15.55}, {""score"": ""0 - 2"", ""pct"": 14.06}, {""score"": ""1 - 1"", ""pct"": 10.45}]"
Switzerland,Mexico,Mexico,0.979,1.65,22.0,25.4,52.6,20.4,4.3,5.3,53.4,7.4,9.2,30.0,70.0,"[{""score"": ""0 - 1"", ""pct"": 11.940000000000001}, {""score"": ""1 - 1"", ""pct"": 11.540000000000001}, {""score"": ""1 - 2"", ""pct"": 9.78}]"
Brazil,Mexico,Mexico,1.156,1.186,34.5,29.4,36.1,34.8,6.2,8.6,35.9,6.0,8.5,49.6,50.4,"[{""score"": ""1 - 1"", ""pct"": 13.25}, {""score"": ""0 - 1"", ""pct"": 11.31}, {""score"": ""0 - 0"", ""pct"": 10.85}]"
United States,Mexico,Mexico,0.857,1.748,16.2,24.7,59.1,17.0,3.0,4.3,58.7,8.1,8.8,24.4,75.6,"[{""score"": ""0 - 1"", ""pct"": 13.450000000000001}, {""score"": ""1 - 1"", ""pct"": 11.05}, {""score"": ""0 - 2"", ""pct"": 11.020000000000001}]"
Ghana,Mexico,Mexico,0.55,2.165,7.3,17.3,75.4,7.4,1.3,2.2,74.9,6.8,7.4,10.9,89.1,"[{""score"": ""0 - 2"", ""pct"": 15.8}, {""score"": ""0 - 1"", ""pct"": 15.09}, {""score"": ""0 - 3"", ""pct"": 10.879999999999999}]"
Uruguay,Mexico,Mexico,0.992,1.425,25.7,27.0,47.3,25.0,4.6,7.0,46.4,7.6,9.5,36.5,63.5,"[{""score"": ""0 - 1"", ""pct"": 12.889999999999999}, {""score"": ""1 - 1"", ""pct"": 12.31}, {""score"": ""1 - 2"", ""pct"": 9.34}]"
Portugal,Mexico,Mexico,1.156,1.291,31.9,29.0,39.0,33.0,5.6,8.0,39.1,6.0,8.3,46.6,53.4,"[{""score"": ""1 - 1"", ""pct"": 13.16}, {""score"": ""0 - 1"", ""pct"": 11.600000000000001}, {""score"": ""1 - 0"", ""pct"": 10.12}]"
Algeria,Mexico,Mexico,0.978,1.568,23.1,26.4,50.5,22.8,4.1,5.9,50.6,7.2,9.4,32.8,67.2,"[{""score"": ""0 - 1"", ""pct"": 12.590000000000002}, {""score"": ""1 - 1"", ""pct"": 11.95}, {""score"": ""0 - 2"", ""pct"": 9.56}]"
Spain,Mexico,Mexico,1.424,1.061,44.7,27.6,27.7,44.9,6.8,8.8,27.6,5.1,6.9,60.5,39.5,"[{""score"": ""1 - 1"", ""pct"": 12.76}, {""score"": ""1 - 0"", ""pct"": 12.32}, {""score"": ""0 - 0"", ""pct"": 9.43}]"
Bosnia and Herzegovina,Mexico,Mexico,0.538,2.429,6.0,14.5,79.5,5.7,0.8,1.2,80.2,6.1,5.9,7.8,92.2,"[{""score"": ""0 - 2"", ""pct"": 14.87}, {""score"": ""0 - 3"", ""pct"": 13.100000000000001}, {""score"": ""0 - 1"", ""pct"": 12.989999999999998}]"
South Africa,Mexico,Mexico,0.586,2.093,8.2,19.0,72.8,8.1,1.8,2.2,72.9,7.0,8.1,12.0,88.0,"[{""score"": ""0 - 1"", ""pct"": 15.040000000000001}, {""score"": ""0 - 2"", ""pct"": 14.540000000000001}, {""score"": ""0 - 3"", ""pct"": 9.94}]"
DR Congo,Mexico,Mexico,0.662,1.715,12.2,24.3,63.5,13.3,2.4,3.7,63.0,7.4,10.1,19.4,80.6,"[{""score"": ""0 - 1"", ""pct"": 16.689999999999998}, {""score"": ""0 - 2"", ""pct"": 13.459999999999999}, {""score"": ""1 - 1"", ""pct"": 10.71}]"
Croatia,Mexico,Mexico,0.947,1.472,23.4,27.3,49.3,22.9,4.3,6.6,48.4,7.8,10.1,33.8,66.2,"[{""score"": ""0 - 1"", ""pct"": 13.25}, {""score"": ""1 - 1"", ""pct"": 12.379999999999999}, {""score"": ""0 - 0"", ""pct"": 9.71}]"
Norway,Mexico,Mexico,0.985,1.445,25.4,27.7,47.0,25.0,4.5,6.4,47.3,7.2,9.6,35.9,64.1,"[{""score"": ""1 - 1"", ""pct"": 12.97}, {""score"": ""0 - 1"", ""pct"": 12.8}, {""score"": ""0 - 0"", ""pct"": 9.35}]"
Turkey,Mexico,Mexico,0.998,1.464,24.3,27.0,48.6,24.9,4.5,6.3,47.5,6.9,9.8,35.7,64.3,"[{""score"": ""0 - 1"", ""pct"": 13.33}, {""score"": ""1 - 1"", ""pct"": 12.3}, {""score"": ""1 - 2"", ""pct"": 9.42}]"
Morocco,Mexico,Mexico,1.116,1.238,32.5,29.2,38.3,31.5,5.7,8.4,38.6,6.7,9.2,45.5,54.5,"[{""score"": ""1 - 1"", ""pct"": 13.200000000000001}, {""score"": ""0 - 1"", ""pct"": 11.700000000000001}, {""score"": ""1 - 0"", ""pct"": 10.42}]"
Haiti,Mexico,Mexico,0.685,2.014,10.4,20.7,69.0,10.7,1.9,2.8,69.2,7.2,8.2,15.4,84.6,"[{""score"": ""0 - 1"", ""pct"": 13.94}, {""score"": ""0 - 2"", ""pct"": 13.73}, {""score"": ""1 - 1"", ""pct"": 9.35}]"
South Korea,Mexico,Mexico,0.97,1.703,20.0,25.4,54.5,20.2,3.8,4.7,54.7,7.8,8.8,28.7,71.3,"[{""score"": ""0 - 1"", ""pct"": 11.85}, {""score"": ""1 - 1"", ""pct"": 11.55}, {""score"": ""1 - 2"", ""pct"": 10.27}]"
Curaçao,Mexico,Mexico,0.585,2.376,6.7,15.6,77.7,7.1,1.3,1.6,77.4,6.5,6.1,10.0,90.0,"[{""score"": ""0 - 2"", ""pct"": 14.26}, {""score"": ""0 - 1"", ""pct"": 12.83}, {""score"": ""0 - 3"", ""pct"": 11.360000000000001}]"
Paraguay,Mexico,Mexico,0.92,1.707,19.5,25.0,55.5,19.1,3.7,4.7,56.6,7.4,8.6,27.5,72.5,"[{""score"": ""0 - 1"", ""pct"": 13.16}, {""score"": ""1 - 1"", ""pct"": 11.65}, {""score"": ""0 - 2"", ""pct"": 9.82}]"
Iran,Mexico,Mexico,0.975,1.415,25.9,28.0,46.0,25.7,4.7,6.1,46.6,7.3,9.6,36.5,63.5,"[{""score"": ""0 - 1"", ""pct"": 12.91}, {""score"": ""1 - 1"", ""pct"": 12.41}, {""score"": ""0 - 0"", ""pct"": 10.27}]"
Canada,Jordan,Canada,1.798,0.885,59.1,24.0,16.9,58.5,7.8,8.8,17.1,3.4,4.5,75.0,24.9,"[{""score"": ""1 - 0"", ""pct"": 13.0}, {""score"": ""1 - 1"", ""pct"": 10.639999999999999}, {""score"": ""2 - 0"", ""pct"": 10.440000000000001}]"
Canada,Australia,Canada,1.336,1.079,43.0,27.8,29.2,41.9,6.4,9.5,29.3,5.2,7.7,57.8,42.2,"[{""score"": ""1 - 0"", ""pct"": 12.45}, {""score"": ""1 - 1"", ""pct"": 12.2}, {""score"": ""0 - 1"", ""pct"": 9.89}]"
Canada,Germany,Canada,1.26,1.105,40.3,28.4,31.4,38.8,6.0,9.8,32.0,5.5,7.9,54.6,45.4,"[{""score"": ""1 - 1"", ""pct"": 12.55}, {""score"": ""1 - 0"", ""pct"": 11.64}, {""score"": ""0 - 1"", ""pct"": 10.65}]"
Canada,Czech Republic,Canada,1.853,0.792,62.6,22.8,14.6,63.2,7.6,8.3,14.8,2.5,3.5,79.2,20.8,"[{""score"": ""1 - 0"", ""pct"": 13.84}, {""score"": ""2 - 0"", ""pct"": 11.81}, {""score"": ""1 - 1"", ""pct"": 10.37}]"
Canada,Saudi Arabia,Canada,1.861,0.739,65.0,22.4,12.6,63.9,7.5,9.2,13.1,2.7,3.6,80.6,19.4,"[{""score"": ""1 - 0"", ""pct"": 14.26}, {""score"": ""2 - 0"", ""pct"": 12.9}, {""score"": ""1 - 1"", ""pct"": 9.73}]"
Canada,Mexico,Canada,1.11,1.042,36.4,31.0,32.6,36.2,6.2,10.1,32.9,5.5,9.1,52.6,47.4,"[{""score"": ""1 - 1"", ""pct"": 13.41}, {""score"": ""0 - 0"", ""pct"": 13.389999999999999}, {""score"": ""1 - 0"", ""pct"": 12.33}]"
Canada,Argentina,Canada,0.849,1.311,23.2,30.1,46.7,23.4,4.7,7.0,46.6,6.8,11.6,35.0,65.0,"[{""score"": ""0 - 1"", ""pct"": 14.89}, {""score"": ""1 - 1"", ""pct"": 12.98}, {""score"": ""0 - 0"", ""pct"": 12.809999999999999}]"
Canada,New Zealand,Canada,1.947,0.768,65.6,21.5,12.9,65.2,7.6,8.5,12.7,2.6,3.4,81.3,18.7,"[{""score"": ""1 - 0"", ""pct"": 13.54}, {""score"": ""2 - 0"", ""pct"": 12.790000000000001}, {""score"": ""1 - 1"", ""pct"": 9.790000000000001}]"
Canada,Senegal,Canada,1.355,1.068,42.8,27.8,29.4,42.7,6.6,9.5,29.1,5.0,7.1,58.8,41.2,"[{""score"": ""1 - 1"", ""pct"": 12.8}, {""score"": ""1 - 0"", ""pct"": 12.0}, {""score"": ""0 - 1"", ""pct"": 9.78}]"
Canada,Sweden,Canada,1.968,0.732,68.2,20.3,11.5,66.7,7.5,8.3,12.1,2.0,3.2,82.6,17.4,"[{""score"": ""1 - 0"", ""pct"": 13.62}, {""score"": ""2 - 0"", ""pct"": 13.11}, {""score"": ""2 - 1"", ""pct"": 9.81}]"
Canada,Netherlands,Canada,1.185,1.108,36.5,30.0,33.5,37.1,6.1,9.1,33.7,5.5,8.4,52.3,47.7,"[{""score"": ""1 - 1"", ""pct"": 13.05}, {""score"": ""1 - 0"", ""pct"": 12.030000000000001}, {""score"": ""0 - 1"", ""pct"": 11.67}]"
Canada,Tunisia,Canada,1.752,0.761,61.6,23.4,14.9,60.7,7.5,9.5,15.1,2.9,4.2,77.7,22.3,"[{""score"": ""1 - 0"", ""pct"": 14.979999999999999}, {""score"": ""2 - 0"", ""pct"": 12.15}, {""score"": ""1 - 1"", ""pct"": 10.639999999999999}]"
Canada,Scotland,Canada,1.732,0.825,59.0,24.3,16.7,59.2,7.5,9.3,16.5,3.1,4.4,76.1,23.9,"[{""score"": ""1 - 0"", ""pct"": 13.74}, {""score"": ""2 - 0"", ""pct"": 11.14}, {""score"": ""1 - 1"", ""pct"": 10.79}]"
Canada,Colombia,Canada,1.176,1.227,33.7,30.0,36.3,33.6,6.2,8.0,36.8,6.6,8.8,47.8,52.2,"[{""score"": ""1 - 1"", ""pct"": 13.420000000000002}, {""score"": ""0 - 1"", ""pct"": 11.0}, {""score"": ""1 - 0"", ""pct"": 10.89}]"
Canada,Japan,Canada,1.106,1.147,34.3,29.5,36.2,34.6,5.7,9.0,36.2,5.8,8.9,49.2,50.8,"[{""score"": ""1 - 1"", ""pct"": 12.770000000000001}, {""score"": ""0 - 1"", ""pct"": 11.78}, {""score"": ""0 - 0"", ""pct"": 11.76}]"
Canada,France,Canada,1.139,1.233,33.9,29.7,36.4,33.1,5.8,8.5,37.3,6.7,8.5,47.4,52.6,"[{""score"": ""1 - 1"", ""pct"": 13.98}, {""score"": ""1 - 0"", ""pct"": 11.1}, {""score"": ""0 - 1"", ""pct"": 11.05}]"
Canada,Uzbekistan,Canada,1.442,0.867,51.1,27.3,21.5,49.9,7.4,10.4,21.6,4.4,6.3,67.7,32.3,"[{""score"": ""1 - 0"", ""pct"": 15.110000000000001}, {""score"": ""1 - 1"", ""pct"": 11.99}, {""score"": ""0 - 0"", ""pct"": 10.71}]"
Canada,Ecuador,Canada,1.124,1.057,37.2,30.4,32.4,36.9,6.0,8.9,33.1,5.6,9.4,51.8,48.2,"[{""score"": ""1 - 1"", ""pct"": 13.5}, {""score"": ""1 - 0"", ""pct"": 13.41}, {""score"": ""0 - 0"", ""pct"": 11.88}]"
Canada,Qatar,Canada,2.47,0.539,80.8,13.9,5.3,81.1,5.7,5.2,5.7,1.1,1.1,92.0,8.0,"[{""score"": ""2 - 0"", ""pct"": 15.440000000000001}, {""score"": ""1 - 0"", ""pct"": 12.740000000000002}, {""score"": ""3 - 0"", ""pct"": 11.87}]"
Canada,Ivory Coast,Canada,1.635,0.824,55.7,26.7,17.6,56.6,7.5,10.3,17.2,3.5,4.8,74.5,25.5,"[{""score"": ""1 - 0"", ""pct"": 13.94}, {""score"": ""1 - 1"", ""pct"": 12.02}, {""score"": ""2 - 0"", ""pct"": 10.54}]"
Canada,England,Canada,1.079,1.203,32.2,30.1,37.7,32.0,5.8,8.2,37.8,6.6,9.6,46.0,54.0,"[{""score"": ""1 - 1"", ""pct"": 13.65}, {""score"": ""0 - 1"", ""pct"": 12.33}, {""score"": ""1 - 0"", ""pct"": 11.21}]"
Canada,Cape Verde,Canada,2.096,0.654,71.5,19.5,9.0,70.5,7.3,8.2,9.7,1.8,2.5,86.0,14.0,"[{""score"": ""1 - 0"", ""pct"": 14.149999999999999}, {""score"": ""2 - 0"", ""pct"": 13.87}, {""score"": ""3 - 0"", ""pct"": 9.49}]"
Canada,Panama,Canada,1.527,0.969,50.6,26.9,22.6,50.2,7.3,9.4,22.9,4.1,6.2,66.9,33.1,"[{""score"": ""1 - 0"", ""pct"": 13.059999999999999}, {""score"": ""1 - 1"", ""pct"": 12.23}, {""score"": ""2 - 1"", ""pct"": 9.65}]"
Canada,Austria,Canada,1.589,0.907,53.5,26.2,20.2,53.1,7.8,9.3,20.8,3.7,5.2,70.2,29.8,"[{""score"": ""1 - 0"", ""pct"": 13.43}, {""score"": ""1 - 1"", ""pct"": 12.04}, {""score"": ""2 - 0"", ""pct"": 9.89}]"
Canada,Belgium,Canada,1.339,1.054,43.2,28.7,28.1,43.1,6.5,9.5,28.2,4.9,7.8,59.2,40.9,"[{""score"": ""1 - 1"", ""pct"": 13.28}, {""score"": ""1 - 0"", ""pct"": 13.03}, {""score"": ""0 - 0"", ""pct"": 9.6}]"
Canada,Egypt,Canada,1.602,0.799,56.8,25.8,17.4,56.1,8.2,10.2,17.2,3.3,4.9,74.6,25.4,"[{""score"": ""1 - 0"", ""pct"": 15.340000000000002}, {""score"": ""1 - 1"", ""pct"": 11.44}, {""score"": ""2 - 0"", ""pct"": 11.34}]"
Canada,Iraq,Canada,1.657,0.738,58.9,25.3,15.8,59.1,7.8,10.4,15.3,3.1,4.2,77.3,22.7,"[{""score"": ""1 - 0"", ""pct"": 15.02}, {""score"": ""2 - 0"", ""pct"": 12.53}, {""score"": ""1 - 1"", ""pct"": 11.16}]"
Canada,Switzerland,Canada,1.343,1.059,42.8,28.6,28.6,42.2,6.7,9.4,28.7,5.2,7.7,58.4,41.6,"[{""score"": ""1 - 1"", ""pct"": 12.91}, {""score"": ""1 - 0"", ""pct"": 11.700000000000001}, {""score"": ""0 - 0"", ""pct"": 10.14}]"
Canada,Brazil,Canada,1.18,1.287,33.6,28.5,37.9,32.2,6.0,8.2,38.1,6.6,8.8,46.5,53.5,"[{""score"": ""1 - 1"", ""pct"": 13.0}, {""score"": ""0 - 1"", ""pct"": 10.549999999999999}, {""score"": ""1 - 0"", ""pct"": 10.299999999999999}]"
Canada,United States,Canada,1.7,0.895,56.0,25.5,18.5,56.6,7.7,8.8,18.4,3.3,5.1,73.1,26.9,"[{""score"": ""1 - 0"", ""pct"": 13.63}, {""score"": ""1 - 1"", ""pct"": 11.899999999999999}, {""score"": ""2 - 0"", ""pct"": 9.71}]"
Canada,Ghana,Canada,2.087,0.594,72.4,19.1,8.5,72.0,7.9,7.7,8.3,2.0,2.2,87.5,12.5,"[{""score"": ""2 - 0"", ""pct"": 15.299999999999999}, {""score"": ""1 - 0"", ""pct"": 14.89}, {""score"": ""3 - 0"", ""pct"": 10.02}]"
Canada,Uruguay,Canada,1.231,1.041,39.4,29.9,30.6,39.9,6.4,9.0,30.6,5.4,8.7,55.3,44.7,"[{""score"": ""1 - 1"", ""pct"": 13.139999999999999}, {""score"": ""1 - 0"", ""pct"": 12.55}, {""score"": ""0 - 0"", ""pct"": 11.459999999999999}]"
Canada,Portugal,Canada,1.161,1.209,34.4,29.1,36.5,34.1,5.8,8.4,36.9,6.0,8.7,48.4,51.6,"[{""score"": ""1 - 1"", ""pct"": 13.08}, {""score"": ""0 - 1"", ""pct"": 11.37}, {""score"": ""1 - 0"", ""pct"": 10.89}]"
Canada,Algeria,Canada,1.271,1.069,40.6,28.9,30.6,40.3,6.4,9.5,30.7,5.3,7.8,56.2,43.8,"[{""score"": ""1 - 1"", ""pct"": 12.64}, {""score"": ""1 - 0"", ""pct"": 12.29}, {""score"": ""0 - 0"", ""pct"": 10.7}]"
Canada,Spain,Canada,0.835,1.377,21.5,29.3,49.1,21.6,4.2,7.0,48.7,7.6,10.8,32.8,67.2,"[{""score"": ""0 - 1"", ""pct"": 15.43}, {""score"": ""1 - 1"", ""pct"": 12.770000000000001}, {""score"": ""0 - 0"", ""pct"": 12.24}]"
Canada,Bosnia and Herzegovina,Canada,2.217,0.565,75.6,17.4,7.0,76.1,6.2,7.1,7.2,1.5,1.8,89.5,10.5,"[{""score"": ""2 - 0"", ""pct"": 14.799999999999999}, {""score"": ""1 - 0"", ""pct"": 14.11}, {""score"": ""3 - 0"", ""pct"": 10.74}]"
Canada,South Africa,Canada,2.008,0.631,70.0,20.0,10.0,70.5,7.0,8.6,9.6,1.9,2.4,86.1,13.9,"[{""score"": ""1 - 0"", ""pct"": 14.799999999999999}, {""score"": ""2 - 0"", ""pct"": 14.16}, {""score"": ""3 - 0"", ""pct"": 9.54}]"
Canada,DR Congo,Canada,1.616,0.759,57.6,26.0,16.4,57.1,7.7,10.4,16.9,3.4,4.5,75.2,24.8,"[{""score"": ""1 - 0"", ""pct"": 15.09}, {""score"": ""2 - 0"", ""pct"": 11.88}, {""score"": ""1 - 1"", ""pct"": 11.559999999999999}]"
Canada,Croatia,Canada,1.346,1.098,42.1,27.8,30.1,41.4,7.2,9.1,29.8,5.0,7.5,57.7,42.3,"[{""score"": ""1 - 1"", ""pct"": 12.520000000000001}, {""score"": ""1 - 0"", ""pct"": 12.29}, {""score"": ""0 - 1"", ""pct"": 9.629999999999999}]"
Canada,Norway,Canada,1.324,1.078,41.8,28.9,29.3,41.4,6.7,8.6,29.8,5.3,8.1,56.8,43.2,"[{""score"": ""1 - 1"", ""pct"": 12.98}, {""score"": ""1 - 0"", ""pct"": 12.15}, {""score"": ""0 - 0"", ""pct"": 10.37}]"
Canada,Turkey,Canada,1.332,1.053,43.6,28.2,28.3,41.9,6.7,9.9,28.7,5.2,7.6,58.5,41.5,"[{""score"": ""1 - 0"", ""pct"": 13.19}, {""score"": ""1 - 1"", ""pct"": 12.889999999999999}, {""score"": ""0 - 0"", ""pct"": 9.77}]"
Canada,Morocco,Canada,1.125,1.099,35.6,30.5,33.8,35.1,5.9,9.1,34.7,5.8,9.4,50.1,49.9,"[{""score"": ""1 - 1"", ""pct"": 13.270000000000001}, {""score"": ""1 - 0"", ""pct"": 12.04}, {""score"": ""0 - 0"", ""pct"": 12.030000000000001}]"
Canada,Haiti,Canada,1.899,0.784,64.2,22.2,13.6,64.8,7.4,8.1,13.5,2.8,3.5,80.2,19.8,"[{""score"": ""1 - 0"", ""pct"": 13.200000000000001}, {""score"": ""2 - 0"", ""pct"": 11.91}, {""score"": ""1 - 1"", ""pct"": 10.14}]"
Canada,South Korea,Canada,1.36,1.078,42.4,29.2,28.4,42.9,6.9,9.1,29.5,4.7,6.9,58.9,41.1,"[{""score"": ""1 - 1"", ""pct"": 12.73}, {""score"": ""1 - 0"", ""pct"": 11.83}, {""score"": ""0 - 0"", ""pct"": 10.12}]"
Canada,Curaçao,Canada,2.258,0.592,75.9,17.4,6.8,76.2,6.7,6.5,7.5,1.2,1.8,89.5,10.5,"[{""score"": ""2 - 0"", ""pct"": 14.790000000000001}, {""score"": ""1 - 0"", ""pct"": 14.030000000000001}, {""score"": ""3 - 0"", ""pct"": 11.07}]"
Canada,Paraguay,Canada,1.361,1.027,44.3,28.6,27.1,44.2,7.0,10.4,26.4,5.0,7.0,61.6,38.4,"[{""score"": ""1 - 1"", ""pct"": 13.389999999999999}, {""score"": ""1 - 0"", ""pct"": 12.370000000000001}, {""score"": ""0 - 0"", ""pct"": 9.77}]"
Canada,Iran,Canada,1.294,1.074,41.9,28.8,29.3,41.1,6.1,9.4,30.2,5.2,7.9,56.7,43.3,"[{""score"": ""1 - 1"", ""pct"": 13.18}, {""score"": ""1 - 0"", ""pct"": 12.629999999999999}, {""score"": ""0 - 0"", ""pct"": 9.99}]"
Jordan,Canada,Canada,0.885,1.798,18.3,23.4,58.2,16.9,3.4,4.2,58.9,7.7,8.9,24.5,75.5,"[{""score"": ""0 - 1"", ""pct"": 12.709999999999999}, {""score"": ""1 - 1"", ""pct"": 10.440000000000001}, {""score"": ""0 - 2"", ""pct"": 10.26}]"
Australia,Canada,Canada,1.079,1.336,29.5,29.1,41.4,29.5,5.1,6.9,42.2,7.0,9.4,41.4,58.6,"[{""score"": ""1 - 1"", ""pct"": 13.16}, {""score"": ""0 - 1"", ""pct"": 11.940000000000001}, {""score"": ""1 - 0"", ""pct"": 10.05}]"
Germany,Canada,Canada,1.105,1.26,31.7,28.6,39.7,30.6,5.4,8.2,40.2,6.5,9.1,44.2,55.8,"[{""score"": ""1 - 1"", ""pct"": 12.91}, {""score"": ""0 - 1"", ""pct"": 12.45}, {""score"": ""1 - 0"", ""pct"": 10.32}]"
Czech Republic,Canada,Canada,0.792,1.853,14.1,23.6,62.3,14.0,2.7,3.8,63.4,7.6,8.4,20.5,79.5,"[{""score"": ""0 - 1"", ""pct"": 13.88}, {""score"": ""0 - 2"", ""pct"": 11.55}, {""score"": ""1 - 1"", ""pct"": 10.86}]"
Saudi Arabia,Canada,Canada,0.739,1.861,13.2,23.1,63.7,13.9,2.7,3.4,64.1,7.5,8.5,19.9,80.1,"[{""score"": ""0 - 1"", ""pct"": 14.39}, {""score"": ""0 - 2"", ""pct"": 12.45}, {""score"": ""1 - 1"", ""pct"": 10.5}]"
Mexico,Canada,Canada,1.042,1.11,32.7,31.1,36.1,32.6,5.9,9.0,35.9,6.7,9.9,47.5,52.5,"[{""score"": ""1 - 1"", ""pct"": 13.99}, {""score"": ""0 - 1"", ""pct"": 12.65}, {""score"": ""0 - 0"", ""pct"": 12.43}]"
Argentina,Canada,Canada,1.311,0.849,47.2,29.9,22.9,47.6,7.6,10.2,23.2,4.3,7.2,65.3,34.7,"[{""score"": ""1 - 0"", ""pct"": 15.260000000000002}, {""score"": ""1 - 1"", ""pct"": 13.34}, {""score"": ""0 - 0"", ""pct"": 12.31}]"
New Zealand,Canada,Canada,0.768,1.947,12.9,21.5,65.5,12.5,2.5,3.4,65.5,7.4,8.8,18.4,81.6,"[{""score"": ""0 - 2"", ""pct"": 13.19}, {""score"": ""0 - 1"", ""pct"": 13.089999999999998}, {""score"": ""1 - 2"", ""pct"": 9.87}]"
Senegal,Canada,Canada,1.068,1.355,28.5,28.7,42.8,28.3,5.4,7.9,42.1,6.8,9.5,41.6,58.4,"[{""score"": ""1 - 1"", ""pct"": 13.03}, {""score"": ""0 - 1"", ""pct"": 12.389999999999999}, {""score"": ""0 - 0"", ""pct"": 9.64}]"
Sweden,Canada,Canada,0.732,1.968,11.9,20.9,67.2,11.6,2.5,2.9,67.9,7.2,7.8,17.1,82.9,"[{""score"": ""0 - 1"", ""pct"": 13.639999999999999}, {""score"": ""0 - 2"", ""pct"": 12.85}, {""score"": ""1 - 2"", ""pct"": 9.74}]"
Netherlands,Canada,Canada,1.108,1.185,32.5,30.0,37.5,32.8,5.8,8.9,36.8,6.6,9.2,47.4,52.6,"[{""score"": ""1 - 1"", ""pct"": 13.5}, {""score"": ""0 - 1"", ""pct"": 12.5}, {""score"": ""1 - 0"", ""pct"": 11.14}]"
Tunisia,Canada,Canada,0.761,1.752,14.1,24.1,61.8,14.7,3.2,4.3,60.9,7.6,9.3,22.2,77.8,"[{""score"": ""0 - 1"", ""pct"": 15.459999999999999}, {""score"": ""0 - 2"", ""pct"": 12.17}, {""score"": ""1 - 1"", ""pct"": 10.89}]"
Scotland,Canada,Canada,0.825,1.732,16.4,24.2,59.4,16.0,3.5,4.4,59.2,8.0,8.9,23.9,76.1,"[{""score"": ""0 - 1"", ""pct"": 14.280000000000001}, {""score"": ""0 - 2"", ""pct"": 11.52}, {""score"": ""1 - 1"", ""pct"": 10.979999999999999}]"
Colombia,Canada,Canada,1.227,1.176,36.6,29.0,34.4,36.2,6.2,8.8,34.4,6.1,8.2,51.3,48.7,"[{""score"": ""1 - 1"", ""pct"": 12.42}, {""score"": ""1 - 0"", ""pct"": 10.97}, {""score"": ""0 - 1"", ""pct"": 10.81}]"
Japan,Canada,Canada,1.147,1.106,36.1,30.1,33.7,36.8,5.9,9.0,33.9,6.0,8.3,51.7,48.3,"[{""score"": ""1 - 1"", ""pct"": 13.08}, {""score"": ""1 - 0"", ""pct"": 12.22}, {""score"": ""0 - 0"", ""pct"": 11.61}]"
France,Canada,Canada,1.233,1.139,37.5,29.2,33.3,37.9,6.5,8.8,32.5,6.0,8.2,53.2,46.8,"[{""score"": ""1 - 1"", ""pct"": 13.04}, {""score"": ""1 - 0"", ""pct"": 11.63}, {""score"": ""0 - 1"", ""pct"": 10.620000000000001}]"
Uzbekistan,Canada,Canada,0.867,1.442,21.0,28.3,50.7,21.6,3.9,6.7,50.2,7.4,10.2,32.2,67.8,"[{""score"": ""0 - 1"", ""pct"": 13.88}, {""score"": ""1 - 1"", ""pct"": 12.6}, {""score"": ""0 - 0"", ""pct"": 10.63}]"
Ecuador,Canada,Canada,1.057,1.124,33.3,30.3,36.3,32.3,6.1,9.0,36.6,6.1,9.8,47.4,52.6,"[{""score"": ""1 - 1"", ""pct"": 13.420000000000002}, {""score"": ""0 - 1"", ""pct"": 12.32}, {""score"": ""0 - 0"", ""pct"": 12.24}]"
Qatar,Canada,Canada,0.539,2.47,5.6,14.3,80.1,5.6,1.1,1.1,80.4,6.3,5.6,7.7,92.3,"[{""score"": ""0 - 2"", ""pct"": 15.129999999999999}, {""score"": ""0 - 1"", ""pct"": 12.950000000000001}, {""score"": ""0 - 3"", ""pct"": 12.09}]"
Ivory Coast,Canada,Canada,0.824,1.635,17.9,25.0,57.1,17.5,3.8,5.2,56.1,7.8,9.7,26.4,73.6,"[{""score"": ""0 - 1"", ""pct"": 14.399999999999999}, {""score"": ""1 - 1"", ""pct"": 11.29}, {""score"": ""0 - 2"", ""pct"": 11.17}]"
England,Canada,Canada,1.203,1.079,38.1,30.6,31.4,38.3,6.5,9.2,32.3,5.3,8.4,54.0,46.0,"[{""score"": ""1 - 1"", ""pct"": 13.52}, {""score"": ""1 - 0"", ""pct"": 12.09}, {""score"": ""0 - 0"", ""pct"": 11.559999999999999}]"
Cape Verde,Canada,Canada,0.654,2.096,9.2,19.4,71.4,9.6,2.0,2.5,71.7,6.7,7.5,14.1,85.9,"[{""score"": ""0 - 1"", ""pct"": 14.180000000000001}, {""score"": ""0 - 2"", ""pct"": 13.87}, {""score"": ""0 - 3"", ""pct"": 9.45}]"
Panama,Canada,Canada,0.969,1.527,22.4,27.0,50.6,23.2,4.6,6.0,49.2,7.6,9.4,33.8,66.2,"[{""score"": ""0 - 1"", ""pct"": 12.950000000000001}, {""score"": ""1 - 1"", ""pct"": 11.83}, {""score"": ""1 - 2"", ""pct"": 9.5}]"
Austria,Canada,Canada,0.907,1.589,20.2,26.1,53.6,20.5,3.9,5.2,52.8,7.8,9.7,29.6,70.4,"[{""score"": ""0 - 1"", ""pct"": 13.4}, {""score"": ""1 - 1"", ""pct"": 12.09}, {""score"": ""0 - 2"", ""pct"": 10.25}]"
Belgium,Canada,Canada,1.054,1.339,29.0,28.8,42.2,29.0,5.0,7.3,42.1,7.3,9.3,41.3,58.7,"[{""score"": ""1 - 1"", ""pct"": 12.7}, {""score"": ""0 - 1"", ""pct"": 12.02}, {""score"": ""0 - 0"", ""pct"": 10.26}]"
Egypt,Canada,Canada,0.799,1.602,17.5,25.5,57.0,18.0,3.4,4.9,56.6,7.3,9.8,26.3,73.7,"[{""score"": ""0 - 1"", ""pct"": 14.57}, {""score"": ""1 - 1"", ""pct"": 11.53}, {""score"": ""0 - 2"", ""pct"": 11.03}]"
Iraq,Canada,Canada,0.738,1.657,15.6,24.7,59.7,16.1,2.9,4.6,58.5,7.9,10.1,23.5,76.5,"[{""score"": ""0 - 1"", ""pct"": 15.440000000000001}, {""score"": ""0 - 2"", ""pct"": 11.92}, {""score"": ""1 - 1"", ""pct"": 10.47}]"
Switzerland,Canada,Canada,1.059,1.343,29.3,29.1,41.6,29.5,5.4,6.9,42.4,6.8,8.9,41.9,58.1,"[{""score"": ""1 - 1"", ""pct"": 13.719999999999999}, {""score"": ""0 - 1"", ""pct"": 11.86}, {""score"": ""1 - 0"", ""pct"": 9.85}]"
Brazil,Canada,Canada,1.287,1.18,37.6,28.8,33.5,37.9,6.3,8.5,33.3,5.8,8.2,52.7,47.3,"[{""score"": ""1 - 1"", ""pct"": 13.350000000000001}, {""score"": ""1 - 0"", ""pct"": 10.48}, {""score"": ""0 - 1"", ""pct"": 10.07}]"
United States,Canada,Canada,0.895,1.7,19.1,25.1,55.8,18.6,3.6,4.8,56.3,7.7,9.0,27.0,73.0,"[{""score"": ""0 - 1"", ""pct"": 13.58}, {""score"": ""1 - 1"", ""pct"": 10.82}, {""score"": ""0 - 2"", ""pct"": 10.190000000000001}]"
Ghana,Canada,Canada,0.594,2.087,8.8,19.0,72.3,8.1,1.8,2.4,72.8,6.8,8.1,12.3,87.7,"[{""score"": ""0 - 2"", ""pct"": 15.110000000000001}, {""score"": ""0 - 1"", ""pct"": 14.35}, {""score"": ""0 - 3"", ""pct"": 9.67}]"
Uruguay,Canada,Canada,1.041,1.231,30.7,28.0,41.3,30.1,5.6,8.5,39.5,6.4,9.9,44.2,55.8,"[{""score"": ""0 - 1"", ""pct"": 12.75}, {""score"": ""1 - 1"", ""pct"": 12.5}, {""score"": ""0 - 0"", ""pct"": 10.51}]"
Portugal,Canada,Canada,1.209,1.161,36.5,29.4,34.1,37.0,6.4,9.0,33.3,5.9,8.4,52.4,47.6,"[{""score"": ""1 - 1"", ""pct"": 13.69}, {""score"": ""1 - 0"", ""pct"": 11.12}, {""score"": ""0 - 1"", ""pct"": 10.81}]"
Algeria,Canada,Canada,1.069,1.271,30.1,29.5,40.3,30.6,5.1,8.0,40.2,6.8,9.3,43.7,56.3,"[{""score"": ""1 - 1"", ""pct"": 12.950000000000001}, {""score"": ""0 - 1"", ""pct"": 12.19}, {""score"": ""0 - 0"", ""pct"": 11.04}]"
Spain,Canada,Canada,1.377,0.835,50.0,28.1,21.9,49.2,7.7,10.8,21.3,4.4,6.6,67.7,32.3,"[{""score"": ""1 - 0"", ""pct"": 15.740000000000002}, {""score"": ""1 - 1"", ""pct"": 11.82}, {""score"": ""0 - 0"", ""pct"": 11.469999999999999}]"
Bosnia and Herzegovina,Canada,Canada,0.565,2.217,6.9,17.1,76.0,6.9,1.5,1.7,75.8,6.6,7.5,10.2,89.8,"[{""score"": ""0 - 2"", ""pct"": 14.96}, {""score"": ""0 - 1"", ""pct"": 14.180000000000001}, {""score"": ""0 - 3"", ""pct"": 10.67}]"
South Africa,Canada,Canada,0.631,2.008,9.6,20.0,70.4,9.5,1.7,2.4,71.1,7.2,8.0,13.6,86.4,"[{""score"": ""0 - 1"", ""pct"": 14.879999999999999}, {""score"": ""0 - 2"", ""pct"": 14.05}, {""score"": ""0 - 3"", ""pct"": 9.520000000000001}]"
DR Congo,Canada,Canada,0.759,1.616,16.8,25.6,57.6,15.5,3.1,4.8,58.7,7.8,10.1,23.4,76.6,"[{""score"": ""0 - 1"", ""pct"": 15.53}, {""score"": ""0 - 2"", ""pct"": 11.99}, {""score"": ""1 - 1"", ""pct"": 11.19}]"
Croatia,Canada,Canada,1.098,1.346,29.9,28.5,41.6,30.2,5.5,7.4,40.8,6.9,9.1,43.2,56.8,"[{""score"": ""1 - 1"", ""pct"": 12.75}, {""score"": ""0 - 1"", ""pct"": 11.99}, {""score"": ""0 - 0"", ""pct"": 9.86}]"
Norway,Canada,Canada,1.078,1.324,29.1,28.1,42.8,29.4,5.2,7.4,42.0,7.1,8.9,42.0,58.0,"[{""score"": ""1 - 1"", ""pct"": 12.690000000000001}, {""score"": ""0 - 1"", ""pct"": 12.1}, {""score"": ""0 - 0"", ""pct"": 10.09}]"
Turkey,Canada,Canada,1.053,1.332,28.5,28.3,43.2,28.5,5.1,7.1,43.3,6.5,9.5,40.7,59.3,"[{""score"": ""1 - 1"", ""pct"": 13.0}, {""score"": ""0 - 1"", ""pct"": 12.26}, {""score"": ""0 - 0"", ""pct"": 10.01}]"
Morocco,Canada,Canada,1.099,1.125,33.6,31.0,35.4,33.4,6.4,9.4,35.4,6.2,9.3,49.1,50.9,"[{""score"": ""1 - 1"", ""pct"": 13.88}, {""score"": ""0 - 1"", ""pct"": 12.49}, {""score"": ""0 - 0"", ""pct"": 12.030000000000001}]"
Haiti,Canada,Canada,0.784,1.899,14.4,22.2,63.4,13.9,2.7,3.4,63.4,7.4,9.2,20.0,80.0,"[{""score"": ""0 - 1"", ""pct"": 13.170000000000002}, {""score"": ""0 - 2"", ""pct"": 11.97}, {""score"": ""1 - 1"", ""pct"": 10.4}]"
South Korea,Canada,Canada,1.078,1.36,28.4,28.4,43.2,29.1,5.3,7.0,42.8,6.7,9.0,41.5,58.5,"[{""score"": ""1 - 1"", ""pct"": 12.950000000000001}, {""score"": ""0 - 1"", ""pct"": 11.91}, {""score"": ""0 - 0"", ""pct"": 9.51}]"
Curaçao,Canada,Canada,0.592,2.258,6.9,17.5,75.6,7.3,1.4,1.8,76.2,6.3,6.9,10.6,89.4,"[{""score"": ""0 - 2"", ""pct"": 14.71}, {""score"": ""0 - 1"", ""pct"": 13.43}, {""score"": ""0 - 3"", ""pct"": 10.58}]"
Paraguay,Canada,Canada,1.027,1.361,25.9,29.5,44.6,27.7,5.0,7.0,44.4,6.7,9.3,39.7,60.3,"[{""score"": ""1 - 1"", ""pct"": 13.309999999999999}, {""score"": ""0 - 1"", ""pct"": 12.690000000000001}, {""score"": ""0 - 0"", ""pct"": 10.37}]"
Iran,Canada,Canada,1.074,1.294,29.5,29.6,40.9,29.2,5.7,7.5,41.5,6.8,9.3,42.4,57.6,"[{""score"": ""1 - 1"", ""pct"": 13.5}, {""score"": ""0 - 1"", ""pct"": 12.0}, {""score"": ""0 - 0"", ""pct"": 10.82}]"
